{"op_code":0,"worker_id":"9c373109-817a-42de-9d93-65719db93261-8316722560","study_name":"SI_bc","directions":[2]}
{"op_code":4,"worker_id":"9c373109-817a-42de-9d93-65719db93261-8316722560","study_id":0,"datetime_start":null,"state":4,"value":null,"values":null,"distributions":{},"params":{},"user_attrs":{"incumbent":true},"system_attrs":{"fixed_params":{"lr":0.001,"hidden":128,"clone_batch":512,"clone_weight_decay":0.0,"clone_class_power":1.0,"clone_label_smoothing":0.0,"clone_patience":10}},"intermediate_values":{}}
{"op_code":6,"worker_id":"9c373109-817a-42de-9d93-65719db93261-8316722560","trial_id":0,"state":0,"values":null,"datetime_start":"2026-10-08T03:28:11.799934"}
{"op_code":5,"worker_id":"9c373109-817a-42de-9d93-65719db93261-8316722560","trial_id":0,"param_name":"lr","param_value_internal":0.001,"distribution":"{\"name\": \"FloatDistribution\", \"attributes\": {\"step\": null, \"low\": 0.0001, \"high\": 0.01, \"log\": true}}"}
{"op_code":5,"worker_id":"9c373109-817a-42de-9d93-65719db93261-8316722560","trial_id":0,"param_name":"hidden","param_value_internal":1,"distribution":"{\"name\": \"CategoricalDistribution\", \"attributes\": {\"choices\": [64, 128, 256]}}"}
{"op_code":5,"worker_id":"9c373109-817a-42de-9d93-65719db93261-8316722560","trial_id":0,"param_name":"clone_batch","param_value_internal":2,"distribution":"{\"name\": \"CategoricalDistribution\", \"attributes\": {\"choices\": [128, 256, 512, 1024, 2048]}}"}
{"op_code":5,"worker_id":"9c373109-817a-42de-9d93-65719db93261-8316722560","trial_id":0,"param_name":"clone_weight_decay","param_value_internal":0,"distribution":"{\"name\": \"CategoricalDistribution\", \"attributes\": {\"choices\": [0.0, 1e-06, 1e-05, 0.0001, 0.001]}}"}
{"op_code":5,"worker_id":"9c373109-817a-42de-9d93-65719db93261-8316722560","trial_id":0,"param_name":"clone_class_power","param_value_internal":1.0,"distribution":"{\"name\": \"FloatDistribution\", \"attributes\": {\"step\": null, \"low\": 0.0, \"high\": 1.0, \"log\": false}}"}
{"op_code":5,"worker_id":"9c373109-817a-42de-9d93-65719db93261-8316722560","trial_id":0,"param_name":"clone_label_smoothing","param_value_internal":0,"distribution":"{\"name\": \"CategoricalDistribution\", \"attributes\": {\"choices\": [0.0, 0.05, 0.1]}}"}
{"op_code":5,"worker_id":"9c373109-817a-42de-9d93-65719db93261-8316722560","trial_id":0,"param_name":"clone_patience","param_value_internal":1,"distribution":"{\"name\": \"CategoricalDistribution\", \"attributes\": {\"choices\": [5, 10, 20]}}"}
{"op_code":8,"worker_id":"9c373109-817a-42de-9d93-65719db93261-8316722560","trial_id":0,"user_attr":{"tag":"cae2eba3925f1"}}
{"op_code":8,"worker_id":"9c373109-817a-42de-9d93-65719db93261-8316722560","trial_id":0,"user_attr":{"overrides":{"lr":0.001,"hidden":128,"clone_batch":512,"clone_weight_decay":0.0,"clone_class_power":1.0,"clone_label_smoothing":0.0,"clone_patience":10}}}
{"op_code":4,"worker_id":"9c373109-817a-42de-9d93-65719db93261-8316722560","study_id":0,"datetime_start":"2026-10-08T03:28:11.802803"}
{"op_code":5,"worker_id":"9c373109-817a-42de-9d93-65719db93261-8316722560","trial_id":1,"param_name":"lr","param_value_internal":0.0012520653814999472,"distribution":"{\"name\": \"FloatDistribution\", \"attributes\": {\"step\": null, \"low\": 0.0001, \"high\": 0.01, \"log\": true}}"}
{"op_code":5,"worker_id":"9c373109-817a-42de-9d93-65719db93261-8316722560","trial_id":1,"param_name":"hidden","param_value_internal":0,"distribution":"{\"name\": \"CategoricalDistribution\", \"attributes\": {\"choices\": [64, 128, 256]}}"}
{"op_code":5,"worker_id":"9c373109-817a-42de-9d93-65719db93261-8316722560","trial_id":1,"param_name":"clone_batch","param_value_internal":4,"distribution":"{\"name\": \"CategoricalDistribution\", \"attributes\": {\"choices\": [128, 256, 512, 1024, 2048]}}"}
{"op_code":5,"worker_id":"9c373109-817a-42de-9d93-65719db93261-8316722560","trial_id":1,"param_name":"clone_weight_decay","param_value_internal":4,"distribution":"{\"name\": \"CategoricalDistribution\", \"attributes\": {\"choices\": [0.0, 1e-06, 1e-05, 0.0001, 0.001]}}"}
{"op_code":5,"worker_id":"9c373109-817a-42de-9d93-65719db93261-8316722560","trial_id":1,"param_name":"clone_class_power","param_value_internal":0.07103605819788694,"distribution":"{\"name\": \"FloatDistribution\", \"attributes\": {\"step\": null, \"low\": 0.0, \"high\": 1.0, \"log\": false}}"}
{"op_code":5,"worker_id":"9c373109-817a-42de-9d93-65719db93261-8316722560","trial_id":1,"param_name":"clone_label_smoothing","param_value_internal":2,"distribution":"{\"name\": \"CategoricalDistribution\", \"attributes\": {\"choices\": [0.0, 0.05, 0.1]}}"}
{"op_code":5,"worker_id":"9c373109-817a-42de-9d93-65719db93261-8316722560","trial_id":1,"param_name":"clone_patience","param_value_internal":2,"distribution":"{\"name\": \"CategoricalDistribution\", \"attributes\": {\"choices\": [5, 10, 20]}}"}
{"op_code":8,"worker_id":"9c373109-817a-42de-9d93-65719db93261-8316722560","trial_id":1,"user_attr":{"tag":"c7a6376b0b2ca"}}
{"op_code":8,"worker_id":"9c373109-817a-42de-9d93-65719db93261-8316722560","trial_id":1,"user_attr":{"overrides":{"lr":0.0012520653814999472,"hidden":64,"clone_batch":2048,"clone_weight_decay":0.001,"clone_class_power":0.07103605819788694,"clone_label_smoothing":0.1,"clone_patience":20}}}
{"op_code":4,"worker_id":"9c373109-817a-42de-9d93-65719db93261-8316722560","study_id":0,"datetime_start":"2026-10-08T03:28:11.805633"}
{"op_code":5,"worker_id":"9c373109-817a-42de-9d93-65719db93261-8316722560","trial_id":2,"param_name":"lr","param_value_internal":0.00396567508177101,"distribution":"{\"name\": \"FloatDistribution\", \"attributes\": {\"step\": null, \"low\": 0.0001, \"high\": 0.01, \"log\": true}}"}
{"op_code":5,"worker_id":"9c373109-817a-42de-9d93-65719db93261-8316722560","trial_id":2,"param_name":"hidden","param_value_internal":1,"distribution":"{\"name\": \"CategoricalDistribution\", \"attributes\": {\"choices\": [64, 128, 256]}}"}
{"op_code":5,"worker_id":"9c373109-817a-42de-9d93-65719db93261-8316722560","trial_id":2,"param_name":"clone_batch","param_value_internal":2,"distribution":"{\"name\": \"CategoricalDistribution\", \"attributes\": {\"choices\": [128, 256, 512, 1024, 2048]}}"}
{"op_code":5,"worker_id":"9c373109-817a-42de-9d93-65719db93261-8316722560","trial_id":2,"param_name":"clone_weight_decay","param_value_internal":1,"distribution":"{\"name\": \"CategoricalDistribution\", \"attributes\": {\"choices\": [0.0, 1e-06, 1e-05, 0.0001, 0.001]}}"}
{"op_code":5,"worker_id":"9c373109-817a-42de-9d93-65719db93261-8316722560","trial_id":2,"param_name":"clone_class_power","param_value_internal":0.6176354970758771,"distribution":"{\"name\": \"FloatDistribution\", \"attributes\": {\"step\": null, \"low\": 0.0, \"high\": 1.0, \"log\": false}}"}
{"op_code":5,"worker_id":"9c373109-817a-42de-9d93-65719db93261-8316722560","trial_id":2,"param_name":"clone_label_smoothing","param_value_internal":2,"distribution":"{\"name\": \"CategoricalDistribution\", \"attributes\": {\"choices\": [0.0, 0.05, 0.1]}}"}
{"op_code":5,"worker_id":"9c373109-817a-42de-9d93-65719db93261-8316722560","trial_id":2,"param_name":"clone_patience","param_value_internal":0,"distribution":"{\"name\": \"CategoricalDistribution\", \"attributes\": {\"choices\": [5, 10, 20]}}"}
{"op_code":8,"worker_id":"9c373109-817a-42de-9d93-65719db93261-8316722560","trial_id":2,"user_attr":{"tag":"ca1176f210940"}}
{"op_code":8,"worker_id":"9c373109-817a-42de-9d93-65719db93261-8316722560","trial_id":2,"user_attr":{"overrides":{"lr":0.00396567508177101,"hidden":128,"clone_batch":512,"clone_weight_decay":1e-06,"clone_class_power":0.6176354970758771,"clone_label_smoothing":0.1,"clone_patience":5}}}
{"op_code":4,"worker_id":"9c373109-817a-42de-9d93-65719db93261-8316722560","study_id":0,"datetime_start":"2026-10-08T03:28:11.808204"}
{"op_code":5,"worker_id":"9c373109-817a-42de-9d93-65719db93261-8316722560","trial_id":3,"param_name":"lr","param_value_internal":0.00248463381689824,"distribution":"{\"name\": \"FloatDistribution\", \"attributes\": {\"step\": null, \"low\": 0.0001, \"high\": 0.01, \"log\": true}}"}
{"op_code":5,"worker_id":"9c373109-817a-42de-9d93-65719db93261-8316722560","trial_id":3,"param_name":"hidden","param_value_internal":2,"distribution":"{\"name\": \"CategoricalDistribution\", \"attributes\": {\"choices\": [64, 128, 256]}}"}
{"op_code":5,"worker_id":"9c373109-817a-42de-9d93-65719db93261-8316722560","trial_id":3,"param_name":"clone_batch","param_value_internal":4,"distribution":"{\"name\": \"CategoricalDistribution\", \"attributes\": {\"choices\": [128, 256, 512, 1024, 2048]}}"}
{"op_code":5,"worker_id":"9c373109-817a-42de-9d93-65719db93261-8316722560","trial_id":3,"param_name":"clone_weight_decay","param_value_internal":1,"distribution":"{\"name\": \"CategoricalDistribution\", \"attributes\": {\"choices\": [0.0, 1e-06, 1e-05, 0.0001, 0.001]}}"}
{"op_code":5,"worker_id":"9c373109-817a-42de-9d93-65719db93261-8316722560","trial_id":3,"param_name":"clone_class_power","param_value_internal":0.6531083254653984,"distribution":"{\"name\": \"FloatDistribution\", \"attributes\": {\"step\": null, \"low\": 0.0, \"high\": 1.0, \"log\": false}}"}
{"op_code":5,"worker_id":"9c373109-817a-42de-9d93-65719db93261-8316722560","trial_id":3,"param_name":"clone_label_smoothing","param_value_internal":1,"distribution":"{\"name\": \"CategoricalDistribution\", \"attributes\": {\"choices\": [0.0, 0.05, 0.1]}}"}
{"op_code":5,"worker_id":"9c373109-817a-42de-9d93-65719db93261-8316722560","trial_id":3,"param_name":"clone_patience","param_value_internal":2,"distribution":"{\"name\": \"CategoricalDistribution\", \"attributes\": {\"choices\": [5, 10, 20]}}"}
{"op_code":8,"worker_id":"9c373109-817a-42de-9d93-65719db93261-8316722560","trial_id":3,"user_attr":{"tag":"c8c1ebb6a13f8"}}
{"op_code":8,"worker_id":"9c373109-817a-42de-9d93-65719db93261-8316722560","trial_id":3,"user_attr":{"overrides":{"lr":0.00248463381689824,"hidden":256,"clone_batch":2048,"clone_weight_decay":1e-06,"clone_class_power":0.6531083254653984,"clone_label_smoothing":0.05,"clone_patience":20}}}
{"op_code":4,"worker_id":"9c373109-817a-42de-9d93-65719db93261-8316722560","study_id":0,"datetime_start":"2026-10-08T03:28:11.810760"}
{"op_code":5,"worker_id":"9c373109-817a-42de-9d93-65719db93261-8316722560","trial_id":4,"param_name":"lr","param_value_internal":0.00018895826938026032,"distribution":"{\"name\": \"FloatDistribution\", \"attributes\": {\"step\": null, \"low\": 0.0001, \"high\": 0.01, \"log\": true}}"}
{"op_code":5,"worker_id":"9c373109-817a-42de-9d93-65719db93261-8316722560","trial_id":4,"param_name":"hidden","param_value_internal":2,"distribution":"{\"name\": \"CategoricalDistribution\", \"attributes\": {\"choices\": [64, 128, 256]}}"}
{"op_code":5,"worker_id":"9c373109-817a-42de-9d93-65719db93261-8316722560","trial_id":4,"param_name":"clone_batch","param_value_internal":3,"distribution":"{\"name\": \"CategoricalDistribution\", \"attributes\": {\"choices\": [128, 256, 512, 1024, 2048]}}"}
{"op_code":5,"worker_id":"9c373109-817a-42de-9d93-65719db93261-8316722560","trial_id":4,"param_name":"clone_weight_decay","param_value_internal":0,"distribution":"{\"name\": \"CategoricalDistribution\", \"attributes\": {\"choices\": [0.0, 1e-06, 1e-05, 0.0001, 0.001]}}"}
{"op_code":5,"worker_id":"9c373109-817a-42de-9d93-65719db93261-8316722560","trial_id":4,"param_name":"clone_class_power","param_value_internal":0.1201965612131689,"distribution":"{\"name\": \"FloatDistribution\", \"attributes\": {\"step\": null, \"low\": 0.0, \"high\": 1.0, \"log\": false}}"}
{"op_code":5,"worker_id":"9c373109-817a-42de-9d93-65719db93261-8316722560","trial_id":4,"param_name":"clone_label_smoothing","param_value_internal":2,"distribution":"{\"name\": \"CategoricalDistribution\", \"attributes\": {\"choices\": [0.0, 0.05, 0.1]}}"}
{"op_code":5,"worker_id":"9c373109-817a-42de-9d93-65719db93261-8316722560","trial_id":4,"param_name":"clone_patience","param_value_internal":2,"distribution":"{\"name\": \"CategoricalDistribution\", \"attributes\": {\"choices\": [5, 10, 20]}}"}
{"op_code":8,"worker_id":"9c373109-817a-42de-9d93-65719db93261-8316722560","trial_id":4,"user_attr":{"tag":"c1b9aac12f7b8"}}
{"op_code":8,"worker_id":"9c373109-817a-42de-9d93-65719db93261-8316722560","trial_id":4,"user_attr":{"overrides":{"lr":0.00018895826938026032,"hidden":256,"clone_batch":1024,"clone_weight_decay":0.0,"clone_class_power":0.1201965612131689,"clone_label_smoothing":0.1,"clone_patience":20}}}
{"op_code":4,"worker_id":"9c373109-817a-42de-9d93-65719db93261-8316722560","study_id":0,"datetime_start":"2026-10-08T03:28:11.813361"}
{"op_code":5,"worker_id":"9c373109-817a-42de-9d93-65719db93261-8316722560","trial_id":5,"param_name":"lr","param_value_internal":0.0013589482177682008,"distribution":"{\"name\": \"FloatDistribution\", \"attributes\": {\"step\": null, \"low\": 0.0001, \"high\": 0.01, \"log\": true}}"}
{"op_code":5,"worker_id":"9c373109-817a-42de-9d93-65719db93261-8316722560","trial_id":5,"param_name":"hidden","param_value_internal":1,"distribution":"{\"name\": \"CategoricalDistribution\", \"attributes\": {\"choices\": [64, 128, 256]}}"}
{"op_code":5,"worker_id":"9c373109-817a-42de-9d93-65719db93261-8316722560","trial_id":5,"param_name":"clone_batch","param_value_internal":1,"distribution":"{\"name\": \"CategoricalDistribution\", \"attributes\": {\"choices\": [128, 256, 512, 1024, 2048]}}"}
{"op_code":5,"worker_id":"9c373109-817a-42de-9d93-65719db93261-8316722560","trial_id":5,"param_name":"clone_weight_decay","param_value_internal":0,"distribution":"{\"name\": \"CategoricalDistribution\", \"attributes\": {\"choices\": [0.0, 1e-06, 1e-05, 0.0001, 0.001]}}"}
{"op_code":5,"worker_id":"9c373109-817a-42de-9d93-65719db93261-8316722560","trial_id":5,"param_name":"clone_class_power","param_value_internal":0.8289400292173631,"distribution":"{\"name\": \"FloatDistribution\", \"attributes\": {\"step\": null, \"low\": 0.0, \"high\": 1.0, \"log\": false}}"}
{"op_code":5,"worker_id":"9c373109-817a-42de-9d93-65719db93261-8316722560","trial_id":5,"param_name":"clone_label_smoothing","param_value_internal":1,"distribution":"{\"name\": \"CategoricalDistribution\", \"attributes\": {\"choices\": [0.0, 0.05, 0.1]}}"}
{"op_code":5,"worker_id":"9c373109-817a-42de-9d93-65719db93261-8316722560","trial_id":5,"param_name":"clone_patience","param_value_internal":1,"distribution":"{\"name\": \"CategoricalDistribution\", \"attributes\": {\"choices\": [5, 10, 20]}}"}
{"op_code":8,"worker_id":"9c373109-817a-42de-9d93-65719db93261-8316722560","trial_id":5,"user_attr":{"tag":"cf4fac2130b29"}}
{"op_code":8,"worker_id":"9c373109-817a-42de-9d93-65719db93261-8316722560","trial_id":5,"user_attr":{"overrides":{"lr":0.0013589482177682008,"hidden":128,"clone_batch":256,"clone_weight_decay":0.0,"clone_class_power":0.8289400292173631,"clone_label_smoothing":0.05,"clone_patience":10}}}
{"op_code":4,"worker_id":"9c373109-817a-42de-9d93-65719db93261-8316722560","study_id":0,"datetime_start":"2026-10-08T03:28:11.816445"}
{"op_code":5,"worker_id":"9c373109-817a-42de-9d93-65719db93261-8316722560","trial_id":6,"param_name":"lr","param_value_internal":0.0014200860749035516,"distribution":"{\"name\": \"FloatDistribution\", \"attributes\": {\"step\": null, \"low\": 0.0001, \"high\": 0.01, \"log\": true}}"}
{"op_code":5,"worker_id":"9c373109-817a-42de-9d93-65719db93261-8316722560","trial_id":6,"param_name":"hidden","param_value_internal":0,"distribution":"{\"name\": \"CategoricalDistribution\", \"attributes\": {\"choices\": [64, 128, 256]}}"}
{"op_code":5,"worker_id":"9c373109-817a-42de-9d93-65719db93261-8316722560","trial_id":6,"param_name":"clone_batch","param_value_internal":0,"distribution":"{\"name\": \"CategoricalDistribution\", \"attributes\": {\"choices\": [128, 256, 512, 1024, 2048]}}"}
{"op_code":5,"worker_id":"9c373109-817a-42de-9d93-65719db93261-8316722560","trial_id":6,"param_name":"clone_weight_decay","param_value_internal":4,"distribution":"{\"name\": \"CategoricalDistribution\", \"attributes\": {\"choices\": [0.0, 1e-06, 1e-05, 0.0001, 0.001]}}"}
{"op_code":5,"worker_id":"9c373109-817a-42de-9d93-65719db93261-8316722560","trial_id":6,"param_name":"clone_class_power","param_value_internal":0.6925315900777659,"distribution":"{\"name\": \"FloatDistribution\", \"attributes\": {\"step\": null, \"low\": 0.0, \"high\": 1.0, \"log\": false}}"}
{"op_code":5,"worker_id":"9c373109-817a-42de-9d93-65719db93261-8316722560","trial_id":6,"param_name":"clone_label_smoothing","param_value_internal":2,"distribution":"{\"name\": \"CategoricalDistribution\", \"attributes\": {\"choices\": [0.0, 0.05, 0.1]}}"}
{"op_code":5,"worker_id":"9c373109-817a-42de-9d93-65719db93261-8316722560","trial_id":6,"param_name":"clone_patience","param_value_internal":0,"distribution":"{\"name\": \"CategoricalDistribution\", \"attributes\": {\"choices\": [5, 10, 20]}}"}
{"op_code":8,"worker_id":"9c373109-817a-42de-9d93-65719db93261-8316722560","trial_id":6,"user_attr":{"tag":"cfd72c2cfbd5d"}}
{"op_code":8,"worker_id":"9c373109-817a-42de-9d93-65719db93261-8316722560","trial_id":6,"user_attr":{"overrides":{"lr":0.0014200860749035516,"hidden":64,"clone_batch":128,"clone_weight_decay":0.001,"clone_class_power":0.6925315900777659,"clone_label_smoothing":0.1,"clone_patience":5}}}
{"op_code":4,"worker_id":"9c373109-817a-42de-9d93-65719db93261-8316722560","study_id":0,"datetime_start":"2026-10-08T03:28:11.820192"}
{"op_code":5,"worker_id":"9c373109-817a-42de-9d93-65719db93261-8316722560","trial_id":7,"param_name":"lr","param_value_internal":0.00010924118351371684,"distribution":"{\"name\": \"FloatDistribution\", \"attributes\": {\"step\": null, \"low\": 0.0001, \"high\": 0.01, \"log\": true}}"}
{"op_code":5,"worker_id":"9c373109-817a-42de-9d93-65719db93261-8316722560","trial_id":7,"param_name":"hidden","param_value_internal":1,"distribution":"{\"name\": \"CategoricalDistribution\", \"attributes\": {\"choices\": [64, 128, 256]}}"}
{"op_code":5,"worker_id":"9c373109-817a-42de-9d93-65719db93261-8316722560","trial_id":7,"param_name":"clone_batch","param_value_internal":0,"distribution":"{\"name\": \"CategoricalDistribution\", \"attributes\": {\"choices\": [128, 256, 512, 1024, 2048]}}"}
{"op_code":5,"worker_id":"9c373109-817a-42de-9d93-65719db93261-8316722560","trial_id":7,"param_name":"clone_weight_decay","param_value_internal":2,"distribution":"{\"name\": \"CategoricalDistribution\", \"attributes\": {\"choices\": [0.0, 1e-06, 1e-05, 0.0001, 0.001]}}"}
{"op_code":5,"worker_id":"9c373109-817a-42de-9d93-65719db93261-8316722560","trial_id":7,"param_name":"clone_class_power","param_value_internal":0.896546595851063,"distribution":"{\"name\": \"FloatDistribution\", \"attributes\": {\"step\": null, \"low\": 0.0, \"high\": 1.0, \"log\": false}}"}
{"op_code":5,"worker_id":"9c373109-817a-42de-9d93-65719db93261-8316722560","trial_id":7,"param_name":"clone_label_smoothing","param_value_internal":2,"distribution":"{\"name\": \"CategoricalDistribution\", \"attributes\": {\"choices\": [0.0, 0.05, 0.1]}}"}
{"op_code":5,"worker_id":"9c373109-817a-42de-9d93-65719db93261-8316722560","trial_id":7,"param_name":"clone_patience","param_value_internal":0,"distribution":"{\"name\": \"CategoricalDistribution\", \"attributes\": {\"choices\": [5, 10, 20]}}"}
{"op_code":8,"worker_id":"9c373109-817a-42de-9d93-65719db93261-8316722560","trial_id":7,"user_attr":{"tag":"c15ab28ed3093"}}
{"op_code":8,"worker_id":"9c373109-817a-42de-9d93-65719db93261-8316722560","trial_id":7,"user_attr":{"overrides":{"lr":0.00010924118351371684,"hidden":128,"clone_batch":128,"clone_weight_decay":1e-05,"clone_class_power":0.896546595851063,"clone_label_smoothing":0.1,"clone_patience":5}}}
{"op_code":4,"worker_id":"9c373109-817a-42de-9d93-65719db93261-8316722560","study_id":0,"datetime_start":"2026-10-08T03:28:11.822821"}
{"op_code":5,"worker_id":"9c373109-817a-42de-9d93-65719db93261-8316722560","trial_id":8,"param_name":"lr","param_value_internal":0.0069018454085371375,"distribution":"{\"name\": \"FloatDistribution\", \"attributes\": {\"step\": null, \"low\": 0.0001, \"high\": 0.01, \"log\": true}}"}
{"op_code":5,"worker_id":"9c373109-817a-42de-9d93-65719db93261-8316722560","trial_id":8,"param_name":"hidden","param_value_internal":1,"distribution":"{\"name\": \"CategoricalDistribution\", \"attributes\": {\"choices\": [64, 128, 256]}}"}
{"op_code":5,"worker_id":"9c373109-817a-42de-9d93-65719db93261-8316722560","trial_id":8,"param_name":"clone_batch","param_value_internal":0,"distribution":"{\"name\": \"CategoricalDistribution\", \"attributes\": {\"choices\": [128, 256, 512, 1024, 2048]}}"}
{"op_code":5,"worker_id":"9c373109-817a-42de-9d93-65719db93261-8316722560","trial_id":8,"param_name":"clone_weight_decay","param_value_internal":0,"distribution":"{\"name\": \"CategoricalDistribution\", \"attributes\": {\"choices\": [0.0, 1e-06, 1e-05, 0.0001, 0.001]}}"}
{"op_code":5,"worker_id":"9c373109-817a-42de-9d93-65719db93261-8316722560","trial_id":8,"param_name":"clone_class_power","param_value_internal":0.45354268267806885,"distribution":"{\"name\": \"FloatDistribution\", \"attributes\": {\"step\": null, \"low\": 0.0, \"high\": 1.0, \"log\": false}}"}
{"op_code":5,"worker_id":"9c373109-817a-42de-9d93-65719db93261-8316722560","trial_id":8,"param_name":"clone_label_smoothing","param_value_internal":2,"distribution":"{\"name\": \"CategoricalDistribution\", \"attributes\": {\"choices\": [0.0, 0.05, 0.1]}}"}
{"op_code":5,"worker_id":"9c373109-817a-42de-9d93-65719db93261-8316722560","trial_id":8,"param_name":"clone_patience","param_value_internal":0,"distribution":"{\"name\": \"CategoricalDistribution\", \"attributes\": {\"choices\": [5, 10, 20]}}"}
{"op_code":8,"worker_id":"9c373109-817a-42de-9d93-65719db93261-8316722560","trial_id":8,"user_attr":{"tag":"c8fb176e471e8"}}
{"op_code":8,"worker_id":"9c373109-817a-42de-9d93-65719db93261-8316722560","trial_id":8,"user_attr":{"overrides":{"lr":0.0069018454085371375,"hidden":128,"clone_batch":128,"clone_weight_decay":0.0,"clone_class_power":0.45354268267806885,"clone_label_smoothing":0.1,"clone_patience":5}}}
{"op_code":4,"worker_id":"9c373109-817a-42de-9d93-65719db93261-8316722560","study_id":0,"datetime_start":"2026-10-08T03:28:11.825186"}
{"op_code":5,"worker_id":"9c373109-817a-42de-9d93-65719db93261-8316722560","trial_id":9,"param_name":"lr","param_value_internal":0.002883906161101797,"distribution":"{\"name\": \"FloatDistribution\", \"attributes\": {\"step\": null, \"low\": 0.0001, \"high\": 0.01, \"log\": true}}"}
{"op_code":5,"worker_id":"9c373109-817a-42de-9d93-65719db93261-8316722560","trial_id":9,"param_name":"hidden","param_value_internal":1,"distribution":"{\"name\": \"CategoricalDistribution\", \"attributes\": {\"choices\": [64, 128, 256]}}"}
{"op_code":5,"worker_id":"9c373109-817a-42de-9d93-65719db93261-8316722560","trial_id":9,"param_name":"clone_batch","param_value_internal":2,"distribution":"{\"name\": \"CategoricalDistribution\", \"attributes\": {\"choices\": [128, 256, 512, 1024, 2048]}}"}
{"op_code":5,"worker_id":"9c373109-817a-42de-9d93-65719db93261-8316722560","trial_id":9,"param_name":"clone_weight_decay","param_value_internal":0,"distribution":"{\"name\": \"CategoricalDistribution\", \"attributes\": {\"choices\": [0.0, 1e-06, 1e-05, 0.0001, 0.001]}}"}
{"op_code":5,"worker_id":"9c373109-817a-42de-9d93-65719db93261-8316722560","trial_id":9,"param_name":"clone_class_power","param_value_internal":0.5772285886041676,"distribution":"{\"name\": \"FloatDistribution\", \"attributes\": {\"step\": null, \"low\": 0.0, \"high\": 1.0, \"log\": false}}"}
{"op_code":5,"worker_id":"9c373109-817a-42de-9d93-65719db93261-8316722560","trial_id":9,"param_name":"clone_label_smoothing","param_value_internal":1,"distribution":"{\"name\": \"CategoricalDistribution\", \"attributes\": {\"choices\": [0.0, 0.05, 0.1]}}"}
{"op_code":5,"worker_id":"9c373109-817a-42de-9d93-65719db93261-8316722560","trial_id":9,"param_name":"clone_patience","param_value_internal":2,"distribution":"{\"name\": \"CategoricalDistribution\", \"attributes\": {\"choices\": [5, 10, 20]}}"}
{"op_code":8,"worker_id":"9c373109-817a-42de-9d93-65719db93261-8316722560","trial_id":9,"user_attr":{"tag":"cfc15de1b1e20"}}
{"op_code":8,"worker_id":"9c373109-817a-42de-9d93-65719db93261-8316722560","trial_id":9,"user_attr":{"overrides":{"lr":0.002883906161101797,"hidden":128,"clone_batch":512,"clone_weight_decay":0.0,"clone_class_power":0.5772285886041676,"clone_label_smoothing":0.05,"clone_patience":20}}}
{"op_code":4,"worker_id":"9c373109-817a-42de-9d93-65719db93261-8316722560","study_id":0,"datetime_start":"2026-10-08T03:28:11.827680"}
{"op_code":5,"worker_id":"9c373109-817a-42de-9d93-65719db93261-8316722560","trial_id":10,"param_name":"lr","param_value_internal":0.00042062006964770077,"distribution":"{\"name\": \"FloatDistribution\", \"attributes\": {\"step\": null, \"low\": 0.0001, \"high\": 0.01, \"log\": true}}"}
{"op_code":5,"worker_id":"9c373109-817a-42de-9d93-65719db93261-8316722560","trial_id":10,"param_name":"hidden","param_value_internal":0,"distribution":"{\"name\": \"CategoricalDistribution\", \"attributes\": {\"choices\": [64, 128, 256]}}"}
{"op_code":5,"worker_id":"9c373109-817a-42de-9d93-65719db93261-8316722560","trial_id":10,"param_name":"clone_batch","param_value_internal":0,"distribution":"{\"name\": \"CategoricalDistribution\", \"attributes\": {\"choices\": [128, 256, 512, 1024, 2048]}}"}
{"op_code":5,"worker_id":"9c373109-817a-42de-9d93-65719db93261-8316722560","trial_id":10,"param_name":"clone_weight_decay","param_value_internal":3,"distribution":"{\"name\": \"CategoricalDistribution\", \"attributes\": {\"choices\": [0.0, 1e-06, 1e-05, 0.0001, 0.001]}}"}
{"op_code":5,"worker_id":"9c373109-817a-42de-9d93-65719db93261-8316722560","trial_id":10,"param_name":"clone_class_power","param_value_internal":0.1796036775596348,"distribution":"{\"name\": \"FloatDistribution\", \"attributes\": {\"step\": null, \"low\": 0.0, \"high\": 1.0, \"log\": false}}"}
{"op_code":5,"worker_id":"9c373109-817a-42de-9d93-65719db93261-8316722560","trial_id":10,"param_name":"clone_label_smoothing","param_value_internal":2,"distribution":"{\"name\": \"CategoricalDistribution\", \"attributes\": {\"choices\": [0.0, 0.05, 0.1]}}"}
{"op_code":5,"worker_id":"9c373109-817a-42de-9d93-65719db93261-8316722560","trial_id":10,"param_name":"clone_patience","param_value_internal":2,"distribution":"{\"name\": \"CategoricalDistribution\", \"attributes\": {\"choices\": [5, 10, 20]}}"}
{"op_code":8,"worker_id":"9c373109-817a-42de-9d93-65719db93261-8316722560","trial_id":10,"user_attr":{"tag":"cc8dfc1475c65"}}
{"op_code":8,"worker_id":"9c373109-817a-42de-9d93-65719db93261-8316722560","trial_id":10,"user_attr":{"overrides":{"lr":0.00042062006964770077,"hidden":64,"clone_batch":128,"clone_weight_decay":0.0001,"clone_class_power":0.1796036775596348,"clone_label_smoothing":0.1,"clone_patience":20}}}
{"op_code":4,"worker_id":"9c373109-817a-42de-9d93-65719db93261-8316722560","study_id":0,"datetime_start":"2026-10-08T03:28:11.830292"}
{"op_code":5,"worker_id":"9c373109-817a-42de-9d93-65719db93261-8316722560","trial_id":11,"param_name":"lr","param_value_internal":0.009564844079220338,"distribution":"{\"name\": \"FloatDistribution\", \"attributes\": {\"step\": null, \"low\": 0.0001, \"high\": 0.01, \"log\": true}}"}
{"op_code":5,"worker_id":"9c373109-817a-42de-9d93-65719db93261-8316722560","trial_id":11,"param_name":"hidden","param_value_internal":1,"distribution":"{\"name\": \"CategoricalDistribution\", \"attributes\": {\"choices\": [64, 128, 256]}}"}
{"op_code":5,"worker_id":"9c373109-817a-42de-9d93-65719db93261-8316722560","trial_id":11,"param_name":"clone_batch","param_value_internal":1,"distribution":"{\"name\": \"CategoricalDistribution\", \"attributes\": {\"choices\": [128, 256, 512, 1024, 2048]}}"}
{"op_code":5,"worker_id":"9c373109-817a-42de-9d93-65719db93261-8316722560","trial_id":11,"param_name":"clone_weight_decay","param_value_internal":2,"distribution":"{\"name\": \"CategoricalDistribution\", \"attributes\": {\"choices\": [0.0, 1e-06, 1e-05, 0.0001, 0.001]}}"}
{"op_code":5,"worker_id":"9c373109-817a-42de-9d93-65719db93261-8316722560","trial_id":11,"param_name":"clone_class_power","param_value_internal":0.1856359443059522,"distribution":"{\"name\": \"FloatDistribution\", \"attributes\": {\"step\": null, \"low\": 0.0, \"high\": 1.0, \"log\": false}}"}
{"op_code":5,"worker_id":"9c373109-817a-42de-9d93-65719db93261-8316722560","trial_id":11,"param_name":"clone_label_smoothing","param_value_internal":0,"distribution":"{\"name\": \"CategoricalDistribution\", \"attributes\": {\"choices\": [0.0, 0.05, 0.1]}}"}
{"op_code":5,"worker_id":"9c373109-817a-42de-9d93-65719db93261-8316722560","trial_id":11,"param_name":"clone_patience","param_value_internal":0,"distribution":"{\"name\": \"CategoricalDistribution\", \"attributes\": {\"choices\": [5, 10, 20]}}"}
{"op_code":8,"worker_id":"9c373109-817a-42de-9d93-65719db93261-8316722560","trial_id":11,"user_attr":{"tag":"cafc76ce15dac"}}
{"op_code":8,"worker_id":"9c373109-817a-42de-9d93-65719db93261-8316722560","trial_id":11,"user_attr":{"overrides":{"lr":0.009564844079220338,"hidden":128,"clone_batch":256,"clone_weight_decay":1e-05,"clone_class_power":0.1856359443059522,"clone_label_smoothing":0.0,"clone_patience":5}}}
{"op_code":4,"worker_id":"9c373109-817a-42de-9d93-65719db93261-8316722560","study_id":0,"datetime_start":"2026-10-08T03:28:11.832835"}
{"op_code":5,"worker_id":"9c373109-817a-42de-9d93-65719db93261-8316722560","trial_id":12,"param_name":"lr","param_value_internal":0.000267069291771691,"distribution":"{\"name\": \"FloatDistribution\", \"attributes\": {\"step\": null, \"low\": 0.0001, \"high\": 0.01, \"log\": true}}"}
{"op_code":5,"worker_id":"9c373109-817a-42de-9d93-65719db93261-8316722560","trial_id":12,"param_name":"hidden","param_value_internal":0,"distribution":"{\"name\": \"CategoricalDistribution\", \"attributes\": {\"choices\": [64, 128, 256]}}"}
{"op_code":5,"worker_id":"9c373109-817a-42de-9d93-65719db93261-8316722560","trial_id":12,"param_name":"clone_batch","param_value_internal":4,"distribution":"{\"name\": \"CategoricalDistribution\", \"attributes\": {\"choices\": [128, 256, 512, 1024, 2048]}}"}
{"op_code":5,"worker_id":"9c373109-817a-42de-9d93-65719db93261-8316722560","trial_id":12,"param_name":"clone_weight_decay","param_value_internal":0,"distribution":"{\"name\": \"CategoricalDistribution\", \"attributes\": {\"choices\": [0.0, 1e-06, 1e-05, 0.0001, 0.001]}}"}
{"op_code":5,"worker_id":"9c373109-817a-42de-9d93-65719db93261-8316722560","trial_id":12,"param_name":"clone_class_power","param_value_internal":0.39605970280729375,"distribution":"{\"name\": \"FloatDistribution\", \"attributes\": {\"step\": null, \"low\": 0.0, \"high\": 1.0, \"log\": false}}"}
{"op_code":5,"worker_id":"9c373109-817a-42de-9d93-65719db93261-8316722560","trial_id":12,"param_name":"clone_label_smoothing","param_value_internal":0,"distribution":"{\"name\": \"CategoricalDistribution\", \"attributes\": {\"choices\": [0.0, 0.05, 0.1]}}"}
{"op_code":5,"worker_id":"9c373109-817a-42de-9d93-65719db93261-8316722560","trial_id":12,"param_name":"clone_patience","param_value_internal":2,"distribution":"{\"name\": \"CategoricalDistribution\", \"attributes\": {\"choices\": [5, 10, 20]}}"}
{"op_code":8,"worker_id":"9c373109-817a-42de-9d93-65719db93261-8316722560","trial_id":12,"user_attr":{"tag":"c3cd40eaa463b"}}
{"op_code":8,"worker_id":"9c373109-817a-42de-9d93-65719db93261-8316722560","trial_id":12,"user_attr":{"overrides":{"lr":0.000267069291771691,"hidden":64,"clone_batch":2048,"clone_weight_decay":0.0,"clone_class_power":0.39605970280729375,"clone_label_smoothing":0.0,"clone_patience":20}}}
{"op_code":4,"worker_id":"9c373109-817a-42de-9d93-65719db93261-8316722560","study_id":0,"datetime_start":"2026-10-08T03:28:11.835350"}
{"op_code":5,"worker_id":"9c373109-817a-42de-9d93-65719db93261-8316722560","trial_id":13,"param_name":"lr","param_value_internal":0.003393520738623788,"distribution":"{\"name\": \"FloatDistribution\", \"attributes\": {\"step\": null, \"low\": 0.0001, \"high\": 0.01, \"log\": true}}"}
{"op_code":5,"worker_id":"9c373109-817a-42de-9d93-65719db93261-8316722560","trial_id":13,"param_name":"hidden","param_value_internal":1,"distribution":"{\"name\": \"CategoricalDistribution\", \"attributes\": {\"choices\": [64, 128, 256]}}"}
{"op_code":5,"worker_id":"9c373109-817a-42de-9d93-65719db93261-8316722560","trial_id":13,"param_name":"clone_batch","param_value_internal":2,"distribution":"{\"name\": \"CategoricalDistribution\", \"attributes\": {\"choices\": [128, 256, 512, 1024, 2048]}}"}
{"op_code":5,"worker_id":"9c373109-817a-42de-9d93-65719db93261-8316722560","trial_id":13,"param_name":"clone_weight_decay","param_value_internal":2,"distribution":"{\"name\": \"CategoricalDistribution\", \"attributes\": {\"choices\": [0.0, 1e-06, 1e-05, 0.0001, 0.001]}}"}
{"op_code":5,"worker_id":"9c373109-817a-42de-9d93-65719db93261-8316722560","trial_id":13,"param_name":"clone_class_power","param_value_internal":0.2817301057539491,"distribution":"{\"name\": \"FloatDistribution\", \"attributes\": {\"step\": null, \"low\": 0.0, \"high\": 1.0, \"log\": false}}"}
{"op_code":5,"worker_id":"9c373109-817a-42de-9d93-65719db93261-8316722560","trial_id":13,"param_name":"clone_label_smoothing","param_value_internal":0,"distribution":"{\"name\": \"CategoricalDistribution\", \"attributes\": {\"choices\": [0.0, 0.05, 0.1]}}"}
{"op_code":5,"worker_id":"9c373109-817a-42de-9d93-65719db93261-8316722560","trial_id":13,"param_name":"clone_patience","param_value_internal":0,"distribution":"{\"name\": \"CategoricalDistribution\", \"attributes\": {\"choices\": [5, 10, 20]}}"}
{"op_code":8,"worker_id":"9c373109-817a-42de-9d93-65719db93261-8316722560","trial_id":13,"user_attr":{"tag":"c73a38017dde8"}}
{"op_code":8,"worker_id":"9c373109-817a-42de-9d93-65719db93261-8316722560","trial_id":13,"user_attr":{"overrides":{"lr":0.003393520738623788,"hidden":128,"clone_batch":512,"clone_weight_decay":1e-05,"clone_class_power":0.2817301057539491,"clone_label_smoothing":0.0,"clone_patience":5}}}
{"op_code":4,"worker_id":"9c373109-817a-42de-9d93-65719db93261-8316722560","study_id":0,"datetime_start":"2026-10-08T03:28:11.838584"}
{"op_code":5,"worker_id":"9c373109-817a-42de-9d93-65719db93261-8316722560","trial_id":14,"param_name":"lr","param_value_internal":0.008377999094435281,"distribution":"{\"name\": \"FloatDistribution\", \"attributes\": {\"step\": null, \"low\": 0.0001, \"high\": 0.01, \"log\": true}}"}
{"op_code":5,"worker_id":"9c373109-817a-42de-9d93-65719db93261-8316722560","trial_id":14,"param_name":"hidden","param_value_internal":1,"distribution":"{\"name\": \"CategoricalDistribution\", \"attributes\": {\"choices\": [64, 128, 256]}}"}
{"op_code":5,"worker_id":"9c373109-817a-42de-9d93-65719db93261-8316722560","trial_id":14,"param_name":"clone_batch","param_value_internal":2,"distribution":"{\"name\": \"CategoricalDistribution\", \"attributes\": {\"choices\": [128, 256, 512, 1024, 2048]}}"}
{"op_code":5,"worker_id":"9c373109-817a-42de-9d93-65719db93261-8316722560","trial_id":14,"param_name":"clone_weight_decay","param_value_internal":4,"distribution":"{\"name\": \"CategoricalDistribution\", \"attributes\": {\"choices\": [0.0, 1e-06, 1e-05, 0.0001, 0.001]}}"}
{"op_code":5,"worker_id":"9c373109-817a-42de-9d93-65719db93261-8316722560","trial_id":14,"param_name":"clone_class_power","param_value_internal":0.47837030703998806,"distribution":"{\"name\": \"FloatDistribution\", \"attributes\": {\"step\": null, \"low\": 0.0, \"high\": 1.0, \"log\": false}}"}
{"op_code":5,"worker_id":"9c373109-817a-42de-9d93-65719db93261-8316722560","trial_id":14,"param_name":"clone_label_smoothing","param_value_internal":1,"distribution":"{\"name\": \"CategoricalDistribution\", \"attributes\": {\"choices\": [0.0, 0.05, 0.1]}}"}
{"op_code":5,"worker_id":"9c373109-817a-42de-9d93-65719db93261-8316722560","trial_id":14,"param_name":"clone_patience","param_value_internal":1,"distribution":"{\"name\": \"CategoricalDistribution\", \"attributes\": {\"choices\": [5, 10, 20]}}"}
{"op_code":8,"worker_id":"9c373109-817a-42de-9d93-65719db93261-8316722560","trial_id":14,"user_attr":{"tag":"ce7d4fc3b8959"}}
{"op_code":8,"worker_id":"9c373109-817a-42de-9d93-65719db93261-8316722560","trial_id":14,"user_attr":{"overrides":{"lr":0.008377999094435281,"hidden":128,"clone_batch":512,"clone_weight_decay":0.001,"clone_class_power":0.47837030703998806,"clone_label_smoothing":0.05,"clone_patience":10}}}
{"op_code":4,"worker_id":"9c373109-817a-42de-9d93-65719db93261-8316722560","study_id":0,"datetime_start":"2026-10-08T03:28:11.841190"}
{"op_code":5,"worker_id":"9c373109-817a-42de-9d93-65719db93261-8316722560","trial_id":15,"param_name":"lr","param_value_internal":0.0010535083086675825,"distribution":"{\"name\": \"FloatDistribution\", \"attributes\": {\"step\": null, \"low\": 0.0001, \"high\": 0.01, \"log\": true}}"}
{"op_code":5,"worker_id":"9c373109-817a-42de-9d93-65719db93261-8316722560","trial_id":15,"param_name":"hidden","param_value_internal":2,"distribution":"{\"name\": \"CategoricalDistribution\", \"attributes\": {\"choices\": [64, 128, 256]}}"}
{"op_code":5,"worker_id":"9c373109-817a-42de-9d93-65719db93261-8316722560","trial_id":15,"param_name":"clone_batch","param_value_internal":0,"distribution":"{\"name\": \"CategoricalDistribution\", \"attributes\": {\"choices\": [128, 256, 512, 1024, 2048]}}"}
{"op_code":5,"worker_id":"9c373109-817a-42de-9d93-65719db93261-8316722560","trial_id":15,"param_name":"clone_weight_decay","param_value_internal":1,"distribution":"{\"name\": \"CategoricalDistribution\", \"attributes\": {\"choices\": [0.0, 1e-06, 1e-05, 0.0001, 0.001]}}"}
{"op_code":5,"worker_id":"9c373109-817a-42de-9d93-65719db93261-8316722560","trial_id":15,"param_name":"clone_class_power","param_value_internal":0.7255943642105788,"distribution":"{\"name\": \"FloatDistribution\", \"attributes\": {\"step\": null, \"low\": 0.0, \"high\": 1.0, \"log\": false}}"}
{"op_code":5,"worker_id":"9c373109-817a-42de-9d93-65719db93261-8316722560","trial_id":15,"param_name":"clone_label_smoothing","param_value_internal":1,"distribution":"{\"name\": \"CategoricalDistribution\", \"attributes\": {\"choices\": [0.0, 0.05, 0.1]}}"}
{"op_code":5,"worker_id":"9c373109-817a-42de-9d93-65719db93261-8316722560","trial_id":15,"param_name":"clone_patience","param_value_internal":2,"distribution":"{\"name\": \"CategoricalDistribution\", \"attributes\": {\"choices\": [5, 10, 20]}}"}
{"op_code":8,"worker_id":"9c373109-817a-42de-9d93-65719db93261-8316722560","trial_id":15,"user_attr":{"tag":"c0e92e38d95fb"}}
{"op_code":8,"worker_id":"9c373109-817a-42de-9d93-65719db93261-8316722560","trial_id":15,"user_attr":{"overrides":{"lr":0.0010535083086675825,"hidden":256,"clone_batch":128,"clone_weight_decay":1e-06,"clone_class_power":0.7255943642105788,"clone_label_smoothing":0.05,"clone_patience":20}}}
{"op_code":4,"worker_id":"9c373109-817a-42de-9d93-65719db93261-8316722560","study_id":0,"datetime_start":"2026-10-08T03:28:11.844139"}
{"op_code":5,"worker_id":"9c373109-817a-42de-9d93-65719db93261-8316722560","trial_id":16,"param_name":"lr","param_value_internal":0.0003095525740601861,"distribution":"{\"name\": \"FloatDistribution\", \"attributes\": {\"step\": null, \"low\": 0.0001, \"high\": 0.01, \"log\": true}}"}
{"op_code":5,"worker_id":"9c373109-817a-42de-9d93-65719db93261-8316722560","trial_id":16,"param_name":"hidden","param_value_internal":2,"distribution":"{\"name\": \"CategoricalDistribution\", \"attributes\": {\"choices\": [64, 128, 256]}}"}
{"op_code":5,"worker_id":"9c373109-817a-42de-9d93-65719db93261-8316722560","trial_id":16,"param_name":"clone_batch","param_value_internal":0,"distribution":"{\"name\": \"CategoricalDistribution\", \"attributes\": {\"choices\": [128, 256, 512, 1024, 2048]}}"}
{"op_code":5,"worker_id":"9c373109-817a-42de-9d93-65719db93261-8316722560","trial_id":16,"param_name":"clone_weight_decay","param_value_internal":3,"distribution":"{\"name\": \"CategoricalDistribution\", \"attributes\": {\"choices\": [0.0, 1e-06, 1e-05, 0.0001, 0.001]}}"}
{"op_code":5,"worker_id":"9c373109-817a-42de-9d93-65719db93261-8316722560","trial_id":16,"param_name":"clone_class_power","param_value_internal":0.3799269559001205,"distribution":"{\"name\": \"FloatDistribution\", \"attributes\": {\"step\": null, \"low\": 0.0, \"high\": 1.0, \"log\": false}}"}
{"op_code":5,"worker_id":"9c373109-817a-42de-9d93-65719db93261-8316722560","trial_id":16,"param_name":"clone_label_smoothing","param_value_internal":1,"distribution":"{\"name\": \"CategoricalDistribution\", \"attributes\": {\"choices\": [0.0, 0.05, 0.1]}}"}
{"op_code":5,"worker_id":"9c373109-817a-42de-9d93-65719db93261-8316722560","trial_id":16,"param_name":"clone_patience","param_value_internal":1,"distribution":"{\"name\": \"CategoricalDistribution\", \"attributes\": {\"choices\": [5, 10, 20]}}"}
{"op_code":8,"worker_id":"9c373109-817a-42de-9d93-65719db93261-8316722560","trial_id":16,"user_attr":{"tag":"cf442912e7573"}}
{"op_code":8,"worker_id":"9c373109-817a-42de-9d93-65719db93261-8316722560","trial_id":16,"user_attr":{"overrides":{"lr":0.0003095525740601861,"hidden":256,"clone_batch":128,"clone_weight_decay":0.0001,"clone_class_power":0.3799269559001205,"clone_label_smoothing":0.05,"clone_patience":10}}}
{"op_code":4,"worker_id":"9c373109-817a-42de-9d93-65719db93261-8316722560","study_id":0,"datetime_start":"2026-10-08T03:28:11.847806"}
{"op_code":5,"worker_id":"9c373109-817a-42de-9d93-65719db93261-8316722560","trial_id":17,"param_name":"lr","param_value_internal":0.0003302517508188941,"distribution":"{\"name\": \"FloatDistribution\", \"attributes\": {\"step\": null, \"low\": 0.0001, \"high\": 0.01, \"log\": true}}"}
{"op_code":5,"worker_id":"9c373109-817a-42de-9d93-65719db93261-8316722560","trial_id":17,"param_name":"hidden","param_value_internal":1,"distribution":"{\"name\": \"CategoricalDistribution\", \"attributes\": {\"choices\": [64, 128, 256]}}"}
{"op_code":5,"worker_id":"9c373109-817a-42de-9d93-65719db93261-8316722560","trial_id":17,"param_name":"clone_batch","param_value_internal":4,"distribution":"{\"name\": \"CategoricalDistribution\", \"attributes\": {\"choices\": [128, 256, 512, 1024, 2048]}}"}
{"op_code":5,"worker_id":"9c373109-817a-42de-9d93-65719db93261-8316722560","trial_id":17,"param_name":"clone_weight_decay","param_value_internal":4,"distribution":"{\"name\": \"CategoricalDistribution\", \"attributes\": {\"choices\": [0.0, 1e-06, 1e-05, 0.0001, 0.001]}}"}
{"op_code":5,"worker_id":"9c373109-817a-42de-9d93-65719db93261-8316722560","trial_id":17,"param_name":"clone_class_power","param_value_internal":0.6455702444560039,"distribution":"{\"name\": \"FloatDistribution\", \"attributes\": {\"step\": null, \"low\": 0.0, \"high\": 1.0, \"log\": false}}"}
{"op_code":5,"worker_id":"9c373109-817a-42de-9d93-65719db93261-8316722560","trial_id":17,"param_name":"clone_label_smoothing","param_value_internal":2,"distribution":"{\"name\": \"CategoricalDistribution\", \"attributes\": {\"choices\": [0.0, 0.05, 0.1]}}"}
{"op_code":5,"worker_id":"9c373109-817a-42de-9d93-65719db93261-8316722560","trial_id":17,"param_name":"clone_patience","param_value_internal":1,"distribution":"{\"name\": \"CategoricalDistribution\", \"attributes\": {\"choices\": [5, 10, 20]}}"}
{"op_code":8,"worker_id":"9c373109-817a-42de-9d93-65719db93261-8316722560","trial_id":17,"user_attr":{"tag":"c36e6a6777286"}}
{"op_code":8,"worker_id":"9c373109-817a-42de-9d93-65719db93261-8316722560","trial_id":17,"user_attr":{"overrides":{"lr":0.0003302517508188941,"hidden":128,"clone_batch":2048,"clone_weight_decay":0.001,"clone_class_power":0.6455702444560039,"clone_label_smoothing":0.1,"clone_patience":10}}}
{"op_code":4,"worker_id":"9c373109-817a-42de-9d93-65719db93261-8316722560","study_id":0,"datetime_start":"2026-10-08T03:28:11.850861"}
{"op_code":5,"worker_id":"9c373109-817a-42de-9d93-65719db93261-8316722560","trial_id":18,"param_name":"lr","param_value_internal":0.00018101773687027132,"distribution":"{\"name\": \"FloatDistribution\", \"attributes\": {\"step\": null, \"low\": 0.0001, \"high\": 0.01, \"log\": true}}"}
{"op_code":5,"worker_id":"9c373109-817a-42de-9d93-65719db93261-8316722560","trial_id":18,"param_name":"hidden","param_value_internal":1,"distribution":"{\"name\": \"CategoricalDistribution\", \"attributes\": {\"choices\": [64, 128, 256]}}"}
{"op_code":5,"worker_id":"9c373109-817a-42de-9d93-65719db93261-8316722560","trial_id":18,"param_name":"clone_batch","param_value_internal":0,"distribution":"{\"name\": \"CategoricalDistribution\", \"attributes\": {\"choices\": [128, 256, 512, 1024, 2048]}}"}
{"op_code":5,"worker_id":"9c373109-817a-42de-9d93-65719db93261-8316722560","trial_id":18,"param_name":"clone_weight_decay","param_value_internal":2,"distribution":"{\"name\": \"CategoricalDistribution\", \"attributes\": {\"choices\": [0.0, 1e-06, 1e-05, 0.0001, 0.001]}}"}
{"op_code":5,"worker_id":"9c373109-817a-42de-9d93-65719db93261-8316722560","trial_id":18,"param_name":"clone_class_power","param_value_internal":0.3277204015571189,"distribution":"{\"name\": \"FloatDistribution\", \"attributes\": {\"step\": null, \"low\": 0.0, \"high\": 1.0, \"log\": false}}"}
{"op_code":5,"worker_id":"9c373109-817a-42de-9d93-65719db93261-8316722560","trial_id":18,"param_name":"clone_label_smoothing","param_value_internal":0,"distribution":"{\"name\": \"CategoricalDistribution\", \"attributes\": {\"choices\": [0.0, 0.05, 0.1]}}"}
{"op_code":5,"worker_id":"9c373109-817a-42de-9d93-65719db93261-8316722560","trial_id":18,"param_name":"clone_patience","param_value_internal":2,"distribution":"{\"name\": \"CategoricalDistribution\", \"attributes\": {\"choices\": [5, 10, 20]}}"}
{"op_code":8,"worker_id":"9c373109-817a-42de-9d93-65719db93261-8316722560","trial_id":18,"user_attr":{"tag":"c4b018ac4b698"}}
{"op_code":8,"worker_id":"9c373109-817a-42de-9d93-65719db93261-8316722560","trial_id":18,"user_attr":{"overrides":{"lr":0.00018101773687027132,"hidden":128,"clone_batch":128,"clone_weight_decay":1e-05,"clone_class_power":0.3277204015571189,"clone_label_smoothing":0.0,"clone_patience":20}}}
{"op_code":4,"worker_id":"9c373109-817a-42de-9d93-65719db93261-8316722560","study_id":0,"datetime_start":"2026-10-08T03:28:11.853554"}
{"op_code":5,"worker_id":"9c373109-817a-42de-9d93-65719db93261-8316722560","trial_id":19,"param_name":"lr","param_value_internal":0.0008246651740586803,"distribution":"{\"name\": \"FloatDistribution\", \"attributes\": {\"step\": null, \"low\": 0.0001, \"high\": 0.01, \"log\": true}}"}
{"op_code":5,"worker_id":"9c373109-817a-42de-9d93-65719db93261-8316722560","trial_id":19,"param_name":"hidden","param_value_internal":1,"distribution":"{\"name\": \"CategoricalDistribution\", \"attributes\": {\"choices\": [64, 128, 256]}}"}
{"op_code":5,"worker_id":"9c373109-817a-42de-9d93-65719db93261-8316722560","trial_id":19,"param_name":"clone_batch","param_value_internal":0,"distribution":"{\"name\": \"CategoricalDistribution\", \"attributes\": {\"choices\": [128, 256, 512, 1024, 2048]}}"}
{"op_code":5,"worker_id":"9c373109-817a-42de-9d93-65719db93261-8316722560","trial_id":19,"param_name":"clone_weight_decay","param_value_internal":1,"distribution":"{\"name\": \"CategoricalDistribution\", \"attributes\": {\"choices\": [0.0, 1e-06, 1e-05, 0.0001, 0.001]}}"}
{"op_code":5,"worker_id":"9c373109-817a-42de-9d93-65719db93261-8316722560","trial_id":19,"param_name":"clone_class_power","param_value_internal":0.2586840668894077,"distribution":"{\"name\": \"FloatDistribution\", \"attributes\": {\"step\": null, \"low\": 0.0, \"high\": 1.0, \"log\": false}}"}
{"op_code":5,"worker_id":"9c373109-817a-42de-9d93-65719db93261-8316722560","trial_id":19,"param_name":"clone_label_smoothing","param_value_internal":2,"distribution":"{\"name\": \"CategoricalDistribution\", \"attributes\": {\"choices\": [0.0, 0.05, 0.1]}}"}
{"op_code":5,"worker_id":"9c373109-817a-42de-9d93-65719db93261-8316722560","trial_id":19,"param_name":"clone_patience","param_value_internal":1,"distribution":"{\"name\": \"CategoricalDistribution\", \"attributes\": {\"choices\": [5, 10, 20]}}"}
{"op_code":8,"worker_id":"9c373109-817a-42de-9d93-65719db93261-8316722560","trial_id":19,"user_attr":{"tag":"c079a27c9c1c0"}}
{"op_code":8,"worker_id":"9c373109-817a-42de-9d93-65719db93261-8316722560","trial_id":19,"user_attr":{"overrides":{"lr":0.0008246651740586803,"hidden":128,"clone_batch":128,"clone_weight_decay":1e-06,"clone_class_power":0.2586840668894077,"clone_label_smoothing":0.1,"clone_patience":10}}}
{"op_code":4,"worker_id":"9c373109-817a-42de-9d93-65719db93261-8316722560","study_id":0,"datetime_start":"2026-10-08T03:28:11.855997"}
{"op_code":5,"worker_id":"9c373109-817a-42de-9d93-65719db93261-8316722560","trial_id":20,"param_name":"lr","param_value_internal":0.0002346738241460136,"distribution":"{\"name\": \"FloatDistribution\", \"attributes\": {\"step\": null, \"low\": 0.0001, \"high\": 0.01, \"log\": true}}"}
{"op_code":5,"worker_id":"9c373109-817a-42de-9d93-65719db93261-8316722560","trial_id":20,"param_name":"hidden","param_value_internal":1,"distribution":"{\"name\": \"CategoricalDistribution\", \"attributes\": {\"choices\": [64, 128, 256]}}"}
{"op_code":5,"worker_id":"9c373109-817a-42de-9d93-65719db93261-8316722560","trial_id":20,"param_name":"clone_batch","param_value_internal":0,"distribution":"{\"name\": \"CategoricalDistribution\", \"attributes\": {\"choices\": [128, 256, 512, 1024, 2048]}}"}
{"op_code":5,"worker_id":"9c373109-817a-42de-9d93-65719db93261-8316722560","trial_id":20,"param_name":"clone_weight_decay","param_value_internal":0,"distribution":"{\"name\": \"CategoricalDistribution\", \"attributes\": {\"choices\": [0.0, 1e-06, 1e-05, 0.0001, 0.001]}}"}
{"op_code":5,"worker_id":"9c373109-817a-42de-9d93-65719db93261-8316722560","trial_id":20,"param_name":"clone_class_power","param_value_internal":0.2519409882460929,"distribution":"{\"name\": \"FloatDistribution\", \"attributes\": {\"step\": null, \"low\": 0.0, \"high\": 1.0, \"log\": false}}"}
{"op_code":5,"worker_id":"9c373109-817a-42de-9d93-65719db93261-8316722560","trial_id":20,"param_name":"clone_label_smoothing","param_value_internal":1,"distribution":"{\"name\": \"CategoricalDistribution\", \"attributes\": {\"choices\": [0.0, 0.05, 0.1]}}"}
{"op_code":5,"worker_id":"9c373109-817a-42de-9d93-65719db93261-8316722560","trial_id":20,"param_name":"clone_patience","param_value_internal":2,"distribution":"{\"name\": \"CategoricalDistribution\", \"attributes\": {\"choices\": [5, 10, 20]}}"}
{"op_code":8,"worker_id":"9c373109-817a-42de-9d93-65719db93261-8316722560","trial_id":20,"user_attr":{"tag":"c4ef8a60360db"}}
{"op_code":8,"worker_id":"9c373109-817a-42de-9d93-65719db93261-8316722560","trial_id":20,"user_attr":{"overrides":{"lr":0.0002346738241460136,"hidden":128,"clone_batch":128,"clone_weight_decay":0.0,"clone_class_power":0.2519409882460929,"clone_label_smoothing":0.05,"clone_patience":20}}}
{"op_code":4,"worker_id":"9c373109-817a-42de-9d93-65719db93261-8316722560","study_id":0,"datetime_start":"2026-10-08T03:28:11.858657"}
{"op_code":5,"worker_id":"9c373109-817a-42de-9d93-65719db93261-8316722560","trial_id":21,"param_name":"lr","param_value_internal":0.008882033884178733,"distribution":"{\"name\": \"FloatDistribution\", \"attributes\": {\"step\": null, \"low\": 0.0001, \"high\": 0.01, \"log\": true}}"}
{"op_code":5,"worker_id":"9c373109-817a-42de-9d93-65719db93261-8316722560","trial_id":21,"param_name":"hidden","param_value_internal":0,"distribution":"{\"name\": \"CategoricalDistribution\", \"attributes\": {\"choices\": [64, 128, 256]}}"}
{"op_code":5,"worker_id":"9c373109-817a-42de-9d93-65719db93261-8316722560","trial_id":21,"param_name":"clone_batch","param_value_internal":2,"distribution":"{\"name\": \"CategoricalDistribution\", \"attributes\": {\"choices\": [128, 256, 512, 1024, 2048]}}"}
{"op_code":5,"worker_id":"9c373109-817a-42de-9d93-65719db93261-8316722560","trial_id":21,"param_name":"clone_weight_decay","param_value_internal":4,"distribution":"{\"name\": \"CategoricalDistribution\", \"attributes\": {\"choices\": [0.0, 1e-06, 1e-05, 0.0001, 0.001]}}"}
{"op_code":5,"worker_id":"9c373109-817a-42de-9d93-65719db93261-8316722560","trial_id":21,"param_name":"clone_class_power","param_value_internal":0.5173085172022888,"distribution":"{\"name\": \"FloatDistribution\", \"attributes\": {\"step\": null, \"low\": 0.0, \"high\": 1.0, \"log\": false}}"}
{"op_code":5,"worker_id":"9c373109-817a-42de-9d93-65719db93261-8316722560","trial_id":21,"param_name":"clone_label_smoothing","param_value_internal":1,"distribution":"{\"name\": \"CategoricalDistribution\", \"attributes\": {\"choices\": [0.0, 0.05, 0.1]}}"}
{"op_code":5,"worker_id":"9c373109-817a-42de-9d93-65719db93261-8316722560","trial_id":21,"param_name":"clone_patience","param_value_internal":0,"distribution":"{\"name\": \"CategoricalDistribution\", \"attributes\": {\"choices\": [5, 10, 20]}}"}
{"op_code":8,"worker_id":"9c373109-817a-42de-9d93-65719db93261-8316722560","trial_id":21,"user_attr":{"tag":"cc25b8c37379f"}}
{"op_code":8,"worker_id":"9c373109-817a-42de-9d93-65719db93261-8316722560","trial_id":21,"user_attr":{"overrides":{"lr":0.008882033884178733,"hidden":64,"clone_batch":512,"clone_weight_decay":0.001,"clone_class_power":0.5173085172022888,"clone_label_smoothing":0.05,"clone_patience":5}}}
{"op_code":4,"worker_id":"9c373109-817a-42de-9d93-65719db93261-8316722560","study_id":0,"datetime_start":"2026-10-08T03:28:11.861155"}
{"op_code":5,"worker_id":"9c373109-817a-42de-9d93-65719db93261-8316722560","trial_id":22,"param_name":"lr","param_value_internal":0.0045426976168700395,"distribution":"{\"name\": \"FloatDistribution\", \"attributes\": {\"step\": null, \"low\": 0.0001, \"high\": 0.01, \"log\": true}}"}
{"op_code":5,"worker_id":"9c373109-817a-42de-9d93-65719db93261-8316722560","trial_id":22,"param_name":"hidden","param_value_internal":0,"distribution":"{\"name\": \"CategoricalDistribution\", \"attributes\": {\"choices\": [64, 128, 256]}}"}
{"op_code":5,"worker_id":"9c373109-817a-42de-9d93-65719db93261-8316722560","trial_id":22,"param_name":"clone_batch","param_value_internal":2,"distribution":"{\"name\": \"CategoricalDistribution\", \"attributes\": {\"choices\": [128, 256, 512, 1024, 2048]}}"}
{"op_code":5,"worker_id":"9c373109-817a-42de-9d93-65719db93261-8316722560","trial_id":22,"param_name":"clone_weight_decay","param_value_internal":1,"distribution":"{\"name\": \"CategoricalDistribution\", \"attributes\": {\"choices\": [0.0, 1e-06, 1e-05, 0.0001, 0.001]}}"}
{"op_code":5,"worker_id":"9c373109-817a-42de-9d93-65719db93261-8316722560","trial_id":22,"param_name":"clone_class_power","param_value_internal":0.2334202554680963,"distribution":"{\"name\": \"FloatDistribution\", \"attributes\": {\"step\": null, \"low\": 0.0, \"high\": 1.0, \"log\": false}}"}
{"op_code":5,"worker_id":"9c373109-817a-42de-9d93-65719db93261-8316722560","trial_id":22,"param_name":"clone_label_smoothing","param_value_internal":2,"distribution":"{\"name\": \"CategoricalDistribution\", \"attributes\": {\"choices\": [0.0, 0.05, 0.1]}}"}
{"op_code":5,"worker_id":"9c373109-817a-42de-9d93-65719db93261-8316722560","trial_id":22,"param_name":"clone_patience","param_value_internal":0,"distribution":"{\"name\": \"CategoricalDistribution\", \"attributes\": {\"choices\": [5, 10, 20]}}"}
{"op_code":8,"worker_id":"9c373109-817a-42de-9d93-65719db93261-8316722560","trial_id":22,"user_attr":{"tag":"c046308b86646"}}
{"op_code":8,"worker_id":"9c373109-817a-42de-9d93-65719db93261-8316722560","trial_id":22,"user_attr":{"overrides":{"lr":0.0045426976168700395,"hidden":64,"clone_batch":512,"clone_weight_decay":1e-06,"clone_class_power":0.2334202554680963,"clone_label_smoothing":0.1,"clone_patience":5}}}
{"op_code":4,"worker_id":"9c373109-817a-42de-9d93-65719db93261-8316722560","study_id":0,"datetime_start":"2026-10-08T03:28:11.863855"}
{"op_code":5,"worker_id":"9c373109-817a-42de-9d93-65719db93261-8316722560","trial_id":23,"param_name":"lr","param_value_internal":0.0005605216175760003,"distribution":"{\"name\": \"FloatDistribution\", \"attributes\": {\"step\": null, \"low\": 0.0001, \"high\": 0.01, \"log\": true}}"}
{"op_code":5,"worker_id":"9c373109-817a-42de-9d93-65719db93261-8316722560","trial_id":23,"param_name":"hidden","param_value_internal":0,"distribution":"{\"name\": \"CategoricalDistribution\", \"attributes\": {\"choices\": [64, 128, 256]}}"}
{"op_code":5,"worker_id":"9c373109-817a-42de-9d93-65719db93261-8316722560","trial_id":23,"param_name":"clone_batch","param_value_internal":2,"distribution":"{\"name\": \"CategoricalDistribution\", \"attributes\": {\"choices\": [128, 256, 512, 1024, 2048]}}"}
{"op_code":5,"worker_id":"9c373109-817a-42de-9d93-65719db93261-8316722560","trial_id":23,"param_name":"clone_weight_decay","param_value_internal":0,"distribution":"{\"name\": \"CategoricalDistribution\", \"attributes\": {\"choices\": [0.0, 1e-06, 1e-05, 0.0001, 0.001]}}"}
{"op_code":5,"worker_id":"9c373109-817a-42de-9d93-65719db93261-8316722560","trial_id":23,"param_name":"clone_class_power","param_value_internal":0.6995750602247514,"distribution":"{\"name\": \"FloatDistribution\", \"attributes\": {\"step\": null, \"low\": 0.0, \"high\": 1.0, \"log\": false}}"}
{"op_code":5,"worker_id":"9c373109-817a-42de-9d93-65719db93261-8316722560","trial_id":23,"param_name":"clone_label_smoothing","param_value_internal":1,"distribution":"{\"name\": \"CategoricalDistribution\", \"attributes\": {\"choices\": [0.0, 0.05, 0.1]}}"}
{"op_code":5,"worker_id":"9c373109-817a-42de-9d93-65719db93261-8316722560","trial_id":23,"param_name":"clone_patience","param_value_internal":1,"distribution":"{\"name\": \"CategoricalDistribution\", \"attributes\": {\"choices\": [5, 10, 20]}}"}
{"op_code":8,"worker_id":"9c373109-817a-42de-9d93-65719db93261-8316722560","trial_id":23,"user_attr":{"tag":"cb1981685d95a"}}
{"op_code":8,"worker_id":"9c373109-817a-42de-9d93-65719db93261-8316722560","trial_id":23,"user_attr":{"overrides":{"lr":0.0005605216175760003,"hidden":64,"clone_batch":512,"clone_weight_decay":0.0,"clone_class_power":0.6995750602247514,"clone_label_smoothing":0.05,"clone_patience":10}}}
{"op_code":4,"worker_id":"9c373109-817a-42de-9d93-65719db93261-8316722560","study_id":0,"datetime_start":"2026-10-08T03:31:53.417861"}
{"op_code":5,"worker_id":"9c373109-817a-42de-9d93-65719db93261-8316722560","trial_id":24,"param_name":"lr","param_value_internal":0.0006838687356454345,"distribution":"{\"name\": \"FloatDistribution\", \"attributes\": {\"step\": null, \"low\": 0.0001, \"high\": 0.01, \"log\": true}}"}
{"op_code":5,"worker_id":"9c373109-817a-42de-9d93-65719db93261-8316722560","trial_id":24,"param_name":"hidden","param_value_internal":1,"distribution":"{\"name\": \"CategoricalDistribution\", \"attributes\": {\"choices\": [64, 128, 256]}}"}
{"op_code":5,"worker_id":"9c373109-817a-42de-9d93-65719db93261-8316722560","trial_id":24,"param_name":"clone_batch","param_value_internal":1,"distribution":"{\"name\": \"CategoricalDistribution\", \"attributes\": {\"choices\": [128, 256, 512, 1024, 2048]}}"}
{"op_code":5,"worker_id":"9c373109-817a-42de-9d93-65719db93261-8316722560","trial_id":24,"param_name":"clone_weight_decay","param_value_internal":0,"distribution":"{\"name\": \"CategoricalDistribution\", \"attributes\": {\"choices\": [0.0, 1e-06, 1e-05, 0.0001, 0.001]}}"}
{"op_code":5,"worker_id":"9c373109-817a-42de-9d93-65719db93261-8316722560","trial_id":24,"param_name":"clone_class_power","param_value_internal":0.40171353537959864,"distribution":"{\"name\": \"FloatDistribution\", \"attributes\": {\"step\": null, \"low\": 0.0, \"high\": 1.0, \"log\": false}}"}
{"op_code":5,"worker_id":"9c373109-817a-42de-9d93-65719db93261-8316722560","trial_id":24,"param_name":"clone_label_smoothing","param_value_internal":1,"distribution":"{\"name\": \"CategoricalDistribution\", \"attributes\": {\"choices\": [0.0, 0.05, 0.1]}}"}
{"op_code":5,"worker_id":"9c373109-817a-42de-9d93-65719db93261-8316722560","trial_id":24,"param_name":"clone_patience","param_value_internal":2,"distribution":"{\"name\": \"CategoricalDistribution\", \"attributes\": {\"choices\": [5, 10, 20]}}"}
{"op_code":8,"worker_id":"9c373109-817a-42de-9d93-65719db93261-8316722560","trial_id":24,"user_attr":{"tag":"c37c76b9c0811"}}
{"op_code":8,"worker_id":"9c373109-817a-42de-9d93-65719db93261-8316722560","trial_id":24,"user_attr":{"overrides":{"lr":0.0006838687356454345,"hidden":128,"clone_batch":256,"clone_weight_decay":0.0,"clone_class_power":0.40171353537959864,"clone_label_smoothing":0.05,"clone_patience":20}}}
{"op_code":4,"worker_id":"9c373109-817a-42de-9d93-65719db93261-8316722560","study_id":0,"datetime_start":"2026-10-08T03:31:53.423568"}
{"op_code":5,"worker_id":"9c373109-817a-42de-9d93-65719db93261-8316722560","trial_id":25,"param_name":"lr","param_value_internal":0.00046453124610817796,"distribution":"{\"name\": \"FloatDistribution\", \"attributes\": {\"step\": null, \"low\": 0.0001, \"high\": 0.01, \"log\": true}}"}
{"op_code":5,"worker_id":"9c373109-817a-42de-9d93-65719db93261-8316722560","trial_id":25,"param_name":"hidden","param_value_internal":0,"distribution":"{\"name\": \"CategoricalDistribution\", \"attributes\": {\"choices\": [64, 128, 256]}}"}
{"op_code":5,"worker_id":"9c373109-817a-42de-9d93-65719db93261-8316722560","trial_id":25,"param_name":"clone_batch","param_value_internal":4,"distribution":"{\"name\": \"CategoricalDistribution\", \"attributes\": {\"choices\": [128, 256, 512, 1024, 2048]}}"}
{"op_code":5,"worker_id":"9c373109-817a-42de-9d93-65719db93261-8316722560","trial_id":25,"param_name":"clone_weight_decay","param_value_internal":2,"distribution":"{\"name\": \"CategoricalDistribution\", \"attributes\": {\"choices\": [0.0, 1e-06, 1e-05, 0.0001, 0.001]}}"}
{"op_code":5,"worker_id":"9c373109-817a-42de-9d93-65719db93261-8316722560","trial_id":25,"param_name":"clone_class_power","param_value_internal":0.6762424822774629,"distribution":"{\"name\": \"FloatDistribution\", \"attributes\": {\"step\": null, \"low\": 0.0, \"high\": 1.0, \"log\": false}}"}
{"op_code":5,"worker_id":"9c373109-817a-42de-9d93-65719db93261-8316722560","trial_id":25,"param_name":"clone_label_smoothing","param_value_internal":0,"distribution":"{\"name\": \"CategoricalDistribution\", \"attributes\": {\"choices\": [0.0, 0.05, 0.1]}}"}
{"op_code":5,"worker_id":"9c373109-817a-42de-9d93-65719db93261-8316722560","trial_id":25,"param_name":"clone_patience","param_value_internal":1,"distribution":"{\"name\": \"CategoricalDistribution\", \"attributes\": {\"choices\": [5, 10, 20]}}"}
{"op_code":8,"worker_id":"9c373109-817a-42de-9d93-65719db93261-8316722560","trial_id":25,"user_attr":{"tag":"c8d9145dd3559"}}
{"op_code":8,"worker_id":"9c373109-817a-42de-9d93-65719db93261-8316722560","trial_id":25,"user_attr":{"overrides":{"lr":0.00046453124610817796,"hidden":64,"clone_batch":2048,"clone_weight_decay":1e-05,"clone_class_power":0.6762424822774629,"clone_label_smoothing":0.0,"clone_patience":10}}}
{"op_code":4,"worker_id":"9c373109-817a-42de-9d93-65719db93261-8316722560","study_id":0,"datetime_start":"2026-10-08T03:31:53.427493"}
{"op_code":5,"worker_id":"9c373109-817a-42de-9d93-65719db93261-8316722560","trial_id":26,"param_name":"lr","param_value_internal":0.000556362871120205,"distribution":"{\"name\": \"FloatDistribution\", \"attributes\": {\"step\": null, \"low\": 0.0001, \"high\": 0.01, \"log\": true}}"}
{"op_code":5,"worker_id":"9c373109-817a-42de-9d93-65719db93261-8316722560","trial_id":26,"param_name":"hidden","param_value_internal":1,"distribution":"{\"name\": \"CategoricalDistribution\", \"attributes\": {\"choices\": [64, 128, 256]}}"}
{"op_code":5,"worker_id":"9c373109-817a-42de-9d93-65719db93261-8316722560","trial_id":26,"param_name":"clone_batch","param_value_internal":3,"distribution":"{\"name\": \"CategoricalDistribution\", \"attributes\": {\"choices\": [128, 256, 512, 1024, 2048]}}"}
{"op_code":5,"worker_id":"9c373109-817a-42de-9d93-65719db93261-8316722560","trial_id":26,"param_name":"clone_weight_decay","param_value_internal":3,"distribution":"{\"name\": \"CategoricalDistribution\", \"attributes\": {\"choices\": [0.0, 1e-06, 1e-05, 0.0001, 0.001]}}"}
{"op_code":5,"worker_id":"9c373109-817a-42de-9d93-65719db93261-8316722560","trial_id":26,"param_name":"clone_class_power","param_value_internal":0.9488610207205074,"distribution":"{\"name\": \"FloatDistribution\", \"attributes\": {\"step\": null, \"low\": 0.0, \"high\": 1.0, \"log\": false}}"}
{"op_code":5,"worker_id":"9c373109-817a-42de-9d93-65719db93261-8316722560","trial_id":26,"param_name":"clone_label_smoothing","param_value_internal":1,"distribution":"{\"name\": \"CategoricalDistribution\", \"attributes\": {\"choices\": [0.0, 0.05, 0.1]}}"}
{"op_code":5,"worker_id":"9c373109-817a-42de-9d93-65719db93261-8316722560","trial_id":26,"param_name":"clone_patience","param_value_internal":1,"distribution":"{\"name\": \"CategoricalDistribution\", \"attributes\": {\"choices\": [5, 10, 20]}}"}
{"op_code":8,"worker_id":"9c373109-817a-42de-9d93-65719db93261-8316722560","trial_id":26,"user_attr":{"tag":"c191b9bfa16e8"}}
{"op_code":8,"worker_id":"9c373109-817a-42de-9d93-65719db93261-8316722560","trial_id":26,"user_attr":{"overrides":{"lr":0.000556362871120205,"hidden":128,"clone_batch":1024,"clone_weight_decay":0.0001,"clone_class_power":0.9488610207205074,"clone_label_smoothing":0.05,"clone_patience":10}}}
{"op_code":4,"worker_id":"9c373109-817a-42de-9d93-65719db93261-8316722560","study_id":0,"datetime_start":"2026-10-08T03:31:53.431518"}
{"op_code":5,"worker_id":"9c373109-817a-42de-9d93-65719db93261-8316722560","trial_id":27,"param_name":"lr","param_value_internal":0.002471524166870036,"distribution":"{\"name\": \"FloatDistribution\", \"attributes\": {\"step\": null, \"low\": 0.0001, \"high\": 0.01, \"log\": true}}"}
{"op_code":5,"worker_id":"9c373109-817a-42de-9d93-65719db93261-8316722560","trial_id":27,"param_name":"hidden","param_value_internal":0,"distribution":"{\"name\": \"CategoricalDistribution\", \"attributes\": {\"choices\": [64, 128, 256]}}"}
{"op_code":5,"worker_id":"9c373109-817a-42de-9d93-65719db93261-8316722560","trial_id":27,"param_name":"clone_batch","param_value_internal":0,"distribution":"{\"name\": \"CategoricalDistribution\", \"attributes\": {\"choices\": [128, 256, 512, 1024, 2048]}}"}
{"op_code":5,"worker_id":"9c373109-817a-42de-9d93-65719db93261-8316722560","trial_id":27,"param_name":"clone_weight_decay","param_value_internal":4,"distribution":"{\"name\": \"CategoricalDistribution\", \"attributes\": {\"choices\": [0.0, 1e-06, 1e-05, 0.0001, 0.001]}}"}
{"op_code":5,"worker_id":"9c373109-817a-42de-9d93-65719db93261-8316722560","trial_id":27,"param_name":"clone_class_power","param_value_internal":0.6188261682413765,"distribution":"{\"name\": \"FloatDistribution\", \"attributes\": {\"step\": null, \"low\": 0.0, \"high\": 1.0, \"log\": false}}"}
{"op_code":5,"worker_id":"9c373109-817a-42de-9d93-65719db93261-8316722560","trial_id":27,"param_name":"clone_label_smoothing","param_value_internal":1,"distribution":"{\"name\": \"CategoricalDistribution\", \"attributes\": {\"choices\": [0.0, 0.05, 0.1]}}"}
{"op_code":5,"worker_id":"9c373109-817a-42de-9d93-65719db93261-8316722560","trial_id":27,"param_name":"clone_patience","param_value_internal":1,"distribution":"{\"name\": \"CategoricalDistribution\", \"attributes\": {\"choices\": [5, 10, 20]}}"}
{"op_code":8,"worker_id":"9c373109-817a-42de-9d93-65719db93261-8316722560","trial_id":27,"user_attr":{"tag":"cd1e3df2f56bb"}}
{"op_code":8,"worker_id":"9c373109-817a-42de-9d93-65719db93261-8316722560","trial_id":27,"user_attr":{"overrides":{"lr":0.002471524166870036,"hidden":64,"clone_batch":128,"clone_weight_decay":0.001,"clone_class_power":0.6188261682413765,"clone_label_smoothing":0.05,"clone_patience":10}}}
{"op_code":4,"worker_id":"9c373109-817a-42de-9d93-65719db93261-8316722560","study_id":0,"datetime_start":"2026-10-08T03:31:53.435409"}
{"op_code":5,"worker_id":"9c373109-817a-42de-9d93-65719db93261-8316722560","trial_id":28,"param_name":"lr","param_value_internal":0.007024446930675157,"distribution":"{\"name\": \"FloatDistribution\", \"attributes\": {\"step\": null, \"low\": 0.0001, \"high\": 0.01, \"log\": true}}"}
{"op_code":5,"worker_id":"9c373109-817a-42de-9d93-65719db93261-8316722560","trial_id":28,"param_name":"hidden","param_value_internal":1,"distribution":"{\"name\": \"CategoricalDistribution\", \"attributes\": {\"choices\": [64, 128, 256]}}"}
{"op_code":5,"worker_id":"9c373109-817a-42de-9d93-65719db93261-8316722560","trial_id":28,"param_name":"clone_batch","param_value_internal":3,"distribution":"{\"name\": \"CategoricalDistribution\", \"attributes\": {\"choices\": [128, 256, 512, 1024, 2048]}}"}
{"op_code":5,"worker_id":"9c373109-817a-42de-9d93-65719db93261-8316722560","trial_id":28,"param_name":"clone_weight_decay","param_value_internal":3,"distribution":"{\"name\": \"CategoricalDistribution\", \"attributes\": {\"choices\": [0.0, 1e-06, 1e-05, 0.0001, 0.001]}}"}
{"op_code":5,"worker_id":"9c373109-817a-42de-9d93-65719db93261-8316722560","trial_id":28,"param_name":"clone_class_power","param_value_internal":0.6611175115080995,"distribution":"{\"name\": \"FloatDistribution\", \"attributes\": {\"step\": null, \"low\": 0.0, \"high\": 1.0, \"log\": false}}"}
{"op_code":5,"worker_id":"9c373109-817a-42de-9d93-65719db93261-8316722560","trial_id":28,"param_name":"clone_label_smoothing","param_value_internal":2,"distribution":"{\"name\": \"CategoricalDistribution\", \"attributes\": {\"choices\": [0.0, 0.05, 0.1]}}"}
{"op_code":5,"worker_id":"9c373109-817a-42de-9d93-65719db93261-8316722560","trial_id":28,"param_name":"clone_patience","param_value_internal":0,"distribution":"{\"name\": \"CategoricalDistribution\", \"attributes\": {\"choices\": [5, 10, 20]}}"}
{"op_code":8,"worker_id":"9c373109-817a-42de-9d93-65719db93261-8316722560","trial_id":28,"user_attr":{"tag":"c6503da4e1e59"}}
{"op_code":8,"worker_id":"9c373109-817a-42de-9d93-65719db93261-8316722560","trial_id":28,"user_attr":{"overrides":{"lr":0.007024446930675157,"hidden":128,"clone_batch":1024,"clone_weight_decay":0.0001,"clone_class_power":0.6611175115080995,"clone_label_smoothing":0.1,"clone_patience":5}}}
{"op_code":4,"worker_id":"9c373109-817a-42de-9d93-65719db93261-8316722560","study_id":0,"datetime_start":"2026-10-08T03:31:53.439098"}
{"op_code":5,"worker_id":"9c373109-817a-42de-9d93-65719db93261-8316722560","trial_id":29,"param_name":"lr","param_value_internal":0.0001324820605112304,"distribution":"{\"name\": \"FloatDistribution\", \"attributes\": {\"step\": null, \"low\": 0.0001, \"high\": 0.01, \"log\": true}}"}
{"op_code":5,"worker_id":"9c373109-817a-42de-9d93-65719db93261-8316722560","trial_id":29,"param_name":"hidden","param_value_internal":0,"distribution":"{\"name\": \"CategoricalDistribution\", \"attributes\": {\"choices\": [64, 128, 256]}}"}
{"op_code":5,"worker_id":"9c373109-817a-42de-9d93-65719db93261-8316722560","trial_id":29,"param_name":"clone_batch","param_value_internal":3,"distribution":"{\"name\": \"CategoricalDistribution\", \"attributes\": {\"choices\": [128, 256, 512, 1024, 2048]}}"}
{"op_code":5,"worker_id":"9c373109-817a-42de-9d93-65719db93261-8316722560","trial_id":29,"param_name":"clone_weight_decay","param_value_internal":2,"distribution":"{\"name\": \"CategoricalDistribution\", \"attributes\": {\"choices\": [0.0, 1e-06, 1e-05, 0.0001, 0.001]}}"}
{"op_code":5,"worker_id":"9c373109-817a-42de-9d93-65719db93261-8316722560","trial_id":29,"param_name":"clone_class_power","param_value_internal":0.6803486660150015,"distribution":"{\"name\": \"FloatDistribution\", \"attributes\": {\"step\": null, \"low\": 0.0, \"high\": 1.0, \"log\": false}}"}
{"op_code":5,"worker_id":"9c373109-817a-42de-9d93-65719db93261-8316722560","trial_id":29,"param_name":"clone_label_smoothing","param_value_internal":1,"distribution":"{\"name\": \"CategoricalDistribution\", \"attributes\": {\"choices\": [0.0, 0.05, 0.1]}}"}
{"op_code":5,"worker_id":"9c373109-817a-42de-9d93-65719db93261-8316722560","trial_id":29,"param_name":"clone_patience","param_value_internal":2,"distribution":"{\"name\": \"CategoricalDistribution\", \"attributes\": {\"choices\": [5, 10, 20]}}"}
{"op_code":8,"worker_id":"9c373109-817a-42de-9d93-65719db93261-8316722560","trial_id":29,"user_attr":{"tag":"cdf61e9d56716"}}
{"op_code":8,"worker_id":"9c373109-817a-42de-9d93-65719db93261-8316722560","trial_id":29,"user_attr":{"overrides":{"lr":0.0001324820605112304,"hidden":64,"clone_batch":1024,"clone_weight_decay":1e-05,"clone_class_power":0.6803486660150015,"clone_label_smoothing":0.05,"clone_patience":20}}}
{"op_code":4,"worker_id":"9c373109-817a-42de-9d93-65719db93261-8316722560","study_id":0,"datetime_start":"2026-10-08T03:31:53.442554"}
{"op_code":5,"worker_id":"9c373109-817a-42de-9d93-65719db93261-8316722560","trial_id":30,"param_name":"lr","param_value_internal":0.0005443210893337426,"distribution":"{\"name\": \"FloatDistribution\", \"attributes\": {\"step\": null, \"low\": 0.0001, \"high\": 0.01, \"log\": true}}"}
{"op_code":5,"worker_id":"9c373109-817a-42de-9d93-65719db93261-8316722560","trial_id":30,"param_name":"hidden","param_value_internal":2,"distribution":"{\"name\": \"CategoricalDistribution\", \"attributes\": {\"choices\": [64, 128, 256]}}"}
{"op_code":5,"worker_id":"9c373109-817a-42de-9d93-65719db93261-8316722560","trial_id":30,"param_name":"clone_batch","param_value_internal":4,"distribution":"{\"name\": \"CategoricalDistribution\", \"attributes\": {\"choices\": [128, 256, 512, 1024, 2048]}}"}
{"op_code":5,"worker_id":"9c373109-817a-42de-9d93-65719db93261-8316722560","trial_id":30,"param_name":"clone_weight_decay","param_value_internal":1,"distribution":"{\"name\": \"CategoricalDistribution\", \"attributes\": {\"choices\": [0.0, 1e-06, 1e-05, 0.0001, 0.001]}}"}
{"op_code":5,"worker_id":"9c373109-817a-42de-9d93-65719db93261-8316722560","trial_id":30,"param_name":"clone_class_power","param_value_internal":0.8130538632474607,"distribution":"{\"name\": \"FloatDistribution\", \"attributes\": {\"step\": null, \"low\": 0.0, \"high\": 1.0, \"log\": false}}"}
{"op_code":5,"worker_id":"9c373109-817a-42de-9d93-65719db93261-8316722560","trial_id":30,"param_name":"clone_label_smoothing","param_value_internal":0,"distribution":"{\"name\": \"CategoricalDistribution\", \"attributes\": {\"choices\": [0.0, 0.05, 0.1]}}"}
{"op_code":5,"worker_id":"9c373109-817a-42de-9d93-65719db93261-8316722560","trial_id":30,"param_name":"clone_patience","param_value_internal":0,"distribution":"{\"name\": \"CategoricalDistribution\", \"attributes\": {\"choices\": [5, 10, 20]}}"}
{"op_code":8,"worker_id":"9c373109-817a-42de-9d93-65719db93261-8316722560","trial_id":30,"user_attr":{"tag":"cab05941d0c9a"}}
{"op_code":8,"worker_id":"9c373109-817a-42de-9d93-65719db93261-8316722560","trial_id":30,"user_attr":{"overrides":{"lr":0.0005443210893337426,"hidden":256,"clone_batch":2048,"clone_weight_decay":1e-06,"clone_class_power":0.8130538632474607,"clone_label_smoothing":0.0,"clone_patience":5}}}
{"op_code":4,"worker_id":"9c373109-817a-42de-9d93-65719db93261-8316722560","study_id":0,"datetime_start":"2026-10-08T03:31:53.446343"}
{"op_code":5,"worker_id":"9c373109-817a-42de-9d93-65719db93261-8316722560","trial_id":31,"param_name":"lr","param_value_internal":0.00013343569012282092,"distribution":"{\"name\": \"FloatDistribution\", \"attributes\": {\"step\": null, \"low\": 0.0001, \"high\": 0.01, \"log\": true}}"}
{"op_code":5,"worker_id":"9c373109-817a-42de-9d93-65719db93261-8316722560","trial_id":31,"param_name":"hidden","param_value_internal":2,"distribution":"{\"name\": \"CategoricalDistribution\", \"attributes\": {\"choices\": [64, 128, 256]}}"}
{"op_code":5,"worker_id":"9c373109-817a-42de-9d93-65719db93261-8316722560","trial_id":31,"param_name":"clone_batch","param_value_internal":1,"distribution":"{\"name\": \"CategoricalDistribution\", \"attributes\": {\"choices\": [128, 256, 512, 1024, 2048]}}"}
{"op_code":5,"worker_id":"9c373109-817a-42de-9d93-65719db93261-8316722560","trial_id":31,"param_name":"clone_weight_decay","param_value_internal":3,"distribution":"{\"name\": \"CategoricalDistribution\", \"attributes\": {\"choices\": [0.0, 1e-06, 1e-05, 0.0001, 0.001]}}"}
{"op_code":5,"worker_id":"9c373109-817a-42de-9d93-65719db93261-8316722560","trial_id":31,"param_name":"clone_class_power","param_value_internal":0.3803351835275731,"distribution":"{\"name\": \"FloatDistribution\", \"attributes\": {\"step\": null, \"low\": 0.0, \"high\": 1.0, \"log\": false}}"}
{"op_code":5,"worker_id":"9c373109-817a-42de-9d93-65719db93261-8316722560","trial_id":31,"param_name":"clone_label_smoothing","param_value_internal":1,"distribution":"{\"name\": \"CategoricalDistribution\", \"attributes\": {\"choices\": [0.0, 0.05, 0.1]}}"}
{"op_code":5,"worker_id":"9c373109-817a-42de-9d93-65719db93261-8316722560","trial_id":31,"param_name":"clone_patience","param_value_internal":0,"distribution":"{\"name\": \"CategoricalDistribution\", \"attributes\": {\"choices\": [5, 10, 20]}}"}
{"op_code":8,"worker_id":"9c373109-817a-42de-9d93-65719db93261-8316722560","trial_id":31,"user_attr":{"tag":"c36f9f9a586de"}}
{"op_code":8,"worker_id":"9c373109-817a-42de-9d93-65719db93261-8316722560","trial_id":31,"user_attr":{"overrides":{"lr":0.00013343569012282092,"hidden":256,"clone_batch":256,"clone_weight_decay":0.0001,"clone_class_power":0.3803351835275731,"clone_label_smoothing":0.05,"clone_patience":5}}}
{"op_code":4,"worker_id":"9c373109-817a-42de-9d93-65719db93261-8316722560","study_id":0,"datetime_start":"2026-10-08T03:31:53.449805"}
{"op_code":5,"worker_id":"9c373109-817a-42de-9d93-65719db93261-8316722560","trial_id":32,"param_name":"lr","param_value_internal":0.0014526596027927075,"distribution":"{\"name\": \"FloatDistribution\", \"attributes\": {\"step\": null, \"low\": 0.0001, \"high\": 0.01, \"log\": true}}"}
{"op_code":5,"worker_id":"9c373109-817a-42de-9d93-65719db93261-8316722560","trial_id":32,"param_name":"hidden","param_value_internal":2,"distribution":"{\"name\": \"CategoricalDistribution\", \"attributes\": {\"choices\": [64, 128, 256]}}"}
{"op_code":5,"worker_id":"9c373109-817a-42de-9d93-65719db93261-8316722560","trial_id":32,"param_name":"clone_batch","param_value_internal":4,"distribution":"{\"name\": \"CategoricalDistribution\", \"attributes\": {\"choices\": [128, 256, 512, 1024, 2048]}}"}
{"op_code":5,"worker_id":"9c373109-817a-42de-9d93-65719db93261-8316722560","trial_id":32,"param_name":"clone_weight_decay","param_value_internal":1,"distribution":"{\"name\": \"CategoricalDistribution\", \"attributes\": {\"choices\": [0.0, 1e-06, 1e-05, 0.0001, 0.001]}}"}
{"op_code":5,"worker_id":"9c373109-817a-42de-9d93-65719db93261-8316722560","trial_id":32,"param_name":"clone_class_power","param_value_internal":0.39981214000933074,"distribution":"{\"name\": \"FloatDistribution\", \"attributes\": {\"step\": null, \"low\": 0.0, \"high\": 1.0, \"log\": false}}"}
{"op_code":5,"worker_id":"9c373109-817a-42de-9d93-65719db93261-8316722560","trial_id":32,"param_name":"clone_label_smoothing","param_value_internal":2,"distribution":"{\"name\": \"CategoricalDistribution\", \"attributes\": {\"choices\": [0.0, 0.05, 0.1]}}"}
{"op_code":5,"worker_id":"9c373109-817a-42de-9d93-65719db93261-8316722560","trial_id":32,"param_name":"clone_patience","param_value_internal":0,"distribution":"{\"name\": \"CategoricalDistribution\", \"attributes\": {\"choices\": [5, 10, 20]}}"}
{"op_code":8,"worker_id":"9c373109-817a-42de-9d93-65719db93261-8316722560","trial_id":32,"user_attr":{"tag":"c4ca09932a70e"}}
{"op_code":8,"worker_id":"9c373109-817a-42de-9d93-65719db93261-8316722560","trial_id":32,"user_attr":{"overrides":{"lr":0.0014526596027927075,"hidden":256,"clone_batch":2048,"clone_weight_decay":1e-06,"clone_class_power":0.39981214000933074,"clone_label_smoothing":0.1,"clone_patience":5}}}
{"op_code":4,"worker_id":"9c373109-817a-42de-9d93-65719db93261-8316722560","study_id":0,"datetime_start":"2026-10-08T03:31:53.453415"}
{"op_code":5,"worker_id":"9c373109-817a-42de-9d93-65719db93261-8316722560","trial_id":33,"param_name":"lr","param_value_internal":0.0016945539479288462,"distribution":"{\"name\": \"FloatDistribution\", \"attributes\": {\"step\": null, \"low\": 0.0001, \"high\": 0.01, \"log\": true}}"}
{"op_code":5,"worker_id":"9c373109-817a-42de-9d93-65719db93261-8316722560","trial_id":33,"param_name":"hidden","param_value_internal":1,"distribution":"{\"name\": \"CategoricalDistribution\", \"attributes\": {\"choices\": [64, 128, 256]}}"}
{"op_code":5,"worker_id":"9c373109-817a-42de-9d93-65719db93261-8316722560","trial_id":33,"param_name":"clone_batch","param_value_internal":0,"distribution":"{\"name\": \"CategoricalDistribution\", \"attributes\": {\"choices\": [128, 256, 512, 1024, 2048]}}"}
{"op_code":5,"worker_id":"9c373109-817a-42de-9d93-65719db93261-8316722560","trial_id":33,"param_name":"clone_weight_decay","param_value_internal":2,"distribution":"{\"name\": \"CategoricalDistribution\", \"attributes\": {\"choices\": [0.0, 1e-06, 1e-05, 0.0001, 0.001]}}"}
{"op_code":5,"worker_id":"9c373109-817a-42de-9d93-65719db93261-8316722560","trial_id":33,"param_name":"clone_class_power","param_value_internal":0.7032174964672158,"distribution":"{\"name\": \"FloatDistribution\", \"attributes\": {\"step\": null, \"low\": 0.0, \"high\": 1.0, \"log\": false}}"}
{"op_code":5,"worker_id":"9c373109-817a-42de-9d93-65719db93261-8316722560","trial_id":33,"param_name":"clone_label_smoothing","param_value_internal":1,"distribution":"{\"name\": \"CategoricalDistribution\", \"attributes\": {\"choices\": [0.0, 0.05, 0.1]}}"}
{"op_code":5,"worker_id":"9c373109-817a-42de-9d93-65719db93261-8316722560","trial_id":33,"param_name":"clone_patience","param_value_internal":0,"distribution":"{\"name\": \"CategoricalDistribution\", \"attributes\": {\"choices\": [5, 10, 20]}}"}
{"op_code":8,"worker_id":"9c373109-817a-42de-9d93-65719db93261-8316722560","trial_id":33,"user_attr":{"tag":"cbeefd6acfe51"}}
{"op_code":8,"worker_id":"9c373109-817a-42de-9d93-65719db93261-8316722560","trial_id":33,"user_attr":{"overrides":{"lr":0.0016945539479288462,"hidden":128,"clone_batch":128,"clone_weight_decay":1e-05,"clone_class_power":0.7032174964672158,"clone_label_smoothing":0.05,"clone_patience":5}}}
{"op_code":4,"worker_id":"9c373109-817a-42de-9d93-65719db93261-8316722560","study_id":0,"datetime_start":"2026-10-08T03:31:53.457380"}
{"op_code":5,"worker_id":"9c373109-817a-42de-9d93-65719db93261-8316722560","trial_id":34,"param_name":"lr","param_value_internal":0.0006434091546131844,"distribution":"{\"name\": \"FloatDistribution\", \"attributes\": {\"step\": null, \"low\": 0.0001, \"high\": 0.01, \"log\": true}}"}
{"op_code":5,"worker_id":"9c373109-817a-42de-9d93-65719db93261-8316722560","trial_id":34,"param_name":"hidden","param_value_internal":0,"distribution":"{\"name\": \"CategoricalDistribution\", \"attributes\": {\"choices\": [64, 128, 256]}}"}
{"op_code":5,"worker_id":"9c373109-817a-42de-9d93-65719db93261-8316722560","trial_id":34,"param_name":"clone_batch","param_value_internal":2,"distribution":"{\"name\": \"CategoricalDistribution\", \"attributes\": {\"choices\": [128, 256, 512, 1024, 2048]}}"}
{"op_code":5,"worker_id":"9c373109-817a-42de-9d93-65719db93261-8316722560","trial_id":34,"param_name":"clone_weight_decay","param_value_internal":4,"distribution":"{\"name\": \"CategoricalDistribution\", \"attributes\": {\"choices\": [0.0, 1e-06, 1e-05, 0.0001, 0.001]}}"}
{"op_code":5,"worker_id":"9c373109-817a-42de-9d93-65719db93261-8316722560","trial_id":34,"param_name":"clone_class_power","param_value_internal":0.06614946211695472,"distribution":"{\"name\": \"FloatDistribution\", \"attributes\": {\"step\": null, \"low\": 0.0, \"high\": 1.0, \"log\": false}}"}
{"op_code":5,"worker_id":"9c373109-817a-42de-9d93-65719db93261-8316722560","trial_id":34,"param_name":"clone_label_smoothing","param_value_internal":1,"distribution":"{\"name\": \"CategoricalDistribution\", \"attributes\": {\"choices\": [0.0, 0.05, 0.1]}}"}
{"op_code":5,"worker_id":"9c373109-817a-42de-9d93-65719db93261-8316722560","trial_id":34,"param_name":"clone_patience","param_value_internal":1,"distribution":"{\"name\": \"CategoricalDistribution\", \"attributes\": {\"choices\": [5, 10, 20]}}"}
{"op_code":8,"worker_id":"9c373109-817a-42de-9d93-65719db93261-8316722560","trial_id":34,"user_attr":{"tag":"c0cc05633f076"}}
{"op_code":8,"worker_id":"9c373109-817a-42de-9d93-65719db93261-8316722560","trial_id":34,"user_attr":{"overrides":{"lr":0.0006434091546131844,"hidden":64,"clone_batch":512,"clone_weight_decay":0.001,"clone_class_power":0.06614946211695472,"clone_label_smoothing":0.05,"clone_patience":10}}}
{"op_code":4,"worker_id":"9c373109-817a-42de-9d93-65719db93261-8316722560","study_id":0,"datetime_start":"2026-10-08T03:31:53.462126"}
{"op_code":5,"worker_id":"9c373109-817a-42de-9d93-65719db93261-8316722560","trial_id":35,"param_name":"lr","param_value_internal":0.00020264586936434337,"distribution":"{\"name\": \"FloatDistribution\", \"attributes\": {\"step\": null, \"low\": 0.0001, \"high\": 0.01, \"log\": true}}"}
{"op_code":5,"worker_id":"9c373109-817a-42de-9d93-65719db93261-8316722560","trial_id":35,"param_name":"hidden","param_value_internal":2,"distribution":"{\"name\": \"CategoricalDistribution\", \"attributes\": {\"choices\": [64, 128, 256]}}"}
{"op_code":5,"worker_id":"9c373109-817a-42de-9d93-65719db93261-8316722560","trial_id":35,"param_name":"clone_batch","param_value_internal":3,"distribution":"{\"name\": \"CategoricalDistribution\", \"attributes\": {\"choices\": [128, 256, 512, 1024, 2048]}}"}
{"op_code":5,"worker_id":"9c373109-817a-42de-9d93-65719db93261-8316722560","trial_id":35,"param_name":"clone_weight_decay","param_value_internal":4,"distribution":"{\"name\": \"CategoricalDistribution\", \"attributes\": {\"choices\": [0.0, 1e-06, 1e-05, 0.0001, 0.001]}}"}
{"op_code":5,"worker_id":"9c373109-817a-42de-9d93-65719db93261-8316722560","trial_id":35,"param_name":"clone_class_power","param_value_internal":0.7592824517166681,"distribution":"{\"name\": \"FloatDistribution\", \"attributes\": {\"step\": null, \"low\": 0.0, \"high\": 1.0, \"log\": false}}"}
{"op_code":5,"worker_id":"9c373109-817a-42de-9d93-65719db93261-8316722560","trial_id":35,"param_name":"clone_label_smoothing","param_value_internal":1,"distribution":"{\"name\": \"CategoricalDistribution\", \"attributes\": {\"choices\": [0.0, 0.05, 0.1]}}"}
{"op_code":5,"worker_id":"9c373109-817a-42de-9d93-65719db93261-8316722560","trial_id":35,"param_name":"clone_patience","param_value_internal":2,"distribution":"{\"name\": \"CategoricalDistribution\", \"attributes\": {\"choices\": [5, 10, 20]}}"}
{"op_code":8,"worker_id":"9c373109-817a-42de-9d93-65719db93261-8316722560","trial_id":35,"user_attr":{"tag":"cdb96461a411d"}}
{"op_code":8,"worker_id":"9c373109-817a-42de-9d93-65719db93261-8316722560","trial_id":35,"user_attr":{"overrides":{"lr":0.00020264586936434337,"hidden":256,"clone_batch":1024,"clone_weight_decay":0.001,"clone_class_power":0.7592824517166681,"clone_label_smoothing":0.05,"clone_patience":20}}}
{"op_code":4,"worker_id":"9c373109-817a-42de-9d93-65719db93261-8316722560","study_id":0,"datetime_start":"2026-10-08T03:31:53.466171"}
{"op_code":5,"worker_id":"9c373109-817a-42de-9d93-65719db93261-8316722560","trial_id":36,"param_name":"lr","param_value_internal":0.00230929752519108,"distribution":"{\"name\": \"FloatDistribution\", \"attributes\": {\"step\": null, \"low\": 0.0001, \"high\": 0.01, \"log\": true}}"}
{"op_code":5,"worker_id":"9c373109-817a-42de-9d93-65719db93261-8316722560","trial_id":36,"param_name":"hidden","param_value_internal":1,"distribution":"{\"name\": \"CategoricalDistribution\", \"attributes\": {\"choices\": [64, 128, 256]}}"}
{"op_code":5,"worker_id":"9c373109-817a-42de-9d93-65719db93261-8316722560","trial_id":36,"param_name":"clone_batch","param_value_internal":2,"distribution":"{\"name\": \"CategoricalDistribution\", \"attributes\": {\"choices\": [128, 256, 512, 1024, 2048]}}"}
{"op_code":5,"worker_id":"9c373109-817a-42de-9d93-65719db93261-8316722560","trial_id":36,"param_name":"clone_weight_decay","param_value_internal":4,"distribution":"{\"name\": \"CategoricalDistribution\", \"attributes\": {\"choices\": [0.0, 1e-06, 1e-05, 0.0001, 0.001]}}"}
{"op_code":5,"worker_id":"9c373109-817a-42de-9d93-65719db93261-8316722560","trial_id":36,"param_name":"clone_class_power","param_value_internal":0.5076355472407649,"distribution":"{\"name\": \"FloatDistribution\", \"attributes\": {\"step\": null, \"low\": 0.0, \"high\": 1.0, \"log\": false}}"}
{"op_code":5,"worker_id":"9c373109-817a-42de-9d93-65719db93261-8316722560","trial_id":36,"param_name":"clone_label_smoothing","param_value_internal":2,"distribution":"{\"name\": \"CategoricalDistribution\", \"attributes\": {\"choices\": [0.0, 0.05, 0.1]}}"}
{"op_code":5,"worker_id":"9c373109-817a-42de-9d93-65719db93261-8316722560","trial_id":36,"param_name":"clone_patience","param_value_internal":2,"distribution":"{\"name\": \"CategoricalDistribution\", \"attributes\": {\"choices\": [5, 10, 20]}}"}
{"op_code":8,"worker_id":"9c373109-817a-42de-9d93-65719db93261-8316722560","trial_id":36,"user_attr":{"tag":"cc678b5338e80"}}
{"op_code":8,"worker_id":"9c373109-817a-42de-9d93-65719db93261-8316722560","trial_id":36,"user_attr":{"overrides":{"lr":0.00230929752519108,"hidden":128,"clone_batch":512,"clone_weight_decay":0.001,"clone_class_power":0.5076355472407649,"clone_label_smoothing":0.1,"clone_patience":20}}}
{"op_code":4,"worker_id":"9c373109-817a-42de-9d93-65719db93261-8316722560","study_id":0,"datetime_start":"2026-10-08T03:31:53.469938"}
{"op_code":5,"worker_id":"9c373109-817a-42de-9d93-65719db93261-8316722560","trial_id":37,"param_name":"lr","param_value_internal":0.0005544182236337375,"distribution":"{\"name\": \"FloatDistribution\", \"attributes\": {\"step\": null, \"low\": 0.0001, \"high\": 0.01, \"log\": true}}"}
{"op_code":5,"worker_id":"9c373109-817a-42de-9d93-65719db93261-8316722560","trial_id":37,"param_name":"hidden","param_value_internal":2,"distribution":"{\"name\": \"CategoricalDistribution\", \"attributes\": {\"choices\": [64, 128, 256]}}"}
{"op_code":5,"worker_id":"9c373109-817a-42de-9d93-65719db93261-8316722560","trial_id":37,"param_name":"clone_batch","param_value_internal":4,"distribution":"{\"name\": \"CategoricalDistribution\", \"attributes\": {\"choices\": [128, 256, 512, 1024, 2048]}}"}
{"op_code":5,"worker_id":"9c373109-817a-42de-9d93-65719db93261-8316722560","trial_id":37,"param_name":"clone_weight_decay","param_value_internal":1,"distribution":"{\"name\": \"CategoricalDistribution\", \"attributes\": {\"choices\": [0.0, 1e-06, 1e-05, 0.0001, 0.001]}}"}
{"op_code":5,"worker_id":"9c373109-817a-42de-9d93-65719db93261-8316722560","trial_id":37,"param_name":"clone_class_power","param_value_internal":0.6756891476442668,"distribution":"{\"name\": \"FloatDistribution\", \"attributes\": {\"step\": null, \"low\": 0.0, \"high\": 1.0, \"log\": false}}"}
{"op_code":5,"worker_id":"9c373109-817a-42de-9d93-65719db93261-8316722560","trial_id":37,"param_name":"clone_label_smoothing","param_value_internal":0,"distribution":"{\"name\": \"CategoricalDistribution\", \"attributes\": {\"choices\": [0.0, 0.05, 0.1]}}"}
{"op_code":5,"worker_id":"9c373109-817a-42de-9d93-65719db93261-8316722560","trial_id":37,"param_name":"clone_patience","param_value_internal":0,"distribution":"{\"name\": \"CategoricalDistribution\", \"attributes\": {\"choices\": [5, 10, 20]}}"}
{"op_code":8,"worker_id":"9c373109-817a-42de-9d93-65719db93261-8316722560","trial_id":37,"user_attr":{"tag":"c78fdcb657ed8"}}
{"op_code":8,"worker_id":"9c373109-817a-42de-9d93-65719db93261-8316722560","trial_id":37,"user_attr":{"overrides":{"lr":0.0005544182236337375,"hidden":256,"clone_batch":2048,"clone_weight_decay":1e-06,"clone_class_power":0.6756891476442668,"clone_label_smoothing":0.0,"clone_patience":5}}}
{"op_code":4,"worker_id":"9c373109-817a-42de-9d93-65719db93261-8316722560","study_id":0,"datetime_start":"2026-10-08T03:31:53.473722"}
{"op_code":5,"worker_id":"9c373109-817a-42de-9d93-65719db93261-8316722560","trial_id":38,"param_name":"lr","param_value_internal":0.0009725583524397942,"distribution":"{\"name\": \"FloatDistribution\", \"attributes\": {\"step\": null, \"low\": 0.0001, \"high\": 0.01, \"log\": true}}"}
{"op_code":5,"worker_id":"9c373109-817a-42de-9d93-65719db93261-8316722560","trial_id":38,"param_name":"hidden","param_value_internal":1,"distribution":"{\"name\": \"CategoricalDistribution\", \"attributes\": {\"choices\": [64, 128, 256]}}"}
{"op_code":5,"worker_id":"9c373109-817a-42de-9d93-65719db93261-8316722560","trial_id":38,"param_name":"clone_batch","param_value_internal":1,"distribution":"{\"name\": \"CategoricalDistribution\", \"attributes\": {\"choices\": [128, 256, 512, 1024, 2048]}}"}
{"op_code":5,"worker_id":"9c373109-817a-42de-9d93-65719db93261-8316722560","trial_id":38,"param_name":"clone_weight_decay","param_value_internal":4,"distribution":"{\"name\": \"CategoricalDistribution\", \"attributes\": {\"choices\": [0.0, 1e-06, 1e-05, 0.0001, 0.001]}}"}
{"op_code":5,"worker_id":"9c373109-817a-42de-9d93-65719db93261-8316722560","trial_id":38,"param_name":"clone_class_power","param_value_internal":0.24655693981115612,"distribution":"{\"name\": \"FloatDistribution\", \"attributes\": {\"step\": null, \"low\": 0.0, \"high\": 1.0, \"log\": false}}"}
{"op_code":5,"worker_id":"9c373109-817a-42de-9d93-65719db93261-8316722560","trial_id":38,"param_name":"clone_label_smoothing","param_value_internal":2,"distribution":"{\"name\": \"CategoricalDistribution\", \"attributes\": {\"choices\": [0.0, 0.05, 0.1]}}"}
{"op_code":5,"worker_id":"9c373109-817a-42de-9d93-65719db93261-8316722560","trial_id":38,"param_name":"clone_patience","param_value_internal":0,"distribution":"{\"name\": \"CategoricalDistribution\", \"attributes\": {\"choices\": [5, 10, 20]}}"}
{"op_code":8,"worker_id":"9c373109-817a-42de-9d93-65719db93261-8316722560","trial_id":38,"user_attr":{"tag":"cd3471e70533e"}}
{"op_code":8,"worker_id":"9c373109-817a-42de-9d93-65719db93261-8316722560","trial_id":38,"user_attr":{"overrides":{"lr":0.0009725583524397942,"hidden":128,"clone_batch":256,"clone_weight_decay":0.001,"clone_class_power":0.24655693981115612,"clone_label_smoothing":0.1,"clone_patience":5}}}
{"op_code":4,"worker_id":"9c373109-817a-42de-9d93-65719db93261-8316722560","study_id":0,"datetime_start":"2026-10-08T03:31:53.477407"}
{"op_code":5,"worker_id":"9c373109-817a-42de-9d93-65719db93261-8316722560","trial_id":39,"param_name":"lr","param_value_internal":0.0003168082085545792,"distribution":"{\"name\": \"FloatDistribution\", \"attributes\": {\"step\": null, \"low\": 0.0001, \"high\": 0.01, \"log\": true}}"}
{"op_code":5,"worker_id":"9c373109-817a-42de-9d93-65719db93261-8316722560","trial_id":39,"param_name":"hidden","param_value_internal":2,"distribution":"{\"name\": \"CategoricalDistribution\", \"attributes\": {\"choices\": [64, 128, 256]}}"}
{"op_code":5,"worker_id":"9c373109-817a-42de-9d93-65719db93261-8316722560","trial_id":39,"param_name":"clone_batch","param_value_internal":4,"distribution":"{\"name\": \"CategoricalDistribution\", \"attributes\": {\"choices\": [128, 256, 512, 1024, 2048]}}"}
{"op_code":5,"worker_id":"9c373109-817a-42de-9d93-65719db93261-8316722560","trial_id":39,"param_name":"clone_weight_decay","param_value_internal":1,"distribution":"{\"name\": \"CategoricalDistribution\", \"attributes\": {\"choices\": [0.0, 1e-06, 1e-05, 0.0001, 0.001]}}"}
{"op_code":5,"worker_id":"9c373109-817a-42de-9d93-65719db93261-8316722560","trial_id":39,"param_name":"clone_class_power","param_value_internal":0.2885699576516956,"distribution":"{\"name\": \"FloatDistribution\", \"attributes\": {\"step\": null, \"low\": 0.0, \"high\": 1.0, \"log\": false}}"}
{"op_code":5,"worker_id":"9c373109-817a-42de-9d93-65719db93261-8316722560","trial_id":39,"param_name":"clone_label_smoothing","param_value_internal":0,"distribution":"{\"name\": \"CategoricalDistribution\", \"attributes\": {\"choices\": [0.0, 0.05, 0.1]}}"}
{"op_code":5,"worker_id":"9c373109-817a-42de-9d93-65719db93261-8316722560","trial_id":39,"param_name":"clone_patience","param_value_internal":2,"distribution":"{\"name\": \"CategoricalDistribution\", \"attributes\": {\"choices\": [5, 10, 20]}}"}
{"op_code":8,"worker_id":"9c373109-817a-42de-9d93-65719db93261-8316722560","trial_id":39,"user_attr":{"tag":"cee34827f6616"}}
{"op_code":8,"worker_id":"9c373109-817a-42de-9d93-65719db93261-8316722560","trial_id":39,"user_attr":{"overrides":{"lr":0.0003168082085545792,"hidden":256,"clone_batch":2048,"clone_weight_decay":1e-06,"clone_class_power":0.2885699576516956,"clone_label_smoothing":0.0,"clone_patience":20}}}
{"op_code":4,"worker_id":"9c373109-817a-42de-9d93-65719db93261-8316722560","study_id":0,"datetime_start":"2026-10-08T03:31:53.480771"}
{"op_code":5,"worker_id":"9c373109-817a-42de-9d93-65719db93261-8316722560","trial_id":40,"param_name":"lr","param_value_internal":0.0011319178224716007,"distribution":"{\"name\": \"FloatDistribution\", \"attributes\": {\"step\": null, \"low\": 0.0001, \"high\": 0.01, \"log\": true}}"}
{"op_code":5,"worker_id":"9c373109-817a-42de-9d93-65719db93261-8316722560","trial_id":40,"param_name":"hidden","param_value_internal":0,"distribution":"{\"name\": \"CategoricalDistribution\", \"attributes\": {\"choices\": [64, 128, 256]}}"}
{"op_code":5,"worker_id":"9c373109-817a-42de-9d93-65719db93261-8316722560","trial_id":40,"param_name":"clone_batch","param_value_internal":2,"distribution":"{\"name\": \"CategoricalDistribution\", \"attributes\": {\"choices\": [128, 256, 512, 1024, 2048]}}"}
{"op_code":5,"worker_id":"9c373109-817a-42de-9d93-65719db93261-8316722560","trial_id":40,"param_name":"clone_weight_decay","param_value_internal":0,"distribution":"{\"name\": \"CategoricalDistribution\", \"attributes\": {\"choices\": [0.0, 1e-06, 1e-05, 0.0001, 0.001]}}"}
{"op_code":5,"worker_id":"9c373109-817a-42de-9d93-65719db93261-8316722560","trial_id":40,"param_name":"clone_class_power","param_value_internal":0.6374622773722066,"distribution":"{\"name\": \"FloatDistribution\", \"attributes\": {\"step\": null, \"low\": 0.0, \"high\": 1.0, \"log\": false}}"}
{"op_code":5,"worker_id":"9c373109-817a-42de-9d93-65719db93261-8316722560","trial_id":40,"param_name":"clone_label_smoothing","param_value_internal":2,"distribution":"{\"name\": \"CategoricalDistribution\", \"attributes\": {\"choices\": [0.0, 0.05, 0.1]}}"}
{"op_code":5,"worker_id":"9c373109-817a-42de-9d93-65719db93261-8316722560","trial_id":40,"param_name":"clone_patience","param_value_internal":2,"distribution":"{\"name\": \"CategoricalDistribution\", \"attributes\": {\"choices\": [5, 10, 20]}}"}
{"op_code":8,"worker_id":"9c373109-817a-42de-9d93-65719db93261-8316722560","trial_id":40,"user_attr":{"tag":"c6a0cf9e66600"}}
{"op_code":8,"worker_id":"9c373109-817a-42de-9d93-65719db93261-8316722560","trial_id":40,"user_attr":{"overrides":{"lr":0.0011319178224716007,"hidden":64,"clone_batch":512,"clone_weight_decay":0.0,"clone_class_power":0.6374622773722066,"clone_label_smoothing":0.1,"clone_patience":20}}}
{"op_code":4,"worker_id":"9c373109-817a-42de-9d93-65719db93261-8316722560","study_id":0,"datetime_start":"2026-10-08T03:31:53.484262"}
{"op_code":5,"worker_id":"9c373109-817a-42de-9d93-65719db93261-8316722560","trial_id":41,"param_name":"lr","param_value_internal":0.0006858330717111838,"distribution":"{\"name\": \"FloatDistribution\", \"attributes\": {\"step\": null, \"low\": 0.0001, \"high\": 0.01, \"log\": true}}"}
{"op_code":5,"worker_id":"9c373109-817a-42de-9d93-65719db93261-8316722560","trial_id":41,"param_name":"hidden","param_value_internal":2,"distribution":"{\"name\": \"CategoricalDistribution\", \"attributes\": {\"choices\": [64, 128, 256]}}"}
{"op_code":5,"worker_id":"9c373109-817a-42de-9d93-65719db93261-8316722560","trial_id":41,"param_name":"clone_batch","param_value_internal":1,"distribution":"{\"name\": \"CategoricalDistribution\", \"attributes\": {\"choices\": [128, 256, 512, 1024, 2048]}}"}
{"op_code":5,"worker_id":"9c373109-817a-42de-9d93-65719db93261-8316722560","trial_id":41,"param_name":"clone_weight_decay","param_value_internal":1,"distribution":"{\"name\": \"CategoricalDistribution\", \"attributes\": {\"choices\": [0.0, 1e-06, 1e-05, 0.0001, 0.001]}}"}
{"op_code":5,"worker_id":"9c373109-817a-42de-9d93-65719db93261-8316722560","trial_id":41,"param_name":"clone_class_power","param_value_internal":0.9195074069058207,"distribution":"{\"name\": \"FloatDistribution\", \"attributes\": {\"step\": null, \"low\": 0.0, \"high\": 1.0, \"log\": false}}"}
{"op_code":5,"worker_id":"9c373109-817a-42de-9d93-65719db93261-8316722560","trial_id":41,"param_name":"clone_label_smoothing","param_value_internal":0,"distribution":"{\"name\": \"CategoricalDistribution\", \"attributes\": {\"choices\": [0.0, 0.05, 0.1]}}"}
{"op_code":5,"worker_id":"9c373109-817a-42de-9d93-65719db93261-8316722560","trial_id":41,"param_name":"clone_patience","param_value_internal":2,"distribution":"{\"name\": \"CategoricalDistribution\", \"attributes\": {\"choices\": [5, 10, 20]}}"}
{"op_code":8,"worker_id":"9c373109-817a-42de-9d93-65719db93261-8316722560","trial_id":41,"user_attr":{"tag":"c646545b07e57"}}
{"op_code":8,"worker_id":"9c373109-817a-42de-9d93-65719db93261-8316722560","trial_id":41,"user_attr":{"overrides":{"lr":0.0006858330717111838,"hidden":256,"clone_batch":256,"clone_weight_decay":1e-06,"clone_class_power":0.9195074069058207,"clone_label_smoothing":0.0,"clone_patience":20}}}
{"op_code":4,"worker_id":"9c373109-817a-42de-9d93-65719db93261-8316722560","study_id":0,"datetime_start":"2026-10-08T03:31:53.488519"}
{"op_code":5,"worker_id":"9c373109-817a-42de-9d93-65719db93261-8316722560","trial_id":42,"param_name":"lr","param_value_internal":0.007024422334960494,"distribution":"{\"name\": \"FloatDistribution\", \"attributes\": {\"step\": null, \"low\": 0.0001, \"high\": 0.01, \"log\": true}}"}
{"op_code":5,"worker_id":"9c373109-817a-42de-9d93-65719db93261-8316722560","trial_id":42,"param_name":"hidden","param_value_internal":2,"distribution":"{\"name\": \"CategoricalDistribution\", \"attributes\": {\"choices\": [64, 128, 256]}}"}
{"op_code":5,"worker_id":"9c373109-817a-42de-9d93-65719db93261-8316722560","trial_id":42,"param_name":"clone_batch","param_value_internal":0,"distribution":"{\"name\": \"CategoricalDistribution\", \"attributes\": {\"choices\": [128, 256, 512, 1024, 2048]}}"}
{"op_code":5,"worker_id":"9c373109-817a-42de-9d93-65719db93261-8316722560","trial_id":42,"param_name":"clone_weight_decay","param_value_internal":0,"distribution":"{\"name\": \"CategoricalDistribution\", \"attributes\": {\"choices\": [0.0, 1e-06, 1e-05, 0.0001, 0.001]}}"}
{"op_code":5,"worker_id":"9c373109-817a-42de-9d93-65719db93261-8316722560","trial_id":42,"param_name":"clone_class_power","param_value_internal":0.44687696394619913,"distribution":"{\"name\": \"FloatDistribution\", \"attributes\": {\"step\": null, \"low\": 0.0, \"high\": 1.0, \"log\": false}}"}
{"op_code":5,"worker_id":"9c373109-817a-42de-9d93-65719db93261-8316722560","trial_id":42,"param_name":"clone_label_smoothing","param_value_internal":2,"distribution":"{\"name\": \"CategoricalDistribution\", \"attributes\": {\"choices\": [0.0, 0.05, 0.1]}}"}
{"op_code":5,"worker_id":"9c373109-817a-42de-9d93-65719db93261-8316722560","trial_id":42,"param_name":"clone_patience","param_value_internal":0,"distribution":"{\"name\": \"CategoricalDistribution\", \"attributes\": {\"choices\": [5, 10, 20]}}"}
{"op_code":8,"worker_id":"9c373109-817a-42de-9d93-65719db93261-8316722560","trial_id":42,"user_attr":{"tag":"c5259416210a8"}}
{"op_code":8,"worker_id":"9c373109-817a-42de-9d93-65719db93261-8316722560","trial_id":42,"user_attr":{"overrides":{"lr":0.007024422334960494,"hidden":256,"clone_batch":128,"clone_weight_decay":0.0,"clone_class_power":0.44687696394619913,"clone_label_smoothing":0.1,"clone_patience":5}}}
{"op_code":4,"worker_id":"9c373109-817a-42de-9d93-65719db93261-8316722560","study_id":0,"datetime_start":"2026-10-08T03:31:53.492423"}
{"op_code":5,"worker_id":"9c373109-817a-42de-9d93-65719db93261-8316722560","trial_id":43,"param_name":"lr","param_value_internal":0.0014302726980584006,"distribution":"{\"name\": \"FloatDistribution\", \"attributes\": {\"step\": null, \"low\": 0.0001, \"high\": 0.01, \"log\": true}}"}
{"op_code":5,"worker_id":"9c373109-817a-42de-9d93-65719db93261-8316722560","trial_id":43,"param_name":"hidden","param_value_internal":1,"distribution":"{\"name\": \"CategoricalDistribution\", \"attributes\": {\"choices\": [64, 128, 256]}}"}
{"op_code":5,"worker_id":"9c373109-817a-42de-9d93-65719db93261-8316722560","trial_id":43,"param_name":"clone_batch","param_value_internal":3,"distribution":"{\"name\": \"CategoricalDistribution\", \"attributes\": {\"choices\": [128, 256, 512, 1024, 2048]}}"}
{"op_code":5,"worker_id":"9c373109-817a-42de-9d93-65719db93261-8316722560","trial_id":43,"param_name":"clone_weight_decay","param_value_internal":3,"distribution":"{\"name\": \"CategoricalDistribution\", \"attributes\": {\"choices\": [0.0, 1e-06, 1e-05, 0.0001, 0.001]}}"}
{"op_code":5,"worker_id":"9c373109-817a-42de-9d93-65719db93261-8316722560","trial_id":43,"param_name":"clone_class_power","param_value_internal":0.8667885432590956,"distribution":"{\"name\": \"FloatDistribution\", \"attributes\": {\"step\": null, \"low\": 0.0, \"high\": 1.0, \"log\": false}}"}
{"op_code":5,"worker_id":"9c373109-817a-42de-9d93-65719db93261-8316722560","trial_id":43,"param_name":"clone_label_smoothing","param_value_internal":0,"distribution":"{\"name\": \"CategoricalDistribution\", \"attributes\": {\"choices\": [0.0, 0.05, 0.1]}}"}
{"op_code":5,"worker_id":"9c373109-817a-42de-9d93-65719db93261-8316722560","trial_id":43,"param_name":"clone_patience","param_value_internal":0,"distribution":"{\"name\": \"CategoricalDistribution\", \"attributes\": {\"choices\": [5, 10, 20]}}"}
{"op_code":8,"worker_id":"9c373109-817a-42de-9d93-65719db93261-8316722560","trial_id":43,"user_attr":{"tag":"c900b196df2db"}}
{"op_code":8,"worker_id":"9c373109-817a-42de-9d93-65719db93261-8316722560","trial_id":43,"user_attr":{"overrides":{"lr":0.0014302726980584006,"hidden":128,"clone_batch":1024,"clone_weight_decay":0.0001,"clone_class_power":0.8667885432590956,"clone_label_smoothing":0.0,"clone_patience":5}}}
{"op_code":4,"worker_id":"9c373109-817a-42de-9d93-65719db93261-8316722560","study_id":0,"datetime_start":"2026-10-08T03:31:53.496909"}
{"op_code":5,"worker_id":"9c373109-817a-42de-9d93-65719db93261-8316722560","trial_id":44,"param_name":"lr","param_value_internal":0.00013145175115772452,"distribution":"{\"name\": \"FloatDistribution\", \"attributes\": {\"step\": null, \"low\": 0.0001, \"high\": 0.01, \"log\": true}}"}
{"op_code":5,"worker_id":"9c373109-817a-42de-9d93-65719db93261-8316722560","trial_id":44,"param_name":"hidden","param_value_internal":1,"distribution":"{\"name\": \"CategoricalDistribution\", \"attributes\": {\"choices\": [64, 128, 256]}}"}
{"op_code":5,"worker_id":"9c373109-817a-42de-9d93-65719db93261-8316722560","trial_id":44,"param_name":"clone_batch","param_value_internal":3,"distribution":"{\"name\": \"CategoricalDistribution\", \"attributes\": {\"choices\": [128, 256, 512, 1024, 2048]}}"}
{"op_code":5,"worker_id":"9c373109-817a-42de-9d93-65719db93261-8316722560","trial_id":44,"param_name":"clone_weight_decay","param_value_internal":0,"distribution":"{\"name\": \"CategoricalDistribution\", \"attributes\": {\"choices\": [0.0, 1e-06, 1e-05, 0.0001, 0.001]}}"}
{"op_code":5,"worker_id":"9c373109-817a-42de-9d93-65719db93261-8316722560","trial_id":44,"param_name":"clone_class_power","param_value_internal":0.3423423766251579,"distribution":"{\"name\": \"FloatDistribution\", \"attributes\": {\"step\": null, \"low\": 0.0, \"high\": 1.0, \"log\": false}}"}
{"op_code":5,"worker_id":"9c373109-817a-42de-9d93-65719db93261-8316722560","trial_id":44,"param_name":"clone_label_smoothing","param_value_internal":0,"distribution":"{\"name\": \"CategoricalDistribution\", \"attributes\": {\"choices\": [0.0, 0.05, 0.1]}}"}
{"op_code":5,"worker_id":"9c373109-817a-42de-9d93-65719db93261-8316722560","trial_id":44,"param_name":"clone_patience","param_value_internal":2,"distribution":"{\"name\": \"CategoricalDistribution\", \"attributes\": {\"choices\": [5, 10, 20]}}"}
{"op_code":8,"worker_id":"9c373109-817a-42de-9d93-65719db93261-8316722560","trial_id":44,"user_attr":{"tag":"c3ce360c0909e"}}
{"op_code":8,"worker_id":"9c373109-817a-42de-9d93-65719db93261-8316722560","trial_id":44,"user_attr":{"overrides":{"lr":0.00013145175115772452,"hidden":128,"clone_batch":1024,"clone_weight_decay":0.0,"clone_class_power":0.3423423766251579,"clone_label_smoothing":0.0,"clone_patience":20}}}
{"op_code":4,"worker_id":"9c373109-817a-42de-9d93-65719db93261-8316722560","study_id":0,"datetime_start":"2026-10-08T03:31:53.501167"}
{"op_code":5,"worker_id":"9c373109-817a-42de-9d93-65719db93261-8316722560","trial_id":45,"param_name":"lr","param_value_internal":0.0012861455435104025,"distribution":"{\"name\": \"FloatDistribution\", \"attributes\": {\"step\": null, \"low\": 0.0001, \"high\": 0.01, \"log\": true}}"}
{"op_code":5,"worker_id":"9c373109-817a-42de-9d93-65719db93261-8316722560","trial_id":45,"param_name":"hidden","param_value_internal":0,"distribution":"{\"name\": \"CategoricalDistribution\", \"attributes\": {\"choices\": [64, 128, 256]}}"}
{"op_code":5,"worker_id":"9c373109-817a-42de-9d93-65719db93261-8316722560","trial_id":45,"param_name":"clone_batch","param_value_internal":2,"distribution":"{\"name\": \"CategoricalDistribution\", \"attributes\": {\"choices\": [128, 256, 512, 1024, 2048]}}"}
{"op_code":5,"worker_id":"9c373109-817a-42de-9d93-65719db93261-8316722560","trial_id":45,"param_name":"clone_weight_decay","param_value_internal":2,"distribution":"{\"name\": \"CategoricalDistribution\", \"attributes\": {\"choices\": [0.0, 1e-06, 1e-05, 0.0001, 0.001]}}"}
{"op_code":5,"worker_id":"9c373109-817a-42de-9d93-65719db93261-8316722560","trial_id":45,"param_name":"clone_class_power","param_value_internal":0.3302670356968992,"distribution":"{\"name\": \"FloatDistribution\", \"attributes\": {\"step\": null, \"low\": 0.0, \"high\": 1.0, \"log\": false}}"}
{"op_code":5,"worker_id":"9c373109-817a-42de-9d93-65719db93261-8316722560","trial_id":45,"param_name":"clone_label_smoothing","param_value_internal":0,"distribution":"{\"name\": \"CategoricalDistribution\", \"attributes\": {\"choices\": [0.0, 0.05, 0.1]}}"}
{"op_code":5,"worker_id":"9c373109-817a-42de-9d93-65719db93261-8316722560","trial_id":45,"param_name":"clone_patience","param_value_internal":1,"distribution":"{\"name\": \"CategoricalDistribution\", \"attributes\": {\"choices\": [5, 10, 20]}}"}
{"op_code":8,"worker_id":"9c373109-817a-42de-9d93-65719db93261-8316722560","trial_id":45,"user_attr":{"tag":"c5ca5dba41ae8"}}
{"op_code":8,"worker_id":"9c373109-817a-42de-9d93-65719db93261-8316722560","trial_id":45,"user_attr":{"overrides":{"lr":0.0012861455435104025,"hidden":64,"clone_batch":512,"clone_weight_decay":1e-05,"clone_class_power":0.3302670356968992,"clone_label_smoothing":0.0,"clone_patience":10}}}
{"op_code":4,"worker_id":"9c373109-817a-42de-9d93-65719db93261-8316722560","study_id":0,"datetime_start":"2026-10-08T03:31:53.504763"}
{"op_code":5,"worker_id":"9c373109-817a-42de-9d93-65719db93261-8316722560","trial_id":46,"param_name":"lr","param_value_internal":0.00041848505622280974,"distribution":"{\"name\": \"FloatDistribution\", \"attributes\": {\"step\": null, \"low\": 0.0001, \"high\": 0.01, \"log\": true}}"}
{"op_code":5,"worker_id":"9c373109-817a-42de-9d93-65719db93261-8316722560","trial_id":46,"param_name":"hidden","param_value_internal":2,"distribution":"{\"name\": \"CategoricalDistribution\", \"attributes\": {\"choices\": [64, 128, 256]}}"}
{"op_code":5,"worker_id":"9c373109-817a-42de-9d93-65719db93261-8316722560","trial_id":46,"param_name":"clone_batch","param_value_internal":2,"distribution":"{\"name\": \"CategoricalDistribution\", \"attributes\": {\"choices\": [128, 256, 512, 1024, 2048]}}"}
{"op_code":5,"worker_id":"9c373109-817a-42de-9d93-65719db93261-8316722560","trial_id":46,"param_name":"clone_weight_decay","param_value_internal":4,"distribution":"{\"name\": \"CategoricalDistribution\", \"attributes\": {\"choices\": [0.0, 1e-06, 1e-05, 0.0001, 0.001]}}"}
{"op_code":5,"worker_id":"9c373109-817a-42de-9d93-65719db93261-8316722560","trial_id":46,"param_name":"clone_class_power","param_value_internal":0.8894479088158666,"distribution":"{\"name\": \"FloatDistribution\", \"attributes\": {\"step\": null, \"low\": 0.0, \"high\": 1.0, \"log\": false}}"}
{"op_code":5,"worker_id":"9c373109-817a-42de-9d93-65719db93261-8316722560","trial_id":46,"param_name":"clone_label_smoothing","param_value_internal":1,"distribution":"{\"name\": \"CategoricalDistribution\", \"attributes\": {\"choices\": [0.0, 0.05, 0.1]}}"}
{"op_code":5,"worker_id":"9c373109-817a-42de-9d93-65719db93261-8316722560","trial_id":46,"param_name":"clone_patience","param_value_internal":0,"distribution":"{\"name\": \"CategoricalDistribution\", \"attributes\": {\"choices\": [5, 10, 20]}}"}
{"op_code":8,"worker_id":"9c373109-817a-42de-9d93-65719db93261-8316722560","trial_id":46,"user_attr":{"tag":"c60a1f53f13d9"}}
{"op_code":8,"worker_id":"9c373109-817a-42de-9d93-65719db93261-8316722560","trial_id":46,"user_attr":{"overrides":{"lr":0.00041848505622280974,"hidden":256,"clone_batch":512,"clone_weight_decay":0.001,"clone_class_power":0.8894479088158666,"clone_label_smoothing":0.05,"clone_patience":5}}}
{"op_code":4,"worker_id":"9c373109-817a-42de-9d93-65719db93261-8316722560","study_id":0,"datetime_start":"2026-10-08T03:31:53.508328"}
{"op_code":5,"worker_id":"9c373109-817a-42de-9d93-65719db93261-8316722560","trial_id":47,"param_name":"lr","param_value_internal":0.0009229294057945574,"distribution":"{\"name\": \"FloatDistribution\", \"attributes\": {\"step\": null, \"low\": 0.0001, \"high\": 0.01, \"log\": true}}"}
{"op_code":5,"worker_id":"9c373109-817a-42de-9d93-65719db93261-8316722560","trial_id":47,"param_name":"hidden","param_value_internal":2,"distribution":"{\"name\": \"CategoricalDistribution\", \"attributes\": {\"choices\": [64, 128, 256]}}"}
{"op_code":5,"worker_id":"9c373109-817a-42de-9d93-65719db93261-8316722560","trial_id":47,"param_name":"clone_batch","param_value_internal":4,"distribution":"{\"name\": \"CategoricalDistribution\", \"attributes\": {\"choices\": [128, 256, 512, 1024, 2048]}}"}
{"op_code":5,"worker_id":"9c373109-817a-42de-9d93-65719db93261-8316722560","trial_id":47,"param_name":"clone_weight_decay","param_value_internal":4,"distribution":"{\"name\": \"CategoricalDistribution\", \"attributes\": {\"choices\": [0.0, 1e-06, 1e-05, 0.0001, 0.001]}}"}
{"op_code":5,"worker_id":"9c373109-817a-42de-9d93-65719db93261-8316722560","trial_id":47,"param_name":"clone_class_power","param_value_internal":0.9217190668708333,"distribution":"{\"name\": \"FloatDistribution\", \"attributes\": {\"step\": null, \"low\": 0.0, \"high\": 1.0, \"log\": false}}"}
{"op_code":5,"worker_id":"9c373109-817a-42de-9d93-65719db93261-8316722560","trial_id":47,"param_name":"clone_label_smoothing","param_value_internal":0,"distribution":"{\"name\": \"CategoricalDistribution\", \"attributes\": {\"choices\": [0.0, 0.05, 0.1]}}"}
{"op_code":5,"worker_id":"9c373109-817a-42de-9d93-65719db93261-8316722560","trial_id":47,"param_name":"clone_patience","param_value_internal":0,"distribution":"{\"name\": \"CategoricalDistribution\", \"attributes\": {\"choices\": [5, 10, 20]}}"}
{"op_code":8,"worker_id":"9c373109-817a-42de-9d93-65719db93261-8316722560","trial_id":47,"user_attr":{"tag":"c7f385b4fcf97"}}
{"op_code":8,"worker_id":"9c373109-817a-42de-9d93-65719db93261-8316722560","trial_id":47,"user_attr":{"overrides":{"lr":0.0009229294057945574,"hidden":256,"clone_batch":2048,"clone_weight_decay":0.001,"clone_class_power":0.9217190668708333,"clone_label_smoothing":0.0,"clone_patience":5}}}
{"op_code":7,"worker_id":"9c373109-817a-42de-9d93-65719db93261-8316722560","trial_id":0,"step":16,"intermediate_value":39.08255148295776}
{"op_code":8,"worker_id":"9c373109-817a-42de-9d93-65719db93261-8316722560","trial_id":0,"user_attr":{"hh_saving":{"254":37.47087791528425,"185":39.076194651800016,"230":44.758127896083764,"266":33.84873725748226,"145":40.94876078740489,"229":42.83320518141919,"300":47.336235252822476,"69":44.303464088985564,"136":24.834025964137815,"56":49.93748680579895,"72":29.456263253998394,"26":25.787429665778212,"45":24.20782749562269,"208":48.863304830559414,"40":21.991001883931876,"173":69.66788079621448}}}
{"op_code":8,"worker_id":"9c373109-817a-42de-9d93-65719db93261-8316722560","trial_id":0,"user_attr":{"val_efc_mean":68.71146105312499}}
{"op_code":8,"worker_id":"9c373109-817a-42de-9d93-65719db93261-8316722560","trial_id":0,"user_attr":{"converged_share":1.0}}
{"op_code":8,"worker_id":"9c373109-817a-42de-9d93-65719db93261-8316722560","trial_id":0,"user_attr":{"wall_s":325.63714814186096}}
{"op_code":6,"worker_id":"9c373109-817a-42de-9d93-65719db93261-8316722560","trial_id":0,"state":1,"values":[39.08255148295776],"datetime_complete":"2026-10-08T03:33:37.440239"}
{"op_code":7,"worker_id":"9c373109-817a-42de-9d93-65719db93261-8316722560","trial_id":1,"step":16,"intermediate_value":45.5818479810627}
{"op_code":8,"worker_id":"9c373109-817a-42de-9d93-65719db93261-8316722560","trial_id":1,"user_attr":{"hh_saving":{"254":37.568212743574314,"185":39.849307475467455,"230":45.178781386650485,"266":48.29095377610103,"145":45.13646598404392,"229":50.85417591396095,"300":64.33890443362021,"69":46.108028473938,"136":24.99168994070671,"56":49.46206178312662,"72":35.0419258198153,"26":27.61871424438783,"45":50.578004765026684,"208":53.88149899277365,"40":21.684626906282762,"173":88.72621505752723}}}
{"op_code":8,"worker_id":"9c373109-817a-42de-9d93-65719db93261-8316722560","trial_id":1,"user_attr":{"val_efc_mean":60.191648096875}}
{"op_code":8,"worker_id":"9c373109-817a-42de-9d93-65719db93261-8316722560","trial_id":1,"user_attr":{"converged_share":0.75}}
{"op_code":8,"worker_id":"9c373109-817a-42de-9d93-65719db93261-8316722560","trial_id":1,"user_attr":{"wall_s":325.63692331314087}}
{"op_code":6,"worker_id":"9c373109-817a-42de-9d93-65719db93261-8316722560","trial_id":1,"state":1,"values":[45.5818479810627],"datetime_complete":"2026-10-08T03:33:37.442716"}
{"op_code":7,"worker_id":"9c373109-817a-42de-9d93-65719db93261-8316722560","trial_id":2,"step":16,"intermediate_value":0.2322465336227502}
{"op_code":8,"worker_id":"9c373109-817a-42de-9d93-65719db93261-8316722560","trial_id":2,"user_attr":{"hh_saving":{"254":0.5290188549845263,"185":0.4598519977855844,"230":0.05636601694305199,"266":0.39013392370344135,"145":0.4258071947927848,"229":-0.297356078328695,"300":0.1416771464641481,"69":0.31197292784873454,"136":0.24407767329273408,"56":0.22757183413560053,"72":0.24680087937127887,"26":0.22650123647134685,"45":0.10268102904630132,"208":0.3587043170320174,"40":0.22887637411773248,"173":0.0632592103034152}}}
{"op_code":8,"worker_id":"9c373109-817a-42de-9d93-65719db93261-8316722560","trial_id":2,"user_attr":{"val_efc_mean":0.36499999999999994}}
{"op_code":8,"worker_id":"9c373109-817a-42de-9d93-65719db93261-8316722560","trial_id":2,"user_attr":{"converged_share":1.0}}
{"op_code":8,"worker_id":"9c373109-817a-42de-9d93-65719db93261-8316722560","trial_id":2,"user_attr":{"wall_s":325.63649702072144}}
{"op_code":6,"worker_id":"9c373109-817a-42de-9d93-65719db93261-8316722560","trial_id":2,"state":1,"values":[0.2322465336227502],"datetime_complete":"2026-10-08T03:33:37.444898"}
{"op_code":7,"worker_id":"9c373109-817a-42de-9d93-65719db93261-8316722560","trial_id":3,"step":16,"intermediate_value":0.16274861168519897}
{"op_code":8,"worker_id":"9c373109-817a-42de-9d93-65719db93261-8316722560","trial_id":3,"user_attr":{"hh_saving":{"254":0.48933350700406714,"185":0.4027448288284918,"230":0.05636601694305199,"266":1.1040087808134922,"145":0.2534079745820118,"229":-1.0377138046751486,"300":-0.20489823412033864,"69":0.25424766985700636,"136":0.23993359208555734,"56":0.2965297521785329,"72":0.24357725803199518,"26":0.2069755930177745,"45":-0.120308572709481,"208":0.3587043170320174,"40":0.14508851102843728,"173":-0.08401940293428416}}}
{"op_code":8,"worker_id":"9c373109-817a-42de-9d93-65719db93261-8316722560","trial_id":3,"user_attr":{"val_efc_mean":0.41187499999999994}}
{"op_code":8,"worker_id":"9c373109-817a-42de-9d93-65719db93261-8316722560","trial_id":3,"user_attr":{"converged_share":1.0}}
{"op_code":8,"worker_id":"9c373109-817a-42de-9d93-65719db93261-8316722560","trial_id":3,"user_attr":{"wall_s":325.63624811172485}}
{"op_code":6,"worker_id":"9c373109-817a-42de-9d93-65719db93261-8316722560","trial_id":3,"state":1,"values":[0.16274861168519897],"datetime_complete":"2026-10-08T03:33:37.447209"}
{"op_code":7,"worker_id":"9c373109-817a-42de-9d93-65719db93261-8316722560","trial_id":4,"step":16,"intermediate_value":45.364272757239576}
{"op_code":8,"worker_id":"9c373109-817a-42de-9d93-65719db93261-8316722560","trial_id":4,"user_attr":{"hh_saving":{"254":41.3487879383095,"185":39.251082235615854,"230":44.63646895228889,"266":45.51373651414614,"145":47.47695345716914,"229":49.24321114094813,"300":65.43390233485452,"69":45.05689383908444,"136":25.0095247786845,"56":49.98466700039435,"72":34.827891988263914,"26":27.319095935659288,"45":47.87759966843985,"208":51.413639293424396,"40":23.114981212493724,"173":88.3199278260566}}}
{"op_code":8,"worker_id":"9c373109-817a-42de-9d93-65719db93261-8316722560","trial_id":4,"user_attr":{"val_efc_mean":61.18863919375001}}
{"op_code":8,"worker_id":"9c373109-817a-42de-9d93-65719db93261-8316722560","trial_id":4,"user_attr":{"converged_share":1.0}}
{"op_code":8,"worker_id":"9c373109-817a-42de-9d93-65719db93261-8316722560","trial_id":4,"user_attr":{"wall_s":325.63588786125183}}
{"op_code":6,"worker_id":"9c373109-817a-42de-9d93-65719db93261-8316722560","trial_id":4,"state":1,"values":[45.364272757239576],"datetime_complete":"2026-10-08T03:33:37.449454"}
{"op_code":7,"worker_id":"9c373109-817a-42de-9d93-65719db93261-8316722560","trial_id":5,"step":16,"intermediate_value":0.29349518378979494}
{"op_code":8,"worker_id":"9c373109-817a-42de-9d93-65719db93261-8316722560","trial_id":5,"user_attr":{"hh_saving":{"254":0.48933350700406714,"185":0.5642228702213308,"230":0.05281713548041215,"266":0.5262403465927404,"145":0.4258071947927848,"229":-0.25545243392286615,"300":-0.09272348108223026,"69":0.3349478175320136,"136":0.46203487767844564,"56":0.2965297521785329,"72":0.3125351763355724,"26":0.2585146768070225,"45":0.0,"208":0.6812244861738124,"40":0.21982000883807373,"173":0.42007100600700753}}}
{"op_code":8,"worker_id":"9c373109-817a-42de-9d93-65719db93261-8316722560","trial_id":5,"user_attr":{"val_efc_mean":0.3265625}}
{"op_code":8,"worker_id":"9c373109-817a-42de-9d93-65719db93261-8316722560","trial_id":5,"user_attr":{"converged_share":1.0}}
{"op_code":8,"worker_id":"9c373109-817a-42de-9d93-65719db93261-8316722560","trial_id":5,"user_attr":{"wall_s":325.63510608673096}}
{"op_code":6,"worker_id":"9c373109-817a-42de-9d93-65719db93261-8316722560","trial_id":5,"state":1,"values":[0.29349518378979494],"datetime_complete":"2026-10-08T03:33:37.451593"}
{"op_code":7,"worker_id":"9c373109-817a-42de-9d93-65719db93261-8316722560","trial_id":6,"step":16,"intermediate_value":0.31440337780745536}
{"op_code":8,"worker_id":"9c373109-817a-42de-9d93-65719db93261-8316722560","trial_id":6,"user_attr":{"hh_saving":{"254":0.48933350700406714,"185":0.4541354437342479,"230":0.0,"266":0.45951311361640634,"145":0.5803871378059426,"229":-0.13438161430687703,"300":0.21627112763615283,"69":0.31197292784873454,"136":0.5789087865284256,"56":0.2965297521785329,"72":0.3125351763355724,"26":0.2585146768070225,"45":0.0,"208":0.6812244861738124,"40":0.22887637411773248,"173":0.2966331494395134}}}
{"op_code":8,"worker_id":"9c373109-817a-42de-9d93-65719db93261-8316722560","trial_id":6,"user_attr":{"val_efc_mean":0.2734375}}
{"op_code":8,"worker_id":"9c373109-817a-42de-9d93-65719db93261-8316722560","trial_id":6,"user_attr":{"converged_share":1.0}}
{"op_code":8,"worker_id":"9c373109-817a-42de-9d93-65719db93261-8316722560","trial_id":6,"user_attr":{"wall_s":325.63329100608826}}
{"op_code":6,"worker_id":"9c373109-817a-42de-9d93-65719db93261-8316722560","trial_id":6,"state":1,"values":[0.31440337780745536],"datetime_complete":"2026-10-08T03:33:37.453630"}
{"op_code":7,"worker_id":"9c373109-817a-42de-9d93-65719db93261-8316722560","trial_id":7,"step":16,"intermediate_value":0.10318082163102363}
{"op_code":8,"worker_id":"9c373109-817a-42de-9d93-65719db93261-8316722560","trial_id":7,"user_attr":{"hh_saving":{"254":0.0,"185":0.1717385425947435,"230":0.0,"266":0.0,"145":0.24296486943599913,"229":-0.04095729576955571,"300":0.07447496449835914,"69":0.0,"136":0.0744749644983221,"56":0.0,"72":0.168489904676884,"26":0.743436068525473,"45":0.0,"208":0.0,"40":0.21627112763615283,"173":0.0}}}
{"op_code":8,"worker_id":"9c373109-817a-42de-9d93-65719db93261-8316722560","trial_id":7,"user_attr":{"val_efc_mean":0.0703125}}
{"op_code":8,"worker_id":"9c373109-817a-42de-9d93-65719db93261-8316722560","trial_id":7,"user_attr":{"converged_share":1.0}}
{"op_code":8,"worker_id":"9c373109-817a-42de-9d93-65719db93261-8316722560","trial_id":7,"user_attr":{"wall_s":325.6326048374176}}
{"op_code":6,"worker_id":"9c373109-817a-42de-9d93-65719db93261-8316722560","trial_id":7,"state":1,"values":[0.10318082163102363],"datetime_complete":"2026-10-08T03:33:37.455626"}
{"op_code":7,"worker_id":"9c373109-817a-42de-9d93-65719db93261-8316722560","trial_id":8,"step":16,"intermediate_value":4.5770460033005484}
{"op_code":8,"worker_id":"9c373109-817a-42de-9d93-65719db93261-8316722560","trial_id":8,"user_attr":{"hh_saving":{"254":2.5124259693524404,"185":9.17724861738193,"230":5.990552764563161,"266":8.049947258901478,"145":1.8167995592903299,"229":-1.0612515115122096,"300":14.390597117759642,"69":3.360016314152829,"136":1.3963601860121604,"56":2.4222765712403813,"72":1.5982618435005869,"26":2.0150016397943373,"45":2.769065900159171,"208":2.4665015922449425,"40":3.2008128058745955,"173":13.128119424093008}}}
{"op_code":8,"worker_id":"9c373109-817a-42de-9d93-65719db93261-8316722560","trial_id":8,"user_attr":{"val_efc_mean":1.74094896875}}
{"op_code":8,"worker_id":"9c373109-817a-42de-9d93-65719db93261-8316722560","trial_id":8,"user_attr":{"converged_share":1.0}}
{"op_code":8,"worker_id":"9c373109-817a-42de-9d93-65719db93261-8316722560","trial_id":8,"user_attr":{"wall_s":325.63223099708557}}
{"op_code":6,"worker_id":"9c373109-817a-42de-9d93-65719db93261-8316722560","trial_id":8,"state":1,"values":[4.5770460033005484],"datetime_complete":"2026-10-08T03:33:37.457576"}
{"op_code":7,"worker_id":"9c373109-817a-42de-9d93-65719db93261-8316722560","trial_id":9,"step":16,"intermediate_value":0.6293229949330428}
{"op_code":8,"worker_id":"9c373109-817a-42de-9d93-65719db93261-8316722560","trial_id":9,"user_attr":{"hh_saving":{"254":0.6785953209365171,"185":0.4523373960356198,"230":0.05551166443665271,"266":1.5137378408950526,"145":0.7952042927992571,"229":-0.35448574709295094,"300":-0.7714925163375058,"69":0.3175553031402316,"136":1.7277789346628591,"56":0.3283813898442115,"72":0.7101496159053927,"26":1.6807041863499887,"45":0.039436934640258006,"208":1.0456704146501303,"40":1.5179610723340937,"173":0.33212181572887695}}}
{"op_code":8,"worker_id":"9c373109-817a-42de-9d93-65719db93261-8316722560","trial_id":9,"user_attr":{"val_efc_mean":0.6682076968749999}}
{"op_code":8,"worker_id":"9c373109-817a-42de-9d93-65719db93261-8316722560","trial_id":9,"user_attr":{"converged_share":1.0}}
{"op_code":8,"worker_id":"9c373109-817a-42de-9d93-65719db93261-8316722560","trial_id":9,"user_attr":{"wall_s":325.63170886039734}}
{"op_code":6,"worker_id":"9c373109-817a-42de-9d93-65719db93261-8316722560","trial_id":9,"state":1,"values":[0.6293229949330428],"datetime_complete":"2026-10-08T03:33:37.459556"}
{"op_code":7,"worker_id":"9c373109-817a-42de-9d93-65719db93261-8316722560","trial_id":10,"step":16,"intermediate_value":45.62743963588143}
{"op_code":8,"worker_id":"9c373109-817a-42de-9d93-65719db93261-8316722560","trial_id":10,"user_attr":{"hh_saving":{"254":41.47852523519257,"185":39.58228801413147,"230":44.865573904867595,"266":44.09319844563236,"145":48.13146193703151,"229":49.95724351372452,"300":67.15493668326201,"69":45.50302321437823,"136":24.920498703770267,"56":50.30253469651965,"72":35.372753805600105,"26":27.050238708947592,"45":49.43564693908892,"208":51.81090296546541,"40":21.912427347928773,"173":88.46778005856191}}}
{"op_code":8,"worker_id":"9c373109-817a-42de-9d93-65719db93261-8316722560","trial_id":10,"user_attr":{"val_efc_mean":62.25655566675781}}
{"op_code":8,"worker_id":"9c373109-817a-42de-9d93-65719db93261-8316722560","trial_id":10,"user_attr":{"converged_share":1.0}}
{"op_code":8,"worker_id":"9c373109-817a-42de-9d93-65719db93261-8316722560","trial_id":10,"user_attr":{"wall_s":325.6309368610382}}
{"op_code":6,"worker_id":"9c373109-817a-42de-9d93-65719db93261-8316722560","trial_id":10,"state":1,"values":[45.62743963588143],"datetime_complete":"2026-10-08T03:33:37.461456"}
{"op_code":7,"worker_id":"9c373109-817a-42de-9d93-65719db93261-8316722560","trial_id":11,"step":16,"intermediate_value":43.44702442596305}
{"op_code":8,"worker_id":"9c373109-817a-42de-9d93-65719db93261-8316722560","trial_id":11,"user_attr":{"hh_saving":{"254":41.21844201569981,"185":43.65998171875332,"230":44.6211780304785,"266":44.413298679277354,"145":42.436198051766965,"229":44.423112756701904,"300":62.667625165762196,"69":42.107387853000986,"136":22.46933938927706,"56":50.71270462589124,"72":33.99037576243256,"26":26.434783868331348,"45":47.57967623436362,"208":50.07013597277932,"40":22.20650937042761,"173":76.141641320465}}}
{"op_code":8,"worker_id":"9c373109-817a-42de-9d93-65719db93261-8316722560","trial_id":11,"user_attr":{"val_efc_mean":61.608235568750004}}
{"op_code":8,"worker_id":"9c373109-817a-42de-9d93-65719db93261-8316722560","trial_id":11,"user_attr":{"converged_share":1.0}}
{"op_code":8,"worker_id":"9c373109-817a-42de-9d93-65719db93261-8316722560","trial_id":11,"user_attr":{"wall_s":325.630943775177}}
{"op_code":6,"worker_id":"9c373109-817a-42de-9d93-65719db93261-8316722560","trial_id":11,"state":1,"values":[43.44702442596305],"datetime_complete":"2026-10-08T03:33:37.464073"}
{"op_code":7,"worker_id":"9c373109-817a-42de-9d93-65719db93261-8316722560","trial_id":12,"step":16,"intermediate_value":43.83320268479059}
{"op_code":8,"worker_id":"9c373109-817a-42de-9d93-65719db93261-8316722560","trial_id":12,"user_attr":{"hh_saving":{"254":42.81727087553116,"185":39.560020625257586,"230":45.952475550221344,"266":45.56947183276327,"145":44.30785799938365,"229":41.079886987251285,"300":57.681690428340225,"69":44.98915949494131,"136":23.99630113071406,"56":49.91199010128283,"72":33.82399906152996,"26":26.647506308004477,"45":44.307401828518906,"208":51.80141548818907,"40":23.12588192159855,"173":85.75891332312176}}}
{"op_code":8,"worker_id":"9c373109-817a-42de-9d93-65719db93261-8316722560","trial_id":12,"user_attr":{"val_efc_mean":63.336514324999996}}
{"op_code":8,"worker_id":"9c373109-817a-42de-9d93-65719db93261-8316722560","trial_id":12,"user_attr":{"converged_share":0.0}}
{"op_code":8,"worker_id":"9c373109-817a-42de-9d93-65719db93261-8316722560","trial_id":12,"user_attr":{"wall_s":325.63077783584595}}
{"op_code":6,"worker_id":"9c373109-817a-42de-9d93-65719db93261-8316722560","trial_id":12,"state":1,"values":[43.83320268479059],"datetime_complete":"2026-10-08T03:33:37.466375"}
{"op_code":7,"worker_id":"9c373109-817a-42de-9d93-65719db93261-8316722560","trial_id":13,"step":16,"intermediate_value":43.90906053755903}
{"op_code":8,"worker_id":"9c373109-817a-42de-9d93-65719db93261-8316722560","trial_id":13,"user_attr":{"hh_saving":{"254":41.95936271651237,"185":38.815318158185825,"230":43.85470364934398,"266":45.00654995268923,"145":41.623940433660174,"229":47.613101158856985,"300":66.38515049361276,"69":43.16811368138191,"136":24.44251710303964,"56":49.91905508374173,"72":34.05143448924899,"26":26.109484187387125,"45":41.072765307858894,"208":49.68301537401871,"40":22.265892458548322,"173":86.5745643528577}}}
{"op_code":8,"worker_id":"9c373109-817a-42de-9d93-65719db93261-8316722560","trial_id":13,"user_attr":{"val_efc_mean":62.39780423124999}}
{"op_code":8,"worker_id":"9c373109-817a-42de-9d93-65719db93261-8316722560","trial_id":13,"user_attr":{"converged_share":1.0}}
{"op_code":8,"worker_id":"9c373109-817a-42de-9d93-65719db93261-8316722560","trial_id":13,"user_attr":{"wall_s":325.6296000480652}}
{"op_code":6,"worker_id":"9c373109-817a-42de-9d93-65719db93261-8316722560","trial_id":13,"state":1,"values":[43.90906053755903],"datetime_complete":"2026-10-08T03:33:37.468398"}
{"op_code":7,"worker_id":"9c373109-817a-42de-9d93-65719db93261-8316722560","trial_id":14,"step":16,"intermediate_value":23.709403122702582}
{"op_code":8,"worker_id":"9c373109-817a-42de-9d93-65719db93261-8316722560","trial_id":14,"user_attr":{"hh_saving":{"254":21.448583797568297,"185":36.652492362513286,"230":31.598458051572287,"266":18.373201291486488,"145":15.272673490704866,"229":37.34460084984173,"300":26.035514598564056,"69":21.17457069447832,"136":18.696125550323107,"56":17.29302288001741,"72":20.53849018502223,"26":18.680882651275354,"45":6.626317770174481,"208":29.217249398705214,"40":12.846262751009684,"173":47.5520036399845}}}
{"op_code":8,"worker_id":"9c373109-817a-42de-9d93-65719db93261-8316722560","trial_id":14,"user_attr":{"val_efc_mean":36.234990628125}}
{"op_code":8,"worker_id":"9c373109-817a-42de-9d93-65719db93261-8316722560","trial_id":14,"user_attr":{"converged_share":1.0}}
{"op_code":8,"worker_id":"9c373109-817a-42de-9d93-65719db93261-8316722560","trial_id":14,"user_attr":{"wall_s":325.6289002895355}}
{"op_code":6,"worker_id":"9c373109-817a-42de-9d93-65719db93261-8316722560","trial_id":14,"state":1,"values":[23.709403122702582],"datetime_complete":"2026-10-08T03:33:37.470285"}
{"op_code":7,"worker_id":"9c373109-817a-42de-9d93-65719db93261-8316722560","trial_id":15,"step":16,"intermediate_value":0.26626649873361913}
{"op_code":8,"worker_id":"9c373109-817a-42de-9d93-65719db93261-8316722560","trial_id":15,"user_attr":{"hh_saving":{"254":0.48933350700406714,"185":0.44851361562491526,"230":0.05281713548041215,"266":0.3641349082641549,"145":0.4258071947927848,"229":-0.6203772487800531,"300":-0.06371796732096462,"69":0.2677650733391224,"136":0.46203487767844564,"56":0.2378816502071268,"72":0.24680087937127887,"26":0.2585146768070225,"45":0.3482249765307134,"208":0.6935833206141402,"40":0.22887637411773248,"173":0.42007100600700753}}}
{"op_code":8,"worker_id":"9c373109-817a-42de-9d93-65719db93261-8316722560","trial_id":15,"user_attr":{"val_efc_mean":0.36}}
{"op_code":8,"worker_id":"9c373109-817a-42de-9d93-65719db93261-8316722560","trial_id":15,"user_attr":{"converged_share":1.0}}
{"op_code":8,"worker_id":"9c373109-817a-42de-9d93-65719db93261-8316722560","trial_id":15,"user_attr":{"wall_s":325.62811493873596}}
{"op_code":6,"worker_id":"9c373109-817a-42de-9d93-65719db93261-8316722560","trial_id":15,"state":1,"values":[0.26626649873361913],"datetime_complete":"2026-10-08T03:33:37.472325"}
{"op_code":7,"worker_id":"9c373109-817a-42de-9d93-65719db93261-8316722560","trial_id":16,"step":16,"intermediate_value":44.65994113529072}
{"op_code":8,"worker_id":"9c373109-817a-42de-9d93-65719db93261-8316722560","trial_id":16,"user_attr":{"hh_saving":{"254":41.15030308469103,"185":39.326638701315005,"230":44.81228815490542,"266":44.76536106101552,"145":46.383312697257296,"229":50.00322823409373,"300":62.36509409617352,"69":45.48744258758554,"136":24.159975996700425,"56":49.88057359674763,"72":34.12054657378105,"26":27.07310184426766,"45":46.15054105799962,"208":49.875108748911835,"40":22.23140247055264,"173":86.77413925865365}}}
{"op_code":8,"worker_id":"9c373109-817a-42de-9d93-65719db93261-8316722560","trial_id":16,"user_attr":{"val_efc_mean":64.0023506125}}
{"op_code":8,"worker_id":"9c373109-817a-42de-9d93-65719db93261-8316722560","trial_id":16,"user_attr":{"converged_share":1.0}}
{"op_code":8,"worker_id":"9c373109-817a-42de-9d93-65719db93261-8316722560","trial_id":16,"user_attr":{"wall_s":325.6265027523041}}
{"op_code":6,"worker_id":"9c373109-817a-42de-9d93-65719db93261-8316722560","trial_id":16,"state":1,"values":[44.65994113529072],"datetime_complete":"2026-10-08T03:33:37.474351"}
{"op_code":7,"worker_id":"9c373109-817a-42de-9d93-65719db93261-8316722560","trial_id":17,"step":16,"intermediate_value":0.3371620783940953}
{"op_code":8,"worker_id":"9c373109-817a-42de-9d93-65719db93261-8316722560","trial_id":17,"user_attr":{"hh_saving":{"254":0.41233313826999207,"185":0.6286278747284219,"230":0.05636601694305199,"266":0.5868052133344958,"145":0.4258071947927848,"229":-0.041795567726179934,"300":0.21982000909879268,"69":0.31197292784873454,"136":0.46203487767844564,"56":0.3915900128488029,"72":0.3125351763355724,"26":0.34529277058921587,"45":0.0,"208":0.5812646371540348,"40":0.22887637411773248,"173":0.47306259829162656}}}
{"op_code":8,"worker_id":"9c373109-817a-42de-9d93-65719db93261-8316722560","trial_id":17,"user_attr":{"val_efc_mean":0.32531249999999995}}
{"op_code":8,"worker_id":"9c373109-817a-42de-9d93-65719db93261-8316722560","trial_id":17,"user_attr":{"converged_share":0.0}}
{"op_code":8,"worker_id":"9c373109-817a-42de-9d93-65719db93261-8316722560","trial_id":17,"user_attr":{"wall_s":325.62543630599976}}
{"op_code":6,"worker_id":"9c373109-817a-42de-9d93-65719db93261-8316722560","trial_id":17,"state":1,"values":[0.3371620783940953],"datetime_complete":"2026-10-08T03:33:37.476449"}
{"op_code":7,"worker_id":"9c373109-817a-42de-9d93-65719db93261-8316722560","trial_id":18,"step":16,"intermediate_value":44.64588660026785}
{"op_code":8,"worker_id":"9c373109-817a-42de-9d93-65719db93261-8316722560","trial_id":18,"user_attr":{"hh_saving":{"254":40.5172835170671,"185":38.31171780691741,"230":44.2945564792058,"266":46.943202026806716,"145":44.93190711764962,"229":47.17498755782048,"300":64.1421059833919,"69":44.283384550952405,"136":23.586202461853247,"56":49.97182241787343,"72":33.603079896985875,"26":26.832686816229327,"45":51.170989206040026,"208":50.31857275839829,"40":22.701639824758722,"173":85.55004718233526}}}
{"op_code":8,"worker_id":"9c373109-817a-42de-9d93-65719db93261-8316722560","trial_id":18,"user_attr":{"val_efc_mean":63.158140671874996}}
{"op_code":8,"worker_id":"9c373109-817a-42de-9d93-65719db93261-8316722560","trial_id":18,"user_attr":{"converged_share":1.0}}
{"op_code":8,"worker_id":"9c373109-817a-42de-9d93-65719db93261-8316722560","trial_id":18,"user_attr":{"wall_s":325.62515783309937}}
{"op_code":6,"worker_id":"9c373109-817a-42de-9d93-65719db93261-8316722560","trial_id":18,"state":1,"values":[44.64588660026785],"datetime_complete":"2026-10-08T03:33:37.478978"}
{"op_code":7,"worker_id":"9c373109-817a-42de-9d93-65719db93261-8316722560","trial_id":19,"step":16,"intermediate_value":44.99463270372236}
{"op_code":8,"worker_id":"9c373109-817a-42de-9d93-65719db93261-8316722560","trial_id":19,"user_attr":{"hh_saving":{"254":41.817508018900206,"185":39.26505706023613,"230":46.119417617085766,"266":46.47909851932307,"145":46.61725883737704,"229":47.43571757651072,"300":63.61815866032656,"69":44.04580358075498,"136":26.56115561848503,"56":49.4946053288785,"72":34.08474817416671,"26":27.089713776637822,"45":46.410461671907534,"208":53.12033672156528,"40":21.97319422591582,"173":85.78188787148656}}}
{"op_code":8,"worker_id":"9c373109-817a-42de-9d93-65719db93261-8316722560","trial_id":19,"user_attr":{"val_efc_mean":63.19741796585937}}
{"op_code":8,"worker_id":"9c373109-817a-42de-9d93-65719db93261-8316722560","trial_id":19,"user_attr":{"converged_share":1.0}}
{"op_code":8,"worker_id":"9c373109-817a-42de-9d93-65719db93261-8316722560","trial_id":19,"user_attr":{"wall_s":325.6249330043793}}
{"op_code":6,"worker_id":"9c373109-817a-42de-9d93-65719db93261-8316722560","trial_id":19,"state":1,"values":[44.99463270372236],"datetime_complete":"2026-10-08T03:33:37.481223"}
{"op_code":7,"worker_id":"9c373109-817a-42de-9d93-65719db93261-8316722560","trial_id":20,"step":16,"intermediate_value":44.81960316768394}
{"op_code":8,"worker_id":"9c373109-817a-42de-9d93-65719db93261-8316722560","trial_id":20,"user_attr":{"hh_saving":{"254":36.61809958596676,"185":39.57448384855742,"230":44.66971498825382,"266":46.22316712240284,"145":45.37833633438705,"229":47.48421061756515,"300":67.27068877289253,"69":45.731404339670384,"136":23.91716850560428,"56":50.01945352953105,"72":34.55355365662251,"26":27.677959127566833,"45":47.41954487949158,"208":52.21423940757879,"40":22.704233601888152,"173":85.65739236496388}}}
{"op_code":8,"worker_id":"9c373109-817a-42de-9d93-65719db93261-8316722560","trial_id":20,"user_attr":{"val_efc_mean":62.998765665625}}
{"op_code":8,"worker_id":"9c373109-817a-42de-9d93-65719db93261-8316722560","trial_id":20,"user_attr":{"converged_share":1.0}}
{"op_code":8,"worker_id":"9c373109-817a-42de-9d93-65719db93261-8316722560","trial_id":20,"user_attr":{"wall_s":325.62476801872253}}
{"op_code":6,"worker_id":"9c373109-817a-42de-9d93-65719db93261-8316722560","trial_id":20,"state":1,"values":[44.81960316768394],"datetime_complete":"2026-10-08T03:33:37.483630"}
{"op_code":7,"worker_id":"9c373109-817a-42de-9d93-65719db93261-8316722560","trial_id":21,"step":16,"intermediate_value":4.316579714927304}
{"op_code":8,"worker_id":"9c373109-817a-42de-9d93-65719db93261-8316722560","trial_id":21,"user_attr":{"hh_saving":{"254":4.436008458493898,"185":6.609860388261228,"230":4.0485200044675524,"266":2.142251209258754,"145":5.785907306112074,"229":1.6092737163012723,"300":3.8252350025238155,"69":5.0341108703766055,"136":2.35867093836941,"56":6.962263618859979,"72":3.0755465444663472,"26":2.8094429032313544,"45":4.227864856833147,"208":6.930668639911499,"40":3.1398294663435173,"173":6.0698215150263986}}}
{"op_code":8,"worker_id":"9c373109-817a-42de-9d93-65719db93261-8316722560","trial_id":21,"user_attr":{"val_efc_mean":4.618427034374999}}
{"op_code":8,"worker_id":"9c373109-817a-42de-9d93-65719db93261-8316722560","trial_id":21,"user_attr":{"converged_share":1.0}}
{"op_code":8,"worker_id":"9c373109-817a-42de-9d93-65719db93261-8316722560","trial_id":21,"user_attr":{"wall_s":325.6245422363281}}
{"op_code":6,"worker_id":"9c373109-817a-42de-9d93-65719db93261-8316722560","trial_id":21,"state":1,"values":[4.316579714927304],"datetime_complete":"2026-10-08T03:33:37.485901"}
{"op_code":7,"worker_id":"9c373109-817a-42de-9d93-65719db93261-8316722560","trial_id":22,"step":16,"intermediate_value":45.57035494516364}
{"op_code":8,"worker_id":"9c373109-817a-42de-9d93-65719db93261-8316722560","trial_id":22,"user_attr":{"hh_saving":{"254":41.625641429960446,"185":40.04991591679541,"230":44.854483655829476,"266":47.20112322442065,"145":47.445783768773545,"229":46.84949232476592,"300":61.97887794534424,"69":45.99219559337021,"136":24.406014781076898,"56":50.464435375028785,"72":34.98967837814502,"26":26.54085151674258,"45":52.12242017056417,"208":53.623603609947615,"40":23.202082744742654,"173":87.77907868711071}}}
{"op_code":8,"worker_id":"9c373109-817a-42de-9d93-65719db93261-8316722560","trial_id":22,"user_attr":{"val_efc_mean":62.54774414999999}}
{"op_code":8,"worker_id":"9c373109-817a-42de-9d93-65719db93261-8316722560","trial_id":22,"user_attr":{"converged_share":1.0}}
{"op_code":8,"worker_id":"9c373109-817a-42de-9d93-65719db93261-8316722560","trial_id":22,"user_attr":{"wall_s":325.6240689754486}}
{"op_code":6,"worker_id":"9c373109-817a-42de-9d93-65719db93261-8316722560","trial_id":22,"state":1,"values":[45.57035494516364],"datetime_complete":"2026-10-08T03:33:37.488113"}
{"op_code":7,"worker_id":"9c373109-817a-42de-9d93-65719db93261-8316722560","trial_id":23,"step":16,"intermediate_value":0.24839698575301972}
{"op_code":8,"worker_id":"9c373109-817a-42de-9d93-65719db93261-8316722560","trial_id":23,"user_attr":{"hh_saving":{"254":0.5290188549845263,"185":0.4027448288284918,"230":0.05636601694305199,"266":0.4409186681213398,"145":0.4258071947927848,"229":-0.17255097523941032,"300":0.09689589570593833,"69":0.31197292784873454,"136":0.23558802879270502,"56":0.2965297521785329,"72":0.3125351763355724,"26":0.34529277058921587,"45":0.3482249765307134,"208":0.45347532186058714,"40":0.14508851102843728,"173":-0.25355617725290563}}}
{"op_code":8,"worker_id":"9c373109-817a-42de-9d93-65719db93261-8316722560","trial_id":23,"user_attr":{"val_efc_mean":0.3737499999999999}}
{"op_code":8,"worker_id":"9c373109-817a-42de-9d93-65719db93261-8316722560","trial_id":23,"user_attr":{"converged_share":1.0}}
{"op_code":8,"worker_id":"9c373109-817a-42de-9d93-65719db93261-8316722560","trial_id":23,"user_attr":{"wall_s":325.6236958503723}}
{"op_code":6,"worker_id":"9c373109-817a-42de-9d93-65719db93261-8316722560","trial_id":23,"state":1,"values":[0.24839698575301972],"datetime_complete":"2026-10-08T03:33:37.490037"}
{"op_code":4,"worker_id":"9c373109-817a-42de-9d93-65719db93261-8316722560","study_id":0,"datetime_start":"2026-10-08T03:36:17.890732"}
{"op_code":9,"worker_id":"9c373109-817a-42de-9d93-65719db93261-8316722560","trial_id":48,"system_attr":{"tpe:relative_params:0":"{\"clone_batch\": 2048, \"clone_class_power\": 0.13282813044099137, \"clone_label_smoothing\": 0.1, \"clone_patience\": 20, \"clone_weight_decay\": 0.001, \"hidden\": 64, \"lr\": 0.0014783216574200788}"}}
{"op_code":5,"worker_id":"9c373109-817a-42de-9d93-65719db93261-8316722560","trial_id":48,"param_name":"lr","param_value_internal":0.0014783216574200788,"distribution":"{\"name\": \"FloatDistribution\", \"attributes\": {\"step\": null, \"low\": 0.0001, \"high\": 0.01, \"log\": true}}"}
{"op_code":5,"worker_id":"9c373109-817a-42de-9d93-65719db93261-8316722560","trial_id":48,"param_name":"hidden","param_value_internal":0,"distribution":"{\"name\": \"CategoricalDistribution\", \"attributes\": {\"choices\": [64, 128, 256]}}"}
{"op_code":5,"worker_id":"9c373109-817a-42de-9d93-65719db93261-8316722560","trial_id":48,"param_name":"clone_batch","param_value_internal":4,"distribution":"{\"name\": \"CategoricalDistribution\", \"attributes\": {\"choices\": [128, 256, 512, 1024, 2048]}}"}
{"op_code":5,"worker_id":"9c373109-817a-42de-9d93-65719db93261-8316722560","trial_id":48,"param_name":"clone_weight_decay","param_value_internal":4,"distribution":"{\"name\": \"CategoricalDistribution\", \"attributes\": {\"choices\": [0.0, 1e-06, 1e-05, 0.0001, 0.001]}}"}
{"op_code":5,"worker_id":"9c373109-817a-42de-9d93-65719db93261-8316722560","trial_id":48,"param_name":"clone_class_power","param_value_internal":0.13282813044099137,"distribution":"{\"name\": \"FloatDistribution\", \"attributes\": {\"step\": null, \"low\": 0.0, \"high\": 1.0, \"log\": false}}"}
{"op_code":5,"worker_id":"9c373109-817a-42de-9d93-65719db93261-8316722560","trial_id":48,"param_name":"clone_label_smoothing","param_value_internal":2,"distribution":"{\"name\": \"CategoricalDistribution\", \"attributes\": {\"choices\": [0.0, 0.05, 0.1]}}"}
{"op_code":5,"worker_id":"9c373109-817a-42de-9d93-65719db93261-8316722560","trial_id":48,"param_name":"clone_patience","param_value_internal":2,"distribution":"{\"name\": \"CategoricalDistribution\", \"attributes\": {\"choices\": [5, 10, 20]}}"}
{"op_code":8,"worker_id":"9c373109-817a-42de-9d93-65719db93261-8316722560","trial_id":48,"user_attr":{"tag":"c8b78355067b4"}}
{"op_code":8,"worker_id":"9c373109-817a-42de-9d93-65719db93261-8316722560","trial_id":48,"user_attr":{"overrides":{"lr":0.0014783216574200788,"hidden":64,"clone_batch":2048,"clone_weight_decay":0.001,"clone_class_power":0.13282813044099137,"clone_label_smoothing":0.1,"clone_patience":20}}}
{"op_code":4,"worker_id":"9c373109-817a-42de-9d93-65719db93261-8316722560","study_id":0,"datetime_start":"2026-10-08T03:36:17.896352"}
{"op_code":9,"worker_id":"9c373109-817a-42de-9d93-65719db93261-8316722560","trial_id":49,"system_attr":{"tpe:relative_params:0":"{\"clone_batch\": 512, \"clone_class_power\": 0.23323454186821044, \"clone_label_smoothing\": 0.1, \"clone_patience\": 5, \"clone_weight_decay\": 1e-06, \"hidden\": 64, \"lr\": 0.0063268853796978565}"}}
{"op_code":5,"worker_id":"9c373109-817a-42de-9d93-65719db93261-8316722560","trial_id":49,"param_name":"lr","param_value_internal":0.0063268853796978565,"distribution":"{\"name\": \"FloatDistribution\", \"attributes\": {\"step\": null, \"low\": 0.0001, \"high\": 0.01, \"log\": true}}"}
{"op_code":5,"worker_id":"9c373109-817a-42de-9d93-65719db93261-8316722560","trial_id":49,"param_name":"hidden","param_value_internal":0,"distribution":"{\"name\": \"CategoricalDistribution\", \"attributes\": {\"choices\": [64, 128, 256]}}"}
{"op_code":5,"worker_id":"9c373109-817a-42de-9d93-65719db93261-8316722560","trial_id":49,"param_name":"clone_batch","param_value_internal":2,"distribution":"{\"name\": \"CategoricalDistribution\", \"attributes\": {\"choices\": [128, 256, 512, 1024, 2048]}}"}
{"op_code":5,"worker_id":"9c373109-817a-42de-9d93-65719db93261-8316722560","trial_id":49,"param_name":"clone_weight_decay","param_value_internal":1,"distribution":"{\"name\": \"CategoricalDistribution\", \"attributes\": {\"choices\": [0.0, 1e-06, 1e-05, 0.0001, 0.001]}}"}
{"op_code":5,"worker_id":"9c373109-817a-42de-9d93-65719db93261-8316722560","trial_id":49,"param_name":"clone_class_power","param_value_internal":0.23323454186821044,"distribution":"{\"name\": \"FloatDistribution\", \"attributes\": {\"step\": null, \"low\": 0.0, \"high\": 1.0, \"log\": false}}"}
{"op_code":5,"worker_id":"9c373109-817a-42de-9d93-65719db93261-8316722560","trial_id":49,"param_name":"clone_label_smoothing","param_value_internal":2,"distribution":"{\"name\": \"CategoricalDistribution\", \"attributes\": {\"choices\": [0.0, 0.05, 0.1]}}"}
{"op_code":5,"worker_id":"9c373109-817a-42de-9d93-65719db93261-8316722560","trial_id":49,"param_name":"clone_patience","param_value_internal":0,"distribution":"{\"name\": \"CategoricalDistribution\", \"attributes\": {\"choices\": [5, 10, 20]}}"}
{"op_code":8,"worker_id":"9c373109-817a-42de-9d93-65719db93261-8316722560","trial_id":49,"user_attr":{"tag":"cd86263f6ee9b"}}
{"op_code":8,"worker_id":"9c373109-817a-42de-9d93-65719db93261-8316722560","trial_id":49,"user_attr":{"overrides":{"lr":0.0063268853796978565,"hidden":64,"clone_batch":512,"clone_weight_decay":1e-06,"clone_class_power":0.23323454186821044,"clone_label_smoothing":0.1,"clone_patience":5}}}
{"op_code":4,"worker_id":"9c373109-817a-42de-9d93-65719db93261-8316722560","study_id":0,"datetime_start":"2026-10-08T03:36:17.902597"}
{"op_code":9,"worker_id":"9c373109-817a-42de-9d93-65719db93261-8316722560","trial_id":50,"system_attr":{"tpe:relative_params:0":"{\"clone_batch\": 128, \"clone_class_power\": 0.13519371175258357, \"clone_label_smoothing\": 0.1, \"clone_patience\": 20, \"clone_weight_decay\": 0.0001, \"hidden\": 64, \"lr\": 0.0003705004543722585}"}}
{"op_code":5,"worker_id":"9c373109-817a-42de-9d93-65719db93261-8316722560","trial_id":50,"param_name":"lr","param_value_internal":0.0003705004543722585,"distribution":"{\"name\": \"FloatDistribution\", \"attributes\": {\"step\": null, \"low\": 0.0001, \"high\": 0.01, \"log\": true}}"}
{"op_code":5,"worker_id":"9c373109-817a-42de-9d93-65719db93261-8316722560","trial_id":50,"param_name":"hidden","param_value_internal":0,"distribution":"{\"name\": \"CategoricalDistribution\", \"attributes\": {\"choices\": [64, 128, 256]}}"}
{"op_code":5,"worker_id":"9c373109-817a-42de-9d93-65719db93261-8316722560","trial_id":50,"param_name":"clone_batch","param_value_internal":0,"distribution":"{\"name\": \"CategoricalDistribution\", \"attributes\": {\"choices\": [128, 256, 512, 1024, 2048]}}"}
{"op_code":5,"worker_id":"9c373109-817a-42de-9d93-65719db93261-8316722560","trial_id":50,"param_name":"clone_weight_decay","param_value_internal":3,"distribution":"{\"name\": \"CategoricalDistribution\", \"attributes\": {\"choices\": [0.0, 1e-06, 1e-05, 0.0001, 0.001]}}"}
{"op_code":5,"worker_id":"9c373109-817a-42de-9d93-65719db93261-8316722560","trial_id":50,"param_name":"clone_class_power","param_value_internal":0.13519371175258357,"distribution":"{\"name\": \"FloatDistribution\", \"attributes\": {\"step\": null, \"low\": 0.0, \"high\": 1.0, \"log\": false}}"}
{"op_code":5,"worker_id":"9c373109-817a-42de-9d93-65719db93261-8316722560","trial_id":50,"param_name":"clone_label_smoothing","param_value_internal":2,"distribution":"{\"name\": \"CategoricalDistribution\", \"attributes\": {\"choices\": [0.0, 0.05, 0.1]}}"}
{"op_code":5,"worker_id":"9c373109-817a-42de-9d93-65719db93261-8316722560","trial_id":50,"param_name":"clone_patience","param_value_internal":2,"distribution":"{\"name\": \"CategoricalDistribution\", \"attributes\": {\"choices\": [5, 10, 20]}}"}
{"op_code":8,"worker_id":"9c373109-817a-42de-9d93-65719db93261-8316722560","trial_id":50,"user_attr":{"tag":"c0e375fd9d095"}}
{"op_code":8,"worker_id":"9c373109-817a-42de-9d93-65719db93261-8316722560","trial_id":50,"user_attr":{"overrides":{"lr":0.0003705004543722585,"hidden":64,"clone_batch":128,"clone_weight_decay":0.0001,"clone_class_power":0.13519371175258357,"clone_label_smoothing":0.1,"clone_patience":20}}}
{"op_code":4,"worker_id":"9c373109-817a-42de-9d93-65719db93261-8316722560","study_id":0,"datetime_start":"2026-10-08T03:36:17.907595"}
{"op_code":9,"worker_id":"9c373109-817a-42de-9d93-65719db93261-8316722560","trial_id":51,"system_attr":{"tpe:relative_params:0":"{\"clone_batch\": 1024, \"clone_class_power\": 0.11865068389758143, \"clone_label_smoothing\": 0.1, \"clone_patience\": 5, \"clone_weight_decay\": 1e-05, \"hidden\": 64, \"lr\": 0.0012990337641664651}"}}
{"op_code":5,"worker_id":"9c373109-817a-42de-9d93-65719db93261-8316722560","trial_id":51,"param_name":"lr","param_value_internal":0.0012990337641664651,"distribution":"{\"name\": \"FloatDistribution\", \"attributes\": {\"step\": null, \"low\": 0.0001, \"high\": 0.01, \"log\": true}}"}
{"op_code":5,"worker_id":"9c373109-817a-42de-9d93-65719db93261-8316722560","trial_id":51,"param_name":"hidden","param_value_internal":0,"distribution":"{\"name\": \"CategoricalDistribution\", \"attributes\": {\"choices\": [64, 128, 256]}}"}
{"op_code":5,"worker_id":"9c373109-817a-42de-9d93-65719db93261-8316722560","trial_id":51,"param_name":"clone_batch","param_value_internal":3,"distribution":"{\"name\": \"CategoricalDistribution\", \"attributes\": {\"choices\": [128, 256, 512, 1024, 2048]}}"}
{"op_code":5,"worker_id":"9c373109-817a-42de-9d93-65719db93261-8316722560","trial_id":51,"param_name":"clone_weight_decay","param_value_internal":2,"distribution":"{\"name\": \"CategoricalDistribution\", \"attributes\": {\"choices\": [0.0, 1e-06, 1e-05, 0.0001, 0.001]}}"}
{"op_code":5,"worker_id":"9c373109-817a-42de-9d93-65719db93261-8316722560","trial_id":51,"param_name":"clone_class_power","param_value_internal":0.11865068389758143,"distribution":"{\"name\": \"FloatDistribution\", \"attributes\": {\"step\": null, \"low\": 0.0, \"high\": 1.0, \"log\": false}}"}
{"op_code":5,"worker_id":"9c373109-817a-42de-9d93-65719db93261-8316722560","trial_id":51,"param_name":"clone_label_smoothing","param_value_internal":2,"distribution":"{\"name\": \"CategoricalDistribution\", \"attributes\": {\"choices\": [0.0, 0.05, 0.1]}}"}
{"op_code":5,"worker_id":"9c373109-817a-42de-9d93-65719db93261-8316722560","trial_id":51,"param_name":"clone_patience","param_value_internal":0,"distribution":"{\"name\": \"CategoricalDistribution\", \"attributes\": {\"choices\": [5, 10, 20]}}"}
{"op_code":8,"worker_id":"9c373109-817a-42de-9d93-65719db93261-8316722560","trial_id":51,"user_attr":{"tag":"cf0dca9ff4a2d"}}
{"op_code":8,"worker_id":"9c373109-817a-42de-9d93-65719db93261-8316722560","trial_id":51,"user_attr":{"overrides":{"lr":0.0012990337641664651,"hidden":64,"clone_batch":1024,"clone_weight_decay":1e-05,"clone_class_power":0.11865068389758143,"clone_label_smoothing":0.1,"clone_patience":5}}}
{"op_code":4,"worker_id":"9c373109-817a-42de-9d93-65719db93261-8316722560","study_id":0,"datetime_start":"2026-10-08T03:36:17.912476"}
{"op_code":9,"worker_id":"9c373109-817a-42de-9d93-65719db93261-8316722560","trial_id":52,"system_attr":{"tpe:relative_params:0":"{\"clone_batch\": 2048, \"clone_class_power\": 0.033178576755989383, \"clone_label_smoothing\": 0.0, \"clone_patience\": 20, \"clone_weight_decay\": 0.0001, \"hidden\": 64, \"lr\": 0.0013032221848979662}"}}
{"op_code":5,"worker_id":"9c373109-817a-42de-9d93-65719db93261-8316722560","trial_id":52,"param_name":"lr","param_value_internal":0.0013032221848979662,"distribution":"{\"name\": \"FloatDistribution\", \"attributes\": {\"step\": null, \"low\": 0.0001, \"high\": 0.01, \"log\": true}}"}
{"op_code":5,"worker_id":"9c373109-817a-42de-9d93-65719db93261-8316722560","trial_id":52,"param_name":"hidden","param_value_internal":0,"distribution":"{\"name\": \"CategoricalDistribution\", \"attributes\": {\"choices\": [64, 128, 256]}}"}
{"op_code":5,"worker_id":"9c373109-817a-42de-9d93-65719db93261-8316722560","trial_id":52,"param_name":"clone_batch","param_value_internal":4,"distribution":"{\"name\": \"CategoricalDistribution\", \"attributes\": {\"choices\": [128, 256, 512, 1024, 2048]}}"}
{"op_code":5,"worker_id":"9c373109-817a-42de-9d93-65719db93261-8316722560","trial_id":52,"param_name":"clone_weight_decay","param_value_internal":3,"distribution":"{\"name\": \"CategoricalDistribution\", \"attributes\": {\"choices\": [0.0, 1e-06, 1e-05, 0.0001, 0.001]}}"}
{"op_code":5,"worker_id":"9c373109-817a-42de-9d93-65719db93261-8316722560","trial_id":52,"param_name":"clone_class_power","param_value_internal":0.033178576755989383,"distribution":"{\"name\": \"FloatDistribution\", \"attributes\": {\"step\": null, \"low\": 0.0, \"high\": 1.0, \"log\": false}}"}
{"op_code":5,"worker_id":"9c373109-817a-42de-9d93-65719db93261-8316722560","trial_id":52,"param_name":"clone_label_smoothing","param_value_internal":0,"distribution":"{\"name\": \"CategoricalDistribution\", \"attributes\": {\"choices\": [0.0, 0.05, 0.1]}}"}
{"op_code":5,"worker_id":"9c373109-817a-42de-9d93-65719db93261-8316722560","trial_id":52,"param_name":"clone_patience","param_value_internal":2,"distribution":"{\"name\": \"CategoricalDistribution\", \"attributes\": {\"choices\": [5, 10, 20]}}"}
{"op_code":8,"worker_id":"9c373109-817a-42de-9d93-65719db93261-8316722560","trial_id":52,"user_attr":{"tag":"cd80e34fc88bb"}}
{"op_code":8,"worker_id":"9c373109-817a-42de-9d93-65719db93261-8316722560","trial_id":52,"user_attr":{"overrides":{"lr":0.0013032221848979662,"hidden":64,"clone_batch":2048,"clone_weight_decay":0.0001,"clone_class_power":0.033178576755989383,"clone_label_smoothing":0.0,"clone_patience":20}}}
{"op_code":4,"worker_id":"9c373109-817a-42de-9d93-65719db93261-8316722560","study_id":0,"datetime_start":"2026-10-08T03:36:17.917544"}
{"op_code":9,"worker_id":"9c373109-817a-42de-9d93-65719db93261-8316722560","trial_id":53,"system_attr":{"tpe:relative_params:0":"{\"clone_batch\": 512, \"clone_class_power\": 0.07807640155485124, \"clone_label_smoothing\": 0.05, \"clone_patience\": 5, \"clone_weight_decay\": 0.0, \"hidden\": 64, \"lr\": 0.003659498264253661}"}}
{"op_code":5,"worker_id":"9c373109-817a-42de-9d93-65719db93261-8316722560","trial_id":53,"param_name":"lr","param_value_internal":0.003659498264253661,"distribution":"{\"name\": \"FloatDistribution\", \"attributes\": {\"step\": null, \"low\": 0.0001, \"high\": 0.01, \"log\": true}}"}
{"op_code":5,"worker_id":"9c373109-817a-42de-9d93-65719db93261-8316722560","trial_id":53,"param_name":"hidden","param_value_internal":0,"distribution":"{\"name\": \"CategoricalDistribution\", \"attributes\": {\"choices\": [64, 128, 256]}}"}
{"op_code":5,"worker_id":"9c373109-817a-42de-9d93-65719db93261-8316722560","trial_id":53,"param_name":"clone_batch","param_value_internal":2,"distribution":"{\"name\": \"CategoricalDistribution\", \"attributes\": {\"choices\": [128, 256, 512, 1024, 2048]}}"}
{"op_code":5,"worker_id":"9c373109-817a-42de-9d93-65719db93261-8316722560","trial_id":53,"param_name":"clone_weight_decay","param_value_internal":0,"distribution":"{\"name\": \"CategoricalDistribution\", \"attributes\": {\"choices\": [0.0, 1e-06, 1e-05, 0.0001, 0.001]}}"}
{"op_code":5,"worker_id":"9c373109-817a-42de-9d93-65719db93261-8316722560","trial_id":53,"param_name":"clone_class_power","param_value_internal":0.07807640155485124,"distribution":"{\"name\": \"FloatDistribution\", \"attributes\": {\"step\": null, \"low\": 0.0, \"high\": 1.0, \"log\": false}}"}
{"op_code":5,"worker_id":"9c373109-817a-42de-9d93-65719db93261-8316722560","trial_id":53,"param_name":"clone_label_smoothing","param_value_internal":1,"distribution":"{\"name\": \"CategoricalDistribution\", \"attributes\": {\"choices\": [0.0, 0.05, 0.1]}}"}
{"op_code":5,"worker_id":"9c373109-817a-42de-9d93-65719db93261-8316722560","trial_id":53,"param_name":"clone_patience","param_value_internal":0,"distribution":"{\"name\": \"CategoricalDistribution\", \"attributes\": {\"choices\": [5, 10, 20]}}"}
{"op_code":8,"worker_id":"9c373109-817a-42de-9d93-65719db93261-8316722560","trial_id":53,"user_attr":{"tag":"ced6687d8546e"}}
{"op_code":8,"worker_id":"9c373109-817a-42de-9d93-65719db93261-8316722560","trial_id":53,"user_attr":{"overrides":{"lr":0.003659498264253661,"hidden":64,"clone_batch":512,"clone_weight_decay":0.0,"clone_class_power":0.07807640155485124,"clone_label_smoothing":0.05,"clone_patience":5}}}
{"op_code":4,"worker_id":"9c373109-817a-42de-9d93-65719db93261-8316722560","study_id":0,"datetime_start":"2026-10-08T03:36:17.922474"}
{"op_code":9,"worker_id":"9c373109-817a-42de-9d93-65719db93261-8316722560","trial_id":54,"system_attr":{"tpe:relative_params:0":"{\"clone_batch\": 2048, \"clone_class_power\": 0.03077955753351283, \"clone_label_smoothing\": 0.1, \"clone_patience\": 5, \"clone_weight_decay\": 0.0001, \"hidden\": 64, \"lr\": 0.0003629162916806388}"}}
{"op_code":5,"worker_id":"9c373109-817a-42de-9d93-65719db93261-8316722560","trial_id":54,"param_name":"lr","param_value_internal":0.0003629162916806388,"distribution":"{\"name\": \"FloatDistribution\", \"attributes\": {\"step\": null, \"low\": 0.0001, \"high\": 0.01, \"log\": true}}"}
{"op_code":5,"worker_id":"9c373109-817a-42de-9d93-65719db93261-8316722560","trial_id":54,"param_name":"hidden","param_value_internal":0,"distribution":"{\"name\": \"CategoricalDistribution\", \"attributes\": {\"choices\": [64, 128, 256]}}"}
{"op_code":5,"worker_id":"9c373109-817a-42de-9d93-65719db93261-8316722560","trial_id":54,"param_name":"clone_batch","param_value_internal":4,"distribution":"{\"name\": \"CategoricalDistribution\", \"attributes\": {\"choices\": [128, 256, 512, 1024, 2048]}}"}
{"op_code":5,"worker_id":"9c373109-817a-42de-9d93-65719db93261-8316722560","trial_id":54,"param_name":"clone_weight_decay","param_value_internal":3,"distribution":"{\"name\": \"CategoricalDistribution\", \"attributes\": {\"choices\": [0.0, 1e-06, 1e-05, 0.0001, 0.001]}}"}
{"op_code":5,"worker_id":"9c373109-817a-42de-9d93-65719db93261-8316722560","trial_id":54,"param_name":"clone_class_power","param_value_internal":0.03077955753351283,"distribution":"{\"name\": \"FloatDistribution\", \"attributes\": {\"step\": null, \"low\": 0.0, \"high\": 1.0, \"log\": false}}"}
{"op_code":5,"worker_id":"9c373109-817a-42de-9d93-65719db93261-8316722560","trial_id":54,"param_name":"clone_label_smoothing","param_value_internal":2,"distribution":"{\"name\": \"CategoricalDistribution\", \"attributes\": {\"choices\": [0.0, 0.05, 0.1]}}"}
{"op_code":5,"worker_id":"9c373109-817a-42de-9d93-65719db93261-8316722560","trial_id":54,"param_name":"clone_patience","param_value_internal":0,"distribution":"{\"name\": \"CategoricalDistribution\", \"attributes\": {\"choices\": [5, 10, 20]}}"}
{"op_code":8,"worker_id":"9c373109-817a-42de-9d93-65719db93261-8316722560","trial_id":54,"user_attr":{"tag":"c7dab565bbf75"}}
{"op_code":8,"worker_id":"9c373109-817a-42de-9d93-65719db93261-8316722560","trial_id":54,"user_attr":{"overrides":{"lr":0.0003629162916806388,"hidden":64,"clone_batch":2048,"clone_weight_decay":0.0001,"clone_class_power":0.03077955753351283,"clone_label_smoothing":0.1,"clone_patience":5}}}
{"op_code":4,"worker_id":"9c373109-817a-42de-9d93-65719db93261-8316722560","study_id":0,"datetime_start":"2026-10-08T03:36:17.927261"}
{"op_code":9,"worker_id":"9c373109-817a-42de-9d93-65719db93261-8316722560","trial_id":55,"system_attr":{"tpe:relative_params:0":"{\"clone_batch\": 512, \"clone_class_power\": 0.017900894696526753, \"clone_label_smoothing\": 0.1, \"clone_patience\": 20, \"clone_weight_decay\": 0.0001, \"hidden\": 64, \"lr\": 0.002800226376352561}"}}
{"op_code":5,"worker_id":"9c373109-817a-42de-9d93-65719db93261-8316722560","trial_id":55,"param_name":"lr","param_value_internal":0.002800226376352561,"distribution":"{\"name\": \"FloatDistribution\", \"attributes\": {\"step\": null, \"low\": 0.0001, \"high\": 0.01, \"log\": true}}"}
{"op_code":5,"worker_id":"9c373109-817a-42de-9d93-65719db93261-8316722560","trial_id":55,"param_name":"hidden","param_value_internal":0,"distribution":"{\"name\": \"CategoricalDistribution\", \"attributes\": {\"choices\": [64, 128, 256]}}"}
{"op_code":5,"worker_id":"9c373109-817a-42de-9d93-65719db93261-8316722560","trial_id":55,"param_name":"clone_batch","param_value_internal":2,"distribution":"{\"name\": \"CategoricalDistribution\", \"attributes\": {\"choices\": [128, 256, 512, 1024, 2048]}}"}
{"op_code":5,"worker_id":"9c373109-817a-42de-9d93-65719db93261-8316722560","trial_id":55,"param_name":"clone_weight_decay","param_value_internal":3,"distribution":"{\"name\": \"CategoricalDistribution\", \"attributes\": {\"choices\": [0.0, 1e-06, 1e-05, 0.0001, 0.001]}}"}
{"op_code":5,"worker_id":"9c373109-817a-42de-9d93-65719db93261-8316722560","trial_id":55,"param_name":"clone_class_power","param_value_internal":0.017900894696526753,"distribution":"{\"name\": \"FloatDistribution\", \"attributes\": {\"step\": null, \"low\": 0.0, \"high\": 1.0, \"log\": false}}"}
{"op_code":5,"worker_id":"9c373109-817a-42de-9d93-65719db93261-8316722560","trial_id":55,"param_name":"clone_label_smoothing","param_value_internal":2,"distribution":"{\"name\": \"CategoricalDistribution\", \"attributes\": {\"choices\": [0.0, 0.05, 0.1]}}"}
{"op_code":5,"worker_id":"9c373109-817a-42de-9d93-65719db93261-8316722560","trial_id":55,"param_name":"clone_patience","param_value_internal":2,"distribution":"{\"name\": \"CategoricalDistribution\", \"attributes\": {\"choices\": [5, 10, 20]}}"}
{"op_code":8,"worker_id":"9c373109-817a-42de-9d93-65719db93261-8316722560","trial_id":55,"user_attr":{"tag":"c7cd66a770c65"}}
{"op_code":8,"worker_id":"9c373109-817a-42de-9d93-65719db93261-8316722560","trial_id":55,"user_attr":{"overrides":{"lr":0.002800226376352561,"hidden":64,"clone_batch":512,"clone_weight_decay":0.0001,"clone_class_power":0.017900894696526753,"clone_label_smoothing":0.1,"clone_patience":20}}}
{"op_code":4,"worker_id":"9c373109-817a-42de-9d93-65719db93261-8316722560","study_id":0,"datetime_start":"2026-10-08T03:36:17.932265"}
{"op_code":9,"worker_id":"9c373109-817a-42de-9d93-65719db93261-8316722560","trial_id":56,"system_attr":{"tpe:relative_params:0":"{\"clone_batch\": 256, \"clone_class_power\": 0.1231276125586111, \"clone_label_smoothing\": 0.1, \"clone_patience\": 10, \"clone_weight_decay\": 0.001, \"hidden\": 64, \"lr\": 0.005701407208844329}"}}
{"op_code":5,"worker_id":"9c373109-817a-42de-9d93-65719db93261-8316722560","trial_id":56,"param_name":"lr","param_value_internal":0.005701407208844329,"distribution":"{\"name\": \"FloatDistribution\", \"attributes\": {\"step\": null, \"low\": 0.0001, \"high\": 0.01, \"log\": true}}"}
{"op_code":5,"worker_id":"9c373109-817a-42de-9d93-65719db93261-8316722560","trial_id":56,"param_name":"hidden","param_value_internal":0,"distribution":"{\"name\": \"CategoricalDistribution\", \"attributes\": {\"choices\": [64, 128, 256]}}"}
{"op_code":5,"worker_id":"9c373109-817a-42de-9d93-65719db93261-8316722560","trial_id":56,"param_name":"clone_batch","param_value_internal":1,"distribution":"{\"name\": \"CategoricalDistribution\", \"attributes\": {\"choices\": [128, 256, 512, 1024, 2048]}}"}
{"op_code":5,"worker_id":"9c373109-817a-42de-9d93-65719db93261-8316722560","trial_id":56,"param_name":"clone_weight_decay","param_value_internal":4,"distribution":"{\"name\": \"CategoricalDistribution\", \"attributes\": {\"choices\": [0.0, 1e-06, 1e-05, 0.0001, 0.001]}}"}
{"op_code":5,"worker_id":"9c373109-817a-42de-9d93-65719db93261-8316722560","trial_id":56,"param_name":"clone_class_power","param_value_internal":0.1231276125586111,"distribution":"{\"name\": \"FloatDistribution\", \"attributes\": {\"step\": null, \"low\": 0.0, \"high\": 1.0, \"log\": false}}"}
{"op_code":5,"worker_id":"9c373109-817a-42de-9d93-65719db93261-8316722560","trial_id":56,"param_name":"clone_label_smoothing","param_value_internal":2,"distribution":"{\"name\": \"CategoricalDistribution\", \"attributes\": {\"choices\": [0.0, 0.05, 0.1]}}"}
{"op_code":5,"worker_id":"9c373109-817a-42de-9d93-65719db93261-8316722560","trial_id":56,"param_name":"clone_patience","param_value_internal":1,"distribution":"{\"name\": \"CategoricalDistribution\", \"attributes\": {\"choices\": [5, 10, 20]}}"}
{"op_code":8,"worker_id":"9c373109-817a-42de-9d93-65719db93261-8316722560","trial_id":56,"user_attr":{"tag":"c6566389fc66b"}}
{"op_code":8,"worker_id":"9c373109-817a-42de-9d93-65719db93261-8316722560","trial_id":56,"user_attr":{"overrides":{"lr":0.005701407208844329,"hidden":64,"clone_batch":256,"clone_weight_decay":0.001,"clone_class_power":0.1231276125586111,"clone_label_smoothing":0.1,"clone_patience":10}}}
{"op_code":4,"worker_id":"9c373109-817a-42de-9d93-65719db93261-8316722560","study_id":0,"datetime_start":"2026-10-08T03:36:17.937199"}
{"op_code":9,"worker_id":"9c373109-817a-42de-9d93-65719db93261-8316722560","trial_id":57,"system_attr":{"tpe:relative_params:0":"{\"clone_batch\": 128, \"clone_class_power\": 0.26978592520411465, \"clone_label_smoothing\": 0.1, \"clone_patience\": 20, \"clone_weight_decay\": 1e-05, \"hidden\": 256, \"lr\": 0.0004626424901526245}"}}
{"op_code":5,"worker_id":"9c373109-817a-42de-9d93-65719db93261-8316722560","trial_id":57,"param_name":"lr","param_value_internal":0.0004626424901526245,"distribution":"{\"name\": \"FloatDistribution\", \"attributes\": {\"step\": null, \"low\": 0.0001, \"high\": 0.01, \"log\": true}}"}
{"op_code":5,"worker_id":"9c373109-817a-42de-9d93-65719db93261-8316722560","trial_id":57,"param_name":"hidden","param_value_internal":2,"distribution":"{\"name\": \"CategoricalDistribution\", \"attributes\": {\"choices\": [64, 128, 256]}}"}
{"op_code":5,"worker_id":"9c373109-817a-42de-9d93-65719db93261-8316722560","trial_id":57,"param_name":"clone_batch","param_value_internal":0,"distribution":"{\"name\": \"CategoricalDistribution\", \"attributes\": {\"choices\": [128, 256, 512, 1024, 2048]}}"}
{"op_code":5,"worker_id":"9c373109-817a-42de-9d93-65719db93261-8316722560","trial_id":57,"param_name":"clone_weight_decay","param_value_internal":2,"distribution":"{\"name\": \"CategoricalDistribution\", \"attributes\": {\"choices\": [0.0, 1e-06, 1e-05, 0.0001, 0.001]}}"}
{"op_code":5,"worker_id":"9c373109-817a-42de-9d93-65719db93261-8316722560","trial_id":57,"param_name":"clone_class_power","param_value_internal":0.26978592520411465,"distribution":"{\"name\": \"FloatDistribution\", \"attributes\": {\"step\": null, \"low\": 0.0, \"high\": 1.0, \"log\": false}}"}
{"op_code":5,"worker_id":"9c373109-817a-42de-9d93-65719db93261-8316722560","trial_id":57,"param_name":"clone_label_smoothing","param_value_internal":2,"distribution":"{\"name\": \"CategoricalDistribution\", \"attributes\": {\"choices\": [0.0, 0.05, 0.1]}}"}
{"op_code":5,"worker_id":"9c373109-817a-42de-9d93-65719db93261-8316722560","trial_id":57,"param_name":"clone_patience","param_value_internal":2,"distribution":"{\"name\": \"CategoricalDistribution\", \"attributes\": {\"choices\": [5, 10, 20]}}"}
{"op_code":8,"worker_id":"9c373109-817a-42de-9d93-65719db93261-8316722560","trial_id":57,"user_attr":{"tag":"cb6876f8aaa55"}}
{"op_code":8,"worker_id":"9c373109-817a-42de-9d93-65719db93261-8316722560","trial_id":57,"user_attr":{"overrides":{"lr":0.0004626424901526245,"hidden":256,"clone_batch":128,"clone_weight_decay":1e-05,"clone_class_power":0.26978592520411465,"clone_label_smoothing":0.1,"clone_patience":20}}}
{"op_code":4,"worker_id":"9c373109-817a-42de-9d93-65719db93261-8316722560","study_id":0,"datetime_start":"2026-10-08T03:36:17.943772"}
{"op_code":9,"worker_id":"9c373109-817a-42de-9d93-65719db93261-8316722560","trial_id":58,"system_attr":{"tpe:relative_params:0":"{\"clone_batch\": 2048, \"clone_class_power\": 0.07129588955775483, \"clone_label_smoothing\": 0.1, \"clone_patience\": 20, \"clone_weight_decay\": 1e-06, \"hidden\": 128, \"lr\": 0.0006802794701469773}"}}
{"op_code":5,"worker_id":"9c373109-817a-42de-9d93-65719db93261-8316722560","trial_id":58,"param_name":"lr","param_value_internal":0.0006802794701469773,"distribution":"{\"name\": \"FloatDistribution\", \"attributes\": {\"step\": null, \"low\": 0.0001, \"high\": 0.01, \"log\": true}}"}
{"op_code":5,"worker_id":"9c373109-817a-42de-9d93-65719db93261-8316722560","trial_id":58,"param_name":"hidden","param_value_internal":1,"distribution":"{\"name\": \"CategoricalDistribution\", \"attributes\": {\"choices\": [64, 128, 256]}}"}
{"op_code":5,"worker_id":"9c373109-817a-42de-9d93-65719db93261-8316722560","trial_id":58,"param_name":"clone_batch","param_value_internal":4,"distribution":"{\"name\": \"CategoricalDistribution\", \"attributes\": {\"choices\": [128, 256, 512, 1024, 2048]}}"}
{"op_code":5,"worker_id":"9c373109-817a-42de-9d93-65719db93261-8316722560","trial_id":58,"param_name":"clone_weight_decay","param_value_internal":1,"distribution":"{\"name\": \"CategoricalDistribution\", \"attributes\": {\"choices\": [0.0, 1e-06, 1e-05, 0.0001, 0.001]}}"}
{"op_code":5,"worker_id":"9c373109-817a-42de-9d93-65719db93261-8316722560","trial_id":58,"param_name":"clone_class_power","param_value_internal":0.07129588955775483,"distribution":"{\"name\": \"FloatDistribution\", \"attributes\": {\"step\": null, \"low\": 0.0, \"high\": 1.0, \"log\": false}}"}
{"op_code":5,"worker_id":"9c373109-817a-42de-9d93-65719db93261-8316722560","trial_id":58,"param_name":"clone_label_smoothing","param_value_internal":2,"distribution":"{\"name\": \"CategoricalDistribution\", \"attributes\": {\"choices\": [0.0, 0.05, 0.1]}}"}
{"op_code":5,"worker_id":"9c373109-817a-42de-9d93-65719db93261-8316722560","trial_id":58,"param_name":"clone_patience","param_value_internal":2,"distribution":"{\"name\": \"CategoricalDistribution\", \"attributes\": {\"choices\": [5, 10, 20]}}"}
{"op_code":8,"worker_id":"9c373109-817a-42de-9d93-65719db93261-8316722560","trial_id":58,"user_attr":{"tag":"c1fa50e710fa1"}}
{"op_code":8,"worker_id":"9c373109-817a-42de-9d93-65719db93261-8316722560","trial_id":58,"user_attr":{"overrides":{"lr":0.0006802794701469773,"hidden":128,"clone_batch":2048,"clone_weight_decay":1e-06,"clone_class_power":0.07129588955775483,"clone_label_smoothing":0.1,"clone_patience":20}}}
{"op_code":4,"worker_id":"9c373109-817a-42de-9d93-65719db93261-8316722560","study_id":0,"datetime_start":"2026-10-08T03:36:17.948965"}
{"op_code":9,"worker_id":"9c373109-817a-42de-9d93-65719db93261-8316722560","trial_id":59,"system_attr":{"tpe:relative_params:0":"{\"clone_batch\": 1024, \"clone_class_power\": 0.09069586676111847, \"clone_label_smoothing\": 0.1, \"clone_patience\": 20, \"clone_weight_decay\": 1e-06, \"hidden\": 64, \"lr\": 0.0003072447290580936}"}}
{"op_code":5,"worker_id":"9c373109-817a-42de-9d93-65719db93261-8316722560","trial_id":59,"param_name":"lr","param_value_internal":0.0003072447290580936,"distribution":"{\"name\": \"FloatDistribution\", \"attributes\": {\"step\": null, \"low\": 0.0001, \"high\": 0.01, \"log\": true}}"}
{"op_code":5,"worker_id":"9c373109-817a-42de-9d93-65719db93261-8316722560","trial_id":59,"param_name":"hidden","param_value_internal":0,"distribution":"{\"name\": \"CategoricalDistribution\", \"attributes\": {\"choices\": [64, 128, 256]}}"}
{"op_code":5,"worker_id":"9c373109-817a-42de-9d93-65719db93261-8316722560","trial_id":59,"param_name":"clone_batch","param_value_internal":3,"distribution":"{\"name\": \"CategoricalDistribution\", \"attributes\": {\"choices\": [128, 256, 512, 1024, 2048]}}"}
{"op_code":5,"worker_id":"9c373109-817a-42de-9d93-65719db93261-8316722560","trial_id":59,"param_name":"clone_weight_decay","param_value_internal":1,"distribution":"{\"name\": \"CategoricalDistribution\", \"attributes\": {\"choices\": [0.0, 1e-06, 1e-05, 0.0001, 0.001]}}"}
{"op_code":5,"worker_id":"9c373109-817a-42de-9d93-65719db93261-8316722560","trial_id":59,"param_name":"clone_class_power","param_value_internal":0.09069586676111847,"distribution":"{\"name\": \"FloatDistribution\", \"attributes\": {\"step\": null, \"low\": 0.0, \"high\": 1.0, \"log\": false}}"}
{"op_code":5,"worker_id":"9c373109-817a-42de-9d93-65719db93261-8316722560","trial_id":59,"param_name":"clone_label_smoothing","param_value_internal":2,"distribution":"{\"name\": \"CategoricalDistribution\", \"attributes\": {\"choices\": [0.0, 0.05, 0.1]}}"}
{"op_code":5,"worker_id":"9c373109-817a-42de-9d93-65719db93261-8316722560","trial_id":59,"param_name":"clone_patience","param_value_internal":2,"distribution":"{\"name\": \"CategoricalDistribution\", \"attributes\": {\"choices\": [5, 10, 20]}}"}
{"op_code":8,"worker_id":"9c373109-817a-42de-9d93-65719db93261-8316722560","trial_id":59,"user_attr":{"tag":"caee7f54780c1"}}
{"op_code":8,"worker_id":"9c373109-817a-42de-9d93-65719db93261-8316722560","trial_id":59,"user_attr":{"overrides":{"lr":0.0003072447290580936,"hidden":64,"clone_batch":1024,"clone_weight_decay":1e-06,"clone_class_power":0.09069586676111847,"clone_label_smoothing":0.1,"clone_patience":20}}}
{"op_code":4,"worker_id":"9c373109-817a-42de-9d93-65719db93261-8316722560","study_id":0,"datetime_start":"2026-10-08T03:36:17.953914"}
{"op_code":9,"worker_id":"9c373109-817a-42de-9d93-65719db93261-8316722560","trial_id":60,"system_attr":{"tpe:relative_params:0":"{\"clone_batch\": 1024, \"clone_class_power\": 0.48134483133813044, \"clone_label_smoothing\": 0.1, \"clone_patience\": 10, \"clone_weight_decay\": 1e-06, \"hidden\": 64, \"lr\": 0.0028445142500764845}"}}
{"op_code":5,"worker_id":"9c373109-817a-42de-9d93-65719db93261-8316722560","trial_id":60,"param_name":"lr","param_value_internal":0.0028445142500764845,"distribution":"{\"name\": \"FloatDistribution\", \"attributes\": {\"step\": null, \"low\": 0.0001, \"high\": 0.01, \"log\": true}}"}
{"op_code":5,"worker_id":"9c373109-817a-42de-9d93-65719db93261-8316722560","trial_id":60,"param_name":"hidden","param_value_internal":0,"distribution":"{\"name\": \"CategoricalDistribution\", \"attributes\": {\"choices\": [64, 128, 256]}}"}
{"op_code":5,"worker_id":"9c373109-817a-42de-9d93-65719db93261-8316722560","trial_id":60,"param_name":"clone_batch","param_value_internal":3,"distribution":"{\"name\": \"CategoricalDistribution\", \"attributes\": {\"choices\": [128, 256, 512, 1024, 2048]}}"}
{"op_code":5,"worker_id":"9c373109-817a-42de-9d93-65719db93261-8316722560","trial_id":60,"param_name":"clone_weight_decay","param_value_internal":1,"distribution":"{\"name\": \"CategoricalDistribution\", \"attributes\": {\"choices\": [0.0, 1e-06, 1e-05, 0.0001, 0.001]}}"}
{"op_code":5,"worker_id":"9c373109-817a-42de-9d93-65719db93261-8316722560","trial_id":60,"param_name":"clone_class_power","param_value_internal":0.48134483133813044,"distribution":"{\"name\": \"FloatDistribution\", \"attributes\": {\"step\": null, \"low\": 0.0, \"high\": 1.0, \"log\": false}}"}
{"op_code":5,"worker_id":"9c373109-817a-42de-9d93-65719db93261-8316722560","trial_id":60,"param_name":"clone_label_smoothing","param_value_internal":2,"distribution":"{\"name\": \"CategoricalDistribution\", \"attributes\": {\"choices\": [0.0, 0.05, 0.1]}}"}
{"op_code":5,"worker_id":"9c373109-817a-42de-9d93-65719db93261-8316722560","trial_id":60,"param_name":"clone_patience","param_value_internal":1,"distribution":"{\"name\": \"CategoricalDistribution\", \"attributes\": {\"choices\": [5, 10, 20]}}"}
{"op_code":8,"worker_id":"9c373109-817a-42de-9d93-65719db93261-8316722560","trial_id":60,"user_attr":{"tag":"cdce1c583321f"}}
{"op_code":8,"worker_id":"9c373109-817a-42de-9d93-65719db93261-8316722560","trial_id":60,"user_attr":{"overrides":{"lr":0.0028445142500764845,"hidden":64,"clone_batch":1024,"clone_weight_decay":1e-06,"clone_class_power":0.48134483133813044,"clone_label_smoothing":0.1,"clone_patience":10}}}
{"op_code":4,"worker_id":"9c373109-817a-42de-9d93-65719db93261-8316722560","study_id":0,"datetime_start":"2026-10-08T03:36:17.958767"}
{"op_code":9,"worker_id":"9c373109-817a-42de-9d93-65719db93261-8316722560","trial_id":61,"system_attr":{"tpe:relative_params:0":"{\"clone_batch\": 256, \"clone_class_power\": 0.038773082155561994, \"clone_label_smoothing\": 0.1, \"clone_patience\": 20, \"clone_weight_decay\": 0.0, \"hidden\": 64, \"lr\": 0.002032124235060613}"}}
{"op_code":5,"worker_id":"9c373109-817a-42de-9d93-65719db93261-8316722560","trial_id":61,"param_name":"lr","param_value_internal":0.002032124235060613,"distribution":"{\"name\": \"FloatDistribution\", \"attributes\": {\"step\": null, \"low\": 0.0001, \"high\": 0.01, \"log\": true}}"}
{"op_code":5,"worker_id":"9c373109-817a-42de-9d93-65719db93261-8316722560","trial_id":61,"param_name":"hidden","param_value_internal":0,"distribution":"{\"name\": \"CategoricalDistribution\", \"attributes\": {\"choices\": [64, 128, 256]}}"}
{"op_code":5,"worker_id":"9c373109-817a-42de-9d93-65719db93261-8316722560","trial_id":61,"param_name":"clone_batch","param_value_internal":1,"distribution":"{\"name\": \"CategoricalDistribution\", \"attributes\": {\"choices\": [128, 256, 512, 1024, 2048]}}"}
{"op_code":5,"worker_id":"9c373109-817a-42de-9d93-65719db93261-8316722560","trial_id":61,"param_name":"clone_weight_decay","param_value_internal":0,"distribution":"{\"name\": \"CategoricalDistribution\", \"attributes\": {\"choices\": [0.0, 1e-06, 1e-05, 0.0001, 0.001]}}"}
{"op_code":5,"worker_id":"9c373109-817a-42de-9d93-65719db93261-8316722560","trial_id":61,"param_name":"clone_class_power","param_value_internal":0.038773082155561994,"distribution":"{\"name\": \"FloatDistribution\", \"attributes\": {\"step\": null, \"low\": 0.0, \"high\": 1.0, \"log\": false}}"}
{"op_code":5,"worker_id":"9c373109-817a-42de-9d93-65719db93261-8316722560","trial_id":61,"param_name":"clone_label_smoothing","param_value_internal":2,"distribution":"{\"name\": \"CategoricalDistribution\", \"attributes\": {\"choices\": [0.0, 0.05, 0.1]}}"}
{"op_code":5,"worker_id":"9c373109-817a-42de-9d93-65719db93261-8316722560","trial_id":61,"param_name":"clone_patience","param_value_internal":2,"distribution":"{\"name\": \"CategoricalDistribution\", \"attributes\": {\"choices\": [5, 10, 20]}}"}
{"op_code":8,"worker_id":"9c373109-817a-42de-9d93-65719db93261-8316722560","trial_id":61,"user_attr":{"tag":"ca731b54355ea"}}
{"op_code":8,"worker_id":"9c373109-817a-42de-9d93-65719db93261-8316722560","trial_id":61,"user_attr":{"overrides":{"lr":0.002032124235060613,"hidden":64,"clone_batch":256,"clone_weight_decay":0.0,"clone_class_power":0.038773082155561994,"clone_label_smoothing":0.1,"clone_patience":20}}}
{"op_code":4,"worker_id":"9c373109-817a-42de-9d93-65719db93261-8316722560","study_id":0,"datetime_start":"2026-10-08T03:36:17.964045"}
{"op_code":9,"worker_id":"9c373109-817a-42de-9d93-65719db93261-8316722560","trial_id":62,"system_attr":{"tpe:relative_params:0":"{\"clone_batch\": 1024, \"clone_class_power\": 0.16639617247058486, \"clone_label_smoothing\": 0.0, \"clone_patience\": 5, \"clone_weight_decay\": 1e-06, \"hidden\": 64, \"lr\": 0.00670437406863144}"}}
{"op_code":5,"worker_id":"9c373109-817a-42de-9d93-65719db93261-8316722560","trial_id":62,"param_name":"lr","param_value_internal":0.00670437406863144,"distribution":"{\"name\": \"FloatDistribution\", \"attributes\": {\"step\": null, \"low\": 0.0001, \"high\": 0.01, \"log\": true}}"}
{"op_code":5,"worker_id":"9c373109-817a-42de-9d93-65719db93261-8316722560","trial_id":62,"param_name":"hidden","param_value_internal":0,"distribution":"{\"name\": \"CategoricalDistribution\", \"attributes\": {\"choices\": [64, 128, 256]}}"}
{"op_code":5,"worker_id":"9c373109-817a-42de-9d93-65719db93261-8316722560","trial_id":62,"param_name":"clone_batch","param_value_internal":3,"distribution":"{\"name\": \"CategoricalDistribution\", \"attributes\": {\"choices\": [128, 256, 512, 1024, 2048]}}"}
{"op_code":5,"worker_id":"9c373109-817a-42de-9d93-65719db93261-8316722560","trial_id":62,"param_name":"clone_weight_decay","param_value_internal":1,"distribution":"{\"name\": \"CategoricalDistribution\", \"attributes\": {\"choices\": [0.0, 1e-06, 1e-05, 0.0001, 0.001]}}"}
{"op_code":5,"worker_id":"9c373109-817a-42de-9d93-65719db93261-8316722560","trial_id":62,"param_name":"clone_class_power","param_value_internal":0.16639617247058486,"distribution":"{\"name\": \"FloatDistribution\", \"attributes\": {\"step\": null, \"low\": 0.0, \"high\": 1.0, \"log\": false}}"}
{"op_code":5,"worker_id":"9c373109-817a-42de-9d93-65719db93261-8316722560","trial_id":62,"param_name":"clone_label_smoothing","param_value_internal":0,"distribution":"{\"name\": \"CategoricalDistribution\", \"attributes\": {\"choices\": [0.0, 0.05, 0.1]}}"}
{"op_code":5,"worker_id":"9c373109-817a-42de-9d93-65719db93261-8316722560","trial_id":62,"param_name":"clone_patience","param_value_internal":0,"distribution":"{\"name\": \"CategoricalDistribution\", \"attributes\": {\"choices\": [5, 10, 20]}}"}
{"op_code":8,"worker_id":"9c373109-817a-42de-9d93-65719db93261-8316722560","trial_id":62,"user_attr":{"tag":"ced852e039597"}}
{"op_code":8,"worker_id":"9c373109-817a-42de-9d93-65719db93261-8316722560","trial_id":62,"user_attr":{"overrides":{"lr":0.00670437406863144,"hidden":64,"clone_batch":1024,"clone_weight_decay":1e-06,"clone_class_power":0.16639617247058486,"clone_label_smoothing":0.0,"clone_patience":5}}}
{"op_code":4,"worker_id":"9c373109-817a-42de-9d93-65719db93261-8316722560","study_id":0,"datetime_start":"2026-10-08T03:36:17.969266"}
{"op_code":9,"worker_id":"9c373109-817a-42de-9d93-65719db93261-8316722560","trial_id":63,"system_attr":{"tpe:relative_params:0":"{\"clone_batch\": 512, \"clone_class_power\": 0.3478654711590868, \"clone_label_smoothing\": 0.0, \"clone_patience\": 20, \"clone_weight_decay\": 1e-06, \"hidden\": 64, \"lr\": 0.0024733804266672465}"}}
{"op_code":5,"worker_id":"9c373109-817a-42de-9d93-65719db93261-8316722560","trial_id":63,"param_name":"lr","param_value_internal":0.0024733804266672465,"distribution":"{\"name\": \"FloatDistribution\", \"attributes\": {\"step\": null, \"low\": 0.0001, \"high\": 0.01, \"log\": true}}"}
{"op_code":5,"worker_id":"9c373109-817a-42de-9d93-65719db93261-8316722560","trial_id":63,"param_name":"hidden","param_value_internal":0,"distribution":"{\"name\": \"CategoricalDistribution\", \"attributes\": {\"choices\": [64, 128, 256]}}"}
{"op_code":5,"worker_id":"9c373109-817a-42de-9d93-65719db93261-8316722560","trial_id":63,"param_name":"clone_batch","param_value_internal":2,"distribution":"{\"name\": \"CategoricalDistribution\", \"attributes\": {\"choices\": [128, 256, 512, 1024, 2048]}}"}
{"op_code":5,"worker_id":"9c373109-817a-42de-9d93-65719db93261-8316722560","trial_id":63,"param_name":"clone_weight_decay","param_value_internal":1,"distribution":"{\"name\": \"CategoricalDistribution\", \"attributes\": {\"choices\": [0.0, 1e-06, 1e-05, 0.0001, 0.001]}}"}
{"op_code":5,"worker_id":"9c373109-817a-42de-9d93-65719db93261-8316722560","trial_id":63,"param_name":"clone_class_power","param_value_internal":0.3478654711590868,"distribution":"{\"name\": \"FloatDistribution\", \"attributes\": {\"step\": null, \"low\": 0.0, \"high\": 1.0, \"log\": false}}"}
{"op_code":5,"worker_id":"9c373109-817a-42de-9d93-65719db93261-8316722560","trial_id":63,"param_name":"clone_label_smoothing","param_value_internal":0,"distribution":"{\"name\": \"CategoricalDistribution\", \"attributes\": {\"choices\": [0.0, 0.05, 0.1]}}"}
{"op_code":5,"worker_id":"9c373109-817a-42de-9d93-65719db93261-8316722560","trial_id":63,"param_name":"clone_patience","param_value_internal":2,"distribution":"{\"name\": \"CategoricalDistribution\", \"attributes\": {\"choices\": [5, 10, 20]}}"}
{"op_code":8,"worker_id":"9c373109-817a-42de-9d93-65719db93261-8316722560","trial_id":63,"user_attr":{"tag":"cfd2dc77c21c6"}}
{"op_code":8,"worker_id":"9c373109-817a-42de-9d93-65719db93261-8316722560","trial_id":63,"user_attr":{"overrides":{"lr":0.0024733804266672465,"hidden":64,"clone_batch":512,"clone_weight_decay":1e-06,"clone_class_power":0.3478654711590868,"clone_label_smoothing":0.0,"clone_patience":20}}}
{"op_code":4,"worker_id":"9c373109-817a-42de-9d93-65719db93261-8316722560","study_id":0,"datetime_start":"2026-10-08T03:36:17.974293"}
{"op_code":9,"worker_id":"9c373109-817a-42de-9d93-65719db93261-8316722560","trial_id":64,"system_attr":{"tpe:relative_params:0":"{\"clone_batch\": 512, \"clone_class_power\": 0.1717956230166906, \"clone_label_smoothing\": 0.1, \"clone_patience\": 20, \"clone_weight_decay\": 0.0001, \"hidden\": 256, \"lr\": 0.00010982389262484867}"}}
{"op_code":5,"worker_id":"9c373109-817a-42de-9d93-65719db93261-8316722560","trial_id":64,"param_name":"lr","param_value_internal":0.00010982389262484867,"distribution":"{\"name\": \"FloatDistribution\", \"attributes\": {\"step\": null, \"low\": 0.0001, \"high\": 0.01, \"log\": true}}"}
{"op_code":5,"worker_id":"9c373109-817a-42de-9d93-65719db93261-8316722560","trial_id":64,"param_name":"hidden","param_value_internal":2,"distribution":"{\"name\": \"CategoricalDistribution\", \"attributes\": {\"choices\": [64, 128, 256]}}"}
{"op_code":5,"worker_id":"9c373109-817a-42de-9d93-65719db93261-8316722560","trial_id":64,"param_name":"clone_batch","param_value_internal":2,"distribution":"{\"name\": \"CategoricalDistribution\", \"attributes\": {\"choices\": [128, 256, 512, 1024, 2048]}}"}
{"op_code":5,"worker_id":"9c373109-817a-42de-9d93-65719db93261-8316722560","trial_id":64,"param_name":"clone_weight_decay","param_value_internal":3,"distribution":"{\"name\": \"CategoricalDistribution\", \"attributes\": {\"choices\": [0.0, 1e-06, 1e-05, 0.0001, 0.001]}}"}
{"op_code":5,"worker_id":"9c373109-817a-42de-9d93-65719db93261-8316722560","trial_id":64,"param_name":"clone_class_power","param_value_internal":0.1717956230166906,"distribution":"{\"name\": \"FloatDistribution\", \"attributes\": {\"step\": null, \"low\": 0.0, \"high\": 1.0, \"log\": false}}"}
{"op_code":5,"worker_id":"9c373109-817a-42de-9d93-65719db93261-8316722560","trial_id":64,"param_name":"clone_label_smoothing","param_value_internal":2,"distribution":"{\"name\": \"CategoricalDistribution\", \"attributes\": {\"choices\": [0.0, 0.05, 0.1]}}"}
{"op_code":5,"worker_id":"9c373109-817a-42de-9d93-65719db93261-8316722560","trial_id":64,"param_name":"clone_patience","param_value_internal":2,"distribution":"{\"name\": \"CategoricalDistribution\", \"attributes\": {\"choices\": [5, 10, 20]}}"}
{"op_code":8,"worker_id":"9c373109-817a-42de-9d93-65719db93261-8316722560","trial_id":64,"user_attr":{"tag":"c67d37625cf94"}}
{"op_code":8,"worker_id":"9c373109-817a-42de-9d93-65719db93261-8316722560","trial_id":64,"user_attr":{"overrides":{"lr":0.00010982389262484867,"hidden":256,"clone_batch":512,"clone_weight_decay":0.0001,"clone_class_power":0.1717956230166906,"clone_label_smoothing":0.1,"clone_patience":20}}}
{"op_code":4,"worker_id":"9c373109-817a-42de-9d93-65719db93261-8316722560","study_id":0,"datetime_start":"2026-10-08T03:36:17.979044"}
{"op_code":9,"worker_id":"9c373109-817a-42de-9d93-65719db93261-8316722560","trial_id":65,"system_attr":{"tpe:relative_params:0":"{\"clone_batch\": 128, \"clone_class_power\": 0.14867630264585013, \"clone_label_smoothing\": 0.05, \"clone_patience\": 20, \"clone_weight_decay\": 0.001, \"hidden\": 64, \"lr\": 0.0008753330920916774}"}}
{"op_code":5,"worker_id":"9c373109-817a-42de-9d93-65719db93261-8316722560","trial_id":65,"param_name":"lr","param_value_internal":0.0008753330920916774,"distribution":"{\"name\": \"FloatDistribution\", \"attributes\": {\"step\": null, \"low\": 0.0001, \"high\": 0.01, \"log\": true}}"}
{"op_code":5,"worker_id":"9c373109-817a-42de-9d93-65719db93261-8316722560","trial_id":65,"param_name":"hidden","param_value_internal":0,"distribution":"{\"name\": \"CategoricalDistribution\", \"attributes\": {\"choices\": [64, 128, 256]}}"}
{"op_code":5,"worker_id":"9c373109-817a-42de-9d93-65719db93261-8316722560","trial_id":65,"param_name":"clone_batch","param_value_internal":0,"distribution":"{\"name\": \"CategoricalDistribution\", \"attributes\": {\"choices\": [128, 256, 512, 1024, 2048]}}"}
{"op_code":5,"worker_id":"9c373109-817a-42de-9d93-65719db93261-8316722560","trial_id":65,"param_name":"clone_weight_decay","param_value_internal":4,"distribution":"{\"name\": \"CategoricalDistribution\", \"attributes\": {\"choices\": [0.0, 1e-06, 1e-05, 0.0001, 0.001]}}"}
{"op_code":5,"worker_id":"9c373109-817a-42de-9d93-65719db93261-8316722560","trial_id":65,"param_name":"clone_class_power","param_value_internal":0.14867630264585013,"distribution":"{\"name\": \"FloatDistribution\", \"attributes\": {\"step\": null, \"low\": 0.0, \"high\": 1.0, \"log\": false}}"}
{"op_code":5,"worker_id":"9c373109-817a-42de-9d93-65719db93261-8316722560","trial_id":65,"param_name":"clone_label_smoothing","param_value_internal":1,"distribution":"{\"name\": \"CategoricalDistribution\", \"attributes\": {\"choices\": [0.0, 0.05, 0.1]}}"}
{"op_code":5,"worker_id":"9c373109-817a-42de-9d93-65719db93261-8316722560","trial_id":65,"param_name":"clone_patience","param_value_internal":2,"distribution":"{\"name\": \"CategoricalDistribution\", \"attributes\": {\"choices\": [5, 10, 20]}}"}
{"op_code":8,"worker_id":"9c373109-817a-42de-9d93-65719db93261-8316722560","trial_id":65,"user_attr":{"tag":"cc29b4ff0b19e"}}
{"op_code":8,"worker_id":"9c373109-817a-42de-9d93-65719db93261-8316722560","trial_id":65,"user_attr":{"overrides":{"lr":0.0008753330920916774,"hidden":64,"clone_batch":128,"clone_weight_decay":0.001,"clone_class_power":0.14867630264585013,"clone_label_smoothing":0.05,"clone_patience":20}}}
{"op_code":4,"worker_id":"9c373109-817a-42de-9d93-65719db93261-8316722560","study_id":0,"datetime_start":"2026-10-08T03:36:17.984154"}
{"op_code":9,"worker_id":"9c373109-817a-42de-9d93-65719db93261-8316722560","trial_id":66,"system_attr":{"tpe:relative_params:0":"{\"clone_batch\": 128, \"clone_class_power\": 0.3627245347516661, \"clone_label_smoothing\": 0.1, \"clone_patience\": 5, \"clone_weight_decay\": 0.0, \"hidden\": 64, \"lr\": 0.00010589139284116308}"}}
{"op_code":5,"worker_id":"9c373109-817a-42de-9d93-65719db93261-8316722560","trial_id":66,"param_name":"lr","param_value_internal":0.00010589139284116308,"distribution":"{\"name\": \"FloatDistribution\", \"attributes\": {\"step\": null, \"low\": 0.0001, \"high\": 0.01, \"log\": true}}"}
{"op_code":5,"worker_id":"9c373109-817a-42de-9d93-65719db93261-8316722560","trial_id":66,"param_name":"hidden","param_value_internal":0,"distribution":"{\"name\": \"CategoricalDistribution\", \"attributes\": {\"choices\": [64, 128, 256]}}"}
{"op_code":5,"worker_id":"9c373109-817a-42de-9d93-65719db93261-8316722560","trial_id":66,"param_name":"clone_batch","param_value_internal":0,"distribution":"{\"name\": \"CategoricalDistribution\", \"attributes\": {\"choices\": [128, 256, 512, 1024, 2048]}}"}
{"op_code":5,"worker_id":"9c373109-817a-42de-9d93-65719db93261-8316722560","trial_id":66,"param_name":"clone_weight_decay","param_value_internal":0,"distribution":"{\"name\": \"CategoricalDistribution\", \"attributes\": {\"choices\": [0.0, 1e-06, 1e-05, 0.0001, 0.001]}}"}
{"op_code":5,"worker_id":"9c373109-817a-42de-9d93-65719db93261-8316722560","trial_id":66,"param_name":"clone_class_power","param_value_internal":0.3627245347516661,"distribution":"{\"name\": \"FloatDistribution\", \"attributes\": {\"step\": null, \"low\": 0.0, \"high\": 1.0, \"log\": false}}"}
{"op_code":5,"worker_id":"9c373109-817a-42de-9d93-65719db93261-8316722560","trial_id":66,"param_name":"clone_label_smoothing","param_value_internal":2,"distribution":"{\"name\": \"CategoricalDistribution\", \"attributes\": {\"choices\": [0.0, 0.05, 0.1]}}"}
{"op_code":5,"worker_id":"9c373109-817a-42de-9d93-65719db93261-8316722560","trial_id":66,"param_name":"clone_patience","param_value_internal":0,"distribution":"{\"name\": \"CategoricalDistribution\", \"attributes\": {\"choices\": [5, 10, 20]}}"}
{"op_code":8,"worker_id":"9c373109-817a-42de-9d93-65719db93261-8316722560","trial_id":66,"user_attr":{"tag":"ca43336708507"}}
{"op_code":8,"worker_id":"9c373109-817a-42de-9d93-65719db93261-8316722560","trial_id":66,"user_attr":{"overrides":{"lr":0.00010589139284116308,"hidden":64,"clone_batch":128,"clone_weight_decay":0.0,"clone_class_power":0.3627245347516661,"clone_label_smoothing":0.1,"clone_patience":5}}}
{"op_code":4,"worker_id":"9c373109-817a-42de-9d93-65719db93261-8316722560","study_id":0,"datetime_start":"2026-10-08T03:36:17.989843"}
{"op_code":9,"worker_id":"9c373109-817a-42de-9d93-65719db93261-8316722560","trial_id":67,"system_attr":{"tpe:relative_params:0":"{\"clone_batch\": 2048, \"clone_class_power\": 0.0701449915313096, \"clone_label_smoothing\": 0.1, \"clone_patience\": 10, \"clone_weight_decay\": 1e-06, \"hidden\": 64, \"lr\": 0.0021865704274059545}"}}
{"op_code":5,"worker_id":"9c373109-817a-42de-9d93-65719db93261-8316722560","trial_id":67,"param_name":"lr","param_value_internal":0.0021865704274059545,"distribution":"{\"name\": \"FloatDistribution\", \"attributes\": {\"step\": null, \"low\": 0.0001, \"high\": 0.01, \"log\": true}}"}
{"op_code":5,"worker_id":"9c373109-817a-42de-9d93-65719db93261-8316722560","trial_id":67,"param_name":"hidden","param_value_internal":0,"distribution":"{\"name\": \"CategoricalDistribution\", \"attributes\": {\"choices\": [64, 128, 256]}}"}
{"op_code":5,"worker_id":"9c373109-817a-42de-9d93-65719db93261-8316722560","trial_id":67,"param_name":"clone_batch","param_value_internal":4,"distribution":"{\"name\": \"CategoricalDistribution\", \"attributes\": {\"choices\": [128, 256, 512, 1024, 2048]}}"}
{"op_code":5,"worker_id":"9c373109-817a-42de-9d93-65719db93261-8316722560","trial_id":67,"param_name":"clone_weight_decay","param_value_internal":1,"distribution":"{\"name\": \"CategoricalDistribution\", \"attributes\": {\"choices\": [0.0, 1e-06, 1e-05, 0.0001, 0.001]}}"}
{"op_code":5,"worker_id":"9c373109-817a-42de-9d93-65719db93261-8316722560","trial_id":67,"param_name":"clone_class_power","param_value_internal":0.0701449915313096,"distribution":"{\"name\": \"FloatDistribution\", \"attributes\": {\"step\": null, \"low\": 0.0, \"high\": 1.0, \"log\": false}}"}
{"op_code":5,"worker_id":"9c373109-817a-42de-9d93-65719db93261-8316722560","trial_id":67,"param_name":"clone_label_smoothing","param_value_internal":2,"distribution":"{\"name\": \"CategoricalDistribution\", \"attributes\": {\"choices\": [0.0, 0.05, 0.1]}}"}
{"op_code":5,"worker_id":"9c373109-817a-42de-9d93-65719db93261-8316722560","trial_id":67,"param_name":"clone_patience","param_value_internal":1,"distribution":"{\"name\": \"CategoricalDistribution\", \"attributes\": {\"choices\": [5, 10, 20]}}"}
{"op_code":8,"worker_id":"9c373109-817a-42de-9d93-65719db93261-8316722560","trial_id":67,"user_attr":{"tag":"cd15a080f400a"}}
{"op_code":8,"worker_id":"9c373109-817a-42de-9d93-65719db93261-8316722560","trial_id":67,"user_attr":{"overrides":{"lr":0.0021865704274059545,"hidden":64,"clone_batch":2048,"clone_weight_decay":1e-06,"clone_class_power":0.0701449915313096,"clone_label_smoothing":0.1,"clone_patience":10}}}
{"op_code":4,"worker_id":"9c373109-817a-42de-9d93-65719db93261-8316722560","study_id":0,"datetime_start":"2026-10-08T03:36:17.995727"}
{"op_code":9,"worker_id":"9c373109-817a-42de-9d93-65719db93261-8316722560","trial_id":68,"system_attr":{"tpe:relative_params:0":"{\"clone_batch\": 1024, \"clone_class_power\": 0.10030984503875867, \"clone_label_smoothing\": 0.1, \"clone_patience\": 20, \"clone_weight_decay\": 0.001, \"hidden\": 256, \"lr\": 0.001801558176505883}"}}
{"op_code":5,"worker_id":"9c373109-817a-42de-9d93-65719db93261-8316722560","trial_id":68,"param_name":"lr","param_value_internal":0.001801558176505883,"distribution":"{\"name\": \"FloatDistribution\", \"attributes\": {\"step\": null, \"low\": 0.0001, \"high\": 0.01, \"log\": true}}"}
{"op_code":5,"worker_id":"9c373109-817a-42de-9d93-65719db93261-8316722560","trial_id":68,"param_name":"hidden","param_value_internal":2,"distribution":"{\"name\": \"CategoricalDistribution\", \"attributes\": {\"choices\": [64, 128, 256]}}"}
{"op_code":5,"worker_id":"9c373109-817a-42de-9d93-65719db93261-8316722560","trial_id":68,"param_name":"clone_batch","param_value_internal":3,"distribution":"{\"name\": \"CategoricalDistribution\", \"attributes\": {\"choices\": [128, 256, 512, 1024, 2048]}}"}
{"op_code":5,"worker_id":"9c373109-817a-42de-9d93-65719db93261-8316722560","trial_id":68,"param_name":"clone_weight_decay","param_value_internal":4,"distribution":"{\"name\": \"CategoricalDistribution\", \"attributes\": {\"choices\": [0.0, 1e-06, 1e-05, 0.0001, 0.001]}}"}
{"op_code":5,"worker_id":"9c373109-817a-42de-9d93-65719db93261-8316722560","trial_id":68,"param_name":"clone_class_power","param_value_internal":0.10030984503875867,"distribution":"{\"name\": \"FloatDistribution\", \"attributes\": {\"step\": null, \"low\": 0.0, \"high\": 1.0, \"log\": false}}"}
{"op_code":5,"worker_id":"9c373109-817a-42de-9d93-65719db93261-8316722560","trial_id":68,"param_name":"clone_label_smoothing","param_value_internal":2,"distribution":"{\"name\": \"CategoricalDistribution\", \"attributes\": {\"choices\": [0.0, 0.05, 0.1]}}"}
{"op_code":5,"worker_id":"9c373109-817a-42de-9d93-65719db93261-8316722560","trial_id":68,"param_name":"clone_patience","param_value_internal":2,"distribution":"{\"name\": \"CategoricalDistribution\", \"attributes\": {\"choices\": [5, 10, 20]}}"}
{"op_code":8,"worker_id":"9c373109-817a-42de-9d93-65719db93261-8316722560","trial_id":68,"user_attr":{"tag":"c3c9d8d4c3ecb"}}
{"op_code":8,"worker_id":"9c373109-817a-42de-9d93-65719db93261-8316722560","trial_id":68,"user_attr":{"overrides":{"lr":0.001801558176505883,"hidden":256,"clone_batch":1024,"clone_weight_decay":0.001,"clone_class_power":0.10030984503875867,"clone_label_smoothing":0.1,"clone_patience":20}}}
{"op_code":4,"worker_id":"9c373109-817a-42de-9d93-65719db93261-8316722560","study_id":0,"datetime_start":"2026-10-08T03:36:18.000793"}
{"op_code":9,"worker_id":"9c373109-817a-42de-9d93-65719db93261-8316722560","trial_id":69,"system_attr":{"tpe:relative_params:0":"{\"clone_batch\": 128, \"clone_class_power\": 0.23237702412709565, \"clone_label_smoothing\": 0.0, \"clone_patience\": 5, \"clone_weight_decay\": 0.0001, \"hidden\": 64, \"lr\": 0.00039121789108614554}"}}
{"op_code":5,"worker_id":"9c373109-817a-42de-9d93-65719db93261-8316722560","trial_id":69,"param_name":"lr","param_value_internal":0.00039121789108614554,"distribution":"{\"name\": \"FloatDistribution\", \"attributes\": {\"step\": null, \"low\": 0.0001, \"high\": 0.01, \"log\": true}}"}
{"op_code":5,"worker_id":"9c373109-817a-42de-9d93-65719db93261-8316722560","trial_id":69,"param_name":"hidden","param_value_internal":0,"distribution":"{\"name\": \"CategoricalDistribution\", \"attributes\": {\"choices\": [64, 128, 256]}}"}
{"op_code":5,"worker_id":"9c373109-817a-42de-9d93-65719db93261-8316722560","trial_id":69,"param_name":"clone_batch","param_value_internal":0,"distribution":"{\"name\": \"CategoricalDistribution\", \"attributes\": {\"choices\": [128, 256, 512, 1024, 2048]}}"}
{"op_code":5,"worker_id":"9c373109-817a-42de-9d93-65719db93261-8316722560","trial_id":69,"param_name":"clone_weight_decay","param_value_internal":3,"distribution":"{\"name\": \"CategoricalDistribution\", \"attributes\": {\"choices\": [0.0, 1e-06, 1e-05, 0.0001, 0.001]}}"}
{"op_code":5,"worker_id":"9c373109-817a-42de-9d93-65719db93261-8316722560","trial_id":69,"param_name":"clone_class_power","param_value_internal":0.23237702412709565,"distribution":"{\"name\": \"FloatDistribution\", \"attributes\": {\"step\": null, \"low\": 0.0, \"high\": 1.0, \"log\": false}}"}
{"op_code":5,"worker_id":"9c373109-817a-42de-9d93-65719db93261-8316722560","trial_id":69,"param_name":"clone_label_smoothing","param_value_internal":0,"distribution":"{\"name\": \"CategoricalDistribution\", \"attributes\": {\"choices\": [0.0, 0.05, 0.1]}}"}
{"op_code":5,"worker_id":"9c373109-817a-42de-9d93-65719db93261-8316722560","trial_id":69,"param_name":"clone_patience","param_value_internal":0,"distribution":"{\"name\": \"CategoricalDistribution\", \"attributes\": {\"choices\": [5, 10, 20]}}"}
{"op_code":8,"worker_id":"9c373109-817a-42de-9d93-65719db93261-8316722560","trial_id":69,"user_attr":{"tag":"c670208310dfb"}}
{"op_code":8,"worker_id":"9c373109-817a-42de-9d93-65719db93261-8316722560","trial_id":69,"user_attr":{"overrides":{"lr":0.00039121789108614554,"hidden":64,"clone_batch":128,"clone_weight_decay":0.0001,"clone_class_power":0.23237702412709565,"clone_label_smoothing":0.0,"clone_patience":5}}}
{"op_code":4,"worker_id":"9c373109-817a-42de-9d93-65719db93261-8316722560","study_id":0,"datetime_start":"2026-10-08T03:36:18.005873"}
{"op_code":9,"worker_id":"9c373109-817a-42de-9d93-65719db93261-8316722560","trial_id":70,"system_attr":{"tpe:relative_params:0":"{\"clone_batch\": 2048, \"clone_class_power\": 0.08228846677040307, \"clone_label_smoothing\": 0.0, \"clone_patience\": 5, \"clone_weight_decay\": 0.001, \"hidden\": 64, \"lr\": 0.0015147960055881956}"}}
{"op_code":5,"worker_id":"9c373109-817a-42de-9d93-65719db93261-8316722560","trial_id":70,"param_name":"lr","param_value_internal":0.0015147960055881956,"distribution":"{\"name\": \"FloatDistribution\", \"attributes\": {\"step\": null, \"low\": 0.0001, \"high\": 0.01, \"log\": true}}"}
{"op_code":5,"worker_id":"9c373109-817a-42de-9d93-65719db93261-8316722560","trial_id":70,"param_name":"hidden","param_value_internal":0,"distribution":"{\"name\": \"CategoricalDistribution\", \"attributes\": {\"choices\": [64, 128, 256]}}"}
{"op_code":5,"worker_id":"9c373109-817a-42de-9d93-65719db93261-8316722560","trial_id":70,"param_name":"clone_batch","param_value_internal":4,"distribution":"{\"name\": \"CategoricalDistribution\", \"attributes\": {\"choices\": [128, 256, 512, 1024, 2048]}}"}
{"op_code":5,"worker_id":"9c373109-817a-42de-9d93-65719db93261-8316722560","trial_id":70,"param_name":"clone_weight_decay","param_value_internal":4,"distribution":"{\"name\": \"CategoricalDistribution\", \"attributes\": {\"choices\": [0.0, 1e-06, 1e-05, 0.0001, 0.001]}}"}
{"op_code":5,"worker_id":"9c373109-817a-42de-9d93-65719db93261-8316722560","trial_id":70,"param_name":"clone_class_power","param_value_internal":0.08228846677040307,"distribution":"{\"name\": \"FloatDistribution\", \"attributes\": {\"step\": null, \"low\": 0.0, \"high\": 1.0, \"log\": false}}"}
{"op_code":5,"worker_id":"9c373109-817a-42de-9d93-65719db93261-8316722560","trial_id":70,"param_name":"clone_label_smoothing","param_value_internal":0,"distribution":"{\"name\": \"CategoricalDistribution\", \"attributes\": {\"choices\": [0.0, 0.05, 0.1]}}"}
{"op_code":5,"worker_id":"9c373109-817a-42de-9d93-65719db93261-8316722560","trial_id":70,"param_name":"clone_patience","param_value_internal":0,"distribution":"{\"name\": \"CategoricalDistribution\", \"attributes\": {\"choices\": [5, 10, 20]}}"}
{"op_code":8,"worker_id":"9c373109-817a-42de-9d93-65719db93261-8316722560","trial_id":70,"user_attr":{"tag":"c86a0d957d7a3"}}
{"op_code":8,"worker_id":"9c373109-817a-42de-9d93-65719db93261-8316722560","trial_id":70,"user_attr":{"overrides":{"lr":0.0015147960055881956,"hidden":64,"clone_batch":2048,"clone_weight_decay":0.001,"clone_class_power":0.08228846677040307,"clone_label_smoothing":0.0,"clone_patience":5}}}
{"op_code":4,"worker_id":"9c373109-817a-42de-9d93-65719db93261-8316722560","study_id":0,"datetime_start":"2026-10-08T03:36:18.010942"}
{"op_code":9,"worker_id":"9c373109-817a-42de-9d93-65719db93261-8316722560","trial_id":71,"system_attr":{"tpe:relative_params:0":"{\"clone_batch\": 256, \"clone_class_power\": 0.5417005809428747, \"clone_label_smoothing\": 0.1, \"clone_patience\": 20, \"clone_weight_decay\": 0.001, \"hidden\": 64, \"lr\": 0.0004318367917352109}"}}
{"op_code":5,"worker_id":"9c373109-817a-42de-9d93-65719db93261-8316722560","trial_id":71,"param_name":"lr","param_value_internal":0.0004318367917352109,"distribution":"{\"name\": \"FloatDistribution\", \"attributes\": {\"step\": null, \"low\": 0.0001, \"high\": 0.01, \"log\": true}}"}
{"op_code":5,"worker_id":"9c373109-817a-42de-9d93-65719db93261-8316722560","trial_id":71,"param_name":"hidden","param_value_internal":0,"distribution":"{\"name\": \"CategoricalDistribution\", \"attributes\": {\"choices\": [64, 128, 256]}}"}
{"op_code":5,"worker_id":"9c373109-817a-42de-9d93-65719db93261-8316722560","trial_id":71,"param_name":"clone_batch","param_value_internal":1,"distribution":"{\"name\": \"CategoricalDistribution\", \"attributes\": {\"choices\": [128, 256, 512, 1024, 2048]}}"}
{"op_code":5,"worker_id":"9c373109-817a-42de-9d93-65719db93261-8316722560","trial_id":71,"param_name":"clone_weight_decay","param_value_internal":4,"distribution":"{\"name\": \"CategoricalDistribution\", \"attributes\": {\"choices\": [0.0, 1e-06, 1e-05, 0.0001, 0.001]}}"}
{"op_code":5,"worker_id":"9c373109-817a-42de-9d93-65719db93261-8316722560","trial_id":71,"param_name":"clone_class_power","param_value_internal":0.5417005809428747,"distribution":"{\"name\": \"FloatDistribution\", \"attributes\": {\"step\": null, \"low\": 0.0, \"high\": 1.0, \"log\": false}}"}
{"op_code":5,"worker_id":"9c373109-817a-42de-9d93-65719db93261-8316722560","trial_id":71,"param_name":"clone_label_smoothing","param_value_internal":2,"distribution":"{\"name\": \"CategoricalDistribution\", \"attributes\": {\"choices\": [0.0, 0.05, 0.1]}}"}
{"op_code":5,"worker_id":"9c373109-817a-42de-9d93-65719db93261-8316722560","trial_id":71,"param_name":"clone_patience","param_value_internal":2,"distribution":"{\"name\": \"CategoricalDistribution\", \"attributes\": {\"choices\": [5, 10, 20]}}"}
{"op_code":8,"worker_id":"9c373109-817a-42de-9d93-65719db93261-8316722560","trial_id":71,"user_attr":{"tag":"ca46c89c3defe"}}
{"op_code":8,"worker_id":"9c373109-817a-42de-9d93-65719db93261-8316722560","trial_id":71,"user_attr":{"overrides":{"lr":0.0004318367917352109,"hidden":64,"clone_batch":256,"clone_weight_decay":0.001,"clone_class_power":0.5417005809428747,"clone_label_smoothing":0.1,"clone_patience":20}}}
{"op_code":7,"worker_id":"9c373109-817a-42de-9d93-65719db93261-8316722560","trial_id":24,"step":16,"intermediate_value":43.97830073492405}
{"op_code":8,"worker_id":"9c373109-817a-42de-9d93-65719db93261-8316722560","trial_id":24,"user_attr":{"hh_saving":{"254":40.527169006047956,"185":38.95926241126631,"230":43.879294852231425,"266":44.86446601381683,"145":45.00846431134595,"229":46.300473257977195,"300":67.26054362419328,"69":43.81802491803982,"136":25.431287356585273,"56":49.137245750385205,"72":34.09018063071985,"26":25.90868513495792,"45":41.602768426420546,"208":50.614820323027914,"40":22.10295314768096,"173":84.14717259408839}}}
{"op_code":8,"worker_id":"9c373109-817a-42de-9d93-65719db93261-8316722560","trial_id":24,"user_attr":{"val_efc_mean":62.737184334375}}
{"op_code":8,"worker_id":"9c373109-817a-42de-9d93-65719db93261-8316722560","trial_id":24,"user_attr":{"converged_share":1.0}}
{"op_code":8,"worker_id":"9c373109-817a-42de-9d93-65719db93261-8316722560","trial_id":24,"user_attr":{"wall_s":367.3728687763214}}
{"op_code":6,"worker_id":"9c373109-817a-42de-9d93-65719db93261-8316722560","trial_id":24,"state":1,"values":[43.97830073492405],"datetime_complete":"2026-10-08T03:38:00.796525"}
{"op_code":7,"worker_id":"9c373109-817a-42de-9d93-65719db93261-8316722560","trial_id":25,"step":16,"intermediate_value":41.75010264049162}
{"op_code":8,"worker_id":"9c373109-817a-42de-9d93-65719db93261-8316722560","trial_id":25,"user_attr":{"hh_saving":{"254":41.86322545461966,"185":39.22844524487015,"230":44.33895118164255,"266":41.12352078839402,"145":42.968299877698385,"229":38.13074067160261,"300":54.851955513610434,"69":45.00567039150774,"136":24.634990920108578,"56":50.2602804663152,"72":32.10469658700799,"26":25.921088066001364,"45":37.024762165509564,"208":50.657721428147745,"40":22.76346623729946,"173":77.1238272535305}}}
{"op_code":8,"worker_id":"9c373109-817a-42de-9d93-65719db93261-8316722560","trial_id":25,"user_attr":{"val_efc_mean":66.473973059375}}
{"op_code":8,"worker_id":"9c373109-817a-42de-9d93-65719db93261-8316722560","trial_id":25,"user_attr":{"converged_share":1.0}}
{"op_code":8,"worker_id":"9c373109-817a-42de-9d93-65719db93261-8316722560","trial_id":25,"user_attr":{"wall_s":367.3712661266327}}
{"op_code":6,"worker_id":"9c373109-817a-42de-9d93-65719db93261-8316722560","trial_id":25,"state":1,"values":[41.75010264049162],"datetime_complete":"2026-10-08T03:38:00.798950"}
{"op_code":7,"worker_id":"9c373109-817a-42de-9d93-65719db93261-8316722560","trial_id":26,"step":16,"intermediate_value":0.3139047799584996}
{"op_code":8,"worker_id":"9c373109-817a-42de-9d93-65719db93261-8316722560","trial_id":26,"user_attr":{"hh_saving":{"254":0.2860279928359485,"185":0.6278251649034772,"230":0.05281713548041215,"266":0.2705273574216664,"145":0.571007289591701,"229":-0.04095729576955571,"300":0.21627112763615283,"69":0.31197292784873454,"136":0.46203487767844564,"56":0.41028087015699555,"72":0.3125351763355724,"26":0.34529277058921587,"45":0.0,"208":0.4208062419930774,"40":0.22887637411773248,"173":0.5471584685164166}}}
{"op_code":8,"worker_id":"9c373109-817a-42de-9d93-65719db93261-8316722560","trial_id":26,"user_attr":{"val_efc_mean":0.25968749999999996}}
{"op_code":8,"worker_id":"9c373109-817a-42de-9d93-65719db93261-8316722560","trial_id":26,"user_attr":{"converged_share":0.9375}}
{"op_code":8,"worker_id":"9c373109-817a-42de-9d93-65719db93261-8316722560","trial_id":26,"user_attr":{"wall_s":367.36922216415405}}
{"op_code":6,"worker_id":"9c373109-817a-42de-9d93-65719db93261-8316722560","trial_id":26,"state":1,"values":[0.3139047799584996],"datetime_complete":"2026-10-08T03:38:00.800870"}
{"op_code":7,"worker_id":"9c373109-817a-42de-9d93-65719db93261-8316722560","trial_id":27,"step":16,"intermediate_value":0.11781747636663806}
{"op_code":8,"worker_id":"9c373109-817a-42de-9d93-65719db93261-8316722560","trial_id":27,"user_attr":{"hh_saving":{"254":0.5290188549845263,"185":0.4027448288284918,"230":0.05636601694305199,"266":1.2997856082623802,"145":0.19796745976058766,"229":-0.6639566175303884,"300":-1.009946564721861,"69":0.25424766985700636,"136":0.1475885102212874,"56":0.1485061275213521,"72":0.16451155115699073,"26":0.22650123647134685,"45":0.19673715192115487,"208":0.3587043170320174,"40":0.21687306441771068,"173":-0.6405695932594462}}}
{"op_code":8,"worker_id":"9c373109-817a-42de-9d93-65719db93261-8316722560","trial_id":27,"user_attr":{"val_efc_mean":0.45646484374999996}}
{"op_code":8,"worker_id":"9c373109-817a-42de-9d93-65719db93261-8316722560","trial_id":27,"user_attr":{"converged_share":1.0}}
{"op_code":8,"worker_id":"9c373109-817a-42de-9d93-65719db93261-8316722560","trial_id":27,"user_attr":{"wall_s":367.3671717643738}}
{"op_code":6,"worker_id":"9c373109-817a-42de-9d93-65719db93261-8316722560","trial_id":27,"state":1,"values":[0.11781747636663806],"datetime_complete":"2026-10-08T03:38:00.802675"}
{"op_code":7,"worker_id":"9c373109-817a-42de-9d93-65719db93261-8316722560","trial_id":28,"step":16,"intermediate_value":0.31746964114117165}
{"op_code":8,"worker_id":"9c373109-817a-42de-9d93-65719db93261-8316722560","trial_id":28,"user_attr":{"hh_saving":{"254":0.48933350700406714,"185":0.5217441321570148,"230":0.05281713548041215,"266":0.49968227707844953,"145":0.4258071947927848,"229":-0.1711439982679782,"300":0.1416771464641481,"69":0.31197292784873454,"136":0.5789087865284256,"56":0.2965297521785329,"72":0.3125351763355724,"26":0.34529277058921587,"45":0.062196983694764896,"208":0.6935833206141402,"40":0.22887637411773248,"173":0.2897007716427297}}}
{"op_code":8,"worker_id":"9c373109-817a-42de-9d93-65719db93261-8316722560","trial_id":28,"user_attr":{"val_efc_mean":0.3365625}}
{"op_code":8,"worker_id":"9c373109-817a-42de-9d93-65719db93261-8316722560","trial_id":28,"user_attr":{"converged_share":1.0}}
{"op_code":8,"worker_id":"9c373109-817a-42de-9d93-65719db93261-8316722560","trial_id":28,"user_attr":{"wall_s":367.3654248714447}}
{"op_code":6,"worker_id":"9c373109-817a-42de-9d93-65719db93261-8316722560","trial_id":28,"state":1,"values":[0.31746964114117165],"datetime_complete":"2026-10-08T03:38:00.804561"}
{"op_code":7,"worker_id":"9c373109-817a-42de-9d93-65719db93261-8316722560","trial_id":29,"step":16,"intermediate_value":0.2528875884741788}
{"op_code":8,"worker_id":"9c373109-817a-42de-9d93-65719db93261-8316722560","trial_id":29,"user_attr":{"hh_saving":{"254":0.2860279928359485,"185":0.4027448288284918,"230":0.05636601694305199,"266":0.39013392370344135,"145":0.4258071947927848,"229":-0.3403997519215502,"300":0.230216923174866,"69":0.25424766985700636,"136":0.24407767329273408,"56":0.2965297521785329,"72":0.3125351763355724,"26":0.2585146768070225,"45":0.2539314820891495,"208":0.6155357595998824,"40":0.21687306441771068,"173":0.14305903265221534}}}
{"op_code":8,"worker_id":"9c373109-817a-42de-9d93-65719db93261-8316722560","trial_id":29,"user_attr":{"val_efc_mean":0.3559374999999999}}
{"op_code":8,"worker_id":"9c373109-817a-42de-9d93-65719db93261-8316722560","trial_id":29,"user_attr":{"converged_share":0.0}}
{"op_code":8,"worker_id":"9c373109-817a-42de-9d93-65719db93261-8316722560","trial_id":29,"user_attr":{"wall_s":367.36368918418884}}
{"op_code":6,"worker_id":"9c373109-817a-42de-9d93-65719db93261-8316722560","trial_id":29,"state":1,"values":[0.2528875884741788],"datetime_complete":"2026-10-08T03:38:00.806422"}
{"op_code":7,"worker_id":"9c373109-817a-42de-9d93-65719db93261-8316722560","trial_id":30,"step":16,"intermediate_value":40.95945210287597}
{"op_code":8,"worker_id":"9c373109-817a-42de-9d93-65719db93261-8316722560","trial_id":30,"user_attr":{"hh_saving":{"254":41.30427401179317,"185":38.92368064817071,"230":43.88929835413095,"266":35.44640289830412,"145":43.40659762459788,"229":38.07488443415552,"300":51.85687939175639,"69":42.981891522473,"136":24.743628282293916,"56":49.88985313973625,"72":31.074969770901724,"26":26.28935880718196,"45":41.14358226369137,"208":47.37188416081224,"40":21.819536401040462,"173":77.13451193497586}}}
{"op_code":8,"worker_id":"9c373109-817a-42de-9d93-65719db93261-8316722560","trial_id":30,"user_attr":{"val_efc_mean":67.93238053011719}}
{"op_code":8,"worker_id":"9c373109-817a-42de-9d93-65719db93261-8316722560","trial_id":30,"user_attr":{"converged_share":1.0}}
{"op_code":8,"worker_id":"9c373109-817a-42de-9d93-65719db93261-8316722560","trial_id":30,"user_attr":{"wall_s":367.3618371486664}}
{"op_code":6,"worker_id":"9c373109-817a-42de-9d93-65719db93261-8316722560","trial_id":30,"state":1,"values":[40.95945210287597],"datetime_complete":"2026-10-08T03:38:00.808304"}
{"op_code":7,"worker_id":"9c373109-817a-42de-9d93-65719db93261-8316722560","trial_id":31,"step":16,"intermediate_value":44.64919621457962}
{"op_code":8,"worker_id":"9c373109-817a-42de-9d93-65719db93261-8316722560","trial_id":31,"user_attr":{"hh_saving":{"254":40.795892607434354,"185":39.00831931169316,"230":45.15704306103577,"266":45.24454107631634,"145":45.518116749772055,"229":46.986892681524054,"300":61.38098569384824,"69":44.05359387962427,"136":23.839847822250185,"56":50.60513413586036,"72":34.224855825864616,"26":26.843608819021586,"45":49.53574556820387,"208":52.005553833514675,"40":22.734163198529775,"173":86.45284516878061}}}
{"op_code":8,"worker_id":"9c373109-817a-42de-9d93-65719db93261-8316722560","trial_id":31,"user_attr":{"val_efc_mean":63.405306781250005}}
{"op_code":8,"worker_id":"9c373109-817a-42de-9d93-65719db93261-8316722560","trial_id":31,"user_attr":{"converged_share":1.0}}
{"op_code":8,"worker_id":"9c373109-817a-42de-9d93-65719db93261-8316722560","trial_id":31,"user_attr":{"wall_s":367.36031103134155}}
{"op_code":6,"worker_id":"9c373109-817a-42de-9d93-65719db93261-8316722560","trial_id":31,"state":1,"values":[44.64919621457962],"datetime_complete":"2026-10-08T03:38:00.810255"}
{"op_code":7,"worker_id":"9c373109-817a-42de-9d93-65719db93261-8316722560","trial_id":32,"step":16,"intermediate_value":27.946558890509657}
{"op_code":8,"worker_id":"9c373109-817a-42de-9d93-65719db93261-8316722560","trial_id":32,"user_attr":{"hh_saving":{"254":24.99059149922586,"185":38.20277318462415,"230":26.29510831894265,"266":25.52448087104625,"145":25.592485028259855,"229":31.777395916124863,"300":38.033952174961904,"69":29.07669260630815,"136":21.12177891519504,"56":36.23464876218112,"72":30.093048671323977,"26":15.990249419328432,"45":20.264650840470196,"208":34.14970666437648,"40":12.04730183537352,"173":37.750077540412086}}}
{"op_code":8,"worker_id":"9c373109-817a-42de-9d93-65719db93261-8316722560","trial_id":32,"user_attr":{"val_efc_mean":37.696217256249994}}
{"op_code":8,"worker_id":"9c373109-817a-42de-9d93-65719db93261-8316722560","trial_id":32,"user_attr":{"converged_share":1.0}}
{"op_code":8,"worker_id":"9c373109-817a-42de-9d93-65719db93261-8316722560","trial_id":32,"user_attr":{"wall_s":367.35856795310974}}
{"op_code":6,"worker_id":"9c373109-817a-42de-9d93-65719db93261-8316722560","trial_id":32,"state":1,"values":[27.946558890509657],"datetime_complete":"2026-10-08T03:38:00.812064"}
{"op_code":7,"worker_id":"9c373109-817a-42de-9d93-65719db93261-8316722560","trial_id":33,"step":16,"intermediate_value":0.12217415888218477}
{"op_code":8,"worker_id":"9c373109-817a-42de-9d93-65719db93261-8316722560","trial_id":33,"user_attr":{"hh_saving":{"254":0.2860279928359485,"185":0.44851361562491526,"230":0.05636601694305199,"266":0.10864076931863055,"145":0.19796745976058766,"229":-0.6060930537001334,"300":-0.15645920690730616,"69":0.32631822186407483,"136":0.23993359208555734,"56":0.2965297521785329,"72":0.24680087937127887,"26":0.2585146768070225,"45":-0.4306647668060682,"208":0.6155357595998824,"40":0.14508851102843728,"173":-0.07823367788945593}}}
{"op_code":8,"worker_id":"9c373109-817a-42de-9d93-65719db93261-8316722560","trial_id":33,"user_attr":{"val_efc_mean":0.37937499999999996}}
{"op_code":8,"worker_id":"9c373109-817a-42de-9d93-65719db93261-8316722560","trial_id":33,"user_attr":{"converged_share":1.0}}
{"op_code":8,"worker_id":"9c373109-817a-42de-9d93-65719db93261-8316722560","trial_id":33,"user_attr":{"wall_s":367.3565809726715}}
{"op_code":6,"worker_id":"9c373109-817a-42de-9d93-65719db93261-8316722560","trial_id":33,"state":1,"values":[0.12217415888218477],"datetime_complete":"2026-10-08T03:38:00.813959"}
{"op_code":7,"worker_id":"9c373109-817a-42de-9d93-65719db93261-8316722560","trial_id":34,"step":16,"intermediate_value":45.46101457531201}
{"op_code":8,"worker_id":"9c373109-817a-42de-9d93-65719db93261-8316722560","trial_id":34,"user_attr":{"hh_saving":{"254":41.79312682465842,"185":39.88327548527199,"230":45.34587650828302,"266":47.31913087735207,"145":46.41419342927044,"229":48.08445223957597,"300":65.49202915427006,"69":40.36915405297723,"136":24.592500621978974,"56":50.36382107465733,"72":35.101084174673645,"26":27.49052679559922,"45":49.40374337103879,"208":52.56507430326834,"40":22.62226152017226,"173":90.53598277194426}}}
{"op_code":8,"worker_id":"9c373109-817a-42de-9d93-65719db93261-8316722560","trial_id":34,"user_attr":{"val_efc_mean":60.08272876562499}}
{"op_code":8,"worker_id":"9c373109-817a-42de-9d93-65719db93261-8316722560","trial_id":34,"user_attr":{"converged_share":1.0}}
{"op_code":8,"worker_id":"9c373109-817a-42de-9d93-65719db93261-8316722560","trial_id":34,"user_attr":{"wall_s":367.35358572006226}}
{"op_code":6,"worker_id":"9c373109-817a-42de-9d93-65719db93261-8316722560","trial_id":34,"state":1,"values":[45.46101457531201],"datetime_complete":"2026-10-08T03:38:00.815739"}
{"op_code":7,"worker_id":"9c373109-817a-42de-9d93-65719db93261-8316722560","trial_id":35,"step":16,"intermediate_value":0.3130164914110305}
{"op_code":8,"worker_id":"9c373109-817a-42de-9d93-65719db93261-8316722560","trial_id":35,"user_attr":{"hh_saving":{"254":0.41233313826999207,"185":0.4027448288284918,"230":0.05636601694305199,"266":0.34144185640024766,"145":0.4258071947927848,"229":0.10841766690238838,"300":0.018753033071293754,"69":0.31197292784873454,"136":0.5789087865284256,"56":0.2965297521785329,"72":0.3125351763355724,"26":0.2585146768070225,"45":0.2860279928359485,"208":0.6155357595998824,"40":0.27671244504627424,"173":0.305662610187844}}}
{"op_code":8,"worker_id":"9c373109-817a-42de-9d93-65719db93261-8316722560","trial_id":35,"user_attr":{"val_efc_mean":0.31687499999999996}}
{"op_code":8,"worker_id":"9c373109-817a-42de-9d93-65719db93261-8316722560","trial_id":35,"user_attr":{"converged_share":0.3125}}
{"op_code":8,"worker_id":"9c373109-817a-42de-9d93-65719db93261-8316722560","trial_id":35,"user_attr":{"wall_s":367.35122203826904}}
{"op_code":6,"worker_id":"9c373109-817a-42de-9d93-65719db93261-8316722560","trial_id":35,"state":1,"values":[0.3130164914110305],"datetime_complete":"2026-10-08T03:38:00.817514"}
{"op_code":7,"worker_id":"9c373109-817a-42de-9d93-65719db93261-8316722560","trial_id":36,"step":16,"intermediate_value":0.36037168561064864}
{"op_code":8,"worker_id":"9c373109-817a-42de-9d93-65719db93261-8316722560","trial_id":36,"user_attr":{"hh_saving":{"254":0.2860279928359485,"185":0.5100445282677301,"230":0.05636601694305199,"266":0.8314076664938048,"145":0.4310149836213008,"229":0.44207652592960706,"300":0.1461460874201259,"69":0.25424766985700636,"136":0.1475885102212874,"56":0.1485061275213521,"72":1.4121782970434502,"26":0.2585146768070225,"45":0.031930061921787205,"208":0.40946407423247166,"40":0.22887637411773248,"173":0.17155737653669942}}}
{"op_code":8,"worker_id":"9c373109-817a-42de-9d93-65719db93261-8316722560","trial_id":36,"user_attr":{"val_efc_mean":0.4258685562499999}}
{"op_code":8,"worker_id":"9c373109-817a-42de-9d93-65719db93261-8316722560","trial_id":36,"user_attr":{"converged_share":1.0}}
{"op_code":8,"worker_id":"9c373109-817a-42de-9d93-65719db93261-8316722560","trial_id":36,"user_attr":{"wall_s":367.3492970466614}}
{"op_code":6,"worker_id":"9c373109-817a-42de-9d93-65719db93261-8316722560","trial_id":36,"state":1,"values":[0.36037168561064864],"datetime_complete":"2026-10-08T03:38:00.819365"}
{"op_code":7,"worker_id":"9c373109-817a-42de-9d93-65719db93261-8316722560","trial_id":37,"step":16,"intermediate_value":41.30781856793277}
{"op_code":8,"worker_id":"9c373109-817a-42de-9d93-65719db93261-8316722560","trial_id":37,"user_attr":{"hh_saving":{"254":41.88020386353543,"185":38.41448683231113,"230":43.92687222346886,"266":40.29831381854878,"145":42.66119805233944,"229":40.04996397006013,"300":55.017399345664785,"69":43.15184365593255,"136":23.945832629057747,"56":49.3829757022329,"72":32.02632566757473,"26":26.463347680608223,"45":36.79025814142923,"208":49.67818415130545,"40":21.650945596977742,"173":75.58694575587707}}}
{"op_code":8,"worker_id":"9c373109-817a-42de-9d93-65719db93261-8316722560","trial_id":37,"user_attr":{"val_efc_mean":66.136234646875}}
{"op_code":8,"worker_id":"9c373109-817a-42de-9d93-65719db93261-8316722560","trial_id":37,"user_attr":{"converged_share":1.0}}
{"op_code":8,"worker_id":"9c373109-817a-42de-9d93-65719db93261-8316722560","trial_id":37,"user_attr":{"wall_s":367.34731101989746}}
{"op_code":6,"worker_id":"9c373109-817a-42de-9d93-65719db93261-8316722560","trial_id":37,"state":1,"values":[41.30781856793277],"datetime_complete":"2026-10-08T03:38:00.821174"}
{"op_code":7,"worker_id":"9c373109-817a-42de-9d93-65719db93261-8316722560","trial_id":38,"step":16,"intermediate_value":44.975114097422676}
{"op_code":8,"worker_id":"9c373109-817a-42de-9d93-65719db93261-8316722560","trial_id":38,"user_attr":{"hh_saving":{"254":42.15661602332252,"185":39.97493899863968,"230":45.0525052371957,"266":45.93177042427395,"145":45.88953802764053,"229":46.4084855895241,"300":62.599952684097154,"69":40.47982215614155,"136":25.80475978631074,"56":49.6067034400083,"72":34.187006089164164,"26":26.973005931665806,"45":48.42731217382512,"208":52.99411285153445,"40":22.14884183173291,"173":90.96645431368616}}}
{"op_code":8,"worker_id":"9c373109-817a-42de-9d93-65719db93261-8316722560","trial_id":38,"user_attr":{"val_efc_mean":62.65602096875}}
{"op_code":8,"worker_id":"9c373109-817a-42de-9d93-65719db93261-8316722560","trial_id":38,"user_attr":{"converged_share":1.0}}
{"op_code":8,"worker_id":"9c373109-817a-42de-9d93-65719db93261-8316722560","trial_id":38,"user_attr":{"wall_s":367.3455128669739}}
{"op_code":6,"worker_id":"9c373109-817a-42de-9d93-65719db93261-8316722560","trial_id":38,"state":1,"values":[44.975114097422676],"datetime_complete":"2026-10-08T03:38:00.822959"}
{"op_code":7,"worker_id":"9c373109-817a-42de-9d93-65719db93261-8316722560","trial_id":39,"step":16,"intermediate_value":44.35398409292144}
{"op_code":8,"worker_id":"9c373109-817a-42de-9d93-65719db93261-8316722560","trial_id":39,"user_attr":{"hh_saving":{"254":41.49324556578041,"185":38.26261773888704,"230":44.368995081109986,"266":46.82421717554991,"145":44.804718392204975,"229":49.69185998133178,"300":60.554102176321315,"69":44.160550852118774,"136":24.25397824198096,"56":50.18545359432495,"72":33.3219736951441,"26":26.322850543136937,"45":46.13480949435996,"208":51.48498519695557,"40":22.286165410683633,"173":85.51322234685274}}}
{"op_code":8,"worker_id":"9c373109-817a-42de-9d93-65719db93261-8316722560","trial_id":39,"user_attr":{"val_efc_mean":62.618917478125}}
{"op_code":8,"worker_id":"9c373109-817a-42de-9d93-65719db93261-8316722560","trial_id":39,"user_attr":{"converged_share":1.0}}
{"op_code":8,"worker_id":"9c373109-817a-42de-9d93-65719db93261-8316722560","trial_id":39,"user_attr":{"wall_s":367.343887090683}}
{"op_code":6,"worker_id":"9c373109-817a-42de-9d93-65719db93261-8316722560","trial_id":39,"state":1,"values":[44.35398409292144],"datetime_complete":"2026-10-08T03:38:00.824825"}
{"op_code":7,"worker_id":"9c373109-817a-42de-9d93-65719db93261-8316722560","trial_id":40,"step":16,"intermediate_value":0.31118205776595453}
{"op_code":8,"worker_id":"9c373109-817a-42de-9d93-65719db93261-8316722560","trial_id":40,"user_attr":{"hh_saving":{"254":0.3630283615700236,"185":0.5654697763023547,"230":0.05281713548041215,"266":0.6965740950166557,"145":0.4258071947927848,"229":-0.017540242540499257,"300":0.008254320067709589,"69":0.31197292784873454,"136":0.34255625713198967,"56":0.6839477803738764,"72":0.3125351763355724,"26":0.5220071667998687,"45":-0.124733831064273,"208":0.45347532186058714,"40":0.2623671510309339,"173":0.12037433324854163}}}
{"op_code":8,"worker_id":"9c373109-817a-42de-9d93-65719db93261-8316722560","trial_id":40,"user_attr":{"val_efc_mean":0.32999999999999996}}
{"op_code":8,"worker_id":"9c373109-817a-42de-9d93-65719db93261-8316722560","trial_id":40,"user_attr":{"converged_share":1.0}}
{"op_code":8,"worker_id":"9c373109-817a-42de-9d93-65719db93261-8316722560","trial_id":40,"user_attr":{"wall_s":367.34216499328613}}
{"op_code":6,"worker_id":"9c373109-817a-42de-9d93-65719db93261-8316722560","trial_id":40,"state":1,"values":[0.31118205776595453],"datetime_complete":"2026-10-08T03:38:00.826568"}
{"op_code":7,"worker_id":"9c373109-817a-42de-9d93-65719db93261-8316722560","trial_id":41,"step":16,"intermediate_value":39.50250095842401}
{"op_code":8,"worker_id":"9c373109-817a-42de-9d93-65719db93261-8316722560","trial_id":41,"user_attr":{"hh_saving":{"254":41.12464432543568,"185":38.8998342833926,"230":44.05619666267846,"266":36.36274384464912,"145":41.465529470425665,"229":45.86537558501219,"300":43.15184882767797,"69":41.49726486159936,"136":22.1905680718006,"56":49.339642318193654,"72":30.923379558343985,"26":26.040787685215133,"45":25.47995931836494,"208":48.52329649511501,"40":21.816515003292356,"173":75.30242902358732}}}
{"op_code":8,"worker_id":"9c373109-817a-42de-9d93-65719db93261-8316722560","trial_id":41,"user_attr":{"val_efc_mean":69.03271781562499}}
{"op_code":8,"worker_id":"9c373109-817a-42de-9d93-65719db93261-8316722560","trial_id":41,"user_attr":{"converged_share":1.0}}
{"op_code":8,"worker_id":"9c373109-817a-42de-9d93-65719db93261-8316722560","trial_id":41,"user_attr":{"wall_s":367.33975291252136}}
{"op_code":6,"worker_id":"9c373109-817a-42de-9d93-65719db93261-8316722560","trial_id":41,"state":1,"values":[39.50250095842401],"datetime_complete":"2026-10-08T03:38:00.828326"}
{"op_code":7,"worker_id":"9c373109-817a-42de-9d93-65719db93261-8316722560","trial_id":42,"step":16,"intermediate_value":6.096317639704125}
{"op_code":8,"worker_id":"9c373109-817a-42de-9d93-65719db93261-8316722560","trial_id":42,"user_attr":{"hh_saving":{"254":2.1180474622074916,"185":0.9456967698154324,"230":2.047061551932488,"266":3.1143124003021465,"145":9.975014199740325,"229":0.3732303608283252,"300":13.459746616118295,"69":5.765005907182833,"136":0.13548184715469144,"56":11.046736351992678,"72":0.7903192381832207,"26":2.876998821437838,"45":2.9333499641254037,"208":20.823807810476477,"40":1.6686626975991252,"173":19.467610236169218}}}
{"op_code":8,"worker_id":"9c373109-817a-42de-9d93-65719db93261-8316722560","trial_id":42,"user_attr":{"val_efc_mean":3.882475}}
{"op_code":8,"worker_id":"9c373109-817a-42de-9d93-65719db93261-8316722560","trial_id":42,"user_attr":{"converged_share":1.0}}
{"op_code":8,"worker_id":"9c373109-817a-42de-9d93-65719db93261-8316722560","trial_id":42,"user_attr":{"wall_s":367.33746099472046}}
{"op_code":6,"worker_id":"9c373109-817a-42de-9d93-65719db93261-8316722560","trial_id":42,"state":1,"values":[6.096317639704125],"datetime_complete":"2026-10-08T03:38:00.830050"}
{"op_code":7,"worker_id":"9c373109-817a-42de-9d93-65719db93261-8316722560","trial_id":43,"step":16,"intermediate_value":39.73796853862387}
{"op_code":8,"worker_id":"9c373109-817a-42de-9d93-65719db93261-8316722560","trial_id":43,"user_attr":{"hh_saving":{"254":40.85382960863114,"185":38.495799006439526,"230":43.28401866851151,"266":33.73929991719324,"145":41.31186044362879,"229":42.546675035280906,"300":49.73488854441763,"69":42.89174646849457,"136":23.157815102130332,"56":50.116543447482044,"72":31.559557615153153,"26":25.434774484323196,"45":33.43125761609959,"208":48.25876630231662,"40":21.422280266328293,"173":69.56838409155135}}}
{"op_code":8,"worker_id":"9c373109-817a-42de-9d93-65719db93261-8316722560","trial_id":43,"user_attr":{"val_efc_mean":68.4540724125}}
{"op_code":8,"worker_id":"9c373109-817a-42de-9d93-65719db93261-8316722560","trial_id":43,"user_attr":{"converged_share":1.0}}
{"op_code":8,"worker_id":"9c373109-817a-42de-9d93-65719db93261-8316722560","trial_id":43,"user_attr":{"wall_s":367.3352379798889}}
{"op_code":6,"worker_id":"9c373109-817a-42de-9d93-65719db93261-8316722560","trial_id":43,"state":1,"values":[39.73796853862387],"datetime_complete":"2026-10-08T03:38:00.832176"}
{"op_code":7,"worker_id":"9c373109-817a-42de-9d93-65719db93261-8316722560","trial_id":44,"step":16,"intermediate_value":43.605013398046665}
{"op_code":8,"worker_id":"9c373109-817a-42de-9d93-65719db93261-8316722560","trial_id":44,"user_attr":{"hh_saving":{"254":40.0749178091489,"185":39.07665147287078,"230":45.97757343778659,"266":44.14161693874145,"145":46.069689363668836,"229":39.53482886863334,"300":64.80249927013489,"69":38.9741697391323,"136":24.259501070087104,"56":49.77759288213609,"72":33.35804811789174,"26":26.286912896438544,"45":45.30030206362023,"208":50.43224290602163,"40":22.421702481076736,"173":87.19196505135751}}}
{"op_code":8,"worker_id":"9c373109-817a-42de-9d93-65719db93261-8316722560","trial_id":44,"user_attr":{"val_efc_mean":63.0015283625}}
{"op_code":8,"worker_id":"9c373109-817a-42de-9d93-65719db93261-8316722560","trial_id":44,"user_attr":{"converged_share":0.25}}
{"op_code":8,"worker_id":"9c373109-817a-42de-9d93-65719db93261-8316722560","trial_id":44,"user_attr":{"wall_s":367.33308267593384}}
{"op_code":6,"worker_id":"9c373109-817a-42de-9d93-65719db93261-8316722560","trial_id":44,"state":1,"values":[43.605013398046665],"datetime_complete":"2026-10-08T03:38:00.834466"}
{"op_code":7,"worker_id":"9c373109-817a-42de-9d93-65719db93261-8316722560","trial_id":45,"step":16,"intermediate_value":43.776748545628436}
{"op_code":8,"worker_id":"9c373109-817a-42de-9d93-65719db93261-8316722560","trial_id":45,"user_attr":{"hh_saving":{"254":42.42959339753242,"185":38.99602953866983,"230":45.42014144207839,"266":45.441139428351214,"145":41.287636225317314,"229":48.03395308481655,"300":55.52797121866712,"69":44.70269157889746,"136":23.793533381201364,"56":50.374180854611836,"72":33.80630119372703,"26":26.83249204278591,"45":43.381601794264334,"208":51.93453935562565,"40":22.65168484377972,"173":85.81448734972885}}}
{"op_code":8,"worker_id":"9c373109-817a-42de-9d93-65719db93261-8316722560","trial_id":45,"user_attr":{"val_efc_mean":63.489344572039066}}
{"op_code":8,"worker_id":"9c373109-817a-42de-9d93-65719db93261-8316722560","trial_id":45,"user_attr":{"converged_share":1.0}}
{"op_code":8,"worker_id":"9c373109-817a-42de-9d93-65719db93261-8316722560","trial_id":45,"user_attr":{"wall_s":367.3316352367401}}
{"op_code":6,"worker_id":"9c373109-817a-42de-9d93-65719db93261-8316722560","trial_id":45,"state":1,"values":[43.776748545628436],"datetime_complete":"2026-10-08T03:38:00.836624"}
{"op_code":7,"worker_id":"9c373109-817a-42de-9d93-65719db93261-8316722560","trial_id":46,"step":16,"intermediate_value":0.32306762088849517}
{"op_code":8,"worker_id":"9c373109-817a-42de-9d93-65719db93261-8316722560","trial_id":46,"user_attr":{"hh_saving":{"254":0.48933350700406714,"185":0.8525261529487845,"230":0.05281713548041215,"266":0.16848990467692104,"145":0.4258071947927848,"229":-0.04095729576955571,"300":0.21627112763615283,"69":0.31197292784873454,"136":0.5789087865284256,"56":0.2965297521785329,"72":0.3125351763355724,"26":0.2585146768070225,"45":0.0,"208":0.7041993761177362,"40":0.28534204097485777,"173":0.25679147065547375}}}
{"op_code":8,"worker_id":"9c373109-817a-42de-9d93-65719db93261-8316722560","trial_id":46,"user_attr":{"val_efc_mean":0.269375}}
{"op_code":8,"worker_id":"9c373109-817a-42de-9d93-65719db93261-8316722560","trial_id":46,"user_attr":{"converged_share":1.0}}
{"op_code":8,"worker_id":"9c373109-817a-42de-9d93-65719db93261-8316722560","trial_id":46,"user_attr":{"wall_s":367.3300573825836}}
{"op_code":6,"worker_id":"9c373109-817a-42de-9d93-65719db93261-8316722560","trial_id":46,"state":1,"values":[0.32306762088849517],"datetime_complete":"2026-10-08T03:38:00.838445"}
{"op_code":7,"worker_id":"9c373109-817a-42de-9d93-65719db93261-8316722560","trial_id":47,"step":16,"intermediate_value":39.78700859539201}
{"op_code":8,"worker_id":"9c373109-817a-42de-9d93-65719db93261-8316722560","trial_id":47,"user_attr":{"hh_saving":{"254":41.694308447338464,"185":38.04481058425276,"230":44.22224979479116,"266":33.69223486095279,"145":42.73024145059453,"229":36.46016875466032,"300":47.008657911948376,"69":42.499852735656354,"136":23.706687206443064,"56":49.877852720393314,"72":30.37256670501725,"26":26.310078962335012,"45":36.201314276401064,"208":49.343643211897025,"40":21.729934166897177,"173":72.69753573669352}}}
{"op_code":8,"worker_id":"9c373109-817a-42de-9d93-65719db93261-8316722560","trial_id":47,"user_attr":{"val_efc_mean":69.4276580625}}
{"op_code":8,"worker_id":"9c373109-817a-42de-9d93-65719db93261-8316722560","trial_id":47,"user_attr":{"converged_share":1.0}}
{"op_code":8,"worker_id":"9c373109-817a-42de-9d93-65719db93261-8316722560","trial_id":47,"user_attr":{"wall_s":367.32807898521423}}
{"op_code":6,"worker_id":"9c373109-817a-42de-9d93-65719db93261-8316722560","trial_id":47,"state":1,"values":[39.78700859539201],"datetime_complete":"2026-10-08T03:38:00.840113"}
{"op_code":4,"worker_id":"9c373109-817a-42de-9d93-65719db93261-8316722560","study_id":0,"datetime_start":"2026-10-08T03:40:36.007192"}
{"op_code":9,"worker_id":"9c373109-817a-42de-9d93-65719db93261-8316722560","trial_id":72,"system_attr":{"tpe:relative_params:0":"{\"clone_batch\": 1024, \"clone_class_power\": 0.03670383475719961, \"clone_label_smoothing\": 0.1, \"clone_patience\": 5, \"clone_weight_decay\": 0.0, \"hidden\": 256, \"lr\": 0.00025994297153729407}"}}
{"op_code":5,"worker_id":"9c373109-817a-42de-9d93-65719db93261-8316722560","trial_id":72,"param_name":"lr","param_value_internal":0.00025994297153729407,"distribution":"{\"name\": \"FloatDistribution\", \"attributes\": {\"step\": null, \"low\": 0.0001, \"high\": 0.01, \"log\": true}}"}
{"op_code":5,"worker_id":"9c373109-817a-42de-9d93-65719db93261-8316722560","trial_id":72,"param_name":"hidden","param_value_internal":2,"distribution":"{\"name\": \"CategoricalDistribution\", \"attributes\": {\"choices\": [64, 128, 256]}}"}
{"op_code":5,"worker_id":"9c373109-817a-42de-9d93-65719db93261-8316722560","trial_id":72,"param_name":"clone_batch","param_value_internal":3,"distribution":"{\"name\": \"CategoricalDistribution\", \"attributes\": {\"choices\": [128, 256, 512, 1024, 2048]}}"}
{"op_code":5,"worker_id":"9c373109-817a-42de-9d93-65719db93261-8316722560","trial_id":72,"param_name":"clone_weight_decay","param_value_internal":0,"distribution":"{\"name\": \"CategoricalDistribution\", \"attributes\": {\"choices\": [0.0, 1e-06, 1e-05, 0.0001, 0.001]}}"}
{"op_code":5,"worker_id":"9c373109-817a-42de-9d93-65719db93261-8316722560","trial_id":72,"param_name":"clone_class_power","param_value_internal":0.03670383475719961,"distribution":"{\"name\": \"FloatDistribution\", \"attributes\": {\"step\": null, \"low\": 0.0, \"high\": 1.0, \"log\": false}}"}
{"op_code":5,"worker_id":"9c373109-817a-42de-9d93-65719db93261-8316722560","trial_id":72,"param_name":"clone_label_smoothing","param_value_internal":2,"distribution":"{\"name\": \"CategoricalDistribution\", \"attributes\": {\"choices\": [0.0, 0.05, 0.1]}}"}
{"op_code":5,"worker_id":"9c373109-817a-42de-9d93-65719db93261-8316722560","trial_id":72,"param_name":"clone_patience","param_value_internal":0,"distribution":"{\"name\": \"CategoricalDistribution\", \"attributes\": {\"choices\": [5, 10, 20]}}"}
{"op_code":8,"worker_id":"9c373109-817a-42de-9d93-65719db93261-8316722560","trial_id":72,"user_attr":{"tag":"cdcfaf05ce490"}}
{"op_code":8,"worker_id":"9c373109-817a-42de-9d93-65719db93261-8316722560","trial_id":72,"user_attr":{"overrides":{"lr":0.00025994297153729407,"hidden":256,"clone_batch":1024,"clone_weight_decay":0.0,"clone_class_power":0.03670383475719961,"clone_label_smoothing":0.1,"clone_patience":5}}}
{"op_code":4,"worker_id":"9c373109-817a-42de-9d93-65719db93261-8316722560","study_id":0,"datetime_start":"2026-10-08T03:40:36.014719"}
{"op_code":9,"worker_id":"9c373109-817a-42de-9d93-65719db93261-8316722560","trial_id":73,"system_attr":{"tpe:relative_params:0":"{\"clone_batch\": 2048, \"clone_class_power\": 0.1229593989821159, \"clone_label_smoothing\": 0.05, \"clone_patience\": 20, \"clone_weight_decay\": 0.0, \"hidden\": 256, \"lr\": 0.000190202599323187}"}}
{"op_code":5,"worker_id":"9c373109-817a-42de-9d93-65719db93261-8316722560","trial_id":73,"param_name":"lr","param_value_internal":0.000190202599323187,"distribution":"{\"name\": \"FloatDistribution\", \"attributes\": {\"step\": null, \"low\": 0.0001, \"high\": 0.01, \"log\": true}}"}
{"op_code":5,"worker_id":"9c373109-817a-42de-9d93-65719db93261-8316722560","trial_id":73,"param_name":"hidden","param_value_internal":2,"distribution":"{\"name\": \"CategoricalDistribution\", \"attributes\": {\"choices\": [64, 128, 256]}}"}
{"op_code":5,"worker_id":"9c373109-817a-42de-9d93-65719db93261-8316722560","trial_id":73,"param_name":"clone_batch","param_value_internal":4,"distribution":"{\"name\": \"CategoricalDistribution\", \"attributes\": {\"choices\": [128, 256, 512, 1024, 2048]}}"}
{"op_code":5,"worker_id":"9c373109-817a-42de-9d93-65719db93261-8316722560","trial_id":73,"param_name":"clone_weight_decay","param_value_internal":0,"distribution":"{\"name\": \"CategoricalDistribution\", \"attributes\": {\"choices\": [0.0, 1e-06, 1e-05, 0.0001, 0.001]}}"}
{"op_code":5,"worker_id":"9c373109-817a-42de-9d93-65719db93261-8316722560","trial_id":73,"param_name":"clone_class_power","param_value_internal":0.1229593989821159,"distribution":"{\"name\": \"FloatDistribution\", \"attributes\": {\"step\": null, \"low\": 0.0, \"high\": 1.0, \"log\": false}}"}
{"op_code":5,"worker_id":"9c373109-817a-42de-9d93-65719db93261-8316722560","trial_id":73,"param_name":"clone_label_smoothing","param_value_internal":1,"distribution":"{\"name\": \"CategoricalDistribution\", \"attributes\": {\"choices\": [0.0, 0.05, 0.1]}}"}
{"op_code":5,"worker_id":"9c373109-817a-42de-9d93-65719db93261-8316722560","trial_id":73,"param_name":"clone_patience","param_value_internal":2,"distribution":"{\"name\": \"CategoricalDistribution\", \"attributes\": {\"choices\": [5, 10, 20]}}"}
{"op_code":8,"worker_id":"9c373109-817a-42de-9d93-65719db93261-8316722560","trial_id":73,"user_attr":{"tag":"ceacf2c838307"}}
{"op_code":8,"worker_id":"9c373109-817a-42de-9d93-65719db93261-8316722560","trial_id":73,"user_attr":{"overrides":{"lr":0.000190202599323187,"hidden":256,"clone_batch":2048,"clone_weight_decay":0.0,"clone_class_power":0.1229593989821159,"clone_label_smoothing":0.05,"clone_patience":20}}}
{"op_code":4,"worker_id":"9c373109-817a-42de-9d93-65719db93261-8316722560","study_id":0,"datetime_start":"2026-10-08T03:40:36.020052"}
{"op_code":9,"worker_id":"9c373109-817a-42de-9d93-65719db93261-8316722560","trial_id":74,"system_attr":{"tpe:relative_params:0":"{\"clone_batch\": 512, \"clone_class_power\": 0.004925495886863723, \"clone_label_smoothing\": 0.05, \"clone_patience\": 10, \"clone_weight_decay\": 0.001, \"hidden\": 64, \"lr\": 0.0001533193140846724}"}}
{"op_code":5,"worker_id":"9c373109-817a-42de-9d93-65719db93261-8316722560","trial_id":74,"param_name":"lr","param_value_internal":0.0001533193140846724,"distribution":"{\"name\": \"FloatDistribution\", \"attributes\": {\"step\": null, \"low\": 0.0001, \"high\": 0.01, \"log\": true}}"}
{"op_code":5,"worker_id":"9c373109-817a-42de-9d93-65719db93261-8316722560","trial_id":74,"param_name":"hidden","param_value_internal":0,"distribution":"{\"name\": \"CategoricalDistribution\", \"attributes\": {\"choices\": [64, 128, 256]}}"}
{"op_code":5,"worker_id":"9c373109-817a-42de-9d93-65719db93261-8316722560","trial_id":74,"param_name":"clone_batch","param_value_internal":2,"distribution":"{\"name\": \"CategoricalDistribution\", \"attributes\": {\"choices\": [128, 256, 512, 1024, 2048]}}"}
{"op_code":5,"worker_id":"9c373109-817a-42de-9d93-65719db93261-8316722560","trial_id":74,"param_name":"clone_weight_decay","param_value_internal":4,"distribution":"{\"name\": \"CategoricalDistribution\", \"attributes\": {\"choices\": [0.0, 1e-06, 1e-05, 0.0001, 0.001]}}"}
{"op_code":5,"worker_id":"9c373109-817a-42de-9d93-65719db93261-8316722560","trial_id":74,"param_name":"clone_class_power","param_value_internal":0.004925495886863723,"distribution":"{\"name\": \"FloatDistribution\", \"attributes\": {\"step\": null, \"low\": 0.0, \"high\": 1.0, \"log\": false}}"}
{"op_code":5,"worker_id":"9c373109-817a-42de-9d93-65719db93261-8316722560","trial_id":74,"param_name":"clone_label_smoothing","param_value_internal":1,"distribution":"{\"name\": \"CategoricalDistribution\", \"attributes\": {\"choices\": [0.0, 0.05, 0.1]}}"}
{"op_code":5,"worker_id":"9c373109-817a-42de-9d93-65719db93261-8316722560","trial_id":74,"param_name":"clone_patience","param_value_internal":1,"distribution":"{\"name\": \"CategoricalDistribution\", \"attributes\": {\"choices\": [5, 10, 20]}}"}
{"op_code":8,"worker_id":"9c373109-817a-42de-9d93-65719db93261-8316722560","trial_id":74,"user_attr":{"tag":"c9cbcf766023b"}}
{"op_code":8,"worker_id":"9c373109-817a-42de-9d93-65719db93261-8316722560","trial_id":74,"user_attr":{"overrides":{"lr":0.0001533193140846724,"hidden":64,"clone_batch":512,"clone_weight_decay":0.001,"clone_class_power":0.004925495886863723,"clone_label_smoothing":0.05,"clone_patience":10}}}
{"op_code":4,"worker_id":"9c373109-817a-42de-9d93-65719db93261-8316722560","study_id":0,"datetime_start":"2026-10-08T03:40:36.025899"}
{"op_code":9,"worker_id":"9c373109-817a-42de-9d93-65719db93261-8316722560","trial_id":75,"system_attr":{"tpe:relative_params:0":"{\"clone_batch\": 1024, \"clone_class_power\": 0.3939870582629733, \"clone_label_smoothing\": 0.1, \"clone_patience\": 20, \"clone_weight_decay\": 0.0, \"hidden\": 256, \"lr\": 0.000278533167964392}"}}
{"op_code":5,"worker_id":"9c373109-817a-42de-9d93-65719db93261-8316722560","trial_id":75,"param_name":"lr","param_value_internal":0.000278533167964392,"distribution":"{\"name\": \"FloatDistribution\", \"attributes\": {\"step\": null, \"low\": 0.0001, \"high\": 0.01, \"log\": true}}"}
{"op_code":5,"worker_id":"9c373109-817a-42de-9d93-65719db93261-8316722560","trial_id":75,"param_name":"hidden","param_value_internal":2,"distribution":"{\"name\": \"CategoricalDistribution\", \"attributes\": {\"choices\": [64, 128, 256]}}"}
{"op_code":5,"worker_id":"9c373109-817a-42de-9d93-65719db93261-8316722560","trial_id":75,"param_name":"clone_batch","param_value_internal":3,"distribution":"{\"name\": \"CategoricalDistribution\", \"attributes\": {\"choices\": [128, 256, 512, 1024, 2048]}}"}
{"op_code":5,"worker_id":"9c373109-817a-42de-9d93-65719db93261-8316722560","trial_id":75,"param_name":"clone_weight_decay","param_value_internal":0,"distribution":"{\"name\": \"CategoricalDistribution\", \"attributes\": {\"choices\": [0.0, 1e-06, 1e-05, 0.0001, 0.001]}}"}
{"op_code":5,"worker_id":"9c373109-817a-42de-9d93-65719db93261-8316722560","trial_id":75,"param_name":"clone_class_power","param_value_internal":0.3939870582629733,"distribution":"{\"name\": \"FloatDistribution\", \"attributes\": {\"step\": null, \"low\": 0.0, \"high\": 1.0, \"log\": false}}"}
{"op_code":5,"worker_id":"9c373109-817a-42de-9d93-65719db93261-8316722560","trial_id":75,"param_name":"clone_label_smoothing","param_value_internal":2,"distribution":"{\"name\": \"CategoricalDistribution\", \"attributes\": {\"choices\": [0.0, 0.05, 0.1]}}"}
{"op_code":5,"worker_id":"9c373109-817a-42de-9d93-65719db93261-8316722560","trial_id":75,"param_name":"clone_patience","param_value_internal":2,"distribution":"{\"name\": \"CategoricalDistribution\", \"attributes\": {\"choices\": [5, 10, 20]}}"}
{"op_code":8,"worker_id":"9c373109-817a-42de-9d93-65719db93261-8316722560","trial_id":75,"user_attr":{"tag":"cff3ed772809c"}}
{"op_code":8,"worker_id":"9c373109-817a-42de-9d93-65719db93261-8316722560","trial_id":75,"user_attr":{"overrides":{"lr":0.000278533167964392,"hidden":256,"clone_batch":1024,"clone_weight_decay":0.0,"clone_class_power":0.3939870582629733,"clone_label_smoothing":0.1,"clone_patience":20}}}
{"op_code":4,"worker_id":"9c373109-817a-42de-9d93-65719db93261-8316722560","study_id":0,"datetime_start":"2026-10-08T03:40:36.031182"}
{"op_code":9,"worker_id":"9c373109-817a-42de-9d93-65719db93261-8316722560","trial_id":76,"system_attr":{"tpe:relative_params:0":"{\"clone_batch\": 512, \"clone_class_power\": 0.14042901371755107, \"clone_label_smoothing\": 0.05, \"clone_patience\": 10, \"clone_weight_decay\": 0.001, \"hidden\": 64, \"lr\": 0.0012928213914268761}"}}
{"op_code":5,"worker_id":"9c373109-817a-42de-9d93-65719db93261-8316722560","trial_id":76,"param_name":"lr","param_value_internal":0.0012928213914268761,"distribution":"{\"name\": \"FloatDistribution\", \"attributes\": {\"step\": null, \"low\": 0.0001, \"high\": 0.01, \"log\": true}}"}
{"op_code":5,"worker_id":"9c373109-817a-42de-9d93-65719db93261-8316722560","trial_id":76,"param_name":"hidden","param_value_internal":0,"distribution":"{\"name\": \"CategoricalDistribution\", \"attributes\": {\"choices\": [64, 128, 256]}}"}
{"op_code":5,"worker_id":"9c373109-817a-42de-9d93-65719db93261-8316722560","trial_id":76,"param_name":"clone_batch","param_value_internal":2,"distribution":"{\"name\": \"CategoricalDistribution\", \"attributes\": {\"choices\": [128, 256, 512, 1024, 2048]}}"}
{"op_code":5,"worker_id":"9c373109-817a-42de-9d93-65719db93261-8316722560","trial_id":76,"param_name":"clone_weight_decay","param_value_internal":4,"distribution":"{\"name\": \"CategoricalDistribution\", \"attributes\": {\"choices\": [0.0, 1e-06, 1e-05, 0.0001, 0.001]}}"}
{"op_code":5,"worker_id":"9c373109-817a-42de-9d93-65719db93261-8316722560","trial_id":76,"param_name":"clone_class_power","param_value_internal":0.14042901371755107,"distribution":"{\"name\": \"FloatDistribution\", \"attributes\": {\"step\": null, \"low\": 0.0, \"high\": 1.0, \"log\": false}}"}
{"op_code":5,"worker_id":"9c373109-817a-42de-9d93-65719db93261-8316722560","trial_id":76,"param_name":"clone_label_smoothing","param_value_internal":1,"distribution":"{\"name\": \"CategoricalDistribution\", \"attributes\": {\"choices\": [0.0, 0.05, 0.1]}}"}
{"op_code":5,"worker_id":"9c373109-817a-42de-9d93-65719db93261-8316722560","trial_id":76,"param_name":"clone_patience","param_value_internal":1,"distribution":"{\"name\": \"CategoricalDistribution\", \"attributes\": {\"choices\": [5, 10, 20]}}"}
{"op_code":8,"worker_id":"9c373109-817a-42de-9d93-65719db93261-8316722560","trial_id":76,"user_attr":{"tag":"c55b5e21fb3a4"}}
{"op_code":8,"worker_id":"9c373109-817a-42de-9d93-65719db93261-8316722560","trial_id":76,"user_attr":{"overrides":{"lr":0.0012928213914268761,"hidden":64,"clone_batch":512,"clone_weight_decay":0.001,"clone_class_power":0.14042901371755107,"clone_label_smoothing":0.05,"clone_patience":10}}}
{"op_code":4,"worker_id":"9c373109-817a-42de-9d93-65719db93261-8316722560","study_id":0,"datetime_start":"2026-10-08T03:40:36.036297"}
{"op_code":9,"worker_id":"9c373109-817a-42de-9d93-65719db93261-8316722560","trial_id":77,"system_attr":{"tpe:relative_params:0":"{\"clone_batch\": 512, \"clone_class_power\": 0.2983453496267684, \"clone_label_smoothing\": 0.05, \"clone_patience\": 5, \"clone_weight_decay\": 1e-06, \"hidden\": 64, \"lr\": 0.00038102753505641203}"}}
{"op_code":5,"worker_id":"9c373109-817a-42de-9d93-65719db93261-8316722560","trial_id":77,"param_name":"lr","param_value_internal":0.00038102753505641203,"distribution":"{\"name\": \"FloatDistribution\", \"attributes\": {\"step\": null, \"low\": 0.0001, \"high\": 0.01, \"log\": true}}"}
{"op_code":5,"worker_id":"9c373109-817a-42de-9d93-65719db93261-8316722560","trial_id":77,"param_name":"hidden","param_value_internal":0,"distribution":"{\"name\": \"CategoricalDistribution\", \"attributes\": {\"choices\": [64, 128, 256]}}"}
{"op_code":5,"worker_id":"9c373109-817a-42de-9d93-65719db93261-8316722560","trial_id":77,"param_name":"clone_batch","param_value_internal":2,"distribution":"{\"name\": \"CategoricalDistribution\", \"attributes\": {\"choices\": [128, 256, 512, 1024, 2048]}}"}
{"op_code":5,"worker_id":"9c373109-817a-42de-9d93-65719db93261-8316722560","trial_id":77,"param_name":"clone_weight_decay","param_value_internal":1,"distribution":"{\"name\": \"CategoricalDistribution\", \"attributes\": {\"choices\": [0.0, 1e-06, 1e-05, 0.0001, 0.001]}}"}
{"op_code":5,"worker_id":"9c373109-817a-42de-9d93-65719db93261-8316722560","trial_id":77,"param_name":"clone_class_power","param_value_internal":0.2983453496267684,"distribution":"{\"name\": \"FloatDistribution\", \"attributes\": {\"step\": null, \"low\": 0.0, \"high\": 1.0, \"log\": false}}"}
{"op_code":5,"worker_id":"9c373109-817a-42de-9d93-65719db93261-8316722560","trial_id":77,"param_name":"clone_label_smoothing","param_value_internal":1,"distribution":"{\"name\": \"CategoricalDistribution\", \"attributes\": {\"choices\": [0.0, 0.05, 0.1]}}"}
{"op_code":5,"worker_id":"9c373109-817a-42de-9d93-65719db93261-8316722560","trial_id":77,"param_name":"clone_patience","param_value_internal":0,"distribution":"{\"name\": \"CategoricalDistribution\", \"attributes\": {\"choices\": [5, 10, 20]}}"}
{"op_code":8,"worker_id":"9c373109-817a-42de-9d93-65719db93261-8316722560","trial_id":77,"user_attr":{"tag":"cda6d04542f08"}}
{"op_code":8,"worker_id":"9c373109-817a-42de-9d93-65719db93261-8316722560","trial_id":77,"user_attr":{"overrides":{"lr":0.00038102753505641203,"hidden":64,"clone_batch":512,"clone_weight_decay":1e-06,"clone_class_power":0.2983453496267684,"clone_label_smoothing":0.05,"clone_patience":5}}}
{"op_code":4,"worker_id":"9c373109-817a-42de-9d93-65719db93261-8316722560","study_id":0,"datetime_start":"2026-10-08T03:40:36.041770"}
{"op_code":9,"worker_id":"9c373109-817a-42de-9d93-65719db93261-8316722560","trial_id":78,"system_attr":{"tpe:relative_params:0":"{\"clone_batch\": 256, \"clone_class_power\": 0.1284154129245157, \"clone_label_smoothing\": 0.1, \"clone_patience\": 10, \"clone_weight_decay\": 0.001, \"hidden\": 64, \"lr\": 0.00046322919366647474}"}}
{"op_code":5,"worker_id":"9c373109-817a-42de-9d93-65719db93261-8316722560","trial_id":78,"param_name":"lr","param_value_internal":0.00046322919366647474,"distribution":"{\"name\": \"FloatDistribution\", \"attributes\": {\"step\": null, \"low\": 0.0001, \"high\": 0.01, \"log\": true}}"}
{"op_code":5,"worker_id":"9c373109-817a-42de-9d93-65719db93261-8316722560","trial_id":78,"param_name":"hidden","param_value_internal":0,"distribution":"{\"name\": \"CategoricalDistribution\", \"attributes\": {\"choices\": [64, 128, 256]}}"}
{"op_code":5,"worker_id":"9c373109-817a-42de-9d93-65719db93261-8316722560","trial_id":78,"param_name":"clone_batch","param_value_internal":1,"distribution":"{\"name\": \"CategoricalDistribution\", \"attributes\": {\"choices\": [128, 256, 512, 1024, 2048]}}"}
{"op_code":5,"worker_id":"9c373109-817a-42de-9d93-65719db93261-8316722560","trial_id":78,"param_name":"clone_weight_decay","param_value_internal":4,"distribution":"{\"name\": \"CategoricalDistribution\", \"attributes\": {\"choices\": [0.0, 1e-06, 1e-05, 0.0001, 0.001]}}"}
{"op_code":5,"worker_id":"9c373109-817a-42de-9d93-65719db93261-8316722560","trial_id":78,"param_name":"clone_class_power","param_value_internal":0.1284154129245157,"distribution":"{\"name\": \"FloatDistribution\", \"attributes\": {\"step\": null, \"low\": 0.0, \"high\": 1.0, \"log\": false}}"}
{"op_code":5,"worker_id":"9c373109-817a-42de-9d93-65719db93261-8316722560","trial_id":78,"param_name":"clone_label_smoothing","param_value_internal":2,"distribution":"{\"name\": \"CategoricalDistribution\", \"attributes\": {\"choices\": [0.0, 0.05, 0.1]}}"}
{"op_code":5,"worker_id":"9c373109-817a-42de-9d93-65719db93261-8316722560","trial_id":78,"param_name":"clone_patience","param_value_internal":1,"distribution":"{\"name\": \"CategoricalDistribution\", \"attributes\": {\"choices\": [5, 10, 20]}}"}
{"op_code":8,"worker_id":"9c373109-817a-42de-9d93-65719db93261-8316722560","trial_id":78,"user_attr":{"tag":"c935e069dd4d1"}}
{"op_code":8,"worker_id":"9c373109-817a-42de-9d93-65719db93261-8316722560","trial_id":78,"user_attr":{"overrides":{"lr":0.00046322919366647474,"hidden":64,"clone_batch":256,"clone_weight_decay":0.001,"clone_class_power":0.1284154129245157,"clone_label_smoothing":0.1,"clone_patience":10}}}
{"op_code":4,"worker_id":"9c373109-817a-42de-9d93-65719db93261-8316722560","study_id":0,"datetime_start":"2026-10-08T03:40:36.046937"}
{"op_code":9,"worker_id":"9c373109-817a-42de-9d93-65719db93261-8316722560","trial_id":79,"system_attr":{"tpe:relative_params:0":"{\"clone_batch\": 1024, \"clone_class_power\": 0.011807504558416157, \"clone_label_smoothing\": 0.0, \"clone_patience\": 20, \"clone_weight_decay\": 0.0, \"hidden\": 256, \"lr\": 0.0006331303373507053}"}}
{"op_code":5,"worker_id":"9c373109-817a-42de-9d93-65719db93261-8316722560","trial_id":79,"param_name":"lr","param_value_internal":0.0006331303373507053,"distribution":"{\"name\": \"FloatDistribution\", \"attributes\": {\"step\": null, \"low\": 0.0001, \"high\": 0.01, \"log\": true}}"}
{"op_code":5,"worker_id":"9c373109-817a-42de-9d93-65719db93261-8316722560","trial_id":79,"param_name":"hidden","param_value_internal":2,"distribution":"{\"name\": \"CategoricalDistribution\", \"attributes\": {\"choices\": [64, 128, 256]}}"}
{"op_code":5,"worker_id":"9c373109-817a-42de-9d93-65719db93261-8316722560","trial_id":79,"param_name":"clone_batch","param_value_internal":3,"distribution":"{\"name\": \"CategoricalDistribution\", \"attributes\": {\"choices\": [128, 256, 512, 1024, 2048]}}"}
{"op_code":5,"worker_id":"9c373109-817a-42de-9d93-65719db93261-8316722560","trial_id":79,"param_name":"clone_weight_decay","param_value_internal":0,"distribution":"{\"name\": \"CategoricalDistribution\", \"attributes\": {\"choices\": [0.0, 1e-06, 1e-05, 0.0001, 0.001]}}"}
{"op_code":5,"worker_id":"9c373109-817a-42de-9d93-65719db93261-8316722560","trial_id":79,"param_name":"clone_class_power","param_value_internal":0.011807504558416157,"distribution":"{\"name\": \"FloatDistribution\", \"attributes\": {\"step\": null, \"low\": 0.0, \"high\": 1.0, \"log\": false}}"}
{"op_code":5,"worker_id":"9c373109-817a-42de-9d93-65719db93261-8316722560","trial_id":79,"param_name":"clone_label_smoothing","param_value_internal":0,"distribution":"{\"name\": \"CategoricalDistribution\", \"attributes\": {\"choices\": [0.0, 0.05, 0.1]}}"}
{"op_code":5,"worker_id":"9c373109-817a-42de-9d93-65719db93261-8316722560","trial_id":79,"param_name":"clone_patience","param_value_internal":2,"distribution":"{\"name\": \"CategoricalDistribution\", \"attributes\": {\"choices\": [5, 10, 20]}}"}
{"op_code":8,"worker_id":"9c373109-817a-42de-9d93-65719db93261-8316722560","trial_id":79,"user_attr":{"tag":"c607320ec5e04"}}
{"op_code":8,"worker_id":"9c373109-817a-42de-9d93-65719db93261-8316722560","trial_id":79,"user_attr":{"overrides":{"lr":0.0006331303373507053,"hidden":256,"clone_batch":1024,"clone_weight_decay":0.0,"clone_class_power":0.011807504558416157,"clone_label_smoothing":0.0,"clone_patience":20}}}
{"op_code":4,"worker_id":"9c373109-817a-42de-9d93-65719db93261-8316722560","study_id":0,"datetime_start":"2026-10-08T03:40:36.051811"}
{"op_code":9,"worker_id":"9c373109-817a-42de-9d93-65719db93261-8316722560","trial_id":80,"system_attr":{"tpe:relative_params:0":"{\"clone_batch\": 1024, \"clone_class_power\": 0.044612969412357456, \"clone_label_smoothing\": 0.1, \"clone_patience\": 20, \"clone_weight_decay\": 1e-05, \"hidden\": 256, \"lr\": 0.00029628973038714186}"}}
{"op_code":5,"worker_id":"9c373109-817a-42de-9d93-65719db93261-8316722560","trial_id":80,"param_name":"lr","param_value_internal":0.00029628973038714186,"distribution":"{\"name\": \"FloatDistribution\", \"attributes\": {\"step\": null, \"low\": 0.0001, \"high\": 0.01, \"log\": true}}"}
{"op_code":5,"worker_id":"9c373109-817a-42de-9d93-65719db93261-8316722560","trial_id":80,"param_name":"hidden","param_value_internal":2,"distribution":"{\"name\": \"CategoricalDistribution\", \"attributes\": {\"choices\": [64, 128, 256]}}"}
{"op_code":5,"worker_id":"9c373109-817a-42de-9d93-65719db93261-8316722560","trial_id":80,"param_name":"clone_batch","param_value_internal":3,"distribution":"{\"name\": \"CategoricalDistribution\", \"attributes\": {\"choices\": [128, 256, 512, 1024, 2048]}}"}
{"op_code":5,"worker_id":"9c373109-817a-42de-9d93-65719db93261-8316722560","trial_id":80,"param_name":"clone_weight_decay","param_value_internal":2,"distribution":"{\"name\": \"CategoricalDistribution\", \"attributes\": {\"choices\": [0.0, 1e-06, 1e-05, 0.0001, 0.001]}}"}
{"op_code":5,"worker_id":"9c373109-817a-42de-9d93-65719db93261-8316722560","trial_id":80,"param_name":"clone_class_power","param_value_internal":0.044612969412357456,"distribution":"{\"name\": \"FloatDistribution\", \"attributes\": {\"step\": null, \"low\": 0.0, \"high\": 1.0, \"log\": false}}"}
{"op_code":5,"worker_id":"9c373109-817a-42de-9d93-65719db93261-8316722560","trial_id":80,"param_name":"clone_label_smoothing","param_value_internal":2,"distribution":"{\"name\": \"CategoricalDistribution\", \"attributes\": {\"choices\": [0.0, 0.05, 0.1]}}"}
{"op_code":5,"worker_id":"9c373109-817a-42de-9d93-65719db93261-8316722560","trial_id":80,"param_name":"clone_patience","param_value_internal":2,"distribution":"{\"name\": \"CategoricalDistribution\", \"attributes\": {\"choices\": [5, 10, 20]}}"}
{"op_code":8,"worker_id":"9c373109-817a-42de-9d93-65719db93261-8316722560","trial_id":80,"user_attr":{"tag":"c8c2ad9035aed"}}
{"op_code":8,"worker_id":"9c373109-817a-42de-9d93-65719db93261-8316722560","trial_id":80,"user_attr":{"overrides":{"lr":0.00029628973038714186,"hidden":256,"clone_batch":1024,"clone_weight_decay":1e-05,"clone_class_power":0.044612969412357456,"clone_label_smoothing":0.1,"clone_patience":20}}}
{"op_code":4,"worker_id":"9c373109-817a-42de-9d93-65719db93261-8316722560","study_id":0,"datetime_start":"2026-10-08T03:40:36.057235"}
{"op_code":9,"worker_id":"9c373109-817a-42de-9d93-65719db93261-8316722560","trial_id":81,"system_attr":{"tpe:relative_params:0":"{\"clone_batch\": 128, \"clone_class_power\": 0.05964713451747104, \"clone_label_smoothing\": 0.1, \"clone_patience\": 20, \"clone_weight_decay\": 0.001, \"hidden\": 128, \"lr\": 0.0006970739434870117}"}}
{"op_code":5,"worker_id":"9c373109-817a-42de-9d93-65719db93261-8316722560","trial_id":81,"param_name":"lr","param_value_internal":0.0006970739434870117,"distribution":"{\"name\": \"FloatDistribution\", \"attributes\": {\"step\": null, \"low\": 0.0001, \"high\": 0.01, \"log\": true}}"}
{"op_code":5,"worker_id":"9c373109-817a-42de-9d93-65719db93261-8316722560","trial_id":81,"param_name":"hidden","param_value_internal":1,"distribution":"{\"name\": \"CategoricalDistribution\", \"attributes\": {\"choices\": [64, 128, 256]}}"}
{"op_code":5,"worker_id":"9c373109-817a-42de-9d93-65719db93261-8316722560","trial_id":81,"param_name":"clone_batch","param_value_internal":0,"distribution":"{\"name\": \"CategoricalDistribution\", \"attributes\": {\"choices\": [128, 256, 512, 1024, 2048]}}"}
{"op_code":5,"worker_id":"9c373109-817a-42de-9d93-65719db93261-8316722560","trial_id":81,"param_name":"clone_weight_decay","param_value_internal":4,"distribution":"{\"name\": \"CategoricalDistribution\", \"attributes\": {\"choices\": [0.0, 1e-06, 1e-05, 0.0001, 0.001]}}"}
{"op_code":5,"worker_id":"9c373109-817a-42de-9d93-65719db93261-8316722560","trial_id":81,"param_name":"clone_class_power","param_value_internal":0.05964713451747104,"distribution":"{\"name\": \"FloatDistribution\", \"attributes\": {\"step\": null, \"low\": 0.0, \"high\": 1.0, \"log\": false}}"}
{"op_code":5,"worker_id":"9c373109-817a-42de-9d93-65719db93261-8316722560","trial_id":81,"param_name":"clone_label_smoothing","param_value_internal":2,"distribution":"{\"name\": \"CategoricalDistribution\", \"attributes\": {\"choices\": [0.0, 0.05, 0.1]}}"}
{"op_code":5,"worker_id":"9c373109-817a-42de-9d93-65719db93261-8316722560","trial_id":81,"param_name":"clone_patience","param_value_internal":2,"distribution":"{\"name\": \"CategoricalDistribution\", \"attributes\": {\"choices\": [5, 10, 20]}}"}
{"op_code":8,"worker_id":"9c373109-817a-42de-9d93-65719db93261-8316722560","trial_id":81,"user_attr":{"tag":"ce7ba6c0693d2"}}
{"op_code":8,"worker_id":"9c373109-817a-42de-9d93-65719db93261-8316722560","trial_id":81,"user_attr":{"overrides":{"lr":0.0006970739434870117,"hidden":128,"clone_batch":128,"clone_weight_decay":0.001,"clone_class_power":0.05964713451747104,"clone_label_smoothing":0.1,"clone_patience":20}}}
{"op_code":4,"worker_id":"9c373109-817a-42de-9d93-65719db93261-8316722560","study_id":0,"datetime_start":"2026-10-08T03:40:36.063157"}
{"op_code":9,"worker_id":"9c373109-817a-42de-9d93-65719db93261-8316722560","trial_id":82,"system_attr":{"tpe:relative_params:0":"{\"clone_batch\": 256, \"clone_class_power\": 0.15049092362369149, \"clone_label_smoothing\": 0.1, \"clone_patience\": 20, \"clone_weight_decay\": 0.0, \"hidden\": 256, \"lr\": 0.00010942067113884131}"}}
{"op_code":5,"worker_id":"9c373109-817a-42de-9d93-65719db93261-8316722560","trial_id":82,"param_name":"lr","param_value_internal":0.00010942067113884131,"distribution":"{\"name\": \"FloatDistribution\", \"attributes\": {\"step\": null, \"low\": 0.0001, \"high\": 0.01, \"log\": true}}"}
{"op_code":5,"worker_id":"9c373109-817a-42de-9d93-65719db93261-8316722560","trial_id":82,"param_name":"hidden","param_value_internal":2,"distribution":"{\"name\": \"CategoricalDistribution\", \"attributes\": {\"choices\": [64, 128, 256]}}"}
{"op_code":5,"worker_id":"9c373109-817a-42de-9d93-65719db93261-8316722560","trial_id":82,"param_name":"clone_batch","param_value_internal":1,"distribution":"{\"name\": \"CategoricalDistribution\", \"attributes\": {\"choices\": [128, 256, 512, 1024, 2048]}}"}
{"op_code":5,"worker_id":"9c373109-817a-42de-9d93-65719db93261-8316722560","trial_id":82,"param_name":"clone_weight_decay","param_value_internal":0,"distribution":"{\"name\": \"CategoricalDistribution\", \"attributes\": {\"choices\": [0.0, 1e-06, 1e-05, 0.0001, 0.001]}}"}
{"op_code":5,"worker_id":"9c373109-817a-42de-9d93-65719db93261-8316722560","trial_id":82,"param_name":"clone_class_power","param_value_internal":0.15049092362369149,"distribution":"{\"name\": \"FloatDistribution\", \"attributes\": {\"step\": null, \"low\": 0.0, \"high\": 1.0, \"log\": false}}"}
{"op_code":5,"worker_id":"9c373109-817a-42de-9d93-65719db93261-8316722560","trial_id":82,"param_name":"clone_label_smoothing","param_value_internal":2,"distribution":"{\"name\": \"CategoricalDistribution\", \"attributes\": {\"choices\": [0.0, 0.05, 0.1]}}"}
{"op_code":5,"worker_id":"9c373109-817a-42de-9d93-65719db93261-8316722560","trial_id":82,"param_name":"clone_patience","param_value_internal":2,"distribution":"{\"name\": \"CategoricalDistribution\", \"attributes\": {\"choices\": [5, 10, 20]}}"}
{"op_code":8,"worker_id":"9c373109-817a-42de-9d93-65719db93261-8316722560","trial_id":82,"user_attr":{"tag":"c9ac6a1fde435"}}
{"op_code":8,"worker_id":"9c373109-817a-42de-9d93-65719db93261-8316722560","trial_id":82,"user_attr":{"overrides":{"lr":0.00010942067113884131,"hidden":256,"clone_batch":256,"clone_weight_decay":0.0,"clone_class_power":0.15049092362369149,"clone_label_smoothing":0.1,"clone_patience":20}}}
{"op_code":4,"worker_id":"9c373109-817a-42de-9d93-65719db93261-8316722560","study_id":0,"datetime_start":"2026-10-08T03:40:36.068306"}
{"op_code":9,"worker_id":"9c373109-817a-42de-9d93-65719db93261-8316722560","trial_id":83,"system_attr":{"tpe:relative_params:0":"{\"clone_batch\": 512, \"clone_class_power\": 0.0009253071011693925, \"clone_label_smoothing\": 0.05, \"clone_patience\": 10, \"clone_weight_decay\": 0.0, \"hidden\": 256, \"lr\": 0.000846345390110363}"}}
{"op_code":5,"worker_id":"9c373109-817a-42de-9d93-65719db93261-8316722560","trial_id":83,"param_name":"lr","param_value_internal":0.000846345390110363,"distribution":"{\"name\": \"FloatDistribution\", \"attributes\": {\"step\": null, \"low\": 0.0001, \"high\": 0.01, \"log\": true}}"}
{"op_code":5,"worker_id":"9c373109-817a-42de-9d93-65719db93261-8316722560","trial_id":83,"param_name":"hidden","param_value_internal":2,"distribution":"{\"name\": \"CategoricalDistribution\", \"attributes\": {\"choices\": [64, 128, 256]}}"}
{"op_code":5,"worker_id":"9c373109-817a-42de-9d93-65719db93261-8316722560","trial_id":83,"param_name":"clone_batch","param_value_internal":2,"distribution":"{\"name\": \"CategoricalDistribution\", \"attributes\": {\"choices\": [128, 256, 512, 1024, 2048]}}"}
{"op_code":5,"worker_id":"9c373109-817a-42de-9d93-65719db93261-8316722560","trial_id":83,"param_name":"clone_weight_decay","param_value_internal":0,"distribution":"{\"name\": \"CategoricalDistribution\", \"attributes\": {\"choices\": [0.0, 1e-06, 1e-05, 0.0001, 0.001]}}"}
{"op_code":5,"worker_id":"9c373109-817a-42de-9d93-65719db93261-8316722560","trial_id":83,"param_name":"clone_class_power","param_value_internal":0.0009253071011693925,"distribution":"{\"name\": \"FloatDistribution\", \"attributes\": {\"step\": null, \"low\": 0.0, \"high\": 1.0, \"log\": false}}"}
{"op_code":5,"worker_id":"9c373109-817a-42de-9d93-65719db93261-8316722560","trial_id":83,"param_name":"clone_label_smoothing","param_value_internal":1,"distribution":"{\"name\": \"CategoricalDistribution\", \"attributes\": {\"choices\": [0.0, 0.05, 0.1]}}"}
{"op_code":5,"worker_id":"9c373109-817a-42de-9d93-65719db93261-8316722560","trial_id":83,"param_name":"clone_patience","param_value_internal":1,"distribution":"{\"name\": \"CategoricalDistribution\", \"attributes\": {\"choices\": [5, 10, 20]}}"}
{"op_code":8,"worker_id":"9c373109-817a-42de-9d93-65719db93261-8316722560","trial_id":83,"user_attr":{"tag":"cc456fead9b53"}}
{"op_code":8,"worker_id":"9c373109-817a-42de-9d93-65719db93261-8316722560","trial_id":83,"user_attr":{"overrides":{"lr":0.000846345390110363,"hidden":256,"clone_batch":512,"clone_weight_decay":0.0,"clone_class_power":0.0009253071011693925,"clone_label_smoothing":0.05,"clone_patience":10}}}
{"op_code":4,"worker_id":"9c373109-817a-42de-9d93-65719db93261-8316722560","study_id":0,"datetime_start":"2026-10-08T03:40:36.073545"}
{"op_code":9,"worker_id":"9c373109-817a-42de-9d93-65719db93261-8316722560","trial_id":84,"system_attr":{"tpe:relative_params:0":"{\"clone_batch\": 128, \"clone_class_power\": 0.3151150855910425, \"clone_label_smoothing\": 0.1, \"clone_patience\": 20, \"clone_weight_decay\": 1e-06, \"hidden\": 64, \"lr\": 0.009245138809123254}"}}
{"op_code":5,"worker_id":"9c373109-817a-42de-9d93-65719db93261-8316722560","trial_id":84,"param_name":"lr","param_value_internal":0.009245138809123254,"distribution":"{\"name\": \"FloatDistribution\", \"attributes\": {\"step\": null, \"low\": 0.0001, \"high\": 0.01, \"log\": true}}"}
{"op_code":5,"worker_id":"9c373109-817a-42de-9d93-65719db93261-8316722560","trial_id":84,"param_name":"hidden","param_value_internal":0,"distribution":"{\"name\": \"CategoricalDistribution\", \"attributes\": {\"choices\": [64, 128, 256]}}"}
{"op_code":5,"worker_id":"9c373109-817a-42de-9d93-65719db93261-8316722560","trial_id":84,"param_name":"clone_batch","param_value_internal":0,"distribution":"{\"name\": \"CategoricalDistribution\", \"attributes\": {\"choices\": [128, 256, 512, 1024, 2048]}}"}
{"op_code":5,"worker_id":"9c373109-817a-42de-9d93-65719db93261-8316722560","trial_id":84,"param_name":"clone_weight_decay","param_value_internal":1,"distribution":"{\"name\": \"CategoricalDistribution\", \"attributes\": {\"choices\": [0.0, 1e-06, 1e-05, 0.0001, 0.001]}}"}
{"op_code":5,"worker_id":"9c373109-817a-42de-9d93-65719db93261-8316722560","trial_id":84,"param_name":"clone_class_power","param_value_internal":0.3151150855910425,"distribution":"{\"name\": \"FloatDistribution\", \"attributes\": {\"step\": null, \"low\": 0.0, \"high\": 1.0, \"log\": false}}"}
{"op_code":5,"worker_id":"9c373109-817a-42de-9d93-65719db93261-8316722560","trial_id":84,"param_name":"clone_label_smoothing","param_value_internal":2,"distribution":"{\"name\": \"CategoricalDistribution\", \"attributes\": {\"choices\": [0.0, 0.05, 0.1]}}"}
{"op_code":5,"worker_id":"9c373109-817a-42de-9d93-65719db93261-8316722560","trial_id":84,"param_name":"clone_patience","param_value_internal":2,"distribution":"{\"name\": \"CategoricalDistribution\", \"attributes\": {\"choices\": [5, 10, 20]}}"}
{"op_code":8,"worker_id":"9c373109-817a-42de-9d93-65719db93261-8316722560","trial_id":84,"user_attr":{"tag":"cb820a17855f2"}}
{"op_code":8,"worker_id":"9c373109-817a-42de-9d93-65719db93261-8316722560","trial_id":84,"user_attr":{"overrides":{"lr":0.009245138809123254,"hidden":64,"clone_batch":128,"clone_weight_decay":1e-06,"clone_class_power":0.3151150855910425,"clone_label_smoothing":0.1,"clone_patience":20}}}
{"op_code":4,"worker_id":"9c373109-817a-42de-9d93-65719db93261-8316722560","study_id":0,"datetime_start":"2026-10-08T03:40:36.079223"}
{"op_code":9,"worker_id":"9c373109-817a-42de-9d93-65719db93261-8316722560","trial_id":85,"system_attr":{"tpe:relative_params:0":"{\"clone_batch\": 128, \"clone_class_power\": 0.45570223327460446, \"clone_label_smoothing\": 0.1, \"clone_patience\": 20, \"clone_weight_decay\": 0.0001, \"hidden\": 128, \"lr\": 0.0012879401073181472}"}}
{"op_code":5,"worker_id":"9c373109-817a-42de-9d93-65719db93261-8316722560","trial_id":85,"param_name":"lr","param_value_internal":0.0012879401073181472,"distribution":"{\"name\": \"FloatDistribution\", \"attributes\": {\"step\": null, \"low\": 0.0001, \"high\": 0.01, \"log\": true}}"}
{"op_code":5,"worker_id":"9c373109-817a-42de-9d93-65719db93261-8316722560","trial_id":85,"param_name":"hidden","param_value_internal":1,"distribution":"{\"name\": \"CategoricalDistribution\", \"attributes\": {\"choices\": [64, 128, 256]}}"}
{"op_code":5,"worker_id":"9c373109-817a-42de-9d93-65719db93261-8316722560","trial_id":85,"param_name":"clone_batch","param_value_internal":0,"distribution":"{\"name\": \"CategoricalDistribution\", \"attributes\": {\"choices\": [128, 256, 512, 1024, 2048]}}"}
{"op_code":5,"worker_id":"9c373109-817a-42de-9d93-65719db93261-8316722560","trial_id":85,"param_name":"clone_weight_decay","param_value_internal":3,"distribution":"{\"name\": \"CategoricalDistribution\", \"attributes\": {\"choices\": [0.0, 1e-06, 1e-05, 0.0001, 0.001]}}"}
{"op_code":5,"worker_id":"9c373109-817a-42de-9d93-65719db93261-8316722560","trial_id":85,"param_name":"clone_class_power","param_value_internal":0.45570223327460446,"distribution":"{\"name\": \"FloatDistribution\", \"attributes\": {\"step\": null, \"low\": 0.0, \"high\": 1.0, \"log\": false}}"}
{"op_code":5,"worker_id":"9c373109-817a-42de-9d93-65719db93261-8316722560","trial_id":85,"param_name":"clone_label_smoothing","param_value_internal":2,"distribution":"{\"name\": \"CategoricalDistribution\", \"attributes\": {\"choices\": [0.0, 0.05, 0.1]}}"}
{"op_code":5,"worker_id":"9c373109-817a-42de-9d93-65719db93261-8316722560","trial_id":85,"param_name":"clone_patience","param_value_internal":2,"distribution":"{\"name\": \"CategoricalDistribution\", \"attributes\": {\"choices\": [5, 10, 20]}}"}
{"op_code":8,"worker_id":"9c373109-817a-42de-9d93-65719db93261-8316722560","trial_id":85,"user_attr":{"tag":"cf90fc8dfdcbd"}}
{"op_code":8,"worker_id":"9c373109-817a-42de-9d93-65719db93261-8316722560","trial_id":85,"user_attr":{"overrides":{"lr":0.0012879401073181472,"hidden":128,"clone_batch":128,"clone_weight_decay":0.0001,"clone_class_power":0.45570223327460446,"clone_label_smoothing":0.1,"clone_patience":20}}}
{"op_code":4,"worker_id":"9c373109-817a-42de-9d93-65719db93261-8316722560","study_id":0,"datetime_start":"2026-10-08T03:40:36.084292"}
{"op_code":9,"worker_id":"9c373109-817a-42de-9d93-65719db93261-8316722560","trial_id":86,"system_attr":{"tpe:relative_params:0":"{\"clone_batch\": 256, \"clone_class_power\": 0.12903542456726363, \"clone_label_smoothing\": 0.05, \"clone_patience\": 20, \"clone_weight_decay\": 0.0001, \"hidden\": 64, \"lr\": 0.0003563052616639704}"}}
{"op_code":5,"worker_id":"9c373109-817a-42de-9d93-65719db93261-8316722560","trial_id":86,"param_name":"lr","param_value_internal":0.0003563052616639704,"distribution":"{\"name\": \"FloatDistribution\", \"attributes\": {\"step\": null, \"low\": 0.0001, \"high\": 0.01, \"log\": true}}"}
{"op_code":5,"worker_id":"9c373109-817a-42de-9d93-65719db93261-8316722560","trial_id":86,"param_name":"hidden","param_value_internal":0,"distribution":"{\"name\": \"CategoricalDistribution\", \"attributes\": {\"choices\": [64, 128, 256]}}"}
{"op_code":5,"worker_id":"9c373109-817a-42de-9d93-65719db93261-8316722560","trial_id":86,"param_name":"clone_batch","param_value_internal":1,"distribution":"{\"name\": \"CategoricalDistribution\", \"attributes\": {\"choices\": [128, 256, 512, 1024, 2048]}}"}
{"op_code":5,"worker_id":"9c373109-817a-42de-9d93-65719db93261-8316722560","trial_id":86,"param_name":"clone_weight_decay","param_value_internal":3,"distribution":"{\"name\": \"CategoricalDistribution\", \"attributes\": {\"choices\": [0.0, 1e-06, 1e-05, 0.0001, 0.001]}}"}
{"op_code":5,"worker_id":"9c373109-817a-42de-9d93-65719db93261-8316722560","trial_id":86,"param_name":"clone_class_power","param_value_internal":0.12903542456726363,"distribution":"{\"name\": \"FloatDistribution\", \"attributes\": {\"step\": null, \"low\": 0.0, \"high\": 1.0, \"log\": false}}"}
{"op_code":5,"worker_id":"9c373109-817a-42de-9d93-65719db93261-8316722560","trial_id":86,"param_name":"clone_label_smoothing","param_value_internal":1,"distribution":"{\"name\": \"CategoricalDistribution\", \"attributes\": {\"choices\": [0.0, 0.05, 0.1]}}"}
{"op_code":5,"worker_id":"9c373109-817a-42de-9d93-65719db93261-8316722560","trial_id":86,"param_name":"clone_patience","param_value_internal":2,"distribution":"{\"name\": \"CategoricalDistribution\", \"attributes\": {\"choices\": [5, 10, 20]}}"}
{"op_code":8,"worker_id":"9c373109-817a-42de-9d93-65719db93261-8316722560","trial_id":86,"user_attr":{"tag":"c2ee728676e53"}}
{"op_code":8,"worker_id":"9c373109-817a-42de-9d93-65719db93261-8316722560","trial_id":86,"user_attr":{"overrides":{"lr":0.0003563052616639704,"hidden":64,"clone_batch":256,"clone_weight_decay":0.0001,"clone_class_power":0.12903542456726363,"clone_label_smoothing":0.05,"clone_patience":20}}}
{"op_code":4,"worker_id":"9c373109-817a-42de-9d93-65719db93261-8316722560","study_id":0,"datetime_start":"2026-10-08T03:40:36.089381"}
{"op_code":9,"worker_id":"9c373109-817a-42de-9d93-65719db93261-8316722560","trial_id":87,"system_attr":{"tpe:relative_params:0":"{\"clone_batch\": 128, \"clone_class_power\": 0.11750307957844752, \"clone_label_smoothing\": 0.05, \"clone_patience\": 10, \"clone_weight_decay\": 1e-06, \"hidden\": 64, \"lr\": 0.0007163061014480946}"}}
{"op_code":5,"worker_id":"9c373109-817a-42de-9d93-65719db93261-8316722560","trial_id":87,"param_name":"lr","param_value_internal":0.0007163061014480946,"distribution":"{\"name\": \"FloatDistribution\", \"attributes\": {\"step\": null, \"low\": 0.0001, \"high\": 0.01, \"log\": true}}"}
{"op_code":5,"worker_id":"9c373109-817a-42de-9d93-65719db93261-8316722560","trial_id":87,"param_name":"hidden","param_value_internal":0,"distribution":"{\"name\": \"CategoricalDistribution\", \"attributes\": {\"choices\": [64, 128, 256]}}"}
{"op_code":5,"worker_id":"9c373109-817a-42de-9d93-65719db93261-8316722560","trial_id":87,"param_name":"clone_batch","param_value_internal":0,"distribution":"{\"name\": \"CategoricalDistribution\", \"attributes\": {\"choices\": [128, 256, 512, 1024, 2048]}}"}
{"op_code":5,"worker_id":"9c373109-817a-42de-9d93-65719db93261-8316722560","trial_id":87,"param_name":"clone_weight_decay","param_value_internal":1,"distribution":"{\"name\": \"CategoricalDistribution\", \"attributes\": {\"choices\": [0.0, 1e-06, 1e-05, 0.0001, 0.001]}}"}
{"op_code":5,"worker_id":"9c373109-817a-42de-9d93-65719db93261-8316722560","trial_id":87,"param_name":"clone_class_power","param_value_internal":0.11750307957844752,"distribution":"{\"name\": \"FloatDistribution\", \"attributes\": {\"step\": null, \"low\": 0.0, \"high\": 1.0, \"log\": false}}"}
{"op_code":5,"worker_id":"9c373109-817a-42de-9d93-65719db93261-8316722560","trial_id":87,"param_name":"clone_label_smoothing","param_value_internal":1,"distribution":"{\"name\": \"CategoricalDistribution\", \"attributes\": {\"choices\": [0.0, 0.05, 0.1]}}"}
{"op_code":5,"worker_id":"9c373109-817a-42de-9d93-65719db93261-8316722560","trial_id":87,"param_name":"clone_patience","param_value_internal":1,"distribution":"{\"name\": \"CategoricalDistribution\", \"attributes\": {\"choices\": [5, 10, 20]}}"}
{"op_code":8,"worker_id":"9c373109-817a-42de-9d93-65719db93261-8316722560","trial_id":87,"user_attr":{"tag":"c644311e9c4a7"}}
{"op_code":8,"worker_id":"9c373109-817a-42de-9d93-65719db93261-8316722560","trial_id":87,"user_attr":{"overrides":{"lr":0.0007163061014480946,"hidden":64,"clone_batch":128,"clone_weight_decay":1e-06,"clone_class_power":0.11750307957844752,"clone_label_smoothing":0.05,"clone_patience":10}}}
{"op_code":4,"worker_id":"9c373109-817a-42de-9d93-65719db93261-8316722560","study_id":0,"datetime_start":"2026-10-08T03:40:36.094714"}
{"op_code":9,"worker_id":"9c373109-817a-42de-9d93-65719db93261-8316722560","trial_id":88,"system_attr":{"tpe:relative_params:0":"{\"clone_batch\": 2048, \"clone_class_power\": 0.044467287761667584, \"clone_label_smoothing\": 0.05, \"clone_patience\": 20, \"clone_weight_decay\": 0.0001, \"hidden\": 256, \"lr\": 0.0027964211712765215}"}}
{"op_code":5,"worker_id":"9c373109-817a-42de-9d93-65719db93261-8316722560","trial_id":88,"param_name":"lr","param_value_internal":0.0027964211712765215,"distribution":"{\"name\": \"FloatDistribution\", \"attributes\": {\"step\": null, \"low\": 0.0001, \"high\": 0.01, \"log\": true}}"}
{"op_code":5,"worker_id":"9c373109-817a-42de-9d93-65719db93261-8316722560","trial_id":88,"param_name":"hidden","param_value_internal":2,"distribution":"{\"name\": \"CategoricalDistribution\", \"attributes\": {\"choices\": [64, 128, 256]}}"}
{"op_code":5,"worker_id":"9c373109-817a-42de-9d93-65719db93261-8316722560","trial_id":88,"param_name":"clone_batch","param_value_internal":4,"distribution":"{\"name\": \"CategoricalDistribution\", \"attributes\": {\"choices\": [128, 256, 512, 1024, 2048]}}"}
{"op_code":5,"worker_id":"9c373109-817a-42de-9d93-65719db93261-8316722560","trial_id":88,"param_name":"clone_weight_decay","param_value_internal":3,"distribution":"{\"name\": \"CategoricalDistribution\", \"attributes\": {\"choices\": [0.0, 1e-06, 1e-05, 0.0001, 0.001]}}"}
{"op_code":5,"worker_id":"9c373109-817a-42de-9d93-65719db93261-8316722560","trial_id":88,"param_name":"clone_class_power","param_value_internal":0.044467287761667584,"distribution":"{\"name\": \"FloatDistribution\", \"attributes\": {\"step\": null, \"low\": 0.0, \"high\": 1.0, \"log\": false}}"}
{"op_code":5,"worker_id":"9c373109-817a-42de-9d93-65719db93261-8316722560","trial_id":88,"param_name":"clone_label_smoothing","param_value_internal":1,"distribution":"{\"name\": \"CategoricalDistribution\", \"attributes\": {\"choices\": [0.0, 0.05, 0.1]}}"}
{"op_code":5,"worker_id":"9c373109-817a-42de-9d93-65719db93261-8316722560","trial_id":88,"param_name":"clone_patience","param_value_internal":2,"distribution":"{\"name\": \"CategoricalDistribution\", \"attributes\": {\"choices\": [5, 10, 20]}}"}
{"op_code":8,"worker_id":"9c373109-817a-42de-9d93-65719db93261-8316722560","trial_id":88,"user_attr":{"tag":"c9ae0889776f4"}}
{"op_code":8,"worker_id":"9c373109-817a-42de-9d93-65719db93261-8316722560","trial_id":88,"user_attr":{"overrides":{"lr":0.0027964211712765215,"hidden":256,"clone_batch":2048,"clone_weight_decay":0.0001,"clone_class_power":0.044467287761667584,"clone_label_smoothing":0.05,"clone_patience":20}}}
{"op_code":4,"worker_id":"9c373109-817a-42de-9d93-65719db93261-8316722560","study_id":0,"datetime_start":"2026-10-08T03:40:36.100152"}
{"op_code":9,"worker_id":"9c373109-817a-42de-9d93-65719db93261-8316722560","trial_id":89,"system_attr":{"tpe:relative_params:0":"{\"clone_batch\": 1024, \"clone_class_power\": 0.2039480242469969, \"clone_label_smoothing\": 0.0, \"clone_patience\": 20, \"clone_weight_decay\": 0.0001, \"hidden\": 256, \"lr\": 0.00014059183770608914}"}}
{"op_code":5,"worker_id":"9c373109-817a-42de-9d93-65719db93261-8316722560","trial_id":89,"param_name":"lr","param_value_internal":0.00014059183770608914,"distribution":"{\"name\": \"FloatDistribution\", \"attributes\": {\"step\": null, \"low\": 0.0001, \"high\": 0.01, \"log\": true}}"}
{"op_code":5,"worker_id":"9c373109-817a-42de-9d93-65719db93261-8316722560","trial_id":89,"param_name":"hidden","param_value_internal":2,"distribution":"{\"name\": \"CategoricalDistribution\", \"attributes\": {\"choices\": [64, 128, 256]}}"}
{"op_code":5,"worker_id":"9c373109-817a-42de-9d93-65719db93261-8316722560","trial_id":89,"param_name":"clone_batch","param_value_internal":3,"distribution":"{\"name\": \"CategoricalDistribution\", \"attributes\": {\"choices\": [128, 256, 512, 1024, 2048]}}"}
{"op_code":5,"worker_id":"9c373109-817a-42de-9d93-65719db93261-8316722560","trial_id":89,"param_name":"clone_weight_decay","param_value_internal":3,"distribution":"{\"name\": \"CategoricalDistribution\", \"attributes\": {\"choices\": [0.0, 1e-06, 1e-05, 0.0001, 0.001]}}"}
{"op_code":5,"worker_id":"9c373109-817a-42de-9d93-65719db93261-8316722560","trial_id":89,"param_name":"clone_class_power","param_value_internal":0.2039480242469969,"distribution":"{\"name\": \"FloatDistribution\", \"attributes\": {\"step\": null, \"low\": 0.0, \"high\": 1.0, \"log\": false}}"}
{"op_code":5,"worker_id":"9c373109-817a-42de-9d93-65719db93261-8316722560","trial_id":89,"param_name":"clone_label_smoothing","param_value_internal":0,"distribution":"{\"name\": \"CategoricalDistribution\", \"attributes\": {\"choices\": [0.0, 0.05, 0.1]}}"}
{"op_code":5,"worker_id":"9c373109-817a-42de-9d93-65719db93261-8316722560","trial_id":89,"param_name":"clone_patience","param_value_internal":2,"distribution":"{\"name\": \"CategoricalDistribution\", \"attributes\": {\"choices\": [5, 10, 20]}}"}
{"op_code":8,"worker_id":"9c373109-817a-42de-9d93-65719db93261-8316722560","trial_id":89,"user_attr":{"tag":"c414692249d44"}}
{"op_code":8,"worker_id":"9c373109-817a-42de-9d93-65719db93261-8316722560","trial_id":89,"user_attr":{"overrides":{"lr":0.00014059183770608914,"hidden":256,"clone_batch":1024,"clone_weight_decay":0.0001,"clone_class_power":0.2039480242469969,"clone_label_smoothing":0.0,"clone_patience":20}}}
{"op_code":4,"worker_id":"9c373109-817a-42de-9d93-65719db93261-8316722560","study_id":0,"datetime_start":"2026-10-08T03:40:36.105626"}
{"op_code":9,"worker_id":"9c373109-817a-42de-9d93-65719db93261-8316722560","trial_id":90,"system_attr":{"tpe:relative_params:0":"{\"clone_batch\": 512, \"clone_class_power\": 0.04306706693730933, \"clone_label_smoothing\": 0.05, \"clone_patience\": 5, \"clone_weight_decay\": 0.001, \"hidden\": 256, \"lr\": 0.0004915258633416974}"}}
{"op_code":5,"worker_id":"9c373109-817a-42de-9d93-65719db93261-8316722560","trial_id":90,"param_name":"lr","param_value_internal":0.0004915258633416974,"distribution":"{\"name\": \"FloatDistribution\", \"attributes\": {\"step\": null, \"low\": 0.0001, \"high\": 0.01, \"log\": true}}"}
{"op_code":5,"worker_id":"9c373109-817a-42de-9d93-65719db93261-8316722560","trial_id":90,"param_name":"hidden","param_value_internal":2,"distribution":"{\"name\": \"CategoricalDistribution\", \"attributes\": {\"choices\": [64, 128, 256]}}"}
{"op_code":5,"worker_id":"9c373109-817a-42de-9d93-65719db93261-8316722560","trial_id":90,"param_name":"clone_batch","param_value_internal":2,"distribution":"{\"name\": \"CategoricalDistribution\", \"attributes\": {\"choices\": [128, 256, 512, 1024, 2048]}}"}
{"op_code":5,"worker_id":"9c373109-817a-42de-9d93-65719db93261-8316722560","trial_id":90,"param_name":"clone_weight_decay","param_value_internal":4,"distribution":"{\"name\": \"CategoricalDistribution\", \"attributes\": {\"choices\": [0.0, 1e-06, 1e-05, 0.0001, 0.001]}}"}
{"op_code":5,"worker_id":"9c373109-817a-42de-9d93-65719db93261-8316722560","trial_id":90,"param_name":"clone_class_power","param_value_internal":0.04306706693730933,"distribution":"{\"name\": \"FloatDistribution\", \"attributes\": {\"step\": null, \"low\": 0.0, \"high\": 1.0, \"log\": false}}"}
{"op_code":5,"worker_id":"9c373109-817a-42de-9d93-65719db93261-8316722560","trial_id":90,"param_name":"clone_label_smoothing","param_value_internal":1,"distribution":"{\"name\": \"CategoricalDistribution\", \"attributes\": {\"choices\": [0.0, 0.05, 0.1]}}"}
{"op_code":5,"worker_id":"9c373109-817a-42de-9d93-65719db93261-8316722560","trial_id":90,"param_name":"clone_patience","param_value_internal":0,"distribution":"{\"name\": \"CategoricalDistribution\", \"attributes\": {\"choices\": [5, 10, 20]}}"}
{"op_code":8,"worker_id":"9c373109-817a-42de-9d93-65719db93261-8316722560","trial_id":90,"user_attr":{"tag":"cb24ee24f2b18"}}
{"op_code":8,"worker_id":"9c373109-817a-42de-9d93-65719db93261-8316722560","trial_id":90,"user_attr":{"overrides":{"lr":0.0004915258633416974,"hidden":256,"clone_batch":512,"clone_weight_decay":0.001,"clone_class_power":0.04306706693730933,"clone_label_smoothing":0.05,"clone_patience":5}}}
{"op_code":4,"worker_id":"9c373109-817a-42de-9d93-65719db93261-8316722560","study_id":0,"datetime_start":"2026-10-08T03:40:36.111920"}
{"op_code":9,"worker_id":"9c373109-817a-42de-9d93-65719db93261-8316722560","trial_id":91,"system_attr":{"tpe:relative_params:0":"{\"clone_batch\": 128, \"clone_class_power\": 0.04486589785805559, \"clone_label_smoothing\": 0.0, \"clone_patience\": 10, \"clone_weight_decay\": 0.001, \"hidden\": 64, \"lr\": 0.0005697344818394607}"}}
{"op_code":5,"worker_id":"9c373109-817a-42de-9d93-65719db93261-8316722560","trial_id":91,"param_name":"lr","param_value_internal":0.0005697344818394607,"distribution":"{\"name\": \"FloatDistribution\", \"attributes\": {\"step\": null, \"low\": 0.0001, \"high\": 0.01, \"log\": true}}"}
{"op_code":5,"worker_id":"9c373109-817a-42de-9d93-65719db93261-8316722560","trial_id":91,"param_name":"hidden","param_value_internal":0,"distribution":"{\"name\": \"CategoricalDistribution\", \"attributes\": {\"choices\": [64, 128, 256]}}"}
{"op_code":5,"worker_id":"9c373109-817a-42de-9d93-65719db93261-8316722560","trial_id":91,"param_name":"clone_batch","param_value_internal":0,"distribution":"{\"name\": \"CategoricalDistribution\", \"attributes\": {\"choices\": [128, 256, 512, 1024, 2048]}}"}
{"op_code":5,"worker_id":"9c373109-817a-42de-9d93-65719db93261-8316722560","trial_id":91,"param_name":"clone_weight_decay","param_value_internal":4,"distribution":"{\"name\": \"CategoricalDistribution\", \"attributes\": {\"choices\": [0.0, 1e-06, 1e-05, 0.0001, 0.001]}}"}
{"op_code":5,"worker_id":"9c373109-817a-42de-9d93-65719db93261-8316722560","trial_id":91,"param_name":"clone_class_power","param_value_internal":0.04486589785805559,"distribution":"{\"name\": \"FloatDistribution\", \"attributes\": {\"step\": null, \"low\": 0.0, \"high\": 1.0, \"log\": false}}"}
{"op_code":5,"worker_id":"9c373109-817a-42de-9d93-65719db93261-8316722560","trial_id":91,"param_name":"clone_label_smoothing","param_value_internal":0,"distribution":"{\"name\": \"CategoricalDistribution\", \"attributes\": {\"choices\": [0.0, 0.05, 0.1]}}"}
{"op_code":5,"worker_id":"9c373109-817a-42de-9d93-65719db93261-8316722560","trial_id":91,"param_name":"clone_patience","param_value_internal":1,"distribution":"{\"name\": \"CategoricalDistribution\", \"attributes\": {\"choices\": [5, 10, 20]}}"}
{"op_code":8,"worker_id":"9c373109-817a-42de-9d93-65719db93261-8316722560","trial_id":91,"user_attr":{"tag":"c64cc6e8a2556"}}
{"op_code":8,"worker_id":"9c373109-817a-42de-9d93-65719db93261-8316722560","trial_id":91,"user_attr":{"overrides":{"lr":0.0005697344818394607,"hidden":64,"clone_batch":128,"clone_weight_decay":0.001,"clone_class_power":0.04486589785805559,"clone_label_smoothing":0.0,"clone_patience":10}}}
{"op_code":4,"worker_id":"9c373109-817a-42de-9d93-65719db93261-8316722560","study_id":0,"datetime_start":"2026-10-08T03:40:36.117521"}
{"op_code":9,"worker_id":"9c373109-817a-42de-9d93-65719db93261-8316722560","trial_id":92,"system_attr":{"tpe:relative_params:0":"{\"clone_batch\": 512, \"clone_class_power\": 0.403893983671612, \"clone_label_smoothing\": 0.1, \"clone_patience\": 20, \"clone_weight_decay\": 0.0001, \"hidden\": 64, \"lr\": 0.0003478968292550476}"}}
{"op_code":5,"worker_id":"9c373109-817a-42de-9d93-65719db93261-8316722560","trial_id":92,"param_name":"lr","param_value_internal":0.0003478968292550476,"distribution":"{\"name\": \"FloatDistribution\", \"attributes\": {\"step\": null, \"low\": 0.0001, \"high\": 0.01, \"log\": true}}"}
{"op_code":5,"worker_id":"9c373109-817a-42de-9d93-65719db93261-8316722560","trial_id":92,"param_name":"hidden","param_value_internal":0,"distribution":"{\"name\": \"CategoricalDistribution\", \"attributes\": {\"choices\": [64, 128, 256]}}"}
{"op_code":5,"worker_id":"9c373109-817a-42de-9d93-65719db93261-8316722560","trial_id":92,"param_name":"clone_batch","param_value_internal":2,"distribution":"{\"name\": \"CategoricalDistribution\", \"attributes\": {\"choices\": [128, 256, 512, 1024, 2048]}}"}
{"op_code":5,"worker_id":"9c373109-817a-42de-9d93-65719db93261-8316722560","trial_id":92,"param_name":"clone_weight_decay","param_value_internal":3,"distribution":"{\"name\": \"CategoricalDistribution\", \"attributes\": {\"choices\": [0.0, 1e-06, 1e-05, 0.0001, 0.001]}}"}
{"op_code":5,"worker_id":"9c373109-817a-42de-9d93-65719db93261-8316722560","trial_id":92,"param_name":"clone_class_power","param_value_internal":0.403893983671612,"distribution":"{\"name\": \"FloatDistribution\", \"attributes\": {\"step\": null, \"low\": 0.0, \"high\": 1.0, \"log\": false}}"}
{"op_code":5,"worker_id":"9c373109-817a-42de-9d93-65719db93261-8316722560","trial_id":92,"param_name":"clone_label_smoothing","param_value_internal":2,"distribution":"{\"name\": \"CategoricalDistribution\", \"attributes\": {\"choices\": [0.0, 0.05, 0.1]}}"}
{"op_code":5,"worker_id":"9c373109-817a-42de-9d93-65719db93261-8316722560","trial_id":92,"param_name":"clone_patience","param_value_internal":2,"distribution":"{\"name\": \"CategoricalDistribution\", \"attributes\": {\"choices\": [5, 10, 20]}}"}
{"op_code":8,"worker_id":"9c373109-817a-42de-9d93-65719db93261-8316722560","trial_id":92,"user_attr":{"tag":"c0bed5c75f889"}}
{"op_code":8,"worker_id":"9c373109-817a-42de-9d93-65719db93261-8316722560","trial_id":92,"user_attr":{"overrides":{"lr":0.0003478968292550476,"hidden":64,"clone_batch":512,"clone_weight_decay":0.0001,"clone_class_power":0.403893983671612,"clone_label_smoothing":0.1,"clone_patience":20}}}
{"op_code":4,"worker_id":"9c373109-817a-42de-9d93-65719db93261-8316722560","study_id":0,"datetime_start":"2026-10-08T03:40:36.123059"}
{"op_code":9,"worker_id":"9c373109-817a-42de-9d93-65719db93261-8316722560","trial_id":93,"system_attr":{"tpe:relative_params:0":"{\"clone_batch\": 512, \"clone_class_power\": 0.23532914701847582, \"clone_label_smoothing\": 0.05, \"clone_patience\": 5, \"clone_weight_decay\": 1e-06, \"hidden\": 128, \"lr\": 0.006370947706808176}"}}
{"op_code":5,"worker_id":"9c373109-817a-42de-9d93-65719db93261-8316722560","trial_id":93,"param_name":"lr","param_value_internal":0.006370947706808176,"distribution":"{\"name\": \"FloatDistribution\", \"attributes\": {\"step\": null, \"low\": 0.0001, \"high\": 0.01, \"log\": true}}"}
{"op_code":5,"worker_id":"9c373109-817a-42de-9d93-65719db93261-8316722560","trial_id":93,"param_name":"hidden","param_value_internal":1,"distribution":"{\"name\": \"CategoricalDistribution\", \"attributes\": {\"choices\": [64, 128, 256]}}"}
{"op_code":5,"worker_id":"9c373109-817a-42de-9d93-65719db93261-8316722560","trial_id":93,"param_name":"clone_batch","param_value_internal":2,"distribution":"{\"name\": \"CategoricalDistribution\", \"attributes\": {\"choices\": [128, 256, 512, 1024, 2048]}}"}
{"op_code":5,"worker_id":"9c373109-817a-42de-9d93-65719db93261-8316722560","trial_id":93,"param_name":"clone_weight_decay","param_value_internal":1,"distribution":"{\"name\": \"CategoricalDistribution\", \"attributes\": {\"choices\": [0.0, 1e-06, 1e-05, 0.0001, 0.001]}}"}
{"op_code":5,"worker_id":"9c373109-817a-42de-9d93-65719db93261-8316722560","trial_id":93,"param_name":"clone_class_power","param_value_internal":0.23532914701847582,"distribution":"{\"name\": \"FloatDistribution\", \"attributes\": {\"step\": null, \"low\": 0.0, \"high\": 1.0, \"log\": false}}"}
{"op_code":5,"worker_id":"9c373109-817a-42de-9d93-65719db93261-8316722560","trial_id":93,"param_name":"clone_label_smoothing","param_value_internal":1,"distribution":"{\"name\": \"CategoricalDistribution\", \"attributes\": {\"choices\": [0.0, 0.05, 0.1]}}"}
{"op_code":5,"worker_id":"9c373109-817a-42de-9d93-65719db93261-8316722560","trial_id":93,"param_name":"clone_patience","param_value_internal":0,"distribution":"{\"name\": \"CategoricalDistribution\", \"attributes\": {\"choices\": [5, 10, 20]}}"}
{"op_code":8,"worker_id":"9c373109-817a-42de-9d93-65719db93261-8316722560","trial_id":93,"user_attr":{"tag":"c434d8642da33"}}
{"op_code":8,"worker_id":"9c373109-817a-42de-9d93-65719db93261-8316722560","trial_id":93,"user_attr":{"overrides":{"lr":0.006370947706808176,"hidden":128,"clone_batch":512,"clone_weight_decay":1e-06,"clone_class_power":0.23532914701847582,"clone_label_smoothing":0.05,"clone_patience":5}}}
{"op_code":4,"worker_id":"9c373109-817a-42de-9d93-65719db93261-8316722560","study_id":0,"datetime_start":"2026-10-08T03:40:36.128205"}
{"op_code":9,"worker_id":"9c373109-817a-42de-9d93-65719db93261-8316722560","trial_id":94,"system_attr":{"tpe:relative_params:0":"{\"clone_batch\": 2048, \"clone_class_power\": 0.21615486890305458, \"clone_label_smoothing\": 0.0, \"clone_patience\": 20, \"clone_weight_decay\": 0.001, \"hidden\": 128, \"lr\": 0.004254351799475169}"}}
{"op_code":5,"worker_id":"9c373109-817a-42de-9d93-65719db93261-8316722560","trial_id":94,"param_name":"lr","param_value_internal":0.004254351799475169,"distribution":"{\"name\": \"FloatDistribution\", \"attributes\": {\"step\": null, \"low\": 0.0001, \"high\": 0.01, \"log\": true}}"}
{"op_code":5,"worker_id":"9c373109-817a-42de-9d93-65719db93261-8316722560","trial_id":94,"param_name":"hidden","param_value_internal":1,"distribution":"{\"name\": \"CategoricalDistribution\", \"attributes\": {\"choices\": [64, 128, 256]}}"}
{"op_code":5,"worker_id":"9c373109-817a-42de-9d93-65719db93261-8316722560","trial_id":94,"param_name":"clone_batch","param_value_internal":4,"distribution":"{\"name\": \"CategoricalDistribution\", \"attributes\": {\"choices\": [128, 256, 512, 1024, 2048]}}"}
{"op_code":5,"worker_id":"9c373109-817a-42de-9d93-65719db93261-8316722560","trial_id":94,"param_name":"clone_weight_decay","param_value_internal":4,"distribution":"{\"name\": \"CategoricalDistribution\", \"attributes\": {\"choices\": [0.0, 1e-06, 1e-05, 0.0001, 0.001]}}"}
{"op_code":5,"worker_id":"9c373109-817a-42de-9d93-65719db93261-8316722560","trial_id":94,"param_name":"clone_class_power","param_value_internal":0.21615486890305458,"distribution":"{\"name\": \"FloatDistribution\", \"attributes\": {\"step\": null, \"low\": 0.0, \"high\": 1.0, \"log\": false}}"}
{"op_code":5,"worker_id":"9c373109-817a-42de-9d93-65719db93261-8316722560","trial_id":94,"param_name":"clone_label_smoothing","param_value_internal":0,"distribution":"{\"name\": \"CategoricalDistribution\", \"attributes\": {\"choices\": [0.0, 0.05, 0.1]}}"}
{"op_code":5,"worker_id":"9c373109-817a-42de-9d93-65719db93261-8316722560","trial_id":94,"param_name":"clone_patience","param_value_internal":2,"distribution":"{\"name\": \"CategoricalDistribution\", \"attributes\": {\"choices\": [5, 10, 20]}}"}
{"op_code":8,"worker_id":"9c373109-817a-42de-9d93-65719db93261-8316722560","trial_id":94,"user_attr":{"tag":"c85bcf0d7f1cf"}}
{"op_code":8,"worker_id":"9c373109-817a-42de-9d93-65719db93261-8316722560","trial_id":94,"user_attr":{"overrides":{"lr":0.004254351799475169,"hidden":128,"clone_batch":2048,"clone_weight_decay":0.001,"clone_class_power":0.21615486890305458,"clone_label_smoothing":0.0,"clone_patience":20}}}
{"op_code":4,"worker_id":"9c373109-817a-42de-9d93-65719db93261-8316722560","study_id":0,"datetime_start":"2026-10-08T03:40:36.133139"}
{"op_code":9,"worker_id":"9c373109-817a-42de-9d93-65719db93261-8316722560","trial_id":95,"system_attr":{"tpe:relative_params:0":"{\"clone_batch\": 256, \"clone_class_power\": 0.21430581986753716, \"clone_label_smoothing\": 0.1, \"clone_patience\": 5, \"clone_weight_decay\": 1e-06, \"hidden\": 128, \"lr\": 0.004610626146114417}"}}
{"op_code":5,"worker_id":"9c373109-817a-42de-9d93-65719db93261-8316722560","trial_id":95,"param_name":"lr","param_value_internal":0.004610626146114417,"distribution":"{\"name\": \"FloatDistribution\", \"attributes\": {\"step\": null, \"low\": 0.0001, \"high\": 0.01, \"log\": true}}"}
{"op_code":5,"worker_id":"9c373109-817a-42de-9d93-65719db93261-8316722560","trial_id":95,"param_name":"hidden","param_value_internal":1,"distribution":"{\"name\": \"CategoricalDistribution\", \"attributes\": {\"choices\": [64, 128, 256]}}"}
{"op_code":5,"worker_id":"9c373109-817a-42de-9d93-65719db93261-8316722560","trial_id":95,"param_name":"clone_batch","param_value_internal":1,"distribution":"{\"name\": \"CategoricalDistribution\", \"attributes\": {\"choices\": [128, 256, 512, 1024, 2048]}}"}
{"op_code":5,"worker_id":"9c373109-817a-42de-9d93-65719db93261-8316722560","trial_id":95,"param_name":"clone_weight_decay","param_value_internal":1,"distribution":"{\"name\": \"CategoricalDistribution\", \"attributes\": {\"choices\": [0.0, 1e-06, 1e-05, 0.0001, 0.001]}}"}
{"op_code":5,"worker_id":"9c373109-817a-42de-9d93-65719db93261-8316722560","trial_id":95,"param_name":"clone_class_power","param_value_internal":0.21430581986753716,"distribution":"{\"name\": \"FloatDistribution\", \"attributes\": {\"step\": null, \"low\": 0.0, \"high\": 1.0, \"log\": false}}"}
{"op_code":5,"worker_id":"9c373109-817a-42de-9d93-65719db93261-8316722560","trial_id":95,"param_name":"clone_label_smoothing","param_value_internal":2,"distribution":"{\"name\": \"CategoricalDistribution\", \"attributes\": {\"choices\": [0.0, 0.05, 0.1]}}"}
{"op_code":5,"worker_id":"9c373109-817a-42de-9d93-65719db93261-8316722560","trial_id":95,"param_name":"clone_patience","param_value_internal":0,"distribution":"{\"name\": \"CategoricalDistribution\", \"attributes\": {\"choices\": [5, 10, 20]}}"}
{"op_code":8,"worker_id":"9c373109-817a-42de-9d93-65719db93261-8316722560","trial_id":95,"user_attr":{"tag":"c59e39500b36a"}}
{"op_code":8,"worker_id":"9c373109-817a-42de-9d93-65719db93261-8316722560","trial_id":95,"user_attr":{"overrides":{"lr":0.004610626146114417,"hidden":128,"clone_batch":256,"clone_weight_decay":1e-06,"clone_class_power":0.21430581986753716,"clone_label_smoothing":0.1,"clone_patience":5}}}
{"op_code":7,"worker_id":"9c373109-817a-42de-9d93-65719db93261-8316722560","trial_id":48,"step":16,"intermediate_value":45.58606350102766}
{"op_code":8,"worker_id":"9c373109-817a-42de-9d93-65719db93261-8316722560","trial_id":48,"user_attr":{"hh_saving":{"254":41.022829011170835,"185":39.816991553876846,"230":45.20484175922834,"266":48.777573465349064,"145":44.953129479128904,"229":47.72193436206458,"300":64.15336291751778,"69":46.393852877680075,"136":24.089941667237042,"56":49.84321423889152,"72":35.09132454375551,"26":27.873265026071625,"45":47.851630776631225,"208":53.571331011027475,"40":22.391843160507612,"173":90.61995016630412}}}
{"op_code":8,"worker_id":"9c373109-817a-42de-9d93-65719db93261-8316722560","trial_id":48,"user_attr":{"val_efc_mean":61.299042396874995}}
{"op_code":8,"worker_id":"9c373109-817a-42de-9d93-65719db93261-8316722560","trial_id":48,"user_attr":{"converged_share":1.0}}
{"op_code":8,"worker_id":"9c373109-817a-42de-9d93-65719db93261-8316722560","trial_id":48,"user_attr":{"wall_s":360.6834213733673}}
{"op_code":6,"worker_id":"9c373109-817a-42de-9d93-65719db93261-8316722560","trial_id":48,"state":1,"values":[45.58606350102766],"datetime_complete":"2026-10-08T03:42:18.579979"}
{"op_code":7,"worker_id":"9c373109-817a-42de-9d93-65719db93261-8316722560","trial_id":49,"step":16,"intermediate_value":44.765024311226}
{"op_code":8,"worker_id":"9c373109-817a-42de-9d93-65719db93261-8316722560","trial_id":49,"user_attr":{"hh_saving":{"254":41.723650517982485,"185":39.33131035424492,"230":45.75721749959218,"266":44.379473643993904,"145":46.34142425980451,"229":45.72110747749938,"300":63.48393812497904,"69":46.722142092527214,"136":23.35833991222913,"56":50.36079736518406,"72":34.761437877221134,"26":26.981595616729024,"45":42.28425748775485,"208":55.537347821141985,"40":22.1800785448598,"173":87.3162703838723}}}
{"op_code":8,"worker_id":"9c373109-817a-42de-9d93-65719db93261-8316722560","trial_id":49,"user_attr":{"val_efc_mean":62.01840260312499}}
{"op_code":8,"worker_id":"9c373109-817a-42de-9d93-65719db93261-8316722560","trial_id":49,"user_attr":{"converged_share":1.0}}
{"op_code":8,"worker_id":"9c373109-817a-42de-9d93-65719db93261-8316722560","trial_id":49,"user_attr":{"wall_s":360.6797490119934}}
{"op_code":6,"worker_id":"9c373109-817a-42de-9d93-65719db93261-8316722560","trial_id":49,"state":1,"values":[44.765024311226],"datetime_complete":"2026-10-08T03:42:18.582512"}
{"op_code":7,"worker_id":"9c373109-817a-42de-9d93-65719db93261-8316722560","trial_id":50,"step":16,"intermediate_value":45.556778467463744}
{"op_code":8,"worker_id":"9c373109-817a-42de-9d93-65719db93261-8316722560","trial_id":50,"user_attr":{"hh_saving":{"254":42.216583282998265,"185":39.85655476930543,"230":45.286557270070105,"266":47.27350796014863,"145":48.373164130010586,"229":49.8576037404469,"300":66.53471090222826,"69":45.32850856336573,"136":24.490285068724983,"56":50.337518678832524,"72":34.6852232328888,"26":27.74883282147252,"45":47.07867222429381,"208":52.2371032444345,"40":22.874845828687054,"173":84.72878376151188}}}
{"op_code":8,"worker_id":"9c373109-817a-42de-9d93-65719db93261-8316722560","trial_id":50,"user_attr":{"val_efc_mean":61.706634981250005}}
{"op_code":8,"worker_id":"9c373109-817a-42de-9d93-65719db93261-8316722560","trial_id":50,"user_attr":{"converged_share":1.0}}
{"op_code":8,"worker_id":"9c373109-817a-42de-9d93-65719db93261-8316722560","trial_id":50,"user_attr":{"wall_s":360.6771047115326}}
{"op_code":6,"worker_id":"9c373109-817a-42de-9d93-65719db93261-8316722560","trial_id":50,"state":1,"values":[45.556778467463744],"datetime_complete":"2026-10-08T03:42:18.584839"}
{"op_code":7,"worker_id":"9c373109-817a-42de-9d93-65719db93261-8316722560","trial_id":51,"step":16,"intermediate_value":45.59137817203617}
{"op_code":8,"worker_id":"9c373109-817a-42de-9d93-65719db93261-8316722560","trial_id":51,"user_attr":{"hh_saving":{"254":42.36764130634502,"185":39.48741708102885,"230":44.616724744730334,"266":48.12209871647773,"145":46.20151201313578,"229":47.89480448391718,"300":64.72057717788996,"69":44.984455087453966,"136":24.31807211201912,"56":50.14516246120157,"72":34.7105974108041,"26":26.725439124528815,"45":49.29764231273909,"208":54.74257239330587,"40":22.206584623553862,"173":88.92074970344753}}}
{"op_code":8,"worker_id":"9c373109-817a-42de-9d93-65719db93261-8316722560","trial_id":51,"user_attr":{"val_efc_mean":60.84262687499999}}
{"op_code":8,"worker_id":"9c373109-817a-42de-9d93-65719db93261-8316722560","trial_id":51,"user_attr":{"converged_share":1.0}}
{"op_code":8,"worker_id":"9c373109-817a-42de-9d93-65719db93261-8316722560","trial_id":51,"user_attr":{"wall_s":360.6742660999298}}
{"op_code":6,"worker_id":"9c373109-817a-42de-9d93-65719db93261-8316722560","trial_id":51,"state":1,"values":[45.59137817203617],"datetime_complete":"2026-10-08T03:42:18.586827"}
{"op_code":7,"worker_id":"9c373109-817a-42de-9d93-65719db93261-8316722560","trial_id":52,"step":16,"intermediate_value":45.98712029184042}
{"op_code":8,"worker_id":"9c373109-817a-42de-9d93-65719db93261-8316722560","trial_id":52,"user_attr":{"hh_saving":{"254":42.1288589157477,"185":39.93728669529687,"230":45.82480507433786,"266":47.95398125140907,"145":45.62414170673088,"229":49.38643887340139,"300":68.67939123390728,"69":44.630738622557566,"136":24.20896721839094,"56":49.57007674048451,"72":34.93476165662207,"26":26.59888379166019,"45":50.34105719732134,"208":49.67006920698588,"40":22.723909969897523,"173":93.5805565146956}}}
{"op_code":8,"worker_id":"9c373109-817a-42de-9d93-65719db93261-8316722560","trial_id":52,"user_attr":{"val_efc_mean":60.103525487499994}}
{"op_code":8,"worker_id":"9c373109-817a-42de-9d93-65719db93261-8316722560","trial_id":52,"user_attr":{"converged_share":1.0}}
{"op_code":8,"worker_id":"9c373109-817a-42de-9d93-65719db93261-8316722560","trial_id":52,"user_attr":{"wall_s":360.6711812019348}}
{"op_code":6,"worker_id":"9c373109-817a-42de-9d93-65719db93261-8316722560","trial_id":52,"state":1,"values":[45.98712029184042],"datetime_complete":"2026-10-08T03:42:18.588873"}
{"op_code":7,"worker_id":"9c373109-817a-42de-9d93-65719db93261-8316722560","trial_id":53,"step":16,"intermediate_value":45.37667470499295}
{"op_code":8,"worker_id":"9c373109-817a-42de-9d93-65719db93261-8316722560","trial_id":53,"user_attr":{"hh_saving":{"254":40.26804926620611,"185":39.96829444865972,"230":44.671591664345556,"266":47.19884120720269,"145":47.863453764805456,"229":47.62388693333603,"300":65.03720019760529,"69":44.59613511658991,"136":26.806204372883368,"56":50.18425374980427,"72":35.0116376073255,"26":26.938511809984544,"45":47.35889409986413,"208":50.625419756256946,"40":23.403468532939794,"173":88.4709527520779}}}
{"op_code":8,"worker_id":"9c373109-817a-42de-9d93-65719db93261-8316722560","trial_id":53,"user_attr":{"val_efc_mean":61.23600158125}}
{"op_code":8,"worker_id":"9c373109-817a-42de-9d93-65719db93261-8316722560","trial_id":53,"user_attr":{"converged_share":1.0}}
{"op_code":8,"worker_id":"9c373109-817a-42de-9d93-65719db93261-8316722560","trial_id":53,"user_attr":{"wall_s":360.66842317581177}}
{"op_code":6,"worker_id":"9c373109-817a-42de-9d93-65719db93261-8316722560","trial_id":53,"state":1,"values":[45.37667470499295],"datetime_complete":"2026-10-08T03:42:18.591052"}
{"op_code":7,"worker_id":"9c373109-817a-42de-9d93-65719db93261-8316722560","trial_id":54,"step":16,"intermediate_value":45.3318422591541}
{"op_code":8,"worker_id":"9c373109-817a-42de-9d93-65719db93261-8316722560","trial_id":54,"user_attr":{"hh_saving":{"254":43.23425913729092,"185":39.042889579073346,"230":45.39828236286442,"266":49.0547458772219,"145":47.04415424434909,"229":43.27615800322341,"300":62.23758637076288,"69":45.45643092278972,"136":24.795701028472582,"56":50.11119792487703,"72":34.94633070350077,"26":27.525271999213697,"45":49.92094065958947,"208":50.25816514666088,"40":23.118876345995265,"173":89.88848584058022}}}
{"op_code":8,"worker_id":"9c373109-817a-42de-9d93-65719db93261-8316722560","trial_id":54,"user_attr":{"val_efc_mean":59.282276084375}}
{"op_code":8,"worker_id":"9c373109-817a-42de-9d93-65719db93261-8316722560","trial_id":54,"user_attr":{"converged_share":0.9375}}
{"op_code":8,"worker_id":"9c373109-817a-42de-9d93-65719db93261-8316722560","trial_id":54,"user_attr":{"wall_s":360.6659200191498}}
{"op_code":6,"worker_id":"9c373109-817a-42de-9d93-65719db93261-8316722560","trial_id":54,"state":1,"values":[45.3318422591541],"datetime_complete":"2026-10-08T03:42:18.593324"}
{"op_code":7,"worker_id":"9c373109-817a-42de-9d93-65719db93261-8316722560","trial_id":55,"step":16,"intermediate_value":45.76702213052822}
{"op_code":8,"worker_id":"9c373109-817a-42de-9d93-65719db93261-8316722560","trial_id":55,"user_attr":{"hh_saving":{"254":42.39349865491395,"185":39.9137164389295,"230":44.87267533759041,"266":47.144714567180394,"145":46.63782024588775,"229":51.440074786004146,"300":64.07306731334232,"69":46.445588531974245,"136":23.97855972264788,"56":49.30662064481678,"72":35.15988183222627,"26":27.587878804391845,"45":48.171319213745186,"208":52.41443900648299,"40":22.091242044834505,"173":90.64125694348338}}}
{"op_code":8,"worker_id":"9c373109-817a-42de-9d93-65719db93261-8316722560","trial_id":55,"user_attr":{"val_efc_mean":60.52752177410156}}
{"op_code":8,"worker_id":"9c373109-817a-42de-9d93-65719db93261-8316722560","trial_id":55,"user_attr":{"converged_share":1.0}}
{"op_code":8,"worker_id":"9c373109-817a-42de-9d93-65719db93261-8316722560","trial_id":55,"user_attr":{"wall_s":360.66303300857544}}
{"op_code":6,"worker_id":"9c373109-817a-42de-9d93-65719db93261-8316722560","trial_id":55,"state":1,"values":[45.76702213052822],"datetime_complete":"2026-10-08T03:42:18.595535"}
{"op_code":7,"worker_id":"9c373109-817a-42de-9d93-65719db93261-8316722560","trial_id":56,"step":16,"intermediate_value":44.953888901921275}
{"op_code":8,"worker_id":"9c373109-817a-42de-9d93-65719db93261-8316722560","trial_id":56,"user_attr":{"hh_saving":{"254":40.789304583990365,"185":39.13306473463325,"230":44.315850286257735,"266":48.668269786982655,"145":46.611049963235985,"229":48.710223028558794,"300":62.17954692461352,"69":38.18429091200617,"136":26.144698188240856,"56":49.85244502004774,"72":35.204750069773546,"26":27.37863436194911,"45":47.20554123428295,"208":51.81798722173582,"40":22.815810293259247,"173":90.25075582117256}}}
{"op_code":8,"worker_id":"9c373109-817a-42de-9d93-65719db93261-8316722560","trial_id":56,"user_attr":{"val_efc_mean":61.694228084375}}
{"op_code":8,"worker_id":"9c373109-817a-42de-9d93-65719db93261-8316722560","trial_id":56,"user_attr":{"converged_share":1.0}}
{"op_code":8,"worker_id":"9c373109-817a-42de-9d93-65719db93261-8316722560","trial_id":56,"user_attr":{"wall_s":360.66030502319336}}
{"op_code":6,"worker_id":"9c373109-817a-42de-9d93-65719db93261-8316722560","trial_id":56,"state":1,"values":[44.953888901921275],"datetime_complete":"2026-10-08T03:42:18.597647"}
{"op_code":7,"worker_id":"9c373109-817a-42de-9d93-65719db93261-8316722560","trial_id":57,"step":16,"intermediate_value":45.51637724408518}
{"op_code":8,"worker_id":"9c373109-817a-42de-9d93-65719db93261-8316722560","trial_id":57,"user_attr":{"hh_saving":{"254":38.83910468095485,"185":39.35860472860653,"230":44.72885252628943,"266":45.72860314247506,"145":47.254755964714406,"229":50.946021722075834,"300":63.8068365271449,"69":44.642839177296096,"136":25.752121652478884,"56":50.54092613854452,"72":34.24053833697912,"26":27.119472906270307,"45":52.037141360436365,"208":52.40560354299383,"40":22.483058284776103,"173":88.3775552133267}}}
{"op_code":8,"worker_id":"9c373109-817a-42de-9d93-65719db93261-8316722560","trial_id":57,"user_attr":{"val_efc_mean":63.054564434374996}}
{"op_code":8,"worker_id":"9c373109-817a-42de-9d93-65719db93261-8316722560","trial_id":57,"user_attr":{"converged_share":1.0}}
{"op_code":8,"worker_id":"9c373109-817a-42de-9d93-65719db93261-8316722560","trial_id":57,"user_attr":{"wall_s":360.65626287460327}}
{"op_code":6,"worker_id":"9c373109-817a-42de-9d93-65719db93261-8316722560","trial_id":57,"state":1,"values":[45.51637724408518],"datetime_complete":"2026-10-08T03:42:18.600164"}
{"op_code":7,"worker_id":"9c373109-817a-42de-9d93-65719db93261-8316722560","trial_id":58,"step":16,"intermediate_value":45.40680842156881}
{"op_code":8,"worker_id":"9c373109-817a-42de-9d93-65719db93261-8316722560","trial_id":58,"user_attr":{"hh_saving":{"254":40.73665759972114,"185":39.194251814627606,"230":45.23615633549594,"266":45.71842125647355,"145":46.93272502406645,"229":49.533273730993194,"300":66.80302296962957,"69":44.62856258218027,"136":25.37327496390963,"56":49.550644753216496,"72":34.68951120001277,"26":27.30883829925027,"45":47.06940679639015,"208":50.48311060827824,"40":22.50086824188623,"173":90.75020856896947}}}
{"op_code":8,"worker_id":"9c373109-817a-42de-9d93-65719db93261-8316722560","trial_id":58,"user_attr":{"val_efc_mean":60.576997296875}}
{"op_code":8,"worker_id":"9c373109-817a-42de-9d93-65719db93261-8316722560","trial_id":58,"user_attr":{"converged_share":0.9375}}
{"op_code":8,"worker_id":"9c373109-817a-42de-9d93-65719db93261-8316722560","trial_id":58,"user_attr":{"wall_s":360.6533579826355}}
{"op_code":6,"worker_id":"9c373109-817a-42de-9d93-65719db93261-8316722560","trial_id":58,"state":1,"values":[45.40680842156881],"datetime_complete":"2026-10-08T03:42:18.602442"}
{"op_code":7,"worker_id":"9c373109-817a-42de-9d93-65719db93261-8316722560","trial_id":59,"step":16,"intermediate_value":46.16728715107577}
{"op_code":8,"worker_id":"9c373109-817a-42de-9d93-65719db93261-8316722560","trial_id":59,"user_attr":{"hh_saving":{"254":43.238979918685274,"185":39.385880194271955,"230":45.19360987779363,"266":48.0651850172257,"145":45.060492927942136,"229":49.858949368484495,"300":65.68197065344617,"69":46.111178377549834,"136":25.445005961598884,"56":50.2177465741117,"72":35.02132527175598,"26":27.51559209847818,"45":50.57019922431072,"208":53.73377913505416,"40":22.451030270063665,"173":91.12566954643985}}}
{"op_code":8,"worker_id":"9c373109-817a-42de-9d93-65719db93261-8316722560","trial_id":59,"user_attr":{"val_efc_mean":60.827244784375}}
{"op_code":8,"worker_id":"9c373109-817a-42de-9d93-65719db93261-8316722560","trial_id":59,"user_attr":{"converged_share":0.125}}
{"op_code":8,"worker_id":"9c373109-817a-42de-9d93-65719db93261-8316722560","trial_id":59,"user_attr":{"wall_s":360.6502470970154}}
{"op_code":6,"worker_id":"9c373109-817a-42de-9d93-65719db93261-8316722560","trial_id":59,"state":1,"values":[46.16728715107577],"datetime_complete":"2026-10-08T03:42:18.604342"}
{"op_code":7,"worker_id":"9c373109-817a-42de-9d93-65719db93261-8316722560","trial_id":60,"step":16,"intermediate_value":0.9474291368350942}
{"op_code":8,"worker_id":"9c373109-817a-42de-9d93-65719db93261-8316722560","trial_id":60,"user_attr":{"hh_saving":{"254":0.6112797704376963,"185":0.6297603680056635,"230":0.17109561788513009,"266":1.8057418320805096,"145":1.8823398786001349,"229":0.299288201688587,"300":1.7250646715578273,"69":0.2750308670835458,"136":1.409825850688302,"56":0.22240010543142472,"72":0.7146788088836453,"26":0.7287564270299163,"45":0.17450386070066162,"208":2.6176357476138303,"40":1.1927353690306493,"173":0.6987288126439835}}}
{"op_code":8,"worker_id":"9c373109-817a-42de-9d93-65719db93261-8316722560","trial_id":60,"user_attr":{"val_efc_mean":0.748516990625}}
{"op_code":8,"worker_id":"9c373109-817a-42de-9d93-65719db93261-8316722560","trial_id":60,"user_attr":{"converged_share":1.0}}
{"op_code":8,"worker_id":"9c373109-817a-42de-9d93-65719db93261-8316722560","trial_id":60,"user_attr":{"wall_s":360.6474769115448}}
{"op_code":6,"worker_id":"9c373109-817a-42de-9d93-65719db93261-8316722560","trial_id":60,"state":1,"values":[0.9474291368350942],"datetime_complete":"2026-10-08T03:42:18.606405"}
{"op_code":7,"worker_id":"9c373109-817a-42de-9d93-65719db93261-8316722560","trial_id":61,"step":16,"intermediate_value":45.2368849736592}
{"op_code":8,"worker_id":"9c373109-817a-42de-9d93-65719db93261-8316722560","trial_id":61,"user_attr":{"hh_saving":{"254":41.34443069803575,"185":40.06841023812288,"230":43.799307058759474,"266":44.54870589190419,"145":44.99855870304155,"229":49.963951871077256,"300":67.1341520319224,"69":45.72063150470437,"136":23.711318256415865,"56":49.69199455877808,"72":33.97555419460048,"26":27.748688144262967,"45":50.94175509592422,"208":52.98572755924774,"40":21.693939202965794,"173":85.46303456878431}}}
{"op_code":8,"worker_id":"9c373109-817a-42de-9d93-65719db93261-8316722560","trial_id":61,"user_attr":{"val_efc_mean":60.85346971874999}}
{"op_code":8,"worker_id":"9c373109-817a-42de-9d93-65719db93261-8316722560","trial_id":61,"user_attr":{"converged_share":1.0}}
{"op_code":8,"worker_id":"9c373109-817a-42de-9d93-65719db93261-8316722560","trial_id":61,"user_attr":{"wall_s":360.64430809020996}}
{"op_code":6,"worker_id":"9c373109-817a-42de-9d93-65719db93261-8316722560","trial_id":61,"state":1,"values":[45.2368849736592],"datetime_complete":"2026-10-08T03:42:18.608432"}
{"op_code":7,"worker_id":"9c373109-817a-42de-9d93-65719db93261-8316722560","trial_id":62,"step":16,"intermediate_value":44.689376496004684}
{"op_code":8,"worker_id":"9c373109-817a-42de-9d93-65719db93261-8316722560","trial_id":62,"user_attr":{"hh_saving":{"254":41.66816838272582,"185":38.52464856366101,"230":45.14464248502967,"266":45.37500657964043,"145":48.79020315812844,"229":42.343273750960094,"300":64.11118458118978,"69":43.93335420109868,"136":23.949884501999122,"56":50.66687878895053,"72":34.13563633622215,"26":26.466256131004556,"45":49.12314651284217,"208":50.39358587067386,"40":22.838057956335575,"173":87.56609613561301}}}
{"op_code":8,"worker_id":"9c373109-817a-42de-9d93-65719db93261-8316722560","trial_id":62,"user_attr":{"val_efc_mean":61.809517478124995}}
{"op_code":8,"worker_id":"9c373109-817a-42de-9d93-65719db93261-8316722560","trial_id":62,"user_attr":{"converged_share":1.0}}
{"op_code":8,"worker_id":"9c373109-817a-42de-9d93-65719db93261-8316722560","trial_id":62,"user_attr":{"wall_s":360.64104104042053}}
{"op_code":6,"worker_id":"9c373109-817a-42de-9d93-65719db93261-8316722560","trial_id":62,"state":1,"values":[44.689376496004684],"datetime_complete":"2026-10-08T03:42:18.610451"}
{"op_code":7,"worker_id":"9c373109-817a-42de-9d93-65719db93261-8316722560","trial_id":63,"step":16,"intermediate_value":43.87372201113481}
{"op_code":8,"worker_id":"9c373109-817a-42de-9d93-65719db93261-8316722560","trial_id":63,"user_attr":{"hh_saving":{"254":40.40866288301714,"185":38.91108944523116,"230":44.38925251606443,"266":43.53824737240456,"145":43.48546558390194,"229":48.16174039954401,"300":61.63256276422935,"69":44.78554743293459,"136":24.01802207699047,"56":50.23697951817057,"72":32.58438945481999,"26":26.87866010924467,"45":45.94792768565247,"208":51.574516202225745,"40":22.772095878652124,"173":82.65439285507371}}}
{"op_code":8,"worker_id":"9c373109-817a-42de-9d93-65719db93261-8316722560","trial_id":63,"user_attr":{"val_efc_mean":63.743425859375}}
{"op_code":8,"worker_id":"9c373109-817a-42de-9d93-65719db93261-8316722560","trial_id":63,"user_attr":{"converged_share":1.0}}
{"op_code":8,"worker_id":"9c373109-817a-42de-9d93-65719db93261-8316722560","trial_id":63,"user_attr":{"wall_s":360.63802194595337}}
{"op_code":6,"worker_id":"9c373109-817a-42de-9d93-65719db93261-8316722560","trial_id":63,"state":1,"values":[43.87372201113481],"datetime_complete":"2026-10-08T03:42:18.612499"}
{"op_code":7,"worker_id":"9c373109-817a-42de-9d93-65719db93261-8316722560","trial_id":64,"step":16,"intermediate_value":45.90316375231134}
{"op_code":8,"worker_id":"9c373109-817a-42de-9d93-65719db93261-8316722560","trial_id":64,"user_attr":{"hh_saving":{"254":41.69842722800195,"185":40.17922158528292,"230":45.13950509369738,"266":47.776730300644886,"145":46.14915386480413,"229":49.24363802802223,"300":63.07530903847822,"69":44.76870589209966,"136":24.304112895330828,"56":49.767024398513506,"72":34.800217667270296,"26":27.549010346271977,"45":54.84595515408648,"208":52.404587041717505,"40":22.893904248405985,"173":89.85511725435354}}}
{"op_code":8,"worker_id":"9c373109-817a-42de-9d93-65719db93261-8316722560","trial_id":64,"user_attr":{"val_efc_mean":61.562354084374995}}
{"op_code":8,"worker_id":"9c373109-817a-42de-9d93-65719db93261-8316722560","trial_id":64,"user_attr":{"converged_share":0.875}}
{"op_code":8,"worker_id":"9c373109-817a-42de-9d93-65719db93261-8316722560","trial_id":64,"user_attr":{"wall_s":360.63523626327515}}
{"op_code":6,"worker_id":"9c373109-817a-42de-9d93-65719db93261-8316722560","trial_id":64,"state":1,"values":[45.90316375231134],"datetime_complete":"2026-10-08T03:42:18.614432"}
{"op_code":7,"worker_id":"9c373109-817a-42de-9d93-65719db93261-8316722560","trial_id":65,"step":16,"intermediate_value":45.434446668742694}
{"op_code":8,"worker_id":"9c373109-817a-42de-9d93-65719db93261-8316722560","trial_id":65,"user_attr":{"hh_saving":{"254":42.00811496031949,"185":39.398452786092285,"230":45.36448409629848,"266":46.72533776688873,"145":45.498652775582606,"229":49.383646293187134,"300":65.9468717475493,"69":39.19935163682639,"136":25.292638194654874,"56":50.37924665862426,"72":35.468663446596764,"26":27.05567570435232,"45":49.76874158305103,"208":52.234959194194936,"40":21.68134021903989,"173":91.5449696366246}}}
{"op_code":8,"worker_id":"9c373109-817a-42de-9d93-65719db93261-8316722560","trial_id":65,"user_attr":{"val_efc_mean":61.44953360625}}
{"op_code":8,"worker_id":"9c373109-817a-42de-9d93-65719db93261-8316722560","trial_id":65,"user_attr":{"converged_share":1.0}}
{"op_code":8,"worker_id":"9c373109-817a-42de-9d93-65719db93261-8316722560","trial_id":65,"user_attr":{"wall_s":360.632080078125}}
{"op_code":6,"worker_id":"9c373109-817a-42de-9d93-65719db93261-8316722560","trial_id":65,"state":1,"values":[45.434446668742694],"datetime_complete":"2026-10-08T03:42:18.616304"}
{"op_code":7,"worker_id":"9c373109-817a-42de-9d93-65719db93261-8316722560","trial_id":66,"step":16,"intermediate_value":41.551828905030476}
{"op_code":8,"worker_id":"9c373109-817a-42de-9d93-65719db93261-8316722560","trial_id":66,"user_attr":{"hh_saving":{"254":39.46792557330049,"185":38.5903230662419,"230":42.82209225109614,"266":45.709374459489176,"145":39.98234899758433,"229":39.698262051818304,"300":56.986484882582836,"69":36.53370960122343,"136":24.570204820210623,"56":49.05802210829165,"72":34.57239527102533,"26":24.33443410669603,"45":42.65706894505085,"208":49.54781750595436,"40":22.42669387723724,"173":77.87210496268479}}}
{"op_code":8,"worker_id":"9c373109-817a-42de-9d93-65719db93261-8316722560","trial_id":66,"user_attr":{"val_efc_mean":54.13107560624999}}
{"op_code":8,"worker_id":"9c373109-817a-42de-9d93-65719db93261-8316722560","trial_id":66,"user_attr":{"converged_share":1.0}}
{"op_code":8,"worker_id":"9c373109-817a-42de-9d93-65719db93261-8316722560","trial_id":66,"user_attr":{"wall_s":360.6286630630493}}
{"op_code":6,"worker_id":"9c373109-817a-42de-9d93-65719db93261-8316722560","trial_id":66,"state":1,"values":[41.551828905030476],"datetime_complete":"2026-10-08T03:42:18.618531"}
{"op_code":7,"worker_id":"9c373109-817a-42de-9d93-65719db93261-8316722560","trial_id":67,"step":16,"intermediate_value":45.43338641464678}
{"op_code":8,"worker_id":"9c373109-817a-42de-9d93-65719db93261-8316722560","trial_id":67,"user_attr":{"hh_saving":{"254":41.12093223209721,"185":39.762216227100716,"230":45.28807991712237,"266":46.96307412036735,"145":47.70937086856298,"229":50.50160325025777,"300":65.8401561711749,"69":44.75113847990912,"136":24.17996992656501,"56":49.92201214247529,"72":34.95126100807087,"26":26.460852276001205,"45":50.07645518553484,"208":51.31670355296692,"40":22.496441691485295,"173":85.59391558465668}}}
{"op_code":8,"worker_id":"9c373109-817a-42de-9d93-65719db93261-8316722560","trial_id":67,"user_attr":{"val_efc_mean":60.428019934375}}
{"op_code":8,"worker_id":"9c373109-817a-42de-9d93-65719db93261-8316722560","trial_id":67,"user_attr":{"converged_share":1.0}}
{"op_code":8,"worker_id":"9c373109-817a-42de-9d93-65719db93261-8316722560","trial_id":67,"user_attr":{"wall_s":360.62471199035645}}
{"op_code":6,"worker_id":"9c373109-817a-42de-9d93-65719db93261-8316722560","trial_id":67,"state":1,"values":[45.43338641464678],"datetime_complete":"2026-10-08T03:42:18.620637"}
{"op_code":7,"worker_id":"9c373109-817a-42de-9d93-65719db93261-8316722560","trial_id":68,"step":16,"intermediate_value":45.688277255727144}
{"op_code":8,"worker_id":"9c373109-817a-42de-9d93-65719db93261-8316722560","trial_id":68,"user_attr":{"hh_saving":{"254":40.762968027748556,"185":39.80229592582816,"230":45.73440196083758,"266":47.43388276670689,"145":45.49410297611519,"229":47.909898611580594,"300":64.8173279542752,"69":44.41994534812392,"136":24.9641661896521,"56":50.685601051654736,"72":34.26077674157024,"26":27.187159543795456,"45":52.5524550367341,"208":50.41449610297192,"40":22.185991032877997,"173":92.3869668211617}}}
{"op_code":8,"worker_id":"9c373109-817a-42de-9d93-65719db93261-8316722560","trial_id":68,"user_attr":{"val_efc_mean":60.861532134375}}
{"op_code":8,"worker_id":"9c373109-817a-42de-9d93-65719db93261-8316722560","trial_id":68,"user_attr":{"converged_share":1.0}}
{"op_code":8,"worker_id":"9c373109-817a-42de-9d93-65719db93261-8316722560","trial_id":68,"user_attr":{"wall_s":360.621896982193}}
{"op_code":6,"worker_id":"9c373109-817a-42de-9d93-65719db93261-8316722560","trial_id":68,"state":1,"values":[45.688277255727144],"datetime_complete":"2026-10-08T03:42:18.622933"}
{"op_code":7,"worker_id":"9c373109-817a-42de-9d93-65719db93261-8316722560","trial_id":69,"step":16,"intermediate_value":44.910722608335625}
{"op_code":8,"worker_id":"9c373109-817a-42de-9d93-65719db93261-8316722560","trial_id":69,"user_attr":{"hh_saving":{"254":42.66198120744483,"185":39.545966324034715,"230":45.27927467406984,"266":47.35717618042713,"145":45.46045408391732,"229":43.4203977503649,"300":64.55146998382888,"69":43.89135242891459,"136":24.06510061168499,"56":50.47023191363248,"72":33.52061513618576,"26":27.628723994776838,"45":48.148134595803185,"208":51.32834997781833,"40":22.72083511382713,"173":88.52149775663918}}}
{"op_code":8,"worker_id":"9c373109-817a-42de-9d93-65719db93261-8316722560","trial_id":69,"user_attr":{"val_efc_mean":62.454709946875}}
{"op_code":8,"worker_id":"9c373109-817a-42de-9d93-65719db93261-8316722560","trial_id":69,"user_attr":{"converged_share":1.0}}
{"op_code":8,"worker_id":"9c373109-817a-42de-9d93-65719db93261-8316722560","trial_id":69,"user_attr":{"wall_s":360.6195149421692}}
{"op_code":6,"worker_id":"9c373109-817a-42de-9d93-65719db93261-8316722560","trial_id":69,"state":1,"values":[44.910722608335625],"datetime_complete":"2026-10-08T03:42:18.625675"}
{"op_code":7,"worker_id":"9c373109-817a-42de-9d93-65719db93261-8316722560","trial_id":70,"step":16,"intermediate_value":45.093272187496055}
{"op_code":8,"worker_id":"9c373109-817a-42de-9d93-65719db93261-8316722560","trial_id":70,"user_attr":{"hh_saving":{"254":39.97781788038198,"185":38.83923769073966,"230":45.317827861964524,"266":47.9485127370887,"145":46.418745074293675,"229":50.35580425745753,"300":65.35386311151318,"69":38.93068824180974,"136":24.084971989309825,"56":50.243323457113576,"72":34.73668559561645,"26":27.100026948113037,"45":50.659412077661514,"208":51.03061046579834,"40":22.370884596061373,"173":88.1239430150138}}}
{"op_code":8,"worker_id":"9c373109-817a-42de-9d93-65719db93261-8316722560","trial_id":70,"user_attr":{"val_efc_mean":60.51881761874999}}
{"op_code":8,"worker_id":"9c373109-817a-42de-9d93-65719db93261-8316722560","trial_id":70,"user_attr":{"converged_share":1.0}}
{"op_code":8,"worker_id":"9c373109-817a-42de-9d93-65719db93261-8316722560","trial_id":70,"user_attr":{"wall_s":360.6167232990265}}
{"op_code":6,"worker_id":"9c373109-817a-42de-9d93-65719db93261-8316722560","trial_id":70,"state":1,"values":[45.093272187496055],"datetime_complete":"2026-10-08T03:42:18.627756"}
{"op_code":7,"worker_id":"9c373109-817a-42de-9d93-65719db93261-8316722560","trial_id":71,"step":16,"intermediate_value":0.2672959723109911}
{"op_code":8,"worker_id":"9c373109-817a-42de-9d93-65719db93261-8316722560","trial_id":71,"user_attr":{"hh_saving":{"254":0.2860279928359485,"185":0.4027448288284918,"230":0.05636601694305199,"266":1.2694082583173645,"145":0.4258071947927848,"229":-0.4839047222310998,"300":0.018753033071293754,"69":0.32631822186407483,"136":0.19991605293200315,"56":0.41028087015699555,"72":0.3125351763355724,"26":0.230216923174866,"45":0.25202706572239364,"208":0.45347532186058714,"40":0.14508851102843728,"173":-0.02832518865690809}}}
{"op_code":8,"worker_id":"9c373109-817a-42de-9d93-65719db93261-8316722560","trial_id":71,"user_attr":{"val_efc_mean":0.40096093749999995}}
{"op_code":8,"worker_id":"9c373109-817a-42de-9d93-65719db93261-8316722560","trial_id":71,"user_attr":{"converged_share":0.9375}}
{"op_code":8,"worker_id":"9c373109-817a-42de-9d93-65719db93261-8316722560","trial_id":71,"user_attr":{"wall_s":360.613893032074}}
{"op_code":6,"worker_id":"9c373109-817a-42de-9d93-65719db93261-8316722560","trial_id":71,"state":1,"values":[0.2672959723109911],"datetime_complete":"2026-10-08T03:42:18.629808"}
{"op_code":4,"worker_id":"9c373109-817a-42de-9d93-65719db93261-8316722560","study_id":0,"datetime_start":"2026-10-08T03:45:30.030854"}
{"op_code":9,"worker_id":"9c373109-817a-42de-9d93-65719db93261-8316722560","trial_id":96,"system_attr":{"tpe:relative_params:0":"{\"clone_batch\": 1024, \"clone_class_power\": 0.3364743359872141, \"clone_label_smoothing\": 0.1, \"clone_patience\": 20, \"clone_weight_decay\": 0.001, \"hidden\": 256, \"lr\": 0.0018081175211236038}"}}
{"op_code":5,"worker_id":"9c373109-817a-42de-9d93-65719db93261-8316722560","trial_id":96,"param_name":"lr","param_value_internal":0.0018081175211236038,"distribution":"{\"name\": \"FloatDistribution\", \"attributes\": {\"step\": null, \"low\": 0.0001, \"high\": 0.01, \"log\": true}}"}
{"op_code":5,"worker_id":"9c373109-817a-42de-9d93-65719db93261-8316722560","trial_id":96,"param_name":"hidden","param_value_internal":2,"distribution":"{\"name\": \"CategoricalDistribution\", \"attributes\": {\"choices\": [64, 128, 256]}}"}
{"op_code":5,"worker_id":"9c373109-817a-42de-9d93-65719db93261-8316722560","trial_id":96,"param_name":"clone_batch","param_value_internal":3,"distribution":"{\"name\": \"CategoricalDistribution\", \"attributes\": {\"choices\": [128, 256, 512, 1024, 2048]}}"}
{"op_code":5,"worker_id":"9c373109-817a-42de-9d93-65719db93261-8316722560","trial_id":96,"param_name":"clone_weight_decay","param_value_internal":4,"distribution":"{\"name\": \"CategoricalDistribution\", \"attributes\": {\"choices\": [0.0, 1e-06, 1e-05, 0.0001, 0.001]}}"}
{"op_code":5,"worker_id":"9c373109-817a-42de-9d93-65719db93261-8316722560","trial_id":96,"param_name":"clone_class_power","param_value_internal":0.3364743359872141,"distribution":"{\"name\": \"FloatDistribution\", \"attributes\": {\"step\": null, \"low\": 0.0, \"high\": 1.0, \"log\": false}}"}
{"op_code":5,"worker_id":"9c373109-817a-42de-9d93-65719db93261-8316722560","trial_id":96,"param_name":"clone_label_smoothing","param_value_internal":2,"distribution":"{\"name\": \"CategoricalDistribution\", \"attributes\": {\"choices\": [0.0, 0.05, 0.1]}}"}
{"op_code":5,"worker_id":"9c373109-817a-42de-9d93-65719db93261-8316722560","trial_id":96,"param_name":"clone_patience","param_value_internal":2,"distribution":"{\"name\": \"CategoricalDistribution\", \"attributes\": {\"choices\": [5, 10, 20]}}"}
{"op_code":8,"worker_id":"9c373109-817a-42de-9d93-65719db93261-8316722560","trial_id":96,"user_attr":{"tag":"c4d538cdd20a2"}}
{"op_code":8,"worker_id":"9c373109-817a-42de-9d93-65719db93261-8316722560","trial_id":96,"user_attr":{"overrides":{"lr":0.0018081175211236038,"hidden":256,"clone_batch":1024,"clone_weight_decay":0.001,"clone_class_power":0.3364743359872141,"clone_label_smoothing":0.1,"clone_patience":20}}}
{"op_code":4,"worker_id":"9c373109-817a-42de-9d93-65719db93261-8316722560","study_id":0,"datetime_start":"2026-10-08T03:45:30.037001"}
{"op_code":9,"worker_id":"9c373109-817a-42de-9d93-65719db93261-8316722560","trial_id":97,"system_attr":{"tpe:relative_params:0":"{\"clone_batch\": 512, \"clone_class_power\": 0.12265665337761884, \"clone_label_smoothing\": 0.1, \"clone_patience\": 20, \"clone_weight_decay\": 0.0001, \"hidden\": 64, \"lr\": 0.0025659961154225544}"}}
{"op_code":5,"worker_id":"9c373109-817a-42de-9d93-65719db93261-8316722560","trial_id":97,"param_name":"lr","param_value_internal":0.0025659961154225544,"distribution":"{\"name\": \"FloatDistribution\", \"attributes\": {\"step\": null, \"low\": 0.0001, \"high\": 0.01, \"log\": true}}"}
{"op_code":5,"worker_id":"9c373109-817a-42de-9d93-65719db93261-8316722560","trial_id":97,"param_name":"hidden","param_value_internal":0,"distribution":"{\"name\": \"CategoricalDistribution\", \"attributes\": {\"choices\": [64, 128, 256]}}"}
{"op_code":5,"worker_id":"9c373109-817a-42de-9d93-65719db93261-8316722560","trial_id":97,"param_name":"clone_batch","param_value_internal":2,"distribution":"{\"name\": \"CategoricalDistribution\", \"attributes\": {\"choices\": [128, 256, 512, 1024, 2048]}}"}
{"op_code":5,"worker_id":"9c373109-817a-42de-9d93-65719db93261-8316722560","trial_id":97,"param_name":"clone_weight_decay","param_value_internal":3,"distribution":"{\"name\": \"CategoricalDistribution\", \"attributes\": {\"choices\": [0.0, 1e-06, 1e-05, 0.0001, 0.001]}}"}
{"op_code":5,"worker_id":"9c373109-817a-42de-9d93-65719db93261-8316722560","trial_id":97,"param_name":"clone_class_power","param_value_internal":0.12265665337761884,"distribution":"{\"name\": \"FloatDistribution\", \"attributes\": {\"step\": null, \"low\": 0.0, \"high\": 1.0, \"log\": false}}"}
{"op_code":5,"worker_id":"9c373109-817a-42de-9d93-65719db93261-8316722560","trial_id":97,"param_name":"clone_label_smoothing","param_value_internal":2,"distribution":"{\"name\": \"CategoricalDistribution\", \"attributes\": {\"choices\": [0.0, 0.05, 0.1]}}"}
{"op_code":5,"worker_id":"9c373109-817a-42de-9d93-65719db93261-8316722560","trial_id":97,"param_name":"clone_patience","param_value_internal":2,"distribution":"{\"name\": \"CategoricalDistribution\", \"attributes\": {\"choices\": [5, 10, 20]}}"}
{"op_code":8,"worker_id":"9c373109-817a-42de-9d93-65719db93261-8316722560","trial_id":97,"user_attr":{"tag":"c36755aefe211"}}
{"op_code":8,"worker_id":"9c373109-817a-42de-9d93-65719db93261-8316722560","trial_id":97,"user_attr":{"overrides":{"lr":0.0025659961154225544,"hidden":64,"clone_batch":512,"clone_weight_decay":0.0001,"clone_class_power":0.12265665337761884,"clone_label_smoothing":0.1,"clone_patience":20}}}
{"op_code":4,"worker_id":"9c373109-817a-42de-9d93-65719db93261-8316722560","study_id":0,"datetime_start":"2026-10-08T03:45:30.042804"}
{"op_code":9,"worker_id":"9c373109-817a-42de-9d93-65719db93261-8316722560","trial_id":98,"system_attr":{"tpe:relative_params:0":"{\"clone_batch\": 1024, \"clone_class_power\": 0.29906054798368664, \"clone_label_smoothing\": 0.1, \"clone_patience\": 5, \"clone_weight_decay\": 1e-05, \"hidden\": 64, \"lr\": 0.0010116986412085278}"}}
{"op_code":5,"worker_id":"9c373109-817a-42de-9d93-65719db93261-8316722560","trial_id":98,"param_name":"lr","param_value_internal":0.0010116986412085278,"distribution":"{\"name\": \"FloatDistribution\", \"attributes\": {\"step\": null, \"low\": 0.0001, \"high\": 0.01, \"log\": true}}"}
{"op_code":5,"worker_id":"9c373109-817a-42de-9d93-65719db93261-8316722560","trial_id":98,"param_name":"hidden","param_value_internal":0,"distribution":"{\"name\": \"CategoricalDistribution\", \"attributes\": {\"choices\": [64, 128, 256]}}"}
{"op_code":5,"worker_id":"9c373109-817a-42de-9d93-65719db93261-8316722560","trial_id":98,"param_name":"clone_batch","param_value_internal":3,"distribution":"{\"name\": \"CategoricalDistribution\", \"attributes\": {\"choices\": [128, 256, 512, 1024, 2048]}}"}
{"op_code":5,"worker_id":"9c373109-817a-42de-9d93-65719db93261-8316722560","trial_id":98,"param_name":"clone_weight_decay","param_value_internal":2,"distribution":"{\"name\": \"CategoricalDistribution\", \"attributes\": {\"choices\": [0.0, 1e-06, 1e-05, 0.0001, 0.001]}}"}
{"op_code":5,"worker_id":"9c373109-817a-42de-9d93-65719db93261-8316722560","trial_id":98,"param_name":"clone_class_power","param_value_internal":0.29906054798368664,"distribution":"{\"name\": \"FloatDistribution\", \"attributes\": {\"step\": null, \"low\": 0.0, \"high\": 1.0, \"log\": false}}"}
{"op_code":5,"worker_id":"9c373109-817a-42de-9d93-65719db93261-8316722560","trial_id":98,"param_name":"clone_label_smoothing","param_value_internal":2,"distribution":"{\"name\": \"CategoricalDistribution\", \"attributes\": {\"choices\": [0.0, 0.05, 0.1]}}"}
{"op_code":5,"worker_id":"9c373109-817a-42de-9d93-65719db93261-8316722560","trial_id":98,"param_name":"clone_patience","param_value_internal":0,"distribution":"{\"name\": \"CategoricalDistribution\", \"attributes\": {\"choices\": [5, 10, 20]}}"}
{"op_code":8,"worker_id":"9c373109-817a-42de-9d93-65719db93261-8316722560","trial_id":98,"user_attr":{"tag":"c26afddee7018"}}
{"op_code":8,"worker_id":"9c373109-817a-42de-9d93-65719db93261-8316722560","trial_id":98,"user_attr":{"overrides":{"lr":0.0010116986412085278,"hidden":64,"clone_batch":1024,"clone_weight_decay":1e-05,"clone_class_power":0.29906054798368664,"clone_label_smoothing":0.1,"clone_patience":5}}}
{"op_code":4,"worker_id":"9c373109-817a-42de-9d93-65719db93261-8316722560","study_id":0,"datetime_start":"2026-10-08T03:45:30.048475"}
{"op_code":9,"worker_id":"9c373109-817a-42de-9d93-65719db93261-8316722560","trial_id":99,"system_attr":{"tpe:relative_params:0":"{\"clone_batch\": 2048, \"clone_class_power\": 0.04027282240389118, \"clone_label_smoothing\": 0.0, \"clone_patience\": 20, \"clone_weight_decay\": 0.0001, \"hidden\": 64, \"lr\": 0.001364830285259881}"}}
{"op_code":5,"worker_id":"9c373109-817a-42de-9d93-65719db93261-8316722560","trial_id":99,"param_name":"lr","param_value_internal":0.001364830285259881,"distribution":"{\"name\": \"FloatDistribution\", \"attributes\": {\"step\": null, \"low\": 0.0001, \"high\": 0.01, \"log\": true}}"}
{"op_code":5,"worker_id":"9c373109-817a-42de-9d93-65719db93261-8316722560","trial_id":99,"param_name":"hidden","param_value_internal":0,"distribution":"{\"name\": \"CategoricalDistribution\", \"attributes\": {\"choices\": [64, 128, 256]}}"}
{"op_code":5,"worker_id":"9c373109-817a-42de-9d93-65719db93261-8316722560","trial_id":99,"param_name":"clone_batch","param_value_internal":4,"distribution":"{\"name\": \"CategoricalDistribution\", \"attributes\": {\"choices\": [128, 256, 512, 1024, 2048]}}"}
{"op_code":5,"worker_id":"9c373109-817a-42de-9d93-65719db93261-8316722560","trial_id":99,"param_name":"clone_weight_decay","param_value_internal":3,"distribution":"{\"name\": \"CategoricalDistribution\", \"attributes\": {\"choices\": [0.0, 1e-06, 1e-05, 0.0001, 0.001]}}"}
{"op_code":5,"worker_id":"9c373109-817a-42de-9d93-65719db93261-8316722560","trial_id":99,"param_name":"clone_class_power","param_value_internal":0.04027282240389118,"distribution":"{\"name\": \"FloatDistribution\", \"attributes\": {\"step\": null, \"low\": 0.0, \"high\": 1.0, \"log\": false}}"}
{"op_code":5,"worker_id":"9c373109-817a-42de-9d93-65719db93261-8316722560","trial_id":99,"param_name":"clone_label_smoothing","param_value_internal":0,"distribution":"{\"name\": \"CategoricalDistribution\", \"attributes\": {\"choices\": [0.0, 0.05, 0.1]}}"}
{"op_code":5,"worker_id":"9c373109-817a-42de-9d93-65719db93261-8316722560","trial_id":99,"param_name":"clone_patience","param_value_internal":2,"distribution":"{\"name\": \"CategoricalDistribution\", \"attributes\": {\"choices\": [5, 10, 20]}}"}
{"op_code":8,"worker_id":"9c373109-817a-42de-9d93-65719db93261-8316722560","trial_id":99,"user_attr":{"tag":"c073fcb91add7"}}
{"op_code":8,"worker_id":"9c373109-817a-42de-9d93-65719db93261-8316722560","trial_id":99,"user_attr":{"overrides":{"lr":0.001364830285259881,"hidden":64,"clone_batch":2048,"clone_weight_decay":0.0001,"clone_class_power":0.04027282240389118,"clone_label_smoothing":0.0,"clone_patience":20}}}
{"op_code":4,"worker_id":"9c373109-817a-42de-9d93-65719db93261-8316722560","study_id":0,"datetime_start":"2026-10-08T03:45:30.054113"}
{"op_code":9,"worker_id":"9c373109-817a-42de-9d93-65719db93261-8316722560","trial_id":100,"system_attr":{"tpe:relative_params:0":"{\"clone_batch\": 2048, \"clone_class_power\": 0.33406244524177997, \"clone_label_smoothing\": 0.1, \"clone_patience\": 20, \"clone_weight_decay\": 0.0001, \"hidden\": 256, \"lr\": 0.00015671883752900914}"}}
{"op_code":5,"worker_id":"9c373109-817a-42de-9d93-65719db93261-8316722560","trial_id":100,"param_name":"lr","param_value_internal":0.00015671883752900914,"distribution":"{\"name\": \"FloatDistribution\", \"attributes\": {\"step\": null, \"low\": 0.0001, \"high\": 0.01, \"log\": true}}"}
{"op_code":5,"worker_id":"9c373109-817a-42de-9d93-65719db93261-8316722560","trial_id":100,"param_name":"hidden","param_value_internal":2,"distribution":"{\"name\": \"CategoricalDistribution\", \"attributes\": {\"choices\": [64, 128, 256]}}"}
{"op_code":5,"worker_id":"9c373109-817a-42de-9d93-65719db93261-8316722560","trial_id":100,"param_name":"clone_batch","param_value_internal":4,"distribution":"{\"name\": \"CategoricalDistribution\", \"attributes\": {\"choices\": [128, 256, 512, 1024, 2048]}}"}
{"op_code":5,"worker_id":"9c373109-817a-42de-9d93-65719db93261-8316722560","trial_id":100,"param_name":"clone_weight_decay","param_value_internal":3,"distribution":"{\"name\": \"CategoricalDistribution\", \"attributes\": {\"choices\": [0.0, 1e-06, 1e-05, 0.0001, 0.001]}}"}
{"op_code":5,"worker_id":"9c373109-817a-42de-9d93-65719db93261-8316722560","trial_id":100,"param_name":"clone_class_power","param_value_internal":0.33406244524177997,"distribution":"{\"name\": \"FloatDistribution\", \"attributes\": {\"step\": null, \"low\": 0.0, \"high\": 1.0, \"log\": false}}"}
{"op_code":5,"worker_id":"9c373109-817a-42de-9d93-65719db93261-8316722560","trial_id":100,"param_name":"clone_label_smoothing","param_value_internal":2,"distribution":"{\"name\": \"CategoricalDistribution\", \"attributes\": {\"choices\": [0.0, 0.05, 0.1]}}"}
{"op_code":5,"worker_id":"9c373109-817a-42de-9d93-65719db93261-8316722560","trial_id":100,"param_name":"clone_patience","param_value_internal":2,"distribution":"{\"name\": \"CategoricalDistribution\", \"attributes\": {\"choices\": [5, 10, 20]}}"}
{"op_code":8,"worker_id":"9c373109-817a-42de-9d93-65719db93261-8316722560","trial_id":100,"user_attr":{"tag":"c10d9fdfe1e9e"}}
{"op_code":8,"worker_id":"9c373109-817a-42de-9d93-65719db93261-8316722560","trial_id":100,"user_attr":{"overrides":{"lr":0.00015671883752900914,"hidden":256,"clone_batch":2048,"clone_weight_decay":0.0001,"clone_class_power":0.33406244524177997,"clone_label_smoothing":0.1,"clone_patience":20}}}
{"op_code":4,"worker_id":"9c373109-817a-42de-9d93-65719db93261-8316722560","study_id":0,"datetime_start":"2026-10-08T03:45:30.059388"}
{"op_code":9,"worker_id":"9c373109-817a-42de-9d93-65719db93261-8316722560","trial_id":101,"system_attr":{"tpe:relative_params:0":"{\"clone_batch\": 1024, \"clone_class_power\": 0.03999383734573193, \"clone_label_smoothing\": 0.1, \"clone_patience\": 20, \"clone_weight_decay\": 1e-06, \"hidden\": 64, \"lr\": 0.00042427075736203087}"}}
{"op_code":5,"worker_id":"9c373109-817a-42de-9d93-65719db93261-8316722560","trial_id":101,"param_name":"lr","param_value_internal":0.00042427075736203087,"distribution":"{\"name\": \"FloatDistribution\", \"attributes\": {\"step\": null, \"low\": 0.0001, \"high\": 0.01, \"log\": true}}"}
{"op_code":5,"worker_id":"9c373109-817a-42de-9d93-65719db93261-8316722560","trial_id":101,"param_name":"hidden","param_value_internal":0,"distribution":"{\"name\": \"CategoricalDistribution\", \"attributes\": {\"choices\": [64, 128, 256]}}"}
{"op_code":5,"worker_id":"9c373109-817a-42de-9d93-65719db93261-8316722560","trial_id":101,"param_name":"clone_batch","param_value_internal":3,"distribution":"{\"name\": \"CategoricalDistribution\", \"attributes\": {\"choices\": [128, 256, 512, 1024, 2048]}}"}
{"op_code":5,"worker_id":"9c373109-817a-42de-9d93-65719db93261-8316722560","trial_id":101,"param_name":"clone_weight_decay","param_value_internal":1,"distribution":"{\"name\": \"CategoricalDistribution\", \"attributes\": {\"choices\": [0.0, 1e-06, 1e-05, 0.0001, 0.001]}}"}
{"op_code":5,"worker_id":"9c373109-817a-42de-9d93-65719db93261-8316722560","trial_id":101,"param_name":"clone_class_power","param_value_internal":0.03999383734573193,"distribution":"{\"name\": \"FloatDistribution\", \"attributes\": {\"step\": null, \"low\": 0.0, \"high\": 1.0, \"log\": false}}"}
{"op_code":5,"worker_id":"9c373109-817a-42de-9d93-65719db93261-8316722560","trial_id":101,"param_name":"clone_label_smoothing","param_value_internal":2,"distribution":"{\"name\": \"CategoricalDistribution\", \"attributes\": {\"choices\": [0.0, 0.05, 0.1]}}"}
{"op_code":5,"worker_id":"9c373109-817a-42de-9d93-65719db93261-8316722560","trial_id":101,"param_name":"clone_patience","param_value_internal":2,"distribution":"{\"name\": \"CategoricalDistribution\", \"attributes\": {\"choices\": [5, 10, 20]}}"}
{"op_code":8,"worker_id":"9c373109-817a-42de-9d93-65719db93261-8316722560","trial_id":101,"user_attr":{"tag":"ce59e8c9eb0ff"}}
{"op_code":8,"worker_id":"9c373109-817a-42de-9d93-65719db93261-8316722560","trial_id":101,"user_attr":{"overrides":{"lr":0.00042427075736203087,"hidden":64,"clone_batch":1024,"clone_weight_decay":1e-06,"clone_class_power":0.03999383734573193,"clone_label_smoothing":0.1,"clone_patience":20}}}
{"op_code":4,"worker_id":"9c373109-817a-42de-9d93-65719db93261-8316722560","study_id":0,"datetime_start":"2026-10-08T03:45:30.064547"}
{"op_code":9,"worker_id":"9c373109-817a-42de-9d93-65719db93261-8316722560","trial_id":102,"system_attr":{"tpe:relative_params:0":"{\"clone_batch\": 512, \"clone_class_power\": 0.17543965746213883, \"clone_label_smoothing\": 0.1, \"clone_patience\": 20, \"clone_weight_decay\": 1e-06, \"hidden\": 256, \"lr\": 0.00011259272745873859}"}}
{"op_code":5,"worker_id":"9c373109-817a-42de-9d93-65719db93261-8316722560","trial_id":102,"param_name":"lr","param_value_internal":0.00011259272745873859,"distribution":"{\"name\": \"FloatDistribution\", \"attributes\": {\"step\": null, \"low\": 0.0001, \"high\": 0.01, \"log\": true}}"}
{"op_code":5,"worker_id":"9c373109-817a-42de-9d93-65719db93261-8316722560","trial_id":102,"param_name":"hidden","param_value_internal":2,"distribution":"{\"name\": \"CategoricalDistribution\", \"attributes\": {\"choices\": [64, 128, 256]}}"}
{"op_code":5,"worker_id":"9c373109-817a-42de-9d93-65719db93261-8316722560","trial_id":102,"param_name":"clone_batch","param_value_internal":2,"distribution":"{\"name\": \"CategoricalDistribution\", \"attributes\": {\"choices\": [128, 256, 512, 1024, 2048]}}"}
{"op_code":5,"worker_id":"9c373109-817a-42de-9d93-65719db93261-8316722560","trial_id":102,"param_name":"clone_weight_decay","param_value_internal":1,"distribution":"{\"name\": \"CategoricalDistribution\", \"attributes\": {\"choices\": [0.0, 1e-06, 1e-05, 0.0001, 0.001]}}"}
{"op_code":5,"worker_id":"9c373109-817a-42de-9d93-65719db93261-8316722560","trial_id":102,"param_name":"clone_class_power","param_value_internal":0.17543965746213883,"distribution":"{\"name\": \"FloatDistribution\", \"attributes\": {\"step\": null, \"low\": 0.0, \"high\": 1.0, \"log\": false}}"}
{"op_code":5,"worker_id":"9c373109-817a-42de-9d93-65719db93261-8316722560","trial_id":102,"param_name":"clone_label_smoothing","param_value_internal":2,"distribution":"{\"name\": \"CategoricalDistribution\", \"attributes\": {\"choices\": [0.0, 0.05, 0.1]}}"}
{"op_code":5,"worker_id":"9c373109-817a-42de-9d93-65719db93261-8316722560","trial_id":102,"param_name":"clone_patience","param_value_internal":2,"distribution":"{\"name\": \"CategoricalDistribution\", \"attributes\": {\"choices\": [5, 10, 20]}}"}
{"op_code":8,"worker_id":"9c373109-817a-42de-9d93-65719db93261-8316722560","trial_id":102,"user_attr":{"tag":"c61b79b3aac03"}}
{"op_code":8,"worker_id":"9c373109-817a-42de-9d93-65719db93261-8316722560","trial_id":102,"user_attr":{"overrides":{"lr":0.00011259272745873859,"hidden":256,"clone_batch":512,"clone_weight_decay":1e-06,"clone_class_power":0.17543965746213883,"clone_label_smoothing":0.1,"clone_patience":20}}}
{"op_code":4,"worker_id":"9c373109-817a-42de-9d93-65719db93261-8316722560","study_id":0,"datetime_start":"2026-10-08T03:45:30.070108"}
{"op_code":9,"worker_id":"9c373109-817a-42de-9d93-65719db93261-8316722560","trial_id":103,"system_attr":{"tpe:relative_params:0":"{\"clone_batch\": 2048, \"clone_class_power\": 0.10088573103037599, \"clone_label_smoothing\": 0.1, \"clone_patience\": 20, \"clone_weight_decay\": 0.001, \"hidden\": 64, \"lr\": 0.004764938581456586}"}}
{"op_code":5,"worker_id":"9c373109-817a-42de-9d93-65719db93261-8316722560","trial_id":103,"param_name":"lr","param_value_internal":0.004764938581456586,"distribution":"{\"name\": \"FloatDistribution\", \"attributes\": {\"step\": null, \"low\": 0.0001, \"high\": 0.01, \"log\": true}}"}
{"op_code":5,"worker_id":"9c373109-817a-42de-9d93-65719db93261-8316722560","trial_id":103,"param_name":"hidden","param_value_internal":0,"distribution":"{\"name\": \"CategoricalDistribution\", \"attributes\": {\"choices\": [64, 128, 256]}}"}
{"op_code":5,"worker_id":"9c373109-817a-42de-9d93-65719db93261-8316722560","trial_id":103,"param_name":"clone_batch","param_value_internal":4,"distribution":"{\"name\": \"CategoricalDistribution\", \"attributes\": {\"choices\": [128, 256, 512, 1024, 2048]}}"}
{"op_code":5,"worker_id":"9c373109-817a-42de-9d93-65719db93261-8316722560","trial_id":103,"param_name":"clone_weight_decay","param_value_internal":4,"distribution":"{\"name\": \"CategoricalDistribution\", \"attributes\": {\"choices\": [0.0, 1e-06, 1e-05, 0.0001, 0.001]}}"}
{"op_code":5,"worker_id":"9c373109-817a-42de-9d93-65719db93261-8316722560","trial_id":103,"param_name":"clone_class_power","param_value_internal":0.10088573103037599,"distribution":"{\"name\": \"FloatDistribution\", \"attributes\": {\"step\": null, \"low\": 0.0, \"high\": 1.0, \"log\": false}}"}
{"op_code":5,"worker_id":"9c373109-817a-42de-9d93-65719db93261-8316722560","trial_id":103,"param_name":"clone_label_smoothing","param_value_internal":2,"distribution":"{\"name\": \"CategoricalDistribution\", \"attributes\": {\"choices\": [0.0, 0.05, 0.1]}}"}
{"op_code":5,"worker_id":"9c373109-817a-42de-9d93-65719db93261-8316722560","trial_id":103,"param_name":"clone_patience","param_value_internal":2,"distribution":"{\"name\": \"CategoricalDistribution\", \"attributes\": {\"choices\": [5, 10, 20]}}"}
{"op_code":8,"worker_id":"9c373109-817a-42de-9d93-65719db93261-8316722560","trial_id":103,"user_attr":{"tag":"ce374bcb25cc9"}}
{"op_code":8,"worker_id":"9c373109-817a-42de-9d93-65719db93261-8316722560","trial_id":103,"user_attr":{"overrides":{"lr":0.004764938581456586,"hidden":64,"clone_batch":2048,"clone_weight_decay":0.001,"clone_class_power":0.10088573103037599,"clone_label_smoothing":0.1,"clone_patience":20}}}
{"op_code":4,"worker_id":"9c373109-817a-42de-9d93-65719db93261-8316722560","study_id":0,"datetime_start":"2026-10-08T03:45:30.075511"}
{"op_code":9,"worker_id":"9c373109-817a-42de-9d93-65719db93261-8316722560","trial_id":104,"system_attr":{"tpe:relative_params:0":"{\"clone_batch\": 1024, \"clone_class_power\": 0.5178331700849804, \"clone_label_smoothing\": 0.1, \"clone_patience\": 20, \"clone_weight_decay\": 1e-06, \"hidden\": 64, \"lr\": 0.00011030857194159891}"}}
{"op_code":5,"worker_id":"9c373109-817a-42de-9d93-65719db93261-8316722560","trial_id":104,"param_name":"lr","param_value_internal":0.00011030857194159891,"distribution":"{\"name\": \"FloatDistribution\", \"attributes\": {\"step\": null, \"low\": 0.0001, \"high\": 0.01, \"log\": true}}"}
{"op_code":5,"worker_id":"9c373109-817a-42de-9d93-65719db93261-8316722560","trial_id":104,"param_name":"hidden","param_value_internal":0,"distribution":"{\"name\": \"CategoricalDistribution\", \"attributes\": {\"choices\": [64, 128, 256]}}"}
{"op_code":5,"worker_id":"9c373109-817a-42de-9d93-65719db93261-8316722560","trial_id":104,"param_name":"clone_batch","param_value_internal":3,"distribution":"{\"name\": \"CategoricalDistribution\", \"attributes\": {\"choices\": [128, 256, 512, 1024, 2048]}}"}
{"op_code":5,"worker_id":"9c373109-817a-42de-9d93-65719db93261-8316722560","trial_id":104,"param_name":"clone_weight_decay","param_value_internal":1,"distribution":"{\"name\": \"CategoricalDistribution\", \"attributes\": {\"choices\": [0.0, 1e-06, 1e-05, 0.0001, 0.001]}}"}
{"op_code":5,"worker_id":"9c373109-817a-42de-9d93-65719db93261-8316722560","trial_id":104,"param_name":"clone_class_power","param_value_internal":0.5178331700849804,"distribution":"{\"name\": \"FloatDistribution\", \"attributes\": {\"step\": null, \"low\": 0.0, \"high\": 1.0, \"log\": false}}"}
{"op_code":5,"worker_id":"9c373109-817a-42de-9d93-65719db93261-8316722560","trial_id":104,"param_name":"clone_label_smoothing","param_value_internal":2,"distribution":"{\"name\": \"CategoricalDistribution\", \"attributes\": {\"choices\": [0.0, 0.05, 0.1]}}"}
{"op_code":5,"worker_id":"9c373109-817a-42de-9d93-65719db93261-8316722560","trial_id":104,"param_name":"clone_patience","param_value_internal":2,"distribution":"{\"name\": \"CategoricalDistribution\", \"attributes\": {\"choices\": [5, 10, 20]}}"}
{"op_code":8,"worker_id":"9c373109-817a-42de-9d93-65719db93261-8316722560","trial_id":104,"user_attr":{"tag":"c5f5431ec87df"}}
{"op_code":8,"worker_id":"9c373109-817a-42de-9d93-65719db93261-8316722560","trial_id":104,"user_attr":{"overrides":{"lr":0.00011030857194159891,"hidden":64,"clone_batch":1024,"clone_weight_decay":1e-06,"clone_class_power":0.5178331700849804,"clone_label_smoothing":0.1,"clone_patience":20}}}
{"op_code":4,"worker_id":"9c373109-817a-42de-9d93-65719db93261-8316722560","study_id":0,"datetime_start":"2026-10-08T03:45:30.081930"}
{"op_code":9,"worker_id":"9c373109-817a-42de-9d93-65719db93261-8316722560","trial_id":105,"system_attr":{"tpe:relative_params:0":"{\"clone_batch\": 1024, \"clone_class_power\": 0.0022712197279509544, \"clone_label_smoothing\": 0.1, \"clone_patience\": 5, \"clone_weight_decay\": 0.001, \"hidden\": 256, \"lr\": 0.0017444937786908513}"}}
{"op_code":5,"worker_id":"9c373109-817a-42de-9d93-65719db93261-8316722560","trial_id":105,"param_name":"lr","param_value_internal":0.0017444937786908513,"distribution":"{\"name\": \"FloatDistribution\", \"attributes\": {\"step\": null, \"low\": 0.0001, \"high\": 0.01, \"log\": true}}"}
{"op_code":5,"worker_id":"9c373109-817a-42de-9d93-65719db93261-8316722560","trial_id":105,"param_name":"hidden","param_value_internal":2,"distribution":"{\"name\": \"CategoricalDistribution\", \"attributes\": {\"choices\": [64, 128, 256]}}"}
{"op_code":5,"worker_id":"9c373109-817a-42de-9d93-65719db93261-8316722560","trial_id":105,"param_name":"clone_batch","param_value_internal":3,"distribution":"{\"name\": \"CategoricalDistribution\", \"attributes\": {\"choices\": [128, 256, 512, 1024, 2048]}}"}
{"op_code":5,"worker_id":"9c373109-817a-42de-9d93-65719db93261-8316722560","trial_id":105,"param_name":"clone_weight_decay","param_value_internal":4,"distribution":"{\"name\": \"CategoricalDistribution\", \"attributes\": {\"choices\": [0.0, 1e-06, 1e-05, 0.0001, 0.001]}}"}
{"op_code":5,"worker_id":"9c373109-817a-42de-9d93-65719db93261-8316722560","trial_id":105,"param_name":"clone_class_power","param_value_internal":0.0022712197279509544,"distribution":"{\"name\": \"FloatDistribution\", \"attributes\": {\"step\": null, \"low\": 0.0, \"high\": 1.0, \"log\": false}}"}
{"op_code":5,"worker_id":"9c373109-817a-42de-9d93-65719db93261-8316722560","trial_id":105,"param_name":"clone_label_smoothing","param_value_internal":2,"distribution":"{\"name\": \"CategoricalDistribution\", \"attributes\": {\"choices\": [0.0, 0.05, 0.1]}}"}
{"op_code":5,"worker_id":"9c373109-817a-42de-9d93-65719db93261-8316722560","trial_id":105,"param_name":"clone_patience","param_value_internal":0,"distribution":"{\"name\": \"CategoricalDistribution\", \"attributes\": {\"choices\": [5, 10, 20]}}"}
{"op_code":8,"worker_id":"9c373109-817a-42de-9d93-65719db93261-8316722560","trial_id":105,"user_attr":{"tag":"c196447cfb86d"}}
{"op_code":8,"worker_id":"9c373109-817a-42de-9d93-65719db93261-8316722560","trial_id":105,"user_attr":{"overrides":{"lr":0.0017444937786908513,"hidden":256,"clone_batch":1024,"clone_weight_decay":0.001,"clone_class_power":0.0022712197279509544,"clone_label_smoothing":0.1,"clone_patience":5}}}
{"op_code":4,"worker_id":"9c373109-817a-42de-9d93-65719db93261-8316722560","study_id":0,"datetime_start":"2026-10-08T03:45:30.087908"}
{"op_code":9,"worker_id":"9c373109-817a-42de-9d93-65719db93261-8316722560","trial_id":106,"system_attr":{"tpe:relative_params:0":"{\"clone_batch\": 512, \"clone_class_power\": 0.14446722055882896, \"clone_label_smoothing\": 0.05, \"clone_patience\": 20, \"clone_weight_decay\": 0.0001, \"hidden\": 256, \"lr\": 0.00016021080110041152}"}}
{"op_code":5,"worker_id":"9c373109-817a-42de-9d93-65719db93261-8316722560","trial_id":106,"param_name":"lr","param_value_internal":0.00016021080110041152,"distribution":"{\"name\": \"FloatDistribution\", \"attributes\": {\"step\": null, \"low\": 0.0001, \"high\": 0.01, \"log\": true}}"}
{"op_code":5,"worker_id":"9c373109-817a-42de-9d93-65719db93261-8316722560","trial_id":106,"param_name":"hidden","param_value_internal":2,"distribution":"{\"name\": \"CategoricalDistribution\", \"attributes\": {\"choices\": [64, 128, 256]}}"}
{"op_code":5,"worker_id":"9c373109-817a-42de-9d93-65719db93261-8316722560","trial_id":106,"param_name":"clone_batch","param_value_internal":2,"distribution":"{\"name\": \"CategoricalDistribution\", \"attributes\": {\"choices\": [128, 256, 512, 1024, 2048]}}"}
{"op_code":5,"worker_id":"9c373109-817a-42de-9d93-65719db93261-8316722560","trial_id":106,"param_name":"clone_weight_decay","param_value_internal":3,"distribution":"{\"name\": \"CategoricalDistribution\", \"attributes\": {\"choices\": [0.0, 1e-06, 1e-05, 0.0001, 0.001]}}"}
{"op_code":5,"worker_id":"9c373109-817a-42de-9d93-65719db93261-8316722560","trial_id":106,"param_name":"clone_class_power","param_value_internal":0.14446722055882896,"distribution":"{\"name\": \"FloatDistribution\", \"attributes\": {\"step\": null, \"low\": 0.0, \"high\": 1.0, \"log\": false}}"}
{"op_code":5,"worker_id":"9c373109-817a-42de-9d93-65719db93261-8316722560","trial_id":106,"param_name":"clone_label_smoothing","param_value_internal":1,"distribution":"{\"name\": \"CategoricalDistribution\", \"attributes\": {\"choices\": [0.0, 0.05, 0.1]}}"}
{"op_code":5,"worker_id":"9c373109-817a-42de-9d93-65719db93261-8316722560","trial_id":106,"param_name":"clone_patience","param_value_internal":2,"distribution":"{\"name\": \"CategoricalDistribution\", \"attributes\": {\"choices\": [5, 10, 20]}}"}
{"op_code":8,"worker_id":"9c373109-817a-42de-9d93-65719db93261-8316722560","trial_id":106,"user_attr":{"tag":"c56588ac6e69c"}}
{"op_code":8,"worker_id":"9c373109-817a-42de-9d93-65719db93261-8316722560","trial_id":106,"user_attr":{"overrides":{"lr":0.00016021080110041152,"hidden":256,"clone_batch":512,"clone_weight_decay":0.0001,"clone_class_power":0.14446722055882896,"clone_label_smoothing":0.05,"clone_patience":20}}}
{"op_code":4,"worker_id":"9c373109-817a-42de-9d93-65719db93261-8316722560","study_id":0,"datetime_start":"2026-10-08T03:45:30.093906"}
{"op_code":9,"worker_id":"9c373109-817a-42de-9d93-65719db93261-8316722560","trial_id":107,"system_attr":{"tpe:relative_params:0":"{\"clone_batch\": 1024, \"clone_class_power\": 0.05652057979640492, \"clone_label_smoothing\": 0.1, \"clone_patience\": 5, \"clone_weight_decay\": 0.0, \"hidden\": 64, \"lr\": 0.002860544455094616}"}}
{"op_code":5,"worker_id":"9c373109-817a-42de-9d93-65719db93261-8316722560","trial_id":107,"param_name":"lr","param_value_internal":0.002860544455094616,"distribution":"{\"name\": \"FloatDistribution\", \"attributes\": {\"step\": null, \"low\": 0.0001, \"high\": 0.01, \"log\": true}}"}
{"op_code":5,"worker_id":"9c373109-817a-42de-9d93-65719db93261-8316722560","trial_id":107,"param_name":"hidden","param_value_internal":0,"distribution":"{\"name\": \"CategoricalDistribution\", \"attributes\": {\"choices\": [64, 128, 256]}}"}
{"op_code":5,"worker_id":"9c373109-817a-42de-9d93-65719db93261-8316722560","trial_id":107,"param_name":"clone_batch","param_value_internal":3,"distribution":"{\"name\": \"CategoricalDistribution\", \"attributes\": {\"choices\": [128, 256, 512, 1024, 2048]}}"}
{"op_code":5,"worker_id":"9c373109-817a-42de-9d93-65719db93261-8316722560","trial_id":107,"param_name":"clone_weight_decay","param_value_internal":0,"distribution":"{\"name\": \"CategoricalDistribution\", \"attributes\": {\"choices\": [0.0, 1e-06, 1e-05, 0.0001, 0.001]}}"}
{"op_code":5,"worker_id":"9c373109-817a-42de-9d93-65719db93261-8316722560","trial_id":107,"param_name":"clone_class_power","param_value_internal":0.05652057979640492,"distribution":"{\"name\": \"FloatDistribution\", \"attributes\": {\"step\": null, \"low\": 0.0, \"high\": 1.0, \"log\": false}}"}
{"op_code":5,"worker_id":"9c373109-817a-42de-9d93-65719db93261-8316722560","trial_id":107,"param_name":"clone_label_smoothing","param_value_internal":2,"distribution":"{\"name\": \"CategoricalDistribution\", \"attributes\": {\"choices\": [0.0, 0.05, 0.1]}}"}
{"op_code":5,"worker_id":"9c373109-817a-42de-9d93-65719db93261-8316722560","trial_id":107,"param_name":"clone_patience","param_value_internal":0,"distribution":"{\"name\": \"CategoricalDistribution\", \"attributes\": {\"choices\": [5, 10, 20]}}"}
{"op_code":8,"worker_id":"9c373109-817a-42de-9d93-65719db93261-8316722560","trial_id":107,"user_attr":{"tag":"cf685d54aec08"}}
{"op_code":8,"worker_id":"9c373109-817a-42de-9d93-65719db93261-8316722560","trial_id":107,"user_attr":{"overrides":{"lr":0.002860544455094616,"hidden":64,"clone_batch":1024,"clone_weight_decay":0.0,"clone_class_power":0.05652057979640492,"clone_label_smoothing":0.1,"clone_patience":5}}}
{"op_code":4,"worker_id":"9c373109-817a-42de-9d93-65719db93261-8316722560","study_id":0,"datetime_start":"2026-10-08T03:45:30.099935"}
{"op_code":9,"worker_id":"9c373109-817a-42de-9d93-65719db93261-8316722560","trial_id":108,"system_attr":{"tpe:relative_params:0":"{\"clone_batch\": 512, \"clone_class_power\": 0.24198527822709245, \"clone_label_smoothing\": 0.1, \"clone_patience\": 10, \"clone_weight_decay\": 0.0001, \"hidden\": 256, \"lr\": 0.0002604593002026543}"}}
{"op_code":5,"worker_id":"9c373109-817a-42de-9d93-65719db93261-8316722560","trial_id":108,"param_name":"lr","param_value_internal":0.0002604593002026543,"distribution":"{\"name\": \"FloatDistribution\", \"attributes\": {\"step\": null, \"low\": 0.0001, \"high\": 0.01, \"log\": true}}"}
{"op_code":5,"worker_id":"9c373109-817a-42de-9d93-65719db93261-8316722560","trial_id":108,"param_name":"hidden","param_value_internal":2,"distribution":"{\"name\": \"CategoricalDistribution\", \"attributes\": {\"choices\": [64, 128, 256]}}"}
{"op_code":5,"worker_id":"9c373109-817a-42de-9d93-65719db93261-8316722560","trial_id":108,"param_name":"clone_batch","param_value_internal":2,"distribution":"{\"name\": \"CategoricalDistribution\", \"attributes\": {\"choices\": [128, 256, 512, 1024, 2048]}}"}
{"op_code":5,"worker_id":"9c373109-817a-42de-9d93-65719db93261-8316722560","trial_id":108,"param_name":"clone_weight_decay","param_value_internal":3,"distribution":"{\"name\": \"CategoricalDistribution\", \"attributes\": {\"choices\": [0.0, 1e-06, 1e-05, 0.0001, 0.001]}}"}
{"op_code":5,"worker_id":"9c373109-817a-42de-9d93-65719db93261-8316722560","trial_id":108,"param_name":"clone_class_power","param_value_internal":0.24198527822709245,"distribution":"{\"name\": \"FloatDistribution\", \"attributes\": {\"step\": null, \"low\": 0.0, \"high\": 1.0, \"log\": false}}"}
{"op_code":5,"worker_id":"9c373109-817a-42de-9d93-65719db93261-8316722560","trial_id":108,"param_name":"clone_label_smoothing","param_value_internal":2,"distribution":"{\"name\": \"CategoricalDistribution\", \"attributes\": {\"choices\": [0.0, 0.05, 0.1]}}"}
{"op_code":5,"worker_id":"9c373109-817a-42de-9d93-65719db93261-8316722560","trial_id":108,"param_name":"clone_patience","param_value_internal":1,"distribution":"{\"name\": \"CategoricalDistribution\", \"attributes\": {\"choices\": [5, 10, 20]}}"}
{"op_code":8,"worker_id":"9c373109-817a-42de-9d93-65719db93261-8316722560","trial_id":108,"user_attr":{"tag":"cff6c9f525c05"}}
{"op_code":8,"worker_id":"9c373109-817a-42de-9d93-65719db93261-8316722560","trial_id":108,"user_attr":{"overrides":{"lr":0.0002604593002026543,"hidden":256,"clone_batch":512,"clone_weight_decay":0.0001,"clone_class_power":0.24198527822709245,"clone_label_smoothing":0.1,"clone_patience":10}}}
{"op_code":4,"worker_id":"9c373109-817a-42de-9d93-65719db93261-8316722560","study_id":0,"datetime_start":"2026-10-08T03:45:30.105746"}
{"op_code":9,"worker_id":"9c373109-817a-42de-9d93-65719db93261-8316722560","trial_id":109,"system_attr":{"tpe:relative_params:0":"{\"clone_batch\": 512, \"clone_class_power\": 0.1445602230074934, \"clone_label_smoothing\": 0.1, \"clone_patience\": 20, \"clone_weight_decay\": 1e-05, \"hidden\": 64, \"lr\": 0.00013739052283924687}"}}
{"op_code":5,"worker_id":"9c373109-817a-42de-9d93-65719db93261-8316722560","trial_id":109,"param_name":"lr","param_value_internal":0.00013739052283924687,"distribution":"{\"name\": \"FloatDistribution\", \"attributes\": {\"step\": null, \"low\": 0.0001, \"high\": 0.01, \"log\": true}}"}
{"op_code":5,"worker_id":"9c373109-817a-42de-9d93-65719db93261-8316722560","trial_id":109,"param_name":"hidden","param_value_internal":0,"distribution":"{\"name\": \"CategoricalDistribution\", \"attributes\": {\"choices\": [64, 128, 256]}}"}
{"op_code":5,"worker_id":"9c373109-817a-42de-9d93-65719db93261-8316722560","trial_id":109,"param_name":"clone_batch","param_value_internal":2,"distribution":"{\"name\": \"CategoricalDistribution\", \"attributes\": {\"choices\": [128, 256, 512, 1024, 2048]}}"}
{"op_code":5,"worker_id":"9c373109-817a-42de-9d93-65719db93261-8316722560","trial_id":109,"param_name":"clone_weight_decay","param_value_internal":2,"distribution":"{\"name\": \"CategoricalDistribution\", \"attributes\": {\"choices\": [0.0, 1e-06, 1e-05, 0.0001, 0.001]}}"}
{"op_code":5,"worker_id":"9c373109-817a-42de-9d93-65719db93261-8316722560","trial_id":109,"param_name":"clone_class_power","param_value_internal":0.1445602230074934,"distribution":"{\"name\": \"FloatDistribution\", \"attributes\": {\"step\": null, \"low\": 0.0, \"high\": 1.0, \"log\": false}}"}
{"op_code":5,"worker_id":"9c373109-817a-42de-9d93-65719db93261-8316722560","trial_id":109,"param_name":"clone_label_smoothing","param_value_internal":2,"distribution":"{\"name\": \"CategoricalDistribution\", \"attributes\": {\"choices\": [0.0, 0.05, 0.1]}}"}
{"op_code":5,"worker_id":"9c373109-817a-42de-9d93-65719db93261-8316722560","trial_id":109,"param_name":"clone_patience","param_value_internal":2,"distribution":"{\"name\": \"CategoricalDistribution\", \"attributes\": {\"choices\": [5, 10, 20]}}"}
{"op_code":8,"worker_id":"9c373109-817a-42de-9d93-65719db93261-8316722560","trial_id":109,"user_attr":{"tag":"c23c9afa68df1"}}
{"op_code":8,"worker_id":"9c373109-817a-42de-9d93-65719db93261-8316722560","trial_id":109,"user_attr":{"overrides":{"lr":0.00013739052283924687,"hidden":64,"clone_batch":512,"clone_weight_decay":1e-05,"clone_class_power":0.1445602230074934,"clone_label_smoothing":0.1,"clone_patience":20}}}
{"op_code":4,"worker_id":"9c373109-817a-42de-9d93-65719db93261-8316722560","study_id":0,"datetime_start":"2026-10-08T03:45:30.111412"}
{"op_code":9,"worker_id":"9c373109-817a-42de-9d93-65719db93261-8316722560","trial_id":110,"system_attr":{"tpe:relative_params:0":"{\"clone_batch\": 512, \"clone_class_power\": 0.168123801927235, \"clone_label_smoothing\": 0.1, \"clone_patience\": 20, \"clone_weight_decay\": 1e-06, \"hidden\": 256, \"lr\": 0.003014595470580535}"}}
{"op_code":5,"worker_id":"9c373109-817a-42de-9d93-65719db93261-8316722560","trial_id":110,"param_name":"lr","param_value_internal":0.003014595470580535,"distribution":"{\"name\": \"FloatDistribution\", \"attributes\": {\"step\": null, \"low\": 0.0001, \"high\": 0.01, \"log\": true}}"}
{"op_code":5,"worker_id":"9c373109-817a-42de-9d93-65719db93261-8316722560","trial_id":110,"param_name":"hidden","param_value_internal":2,"distribution":"{\"name\": \"CategoricalDistribution\", \"attributes\": {\"choices\": [64, 128, 256]}}"}
{"op_code":5,"worker_id":"9c373109-817a-42de-9d93-65719db93261-8316722560","trial_id":110,"param_name":"clone_batch","param_value_internal":2,"distribution":"{\"name\": \"CategoricalDistribution\", \"attributes\": {\"choices\": [128, 256, 512, 1024, 2048]}}"}
{"op_code":5,"worker_id":"9c373109-817a-42de-9d93-65719db93261-8316722560","trial_id":110,"param_name":"clone_weight_decay","param_value_internal":1,"distribution":"{\"name\": \"CategoricalDistribution\", \"attributes\": {\"choices\": [0.0, 1e-06, 1e-05, 0.0001, 0.001]}}"}
{"op_code":5,"worker_id":"9c373109-817a-42de-9d93-65719db93261-8316722560","trial_id":110,"param_name":"clone_class_power","param_value_internal":0.168123801927235,"distribution":"{\"name\": \"FloatDistribution\", \"attributes\": {\"step\": null, \"low\": 0.0, \"high\": 1.0, \"log\": false}}"}
{"op_code":5,"worker_id":"9c373109-817a-42de-9d93-65719db93261-8316722560","trial_id":110,"param_name":"clone_label_smoothing","param_value_internal":2,"distribution":"{\"name\": \"CategoricalDistribution\", \"attributes\": {\"choices\": [0.0, 0.05, 0.1]}}"}
{"op_code":5,"worker_id":"9c373109-817a-42de-9d93-65719db93261-8316722560","trial_id":110,"param_name":"clone_patience","param_value_internal":2,"distribution":"{\"name\": \"CategoricalDistribution\", \"attributes\": {\"choices\": [5, 10, 20]}}"}
{"op_code":8,"worker_id":"9c373109-817a-42de-9d93-65719db93261-8316722560","trial_id":110,"user_attr":{"tag":"c95e125635641"}}
{"op_code":8,"worker_id":"9c373109-817a-42de-9d93-65719db93261-8316722560","trial_id":110,"user_attr":{"overrides":{"lr":0.003014595470580535,"hidden":256,"clone_batch":512,"clone_weight_decay":1e-06,"clone_class_power":0.168123801927235,"clone_label_smoothing":0.1,"clone_patience":20}}}
{"op_code":4,"worker_id":"9c373109-817a-42de-9d93-65719db93261-8316722560","study_id":0,"datetime_start":"2026-10-08T03:45:30.116679"}
{"op_code":9,"worker_id":"9c373109-817a-42de-9d93-65719db93261-8316722560","trial_id":111,"system_attr":{"tpe:relative_params:0":"{\"clone_batch\": 512, \"clone_class_power\": 0.17276113881697103, \"clone_label_smoothing\": 0.1, \"clone_patience\": 20, \"clone_weight_decay\": 0.0001, \"hidden\": 256, \"lr\": 0.000124853497654567}"}}
{"op_code":5,"worker_id":"9c373109-817a-42de-9d93-65719db93261-8316722560","trial_id":111,"param_name":"lr","param_value_internal":0.000124853497654567,"distribution":"{\"name\": \"FloatDistribution\", \"attributes\": {\"step\": null, \"low\": 0.0001, \"high\": 0.01, \"log\": true}}"}
{"op_code":5,"worker_id":"9c373109-817a-42de-9d93-65719db93261-8316722560","trial_id":111,"param_name":"hidden","param_value_internal":2,"distribution":"{\"name\": \"CategoricalDistribution\", \"attributes\": {\"choices\": [64, 128, 256]}}"}
{"op_code":5,"worker_id":"9c373109-817a-42de-9d93-65719db93261-8316722560","trial_id":111,"param_name":"clone_batch","param_value_internal":2,"distribution":"{\"name\": \"CategoricalDistribution\", \"attributes\": {\"choices\": [128, 256, 512, 1024, 2048]}}"}
{"op_code":5,"worker_id":"9c373109-817a-42de-9d93-65719db93261-8316722560","trial_id":111,"param_name":"clone_weight_decay","param_value_internal":3,"distribution":"{\"name\": \"CategoricalDistribution\", \"attributes\": {\"choices\": [0.0, 1e-06, 1e-05, 0.0001, 0.001]}}"}
{"op_code":5,"worker_id":"9c373109-817a-42de-9d93-65719db93261-8316722560","trial_id":111,"param_name":"clone_class_power","param_value_internal":0.17276113881697103,"distribution":"{\"name\": \"FloatDistribution\", \"attributes\": {\"step\": null, \"low\": 0.0, \"high\": 1.0, \"log\": false}}"}
{"op_code":5,"worker_id":"9c373109-817a-42de-9d93-65719db93261-8316722560","trial_id":111,"param_name":"clone_label_smoothing","param_value_internal":2,"distribution":"{\"name\": \"CategoricalDistribution\", \"attributes\": {\"choices\": [0.0, 0.05, 0.1]}}"}
{"op_code":5,"worker_id":"9c373109-817a-42de-9d93-65719db93261-8316722560","trial_id":111,"param_name":"clone_patience","param_value_internal":2,"distribution":"{\"name\": \"CategoricalDistribution\", \"attributes\": {\"choices\": [5, 10, 20]}}"}
{"op_code":8,"worker_id":"9c373109-817a-42de-9d93-65719db93261-8316722560","trial_id":111,"user_attr":{"tag":"ce0347bae2252"}}
{"op_code":8,"worker_id":"9c373109-817a-42de-9d93-65719db93261-8316722560","trial_id":111,"user_attr":{"overrides":{"lr":0.000124853497654567,"hidden":256,"clone_batch":512,"clone_weight_decay":0.0001,"clone_class_power":0.17276113881697103,"clone_label_smoothing":0.1,"clone_patience":20}}}
{"op_code":4,"worker_id":"9c373109-817a-42de-9d93-65719db93261-8316722560","study_id":0,"datetime_start":"2026-10-08T03:45:30.121492"}
{"op_code":9,"worker_id":"9c373109-817a-42de-9d93-65719db93261-8316722560","trial_id":112,"system_attr":{"tpe:relative_params:0":"{\"clone_batch\": 1024, \"clone_class_power\": 0.24837820367180216, \"clone_label_smoothing\": 0.1, \"clone_patience\": 10, \"clone_weight_decay\": 0.0001, \"hidden\": 256, \"lr\": 0.004535263805112955}"}}
{"op_code":5,"worker_id":"9c373109-817a-42de-9d93-65719db93261-8316722560","trial_id":112,"param_name":"lr","param_value_internal":0.004535263805112955,"distribution":"{\"name\": \"FloatDistribution\", \"attributes\": {\"step\": null, \"low\": 0.0001, \"high\": 0.01, \"log\": true}}"}
{"op_code":5,"worker_id":"9c373109-817a-42de-9d93-65719db93261-8316722560","trial_id":112,"param_name":"hidden","param_value_internal":2,"distribution":"{\"name\": \"CategoricalDistribution\", \"attributes\": {\"choices\": [64, 128, 256]}}"}
{"op_code":5,"worker_id":"9c373109-817a-42de-9d93-65719db93261-8316722560","trial_id":112,"param_name":"clone_batch","param_value_internal":3,"distribution":"{\"name\": \"CategoricalDistribution\", \"attributes\": {\"choices\": [128, 256, 512, 1024, 2048]}}"}
{"op_code":5,"worker_id":"9c373109-817a-42de-9d93-65719db93261-8316722560","trial_id":112,"param_name":"clone_weight_decay","param_value_internal":3,"distribution":"{\"name\": \"CategoricalDistribution\", \"attributes\": {\"choices\": [0.0, 1e-06, 1e-05, 0.0001, 0.001]}}"}
{"op_code":5,"worker_id":"9c373109-817a-42de-9d93-65719db93261-8316722560","trial_id":112,"param_name":"clone_class_power","param_value_internal":0.24837820367180216,"distribution":"{\"name\": \"FloatDistribution\", \"attributes\": {\"step\": null, \"low\": 0.0, \"high\": 1.0, \"log\": false}}"}
{"op_code":5,"worker_id":"9c373109-817a-42de-9d93-65719db93261-8316722560","trial_id":112,"param_name":"clone_label_smoothing","param_value_internal":2,"distribution":"{\"name\": \"CategoricalDistribution\", \"attributes\": {\"choices\": [0.0, 0.05, 0.1]}}"}
{"op_code":5,"worker_id":"9c373109-817a-42de-9d93-65719db93261-8316722560","trial_id":112,"param_name":"clone_patience","param_value_internal":1,"distribution":"{\"name\": \"CategoricalDistribution\", \"attributes\": {\"choices\": [5, 10, 20]}}"}
{"op_code":8,"worker_id":"9c373109-817a-42de-9d93-65719db93261-8316722560","trial_id":112,"user_attr":{"tag":"c925f4d4b887b"}}
{"op_code":8,"worker_id":"9c373109-817a-42de-9d93-65719db93261-8316722560","trial_id":112,"user_attr":{"overrides":{"lr":0.004535263805112955,"hidden":256,"clone_batch":1024,"clone_weight_decay":0.0001,"clone_class_power":0.24837820367180216,"clone_label_smoothing":0.1,"clone_patience":10}}}
{"op_code":4,"worker_id":"9c373109-817a-42de-9d93-65719db93261-8316722560","study_id":0,"datetime_start":"2026-10-08T03:45:30.126478"}
{"op_code":9,"worker_id":"9c373109-817a-42de-9d93-65719db93261-8316722560","trial_id":113,"system_attr":{"tpe:relative_params:0":"{\"clone_batch\": 2048, \"clone_class_power\": 0.1741542569545123, \"clone_label_smoothing\": 0.0, \"clone_patience\": 5, \"clone_weight_decay\": 0.0001, \"hidden\": 128, \"lr\": 0.0011686712975322033}"}}
{"op_code":5,"worker_id":"9c373109-817a-42de-9d93-65719db93261-8316722560","trial_id":113,"param_name":"lr","param_value_internal":0.0011686712975322033,"distribution":"{\"name\": \"FloatDistribution\", \"attributes\": {\"step\": null, \"low\": 0.0001, \"high\": 0.01, \"log\": true}}"}
{"op_code":5,"worker_id":"9c373109-817a-42de-9d93-65719db93261-8316722560","trial_id":113,"param_name":"hidden","param_value_internal":1,"distribution":"{\"name\": \"CategoricalDistribution\", \"attributes\": {\"choices\": [64, 128, 256]}}"}
{"op_code":5,"worker_id":"9c373109-817a-42de-9d93-65719db93261-8316722560","trial_id":113,"param_name":"clone_batch","param_value_internal":4,"distribution":"{\"name\": \"CategoricalDistribution\", \"attributes\": {\"choices\": [128, 256, 512, 1024, 2048]}}"}
{"op_code":5,"worker_id":"9c373109-817a-42de-9d93-65719db93261-8316722560","trial_id":113,"param_name":"clone_weight_decay","param_value_internal":3,"distribution":"{\"name\": \"CategoricalDistribution\", \"attributes\": {\"choices\": [0.0, 1e-06, 1e-05, 0.0001, 0.001]}}"}
{"op_code":5,"worker_id":"9c373109-817a-42de-9d93-65719db93261-8316722560","trial_id":113,"param_name":"clone_class_power","param_value_internal":0.1741542569545123,"distribution":"{\"name\": \"FloatDistribution\", \"attributes\": {\"step\": null, \"low\": 0.0, \"high\": 1.0, \"log\": false}}"}
{"op_code":5,"worker_id":"9c373109-817a-42de-9d93-65719db93261-8316722560","trial_id":113,"param_name":"clone_label_smoothing","param_value_internal":0,"distribution":"{\"name\": \"CategoricalDistribution\", \"attributes\": {\"choices\": [0.0, 0.05, 0.1]}}"}
{"op_code":5,"worker_id":"9c373109-817a-42de-9d93-65719db93261-8316722560","trial_id":113,"param_name":"clone_patience","param_value_internal":0,"distribution":"{\"name\": \"CategoricalDistribution\", \"attributes\": {\"choices\": [5, 10, 20]}}"}
{"op_code":8,"worker_id":"9c373109-817a-42de-9d93-65719db93261-8316722560","trial_id":113,"user_attr":{"tag":"c9bbe91665edd"}}
{"op_code":8,"worker_id":"9c373109-817a-42de-9d93-65719db93261-8316722560","trial_id":113,"user_attr":{"overrides":{"lr":0.0011686712975322033,"hidden":128,"clone_batch":2048,"clone_weight_decay":0.0001,"clone_class_power":0.1741542569545123,"clone_label_smoothing":0.0,"clone_patience":5}}}
{"op_code":4,"worker_id":"9c373109-817a-42de-9d93-65719db93261-8316722560","study_id":0,"datetime_start":"2026-10-08T03:45:30.131917"}
{"op_code":9,"worker_id":"9c373109-817a-42de-9d93-65719db93261-8316722560","trial_id":114,"system_attr":{"tpe:relative_params:0":"{\"clone_batch\": 128, \"clone_class_power\": 0.11859889952731352, \"clone_label_smoothing\": 0.0, \"clone_patience\": 5, \"clone_weight_decay\": 1e-05, \"hidden\": 64, \"lr\": 0.0033310745925907107}"}}
{"op_code":5,"worker_id":"9c373109-817a-42de-9d93-65719db93261-8316722560","trial_id":114,"param_name":"lr","param_value_internal":0.0033310745925907107,"distribution":"{\"name\": \"FloatDistribution\", \"attributes\": {\"step\": null, \"low\": 0.0001, \"high\": 0.01, \"log\": true}}"}
{"op_code":5,"worker_id":"9c373109-817a-42de-9d93-65719db93261-8316722560","trial_id":114,"param_name":"hidden","param_value_internal":0,"distribution":"{\"name\": \"CategoricalDistribution\", \"attributes\": {\"choices\": [64, 128, 256]}}"}
{"op_code":5,"worker_id":"9c373109-817a-42de-9d93-65719db93261-8316722560","trial_id":114,"param_name":"clone_batch","param_value_internal":0,"distribution":"{\"name\": \"CategoricalDistribution\", \"attributes\": {\"choices\": [128, 256, 512, 1024, 2048]}}"}
{"op_code":5,"worker_id":"9c373109-817a-42de-9d93-65719db93261-8316722560","trial_id":114,"param_name":"clone_weight_decay","param_value_internal":2,"distribution":"{\"name\": \"CategoricalDistribution\", \"attributes\": {\"choices\": [0.0, 1e-06, 1e-05, 0.0001, 0.001]}}"}
{"op_code":5,"worker_id":"9c373109-817a-42de-9d93-65719db93261-8316722560","trial_id":114,"param_name":"clone_class_power","param_value_internal":0.11859889952731352,"distribution":"{\"name\": \"FloatDistribution\", \"attributes\": {\"step\": null, \"low\": 0.0, \"high\": 1.0, \"log\": false}}"}
{"op_code":5,"worker_id":"9c373109-817a-42de-9d93-65719db93261-8316722560","trial_id":114,"param_name":"clone_label_smoothing","param_value_internal":0,"distribution":"{\"name\": \"CategoricalDistribution\", \"attributes\": {\"choices\": [0.0, 0.05, 0.1]}}"}
{"op_code":5,"worker_id":"9c373109-817a-42de-9d93-65719db93261-8316722560","trial_id":114,"param_name":"clone_patience","param_value_internal":0,"distribution":"{\"name\": \"CategoricalDistribution\", \"attributes\": {\"choices\": [5, 10, 20]}}"}
{"op_code":8,"worker_id":"9c373109-817a-42de-9d93-65719db93261-8316722560","trial_id":114,"user_attr":{"tag":"cdc32c856a489"}}
{"op_code":8,"worker_id":"9c373109-817a-42de-9d93-65719db93261-8316722560","trial_id":114,"user_attr":{"overrides":{"lr":0.0033310745925907107,"hidden":64,"clone_batch":128,"clone_weight_decay":1e-05,"clone_class_power":0.11859889952731352,"clone_label_smoothing":0.0,"clone_patience":5}}}
{"op_code":4,"worker_id":"9c373109-817a-42de-9d93-65719db93261-8316722560","study_id":0,"datetime_start":"2026-10-08T03:45:30.137233"}
{"op_code":9,"worker_id":"9c373109-817a-42de-9d93-65719db93261-8316722560","trial_id":115,"system_attr":{"tpe:relative_params:0":"{\"clone_batch\": 2048, \"clone_class_power\": 0.12069286971991794, \"clone_label_smoothing\": 0.1, \"clone_patience\": 20, \"clone_weight_decay\": 1e-05, \"hidden\": 64, \"lr\": 0.0009034133365095521}"}}
{"op_code":5,"worker_id":"9c373109-817a-42de-9d93-65719db93261-8316722560","trial_id":115,"param_name":"lr","param_value_internal":0.0009034133365095521,"distribution":"{\"name\": \"FloatDistribution\", \"attributes\": {\"step\": null, \"low\": 0.0001, \"high\": 0.01, \"log\": true}}"}
{"op_code":5,"worker_id":"9c373109-817a-42de-9d93-65719db93261-8316722560","trial_id":115,"param_name":"hidden","param_value_internal":0,"distribution":"{\"name\": \"CategoricalDistribution\", \"attributes\": {\"choices\": [64, 128, 256]}}"}
{"op_code":5,"worker_id":"9c373109-817a-42de-9d93-65719db93261-8316722560","trial_id":115,"param_name":"clone_batch","param_value_internal":4,"distribution":"{\"name\": \"CategoricalDistribution\", \"attributes\": {\"choices\": [128, 256, 512, 1024, 2048]}}"}
{"op_code":5,"worker_id":"9c373109-817a-42de-9d93-65719db93261-8316722560","trial_id":115,"param_name":"clone_weight_decay","param_value_internal":2,"distribution":"{\"name\": \"CategoricalDistribution\", \"attributes\": {\"choices\": [0.0, 1e-06, 1e-05, 0.0001, 0.001]}}"}
{"op_code":5,"worker_id":"9c373109-817a-42de-9d93-65719db93261-8316722560","trial_id":115,"param_name":"clone_class_power","param_value_internal":0.12069286971991794,"distribution":"{\"name\": \"FloatDistribution\", \"attributes\": {\"step\": null, \"low\": 0.0, \"high\": 1.0, \"log\": false}}"}
{"op_code":5,"worker_id":"9c373109-817a-42de-9d93-65719db93261-8316722560","trial_id":115,"param_name":"clone_label_smoothing","param_value_internal":2,"distribution":"{\"name\": \"CategoricalDistribution\", \"attributes\": {\"choices\": [0.0, 0.05, 0.1]}}"}
{"op_code":5,"worker_id":"9c373109-817a-42de-9d93-65719db93261-8316722560","trial_id":115,"param_name":"clone_patience","param_value_internal":2,"distribution":"{\"name\": \"CategoricalDistribution\", \"attributes\": {\"choices\": [5, 10, 20]}}"}
{"op_code":8,"worker_id":"9c373109-817a-42de-9d93-65719db93261-8316722560","trial_id":115,"user_attr":{"tag":"c461230510a5c"}}
{"op_code":8,"worker_id":"9c373109-817a-42de-9d93-65719db93261-8316722560","trial_id":115,"user_attr":{"overrides":{"lr":0.0009034133365095521,"hidden":64,"clone_batch":2048,"clone_weight_decay":1e-05,"clone_class_power":0.12069286971991794,"clone_label_smoothing":0.1,"clone_patience":20}}}
{"op_code":4,"worker_id":"9c373109-817a-42de-9d93-65719db93261-8316722560","study_id":0,"datetime_start":"2026-10-08T03:45:30.142841"}
{"op_code":9,"worker_id":"9c373109-817a-42de-9d93-65719db93261-8316722560","trial_id":116,"system_attr":{"tpe:relative_params:0":"{\"clone_batch\": 1024, \"clone_class_power\": 0.03472936756907721, \"clone_label_smoothing\": 0.1, \"clone_patience\": 20, \"clone_weight_decay\": 0.001, \"hidden\": 256, \"lr\": 0.005806965019064619}"}}
{"op_code":5,"worker_id":"9c373109-817a-42de-9d93-65719db93261-8316722560","trial_id":116,"param_name":"lr","param_value_internal":0.005806965019064619,"distribution":"{\"name\": \"FloatDistribution\", \"attributes\": {\"step\": null, \"low\": 0.0001, \"high\": 0.01, \"log\": true}}"}
{"op_code":5,"worker_id":"9c373109-817a-42de-9d93-65719db93261-8316722560","trial_id":116,"param_name":"hidden","param_value_internal":2,"distribution":"{\"name\": \"CategoricalDistribution\", \"attributes\": {\"choices\": [64, 128, 256]}}"}
{"op_code":5,"worker_id":"9c373109-817a-42de-9d93-65719db93261-8316722560","trial_id":116,"param_name":"clone_batch","param_value_internal":3,"distribution":"{\"name\": \"CategoricalDistribution\", \"attributes\": {\"choices\": [128, 256, 512, 1024, 2048]}}"}
{"op_code":5,"worker_id":"9c373109-817a-42de-9d93-65719db93261-8316722560","trial_id":116,"param_name":"clone_weight_decay","param_value_internal":4,"distribution":"{\"name\": \"CategoricalDistribution\", \"attributes\": {\"choices\": [0.0, 1e-06, 1e-05, 0.0001, 0.001]}}"}
{"op_code":5,"worker_id":"9c373109-817a-42de-9d93-65719db93261-8316722560","trial_id":116,"param_name":"clone_class_power","param_value_internal":0.03472936756907721,"distribution":"{\"name\": \"FloatDistribution\", \"attributes\": {\"step\": null, \"low\": 0.0, \"high\": 1.0, \"log\": false}}"}
{"op_code":5,"worker_id":"9c373109-817a-42de-9d93-65719db93261-8316722560","trial_id":116,"param_name":"clone_label_smoothing","param_value_internal":2,"distribution":"{\"name\": \"CategoricalDistribution\", \"attributes\": {\"choices\": [0.0, 0.05, 0.1]}}"}
{"op_code":5,"worker_id":"9c373109-817a-42de-9d93-65719db93261-8316722560","trial_id":116,"param_name":"clone_patience","param_value_internal":2,"distribution":"{\"name\": \"CategoricalDistribution\", \"attributes\": {\"choices\": [5, 10, 20]}}"}
{"op_code":8,"worker_id":"9c373109-817a-42de-9d93-65719db93261-8316722560","trial_id":116,"user_attr":{"tag":"c0e87a5929ea5"}}
{"op_code":8,"worker_id":"9c373109-817a-42de-9d93-65719db93261-8316722560","trial_id":116,"user_attr":{"overrides":{"lr":0.005806965019064619,"hidden":256,"clone_batch":1024,"clone_weight_decay":0.001,"clone_class_power":0.03472936756907721,"clone_label_smoothing":0.1,"clone_patience":20}}}
{"op_code":4,"worker_id":"9c373109-817a-42de-9d93-65719db93261-8316722560","study_id":0,"datetime_start":"2026-10-08T03:45:30.148747"}
{"op_code":9,"worker_id":"9c373109-817a-42de-9d93-65719db93261-8316722560","trial_id":117,"system_attr":{"tpe:relative_params:0":"{\"clone_batch\": 1024, \"clone_class_power\": 0.20938366826602028, \"clone_label_smoothing\": 0.1, \"clone_patience\": 10, \"clone_weight_decay\": 0.0001, \"hidden\": 64, \"lr\": 0.0006441524531698139}"}}
{"op_code":5,"worker_id":"9c373109-817a-42de-9d93-65719db93261-8316722560","trial_id":117,"param_name":"lr","param_value_internal":0.0006441524531698139,"distribution":"{\"name\": \"FloatDistribution\", \"attributes\": {\"step\": null, \"low\": 0.0001, \"high\": 0.01, \"log\": true}}"}
{"op_code":5,"worker_id":"9c373109-817a-42de-9d93-65719db93261-8316722560","trial_id":117,"param_name":"hidden","param_value_internal":0,"distribution":"{\"name\": \"CategoricalDistribution\", \"attributes\": {\"choices\": [64, 128, 256]}}"}
{"op_code":5,"worker_id":"9c373109-817a-42de-9d93-65719db93261-8316722560","trial_id":117,"param_name":"clone_batch","param_value_internal":3,"distribution":"{\"name\": \"CategoricalDistribution\", \"attributes\": {\"choices\": [128, 256, 512, 1024, 2048]}}"}
{"op_code":5,"worker_id":"9c373109-817a-42de-9d93-65719db93261-8316722560","trial_id":117,"param_name":"clone_weight_decay","param_value_internal":3,"distribution":"{\"name\": \"CategoricalDistribution\", \"attributes\": {\"choices\": [0.0, 1e-06, 1e-05, 0.0001, 0.001]}}"}
{"op_code":5,"worker_id":"9c373109-817a-42de-9d93-65719db93261-8316722560","trial_id":117,"param_name":"clone_class_power","param_value_internal":0.20938366826602028,"distribution":"{\"name\": \"FloatDistribution\", \"attributes\": {\"step\": null, \"low\": 0.0, \"high\": 1.0, \"log\": false}}"}
{"op_code":5,"worker_id":"9c373109-817a-42de-9d93-65719db93261-8316722560","trial_id":117,"param_name":"clone_label_smoothing","param_value_internal":2,"distribution":"{\"name\": \"CategoricalDistribution\", \"attributes\": {\"choices\": [0.0, 0.05, 0.1]}}"}
{"op_code":5,"worker_id":"9c373109-817a-42de-9d93-65719db93261-8316722560","trial_id":117,"param_name":"clone_patience","param_value_internal":1,"distribution":"{\"name\": \"CategoricalDistribution\", \"attributes\": {\"choices\": [5, 10, 20]}}"}
{"op_code":8,"worker_id":"9c373109-817a-42de-9d93-65719db93261-8316722560","trial_id":117,"user_attr":{"tag":"c00d2f22aca2a"}}
{"op_code":8,"worker_id":"9c373109-817a-42de-9d93-65719db93261-8316722560","trial_id":117,"user_attr":{"overrides":{"lr":0.0006441524531698139,"hidden":64,"clone_batch":1024,"clone_weight_decay":0.0001,"clone_class_power":0.20938366826602028,"clone_label_smoothing":0.1,"clone_patience":10}}}
{"op_code":4,"worker_id":"9c373109-817a-42de-9d93-65719db93261-8316722560","study_id":0,"datetime_start":"2026-10-08T03:45:30.154150"}
{"op_code":9,"worker_id":"9c373109-817a-42de-9d93-65719db93261-8316722560","trial_id":118,"system_attr":{"tpe:relative_params:0":"{\"clone_batch\": 512, \"clone_class_power\": 0.022301900661936824, \"clone_label_smoothing\": 0.1, \"clone_patience\": 20, \"clone_weight_decay\": 0.0001, \"hidden\": 128, \"lr\": 0.0009311839595974822}"}}
{"op_code":5,"worker_id":"9c373109-817a-42de-9d93-65719db93261-8316722560","trial_id":118,"param_name":"lr","param_value_internal":0.0009311839595974822,"distribution":"{\"name\": \"FloatDistribution\", \"attributes\": {\"step\": null, \"low\": 0.0001, \"high\": 0.01, \"log\": true}}"}
{"op_code":5,"worker_id":"9c373109-817a-42de-9d93-65719db93261-8316722560","trial_id":118,"param_name":"hidden","param_value_internal":1,"distribution":"{\"name\": \"CategoricalDistribution\", \"attributes\": {\"choices\": [64, 128, 256]}}"}
{"op_code":5,"worker_id":"9c373109-817a-42de-9d93-65719db93261-8316722560","trial_id":118,"param_name":"clone_batch","param_value_internal":2,"distribution":"{\"name\": \"CategoricalDistribution\", \"attributes\": {\"choices\": [128, 256, 512, 1024, 2048]}}"}
{"op_code":5,"worker_id":"9c373109-817a-42de-9d93-65719db93261-8316722560","trial_id":118,"param_name":"clone_weight_decay","param_value_internal":3,"distribution":"{\"name\": \"CategoricalDistribution\", \"attributes\": {\"choices\": [0.0, 1e-06, 1e-05, 0.0001, 0.001]}}"}
{"op_code":5,"worker_id":"9c373109-817a-42de-9d93-65719db93261-8316722560","trial_id":118,"param_name":"clone_class_power","param_value_internal":0.022301900661936824,"distribution":"{\"name\": \"FloatDistribution\", \"attributes\": {\"step\": null, \"low\": 0.0, \"high\": 1.0, \"log\": false}}"}
{"op_code":5,"worker_id":"9c373109-817a-42de-9d93-65719db93261-8316722560","trial_id":118,"param_name":"clone_label_smoothing","param_value_internal":2,"distribution":"{\"name\": \"CategoricalDistribution\", \"attributes\": {\"choices\": [0.0, 0.05, 0.1]}}"}
{"op_code":5,"worker_id":"9c373109-817a-42de-9d93-65719db93261-8316722560","trial_id":118,"param_name":"clone_patience","param_value_internal":2,"distribution":"{\"name\": \"CategoricalDistribution\", \"attributes\": {\"choices\": [5, 10, 20]}}"}
{"op_code":8,"worker_id":"9c373109-817a-42de-9d93-65719db93261-8316722560","trial_id":118,"user_attr":{"tag":"cfa08f64e42a4"}}
{"op_code":8,"worker_id":"9c373109-817a-42de-9d93-65719db93261-8316722560","trial_id":118,"user_attr":{"overrides":{"lr":0.0009311839595974822,"hidden":128,"clone_batch":512,"clone_weight_decay":0.0001,"clone_class_power":0.022301900661936824,"clone_label_smoothing":0.1,"clone_patience":20}}}
{"op_code":4,"worker_id":"9c373109-817a-42de-9d93-65719db93261-8316722560","study_id":0,"datetime_start":"2026-10-08T03:45:30.160155"}
{"op_code":9,"worker_id":"9c373109-817a-42de-9d93-65719db93261-8316722560","trial_id":119,"system_attr":{"tpe:relative_params:0":"{\"clone_batch\": 256, \"clone_class_power\": 0.23461739964019546, \"clone_label_smoothing\": 0.0, \"clone_patience\": 20, \"clone_weight_decay\": 0.0001, \"hidden\": 64, \"lr\": 0.004624831386438124}"}}
{"op_code":5,"worker_id":"9c373109-817a-42de-9d93-65719db93261-8316722560","trial_id":119,"param_name":"lr","param_value_internal":0.004624831386438124,"distribution":"{\"name\": \"FloatDistribution\", \"attributes\": {\"step\": null, \"low\": 0.0001, \"high\": 0.01, \"log\": true}}"}
{"op_code":5,"worker_id":"9c373109-817a-42de-9d93-65719db93261-8316722560","trial_id":119,"param_name":"hidden","param_value_internal":0,"distribution":"{\"name\": \"CategoricalDistribution\", \"attributes\": {\"choices\": [64, 128, 256]}}"}
{"op_code":5,"worker_id":"9c373109-817a-42de-9d93-65719db93261-8316722560","trial_id":119,"param_name":"clone_batch","param_value_internal":1,"distribution":"{\"name\": \"CategoricalDistribution\", \"attributes\": {\"choices\": [128, 256, 512, 1024, 2048]}}"}
{"op_code":5,"worker_id":"9c373109-817a-42de-9d93-65719db93261-8316722560","trial_id":119,"param_name":"clone_weight_decay","param_value_internal":3,"distribution":"{\"name\": \"CategoricalDistribution\", \"attributes\": {\"choices\": [0.0, 1e-06, 1e-05, 0.0001, 0.001]}}"}
{"op_code":5,"worker_id":"9c373109-817a-42de-9d93-65719db93261-8316722560","trial_id":119,"param_name":"clone_class_power","param_value_internal":0.23461739964019546,"distribution":"{\"name\": \"FloatDistribution\", \"attributes\": {\"step\": null, \"low\": 0.0, \"high\": 1.0, \"log\": false}}"}
{"op_code":5,"worker_id":"9c373109-817a-42de-9d93-65719db93261-8316722560","trial_id":119,"param_name":"clone_label_smoothing","param_value_internal":0,"distribution":"{\"name\": \"CategoricalDistribution\", \"attributes\": {\"choices\": [0.0, 0.05, 0.1]}}"}
{"op_code":5,"worker_id":"9c373109-817a-42de-9d93-65719db93261-8316722560","trial_id":119,"param_name":"clone_patience","param_value_internal":2,"distribution":"{\"name\": \"CategoricalDistribution\", \"attributes\": {\"choices\": [5, 10, 20]}}"}
{"op_code":8,"worker_id":"9c373109-817a-42de-9d93-65719db93261-8316722560","trial_id":119,"user_attr":{"tag":"c1ff7909b7e16"}}
{"op_code":8,"worker_id":"9c373109-817a-42de-9d93-65719db93261-8316722560","trial_id":119,"user_attr":{"overrides":{"lr":0.004624831386438124,"hidden":64,"clone_batch":256,"clone_weight_decay":0.0001,"clone_class_power":0.23461739964019546,"clone_label_smoothing":0.0,"clone_patience":20}}}
{"op_code":7,"worker_id":"9c373109-817a-42de-9d93-65719db93261-8316722560","trial_id":72,"step":16,"intermediate_value":45.24477369159394}
{"op_code":8,"worker_id":"9c373109-817a-42de-9d93-65719db93261-8316722560","trial_id":72,"user_attr":{"hh_saving":{"254":40.65576096935981,"185":39.204355754098934,"230":44.87583712002635,"266":45.6322531592396,"145":46.53339485700096,"229":50.47043191422056,"300":62.99696763124109,"69":39.639522608384425,"136":24.34260542026614,"56":50.186351578018474,"72":34.54283301236375,"26":26.81980769985274,"45":51.277724185799215,"208":51.99545643742984,"40":22.31027457102177,"173":92.43280214717946}}}
{"op_code":8,"worker_id":"9c373109-817a-42de-9d93-65719db93261-8316722560","trial_id":72,"user_attr":{"val_efc_mean":59.608580978125}}
{"op_code":8,"worker_id":"9c373109-817a-42de-9d93-65719db93261-8316722560","trial_id":72,"user_attr":{"converged_share":1.0}}
{"op_code":8,"worker_id":"9c373109-817a-42de-9d93-65719db93261-8316722560","trial_id":72,"user_attr":{"wall_s":414.7865619659424}}
{"op_code":6,"worker_id":"9c373109-817a-42de-9d93-65719db93261-8316722560","trial_id":72,"state":1,"values":[45.24477369159394],"datetime_complete":"2026-10-08T03:47:30.801431"}
{"op_code":7,"worker_id":"9c373109-817a-42de-9d93-65719db93261-8316722560","trial_id":73,"step":16,"intermediate_value":45.18666928891239}
{"op_code":8,"worker_id":"9c373109-817a-42de-9d93-65719db93261-8316722560","trial_id":73,"user_attr":{"hh_saving":{"254":40.39548757082617,"185":39.251876304592436,"230":44.603488197315436,"266":45.59413653411857,"145":46.56527222214866,"229":47.93206521864068,"300":63.05000735137272,"69":39.15527197927942,"136":24.914012055667023,"56":49.941880266208734,"72":34.794781695308394,"26":27.018744135639984,"45":55.41499625019189,"208":51.229481084237364,"40":22.774699918382286,"173":90.35050783866848}}}
{"op_code":8,"worker_id":"9c373109-817a-42de-9d93-65719db93261-8316722560","trial_id":73,"user_attr":{"val_efc_mean":61.07552692812499}}
{"op_code":8,"worker_id":"9c373109-817a-42de-9d93-65719db93261-8316722560","trial_id":73,"user_attr":{"converged_share":0.625}}
{"op_code":8,"worker_id":"9c373109-817a-42de-9d93-65719db93261-8316722560","trial_id":73,"user_attr":{"wall_s":414.78366780281067}}
{"op_code":6,"worker_id":"9c373109-817a-42de-9d93-65719db93261-8316722560","trial_id":73,"state":1,"values":[45.18666928891239],"datetime_complete":"2026-10-08T03:47:30.803890"}
{"op_code":7,"worker_id":"9c373109-817a-42de-9d93-65719db93261-8316722560","trial_id":74,"step":16,"intermediate_value":45.580181285590925}
{"op_code":8,"worker_id":"9c373109-817a-42de-9d93-65719db93261-8316722560","trial_id":74,"user_attr":{"hh_saving":{"254":43.0851395070293,"185":40.01848079601103,"230":45.53919478277655,"266":49.308035824903804,"145":47.033062232033956,"229":49.50997414618269,"300":62.328342432551615,"69":39.96198334692284,"136":24.470384593999352,"56":50.04306961610222,"72":35.08511415410138,"26":27.714105853232393,"45":50.27754879593712,"208":49.99777496238262,"40":22.804325647271295,"173":92.10636387801658}}}
{"op_code":8,"worker_id":"9c373109-817a-42de-9d93-65719db93261-8316722560","trial_id":74,"user_attr":{"val_efc_mean":59.269594221874996}}
{"op_code":8,"worker_id":"9c373109-817a-42de-9d93-65719db93261-8316722560","trial_id":74,"user_attr":{"converged_share":0.4375}}
{"op_code":8,"worker_id":"9c373109-817a-42de-9d93-65719db93261-8316722560","trial_id":74,"user_attr":{"wall_s":414.7799439430237}}
{"op_code":6,"worker_id":"9c373109-817a-42de-9d93-65719db93261-8316722560","trial_id":74,"state":1,"values":[45.580181285590925],"datetime_complete":"2026-10-08T03:47:30.806041"}
{"op_code":7,"worker_id":"9c373109-817a-42de-9d93-65719db93261-8316722560","trial_id":75,"step":16,"intermediate_value":30.96426027750928}
{"op_code":8,"worker_id":"9c373109-817a-42de-9d93-65719db93261-8316722560","trial_id":75,"user_attr":{"hh_saving":{"254":29.724625976225877,"185":38.21602974449913,"230":37.05439624101424,"266":25.298367445524896,"145":25.37907403546606,"229":40.9654592423077,"300":40.57769918155559,"69":28.222645950395776,"136":20.435110181343987,"56":34.59643254522,"72":23.082281625511122,"26":21.349068221093766,"45":25.24298764538508,"208":38.322953742721346,"40":17.538686332383147,"173":49.42234632950074}}}
{"op_code":8,"worker_id":"9c373109-817a-42de-9d93-65719db93261-8316722560","trial_id":75,"user_attr":{"val_efc_mean":40.596911403125}}
{"op_code":8,"worker_id":"9c373109-817a-42de-9d93-65719db93261-8316722560","trial_id":75,"user_attr":{"converged_share":1.0}}
{"op_code":8,"worker_id":"9c373109-817a-42de-9d93-65719db93261-8316722560","trial_id":75,"user_attr":{"wall_s":414.776771068573}}
{"op_code":6,"worker_id":"9c373109-817a-42de-9d93-65719db93261-8316722560","trial_id":75,"state":1,"values":[30.96426027750928],"datetime_complete":"2026-10-08T03:47:30.808006"}
{"op_code":7,"worker_id":"9c373109-817a-42de-9d93-65719db93261-8316722560","trial_id":76,"step":16,"intermediate_value":45.340056786512534}
{"op_code":8,"worker_id":"9c373109-817a-42de-9d93-65719db93261-8316722560","trial_id":76,"user_attr":{"hh_saving":{"254":39.35241414537026,"185":39.380301910586034,"230":45.67394483201076,"266":48.64877807496386,"145":45.68912890887725,"229":49.01342271698675,"300":66.8724473395271,"69":44.82061305303353,"136":24.77926027001333,"56":50.33999964490082,"72":34.71709838167053,"26":27.313107093954677,"45":50.666608195256664,"208":52.83016630915965,"40":21.354895950009936,"173":83.98872175787933}}}
{"op_code":8,"worker_id":"9c373109-817a-42de-9d93-65719db93261-8316722560","trial_id":76,"user_attr":{"val_efc_mean":61.28383651875}}
{"op_code":8,"worker_id":"9c373109-817a-42de-9d93-65719db93261-8316722560","trial_id":76,"user_attr":{"converged_share":1.0}}
{"op_code":8,"worker_id":"9c373109-817a-42de-9d93-65719db93261-8316722560","trial_id":76,"user_attr":{"wall_s":414.7735948562622}}
{"op_code":6,"worker_id":"9c373109-817a-42de-9d93-65719db93261-8316722560","trial_id":76,"state":1,"values":[45.340056786512534],"datetime_complete":"2026-10-08T03:47:30.809869"}
{"op_code":7,"worker_id":"9c373109-817a-42de-9d93-65719db93261-8316722560","trial_id":77,"step":16,"intermediate_value":44.756514542869894}
{"op_code":8,"worker_id":"9c373109-817a-42de-9d93-65719db93261-8316722560","trial_id":77,"user_attr":{"hh_saving":{"254":42.51857742611531,"185":39.90462162005985,"230":45.00095896179472,"266":46.09344164761604,"145":46.058581969444504,"229":45.97820335189707,"300":61.51734933496965,"69":45.262733924178086,"136":24.48797795822101,"56":50.02124077917837,"72":34.44593611878158,"26":26.815796743911342,"45":46.462554262084396,"208":51.88107803007873,"40":23.025967747461483,"173":86.62921281012625}}}
{"op_code":8,"worker_id":"9c373109-817a-42de-9d93-65719db93261-8316722560","trial_id":77,"user_attr":{"val_efc_mean":63.2300010125}}
{"op_code":8,"worker_id":"9c373109-817a-42de-9d93-65719db93261-8316722560","trial_id":77,"user_attr":{"converged_share":1.0}}
{"op_code":8,"worker_id":"9c373109-817a-42de-9d93-65719db93261-8316722560","trial_id":77,"user_attr":{"wall_s":414.7699120044708}}
{"op_code":6,"worker_id":"9c373109-817a-42de-9d93-65719db93261-8316722560","trial_id":77,"state":1,"values":[44.756514542869894],"datetime_complete":"2026-10-08T03:47:30.811708"}
{"op_code":7,"worker_id":"9c373109-817a-42de-9d93-65719db93261-8316722560","trial_id":78,"step":16,"intermediate_value":45.0165109342893}
{"op_code":8,"worker_id":"9c373109-817a-42de-9d93-65719db93261-8316722560","trial_id":78,"user_attr":{"hh_saving":{"254":42.50917534745621,"185":39.480096201725324,"230":45.38872599903802,"266":47.94545101258948,"145":46.999577671140486,"229":47.643368135144044,"300":59.90494633991045,"69":39.01540116805382,"136":23.368927217804668,"56":49.87955645680442,"72":35.24450559675149,"26":27.405208929676576,"45":48.95369713848382,"208":52.08120382414409,"40":22.900735450391554,"173":91.5435984595144}}}
{"op_code":8,"worker_id":"9c373109-817a-42de-9d93-65719db93261-8316722560","trial_id":78,"user_attr":{"val_efc_mean":61.21701834375}}
{"op_code":8,"worker_id":"9c373109-817a-42de-9d93-65719db93261-8316722560","trial_id":78,"user_attr":{"converged_share":1.0}}
{"op_code":8,"worker_id":"9c373109-817a-42de-9d93-65719db93261-8316722560","trial_id":78,"user_attr":{"wall_s":414.7665169239044}}
{"op_code":6,"worker_id":"9c373109-817a-42de-9d93-65719db93261-8316722560","trial_id":78,"state":1,"values":[45.0165109342893],"datetime_complete":"2026-10-08T03:47:30.813630"}
{"op_code":7,"worker_id":"9c373109-817a-42de-9d93-65719db93261-8316722560","trial_id":79,"step":16,"intermediate_value":45.256030874347616}
{"op_code":8,"worker_id":"9c373109-817a-42de-9d93-65719db93261-8316722560","trial_id":79,"user_attr":{"hh_saving":{"254":40.18925748925168,"185":38.745756875290155,"230":45.17876751625816,"266":46.25374230701766,"145":47.09924026335829,"229":50.61342854361542,"300":64.45454123293979,"69":44.095701574660815,"136":23.582976651632983,"56":49.413156907853605,"72":34.757426047363026,"26":27.20397614541928,"45":47.9950870166,"208":51.332337958820325,"40":22.852638948155946,"173":90.32845851132464}}}
{"op_code":8,"worker_id":"9c373109-817a-42de-9d93-65719db93261-8316722560","trial_id":79,"user_attr":{"val_efc_mean":59.924405665624995}}
{"op_code":8,"worker_id":"9c373109-817a-42de-9d93-65719db93261-8316722560","trial_id":79,"user_attr":{"converged_share":1.0}}
{"op_code":8,"worker_id":"9c373109-817a-42de-9d93-65719db93261-8316722560","trial_id":79,"user_attr":{"wall_s":414.76362705230713}}
{"op_code":6,"worker_id":"9c373109-817a-42de-9d93-65719db93261-8316722560","trial_id":79,"state":1,"values":[45.256030874347616],"datetime_complete":"2026-10-08T03:47:30.815624"}
{"op_code":7,"worker_id":"9c373109-817a-42de-9d93-65719db93261-8316722560","trial_id":80,"step":16,"intermediate_value":45.918061655138715}
{"op_code":8,"worker_id":"9c373109-817a-42de-9d93-65719db93261-8316722560","trial_id":80,"user_attr":{"hh_saving":{"254":40.602309166613765,"185":39.48653028217867,"230":45.5150070127895,"266":46.35666011326775,"145":47.04399592977971,"229":49.52949304465648,"300":66.44571256931322,"69":45.45377733960917,"136":24.850575029661112,"56":49.03587864913185,"72":34.69866706607977,"26":26.459654459090345,"45":51.73348913301316,"208":53.08554757268502,"40":22.781520262876608,"173":91.61016885147333}}}
{"op_code":8,"worker_id":"9c373109-817a-42de-9d93-65719db93261-8316722560","trial_id":80,"user_attr":{"val_efc_mean":60.528261140625}}
{"op_code":8,"worker_id":"9c373109-817a-42de-9d93-65719db93261-8316722560","trial_id":80,"user_attr":{"converged_share":1.0}}
{"op_code":8,"worker_id":"9c373109-817a-42de-9d93-65719db93261-8316722560","trial_id":80,"user_attr":{"wall_s":414.76030015945435}}
{"op_code":6,"worker_id":"9c373109-817a-42de-9d93-65719db93261-8316722560","trial_id":80,"state":1,"values":[45.918061655138715],"datetime_complete":"2026-10-08T03:47:30.817641"}
{"op_code":7,"worker_id":"9c373109-817a-42de-9d93-65719db93261-8316722560","trial_id":81,"step":16,"intermediate_value":44.7543805913007}
{"op_code":8,"worker_id":"9c373109-817a-42de-9d93-65719db93261-8316722560","trial_id":81,"user_attr":{"hh_saving":{"254":38.1301424979115,"185":39.31945468666003,"230":45.72065616778993,"266":46.44043512118483,"145":47.61135459076491,"229":47.684732324216945,"300":67.5701061601573,"69":40.733701938644934,"136":24.40128882490894,"56":48.8877463534907,"72":33.84158294978688,"26":27.758156501312367,"45":44.735229507711075,"208":51.538715809284156,"40":22.48932840961258,"173":89.20745761737415}}}
{"op_code":8,"worker_id":"9c373109-817a-42de-9d93-65719db93261-8316722560","trial_id":81,"user_attr":{"val_efc_mean":60.46886929375}}
{"op_code":8,"worker_id":"9c373109-817a-42de-9d93-65719db93261-8316722560","trial_id":81,"user_attr":{"converged_share":1.0}}
{"op_code":8,"worker_id":"9c373109-817a-42de-9d93-65719db93261-8316722560","trial_id":81,"user_attr":{"wall_s":414.75655031204224}}
{"op_code":6,"worker_id":"9c373109-817a-42de-9d93-65719db93261-8316722560","trial_id":81,"state":1,"values":[44.7543805913007],"datetime_complete":"2026-10-08T03:47:30.819701"}
{"op_code":7,"worker_id":"9c373109-817a-42de-9d93-65719db93261-8316722560","trial_id":82,"step":16,"intermediate_value":45.39132358632072}
{"op_code":8,"worker_id":"9c373109-817a-42de-9d93-65719db93261-8316722560","trial_id":82,"user_attr":{"hh_saving":{"254":40.9377845511569,"185":39.45080989024701,"230":44.8871105610259,"266":46.559788885543604,"145":46.34366440657972,"229":49.39770062669022,"300":62.370226518409396,"69":45.223123600539026,"136":24.490682810774135,"56":50.48032361190602,"72":34.57084278028269,"26":27.04642103229283,"45":50.170411489360085,"208":51.290611449507956,"40":23.236164861561456,"173":89.80551030525463}}}
{"op_code":8,"worker_id":"9c373109-817a-42de-9d93-65719db93261-8316722560","trial_id":82,"user_attr":{"val_efc_mean":61.68046951875}}
{"op_code":8,"worker_id":"9c373109-817a-42de-9d93-65719db93261-8316722560","trial_id":82,"user_attr":{"converged_share":1.0}}
{"op_code":8,"worker_id":"9c373109-817a-42de-9d93-65719db93261-8316722560","trial_id":82,"user_attr":{"wall_s":414.75309586524963}}
{"op_code":6,"worker_id":"9c373109-817a-42de-9d93-65719db93261-8316722560","trial_id":82,"state":1,"values":[45.39132358632072],"datetime_complete":"2026-10-08T03:47:30.821486"}
{"op_code":7,"worker_id":"9c373109-817a-42de-9d93-65719db93261-8316722560","trial_id":83,"step":16,"intermediate_value":45.11885352813989}
{"op_code":8,"worker_id":"9c373109-817a-42de-9d93-65719db93261-8316722560","trial_id":83,"user_attr":{"hh_saving":{"254":38.442026880887916,"185":40.01163233846922,"230":45.11409731426271,"266":48.75390875687843,"145":48.25649713906698,"229":50.28084896935102,"300":60.441345746918785,"69":38.868360747785204,"136":26.72874108571459,"56":49.858189855023475,"72":34.855518547064214,"26":26.910567410227657,"45":47.395000962979275,"208":52.8619975899872,"40":22.261028650681418,"173":90.8618944549401}}}
{"op_code":8,"worker_id":"9c373109-817a-42de-9d93-65719db93261-8316722560","trial_id":83,"user_attr":{"val_efc_mean":60.075362590625005}}
{"op_code":8,"worker_id":"9c373109-817a-42de-9d93-65719db93261-8316722560","trial_id":83,"user_attr":{"converged_share":1.0}}
{"op_code":8,"worker_id":"9c373109-817a-42de-9d93-65719db93261-8316722560","trial_id":83,"user_attr":{"wall_s":414.74961829185486}}
{"op_code":6,"worker_id":"9c373109-817a-42de-9d93-65719db93261-8316722560","trial_id":83,"state":1,"values":[45.11885352813989],"datetime_complete":"2026-10-08T03:47:30.823290"}
{"op_code":7,"worker_id":"9c373109-817a-42de-9d93-65719db93261-8316722560","trial_id":84,"step":16,"intermediate_value":44.901592093306554}
{"op_code":8,"worker_id":"9c373109-817a-42de-9d93-65719db93261-8316722560","trial_id":84,"user_attr":{"hh_saving":{"254":39.95050707075546,"185":38.56971649427363,"230":44.72693330185379,"266":48.8362413668119,"145":47.00631780712684,"229":48.18438800922695,"300":64.49860867453681,"69":42.81430330915155,"136":24.879728823706447,"56":49.940500592810615,"72":34.77099515801206,"26":26.41697216687242,"45":48.374555030249624,"208":51.21629423820779,"40":22.25959967435338,"173":85.9798117749556}}}
{"op_code":8,"worker_id":"9c373109-817a-42de-9d93-65719db93261-8316722560","trial_id":84,"user_attr":{"val_efc_mean":61.9101312625}}
{"op_code":8,"worker_id":"9c373109-817a-42de-9d93-65719db93261-8316722560","trial_id":84,"user_attr":{"converged_share":1.0}}
{"op_code":8,"worker_id":"9c373109-817a-42de-9d93-65719db93261-8316722560","trial_id":84,"user_attr":{"wall_s":414.74591398239136}}
{"op_code":6,"worker_id":"9c373109-817a-42de-9d93-65719db93261-8316722560","trial_id":84,"state":1,"values":[44.901592093306554],"datetime_complete":"2026-10-08T03:47:30.825282"}
{"op_code":7,"worker_id":"9c373109-817a-42de-9d93-65719db93261-8316722560","trial_id":85,"step":16,"intermediate_value":2.8490209296749134}
{"op_code":8,"worker_id":"9c373109-817a-42de-9d93-65719db93261-8316722560","trial_id":85,"user_attr":{"hh_saving":{"254":1.848497926231505,"185":11.538737825066205,"230":2.132314743366759,"266":1.7628838815316499,"145":2.957184858454139,"229":1.1266354638271108,"300":3.7365351561134683,"69":1.7897314990540554,"136":1.7444200175353346,"56":2.950444363892219,"72":2.0779287404654787,"26":2.266909049386189,"45":1.4552703210524442,"208":2.3619371979745516,"40":2.097735008509944,"173":3.737168822337564}}}
{"op_code":8,"worker_id":"9c373109-817a-42de-9d93-65719db93261-8316722560","trial_id":85,"user_attr":{"val_efc_mean":2.038832675}}
{"op_code":8,"worker_id":"9c373109-817a-42de-9d93-65719db93261-8316722560","trial_id":85,"user_attr":{"converged_share":1.0}}
{"op_code":8,"worker_id":"9c373109-817a-42de-9d93-65719db93261-8316722560","trial_id":85,"user_attr":{"wall_s":414.74287581443787}}
{"op_code":6,"worker_id":"9c373109-817a-42de-9d93-65719db93261-8316722560","trial_id":85,"state":1,"values":[2.8490209296749134],"datetime_complete":"2026-10-08T03:47:30.827330"}
{"op_code":7,"worker_id":"9c373109-817a-42de-9d93-65719db93261-8316722560","trial_id":86,"step":16,"intermediate_value":45.81097792320859}
{"op_code":8,"worker_id":"9c373109-817a-42de-9d93-65719db93261-8316722560","trial_id":86,"user_attr":{"hh_saving":{"254":42.13443675182362,"185":39.53739091696996,"230":45.800414201454565,"266":47.25841178149102,"145":47.3845364875037,"229":48.82027419730076,"300":67.07802697712886,"69":45.28680521534742,"136":24.340353133200104,"56":49.9380065868321,"72":34.90405564912966,"26":26.9785926365484,"45":49.9949741694929,"208":52.39073783050994,"40":22.5775351379268,"173":88.55109509867765}}}
{"op_code":8,"worker_id":"9c373109-817a-42de-9d93-65719db93261-8316722560","trial_id":86,"user_attr":{"val_efc_mean":61.158602296875}}
{"op_code":8,"worker_id":"9c373109-817a-42de-9d93-65719db93261-8316722560","trial_id":86,"user_attr":{"converged_share":1.0}}
{"op_code":8,"worker_id":"9c373109-817a-42de-9d93-65719db93261-8316722560","trial_id":86,"user_attr":{"wall_s":414.73977303504944}}
{"op_code":6,"worker_id":"9c373109-817a-42de-9d93-65719db93261-8316722560","trial_id":86,"state":1,"values":[45.81097792320859],"datetime_complete":"2026-10-08T03:47:30.829341"}
{"op_code":7,"worker_id":"9c373109-817a-42de-9d93-65719db93261-8316722560","trial_id":87,"step":16,"intermediate_value":44.943034725038345}
{"op_code":8,"worker_id":"9c373109-817a-42de-9d93-65719db93261-8316722560","trial_id":87,"user_attr":{"hh_saving":{"254":40.26708396837742,"185":39.60981077330803,"230":46.3871434182646,"266":42.952146339970895,"145":47.00377635221869,"229":47.57094197541198,"300":62.66350804250498,"69":40.093740137500006,"136":23.983902833744793,"56":49.919952725211516,"72":35.67795281772003,"26":26.974104551350443,"45":49.86895037963378,"208":53.01004377439764,"40":22.373404639070962,"173":90.73209287192769}}}
{"op_code":8,"worker_id":"9c373109-817a-42de-9d93-65719db93261-8316722560","trial_id":87,"user_attr":{"val_efc_mean":61.691156853124994}}
{"op_code":8,"worker_id":"9c373109-817a-42de-9d93-65719db93261-8316722560","trial_id":87,"user_attr":{"converged_share":1.0}}
{"op_code":8,"worker_id":"9c373109-817a-42de-9d93-65719db93261-8316722560","trial_id":87,"user_attr":{"wall_s":414.7364590167999}}
{"op_code":6,"worker_id":"9c373109-817a-42de-9d93-65719db93261-8316722560","trial_id":87,"state":1,"values":[44.943034725038345],"datetime_complete":"2026-10-08T03:47:30.831271"}
{"op_code":7,"worker_id":"9c373109-817a-42de-9d93-65719db93261-8316722560","trial_id":88,"step":16,"intermediate_value":45.669351906732956}
{"op_code":8,"worker_id":"9c373109-817a-42de-9d93-65719db93261-8316722560","trial_id":88,"user_attr":{"hh_saving":{"254":42.07300155114576,"185":39.72972611494258,"230":45.43657811947011,"266":46.132405336369224,"145":48.387223438841474,"229":50.226208008686385,"300":69.26528426457541,"69":39.05932870017469,"136":24.371217534400188,"56":49.63946203674527,"72":34.94745803629098,"26":27.283599034981176,"45":49.13060662301501,"208":53.217909173881836,"40":21.883958024400503,"173":89.92566450980668}}}
{"op_code":8,"worker_id":"9c373109-817a-42de-9d93-65719db93261-8316722560","trial_id":88,"user_attr":{"val_efc_mean":60.51672158437499}}
{"op_code":8,"worker_id":"9c373109-817a-42de-9d93-65719db93261-8316722560","trial_id":88,"user_attr":{"converged_share":1.0}}
{"op_code":8,"worker_id":"9c373109-817a-42de-9d93-65719db93261-8316722560","trial_id":88,"user_attr":{"wall_s":414.73300290107727}}
{"op_code":6,"worker_id":"9c373109-817a-42de-9d93-65719db93261-8316722560","trial_id":88,"state":1,"values":[45.669351906732956],"datetime_complete":"2026-10-08T03:47:30.833315"}
{"op_code":7,"worker_id":"9c373109-817a-42de-9d93-65719db93261-8316722560","trial_id":89,"step":16,"intermediate_value":44.96876536442484}
{"op_code":8,"worker_id":"9c373109-817a-42de-9d93-65719db93261-8316722560","trial_id":89,"user_attr":{"hh_saving":{"254":41.426602279432274,"185":39.1267532835261,"230":45.03471128105786,"266":47.318699454804076,"145":45.619448680605466,"229":49.05688627799807,"300":62.02137292313292,"69":44.521660731969824,"136":23.898826112298675,"56":50.13939643111711,"72":34.41737450958963,"26":26.680982076214768,"45":47.643752730364696,"208":51.76739071414134,"40":22.396266733554345,"173":88.43012161099023}}}
{"op_code":8,"worker_id":"9c373109-817a-42de-9d93-65719db93261-8316722560","trial_id":89,"user_attr":{"val_efc_mean":61.82572463437501}}
{"op_code":8,"worker_id":"9c373109-817a-42de-9d93-65719db93261-8316722560","trial_id":89,"user_attr":{"converged_share":1.0}}
{"op_code":8,"worker_id":"9c373109-817a-42de-9d93-65719db93261-8316722560","trial_id":89,"user_attr":{"wall_s":414.72967410087585}}
{"op_code":6,"worker_id":"9c373109-817a-42de-9d93-65719db93261-8316722560","trial_id":89,"state":1,"values":[44.96876536442484],"datetime_complete":"2026-10-08T03:47:30.835312"}
{"op_code":7,"worker_id":"9c373109-817a-42de-9d93-65719db93261-8316722560","trial_id":90,"step":16,"intermediate_value":45.47634786558119}
{"op_code":8,"worker_id":"9c373109-817a-42de-9d93-65719db93261-8316722560","trial_id":90,"user_attr":{"hh_saving":{"254":40.36066222180127,"185":39.7520302762417,"230":45.034895694813066,"266":48.500750773251276,"145":47.65964780705834,"229":48.991928906205146,"300":63.10901000894016,"69":39.05463146957437,"136":24.353759975277285,"56":49.688077774299494,"72":35.3791177046818,"26":27.858004389367125,"45":49.84416925391293,"208":51.62382365498346,"40":22.2726869589727,"173":94.13836897991892}}}
{"op_code":8,"worker_id":"9c373109-817a-42de-9d93-65719db93261-8316722560","trial_id":90,"user_attr":{"val_efc_mean":59.695884712499996}}
{"op_code":8,"worker_id":"9c373109-817a-42de-9d93-65719db93261-8316722560","trial_id":90,"user_attr":{"converged_share":1.0}}
{"op_code":8,"worker_id":"9c373109-817a-42de-9d93-65719db93261-8316722560","trial_id":90,"user_attr":{"wall_s":414.7254681587219}}
{"op_code":6,"worker_id":"9c373109-817a-42de-9d93-65719db93261-8316722560","trial_id":90,"state":1,"values":[45.47634786558119],"datetime_complete":"2026-10-08T03:47:30.837216"}
{"op_code":7,"worker_id":"9c373109-817a-42de-9d93-65719db93261-8316722560","trial_id":91,"step":16,"intermediate_value":45.53926093183156}
{"op_code":8,"worker_id":"9c373109-817a-42de-9d93-65719db93261-8316722560","trial_id":91,"user_attr":{"hh_saving":{"254":42.10228154415902,"185":39.17896381665418,"230":45.96002001917306,"266":46.74449041349171,"145":47.44542340706805,"229":50.481015385488476,"300":65.30866880041962,"69":40.89549955913177,"136":24.75695909471418,"56":49.775757300201875,"72":35.13805127586063,"26":26.491686523182224,"45":50.56627844092239,"208":52.598148658169826,"40":21.969146548939484,"173":89.21578412172853}}}
{"op_code":8,"worker_id":"9c373109-817a-42de-9d93-65719db93261-8316722560","trial_id":91,"user_attr":{"val_efc_mean":59.926746809375004}}
{"op_code":8,"worker_id":"9c373109-817a-42de-9d93-65719db93261-8316722560","trial_id":91,"user_attr":{"converged_share":1.0}}
{"op_code":8,"worker_id":"9c373109-817a-42de-9d93-65719db93261-8316722560","trial_id":91,"user_attr":{"wall_s":414.7218220233917}}
{"op_code":6,"worker_id":"9c373109-817a-42de-9d93-65719db93261-8316722560","trial_id":91,"state":1,"values":[45.53926093183156],"datetime_complete":"2026-10-08T03:47:30.839492"}
{"op_code":7,"worker_id":"9c373109-817a-42de-9d93-65719db93261-8316722560","trial_id":92,"step":16,"intermediate_value":23.434019929788867}
{"op_code":8,"worker_id":"9c373109-817a-42de-9d93-65719db93261-8316722560","trial_id":92,"user_attr":{"hh_saving":{"254":21.344513394899487,"185":39.62379598318361,"230":24.444675075325847,"266":19.08467387239266,"145":20.400270240590633,"229":37.73640697692803,"300":39.91508056055008,"69":27.560534362565484,"136":8.852378879302863,"56":29.12499051118698,"72":17.88654402478276,"26":13.791779385987871,"45":13.78859516326382,"208":29.60954904384039,"40":12.56387174434184,"173":19.216659657479507}}}
{"op_code":8,"worker_id":"9c373109-817a-42de-9d93-65719db93261-8316722560","trial_id":92,"user_attr":{"val_efc_mean":34.52975083125}}
{"op_code":8,"worker_id":"9c373109-817a-42de-9d93-65719db93261-8316722560","trial_id":92,"user_attr":{"converged_share":0.5625}}
{"op_code":8,"worker_id":"9c373109-817a-42de-9d93-65719db93261-8316722560","trial_id":92,"user_attr":{"wall_s":414.71883487701416}}
{"op_code":6,"worker_id":"9c373109-817a-42de-9d93-65719db93261-8316722560","trial_id":92,"state":1,"values":[23.434019929788867],"datetime_complete":"2026-10-08T03:47:30.842130"}
{"op_code":7,"worker_id":"9c373109-817a-42de-9d93-65719db93261-8316722560","trial_id":93,"step":16,"intermediate_value":44.21350757164993}
{"op_code":8,"worker_id":"9c373109-817a-42de-9d93-65719db93261-8316722560","trial_id":93,"user_attr":{"hh_saving":{"254":42.95007259711235,"185":39.380832465966144,"230":45.63925304027911,"266":42.804375228746615,"145":44.865246345254114,"229":45.81948381516151,"300":60.84096645599982,"69":46.41195041945605,"136":25.13067788698917,"56":50.153742705668186,"72":35.43982570739032,"26":27.338220175215906,"45":43.72236011148158,"208":51.82789642125361,"40":22.125492939725675,"173":82.96572483069866}}}
{"op_code":8,"worker_id":"9c373109-817a-42de-9d93-65719db93261-8316722560","trial_id":93,"user_attr":{"val_efc_mean":63.46924300625}}
{"op_code":8,"worker_id":"9c373109-817a-42de-9d93-65719db93261-8316722560","trial_id":93,"user_attr":{"converged_share":1.0}}
{"op_code":8,"worker_id":"9c373109-817a-42de-9d93-65719db93261-8316722560","trial_id":93,"user_attr":{"wall_s":414.716078042984}}
{"op_code":6,"worker_id":"9c373109-817a-42de-9d93-65719db93261-8316722560","trial_id":93,"state":1,"values":[44.21350757164993],"datetime_complete":"2026-10-08T03:47:30.844529"}
{"op_code":7,"worker_id":"9c373109-817a-42de-9d93-65719db93261-8316722560","trial_id":94,"step":16,"intermediate_value":45.05532494030059}
{"op_code":8,"worker_id":"9c373109-817a-42de-9d93-65719db93261-8316722560","trial_id":94,"user_attr":{"hh_saving":{"254":40.722615679968925,"185":39.257594586743956,"230":44.19416205077915,"266":45.52093694004822,"145":45.72353277923529,"229":49.1159123345293,"300":65.14381767683925,"69":44.34103538793718,"136":23.81066422423143,"56":49.92880203029909,"72":34.46027411340364,"26":27.352307492330617,"45":47.94283259112105,"208":50.45358400228081,"40":22.136072963624994,"173":90.78105419143667}}}
{"op_code":8,"worker_id":"9c373109-817a-42de-9d93-65719db93261-8316722560","trial_id":94,"user_attr":{"val_efc_mean":62.60297434375}}
{"op_code":8,"worker_id":"9c373109-817a-42de-9d93-65719db93261-8316722560","trial_id":94,"user_attr":{"converged_share":1.0}}
{"op_code":8,"worker_id":"9c373109-817a-42de-9d93-65719db93261-8316722560","trial_id":94,"user_attr":{"wall_s":414.71326780319214}}
{"op_code":6,"worker_id":"9c373109-817a-42de-9d93-65719db93261-8316722560","trial_id":94,"state":1,"values":[45.05532494030059],"datetime_complete":"2026-10-08T03:47:30.846538"}
{"op_code":7,"worker_id":"9c373109-817a-42de-9d93-65719db93261-8316722560","trial_id":95,"step":16,"intermediate_value":44.403943396527076}
{"op_code":8,"worker_id":"9c373109-817a-42de-9d93-65719db93261-8316722560","trial_id":95,"user_attr":{"hh_saving":{"254":41.121272236935276,"185":39.590224987594446,"230":45.72239683930566,"266":43.27445057096486,"145":44.55951889330964,"229":45.87926312812547,"300":63.84084042247158,"69":45.34192966669371,"136":26.551045015905412,"56":48.85603377865137,"72":35.343748802129866,"26":26.93022805533421,"45":49.71450091936803,"208":50.44869654565338,"40":22.372838136238396,"173":80.91610634575188}}}
{"op_code":8,"worker_id":"9c373109-817a-42de-9d93-65719db93261-8316722560","trial_id":95,"user_attr":{"val_efc_mean":62.10648047187499}}
{"op_code":8,"worker_id":"9c373109-817a-42de-9d93-65719db93261-8316722560","trial_id":95,"user_attr":{"converged_share":1.0}}
{"op_code":8,"worker_id":"9c373109-817a-42de-9d93-65719db93261-8316722560","trial_id":95,"user_attr":{"wall_s":414.7104318141937}}
{"op_code":6,"worker_id":"9c373109-817a-42de-9d93-65719db93261-8316722560","trial_id":95,"state":1,"values":[44.403943396527076],"datetime_complete":"2026-10-08T03:47:30.848892"}
{"op_code":4,"worker_id":"9c373109-817a-42de-9d93-65719db93261-8316722560","study_id":0,"datetime_start":"2026-10-08T03:49:16.378106"}
{"op_code":9,"worker_id":"9c373109-817a-42de-9d93-65719db93261-8316722560","trial_id":120,"system_attr":{"tpe:relative_params:0":"{\"clone_batch\": 1024, \"clone_class_power\": 0.09580545470811555, \"clone_label_smoothing\": 0.1, \"clone_patience\": 20, \"clone_weight_decay\": 1e-05, \"hidden\": 256, \"lr\": 0.00013300243129284962}"}}
{"op_code":5,"worker_id":"9c373109-817a-42de-9d93-65719db93261-8316722560","trial_id":120,"param_name":"lr","param_value_internal":0.00013300243129284962,"distribution":"{\"name\": \"FloatDistribution\", \"attributes\": {\"step\": null, \"low\": 0.0001, \"high\": 0.01, \"log\": true}}"}
{"op_code":5,"worker_id":"9c373109-817a-42de-9d93-65719db93261-8316722560","trial_id":120,"param_name":"hidden","param_value_internal":2,"distribution":"{\"name\": \"CategoricalDistribution\", \"attributes\": {\"choices\": [64, 128, 256]}}"}
{"op_code":5,"worker_id":"9c373109-817a-42de-9d93-65719db93261-8316722560","trial_id":120,"param_name":"clone_batch","param_value_internal":3,"distribution":"{\"name\": \"CategoricalDistribution\", \"attributes\": {\"choices\": [128, 256, 512, 1024, 2048]}}"}
{"op_code":5,"worker_id":"9c373109-817a-42de-9d93-65719db93261-8316722560","trial_id":120,"param_name":"clone_weight_decay","param_value_internal":2,"distribution":"{\"name\": \"CategoricalDistribution\", \"attributes\": {\"choices\": [0.0, 1e-06, 1e-05, 0.0001, 0.001]}}"}
{"op_code":5,"worker_id":"9c373109-817a-42de-9d93-65719db93261-8316722560","trial_id":120,"param_name":"clone_class_power","param_value_internal":0.09580545470811555,"distribution":"{\"name\": \"FloatDistribution\", \"attributes\": {\"step\": null, \"low\": 0.0, \"high\": 1.0, \"log\": false}}"}
{"op_code":5,"worker_id":"9c373109-817a-42de-9d93-65719db93261-8316722560","trial_id":120,"param_name":"clone_label_smoothing","param_value_internal":2,"distribution":"{\"name\": \"CategoricalDistribution\", \"attributes\": {\"choices\": [0.0, 0.05, 0.1]}}"}
{"op_code":5,"worker_id":"9c373109-817a-42de-9d93-65719db93261-8316722560","trial_id":120,"param_name":"clone_patience","param_value_internal":2,"distribution":"{\"name\": \"CategoricalDistribution\", \"attributes\": {\"choices\": [5, 10, 20]}}"}
{"op_code":8,"worker_id":"9c373109-817a-42de-9d93-65719db93261-8316722560","trial_id":120,"user_attr":{"tag":"cdb992aa33ca3"}}
{"op_code":8,"worker_id":"9c373109-817a-42de-9d93-65719db93261-8316722560","trial_id":120,"user_attr":{"overrides":{"lr":0.00013300243129284962,"hidden":256,"clone_batch":1024,"clone_weight_decay":1e-05,"clone_class_power":0.09580545470811555,"clone_label_smoothing":0.1,"clone_patience":20}}}
{"op_code":4,"worker_id":"9c373109-817a-42de-9d93-65719db93261-8316722560","study_id":0,"datetime_start":"2026-10-08T03:49:16.384703"}
{"op_code":9,"worker_id":"9c373109-817a-42de-9d93-65719db93261-8316722560","trial_id":121,"system_attr":{"tpe:relative_params:0":"{\"clone_batch\": 2048, \"clone_class_power\": 0.050143379434852225, \"clone_label_smoothing\": 0.05, \"clone_patience\": 20, \"clone_weight_decay\": 0.0001, \"hidden\": 256, \"lr\": 0.0043668197626834885}"}}
{"op_code":5,"worker_id":"9c373109-817a-42de-9d93-65719db93261-8316722560","trial_id":121,"param_name":"lr","param_value_internal":0.0043668197626834885,"distribution":"{\"name\": \"FloatDistribution\", \"attributes\": {\"step\": null, \"low\": 0.0001, \"high\": 0.01, \"log\": true}}"}
{"op_code":5,"worker_id":"9c373109-817a-42de-9d93-65719db93261-8316722560","trial_id":121,"param_name":"hidden","param_value_internal":2,"distribution":"{\"name\": \"CategoricalDistribution\", \"attributes\": {\"choices\": [64, 128, 256]}}"}
{"op_code":5,"worker_id":"9c373109-817a-42de-9d93-65719db93261-8316722560","trial_id":121,"param_name":"clone_batch","param_value_internal":4,"distribution":"{\"name\": \"CategoricalDistribution\", \"attributes\": {\"choices\": [128, 256, 512, 1024, 2048]}}"}
{"op_code":5,"worker_id":"9c373109-817a-42de-9d93-65719db93261-8316722560","trial_id":121,"param_name":"clone_weight_decay","param_value_internal":3,"distribution":"{\"name\": \"CategoricalDistribution\", \"attributes\": {\"choices\": [0.0, 1e-06, 1e-05, 0.0001, 0.001]}}"}
{"op_code":5,"worker_id":"9c373109-817a-42de-9d93-65719db93261-8316722560","trial_id":121,"param_name":"clone_class_power","param_value_internal":0.050143379434852225,"distribution":"{\"name\": \"FloatDistribution\", \"attributes\": {\"step\": null, \"low\": 0.0, \"high\": 1.0, \"log\": false}}"}
{"op_code":5,"worker_id":"9c373109-817a-42de-9d93-65719db93261-8316722560","trial_id":121,"param_name":"clone_label_smoothing","param_value_internal":1,"distribution":"{\"name\": \"CategoricalDistribution\", \"attributes\": {\"choices\": [0.0, 0.05, 0.1]}}"}
{"op_code":5,"worker_id":"9c373109-817a-42de-9d93-65719db93261-8316722560","trial_id":121,"param_name":"clone_patience","param_value_internal":2,"distribution":"{\"name\": \"CategoricalDistribution\", \"attributes\": {\"choices\": [5, 10, 20]}}"}
{"op_code":8,"worker_id":"9c373109-817a-42de-9d93-65719db93261-8316722560","trial_id":121,"user_attr":{"tag":"cd68014949b55"}}
{"op_code":8,"worker_id":"9c373109-817a-42de-9d93-65719db93261-8316722560","trial_id":121,"user_attr":{"overrides":{"lr":0.0043668197626834885,"hidden":256,"clone_batch":2048,"clone_weight_decay":0.0001,"clone_class_power":0.050143379434852225,"clone_label_smoothing":0.05,"clone_patience":20}}}
{"op_code":4,"worker_id":"9c373109-817a-42de-9d93-65719db93261-8316722560","study_id":0,"datetime_start":"2026-10-08T03:49:16.390355"}
{"op_code":9,"worker_id":"9c373109-817a-42de-9d93-65719db93261-8316722560","trial_id":122,"system_attr":{"tpe:relative_params:0":"{\"clone_batch\": 256, \"clone_class_power\": 0.13138782550943748, \"clone_label_smoothing\": 0.05, \"clone_patience\": 20, \"clone_weight_decay\": 0.0001, \"hidden\": 64, \"lr\": 0.00012829975632064838}"}}
{"op_code":5,"worker_id":"9c373109-817a-42de-9d93-65719db93261-8316722560","trial_id":122,"param_name":"lr","param_value_internal":0.00012829975632064838,"distribution":"{\"name\": \"FloatDistribution\", \"attributes\": {\"step\": null, \"low\": 0.0001, \"high\": 0.01, \"log\": true}}"}
{"op_code":5,"worker_id":"9c373109-817a-42de-9d93-65719db93261-8316722560","trial_id":122,"param_name":"hidden","param_value_internal":0,"distribution":"{\"name\": \"CategoricalDistribution\", \"attributes\": {\"choices\": [64, 128, 256]}}"}
{"op_code":5,"worker_id":"9c373109-817a-42de-9d93-65719db93261-8316722560","trial_id":122,"param_name":"clone_batch","param_value_internal":1,"distribution":"{\"name\": \"CategoricalDistribution\", \"attributes\": {\"choices\": [128, 256, 512, 1024, 2048]}}"}
{"op_code":5,"worker_id":"9c373109-817a-42de-9d93-65719db93261-8316722560","trial_id":122,"param_name":"clone_weight_decay","param_value_internal":3,"distribution":"{\"name\": \"CategoricalDistribution\", \"attributes\": {\"choices\": [0.0, 1e-06, 1e-05, 0.0001, 0.001]}}"}
{"op_code":5,"worker_id":"9c373109-817a-42de-9d93-65719db93261-8316722560","trial_id":122,"param_name":"clone_class_power","param_value_internal":0.13138782550943748,"distribution":"{\"name\": \"FloatDistribution\", \"attributes\": {\"step\": null, \"low\": 0.0, \"high\": 1.0, \"log\": false}}"}
{"op_code":5,"worker_id":"9c373109-817a-42de-9d93-65719db93261-8316722560","trial_id":122,"param_name":"clone_label_smoothing","param_value_internal":1,"distribution":"{\"name\": \"CategoricalDistribution\", \"attributes\": {\"choices\": [0.0, 0.05, 0.1]}}"}
{"op_code":5,"worker_id":"9c373109-817a-42de-9d93-65719db93261-8316722560","trial_id":122,"param_name":"clone_patience","param_value_internal":2,"distribution":"{\"name\": \"CategoricalDistribution\", \"attributes\": {\"choices\": [5, 10, 20]}}"}
{"op_code":8,"worker_id":"9c373109-817a-42de-9d93-65719db93261-8316722560","trial_id":122,"user_attr":{"tag":"cca60051d8725"}}
{"op_code":8,"worker_id":"9c373109-817a-42de-9d93-65719db93261-8316722560","trial_id":122,"user_attr":{"overrides":{"lr":0.00012829975632064838,"hidden":64,"clone_batch":256,"clone_weight_decay":0.0001,"clone_class_power":0.13138782550943748,"clone_label_smoothing":0.05,"clone_patience":20}}}
{"op_code":4,"worker_id":"9c373109-817a-42de-9d93-65719db93261-8316722560","study_id":0,"datetime_start":"2026-10-08T03:49:16.395425"}
{"op_code":9,"worker_id":"9c373109-817a-42de-9d93-65719db93261-8316722560","trial_id":123,"system_attr":{"tpe:relative_params:0":"{\"clone_batch\": 256, \"clone_class_power\": 0.358327309797399, \"clone_label_smoothing\": 0.05, \"clone_patience\": 20, \"clone_weight_decay\": 1e-06, \"hidden\": 64, \"lr\": 0.0003738352751849835}"}}
{"op_code":5,"worker_id":"9c373109-817a-42de-9d93-65719db93261-8316722560","trial_id":123,"param_name":"lr","param_value_internal":0.0003738352751849835,"distribution":"{\"name\": \"FloatDistribution\", \"attributes\": {\"step\": null, \"low\": 0.0001, \"high\": 0.01, \"log\": true}}"}
{"op_code":5,"worker_id":"9c373109-817a-42de-9d93-65719db93261-8316722560","trial_id":123,"param_name":"hidden","param_value_internal":0,"distribution":"{\"name\": \"CategoricalDistribution\", \"attributes\": {\"choices\": [64, 128, 256]}}"}
{"op_code":5,"worker_id":"9c373109-817a-42de-9d93-65719db93261-8316722560","trial_id":123,"param_name":"clone_batch","param_value_internal":1,"distribution":"{\"name\": \"CategoricalDistribution\", \"attributes\": {\"choices\": [128, 256, 512, 1024, 2048]}}"}
{"op_code":5,"worker_id":"9c373109-817a-42de-9d93-65719db93261-8316722560","trial_id":123,"param_name":"clone_weight_decay","param_value_internal":1,"distribution":"{\"name\": \"CategoricalDistribution\", \"attributes\": {\"choices\": [0.0, 1e-06, 1e-05, 0.0001, 0.001]}}"}
{"op_code":5,"worker_id":"9c373109-817a-42de-9d93-65719db93261-8316722560","trial_id":123,"param_name":"clone_class_power","param_value_internal":0.358327309797399,"distribution":"{\"name\": \"FloatDistribution\", \"attributes\": {\"step\": null, \"low\": 0.0, \"high\": 1.0, \"log\": false}}"}
{"op_code":5,"worker_id":"9c373109-817a-42de-9d93-65719db93261-8316722560","trial_id":123,"param_name":"clone_label_smoothing","param_value_internal":1,"distribution":"{\"name\": \"CategoricalDistribution\", \"attributes\": {\"choices\": [0.0, 0.05, 0.1]}}"}
{"op_code":5,"worker_id":"9c373109-817a-42de-9d93-65719db93261-8316722560","trial_id":123,"param_name":"clone_patience","param_value_internal":2,"distribution":"{\"name\": \"CategoricalDistribution\", \"attributes\": {\"choices\": [5, 10, 20]}}"}
{"op_code":8,"worker_id":"9c373109-817a-42de-9d93-65719db93261-8316722560","trial_id":123,"user_attr":{"tag":"cfc2a908d3977"}}
{"op_code":8,"worker_id":"9c373109-817a-42de-9d93-65719db93261-8316722560","trial_id":123,"user_attr":{"overrides":{"lr":0.0003738352751849835,"hidden":64,"clone_batch":256,"clone_weight_decay":1e-06,"clone_class_power":0.358327309797399,"clone_label_smoothing":0.05,"clone_patience":20}}}
{"op_code":4,"worker_id":"9c373109-817a-42de-9d93-65719db93261-8316722560","study_id":0,"datetime_start":"2026-10-08T03:49:16.400320"}
{"op_code":9,"worker_id":"9c373109-817a-42de-9d93-65719db93261-8316722560","trial_id":124,"system_attr":{"tpe:relative_params:0":"{\"clone_batch\": 1024, \"clone_class_power\": 0.21335060511402867, \"clone_label_smoothing\": 0.1, \"clone_patience\": 5, \"clone_weight_decay\": 1e-05, \"hidden\": 128, \"lr\": 0.0030686409441973176}"}}
{"op_code":5,"worker_id":"9c373109-817a-42de-9d93-65719db93261-8316722560","trial_id":124,"param_name":"lr","param_value_internal":0.0030686409441973176,"distribution":"{\"name\": \"FloatDistribution\", \"attributes\": {\"step\": null, \"low\": 0.0001, \"high\": 0.01, \"log\": true}}"}
{"op_code":5,"worker_id":"9c373109-817a-42de-9d93-65719db93261-8316722560","trial_id":124,"param_name":"hidden","param_value_internal":1,"distribution":"{\"name\": \"CategoricalDistribution\", \"attributes\": {\"choices\": [64, 128, 256]}}"}
{"op_code":5,"worker_id":"9c373109-817a-42de-9d93-65719db93261-8316722560","trial_id":124,"param_name":"clone_batch","param_value_internal":3,"distribution":"{\"name\": \"CategoricalDistribution\", \"attributes\": {\"choices\": [128, 256, 512, 1024, 2048]}}"}
{"op_code":5,"worker_id":"9c373109-817a-42de-9d93-65719db93261-8316722560","trial_id":124,"param_name":"clone_weight_decay","param_value_internal":2,"distribution":"{\"name\": \"CategoricalDistribution\", \"attributes\": {\"choices\": [0.0, 1e-06, 1e-05, 0.0001, 0.001]}}"}
{"op_code":5,"worker_id":"9c373109-817a-42de-9d93-65719db93261-8316722560","trial_id":124,"param_name":"clone_class_power","param_value_internal":0.21335060511402867,"distribution":"{\"name\": \"FloatDistribution\", \"attributes\": {\"step\": null, \"low\": 0.0, \"high\": 1.0, \"log\": false}}"}
{"op_code":5,"worker_id":"9c373109-817a-42de-9d93-65719db93261-8316722560","trial_id":124,"param_name":"clone_label_smoothing","param_value_internal":2,"distribution":"{\"name\": \"CategoricalDistribution\", \"attributes\": {\"choices\": [0.0, 0.05, 0.1]}}"}
{"op_code":5,"worker_id":"9c373109-817a-42de-9d93-65719db93261-8316722560","trial_id":124,"param_name":"clone_patience","param_value_internal":0,"distribution":"{\"name\": \"CategoricalDistribution\", \"attributes\": {\"choices\": [5, 10, 20]}}"}
{"op_code":8,"worker_id":"9c373109-817a-42de-9d93-65719db93261-8316722560","trial_id":124,"user_attr":{"tag":"c255e465e251c"}}
{"op_code":8,"worker_id":"9c373109-817a-42de-9d93-65719db93261-8316722560","trial_id":124,"user_attr":{"overrides":{"lr":0.0030686409441973176,"hidden":128,"clone_batch":1024,"clone_weight_decay":1e-05,"clone_class_power":0.21335060511402867,"clone_label_smoothing":0.1,"clone_patience":5}}}
{"op_code":4,"worker_id":"9c373109-817a-42de-9d93-65719db93261-8316722560","study_id":0,"datetime_start":"2026-10-08T03:49:16.404976"}
{"op_code":9,"worker_id":"9c373109-817a-42de-9d93-65719db93261-8316722560","trial_id":125,"system_attr":{"tpe:relative_params:0":"{\"clone_batch\": 256, \"clone_class_power\": 0.09086083275977844, \"clone_label_smoothing\": 0.05, \"clone_patience\": 20, \"clone_weight_decay\": 0.0001, \"hidden\": 64, \"lr\": 0.0007849281444954646}"}}
{"op_code":5,"worker_id":"9c373109-817a-42de-9d93-65719db93261-8316722560","trial_id":125,"param_name":"lr","param_value_internal":0.0007849281444954646,"distribution":"{\"name\": \"FloatDistribution\", \"attributes\": {\"step\": null, \"low\": 0.0001, \"high\": 0.01, \"log\": true}}"}
{"op_code":5,"worker_id":"9c373109-817a-42de-9d93-65719db93261-8316722560","trial_id":125,"param_name":"hidden","param_value_internal":0,"distribution":"{\"name\": \"CategoricalDistribution\", \"attributes\": {\"choices\": [64, 128, 256]}}"}
{"op_code":5,"worker_id":"9c373109-817a-42de-9d93-65719db93261-8316722560","trial_id":125,"param_name":"clone_batch","param_value_internal":1,"distribution":"{\"name\": \"CategoricalDistribution\", \"attributes\": {\"choices\": [128, 256, 512, 1024, 2048]}}"}
{"op_code":5,"worker_id":"9c373109-817a-42de-9d93-65719db93261-8316722560","trial_id":125,"param_name":"clone_weight_decay","param_value_internal":3,"distribution":"{\"name\": \"CategoricalDistribution\", \"attributes\": {\"choices\": [0.0, 1e-06, 1e-05, 0.0001, 0.001]}}"}
{"op_code":5,"worker_id":"9c373109-817a-42de-9d93-65719db93261-8316722560","trial_id":125,"param_name":"clone_class_power","param_value_internal":0.09086083275977844,"distribution":"{\"name\": \"FloatDistribution\", \"attributes\": {\"step\": null, \"low\": 0.0, \"high\": 1.0, \"log\": false}}"}
{"op_code":5,"worker_id":"9c373109-817a-42de-9d93-65719db93261-8316722560","trial_id":125,"param_name":"clone_label_smoothing","param_value_internal":1,"distribution":"{\"name\": \"CategoricalDistribution\", \"attributes\": {\"choices\": [0.0, 0.05, 0.1]}}"}
{"op_code":5,"worker_id":"9c373109-817a-42de-9d93-65719db93261-8316722560","trial_id":125,"param_name":"clone_patience","param_value_internal":2,"distribution":"{\"name\": \"CategoricalDistribution\", \"attributes\": {\"choices\": [5, 10, 20]}}"}
{"op_code":8,"worker_id":"9c373109-817a-42de-9d93-65719db93261-8316722560","trial_id":125,"user_attr":{"tag":"cf263c556d2ea"}}
{"op_code":8,"worker_id":"9c373109-817a-42de-9d93-65719db93261-8316722560","trial_id":125,"user_attr":{"overrides":{"lr":0.0007849281444954646,"hidden":64,"clone_batch":256,"clone_weight_decay":0.0001,"clone_class_power":0.09086083275977844,"clone_label_smoothing":0.05,"clone_patience":20}}}
{"op_code":4,"worker_id":"9c373109-817a-42de-9d93-65719db93261-8316722560","study_id":0,"datetime_start":"2026-10-08T03:49:16.409935"}
{"op_code":9,"worker_id":"9c373109-817a-42de-9d93-65719db93261-8316722560","trial_id":126,"system_attr":{"tpe:relative_params:0":"{\"clone_batch\": 1024, \"clone_class_power\": 0.27034422914348194, \"clone_label_smoothing\": 0.05, \"clone_patience\": 5, \"clone_weight_decay\": 1e-05, \"hidden\": 256, \"lr\": 0.0020067434388585355}"}}
{"op_code":5,"worker_id":"9c373109-817a-42de-9d93-65719db93261-8316722560","trial_id":126,"param_name":"lr","param_value_internal":0.0020067434388585355,"distribution":"{\"name\": \"FloatDistribution\", \"attributes\": {\"step\": null, \"low\": 0.0001, \"high\": 0.01, \"log\": true}}"}
{"op_code":5,"worker_id":"9c373109-817a-42de-9d93-65719db93261-8316722560","trial_id":126,"param_name":"hidden","param_value_internal":2,"distribution":"{\"name\": \"CategoricalDistribution\", \"attributes\": {\"choices\": [64, 128, 256]}}"}
{"op_code":5,"worker_id":"9c373109-817a-42de-9d93-65719db93261-8316722560","trial_id":126,"param_name":"clone_batch","param_value_internal":3,"distribution":"{\"name\": \"CategoricalDistribution\", \"attributes\": {\"choices\": [128, 256, 512, 1024, 2048]}}"}
{"op_code":5,"worker_id":"9c373109-817a-42de-9d93-65719db93261-8316722560","trial_id":126,"param_name":"clone_weight_decay","param_value_internal":2,"distribution":"{\"name\": \"CategoricalDistribution\", \"attributes\": {\"choices\": [0.0, 1e-06, 1e-05, 0.0001, 0.001]}}"}
{"op_code":5,"worker_id":"9c373109-817a-42de-9d93-65719db93261-8316722560","trial_id":126,"param_name":"clone_class_power","param_value_internal":0.27034422914348194,"distribution":"{\"name\": \"FloatDistribution\", \"attributes\": {\"step\": null, \"low\": 0.0, \"high\": 1.0, \"log\": false}}"}
{"op_code":5,"worker_id":"9c373109-817a-42de-9d93-65719db93261-8316722560","trial_id":126,"param_name":"clone_label_smoothing","param_value_internal":1,"distribution":"{\"name\": \"CategoricalDistribution\", \"attributes\": {\"choices\": [0.0, 0.05, 0.1]}}"}
{"op_code":5,"worker_id":"9c373109-817a-42de-9d93-65719db93261-8316722560","trial_id":126,"param_name":"clone_patience","param_value_internal":0,"distribution":"{\"name\": \"CategoricalDistribution\", \"attributes\": {\"choices\": [5, 10, 20]}}"}
{"op_code":8,"worker_id":"9c373109-817a-42de-9d93-65719db93261-8316722560","trial_id":126,"user_attr":{"tag":"ca8b434f139ef"}}
{"op_code":8,"worker_id":"9c373109-817a-42de-9d93-65719db93261-8316722560","trial_id":126,"user_attr":{"overrides":{"lr":0.0020067434388585355,"hidden":256,"clone_batch":1024,"clone_weight_decay":1e-05,"clone_class_power":0.27034422914348194,"clone_label_smoothing":0.05,"clone_patience":5}}}
{"op_code":4,"worker_id":"9c373109-817a-42de-9d93-65719db93261-8316722560","study_id":0,"datetime_start":"2026-10-08T03:49:16.415662"}
{"op_code":9,"worker_id":"9c373109-817a-42de-9d93-65719db93261-8316722560","trial_id":127,"system_attr":{"tpe:relative_params:0":"{\"clone_batch\": 256, \"clone_class_power\": 0.27389044529329176, \"clone_label_smoothing\": 0.1, \"clone_patience\": 20, \"clone_weight_decay\": 0.0001, \"hidden\": 256, \"lr\": 0.0008363796140730921}"}}
{"op_code":5,"worker_id":"9c373109-817a-42de-9d93-65719db93261-8316722560","trial_id":127,"param_name":"lr","param_value_internal":0.0008363796140730921,"distribution":"{\"name\": \"FloatDistribution\", \"attributes\": {\"step\": null, \"low\": 0.0001, \"high\": 0.01, \"log\": true}}"}
{"op_code":5,"worker_id":"9c373109-817a-42de-9d93-65719db93261-8316722560","trial_id":127,"param_name":"hidden","param_value_internal":2,"distribution":"{\"name\": \"CategoricalDistribution\", \"attributes\": {\"choices\": [64, 128, 256]}}"}
{"op_code":5,"worker_id":"9c373109-817a-42de-9d93-65719db93261-8316722560","trial_id":127,"param_name":"clone_batch","param_value_internal":1,"distribution":"{\"name\": \"CategoricalDistribution\", \"attributes\": {\"choices\": [128, 256, 512, 1024, 2048]}}"}
{"op_code":5,"worker_id":"9c373109-817a-42de-9d93-65719db93261-8316722560","trial_id":127,"param_name":"clone_weight_decay","param_value_internal":3,"distribution":"{\"name\": \"CategoricalDistribution\", \"attributes\": {\"choices\": [0.0, 1e-06, 1e-05, 0.0001, 0.001]}}"}
{"op_code":5,"worker_id":"9c373109-817a-42de-9d93-65719db93261-8316722560","trial_id":127,"param_name":"clone_class_power","param_value_internal":0.27389044529329176,"distribution":"{\"name\": \"FloatDistribution\", \"attributes\": {\"step\": null, \"low\": 0.0, \"high\": 1.0, \"log\": false}}"}
{"op_code":5,"worker_id":"9c373109-817a-42de-9d93-65719db93261-8316722560","trial_id":127,"param_name":"clone_label_smoothing","param_value_internal":2,"distribution":"{\"name\": \"CategoricalDistribution\", \"attributes\": {\"choices\": [0.0, 0.05, 0.1]}}"}
{"op_code":5,"worker_id":"9c373109-817a-42de-9d93-65719db93261-8316722560","trial_id":127,"param_name":"clone_patience","param_value_internal":2,"distribution":"{\"name\": \"CategoricalDistribution\", \"attributes\": {\"choices\": [5, 10, 20]}}"}
{"op_code":8,"worker_id":"9c373109-817a-42de-9d93-65719db93261-8316722560","trial_id":127,"user_attr":{"tag":"c890b45444434"}}
{"op_code":8,"worker_id":"9c373109-817a-42de-9d93-65719db93261-8316722560","trial_id":127,"user_attr":{"overrides":{"lr":0.0008363796140730921,"hidden":256,"clone_batch":256,"clone_weight_decay":0.0001,"clone_class_power":0.27389044529329176,"clone_label_smoothing":0.1,"clone_patience":20}}}
{"op_code":4,"worker_id":"9c373109-817a-42de-9d93-65719db93261-8316722560","study_id":0,"datetime_start":"2026-10-08T03:49:16.422110"}
{"op_code":9,"worker_id":"9c373109-817a-42de-9d93-65719db93261-8316722560","trial_id":128,"system_attr":{"tpe:relative_params:0":"{\"clone_batch\": 2048, \"clone_class_power\": 0.15630399174451434, \"clone_label_smoothing\": 0.05, \"clone_patience\": 20, \"clone_weight_decay\": 0.0001, \"hidden\": 128, \"lr\": 0.0019381136059607768}"}}
{"op_code":5,"worker_id":"9c373109-817a-42de-9d93-65719db93261-8316722560","trial_id":128,"param_name":"lr","param_value_internal":0.0019381136059607768,"distribution":"{\"name\": \"FloatDistribution\", \"attributes\": {\"step\": null, \"low\": 0.0001, \"high\": 0.01, \"log\": true}}"}
{"op_code":5,"worker_id":"9c373109-817a-42de-9d93-65719db93261-8316722560","trial_id":128,"param_name":"hidden","param_value_internal":1,"distribution":"{\"name\": \"CategoricalDistribution\", \"attributes\": {\"choices\": [64, 128, 256]}}"}
{"op_code":5,"worker_id":"9c373109-817a-42de-9d93-65719db93261-8316722560","trial_id":128,"param_name":"clone_batch","param_value_internal":4,"distribution":"{\"name\": \"CategoricalDistribution\", \"attributes\": {\"choices\": [128, 256, 512, 1024, 2048]}}"}
{"op_code":5,"worker_id":"9c373109-817a-42de-9d93-65719db93261-8316722560","trial_id":128,"param_name":"clone_weight_decay","param_value_internal":3,"distribution":"{\"name\": \"CategoricalDistribution\", \"attributes\": {\"choices\": [0.0, 1e-06, 1e-05, 0.0001, 0.001]}}"}
{"op_code":5,"worker_id":"9c373109-817a-42de-9d93-65719db93261-8316722560","trial_id":128,"param_name":"clone_class_power","param_value_internal":0.15630399174451434,"distribution":"{\"name\": \"FloatDistribution\", \"attributes\": {\"step\": null, \"low\": 0.0, \"high\": 1.0, \"log\": false}}"}
{"op_code":5,"worker_id":"9c373109-817a-42de-9d93-65719db93261-8316722560","trial_id":128,"param_name":"clone_label_smoothing","param_value_internal":1,"distribution":"{\"name\": \"CategoricalDistribution\", \"attributes\": {\"choices\": [0.0, 0.05, 0.1]}}"}
{"op_code":5,"worker_id":"9c373109-817a-42de-9d93-65719db93261-8316722560","trial_id":128,"param_name":"clone_patience","param_value_internal":2,"distribution":"{\"name\": \"CategoricalDistribution\", \"attributes\": {\"choices\": [5, 10, 20]}}"}
{"op_code":8,"worker_id":"9c373109-817a-42de-9d93-65719db93261-8316722560","trial_id":128,"user_attr":{"tag":"ccb44c7f4a6fa"}}
{"op_code":8,"worker_id":"9c373109-817a-42de-9d93-65719db93261-8316722560","trial_id":128,"user_attr":{"overrides":{"lr":0.0019381136059607768,"hidden":128,"clone_batch":2048,"clone_weight_decay":0.0001,"clone_class_power":0.15630399174451434,"clone_label_smoothing":0.05,"clone_patience":20}}}
{"op_code":4,"worker_id":"9c373109-817a-42de-9d93-65719db93261-8316722560","study_id":0,"datetime_start":"2026-10-08T03:49:16.427404"}
{"op_code":9,"worker_id":"9c373109-817a-42de-9d93-65719db93261-8316722560","trial_id":129,"system_attr":{"tpe:relative_params:0":"{\"clone_batch\": 1024, \"clone_class_power\": 0.11101050381214703, \"clone_label_smoothing\": 0.1, \"clone_patience\": 10, \"clone_weight_decay\": 1e-06, \"hidden\": 64, \"lr\": 0.00010770527721327966}"}}
{"op_code":5,"worker_id":"9c373109-817a-42de-9d93-65719db93261-8316722560","trial_id":129,"param_name":"lr","param_value_internal":0.00010770527721327966,"distribution":"{\"name\": \"FloatDistribution\", \"attributes\": {\"step\": null, \"low\": 0.0001, \"high\": 0.01, \"log\": true}}"}
{"op_code":5,"worker_id":"9c373109-817a-42de-9d93-65719db93261-8316722560","trial_id":129,"param_name":"hidden","param_value_internal":0,"distribution":"{\"name\": \"CategoricalDistribution\", \"attributes\": {\"choices\": [64, 128, 256]}}"}
{"op_code":5,"worker_id":"9c373109-817a-42de-9d93-65719db93261-8316722560","trial_id":129,"param_name":"clone_batch","param_value_internal":3,"distribution":"{\"name\": \"CategoricalDistribution\", \"attributes\": {\"choices\": [128, 256, 512, 1024, 2048]}}"}
{"op_code":5,"worker_id":"9c373109-817a-42de-9d93-65719db93261-8316722560","trial_id":129,"param_name":"clone_weight_decay","param_value_internal":1,"distribution":"{\"name\": \"CategoricalDistribution\", \"attributes\": {\"choices\": [0.0, 1e-06, 1e-05, 0.0001, 0.001]}}"}
{"op_code":5,"worker_id":"9c373109-817a-42de-9d93-65719db93261-8316722560","trial_id":129,"param_name":"clone_class_power","param_value_internal":0.11101050381214703,"distribution":"{\"name\": \"FloatDistribution\", \"attributes\": {\"step\": null, \"low\": 0.0, \"high\": 1.0, \"log\": false}}"}
{"op_code":5,"worker_id":"9c373109-817a-42de-9d93-65719db93261-8316722560","trial_id":129,"param_name":"clone_label_smoothing","param_value_internal":2,"distribution":"{\"name\": \"CategoricalDistribution\", \"attributes\": {\"choices\": [0.0, 0.05, 0.1]}}"}
{"op_code":5,"worker_id":"9c373109-817a-42de-9d93-65719db93261-8316722560","trial_id":129,"param_name":"clone_patience","param_value_internal":1,"distribution":"{\"name\": \"CategoricalDistribution\", \"attributes\": {\"choices\": [5, 10, 20]}}"}
{"op_code":8,"worker_id":"9c373109-817a-42de-9d93-65719db93261-8316722560","trial_id":129,"user_attr":{"tag":"cd607a53e82f8"}}
{"op_code":8,"worker_id":"9c373109-817a-42de-9d93-65719db93261-8316722560","trial_id":129,"user_attr":{"overrides":{"lr":0.00010770527721327966,"hidden":64,"clone_batch":1024,"clone_weight_decay":1e-06,"clone_class_power":0.11101050381214703,"clone_label_smoothing":0.1,"clone_patience":10}}}
{"op_code":4,"worker_id":"9c373109-817a-42de-9d93-65719db93261-8316722560","study_id":0,"datetime_start":"2026-10-08T03:49:16.433441"}
{"op_code":9,"worker_id":"9c373109-817a-42de-9d93-65719db93261-8316722560","trial_id":130,"system_attr":{"tpe:relative_params:0":"{\"clone_batch\": 1024, \"clone_class_power\": 0.2028803954776935, \"clone_label_smoothing\": 0.1, \"clone_patience\": 20, \"clone_weight_decay\": 1e-05, \"hidden\": 256, \"lr\": 0.0009981981193671829}"}}
{"op_code":5,"worker_id":"9c373109-817a-42de-9d93-65719db93261-8316722560","trial_id":130,"param_name":"lr","param_value_internal":0.0009981981193671829,"distribution":"{\"name\": \"FloatDistribution\", \"attributes\": {\"step\": null, \"low\": 0.0001, \"high\": 0.01, \"log\": true}}"}
{"op_code":5,"worker_id":"9c373109-817a-42de-9d93-65719db93261-8316722560","trial_id":130,"param_name":"hidden","param_value_internal":2,"distribution":"{\"name\": \"CategoricalDistribution\", \"attributes\": {\"choices\": [64, 128, 256]}}"}
{"op_code":5,"worker_id":"9c373109-817a-42de-9d93-65719db93261-8316722560","trial_id":130,"param_name":"clone_batch","param_value_internal":3,"distribution":"{\"name\": \"CategoricalDistribution\", \"attributes\": {\"choices\": [128, 256, 512, 1024, 2048]}}"}
{"op_code":5,"worker_id":"9c373109-817a-42de-9d93-65719db93261-8316722560","trial_id":130,"param_name":"clone_weight_decay","param_value_internal":2,"distribution":"{\"name\": \"CategoricalDistribution\", \"attributes\": {\"choices\": [0.0, 1e-06, 1e-05, 0.0001, 0.001]}}"}
{"op_code":5,"worker_id":"9c373109-817a-42de-9d93-65719db93261-8316722560","trial_id":130,"param_name":"clone_class_power","param_value_internal":0.2028803954776935,"distribution":"{\"name\": \"FloatDistribution\", \"attributes\": {\"step\": null, \"low\": 0.0, \"high\": 1.0, \"log\": false}}"}
{"op_code":5,"worker_id":"9c373109-817a-42de-9d93-65719db93261-8316722560","trial_id":130,"param_name":"clone_label_smoothing","param_value_internal":2,"distribution":"{\"name\": \"CategoricalDistribution\", \"attributes\": {\"choices\": [0.0, 0.05, 0.1]}}"}
{"op_code":5,"worker_id":"9c373109-817a-42de-9d93-65719db93261-8316722560","trial_id":130,"param_name":"clone_patience","param_value_internal":2,"distribution":"{\"name\": \"CategoricalDistribution\", \"attributes\": {\"choices\": [5, 10, 20]}}"}
{"op_code":8,"worker_id":"9c373109-817a-42de-9d93-65719db93261-8316722560","trial_id":130,"user_attr":{"tag":"c582ed7596a02"}}
{"op_code":8,"worker_id":"9c373109-817a-42de-9d93-65719db93261-8316722560","trial_id":130,"user_attr":{"overrides":{"lr":0.0009981981193671829,"hidden":256,"clone_batch":1024,"clone_weight_decay":1e-05,"clone_class_power":0.2028803954776935,"clone_label_smoothing":0.1,"clone_patience":20}}}
{"op_code":4,"worker_id":"9c373109-817a-42de-9d93-65719db93261-8316722560","study_id":0,"datetime_start":"2026-10-08T03:49:16.438886"}
{"op_code":9,"worker_id":"9c373109-817a-42de-9d93-65719db93261-8316722560","trial_id":131,"system_attr":{"tpe:relative_params:0":"{\"clone_batch\": 2048, \"clone_class_power\": 0.09296820055598132, \"clone_label_smoothing\": 0.0, \"clone_patience\": 20, \"clone_weight_decay\": 1e-05, \"hidden\": 256, \"lr\": 0.0044754071645903845}"}}
{"op_code":5,"worker_id":"9c373109-817a-42de-9d93-65719db93261-8316722560","trial_id":131,"param_name":"lr","param_value_internal":0.0044754071645903845,"distribution":"{\"name\": \"FloatDistribution\", \"attributes\": {\"step\": null, \"low\": 0.0001, \"high\": 0.01, \"log\": true}}"}
{"op_code":5,"worker_id":"9c373109-817a-42de-9d93-65719db93261-8316722560","trial_id":131,"param_name":"hidden","param_value_internal":2,"distribution":"{\"name\": \"CategoricalDistribution\", \"attributes\": {\"choices\": [64, 128, 256]}}"}
{"op_code":5,"worker_id":"9c373109-817a-42de-9d93-65719db93261-8316722560","trial_id":131,"param_name":"clone_batch","param_value_internal":4,"distribution":"{\"name\": \"CategoricalDistribution\", \"attributes\": {\"choices\": [128, 256, 512, 1024, 2048]}}"}
{"op_code":5,"worker_id":"9c373109-817a-42de-9d93-65719db93261-8316722560","trial_id":131,"param_name":"clone_weight_decay","param_value_internal":2,"distribution":"{\"name\": \"CategoricalDistribution\", \"attributes\": {\"choices\": [0.0, 1e-06, 1e-05, 0.0001, 0.001]}}"}
{"op_code":5,"worker_id":"9c373109-817a-42de-9d93-65719db93261-8316722560","trial_id":131,"param_name":"clone_class_power","param_value_internal":0.09296820055598132,"distribution":"{\"name\": \"FloatDistribution\", \"attributes\": {\"step\": null, \"low\": 0.0, \"high\": 1.0, \"log\": false}}"}
{"op_code":5,"worker_id":"9c373109-817a-42de-9d93-65719db93261-8316722560","trial_id":131,"param_name":"clone_label_smoothing","param_value_internal":0,"distribution":"{\"name\": \"CategoricalDistribution\", \"attributes\": {\"choices\": [0.0, 0.05, 0.1]}}"}
{"op_code":5,"worker_id":"9c373109-817a-42de-9d93-65719db93261-8316722560","trial_id":131,"param_name":"clone_patience","param_value_internal":2,"distribution":"{\"name\": \"CategoricalDistribution\", \"attributes\": {\"choices\": [5, 10, 20]}}"}
{"op_code":8,"worker_id":"9c373109-817a-42de-9d93-65719db93261-8316722560","trial_id":131,"user_attr":{"tag":"cd9edfcfdc382"}}
{"op_code":8,"worker_id":"9c373109-817a-42de-9d93-65719db93261-8316722560","trial_id":131,"user_attr":{"overrides":{"lr":0.0044754071645903845,"hidden":256,"clone_batch":2048,"clone_weight_decay":1e-05,"clone_class_power":0.09296820055598132,"clone_label_smoothing":0.0,"clone_patience":20}}}
{"op_code":4,"worker_id":"9c373109-817a-42de-9d93-65719db93261-8316722560","study_id":0,"datetime_start":"2026-10-08T03:49:16.444489"}
{"op_code":9,"worker_id":"9c373109-817a-42de-9d93-65719db93261-8316722560","trial_id":132,"system_attr":{"tpe:relative_params:0":"{\"clone_batch\": 256, \"clone_class_power\": 0.056636325272020394, \"clone_label_smoothing\": 0.1, \"clone_patience\": 5, \"clone_weight_decay\": 1e-05, \"hidden\": 64, \"lr\": 0.0004059240807333011}"}}
{"op_code":5,"worker_id":"9c373109-817a-42de-9d93-65719db93261-8316722560","trial_id":132,"param_name":"lr","param_value_internal":0.0004059240807333011,"distribution":"{\"name\": \"FloatDistribution\", \"attributes\": {\"step\": null, \"low\": 0.0001, \"high\": 0.01, \"log\": true}}"}
{"op_code":5,"worker_id":"9c373109-817a-42de-9d93-65719db93261-8316722560","trial_id":132,"param_name":"hidden","param_value_internal":0,"distribution":"{\"name\": \"CategoricalDistribution\", \"attributes\": {\"choices\": [64, 128, 256]}}"}
{"op_code":5,"worker_id":"9c373109-817a-42de-9d93-65719db93261-8316722560","trial_id":132,"param_name":"clone_batch","param_value_internal":1,"distribution":"{\"name\": \"CategoricalDistribution\", \"attributes\": {\"choices\": [128, 256, 512, 1024, 2048]}}"}
{"op_code":5,"worker_id":"9c373109-817a-42de-9d93-65719db93261-8316722560","trial_id":132,"param_name":"clone_weight_decay","param_value_internal":2,"distribution":"{\"name\": \"CategoricalDistribution\", \"attributes\": {\"choices\": [0.0, 1e-06, 1e-05, 0.0001, 0.001]}}"}
{"op_code":5,"worker_id":"9c373109-817a-42de-9d93-65719db93261-8316722560","trial_id":132,"param_name":"clone_class_power","param_value_internal":0.056636325272020394,"distribution":"{\"name\": \"FloatDistribution\", \"attributes\": {\"step\": null, \"low\": 0.0, \"high\": 1.0, \"log\": false}}"}
{"op_code":5,"worker_id":"9c373109-817a-42de-9d93-65719db93261-8316722560","trial_id":132,"param_name":"clone_label_smoothing","param_value_internal":2,"distribution":"{\"name\": \"CategoricalDistribution\", \"attributes\": {\"choices\": [0.0, 0.05, 0.1]}}"}
{"op_code":5,"worker_id":"9c373109-817a-42de-9d93-65719db93261-8316722560","trial_id":132,"param_name":"clone_patience","param_value_internal":0,"distribution":"{\"name\": \"CategoricalDistribution\", \"attributes\": {\"choices\": [5, 10, 20]}}"}
{"op_code":8,"worker_id":"9c373109-817a-42de-9d93-65719db93261-8316722560","trial_id":132,"user_attr":{"tag":"c84d66625c017"}}
{"op_code":8,"worker_id":"9c373109-817a-42de-9d93-65719db93261-8316722560","trial_id":132,"user_attr":{"overrides":{"lr":0.0004059240807333011,"hidden":64,"clone_batch":256,"clone_weight_decay":1e-05,"clone_class_power":0.056636325272020394,"clone_label_smoothing":0.1,"clone_patience":5}}}
{"op_code":4,"worker_id":"9c373109-817a-42de-9d93-65719db93261-8316722560","study_id":0,"datetime_start":"2026-10-08T03:49:16.449909"}
{"op_code":9,"worker_id":"9c373109-817a-42de-9d93-65719db93261-8316722560","trial_id":133,"system_attr":{"tpe:relative_params:0":"{\"clone_batch\": 512, \"clone_class_power\": 0.06094922759988336, \"clone_label_smoothing\": 0.0, \"clone_patience\": 20, \"clone_weight_decay\": 0.0001, \"hidden\": 64, \"lr\": 0.007578322839248742}"}}
{"op_code":5,"worker_id":"9c373109-817a-42de-9d93-65719db93261-8316722560","trial_id":133,"param_name":"lr","param_value_internal":0.007578322839248742,"distribution":"{\"name\": \"FloatDistribution\", \"attributes\": {\"step\": null, \"low\": 0.0001, \"high\": 0.01, \"log\": true}}"}
{"op_code":5,"worker_id":"9c373109-817a-42de-9d93-65719db93261-8316722560","trial_id":133,"param_name":"hidden","param_value_internal":0,"distribution":"{\"name\": \"CategoricalDistribution\", \"attributes\": {\"choices\": [64, 128, 256]}}"}
{"op_code":5,"worker_id":"9c373109-817a-42de-9d93-65719db93261-8316722560","trial_id":133,"param_name":"clone_batch","param_value_internal":2,"distribution":"{\"name\": \"CategoricalDistribution\", \"attributes\": {\"choices\": [128, 256, 512, 1024, 2048]}}"}
{"op_code":5,"worker_id":"9c373109-817a-42de-9d93-65719db93261-8316722560","trial_id":133,"param_name":"clone_weight_decay","param_value_internal":3,"distribution":"{\"name\": \"CategoricalDistribution\", \"attributes\": {\"choices\": [0.0, 1e-06, 1e-05, 0.0001, 0.001]}}"}
{"op_code":5,"worker_id":"9c373109-817a-42de-9d93-65719db93261-8316722560","trial_id":133,"param_name":"clone_class_power","param_value_internal":0.06094922759988336,"distribution":"{\"name\": \"FloatDistribution\", \"attributes\": {\"step\": null, \"low\": 0.0, \"high\": 1.0, \"log\": false}}"}
{"op_code":5,"worker_id":"9c373109-817a-42de-9d93-65719db93261-8316722560","trial_id":133,"param_name":"clone_label_smoothing","param_value_internal":0,"distribution":"{\"name\": \"CategoricalDistribution\", \"attributes\": {\"choices\": [0.0, 0.05, 0.1]}}"}
{"op_code":5,"worker_id":"9c373109-817a-42de-9d93-65719db93261-8316722560","trial_id":133,"param_name":"clone_patience","param_value_internal":2,"distribution":"{\"name\": \"CategoricalDistribution\", \"attributes\": {\"choices\": [5, 10, 20]}}"}
{"op_code":8,"worker_id":"9c373109-817a-42de-9d93-65719db93261-8316722560","trial_id":133,"user_attr":{"tag":"c41ed00d5e774"}}
{"op_code":8,"worker_id":"9c373109-817a-42de-9d93-65719db93261-8316722560","trial_id":133,"user_attr":{"overrides":{"lr":0.007578322839248742,"hidden":64,"clone_batch":512,"clone_weight_decay":0.0001,"clone_class_power":0.06094922759988336,"clone_label_smoothing":0.0,"clone_patience":20}}}
{"op_code":4,"worker_id":"9c373109-817a-42de-9d93-65719db93261-8316722560","study_id":0,"datetime_start":"2026-10-08T03:49:16.455220"}
{"op_code":9,"worker_id":"9c373109-817a-42de-9d93-65719db93261-8316722560","trial_id":134,"system_attr":{"tpe:relative_params:0":"{\"clone_batch\": 512, \"clone_class_power\": 0.1794678539157208, \"clone_label_smoothing\": 0.1, \"clone_patience\": 5, \"clone_weight_decay\": 0.0001, \"hidden\": 128, \"lr\": 0.00011239709893259694}"}}
{"op_code":5,"worker_id":"9c373109-817a-42de-9d93-65719db93261-8316722560","trial_id":134,"param_name":"lr","param_value_internal":0.00011239709893259694,"distribution":"{\"name\": \"FloatDistribution\", \"attributes\": {\"step\": null, \"low\": 0.0001, \"high\": 0.01, \"log\": true}}"}
{"op_code":5,"worker_id":"9c373109-817a-42de-9d93-65719db93261-8316722560","trial_id":134,"param_name":"hidden","param_value_internal":1,"distribution":"{\"name\": \"CategoricalDistribution\", \"attributes\": {\"choices\": [64, 128, 256]}}"}
{"op_code":5,"worker_id":"9c373109-817a-42de-9d93-65719db93261-8316722560","trial_id":134,"param_name":"clone_batch","param_value_internal":2,"distribution":"{\"name\": \"CategoricalDistribution\", \"attributes\": {\"choices\": [128, 256, 512, 1024, 2048]}}"}
{"op_code":5,"worker_id":"9c373109-817a-42de-9d93-65719db93261-8316722560","trial_id":134,"param_name":"clone_weight_decay","param_value_internal":3,"distribution":"{\"name\": \"CategoricalDistribution\", \"attributes\": {\"choices\": [0.0, 1e-06, 1e-05, 0.0001, 0.001]}}"}
{"op_code":5,"worker_id":"9c373109-817a-42de-9d93-65719db93261-8316722560","trial_id":134,"param_name":"clone_class_power","param_value_internal":0.1794678539157208,"distribution":"{\"name\": \"FloatDistribution\", \"attributes\": {\"step\": null, \"low\": 0.0, \"high\": 1.0, \"log\": false}}"}
{"op_code":5,"worker_id":"9c373109-817a-42de-9d93-65719db93261-8316722560","trial_id":134,"param_name":"clone_label_smoothing","param_value_internal":2,"distribution":"{\"name\": \"CategoricalDistribution\", \"attributes\": {\"choices\": [0.0, 0.05, 0.1]}}"}
{"op_code":5,"worker_id":"9c373109-817a-42de-9d93-65719db93261-8316722560","trial_id":134,"param_name":"clone_patience","param_value_internal":0,"distribution":"{\"name\": \"CategoricalDistribution\", \"attributes\": {\"choices\": [5, 10, 20]}}"}
{"op_code":8,"worker_id":"9c373109-817a-42de-9d93-65719db93261-8316722560","trial_id":134,"user_attr":{"tag":"c678c42676249"}}
{"op_code":8,"worker_id":"9c373109-817a-42de-9d93-65719db93261-8316722560","trial_id":134,"user_attr":{"overrides":{"lr":0.00011239709893259694,"hidden":128,"clone_batch":512,"clone_weight_decay":0.0001,"clone_class_power":0.1794678539157208,"clone_label_smoothing":0.1,"clone_patience":5}}}
{"op_code":4,"worker_id":"9c373109-817a-42de-9d93-65719db93261-8316722560","study_id":0,"datetime_start":"2026-10-08T03:49:16.460571"}
{"op_code":9,"worker_id":"9c373109-817a-42de-9d93-65719db93261-8316722560","trial_id":135,"system_attr":{"tpe:relative_params:0":"{\"clone_batch\": 512, \"clone_class_power\": 0.06162218990518797, \"clone_label_smoothing\": 0.1, \"clone_patience\": 20, \"clone_weight_decay\": 1e-05, \"hidden\": 128, \"lr\": 0.008899343398578527}"}}
{"op_code":5,"worker_id":"9c373109-817a-42de-9d93-65719db93261-8316722560","trial_id":135,"param_name":"lr","param_value_internal":0.008899343398578527,"distribution":"{\"name\": \"FloatDistribution\", \"attributes\": {\"step\": null, \"low\": 0.0001, \"high\": 0.01, \"log\": true}}"}
{"op_code":5,"worker_id":"9c373109-817a-42de-9d93-65719db93261-8316722560","trial_id":135,"param_name":"hidden","param_value_internal":1,"distribution":"{\"name\": \"CategoricalDistribution\", \"attributes\": {\"choices\": [64, 128, 256]}}"}
{"op_code":5,"worker_id":"9c373109-817a-42de-9d93-65719db93261-8316722560","trial_id":135,"param_name":"clone_batch","param_value_internal":2,"distribution":"{\"name\": \"CategoricalDistribution\", \"attributes\": {\"choices\": [128, 256, 512, 1024, 2048]}}"}
{"op_code":5,"worker_id":"9c373109-817a-42de-9d93-65719db93261-8316722560","trial_id":135,"param_name":"clone_weight_decay","param_value_internal":2,"distribution":"{\"name\": \"CategoricalDistribution\", \"attributes\": {\"choices\": [0.0, 1e-06, 1e-05, 0.0001, 0.001]}}"}
{"op_code":5,"worker_id":"9c373109-817a-42de-9d93-65719db93261-8316722560","trial_id":135,"param_name":"clone_class_power","param_value_internal":0.06162218990518797,"distribution":"{\"name\": \"FloatDistribution\", \"attributes\": {\"step\": null, \"low\": 0.0, \"high\": 1.0, \"log\": false}}"}
{"op_code":5,"worker_id":"9c373109-817a-42de-9d93-65719db93261-8316722560","trial_id":135,"param_name":"clone_label_smoothing","param_value_internal":2,"distribution":"{\"name\": \"CategoricalDistribution\", \"attributes\": {\"choices\": [0.0, 0.05, 0.1]}}"}
{"op_code":5,"worker_id":"9c373109-817a-42de-9d93-65719db93261-8316722560","trial_id":135,"param_name":"clone_patience","param_value_internal":2,"distribution":"{\"name\": \"CategoricalDistribution\", \"attributes\": {\"choices\": [5, 10, 20]}}"}
{"op_code":8,"worker_id":"9c373109-817a-42de-9d93-65719db93261-8316722560","trial_id":135,"user_attr":{"tag":"c757db2076bb3"}}
{"op_code":8,"worker_id":"9c373109-817a-42de-9d93-65719db93261-8316722560","trial_id":135,"user_attr":{"overrides":{"lr":0.008899343398578527,"hidden":128,"clone_batch":512,"clone_weight_decay":1e-05,"clone_class_power":0.06162218990518797,"clone_label_smoothing":0.1,"clone_patience":20}}}
{"op_code":4,"worker_id":"9c373109-817a-42de-9d93-65719db93261-8316722560","study_id":0,"datetime_start":"2026-10-08T03:49:16.466161"}
{"op_code":9,"worker_id":"9c373109-817a-42de-9d93-65719db93261-8316722560","trial_id":136,"system_attr":{"tpe:relative_params:0":"{\"clone_batch\": 1024, \"clone_class_power\": 0.18199398589667043, \"clone_label_smoothing\": 0.05, \"clone_patience\": 5, \"clone_weight_decay\": 0.0001, \"hidden\": 64, \"lr\": 0.0013869243050120134}"}}
{"op_code":5,"worker_id":"9c373109-817a-42de-9d93-65719db93261-8316722560","trial_id":136,"param_name":"lr","param_value_internal":0.0013869243050120134,"distribution":"{\"name\": \"FloatDistribution\", \"attributes\": {\"step\": null, \"low\": 0.0001, \"high\": 0.01, \"log\": true}}"}
{"op_code":5,"worker_id":"9c373109-817a-42de-9d93-65719db93261-8316722560","trial_id":136,"param_name":"hidden","param_value_internal":0,"distribution":"{\"name\": \"CategoricalDistribution\", \"attributes\": {\"choices\": [64, 128, 256]}}"}
{"op_code":5,"worker_id":"9c373109-817a-42de-9d93-65719db93261-8316722560","trial_id":136,"param_name":"clone_batch","param_value_internal":3,"distribution":"{\"name\": \"CategoricalDistribution\", \"attributes\": {\"choices\": [128, 256, 512, 1024, 2048]}}"}
{"op_code":5,"worker_id":"9c373109-817a-42de-9d93-65719db93261-8316722560","trial_id":136,"param_name":"clone_weight_decay","param_value_internal":3,"distribution":"{\"name\": \"CategoricalDistribution\", \"attributes\": {\"choices\": [0.0, 1e-06, 1e-05, 0.0001, 0.001]}}"}
{"op_code":5,"worker_id":"9c373109-817a-42de-9d93-65719db93261-8316722560","trial_id":136,"param_name":"clone_class_power","param_value_internal":0.18199398589667043,"distribution":"{\"name\": \"FloatDistribution\", \"attributes\": {\"step\": null, \"low\": 0.0, \"high\": 1.0, \"log\": false}}"}
{"op_code":5,"worker_id":"9c373109-817a-42de-9d93-65719db93261-8316722560","trial_id":136,"param_name":"clone_label_smoothing","param_value_internal":1,"distribution":"{\"name\": \"CategoricalDistribution\", \"attributes\": {\"choices\": [0.0, 0.05, 0.1]}}"}
{"op_code":5,"worker_id":"9c373109-817a-42de-9d93-65719db93261-8316722560","trial_id":136,"param_name":"clone_patience","param_value_internal":0,"distribution":"{\"name\": \"CategoricalDistribution\", \"attributes\": {\"choices\": [5, 10, 20]}}"}
{"op_code":8,"worker_id":"9c373109-817a-42de-9d93-65719db93261-8316722560","trial_id":136,"user_attr":{"tag":"cef780ffec02e"}}
{"op_code":8,"worker_id":"9c373109-817a-42de-9d93-65719db93261-8316722560","trial_id":136,"user_attr":{"overrides":{"lr":0.0013869243050120134,"hidden":64,"clone_batch":1024,"clone_weight_decay":0.0001,"clone_class_power":0.18199398589667043,"clone_label_smoothing":0.05,"clone_patience":5}}}
{"op_code":4,"worker_id":"9c373109-817a-42de-9d93-65719db93261-8316722560","study_id":0,"datetime_start":"2026-10-08T03:49:16.472323"}
{"op_code":9,"worker_id":"9c373109-817a-42de-9d93-65719db93261-8316722560","trial_id":137,"system_attr":{"tpe:relative_params:0":"{\"clone_batch\": 1024, \"clone_class_power\": 0.0512703585032623, \"clone_label_smoothing\": 0.1, \"clone_patience\": 20, \"clone_weight_decay\": 0.0, \"hidden\": 128, \"lr\": 0.00037300837211735205}"}}
{"op_code":5,"worker_id":"9c373109-817a-42de-9d93-65719db93261-8316722560","trial_id":137,"param_name":"lr","param_value_internal":0.00037300837211735205,"distribution":"{\"name\": \"FloatDistribution\", \"attributes\": {\"step\": null, \"low\": 0.0001, \"high\": 0.01, \"log\": true}}"}
{"op_code":5,"worker_id":"9c373109-817a-42de-9d93-65719db93261-8316722560","trial_id":137,"param_name":"hidden","param_value_internal":1,"distribution":"{\"name\": \"CategoricalDistribution\", \"attributes\": {\"choices\": [64, 128, 256]}}"}
{"op_code":5,"worker_id":"9c373109-817a-42de-9d93-65719db93261-8316722560","trial_id":137,"param_name":"clone_batch","param_value_internal":3,"distribution":"{\"name\": \"CategoricalDistribution\", \"attributes\": {\"choices\": [128, 256, 512, 1024, 2048]}}"}
{"op_code":5,"worker_id":"9c373109-817a-42de-9d93-65719db93261-8316722560","trial_id":137,"param_name":"clone_weight_decay","param_value_internal":0,"distribution":"{\"name\": \"CategoricalDistribution\", \"attributes\": {\"choices\": [0.0, 1e-06, 1e-05, 0.0001, 0.001]}}"}
{"op_code":5,"worker_id":"9c373109-817a-42de-9d93-65719db93261-8316722560","trial_id":137,"param_name":"clone_class_power","param_value_internal":0.0512703585032623,"distribution":"{\"name\": \"FloatDistribution\", \"attributes\": {\"step\": null, \"low\": 0.0, \"high\": 1.0, \"log\": false}}"}
{"op_code":5,"worker_id":"9c373109-817a-42de-9d93-65719db93261-8316722560","trial_id":137,"param_name":"clone_label_smoothing","param_value_internal":2,"distribution":"{\"name\": \"CategoricalDistribution\", \"attributes\": {\"choices\": [0.0, 0.05, 0.1]}}"}
{"op_code":5,"worker_id":"9c373109-817a-42de-9d93-65719db93261-8316722560","trial_id":137,"param_name":"clone_patience","param_value_internal":2,"distribution":"{\"name\": \"CategoricalDistribution\", \"attributes\": {\"choices\": [5, 10, 20]}}"}
{"op_code":8,"worker_id":"9c373109-817a-42de-9d93-65719db93261-8316722560","trial_id":137,"user_attr":{"tag":"c8d093c278b98"}}
{"op_code":8,"worker_id":"9c373109-817a-42de-9d93-65719db93261-8316722560","trial_id":137,"user_attr":{"overrides":{"lr":0.00037300837211735205,"hidden":128,"clone_batch":1024,"clone_weight_decay":0.0,"clone_class_power":0.0512703585032623,"clone_label_smoothing":0.1,"clone_patience":20}}}
{"op_code":4,"worker_id":"9c373109-817a-42de-9d93-65719db93261-8316722560","study_id":0,"datetime_start":"2026-10-08T03:49:16.478647"}
{"op_code":9,"worker_id":"9c373109-817a-42de-9d93-65719db93261-8316722560","trial_id":138,"system_attr":{"tpe:relative_params:0":"{\"clone_batch\": 128, \"clone_class_power\": 0.07120493716049076, \"clone_label_smoothing\": 0.1, \"clone_patience\": 5, \"clone_weight_decay\": 1e-06, \"hidden\": 64, \"lr\": 0.0008467688881498111}"}}
{"op_code":5,"worker_id":"9c373109-817a-42de-9d93-65719db93261-8316722560","trial_id":138,"param_name":"lr","param_value_internal":0.0008467688881498111,"distribution":"{\"name\": \"FloatDistribution\", \"attributes\": {\"step\": null, \"low\": 0.0001, \"high\": 0.01, \"log\": true}}"}
{"op_code":5,"worker_id":"9c373109-817a-42de-9d93-65719db93261-8316722560","trial_id":138,"param_name":"hidden","param_value_internal":0,"distribution":"{\"name\": \"CategoricalDistribution\", \"attributes\": {\"choices\": [64, 128, 256]}}"}
{"op_code":5,"worker_id":"9c373109-817a-42de-9d93-65719db93261-8316722560","trial_id":138,"param_name":"clone_batch","param_value_internal":0,"distribution":"{\"name\": \"CategoricalDistribution\", \"attributes\": {\"choices\": [128, 256, 512, 1024, 2048]}}"}
{"op_code":5,"worker_id":"9c373109-817a-42de-9d93-65719db93261-8316722560","trial_id":138,"param_name":"clone_weight_decay","param_value_internal":1,"distribution":"{\"name\": \"CategoricalDistribution\", \"attributes\": {\"choices\": [0.0, 1e-06, 1e-05, 0.0001, 0.001]}}"}
{"op_code":5,"worker_id":"9c373109-817a-42de-9d93-65719db93261-8316722560","trial_id":138,"param_name":"clone_class_power","param_value_internal":0.07120493716049076,"distribution":"{\"name\": \"FloatDistribution\", \"attributes\": {\"step\": null, \"low\": 0.0, \"high\": 1.0, \"log\": false}}"}
{"op_code":5,"worker_id":"9c373109-817a-42de-9d93-65719db93261-8316722560","trial_id":138,"param_name":"clone_label_smoothing","param_value_internal":2,"distribution":"{\"name\": \"CategoricalDistribution\", \"attributes\": {\"choices\": [0.0, 0.05, 0.1]}}"}
{"op_code":5,"worker_id":"9c373109-817a-42de-9d93-65719db93261-8316722560","trial_id":138,"param_name":"clone_patience","param_value_internal":0,"distribution":"{\"name\": \"CategoricalDistribution\", \"attributes\": {\"choices\": [5, 10, 20]}}"}
{"op_code":8,"worker_id":"9c373109-817a-42de-9d93-65719db93261-8316722560","trial_id":138,"user_attr":{"tag":"cc238aa58b214"}}
{"op_code":8,"worker_id":"9c373109-817a-42de-9d93-65719db93261-8316722560","trial_id":138,"user_attr":{"overrides":{"lr":0.0008467688881498111,"hidden":64,"clone_batch":128,"clone_weight_decay":1e-06,"clone_class_power":0.07120493716049076,"clone_label_smoothing":0.1,"clone_patience":5}}}
{"op_code":4,"worker_id":"9c373109-817a-42de-9d93-65719db93261-8316722560","study_id":0,"datetime_start":"2026-10-08T03:49:16.485203"}
{"op_code":9,"worker_id":"9c373109-817a-42de-9d93-65719db93261-8316722560","trial_id":139,"system_attr":{"tpe:relative_params:0":"{\"clone_batch\": 512, \"clone_class_power\": 0.026567600558801335, \"clone_label_smoothing\": 0.0, \"clone_patience\": 20, \"clone_weight_decay\": 0.0, \"hidden\": 64, \"lr\": 0.0005577978057327483}"}}
{"op_code":5,"worker_id":"9c373109-817a-42de-9d93-65719db93261-8316722560","trial_id":139,"param_name":"lr","param_value_internal":0.0005577978057327483,"distribution":"{\"name\": \"FloatDistribution\", \"attributes\": {\"step\": null, \"low\": 0.0001, \"high\": 0.01, \"log\": true}}"}
{"op_code":5,"worker_id":"9c373109-817a-42de-9d93-65719db93261-8316722560","trial_id":139,"param_name":"hidden","param_value_internal":0,"distribution":"{\"name\": \"CategoricalDistribution\", \"attributes\": {\"choices\": [64, 128, 256]}}"}
{"op_code":5,"worker_id":"9c373109-817a-42de-9d93-65719db93261-8316722560","trial_id":139,"param_name":"clone_batch","param_value_internal":2,"distribution":"{\"name\": \"CategoricalDistribution\", \"attributes\": {\"choices\": [128, 256, 512, 1024, 2048]}}"}
{"op_code":5,"worker_id":"9c373109-817a-42de-9d93-65719db93261-8316722560","trial_id":139,"param_name":"clone_weight_decay","param_value_internal":0,"distribution":"{\"name\": \"CategoricalDistribution\", \"attributes\": {\"choices\": [0.0, 1e-06, 1e-05, 0.0001, 0.001]}}"}
{"op_code":5,"worker_id":"9c373109-817a-42de-9d93-65719db93261-8316722560","trial_id":139,"param_name":"clone_class_power","param_value_internal":0.026567600558801335,"distribution":"{\"name\": \"FloatDistribution\", \"attributes\": {\"step\": null, \"low\": 0.0, \"high\": 1.0, \"log\": false}}"}
{"op_code":5,"worker_id":"9c373109-817a-42de-9d93-65719db93261-8316722560","trial_id":139,"param_name":"clone_label_smoothing","param_value_internal":0,"distribution":"{\"name\": \"CategoricalDistribution\", \"attributes\": {\"choices\": [0.0, 0.05, 0.1]}}"}
{"op_code":5,"worker_id":"9c373109-817a-42de-9d93-65719db93261-8316722560","trial_id":139,"param_name":"clone_patience","param_value_internal":2,"distribution":"{\"name\": \"CategoricalDistribution\", \"attributes\": {\"choices\": [5, 10, 20]}}"}
{"op_code":8,"worker_id":"9c373109-817a-42de-9d93-65719db93261-8316722560","trial_id":139,"user_attr":{"tag":"cce8a4a8ede8e"}}
{"op_code":8,"worker_id":"9c373109-817a-42de-9d93-65719db93261-8316722560","trial_id":139,"user_attr":{"overrides":{"lr":0.0005577978057327483,"hidden":64,"clone_batch":512,"clone_weight_decay":0.0,"clone_class_power":0.026567600558801335,"clone_label_smoothing":0.0,"clone_patience":20}}}
{"op_code":4,"worker_id":"9c373109-817a-42de-9d93-65719db93261-8316722560","study_id":0,"datetime_start":"2026-10-08T03:49:16.491358"}
{"op_code":9,"worker_id":"9c373109-817a-42de-9d93-65719db93261-8316722560","trial_id":140,"system_attr":{"tpe:relative_params:0":"{\"clone_batch\": 1024, \"clone_class_power\": 0.3778667255037301, \"clone_label_smoothing\": 0.1, \"clone_patience\": 5, \"clone_weight_decay\": 1e-06, \"hidden\": 128, \"lr\": 0.00043188834333405233}"}}
{"op_code":5,"worker_id":"9c373109-817a-42de-9d93-65719db93261-8316722560","trial_id":140,"param_name":"lr","param_value_internal":0.00043188834333405233,"distribution":"{\"name\": \"FloatDistribution\", \"attributes\": {\"step\": null, \"low\": 0.0001, \"high\": 0.01, \"log\": true}}"}
{"op_code":5,"worker_id":"9c373109-817a-42de-9d93-65719db93261-8316722560","trial_id":140,"param_name":"hidden","param_value_internal":1,"distribution":"{\"name\": \"CategoricalDistribution\", \"attributes\": {\"choices\": [64, 128, 256]}}"}
{"op_code":5,"worker_id":"9c373109-817a-42de-9d93-65719db93261-8316722560","trial_id":140,"param_name":"clone_batch","param_value_internal":3,"distribution":"{\"name\": \"CategoricalDistribution\", \"attributes\": {\"choices\": [128, 256, 512, 1024, 2048]}}"}
{"op_code":5,"worker_id":"9c373109-817a-42de-9d93-65719db93261-8316722560","trial_id":140,"param_name":"clone_weight_decay","param_value_internal":1,"distribution":"{\"name\": \"CategoricalDistribution\", \"attributes\": {\"choices\": [0.0, 1e-06, 1e-05, 0.0001, 0.001]}}"}
{"op_code":5,"worker_id":"9c373109-817a-42de-9d93-65719db93261-8316722560","trial_id":140,"param_name":"clone_class_power","param_value_internal":0.3778667255037301,"distribution":"{\"name\": \"FloatDistribution\", \"attributes\": {\"step\": null, \"low\": 0.0, \"high\": 1.0, \"log\": false}}"}
{"op_code":5,"worker_id":"9c373109-817a-42de-9d93-65719db93261-8316722560","trial_id":140,"param_name":"clone_label_smoothing","param_value_internal":2,"distribution":"{\"name\": \"CategoricalDistribution\", \"attributes\": {\"choices\": [0.0, 0.05, 0.1]}}"}
{"op_code":5,"worker_id":"9c373109-817a-42de-9d93-65719db93261-8316722560","trial_id":140,"param_name":"clone_patience","param_value_internal":0,"distribution":"{\"name\": \"CategoricalDistribution\", \"attributes\": {\"choices\": [5, 10, 20]}}"}
{"op_code":8,"worker_id":"9c373109-817a-42de-9d93-65719db93261-8316722560","trial_id":140,"user_attr":{"tag":"c9d901fd89ae4"}}
{"op_code":8,"worker_id":"9c373109-817a-42de-9d93-65719db93261-8316722560","trial_id":140,"user_attr":{"overrides":{"lr":0.00043188834333405233,"hidden":128,"clone_batch":1024,"clone_weight_decay":1e-06,"clone_class_power":0.3778667255037301,"clone_label_smoothing":0.1,"clone_patience":5}}}
{"op_code":4,"worker_id":"9c373109-817a-42de-9d93-65719db93261-8316722560","study_id":0,"datetime_start":"2026-10-08T03:49:16.497230"}
{"op_code":9,"worker_id":"9c373109-817a-42de-9d93-65719db93261-8316722560","trial_id":141,"system_attr":{"tpe:relative_params:0":"{\"clone_batch\": 1024, \"clone_class_power\": 0.006262262544238437, \"clone_label_smoothing\": 0.0, \"clone_patience\": 20, \"clone_weight_decay\": 0.001, \"hidden\": 64, \"lr\": 0.0009431148419340199}"}}
{"op_code":5,"worker_id":"9c373109-817a-42de-9d93-65719db93261-8316722560","trial_id":141,"param_name":"lr","param_value_internal":0.0009431148419340199,"distribution":"{\"name\": \"FloatDistribution\", \"attributes\": {\"step\": null, \"low\": 0.0001, \"high\": 0.01, \"log\": true}}"}
{"op_code":5,"worker_id":"9c373109-817a-42de-9d93-65719db93261-8316722560","trial_id":141,"param_name":"hidden","param_value_internal":0,"distribution":"{\"name\": \"CategoricalDistribution\", \"attributes\": {\"choices\": [64, 128, 256]}}"}
{"op_code":5,"worker_id":"9c373109-817a-42de-9d93-65719db93261-8316722560","trial_id":141,"param_name":"clone_batch","param_value_internal":3,"distribution":"{\"name\": \"CategoricalDistribution\", \"attributes\": {\"choices\": [128, 256, 512, 1024, 2048]}}"}
{"op_code":5,"worker_id":"9c373109-817a-42de-9d93-65719db93261-8316722560","trial_id":141,"param_name":"clone_weight_decay","param_value_internal":4,"distribution":"{\"name\": \"CategoricalDistribution\", \"attributes\": {\"choices\": [0.0, 1e-06, 1e-05, 0.0001, 0.001]}}"}
{"op_code":5,"worker_id":"9c373109-817a-42de-9d93-65719db93261-8316722560","trial_id":141,"param_name":"clone_class_power","param_value_internal":0.006262262544238437,"distribution":"{\"name\": \"FloatDistribution\", \"attributes\": {\"step\": null, \"low\": 0.0, \"high\": 1.0, \"log\": false}}"}
{"op_code":5,"worker_id":"9c373109-817a-42de-9d93-65719db93261-8316722560","trial_id":141,"param_name":"clone_label_smoothing","param_value_internal":0,"distribution":"{\"name\": \"CategoricalDistribution\", \"attributes\": {\"choices\": [0.0, 0.05, 0.1]}}"}
{"op_code":5,"worker_id":"9c373109-817a-42de-9d93-65719db93261-8316722560","trial_id":141,"param_name":"clone_patience","param_value_internal":2,"distribution":"{\"name\": \"CategoricalDistribution\", \"attributes\": {\"choices\": [5, 10, 20]}}"}
{"op_code":8,"worker_id":"9c373109-817a-42de-9d93-65719db93261-8316722560","trial_id":141,"user_attr":{"tag":"c5e582b21fd39"}}
{"op_code":8,"worker_id":"9c373109-817a-42de-9d93-65719db93261-8316722560","trial_id":141,"user_attr":{"overrides":{"lr":0.0009431148419340199,"hidden":64,"clone_batch":1024,"clone_weight_decay":0.001,"clone_class_power":0.006262262544238437,"clone_label_smoothing":0.0,"clone_patience":20}}}
{"op_code":4,"worker_id":"9c373109-817a-42de-9d93-65719db93261-8316722560","study_id":0,"datetime_start":"2026-10-08T03:49:16.502620"}
{"op_code":9,"worker_id":"9c373109-817a-42de-9d93-65719db93261-8316722560","trial_id":142,"system_attr":{"tpe:relative_params:0":"{\"clone_batch\": 256, \"clone_class_power\": 0.016093933584040206, \"clone_label_smoothing\": 0.05, \"clone_patience\": 20, \"clone_weight_decay\": 1e-06, \"hidden\": 256, \"lr\": 0.001180982082164059}"}}
{"op_code":5,"worker_id":"9c373109-817a-42de-9d93-65719db93261-8316722560","trial_id":142,"param_name":"lr","param_value_internal":0.001180982082164059,"distribution":"{\"name\": \"FloatDistribution\", \"attributes\": {\"step\": null, \"low\": 0.0001, \"high\": 0.01, \"log\": true}}"}
{"op_code":5,"worker_id":"9c373109-817a-42de-9d93-65719db93261-8316722560","trial_id":142,"param_name":"hidden","param_value_internal":2,"distribution":"{\"name\": \"CategoricalDistribution\", \"attributes\": {\"choices\": [64, 128, 256]}}"}
{"op_code":5,"worker_id":"9c373109-817a-42de-9d93-65719db93261-8316722560","trial_id":142,"param_name":"clone_batch","param_value_internal":1,"distribution":"{\"name\": \"CategoricalDistribution\", \"attributes\": {\"choices\": [128, 256, 512, 1024, 2048]}}"}
{"op_code":5,"worker_id":"9c373109-817a-42de-9d93-65719db93261-8316722560","trial_id":142,"param_name":"clone_weight_decay","param_value_internal":1,"distribution":"{\"name\": \"CategoricalDistribution\", \"attributes\": {\"choices\": [0.0, 1e-06, 1e-05, 0.0001, 0.001]}}"}
{"op_code":5,"worker_id":"9c373109-817a-42de-9d93-65719db93261-8316722560","trial_id":142,"param_name":"clone_class_power","param_value_internal":0.016093933584040206,"distribution":"{\"name\": \"FloatDistribution\", \"attributes\": {\"step\": null, \"low\": 0.0, \"high\": 1.0, \"log\": false}}"}
{"op_code":5,"worker_id":"9c373109-817a-42de-9d93-65719db93261-8316722560","trial_id":142,"param_name":"clone_label_smoothing","param_value_internal":1,"distribution":"{\"name\": \"CategoricalDistribution\", \"attributes\": {\"choices\": [0.0, 0.05, 0.1]}}"}
{"op_code":5,"worker_id":"9c373109-817a-42de-9d93-65719db93261-8316722560","trial_id":142,"param_name":"clone_patience","param_value_internal":2,"distribution":"{\"name\": \"CategoricalDistribution\", \"attributes\": {\"choices\": [5, 10, 20]}}"}
{"op_code":8,"worker_id":"9c373109-817a-42de-9d93-65719db93261-8316722560","trial_id":142,"user_attr":{"tag":"ccedd25cc2e8c"}}
{"op_code":8,"worker_id":"9c373109-817a-42de-9d93-65719db93261-8316722560","trial_id":142,"user_attr":{"overrides":{"lr":0.001180982082164059,"hidden":256,"clone_batch":256,"clone_weight_decay":1e-06,"clone_class_power":0.016093933584040206,"clone_label_smoothing":0.05,"clone_patience":20}}}
{"op_code":4,"worker_id":"9c373109-817a-42de-9d93-65719db93261-8316722560","study_id":0,"datetime_start":"2026-10-08T03:49:16.508254"}
{"op_code":9,"worker_id":"9c373109-817a-42de-9d93-65719db93261-8316722560","trial_id":143,"system_attr":{"tpe:relative_params:0":"{\"clone_batch\": 2048, \"clone_class_power\": 0.3115851010384177, \"clone_label_smoothing\": 0.05, \"clone_patience\": 5, \"clone_weight_decay\": 0.0001, \"hidden\": 256, \"lr\": 0.002239056342410564}"}}
{"op_code":5,"worker_id":"9c373109-817a-42de-9d93-65719db93261-8316722560","trial_id":143,"param_name":"lr","param_value_internal":0.002239056342410564,"distribution":"{\"name\": \"FloatDistribution\", \"attributes\": {\"step\": null, \"low\": 0.0001, \"high\": 0.01, \"log\": true}}"}
{"op_code":5,"worker_id":"9c373109-817a-42de-9d93-65719db93261-8316722560","trial_id":143,"param_name":"hidden","param_value_internal":2,"distribution":"{\"name\": \"CategoricalDistribution\", \"attributes\": {\"choices\": [64, 128, 256]}}"}
{"op_code":5,"worker_id":"9c373109-817a-42de-9d93-65719db93261-8316722560","trial_id":143,"param_name":"clone_batch","param_value_internal":4,"distribution":"{\"name\": \"CategoricalDistribution\", \"attributes\": {\"choices\": [128, 256, 512, 1024, 2048]}}"}
{"op_code":5,"worker_id":"9c373109-817a-42de-9d93-65719db93261-8316722560","trial_id":143,"param_name":"clone_weight_decay","param_value_internal":3,"distribution":"{\"name\": \"CategoricalDistribution\", \"attributes\": {\"choices\": [0.0, 1e-06, 1e-05, 0.0001, 0.001]}}"}
{"op_code":5,"worker_id":"9c373109-817a-42de-9d93-65719db93261-8316722560","trial_id":143,"param_name":"clone_class_power","param_value_internal":0.3115851010384177,"distribution":"{\"name\": \"FloatDistribution\", \"attributes\": {\"step\": null, \"low\": 0.0, \"high\": 1.0, \"log\": false}}"}
{"op_code":5,"worker_id":"9c373109-817a-42de-9d93-65719db93261-8316722560","trial_id":143,"param_name":"clone_label_smoothing","param_value_internal":1,"distribution":"{\"name\": \"CategoricalDistribution\", \"attributes\": {\"choices\": [0.0, 0.05, 0.1]}}"}
{"op_code":5,"worker_id":"9c373109-817a-42de-9d93-65719db93261-8316722560","trial_id":143,"param_name":"clone_patience","param_value_internal":0,"distribution":"{\"name\": \"CategoricalDistribution\", \"attributes\": {\"choices\": [5, 10, 20]}}"}
{"op_code":8,"worker_id":"9c373109-817a-42de-9d93-65719db93261-8316722560","trial_id":143,"user_attr":{"tag":"c099e0ccb762e"}}
{"op_code":8,"worker_id":"9c373109-817a-42de-9d93-65719db93261-8316722560","trial_id":143,"user_attr":{"overrides":{"lr":0.002239056342410564,"hidden":256,"clone_batch":2048,"clone_weight_decay":0.0001,"clone_class_power":0.3115851010384177,"clone_label_smoothing":0.05,"clone_patience":5}}}
{"op_code":7,"worker_id":"9c373109-817a-42de-9d93-65719db93261-8316722560","trial_id":96,"step":16,"intermediate_value":44.23206766648585}
{"op_code":8,"worker_id":"9c373109-817a-42de-9d93-65719db93261-8316722560","trial_id":96,"user_attr":{"hh_saving":{"254":39.11661980362937,"185":39.548036234387105,"230":43.79557105384191,"266":45.487478476548176,"145":42.72245064006537,"229":47.17313799236749,"300":61.13514921712809,"69":43.36204150731643,"136":24.58629571737957,"56":48.93807591484923,"72":34.02104202786107,"26":26.20689050651078,"45":53.64665883529912,"208":50.324044529743944,"40":20.997937065170188,"173":86.65165314167574}}}
{"op_code":8,"worker_id":"9c373109-817a-42de-9d93-65719db93261-8316722560","trial_id":96,"user_attr":{"val_efc_mean":59.506762509374994}}
{"op_code":8,"worker_id":"9c373109-817a-42de-9d93-65719db93261-8316722560","trial_id":96,"user_attr":{"converged_share":1.0}}
{"op_code":8,"worker_id":"9c373109-817a-42de-9d93-65719db93261-8316722560","trial_id":96,"user_attr":{"wall_s":345.73609709739685}}
{"op_code":6,"worker_id":"9c373109-817a-42de-9d93-65719db93261-8316722560","trial_id":96,"state":1,"values":[44.23206766648585],"datetime_complete":"2026-10-08T03:51:15.773147"}
{"op_code":7,"worker_id":"9c373109-817a-42de-9d93-65719db93261-8316722560","trial_id":97,"step":16,"intermediate_value":45.648722537448016}
{"op_code":8,"worker_id":"9c373109-817a-42de-9d93-65719db93261-8316722560","trial_id":97,"user_attr":{"hh_saving":{"254":41.169750324458285,"185":39.89940466819891,"230":45.62590120974986,"266":45.748029246701016,"145":46.336539901330944,"229":48.93438778387588,"300":68.44948864898969,"69":45.10287825308733,"136":23.99136490255053,"56":49.257652988304294,"72":34.14849424519804,"26":27.279717819316406,"45":51.02314658148471,"208":52.203610039713176,"40":21.81946057788163,"173":89.38973340832754}}}
{"op_code":8,"worker_id":"9c373109-817a-42de-9d93-65719db93261-8316722560","trial_id":97,"user_attr":{"val_efc_mean":61.539540228125006}}
{"op_code":8,"worker_id":"9c373109-817a-42de-9d93-65719db93261-8316722560","trial_id":97,"user_attr":{"converged_share":1.0}}
{"op_code":8,"worker_id":"9c373109-817a-42de-9d93-65719db93261-8316722560","trial_id":97,"user_attr":{"wall_s":345.73249888420105}}
{"op_code":6,"worker_id":"9c373109-817a-42de-9d93-65719db93261-8316722560","trial_id":97,"state":1,"values":[45.648722537448016],"datetime_complete":"2026-10-08T03:51:15.775372"}
{"op_code":7,"worker_id":"9c373109-817a-42de-9d93-65719db93261-8316722560","trial_id":98,"step":16,"intermediate_value":44.412830333186584}
{"op_code":8,"worker_id":"9c373109-817a-42de-9d93-65719db93261-8316722560","trial_id":98,"user_attr":{"hh_saving":{"254":41.74626265090613,"185":39.48629863891392,"230":45.29380415812453,"266":44.978752154363264,"145":46.62754527416077,"229":46.565632784112154,"300":57.783523589159564,"69":44.83728914757117,"136":24.39913349182053,"56":50.44073454407351,"72":34.68236024156848,"26":27.39011954066664,"45":45.50030509689536,"208":52.375779227151504,"40":22.813837854114873,"173":85.68390693738297}}}
{"op_code":8,"worker_id":"9c373109-817a-42de-9d93-65719db93261-8316722560","trial_id":98,"user_attr":{"val_efc_mean":63.049409865625}}
{"op_code":8,"worker_id":"9c373109-817a-42de-9d93-65719db93261-8316722560","trial_id":98,"user_attr":{"converged_share":1.0}}
{"op_code":8,"worker_id":"9c373109-817a-42de-9d93-65719db93261-8316722560","trial_id":98,"user_attr":{"wall_s":345.72908091545105}}
{"op_code":6,"worker_id":"9c373109-817a-42de-9d93-65719db93261-8316722560","trial_id":98,"state":1,"values":[44.412830333186584],"datetime_complete":"2026-10-08T03:51:15.777680"}
{"op_code":7,"worker_id":"9c373109-817a-42de-9d93-65719db93261-8316722560","trial_id":99,"step":16,"intermediate_value":45.600298975489366}
{"op_code":8,"worker_id":"9c373109-817a-42de-9d93-65719db93261-8316722560","trial_id":99,"user_attr":{"hh_saving":{"254":42.14030730254717,"185":39.4424901366807,"230":45.34221063284924,"266":46.780914045483605,"145":45.0444432337664,"229":51.291972630309495,"300":63.44726078320908,"69":44.84900841808471,"136":23.953377794214827,"56":49.691123652169914,"72":35.099721005088774,"26":26.678052585208263,"45":51.75862801433667,"208":51.29261179159663,"40":22.146103831120598,"173":90.64655775116378}}}
{"op_code":8,"worker_id":"9c373109-817a-42de-9d93-65719db93261-8316722560","trial_id":99,"user_attr":{"val_efc_mean":60.018882975}}
{"op_code":8,"worker_id":"9c373109-817a-42de-9d93-65719db93261-8316722560","trial_id":99,"user_attr":{"converged_share":1.0}}
{"op_code":8,"worker_id":"9c373109-817a-42de-9d93-65719db93261-8316722560","trial_id":99,"user_attr":{"wall_s":345.72556591033936}}
{"op_code":6,"worker_id":"9c373109-817a-42de-9d93-65719db93261-8316722560","trial_id":99,"state":1,"values":[45.600298975489366],"datetime_complete":"2026-10-08T03:51:15.779678"}
{"op_code":7,"worker_id":"9c373109-817a-42de-9d93-65719db93261-8316722560","trial_id":100,"step":16,"intermediate_value":43.76253693480977}
{"op_code":8,"worker_id":"9c373109-817a-42de-9d93-65719db93261-8316722560","trial_id":100,"user_attr":{"hh_saving":{"254":35.654934356987155,"185":39.541244106452105,"230":44.45020248082199,"266":46.70131876963403,"145":44.07418830185763,"229":46.86869617270582,"300":57.09392480497968,"69":43.42694029573681,"136":23.543811690273866,"56":49.72423405364824,"72":34.003059524074644,"26":26.383427492547114,"45":48.38842703975005,"208":51.32266044864158,"40":22.79721926745611,"173":86.2263021513895}}}
{"op_code":8,"worker_id":"9c373109-817a-42de-9d93-65719db93261-8316722560","trial_id":100,"user_attr":{"val_efc_mean":60.27708576249999}}
{"op_code":8,"worker_id":"9c373109-817a-42de-9d93-65719db93261-8316722560","trial_id":100,"user_attr":{"converged_share":0.25}}
{"op_code":8,"worker_id":"9c373109-817a-42de-9d93-65719db93261-8316722560","trial_id":100,"user_attr":{"wall_s":345.72220182418823}}
{"op_code":6,"worker_id":"9c373109-817a-42de-9d93-65719db93261-8316722560","trial_id":100,"state":1,"values":[43.76253693480977],"datetime_complete":"2026-10-08T03:51:15.781606"}
{"op_code":7,"worker_id":"9c373109-817a-42de-9d93-65719db93261-8316722560","trial_id":101,"step":16,"intermediate_value":46.12812659869542}
{"op_code":8,"worker_id":"9c373109-817a-42de-9d93-65719db93261-8316722560","trial_id":101,"user_attr":{"hh_saving":{"254":42.32945371279805,"185":39.474053153418915,"230":45.09865175866293,"266":48.72487952376366,"145":46.737021445265846,"229":49.973162116388586,"300":64.22005264538804,"69":46.20125532633108,"136":24.987482989632966,"56":50.167660148892416,"72":34.448426175539076,"26":27.488346159947227,"45":50.856638582431806,"208":53.73176515869938,"40":22.32871176204452,"173":91.28246491992218}}}
{"op_code":8,"worker_id":"9c373109-817a-42de-9d93-65719db93261-8316722560","trial_id":101,"user_attr":{"val_efc_mean":60.21330061249999}}
{"op_code":8,"worker_id":"9c373109-817a-42de-9d93-65719db93261-8316722560","trial_id":101,"user_attr":{"converged_share":0.625}}
{"op_code":8,"worker_id":"9c373109-817a-42de-9d93-65719db93261-8316722560","trial_id":101,"user_attr":{"wall_s":345.7187399864197}}
{"op_code":6,"worker_id":"9c373109-817a-42de-9d93-65719db93261-8316722560","trial_id":101,"state":1,"values":[46.12812659869542],"datetime_complete":"2026-10-08T03:51:15.783438"}
{"op_code":7,"worker_id":"9c373109-817a-42de-9d93-65719db93261-8316722560","trial_id":102,"step":16,"intermediate_value":45.31092368435771}
{"op_code":8,"worker_id":"9c373109-817a-42de-9d93-65719db93261-8316722560","trial_id":102,"user_attr":{"hh_saving":{"254":40.32736347578484,"185":40.27800712127372,"230":45.12222634057812,"266":47.94256365386337,"145":46.5259069493236,"229":47.817417951488615,"300":60.91577020806718,"69":45.10624063810405,"136":24.20961609152225,"56":49.940354609339906,"72":34.99750802664945,"26":27.645268910477135,"45":47.96710560819531,"208":53.2365368642049,"40":23.058041495962758,"173":89.88485100488816}}}
{"op_code":8,"worker_id":"9c373109-817a-42de-9d93-65719db93261-8316722560","trial_id":102,"user_attr":{"val_efc_mean":61.58170809062499}}
{"op_code":8,"worker_id":"9c373109-817a-42de-9d93-65719db93261-8316722560","trial_id":102,"user_attr":{"converged_share":0.9375}}
{"op_code":8,"worker_id":"9c373109-817a-42de-9d93-65719db93261-8316722560","trial_id":102,"user_attr":{"wall_s":345.71499514579773}}
{"op_code":6,"worker_id":"9c373109-817a-42de-9d93-65719db93261-8316722560","trial_id":102,"state":1,"values":[45.31092368435771],"datetime_complete":"2026-10-08T03:51:15.785217"}
{"op_code":7,"worker_id":"9c373109-817a-42de-9d93-65719db93261-8316722560","trial_id":103,"step":16,"intermediate_value":45.75930546231498}
{"op_code":8,"worker_id":"9c373109-817a-42de-9d93-65719db93261-8316722560","trial_id":103,"user_attr":{"hh_saving":{"254":39.51739893260469,"185":40.27504243499883,"230":44.54715222085256,"266":48.80295703214744,"145":45.52457677146591,"229":48.51007401964326,"300":69.7281195835219,"69":44.261082076431386,"136":23.22121439079119,"56":49.65410153320772,"72":35.60222904419322,"26":27.039711062156115,"45":47.70714168361354,"208":51.893959054621334,"40":22.724309393550744,"173":93.13981816323984}}}
{"op_code":8,"worker_id":"9c373109-817a-42de-9d93-65719db93261-8316722560","trial_id":103,"user_attr":{"val_efc_mean":61.19631507187499}}
{"op_code":8,"worker_id":"9c373109-817a-42de-9d93-65719db93261-8316722560","trial_id":103,"user_attr":{"converged_share":1.0}}
{"op_code":8,"worker_id":"9c373109-817a-42de-9d93-65719db93261-8316722560","trial_id":103,"user_attr":{"wall_s":345.71146392822266}}
{"op_code":6,"worker_id":"9c373109-817a-42de-9d93-65719db93261-8316722560","trial_id":103,"state":1,"values":[45.75930546231498],"datetime_complete":"2026-10-08T03:51:15.787047"}
{"op_code":7,"worker_id":"9c373109-817a-42de-9d93-65719db93261-8316722560","trial_id":104,"step":16,"intermediate_value":0.6948093842362183}
{"op_code":8,"worker_id":"9c373109-817a-42de-9d93-65719db93261-8316722560","trial_id":104,"user_attr":{"hh_saving":{"254":0.2860279928359485,"185":0.6179099097809393,"230":0.05636601694305199,"266":0.46569810974445,"145":0.5384353981232246,"229":-0.0900013627681864,"300":1.81771309083301,"69":0.25424766985700636,"136":0.5789087865284256,"56":0.2965297521785329,"72":0.6301703915734963,"26":0.2855219020679251,"45":0.46238478496639096,"208":0.8576002626490167,"40":0.24336641498125391,"173":3.8160710274850067}}}
{"op_code":8,"worker_id":"9c373109-817a-42de-9d93-65719db93261-8316722560","trial_id":104,"user_attr":{"val_efc_mean":0.3816093749999999}}
{"op_code":8,"worker_id":"9c373109-817a-42de-9d93-65719db93261-8316722560","trial_id":104,"user_attr":{"converged_share":0.0}}
{"op_code":8,"worker_id":"9c373109-817a-42de-9d93-65719db93261-8316722560","trial_id":104,"user_attr":{"wall_s":345.7069139480591}}
{"op_code":6,"worker_id":"9c373109-817a-42de-9d93-65719db93261-8316722560","trial_id":104,"state":1,"values":[0.6948093842362183],"datetime_complete":"2026-10-08T03:51:15.788962"}
{"op_code":7,"worker_id":"9c373109-817a-42de-9d93-65719db93261-8316722560","trial_id":105,"step":16,"intermediate_value":45.78283291727063}
{"op_code":8,"worker_id":"9c373109-817a-42de-9d93-65719db93261-8316722560","trial_id":105,"user_attr":{"hh_saving":{"254":41.226808337697534,"185":40.1108938185449,"230":45.10742282226224,"266":48.903520572652916,"145":49.07038878522467,"229":49.79780834430634,"300":61.305974281028035,"69":39.47591150127379,"136":23.795252302420042,"56":49.978017883755946,"72":35.43318183730978,"26":27.66538650163593,"45":51.640234403301896,"208":51.23258719901195,"40":21.760404675741515,"173":96.02153341016266}}}
{"op_code":8,"worker_id":"9c373109-817a-42de-9d93-65719db93261-8316722560","trial_id":105,"user_attr":{"val_efc_mean":59.22157741562499}}
{"op_code":8,"worker_id":"9c373109-817a-42de-9d93-65719db93261-8316722560","trial_id":105,"user_attr":{"converged_share":1.0}}
{"op_code":8,"worker_id":"9c373109-817a-42de-9d93-65719db93261-8316722560","trial_id":105,"user_attr":{"wall_s":345.7026619911194}}
{"op_code":6,"worker_id":"9c373109-817a-42de-9d93-65719db93261-8316722560","trial_id":105,"state":1,"values":[45.78283291727063],"datetime_complete":"2026-10-08T03:51:15.790717"}
{"op_code":7,"worker_id":"9c373109-817a-42de-9d93-65719db93261-8316722560","trial_id":106,"step":16,"intermediate_value":45.486165752038595}
{"op_code":8,"worker_id":"9c373109-817a-42de-9d93-65719db93261-8316722560","trial_id":106,"user_attr":{"hh_saving":{"254":38.12025819220634,"185":40.28170559909932,"230":45.38104869432497,"266":45.811346703572426,"145":47.303981638547434,"229":49.2014927707295,"300":63.96507548876875,"69":45.089644830203156,"136":24.2045962413452,"56":50.19343730427943,"72":35.08955361192233,"26":27.013350353574438,"45":52.354889708269674,"208":52.10753952667403,"40":22.627993360085096,"173":89.03273800901545}}}
{"op_code":8,"worker_id":"9c373109-817a-42de-9d93-65719db93261-8316722560","trial_id":106,"user_attr":{"val_efc_mean":61.087371053125}}
{"op_code":8,"worker_id":"9c373109-817a-42de-9d93-65719db93261-8316722560","trial_id":106,"user_attr":{"converged_share":1.0}}
{"op_code":8,"worker_id":"9c373109-817a-42de-9d93-65719db93261-8316722560","trial_id":106,"user_attr":{"wall_s":345.6985650062561}}
{"op_code":6,"worker_id":"9c373109-817a-42de-9d93-65719db93261-8316722560","trial_id":106,"state":1,"values":[45.486165752038595],"datetime_complete":"2026-10-08T03:51:15.792387"}
{"op_code":7,"worker_id":"9c373109-817a-42de-9d93-65719db93261-8316722560","trial_id":107,"step":16,"intermediate_value":45.55842075796134}
{"op_code":8,"worker_id":"9c373109-817a-42de-9d93-65719db93261-8316722560","trial_id":107,"user_attr":{"hh_saving":{"254":39.01781031859775,"185":39.459895250597995,"230":44.43445355874758,"266":46.354915874377475,"145":47.99445630771691,"229":49.379137694924864,"300":67.47287041105072,"69":45.69633621832908,"136":24.790546293874637,"56":49.67008337056633,"72":34.83387180019926,"26":28.02887355330184,"45":48.66619516480922,"208":53.022148760330914,"40":22.146089360513155,"173":87.9670481894438}}}
{"op_code":8,"worker_id":"9c373109-817a-42de-9d93-65719db93261-8316722560","trial_id":107,"user_attr":{"val_efc_mean":60.37052535625}}
{"op_code":8,"worker_id":"9c373109-817a-42de-9d93-65719db93261-8316722560","trial_id":107,"user_attr":{"converged_share":1.0}}
{"op_code":8,"worker_id":"9c373109-817a-42de-9d93-65719db93261-8316722560","trial_id":107,"user_attr":{"wall_s":345.6940939426422}}
{"op_code":6,"worker_id":"9c373109-817a-42de-9d93-65719db93261-8316722560","trial_id":107,"state":1,"values":[45.55842075796134],"datetime_complete":"2026-10-08T03:51:15.794264"}
{"op_code":7,"worker_id":"9c373109-817a-42de-9d93-65719db93261-8316722560","trial_id":108,"step":16,"intermediate_value":45.272379100880606}
{"op_code":8,"worker_id":"9c373109-817a-42de-9d93-65719db93261-8316722560","trial_id":108,"user_attr":{"hh_saving":{"254":41.607339232522655,"185":39.620923149501884,"230":45.142304970138724,"266":46.93470903908073,"145":46.88818697962552,"229":48.70195036731645,"300":59.50879291149309,"69":45.25900412058737,"136":25.70090370658326,"56":50.33695098078613,"72":35.14560304259544,"26":27.428137237211956,"45":47.01747489623259,"208":52.203394633560386,"40":23.196521765623146,"173":89.66586858123034}}}
{"op_code":8,"worker_id":"9c373109-817a-42de-9d93-65719db93261-8316722560","trial_id":108,"user_attr":{"val_efc_mean":62.544924875}}
{"op_code":8,"worker_id":"9c373109-817a-42de-9d93-65719db93261-8316722560","trial_id":108,"user_attr":{"converged_share":1.0}}
{"op_code":8,"worker_id":"9c373109-817a-42de-9d93-65719db93261-8316722560","trial_id":108,"user_attr":{"wall_s":345.69021224975586}}
{"op_code":6,"worker_id":"9c373109-817a-42de-9d93-65719db93261-8316722560","trial_id":108,"state":1,"values":[45.272379100880606],"datetime_complete":"2026-10-08T03:51:15.795912"}
{"op_code":7,"worker_id":"9c373109-817a-42de-9d93-65719db93261-8316722560","trial_id":109,"step":16,"intermediate_value":45.83862227310648}
{"op_code":8,"worker_id":"9c373109-817a-42de-9d93-65719db93261-8316722560","trial_id":109,"user_attr":{"hh_saving":{"254":42.52366779198277,"185":40.091713844867094,"230":45.106840474271124,"266":47.22018590199766,"145":47.07285400877342,"229":48.38455033192417,"300":64.04859007956048,"69":45.95304355645598,"136":25.686097217876426,"56":50.205423161067245,"72":34.62389012082391,"26":27.32883976237299,"45":47.467539847921294,"208":52.8562950995952,"40":22.610382738076122,"173":92.2380424321379}}}
{"op_code":8,"worker_id":"9c373109-817a-42de-9d93-65719db93261-8316722560","trial_id":109,"user_attr":{"val_efc_mean":61.332793840625}}
{"op_code":8,"worker_id":"9c373109-817a-42de-9d93-65719db93261-8316722560","trial_id":109,"user_attr":{"converged_share":0.0}}
{"op_code":8,"worker_id":"9c373109-817a-42de-9d93-65719db93261-8316722560","trial_id":109,"user_attr":{"wall_s":345.6860101222992}}
{"op_code":6,"worker_id":"9c373109-817a-42de-9d93-65719db93261-8316722560","trial_id":109,"state":1,"values":[45.83862227310648],"datetime_complete":"2026-10-08T03:51:15.797574"}
{"op_code":7,"worker_id":"9c373109-817a-42de-9d93-65719db93261-8316722560","trial_id":110,"step":16,"intermediate_value":45.03212590900072}
{"op_code":8,"worker_id":"9c373109-817a-42de-9d93-65719db93261-8316722560","trial_id":110,"user_attr":{"hh_saving":{"254":41.4907660827147,"185":39.38207714443796,"230":45.23834091339405,"266":41.31926252792213,"145":49.302500938960605,"229":51.39898480299152,"300":62.78471135291785,"69":46.21868059875688,"136":25.256423112596053,"56":50.554093445391864,"72":34.81516032639286,"26":27.92568932260351,"45":46.06400595740315,"208":51.16071403761692,"40":21.74586714092144,"173":85.85673683899}}}
{"op_code":8,"worker_id":"9c373109-817a-42de-9d93-65719db93261-8316722560","trial_id":110,"user_attr":{"val_efc_mean":62.035137484375}}
{"op_code":8,"worker_id":"9c373109-817a-42de-9d93-65719db93261-8316722560","trial_id":110,"user_attr":{"converged_share":1.0}}
{"op_code":8,"worker_id":"9c373109-817a-42de-9d93-65719db93261-8316722560","trial_id":110,"user_attr":{"wall_s":345.68252182006836}}
{"op_code":6,"worker_id":"9c373109-817a-42de-9d93-65719db93261-8316722560","trial_id":110,"state":1,"values":[45.03212590900072],"datetime_complete":"2026-10-08T03:51:15.799339"}
{"op_code":7,"worker_id":"9c373109-817a-42de-9d93-65719db93261-8316722560","trial_id":111,"step":16,"intermediate_value":45.182473293950885}
{"op_code":8,"worker_id":"9c373109-817a-42de-9d93-65719db93261-8316722560","trial_id":111,"user_attr":{"hh_saving":{"254":41.029453540202645,"185":39.68145241402167,"230":44.69643118538945,"266":46.820814410836824,"145":47.01239201366378,"229":49.24051000817461,"300":61.74402810868464,"69":44.548686330855105,"136":24.14829805152052,"56":49.855342912234704,"72":34.904143004028946,"26":27.419087717588894,"45":48.020863598300366,"208":51.670492332580096,"40":23.26400659114277,"173":88.86357048398919}}}
{"op_code":8,"worker_id":"9c373109-817a-42de-9d93-65719db93261-8316722560","trial_id":111,"user_attr":{"val_efc_mean":61.6499436}}
{"op_code":8,"worker_id":"9c373109-817a-42de-9d93-65719db93261-8316722560","trial_id":111,"user_attr":{"converged_share":1.0}}
{"op_code":8,"worker_id":"9c373109-817a-42de-9d93-65719db93261-8316722560","trial_id":111,"user_attr":{"wall_s":345.67948627471924}}
{"op_code":6,"worker_id":"9c373109-817a-42de-9d93-65719db93261-8316722560","trial_id":111,"state":1,"values":[45.182473293950885],"datetime_complete":"2026-10-08T03:51:15.801051"}
{"op_code":7,"worker_id":"9c373109-817a-42de-9d93-65719db93261-8316722560","trial_id":112,"step":16,"intermediate_value":44.95809383683269}
{"op_code":8,"worker_id":"9c373109-817a-42de-9d93-65719db93261-8316722560","trial_id":112,"user_attr":{"hh_saving":{"254":40.92090501041272,"185":38.69337814283461,"230":45.95593664345571,"266":44.56150829792962,"145":46.64941679723602,"229":52.38494884100051,"300":62.58315075264072,"69":43.29629187766925,"136":26.94602115984111,"56":49.996926126920734,"72":34.59343517888921,"26":25.693572939180545,"45":48.88793430212674,"208":51.572180459259535,"40":22.01586231546351,"173":84.57803254446247}}}
{"op_code":8,"worker_id":"9c373109-817a-42de-9d93-65719db93261-8316722560","trial_id":112,"user_attr":{"val_efc_mean":62.3424787125}}
{"op_code":8,"worker_id":"9c373109-817a-42de-9d93-65719db93261-8316722560","trial_id":112,"user_attr":{"converged_share":1.0}}
{"op_code":8,"worker_id":"9c373109-817a-42de-9d93-65719db93261-8316722560","trial_id":112,"user_attr":{"wall_s":345.6761679649353}}
{"op_code":6,"worker_id":"9c373109-817a-42de-9d93-65719db93261-8316722560","trial_id":112,"state":1,"values":[44.95809383683269],"datetime_complete":"2026-10-08T03:51:15.802683"}
{"op_code":7,"worker_id":"9c373109-817a-42de-9d93-65719db93261-8316722560","trial_id":113,"step":16,"intermediate_value":44.97670656329209}
{"op_code":8,"worker_id":"9c373109-817a-42de-9d93-65719db93261-8316722560","trial_id":113,"user_attr":{"hh_saving":{"254":40.34403819766153,"185":39.39111098008546,"230":44.91085083667215,"266":47.062417964145794,"145":45.123529940187204,"229":46.68812444590942,"300":67.12536531131184,"69":39.28767802439225,"136":24.077556134328304,"56":49.59414040061992,"72":34.10442549420705,"26":26.635338626752677,"45":50.99965409667042,"208":51.778936224066534,"40":22.815059515834683,"173":89.68907881982823}}}
{"op_code":8,"worker_id":"9c373109-817a-42de-9d93-65719db93261-8316722560","trial_id":113,"user_attr":{"val_efc_mean":61.339994278125}}
{"op_code":8,"worker_id":"9c373109-817a-42de-9d93-65719db93261-8316722560","trial_id":113,"user_attr":{"converged_share":1.0}}
{"op_code":8,"worker_id":"9c373109-817a-42de-9d93-65719db93261-8316722560","trial_id":113,"user_attr":{"wall_s":345.6725740432739}}
{"op_code":6,"worker_id":"9c373109-817a-42de-9d93-65719db93261-8316722560","trial_id":113,"state":1,"values":[44.97670656329209],"datetime_complete":"2026-10-08T03:51:15.804500"}
{"op_code":7,"worker_id":"9c373109-817a-42de-9d93-65719db93261-8316722560","trial_id":114,"step":16,"intermediate_value":44.69567200727897}
{"op_code":8,"worker_id":"9c373109-817a-42de-9d93-65719db93261-8316722560","trial_id":114,"user_attr":{"hh_saving":{"254":41.322650914115826,"185":39.53545428214801,"230":42.83860043585731,"266":46.47244259092717,"145":47.86670797809093,"229":49.6460603068156,"300":62.85022833311778,"69":44.37668691638925,"136":23.084797314419497,"56":50.872676895596,"72":35.134899679090104,"26":26.69951772461246,"45":47.324131359327666,"208":49.92944915489156,"40":21.854739948108286,"173":85.32170828295605}}}
{"op_code":8,"worker_id":"9c373109-817a-42de-9d93-65719db93261-8316722560","trial_id":114,"user_attr":{"val_efc_mean":60.397679049999994}}
{"op_code":8,"worker_id":"9c373109-817a-42de-9d93-65719db93261-8316722560","trial_id":114,"user_attr":{"converged_share":1.0}}
{"op_code":8,"worker_id":"9c373109-817a-42de-9d93-65719db93261-8316722560","trial_id":114,"user_attr":{"wall_s":345.6688928604126}}
{"op_code":6,"worker_id":"9c373109-817a-42de-9d93-65719db93261-8316722560","trial_id":114,"state":1,"values":[44.69567200727897],"datetime_complete":"2026-10-08T03:51:15.806255"}
{"op_code":7,"worker_id":"9c373109-817a-42de-9d93-65719db93261-8316722560","trial_id":115,"step":16,"intermediate_value":45.52023143921056}
{"op_code":8,"worker_id":"9c373109-817a-42de-9d93-65719db93261-8316722560","trial_id":115,"user_attr":{"hh_saving":{"254":41.74894805695734,"185":40.88804932942168,"230":45.33141013860947,"266":45.46526593842318,"145":46.141808554230145,"229":50.133201202891264,"300":65.59518895813085,"69":40.47683023902604,"136":24.526399836810075,"56":50.16323789363477,"72":35.24141496894986,"26":26.863978440722537,"45":50.967385539684294,"208":53.501806513636176,"40":23.04496265853716,"173":88.23381475770407}}}
{"op_code":8,"worker_id":"9c373109-817a-42de-9d93-65719db93261-8316722560","trial_id":115,"user_attr":{"val_efc_mean":61.348281390625}}
{"op_code":8,"worker_id":"9c373109-817a-42de-9d93-65719db93261-8316722560","trial_id":115,"user_attr":{"converged_share":0.6875}}
{"op_code":8,"worker_id":"9c373109-817a-42de-9d93-65719db93261-8316722560","trial_id":115,"user_attr":{"wall_s":345.66559505462646}}
{"op_code":6,"worker_id":"9c373109-817a-42de-9d93-65719db93261-8316722560","trial_id":115,"state":1,"values":[45.52023143921056],"datetime_complete":"2026-10-08T03:51:15.808540"}
{"op_code":7,"worker_id":"9c373109-817a-42de-9d93-65719db93261-8316722560","trial_id":116,"step":16,"intermediate_value":45.15612063466157}
{"op_code":8,"worker_id":"9c373109-817a-42de-9d93-65719db93261-8316722560","trial_id":116,"user_attr":{"hh_saving":{"254":41.45757471412328,"185":40.293848507811774,"230":45.196820988690696,"266":45.80966356502038,"145":45.832658675762644,"229":47.33845020812072,"300":62.08473843898381,"69":38.400532795372975,"136":26.29441139240787,"56":49.901043204124,"72":34.335771406955345,"26":27.34191334694688,"45":48.56312680426296,"208":53.20450607236991,"40":21.576546896548578,"173":94.86632313708328}}}
{"op_code":8,"worker_id":"9c373109-817a-42de-9d93-65719db93261-8316722560","trial_id":116,"user_attr":{"val_efc_mean":60.200375753125}}
{"op_code":8,"worker_id":"9c373109-817a-42de-9d93-65719db93261-8316722560","trial_id":116,"user_attr":{"converged_share":1.0}}
{"op_code":8,"worker_id":"9c373109-817a-42de-9d93-65719db93261-8316722560","trial_id":116,"user_attr":{"wall_s":345.66207790374756}}
{"op_code":6,"worker_id":"9c373109-817a-42de-9d93-65719db93261-8316722560","trial_id":116,"state":1,"values":[45.15612063466157],"datetime_complete":"2026-10-08T03:51:15.811086"}
{"op_code":7,"worker_id":"9c373109-817a-42de-9d93-65719db93261-8316722560","trial_id":117,"step":16,"intermediate_value":45.29975068194766}
{"op_code":8,"worker_id":"9c373109-817a-42de-9d93-65719db93261-8316722560","trial_id":117,"user_attr":{"hh_saving":{"254":42.48725483434593,"185":40.32840722117896,"230":44.92177879286377,"266":47.318573737274654,"145":45.631715927600474,"229":48.46779591854005,"300":65.34103849422465,"69":45.96598182038621,"136":24.33049523676514,"56":49.91493404156387,"72":34.59031190176808,"26":26.884793179118642,"45":47.46356841932426,"208":52.72243569271816,"40":22.787974988660967,"173":85.63895070482864}}}
{"op_code":8,"worker_id":"9c373109-817a-42de-9d93-65719db93261-8316722560","trial_id":117,"user_attr":{"val_efc_mean":62.188358303125}}
{"op_code":8,"worker_id":"9c373109-817a-42de-9d93-65719db93261-8316722560","trial_id":117,"user_attr":{"converged_share":1.0}}
{"op_code":8,"worker_id":"9c373109-817a-42de-9d93-65719db93261-8316722560","trial_id":117,"user_attr":{"wall_s":345.65910506248474}}
{"op_code":6,"worker_id":"9c373109-817a-42de-9d93-65719db93261-8316722560","trial_id":117,"state":1,"values":[45.29975068194766],"datetime_complete":"2026-10-08T03:51:15.813277"}
{"op_code":7,"worker_id":"9c373109-817a-42de-9d93-65719db93261-8316722560","trial_id":118,"step":16,"intermediate_value":45.759904367869595}
{"op_code":8,"worker_id":"9c373109-817a-42de-9d93-65719db93261-8316722560","trial_id":118,"user_attr":{"hh_saving":{"254":39.9013802959113,"185":40.38056968154083,"230":45.804605293540206,"266":48.614169500917235,"145":47.22716692488745,"229":47.41551214147918,"300":66.59527933556808,"69":44.667310896094925,"136":25.97939475882822,"56":49.547618548723094,"72":34.700528186354276,"26":27.549586109323318,"45":47.41003433060554,"208":50.27446471108626,"40":22.569997864072025,"173":93.52085130698163}}}
{"op_code":8,"worker_id":"9c373109-817a-42de-9d93-65719db93261-8316722560","trial_id":118,"user_attr":{"val_efc_mean":60.42832195312499}}
{"op_code":8,"worker_id":"9c373109-817a-42de-9d93-65719db93261-8316722560","trial_id":118,"user_attr":{"converged_share":1.0}}
{"op_code":8,"worker_id":"9c373109-817a-42de-9d93-65719db93261-8316722560","trial_id":118,"user_attr":{"wall_s":345.654803276062}}
{"op_code":6,"worker_id":"9c373109-817a-42de-9d93-65719db93261-8316722560","trial_id":118,"state":1,"values":[45.759904367869595],"datetime_complete":"2026-10-08T03:51:15.815009"}
{"op_code":7,"worker_id":"9c373109-817a-42de-9d93-65719db93261-8316722560","trial_id":119,"step":16,"intermediate_value":43.80139763721185}
{"op_code":8,"worker_id":"9c373109-817a-42de-9d93-65719db93261-8316722560","trial_id":119,"user_attr":{"hh_saving":{"254":41.78698745470874,"185":39.3914892474926,"230":44.926805246513716,"266":38.688161361598006,"145":47.19834919242874,"229":48.29673951622393,"300":61.13587908578229,"69":40.624383525006316,"136":25.616917065950393,"56":50.05221170135409,"72":33.6675685350757,"26":27.049509197415205,"45":43.93357381064611,"208":52.62498101221546,"40":21.7901335406035,"173":84.0386727023748}}}
{"op_code":8,"worker_id":"9c373109-817a-42de-9d93-65719db93261-8316722560","trial_id":119,"user_attr":{"val_efc_mean":62.878834478125}}
{"op_code":8,"worker_id":"9c373109-817a-42de-9d93-65719db93261-8316722560","trial_id":119,"user_attr":{"converged_share":1.0}}
{"op_code":8,"worker_id":"9c373109-817a-42de-9d93-65719db93261-8316722560","trial_id":119,"user_attr":{"wall_s":345.65126872062683}}
{"op_code":6,"worker_id":"9c373109-817a-42de-9d93-65719db93261-8316722560","trial_id":119,"state":1,"values":[43.80139763721185],"datetime_complete":"2026-10-08T03:51:15.816674"}
{"op_code":7,"worker_id":"9c373109-817a-42de-9d93-65719db93261-8316722560","trial_id":120,"step":16,"intermediate_value":45.31193263204305}
{"op_code":8,"worker_id":"9c373109-817a-42de-9d93-65719db93261-8316722560","trial_id":120,"user_attr":{"hh_saving":{"254":40.97411177593689,"185":39.40070631062981,"230":44.82824173568707,"266":45.58505074165019,"145":46.22431721258534,"229":49.27801696278991,"300":64.4725485308771,"69":45.42197649606124,"136":24.37867774124289,"56":50.0070558235118,"72":34.78591236349289,"26":27.32921919532709,"45":48.24549403155598,"208":51.772539832205055,"40":23.00909605274007,"173":89.27795730639554}}}
{"op_code":8,"worker_id":"9c373109-817a-42de-9d93-65719db93261-8316722560","trial_id":120,"user_attr":{"val_efc_mean":60.85565361492187}}
{"op_code":8,"worker_id":"9c373109-817a-42de-9d93-65719db93261-8316722560","trial_id":120,"user_attr":{"converged_share":0.625}}
{"op_code":8,"worker_id":"9c373109-817a-42de-9d93-65719db93261-8316722560","trial_id":120,"user_attr":{"wall_s":319.77472400665283}}
{"op_code":6,"worker_id":"9c373109-817a-42de-9d93-65719db93261-8316722560","trial_id":120,"state":1,"values":[45.31193263204305],"datetime_complete":"2026-10-08T03:54:36.159453"}
{"op_code":7,"worker_id":"9c373109-817a-42de-9d93-65719db93261-8316722560","trial_id":121,"step":16,"intermediate_value":45.550411060009694}
{"op_code":8,"worker_id":"9c373109-817a-42de-9d93-65719db93261-8316722560","trial_id":121,"user_attr":{"hh_saving":{"254":42.0942819906229,"185":39.15218371031881,"230":45.74698964959679,"266":46.979279133137204,"145":44.930605405305165,"229":50.74414015176846,"300":67.30931024353315,"69":40.013046170057066,"136":23.972501128448066,"56":49.78484973638513,"72":35.460812326296534,"26":27.155442569645377,"45":54.796569013043325,"208":53.82862959039882,"40":21.633985076550182,"173":85.20395106504809}}}
{"op_code":8,"worker_id":"9c373109-817a-42de-9d93-65719db93261-8316722560","trial_id":121,"user_attr":{"val_efc_mean":60.60534096562499}}
{"op_code":8,"worker_id":"9c373109-817a-42de-9d93-65719db93261-8316722560","trial_id":121,"user_attr":{"converged_share":1.0}}
{"op_code":8,"worker_id":"9c373109-817a-42de-9d93-65719db93261-8316722560","trial_id":121,"user_attr":{"wall_s":319.77054595947266}}
{"op_code":6,"worker_id":"9c373109-817a-42de-9d93-65719db93261-8316722560","trial_id":121,"state":1,"values":[45.550411060009694],"datetime_complete":"2026-10-08T03:54:36.160923"}
{"op_code":7,"worker_id":"9c373109-817a-42de-9d93-65719db93261-8316722560","trial_id":122,"step":16,"intermediate_value":46.03106434870526}
{"op_code":8,"worker_id":"9c373109-817a-42de-9d93-65719db93261-8316722560","trial_id":122,"user_attr":{"hh_saving":{"254":42.237744208094014,"185":39.59900145081008,"230":45.558158385796666,"266":47.99071967489105,"145":47.16113234302906,"229":49.105197454775976,"300":65.17155303946264,"69":45.52712500166107,"136":24.51773171136108,"56":50.137112623209184,"72":34.92210905467249,"26":27.097704451817123,"45":50.211651536681416,"208":52.50570102946589,"40":23.157737199684842,"173":91.59665041387159}}}
{"op_code":8,"worker_id":"9c373109-817a-42de-9d93-65719db93261-8316722560","trial_id":122,"user_attr":{"val_efc_mean":61.147122171875}}
{"op_code":8,"worker_id":"9c373109-817a-42de-9d93-65719db93261-8316722560","trial_id":122,"user_attr":{"converged_share":0.25}}
{"op_code":8,"worker_id":"9c373109-817a-42de-9d93-65719db93261-8316722560","trial_id":122,"user_attr":{"wall_s":319.76676082611084}}
{"op_code":6,"worker_id":"9c373109-817a-42de-9d93-65719db93261-8316722560","trial_id":122,"state":1,"values":[46.03106434870526],"datetime_complete":"2026-10-08T03:54:36.162294"}
{"op_code":7,"worker_id":"9c373109-817a-42de-9d93-65719db93261-8316722560","trial_id":123,"step":16,"intermediate_value":44.74098628930449}
{"op_code":8,"worker_id":"9c373109-817a-42de-9d93-65719db93261-8316722560","trial_id":123,"user_attr":{"hh_saving":{"254":42.10176575636434,"185":39.54009073202717,"230":45.5143194715482,"266":43.08827794254618,"145":45.29253817510265,"229":48.18376233023487,"300":63.29184799613203,"69":45.14729046478718,"136":23.740738209353523,"56":49.673664627034384,"72":34.58521108367771,"26":26.07757189759182,"45":48.77694724281762,"208":51.38990716677916,"40":22.189436221031375,"173":87.26241131184356}}}
{"op_code":8,"worker_id":"9c373109-817a-42de-9d93-65719db93261-8316722560","trial_id":123,"user_attr":{"val_efc_mean":64.00360725312501}}
{"op_code":8,"worker_id":"9c373109-817a-42de-9d93-65719db93261-8316722560","trial_id":123,"user_attr":{"converged_share":1.0}}
{"op_code":8,"worker_id":"9c373109-817a-42de-9d93-65719db93261-8316722560","trial_id":123,"user_attr":{"wall_s":319.76326394081116}}
{"op_code":6,"worker_id":"9c373109-817a-42de-9d93-65719db93261-8316722560","trial_id":123,"state":1,"values":[44.74098628930449],"datetime_complete":"2026-10-08T03:54:36.163629"}
{"op_code":7,"worker_id":"9c373109-817a-42de-9d93-65719db93261-8316722560","trial_id":124,"step":16,"intermediate_value":44.76101390069375}
{"op_code":8,"worker_id":"9c373109-817a-42de-9d93-65719db93261-8316722560","trial_id":124,"user_attr":{"hh_saving":{"254":41.21756141519005,"185":39.06481453772992,"230":44.871147260679265,"266":46.1710436400403,"145":44.99145304912559,"229":48.57433383075354,"300":62.267632838628494,"69":45.662500344605945,"136":25.42956087008297,"56":50.0054888529414,"72":34.74275084471973,"26":27.668027571642853,"45":45.529595548960735,"208":50.24263813242146,"40":23.172335772448186,"173":86.56533790112957}}}
{"op_code":8,"worker_id":"9c373109-817a-42de-9d93-65719db93261-8316722560","trial_id":124,"user_attr":{"val_efc_mean":62.0278638}}
{"op_code":8,"worker_id":"9c373109-817a-42de-9d93-65719db93261-8316722560","trial_id":124,"user_attr":{"converged_share":1.0}}
{"op_code":8,"worker_id":"9c373109-817a-42de-9d93-65719db93261-8316722560","trial_id":124,"user_attr":{"wall_s":319.7597236633301}}
{"op_code":6,"worker_id":"9c373109-817a-42de-9d93-65719db93261-8316722560","trial_id":124,"state":1,"values":[44.76101390069375],"datetime_complete":"2026-10-08T03:54:36.164782"}
{"op_code":7,"worker_id":"9c373109-817a-42de-9d93-65719db93261-8316722560","trial_id":125,"step":16,"intermediate_value":46.04508498516128}
{"op_code":8,"worker_id":"9c373109-817a-42de-9d93-65719db93261-8316722560","trial_id":125,"user_attr":{"hh_saving":{"254":42.172663270578,"185":39.72598715156479,"230":46.19951928970691,"266":46.81408745857111,"145":48.14145999811814,"229":49.216207643218716,"300":65.41932952060752,"69":46.08305250533717,"136":24.74629884195836,"56":50.517233703621294,"72":34.26583512061361,"26":27.086336493851825,"45":51.24769999124833,"208":54.177227212173996,"40":21.656855104122734,"173":89.25156645728796}}}
{"op_code":8,"worker_id":"9c373109-817a-42de-9d93-65719db93261-8316722560","trial_id":125,"user_attr":{"val_efc_mean":61.071551890625}}
{"op_code":8,"worker_id":"9c373109-817a-42de-9d93-65719db93261-8316722560","trial_id":125,"user_attr":{"converged_share":1.0}}
{"op_code":8,"worker_id":"9c373109-817a-42de-9d93-65719db93261-8316722560","trial_id":125,"user_attr":{"wall_s":319.75633001327515}}
{"op_code":6,"worker_id":"9c373109-817a-42de-9d93-65719db93261-8316722560","trial_id":125,"state":1,"values":[46.04508498516128],"datetime_complete":"2026-10-08T03:54:36.166299"}
{"op_code":7,"worker_id":"9c373109-817a-42de-9d93-65719db93261-8316722560","trial_id":126,"step":16,"intermediate_value":45.15547441508543}
{"op_code":8,"worker_id":"9c373109-817a-42de-9d93-65719db93261-8316722560","trial_id":126,"user_attr":{"hh_saving":{"254":39.71678082585641,"185":39.97033740649764,"230":45.4440467371981,"266":45.56935452297342,"145":45.19989817849034,"229":48.014765441941044,"300":64.59910810483177,"69":38.569977366927674,"136":26.166915358933952,"56":50.208370988279526,"72":34.61231027807656,"26":27.024490078260477,"45":51.46623107386853,"208":52.35181428539029,"40":22.632880552076227,"173":90.94030944176484}}}
{"op_code":8,"worker_id":"9c373109-817a-42de-9d93-65719db93261-8316722560","trial_id":126,"user_attr":{"val_efc_mean":62.650714178125}}
{"op_code":8,"worker_id":"9c373109-817a-42de-9d93-65719db93261-8316722560","trial_id":126,"user_attr":{"converged_share":1.0}}
{"op_code":8,"worker_id":"9c373109-817a-42de-9d93-65719db93261-8316722560","trial_id":126,"user_attr":{"wall_s":319.7518711090088}}
{"op_code":6,"worker_id":"9c373109-817a-42de-9d93-65719db93261-8316722560","trial_id":126,"state":1,"values":[45.15547441508543],"datetime_complete":"2026-10-08T03:54:36.167655"}
{"op_code":7,"worker_id":"9c373109-817a-42de-9d93-65719db93261-8316722560","trial_id":127,"step":16,"intermediate_value":45.86658360610443}
{"op_code":8,"worker_id":"9c373109-817a-42de-9d93-65719db93261-8316722560","trial_id":127,"user_attr":{"hh_saving":{"254":41.065594879411606,"185":40.704957529914054,"230":45.2289642664089,"266":44.96836600628596,"145":46.047736559655725,"229":51.72829955105349,"300":64.22131494366822,"69":45.20283345875039,"136":26.019669122267022,"56":50.18095795581525,"72":34.25102890314993,"26":27.37039546878549,"45":48.73078411483601,"208":51.94296530840907,"40":22.453533884168056,"173":93.74793574509158}}}
{"op_code":8,"worker_id":"9c373109-817a-42de-9d93-65719db93261-8316722560","trial_id":127,"user_attr":{"val_efc_mean":62.466662815625}}
{"op_code":8,"worker_id":"9c373109-817a-42de-9d93-65719db93261-8316722560","trial_id":127,"user_attr":{"converged_share":1.0}}
{"op_code":8,"worker_id":"9c373109-817a-42de-9d93-65719db93261-8316722560","trial_id":127,"user_attr":{"wall_s":319.7469232082367}}
{"op_code":6,"worker_id":"9c373109-817a-42de-9d93-65719db93261-8316722560","trial_id":127,"state":1,"values":[45.86658360610443],"datetime_complete":"2026-10-08T03:54:36.169055"}
{"op_code":7,"worker_id":"9c373109-817a-42de-9d93-65719db93261-8316722560","trial_id":128,"step":16,"intermediate_value":45.29575508025301}
{"op_code":8,"worker_id":"9c373109-817a-42de-9d93-65719db93261-8316722560","trial_id":128,"user_attr":{"hh_saving":{"254":41.501863202981774,"185":40.32448506355115,"230":45.41543442137182,"266":45.904649528236654,"145":47.50078844956387,"229":47.33160077408074,"300":68.52952656255934,"69":45.10954033991955,"136":26.527034406544463,"56":49.99141277467765,"72":35.0658255320188,"26":27.134011003781005,"45":45.311112805958984,"208":49.041272858929986,"40":22.562124379697384,"173":87.48139918017498}}}
{"op_code":8,"worker_id":"9c373109-817a-42de-9d93-65719db93261-8316722560","trial_id":128,"user_attr":{"val_efc_mean":62.2761215125}}
{"op_code":8,"worker_id":"9c373109-817a-42de-9d93-65719db93261-8316722560","trial_id":128,"user_attr":{"converged_share":1.0}}
{"op_code":8,"worker_id":"9c373109-817a-42de-9d93-65719db93261-8316722560","trial_id":128,"user_attr":{"wall_s":319.74292373657227}}
{"op_code":6,"worker_id":"9c373109-817a-42de-9d93-65719db93261-8316722560","trial_id":128,"state":1,"values":[45.29575508025301],"datetime_complete":"2026-10-08T03:54:36.170383"}
{"op_code":7,"worker_id":"9c373109-817a-42de-9d93-65719db93261-8316722560","trial_id":129,"step":16,"intermediate_value":45.23418395638096}
{"op_code":8,"worker_id":"9c373109-817a-42de-9d93-65719db93261-8316722560","trial_id":129,"user_attr":{"hh_saving":{"254":42.37216721955883,"185":38.345963433401245,"230":45.84015617219918,"266":47.908310648900205,"145":46.56637772154304,"229":49.82799594126902,"300":60.45485070567642,"69":45.90630072718102,"136":24.23776185778466,"56":50.16148167115775,"72":34.97092967258324,"26":27.701909066925957,"45":46.470290223455684,"208":49.22035961159674,"40":22.282873843018404,"173":91.47921478584396}}}
{"op_code":8,"worker_id":"9c373109-817a-42de-9d93-65719db93261-8316722560","trial_id":129,"user_attr":{"val_efc_mean":59.826305134375}}
{"op_code":8,"worker_id":"9c373109-817a-42de-9d93-65719db93261-8316722560","trial_id":129,"user_attr":{"converged_share":0.0}}
{"op_code":8,"worker_id":"9c373109-817a-42de-9d93-65719db93261-8316722560","trial_id":129,"user_attr":{"wall_s":319.73857283592224}}
{"op_code":6,"worker_id":"9c373109-817a-42de-9d93-65719db93261-8316722560","trial_id":129,"state":1,"values":[45.23418395638096],"datetime_complete":"2026-10-08T03:54:36.171964"}
{"op_code":7,"worker_id":"9c373109-817a-42de-9d93-65719db93261-8316722560","trial_id":130,"step":16,"intermediate_value":45.883755309773065}
{"op_code":8,"worker_id":"9c373109-817a-42de-9d93-65719db93261-8316722560","trial_id":130,"user_attr":{"hh_saving":{"254":41.33425990031594,"185":39.57694802058132,"230":44.624354000978016,"266":46.347192410191205,"145":46.690897161640464,"229":47.88536421016582,"300":68.07312946293901,"69":45.30785988191322,"136":26.395847831925604,"56":50.38517205659254,"72":34.82663134994425,"26":27.688685038096438,"45":49.193663567168095,"208":52.38912857873737,"40":22.030158035875377,"173":91.39079344930438}}}
{"op_code":8,"worker_id":"9c373109-817a-42de-9d93-65719db93261-8316722560","trial_id":130,"user_attr":{"val_efc_mean":62.63907610625}}
{"op_code":8,"worker_id":"9c373109-817a-42de-9d93-65719db93261-8316722560","trial_id":130,"user_attr":{"converged_share":1.0}}
{"op_code":8,"worker_id":"9c373109-817a-42de-9d93-65719db93261-8316722560","trial_id":130,"user_attr":{"wall_s":319.7342960834503}}
{"op_code":6,"worker_id":"9c373109-817a-42de-9d93-65719db93261-8316722560","trial_id":130,"state":1,"values":[45.883755309773065],"datetime_complete":"2026-10-08T03:54:36.173282"}
{"op_code":7,"worker_id":"9c373109-817a-42de-9d93-65719db93261-8316722560","trial_id":131,"step":16,"intermediate_value":44.76751251217438}
{"op_code":8,"worker_id":"9c373109-817a-42de-9d93-65719db93261-8316722560","trial_id":131,"user_attr":{"hh_saving":{"254":38.027489104285415,"185":38.873966524274074,"230":43.86158882811118,"266":47.894050345159364,"145":47.03646214194462,"229":48.89678441897638,"300":67.80209598374232,"69":45.20248906908683,"136":23.694175868689108,"56":49.646101019596586,"72":34.7291308577292,"26":26.764101474980077,"45":49.71213639998958,"208":50.55403350502487,"40":22.241642600792964,"173":81.34395205240756}}}
{"op_code":8,"worker_id":"9c373109-817a-42de-9d93-65719db93261-8316722560","trial_id":131,"user_attr":{"val_efc_mean":61.39362099375}}
{"op_code":8,"worker_id":"9c373109-817a-42de-9d93-65719db93261-8316722560","trial_id":131,"user_attr":{"converged_share":1.0}}
{"op_code":8,"worker_id":"9c373109-817a-42de-9d93-65719db93261-8316722560","trial_id":131,"user_attr":{"wall_s":319.73013496398926}}
{"op_code":6,"worker_id":"9c373109-817a-42de-9d93-65719db93261-8316722560","trial_id":131,"state":1,"values":[44.76751251217438],"datetime_complete":"2026-10-08T03:54:36.174615"}
{"op_code":7,"worker_id":"9c373109-817a-42de-9d93-65719db93261-8316722560","trial_id":132,"step":16,"intermediate_value":45.914395505471035}
{"op_code":8,"worker_id":"9c373109-817a-42de-9d93-65719db93261-8316722560","trial_id":132,"user_attr":{"hh_saving":{"254":42.369356784972105,"185":39.22193768095915,"230":45.82625490880788,"266":48.34664137956458,"145":47.99093103239207,"229":49.35053690469891,"300":66.69868341853238,"69":41.1047082829487,"136":24.179757881033805,"56":49.94831526168337,"72":34.788259198432534,"26":26.976349595953028,"45":51.10396024261549,"208":54.30865628529179,"40":23.125548520290405,"173":89.29043070936035}}}
{"op_code":8,"worker_id":"9c373109-817a-42de-9d93-65719db93261-8316722560","trial_id":132,"user_attr":{"val_efc_mean":60.2729358875}}
{"op_code":8,"worker_id":"9c373109-817a-42de-9d93-65719db93261-8316722560","trial_id":132,"user_attr":{"converged_share":1.0}}
{"op_code":8,"worker_id":"9c373109-817a-42de-9d93-65719db93261-8316722560","trial_id":132,"user_attr":{"wall_s":319.72603392601013}}
{"op_code":6,"worker_id":"9c373109-817a-42de-9d93-65719db93261-8316722560","trial_id":132,"state":1,"values":[45.914395505471035],"datetime_complete":"2026-10-08T03:54:36.176002"}
{"op_code":7,"worker_id":"9c373109-817a-42de-9d93-65719db93261-8316722560","trial_id":133,"step":16,"intermediate_value":44.47294366545722}
{"op_code":8,"worker_id":"9c373109-817a-42de-9d93-65719db93261-8316722560","trial_id":133,"user_attr":{"hh_saving":{"254":41.55902592912767,"185":39.53038061176934,"230":45.08236245805608,"266":46.6716925497922,"145":47.50660885326446,"229":47.822172565562816,"300":60.63945419932938,"69":38.543543020864995,"136":22.895155935120773,"56":50.12330054582742,"72":35.42799962982314,"26":25.994939857246237,"45":46.64380950688565,"208":51.109161530137406,"40":22.699691677327102,"173":89.31779977718084}}}
{"op_code":8,"worker_id":"9c373109-817a-42de-9d93-65719db93261-8316722560","trial_id":133,"user_attr":{"val_efc_mean":60.710291609375}}
{"op_code":8,"worker_id":"9c373109-817a-42de-9d93-65719db93261-8316722560","trial_id":133,"user_attr":{"converged_share":1.0}}
{"op_code":8,"worker_id":"9c373109-817a-42de-9d93-65719db93261-8316722560","trial_id":133,"user_attr":{"wall_s":319.7219820022583}}
{"op_code":6,"worker_id":"9c373109-817a-42de-9d93-65719db93261-8316722560","trial_id":133,"state":1,"values":[44.47294366545722],"datetime_complete":"2026-10-08T03:54:36.177276"}
{"op_code":7,"worker_id":"9c373109-817a-42de-9d93-65719db93261-8316722560","trial_id":134,"step":16,"intermediate_value":45.11125312220934}
{"op_code":8,"worker_id":"9c373109-817a-42de-9d93-65719db93261-8316722560","trial_id":134,"user_attr":{"hh_saving":{"254":37.4472443396268,"185":39.16239731474022,"230":44.8273036233957,"266":48.00942812954946,"145":46.57683469647649,"229":47.98304284934114,"300":65.26935162015572,"69":46.02942407453701,"136":24.517851424550017,"56":49.6626184809477,"72":34.54988299425503,"26":27.387839100877414,"45":46.98353625068142,"208":51.138924487188525,"40":22.433274713240884,"173":89.80109585578596}}}
{"op_code":8,"worker_id":"9c373109-817a-42de-9d93-65719db93261-8316722560","trial_id":134,"user_attr":{"val_efc_mean":61.41268565}}
{"op_code":8,"worker_id":"9c373109-817a-42de-9d93-65719db93261-8316722560","trial_id":134,"user_attr":{"converged_share":1.0}}
{"op_code":8,"worker_id":"9c373109-817a-42de-9d93-65719db93261-8316722560","trial_id":134,"user_attr":{"wall_s":319.7179880142212}}
{"op_code":6,"worker_id":"9c373109-817a-42de-9d93-65719db93261-8316722560","trial_id":134,"state":1,"values":[45.11125312220934],"datetime_complete":"2026-10-08T03:54:36.178529"}
{"op_code":7,"worker_id":"9c373109-817a-42de-9d93-65719db93261-8316722560","trial_id":135,"step":16,"intermediate_value":45.30776282344959}
{"op_code":8,"worker_id":"9c373109-817a-42de-9d93-65719db93261-8316722560","trial_id":135,"user_attr":{"hh_saving":{"254":38.111881612691214,"185":39.28510441519311,"230":46.04000404790444,"266":48.10724846063977,"145":48.184236390208866,"229":52.7892093308156,"300":66.39734465758254,"69":44.28361449530942,"136":26.08341144671693,"56":50.056710250971214,"72":35.271895758002266,"26":27.08659334143539,"45":47.00787250407945,"208":51.41245729812872,"40":22.571906534559076,"173":82.23471463095551}}}
{"op_code":8,"worker_id":"9c373109-817a-42de-9d93-65719db93261-8316722560","trial_id":135,"user_attr":{"val_efc_mean":60.82953548816406}}
{"op_code":8,"worker_id":"9c373109-817a-42de-9d93-65719db93261-8316722560","trial_id":135,"user_attr":{"converged_share":1.0}}
{"op_code":8,"worker_id":"9c373109-817a-42de-9d93-65719db93261-8316722560","trial_id":135,"user_attr":{"wall_s":319.7135531902313}}
{"op_code":6,"worker_id":"9c373109-817a-42de-9d93-65719db93261-8316722560","trial_id":135,"state":1,"values":[45.30776282344959],"datetime_complete":"2026-10-08T03:54:36.179724"}
{"op_code":7,"worker_id":"9c373109-817a-42de-9d93-65719db93261-8316722560","trial_id":136,"step":16,"intermediate_value":44.878842512142896}
{"op_code":8,"worker_id":"9c373109-817a-42de-9d93-65719db93261-8316722560","trial_id":136,"user_attr":{"hh_saving":{"254":41.850046009684505,"185":39.62400996702278,"230":44.9569847801694,"266":48.26259126511345,"145":44.60330382495397,"229":47.86435895008547,"300":58.72496334390338,"69":45.3716411491222,"136":23.751383709899805,"56":50.32870363589027,"72":34.781672318958066,"26":27.467130368633285,"45":50.33417586603857,"208":53.41188487524178,"40":22.062669431356195,"173":84.66596069821324}}}
{"op_code":8,"worker_id":"9c373109-817a-42de-9d93-65719db93261-8316722560","trial_id":136,"user_attr":{"val_efc_mean":61.39298274375}}
{"op_code":8,"worker_id":"9c373109-817a-42de-9d93-65719db93261-8316722560","trial_id":136,"user_attr":{"converged_share":1.0}}
{"op_code":8,"worker_id":"9c373109-817a-42de-9d93-65719db93261-8316722560","trial_id":136,"user_attr":{"wall_s":319.7087187767029}}
{"op_code":6,"worker_id":"9c373109-817a-42de-9d93-65719db93261-8316722560","trial_id":136,"state":1,"values":[44.878842512142896],"datetime_complete":"2026-10-08T03:54:36.180974"}
{"op_code":7,"worker_id":"9c373109-817a-42de-9d93-65719db93261-8316722560","trial_id":137,"step":16,"intermediate_value":45.27549280481388}
{"op_code":8,"worker_id":"9c373109-817a-42de-9d93-65719db93261-8316722560","trial_id":137,"user_attr":{"hh_saving":{"254":36.522895350789426,"185":40.26803383914493,"230":45.33858289042767,"266":48.45555303034728,"145":45.78885672285956,"229":49.66685486393463,"300":67.78051681453977,"69":44.92984387623782,"136":25.178953054569632,"56":49.404878499975766,"72":34.69834256456307,"26":27.182180726438546,"45":46.84907387531589,"208":50.71539647399446,"40":22.70953948270865,"173":88.91838281117502}}}
{"op_code":8,"worker_id":"9c373109-817a-42de-9d93-65719db93261-8316722560","trial_id":137,"user_attr":{"val_efc_mean":60.511702917156256}}
{"op_code":8,"worker_id":"9c373109-817a-42de-9d93-65719db93261-8316722560","trial_id":137,"user_attr":{"converged_share":1.0}}
{"op_code":8,"worker_id":"9c373109-817a-42de-9d93-65719db93261-8316722560","trial_id":137,"user_attr":{"wall_s":319.70352578163147}}
{"op_code":6,"worker_id":"9c373109-817a-42de-9d93-65719db93261-8316722560","trial_id":137,"state":1,"values":[45.27549280481388],"datetime_complete":"2026-10-08T03:54:36.182181"}
{"op_code":7,"worker_id":"9c373109-817a-42de-9d93-65719db93261-8316722560","trial_id":138,"step":16,"intermediate_value":45.17598949994899}
{"op_code":8,"worker_id":"9c373109-817a-42de-9d93-65719db93261-8316722560","trial_id":138,"user_attr":{"hh_saving":{"254":41.316849675606555,"185":39.73793284444799,"230":45.30139827293383,"266":44.95968176076498,"145":45.74234229936369,"229":49.12417382409595,"300":71.81474363903008,"69":38.99823984206771,"136":24.352732897014683,"56":50.00221129104108,"72":34.25341607955673,"26":27.778786640023096,"45":48.9797705498305,"208":53.40596842673128,"40":22.406167774896474,"173":84.64141618177925}}}
{"op_code":8,"worker_id":"9c373109-817a-42de-9d93-65719db93261-8316722560","trial_id":138,"user_attr":{"val_efc_mean":60.961403821874995}}
{"op_code":8,"worker_id":"9c373109-817a-42de-9d93-65719db93261-8316722560","trial_id":138,"user_attr":{"converged_share":1.0}}
{"op_code":8,"worker_id":"9c373109-817a-42de-9d93-65719db93261-8316722560","trial_id":138,"user_attr":{"wall_s":319.6982750892639}}
{"op_code":6,"worker_id":"9c373109-817a-42de-9d93-65719db93261-8316722560","trial_id":138,"state":1,"values":[45.17598949994899],"datetime_complete":"2026-10-08T03:54:36.183345"}
{"op_code":7,"worker_id":"9c373109-817a-42de-9d93-65719db93261-8316722560","trial_id":139,"step":16,"intermediate_value":45.676546060529276}
{"op_code":8,"worker_id":"9c373109-817a-42de-9d93-65719db93261-8316722560","trial_id":139,"user_attr":{"hh_saving":{"254":42.52453213993865,"185":39.36922410527993,"230":45.66410213849762,"266":48.39402924201996,"145":46.40487529818679,"229":50.39816568803686,"300":64.96720141741076,"69":45.86611098919794,"136":24.13982135469325,"56":49.82306833224078,"72":34.112862031734004,"26":26.273751387906216,"45":49.852752001375016,"208":51.513793018364034,"40":22.365558850100026,"173":89.1548889734865}}}
{"op_code":8,"worker_id":"9c373109-817a-42de-9d93-65719db93261-8316722560","trial_id":139,"user_attr":{"val_efc_mean":60.60954715}}
{"op_code":8,"worker_id":"9c373109-817a-42de-9d93-65719db93261-8316722560","trial_id":139,"user_attr":{"converged_share":1.0}}
{"op_code":8,"worker_id":"9c373109-817a-42de-9d93-65719db93261-8316722560","trial_id":139,"user_attr":{"wall_s":319.6933739185333}}
{"op_code":6,"worker_id":"9c373109-817a-42de-9d93-65719db93261-8316722560","trial_id":139,"state":1,"values":[45.676546060529276],"datetime_complete":"2026-10-08T03:54:36.184859"}
{"op_code":7,"worker_id":"9c373109-817a-42de-9d93-65719db93261-8316722560","trial_id":140,"step":16,"intermediate_value":39.19233477950087}
{"op_code":8,"worker_id":"9c373109-817a-42de-9d93-65719db93261-8316722560","trial_id":140,"user_attr":{"hh_saving":{"254":33.444601303971474,"185":40.54205556134693,"230":40.097842793588406,"266":43.471234388756216,"145":40.315701686437386,"229":43.684921684085396,"300":56.49901083973929,"69":35.03543197022137,"136":25.249762907902415,"56":46.69139359144765,"72":33.73955617550894,"26":23.773723581510435,"45":36.426531028768714,"208":45.041039811595766,"40":21.757660389644673,"173":61.30688875748891}}}
{"op_code":8,"worker_id":"9c373109-817a-42de-9d93-65719db93261-8316722560","trial_id":140,"user_attr":{"val_efc_mean":48.793122496875}}
{"op_code":8,"worker_id":"9c373109-817a-42de-9d93-65719db93261-8316722560","trial_id":140,"user_attr":{"converged_share":1.0}}
{"op_code":8,"worker_id":"9c373109-817a-42de-9d93-65719db93261-8316722560","trial_id":140,"user_attr":{"wall_s":319.68929982185364}}
{"op_code":6,"worker_id":"9c373109-817a-42de-9d93-65719db93261-8316722560","trial_id":140,"state":1,"values":[39.19233477950087],"datetime_complete":"2026-10-08T03:54:36.186676"}
{"op_code":7,"worker_id":"9c373109-817a-42de-9d93-65719db93261-8316722560","trial_id":141,"step":16,"intermediate_value":45.58133696455312}
{"op_code":8,"worker_id":"9c373109-817a-42de-9d93-65719db93261-8316722560","trial_id":141,"user_attr":{"hh_saving":{"254":41.63178963155688,"185":39.15200947987414,"230":45.54841504647599,"266":48.577551363977705,"145":46.4825144767825,"229":50.29554436448859,"300":67.19732573659132,"69":38.807854875349,"136":23.952820396472344,"56":49.80412021982002,"72":34.67207739264537,"26":27.178551114039056,"45":50.904030800712675,"208":52.85700326956159,"40":21.89983539263292,"173":90.33994787186967}}}
{"op_code":8,"worker_id":"9c373109-817a-42de-9d93-65719db93261-8316722560","trial_id":141,"user_attr":{"val_efc_mean":59.901276621875}}
{"op_code":8,"worker_id":"9c373109-817a-42de-9d93-65719db93261-8316722560","trial_id":141,"user_attr":{"converged_share":1.0}}
{"op_code":8,"worker_id":"9c373109-817a-42de-9d93-65719db93261-8316722560","trial_id":141,"user_attr":{"wall_s":319.68579721450806}}
{"op_code":6,"worker_id":"9c373109-817a-42de-9d93-65719db93261-8316722560","trial_id":141,"state":1,"values":[45.58133696455312],"datetime_complete":"2026-10-08T03:54:36.188584"}
{"op_code":7,"worker_id":"9c373109-817a-42de-9d93-65719db93261-8316722560","trial_id":142,"step":16,"intermediate_value":45.30111432765861}
{"op_code":8,"worker_id":"9c373109-817a-42de-9d93-65719db93261-8316722560","trial_id":142,"user_attr":{"hh_saving":{"254":41.62344360067784,"185":40.04749448476692,"230":45.66712303421895,"266":44.72845893111282,"145":45.84655716295255,"229":51.7732234928191,"300":61.987464405648815,"69":45.3192988714436,"136":25.51788114460229,"56":50.81428086480972,"72":34.40700374587686,"26":27.62909364453646,"45":48.56718395529115,"208":46.46711921478179,"40":22.612646312388957,"173":91.80955637660985}}}
{"op_code":8,"worker_id":"9c373109-817a-42de-9d93-65719db93261-8316722560","trial_id":142,"user_attr":{"val_efc_mean":59.863487607187494}}
{"op_code":8,"worker_id":"9c373109-817a-42de-9d93-65719db93261-8316722560","trial_id":142,"user_attr":{"converged_share":1.0}}
{"op_code":8,"worker_id":"9c373109-817a-42de-9d93-65719db93261-8316722560","trial_id":142,"user_attr":{"wall_s":319.68188428878784}}
{"op_code":6,"worker_id":"9c373109-817a-42de-9d93-65719db93261-8316722560","trial_id":142,"state":1,"values":[45.30111432765861],"datetime_complete":"2026-10-08T03:54:36.190134"}
{"op_code":7,"worker_id":"9c373109-817a-42de-9d93-65719db93261-8316722560","trial_id":143,"step":16,"intermediate_value":45.05024727254833}
{"op_code":8,"worker_id":"9c373109-817a-42de-9d93-65719db93261-8316722560","trial_id":143,"user_attr":{"hh_saving":{"254":41.332597766422666,"185":38.60820971253877,"230":43.714628912601455,"266":45.653460624686424,"145":45.24807772876247,"229":48.04420272756639,"300":64.0419843733853,"69":44.53617919075346,"136":26.16945697146628,"56":49.77057652670052,"72":34.801870778720776,"26":27.042599740445617,"45":52.393790930586285,"208":49.496498400494424,"40":23.329507053318537,"173":86.62031492232404}}}
{"op_code":8,"worker_id":"9c373109-817a-42de-9d93-65719db93261-8316722560","trial_id":143,"user_attr":{"val_efc_mean":63.07618546249999}}
{"op_code":8,"worker_id":"9c373109-817a-42de-9d93-65719db93261-8316722560","trial_id":143,"user_attr":{"converged_share":1.0}}
{"op_code":8,"worker_id":"9c373109-817a-42de-9d93-65719db93261-8316722560","trial_id":143,"user_attr":{"wall_s":319.67766523361206}}
{"op_code":6,"worker_id":"9c373109-817a-42de-9d93-65719db93261-8316722560","trial_id":143,"state":1,"values":[45.05024727254833],"datetime_complete":"2026-10-08T03:54:36.191459"}
