Timestamp,Price_SMP,Buy_Rate_USD_kWh,Sell_Rate_USD_kWh,Solar_Gen,Consumption,SoC_kWh,SoC_Planned,SoC_Deviation,Charge_kW,Discharge_kW,Buy_kW,Sell_kW,Step_Cost_USD,Reoptimized
2012-06-30 00:30:00+00:00,0.019557,0.0795683676425,0.020334879675,0.0,0.102,4.946315789473684,4.9463158,0.0,0.0,0.102,0.0,-0.0,0.0,1
2012-06-30 01:00:00+00:00,0.0191019,0.07904784587975,0.0198616780725,0.0,0.089,4.899473684210526,4.8994737,0.04684208947368429,0.0,0.089,0.0,-0.0,0.0,1
2012-06-30 01:30:00+00:00,0.0182901,0.07811934760025001,0.0190175887275,0.0,0.101,4.8463157894736835,4.8463158,0.05315788421052581,0.0,0.101,0.0,-0.0,0.0,1
2012-06-30 02:00:00+00:00,0.01545495,0.074876637699875,0.01606967063625,0.0,0.097,4.8463157894736835,4.8463158,1.052631670717119e-08,0.0,0.0,0.097,0.0,0.0036315169284439376,1
2012-06-30 02:30:00+00:00,0.0112791,0.07010049882275,0.011727726202499998,0.0,0.09,4.8463157894736835,4.8463158,1.052631670717119e-08,0.0,0.0,0.09,0.0,0.00315452244702375,1
2012-06-30 03:00:00+00:00,0.0105534,0.0692704776335,0.010973161484999997,0.0,0.106,5.558815789473684,5.5588158,0.7125000105263162,1.5,0.0,1.606,0.0,0.0556241935397005,1
2012-06-30 03:30:00+00:00,0.01114995,0.069952783187375,0.01159343926125,0.0,0.088,6.0415092219736835,6.0415092,0.4826934105263163,1.0161967,0.0,1.1041967000000001,0.0,0.038620816175657484,1
2012-06-30 04:00:00+00:00,0.01064565,0.06937598880162502,0.011069080728749998,0.0,0.108,6.754009221973684,6.7540092,0.7124999780263161,1.5,0.0,1.608,0.0,0.055778294996506515,1
2012-06-30 04:30:00+00:00,0.0095325,0.06810282070625,0.009911655187499998,0.0,0.075,7.466509221973684,7.4665092,0.7124999780263161,1.5,0.0,1.575,0.0,0.05363097130617187,1
2012-06-30 05:00:00+00:00,0.0081918,0.29646939172950004,0.008517628845,0.0,0.136,7.394930274605263,7.3949303,0.07157892197368376,0.0,0.136,0.0,-0.0,0.0,1
2012-06-30 05:30:00+00:00,0.0119925,0.30081645185625006,0.012469501687499999,0.0,0.109,7.337561853552632,7.3375619,0.05736837460526356,0.0,0.109,0.0,-0.0,0.0,1
2012-06-30 06:00:00+00:00,0.01367145,0.3027367551161251,0.01421523192375,0.0,0.13,7.269140800921053,7.2691408,0.0684210535526324,0.0,0.13,0.0,-0.0,0.0,1
2012-06-30 06:30:00+00:00,0.01389285,0.302989981919625,0.01444543810875,0.0,0.117,7.207561853552632,7.2075619,0.061578900921053226,0.0,0.117,0.0,-0.0,0.0,1
2012-06-30 07:00:00+00:00,0.0148953,0.30413653661325,0.015487760557499999,0.0,0.086,7.162298695657896,7.1622987,0.04526315355263222,0.0,0.086,0.0,-0.0,0.0,1
2012-06-30 07:30:00+00:00,0.0171954,0.30676728173850004,0.017879347034999996,0.0,0.107,7.105982906184211,7.1059829,0.056315795657895684,0.0,0.107,0.0,-0.0,0.0,1
2012-06-30 08:00:00+00:00,0.018204,0.30792087051,0.0189280641,0.025,0.08,7.077035537763159,7.0770355,0.02894740618421121,0.0,0.055,0.0,-0.0,0.0,1
2012-06-30 08:30:00+00:00,0.0197415,0.30967938997875005,0.0205267181625,0.075,0.102,7.062825011447369,7.062825,0.014210537763158726,0.0,0.027,0.0,3.469446951953614e-18,-3.5608179881248257e-20,1
2012-06-30 09:00:00+00:00,0.0208485,0.31094552399625003,0.021677749087499996,0.119,0.084,7.07945001144737,7.07945,0.01662498855263017,0.035,0.0,1.3877787807814457e-17,0.0,2.157618000904818e-18,1
2012-06-30 09:30:00+00:00,0.0212544,0.31140977313600005,0.022099793759999996,0.175,0.095,7.11745000004737,7.11745,0.03799998855263009,0.079999976,0.0,0.0,2.399999998736746e-08,-2.651975249804117e-10,1
2012-06-30 10:00:00+00:00,0.0207747,0.31086111506175,0.021601013692499997,0.213,0.09,7.17587500004737,7.175875,0.05842499995262962,0.123,0.0,0.0,-0.0,0.0,1
2012-06-30 10:30:00+00:00,0.0196431,0.30956684473275003,0.0204244043025,0.244,0.088,7.249975000047369,7.249975,0.07409999995263039,0.156,0.0,0.0,-0.0,0.0,1
2012-06-30 11:00:00+00:00,0.0194463,0.12894175424075,0.020219776582499998,0.281,0.096,7.33785000004737,7.33785,0.08787499995263115,0.185,0.0,0.0,-0.0,0.0,1
2012-06-30 11:30:00+00:00,0.02021505,0.129821013975125,0.02101910361375,0.294,0.081,7.439025000047369,7.439025,0.10117499995263035,0.213,0.0,0.0,-0.0,0.0,1
2012-06-30 12:00:00+00:00,0.0196677,0.12919498104425,0.0204499827675,0.313,0.104,7.538300000047369,7.5383,0.09927499995263034,0.209,0.0,0.0,-0.0,0.0,1
2012-06-30 12:30:00+00:00,0.0190404,0.12847750510099998,0.019797731909999998,0.319,0.079,7.652300000047369,7.6523,0.11399999995263155,0.24,0.0,0.0,-0.0,0.0,1
2012-06-30 13:00:00+00:00,0.0184746,0.12783036993650002,0.019209427214999998,0.319,0.112,7.750625000047369,7.750625,0.09832499995263166,0.207,0.0,0.0,-0.0,0.0,1
2012-06-30 13:30:00+00:00,0.01866525,0.128048426350625,0.01940766031875,0.313,0.079,7.861775000047369,7.861775,0.11114999995263108,0.234,0.0,0.0,-0.0,0.0,1
2012-06-30 14:00:00+00:00,0.0198645,0.12942007153625001,0.0206546104875,0.313,0.117,7.954875000047369,7.954875,0.09309999995263141,0.196,0.0,0.0,-0.0,0.0,1
2012-06-30 14:30:00+00:00,0.0195201,0.12902616317525,0.020296511977499997,0.175,0.08,8.0,8.0,0.045124999952631306,0.095,0.0,0.0,-0.0,0.0,1
2012-06-30 15:00:00+00:00,0.0200367,0.12961702571675,0.0208336597425,0.094,0.115,8.0,8.0,0.0,0.0,0.0,0.021000000000000005,0.0,0.0013609787700258752,1
2012-06-30 15:30:00+00:00,0.0200121,0.12958888940525,0.0208080812775,0.163,0.168,8.0,8.0,0.0,0.0,0.0,0.0050000000000000044,0.0,0.00032397222351312533,1
2012-06-30 16:00:00+00:00,0.0202212,0.129828048053,0.021025498230000002,0.094,0.192,8.0,8.0,0.0,0.0,0.0,0.098,0.0,0.006361574354597,1
2012-06-30 16:30:00+00:00,0.02293335,0.13293007639587498,0.02384552399625,0.013,0.849,8.0,8.0,0.0,0.0,0.0,0.836,0.0,0.05556477193347574,1
2012-06-30 17:00:00+00:00,0.02726295,0.137882067219875,0.02834733383625,0.0,0.569,7.700526315789474,7.7005263,0.29947370000000006,0.0,0.569,0.0,-0.0,0.0,1
2012-06-30 17:30:00+00:00,0.02936625,0.140287721853125,0.030534292593749998,0.0,0.164,7.614210526315789,7.6142105,0.08631581578947323,0.0,0.164,0.0,-0.0,0.0,1
2012-06-30 18:00:00+00:00,0.0328164,0.144233839541,0.03412167231,0.0,0.169,7.525263157894736,7.5252632,0.08894732631578872,0.0,0.169,0.0,-0.0,0.0,1
2012-06-30 18:30:00+00:00,0.0324105,0.14376959040124998,0.0336996276375,0.0,0.149,7.4468421052631575,7.4468421,0.07842105789473663,0.0,0.149,0.0,-0.0,0.0,1
2012-06-30 19:00:00+00:00,0.0291879,0.14008373359475002,0.030348848722499995,0.0,0.426,7.222631578947368,7.2226316,0.22421050526315778,0.0,0.426,0.0,-0.0,0.0,1
2012-06-30 19:30:00+00:00,0.0254979,0.13586328686975,0.0265120789725,0.0,1.482,6.442631578947368,6.4426316,0.7799999789473677,0.0,1.482,0.0,-0.0,0.0,1
2012-06-30 20:00:00+00:00,0.0254241,0.13577887793525,0.0264353435775,0.0,1.65,5.653157894736841,5.6531579,0.7894736789473678,0.0,1.5,0.1499999999999999,0.0,0.010183415845143744,1
2012-06-30 20:30:00+00:00,0.0259284,0.136355672321,0.02695970211,0.006,1.994,4.863684210526315,4.8636842,0.7894736947368415,0.0,1.5,0.488,0.0,0.033270784046324,1
2012-06-30 21:00:00+00:00,0.0259284,0.136355672321,0.02695970211,0.0,1.771,4.074210526315788,4.0742105,0.7894737105263143,0.0,1.5,0.2709999999999999,0.0,0.018476193599495493,1
2012-06-30 21:30:00+00:00,0.02373285,0.133844506519625,0.02467682410875,0.0,1.414,3.562631578947367,3.5626316,0.5115789263157882,0.0,0.972,0.44199999999999995,0.0,0.029579635940837123,1
2012-06-30 22:00:00+00:00,0.0270354,0.13762180633850002,0.028110733035,0.0,0.919,3.0789473684210513,3.0789474,0.4836841789473669,0.0,0.919,0.0,-0.0,0.0,1
2012-06-30 22:30:00+00:00,0.0303318,0.1413920720795,0.031538247345,0.0,1.361,2.362631578947367,2.3626316,0.7163157684210515,0.0,1.361,0.0,-0.0,0.0,1
2012-06-30 23:00:00+00:00,0.02718915,0.137797658285375,0.028270598441249996,0.0,1.492,1.57736842105263,1.5773684,0.785263178947367,0.0,1.492,0.0,-0.0,0.0,1
2012-06-30 23:30:00+00:00,0.02936625,0.140287721853125,0.030534292593749998,0.0,1.097,1.0,1.0,0.57736842105263,0.0,1.097,0.0,-0.0,0.0,1
2012-07-01 00:00:00+00:00,0.03199845,0.093798307183625,0.03327118834875,0.0,1.612,1.0,1.0,0.0,0.0,0.0,1.612,0.0,0.07560143559000175,1
2012-07-01 00:30:00+00:00,0.0350796,0.09732238019900001,0.03647489109,0.0,0.584,1.0,1.0,0.0,0.0,0.0,0.584,0.0,0.028418135018108002,1
2012-07-01 01:00:00+00:00,0.03301935,0.09496596411087499,0.034332694646249995,0.0,0.136,1.0,1.0,0.0,0.0,0.0,0.136,0.0,0.0064576855595395,1
2012-07-01 01:30:00+00:00,0.0319431,0.09373500048275,0.0332136368025,0.0,0.108,1.16744079175,1.1674408,0.16744080000000006,0.35250693,0.0,0.46050693,0.0,0.02158280865292986,1
2012-07-01 02:00:00+00:00,0.03205995,0.093868647962375,0.03333513451124999,0.0,0.103,1.3348815835,1.3348816,8.250000016474246e-09,0.35250693,0.0,0.45550693,0.0,0.021378909828296093,1
2012-07-01 02:30:00+00:00,0.0291756,0.09056966543900001,0.030336059489999997,0.0,0.121,2.0473815835,2.0473816,0.7125000164999999,1.5,0.0,1.621,0.0,0.0734067138383095,1
2012-07-01 03:00:00+00:00,0.02827155,0.089535655991375,0.029396050901249995,0.0,0.081,2.7598815835,2.7598816,0.7125000164999999,1.5,0.0,1.581,0.0,0.07077793606118193,1
2012-07-01 03:30:00+00:00,0.02577465,0.086679820374125,0.026799836703749996,0.0,0.123,3.4723815835,3.4723816,0.7125000164999999,1.5,0.0,1.623,0.0,0.07034067423360243,1
2012-07-01 04:00:00+00:00,0.0211683,0.08141129604575001,0.0220102691325,0.0,0.09,4.184881583499999,4.1848816,0.7125000164999999,1.5,0.0,1.59,0.0,0.06472198035637126,1
2012-07-01 04:30:00+00:00,0.02878815,0.090126518532875,0.029933198666249994,0.0,0.248,4.8973815835,4.8973816,0.7125000165000008,1.5,0.0,1.748,0.0,0.07877057719773274,1
2012-07-01 05:00:00+00:00,0.03078075,0.322305559764375,0.03200505433125,0.0,0.243,4.769486846657895,4.7694868,0.1278947834999995,0.0,0.243,0.0,-0.0,0.0,1
2012-07-01 05:30:00+00:00,0.03236745,0.32412035185612503,0.03365486532375,0.0,0.146,4.692644741394736,4.6926447,0.0768421466578948,0.0,0.146,0.0,-0.0,0.0,1
2012-07-01 06:00:00+00:00,0.03164175,0.323290330666875,0.03290030060625,0.0,0.125,4.626855267710526,4.6268553,0.06578944139473641,0.0,0.125,0.0,-0.0,0.0,1
2012-07-01 06:30:00+00:00,0.0311559,0.32273463851475004,0.0323951259225,0.0,0.111,4.5684342150789465,4.5684342,0.05842106771052613,0.0,0.111,0.0,-0.0,0.0,1
2012-07-01 07:00:00+00:00,0.03225675,0.323993738454375,0.03353976223125,0.0,0.473,4.3194868466578935,4.3194868,0.24894741507894658,0.0,0.473,0.0,-0.0,0.0,1
2012-07-01 07:30:00+00:00,0.0322875,0.3240289088437501,0.033571735312499996,0.0,1.059,3.7621184256052618,3.7621184,0.5573684466578936,0.0,1.059,0.0,-0.0,0.0,1
2012-07-01 08:00:00+00:00,0.0338496,0.325815564624,0.03519596784,0.0,1.144,3.160013162447367,3.1600132,0.6021052256052619,0.0,1.144,0.0,-0.0,0.0,1
2012-07-01 08:30:00+00:00,0.033948,0.32592810987000004,0.035298281699999996,0.013,1.212,2.5289605308684195,2.5289605,0.6310526624473667,0.0,1.199,0.0,-0.0,0.0,1
2012-07-01 09:00:00+00:00,0.03614355,0.328439275671375,0.03758115970125,0.031,0.934,2.0536973729736827,2.0536974,0.47526313086841965,0.0,0.903,0.0,-0.0,0.0,1
2012-07-01 09:30:00+00:00,0.03720135,0.329649137065875,0.03868103369625,0.094,0.847,1.6573815834999985,1.6573816,0.3963157729736828,0.0,0.753,0.0,-0.0,0.0,1
2012-07-01 10:00:00+00:00,0.037146,0.32958583036500005,0.03862348214999999,0.113,0.166,1.6294868466578933,1.6294868,0.02789478349999852,0.0,0.053,6.938893903907228e-18,0.0,1.1434805545669504e-18,1
2012-07-01 10:30:00+00:00,0.0373059,0.32976871638975,0.0387897421725,0.113,0.076,1.6470618466578932,1.6470618,0.01757495334210657,0.037,0.0,0.0,1.3877787807814457e-17,-2.691579054948934e-19,1
2012-07-01 11:00:00+00:00,0.0351903,0.14694899360074998,0.036589994182499995,0.131,0.115,1.6546618466578933,1.6546618,0.0075999533421067245,0.016,0.0,0.0,-0.0,0.0,1
2012-07-01 11:30:00+00:00,0.0360759,0.14796190081475,0.037510818922499994,0.138,0.081,1.6817368466578932,1.6817368,0.027074953342106634,0.057,0.0,0.0,-0.0,0.0,1
2012-07-01 12:00:00+00:00,0.036285,0.1482010594625,0.037728235874999995,0.15,0.109,1.7012118466578932,1.7012118,0.019474953342106804,0.041,0.0,0.0,-0.0,0.0,1
2012-07-01 12:30:00+00:00,0.0356577,0.14748358351925,0.0370759850175,0.194,0.088,1.751561846657893,1.7515618,0.05034995334210679,0.106,0.0,0.0,-0.0,0.0,1
2012-07-01 13:00:00+00:00,0.0360882,0.14797596897049997,0.03752360815499999,0.194,0.105,1.7938368466578931,1.7938368,0.04227495334210696,0.089,0.0,0.0,-0.0,0.0,1
2012-07-01 13:30:00+00:00,0.03589755,0.14775791255637502,0.03732537505125,0.056,0.087,1.7775210571842088,1.7775211,0.01631574665789315,0.0,0.031,0.0,6.938893903907228e-18,-1.2949840870208478e-19,1
2012-07-01 14:00:00+00:00,0.0355224,0.147328833806,0.03693530346,0.113,0.1,1.7836960571842089,1.7836961,0.006175042815791176,0.013,0.0,0.0,-0.0,0.0,1
2012-07-01 14:30:00+00:00,0.0350427,0.14678017573175,0.0364365233925,0.181,0.145,1.8007960571842088,1.8007961,0.017100042815791028,0.036,0.0,0.0,-0.0,0.0,1
2012-07-01 15:00:00+00:00,0.0361866,0.1480885142165,0.03762592201499999,0.263,0.111,1.8729960571842088,1.8729961,0.07220004281579118,0.152,0.0,0.0,-0.0,0.0,1
2012-07-01 15:30:00+00:00,0.0343047,0.14593608638674999,0.035669169442499996,0.206,0.128,1.9100460571842088,1.9100461,0.03705004281579116,0.078,0.0,2.7755575615628914e-17,0.0,2.0252700403781963e-18,1
2012-07-01 16:00:00+00:00,0.03511035,0.146857550588375,0.03650686417124999,0.144,0.124,1.919546057184209,1.9195461,0.009500042815791199,0.02,0.0,0.0,-0.0,0.0,1
2012-07-01 16:30:00+00:00,0.0376134,0.1497204202835,0.039109472985,0.006,0.088,1.8763881624473668,1.8763882,0.04315785718420884,0.0,0.082,0.0,1.3877787807814457e-17,-2.713764836806409e-19,1
2012-07-01 17:00:00+00:00,0.04039935,0.152906857560875,0.042006234146249995,0.0,0.108,1.819546057184209,1.8195461,0.05684206244736689,0.0,0.108,0.0,-0.0,0.0,1
2012-07-01 17:30:00+00:00,0.04091595,0.153497720102375,0.04254338191124999,0.0,0.09,1.7721776361315775,1.7721776,0.04736845718420901,0.0,0.09,0.0,-0.0,0.0,1
2012-07-01 18:00:00+00:00,0.04894785,0.16268422580712502,0.050894750733749994,0.0,0.1,1.7195460571842092,1.7195461,0.05263153613157745,0.0,0.1,0.0,-0.0,0.0,1
2012-07-01 18:30:00+00:00,0.04686915,0.16030670748537498,0.04873337044124999,0.0,0.092,1.6711250045526302,1.671125,0.04842105718420919,0.0,0.092,0.0,-0.0,0.0,1
2012-07-01 19:00:00+00:00,0.0437142,0.1566982255355,0.045452932305,0.0,0.092,1.6227039519210513,1.622704,0.04842100455263032,0.0,0.092,0.0,-0.0,0.0,1
2012-07-01 19:30:00+00:00,0.0425457,0.15536175073925,0.04423795521749999,0.0,0.098,1.5711250045526302,1.571125,0.05157895192105122,0.0,0.098,0.0,-0.0,0.0,1
2012-07-01 20:00:00+00:00,0.04017795,0.152653630757375,0.04177602796124999,0.0,0.087,1.5253355308684196,1.5253355,0.0457895045526302,0.0,0.087,0.0,-0.0,0.0,1
2012-07-01 20:30:00+00:00,0.03956295,0.151950222969875,0.04113656633625,0.0,0.103,1.47112500455263,1.471125,0.05421053086841954,0.0,0.103,0.0,-0.0,0.0,1
2012-07-01 21:00:00+00:00,0.0385974,0.1508458727435,0.040132611585,0.0,0.084,1.4269144782368406,1.4269145,0.04421050455262998,0.0,0.084,0.0,-0.0,0.0,1
2012-07-01 21:30:00+00:00,0.03905865,0.151373428584125,0.04061220780375,0.0,0.115,1.3663881624473668,1.3663882,0.060526278236840536,0.0,0.115,0.0,-0.0,0.0,1
2012-07-01 22:00:00+00:00,0.0388311,0.15111316770275,0.040375607002499994,0.0,0.076,1.3263881624473668,1.3263882,0.03999996244736681,0.0,0.076,0.0,-0.0,0.0,1
2012-07-01 22:30:00+00:00,0.0409467,0.15353289049175,0.0425753549925,0.0,0.115,1.265861846657893,1.2658618,0.060526362447366866,0.0,0.115,0.0,-0.0,0.0,1
2012-07-01 23:00:00+00:00,0.0375396,0.14963601134899998,0.03903273759,0.0,0.077,1.2253355308684193,1.2253355,0.04052634665789312,0.0,0.077,0.0,-0.0,0.0,1
2012-07-01 23:30:00+00:00,0.03880035,0.15107799731337498,0.04034363392125,0.0,0.11,1.167440794026314,1.1674408,0.05789473086841923,0.0,0.11,0.0,-0.0,0.0,1
2012-07-02 00:00:00+00:00,0.037515,0.10010787503749999,0.039007159124999996,0.0,0.074,1.167440794026314,1.1674408,5.9736859903125605e-09,0.0,0.0,0.074,0.0,0.0037039913763874995,1
2012-07-02 00:30:00+00:00,0.03439695,0.096541597554875,0.03576508868625,0.0,0.105,1.167440794026314,1.1674408,5.9736859903125605e-09,0.0,0.0,0.105,0.0,0.005068433871630937,1
2012-07-02 01:00:00+00:00,0.03362205,0.09565530374262503,0.03495936703875,0.0,0.079,1.879940794026314,1.8799408,0.7125000059736859,1.5,0.0,1.579,0.0,0.07551986230480245,1
2012-07-02 01:30:00+00:00,0.03406485,0.09616175734962502,0.03541977940875,0.0,0.093,2.584874994026314,2.584875,0.7049342059736858,1.484072,0.0,1.577072,0.0,0.07582700749344391,1
2012-07-02 02:00:00+00:00,0.0337266,0.09577488306650002,0.035068075515,0.0,0.087,3.2973749940263137,3.297375,0.7125000059736863,1.5,0.0,1.587,0.0,0.07599736971326776,1
2012-07-02 02:30:00+00:00,0.03308085,0.09503630488962501,0.03439664080875,0.0,0.082,4.009874994026314,4.009875,0.7125000059736863,1.5,0.0,1.582,0.0,0.07517371716769339,1
2012-07-02 03:00:00+00:00,0.0331239,0.09508554343475002,0.0344414031225,0.0,0.096,4.722374994026314,4.722375,0.7125000059736868,1.5,0.0,1.596,0.0,0.07587826366093052,1
2012-07-02 03:30:00+00:00,0.0331485,0.09511367974625,0.034466981587499994,0.0,0.071,5.434874994026314,5.434875,0.7125000059736859,1.5,0.0,1.571,0.0,0.07471179544067937,1
2012-07-02 04:00:00+00:00,0.03313005,0.09509257751262501,0.034447797738749994,0.0,0.106,6.147374994026315,6.147375,0.7125000059736859,1.5,0.0,1.606,0.0,0.0763593397426379,1
2012-07-02 04:30:00+00:00,0.0331485,0.09511367974625,0.034466981587499994,0.0,0.071,6.859874994026315,6.859875,0.712500005973685,1.5,0.0,1.571,0.0,0.07471179544067937,1
2012-07-02 05:00:00+00:00,0.03326535,0.325147327225875,0.034588479296249995,0.0,0.115,6.799348678236841,6.7993487,0.06052629402631471,0.0,0.115,0.0,-0.0,0.0,1
2012-07-02 05:30:00+00:00,0.0354117,0.32760222040425,0.03682020036749999,0.0,0.07,6.762506572973683,6.7625066,0.03684207823684105,0.0,0.07,0.0,-0.0,0.0,1
2012-07-02 06:00:00+00:00,0.03721365,0.32966320522162507,0.03869382292875,0.006,0.107,6.70934867823684,6.7093487,0.05315787297368324,0.0,0.101,0.0,1.3877787807814457e-17,-2.6849233203916914e-19,1
2012-07-02 06:30:00+00:00,0.04154325,0.334615196045625,0.04319563276874999,0.0,0.076,6.66934867823684,6.6693487,0.03999997823684076,0.0,0.076,0.0,-0.0,0.0,1
2012-07-02 07:00:00+00:00,0.04940295,0.3436047475698751,0.051367952336249995,0.0,0.098,6.617769730868419,6.6177697,0.0515789782368401,0.0,0.098,0.0,-0.0,0.0,1
2012-07-02 07:30:00+00:00,0.04357275,0.33693644174437504,0.04530585613125,0.0,0.085,6.573032888763156,6.5730329,0.04473683086841884,0.0,0.085,0.0,-0.0,0.0,1
2012-07-02 08:00:00+00:00,0.05431065,0.34921794171412507,0.056470856103749995,0.019,0.072,6.5451381519210505,6.5451382,0.027894688763155706,0.0,0.053,0.0,6.938893903907228e-18,-1.9592263958336657e-19,1
2012-07-02 08:30:00+00:00,0.0599625,0.35568225928125,0.0623475084375,0.069,0.098,6.529874994026314,6.529875,0.015263151921050877,0.0,0.029,0.0,3.469446951953614e-18,-1.081556865551933e-19,1
2012-07-02 09:00:00+00:00,0.05511015,0.35013237183787504,0.05730215621625,0.119,0.069,6.553624994026314,6.553625,0.02375000597368615,0.05,0.0,1.3877787807814457e-17,0.0,2.42953138050641e-18,1
2012-07-02 09:30:00+00:00,0.0512418,0.3457079368545001,0.05327994259499999,0.175,0.112,6.583549994026314,6.58355,0.02992500597368597,0.063,0.0,0.0,-0.0,0.0,1
2012-07-02 10:00:00+00:00,0.0551163,0.35013940591575,0.05730855083249999,0.219,0.07,6.6543249940263145,6.654325,0.0707750059736858,0.149,0.0,0.0,-0.0,0.0,1
2012-07-02 10:30:00+00:00,0.0485481,0.34262701074525004,0.05047910067749999,0.263,0.105,6.729374994026315,6.729375,0.07505000597368561,0.158,0.0,0.0,-0.0,0.0,1
2012-07-02 11:00:00+00:00,0.04616805,0.15950482260762502,0.04800438418875,0.288,0.08,6.828174994026314,6.828175,0.09880000597368532,0.208,0.0,0.0,-0.0,0.0,1
2012-07-02 11:30:00+00:00,0.05245335,0.16669365019587498,0.05453968199625,0.313,0.087,6.935524994026315,6.935525,0.10735000597368582,0.226,0.0,0.0,-0.0,0.0,1
2012-07-02 12:00:00+00:00,0.0549687,0.16957058804675,0.057155080042499994,0.319,0.096,7.041449994026315,7.04145,0.1059250059736856,0.223,0.0,0.0,-0.0,0.0,1
2012-07-02 12:30:00+00:00,-0.0364572,0.065001986357,-0.03790728513,0.231,0.08,7.753949994026314,7.75395,0.712500005973685,1.5,0.0,1.349,0.0,0.0438438397977965,1
2012-07-02 13:00:00+00:00,0.04337595,0.15631135125237502,0.04510122841125,0.2,0.146,7.779599994026314,7.7796,0.025650005973686163,0.054,0.0,0.0,2.7755575615628914e-17,-6.259052777631002e-19,1
2012-07-02 13:30:00+00:00,0.05314215,0.167481466917875,0.055255879016249995,0.294,0.108,7.867949994026314,7.86795,0.08835000597368659,0.186,0.0,0.0,-0.0,0.0,1
2012-07-02 14:00:00+00:00,0.04459365,0.157704098671625,0.046367362428749996,0.144,0.125,7.876974994026314,7.876975,0.009025005973685829,0.019,0.0,0.0,-0.0,0.0,1
2012-07-02 14:30:00+00:00,0.0519921,0.16616609435525,0.054060085777499996,0.231,0.127,7.926374994026315,7.926375,0.04940000597368588,0.104,0.0,0.0,2.7755575615628914e-17,-7.502343992923932e-19,1
2012-07-02 15:00:00+00:00,0.0559281,0.17066790419525002,0.0581526401775,0.238,0.083,7.999999998776315,8.0,0.07362500597368538,0.15500001,0.0,9.999999994736442e-09,0.0,8.533395205270898e-10,1
2012-07-02 15:30:00+00:00,0.0566907,0.17154012985175,0.05894557259249999,0.138,0.2,7.967368419828946,7.9673684,0.03263159877631505,0.0,0.062,0.0,-0.0,0.0,1
2012-07-02 16:00:00+00:00,0.0589047,0.17407239788675,0.0612476344425,0.081,0.292,7.856315788249999,7.8563158,0.11105261982894632,0.0,0.211,0.0,2.7755575615628914e-17,-8.499816745236033e-19,1
2012-07-02 16:30:00+00:00,0.06386775,0.179748898731875,0.06640808975625,0.013,0.204,7.755789472460525,7.7557895,0.10052628824999932,0.0,0.191,0.0,2.7755575615628914e-17,-9.215973783595343e-19,1
2012-07-02 17:00:00+00:00,0.06529455,0.181380804798875,0.06789164072625001,0.0,0.14,7.682105261934209,7.6821053,0.07368417246052505,0.0,0.14,0.0,-0.0,0.0,1
2012-07-02 17:30:00+00:00,0.10175175,0.223078818441875,0.10579892585624999,0.0,0.154,7.601052630355262,7.6010526,0.08105266193420935,0.0,0.154,0.0,-0.0,0.0,1
2012-07-02 18:00:00+00:00,0.1472556,0.275123960639,0.15311269148999998,0.0,0.148,6.811578946144736,6.8115789,0.7894737303552626,0.0,1.5,0.0,1.352,-0.10350417944724,1
2012-07-02 18:30:00+00:00,0.14934045,0.27750851303862506,0.15528046639874998,0.006,0.141,6.022105261934209,6.0221053,0.789473646144736,0.0,1.5,0.0,1.365,-0.10597891831714687,1
2012-07-02 19:00:00+00:00,0.14467875,0.272176682009375,0.15043334728125,0.0,0.181,5.5863157882499985,5.5863158,0.43578946193420887,0.0,0.828,0.0,0.647,-0.048665187845484376,1
2012-07-02 19:30:00+00:00,0.08417505,0.202975423875125,0.08752311261375,0.0,1.195,4.957368419828946,4.9573684,0.6289473882499985,0.0,1.195,0.0,-0.0,0.0,1
2012-07-02 20:00:00+00:00,0.07554045,0.193099578538625,0.07854507139874999,0.0,0.925,4.470526314565788,4.4705263,0.4868421198289452,0.0,0.925,0.0,-0.0,0.0,1
2012-07-02 20:30:00+00:00,0.13397775,0.259937386506875,0.13930671500624997,0.0,0.666,4.119999998776314,4.12,0.350526314565788,0.0,0.666,0.0,-0.0,0.0,1
2012-07-02 21:00:00+00:00,0.07683195,0.19457673489237498,0.07988794081124999,0.0,1.391,3.3878947356184193,3.3878947,0.7321052987763141,0.0,1.391,0.0,-0.0,0.0,1
2012-07-02 21:30:00+00:00,0.0691629,0.18580523978225,0.0719138543475,0.0,1.086,2.816315788249998,2.8163158,0.5715789356184193,0.0,1.086,0.0,-0.0,0.0,1
2012-07-02 22:00:00+00:00,0.06993165,0.186684499516625,0.07271318137874999,0.0,1.204,2.182631577723682,2.1826316,0.633684188249998,0.0,1.204,0.0,-0.0,0.0,1
2012-07-02 22:30:00+00:00,0.13854105,0.26515667229012496,0.14405152026374998,0.0,0.747,1.7894736829868398,1.7894737,0.39315787772368194,0.0,0.747,0.0,-0.0,0.0,1
2012-07-02 23:00:00+00:00,0.0775515,0.19539972200375,0.08063611091249999,0.0,0.228,1.6694736829868397,1.6694737,0.11999998298683989,0.0,0.228,0.0,-0.0,0.0,1
2012-07-02 23:30:00+00:00,0.06964875,0.18636093193437497,0.07241902903124998,0.0,1.272,1.0,1.0,0.6694736829868397,0.0,1.272,0.0,-0.0,0.0,1
2012-07-03 00:00:00+00:00,0.05408925,0.119064714910625,0.056240649918749996,0.0,1.817,1.7125,1.7125,0.7124999999999999,1.5,0.0,3.317,0.0,0.19746882967927157,1
2012-07-03 00:30:00+00:00,0.05709045,0.12249734491362502,0.059361222648749996,0.0,1.272,2.425,2.425,0.7124999999999999,1.5,0.0,2.7720000000000002,0.0,0.1697813200502843,1
2012-07-03 01:00:00+00:00,0.06643845,0.133189143283625,0.06908103934874998,0.0,0.401,2.539928948,2.5399289,0.11492890000000022,0.24195568,0.0,0.64295568,0.0,0.04281735809427027,1
2012-07-03 01:30:00+00:00,0.06637695,0.133118802504875,0.06901709318625,0.0,0.18,3.252428948,3.2524289,0.7124999519999999,1.5,0.0,1.68,0.0,0.11181979410409501,1
2012-07-03 02:00:00+00:00,0.06015315,0.126000315695375,0.06254574154124999,0.0,0.131,3.964928948,3.9649289,0.7124999519999999,1.5,0.0,1.631,0.0,0.10275325744957832,1
2012-07-03 02:30:00+00:00,0.0517461,0.11638473124025,0.0538043011275,0.0,0.176,4.677428947999999,4.6774289,0.7124999519999999,1.5,0.0,1.676,0.0,0.0975304047793295,1
2012-07-03 03:00:00+00:00,0.04996875,0.11435188273437501,0.051956257031249994,0.0,0.13,5.389928948,5.3899289,0.7124999520000008,1.5,0.0,1.63,0.0,0.09319678442851563,1
2012-07-03 03:30:00+00:00,0.0471213,0.11109510467825,0.048995549707499995,0.0,0.174,6.102428948,6.1024289,0.7124999519999999,1.5,0.0,1.674,0.0,0.09298660261569525,1
2012-07-03 04:00:00+00:00,0.0444522,0.10804231488049999,0.04622028625499999,0.0,0.133,6.814928948,6.8149289,0.7124999519999999,1.5,0.0,1.633,0.0,0.08821655009992825,1
2012-07-03 04:30:00+00:00,0.03800085,0.10066356718962502,0.03951233380875,0.0,0.163,7.527428948000001,7.5274289,0.7124999519999999,1.5,0.0,1.663,0.0,0.08370175611817321,1
2012-07-03 05:00:00+00:00,0.0400857,0.33294811958925,0.0416801087175,0.0,0.135,7.4563763164210535,7.4563763,0.0710526480000011,0.0,0.135,0.0,-0.0,0.0,1
2012-07-03 05:30:00+00:00,0.04244115,0.33564217141537506,0.044129246741249996,0.0,0.147,7.379007895368422,7.3790079,0.07736841642105308,0.0,0.147,0.0,-0.0,0.0,1
2012-07-03 06:00:00+00:00,0.0469614,0.34081221865350003,0.04882928968499999,0.0,0.201,7.273218421684211,7.2732184,0.10578949536842153,0.0,0.201,0.0,-0.0,0.0,1
2012-07-03 06:30:00+00:00,0.05444595,0.34937269142737504,0.056611537661249996,0.0,0.177,7.1800605269473685,7.1800605,0.09315792168421133,0.0,0.177,0.0,-0.0,0.0,1
2012-07-03 07:00:00+00:00,0.05514705,0.35017457630512505,0.057340523913750004,0.0,0.175,7.087955263789474,7.0879553,0.09210522694736856,0.0,0.175,0.0,-0.0,0.0,1
2012-07-03 07:30:00+00:00,0.04983345,0.34409713302112505,0.05181557547374999,0.0,0.173,6.996902632210526,6.9969026,0.09105266378947352,0.0,0.173,0.0,-0.0,0.0,1
2012-07-03 08:00:00+00:00,0.05495025,0.349949485813125,0.057135896193749994,0.025,0.141,6.935850000631579,6.93585,0.061052632210525815,0.0,0.116,0.0,1.3877787807814457e-17,-3.9645992179308804e-19,1
2012-07-03 08:30:00+00:00,0.0611556,0.357046870389,0.06358806399,0.075,0.161,6.890586842736842,6.8905868,0.04526320063157829,0.0,0.086,1.3877787807814457e-17,0.0,2.4775103523513865e-18,1
2012-07-03 09:00:00+00:00,0.0548211,0.34980177017775,0.05700160925249999,0.125,0.125,6.890586842736842,6.8905868,4.2736841621149324e-08,0.0,0.0,0.0,-0.0,0.0,1
2012-07-03 09:30:00+00:00,0.05316675,0.3479096032293751,0.05528145748125,0.175,0.433,6.754797369052631,6.7547974,0.1357894427368418,0.0,0.258,0.0,-0.0,0.0,1
2012-07-03 10:00:00+00:00,0.05043,0.34477943857500004,0.05243585325,0.219,0.125,6.799447369052631,6.7994474,0.04465003094736897,0.094,0.0,0.0,-0.0,0.0,1
2012-07-03 10:30:00+00:00,0.04451985,0.338019689737125,0.04629062703375,0.256,0.304,6.774184211157894,6.7741842,0.025263169052631262,0.0,0.048,0.0,1.3877787807814457e-17,-3.21205749732531e-19,1
2012-07-03 11:00:00+00:00,0.044772,0.15790808693000002,0.0465528063,0.281,0.357,6.734184211157894,6.7341842,0.0400000111578942,0.0,0.076,0.0,4.163336342344337e-17,-9.69074951534532e-19,1
2012-07-03 11:30:00+00:00,0.0444522,0.1575423148805,0.04622028625499999,0.306,0.972,6.38365789536842,6.3836579,0.35052631115789357,0.0,0.666,0.0,1.1102230246251565e-16,-2.565741300253332e-18,1
2012-07-03 12:00:00+00:00,0.04022715,0.152709903380375,0.04182718489125,0.325,0.859,6.1026052637894725,6.1026053,0.2810525953684202,0.0,0.534,0.0,-0.0,0.0,1
2012-07-03 12:30:00+00:00,0.03839445,0.150613748173625,0.03992158924874999,0.325,0.772,5.8673421058947355,5.8673421,0.23526316378947243,0.0,0.447,0.0,-0.0,0.0,1
2012-07-03 13:00:00+00:00,0.03786555,0.15000881747637498,0.03937165225124999,0.331,0.705,5.670500000631578,5.6705,0.19684210589473583,0.0,0.374,0.0,5.551115123125783e-17,-1.0927828711718155e-18,1
2012-07-03 13:30:00+00:00,0.0387204,0.150986554301,0.040260503909999995,0.319,0.425,5.614710526947367,5.6147105,0.05578950063157784,0.0,0.106,0.0,1.3877787807814457e-17,-2.793633651493321e-19,1
2012-07-03 14:00:00+00:00,0.0381669,0.15035348729225,0.03968498844749999,0.313,0.137,5.698310526947367,5.6983105,0.08359997305263267,0.176,0.0,0.0,-0.0,0.0,1
2012-07-03 14:30:00+00:00,0.03929235,0.151640723543375,0.04085520322124999,0.275,0.12,5.771935526947367,5.7719355,0.07362497305263282,0.155,0.0,0.0,-0.0,0.0,1
2012-07-03 15:00:00+00:00,0.0391386,0.1514648715965,0.040695337815,0.256,0.167,5.814210526947367,5.8142105,0.04227497305263306,0.089,0.0,0.0,-0.0,0.0,1
2012-07-03 15:30:00+00:00,0.0386712,0.15093028167800002,0.040209346980000005,0.213,0.25,5.794736842736841,5.7947368,0.01947372694736682,0.0,0.037,6.938893903907228e-18,0.0,5.236446057252376e-19,1
2012-07-03 16:00:00+00:00,0.04126035,0.153891628463375,0.04290148042125,0.156,0.235,5.753157895368419,5.7531579,0.04157894273684093,0.0,0.079,0.0,1.3877787807814457e-17,-2.9768882096360693e-19,1
2012-07-03 16:30:00+00:00,0.04187535,0.15459503625087498,0.043540942046249996,0.006,0.21,5.645789474315787,5.6457895,0.10736839536841902,0.0,0.204,0.0,-0.0,0.0,1
2012-07-03 17:00:00+00:00,0.0499134,0.1637885760335,0.051898705484999995,0.0,0.246,5.516315790105261,5.5163158,0.12947367431578716,0.0,0.246,0.0,-0.0,0.0,1
2012-07-03 17:30:00+00:00,0.0535419,0.16793868197975,0.0556715290725,0.0,0.21,5.405789474315787,5.4057895,0.11052629010526083,0.0,0.21,0.0,-0.0,0.0,1
2012-07-03 18:00:00+00:00,0.06712725,0.18347696000562497,0.06979723636874999,0.0,0.23,5.28473684273684,5.2847368,0.12105267431578692,0.0,0.23,0.0,-0.0,0.0,1
2012-07-03 18:30:00+00:00,0.0740583,0.19140436577075,0.0770039688825,0.0,0.223,5.167368421684208,5.1673684,0.11736844273684,0.0,0.223,0.0,-0.0,0.0,1
2012-07-03 19:00:00+00:00,0.06561435,0.181746576848375,0.06822416077124999,0.0,0.203,5.0605263164210506,5.0605263,0.10684212168420792,0.0,0.203,0.0,-0.0,0.0,1
2012-07-03 19:30:00+00:00,0.052275,0.1664896619375,0.054354238124999996,0.0,0.239,4.93473684273684,4.9347368,0.12578951642105096,0.0,0.239,0.0,-0.0,0.0,1
2012-07-03 20:00:00+00:00,0.0460758,0.15939931143949998,0.04790846494499999,0.0,0.207,4.825789474315788,4.8257895,0.10894734273684037,0.0,0.207,0.0,-0.0,0.0,1
2012-07-03 20:30:00+00:00,0.0493476,0.163141440869,0.05131040078999999,0.0,0.244,4.697368421684209,4.6973684,0.12842107431578764,0.0,0.244,0.0,-0.0,0.0,1
2012-07-03 21:00:00+00:00,0.0465801,0.15997610582525001,0.0484328234775,0.0,1.039,4.150526316421051,4.1505263,0.5468421216842092,0.0,1.039,0.0,-0.0,0.0,1
2012-07-03 21:30:00+00:00,0.0453132,0.15852708578299998,0.04711553253,0.0,0.961,3.6447368427368407,3.6447368,0.5057895164210513,0.0,0.961,0.0,-0.0,0.0,1
2012-07-03 22:00:00+00:00,0.043296,0.15621990824,0.0450180984,0.0,1.691,2.8552631585263146,2.8552632,0.7894736427368407,0.0,1.5,0.19100000000000006,0.0,0.014919001236920006,1
2012-07-03 22:30:00+00:00,0.04878795,0.162501339782375,0.05072849071125,0.0,1.384,2.1268421058947355,2.1268421,0.7284210585263144,0.0,1.384,0.0,-0.0,0.0,1
2012-07-03 23:00:00+00:00,0.04317915,0.156086260760375,0.044896600691249997,0.0,1.11,1.542631579578946,1.5426316,0.5842105058947356,0.0,1.11,0.0,-0.0,0.0,1
2012-07-03 23:30:00+00:00,0.0406884,0.15323745922100002,0.04230678111,0.0,1.031,1.0000000006315777,1.0,0.542631579578946,0.0,1.031,0.0,-0.0,0.0,1
2012-07-04 00:00:00+00:00,0.03747195,0.100058636492375,0.038962396811249994,0.0,1.092,1.5874999981315776,1.5875,0.5874999993684222,1.2368421,0.0,2.3288421,0.0,0.11651038256601962,1
2012-07-04 00:30:00+00:00,0.03650025,0.098947252188125,0.03795204744374999,0.0,1.214,2.2999999981315775,2.3,0.7125000018684222,1.5,0.0,2.714,0.0,0.13427142121928562,1
2012-07-04 01:00:00+00:00,0.03599595,0.09837045780237501,0.03742768891124999,0.0,0.908,3.0124999981315774,3.0125,0.7125000018684227,1.5,0.0,2.408,0.0,0.1184380311940595,1
2012-07-04 01:30:00+00:00,0.0363711,0.09879953655275002,0.0378177605025,0.0,1.116,3.7249999981315773,3.725,0.7125000018684227,1.5,0.0,2.616,0.0,0.12922979381099703,1
2012-07-04 02:00:00+00:00,0.03486435,0.097076187473375,0.03625107952125,0.0,1.141,4.437499998131577,4.4375,0.7125000018684227,1.5,0.0,2.641,0.0,0.1281891055585917,1
2012-07-04 02:30:00+00:00,0.033579,0.09560606519749999,0.03491460472499999,0.0,1.062,5.149999998131577,5.15,0.7125000018684231,1.5,0.0,2.5620000000000003,0.0,0.1224713695179975,1
2012-07-04 03:00:00+00:00,0.03375735,0.09581005345587501,0.03510004859625,0.0,1.059,5.862499998131577,5.8625,0.7125000018684231,1.5,0.0,2.559,0.0,0.12258896339679208,1
2012-07-04 03:30:00+00:00,0.03375735,0.09581005345587501,0.03510004859625,0.0,1.017,6.574999998131577,6.575,0.7125000018684231,1.5,0.0,2.517,0.0,0.12057695227421869,1
2012-07-04 04:00:00+00:00,0.0337635,0.09581708753375,0.0351064432125,0.0,0.987,7.287499998131578,7.2875,0.7125000018684222,1.5,0.0,2.487,0.0,0.11914854834821813,1
2012-07-04 04:30:00+00:00,0.0338742,0.09594370093550002,0.035221546305,0.0,1.022,7.999999998131578,8.0,0.7125000018684222,1.5,0.0,2.5220000000000002,0.0,0.12098500687966553,1
2012-07-04 05:00:00+00:00,0.0338742,0.3258437009355001,0.035221546305,0.006,0.985,7.484736840236842,7.4847368,0.5152631981315778,0.0,0.979,0.0,-0.0,0.0,1
2012-07-04 05:30:00+00:00,0.03388035,0.325850735013375,0.03522794092124999,0.0,0.978,6.969999998131579,6.97,0.514736840236842,0.0,0.978,0.0,-0.0,0.0,1
2012-07-04 06:00:00+00:00,0.03415095,0.326160234439875,0.035509304036249995,0.0,0.634,6.6363157876052625,6.6363158,0.33368419813157857,0.0,0.634,0.0,-0.0,0.0,1
2012-07-04 06:30:00+00:00,0.0454485,0.33908183549625004,0.0472562140875,0.0,0.123,6.5715789455,6.5715789,0.06473688760526297,0.0,0.123,0.0,-0.0,0.0,1
2012-07-04 07:00:00+00:00,0.048216,0.34224717054000003,0.0501337914,0.0,0.16,6.48736841918421,6.4873684,0.08421054549999951,0.0,0.16,0.0,-0.0,0.0,1
2012-07-04 07:30:00+00:00,0.0472197,0.34110764992425,0.049097863567500004,0.0,0.116,6.426315787605263,6.4263158,0.06105261918420979,0.0,0.116,0.0,-0.0,0.0,1
2012-07-04 08:00:00+00:00,0.06583575,0.362399803651875,0.06845436695624998,0.0,0.154,6.3452631560263155,6.3452632,0.0810525876052628,0.0,0.154,0.0,-0.0,0.0,1
2012-07-04 08:30:00+00:00,0.07097715,0.36828029275537505,0.07380026614124999,0.063,0.118,6.316315787605263,6.3163158,0.028947356026315596,0.0,0.055,0.0,6.938893903907228e-18,-2.560461084171253e-19,1
2012-07-04 09:00:00+00:00,0.05513475,0.350160508149375,0.05732773468124999,0.119,0.153,6.2984210507631575,6.2984211,0.01789468760526347,0.0,0.034,0.0,-0.0,0.0,1
2012-07-04 09:30:00+00:00,0.0513279,0.3458064139447501,0.053369467222499994,0.144,0.136,6.3022210507631575,6.3022211,0.0038000492368421845,0.008,0.0,2.7755575615628914e-17,0.0,4.799028035306492e-18,1
2012-07-04 10:00:00+00:00,0.05169075,0.346221424539375,0.053746749581249996,0.175,0.173,6.303171050763157,6.3031711,0.0009500492368426094,0.002,0.0,0.0,-0.0,0.0,1
2012-07-04 10:30:00+00:00,0.0548088,0.34978770202200005,0.05698882001999999,0.231,0.143,6.344971050763157,6.3449711,0.04180004923684333,0.088,0.0,0.0,2.7755575615628914e-17,-7.908787516552883e-19,1
2012-07-04 11:00:00+00:00,0.0440955,0.15713433836375,0.04584939851249999,0.213,0.164,6.368246050763157,6.3682461,0.023275049236842982,0.049,0.0,2.7755575615628914e-17,0.0,2.180677005133441e-18,1
2012-07-04 11:30:00+00:00,0.04545465,0.158688869574125,0.04726260870374999,0.288,0.157,6.430471050763157,6.4304711,0.0622250492368428,0.131,0.0,5.551115123125783e-17,0.0,4.404500918823301e-18,1
2012-07-04 12:00:00+00:00,0.0400734,0.15253405143350002,0.041667319485,0.269,0.161,6.481771050763157,6.4817711,0.051300049236842504,0.108,0.0,0.0,-0.0,0.0,1
2012-07-04 12:30:00+00:00,0.0370107,0.14903108065175,0.0384828005925,0.238,0.206,6.4969710507631575,6.4969711,0.015200049236842261,0.032,0.0,0.0,-0.0,0.0,1
2012-07-04 13:00:00+00:00,0.03663555,0.148602001901375,0.03809272900125,0.275,0.337,6.4969710507631575,6.4969711,4.9236842158961736e-08,0.0,0.0,0.062,0.0,0.004606662058942625,1
2012-07-04 13:30:00+00:00,0.038007,0.1501706012675,0.039518728424999996,0.069,0.207,6.4969710507631575,6.4969711,4.9236842158961736e-08,0.0,0.0,0.13799999999999998,0.0,0.0103617714874575,1
2012-07-04 14:00:00+00:00,0.03902175,0.151331224116875,0.04057384010625,0.05,0.351,6.4969710507631575,6.4969711,4.9236842158961736e-08,0.0,0.0,0.301,0.0,0.022775349229589688,1
2012-07-04 14:30:00+00:00,0.0379332,0.150086192333,0.03944199303,0.056,0.319,6.4969710507631575,6.4969711,4.9236842158961736e-08,0.0,0.0,0.263,0.0,0.0197363342917895,1
2012-07-04 15:00:00+00:00,0.0390894,0.1514085989735,0.040644180885,0.1,0.25,6.4969710507631575,6.4969711,4.9236842158961736e-08,0.0,0.0,0.15,0.0,0.0113556449230125,1
2012-07-04 15:30:00+00:00,0.0392124,0.151549280531,0.04077207321,0.163,0.34,6.4969710507631575,6.4969711,4.9236842158961736e-08,0.0,0.0,0.17700000000000002,0.0,0.0134121113269935,1
2012-07-04 16:00:00+00:00,0.0459405,0.15924456172625,0.0477677833875,0.144,1.3,5.8885499981315785,5.88855,0.6084210507631571,0.0,1.156,2.220446049250313e-16,0.0,1.7679697897482473e-17,1
2012-07-04 16:30:00+00:00,0.04490115,0.158055802565375,0.04668709324125,0.0,1.132,5.845263158131578,5.8452632,0.04328679813157876,0.0,0.082244996,1.0497550039999999,0.0,0.0829599348271192,1
2012-07-04 17:00:00+00:00,0.04602045,0.159336004738625,0.04785091339874999,0.006,0.485,5.593157894973683,5.5931579,0.2521052581315786,0.0,0.479,0.0,-0.0,0.0,1
2012-07-04 17:30:00+00:00,0.04818525,0.161812000150625,0.05010181831874999,0.0,1.223,4.9494736844473675,4.9494737,0.6436841949736829,0.0,1.223,0.0,-0.0,0.0,1
2012-07-04 18:00:00+00:00,0.06098955,0.176456950286375,0.06341540935125,0.0,1.453,4.1847368423421045,4.1847368,0.7647368844473679,0.0,1.453,0.0,-0.0,0.0,1
2012-07-04 18:30:00+00:00,0.0607989,0.17623889387225,0.06321717624749999,0.006,1.097,3.610526316026315,3.6105263,0.5742105423421044,0.0,1.091,0.0,-0.0,0.0,1
2012-07-04 19:00:00+00:00,0.05932905,0.174557749260125,0.06168886296375,0.0,0.945,3.1131578949736833,3.1131579,0.497368416026315,0.0,0.945,0.0,-0.0,0.0,1
2012-07-04 19:30:00+00:00,0.05729955,0.172236503561375,0.05957863960124999,0.0,1.309,2.424210526552631,2.4242105,0.6889473949736833,0.0,1.309,0.0,-0.0,0.0,1
2012-07-04 20:00:00+00:00,0.05124795,0.165314970932375,0.05328633721125,0.0,1.068,1.862105263394736,1.8621053,0.5621052265526307,0.0,1.068,0.0,-0.0,0.0,1
2012-07-04 20:30:00+00:00,0.05274855,0.16703128593387498,0.054846623576249996,0.0,0.821,1.4300000002368412,1.43,0.432105263394736,0.0,0.821,0.0,-0.0,0.0,1
2012-07-04 21:00:00+00:00,0.04281015,0.155664216087875,0.04451292371624999,0.0,0.767,1.4300000002368412,1.43,2.3684121330802554e-10,0.0,0.0,0.767,0.0,0.05969722686970007,1
2012-07-04 21:30:00+00:00,0.04341285,0.156353555719625,0.04513959610875,0.0,0.817,1.4300000002368412,1.43,2.3684121330802554e-10,0.0,0.0,0.817,0.0,0.0638704275114668,1
2012-07-04 22:00:00+00:00,0.040959,0.1535469586475,0.042588144225,0.0,0.857,1.4300000002368412,1.43,2.3684121330802554e-10,0.0,0.0,0.857,0.0,0.06579487178045375,1
2012-07-04 22:30:00+00:00,0.04599585,0.159307868427125,0.04782533493375,0.0,0.817,1.0000000002368412,1.0,0.43000000023684115,0.0,0.817,0.0,-0.0,0.0,1
2012-07-04 23:00:00+00:00,0.03850515,0.150740361575375,0.04003669234125,0.0,0.928,1.0000000002368412,1.0,2.3684121330802554e-10,0.0,0.0,0.928,0.0,0.069943527770974,1
2012-07-04 23:30:00+00:00,0.0381669,0.15035348729225,0.03968498844749999,0.0,0.859,1.0000000002368412,1.0,2.3684121330802554e-10,0.0,0.0,0.859,0.0,0.06457682279202138,1
2012-07-05 00:00:00+00:00,0.0353379,0.09761781146975,0.036743464972499994,0.0,0.42,1.7125000002368411,1.7125,0.7124999997631587,1.5,0.0,1.92,0.0,0.09371309901096,1
2012-07-05 00:30:00+00:00,0.03552855,0.097835867883875,0.03694169807625,0.0,0.186,2.2999999977368413,2.3,0.5874999997631587,1.2368421,0.0,1.4228421,0.0,0.06960249585760762,1
2012-07-05 01:00:00+00:00,0.0345384,0.09670338134600001,0.03591216485999999,0.0,0.205,3.012499997736841,3.0125,0.7125000022631589,1.5,0.0,1.705,0.0,0.082439632597465,1
2012-07-05 01:30:00+00:00,0.03459375,0.09676668804687502,0.03596971640625,0.0,0.198,3.724999997736841,3.725,0.7125000022631589,1.5,0.0,1.698,0.0,0.08215491815179689,1
2012-07-05 02:00:00+00:00,0.0339111,0.09598590540275,0.0352599140025,0.0,0.18,4.4374999977368415,4.4375,0.7125000022631589,1.5,0.0,1.68,0.0,0.08062816053831,1
2012-07-05 02:30:00+00:00,0.03369585,0.09573971267712503,0.03503610243375,0.0,0.158,5.149999997736842,5.15,0.7125000022631589,1.5,0.0,1.658,0.0,0.07936822180933664,1
2012-07-05 03:00:00+00:00,0.03346215,0.09547241771787501,0.03479310701625,0.0,0.188,5.862499997736842,5.8625,0.712500002263158,1.5,0.0,1.688,0.0,0.08057872055388651,1
2012-07-05 03:30:00+00:00,0.03356055,0.095584962963875,0.03489542087625,0.0,0.15,6.5749999977368425,6.575,0.712500002263158,1.5,0.0,1.65,0.0,0.07885759444519687,1
2012-07-05 04:00:00+00:00,0.033825,0.0958874283125,0.035170389375,0.0,0.193,7.287499997736843,7.2875,0.7125000022631571,1.5,0.0,1.693,0.0,0.08116870806653124,1
2012-07-05 04:30:00+00:00,0.0338004,0.09585929200100002,0.03514481091,0.0,0.147,7.999999997736843,8.0,0.7125000022631571,1.5,0.0,1.647,0.0,0.07894012696282351,1
2012-07-05 05:00:00+00:00,0.03385575,0.325822598701875,0.03520236245624999,0.0,0.392,7.7936842082631586,7.7936842,0.20631579773684283,0.0,0.392,0.0,-0.0,0.0,1
2012-07-05 05:30:00+00:00,0.0338865,0.32585776909125,0.0352343355375,0.0,0.16,7.709473681947369,7.7094737,0.08421050826315835,0.0,0.16,0.0,-0.0,0.0,1
2012-07-05 06:00:00+00:00,0.03447075,0.3265260064893751,0.03584182408125,0.0,0.182,7.613684208263158,7.6136842,0.09578948194736903,0.0,0.182,0.0,-0.0,0.0,1
2012-07-05 06:30:00+00:00,0.04122345,0.334249423996125,0.04286311272375,0.0,0.153,7.533157892473684,7.5331579,0.08052630826315799,0.0,0.153,0.0,-0.0,0.0,1
2012-07-05 07:00:00+00:00,0.0492,0.34337262300000004,0.051156929999999996,0.0,0.171,7.4431578924736845,7.4431579,0.08999999247368429,0.0,0.171,0.0,-0.0,0.0,1
2012-07-05 07:30:00+00:00,0.04524555,0.338849710926375,0.04704519175125,0.0,0.151,7.363684208263158,7.3636842,0.07947369247368474,0.0,0.151,0.0,-0.0,0.0,1
2012-07-05 08:00:00+00:00,0.05340045,0.348176898188625,0.05552445289874999,0.019,0.166,7.286315787210526,7.2863158,0.07736840826315827,0.0,0.147,2.7755575615628914e-17,0.0,4.831925112644756e-18,1
2012-07-05 08:30:00+00:00,0.05373255,0.348556738393875,0.05586976217624999,0.063,0.161,7.234736839842105,7.2347368,0.051578987210525895,0.0,0.098,0.0,-0.0,0.0,1
2012-07-05 09:00:00+00:00,0.0533574,0.34812765964350006,0.055479690585,0.119,0.163,7.211578945105263,7.2115789,0.023157939842104902,0.0,0.044,1.3877787807814457e-17,0.0,2.415620895281773e-18,1
2012-07-05 09:30:00+00:00,0.05337585,0.34814876187712507,0.055498874433750005,0.175,0.192,7.20263157668421,7.2026316,0.008947345105262627,0.0,0.017,1.3877787807814457e-17,0.0,2.4157673214420324e-18,1
2012-07-05 10:00:00+00:00,0.05039925,0.34474426818562504,0.05240388016875,0.219,0.178,7.22210657668421,7.2221066,0.019475023315790096,0.041,0.0,0.0,-0.0,0.0,1
2012-07-05 10:30:00+00:00,0.04915695,0.34332338445487504,0.051112167686249994,0.256,0.213,7.24253157668421,7.2425316,0.020425023315790547,0.043,0.0,0.0,-0.0,0.0,1
2012-07-05 11:00:00+00:00,0.0477732,0.161340716933,0.04967337903,0.281,0.139,7.30998157668421,7.3099816,0.0674500233157902,0.142,0.0,0.0,-0.0,0.0,1
2012-07-05 11:30:00+00:00,0.0425211,0.15533361442774998,0.0442123767525,0.313,0.304,7.31425657668421,7.3142566,0.004275023315789994,0.009,0.0,0.0,-0.0,0.0,1
2012-07-05 12:00:00+00:00,0.04063305,0.153174152520125,0.04224922956375,0.325,0.851,7.0374144714210525,7.0374145,0.27684207668421035,0.0,0.526,0.0,-0.0,0.0,1
2012-07-05 12:30:00+00:00,0.04057155,0.15310381174137502,0.042185283401249996,0.331,0.365,7.019519734578947,7.0195197,0.017894771421052447,0.0,0.034,0.0,2.7755575615628914e-17,-5.854384116550648e-19,1
2012-07-05 13:00:00+00:00,0.03764415,0.149755590672875,0.039141446066249995,0.306,0.424,7.019519734578947,7.0195197,3.4578946817021006e-08,0.0,0.0,0.118,0.0,0.008835579849699625,1
2012-07-05 13:30:00+00:00,0.03646335,0.148405047720875,0.03791367974624999,0.169,0.77,7.019519734578947,7.0195197,3.4578946817021006e-08,0.0,0.0,0.601,0.0,0.04459571684012294,1
2012-07-05 14:00:00+00:00,0.0361005,0.14799003712625,0.037536397387499996,0.188,0.615,7.019519734578947,7.0195197,3.4578946817021006e-08,0.0,0.0,0.427,0.0,0.031595872926454376,1
2012-07-05 14:30:00+00:00,0.03651255,0.148461320343875,0.037964836676249995,0.206,0.52,7.019519734578947,7.0195197,3.4578946817021006e-08,0.0,0.0,0.31400000000000006,0.0,0.02330842729398838,1
2012-07-05 15:00:00+00:00,0.03648795,0.14843318403237502,0.03793925821124999,0.256,0.424,7.019519734578947,7.0195197,3.4578946817021006e-08,0.0,0.0,0.16799999999999998,0.0,0.0124683874587195,1
2012-07-05 15:30:00+00:00,0.03629115,0.14820809354037498,0.03773463049125,0.175,0.257,7.019519734578947,7.0195197,3.4578946817021006e-08,0.0,0.0,0.08200000000000002,0.0,0.006076531835155376,1
2012-07-05 16:00:00+00:00,0.0368508,0.14884819462700002,0.03831654057,0.138,0.598,7.019519734578947,7.0195197,3.4578946817021006e-08,0.0,0.0,0.45999999999999996,0.0,0.03423508476421,1
2012-07-05 16:30:00+00:00,0.0373797,0.14945312532425,0.0388664775675,0.013,0.46,7.019519734578947,7.0195197,3.4578946817021006e-08,0.0,0.0,0.447,0.0,0.033402773509969876,1
2012-07-05 17:00:00+00:00,0.04022715,0.152709903380375,0.04182718489125,0.006,1.275,6.351624997736842,6.351625,0.6678947345789465,0.0,1.269,0.0,-0.0,0.0,1
2012-07-05 17:30:00+00:00,0.04754565,0.161080456051625,0.04943677822875,0.0,0.878,5.889519734578947,5.8895197,0.4621052977368416,0.0,0.878,0.0,-0.0,0.0,1
2012-07-05 18:00:00+00:00,0.05485185,0.16943694056712502,0.05703358233375,0.0,0.671,5.536361839842105,5.5363618,0.35315793457894706,0.0,0.671,0.0,-0.0,0.0,1
2012-07-05 18:30:00+00:00,0.0773424,0.19516056335600002,0.08041869396000001,0.0,0.871,5.077940787210526,5.0779408,0.45842103984210425,0.0,0.871,0.0,-0.0,0.0,1
2012-07-05 19:00:00+00:00,0.08218245,0.20069638264362502,0.08545125694875,0.0,1.188,4.452677629315789,4.4526776,0.6252631872105257,0.0,1.188,0.0,-0.0,0.0,1
2012-07-05 19:30:00+00:00,0.0534312,0.16781206857800002,0.05555642598,0.0,1.098,3.874782892473684,3.8747829,0.5778947293157892,0.0,1.098,0.0,-0.0,0.0,1
2012-07-05 20:00:00+00:00,0.05203515,0.16621533290037502,0.05410484809125,0.0,1.246,3.2189934187894735,3.2189934,0.655789492473684,0.0,1.246,0.0,-0.0,0.0,1
2012-07-05 20:30:00+00:00,0.054489,0.1690219299725,0.056656299975,0.0,0.908,2.7410986819473684,2.7410987,0.4778947187894733,0.0,0.908,0.0,-0.0,0.0,1
2012-07-05 21:00:00+00:00,0.05265015,0.16691874068787502,0.054744309716249995,0.0,0.934,2.2495197345789473,2.2495197,0.4915789819473684,0.0,0.934,0.0,-0.0,0.0,1
2012-07-05 21:30:00+00:00,0.049077,0.16283194144250002,0.051029037675,0.0,0.896,1.7779407872105262,1.7779408,0.4715789345789472,0.0,0.896,0.0,-0.0,0.0,1
2012-07-05 22:00:00+00:00,0.04015335,0.152625494445875,0.041750449496249994,0.0,0.921,1.6126315766842103,1.6126316,0.16530918721052612,0.0,0.3140875,0.6069125,0.0,0.04631516019894105,1
2012-07-05 22:30:00+00:00,0.0531483,0.16748850099575,0.0552622736325,0.0,0.747,1.2194736819473682,1.2194737,0.3931578766842103,0.0,0.747,0.0,-0.0,0.0,1
2012-07-05 23:00:00+00:00,0.04363425,0.156606782523125,0.04536980229374999,0.0,0.214,1.1068421029999997,1.1068421,0.11263158194736822,0.0,0.214,0.0,-0.0,0.0,1
2012-07-05 23:30:00+00:00,0.04577445,0.159054641623625,0.04759512874875,0.0,0.203,1.0,1.0,0.10684210299999974,0.0,0.203,0.0,-0.0,0.0,1
2012-07-06 00:00:00+00:00,0.03957525,0.10246429112562502,0.04114935556875,0.0,0.205,1.5874999975000001,1.5875,0.5874999999999999,1.2368421,0.0,1.4418421000000001,0.0,0.07386866434579129,1
2012-07-06 00:30:00+00:00,0.03648795,0.09893318403237499,0.03793925821124999,0.0,0.197,2.2999999975,2.3,0.7125000024999997,1.5,0.0,1.697,0.0,0.08394480665147018,1
2012-07-06 01:00:00+00:00,0.03683235,0.099327092393375,0.038297356721249995,0.0,0.205,3.0124999975,3.0125,0.7125000025000001,1.5,0.0,1.705,0.0,0.0846763462653522,1
2012-07-06 01:30:00+00:00,0.03705375,0.099580319196875,0.03852756290625,0.0,0.18,3.7249999975,3.725,0.7125000025000001,1.5,0.0,1.68,0.0,0.083647468125375,1
2012-07-06 02:00:00+00:00,0.0355347,0.09784290196175002,0.0369480926925,0.0,0.197,4.4374999975,4.4375,0.7125000025000001,1.5,0.0,1.697,0.0,0.08301970231454489,1
2012-07-06 02:30:00+00:00,0.03434775,0.096485324931875,0.035713931756250004,0.0,0.177,5.1499999975,5.15,0.7125000025000006,1.5,0.0,1.677,0.0,0.0809029449553772,1
2012-07-06 03:00:00+00:00,0.0338619,0.09592963277975002,0.0352087570725,0.0,0.201,5.8624999975000005,5.8625,0.7125000024999997,1.5,0.0,1.701,0.0,0.08158815267917739,1
2012-07-06 03:30:00+00:00,0.0338742,0.09594370093550002,0.035221546305,0.0,0.185,6.574999997500001,6.575,0.7125000024999997,1.5,0.0,1.685,0.0,0.08083256803815876,1
2012-07-06 04:00:00+00:00,0.03386805,0.095936666857625,0.035215151688749995,0.0,0.195,7.287499997500001,7.2875,0.7125000024999988,1.5,0.0,1.695,0.0,0.0813063251618372,1
2012-07-06 04:30:00+00:00,0.0336528,0.09569047413199999,0.03499134011999999,0.0,0.286,7.999999997500002,8.0,0.7125000024999988,1.5,0.0,1.786,0.0,0.085451593399876,1
2012-07-06 05:00:00+00:00,0.03319155,0.325062918291375,0.034511743901249996,0.0,0.242,7.87263157644737,7.8726316,0.1273683975000015,0.0,0.242,0.0,-0.0,0.0,1
2012-07-06 05:30:00+00:00,0.0338619,0.32582963277975,0.0352087570725,0.0,0.135,7.801578944868423,7.8015789,0.07105267644737001,0.0,0.135,0.0,-0.0,0.0,1
2012-07-06 06:00:00+00:00,0.03432315,0.326357188620375,0.035688353291249995,0.0,0.146,7.7247368396052645,7.7247368,0.07684214486842311,0.0,0.146,0.0,-0.0,0.0,1
2012-07-06 06:30:00+00:00,0.03536865,0.327552981859125,0.03677543805375,0.0,0.116,7.663684208026317,7.6636842,0.06105263960526486,0.0,0.116,0.0,-0.0,0.0,1
2012-07-06 07:00:00+00:00,0.03814845,0.33073238505862507,0.03966580459875,0.0,0.163,7.577894734342107,7.5778947,0.08578950802631713,0.0,0.163,0.0,-0.0,0.0,1
2012-07-06 07:30:00+00:00,0.04169085,0.33478401391462503,0.04334910355875,0.0,0.16,7.493684208026317,7.4936842,0.08421053434210712,0.0,0.16,0.0,-0.0,0.0,1
2012-07-06 08:00:00+00:00,0.04980885,0.34406899670962504,0.05178999700874999,0.025,0.141,7.43263157644737,7.4326316,0.0610526080263174,0.0,0.116,0.0,1.3877787807814457e-17,-3.593652945273889e-19,1
2012-07-06 08:30:00+00:00,0.0541692,0.34905615792300004,0.05632377993,0.038,0.153,7.372105260657896,7.3721053,0.0605262764473693,0.0,0.115,0.0,1.3877787807814457e-17,-3.908247332012893e-19,1
2012-07-06 09:00:00+00:00,0.0558789,0.35101163157225,0.058101483247499995,0.113,0.119,7.368947365921054,7.3689474,0.0031578606578959167,0.0,0.006,0.0,8.673617379884035e-18,-2.5197501744627855e-19,1
2012-07-06 09:30:00+00:00,0.0567153,0.35196826616325005,0.0589711510575,0.169,0.149,7.378447365921054,7.3784474,0.009500034078945951,0.02,0.0,0.0,2.7755575615628914e-17,-8.183891211585581e-19,1
2012-07-06 10:00:00+00:00,0.05379405,0.34862707917262503,0.05593370833875,0.1,0.421,7.209499997500001,7.2095,0.16894736592105364,0.0,0.321,0.0,5.551115123125783e-17,-1.552472271258709e-18,1
2012-07-06 10:30:00+00:00,0.0507744,0.34517334693600005,0.05279395175999999,0.1,0.957,6.758447365921054,6.7584474,0.45105259750000126,0.0,0.857,0.0,-0.0,0.0,1
2012-07-06 11:00:00+00:00,0.0436035,0.15657161213375,0.0453378292125,0.194,0.841,6.41792105013158,6.4179211,0.34052626592105373,0.0,0.647,0.0,-0.0,0.0,1
2012-07-06 11:30:00+00:00,0.04346205,0.156409828342625,0.04519075303875,0.125,0.808,6.0584473659210545,6.0584474,0.35947365013158006,0.0,0.683,0.0,-0.0,0.0,1
2012-07-06 12:00:00+00:00,0.0408483,0.15342034524575,0.04247304113249999,0.088,0.727,5.72213157644737,5.7221316,0.3363157659210545,0.0,0.639,0.0,-0.0,0.0,1
2012-07-06 12:30:00+00:00,0.0403071,0.15280134639275,0.041910314902499995,0.094,0.733,5.72213157644737,5.7221316,2.355263006847963e-08,0.0,0.0,0.639,0.0,0.048820030172483625,1
2012-07-06 13:00:00+00:00,0.0380931,0.15026907835775,0.03960825305249999,0.175,0.786,5.72213157644737,5.7221316,2.355263006847963e-08,0.0,0.0,0.611,0.0,0.045907203438292625,1
2012-07-06 13:30:00+00:00,0.044526,0.157626723815,0.04629702165,0.175,0.547,5.526342102763159,5.5263421,0.19578947644737,0.0,0.372,5.551115123125783e-17,0.0,4.3750204518910876e-18,1
2012-07-06 14:00:00+00:00,0.04315455,0.15605812444887499,0.044871022226249994,0.069,0.187,5.464236839605265,5.4642368,0.06210530276315929,0.0,0.118,0.0,-0.0,0.0,1
2012-07-06 14:30:00+00:00,0.0376257,0.14973448843925,0.039122262217499995,0.038,0.187,5.464236839605265,5.4642368,3.9605264845476995e-08,0.0,0.0,0.149,0.0,0.011155219388724125,1
2012-07-06 15:00:00+00:00,0.0387327,0.15100062245674997,0.04027329314249999,0.075,0.21,5.464236839605265,5.4642368,3.9605264845476995e-08,0.0,0.0,0.135,0.0,0.010192542015830624,1
2012-07-06 15:30:00+00:00,0.03865275,0.15090917944437499,0.04019016313125,0.119,0.162,5.464236839605265,5.4642368,3.9605264845476995e-08,0.0,0.0,0.04300000000000001,0.0,0.003244547358054063,1
2012-07-06 16:00:00+00:00,0.0404793,0.15299830057324998,0.042089364157499996,0.025,0.19,5.45421052644737,5.4542105,0.010026339605264667,0.0,0.019049995,0.145950005,0.0,0.011165051366828669,1
2012-07-06 16:30:00+00:00,0.0404055,0.15291389163875,0.0420126287625,0.0,0.185,5.45421052644737,5.4542105,2.6447369627646822e-08,0.0,0.0,0.185,0.0,0.014144534976584374,1
2012-07-06 17:00:00+00:00,0.0414018,0.1540534122545,0.043048556594999995,0.0,0.166,5.366842105394738,5.3668421,0.08736842644736953,0.0,0.166,0.0,-0.0,0.0,1
2012-07-06 17:30:00+00:00,0.0453624,0.15858335840600002,0.047166689459999994,0.0,0.838,4.925789473815791,4.9257895,0.4410526053947388,0.0,0.838,0.0,-0.0,0.0,1
2012-07-06 18:00:00+00:00,0.05326515,0.16762214847537502,0.05538377134125,0.006,0.91,4.45000000013158,4.45,0.47578947381579084,0.0,0.904,0.0,-0.0,0.0,1
2012-07-06 18:30:00+00:00,0.04825905,0.161896409085125,0.05017855371374999,0.0,1.315,3.7578947369736855,3.7578947,0.6921053001315802,0.0,1.315,0.0,-0.0,0.0,1
2012-07-06 19:00:00+00:00,0.0486096,0.16229735152400002,0.050543046839999994,0.0,0.915,3.276315789605264,3.2763158,0.4815789369736856,0.0,0.915,0.0,-0.0,0.0,1
2012-07-06 19:30:00+00:00,0.04193685,0.154665377029625,0.04360488820874999,0.0,0.819,2.8452631580263166,2.8452632,0.43105258960526394,0.0,0.819,0.0,-0.0,0.0,1
2012-07-06 20:00:00+00:00,0.0382161,0.15040975991525,0.0397361453775,0.0,0.742,2.8452631580263166,2.8452632,4.19736836398954e-08,0.0,0.0,0.742,0.0,0.055802020928557745,1
2012-07-06 20:30:00+00:00,0.0453747,0.15859742656175,0.04717947869249999,0.0,0.81,2.418947368552632,2.4189474,0.4263157580263166,0.0,0.81,0.0,-0.0,0.0,1
2012-07-06 21:00:00+00:00,0.0452394,0.1584426768485,0.047038797135,0.0,0.798,1.9989473685526322,1.9989474,0.4199999685526321,0.0,0.798,0.0,-0.0,0.0,1
2012-07-06 21:30:00+00:00,0.03977205,0.152189381617625,0.04135398328875,0.0,0.8,1.9989473685526322,1.9989474,3.144736782090263e-08,0.0,0.0,0.8,0.0,0.06087575264705,1
2012-07-06 22:00:00+00:00,0.0400365,0.15249184696624998,0.0416289517875,0.0,0.795,1.9989473685526322,1.9989474,3.144736782090263e-08,0.0,0.0,0.795,0.0,0.06061550916908437,1
2012-07-06 22:30:00+00:00,0.04797,0.16156580742499999,0.049878006749999995,0.0,0.931,1.5089473685526322,1.5089474,0.48999996855263217,0.0,0.931,0.0,-0.0,0.0,1
2012-07-06 23:00:00+00:00,0.0398028,0.152224552007,0.04138595637,0.0,0.799,1.5089473685526322,1.5089474,3.144736782090263e-08,0.0,0.0,0.799,0.0,0.0608137085267965,1
2012-07-06 23:30:00+00:00,0.0452886,0.1584989494715,0.047089954064999995,0.0,0.967,1.0000000001315796,1.0,0.5089473685526322,0.0,0.967,0.0,-0.0,0.0,1
2012-07-07 00:00:00+00:00,0.0423366,0.10562259209150002,0.044020538265,0.0,0.889,1.0000000001315796,1.0,1.315796360756849e-10,0.0,0.0,0.889,0.0,0.04694924218467176,1
2012-07-07 00:30:00+00:00,0.03867735,0.10143731575587499,0.04021574159624999,0.0,0.794,1.2175828938815796,1.2175829,0.2175828998684204,0.45806925,0.0,1.25206925,0.0,0.06350327193023579,1
2012-07-07 01:00:00+00:00,0.0371091,0.09964362589775001,0.03858511445249999,0.0,0.871,1.9300828938815795,1.9300829,0.7125000061184203,1.5,0.0,2.371,0.0,0.11812751850178264,1
2012-07-07 01:30:00+00:00,0.0364572,0.09889801364300002,0.03790728513,0.0,0.488,2.6425828938815794,2.6425829,0.7125000061184203,1.5,0.0,1.988,0.0,0.09830462556114201,1
2012-07-07 02:00:00+00:00,0.03541785,0.09770925448212502,0.03682659498375,0.0,0.17,3.3550828938815793,3.3550829,0.7125000061184208,1.5,0.0,1.67,0.0,0.08158722749257438,1
2012-07-07 02:30:00+00:00,0.03379425,0.095852257923125,0.03513841629375,0.0,0.23,4.067582893881579,4.0675829,0.7125000061184203,1.5,0.0,1.73,0.0,0.08291220310350313,1
2012-07-07 03:00:00+00:00,0.03386805,0.095936666857625,0.035215151688749995,0.0,0.125,4.780082893881579,4.7800829,0.7125000061184208,1.5,0.0,1.625,0.0,0.07794854182182032,1
2012-07-07 03:30:00+00:00,0.03383115,0.09589446239037501,0.035176783991249995,0.0,0.191,5.492582893881579,5.4925829,0.7125000061184217,1.5,0.0,1.691,0.0,0.08107876795106207,1
2012-07-07 04:00:00+00:00,0.03384345,0.09590853054612498,0.03518957322374999,0.0,0.164,6.205082893881579,6.2050829,0.7125000061184208,1.5,0.0,1.664,0.0,0.07979589741437598,1
2012-07-07 04:30:00+00:00,0.0331116,0.09507147527900002,0.034428613889999994,0.0,0.266,6.91758289388158,6.9175829,0.7125000061184208,1.5,0.0,1.766,0.0,0.08394811267135702,1
2012-07-07 05:00:00+00:00,0.0331608,0.325027747902,0.03447977082,0.0,0.366,6.724951314934211,6.7249513,0.1926315938815799,0.0,0.366,0.0,-0.0,0.0,1
2012-07-07 05:30:00+00:00,0.03328995,0.32517546353737503,0.03461405776125,0.0,0.183,6.628635525460527,6.6286355,0.09631581493421137,0.0,0.183,0.0,-0.0,0.0,1
2012-07-07 06:00:00+00:00,0.03182625,0.323501353003125,0.03309213909375,0.0,0.18,6.533898683355264,6.5338987,0.09473682546052675,0.0,0.18,0.0,-0.0,0.0,1
2012-07-07 06:30:00+00:00,0.03295785,0.324795623332125,0.03426874848374999,0.0,0.162,6.448635525460527,6.4486355,0.08526318335526373,0.0,0.162,0.0,-0.0,0.0,1
2012-07-07 07:00:00+00:00,0.0326688,0.32446502167200003,0.03396820151999999,0.0,0.182,6.352846051776316,6.3528461,0.09578942546052716,0.0,0.182,0.0,-0.0,0.0,1
2012-07-07 07:30:00+00:00,0.0339603,0.32594217802575004,0.0353110709325,0.0,0.144,6.277056578092106,6.2770566,0.07578945177631624,0.0,0.144,0.0,-0.0,0.0,1
2012-07-07 08:00:00+00:00,0.0345507,0.32661744950175003,0.035924954092499996,0.031,0.184,6.196530262302632,6.1965303,0.08052627809210566,0.0,0.153,0.0,-0.0,0.0,1
2012-07-07 08:30:00+00:00,0.038499,0.3311333274975,0.040030297725,0.044,0.151,6.140214472828948,6.1402145,0.056315762302632244,0.0,0.107,0.0,-0.0,0.0,1
2012-07-07 09:00:00+00:00,0.04545465,0.33908886957412504,0.04726260870374999,0.088,0.192,6.085477630723685,6.0854776,0.0547368728289479,0.0,0.104,1.3877787807814457e-17,0.0,2.3529016899706895e-18,1
2012-07-07 09:30:00+00:00,0.04822215,0.34225420461787504,0.05014018601624999,0.163,0.15,6.091652630723685,6.0916526,0.00617496927631489,0.013,0.0,0.0,-0.0,0.0,1
2012-07-07 10:00:00+00:00,0.04519635,0.338793438303375,0.04699403482125,0.219,0.154,6.122527630723685,6.1225276,0.030874969276315056,0.065,0.0,0.0,-0.0,0.0,1
2012-07-07 10:30:00+00:00,0.0423612,0.335550728403,0.044046116729999994,0.213,0.203,6.127277630723684,6.1272776,0.0047499692763155466,0.01,0.0,2.7755575615628914e-17,0.0,4.656701807534413e-18,1
2012-07-07 11:00:00+00:00,0.03755805,0.149657113582625,0.03905192143875,0.156,0.156,6.127277630723684,6.1272776,3.0723684041333854e-08,0.0,0.0,0.0,-0.0,0.0,1
2012-07-07 11:30:00+00:00,0.0361497,0.14804630974925,0.037587554317499994,0.319,0.169,6.198527630723684,6.1985276,0.071249969276316,0.15,0.0,0.0,-0.0,0.0,1
2012-07-07 12:00:00+00:00,0.03559005,0.147406208662625,0.03700564423874999,0.325,0.166,6.274052630723684,6.2740526,0.0755249692763158,0.159,0.0,0.0,-0.0,0.0,1
2012-07-07 12:30:00+00:00,0.0348336,0.146541017084,0.036219106439999996,0.25,0.13,6.3310526307236845,6.3310526,0.056999969276315454,0.12,0.0,0.0,-0.0,0.0,1
2012-07-07 13:00:00+00:00,0.0351165,0.14686458466625002,0.0365132587875,0.1,0.166,6.296315788618421,6.2963158,0.034736830723684164,0.0,0.066,0.0,-0.0,0.0,1
2012-07-07 13:30:00+00:00,0.0346491,0.14632999474775002,0.0360272679525,0.088,0.433,6.11473684125,6.1147368,0.18157898861842092,0.0,0.345,0.0,-0.0,0.0,1
2012-07-07 14:00:00+00:00,0.03389265,0.145464803169125,0.03524073015375,0.1,0.244,6.03894736756579,6.0389474,0.07578944125000042,0.0,0.144,0.0,-0.0,0.0,1
2012-07-07 14:30:00+00:00,0.0339726,0.1455562461815,0.035323860165,0.169,0.284,5.978421051776316,5.9784211,0.06052626756578938,0.0,0.115,0.0,4.163336342344337e-17,-7.353255538841696e-19,1
2012-07-07 15:00:00+00:00,0.03395415,0.14553514394787498,0.03530467631625,0.038,1.114,5.412105262302632,5.4121053,0.5663157517763153,0.0,1.076,0.0,-0.0,0.0,1
2012-07-07 15:30:00+00:00,0.0353625,0.14714594778125,0.036769043437499996,0.05,0.642,5.100526314934211,5.1005263,0.31157896230263127,0.0,0.592,0.0,-0.0,0.0,1
2012-07-07 16:00:00+00:00,0.0366294,0.14859496782349998,0.038086334385,0.05,0.162,5.041578946513158,5.0415789,0.05894741493421041,0.0,0.112,0.0,-0.0,0.0,1
2012-07-07 16:30:00+00:00,0.03818535,0.15037458952587499,0.03970417229625,0.013,0.142,4.9736842096710525,4.9736842,0.06789474651315786,0.0,0.129,0.0,2.7755575615628914e-17,-5.510060782122628e-19,1
2012-07-07 17:00:00+00:00,0.04407705,0.15711323613012498,0.045830214663749994,0.0,0.151,4.894210525460526,4.8942105,0.07947370967105272,0.0,0.151,0.0,-0.0,0.0,1
2012-07-07 17:30:00+00:00,0.05060835,0.164583426833375,0.05262129712125,0.0,0.294,4.739473683355262,4.7394737,0.15473682546052636,0.0,0.294,0.0,-0.0,0.0,1
2012-07-07 18:00:00+00:00,0.0596181,0.17488835092025,0.061989409927499996,0.0,0.394,4.532105262302631,4.5321053,0.20736838335526286,0.0,0.394,0.0,-0.0,0.0,1
2012-07-07 18:30:00+00:00,0.06343725,0.179256513280625,0.06596046661874999,0.0,0.485,4.276842104407894,4.2768421,0.25526316230263113,0.0,0.485,0.0,-0.0,0.0,1
2012-07-07 19:00:00+00:00,0.0563463,0.17114622149074998,0.0585874740825,0.0,0.195,4.174210525460525,4.1742105,0.1026316044078941,0.0,0.195,0.0,-0.0,0.0,1
2012-07-07 19:30:00+00:00,0.0528039,0.16709459263475,0.0549041751225,0.0,0.365,3.9821052623026305,3.9821053,0.1921052254605251,0.0,0.365,0.0,-0.0,0.0,1
2012-07-07 20:00:00+00:00,0.0481914,0.1618190342285,0.050108212935,0.0,0.258,3.84631578861842,3.8463158,0.13578946230263034,0.0,0.258,0.0,-0.0,0.0,1
2012-07-07 20:30:00+00:00,0.04465515,0.15777443945037498,0.04643130859124999,0.0,0.516,3.574736841249999,3.5747368,0.2715789886184199,0.0,0.516,0.0,-0.0,0.0,1
2012-07-07 21:00:00+00:00,0.0430377,0.15592447696925002,0.0447495245175,0.006,0.854,3.128421051776315,3.1284211,0.44631574124999895,0.0,0.848,0.0,-0.0,0.0,1
2012-07-07 21:30:00+00:00,0.0379209,0.15007212417725,0.03942920379749999,0.0,1.056,2.5726315780921043,2.5726316,0.5557894517763153,0.0,1.056,0.0,-0.0,0.0,1
2012-07-07 22:00:00+00:00,0.03721365,0.149263205221625,0.03869382292875,0.0,1.146,1.9694736833552622,1.9694737,0.6031578780921043,0.0,1.146,0.0,-0.0,0.0,1
2012-07-07 22:30:00+00:00,0.0395076,0.151886916269,0.04107901479,0.0,0.732,1.5842105254605254,1.5842105,0.3852631833552622,0.0,0.732,0.0,-0.0,0.0,1
2012-07-07 23:00:00+00:00,0.03797625,0.150135430878125,0.03948675534375,0.0,0.574,1.2821052623026308,1.2821053,0.30210522546052543,0.0,0.574,0.0,-0.0,0.0,1
2012-07-07 23:30:00+00:00,0.0375765,0.14967821581625002,0.0390711052875,0.0,0.536,1.0,1.0,0.2821052623026308,0.0,0.536,0.0,-0.0,0.0,1
2012-07-08 00:00:00+00:00,0.0359037,0.09826494663425002,0.037331769667499994,0.0,0.127,1.5874999975000001,1.5875,0.5874999999999999,1.2368421,0.0,1.3638421,0.0,0.06700893558702174,1
2012-07-08 00:30:00+00:00,0.03378195,0.095838189767375,0.03512562706124999,0.0,0.17,2.2999999975,2.3,0.7125000024999997,1.5,0.0,1.67,0.0,0.08002488845575813,1
2012-07-08 01:00:00+00:00,0.0338619,0.09592963277975002,0.0352087570725,0.0,0.095,3.0124999975,3.0125,0.7125000025000001,1.5,0.0,1.595,0.0,0.07650388214185064,1
2012-07-08 01:30:00+00:00,0.0339972,0.09608438249300001,0.03534943863,0.0,0.155,3.7249999975,3.725,0.7125000025000001,1.5,0.0,1.655,0.0,0.07950982651295752,1
2012-07-08 02:00:00+00:00,0.0341694,0.09628133667350001,0.035528487885,0.0,0.145,4.4374999975,4.4375,0.7125000025000001,1.5,0.0,1.645,0.0,0.07919139941395377,1
2012-07-08 02:30:00+00:00,0.0336405,0.09567640597625002,0.034978550887499994,0.0,0.149,5.1499999975,5.15,0.7125000025000006,1.5,0.0,1.649,0.0,0.07888519672741814,1
2012-07-08 03:00:00+00:00,0.0320415,0.09384754572875001,0.033315950662499996,0.0,0.144,5.8624999975000005,5.8625,0.7125000024999997,1.5,0.0,1.644,0.0,0.07714268258903251,1
2012-07-08 03:30:00+00:00,0.03112515,0.09279946812537503,0.03236315284125,0.0,0.112,6.574999997500001,6.575,0.7125000024999997,1.5,0.0,1.612,0.0,0.07479637130905227,1
2012-07-08 04:00:00+00:00,0.0311559,0.09283463851475002,0.0323951259225,0.0,0.112,7.287499997500001,7.2875,0.7125000024999988,1.5,0.0,1.612,0.0,0.07482471864288852,1
2012-07-08 04:30:00+00:00,0.03067005,0.09227894636262501,0.03188995123875,0.0,0.118,7.999999997500002,8.0,0.7125000024999988,1.5,0.0,1.6179999999999999,0.0,0.07465366760736362,1
2012-07-08 05:00:00+00:00,0.03075615,0.322277423452875,0.031979475866249996,0.0,0.106,7.944210523815791,7.9442105,0.05578949750000195,0.0,0.106,0.0,-0.0,0.0,1
2012-07-08 05:30:00+00:00,0.03037485,0.321841310624625,0.031583009658749994,0.0,0.117,7.88263157644737,7.8826316,0.06157892381579089,0.0,0.117,0.0,-0.0,0.0,1
2012-07-08 06:00:00+00:00,0.0302211,0.32166545867775004,0.0314231442525,0.0,0.315,7.7168421027631595,7.7168421,0.16578947644736974,0.0,0.315,0.0,-0.0,0.0,1
2012-07-08 06:30:00+00:00,0.0305778,0.3220734351945,0.031794031995,0.0,0.161,7.632105260657896,7.6321053,0.08473680276315942,0.0,0.161,0.0,-0.0,0.0,1
2012-07-08 07:00:00+00:00,0.03124815,0.32284014968287505,0.032491045166249996,0.0,0.102,7.57842105013158,7.5784211,0.053684160657896385,0.0,0.102,0.0,-0.0,0.0,1
2012-07-08 07:30:00+00:00,0.0334068,0.32530911101700005,0.03473555546999999,0.0,0.125,7.51263157644737,7.5126316,0.06578945013158055,0.0,0.125,0.0,-0.0,0.0,1
2012-07-08 08:00:00+00:00,0.03404025,0.32603362103812505,0.035394200943749995,0.025,0.199,7.4210526290789485,7.4210526,0.09157897644736934,0.0,0.174,2.7755575615628914e-17,0.0,4.524625410980491e-18,1
2012-07-08 08:30:00+00:00,0.03488895,0.32700432378487504,0.036276657986249995,0.069,1.22,6.815263155394738,6.8152632,0.6057894290789481,0.0,1.151,0.0,-0.0,0.0,1
2012-07-08 09:00:00+00:00,0.03495045,0.32707466456362505,0.03634060414875,0.125,1.184,6.2578947343421065,6.2578947,0.5573684553947382,0.0,1.059,0.0,-0.0,0.0,1
2012-07-08 09:30:00+00:00,0.034686,0.326772199215,0.03606563565,0.169,1.184,5.723684208026317,5.7236842,0.5342105343421064,0.0,1.015,0.0,-0.0,0.0,1
2012-07-08 10:00:00+00:00,0.03563925,0.327862481285625,0.03705680116874999,0.213,0.987,5.316315786973685,5.3163158,0.4073684080263167,0.0,0.774,0.0,-0.0,0.0,1
2012-07-08 10:30:00+00:00,0.03544245,0.3276373907936251,0.03685217344875,0.25,0.779,5.037894734342106,5.0378947,0.27842108697368495,0.0,0.529,0.0,-0.0,0.0,1
2012-07-08 11:00:00+00:00,0.03433545,0.145971256776125,0.03570114252375,0.275,0.212,5.067819734342106,5.0678197,0.029924965657894376,0.063,0.0,0.0,-0.0,0.0,1
2012-07-08 11:30:00+00:00,0.03444615,0.146097870177875,0.03581624561625,0.306,0.135,5.149044734342106,5.1490447,0.08122496565789383,0.171,0.0,5.551115123125783e-17,0.0,4.055030483004346e-18,1
2012-07-08 12:00:00+00:00,0.03442155,0.146069733866375,0.035790667151250004,0.288,0.114,5.231694734342106,5.2316947,0.08264996565789406,0.174,0.0,0.0,-0.0,0.0,1
2012-07-08 12:30:00+00:00,0.03444615,0.146097870177875,0.03581624561625,0.313,0.129,5.319094734342106,5.3190947,0.08739996565789365,0.184,0.0,0.0,-0.0,0.0,1
2012-07-08 13:00:00+00:00,0.03381885,0.145380394234625,0.03516399475874999,0.238,0.101,5.384169734342106,5.3841697,0.06507496565789417,0.137,0.0,2.7755575615628914e-17,0.0,2.017558262604538e-18,1
2012-07-08 13:30:00+00:00,0.033825,0.1453874283125,0.035170389375,0.325,0.124,5.479644734342107,5.4796447,0.09547496565789348,0.201,0.0,0.0,-0.0,0.0,1
2012-07-08 14:00:00+00:00,0.03381885,0.145380394234625,0.03516399475874999,0.069,0.09,5.479644734342107,5.4796447,3.434210693598061e-08,0.0,0.0,0.02099999999999999,0.0,0.001526494139463562,1
2012-07-08 14:30:00+00:00,0.03375735,0.145310053455875,0.03510004859625,0.175,0.295,5.479644734342107,5.4796447,3.434210693598061e-08,0.0,0.0,0.12,0.0,0.0087186032073525,1
2012-07-08 15:00:00+00:00,0.03384345,0.14540853054612501,0.03518957322374999,0.2,0.181,5.488669734342107,5.4886697,0.009024965657893347,0.019,0.0,0.0,2.7755575615628914e-17,-4.883534302467517e-19,1
2012-07-08 15:30:00+00:00,0.03444615,0.146097870177875,0.03581624561625,0.05,0.157,5.488669734342107,5.4886697,3.434210693598061e-08,0.0,0.0,0.107,0.0,0.007816236054516312,1
2012-07-08 16:00:00+00:00,0.0344154,0.1460626997885,0.035784272534999995,0.094,0.172,5.488669734342107,5.4886697,3.434210693598061e-08,0.0,0.0,0.07799999999999999,0.0,0.005696445291751499,1
2012-07-08 16:30:00+00:00,0.0351165,0.14686458466625002,0.0365132587875,0.006,0.183,5.488669734342107,5.4886697,3.434210693598061e-08,0.0,0.0,0.177,0.0,0.012997515742963126,1
2012-07-08 17:00:00+00:00,0.04011645,0.152583289978625,0.041712081798749995,0.0,0.149,5.410248681710528,5.4102487,0.07842103434210657,0.0,0.149,0.0,-0.0,0.0,1
2012-07-08 17:30:00+00:00,0.0465309,0.15991983320225,0.0483816665475,0.0,0.204,5.302880260657896,5.3028803,0.1073683817105282,0.0,0.204,0.0,-0.0,0.0,1
2012-07-08 18:00:00+00:00,0.05857875,0.173699591759375,0.060908719781249995,0.0,0.171,5.212880260657896,5.2128803,0.08999996065789606,0.0,0.171,0.0,-0.0,0.0,1
2012-07-08 18:30:00+00:00,0.0590646,0.1742552839115,0.061413894465,0.0,0.19,5.112880260657897,5.1128803,0.09999996065789674,0.0,0.19,0.0,-0.0,0.0,1
2012-07-08 19:00:00+00:00,0.05600805,0.170759347207625,0.05823577018874999,0.0,0.876,4.65182762907895,4.6518276,0.46105266065789685,0.0,0.876,0.0,-0.0,0.0,1
2012-07-08 19:30:00+00:00,0.051168,0.16522352792,0.05320320719999999,0.0,1.032,4.108669734342108,4.1086697,0.5431579290789497,0.0,1.032,0.0,-0.0,0.0,1
2012-07-08 20:00:00+00:00,0.04977195,0.163626792242375,0.05175162931125,0.0,0.94,3.6139328922368446,3.6139329,0.4947368343421079,0.0,0.94,0.0,-0.0,0.0,1
2012-07-08 20:30:00+00:00,0.0468753,0.16031374156325,0.048739765057499995,0.0,0.947,3.1155118396052655,3.1155118,0.4984210922368444,0.0,0.947,0.0,-0.0,0.0,1
2012-07-08 21:00:00+00:00,0.04126035,0.153891628463375,0.04290148042125,0.0,0.997,2.5907749975000023,2.590775,0.5247368396052656,0.0,0.997,0.0,-0.0,0.0,1
2012-07-08 21:30:00+00:00,0.0430254,0.15591040881350002,0.044736735284999996,0.0,1.025,2.0513013132894757,2.0513013,0.5394736975000023,0.0,1.025,0.0,-0.0,0.0,1
2012-07-08 22:00:00+00:00,0.0392493,0.15159148499825,0.0408104409075,0.0,1.003,1.5234065764473705,1.5234066,0.5278947132894758,0.0,1.003,0.0,-0.0,0.0,1
2012-07-08 22:30:00+00:00,0.0363711,0.14829953655275,0.0378177605025,0.0,0.955,1.020774997500002,1.020775,0.5026315764473706,0.0,0.955,0.0,-0.0,0.0,1
2012-07-08 23:00:00+00:00,0.03563925,0.147462481285625,0.03705680116874999,0.0,0.896,1.020774997500002,1.020775,2.4999979864048782e-09,0.0,0.0,0.896,0.0,0.06606319161596,1
2012-07-08 23:30:00+00:00,0.0360759,0.14796190081475,0.037510818922499994,0.0,0.919,1.000000000131581,1.0,0.020774997500002,0.0,0.039472495,0.879527505,0.0,0.06506828072932727,1
2012-07-09 00:00:00+00:00,0.03561465,0.09793434497412501,0.03703122270374999,0.0,1.044,1.133197367381581,1.1331974,0.13319739986841905,0.28041551,0.0,1.3244155100000001,0.0,0.06485288272271086,1
2012-07-09 00:30:00+00:00,0.03374505,0.09579598530012501,0.03508725936375,0.0,1.04,1.8456973673815809,1.8456974,0.712500032618419,1.5,0.0,2.54,0.0,0.12166090133115877,1
2012-07-09 01:00:00+00:00,0.03391725,0.09599293948062503,0.03526630861875,0.006,0.96,2.558197367381581,2.5581974,0.7125000326184192,1.5,0.0,2.454,0.0,0.11778333674272691,1
2012-07-09 01:30:00+00:00,0.0341202,0.09622506405050002,0.035477330955000004,0.0,0.406,3.270697367381581,3.2706974,0.712500032618419,1.5,0.0,1.9060000000000001,0.0,0.09170248604012653,1
2012-07-09 02:00:00+00:00,0.0338496,0.09591556462400001,0.03519596784,0.0,0.178,3.983197367381581,3.9831974,0.712500032618419,1.5,0.0,1.678,0.0,0.080473158719536,1
2012-07-09 02:30:00+00:00,0.03370815,0.095753780832875,0.03504889166625,0.0,0.142,4.69569736738158,4.6956974,0.7125000326184194,1.5,0.0,1.642,0.0,0.07861385406379037,1
2012-07-09 03:00:00+00:00,0.0326688,0.09456502167199998,0.03396820151999999,0.0,0.201,5.408197367381581,5.4081974,0.7125000326184194,1.5,0.0,1.701,0.0,0.08042755093203599,1
2012-07-09 03:30:00+00:00,0.03153105,0.093263717265125,0.032785197513749996,0.0,0.148,6.120697367381581,6.1206974,0.7125000326184194,1.5,0.0,1.648,0.0,0.07684930302646299,1
2012-07-09 04:00:00+00:00,0.0311928,0.092876842982,0.032433493619999997,0.0,0.16,6.833197367381581,6.8331974,0.7125000326184194,1.5,0.0,1.66,0.0,0.07708777967505999,1
2012-07-09 04:30:00+00:00,0.03178935,0.09355914853587502,0.03305377139625,0.0,0.335,7.545697367381582,7.5456974,0.7125000326184185,1.5,0.0,1.835,0.0,0.08584051878166533,1
2012-07-09 05:00:00+00:00,0.03415095,0.326160234439875,0.035509304036249995,0.0,0.21,7.435171051592108,7.4351711,0.11052626738158189,0.0,0.21,0.0,-0.0,0.0,1
2012-07-09 05:30:00+00:00,0.0344892,0.3265471087230001,0.035861007929999994,0.0,0.177,7.342013156855266,7.3420132,0.09315785159210765,0.0,0.177,0.0,-0.0,0.0,1
2012-07-09 06:00:00+00:00,0.03604515,0.328326730425375,0.03747884584125,0.0,0.127,7.275171051592109,7.2751711,0.06684205685526656,0.0,0.127,0.0,-0.0,0.0,1
2012-07-09 06:30:00+00:00,0.04057155,0.33350381174137506,0.042185283401249996,0.0,0.126,7.2088552621184245,7.2088553,0.0663157515921089,0.0,0.126,0.0,-0.0,0.0,1
2012-07-09 07:00:00+00:00,0.0448581,0.33840656402025,0.046642330927499996,0.0,0.102,7.1551710515921085,7.1551711,0.05368416211842497,0.0,0.102,0.0,-0.0,0.0,1
2012-07-09 07:30:00+00:00,0.04326525,0.33658473785062504,0.044986125318749993,0.0,0.106,7.099381577907898,7.0993816,0.05578945159210846,0.0,0.106,0.0,-0.0,0.0,1
2012-07-09 08:00:00+00:00,0.0521028,0.34669270775700006,0.05417518886999999,0.025,0.144,7.036749998960529,7.03675,0.06263157790789808,0.0,0.119,0.0,-0.0,0.0,1
2012-07-09 08:30:00+00:00,0.0554484,0.35051924612100005,0.05765386011,0.075,0.113,7.016749998960529,7.01675,0.019999998960528842,0.0,0.038,6.938893903907228e-18,0.0,1.2161079300555823e-18,1
2012-07-09 09:00:00+00:00,0.0549933,0.34999872435825,0.057180658507499996,0.131,0.123,7.020549998960529,7.02055,0.0038000010394707573,0.008,0.0,0.0,-0.0,0.0,1
2012-07-09 09:30:00+00:00,0.0552762,0.3503222919405,0.057474810854999996,0.156,0.107,7.043824999910529,7.043825,0.023275001039470666,0.049000002,0.0,1.9999999989472883e-09,0.0,3.5032229175610584e-10,1
2012-07-09 10:00:00+00:00,0.0532221,0.34797290993025004,0.0553390090275,0.206,0.106,7.09132499991053,7.091325,0.04750000008947097,0.1,0.0,2.7755575615628914e-17,0.0,4.829094206879742e-18,1
2012-07-09 10:30:00+00:00,0.04862805,0.342718453757625,0.050562230688749994,0.25,0.095,7.1649499999105295,7.16495,0.07362500008947048,0.155,0.0,0.0,-0.0,0.0,1
2012-07-09 11:00:00+00:00,0.04844355,0.162107431421375,0.050370392201249996,0.275,0.104,7.246174999910529,7.246175,0.08122500008947053,0.171,0.0,0.0,-0.0,0.0,1
2012-07-09 11:30:00+00:00,0.0465924,0.159990173981,0.048445612709999995,0.3,0.091,7.345449999910529,7.34545,0.09927500008947021,0.209,0.0,0.0,-0.0,0.0,1
2012-07-09 12:00:00+00:00,0.04737345,0.160883501871125,0.04925772897374999,0.313,0.102,7.445674999910529,7.445675,0.10022500008947066,0.211,0.0,0.0,-0.0,0.0,1
2012-07-09 12:30:00+00:00,0.0466908,0.160102719227,0.04854792656999999,0.325,0.105,7.550174999910529,7.550175,0.10450000008947136,0.22,0.0,0.0,-0.0,0.0,1
2012-07-09 13:00:00+00:00,0.0467646,0.1601871281615,0.048624661964999996,0.313,0.1,7.651349999910528,7.65135,0.10117500008947111,0.213,0.0,0.0,-0.0,0.0,1
2012-07-09 13:30:00+00:00,0.04620495,0.159547027074875,0.04804275188625,0.306,0.111,7.743974999910528,7.743975,0.0926250000894715,0.195,0.0,0.0,-0.0,0.0,1
2012-07-09 14:00:00+00:00,0.0457437,0.15901947123425,0.047563155667499996,0.306,0.089,7.847049999910528,7.84705,0.10307500008947201,0.217,0.0,0.0,-0.0,0.0,1
2012-07-09 14:30:00+00:00,0.0430992,0.155994817748,0.044813470679999995,0.275,0.118,7.921624999910528,7.921625,0.07457500008947182,0.157,0.0,0.0,-0.0,0.0,1
2012-07-09 15:00:00+00:00,0.0410943,0.15370170836075,0.0427288257825,0.25,0.085,7.9999999999105285,8.0,0.07837500008947185,0.165,0.0,0.0,-0.0,0.0,1
2012-07-09 15:30:00+00:00,0.0409344,0.15351882233599998,0.04256256576,0.206,0.28,7.961052631489475,7.9610526,0.03894739991052809,0.0,0.074,4.163336342344337e-17,0.0,3.195752461326861e-18,1
2012-07-09 16:00:00+00:00,0.04148175,0.15414485526687502,0.04313168660625,0.156,0.213,7.931052631489475,7.9310526,0.030000031489475276,0.0,0.057,0.0,6.938893903907228e-18,-1.4964309862867258e-19,1
2012-07-09 16:30:00+00:00,0.0406515,0.15319525475375,0.0422684134125,0.006,0.968,7.5684210525421065,7.5684211,0.362631531489475,0.0,0.689,0.273,0.0,0.020911152273886877,1
2012-07-09 17:00:00+00:00,0.04199835,0.154735717808375,0.04366883437124999,0.006,0.731,7.186842105173685,7.1868421,0.3815789525421067,0.0,0.725,0.0,-0.0,0.0,1
2012-07-09 17:30:00+00:00,0.0454608,0.158695903652,0.04726900332,0.0,0.881,6.723157894647369,6.7231579,0.4636842051736849,0.0,0.881,0.0,-0.0,0.0,1
2012-07-09 18:00:00+00:00,0.08497455,0.203889853998875,0.08835441272624998,0.0,0.736,6.335789473594738,6.3357895,0.3873683946473694,0.0,0.736,0.0,-0.0,0.0,1
2012-07-09 18:30:00+00:00,0.14653605,0.27430097352762495,0.15236452138874998,0.0,0.787,5.921578947278948,5.9215789,0.4142105735947377,0.0,0.787,0.0,-0.0,0.0,1
2012-07-09 19:00:00+00:00,0.0823731,0.20091443905775003,0.0856494900525,0.0,0.834,5.482631578857895,5.4826316,0.4389473472789476,0.0,0.834,0.0,-0.0,0.0,1
2012-07-09 19:30:00+00:00,0.05312985,0.167467398762125,0.05524308978375,0.0,0.924,4.996315789384211,4.9963158,0.4863157788578958,0.0,0.924,0.0,-0.0,0.0,1
2012-07-09 20:00:00+00:00,0.0465924,0.159990173981,0.048445612709999995,0.0,1.56,4.206842105173685,4.2068421,0.7894736893842111,0.0,1.5,0.06000000000000005,0.0,0.004799705219430004,1
2012-07-09 20:30:00+00:00,0.0482775,0.16191751131874998,0.0501977375625,0.0,1.361,3.4905263157000004,3.4905263,0.7163158051736849,0.0,1.361,0.0,-0.0,0.0,1
2012-07-09 21:00:00+00:00,0.0465924,0.159990173981,0.048445612709999995,0.0,1.339,2.785789473594737,2.7857895,0.7047368157000005,0.0,1.339,0.0,-0.0,0.0,1
2012-07-09 21:30:00+00:00,0.04085445,0.153427379323625,0.04247943574875,0.0,0.786,2.372105263068421,2.3721053,0.4136841735947372,0.0,0.786,0.0,-0.0,0.0,1
2012-07-09 22:00:00+00:00,0.0380685,0.15024094204625,0.03958267458749999,0.0,1.362,2.372105263068421,2.3721053,3.693157868411845e-08,0.0,0.0,1.362,0.0,0.10231408153349625,1
2012-07-09 22:30:00+00:00,0.05354805,0.16794571605762498,0.05567792368874999,0.0,0.791,1.955789473594737,1.9557895,0.4163157630684211,0.0,0.791,0.0,-0.0,0.0,1
2012-07-09 23:00:00+00:00,0.0442431,0.15730315623274999,0.04600286930249999,0.0,0.807,1.531052631489474,1.5310526,0.424736873594737,0.0,0.807,0.0,-0.0,0.0,1
2012-07-09 23:30:00+00:00,0.04609425,0.159420413673125,0.04792764879375,0.0,1.009,1.0,1.0,0.5310526314894739,0.0,1.009,0.0,-0.0,0.0,1
2012-07-10 00:00:00+00:00,0.0440955,0.10763433836375,0.04584939851249999,0.0,0.715,1.5874999975000001,1.5875,0.5874999999999999,1.2368421,0.0,1.9518421,0.0,0.10504261651200618,1
2012-07-10 00:30:00+00:00,0.04249035,0.105798444038375,0.04418040367125,0.0,0.169,2.2999999975,2.3,0.7125000024999997,1.5,0.0,1.669,0.0,0.08828880155002394,1
2012-07-10 01:00:00+00:00,0.04246575,0.105770307726875,0.04415482520625,0.0,0.183,3.0124999975,3.0125,0.7125000025000001,1.5,0.0,1.683,0.0,0.08900571395216532,1
2012-07-10 01:30:00+00:00,0.04379415,0.10728966854787501,0.045536062316249994,0.0,0.14,3.7249999975,3.725,0.7125000025000001,1.5,0.0,1.6400000000000001,0.0,0.08797752820925751,1
2012-07-10 02:00:00+00:00,0.04001805,0.10297074473262502,0.04160976793874999,0.0,0.157,4.4374999975,4.4375,0.7125000025000001,1.5,0.0,1.657,0.0,0.08531126201097983,1
2012-07-10 02:30:00+00:00,0.03590985,0.098271980712125,0.037338164283749996,0.0,0.148,5.1499999975,5.15,0.7125000025000006,1.5,0.0,1.648,0.0,0.080976112106791,1
2012-07-10 03:00:00+00:00,0.0353748,0.09766001593700001,0.03678183266999999,0.0,0.108,5.8624999975000005,5.8625,0.7125000024999997,1.5,0.0,1.608,0.0,0.07851865281334801,1
2012-07-10 03:30:00+00:00,0.0349443,0.09716763048574999,0.036334209532499995,0.0,0.148,6.574999997500001,6.575,0.7125000024999997,1.5,0.0,1.648,0.0,0.08006612752025799,1
2012-07-10 04:00:00+00:00,0.03388035,0.095950735013375,0.03522794092124999,0.0,0.104,7.287499997500001,7.2875,0.7125000024999988,1.5,0.0,1.604,0.0,0.07695248948072676,1
2012-07-10 04:30:00+00:00,0.03444615,0.09659787017787502,0.03581624561625,0.0,0.198,7.999999997500002,8.0,0.7125000024999988,1.5,0.0,1.698,0.0,0.08201159178101589,1
2012-07-10 05:00:00+00:00,0.03495045,0.32707466456362505,0.03634060414875,0.0,0.954,7.497894734342107,7.4978947,0.5021052975000018,0.0,0.954,0.0,-0.0,0.0,1
2012-07-10 05:30:00+00:00,0.03749655,0.329986772803875,0.03898797527624999,0.006,0.97,6.990526313289475,6.9905263,0.5073684343421068,0.0,0.964,0.0,-0.0,0.0,1
2012-07-10 06:00:00+00:00,0.0397044,0.332512006761,0.041283642509999996,0.0,0.889,6.52263157644737,6.5226316,0.46789471328947485,0.0,0.889,0.0,-0.0,0.0,1
2012-07-10 06:30:00+00:00,0.0424473,0.33564920549325,0.0441356413575,0.0,0.899,6.049473681710528,6.0494737,0.4731578764473703,0.0,0.899,0.0,-0.0,0.0,1
2012-07-10 07:00:00+00:00,0.0454977,0.33913810811925005,0.0473073710175,0.0,0.857,5.598421050131581,5.5984211,0.45105258171052753,0.0,0.857,0.0,-0.0,0.0,1
2012-07-10 07:30:00+00:00,0.0415125,0.33458002565625006,0.043163659687499994,0.0,0.866,5.1426315764473705,5.1426316,0.4557894501315811,0.0,0.866,0.0,-0.0,0.0,1
2012-07-10 08:00:00+00:00,0.04995645,0.344237814578625,0.05194346779875,0.025,0.802,4.733684208026318,4.7336842,0.40894737644737056,0.0,0.777,0.0,-0.0,0.0,1
2012-07-10 08:30:00+00:00,0.05535615,0.35041373495287503,0.05755794086625,0.05,0.77,4.354736839605265,4.3547368,0.37894740802631777,0.0,0.72,0.0,-0.0,0.0,1
2012-07-10 09:00:00+00:00,0.05650005,0.351722073437625,0.05874733948875,0.05,0.745,3.988947365921055,3.9889474,0.36578943960526544,0.0,0.695,0.0,-0.0,0.0,1
2012-07-10 09:30:00+00:00,0.05739795,0.35274904880737507,0.05968095346125,0.056,0.625,3.6894736817105285,3.6894737,0.2994736659210546,0.0,0.569,0.0,-0.0,0.0,1
2012-07-10 10:00:00+00:00,0.0528777,0.34757900156925003,0.0549809105175,0.094,0.674,3.3842105238157916,3.3842105,0.30526318171052846,0.0,0.58,1.1102230246251565e-16,0.0,1.929451052092024e-17,1
2012-07-10 10:30:00+00:00,0.0541815,0.34907022607875005,0.056336569162499996,0.231,0.622,3.178421050131581,3.1784211,0.20578942381579157,0.0,0.391,0.0,-0.0,0.0,1
2012-07-10 11:00:00+00:00,0.05367105,0.168086397615125,0.055805816013749995,0.188,0.464,3.178421050131581,3.1784211,4.986841917187235e-08,0.0,0.0,0.276,0.0,0.023195922870887252,1
2012-07-10 11:30:00+00:00,0.0571212,0.172032515303,0.059393195729999994,0.25,0.453,3.0715789448684228,3.0715789,0.10684215013158083,0.0,0.203,0.0,-0.0,0.0,1
2012-07-10 12:00:00+00:00,0.05330205,0.167664352942625,0.05542213903875,0.294,0.444,3.0715789448684228,3.0715789,4.486842275497338e-08,0.0,0.0,0.15000000000000002,0.0,0.012574826470696876,1
2012-07-10 12:30:00+00:00,0.05365875,0.168072329459375,0.05579302678124999,0.238,0.405,3.0715789448684228,3.0715789,4.486842275497338e-08,0.0,0.0,0.16700000000000004,0.0,0.014034039509857816,1
2012-07-10 13:00:00+00:00,0.05022705,0.164147314005125,0.05222483091375,0.156,0.385,3.0715789448684228,3.0715789,4.486842275497338e-08,0.0,0.0,0.229,0.0,0.018794867453586814,1
2012-07-10 13:30:00+00:00,0.0530253,0.16734781943825,0.055134381307499994,0.306,0.426,3.0715789448684228,3.0715789,4.486842275497338e-08,0.0,0.0,0.12,0.0,0.010040869166295,1
2012-07-10 14:00:00+00:00,0.05400315,0.168466237820375,0.05615112529125,0.294,0.361,3.0715789448684228,3.0715789,4.486842275497338e-08,0.0,0.0,0.067,0.0,0.005643618966982563,1
2012-07-10 14:30:00+00:00,0.05324055,0.167594012163875,0.05535819287625,0.188,0.343,3.0715789448684228,3.0715789,4.486842275497338e-08,0.0,0.0,0.15500000000000003,0.0,0.012988535942700316,1
2012-07-10 15:00:00+00:00,0.0515247,0.16563150443675,0.0535740949425,0.1,0.374,3.0715789448684228,3.0715789,4.486842275497338e-08,0.0,0.0,0.274,0.0,0.022691516107834753,1
2012-07-10 15:30:00+00:00,0.05509785,0.16971830368212498,0.057289366983749986,0.031,0.498,3.0715789448684228,3.0715789,4.486842275497338e-08,0.0,0.0,0.46699999999999997,0.0,0.03962922390977618,1
2012-07-10 16:00:00+00:00,0.05747175,0.17243345774187502,0.05975768885625,0.081,0.378,2.9152631553947383,2.9152632,0.1563157448684227,0.0,0.297,0.0,-0.0,0.0,1
2012-07-10 16:30:00+00:00,0.05959965,0.17486724868662498,0.06197022607874999,0.006,0.564,2.6215789448684226,2.6215789,0.2936842553947385,0.0,0.558,0.0,1.1102230246251565e-16,-3.4400385916927284e-18,1
2012-07-10 17:00:00+00:00,0.0533574,0.1677276596435,0.055479690585,0.0,0.473,2.6215789448684226,2.6215789,4.486842275497338e-08,0.0,0.0,0.473,0.0,0.03966759150568775,1
2012-07-10 17:30:00+00:00,0.05918145,0.174388931391125,0.061535392173749995,0.0,1.14,2.0215789448684225,2.0215789,0.6000000448684224,0.0,1.14,0.0,-0.0,0.0,1
2012-07-10 18:00:00+00:00,0.0989781,0.21990644932025002,0.1029149539275,0.006,1.012,1.4921052606578962,1.4921053,0.5294736448684225,0.0,1.006,0.0,-0.0,0.0,1
2012-07-10 18:30:00+00:00,0.11472825,0.23792072275812498,0.11929156614374999,0.0,0.592,1.1805263132894752,1.1805263,0.31157896065789625,0.0,0.592,0.0,-0.0,0.0,1
2012-07-10 19:00:00+00:00,0.05653695,0.171364277904875,0.05878570718625,0.0,0.515,1.0,1.0,0.18052631328947522,0.0,0.343,0.172,0.0,0.014737327899819248,1
2012-07-10 19:30:00+00:00,0.04469205,0.157816643917625,0.04646967628874999,0.0,0.425,1.0,1.0,0.0,0.0,0.0,0.425,0.0,0.033536036832495314,1
2012-07-10 20:00:00+00:00,0.042189,0.1549537742225,0.043867067475,0.0,0.527,1.0,1.0,0.0,0.0,0.0,0.527,0.0,0.040830319507628755,1
2012-07-10 20:30:00+00:00,0.0427671,0.15561497754275,0.0444681614025,0.0,0.441,1.0,1.0,0.0,0.0,0.0,0.441,0.0,0.03431310254817638,1
2012-07-10 21:00:00+00:00,0.043419,0.15636058979749998,0.045145990724999994,0.0,0.418,1.0,1.0,0.0,0.0,0.0,0.418,0.0,0.032679363267677494,1
2012-07-10 21:30:00+00:00,0.04191225,0.154637240718125,0.043579309743749996,0.0,0.515,1.0,1.0,0.0,0.0,0.0,0.515,0.0,0.03981908948491719,1
2012-07-10 22:00:00+00:00,0.03757035,0.149671181738375,0.039064710671249996,0.0,0.474,1.0,1.0,0.0,0.0,0.0,0.474,0.0,0.03547207007199487,1
2012-07-10 22:30:00+00:00,0.0511311,0.16518132345275,0.05316483950249999,0.0,0.858,1.0,1.0,0.0,0.0,0.0,0.858,0.0,0.07086278776122974,1
2012-07-10 23:00:00+00:00,0.03969825,0.152104972683125,0.041277247893749994,0.0,0.598,1.0,1.0,0.0,0.0,0.0,0.598,0.0,0.04547938683225437,1
2012-07-10 23:30:00+00:00,0.04455675,0.157661894204375,0.046328994731249996,0.0,0.524,1.0,1.0,0.0,0.0,0.0,0.524,0.0,0.04130741628154626,1
2012-07-11 00:00:00+00:00,0.037023,0.09954514880750001,0.038495589824999996,0.0,0.157,1.0,1.0,0.0,0.0,0.0,0.157,0.0,0.00781429418138875,1
2012-07-11 00:30:00+00:00,0.0363219,0.09874326392975,0.037766603572499995,0.0,0.121,1.0,1.0,0.0,0.0,0.0,0.121,0.0,0.005973967467749875,1
2012-07-11 01:00:00+00:00,0.03642645,0.098862843253625,0.03787531204875,0.0,0.152,1.0,1.0,0.0,0.0,0.0,0.152,0.0,0.0075135760872755,1
2012-07-11 01:30:00+00:00,0.036654,0.09912310413500001,0.03811191285,0.0,0.107,1.0,1.0,0.0,0.0,0.0,0.107,0.0,0.0053030860712225,1
2012-07-11 02:00:00+00:00,0.03508575,0.097329414276875,0.03648128570625,0.0,0.138,1.0,1.0,0.0,0.0,0.0,0.138,0.0,0.006715729585104376,1
2012-07-11 02:30:00+00:00,0.0342678,0.09639388191949999,0.035630801744999996,0.0,0.12,1.0,1.0,0.0,0.0,0.0,0.12,0.0,0.005783632915169999,1
2012-07-11 03:00:00+00:00,0.0337389,0.09578895122225002,0.0350808647475,0.0,0.123,1.0,1.0,0.0,0.0,0.0,0.123,0.0,0.005891020500168377,1
2012-07-11 03:30:00+00:00,0.03357285,0.095599031119625,0.03490821010875,0.0,0.324,1.0,1.0,0.0,0.0,0.0,0.324,0.0,0.015487043041379251,1
2012-07-11 04:00:00+00:00,0.03322845,0.09520512275862501,0.034550111598749995,0.0,0.213,1.35734473725,1.3573447,0.35734470000000007,0.75230471,0.0,0.96530471,0.0,0.045950976707514454,1
2012-07-11 04:30:00+00:00,0.0325335,0.09441027195875,0.0338275199625,0.0,0.148,2.06984473725,2.0698447,0.7124999627499999,1.5,0.0,1.648,0.0,0.07779406409400999,1
2012-07-11 05:00:00+00:00,0.033456,0.32536538364,0.034786712399999996,0.0,0.14,1.9961605267236842,1.9961605,0.07368423724999995,0.0,0.14,0.0,-0.0,0.0,1
2012-07-11 05:30:00+00:00,0.03412635,0.32613209812837507,0.03548372557125,0.0,0.129,1.928265789881579,1.9282658,0.06789472672368424,0.0,0.129,0.0,-0.0,0.0,1
2012-07-11 06:00:00+00:00,0.0354855,0.32768662933875,0.0368969357625,0.0,0.095,1.8782657898815789,1.8782658,0.04999998988157883,0.0,0.095,0.0,-0.0,0.0,1
2012-07-11 06:30:00+00:00,0.03806235,0.33063390796837505,0.03957627997125,0.0,0.137,1.8061605267236842,1.8061605,0.07210528988157883,0.0,0.137,0.0,-0.0,0.0,1
2012-07-11 07:00:00+00:00,0.04124805,0.334277560307625,0.042888691188749994,0.0,0.092,1.7577394740921053,1.7577395,0.0484210267236842,0.0,0.092,0.0,-0.0,0.0,1
2012-07-11 07:30:00+00:00,0.03568845,0.327918753908625,0.03710795809874999,0.0,0.127,1.6908973688289475,1.6908974,0.06684207409210519,0.0,0.127,0.0,-0.0,0.0,1
2012-07-11 08:00:00+00:00,0.0405162,0.33344050504050005,0.042127731854999996,0.006,0.096,1.643528947776316,1.6435289,0.04736846882894752,0.0,0.09,0.0,-0.0,0.0,1
2012-07-11 08:30:00+00:00,0.0424104,0.33560700102600005,0.04409727366,0.019,0.115,1.5930026319868422,1.5930026,0.05052634777631604,0.0,0.096,0.0,-0.0,0.0,1
2012-07-11 09:00:00+00:00,0.0420783,0.33522716082075005,0.0437519643825,0.044,0.101,1.5630026319868422,1.5630026,0.030000031986842313,0.0,0.057,6.938893903907228e-18,0.0,1.1630528513216153e-18,1
2012-07-11 09:30:00+00:00,0.0422259,0.33539597868975,0.0439054351725,0.056,0.105,1.5372131583026316,1.5372132,0.025789431986842137,0.0,0.049,0.0,6.938893903907228e-18,-1.5232757823342713e-19,1
2012-07-11 10:00:00+00:00,0.0397905,0.33261048385125,0.04137316713749999,0.069,0.107,1.5172131583026316,1.5172132,0.01999995830263157,0.0,0.038,0.0,6.938893903907228e-18,-1.4354200861786679e-19,1
2012-07-11 10:30:00+00:00,0.0403932,0.333299823483,0.04199983953,0.081,0.099,1.5077394740921053,1.5077395,0.009473658302631582,0.0,0.018,3.469446951953614e-18,0.0,5.78183028334886e-19,1
2012-07-11 11:00:00+00:00,0.0371091,0.14914362589775,0.03858511445249999,0.125,0.116,1.5120144740921053,1.5120145,0.004275025907894747,0.009,0.0,0.0,-0.0,0.0,1
2012-07-11 11:30:00+00:00,0.036654,0.148623104135,0.03811191285,0.244,0.098,1.5813644740921053,1.5813645,0.06935002590789474,0.146,0.0,0.0,-0.0,0.0,1
2012-07-11 12:00:00+00:00,0.0368262,0.14882005831550002,0.038290962105000007,0.244,0.13,1.6355144740921053,1.6355145,0.05415002590789464,0.114,0.0,0.0,-0.0,0.0,1
2012-07-11 12:30:00+00:00,0.0359529,0.14782121925725003,0.037382926597500005,0.163,0.095,1.6678144740921053,1.6678145,0.032300025907894714,0.068,0.0,0.0,-0.0,0.0,1
2012-07-11 13:00:00+00:00,0.03482745,0.146533983006125,0.03621271182375,0.138,0.133,1.6701894740921053,1.6701895,0.0023750259078947344,0.005,0.0,0.0,-0.0,0.0,1
2012-07-11 13:30:00+00:00,0.03444615,0.146097870177875,0.03581624561625,0.119,0.093,1.6825394740921054,1.6825395,0.012350025907894802,0.026,0.0,0.0,-0.0,0.0,1
2012-07-11 14:00:00+00:00,0.03417555,0.145788370751375,0.03553488250125,0.225,0.13,1.7276644740921054,1.7276645,0.04512502590789458,0.095,0.0,0.0,-0.0,0.0,1
2012-07-11 14:30:00+00:00,0.0338496,0.145415564624,0.03519596784,0.294,0.095,1.8221894740921054,1.8221895,0.09452502590789447,0.199,0.0,5.551115123125783e-17,0.0,4.0360926996108045e-18,1
2012-07-11 15:00:00+00:00,0.0338619,0.14542963277975,0.0352087570725,0.238,0.124,1.8763394740921053,1.8763395,0.05415002590789464,0.114,0.0,0.0,-0.0,0.0,1
2012-07-11 15:30:00+00:00,0.034071,0.1456687914275,0.035426174025,0.169,0.107,1.9057894740921053,1.9057895,0.029450025907894695,0.062,0.0,0.0,2.7755575615628914e-17,-4.916369259616582e-19,1
2012-07-11 16:00:00+00:00,0.03416325,0.14577430259562502,0.03552209326875,0.1,0.12,1.8952631583026316,1.8952632,0.01052627409210527,0.0,0.02,0.0,1.0408340855860843e-17,-1.8486302732741502e-19,1
2012-07-11 16:30:00+00:00,0.03293325,0.14436748702062502,0.03424317001874999,0.025,0.116,1.8473684214605264,1.8473684,0.04789475830263168,0.0,0.091,0.0,-0.0,0.0,1
2012-07-11 17:00:00+00:00,0.03360975,0.145141235586875,0.03494657780625,0.0,0.107,1.791052631986842,1.7910526,0.05631582146052638,0.0,0.107,0.0,-0.0,0.0,1
2012-07-11 17:30:00+00:00,0.0387819,0.15105689507975,0.0403244500725,0.0,0.117,1.729473684618421,1.7294737,0.061578931986842056,0.0,0.117,0.0,-0.0,0.0,1
2012-07-11 18:00:00+00:00,0.0401964,0.15267473299099998,0.041795211809999996,0.0,0.098,1.67789473725,1.6778947,0.05157898461842114,0.0,0.098,0.0,-0.0,0.0,1
2012-07-11 18:30:00+00:00,0.0384621,0.15069112303025,0.0399919300275,0.0,0.123,1.6131578951447367,1.6131579,0.0647368372499999,0.0,0.123,0.0,-0.0,0.0,1
2012-07-11 19:00:00+00:00,0.0383145,0.15052230516125,0.0398384592375,0.0,0.091,1.5652631583026315,1.5652632,0.047894695144736765,0.0,0.091,0.0,-0.0,0.0,1
2012-07-11 19:30:00+00:00,0.035793,0.14763833323249997,0.037216666574999994,0.0,0.136,1.4936842109342106,1.4936842,0.07157895830263161,0.0,0.136,0.0,-0.0,0.0,1
2012-07-11 20:00:00+00:00,0.03487665,0.146590255629125,0.03626386875375,0.0,0.09,1.446315789881579,1.4463158,0.047368410934210514,0.0,0.09,0.0,-0.0,0.0,1
2012-07-11 20:30:00+00:00,0.0381177,0.15029721466925,0.039633831517499996,0.0,0.125,1.3805263161973684,1.3805263,0.06578948988157896,0.0,0.125,0.0,-0.0,0.0,1
2012-07-11 21:00:00+00:00,0.03531945,0.147096709236125,0.03672428112375,0.0,0.094,1.331052631986842,1.3310526,0.0494737161973684,0.0,0.094,0.0,-0.0,0.0,1
2012-07-11 21:30:00+00:00,0.03493815,0.146660596407875,0.03632781491625,0.0,0.132,1.2615789477763157,1.2615789,0.06947373198684215,0.0,0.132,0.0,-0.0,0.0,1
2012-07-11 22:00:00+00:00,0.03444,0.14609083609999998,0.035809851,0.0,0.125,1.1957894740921051,1.1957895,0.06578944777631568,0.0,0.125,0.0,-0.0,0.0,1
2012-07-11 22:30:00+00:00,0.0399135,0.15235116540875002,0.041501059462499996,0.0,0.137,1.1236842109342104,1.1236842,0.0721052740921051,0.0,0.137,0.0,-0.0,0.0,1
2012-07-11 23:00:00+00:00,0.03520875,0.146970095834375,0.036609178031249995,0.0,0.135,1.052631579355263,1.0526316,0.07105261093421045,0.0,0.135,0.0,-0.0,0.0,1
2012-07-11 23:30:00+00:00,0.03613125,0.14802520751562498,0.037568370468749994,0.0,0.1,1.0000000004078946,1.0,0.05263157935526297,0.0,0.1,0.0,-0.0,0.0,1
2012-07-12 00:00:00+00:00,0.03514725,0.097399755055625,0.03654523186874999,0.0,0.114,1.0000000004078946,1.0,4.0789460697965296e-10,0.0,0.0,0.114,0.0,0.005551786038170625,1
2012-07-12 00:30:00+00:00,0.03385575,0.095922598701875,0.03520236245624999,0.0,0.097,1.0000000004078946,1.0,4.0789460697965296e-10,0.0,0.0,0.097,0.0,0.004652246037040938,1
2012-07-12 01:00:00+00:00,0.0340833,0.09618285958325001,0.0354389632575,0.0,0.103,1.0000000004078946,1.0,4.0789460697965296e-10,0.0,0.0,0.103,0.0,0.004953417268537375,1
2012-07-12 01:30:00+00:00,0.03406485,0.09616175734962502,0.03541977940875,0.0,0.099,1.0000000004078946,1.0,4.0789460697965296e-10,0.0,0.0,0.099,0.0,0.004760006988806439,1
2012-07-12 02:00:00+00:00,0.0325458,0.0944243401145,0.033840309194999994,0.0,0.1,1.0000000004078946,1.0,4.0789460697965296e-10,0.0,0.0,0.1,0.0,0.004721217005725,1
2012-07-12 02:30:00+00:00,0.0317463,0.09350990999075001,0.03300900908249999,0.0,0.105,1.0000000004078946,1.0,4.0789460697965296e-10,0.0,0.0,0.105,0.0,0.004909270274514375,1
2012-07-12 03:00:00+00:00,0.03055935,0.09215233296087501,0.03177484814625,0.0,0.091,1.0000000004078946,1.0,4.0789460697965296e-10,0.0,0.0,0.091,0.0,0.0041929311497198125,1
2012-07-12 03:30:00+00:00,0.02845605,0.089746678327625,0.029587889388749997,0.0,0.112,1.4097368434078945,1.4097368,0.4097367995921053,0.86260388,0.0,0.97460388,0.0,0.043733730457607624,1
2012-07-12 04:00:00+00:00,0.02682015,0.08787561361287502,0.02788692146625,0.0,0.085,2.1222368434078946,2.1222368,0.7124999565921055,1.5,0.0,1.585,0.0,0.06964142378820345,1
2012-07-12 04:30:00+00:00,0.0270969,0.08819214711725,0.028174679197499997,0.006,0.118,2.8347368434078946,2.8347368,0.7124999565921053,1.5,0.0,1.6119999999999999,0.0,0.07108287057650349,1
2012-07-12 05:00:00+00:00,0.02929245,0.32060331291862504,0.03045755719875,0.0,0.086,2.789473685513158,2.7894737,0.045263143407894724,0.0,0.086,0.0,-0.0,0.0,1
2012-07-12 05:30:00+00:00,0.03046095,0.321939787714875,0.03167253428625,0.0,0.125,2.7236842118289473,2.7236842,0.06578948551315777,0.0,0.125,0.0,-0.0,0.0,1
2012-07-12 06:00:00+00:00,0.0319677,0.3236631367942501,0.0332392152675,0.0,0.095,2.6736842118289474,2.6736842,0.05000001182894742,0.0,0.095,0.0,-0.0,0.0,1
2012-07-12 06:30:00+00:00,0.03502425,0.327159073498125,0.036417339543749996,0.0,0.111,2.6152631591973683,2.6152632,0.058421011828947655,0.0,0.111,0.0,-0.0,0.0,1
2012-07-12 07:00:00+00:00,0.0364572,0.32879801364300004,0.03790728513,0.0,0.082,2.572105264460526,2.5721053,0.043157859197368253,0.0,0.082,0.0,-0.0,0.0,1
2012-07-12 07:30:00+00:00,0.0335667,0.32549199704175,0.034901815492499995,0.0,0.102,2.51842105393421,2.5184211,0.05368416446052615,0.0,0.102,0.0,-0.0,0.0,1
2012-07-12 08:00:00+00:00,0.0362604,0.32857292315100006,0.03770265740999999,0.0,0.088,2.472105264460526,2.4721053,0.04631575393421006,0.0,0.088,0.0,-0.0,0.0,1
2012-07-12 08:30:00+00:00,0.0450795,0.33865979082375003,0.046872537112499994,0.019,0.108,2.425263159197368,2.4252632,0.04684206446052608,0.0,0.089,0.0,-0.0,0.0,1
2012-07-12 09:00:00+00:00,0.0447474,0.3382799506185001,0.046527227835,0.025,0.102,2.3847368434078944,2.3847368,0.04052635919736769,0.0,0.077,0.0,1.3877787807814457e-17,-3.228474975899842e-19,1
2012-07-12 09:30:00+00:00,0.04535625,0.338976324328125,0.04716029484374999,0.031,0.089,2.3542105276184206,2.3542105,0.030526343407894174,0.0,0.058,0.0,6.938893903907228e-18,-1.6362014119888216e-19,1
2012-07-12 10:00:00+00:00,0.0457929,0.33947574385725005,0.0476143125975,0.069,0.109,2.333157896039473,2.3331579,0.02105262761842086,0.0,0.04,0.0,6.938893903907228e-18,-1.6519533171076295e-19,1
2012-07-12 10:30:00+00:00,0.04817295,0.342197931994875,0.05008902908624999,0.031,0.08,2.3073684223552626,2.3073684,0.025789496039473114,0.0,0.049,0.0,-0.0,0.0,1
2012-07-12 11:00:00+00:00,0.04900935,0.162754566585875,0.050958696896249996,0.006,0.118,2.24842105393421,2.2484211,0.05894732235526279,0.0,0.112,0.0,1.3877787807814457e-17,-3.535969912444453e-19,1
2012-07-12 11:30:00+00:00,0.04677075,0.16019416223937502,0.04863105658125,0.019,0.087,2.2126315802499996,2.2126316,0.03578945393421007,0.0,0.068,0.0,1.3877787807814457e-17,-3.374457420522031e-19,1
2012-07-12 12:00:00+00:00,0.0453255,0.15854115393874998,0.047128321762499994,0.019,0.122,2.15842105393421,2.1584211,0.05421048024999964,0.0,0.103,0.0,-0.0,0.0,1
2012-07-12 12:30:00+00:00,0.0460758,0.15939931143949998,0.04790846494499999,0.031,0.082,2.131578948671052,2.1315789,0.026842153934210078,0.0,0.051,6.938893903907228e-18,0.0,5.530274552172781e-19,1
2012-07-12 13:00:00+00:00,0.04673385,0.160151957772125,0.04859268888375,0.019,0.106,2.0857894749868415,2.0857895,0.04578944867105195,0.0,0.087,0.0,-0.0,0.0,1
2012-07-12 13:30:00+00:00,0.04584825,0.159139050558125,0.04767186414375,0.031,0.088,2.0557894749868417,2.0557895,0.029999974986841593,0.0,0.057,0.0,6.938893903907228e-18,-1.6539500374748023e-19,1
2012-07-12 14:00:00+00:00,0.04690605,0.16034891195262502,0.04877173813874999,0.019,0.1,2.0131578960394734,2.0131579,0.04263157498684178,0.0,0.081,0.0,-0.0,0.0,1
2012-07-12 14:30:00+00:00,0.04896015,0.162698293962875,0.05090753996624999,0.044,0.108,1.9794736855131576,1.9794737,0.03368419603947337,0.0,0.064,0.0,-0.0,0.0,1
2012-07-12 15:00:00+00:00,0.0440832,0.157120270208,0.045836609279999996,0.031,0.099,1.943684211828947,1.9436842,0.035789485513157526,0.0,0.068,0.0,-0.0,0.0,1
2012-07-12 15:30:00+00:00,0.0434559,0.15640279426475,0.045184358422499994,0.025,0.105,1.9015789486710524,1.9015789,0.042105311828946945,0.0,0.08,0.0,1.3877787807814457e-17,-3.1352946920984444e-19,1
2012-07-12 16:00:00+00:00,0.04865265,0.16234659006912502,0.050587809153749996,0.019,0.089,1.8647368434078944,1.8647368,0.0368421486710524,0.0,0.07,0.0,1.3877787807814457e-17,-3.5102344054897814e-19,1
2012-07-12 16:30:00+00:00,0.0466785,0.16008865107125,0.0485351373375,0.006,0.11,1.8100000013026312,1.81,0.05473684340789431,0.0,0.104,0.0,-0.0,0.0,1
2012-07-12 17:00:00+00:00,0.0426564,0.15548836414099998,0.04435305830999999,0.0,0.084,1.7657894749868417,1.7657895,0.04421050130263127,0.0,0.084,0.0,-0.0,0.0,1
2012-07-12 17:30:00+00:00,0.047478,0.161003081195,0.04936643745,0.0,0.12,1.7026315802499996,1.7026316,0.06315787498684178,0.0,0.12,0.0,-0.0,0.0,1
2012-07-12 18:00:00+00:00,0.06528225,0.181366736643125,0.06787885149374999,0.0,0.084,1.6584210539342101,1.6584211,0.04421048024999963,0.0,0.084,0.0,-0.0,0.0,1
2012-07-12 18:30:00+00:00,0.0595566,0.17481801014149997,0.061925463764999994,0.0,0.135,1.5873684223552627,1.5873684,0.07105265393421023,0.0,0.135,0.0,-0.0,0.0,1
2012-07-12 19:00:00+00:00,0.04814835,0.161769795683375,0.05006345062124999,0.0,0.131,1.51842105393421,1.5184211,0.06894732235526257,0.0,0.131,0.0,-0.0,0.0,1
2012-07-12 19:30:00+00:00,0.0417585,0.15446138877124999,0.043419444337499995,0.0,0.129,1.4505263170921048,1.4505263,0.06789475393421007,0.0,0.129,0.0,-0.0,0.0,1
2012-07-12 20:00:00+00:00,0.03849285,0.15072629341962498,0.040023903108749995,0.0,0.138,1.3778947381447364,1.3778947,0.07263161709210486,0.0,0.138,0.0,-0.0,0.0,1
2012-07-12 20:30:00+00:00,0.04064535,0.153188220675875,0.042262018796249995,0.0,0.096,1.3273684223552626,1.3273684,0.050526338144736505,0.0,0.096,0.0,-0.0,0.0,1
2012-07-12 21:00:00+00:00,0.03972285,0.152133108994625,0.041302826358749996,0.0,0.117,1.2657894749868417,1.2657895,0.061578922355262744,0.0,0.117,0.0,-0.0,0.0,1
2012-07-12 21:30:00+00:00,0.0361374,0.1480322415935,0.037574765084999996,0.0,0.098,1.2142105276184205,1.2142105,0.05157897498684161,0.0,0.098,0.0,-0.0,0.0,1
2012-07-12 22:00:00+00:00,0.0351042,0.14685051651050002,0.036500469555000005,0.0,0.113,1.1547368434078942,1.1547368,0.05947372761842051,0.0,0.113,0.0,-0.0,0.0,1
2012-07-12 22:30:00+00:00,0.0412788,0.153912730697,0.04292066427,0.0,0.093,1.1057894749868415,1.1057895,0.048947343407894195,0.0,0.093,0.0,-0.0,0.0,1
2012-07-12 23:00:00+00:00,0.03574995,0.14758909468737502,0.03717190426125,0.0,0.106,1.050000001302631,1.05,0.0557894749868415,0.0,0.106,0.0,-0.0,0.0,1
2012-07-12 23:30:00+00:00,0.03543015,0.14722332263787502,0.03683938421625,0.0,0.095,1.000000001302631,1.0,0.050000001302630936,0.0,0.095,0.0,-0.0,0.0,1
2012-07-13 00:00:00+00:00,0.0348582,0.09706915339550001,0.036244684905,0.0,0.102,1.000000001302631,1.0,1.302630892041634e-09,0.0,0.0,0.102,0.0,0.004950526823170501,1
2012-07-13 00:30:00+00:00,0.03461835,0.096794824358375,0.03599529487125,0.0,0.102,1.000000001302631,1.0,1.302630892041634e-09,0.0,0.0,0.102,0.0,0.0049365360422771246,1
2012-07-13 01:00:00+00:00,0.03440925,0.096555665710625,0.03577787791875,0.0,0.095,1.000000001302631,1.0,1.302630892041634e-09,0.0,0.0,0.095,0.0,0.004586394121254687,1
2012-07-13 01:30:00+00:00,0.034932,0.09715356233000001,0.0363214203,0.0,0.11,1.000000001302631,1.0,1.302630892041634e-09,0.0,0.0,0.11,0.0,0.005343445928150001,1
2012-07-13 02:00:00+00:00,0.0341694,0.09628133667350001,0.035528487885,0.0,0.088,1.000000001302631,1.0,1.302630892041634e-09,0.0,0.0,0.088,0.0,0.004236378813634,1
2012-07-13 02:30:00+00:00,0.0335175,0.09553572441875,0.03485065856249999,0.0,0.116,1.000000001302631,1.0,1.302630892041634e-09,0.0,0.0,0.116,0.0,0.0055410720162875,1
2012-07-13 03:00:00+00:00,0.03287175,0.09479714624187499,0.034179223856249996,0.0,0.086,1.000000001302631,1.0,1.302630892041634e-09,0.0,0.0,0.086,0.0,0.004076277288400624,1
2012-07-13 03:30:00+00:00,0.02996895,0.09147706148487501,0.03116096498625,0.0,0.12,1.7125000013026308,1.7125,0.712499998697369,1.5,0.0,1.62,0.0,0.07409641980274877,1
2012-07-13 04:00:00+00:00,0.030504,0.09208902626,0.0317172966,0.006,0.086,2.4250000013026307,2.425,0.712499998697369,1.5,0.0,1.58,0.0,0.07275033074540001,1
2012-07-13 04:30:00+00:00,0.03149415,0.09322151279787502,0.032746829816249996,0.0,0.12,3.1375000013026306,3.1375,0.7124999986973695,1.5,0.0,1.62,0.0,0.07550942536627878,1
2012-07-13 05:00:00+00:00,0.0327672,0.32457756691800005,0.03407051538,0.0,0.085,3.0927631591973674,3.0927632,0.0447368013026308,0.0,0.085,0.0,-0.0,0.0,1
2012-07-13 05:30:00+00:00,0.0338619,0.32582963277975,0.0352087570725,0.0,0.114,3.0327631591973674,3.0327632,0.059999959197367225,0.0,0.114,0.0,-0.0,0.0,1
2012-07-13 06:00:00+00:00,0.0333822,0.32528097470550005,0.034709977004999996,0.0,0.09,2.985394738144736,2.9853947,0.04736845919736732,0.0,0.09,0.0,-0.0,0.0,1
2012-07-13 06:30:00+00:00,0.03375735,0.325710053455875,0.03510004859625,0.0,0.106,2.9296052644605255,2.9296053,0.055789438144735914,0.0,0.106,0.0,-0.0,0.0,1
2012-07-13 07:00:00+00:00,0.0360513,0.32833376450325,0.03748524045749999,0.0,0.096,2.8790789486710517,2.8790789,0.050526364460525386,0.0,0.096,0.0,-0.0,0.0,1
2012-07-13 07:30:00+00:00,0.0341694,0.3261813366735001,0.035528487885,0.0,0.101,2.8259210539342097,2.8259211,0.05315784867105178,0.0,0.101,0.0,-0.0,0.0,1
2012-07-13 08:00:00+00:00,0.03726285,0.3297194778446251,0.03874497985875,0.0,0.104,2.7711842118289467,2.7711842,0.054736853934209684,0.0,0.104,0.0,-0.0,0.0,1
2012-07-13 08:30:00+00:00,0.0396183,0.33241352967075005,0.0411941178825,0.0,0.095,2.721184211828947,2.7211842,0.05000001182894653,0.0,0.095,0.0,-0.0,0.0,1
2012-07-13 09:00:00+00:00,0.0389664,0.33166791741600005,0.040516288559999995,0.0,0.11,2.6632894749868417,2.6632895,0.05789471182894701,0.0,0.11,0.0,-0.0,0.0,1
2012-07-13 09:30:00+00:00,0.03974745,0.332561245306125,0.04132840482375,0.0,0.092,2.6148684223552627,2.6148684,0.04842107498684145,0.0,0.092,0.0,-0.0,0.0,1
2012-07-13 10:00:00+00:00,0.040221,0.33310286930250005,0.041820790275,0.0,0.118,2.552763159197368,2.5527632,0.062105222355262946,0.0,0.118,0.0,-0.0,0.0,1
2012-07-13 10:30:00+00:00,0.0403932,0.333299823483,0.04199983953,0.013,0.087,2.5138157907763152,2.5138158,0.03894735919736769,0.0,0.074,0.0,-0.0,0.0,1
2012-07-13 11:00:00+00:00,0.0397782,0.15219641569550002,0.041360377904999995,0.044,0.12,2.473815790776315,2.4738158,0.03999999077631511,0.0,0.076,0.0,-0.0,0.0,1
2012-07-13 11:30:00+00:00,0.0386343,0.15088807721075,0.040170979282500005,0.063,0.088,2.460657896039473,2.4606579,0.013157890776315018,0.0,0.025,0.0,6.938893903907228e-18,-1.3937108162866143e-19,1
2012-07-13 12:00:00+00:00,0.03836985,0.15058561186212502,0.03989601078374999,0.019,0.121,2.406973685513157,2.4069737,0.053684196039473164,0.0,0.102,0.0,-0.0,0.0,1
2012-07-13 12:30:00+00:00,0.0380193,0.15018466942325,0.039531517657499994,0.056,0.087,2.390657896039473,2.3906579,0.016315785513157266,0.0,0.031,0.0,6.938893903907228e-18,-1.3715250344291383e-19,1
2012-07-13 13:00:00+00:00,0.0378225,0.14995957893125,0.0393268899375,0.031,0.121,2.3432894749868414,2.3432895,0.04736839603947285,0.0,0.09,0.0,-0.0,0.0,1
2012-07-13 13:30:00+00:00,0.03747195,0.149558636492375,0.038962396811249994,0.088,0.092,2.3411842118289465,2.3411842,0.0021052749868415432,0.0,0.004,3.469446951953614e-18,0.0,2.594428777584045e-19,1
2012-07-13 14:00:00+00:00,0.03695535,0.14896777395087502,0.03842524904625,0.044,0.116,2.3032894749868413,2.3032895,0.03789471182894655,0.0,0.072,1.3877787807814457e-17,0.0,1.0336715785463567e-18,1
2012-07-13 14:30:00+00:00,0.03605745,0.147940798581125,0.037491635073749995,0.031,0.1,2.266973685513157,2.2669737,0.036315774986841465,0.0,0.069,0.0,-0.0,0.0,1
2012-07-13 15:00:00+00:00,0.0361251,0.14801817343775,0.03756197585249999,0.05,0.11,2.235394738144736,2.2353947,0.031578985513156965,0.0,0.06,0.0,-0.0,0.0,1
2012-07-13 15:30:00+00:00,0.03502425,0.146759073498125,0.036417339543749996,0.025,0.153,2.1680263170921044,2.1680263,0.0673684381447357,0.0,0.128,0.0,-0.0,0.0,1
2012-07-13 16:00:00+00:00,0.03600825,0.14788452595812498,0.03744047814375,0.013,0.123,2.110131580249999,2.1101316,0.057894717092104475,0.0,0.11,0.0,-0.0,0.0,1
2012-07-13 16:30:00+00:00,0.03766875,0.149783726984375,0.03916702453125,0.0,0.137,2.0380263170921045,2.0380263,0.07210528024999929,0.0,0.137,0.0,-0.0,0.0,1
2012-07-13 17:00:00+00:00,0.03852975,0.15076849788687502,0.040062270806249994,0.0,0.129,1.9701315802499992,1.9701316,0.06789471709210448,0.0,0.129,0.0,-0.0,0.0,1
2012-07-13 17:30:00+00:00,0.039975,0.1524215061875,0.04156500562499999,0.0,0.098,1.9185526328815783,1.9185526,0.051578980249999296,0.0,0.098,0.0,-0.0,0.0,1
2012-07-13 18:00:00+00:00,0.04064535,0.153188220675875,0.042262018796249995,0.0,0.122,1.8543421065657888,1.8543421,0.0642105328815783,0.0,0.122,0.0,-0.0,0.0,1
2012-07-13 18:30:00+00:00,0.03878805,0.15106392915762498,0.04033084468874999,0.0,0.09,1.8069736855131573,1.8069737,0.04736840656578889,0.0,0.09,0.0,-0.0,0.0,1
2012-07-13 19:00:00+00:00,0.0368139,0.14880599015975,0.038278172872499995,0.0,0.168,1.7185526328815783,1.7185526,0.0884210855131573,0.0,0.168,0.0,-0.0,0.0,1
2012-07-13 19:30:00+00:00,0.0352149,0.14697712991225,0.0366155726475,0.0,0.129,1.650657896039473,1.6506579,0.06789473288157843,0.0,0.129,0.0,-0.0,0.0,1
2012-07-13 20:00:00+00:00,0.0363465,0.14827140024125,0.0377921820375,0.0,0.165,1.5638157907763153,1.5638158,0.08684209603947313,0.0,0.165,0.0,-0.0,0.0,1
2012-07-13 20:30:00+00:00,0.0359652,0.147835287413,0.03739571583,0.0,0.128,1.4964473697236838,1.4964474,0.06736839077631518,0.0,0.128,0.0,-0.0,0.0,1
2012-07-13 21:00:00+00:00,0.03636495,0.14829250247487502,0.037811365886250003,0.0,0.159,1.412763159197368,1.4127632,0.08368416972368364,0.0,0.159,0.0,-0.0,0.0,1
2012-07-13 21:30:00+00:00,0.03460605,0.146280756202625,0.03598250563875,0.0,0.135,1.3417105276184205,1.3417105,0.07105265919736792,0.0,0.135,0.0,-0.0,0.0,1
2012-07-13 22:00:00+00:00,0.0340218,0.1456125188045,0.035375017094999996,0.0,0.151,1.262236843407894,1.2622368,0.07947372761842053,0.0,0.151,0.0,-0.0,0.0,1
2012-07-13 22:30:00+00:00,0.0387819,0.15105689507975,0.0403244500725,0.0,0.14,1.1885526328815783,1.1885526,0.07368424340789415,0.0,0.14,0.0,-0.0,0.0,1
2012-07-13 23:00:00+00:00,0.03570075,0.14753282206437499,0.037120747331249995,0.0,0.145,1.1122368434078942,1.1122368,0.07631583288157828,0.0,0.145,0.0,-0.0,0.0,1
2012-07-13 23:30:00+00:00,0.0363957,0.14832767286425003,0.0378433389675,0.0,0.145,1.03592105393421,1.0359211,0.07631574340789427,0.0,0.145,0.0,-0.0,0.0,1
2012-07-14 00:00:00+00:00,0.03524565,0.09751230030162501,0.03664754572875,0.0,0.14,1.03592105393421,1.0359211,4.6065789849336625e-08,0.0,0.0,0.14,0.0,0.006825861021113751,1
2012-07-14 00:30:00+00:00,0.03427395,0.096400915997375,0.03563719636125,0.0,0.17,1.03592105393421,1.0359211,4.6065789849336625e-08,0.0,0.0,0.17,0.0,0.008194077859776876,1
2012-07-14 01:00:00+00:00,0.03424935,0.096372779685875,0.035611617896249996,0.0,0.165,1.29290526418421,1.2929053,0.25698424606578985,0.54101939,0.0,0.70601939,0.0,0.03402052556321293,1
2012-07-14 01:30:00+00:00,0.03421245,0.09633057521862502,0.035573250198749996,0.0,0.189,2.00540526418421,2.0054053,0.71250003581579,1.5,0.0,1.689,0.0,0.08135117077212883,1
2012-07-14 02:00:00+00:00,0.03256425,0.09444544234812502,0.03385949304375,0.0,0.157,2.71790526418421,2.7179053,0.7125000358157898,1.5,0.0,1.657,0.0,0.07824804898542158,1
2012-07-14 02:30:00+00:00,0.03261345,0.09450171497112501,0.03391064997375,0.0,0.196,3.43040526418421,3.4304053,0.7125000358157898,1.5,0.0,1.696,0.0,0.08013745429551401,1
2012-07-14 03:00:00+00:00,0.03209685,0.09391085242962502,0.033373502208749996,0.0,0.156,4.1429052641842095,4.1429053,0.7125000358157898,1.5,0.0,1.656,0.0,0.07775818581172951,1
2012-07-14 03:30:00+00:00,0.03190005,0.093685761937625,0.03316887448875,0.0,0.195,4.85540526418421,4.8554053,0.7125000358157907,1.5,0.0,1.695,0.0,0.07939868324213718,1
2012-07-14 04:00:00+00:00,0.0313281,0.09303159269524999,0.0325741751775,0.0,0.158,5.56790526418421,5.5679053,0.7125000358157898,1.5,0.0,1.658,0.0,0.07712319034436224,1
2012-07-14 04:30:00+00:00,0.0312174,0.09290497929350001,0.032459072085,0.0,0.358,6.2804052641842105,6.2804053,0.7125000358157898,1.5,0.0,1.858,0.0,0.08630872576366151,1
2012-07-14 05:00:00+00:00,0.0310452,0.322608025113,0.03228002283,0.0,0.33,6.106721053657894,6.1067211,0.17368416418421084,0.0,0.33,0.0,-0.0,0.0,1
2012-07-14 05:30:00+00:00,0.03129735,0.32289642230587506,0.03254220209625,0.0,0.209,5.996721053657894,5.9967211,0.10999995365789417,0.0,0.209,0.0,-0.0,0.0,1
2012-07-14 06:00:00+00:00,0.0308484,0.32238293462100004,0.03207539511,0.0,0.19,5.8967210536578945,5.8967211,0.09999995365789438,0.0,0.19,0.0,-0.0,0.0,1
2012-07-14 06:30:00+00:00,0.02969835,0.32106756205837506,0.030879601871249995,0.006,0.159,5.816194737868421,5.8161947,0.08052635365789484,0.0,0.153,0.0,-0.0,0.0,1
2012-07-14 07:00:00+00:00,0.0318693,0.32355059154825005,0.0331369014075,0.0,0.189,5.716721053657895,5.7167211,0.0994736378684209,0.0,0.189,0.0,-0.0,0.0,1
2012-07-14 07:30:00+00:00,0.03356055,0.325484962963875,0.03489542087625,0.0,0.905,5.2404052641842105,5.2404053,0.4763157536578948,0.0,0.905,0.0,-0.0,0.0,1
2012-07-14 08:00:00+00:00,0.0344646,0.3265189724115001,0.03583542946499999,0.019,1.176,4.631457895763158,4.6314579,0.6089473641842105,0.0,1.157,0.0,-0.0,0.0,1
2012-07-14 08:30:00+00:00,0.0344646,0.3265189724115001,0.03583542946499999,0.075,0.624,4.342510527342105,4.3425105,0.28894739576315764,0.0,0.549,0.0,-0.0,0.0,1
2012-07-14 09:00:00+00:00,0.03439695,0.32644159755487506,0.03576508868625,0.119,0.156,4.323036843131579,4.3230368,0.019473727342105285,0.0,0.037,6.938893903907228e-18,0.0,1.1325718056276297e-18,1
2012-07-14 09:30:00+00:00,0.0359283,0.32819308294575006,0.0373573481325,0.175,0.12,4.349161843131579,4.3491618,0.0261249568684212,0.055,0.0,0.0,-0.0,0.0,1
2012-07-14 10:00:00+00:00,0.0372567,0.3297124437667501,0.03873858524249999,0.219,0.139,4.3871618431315795,4.3871618,0.03799995686842106,0.08,0.0,2.7755575615628914e-17,0.0,4.575679332190914e-18,1
2012-07-14 10:30:00+00:00,0.0358176,0.32806646954400004,0.03724224504,0.188,0.138,4.410911843131579,4.4109118,0.02374995686842052,0.05,0.0,0.0,-0.0,0.0,1
2012-07-14 11:00:00+00:00,0.03442155,0.146069733866375,0.035790667151250004,0.219,0.138,4.449386843131579,4.4493868,0.03847495686842084,0.081,0.0,2.7755575615628914e-17,0.0,2.0271247717414815e-18,1
2012-07-14 11:30:00+00:00,0.0344154,0.1460626997885,0.035784272534999995,0.188,0.091,4.495461843131579,4.4954618,0.04607495686842089,0.097,0.0,0.0,-0.0,0.0,1
2012-07-14 12:00:00+00:00,0.03433545,0.145971256776125,0.03570114252375,0.2,0.136,4.52586184313158,4.5258618,0.030399956868421008,0.064,0.0,0.0,-0.0,0.0,1
2012-07-14 12:30:00+00:00,0.0343908,0.146034563477,0.03575869406999999,0.35,0.105,4.642236843131579,4.6422368,0.11637495686842048,0.245,0.0,0.0,-0.0,0.0,1
2012-07-14 13:00:00+00:00,0.03439695,0.14604159755487503,0.03576508868625,0.35,0.495,4.565921053657895,4.5659211,0.07631574313157952,0.0,0.145,2.7755575615628914e-17,0.0,2.0267343019807903e-18,1
2012-07-14 13:30:00+00:00,0.0340095,0.14559845064875,0.0353622278625,0.331,0.426,4.5159210536578955,4.5159211,0.049999953657895446,0.0,0.095,0.0,2.7755575615628914e-17,-4.9074949468735915e-19,1
2012-07-14 14:00:00+00:00,0.03390495,0.145478871324875,0.03525351938625,0.213,0.417,4.4085526326052635,4.4085526,0.10736845365789538,0.0,0.204,0.0,-0.0,0.0,1
2012-07-14 14:30:00+00:00,0.0339357,0.14551404171425,0.0352854924675,0.281,0.377,4.35802631681579,4.3580263,0.050526332605263846,0.0,0.096,0.0,2.7755575615628914e-17,-4.896845771582003e-19,1
2012-07-14 15:00:00+00:00,0.03394185,0.145521075792125,0.03529188708375,0.138,0.363,4.2396052641842115,4.2396053,0.1184210168157902,0.0,0.225,0.0,2.7755575615628914e-17,-4.897733202856303e-19,1
2012-07-14 15:30:00+00:00,0.03394185,0.145521075792125,0.03529188708375,0.063,0.144,4.196973685236843,4.1969737,0.042631564184211435,0.0,0.081,0.0,1.3877787807814457e-17,-2.4488666014281513e-19,1
2012-07-14 16:00:00+00:00,0.03404025,0.145633621038125,0.035394200943749995,0.044,0.166,4.132763158921054,4.1327632,0.06421048523684281,0.0,0.122,1.3877787807814457e-17,0.0,1.010536245225381e-18,1
2012-07-14 16:30:00+00:00,0.03464295,0.146322960669875,0.03602087333625,0.019,0.155,4.061184211552633,4.0611842,0.07157895892105426,0.0,0.136,0.0,-0.0,0.0,1
2012-07-14 17:00:00+00:00,0.03672165,0.148700478991625,0.038182253628749996,0.0,0.146,3.9843421062894753,3.9843421,0.07684211155263299,0.0,0.146,0.0,-0.0,0.0,1
2012-07-14 17:30:00+00:00,0.03729975,0.149361682311875,0.03878334755625,0.0,0.162,3.8990789483947386,3.8990789,0.08526320628947515,0.0,0.162,0.0,-0.0,0.0,1
2012-07-14 18:00:00+00:00,0.04129725,0.153933832930625,0.04293984811875,0.0,0.135,3.8280263168157913,3.8280263,0.07105264839473868,0.0,0.135,0.0,-0.0,0.0,1
2012-07-14 18:30:00+00:00,0.0409836,0.153575094959,0.04261372269,0.0,0.168,3.7396052641842124,3.7396053,0.08842101681579129,0.0,0.168,0.0,-0.0,0.0,1
2012-07-14 19:00:00+00:00,0.03967365,0.152076836371625,0.04125166942875,0.0,0.153,3.659078948394739,3.6590789,0.08052636418421244,0.0,0.153,0.0,-0.0,0.0,1
2012-07-14 19:30:00+00:00,0.03729975,0.149361682311875,0.03878334755625,0.0,0.45,3.422236843131581,3.4222368,0.23684214839473894,0.0,0.45,0.0,-0.0,0.0,1
2012-07-14 20:00:00+00:00,0.03451995,0.146182279112375,0.03589298101125,0.0,0.846,2.976973685236844,2.9769737,0.445263143131581,0.0,0.846,0.0,-0.0,0.0,1
2012-07-14 20:30:00+00:00,0.0345753,0.14624558581325,0.0359505325575,0.0,0.842,2.5338157905000016,2.5338158,0.44315788523684363,0.0,0.842,0.0,-0.0,0.0,1
2012-07-14 21:00:00+00:00,0.03439695,0.14604159755487503,0.03576508868625,0.0,0.465,2.2890789483947382,2.2890789,0.2447368905000018,0.0,0.465,0.0,-0.0,0.0,1
2012-07-14 21:30:00+00:00,0.0343908,0.146034563477,0.03575869406999999,0.0,0.579,1.984342106289475,1.9843421,0.30473684839473814,0.0,0.579,0.0,-0.0,0.0,1
2012-07-14 22:00:00+00:00,0.0342924,0.14592201823099998,0.03565638021,0.0,0.565,1.6869736852368435,1.6869737,0.29736840628947503,0.0,0.565,0.0,-0.0,0.0,1
2012-07-14 22:30:00+00:00,0.03444615,0.146097870177875,0.03581624561625,0.0,0.389,1.4822368431315804,1.4822368,0.20473688523684364,0.0,0.389,0.0,-0.0,0.0,1
2012-07-14 23:00:00+00:00,0.0343785,0.14602049532125,0.035745904837499995,0.0,0.402,1.2706578957631594,1.2706579,0.21157894313158043,0.0,0.402,0.0,-0.0,0.0,1
2012-07-14 23:30:00+00:00,0.03447075,0.14612600648937502,0.03584182408125,0.0,0.446,1.0359210536578962,1.0359211,0.23473679576315942,0.0,0.446,0.0,-0.0,0.0,1
2012-07-15 00:00:00+00:00,0.03451995,0.09668227911237502,0.03589298101125,0.0,0.184,1.0359210536578962,1.0359211,4.634210371001757e-08,0.0,0.0,0.184,0.0,0.008894769678338502,1
2012-07-15 00:30:00+00:00,0.0343785,0.09652049532125001,0.035745904837499995,0.0,0.187,1.0359210536578962,1.0359211,4.634210371001757e-08,0.0,0.0,0.187,0.0,0.009024666312536875,1
2012-07-15 01:00:00+00:00,0.0342555,0.09637981376375002,0.035618012512500005,0.0,0.153,1.0359210536578962,1.0359211,4.634210371001757e-08,0.0,0.0,0.153,0.0,0.007373055752926876,1
2012-07-15 01:30:00+00:00,0.03381885,0.09588039423462501,0.03516399475874999,0.0,0.168,1.1733210546578963,1.1733211,0.13740004634210368,0.28926316,0.0,0.45726316,0.0,0.021921286024885207,1
2012-07-15 02:00:00+00:00,0.03326535,0.095247327225875,0.034588479296249995,0.0,0.158,1.8858210546578962,1.8858211,0.7125000453421038,1.5,0.0,1.658,0.0,0.07896003427025038,1
2012-07-15 02:30:00+00:00,0.0311313,0.09280650220325001,0.032369547457499995,0.0,0.165,2.5983210546578963,2.5983211,0.712500045342104,1.5,0.0,1.665,0.0,0.07726141308420564,1
2012-07-15 03:00:00+00:00,0.03159255,0.093334058043875,0.03284914367625,0.0,0.157,3.3108210546578962,3.3108211,0.7125000453421038,1.5,0.0,1.657,0.0,0.07732726708935043,1
2012-07-15 03:30:00+00:00,0.0308361,0.09246886646525002,0.0320626058775,0.0,0.139,4.023321054657896,4.0233211,0.7125000453421042,1.5,0.0,1.639,0.0,0.07577823606827239,1
2012-07-15 04:00:00+00:00,0.0300612,0.091582572653,0.03125688423,0.0,0.168,4.735821054657896,4.7358211,0.7125000453421038,1.5,0.0,1.668,0.0,0.076379865592602,1
2012-07-15 04:30:00+00:00,0.03046095,0.09203978771487499,0.03167253428625,0.0,0.138,5.448321054657896,5.4483211,0.7125000453421046,1.5,0.0,1.638,0.0,0.07538058613848261,1
2012-07-15 05:00:00+00:00,0.02870205,0.31992804144262504,0.029843674038749997,0.0,0.17,5.35884737044737,5.3588474,0.08947365465789581,0.0,0.17,0.0,-0.0,0.0,1
2012-07-15 05:30:00+00:00,0.03016575,0.32160215197687503,0.03136559270625,0.0,0.141,5.2846368441315805,5.2846368,0.07421057044736923,0.0,0.141,0.0,-0.0,0.0,1
2012-07-15 06:00:00+00:00,0.0262113,0.31707923990325004,0.027253854457499997,0.0,0.173,5.193584212552633,5.1935842,0.09105264413158043,0.0,0.173,0.0,-0.0,0.0,1
2012-07-15 06:30:00+00:00,0.027921,0.3190347135525,0.029031557774999998,0.0,0.142,5.118847370447369,5.1188474,0.07473681255263287,0.0,0.142,0.0,-0.0,0.0,1
2012-07-15 07:00:00+00:00,0.030996,0.32255175249000007,0.0322288659,0.0,0.156,5.0367421072894745,5.0367421,0.0821052704473697,0.0,0.156,0.0,-0.0,0.0,1
2012-07-15 07:30:00+00:00,0.0313773,0.3229878653182501,0.032625332107499995,0.0,0.149,4.958321054657896,4.9583211,0.07842100728947443,0.0,0.149,0.0,-0.0,0.0,1
2012-07-15 08:00:00+00:00,0.03223215,0.323965602142875,0.03351418376625,0.031,0.135,4.903584212552633,4.9035842,0.054736854657895684,0.0,0.104,1.3877787807814457e-17,0.0,2.24796294178483e-18,1
2012-07-15 08:30:00+00:00,0.03445845,0.326511938333625,0.035829034848750003,0.075,0.165,4.856215791500001,4.8562158,0.04736841255263258,0.0,0.09,1.3877787807814457e-17,0.0,2.2656316984561235e-18,1
2012-07-15 09:00:00+00:00,0.03411405,0.326118029972625,0.035470936338749995,0.125,0.132,4.852531580973685,4.8525316,0.0036841915000014325,0.0,0.007,6.071532165918825e-18,0.0,9.900180544324361e-19,1
2012-07-15 09:30:00+00:00,0.0344646,0.3265189724115001,0.03583542946499999,0.175,0.169,4.855381580973685,4.8553816,0.002850019026315209,0.006,0.0,2.7755575615628914e-17,0.0,4.531361014352421e-18,1
2012-07-15 10:00:00+00:00,0.03451995,0.32658227911237503,0.03589298101125,0.225,0.143,4.8943315809736845,4.8943316,0.03895001902631545,0.082,0.0,0.0,2.7755575615628914e-17,-4.98115174264041e-19,1
2012-07-15 10:30:00+00:00,0.0344523,0.32650490425575,0.035822640232499994,0.263,0.512,4.763278949394737,4.7632789,0.13105268097368405,0.0,0.249,0.0,-0.0,0.0,1
2012-07-15 11:00:00+00:00,0.03443385,0.146083802022125,0.03580345638375,0.294,0.582,4.611700002026316,4.6117,0.15157894939473682,0.0,0.288,0.0,-0.0,0.0,1
2012-07-15 11:30:00+00:00,0.03417555,0.145788370751375,0.03553488250125,0.313,0.172,4.678675002026316,4.678675,0.06697499797368422,0.141,0.0,0.0,5.551115123125783e-17,-9.86291118255933e-19,1
2012-07-15 12:00:00+00:00,0.0341202,0.1457250640505,0.035477330955000004,0.331,0.964,4.345517107289474,4.3455171,0.3331579020263158,0.0,0.633,0.0,-0.0,0.0,1
2012-07-15 12:30:00+00:00,0.03394185,0.145521075792125,0.03529188708375,0.338,0.525,4.247096054657895,4.2470961,0.098421007289474,0.0,0.187,0.0,-0.0,0.0,1
2012-07-15 13:00:00+00:00,0.03388035,0.145450735013375,0.03522794092124999,0.338,0.419,4.204464475710527,4.2044645,0.04263155465789481,0.0,0.081,0.0,4.163336342344337e-17,-7.333288335169967e-19,1
2012-07-15 13:30:00+00:00,0.03360975,0.145141235586875,0.03494657780625,0.338,0.192,4.273814475710527,4.2738145,0.06935002428947357,0.146,0.0,0.0,5.551115123125783e-17,-9.69962382808831e-19,1
2012-07-15 14:00:00+00:00,0.0338865,0.14545776909125002,0.0352343355375,0.313,0.159,4.346964475710527,4.3469645,0.07315002428947359,0.154,0.0,0.0,-0.0,0.0,1
2012-07-15 14:30:00+00:00,0.0332961,0.14478249761525003,0.0346204523775,0.3,0.13,4.427714475710527,4.4277145,0.08075002428947364,0.17,0.0,5.551115123125783e-17,0.0,4.018521560379685e-18,1
2012-07-15 15:00:00+00:00,0.0336036,0.145134201509,0.034940183189999995,0.269,0.152,4.483289475710527,4.4832895,0.05557502428947281,0.117,0.0,0.0,-0.0,0.0,1
2012-07-15 15:30:00+00:00,0.0340464,0.14564065511600002,0.03540059556,0.231,0.809,4.179078949394738,4.1790789,0.3042105757105267,0.0,0.578,1.1102230246251565e-16,0.0,8.084680431563741e-18,1
2012-07-15 16:00:00+00:00,0.03431085,0.14594312046462501,0.03567556405875,0.169,0.389,4.063289475710527,4.0632895,0.11578944939473779,0.0,0.22,0.0,-0.0,0.0,1
2012-07-15 16:30:00+00:00,0.0344523,0.14610490425574998,0.035822640232499994,0.006,0.257,3.9311842125526324,3.9311842,0.132105275710527,0.0,0.251,0.0,-0.0,0.0,1
2012-07-15 17:00:00+00:00,0.03677085,0.148756751614625,0.03823341055875,0.0,0.172,3.8406578967631586,3.8406579,0.09052631255263233,0.0,0.172,0.0,-0.0,0.0,1
2012-07-15 17:30:00+00:00,0.04092825,0.153511788258125,0.042556171143749995,0.0,0.185,3.743289475710527,3.7432895,0.09736839676315867,0.0,0.185,0.0,-0.0,0.0,1
2012-07-15 18:00:00+00:00,0.0563094,0.1711040170235,0.058549106385,0.0,0.22,3.6275000020263164,3.6275,0.11578947571052689,0.0,0.22,0.0,-0.0,0.0,1
2012-07-15 18:30:00+00:00,0.05283465,0.167129763024125,0.05493614820374999,0.0,0.258,3.491710528342106,3.4917105,0.13578950202631646,0.0,0.258,0.0,-0.0,0.0,1
2012-07-15 19:00:00+00:00,0.04690605,0.16034891195262502,0.04877173813874999,0.0,0.217,3.3775000020263164,3.3775,0.11421052834210599,0.0,0.217,0.0,-0.0,0.0,1
2012-07-15 19:30:00+00:00,0.0440217,0.15704992942924997,0.04577266311749999,0.0,0.254,3.2438157915000008,3.2438158,0.13368420202631626,0.0,0.254,0.0,-0.0,0.0,1
2012-07-15 20:00:00+00:00,0.04156785,0.154243332357125,0.04322121123375,0.0,0.886,2.7775000020263167,2.7775,0.4663157915000009,0.0,0.886,0.0,-0.0,0.0,1
2012-07-15 20:30:00+00:00,0.0418815,0.15460207032875,0.0435473366625,0.0,1.124,2.1859210546578955,2.1859211,0.5915789020263169,0.0,1.124,0.0,-0.0,0.0,1
2012-07-15 21:00:00+00:00,0.0406146,0.1531530502865,0.042230045715,0.0,0.948,1.686973686236843,1.6869737,0.4989473546578955,0.0,0.948,0.0,-0.0,0.0,1
2012-07-15 21:30:00+00:00,0.03806235,0.150233907968375,0.03957627997125,0.0,0.545,1.400131580973685,1.4001316,0.28684208623684304,0.0,0.545,0.0,-0.0,0.0,1
2012-07-15 22:00:00+00:00,0.0350058,0.1467379712645,0.036398155695,0.0,0.17,1.3106578967631586,1.3106579,0.08947368097368491,0.0,0.17,0.0,-0.0,0.0,1
2012-07-15 22:30:00+00:00,0.0370968,0.14912955774199999,0.038572325219999995,0.0,0.179,1.216447370447369,1.2164474,0.09421049676315851,0.0,0.179,0.0,-0.0,0.0,1
2012-07-15 23:00:00+00:00,0.0357807,0.14762426507675,0.0372038773425,0.0,0.185,1.1190789493947375,1.1190789,0.09736847044736896,0.0,0.185,0.0,-0.0,0.0,1
2012-07-15 23:30:00+00:00,0.0349566,0.14668169864150002,0.036346998765,0.0,0.158,1.0359210546578954,1.0359211,0.08315784939473758,0.0,0.158,0.0,-0.0,0.0,1
2012-07-16 00:00:00+00:00,0.03432315,0.096457188620375,0.035688353291249995,0.0,0.182,1.0359210546578954,1.0359211,4.534210451545562e-08,0.0,0.0,0.182,0.0,0.008777604164454125,1
2012-07-16 00:30:00+00:00,0.03391725,0.09599293948062503,0.03526630861875,0.0,0.096,1.0359210546578954,1.0359211,4.534210451545562e-08,0.0,0.0,0.096,0.0,0.004607661095070001,1
2012-07-16 01:00:00+00:00,0.0343293,0.09646422269825002,0.0356947479075,0.0,0.135,1.0359210546578954,1.0359211,4.534210451545562e-08,0.0,0.0,0.135,0.0,0.006511335032131876,1
2012-07-16 01:30:00+00:00,0.033948,0.09602810987000002,0.035298281699999996,0.0,0.1,1.0359210546578954,1.0359211,4.534210451545562e-08,0.0,0.0,0.1,0.0,0.004801405493500001,1
2012-07-16 02:00:00+00:00,0.03330225,0.09528953169312501,0.034626846993749995,0.0,0.128,1.0359210546578954,1.0359211,4.534210451545562e-08,0.0,0.0,0.128,0.0,0.0060985300283600006,1
2012-07-16 02:30:00+00:00,0.0323613,0.09421331777825001,0.0336484707075,0.0,0.105,1.7484210546578953,1.7484211,0.7125000453421046,1.5,0.0,1.605,0.0,0.07560618751704563,1
2012-07-16 03:00:00+00:00,0.0321276,0.09394602281900001,0.03340547529,0.0,0.117,2.460921054657895,2.4609211,0.7125000453421049,1.5,0.0,1.617,0.0,0.07595535944916151,1
2012-07-16 03:30:00+00:00,0.0312912,0.09298938822800001,0.03253580748,0.0,0.105,3.173421054657895,3.1734211,0.7125000453421051,1.5,0.0,1.605,0.0,0.07462398405297001,1
2012-07-16 04:00:00+00:00,0.03089145,0.09253217316612501,0.03212015742375,0.0,0.1,3.885921054657895,3.8859211,0.7125000453421051,1.5,0.0,1.6,0.0,0.07402573853290001,1
2012-07-16 04:30:00+00:00,0.0330747,0.09502927081175,0.034390246192499994,0.0,0.116,4.598421054657894,4.5984211,0.7125000453421055,1.5,0.0,1.616,0.0,0.076783650815894,1
2012-07-16 05:00:00+00:00,0.034071,0.3260687914275,0.035426174025,0.0,0.101,4.545263159921052,4.5452632,0.053157854657894354,0.0,0.101,0.0,-0.0,0.0,1
2012-07-16 05:30:00+00:00,0.0347721,0.32687067630525,0.0361551602775,0.0,0.123,4.480526317815789,4.4805263,0.0647368599210516,0.0,0.123,0.0,-0.0,0.0,1
2012-07-16 06:00:00+00:00,0.0349935,0.32712390310875006,0.0363853664625,0.0,0.095,4.430526317815789,4.4305263,0.05000001781578867,0.0,0.095,0.0,-0.0,0.0,1
2012-07-16 06:30:00+00:00,0.03774255,0.33026813591887505,0.039243759926249996,0.0,0.124,4.365263159921052,4.3652632,0.06526311781578897,0.0,0.124,0.0,-0.0,0.0,1
2012-07-16 07:00:00+00:00,0.042804,0.33605718201,0.0445065291,0.0,0.086,4.320000002026315,4.32,0.04526315992105179,0.0,0.086,0.0,-0.0,0.0,1
2012-07-16 07:30:00+00:00,0.04277325,0.33602201162062506,0.04447455601874999,0.0,0.114,4.260000002026316,4.26,0.06000000202631561,0.0,0.114,0.0,-0.0,0.0,1
2012-07-16 08:00:00+00:00,0.04704135,0.34090366166587505,0.04891241969625,0.031,0.097,4.225263159921052,4.2252632,0.03473680202631613,0.0,0.066,0.0,-0.0,0.0,1
2012-07-16 08:30:00+00:00,0.0483267,0.34237378394175005,0.0502488944925,0.075,0.099,4.212631580973684,4.2126316,0.012631559921052471,0.0,0.024,6.938893903907228e-18,0.0,1.18784768112553e-18,1
2012-07-16 09:00:00+00:00,0.04705365,0.34091772982162505,0.04892520892875,0.125,0.108,4.220706580973684,4.2207066,0.008075019026315466,0.017,0.0,0.0,-0.0,0.0,1
2012-07-16 09:30:00+00:00,0.0467646,0.3405871281615,0.048624661964999996,0.181,0.118,4.2506315809736845,4.2506316,0.029925019026316058,0.063,0.0,0.0,-0.0,0.0,1
2012-07-16 10:00:00+00:00,0.04634025,0.34010177678812503,0.04818343344374999,0.225,0.196,4.264406580973684,4.2644066,0.013775019026315505,0.029,0.0,0.0,-0.0,0.0,1
2012-07-16 10:30:00+00:00,0.0456576,0.3393209941440001,0.04747363104,0.256,1.046,3.8486171072894737,3.8486171,0.4157894809736846,0.0,0.79,0.0,-0.0,0.0,1
2012-07-16 11:00:00+00:00,0.0416601,0.15434884352525,0.04331713047749999,0.288,0.185,3.897542107289474,3.8975421,0.048924992710526194,0.103,0.0,0.0,-0.0,0.0,1
2012-07-16 11:30:00+00:00,0.04076835,0.153328902233375,0.04238991112125,0.313,0.132,3.9835171072894737,3.9835171,0.085974992710526,0.181,0.0,0.0,-0.0,0.0,1
2012-07-16 12:00:00+00:00,0.03978435,0.152203449773375,0.041366772521250005,0.319,0.147,4.065217107289474,4.0652171,0.08169999271052619,0.172,0.0,0.0,5.551115123125783e-17,-1.1481585826880748e-18,1
2012-07-16 12:30:00+00:00,0.03605745,0.147940798581125,0.037491635073749995,0.331,0.129,4.161167107289474,4.1611671,0.09594999271052629,0.202,0.0,0.0,-0.0,0.0,1
2012-07-16 13:00:00+00:00,0.0344892,0.14614710872300002,0.035861007929999994,0.331,0.14,4.251892107289474,4.2518921,0.09072499271052603,0.191,0.0,0.0,-0.0,0.0,1
2012-07-16 13:30:00+00:00,0.0347721,0.14647067630525,0.0361551602775,0.319,0.152,4.331217107289474,4.3312171,0.07932499271052595,0.167,0.0,0.0,-0.0,0.0,1
2012-07-16 14:00:00+00:00,0.0346245,0.14630185843625002,0.0360016894875,0.306,0.232,4.366367107289474,4.3663671,0.03514999271052588,0.074,0.0,0.0,-0.0,0.0,1
2012-07-16 14:30:00+00:00,0.0342555,0.14587981376375,0.035618012512500005,0.288,0.267,4.3763421072894735,4.3763421,0.009974992710525932,0.021,0.0,5.551115123125783e-17,0.0,4.048978201713627e-18,1
2012-07-16 15:00:00+00:00,0.034194,0.14580947298500002,0.03555406635,0.256,0.183,4.4110171072894735,4.4110171,0.0346749927105261,0.073,0.0,0.0,-0.0,0.0,1
2012-07-16 15:30:00+00:00,0.0340587,0.14565472327175,0.035413384792499995,0.219,0.199,4.420517107289474,4.4205171,0.00949999271052615,0.02,0.0,0.0,-0.0,0.0,1
2012-07-16 16:00:00+00:00,0.034686,0.146372199215,0.03606563565,0.163,0.192,4.405253949394737,4.4052539,0.015263207289473613,0.0,0.029,0.0,3.469446951953614e-18,-6.256390483808105e-20,1
2012-07-16 16:30:00+00:00,0.0368262,0.14882005831550002,0.038290962105000007,0.006,0.154,4.327359212552632,4.3273592,0.07789474939473706,0.0,0.148,0.0,-0.0,0.0,1
2012-07-16 17:00:00+00:00,0.0376257,0.14973448843925,0.039122262217499995,0.0,0.171,4.237359212552632,4.2373592,0.09000001255263168,0.0,0.171,0.0,-0.0,0.0,1
2012-07-16 17:30:00+00:00,0.0412665,0.15389866254125,0.042907875037499994,0.0,0.16,4.153148686236842,4.1531487,0.08421051255263201,0.0,0.16,0.0,-0.0,0.0,1
2012-07-16 18:00:00+00:00,0.0482898,0.16193157947450001,0.050210526795,0.0,0.161,4.068411844131579,4.0684118,0.0847368862368425,0.0,0.161,0.0,-0.0,0.0,1
2012-07-16 18:30:00+00:00,0.04855425,0.162234044823125,0.050485495293749995,0.0,0.162,3.9831486862368424,3.9831487,0.08526314413157898,0.0,0.162,0.0,-0.0,0.0,1
2012-07-16 19:00:00+00:00,0.047355,0.1608623996375,0.049238545125,0.0,0.154,3.902096054657895,3.9020961,0.0810525862368423,0.0,0.154,0.0,-0.0,0.0,1
2012-07-16 19:30:00+00:00,0.0408114,0.1533781407785,0.042434673434999994,0.0,0.166,3.8147276336052633,3.8147276,0.087368454657895,0.0,0.166,0.0,-0.0,0.0,1
2012-07-16 20:00:00+00:00,0.0407376,0.153293731844,0.042357938039999994,0.0,0.146,3.7378855283421055,3.7378855,0.07684213360526337,0.0,0.146,0.0,-0.0,0.0,1
2012-07-16 20:30:00+00:00,0.0414387,0.15409561672175,0.043086924292499995,0.0,1.331,3.037359212552632,3.0373592,0.7005263283421055,0.0,1.331,0.0,-0.0,0.0,1
2012-07-16 21:00:00+00:00,0.0408114,0.1533781407785,0.042434673434999994,0.0,1.738,2.2478855283421053,2.2478855,0.7894737125526317,0.0,1.5,0.238,0.0,0.0182519987526415,1
2012-07-16 21:30:00+00:00,0.0380439,0.15021280573475002,0.039557096122499996,0.0,1.096,1.6710434230789475,1.6710434,0.5768421283421052,0.0,1.096,0.0,-0.0,0.0,1
2012-07-16 22:00:00+00:00,0.03562695,0.147448413129875,0.03704401193624999,0.0,0.161,1.5863065809736843,1.5863066,0.08473682307894759,0.0,0.161,0.0,-0.0,0.0,1
2012-07-16 22:30:00+00:00,0.0438864,0.156895179716,0.04563198156,0.0,0.174,1.4947276336052633,1.4947276,0.09157898097368422,0.0,0.174,0.0,-0.0,0.0,1
2012-07-16 23:00:00+00:00,0.0363465,0.14827140024125,0.0377921820375,0.0,0.141,1.4205171072894738,1.4205171,0.0742105336052632,0.0,0.141,0.0,-0.0,0.0,1
2012-07-16 23:30:00+00:00,0.0352641,0.14703340253525,0.036666729577499994,0.0,0.162,1.3352539493947368,1.3352539,0.08526320728947367,0.0,0.162,0.0,-0.0,0.0,1
2012-07-17 00:00:00+00:00,0.0357192,0.098053924298,0.037139931179999995,0.0,0.142,1.3352539493947368,1.3352539,4.9394736745256296e-08,0.0,0.0,0.142,0.0,0.006961828625158,1
2012-07-17 00:30:00+00:00,0.03433545,0.096471256776125,0.03570114252375,0.0,0.162,1.3352539493947368,1.3352539,4.9394736745256296e-08,0.0,0.0,0.162,0.0,0.007814171798866126,1
2012-07-17 01:00:00+00:00,0.03436005,0.09649939308762502,0.03572672098875,0.0,0.152,1.3352539493947368,1.3352539,4.9394736745256296e-08,0.0,0.0,0.152,0.0,0.007333953874659502,1
2012-07-17 01:30:00+00:00,0.0342801,0.09640795007524999,0.03564359097749999,0.0,0.151,1.3352539493947368,1.3352539,4.9394736745256296e-08,0.0,0.0,0.151,0.0,0.007278800230681374,1
2012-07-17 02:00:00+00:00,0.03406485,0.09616175734962502,0.03541977940875,0.0,0.159,1.3352539493947368,1.3352539,4.9394736745256296e-08,0.0,0.0,0.159,0.0,0.00764485970929519,1
2012-07-17 02:30:00+00:00,0.03343755,0.09544428140637501,0.03476752855125,0.0,0.129,1.3352539493947368,1.3352539,4.9394736745256296e-08,0.0,0.0,0.129,0.0,0.006156156150711189,1
2012-07-17 03:00:00+00:00,0.0328779,0.09480418031975,0.0341856184725,0.0,0.167,1.3352539493947368,1.3352539,4.9394736745256296e-08,0.0,0.0,0.167,0.0,0.007916149056699125,1
2012-07-17 03:30:00+00:00,0.03204765,0.093854579806625,0.03332234527874999,0.006,0.129,1.7818421046447368,1.7818421,0.6025328506052632,0.94018559,0.0,1.06318559,0.0,0.049892418402954344,1
2012-07-17 04:00:00+00:00,0.0319431,0.09373500048275,0.0332136368025,0.0,0.168,2.494342104644737,2.4943421,0.7124999953552631,1.5,0.0,1.668,0.0,0.0781749904026135,1
2012-07-17 04:30:00+00:00,0.0319062,0.09369279601550001,0.033175269105,0.0,0.088,3.206842104644737,3.2068421,0.7124999953552629,1.5,0.0,1.588,0.0,0.07439208003630701,1
2012-07-17 05:00:00+00:00,0.03293325,0.324767487020625,0.03424317001874999,0.0,0.119,3.1442105256973685,3.1442105,0.06263160464473705,0.0,0.119,0.0,-0.0,0.0,1
2012-07-17 05:30:00+00:00,0.0340095,0.32599845064875,0.0353622278625,0.0,0.093,3.0952631572763156,3.0952632,0.04894732569736826,0.0,0.093,0.0,-0.0,0.0,1
2012-07-17 06:00:00+00:00,0.03223215,0.323965602142875,0.03351418376625,0.0,0.103,3.041052630960526,3.0410526,0.05421055727631563,0.0,0.103,0.0,-0.0,0.0,1
2012-07-17 06:30:00+00:00,0.03589755,0.32815791255637505,0.03732537505125,0.0,0.101,2.987894736223684,2.9878947,0.05315793096052612,0.0,0.101,0.0,-0.0,0.0,1
2012-07-17 07:00:00+00:00,0.041574,0.33465036643500007,0.043227605849999996,0.0,0.096,2.9373684204342103,2.9373684,0.050526336223684076,0.0,0.096,0.0,-0.0,0.0,1
2012-07-17 07:30:00+00:00,0.04426155,0.337724258466375,0.04602205315124999,0.0,0.174,2.845789473065789,2.8457895,0.09157892043421034,0.0,0.174,0.0,-0.0,0.0,1
2012-07-17 08:00:00+00:00,0.0523365,0.34696000271625005,0.0544181842875,0.025,0.411,2.642631578328947,2.6426316,0.20315787306578903,0.0,0.386,0.0,5.551115123125783e-17,-1.5104080288569354e-18,1
2012-07-17 08:30:00+00:00,0.05092815,0.345349198882875,0.05295381716624999,0.081,0.831,2.247894736223684,2.2478947,0.3947368783289473,0.0,0.75,0.0,-0.0,0.0,1
2012-07-17 09:00:00+00:00,0.04312995,0.336429988137375,0.04484544376125,0.125,1.396,1.5789473678026313,1.5789474,0.668947336223684,0.0,1.271,0.0,-0.0,0.0,1
2012-07-17 09:30:00+00:00,0.0414387,0.33449561672175004,0.043086924292499995,0.181,1.276,1.002631578328947,1.0026316,0.5763157678026314,0.0,1.095,0.0,-0.0,0.0,1
2012-07-17 10:00:00+00:00,0.04076835,0.33372890223337504,0.04238991112125,0.225,0.23,1.0000000000131575,1.0,0.002631578328947004,0.0,0.0049999988,1.2000000047460158e-09,0.0,2.0023734213196633e-10,1
2012-07-17 10:30:00+00:00,0.04025175,0.333138039691875,0.041852763356249996,0.256,0.118,1.0655500000131575,1.06555,0.06554999998684252,0.138,0.0,0.0,-0.0,0.0,1
2012-07-17 11:00:00+00:00,0.03562695,0.147448413129875,0.03704401193624999,0.294,0.083,1.1657750000131575,1.165775,0.10022499998684253,0.211,0.0,0.0,-0.0,0.0,1
2012-07-17 11:30:00+00:00,0.03449535,0.146154142800875,0.03586740254625,0.306,0.117,1.2555500000131574,1.25555,0.08977499998684246,0.189,0.0,0.0,-0.0,0.0,1
2012-07-17 12:00:00+00:00,0.0344769,0.14613304056725002,0.035848218697499996,0.325,0.157,1.3353500000131575,1.33535,0.07979999998684262,0.168,0.0,0.0,-0.0,0.0,1
2012-07-17 12:30:00+00:00,0.03442155,0.146069733866375,0.035790667151250004,0.338,0.119,1.4393750000131575,1.439375,0.10402499998684256,0.219,0.0,0.0,5.551115123125783e-17,-9.933905684503254e-19,1
2012-07-17 13:00:00+00:00,0.0336651,0.14520454228775,0.035004129352499996,0.331,0.134,1.5329500000131575,1.53295,0.09357499998684249,0.197,0.0,0.0,-0.0,0.0,1
2012-07-17 13:30:00+00:00,0.03364665,0.14518344005412498,0.034984945503749997,0.331,0.114,1.6360250000131575,1.636025,0.10307499998684255,0.217,0.0,0.0,-0.0,0.0,1
2012-07-17 14:00:00+00:00,0.03343755,0.144944281406375,0.03476752855125,0.313,0.098,1.7381500000131576,1.73815,0.10212499998684255,0.215,0.0,0.0,-0.0,0.0,1
2012-07-17 14:30:00+00:00,0.0330501,0.14450113450025,0.0343646677275,0.294,0.119,1.8212750000131575,1.821275,0.08312499998684242,0.175,0.0,0.0,-0.0,0.0,1
2012-07-17 15:00:00+00:00,0.03287175,0.144297146241875,0.034179223856249996,0.263,0.092,1.9025000000131576,1.9025,0.08122499998684263,0.171,0.0,0.0,-0.0,0.0,1
2012-07-17 15:30:00+00:00,0.0331485,0.14461367974624997,0.034466981587499994,0.225,0.127,1.9490500000131576,1.94905,0.046549999986842394,0.098,0.0,0.0,-0.0,0.0,1
2012-07-17 16:00:00+00:00,0.03376965,0.145324121611625,0.03511283782875,0.169,0.092,1.9856250000131577,1.985625,0.03657499998684233,0.077,0.0,0.0,2.7755575615628914e-17,-4.87288512717593e-19,1
2012-07-17 16:30:00+00:00,0.0342678,0.1458938819195,0.035630801744999996,0.0,0.13,1.9172039473815787,1.9172039,0.0684211000131576,0.0,0.13,0.0,-0.0,0.0,1
2012-07-17 17:00:00+00:00,0.03568845,0.14751875390862498,0.03710795809874999,0.0,0.092,1.8687828947499998,1.8687829,0.04842104738157871,0.0,0.092,0.0,-0.0,0.0,1
2012-07-17 17:30:00+00:00,0.0417093,0.15440511614825,0.04336828740749999,0.0,0.118,1.8066776315921051,1.8066776,0.06210529474999982,0.0,0.118,0.0,-0.0,0.0,1
2012-07-17 18:00:00+00:00,0.0576747,0.17266558231174997,0.059968711192499996,0.0,0.096,1.7561513158026314,1.7561513,0.05052633159210518,0.0,0.096,0.0,-0.0,0.0,1
2012-07-17 18:30:00+00:00,0.0560142,0.1707663812855,0.058242164804999996,0.0,0.107,1.699835526328947,1.6998355,0.05631581580263134,0.0,0.107,0.0,-0.0,0.0,1
2012-07-17 19:00:00+00:00,0.04940295,0.16320474756987502,0.051367952336249995,0.0,0.101,1.646677631592105,1.6466776,0.053157926328947,0.0,0.101,0.0,-0.0,0.0,1
2012-07-17 19:30:00+00:00,0.0443907,0.15747197410174998,0.04615634009249999,0.0,0.098,1.595098684223684,1.5950987,0.051578931592104915,0.0,0.098,0.0,-0.0,0.0,1
2012-07-17 20:00:00+00:00,0.0453747,0.15859742656175,0.04717947869249999,0.006,0.104,1.543519736855263,1.5435197,0.05157898422368401,0.0,0.098,0.0,1.3877787807814457e-17,-3.2737339708890917e-19,1
2012-07-17 20:30:00+00:00,0.04322835,0.156142533383375,0.044947757621249994,0.0,0.091,1.4956250000131577,1.495625,0.04789473685526291,0.0,0.091,0.0,-0.0,0.0,1
2012-07-17 21:00:00+00:00,0.04156785,0.154243332357125,0.04322121123375,0.0,0.111,1.4372039473815788,1.4372039,0.05842110001315759,0.0,0.111,0.0,-0.0,0.0,1
2012-07-17 21:30:00+00:00,0.03694305,0.148953705795125,0.038412459813749994,0.0,0.087,1.3914144736973681,1.3914145,0.04578944738157875,0.0,0.087,0.0,-0.0,0.0,1
2012-07-17 22:00:00+00:00,0.03463065,0.146308892514125,0.03600808410375,0.0,0.126,1.325098684223684,1.3250987,0.06631577369736807,0.0,0.126,0.0,-0.0,0.0,1
2012-07-17 22:30:00+00:00,0.03715215,0.149192864442875,0.03862987676625,0.0,0.082,1.281940789486842,1.2819408,0.04315788422368394,0.0,0.082,0.0,-0.0,0.0,1
2012-07-17 23:00:00+00:00,0.0346614,0.14634406290350002,0.036040057185,0.0,0.112,1.2229934210657893,1.2229934,0.05894738948684197,0.0,0.112,0.0,-0.0,0.0,1
2012-07-17 23:30:00+00:00,0.03543015,0.14722332263787502,0.03683938421625,0.0,0.083,1.1793092105394736,1.1793092,0.043684221065789286,0.0,0.083,0.0,-0.0,0.0,1
2012-07-18 00:00:00+00:00,0.03347445,0.09548648587362503,0.03480589624875,0.0,0.107,1.1793092105394736,1.1793092,1.0539473516146813e-08,0.0,0.0,0.107,0.0,0.005108526994238939,1
2012-07-18 00:30:00+00:00,0.0337143,0.09576081491075002,0.0350552862825,0.0,0.093,1.1793092105394736,1.1793092,1.0539473516146813e-08,0.0,0.0,0.093,0.0,0.004452877893349876,1
2012-07-18 01:00:00+00:00,0.03404025,0.096133621038125,0.035394200943749995,0.0,0.101,1.1793092105394736,1.1793092,1.0539473516146813e-08,0.0,0.0,0.101,0.0,0.004854747862425313,1
2012-07-18 01:30:00+00:00,0.0332469,0.09522622499225,0.0345692954475,0.0,0.097,1.1793092105394736,1.1793092,1.0539473516146813e-08,0.0,0.0,0.097,0.0,0.004618471912124125,1
2012-07-18 02:00:00+00:00,0.0324351,0.09429772671275001,0.0337252061025,0.0,0.1,1.1793092105394736,1.1793092,1.0539473516146813e-08,0.0,0.0,0.1,0.0,0.004714886335637501,1
2012-07-18 02:30:00+00:00,0.03215835,0.09398119320837502,0.03343744837125,0.0,0.098,1.1793092105394736,1.1793092,1.0539473516146813e-08,0.0,0.0,0.098,0.0,0.004605078467210376,1
2012-07-18 03:00:00+00:00,0.0310944,0.09276429773600002,0.03233117976,0.0,0.084,1.1793092105394736,1.1793092,1.0539473516146813e-08,0.0,0.0,0.084,0.0,0.003896100504912001,1
2012-07-18 03:30:00+00:00,0.0311559,0.09283463851475002,0.0323951259225,0.0,0.102,1.1793092105394736,1.1793092,1.0539473516146813e-08,0.0,0.0,0.102,0.0,0.004734566564252251,1
2012-07-18 04:00:00+00:00,0.0305901,0.09218750335025,0.0318068212275,0.0,0.09,1.8918092105394735,1.8918092,0.7124999894605264,1.5,0.0,1.59,0.0,0.07328906516344875,1
2012-07-18 04:30:00+00:00,0.03075,0.092370389375,0.03197308124999999,0.0,0.114,2.6043092105394736,2.6043092,0.06736188946052657,1.5,0.0,1.614,0.0,0.07454290422562501,1
2012-07-18 05:00:00+00:00,0.0313896,0.323001933474,0.03263812133999999,0.0,0.088,2.5579934210657895,2.5579934,0.046315810539473645,0.0,0.088,0.0,-0.0,0.0,1
2012-07-18 05:30:00+00:00,0.03364665,0.325583440054125,0.034984945503749997,0.0,0.102,2.5043092105394735,2.5043092,0.05368422106578974,0.0,0.102,0.0,-0.0,0.0,1
2012-07-18 06:00:00+00:00,0.03060855,0.32210860558387505,0.031826005076250004,0.0,0.083,2.4606250000131578,2.460625,0.04368421053947369,0.0,0.083,0.0,-0.0,0.0,1
2012-07-18 06:30:00+00:00,0.0343539,0.32639235900975005,0.03572032637249999,0.0,0.092,2.412203947381579,2.4122039,0.04842110001315758,0.0,0.092,0.0,-0.0,0.0,1
2012-07-18 07:00:00+00:00,0.0379947,0.33055653311175004,0.03950593919249999,0.0,0.098,2.3606250000131577,2.360625,0.051578947381578644,0.0,0.098,0.0,-0.0,0.0,1
2012-07-18 07:30:00+00:00,0.0374289,0.32990939794725005,0.0389176344975,0.0,0.082,2.3174671052763154,2.3174671,0.04315790001315767,0.0,0.082,0.0,-0.0,0.0,1
2012-07-18 08:00:00+00:00,0.04058385,0.333517879897125,0.04219807263374999,0.013,0.101,2.2711513158026313,2.2711513,0.04631580527631529,0.0,0.088,1.3877787807814457e-17,0.0,2.314245183662224e-18,1
2012-07-18 08:30:00+00:00,0.04054695,0.333475675429875,0.04215970493624999,0.056,0.09,2.253256578960526,2.2532566,0.017894715802631467,0.0,0.034,0.0,6.938893903907228e-18,-1.4627085978633628e-19,1
2012-07-18 09:00:00+00:00,0.0392001,0.33193521237525003,0.0407592839775,0.125,0.111,2.259906578960526,2.2599066,0.0066500210394737636,0.014,0.0,0.0,-0.0,0.0,1
2012-07-18 09:30:00+00:00,0.0391755,0.33190707606375003,0.0407337055125,0.075,0.091,2.2514855263289473,2.2514855,0.008421078960526351,0.0,0.016,0.0,-0.0,0.0,1
2012-07-18 10:00:00+00:00,0.03686925,0.329269296860625,0.038335724418749995,0.088,0.099,2.2456960526447367,2.2456961,0.0057894263289473,0.0,0.011,1.0408340855860843e-17,0.0,1.7135735375475078e-18,1
2012-07-18 10:30:00+00:00,0.034563,0.32663151765750004,0.035937743325,0.2,0.142,2.273246052644737,2.2732461,0.02755004735526345,0.058,0.0,0.0,2.7755575615628914e-17,-4.987363761560504e-19,1
2012-07-18 11:00:00+00:00,0.0347598,0.14645660814949998,0.036142371044999996,0.169,0.119,2.296996052644737,2.2969961,0.023750047355262982,0.05,0.0,0.0,2.7755575615628914e-17,-5.015761562338072e-19,1
2012-07-18 11:30:00+00:00,0.03437235,0.146013461243375,0.03573951022125,0.263,0.126,2.3620710526447373,2.3620711,0.06507504735526304,0.137,0.0,0.0,-0.0,0.0,1
2012-07-18 12:00:00+00:00,0.03381885,0.145380394234625,0.03516399475874999,0.206,0.101,2.4119460526447374,2.4119461,0.049875047355262936,0.105,0.0,2.7755575615628914e-17,0.0,2.017558262604538e-18,1
2012-07-18 12:30:00+00:00,0.03284715,0.144269009930375,0.03415364539125,0.275,0.113,2.4888960526447375,2.4888961,0.07695004735526245,0.162,0.0,0.0,-0.0,0.0,1
2012-07-18 13:00:00+00:00,0.03164175,0.142890330666875,0.03290030060625,0.331,0.1,2.5986210526447375,2.5986211,0.10972504735526245,0.231,0.0,0.0,-0.0,0.0,1
2012-07-18 13:30:00+00:00,0.0330132,0.144458930033,0.03432630003,0.188,0.103,2.6389960526447376,2.6389961,0.04037504735526243,0.085,0.0,0.0,-0.0,0.0,1
2012-07-18 14:00:00+00:00,0.0318078,0.14308025076949998,0.033072955244999994,0.194,0.106,2.6807960526447374,2.6807961,0.041800047355262215,0.088,0.0,0.0,-0.0,0.0,1
2012-07-18 14:30:00+00:00,0.03156795,0.142805921732375,0.032823565211249996,0.263,0.099,2.7586960526447375,2.7586961,0.07790004735526246,0.164,0.0,0.0,-0.0,0.0,1
2012-07-18 15:00:00+00:00,0.0314757,0.14270041056425,0.0327276459675,0.125,0.114,2.7639210526447373,2.7639211,0.005225047355262635,0.011,0.0,0.0,-0.0,0.0,1
2012-07-18 15:30:00+00:00,0.03220755,0.143537465831375,0.033488605301249995,0.025,0.092,2.7286578947500004,2.7286579,0.03526315264473734,0.0,0.067,0.0,-0.0,0.0,1
2012-07-18 16:00:00+00:00,0.0330009,0.14444486187724997,0.034313510797499995,0.119,0.123,2.7265526315921056,2.7265526,0.0021052947500002084,0.0,0.004,3.469446951953614e-18,0.0,2.5057189288269287e-19,1
2012-07-18 16:30:00+00:00,0.03485205,0.146562119317625,0.036238290288749996,0.006,0.089,2.68286842106579,2.6828684,0.04368423159210577,0.0,0.083,0.0,1.3877787807814457e-17,-2.5145365157262786e-19,1
2012-07-18 17:00:00+00:00,0.03492585,0.14664652825212499,0.036315025683749995,0.0,0.124,2.617605263171053,2.6176053,0.06526312106578969,0.0,0.124,0.0,-0.0,0.0,1
2012-07-18 17:30:00+00:00,0.0414879,0.15415188934475,0.04313808122249999,0.0,0.258,2.4818157894868427,2.4818158,0.135789463171053,0.0,0.258,0.0,-0.0,0.0,1
2012-07-18 18:00:00+00:00,0.04959975,0.163429838061875,0.05157258005625,0.0,0.139,2.4086578947500006,2.4086579,0.07315788948684254,0.0,0.139,0.0,-0.0,0.0,1
2012-07-18 18:30:00+00:00,0.05277315,0.167059422245375,0.05487220204124999,0.0,0.086,2.363394736855264,2.3633947,0.0452631947500004,0.0,0.086,0.0,-0.0,0.0,1
2012-07-18 19:00:00+00:00,0.04889865,0.162627953184125,0.050843593803750003,0.0,0.125,2.2976052631710533,2.2976053,0.06578943685526406,0.0,0.125,0.0,-0.0,0.0,1
2012-07-18 19:30:00+00:00,0.0419922,0.1547286837305,0.043662439755,0.0,0.088,2.251289473697369,2.2512895,0.04631576317105335,0.0,0.088,0.0,-0.0,0.0,1
2012-07-18 20:00:00+00:00,0.03984585,0.152273790552125,0.04143071868375,0.0,0.109,2.1939210526447375,2.1939211,0.05736837369736936,0.0,0.109,0.0,-0.0,0.0,1
2012-07-18 20:30:00+00:00,0.039729,0.15214014307249998,0.041309220975,0.0,0.094,2.144447368434211,2.1444474,0.04947365264473769,0.0,0.094,0.0,-0.0,0.0,1
2012-07-18 21:00:00+00:00,0.03919395,0.151528178297375,0.040752889361249996,0.0,0.102,2.090763157907895,2.0907632,0.05368416843421109,0.0,0.102,0.0,-0.0,0.0,1
2012-07-18 21:30:00+00:00,0.0363342,0.1482573320855,0.03777939280499999,0.0,0.101,2.037605263171053,2.0376053,0.05315785790789507,0.0,0.101,0.0,-0.0,0.0,1
2012-07-18 22:00:00+00:00,0.03428625,0.145914984153125,0.035649985593749996,0.0,0.091,1.9897105263289478,1.9897105,0.04789476317105312,0.0,0.091,0.0,-0.0,0.0,1
2012-07-18 22:30:00+00:00,0.0449073,0.15806283664325002,0.0466934878575,0.0,0.117,1.928131578960527,1.9281316,0.0615789263289479,0.0,0.117,0.0,-0.0,0.0,1
2012-07-18 23:00:00+00:00,0.03631575,0.148236229851875,0.03776020895625,0.0,0.085,1.8833947368552637,1.8833947,0.044736878960526916,0.0,0.085,0.0,-0.0,0.0,1
2012-07-18 23:30:00+00:00,0.03770565,0.149825931451625,0.03920539222875,0.0,0.112,1.824447368434211,1.8244474,0.058947336855263766,0.0,0.112,0.0,-0.0,0.0,1
2012-07-19 00:00:00+00:00,0.03556545,0.09787807235112501,0.03698006577375,0.0,0.081,1.824447368434211,1.8244474,3.156578887164585e-08,0.0,0.0,0.081,0.0,0.003964061930220563,1
2012-07-19 00:30:00+00:00,0.0338127,0.09587336015675002,0.0351576001425,0.0,0.114,1.824447368434211,1.8244474,3.156578887164585e-08,0.0,0.0,0.114,0.0,0.005464781528934751,1
2012-07-19 01:00:00+00:00,0.0328164,0.09473383954100002,0.03412167231,0.0,0.094,1.824447368434211,1.8244474,3.156578887164585e-08,0.0,0.0,0.094,0.0,0.004452490458427001,1
2012-07-19 01:30:00+00:00,0.0342186,0.09633760929650001,0.035579644815000006,0.006,0.109,1.824447368434211,1.8244474,3.156578887164585e-08,0.0,0.0,0.103,0.0,0.0049613868787697505,1
2012-07-19 02:00:00+00:00,0.0335421,0.09556386073025,0.03487623702749999,0.0,0.086,1.824447368434211,1.8244474,3.156578887164585e-08,0.0,0.0,0.086,0.0,0.00410924601140075,1
2012-07-19 02:30:00+00:00,0.03338835,0.09538800878337499,0.03471637162124999,0.0,0.097,1.824447368434211,1.8244474,3.156578887164585e-08,0.0,0.0,0.097,0.0,0.004626318425993687,1
2012-07-19 03:00:00+00:00,0.032103,0.0939178865075,0.033379896825,0.0,0.093,1.824447368434211,1.8244474,3.156578887164585e-08,0.0,0.0,0.093,0.0,0.00436718172259875,1
2012-07-19 03:30:00+00:00,0.03182625,0.093601353003125,0.03309213909375,0.0,0.089,2.317890810934211,2.3178908,0.49344343156578874,1.0388283,0.0,1.1278283,0.0,0.052783127417607184,1
2012-07-19 04:00:00+00:00,0.0319185,0.09370686417125001,0.0331880583375,0.0,0.101,2.317890810934211,2.3178908,1.0934211314150843e-08,0.0,0.0,0.101,0.0,0.004732196640648126,1
2012-07-19 04:30:00+00:00,0.03321615,0.09519105460287501,0.03453732236625,0.0,0.084,2.317890810934211,2.3178908,1.0934211314150843e-08,0.0,0.0,0.084,0.0,0.003998024293320751,1
2012-07-19 05:00:00+00:00,0.0334068,0.32530911101700005,0.03473555546999999,0.0,0.113,2.258417126723685,2.2584171,0.059473710934211166,0.0,0.113,0.0,-0.0,0.0,1
2012-07-19 05:30:00+00:00,0.0367647,0.32914971753675004,0.0382270159425,0.0,0.087,2.2126276530394744,2.2126277,0.04578942672368491,0.0,0.087,0.0,-0.0,0.0,1
2012-07-19 06:00:00+00:00,0.0343908,0.326434563477,0.03575869406999999,0.0,0.101,2.1594697583026323,2.1594698,0.05315785303947429,0.0,0.101,0.0,-0.0,0.0,1
2012-07-19 06:30:00+00:00,0.0408852,0.333862549713,0.04251140882999999,0.0,0.083,2.1157855477763166,2.1157855,0.04368425830263245,0.0,0.083,0.0,-0.0,0.0,1
2012-07-19 07:00:00+00:00,0.04289625,0.336162693178125,0.04460244834374999,0.0,0.096,2.065259231986843,2.0652592,0.050526347776316705,0.0,0.096,0.0,-0.0,0.0,1
2012-07-19 07:30:00+00:00,0.04001805,0.332870744732625,0.04160976793874999,0.0,0.088,2.0189434425131587,2.0189434,0.04631583198684286,0.0,0.088,0.0,-0.0,0.0,1
2012-07-19 08:00:00+00:00,0.0460635,0.33978524328375,0.047895675712499995,0.031,0.087,1.9894697583026324,1.9894698,0.02947364251315876,0.0,0.056,0.0,6.938893903907228e-18,-1.6617150611249186e-19,1
2012-07-19 08:30:00+00:00,0.0430254,0.33631040881350005,0.044736735284999996,0.031,0.127,1.9389434425131586,1.9389434,0.0505263583026323,0.0,0.096,0.0,-0.0,0.0,1
2012-07-19 09:00:00+00:00,0.0413157,0.33435493516425,0.0429590319675,0.125,0.14,1.9310487056710535,1.9310487,0.007894742513158581,0.0,0.015,1.3877787807814457e-17,0.0,2.320053421352511e-18,1
2012-07-19 09:30:00+00:00,0.04081755,0.33378517485637504,0.04244106805125,0.181,0.121,1.9595487056710534,1.9595487,0.028499994328946565,0.06,0.0,0.0,-0.0,0.0,1
2012-07-19 10:00:00+00:00,0.0396921,0.33249793860525007,0.0412708532775,0.225,0.118,2.0103737056710536,2.0103737,0.050824994328946715,0.107,0.0,0.0,2.7755575615628914e-17,-5.727481444325888e-19,1
2012-07-19 10:30:00+00:00,0.0357684,0.32801019692100003,0.03719108811,0.256,0.13,2.0702237056710535,2.0702237,0.059849994328946554,0.126,0.0,0.0,-0.0,0.0,1
2012-07-19 11:00:00+00:00,0.0346737,0.14635813105925,0.0360528464175,0.294,0.082,2.1709237056710533,2.1709237,0.10069999432894639,0.212,0.0,0.0,-0.0,0.0,1
2012-07-19 11:30:00+00:00,0.03440925,0.146055665710625,0.03577787791875,0.313,0.12,2.2625987056710533,2.2625987,0.09167499432894655,0.193,0.0,0.0,-0.0,0.0,1
2012-07-19 12:00:00+00:00,0.03410175,0.14570396181687498,0.03545814710625,0.306,0.079,2.3704237056710533,2.3704237,0.10782499432894666,0.227,0.0,0.0,-0.0,0.0,1
2012-07-19 12:30:00+00:00,0.03368355,0.145225644521375,0.03502331320125,0.219,0.124,2.4155487056710534,2.4155487,0.04512499432894668,0.095,0.0,0.0,-0.0,0.0,1
2012-07-19 13:00:00+00:00,0.0344031,0.14604863163275,0.0357714833025,0.181,0.085,2.4611487056710533,2.4611487,0.04559999432894646,0.096,0.0,0.0,-0.0,0.0,1
2012-07-19 13:30:00+00:00,0.03445845,0.146111938333625,0.035829034848750003,0.294,0.115,2.546173705671053,2.5461737,0.08502499432894695,0.179,0.0,0.0,-0.0,0.0,1
2012-07-19 14:00:00+00:00,0.03415095,0.145760234439875,0.035509304036249995,0.263,0.081,2.6326237056710533,2.6326237,0.08644999432894673,0.182,0.0,0.0,-0.0,0.0,1
2012-07-19 14:30:00+00:00,0.03388035,0.145450735013375,0.03522794092124999,0.063,0.111,2.6073605477763167,2.6073605,0.025263205671053335,0.0,0.048,0.0,-0.0,0.0,1
2012-07-19 15:00:00+00:00,0.0334314,0.1449372473285,0.034761133934999994,0.05,0.079,2.59209738988158,2.5920974,0.015263147776316544,0.0,0.029,0.0,3.469446951953614e-18,-6.030095508861854e-20,1
2012-07-19 15:30:00+00:00,0.0339357,0.14551404171425,0.0352854924675,0.075,0.109,2.5742026530394746,2.5742027,0.01789468988157994,0.0,0.034,0.0,-0.0,0.0,1
2012-07-19 16:00:00+00:00,0.0343293,0.14596422269825002,0.0356947479075,0.125,0.099,2.5865526530394747,2.5865527,0.01235004696052533,0.026,0.0,0.0,-0.0,0.0,1
2012-07-19 16:30:00+00:00,0.03479055,0.146491778538875,0.03617434412625,0.038,0.106,2.5507631793552643,2.5507632,0.03578945303947467,0.0,0.068,0.0,-0.0,0.0,1
2012-07-19 17:00:00+00:00,0.03363435,0.145169371898375,0.03497215627125,0.0,0.098,2.499184231986843,2.4991842,0.05157897935526412,0.0,0.098,0.0,-0.0,0.0,1
2012-07-19 17:30:00+00:00,0.0381669,0.15035348729225,0.03968498844749999,0.0,0.098,2.447605284618422,2.4476053,0.051578931986842935,0.0,0.098,0.0,-0.0,0.0,1
2012-07-19 18:00:00+00:00,0.0493845,0.16318364533625,0.05134876848749999,0.0,0.104,2.392868442513159,2.3928684,0.05473688461842219,0.0,0.104,0.0,-0.0,0.0,1
2012-07-19 18:30:00+00:00,0.04718895,0.160672479534875,0.04906589048624999,0.0,0.079,2.351289495144738,2.3512895,0.04157894251315897,0.0,0.079,0.0,-0.0,0.0,1
2012-07-19 19:00:00+00:00,0.04605735,0.159378209205875,0.04788928109624999,0.0,0.111,2.292868442513159,2.2928684,0.05842109514473792,0.0,0.111,0.0,-0.0,0.0,1
2012-07-19 19:30:00+00:00,0.0390525,0.15136639450625,0.04060581318749999,0.0,0.09,2.2455000214605274,2.2455,0.04736844251315908,0.0,0.09,0.0,-0.0,0.0,1
2012-07-19 20:00:00+00:00,0.0391509,0.15147893975225,0.0407081270475,0.0,0.119,2.182868442513159,2.1828684,0.06263162146052759,0.0,0.119,0.0,-0.0,0.0,1
2012-07-19 20:30:00+00:00,0.0434436,0.156388726109,0.04517156919,0.0,0.084,2.13865791619737,2.1386579,0.044210542513158924,0.0,0.084,0.0,-0.0,0.0,1
2012-07-19 21:00:00+00:00,0.0420783,0.15482716082075,0.0437519643825,0.0,0.108,2.081815810934212,2.0818158,0.05684211619736956,0.0,0.108,0.0,-0.0,0.0,1
2012-07-19 21:30:00+00:00,0.0376134,0.1497204202835,0.039109472985,0.0,0.089,2.034973705671054,2.0349737,0.04684211093421187,0.0,0.089,0.0,-0.0,0.0,1
2012-07-19 22:00:00+00:00,0.03324075,0.14471919091437502,0.03456290083124999,0.0,0.093,1.9860263372500013,1.9860263,0.048947405671053934,0.0,0.093,0.0,-0.0,0.0,1
2012-07-19 22:30:00+00:00,0.03814845,0.150332385058625,0.03966580459875,0.0,0.104,1.9312894951447381,1.9312895,0.054736837250001225,0.0,0.104,0.0,-0.0,0.0,1
2012-07-19 23:00:00+00:00,0.0348459,0.14655508523975,0.0362318956725,0.0,0.092,1.8828684425131592,1.8828684,0.048421095144738135,0.0,0.092,0.0,-0.0,0.0,1
2012-07-19 23:30:00+00:00,0.03560235,0.147420276818375,0.037018433471249994,0.0,0.111,1.8244473898815803,1.8244474,0.05842104251315927,0.0,0.111,0.0,-0.0,0.0,1
2012-07-20 00:00:00+00:00,0.0339357,0.09601404171425001,0.0352854924675,0.0,0.078,1.8244473898815803,1.8244474,1.0118419657700883e-08,0.0,0.0,0.078,0.0,0.0037445476268557504,1
2012-07-20 00:30:00+00:00,0.03405255,0.09614768919387501,0.03540699017625,0.006,0.108,1.8244473898815803,1.8244474,1.0118419657700883e-08,0.0,0.0,0.102,0.0,0.004903532148887625,1
2012-07-20 01:00:00+00:00,0.03422475,0.096344643374375,0.035586039431249994,0.0,0.077,1.8244473898815803,1.8244474,1.0118419657700883e-08,0.0,0.0,0.077,0.0,0.003709268769913437,1
2012-07-20 01:30:00+00:00,0.034194,0.09630947298500002,0.03555406635,0.0,0.111,1.8244473898815803,1.8244474,1.0118419657700883e-08,0.0,0.0,0.111,0.0,0.005345175750667501,1
2012-07-20 02:00:00+00:00,0.03325305,0.09523325907012499,0.03457569006375,0.0,0.087,1.8244473898815803,1.8244474,1.0118419657700883e-08,0.0,0.0,0.087,0.0,0.004142646769550437,1
2012-07-20 02:30:00+00:00,0.0319431,0.09373500048275,0.0332136368025,0.0,0.097,1.8244473898815803,1.8244474,1.0118419657700883e-08,0.0,0.0,0.097,0.0,0.0045461475234133755,1
2012-07-20 03:00:00+00:00,0.03204765,0.093854579806625,0.03332234527874999,0.0,0.101,1.8244473898815803,1.8244474,1.0118419657700883e-08,0.0,0.0,0.101,0.0,0.004739656280234562,1
2012-07-20 03:30:00+00:00,0.0312543,0.09294718376075,0.0324974397825,0.0,0.085,2.1837131791315803,2.1837132,0.35926581011841985,0.75634903,0.0,0.8413490299999999,0.0,0.03910051144916938,1
2012-07-20 04:00:00+00:00,0.03138345,0.093094899396125,0.03263172672375,0.0,0.109,2.54297896838158,2.542979,2.0868419881026057e-08,0.75634903,0.0,0.86534903,0.0,0.04027979044519218,1
2012-07-20 04:30:00+00:00,0.0323367,0.09418518146675,0.0336228922425,0.0,0.076,2.80066580813158,2.8006658,3.1618419882306625e-08,0.54249861,0.0,0.61849861,0.0,0.029126701909891316,1
2012-07-20 05:00:00+00:00,0.03283485,0.32465494177462506,0.034140856158749996,0.0,0.113,2.7411921239210537,2.7411921,0.059473708131579706,0.0,0.113,0.0,-0.0,0.0,1
2012-07-20 05:30:00+00:00,0.03225675,0.323993738454375,0.03353976223125,0.0,0.072,2.7032973870789485,2.7032974,0.03789472392105386,0.0,0.072,0.0,-0.0,0.0,1
2012-07-20 06:00:00+00:00,0.0346983,0.32678626737075006,0.0360784248825,0.0,0.101,2.6501394923421064,2.6501395,0.05315788707894864,0.0,0.101,0.0,-0.0,0.0,1
2012-07-20 06:30:00+00:00,0.0381423,0.33072535098075007,0.03965940998249999,0.0,0.087,2.604350018657896,2.60435,0.045789492342106275,0.0,0.087,0.0,-0.0,0.0,1
2012-07-20 07:00:00+00:00,0.04455675,0.33806189420437505,0.046328994731249996,0.0,0.086,2.559086860763159,2.5590869,0.045263118657895784,0.0,0.086,0.0,-0.0,0.0,1
2012-07-20 07:30:00+00:00,0.0421029,0.33525529713225005,0.043777542847499996,0.0,0.134,2.4885605449736854,2.4885605,0.07052636076315899,0.0,0.134,0.0,-0.0,0.0,1
2012-07-20 08:00:00+00:00,0.0507375,0.34513114246875,0.05275558406249999,0.025,0.137,2.4296131765526328,2.4296132,0.05894734497368548,0.0,0.112,1.3877787807814457e-17,0.0,2.3948283805249464e-18,1
2012-07-20 08:30:00+00:00,0.04978425,0.3440408603981251,0.05176441854375,0.075,0.115,2.4085605449736853,2.4085605,0.021052676552632654,0.0,0.04,6.938893903907228e-18,0.0,1.193631514455774e-18,1
2012-07-20 09:00:00+00:00,0.0410697,0.33407357204925,0.0427032473175,0.125,0.127,2.407507913394738,2.4075079,0.0010526449736851795,0.0,0.002,1.734723475976807e-18,0.0,2.897626340686316e-19,1
2012-07-20 09:30:00+00:00,0.0396429,0.33244166598225006,0.041219696347499994,0.181,0.083,2.4540579133947378,2.4540579,0.046549986605262106,0.098,0.0,0.0,-0.0,0.0,1
2012-07-20 10:00:00+00:00,0.03971055,0.33251904083887507,0.04129003712625,0.225,0.119,2.5044079133947377,2.5044079,0.05034998660526213,0.106,0.0,0.0,2.7755575615628914e-17,-5.730143738148785e-19,1
2012-07-20 10:30:00+00:00,0.03832065,0.330929339239125,0.039844853853749994,0.263,0.076,2.5932329133947376,2.5932329,0.08882498660526217,0.187,0.0,0.0,-0.0,0.0,1
2012-07-20 11:00:00+00:00,0.03707835,0.149108455508375,0.03855314137125,0.288,0.112,2.6768329133947377,2.6768329,0.08359998660526236,0.176,0.0,0.0,-0.0,0.0,1
2012-07-20 11:30:00+00:00,0.0348582,0.1465691533955,0.036244684905,0.313,0.086,2.784657913394738,2.7846579,0.1078249866052623,0.227,0.0,0.0,-0.0,0.0,1
2012-07-20 12:00:00+00:00,0.03449535,0.146154142800875,0.03586740254625,0.325,0.103,2.8901079133947376,2.8901079,0.10544998660526206,0.222,0.0,0.0,-0.0,0.0,1
2012-07-20 12:30:00+00:00,0.03444615,0.146097870177875,0.03581624561625,0.338,0.083,3.0112329133947378,3.0112329,0.12112498660526239,0.255,0.0,0.0,-0.0,0.0,1
2012-07-20 13:00:00+00:00,0.03376965,0.145324121611625,0.03511283782875,0.319,0.1,3.115257913394738,3.1152579,0.10402498660526227,0.219,0.0,0.0,-0.0,0.0,1
2012-07-20 13:30:00+00:00,0.03413865,0.145746166284125,0.03549651480375,0.306,0.099,3.213582913394738,3.2135829,0.09832498660526223,0.207,0.0,0.0,-0.0,0.0,1
2012-07-20 14:00:00+00:00,0.03326535,0.144747327225875,0.034588479296249995,0.181,0.095,3.2544329133947376,3.2544329,0.04084998660526207,0.086,0.0,0.0,-0.0,0.0,1
2012-07-20 14:30:00+00:00,0.0337758,0.1453311556895,0.035119232445,0.206,0.114,3.2981329133947375,3.2981329,0.04369998660526253,0.092,0.0,2.7755575615628914e-17,0.0,2.0168749405233278e-18,1
2012-07-20 15:00:00+00:00,0.0338373,0.14540149646824999,0.0351831786075,0.238,0.086,3.3703329133947375,3.3703329,0.07219998660526272,0.152,0.0,0.0,-0.0,0.0,1
2012-07-20 15:30:00+00:00,0.03375735,0.145310053455875,0.03510004859625,0.169,0.118,3.3945579133947374,3.3945579,0.02422498660526262,0.051,0.0,0.0,2.7755575615628914e-17,-4.871110264627332e-19,1
2012-07-20 16:00:00+00:00,0.0343416,0.14597829085400002,0.035707537139999995,0.063,0.082,3.3845579133947377,3.3845579,0.01000001339473755,0.0,0.019,3.469446951953614e-18,0.0,2.5323196812740426e-19,1
2012-07-20 16:30:00+00:00,0.0360144,0.14789156003599999,0.03744687275999999,0.006,0.116,3.3266631765526324,3.3266632,0.05789471339473762,0.0,0.11,0.0,-0.0,0.0,1
2012-07-20 17:00:00+00:00,0.0369615,0.14897480802875,0.038431643662499994,0.0,0.084,3.282452650236843,3.2824527,0.04421047655263255,0.0,0.084,0.0,-0.0,0.0,1
2012-07-20 17:30:00+00:00,0.0392739,0.15161962130974999,0.0408360193725,0.0,0.114,3.222452650236843,3.2224527,0.05999995023684335,0.0,0.114,0.0,-0.0,0.0,1
2012-07-20 18:00:00+00:00,0.04533165,0.158548188016625,0.047134716378750004,0.0,0.09,3.1750842291842116,3.1750842,0.047368450236842996,0.0,0.09,0.0,-0.0,0.0,1
2012-07-20 18:30:00+00:00,0.0476994,0.16125630799850002,0.049596643635,0.0,0.104,3.1203473870789487,3.1203474,0.05473682918421163,0.0,0.104,0.0,-0.0,0.0,1
2012-07-20 19:00:00+00:00,0.0468384,0.160271537096,0.048701397359999996,0.0,0.096,3.069821071289475,3.0698211,0.050526287078948684,0.0,0.096,0.0,-0.0,0.0,1
2012-07-20 19:30:00+00:00,0.0394215,0.15178843917874998,0.040989490162499996,0.0,0.096,3.019294755500001,3.0192948,0.050526271289474955,0.0,0.096,0.0,-0.0,0.0,1
2012-07-20 20:00:00+00:00,0.0399996,0.152449642499,0.04159058409,0.0,0.104,2.964557913394738,2.9645579,0.05473685550000118,0.0,0.104,0.0,-0.0,0.0,1
2012-07-20 20:30:00+00:00,0.0476256,0.161171899064,0.049519908239999993,0.0,0.088,2.918242123921054,2.9182421,0.046315813394738115,0.0,0.088,0.0,-0.0,0.0,1
2012-07-20 21:00:00+00:00,0.05068215,0.164667835767875,0.05269803251625,0.0,0.123,2.853505281815791,2.8535053,0.06473682392105395,0.0,0.123,0.0,-0.0,0.0,1
2012-07-20 21:30:00+00:00,0.04137105,0.154018241865125,0.04301658351375,0.0,0.084,2.8092947555000016,2.8092948,0.0442104818157909,0.0,0.084,0.0,-0.0,0.0,1
2012-07-20 22:00:00+00:00,0.03951375,0.151893950346875,0.041085409406249995,0.0,0.117,2.7477158081315807,2.7477158,0.0615789555000017,0.0,0.117,0.0,-0.0,0.0,1
2012-07-20 22:30:00+00:00,0.05103885,0.165075812284625,0.05306892025874999,0.0,0.09,2.700347387078949,2.7003474,0.04736840813158061,0.0,0.09,0.0,-0.0,0.0,1
2012-07-20 23:00:00+00:00,0.0418323,0.15454579770575003,0.0434961797325,0.006,0.118,2.6414000186578965,2.6414,0.0589473870789492,0.0,0.112,0.0,1.3877787807814457e-17,-3.018153763890974e-19,1
2012-07-20 23:30:00+00:00,0.0454485,0.15868183549625,0.0472562140875,0.0,0.083,2.5977158081315808,2.5977158,0.04368421865789651,0.0,0.083,0.0,-0.0,0.0,1
2012-07-21 00:00:00+00:00,0.04404015,0.10757103166287499,0.045791846966249994,0.0,0.104,2.5977158081315808,2.5977158,8.131580742087863e-09,0.0,0.0,0.104,0.0,0.005593693646469499,1
2012-07-21 00:30:00+00:00,0.04097745,0.10406806088112501,0.04260732807374999,0.0,0.091,2.5977158081315808,2.5977158,8.131580742087863e-09,0.0,0.0,0.091,0.0,0.004735096770091188,1
2012-07-21 01:00:00+00:00,0.03978435,0.102703449773375,0.041366772521250005,0.0,0.099,3.3102158081315807,3.3102158,0.7124999918684192,1.5,0.0,1.599,0.0,0.08211140809381332,1
2012-07-21 01:30:00+00:00,0.0404793,0.10349830057325,0.042089364157499996,0.0,0.102,3.7250000011315807,3.725,0.4147841918684194,0.87322988,0.0,0.97522988,0.0,0.05046731762412727,1
2012-07-21 02:00:00+00:00,0.03814845,0.10083238505862502,0.03966580459875,0.0,0.096,4.43750000113158,4.4375,0.7124999988684193,1.5,0.0,1.596,0.0,0.08046424327678277,1
2012-07-21 02:30:00+00:00,0.03590985,0.098271980712125,0.037338164283749996,0.0,0.107,5.1500000011315805,5.15,0.7124999988684202,1.5,0.0,1.607,0.0,0.07896153650219244,1
2012-07-21 03:00:00+00:00,0.0346122,0.09678779028050001,0.035988900255,0.0,0.083,5.862500001131581,5.8625,0.7124999988684193,1.5,0.0,1.583,0.0,0.07660753600701575,1
2012-07-21 03:30:00+00:00,0.0339603,0.09604217802575002,0.0353110709325,0.0,0.113,6.575000001131581,6.575,0.7124999988684193,1.5,0.0,1.613,0.0,0.0774580165777674,1
2012-07-21 04:00:00+00:00,0.0331977,0.09516995236925002,0.0345181385175,0.0,0.087,7.287500001131582,7.2875,0.7124999988684184,1.5,0.0,1.587,0.0,0.07551735720499989,1
2012-07-21 04:30:00+00:00,0.03337605,0.09537394062762501,0.034703582388749994,0.0,0.122,8.0,8.0,0.7124999988684184,1.5,0.0,1.6219999999999999,0.0,0.07734826584900388,1
2012-07-21 05:00:00+00:00,0.03379425,0.32575225792312507,0.03513841629375,0.0,0.082,7.956842105263158,7.9568421,0.04315789999999975,0.0,0.082,0.0,-0.0,0.0,1
2012-07-21 05:30:00+00:00,0.0343416,0.326378290854,0.035707537139999995,0.0,0.103,7.902631578947369,7.9026316,0.05421050526315785,0.0,0.103,0.0,-0.0,0.0,1
2012-07-21 06:00:00+00:00,0.0339849,0.32597031433725,0.035336649397499996,0.0,0.092,7.854210526315789,7.8542105,0.04842107894736891,0.0,0.092,0.0,-0.0,0.0,1
2012-07-21 06:30:00+00:00,0.03434775,0.326385324931875,0.035713931756250004,0.0,0.103,7.8,7.8,0.05421052631578949,0.0,0.103,0.0,-0.0,0.0,1
2012-07-21 07:00:00+00:00,0.0346737,0.32675813105925006,0.0360528464175,0.0,0.153,7.719473684210526,7.7194737,0.08052629999999983,0.0,0.153,0.0,-0.0,0.0,1
2012-07-21 07:30:00+00:00,0.03615585,0.32845334382712504,0.03759394893375,0.0,0.105,7.66421052631579,7.6642105,0.055263184210526006,0.0,0.105,0.0,-0.0,0.0,1
2012-07-21 08:00:00+00:00,0.03556545,0.32777807235112505,0.03698006577375,0.0,0.128,7.596842105263158,7.5968421,0.06736842631578988,0.0,0.128,0.0,-0.0,0.0,1
2012-07-21 08:30:00+00:00,0.0397659,0.33258234753975,0.0413475886725,0.013,0.109,7.5463157894736845,7.5463158,0.05052630526315749,0.0,0.096,0.0,-0.0,0.0,1
2012-07-21 09:00:00+00:00,0.0436527,0.33702788475675,0.0453889861425,0.05,0.107,7.516315789473684,7.5163158,0.02999998947368443,0.0,0.057,0.0,6.938893903907228e-18,-1.5747467962436145e-19,1
2012-07-21 09:30:00+00:00,0.04400325,0.33742882719562506,0.045753479268749994,0.063,0.104,7.494736842105263,7.4947368,0.021578989473684196,0.0,0.041,0.0,6.938893903907228e-18,-1.5873926919023754e-19,1
2012-07-21 10:00:00+00:00,0.04229355,0.33547335354637503,0.04397577595125,0.069,0.084,7.486842105263158,7.4868421,0.007894742105263752,0.0,0.015,0.0,-0.0,0.0,1
2012-07-21 10:30:00+00:00,0.0402333,0.33311693745825005,0.041833579507499996,0.056,0.105,7.461052631578948,7.4610526,0.02578950526315804,0.0,0.049,0.0,6.938893903907228e-18,-1.4513938491160504e-19,1
2012-07-21 11:00:00+00:00,0.0390771,0.15139453081775,0.040631391652499994,0.075,0.094,7.451052631578948,7.4510526,0.010000031578948132,0.0,0.019,3.469446951953614e-18,0.0,2.6262764674404513e-19,1
2012-07-21 11:30:00+00:00,0.03629115,0.14820809354037498,0.03773463049125,0.088,0.12,7.451052631578948,7.4510526,3.157894834515673e-08,0.0,0.0,0.032,0.0,0.0023713294966459996,1
2012-07-21 12:00:00+00:00,0.03830835,0.15051527108337498,0.03983206462124999,0.2,0.087,7.504727631578948,7.5047276,0.053674968421051794,0.113,0.0,0.0,-0.0,0.0,1
2012-07-21 12:30:00+00:00,0.0378471,0.14998771524274998,0.03935246840249999,0.263,0.117,7.574077631578948,7.5740776,0.06934996842105168,0.146,0.0,0.0,-0.0,0.0,1
2012-07-21 13:00:00+00:00,0.0346614,0.14634406290350002,0.036040057185,0.325,0.083,7.6890276315789485,7.6890276,0.11494996842105198,0.242,0.0,0.0,-0.0,0.0,1
2012-07-21 13:30:00+00:00,0.0348951,0.14661135786274998,0.0362830526025,0.3,0.11,7.779277631578949,7.7792776,0.09024996842105182,0.19,0.0,0.0,-0.0,0.0,1
2012-07-21 14:00:00+00:00,0.0346737,0.14635813105925,0.0360528464175,0.231,0.096,7.8434026315789485,7.8434026,0.06412496842105142,0.135,0.0,0.0,-0.0,0.0,1
2012-07-21 14:30:00+00:00,0.0344154,0.1460626997885,0.035784272534999995,0.094,0.101,7.8434026315789485,7.8434026,3.157894834515673e-08,0.0,0.0,0.007000000000000006,0.0,0.0005112194492597504,1
2012-07-21 15:00:00+00:00,0.03444615,0.146097870177875,0.03581624561625,0.1,0.106,7.8434026315789485,7.8434026,3.157894834515673e-08,0.0,0.0,0.0059999999999999915,0.0,0.0004382936105336244,1
2012-07-21 15:30:00+00:00,0.0347352,0.146428471838,0.03611679258,0.175,0.617,7.8434026315789485,7.8434026,3.157894834515673e-08,0.0,0.0,0.442,0.0,0.032360692276198,1
2012-07-21 16:00:00+00:00,0.0377733,0.14990330630825,0.0392757330075,0.169,0.843,7.8434026315789485,7.8434026,3.157894834515673e-08,0.0,0.0,0.6739999999999999,0.0,0.05051741422588024,1
2012-07-21 16:30:00+00:00,0.0390279,0.15133825819475002,0.0405802347225,0.019,1.204,7.219718421052633,7.2197184,0.6236842315789488,0.0,1.185,0.0,-0.0,0.0,1
2012-07-21 17:00:00+00:00,0.0407868,0.15335000446699998,0.04240909496999999,0.0,1.71,6.4302447368421065,6.4302447,0.7894737210526328,0.0,1.5,0.20999999999999996,0.0,0.016101750469034996,1
2012-07-21 17:30:00+00:00,0.0440955,0.15713433836375,0.04584939851249999,0.0,1.101,5.85077105263158,5.8507711,0.5794736368421063,0.0,1.101,0.0,-0.0,0.0,1
2012-07-21 18:00:00+00:00,0.05033775,0.164273927406875,0.05233993400625,0.0,1.397,5.115507894736843,5.1155079,0.73526315263158,0.0,1.397,0.0,-0.0,0.0,1
2012-07-21 18:30:00+00:00,0.0507006,0.1646889380015,0.05271721636499999,0.0,1.155,4.507613157894737,4.5076132,0.6078946947368431,0.0,1.155,0.0,-0.0,0.0,1
2012-07-21 19:00:00+00:00,0.0454977,0.15873810811925002,0.0473073710175,0.0,1.061,3.9491921052631582,3.9491921,0.5584210578947375,0.0,1.061,0.0,-0.0,0.0,1
2012-07-21 19:30:00+00:00,0.0404178,0.1529279597945,0.042025417994999995,0.0,0.678,3.59235,3.59235,0.35684210526315807,0.0,0.678,0.0,-0.0,0.0,1
2012-07-21 20:00:00+00:00,0.0397044,0.152112006761,0.041283642509999996,0.0,0.52,3.3186657894736844,3.3186658,0.27368419999999993,0.0,0.52,0.0,-0.0,0.0,1
2012-07-21 20:30:00+00:00,0.03958755,0.15197835928137501,0.041162144801249995,0.0,1.181,2.6970868421052634,2.6970868,0.6215789894736843,0.0,1.181,0.0,-0.0,0.0,1
2012-07-21 21:00:00+00:00,0.0396183,0.15201352967075002,0.0411941178825,0.006,0.938,2.2065605263157897,2.2065605,0.49052634210526325,0.0,0.932,0.0,1.1102230246251565e-16,-2.28673290761372e-18,1
2012-07-21 21:30:00+00:00,0.04233045,0.15511555801362498,0.04401414364875,0.0,1.273,1.5365605263157898,1.5365605,0.6700000263157897,0.0,1.273,0.0,-0.0,0.0,1
2012-07-21 22:00:00+00:00,0.0389541,0.15125384926024998,0.04050349932749999,0.0,0.955,1.383684210526316,1.3836842,0.15287632631578973,0.0,0.290465,0.664535,0.0,0.05025673835908011,1
2012-07-21 22:30:00+00:00,0.0410451,0.15364543573775,0.042677668852499996,0.0,0.497,1.122105263157895,1.1221053,0.261578910526316,0.0,0.497,0.0,-0.0,0.0,1
2012-07-21 23:00:00+00:00,0.0407622,0.1533218681555,0.042383516504999996,0.0,0.098,1.0705263157894738,1.0705263,0.0515789631578949,0.0,0.098,0.0,-0.0,0.0,1
2012-07-21 23:30:00+00:00,0.04180155,0.15451062731637502,0.043464206651250004,0.0,0.134,1.0,1.0,0.07052631578947377,0.0,0.134,0.0,-0.0,0.0,1
2012-07-22 00:00:00+00:00,0.04090365,0.10398365194662501,0.04253059267874999,0.0,0.101,1.0,1.0,0.0,0.0,0.0,0.101,0.0,0.005251174423304563,1
2012-07-22 00:30:00+00:00,0.0393231,0.10217589393275002,0.0408871763025,0.0,0.12,1.0,1.0,0.0,0.0,0.0,0.12,0.0,0.006130553635965001,1
2012-07-22 01:00:00+00:00,0.03894795,0.10174681518237501,0.04049710471125,0.0,0.156,1.6727539475,1.6727539,0.6727539,1.4163241,0.0,1.5723241,0.0,0.07998948480474706,1
2012-07-22 01:30:00+00:00,0.0395076,0.10238691626900001,0.04107901479,0.0,0.119,1.6727539475,1.6727539,4.7499999933364734e-08,0.0,0.0,0.119,0.0,0.0060920215180055,1
2012-07-22 02:00:00+00:00,0.0382653,0.10096603253825003,0.0397873023075,0.0,0.137,2.3852539475,2.3852539,0.7124999525,1.5,0.0,1.637,0.0,0.08264069763255764,1
2012-07-22 02:30:00+00:00,0.0359898,0.09836342372450002,0.037421294295000004,0.0,0.134,3.0977539474999998,3.0977539,0.7124999525,1.5,0.0,1.634,0.0,0.08036291718291651,1
2012-07-22 03:00:00+00:00,0.03567,0.097997651675,0.03708877425,0.0,0.09,3.8102539474999997,3.8102539,0.7124999525000004,1.5,0.0,1.59,0.0,0.077908133081625,1
2012-07-22 03:30:00+00:00,0.0342432,0.09636574560800001,0.035605223279999994,0.0,0.13,4.5227539475,4.5227539,0.7124999525,1.5,0.0,1.63,0.0,0.07853808267052001,1
2012-07-22 04:00:00+00:00,0.0342432,0.09636574560800001,0.035605223279999994,0.0,0.092,5.2352539475,5.2352539,0.7124999525,1.5,0.0,1.592,0.0,0.07670713350396802,1
2012-07-22 04:30:00+00:00,0.03444615,0.09659787017787502,0.03581624561625,0.0,0.117,5.947753947500001,5.9477539,0.7124999525,1.5,0.0,1.617,0.0,0.07809937803881195,1
2012-07-22 05:00:00+00:00,0.03444615,0.32649787017787507,0.03581624561625,0.0,0.098,5.89617500013158,5.896175,0.05157894750000036,0.0,0.098,0.0,-0.0,0.0,1
2012-07-22 05:30:00+00:00,0.0343416,0.326378290854,0.035707537139999995,0.0,0.106,5.840385526447369,5.8403855,0.05578950013157957,0.0,0.106,0.0,-0.0,0.0,1
2012-07-22 06:00:00+00:00,0.0340464,0.326040655116,0.03540059556,0.0,0.102,5.786701315921053,5.7867013,0.05368422644736892,0.0,0.102,0.0,-0.0,0.0,1
2012-07-22 06:30:00+00:00,0.0345876,0.32665965396900004,0.03596332179,0.0,0.094,5.737227631710526,5.7372276,0.049473715921052985,0.0,0.094,0.0,-0.0,0.0,1
2012-07-22 07:00:00+00:00,0.0345753,0.32664558581325004,0.0359505325575,0.0,0.108,5.680385526447369,5.6803855,0.056842131710526544,0.0,0.108,0.0,-0.0,0.0,1
2012-07-22 07:30:00+00:00,0.0342555,0.32627981376375004,0.035618012512500005,0.0,0.083,5.636701315921052,5.6367013,0.043684226447368246,0.0,0.083,0.0,-0.0,0.0,1
2012-07-22 08:00:00+00:00,0.03447075,0.3265260064893751,0.03584182408125,0.019,0.118,5.584596052763158,5.5845961,0.05210521592105266,0.0,0.099,0.0,1.3877787807814457e-17,-2.4870261462230093e-19,1
2012-07-22 08:30:00+00:00,0.0387081,0.33137248614525,0.0402477146775,0.025,0.083,5.554069736973684,5.5540697,0.030526352763157405,0.0,0.058,0.0,-0.0,0.0,1
2012-07-22 09:00:00+00:00,0.0407622,0.33372186815550003,0.042383516504999996,0.063,0.119,5.524596052763158,5.5245961,0.02947363697368388,0.0,0.056,0.0,6.938893903907228e-18,-1.4704736215134794e-19,1
2012-07-22 09:30:00+00:00,0.04335135,0.33668321494087505,0.04507564994625,0.1,0.088,5.530296052763158,5.5302961,0.005700047236842032,0.012,0.0,0.0,1.3877787807814457e-17,-3.127751526266903e-19,1
2012-07-22 10:00:00+00:00,0.0427548,0.33600090938700006,0.04445537217,0.056,0.115,5.499243421184211,5.4992434,0.03105265276315805,0.0,0.059,6.938893903907228e-18,0.0,1.1657373309263699e-18,1
2012-07-22 10:30:00+00:00,0.042189,0.33535377422250007,0.043867067475,0.106,0.094,5.504943421184211,5.5049434,0.005699978815789208,0.012,0.0,0.0,-0.0,0.0,1
2012-07-22 11:00:00+00:00,0.03940305,0.151767336945125,0.040970306313749996,0.1,0.102,5.503890789605264,5.5038908,0.0010526211842112332,0.0,0.002,0.0,1.214306433183765e-17,-2.4875253263148023e-19,1
2012-07-22 11:30:00+00:00,0.0390525,0.15136639450625,0.04060581318749999,0.163,0.094,5.536665789605264,5.5366658,0.03277501039473574,0.069,0.0,0.0,-0.0,0.0,1
2012-07-22 12:00:00+00:00,0.03795165,0.15010729456662503,0.039461176878750004,0.144,0.092,5.561365789605264,5.5613658,0.024700010394735905,0.052,0.0,0.0,-0.0,0.0,1
2012-07-22 12:30:00+00:00,0.03741045,0.14948829571362499,0.03889845064874999,0.15,0.105,5.582740789605264,5.5827408,0.02137501039473566,0.045,0.0,0.0,-0.0,0.0,1
2012-07-22 13:00:00+00:00,0.0355224,0.147328833806,0.03693530346,0.163,0.093,5.615990789605264,5.6159908,0.03325001039473552,0.07,0.0,0.0,-0.0,0.0,1
2012-07-22 13:30:00+00:00,0.0343416,0.14597829085400002,0.035707537139999995,0.181,0.12,5.644965789605264,5.6449658,0.028975010394735712,0.061,0.0,0.0,-0.0,0.0,1
2012-07-22 14:00:00+00:00,0.03444615,0.146097870177875,0.03581624561625,0.163,0.097,5.676315789605264,5.6763158,0.031350010394736394,0.066,0.0,0.0,-0.0,0.0,1
2012-07-22 14:30:00+00:00,0.0342432,0.145865745608,0.035605223279999994,0.113,0.196,5.632631579078947,5.6326316,0.04368418960526377,0.0,0.083,0.0,-0.0,0.0,1
2012-07-22 15:00:00+00:00,0.0344646,0.1461189724115,0.03583542946499999,0.113,0.186,5.594210526447369,5.5942105,0.03842107907894743,0.0,0.073,0.0,-0.0,0.0,1
2012-07-22 15:30:00+00:00,0.03463065,0.146308892514125,0.03600808410375,0.081,0.694,5.2715789475,5.2715789,0.322631626447369,0.0,0.613,0.0,-0.0,0.0,1
2012-07-22 16:00:00+00:00,0.03618045,0.14808148013862502,0.03761952739875,0.013,1.246,4.622631579078948,4.6226316,0.6489473475,0.0,1.233,0.0,-0.0,0.0,1
2012-07-22 16:30:00+00:00,0.03727515,0.149333546000375,0.03875776909125,0.025,0.997,4.1110526317105265,4.1110526,0.5115789790789478,0.0,0.972,0.0,-0.0,0.0,1
2012-07-22 17:00:00+00:00,0.04019025,0.152667698913125,0.041788817193749994,0.0,0.167,4.0231578948684215,4.0231579,0.08789473171052631,0.0,0.167,0.0,-0.0,0.0,1
2012-07-22 17:30:00+00:00,0.04504875,0.158224620434375,0.04684056403125,0.0,0.178,3.929473684342106,3.9294737,0.0936841948684215,0.0,0.178,0.0,-0.0,0.0,1
2012-07-22 18:00:00+00:00,0.0552147,0.16985195116175,0.057410864692499994,0.0,0.145,3.8531578948684215,3.8531579,0.07631578434210606,0.0,0.145,0.0,-0.0,0.0,1
2012-07-22 18:30:00+00:00,0.059532,0.17478987383,0.0618998853,0.0,0.176,3.760526315921053,3.7605263,0.09263159486842154,0.0,0.176,0.0,-0.0,0.0,1
2012-07-22 19:00:00+00:00,0.05362185,0.168030124992125,0.05575465908374999,0.0,0.145,3.6842105264473686,3.6842105,0.07631581592105308,0.0,0.145,0.0,-0.0,0.0,1
2012-07-22 19:30:00+00:00,0.0438126,0.1568107707815,0.045555246165,0.0,0.198,3.5800000001315793,3.58,0.1042105264473685,0.0,0.198,0.0,-0.0,0.0,1
2012-07-22 20:00:00+00:00,0.0455961,0.15885065336525,0.0474096848775,0.0,0.172,3.4894736843421055,3.4894737,0.09052630013157925,0.0,0.172,0.0,-0.0,0.0,1
2012-07-22 20:30:00+00:00,0.049938,0.163816712345,0.051924283950000004,0.0,0.189,3.3900000001315793,3.39,0.09947368434210535,0.0,0.189,0.0,-0.0,0.0,1
2012-07-22 21:00:00+00:00,0.0460389,0.15935710697225,0.04787009724749999,0.0,0.184,3.2931578948684215,3.2931579,0.09684210013157912,0.0,0.184,0.0,-0.0,0.0,1
2012-07-22 21:30:00+00:00,0.0422628,0.15503818315700002,0.04394380287000001,0.0,0.163,3.207368421184211,3.2073684,0.08578949486842147,0.0,0.163,0.0,-0.0,0.0,1
2012-07-22 22:00:00+00:00,0.03838215,0.150599680017875,0.03990880001624999,0.0,1.104,2.6263157896052634,2.6263158,0.5810526211842109,0.0,1.104,0.0,-0.0,0.0,1
2012-07-22 22:30:00+00:00,0.03865275,0.15090917944437499,0.04019016313125,0.0,1.154,2.018947368552632,2.0189474,0.6073683896052633,0.0,1.154,0.0,-0.0,0.0,1
2012-07-22 23:00:00+00:00,0.0369,0.14890446725,0.038367697500000006,0.0,0.89,1.550526315921053,1.5505263,0.46842106855263177,0.0,0.89,0.0,-0.0,0.0,1
2012-07-22 23:30:00+00:00,0.03555315,0.147364004195375,0.03696727654124999,0.0,1.046,1.0000000001315792,1.0,0.5505263159210529,0.0,1.046,0.0,-0.0,0.0,1
2012-07-23 00:00:00+00:00,0.0345015,0.09666117687874999,0.03587379716249999,0.0,1.363,1.712500000131579,1.7125,0.7124999998684207,1.5,0.0,2.863,0.0,0.13837047470193062,1
2012-07-23 00:30:00+00:00,0.0342432,0.09636574560800001,0.035605223279999994,0.006,1.021,2.425000000131579,2.425,0.7124999998684207,1.5,0.0,2.515,0.0,0.12117992510206002,1
2012-07-23 01:00:00+00:00,0.0338988,0.095971837247,0.03524712477,0.0,1.064,3.137500000131579,3.1375,0.7124999998684212,1.5,0.0,2.564,0.0,0.123035895350654,1
2012-07-23 01:30:00+00:00,0.0353748,0.09766001593700001,0.03678183266999999,0.0,0.816,3.724999997631579,3.725,0.5874999998684212,1.2368421,0.0,2.0528421,0.0,0.10024029610107228,1
2012-07-23 02:00:00+00:00,0.03406485,0.09616175734962502,0.03541977940875,0.0,0.855,4.437499997631579,4.4375,0.7125000023684209,1.5,0.0,2.355,0.0,0.11323046927918347,1
2012-07-23 02:30:00+00:00,0.03413865,0.09624616628412502,0.03549651480375,0.0,0.828,5.1499999976315785,5.15,0.7125000023684214,1.5,0.0,2.328,0.0,0.11203053755472152,1
2012-07-23 03:00:00+00:00,0.0329763,0.09491672556575002,0.0342879323325,0.0,0.856,5.862499997631579,5.8625,0.7125000023684214,1.5,0.0,2.356,0.0,0.11181190271645353,1
2012-07-23 03:30:00+00:00,0.03310545,0.09506444120112499,0.03442221927375,0.0,0.804,6.574999997631579,6.575,0.7125000023684214,1.5,0.0,2.3040000000000003,0.0,0.109514236263696,1
2012-07-23 04:00:00+00:00,0.03314235,0.09510664566837501,0.03446058697125,0.0,0.148,7.2874999976315795,7.2875,0.7125000023684205,1.5,0.0,1.648,0.0,0.07836787603074101,1
2012-07-23 04:30:00+00:00,0.0337881,0.09584522384525002,0.0351320216775,0.0,0.119,7.99999999763158,8.0,0.7125000023684205,1.5,0.0,1.619,0.0,0.07758670870272989,1
2012-07-23 05:00:00+00:00,0.0341079,0.32611099589475007,0.0354645417225,0.0,0.128,7.932631576578948,7.9326316,0.0673683976315802,0.0,0.128,0.0,-0.0,0.0,1
2012-07-23 05:30:00+00:00,0.0359529,0.32822121925725,0.037382926597500005,0.0,0.112,7.873684208157895,7.8736842,0.05894737657894833,0.0,0.112,0.0,-0.0,0.0,1
2012-07-23 06:00:00+00:00,0.03689385,0.32929743317212506,0.03836130288375,0.0,0.126,7.807368418684211,7.8073684,0.06631580815789562,0.0,0.126,0.0,-0.0,0.0,1
2012-07-23 06:30:00+00:00,0.0450795,0.33865979082375003,0.046872537112499994,0.0,0.102,7.753684208157895,7.7536842,0.053684218684210805,0.0,0.102,0.0,-0.0,0.0,1
2012-07-23 07:00:00+00:00,0.0590031,0.3545849431327501,0.0613499483025,0.0,0.127,7.686842102894738,7.6868421,0.06684210815789537,0.0,0.127,0.0,-0.0,0.0,1
2012-07-23 07:30:00+00:00,0.0505407,0.34490605197675006,0.052550956342499996,0.0,0.097,7.63578947131579,7.6357895,0.05105260289473801,0.0,0.097,0.0,-0.0,0.0,1
2012-07-23 08:00:00+00:00,0.06026385,0.356026929097125,0.06266084463374999,0.0,0.127,7.568947366052632,7.5689474,0.06684207131579001,0.0,0.127,0.0,-0.0,0.0,1
2012-07-23 08:30:00+00:00,0.05822205,0.35369161524262505,0.060537832038749996,0.006,0.094,7.522631576578948,7.5226316,0.04631576605263188,0.0,0.088,0.0,-0.0,0.0,1
2012-07-23 09:00:00+00:00,0.05273625,0.34741721777812506,0.05483383434374999,0.063,0.126,7.489473681842106,7.4894737,0.0331578765789482,0.0,0.063,0.0,-0.0,0.0,1
2012-07-23 09:30:00+00:00,0.0538371,0.34867631771775004,0.055978470652499994,0.044,0.093,7.463684208157895,7.4636842,0.02578948184210539,0.0,0.049,0.0,-0.0,0.0,1
2012-07-23 10:00:00+00:00,0.04546695,0.33910293772987504,0.04727539793624999,0.056,0.126,7.426842102894737,7.4268421,0.036842108157895126,0.0,0.07,0.0,-0.0,0.0,1
2012-07-23 10:30:00+00:00,0.04547925,0.33911700588562504,0.047288187168749996,0.056,0.093,7.407368418684211,7.4073684,0.01947370289473671,0.0,0.037,0.0,-0.0,0.0,1
2012-07-23 11:00:00+00:00,0.0443661,0.15744383779025,0.046130761627499996,0.113,0.161,7.382105260789474,7.3821053,0.025263118684210717,0.0,0.048,0.0,-0.0,0.0,1
2012-07-23 11:30:00+00:00,0.04340055,0.156339487563875,0.04512680687625,0.119,0.637,7.109473681842105,7.1094737,0.27263156078947404,0.0,0.518,0.0,-0.0,0.0,1
2012-07-23 12:00:00+00:00,0.0401349,0.15260439221225,0.0417312656475,0.094,0.393,7.085789473947368,7.0857895,0.02368418184210519,0.0,0.044999995,0.25400000500000003,0.0,0.01938075819246673,1
2012-07-23 12:30:00+00:00,0.03950145,0.151879882191125,0.04107262017375,0.088,0.178,7.085789473947368,7.0857895,2.6052632051687397e-08,0.0,0.0,0.09,0.0,0.006834594698600625,1
2012-07-23 13:00:00+00:00,0.0377979,0.14993144261975,0.0393013114725,0.044,0.467,7.085789473947368,7.0857895,2.6052632051687397e-08,0.0,0.0,0.42300000000000004,0.0,0.031710500114077125,1
2012-07-23 13:30:00+00:00,0.03760725,0.149713386205625,0.039103078368749995,0.125,0.649,7.085789473947368,7.0857895,2.6052632051687397e-08,0.0,0.0,0.524,0.0,0.03922490718587375,1
2012-07-23 14:00:00+00:00,0.03856665,0.150810702354125,0.040100638503749994,0.325,0.418,7.085789473947368,7.0857895,2.6052632051687397e-08,0.0,0.0,0.09299999999999997,0.0,0.00701269765946681,1
2012-07-23 14:30:00+00:00,0.03702915,0.149052182885375,0.03850198444125,0.269,0.321,7.085789473947368,7.0857895,2.6052632051687397e-08,0.0,0.0,0.05199999999999999,0.0,0.0038753567550197494,1
2012-07-23 15:00:00+00:00,0.0354486,0.1472444248715,0.03685856806499999,0.138,0.144,7.085789473947368,7.0857895,2.6052632051687397e-08,0.0,0.0,0.005999999999999978,0.0,0.00044173327461449833,1
2012-07-23 15:30:00+00:00,0.0343416,0.14597829085400002,0.035707537139999995,0.069,0.195,7.085789473947368,7.0857895,2.6052632051687397e-08,0.0,0.0,0.126,0.0,0.009196632323802,1
2012-07-23 16:00:00+00:00,0.0371337,0.14917176220925002,0.038610692917499995,0.044,0.173,7.085789473947368,7.0857895,2.6052632051687397e-08,0.0,0.0,0.129,0.0,0.009621578662496626,1
2012-07-23 16:30:00+00:00,0.04073145,0.15328669776612502,0.04235154342375,0.019,0.228,6.975789473947367,6.9757895,0.10999997394736738,0.0,0.209,2.7755575615628914e-17,0.0,2.1272802653588694e-18,1
2012-07-23 17:00:00+00:00,0.05256405,0.166820263597625,0.05465478508875,0.0,0.223,6.858421052894736,6.8584211,0.11736837394736721,0.0,0.223,0.0,-0.0,0.0,1
2012-07-23 17:30:00+00:00,0.0541938,0.16868429423450002,0.05634935839499999,0.0,1.031,6.315789473947367,6.3157895,0.5426315528947354,0.0,1.031,0.0,-0.0,0.0,1
2012-07-23 18:00:00+00:00,0.15277215,0.281433528492875,0.15884866226624997,0.0,0.943,5.526315789736841,5.5263158,0.7894736739473673,0.0,1.5,0.0,0.557,-0.04423935244115062,1
2012-07-23 18:30:00+00:00,0.1793709,0.31185591530225004,0.1865053775475,0.0,0.925,4.736842105526314,4.7368421,0.7894736897368411,0.0,1.5,0.0,0.575,-0.05362029604490624,1
2012-07-23 19:00:00+00:00,0.16905735,0.30005976670587503,0.17578160609625,0.0,0.941,3.9473684213157876,3.9473684,0.7894737055263139,0.0,1.5,0.0,0.559,-0.04913095890390188,1
2012-07-23 19:30:00+00:00,0.1021884,0.22357823797100002,0.10625294361,0.0,0.904,3.471578947631577,3.4715789,0.47578952131578767,0.0,0.904,0.0,-0.0,0.0,1
2012-07-23 20:00:00+00:00,0.0748947,0.19236100036175,0.07787363669249998,0.0,0.918,2.9884210528947346,2.9884211,0.48315784763157676,0.0,0.918,0.0,-0.0,0.0,1
2012-07-23 20:30:00+00:00,0.06224415,0.17789190217287498,0.06471991106625,0.0,0.885,2.522631579210524,2.5226316,0.4657894528947346,0.0,0.885,0.0,-0.0,0.0,1
2012-07-23 21:00:00+00:00,0.0587448,0.173889511862,0.061081374419999994,0.0,0.875,2.06210526342105,2.0621053,0.46052627921052425,0.0,0.875,0.0,-0.0,0.0,1
2012-07-23 21:30:00+00:00,0.04490115,0.158055802565375,0.04668709324125,0.0,0.994,1.538947368684208,1.5389474,0.5231578634210501,0.0,0.994,0.0,-0.0,0.0,1
2012-07-23 22:00:00+00:00,0.038499,0.1507333274975,0.040030297725,0.0,0.855,1.538947368684208,1.5389474,3.131579218162983e-08,0.0,0.0,0.855,0.0,0.06443849750518126,1
2012-07-23 22:30:00+00:00,0.05167845,0.16580735638362498,0.05373396034874999,0.0,0.666,1.188421052894734,1.1884211,0.3505262686842079,0.0,0.666,0.0,-0.0,0.0,1
2012-07-23 23:00:00+00:00,0.04092825,0.153511788258125,0.042556171143749995,0.0,0.18,1.0936842107894709,1.0936842,0.0947368528947341,0.0,0.18,0.0,-0.0,0.0,1
2012-07-23 23:30:00+00:00,0.04037475,0.152878721249375,0.04198065568125,0.0,0.178,1.000000000263155,1.0,0.09368421078947087,0.0,0.178,0.0,-0.0,0.0,1
2012-07-24 00:00:00+00:00,0.03860355,0.10135290682137499,0.040139006201249994,0.0,0.18,1.2710868417631551,1.2710868,0.25582369973684504,0.57070914,0.0,0.7507091399999999,0.0,0.03804327675818727,1
2012-07-24 00:30:00+00:00,0.03898485,0.10178901964962503,0.04053547240875,0.0,0.164,1.2710868417631551,1.2710868,4.17631551563602e-08,0.0,0.0,0.164,0.0,0.008346699611269253,1
2012-07-24 01:00:00+00:00,0.0371091,0.09964362589775001,0.03858511445249999,0.0,0.201,1.983586841763155,1.9835868,0.712499958236845,1.5,0.0,1.701,0.0,0.08474690382603639,1
2012-07-24 01:30:00+00:00,0.0377241,0.10034703368525001,0.039224576077500004,0.0,0.19,2.696086841763155,2.6960868,0.7124999582368448,1.5,0.0,1.69,0.0,0.08479324346403626,1
2012-07-24 02:00:00+00:00,0.0342801,0.09640795007524999,0.03564359097749999,0.0,0.194,3.408586841763155,3.4085868,0.7124999582368452,1.5,0.0,1.694,0.0,0.08165753371373674,1
2012-07-24 02:30:00+00:00,0.0343908,0.09653456347700001,0.03575869406999999,0.0,0.194,4.121086841763155,4.1210868,0.7124999582368448,1.5,0.0,1.694,0.0,0.081764775265019,1
2012-07-24 03:00:00+00:00,0.03384345,0.09590853054612498,0.03518957322374999,0.0,0.173,4.833586841763156,4.8335868,0.7124999582368448,1.5,0.0,1.673,0.0,0.08022748580183355,1
2012-07-24 03:30:00+00:00,0.0326196,0.094508749049,0.033917044589999994,0.006,0.163,5.546086841763156,5.5460868,0.7124999582368448,1.5,0.0,1.657,0.0,0.0783004985870965,1
2012-07-24 04:00:00+00:00,0.0322014,0.09403043175350001,0.033482210685,0.0,0.172,6.258586841763156,6.2585868,0.7124999582368439,1.5,0.0,1.672,0.0,0.078609440945926,1
2012-07-24 04:30:00+00:00,0.0339234,0.09599997355850001,0.035272703235,0.0,0.164,6.971086841763157,6.9710868,0.7124999582368439,1.5,0.0,1.664,0.0,0.079871978000672,1
2012-07-24 05:00:00+00:00,0.0343416,0.326378290854,0.035707537139999995,0.0,0.141,6.896876315447368,6.8968763,0.07421054176315689,0.0,0.141,0.0,-0.0,0.0,1
2012-07-24 05:30:00+00:00,0.03567,0.32789765167500007,0.03708877425,0.0,0.108,6.84003421018421,6.8400342,0.056842115447367725,0.0,0.108,0.0,-0.0,0.0,1
2012-07-24 06:00:00+00:00,0.03683235,0.32922709239337505,0.038297356721249995,0.0,0.11,6.782139473342104,6.7821395,0.05789471018420933,0.0,0.11,0.0,-0.0,0.0,1
2012-07-24 06:30:00+00:00,0.0418938,0.33501613848450007,0.043560125895,0.0,0.104,6.727402631236841,6.7274026,0.05473687334210453,0.0,0.104,0.0,-0.0,0.0,1
2012-07-24 07:00:00+00:00,0.0567399,0.35199640247475006,0.0589967295225,0.0,0.11,6.6695078943947355,6.6695079,0.05789473123684097,0.0,0.11,0.0,-0.0,0.0,1
2012-07-24 07:30:00+00:00,0.04920615,0.34337965707787504,0.05116332461624999,0.0,0.108,6.612665789131578,6.6126658,0.0568420943947352,0.0,0.108,0.0,-0.0,0.0,1
2012-07-24 08:00:00+00:00,0.06111255,0.35699763184387506,0.06354330167625,0.019,0.122,6.558455262815788,6.5584553,0.05421048913157733,0.0,0.103,0.0,-0.0,0.0,1
2012-07-24 08:30:00+00:00,0.0608973,0.35675143911825,0.0633194901075,0.05,0.126,6.518455262815788,6.5184553,0.03999996281578788,0.0,0.076,0.0,-0.0,0.0,1
2012-07-24 09:00:00+00:00,0.0558297,0.35095535894925006,0.0580503263175,0.075,0.188,6.458981578605262,6.4589816,0.0594736628157877,0.0,0.113,0.0,-0.0,0.0,1
2012-07-24 09:30:00+00:00,0.05989485,0.35560488442462507,0.06227716765874999,0.069,0.132,6.42582368386842,6.4258237,0.033157878605262425,0.0,0.063,0.0,-0.0,0.0,1
2012-07-24 10:00:00+00:00,0.04843125,0.3424933632656251,0.05035760296875,0.056,0.15,6.376349999657894,6.37635,0.04947368386841955,0.0,0.094,0.0,-0.0,0.0,1
2012-07-24 10:30:00+00:00,0.04841895,0.342479295109875,0.05034481373625,0.15,0.137,6.382524999657893,6.382525,0.006175000342106607,0.013,0.0,2.7755575615628914e-17,0.0,4.752854986104713e-18,1
2012-07-24 11:00:00+00:00,0.0448458,0.1579924958645,0.046629541695,0.169,0.17,6.38199868386842,6.3819987,0.0005262996578938584,0.0,0.001,8.673617379884035e-19,0.0,6.85183229010792e-20,1
2012-07-24 11:30:00+00:00,0.04341285,0.156353555719625,0.04513959610875,0.169,0.133,6.39909868386842,6.3990987,0.017100016131579743,0.036,0.0,0.0,-0.0,0.0,1
2012-07-24 12:00:00+00:00,0.0467769,0.16020119631725,0.048637451197499994,0.106,0.157,6.3722565786052625,6.3722566,0.02684208386842002,0.0,0.051,6.938893903907228e-18,0.0,5.558095522622056e-19,1
2012-07-24 12:30:00+00:00,0.04420005,0.157253917687625,0.04595810698875,0.138,0.132,6.375106578605262,6.3751066,0.0028500213947371122,0.006,0.0,0.0,-0.0,0.0,1
2012-07-24 13:00:00+00:00,0.0420537,0.15479902450925,0.0437263859175,0.175,0.155,6.384606578605262,6.3846066,0.009500021394737601,0.02,0.0,0.0,-0.0,0.0,1
2012-07-24 13:30:00+00:00,0.03975975,0.15217531346187502,0.04134119405625,0.188,0.129,6.412631578605263,6.4126316,0.028025021394737948,0.059,0.0,0.0,-0.0,0.0,1
2012-07-24 14:00:00+00:00,0.0399504,0.152393369876,0.041539427159999996,0.094,0.197,6.358421052289473,6.3584211,0.0542104786052624,0.0,0.103,1.3877787807814457e-17,0.0,1.0574414252284558e-18,1
2012-07-24 14:30:00+00:00,0.03963675,0.152034631904375,0.04121330173125,0.138,0.139,6.3578947365,6.3578947,0.0005263522894729533,0.0,0.001,8.673617379884035e-19,0.0,6.593451128150294e-20,1
2012-07-24 15:00:00+00:00,0.03921855,0.15155631460887498,0.04077846782624999,0.075,0.162,6.312105262815789,6.3121053,0.04578943649999978,0.0,0.087,1.3877787807814457e-17,0.0,1.0516331875381686e-18,1
2012-07-24 15:30:00+00:00,0.03832065,0.15052933923912498,0.039844853853749994,0.025,0.146,6.248421052289474,6.2484211,0.06368416281578959,0.0,0.121,0.0,-0.0,0.0,1
2012-07-24 16:00:00+00:00,0.04282245,0.155678284243625,0.04452571294874999,0.144,0.185,6.226842104921053,6.2268421,0.02157895228947382,0.0,0.041,6.938893903907228e-18,0.0,5.4011754875441315e-19,1
2012-07-24 16:30:00+00:00,0.04619265,0.159532958919125,0.04802996265375,0.019,0.153,6.156315789131579,6.1563158,0.07052630492105294,0.0,0.134,0.0,-0.0,0.0,1
2012-07-24 17:00:00+00:00,0.05923065,0.17444520401412503,0.06158654910375,0.0,0.193,6.054736841763158,6.0547368,0.10157898913157926,0.0,0.193,0.0,-0.0,0.0,1
2012-07-24 17:30:00+00:00,0.06388005,0.179762966887625,0.06642087898874999,0.0,0.801,5.633157894394737,5.6331579,0.42157894176315835,0.0,0.801,0.0,-0.0,0.0,1
2012-07-24 18:00:00+00:00,0.14461725,0.272106341230625,0.15036940111875,0.0,0.899,4.84368421018421,4.8436842,0.7894736943947365,0.0,1.5,0.0,0.601,-0.04518600503618437,1
2012-07-24 18:30:00+00:00,0.08916885,0.208687095109625,0.09271554100875,0.0,0.794,4.425789473342105,4.4257895,0.41789471018421054,0.0,0.794,0.0,-0.0,0.0,1
2012-07-24 19:00:00+00:00,0.08916885,0.208687095109625,0.09271554100875,0.0,0.82,3.994210525973684,3.9942105,0.43157897334210515,0.0,0.82,0.0,-0.0,0.0,1
2012-07-24 19:30:00+00:00,0.0704667,0.18729646429175,0.0732695129925,0.0,0.828,3.5584210522894733,3.5584211,0.4357894259736841,0.0,0.828,0.0,-0.0,0.0,1
2012-07-24 20:00:00+00:00,0.0515862,0.1657018452155,0.05363804110499999,0.0,0.835,3.118947368078947,3.1189474,0.4394736522894731,0.0,0.835,0.0,-0.0,0.0,1
2012-07-24 20:30:00+00:00,0.05164155,0.165765151916375,0.05369559265124999,0.0,0.83,2.6821052628157886,2.6821053,0.4368420680789469,0.0,0.83,0.0,-0.0,0.0,1
2012-07-24 21:00:00+00:00,0.0505653,0.16453418828825,0.0525765348075,0.0,0.821,2.249999999657894,2.25,0.43210526281578865,0.0,0.821,0.0,-0.0,0.0,1
2012-07-24 21:30:00+00:00,0.04417545,0.157225781376125,0.045932528523749995,0.0,0.941,1.7547368417631573,1.7547368,0.495263199657894,0.0,0.941,0.0,-0.0,0.0,1
2012-07-24 22:00:00+00:00,0.03567615,0.14750468575287498,0.03709516886624999,0.0,0.784,1.3421052628157888,1.3421053,0.4126315417631572,0.0,0.784,0.0,-0.0,0.0,1
2012-07-24 22:30:00+00:00,0.04900935,0.162754566585875,0.050958696896249996,0.0,0.224,1.2242105259736835,1.2242105,0.1178947628157887,0.0,0.224,0.0,-0.0,0.0,1
2012-07-24 23:00:00+00:00,0.04035015,0.152850584937875,0.04195507721625,0.0,0.219,1.1089473680789466,1.1089474,0.1152631259736836,0.0,0.219,0.0,-0.0,0.0,1
2012-07-24 23:30:00+00:00,0.03929235,0.151640723543375,0.04085520322124999,0.0,0.207,1.0,1.0,0.10894736807894656,0.0,0.207,0.0,-0.0,0.0,1
2012-07-25 00:00:00+00:00,0.03525795,0.09752636845737502,0.03666033496125,0.0,0.198,1.0,1.0,0.0,0.0,0.0,0.198,0.0,0.009655110477280127,1
2012-07-25 00:30:00+00:00,0.0334929,0.09550758810725002,0.034825080097499996,0.0,0.195,1.2539894729999999,1.2539895,0.2539895000000001,0.53471468,0.0,0.7297146800000001,0.0,0.03484664454662688,1
2012-07-25 01:00:00+00:00,0.0365187,0.09896835442175002,0.0379712312925,0.0,0.192,1.2539894729999999,1.2539895,2.7000000235588573e-08,0.0,0.0,0.192,0.0,0.009500962024488002,1
2012-07-25 01:30:00+00:00,0.0371091,0.09964362589775001,0.03858511445249999,0.0,0.152,1.2539894729999999,1.2539895,2.7000000235588573e-08,0.0,0.0,0.152,0.0,0.007572915568229001,1
2012-07-25 02:00:00+00:00,0.03381885,0.09588039423462501,0.03516399475874999,0.0,0.192,1.2539894729999999,1.2539895,2.7000000235588573e-08,0.0,0.0,0.192,0.0,0.009204517846524,1
2012-07-25 02:30:00+00:00,0.0325581,0.09443840827025,0.03385309842749999,0.0,0.112,1.9664894729999998,1.9664895,0.7125000270000001,1.5,0.0,1.612,0.0,0.07611735706582151,1
2012-07-25 03:00:00+00:00,0.0321522,0.09397415913049999,0.033431053754999995,0.006,0.135,2.6789894729999997,2.6789895,0.7125000270000004,1.5,0.0,1.629,0.0,0.07654195261179224,1
2012-07-25 03:30:00+00:00,0.03226905,0.094107806610125,0.03355255146375,0.0,0.104,3.3914894729999996,3.3914895,0.7125000270000004,1.5,0.0,1.604,0.0,0.07547446090132025,1
2012-07-25 04:00:00+00:00,0.03228135,0.094121874765875,0.033565340696249994,0.0,0.12,4.1039894729999995,4.1039895,0.7125000270000004,1.5,0.0,1.62,0.0,0.07623871856035876,1
2012-07-25 04:30:00+00:00,0.032349,0.09419924962250001,0.033635681475000005,0.0,0.112,4.816489472999999,4.8164895,0.7125000270000008,1.5,0.0,1.612,0.0,0.07592459519573501,1
2012-07-25 05:00:00+00:00,0.0324105,0.32416959040125004,0.0336996276375,0.0,0.123,4.751752630894736,4.7517526,0.0647368729999993,0.0,0.123,0.0,-0.0,0.0,1
2012-07-25 05:30:00+00:00,0.03349905,0.325414622185125,0.03483147471375,0.0,0.108,4.694910525631578,4.6949105,0.05684213089473644,0.0,0.108,0.0,-0.0,0.0,1
2012-07-25 06:00:00+00:00,0.03595905,0.328228253335125,0.03738932121374999,0.0,0.111,4.636489472999999,4.6364895,0.058421025631578694,0.0,0.111,0.0,-0.0,0.0,1
2012-07-25 06:30:00+00:00,0.0416601,0.33474884352525,0.04331713047749999,0.0,0.106,4.580699999315788,4.5807,0.055789472999999035,0.0,0.106,0.0,-0.0,0.0,1
2012-07-25 07:00:00+00:00,0.0406515,0.33359525475375,0.0422684134125,0.0,0.115,4.520173683526314,4.5201737,0.06052629931578846,0.0,0.115,0.0,-0.0,0.0,1
2012-07-25 07:30:00+00:00,0.04009185,0.332955153667125,0.04168650333374999,0.0,0.161,4.435436841421051,4.4354368,0.0847368835263147,0.0,0.161,0.0,-0.0,0.0,1
2012-07-25 08:00:00+00:00,0.0489663,0.34310532804075,0.050913934582499994,0.019,0.122,4.381226315105262,4.3812263,0.05421054142105142,0.0,0.103,0.0,-0.0,0.0,1
2012-07-25 08:30:00+00:00,0.04742265,0.341339774494125,0.049308885903749995,0.038,0.142,4.326489472999999,4.3264895,0.05473681510526163,0.0,0.104,0.0,1.3877787807814457e-17,-3.421491278059879e-19,1
2012-07-25 09:00:00+00:00,0.04392945,0.337344418261125,0.045676743873749995,0.1,0.124,4.313857894052631,4.3138579,0.012631572999998397,0.0,0.024,0.0,6.938893903907228e-18,-1.5847303980794784e-19,1
2012-07-25 09:30:00+00:00,0.0431976,0.336507362994,0.044915784539999996,0.181,0.105,4.349957894052631,4.3499579,0.03610000594736906,0.076,0.0,0.0,-0.0,0.0,1
2012-07-25 10:00:00+00:00,0.0397044,0.332512006761,0.041283642509999996,0.231,0.174,4.377032894052631,4.3770329,0.02707500594736878,0.057,0.0,0.0,2.7755575615628914e-17,-5.729256306874486e-19,1
2012-07-25 10:30:00+00:00,0.0396183,0.33241352967075005,0.0411941178825,0.269,0.19,4.41455789405263,4.4145579,0.037525005947369294,0.079,0.0,0.0,-0.0,0.0,1
2012-07-25 11:00:00+00:00,0.03929235,0.151640723543375,0.04085520322124999,0.3,0.156,4.48295789405263,4.4829579,0.06840000594736928,0.144,0.0,0.0,-0.0,0.0,1
2012-07-25 11:30:00+00:00,0.0385851,0.15083180458774997,0.040119822352499994,0.325,0.139,4.57130789405263,4.5713079,0.08835000594736986,0.186,0.0,0.0,-0.0,0.0,1
2012-07-25 12:00:00+00:00,0.0350919,0.14683644835475002,0.0364876803225,0.331,0.141,4.66155789405263,4.6615579,0.09025000594736987,0.19,0.0,0.0,5.551115123125783e-17,-1.012736570230044e-18,1
2012-07-25 12:30:00+00:00,0.0346122,0.14628779028049999,0.035988900255,0.344,0.141,4.75798289405263,4.7579829,0.09642500594736969,0.203,0.0,0.0,-0.0,0.0,1
2012-07-25 13:00:00+00:00,0.03444,0.14609083609999998,0.035809851,0.344,0.147,4.851557894052631,4.8515579,0.09357500594737012,0.197,0.0,0.0,-0.0,0.0,1
2012-07-25 13:30:00+00:00,0.0343416,0.14597829085400002,0.035707537139999995,0.338,0.143,4.944182894052631,4.9441829,0.09262500594736967,0.195,0.0,0.0,5.551115123125783e-17,-9.910832471371477e-19,1
2012-07-25 14:00:00+00:00,0.03383115,0.145394462390375,0.035176783991249995,0.319,0.151,5.02398289405263,5.0239829,0.07980000594736936,0.168,0.0,0.0,-0.0,0.0,1
2012-07-25 14:30:00+00:00,0.03383115,0.145394462390375,0.035176783991249995,0.3,0.186,5.07813289405263,5.0781329,0.05415000594736963,0.114,0.0,0.0,-0.0,0.0,1
2012-07-25 15:00:00+00:00,0.0343416,0.14597829085400002,0.035707537139999995,0.275,0.171,5.127532894052631,5.1275329,0.04940000594737004,0.104,0.0,0.0,-0.0,0.0,1
2012-07-25 15:30:00+00:00,0.03444615,0.146097870177875,0.03581624561625,0.231,0.157,5.16268289405263,5.1626829,0.0351500059473695,0.074,0.0,0.0,2.7755575615628914e-17,-4.970502567348822e-19,1
2012-07-25 16:00:00+00:00,0.03469215,0.14637923329287497,0.03607203026624999,0.175,0.174,5.16315789405263,5.1631579,0.000475005947369489,0.001,0.0,0.0,-0.0,0.0,1
2012-07-25 16:30:00+00:00,0.03437235,0.146013461243375,0.03573951022125,0.006,0.153,5.085789472999998,5.0857895,0.07736839405263041,0.0,0.147,0.0,-0.0,0.0,1
2012-07-25 17:00:00+00:00,0.03736125,0.149432023090625,0.038847293718749995,0.0,0.176,4.99315789405263,4.9931579,0.09263157299999847,0.0,0.176,0.0,-0.0,0.0,1
2012-07-25 17:30:00+00:00,0.03736125,0.149432023090625,0.038847293718749995,0.0,0.156,4.911052630894735,4.9110526,0.08210529405263056,0.0,0.156,0.0,-0.0,0.0,1
2012-07-25 18:00:00+00:00,0.0452886,0.1584989494715,0.047089954064999995,0.0,0.173,4.819999999315788,4.82,0.09105263089473503,0.0,0.173,0.0,-0.0,0.0,1
2012-07-25 18:30:00+00:00,0.0454977,0.15873810811925002,0.0473073710175,0.0,0.144,4.744210525631577,4.7442105,0.07578949931578727,0.0,0.144,0.0,-0.0,0.0,1
2012-07-25 19:00:00+00:00,0.0441324,0.157176542831,0.04588776620999999,0.0,0.241,4.617368420368419,4.6173684,0.12684212563157704,0.0,0.241,0.0,-0.0,0.0,1
2012-07-25 19:30:00+00:00,0.03971055,0.152119040838875,0.04129003712625,0.0,0.247,4.487368420368419,4.4873684,0.13000002036841884,0.0,0.247,0.0,-0.0,0.0,1
2012-07-25 20:00:00+00:00,0.04014105,0.152611426290125,0.04173766026374999,0.0,0.868,4.030526315105261,4.0305263,0.4568421203684192,0.0,0.868,0.0,-0.0,0.0,1
2012-07-25 20:30:00+00:00,0.0413526,0.1539971396315,0.042997399665000005,0.0,1.705,3.2410526308947345,3.2410526,0.7894737151052609,0.0,1.5,0.20500000000000007,0.0,0.015784706812228756,1
2012-07-25 21:00:00+00:00,0.0407499,0.15330779999975,0.04237072727249999,0.0,1.789,2.451578946684208,2.4515789,0.7894737308947346,0.0,1.5,0.2889999999999999,0.0,0.022152977099963868,1
2012-07-25 21:30:00+00:00,0.0360267,0.14790562819175002,0.037459661992500004,0.0,1.306,1.7642105256315763,1.7642105,0.687368446684208,0.0,1.306,0.0,-0.0,0.0,1
2012-07-25 22:00:00+00:00,0.03423705,0.145858711530125,0.03559882866375,0.0,0.867,1.307894736157892,1.3078947,0.45631582563157624,0.0,0.867,0.0,-0.0,0.0,1
2012-07-25 22:30:00+00:00,0.03801315,0.150177635345375,0.03952512304125,0.0,0.194,1.2057894729999974,1.2057895,0.10210523615789202,0.0,0.194,0.0,-0.0,0.0,1
2012-07-25 23:00:00+00:00,0.0337512,0.14530301937800003,0.03509365398,0.0,0.209,1.0957894729999973,1.0957895,0.10999997299999742,0.0,0.209,0.0,-0.0,0.0,1
2012-07-25 23:30:00+00:00,0.0345384,0.146203381346,0.03591216485999999,0.0,0.182,1.0,1.0,0.0957894729999973,0.0,0.182,0.0,-0.0,0.0,1
2012-07-26 00:00:00+00:00,0.0336774,0.0957186104435,0.035016918585,0.0,0.205,1.68934736,1.6893474,0.17408420000000002,1.4512576,0.0,1.6562576,0.0,0.07926733800424313,1
2012-07-26 00:30:00+00:00,0.0339603,0.09604217802575002,0.0353110709325,0.006,0.182,1.68934736,1.6893474,3.9999999978945766e-08,0.0,0.0,0.176,0.0,0.008451711666266001,1
2012-07-26 01:00:00+00:00,0.03451995,0.09668227911237502,0.03589298101125,0.0,0.201,1.68934736,1.6893474,3.9999999978945766e-08,0.0,0.0,0.201,0.0,0.00971656905079369,1
2012-07-26 01:30:00+00:00,0.03390495,0.09597887132487501,0.03525351938625,0.0,0.237,2.37869472,2.3786947,0.6893473400000001,1.4512576,0.0,1.6882576,0.0,0.08101852947682116,1
2012-07-26 02:00:00+00:00,0.03255195,0.09443137419237502,0.033846703811250003,0.0,0.2,3.09119472,3.0911947,0.71249998,1.5,0.0,1.7,0.0,0.08026666806351876,1
2012-07-26 02:30:00+00:00,0.03132195,0.093024558617375,0.032567780561249995,0.0,0.217,3.8036947199999998,3.8036947,0.71249998,1.5,0.0,1.717,0.0,0.07986158357301644,1
2012-07-26 03:00:00+00:00,0.030504,0.09208902626,0.0317172966,0.0,0.202,4.51619472,4.5161947,0.71249998,1.5,0.0,1.702,0.0,0.07836776134725999,1
2012-07-26 03:30:00+00:00,0.0296061,0.09106205089025,0.030783682627499996,0.0,0.193,5.22869472,5.2286947,0.7124999800000005,1.5,0.0,1.693,0.0,0.07708402607859663,1
2012-07-26 04:00:00+00:00,0.0262851,0.08726364883775001,0.027330589852499997,0.0,0.204,5.94119472,5.9411947,0.7124999799999996,1.5,0.0,1.704,0.0,0.074348628809763,1
2012-07-26 04:30:00+00:00,0.02763195,0.08880411189237501,0.02873101081125,0.0,0.177,6.653694720000001,6.6536947,0.7124999799999996,1.5,0.0,1.677,0.0,0.07446224782175645,1
2012-07-26 05:00:00+00:00,0.03023955,0.321686560911375,0.03144232810124999,0.0,0.186,6.555799983157895,6.5558,0.0978947200000011,0.0,0.186,0.0,-0.0,0.0,1
2012-07-26 05:30:00+00:00,0.0331854,0.3250558842135,0.034505349284999993,0.0,0.176,6.463168404210527,6.4631684,0.09263158315789521,0.0,0.176,0.0,-0.0,0.0,1
2012-07-26 06:00:00+00:00,0.0336528,0.32559047413200004,0.03499134011999999,0.0,0.153,6.382642088421053,6.3826421,0.08052630421052687,0.0,0.153,0.0,-0.0,0.0,1
2012-07-26 06:30:00+00:00,0.03750885,0.33000084095962506,0.03900076450875,0.0,0.132,6.313168404210527,6.3131684,0.06947368842105295,0.0,0.132,0.0,-0.0,0.0,1
2012-07-26 07:00:00+00:00,0.04011645,0.332983289978625,0.041712081798749995,0.0,0.141,6.238957877894738,6.2389579,0.07421050421052744,0.0,0.141,0.0,-0.0,0.0,1
2012-07-26 07:30:00+00:00,0.0389295,0.33162571294875004,0.040477920862499996,0.006,0.123,6.177378930526317,6.1773789,0.06157897789473843,0.0,0.117,0.0,1.3877787807814457e-17,-2.8087199831564044e-19,1
2012-07-26 08:00:00+00:00,0.04278555,0.336036079776375,0.04448734525124999,0.025,0.137,6.118431562105265,6.1184316,0.05894733052631729,0.0,0.112,1.3877787807814457e-17,0.0,2.3317187054531716e-18,1
2012-07-26 08:30:00+00:00,0.04170315,0.33479808207037504,0.04336189279125,0.1,0.128,6.103694720000002,6.1036947,0.014736862105264592,0.0,0.028,0.0,3.469446951953614e-18,-7.522089338777086e-20,1
2012-07-26 09:00:00+00:00,0.03966135,0.332462768215875,0.041238880196249994,0.156,0.15,6.106544720000001,6.1065447,0.0028499799999979203,0.006,0.0,0.0,-0.0,0.0,1
2012-07-26 09:30:00+00:00,0.0396183,0.33241352967075005,0.0411941178825,0.213,0.655,5.873913141052633,5.8739131,0.23263162000000115,0.0,0.442,5.551115123125783e-17,0.0,9.226328858434608e-18,1
2012-07-26 10:00:00+00:00,0.03958755,0.33237835928137505,0.041162144801249995,0.175,0.359,5.777071035789475,5.777071,0.09684214105263234,0.0,0.184,0.0,-0.0,0.0,1
2012-07-26 10:30:00+00:00,0.03956295,0.33235022296987504,0.04113656633625,0.219,1.083,5.3223341936842115,5.3223342,0.45473683578947455,0.0,0.864,0.0,-0.0,0.0,1
2012-07-26 11:00:00+00:00,0.03674625,0.14872861530312498,0.03820783209375,0.306,0.773,5.076544720000001,5.0765447,0.2457894936842111,0.0,0.467,0.0,-0.0,0.0,1
2012-07-26 11:30:00+00:00,0.03440925,0.146055665710625,0.03577787791875,0.244,0.645,4.865492088421053,4.8654921,0.21105262000000113,0.0,0.401,0.0,-0.0,0.0,1
2012-07-26 12:00:00+00:00,0.03442155,0.146069733866375,0.035790667151250004,0.1,0.683,4.5586499831578955,4.55865,0.3068420884210532,0.0,0.583,1.1102230246251565e-16,0.0,8.108499086965926e-18,1
2012-07-26 12:30:00+00:00,0.0344646,0.1461189724115,0.03583542946499999,0.069,0.62,4.2686499831578955,4.26865,0.28999998315789544,0.0,0.551,0.0,1.1102230246251565e-16,-1.9892659444686873e-18,1
2012-07-26 13:00:00+00:00,0.0343416,0.14597829085400002,0.035707537139999995,0.244,0.349,4.213386825263159,4.2133868,0.055263183157895135,0.0,0.105,0.0,1.3877787807814457e-17,-2.477708117842869e-19,1
2012-07-26 13:30:00+00:00,0.03412635,0.145732098128375,0.03548372557125,0.269,0.156,4.267061825263159,4.2670618,0.053674974736840575,0.113,0.0,0.0,-0.0,0.0,1
2012-07-26 14:00:00+00:00,0.0338988,0.14547183724700002,0.03524712477,0.213,0.196,4.275136825263159,4.2751368,0.008074974736841156,0.017,0.0,2.7755575615628914e-17,0.0,2.018827289326786e-18,1
2012-07-26 14:30:00+00:00,0.0337389,0.14528895122225002,0.0350808647475,0.044,0.149,4.2198736673684225,4.2198737,0.05526312526315902,0.0,0.105,0.0,-0.0,0.0,1
2012-07-26 15:00:00+00:00,0.033825,0.1453874283125,0.035170389375,0.025,0.185,4.135663141052633,4.1356631,0.08421056736842214,0.0,0.16,0.0,-0.0,0.0,1
2012-07-26 15:30:00+00:00,0.0339849,0.14557031433724998,0.035336649397499996,0.038,0.156,4.073557877894738,4.0735579,0.06210524105263282,0.0,0.118,0.0,-0.0,0.0,1
2012-07-26 16:00:00+00:00,0.03418785,0.145802438907125,0.035547671733749994,0.163,0.179,4.065136825263159,4.0651368,0.008421077894738005,0.0,0.016,0.0,1.3877787807814457e-17,-2.4666152269141313e-19,1
2012-07-26 16:30:00+00:00,0.0365187,0.14846835442175,0.0379712312925,0.025,0.155,3.99671577263158,3.9967158,0.06842102526315896,0.0,0.13,0.0,-0.0,0.0,1
2012-07-26 17:00:00+00:00,0.0378225,0.14995957893125,0.0393268899375,0.006,0.174,3.908294720000001,3.9082947,0.08842107263158017,0.0,0.168,0.0,2.7755575615628914e-17,-5.457702336938985e-19,1
2012-07-26 17:30:00+00:00,0.03880035,0.15107799731337498,0.04034363392125,0.0,0.156,3.826189456842106,3.8261895,0.0821052200000012,0.0,0.156,0.0,-0.0,0.0,1
2012-07-26 18:00:00+00:00,0.0475272,0.161059353818,0.04941759438,0.0,0.168,3.7377684042105273,3.7377684,0.088421056842106,0.0,0.168,0.0,-0.0,0.0,1
2012-07-26 18:30:00+00:00,0.0481545,0.16177682976125002,0.0500698452375,0.0,0.157,3.655136825263159,3.6551368,0.08263160421052707,0.0,0.157,0.0,-0.0,0.0,1
2012-07-26 19:00:00+00:00,0.0477978,0.16136885324449998,0.049698957494999994,0.0,0.166,3.5677684042105273,3.5677684,0.08736842526315902,0.0,0.166,0.0,-0.0,0.0,1
2012-07-26 19:30:00+00:00,0.04213365,0.154890467521625,0.04380951592875,0.0,0.207,3.458821035789475,3.458821,0.1089474042105274,0.0,0.207,0.0,-0.0,0.0,1
2012-07-26 20:00:00+00:00,0.0396675,0.15206980229375,0.041245274812499996,0.0,0.174,3.3672420884210537,3.3672421,0.09157893578947496,0.0,0.174,0.0,-0.0,0.0,1
2012-07-26 20:30:00+00:00,0.04620495,0.159547027074875,0.04804275188625,0.0,0.192,3.266189456842106,3.2661895,0.1010525884210538,0.0,0.192,0.0,-0.0,0.0,1
2012-07-26 21:00:00+00:00,0.04458135,0.157690030515875,0.04635457319624999,0.0,0.187,3.1677684042105274,3.1677684,0.09842105684210622,0.0,0.187,0.0,-0.0,0.0,1
2012-07-26 21:30:00+00:00,0.03966135,0.152062768215875,0.041238880196249994,0.0,0.142,3.0930315621052644,3.0930316,0.0747368042105272,0.0,0.142,0.0,-0.0,0.0,1
2012-07-26 22:00:00+00:00,0.03634035,0.14826436616337502,0.03778578742125,0.006,0.178,3.0025052463157906,3.0025052,0.09052636210526455,0.0,0.172,0.0,-0.0,0.0,1
2012-07-26 22:30:00+00:00,0.04311765,0.156015919981625,0.044832654528749995,0.0,0.291,2.8493473515789485,2.8493474,0.15315784631579055,0.0,0.291,0.0,-0.0,0.0,1
2012-07-26 23:00:00+00:00,0.03659865,0.14855979743412498,0.03805436130375,0.0,1.043,2.300399983157896,2.3004,0.5489473515789487,0.0,1.043,0.0,-0.0,0.0,1
2012-07-26 23:30:00+00:00,0.0362973,0.14821512761825,0.03774102510749999,0.0,1.161,1.6893473515789488,1.6893474,0.6110525831578961,0.0,1.161,0.0,-0.0,0.0,1
2012-07-27 00:00:00+00:00,0.0342555,0.09637981376375002,0.035618012512500005,0.0,0.847,1.6893473515789488,1.6893474,4.842105116864559e-08,0.0,0.0,0.847,0.0,0.04081685112894813,1
2012-07-27 00:30:00+00:00,0.0339234,0.09599997355850001,0.035272703235,0.0,0.405,1.6893473515789488,1.6893474,4.842105116864559e-08,0.0,0.0,0.405,0.0,0.019439994645596252,1
2012-07-27 01:00:00+00:00,0.03822225,0.10091679399312502,0.03974253999375,0.0,0.184,1.6893473515789488,1.6893474,4.842105116864559e-08,0.0,0.0,0.184,0.0,0.009284345047367502,1
2012-07-27 01:30:00+00:00,0.03846825,0.10119815710812499,0.03999832464375,0.0,0.148,1.6893473515789488,1.6893474,4.842105116864559e-08,0.0,0.0,0.148,0.0,0.007488663626001249,1
2012-07-27 02:00:00+00:00,0.03443385,0.09658380202212502,0.03580345638375,0.0,0.172,1.6893473515789488,1.6893474,4.842105116864559e-08,0.0,0.0,0.172,0.0,0.008306206973902752,1
2012-07-27 02:30:00+00:00,0.03321,0.09518402052500002,0.03453092775,0.0,0.144,1.6893473515789488,1.6893474,4.842105116864559e-08,0.0,0.0,0.144,0.0,0.0068532494778000014,1
2012-07-27 03:00:00+00:00,0.032349,0.09419924962250001,0.033635681475000005,0.0,0.173,1.6893473515789488,1.6893474,4.842105116864559e-08,0.0,0.0,0.173,0.0,0.00814823509234625,1
2012-07-27 03:30:00+00:00,0.03140805,0.09312303570762501,0.03265730518875,0.0,0.149,1.8470368255789489,1.8470368,0.15768944842105115,0.33197784,0.0,0.48097784,0.0,0.022395058284448172,1
2012-07-27 04:00:00+00:00,0.031734,0.09349584183500001,0.032996219849999994,0.0,0.175,2.004726299578949,2.0047263,2.557894895893753e-08,0.33197784,0.0,0.50697784,0.0,0.023700159971244972,1
2012-07-27 04:30:00+00:00,0.0318324,0.09360838708100001,0.033098533709999996,0.0,0.146,2.162415773578949,2.1624158,4.210511939106709e-10,0.33197784,0.0,0.47797784,0.0,0.022371367331430147,1
2012-07-27 05:00:00+00:00,0.03279795,0.324612737307375,0.03410248846125,0.0,0.17,2.0729420893684227,2.0729421,0.08947367357894898,0.0,0.17,0.0,-0.0,0.0,1
2012-07-27 05:30:00+00:00,0.0343908,0.326434563477,0.03575869406999999,0.0,0.134,2.002415773578949,2.0024158,0.07052628936842265,0.0,0.134,0.0,-0.0,0.0,1
2012-07-27 06:00:00+00:00,0.03678315,0.32917081977037504,0.03824619979125,0.0,0.166,1.9150473525263174,1.9150474,0.087368373578949,0.0,0.166,0.0,-0.0,0.0,1
2012-07-27 06:30:00+00:00,0.03937845,0.33213920063362506,0.04094472784875,0.0,0.142,1.8403105104210542,1.8403105,0.07473685252631745,0.0,0.142,0.0,-0.0,0.0,1
2012-07-27 07:00:00+00:00,0.04959975,0.343829838061875,0.05157258005625,0.0,0.142,1.765573668315791,1.7655737,0.07473681042105418,0.0,0.142,0.0,-0.0,0.0,1
2012-07-27 07:30:00+00:00,0.0414756,0.334537821189,0.043125291989999995,0.0,0.09,1.7182052472631595,1.7182052,0.04736846831579089,0.0,0.09,0.0,-0.0,0.0,1
2012-07-27 08:00:00+00:00,0.0498765,0.34414637156625005,0.051860337787499995,0.031,0.102,1.680836826210528,1.6808368,0.037368447263159466,0.0,0.071,0.0,-0.0,0.0,1
2012-07-27 08:30:00+00:00,0.0499872,0.344272984968,0.05197544088,0.088,0.088,1.680836826210528,1.6808368,2.6210527970249586e-08,0.0,0.0,0.0,-0.0,0.0,1
2012-07-27 09:00:00+00:00,0.0388557,0.33154130401425,0.040401185467499996,0.138,0.103,1.697461826210528,1.6974618,0.01662497378947192,0.035,0.0,0.0,-0.0,0.0,1
2012-07-27 09:30:00+00:00,0.03950145,0.33227988219112503,0.04107262017375,0.188,0.094,1.7421118262105282,1.7421118,0.044649973789471886,0.094,0.0,0.0,-0.0,0.0,1
2012-07-27 10:00:00+00:00,0.0373797,0.32985312532425004,0.0388664775675,0.238,0.103,1.8062368262105282,1.8062368,0.0641249737894718,0.135,0.0,0.0,-0.0,0.0,1
2012-07-27 10:30:00+00:00,0.0342924,0.32632201823100004,0.03565638021,0.269,0.096,1.888411826210528,1.8884118,0.08217497378947192,0.173,0.0,0.0,-0.0,0.0,1
2012-07-27 11:00:00+00:00,0.03443385,0.146083802022125,0.03580345638375,0.306,0.093,1.989586826210528,1.9895868,0.10117497378947204,0.213,0.0,0.0,-0.0,0.0,1
2012-07-27 11:30:00+00:00,0.03447075,0.14612600648937502,0.03584182408125,0.306,0.098,2.088386826210528,2.0883868,0.0987999737894718,0.208,0.0,0.0,-0.0,0.0,1
2012-07-27 12:00:00+00:00,0.0343662,0.1460064271655,0.035733115605,0.344,0.1,2.2042868262105277,2.2042868,0.11589997378947237,0.244,0.0,0.0,-0.0,0.0,1
2012-07-27 12:30:00+00:00,0.0344646,0.1461189724115,0.03583542946499999,0.35,0.11,2.3182868262105276,2.3182868,0.11399997378947235,0.24,0.0,0.0,-0.0,0.0,1
2012-07-27 13:00:00+00:00,0.0339603,0.14554217802575,0.0353110709325,0.356,0.101,2.4394118262105278,2.4394118,0.12112497378947218,0.255,0.0,0.0,-0.0,0.0,1
2012-07-27 13:30:00+00:00,0.03378195,0.14533818976737498,0.03512562706124999,0.356,0.108,2.5572118262105277,2.5572118,0.11779997378947238,0.248,0.0,0.0,-0.0,0.0,1
2012-07-27 14:00:00+00:00,0.0330009,0.14444486187724997,0.034313510797499995,0.331,0.099,2.6674118262105275,2.6674118,0.11019997378947233,0.232,0.0,0.0,-0.0,0.0,1
2012-07-27 14:30:00+00:00,0.03276105,0.144170532840125,0.03406412076375,0.269,0.148,2.7248868262105277,2.7248868,0.05747497378947264,0.121,0.0,0.0,-0.0,0.0,1
2012-07-27 15:00:00+00:00,0.0325335,0.14391027195875,0.0338275199625,0.275,0.124,2.7966118262105275,2.7966118,0.07172497378947229,0.151,0.0,0.0,-0.0,0.0,1
2012-07-27 15:30:00+00:00,0.03390495,0.145478871324875,0.03525351938625,0.188,0.141,2.8189368262105274,2.8189368,0.022324973789472402,0.047,0.0,0.0,-0.0,0.0,1
2012-07-27 16:00:00+00:00,0.03396645,0.145549212103625,0.035317465548749996,0.075,0.134,2.78788419463158,2.7878842,0.03105262621052729,0.0,0.059,1.3877787807814457e-17,0.0,1.0099505405843438e-18,1
2012-07-27 16:30:00+00:00,0.0350181,0.14675203942025,0.0364109449275,0.019,0.089,2.7510420893684224,2.7510421,0.03684209463158039,0.0,0.07,0.0,1.3877787807814457e-17,-2.526516837929316e-19,1
2012-07-27 17:00:00+00:00,0.0331977,0.14466995236925,0.0345181385175,0.006,0.126,2.68788419463158,2.6878842,0.06315788936842237,0.0,0.12,0.0,-0.0,0.0,1
2012-07-27 17:30:00+00:00,0.03408945,0.145689893661125,0.03544535787375,0.0,0.087,2.6420947209473695,2.6420947,0.04578949463158022,0.0,0.087,0.0,-0.0,0.0,1
2012-07-27 18:00:00+00:00,0.03893565,0.15123274702662498,0.04048431547875,0.0,0.123,2.5773578788421063,2.5773579,0.06473682094736954,0.0,0.123,0.0,-0.0,0.0,1
2012-07-27 18:30:00+00:00,0.0387819,0.15105689507975,0.0403244500725,0.0,0.085,2.532621036736843,2.532621,0.04473687884210653,0.0,0.085,0.0,-0.0,0.0,1
2012-07-27 19:00:00+00:00,0.03929235,0.151640723543375,0.04085520322124999,0.0,0.121,2.4689368262105273,2.4689368,0.06368423673684331,0.0,0.121,0.0,-0.0,0.0,1
2012-07-27 19:30:00+00:00,0.03571305,0.147546890220125,0.03713353656375,0.0,0.081,2.426305247263159,2.4263052,0.04263162621052752,0.0,0.081,0.0,-0.0,0.0,1
2012-07-27 20:00:00+00:00,0.0341448,0.145753200362,0.035502909420000006,0.0,0.119,2.3636736683157906,2.3636737,0.0626315472631589,0.0,0.119,0.0,-0.0,0.0,1
2012-07-27 20:30:00+00:00,0.0420537,0.15479902450925,0.0437263859175,0.0,0.089,2.3168315630526326,2.3168316,0.04684206831579063,0.0,0.089,0.0,-0.0,0.0,1
2012-07-27 21:00:00+00:00,0.03867735,0.15093731575587502,0.04021574159624999,0.0,0.127,2.2499894577894746,2.2499895,0.06684206305263274,0.0,0.127,0.0,-0.0,0.0,1
2012-07-27 21:30:00+00:00,0.03670935,0.148686410835875,0.03816946439625,0.0,0.081,2.207357878842106,2.2073579,0.042631557789474694,0.0,0.081,0.0,-0.0,0.0,1
2012-07-27 22:00:00+00:00,0.03388035,0.145450735013375,0.03522794092124999,0.0,0.111,2.148936826210527,2.1489368,0.05842107884210623,0.0,0.111,0.0,-0.0,0.0,1
2012-07-27 22:30:00+00:00,0.04082985,0.153399243012125,0.04245385728375,0.0,0.082,2.105778931473685,2.1057789,0.043157926210527275,0.0,0.082,0.0,-0.0,0.0,1
2012-07-27 23:00:00+00:00,0.03603285,0.14791266226962502,0.03746605660874999,0.0,0.113,2.0463052472631587,2.0463052,0.05947373147368484,0.0,0.113,0.0,-0.0,0.0,1
2012-07-27 23:30:00+00:00,0.0399504,0.152393369876,0.041539427159999996,0.0,0.079,2.0047262998947377,2.0047263,0.04157894726315847,0.0,0.079,0.0,-0.0,0.0,1
2012-07-28 00:00:00+00:00,0.03801315,0.100677635345375,0.03952512304125,0.0,0.114,1.951874984105264,1.951875,0.05600919989473763,0.0,0.1004175,0.013582499999999997,0.0,0.0006837269910392778,1
2012-07-28 00:30:00+00:00,0.03745965,0.10004456833662499,0.03894960757874999,0.0,0.092,1.9034539314736851,1.9034539,1.589473597185531e-08,0.0,0.092,0.0,-0.0,0.0,1
2012-07-28 01:00:00+00:00,0.0363711,0.09879953655275002,0.0378177605025,0.0,0.111,1.8506026156842115,1.8506026,0.004430231473685042,0.0,0.1004175,0.010582499999999995,0.0,0.0005227730477847383,1
2012-07-28 01:30:00+00:00,0.0353379,0.09761781146975,0.036743464972499994,0.0,0.08,1.8506026156842115,1.8506026,1.5684211485123e-08,0.0,0.0,0.08,0.0,0.00390471245879,1
2012-07-28 02:00:00+00:00,0.03336375,0.09535987247187501,0.03469079315625,0.0,0.11,1.8506026156842115,1.8506026,1.5684211485123e-08,0.0,0.0,0.11,0.0,0.005244792985953125,1
2012-07-28 02:30:00+00:00,0.03380655,0.095866326078875,0.03515120552624999,0.0,0.074,1.8506026156842115,1.8506026,1.5684211485123e-08,0.0,0.0,0.074,0.0,0.003547054064918375,1
2012-07-28 03:00:00+00:00,0.0342186,0.09633760929650001,0.035579644815000006,0.0,0.123,1.8506026156842115,1.8506026,1.5684211485123e-08,0.0,0.0,0.123,0.0,0.005924762971734751,1
2012-07-28 03:30:00+00:00,0.03411405,0.096218029972625,0.035470936338749995,0.0,0.082,1.8506026156842115,1.8506026,1.5684211485123e-08,0.0,0.0,0.082,0.0,0.003944939228877626,1
2012-07-28 04:00:00+00:00,0.0326934,0.0945931579835,0.03399377998499999,0.0,0.1,1.8506026156842115,1.8506026,1.5684211485123e-08,0.0,0.0,0.1,0.0,0.004729657899175,1
2012-07-28 04:30:00+00:00,0.03085455,0.092489968698875,0.03208178972625,0.0,0.087,1.8506026156842115,1.8506026,1.5684211485123e-08,0.0,0.0,0.087,0.0,0.004023313638401063,1
2012-07-28 05:00:00+00:00,0.0314634,0.32308634240850004,0.032714856735000006,0.0,0.091,1.8027078788421063,1.8027079,0.04789471568421155,0.0,0.091,0.0,-0.0,0.0,1
2012-07-28 05:30:00+00:00,0.03207225,0.32378271611812504,0.033347923743749994,0.0,0.093,1.7537605104210536,1.7537605,0.048947378842106204,0.0,0.093,0.0,-0.0,0.0,1
2012-07-28 06:00:00+00:00,0.03209685,0.32381085242962504,0.033373502208749996,0.0,0.088,1.7074447209473693,1.7074447,0.046315810421053705,0.0,0.088,0.0,-0.0,0.0,1
2012-07-28 06:30:00+00:00,0.03385575,0.325822598701875,0.03520236245624999,0.006,0.1,1.657971036736843,1.657971,0.04947372094736924,0.0,0.094,0.0,-0.0,0.0,1
2012-07-28 07:00:00+00:00,0.0340341,0.32602658696025005,0.0353878063275,0.0,0.085,1.6132341946315798,1.6132342,0.04473683673684303,0.0,0.085,0.0,-0.0,0.0,1
2012-07-28 07:30:00+00:00,0.0335544,0.325477928886,0.03488902625999999,0.0,0.105,1.557971036736843,1.557971,0.055263194631579804,0.0,0.105,0.0,-0.0,0.0,1
2012-07-28 08:00:00+00:00,0.0350919,0.32723644835475,0.0364876803225,0.031,0.076,1.5342868262105271,1.5342868,0.023684236736842834,0.0,0.045,0.0,-0.0,0.0,1
2012-07-28 08:30:00+00:00,0.0360759,0.32836190081475,0.037510818922499994,0.088,0.105,1.5253394577894746,1.5253395,0.008947326210527073,0.0,0.017,0.0,-0.0,0.0,1
2012-07-28 09:00:00+00:00,0.03802545,0.33059170350112504,0.03953791227375,0.138,0.082,1.5519394577894745,1.5519395,0.026600042210525476,0.056,0.0,0.0,-0.0,0.0,1
2012-07-28 09:30:00+00:00,0.03870195,0.331365452067375,0.040241320061249995,0.188,0.101,1.5932644577894746,1.5932645,0.041325042210525575,0.087,0.0,0.0,-0.0,0.0,1
2012-07-28 10:00:00+00:00,0.03634035,0.328664366163375,0.03778578742125,0.238,0.08,1.6683144577894746,1.6683145,0.07505004221052536,0.158,0.0,0.0,-0.0,0.0,1
2012-07-28 10:30:00+00:00,0.03688155,0.32928336501637506,0.03834851365125,0.275,0.103,1.7500144577894745,1.7500145,0.0817000422105254,0.172,0.0,0.0,5.551115123125783e-17,-1.064385070394247e-18,1
2012-07-28 11:00:00+00:00,0.0352641,0.14703340253525,0.036666729577499994,0.306,0.08,1.8573644577894746,1.8573645,0.10735004221052558,0.226,0.0,0.0,-0.0,0.0,1
2012-07-28 11:30:00+00:00,0.034563,0.1462315176575,0.035937743325,0.325,0.102,1.9632894577894746,1.9632895,0.10592504221052534,0.223,0.0,0.0,-0.0,0.0,1
2012-07-28 12:00:00+00:00,0.0342309,0.14585167745225,0.0355924340475,0.344,0.092,2.0829894577894748,2.0829895,0.11970004221052544,0.252,0.0,0.0,-0.0,0.0,1
2012-07-28 12:30:00+00:00,0.03373275,0.145281917144375,0.03507447013125,0.35,0.104,2.1998394577894747,2.1998395,0.1168500422105252,0.246,0.0,0.0,-0.0,0.0,1
2012-07-28 13:00:00+00:00,0.03217065,0.143495261364125,0.033450237603749995,0.325,0.154,2.2810644577894745,2.2810645,0.08122504221052518,0.171,0.0,0.0,-0.0,0.0,1
2012-07-28 13:30:00+00:00,0.0320907,0.14340381835175,0.0333671075925,0.331,0.108,2.3869894577894746,2.3869895,0.10592504221052534,0.223,0.0,0.0,-0.0,0.0,1
2012-07-28 14:00:00+00:00,0.03169095,0.142946603289875,0.03295145753625,0.325,0.128,2.4805644577894745,2.4805645,0.09357504221052526,0.197,0.0,0.0,-0.0,0.0,1
2012-07-28 14:30:00+00:00,0.03110055,0.142271331813875,0.03233757437625,0.306,0.1,2.5784144577894743,2.5784145,0.09785004221052551,0.206,0.0,0.0,-0.0,0.0,1
2012-07-28 15:00:00+00:00,0.03204765,0.14335457980662497,0.03332234527874999,0.269,0.115,2.6515644577894744,2.6515645,0.07315004221052579,0.154,0.0,0.0,-0.0,0.0,1
2012-07-28 15:30:00+00:00,0.0327795,0.14419163507375,0.0340833046125,0.131,0.087,2.6724644577894745,2.6724645,0.020900042210525438,0.044,0.0,0.0,-0.0,0.0,1
2012-07-28 16:00:00+00:00,0.0335667,0.14509199704175,0.034901815492499995,0.15,0.118,2.6876644577894746,2.6876645,0.0152000422105254,0.032,0.0,0.0,-0.0,0.0,1
2012-07-28 16:30:00+00:00,0.03417555,0.145788370751375,0.03553488250125,0.019,0.091,2.6497697209473694,2.6497697,0.03789475778947482,0.0,0.072,0.0,-0.0,0.0,1
2012-07-28 17:00:00+00:00,0.0352149,0.14697712991225,0.0366155726475,0.0,0.128,2.582401299894738,2.5824013,0.0673684209473695,0.0,0.128,0.0,-0.0,0.0,1
2012-07-28 17:30:00+00:00,0.0359283,0.14779308294575,0.0373573481325,0.0,0.083,2.538717089368422,2.5387171,0.04368419989473793,0.0,0.083,0.0,-0.0,0.0,1
2012-07-28 18:00:00+00:00,0.04289625,0.155762693178125,0.04460244834374999,0.0,0.121,2.4750328788421063,2.4750329,0.06368418936842213,0.0,0.121,0.0,-0.0,0.0,1
2012-07-28 18:30:00+00:00,0.04833285,0.161980818019625,0.05025528910874999,0.0,0.088,2.4287170893684222,2.4287171,0.04631577884210625,0.0,0.088,0.0,-0.0,0.0,1
2012-07-28 19:00:00+00:00,0.04327755,0.156198806006375,0.04499891455125,0.0,0.121,2.3650328788421064,2.3650329,0.06368418936842213,0.0,0.121,0.0,-0.0,0.0,1
2012-07-28 19:30:00+00:00,0.03909555,0.15141563305137498,0.04065057550125,0.0,0.08,2.3229276156842116,2.3229276,0.042105278842106575,0.0,0.08,0.0,-0.0,0.0,1
2012-07-28 20:00:00+00:00,0.038745,0.1510146906125,0.040286082375,0.0,0.115,2.262401299894738,2.2624013,0.06052631568421152,0.0,0.115,0.0,-0.0,0.0,1
2012-07-28 20:30:00+00:00,0.04130955,0.15394790108637502,0.042952637351249996,0.0,0.09,2.2150328788421065,2.2150329,0.047368399894737845,0.0,0.09,0.0,-0.0,0.0,1
2012-07-28 21:00:00+00:00,0.0401964,0.15267473299099998,0.041795211809999996,0.0,0.109,2.157664457789475,2.1576645,0.05736837884210644,0.0,0.109,0.0,-0.0,0.0,1
2012-07-28 21:30:00+00:00,0.03635265,0.14827843431912502,0.03779857665375,0.0,0.085,2.1129276156842116,2.1129276,0.04473685778947489,0.0,0.085,0.0,-0.0,0.0,1
2012-07-28 22:00:00+00:00,0.03533175,0.147110777391875,0.03673707035625,0.0,0.111,2.0545065630526325,2.0545066,0.05842101568421176,0.0,0.111,0.0,-0.0,0.0,1
2012-07-28 22:30:00+00:00,0.03881265,0.15109206546912501,0.040356423153749994,0.0,0.078,2.013453931473685,2.0134539,0.04105266305263244,0.0,0.078,0.0,-0.0,0.0,1
2012-07-28 23:00:00+00:00,0.0366786,0.14865124044650002,0.038137491315,0.0,0.124,1.948190773578948,1.9481908,0.06526313147368512,0.0,0.124,0.0,-0.0,0.0,1
2012-07-28 23:30:00+00:00,0.0375396,0.14963601134899998,0.03903273759,0.0,0.085,1.903453931473685,1.9034539,0.04473687357894818,0.0,0.085,0.0,-0.0,0.0,1
2012-07-29 00:00:00+00:00,0.03634035,0.09876436616337503,0.03778578742125,0.0,0.103,1.903453931473685,1.9034539,3.147368499156755e-08,0.0,0.0,0.103,0.0,0.005086364857413814,1
2012-07-29 00:30:00+00:00,0.03504885,0.09728720980962502,0.03644291800875,0.0,0.081,1.903453931473685,1.9034539,3.147368499156755e-08,0.0,0.0,0.081,0.0,0.003940131997289814,1
2012-07-29 01:00:00+00:00,0.0351411,0.09739272097775001,0.036538837252500005,0.0,0.108,1.903453931473685,1.9034539,3.147368499156755e-08,0.0,0.0,0.108,0.0,0.0052592069327985005,1
2012-07-29 01:30:00+00:00,0.03469215,0.096879233292875,0.03607203026624999,0.0,0.082,1.903453931473685,1.9034539,3.147368499156755e-08,0.0,0.0,0.082,0.0,0.003972048565007875,1
2012-07-29 02:00:00+00:00,0.03370815,0.095753780832875,0.03504889166625,0.0,0.115,1.903453931473685,1.9034539,3.147368499156755e-08,0.0,0.0,0.115,0.0,0.005505842397890313,1
2012-07-29 02:30:00+00:00,0.0342432,0.09636574560800001,0.035605223279999994,0.0,0.083,1.903453931473685,1.9034539,3.147368499156755e-08,0.0,0.0,0.083,0.0,0.003999178442732001,1
2012-07-29 03:00:00+00:00,0.033825,0.0958874283125,0.035170389375,0.0,0.1,1.903453931473685,1.9034539,3.147368499156755e-08,0.0,0.0,0.1,0.0,0.004794371415625,1
2012-07-29 03:30:00+00:00,0.0324597,0.09432586302425003,0.033750784567500004,0.0,0.089,1.903453931473685,1.9034539,3.147368499156755e-08,0.0,0.0,0.089,0.0,0.004197500904579126,1
2012-07-29 04:00:00+00:00,0.03161715,0.093362194355375,0.03287472214124999,0.0,0.088,2.3115460347236847,2.311546,0.40809206852631497,0.85914127,0.0,0.9471412699999999,0.0,0.04421359366586835,1
2012-07-29 04:30:00+00:00,0.0321399,0.09396009097475001,0.0334182645225,0.0,0.095,2.7196381379736847,2.7196381,3.472368481638455e-08,0.85914127,0.0,0.9541412699999999,0.0,0.04482560026598176,1
2012-07-29 05:00:00+00:00,0.03321615,0.3250910546028751,0.03453732236625,0.0,0.082,2.6764802432368424,2.6764802,0.043157937973684835,0.0,0.082,0.0,-0.0,0.0,1
2012-07-29 05:30:00+00:00,0.0314142,0.32303006978550003,0.032663699805,0.0,0.107,2.620164453763158,2.6201645,0.05631574323684241,0.0,0.107,0.0,-0.0,0.0,1
2012-07-29 06:00:00+00:00,0.03121125,0.32279794521562505,0.032452677468749996,0.0,0.073,2.581743401131579,2.5817434,0.038421053763157964,0.0,0.073,0.0,-0.0,0.0,1
2012-07-29 06:30:00+00:00,0.0321153,0.32383195466325004,0.033392686057499996,0.0,0.109,2.5243749800789472,2.524375,0.05736840113157893,0.0,0.109,0.0,-0.0,0.0,1
2012-07-29 07:00:00+00:00,0.03311775,0.324978509356875,0.034435008506249996,0.0,0.07,2.4875328748157894,2.4875329,0.03684208007894707,0.0,0.07,0.0,-0.0,0.0,1
2012-07-29 07:30:00+00:00,0.03274875,0.32455646468437505,0.03405133153125,0.006,0.11,2.4327960327105265,2.432796,0.05473687481578926,0.0,0.104,0.0,-0.0,0.0,1
2012-07-29 08:00:00+00:00,0.0345138,0.32657524503450003,0.035886586394999996,0.031,0.072,2.4112170853421055,2.4112171,0.021578932710526466,0.0,0.041,0.0,6.938893903907228e-18,-1.2450660778415278e-19,1
2012-07-29 08:30:00+00:00,0.0341694,0.3261813366735001,0.035528487885,0.088,0.11,2.3996381379736844,2.3996381,0.01157898534210533,0.0,0.022,6.938893903907228e-18,0.0,1.1316688443060305e-18,1
2012-07-29 09:00:00+00:00,0.03605745,0.328340798581125,0.037491635073749995,0.144,0.068,2.435738137973684,2.4357381,0.0360999620263156,0.076,0.0,2.7755575615628914e-17,0.0,4.556643931357199e-18,1
2012-07-29 09:30:00+00:00,0.03813615,0.330718316902875,0.03965301536625,0.188,0.112,2.471838137973684,2.4718381,0.0360999620263156,0.076,0.0,0.0,-0.0,0.0,1
2012-07-29 10:00:00+00:00,0.0379332,0.33048619233300003,0.03944199303,0.238,0.074,2.549738137973684,2.5497381,0.07789996202631588,0.164,0.0,0.0,-0.0,0.0,1
2012-07-29 10:30:00+00:00,0.03769335,0.33021186329587504,0.03919260299625,0.269,0.094,2.632863137973684,2.6328631,0.0831249620263157,0.175,0.0,0.0,-0.0,0.0,1
2012-07-29 11:00:00+00:00,0.03813615,0.150318316902875,0.03965301536625,0.306,0.088,2.736413137973684,2.7364131,0.10354996202631606,0.218,0.0,0.0,-0.0,0.0,1
2012-07-29 11:30:00+00:00,0.0374535,0.14953753425875002,0.0389432129625,0.256,0.078,2.820963137973684,2.8209631,0.08454996202631637,0.178,0.0,0.0,-0.0,0.0,1
2012-07-29 12:00:00+00:00,0.0359898,0.1478634237245,0.037421294295000004,0.244,0.151,2.865138137973684,2.8651381,0.04417496202631588,0.093,0.0,0.0,-0.0,0.0,1
2012-07-29 12:30:00+00:00,0.0350796,0.146822380199,0.03647489109,0.163,0.114,2.888413137973684,2.8884131,0.02327496202631618,0.049,0.0,0.0,-0.0,0.0,1
2012-07-29 13:00:00+00:00,0.0352518,0.14701933437950002,0.036653940345,0.156,0.137,2.8974381379736838,2.8974381,0.009024962026316086,0.019,0.0,0.0,-0.0,0.0,1
2012-07-29 13:30:00+00:00,0.03449535,0.146154142800875,0.03586740254625,0.238,0.108,2.9591881379736837,2.9591881,0.06174996202631622,0.13,0.0,0.0,-0.0,0.0,1
2012-07-29 14:00:00+00:00,0.0344769,0.14613304056725002,0.035848218697499996,0.05,0.093,2.9365565590263154,2.9365566,0.02263153797368389,0.0,0.043,0.0,-0.0,0.0,1
2012-07-29 14:30:00+00:00,0.03444,0.14609083609999998,0.035809851,0.1,0.097,2.937981559026315,2.9379816,0.001425040973684677,0.003,0.0,0.0,-0.0,0.0,1
2012-07-29 15:00:00+00:00,0.03445845,0.146111938333625,0.035829034848750003,0.169,0.098,2.971706559026315,2.9717066,0.033725040973684894,0.071,0.0,0.0,2.7755575615628914e-17,-4.972277429897421e-19,1
2012-07-29 15:30:00+00:00,0.0346737,0.14635813105925,0.0360528464175,0.244,0.104,3.038206559026315,3.0382066,0.06650004097368489,0.14,0.0,0.0,-0.0,0.0,1
2012-07-29 16:00:00+00:00,0.03685695,0.148855228704875,0.03832293518625,0.169,0.111,3.0657565590263154,3.0657566,0.02755004097368463,0.058,0.0,0.0,-0.0,0.0,1
2012-07-29 16:30:00+00:00,0.04052235,0.153047539118375,0.04213412647125,0.006,0.084,3.024703927447368,3.0247039,0.041052659026315386,0.0,0.078,0.0,-0.0,0.0,1
2012-07-29 17:00:00+00:00,0.0446736,0.157795541684,0.04645049244,0.006,0.109,2.9704934011315784,2.9704934,0.05421052744736787,0.0,0.103,0.0,-0.0,0.0,1
2012-07-29 17:30:00+00:00,0.04028865,0.152780244159125,0.041891131053749996,0.0,0.088,2.9241776116578944,2.9241776,0.046315801131578294,0.0,0.088,0.0,-0.0,0.0,1
2012-07-29 18:00:00+00:00,0.06819735,0.18470088955587502,0.07090989959625,0.0,0.103,2.869967085342105,2.8699671,0.054210511657894145,0.0,0.103,0.0,-0.0,0.0,1
2012-07-29 18:30:00+00:00,0.0773916,0.195216835979,0.08046985088999999,0.0,0.087,2.8241776116578943,2.8241776,0.04578948534210481,0.0,0.087,0.0,-0.0,0.0,1
2012-07-29 19:00:00+00:00,0.07482705,0.192283625505125,0.07780329591375,0.0,0.107,2.76786182218421,2.7678618,0.056315811657894344,0.0,0.107,0.0,-0.0,0.0,1
2012-07-29 19:30:00+00:00,0.06155535,0.177104085450875,0.06400371404625,0.0,0.092,2.719440769552631,2.7194408,0.04842102218420985,0.0,0.092,0.0,-0.0,0.0,1
2012-07-29 20:00:00+00:00,0.05044845,0.164400540808625,0.05245503709875,0.0,0.113,2.659967085342105,2.6599671,0.059473669552631225,0.0,0.113,0.0,-0.0,0.0,1
2012-07-29 20:30:00+00:00,0.05602035,0.170773415363375,0.05824855942124999,0.0,0.084,2.615756559026315,2.6157566,0.04421048534210481,0.0,0.084,0.0,-0.0,0.0,1
2012-07-29 21:00:00+00:00,0.04338825,0.15632541940812503,0.045114017643750004,0.0,0.108,2.5589144537631574,2.5589145,0.056842059026315006,0.0,0.108,0.0,-0.0,0.0,1
2012-07-29 21:30:00+00:00,0.0393231,0.15167589393275002,0.0408871763025,0.0,0.085,2.514177611657894,2.5141776,0.04473685376315739,0.0,0.085,0.0,-0.0,0.0,1
2012-07-29 22:00:00+00:00,0.03642645,0.148362843253625,0.03787531204875,0.0,0.112,2.4552302432368416,2.4552302,0.0589474116578943,0.0,0.112,0.0,-0.0,0.0,1
2012-07-29 22:30:00+00:00,0.03573765,0.14757502653162502,0.037159115028749995,0.0,0.09,2.40786182218421,2.4078618,0.04736844323684153,0.0,0.09,0.0,-0.0,0.0,1
2012-07-29 23:00:00+00:00,0.0353625,0.14714594778125,0.036769043437499996,0.0,0.1,2.3552302432368415,2.3552302,0.05263162218421025,0.0,0.1,0.0,-0.0,0.0,1
2012-07-29 23:30:00+00:00,0.0356577,0.14748358351925,0.0370759850175,0.0,0.083,2.3115460327105257,2.311546,0.04368424323684161,0.0,0.083,0.0,-0.0,0.0,1
2012-07-30 00:00:00+00:00,0.0341817,0.09629540482925002,0.035541277117500006,0.0,0.103,2.3115460327105257,2.311546,0.04368416728947411,0.0,0.0,0.103,0.0,0.004959213348706376,1
