Timestamp,Price_SMP,Buy_Rate_USD_kWh,Sell_Rate_USD_kWh,Solar_Gen,Consumption,SoC_kWh,SoC_Planned,SoC_Deviation,Charge_kW,Discharge_kW,Buy_kW,Sell_kW,Step_Cost_USD,Reoptimized
2012-06-30 00:30:00+00:00,0.019557,0.0795683676425,0.020334879675,0.0,0.656,4.6547368421052635,4.6547368,0.0,0.0,0.656,0.0,-0.0,0.0,1
2012-06-30 01:00:00+00:00,0.0191019,0.07904784587975,0.0198616780725,0.0,0.534,4.4375,4.4375,0.2172368421052635,0.0,0.41275,0.12125000000000002,0.0,0.004792275656459845,1
2012-06-30 01:30:00+00:00,0.0182901,0.07811934760025001,0.0190175887275,0.0,0.441,4.4375,4.4375,0.0,0.0,0.0,0.441,0.0,0.017225316145855128,1
2012-06-30 02:00:00+00:00,0.01545495,0.074876637699875,0.01606967063625,0.0,0.397,4.4375,4.4375,0.0,0.0,0.0,0.397,0.0,0.014863012583425188,1
2012-06-30 02:30:00+00:00,0.0112791,0.07010049882275,0.011727726202499998,0.0,0.515,5.15,5.15,0.7125000000000004,1.5,0.0,2.015,0.0,0.07062625256392063,1
2012-06-30 03:00:00+00:00,0.0105534,0.0692704776335,0.010973161484999997,0.0,0.454,5.862500000000001,5.8625,0.7124999999999995,1.5,0.0,1.954,0.0,0.06767725664792949,1
2012-06-30 03:30:00+00:00,0.01114995,0.069952783187375,0.01159343926125,0.0,0.577,6.575000000000001,6.575,0.7124999999999995,1.5,0.0,2.077,0.0,0.07264596534008894,1
2012-06-30 04:00:00+00:00,0.01064565,0.06937598880162502,0.011069080728749998,0.0,0.831,7.287500000000001,7.2875,0.7124999999999986,1.5,0.0,2.331,0.0,0.08085771494829395,1
2012-06-30 04:30:00+00:00,0.0095325,0.06810282070625,0.009911655187499998,0.0,0.874,8.0,8.0,0.7124999999999986,1.5,0.0,2.374,0.0,0.08083804817831874,1
2012-06-30 05:00:00+00:00,0.0081918,0.29646939172950004,0.008517628845,0.0,0.89,7.531578947368421,7.5315789,0.43520380000000003,0.0,0.89,0.0,-0.0,0.0,1
2012-06-30 05:30:00+00:00,0.0119925,0.30081645185625006,0.012469501687499999,0.0,0.787,7.117368421052631,7.1173684,0.4646038473684211,0.0,0.787,0.0,-0.0,0.0,1
2012-06-30 06:00:00+00:00,0.01367145,0.3027367551161251,0.01421523192375,0.0,0.428,6.892105263157894,6.8921053,0.48720072105263057,0.0,0.428,0.0,-0.0,0.0,1
2012-06-30 06:30:00+00:00,0.01389285,0.302989981919625,0.01444543810875,0.0,0.453,6.653684210526315,6.6536842,0.49767416315789337,0.0,0.453,0.0,-0.0,0.0,1
2012-06-30 07:00:00+00:00,0.0148953,0.30413653661325,0.015487760557499999,0.0,0.542,6.368421052631578,6.3684211,0.4850989105263146,0.0,0.542,0.0,-0.0,0.0,1
2012-06-30 07:30:00+00:00,0.0171954,0.30676728173850004,0.017879347034999996,0.019,1.481,5.598947368421052,5.5989474,0.45235205263157763,0.0,1.462,2.220446049250313e-16,0.0,3.4058009938775507e-17,1
2012-06-30 08:00:00+00:00,0.018204,0.30792087051,0.0189280641,0.081,0.86,5.188947368421052,5.1889474,0.4034258684210519,0.0,0.779,0.0,-0.0,0.0,1
2012-06-30 08:30:00+00:00,0.0197415,0.30967938997875005,0.0205267181625,0.188,0.49,5.029999999999999,5.03,0.3445207684210514,0.0,0.302,0.0,-0.0,0.0,1
2012-06-30 09:00:00+00:00,0.0208485,0.31094552399625003,0.021677749087499996,0.275,0.378,4.97578947368421,4.9757895,0.2832852999999993,0.0,0.103,0.0,1.3877787807814457e-17,-1.504196009936842e-19,1
2012-06-30 09:30:00+00:00,0.0212544,0.31140977313600005,0.022099793759999996,0.331,0.128,5.07221447368421,5.0722145,0.22718397368420984,0.203,0.0,0.0,-0.0,0.0,1
2012-06-30 10:00:00+00:00,0.0207747,0.31086111506175,0.021601013692499997,0.388,0.309,5.109739473684209,5.1097395,0.18200427368420957,0.079,0.0,0.0,-0.0,0.0,1
2012-06-30 10:30:00+00:00,0.0196431,0.30956684473275003,0.0204244043025,0.419,0.309,5.161989473684209,5.1619895,0.15085907368420948,0.11,0.0,0.0,-0.0,0.0,1
2012-06-30 11:00:00+00:00,0.0194463,0.12894175424075,0.020219776582499998,0.438,0.328,5.214239473684209,5.2142395,2.6315790435660347e-08,0.11,0.0,0.0,-0.0,0.0,1
2012-06-30 11:30:00+00:00,0.02021505,0.129821013975125,0.02101910361375,0.456,0.303,5.2869144736842095,5.2869145,2.6315790435660347e-08,0.153,0.0,0.0,5.551115123125783e-17,-5.833973197241771e-19,1
2012-06-30 12:00:00+00:00,0.0196677,0.12919498104425,0.0204499827675,0.456,0.422,5.303064473684209,5.3030645,2.6315790435660347e-08,0.034,0.0,0.0,5.551115123125783e-17,-5.676010430416545e-19,1
2012-06-30 12:30:00+00:00,0.0190404,0.12847750510099998,0.019797731909999998,0.45,0.44,5.307814473684209,5.3078145,2.6315790435660347e-08,0.01,0.0,0.0,-0.0,0.0,1
2012-06-30 13:00:00+00:00,0.0184746,0.12783036993650002,0.019209427214999998,0.431,0.297,5.371464473684209,5.3714645,2.6315791323838766e-08,0.134,0.0,0.0,-0.0,0.0,1
2012-06-30 13:30:00+00:00,0.01866525,0.128048426350625,0.01940766031875,0.406,0.191,5.473589473684209,5.4735895,2.6315791323838766e-08,0.215,0.0,0.0,-0.0,0.0,1
2012-06-30 14:00:00+00:00,0.0198645,0.12942007153625001,0.0206546104875,0.394,0.159,5.585214473684209,5.5852145,2.6315791323838766e-08,0.235,0.0,0.0,-0.0,0.0,1
2012-06-30 14:30:00+00:00,0.0195201,0.12902616317525,0.020296511977499997,0.319,0.247,5.619414473684209,5.6194145,2.6315791323838766e-08,0.072,0.0,0.0,-0.0,0.0,1
2012-06-30 15:00:00+00:00,0.0200367,0.12961702571675,0.0208336597425,0.156,0.797,5.619414473684209,5.6194145,2.6315791323838766e-08,0.0,0.0,0.641,0.0,0.04154225674221837,1
2012-06-30 15:30:00+00:00,0.0200121,0.12958888940525,0.0208080812775,0.169,0.747,5.619414473684209,5.6194145,2.6315791323838766e-08,0.0,0.0,0.578,0.0,0.03745118903811725,1
2012-06-30 16:00:00+00:00,0.0202212,0.129828048053,0.021025498230000002,0.1,0.915,5.619414473684209,5.6194145,2.6315791323838766e-08,0.0,0.0,0.8150000000000001,0.0,0.0529049295815975,1
2012-06-30 16:30:00+00:00,0.02293335,0.13293007639587498,0.02384552399625,0.031,0.937,5.619414473684209,5.6194145,2.6315791323838766e-08,0.0,0.0,0.906,0.0,0.06021732460733137,1
2012-06-30 17:00:00+00:00,0.02726295,0.137882067219875,0.02834733383625,0.0,0.685,5.258888157894735,5.2588882,0.34328967368420926,0.0,0.685,0.0,-0.0,0.0,1
2012-06-30 17:30:00+00:00,0.02936625,0.140287721853125,0.030534292593749998,0.0,1.081,4.689940789473683,4.6899408,0.3889336578947349,0.0,1.081,0.0,-0.0,0.0,1
2012-06-30 18:00:00+00:00,0.0328164,0.144233839541,0.03412167231,0.0,0.926,4.202572368421051,4.2025724,0.42829238947368253,0.0,0.926,0.0,-0.0,0.0,1
2012-06-30 18:30:00+00:00,0.0324105,0.14376959040124998,0.0336996276375,0.0,0.792,3.785730263157893,3.7857303,0.45704546842105076,0.0,0.792,0.0,-0.0,0.0,1
2012-06-30 19:00:00+00:00,0.0291879,0.14008373359475002,0.030348848722499995,0.0,0.684,3.425730263157893,3.4257303,0.47287066315789295,0.0,0.684,0.0,-0.0,0.0,1
2012-06-30 19:30:00+00:00,0.0254979,0.13586328686975,0.0265120789725,0.0,0.723,3.425730263157893,3.4257303,3.684210714283154e-08,0.0,0.0,0.723,0.0,0.049114578203414624,1
2012-06-30 20:00:00+00:00,0.0254241,0.13577887793525,0.0264353435775,0.0,0.779,3.425730263157893,3.4257303,3.684210714283154e-08,0.0,0.0,0.779,0.0,0.05288587295577988,1
2012-06-30 20:30:00+00:00,0.0259284,0.136355672321,0.02695970211,0.0,0.653,3.1761394315789455,3.1761394,0.24959086315789314,0.0,0.47422258,0.17877742000000002,0.0,0.012188657649956896,1
2012-06-30 21:00:00+00:00,0.0259284,0.136355672321,0.02695970211,0.0,0.681,2.8177183789473665,2.8177184,0.4430943315789455,0.0,0.681,0.0,-0.0,0.0,1
2012-06-30 21:30:00+00:00,0.02373285,0.133844506519625,0.02467682410875,0.0,0.729,2.733045105263156,2.7330451,0.08467327894736654,0.0,0.16087922,0.56812078,0.0,0.03801992272132222,1
2012-06-30 22:00:00+00:00,0.0270354,0.13762180633850002,0.028110733035,0.0,0.759,2.3335714210526297,2.3335714,0.428809205263156,0.0,0.759,0.0,-0.0,0.0,1
2012-06-30 22:30:00+00:00,0.0303318,0.1413920720795,0.031538247345,0.0,0.994,1.8104135263157874,1.8104135,0.43023252105262966,0.0,0.994,0.0,-0.0,0.0,1
2012-06-30 23:00:00+00:00,0.02718915,0.137797658285375,0.028270598441249996,0.0,0.958,1.4388523578947348,1.4388524,0.3715611263157874,0.0,0.70596622,0.25203378,0.0,0.01736483234640569,1
2012-06-30 23:30:00+00:00,0.02936625,0.140287721853125,0.030534292593749998,0.0,0.844,1.0,1.0,0.43885235789473476,0.0,0.83381948,0.010180520000000026,0.0,0.0007141009790400898,1
2012-07-01 00:00:00+00:00,0.03199845,0.093798307183625,0.03327118834875,0.0,0.883,1.7125,1.7125,0.7124999999999999,1.5,0.0,2.383,0.0,0.1117606830092892,1
2012-07-01 00:30:00+00:00,0.0350796,0.09732238019900001,0.03647489109,0.0,0.55,2.2999999975,2.3,0.5874999999999999,1.2368421,0.0,1.7868421,0.0,0.0869498631058898,1
2012-07-01 01:00:00+00:00,0.03301935,0.09496596411087499,0.034332694646249995,0.0,0.421,3.0124999975,3.0125,0.7125000025000001,1.5,0.0,1.921,0.0,0.09121480852849544,1
2012-07-01 01:30:00+00:00,0.0319431,0.09373500048275,0.0332136368025,0.0,0.423,3.7249999975,3.725,0.7125000025000001,1.5,0.0,1.923,0.0,0.09012620296416413,1
2012-07-01 02:00:00+00:00,0.03205995,0.093868647962375,0.03333513451124999,0.0,0.465,4.4374999975,4.4375,0.7125000025000001,1.5,0.0,1.965,0.0,0.09222594662303343,1
2012-07-01 02:30:00+00:00,0.0291756,0.09056966543900001,0.030336059489999997,0.0,0.485,5.1499999975,5.15,0.7125000025000006,1.5,0.0,1.9849999999999999,0.0,0.0898903929482075,1
2012-07-01 03:00:00+00:00,0.02827155,0.089535655991375,0.029396050901249995,0.0,0.434,5.8624999975000005,5.8625,0.7125000024999997,1.5,0.0,1.934,0.0,0.08658097934365963,1
2012-07-01 03:30:00+00:00,0.02577465,0.086679820374125,0.026799836703749996,0.0,0.602,6.574999997500001,6.575,0.7125000024999997,1.5,0.0,2.102,0.0,0.09110049121320538,1
2012-07-01 04:00:00+00:00,0.0211683,0.08141129604575001,0.0220102691325,0.0,0.848,7.287499997500001,7.2875,0.7125000024999988,1.5,0.0,2.348,0.0,0.0955768615577105,1
2012-07-01 04:30:00+00:00,0.02878815,0.090126518532875,0.029933198666249994,0.0,0.815,7.999999997500002,8.0,0.7125000024999988,1.5,0.0,2.315,0.0,0.10432144520180281,1
2012-07-01 05:00:00+00:00,0.03078075,0.322305559764375,0.03200505433125,0.0,0.896,7.5284210501315805,7.5284211,0.422889597500002,0.0,0.896,0.0,-0.0,0.0,1
2012-07-01 05:30:00+00:00,0.03236745,0.32412035185612503,0.03365486532375,0.0,0.767,7.124736839605265,7.1247368,0.4520438501315809,0.0,0.767,0.0,-0.0,0.0,1
2012-07-01 06:00:00+00:00,0.03164175,0.323290330666875,0.03290030060625,0.0,0.472,6.876315786973686,6.8763158,0.4744454396052644,0.0,0.472,0.0,-0.0,0.0,1
2012-07-01 06:30:00+00:00,0.0311559,0.32273463851475004,0.0323951259225,0.0,0.509,6.6084210501315805,6.6084211,0.48477348697368594,0.0,0.509,0.0,-0.0,0.0,1
2012-07-01 07:00:00+00:00,0.03225675,0.323993738454375,0.03353976223125,0.0,0.428,6.383157892236843,6.3831579,0.47212355013158014,0.0,0.428,0.0,-0.0,0.0,1
2012-07-01 07:30:00+00:00,0.0322875,0.3240289088437501,0.033571735312499996,0.0,1.358,5.66842105013158,5.6684211,0.43936349223684346,0.0,1.358,0.0,-0.0,0.0,1
2012-07-01 08:00:00+00:00,0.0338496,0.325815564624,0.03519596784,0.006,1.837,4.878947365921054,4.8789474,0.3904809501315798,0.0,1.5,0.33099999999999996,0.0,0.053922475945272,1
2012-07-01 08:30:00+00:00,0.033948,0.32592810987000004,0.035298281699999996,0.006,1.696,4.089473681710527,4.0894737,0.331672165921054,0.0,1.5,0.18999999999999995,0.0,0.030963170437649994,1
2012-07-01 09:00:00+00:00,0.03614355,0.328439275671375,0.03758115970125,0.031,1.34,3.4005263132894745,3.4005263,0.27057988171052694,0.0,1.309,2.220446049250313e-16,0.0,3.646408460415695e-17,1
2012-07-01 09:30:00+00:00,0.03720135,0.329649137065875,0.03868103369625,0.119,0.409,3.2478947343421063,3.2478947,0.2146625132894746,0.0,0.29,0.0,-0.0,0.0,1
2012-07-01 10:00:00+00:00,0.037146,0.32958583036500005,0.03862348214999999,0.144,0.428,3.09842105013158,3.0984211,0.16970173434210611,0.0,0.284,5.551115123125783e-17,0.0,9.147844436535603e-18,1
2012-07-01 10:30:00+00:00,0.0373059,0.32976871638975,0.0387897421725,0.15,0.61,2.8563157869736853,2.8563158,0.13880515013157968,0.0,0.46,0.0,5.551115123125783e-17,-1.0766316219795736e-18,1
2012-07-01 11:00:00+00:00,0.0351903,0.14694899360074998,0.036589994182499995,0.163,0.815,2.8563157869736853,2.8563158,1.3026314693576069e-08,0.0,0.0,0.6519999999999999,0.0,0.04790537191384449,1
2012-07-01 11:30:00+00:00,0.0360759,0.14796190081475,0.037510818922499994,0.194,0.978,2.8563157869736853,2.8563158,1.3026314693576069e-08,0.0,0.0,0.784,0.0,0.058001065119382,1
2012-07-01 12:00:00+00:00,0.036285,0.1482010594625,0.037728235874999995,0.231,0.935,2.8563157869736853,2.8563158,1.3026314693576069e-08,0.0,0.0,0.7040000000000001,0.0,0.05216677293080001,1
2012-07-01 12:30:00+00:00,0.0356577,0.14748358351925,0.0370759850175,0.269,0.697,2.8563157869736853,2.8563158,1.3026314693576069e-08,0.0,0.0,0.42799999999999994,0.0,0.03156148687311949,1
2012-07-01 13:00:00+00:00,0.0360882,0.14797596897049997,0.03752360815499999,0.294,0.34,2.8563157869736853,2.8563158,1.3026314693576069e-08,0.0,0.0,0.04600000000000004,0.0,0.0034034472863215025,1
2012-07-01 13:30:00+00:00,0.03589755,0.14775791255637502,0.03732537505125,0.063,0.34,2.8563157869736853,2.8563158,1.3026314693576069e-08,0.0,0.0,0.277,0.0,0.020464470889057944,1
2012-07-01 14:00:00+00:00,0.0355224,0.147328833806,0.03693530346,0.094,0.347,2.8563157869736853,2.8563158,1.3026314693576069e-08,0.0,0.0,0.253,0.0,0.018637097476459002,1
2012-07-01 14:30:00+00:00,0.0350427,0.14678017573175,0.0364365233925,0.131,0.365,2.8563157869736853,2.8563158,1.3026314693576069e-08,0.0,0.0,0.23399999999999999,0.0,0.017173280560614748,1
2012-07-01 15:00:00+00:00,0.0361866,0.1480885142165,0.03762592201499999,0.225,0.509,2.8563157869736853,2.8563158,1.3026314693576069e-08,0.0,0.0,0.28400000000000003,0.0,0.021028569018743,1
2012-07-01 15:30:00+00:00,0.0343047,0.14593608638674999,0.035669169442499996,0.213,0.547,2.8563157869736853,2.8563158,1.3026314693576069e-08,0.0,0.0,0.3340000000000001,0.0,0.024371326426587254,1
2012-07-01 16:00:00+00:00,0.03511035,0.146857550588375,0.03650686417124999,0.131,0.923,2.8563157869736853,2.8563158,1.3026314693576069e-08,0.0,0.0,0.792,0.0,0.0581555900329965,1
2012-07-01 16:30:00+00:00,0.0376134,0.1497204202835,0.039109472985,0.044,0.565,2.8563157869736853,2.8563158,1.3026314693576069e-08,0.0,0.0,0.5209999999999999,0.0,0.03900216948385174,1
2012-07-01 17:00:00+00:00,0.04039935,0.152906857560875,0.042006234146249995,0.006,1.753,2.8563157869736853,2.8563158,1.3026314693576069e-08,0.0,0.0,1.7469999999999999,0.0,0.1335641400794243,1
2012-07-01 17:30:00+00:00,0.04091595,0.153497720102375,0.04254338191124999,0.0,1.415,2.8563157869736853,2.8563158,1.3026314693576069e-08,0.0,0.0,1.415,0.0,0.10859963697243032,1
2012-07-01 18:00:00+00:00,0.04894785,0.16268422580712502,0.050894750733749994,0.0,0.628,2.5257894711842117,2.5257895,0.42193708697368537,0.0,0.628,0.0,-0.0,0.0,1
2012-07-01 18:30:00+00:00,0.04686915,0.16030670748537498,0.04873337044124999,0.0,0.918,2.0426315764473695,2.0426316,0.4511402711842116,0.0,0.918,0.0,-0.0,0.0,1
2012-07-01 19:00:00+00:00,0.0437142,0.1566982255355,0.045452932305,0.0,0.74,1.6531578922368433,1.6531579,0.4674187764473694,0.0,0.74,0.0,-0.0,0.0,1
2012-07-01 19:30:00+00:00,0.0425457,0.15536175073925,0.04423795521749999,0.0,0.696,1.2868421027631591,1.2868421,0.46841729223684325,0.0,0.696,0.0,-0.0,0.0,1
2012-07-01 20:00:00+00:00,0.04017795,0.152653630757375,0.04177602796124999,0.0,0.69,1.2868421027631591,1.2868421,2.7631590349130875e-09,0.0,0.0,0.69,0.0,0.05266550261129437,1
2012-07-01 20:30:00+00:00,0.03956295,0.151950222969875,0.04113656633625,0.0,1.122,1.2868421027631591,1.2868421,2.7631590349130875e-09,0.0,0.0,1.122,0.0,0.0852440750860999,1
2012-07-01 21:00:00+00:00,0.0385974,0.1508458727435,0.040132611585,0.0,1.578,1.2868421027631591,1.2868421,2.7631590349130875e-09,0.0,0.0,1.578,0.0,0.1190173935946215,1
2012-07-01 21:30:00+00:00,0.03905865,0.151373428584125,0.04061220780375,0.0,1.147,1.2868421027631591,1.2868421,2.7631590349130875e-09,0.0,0.0,1.147,0.0,0.0868126612929957,1
2012-07-01 22:00:00+00:00,0.0388311,0.15111316770275,0.040375607002499994,0.0,1.12,1.2868421027631591,1.2868421,2.7631590349130875e-09,0.0,0.0,1.12,0.0,0.08462337391354001,1
2012-07-01 22:30:00+00:00,0.0409467,0.15353289049175,0.0425753549925,0.0,0.867,1.0,1.0,0.28684210276315913,0.0,0.545,0.32199999999999995,0.0,0.024718795369171747,1
2012-07-01 23:00:00+00:00,0.0375396,0.14963601134899998,0.03903273759,0.0,0.956,1.0,1.0,0.0,0.0,0.0,0.956,0.0,0.07152601342482198,1
2012-07-01 23:30:00+00:00,0.03880035,0.15107799731337498,0.04034363392125,0.0,1.421,1.0,1.0,0.0,0.0,0.0,1.421,0.0,0.10734091709115293,1
2012-07-02 00:00:00+00:00,0.037515,0.10010787503749999,0.039007159124999996,0.0,1.891,1.5874999975000001,1.5875,0.5874999999999999,1.2368421,0.0,3.1278421,0.0,0.15656081304191577,1
2012-07-02 00:30:00+00:00,0.03439695,0.096541597554875,0.03576508868625,0.0,0.782,2.2999999975,2.3,0.7125000024999997,1.5,0.0,2.282,0.0,0.11015396281011237,1
2012-07-02 01:00:00+00:00,0.03362205,0.09565530374262503,0.03495936703875,0.0,0.441,3.0124999975,3.0125,0.7125000025000001,1.5,0.0,1.941,0.0,0.0928334722822176,1
2012-07-02 01:30:00+00:00,0.03406485,0.09616175734962502,0.03541977940875,0.0,0.434,3.7249999975,3.725,0.7125000025000001,1.5,0.0,1.934,0.0,0.09298841935708739,1
2012-07-02 02:00:00+00:00,0.0337266,0.09577488306650002,0.035068075515,0.0,0.473,4.4374999975,4.4375,0.7125000025000001,1.5,0.0,1.9729999999999999,0.0,0.09448192214510226,1
2012-07-02 02:30:00+00:00,0.03308085,0.09503630488962501,0.03439664080875,0.0,0.46,5.1499999975,5.15,0.7125000025000006,1.5,0.0,1.96,0.0,0.09313557879183251,1
2012-07-02 03:00:00+00:00,0.0331239,0.09508554343475002,0.0344414031225,0.0,0.49,5.8624999975000005,5.8625,0.7125000024999997,1.5,0.0,1.99,0.0,0.09461011571757627,1
2012-07-02 03:30:00+00:00,0.0331485,0.09511367974625,0.034466981587499994,0.0,0.627,6.574999997500001,6.575,0.7125000024999997,1.5,0.0,2.127,0.0,0.10115339841013686,1
2012-07-02 04:00:00+00:00,0.03313005,0.09509257751262501,0.034447797738749994,0.0,0.891,7.287499997500001,7.2875,0.7125000024999988,1.5,0.0,2.391,0.0,0.11368317641634319,1
2012-07-02 04:30:00+00:00,0.0331485,0.09511367974625,0.034466981587499994,0.0,0.904,7.999999997500002,8.0,0.7125000024999988,1.5,0.0,2.404,0.0,0.11432664305499249,1
2012-07-02 05:00:00+00:00,0.03326535,0.325147327225875,0.034588479296249995,0.0,0.858,7.54842105013158,7.5484211,0.4218563975000018,0.0,0.858,0.0,-0.0,0.0,1
2012-07-02 05:30:00+00:00,0.0354117,0.32760222040425,0.03682020036749999,0.0,0.731,7.163684208026317,7.1636842,0.45084805013158036,0.0,0.731,0.0,-0.0,0.0,1
2012-07-02 06:00:00+00:00,0.03721365,0.32966320522162507,0.03869382292875,0.0,0.484,6.908947365921054,6.9089474,0.4730435080263167,0.0,0.484,0.0,-0.0,0.0,1
2012-07-02 06:30:00+00:00,0.04154325,0.334615196045625,0.04319563276874999,0.0,0.503,6.644210523815791,6.6442105,0.48312176592105427,0.0,0.503,0.0,-0.0,0.0,1
2012-07-02 07:00:00+00:00,0.04940295,0.3436047475698751,0.051367952336249995,0.0,2.02,5.854736839605264,5.8547368,0.47020042381579064,0.0,1.5,0.52,0.0,0.08933723436816753,1
2012-07-02 07:30:00+00:00,0.04357275,0.33693644174437504,0.04530585613125,0.013,2.317,5.065263155394738,5.0652632,0.43713943960526436,0.0,1.5,0.8040000000000003,0.0,0.1354484495812388,1
2012-07-02 08:00:00+00:00,0.05431065,0.34921794171412507,0.056470856103749995,0.075,2.232,4.275789471184211,4.2757895,0.3879236553947374,0.0,1.5,0.657,0.0,0.11471809385309009,1
2012-07-02 08:30:00+00:00,0.0599625,0.35568225928125,0.0623475084375,0.2,2.226,3.4863157869736847,3.4863158,0.3287469711842115,0.0,1.5,0.5259999999999998,0.0,0.09354443419096872,1
2012-07-02 09:00:00+00:00,0.05511015,0.35013237183787504,0.05730215621625,0.281,1.112,3.048947365921053,3.0489474,0.26724888697368465,0.0,0.831,1.1102230246251565e-16,0.0,1.943625104405128e-17,1
2012-07-02 09:30:00+00:00,0.0512418,0.3457079368545001,0.05327994259499999,0.344,0.128,3.151547365921053,3.1515474,0.21088426592105325,0.216,0.0,0.0,-0.0,0.0,1
2012-07-02 10:00:00+00:00,0.0551163,0.35013940591575,0.05730855083249999,0.4,0.103,3.2926223659210527,3.2926224,0.1654317659210527,0.297,0.0,0.0,5.551115123125783e-17,-1.5906318160535669e-18,1
2012-07-02 10:30:00+00:00,0.0485481,0.34262701074525004,0.05047910067749999,0.431,0.059,3.4693223659210526,3.4693224,0.13399716592105282,0.372,0.0,0.0,-0.0,0.0,1
2012-07-02 11:00:00+00:00,0.04616805,0.15950482260762502,0.04800438418875,0.456,0.09,4.181822365921052,4.1818224,0.7125000340789471,1.5,0.0,1.1340000000000001,0.0,0.0904392344185234,1
2012-07-02 11:30:00+00:00,0.05245335,0.16669365019587498,0.05453968199625,0.469,0.084,4.364697365921052,4.3646974,3.407894766382924e-08,0.385,0.0,5.551115123125783e-17,0.0,4.6266782126568035e-18,1
2012-07-02 12:00:00+00:00,0.0549687,0.16957058804675,0.057155080042499994,0.469,0.065,4.556597365921053,4.5565974,3.407894766382924e-08,0.404,0.0,5.551115123125783e-17,0.0,4.70652927871823e-18,1
2012-07-02 12:30:00+00:00,-0.0364572,0.065001986357,-0.03790728513,0.356,0.64,5.269097365921052,5.2690974,0.7125000340789471,1.5,0.0,1.7840000000000003,0.0,0.05798177183044401,1
2012-07-02 13:00:00+00:00,0.04337595,0.15631135125237502,0.04510122841125,0.125,0.273,5.981597365921052,5.9815974,0.712500034078948,1.5,0.0,1.6480000000000001,0.0,0.12880055343195704,1
2012-07-02 13:30:00+00:00,0.05314215,0.167481466917875,0.055255879016249995,0.244,1.203,5.981597365921052,5.9815974,3.407894766382924e-08,0.0,0.0,0.9590000000000001,0.0,0.08030736338712106,1
2012-07-02 14:00:00+00:00,0.04459365,0.157704098671625,0.046367362428749996,0.381,1.179,6.694097365921053,6.6940974,0.712500034078948,1.5,0.0,2.298,0.0,0.18120200937369713,1
2012-07-02 14:30:00+00:00,0.0519921,0.16616609435525,0.054060085777499996,0.306,0.365,6.694097365921053,6.6940974,3.407894766382924e-08,0.0,0.0,0.059,0.0,0.004901899783479875,1
2012-07-02 15:00:00+00:00,0.0559281,0.17066790419525002,0.0581526401775,0.306,0.36,6.694097365921053,6.6940974,3.407894766382924e-08,0.0,0.0,0.05399999999999999,0.0,0.00460803341327175,1
2012-07-02 15:30:00+00:00,0.0566907,0.17154012985175,0.05894557259249999,0.181,0.272,6.694097365921053,6.6940974,3.407894766382924e-08,0.0,0.0,0.09100000000000003,0.0,0.007805075908254627,1
2012-07-02 16:00:00+00:00,0.0589047,0.17407239788675,0.0612476344425,0.056,0.229,6.694097365921053,6.6940974,3.407894766382924e-08,0.0,0.0,0.17300000000000001,0.0,0.015057262417203876,1
2012-07-02 16:30:00+00:00,0.06386775,0.179748898731875,0.06640808975625,0.044,0.29,6.694097365921053,6.6940974,3.407894766382924e-08,0.0,0.0,0.246,0.0,0.022109114544020623,1
2012-07-02 17:00:00+00:00,0.06529455,0.181380804798875,0.06789164072625001,0.006,0.253,6.564097365921053,6.5640974,0.2786875659210528,0.0,0.247,0.0,-0.0,0.0,1
2012-07-02 17:30:00+00:00,0.10175175,0.223078818441875,0.10579892585624999,0.0,0.737,6.176202629078947,6.1762026,0.365932865921053,0.0,0.737,0.0,-0.0,0.0,1
2012-07-02 18:00:00+00:00,0.1472556,0.275123960639,0.15311269148999998,0.0,0.829,5.739886839605263,5.7398868,0.4047884290789474,0.0,0.829,0.0,-0.0,0.0,1
2012-07-02 18:30:00+00:00,0.14934045,0.27750851303862506,0.15528046639874998,0.0,0.797,5.211637313289473,5.2116373,0.5282495396052633,0.0,1.0036741,0.0,0.20667409999999997,-0.016046225320270946,1
2012-07-02 19:00:00+00:00,0.14467875,0.272176682009375,0.15043334728125,0.0,0.69,4.763236623815789,4.7632366,0.4484007132894732,0.0,0.85196131,0.0,0.16196131000000002,-0.012182190996678095,1
2012-07-02 19:30:00+00:00,0.08417505,0.202975423875125,0.08752311261375,0.0,0.665,4.41323662381579,4.4132366,0.44849072381578914,0.0,0.665,0.0,-0.0,0.0,1
2012-07-02 20:00:00+00:00,0.07554045,0.193099578538625,0.07854507139874999,0.0,0.634,4.079552413289473,4.0795524,0.4409163238157898,0.0,0.634,0.0,-0.0,0.0,1
2012-07-02 20:30:00+00:00,0.13397775,0.259937386506875,0.13930671500624997,0.0,0.84,3.6374471501315786,3.6374472,0.4292303132894735,0.0,0.84,0.0,-0.0,0.0,1
2012-07-02 21:00:00+00:00,0.07683195,0.19457673489237498,0.07988794081124999,0.0,0.915,3.1558682027631573,3.1558682,0.4168127501315788,0.0,0.915,0.0,-0.0,0.0,1
2012-07-02 21:30:00+00:00,0.0691629,0.18580523978225,0.0719138543475,0.0,0.903,2.6806050448684204,2.680605,0.40635970276315714,0.0,0.903,0.0,-0.0,0.0,1
2012-07-02 22:00:00+00:00,0.06993165,0.186684499516625,0.07271318137874999,0.0,0.703,2.3106050448684203,2.310605,0.40161254486842024,0.0,0.703,0.0,-0.0,0.0,1
2012-07-02 22:30:00+00:00,0.13854105,0.26515667229012496,0.14405152026374998,0.0,0.88,1.8474471501315781,1.8474472,0.4025664448684203,0.0,0.88,0.0,-0.0,0.0,1
2012-07-02 23:00:00+00:00,0.0775515,0.19539972200375,0.08063611091249999,0.0,0.866,1.3916576764473676,1.3916577,0.40700935013157813,0.0,0.866,0.0,-0.0,0.0,1
2012-07-02 23:30:00+00:00,0.06964875,0.18636093193437497,0.07241902903124998,0.0,0.909,1.0,1.0,0.3916576764473676,0.0,0.74414959,0.16485041,0.0,0.015360838018681903,1
2012-07-03 00:00:00+00:00,0.05408925,0.119064714910625,0.056240649918749996,0.0,0.912,1.7125,1.7125,0.7124999999999999,1.5,0.0,2.412,0.0,0.14359204618221375,1
2012-07-03 00:30:00+00:00,0.05709045,0.12249734491362502,0.059361222648749996,0.0,0.665,2.425,2.425,0.7124999999999999,1.5,0.0,2.165,0.0,0.1326033758689991,1
2012-07-03 01:00:00+00:00,0.06643845,0.133189143283625,0.06908103934874998,0.0,0.535,3.0124999975,3.0125,0.5875000000000004,1.2368421,0.0,1.7718421000000002,0.0,0.11799506566642952,1
2012-07-03 01:30:00+00:00,0.06637695,0.133118802504875,0.06901709318625,0.0,0.515,3.7249999975,3.725,0.7125000025000001,1.5,0.0,2.015,0.0,0.13411719352366158,1
2012-07-03 02:00:00+00:00,0.06015315,0.126000315695375,0.06254574154124999,0.0,0.49,4.4374999975,4.4375,0.7125000025000001,1.5,0.0,1.99,0.0,0.12537031411689814,1
2012-07-03 02:30:00+00:00,0.0517461,0.11638473124025,0.0538043011275,0.0,0.516,5.1499999975,5.15,0.7125000025000006,1.5,0.0,2.016,0.0,0.117315809090172,1
2012-07-03 03:00:00+00:00,0.04996875,0.11435188273437501,0.051956257031249994,0.0,0.503,5.8624999975000005,5.8625,0.7125000024999997,1.5,0.0,2.003,0.0,0.11452341055847658,1
2012-07-03 03:30:00+00:00,0.0471213,0.11109510467825,0.048995549707499995,0.0,0.676,6.574999997500001,6.575,0.7125000024999997,1.5,0.0,2.176,0.0,0.12087147388993601,1
2012-07-03 04:00:00+00:00,0.0444522,0.10804231488049999,0.04622028625499999,0.0,0.966,7.287499997500001,7.2875,0.7125000024999988,1.5,0.0,2.466,0.0,0.1332161742476565,1
2012-07-03 04:30:00+00:00,0.03800085,0.10066356718962502,0.03951233380875,0.0,0.936,7.999999997500002,8.0,0.7125000024999988,1.5,0.0,2.436,0.0,0.12260822483696326,1
2012-07-03 05:00:00+00:00,0.0400857,0.33294811958925,0.0416801087175,0.0,0.967,7.491052629078949,7.4910526,0.3893352975000015,0.0,0.967,0.0,-0.0,0.0,1
2012-07-03 05:30:00+00:00,0.04244115,0.33564217141537506,0.044129246741249996,0.0,0.593,7.178947365921054,7.1789474,0.41808562907894853,0.0,0.593,0.0,-0.0,0.0,1
2012-07-03 06:00:00+00:00,0.0469614,0.34081221865350003,0.04882928968499999,0.0,1.158,6.569473681710528,6.5694737,0.44009556592105437,0.0,1.158,0.0,-0.0,0.0,1
2012-07-03 06:30:00+00:00,0.05444595,0.34937269142737504,0.056611537661249996,0.0,1.881,5.779999997500002,5.78,0.4500454817105286,0.0,1.5,0.381,0.0,0.06655549771691495,1
2012-07-03 07:00:00+00:00,0.05514705,0.35017457630512505,0.057340523913750004,0.0,2.123,4.990526313289475,4.9905263,0.43707579750000214,0.0,1.5,0.6230000000000002,0.0,0.10907938051904649,1
2012-07-03 07:30:00+00:00,0.04983345,0.34409713302112505,0.05181557547374999,0.019,2.072,4.201052629078949,4.2010526,0.4040391132894756,0.0,1.5,0.5529999999999999,0.0,0.09514285728034107,1
2012-07-03 08:00:00+00:00,0.05495025,0.349949485813125,0.057135896193749994,0.081,1.098,3.665789471184212,3.6657895,0.3549179290789488,0.0,1.017,2.220446049250313e-16,0.0,3.8852197660546596e-17,1
2012-07-03 08:30:00+00:00,0.0611556,0.357046870389,0.06358806399,0.194,0.128,3.697139471184212,3.6971395,0.2959034711842117,0.066,0.0,0.0,-0.0,0.0,1
2012-07-03 09:00:00+00:00,0.0548211,0.34980177017775,0.05700160925249999,0.275,0.153,3.755089471184212,3.7550895,0.23463177118421186,0.122,0.0,0.0,-0.0,0.0,1
2012-07-03 09:30:00+00:00,0.05316675,0.3479096032293751,0.05528145748125,0.338,0.153,3.842964471184212,3.8429645,0.17855327118421194,0.185,0.0,0.0,5.551115123125783e-17,-1.534368673263009e-18,1
2012-07-03 10:00:00+00:00,0.05043,0.34477943857500004,0.05243585325,0.388,0.128,3.966464471184212,3.9664645,0.1334427711842121,0.26,0.0,0.0,-0.0,0.0,1
2012-07-03 10:30:00+00:00,0.04451985,0.338019689737125,0.04629062703375,0.419,0.14,4.098989471184212,4.0989895,0.10240247118421175,0.279,0.0,5.551115123125783e-17,0.0,9.381931058070197e-18,1
2012-07-03 11:00:00+00:00,0.044772,0.15790808693000002,0.0465528063,0.444,0.153,4.237214471184212,4.2372145,2.8815787977976015e-08,0.291,0.0,0.0,5.551115123125783e-17,-1.292099935379376e-18,1
2012-07-03 11:30:00+00:00,0.0444522,0.1575423148805,0.04622028625499999,0.456,0.122,4.395864471184212,4.3958645,2.8815787977976015e-08,0.334,0.0,0.0,-0.0,0.0,1
2012-07-03 12:00:00+00:00,0.04022715,0.152709903380375,0.04182718489125,0.463,0.153,4.543114471184212,4.5431145,2.8815787977976015e-08,0.31,0.0,0.0,5.551115123125783e-17,-1.1609375930379806e-18,1
2012-07-03 12:30:00+00:00,0.03839445,0.150613748173625,0.03992158924874999,0.456,0.153,4.687039471184212,4.6870395,2.8815787977976015e-08,0.303,0.0,0.0,5.551115123125783e-17,-1.1080466890897587e-18,1
2012-07-03 13:00:00+00:00,0.03786555,0.15000881747637498,0.03937165225124999,0.438,0.115,4.840464471184212,4.8404645,2.8815787977976015e-08,0.323,0.0,0.0,-0.0,0.0,1
2012-07-03 13:30:00+00:00,0.0387204,0.150986554301,0.040260503909999995,0.419,0.159,4.963964471184212,4.9639645,2.8815787977976015e-08,0.26,0.0,5.551115123125783e-17,0.0,4.1907187248446664e-18,1
2012-07-03 14:00:00+00:00,0.0381669,0.15035348729225,0.03968498844749999,0.381,0.147,5.075114471184213,5.0751145,2.8815787977976015e-08,0.234,0.0,0.0,-0.0,0.0,1
2012-07-03 14:30:00+00:00,0.03929235,0.151640723543375,0.04085520322124999,0.338,0.128,5.174864471184213,5.1748645,2.8815787089797595e-08,0.21,0.0,0.0,5.551115123125783e-17,-1.13395968229929e-18,1
2012-07-03 15:00:00+00:00,0.0391386,0.1514648715965,0.040695337815,0.281,0.165,5.229964471184213,5.2299645,2.8815787089797595e-08,0.116,0.0,0.0,-0.0,0.0,1
2012-07-03 15:30:00+00:00,0.0386712,0.15093028167800002,0.040209346980000005,0.213,0.128,5.270339471184213,5.2703395,2.8815787089797595e-08,0.085,0.0,2.7755575615628914e-17,0.0,2.0945784229009503e-18,1
2012-07-03 16:00:00+00:00,0.04126035,0.153891628463375,0.04290148042125,0.138,0.14,5.270339471184213,5.2703395,2.8815787089797595e-08,0.0,0.0,0.0020000000000000018,0.0,0.00015389162846337514,1
2012-07-03 16:30:00+00:00,0.04187535,0.15459503625087498,0.043540942046249996,0.063,0.159,5.270339471184213,5.2703395,2.8815787089797595e-08,0.0,0.0,0.096,0.0,0.007420561740041999,1
2012-07-03 17:00:00+00:00,0.0499134,0.1637885760335,0.051898705484999995,0.0,0.122,5.206128944868424,5.2061289,0.29864727118421364,0.0,0.122,0.0,-0.0,0.0,1
2012-07-03 17:30:00+00:00,0.0535419,0.16793868197975,0.0556715290725,0.0,0.246,5.076655260657898,5.0766553,0.34482084486842446,0.0,0.246,0.0,-0.0,0.0,1
2012-07-03 18:00:00+00:00,0.06712725,0.18347696000562497,0.06979723636874999,0.0,0.791,4.660339471184213,4.6603395,0.38476336065789773,0.0,0.791,0.0,-0.0,0.0,1
2012-07-03 18:30:00+00:00,0.0740583,0.19140436577075,0.0770039688825,0.0,0.983,4.142971050131582,4.1429711,0.4141572711842132,0.0,0.983,0.0,-0.0,0.0,1
2012-07-03 19:00:00+00:00,0.06561435,0.181746576848375,0.06822416077124999,0.0,1.082,3.5734973659210554,3.5734974,0.4306797501315818,0.0,1.082,0.0,-0.0,0.0,1
2012-07-03 19:30:00+00:00,0.052275,0.1664896619375,0.054354238124999996,0.0,0.828,3.137707892236845,3.1377079,0.4319881659210556,0.0,0.828,0.0,-0.0,0.0,1
2012-07-03 20:00:00+00:00,0.0460758,0.15939931143949998,0.04790846494499999,0.0,0.684,2.777707892236845,2.7777079,0.4256591922368451,0.0,0.684,0.0,-0.0,0.0,1
2012-07-03 20:30:00+00:00,0.0493476,0.163141440869,0.05131040078999999,0.0,0.797,2.358234208026319,2.3582342,0.41524169223684515,0.0,0.797,0.0,-0.0,0.0,1
2012-07-03 21:00:00+00:00,0.0465801,0.15997610582525001,0.0484328234775,0.0,1.257,1.6966552606578977,1.6966553,0.4041144080263188,0.0,1.257,0.0,-0.0,0.0,1
2012-07-03 21:30:00+00:00,0.0453132,0.15852708578299998,0.04711553253,0.0,0.721,1.3938276711842135,1.3938277,0.30282756065789784,0.0,0.57537242,0.14562757999999998,0.0,0.011542957933515344,1
2012-07-03 22:00:00+00:00,0.043296,0.15621990824,0.0450180984,0.0,0.819,1.3938276711842135,1.3938277,2.881578642366378e-08,0.0,0.0,0.819,0.0,0.06397205242428,1
2012-07-03 22:30:00+00:00,0.04878795,0.162501339782375,0.05072849071125,0.0,0.926,1.0,1.0,0.39382767118421347,0.0,0.74827258,0.17772742000000008,0.0,0.014440471933032441,1
2012-07-03 23:00:00+00:00,0.04317915,0.156086260760375,0.044896600691249997,0.0,0.867,1.0,1.0,0.0,0.0,0.0,0.867,0.0,0.06766339403962256,1
2012-07-03 23:30:00+00:00,0.0406884,0.15323745922100002,0.04230678111,0.0,0.846,1.0,1.0,0.0,0.0,0.0,0.846,0.0,0.064819445250483,1
2012-07-04 00:00:00+00:00,0.03747195,0.100058636492375,0.038962396811249994,0.0,0.788,1.5874999975000001,1.5875,0.5874999999999999,1.2368421,0.0,2.0248421,0.0,0.1013014698191786,1
2012-07-04 00:30:00+00:00,0.03650025,0.098947252188125,0.03795204744374999,0.0,0.547,2.2999999975,2.3,0.7125000024999997,1.5,0.0,2.047,0.0,0.10127251261454595,1
2012-07-04 01:00:00+00:00,0.03599595,0.09837045780237501,0.03742768891124999,0.0,0.465,3.0124999975,3.0125,0.7125000025000001,1.5,0.0,1.965,0.0,0.09664897479083345,1
2012-07-04 01:30:00+00:00,0.0363711,0.09879953655275002,0.0378177605025,0.0,0.447,3.7249999975,3.725,0.7125000025000001,1.5,0.0,1.947,0.0,0.09618134883410215,1
2012-07-04 02:00:00+00:00,0.03486435,0.097076187473375,0.03625107952125,0.0,0.466,4.4374999975,4.4375,0.7125000025000001,1.5,0.0,1.966,0.0,0.09542589228632763,1
2012-07-04 02:30:00+00:00,0.033579,0.09560606519749999,0.03491460472499999,0.0,0.435,5.1499999975,5.15,0.7125000025000006,1.5,0.0,1.935,0.0,0.09249886807858125,1
2012-07-04 03:00:00+00:00,0.03375735,0.09581005345587501,0.03510004859625,0.0,0.415,5.8624999975000005,5.8625,0.7125000024999997,1.5,0.0,1.915,0.0,0.09173812618400032,1
2012-07-04 03:30:00+00:00,0.03375735,0.09581005345587501,0.03510004859625,0.0,0.577,6.574999997500001,6.575,0.7125000024999997,1.5,0.0,2.077,0.0,0.0994987405139262,1
2012-07-04 04:00:00+00:00,0.0337635,0.09581708753375,0.0351064432125,0.0,0.908,7.287499997500001,7.2875,0.7125000024999988,1.5,0.0,2.408,0.0,0.115363773390635,1
2012-07-04 04:30:00+00:00,0.0338742,0.09594370093550002,0.035221546305,0.0,0.854,7.999999997500002,8.0,0.7125000024999988,1.5,0.0,2.354,0.0,0.11292573600108352,1
2012-07-04 05:00:00+00:00,0.0338742,0.3258437009355001,0.035221546305,0.0,0.883,7.5352631553947385,7.5352632,0.39730409750000195,0.0,0.883,0.0,-0.0,0.0,1
2012-07-04 05:30:00+00:00,0.03388035,0.325850735013375,0.03522794092124999,0.0,0.783,7.1231578922368435,7.1231579,0.42718205539473875,0.0,0.783,0.0,-0.0,0.0,1
2012-07-04 06:00:00+00:00,0.03415095,0.326160234439875,0.035509304036249995,0.0,0.44,6.891578944868423,6.8915789,0.4502819922368433,0.0,0.44,0.0,-0.0,0.0,1
2012-07-04 06:30:00+00:00,0.0454485,0.33908183549625004,0.0472562140875,0.0,0.49,6.633684208026318,6.6336842,0.4612814448684226,0.0,0.49,0.0,-0.0,0.0,1
2012-07-04 07:00:00+00:00,0.048216,0.34224717054000003,0.0501337914,0.0,1.338,5.929473681710528,5.9294737,0.4493405080263173,0.0,1.338,0.0,-0.0,0.0,1
2012-07-04 07:30:00+00:00,0.0472197,0.34110764992425,0.049097863567500004,0.0,1.448,5.167368418552633,5.1673684,0.417300981710528,0.0,1.448,0.0,-0.0,0.0,1
2012-07-04 08:00:00+00:00,0.06583575,0.362399803651875,0.06845436695624998,0.0,1.398,4.431578944868423,4.4315789,0.3691399185526336,0.0,1.398,0.0,-0.0,0.0,1
2012-07-04 08:30:00+00:00,0.07097715,0.36828029275537505,0.07380026614124999,0.15,1.322,3.8147368396052648,3.8147368,0.311043544868423,0.0,1.172,2.220446049250313e-16,0.0,4.088732605327106e-17,1
2012-07-04 09:00:00+00:00,0.05513475,0.350160508149375,0.05732773468124999,0.275,0.522,3.684736839605265,3.6847368,0.2506415396052648,0.0,0.247,0.0,-0.0,0.0,1
2012-07-04 09:30:00+00:00,0.0513279,0.3458064139447501,0.053369467222499994,0.256,0.422,3.5973684185526333,3.5973684,0.19537853960526474,0.0,0.166,0.0,2.7755575615628914e-17,-7.406501415299637e-19,1
2012-07-04 10:00:00+00:00,0.05169075,0.346221424539375,0.053746749581249996,0.356,0.278,3.634418418552633,3.6344184,0.1510233185526335,0.078,0.0,5.551115123125783e-17,0.0,9.609574928553382e-18,1
2012-07-04 10:30:00+00:00,0.0548088,0.34978770202200005,0.05698882001999999,0.431,0.284,3.704243418552633,3.7042434,0.12067351855263331,0.147,0.0,0.0,5.551115123125783e-17,-1.5817575033105766e-18,1
2012-07-04 11:00:00+00:00,0.0440955,0.15713433836375,0.04584939851249999,0.413,0.29,3.762668418552633,3.7626684,1.8552632763402244e-08,0.123,0.0,0.0,-0.0,0.0,1
2012-07-04 11:30:00+00:00,0.04545465,0.158688869574125,0.04726260870374999,0.413,0.223,3.8529184185526333,3.8529184,1.8552633207491454e-08,0.19,0.0,5.551115123125783e-17,0.0,4.404500918823301e-18,1
2012-07-04 12:00:00+00:00,0.0400734,0.15253405143350002,0.041667319485,0.313,0.278,3.869543418552633,3.8695434,1.8552633207491454e-08,0.035,0.0,5.551115123125783e-17,0.0,4.2336703985207396e-18,1
2012-07-04 12:30:00+00:00,0.0370107,0.14903108065175,0.0384828005925,0.256,0.14,3.924643418552633,3.9246434,1.8552633207491454e-08,0.116,0.0,0.0,-0.0,0.0,1
2012-07-04 13:00:00+00:00,0.03663555,0.148602001901375,0.03809272900125,0.294,0.147,3.994468418552633,3.9944684,1.8552633207491454e-08,0.147,0.0,0.0,-0.0,0.0,1
2012-07-04 13:30:00+00:00,0.038007,0.1501706012675,0.039518728424999996,0.081,0.14,3.994468418552633,3.9944684,1.8552632763402244e-08,0.0,0.0,0.05900000000000001,0.0,0.004430032737391251,1
2012-07-04 14:00:00+00:00,0.03902175,0.151331224116875,0.04057384010625,0.094,0.128,3.994468418552633,3.9944684,1.8552632763402244e-08,0.0,0.0,0.034,0.0,0.002572630809986875,1
2012-07-04 14:30:00+00:00,0.0379332,0.150086192333,0.03944199303,0.1,0.172,3.994468418552633,3.9944684,1.8552632763402244e-08,0.0,0.0,0.07199999999999998,0.0,0.005403102923987998,1
2012-07-04 15:00:00+00:00,0.0390894,0.1514085989735,0.040644180885,0.081,0.272,3.994468418552633,3.9944684,1.8552632763402244e-08,0.0,0.0,0.191,0.0,0.014459521201969252,1
2012-07-04 15:30:00+00:00,0.0392124,0.151549280531,0.04077207321,0.106,0.24,3.994468418552633,3.9944684,1.8552632763402244e-08,0.0,0.0,0.134,0.0,0.010153801795577,1
2012-07-04 16:00:00+00:00,0.0459405,0.15924456172625,0.0477677833875,0.119,0.228,3.994468418552633,3.9944684,1.8552632763402244e-08,0.0,0.0,0.10900000000000001,0.0,0.008678828614080626,1
2012-07-04 16:30:00+00:00,0.04490115,0.158055802565375,0.04668709324125,0.019,0.32,3.994468418552633,3.9944684,1.8552632763402244e-08,0.0,0.0,0.301,0.0,0.023787398286088935,1
2012-07-04 17:00:00+00:00,0.04602045,0.159336004738625,0.04785091339874999,0.006,1.216,3.98445478644737,3.9844548,0.010013618552632941,0.0,0.019025901,1.190974099,0.0,0.09488252734092181,1
2012-07-04 17:30:00+00:00,0.04818525,0.161812000150625,0.05010181831874999,0.0,1.183,3.6189388390789485,3.6189388,0.3655159864473698,0.0,0.6944803,0.4885197,0.0,0.03952417488499164,1
2012-07-04 18:00:00+00:00,0.06098955,0.176456950286375,0.06341540935125,0.0,0.559,3.324728312763159,3.3247283,0.40516503907894874,0.0,0.559,0.0,-0.0,0.0,1
2012-07-04 18:30:00+00:00,0.0607989,0.17623889387225,0.06321717624749999,0.0,0.73,2.9405177864473693,2.9405178,0.4342189127631588,0.0,0.73,0.0,-0.0,0.0,1
2012-07-04 19:00:00+00:00,0.05932905,0.174557749260125,0.06168886296375,0.0,0.779,2.530517786447369,2.5305178,0.4503568864473695,0.0,0.779,0.0,-0.0,0.0,1
2012-07-04 19:30:00+00:00,0.05729955,0.172236503561375,0.05957863960124999,0.0,0.69,2.167359891710527,2.1673599,0.4512445864473693,0.0,0.69,0.0,-0.0,0.0,1
2012-07-04 20:00:00+00:00,0.05124795,0.165314970932375,0.05328633721125,0.0,0.671,1.814201996973685,1.814202,0.44444489171052703,0.0,0.671,0.0,-0.0,0.0,1
2012-07-04 20:30:00+00:00,0.05274855,0.16703128593387498,0.054846623576249996,0.0,0.597,1.4999914706578954,1.4999915,0.4335083969736848,0.0,0.597,0.0,-0.0,0.0,1
2012-07-04 21:00:00+00:00,0.04281015,0.155664216087875,0.04451292371624999,0.0,0.653,1.4999914706578954,1.4999915,2.934210452387731e-08,0.0,0.0,0.653,0.0,0.050824366552691194,1
2012-07-04 21:30:00+00:00,0.04341285,0.156353555719625,0.04513959610875,0.0,0.634,1.409587339078948,1.4095873,0.0904041706578953,0.0,0.17176785,0.46223215,0.0,0.03613582011021353,1
2012-07-04 22:00:00+00:00,0.040959,0.1535469586475,0.042588144225,0.0,0.701,1.409587339078948,1.4095873,3.907894785548649e-08,0.0,0.0,0.701,0.0,0.05381820900594875,1
2012-07-04 22:30:00+00:00,0.04599585,0.159307868427125,0.04782533493375,0.0,0.926,1.0000000022368427,1.0,0.40958733907894795,0.0,0.77821594,0.14778406,0.0,0.011771581793053173,1
2012-07-04 23:00:00+00:00,0.03850515,0.150740361575375,0.04003669234125,0.0,0.822,1.0000000022368427,1.0,2.236842711056397e-09,0.0,0.0,0.822,0.0,0.06195428860747912,1
2012-07-04 23:30:00+00:00,0.0381669,0.15035348729225,0.03968498844749999,0.0,0.834,1.0000000022368427,1.0,2.236842711056397e-09,0.0,0.0,0.834,0.0,0.06269740420086825,1
2012-07-05 00:00:00+00:00,0.0353379,0.09761781146975,0.036743464972499994,0.0,0.875,1.7125000022368426,1.7125,0.7124999977631572,1.5,0.0,2.375,0.0,0.11592115112032812,1
2012-07-05 00:30:00+00:00,0.03552855,0.097835867883875,0.03694169807625,0.0,0.611,2.2999999997368428,2.3,0.5874999977631572,1.2368421,0.0,1.8478421,0.0,0.09039261778293106,1
2012-07-05 01:00:00+00:00,0.0345384,0.09670338134600001,0.03591216485999999,0.0,0.497,3.0124999997368427,3.0125,0.7125000002631574,1.5,0.0,1.9969999999999999,0.0,0.096558326273981,1
2012-07-05 01:30:00+00:00,0.03459375,0.09676668804687502,0.03596971640625,0.0,0.503,3.7249999997368426,3.725,0.7125000002631574,1.5,0.0,2.003,0.0,0.09691183807894534,1
2012-07-05 02:00:00+00:00,0.0339111,0.09598590540275,0.0352599140025,0.0,0.478,4.4374999997368425,4.4375,0.7125000002631574,1.5,0.0,1.978,0.0,0.09493006044331974,1
2012-07-05 02:30:00+00:00,0.03369585,0.09573971267712503,0.03503610243375,0.0,0.454,5.149999999736842,5.15,0.7125000002631579,1.5,0.0,1.954,0.0,0.09353769928555115,1
2012-07-05 03:00:00+00:00,0.03346215,0.09547241771787501,0.03479310701625,0.0,0.447,5.862499999736842,5.8625,0.7125000002631579,1.5,0.0,1.947,0.0,0.09294239864835133,1
2012-07-05 03:30:00+00:00,0.03356055,0.095584962963875,0.03489542087625,0.0,0.607,6.574999999736843,6.575,0.7125000002631579,1.5,0.0,2.107,0.0,0.10069875848244232,1
2012-07-05 04:00:00+00:00,0.033825,0.0958874283125,0.035170389375,0.0,0.934,7.287499999736843,7.2875,0.712500000263157,1.5,0.0,2.434,0.0,0.1166950002563125,1
2012-07-05 04:30:00+00:00,0.0338004,0.09585929200100002,0.03514481091,0.0,0.913,7.999999999736843,8.0,0.712500000263157,1.5,0.0,2.4130000000000003,0.0,0.11565423579920653,1
2012-07-05 05:00:00+00:00,0.03385575,0.325822598701875,0.03520236245624999,0.0,0.875,7.53947368394737,7.5394737,0.4019672997368433,0.0,0.875,0.0,-0.0,0.0,1
2012-07-05 05:30:00+00:00,0.0338865,0.32585776909125,0.0352343355375,0.0,0.781,7.128421052368423,7.1284211,0.43094238394736983,0.0,0.781,0.0,-0.0,0.0,1
2012-07-05 06:00:00+00:00,0.03447075,0.3265260064893751,0.03584182408125,0.0,0.528,6.850526315526317,6.8505263,0.45314935236842313,0.0,0.528,0.0,-0.0,0.0,1
2012-07-05 06:30:00+00:00,0.04122345,0.334249423996125,0.04286311272375,0.0,0.503,6.5857894734210545,6.5857895,0.46326921552631717,0.0,0.503,0.0,-0.0,0.0,1
2012-07-05 07:00:00+00:00,0.0492,0.34337262300000004,0.051156929999999996,0.0,1.326,5.887894736578949,5.8878947,0.4504870734210549,0.0,1.326,0.0,-0.0,0.0,1
2012-07-05 07:30:00+00:00,0.04524555,0.338849710926375,0.04704519175125,0.006,1.321,5.195789473421055,5.1957895,0.41763993657894893,0.0,1.315,0.0,-0.0,0.0,1
2012-07-05 08:00:00+00:00,0.05340045,0.348176898188625,0.05552445289874999,0.038,1.725,4.406315789210528,4.4063158,0.36870487342105474,0.0,1.5,0.18700000000000006,0.0,0.03255453998063645,1
2012-07-05 08:30:00+00:00,0.05373255,0.348556738393875,0.05586976217624999,0.188,1.262,3.841052631315791,3.8410526,0.30986818921052794,0.0,1.074,0.0,-0.0,0.0,1
2012-07-05 09:00:00+00:00,0.0533574,0.34812765964350006,0.055479690585,0.263,0.865,3.524210526052633,3.5242105,0.24875873131579107,0.0,0.602,0.0,-0.0,0.0,1
2012-07-05 09:30:00+00:00,0.05337585,0.34814876187712507,0.055498874433750005,0.325,0.49,3.437368420789475,3.4373684,0.19281962605263292,0.0,0.165,0.0,2.7755575615628914e-17,-7.702016029641213e-19,1
2012-07-05 10:00:00+00:00,0.05039925,0.34474426818562504,0.05240388016875,0.375,0.734,3.2484210523684225,3.2484211,0.14781842078947482,0.0,0.359,0.0,-0.0,0.0,1
2012-07-05 10:30:00+00:00,0.04915695,0.34332338445487504,0.051112167686249994,0.425,0.39,3.2650460523684224,3.2650461,0.11685225236842234,0.035,0.0,5.551115123125783e-17,0.0,9.52913815785092e-18,1
2012-07-05 11:00:00+00:00,0.0477732,0.161340716933,0.04967337903,0.45,0.359,3.3082710523684224,3.3082711,4.763157779308358e-08,0.091,0.0,0.0,5.551115123125783e-17,-1.3787132277509606e-18,1
2012-07-05 11:30:00+00:00,0.0425211,0.15533361442774998,0.0442123767525,0.469,0.103,3.4821210523684223,3.4821211,4.763157734899437e-08,0.366,0.0,0.0,-0.0,0.0,1
2012-07-05 12:00:00+00:00,0.04063305,0.153174152520125,0.04224922956375,0.475,0.072,3.6735460523684225,3.6735461,4.763157779308358e-08,0.403,0.0,5.551115123125783e-17,0.0,4.251436772632206e-18,1
2012-07-05 12:30:00+00:00,0.04057155,0.15310381174137502,0.042185283401249996,0.463,0.084,3.8535710523684226,3.8535711,4.763157734899437e-08,0.379,0.0,0.0,-0.0,0.0,1
2012-07-05 13:00:00+00:00,0.03764415,0.149755590672875,0.039141446066249995,0.419,0.097,4.006521052368423,4.0065211,4.763157734899437e-08,0.322,0.0,5.551115123125783e-17,0.0,4.156552620784154e-18,1
2012-07-05 13:30:00+00:00,0.03646335,0.148405047720875,0.03791367974624999,0.163,0.059,4.055921052368423,4.0559211,4.763157690490516e-08,0.104,0.0,0.0,2.7755575615628914e-17,-5.2615800253189e-19,1
2012-07-05 14:00:00+00:00,0.0361005,0.14799003712625,0.037536397387499996,0.269,0.097,4.396377516118423,4.3963775,0.3404564476315768,0.71675045,0.0,0.54475045,0.0,0.0403088196600207,1
2012-07-05 14:30:00+00:00,0.03651255,0.148461320343875,0.037964836676249995,0.275,0.084,4.487102516118423,4.4871025,1.6118423040722973e-08,0.191,0.0,0.0,-0.0,0.0,1
2012-07-05 15:00:00+00:00,0.03648795,0.14843318403237502,0.03793925821124999,0.263,0.072,4.577827516118423,4.5778275,1.6118423040722973e-08,0.191,0.0,0.0,-0.0,0.0,1
2012-07-05 15:30:00+00:00,0.03629115,0.14820809354037498,0.03773463049125,0.175,0.097,4.614877516118423,4.6148775,1.6118423040722973e-08,0.078,0.0,0.0,-0.0,0.0,1
2012-07-05 16:00:00+00:00,0.0368508,0.14884819462700002,0.03831654057,0.131,0.072,4.642902516118423,4.6429025,1.6118422152544554e-08,0.059,0.0,0.0,-0.0,0.0,1
2012-07-05 16:30:00+00:00,0.0373797,0.14945312532425,0.0388664775675,0.05,0.09,4.642902516118423,4.6429025,1.6118423040722973e-08,0.0,0.0,0.039999999999999994,0.0,0.0029890625064849996,1
2012-07-05 17:00:00+00:00,0.04022715,0.152709903380375,0.04182718489125,0.0,0.403,4.642902516118423,4.6429025,1.6118423040722973e-08,0.0,0.0,0.403,0.0,0.030771045531145562,1
2012-07-05 17:30:00+00:00,0.04754565,0.161080456051625,0.04943677822875,0.0,0.371,4.642902516118423,4.6429025,1.6118423040722973e-08,0.0,0.0,0.371,0.0,0.029880424597576435,1
2012-07-05 18:00:00+00:00,0.05485185,0.16943694056712502,0.05703358233375,0.0,0.617,4.3181656740131595,4.3181657,0.39714241611842294,0.0,0.617,0.0,-0.0,0.0,1
2012-07-05 18:30:00+00:00,0.0773424,0.19516056335600002,0.08041869396000001,0.0,1.117,3.7302709371710545,3.7302709,0.42637607401315947,0.0,1.117,0.0,-0.0,0.0,1
2012-07-05 19:00:00+00:00,0.08218245,0.20069638264362502,0.08545125694875,0.0,0.771,3.324481463486844,3.3244815,0.4427649371710545,0.0,0.771,0.0,-0.0,0.0,1
2012-07-05 19:30:00+00:00,0.0534312,0.16781206857800002,0.05555642598,0.0,0.872,2.8655340950657915,2.8655341,0.443981163486844,0.0,0.872,0.0,-0.0,0.0,1
2012-07-05 20:00:00+00:00,0.05203515,0.16621533290037502,0.05410484809125,0.0,0.746,2.472902516118423,2.4729025,0.4375711950657917,0.0,0.746,0.0,-0.0,0.0,1
2012-07-05 20:30:00+00:00,0.054489,0.1690219299725,0.056656299975,0.0,0.615,2.1492183055921075,2.1492183,0.427084716118423,0.0,0.615,0.0,-0.0,0.0,1
2012-07-05 21:00:00+00:00,0.05265015,0.16691874068787502,0.054744309716249995,0.0,0.773,1.7423762003289496,1.7423762,0.4159044055921075,0.0,0.773,0.0,-0.0,0.0,1
2012-07-05 21:30:00+00:00,0.049077,0.16283194144250002,0.051029037675,0.0,0.503,1.4776393582236864,1.4776394,0.33682360032894954,0.0,0.503,0.0,-0.0,0.0,1
2012-07-05 22:00:00+00:00,0.04015335,0.152625494445875,0.041750449496249994,0.0,0.708,1.4776393582236864,1.4776394,4.1776313519648056e-08,0.0,0.0,0.708,0.0,0.05402942503383975,1
2012-07-05 22:30:00+00:00,0.0531483,0.16748850099575,0.0552622736325,0.0,0.933,1.0000000003289495,1.0,0.40555265822368636,0.0,0.90751478,0.025485220000000086,0.0,0.0021342406476734612,1
2012-07-05 23:00:00+00:00,0.04363425,0.156606782523125,0.04536980229374999,0.0,0.821,1.0000000003289495,1.0,3.289495342784221e-10,0.0,0.0,0.821,0.0,0.06428708422574281,1
2012-07-05 23:30:00+00:00,0.04577445,0.159054641623625,0.04759512874875,0.0,0.859,1.0000000003289495,1.0,3.289495342784221e-10,0.0,0.0,0.859,0.0,0.06831396857734694,1
2012-07-06 00:00:00+00:00,0.03957525,0.10246429112562502,0.04114935556875,0.0,0.85,1.5874999978289495,1.5875,0.5874999996710504,1.2368421,0.0,2.0868421,0.0,0.10691339823380536,1
2012-07-06 00:30:00+00:00,0.03648795,0.09893318403237499,0.03793925821124999,0.0,0.606,2.2999999978289494,2.3,0.7125000021710504,1.5,0.0,2.106,0.0,0.10417664278609086,1
2012-07-06 01:00:00+00:00,0.03683235,0.099327092393375,0.038297356721249995,0.0,0.415,3.0124999978289493,3.0125,0.7125000021710508,1.5,0.0,1.915,0.0,0.09510569096665657,1
2012-07-06 01:30:00+00:00,0.03705375,0.099580319196875,0.03852756290625,0.0,0.472,3.724999997828949,3.725,0.7125000021710508,1.5,0.0,1.972,0.0,0.09818619472811875,1
2012-07-06 02:00:00+00:00,0.0355347,0.09784290196175002,0.0369480926925,0.0,0.503,4.437499997828949,4.4375,0.7125000021710508,1.5,0.0,2.003,0.0,0.09798966631469265,1
2012-07-06 02:30:00+00:00,0.03434775,0.096485324931875,0.035713931756250004,0.0,0.504,5.1499999978289495,5.15,0.7125000021710512,1.5,0.0,2.004,0.0,0.09667829558173875,1
2012-07-06 03:00:00+00:00,0.0338619,0.09592963277975002,0.0352087570725,0.0,0.472,5.86249999782895,5.8625,0.7125000021710504,1.5,0.0,1.972,0.0,0.09458661792083352,1
2012-07-06 03:30:00+00:00,0.0338742,0.09594370093550002,0.035221546305,0.0,0.615,6.57499999782895,6.575,0.7125000021710504,1.5,0.0,2.115,0.0,0.10146046373929128,1
2012-07-06 04:00:00+00:00,0.03386805,0.095936666857625,0.035215151688749995,0.0,0.88,7.2874999978289505,7.2875,0.7125000021710495,1.5,0.0,2.38,0.0,0.11416463356057374,1
2012-07-06 04:30:00+00:00,0.0336528,0.09569047413199999,0.03499134011999999,0.0,0.905,7.999999997828951,8.0,0.7125000021710495,1.5,0.0,2.4050000000000002,0.0,0.11506779514373,1
2012-07-06 05:00:00+00:00,0.03319155,0.325062918291375,0.034511743901249996,0.0,0.897,7.527894734671056,7.5278947,0.4109430978289508,0.0,0.897,0.0,-0.0,0.0,1
2012-07-06 05:30:00+00:00,0.0338619,0.32582963277975,0.0352087570725,0.0,0.724,7.1468421030921085,7.1468421,0.44114923467105616,0.0,0.724,0.0,-0.0,0.0,1
2012-07-06 06:00:00+00:00,0.03432315,0.326357188620375,0.035688353291249995,0.0,0.428,6.921578945197371,6.9215789,0.46460480309210883,0.0,0.428,0.0,-0.0,0.0,1
2012-07-06 06:30:00+00:00,0.03536865,0.327552981859125,0.03677543805375,0.0,0.476,6.671052629407898,6.6710526,0.47598744519737135,0.0,0.476,0.0,-0.0,0.0,1
2012-07-06 07:00:00+00:00,0.03814845,0.33073238505862507,0.03966580459875,0.0,2.373,5.881578945197371,5.8815789,0.46450092940789744,0.0,1.5,0.8730000000000002,0.0,0.1443646860780899,1
2012-07-06 07:30:00+00:00,0.04169085,0.33478401391462503,0.04334910355875,0.0,2.51,5.092105260986845,5.0921053,0.43297024519737093,0.0,1.5,1.0099999999999998,0.0,0.1690659270268856,1
2012-07-06 08:00:00+00:00,0.04980885,0.34406899670962504,0.05178999700874999,0.031,2.054,4.302631576776318,4.3026316,0.38536606098684434,0.0,1.5,0.5229999999999997,0.0,0.08997404263956689,1
2012-07-06 08:30:00+00:00,0.0541692,0.34905615792300004,0.05632377993,0.069,1.754,3.5131578925657916,3.5131579,0.3278678767763181,0.0,1.5,0.18500000000000005,0.0,0.03228769460787751,1
2012-07-06 09:00:00+00:00,0.0558789,0.35101163157225,0.058101483247499995,0.156,0.896,3.1236842083552654,3.1236842,0.2680971925657918,0.0,0.74,0.0,-0.0,0.0,1
2012-07-06 09:30:00+00:00,0.0567153,0.35196826616325005,0.0589711510575,0.106,1.053,2.6252631557236863,2.6252632,0.21348890835526557,0.0,0.947,0.0,-0.0,0.0,1
2012-07-06 10:00:00+00:00,0.05379405,0.34862707917262503,0.05593370833875,0.138,0.559,2.403684208355265,2.4036842,0.16980325572368615,0.0,0.421,5.551115123125783e-17,0.0,9.676345257631642e-18,1
2012-07-06 10:30:00+00:00,0.0507744,0.34517334693600005,0.05279395175999999,0.119,0.64,2.1294736820394755,2.1294737,0.14013060835526536,0.0,0.521,0.0,-0.0,0.0,1
2012-07-06 11:00:00+00:00,0.0436035,0.15657161213375,0.0453378292125,0.306,0.722,2.1294736820394755,2.1294737,1.7960524623106267e-08,0.0,0.0,0.416,0.0,0.032566895323820004,1
2012-07-06 11:30:00+00:00,0.04346205,0.156409828342625,0.04519075303875,0.15,0.234,2.1294736820394755,2.1294737,1.7960524623106267e-08,0.0,0.0,0.08400000000000002,0.0,0.006569212790390252,1
2012-07-06 12:00:00+00:00,0.0408483,0.15342034524575,0.04247304113249999,0.094,0.29,2.1294736820394755,2.1294737,1.7960524623106267e-08,0.0,0.0,0.19599999999999998,0.0,0.015035193834083497,1
2012-07-06 12:30:00+00:00,0.0403071,0.15280134639275,0.041910314902499995,0.175,0.184,2.1294736820394755,2.1294737,1.7960524623106267e-08,0.0,0.0,0.009000000000000008,0.0,0.0006876060587673756,1
2012-07-06 13:00:00+00:00,0.0380931,0.15026907835775,0.03960825305249999,0.181,0.24,2.1294736820394755,2.1294737,1.7960524623106267e-08,0.0,0.0,0.059,0.0,0.004432937811553624,1
2012-07-06 13:30:00+00:00,0.044526,0.157626723815,0.04629702165,0.288,0.184,2.1788736820394754,2.1788737,1.7960524623106267e-08,0.104,0.0,0.0,-0.0,0.0,1
2012-07-06 14:00:00+00:00,0.04315455,0.15605812444887499,0.044871022226249994,0.1,0.179,2.1788736820394754,2.1788737,1.7960524623106267e-08,0.0,0.0,0.07899999999999999,0.0,0.006164295915730561,1
2012-07-06 14:30:00+00:00,0.0376257,0.14973448843925,0.039122262217499995,0.031,0.928,2.1788736820394754,2.1788737,1.7960524623106267e-08,0.0,0.0,0.897,0.0,0.06715591806500362,1
2012-07-06 15:00:00+00:00,0.0387327,0.15100062245674997,0.04027329314249999,0.113,1.178,2.1788736820394754,2.1788737,1.7960524623106267e-08,0.0,0.0,1.065,0.0,0.08040783145821935,1
2012-07-06 15:30:00+00:00,0.03865275,0.15090917944437499,0.04019016313125,0.131,0.29,2.1788736820394754,2.1788737,1.7960524623106267e-08,0.0,0.0,0.15899999999999997,0.0,0.011997279765827809,1
2012-07-06 16:00:00+00:00,0.0404793,0.15299830057324998,0.042089364157499996,0.031,0.153,2.1788736820394754,2.1788737,1.7960524623106267e-08,0.0,0.0,0.122,0.0,0.009332896334968248,1
2012-07-06 16:30:00+00:00,0.0404055,0.15291389163875,0.0420126287625,0.0,0.165,2.1788736820394754,2.1788737,1.7960524623106267e-08,0.0,0.0,0.165,0.0,0.012615396060196874,1
2012-07-06 17:00:00+00:00,0.0414018,0.1540534122545,0.043048556594999995,0.0,0.884,2.1788736820394754,2.1788737,1.7960524623106267e-08,0.0,0.0,0.884,0.0,0.068091608216489,1
2012-07-06 17:30:00+00:00,0.0453624,0.15858335840600002,0.047166689459999994,0.0,1.297,2.1788736820394754,2.1788737,1.7960524623106267e-08,0.0,0.0,1.297,0.0,0.10284130792629101,1
2012-07-06 18:00:00+00:00,0.05326515,0.16762214847537502,0.05538377134125,0.0,1.76,1.389399997828949,1.3894,0.43498668203947544,0.0,1.5,0.26,0.0,0.021790879301798752,1
2012-07-06 18:30:00+00:00,0.04825905,0.161896409085125,0.05017855371374999,0.0,1.641,1.389399997828949,1.3894,2.1710508946171103e-09,0.0,0.0,1.641,0.0,0.13283600365434506,1
2012-07-06 19:00:00+00:00,0.0486096,0.16229735152400002,0.050543046839999994,0.0,1.681,1.0,1.0,0.3893999978289491,0.0,0.73986,0.9411400000000001,0.0,0.0763722647066487,1
2012-07-06 19:30:00+00:00,0.04193685,0.154665377029625,0.04360488820874999,0.0,1.012,1.0,1.0,0.0,0.0,0.0,1.012,0.0,0.07826068077699025,1
2012-07-06 20:00:00+00:00,0.0382161,0.15040975991525,0.0397361453775,0.0,0.976,1.0,1.0,0.0,0.0,0.0,0.976,0.0,0.07339996283864199,1
2012-07-06 20:30:00+00:00,0.0453747,0.15859742656175,0.04717947869249999,0.0,0.829,1.0,1.0,0.0,0.0,0.0,0.829,0.0,0.06573863330984536,1
2012-07-06 21:00:00+00:00,0.0452394,0.1584426768485,0.047038797135,0.0,0.828,1.0,1.0,0.0,0.0,0.0,0.828,0.0,0.065595268215279,1
2012-07-06 21:30:00+00:00,0.03977205,0.152189381617625,0.04135398328875,0.0,1.067,1.0,1.0,0.0,0.0,0.0,1.067,0.0,0.08119303509300294,1
2012-07-06 22:00:00+00:00,0.0400365,0.15249184696624998,0.0416289517875,0.0,1.925,1.0,1.0,0.0,0.0,0.0,1.925,0.0,0.1467734027050156,1
2012-07-06 22:30:00+00:00,0.04797,0.16156580742499999,0.049878006749999995,0.0,2.046,1.0,1.0,0.0,0.0,0.0,2.046,0.0,0.16528182099577496,1
2012-07-06 23:00:00+00:00,0.0398028,0.152224552007,0.04138595637,0.0,2.331,1.0,1.0,0.0,0.0,0.0,2.331,0.0,0.17741771536415848,1
2012-07-06 23:30:00+00:00,0.0452886,0.1584989494715,0.047089954064999995,0.0,1.333,1.0,1.0,0.0,0.0,0.0,1.333,0.0,0.10563954982275475,1
2012-07-07 00:00:00+00:00,0.0423366,0.10562259209150002,0.044020538265,0.0,1.194,1.5874999975000001,1.5875,0.5874999999999999,1.2368421,0.0,2.4308421,0.0,0.12837592178357266,1
2012-07-07 00:30:00+00:00,0.03867735,0.10143731575587499,0.04021574159624999,0.0,0.691,2.2999999975,2.3,0.7125000024999997,1.5,0.0,2.191,0.0,0.11112457941056104,1
2012-07-07 01:00:00+00:00,0.0371091,0.09964362589775001,0.03858511445249999,0.0,0.515,3.0124999975,3.0125,0.7125000025000001,1.5,0.0,2.015,0.0,0.10039095309198315,1
2012-07-07 01:30:00+00:00,0.0364572,0.09889801364300002,0.03790728513,0.0,0.473,3.7249999975,3.725,0.7125000025000001,1.5,0.0,1.9729999999999999,0.0,0.09756289045881951,1
2012-07-07 02:00:00+00:00,0.03541785,0.09770925448212502,0.03682659498375,0.0,0.479,4.4374999975,4.4375,0.7125000025000001,1.5,0.0,1.979,0.0,0.09668330731006271,1
2012-07-07 02:30:00+00:00,0.03379425,0.095852257923125,0.03513841629375,0.0,0.434,5.1499999975,5.15,0.7125000025000006,1.5,0.0,1.934,0.0,0.09268913341166188,1
2012-07-07 03:00:00+00:00,0.03386805,0.095936666857625,0.035215151688749995,0.0,0.504,5.8624999975000005,5.8625,0.7125000024999997,1.5,0.0,2.004,0.0,0.09612854019134025,1
2012-07-07 03:30:00+00:00,0.03383115,0.09589446239037501,0.035176783991249995,0.0,0.595,6.574999997500001,6.575,0.7125000024999997,1.5,0.0,2.0949999999999998,0.0,0.10044944935391781,1
2012-07-07 04:00:00+00:00,0.03384345,0.09590853054612498,0.03518957322374999,0.0,0.846,7.287499997500001,7.2875,0.7125000024999988,1.5,0.0,2.346,0.0,0.1125007063306046,1
2012-07-07 04:30:00+00:00,0.0331116,0.09507147527900002,0.034428613889999994,0.0,0.932,7.999999997500002,8.0,0.7125000024999988,1.5,0.0,2.432,0.0,0.11560691393926402,1
2012-07-07 05:00:00+00:00,0.0331608,0.325027747902,0.03447977082,0.0,0.888,7.53263157644737,7.5326316,0.44700299750000116,0.0,0.888,0.0,-0.0,0.0,1
2012-07-07 05:30:00+00:00,0.03328995,0.32517546353737503,0.03461405776125,0.0,0.773,7.125789471184212,7.1257895,0.47640307644737057,0.0,0.773,0.0,-0.0,0.0,1
2012-07-07 06:00:00+00:00,0.03182625,0.323501353003125,0.03309213909375,0.0,0.484,6.871052629078949,6.8710526,0.4989999711842117,0.0,0.484,0.0,-0.0,0.0,1
2012-07-07 06:30:00+00:00,0.03295785,0.324795623332125,0.03426874848374999,0.0,0.459,6.629473681710528,6.6294737,0.5094734290789482,0.0,0.459,0.0,-0.0,0.0,1
2012-07-07 07:00:00+00:00,0.0326688,0.32446502167200003,0.03396820151999999,0.0,1.467,5.857368418552634,5.8573684,0.4970517817105282,0.0,1.467,0.0,-0.0,0.0,1
2012-07-07 07:30:00+00:00,0.0339603,0.32594217802575004,0.0353110709325,0.019,1.489,5.083684208026318,5.0836842,0.46455431855263374,0.0,1.47,2.220446049250313e-16,0.0,3.6186851074065944e-17,1
2012-07-07 08:00:00+00:00,0.0345507,0.32661744950175003,0.035924954092499996,0.069,1.369,4.399473681710528,4.3994737,0.4159511080263174,0.0,1.3,0.0,-0.0,0.0,1
2012-07-07 08:30:00+00:00,0.038499,0.3311333274975,0.040030297725,0.056,0.24,4.302631576447371,4.3026316,0.3574215817105282,0.0,0.184,0.0,-0.0,0.0,1
2012-07-07 09:00:00+00:00,0.04545465,0.33908886957412504,0.04726260870374999,0.206,0.159,4.324956576447371,4.3249566,0.2965859764473704,0.047,0.0,2.7755575615628914e-17,0.0,4.705803379941379e-18,1
2012-07-07 09:30:00+00:00,0.04822215,0.34225420461787504,0.05014018601624999,0.344,0.14,4.421856576447371,4.4218566,0.24087777644737063,0.204,0.0,0.0,-0.0,0.0,1
2012-07-07 10:00:00+00:00,0.04519635,0.338793438303375,0.04699403482125,0.381,0.078,4.565781576447371,4.5657816,0.19605617644737094,0.303,0.0,0.0,-0.0,0.0,1
2012-07-07 10:30:00+00:00,0.0423612,0.335550728403,0.044046116729999994,0.356,0.965,4.245255260657897,4.2452553,0.16521147644737066,0.0,0.609,0.0,-0.0,0.0,1
2012-07-07 11:00:00+00:00,0.03755805,0.149657113582625,0.03905192143875,0.269,0.54,4.245255260657897,4.2452553,3.9342102908790366e-08,0.0,0.0,0.271,0.0,0.02027853889044569,1
2012-07-07 11:30:00+00:00,0.0361497,0.14804630974925,0.037587554317499994,0.419,0.128,4.3834802606578975,4.3834803,3.9342102908790366e-08,0.291,0.0,0.0,-0.0,0.0,1
2012-07-07 12:00:00+00:00,0.03559005,0.147406208662625,0.03700564423874999,0.356,0.773,4.3834802606578975,4.3834803,3.9342102908790366e-08,0.0,0.0,0.41700000000000004,0.0,0.030734194506157313,1
2012-07-07 12:30:00+00:00,0.0348336,0.146541017084,0.036219106439999996,0.194,0.278,4.3834802606578975,4.3834803,3.9342102908790366e-08,0.0,0.0,0.08400000000000002,0.0,0.006154722717528001,1
2012-07-07 13:00:00+00:00,0.0351165,0.14686458466625002,0.0365132587875,0.119,0.309,4.3834802606578975,4.3834803,3.9342102908790366e-08,0.0,0.0,0.19,0.0,0.013952135543293751,1
2012-07-07 13:30:00+00:00,0.0346491,0.14632999474775002,0.0360272679525,0.088,0.303,4.3834802606578975,4.3834803,3.9342102908790366e-08,0.0,0.0,0.215,0.0,0.015730474435383127,1
2012-07-07 14:00:00+00:00,0.03389265,0.145464803169125,0.03524073015375,0.119,0.259,4.3834802606578975,4.3834803,3.9342102908790366e-08,0.0,0.0,0.14,0.0,0.010182536221838751,1
2012-07-07 14:30:00+00:00,0.0339726,0.1455562461815,0.035323860165,0.119,0.298,4.3834802606578975,4.3834803,3.9342102908790366e-08,0.0,0.0,0.179,0.0,0.01302728403324425,1
2012-07-07 15:00:00+00:00,0.03395415,0.14553514394787498,0.03530467631625,0.063,0.809,4.3834802606578975,4.3834803,3.9342102908790366e-08,0.0,0.0,0.746,0.0,0.054284608692557364,1
2012-07-07 15:30:00+00:00,0.0353625,0.14714594778125,0.036769043437499996,0.056,0.578,4.3834802606578975,4.3834803,3.9342102908790366e-08,0.0,0.0,0.5219999999999999,0.0,0.038405092370906245,1
2012-07-07 16:00:00+00:00,0.0366294,0.14859496782349998,0.038086334385,0.044,1.432,4.3834802606578975,4.3834803,3.9342102908790366e-08,0.0,0.0,1.388,0.0,0.10312490766950898,1
2012-07-07 16:30:00+00:00,0.03818535,0.15037458952587499,0.03970417229625,0.013,1.101,4.3834802606578975,4.3834803,3.9342102908790366e-08,0.0,0.0,1.088,0.0,0.081803776702076,1
2012-07-07 17:00:00+00:00,0.04407705,0.15711323613012498,0.045830214663749994,0.0,0.859,4.225461334342108,4.2254613,0.15801896065789744,0.0,0.30023596,0.55876404,0.0,0.043894613278771304,1
2012-07-07 17:30:00+00:00,0.05060835,0.164583426833375,0.05262129712125,0.0,0.801,3.8038823869736866,3.8038824,0.40128253434210803,0.0,0.801,0.0,-0.0,0.0,1
2012-07-07 18:00:00+00:00,0.0596181,0.17488835092025,0.061989409927499996,0.0,0.647,3.463356071184213,3.4633561,0.44039428697368654,0.0,0.647,0.0,-0.0,0.0,1
2012-07-07 18:30:00+00:00,0.06343725,0.179256513280625,0.06596046661874999,0.0,0.992,2.941250808026318,2.9412508,0.46896367118421267,0.0,0.992,0.0,-0.0,0.0,1
2012-07-07 19:00:00+00:00,0.0563463,0.17114622149074998,0.0585874740825,0.0,1.475,2.164935018552634,2.164935,0.48467280802631807,0.0,1.475,0.0,-0.0,0.0,1
2012-07-07 19:30:00+00:00,0.0528039,0.16709459263475,0.0549041751225,0.0,2.187,1.3754613343421076,1.3754613,0.48520801855263396,0.0,1.5,0.6869999999999998,0.0,0.05739699257003661,1
2012-07-07 20:00:00+00:00,0.0481914,0.1618190342285,0.050108212935,0.0,2.303,1.0,1.0,0.3754613343421076,0.0,0.71337654,1.5896234599999999,0.0,0.12861566654208328,1
2012-07-07 20:30:00+00:00,0.04465515,0.15777443945037498,0.04643130859124999,0.0,1.081,1.0,1.0,0.0,0.0,0.0,1.081,0.0,0.08527708452292768,1
2012-07-07 21:00:00+00:00,0.0430377,0.15592447696925002,0.0447495245175,0.0,0.842,1.0,1.0,0.0,0.0,0.0,0.842,0.0,0.06564420480405425,1
2012-07-07 21:30:00+00:00,0.0379209,0.15007212417725,0.03942920379749999,0.0,0.851,1.0,1.0,0.0,0.0,0.0,0.851,0.0,0.06385568883741988,1
2012-07-07 22:00:00+00:00,0.03721365,0.149263205221625,0.03869382292875,0.0,0.966,1.0,1.0,0.0,0.0,0.0,0.966,0.0,0.07209412812204488,1
2012-07-07 22:30:00+00:00,0.0395076,0.151886916269,0.04107901479,0.0,2.688,1.0,1.0,0.0,0.0,0.0,2.688,0.0,0.204136015465536,1
2012-07-07 23:00:00+00:00,0.03797625,0.150135430878125,0.03948675534375,0.0,1.914,1.0,1.0,0.0,0.0,0.0,1.914,0.0,0.1436796073503656,1
2012-07-07 23:30:00+00:00,0.0375765,0.14967821581625002,0.0390711052875,0.0,1.491,1.0,1.0,0.0,0.0,0.0,1.491,0.0,0.11158510989101439,1
2012-07-08 00:00:00+00:00,0.0359037,0.09826494663425002,0.037331769667499994,0.0,1.465,1.5874999975000001,1.5875,0.5874999999999999,1.2368421,0.0,2.7018421000000004,0.0,0.13274818488533502,1
2012-07-08 00:30:00+00:00,0.03378195,0.095838189767375,0.03512562706124999,0.0,1.809,2.2999999975,2.3,0.7125000024999997,1.5,0.0,3.309,0.0,0.15856428497012195,1
2012-07-08 01:00:00+00:00,0.0338619,0.09592963277975002,0.0352087570725,0.0,0.772,3.0124999975,3.0125,0.7125000025000001,1.5,0.0,2.2720000000000002,0.0,0.10897606283779603,1
2012-07-08 01:30:00+00:00,0.0339972,0.09608438249300001,0.03534943863,0.0,0.516,3.7249999975,3.725,0.7125000025000001,1.5,0.0,2.016,0.0,0.09685305755294402,1
2012-07-08 02:00:00+00:00,0.0341694,0.09628133667350001,0.035528487885,0.0,0.491,4.4374999975,4.4375,0.7125000025000001,1.5,0.0,1.991,0.0,0.09584807065846927,1
2012-07-08 02:30:00+00:00,0.0336405,0.09567640597625002,0.034978550887499994,0.0,0.503,5.1499999975,5.15,0.7125000025000006,1.5,0.0,2.003,0.0,0.0958199205852144,1
2012-07-08 03:00:00+00:00,0.0320415,0.09384754572875001,0.033315950662499996,0.0,0.521,5.8624999975000005,5.8625,0.7125000024999997,1.5,0.0,2.021,0.0,0.09483294495890188,1
2012-07-08 03:30:00+00:00,0.03112515,0.09279946812537503,0.03236315284125,0.0,0.617,6.574999997500001,6.575,0.7125000024999997,1.5,0.0,2.117,0.0,0.09822823701070947,1
2012-07-08 04:00:00+00:00,0.0311559,0.09283463851475002,0.0323951259225,0.0,0.877,7.287499997500001,7.2875,0.7125000024999988,1.5,0.0,2.377,0.0,0.11033396787478039,1
2012-07-08 04:30:00+00:00,0.03067005,0.09227894636262501,0.03188995123875,0.0,0.827,7.999999997500002,8.0,0.7125000024999988,1.5,0.0,2.327,0.0,0.10736655409291421,1
2012-07-08 05:00:00+00:00,0.03075615,0.322277423452875,0.031979475866249996,0.0,0.834,7.561052629078949,7.5610526,0.43468889750000184,0.0,0.834,0.0,-0.0,0.0,1
2012-07-08 05:30:00+00:00,0.03037485,0.321841310624625,0.031583009658749994,0.0,0.763,7.159473681710528,7.1594737,0.4638431290789491,0.0,0.763,0.0,-0.0,0.0,1
2012-07-08 06:00:00+00:00,0.0302211,0.32166545867775004,0.0314231442525,0.0,0.515,6.888421050131581,6.8884211,0.48624468171052815,0.0,0.515,0.0,-0.0,0.0,1
2012-07-08 06:30:00+00:00,0.0305778,0.3220734351945,0.031794031995,0.0,0.484,6.633684208026318,6.6336842,0.4965727501315804,0.0,0.484,0.0,-0.0,0.0,1
2012-07-08 07:00:00+00:00,0.03124815,0.32284014968287505,0.032491045166249996,0.0,1.021,6.096315786973686,6.0963158,0.48407650802631785,0.0,1.021,0.0,-0.0,0.0,1
2012-07-08 07:30:00+00:00,0.0334068,0.32530911101700005,0.03473555546999999,0.013,1.434,5.348421050131581,5.3484211,0.45156578697368577,0.0,1.421,0.0,-0.0,0.0,1
2012-07-08 08:00:00+00:00,0.03404025,0.32603362103812505,0.035394200943749995,0.088,0.827,4.959473681710528,4.9594737,0.40300625013158076,0.0,0.739,0.0,-0.0,0.0,1
2012-07-08 08:30:00+00:00,0.03488895,0.32700432378487504,0.036276657986249995,0.188,0.109,4.996998681710528,4.9969987,0.3445729817105283,0.079,0.0,0.0,-0.0,0.0,1
2012-07-08 09:00:00+00:00,0.03495045,0.32707466456362505,0.03634060414875,0.275,0.115,5.072998681710527,5.0729987,0.2838804817105274,0.16,0.0,0.0,-0.0,0.0,1
2012-07-08 09:30:00+00:00,0.034686,0.326772199215,0.03606563565,0.331,0.203,5.133798681710528,5.1337987,0.22835638171052697,0.128,0.0,0.0,-0.0,0.0,1
2012-07-08 10:00:00+00:00,0.03563925,0.327862481285625,0.03705680116874999,0.375,0.365,5.138548681710527,5.1385487,0.18375368171052742,0.01,0.0,0.0,-0.0,0.0,1
2012-07-08 10:30:00+00:00,0.03544245,0.3276373907936251,0.03685217344875,0.413,1.065,4.795390786973686,4.7953908,0.15315758171052707,0.0,0.652,0.0,1.1102230246251565e-16,-2.0457065735141054e-18,1
2012-07-08 11:00:00+00:00,0.03433545,0.145971256776125,0.03570114252375,0.431,0.64,4.795390786973686,4.7953908,1.3026314249486859e-08,0.0,0.0,0.20900000000000002,0.0,0.015253996333105063,1
2012-07-08 11:30:00+00:00,0.03444615,0.146097870177875,0.03581624561625,0.444,0.459,4.795390786973686,4.7953908,1.3026314249486859e-08,0.0,0.0,0.015000000000000013,0.0,0.0010957340263340635,1
2012-07-08 12:00:00+00:00,0.03442155,0.146069733866375,0.035790667151250004,0.456,0.134,4.948340786973685,4.9483408,1.3026314249486859e-08,0.322,0.0,0.0,-0.0,0.0,1
2012-07-08 12:30:00+00:00,0.03444615,0.146097870177875,0.03581624561625,0.45,0.115,5.107465786973686,5.1074658,1.3026315137665279e-08,0.335,0.0,0.0,-0.0,0.0,1
2012-07-08 13:00:00+00:00,0.03381885,0.145380394234625,0.03516399475874999,0.438,0.14,5.249015786973685,5.2490158,1.3026314249486859e-08,0.298,0.0,0.0,-0.0,0.0,1
2012-07-08 13:30:00+00:00,0.033825,0.1453874283125,0.035170389375,0.413,0.19,5.354940786973685,5.3549408,1.3026314249486859e-08,0.223,0.0,5.551115123125783e-17,0.0,4.035311760089422e-18,1
2012-07-08 14:00:00+00:00,0.03381885,0.145380394234625,0.03516399475874999,0.388,0.147,5.469415786973685,5.4694158,1.3026314249486859e-08,0.241,0.0,0.0,-0.0,0.0,1
2012-07-08 14:30:00+00:00,0.03375735,0.145310053455875,0.03510004859625,0.325,0.228,5.515490786973685,5.5154908,1.3026315137665279e-08,0.097,0.0,0.0,-0.0,0.0,1
2012-07-08 15:00:00+00:00,0.03384345,0.14540853054612501,0.03518957322374999,0.113,0.203,5.515490786973685,5.5154908,1.3026315137665279e-08,0.0,0.0,0.09000000000000001,0.0,0.006543383874575626,1
2012-07-08 15:30:00+00:00,0.03444615,0.146097870177875,0.03581624561625,0.131,0.253,5.515490786973685,5.5154908,1.3026315137665279e-08,0.0,0.0,0.122,0.0,0.008911970080850375,1
2012-07-08 16:00:00+00:00,0.0344154,0.1460626997885,0.035784272534999995,0.106,0.159,5.515490786973685,5.5154908,1.3026315137665279e-08,0.0,0.0,0.053000000000000005,0.0,0.0038706615443952507,1
2012-07-08 16:30:00+00:00,0.0351165,0.14686458466625002,0.0365132587875,0.056,0.215,5.515490786973685,5.5154908,1.3026315137665279e-08,0.0,0.0,0.159,0.0,0.011675734480966878,1
2012-07-08 17:00:00+00:00,0.04011645,0.152583289978625,0.041712081798749995,0.0,0.753,5.119174997500001,5.119175,0.3486978869736852,0.0,0.753,0.0,-0.0,0.0,1
2012-07-08 17:30:00+00:00,0.0465309,0.15991983320225,0.0483816665475,0.0,1.442,4.360227629078948,4.3602276,0.3944825975000006,0.0,1.442,0.0,-0.0,0.0,1
2012-07-08 18:00:00+00:00,0.05857875,0.173699591759375,0.060908719781249995,0.0,1.282,3.685490786973685,3.6854908,0.434039029078948,0.0,1.282,0.0,-0.0,0.0,1
2012-07-08 18:30:00+00:00,0.0590646,0.1742552839115,0.061413894465,0.0,1.242,3.0318065764473694,3.0318066,0.4630584869736851,0.0,1.242,0.0,-0.0,0.0,1
2012-07-08 19:00:00+00:00,0.05600805,0.170759347207625,0.05823577018874999,0.0,1.34,2.3265434185526326,2.3265434,0.4792209764473694,0.0,1.34,0.0,-0.0,0.0,1
2012-07-08 19:30:00+00:00,0.051168,0.16522352792,0.05320320719999999,0.0,0.724,1.9454907869736853,1.9454908,0.4802165185526326,0.0,0.724,0.0,-0.0,0.0,1
2012-07-08 20:00:00+00:00,0.04977195,0.163626792242375,0.05175162931125,0.0,1.109,1.3618065764473695,1.3618066,0.4735428869736853,0.0,1.109,0.0,-0.0,0.0,1
2012-07-08 20:30:00+00:00,0.0468753,0.16031374156325,0.048739765057499995,0.0,0.559,1.06759605013158,1.0675961,0.36180657644736947,0.0,0.559,0.0,-0.0,0.0,1
2012-07-08 21:00:00+00:00,0.04126035,0.153891628463375,0.04290148042125,0.0,0.884,1.06759605013158,1.0675961,4.9868420060050767e-08,0.0,0.0,0.884,0.0,0.06802009978081175,1
2012-07-08 21:30:00+00:00,0.0430254,0.15591040881350002,0.044736735284999996,0.0,1.321,1.0,1.0,0.06759605013157999,0.0,0.1284325,1.1925675,0.0,0.09296684323134684,1
2012-07-08 22:00:00+00:00,0.0392493,0.15159148499825,0.0408104409075,0.0,0.996,1.0,1.0,0.0,0.0,0.0,0.996,0.0,0.0754925595291285,1
2012-07-08 22:30:00+00:00,0.0363711,0.14829953655275,0.0378177605025,0.0,1.256,1.0,1.0,0.0,0.0,0.0,1.256,0.0,0.093132108955127,1
2012-07-08 23:00:00+00:00,0.03563925,0.147462481285625,0.03705680116874999,0.0,0.82,1.0,1.0,0.0,0.0,0.0,0.82,0.0,0.060459617327106245,1
2012-07-08 23:30:00+00:00,0.0360759,0.14796190081475,0.037510818922499994,0.0,0.877,1.0,1.0,0.0,0.0,0.0,0.877,0.0,0.06488129350726787,1
2012-07-09 00:00:00+00:00,0.03561465,0.09793434497412501,0.03703122270374999,0.0,0.858,1.5874999975000001,1.5875,0.5874999999999999,1.2368421,0.0,2.0948421,0.0,0.10257849444386025,1
2012-07-09 00:30:00+00:00,0.03374505,0.09579598530012501,0.03508725936375,0.0,0.544,2.2999999975,2.3,0.7125000024999997,1.5,0.0,2.044,0.0,0.09790349697672776,1
2012-07-09 01:00:00+00:00,0.03391725,0.09599293948062503,0.03526630861875,0.006,0.478,3.0124999975,3.0125,0.7125000025000001,1.5,0.0,1.972,0.0,0.09464903832789627,1
2012-07-09 01:30:00+00:00,0.0341202,0.09622506405050002,0.035477330955000004,0.0,0.541,3.7249999975,3.725,0.7125000025000001,1.5,0.0,2.041,0.0,0.09819767786353527,1
2012-07-09 02:00:00+00:00,0.0338496,0.09591556462400001,0.03519596784,0.0,0.453,4.4374999975,4.4375,0.7125000025000001,1.5,0.0,1.953,0.0,0.09366154885533602,1
2012-07-09 02:30:00+00:00,0.03370815,0.095753780832875,0.03504889166625,0.0,0.548,5.1499999975,5.15,0.7125000025000006,1.5,0.0,2.048,0.0,0.098051871572864,1
2012-07-09 03:00:00+00:00,0.0326688,0.09456502167199998,0.03396820151999999,0.0,0.547,5.8624999975000005,5.8625,0.7125000024999997,1.5,0.0,2.047,0.0,0.09678729968129199,1
2012-07-09 03:30:00+00:00,0.03153105,0.093263717265125,0.032785197513749996,0.0,0.629,6.574999997500001,6.575,0.7125000024999997,1.5,0.0,2.129,0.0,0.09927922702872556,1
2012-07-09 04:00:00+00:00,0.0311928,0.092876842982,0.032433493619999997,0.0,0.859,7.287499997500001,7.2875,0.7125000024999988,1.5,0.0,2.359,0.0,0.109548236297269,1
2012-07-09 04:30:00+00:00,0.03178935,0.09355914853587502,0.03305377139625,0.0,0.94,7.999999997500002,8.0,0.7125000024999988,1.5,0.0,2.44,0.0,0.11414216121376752,1
2012-07-09 05:00:00+00:00,0.03415095,0.326160234439875,0.035509304036249995,0.0,0.901,7.525789471184212,7.5257895,0.43365569750000166,0.0,0.901,0.0,-0.0,0.0,1
2012-07-09 05:30:00+00:00,0.0344892,0.3265471087230001,0.035861007929999994,0.0,0.795,7.107368418552634,7.1073684,0.46264737118421184,0.0,0.795,0.0,-0.0,0.0,1
2012-07-09 06:00:00+00:00,0.03604515,0.328326730425375,0.03747884584125,0.0,0.509,6.839473681710528,6.8394737,0.4848428185526332,0.0,0.509,0.0,-0.0,0.0,1
2012-07-09 06:30:00+00:00,0.04057155,0.33350381174137506,0.042185283401249996,0.0,1.555,6.049999997500001,6.05,0.49492108171052784,0.0,1.5,0.05499999999999994,0.0,0.009171354822887804,1
2012-07-09 07:00:00+00:00,0.0448581,0.33840656402025,0.046642330927499996,0.0,1.701,5.260526313289475,5.2605263,0.4821533975000012,0.0,1.5,0.20100000000000007,0.0,0.03400985968403514,1
2012-07-09 07:30:00+00:00,0.04326525,0.33658473785062504,0.044986125318749993,0.019,1.487,4.487894734342106,4.4878947,0.44934171328947503,0.0,1.468,2.220446049250313e-16,0.0,3.7368412569918634e-17,1
2012-07-09 08:00:00+00:00,0.0521028,0.34669270775700006,0.05417518886999999,0.094,1.238,3.8857894711842116,3.8857895,0.4004489343421058,0.0,1.144,0.0,-0.0,0.0,1
2012-07-09 08:30:00+00:00,0.0554484,0.35051924612100005,0.05765386011,0.194,1.007,3.4578947343421063,3.4578947,0.34164777118421163,0.0,0.813,0.0,-0.0,0.0,1
2012-07-09 09:00:00+00:00,0.0549933,0.34999872435825,0.057180658507499996,0.288,0.375,3.4121052606578957,3.4121053,0.28054943434210644,0.0,0.087,2.7755575615628914e-17,0.0,4.857208029649535e-18,1
2012-07-09 09:30:00+00:00,0.0552762,0.3503222919405,0.057474810854999996,0.331,0.078,3.532280260657896,3.5322803,0.22457806065789576,0.253,0.0,0.0,-0.0,0.0,1
2012-07-09 10:00:00+00:00,0.0532221,0.34797290993025004,0.0553390090275,0.35,0.097,3.652455260657896,3.6524553,0.17948376065789562,0.253,0.0,0.0,-0.0,0.0,1
2012-07-09 10:30:00+00:00,0.04862805,0.342718453757625,0.050562230688749994,0.4,0.097,3.796380260657896,3.7963803,0.148349660657896,0.303,0.0,0.0,-0.0,0.0,1
2012-07-09 11:00:00+00:00,0.04844355,0.162107431421375,0.050370392201249996,0.425,0.065,3.9673802606578956,3.9673803,0.13130896065789566,0.36,0.0,0.0,-0.0,0.0,1
2012-07-09 11:30:00+00:00,0.0465924,0.159990173981,0.048445612709999995,0.456,0.103,4.135055260657896,4.1350553,3.9342104241057996e-08,0.353,0.0,0.0,5.551115123125783e-17,-1.344635866817878e-18,1
2012-07-09 12:00:00+00:00,0.04737345,0.160883501871125,0.04925772897374999,0.45,0.084,4.3089052606578955,4.3089053,0.1286013606578953,0.366,0.0,0.0,-0.0,0.0,1
2012-07-09 12:30:00+00:00,0.0466908,0.160102719227,0.04854792656999999,0.463,0.078,4.491780260657896,4.4917803,0.13512266065789547,0.385,0.0,0.0,-0.0,0.0,1
2012-07-09 13:00:00+00:00,0.0467646,0.1601871281615,0.048624661964999996,0.413,0.19,4.597705260657896,4.5977053,0.14261636065789585,0.223,0.0,5.551115123125783e-17,0.0,4.446085948336953e-18,1
2012-07-09 13:30:00+00:00,0.04620495,0.159547027074875,0.04804275188625,0.413,0.278,4.661830260657895,4.6618303,0.07857976065789529,0.135,0.0,5.551115123125783e-17,0.0,4.428319574225487e-18,1
2012-07-09 14:00:00+00:00,0.0457437,0.15901947123425,0.047563155667499996,0.381,0.215,4.7406802606578955,4.7406803,3.9342104685147206e-08,0.166,0.0,0.0,-0.0,0.0,1
2012-07-09 14:30:00+00:00,0.0430992,0.155994817748,0.044813470679999995,0.331,0.178,4.813355260657896,4.8133553,3.9342104685147206e-08,0.153,0.0,0.0,5.551115123125783e-17,-1.2438236740575091e-18,1
2012-07-09 15:00:00+00:00,0.0410943,0.15370170836075,0.0427288257825,0.288,0.184,4.862755260657896,4.8627553,3.9342103796968786e-08,0.104,0.0,0.0,-0.0,0.0,1
2012-07-09 15:30:00+00:00,0.0409344,0.15351882233599998,0.04256256576,0.213,0.178,4.879380260657896,4.8793803,3.9342103796968786e-08,0.035,0.0,0.0,-0.0,0.0,1
2012-07-09 16:00:00+00:00,0.04148175,0.15414485526687502,0.04313168660625,0.125,0.253,4.879380260657896,4.8793803,3.9342103796968786e-08,0.0,0.0,0.128,0.0,0.009865270737080002,1
2012-07-09 16:30:00+00:00,0.0406515,0.15319525475375,0.0422684134125,0.063,0.184,4.879380260657896,4.8793803,3.9342103796968786e-08,0.0,0.0,0.121,0.0,0.009268312912601875,1
2012-07-09 17:00:00+00:00,0.04199835,0.154735717808375,0.04366883437124999,0.0,0.185,4.879380260657896,4.8793803,3.9342103796968786e-08,0.0,0.0,0.185,0.0,0.014313053897274688,1
2012-07-09 17:30:00+00:00,0.0454608,0.158695903652,0.04726900332,0.0,0.904,4.879380260657896,4.8793803,3.9342103796968786e-08,0.0,0.0,0.904,0.0,0.07173054845070401,1
2012-07-09 18:00:00+00:00,0.08497455,0.203889853998875,0.08835441272624998,0.0,0.889,4.4114855238157915,4.4114855,0.4168902606578966,0.0,0.889,0.0,-0.0,0.0,1
2012-07-09 18:30:00+00:00,0.14653605,0.27430097352762495,0.15236452138874998,0.0,1.188,3.7862223659210548,3.7862224,0.4449695238157916,0.0,1.188,0.0,-0.0,0.0,1
2012-07-09 19:00:00+00:00,0.0823731,0.20091443905775003,0.0856494900525,0.0,0.796,3.3672749975000023,3.367275,0.46020286592105464,0.0,0.796,0.0,-0.0,0.0,1
2012-07-09 19:30:00+00:00,0.05312985,0.167467398762125,0.05524308978375,0.0,0.734,2.980959208026318,2.9809592,0.4602899975000021,0.0,0.734,0.0,-0.0,0.0,1
2012-07-09 20:00:00+00:00,0.0465924,0.159990173981,0.048445612709999995,0.0,0.69,2.6178013132894757,2.6178013,0.4527156080263177,0.0,0.69,0.0,-0.0,0.0,1
2012-07-09 20:30:00+00:00,0.0482775,0.16191751131874998,0.0501977375625,0.0,0.751,2.222538155394739,2.2225382,0.4410295132894757,0.0,0.751,0.0,-0.0,0.0,1
2012-07-09 21:00:00+00:00,0.0465924,0.159990173981,0.048445612709999995,0.0,0.687,1.8609592080263178,1.8609592,0.428621555394739,0.0,0.687,0.0,-0.0,0.0,1
2012-07-09 21:30:00+00:00,0.04085445,0.153427379323625,0.04247943574875,0.0,1.19,1.8609592080263178,1.8609592,8.026317832587893e-09,0.0,0.0,1.19,0.0,0.09128929069755687,1
2012-07-09 22:00:00+00:00,0.0380685,0.15024094204625,0.03958267458749999,0.0,1.191,1.8609592080263178,1.8609592,8.026317832587893e-09,0.0,0.0,1.191,0.0,0.08946848098854188,1
2012-07-09 22:30:00+00:00,0.05354805,0.16794571605762498,0.05567792368874999,0.0,1.119,1.272011839605265,1.2720118,0.4144062080263178,0.0,1.119,0.0,-0.0,0.0,1
2012-07-09 23:00:00+00:00,0.0442431,0.15730315623274999,0.04600286930249999,0.0,1.029,1.272011839605265,1.2720118,3.96052650675216e-08,0.0,0.0,1.029,0.0,0.08093247388174986,1
2012-07-09 23:30:00+00:00,0.04609425,0.159420413673125,0.04792764879375,0.0,0.779,1.0,1.0,0.2720118396052651,0.0,0.5168225,0.26217750000000006,0.0,0.02089822275289287,1
2012-07-10 00:00:00+00:00,0.0440955,0.10763433836375,0.04584939851249999,0.0,0.825,1.5874999975000001,1.5875,0.5874999999999999,1.2368421,0.0,2.0618421,0.0,0.11096250512201242,1
2012-07-10 00:30:00+00:00,0.04249035,0.105798444038375,0.04418040367125,0.0,0.537,2.2999999975,2.3,0.7125000024999997,1.5,0.0,2.037,0.0,0.10775571525308493,1
2012-07-10 01:00:00+00:00,0.04246575,0.105770307726875,0.04415482520625,0.0,0.503,3.0124999975,3.0125,0.7125000025000001,1.5,0.0,2.003,0.0,0.10592896318846531,1
2012-07-10 01:30:00+00:00,0.04379415,0.10728966854787501,0.045536062316249994,0.0,0.448,3.7249999975,3.725,0.7125000025000001,1.5,0.0,1.948,0.0,0.10450013716563027,1
2012-07-10 02:00:00+00:00,0.04001805,0.10297074473262502,0.04160976793874999,0.0,0.421,4.4374999975,4.4375,0.7125000025000001,1.5,0.0,1.921,0.0,0.09890340031568633,1
2012-07-10 02:30:00+00:00,0.03590985,0.098271980712125,0.037338164283749996,0.0,0.409,5.1499999975,5.15,0.7125000025000006,1.5,0.0,1.909,0.0,0.09380060558972332,1
2012-07-10 03:00:00+00:00,0.0353748,0.09766001593700001,0.03678183266999999,0.0,0.423,5.8624999975000005,5.8625,0.7125000024999997,1.5,0.0,1.923,0.0,0.0939001053234255,1
2012-07-10 03:30:00+00:00,0.0349443,0.09716763048574999,0.036334209532499995,0.0,0.554,6.574999997500001,6.575,0.7125000024999997,1.5,0.0,2.0540000000000003,0.0,0.09979115650886525,1
2012-07-10 04:00:00+00:00,0.03388035,0.095950735013375,0.03522794092124999,0.0,0.881,7.287499997500001,7.2875,0.7125000024999988,1.5,0.0,2.3810000000000002,0.0,0.11422935003342295,1
2012-07-10 04:30:00+00:00,0.03444615,0.09659787017787502,0.03581624561625,0.0,0.871,7.999999997500002,8.0,0.7125000024999988,1.5,0.0,2.371,0.0,0.11451677509587084,1
2012-07-10 05:00:00+00:00,0.03495045,0.32707466456362505,0.03634060414875,0.0,0.884,7.534736839605265,7.5347368,0.40113459750000136,0.0,0.884,0.0,-0.0,0.0,1
2012-07-10 05:30:00+00:00,0.03749655,0.329986772803875,0.03898797527624999,0.0,0.742,7.144210523815791,7.1442105,0.4298849396052651,0.0,0.742,0.0,-0.0,0.0,1
2012-07-10 06:00:00+00:00,0.0397044,0.332512006761,0.041283642509999996,0.0,0.421,6.92263157644737,6.9226316,0.45189482381579094,0.0,0.421,0.0,-0.0,0.0,1
2012-07-10 06:30:00+00:00,0.0424473,0.33564920549325,0.0441356413575,0.0,1.623,6.133157892236843,6.1331579,0.46184477644736965,0.0,1.5,0.123,0.0,0.020642426137834874,1
2012-07-10 07:00:00+00:00,0.0454977,0.33913810811925005,0.0473073710175,0.0,1.317,5.439999997500001,5.44,0.44902869223684316,0.0,1.317,0.0,-0.0,0.0,1
2012-07-10 07:30:00+00:00,0.0415125,0.33458002565625006,0.043163659687499994,0.019,1.002,4.92263157644737,4.9226316,0.4162413975000012,0.0,0.983,0.0,-0.0,0.0,1
2012-07-10 08:00:00+00:00,0.04995645,0.344237814578625,0.05194346779875,0.081,0.331,4.791052629078949,4.7910526,0.36744317644737023,0.0,0.25,0.0,-0.0,0.0,1
2012-07-10 08:30:00+00:00,0.05535615,0.35041373495287503,0.05755794086625,0.094,0.072,4.801502629078948,4.8015026,0.308804229078949,0.022,0.0,0.0,-0.0,0.0,1
2012-07-10 09:00:00+00:00,0.05650005,0.351722073437625,0.05874733948875,0.075,0.097,4.789923681710527,4.7899237,0.24793232907894858,0.0,0.022,6.938893903907228e-18,0.0,1.2202810756229734e-18,1
2012-07-10 09:30:00+00:00,0.05739795,0.35274904880737507,0.05968095346125,0.069,0.072,4.788344734342106,4.7883447,0.1922470817105273,0.0,0.003,0.0,1.1275702593849246e-17,-3.364723408732064e-19,1
2012-07-10 10:00:00+00:00,0.0528777,0.34757900156925003,0.0549809105175,0.125,0.072,4.813519734342106,4.8135197,0.14749473434210536,0.053,0.0,0.0,-0.0,0.0,1
2012-07-10 10:30:00+00:00,0.0541815,0.34907022607875005,0.056336569162499996,0.356,0.097,4.936544734342106,4.9365447,0.11675493434210527,0.259,0.0,0.0,-0.0,0.0,1
2012-07-10 11:00:00+00:00,0.05367105,0.168086397615125,0.055805816013749995,0.319,0.059,5.060044734342106,5.0600447,0.10015863434210548,0.26,0.0,0.0,-0.0,0.0,1
2012-07-10 11:30:00+00:00,0.0571212,0.172032515303,0.059393195729999994,0.306,0.09,5.162644734342106,5.1626447,0.09534343434210601,0.216,0.0,0.0,-0.0,0.0,1
2012-07-10 12:00:00+00:00,0.05330205,0.167664352942625,0.05542213903875,0.444,0.084,5.333644734342106,5.3336447,0.09848483434210564,0.36,0.0,0.0,-0.0,0.0,1
2012-07-10 12:30:00+00:00,0.05365875,0.168072329459375,0.05579302678124999,0.381,0.065,5.483744734342106,5.4837447,0.10559493434210587,0.316,0.0,0.0,-0.0,0.0,1
2012-07-10 13:00:00+00:00,0.05022705,0.164147314005125,0.05222483091375,0.2,0.097,5.532669734342106,5.5326697,0.11372523434210624,0.103,0.0,0.0,-0.0,0.0,1
2012-07-10 13:30:00+00:00,0.0530253,0.16734781943825,0.055134381307499994,0.325,0.065,5.656169734342106,5.6561697,0.12174793434210596,0.26,0.0,0.0,-0.0,0.0,1
2012-07-10 14:00:00+00:00,0.05400315,0.168466237820375,0.05615112529125,0.35,0.084,5.782519734342106,5.7825197,0.13051773434210556,0.266,0.0,5.551115123125783e-17,0.0,4.675877402503942e-18,1
2012-07-10 14:30:00+00:00,0.05324055,0.167594012163875,0.05535819287625,0.231,0.091,5.8490197343421055,5.8490197,0.14239423434210607,0.14,0.0,0.0,-0.0,0.0,1
2012-07-10 15:00:00+00:00,0.0515247,0.16563150443675,0.0535740949425,0.113,0.059,5.874669734342105,5.8746697,0.16028313434210517,0.054,0.0,0.0,1.3877787807814457e-17,-3.717449608038603e-19,1
2012-07-10 15:30:00+00:00,0.05509785,0.16971830368212498,0.057289366983749986,0.031,0.097,5.839932892236842,5.8399329,0.1864869343421054,0.0,0.066,0.0,-0.0,0.0,1
2012-07-10 16:00:00+00:00,0.05747175,0.17243345774187502,0.05975768885625,0.069,0.072,5.8383539448684205,5.8383539,0.22170609223684146,0.0,0.003,0.0,1.1275702593849246e-17,-3.3690496361942715e-19,1
2012-07-10 16:30:00+00:00,0.05959965,0.17486724868662498,0.06197022607874999,0.0,0.096,5.787827629078947,5.7878276,0.26448854486842066,0.0,0.096,0.0,-0.0,0.0,1
2012-07-10 17:00:00+00:00,0.0533574,0.1677276596435,0.055479690585,0.0,0.115,5.727301313289473,5.7273013,0.3112936290789472,0.0,0.115,0.0,-0.0,0.0,1
2012-07-10 17:30:00+00:00,0.05918145,0.174388931391125,0.061535392173749995,0.0,0.078,5.686248681710526,5.6862487,0.35716971328947356,0.0,0.078,0.0,-0.0,0.0,1
2012-07-10 18:00:00+00:00,0.0989781,0.21990644932025002,0.1029149539275,0.0,0.665,5.336248681710527,5.3362487,0.39686528171052604,0.0,0.665,0.0,-0.0,0.0,1
2012-07-10 18:30:00+00:00,0.11472825,0.23792072275812498,0.11929156614374999,0.0,0.628,5.005722365921053,5.0057224,0.42607548171052656,0.0,0.628,0.0,-0.0,0.0,1
2012-07-10 19:00:00+00:00,0.05653695,0.171364277904875,0.05878570718625,0.0,0.665,4.655722365921053,4.6557224,0.442481865921053,0.0,0.665,0.0,-0.0,0.0,1
2012-07-10 19:30:00+00:00,0.04469205,0.157816643917625,0.04646967628874999,0.0,0.646,4.3157223659210535,4.3157224,0.4437874659210532,0.0,0.646,0.0,-0.0,0.0,1
2012-07-10 20:00:00+00:00,0.042189,0.1549537742225,0.043867067475,0.0,0.772,3.909406576447369,3.9094066,0.43745846592105364,0.0,0.772,0.0,-0.0,0.0,1
2012-07-10 20:30:00+00:00,0.0427671,0.15561497754275,0.0444681614025,0.0,0.704,3.5388802606578955,3.5388803,0.42704097644736905,0.0,0.704,0.0,-0.0,0.0,1
2012-07-10 21:00:00+00:00,0.043419,0.15636058979749998,0.045145990724999994,0.0,0.682,3.1799328922368426,3.1799329,0.4159231606578957,0.0,0.682,0.0,-0.0,0.0,1
2012-07-10 21:30:00+00:00,0.04191225,0.154637240718125,0.043579309743749996,0.0,0.922,2.6946697343421055,2.6946697,0.40680999223684244,0.0,0.922,0.0,-0.0,0.0,1
2012-07-10 22:00:00+00:00,0.03757035,0.149671181738375,0.039064710671249996,0.0,1.075,2.233054560657895,2.2330546,0.40339543434210556,0.0,0.87706883,0.19793116999999993,0.0,0.014812296058379592,1
2012-07-10 22:30:00+00:00,0.0511311,0.16518132345275,0.05316483950249999,0.0,1.28,1.559370350131579,1.5593704,0.40566746065789494,0.0,1.28,0.0,-0.0,0.0,1
2012-07-10 23:00:00+00:00,0.03969825,0.152104972683125,0.041277247893749994,0.0,1.087,1.4159708711842105,1.4159709,0.14339945013157895,0.0,0.27245901,0.81454099,0.0,0.0619478675166178,1
2012-07-10 23:30:00+00:00,0.04455675,0.157661894204375,0.046328994731249996,0.0,0.808,1.0,1.0,0.4159708711842105,0.0,0.79034466,0.01765534000000002,0.0,0.0013917871736111368,1
2012-07-11 00:00:00+00:00,0.037023,0.09954514880750001,0.038495589824999996,0.0,0.773,1.5874999975000001,1.5875,0.5874999999999999,1.2368421,0.0,2.0098421,0.0,0.10003501546203916,1
2012-07-11 00:30:00+00:00,0.0363219,0.09874326392975,0.037766603572499995,0.0,0.578,2.2999999975,2.3,0.7125000024999997,1.5,0.0,2.078,0.0,0.10259425122301023,1
2012-07-11 01:00:00+00:00,0.03642645,0.098862843253625,0.03787531204875,0.0,0.415,3.0124999975,3.0125,0.7125000025000001,1.5,0.0,1.915,0.0,0.09466117241534594,1
2012-07-11 01:30:00+00:00,0.036654,0.09912310413500001,0.03811191285,0.0,0.459,3.7249999975,3.725,0.7125000025000001,1.5,0.0,1.959,0.0,0.09709108050023252,1
2012-07-11 02:00:00+00:00,0.03508575,0.097329414276875,0.03648128570625,0.0,0.416,4.4374999975,4.4375,0.7125000025000001,1.5,0.0,1.916,0.0,0.09324157887724624,1
2012-07-11 02:30:00+00:00,0.0342678,0.09639388191949999,0.035630801744999996,0.0,0.415,5.1499999975,5.15,0.7125000025000006,1.5,0.0,1.915,0.0,0.09229714193792124,1
2012-07-11 03:00:00+00:00,0.0337389,0.09578895122225002,0.0350808647475,0.0,0.453,5.8624999975000005,5.8625,0.7125000024999997,1.5,0.0,1.953,0.0,0.09353791086852715,1
2012-07-11 03:30:00+00:00,0.03357285,0.095599031119625,0.03490821010875,0.0,0.578,6.574999997500001,6.575,0.7125000024999997,1.5,0.0,2.078,0.0,0.09932739333329037,1
2012-07-11 04:00:00+00:00,0.03322845,0.09520512275862501,0.034550111598749995,0.0,0.888,7.287499997500001,7.2875,0.7125000024999988,1.5,0.0,2.388,0.0,0.11367491657379826,1
2012-07-11 04:30:00+00:00,0.0325335,0.09441027195875,0.0338275199625,0.0,0.86,7.999999997500002,8.0,0.7125000024999988,1.5,0.0,2.36,0.0,0.111404120911325,1
2012-07-11 05:00:00+00:00,0.033456,0.32536538364,0.034786712399999996,0.0,0.859,7.547894734342107,7.5478947,0.4091032975000015,0.0,0.859,0.0,-0.0,0.0,1
2012-07-11 05:30:00+00:00,0.03412635,0.32613209812837507,0.03548372557125,0.0,0.738,7.159473681710527,7.1594737,0.43898133434210695,0.0,0.738,0.0,-0.0,0.0,1
2012-07-11 06:00:00+00:00,0.0354855,0.32768662933875,0.0368969357625,0.0,0.359,6.970526313289475,6.9705263,0.46208118171052703,0.0,0.359,0.0,-0.0,0.0,1
2012-07-11 06:30:00+00:00,0.03806235,0.33063390796837505,0.03957627997125,0.0,0.97,6.459999997500001,6.46,0.473080713289475,0.0,0.97,0.0,-0.0,0.0,1
2012-07-11 07:00:00+00:00,0.04124805,0.334277560307625,0.042888691188749994,0.0,1.396,5.725263155394737,5.7252632,0.4612933975000004,0.0,1.396,0.0,-0.0,0.0,1
2012-07-11 07:30:00+00:00,0.03568845,0.327918753908625,0.03710795809874999,0.0,1.19,5.0989473659210525,5.0989474,0.4295032553947369,0.0,1.19,0.0,-0.0,0.0,1
2012-07-11 08:00:00+00:00,0.0405162,0.33344050504050005,0.042127731854999996,0.006,1.866,4.309473681710526,4.3094737,0.3816652659210522,0.0,1.5,0.3600000000000001,0.0,0.060019290907290024,1
2012-07-11 08:30:00+00:00,0.0424104,0.33560700102600005,0.04409727366,0.019,0.74,3.9299999974999995,3.93,0.323944281710526,0.0,0.721,0.0,-0.0,0.0,1
2012-07-11 09:00:00+00:00,0.0420783,0.33522716082075005,0.0437519643825,0.063,0.447,3.727894734342105,3.7278947,0.2639421974999996,0.0,0.384,0.0,-0.0,0.0,1
2012-07-11 09:30:00+00:00,0.0422259,0.33539597868975,0.0439054351725,0.081,0.203,3.6636842080263157,3.6636842,0.20907243434210487,0.0,0.122,1.3877787807814457e-17,0.0,2.327277111925305e-18,1
2012-07-11 10:00:00+00:00,0.0397905,0.33261048385125,0.04137316713749999,0.1,0.14,3.6426315764473682,3.6426316,0.16507530802631587,0.0,0.04,6.938893903907228e-18,0.0,1.1539744293855362e-18,1
2012-07-11 10:30:00+00:00,0.0403932,0.333299823483,0.04199983953,0.125,0.165,3.621578944868421,3.6215789,0.13502597644736802,0.0,0.04,6.938893903907228e-18,0.0,1.156366056669772e-18,1
2012-07-11 11:00:00+00:00,0.0371091,0.14914362589775,0.03858511445249999,0.231,0.129,3.6700289448684207,3.6700289,0.05141614486842094,0.102,0.0,0.0,2.7755575615628914e-17,-5.354760309120298e-19,1
2012-07-11 11:30:00+00:00,0.036654,0.148623104135,0.03811191285,0.3,0.184,3.7251289448684206,3.7251289,4.486842053452733e-08,0.116,0.0,0.0,-0.0,0.0,1
2012-07-11 12:00:00+00:00,0.0368262,0.14882005831550002,0.038290962105000007,0.356,0.128,3.8334289448684205,3.8334289,0.11841114486842041,0.228,0.0,0.0,-0.0,0.0,1
2012-07-11 12:30:00+00:00,0.0359529,0.14782121925725003,0.037382926597500005,0.2,0.084,3.8885289448684204,3.8885289,4.486842053452733e-08,0.116,0.0,0.0,-0.0,0.0,1
2012-07-11 13:00:00+00:00,0.03482745,0.146533983006125,0.03621271182375,0.163,0.122,3.9080039448684203,3.9080039,4.486842053452733e-08,0.041,0.0,0.0,-0.0,0.0,1
2012-07-11 13:30:00+00:00,0.03444615,0.146097870177875,0.03581624561625,0.131,1.109,3.9080039448684203,3.9080039,4.486842009043812e-08,0.0,0.0,0.978,0.0,0.07144185851698089,1
2012-07-11 14:00:00+00:00,0.03417555,0.145788370751375,0.03553488250125,0.131,0.184,3.9080039448684203,3.9080039,4.486842009043812e-08,0.0,0.0,0.05299999999999999,0.0,0.0038633918249114368,1
2012-07-11 14:30:00+00:00,0.0338496,0.145415564624,0.03519596784,0.363,0.26,3.9569289448684204,3.9569289,4.486842009043812e-08,0.103,0.0,0.0,-0.0,0.0,1
2012-07-11 15:00:00+00:00,0.0338619,0.14542963277975,0.0352087570725,0.275,0.422,3.9569289448684204,3.9569289,4.486842053452733e-08,0.0,0.0,0.14699999999999996,0.0,0.010689078009311622,1
2012-07-11 15:30:00+00:00,0.034071,0.1456687914275,0.035426174025,0.181,1.034,3.9569289448684204,3.9569289,4.486842053452733e-08,0.0,0.0,0.853,0.0,0.06212773954382875,1
2012-07-11 16:00:00+00:00,0.03416325,0.14577430259562502,0.03552209326875,0.1,0.498,3.9569289448684204,3.9569289,4.486842053452733e-08,0.0,0.0,0.398,0.0,0.02900908621652938,1
2012-07-11 16:30:00+00:00,0.03293325,0.14436748702062502,0.03424317001874999,0.038,0.097,3.9569289448684204,3.9569289,4.486842053452733e-08,0.0,0.0,0.059000000000000004,0.0,0.004258840867108439,1
2012-07-11 17:00:00+00:00,0.03360975,0.145141235586875,0.03494657780625,0.0,0.246,3.9569289448684204,3.9569289,4.486842053452733e-08,0.0,0.0,0.246,0.0,0.017852371977185626,1
2012-07-11 17:30:00+00:00,0.0387819,0.15105689507975,0.0403244500725,0.0,0.371,3.7616657869736834,3.7616658,0.3778648448684203,0.0,0.371,0.0,-0.0,0.0,1
2012-07-11 18:00:00+00:00,0.0401964,0.15267473299099998,0.041795211809999996,0.0,0.45,3.5248236817105254,3.5248237,0.41726698697368336,0.0,0.45,0.0,-0.0,0.0,1
2012-07-11 18:30:00+00:00,0.0384621,0.15069112303025,0.0399919300275,0.0,0.372,3.329034208026315,3.3290342,0.4461371817105255,0.0,0.372,0.0,-0.0,0.0,1
2012-07-11 19:00:00+00:00,0.0383145,0.15052230516125,0.0398384592375,0.0,0.284,3.1795605238157885,3.1795605,0.46215900802631493,0.0,0.284,0.0,-0.0,0.0,1
2012-07-11 19:30:00+00:00,0.035793,0.14763833323249997,0.037216666574999994,0.0,0.321,3.010613155394736,3.0106132,0.4630439238157886,0.0,0.321,0.0,-0.0,0.0,1
2012-07-11 20:00:00+00:00,0.03487665,0.146590255629125,0.03626386875375,0.0,0.878,3.010613155394736,3.0106132,4.460526392691122e-08,0.0,0.0,0.878,0.0,0.06435312222118587,1
2012-07-11 20:30:00+00:00,0.0381177,0.15029721466925,0.039633831517499996,0.0,0.459,2.769034208026315,2.7690342,0.44530775539473577,0.0,0.459,0.0,-0.0,0.0,1
2012-07-11 21:00:00+00:00,0.03531945,0.147096709236125,0.03672428112375,0.0,0.359,2.5800868396052623,2.5800868,0.43362610802631485,0.0,0.359,0.0,-0.0,0.0,1
2012-07-11 21:30:00+00:00,0.03493815,0.146660596407875,0.03632781491625,0.0,0.341,2.400613155394736,2.4006132,0.3019695396052624,0.0,0.341,0.0,-0.0,0.0,1
2012-07-11 22:00:00+00:00,0.03444,0.14609083609999998,0.035809851,0.0,0.414,2.278117302763157,2.2781173,0.12249585539473618,0.0,0.23274212,0.18125787999999998,0.0,0.013240057619456732,1
2012-07-11 22:30:00+00:00,0.0399135,0.15235116540875002,0.041501059462499996,0.0,1.232,1.6296962501315782,1.6296963,0.4214271027631571,0.0,1.232,0.0,-0.0,0.0,1
2012-07-11 23:00:00+00:00,0.03520875,0.146970095834375,0.036609178031249995,0.0,1.321,1.430242708026315,1.4302427,0.19945355013157817,0.0,0.37896173,0.94203827,0.0,0.06922572741077442,1
2012-07-11 23:30:00+00:00,0.03613125,0.14802520751562498,0.037568370468749994,0.0,1.169,1.0,1.0,0.4302427080263149,0.0,0.81746115,0.35153885000000007,0.0,0.026018305610527086,1
2012-07-12 00:00:00+00:00,0.03514725,0.097399755055625,0.03654523186874999,0.0,0.914,1.5874999975000001,1.5875,0.5874999999999999,1.2368421,0.0,2.1508421,0.0,0.10474574685166305,1
2012-07-12 00:30:00+00:00,0.03385575,0.095922598701875,0.03520236245624999,0.0,0.623,2.2999999975,2.3,0.7125000024999997,1.5,0.0,2.123,0.0,0.10182183852204033,1
2012-07-12 01:00:00+00:00,0.0340833,0.09618285958325001,0.0354389632575,0.0,0.503,3.0124999975,3.0125,0.7125000025000001,1.5,0.0,2.003,0.0,0.0963271338726249,1
2012-07-12 01:30:00+00:00,0.03406485,0.09616175734962502,0.03541977940875,0.0,0.498,3.7249999975,3.725,0.7125000025000001,1.5,0.0,1.998,0.0,0.0960655955922754,1
2012-07-12 02:00:00+00:00,0.0325458,0.0944243401145,0.033840309194999994,0.0,0.509,4.4374999975,4.4375,0.7125000025000001,1.5,0.0,2.009,0.0,0.09484924964501525,1
2012-07-12 02:30:00+00:00,0.0317463,0.09350990999075001,0.03300900908249999,0.0,0.472,5.1499999975,5.15,0.7125000025000006,1.5,0.0,1.972,0.0,0.09220077125087951,1
2012-07-12 03:00:00+00:00,0.03055935,0.09215233296087501,0.03177484814625,0.0,0.466,5.8624999975000005,5.8625,0.7125000024999997,1.5,0.0,1.966,0.0,0.09058574330054013,1
2012-07-12 03:30:00+00:00,0.02845605,0.089746678327625,0.029587889388749997,0.0,0.533,6.574999997500001,6.575,0.7125000024999997,1.5,0.0,2.033,0.0,0.09122749852003081,1
2012-07-12 04:00:00+00:00,0.02682015,0.08787561361287502,0.02788692146625,0.0,0.85,7.287499997500001,7.2875,0.7125000024999988,1.5,0.0,2.35,0.0,0.10325384599512816,1
2012-07-12 04:30:00+00:00,0.0270969,0.08819214711725,0.028174679197499997,0.0,0.895,7.999999997500002,8.0,0.7125000024999988,1.5,0.0,2.395,0.0,0.10561009617290687,1
2012-07-12 05:00:00+00:00,0.02929245,0.32060331291862504,0.03045755719875,0.0,0.881,7.536315786973685,7.5363158,0.41376659750000133,0.0,0.881,0.0,-0.0,0.0,1
2012-07-12 05:30:00+00:00,0.03046095,0.321939787714875,0.03167253428625,0.0,0.758,7.137368418552633,7.1373684,0.44274168697368577,0.0,0.758,0.0,-0.0,0.0,1
2012-07-12 06:00:00+00:00,0.0319677,0.3236631367942501,0.0332392152675,0.0,0.434,6.908947365921054,6.9089474,0.4649486185526328,0.0,0.434,0.0,-0.0,0.0,1
2012-07-12 06:30:00+00:00,0.03502425,0.327159073498125,0.036417339543749996,0.0,1.219,6.267368418552633,6.2673684,0.475068465921054,0.0,1.219,0.0,-0.0,0.0,1
2012-07-12 07:00:00+00:00,0.0364572,0.32879801364300004,0.03790728513,0.0,1.505,5.477894734342106,5.4778947,0.46244001855263317,0.0,1.5,0.004999999999999893,0.0,0.0008219950341074826,1
2012-07-12 07:30:00+00:00,0.0335667,0.32549199704175,0.034901815492499995,0.0,1.19,4.851578944868422,4.8515789,0.42984223434210644,0.0,1.19,0.0,-0.0,0.0,1
2012-07-12 08:00:00+00:00,0.0362604,0.32857292315100006,0.03770265740999999,0.0,0.841,4.408947365921053,4.4089474,0.38123014486842166,0.0,0.841,0.0,-0.0,0.0,1
2012-07-12 08:30:00+00:00,0.0450795,0.33865979082375003,0.046872537112499994,0.013,0.328,4.243157892236843,4.2431579,0.3227689659210533,0.0,0.315,0.0,-0.0,0.0,1
2012-07-12 09:00:00+00:00,0.0447474,0.3382799506185001,0.046527227835,0.025,0.078,4.215263155394737,4.2152632,0.2620593922368428,0.0,0.053,0.0,-0.0,0.0,1
2012-07-12 09:30:00+00:00,0.04535625,0.338976324328125,0.04716029484374999,0.025,0.103,4.17421052381579,4.1742105,0.2065134553947372,0.0,0.078,0.0,1.3877787807814457e-17,-3.272402823977643e-19,1
2012-07-12 10:00:00+00:00,0.0457929,0.33947574385725005,0.0476143125975,0.088,0.053,4.190835523815791,4.1908355,0.16187032381579058,0.035,0.0,0.0,-0.0,0.0,1
2012-07-12 10:30:00+00:00,0.04817295,0.342197931994875,0.05008902908624999,0.044,0.098,4.162414471184212,4.1624145,0.13120472381579074,0.0,0.054,6.938893903907228e-18,0.0,1.1872375721244493e-18,1
2012-07-12 11:00:00+00:00,0.04900935,0.162754566585875,0.050958696896249996,0.006,0.09,4.118203944868422,4.1182039,0.11464457118421212,0.0,0.084,0.0,1.3877787807814457e-17,-3.535969912444453e-19,1
2012-07-12 11:30:00+00:00,0.04677075,0.16019416223937502,0.04863105658125,0.006,0.065,4.087151313289475,4.0871513,0.10982744486842222,0.0,0.059,6.938893903907228e-18,0.0,5.557851479021624e-19,1
2012-07-12 12:00:00+00:00,0.0453255,0.15854115393874998,0.047128321762499994,0.019,0.097,4.046098681710528,4.0460987,0.11293031328947478,0.0,0.078,0.0,-0.0,0.0,1
2012-07-12 12:30:00+00:00,0.0460758,0.15939931143949998,0.04790846494499999,0.044,0.072,4.031361839605265,4.0313618,0.11996828171052787,0.0,0.028,0.0,3.469446951953614e-18,-8.31079388381034e-20,1
2012-07-12 13:00:00+00:00,0.04673385,0.160151957772125,0.04859268888375,0.006,0.078,3.9934671027631596,3.9934671,0.12799643960526463,0.0,0.072,0.0,-0.0,0.0,1
2012-07-12 13:30:00+00:00,0.04584825,0.159139050558125,0.04767186414375,0.025,0.09,3.95925657644737,3.9592566,0.1358899027631595,0.0,0.065,0.0,-0.0,0.0,1
2012-07-12 14:00:00+00:00,0.04690605,0.16034891195262502,0.04877173813874999,0.013,0.059,3.9350460501315805,3.9350461,0.14450667644737036,0.0,0.046,0.0,-0.0,0.0,1
2012-07-12 14:30:00+00:00,0.04896015,0.162698293962875,0.05090753996624999,0.038,0.084,3.910835523815791,3.9108355,0.1562090501315807,0.0,0.046,6.938893903907228e-18,0.0,5.644731000775498e-19,1
2012-07-12 15:00:00+00:00,0.0440832,0.157120270208,0.045836609279999996,0.038,0.084,3.886624997500001,3.886625,0.173905623815791,0.0,0.046,6.938893903907228e-18,0.0,5.451204425632739e-19,1
2012-07-12 15:30:00+00:00,0.0434559,0.15640279426475,0.045184358422499994,0.019,0.059,3.8655723659210537,3.8655724,0.19990279750000095,0.0,0.04,0.0,6.938893903907228e-18,-1.5676473460492222e-19,1
2012-07-12 16:00:00+00:00,0.04865265,0.16234659006912502,0.050587809153749996,0.019,0.09,3.828203944868422,3.8282039,0.23490606592105356,0.0,0.071,0.0,-0.0,0.0,1
2012-07-12 16:30:00+00:00,0.0466785,0.16008865107125,0.0485351373375,0.0,0.078,3.7871513132894745,3.7871513,0.27746944486842207,0.0,0.078,0.0,-0.0,0.0,1
2012-07-12 17:00:00+00:00,0.0426564,0.15548836414099998,0.04435305830999999,0.0,0.773,3.3803092080263166,3.3803092,0.32405981328947453,0.0,0.773,0.0,-0.0,0.0,1
2012-07-12 17:30:00+00:00,0.047478,0.161003081195,0.04936643745,0.0,1.029,2.8387302606578957,2.8387303,0.36973290802631675,0.0,1.029,0.0,-0.0,0.0,1
2012-07-12 18:00:00+00:00,0.06528225,0.181366736643125,0.06787885149374999,0.0,1.335,2.136098681710527,2.1360987,0.4092442606578959,0.0,1.335,0.0,-0.0,0.0,1
2012-07-12 18:30:00+00:00,0.0595566,0.17481801014149997,0.061925463764999994,0.0,1.202,1.5034671027631588,1.5034671,0.4382942817105271,0.0,1.202,0.0,-0.0,0.0,1
2012-07-12 19:00:00+00:00,0.04814835,0.161769795683375,0.05006345062124999,0.0,0.69,1.1403092080263166,1.1403092,0.4545671027631588,0.0,0.69,0.0,-0.0,0.0,1
2012-07-12 19:30:00+00:00,0.0417585,0.15446138877124999,0.043419444337499995,0.0,0.778,1.0,1.0,0.14030920802631663,0.0,0.2665875,0.5114125,0.0,0.03949674249248845,1
2012-07-12 20:00:00+00:00,0.03849285,0.15072629341962498,0.040023903108749995,0.0,0.828,1.0,1.0,0.0,0.0,0.0,0.828,0.0,0.06240068547572474,1
2012-07-12 20:30:00+00:00,0.04064535,0.153188220675875,0.042262018796249995,0.0,1.468,1.0,1.0,0.0,0.0,0.0,1.468,0.0,0.11244015397609225,1
2012-07-12 21:00:00+00:00,0.03972285,0.152133108994625,0.041302826358749996,0.0,1.039,1.0,1.0,0.0,0.0,0.0,1.039,0.0,0.07903315012270769,1
2012-07-12 21:30:00+00:00,0.0361374,0.1480322415935,0.037574765084999996,0.0,1.009,1.0,1.0,0.0,0.0,0.0,1.009,0.0,0.07468226588392074,1
2012-07-12 22:00:00+00:00,0.0351042,0.14685051651050002,0.036500469555000005,0.0,1.137,1.0,1.0,0.0,0.0,0.0,1.137,0.0,0.08348451863621927,1
2012-07-12 22:30:00+00:00,0.0412788,0.153912730697,0.04292066427,0.0,0.933,1.0,1.0,0.0,0.0,0.0,0.933,0.0,0.07180028887015051,1
2012-07-12 23:00:00+00:00,0.03574995,0.14758909468737502,0.03717190426125,0.0,0.839,1.0,1.0,0.0,0.0,0.0,0.839,0.0,0.06191362522135382,1
2012-07-12 23:30:00+00:00,0.03543015,0.14722332263787502,0.03683938421625,0.0,0.879,1.0,1.0,0.0,0.0,0.0,0.879,0.0,0.06470465029934608,1
2012-07-13 00:00:00+00:00,0.0348582,0.09706915339550001,0.036244684905,0.0,0.796,1.7125,1.7125,0.7124999999999999,1.5,0.0,2.2960000000000003,0.0,0.11143538809803402,1
2012-07-13 00:30:00+00:00,0.03461835,0.096794824358375,0.03599529487125,0.0,0.555,2.425,2.425,0.7124999999999999,1.5,0.0,2.055,0.0,0.09945668202823031,1
2012-07-13 01:00:00+00:00,0.03440925,0.096555665710625,0.03577787791875,0.0,0.478,3.1374999999999997,3.1375,0.7125000000000004,1.5,0.0,1.978,0.0,0.09549355338780813,1
2012-07-13 01:30:00+00:00,0.034932,0.09715356233000001,0.0363214203,0.0,0.415,3.7249999975,3.725,0.5875000000000004,1.2368421,0.0,1.6518421,0.0,0.08024117221083406,1
2012-07-13 02:00:00+00:00,0.0341694,0.09628133667350001,0.035528487885,0.0,0.453,4.4374999975,4.4375,0.7125000025000001,1.5,0.0,1.953,0.0,0.09401872526167276,1
2012-07-13 02:30:00+00:00,0.0335175,0.09553572441875,0.03485065856249999,0.0,0.441,5.1499999975,5.15,0.7125000025000006,1.5,0.0,1.941,0.0,0.09271742054839688,1
2012-07-13 03:00:00+00:00,0.03287175,0.09479714624187499,0.034179223856249996,0.0,0.378,5.8624999975000005,5.8625,0.7125000024999997,1.5,0.0,1.8780000000000001,0.0,0.08901452032112062,1
2012-07-13 03:30:00+00:00,0.02996895,0.09147706148487501,0.03116096498625,0.0,0.63,6.574999997500001,6.575,0.7125000024999997,1.5,0.0,2.13,0.0,0.09742307048139189,1
2012-07-13 04:00:00+00:00,0.030504,0.09208902626,0.0317172966,0.0,0.841,7.287499997500001,7.2875,0.7125000024999988,1.5,0.0,2.341,0.0,0.10779020523733,1
2012-07-13 04:30:00+00:00,0.03149415,0.09322151279787502,0.032746829816249996,0.0,0.873,7.999999997500002,8.0,0.7125000024999988,1.5,0.0,2.373,0.0,0.11060732493467873,1
2012-07-13 05:00:00+00:00,0.0327672,0.32457756691800005,0.03407051538,0.0,0.841,7.557368418552633,7.5573684,0.4227422975000019,0.0,0.841,0.0,-0.0,0.0,1
2012-07-13 05:30:00+00:00,0.0338619,0.32582963277975,0.0352087570725,0.0,0.635,7.223157892236843,7.2231579,0.45294851855263296,0.0,0.635,0.0,-0.0,0.0,1
2012-07-13 06:00:00+00:00,0.0333822,0.32528097470550005,0.034709977004999996,0.0,0.718,6.845263155394738,6.8452632,0.47640409223684355,0.0,0.718,0.0,-0.0,0.0,1
2012-07-13 06:30:00+00:00,0.03375735,0.325710053455875,0.03510004859625,0.0,1.327,6.146842102763159,6.1468421,0.4877867553947377,0.0,1.327,0.0,-0.0,0.0,1
2012-07-13 07:00:00+00:00,0.0360513,0.32833376450325,0.03748524045749999,0.0,1.242,5.493157892236844,5.4931579,0.4764538027631593,0.0,1.242,0.0,-0.0,0.0,1
2012-07-13 07:30:00+00:00,0.0341694,0.3261813366735001,0.035528487885,0.0,1.039,4.946315786973686,4.9463158,0.4451725922368439,0.0,1.039,0.0,-0.0,0.0,1
2012-07-13 08:00:00+00:00,0.03726285,0.3297194778446251,0.03874497985875,0.0,1.729,4.156842102763159,4.1568421,0.39789128697368525,0.0,1.5,0.2290000000000001,0.0,0.037752880213209584,1
2012-07-13 08:30:00+00:00,0.0396183,0.33241352967075005,0.0411941178825,0.0,0.858,3.705263155394738,3.7052632,0.34076870276315896,0.0,0.858,0.0,-0.0,0.0,1
2012-07-13 09:00:00+00:00,0.0389664,0.33166791741600005,0.040516288559999995,0.0,0.29,3.5526315764473697,3.5526316,0.281397755394738,0.0,0.29,0.0,-0.0,0.0,1
2012-07-13 09:30:00+00:00,0.03974745,0.332561245306125,0.04132840482375,0.0,0.98,3.036842102763159,3.0368421,0.2271827764473695,0.0,0.98,0.0,-0.0,0.0,1
2012-07-13 10:00:00+00:00,0.040221,0.33310286930250005,0.041820790275,0.006,1.584,2.2473684185526324,2.2473684,0.18385520276315903,0.0,1.5,0.07800000000000007,0.0,0.012991011902797514,1
2012-07-13 10:30:00+00:00,0.0403932,0.333299823483,0.04199983953,0.0,0.797,1.827894734342106,1.8278947,0.15448301855263225,0.0,0.797,0.0,-0.0,0.0,1
2012-07-13 11:00:00+00:00,0.0397782,0.15219641569550002,0.041360377904999995,0.038,0.528,1.827894734342106,1.8278947,3.4342105825757585e-08,0.0,0.0,0.49000000000000005,0.0,0.03728812184539751,1
2012-07-13 11:30:00+00:00,0.0386343,0.15088807721075,0.040170979282500005,0.088,0.372,1.827894734342106,1.8278947,3.4342105825757585e-08,0.0,0.0,0.28400000000000003,0.0,0.021426106963926505,1
2012-07-13 12:00:00+00:00,0.03836985,0.15058561186212502,0.03989601078374999,0.006,1.39,1.827894734342106,1.8278947,3.4342105825757585e-08,0.0,0.0,1.384,0.0,0.10420524340859051,1
2012-07-13 12:30:00+00:00,0.0380193,0.15018466942325,0.039531517657499994,0.088,1.247,1.827894734342106,1.8278947,3.4342105825757585e-08,0.0,0.0,1.159,0.0,0.08703201593077338,1
2012-07-13 13:00:00+00:00,0.0378225,0.14995957893125,0.0393268899375,0.038,0.823,1.827894734342106,1.8278947,3.4342105825757585e-08,0.0,0.0,0.7849999999999999,0.0,0.05885913473051562,1
2012-07-13 13:30:00+00:00,0.03747195,0.149558636492375,0.038962396811249994,0.1,0.859,1.827894734342106,1.8278947,3.4342105825757585e-08,0.0,0.0,0.759,0.0,0.05675750254885631,1
2012-07-13 14:00:00+00:00,0.03695535,0.14896777395087502,0.03842524904625,0.069,1.248,1.827894734342106,1.8278947,3.4342105825757585e-08,0.0,0.0,1.179,0.0,0.08781650274404082,1
2012-07-13 14:30:00+00:00,0.03605745,0.147940798581125,0.037491635073749995,0.056,0.465,1.827894734342106,1.8278947,3.4342105825757585e-08,0.0,0.0,0.40900000000000003,0.0,0.030253893309840064,1
2012-07-13 15:00:00+00:00,0.0361251,0.14801817343775,0.03756197585249999,0.075,0.29,1.827894734342106,1.8278947,3.4342105825757585e-08,0.0,0.0,0.21499999999999997,0.0,0.01591195364455812,1
2012-07-13 15:30:00+00:00,0.03502425,0.146759073498125,0.036417339543749996,0.025,0.251,1.827894734342106,1.8278947,3.4342105825757585e-08,0.0,0.0,0.226,0.0,0.016583775305288127,1
2012-07-13 16:00:00+00:00,0.03600825,0.14788452595812498,0.03744047814375,0.006,0.771,1.827894734342106,1.8278947,3.4342105825757585e-08,0.0,0.0,0.765,0.0,0.056565831178982805,1
2012-07-13 16:30:00+00:00,0.03766875,0.149783726984375,0.03916702453125,0.0,0.926,1.827894734342106,1.8278947,3.4342105825757585e-08,0.0,0.0,0.926,0.0,0.06934986559376563,1
2012-07-13 17:00:00+00:00,0.03852975,0.15076849788687502,0.040062270806249994,0.0,1.157,1.827894734342106,1.8278947,3.4342105825757585e-08,0.0,0.0,1.157,0.0,0.0872195760275572,1
2012-07-13 17:30:00+00:00,0.039975,0.1524215061875,0.04156500562499999,0.0,0.559,1.5336842080263164,1.5336842,0.38080613434210586,0.0,0.559,0.0,-0.0,0.0,1
2012-07-13 18:00:00+00:00,0.04064535,0.153188220675875,0.042262018796249995,0.0,0.39,1.3284210501315796,1.3284211,0.44708860802631634,0.0,0.39,0.0,-0.0,0.0,1
2012-07-13 18:30:00+00:00,0.03878805,0.15106392915762498,0.04033084468874999,0.0,0.503,1.0636842080263165,1.0636842,0.32842105013157963,0.0,0.503,0.0,-0.0,0.0,1
2012-07-13 19:00:00+00:00,0.0368139,0.14880599015975,0.038278172872499995,0.0,0.584,1.0636842080263165,1.0636842,8.026316500320263e-09,0.0,0.0,0.584,0.0,0.04345134912664699,1
2012-07-13 19:30:00+00:00,0.0352149,0.14697712991225,0.0366155726475,0.0,0.535,1.0636842080263165,1.0636842,8.026316500320263e-09,0.0,0.0,0.535,0.0,0.03931638225152688,1
2012-07-13 20:00:00+00:00,0.0363465,0.14827140024125,0.0377921820375,0.0,0.55,1.0636842080263165,1.0636842,8.026316500320263e-09,0.0,0.0,0.55,0.0,0.04077463506634375,1
2012-07-13 20:30:00+00:00,0.0359652,0.147835287413,0.03739571583,0.0,0.675,1.0636842080263165,1.0636842,8.026316500320263e-09,0.0,0.0,0.675,0.0,0.049894409501887504,1
2012-07-13 21:00:00+00:00,0.03636495,0.14829250247487502,0.037811365886250003,0.0,0.699,1.0636842080263165,1.0636842,8.026316500320263e-09,0.0,0.0,0.699,0.0,0.051828229614968815,1
2012-07-13 21:30:00+00:00,0.03460605,0.146280756202625,0.03598250563875,0.0,0.656,1.0636842080263165,1.0636842,8.026316500320263e-09,0.0,0.0,0.656,0.0,0.04798008803446101,1
2012-07-13 22:00:00+00:00,0.0340218,0.1456125188045,0.035375017094999996,0.0,1.221,1.0636842080263165,1.0636842,8.026316500320263e-09,0.0,0.0,1.221,0.0,0.08889644273014725,1
2012-07-13 22:30:00+00:00,0.0387819,0.15105689507975,0.0403244500725,0.0,0.974,1.0,1.0,0.06368420802631647,0.0,0.121,0.853,0.0,0.06442576575151338,1
2012-07-13 23:00:00+00:00,0.03570075,0.14753282206437499,0.037120747331249995,0.0,0.933,1.0,1.0,0.0,0.0,0.0,0.933,0.0,0.06882406149303094,1
2012-07-13 23:30:00+00:00,0.0363957,0.14832767286425003,0.0378433389675,0.0,0.838,1.0,1.0,0.0,0.0,0.0,0.838,0.0,0.06214929493012076,1
2012-07-14 00:00:00+00:00,0.03524565,0.09751230030162501,0.03664754572875,0.0,0.814,1.5874999975000001,1.5875,0.5874999999999999,1.2368421,0.0,2.0508421,0.0,0.09999116536320764,1
2012-07-14 00:30:00+00:00,0.03427395,0.096400915997375,0.03563719636125,0.0,0.614,2.2999999975,2.3,0.7125000024999997,1.5,0.0,2.114,0.0,0.10189576820922537,1
2012-07-14 01:00:00+00:00,0.03424935,0.096372779685875,0.035611617896249996,0.0,0.453,3.0124999975,3.0125,0.7125000025000001,1.5,0.0,1.953,0.0,0.09410801936325694,1
2012-07-14 01:30:00+00:00,0.03421245,0.09633057521862502,0.035573250198749996,0.0,0.465,3.7249999975,3.725,0.7125000025000001,1.5,0.0,1.965,0.0,0.09464479015229908,1
2012-07-14 02:00:00+00:00,0.03256425,0.09444544234812502,0.03385949304375,0.0,0.404,4.4374999975,4.4375,0.7125000025000001,1.5,0.0,1.904,0.0,0.08991206111541501,1
2012-07-14 02:30:00+00:00,0.03261345,0.09450171497112501,0.03391064997375,0.0,0.44,5.1499999975,5.15,0.7125000025000006,1.5,0.0,1.94,0.0,0.09166666352199127,1
2012-07-14 03:00:00+00:00,0.03209685,0.09391085242962502,0.033373502208749996,0.0,0.428,5.8624999975000005,5.8625,0.7125000024999997,1.5,0.0,1.928,0.0,0.09053006174215851,1
2012-07-14 03:30:00+00:00,0.03190005,0.093685761937625,0.03316887448875,0.0,0.639,6.574999997500001,6.575,0.7125000024999997,1.5,0.0,2.1390000000000002,0.0,0.10019692239228994,1
2012-07-14 04:00:00+00:00,0.0313281,0.09303159269524999,0.0325741751775,0.0,0.915,7.287499997500001,7.2875,0.7125000024999988,1.5,0.0,2.415,0.0,0.11233564817951437,1
2012-07-14 04:30:00+00:00,0.0312174,0.09290497929350001,0.032459072085,0.0,0.835,7.999999997500002,8.0,0.7125000024999988,1.5,0.0,2.335,0.0,0.10846656332516126,1
2012-07-14 05:00:00+00:00,0.0310452,0.322608025113,0.03228002283,0.0,0.86,7.547368418552633,7.5473684,0.4588022975000019,0.0,0.86,0.0,-0.0,0.0,1
2012-07-14 05:30:00+00:00,0.03129735,0.32289642230587506,0.03254220209625,0.0,0.751,7.152105260657896,7.1521053,0.4882024185526328,0.0,0.751,0.0,-0.0,0.0,1
2012-07-14 06:00:00+00:00,0.0308484,0.32238293462100004,0.03207539511,0.0,0.471,6.904210523815791,6.9042105,0.5107992606578957,0.0,0.471,0.0,-0.0,0.0,1
2012-07-14 06:30:00+00:00,0.02969835,0.32106756205837506,0.030879601871249995,0.0,0.59,6.593684208026317,6.5936842,0.521272723815791,0.0,0.59,0.0,-0.0,0.0,1
2012-07-14 07:00:00+00:00,0.0318693,0.32355059154825005,0.0331369014075,0.0,1.763,5.80421052381579,5.8042105,0.5090047080263167,0.0,1.5,0.2629999999999999,0.0,0.04254690278859487,1
2012-07-14 07:30:00+00:00,0.03356055,0.325484962963875,0.03489542087625,0.019,2.059,5.014736839605264,5.0147368,0.4767566238157901,0.0,1.5,0.54,0.0,0.08788094000024627,1
2012-07-14 08:00:00+00:00,0.0344646,0.3265189724115001,0.03583542946499999,0.094,1.139,4.464736839605264,4.4647368,0.42847633960526377,0.0,1.045,0.0,-0.0,0.0,1
2012-07-14 08:30:00+00:00,0.0344646,0.3265189724115001,0.03583542946499999,0.206,0.378,4.3742105238157905,4.3742105,0.37032233960526373,0.0,0.172,2.7755575615628914e-17,0.0,4.531361014352421e-18,1
2012-07-14 09:00:00+00:00,0.03439695,0.32644159755487506,0.03576508868625,0.288,0.34,4.3468421027631585,4.3468421,0.3098865238157904,0.0,0.052,4.85722573273506e-17,0.0,7.928002639393408e-18,1
2012-07-14 09:30:00+00:00,0.0359283,0.32819308294575006,0.0373573481325,0.344,0.278,4.378192102763158,4.3781921,0.2545716027631588,0.066,0.0,5.551115123125783e-17,0.0,9.109187930227138e-18,1
2012-07-14 10:00:00+00:00,0.0372567,0.3297124437667501,0.03873858524249999,0.4,0.247,4.450867102763159,4.4508671,0.21010820276315822,0.153,0.0,0.0,-0.0,0.0,1
2012-07-14 10:30:00+00:00,0.0358176,0.32806646954400004,0.03724224504,0.338,0.647,4.28823552381579,4.2882355,0.17956390276315837,0.0,0.309,0.0,-0.0,0.0,1
2012-07-14 11:00:00+00:00,0.03442155,0.146069733866375,0.035790667151250004,0.331,0.29,4.30771052381579,4.3077105,2.381579022880942e-08,0.041,0.0,0.0,5.551115123125783e-17,-9.933905684503254e-19,1
2012-07-14 11:30:00+00:00,0.0344154,0.1460626997885,0.035784272534999995,0.294,0.165,4.36898552381579,4.3689855,2.381579022880942e-08,0.129,0.0,5.551115123125783e-17,0.0,4.054054308602617e-18,1
2012-07-14 12:00:00+00:00,0.03433545,0.145971256776125,0.03570114252375,0.3,0.503,4.36898552381579,4.3689855,2.381579022880942e-08,0.0,0.0,0.203,0.0,0.014816082562776688,1
2012-07-14 12:30:00+00:00,0.0343908,0.146034563477,0.03575869406999999,0.525,0.747,4.36898552381579,4.3689855,2.381579022880942e-08,0.0,0.0,0.22199999999999998,0.0,0.016209836545946998,1
2012-07-14 13:00:00+00:00,0.03439695,0.14604159755487503,0.03576508868625,0.4,1.241,4.36898552381579,4.3689855,2.381579022880942e-08,0.0,0.0,0.8410000000000001,0.0,0.061410491771824956,1
2012-07-14 13:30:00+00:00,0.0340095,0.14559845064875,0.0353622278625,0.419,1.222,4.36898552381579,4.3689855,2.381579022880942e-08,0.0,0.0,0.8029999999999999,0.0,0.05845777793547312,1
2012-07-14 14:00:00+00:00,0.03390495,0.145478871324875,0.03525351938625,0.375,0.509,4.36898552381579,4.3689855,2.381579022880942e-08,0.0,0.0,0.134,0.0,0.009747084378766625,1
2012-07-14 14:30:00+00:00,0.0339357,0.14551404171425,0.0352854924675,0.406,0.272,4.43263552381579,4.4326355,2.381579022880942e-08,0.134,0.0,0.0,-0.0,0.0,1
2012-07-14 15:00:00+00:00,0.03394185,0.145521075792125,0.03529188708375,0.313,0.278,4.4492605238157905,4.4492605,2.381579022880942e-08,0.035,0.0,5.551115123125783e-17,0.0,4.039021222815992e-18,1
2012-07-14 15:30:00+00:00,0.03394185,0.145521075792125,0.03529188708375,0.106,1.184,4.4492605238157905,4.4492605,2.381579022880942e-08,0.0,0.0,1.0779999999999998,0.0,0.07843585985195536,1
2012-07-14 16:00:00+00:00,0.03404025,0.145633621038125,0.035394200943749995,0.05,0.472,4.4492605238157905,4.4492605,2.381579022880942e-08,0.0,0.0,0.422,0.0,0.030728694039044373,1
2012-07-14 16:30:00+00:00,0.03464295,0.146322960669875,0.03602087333625,0.038,2.129,3.709074208026317,3.7090742,0.32258742381579086,0.0,1.406354,0.6846460000000001,0.0,0.050089714865393625,1
2012-07-14 17:00:00+00:00,0.03672165,0.148700478991625,0.038182253628749996,0.006,1.171,3.3404918606578957,3.3404919,0.36858230802631686,0.0,0.70030646,0.46469354000000007,0.0,0.034550075991156934,1
2012-07-14 17:30:00+00:00,0.03729975,0.149361682311875,0.03878334755625,0.0,0.378,3.141544492236843,3.1415445,0.41363136065789563,0.0,0.378,0.0,-0.0,0.0,1
2012-07-14 18:00:00+00:00,0.04129725,0.153933832930625,0.04293984811875,0.0,0.621,2.814702386973685,2.8147024,0.45249629223684273,0.0,0.621,0.0,-0.0,0.0,1
2012-07-14 18:30:00+00:00,0.0409836,0.153575094959,0.04261372269,0.0,1.558,2.025228702763159,2.0252287,0.4808818869736853,0.0,1.5,0.05800000000000005,0.0,0.004453677753811005,1
2012-07-14 19:00:00+00:00,0.03967365,0.152076836371625,0.04125166942875,0.0,1.272,1.3557550185526326,1.355755,0.49647500276315903,0.0,1.272,0.0,-0.0,0.0,1
2012-07-14 19:30:00+00:00,0.03729975,0.149361682311875,0.03878334755625,0.0,0.809,1.0,1.0,0.3557550185526326,0.0,0.67593454,0.13306546000000008,0.0,0.00993744048160176,1
2012-07-14 20:00:00+00:00,0.03451995,0.146182279112375,0.03589298101125,0.0,0.649,1.0,1.0,0.0,0.0,0.0,0.649,0.0,0.04743614957196569,1
2012-07-14 20:30:00+00:00,0.0345753,0.14624558581325,0.0359505325575,0.0,0.846,1.0,1.0,0.0,0.0,0.0,0.846,0.0,0.06186188279900475,1
2012-07-14 21:00:00+00:00,0.03439695,0.14604159755487503,0.03576508868625,0.0,0.797,1.0,1.0,0.0,0.0,0.0,0.797,0.0,0.058197576625617704,1
2012-07-14 21:30:00+00:00,0.0343908,0.146034563477,0.03575869406999999,0.0,0.765,1.0,1.0,0.0,0.0,0.0,0.765,0.0,0.0558582205299525,1
2012-07-14 22:00:00+00:00,0.0342924,0.14592201823099998,0.03565638021,0.0,0.753,1.0,1.0,0.0,0.0,0.0,0.753,0.0,0.0549396398639715,1
2012-07-14 22:30:00+00:00,0.03444615,0.146097870177875,0.03581624561625,0.0,0.864,1.0,1.0,0.0,0.0,0.0,0.864,0.0,0.063114279916842,1
2012-07-14 23:00:00+00:00,0.0343785,0.14602049532125,0.035745904837499995,0.0,0.914,1.0,1.0,0.0,0.0,0.0,0.914,0.0,0.06673136636181125,1
2012-07-14 23:30:00+00:00,0.03447075,0.14612600648937502,0.03584182408125,0.0,0.932,1.0,1.0,0.0,0.0,0.0,0.932,0.0,0.06809471902404876,1
2012-07-15 00:00:00+00:00,0.03451995,0.09668227911237502,0.03589298101125,0.0,0.824,1.5874999975000001,1.5875,0.5874999999999999,1.2368421,0.0,2.0608421,0.0,0.09962345555936654,1
2012-07-15 00:30:00+00:00,0.0343785,0.09652049532125001,0.035745904837499995,0.0,0.557,2.2999999975,2.3,0.7125000024999997,1.5,0.0,2.057,0.0,0.09927132943790563,1
2012-07-15 01:00:00+00:00,0.0342555,0.09637981376375002,0.035618012512500005,0.0,0.415,3.0124999975,3.0125,0.7125000025000001,1.5,0.0,1.915,0.0,0.09228367167879065,1
2012-07-15 01:30:00+00:00,0.03381885,0.09588039423462501,0.03516399475874999,0.0,0.478,3.7249999975,3.725,0.7125000025000001,1.5,0.0,1.978,0.0,0.09482570989804413,1
2012-07-15 02:00:00+00:00,0.03326535,0.095247327225875,0.034588479296249995,0.0,0.504,4.4374999975,4.4375,0.7125000025000001,1.5,0.0,2.004,0.0,0.09543782188032676,1
2012-07-15 02:30:00+00:00,0.0311313,0.09280650220325001,0.032369547457499995,0.0,0.44,5.1499999975,5.15,0.7125000025000006,1.5,0.0,1.94,0.0,0.09002230713715251,1
2012-07-15 03:00:00+00:00,0.03159255,0.093334058043875,0.03284914367625,0.0,0.435,5.8624999975000005,5.8625,0.7125000024999997,1.5,0.0,1.935,0.0,0.09030070115744906,1
2012-07-15 03:30:00+00:00,0.0308361,0.09246886646525002,0.0320626058775,0.0,0.608,6.574999997500001,6.575,0.7125000024999997,1.5,0.0,2.108,0.0,0.09746218525437352,1
2012-07-15 04:00:00+00:00,0.0300612,0.091582572653,0.03125688423,0.0,0.846,7.287499997500001,7.2875,0.7125000024999988,1.5,0.0,2.346,0.0,0.10742635772196901,1
2012-07-15 04:30:00+00:00,0.03046095,0.09203978771487499,0.03167253428625,0.0,0.872,7.999999997500002,8.0,0.7125000024999988,1.5,0.0,2.372,0.0,0.10915918822984173,1
2012-07-15 05:00:00+00:00,0.02870205,0.31992804144262504,0.029843674038749997,0.0,0.858,7.54842105013158,7.5484211,0.4464881975000017,0.0,0.858,0.0,-0.0,0.0,1
2012-07-15 05:30:00+00:00,0.03016575,0.32160215197687503,0.03136559270625,0.0,0.704,7.1778947343421065,7.1778947,0.4756424501315797,0.0,0.704,0.0,-0.0,0.0,1
2012-07-15 06:00:00+00:00,0.0262113,0.31707923990325004,0.027253854457499997,0.0,0.459,6.936315786973686,6.9363158,0.4980440343421062,0.0,0.459,0.0,-0.0,0.0,1
2012-07-15 06:30:00+00:00,0.027921,0.3190347135525,0.029031557774999998,0.0,0.49,6.678421050131581,6.6784211,0.5083720869736856,0.0,0.49,0.0,-0.0,0.0,1
2012-07-15 07:00:00+00:00,0.030996,0.32255175249000007,0.0322288659,0.0,1.521,5.888947365921054,5.8889474,0.49602935013158067,0.0,1.5,0.020999999999999908,0.0,0.0033867934011449856,1
2012-07-15 07:30:00+00:00,0.0313773,0.3229878653182501,0.032625332107499995,0.031,1.734,5.099473681710528,5.0994737,0.46376806592105435,0.0,1.5,0.20300000000000007,0.0,0.03278326832980239,1
2012-07-15 08:00:00+00:00,0.03223215,0.323965602142875,0.03351418376625,0.113,1.306,4.471578944868423,4.4715789,0.415531481710528,0.0,1.193,0.0,-0.0,0.0,1
2012-07-15 08:30:00+00:00,0.03445845,0.326511938333625,0.035829034848750003,0.213,0.591,4.27263157644737,4.2726316,0.35747374486842265,0.0,0.378,0.0,-0.0,0.0,1
2012-07-15 09:00:00+00:00,0.03411405,0.326118029972625,0.035470936338749995,0.288,0.153,4.33675657644737,4.3367566,0.29718107644737035,0.135,0.0,5.551115123125783e-17,0.0,9.05159364052513e-18,1
2012-07-15 09:30:00+00:00,0.0344646,0.3265189724115001,0.03583542946499999,0.35,0.378,4.322019734342107,4.3220197,0.24205017644737037,0.0,0.028,2.42861286636753e-17,0.0,3.9649408875583685e-18,1
2012-07-15 10:00:00+00:00,0.03451995,0.32658227911237503,0.03589298101125,0.4,0.478,4.28096710276316,4.2809671,0.19780563434210752,0.0,0.078,0.0,4.163336342344337e-17,-7.471727613960616e-19,1
2012-07-15 10:30:00+00:00,0.0344523,0.32650490425575,0.035822640232499994,0.438,0.422,4.28856710276316,4.2885671,0.1675101027631598,0.016,0.0,0.0,-0.0,0.0,1
2012-07-15 11:00:00+00:00,0.03443385,0.146083802022125,0.03580345638375,0.469,0.134,4.447692102763161,4.4476921,2.763160367180717e-09,0.335,0.0,5.551115123125783e-17,0.0,4.054640013243655e-18,1
2012-07-15 11:30:00+00:00,0.03417555,0.145788370751375,0.03553488250125,0.475,0.097,4.6272421027631605,4.6272421,2.763160367180717e-09,0.378,0.0,0.0,-0.0,0.0,1
2012-07-15 12:00:00+00:00,0.0341202,0.1457250640505,0.035477330955000004,0.481,0.69,4.6272421027631605,4.6272421,2.763160367180717e-09,0.0,0.0,0.20899999999999996,0.0,0.015228269193277248,1
2012-07-15 12:30:00+00:00,0.03394185,0.145521075792125,0.03529188708375,0.475,0.24,4.738867102763161,4.7388671,2.763160367180717e-09,0.235,0.0,0.0,-0.0,0.0,1
2012-07-15 13:00:00+00:00,0.03388035,0.145450735013375,0.03522794092124999,0.456,0.278,4.823417102763161,4.8234171,2.763160367180717e-09,0.178,0.0,0.0,-0.0,0.0,1
2012-07-15 13:30:00+00:00,0.03360975,0.145141235586875,0.03494657780625,0.431,0.203,4.9317171027631606,4.9317171,2.763160367180717e-09,0.228,0.0,5.551115123125783e-17,0.0,4.028478539277319e-18,1
2012-07-15 14:00:00+00:00,0.0338865,0.14545776909125002,0.0352343355375,0.394,0.172,5.037167102763161,5.0371671,2.763160367180717e-09,0.222,0.0,0.0,-0.0,0.0,1
2012-07-15 14:30:00+00:00,0.0332961,0.14478249761525003,0.0346204523775,0.356,0.147,5.13644210276316,5.1364421,2.7631612553591367e-09,0.209,0.0,0.0,-0.0,0.0,1
2012-07-15 15:00:00+00:00,0.0336036,0.145134201509,0.034940183189999995,0.294,0.128,5.2152921027631605,5.2152921,2.763160367180717e-09,0.166,0.0,5.551115123125783e-17,0.0,4.0282833043969734e-18,1
2012-07-15 15:30:00+00:00,0.0340464,0.14564065511600002,0.03540059556,0.231,0.103,5.276092102763161,5.2760921,2.763160367180717e-09,0.128,0.0,0.0,2.7755575615628914e-17,-4.912819534519386e-19,1
2012-07-15 16:00:00+00:00,0.03431085,0.14594312046462501,0.03567556405875,0.15,0.084,5.307442102763161,5.3074421,2.7631612553591367e-09,0.066,0.0,2.7755575615628914e-17,0.0,2.0253676578183696e-18,1
2012-07-15 16:30:00+00:00,0.0344523,0.14610490425574998,0.035822640232499994,0.075,0.109,5.307442102763161,5.3074421,2.763160367180717e-09,0.0,0.0,0.034,0.0,0.00248378337234775,1
2012-07-15 17:00:00+00:00,0.03677085,0.148756751614625,0.03823341055875,0.006,0.103,5.307442102763161,5.3074421,2.763160367180717e-09,0.0,0.0,0.09699999999999999,0.0,0.007214702453309312,1
2012-07-15 17:30:00+00:00,0.04092825,0.153511788258125,0.042556171143749995,0.0,1.235,4.65744210276316,4.6574421,0.4068315027631604,0.0,1.235,0.0,-0.0,0.0,1
2012-07-15 18:00:00+00:00,0.0563094,0.1711040170235,0.058549106385,0.0,1.103,4.076915786973687,4.0769158,0.44614100276316027,0.0,1.103,0.0,-0.0,0.0,1
2012-07-15 18:30:00+00:00,0.05283465,0.167129763024125,0.05493614820374999,0.0,0.784,3.6642842080263183,3.6642842,0.47497668697368667,0.0,0.784,0.0,-0.0,0.0,1
2012-07-15 19:00:00+00:00,0.04690605,0.16034891195262502,0.04877173813874999,0.0,0.865,3.2090210501315815,3.2090211,0.49102320802631816,0.0,0.865,0.0,-0.0,0.0,1
2012-07-15 19:30:00+00:00,0.0440217,0.15704992942924997,0.04577266311749999,0.0,0.572,2.907968418552634,2.9079684,0.49201585013158144,0.0,0.572,0.0,-0.0,0.0,1
2012-07-15 20:00:00+00:00,0.04156785,0.154243332357125,0.04322121123375,0.0,0.628,2.5774421027631607,2.5774421,0.4853421185526341,0.0,0.628,0.0,-0.0,0.0,1
2012-07-15 20:30:00+00:00,0.0418815,0.15460207032875,0.0435473366625,0.0,0.697,2.210599997500003,2.2106,0.4745462027631606,0.0,0.697,0.0,-0.0,0.0,1
2012-07-15 21:00:00+00:00,0.0406146,0.1531530502865,0.042230045715,0.0,0.721,1.8311263132894764,1.8311263,0.4630230975000027,0.0,0.721,0.0,-0.0,0.0,1
2012-07-15 21:30:00+00:00,0.03806235,0.150233907968375,0.03957627997125,0.0,0.765,1.428494734342108,1.4284947,0.45348581328947635,0.0,0.765,0.0,-0.0,0.0,1
2012-07-15 22:00:00+00:00,0.0350058,0.1467379712645,0.036398155695,0.0,1.062,1.428494734342108,1.4284947,3.4342108046203634e-08,0.0,0.0,1.062,0.0,0.0779178627414495,1
2012-07-15 22:30:00+00:00,0.0370968,0.14912955774199999,0.038572325219999995,0.0,1.194,1.0,1.0,0.42849473434210794,0.0,0.81414,0.37986,0.0,0.028324176901938055,1
2012-07-15 23:00:00+00:00,0.0357807,0.14762426507675,0.0372038773425,0.0,0.91,1.0,1.0,0.0,0.0,0.0,0.91,0.0,0.06716904060992125,1
2012-07-15 23:30:00+00:00,0.0349566,0.14668169864150002,0.036346998765,0.0,1.064,1.0,1.0,0.0,0.0,0.0,1.064,0.0,0.07803466367727802,1
2012-07-16 00:00:00+00:00,0.03432315,0.096457188620375,0.035688353291249995,0.0,1.642,1.7125,1.7125,0.7124999999999999,1.5,0.0,3.142,0.0,0.15153424332260912,1
2012-07-16 00:30:00+00:00,0.03391725,0.09599293948062503,0.03526630861875,0.0,0.657,2.425,2.425,0.7124999999999999,1.5,0.0,2.157,0.0,0.1035283852298541,1
2012-07-16 01:00:00+00:00,0.0343293,0.09646422269825002,0.0356947479075,0.0,0.465,3.0124999975,3.0125,0.5875000000000004,1.2368421,0.0,1.7018421000000001,0.0,0.08208343766582875,1
2012-07-16 01:30:00+00:00,0.033948,0.09602810987000002,0.035298281699999996,0.0,0.529,3.7249999975,3.725,0.7125000025000001,1.5,0.0,2.029,0.0,0.09742051746311502,1
2012-07-16 02:00:00+00:00,0.03330225,0.09528953169312501,0.034626846993749995,0.0,0.522,4.4374999975,4.4375,0.7125000025000001,1.5,0.0,2.0220000000000002,0.0,0.0963377165417494,1
2012-07-16 02:30:00+00:00,0.0323613,0.09421331777825001,0.0336484707075,0.0,0.628,5.1499999975,5.15,0.7125000025000006,1.5,0.0,2.128,0.0,0.10024297011605801,1
2012-07-16 03:00:00+00:00,0.0321276,0.09394602281900001,0.03340547529,0.0,0.498,5.8624999975000005,5.8625,0.7125000024999997,1.5,0.0,1.998,0.0,0.09385207679618102,1
2012-07-16 03:30:00+00:00,0.0312912,0.09298938822800001,0.03253580748,0.0,0.641,6.574999997500001,6.575,0.7125000024999997,1.5,0.0,2.141,0.0,0.09954514009807401,1
2012-07-16 04:00:00+00:00,0.03089145,0.09253217316612501,0.03212015742375,0.0,0.943,7.287499997500001,7.2875,0.7125000024999988,1.5,0.0,2.443,0.0,0.11302804952242171,1
2012-07-16 04:30:00+00:00,0.0330747,0.09502927081175,0.034390246192499994,0.0,0.939,7.999999997500002,8.0,0.7125000024999988,1.5,0.0,2.439,0.0,0.11588819575492913,1
2012-07-16 05:00:00+00:00,0.034071,0.3260687914275,0.035426174025,0.0,0.9,7.526315786973686,7.5263158,0.4454549975000015,0.0,0.9,0.0,-0.0,0.0,1
2012-07-16 05:30:00+00:00,0.0347721,0.32687067630525,0.0361551602775,0.0,0.811,7.099473681710528,7.0994737,0.4744466869736854,0.0,0.811,0.0,-0.0,0.0,1
2012-07-16 06:00:00+00:00,0.0349935,0.32712390310875006,0.0363853664625,0.0,0.504,6.834210523815791,6.8342105,0.4966420817105277,0.0,0.504,0.0,-0.0,0.0,1
2012-07-16 06:30:00+00:00,0.03774255,0.33026813591887505,0.039243759926249996,0.0,0.509,6.566315786973686,6.5663158,0.5067203238157916,0.0,0.509,0.0,-0.0,0.0,1
2012-07-16 07:00:00+00:00,0.042804,0.33605718201,0.0445065291,0.0,1.276,5.894736839605264,5.8947368,0.4941062869736861,0.0,1.276,0.0,-0.0,0.0,1
2012-07-16 07:30:00+00:00,0.04277325,0.33602201162062506,0.04447455601874999,0.031,1.564,5.105263155394738,5.1052632,0.4615439396052645,0.0,1.5,0.03300000000000014,0.0,0.005544363191740337,1
2012-07-16 08:00:00+00:00,0.04704135,0.34090366166587505,0.04891241969625,0.1,1.444,4.397894734342106,4.3978947,0.41297425539473753,0.0,1.344,0.0,2.220446049250313e-16,-5.430369453690576e-18,1
2012-07-16 08:30:00+00:00,0.0483267,0.34237378394175005,0.0502488944925,0.219,0.999,3.9873684185526326,3.9873684,0.354548534342106,0.0,0.78,0.0,-0.0,0.0,1
2012-07-16 09:00:00+00:00,0.04705365,0.34091772982162505,0.04892520892875,0.294,0.781,3.7310526290789485,3.7310526,0.2938500185526327,0.0,0.487,5.551115123125783e-17,0.0,9.462367828772662e-18,1
2012-07-16 09:30:00+00:00,0.0467646,0.3405871281615,0.048624661964999996,0.356,0.253,3.7799776290789486,3.7799776,0.23827192907894856,0.103,0.0,0.0,-0.0,0.0,1
2012-07-16 10:00:00+00:00,0.04634025,0.34010177678812503,0.04818343344374999,0.381,0.103,3.9120276290789486,3.9120276,0.19353572907894856,0.278,0.0,0.0,-0.0,0.0,1
2012-07-16 10:30:00+00:00,0.0456576,0.3393209941440001,0.04747363104,0.388,0.134,4.0326776290789486,4.0326776,0.16270202907894848,0.254,0.0,0.0,-0.0,0.0,1
2012-07-16 11:00:00+00:00,0.0416601,0.15434884352525,0.04331713047749999,0.4,0.072,4.188477629078949,4.1884776,0.14589002907894866,0.328,0.0,0.0,-0.0,0.0,1
2012-07-16 11:30:00+00:00,0.04076835,0.153328902233375,0.04238991112125,0.381,0.084,4.3295526290789486,4.3295526,2.9078949026484224e-08,0.297,0.0,0.0,-0.0,0.0,1
2012-07-16 12:00:00+00:00,0.03978435,0.152203449773375,0.041366772521250005,0.369,0.203,4.408402629078949,4.4084026,2.9078948138305805e-08,0.166,0.0,0.0,-0.0,0.0,1
2012-07-16 12:30:00+00:00,0.03605745,0.147940798581125,0.037491635073749995,0.356,0.159,4.501977629078949,4.5019776,2.9078949026484224e-08,0.197,0.0,0.0,-0.0,0.0,1
2012-07-16 13:00:00+00:00,0.0344892,0.14614710872300002,0.035861007929999994,0.338,0.078,4.625477629078949,4.6254776,2.9078949026484224e-08,0.26,0.0,0.0,-0.0,0.0,1
2012-07-16 13:30:00+00:00,0.0347721,0.14647067630525,0.0361551602775,0.319,0.079,4.739477629078949,4.7394776,2.9078949026484224e-08,0.24,0.0,0.0,-0.0,0.0,1
2012-07-16 14:00:00+00:00,0.0346245,0.14630185843625002,0.0360016894875,0.306,0.09,4.842077629078949,4.8420776,2.9078949026484224e-08,0.216,0.0,0.0,-0.0,0.0,1
2012-07-16 14:30:00+00:00,0.0342555,0.14587981376375,0.035618012512500005,0.288,0.097,4.932802629078949,4.9328026,2.9078949026484224e-08,0.191,0.0,5.551115123125783e-17,0.0,4.048978201713627e-18,1
2012-07-16 15:00:00+00:00,0.034194,0.14580947298500002,0.03555406635,0.25,0.065,5.020677629078949,5.0206776,2.9078949026484224e-08,0.185,0.0,0.0,-0.0,0.0,1
2012-07-16 15:30:00+00:00,0.0340587,0.14565472327175,0.035413384792499995,0.206,0.103,5.069602629078949,5.0696026,2.9078949026484224e-08,0.103,0.0,0.0,-0.0,0.0,1
2012-07-16 16:00:00+00:00,0.034686,0.146372199215,0.03606563565,0.144,0.078,5.100952629078948,5.1009526,2.9078949026484224e-08,0.066,0.0,2.7755575615628914e-17,0.0,2.0313223216689158e-18,1
2012-07-16 16:30:00+00:00,0.0368262,0.14882005831550002,0.038290962105000007,0.063,0.772,5.100952629078948,5.1009526,2.9078948138305805e-08,0.0,0.0,0.7090000000000001,0.0,0.052756710672844764,1
2012-07-16 17:00:00+00:00,0.0376257,0.14973448843925,0.039122262217499995,0.006,1.121,5.100952629078948,5.1009526,2.9078948138305805e-08,0.0,0.0,1.115,0.0,0.08347697730488188,1
2012-07-16 17:30:00+00:00,0.0412665,0.15389866254125,0.042907875037499994,0.0,0.671,4.747794734342106,4.7477947,0.39063052907894846,0.0,0.671,0.0,-0.0,0.0,1
2012-07-16 18:00:00+00:00,0.0482898,0.16193157947450001,0.050210526795,0.0,0.546,4.460426313289474,4.4604263,0.42899223434210576,0.0,0.546,0.0,-0.0,0.0,1
2012-07-16 18:30:00+00:00,0.04855425,0.162234044823125,0.050485495293749995,0.0,0.447,4.225163155394737,4.2251632,0.45688771328947464,0.0,0.447,0.0,-0.0,0.0,1
2012-07-16 19:00:00+00:00,0.047355,0.1608623996375,0.049238545125,0.0,0.709,3.8520052606578954,3.8520053,0.47200505539473747,0.0,0.709,0.0,-0.0,0.0,1
2012-07-16 19:30:00+00:00,0.0408114,0.1533781407785,0.042434673434999994,0.0,0.746,3.459373681710527,3.4593737,0.47208926065789525,0.0,0.746,0.0,-0.0,0.0,1
2012-07-16 20:00:00+00:00,0.0407376,0.153293731844,0.042357938039999994,0.0,0.894,2.9888473659210533,2.9888474,0.4645148817105271,0.0,0.894,0.0,-0.0,0.0,1
2012-07-16 20:30:00+00:00,0.0414387,0.15409561672175,0.043086924292499995,0.0,0.926,2.501478944868422,2.5014789,0.4528288659210533,0.0,0.926,0.0,-0.0,0.0,1
2012-07-16 21:00:00+00:00,0.0408114,0.1533781407785,0.042434673434999994,0.0,0.67,2.1488473659210534,2.1488474,0.4404303448684219,0.0,0.67,0.0,-0.0,0.0,1
2012-07-16 21:30:00+00:00,0.0380439,0.15021280573475002,0.039557096122499996,0.0,0.647,1.8083210501315796,1.8083211,0.43003696592105345,0.0,0.647,0.0,-0.0,0.0,1
2012-07-16 22:00:00+00:00,0.03562695,0.147448413129875,0.03704401193624999,0.0,0.834,1.8083210501315796,1.8083211,4.986842028209537e-08,0.0,0.0,0.834,0.0,0.061485988275157874,1
2012-07-16 22:30:00+00:00,0.0438864,0.156895179716,0.04563198156,0.0,1.363,1.090952629078948,1.0909526,0.4262459501315796,0.0,1.363,0.0,-0.0,0.0,1
2012-07-16 23:00:00+00:00,0.0363465,0.14827140024125,0.0377921820375,0.0,1.009,1.0,1.0,0.09095262907894797,0.0,0.17281,0.8361899999999999,0.0,0.0619915310838654,1
2012-07-16 23:30:00+00:00,0.0352641,0.14703340253525,0.036666729577499994,0.0,0.952,1.0,1.0,0.0,0.0,0.0,0.952,0.0,0.069987899606779,1
2012-07-17 00:00:00+00:00,0.0357192,0.098053924298,0.037139931179999995,0.0,0.873,1.5874999975000001,1.5875,0.5874999999999999,1.2368421,0.0,2.1098421,0.0,0.10343914877706667,1
2012-07-17 00:30:00+00:00,0.03433545,0.096471256776125,0.03570114252375,0.0,0.583,2.2999999975,2.3,0.7125000024999997,1.5,0.0,2.083,0.0,0.1004748139323342,1
2012-07-17 01:00:00+00:00,0.03436005,0.09649939308762502,0.03572672098875,0.0,0.947,3.0124999975,3.0125,0.7125000025000001,1.5,0.0,2.447,0.0,0.11806700744270922,1
2012-07-17 01:30:00+00:00,0.0342801,0.09640795007524999,0.03564359097749999,0.0,0.459,3.7249999975,3.725,0.7125000025000001,1.5,0.0,1.959,0.0,0.09443158709870737,1
2012-07-17 02:00:00+00:00,0.03406485,0.09616175734962502,0.03541977940875,0.0,0.479,4.4374999975,4.4375,0.7125000025000001,1.5,0.0,1.979,0.0,0.09515205889745397,1
2012-07-17 02:30:00+00:00,0.03343755,0.09544428140637501,0.03476752855125,0.0,0.454,5.1499999975,5.15,0.7125000025000006,1.5,0.0,1.954,0.0,0.09324906293402838,1
2012-07-17 03:00:00+00:00,0.0328779,0.09480418031975,0.0341856184725,0.0,0.44,5.8624999975000005,5.8625,0.7125000024999997,1.5,0.0,1.94,0.0,0.0919600549101575,1
2012-07-17 03:30:00+00:00,0.03204765,0.093854579806625,0.03332234527874999,0.0,0.614,6.574999997500001,6.575,0.7125000024999997,1.5,0.0,2.114,0.0,0.09920429085560262,1
2012-07-17 04:00:00+00:00,0.0319431,0.09373500048275,0.0332136368025,0.0,0.857,7.287499997500001,7.2875,0.7125000024999988,1.5,0.0,2.357,0.0,0.11046669806892088,1
2012-07-17 04:30:00+00:00,0.0319062,0.09369279601550001,0.033175269105,0.0,0.813,7.999999997500002,8.0,0.7125000024999988,1.5,0.0,2.3129999999999997,0.0,0.10835571859192575,1
2012-07-17 05:00:00+00:00,0.03293325,0.324767487020625,0.03424317001874999,0.0,0.907,7.52263157644737,7.5226316,0.4129337975000018,0.0,0.907,0.0,-0.0,0.0,1
2012-07-17 05:30:00+00:00,0.0340095,0.32599845064875,0.0353622278625,0.0,0.597,7.208421050131581,7.2084211,0.44168417644737,0.0,0.597,0.0,-0.0,0.0,1
2012-07-17 06:00:00+00:00,0.03223215,0.323965602142875,0.03351418376625,0.0,0.29,7.055789471184212,7.0557895,0.4636941501315812,0.0,0.29,0.0,-0.0,0.0,1
2012-07-17 06:30:00+00:00,0.03589755,0.32815791255637505,0.03732537505125,0.0,0.871,6.597368418552634,6.5973684,0.4736439711842122,0.0,0.871,0.0,-0.0,0.0,1
2012-07-17 07:00:00+00:00,0.041574,0.33465036643500007,0.043227605849999996,0.0,1.386,5.867894734342108,5.8678947,0.4609816185526334,0.0,1.386,0.0,-0.0,0.0,1
2012-07-17 07:30:00+00:00,0.04426155,0.337724258466375,0.04602205315124999,0.025,1.01,5.349473681710529,5.3494737,0.4284436343421074,0.0,0.985,0.0,-0.0,0.0,1
2012-07-17 08:00:00+00:00,0.0523365,0.34696000271625005,0.0544181842875,0.119,0.309,5.249473681710529,5.2494737,0.3799684817105282,0.0,0.19,0.0,-0.0,0.0,1
2012-07-17 08:30:00+00:00,0.05092815,0.345349198882875,0.05295381716624999,0.219,0.172,5.271798681710529,5.2717987,0.3217050817105287,0.047,0.0,0.0,2.7755575615628914e-17,-7.3488183824702e-19,1
2012-07-17 09:00:00+00:00,0.04312995,0.336429988137375,0.04484544376125,0.294,0.09,5.368698681710529,5.3686987,0.26123288171052916,0.204,0.0,0.0,-0.0,0.0,1
2012-07-17 09:30:00+00:00,0.0414387,0.33449561672175004,0.043086924292499995,0.35,0.103,5.486023681710529,5.4860237,0.2059408817105295,0.247,0.0,0.0,-0.0,0.0,1
2012-07-17 10:00:00+00:00,0.04076835,0.33372890223337504,0.04238991112125,0.394,0.065,5.642298681710529,5.6422987,0.16154668171052933,0.329,0.0,0.0,-0.0,0.0,1
2012-07-17 10:30:00+00:00,0.04025175,0.333138039691875,0.041852763356249996,0.431,0.097,5.800948681710529,5.8009487,0.13110738171052905,0.334,0.0,5.551115123125783e-17,0.0,9.246438051110223e-18,1
2012-07-17 11:00:00+00:00,0.03562695,0.147448413129875,0.03704401193624999,0.456,0.065,5.986673681710529,5.9866737,0.11473968171052906,0.391,0.0,0.0,-0.0,0.0,1
2012-07-17 11:30:00+00:00,0.03449535,0.146154142800875,0.03586740254625,0.469,0.122,6.151498681710528,6.1514987,1.8289471270804825e-08,0.347,0.0,0.0,-0.0,0.0,1
2012-07-17 12:00:00+00:00,0.0344769,0.14613304056725002,0.035848218697499996,0.475,0.115,6.322498681710528,6.3224987,1.8289472158983244e-08,0.36,0.0,0.0,-0.0,0.0,1
2012-07-17 12:30:00+00:00,0.03442155,0.146069733866375,0.035790667151250004,0.463,0.184,6.455023681710529,6.4550237,1.8289471270804825e-08,0.279,0.0,0.0,-0.0,0.0,1
2012-07-17 13:00:00+00:00,0.0336651,0.14520454228775,0.035004129352499996,0.463,0.134,6.611298681710529,6.6112987,1.8289471270804825e-08,0.329,0.0,0.0,-0.0,0.0,1
2012-07-17 13:30:00+00:00,0.03364665,0.14518344005412498,0.034984945503749997,0.431,0.103,6.767098681710529,6.7670987,1.8289471270804825e-08,0.328,0.0,0.0,-0.0,0.0,1
2012-07-17 14:00:00+00:00,0.03343755,0.144944281406375,0.03476752855125,0.394,0.097,6.908173681710529,6.9081737,1.8289471270804825e-08,0.297,0.0,0.0,-0.0,0.0,1
2012-07-17 14:30:00+00:00,0.0330501,0.14450113450025,0.0343646677275,0.356,0.109,7.025498681710529,7.0254987,1.8289471270804825e-08,0.247,0.0,0.0,-0.0,0.0,1
2012-07-17 15:00:00+00:00,0.03287175,0.144297146241875,0.034179223856249996,0.294,0.097,7.119073681710529,7.1190737,1.8289471270804825e-08,0.197,0.0,5.551115123125783e-17,0.0,4.005050353635825e-18,1
2012-07-17 15:30:00+00:00,0.0331485,0.14461367974624997,0.034466981587499994,0.231,0.084,7.188898681710529,7.1888987,1.8289471270804825e-08,0.147,0.0,0.0,2.7755575615628914e-17,-4.783254568471728e-19,1
2012-07-17 16:00:00+00:00,0.03376965,0.145324121611625,0.03511283782875,0.156,0.115,7.208373681710529,7.2083737,0.04291398171052929,0.041,0.0,0.0,-0.0,0.0,1
2012-07-17 16:30:00+00:00,0.0342678,0.1458938819195,0.035630801744999996,0.075,0.103,7.193636839605266,7.1936368,0.27746428171052884,0.0,0.028,0.0,3.469446951953614e-18,-6.180958825492688e-20,1
2012-07-17 17:00:00+00:00,0.03568845,0.14751875390862498,0.03710795809874999,0.006,0.253,7.063636839605266,7.0636368,0.3239399396052658,0.0,0.247,0.0,-0.0,0.0,1
2012-07-17 17:30:00+00:00,0.0417093,0.15440511614825,0.04336828740749999,0.0,0.592,6.752057892236845,6.7520579,0.3695185396052656,0.0,0.592,0.0,-0.0,0.0,1
2012-07-17 18:00:00+00:00,0.0576747,0.17266558231174997,0.059968711192499996,0.0,0.409,6.5367947343421084,6.5367947,0.40896719223684475,0.0,0.409,0.0,-0.0,0.0,1
2012-07-17 18:30:00+00:00,0.0560142,0.1707663812855,0.058242164804999996,0.0,0.354,6.350478944868424,6.3504789,0.43799373434210853,0.0,0.354,0.0,-0.0,0.0,1
2012-07-17 19:00:00+00:00,0.04940295,0.16320474756987502,0.051367952336249995,0.0,0.335,6.17416315539474,6.1741632,0.454284044868424,0.0,0.335,0.0,-0.0,0.0,1
2012-07-17 19:30:00+00:00,0.0443907,0.15747197410174998,0.04615634009249999,0.0,0.182,6.078373681710529,6.0783737,0.4555867553947399,0.0,0.182,0.0,-0.0,0.0,1
2012-07-17 20:00:00+00:00,0.0453747,0.15859742656175,0.04717947869249999,0.0,0.19,5.978373681710529,5.9783737,0.44925768171052916,0.0,0.19,0.0,-0.0,0.0,1
2012-07-17 20:30:00+00:00,0.04322835,0.156142533383375,0.044947757621249994,0.0,0.209,5.868373681710529,5.8683737,0.43884028171052947,0.0,0.209,0.0,-0.0,0.0,1
2012-07-17 21:00:00+00:00,0.04156785,0.154243332357125,0.04322121123375,0.0,0.29,5.71574210276316,5.7157421,0.4277318817105291,0.0,0.29,0.0,-0.0,0.0,1
2012-07-17 21:30:00+00:00,0.03694305,0.148953705795125,0.038412459813749994,0.0,0.596,5.4020578922368445,5.4020579,0.4186486027631604,0.0,0.596,0.0,-0.0,0.0,1
2012-07-17 22:00:00+00:00,0.03463065,0.146308892514125,0.03600808410375,0.0,0.638,5.066268418552634,5.0662684,0.4152454922368447,0.0,0.638,0.0,-0.0,0.0,1
2012-07-17 22:30:00+00:00,0.03715215,0.149192864442875,0.03862987676625,0.0,0.822,4.633636839605266,4.6336368,0.4175072185526343,0.0,0.822,0.0,-0.0,0.0,1
2012-07-17 23:00:00+00:00,0.0346614,0.14634406290350002,0.036040057185,0.0,0.793,4.216268418552635,4.2162684,0.42322873960526586,0.0,0.793,0.0,-0.0,0.0,1
2012-07-17 23:30:00+00:00,0.03543015,0.14722332263787502,0.03683938421625,0.0,0.862,3.7625842080263188,3.7625842,0.4277701185526346,0.0,0.862,0.0,-0.0,0.0,1
2012-07-18 00:00:00+00:00,0.03347445,0.09548648587362503,0.03480589624875,0.0,0.859,3.7625842080263188,3.7625842,8.026318720766312e-09,0.0,0.0,0.859,0.0,0.04101144568272195,1
2012-07-18 00:30:00+00:00,0.0337143,0.09576081491075002,0.0350552862825,0.0,0.539,3.7625842080263188,3.7625842,8.026318720766312e-09,0.0,0.0,0.539,0.0,0.02580753961844713,1
2012-07-18 01:00:00+00:00,0.03404025,0.096133621038125,0.035394200943749995,0.0,0.404,3.7625842080263188,3.7625842,8.026318720766312e-09,0.0,0.0,0.404,0.0,0.019418991449701252,1
2012-07-18 01:30:00+00:00,0.0332469,0.09522622499225,0.0345692954475,0.0,0.423,3.7625842080263188,3.7625842,8.026318720766312e-09,0.0,0.0,0.423,0.0,0.020140346585860874,1
2012-07-18 02:00:00+00:00,0.0324351,0.09429772671275001,0.0337252061025,0.0,0.516,4.437500023026319,4.4375,0.6749157919736812,1.4208754,0.0,1.9368754,0.0,0.09132147357292418,1
2012-07-18 02:30:00+00:00,0.03215835,0.09398119320837502,0.03343744837125,0.0,0.504,5.150000023026319,5.15,0.7124999769736817,1.5,0.0,2.004,0.0,0.09416915559479176,1
2012-07-18 03:00:00+00:00,0.0310944,0.09276429773600002,0.03233117976,0.0,0.554,5.862500023026319,5.8625,0.7124999769736808,1.5,0.0,2.0540000000000003,0.0,0.09526893377487203,1
2012-07-18 03:30:00+00:00,0.0311559,0.09283463851475002,0.0323951259225,0.0,0.615,6.57500002302632,6.575,0.7124999769736808,1.5,0.0,2.115,0.0,0.09817263022934815,1
2012-07-18 04:00:00+00:00,0.0305901,0.09218750335025,0.0318068212275,0.0,0.898,7.28750002302632,7.2875,0.71249997697368,1.5,0.0,2.398,0.0,0.11053281651694975,1
2012-07-18 04:30:00+00:00,0.03075,0.092370389375,0.03197308124999999,0.0,0.86,8.0,8.0,0.71249997697368,1.5,0.0,2.36,0.0,0.10899705946249999,1
2012-07-18 05:00:00+00:00,0.0313896,0.323001933474,0.03263812133999999,0.0,0.924,7.513684210526316,7.5136842,0.4209025999999998,0.0,0.924,0.0,-0.0,0.0,1
2012-07-18 05:30:00+00:00,0.03364665,0.325583440054125,0.034984945503749997,0.0,0.741,7.123684210526316,7.1236842,0.4507806105263157,0.0,0.741,0.0,-0.0,0.0,1
2012-07-18 06:00:00+00:00,0.03060855,0.32210860558387505,0.031826005076250004,0.0,1.376,6.399473684210527,6.3994737,0.47388051052631663,0.0,1.376,0.0,-0.0,0.0,1
2012-07-18 06:30:00+00:00,0.0343539,0.32639235900975005,0.03572032637249999,0.0,1.461,5.630526315789474,5.6305263,0.4848799842105267,0.0,1.461,0.0,-0.0,0.0,1
2012-07-18 07:00:00+00:00,0.0379947,0.33055653311175004,0.03950593919249999,0.0,1.411,4.887894736842106,4.8878947,0.4732463157894742,0.0,1.411,0.0,-0.0,0.0,1
2012-07-18 07:30:00+00:00,0.0374289,0.32990939794725005,0.0389176344975,0.0,0.76,4.487894736842105,4.4878947,0.4417055368421057,0.0,0.76,0.0,-0.0,0.0,1
2012-07-18 08:00:00+00:00,0.04058385,0.333517879897125,0.04219807263374999,0.013,0.56,4.2,4.2,0.39419043684210564,0.0,0.547,0.0,-0.0,0.0,1
2012-07-18 08:30:00+00:00,0.04054695,0.333475675429875,0.04215970493624999,0.181,0.141,4.219,4.219,0.3368451000000001,0.04,0.0,0.0,-0.0,0.0,1
2012-07-18 09:00:00+00:00,0.0392001,0.33193521237525003,0.0407592839775,0.2,0.085,4.273625,4.273625,0.27724280000000023,0.115,0.0,0.0,-0.0,0.0,1
2012-07-18 09:30:00+00:00,0.0391755,0.33190707606375003,0.0407337055125,0.219,0.085,4.337275,4.337275,0.2227661999999997,0.134,0.0,2.7755575615628914e-17,0.0,4.606135973524856e-18,1
2012-07-18 10:00:00+00:00,0.03686925,0.329269296860625,0.038335724418749995,0.169,0.11,4.3653,4.3653,0.17912719999999993,0.059,0.0,0.0,2.7755575615628914e-17,-5.320150489422636e-19,1
2012-07-18 10:30:00+00:00,0.034563,0.32663151765750004,0.035937743325,0.244,0.06,4.4527,4.4527,0.1493784000000007,0.184,0.0,0.0,-0.0,0.0,1
2012-07-18 11:00:00+00:00,0.0347598,0.14645660814949998,0.036142371044999996,0.181,0.11,4.486425,4.486425,0.0,0.071,0.0,0.0,-0.0,0.0,1
2012-07-18 11:30:00+00:00,0.03437235,0.146013461243375,0.03573951022125,0.444,0.084,4.657425,4.657425,0.0,0.36,0.0,0.0,-0.0,0.0,1
2012-07-18 12:00:00+00:00,0.03381885,0.145380394234625,0.03516399475874999,0.469,0.085,4.839825,4.839825,0.0,0.384,0.0,5.551115123125783e-17,0.0,4.035116525209076e-18,1
2012-07-18 12:30:00+00:00,0.03284715,0.144269009930375,0.03415364539125,0.338,0.11,4.948125,4.948125,0.0,0.228,0.0,0.0,-0.0,0.0,1
2012-07-18 13:00:00+00:00,0.03164175,0.142890330666875,0.03290030060625,0.388,0.073,5.0977500000000004,5.09775,0.0,0.315,0.0,0.0,-0.0,0.0,1
2012-07-18 13:30:00+00:00,0.0330132,0.144458930033,0.03432630003,0.263,0.141,5.1557,5.1557,8.881784197001252e-16,0.122,0.0,0.0,-0.0,0.0,1
2012-07-18 14:00:00+00:00,0.0318078,0.14308025076949998,0.033072955244999994,0.169,0.116,5.180875,5.180875,0.0,0.053,0.0,0.0,-0.0,0.0,1
2012-07-18 14:30:00+00:00,0.03156795,0.142805921732375,0.032823565211249996,0.388,0.085,5.324800000000001,5.3248,0.0,0.303,0.0,0.0,-0.0,0.0,1
2012-07-18 15:00:00+00:00,0.0314757,0.14270041056425,0.0327276459675,0.194,0.098,5.370400000000001,5.3704,8.881784197001252e-16,0.096,0.0,0.0,-0.0,0.0,1
2012-07-18 15:30:00+00:00,0.03220755,0.143537465831375,0.033488605301249995,0.013,0.135,5.370400000000001,5.3704,8.881784197001252e-16,0.0,0.0,0.12200000000000001,0.0,0.008755785415713875,1
2012-07-18 16:00:00+00:00,0.0330009,0.14444486187724997,0.034313510797499995,0.094,0.185,5.370400000000001,5.3704,8.881784197001252e-16,0.0,0.0,0.091,0.0,0.006572241215414874,1
2012-07-18 16:30:00+00:00,0.03485205,0.146562119317625,0.036238290288749996,0.075,0.129,5.370400000000001,5.3704,8.881784197001252e-16,0.0,0.0,0.054000000000000006,0.0,0.003957177221575876,1
2012-07-18 17:00:00+00:00,0.03492585,0.14664652825212499,0.036315025683749995,0.013,0.2,5.370400000000001,5.3704,8.881784197001252e-16,0.0,0.0,0.187,0.0,0.013711450391573687,1
2012-07-18 17:30:00+00:00,0.0414879,0.15415188934475,0.04313808122249999,0.0,0.369,5.176189473684212,5.1761895,0.3902137000000012,0.0,0.369,0.0,-0.0,0.0,1
2012-07-18 18:00:00+00:00,0.04959975,0.163429838061875,0.05157258005625,0.0,0.316,5.009873684210527,5.0098737,0.4293688736842114,0.0,0.316,0.0,-0.0,0.0,1
2012-07-18 18:30:00+00:00,0.05277315,0.167059422245375,0.05487220204124999,0.0,0.607,4.690400000000001,4.6904,0.45805538421052727,0.0,0.607,0.0,-0.0,0.0,1
2012-07-18 19:00:00+00:00,0.04889865,0.162627953184125,0.050843593803750003,0.0,1.31,4.000926315789475,4.0009263,0.4739612000000015,0.0,1.31,0.0,-0.0,0.0,1
2012-07-18 19:30:00+00:00,0.0419922,0.1547286837305,0.043662439755,0.0,0.732,3.6156631578947382,3.6156632,0.4748432157894751,0.0,0.732,0.0,-0.0,0.0,1
2012-07-18 20:00:00+00:00,0.03984585,0.152273790552125,0.04143071868375,0.0,0.765,3.21303157894737,3.2130316,0.46804345789473834,0.0,0.765,0.0,-0.0,0.0,1
2012-07-18 20:30:00+00:00,0.039729,0.15214014307249998,0.041309220975,0.0,0.753,2.816715789473686,2.8167158,0.45710697894736985,0.0,0.753,0.0,-0.0,0.0,1
2012-07-18 21:00:00+00:00,0.03919395,0.151528178297375,0.040752889361249996,0.0,0.709,2.443557894736844,2.4435579,0.44543478947368564,0.0,0.709,0.0,-0.0,0.0,1
2012-07-18 21:30:00+00:00,0.0363342,0.1482573320855,0.03777939280499999,0.0,0.922,1.958294736842107,1.9582947,0.43574689473684414,0.0,0.922,0.0,-0.0,0.0,1
2012-07-18 22:00:00+00:00,0.03428625,0.145914984153125,0.035649985593749996,0.0,1.678,1.958294736842107,1.9582947,3.684210714283154e-08,0.0,0.0,1.678,0.0,0.12242267170447188,1
2012-07-18 22:30:00+00:00,0.0449073,0.15806283664325002,0.0466934878575,0.0,2.004,1.1688210526315808,1.1688211,0.43326693684210715,0.0,1.5,0.504,0.0,0.03983183483409901,1
2012-07-18 23:00:00+00:00,0.03631575,0.148236229851875,0.03776020895625,0.0,1.76,1.1688210526315808,1.1688211,4.7368419187066024e-08,0.0,0.0,1.76,0.0,0.13044788226965,1
2012-07-18 23:30:00+00:00,0.03770565,0.149825931451625,0.03920539222875,0.0,1.088,1.0000000000000018,1.0,0.16882105263158076,0.0,0.32076,0.7672400000000001,0.0,0.057476223823472394,1
2012-07-19 00:00:00+00:00,0.03556545,0.09787807235112501,0.03698006577375,0.0,0.851,1.587499997500002,1.5875,0.5874999999999981,1.2368421,0.0,2.0878421,0.0,0.1021769800607624,1
2012-07-19 00:30:00+00:00,0.0338127,0.09587336015675002,0.0351576001425,0.0,0.584,2.299999997500002,2.3,0.7125000024999979,1.5,0.0,2.084,0.0,0.09990004128333352,1
2012-07-19 01:00:00+00:00,0.0328164,0.09473383954100002,0.03412167231,0.0,0.404,3.0124999975000017,3.0125,0.7125000024999983,1.5,0.0,1.904,0.0,0.09018661524303202,1
2012-07-19 01:30:00+00:00,0.0342186,0.09633760929650001,0.035579644815000006,0.0,0.422,3.7249999975000017,3.725,0.7125000024999983,1.5,0.0,1.922,0.0,0.0925804425339365,1
2012-07-19 02:00:00+00:00,0.0335421,0.09556386073025,0.03487623702749999,0.0,0.497,4.437499997500002,4.4375,0.7125000024999983,1.5,0.0,1.9969999999999999,0.0,0.09542051493915461,1
2012-07-19 02:30:00+00:00,0.03338835,0.09538800878337499,0.03471637162124999,0.0,0.465,5.149999997500002,5.15,0.7125000024999988,1.5,0.0,1.965,0.0,0.09371871862966592,1
2012-07-19 03:00:00+00:00,0.032103,0.0939178865075,0.033379896825,0.0,0.441,5.862499997500002,5.8625,0.7125000024999979,1.5,0.0,1.941,0.0,0.09114730885552876,1
2012-07-19 03:30:00+00:00,0.03182625,0.093601353003125,0.03309213909375,0.0,0.604,6.574999997500003,6.575,0.7125000024999979,1.5,0.0,2.104,0.0,0.09846862335928751,1
2012-07-19 04:00:00+00:00,0.0319185,0.09370686417125001,0.0331880583375,0.0,0.855,7.287499997500003,7.2875,0.712500002499997,1.5,0.0,2.355,0.0,0.1103398325616469,1
2012-07-19 04:30:00+00:00,0.03321615,0.09519105460287501,0.03453732236625,0.0,0.906,7.999999997500003,8.0,0.712500002499997,1.5,0.0,2.406,0.0,0.11451483868725865,1
2012-07-19 05:00:00+00:00,0.0334068,0.32530911101700005,0.03473555546999999,0.0,0.891,7.531052629078951,7.5310526,0.42556589750000295,0.0,0.891,0.0,-0.0,0.0,1
2012-07-19 05:30:00+00:00,0.0367647,0.32914971753675004,0.0382270159425,0.0,0.714,7.15526315539474,7.1552632,0.4545409290789504,0.0,0.714,0.0,-0.0,0.0,1
2012-07-19 06:00:00+00:00,0.0343908,0.326434563477,0.03575869406999999,0.0,0.484,6.900526313289477,6.9005263,0.4767479553947407,0.0,0.484,0.0,-0.0,0.0,1
2012-07-19 06:30:00+00:00,0.0408852,0.333862549713,0.04251140882999999,0.0,0.484,6.645789471184214,6.6457895,0.4868677132894774,0.0,0.484,0.0,-0.0,0.0,1
2012-07-19 07:00:00+00:00,0.04289625,0.336162693178125,0.04460244834374999,0.0,1.903,5.8563157869736875,5.8563158,0.47439287118421447,0.0,1.5,0.403,0.0,0.0677367826753922,1
2012-07-19 07:30:00+00:00,0.04001805,0.332870744732625,0.04160976793874999,0.025,2.227,5.066842102763161,5.0668421,0.44204448697368726,0.0,1.5,0.702,0.0,0.11683763140115137,1
2012-07-19 08:00:00+00:00,0.0460635,0.33978524328375,0.047895675712499995,0.094,0.961,4.610526313289476,4.6105263,0.3937554027631611,0.0,0.867,0.0,-0.0,0.0,1
2012-07-19 08:30:00+00:00,0.0430254,0.33631040881350005,0.044736735284999996,0.225,0.178,4.632851313289477,4.6328513,0.335669813289476,0.047,0.0,0.0,2.7755575615628914e-17,-6.208469194995957e-19,1
2012-07-19 09:00:00+00:00,0.0413157,0.33435493516425,0.0429590319675,0.281,0.147,4.696501313289477,4.6965013,0.27535991328947684,0.134,0.0,0.0,-0.0,0.0,1
2012-07-19 09:30:00+00:00,0.04081755,0.33378517485637504,0.04244106805125,0.344,0.122,4.801951313289477,4.8019513,0.220207213289477,0.222,0.0,0.0,-0.0,0.0,1
2012-07-19 10:00:00+00:00,0.0396921,0.33249793860525007,0.0412708532775,0.4,0.103,4.943026313289477,4.9430263,0.17592231328947694,0.297,0.0,0.0,5.551115123125783e-17,-1.1454962888651776e-18,1
2012-07-19 10:30:00+00:00,0.0357684,0.32801019692100003,0.03719108811,0.431,0.097,5.1016763132894765,5.1016763,0.14555711328947663,0.334,0.0,5.551115123125783e-17,0.0,9.104111823338147e-18,1
2012-07-19 11:00:00+00:00,0.0346737,0.14635813105925,0.0360528464175,0.456,0.459,5.1016763132894765,5.1016763,1.3289476186173488e-08,0.0,0.0,0.0030000000000000027,0.0,0.00021953719658887518,1
2012-07-19 11:30:00+00:00,0.03440925,0.146055665710625,0.03577787791875,0.469,0.109,5.272676313289477,5.2726763,1.3289476186173488e-08,0.36,0.0,0.0,-0.0,0.0,1
2012-07-19 12:00:00+00:00,0.03410175,0.14570396181687498,0.03545814710625,0.481,0.14,5.434651313289477,5.4346513,1.3289477074351908e-08,0.341,0.0,5.551115123125783e-17,0.0,4.0440973297049814e-18,1
2012-07-19 12:30:00+00:00,0.03368355,0.145225644521375,0.03502331320125,0.431,0.528,5.434651313289477,5.4346513,1.3289477074351908e-08,0.0,0.0,0.09700000000000003,0.0,0.007043443759286691,1
2012-07-19 13:00:00+00:00,0.0344031,0.14604863163275,0.0357714833025,0.469,0.309,5.510651313289476,5.5106513,1.3289477074351908e-08,0.16,0.0,0.0,-0.0,0.0,1
2012-07-19 13:30:00+00:00,0.03445845,0.146111938333625,0.035829034848750003,0.369,0.416,5.510651313289476,5.5106513,1.3289476186173488e-08,0.0,0.0,0.046999999999999986,0.0,0.003433630550840187,1
2012-07-19 14:00:00+00:00,0.03415095,0.145760234439875,0.035509304036249995,0.313,0.609,5.510651313289476,5.5106513,1.3289476186173488e-08,0.0,0.0,0.296,0.0,0.021572514697101502,1
2012-07-19 14:30:00+00:00,0.03388035,0.145450735013375,0.03522794092124999,0.075,0.497,5.510651313289476,5.5106513,1.3289476186173488e-08,0.0,0.0,0.422,0.0,0.030690105087822123,1
2012-07-19 15:00:00+00:00,0.0334314,0.1449372473285,0.034761133934999994,0.069,0.253,5.510651313289476,5.5106513,1.3289476186173488e-08,0.0,0.0,0.184,0.0,0.013334226754222,1
2012-07-19 15:30:00+00:00,0.0339357,0.14551404171425,0.0352854924675,0.163,0.372,5.510651313289476,5.5106513,1.3289476186173488e-08,0.0,0.0,0.209,0.0,0.015206217359139124,1
2012-07-19 16:00:00+00:00,0.0343293,0.14596422269825002,0.0356947479075,0.163,0.909,5.510651313289476,5.5106513,1.3289476186173488e-08,0.0,0.0,0.746,0.0,0.05444465506644726,1
2012-07-19 16:30:00+00:00,0.03479055,0.146491778538875,0.03617434412625,0.063,0.203,5.510651313289476,5.5106513,1.3289476186173488e-08,0.0,0.0,0.14,0.0,0.01025442449772125,1
2012-07-19 17:00:00+00:00,0.03363435,0.145169371898375,0.03497215627125,0.0,0.378,5.510651313289476,5.5106513,1.3289476186173488e-08,0.0,0.0,0.378,0.0,0.027437011288792876,1
2012-07-19 17:30:00+00:00,0.0381669,0.15035348729225,0.03968498844749999,0.0,0.274,5.366440786973687,5.3664408,0.3820818132894761,0.0,0.274,0.0,-0.0,0.0,1
2012-07-19 18:00:00+00:00,0.0493845,0.16318364533625,0.05134876848749999,0.0,0.264,5.227493418552634,5.2274934,0.421346186973687,0.0,0.264,0.0,-0.0,0.0,1
2012-07-19 18:30:00+00:00,0.04718895,0.160672479534875,0.04906589048624999,0.0,0.245,5.098546050131581,5.0985461,0.4502125185526342,0.0,0.245,0.0,-0.0,0.0,1
2012-07-19 19:00:00+00:00,0.04605735,0.159378209205875,0.04788928109624999,0.0,0.805,4.674861839605265,4.6748618,0.46636935013158176,0.0,0.805,0.0,-0.0,0.0,1
2012-07-19 19:30:00+00:00,0.0390525,0.15136639450625,0.04060581318749999,0.0,0.571,4.374335523815792,4.3743355,0.46757973960526567,0.0,0.571,0.0,-0.0,0.0,1
2012-07-19 20:00:00+00:00,0.0391509,0.15147893975225,0.0407081270475,0.0,0.716,3.997493418552634,3.9974934,0.46116972381579213,0.0,0.716,0.0,-0.0,0.0,1
2012-07-19 20:30:00+00:00,0.0434436,0.156388726109,0.04517156919,0.0,0.707,3.625388155394739,3.6253882,0.45068331855263377,0.0,0.707,0.0,-0.0,0.0,1
2012-07-19 21:00:00+00:00,0.0420783,0.15482716082075,0.0437519643825,0.0,0.565,3.3280197343421074,3.3280197,0.4395218553947391,0.0,0.565,0.0,-0.0,0.0,1
2012-07-19 21:30:00+00:00,0.0376134,0.1497204202835,0.039109472985,0.0,0.522,3.0532828922368442,3.0532829,0.43040603434210745,0.0,0.522,0.0,-0.0,0.0,1
2012-07-19 22:00:00+00:00,0.03324075,0.14471919091437502,0.03456290083124999,0.0,0.665,2.703282892236844,2.7032829,0.42698109223684444,0.0,0.665,0.0,-0.0,0.0,1
2012-07-19 22:30:00+00:00,0.03814845,0.150332385058625,0.03966580459875,0.0,0.948,2.2043355238157916,2.2043355,0.42923219223684406,0.0,0.948,0.0,-0.0,0.0,1
2012-07-19 23:00:00+00:00,0.0348459,0.14655508523975,0.0362318956725,0.0,0.876,1.7432828922368442,1.7432829,0.4349566238157916,0.0,0.876,0.0,-0.0,0.0,1
2012-07-19 23:30:00+00:00,0.03560235,0.147420276818375,0.037018433471249994,0.0,0.906,1.2664407869736862,1.2664408,0.43952459223684426,0.0,0.906,0.0,-0.0,0.0,1
2012-07-20 00:00:00+00:00,0.0339357,0.09601404171425001,0.0352854924675,0.0,0.82,1.9789407869736861,1.9789408,0.7125000130263137,1.5,0.0,2.32,0.0,0.11137628838853,1
2012-07-20 00:30:00+00:00,0.03405255,0.09614768919387501,0.03540699017625,0.0,0.599,2.6914407869736863,2.6914408,0.7125000130263139,1.5,0.0,2.099,0.0,0.10090699980897183,1
2012-07-20 01:00:00+00:00,0.03422475,0.096344643374375,0.035586039431249994,0.0,0.466,3.012499998723686,3.0125,0.3210592130263139,0.67591413,0.0,1.14191413,0.0,0.05500865480950484,1
2012-07-20 01:30:00+00:00,0.034194,0.09630947298500002,0.03555406635,0.0,0.56,3.724999998723686,3.725,0.7125000012763141,1.5,0.0,2.06,0.0,0.09919875717455003,1
2012-07-20 02:00:00+00:00,0.03325305,0.09523325907012499,0.03457569006375,0.0,0.522,4.437499998723686,4.4375,0.7125000012763141,1.5,0.0,2.0220000000000002,0.0,0.09628082491989638,1
2012-07-20 02:30:00+00:00,0.0319431,0.09373500048275,0.0332136368025,0.0,0.485,5.149999998723686,5.15,0.7125000012763145,1.5,0.0,1.9849999999999999,0.0,0.09303198797912937,1
2012-07-20 03:00:00+00:00,0.03204765,0.093854579806625,0.03332234527874999,0.0,0.459,5.8624999987236865,5.8625,0.7125000012763136,1.5,0.0,1.959,0.0,0.09193056092058918,1
2012-07-20 03:30:00+00:00,0.0312543,0.09294718376075,0.0324974397825,0.0,0.635,6.574999998723687,6.575,0.7125000012763136,1.5,0.0,2.135,0.0,0.09922111866460061,1
2012-07-20 04:00:00+00:00,0.03138345,0.093094899396125,0.03263172672375,0.0,0.878,7.287499998723687,7.2875,0.7125000012763127,1.5,0.0,2.378,0.0,0.11068983538199263,1
2012-07-20 04:30:00+00:00,0.0323367,0.09418518146675,0.0336228922425,0.0,0.961,7.999999998723688,8.0,0.7125000012763127,1.5,0.0,2.461,0.0,0.11589486579483588,1
2012-07-20 05:00:00+00:00,0.03283485,0.32465494177462506,0.034140856158749996,0.0,0.889,7.532105261881583,7.5321053,0.4345415987236878,0.0,0.889,0.0,-0.0,0.0,1
2012-07-20 05:30:00+00:00,0.03225675,0.323993738454375,0.03353976223125,0.0,0.821,7.099999998723688,7.1,0.46474776188158273,0.0,0.821,0.0,-0.0,0.0,1
2012-07-20 06:00:00+00:00,0.0346983,0.32678626737075006,0.0360784248825,0.0,0.478,6.848421051355267,6.8484211,0.48820339872368823,0.0,0.478,0.0,-0.0,0.0,1
2012-07-20 06:30:00+00:00,0.0381423,0.33072535098075007,0.03965940998249999,0.0,1.237,6.1973684197763195,6.1973684,0.49958605135526657,0.0,1.237,0.0,-0.0,0.0,1
2012-07-20 07:00:00+00:00,0.04455675,0.33806189420437505,0.046328994731249996,0.0,2.149,5.407894735565793,5.4078947,0.4884067197763198,0.0,1.5,0.649,0.0,0.1097010846693197,1
2012-07-20 07:30:00+00:00,0.0421029,0.33525529713225005,0.043777542847499996,0.019,2.033,4.618421051355266,4.6184211,0.45737483556579317,0.0,1.5,0.5139999999999998,0.0,0.08616061136298823,1
2012-07-20 08:00:00+00:00,0.0507375,0.34513114246875,0.05275558406249999,0.125,0.685,4.323684209250003,4.3236842,0.410416551355266,0.0,0.56,0.0,-0.0,0.0,1
2012-07-20 08:30:00+00:00,0.04978425,0.3440408603981251,0.05176441854375,0.213,0.097,4.378784209250004,4.3787842,0.35366950925000307,0.116,0.0,2.7755575615628914e-17,0.0,4.774526057823096e-18,1
2012-07-20 09:00:00+00:00,0.0410697,0.33407357204925,0.0427032473175,0.288,0.078,4.478534209250004,4.4785342,0.2946984092500031,0.21,0.0,0.0,-0.0,0.0,1
2012-07-20 09:30:00+00:00,0.0396429,0.33244166598225006,0.041219696347499994,0.35,0.078,4.607734209250004,4.6077342,0.24087660925000343,0.272,0.0,5.551115123125783e-17,0.0,9.227109797955992e-18,1
2012-07-20 10:00:00+00:00,0.03971055,0.33251904083887507,0.04129003712625,0.394,0.078,4.757834209250004,4.7578342,0.19790720925000382,0.316,0.0,0.0,-0.0,0.0,1
2012-07-20 10:30:00+00:00,0.03832065,0.330929339239125,0.039844853853749994,0.431,0.09,4.919809209250004,4.9198092,0.16883540925000418,0.341,0.0,5.551115123125783e-17,0.0,9.185134298681646e-18,1
2012-07-20 11:00:00+00:00,0.03707835,0.149108455508375,0.03855314137125,0.444,0.184,5.043309209250004,5.0433092,9.250003429883691e-09,0.26,0.0,0.0,-0.0,0.0,1
2012-07-20 11:30:00+00:00,0.0348582,0.1465691533955,0.036244684905,0.475,0.153,5.1962592092500035,5.1962592,9.250003429883691e-09,0.322,0.0,0.0,-0.0,0.0,1
2012-07-20 12:00:00+00:00,0.03449535,0.146154142800875,0.03586740254625,0.431,0.134,5.337334209250003,5.3373342,9.250003429883691e-09,0.297,0.0,0.0,-0.0,0.0,1
2012-07-20 12:30:00+00:00,0.03444615,0.146097870177875,0.03581624561625,0.475,0.44,5.353959209250004,5.3539592,9.250003429883691e-09,0.035,0.0,0.0,-0.0,0.0,1
2012-07-20 13:00:00+00:00,0.03376965,0.145324121611625,0.03511283782875,0.456,0.39,5.3853092092500034,5.3853092,9.250003429883691e-09,0.066,0.0,0.0,-0.0,0.0,1
2012-07-20 13:30:00+00:00,0.03413865,0.145746166284125,0.03549651480375,0.356,0.14,5.487909209250003,5.4879092,9.250003429883691e-09,0.216,0.0,0.0,-0.0,0.0,1
2012-07-20 14:00:00+00:00,0.03326535,0.144747327225875,0.034588479296249995,0.263,0.165,5.534459209250003,5.5344592,9.250003429883691e-09,0.098,0.0,0.0,-0.0,0.0,1
2012-07-20 14:30:00+00:00,0.0337758,0.1453311556895,0.035119232445,0.206,0.122,5.574359209250003,5.5743592,9.250003429883691e-09,0.084,0.0,2.7755575615628914e-17,0.0,2.0168749405233278e-18,1
2012-07-20 15:00:00+00:00,0.0338373,0.14540149646824999,0.0351831786075,0.306,0.14,5.6532092092500035,5.6532092,9.250003429883691e-09,0.166,0.0,5.551115123125783e-17,0.0,4.035702229850113e-18,1
2012-07-20 15:30:00+00:00,0.03375735,0.145310053455875,0.03510004859625,0.15,0.09,5.681709209250004,5.6817092,9.250003429883691e-09,0.06,0.0,0.0,-0.0,0.0,1
2012-07-20 16:00:00+00:00,0.0343416,0.14597829085400002,0.035707537139999995,0.031,0.059,5.681709209250004,5.6817092,9.250003429883691e-09,0.0,0.0,0.027999999999999997,0.0,0.002043696071956,1
2012-07-20 16:30:00+00:00,0.0360144,0.14789156003599999,0.03744687275999999,0.0,0.078,5.681709209250004,5.6817092,9.250003429883691e-09,0.0,0.0,0.078,0.0,0.005767770841404,1
2012-07-20 17:00:00+00:00,0.0369615,0.14897480802875,0.038431643662499994,0.0,0.04,5.681709209250004,5.6817092,9.250003429883691e-09,0.0,0.0,0.04,0.0,0.002979496160575,1
2012-07-20 17:30:00+00:00,0.0392739,0.15161962130974999,0.0408360193725,0.0,0.065,5.681709209250004,5.6817092,9.250003429883691e-09,0.0,0.0,0.065,0.0,0.004927637692566875,1
2012-07-20 18:00:00+00:00,0.04533165,0.158548188016625,0.047134716378750004,0.0,0.065,5.647498682934214,5.6474987,0.4591905092500035,0.0,0.065,0.0,-0.0,0.0,1
2012-07-20 18:30:00+00:00,0.0476994,0.16125630799850002,0.049596643635,0.0,0.028,5.632761840828951,5.6327618,0.48863768293421384,0.0,0.028,0.0,-0.0,0.0,1
2012-07-20 19:00:00+00:00,0.0468384,0.160271537096,0.048701397359999996,0.0,0.065,5.598551314513161,5.5985513,0.505324140828951,0.0,0.065,0.0,-0.0,0.0,1
2012-07-20 19:30:00+00:00,0.0394215,0.15178843917874998,0.040989490162499996,0.0,0.046,5.574340788197372,5.5743408,0.5070180145131609,0.0,0.046,0.0,-0.0,0.0,1
2012-07-20 20:00:00+00:00,0.0399996,0.152449642499,0.04159058409,0.0,0.046,5.550130261881582,5.5501303,0.5010281881973713,0.0,0.046,0.0,-0.0,0.0,1
2012-07-20 20:30:00+00:00,0.0476256,0.161171899064,0.049519908239999993,0.0,0.065,5.5159197355657925,5.5159197,0.4908968618815823,0.0,0.065,0.0,-0.0,0.0,1
2012-07-20 21:00:00+00:00,0.05068215,0.164667835767875,0.05269803251625,0.0,0.022,5.504340788197371,5.5043408,0.4800260355657926,0.0,0.022,0.0,-0.0,0.0,1
2012-07-20 21:30:00+00:00,0.04137105,0.154018241865125,0.04301658351375,0.0,0.053,5.476446051355266,5.4764461,0.4711368881973712,0.0,0.053,0.0,-0.0,0.0,1
2012-07-20 22:00:00+00:00,0.03951375,0.151893950346875,0.041085409406249995,0.0,0.211,5.365393419776319,5.3653934,0.4678685513552656,0.0,0.211,0.0,-0.0,0.0,1
2012-07-20 22:30:00+00:00,0.05103885,0.165075812284625,0.05306892025874999,0.0,0.42,5.144340788197371,5.1443408,0.4702052197763189,0.0,0.42,0.0,-0.0,0.0,1
2012-07-20 23:00:00+00:00,0.0418323,0.15454579770575003,0.0434961797325,0.0,0.459,4.90276184082895,4.9027618,0.47594468819737124,0.0,0.459,0.0,-0.0,0.0,1
2012-07-20 23:30:00+00:00,0.0454485,0.15868183549625,0.0472562140875,0.0,0.432,4.675393419776319,4.6753934,0.48046144082895026,0.0,0.432,0.0,-0.0,0.0,1
2012-07-21 00:00:00+00:00,0.04404015,0.10757103166287499,0.045791846966249994,0.0,0.435,4.675393419776319,4.6753934,1.977631924887646e-08,0.0,0.0,0.435,0.0,0.02339669938667531,1
2012-07-21 00:30:00+00:00,0.04097745,0.10406806088112501,0.04260732807374999,0.0,0.197,4.675393419776319,4.6753934,1.977631924887646e-08,0.0,0.0,0.197,0.0,0.010250703996790815,1
2012-07-21 01:00:00+00:00,0.03978435,0.102703449773375,0.041366772521250005,0.0,0.028,4.675393419776319,4.6753934,1.977631924887646e-08,0.0,0.0,0.028,0.0,0.00143784829682725,1
2012-07-21 01:30:00+00:00,0.0404793,0.10349830057325,0.042089364157499996,0.0,0.054,4.675393419776319,4.6753934,1.977631924887646e-08,0.0,0.0,0.054,0.0,0.0027944541154777502,1
2012-07-21 02:00:00+00:00,0.03814845,0.10083238505862502,0.03966580459875,0.0,0.059,4.675393419776319,4.6753934,1.977631924887646e-08,0.0,0.0,0.059,0.0,0.0029745553592294377,1
2012-07-21 02:30:00+00:00,0.03590985,0.098271980712125,0.037338164283749996,0.0,0.016,5.150000001026319,5.15,0.4746065802236812,0.99917175,0.0,1.01517175,0.0,0.04988146931774709,1
2012-07-21 03:00:00+00:00,0.0346122,0.09678779028050001,0.035988900255,0.0,0.059,5.862500001026319,5.8625,0.7124999989736809,1.5,0.0,1.559,0.0,0.07544608252364976,1
2012-07-21 03:30:00+00:00,0.0339603,0.09604217802575002,0.0353110709325,0.0,0.202,6.57500000102632,6.575,0.7124999989736809,1.5,0.0,1.702,0.0,0.08173189349991326,1
2012-07-21 04:00:00+00:00,0.0331977,0.09516995236925002,0.0345181385175,0.0,0.431,7.28750000102632,7.2875,0.71249999897368,1.5,0.0,1.931,0.0,0.0918865890125109,1
2012-07-21 04:30:00+00:00,0.03337605,0.09537394062762501,0.034703582388749994,0.0,0.471,8.0,8.0,0.71249999897368,1.5,0.0,1.971,0.0,0.09399101848852445,1
2012-07-21 05:00:00+00:00,0.03379425,0.32575225792312507,0.03513841629375,0.0,0.439,7.768947368421053,7.7689474,0.4706016000000002,0.0,0.439,0.0,-0.0,0.0,1
2012-07-21 05:30:00+00:00,0.0343416,0.326378290854,0.035707537139999995,0.0,0.314,7.603684210526316,7.6036842,0.5000016684210529,0.0,0.314,0.0,-0.0,0.0,1
2012-07-21 06:00:00+00:00,0.0339849,0.32597031433725,0.035336649397499996,0.0,0.059,7.572631578947369,7.5726316,0.5225985105263158,0.0,0.059,0.0,-0.0,0.0,1
2012-07-21 06:30:00+00:00,0.03434775,0.326385324931875,0.035713931756250004,0.0,0.028,7.557894736842106,7.5578947,0.533071978947369,0.0,0.028,0.0,-0.0,0.0,1
2012-07-21 07:00:00+00:00,0.0346737,0.32675813105925006,0.0360528464175,0.0,0.054,7.529473684210527,7.5294737,0.5209576368421054,0.0,0.054,0.0,-0.0,0.0,1
2012-07-21 07:30:00+00:00,0.03615585,0.32845334382712504,0.03759394893375,0.0,0.059,7.4984210526315795,7.4984211,0.48895888421052636,0.0,0.059,0.0,-0.0,0.0,1
2012-07-21 08:00:00+00:00,0.03556545,0.32777807235112505,0.03698006577375,0.0,0.028,7.483684210526317,7.4836842,0.44100165263157987,0.0,0.028,0.0,-0.0,0.0,1
2012-07-21 08:30:00+00:00,0.0397659,0.33258234753975,0.0413475886725,0.019,0.053,7.465789473684211,7.4657895,0.3832231105263162,0.0,0.034,0.0,-0.0,0.0,1
2012-07-21 09:00:00+00:00,0.0436527,0.33702788475675,0.0453889861425,0.056,0.047,7.470064473684211,7.4700645,0.3231871736842109,0.009,0.0,0.0,-0.0,0.0,1
2012-07-21 09:30:00+00:00,0.04400325,0.33742882719562506,0.045753479268749994,0.056,0.028,7.483364473684211,7.4833645,0.2682654736842105,0.028,0.0,0.0,-0.0,0.0,1
2012-07-21 10:00:00+00:00,0.04229355,0.33547335354637503,0.04397577595125,0.063,0.053,7.4881144736842105,7.4881145,0.2241600736842111,0.01,0.0,0.0,-0.0,0.0,1
2012-07-21 10:30:00+00:00,0.0402333,0.33311693745825005,0.041833579507499996,0.069,0.034,7.504739473684211,7.5047395,0.19391637368421044,0.035,0.0,0.0,-0.0,0.0,1
2012-07-21 11:00:00+00:00,0.0390771,0.15139453081775,0.040631391652499994,0.1,0.04,7.533239473684211,7.5332395,0.1776436736842104,0.06,0.0,0.0,-0.0,0.0,1
2012-07-21 11:30:00+00:00,0.03629115,0.14820809354037498,0.03773463049125,0.088,0.053,7.549864473684211,7.5498645,2.6315788659303507e-08,0.035,0.0,0.0,-0.0,0.0,1
2012-07-21 12:00:00+00:00,0.03830835,0.15051527108337498,0.03983206462124999,0.15,0.023,7.610189473684211,7.6101895,2.6315788659303507e-08,0.127,0.0,0.0,-0.0,0.0,1
2012-07-21 12:30:00+00:00,0.0378471,0.14998771524274998,0.03935246840249999,0.35,0.053,7.751264473684211,7.7512645,2.6315788659303507e-08,0.297,0.0,0.0,-0.0,0.0,1
2012-07-21 13:00:00+00:00,0.0346614,0.14634406290350002,0.036040057185,0.469,0.053,7.9488644736842105,7.9488645,2.6315788659303507e-08,0.416,0.0,0.0,-0.0,0.0,1
2012-07-21 13:30:00+00:00,0.0348951,0.14661135786274998,0.0362830526025,0.425,0.022,8.0,8.0,2.6315789547481927e-08,0.10765374,0.0,0.0,0.29534625999999997,-0.00535803194376582,1
2012-07-21 14:00:00+00:00,0.0346737,0.14635813105925,0.0360528464175,0.281,0.059,8.0,8.0,0.0,0.0,0.0,0.0,0.22200000000000003,-0.0040018659523425,1
2012-07-21 14:30:00+00:00,0.0344154,0.1460626997885,0.035784272534999995,0.1,0.04,8.0,8.0,0.0,0.0,0.0,0.0,0.060000000000000005,-0.00107352817605,1
2012-07-21 15:00:00+00:00,0.03444615,0.146097870177875,0.03581624561625,0.094,0.034,8.0,8.0,0.0,0.0,0.0,0.0,0.06,-0.0010744873684875,1
2012-07-21 15:30:00+00:00,0.0347352,0.146428471838,0.03611679258,0.213,0.06,8.0,8.0,0.0,0.0,0.0,0.0,0.153,-0.00276293463237,1
2012-07-21 16:00:00+00:00,0.0377733,0.14990330630825,0.0392757330075,0.163,0.028,8.0,8.0,0.06852750000000007,0.0,0.0,0.0,0.135,-0.00265111197800625,1
2012-07-21 16:30:00+00:00,0.0390279,0.15133825819475002,0.0405802347225,0.006,0.053,7.975263157894737,7.9752632,0.3355632000000002,0.0,0.047,0.0,-0.0,0.0,1
2012-07-21 17:00:00+00:00,0.0407868,0.15335000446699998,0.04240909496999999,0.0,0.059,7.94421052631579,7.9442105,0.38122865789473703,0.0,0.059,0.0,-0.0,0.0,1
2012-07-21 17:30:00+00:00,0.0440955,0.15713433836375,0.04584939851249999,0.0,0.028,7.929473684210527,7.9294737,0.42598022631579013,0.0,0.028,0.0,-0.0,0.0,1
2012-07-21 18:00:00+00:00,0.05033775,0.164273927406875,0.05233993400625,0.0,0.065,7.895263157894737,7.8952632,0.46459818421052734,0.0,0.065,0.0,-0.0,0.0,1
2012-07-21 18:30:00+00:00,0.0507006,0.1646889380015,0.05271721636499999,0.0,0.053,7.867368421052632,7.8673684,0.4928001578947372,0.0,0.053,0.0,-0.0,0.0,1
2012-07-21 19:00:00+00:00,0.0454977,0.15873810811925002,0.0473073710175,0.0,0.034,7.849473684210526,7.8494737,0.5082772210526318,0.0,0.034,0.0,-0.0,0.0,1
2012-07-21 19:30:00+00:00,0.0404178,0.1529279597945,0.042025417994999995,0.0,0.059,7.818421052631579,7.8184211,0.5088064842105258,0.0,0.059,0.0,-0.0,0.0,1
2012-07-21 20:00:00+00:00,0.0397044,0.152112006761,0.041283642509999996,0.0,0.04,7.7973684210526315,7.7973684,0.5016837526315792,0.0,0.04,0.0,-0.0,0.0,1
2012-07-21 20:30:00+00:00,0.03958755,0.15197835928137501,0.041162144801249995,0.0,0.047,7.772631578947369,7.7726316,0.4904532210526318,0.0,0.047,0.0,-0.0,0.0,1
2012-07-21 21:00:00+00:00,0.0396183,0.15201352967075002,0.0411941178825,0.0,0.059,7.741578947368422,7.7415789,0.47852057894736877,0.0,0.059,0.0,-0.0,0.0,1
2012-07-21 21:30:00+00:00,0.04233045,0.15511555801362498,0.04401414364875,0.0,0.022,7.73,7.73,0.46861074736842134,0.0,0.022,0.0,-0.0,0.0,1
2012-07-21 22:00:00+00:00,0.0389541,0.15125384926024998,0.04050349932749999,0.0,0.202,7.623684210526316,7.6236842,0.4643593000000008,0.0,0.202,0.0,-0.0,0.0,1
2012-07-21 22:30:00+00:00,0.0410451,0.15364543573775,0.042677668852499996,0.0,0.443,7.390526315789474,7.3905263,0.4657518105263163,0.0,0.443,0.0,-0.0,0.0,1
2012-07-21 23:00:00+00:00,0.0407622,0.1533218681555,0.042383516504999996,0.0,0.431,7.163684210526316,7.1636842,0.47058861578947386,0.0,0.431,0.0,-0.0,0.0,1
2012-07-21 23:30:00+00:00,0.04180155,0.15451062731637502,0.043464206651250004,0.0,0.448,6.927894736842106,6.9278947,0.474250210526316,0.0,0.448,0.0,-0.0,0.0,1
2012-07-22 00:00:00+00:00,0.04090365,0.10398365194662501,0.04253059267874999,0.0,0.438,6.927894736842106,6.9278947,3.68421053664747e-08,0.0,0.0,0.438,0.0,0.02277241977631088,1
2012-07-22 00:30:00+00:00,0.0393231,0.10217589393275002,0.0408871763025,0.0,0.18,6.927894736842106,6.9278947,3.68421053664747e-08,0.0,0.0,0.18,0.0,0.009195830453947501,1
2012-07-22 01:00:00+00:00,0.03894795,0.10174681518237501,0.04049710471125,0.0,0.053,6.927894736842106,6.9278947,3.68421053664747e-08,0.0,0.0,0.053,0.0,0.0026962906023329375,1
2012-07-22 01:30:00+00:00,0.0395076,0.10238691626900001,0.04107901479,0.0,0.028,6.927894736842106,6.9278947,3.68421053664747e-08,0.0,0.0,0.028,0.0,0.0014334168277660001,1
2012-07-22 02:00:00+00:00,0.0382653,0.10096603253825003,0.0397873023075,0.0,0.054,6.927894736842106,6.9278947,3.68421053664747e-08,0.0,0.0,0.054,0.0,0.002726082878532751,1
2012-07-22 02:30:00+00:00,0.0359898,0.09836342372450002,0.037421294295000004,0.0,0.053,6.927894736842106,6.9278947,3.68421053664747e-08,0.0,0.0,0.053,0.0,0.0026066307286992507,1
2012-07-22 03:00:00+00:00,0.03567,0.097997651675,0.03708877425,0.0,0.022,6.927894736842106,6.9278947,3.68421053664747e-08,0.0,0.0,0.022,0.0,0.001077974168425,1
2012-07-22 03:30:00+00:00,0.0342432,0.09636574560800001,0.035605223279999994,0.0,0.204,7.640394736842106,7.6403947,0.7124999631578941,1.5,0.0,1.704,0.0,0.08210361525801602,1
2012-07-22 04:00:00+00:00,0.0342432,0.09636574560800001,0.035605223279999994,0.0,0.443,7.999999999092106,8.0,0.3596052631578939,0.75706371,0.0,1.20006371,0.0,0.05782251709562635,1
2012-07-22 04:30:00+00:00,0.03444615,0.09659787017787502,0.03581624561625,0.0,0.443,7.999999999092106,8.0,9.078942042606286e-10,0.0,0.0,0.443,0.0,0.02139642824439932,1
2012-07-22 05:00:00+00:00,0.03444615,0.32649787017787507,0.03581624561625,0.0,0.456,7.759999999092106,7.76,0.4582873990921055,0.0,0.456,0.0,-0.0,0.0,1
2012-07-22 05:30:00+00:00,0.0343416,0.326378290854,0.035707537139999995,0.0,0.3,7.60210526225,7.6021053,0.48744169909210555,0.0,0.3,0.0,-0.0,0.0,1
2012-07-22 06:00:00+00:00,0.0340464,0.326040655116,0.03540059556,0.0,0.046,7.577894735934211,7.5778947,0.5098432622500004,0.0,0.046,0.0,-0.0,0.0,1
2012-07-22 06:30:00+00:00,0.0345876,0.32665965396900004,0.03596332179,0.0,0.059,7.546842104355264,7.5468421,0.5201713359342106,0.0,0.059,0.0,-0.0,0.0,1
2012-07-22 07:00:00+00:00,0.0345753,0.32664558581325004,0.0359505325575,0.0,0.022,7.535263156986843,7.5352632,0.5079823043552638,0.0,0.022,0.0,-0.0,0.0,1
2012-07-22 07:30:00+00:00,0.0342555,0.32627981376375004,0.035618012512500005,0.0,0.059,7.5042105254078955,7.5042105,0.475970356986843,0.0,0.059,0.0,-0.0,0.0,1
2012-07-22 08:00:00+00:00,0.03447075,0.3265260064893751,0.03584182408125,0.013,0.047,7.48631578856579,7.4863158,0.4280567254078953,0.0,0.034,0.0,-0.0,0.0,1
2012-07-22 08:30:00+00:00,0.0387081,0.33137248614525,0.0402477146775,0.038,0.028,7.491065788565789,7.4910658,0.37037458856578986,0.01,0.0,0.0,-0.0,0.0,1
2012-07-22 09:00:00+00:00,0.0407622,0.33372186815550003,0.042383516504999996,0.088,0.053,7.50769078856579,7.5076908,0.3104816885657895,0.035,0.0,0.0,-0.0,0.0,1
2012-07-22 09:30:00+00:00,0.04335135,0.33668321494087505,0.04507564994625,0.175,0.034,7.57466578856579,7.5746658,0.25574398856578995,0.141,0.0,0.0,-0.0,0.0,1
2012-07-22 10:00:00+00:00,0.0427548,0.33600090938700006,0.04445537217,0.156,0.034,7.63261578856579,7.6326158,0.21185758856579007,0.122,0.0,0.0,-0.0,0.0,1
2012-07-22 10:30:00+00:00,0.042189,0.33535377422250007,0.043867067475,0.144,0.053,7.6758407885657896,7.6758408,0.18186248856579024,0.091,0.0,0.0,-0.0,0.0,1
2012-07-22 11:00:00+00:00,0.03940305,0.151767336945125,0.040970306313749996,0.156,0.028,7.73664078856579,7.7366408,0.16586408856578938,0.128,0.0,0.0,-0.0,0.0,1
2012-07-22 11:30:00+00:00,0.0390525,0.15136639450625,0.04060581318749999,0.25,0.047,7.83306578856579,7.8330658,0.16148888856579013,0.203,0.0,0.0,-0.0,0.0,1
2012-07-22 12:00:00+00:00,0.03795165,0.15010729456662503,0.039461176878750004,0.119,0.053,7.86441578856579,7.8644158,0.16491288856579,0.066,0.0,0.0,-0.0,0.0,1
2012-07-22 12:30:00+00:00,0.03741045,0.14948829571362499,0.03889845064874999,0.244,0.022,7.96986578856579,7.9698658,0.17215618856578985,0.222,0.0,0.0,-0.0,0.0,1
2012-07-22 13:00:00+00:00,0.0355224,0.147328833806,0.03693530346,0.125,0.053,7.99999999994079,8.0,1.14342100232534e-08,0.063440445,0.0,0.0,0.008559554999999996,-0.00015807488070378008,1
2012-07-22 13:30:00+00:00,0.0343416,0.14597829085400002,0.035707537139999995,0.169,0.04,7.99999999994079,8.0,5.921041434930885e-11,0.0,0.0,0.0,0.129,-0.00230313614553,1
2012-07-22 14:00:00+00:00,0.03444615,0.146097870177875,0.03581624561625,0.156,0.034,7.99999999994079,8.0,5.921041434930885e-11,0.0,0.0,0.0,0.122,-0.00218479098259125,1
2012-07-22 14:30:00+00:00,0.0342432,0.145865745608,0.035605223279999994,0.094,0.053,7.99999999994079,8.0,5.921041434930885e-11,0.0,0.0,0.0,0.041,-0.0007299070772399999,1
2012-07-22 15:00:00+00:00,0.0344646,0.1461189724115,0.03583542946499999,0.081,0.028,7.99999999994079,8.0,5.921041434930885e-11,0.0,0.0,0.0,0.053000000000000005,-0.0009496388808224998,1
2012-07-22 15:30:00+00:00,0.03463065,0.146308892514125,0.03600808410375,0.075,0.047,7.99999999994079,8.0,5.921041434930885e-11,0.0,0.0,0.0,0.027999999999999997,-0.0005041131774524999,1
2012-07-22 16:00:00+00:00,0.03618045,0.14808148013862502,0.03761952739875,0.006,0.053,7.975263157835527,7.9752632,0.2858053999407897,0.0,0.047,0.0,-0.0,0.0,1
2012-07-22 16:30:00+00:00,0.03727515,0.149333546000375,0.03875776909125,0.006,0.022,7.9668421052039475,7.9668421,0.327893357835527,0.0,0.016,0.0,-0.0,0.0,1
2012-07-22 17:00:00+00:00,0.04019025,0.152667698913125,0.041788817193749994,0.0,0.059,7.935789473625,7.9357895,0.37399050520394717,0.0,0.059,0.0,-0.0,0.0,1
2012-07-22 17:30:00+00:00,0.04504875,0.158224620434375,0.04684056403125,0.0,0.053,7.907894736782895,7.9078947,0.41918037362500016,0.0,0.053,0.0,-0.0,0.0,1
2012-07-22 18:00:00+00:00,0.0552147,0.16985195116175,0.057410864692499994,0.0,0.034,7.889999999940789,7.89,0.4582428367828948,0.0,0.034,0.0,-0.0,0.0,1
2012-07-22 18:30:00+00:00,0.059532,0.17478987383,0.0618998853,0.0,0.053,7.862105263098684,7.8621053,0.48689489994078894,0.0,0.053,0.0,-0.0,0.0,1
2012-07-22 19:00:00+00:00,0.05362185,0.168030124992125,0.05575465908374999,0.0,0.04,7.841052631519736,7.8410526,0.5028253630986841,0.0,0.04,0.0,-0.0,0.0,1
2012-07-22 19:30:00+00:00,0.0438126,0.1568107707815,0.045555246165,0.0,0.046,7.816842105203947,7.8168421,0.5038151315197368,0.0,0.046,0.0,-0.0,0.0,1
2012-07-22 20:00:00+00:00,0.0455961,0.15885065336525,0.0474096848775,0.0,0.053,7.788947368361842,7.7889474,0.4971414052039469,0.0,0.053,0.0,-0.0,0.0,1
2012-07-22 20:30:00+00:00,0.049938,0.163816712345,0.051924283950000004,0.0,0.028,7.774210526256579,7.7742105,0.4863454683618418,0.0,0.028,0.0,-0.0,0.0,1
2012-07-22 21:00:00+00:00,0.0460389,0.15935710697225,0.04787009724749999,0.0,0.053,7.746315789414473,7.7463158,0.4748318262565787,0.0,0.053,0.0,-0.0,0.0,1
2012-07-22 21:30:00+00:00,0.0422628,0.15503818315700002,0.04394380287000001,0.0,0.053,7.718421052572368,7.7184211,0.46532438941447385,0.0,0.053,0.0,-0.0,0.0,1
2012-07-22 22:00:00+00:00,0.03838215,0.150599680017875,0.03990880001624999,0.0,0.173,7.62736842099342,7.6273684,0.4614508525723684,0.0,0.173,0.0,-0.0,0.0,1
2012-07-22 22:30:00+00:00,0.03865275,0.15090917944437499,0.04019016313125,0.0,0.444,7.393684210467105,7.3936842,0.46319402099342,0.0,0.444,0.0,-0.0,0.0,1
2012-07-22 23:00:00+00:00,0.0369,0.14890446725,0.038367697500000006,0.0,0.444,7.159999999940789,7.16,0.46835261046710475,0.0,0.444,0.0,-0.0,0.0,1
2012-07-22 23:30:00+00:00,0.03555315,0.147364004195375,0.03696727654124999,0.0,0.433,6.932105263098683,6.9321053,0.472309399940789,0.0,0.433,0.0,-0.0,0.0,1
2012-07-23 00:00:00+00:00,0.0345015,0.09666117687874999,0.03587379716249999,0.0,0.453,6.932105263098683,6.9321053,3.6901316669002426e-08,0.0,0.0,0.453,0.0,0.021893756563036874,1
2012-07-23 00:30:00+00:00,0.0342432,0.09636574560800001,0.035605223279999994,0.0,0.165,6.932105263098683,6.9321053,3.6901316669002426e-08,0.0,0.0,0.165,0.0,0.007950174012660002,1
2012-07-23 01:00:00+00:00,0.0338988,0.095971837247,0.03524712477,0.0,0.04,6.932105263098683,6.9321053,3.6901316669002426e-08,0.0,0.0,0.04,0.0,0.00191943674494,1
2012-07-23 01:30:00+00:00,0.0353748,0.09766001593700001,0.03678183266999999,0.0,0.06,6.932105263098683,6.9321053,3.6901316669002426e-08,0.0,0.0,0.06,0.0,0.00292980047811,1
2012-07-23 02:00:00+00:00,0.03406485,0.09616175734962502,0.03541977940875,0.0,0.022,6.932105263098683,6.9321053,3.6901316669002426e-08,0.0,0.0,0.022,0.0,0.0010577793308458752,1
2012-07-23 02:30:00+00:00,0.03413865,0.09624616628412502,0.03549651480375,0.0,0.053,6.932105263098683,6.9321053,3.6901316669002426e-08,0.0,0.0,0.053,0.0,0.002550523406529313,1
2012-07-23 03:00:00+00:00,0.0329763,0.09491672556575002,0.0342879323325,0.0,0.047,7.644605263098683,7.6446053,0.712500036901317,1.5,0.0,1.547,0.0,0.07341808722510763,1
2012-07-23 03:30:00+00:00,0.03310545,0.09506444120112499,0.03442221927375,0.0,0.171,8.0,8.0,0.3553947369013173,0.74819945,0.0,0.91919945,0.0,0.04369159103331572,1
2012-07-23 04:00:00+00:00,0.03314235,0.09510664566837501,0.03446058697125,0.0,0.457,8.0,8.0,0.0,0.0,0.0,0.457,0.0,0.02173186853522369,1
2012-07-23 04:30:00+00:00,0.0337881,0.09584522384525002,0.0351320216775,0.0,0.445,8.0,8.0,0.0,0.0,0.0,0.445,0.0,0.02132556230556813,1
2012-07-23 05:00:00+00:00,0.0341079,0.32611099589475007,0.0354645417225,0.0,0.445,7.765789473684211,7.7657895,0.4572542999999998,0.0,0.445,0.0,-0.0,0.0,1
2012-07-23 05:30:00+00:00,0.0359529,0.32822121925725,0.037382926597500005,0.0,0.317,7.598947368421053,7.5989474,0.48624587368421057,0.0,0.317,0.0,-0.0,0.0,1
2012-07-23 06:00:00+00:00,0.03689385,0.32929743317212506,0.03836130288375,0.0,0.028,7.58421052631579,7.5842105,0.5084413684210523,0.0,0.028,0.0,-0.0,0.0,1
2012-07-23 06:30:00+00:00,0.0450795,0.33865979082375003,0.046872537112499994,0.0,0.059,7.5531578947368425,7.5531579,0.5185196263157898,0.0,0.059,0.0,-0.0,0.0,1
2012-07-23 07:00:00+00:00,0.0590031,0.3545849431327501,0.0613499483025,0.0,0.053,7.525263157894737,7.5252632,0.5060591947368422,0.0,0.053,0.0,-0.0,0.0,1
2012-07-23 07:30:00+00:00,0.0505407,0.34490605197675006,0.052550956342499996,0.006,0.028,7.513684210526316,7.5136842,0.4737462578947369,0.0,0.022,0.0,-0.0,0.0,1
2012-07-23 08:00:00+00:00,0.06026385,0.356026929097125,0.06266084463374999,0.0,0.053,7.4857894736842105,7.4857895,0.42549951052631574,0.0,0.053,0.0,-0.0,0.0,1
2012-07-23 08:30:00+00:00,0.05822205,0.35369161524262505,0.060537832038749996,0.006,0.04,7.467894736842105,7.4678947,0.3674493736842104,0.0,0.034,0.0,-0.0,0.0,1
2012-07-23 09:00:00+00:00,0.05273625,0.34741721777812506,0.05483383434374999,0.044,0.034,7.4726447368421045,7.4726447,0.3071506368421053,0.01,0.0,6.938893903907228e-18,0.0,1.205345607276521e-18,1
2012-07-23 09:30:00+00:00,0.0538371,0.34867631771775004,0.055978470652499994,0.1,0.053,7.494969736842105,7.4949697,0.2519657368421049,0.047,0.0,0.0,-0.0,0.0,1
2012-07-23 10:00:00+00:00,0.04546695,0.33910293772987504,0.04727539793624999,0.075,0.022,7.520144736842105,7.5201447,0.20758763684210457,0.053,0.0,0.0,-0.0,0.0,1
2012-07-23 10:30:00+00:00,0.04547925,0.33911700588562504,0.047288187168749996,0.094,0.047,7.542469736842105,7.5424697,0.17705453684210504,0.047,0.0,0.0,-0.0,0.0,1
2012-07-23 11:00:00+00:00,0.0443661,0.15744383779025,0.046130761627499996,0.156,0.053,7.591394736842105,7.5913947,0.16047103684210562,0.103,0.0,0.0,-0.0,0.0,1
2012-07-23 11:30:00+00:00,0.04340055,0.156339487563875,0.04512680687625,0.188,0.022,7.670244736842105,7.6702447,0.15546453684210526,0.166,0.0,0.0,-0.0,0.0,1
2012-07-23 12:00:00+00:00,0.0401349,0.15260439221225,0.0417312656475,0.1,0.053,7.692569736842105,7.6925697,3.68421053664747e-08,0.047,0.0,0.0,-0.0,0.0,1
2012-07-23 12:30:00+00:00,0.03950145,0.151879882191125,0.04107262017375,0.131,0.04,7.735794736842105,7.7357947,3.68421053664747e-08,0.091,0.0,0.0,-0.0,0.0,1
2012-07-23 13:00:00+00:00,0.0377979,0.14993144261975,0.0393013114725,0.088,0.028,7.764294736842105,7.7642947,3.68421053664747e-08,0.06,0.0,0.0,-0.0,0.0,1
2012-07-23 13:30:00+00:00,0.03760725,0.149713386205625,0.039103078368749995,0.244,0.053,7.855019736842105,7.8550197,3.68421053664747e-08,0.191,0.0,0.0,-0.0,0.0,1
2012-07-23 14:00:00+00:00,0.03856665,0.150810702354125,0.040100638503749994,0.406,0.028,8.0,8.0,3.68421053664747e-08,0.30522161,0.0,0.0,0.07277839000000003,-0.0014592299541374672,1
2012-07-23 14:30:00+00:00,0.03702915,0.149052182885375,0.03850198444125,0.394,0.047,8.0,8.0,0.0,0.0,0.0,0.0,0.34700000000000003,-0.0066800943005568755,1
2012-07-23 15:00:00+00:00,0.0354486,0.1472444248715,0.03685856806499999,0.144,0.053,8.0,8.0,0.0,0.0,0.0,0.0,0.091,-0.0016770648469574996,1
2012-07-23 15:30:00+00:00,0.0343416,0.14597829085400002,0.035707537139999995,0.088,0.022,8.0,8.0,0.0,0.0,0.0,0.0,0.066,-0.00117834872562,1
2012-07-23 16:00:00+00:00,0.0371337,0.14917176220925002,0.038610692917499995,0.044,0.053,8.0,8.0,0.0,0.0,0.0,0.009000000000000001,0.0,0.0006712729299416252,1
2012-07-23 16:30:00+00:00,0.04073145,0.15328669776612502,0.04235154342375,0.006,0.053,7.975263157894737,7.9752632,0.3135911,0.0,0.047,0.0,-0.0,0.0,1
2012-07-23 17:00:00+00:00,0.05256405,0.166820263597625,0.05465478508875,0.0,0.034,7.957368421052632,7.9573684,0.3587402578947376,0.0,0.034,0.0,-0.0,0.0,1
2012-07-23 17:30:00+00:00,0.0541938,0.16868429423450002,0.05634935839499999,0.0,0.065,7.923157894736842,7.9231579,0.40297942105263207,0.0,0.065,0.0,-0.0,0.0,1
2012-07-23 18:00:00+00:00,0.15277215,0.281433528492875,0.15884866226624997,0.0,0.04,7.133684210526315,7.1336842,0.7894736947368415,0.0,1.5,0.0,1.46,-0.11595952345436247,1
2012-07-23 18:30:00+00:00,0.1793709,0.31185591530225004,0.1865053775475,0.0,0.046,6.344210526315789,6.3442105,0.7894737105263152,0.0,1.5,0.0,1.454,-0.1355894094770325,1
2012-07-23 19:00:00+00:00,0.16905735,0.30005976670587503,0.17578160609625,0.0,0.053,5.554736842105262,5.5547368,0.7894737263157889,0.0,1.5,0.0,1.447,-0.12717799201063687,1
2012-07-23 19:30:00+00:00,0.1021884,0.22357823797100002,0.10625294361,0.0,0.028,5.539999999999999,5.54,0.48388854210526233,0.0,0.028,0.0,-0.0,0.0,1
2012-07-23 20:00:00+00:00,0.0748947,0.19236100036175,0.07787363669249998,0.0,0.059,5.508947368421052,5.5089474,0.47631419999999913,0.0,0.059,0.0,-0.0,0.0,1
2012-07-23 20:30:00+00:00,0.06224415,0.17789190217287498,0.06471991106625,0.0,0.053,5.4810526315789465,5.4810526,0.4646280684210522,0.0,0.053,0.0,-0.0,0.0,1
2012-07-23 21:00:00+00:00,0.0587448,0.173889511862,0.061081374419999994,0.0,0.022,5.469473684210525,5.4694737,0.4522390315789462,0.0,0.022,0.0,-0.0,0.0,1
2012-07-23 21:30:00+00:00,0.04490115,0.158055802565375,0.04668709324125,0.0,0.059,5.438421052631578,5.4384211,0.44187558421052575,0.0,0.059,0.0,-0.0,0.0,1
2012-07-23 22:00:00+00:00,0.038499,0.1507333274975,0.040030297725,0.0,0.187,5.339999999999999,5.34,0.4371627526315782,0.0,0.187,0.0,-0.0,0.0,1
2012-07-23 22:30:00+00:00,0.05167845,0.16580735638362498,0.05373396034874999,0.0,0.423,5.117368421052631,5.1173684,0.43808569999999936,0.0,0.423,0.0,-0.0,0.0,1
2012-07-23 23:00:00+00:00,0.04092825,0.153511788258125,0.042556171143749995,0.0,0.451,4.879999999999999,4.88,0.44244692105263095,0.0,0.451,0.0,-0.0,0.0,1
2012-07-23 23:30:00+00:00,0.04037475,0.152878721249375,0.04198065568125,0.0,0.429,4.654210526315788,4.6542105,0.44563629999999943,0.0,0.429,0.0,-0.0,0.0,1
2012-07-24 00:00:00+00:00,0.03860355,0.10135290682137499,0.040139006201249994,0.0,0.447,4.654210526315788,4.6542105,2.6315788659303507e-08,0.0,0.0,0.447,0.0,0.02265237467457731,1
2012-07-24 00:30:00+00:00,0.03898485,0.10178901964962503,0.04053547240875,0.0,0.193,4.654210526315788,4.6542105,2.6315788659303507e-08,0.0,0.0,0.193,0.0,0.009822640396188815,1
2012-07-24 01:00:00+00:00,0.0371091,0.09964362589775001,0.03858511445249999,0.0,0.021,4.654210526315788,4.6542105,2.6315788659303507e-08,0.0,0.0,0.021,0.0,0.0010462580719263752,1
2012-07-24 01:30:00+00:00,0.0377241,0.10034703368525001,0.039224576077500004,0.0,0.054,4.654210526315788,4.6542105,2.6315788659303507e-08,0.0,0.0,0.054,0.0,0.0027093699095017505,1
2012-07-24 02:00:00+00:00,0.0342801,0.09640795007524999,0.03564359097749999,0.0,0.047,5.149999993815788,5.15,0.4957894736842121,1.0437673,0.0,1.0907673,0.0,0.052579319701057614,1
2012-07-24 02:30:00+00:00,0.0343908,0.09653456347700001,0.03575869406999999,0.0,0.034,5.149999993815788,5.15,6.184212253401711e-09,0.0,0.0,0.034,0.0,0.0016410875791090004,1
2012-07-24 03:00:00+00:00,0.03384345,0.09590853054612498,0.03518957322374999,0.0,0.054,5.8624999938157885,5.8625,0.7125000061842117,1.5,0.0,1.554,0.0,0.07452092823433912,1
2012-07-24 03:30:00+00:00,0.0326196,0.094508749049,0.033917044589999994,0.0,0.183,6.574999993815789,6.575,0.7125000061842117,1.5,0.0,1.683,0.0,0.0795291123247335,1
2012-07-24 04:00:00+00:00,0.0322014,0.09403043175350001,0.033482210685,0.0,0.442,7.287499993815789,7.2875,0.7125000061842108,1.5,0.0,1.942,0.0,0.09130354923264851,1
2012-07-24 04:30:00+00:00,0.0339234,0.09599997355850001,0.035272703235,0.0,0.469,7.9999999938157895,8.0,0.7125000061842108,1.5,0.0,1.9689999999999999,0.0,0.09451197396834325,1
2012-07-24 05:00:00+00:00,0.0343416,0.326378290854,0.035707537139999995,0.0,0.435,7.771052625394737,7.7710526,0.4247330938157896,0.0,0.435,0.0,-0.0,0.0,1
2012-07-24 05:30:00+00:00,0.03567,0.32789765167500007,0.03708877425,0.0,0.326,7.599473678026316,7.5994737,0.45348342539473663,0.0,0.326,0.0,-0.0,0.0,1
2012-07-24 06:00:00+00:00,0.03683235,0.32922709239337505,0.038297356721249995,0.0,0.047,7.574736835921053,7.5747368,0.4754933780263153,0.0,0.047,0.0,-0.0,0.0,1
2012-07-24 06:30:00+00:00,0.0418938,0.33501613848450007,0.043560125895,0.0,0.028,7.55999999381579,7.56,0.48544323592105254,0.0,0.028,0.0,-0.0,0.0,1
2012-07-24 07:00:00+00:00,0.0567399,0.35199640247475006,0.0589967295225,0.0,0.059,7.528947362236843,7.5289474,0.47293449381579045,0.0,0.059,0.0,-0.0,0.0,1
2012-07-24 07:30:00+00:00,0.04920615,0.34337965707787504,0.05116332461624999,0.006,0.04,7.511052625394737,7.5110526,0.44064596223684305,0.0,0.034,0.0,-0.0,0.0,1
2012-07-24 08:00:00+00:00,0.06111255,0.35699763184387506,0.06354330167625,0.038,0.034,7.512952625394737,7.5129526,0.39249372539473715,0.004,0.0,6.938893903907228e-18,0.0,1.2385843456553909e-18,1
2012-07-24 08:30:00+00:00,0.0608973,0.35675143911825,0.0633194901075,0.144,0.053,7.556177625394737,7.5561776,0.33460582539473727,0.091,0.0,0.0,-0.0,0.0,1
2012-07-24 09:00:00+00:00,0.0558297,0.35095535894925006,0.0580503263175,0.15,0.022,7.616977625394737,7.6169776,0.2745335253947365,0.128,0.0,0.0,-0.0,0.0,1
2012-07-24 09:30:00+00:00,0.05989485,0.35560488442462507,0.06227716765874999,0.113,0.047,7.648327625394737,7.6483276,0.21963472539473727,0.066,0.0,0.0,-0.0,0.0,1
2012-07-24 10:00:00+00:00,0.04843125,0.3424933632656251,0.05035760296875,0.075,0.053,7.658777625394737,7.6587776,0.1755986253947368,0.022,0.0,0.0,-0.0,0.0,1
2012-07-24 10:30:00+00:00,0.04841895,0.342479295109875,0.05034481373625,0.288,0.015,7.788452625394736,7.7884526,0.14545982539473634,0.273,0.0,5.551115123125783e-17,0.0,9.505709972209426e-18,1
2012-07-24 11:00:00+00:00,0.0448458,0.1579924958645,0.046629541695,0.256,0.053,7.884877625394736,7.8848776,0.12932072539473616,0.203,0.0,0.0,-0.0,0.0,1
2012-07-24 11:30:00+00:00,0.04341285,0.156353555719625,0.04513959610875,0.2,0.04,7.960877625394736,7.9608776,0.12480712539473604,0.16,0.0,0.0,-0.0,0.0,1
2012-07-24 12:00:00+00:00,0.0467769,0.16020119631725,0.048637451197499994,0.25,0.035,8.0,8.0,0.12809622539473597,0.082362894,0.0,0.0,0.132637106,-0.003225565385026317,1
2012-07-24 12:30:00+00:00,0.04420005,0.157253917687625,0.04595810698875,0.25,0.053,8.0,8.0,0.1352108000000003,0.0,0.0,0.0,0.197,-0.004526873538391875,1
2012-07-24 13:00:00+00:00,0.0420537,0.15479902450925,0.0437263859175,0.25,0.028,8.0,8.0,0.14321569999999983,0.0,0.0,0.0,0.222,-0.0048536288368425,1
2012-07-24 13:30:00+00:00,0.03975975,0.15217531346187502,0.04134119405625,0.219,0.047,8.0,8.0,0.1509955999999999,0.0,0.0,0.0,0.172,-0.0035553426888375,1
2012-07-24 14:00:00+00:00,0.0399504,0.152393369876,0.041539427159999996,0.138,0.059,8.0,8.0,0.15941500000000008,0.0,0.0,0.0,0.07900000000000001,-0.0016408073728200001,1
2012-07-24 14:30:00+00:00,0.03963675,0.152034631904375,0.04121330173125,0.131,0.016,8.0,8.0,0.17084200000000038,0.0,0.0,0.0,0.115,-0.002369764849546875,1
2012-07-24 15:00:00+00:00,0.03921855,0.15155631460887498,0.04077846782624999,0.2,0.059,8.0,8.0,0.1881921000000002,0.0,0.0,0.0,0.14100000000000001,-0.0028748819817506245,1
2012-07-24 15:30:00+00:00,0.03832065,0.15052933923912498,0.039844853853749994,0.213,0.04,8.0,8.0,0.2137829,0.0,0.0,0.0,0.173,-0.003446579858349374,1
2012-07-24 16:00:00+00:00,0.04282245,0.155678284243625,0.04452571294874999,0.144,0.034,8.0,8.0,0.2483386999999997,0.0,0.0,0.0,0.10999999999999999,-0.002448914212181249,1
2012-07-24 16:30:00+00:00,0.04619265,0.159532958919125,0.04802996265375,0.031,0.054,7.987894736842105,7.9878947,0.29044000000000025,0.0,0.023,0.0,-0.0,0.0,1
2012-07-24 17:00:00+00:00,0.05923065,0.17444520401412503,0.06158654910375,0.006,0.04,7.97,7.97,0.3365863368421058,0.0,0.034,0.0,-0.0,0.0,1
2012-07-24 17:30:00+00:00,0.06388005,0.179762966887625,0.06642087898874999,0.0,0.053,7.942105263157894,7.9421053,0.38186739999999997,0.0,0.053,0.0,-0.0,0.0,1
2012-07-24 18:00:00+00:00,0.14461725,0.272106341230625,0.15036940111875,0.0,0.059,7.152631578947368,7.1526316,0.789473663157894,0.0,1.5,0.0,1.441,-0.10834115350605937,1
2012-07-24 18:30:00+00:00,0.08916885,0.208687095109625,0.09271554100875,0.0,0.022,7.141052631578947,7.1410526,0.4499119789473678,0.0,0.022,0.0,-0.0,0.0,1
2012-07-24 19:00:00+00:00,0.08916885,0.208687095109625,0.09271554100875,0.0,0.059,7.109999999999999,7.11,0.4660862315789469,0.0,0.059,0.0,-0.0,0.0,1
2012-07-24 19:30:00+00:00,0.0704667,0.18729646429175,0.0732695129925,0.0,0.059,7.078947368421052,7.0789474,0.4673859999999994,0.0,0.059,0.0,-0.0,0.0,1
2012-07-24 20:00:00+00:00,0.0515862,0.1657018452155,0.05363804110499999,0.0,0.028,7.064210526315789,7.0642105,0.4610569684210519,0.0,0.028,0.0,-0.0,0.0,1
2012-07-24 20:30:00+00:00,0.05164155,0.165765151916375,0.05369559265124999,0.0,0.059,7.033157894736842,7.0331579,0.45063952631578896,0.0,0.059,0.0,-0.0,0.0,1
2012-07-24 21:00:00+00:00,0.0505653,0.16453418828825,0.0525765348075,0.0,0.034,7.015263157894736,7.0152632,0.4395406947368423,0.0,0.034,0.0,-0.0,0.0,1
2012-07-24 21:30:00+00:00,0.04417545,0.157225781376125,0.045932528523749995,0.0,0.04,6.994210526315789,6.9942105,0.4304872578947361,0.0,0.04,0.0,-0.0,0.0,1
2012-07-24 22:00:00+00:00,0.03567615,0.14750468575287498,0.03709516886624999,0.0,0.208,6.884736842105263,6.8847368,0.42709552631578873,0.0,0.208,0.0,-0.0,0.0,1
2012-07-24 22:30:00+00:00,0.04900935,0.162754566585875,0.050958696896249996,0.0,0.419,6.66421052631579,6.6642105,0.4293470421052632,0.0,0.419,0.0,-0.0,0.0,1
2012-07-24 23:00:00+00:00,0.04035015,0.152850584937875,0.04195507721625,0.0,0.452,6.426315789473684,6.4263158,0.4350413263157895,0.0,0.452,0.0,-0.0,0.0,1
2012-07-24 23:30:00+00:00,0.03929235,0.151640723543375,0.04085520322124999,0.0,0.452,6.188421052631579,6.1884211,0.43956938947368407,0.0,0.452,0.0,-0.0,0.0,1
2012-07-25 00:00:00+00:00,0.03525795,0.09752636845737502,0.03666033496125,0.0,0.414,6.188421052631579,6.1884211,4.736842118546747e-08,0.0,0.0,0.414,0.0,0.020187958270676626,1
2012-07-25 00:30:00+00:00,0.0334929,0.09550758810725002,0.034825080097499996,0.0,0.194,6.188421052631579,6.1884211,4.736842118546747e-08,0.0,0.0,0.194,0.0,0.009264236046403251,1
2012-07-25 01:00:00+00:00,0.0365187,0.09896835442175002,0.0379712312925,0.0,0.04,6.188421052631579,6.1884211,4.736842118546747e-08,0.0,0.0,0.04,0.0,0.0019793670884350003,1
2012-07-25 01:30:00+00:00,0.0371091,0.09964362589775001,0.03858511445249999,0.0,0.041,6.188421052631579,6.1884211,4.736842118546747e-08,0.0,0.0,0.041,0.0,0.0020426943309038753,1
2012-07-25 02:00:00+00:00,0.03381885,0.09588039423462501,0.03516399475874999,0.0,0.053,6.188421052631579,6.1884211,4.736842118546747e-08,0.0,0.0,0.053,0.0,0.0025408304472175625,1
2012-07-25 02:30:00+00:00,0.0325581,0.09443840827025,0.03385309842749999,0.0,0.028,6.188421052631579,6.1884211,4.736842118546747e-08,0.0,0.0,0.028,0.0,0.0013221377157835,1
2012-07-25 03:00:00+00:00,0.0321522,0.09397415913049999,0.033431053754999995,0.0,0.046,6.900921052631579,6.9009211,0.7125000473684207,1.5,0.0,1.546,0.0,0.07264202500787649,1
2012-07-25 03:30:00+00:00,0.03226905,0.094107806610125,0.03355255146375,0.0,0.195,7.61342105263158,7.6134211,0.7125000473684207,1.5,0.0,1.695,0.0,0.07975636610208094,1
2012-07-25 04:00:00+00:00,0.03228135,0.094121874765875,0.033565340696249994,0.0,0.425,8.0,8.0,0.38657894736842024,0.81385042,0.0,1.23885042,0.0,0.058301462042445816,1
2012-07-25 04:30:00+00:00,0.032349,0.09419924962250001,0.033635681475000005,0.0,0.458,8.0,8.0,0.0,0.0,0.0,0.458,0.0,0.021571628163552504,1
2012-07-25 05:00:00+00:00,0.0324105,0.32416959040125004,0.0336996276375,0.0,0.456,7.76,7.76,0.43270189999999964,0.0,0.456,0.0,-0.0,0.0,1
2012-07-25 05:30:00+00:00,0.03349905,0.325414622185125,0.03483147471375,0.0,0.298,7.603157894736842,7.6031579,0.46257979999999943,0.0,0.298,0.0,-0.0,0.0,1
2012-07-25 06:00:00+00:00,0.03595905,0.328228253335125,0.03738932121374999,0.0,0.056,7.5736842105263165,7.5736842,0.48567979473684275,0.0,0.056,0.0,-0.0,0.0,1
2012-07-25 06:30:00+00:00,0.0416601,0.33474884352525,0.04331713047749999,0.0,0.051,7.546842105263159,7.5468421,0.4966793105263161,0.0,0.051,0.0,-0.0,0.0,1
2012-07-25 07:00:00+00:00,0.0406515,0.33359525475375,0.0422684134125,0.0,0.046,7.52263157894737,7.5226316,0.48519930526315846,0.0,0.046,0.0,-0.0,0.0,1
2012-07-25 07:30:00+00:00,0.04009185,0.332955153667125,0.04168650333374999,0.006,0.047,7.501052631578949,7.5010526,0.45390787894737006,0.0,0.041,0.0,-0.0,0.0,1
2012-07-25 08:00:00+00:00,0.0489663,0.34310532804075,0.050913934582499994,0.038,0.022,7.508652631578949,7.5086526,0.4067157315789487,0.016,0.0,0.0,-0.0,0.0,1
2012-07-25 08:30:00+00:00,0.04742265,0.341339774494125,0.049308885903749995,0.2,0.047,7.581327631578949,7.5813276,0.3497459315789486,0.153,0.0,0.0,-0.0,0.0,1
2012-07-25 09:00:00+00:00,0.04392945,0.337344418261125,0.045676743873749995,0.313,0.047,7.7076776315789495,7.7076776,0.29054333157894874,0.266,0.0,0.0,-0.0,0.0,1
2012-07-25 09:30:00+00:00,0.0431976,0.336507362994,0.044915784539999996,0.369,0.028,7.8696526315789495,7.8696526,0.23646003157894935,0.341,0.0,5.551115123125783e-17,0.0,9.339955558795855e-18,1
2012-07-25 10:00:00+00:00,0.0397044,0.332512006761,0.041283642509999996,0.406,0.053,7.999999998828949,8.0,0.19317923157894956,0.27441551,0.0,0.0,0.07858449000000006,-0.0016221269959953361,1
2012-07-25 10:30:00+00:00,0.0396183,0.33241352967075005,0.0411941178825,0.45,0.028,7.999999998828949,8.0,0.1637308988289492,0.0,0.0,0.0,0.422,-0.008691958873207499,1
2012-07-25 11:00:00+00:00,0.03929235,0.151640723543375,0.04085520322124999,0.475,0.047,7.999999998828949,8.0,0.14821399882894948,0.0,0.0,0.0,0.428,-0.008743013489347497,1
2012-07-25 11:30:00+00:00,0.0385851,0.15083180458774997,0.040119822352499994,0.488,0.053,7.999999998828949,8.0,0.14425239882894925,0.0,0.0,0.0,0.435,-0.008726061361668749,1
2012-07-25 12:00:00+00:00,0.0350919,0.14683644835475002,0.0364876803225,0.488,0.022,7.999999998828949,8.0,0.1480225988289492,0.0,0.0,0.0,0.46599999999999997,-0.0085016295151425,1
2012-07-25 12:30:00+00:00,0.0346122,0.14628779028049999,0.035988900255,0.488,0.059,7.999999998828949,8.0,0.1555469988289495,0.0,0.0,0.0,0.429,-0.007719619104697499,1
2012-07-25 13:00:00+00:00,0.03444,0.14609083609999998,0.035809851,0.475,0.047,7.999999998828949,8.0,0.1638911988289493,0.0,0.0,0.0,0.428,-0.007663308113999999,1
2012-07-25 13:30:00+00:00,0.0343416,0.14597829085400002,0.035707537139999995,0.444,0.029,7.999999998828949,8.0,0.1719399988289494,0.0,0.0,0.0,0.415,-0.007409313956549999,1
2012-07-25 14:00:00+00:00,0.03383115,0.145394462390375,0.035176783991249995,0.406,0.065,7.999999998828949,8.0,1.1710508118767393e-09,0.0,0.0,0.0,0.341,-0.0059976416705081245,1
2012-07-25 14:30:00+00:00,0.03383115,0.145394462390375,0.035176783991249995,0.363,0.034,7.999999998828949,8.0,0.13418449882894912,0.0,0.0,0.0,0.32899999999999996,-0.005786580966560624,1
2012-07-25 15:00:00+00:00,0.0343416,0.14597829085400002,0.035707537139999995,0.306,0.047,7.999999998828949,8.0,0.20952719882894932,0.0,0.0,0.0,0.259,-0.00462412605963,1
2012-07-25 15:30:00+00:00,0.03444615,0.146097870177875,0.03581624561625,0.238,0.059,7.999999998828949,8.0,0.23511269882894936,0.0,0.0,0.0,0.179,-0.003205553982654375,1
2012-07-25 16:00:00+00:00,0.03469215,0.14637923329287497,0.03607203026624999,0.169,0.022,7.999999998828949,8.0,0.26959849882894904,0.0,0.0,0.0,0.14700000000000002,-0.0026512942245693746,1
2012-07-25 16:30:00+00:00,0.03437235,0.146013461243375,0.03573951022125,0.081,0.065,7.999999998828949,8.0,0.31156809882894887,0.0,0.0,0.0,0.016,-0.00028591608177,1
2012-07-25 17:00:00+00:00,0.03736125,0.149432023090625,0.038847293718749995,0.013,0.053,7.978947367250002,7.9789474,0.3575247988289494,0.0,0.04,0.0,-0.0,0.0,1
2012-07-25 17:30:00+00:00,0.03736125,0.149432023090625,0.038847293718749995,0.0,0.046,7.9547368409342125,7.9547368,0.40256256725000217,0.0,0.046,0.0,-0.0,0.0,1
2012-07-25 18:00:00+00:00,0.0452886,0.1584989494715,0.047089954064999995,0.0,0.065,7.920526314618423,7.9205263,0.44147084093421274,0.0,0.065,0.0,-0.0,0.0,1
2012-07-25 18:30:00+00:00,0.0454977,0.15873810811925002,0.0473073710175,0.0,0.028,7.90578947251316,7.9057895,0.46997361461842235,0.0,0.028,0.0,-0.0,0.0,1
2012-07-25 19:00:00+00:00,0.0441324,0.157176542831,0.04588776620999999,0.0,0.059,7.8747368409342124,7.8747368,0.4857633725131594,0.0,0.059,0.0,-0.0,0.0,1
2012-07-25 19:30:00+00:00,0.03971055,0.152119040838875,0.04129003712625,0.0,0.059,7.843684209355265,7.8436842,0.4866424409342125,0.0,0.059,0.0,-0.0,0.0,1
2012-07-25 20:00:00+00:00,0.04014105,0.152611426290125,0.04173766026374999,0.0,0.034,7.82578947251316,7.8257895,0.47984270935526485,0.0,0.034,0.0,-0.0,0.0,1
2012-07-25 20:30:00+00:00,0.0413526,0.1539971396315,0.042997399665000005,0.0,0.059,7.794736840934212,7.7947368,0.4689062725131592,0.0,0.059,0.0,-0.0,0.0,1
2012-07-25 21:00:00+00:00,0.0407499,0.15330779999975,0.04237072727249999,0.0,0.04,7.773684209355265,7.7736842,0.45724354093421216,0.0,0.04,0.0,-0.0,0.0,1
2012-07-25 21:30:00+00:00,0.0360267,0.14790562819175002,0.037459661992500004,0.0,0.04,7.7526315777763175,7.7526316,0.44758550935526475,0.0,0.04,0.0,-0.0,0.0,1
2012-07-25 22:00:00+00:00,0.03423705,0.145858711530125,0.03559882866375,0.0,0.21,7.642105261986844,7.6421053,0.4435453777763172,0.0,0.21,0.0,-0.0,0.0,1
2012-07-25 22:30:00+00:00,0.03801315,0.150177635345375,0.03952512304125,0.0,0.418,7.422105261986844,7.4221053,0.445106661986844,0.0,0.418,0.0,-0.0,0.0,1
2012-07-25 23:00:00+00:00,0.0337512,0.14530301937800003,0.03509365398,0.0,0.449,7.18578947251316,7.1857895,0.4500725619868442,0.0,0.449,0.0,-0.0,0.0,1
2012-07-25 23:30:00+00:00,0.0345384,0.146203381346,0.03591216485999999,0.0,0.453,6.947368419881581,6.9473684,0.4538412725131602,0.0,0.453,0.0,-0.0,0.0,1
2012-07-26 00:00:00+00:00,0.0336774,0.0957186104435,0.035016918585,0.0,0.422,6.947368419881581,6.9473684,1.9881580826108802e-08,0.0,0.0,0.422,0.0,0.020196626803578498,1
2012-07-26 00:30:00+00:00,0.0339603,0.09604217802575002,0.0353110709325,0.0,0.197,6.947368419881581,6.9473684,1.9881580826108802e-08,0.0,0.0,0.197,0.0,0.009460154535536378,1
2012-07-26 01:00:00+00:00,0.03451995,0.09668227911237502,0.03589298101125,0.0,0.046,6.947368419881581,6.9473684,1.9881580826108802e-08,0.0,0.0,0.046,0.0,0.0022236924195846255,1
2012-07-26 01:30:00+00:00,0.03390495,0.09597887132487501,0.03525351938625,0.0,0.034,6.947368419881581,6.9473684,1.9881580826108802e-08,0.0,0.0,0.034,0.0,0.0016316408125228753,1
2012-07-26 02:00:00+00:00,0.03255195,0.09443137419237502,0.033846703811250003,0.0,0.053,6.947368419881581,6.9473684,1.9881580826108802e-08,0.0,0.0,0.053,0.0,0.002502431416097938,1
2012-07-26 02:30:00+00:00,0.03132195,0.093024558617375,0.032567780561249995,0.0,0.034,6.947368419881581,6.9473684,1.9881580826108802e-08,0.0,0.0,0.034,0.0,0.0015814174964953753,1
2012-07-26 03:00:00+00:00,0.030504,0.09208902626,0.0317172966,0.0,0.048,6.947368419881581,6.9473684,1.9881580826108802e-08,0.0,0.0,0.048,0.0,0.00221013663024,1
2012-07-26 03:30:00+00:00,0.0296061,0.09106205089025,0.030783682627499996,0.0,0.197,6.947368419881581,6.9473684,1.9881580826108802e-08,0.0,0.0,0.197,0.0,0.008969612012689625,1
2012-07-26 04:00:00+00:00,0.0262851,0.08726364883775001,0.027330589852499997,0.0,0.425,7.659868419881581,7.6598684,0.7124999801184186,1.5,0.0,1.925,0.0,0.08399126200633439,1
2012-07-26 04:30:00+00:00,0.02763195,0.08880411189237501,0.02873101081125,0.0,0.463,7.999999997881582,8.0,0.3401315801184186,0.71606648,0.0,1.17906648,0.0,0.05235297580923437,1
2012-07-26 05:00:00+00:00,0.03023955,0.321686560911375,0.03144232810124999,0.0,0.456,7.7599999978815815,7.76,0.43736509788158173,0.0,0.456,0.0,-0.0,0.0,1
2012-07-26 05:30:00+00:00,0.0331854,0.3250558842135,0.034505349284999993,0.0,0.295,7.6047368399868445,7.6047368,0.4663401978815811,0.0,0.295,0.0,-0.0,0.0,1
2012-07-26 06:00:00+00:00,0.0336528,0.32559047413200004,0.03499134011999999,0.0,0.053,7.576842103144739,7.5768421,0.48854713998684485,0.0,0.053,0.0,-0.0,0.0,1
2012-07-26 06:30:00+00:00,0.03750885,0.33000084095962506,0.03900076450875,0.0,0.04,7.555789471565792,7.5557895,0.4986670031447389,0.0,0.04,0.0,-0.0,0.0,1
2012-07-26 07:00:00+00:00,0.04011645,0.332983289978625,0.041712081798749995,0.0,0.046,7.531578945250002,7.5315789,0.48634577156579173,0.0,0.046,0.0,-0.0,0.0,1
2012-07-26 07:30:00+00:00,0.0389295,0.33162571294875004,0.040477920862499996,0.013,0.047,7.513684208407897,7.5136842,0.4542467452500025,0.0,0.034,0.0,-0.0,0.0,1
2012-07-26 08:00:00+00:00,0.04278555,0.336036079776375,0.04448734525124999,0.081,0.022,7.541709208407897,7.5417092,0.40628070840789654,0.059,0.0,0.0,1.3877787807814457e-17,-3.0869296876491475e-19,1
2012-07-26 08:30:00+00:00,0.04170315,0.33479808207037504,0.04336189279125,0.238,0.053,7.6295842084078975,7.6295842,0.348570608407897,0.185,0.0,0.0,-0.0,0.0,1
2012-07-26 09:00:00+00:00,0.03966135,0.332462768215875,0.041238880196249994,0.306,0.047,7.752609208407898,7.7526092,0.28866050840789725,0.259,0.0,0.0,-0.0,0.0,1
2012-07-26 09:30:00+00:00,0.0396183,0.33241352967075005,0.0411941178825,0.375,0.028,7.917434208407897,7.9174342,0.23390110840789813,0.347,0.0,0.0,-0.0,0.0,1
2012-07-26 10:00:00+00:00,0.03958755,0.33237835928137505,0.041162144801249995,0.281,0.053,8.0,8.0,0.18997420840789747,0.17382272,0.0,0.0,0.05417728000000005,-0.0011150265221489338,1
2012-07-26 10:30:00+00:00,0.03956295,0.33235022296987504,0.04113656633625,0.338,0.04,8.0,8.0,0.15990959999999976,0.0,0.0,0.0,0.29800000000000004,-0.0061293483841012505,1
2012-07-26 11:00:00+00:00,0.03674625,0.14872861530312498,0.03820783209375,0.5,0.04,8.0,8.0,0.14380669999999984,0.0,0.0,0.0,0.46,-0.0087878013815625,1
2012-07-26 11:30:00+00:00,0.03440925,0.146055665710625,0.03577787791875,0.381,0.059,8.0,8.0,0.13929110000000033,0.0,0.0,0.0,0.322,-0.00576023834491875,1
2012-07-26 12:00:00+00:00,0.03442155,0.146069733866375,0.035790667151250004,0.213,0.122,8.0,8.0,0.14254180000000005,0.0,0.0,0.0,0.091,-0.001628475355381875,1
2012-07-26 12:30:00+00:00,0.0344646,0.1461189724115,0.03583542946499999,0.1,0.134,7.982105263157894,7.9821053,0.1495841999999996,0.0,0.034,0.0,-0.0,0.0,1
2012-07-26 13:00:00+00:00,0.0343416,0.14597829085400002,0.035707537139999995,0.356,0.09,7.999999999907894,8.0,0.15748686315789406,0.03767313,0.0,0.0,0.22832687,-0.004076495095292475,1
2012-07-26 13:30:00+00:00,0.03412635,0.145732098128375,0.03548372557125,0.4,0.034,7.999999999907894,8.0,0.16513759990789456,0.0,0.0,0.0,0.366,-0.00649352177953875,1
2012-07-26 14:00:00+00:00,0.0338988,0.14547183724700002,0.03524712477,0.169,0.072,7.999999999907894,8.0,0.003906299907893818,0.0,0.0,0.0,0.09700000000000002,-0.0017094855513450002,1
2012-07-26 14:30:00+00:00,0.0337389,0.14528895122225002,0.0350808647475,0.056,0.041,7.999999999907894,8.0,9.210587847974239e-11,0.0,0.0,0.0,0.015,-0.00026310648560625,1
2012-07-26 15:00:00+00:00,0.033825,0.1453874283125,0.035170389375,0.013,0.059,7.996093700065789,7.9960937,0.003906299907893818,0.0,0.0074219697,0.038578030299999996,0.0,0.0028043803073393514,1
2012-07-26 15:30:00+00:00,0.0339849,0.14557031433724998,0.035336649397499996,0.038,0.029,7.999999999983289,8.0,0.2271987000657889,0.0082237893,0.0,0.0,0.0007762106999999949,-1.3714342682243934e-05,1
2012-07-26 16:00:00+00:00,0.03418785,0.145802438907125,0.035547671733749994,0.144,0.065,7.999999999983289,8.0,0.26153859998328866,0.0,0.0,0.0,0.07899999999999999,-0.0014041330334831246,1
2012-07-26 16:30:00+00:00,0.0365187,0.14846835442175,0.0379712312925,0.094,0.04,7.999999999983289,8.0,0.3034208999832888,0.0,0.0,0.0,0.054,-0.0010252232448974999,1
2012-07-26 17:00:00+00:00,0.0378225,0.14995957893125,0.0393268899375,0.019,0.04,7.988947368404341,7.9889474,0.3493523999832888,0.0,0.021,0.0,-0.0,0.0,1
2012-07-26 17:30:00+00:00,0.03880035,0.15107799731337498,0.04034363392125,0.0,0.065,7.954736842088551,7.9547368,0.3944306684043415,0.0,0.065,0.0,-0.0,0.0,1
2012-07-26 18:00:00+00:00,0.0475272,0.161059353818,0.04941759438,0.0,0.034,7.936842105246446,7.9368421,0.433448142088551,0.0,0.034,0.0,-0.0,0.0,1
2012-07-26 18:30:00+00:00,0.0481545,0.16177682976125002,0.0500698452375,0.0,0.053,7.90894736840434,7.9089474,0.4621307052464454,0.0,0.053,0.0,-0.0,0.0,1
2012-07-26 19:00:00+00:00,0.0477978,0.16136885324449998,0.049698957494999994,0.0,0.065,7.87473684208855,7.8747368,0.4781714684043399,0.0,0.065,0.0,-0.0,0.0,1
2012-07-26 19:30:00+00:00,0.04213365,0.154890467521625,0.04380951592875,0.0,0.022,7.863157894720129,7.8631579,0.4793790420885502,0.0,0.022,0.0,-0.0,0.0,1
2012-07-26 20:00:00+00:00,0.0396675,0.15206980229375,0.041245274812499996,0.0,0.059,7.832105263141182,7.8321053,0.4729689947201292,0.0,0.059,0.0,-0.0,0.0,1
2012-07-26 20:30:00+00:00,0.04620495,0.159547027074875,0.04804275188625,0.0,0.053,7.804210526299077,7.8042105,0.4624825631411822,0.0,0.053,0.0,-0.0,0.0,1
2012-07-26 21:00:00+00:00,0.04458135,0.157690030515875,0.04635457319624999,0.0,0.028,7.789473684193814,7.7894737,0.45133062629907705,0.0,0.028,0.0,-0.0,0.0,1
2012-07-26 21:30:00+00:00,0.03966135,0.152062768215875,0.041238880196249994,0.0,0.065,7.755263157878024,7.7552632,0.44224468419381413,0.0,0.065,0.0,-0.0,0.0,1
2012-07-26 22:00:00+00:00,0.03634035,0.14826436616337502,0.03778578742125,0.0,0.188,7.656315789456971,7.6563158,0.43883115787802396,0.0,0.188,0.0,-0.0,0.0,1
2012-07-26 22:30:00+00:00,0.04311765,0.156015919981625,0.044832654528749995,0.0,0.43,7.429999999983287,7.43,0.44107198945697146,0.0,0.43,0.0,-0.0,0.0,1
2012-07-26 23:00:00+00:00,0.03659865,0.14855979743412498,0.03805436130375,0.0,0.458,7.18894736840434,7.1889474,0.44676919998328657,0.0,0.458,0.0,-0.0,0.0,1
2012-07-26 23:30:00+00:00,0.0362973,0.14821512761825,0.03774102510749999,0.0,0.423,6.966315789456972,6.9663158,0.4513238684043399,0.0,0.423,0.0,-0.0,0.0,1
2012-07-27 00:00:00+00:00,0.0342555,0.09637981376375002,0.035618012512500005,0.0,0.449,6.966315789456972,6.9663158,1.0543028672316268e-08,0.0,0.0,0.449,0.0,0.02163726818996188,1
2012-07-27 00:30:00+00:00,0.0339234,0.09599997355850001,0.035272703235,0.0,0.199,6.966315789456972,6.9663158,1.0543028672316268e-08,0.0,0.0,0.199,0.0,0.009551997369070751,1
2012-07-27 01:00:00+00:00,0.03822225,0.10091679399312502,0.03974253999375,0.0,0.021,6.966315789456972,6.9663158,1.0543028672316268e-08,0.0,0.0,0.021,0.0,0.0010596263369278128,1
2012-07-27 01:30:00+00:00,0.03846825,0.10119815710812499,0.03999832464375,0.0,0.053,6.966315789456972,6.9663158,1.0543028672316268e-08,0.0,0.0,0.053,0.0,0.002681751163365312,1
2012-07-27 02:00:00+00:00,0.03443385,0.09658380202212502,0.03580345638375,0.0,0.053,6.966315789456972,6.9663158,1.0543028672316268e-08,0.0,0.0,0.053,0.0,0.002559470753586313,1
2012-07-27 02:30:00+00:00,0.03321,0.09518402052500002,0.03453092775,0.0,0.029,6.966315789456972,6.9663158,1.0543028672316268e-08,0.0,0.0,0.029,0.0,0.0013801682976125004,1
2012-07-27 03:00:00+00:00,0.032349,0.09419924962250001,0.033635681475000005,0.0,0.053,6.966315789456972,6.9663158,1.0543028672316268e-08,0.0,0.0,0.053,0.0,0.00249628011499625,1
2012-07-27 03:30:00+00:00,0.03140805,0.09312303570762501,0.03265730518875,0.0,0.187,7.678815789456971,7.6788158,0.7125000105430281,1.5,0.0,1.687,0.0,0.0785492806193817,1
2012-07-27 04:00:00+00:00,0.031734,0.09349584183500001,0.032996219849999994,0.0,0.443,8.0,8.0,0.3211842105430289,0.67617729,0.0,1.11917729,0.0,0.05231921144558197,1
2012-07-27 04:30:00+00:00,0.0318324,0.09360838708100001,0.033098533709999996,0.0,0.459,8.0,8.0,0.0,0.0,0.0,0.459,0.0,0.021483124835089504,1
2012-07-27 05:00:00+00:00,0.03279795,0.324612737307375,0.03410248846125,0.0,0.438,7.769473684210526,7.7694737,0.44634090000000004,0.0,0.438,0.0,-0.0,0.0,1
2012-07-27 05:30:00+00:00,0.0343908,0.326434563477,0.03575869406999999,0.0,0.318,7.6021052631578945,7.6021053,0.4765469842105263,0.0,0.318,0.0,-0.0,0.0,1
2012-07-27 06:00:00+00:00,0.03678315,0.32917081977037504,0.03824619979125,0.0,0.053,7.574210526315789,7.5742105,0.5000026631578942,0.0,0.053,0.0,-0.0,0.0,1
2012-07-27 06:30:00+00:00,0.03937845,0.33213920063362506,0.04094472784875,0.0,0.021,7.563157894736841,7.5631579,0.5113853263157893,0.0,0.021,0.0,-0.0,0.0,1
2012-07-27 07:00:00+00:00,0.04959975,0.343829838061875,0.05157258005625,0.0,0.059,7.532105263157894,7.5321053,0.5003595947368416,0.0,0.059,0.0,-0.0,0.0,1
2012-07-27 07:30:00+00:00,0.0414756,0.334537821189,0.043125291989999995,0.025,0.059,7.514210526315789,7.5142105,0.46957716315789444,0.0,0.034,0.0,6.938893903907228e-18,-1.496209128468151e-19,1
2012-07-27 08:00:00+00:00,0.0498765,0.34414637156625005,0.051860337787499995,0.131,0.022,7.565985526315789,7.5659855,0.4229418263157889,0.109,0.0,0.0,-0.0,0.0,1
2012-07-27 08:30:00+00:00,0.0499872,0.344272984968,0.05197544088,0.231,0.053,7.650535526315789,7.6505355,0.3665702263157886,0.178,0.0,0.0,2.7755575615628914e-17,-7.213041397502451e-19,1
2012-07-27 09:00:00+00:00,0.0388557,0.33154130401425,0.040401185467499996,0.3,0.034,7.776885526315789,7.7768855,0.30799892631578896,0.266,0.0,5.551115123125783e-17,0.0,9.20211973327173e-18,1
2012-07-27 09:30:00+00:00,0.03950145,0.33227988219112503,0.04107262017375,0.369,0.04,7.933160526315789,7.9331605,0.2545704263157891,0.329,0.0,0.0,-0.0,0.0,1
2012-07-27 10:00:00+00:00,0.0373797,0.32985312532425004,0.0388664775675,0.419,0.053,7.999999999315789,8.0,0.21195912631578917,0.14071468,0.0,0.0,0.22528531999999998,-0.00437802341803353,1
2012-07-27 10:30:00+00:00,0.0342924,0.32632201823100004,0.03565638021,0.45,0.028,7.999999999315789,8.0,0.18318789931578916,0.0,0.0,0.0,0.422,-0.00752349622431,1
2012-07-27 11:00:00+00:00,0.03443385,0.146083802022125,0.03580345638375,0.469,0.047,7.999999999315789,8.0,0.1683507993157889,0.0,0.0,0.0,0.422,-0.0075545292969712505,1
2012-07-27 11:30:00+00:00,0.03447075,0.14612600648937502,0.03584182408125,0.494,0.059,7.999999999315789,8.0,0.165068999315789,0.0,0.0,0.0,0.435,-0.007795596737671875,1
2012-07-27 12:00:00+00:00,0.0343662,0.1460064271655,0.035733115605,0.469,0.022,7.999999999315789,8.0,0.16951839931578938,0.0,0.0,0.0,0.44699999999999995,-0.007986351337717499,1
2012-07-27 12:30:00+00:00,0.0344646,0.1461189724115,0.03583542946499999,0.481,0.059,7.999999999315789,8.0,0.1777217993157887,0.0,0.0,0.0,0.422,-0.007561275617114998,1
2012-07-27 13:00:00+00:00,0.0339603,0.14554217802575,0.0353110709325,0.469,0.047,7.999999999315789,8.0,0.1867452993157892,0.0,0.0,0.0,0.422,-0.0074506359667575,1
2012-07-27 13:30:00+00:00,0.03378195,0.14533818976737498,0.03512562706124999,0.456,0.034,7.999999999315789,8.0,6.842109101512506e-10,0.0,0.0,0.0,0.42200000000000004,-0.0074115073099237485,1
2012-07-27 14:00:00+00:00,0.0330009,0.14444486187724997,0.034313510797499995,0.406,0.065,7.999999999315789,8.0,6.842109101512506e-10,0.0,0.0,0.0,0.341,-0.005850453590973749,1
2012-07-27 14:30:00+00:00,0.03276105,0.144170532840125,0.03406412076375,0.375,0.028,7.999999999315789,8.0,6.842109101512506e-10,0.0,0.0,0.0,0.347,-0.005910124952510624,1
2012-07-27 15:00:00+00:00,0.0325335,0.14391027195875,0.0338275199625,0.188,0.053,7.999999999315789,8.0,6.842109101512506e-10,0.0,0.0,0.0,0.135,-0.00228335759746875,1
2012-07-27 15:30:00+00:00,0.03390495,0.145478871324875,0.03525351938625,0.156,0.059,7.999999999315789,8.0,0.26138119931578885,0.0,0.0,0.0,0.097,-0.001709795690233125,1
2012-07-27 16:00:00+00:00,0.03396645,0.145549212103625,0.035317465548749996,0.106,0.029,7.999999999315789,8.0,0.2965560993157892,0.0,0.0,0.0,0.077,-0.0013597224236268747,1
2012-07-27 16:30:00+00:00,0.0350181,0.14675203942025,0.0364109449275,0.013,0.065,7.972631578263157,7.9726316,0.33922149931578893,0.0,0.052,6.938893903907228e-18,0.0,5.09148415859563e-19,1
2012-07-27 17:00:00+00:00,0.0331977,0.14466995236925,0.0345181385175,0.006,0.034,7.957894736157894,7.9578947,0.38588467826315753,0.0,0.028,3.469446951953614e-18,0.0,2.509623626433845e-19,1
2012-07-27 17:30:00+00:00,0.03408945,0.145689893661125,0.03544535787375,0.0,0.053,7.929999999315789,7.93,0.43164393615789454,0.0,0.053,0.0,-0.0,0.0,1
2012-07-27 18:00:00+00:00,0.03893565,0.15123274702662498,0.04048431547875,0.0,0.065,7.895789472999999,7.8957895,0.4712923993157885,0.0,0.065,0.0,-0.0,0.0,1
2012-07-27 18:30:00+00:00,0.0387819,0.15105689507975,0.0403244500725,0.0,0.034,7.877894736157893,7.8778947,0.5005558729999988,0.0,0.034,0.0,-0.0,0.0,1
2012-07-27 19:00:00+00:00,0.03929235,0.151640723543375,0.04085520322124999,0.0,0.053,7.849999999315788,7.85,0.5171263361578928,0.0,0.053,0.0,-0.0,0.0,1
2012-07-27 19:30:00+00:00,0.03571305,0.147546890220125,0.03713353656375,0.0,0.059,7.818947367736841,7.8189474,0.5188172993157876,0.0,0.059,0.0,-0.0,0.0,1
2012-07-27 20:00:00+00:00,0.0341448,0.145753200362,0.035502909420000006,0.0,0.034,7.801052630894735,7.8010526,0.512827467736841,0.0,0.034,0.0,-0.0,0.0,1
2012-07-27 20:30:00+00:00,0.0420537,0.15479902450925,0.0437263859175,0.0,0.059,7.769999999315788,7.77,0.5026961308947353,0.0,0.059,0.0,-0.0,0.0,1
2012-07-27 21:00:00+00:00,0.03867735,0.15093731575587502,0.04021574159624999,0.0,0.04,7.74894736773684,7.7489474,0.49183479931578766,0.0,0.04,0.0,-0.0,0.0,1
2012-07-27 21:30:00+00:00,0.03670935,0.148686410835875,0.03816946439625,0.0,0.04,7.727894736157893,7.7278947,0.4829754677368401,0.0,0.04,0.0,-0.0,0.0,1
2012-07-27 22:00:00+00:00,0.03388035,0.145450735013375,0.03522794092124999,0.0,0.218,7.613157894052629,7.6131579,0.4797185361578933,0.0,0.218,0.0,-0.0,0.0,1
2012-07-27 22:30:00+00:00,0.04082985,0.153399243012125,0.04245385728375,0.0,0.418,7.39315789405263,7.3931579,0.4820449940526297,0.0,0.418,0.0,-0.0,0.0,1
2012-07-27 23:00:00+00:00,0.03603285,0.14791266226962502,0.03746605660874999,0.0,0.453,7.154736841421051,7.1547368,0.4877571940526293,0.0,0.453,0.0,-0.0,0.0,1
2012-07-27 23:30:00+00:00,0.0399504,0.152393369876,0.041539427159999996,0.0,0.45,6.917894736157893,6.9178947,0.4922607414210507,0.0,0.45,0.0,-0.0,0.0,1
2012-07-28 00:00:00+00:00,0.03801315,0.100677635345375,0.03952512304125,0.0,0.422,6.917894736157893,6.9178947,3.615789356814503e-08,0.0,0.0,0.422,0.0,0.021242981057874123,1
2012-07-28 00:30:00+00:00,0.03745965,0.10004456833662499,0.03894960757874999,0.0,0.2,6.917894736157893,6.9178947,3.615789356814503e-08,0.0,0.0,0.2,0.0,0.0100044568336625,1
2012-07-28 01:00:00+00:00,0.0363711,0.09879953655275002,0.0378177605025,0.0,0.046,6.917894736157893,6.9178947,3.615789356814503e-08,0.0,0.0,0.046,0.0,0.0022723893407132502,1
2012-07-28 01:30:00+00:00,0.0353379,0.09761781146975,0.036743464972499994,0.0,0.034,6.917894736157893,6.9178947,3.615789356814503e-08,0.0,0.0,0.034,0.0,0.0016595027949857502,1
2012-07-28 02:00:00+00:00,0.03336375,0.09535987247187501,0.03469079315625,0.0,0.053,6.917894736157893,6.9178947,3.615789356814503e-08,0.0,0.0,0.053,0.0,0.002527036620504688,1
2012-07-28 02:30:00+00:00,0.03380655,0.095866326078875,0.03515120552624999,0.0,0.04,6.917894736157893,6.9178947,3.615789356814503e-08,0.0,0.0,0.04,0.0,0.0019173265215775002,1
2012-07-28 03:00:00+00:00,0.0342186,0.09633760929650001,0.035579644815000006,0.0,0.04,6.917894736157893,6.9178947,3.615789356814503e-08,0.0,0.0,0.04,0.0,0.0019267521859300002,1
2012-07-28 03:30:00+00:00,0.03411405,0.096218029972625,0.035470936338749995,0.0,0.201,6.917894736157893,6.9178947,3.615789356814503e-08,0.0,0.0,0.201,0.0,0.009669912012248814,1
2012-07-28 04:00:00+00:00,0.0326934,0.0945931579835,0.03399377998499999,0.0,0.434,7.287499997657894,7.2875,0.36960526384210635,0.77811634,0.0,1.21211634,0.0,0.0573289562220009,1
2012-07-28 04:30:00+00:00,0.03085455,0.092489968698875,0.03208178972625,0.0,0.461,7.999999997657893,8.0,0.7125000023421064,1.5,0.0,1.961,0.0,0.09068641430924694,1
2012-07-28 05:00:00+00:00,0.0314634,0.32308634240850004,0.032714856735000006,0.0,0.459,7.758421050289472,7.7584211,0.4824007976578928,0.0,0.459,0.0,-0.0,0.0,1
2012-07-28 05:30:00+00:00,0.03207225,0.32378271611812504,0.033347923743749994,0.0,0.296,7.602631576605262,7.6026316,0.511800950289472,0.0,0.296,0.0,-0.0,0.0,1
2012-07-28 06:00:00+00:00,0.03209685,0.32381085242962504,0.033373502208749996,0.0,0.059,7.571578945026315,7.5715789,0.5343977766052621,0.0,0.059,0.0,-0.0,0.0,1
2012-07-28 06:30:00+00:00,0.03385575,0.325822598701875,0.03520236245624999,0.0,0.061,7.53947368186842,7.5394737,0.5448712450263145,0.0,0.061,0.0,-0.0,0.0,1
2012-07-28 07:00:00+00:00,0.0340341,0.32602658696025005,0.0353878063275,0.0,0.034,7.521578945026314,7.5215789,0.5329104818684192,0.0,0.034,0.0,-0.0,0.0,1
2012-07-28 07:30:00+00:00,0.0335544,0.325477928886,0.03488902625999999,0.038,0.053,7.513684208184209,7.5136842,0.5011611450263143,0.0,0.015,0.0,-0.0,0.0,1
2012-07-28 08:00:00+00:00,0.0350919,0.32723644835475,0.0364876803225,0.144,0.028,7.568784208184209,7.5687842,0.4535269081842088,0.116,0.0,2.7755575615628914e-17,0.0,4.541317993250055e-18,1
2012-07-28 08:30:00+00:00,0.0360759,0.32836190081475,0.037510818922499994,0.225,0.04,7.65665920818421,7.6566592,0.39612390818420895,0.185,0.0,0.0,-0.0,0.0,1
2012-07-28 09:00:00+00:00,0.03802545,0.33059170350112504,0.03953791227375,0.306,0.053,7.7768342081842095,7.7768342,0.3364877081842099,0.253,0.0,0.0,-0.0,0.0,1
2012-07-28 09:30:00+00:00,0.03870195,0.331365452067375,0.040241320061249995,0.363,0.022,7.938809208184209,7.9388092,0.28195930818420933,0.341,0.0,5.551115123125783e-17,0.0,9.197238861263085e-18,1
2012-07-28 10:00:00+00:00,0.03634035,0.328664366163375,0.03778578742125,0.413,0.053,8.0,8.0,0.23821200818420962,0.12882272,0.0,0.0,0.23117727999999999,-0.004367607779351394,1
2012-07-28 10:30:00+00:00,0.03688155,0.32928336501637506,0.03834851365125,0.444,0.047,8.0,8.0,0.20826879999999992,0.0,0.0,0.0,0.397,-0.007612179959773125,1
2012-07-28 11:00:00+00:00,0.0352641,0.14703340253525,0.036666729577499994,0.463,0.028,8.0,8.0,0.1922246999999997,0.0,0.0,0.0,0.435,-0.007975013683106248,1
2012-07-28 11:30:00+00:00,0.034563,0.1462315176575,0.035937743325,0.488,0.059,8.0,8.0,0.1877034000000002,0.0,0.0,0.0,0.429,-0.0077086459432124995,1
2012-07-28 12:00:00+00:00,0.0342309,0.14585167745225,0.0355924340475,0.488,0.034,8.0,8.0,0.1908840999999999,0.0,0.0,0.0,0.45399999999999996,-0.0080794825287825,1
2012-07-28 12:30:00+00:00,0.03373275,0.145281917144375,0.03507447013125,0.488,0.04,8.0,8.0,0.0,0.0,0.0,0.0,0.448,-0.0078566813094,1
2012-07-28 13:00:00+00:00,0.03217065,0.143495261364125,0.033450237603749995,0.469,0.065,8.0,8.0,0.0,0.0,0.0,0.0,0.40399999999999997,-0.006756947995957499,1
2012-07-28 13:30:00+00:00,0.0320907,0.14340381835175,0.0333671075925,0.425,0.022,8.0,8.0,0.0,0.0,0.0,0.0,0.40299999999999997,-0.006723472179888749,1
2012-07-28 14:00:00+00:00,0.03169095,0.142946603289875,0.03295145753625,0.419,0.059,8.0,8.0,0.0,0.0,0.0,0.0,0.36,-0.005931262356524999,1
2012-07-28 14:30:00+00:00,0.03110055,0.142271331813875,0.03233757437625,0.35,0.053,8.0,8.0,0.0,0.0,0.0,0.0,0.297,-0.004802129794873124,1
2012-07-28 15:00:00+00:00,0.03204765,0.14335457980662497,0.03332234527874999,0.175,0.028,8.0,8.0,0.0,0.0,0.0,0.0,0.147,-0.002449192377988124,1
2012-07-28 15:30:00+00:00,0.0327795,0.14419163507375,0.0340833046125,0.2,0.065,8.0,8.0,0.0,0.0,0.0,0.0,0.135,-0.00230062306134375,1
2012-07-28 16:00:00+00:00,0.0335667,0.14509199704175,0.034901815492499995,0.163,0.034,8.0,8.0,0.0,0.0,0.0,0.0,0.129,-0.00225116709926625,1
2012-07-28 16:30:00+00:00,0.03417555,0.145788370751375,0.03553488250125,0.025,0.053,7.985263157894737,7.9852632,0.23692639999999976,0.0,0.028,0.0,3.469446951953614e-18,-6.164319489099581e-20,1
2012-07-28 17:00:00+00:00,0.0352149,0.14697712991225,0.0366155726475,0.0,0.071,7.947894736842105,7.9478947,0.3938750578947374,0.0,0.071,0.0,-0.0,0.0,1
2012-07-28 17:30:00+00:00,0.0359283,0.14779308294575,0.0373573481325,0.0,0.028,7.933157894736842,7.9331579,0.43832913684210517,0.0,0.028,0.0,-0.0,0.0,1
2012-07-28 18:00:00+00:00,0.04289625,0.155762693178125,0.04460244834374999,0.0,0.059,7.902105263157895,7.9021053,0.4767000947368425,0.0,0.059,0.0,-0.0,0.0,1
2012-07-28 18:30:00+00:00,0.04833285,0.161980818019625,0.05025528910874999,0.0,0.053,7.87421052631579,7.8742105,0.5047183631578953,0.0,0.053,0.0,-0.0,0.0,1
2012-07-28 19:00:00+00:00,0.04327755,0.156198806006375,0.04499891455125,0.0,0.04,7.853157894736842,7.8531579,0.5200794263157897,0.0,0.04,0.0,-0.0,0.0,1
2012-07-28 19:30:00+00:00,0.03909555,0.15141563305137498,0.04065057550125,0.0,0.071,7.815789473684211,7.8157895,0.5206057947368423,0.0,0.071,0.0,-0.0,0.0,1
2012-07-28 20:00:00+00:00,0.038745,0.1510146906125,0.040286082375,0.0,0.028,7.801052631578948,7.8010526,0.5134830736842106,0.0,0.028,0.0,-0.0,0.0,1
2012-07-28 20:30:00+00:00,0.04130955,0.15394790108637502,0.042952637351249996,0.0,0.047,7.776315789473685,7.7763158,0.5022525315789474,0.0,0.047,0.0,-0.0,0.0,1
2012-07-28 21:00:00+00:00,0.0401964,0.15267473299099998,0.041795211809999996,0.0,0.065,7.742105263157895,7.7421053,0.49032928947368504,0.0,0.065,0.0,-0.0,0.0,1
2012-07-28 21:30:00+00:00,0.03635265,0.14827843431912502,0.03779857665375,0.0,0.022,7.730526315789474,7.7305263,0.480449363157895,0.0,0.022,0.0,-0.0,0.0,1
2012-07-28 22:00:00+00:00,0.03533175,0.147110777391875,0.03673707035625,0.0,0.206,7.622105263157895,7.6221053,0.47620931578947356,0.0,0.206,0.0,-0.0,0.0,1
2012-07-28 22:30:00+00:00,0.03881265,0.15109206546912501,0.040356423153749994,0.0,0.452,7.38421052631579,7.3842105,0.47759156315789486,0.0,0.452,0.0,-0.0,0.0,1
2012-07-28 23:00:00+00:00,0.0366786,0.14865124044650002,0.038137491315,0.0,0.427,7.159473684210527,7.1594737,0.48240112631578924,0.0,0.427,0.0,-0.0,0.0,1
2012-07-28 23:30:00+00:00,0.0375396,0.14963601134899998,0.03903273759,0.0,0.461,6.916842105263158,6.9168421,0.4860494842105263,0.0,0.461,0.0,-0.0,0.0,1
2012-07-29 00:00:00+00:00,0.03634035,0.09876436616337503,0.03778578742125,0.0,0.442,6.916842105263158,6.9168421,5.263157909496385e-09,0.0,0.0,0.442,0.0,0.021826924922105882,1
2012-07-29 00:30:00+00:00,0.03504885,0.09728720980962502,0.03644291800875,0.0,0.177,6.916842105263158,6.9168421,5.263157909496385e-09,0.0,0.0,0.177,0.0,0.008609918068151813,1
2012-07-29 01:00:00+00:00,0.0351411,0.09739272097775001,0.036538837252500005,0.0,0.059,6.916842105263158,6.9168421,5.263157909496385e-09,0.0,0.0,0.059,0.0,0.002873085268843625,1
2012-07-29 01:30:00+00:00,0.03469215,0.096879233292875,0.03607203026624999,0.0,0.028,6.916842105263158,6.9168421,5.263157909496385e-09,0.0,0.0,0.028,0.0,0.00135630926610025,1
2012-07-29 02:00:00+00:00,0.03370815,0.095753780832875,0.03504889166625,0.0,0.054,6.916842105263158,6.9168421,5.263157909496385e-09,0.0,0.0,0.054,0.0,0.002585352082487625,1
2012-07-29 02:30:00+00:00,0.0342432,0.09636574560800001,0.035605223279999994,0.0,0.053,6.916842105263158,6.9168421,5.263157909496385e-09,0.0,0.0,0.053,0.0,0.0025536922586120005,1
2012-07-29 03:00:00+00:00,0.033825,0.0958874283125,0.035170389375,0.0,0.021,6.916842105263158,6.9168421,5.263157909496385e-09,0.0,0.0,0.021,0.0,0.0010068179972812501,1
2012-07-29 03:30:00+00:00,0.0324597,0.09432586302425003,0.033750784567500004,0.0,0.205,6.916842105263158,6.9168421,5.263157909496385e-09,0.0,0.0,0.205,0.0,0.009668400959985628,1
2012-07-29 04:00:00+00:00,0.03161715,0.093362194355375,0.03287472214124999,0.0,0.448,7.629342105263158,7.6293421,0.7124999947368416,1.5,0.0,1.948,0.0,0.09093477730213526,1
2012-07-29 04:30:00+00:00,0.0321399,0.09396009097475001,0.0334182645225,0.0,0.457,8.0,8.0,0.3706578947368424,0.78033241,0.0,1.23733241,0.0,0.058129932904803346,1
2012-07-29 05:00:00+00:00,0.03321615,0.3250910546028751,0.03453732236625,0.0,0.463,7.7563157894736845,7.7563158,0.4700867000000004,0.0,0.463,0.0,-0.0,0.0,1
2012-07-29 05:30:00+00:00,0.0314142,0.32303006978550003,0.032663699805,0.0,0.303,7.596842105263158,7.5968421,0.49924098947368467,0.0,0.303,0.0,-0.0,0.0,1
2012-07-29 06:00:00+00:00,0.03121125,0.32279794521562505,0.032452677468749996,0.0,0.04,7.57578947368421,7.5757895,0.5216425052631575,0.0,0.04,0.0,-0.0,0.0,1
2012-07-29 06:30:00+00:00,0.0321153,0.32383195466325004,0.033392686057499996,0.0,0.066,7.541052631578947,7.5410526,0.5319705736842106,0.0,0.066,0.0,-0.0,0.0,1
2012-07-29 07:00:00+00:00,0.03311775,0.324978509356875,0.034435008506249996,0.0,0.035,7.522631578947368,7.5226316,0.5199352315789474,0.0,0.035,0.0,-0.0,0.0,1
2012-07-29 07:30:00+00:00,0.03274875,0.32455646468437505,0.03405133153125,0.038,0.053,7.514736842105263,7.5147368,0.4881725789473679,0.0,0.015,0.0,-0.0,0.0,1
2012-07-29 08:00:00+00:00,0.0345138,0.32657524503450003,0.035886586394999996,0.131,0.047,7.554636842105263,7.5546368,0.4405820421052633,0.084,0.0,0.0,-0.0,0.0,1
2012-07-29 08:30:00+00:00,0.0341694,0.3261813366735001,0.035528487885,0.231,0.022,7.653911842105263,7.6539118,0.3832753421052635,0.209,0.0,0.0,2.7755575615628914e-17,-4.930568160005367e-19,1
2012-07-29 09:00:00+00:00,0.03605745,0.328340798581125,0.037491635073749995,0.306,0.053,7.7740868421052625,7.7740868,0.3237823421052628,0.253,0.0,0.0,-0.0,0.0,1
2012-07-29 09:30:00+00:00,0.03813615,0.330718316902875,0.03965301536625,0.369,0.034,7.933211842105263,7.9332118,0.2694378421052628,0.335,0.0,0.0,-0.0,0.0,1
2012-07-29 10:00:00+00:00,0.0379332,0.33048619233300003,0.03944199303,0.406,0.04,8.0,8.0,0.2259095421052626,0.14060665,0.0,0.0,0.22539335000000002,-0.004444981469854175,1
2012-07-29 10:30:00+00:00,0.03769335,0.33021186329587504,0.03919260299625,0.444,0.053,8.0,8.0,0.1962149000000002,0.0,0.0,0.0,0.391,-0.007662153885766875,1
2012-07-29 11:00:00+00:00,0.03813615,0.150318316902875,0.03965301536625,0.469,0.022,8.0,8.0,0.0,0.0,0.0,0.0,0.44699999999999995,-0.008862448934356875,1
2012-07-29 11:30:00+00:00,0.0374535,0.14953753425875002,0.0389432129625,0.494,0.053,8.0,8.0,0.0,0.0,0.0,0.0,0.441,-0.00858697845823125,1
2012-07-29 12:00:00+00:00,0.0359898,0.1478634237245,0.037421294295000004,0.481,0.053,8.0,8.0,0.0,0.0,0.0,0.0,0.428,-0.00800815697913,1
2012-07-29 12:30:00+00:00,0.0350796,0.146822380199,0.03647489109,0.444,0.028,8.0,8.0,0.0,0.0,0.0,0.0,0.416,-0.00758677734672,1
2012-07-29 13:00:00+00:00,0.0352518,0.14701933437950002,0.036653940345,0.3,0.059,8.0,8.0,0.0,0.0,0.0,0.0,0.241,-0.004416799811572499,1
2012-07-29 13:30:00+00:00,0.03449535,0.146154142800875,0.03586740254625,0.169,0.04,8.0,8.0,0.0,0.0,0.0,0.0,0.129,-0.002313447464233125,1
2012-07-29 14:00:00+00:00,0.0344769,0.14613304056725002,0.035848218697499996,0.069,0.04,8.0,8.0,0.0,0.0,0.0,0.0,0.029000000000000005,-0.0005197991711137501,1
2012-07-29 14:30:00+00:00,0.03444,0.14609083609999998,0.035809851,0.106,0.059,8.0,8.0,0.0,0.0,0.0,0.0,0.047,-0.0008415314984999999,1
2012-07-29 15:00:00+00:00,0.03445845,0.146111938333625,0.035829034848750003,0.194,0.028,8.0,8.0,0.0,0.0,0.0,0.0,0.166,-0.0029738098924462506,1
2012-07-29 15:30:00+00:00,0.0346737,0.14635813105925,0.0360528464175,0.25,0.053,8.0,8.0,0.0,0.0,0.0,0.0,0.197,-0.00355120537212375,1
2012-07-29 16:00:00+00:00,0.03685695,0.148855228704875,0.03832293518625,0.169,0.053,8.0,8.0,0.0,0.0,0.0,0.0,0.11600000000000002,-0.0022227302408025004,1
2012-07-29 16:30:00+00:00,0.04052235,0.153047539118375,0.04213412647125,0.069,0.034,8.0,8.0,0.0,0.0,0.0,0.0,0.035,-0.0007373472132468751,1
2012-07-29 17:00:00+00:00,0.0446736,0.157795541684,0.04645049244,0.013,0.065,8.0,8.0,0.0,0.0,0.0,0.052000000000000005,0.0,0.004102684083784,1
2012-07-29 17:30:00+00:00,0.04028865,0.152780244159125,0.041891131053749996,0.0,0.04,8.0,8.0,0.0,0.0,0.0,0.04,0.0,0.0030556048831825,1
2012-07-29 18:00:00+00:00,0.06819735,0.18470088955587502,0.07090989959625,0.0,0.046,7.975789473684211,7.9757895,0.47034480000000034,0.0,0.046,0.0,-0.0,0.0,1
2012-07-29 18:30:00+00:00,0.0773916,0.195216835979,0.08046985088999999,0.0,0.059,7.9447368421052635,7.9447368,0.4988131736842112,0.0,0.059,0.0,-0.0,0.0,1
2012-07-29 19:00:00+00:00,0.07482705,0.192283625505125,0.07780329591375,0.0,0.034,7.926842105263158,7.9268421,0.5146275421052637,0.0,0.034,0.0,-0.0,0.0,1
2012-07-29 19:30:00+00:00,0.06155535,0.177104085450875,0.06400371404625,0.0,0.059,7.895789473684211,7.8957895,0.5156144052631575,0.0,0.059,0.0,-0.0,0.0,1
2012-07-29 20:00:00+00:00,0.05044845,0.164400540808625,0.05245503709875,0.0,0.059,7.8647368421052635,7.8647368,0.5089406736842106,0.0,0.059,0.0,-0.0,0.0,1
2012-07-29 20:30:00+00:00,0.05602035,0.170773415363375,0.05824855942124999,0.0,0.022,7.853157894736842,7.8531579,0.4981447421052634,0.0,0.022,0.0,-0.0,0.0,1
2012-07-29 21:00:00+00:00,0.04338825,0.15632541940812503,0.045114017643750004,0.0,0.059,7.822105263157895,7.8221053,0.4866405947368424,0.0,0.059,0.0,-0.0,0.0,1
2012-07-29 21:30:00+00:00,0.0393231,0.15167589393275002,0.0408871763025,0.0,0.046,7.797894736842106,7.7978947,0.4771630631578949,0.0,0.046,0.0,-0.0,0.0,1
2012-07-29 22:00:00+00:00,0.03642645,0.148362843253625,0.03787531204875,0.0,0.183,7.7015789473684215,7.7015789,0.47330093684210617,0.0,0.183,0.0,-0.0,0.0,1
2012-07-29 22:30:00+00:00,0.03573765,0.14757502653162502,0.037159115028749995,0.0,0.457,7.461052631578948,7.4610526,0.47503384736842147,0.0,0.457,0.0,-0.0,0.0,1
2012-07-29 23:00:00+00:00,0.0353625,0.14714594778125,0.036769043437499996,0.0,0.433,7.233157894736842,7.2331579,3.157894745697831e-08,0.0,0.433,0.0,-0.0,0.0,1
2012-07-29 23:30:00+00:00,0.0356577,0.14748358351925,0.0370759850175,0.0,0.446,6.998421052631579,6.9984211,0.48410869473684226,0.0,0.446,0.0,-0.0,0.0,1
2012-07-30 00:00:00+00:00,0.0341817,0.09629540482925002,0.035541277117500006,0.0,0.454,6.998421052631579,6.9984211,0.2347368473684215,0.0,0.0,0.454,0.0,0.021859056896239754,1
