140 jobs x 4 capacities x 10 controllers on 10 workers
  [Fluvius 1 | Dinamični | 5 kWh] no_battery                        540.40 EUR  (   1.8 s)
  [Fluvius 2 | Aktivni | 5 kWh] no_battery                        590.82 EUR  (   1.8 s)
  [Fluvius 1 | Aktivni | 5 kWh] no_battery                        554.16 EUR  (   1.8 s)
  [Fluvius 1 | Redni 1T | 5 kWh] no_battery                        501.17 EUR  (   1.8 s)
  [Fluvius 2 | Redni 1T | 5 kWh] no_battery                        566.69 EUR  (   1.8 s)
  [Fluvius 2 | Dinamični | 5 kWh] no_battery                        573.99 EUR  (   1.8 s)
  [Fluvius 3 | Aktivni | 5 kWh] no_battery                        676.64 EUR  (   1.8 s)
  [Fluvius 3 | Dinamični | 5 kWh] no_battery                        643.37 EUR  (   1.8 s)
  [Fluvius 2 | Redni 2T | 5 kWh] no_battery                        586.75 EUR  (   1.8 s)
  [Fluvius 1 | Redni 2T | 5 kWh] no_battery                        521.34 EUR  (   1.9 s)
  [Fluvius 2 | Aktivni | 5 kWh] self_consumption                  590.85 EUR  (   1.6 s)
  [Fluvius 1 | Dinamični | 5 kWh] self_consumption                  540.63 EUR  (   1.8 s)
  [Fluvius 1 | Aktivni | 5 kWh] self_consumption                  554.17 EUR  (   1.8 s)
  [Fluvius 3 | Aktivni | 5 kWh] self_consumption                  676.67 EUR  (   1.7 s)
  [Fluvius 3 | Dinamični | 5 kWh] self_consumption                  643.67 EUR  (   1.7 s)
  [Fluvius 2 | Redni 2T | 5 kWh] self_consumption                  586.82 EUR  (   1.7 s)
  [Fluvius 2 | Dinamični | 5 kWh] self_consumption                  574.29 EUR  (   1.8 s)
  [Fluvius 1 | Redni 1T | 5 kWh] self_consumption                  501.21 EUR  (   1.9 s)
  [Fluvius 2 | Redni 1T | 5 kWh] self_consumption                  566.73 EUR  (   1.9 s)
  [Fluvius 1 | Redni 2T | 5 kWh] self_consumption                  521.40 EUR  (   1.8 s)
  [Fluvius 2 | Aktivni | 5 kWh] fixed_schedule                    681.07 EUR  (   1.8 s)
  [Fluvius 2 | Dinamični | 5 kWh] fixed_schedule                    565.24 EUR  (   1.7 s)
  [Fluvius 1 | Dinamični | 5 kWh] fixed_schedule                    506.17 EUR  (   1.9 s)
  [Fluvius 3 | Dinamični | 5 kWh] fixed_schedule                    619.08 EUR  (   1.7 s)
  [Fluvius 1 | Aktivni | 5 kWh] fixed_schedule                    609.51 EUR  (   1.8 s)
  [Fluvius 3 | Aktivni | 5 kWh] fixed_schedule                    748.69 EUR  (   1.8 s)
  [Fluvius 1 | Redni 1T | 5 kWh] fixed_schedule                    515.86 EUR  (   1.7 s)
  [Fluvius 2 | Redni 2T | 5 kWh] fixed_schedule                    575.18 EUR  (   1.8 s)
  [Fluvius 2 | Redni 1T | 5 kWh] fixed_schedule                    584.02 EUR  (   1.7 s)
  [Fluvius 1 | Redni 2T | 5 kWh] fixed_schedule                    508.29 EUR  (   1.9 s)
  [Fluvius 2 | Aktivni | 5 kWh] delayed_pv_charge                 590.85 EUR  (   1.8 s)
  [Fluvius 1 | Dinamični | 5 kWh] delayed_pv_charge                 540.63 EUR  (   1.7 s)
  [Fluvius 2 | Dinamični | 5 kWh] delayed_pv_charge                 574.29 EUR  (   1.8 s)
  [Fluvius 3 | Aktivni | 5 kWh] delayed_pv_charge                 676.67 EUR  (   1.8 s)
  [Fluvius 3 | Dinamični | 5 kWh] delayed_pv_charge                 643.67 EUR  (   1.8 s)
  [Fluvius 1 | Redni 1T | 5 kWh] delayed_pv_charge                 501.21 EUR  (   1.7 s)
  [Fluvius 1 | Aktivni | 5 kWh] delayed_pv_charge                 554.17 EUR  (   1.8 s)
  [Fluvius 2 | Redni 1T | 5 kWh] delayed_pv_charge                 566.73 EUR  (   1.8 s)
  [Fluvius 2 | Redni 2T | 5 kWh] delayed_pv_charge                 586.82 EUR  (   1.8 s)
  [Fluvius 1 | Redni 2T | 5 kWh] delayed_pv_charge                 521.40 EUR  (   1.8 s)
  [Fluvius 2 | Aktivni | 5 kWh] price_threshold                   479.72 EUR  (   1.8 s)
  [Fluvius 1 | Dinamični | 5 kWh] price_threshold                   484.01 EUR  (   1.8 s)
  [Fluvius 2 | Redni 1T | 5 kWh] price_threshold                   566.73 EUR  (   1.6 s)
  [Fluvius 2 | Dinamični | 5 kWh] price_threshold                   524.34 EUR  (   1.8 s)
  [Fluvius 3 | Dinamični | 5 kWh] price_threshold                   589.33 EUR  (   1.7 s)
  [Fluvius 1 | Redni 1T | 5 kWh] price_threshold                   501.21 EUR  (   1.8 s)
  [Fluvius 3 | Aktivni | 5 kWh] price_threshold                   541.74 EUR  (   1.8 s)
  [Fluvius 2 | Redni 2T | 5 kWh] price_threshold                   570.23 EUR  (   1.8 s)
  [Fluvius 1 | Aktivni | 5 kWh] price_threshold                   430.58 EUR  (   2.0 s)
  [Fluvius 1 | Redni 2T | 5 kWh] price_threshold                   505.07 EUR  (   1.9 s)
  [Fluvius 2 | Aktivni | 5 kWh] price_rank_daily                  494.52 EUR  (   1.8 s)
  [Fluvius 2 | Dinamični | 5 kWh] price_rank_daily                  490.99 EUR  (   1.7 s)
  [Fluvius 3 | Dinamični | 5 kWh] price_rank_daily                  546.18 EUR  (   1.7 s)
  [Fluvius 2 | Redni 1T | 5 kWh] price_rank_daily                  566.73 EUR  (   1.7 s)
  [Fluvius 1 | Dinamični | 5 kWh] price_rank_daily                  442.65 EUR  (   1.8 s)
  [Fluvius 1 | Redni 1T | 5 kWh] price_rank_daily                  501.21 EUR  (   1.8 s)
  [Fluvius 3 | Aktivni | 5 kWh] price_rank_daily                  555.31 EUR  (   1.8 s)
  [Fluvius 2 | Redni 2T | 5 kWh] price_rank_daily                  571.75 EUR  (   1.8 s)
  [Fluvius 1 | Aktivni | 5 kWh] price_rank_daily                  433.05 EUR  (   1.8 s)
  [Fluvius 1 | Redni 2T | 5 kWh] price_rank_daily                  507.44 EUR  (   1.7 s)
  [Fluvius 3 | Dinamični | 5 kWh] peak_shaving                      636.28 EUR  (   1.7 s)
  [Fluvius 2 | Redni 1T | 5 kWh] peak_shaving                      563.14 EUR  (   1.7 s)
  [Fluvius 2 | Aktivni | 5 kWh] peak_shaving                      591.75 EUR  (   1.8 s)
  [Fluvius 2 | Dinamični | 5 kWh] peak_shaving                      570.85 EUR  (   1.9 s)
  [Fluvius 1 | Redni 1T | 5 kWh] peak_shaving                      496.78 EUR  (   1.8 s)
  [Fluvius 3 | Aktivni | 5 kWh] peak_shaving                      672.48 EUR  (   1.7 s)
  [Fluvius 1 | Dinamični | 5 kWh] peak_shaving                      532.41 EUR  (   1.9 s)
  [Fluvius 1 | Aktivni | 5 kWh] peak_shaving                      551.28 EUR  (   1.8 s)
  [Fluvius 2 | Redni 2T | 5 kWh] peak_shaving                      581.83 EUR  (   2.0 s)
  [Fluvius 1 | Redni 2T | 5 kWh] peak_shaving                      515.17 EUR  (   1.8 s)
  [Fluvius 2 | Redni 1T | 5 kWh] self_consumption_peak_shaving     563.16 EUR  (   1.8 s)
  [Fluvius 3 | Dinamični | 5 kWh] self_consumption_peak_shaving     636.70 EUR  (   1.8 s)
  [Fluvius 2 | Aktivni | 5 kWh] self_consumption_peak_shaving     591.87 EUR  (   1.9 s)
  [Fluvius 1 | Redni 1T | 5 kWh] self_consumption_peak_shaving     496.80 EUR  (   1.8 s)
  [Fluvius 3 | Aktivni | 5 kWh] self_consumption_peak_shaving     672.57 EUR  (   1.8 s)
  [Fluvius 2 | Dinamični | 5 kWh] self_consumption_peak_shaving     571.13 EUR  (   1.9 s)
  [Fluvius 1 | Dinamični | 5 kWh] self_consumption_peak_shaving     532.59 EUR  (   1.8 s)
  [Fluvius 2 | Redni 2T | 5 kWh] self_consumption_peak_shaving     581.89 EUR  (   1.7 s)
  [Fluvius 1 | Aktivni | 5 kWh] self_consumption_peak_shaving     551.27 EUR  (   1.8 s)
  [Fluvius 1 | Redni 2T | 5 kWh] self_consumption_peak_shaving     515.19 EUR  (   1.8 s)
  [Fluvius 3 | Dinamični | 5 kWh] price_oracle                      582.54 EUR  (   1.8 s)
  [Fluvius 2 | Redni 1T | 5 kWh] price_oracle                      566.73 EUR  (   1.8 s)
  [Fluvius 2 | Dinamični | 5 kWh] price_oracle                      519.29 EUR  (   1.7 s)
  [Fluvius 2 | Aktivni | 5 kWh] price_oracle                      479.35 EUR  (   1.8 s)
  [Fluvius 3 | Aktivni | 5 kWh] price_oracle                      541.66 EUR  (   1.8 s)
  [Fluvius 1 | Redni 1T | 5 kWh] price_oracle                      501.21 EUR  (   1.9 s)
  [Fluvius 1 | Dinamični | 5 kWh] price_oracle                      478.05 EUR  (   2.0 s)
  [Fluvius 2 | Redni 2T | 5 kWh] price_oracle                      569.92 EUR  (   1.7 s)
  [Fluvius 1 | Redni 2T | 5 kWh] price_oracle                      504.60 EUR  (   1.7 s)
  [Fluvius 1 | Aktivni | 5 kWh] price_oracle                      430.61 EUR  (   1.9 s)
  [Fluvius 2 | Redni 2T | 5 kWh] milp_full_period                  564.53 EUR  (  36.1 s)
  [Fluvius 3 | Aktivni | 5 kWh] milp_full_period                  520.59 EUR  (  37.5 s)
  [Fluvius 2 | Aktivni | 5 kWh] milp_full_period                  448.78 EUR  (  37.7 s)
  [Fluvius 1 | Redni 2T | 5 kWh] milp_full_period                  500.01 EUR  (  37.8 s)
  [Fluvius 2 | Redni 2T | 10 kWh] no_battery                        586.75 EUR  (   1.8 s)
  [Fluvius 1 | Aktivni | 5 kWh] milp_full_period                  402.49 EUR  (  39.2 s)
  [Fluvius 3 | Aktivni | 10 kWh] no_battery                        676.64 EUR  (   1.9 s)
  [Fluvius 2 | Aktivni | 10 kWh] no_battery                        590.82 EUR  (   2.0 s)
  [Fluvius 1 | Redni 2T | 10 kWh] no_battery                        521.34 EUR  (   1.7 s)
  [Fluvius 2 | Redni 2T | 10 kWh] self_consumption                  586.88 EUR  (   1.9 s)
  [Fluvius 3 | Aktivni | 10 kWh] self_consumption                  676.72 EUR  (   2.0 s)
  [Fluvius 2 | Aktivni | 10 kWh] self_consumption                  590.88 EUR  (   1.9 s)
  [Fluvius 1 | Aktivni | 10 kWh] no_battery                        554.16 EUR  (   2.0 s)
  [Fluvius 1 | Redni 2T | 10 kWh] self_consumption                  521.47 EUR  (   1.9 s)
  [Fluvius 2 | Redni 2T | 10 kWh] fixed_schedule                    574.74 EUR  (   1.9 s)
  [Fluvius 3 | Aktivni | 10 kWh] fixed_schedule                    745.93 EUR  (   2.0 s)
  [Fluvius 2 | Aktivni | 10 kWh] fixed_schedule                    682.51 EUR  (   2.0 s)
  [Fluvius 1 | Aktivni | 10 kWh] self_consumption                  554.23 EUR  (   1.9 s)
  [Fluvius 1 | Redni 2T | 10 kWh] fixed_schedule                    507.77 EUR  (   1.9 s)
  [Fluvius 2 | Redni 2T | 10 kWh] delayed_pv_charge                 586.88 EUR  (   2.0 s)
  [Fluvius 3 | Aktivni | 10 kWh] delayed_pv_charge                 676.72 EUR  (   1.9 s)
  [Fluvius 2 | Aktivni | 10 kWh] delayed_pv_charge                 590.88 EUR  (   1.9 s)
  [Fluvius 1 | Aktivni | 10 kWh] fixed_schedule                    604.91 EUR  (   2.0 s)
  [Fluvius 1 | Redni 2T | 10 kWh] delayed_pv_charge                 521.47 EUR  (   2.0 s)
  [Fluvius 2 | Redni 2T | 10 kWh] price_threshold                   566.14 EUR  (   2.0 s)
  [Fluvius 2 | Aktivni | 10 kWh] price_threshold                   473.71 EUR  (   1.8 s)
  [Fluvius 3 | Aktivni | 10 kWh] price_threshold                   521.38 EUR  (   2.0 s)
  [Fluvius 1 | Aktivni | 10 kWh] delayed_pv_charge                 554.23 EUR  (   2.0 s)
  [Fluvius 1 | Redni 2T | 10 kWh] price_threshold                   501.63 EUR  (   2.0 s)
  [Fluvius 2 | Redni 2T | 10 kWh] price_rank_daily                  571.32 EUR  (   2.0 s)
  [Fluvius 2 | Aktivni | 10 kWh] price_rank_daily                  474.99 EUR  (   2.0 s)
  [Fluvius 3 | Aktivni | 10 kWh] price_rank_daily                  532.11 EUR  (   2.1 s)
  [Fluvius 1 | Aktivni | 10 kWh] price_threshold                   426.19 EUR  (   1.8 s)
  [Fluvius 1 | Redni 2T | 10 kWh] price_rank_daily                  506.66 EUR  (   1.9 s)
  [Fluvius 2 | Redni 2T | 10 kWh] peak_shaving                      581.85 EUR  (   1.9 s)
  [Fluvius 2 | Aktivni | 10 kWh] peak_shaving                      591.73 EUR  (   2.0 s)
  [Fluvius 1 | Aktivni | 10 kWh] price_rank_daily                  425.83 EUR  (   1.7 s)
  [Fluvius 3 | Aktivni | 10 kWh] peak_shaving                      672.44 EUR  (   1.9 s)
  [Fluvius 1 | Redni 2T | 10 kWh] peak_shaving                      515.23 EUR  (   1.9 s)
  [Fluvius 2 | Redni 2T | 10 kWh] self_consumption_peak_shaving     581.95 EUR  (   1.9 s)
  [Fluvius 1 | Aktivni | 10 kWh] peak_shaving                      551.27 EUR  (   1.7 s)
  [Fluvius 2 | Aktivni | 10 kWh] self_consumption_peak_shaving     591.84 EUR  (   2.0 s)
  [Fluvius 3 | Aktivni | 10 kWh] self_consumption_peak_shaving     672.63 EUR  (   1.9 s)
  [Fluvius 1 | Redni 2T | 10 kWh] self_consumption_peak_shaving     515.25 EUR  (   1.9 s)
  [Fluvius 2 | Redni 2T | 10 kWh] price_oracle                      565.75 EUR  (   1.9 s)
  [Fluvius 1 | Aktivni | 10 kWh] self_consumption_peak_shaving     551.38 EUR  (   1.9 s)
  [Fluvius 2 | Aktivni | 10 kWh] price_oracle                      473.32 EUR  (   1.9 s)
  [Fluvius 3 | Aktivni | 10 kWh] price_oracle                      521.21 EUR  (   1.9 s)
  [Fluvius 1 | Redni 2T | 10 kWh] price_oracle                      500.87 EUR  (   1.8 s)
  [Fluvius 1 | Aktivni | 10 kWh] price_oracle                      425.75 EUR  (   1.8 s)
  [Fluvius 3 | Dinamični | 5 kWh] milp_full_period                  470.11 EUR  (  65.8 s)
  [Fluvius 3 | Dinamični | 10 kWh] no_battery                        643.37 EUR  (   1.9 s)
  [Fluvius 2 | Dinamični | 5 kWh] milp_full_period                  410.22 EUR  (  69.2 s)
  [Fluvius 3 | Dinamični | 10 kWh] self_consumption                  643.97 EUR  (   1.9 s)
  [Fluvius 2 | Dinamični | 10 kWh] no_battery                        573.99 EUR  (   1.9 s)
  [Fluvius 3 | Dinamični | 10 kWh] fixed_schedule                    590.86 EUR  (   1.8 s)
  [Fluvius 2 | Dinamični | 10 kWh] self_consumption                  574.55 EUR  (   1.8 s)
  [Fluvius 3 | Dinamični | 10 kWh] delayed_pv_charge                 643.97 EUR  (   1.8 s)
  [Fluvius 2 | Dinamični | 10 kWh] fixed_schedule                    544.46 EUR  (   2.0 s)
  [Fluvius 3 | Dinamični | 10 kWh] price_threshold                   568.89 EUR  (   1.9 s)
  [Fluvius 1 | Dinamični | 5 kWh] milp_full_period                  371.09 EUR  (  76.3 s)
  [Fluvius 3 | Dinamični | 10 kWh] price_rank_daily                  515.51 EUR  (   1.7 s)
  [Fluvius 2 | Dinamični | 10 kWh] delayed_pv_charge                 574.55 EUR  (   1.9 s)
  [Fluvius 3 | Dinamični | 10 kWh] peak_shaving                      636.06 EUR  (   1.8 s)
  [Fluvius 1 | Dinamični | 10 kWh] no_battery                        540.40 EUR  (   1.9 s)
  [Fluvius 2 | Dinamični | 10 kWh] price_threshold                   507.52 EUR  (   1.9 s)
  [Fluvius 3 | Dinamični | 10 kWh] self_consumption_peak_shaving     636.81 EUR  (   1.8 s)
  [Fluvius 1 | Dinamični | 10 kWh] self_consumption                  540.71 EUR  (   1.8 s)
  [Fluvius 2 | Dinamični | 10 kWh] price_rank_daily                  466.72 EUR  (   1.8 s)
  [Fluvius 1 | Dinamični | 10 kWh] fixed_schedule                    482.30 EUR  (   1.8 s)
  [Fluvius 2 | Dinamični | 10 kWh] peak_shaving                      570.87 EUR  (   1.8 s)
  [Fluvius 3 | Dinamični | 10 kWh] price_oracle                      555.07 EUR  (   2.0 s)
  [Fluvius 2 | Dinamični | 10 kWh] self_consumption_peak_shaving     571.32 EUR  (   1.8 s)
  [Fluvius 1 | Dinamični | 10 kWh] delayed_pv_charge                 540.71 EUR  (   2.2 s)
  [Fluvius 2 | Dinamični | 10 kWh] price_oracle                      499.07 EUR  (   1.8 s)
  [Fluvius 1 | Dinamični | 10 kWh] price_threshold                   464.38 EUR  (   1.8 s)
  [Fluvius 2 | Redni 1T | 5 kWh] milp_full_period                  560.82 EUR  (  88.1 s)
  [Fluvius 1 | Dinamični | 10 kWh] price_rank_daily                  419.23 EUR  (   1.8 s)
  [Fluvius 1 | Redni 1T | 5 kWh] milp_full_period                  495.51 EUR  (  88.9 s)
  [Fluvius 2 | Redni 1T | 10 kWh] no_battery                        566.69 EUR  (   1.7 s)
  [Fluvius 1 | Dinamični | 10 kWh] peak_shaving                      532.51 EUR  (   1.8 s)
  [Fluvius 1 | Redni 2T | 10 kWh] milp_full_period                  495.55 EUR  (  35.3 s)
  [Fluvius 1 | Redni 1T | 10 kWh] no_battery                        501.17 EUR  (   1.8 s)
  [Fluvius 2 | Aktivni | 10 kWh] milp_full_period                  369.00 EUR  (  35.8 s)
  [Fluvius 2 | Redni 1T | 10 kWh] self_consumption                  566.77 EUR  (   1.7 s)
  [Fluvius 2 | Redni 2T | 10 kWh] milp_full_period                  559.97 EUR  (  37.6 s)
  [Fluvius 1 | Dinamični | 10 kWh] self_consumption_peak_shaving     532.69 EUR  (   1.8 s)
  [Fluvius 1 | Aktivni | 10 kWh] milp_full_period                  322.77 EUR  (  35.5 s)
  [Fluvius 1 | Redni 1T | 10 kWh] self_consumption                  501.25 EUR  (   1.7 s)
  [Fluvius 2 | Redni 1T | 10 kWh] fixed_schedule                    591.44 EUR  (   1.7 s)
  [Fluvius 1 | Redni 2T | 20 kWh] no_battery                        521.34 EUR  (   1.7 s)
  [Fluvius 1 | Dinamični | 10 kWh] price_oracle                      453.45 EUR  (   1.7 s)
  [Fluvius 2 | Aktivni | 20 kWh] no_battery                        590.82 EUR  (   1.7 s)
  [Fluvius 2 | Redni 2T | 20 kWh] no_battery                        586.75 EUR  (   1.7 s)
  [Fluvius 3 | Aktivni | 10 kWh] milp_full_period                  436.21 EUR  (  38.9 s)
  [Fluvius 1 | Redni 1T | 10 kWh] fixed_schedule                    522.75 EUR  (   1.7 s)
  [Fluvius 2 | Redni 1T | 10 kWh] delayed_pv_charge                 566.77 EUR  (   1.7 s)
  [Fluvius 1 | Aktivni | 20 kWh] no_battery                        554.16 EUR  (   1.7 s)
  [Fluvius 1 | Redni 2T | 20 kWh] self_consumption                  521.61 EUR  (   1.7 s)
  [Fluvius 2 | Aktivni | 20 kWh] self_consumption                  590.89 EUR  (   1.7 s)
  [Fluvius 2 | Redni 2T | 20 kWh] self_consumption                  587.02 EUR  (   1.7 s)
  [Fluvius 1 | Redni 1T | 10 kWh] delayed_pv_charge                 501.25 EUR  (   1.7 s)
  [Fluvius 2 | Redni 1T | 10 kWh] price_threshold                   566.77 EUR  (   1.7 s)
  [Fluvius 1 | Aktivni | 20 kWh] self_consumption                  554.09 EUR  (   1.7 s)
  [Fluvius 1 | Redni 2T | 20 kWh] fixed_schedule                    507.83 EUR  (   1.7 s)
  [Fluvius 3 | Aktivni | 20 kWh] no_battery                        676.64 EUR  (   1.7 s)
  [Fluvius 2 | Aktivni | 20 kWh] fixed_schedule                    682.60 EUR  (   1.8 s)
  [Fluvius 2 | Redni 2T | 20 kWh] fixed_schedule                    574.73 EUR  (   1.7 s)
  [Fluvius 1 | Redni 1T | 10 kWh] price_threshold                   501.25 EUR  (   1.7 s)
  [Fluvius 2 | Redni 1T | 10 kWh] price_rank_daily                  566.77 EUR  (   1.7 s)
  [Fluvius 1 | Aktivni | 20 kWh] fixed_schedule                    604.76 EUR  (   1.7 s)
  [Fluvius 1 | Redni 2T | 20 kWh] delayed_pv_charge                 521.61 EUR  (   1.7 s)
  [Fluvius 3 | Aktivni | 20 kWh] self_consumption                  676.68 EUR  (   1.7 s)
  [Fluvius 2 | Redni 2T | 20 kWh] delayed_pv_charge                 587.02 EUR  (   1.7 s)
  [Fluvius 2 | Aktivni | 20 kWh] delayed_pv_charge                 590.89 EUR  (   1.8 s)
  [Fluvius 1 | Redni 1T | 10 kWh] price_rank_daily                  501.25 EUR  (   1.7 s)
  [Fluvius 2 | Redni 1T | 10 kWh] peak_shaving                      563.15 EUR  (   1.8 s)
  [Fluvius 1 | Aktivni | 20 kWh] delayed_pv_charge                 554.09 EUR  (   1.7 s)
  [Fluvius 3 | Aktivni | 20 kWh] fixed_schedule                    746.00 EUR  (   1.7 s)
  [Fluvius 1 | Redni 2T | 20 kWh] price_threshold                   501.16 EUR  (   1.7 s)
  [Fluvius 2 | Aktivni | 20 kWh] price_threshold                   473.73 EUR  (   1.7 s)
  [Fluvius 2 | Redni 2T | 20 kWh] price_threshold                   565.77 EUR  (   1.8 s)
  [Fluvius 1 | Redni 1T | 10 kWh] peak_shaving                      496.82 EUR  (   1.7 s)
  [Fluvius 2 | Redni 1T | 10 kWh] self_consumption_peak_shaving     563.20 EUR  (   1.7 s)
  [Fluvius 1 | Aktivni | 20 kWh] price_threshold                   426.45 EUR  (   1.7 s)
  [Fluvius 1 | Redni 2T | 20 kWh] price_rank_daily                  508.13 EUR  (   1.7 s)
  [Fluvius 3 | Aktivni | 20 kWh] delayed_pv_charge                 676.68 EUR  (   1.7 s)
  [Fluvius 2 | Aktivni | 20 kWh] price_rank_daily                  473.78 EUR  (   1.7 s)
  [Fluvius 2 | Redni 2T | 20 kWh] price_rank_daily                  575.93 EUR  (   1.7 s)
  [Fluvius 1 | Redni 1T | 10 kWh] self_consumption_peak_shaving     496.86 EUR  (   1.7 s)
  [Fluvius 2 | Redni 1T | 10 kWh] price_oracle                      566.77 EUR  (   1.6 s)
  [Fluvius 1 | Aktivni | 20 kWh] price_rank_daily                  423.94 EUR  (   1.7 s)
  [Fluvius 3 | Aktivni | 20 kWh] price_threshold                   520.50 EUR  (   1.7 s)
  [Fluvius 1 | Redni 2T | 20 kWh] peak_shaving                      515.20 EUR  (   1.7 s)
  [Fluvius 2 | Aktivni | 20 kWh] peak_shaving                      591.68 EUR  (   1.7 s)
  [Fluvius 2 | Redni 2T | 20 kWh] peak_shaving                      581.92 EUR  (   1.6 s)
  [Fluvius 1 | Redni 1T | 10 kWh] price_oracle                      501.25 EUR  (   1.6 s)
  [Fluvius 1 | Aktivni | 20 kWh] peak_shaving                      551.06 EUR  (   1.7 s)
  [Fluvius 3 | Aktivni | 20 kWh] price_rank_daily                  526.88 EUR  (   1.6 s)
  [Fluvius 1 | Redni 2T | 20 kWh] self_consumption_peak_shaving     515.39 EUR  (   1.6 s)
  [Fluvius 2 | Redni 2T | 20 kWh] self_consumption_peak_shaving     582.08 EUR  (   1.6 s)
  [Fluvius 2 | Aktivni | 20 kWh] self_consumption_peak_shaving     591.90 EUR  (   1.6 s)
  [Fluvius 3 | Aktivni | 20 kWh] peak_shaving                      672.37 EUR  (   1.6 s)
  [Fluvius 1 | Aktivni | 20 kWh] self_consumption_peak_shaving     551.27 EUR  (   1.7 s)
  [Fluvius 1 | Redni 2T | 20 kWh] price_oracle                      500.24 EUR  (   1.6 s)
  [Fluvius 2 | Aktivni | 20 kWh] price_oracle                      473.03 EUR  (   1.6 s)
  [Fluvius 2 | Redni 2T | 20 kWh] price_oracle                      565.13 EUR  (   1.6 s)
  [Fluvius 3 | Aktivni | 20 kWh] self_consumption_peak_shaving     672.55 EUR  (   1.6 s)
  [Fluvius 1 | Aktivni | 20 kWh] price_oracle                      425.76 EUR  (   1.6 s)
  [Fluvius 3 | Aktivni | 20 kWh] price_oracle                      519.94 EUR  (   1.6 s)
  [Fluvius 1 | Aktivni | 20 kWh] milp_full_period                  170.82 EUR  (  40.8 s)
  [Fluvius 1 | Aktivni | 30 kWh] no_battery                        554.16 EUR  (   1.6 s)
  [Fluvius 2 | Aktivni | 20 kWh] milp_full_period                  216.27 EUR  (  45.7 s)
  [Fluvius 1 | Aktivni | 30 kWh] self_consumption                  554.17 EUR  (   1.6 s)
  [Fluvius 1 | Aktivni | 30 kWh] fixed_schedule                    604.82 EUR  (   1.6 s)
  [Fluvius 2 | Aktivni | 30 kWh] no_battery                        590.82 EUR  (   1.6 s)
  [Fluvius 1 | Aktivni | 30 kWh] delayed_pv_charge                 554.17 EUR  (   1.6 s)
  [Fluvius 2 | Aktivni | 30 kWh] self_consumption                  590.89 EUR  (   1.6 s)
  [Fluvius 1 | Aktivni | 30 kWh] price_threshold                   426.55 EUR  (   1.6 s)
  [Fluvius 2 | Aktivni | 30 kWh] fixed_schedule                    682.67 EUR  (   1.6 s)
  [Fluvius 1 | Redni 2T | 20 kWh] milp_full_period                  493.46 EUR  (  52.8 s)
  [Fluvius 1 | Aktivni | 30 kWh] price_rank_daily                  425.63 EUR  (   1.6 s)
  [Fluvius 2 | Aktivni | 30 kWh] delayed_pv_charge                 590.89 EUR  (   1.6 s)
  [Fluvius 3 | Aktivni | 20 kWh] milp_full_period                  283.50 EUR  (  50.2 s)
  [Fluvius 1 | Aktivni | 30 kWh] peak_shaving                      551.00 EUR  (   1.6 s)
  [Fluvius 2 | Aktivni | 30 kWh] price_threshold                   473.71 EUR  (   1.6 s)
  [Fluvius 1 | Redni 2T | 30 kWh] no_battery                        521.34 EUR  (   1.6 s)
  [Fluvius 3 | Aktivni | 30 kWh] no_battery                        676.64 EUR  (   1.6 s)
  [Fluvius 2 | Redni 2T | 20 kWh] milp_full_period                  557.83 EUR  (  55.3 s)
  [Fluvius 1 | Aktivni | 30 kWh] self_consumption_peak_shaving     551.19 EUR  (   1.6 s)
  [Fluvius 2 | Aktivni | 30 kWh] price_rank_daily                  477.83 EUR  (   1.6 s)
  [Fluvius 1 | Redni 2T | 30 kWh] self_consumption                  521.64 EUR  (   1.6 s)
  [Fluvius 3 | Aktivni | 30 kWh] self_consumption                  676.68 EUR  (   1.6 s)
  [Fluvius 1 | Aktivni | 30 kWh] price_oracle                      425.75 EUR  (   1.7 s)
  [Fluvius 2 | Aktivni | 30 kWh] peak_shaving                      591.61 EUR  (   1.6 s)
  [Fluvius 1 | Redni 2T | 30 kWh] fixed_schedule                    507.76 EUR  (   1.6 s)
  [Fluvius 2 | Redni 2T | 30 kWh] no_battery                        586.75 EUR  (   1.7 s)
  [Fluvius 3 | Aktivni | 30 kWh] fixed_schedule                    746.13 EUR  (   1.6 s)
  [Fluvius 2 | Aktivni | 30 kWh] self_consumption_peak_shaving     591.87 EUR  (   1.6 s)
  [Fluvius 1 | Redni 2T | 30 kWh] delayed_pv_charge                 521.64 EUR  (   1.6 s)
  [Fluvius 2 | Redni 2T | 30 kWh] self_consumption                  587.15 EUR  (   1.6 s)
  [Fluvius 3 | Aktivni | 30 kWh] delayed_pv_charge                 676.68 EUR  (   1.6 s)
  [Fluvius 2 | Aktivni | 30 kWh] price_oracle                      473.01 EUR  (   1.6 s)
  [Fluvius 1 | Redni 2T | 30 kWh] price_threshold                   500.80 EUR  (   1.6 s)
  [Fluvius 2 | Redni 2T | 30 kWh] fixed_schedule                    574.67 EUR  (   1.6 s)
  [Fluvius 3 | Aktivni | 30 kWh] price_threshold                   520.64 EUR  (   1.6 s)
  [Fluvius 1 | Redni 2T | 30 kWh] price_rank_daily                  510.20 EUR  (   1.6 s)
  [Fluvius 2 | Redni 2T | 30 kWh] delayed_pv_charge                 587.15 EUR  (   1.6 s)
  [Fluvius 3 | Aktivni | 30 kWh] price_rank_daily                  526.16 EUR  (   1.6 s)
  [Fluvius 1 | Redni 1T | 10 kWh] milp_full_period                  495.51 EUR  (  66.4 s)
  [Fluvius 1 | Redni 2T | 30 kWh] peak_shaving                      515.27 EUR  (   1.6 s)
  [Fluvius 2 | Redni 2T | 30 kWh] price_threshold                   565.59 EUR  (   1.6 s)
  [Fluvius 3 | Aktivni | 30 kWh] peak_shaving                      672.32 EUR  (   1.6 s)
  [Fluvius 1 | Redni 2T | 30 kWh] self_consumption_peak_shaving     515.34 EUR  (   1.6 s)
  [Fluvius 2 | Redni 2T | 30 kWh] price_rank_daily                  579.41 EUR  (   1.6 s)
  [Fluvius 1 | Redni 1T | 20 kWh] no_battery                        501.17 EUR  (   1.6 s)
  [Fluvius 3 | Aktivni | 30 kWh] self_consumption_peak_shaving     672.54 EUR  (   1.7 s)
  [Fluvius 3 | Dinamični | 10 kWh] milp_full_period                  354.09 EUR  (  91.4 s)
  [Fluvius 1 | Redni 2T | 30 kWh] price_oracle                      500.06 EUR  (   1.6 s)
  [Fluvius 2 | Redni 2T | 30 kWh] peak_shaving                      581.99 EUR  (   1.7 s)
  [Fluvius 1 | Redni 1T | 20 kWh] self_consumption                  501.32 EUR  (   1.5 s)
  [Fluvius 3 | Aktivni | 30 kWh] price_oracle                      519.80 EUR  (   1.6 s)
  [Fluvius 3 | Dinamični | 20 kWh] no_battery                        643.37 EUR  (   1.6 s)
  [Fluvius 2 | Redni 2T | 30 kWh] self_consumption_peak_shaving     582.21 EUR  (   1.6 s)
  [Fluvius 1 | Redni 1T | 20 kWh] fixed_schedule                    523.05 EUR  (   1.6 s)
  [Fluvius 3 | Dinamični | 20 kWh] self_consumption                  644.38 EUR  (   1.6 s)
  [Fluvius 2 | Redni 2T | 30 kWh] price_oracle                      564.90 EUR  (   1.6 s)
  [Fluvius 1 | Redni 1T | 20 kWh] delayed_pv_charge                 501.32 EUR  (   1.6 s)
  [Fluvius 3 | Dinamični | 20 kWh] fixed_schedule                    584.20 EUR  (   1.6 s)
  [Fluvius 2 | Dinamični | 10 kWh] milp_full_period                  295.99 EUR  (  93.4 s)
  [Fluvius 1 | Redni 1T | 20 kWh] price_threshold                   501.32 EUR  (   1.8 s)
  [Fluvius 1 | Dinamični | 10 kWh] milp_full_period                  258.54 EUR  (  86.4 s)
  [Fluvius 3 | Dinamični | 20 kWh] delayed_pv_charge                 644.38 EUR  (   1.6 s)
  [Fluvius 1 | Redni 1T | 20 kWh] price_rank_daily                  501.32 EUR  (   1.8 s)
  [Fluvius 2 | Dinamični | 20 kWh] no_battery                        573.99 EUR  (   1.6 s)
  [Fluvius 1 | Dinamični | 20 kWh] no_battery                        540.40 EUR  (   1.6 s)
  [Fluvius 3 | Dinamični | 20 kWh] price_threshold                   541.30 EUR  (   1.7 s)
  [Fluvius 1 | Redni 1T | 20 kWh] peak_shaving                      496.89 EUR  (   1.6 s)
  [Fluvius 2 | Dinamični | 20 kWh] self_consumption                  574.84 EUR  (   1.6 s)
  [Fluvius 1 | Dinamični | 20 kWh] self_consumption                  540.89 EUR  (   1.7 s)
  [Fluvius 3 | Dinamični | 20 kWh] price_rank_daily                  509.53 EUR  (   1.7 s)
  [Fluvius 2 | Dinamični | 20 kWh] fixed_schedule                    543.66 EUR  (   1.6 s)
  [Fluvius 1 | Redni 1T | 20 kWh] self_consumption_peak_shaving     496.93 EUR  (   1.7 s)
  [Fluvius 1 | Dinamični | 20 kWh] fixed_schedule                    480.97 EUR  (   1.6 s)
  [Fluvius 3 | Dinamični | 20 kWh] peak_shaving                      636.27 EUR  (   1.7 s)
  [Fluvius 2 | Dinamični | 20 kWh] delayed_pv_charge                 574.84 EUR  (   1.6 s)
  [Fluvius 1 | Redni 1T | 20 kWh] price_oracle                      501.32 EUR  (   1.6 s)
  [Fluvius 1 | Dinamični | 20 kWh] delayed_pv_charge                 540.89 EUR  (   1.6 s)
  [Fluvius 3 | Dinamični | 20 kWh] self_consumption_peak_shaving     637.06 EUR  (   1.7 s)
  [Fluvius 2 | Dinamični | 20 kWh] price_threshold                   491.97 EUR  (   1.5 s)
  [Fluvius 1 | Dinamični | 20 kWh] price_threshold                   444.41 EUR  (   1.6 s)
  [Fluvius 3 | Dinamični | 20 kWh] price_oracle                      521.35 EUR  (   1.6 s)
  [Fluvius 2 | Redni 1T | 10 kWh] milp_full_period                  560.82 EUR  (  86.0 s)
  [Fluvius 2 | Dinamični | 20 kWh] price_rank_daily                  464.21 EUR  (   1.6 s)
  [Fluvius 1 | Dinamični | 20 kWh] price_rank_daily                  413.55 EUR  (   1.6 s)
  [Fluvius 2 | Dinamični | 20 kWh] peak_shaving                      571.05 EUR  (   1.6 s)
  [Fluvius 2 | Redni 1T | 20 kWh] no_battery                        566.69 EUR  (   1.6 s)
  [Fluvius 1 | Dinamični | 20 kWh] peak_shaving                      532.55 EUR  (   1.6 s)
  [Fluvius 2 | Dinamični | 20 kWh] self_consumption_peak_shaving     571.57 EUR  (   1.6 s)
  [Fluvius 2 | Redni 1T | 20 kWh] self_consumption                  566.84 EUR  (   1.6 s)
  [Fluvius 1 | Dinamični | 20 kWh] self_consumption_peak_shaving     532.94 EUR  (   1.6 s)
  [Fluvius 2 | Dinamični | 20 kWh] price_oracle                      478.37 EUR  (   1.6 s)
  [Fluvius 2 | Redni 1T | 20 kWh] fixed_schedule                    591.63 EUR  (   1.6 s)
  [Fluvius 1 | Dinamični | 20 kWh] price_oracle                      429.65 EUR  (   1.6 s)
  [Fluvius 2 | Redni 1T | 20 kWh] delayed_pv_charge                 566.84 EUR  (   1.6 s)
  [Fluvius 2 | Redni 1T | 20 kWh] price_threshold                   566.84 EUR  (   1.7 s)
  [Fluvius 1 | Aktivni | 30 kWh] milp_full_period                   23.74 EUR  (  33.6 s)
[1/140] Fluvius_user_001_aktivni.csv (40 rows)  (220s elapsed)
  [Fluvius 2 | Redni 1T | 20 kWh] price_rank_daily                  566.84 EUR  (   1.6 s)
  [Fluvius 2 | Redni 1T | 20 kWh] peak_shaving                      563.16 EUR  (   1.7 s)
  [Fluvius 2 | Redni 1T | 20 kWh] self_consumption_peak_shaving     563.28 EUR  (   1.7 s)
  [Fluvius 3 | Redni 1T | 5 kWh] no_battery                        614.33 EUR  (   1.6 s)
  [Fluvius 2 | Aktivni | 30 kWh] milp_full_period                   66.10 EUR  (  36.5 s)
[2/140] Fluvius_user_002_aktivni.csv (40 rows)  (227s elapsed)
  [Fluvius 2 | Redni 1T | 20 kWh] price_oracle                      566.84 EUR  (   1.6 s)
  [Fluvius 3 | Redni 1T | 5 kWh] self_consumption                  614.37 EUR  (   1.6 s)
  [Fluvius 3 | Redni 1T | 5 kWh] fixed_schedule                    633.36 EUR  (   1.6 s)
  [Fluvius 3 | Redni 1T | 5 kWh] delayed_pv_charge                 614.37 EUR  (   1.6 s)
  [Fluvius 3 | Redni 2T | 5 kWh] no_battery                        632.78 EUR  (   1.6 s)
  [Fluvius 3 | Redni 1T | 5 kWh] price_threshold                   614.37 EUR  (   1.6 s)
  [Fluvius 3 | Redni 2T | 5 kWh] self_consumption                  632.84 EUR  (   1.6 s)
  [Fluvius 3 | Aktivni | 30 kWh] milp_full_period                  136.43 EUR  (  36.4 s)
[3/140] Fluvius_user_003_aktivni.csv (40 rows)  (234s elapsed)
  [Fluvius 3 | Redni 1T | 5 kWh] price_rank_daily                  614.37 EUR  (   1.6 s)
  [Fluvius 3 | Redni 2T | 5 kWh] fixed_schedule                    624.06 EUR  (   1.6 s)
  [Fluvius 3 | Redni 1T | 5 kWh] peak_shaving                      609.42 EUR  (   1.6 s)
  [Fluvius 3 | Redni 2T | 5 kWh] delayed_pv_charge                 632.84 EUR  (   1.6 s)
  [Fluvius 3 | Redni 1T | 5 kWh] self_consumption_peak_shaving     609.50 EUR  (   1.6 s)
  [Fluvius 3 | Redni 2T | 5 kWh] price_threshold                   619.84 EUR  (   1.6 s)
  [Fluvius 3 | Redni 1T | 5 kWh] price_oracle                      614.37 EUR  (   1.6 s)
  [Fluvius 4 | Dinamični | 5 kWh] no_battery                        604.30 EUR  (   1.6 s)
  [Fluvius 3 | Redni 2T | 5 kWh] price_rank_daily                  622.92 EUR  (   1.6 s)
  [Fluvius 4 | Dinamični | 5 kWh] self_consumption                  604.60 EUR  (   1.6 s)
  [Fluvius 3 | Redni 2T | 5 kWh] peak_shaving                      627.03 EUR  (   1.6 s)
  [Fluvius 4 | Dinamični | 5 kWh] fixed_schedule                    576.49 EUR  (   1.5 s)
  [Fluvius 3 | Redni 2T | 5 kWh] self_consumption_peak_shaving     627.13 EUR  (   1.5 s)
  [Fluvius 4 | Dinamični | 5 kWh] delayed_pv_charge                 604.60 EUR  (   1.5 s)
  [Fluvius 3 | Redni 2T | 5 kWh] price_oracle                      619.46 EUR  (   1.5 s)
  [Fluvius 4 | Dinamični | 5 kWh] price_threshold                   543.83 EUR  (   1.5 s)
  [Fluvius 4 | Dinamični | 5 kWh] price_rank_daily                  499.79 EUR  (   1.5 s)
  [Fluvius 4 | Dinamični | 5 kWh] peak_shaving                      598.44 EUR  (   1.5 s)
  [Fluvius 1 | Redni 2T | 30 kWh] milp_full_period                  492.45 EUR  (  52.1 s)
[4/140] Fluvius_user_001_redni2t.csv (40 rows)  (249s elapsed)
  [Fluvius 4 | Dinamični | 5 kWh] self_consumption_peak_shaving     598.64 EUR  (   1.5 s)
  [Fluvius 4 | Dinamični | 5 kWh] price_oracle                      533.41 EUR  (   1.5 s)
  [Fluvius 2 | Redni 2T | 30 kWh] milp_full_period                  556.55 EUR  (  53.3 s)
[5/140] Fluvius_user_002_redni2t.csv (40 rows)  (253s elapsed)
  [Fluvius 4 | Aktivni | 5 kWh] no_battery                        632.21 EUR  (   1.5 s)
  [Fluvius 4 | Aktivni | 5 kWh] self_consumption                  632.24 EUR  (   1.5 s)
  [Fluvius 4 | Aktivni | 5 kWh] fixed_schedule                    706.37 EUR  (   1.4 s)
  [Fluvius 4 | Aktivni | 5 kWh] delayed_pv_charge                 632.24 EUR  (   1.4 s)
  [Fluvius 4 | Redni 1T | 5 kWh] no_battery                        567.78 EUR  (   1.4 s)
  [Fluvius 4 | Aktivni | 5 kWh] price_threshold                   486.10 EUR  (   1.4 s)
  [Fluvius 4 | Redni 1T | 5 kWh] self_consumption                  567.82 EUR  (   1.4 s)
  [Fluvius 4 | Aktivni | 5 kWh] price_rank_daily                  496.21 EUR  (   1.4 s)
  [Fluvius 4 | Redni 1T | 5 kWh] fixed_schedule                    587.43 EUR  (   1.4 s)
  [Fluvius 4 | Aktivni | 5 kWh] peak_shaving                      629.22 EUR  (   1.4 s)
  [Fluvius 4 | Redni 1T | 5 kWh] delayed_pv_charge                 567.82 EUR  (   1.4 s)
  [Fluvius 4 | Aktivni | 5 kWh] self_consumption_peak_shaving     629.31 EUR  (   1.5 s)
  [Fluvius 4 | Redni 1T | 5 kWh] price_threshold                   567.82 EUR  (   1.5 s)
  [Fluvius 4 | Aktivni | 5 kWh] price_oracle                      485.92 EUR  (   1.4 s)
  [Fluvius 4 | Redni 1T | 5 kWh] price_rank_daily                  567.82 EUR  (   1.4 s)
  [Fluvius 4 | Redni 1T | 5 kWh] peak_shaving                      565.10 EUR  (   1.4 s)
  [Fluvius 4 | Redni 1T | 5 kWh] self_consumption_peak_shaving     565.14 EUR  (   1.4 s)
  [Fluvius 4 | Redni 1T | 5 kWh] price_oracle                      567.82 EUR  (   1.4 s)
  [Fluvius 3 | Redni 2T | 5 kWh] milp_full_period                  611.08 EUR  (  27.3 s)
  [Fluvius 3 | Redni 2T | 10 kWh] no_battery                        632.78 EUR  (   1.4 s)
  [Fluvius 3 | Redni 2T | 10 kWh] self_consumption                  632.91 EUR  (   1.4 s)
  [Fluvius 3 | Redni 2T | 10 kWh] fixed_schedule                    622.51 EUR  (   1.4 s)
  [Fluvius 3 | Redni 2T | 10 kWh] delayed_pv_charge                 632.91 EUR  (   1.4 s)
  [Fluvius 3 | Redni 2T | 10 kWh] price_threshold                   613.46 EUR  (   1.5 s)
  [Fluvius 3 | Redni 2T | 10 kWh] price_rank_daily                  618.28 EUR  (   1.5 s)
  [Fluvius 3 | Redni 2T | 10 kWh] peak_shaving                      627.09 EUR  (   1.4 s)
  [Fluvius 3 | Redni 2T | 10 kWh] self_consumption_peak_shaving     627.19 EUR  (   1.4 s)
  [Fluvius 3 | Redni 2T | 10 kWh] price_oracle                      612.80 EUR  (   1.4 s)
  [Fluvius 4 | Aktivni | 5 kWh] milp_full_period                  470.46 EUR  (  30.1 s)
  [Fluvius 4 | Aktivni | 10 kWh] no_battery                        632.21 EUR  (   1.4 s)
  [Fluvius 4 | Aktivni | 10 kWh] self_consumption                  632.25 EUR  (   1.4 s)
  [Fluvius 4 | Aktivni | 10 kWh] fixed_schedule                    698.06 EUR  (   1.4 s)
  [Fluvius 4 | Aktivni | 10 kWh] delayed_pv_charge                 632.25 EUR  (   1.4 s)
  [Fluvius 4 | Aktivni | 10 kWh] price_threshold                   471.97 EUR  (   1.4 s)
  [Fluvius 4 | Aktivni | 10 kWh] price_rank_daily                  476.54 EUR  (   1.4 s)
  [Fluvius 4 | Aktivni | 10 kWh] peak_shaving                      629.20 EUR  (   1.4 s)
  [Fluvius 4 | Aktivni | 10 kWh] self_consumption_peak_shaving     629.33 EUR  (   1.4 s)
  [Fluvius 4 | Dinamični | 5 kWh] milp_full_period                  427.54 EUR  (  56.3 s)
  [Fluvius 4 | Aktivni | 10 kWh] price_oracle                      471.84 EUR  (   1.4 s)
  [Fluvius 4 | Dinamični | 10 kWh] no_battery                        604.30 EUR  (   1.4 s)
  [Fluvius 4 | Dinamični | 10 kWh] self_consumption                  604.76 EUR  (   1.4 s)
  [Fluvius 4 | Dinamični | 10 kWh] fixed_schedule                    544.36 EUR  (   1.4 s)
  [Fluvius 3 | Redni 1T | 5 kWh] milp_full_period                  608.47 EUR  (  73.9 s)
  [Fluvius 1 | Redni 1T | 20 kWh] milp_full_period                  495.51 EUR  ( 105.3 s)
  [Fluvius 4 | Dinamični | 10 kWh] delayed_pv_charge                 604.76 EUR  (   1.4 s)
  [Fluvius 3 | Redni 2T | 10 kWh] milp_full_period                  606.08 EUR  (  28.8 s)
  [Fluvius 3 | Redni 1T | 10 kWh] no_battery                        614.33 EUR  (   1.4 s)
  [Fluvius 4 | Dinamični | 10 kWh] price_threshold                   522.02 EUR  (   1.4 s)
  [Fluvius 1 | Redni 1T | 30 kWh] no_battery                        501.17 EUR  (   1.4 s)
  [Fluvius 3 | Redni 1T | 10 kWh] self_consumption                  614.40 EUR  (   1.4 s)
  [Fluvius 3 | Redni 2T | 20 kWh] no_battery                        632.78 EUR  (   1.4 s)
  [Fluvius 4 | Dinamični | 10 kWh] price_rank_daily                  472.16 EUR  (   1.4 s)
  [Fluvius 1 | Redni 1T | 30 kWh] self_consumption                  501.39 EUR  (   1.4 s)
  [Fluvius 3 | Redni 1T | 10 kWh] fixed_schedule                    640.24 EUR  (   1.4 s)
  [Fluvius 3 | Redni 2T | 20 kWh] self_consumption                  633.04 EUR  (   1.4 s)
  [Fluvius 4 | Dinamični | 10 kWh] peak_shaving                      598.46 EUR  (   1.4 s)
  [Fluvius 1 | Redni 1T | 30 kWh] fixed_schedule                    523.04 EUR  (   1.4 s)
  [Fluvius 3 | Redni 1T | 10 kWh] delayed_pv_charge                 614.40 EUR  (   1.4 s)
  [Fluvius 3 | Redni 2T | 20 kWh] fixed_schedule                    623.63 EUR  (   1.4 s)
  [Fluvius 4 | Dinamični | 10 kWh] self_consumption_peak_shaving     598.77 EUR  (   1.4 s)
  [Fluvius 1 | Redni 1T | 30 kWh] delayed_pv_charge                 501.39 EUR  (   1.4 s)
  [Fluvius 3 | Redni 1T | 10 kWh] price_threshold                   614.40 EUR  (   1.4 s)
  [Fluvius 3 | Redni 2T | 20 kWh] delayed_pv_charge                 633.04 EUR  (   1.4 s)
  [Fluvius 4 | Dinamični | 10 kWh] price_oracle                      505.05 EUR  (   1.5 s)
  [Fluvius 1 | Redni 1T | 30 kWh] price_threshold                   501.39 EUR  (   1.5 s)
  [Fluvius 3 | Redni 1T | 10 kWh] price_rank_daily                  614.40 EUR  (   1.4 s)
  [Fluvius 3 | Redni 2T | 20 kWh] price_threshold                   612.62 EUR  (   1.4 s)
  [Fluvius 1 | Redni 1T | 30 kWh] price_rank_daily                  501.39 EUR  (   1.4 s)
  [Fluvius 3 | Redni 1T | 10 kWh] peak_shaving                      609.46 EUR  (   1.4 s)
  [Fluvius 3 | Redni 2T | 20 kWh] price_rank_daily                  619.33 EUR  (   1.4 s)
  [Fluvius 1 | Redni 1T | 30 kWh] peak_shaving                      496.89 EUR  (   1.4 s)
  [Fluvius 3 | Redni 1T | 10 kWh] self_consumption_peak_shaving     609.58 EUR  (   1.4 s)
  [Fluvius 3 | Redni 2T | 20 kWh] peak_shaving                      627.16 EUR  (   1.4 s)
  [Fluvius 1 | Redni 1T | 30 kWh] self_consumption_peak_shaving     496.96 EUR  (   1.4 s)
  [Fluvius 3 | Redni 1T | 10 kWh] price_oracle                      614.40 EUR  (   1.4 s)
  [Fluvius 3 | Redni 2T | 20 kWh] self_consumption_peak_shaving     627.33 EUR  (   1.4 s)
  [Fluvius 1 | Redni 1T | 30 kWh] price_oracle                      501.39 EUR  (   1.4 s)
  [Fluvius 3 | Redni 2T | 20 kWh] price_oracle                      611.91 EUR  (   1.4 s)
  [Fluvius 2 | Redni 1T | 20 kWh] milp_full_period                  560.82 EUR  ( 109.2 s)
  [Fluvius 2 | Redni 1T | 30 kWh] no_battery                        566.69 EUR  (   1.4 s)
  [Fluvius 2 | Redni 1T | 30 kWh] self_consumption                  566.91 EUR  (   1.4 s)
  [Fluvius 2 | Redni 1T | 30 kWh] fixed_schedule                    591.63 EUR  (   1.4 s)
  [Fluvius 4 | Redni 1T | 5 kWh] milp_full_period                  564.11 EUR  (  71.6 s)
  [Fluvius 2 | Redni 1T | 30 kWh] delayed_pv_charge                 566.91 EUR  (   1.4 s)
  [Fluvius 4 | Redni 1T | 10 kWh] no_battery                        567.78 EUR  (   1.4 s)
  [Fluvius 2 | Redni 1T | 30 kWh] price_threshold                   566.91 EUR  (   1.4 s)
  [Fluvius 4 | Redni 1T | 10 kWh] self_consumption                  567.86 EUR  (   1.4 s)
  [Fluvius 2 | Redni 1T | 30 kWh] price_rank_daily                  566.91 EUR  (   1.4 s)
  [Fluvius 4 | Redni 1T | 10 kWh] fixed_schedule                    597.87 EUR  (   1.4 s)
  [Fluvius 2 | Redni 1T | 30 kWh] peak_shaving                      563.16 EUR  (   1.4 s)
  [Fluvius 4 | Redni 1T | 10 kWh] delayed_pv_charge                 567.86 EUR  (   1.4 s)
  [Fluvius 2 | Redni 1T | 30 kWh] self_consumption_peak_shaving     563.35 EUR  (   1.4 s)
  [Fluvius 4 | Redni 1T | 10 kWh] price_threshold                   567.86 EUR  (   1.4 s)
  [Fluvius 2 | Redni 1T | 30 kWh] price_oracle                      566.91 EUR  (   1.4 s)
  [Fluvius 4 | Redni 1T | 10 kWh] price_rank_daily                  567.86 EUR  (   1.4 s)
  [Fluvius 4 | Redni 1T | 10 kWh] peak_shaving                      565.11 EUR  (   1.4 s)
  [Fluvius 4 | Redni 1T | 10 kWh] self_consumption_peak_shaving     565.17 EUR  (   1.4 s)
  [Fluvius 4 | Redni 1T | 10 kWh] price_oracle                      567.86 EUR  (   1.4 s)
  [Fluvius 4 | Aktivni | 10 kWh] milp_full_period                  387.84 EUR  (  59.4 s)
  [Fluvius 4 | Aktivni | 20 kWh] no_battery                        632.21 EUR  (   1.4 s)
  [Fluvius 4 | Aktivni | 20 kWh] self_consumption                  632.07 EUR  (   1.4 s)
  [Fluvius 4 | Aktivni | 20 kWh] fixed_schedule                    698.48 EUR  (   1.4 s)
  [Fluvius 4 | Aktivni | 20 kWh] delayed_pv_charge                 632.07 EUR  (   1.4 s)
  [Fluvius 4 | Aktivni | 20 kWh] price_threshold                   472.36 EUR  (   1.4 s)
  [Fluvius 4 | Aktivni | 20 kWh] price_rank_daily                  475.58 EUR  (   1.4 s)
  [Fluvius 4 | Aktivni | 20 kWh] peak_shaving                      629.14 EUR  (   1.4 s)
  [Fluvius 4 | Aktivni | 20 kWh] self_consumption_peak_shaving     629.19 EUR  (   1.4 s)
  [Fluvius 4 | Aktivni | 20 kWh] price_oracle                      471.32 EUR  (   1.4 s)
  [Fluvius 3 | Redni 2T | 20 kWh] milp_full_period                  603.64 EUR  (  56.1 s)
  [Fluvius 3 | Redni 2T | 30 kWh] no_battery                        632.78 EUR  (   1.4 s)
  [Fluvius 3 | Redni 2T | 30 kWh] self_consumption                  633.18 EUR  (   1.4 s)
  [Fluvius 3 | Redni 1T | 10 kWh] milp_full_period                  608.47 EUR  (  62.2 s)
  [Fluvius 3 | Redni 2T | 30 kWh] fixed_schedule                    623.81 EUR  (   1.4 s)
  [Fluvius 3 | Redni 2T | 30 kWh] delayed_pv_charge                 633.18 EUR  (   1.4 s)
  [Fluvius 3 | Redni 1T | 20 kWh] no_battery                        614.33 EUR  (   1.4 s)
  [Fluvius 3 | Dinamični | 20 kWh] milp_full_period                  149.80 EUR  ( 180.2 s)
  [Fluvius 3 | Redni 2T | 30 kWh] price_threshold                   612.28 EUR  (   1.4 s)
  [Fluvius 3 | Redni 1T | 20 kWh] self_consumption                  614.47 EUR  (   1.4 s)
  [Fluvius 3 | Redni 2T | 30 kWh] price_rank_daily                  623.81 EUR  (   1.4 s)
  [Fluvius 3 | Redni 1T | 20 kWh] fixed_schedule                    642.56 EUR  (   1.4 s)
  [Fluvius 3 | Dinamični | 30 kWh] no_battery                        643.37 EUR  (   1.4 s)
  [Fluvius 3 | Redni 2T | 30 kWh] peak_shaving                      627.23 EUR  (   1.4 s)
  [Fluvius 3 | Dinamični | 30 kWh] self_consumption                  644.64 EUR  (   1.4 s)
  [Fluvius 3 | Redni 1T | 20 kWh] delayed_pv_charge                 614.47 EUR  (   1.4 s)
  [Fluvius 3 | Redni 2T | 30 kWh] self_consumption_peak_shaving     627.46 EUR  (   1.4 s)
  [Fluvius 3 | Dinamični | 30 kWh] fixed_schedule                    583.04 EUR  (   1.4 s)
  [Fluvius 3 | Redni 1T | 20 kWh] price_threshold                   614.47 EUR  (   1.4 s)
  [Fluvius 3 | Redni 2T | 30 kWh] price_oracle                      611.75 EUR  (   1.4 s)
  [Fluvius 3 | Dinamični | 30 kWh] delayed_pv_charge                 644.64 EUR  (   1.4 s)
  [Fluvius 3 | Redni 1T | 20 kWh] price_rank_daily                  614.47 EUR  (   1.4 s)
  [Fluvius 4 | Dinamični | 10 kWh] milp_full_period                  314.74 EUR  (  76.6 s)
  [Fluvius 3 | Dinamični | 30 kWh] price_threshold                   528.60 EUR  (   1.4 s)
  [Fluvius 3 | Redni 1T | 20 kWh] peak_shaving                      609.47 EUR  (   1.4 s)
  [Fluvius 4 | Dinamični | 20 kWh] no_battery                        604.30 EUR  (   1.4 s)
  [Fluvius 3 | Dinamični | 30 kWh] price_rank_daily                  506.31 EUR  (   1.4 s)
  [Fluvius 3 | Redni 1T | 20 kWh] self_consumption_peak_shaving     609.67 EUR  (   1.4 s)
  [Fluvius 4 | Dinamični | 20 kWh] self_consumption                  605.09 EUR  (   1.4 s)
  [Fluvius 3 | Dinamični | 30 kWh] peak_shaving                      636.49 EUR  (   1.4 s)
  [Fluvius 3 | Redni 1T | 20 kWh] price_oracle                      614.47 EUR  (   1.4 s)
  [Fluvius 4 | Dinamični | 20 kWh] fixed_schedule                    543.32 EUR  (   1.4 s)
  [Fluvius 3 | Dinamični | 30 kWh] self_consumption_peak_shaving     637.29 EUR  (   1.4 s)
  [Fluvius 4 | Dinamični | 20 kWh] delayed_pv_charge                 605.09 EUR  (   1.4 s)
  [Fluvius 2 | Dinamični | 20 kWh] milp_full_period                   90.54 EUR  ( 187.7 s)
  [Fluvius 3 | Dinamični | 30 kWh] price_oracle                      508.50 EUR  (   1.4 s)
  [Fluvius 4 | Dinamični | 20 kWh] price_threshold                   496.53 EUR  (   1.4 s)
  [Fluvius 2 | Dinamični | 30 kWh] no_battery                        573.99 EUR  (   1.4 s)
  [Fluvius 4 | Dinamični | 20 kWh] price_rank_daily                  469.45 EUR  (   1.4 s)
  [Fluvius 2 | Dinamični | 30 kWh] self_consumption                  575.02 EUR  (   1.4 s)
  [Fluvius 4 | Dinamični | 20 kWh] peak_shaving                      598.66 EUR  (   1.4 s)
  [Fluvius 1 | Dinamični | 20 kWh] milp_full_period                   56.20 EUR  ( 191.2 s)
  [Fluvius 2 | Dinamični | 30 kWh] fixed_schedule                    543.07 EUR  (   1.4 s)
  [Fluvius 4 | Dinamični | 20 kWh] self_consumption_peak_shaving     599.11 EUR  (   1.4 s)
  [Fluvius 1 | Dinamični | 30 kWh] no_battery                        540.40 EUR  (   1.4 s)
  [Fluvius 2 | Dinamični | 30 kWh] delayed_pv_charge                 575.02 EUR  (   1.4 s)
  [Fluvius 4 | Dinamični | 20 kWh] price_oracle                      477.30 EUR  (   1.4 s)
  [Fluvius 1 | Dinamični | 30 kWh] self_consumption                  541.19 EUR  (   1.4 s)
  [Fluvius 2 | Dinamični | 30 kWh] price_threshold                   485.49 EUR  (   1.4 s)
  [Fluvius 1 | Dinamični | 30 kWh] fixed_schedule                    480.38 EUR  (   1.4 s)
  [Fluvius 2 | Dinamični | 30 kWh] price_rank_daily                  465.59 EUR  (   1.4 s)
  [Fluvius 4 | Redni 1T | 10 kWh] milp_full_period                  564.11 EUR  (  59.2 s)
  [Fluvius 1 | Dinamični | 30 kWh] delayed_pv_charge                 541.19 EUR  (   1.4 s)
  [Fluvius 2 | Dinamični | 30 kWh] peak_shaving                      571.30 EUR  (   1.4 s)
  [Fluvius 4 | Redni 1T | 20 kWh] no_battery                        567.78 EUR  (   1.4 s)
  [Fluvius 1 | Dinamični | 30 kWh] price_threshold                   436.68 EUR  (   1.4 s)
  [Fluvius 2 | Dinamični | 30 kWh] self_consumption_peak_shaving     571.88 EUR  (   1.4 s)
  [Fluvius 4 | Redni 1T | 20 kWh] self_consumption                  567.93 EUR  (   1.4 s)
  [Fluvius 1 | Dinamični | 30 kWh] price_rank_daily                  415.73 EUR  (   1.4 s)
  [Fluvius 2 | Dinamični | 30 kWh] price_oracle                      470.37 EUR  (   1.4 s)
  [Fluvius 4 | Redni 1T | 20 kWh] fixed_schedule                    598.37 EUR  (   1.4 s)
  [Fluvius 1 | Dinamični | 30 kWh] peak_shaving                      532.65 EUR  (   1.4 s)
  [Fluvius 4 | Redni 1T | 20 kWh] delayed_pv_charge                 567.93 EUR  (   1.4 s)
  [Fluvius 1 | Dinamični | 30 kWh] self_consumption_peak_shaving     533.05 EUR  (   1.4 s)
  [Fluvius 4 | Aktivni | 20 kWh] milp_full_period                  236.48 EUR  (  39.6 s)
  [Fluvius 4 | Redni 1T | 20 kWh] price_threshold                   567.93 EUR  (   1.4 s)
  [Fluvius 1 | Dinamični | 30 kWh] price_oracle                      421.46 EUR  (   1.4 s)
  [Fluvius 4 | Redni 1T | 20 kWh] price_rank_daily                  567.93 EUR  (   1.4 s)
  [Fluvius 4 | Aktivni | 30 kWh] no_battery                        632.21 EUR  (   1.4 s)
  [Fluvius 1 | Redni 1T | 30 kWh] milp_full_period                  495.51 EUR  (  96.4 s)
[6/140] Fluvius_user_001_redni1t.csv (40 rows)  (424s elapsed)
  [Fluvius 4 | Redni 1T | 20 kWh] peak_shaving                      565.12 EUR  (   1.4 s)
  [Fluvius 4 | Aktivni | 30 kWh] self_consumption                  632.13 EUR  (   1.4 s)
  [Fluvius 4 | Redni 1T | 20 kWh] self_consumption_peak_shaving     565.25 EUR  (   1.4 s)
  [Fluvius 4 | Aktivni | 30 kWh] fixed_schedule                    698.54 EUR  (   1.4 s)
  [Fluvius 4 | Redni 1T | 20 kWh] price_oracle                      567.93 EUR  (   1.4 s)
  [Fluvius 4 | Aktivni | 30 kWh] delayed_pv_charge                 632.13 EUR  (   1.4 s)
  [Fluvius 4 | Redni 2T | 5 kWh] no_battery                        590.32 EUR  (   1.4 s)
  [Fluvius 4 | Aktivni | 30 kWh] price_threshold                   472.13 EUR  (   1.4 s)
  [Fluvius 4 | Redni 2T | 5 kWh] self_consumption                  590.39 EUR  (   1.4 s)
  [Fluvius 4 | Aktivni | 30 kWh] price_rank_daily                  473.62 EUR  (   1.4 s)
  [Fluvius 4 | Redni 2T | 5 kWh] fixed_schedule                    579.66 EUR  (   1.4 s)
  [Fluvius 4 | Aktivni | 30 kWh] peak_shaving                      629.07 EUR  (   1.4 s)
  [Fluvius 4 | Redni 2T | 5 kWh] delayed_pv_charge                 590.39 EUR  (   1.4 s)
  [Fluvius 4 | Aktivni | 30 kWh] self_consumption_peak_shaving     629.21 EUR  (   1.4 s)
  [Fluvius 4 | Redni 2T | 5 kWh] price_threshold                   576.96 EUR  (   1.4 s)
  [Fluvius 4 | Aktivni | 30 kWh] price_oracle                      471.39 EUR  (   1.4 s)
  [Fluvius 4 | Redni 2T | 5 kWh] price_rank_daily                  577.63 EUR  (   1.4 s)
  [Fluvius 4 | Redni 2T | 5 kWh] peak_shaving                      586.26 EUR  (   1.4 s)
  [Fluvius 2 | Redni 1T | 30 kWh] milp_full_period                  560.82 EUR  (  89.1 s)
[7/140] Fluvius_user_002_redni1t.csv (40 rows)  (438s elapsed)
  [Fluvius 4 | Redni 2T | 5 kWh] self_consumption_peak_shaving     586.32 EUR  (   1.4 s)
  [Fluvius 4 | Redni 2T | 5 kWh] price_oracle                      576.65 EUR  (   1.4 s)
[8/140] Fluvius_user_005.csv (40 rows)  (449s elapsed)
  [Fluvius 5 | Aktivni | 5 kWh] no_battery                        208.04 EUR  (   1.4 s)
  [Fluvius 5 | Aktivni | 5 kWh] self_consumption                  208.04 EUR  (   1.4 s)
  [Fluvius 5 | Aktivni | 5 kWh] fixed_schedule                    212.35 EUR  (   1.4 s)
  [Fluvius 5 | Aktivni | 5 kWh] delayed_pv_charge                 208.04 EUR  (   1.4 s)
  [Fluvius 5 | Aktivni | 5 kWh] price_threshold                   163.28 EUR  (   1.4 s)
  [Fluvius 3 | Redni 2T | 30 kWh] milp_full_period                  602.73 EUR  (  63.6 s)
[9/140] Fluvius_user_003_redni2t.csv (40 rows)  (461s elapsed)
  [Fluvius 5 | Aktivni | 5 kWh] price_rank_daily                  164.52 EUR  (   1.4 s)
  [Fluvius 5 | Aktivni | 5 kWh] peak_shaving                      195.61 EUR  (   1.4 s)
  [Fluvius 5 | Aktivni | 5 kWh] self_consumption_peak_shaving     196.08 EUR  (   1.4 s)
  [Fluvius 5 | Redni 1T | 5 kWh] no_battery                        189.81 EUR  (   1.4 s)
  [Fluvius 5 | Aktivni | 5 kWh] price_oracle                      163.18 EUR  (   1.4 s)
  [Fluvius 4 | Aktivni | 30 kWh] milp_full_period                   90.26 EUR  (  32.0 s)
[10/140] Fluvius_user_004_aktivni.csv (40 rows)  (467s elapsed)
  [Fluvius 5 | Redni 1T | 5 kWh] self_consumption                  189.85 EUR  (   1.4 s)
  [Fluvius 4 | Redni 2T | 5 kWh] milp_full_period                  569.48 EUR  (  27.8 s)
  [Fluvius 5 | Redni 1T | 5 kWh] fixed_schedule                    185.28 EUR  (   1.4 s)
  [Fluvius 5 | Redni 1T | 5 kWh] delayed_pv_charge                 189.85 EUR  (   1.4 s)
  [Fluvius 4 | Redni 2T | 10 kWh] no_battery                        590.32 EUR  (   1.4 s)
  [Fluvius 5 | Redni 1T | 5 kWh] price_threshold                   189.85 EUR  (   1.4 s)
  [Fluvius 4 | Redni 2T | 10 kWh] self_consumption                  590.45 EUR  (   1.4 s)
  [Fluvius 5 | Redni 2T | 5 kWh] no_battery                        194.43 EUR  (   1.4 s)
  [Fluvius 5 | Redni 1T | 5 kWh] price_rank_daily                  189.85 EUR  (   1.4 s)
  [Fluvius 4 | Redni 2T | 10 kWh] fixed_schedule                    579.54 EUR  (   1.4 s)
  [Fluvius 5 | Redni 2T | 5 kWh] self_consumption                  194.50 EUR  (   1.4 s)
  [Fluvius 5 | Redni 1T | 5 kWh] peak_shaving                      177.44 EUR  (   1.4 s)
  [Fluvius 4 | Redni 2T | 10 kWh] delayed_pv_charge                 590.45 EUR  (   1.4 s)
  [Fluvius 5 | Redni 2T | 5 kWh] fixed_schedule                    180.94 EUR  (   1.4 s)
  [Fluvius 5 | Redni 1T | 5 kWh] self_consumption_peak_shaving     177.90 EUR  (   1.4 s)
  [Fluvius 4 | Redni 2T | 10 kWh] price_threshold                   571.13 EUR  (   1.4 s)
  [Fluvius 5 | Redni 2T | 5 kWh] delayed_pv_charge                 194.50 EUR  (   1.4 s)
  [Fluvius 5 | Redni 1T | 5 kWh] price_oracle                      189.85 EUR  (   1.4 s)
  [Fluvius 4 | Redni 2T | 10 kWh] price_rank_daily                  575.43 EUR  (   1.4 s)
  [Fluvius 5 | Redni 2T | 5 kWh] price_threshold                   178.41 EUR  (   1.4 s)
  [Fluvius 4 | Redni 2T | 10 kWh] peak_shaving                      586.30 EUR  (   1.4 s)
  [Fluvius 5 | Redni 2T | 5 kWh] price_rank_daily                  185.59 EUR  (   1.4 s)
  [Fluvius 4 | Redni 2T | 10 kWh] self_consumption_peak_shaving     586.39 EUR  (   1.4 s)
  [Fluvius 5 | Redni 2T | 5 kWh] peak_shaving                      181.56 EUR  (   1.4 s)
  [Fluvius 4 | Redni 2T | 10 kWh] price_oracle                      570.55 EUR  (   1.4 s)
  [Fluvius 5 | Redni 2T | 5 kWh] self_consumption_peak_shaving     182.02 EUR  (   1.4 s)
  [Fluvius 5 | Redni 2T | 5 kWh] price_oracle                      178.18 EUR  (   1.4 s)
  [Fluvius 3 | Dinamični | 30 kWh] milp_full_period                   17.34 EUR  (  83.9 s)
[11/140] Fluvius_user_003.csv (40 rows)  (489s elapsed)
  [Fluvius_EV 1 | Dinamični | 5 kWh] no_battery                        695.34 EUR  (   1.4 s)
  [Fluvius_EV 1 | Dinamični | 5 kWh] self_consumption                  695.64 EUR  (   1.4 s)
  [Fluvius 3 | Redni 1T | 20 kWh] milp_full_period                  608.47 EUR  (  94.0 s)
  [Fluvius_EV 1 | Dinamični | 5 kWh] fixed_schedule                    676.51 EUR  (   1.4 s)
  [Fluvius 5 | Aktivni | 5 kWh] milp_full_period                   98.76 EUR  (  31.4 s)
  [Fluvius_EV 1 | Dinamični | 5 kWh] delayed_pv_charge                 695.64 EUR  (   1.4 s)
  [Fluvius 3 | Redni 1T | 30 kWh] no_battery                        614.33 EUR  (   1.4 s)
  [Fluvius_EV 1 | Dinamični | 5 kWh] price_threshold                   639.53 EUR  (   1.4 s)
  [Fluvius 5 | Aktivni | 10 kWh] no_battery                        208.04 EUR  (   1.4 s)
  [Fluvius 3 | Redni 1T | 30 kWh] self_consumption                  614.55 EUR  (   1.4 s)
  [Fluvius_EV 1 | Dinamični | 5 kWh] price_rank_daily                  596.21 EUR  (   1.4 s)
  [Fluvius 5 | Aktivni | 10 kWh] self_consumption                  208.05 EUR  (   1.4 s)
  [Fluvius 3 | Redni 1T | 30 kWh] fixed_schedule                    642.87 EUR  (   1.4 s)
  [Fluvius_EV 1 | Dinamični | 5 kWh] peak_shaving                      690.18 EUR  (   1.4 s)
  [Fluvius 5 | Aktivni | 10 kWh] fixed_schedule                    211.58 EUR  (   1.4 s)
  [Fluvius 3 | Redni 1T | 30 kWh] delayed_pv_charge                 614.55 EUR  (   1.4 s)
  [Fluvius 2 | Dinamični | 30 kWh] milp_full_period                  -40.69 EUR  (  84.9 s)
[12/140] Fluvius_user_002.csv (40 rows)  (503s elapsed)
  [Fluvius_EV 1 | Dinamični | 5 kWh] self_consumption_peak_shaving     690.40 EUR  (   1.4 s)
  [Fluvius 5 | Aktivni | 10 kWh] delayed_pv_charge                 208.05 EUR  (   1.4 s)
  [Fluvius 3 | Redni 1T | 30 kWh] price_threshold                   614.55 EUR  (   1.4 s)
  [Fluvius_EV 1 | Dinamični | 5 kWh] price_oracle                      630.56 EUR  (   1.4 s)
  [Fluvius 5 | Aktivni | 10 kWh] price_threshold                   160.69 EUR  (   1.4 s)
  [Fluvius 3 | Redni 1T | 30 kWh] price_rank_daily                  614.55 EUR  (   1.4 s)
  [Fluvius 5 | Aktivni | 10 kWh] price_rank_daily                  163.49 EUR  (   1.4 s)
  [Fluvius 3 | Redni 1T | 30 kWh] peak_shaving                      609.49 EUR  (   1.4 s)
  [Fluvius_EV 1 | Aktivni | 5 kWh] no_battery                        732.32 EUR  (   1.4 s)
  [Fluvius 5 | Aktivni | 10 kWh] peak_shaving                      193.36 EUR  (   1.4 s)
  [Fluvius 3 | Redni 1T | 30 kWh] self_consumption_peak_shaving     609.75 EUR  (   1.4 s)
  [Fluvius_EV 1 | Aktivni | 5 kWh] self_consumption                  732.33 EUR  (   1.4 s)
  [Fluvius 5 | Aktivni | 10 kWh] self_consumption_peak_shaving     193.88 EUR  (   1.4 s)
  [Fluvius 3 | Redni 1T | 30 kWh] price_oracle                      614.55 EUR  (   1.4 s)
  [Fluvius 4 | Redni 2T | 10 kWh] milp_full_period                  563.89 EUR  (  28.1 s)
  [Fluvius 4 | Redni 1T | 20 kWh] milp_full_period                  564.11 EUR  (  82.7 s)
  [Fluvius_EV 1 | Aktivni | 5 kWh] fixed_schedule                    818.95 EUR  (   1.4 s)
  [Fluvius 5 | Aktivni | 10 kWh] price_oracle                      160.35 EUR  (   1.4 s)
  [Fluvius 4 | Redni 2T | 20 kWh] no_battery                        590.32 EUR  (   1.4 s)
  [Fluvius_EV 1 | Aktivni | 5 kWh] delayed_pv_charge                 732.33 EUR  (   1.4 s)
  [Fluvius 4 | Redni 1T | 30 kWh] no_battery                        567.78 EUR  (   1.4 s)
  [Fluvius 4 | Redni 2T | 20 kWh] self_consumption                  590.59 EUR  (   1.4 s)
  [Fluvius 1 | Dinamični | 30 kWh] milp_full_period                  -75.04 EUR  (  91.3 s)
[13/140] Fluvius_user_001.csv (40 rows)  (513s elapsed)
  [Fluvius_EV 1 | Aktivni | 5 kWh] price_threshold                   581.67 EUR  (   1.4 s)
  [Fluvius 4 | Redni 1T | 30 kWh] self_consumption                  568.01 EUR  (   1.4 s)
  [Fluvius 4 | Redni 2T | 20 kWh] fixed_schedule                    579.77 EUR  (   1.4 s)
  [Fluvius_EV 1 | Aktivni | 5 kWh] price_rank_daily                  592.18 EUR  (   1.4 s)
  [Fluvius 4 | Redni 1T | 30 kWh] fixed_schedule                    598.37 EUR  (   1.4 s)
  [Fluvius 4 | Redni 2T | 20 kWh] delayed_pv_charge                 590.59 EUR  (   1.4 s)
  [Fluvius_EV 1 | Aktivni | 5 kWh] peak_shaving                      730.01 EUR  (   1.4 s)
  [Fluvius 4 | Redni 1T | 30 kWh] delayed_pv_charge                 568.01 EUR  (   1.4 s)
  [Fluvius 4 | Redni 2T | 20 kWh] price_threshold                   570.59 EUR  (   1.4 s)
  [Fluvius_EV 1 | Aktivni | 5 kWh] self_consumption_peak_shaving     730.25 EUR  (   1.4 s)
  [Fluvius 4 | Redni 1T | 30 kWh] price_threshold                   568.01 EUR  (   1.4 s)
  [Fluvius 5 | Redni 2T | 5 kWh] milp_full_period                  173.58 EUR  (  34.9 s)
  [Fluvius_EV 1 | Redni 1T | 5 kWh] no_battery                        658.83 EUR  (   1.4 s)
  [Fluvius 4 | Redni 2T | 20 kWh] price_rank_daily                  575.97 EUR  (   1.4 s)
  [Fluvius_EV 1 | Aktivni | 5 kWh] price_oracle                      581.67 EUR  (   1.4 s)
  [Fluvius 4 | Redni 1T | 30 kWh] price_rank_daily                  568.01 EUR  (   1.4 s)
  [Fluvius_EV 1 | Redni 1T | 5 kWh] self_consumption                  658.86 EUR  (   1.4 s)
  [Fluvius 5 | Redni 2T | 10 kWh] no_battery                        194.43 EUR  (   1.4 s)
  [Fluvius 4 | Redni 2T | 20 kWh] peak_shaving                      586.37 EUR  (   1.4 s)
  [Fluvius 4 | Redni 1T | 30 kWh] peak_shaving                      565.13 EUR  (   1.4 s)
  [Fluvius_EV 1 | Redni 1T | 5 kWh] fixed_schedule                    681.28 EUR  (   1.4 s)
  [Fluvius 5 | Redni 2T | 10 kWh] self_consumption                  194.55 EUR  (   1.4 s)
  [Fluvius 4 | Redni 2T | 20 kWh] self_consumption_peak_shaving     586.52 EUR  (   1.4 s)
  [Fluvius 4 | Redni 1T | 30 kWh] self_consumption_peak_shaving     565.33 EUR  (   1.4 s)
  [Fluvius_EV 1 | Redni 1T | 5 kWh] delayed_pv_charge                 658.86 EUR  (   1.4 s)
  [Fluvius 5 | Redni 2T | 10 kWh] fixed_schedule                    180.36 EUR  (   1.4 s)
  [Fluvius 4 | Redni 2T | 20 kWh] price_oracle                      569.68 EUR  (   1.4 s)
  [Fluvius 4 | Redni 1T | 30 kWh] price_oracle                      568.01 EUR  (   1.4 s)
  [Fluvius_EV 1 | Redni 1T | 5 kWh] price_threshold                   658.86 EUR  (   1.4 s)
  [Fluvius 5 | Redni 2T | 10 kWh] delayed_pv_charge                 194.55 EUR  (   1.4 s)
  [Fluvius_EV 1 | Redni 1T | 5 kWh] price_rank_daily                  658.86 EUR  (   1.4 s)
  [Fluvius 5 | Redni 2T | 10 kWh] price_threshold                   174.49 EUR  (   1.4 s)
  [Fluvius_EV 1 | Redni 1T | 5 kWh] peak_shaving                      657.37 EUR  (   1.4 s)
  [Fluvius 5 | Redni 2T | 10 kWh] price_rank_daily                  186.05 EUR  (   1.4 s)
  [Fluvius_EV 1 | Redni 1T | 5 kWh] self_consumption_peak_shaving     657.47 EUR  (   1.4 s)
  [Fluvius 5 | Redni 2T | 10 kWh] peak_shaving                      179.37 EUR  (   1.4 s)
  [Fluvius_EV 1 | Redni 1T | 5 kWh] price_oracle                      658.86 EUR  (   1.4 s)
  [Fluvius 5 | Redni 2T | 10 kWh] self_consumption_peak_shaving     179.83 EUR  (   1.4 s)
  [Fluvius 5 | Redni 2T | 10 kWh] price_oracle                      174.30 EUR  (   1.4 s)
  [Fluvius 5 | Redni 1T | 5 kWh] milp_full_period                  174.85 EUR  (  60.6 s)
  [Fluvius 5 | Redni 1T | 10 kWh] no_battery                        189.81 EUR  (   1.4 s)
  [Fluvius 5 | Aktivni | 10 kWh] milp_full_period                   22.27 EUR  (  30.0 s)
  [Fluvius 5 | Redni 1T | 10 kWh] self_consumption                  189.88 EUR  (   1.4 s)
  [Fluvius 5 | Redni 1T | 10 kWh] fixed_schedule                    184.88 EUR  (   1.4 s)
  [Fluvius 5 | Aktivni | 20 kWh] no_battery                        208.04 EUR  (   1.4 s)
  [Fluvius 5 | Redni 1T | 10 kWh] delayed_pv_charge                 189.88 EUR  (   1.4 s)
  [Fluvius 5 | Aktivni | 20 kWh] self_consumption                  208.04 EUR  (   1.4 s)
  [Fluvius 5 | Redni 1T | 10 kWh] price_threshold                   189.88 EUR  (   1.4 s)
  [Fluvius 5 | Aktivni | 20 kWh] fixed_schedule                    209.14 EUR  (   1.4 s)
  [Fluvius 5 | Redni 1T | 10 kWh] price_rank_daily                  189.88 EUR  (   1.4 s)
  [Fluvius 5 | Aktivni | 20 kWh] delayed_pv_charge                 208.04 EUR  (   1.4 s)
  [Fluvius_EV 1 | Aktivni | 5 kWh] milp_full_period                  565.74 EUR  (  28.4 s)
  [Fluvius 5 | Redni 1T | 10 kWh] peak_shaving                      175.24 EUR  (   1.4 s)
  [Fluvius 5 | Aktivni | 20 kWh] price_threshold                   160.47 EUR  (   1.4 s)
  [Fluvius_EV 1 | Aktivni | 10 kWh] no_battery                        732.32 EUR  (   1.4 s)
  [Fluvius 5 | Redni 1T | 10 kWh] self_consumption_peak_shaving     175.73 EUR  (   1.4 s)
  [Fluvius 5 | Aktivni | 20 kWh] price_rank_daily                  163.03 EUR  (   1.4 s)
  [Fluvius_EV 1 | Aktivni | 10 kWh] self_consumption                  732.37 EUR  (   1.4 s)
  [Fluvius 5 | Redni 1T | 10 kWh] price_oracle                      189.88 EUR  (   1.4 s)
  [Fluvius_EV 1 | Dinamični | 5 kWh] milp_full_period                  514.58 EUR  (  46.2 s)
  [Fluvius 5 | Aktivni | 20 kWh] peak_shaving                      192.36 EUR  (   1.4 s)
  [Fluvius_EV 1 | Aktivni | 10 kWh] fixed_schedule                    808.69 EUR  (   1.4 s)
  [Fluvius 5 | Aktivni | 20 kWh] self_consumption_peak_shaving     193.86 EUR  (   1.4 s)
  [Fluvius_EV 1 | Dinamični | 10 kWh] no_battery                        695.34 EUR  (   1.4 s)
  [Fluvius_EV 1 | Aktivni | 10 kWh] delayed_pv_charge                 732.37 EUR  (   1.4 s)
  [Fluvius 5 | Aktivni | 20 kWh] price_oracle                      160.31 EUR  (   1.4 s)
  [Fluvius_EV 1 | Dinamični | 10 kWh] self_consumption                  695.89 EUR  (   1.4 s)
  [Fluvius_EV 1 | Aktivni | 10 kWh] price_threshold                   561.28 EUR  (   1.4 s)
  [Fluvius_EV 1 | Dinamični | 10 kWh] fixed_schedule                    633.08 EUR  (   1.4 s)
  [Fluvius_EV 1 | Aktivni | 10 kWh] price_rank_daily                  572.72 EUR  (   1.4 s)
  [Fluvius_EV 1 | Dinamični | 10 kWh] delayed_pv_charge                 695.89 EUR  (   1.4 s)
  [Fluvius_EV 1 | Aktivni | 10 kWh] peak_shaving                      730.05 EUR  (   1.4 s)
  [Fluvius_EV 1 | Dinamični | 10 kWh] price_threshold                   615.60 EUR  (   1.4 s)
  [Fluvius_EV 1 | Aktivni | 10 kWh] self_consumption_peak_shaving     730.70 EUR  (   1.4 s)
  [Fluvius_EV 1 | Dinamični | 10 kWh] price_rank_daily                  562.95 EUR  (   1.4 s)
  [Fluvius_EV 1 | Aktivni | 10 kWh] price_oracle                      560.97 EUR  (   1.4 s)
  [Fluvius_EV 1 | Dinamični | 10 kWh] peak_shaving                      690.19 EUR  (   1.4 s)
  [Fluvius_EV 1 | Dinamični | 10 kWh] self_consumption_peak_shaving     690.70 EUR  (   1.4 s)
  [Fluvius_EV 1 | Dinamični | 10 kWh] price_oracle                      600.68 EUR  (   1.4 s)
  [Fluvius 4 | Redni 2T | 20 kWh] milp_full_period                  561.69 EUR  (  42.8 s)
  [Fluvius 4 | Redni 2T | 30 kWh] no_battery                        590.32 EUR  (   1.4 s)
  [Fluvius 4 | Redni 2T | 30 kWh] self_consumption                  590.73 EUR  (   1.4 s)
  [Fluvius 4 | Redni 2T | 30 kWh] fixed_schedule                    579.71 EUR  (   1.4 s)
  [Fluvius 4 | Redni 2T | 30 kWh] delayed_pv_charge                 590.73 EUR  (   1.4 s)
  [Fluvius 4 | Redni 2T | 30 kWh] price_threshold                   570.15 EUR  (   1.4 s)
  [Fluvius 4 | Redni 2T | 30 kWh] price_rank_daily                  579.14 EUR  (   1.4 s)
  [Fluvius 5 | Redni 2T | 10 kWh] milp_full_period                  170.87 EUR  (  44.5 s)
  [Fluvius 4 | Redni 2T | 30 kWh] peak_shaving                      586.45 EUR  (   1.4 s)
  [Fluvius 4 | Redni 2T | 30 kWh] self_consumption_peak_shaving     586.65 EUR  (   1.4 s)
  [Fluvius 5 | Redni 2T | 20 kWh] no_battery                        194.43 EUR  (   1.4 s)
  [Fluvius 4 | Redni 2T | 30 kWh] price_oracle                      569.52 EUR  (   1.4 s)
  [Fluvius 5 | Redni 2T | 20 kWh] self_consumption                  194.59 EUR  (   1.4 s)
  [Fluvius 5 | Redni 2T | 20 kWh] fixed_schedule                    177.93 EUR  (   1.4 s)
  [Fluvius 5 | Redni 2T | 20 kWh] delayed_pv_charge                 194.59 EUR  (   1.4 s)
  [Fluvius 5 | Redni 2T | 20 kWh] price_threshold                   174.39 EUR  (   1.4 s)
  [Fluvius 5 | Redni 2T | 20 kWh] price_rank_daily                  185.22 EUR  (   1.4 s)
  [Fluvius 5 | Redni 2T | 20 kWh] peak_shaving                      178.38 EUR  (   1.4 s)
  [Fluvius_EV 1 | Redni 1T | 5 kWh] milp_full_period                  651.36 EUR  (  57.1 s)
  [Fluvius 5 | Redni 2T | 20 kWh] self_consumption_peak_shaving     179.89 EUR  (   1.4 s)
  [Fluvius_EV 1 | Redni 1T | 10 kWh] no_battery                        658.83 EUR  (   1.4 s)
  [Fluvius 5 | Redni 2T | 20 kWh] price_oracle                      174.23 EUR  (   1.4 s)
  [Fluvius 5 | Aktivni | 20 kWh] milp_full_period                 -124.20 EUR  (  35.3 s)
  [Fluvius_EV 1 | Redni 1T | 10 kWh] self_consumption                  658.90 EUR  (   1.4 s)
  [Fluvius 4 | Dinamični | 20 kWh] milp_full_period                  112.87 EUR  ( 178.8 s)
  [Fluvius_EV 1 | Redni 1T | 10 kWh] fixed_schedule                    691.00 EUR  (   1.4 s)
  [Fluvius 5 | Aktivni | 30 kWh] no_battery                        208.04 EUR  (   1.4 s)
  [Fluvius 4 | Dinamični | 30 kWh] no_battery                        604.30 EUR  (   1.4 s)
  [Fluvius_EV 1 | Aktivni | 10 kWh] milp_full_period                  481.20 EUR  (  31.5 s)
  [Fluvius_EV 1 | Redni 1T | 10 kWh] delayed_pv_charge                 658.90 EUR  (   1.4 s)
  [Fluvius 5 | Aktivni | 30 kWh] self_consumption                  208.05 EUR  (   1.4 s)
  [Fluvius 4 | Dinamični | 30 kWh] self_consumption                  605.29 EUR  (   1.4 s)
  [Fluvius_EV 1 | Redni 1T | 10 kWh] price_threshold                   658.90 EUR  (   1.4 s)
  [Fluvius_EV 1 | Aktivni | 20 kWh] no_battery                        732.32 EUR  (   1.4 s)
  [Fluvius 5 | Aktivni | 30 kWh] fixed_schedule                    217.61 EUR  (   1.4 s)
  [Fluvius 4 | Dinamični | 30 kWh] fixed_schedule                    542.76 EUR  (   1.4 s)
  [Fluvius_EV 1 | Redni 1T | 10 kWh] price_rank_daily                  658.90 EUR  (   1.4 s)
  [Fluvius_EV 1 | Aktivni | 20 kWh] self_consumption                  732.33 EUR  (   1.4 s)
  [Fluvius 5 | Aktivni | 30 kWh] delayed_pv_charge                 208.05 EUR  (   1.4 s)
  [Fluvius 4 | Dinamični | 30 kWh] delayed_pv_charge                 605.29 EUR  (   1.4 s)
  [Fluvius_EV 1 | Redni 1T | 10 kWh] peak_shaving                      657.45 EUR  (   1.4 s)
  [Fluvius_EV 1 | Aktivni | 20 kWh] fixed_schedule                    806.88 EUR  (   1.4 s)
  [Fluvius 5 | Aktivni | 30 kWh] price_threshold                   160.45 EUR  (   1.5 s)
  [Fluvius 4 | Dinamični | 30 kWh] price_threshold                   481.64 EUR  (   1.4 s)
  [Fluvius_EV 1 | Aktivni | 20 kWh] delayed_pv_charge                 732.33 EUR  (   1.4 s)
  [Fluvius_EV 1 | Redni 1T | 10 kWh] self_consumption_peak_shaving     657.69 EUR  (   1.4 s)
  [Fluvius 5 | Aktivni | 30 kWh] price_rank_daily                  161.24 EUR  (   1.4 s)
  [Fluvius 4 | Dinamični | 30 kWh] price_rank_daily                  459.38 EUR  (   1.4 s)
  [Fluvius_EV 1 | Aktivni | 20 kWh] price_threshold                   560.84 EUR  (   1.4 s)
  [Fluvius_EV 1 | Redni 1T | 10 kWh] price_oracle                      658.90 EUR  (   1.4 s)
  [Fluvius 5 | Aktivni | 30 kWh] peak_shaving                      192.32 EUR  (   1.4 s)
  [Fluvius 4 | Dinamični | 30 kWh] peak_shaving                      598.86 EUR  (   1.4 s)
  [Fluvius 3 | Redni 1T | 30 kWh] milp_full_period                  608.47 EUR  (  91.4 s)
[14/140] Fluvius_user_003_redni1t.csv (40 rows)  (601s elapsed)
  [Fluvius_EV 1 | Aktivni | 20 kWh] price_rank_daily                  571.98 EUR  (   1.4 s)
  [Fluvius 5 | Aktivni | 30 kWh] self_consumption_peak_shaving     193.86 EUR  (   1.4 s)
  [Fluvius 4 | Dinamični | 30 kWh] self_consumption_peak_shaving     599.28 EUR  (   1.4 s)
  [Fluvius 4 | Redni 1T | 30 kWh] milp_full_period                  564.11 EUR  (  78.9 s)
[15/140] Fluvius_user_004_redni1t.csv (40 rows)  (602s elapsed)
  [Fluvius_EV 1 | Aktivni | 20 kWh] peak_shaving                      730.11 EUR  (   1.4 s)
  [Fluvius 5 | Aktivni | 30 kWh] price_oracle                      160.29 EUR  (   1.4 s)
  [Fluvius 4 | Dinamični | 30 kWh] price_oracle                      466.74 EUR  (   1.4 s)
  [Fluvius_EV 1 | Aktivni | 20 kWh] self_consumption_peak_shaving     730.60 EUR  (   1.4 s)
  [Fluvius_EV 1 | Aktivni | 20 kWh] price_oracle                      560.50 EUR  (   1.4 s)
  [Fluvius_EV 1 | Redni 2T | 5 kWh] no_battery                        683.09 EUR  (   1.4 s)
  [Fluvius_EV 1 | Redni 2T | 5 kWh] self_consumption                  683.16 EUR  (   1.4 s)
  [Fluvius_EV 2 | Dinamični | 5 kWh] no_battery                       1696.84 EUR  (   1.4 s)
  [Fluvius_EV 1 | Redni 2T | 5 kWh] fixed_schedule                    674.98 EUR  (   1.4 s)
  [Fluvius_EV 2 | Dinamični | 5 kWh] self_consumption                 1697.14 EUR  (   1.4 s)
  [Fluvius_EV 1 | Redni 2T | 5 kWh] delayed_pv_charge                 683.16 EUR  (   1.4 s)
  [Fluvius_EV 2 | Dinamični | 5 kWh] fixed_schedule                   1673.90 EUR  (   1.4 s)
  [Fluvius_EV 1 | Redni 2T | 5 kWh] price_threshold                   670.60 EUR  (   1.4 s)
  [Fluvius_EV 2 | Dinamični | 5 kWh] delayed_pv_charge                1697.14 EUR  (   1.4 s)
  [Fluvius_EV 1 | Redni 2T | 5 kWh] price_rank_daily                  673.09 EUR  (   1.4 s)
  [Fluvius_EV 2 | Dinamični | 5 kWh] price_threshold                  1628.01 EUR  (   1.4 s)
  [Fluvius_EV 1 | Redni 2T | 5 kWh] peak_shaving                      680.26 EUR  (   1.4 s)
  [Fluvius_EV 2 | Dinamični | 5 kWh] price_rank_daily                 1593.89 EUR  (   1.4 s)
  [Fluvius_EV 1 | Redni 2T | 5 kWh] self_consumption_peak_shaving     680.43 EUR  (   1.4 s)
  [Fluvius_EV 2 | Dinamični | 5 kWh] peak_shaving                     1688.28 EUR  (   1.4 s)
  [Fluvius_EV 1 | Redni 2T | 5 kWh] price_oracle                      670.28 EUR  (   1.4 s)
  [Fluvius_EV 2 | Dinamični | 5 kWh] self_consumption_peak_shaving    1687.37 EUR  (   1.5 s)
  [Fluvius_EV 2 | Dinamični | 5 kWh] price_oracle                     1616.27 EUR  (   1.4 s)
  [Fluvius 4 | Redni 2T | 30 kWh] milp_full_period                  560.13 EUR  (  44.1 s)
[16/140] Fluvius_user_004_redni2t.csv (40 rows)  (623s elapsed)
  [Fluvius_EV 2 | Aktivni | 5 kWh] no_battery                       2068.51 EUR  (   1.4 s)
  [Fluvius_EV 2 | Aktivni | 5 kWh] self_consumption                 2068.52 EUR  (   1.4 s)
  [Fluvius 5 | Redni 1T | 10 kWh] milp_full_period                  172.51 EUR  (  79.1 s)
  [Fluvius_EV 2 | Aktivni | 5 kWh] fixed_schedule                   2150.51 EUR  (   1.4 s)
  [Fluvius 5 | Redni 1T | 20 kWh] no_battery                        189.81 EUR  (   1.4 s)
  [Fluvius_EV 2 | Aktivni | 5 kWh] delayed_pv_charge                2068.52 EUR  (   1.4 s)
  [Fluvius 5 | Redni 1T | 20 kWh] self_consumption                  189.95 EUR  (   1.4 s)
  [Fluvius_EV 2 | Aktivni | 5 kWh] price_threshold                  1898.66 EUR  (   1.4 s)
  [Fluvius 5 | Redni 1T | 20 kWh] fixed_schedule                    182.77 EUR  (   1.4 s)
  [Fluvius_EV 2 | Aktivni | 5 kWh] price_rank_daily                 1924.31 EUR  (   1.4 s)
  [Fluvius_EV 1 | Dinamični | 10 kWh] milp_full_period                  398.49 EUR  (  71.6 s)
  [Fluvius 5 | Redni 1T | 20 kWh] delayed_pv_charge                 189.95 EUR  (   1.4 s)
  [Fluvius_EV 2 | Aktivni | 5 kWh] peak_shaving                     2067.55 EUR  (   1.4 s)
  [Fluvius 5 | Redni 1T | 20 kWh] price_threshold                   189.95 EUR  (   1.4 s)
  [Fluvius 5 | Aktivni | 30 kWh] milp_full_period                 -264.60 EUR  (  34.9 s)
[17/140] Fluvius_user_005_aktivni.csv (40 rows)  (638s elapsed)
  [Fluvius 5 | Redni 2T | 20 kWh] milp_full_period                  170.81 EUR  (  48.8 s)
  [Fluvius_EV 1 | Dinamični | 20 kWh] no_battery                        695.34 EUR  (   1.4 s)
  [Fluvius_EV 2 | Aktivni | 5 kWh] self_consumption_peak_shaving    2062.59 EUR  (   1.4 s)
  [Fluvius 5 | Redni 1T | 20 kWh] price_rank_daily                  189.95 EUR  (   1.4 s)
  [Fluvius_EV 1 | Dinamični | 20 kWh] self_consumption                  696.27 EUR  (   1.4 s)
  [Fluvius_EV 2 | Aktivni | 5 kWh] price_oracle                     1898.70 EUR  (   1.4 s)
  [Fluvius 5 | Redni 2T | 30 kWh] no_battery                        194.43 EUR  (   1.4 s)
  [Fluvius 5 | Redni 1T | 20 kWh] peak_shaving                      174.25 EUR  (   1.4 s)
  [Fluvius_EV 1 | Dinamični | 20 kWh] fixed_schedule                    627.06 EUR  (   1.4 s)
  [Fluvius 5 | Redni 2T | 30 kWh] self_consumption                  194.72 EUR  (   1.4 s)
  [Fluvius 5 | Redni 1T | 20 kWh] self_consumption_peak_shaving     175.80 EUR  (   1.4 s)
  [Fluvius_EV 1 | Dinamični | 20 kWh] delayed_pv_charge                 696.27 EUR  (   1.4 s)
  [Fluvius 5 | Redni 2T | 30 kWh] fixed_schedule                    186.29 EUR  (   1.4 s)
  [Fluvius_EV 2 | Redni 1T | 5 kWh] no_battery                       1740.72 EUR  (   1.4 s)
  [Fluvius 5 | Redni 1T | 20 kWh] price_oracle                      189.95 EUR  (   1.4 s)
  [Fluvius_EV 1 | Dinamični | 20 kWh] price_threshold                   589.78 EUR  (   1.4 s)
  [Fluvius_EV 1 | Redni 2T | 5 kWh] milp_full_period                  657.99 EUR  (  26.7 s)
  [Fluvius 5 | Redni 2T | 30 kWh] delayed_pv_charge                 194.72 EUR  (   1.4 s)
  [Fluvius_EV 2 | Redni 1T | 5 kWh] self_consumption                 1740.76 EUR  (   1.4 s)
  [Fluvius_EV 1 | Aktivni | 20 kWh] milp_full_period                  328.58 EUR  (  38.7 s)
  [Fluvius_EV 1 | Dinamični | 20 kWh] price_rank_daily                  560.43 EUR  (   1.4 s)
  [Fluvius 5 | Redni 2T | 30 kWh] price_threshold                   174.32 EUR  (   1.4 s)
  [Fluvius_EV 2 | Redni 1T | 5 kWh] fixed_schedule                   1763.45 EUR  (   1.4 s)
  [Fluvius_EV 1 | Redni 2T | 10 kWh] no_battery                        683.09 EUR  (   1.4 s)
  [Fluvius_EV 1 | Aktivni | 30 kWh] no_battery                        732.32 EUR  (   1.4 s)
  [Fluvius_EV 1 | Dinamični | 20 kWh] peak_shaving                      690.42 EUR  (   1.4 s)
  [Fluvius 5 | Redni 2T | 30 kWh] price_rank_daily                  183.08 EUR  (   1.4 s)
  [Fluvius_EV 2 | Redni 1T | 5 kWh] delayed_pv_charge                1740.76 EUR  (   1.4 s)
  [Fluvius_EV 1 | Redni 2T | 10 kWh] self_consumption                  683.23 EUR  (   1.4 s)
  [Fluvius_EV 1 | Aktivni | 30 kWh] self_consumption                  732.31 EUR  (   1.4 s)
  [Fluvius_EV 1 | Dinamični | 20 kWh] self_consumption_peak_shaving     690.78 EUR  (   1.4 s)
  [Fluvius 5 | Redni 2T | 30 kWh] peak_shaving                      178.47 EUR  (   1.4 s)
  [Fluvius_EV 2 | Redni 1T | 5 kWh] price_threshold                  1740.76 EUR  (   1.4 s)
  [Fluvius_EV 1 | Redni 2T | 10 kWh] fixed_schedule                    671.87 EUR  (   1.4 s)
  [Fluvius_EV 1 | Aktivni | 30 kWh] fixed_schedule                    805.29 EUR  (   1.4 s)
  [Fluvius_EV 1 | Dinamični | 20 kWh] price_oracle                      567.68 EUR  (   1.4 s)
  [Fluvius 5 | Redni 2T | 30 kWh] self_consumption_peak_shaving     179.99 EUR  (   1.4 s)
  [Fluvius_EV 2 | Redni 1T | 5 kWh] price_rank_daily                 1740.76 EUR  (   1.4 s)
  [Fluvius_EV 1 | Redni 2T | 10 kWh] delayed_pv_charge                 683.23 EUR  (   1.4 s)
  [Fluvius_EV 1 | Aktivni | 30 kWh] delayed_pv_charge                 732.31 EUR  (   1.4 s)
  [Fluvius 5 | Redni 2T | 30 kWh] price_oracle                      174.15 EUR  (   1.4 s)
  [Fluvius_EV 2 | Redni 1T | 5 kWh] peak_shaving                     1738.70 EUR  (   1.4 s)
  [Fluvius_EV 1 | Redni 2T | 10 kWh] price_threshold                   661.21 EUR  (   1.4 s)
  [Fluvius_EV 1 | Aktivni | 30 kWh] price_threshold                   561.43 EUR  (   1.4 s)
  [Fluvius_EV 1 | Redni 1T | 10 kWh] milp_full_period                  651.36 EUR  (  52.8 s)
  [Fluvius_EV 2 | Redni 1T | 5 kWh] self_consumption_peak_shaving    1734.71 EUR  (   1.4 s)
  [Fluvius_EV 1 | Redni 2T | 10 kWh] price_rank_daily                  668.83 EUR  (   1.4 s)
  [Fluvius_EV 1 | Aktivni | 30 kWh] price_rank_daily                  565.62 EUR  (   1.4 s)
  [Fluvius_EV 2 | Redni 1T | 5 kWh] price_oracle                     1740.76 EUR  (   1.4 s)
  [Fluvius_EV 1 | Redni 2T | 10 kWh] peak_shaving                      680.36 EUR  (   1.4 s)
  [Fluvius_EV 1 | Redni 1T | 20 kWh] no_battery                        658.83 EUR  (   1.4 s)
  [Fluvius_EV 1 | Aktivni | 30 kWh] peak_shaving                      730.14 EUR  (   1.4 s)
  [Fluvius_EV 1 | Redni 2T | 10 kWh] self_consumption_peak_shaving     680.57 EUR  (   1.4 s)
  [Fluvius_EV 1 | Redni 1T | 20 kWh] self_consumption                  658.98 EUR  (   1.4 s)
  [Fluvius_EV 1 | Aktivni | 30 kWh] self_consumption_peak_shaving     730.65 EUR  (   1.4 s)
  [Fluvius_EV 1 | Redni 2T | 10 kWh] price_oracle                      660.54 EUR  (   1.4 s)
  [Fluvius_EV 1 | Redni 1T | 20 kWh] fixed_schedule                    691.44 EUR  (   1.4 s)
  [Fluvius_EV 1 | Aktivni | 30 kWh] price_oracle                      560.48 EUR  (   1.4 s)
  [Fluvius_EV 1 | Redni 1T | 20 kWh] delayed_pv_charge                 658.98 EUR  (   1.4 s)
  [Fluvius_EV 1 | Redni 1T | 20 kWh] price_threshold                   658.98 EUR  (   1.4 s)
  [Fluvius_EV 1 | Redni 1T | 20 kWh] price_rank_daily                  658.98 EUR  (   1.4 s)
  [Fluvius_EV 1 | Redni 1T | 20 kWh] peak_shaving                      657.55 EUR  (   1.4 s)
  [Fluvius_EV 1 | Redni 1T | 20 kWh] self_consumption_peak_shaving     657.82 EUR  (   1.4 s)
  [Fluvius_EV 1 | Redni 1T | 20 kWh] price_oracle                      658.98 EUR  (   1.4 s)
  [Fluvius_EV 2 | Aktivni | 5 kWh] milp_full_period                 1866.95 EUR  (  29.4 s)
  [Fluvius_EV 2 | Aktivni | 10 kWh] no_battery                       2068.51 EUR  (   1.4 s)
  [Fluvius_EV 2 | Aktivni | 10 kWh] self_consumption                 2068.54 EUR  (   1.4 s)
  [Fluvius_EV 2 | Aktivni | 10 kWh] fixed_schedule                   2147.06 EUR  (   1.4 s)
  [Fluvius_EV 2 | Dinamični | 5 kWh] milp_full_period                 1492.48 EUR  (  55.9 s)
  [Fluvius_EV 2 | Aktivni | 10 kWh] delayed_pv_charge                2068.54 EUR  (   1.4 s)
  [Fluvius_EV 2 | Aktivni | 10 kWh] price_threshold                  1791.87 EUR  (   1.4 s)
  [Fluvius_EV 2 | Dinamični | 10 kWh] no_battery                       1696.84 EUR  (   1.4 s)
  [Fluvius_EV 2 | Aktivni | 10 kWh] price_rank_daily                 1826.41 EUR  (   1.4 s)
  [Fluvius_EV 2 | Dinamični | 10 kWh] self_consumption                 1697.44 EUR  (   1.4 s)
  [Fluvius_EV 2 | Aktivni | 10 kWh] peak_shaving                     2074.73 EUR  (   1.4 s)
  [Fluvius_EV 2 | Dinamični | 10 kWh] fixed_schedule                   1612.79 EUR  (   1.4 s)
  [Fluvius_EV 2 | Dinamični | 10 kWh] delayed_pv_charge                1697.44 EUR  (   1.4 s)
  [Fluvius_EV 2 | Aktivni | 10 kWh] self_consumption_peak_shaving    2064.67 EUR  (   1.5 s)
  [Fluvius_EV 2 | Dinamični | 10 kWh] price_threshold                  1584.50 EUR  (   1.4 s)
  [Fluvius_EV 2 | Aktivni | 10 kWh] price_oracle                     1791.41 EUR  (   1.4 s)
  [Fluvius_EV 2 | Dinamični | 10 kWh] price_rank_daily                 1512.65 EUR  (   1.4 s)
  [Fluvius_EV 2 | Dinamični | 10 kWh] peak_shaving                     1690.16 EUR  (   1.4 s)
  [Fluvius_EV 1 | Redni 2T | 10 kWh] milp_full_period                  651.07 EUR  (  29.3 s)
  [Fluvius_EV 2 | Dinamični | 10 kWh] self_consumption_peak_shaving    1687.56 EUR  (   1.4 s)
  [Fluvius_EV 2 | Dinamični | 10 kWh] price_oracle                     1563.14 EUR  (   1.4 s)
  [Fluvius_EV 1 | Redni 2T | 20 kWh] no_battery                        683.09 EUR  (   1.4 s)
  [Fluvius_EV 1 | Aktivni | 30 kWh] milp_full_period                  181.83 EUR  (  30.9 s)
[18/140] Fluvius_EV_user_001_aktivni.csv (40 rows)  (688s elapsed)
  [Fluvius_EV 1 | Redni 2T | 20 kWh] self_consumption                  683.37 EUR  (   1.4 s)
  [Fluvius 4 | Dinamični | 30 kWh] milp_full_period                  -19.53 EUR  (  86.5 s)
[19/140] Fluvius_user_004.csv (40 rows)  (690s elapsed)
  [Fluvius_EV 1 | Redni 2T | 20 kWh] fixed_schedule                    670.36 EUR  (   1.4 s)
  [Fluvius_EV 1 | Redni 2T | 20 kWh] delayed_pv_charge                 683.37 EUR  (   1.4 s)
  [Fluvius_EV 2 | Redni 2T | 5 kWh] no_battery                       1738.24 EUR  (   1.4 s)
  [Fluvius_EV 1 | Redni 2T | 20 kWh] price_threshold                   660.02 EUR  (   1.4 s)
  [Fluvius_EV 2 | Redni 2T | 5 kWh] self_consumption                 1738.31 EUR  (   1.4 s)
  [Fluvius_EV 1 | Redni 2T | 20 kWh] price_rank_daily                  669.69 EUR  (   1.4 s)
  [Fluvius_EV 2 | Redni 2T | 5 kWh] fixed_schedule                   1730.27 EUR  (   1.4 s)
  [Fluvius_EV 1 | Redni 2T | 20 kWh] peak_shaving                      680.51 EUR  (   1.4 s)
  [Fluvius_EV 2 | Redni 2T | 5 kWh] delayed_pv_charge                1738.31 EUR  (   1.4 s)
  [Fluvius_EV 1 | Redni 2T | 20 kWh] self_consumption_peak_shaving     680.64 EUR  (   1.4 s)
  [Fluvius_EV 2 | Redni 2T | 5 kWh] price_threshold                  1730.24 EUR  (   1.4 s)
  [Fluvius_EV 1 | Redni 2T | 20 kWh] price_oracle                      657.03 EUR  (   1.4 s)
  [Fluvius_EV 2 | Redni 2T | 5 kWh] price_rank_daily                 1735.02 EUR  (   1.4 s)
[20/140] Fluvius_EV_user_003.csv (40 rows)  (701s elapsed)
  [Fluvius_EV 2 | Redni 2T | 5 kWh] peak_shaving                     1735.12 EUR  (   1.4 s)
  [Fluvius_EV 2 | Redni 2T | 5 kWh] self_consumption_peak_shaving    1731.35 EUR  (   1.4 s)
  [Fluvius_EV 2 | Redni 2T | 5 kWh] price_oracle                     1730.08 EUR  (   1.4 s)
  [Fluvius_EV 3 | Aktivni | 5 kWh] no_battery                        877.55 EUR  (   1.4 s)
  [Fluvius 5 | Redni 2T | 30 kWh] milp_full_period                  170.76 EUR  (  54.7 s)
[21/140] Fluvius_user_005_redni2t.csv (40 rows)  (706s elapsed)
  [Fluvius_EV 3 | Aktivni | 5 kWh] self_consumption                  877.57 EUR  (   1.4 s)
  [Fluvius_EV 3 | Aktivni | 5 kWh] fixed_schedule                    962.05 EUR  (   1.4 s)
  [Fluvius_EV 3 | Aktivni | 5 kWh] delayed_pv_charge                 877.57 EUR  (   1.4 s)
  [Fluvius_EV 2 | Redni 1T | 5 kWh] milp_full_period                 1731.96 EUR  (  56.1 s)
  [Fluvius_EV 3 | Aktivni | 5 kWh] price_threshold                   721.45 EUR  (   1.4 s)
  [Fluvius_EV 2 | Redni 1T | 10 kWh] no_battery                       1740.72 EUR  (   1.4 s)
  [Fluvius_EV 3 | Aktivni | 5 kWh] price_rank_daily                  736.28 EUR  (   1.4 s)
  [Fluvius_EV 2 | Aktivni | 10 kWh] milp_full_period                 1750.40 EUR  (  31.0 s)
  [Fluvius_EV 2 | Redni 1T | 10 kWh] self_consumption                 1740.79 EUR  (   1.4 s)
  [Fluvius_EV 3 | Aktivni | 5 kWh] peak_shaving                      874.60 EUR  (   1.4 s)
  [Fluvius_EV 2 | Redni 1T | 10 kWh] fixed_schedule                   1782.67 EUR  (   1.4 s)
  [Fluvius_EV 2 | Aktivni | 20 kWh] no_battery                       2068.51 EUR  (   1.4 s)
  [Fluvius_EV 3 | Aktivni | 5 kWh] self_consumption_peak_shaving     874.90 EUR  (   1.4 s)
  [Fluvius_EV 2 | Redni 1T | 10 kWh] delayed_pv_charge                1740.79 EUR  (   1.4 s)
[22/140] Fluvius_EV_user_003_redni1t.csv (40 rows)  (717s elapsed)
  [Fluvius_EV 2 | Aktivni | 20 kWh] self_consumption                 2068.60 EUR  (   1.4 s)
  [Fluvius_EV 3 | Aktivni | 5 kWh] price_oracle                      721.26 EUR  (   1.4 s)
  [Fluvius_EV 2 | Redni 1T | 10 kWh] price_threshold                  1740.79 EUR  (   1.4 s)
  [Fluvius_EV 2 | Aktivni | 20 kWh] fixed_schedule                   2158.58 EUR  (   1.4 s)
  [Fluvius_EV 2 | Redni 1T | 10 kWh] price_rank_daily                 1740.79 EUR  (   1.4 s)
  [Fluvius_EV 2 | Aktivni | 20 kWh] delayed_pv_charge                2068.60 EUR  (   1.4 s)
  [Fluvius_EV 2 | Redni 1T | 10 kWh] peak_shaving                     1744.42 EUR  (   1.4 s)
  [Fluvius_EV 2 | Aktivni | 20 kWh] price_threshold                  1703.70 EUR  (   1.4 s)
  [Fluvius_EV 3 | Redni 2T | 5 kWh] no_battery                        797.65 EUR  (   1.4 s)
  [Fluvius_EV 2 | Redni 1T | 10 kWh] self_consumption_peak_shaving    1736.29 EUR  (   1.4 s)
  [Fluvius 5 | Redni 1T | 20 kWh] milp_full_period                  172.48 EUR  (  78.8 s)
  [Fluvius_EV 2 | Aktivni | 20 kWh] price_rank_daily                 1787.32 EUR  (   1.4 s)
  [Fluvius_EV 3 | Redni 2T | 5 kWh] self_consumption                  797.72 EUR  (   1.4 s)
  [Fluvius_EV 2 | Redni 1T | 10 kWh] price_oracle                     1740.79 EUR  (   1.4 s)
  [Fluvius_EV 2 | Aktivni | 20 kWh] peak_shaving                     2082.61 EUR  (   1.4 s)
  [Fluvius 5 | Redni 1T | 30 kWh] no_battery                        189.81 EUR  (   1.4 s)
  [Fluvius_EV 3 | Redni 2T | 5 kWh] fixed_schedule                    788.79 EUR  (   1.4 s)
  [Fluvius_EV 2 | Aktivni | 20 kWh] self_consumption_peak_shaving    2069.29 EUR  (   1.4 s)
  [Fluvius 5 | Redni 1T | 30 kWh] self_consumption                  190.03 EUR  (   1.4 s)
  [Fluvius_EV 3 | Redni 2T | 5 kWh] delayed_pv_charge                 797.72 EUR  (   1.4 s)
  [Fluvius_EV 2 | Aktivni | 20 kWh] price_oracle                     1702.71 EUR  (   1.4 s)
  [Fluvius 5 | Redni 1T | 30 kWh] fixed_schedule                    190.82 EUR  (   1.4 s)
  [Fluvius_EV 3 | Redni 2T | 5 kWh] price_threshold                   786.16 EUR  (   1.4 s)
  [Fluvius 5 | Redni 1T | 30 kWh] delayed_pv_charge                 190.03 EUR  (   1.4 s)
  [Fluvius_EV 3 | Redni 2T | 5 kWh] price_rank_daily                  788.47 EUR  (   1.4 s)
  [Fluvius 5 | Redni 1T | 30 kWh] price_threshold                   190.03 EUR  (   1.4 s)
  [Fluvius_EV 3 | Redni 2T | 5 kWh] peak_shaving                      794.25 EUR  (   1.4 s)
  [Fluvius 5 | Redni 1T | 30 kWh] price_rank_daily                  190.03 EUR  (   1.4 s)
  [Fluvius_EV 3 | Redni 2T | 5 kWh] self_consumption_peak_shaving     794.56 EUR  (   1.4 s)
  [Fluvius 5 | Redni 1T | 30 kWh] peak_shaving                      174.28 EUR  (   1.4 s)
  [Fluvius_EV 3 | Redni 2T | 5 kWh] price_oracle                      786.07 EUR  (   1.4 s)
  [Fluvius_EV 2 | Redni 2T | 5 kWh] milp_full_period                 1711.73 EUR  (  28.5 s)
  [Fluvius 5 | Redni 1T | 30 kWh] self_consumption_peak_shaving     175.87 EUR  (   1.4 s)
  [Fluvius_EV 2 | Redni 2T | 10 kWh] no_battery                       1738.24 EUR  (   1.4 s)
  [Fluvius 5 | Redni 1T | 30 kWh] price_oracle                      190.03 EUR  (   1.4 s)
  [Fluvius_EV 2 | Redni 2T | 10 kWh] self_consumption                 1738.38 EUR  (   1.4 s)
  [Fluvius_EV 2 | Redni 2T | 10 kWh] fixed_schedule                   1729.07 EUR  (   1.4 s)
  [Fluvius_EV 1 | Redni 1T | 20 kWh] milp_full_period                  651.36 EUR  (  73.0 s)
  [Fluvius_EV 2 | Redni 2T | 10 kWh] delayed_pv_charge                1738.38 EUR  (   1.4 s)
  [Fluvius_EV 2 | Redni 2T | 10 kWh] price_threshold                  1722.89 EUR  (   1.4 s)
  [Fluvius_EV 1 | Redni 1T | 30 kWh] no_battery                        658.83 EUR  (   1.4 s)
  [Fluvius_EV 2 | Redni 2T | 10 kWh] price_rank_daily                 1733.57 EUR  (   1.4 s)
  [Fluvius_EV 1 | Redni 1T | 30 kWh] self_consumption                  659.05 EUR  (   1.4 s)
  [Fluvius_EV 2 | Redni 2T | 10 kWh] peak_shaving                     1740.42 EUR  (   1.4 s)
  [Fluvius_EV 1 | Redni 1T | 30 kWh] fixed_schedule                    689.68 EUR  (   1.4 s)
  [Fluvius_EV 3 | Aktivni | 5 kWh] milp_full_period                  697.98 EUR  (  27.4 s)
  [Fluvius_EV 2 | Redni 2T | 10 kWh] self_consumption_peak_shaving    1732.72 EUR  (   1.4 s)
  [Fluvius_EV 1 | Redni 1T | 30 kWh] delayed_pv_charge                 659.05 EUR  (   1.4 s)
  [Fluvius_EV 3 | Aktivni | 10 kWh] no_battery                        877.55 EUR  (   1.4 s)
  [Fluvius_EV 2 | Redni 2T | 10 kWh] price_oracle                     1722.28 EUR  (   1.4 s)
  [Fluvius_EV 1 | Redni 1T | 30 kWh] price_threshold                   659.05 EUR  (   1.4 s)
  [Fluvius_EV 3 | Aktivni | 10 kWh] self_consumption                  877.60 EUR  (   1.4 s)
  [Fluvius_EV 1 | Redni 1T | 30 kWh] price_rank_daily                  659.05 EUR  (   1.4 s)
  [Fluvius_EV 3 | Aktivni | 10 kWh] fixed_schedule                    955.50 EUR  (   1.4 s)
  [Fluvius_EV 1 | Redni 2T | 20 kWh] milp_full_period                  648.04 EUR  (  49.6 s)
  [Fluvius_EV 1 | Redni 1T | 30 kWh] peak_shaving                      657.64 EUR  (   1.4 s)
  [Fluvius_EV 3 | Aktivni | 10 kWh] delayed_pv_charge                 877.60 EUR  (   1.4 s)
  [Fluvius_EV 1 | Redni 1T | 30 kWh] self_consumption_peak_shaving     657.94 EUR  (   1.4 s)
  [Fluvius_EV 1 | Redni 2T | 30 kWh] no_battery                        683.09 EUR  (   1.4 s)
  [Fluvius_EV 3 | Aktivni | 10 kWh] price_threshold                   681.03 EUR  (   1.4 s)
  [Fluvius_EV 1 | Redni 1T | 30 kWh] price_oracle                      659.05 EUR  (   1.4 s)
  [Fluvius_EV 1 | Redni 2T | 30 kWh] self_consumption                  683.50 EUR  (   1.4 s)
  [Fluvius_EV 3 | Aktivni | 10 kWh] price_rank_daily                  693.99 EUR  (   1.4 s)
  [Fluvius_EV 1 | Redni 2T | 30 kWh] fixed_schedule                    668.29 EUR  (   1.4 s)
  [Fluvius_EV 3 | Aktivni | 10 kWh] peak_shaving                      874.85 EUR  (   1.4 s)
  [Fluvius_EV 1 | Redni 2T | 30 kWh] delayed_pv_charge                 683.50 EUR  (   1.4 s)
  [Fluvius_EV 3 | Aktivni | 10 kWh] self_consumption_peak_shaving     875.73 EUR  (   1.4 s)
  [Fluvius_EV 1 | Redni 2T | 30 kWh] price_threshold                   659.52 EUR  (   1.4 s)
  [Fluvius_EV 3 | Aktivni | 10 kWh] price_oracle                      680.78 EUR  (   1.4 s)
  [Fluvius_EV 1 | Redni 2T | 30 kWh] price_rank_daily                  670.28 EUR  (   1.4 s)
  [Fluvius_EV 3 | Redni 2T | 5 kWh] milp_full_period                  771.90 EUR  (  25.6 s)
  [Fluvius_EV 1 | Redni 2T | 30 kWh] peak_shaving                      680.66 EUR  (   1.4 s)
  [Fluvius_EV 3 | Redni 2T | 10 kWh] no_battery                        797.65 EUR  (   1.4 s)
  [Fluvius_EV 1 | Redni 2T | 30 kWh] self_consumption_peak_shaving     680.77 EUR  (   1.4 s)
  [Fluvius_EV 3 | Redni 2T | 10 kWh] self_consumption                  797.79 EUR  (   1.4 s)
  [Fluvius_EV 1 | Redni 2T | 30 kWh] price_oracle                      656.63 EUR  (   1.4 s)
  [Fluvius_EV 3 | Redni 2T | 10 kWh] fixed_schedule                    788.26 EUR  (   1.4 s)
  [Fluvius_EV 2 | Aktivni | 20 kWh] milp_full_period                 1567.56 EUR  (  36.4 s)
  [Fluvius_EV 2 | Dinamični | 10 kWh] milp_full_period                 1357.86 EUR  (  76.2 s)
  [Fluvius_EV 3 | Redni 2T | 10 kWh] delayed_pv_charge                 797.79 EUR  (   1.4 s)
  [Fluvius_EV 2 | Aktivni | 30 kWh] no_battery                       2068.51 EUR  (   1.4 s)
  [Fluvius_EV 3 | Redni 2T | 10 kWh] price_threshold                   778.93 EUR  (   1.4 s)
  [Fluvius_EV 2 | Dinamični | 20 kWh] no_battery                       1696.84 EUR  (   1.4 s)
  [Fluvius_EV 2 | Aktivni | 30 kWh] self_consumption                 2068.52 EUR  (   1.4 s)
  [Fluvius_EV 3 | Redni 2T | 10 kWh] price_rank_daily                  783.69 EUR  (   1.4 s)
  [Fluvius_EV 2 | Dinamični | 20 kWh] self_consumption                 1698.04 EUR  (   1.4 s)
  [Fluvius_EV 2 | Aktivni | 30 kWh] fixed_schedule                   2179.06 EUR  (   1.4 s)
  [Fluvius_EV 3 | Redni 2T | 10 kWh] peak_shaving                      794.36 EUR  (   1.4 s)
  [Fluvius_EV 2 | Dinamični | 20 kWh] fixed_schedule                   1574.44 EUR  (   1.4 s)
  [Fluvius_EV 2 | Aktivni | 30 kWh] delayed_pv_charge                2068.52 EUR  (   1.4 s)
  [Fluvius_EV 3 | Redni 2T | 10 kWh] self_consumption_peak_shaving     794.74 EUR  (   1.4 s)
  [Fluvius_EV 2 | Dinamični | 20 kWh] delayed_pv_charge                1698.04 EUR  (   1.4 s)
  [Fluvius_EV 2 | Aktivni | 30 kWh] price_threshold                  1654.18 EUR  (   1.4 s)
  [Fluvius_EV 3 | Redni 2T | 10 kWh] price_oracle                      779.01 EUR  (   1.4 s)
  [Fluvius_EV 2 | Dinamični | 20 kWh] price_threshold                  1536.01 EUR  (   1.4 s)
  [Fluvius_EV 2 | Aktivni | 30 kWh] price_rank_daily                 1743.60 EUR  (   1.4 s)
  [Fluvius_EV 2 | Dinamični | 20 kWh] price_rank_daily                 1474.45 EUR  (   1.4 s)
  [Fluvius_EV 2 | Aktivni | 30 kWh] peak_shaving                     2083.74 EUR  (   1.4 s)
  [Fluvius_EV 2 | Dinamični | 20 kWh] peak_shaving                     1689.45 EUR  (   1.4 s)
  [Fluvius_EV 2 | Aktivni | 30 kWh] self_consumption_peak_shaving    2082.03 EUR  (   1.5 s)
  [Fluvius_EV 2 | Redni 2T | 10 kWh] milp_full_period                 1701.15 EUR  (  28.9 s)
  [Fluvius_EV 2 | Dinamični | 20 kWh] self_consumption_peak_shaving    1688.25 EUR  (   1.4 s)
  [Fluvius_EV 2 | Aktivni | 30 kWh] price_oracle                     1648.42 EUR  (   1.4 s)
  [Fluvius_EV 2 | Redni 2T | 20 kWh] no_battery                       1738.24 EUR  (   1.4 s)
  [Fluvius_EV 2 | Dinamični | 20 kWh] price_oracle                     1513.33 EUR  (   1.4 s)
  [Fluvius_EV 2 | Redni 1T | 10 kWh] milp_full_period                 1731.95 EUR  (  54.3 s)
  [Fluvius_EV 2 | Redni 2T | 20 kWh] self_consumption                 1738.52 EUR  (   1.4 s)
  [Fluvius_EV 2 | Redni 1T | 20 kWh] no_battery                       1740.72 EUR  (   1.4 s)
  [Fluvius_EV 2 | Redni 2T | 20 kWh] fixed_schedule                   1743.80 EUR  (   1.4 s)
  [Fluvius_EV 2 | Redni 1T | 20 kWh] self_consumption                 1740.87 EUR  (   1.4 s)
  [Fluvius_EV 2 | Redni 2T | 20 kWh] delayed_pv_charge                1738.52 EUR  (   1.4 s)
  [Fluvius_EV 2 | Redni 1T | 20 kWh] fixed_schedule                   1807.58 EUR  (   1.4 s)
  [Fluvius_EV 2 | Redni 2T | 20 kWh] price_threshold                  1718.00 EUR  (   1.4 s)
  [Fluvius_EV 2 | Redni 1T | 20 kWh] delayed_pv_charge                1740.87 EUR  (   1.4 s)
  [Fluvius_EV 2 | Redni 2T | 20 kWh] price_rank_daily                 1735.86 EUR  (   1.4 s)
  [Fluvius_EV 2 | Redni 1T | 20 kWh] price_threshold                  1740.87 EUR  (   1.4 s)
  [Fluvius_EV 2 | Redni 2T | 20 kWh] peak_shaving                     1746.31 EUR  (   1.4 s)
  [Fluvius_EV 2 | Redni 1T | 20 kWh] price_rank_daily                 1740.87 EUR  (   1.4 s)
  [Fluvius_EV 2 | Redni 2T | 20 kWh] self_consumption_peak_shaving    1736.11 EUR  (   1.5 s)
  [Fluvius_EV 2 | Redni 1T | 20 kWh] peak_shaving                     1750.64 EUR  (   1.4 s)
  [Fluvius_EV 2 | Redni 2T | 20 kWh] price_oracle                     1717.62 EUR  (   1.4 s)
  [Fluvius_EV 3 | Aktivni | 10 kWh] milp_full_period                  603.61 EUR  (  31.2 s)
  [Fluvius_EV 2 | Redni 1T | 20 kWh] self_consumption_peak_shaving    1739.94 EUR  (   1.4 s)
  [Fluvius_EV 3 | Aktivni | 20 kWh] no_battery                        877.55 EUR  (   1.4 s)
  [Fluvius_EV 2 | Redni 1T | 20 kWh] price_oracle                     1740.87 EUR  (   1.4 s)
  [Fluvius_EV 3 | Aktivni | 20 kWh] self_consumption                  877.51 EUR  (   1.4 s)
  [Fluvius_EV 3 | Aktivni | 20 kWh] fixed_schedule                    948.29 EUR  (   1.4 s)
  [Fluvius_EV 3 | Aktivni | 20 kWh] delayed_pv_charge                 877.51 EUR  (   1.4 s)
  [Fluvius_EV 3 | Aktivni | 20 kWh] price_threshold                   659.10 EUR  (   1.4 s)
  [Fluvius_EV 3 | Aktivni | 20 kWh] price_rank_daily                  685.79 EUR  (   1.4 s)
  [Fluvius_EV 3 | Aktivni | 20 kWh] peak_shaving                      874.78 EUR  (   1.4 s)
  [Fluvius_EV 3 | Aktivni | 20 kWh] self_consumption_peak_shaving     876.22 EUR  (   1.4 s)
  [Fluvius_EV 3 | Redni 2T | 10 kWh] milp_full_period                  763.56 EUR  (  29.9 s)
  [Fluvius_EV 3 | Aktivni | 20 kWh] price_oracle                      659.10 EUR  (   1.4 s)
  [Fluvius_EV 3 | Redni 2T | 20 kWh] no_battery                        797.65 EUR  (   1.4 s)
  [Fluvius_EV 3 | Redni 2T | 20 kWh] self_consumption                  797.92 EUR  (   1.4 s)
  [Fluvius_EV 3 | Redni 2T | 20 kWh] fixed_schedule                    785.51 EUR  (   1.4 s)
  [Fluvius_EV 3 | Redni 2T | 20 kWh] delayed_pv_charge                 797.92 EUR  (   1.4 s)
  [Fluvius 5 | Redni 1T | 30 kWh] milp_full_period                  172.45 EUR  (  72.5 s)
[23/140] Fluvius_user_005_redni1t.csv (40 rows)  (808s elapsed)
  [Fluvius_EV 3 | Redni 2T | 20 kWh] price_threshold                   774.37 EUR  (   1.4 s)
  [Fluvius_EV 3 | Redni 2T | 20 kWh] price_rank_daily                  784.29 EUR  (   1.4 s)
  [Fluvius_EV 3 | Redni 2T | 20 kWh] peak_shaving                      794.40 EUR  (   1.4 s)
  [Fluvius_EV 2 | Aktivni | 30 kWh] milp_full_period                 1401.75 EUR  (  35.6 s)
[24/140] Fluvius_EV_user_002_aktivni.csv (40 rows)  (812s elapsed)
  [Fluvius_EV 3 | Redni 2T | 20 kWh] self_consumption_peak_shaving     794.94 EUR  (   1.4 s)
  [Fluvius_EV 3 | Redni 2T | 20 kWh] price_oracle                      773.20 EUR  (   1.4 s)
[25/140] Fluvius_EV_user_004.csv (40 rows)  (819s elapsed)
  [Fluvius_EV 2 | Redni 2T | 20 kWh] milp_full_period                 1695.08 EUR  (  31.9 s)
  [Fluvius_EV 1 | Redni 2T | 30 kWh] milp_full_period                  646.41 EUR  (  59.2 s)
[26/140] Fluvius_EV_user_001_redni2t.csv (40 rows)  (822s elapsed)
  [Fluvius_EV 2 | Redni 2T | 30 kWh] no_battery                       1738.24 EUR  (   1.4 s)
[27/140] Fluvius_EV_user_004_aktivni.csv (40 rows)  (823s elapsed)
  [Fluvius_EV 4 | Redni 1T | 5 kWh] no_battery                       1298.03 EUR  (   1.4 s)
  [Fluvius_EV 2 | Redni 2T | 30 kWh] self_consumption                 1738.66 EUR  (   1.4 s)
  [Fluvius_EV 4 | Redni 1T | 5 kWh] self_consumption                 1298.07 EUR  (   1.4 s)
  [Fluvius_EV 2 | Redni 2T | 30 kWh] fixed_schedule                   1760.71 EUR  (   1.4 s)
  [Fluvius_EV 4 | Redni 1T | 5 kWh] fixed_schedule                   1319.77 EUR  (   1.4 s)
  [Fluvius_EV 4 | Redni 2T | 5 kWh] no_battery                       1326.17 EUR  (   1.4 s)
  [Fluvius_EV 2 | Redni 2T | 30 kWh] delayed_pv_charge                1738.66 EUR  (   1.4 s)
  [Fluvius_EV 4 | Redni 1T | 5 kWh] delayed_pv_charge                1298.07 EUR  (   1.4 s)
  [Fluvius_EV 4 | Redni 2T | 5 kWh] self_consumption                 1326.24 EUR  (   1.4 s)
  [Fluvius_EV 2 | Redni 2T | 30 kWh] price_threshold                  1721.21 EUR  (   1.4 s)
  [Fluvius_EV 5 | Dinamični | 5 kWh] no_battery                        990.58 EUR  (   1.4 s)
  [Fluvius_EV 4 | Redni 1T | 5 kWh] price_threshold                  1298.07 EUR  (   1.4 s)
  [Fluvius_EV 4 | Redni 2T | 5 kWh] fixed_schedule                   1318.96 EUR  (   1.4 s)
  [Fluvius_EV 2 | Redni 2T | 30 kWh] price_rank_daily                 1727.08 EUR  (   1.4 s)
  [Fluvius_EV 5 | Dinamični | 5 kWh] self_consumption                  990.88 EUR  (   1.4 s)
  [Fluvius_EV 4 | Redni 1T | 5 kWh] price_rank_daily                 1298.07 EUR  (   1.4 s)
  [Fluvius_EV 4 | Redni 2T | 5 kWh] delayed_pv_charge                1326.24 EUR  (   1.4 s)
  [Fluvius_EV 2 | Redni 2T | 30 kWh] peak_shaving                     1747.30 EUR  (   1.4 s)
  [Fluvius_EV 5 | Dinamični | 5 kWh] fixed_schedule                    950.25 EUR  (   1.4 s)
  [Fluvius_EV 4 | Redni 1T | 5 kWh] peak_shaving                     1297.77 EUR  (   1.4 s)
  [Fluvius_EV 4 | Redni 2T | 5 kWh] price_threshold                  1316.73 EUR  (   1.4 s)
  [Fluvius_EV 2 | Redni 2T | 30 kWh] self_consumption_peak_shaving    1745.64 EUR  (   1.4 s)
  [Fluvius_EV 5 | Dinamični | 5 kWh] delayed_pv_charge                 990.88 EUR  (   1.4 s)
  [Fluvius_EV 4 | Redni 1T | 5 kWh] self_consumption_peak_shaving    1297.72 EUR  (   1.4 s)
  [Fluvius_EV 4 | Redni 2T | 5 kWh] price_rank_daily                 1319.11 EUR  (   1.4 s)
  [Fluvius_EV 2 | Redni 2T | 30 kWh] price_oracle                     1720.48 EUR  (   1.4 s)
  [Fluvius_EV 5 | Dinamični | 5 kWh] price_threshold                   921.69 EUR  (   1.4 s)
  [Fluvius_EV 4 | Redni 1T | 5 kWh] price_oracle                     1298.07 EUR  (   1.4 s)
  [Fluvius_EV 4 | Redni 2T | 5 kWh] peak_shaving                     1325.03 EUR  (   1.4 s)
  [Fluvius_EV 5 | Dinamični | 5 kWh] price_rank_daily                  870.32 EUR  (   1.4 s)
  [Fluvius_EV 3 | Aktivni | 20 kWh] milp_full_period                  444.46 EUR  (  34.1 s)
  [Fluvius_EV 4 | Redni 2T | 5 kWh] self_consumption_peak_shaving    1325.20 EUR  (   1.4 s)
  [Fluvius_EV 5 | Dinamični | 5 kWh] peak_shaving                      976.08 EUR  (   1.4 s)
  [Fluvius_EV 4 | Redni 2T | 5 kWh] price_oracle                     1316.40 EUR  (   1.4 s)
  [Fluvius_EV 5 | Dinamični | 5 kWh] self_consumption_peak_shaving     977.49 EUR  (   1.4 s)
  [Fluvius_EV 3 | Aktivni | 30 kWh] no_battery                        877.55 EUR  (   1.4 s)
  [Fluvius_EV 5 | Dinamični | 5 kWh] price_oracle                      912.64 EUR  (   1.4 s)
  [Fluvius_EV 3 | Aktivni | 30 kWh] self_consumption                  877.55 EUR  (   1.4 s)
  [Fluvius_EV 3 | Aktivni | 30 kWh] fixed_schedule                    948.63 EUR  (   1.4 s)
  [Fluvius_EV 3 | Aktivni | 30 kWh] delayed_pv_charge                 877.55 EUR  (   1.4 s)
  [Fluvius_EV 3 | Aktivni | 30 kWh] price_threshold                   645.58 EUR  (   1.4 s)
  [Fluvius_EV 1 | Redni 1T | 30 kWh] milp_full_period                  651.36 EUR  (  92.2 s)
[28/140] Fluvius_EV_user_001_redni1t.csv (40 rows)  (844s elapsed)
  [Fluvius_EV 3 | Aktivni | 30 kWh] price_rank_daily                  663.03 EUR  (   1.4 s)
  [Fluvius_EV 3 | Aktivni | 30 kWh] peak_shaving                      874.83 EUR  (   1.4 s)
  [Fluvius_EV 3 | Aktivni | 30 kWh] self_consumption_peak_shaving     876.36 EUR  (   1.4 s)
  [Fluvius_EV 5 | Aktivni | 5 kWh] no_battery                       1051.73 EUR  (   1.4 s)
  [Fluvius_EV 3 | Aktivni | 30 kWh] price_oracle                      646.80 EUR  (   1.4 s)
  [Fluvius_EV 5 | Aktivni | 5 kWh] self_consumption                 1051.78 EUR  (   1.4 s)
  [Fluvius_EV 3 | Redni 2T | 20 kWh] milp_full_period                  758.84 EUR  (  36.5 s)
  [Fluvius_EV 5 | Aktivni | 5 kWh] fixed_schedule                   1111.61 EUR  (   1.5 s)
  [Fluvius_EV 3 | Redni 2T | 30 kWh] no_battery                        797.65 EUR  (   1.4 s)
  [Fluvius_EV 5 | Aktivni | 5 kWh] delayed_pv_charge                1051.78 EUR  (   1.4 s)
  [Fluvius_EV 3 | Redni 2T | 30 kWh] self_consumption                  798.06 EUR  (   1.4 s)
  [Fluvius_EV 5 | Aktivni | 5 kWh] price_threshold                   890.53 EUR  (   1.4 s)
  [Fluvius_EV 3 | Redni 2T | 30 kWh] fixed_schedule                    784.99 EUR  (   1.4 s)
  [Fluvius_EV 5 | Aktivni | 5 kWh] price_rank_daily                  901.53 EUR  (   1.4 s)
  [Fluvius_EV 3 | Redni 2T | 30 kWh] delayed_pv_charge                 798.06 EUR  (   1.4 s)
  [Fluvius_EV 5 | Aktivni | 5 kWh] peak_shaving                     1040.72 EUR  (   1.4 s)
  [Fluvius_EV 3 | Redni 2T | 30 kWh] price_threshold                   770.56 EUR  (   1.4 s)
  [Fluvius_EV 5 | Aktivni | 5 kWh] self_consumption_peak_shaving    1042.05 EUR  (   1.4 s)
  [Fluvius_EV 3 | Redni 2T | 30 kWh] price_rank_daily                  787.53 EUR  (   1.4 s)
  [Fluvius_EV 5 | Aktivni | 5 kWh] price_oracle                      890.64 EUR  (   1.4 s)
  [Fluvius_EV 3 | Redni 2T | 30 kWh] peak_shaving                      794.56 EUR  (   1.4 s)
  [Fluvius_EV 1 | Dinamični | 20 kWh] milp_full_period                  194.58 EUR  ( 213.0 s)
  [Fluvius_EV 3 | Redni 2T | 30 kWh] self_consumption_peak_shaving     795.06 EUR  (   1.4 s)
  [Fluvius_EV 4 | Redni 2T | 5 kWh] milp_full_period                 1307.36 EUR  (  26.1 s)
  [Fluvius_EV 1 | Dinamični | 30 kWh] no_battery                        695.34 EUR  (   1.4 s)
  [Fluvius_EV 3 | Redni 2T | 30 kWh] price_oracle                      770.45 EUR  (   1.4 s)
  [Fluvius_EV 1 | Dinamični | 30 kWh] self_consumption                  696.43 EUR  (   1.4 s)
  [Fluvius_EV 4 | Redni 2T | 10 kWh] no_battery                       1326.17 EUR  (   1.4 s)
  [Fluvius_EV 1 | Dinamični | 30 kWh] fixed_schedule                    624.45 EUR  (   1.4 s)
  [Fluvius_EV 4 | Redni 2T | 10 kWh] self_consumption                 1326.31 EUR  (   1.4 s)
  [Fluvius_EV 1 | Dinamični | 30 kWh] delayed_pv_charge                 696.43 EUR  (   1.4 s)
  [Fluvius_EV 2 | Redni 2T | 30 kWh] milp_full_period                 1692.84 EUR  (  34.5 s)
[29/140] Fluvius_EV_user_002_redni2t.csv (40 rows)  (868s elapsed)
  [Fluvius_EV 4 | Redni 2T | 10 kWh] fixed_schedule                   1317.97 EUR  (   1.4 s)
  [Fluvius_EV 1 | Dinamični | 30 kWh] price_threshold                   576.34 EUR  (   1.4 s)
  [Fluvius_EV 4 | Redni 2T | 10 kWh] delayed_pv_charge                1326.31 EUR  (   1.4 s)
  [Fluvius_EV 1 | Dinamični | 30 kWh] price_rank_daily                  544.70 EUR  (   1.4 s)
  [Fluvius_EV 4 | Redni 2T | 10 kWh] price_threshold                  1309.92 EUR  (   1.4 s)
  [Fluvius_EV 1 | Dinamični | 30 kWh] peak_shaving                      690.82 EUR  (   1.4 s)
  [Fluvius_EV 4 | Redni 2T | 10 kWh] price_rank_daily                 1312.95 EUR  (   1.4 s)
  [Fluvius_EV 5 | Redni 1T | 5 kWh] no_battery                        901.76 EUR  (   1.4 s)
  [Fluvius_EV 1 | Dinamični | 30 kWh] self_consumption_peak_shaving     690.81 EUR  (   1.4 s)
  [Fluvius_EV 4 | Redni 2T | 10 kWh] peak_shaving                     1325.00 EUR  (   1.4 s)
  [Fluvius_EV 5 | Redni 1T | 5 kWh] self_consumption                  901.80 EUR  (   1.4 s)
  [Fluvius_EV 1 | Dinamični | 30 kWh] price_oracle                      548.21 EUR  (   1.4 s)
  [Fluvius_EV 4 | Redni 2T | 10 kWh] self_consumption_peak_shaving    1325.16 EUR  (   1.4 s)
  [Fluvius_EV 5 | Redni 1T | 5 kWh] fixed_schedule                    923.71 EUR  (   1.4 s)
  [Fluvius_EV 4 | Redni 2T | 10 kWh] price_oracle                     1309.29 EUR  (   1.4 s)
  [Fluvius_EV 5 | Redni 1T | 5 kWh] delayed_pv_charge                 901.80 EUR  (   1.4 s)
  [Fluvius_EV 5 | Redni 1T | 5 kWh] price_threshold                   901.80 EUR  (   1.4 s)
  [Fluvius_EV 2 | Dinamični | 20 kWh] milp_full_period                 1136.35 EUR  ( 102.3 s)
  [Fluvius_EV 5 | Redni 1T | 5 kWh] price_rank_daily                  901.80 EUR  (   1.4 s)
  [Fluvius_EV 5 | Redni 1T | 5 kWh] peak_shaving                      893.40 EUR  (   1.4 s)
  [Fluvius_EV 2 | Dinamični | 30 kWh] no_battery                       1696.84 EUR  (   1.4 s)
  [Fluvius_EV 3 | Aktivni | 30 kWh] milp_full_period                  291.94 EUR  (  32.1 s)
[30/140] Fluvius_EV_user_003_aktivni.csv (40 rows)  (882s elapsed)
  [Fluvius_EV 5 | Redni 1T | 5 kWh] self_consumption_peak_shaving     894.59 EUR  (   1.4 s)
  [Fluvius_EV 2 | Dinamični | 30 kWh] self_consumption                 1698.39 EUR  (   1.4 s)
  [Fluvius_EV 5 | Dinamični | 5 kWh] milp_full_period                  792.94 EUR  (  43.8 s)
  [Fluvius_EV 5 | Redni 1T | 5 kWh] price_oracle                      901.80 EUR  (   1.4 s)
  [Fluvius_EV 2 | Dinamični | 30 kWh] fixed_schedule                   1574.13 EUR  (   1.4 s)
  [Fluvius_EV 5 | Dinamični | 10 kWh] no_battery                        990.58 EUR  (   1.4 s)
  [Fluvius_EV 2 | Dinamični | 30 kWh] delayed_pv_charge                1698.39 EUR  (   1.4 s)
  [Fluvius_EV 5 | Redni 2T | 5 kWh] no_battery                        934.80 EUR  (   1.4 s)
  [Fluvius_EV 5 | Dinamični | 10 kWh] self_consumption                  991.08 EUR  (   1.4 s)
  [Fluvius_EV 5 | Aktivni | 5 kWh] milp_full_period                  860.13 EUR  (  26.3 s)
  [Fluvius_EV 2 | Dinamični | 30 kWh] price_threshold                  1515.23 EUR  (   1.4 s)
  [Fluvius_EV 5 | Redni 2T | 5 kWh] self_consumption                  934.87 EUR  (   1.4 s)
  [Fluvius_EV 5 | Dinamični | 10 kWh] fixed_schedule                    900.92 EUR  (   1.4 s)
  [Fluvius_EV 2 | Dinamični | 30 kWh] price_rank_daily                 1436.47 EUR  (   1.4 s)
  [Fluvius_EV 5 | Aktivni | 10 kWh] no_battery                       1051.73 EUR  (   1.4 s)
  [Fluvius_EV 5 | Redni 2T | 5 kWh] fixed_schedule                    926.40 EUR  (   1.4 s)
  [Fluvius_EV 5 | Dinamični | 10 kWh] delayed_pv_charge                 991.08 EUR  (   1.4 s)
  [Fluvius_EV 2 | Dinamični | 30 kWh] peak_shaving                     1690.90 EUR  (   1.4 s)
  [Fluvius_EV 5 | Aktivni | 10 kWh] self_consumption                 1051.80 EUR  (   1.4 s)
  [Fluvius_EV 5 | Redni 2T | 5 kWh] delayed_pv_charge                 934.87 EUR  (   1.4 s)
  [Fluvius_EV 5 | Dinamični | 10 kWh] price_threshold                   888.11 EUR  (   1.4 s)
  [Fluvius_EV 2 | Dinamični | 30 kWh] self_consumption_peak_shaving    1690.57 EUR  (   1.4 s)
  [Fluvius_EV 5 | Aktivni | 10 kWh] fixed_schedule                   1101.22 EUR  (   1.4 s)
  [Fluvius_EV 5 | Redni 2T | 5 kWh] price_threshold                   924.60 EUR  (   1.4 s)
  [Fluvius_EV 5 | Dinamični | 10 kWh] price_rank_daily                  808.62 EUR  (   1.4 s)
  [Fluvius_EV 2 | Dinamični | 30 kWh] price_oracle                     1487.24 EUR  (   1.4 s)
  [Fluvius_EV 5 | Aktivni | 10 kWh] delayed_pv_charge                1051.80 EUR  (   1.4 s)
  [Fluvius_EV 5 | Redni 2T | 5 kWh] price_rank_daily                  923.38 EUR  (   1.4 s)
  [Fluvius_EV 5 | Dinamični | 10 kWh] peak_shaving                      976.98 EUR  (   1.4 s)
  [Fluvius_EV 5 | Aktivni | 10 kWh] price_threshold                   834.42 EUR  (   1.4 s)
  [Fluvius_EV 5 | Redni 2T | 5 kWh] peak_shaving                      924.65 EUR  (   1.4 s)
  [Fluvius_EV 5 | Dinamični | 10 kWh] self_consumption_peak_shaving     977.17 EUR  (   1.4 s)
  [Fluvius_EV 5 | Aktivni | 10 kWh] price_rank_daily                  833.60 EUR  (   1.4 s)
  [Fluvius_EV 5 | Redni 2T | 5 kWh] self_consumption_peak_shaving     925.89 EUR  (   1.4 s)
  [Fluvius_EV 5 | Dinamični | 10 kWh] price_oracle                      873.34 EUR  (   1.4 s)
  [Fluvius_EV 5 | Aktivni | 10 kWh] peak_shaving                     1041.36 EUR  (   1.4 s)
  [Fluvius_EV 5 | Redni 2T | 5 kWh] price_oracle                      924.37 EUR  (   1.4 s)
  [Fluvius_EV 5 | Aktivni | 10 kWh] self_consumption_peak_shaving    1041.55 EUR  (   1.5 s)
  [Fluvius_EV 5 | Aktivni | 10 kWh] price_oracle                      834.36 EUR  (   1.4 s)
  [Fluvius_EV 4 | Redni 2T | 10 kWh] milp_full_period                 1297.40 EUR  (  24.8 s)
  [Fluvius_EV 4 | Redni 1T | 5 kWh] milp_full_period                 1296.40 EUR  (  68.1 s)
  [Fluvius_EV 4 | Redni 2T | 20 kWh] no_battery                       1326.17 EUR  (   1.4 s)
  [Fluvius_EV 4 | Redni 1T | 10 kWh] no_battery                       1298.03 EUR  (   1.4 s)
  [Fluvius_EV 4 | Redni 2T | 20 kWh] self_consumption                 1326.44 EUR  (   1.4 s)
  [Fluvius_EV 4 | Redni 1T | 10 kWh] self_consumption                 1298.10 EUR  (   1.4 s)
  [Fluvius_EV 4 | Redni 2T | 20 kWh] fixed_schedule                   1321.01 EUR  (   1.4 s)
  [Fluvius_EV 4 | Redni 1T | 10 kWh] fixed_schedule                   1335.77 EUR  (   1.4 s)
  [Fluvius_EV 4 | Redni 2T | 20 kWh] delayed_pv_charge                1326.44 EUR  (   1.4 s)
  [Fluvius_EV 4 | Redni 1T | 10 kWh] delayed_pv_charge                1298.10 EUR  (   1.4 s)
  [Fluvius_EV 4 | Redni 2T | 20 kWh] price_threshold                  1304.58 EUR  (   1.5 s)
  [Fluvius_EV 4 | Redni 1T | 10 kWh] price_threshold                  1298.10 EUR  (   1.4 s)
  [Fluvius_EV 4 | Redni 2T | 20 kWh] price_rank_daily                 1313.40 EUR  (   1.4 s)
  [Fluvius_EV 4 | Redni 1T | 10 kWh] price_rank_daily                 1298.10 EUR  (   1.4 s)
  [Fluvius_EV 4 | Redni 2T | 20 kWh] peak_shaving                     1325.33 EUR  (   1.4 s)
  [Fluvius_EV 4 | Redni 1T | 10 kWh] peak_shaving                     1298.13 EUR  (   1.4 s)
  [Fluvius_EV 2 | Redni 1T | 20 kWh] milp_full_period                 1731.95 EUR  ( 123.0 s)
  [Fluvius_EV 4 | Redni 2T | 20 kWh] self_consumption_peak_shaving    1325.43 EUR  (   1.4 s)
  [Fluvius_EV 4 | Redni 1T | 10 kWh] self_consumption_peak_shaving    1297.93 EUR  (   1.5 s)
  [Fluvius_EV 4 | Redni 2T | 20 kWh] price_oracle                     1303.33 EUR  (   1.4 s)
  [Fluvius_EV 2 | Redni 1T | 30 kWh] no_battery                       1740.72 EUR  (   1.4 s)
  [Fluvius_EV 4 | Redni 1T | 10 kWh] price_oracle                     1298.10 EUR  (   1.4 s)
  [Fluvius_EV 2 | Redni 1T | 30 kWh] self_consumption                 1740.95 EUR  (   1.4 s)
  [Fluvius_EV 2 | Redni 1T | 30 kWh] fixed_schedule                   1825.73 EUR  (   1.4 s)
  [Fluvius_EV 2 | Redni 1T | 30 kWh] delayed_pv_charge                1740.95 EUR  (   1.4 s)
  [Fluvius_EV 2 | Redni 1T | 30 kWh] price_threshold                  1740.95 EUR  (   1.4 s)
  [Fluvius_EV 2 | Redni 1T | 30 kWh] price_rank_daily                 1740.95 EUR  (   1.4 s)
  [Fluvius_EV 5 | Redni 2T | 5 kWh] milp_full_period                  907.80 EUR  (  26.4 s)
  [Fluvius_EV 2 | Redni 1T | 30 kWh] peak_shaving                     1751.62 EUR  (   1.4 s)
  [Fluvius_EV 3 | Redni 2T | 30 kWh] milp_full_period                  756.49 EUR  (  60.3 s)
[31/140] Fluvius_EV_user_003_redni2t.csv (40 rows)  (925s elapsed)
  [Fluvius_EV 2 | Redni 1T | 30 kWh] self_consumption_peak_shaving    1749.83 EUR  (   1.4 s)
  [Fluvius_EV 5 | Redni 2T | 10 kWh] no_battery                        934.80 EUR  (   1.4 s)
  [Fluvius_EV 2 | Redni 1T | 30 kWh] price_oracle                     1740.95 EUR  (   1.4 s)
  [Fluvius_EV 5 | Redni 2T | 10 kWh] self_consumption                  934.93 EUR  (   1.4 s)
  [Fluvius_EV 5 | Redni 2T | 10 kWh] fixed_schedule                    925.79 EUR  (   1.4 s)
  [Fluvius_HP 1 | Dinamični | 5 kWh] no_battery                       1819.13 EUR  (   1.4 s)
  [Fluvius_EV 5 | Redni 2T | 10 kWh] delayed_pv_charge                 934.93 EUR  (   1.4 s)
  [Fluvius_EV 5 | Aktivni | 10 kWh] milp_full_period                  749.63 EUR  (  30.5 s)
  [Fluvius_HP 1 | Dinamični | 5 kWh] self_consumption                 1819.43 EUR  (   1.4 s)
  [Fluvius_EV 5 | Redni 2T | 10 kWh] price_threshold                   917.69 EUR  (   1.4 s)
  [Fluvius_HP 1 | Dinamični | 5 kWh] fixed_schedule                   1806.52 EUR  (   1.4 s)
  [Fluvius_EV 5 | Redni 2T | 10 kWh] price_rank_daily                  918.65 EUR  (   1.4 s)
  [Fluvius_EV 5 | Aktivni | 20 kWh] no_battery                       1051.73 EUR  (   1.4 s)
  [Fluvius_HP 1 | Dinamični | 5 kWh] delayed_pv_charge                1819.43 EUR  (   1.4 s)
  [Fluvius_EV 5 | Redni 2T | 10 kWh] peak_shaving                      925.52 EUR  (   1.4 s)
  [Fluvius_EV 5 | Aktivni | 20 kWh] self_consumption                 1051.82 EUR  (   1.4 s)
  [Fluvius_HP 1 | Dinamični | 5 kWh] price_threshold                  1753.36 EUR  (   1.4 s)
  [Fluvius_EV 5 | Aktivni | 20 kWh] fixed_schedule                   1094.28 EUR  (   1.4 s)
  [Fluvius_EV 5 | Redni 2T | 10 kWh] self_consumption_peak_shaving     925.63 EUR  (   1.4 s)
  [Fluvius_HP 1 | Dinamični | 5 kWh] price_rank_daily                 1766.48 EUR  (   1.4 s)
  [Fluvius_EV 5 | Aktivni | 20 kWh] delayed_pv_charge                1051.82 EUR  (   1.4 s)
  [Fluvius_EV 5 | Redni 2T | 10 kWh] price_oracle                      916.98 EUR  (   1.4 s)
  [Fluvius_HP 1 | Dinamični | 5 kWh] peak_shaving                     1807.37 EUR  (   1.4 s)
  [Fluvius_EV 5 | Aktivni | 20 kWh] price_threshold                   830.47 EUR  (   1.4 s)
  [Fluvius_HP 1 | Dinamični | 5 kWh] self_consumption_peak_shaving    1807.74 EUR  (   1.4 s)
  [Fluvius_EV 5 | Aktivni | 20 kWh] price_rank_daily                  828.87 EUR  (   1.4 s)
  [Fluvius_EV 4 | Redni 2T | 20 kWh] milp_full_period                 1288.96 EUR  (  25.0 s)
  [Fluvius_HP 1 | Dinamični | 5 kWh] price_oracle                     1746.86 EUR  (   1.4 s)
  [Fluvius_EV 5 | Aktivni | 20 kWh] peak_shaving                     1039.76 EUR  (   1.4 s)
  [Fluvius_EV 4 | Redni 2T | 30 kWh] no_battery                       1326.17 EUR  (   1.4 s)
  [Fluvius_EV 5 | Aktivni | 20 kWh] self_consumption_peak_shaving    1041.61 EUR  (   1.4 s)
  [Fluvius_EV 4 | Redni 2T | 30 kWh] self_consumption                 1326.58 EUR  (   1.4 s)
  [Fluvius_EV 5 | Aktivni | 20 kWh] price_oracle                      829.26 EUR  (   1.4 s)
  [Fluvius_EV 4 | Redni 2T | 30 kWh] fixed_schedule                   1322.89 EUR  (   1.4 s)
  [Fluvius_EV 4 | Redni 2T | 30 kWh] delayed_pv_charge                1326.58 EUR  (   1.4 s)
  [Fluvius_EV 4 | Redni 2T | 30 kWh] price_threshold                  1301.93 EUR  (   1.4 s)
  [Fluvius_EV 5 | Redni 1T | 5 kWh] milp_full_period                  892.06 EUR  (  64.7 s)
  [Fluvius_EV 4 | Redni 2T | 30 kWh] price_rank_daily                 1317.38 EUR  (   1.4 s)
  [Fluvius_EV 5 | Dinamični | 10 kWh] milp_full_period                  655.75 EUR  (  53.4 s)
  [Fluvius_EV 4 | Redni 2T | 30 kWh] peak_shaving                     1325.39 EUR  (   1.4 s)
  [Fluvius_EV 5 | Redni 1T | 10 kWh] no_battery                        901.76 EUR  (   1.4 s)
  [Fluvius_EV 5 | Dinamični | 20 kWh] no_battery                        990.58 EUR  (   1.4 s)
  [Fluvius_EV 5 | Redni 1T | 10 kWh] self_consumption                  901.84 EUR  (   1.4 s)
  [Fluvius_EV 4 | Redni 2T | 30 kWh] self_consumption_peak_shaving    1325.72 EUR  (   1.4 s)
  [Fluvius_EV 5 | Dinamični | 20 kWh] self_consumption                  991.39 EUR  (   1.4 s)
  [Fluvius_EV 5 | Redni 1T | 10 kWh] fixed_schedule                    939.46 EUR  (   1.4 s)
  [Fluvius_EV 4 | Redni 2T | 30 kWh] price_oracle                     1300.30 EUR  (   1.4 s)
  [Fluvius_EV 5 | Dinamični | 20 kWh] fixed_schedule                    879.63 EUR  (   1.4 s)
  [Fluvius_EV 5 | Redni 1T | 10 kWh] delayed_pv_charge                 901.84 EUR  (   1.4 s)
  [Fluvius_EV 5 | Dinamični | 20 kWh] delayed_pv_charge                 991.39 EUR  (   1.4 s)
  [Fluvius_EV 5 | Redni 1T | 10 kWh] price_threshold                   901.84 EUR  (   1.4 s)
  [Fluvius_EV 5 | Dinamični | 20 kWh] price_threshold                   848.62 EUR  (   1.4 s)
  [Fluvius_EV 5 | Redni 1T | 10 kWh] price_rank_daily                  901.84 EUR  (   1.4 s)
  [Fluvius_EV 5 | Dinamični | 20 kWh] price_rank_daily                  792.50 EUR  (   1.4 s)
  [Fluvius_EV 5 | Redni 1T | 10 kWh] peak_shaving                      894.36 EUR  (   1.4 s)
  [Fluvius_EV 5 | Dinamični | 20 kWh] peak_shaving                      975.53 EUR  (   1.4 s)
  [Fluvius_EV 5 | Redni 1T | 10 kWh] self_consumption_peak_shaving     894.48 EUR  (   1.4 s)
  [Fluvius_EV 5 | Dinamični | 20 kWh] self_consumption_peak_shaving     977.60 EUR  (   1.4 s)
  [Fluvius_EV 5 | Redni 1T | 10 kWh] price_oracle                      901.84 EUR  (   1.4 s)
  [Fluvius_EV 1 | Dinamični | 30 kWh] milp_full_period                   60.74 EUR  (  87.8 s)
[32/140] Fluvius_EV_user_001.csv (40 rows)  (963s elapsed)
  [Fluvius_EV 5 | Dinamični | 20 kWh] price_oracle                      831.93 EUR  (   1.4 s)
  [Fluvius_EV 5 | Redni 2T | 10 kWh] milp_full_period                  896.44 EUR  (  26.4 s)
  [Fluvius_EV 5 | Redni 2T | 20 kWh] no_battery                        934.80 EUR  (   1.4 s)
  [Fluvius_EV 5 | Redni 2T | 20 kWh] self_consumption                  935.06 EUR  (   1.4 s)
  [Fluvius_HP 1 | Aktivni | 5 kWh] no_battery                       2019.06 EUR  (   1.4 s)
  [Fluvius_EV 5 | Redni 2T | 20 kWh] fixed_schedule                    924.68 EUR  (   1.4 s)
  [Fluvius_HP 1 | Aktivni | 5 kWh] self_consumption                 2019.07 EUR  (   1.4 s)
  [Fluvius_EV 5 | Redni 2T | 20 kWh] delayed_pv_charge                 935.06 EUR  (   1.4 s)
  [Fluvius_HP 1 | Aktivni | 5 kWh] fixed_schedule                   2096.83 EUR  (   1.4 s)
  [Fluvius_EV 5 | Redni 2T | 20 kWh] price_threshold                   913.68 EUR  (   1.4 s)
  [Fluvius_EV 5 | Aktivni | 20 kWh] milp_full_period                  590.82 EUR  (  27.2 s)
  [Fluvius_EV 4 | Redni 1T | 10 kWh] milp_full_period                 1296.40 EUR  (  55.8 s)
  [Fluvius_HP 1 | Aktivni | 5 kWh] delayed_pv_charge                2019.07 EUR  (   1.4 s)
  [Fluvius_EV 5 | Redni 2T | 20 kWh] price_rank_daily                  923.72 EUR  (   1.4 s)
  [Fluvius_HP 1 | Aktivni | 5 kWh] price_threshold                  1847.51 EUR  (   1.4 s)
  [Fluvius_EV 5 | Aktivni | 30 kWh] no_battery                       1051.73 EUR  (   1.4 s)
  [Fluvius_EV 4 | Redni 1T | 20 kWh] no_battery                       1298.03 EUR  (   1.4 s)
  [Fluvius_EV 5 | Redni 2T | 20 kWh] peak_shaving                      924.08 EUR  (   1.4 s)
  [Fluvius_HP 1 | Aktivni | 5 kWh] price_rank_daily                 1901.63 EUR  (   1.4 s)
  [Fluvius_EV 5 | Aktivni | 30 kWh] self_consumption                 1051.83 EUR  (   1.4 s)
  [Fluvius_EV 4 | Redni 1T | 20 kWh] self_consumption                 1298.17 EUR  (   1.4 s)
  [Fluvius_EV 5 | Redni 2T | 20 kWh] self_consumption_peak_shaving     925.73 EUR  (   1.4 s)
  [Fluvius_HP 1 | Aktivni | 5 kWh] peak_shaving                     2010.95 EUR  (   1.4 s)
  [Fluvius_EV 5 | Aktivni | 30 kWh] fixed_schedule                   1088.70 EUR  (   1.4 s)
  [Fluvius_EV 4 | Redni 1T | 20 kWh] fixed_schedule                   1350.85 EUR  (   1.4 s)
  [Fluvius_EV 5 | Redni 2T | 20 kWh] price_oracle                      910.83 EUR  (   1.4 s)
  [Fluvius_HP 1 | Aktivni | 5 kWh] self_consumption_peak_shaving    2011.00 EUR  (   1.4 s)
  [Fluvius_EV 5 | Aktivni | 30 kWh] delayed_pv_charge                1051.83 EUR  (   1.4 s)
  [Fluvius_EV 4 | Redni 1T | 20 kWh] delayed_pv_charge                1298.17 EUR  (   1.4 s)
  [Fluvius_EV 2 | Dinamični | 30 kWh] milp_full_period                  989.80 EUR  (  86.3 s)
[33/140] Fluvius_EV_user_002.csv (40 rows)  (979s elapsed)
  [Fluvius_HP 1 | Aktivni | 5 kWh] price_oracle                     1847.41 EUR  (   1.4 s)
  [Fluvius_EV 4 | Redni 1T | 20 kWh] price_threshold                  1298.17 EUR  (   1.4 s)
  [Fluvius_EV 5 | Aktivni | 30 kWh] price_threshold                   829.50 EUR  (   1.4 s)
  [Fluvius_EV 4 | Redni 1T | 20 kWh] price_rank_daily                 1298.17 EUR  (   1.4 s)
  [Fluvius_EV 5 | Aktivni | 30 kWh] price_rank_daily                  832.38 EUR  (   1.4 s)
  [Fluvius_EV 4 | Redni 2T | 30 kWh] milp_full_period                 1284.95 EUR  (  27.0 s)
[34/140] Fluvius_EV_user_004_redni2t.csv (40 rows)  (981s elapsed)
  [Fluvius_EV 4 | Redni 1T | 20 kWh] peak_shaving                     1298.77 EUR  (   1.4 s)
  [Fluvius_EV 5 | Aktivni | 30 kWh] peak_shaving                     1038.07 EUR  (   1.4 s)
  [Fluvius_EV 4 | Redni 1T | 20 kWh] self_consumption_peak_shaving    1298.62 EUR  (   1.4 s)
  [Fluvius_EV 5 | Aktivni | 30 kWh] self_consumption_peak_shaving    1041.30 EUR  (   1.4 s)
  [Fluvius_HP 1 | Redni 1T | 5 kWh] no_battery                       1776.27 EUR  (   1.4 s)
  [Fluvius_EV 4 | Redni 1T | 20 kWh] price_oracle                     1298.17 EUR  (   1.4 s)
  [Fluvius_EV 5 | Aktivni | 30 kWh] price_oracle                      827.97 EUR  (   1.4 s)
  [Fluvius_HP 1 | Redni 1T | 5 kWh] self_consumption                 1776.31 EUR  (   1.4 s)
  [Fluvius_HP 1 | Redni 2T | 5 kWh] no_battery                       1837.25 EUR  (   1.4 s)
  [Fluvius_HP 1 | Redni 1T | 5 kWh] fixed_schedule                   1799.48 EUR  (   1.4 s)
  [Fluvius_HP 1 | Redni 2T | 5 kWh] self_consumption                 1837.32 EUR  (   1.4 s)
  [Fluvius_HP 1 | Redni 1T | 5 kWh] delayed_pv_charge                1776.31 EUR  (   1.4 s)
  [Fluvius_HP 1 | Redni 2T | 5 kWh] fixed_schedule                   1832.44 EUR  (   1.4 s)
  [Fluvius_HP 1 | Redni 1T | 5 kWh] price_threshold                  1776.31 EUR  (   1.4 s)
  [Fluvius_HP 1 | Redni 2T | 5 kWh] delayed_pv_charge                1837.32 EUR  (   1.4 s)
  [Fluvius_HP 1 | Redni 1T | 5 kWh] price_rank_daily                 1776.31 EUR  (   1.4 s)
  [Fluvius_HP 1 | Redni 2T | 5 kWh] price_threshold                  1829.40 EUR  (   1.4 s)
  [Fluvius_HP 1 | Redni 1T | 5 kWh] peak_shaving                     1766.33 EUR  (   1.4 s)
  [Fluvius_HP 1 | Redni 2T | 5 kWh] price_rank_daily                 1844.76 EUR  (   1.4 s)
  [Fluvius_HP 1 | Redni 1T | 5 kWh] self_consumption_peak_shaving    1766.35 EUR  (   1.4 s)
  [Fluvius_HP 1 | Redni 2T | 5 kWh] peak_shaving                     1825.95 EUR  (   1.4 s)
  [Fluvius_HP 1 | Redni 1T | 5 kWh] price_oracle                     1776.31 EUR  (   1.4 s)
  [Fluvius_HP 1 | Redni 2T | 5 kWh] self_consumption_peak_shaving    1825.98 EUR  (   1.4 s)
  [Fluvius_HP 1 | Redni 2T | 5 kWh] price_oracle                     1829.30 EUR  (   1.5 s)
  [Fluvius_EV 5 | Redni 2T | 20 kWh] milp_full_period                  890.03 EUR  (  27.0 s)
  [Fluvius_EV 5 | Redni 2T | 30 kWh] no_battery                        934.80 EUR  (   1.4 s)
  [Fluvius_EV 5 | Redni 2T | 30 kWh] self_consumption                  935.19 EUR  (   1.4 s)
  [Fluvius_EV 5 | Redni 2T | 30 kWh] fixed_schedule                    919.89 EUR  (   1.4 s)
  [Fluvius_EV 5 | Redni 2T | 30 kWh] delayed_pv_charge                 935.19 EUR  (   1.4 s)
  [Fluvius_HP 1 | Aktivni | 5 kWh] milp_full_period                 1777.28 EUR  (  31.7 s)
  [Fluvius_EV 5 | Redni 2T | 30 kWh] price_threshold                   907.38 EUR  (   1.4 s)
  [Fluvius_HP 1 | Aktivni | 10 kWh] no_battery                       2019.06 EUR  (   1.4 s)
  [Fluvius_EV 5 | Redni 2T | 30 kWh] price_rank_daily                  926.48 EUR  (   1.4 s)
  [Fluvius_HP 1 | Aktivni | 10 kWh] self_consumption                 2019.11 EUR  (   1.4 s)
  [Fluvius_EV 5 | Redni 2T | 30 kWh] peak_shaving                      922.54 EUR  (   1.4 s)
  [Fluvius_EV 5 | Aktivni | 30 kWh] milp_full_period                  437.97 EUR  (  29.5 s)
[35/140] Fluvius_EV_user_005_aktivni.csv (40 rows)  (1015s elapsed)
  [Fluvius_HP 1 | Aktivni | 10 kWh] fixed_schedule                   2235.57 EUR  (   1.4 s)
  [Fluvius_EV 5 | Redni 2T | 30 kWh] self_consumption_peak_shaving     925.85 EUR  (   1.4 s)
  [Fluvius_HP 1 | Dinamični | 5 kWh] milp_full_period                 1569.79 EUR  (  74.9 s)
  [Fluvius_HP 1 | Aktivni | 10 kWh] delayed_pv_charge                2019.11 EUR  (   1.4 s)
  [Fluvius_EV 5 | Redni 2T | 30 kWh] price_oracle                      904.76 EUR  (   1.4 s)
  [Fluvius_HP 1 | Dinamični | 10 kWh] no_battery                       1819.13 EUR  (   1.4 s)
  [Fluvius_HP 1 | Aktivni | 10 kWh] price_threshold                  1669.44 EUR  (   1.4 s)
  [Fluvius_HP 1 | Dinamični | 10 kWh] self_consumption                 1819.73 EUR  (   1.4 s)
  [Fluvius_HP 2 | Dinamični | 5 kWh] no_battery                       1812.51 EUR  (   1.4 s)
  [Fluvius_HP 1 | Aktivni | 10 kWh] price_rank_daily                 1864.10 EUR  (   1.4 s)
  [Fluvius_HP 1 | Dinamični | 10 kWh] fixed_schedule                   1826.55 EUR  (   1.4 s)
  [Fluvius_HP 2 | Dinamični | 5 kWh] self_consumption                 1812.82 EUR  (   1.4 s)
  [Fluvius_HP 1 | Aktivni | 10 kWh] peak_shaving                     2008.37 EUR  (   1.4 s)
  [Fluvius_HP 1 | Dinamični | 10 kWh] delayed_pv_charge                1819.73 EUR  (   1.4 s)
  [Fluvius_HP 2 | Dinamični | 5 kWh] fixed_schedule                   1793.53 EUR  (   1.4 s)
  [Fluvius_EV 5 | Redni 1T | 10 kWh] milp_full_period                  889.90 EUR  (  60.2 s)
  [Fluvius_HP 1 | Aktivni | 10 kWh] self_consumption_peak_shaving    2008.51 EUR  (   1.4 s)
  [Fluvius_HP 1 | Dinamični | 10 kWh] price_threshold                  1678.85 EUR  (   1.4 s)
  [Fluvius_HP 2 | Dinamični | 5 kWh] delayed_pv_charge                1812.82 EUR  (   1.4 s)
  [Fluvius_HP 1 | Aktivni | 10 kWh] price_oracle                     1668.60 EUR  (   1.4 s)
  [Fluvius_EV 5 | Redni 1T | 20 kWh] no_battery                        901.76 EUR  (   1.4 s)
  [Fluvius_HP 1 | Dinamični | 10 kWh] price_rank_daily                 1730.12 EUR  (   1.4 s)
  [Fluvius_HP 1 | Redni 2T | 5 kWh] milp_full_period                 1806.47 EUR  (  27.9 s)
  [Fluvius_HP 2 | Dinamični | 5 kWh] price_threshold                  1756.67 EUR  (   1.4 s)
  [Fluvius_EV 5 | Redni 1T | 20 kWh] self_consumption                  901.91 EUR  (   1.4 s)
  [Fluvius_HP 1 | Dinamični | 10 kWh] peak_shaving                     1804.70 EUR  (   1.4 s)
  [Fluvius_HP 2 | Dinamični | 5 kWh] price_rank_daily                 1726.60 EUR  (   1.4 s)
  [Fluvius_HP 1 | Redni 2T | 10 kWh] no_battery                       1837.25 EUR  (   1.4 s)
  [Fluvius_EV 5 | Redni 1T | 20 kWh] fixed_schedule                    946.15 EUR  (   1.4 s)
  [Fluvius_HP 1 | Dinamični | 10 kWh] self_consumption_peak_shaving    1804.92 EUR  (   1.4 s)
  [Fluvius_HP 2 | Dinamični | 5 kWh] peak_shaving                     1800.47 EUR  (   1.4 s)
  [Fluvius_HP 1 | Redni 2T | 10 kWh] self_consumption                 1837.38 EUR  (   1.4 s)
  [Fluvius_EV 5 | Redni 1T | 20 kWh] delayed_pv_charge                 901.91 EUR  (   1.4 s)
  [Fluvius_HP 1 | Dinamični | 10 kWh] price_oracle                     1668.48 EUR  (   1.4 s)
  [Fluvius_HP 2 | Dinamični | 5 kWh] self_consumption_peak_shaving    1801.87 EUR  (   1.4 s)
  [Fluvius_HP 1 | Redni 2T | 10 kWh] fixed_schedule                   1822.95 EUR  (   1.4 s)
  [Fluvius_EV 5 | Redni 1T | 20 kWh] price_threshold                   901.91 EUR  (   1.4 s)
  [Fluvius_HP 2 | Dinamični | 5 kWh] price_oracle                     1746.34 EUR  (   1.4 s)
  [Fluvius_HP 1 | Redni 2T | 10 kWh] delayed_pv_charge                1837.38 EUR  (   1.4 s)
  [Fluvius_EV 5 | Redni 1T | 20 kWh] price_rank_daily                  901.91 EUR  (   1.4 s)
  [Fluvius_EV 2 | Redni 1T | 30 kWh] milp_full_period                 1731.95 EUR  ( 104.9 s)
[36/140] Fluvius_EV_user_002_redni1t.csv (40 rows)  (1032s elapsed)
  [Fluvius_HP 1 | Redni 2T | 10 kWh] price_threshold                  1817.13 EUR  (   1.4 s)
  [Fluvius_EV 5 | Redni 1T | 20 kWh] peak_shaving                      892.87 EUR  (   1.4 s)
  [Fluvius_HP 1 | Redni 2T | 10 kWh] price_rank_daily                 1837.93 EUR  (   1.4 s)
  [Fluvius_EV 5 | Redni 1T | 20 kWh] self_consumption_peak_shaving     894.57 EUR  (   1.4 s)
  [Fluvius_HP 1 | Redni 2T | 10 kWh] peak_shaving                     1823.24 EUR  (   1.4 s)
  [Fluvius_EV 5 | Redni 1T | 20 kWh] price_oracle                      901.91 EUR  (   1.4 s)
  [Fluvius_HP 1 | Redni 2T | 10 kWh] self_consumption_peak_shaving    1823.38 EUR  (   1.4 s)
  [Fluvius_HP 2 | Aktivni | 5 kWh] no_battery                       1927.65 EUR  (   1.4 s)
  [Fluvius_HP 1 | Redni 2T | 10 kWh] price_oracle                     1816.16 EUR  (   1.4 s)
  [Fluvius_HP 2 | Aktivni | 5 kWh] self_consumption                 1927.67 EUR  (   1.4 s)
  [Fluvius_HP 2 | Aktivni | 5 kWh] fixed_schedule                   1989.29 EUR  (   1.4 s)
  [Fluvius_HP 2 | Aktivni | 5 kWh] delayed_pv_charge                1927.67 EUR  (   1.4 s)
  [Fluvius_HP 2 | Aktivni | 5 kWh] price_threshold                  1775.64 EUR  (   1.4 s)
  [Fluvius_HP 2 | Aktivni | 5 kWh] price_rank_daily                 1795.34 EUR  (   1.4 s)
  [Fluvius_HP 1 | Redni 1T | 5 kWh] milp_full_period                 1764.32 EUR  (  49.1 s)
  [Fluvius_EV 5 | Redni 2T | 30 kWh] milp_full_period                  887.00 EUR  (  27.8 s)
[37/140] Fluvius_EV_user_005_redni2t.csv (40 rows)  (1045s elapsed)
  [Fluvius_HP 2 | Aktivni | 5 kWh] peak_shaving                     1921.76 EUR  (   1.4 s)
  [Fluvius_HP 1 | Redni 1T | 10 kWh] no_battery                       1776.27 EUR  (   1.4 s)
  [Fluvius_HP 2 | Aktivni | 5 kWh] self_consumption_peak_shaving    1922.33 EUR  (   1.4 s)
  [Fluvius_HP 1 | Redni 1T | 10 kWh] self_consumption                 1776.35 EUR  (   1.4 s)
  [Fluvius_HP 2 | Aktivni | 5 kWh] price_oracle                     1775.36 EUR  (   1.4 s)
  [Fluvius_HP 1 | Redni 1T | 10 kWh] fixed_schedule                   1820.09 EUR  (   1.4 s)
  [Fluvius_HP 2 | Redni 1T | 5 kWh] no_battery                       1677.44 EUR  (   1.4 s)
  [Fluvius_HP 1 | Redni 1T | 10 kWh] delayed_pv_charge                1776.35 EUR  (   1.4 s)
  [Fluvius_HP 2 | Redni 1T | 5 kWh] self_consumption                 1677.48 EUR  (   1.4 s)
  [Fluvius_HP 1 | Redni 1T | 10 kWh] price_threshold                  1776.35 EUR  (   1.4 s)
  [Fluvius_HP 2 | Redni 1T | 5 kWh] fixed_schedule                   1699.97 EUR  (   1.4 s)
  [Fluvius_HP 1 | Redni 1T | 10 kWh] price_rank_daily                 1776.35 EUR  (   1.4 s)
  [Fluvius_HP 2 | Redni 1T | 5 kWh] delayed_pv_charge                1677.48 EUR  (   1.4 s)
  [Fluvius_HP 1 | Redni 1T | 10 kWh] peak_shaving                     1763.65 EUR  (   1.4 s)
  [Fluvius_HP 2 | Redni 1T | 5 kWh] price_threshold                  1677.48 EUR  (   1.4 s)
  [Fluvius_HP 1 | Redni 1T | 10 kWh] self_consumption_peak_shaving    1763.75 EUR  (   1.4 s)
  [Fluvius_HP 2 | Redni 1T | 5 kWh] price_rank_daily                 1677.48 EUR  (   1.4 s)
  [Fluvius_HP 1 | Redni 1T | 10 kWh] price_oracle                     1776.35 EUR  (   1.4 s)
  [Fluvius_HP 2 | Redni 1T | 5 kWh] peak_shaving                     1670.50 EUR  (   1.4 s)
  [Fluvius_HP 2 | Redni 1T | 5 kWh] self_consumption_peak_shaving    1671.17 EUR  (   1.4 s)
  [Fluvius_HP 2 | Redni 1T | 5 kWh] price_oracle                     1677.48 EUR  (   1.4 s)
  [Fluvius_HP 1 | Redni 2T | 10 kWh] milp_full_period                 1786.54 EUR  (  33.7 s)
  [Fluvius_HP 1 | Redni 2T | 20 kWh] no_battery                       1837.25 EUR  (   1.4 s)
  [Fluvius_HP 1 | Redni 2T | 20 kWh] self_consumption                 1837.52 EUR  (   1.4 s)
  [Fluvius_HP 1 | Redni 2T | 20 kWh] fixed_schedule                   1808.12 EUR  (   1.4 s)
  [Fluvius_HP 2 | Aktivni | 5 kWh] milp_full_period                 1723.92 EUR  (  28.4 s)
  [Fluvius_EV 5 | Redni 1T | 20 kWh] milp_full_period                  889.87 EUR  (  41.6 s)
  [Fluvius_HP 1 | Redni 2T | 20 kWh] delayed_pv_charge                1837.52 EUR  (   1.4 s)
  [Fluvius_HP 2 | Aktivni | 10 kWh] no_battery                       1927.65 EUR  (   1.4 s)
  [Fluvius_EV 4 | Redni 1T | 20 kWh] milp_full_period                 1296.40 EUR  (  94.4 s)
  [Fluvius_EV 5 | Redni 1T | 30 kWh] no_battery                        901.76 EUR  (   1.4 s)
  [Fluvius_HP 1 | Redni 2T | 20 kWh] price_threshold                  1782.59 EUR  (   1.4 s)
  [Fluvius_HP 2 | Aktivni | 10 kWh] self_consumption                 1927.68 EUR  (   1.4 s)
  [Fluvius_EV 5 | Redni 1T | 30 kWh] self_consumption                  901.97 EUR  (   1.4 s)
  [Fluvius_HP 1 | Redni 2T | 20 kWh] price_rank_daily                 1836.30 EUR  (   1.4 s)
  [Fluvius_EV 4 | Redni 1T | 30 kWh] no_battery                       1298.03 EUR  (   1.4 s)
  [Fluvius_HP 2 | Aktivni | 10 kWh] fixed_schedule                   2030.90 EUR  (   1.4 s)
  [Fluvius_EV 5 | Redni 1T | 30 kWh] fixed_schedule                    942.89 EUR  (   1.4 s)
  [Fluvius_HP 1 | Redni 2T | 20 kWh] peak_shaving                     1823.28 EUR  (   1.4 s)
  [Fluvius_EV 4 | Redni 1T | 30 kWh] self_consumption                 1298.25 EUR  (   1.4 s)
  [Fluvius_HP 2 | Aktivni | 10 kWh] delayed_pv_charge                1927.68 EUR  (   1.4 s)
  [Fluvius_EV 5 | Redni 1T | 30 kWh] delayed_pv_charge                 901.97 EUR  (   1.4 s)
  [Fluvius_HP 1 | Redni 2T | 20 kWh] self_consumption_peak_shaving    1823.56 EUR  (   1.4 s)
  [Fluvius_EV 4 | Redni 1T | 30 kWh] fixed_schedule                   1357.44 EUR  (   1.4 s)
  [Fluvius_HP 2 | Aktivni | 10 kWh] price_threshold                  1677.70 EUR  (   1.4 s)
  [Fluvius_HP 2 | Dinamični | 5 kWh] milp_full_period                 1593.53 EUR  (  54.1 s)
  [Fluvius_EV 5 | Redni 1T | 30 kWh] price_threshold                   901.97 EUR  (   1.4 s)
  [Fluvius_HP 1 | Redni 2T | 20 kWh] price_oracle                     1782.24 EUR  (   1.4 s)
  [Fluvius_EV 4 | Redni 1T | 30 kWh] delayed_pv_charge                1298.25 EUR  (   1.4 s)
  [Fluvius_HP 2 | Aktivni | 10 kWh] price_rank_daily                 1707.60 EUR  (   1.4 s)
  [Fluvius_EV 5 | Redni 1T | 30 kWh] price_rank_daily                  901.97 EUR  (   1.4 s)
  [Fluvius_HP 2 | Dinamični | 10 kWh] no_battery                       1812.51 EUR  (   1.4 s)
  [Fluvius_EV 4 | Redni 1T | 30 kWh] price_threshold                  1298.25 EUR  (   1.4 s)
  [Fluvius_HP 2 | Aktivni | 10 kWh] peak_shaving                     1922.22 EUR  (   1.4 s)
  [Fluvius_EV 5 | Redni 1T | 30 kWh] peak_shaving                      891.27 EUR  (   1.4 s)
  [Fluvius_HP 2 | Dinamični | 10 kWh] self_consumption                 1813.12 EUR  (   1.4 s)
  [Fluvius_EV 4 | Redni 1T | 30 kWh] price_rank_daily                 1298.25 EUR  (   1.4 s)
  [Fluvius_HP 2 | Aktivni | 10 kWh] self_consumption_peak_shaving    1922.69 EUR  (   1.4 s)
  [Fluvius_EV 5 | Redni 1T | 30 kWh] self_consumption_peak_shaving     894.63 EUR  (   1.4 s)
  [Fluvius_HP 2 | Dinamični | 10 kWh] fixed_schedule                   1757.11 EUR  (   1.4 s)
  [Fluvius_EV 4 | Redni 1T | 30 kWh] peak_shaving                     1299.28 EUR  (   1.4 s)
  [Fluvius_HP 2 | Aktivni | 10 kWh] price_oracle                     1677.46 EUR  (   1.4 s)
  [Fluvius_EV 5 | Redni 1T | 30 kWh] price_oracle                      901.97 EUR  (   1.4 s)
  [Fluvius_HP 2 | Dinamični | 10 kWh] delayed_pv_charge                1813.12 EUR  (   1.4 s)
  [Fluvius_EV 4 | Redni 1T | 30 kWh] self_consumption_peak_shaving    1299.07 EUR  (   1.4 s)
  [Fluvius_HP 2 | Dinamični | 10 kWh] price_threshold                  1718.48 EUR  (   1.4 s)
  [Fluvius_EV 4 | Redni 1T | 30 kWh] price_oracle                     1298.25 EUR  (   1.4 s)
  [Fluvius_HP 2 | Dinamični | 10 kWh] price_rank_daily                 1662.45 EUR  (   1.4 s)
  [Fluvius_HP 2 | Dinamični | 10 kWh] peak_shaving                     1800.58 EUR  (   1.4 s)
  [Fluvius_HP 2 | Dinamični | 10 kWh] self_consumption_peak_shaving    1801.68 EUR  (   1.4 s)
  [Fluvius_HP 2 | Dinamični | 10 kWh] price_oracle                     1699.36 EUR  (   1.4 s)
  [Fluvius_HP 1 | Aktivni | 10 kWh] milp_full_period                 1637.77 EUR  (  79.6 s)
  [Fluvius_HP 1 | Aktivni | 20 kWh] no_battery                       2019.06 EUR  (   1.5 s)
  [Fluvius_HP 1 | Aktivni | 20 kWh] self_consumption                 2019.06 EUR  (   1.4 s)
  [Fluvius_HP 1 | Aktivni | 20 kWh] fixed_schedule                   2265.07 EUR  (   1.4 s)
  [Fluvius_HP 1 | Aktivni | 20 kWh] delayed_pv_charge                2019.06 EUR  (   1.4 s)
  [Fluvius_HP 1 | Aktivni | 20 kWh] price_threshold                  1479.55 EUR  (   1.4 s)
  [Fluvius_HP 1 | Aktivni | 20 kWh] price_rank_daily                 1864.00 EUR  (   1.4 s)
  [Fluvius_HP 1 | Redni 1T | 10 kWh] milp_full_period                 1761.27 EUR  (  56.4 s)
  [Fluvius_HP 1 | Aktivni | 20 kWh] peak_shaving                     2008.70 EUR  (   1.4 s)
  [Fluvius_HP 1 | Aktivni | 20 kWh] self_consumption_peak_shaving    2008.70 EUR  (   1.5 s)
  [Fluvius_HP 1 | Redni 1T | 20 kWh] no_battery                       1776.27 EUR  (   1.4 s)
  [Fluvius_HP 1 | Aktivni | 20 kWh] price_oracle                     1478.40 EUR  (   1.4 s)
  [Fluvius_HP 1 | Redni 1T | 20 kWh] self_consumption                 1776.42 EUR  (   1.4 s)
  [Fluvius_HP 1 | Redni 1T | 20 kWh] fixed_schedule                   1831.30 EUR  (   1.4 s)
  [Fluvius_HP 1 | Redni 1T | 20 kWh] delayed_pv_charge                1776.42 EUR  (   1.4 s)
  [Fluvius_HP 1 | Redni 1T | 20 kWh] price_threshold                  1776.42 EUR  (   1.4 s)
  [Fluvius_HP 2 | Redni 1T | 5 kWh] milp_full_period                 1667.20 EUR  (  61.7 s)
  [Fluvius_HP 1 | Redni 1T | 20 kWh] price_rank_daily                 1776.42 EUR  (   1.4 s)
  [Fluvius_EV 5 | Dinamični | 20 kWh] milp_full_period                  429.05 EUR  ( 160.6 s)
  [Fluvius_HP 1 | Dinamični | 10 kWh] milp_full_period                 1418.86 EUR  (  95.3 s)
  [Fluvius_HP 1 | Redni 1T | 20 kWh] peak_shaving                     1763.76 EUR  (   1.4 s)
  [Fluvius_HP 2 | Aktivni | 10 kWh] milp_full_period                 1603.10 EUR  (  34.5 s)
  [Fluvius_HP 2 | Redni 1T | 10 kWh] no_battery                       1677.44 EUR  (   1.4 s)
  [Fluvius_HP 1 | Redni 2T | 20 kWh] milp_full_period                 1761.13 EUR  (  40.0 s)
  [Fluvius_EV 5 | Dinamični | 30 kWh] no_battery                        990.58 EUR  (   1.4 s)
  [Fluvius_HP 1 | Redni 1T | 20 kWh] self_consumption_peak_shaving    1763.87 EUR  (   1.4 s)
  [Fluvius_HP 2 | Redni 1T | 10 kWh] self_consumption                 1677.52 EUR  (   1.4 s)
  [Fluvius_HP 1 | Dinamični | 20 kWh] no_battery                       1819.13 EUR  (   1.4 s)
  [Fluvius_HP 2 | Aktivni | 20 kWh] no_battery                       1927.65 EUR  (   1.4 s)
  [Fluvius_HP 1 | Redni 2T | 30 kWh] no_battery                       1837.25 EUR  (   1.4 s)
  [Fluvius_EV 5 | Dinamični | 30 kWh] self_consumption                  991.66 EUR  (   1.4 s)
  [Fluvius_HP 1 | Redni 1T | 20 kWh] price_oracle                     1776.42 EUR  (   1.4 s)
  [Fluvius_HP 2 | Redni 1T | 10 kWh] fixed_schedule                   1715.87 EUR  (   1.4 s)
  [Fluvius_HP 1 | Dinamični | 20 kWh] self_consumption                 1820.12 EUR  (   1.4 s)
  [Fluvius_HP 2 | Aktivni | 20 kWh] self_consumption                 1927.71 EUR  (   1.4 s)
  [Fluvius_HP 1 | Redni 2T | 30 kWh] self_consumption                 1837.66 EUR  (   1.4 s)
  [Fluvius_EV 5 | Dinamični | 30 kWh] fixed_schedule                    870.70 EUR  (   1.4 s)
  [Fluvius_HP 2 | Redni 1T | 10 kWh] delayed_pv_charge                1677.52 EUR  (   1.4 s)
  [Fluvius_HP 1 | Dinamični | 20 kWh] fixed_schedule                   1771.48 EUR  (   1.4 s)
  [Fluvius_HP 2 | Aktivni | 20 kWh] fixed_schedule                   2106.42 EUR  (   1.4 s)
  [Fluvius_HP 1 | Redni 2T | 30 kWh] fixed_schedule                   1809.08 EUR  (   1.4 s)
  [Fluvius_EV 5 | Dinamični | 30 kWh] delayed_pv_charge                 991.66 EUR  (   1.4 s)
  [Fluvius_HP 2 | Redni 1T | 10 kWh] price_threshold                  1677.52 EUR  (   1.4 s)
  [Fluvius_HP 1 | Dinamični | 20 kWh] delayed_pv_charge                1820.12 EUR  (   1.4 s)
  [Fluvius_HP 2 | Aktivni | 20 kWh] delayed_pv_charge                1927.71 EUR  (   1.4 s)
  [Fluvius_HP 1 | Redni 2T | 30 kWh] delayed_pv_charge                1837.66 EUR  (   1.4 s)
  [Fluvius_EV 5 | Dinamični | 30 kWh] price_threshold                   826.64 EUR  (   1.4 s)
  [Fluvius_HP 2 | Redni 1T | 10 kWh] price_rank_daily                 1677.52 EUR  (   1.4 s)
  [Fluvius_HP 1 | Dinamični | 20 kWh] price_threshold                  1594.28 EUR  (   1.4 s)
  [Fluvius_HP 2 | Aktivni | 20 kWh] price_threshold                  1609.61 EUR  (   1.4 s)
  [Fluvius_HP 1 | Redni 2T | 30 kWh] price_threshold                  1773.88 EUR  (   1.4 s)
  [Fluvius_EV 5 | Dinamični | 30 kWh] price_rank_daily                  790.04 EUR  (   1.4 s)
  [Fluvius_HP 2 | Redni 1T | 10 kWh] peak_shaving                     1670.81 EUR  (   1.4 s)
  [Fluvius_HP 1 | Dinamični | 20 kWh] price_rank_daily                 1715.47 EUR  (   1.4 s)
  [Fluvius_HP 2 | Aktivni | 20 kWh] price_rank_daily                 1702.44 EUR  (   1.4 s)
  [Fluvius_HP 1 | Redni 2T | 30 kWh] price_rank_daily                 1819.85 EUR  (   1.4 s)
  [Fluvius_EV 5 | Dinamični | 30 kWh] peak_shaving                      973.99 EUR  (   1.4 s)
  [Fluvius_HP 2 | Redni 1T | 10 kWh] self_consumption_peak_shaving    1671.17 EUR  (   1.4 s)
  [Fluvius_HP 1 | Dinamični | 20 kWh] peak_shaving                     1804.94 EUR  (   1.4 s)
  [Fluvius_HP 2 | Aktivni | 20 kWh] peak_shaving                     1922.20 EUR  (   1.4 s)
  [Fluvius_HP 1 | Redni 2T | 30 kWh] peak_shaving                     1823.27 EUR  (   1.4 s)
  [Fluvius_EV 5 | Dinamični | 30 kWh] self_consumption_peak_shaving     977.89 EUR  (   1.4 s)
  [Fluvius_HP 2 | Redni 1T | 10 kWh] price_oracle                     1677.52 EUR  (   1.4 s)
  [Fluvius_HP 1 | Dinamični | 20 kWh] self_consumption_peak_shaving    1805.30 EUR  (   1.4 s)
  [Fluvius_HP 2 | Aktivni | 20 kWh] self_consumption_peak_shaving    1922.79 EUR  (   1.4 s)
  [Fluvius_HP 1 | Redni 2T | 30 kWh] self_consumption_peak_shaving    1823.69 EUR  (   1.5 s)
  [Fluvius_EV 5 | Dinamični | 30 kWh] price_oracle                      809.93 EUR  (   1.4 s)
  [Fluvius_HP 1 | Dinamični | 20 kWh] price_oracle                     1564.38 EUR  (   1.4 s)
  [Fluvius_HP 2 | Aktivni | 20 kWh] price_oracle                     1609.50 EUR  (   1.4 s)
  [Fluvius_HP 1 | Redni 2T | 30 kWh] price_oracle                     1773.45 EUR  (   1.4 s)
  [Fluvius_EV 5 | Redni 1T | 30 kWh] milp_full_period                  889.86 EUR  (  55.3 s)
[38/140] Fluvius_EV_user_005_redni1t.csv (40 rows)  (1146s elapsed)
  [Fluvius_HP 1 | Aktivni | 20 kWh] milp_full_period                 1421.50 EUR  (  32.2 s)
  [Fluvius_HP 2 | Redni 2T | 5 kWh] no_battery                       1746.22 EUR  (   1.4 s)
  [Fluvius_HP 1 | Aktivni | 30 kWh] no_battery                       2019.06 EUR  (   1.4 s)
  [Fluvius_HP 2 | Redni 2T | 5 kWh] self_consumption                 1746.29 EUR  (   1.4 s)
  [Fluvius_HP 1 | Aktivni | 30 kWh] self_consumption                 2019.10 EUR  (   1.4 s)
  [Fluvius_HP 2 | Redni 2T | 5 kWh] fixed_schedule                   1741.49 EUR  (   1.4 s)
  [Fluvius_HP 1 | Aktivni | 30 kWh] fixed_schedule                   2258.27 EUR  (   1.4 s)
  [Fluvius_HP 2 | Redni 2T | 5 kWh] delayed_pv_charge                1746.29 EUR  (   1.4 s)
  [Fluvius_HP 1 | Aktivni | 30 kWh] delayed_pv_charge                2019.10 EUR  (   1.4 s)
  [Fluvius_HP 2 | Redni 2T | 5 kWh] price_threshold                  1738.53 EUR  (   1.4 s)
  [Fluvius_HP 1 | Aktivni | 30 kWh] price_threshold                  1431.47 EUR  (   1.4 s)
  [Fluvius_HP 2 | Redni 2T | 5 kWh] price_rank_daily                 1744.17 EUR  (   1.4 s)
  [Fluvius_HP 1 | Aktivni | 30 kWh] price_rank_daily                 1850.66 EUR  (   1.4 s)
  [Fluvius_HP 2 | Redni 2T | 5 kWh] peak_shaving                     1737.59 EUR  (   1.4 s)
  [Fluvius_HP 1 | Aktivni | 30 kWh] peak_shaving                     2008.59 EUR  (   1.4 s)
  [Fluvius_HP 2 | Redni 2T | 5 kWh] self_consumption_peak_shaving    1738.33 EUR  (   1.4 s)
  [Fluvius_HP 1 | Aktivni | 30 kWh] self_consumption_peak_shaving    2008.70 EUR  (   1.4 s)
  [Fluvius_HP 2 | Redni 2T | 5 kWh] price_oracle                     1738.51 EUR  (   1.4 s)
  [Fluvius_HP 1 | Aktivni | 30 kWh] price_oracle                     1430.23 EUR  (   1.4 s)
  [Fluvius_HP 2 | Aktivni | 20 kWh] milp_full_period                 1428.48 EUR  (  31.8 s)
  [Fluvius_HP 2 | Aktivni | 30 kWh] no_battery                       1927.65 EUR  (   1.4 s)
  [Fluvius_HP 2 | Aktivni | 30 kWh] self_consumption                 1927.73 EUR  (   1.4 s)
  [Fluvius_HP 2 | Aktivni | 30 kWh] fixed_schedule                   2114.39 EUR  (   1.4 s)
  [Fluvius_HP 2 | Aktivni | 30 kWh] delayed_pv_charge                1927.73 EUR  (   1.4 s)
  [Fluvius_HP 2 | Dinamični | 10 kWh] milp_full_period                 1438.09 EUR  (  79.1 s)
  [Fluvius_HP 2 | Aktivni | 30 kWh] price_threshold                  1595.22 EUR  (   1.4 s)
  [Fluvius_HP 2 | Aktivni | 30 kWh] price_rank_daily                 1694.78 EUR  (   1.4 s)
  [Fluvius_HP 2 | Dinamični | 20 kWh] no_battery                       1812.51 EUR  (   1.4 s)
  [Fluvius_HP 1 | Redni 2T | 30 kWh] milp_full_period                 1752.22 EUR  (  41.0 s)
[39/140] Fluvius_HP_user_001_redni2t.csv (40 rows)  (1180s elapsed)
  [Fluvius_HP 2 | Aktivni | 30 kWh] peak_shaving                     1922.12 EUR  (   1.4 s)
  [Fluvius_HP 2 | Dinamični | 20 kWh] self_consumption                 1813.74 EUR  (   1.4 s)
  [Fluvius_HP 2 | Aktivni | 30 kWh] self_consumption_peak_shaving    1922.80 EUR  (   1.4 s)
  [Fluvius_HP 2 | Dinamični | 20 kWh] fixed_schedule                   1711.66 EUR  (   1.4 s)
  [Fluvius_HP 2 | Aktivni | 30 kWh] price_oracle                     1595.00 EUR  (   1.4 s)
  [Fluvius_HP 2 | Dinamični | 20 kWh] delayed_pv_charge                1813.74 EUR  (   1.4 s)
  [Fluvius_HP 3 | Dinamični | 5 kWh] no_battery                       1127.96 EUR  (   1.4 s)
  [Fluvius_HP 2 | Dinamični | 20 kWh] price_threshold                  1668.23 EUR  (   1.4 s)
  [Fluvius_HP 3 | Dinamični | 5 kWh] self_consumption                 1128.26 EUR  (   1.4 s)
  [Fluvius_HP 2 | Dinamični | 20 kWh] price_rank_daily                 1648.51 EUR  (   1.4 s)
  [Fluvius_HP 3 | Dinamični | 5 kWh] fixed_schedule                   1094.95 EUR  (   1.4 s)
  [Fluvius_HP 2 | Dinamični | 20 kWh] peak_shaving                     1800.59 EUR  (   1.4 s)
  [Fluvius_HP 3 | Dinamični | 5 kWh] delayed_pv_charge                1128.26 EUR  (   1.4 s)
  [Fluvius_HP 2 | Redni 2T | 5 kWh] milp_full_period                 1718.16 EUR  (  26.4 s)
  [Fluvius_HP 2 | Dinamični | 20 kWh] self_consumption_peak_shaving    1802.03 EUR  (   1.4 s)
  [Fluvius_HP 3 | Dinamični | 5 kWh] price_threshold                  1079.91 EUR  (   1.4 s)
  [Fluvius_HP 2 | Dinamični | 20 kWh] price_oracle                     1640.38 EUR  (   1.4 s)
  [Fluvius_HP 2 | Redni 2T | 10 kWh] no_battery                       1746.22 EUR  (   1.4 s)
  [Fluvius_HP 3 | Dinamični | 5 kWh] price_rank_daily                 1044.64 EUR  (   1.4 s)
  [Fluvius_HP 2 | Redni 2T | 10 kWh] self_consumption                 1746.37 EUR  (   1.4 s)
  [Fluvius_HP 1 | Aktivni | 30 kWh] milp_full_period                 1249.30 EUR  (  29.3 s)
[40/140] Fluvius_HP_user_001_aktivni.csv (40 rows)  (1193s elapsed)
  [Fluvius_HP 3 | Dinamični | 5 kWh] peak_shaving                     1123.17 EUR  (   1.4 s)
  [Fluvius_HP 2 | Redni 2T | 10 kWh] fixed_schedule                   1735.54 EUR  (   1.4 s)
  [Fluvius_HP 3 | Dinamični | 5 kWh] self_consumption_peak_shaving    1122.21 EUR  (   1.4 s)
  [Fluvius_HP 2 | Redni 2T | 10 kWh] delayed_pv_charge                1746.37 EUR  (   1.4 s)
  [Fluvius_HP 3 | Dinamični | 5 kWh] price_oracle                     1068.44 EUR  (   1.4 s)
  [Fluvius_HP 2 | Redni 2T | 10 kWh] price_threshold                  1731.39 EUR  (   1.4 s)
  [Fluvius_HP 3 | Aktivni | 5 kWh] no_battery                       1409.80 EUR  (   1.4 s)
  [Fluvius_HP 2 | Redni 2T | 10 kWh] price_rank_daily                 1737.51 EUR  (   1.4 s)
  [Fluvius_EV 4 | Redni 1T | 30 kWh] milp_full_period                 1296.40 EUR  ( 105.8 s)
[41/140] Fluvius_EV_user_004_redni1t.csv (40 rows)  (1199s elapsed)
  [Fluvius_HP 3 | Aktivni | 5 kWh] self_consumption                 1409.81 EUR  (   1.4 s)
  [Fluvius_HP 2 | Redni 2T | 10 kWh] peak_shaving                     1737.89 EUR  (   1.4 s)
  [Fluvius_HP 3 | Aktivni | 5 kWh] fixed_schedule                   1452.25 EUR  (   1.4 s)
  [Fluvius_HP 2 | Redni 2T | 10 kWh] self_consumption_peak_shaving    1738.27 EUR  (   1.4 s)
  [Fluvius_HP 3 | Aktivni | 5 kWh] delayed_pv_charge                1409.81 EUR  (   1.4 s)
  [Fluvius_HP 2 | Redni 2T | 10 kWh] price_oracle                     1731.30 EUR  (   1.4 s)
  [Fluvius_HP 3 | Aktivni | 5 kWh] price_threshold                  1277.28 EUR  (   1.4 s)
  [Fluvius_HP 3 | Redni 1T | 5 kWh] no_battery                       1198.30 EUR  (   1.4 s)
  [Fluvius_HP 3 | Aktivni | 5 kWh] price_rank_daily                 1281.90 EUR  (   1.4 s)
  [Fluvius_HP 3 | Redni 1T | 5 kWh] self_consumption                 1198.34 EUR  (   1.4 s)
  [Fluvius_HP 3 | Aktivni | 5 kWh] peak_shaving                     1410.07 EUR  (   1.4 s)
  [Fluvius_HP 3 | Redni 1T | 5 kWh] fixed_schedule                   1214.28 EUR  (   1.4 s)
  [Fluvius_HP 1 | Redni 1T | 20 kWh] milp_full_period                 1761.26 EUR  (  79.6 s)
  [Fluvius_HP 3 | Redni 1T | 5 kWh] delayed_pv_charge                1198.34 EUR  (   1.4 s)
  [Fluvius_HP 3 | Aktivni | 5 kWh] self_consumption_peak_shaving    1406.21 EUR  (   1.4 s)
  [Fluvius_HP 3 | Redni 1T | 5 kWh] price_threshold                  1198.34 EUR  (   1.4 s)
  [Fluvius_HP 3 | Aktivni | 5 kWh] price_oracle                     1277.32 EUR  (   1.4 s)
  [Fluvius_HP 1 | Redni 1T | 30 kWh] no_battery                       1776.27 EUR  (   1.4 s)
  [Fluvius_HP 3 | Redni 1T | 5 kWh] price_rank_daily                 1198.34 EUR  (   1.4 s)
  [Fluvius_HP 1 | Redni 1T | 30 kWh] self_consumption                 1776.50 EUR  (   1.4 s)
  [Fluvius_HP 3 | Redni 1T | 5 kWh] peak_shaving                     1197.48 EUR  (   1.4 s)
  [Fluvius_HP 1 | Redni 1T | 30 kWh] fixed_schedule                   1835.45 EUR  (   1.4 s)
  [Fluvius_HP 3 | Redni 1T | 5 kWh] self_consumption_peak_shaving    1194.39 EUR  (   1.4 s)
  [Fluvius_HP 1 | Redni 1T | 30 kWh] delayed_pv_charge                1776.50 EUR  (   1.4 s)
  [Fluvius_HP 2 | Aktivni | 30 kWh] milp_full_period                 1273.01 EUR  (  30.4 s)
[42/140] Fluvius_HP_user_002_aktivni.csv (40 rows)  (1214s elapsed)
  [Fluvius_HP 3 | Redni 1T | 5 kWh] price_oracle                     1198.34 EUR  (   1.4 s)
  [Fluvius_HP 1 | Redni 1T | 30 kWh] price_threshold                  1776.50 EUR  (   1.4 s)
  [Fluvius_HP 1 | Redni 1T | 30 kWh] price_rank_daily                 1776.50 EUR  (   1.4 s)
  [Fluvius_HP 1 | Redni 1T | 30 kWh] peak_shaving                     1763.82 EUR  (   1.4 s)
  [Fluvius_HP 3 | Redni 2T | 5 kWh] no_battery                       1184.05 EUR  (   1.4 s)
  [Fluvius_HP 1 | Redni 1T | 30 kWh] self_consumption_peak_shaving    1763.95 EUR  (   1.4 s)
  [Fluvius_HP 3 | Redni 2T | 5 kWh] self_consumption                 1184.12 EUR  (   1.4 s)
  [Fluvius_HP 1 | Redni 1T | 30 kWh] price_oracle                     1776.50 EUR  (   1.4 s)
  [Fluvius_HP 3 | Redni 2T | 5 kWh] fixed_schedule                   1177.74 EUR  (   1.4 s)
  [Fluvius_HP 3 | Redni 2T | 5 kWh] delayed_pv_charge                1184.12 EUR  (   1.4 s)
  [Fluvius_HP 3 | Redni 2T | 5 kWh] price_threshold                  1173.24 EUR  (   1.4 s)
  [Fluvius_HP 1 | Dinamični | 20 kWh] milp_full_period                 1187.85 EUR  (  86.7 s)
  [Fluvius_HP 3 | Redni 2T | 5 kWh] price_rank_daily                 1189.62 EUR  (   1.4 s)
  [Fluvius_HP 1 | Dinamični | 30 kWh] no_battery                       1819.13 EUR  (   1.4 s)
  [Fluvius_HP 3 | Redni 2T | 5 kWh] peak_shaving                     1182.91 EUR  (   1.4 s)
  [Fluvius_HP 1 | Dinamični | 30 kWh] self_consumption                 1820.31 EUR  (   1.4 s)
  [Fluvius_HP 3 | Redni 2T | 5 kWh] self_consumption_peak_shaving    1180.00 EUR  (   1.4 s)
  [Fluvius_HP 1 | Dinamični | 30 kWh] fixed_schedule                   1754.96 EUR  (   1.4 s)
  [Fluvius_HP 3 | Redni 2T | 5 kWh] price_oracle                     1173.04 EUR  (   1.4 s)
  [Fluvius_HP 1 | Dinamični | 30 kWh] delayed_pv_charge                1820.31 EUR  (   1.4 s)
  [Fluvius_HP 2 | Redni 2T | 10 kWh] milp_full_period                 1703.75 EUR  (  29.3 s)
  [Fluvius_HP 1 | Dinamični | 30 kWh] price_threshold                  1553.13 EUR  (   1.4 s)
  [Fluvius_HP 1 | Dinamični | 30 kWh] price_rank_daily                 1650.14 EUR  (   1.4 s)
  [Fluvius_HP 2 | Redni 2T | 20 kWh] no_battery                       1746.22 EUR  (   1.4 s)
  [Fluvius_HP 1 | Dinamični | 30 kWh] peak_shaving                     1805.07 EUR  (   1.4 s)
  [Fluvius_HP 2 | Redni 2T | 20 kWh] self_consumption                 1746.51 EUR  (   1.4 s)
  [Fluvius_HP 1 | Dinamični | 30 kWh] self_consumption_peak_shaving    1805.51 EUR  (   1.4 s)
  [Fluvius_HP 2 | Redni 2T | 20 kWh] fixed_schedule                   1725.81 EUR  (   1.4 s)
  [Fluvius_HP 3 | Aktivni | 5 kWh] milp_full_period                 1261.94 EUR  (  27.7 s)
  [Fluvius_HP 1 | Dinamični | 30 kWh] price_oracle                     1514.20 EUR  (   1.4 s)
  [Fluvius_HP 2 | Redni 2T | 20 kWh] delayed_pv_charge                1746.51 EUR  (   1.4 s)
  [Fluvius_HP 3 | Aktivni | 10 kWh] no_battery                       1409.80 EUR  (   1.4 s)
  [Fluvius_HP 2 | Redni 2T | 20 kWh] price_threshold                  1714.33 EUR  (   1.4 s)
  [Fluvius_HP 3 | Aktivni | 10 kWh] self_consumption                 1409.83 EUR  (   1.4 s)
  [Fluvius_HP 2 | Redni 2T | 20 kWh] price_rank_daily                 1736.89 EUR  (   1.4 s)
  [Fluvius_HP 3 | Aktivni | 10 kWh] fixed_schedule                   1462.83 EUR  (   1.4 s)
  [Fluvius_HP 2 | Redni 1T | 10 kWh] milp_full_period                 1665.80 EUR  ( 105.5 s)
  [Fluvius_HP 2 | Redni 2T | 20 kWh] peak_shaving                     1737.95 EUR  (   1.4 s)
  [Fluvius_HP 3 | Aktivni | 10 kWh] delayed_pv_charge                1409.83 EUR  (   1.4 s)
  [Fluvius_HP 2 | Redni 2T | 20 kWh] self_consumption_peak_shaving    1738.44 EUR  (   1.4 s)
  [Fluvius_HP 2 | Redni 1T | 20 kWh] no_battery                       1677.44 EUR  (   1.4 s)
  [Fluvius_HP 3 | Aktivni | 10 kWh] price_threshold                  1208.87 EUR  (   1.4 s)
  [Fluvius_HP 2 | Redni 2T | 20 kWh] price_oracle                     1714.08 EUR  (   1.4 s)
  [Fluvius_HP 2 | Redni 1T | 20 kWh] self_consumption                 1677.60 EUR  (   1.4 s)
  [Fluvius_HP 3 | Aktivni | 10 kWh] price_rank_daily                 1234.98 EUR  (   1.4 s)
  [Fluvius_HP 2 | Redni 1T | 20 kWh] fixed_schedule                   1737.83 EUR  (   1.4 s)
  [Fluvius_HP 3 | Aktivni | 10 kWh] peak_shaving                     1411.60 EUR  (   1.4 s)
  [Fluvius_HP 2 | Redni 1T | 20 kWh] delayed_pv_charge                1677.60 EUR  (   1.4 s)
  [Fluvius_HP 3 | Aktivni | 10 kWh] self_consumption_peak_shaving    1408.48 EUR  (   1.4 s)
  [Fluvius_HP 2 | Redni 1T | 20 kWh] price_threshold                  1677.60 EUR  (   1.4 s)
  [Fluvius_HP 3 | Aktivni | 10 kWh] price_oracle                     1208.94 EUR  (   1.4 s)
  [Fluvius_HP 3 | Dinamični | 5 kWh] milp_full_period                  962.45 EUR  (  54.2 s)
  [Fluvius_HP 2 | Redni 1T | 20 kWh] price_rank_daily                 1677.60 EUR  (   1.4 s)
  [Fluvius_HP 3 | Dinamični | 10 kWh] no_battery                       1127.96 EUR  (   1.4 s)
  [Fluvius_HP 2 | Redni 1T | 20 kWh] peak_shaving                     1670.83 EUR  (   1.4 s)
  [Fluvius_HP 3 | Dinamični | 10 kWh] self_consumption                 1128.56 EUR  (   1.4 s)
  [Fluvius_HP 2 | Redni 1T | 20 kWh] self_consumption_peak_shaving    1671.29 EUR  (   1.4 s)
  [Fluvius_HP 3 | Dinamični | 10 kWh] fixed_schedule                   1082.54 EUR  (   1.4 s)
  [Fluvius_HP 2 | Redni 1T | 20 kWh] price_oracle                     1677.60 EUR  (   1.4 s)
  [Fluvius_HP 3 | Dinamični | 10 kWh] delayed_pv_charge                1128.56 EUR  (   1.4 s)
  [Fluvius_HP 3 | Redni 2T | 5 kWh] milp_full_period                 1164.26 EUR  (  27.5 s)
  [Fluvius_HP 3 | Dinamični | 10 kWh] price_threshold                  1059.37 EUR  (   1.4 s)
  [Fluvius_HP 3 | Dinamični | 10 kWh] price_rank_daily                 1013.97 EUR  (   1.4 s)
  [Fluvius_HP 3 | Redni 2T | 10 kWh] no_battery                       1184.05 EUR  (   1.4 s)
  [Fluvius_HP 3 | Dinamični | 10 kWh] peak_shaving                     1123.55 EUR  (   1.4 s)
  [Fluvius_HP 3 | Redni 2T | 10 kWh] self_consumption                 1184.19 EUR  (   1.4 s)
  [Fluvius_HP 3 | Dinamični | 10 kWh] self_consumption_peak_shaving    1122.64 EUR  (   1.5 s)
  [Fluvius_HP 3 | Redni 2T | 10 kWh] fixed_schedule                   1185.41 EUR  (   1.4 s)
  [Fluvius_HP 3 | Dinamični | 10 kWh] price_oracle                     1046.51 EUR  (   1.4 s)
  [Fluvius_HP 3 | Redni 2T | 10 kWh] delayed_pv_charge                1184.19 EUR  (   1.4 s)
  [Fluvius_HP 3 | Redni 2T | 10 kWh] price_threshold                  1174.78 EUR  (   1.4 s)
  [Fluvius_HP 3 | Redni 2T | 10 kWh] price_rank_daily                 1190.77 EUR  (   1.4 s)
  [Fluvius_HP 3 | Redni 2T | 10 kWh] peak_shaving                     1184.06 EUR  (   1.5 s)
  [Fluvius_HP 3 | Redni 2T | 10 kWh] self_consumption_peak_shaving    1181.81 EUR  (   1.4 s)
  [Fluvius_HP 3 | Redni 2T | 10 kWh] price_oracle                     1174.55 EUR  (   1.4 s)
  [Fluvius_HP 3 | Redni 1T | 5 kWh] milp_full_period                 1191.92 EUR  (  59.5 s)
  [Fluvius_HP 2 | Redni 2T | 20 kWh] milp_full_period                 1683.07 EUR  (  31.2 s)
  [Fluvius_HP 3 | Redni 1T | 10 kWh] no_battery                       1198.30 EUR  (   1.4 s)
  [Fluvius_HP 3 | Redni 1T | 10 kWh] self_consumption                 1198.38 EUR  (   1.4 s)
  [Fluvius_HP 2 | Redni 2T | 30 kWh] no_battery                       1746.22 EUR  (   1.4 s)
  [Fluvius_HP 3 | Redni 1T | 10 kWh] fixed_schedule                   1226.93 EUR  (   1.4 s)
  [Fluvius_HP 2 | Dinamični | 20 kWh] milp_full_period                 1195.86 EUR  (  88.4 s)
  [Fluvius_HP 2 | Redni 2T | 30 kWh] self_consumption                 1746.64 EUR  (   1.4 s)
  [Fluvius_HP 3 | Redni 1T | 10 kWh] delayed_pv_charge                1198.38 EUR  (   1.4 s)
  [Fluvius_HP 2 | Redni 2T | 30 kWh] fixed_schedule                   1722.34 EUR  (   1.4 s)
  [Fluvius_HP 2 | Dinamični | 30 kWh] no_battery                       1812.51 EUR  (   1.4 s)
  [Fluvius_HP 3 | Redni 1T | 10 kWh] price_threshold                  1198.38 EUR  (   1.4 s)
  [Fluvius_HP 2 | Redni 2T | 30 kWh] delayed_pv_charge                1746.64 EUR  (   1.4 s)
  [Fluvius_HP 2 | Dinamični | 30 kWh] self_consumption                 1814.34 EUR  (   1.4 s)
  [Fluvius_HP 3 | Redni 1T | 10 kWh] price_rank_daily                 1198.38 EUR  (   1.4 s)
  [Fluvius_HP 3 | Aktivni | 10 kWh] milp_full_period                 1160.86 EUR  (  33.3 s)
  [Fluvius_HP 2 | Redni 2T | 30 kWh] price_threshold                  1699.76 EUR  (   1.4 s)
  [Fluvius_HP 2 | Dinamični | 30 kWh] fixed_schedule                   1684.80 EUR  (   1.4 s)
  [Fluvius_HP 3 | Redni 1T | 10 kWh] peak_shaving                     1198.72 EUR  (   1.4 s)
  [Fluvius_HP 2 | Redni 2T | 30 kWh] price_rank_daily                 1728.37 EUR  (   1.4 s)
  [Fluvius_HP 3 | Aktivni | 20 kWh] no_battery                       1409.80 EUR  (   1.4 s)
  [Fluvius_HP 2 | Dinamični | 30 kWh] delayed_pv_charge                1814.34 EUR  (   1.4 s)
  [Fluvius_HP 3 | Redni 1T | 10 kWh] self_consumption_peak_shaving    1196.25 EUR  (   1.4 s)
  [Fluvius_HP 2 | Redni 2T | 30 kWh] peak_shaving                     1738.00 EUR  (   1.4 s)
  [Fluvius_HP 3 | Aktivni | 20 kWh] self_consumption                 1409.85 EUR  (   1.4 s)
  [Fluvius_HP 2 | Dinamični | 30 kWh] price_threshold                  1631.61 EUR  (   1.4 s)
  [Fluvius_HP 3 | Redni 1T | 10 kWh] price_oracle                     1198.38 EUR  (   1.4 s)
  [Fluvius_HP 2 | Redni 2T | 30 kWh] self_consumption_peak_shaving    1738.57 EUR  (   1.4 s)
  [Fluvius_HP 3 | Aktivni | 20 kWh] fixed_schedule                   1476.87 EUR  (   1.4 s)
  [Fluvius_HP 2 | Dinamični | 30 kWh] price_rank_daily                 1613.01 EUR  (   1.4 s)
  [Fluvius_HP 2 | Redni 2T | 30 kWh] price_oracle                     1698.99 EUR  (   1.4 s)
  [Fluvius_HP 3 | Aktivni | 20 kWh] delayed_pv_charge                1409.85 EUR  (   1.4 s)
  [Fluvius_HP 2 | Dinamični | 30 kWh] peak_shaving                     1800.61 EUR  (   1.4 s)
  [Fluvius_HP 3 | Aktivni | 20 kWh] price_threshold                  1142.26 EUR  (   1.4 s)
  [Fluvius_HP 2 | Dinamični | 30 kWh] self_consumption_peak_shaving    1802.63 EUR  (   1.5 s)
  [Fluvius_HP 3 | Aktivni | 20 kWh] price_rank_daily                 1220.01 EUR  (   1.4 s)
  [Fluvius_HP 2 | Dinamični | 30 kWh] price_oracle                     1594.22 EUR  (   1.4 s)
  [Fluvius_HP 3 | Aktivni | 20 kWh] peak_shaving                     1415.04 EUR  (   1.4 s)
  [Fluvius_EV 5 | Dinamični | 30 kWh] milp_full_period                  286.61 EUR  ( 157.1 s)
[43/140] Fluvius_EV_user_005.csv (40 rows)  (1295s elapsed)
  [Fluvius_HP 3 | Aktivni | 20 kWh] self_consumption_peak_shaving    1412.75 EUR  (   1.4 s)
  [Fluvius_HP 3 | Aktivni | 20 kWh] price_oracle                     1142.39 EUR  (   1.4 s)
  [Fluvius_HP 4 | Dinamični | 5 kWh] no_battery                       1654.53 EUR  (   1.4 s)
  [Fluvius_HP 3 | Redni 2T | 10 kWh] milp_full_period                 1161.19 EUR  (  29.8 s)
  [Fluvius_HP 4 | Dinamični | 5 kWh] self_consumption                 1654.83 EUR  (   1.4 s)
  [Fluvius_HP 4 | Dinamični | 5 kWh] fixed_schedule                   1654.74 EUR  (   1.4 s)
  [Fluvius_HP 3 | Redni 2T | 20 kWh] no_battery                       1184.05 EUR  (   1.4 s)
  [Fluvius_HP 4 | Dinamični | 5 kWh] delayed_pv_charge                1654.83 EUR  (   1.4 s)
  [Fluvius_HP 3 | Redni 2T | 20 kWh] self_consumption                 1184.33 EUR  (   1.4 s)
  [Fluvius_HP 4 | Dinamični | 5 kWh] price_threshold                  1582.13 EUR  (   1.4 s)
  [Fluvius_HP 3 | Redni 2T | 20 kWh] fixed_schedule                   1196.73 EUR  (   1.4 s)
  [Fluvius_HP 1 | Redni 1T | 30 kWh] milp_full_period                 1761.26 EUR  (  85.0 s)
[44/140] Fluvius_HP_user_001_redni1t.csv (40 rows)  (1306s elapsed)
  [Fluvius_HP 4 | Dinamični | 5 kWh] price_rank_daily                 1576.87 EUR  (   1.4 s)
  [Fluvius_HP 3 | Redni 2T | 20 kWh] delayed_pv_charge                1184.33 EUR  (   1.4 s)
  [Fluvius_HP 4 | Dinamični | 5 kWh] peak_shaving                     1649.74 EUR  (   1.4 s)
  [Fluvius_HP 3 | Redni 2T | 20 kWh] price_threshold                  1178.85 EUR  (   1.4 s)
  [Fluvius_HP 4 | Dinamični | 5 kWh] self_consumption_peak_shaving    1650.07 EUR  (   1.4 s)
  [Fluvius_HP 3 | Redni 2T | 20 kWh] price_rank_daily                 1192.67 EUR  (   1.4 s)
  [Fluvius_HP 4 | Aktivni | 5 kWh] no_battery                       1827.28 EUR  (   1.4 s)
  [Fluvius_HP 4 | Dinamični | 5 kWh] price_oracle                     1575.09 EUR  (   1.4 s)
  [Fluvius_HP 3 | Redni 2T | 20 kWh] peak_shaving                     1186.66 EUR  (   1.4 s)
  [Fluvius_HP 4 | Aktivni | 5 kWh] self_consumption                 1827.30 EUR  (   1.4 s)
  [Fluvius_HP 3 | Redni 2T | 20 kWh] self_consumption_peak_shaving    1185.21 EUR  (   1.4 s)
  [Fluvius_HP 4 | Aktivni | 5 kWh] fixed_schedule                   1918.87 EUR  (   1.4 s)
  [Fluvius_HP 3 | Redni 2T | 20 kWh] price_oracle                     1178.33 EUR  (   1.4 s)
  [Fluvius_HP 4 | Aktivni | 5 kWh] delayed_pv_charge                1827.30 EUR  (   1.4 s)
  [Fluvius_HP 4 | Aktivni | 5 kWh] price_threshold                  1648.41 EUR  (   1.4 s)
  [Fluvius_HP 4 | Aktivni | 5 kWh] price_rank_daily                 1688.94 EUR  (   1.4 s)
  [Fluvius_HP 4 | Aktivni | 5 kWh] peak_shaving                     1824.47 EUR  (   1.4 s)
  [Fluvius_HP 2 | Redni 2T | 30 kWh] milp_full_period                 1667.97 EUR  (  30.3 s)
[45/140] Fluvius_HP_user_002_redni2t.csv (40 rows)  (1320s elapsed)
  [Fluvius_HP 4 | Aktivni | 5 kWh] self_consumption_peak_shaving    1824.63 EUR  (   1.4 s)
  [Fluvius_HP 1 | Dinamični | 30 kWh] milp_full_period                 1031.99 EUR  (  84.2 s)
[46/140] Fluvius_HP_user_001.csv (40 rows)  (1322s elapsed)
  [Fluvius_HP 4 | Aktivni | 5 kWh] price_oracle                     1648.09 EUR  (   1.4 s)
  [Fluvius_HP 4 | Redni 1T | 5 kWh] no_battery                       1570.91 EUR  (   1.4 s)
  [Fluvius_HP 4 | Redni 1T | 5 kWh] self_consumption                 1570.95 EUR  (   1.4 s)
  [Fluvius_HP 4 | Redni 2T | 5 kWh] no_battery                       1616.34 EUR  (   1.4 s)
  [Fluvius_HP 4 | Redni 1T | 5 kWh] fixed_schedule                   1594.37 EUR  (   1.4 s)
  [Fluvius_HP 4 | Redni 2T | 5 kWh] self_consumption                 1616.41 EUR  (   1.4 s)
  [Fluvius_HP 4 | Redni 1T | 5 kWh] delayed_pv_charge                1570.95 EUR  (   1.4 s)
  [Fluvius_HP 4 | Redni 2T | 5 kWh] fixed_schedule                   1612.51 EUR  (   1.4 s)
  [Fluvius_HP 3 | Aktivni | 20 kWh] milp_full_period                  986.17 EUR  (  33.4 s)
  [Fluvius_HP 4 | Redni 1T | 5 kWh] price_threshold                  1570.95 EUR  (   1.4 s)
  [Fluvius_HP 4 | Redni 2T | 5 kWh] delayed_pv_charge                1616.41 EUR  (   1.4 s)
  [Fluvius_HP 4 | Redni 1T | 5 kWh] price_rank_daily                 1570.95 EUR  (   1.4 s)
  [Fluvius_HP 3 | Aktivni | 30 kWh] no_battery                       1409.80 EUR  (   1.4 s)
  [Fluvius_HP 4 | Redni 2T | 5 kWh] price_threshold                  1608.71 EUR  (   1.4 s)
  [Fluvius_HP 4 | Redni 1T | 5 kWh] peak_shaving                     1568.67 EUR  (   1.4 s)
  [Fluvius_HP 3 | Dinamični | 10 kWh] milp_full_period                  845.53 EUR  (  69.8 s)
  [Fluvius_HP 3 | Aktivni | 30 kWh] self_consumption                 1409.88 EUR  (   1.4 s)
  [Fluvius_HP 4 | Redni 2T | 5 kWh] price_rank_daily                 1627.55 EUR  (   1.4 s)
  [Fluvius_HP 4 | Redni 1T | 5 kWh] self_consumption_peak_shaving    1568.80 EUR  (   1.4 s)
  [Fluvius_HP 3 | Aktivni | 30 kWh] fixed_schedule                   1477.93 EUR  (   1.4 s)
  [Fluvius_HP 4 | Redni 2T | 5 kWh] peak_shaving                     1613.25 EUR  (   1.4 s)
  [Fluvius_HP 3 | Dinamični | 20 kWh] no_battery                       1127.96 EUR  (   1.5 s)
  [Fluvius_HP 4 | Redni 1T | 5 kWh] price_oracle                     1570.95 EUR  (   1.4 s)
  [Fluvius_HP 3 | Aktivni | 30 kWh] delayed_pv_charge                1409.88 EUR  (   1.4 s)
  [Fluvius_HP 4 | Redni 2T | 5 kWh] self_consumption_peak_shaving    1613.41 EUR  (   1.4 s)
  [Fluvius_HP 3 | Dinamični | 20 kWh] self_consumption                 1129.17 EUR  (   1.4 s)
  [Fluvius_HP 3 | Aktivni | 30 kWh] price_threshold                  1117.98 EUR  (   1.4 s)
  [Fluvius_HP 4 | Redni 2T | 5 kWh] price_oracle                     1608.37 EUR  (   1.4 s)
  [Fluvius_HP 3 | Dinamični | 20 kWh] fixed_schedule                   1077.91 EUR  (   1.4 s)
  [Fluvius_HP 3 | Aktivni | 30 kWh] price_rank_daily                 1187.14 EUR  (   1.4 s)
  [Fluvius_HP 3 | Dinamični | 20 kWh] delayed_pv_charge                1129.17 EUR  (   1.4 s)
  [Fluvius_HP 3 | Aktivni | 30 kWh] peak_shaving                     1415.05 EUR  (   1.4 s)
  [Fluvius_HP 3 | Dinamični | 20 kWh] price_threshold                  1040.72 EUR  (   1.4 s)
  [Fluvius_HP 3 | Aktivni | 30 kWh] self_consumption_peak_shaving    1415.20 EUR  (   1.4 s)
  [Fluvius_HP 3 | Dinamični | 20 kWh] price_rank_daily                 1003.19 EUR  (   1.4 s)
  [Fluvius_HP 3 | Redni 2T | 20 kWh] milp_full_period                 1159.38 EUR  (  28.6 s)
  [Fluvius_HP 3 | Aktivni | 30 kWh] price_oracle                     1118.12 EUR  (   1.4 s)
  [Fluvius_HP 2 | Redni 1T | 20 kWh] milp_full_period                 1665.80 EUR  (  88.5 s)
  [Fluvius_HP 3 | Dinamični | 20 kWh] peak_shaving                     1126.00 EUR  (   1.4 s)
  [Fluvius_HP 3 | Redni 2T | 30 kWh] no_battery                       1184.05 EUR  (   1.4 s)
  [Fluvius_HP 3 | Dinamični | 20 kWh] self_consumption_peak_shaving    1124.80 EUR  (   1.4 s)
  [Fluvius_HP 2 | Redni 1T | 30 kWh] no_battery                       1677.44 EUR  (   1.4 s)
  [Fluvius_HP 3 | Redni 2T | 30 kWh] self_consumption                 1184.48 EUR  (   1.4 s)
  [Fluvius_HP 2 | Redni 1T | 30 kWh] self_consumption                 1677.67 EUR  (   1.4 s)
  [Fluvius_HP 3 | Dinamični | 20 kWh] price_oracle                     1023.31 EUR  (   1.4 s)
  [Fluvius_HP 3 | Redni 2T | 30 kWh] fixed_schedule                   1197.74 EUR  (   1.4 s)
  [Fluvius_HP 2 | Redni 1T | 30 kWh] fixed_schedule                   1745.64 EUR  (   1.4 s)
  [Fluvius_HP 3 | Redni 2T | 30 kWh] delayed_pv_charge                1184.48 EUR  (   1.4 s)
  [Fluvius_HP 2 | Redni 1T | 30 kWh] delayed_pv_charge                1677.67 EUR  (   1.4 s)
  [Fluvius_HP 3 | Redni 2T | 30 kWh] price_threshold                  1181.07 EUR  (   1.4 s)
  [Fluvius_HP 2 | Redni 1T | 30 kWh] price_threshold                  1677.67 EUR  (   1.4 s)
  [Fluvius_HP 4 | Aktivni | 5 kWh] milp_full_period                 1610.40 EUR  (  29.3 s)
  [Fluvius_HP 3 | Redni 2T | 30 kWh] price_rank_daily                 1193.21 EUR  (   1.4 s)
  [Fluvius_HP 2 | Redni 1T | 30 kWh] price_rank_daily                 1677.67 EUR  (   1.4 s)
  [Fluvius_HP 3 | Redni 2T | 30 kWh] peak_shaving                     1186.78 EUR  (   1.4 s)
  [Fluvius_HP 4 | Aktivni | 10 kWh] no_battery                       1827.28 EUR  (   1.4 s)
  [Fluvius_HP 2 | Redni 1T | 30 kWh] peak_shaving                     1670.85 EUR  (   1.4 s)
  [Fluvius_HP 3 | Redni 1T | 10 kWh] milp_full_period                 1191.92 EUR  (  66.8 s)
  [Fluvius_HP 4 | Aktivni | 10 kWh] self_consumption                 1827.31 EUR  (   1.4 s)
  [Fluvius_HP 3 | Redni 2T | 30 kWh] self_consumption_peak_shaving    1186.97 EUR  (   1.4 s)
  [Fluvius_HP 2 | Redni 1T | 30 kWh] self_consumption_peak_shaving    1671.36 EUR  (   1.4 s)
  [Fluvius_HP 3 | Redni 1T | 20 kWh] no_battery                       1198.30 EUR  (   1.4 s)
  [Fluvius_HP 4 | Aktivni | 10 kWh] fixed_schedule                   1997.13 EUR  (   1.4 s)
  [Fluvius_HP 3 | Redni 2T | 30 kWh] price_oracle                     1180.65 EUR  (   1.4 s)
  [Fluvius_HP 2 | Redni 1T | 30 kWh] price_oracle                     1677.67 EUR  (   1.4 s)
  [Fluvius_HP 3 | Redni 1T | 20 kWh] self_consumption                 1198.46 EUR  (   1.4 s)
  [Fluvius_HP 4 | Aktivni | 10 kWh] delayed_pv_charge                1827.31 EUR  (   1.4 s)
  [Fluvius_HP 3 | Redni 1T | 20 kWh] fixed_schedule                   1239.53 EUR  (   1.4 s)
  [Fluvius_HP 4 | Aktivni | 10 kWh] price_threshold                  1515.74 EUR  (   1.4 s)
  [Fluvius_HP 3 | Redni 1T | 20 kWh] delayed_pv_charge                1198.46 EUR  (   1.4 s)
  [Fluvius_HP 4 | Aktivni | 10 kWh] price_rank_daily                 1636.47 EUR  (   1.4 s)
  [Fluvius_HP 3 | Redni 1T | 20 kWh] price_threshold                  1198.46 EUR  (   1.4 s)
  [Fluvius_HP 4 | Aktivni | 10 kWh] peak_shaving                     1824.42 EUR  (   1.4 s)
  [Fluvius_HP 3 | Redni 1T | 20 kWh] price_rank_daily                 1198.46 EUR  (   1.4 s)
  [Fluvius_HP 4 | Aktivni | 10 kWh] self_consumption_peak_shaving    1824.78 EUR  (   1.4 s)
  [Fluvius_HP 3 | Redni 1T | 20 kWh] peak_shaving                     1201.48 EUR  (   1.4 s)
  [Fluvius_HP 4 | Aktivni | 10 kWh] price_oracle                     1515.42 EUR  (   1.4 s)
  [Fluvius_HP 4 | Redni 2T | 5 kWh] milp_full_period                 1590.37 EUR  (  26.9 s)
  [Fluvius_HP 3 | Redni 1T | 20 kWh] self_consumption_peak_shaving    1199.76 EUR  (   1.4 s)
  [Fluvius_HP 2 | Dinamični | 30 kWh] milp_full_period                 1038.32 EUR  (  73.4 s)
[47/140] Fluvius_HP_user_002.csv (40 rows)  (1366s elapsed)
  [Fluvius_HP 4 | Redni 2T | 10 kWh] no_battery                       1616.34 EUR  (   1.4 s)
  [Fluvius_HP 3 | Redni 1T | 20 kWh] price_oracle                     1198.46 EUR  (   1.4 s)
  [Fluvius_HP 4 | Redni 2T | 10 kWh] self_consumption                 1616.48 EUR  (   1.4 s)
  [Fluvius_HP 4 | Redni 2T | 10 kWh] fixed_schedule                   1601.37 EUR  (   1.4 s)
  [Fluvius_HP 5 | Dinamični | 5 kWh] no_battery                       1955.36 EUR  (   1.4 s)
  [Fluvius_HP 4 | Redni 2T | 10 kWh] delayed_pv_charge                1616.48 EUR  (   1.4 s)
  [Fluvius_HP 5 | Dinamični | 5 kWh] self_consumption                 1955.66 EUR  (   1.4 s)
  [Fluvius_HP 4 | Redni 2T | 10 kWh] price_threshold                  1593.41 EUR  (   1.4 s)
  [Fluvius_HP 3 | Aktivni | 30 kWh] milp_full_period                  829.68 EUR  (  29.2 s)
[48/140] Fluvius_HP_user_003_aktivni.csv (40 rows)  (1373s elapsed)
  [Fluvius_HP 5 | Dinamični | 5 kWh] fixed_schedule                   1947.61 EUR  (   1.4 s)
  [Fluvius_HP 4 | Redni 2T | 10 kWh] price_rank_daily                 1623.97 EUR  (   1.4 s)
  [Fluvius_HP 5 | Dinamični | 5 kWh] delayed_pv_charge                1955.66 EUR  (   1.4 s)
  [Fluvius_HP 4 | Redni 2T | 10 kWh] peak_shaving                     1613.28 EUR  (   1.4 s)
  [Fluvius_HP 4 | Dinamični | 5 kWh] milp_full_period                 1427.54 EUR  (  65.2 s)
  [Fluvius_HP 5 | Dinamični | 5 kWh] price_threshold                  1899.33 EUR  (   1.4 s)
  [Fluvius_HP 4 | Redni 2T | 10 kWh] self_consumption_peak_shaving    1613.58 EUR  (   1.4 s)
  [Fluvius_HP 5 | Aktivni | 5 kWh] no_battery                       2135.88 EUR  (   1.4 s)
  [Fluvius_HP 5 | Dinamični | 5 kWh] price_rank_daily                 1871.71 EUR  (   1.4 s)
  [Fluvius_HP 4 | Dinamični | 10 kWh] no_battery                       1654.53 EUR  (   1.4 s)
  [Fluvius_HP 4 | Redni 2T | 10 kWh] price_oracle                     1592.47 EUR  (   1.4 s)
  [Fluvius_HP 5 | Aktivni | 5 kWh] self_consumption                 2135.89 EUR  (   1.4 s)
  [Fluvius_HP 5 | Dinamični | 5 kWh] peak_shaving                     1953.68 EUR  (   1.4 s)
  [Fluvius_HP 4 | Dinamični | 10 kWh] self_consumption                 1655.14 EUR  (   1.4 s)
  [Fluvius_HP 5 | Aktivni | 5 kWh] fixed_schedule                   2229.15 EUR  (   1.4 s)
  [Fluvius_HP 5 | Dinamični | 5 kWh] self_consumption_peak_shaving    1954.62 EUR  (   1.4 s)
  [Fluvius_HP 4 | Dinamični | 10 kWh] fixed_schedule                   1628.09 EUR  (   1.4 s)
  [Fluvius_HP 5 | Aktivni | 5 kWh] delayed_pv_charge                2135.89 EUR  (   1.4 s)
  [Fluvius_HP 5 | Dinamični | 5 kWh] price_oracle                     1888.45 EUR  (   1.4 s)
  [Fluvius_HP 4 | Dinamični | 10 kWh] delayed_pv_charge                1655.14 EUR  (   1.4 s)
  [Fluvius_HP 4 | Redni 1T | 5 kWh] milp_full_period                 1563.87 EUR  (  46.7 s)
  [Fluvius_HP 5 | Aktivni | 5 kWh] price_threshold                  1992.54 EUR  (   1.4 s)
  [Fluvius_HP 4 | Dinamični | 10 kWh] price_threshold                  1532.08 EUR  (   1.4 s)
  [Fluvius_HP 5 | Aktivni | 5 kWh] price_rank_daily                 2020.78 EUR  (   1.4 s)
  [Fluvius_HP 4 | Redni 1T | 10 kWh] no_battery                       1570.91 EUR  (   1.4 s)
  [Fluvius_HP 4 | Dinamični | 10 kWh] price_rank_daily                 1533.89 EUR  (   1.4 s)
  [Fluvius_HP 4 | Redni 1T | 10 kWh] self_consumption                 1570.99 EUR  (   1.4 s)
  [Fluvius_HP 5 | Aktivni | 5 kWh] peak_shaving                     2136.70 EUR  (   1.4 s)
  [Fluvius_HP 4 | Dinamični | 10 kWh] peak_shaving                     1649.82 EUR  (   1.4 s)
  [Fluvius_HP 4 | Redni 1T | 10 kWh] fixed_schedule                   1615.36 EUR  (   1.4 s)
  [Fluvius_HP 5 | Aktivni | 5 kWh] self_consumption_peak_shaving    2136.75 EUR  (   1.5 s)
  [Fluvius_HP 4 | Dinamični | 10 kWh] self_consumption_peak_shaving    1650.35 EUR  (   1.4 s)
  [Fluvius_HP 3 | Redni 2T | 30 kWh] milp_full_period                 1159.22 EUR  (  32.3 s)
[49/140] Fluvius_HP_user_003_redni2t.csv (40 rows)  (1388s elapsed)
  [Fluvius_HP 4 | Redni 1T | 10 kWh] delayed_pv_charge                1570.99 EUR  (   1.4 s)
  [Fluvius_HP 5 | Aktivni | 5 kWh] price_oracle                     1992.49 EUR  (   1.4 s)
  [Fluvius_HP 4 | Dinamični | 10 kWh] price_oracle                     1509.76 EUR  (   1.4 s)
  [Fluvius_HP 4 | Redni 1T | 10 kWh] price_threshold                  1570.99 EUR  (   1.4 s)
  [Fluvius_HP 4 | Redni 1T | 10 kWh] price_rank_daily                 1570.99 EUR  (   1.4 s)
  [Fluvius_HP 4 | Redni 1T | 10 kWh] peak_shaving                     1568.67 EUR  (   1.4 s)
  [Fluvius_HP 5 | Redni 1T | 5 kWh] no_battery                       1906.20 EUR  (   1.4 s)
  [Fluvius_HP 4 | Redni 1T | 10 kWh] self_consumption_peak_shaving    1568.94 EUR  (   1.4 s)
  [Fluvius_HP 5 | Redni 1T | 5 kWh] self_consumption                 1906.24 EUR  (   1.4 s)
  [Fluvius_HP 4 | Redni 1T | 10 kWh] price_oracle                     1570.99 EUR  (   1.4 s)
  [Fluvius_HP 5 | Redni 1T | 5 kWh] fixed_schedule                   1929.52 EUR  (   1.4 s)
  [Fluvius_HP 5 | Redni 1T | 5 kWh] delayed_pv_charge                1906.24 EUR  (   1.4 s)
  [Fluvius_HP 4 | Aktivni | 10 kWh] milp_full_period                 1484.31 EUR  (  33.6 s)
  [Fluvius_HP 5 | Redni 1T | 5 kWh] price_threshold                  1906.24 EUR  (   1.4 s)
  [Fluvius_HP 4 | Aktivni | 20 kWh] no_battery                       1827.28 EUR  (   1.4 s)
  [Fluvius_HP 5 | Redni 1T | 5 kWh] price_rank_daily                 1906.24 EUR  (   1.4 s)
  [Fluvius_HP 4 | Aktivni | 20 kWh] self_consumption                 1827.34 EUR  (   1.4 s)
  [Fluvius_HP 5 | Redni 1T | 5 kWh] peak_shaving                     1906.28 EUR  (   1.4 s)
  [Fluvius_HP 4 | Aktivni | 20 kWh] fixed_schedule                   1995.49 EUR  (   1.4 s)
  [Fluvius_HP 5 | Redni 1T | 5 kWh] self_consumption_peak_shaving    1906.21 EUR  (   1.4 s)
  [Fluvius_HP 4 | Aktivni | 20 kWh] delayed_pv_charge                1827.34 EUR  (   1.4 s)
  [Fluvius_HP 5 | Redni 1T | 5 kWh] price_oracle                     1906.24 EUR  (   1.4 s)
  [Fluvius_HP 4 | Aktivni | 20 kWh] price_threshold                  1366.78 EUR  (   1.4 s)
  [Fluvius_HP 4 | Aktivni | 20 kWh] price_rank_daily                 1636.50 EUR  (   1.4 s)
  [Fluvius_HP 4 | Redni 2T | 10 kWh] milp_full_period                 1572.91 EUR  (  30.3 s)
  [Fluvius_HP 4 | Aktivni | 20 kWh] peak_shaving                     1824.35 EUR  (   1.4 s)
  [Fluvius_HP 4 | Aktivni | 20 kWh] self_consumption_peak_shaving    1824.80 EUR  (   1.4 s)
  [Fluvius_HP 4 | Redni 2T | 20 kWh] no_battery                       1616.34 EUR  (   1.4 s)
  [Fluvius_HP 4 | Aktivni | 20 kWh] price_oracle                     1366.48 EUR  (   1.4 s)
  [Fluvius_HP 4 | Redni 2T | 20 kWh] self_consumption                 1616.63 EUR  (   1.4 s)
  [Fluvius_HP 4 | Redni 2T | 20 kWh] fixed_schedule                   1602.76 EUR  (   1.4 s)
  [Fluvius_HP 4 | Redni 2T | 20 kWh] delayed_pv_charge                1616.63 EUR  (   1.4 s)
  [Fluvius_HP 5 | Aktivni | 5 kWh] milp_full_period                 1985.50 EUR  (  27.0 s)
  [Fluvius_HP 4 | Redni 2T | 20 kWh] price_threshold                  1579.23 EUR  (   1.4 s)
  [Fluvius_HP 4 | Redni 2T | 20 kWh] price_rank_daily                 1624.11 EUR  (   1.4 s)
  [Fluvius_HP 5 | Aktivni | 10 kWh] no_battery                       2135.88 EUR  (   1.4 s)
  [Fluvius_HP 4 | Redni 2T | 20 kWh] peak_shaving                     1613.36 EUR  (   1.5 s)
  [Fluvius_HP 5 | Aktivni | 10 kWh] self_consumption                 2135.91 EUR  (   1.4 s)
  [Fluvius_HP 4 | Redni 2T | 20 kWh] self_consumption_peak_shaving    1613.72 EUR  (   1.4 s)
  [Fluvius_HP 5 | Aktivni | 10 kWh] fixed_schedule                   2284.54 EUR  (   1.4 s)
  [Fluvius_HP 4 | Redni 2T | 20 kWh] price_oracle                     1577.28 EUR  (   1.4 s)
  [Fluvius_HP 5 | Aktivni | 10 kWh] delayed_pv_charge                2135.91 EUR  (   1.4 s)
  [Fluvius_HP 5 | Aktivni | 10 kWh] price_threshold                  1905.08 EUR  (   1.4 s)
  [Fluvius_HP 3 | Dinamični | 20 kWh] milp_full_period                  637.07 EUR  (  77.2 s)
  [Fluvius_HP 5 | Aktivni | 10 kWh] price_rank_daily                 1922.81 EUR  (   1.4 s)
  [Fluvius_HP 3 | Dinamični | 30 kWh] no_battery                       1127.96 EUR  (   1.4 s)
  [Fluvius_HP 5 | Dinamični | 5 kWh] milp_full_period                 1763.06 EUR  (  44.2 s)
  [Fluvius_HP 5 | Aktivni | 10 kWh] peak_shaving                     2137.10 EUR  (   1.4 s)
  [Fluvius_HP 3 | Dinamični | 30 kWh] self_consumption                 1129.78 EUR  (   1.4 s)
  [Fluvius_HP 5 | Aktivni | 10 kWh] self_consumption_peak_shaving    2137.24 EUR  (   1.4 s)
  [Fluvius_HP 5 | Dinamični | 10 kWh] no_battery                       1955.36 EUR  (   1.4 s)
  [Fluvius_HP 3 | Dinamični | 30 kWh] fixed_schedule                   1077.91 EUR  (   1.4 s)
  [Fluvius_HP 5 | Aktivni | 10 kWh] price_oracle                     1905.06 EUR  (   1.4 s)
  [Fluvius_HP 5 | Dinamični | 10 kWh] self_consumption                 1955.97 EUR  (   1.4 s)
  [Fluvius_HP 3 | Dinamični | 30 kWh] delayed_pv_charge                1129.78 EUR  (   1.4 s)
  [Fluvius_HP 3 | Redni 1T | 20 kWh] milp_full_period                 1191.92 EUR  (  63.4 s)
  [Fluvius_HP 5 | Dinamični | 10 kWh] fixed_schedule                   1916.45 EUR  (   1.4 s)
  [Fluvius_HP 3 | Dinamični | 30 kWh] price_threshold                  1026.42 EUR  (   1.4 s)
  [Fluvius_HP 5 | Dinamični | 10 kWh] delayed_pv_charge                1955.97 EUR  (   1.4 s)
  [Fluvius_HP 3 | Redni 1T | 30 kWh] no_battery                       1198.30 EUR  (   1.4 s)
  [Fluvius_HP 3 | Dinamični | 30 kWh] price_rank_daily                  991.78 EUR  (   1.4 s)
  [Fluvius_HP 5 | Dinamični | 10 kWh] price_threshold                  1863.05 EUR  (   1.4 s)
  [Fluvius_HP 3 | Redni 1T | 30 kWh] self_consumption                 1198.54 EUR  (   1.4 s)
  [Fluvius_HP 3 | Dinamični | 30 kWh] peak_shaving                     1126.44 EUR  (   1.4 s)
  [Fluvius_HP 5 | Dinamični | 10 kWh] price_rank_daily                 1794.99 EUR  (   1.4 s)
  [Fluvius_HP 3 | Redni 1T | 30 kWh] fixed_schedule                   1240.67 EUR  (   1.4 s)
  [Fluvius_HP 3 | Dinamični | 30 kWh] self_consumption_peak_shaving    1126.53 EUR  (   1.4 s)
  [Fluvius_HP 3 | Redni 1T | 30 kWh] delayed_pv_charge                1198.54 EUR  (   1.4 s)
  [Fluvius_HP 5 | Dinamični | 10 kWh] peak_shaving                     1952.45 EUR  (   1.4 s)
  [Fluvius_HP 3 | Dinamični | 30 kWh] price_oracle                     1005.59 EUR  (   1.4 s)
  [Fluvius_HP 3 | Redni 1T | 30 kWh] price_threshold                  1198.54 EUR  (   1.4 s)
  [Fluvius_HP 5 | Dinamični | 10 kWh] self_consumption_peak_shaving    1953.82 EUR  (   1.4 s)
  [Fluvius_HP 3 | Redni 1T | 30 kWh] price_rank_daily                 1198.54 EUR  (   1.4 s)
  [Fluvius_HP 5 | Dinamični | 10 kWh] price_oracle                     1841.99 EUR  (   1.4 s)
  [Fluvius_HP 3 | Redni 1T | 30 kWh] peak_shaving                     1201.54 EUR  (   1.4 s)
  [Fluvius_HP 2 | Redni 1T | 30 kWh] milp_full_period                 1665.80 EUR  (  85.5 s)
[50/140] Fluvius_HP_user_002_redni1t.csv (40 rows)  (1442s elapsed)
  [Fluvius_HP 3 | Redni 1T | 30 kWh] self_consumption_peak_shaving    1201.59 EUR  (   1.4 s)
  [Fluvius_HP 3 | Redni 1T | 30 kWh] price_oracle                     1198.54 EUR  (   1.4 s)
  [Fluvius_HP 5 | Redni 2T | 5 kWh] no_battery                       1952.58 EUR  (   1.4 s)
  [Fluvius_HP 4 | Aktivni | 20 kWh] milp_full_period                 1285.33 EUR  (  35.9 s)
  [Fluvius_HP 5 | Redni 2T | 5 kWh] self_consumption                 1952.65 EUR  (   1.4 s)
  [Fluvius_HP 4 | Aktivni | 30 kWh] no_battery                       1827.28 EUR  (   1.4 s)
  [Fluvius_HP 5 | Redni 2T | 5 kWh] fixed_schedule                   1947.64 EUR  (   1.4 s)
  [Fluvius_HP 4 | Aktivni | 30 kWh] self_consumption                 1827.40 EUR  (   1.4 s)
  [Fluvius_HP 5 | Redni 2T | 5 kWh] delayed_pv_charge                1952.65 EUR  (   1.4 s)
  [Fluvius_HP 4 | Aktivni | 30 kWh] fixed_schedule                   1995.99 EUR  (   1.4 s)
  [Fluvius_HP 5 | Redni 2T | 5 kWh] price_threshold                  1943.94 EUR  (   1.4 s)
  [Fluvius_HP 4 | Aktivni | 30 kWh] delayed_pv_charge                1827.40 EUR  (   1.4 s)
  [Fluvius_HP 5 | Redni 2T | 5 kWh] price_rank_daily                 1959.98 EUR  (   1.4 s)
  [Fluvius_HP 4 | Aktivni | 30 kWh] price_threshold                  1360.24 EUR  (   1.4 s)
  [Fluvius_HP 5 | Redni 2T | 5 kWh] peak_shaving                     1951.99 EUR  (   1.4 s)
  [Fluvius_HP 4 | Aktivni | 30 kWh] price_rank_daily                 1613.84 EUR  (   1.4 s)
  [Fluvius_HP 5 | Aktivni | 10 kWh] milp_full_period                 1872.14 EUR  (  27.7 s)
  [Fluvius_HP 5 | Redni 2T | 5 kWh] self_consumption_peak_shaving    1952.02 EUR  (   1.4 s)
  [Fluvius_HP 4 | Redni 2T | 20 kWh] milp_full_period                 1556.78 EUR  (  35.7 s)
  [Fluvius_HP 4 | Aktivni | 30 kWh] peak_shaving                     1824.29 EUR  (   1.4 s)
  [Fluvius_HP 5 | Redni 2T | 5 kWh] price_oracle                     1943.55 EUR  (   1.4 s)
  [Fluvius_HP 5 | Aktivni | 20 kWh] no_battery                       2135.88 EUR  (   1.4 s)
  [Fluvius_HP 4 | Aktivni | 30 kWh] self_consumption_peak_shaving    1824.88 EUR  (   1.4 s)
  [Fluvius_HP 4 | Redni 2T | 30 kWh] no_battery                       1616.34 EUR  (   1.4 s)
  [Fluvius_HP 5 | Aktivni | 20 kWh] self_consumption                 2135.96 EUR  (   1.4 s)
  [Fluvius_HP 4 | Aktivni | 30 kWh] price_oracle                     1359.83 EUR  (   1.4 s)
  [Fluvius_HP 4 | Redni 2T | 30 kWh] self_consumption                 1616.76 EUR  (   1.4 s)
  [Fluvius_HP 5 | Aktivni | 20 kWh] fixed_schedule                   2332.56 EUR  (   1.4 s)
  [Fluvius_HP 4 | Redni 2T | 30 kWh] fixed_schedule                   1603.33 EUR  (   1.4 s)
  [Fluvius_HP 5 | Aktivni | 20 kWh] delayed_pv_charge                2135.96 EUR  (   1.4 s)
  [Fluvius_HP 4 | Redni 2T | 30 kWh] delayed_pv_charge                1616.76 EUR  (   1.4 s)
  [Fluvius_HP 5 | Aktivni | 20 kWh] price_threshold                  1803.99 EUR  (   1.4 s)
  [Fluvius_HP 4 | Redni 2T | 30 kWh] price_threshold                  1578.59 EUR  (   1.4 s)
  [Fluvius_HP 5 | Aktivni | 20 kWh] price_rank_daily                 1830.61 EUR  (   1.4 s)
  [Fluvius_HP 4 | Redni 2T | 30 kWh] price_rank_daily                 1611.22 EUR  (   1.4 s)
  [Fluvius_HP 5 | Aktivni | 20 kWh] peak_shaving                     2137.15 EUR  (   1.4 s)
  [Fluvius_HP 4 | Redni 2T | 30 kWh] peak_shaving                     1613.43 EUR  (   1.4 s)
  [Fluvius_HP 5 | Aktivni | 20 kWh] self_consumption_peak_shaving    2137.77 EUR  (   1.4 s)
  [Fluvius_HP 4 | Redni 2T | 30 kWh] self_consumption_peak_shaving    1613.85 EUR  (   1.4 s)
  [Fluvius_HP 5 | Aktivni | 20 kWh] price_oracle                     1804.01 EUR  (   1.4 s)
  [Fluvius_HP 4 | Redni 2T | 30 kWh] price_oracle                     1576.88 EUR  (   1.4 s)
  [Fluvius_HP 5 | Redni 1T | 5 kWh] milp_full_period                 1905.49 EUR  (  70.6 s)
  [Fluvius_HP 5 | Redni 1T | 10 kWh] no_battery                       1906.20 EUR  (   1.4 s)
  [Fluvius_HP 5 | Redni 1T | 10 kWh] self_consumption                 1906.28 EUR  (   1.5 s)
  [Fluvius_HP 5 | Redni 1T | 10 kWh] fixed_schedule                   1948.60 EUR  (   1.4 s)
  [Fluvius_HP 5 | Redni 1T | 10 kWh] delayed_pv_charge                1906.28 EUR  (   1.4 s)
  [Fluvius_HP 5 | Redni 1T | 10 kWh] price_threshold                  1906.28 EUR  (   1.4 s)
  [Fluvius_HP 5 | Redni 1T | 10 kWh] price_rank_daily                 1906.28 EUR  (   1.4 s)
  [Fluvius_HP 5 | Redni 2T | 5 kWh] milp_full_period                 1933.50 EUR  (  26.3 s)
  [Fluvius_HP 5 | Redni 1T | 10 kWh] peak_shaving                     1906.65 EUR  (   1.4 s)
  [Fluvius_HP 5 | Redni 2T | 10 kWh] no_battery                       1952.58 EUR  (   1.4 s)
  [Fluvius_HP 5 | Redni 1T | 10 kWh] self_consumption_peak_shaving    1906.66 EUR  (   1.4 s)
  [Fluvius_HP 5 | Dinamični | 10 kWh] milp_full_period                 1605.92 EUR  (  48.1 s)
  [Fluvius_HP 5 | Redni 2T | 10 kWh] self_consumption                 1952.72 EUR  (   1.4 s)
  [Fluvius_HP 5 | Redni 1T | 10 kWh] price_oracle                     1906.28 EUR  (   1.4 s)
  [Fluvius_HP 5 | Redni 2T | 10 kWh] fixed_schedule                   1943.49 EUR  (   1.4 s)
  [Fluvius_HP 5 | Dinamični | 20 kWh] no_battery                       1955.36 EUR  (   1.4 s)
  [Fluvius_HP 5 | Redni 2T | 10 kWh] delayed_pv_charge                1952.72 EUR  (   1.4 s)
  [Fluvius_HP 5 | Dinamični | 20 kWh] self_consumption                 1956.57 EUR  (   1.4 s)
  [Fluvius_HP 4 | Aktivni | 30 kWh] milp_full_period                 1136.11 EUR  (  31.3 s)
[51/140] Fluvius_HP_user_004_aktivni.csv (40 rows)  (1492s elapsed)
  [Fluvius_HP 5 | Redni 2T | 10 kWh] price_threshold                  1937.88 EUR  (   1.4 s)
  [Fluvius_HP 5 | Dinamični | 20 kWh] fixed_schedule                   1836.74 EUR  (   1.4 s)
  [Fluvius_HP 5 | Redni 2T | 10 kWh] price_rank_daily                 1957.74 EUR  (   1.4 s)
  [Fluvius_HP 4 | Dinamični | 10 kWh] milp_full_period                 1288.68 EUR  ( 104.6 s)
  [Fluvius_HP 5 | Dinamični | 20 kWh] delayed_pv_charge                1956.57 EUR  (   1.4 s)
  [Fluvius_HP 5 | Redni 2T | 10 kWh] peak_shaving                     1952.06 EUR  (   1.4 s)
  [Fluvius_HP 5 | Dinamični | 20 kWh] price_threshold                  1799.06 EUR  (   1.4 s)
  [Fluvius_HP 4 | Dinamični | 20 kWh] no_battery                       1654.53 EUR  (   1.4 s)
  [Fluvius_HP 5 | Redni 2T | 10 kWh] self_consumption_peak_shaving    1952.17 EUR  (   1.4 s)
  [Fluvius_HP 5 | Dinamični | 20 kWh] price_rank_daily                 1715.89 EUR  (   1.4 s)
  [Fluvius_HP_EV 1 | Dinamični | 5 kWh] no_battery                       1876.88 EUR  (   1.4 s)
  [Fluvius_HP 4 | Dinamični | 20 kWh] self_consumption                 1655.75 EUR  (   1.4 s)
  [Fluvius_HP 5 | Redni 2T | 10 kWh] price_oracle                     1936.89 EUR  (   1.4 s)
  [Fluvius_HP 5 | Dinamični | 20 kWh] peak_shaving                     1951.21 EUR  (   1.4 s)
  [Fluvius_HP_EV 1 | Dinamični | 5 kWh] self_consumption                 1877.18 EUR  (   1.4 s)
  [Fluvius_HP 4 | Dinamični | 20 kWh] fixed_schedule                   1579.81 EUR  (   1.4 s)
  [Fluvius_HP 5 | Dinamični | 20 kWh] self_consumption_peak_shaving    1953.95 EUR  (   1.4 s)
  [Fluvius_HP_EV 1 | Dinamični | 5 kWh] fixed_schedule                   1863.09 EUR  (   1.4 s)
  [Fluvius_HP 4 | Dinamični | 20 kWh] delayed_pv_charge                1655.75 EUR  (   1.4 s)
  [Fluvius_HP 5 | Dinamični | 20 kWh] price_oracle                     1764.31 EUR  (   1.4 s)
  [Fluvius_HP_EV 1 | Dinamični | 5 kWh] delayed_pv_charge                1877.18 EUR  (   1.4 s)
  [Fluvius_HP 4 | Dinamični | 20 kWh] price_threshold                  1478.33 EUR  (   1.4 s)
  [Fluvius_HP_EV 1 | Dinamični | 5 kWh] price_threshold                  1807.70 EUR  (   1.4 s)
  [Fluvius_HP 5 | Aktivni | 20 kWh] milp_full_period                 1677.50 EUR  (  32.4 s)
  [Fluvius_HP 4 | Dinamični | 20 kWh] price_rank_daily                 1534.31 EUR  (   1.4 s)
  [Fluvius_HP_EV 1 | Dinamični | 5 kWh] price_rank_daily                 1776.57 EUR  (   1.4 s)
  [Fluvius_HP 4 | Dinamični | 20 kWh] peak_shaving                     1649.99 EUR  (   1.4 s)
  [Fluvius_HP 5 | Aktivni | 30 kWh] no_battery                       2135.88 EUR  (   1.4 s)
  [Fluvius_HP_EV 1 | Dinamični | 5 kWh] peak_shaving                     1870.39 EUR  (   1.4 s)
  [Fluvius_HP 4 | Dinamični | 20 kWh] self_consumption_peak_shaving    1650.96 EUR  (   1.4 s)
  [Fluvius_HP 5 | Aktivni | 30 kWh] self_consumption                 2136.00 EUR  (   1.4 s)
  [Fluvius_HP_EV 1 | Dinamični | 5 kWh] self_consumption_peak_shaving    1870.76 EUR  (   1.4 s)
  [Fluvius_HP 4 | Dinamični | 20 kWh] price_oracle                     1445.55 EUR  (   1.4 s)
  [Fluvius_HP 5 | Aktivni | 30 kWh] fixed_schedule                   2344.76 EUR  (   1.4 s)
  [Fluvius_HP 4 | Redni 1T | 10 kWh] milp_full_period                 1563.86 EUR  ( 112.0 s)
  [Fluvius_HP_EV 1 | Dinamični | 5 kWh] price_oracle                     1801.13 EUR  (   1.4 s)
  [Fluvius_HP 5 | Aktivni | 30 kWh] delayed_pv_charge                2136.00 EUR  (   1.4 s)
  [Fluvius_HP 4 | Redni 1T | 20 kWh] no_battery                       1570.91 EUR  (   1.4 s)
  [Fluvius_HP 5 | Aktivni | 30 kWh] price_threshold                  1758.93 EUR  (   1.4 s)
  [Fluvius_HP 4 | Redni 1T | 20 kWh] self_consumption                 1571.07 EUR  (   1.4 s)
  [Fluvius_HP 5 | Aktivni | 30 kWh] price_rank_daily                 1807.88 EUR  (   1.4 s)
  [Fluvius_HP 4 | Redni 1T | 20 kWh] fixed_schedule                   1631.67 EUR  (   1.4 s)
  [Fluvius_HP 3 | Redni 1T | 30 kWh] milp_full_period                 1191.92 EUR  (  69.1 s)
[52/140] Fluvius_HP_user_003_redni1t.csv (40 rows)  (1513s elapsed)
  [Fluvius_HP 5 | Aktivni | 30 kWh] peak_shaving                     2137.12 EUR  (   1.4 s)
  [Fluvius_HP 4 | Redni 1T | 20 kWh] delayed_pv_charge                1571.07 EUR  (   1.4 s)
  [Fluvius_HP 5 | Aktivni | 30 kWh] self_consumption_peak_shaving    2137.90 EUR  (   1.4 s)
  [Fluvius_HP 3 | Dinamični | 30 kWh] milp_full_period                  502.29 EUR  (  77.7 s)
[53/140] Fluvius_HP_user_003.csv (40 rows)  (1515s elapsed)
  [Fluvius_HP 4 | Redni 1T | 20 kWh] price_threshold                  1571.07 EUR  (   1.4 s)
  [Fluvius_HP 5 | Aktivni | 30 kWh] price_oracle                     1758.97 EUR  (   1.4 s)
  [Fluvius_HP 4 | Redni 1T | 20 kWh] price_rank_daily                 1571.07 EUR  (   1.4 s)
  [Fluvius_HP_EV 1 | Aktivni | 5 kWh] no_battery                       2204.80 EUR  (   1.4 s)
  [Fluvius_HP 4 | Redni 1T | 20 kWh] peak_shaving                     1568.68 EUR  (   1.4 s)
  [Fluvius_HP_EV 1 | Aktivni | 5 kWh] self_consumption                 2204.83 EUR  (   1.4 s)
  [Fluvius_HP 4 | Redni 1T | 20 kWh] self_consumption_peak_shaving    1569.02 EUR  (   1.4 s)
  [Fluvius_HP_EV 1 | Redni 1T | 5 kWh] no_battery                       1935.76 EUR  (   1.4 s)
  [Fluvius_HP_EV 1 | Aktivni | 5 kWh] fixed_schedule                   2297.58 EUR  (   1.4 s)
  [Fluvius_HP 4 | Redni 1T | 20 kWh] price_oracle                     1571.07 EUR  (   1.4 s)
  [Fluvius_HP_EV 1 | Redni 1T | 5 kWh] self_consumption                 1935.79 EUR  (   1.4 s)
  [Fluvius_HP_EV 1 | Aktivni | 5 kWh] delayed_pv_charge                2204.83 EUR  (   1.4 s)
  [Fluvius_HP_EV 1 | Redni 1T | 5 kWh] fixed_schedule                   1952.28 EUR  (   1.4 s)
  [Fluvius_HP_EV 1 | Aktivni | 5 kWh] price_threshold                  2048.10 EUR  (   1.4 s)
  [Fluvius_HP_EV 1 | Redni 1T | 5 kWh] delayed_pv_charge                1935.79 EUR  (   1.4 s)
  [Fluvius_HP 5 | Redni 2T | 10 kWh] milp_full_period                 1919.48 EUR  (  26.4 s)
  [Fluvius_HP_EV 1 | Aktivni | 5 kWh] price_rank_daily                 2070.42 EUR  (   1.4 s)
  [Fluvius_HP_EV 1 | Redni 1T | 5 kWh] price_threshold                  1935.79 EUR  (   1.4 s)
  [Fluvius_HP_EV 1 | Aktivni | 5 kWh] peak_shaving                     2203.32 EUR  (   1.4 s)
  [Fluvius_HP 5 | Redni 2T | 20 kWh] no_battery                       1952.58 EUR  (   1.4 s)
  [Fluvius_HP_EV 1 | Redni 1T | 5 kWh] price_rank_daily                 1935.79 EUR  (   1.4 s)
  [Fluvius_HP_EV 1 | Aktivni | 5 kWh] self_consumption_peak_shaving    2201.67 EUR  (   1.4 s)
  [Fluvius_HP 5 | Redni 2T | 20 kWh] self_consumption                 1952.85 EUR  (   1.4 s)
  [Fluvius_HP_EV 1 | Redni 1T | 5 kWh] peak_shaving                     1931.80 EUR  (   1.4 s)
  [Fluvius_HP_EV 1 | Aktivni | 5 kWh] price_oracle                     2048.20 EUR  (   1.4 s)
  [Fluvius_HP 5 | Redni 2T | 20 kWh] fixed_schedule                   1934.06 EUR  (   1.4 s)
  [Fluvius_HP_EV 1 | Redni 1T | 5 kWh] self_consumption_peak_shaving    1931.48 EUR  (   1.4 s)
  [Fluvius_HP 5 | Redni 2T | 20 kWh] delayed_pv_charge                1952.85 EUR  (   1.4 s)
  [Fluvius_HP_EV 1 | Redni 1T | 5 kWh] price_oracle                     1935.79 EUR  (   1.4 s)
  [Fluvius_HP 5 | Redni 2T | 20 kWh] price_threshold                  1927.19 EUR  (   1.4 s)
  [Fluvius_HP 5 | Redni 2T | 20 kWh] price_rank_daily                 1955.00 EUR  (   1.4 s)
  [Fluvius_HP 4 | Redni 2T | 30 kWh] milp_full_period                 1551.04 EUR  (  63.4 s)
[54/140] Fluvius_HP_user_004_redni2t.csv (40 rows)  (1535s elapsed)
  [Fluvius_HP 5 | Redni 2T | 20 kWh] peak_shaving                     1952.01 EUR  (   1.4 s)
  [Fluvius_HP 5 | Redni 2T | 20 kWh] self_consumption_peak_shaving    1952.52 EUR  (   1.4 s)
  [Fluvius_HP 5 | Redni 2T | 20 kWh] price_oracle                     1925.16 EUR  (   1.4 s)
  [Fluvius_HP_EV 1 | Redni 2T | 5 kWh] no_battery                       1955.68 EUR  (   1.4 s)
  [Fluvius_HP_EV 1 | Redni 2T | 5 kWh] self_consumption                 1955.75 EUR  (   1.4 s)
  [Fluvius_HP_EV 1 | Redni 2T | 5 kWh] fixed_schedule                   1942.38 EUR  (   1.4 s)
  [Fluvius_HP_EV 1 | Redni 2T | 5 kWh] delayed_pv_charge                1955.75 EUR  (   1.4 s)
  [Fluvius_HP 5 | Aktivni | 30 kWh] milp_full_period                 1510.30 EUR  (  28.5 s)
[55/140] Fluvius_HP_user_005_aktivni.csv (40 rows)  (1545s elapsed)
  [Fluvius_HP_EV 1 | Redni 2T | 5 kWh] price_threshold                  1940.06 EUR  (   1.4 s)
  [Fluvius_HP_EV 1 | Redni 2T | 5 kWh] price_rank_daily                 1947.37 EUR  (   1.4 s)
  [Fluvius_HP_EV 1 | Redni 2T | 5 kWh] peak_shaving                     1950.47 EUR  (   1.4 s)
  [Fluvius_HP_EV 1 | Redni 2T | 5 kWh] self_consumption_peak_shaving    1950.65 EUR  (   1.4 s)
  [Fluvius_HP_EV 2 | Dinamični | 5 kWh] no_battery                       3300.24 EUR  (   1.4 s)
  [Fluvius_HP_EV 1 | Redni 2T | 5 kWh] price_oracle                     1939.97 EUR  (   1.4 s)
  [Fluvius_HP_EV 2 | Dinamični | 5 kWh] self_consumption                 3300.54 EUR  (   1.4 s)
  [Fluvius_HP_EV 2 | Dinamični | 5 kWh] fixed_schedule                   3287.74 EUR  (   1.4 s)
  [Fluvius_HP_EV 2 | Dinamični | 5 kWh] delayed_pv_charge                3300.54 EUR  (   1.4 s)
  [Fluvius_HP_EV 1 | Dinamični | 5 kWh] milp_full_period                 1674.96 EUR  (  46.6 s)
  [Fluvius_HP_EV 2 | Dinamični | 5 kWh] price_threshold                  3255.47 EUR  (   1.4 s)
  [Fluvius_HP_EV 2 | Dinamični | 5 kWh] price_rank_daily                 3232.89 EUR  (   1.4 s)
  [Fluvius_HP_EV 1 | Aktivni | 5 kWh] milp_full_period                 2015.41 EUR  (  27.8 s)
  [Fluvius_HP_EV 1 | Dinamični | 10 kWh] no_battery                       1876.88 EUR  (   1.4 s)
  [Fluvius_HP_EV 2 | Dinamični | 5 kWh] peak_shaving                     3299.68 EUR  (   1.4 s)
  [Fluvius_HP_EV 1 | Dinamični | 10 kWh] self_consumption                 1877.47 EUR  (   1.4 s)
  [Fluvius_HP_EV 1 | Aktivni | 10 kWh] no_battery                       2204.80 EUR  (   1.4 s)
  [Fluvius_HP_EV 2 | Dinamični | 5 kWh] self_consumption_peak_shaving    3300.38 EUR  (   1.4 s)
  [Fluvius_HP_EV 1 | Dinamični | 10 kWh] fixed_schedule                   1820.77 EUR  (   1.4 s)
  [Fluvius_HP_EV 1 | Aktivni | 10 kWh] self_consumption                 2204.89 EUR  (   1.4 s)
  [Fluvius_HP_EV 2 | Dinamični | 5 kWh] price_oracle                     3247.69 EUR  (   1.4 s)
  [Fluvius_HP_EV 1 | Dinamični | 10 kWh] delayed_pv_charge                1877.47 EUR  (   1.4 s)
  [Fluvius_HP_EV 1 | Aktivni | 10 kWh] fixed_schedule                   2325.29 EUR  (   1.4 s)
  [Fluvius_HP_EV 1 | Dinamični | 10 kWh] price_threshold                  1771.34 EUR  (   1.4 s)
  [Fluvius_HP_EV 1 | Aktivni | 10 kWh] delayed_pv_charge                2204.89 EUR  (   1.4 s)
  [Fluvius_HP_EV 1 | Dinamični | 10 kWh] price_rank_daily                 1706.23 EUR  (   1.4 s)
  [Fluvius_HP_EV 1 | Redni 1T | 5 kWh] milp_full_period                 1922.64 EUR  (  33.1 s)
  [Fluvius_HP_EV 1 | Aktivni | 10 kWh] price_threshold                  1971.40 EUR  (   1.4 s)
  [Fluvius_HP_EV 1 | Dinamični | 10 kWh] peak_shaving                     1868.90 EUR  (   1.4 s)
  [Fluvius_HP_EV 1 | Aktivni | 10 kWh] price_rank_daily                 1981.32 EUR  (   1.4 s)
  [Fluvius_HP_EV 1 | Redni 1T | 10 kWh] no_battery                       1935.76 EUR  (   1.4 s)
  [Fluvius_HP_EV 1 | Dinamični | 10 kWh] self_consumption_peak_shaving    1869.65 EUR  (   1.4 s)
  [Fluvius_HP_EV 1 | Aktivni | 10 kWh] peak_shaving                     2204.68 EUR  (   1.4 s)
  [Fluvius_HP_EV 1 | Redni 1T | 10 kWh] self_consumption                 1935.83 EUR  (   1.4 s)
  [Fluvius_HP_EV 1 | Dinamični | 10 kWh] price_oracle                     1763.42 EUR  (   1.4 s)
  [Fluvius_HP 5 | Redni 2T | 20 kWh] milp_full_period                 1898.04 EUR  (  30.5 s)
  [Fluvius_HP_EV 1 | Aktivni | 10 kWh] self_consumption_peak_shaving    2202.94 EUR  (   1.4 s)
  [Fluvius_HP_EV 1 | Redni 1T | 10 kWh] fixed_schedule                   1972.45 EUR  (   1.4 s)
  [Fluvius_HP_EV 1 | Aktivni | 10 kWh] price_oracle                     1971.49 EUR  (   1.4 s)
  [Fluvius_HP 5 | Redni 2T | 30 kWh] no_battery                       1952.58 EUR  (   1.4 s)
  [Fluvius_HP_EV 1 | Redni 1T | 10 kWh] delayed_pv_charge                1935.83 EUR  (   1.4 s)
  [Fluvius_HP 5 | Redni 2T | 30 kWh] self_consumption                 1952.99 EUR  (   1.4 s)
  [Fluvius_HP_EV 1 | Redni 1T | 10 kWh] price_threshold                  1935.83 EUR  (   1.4 s)
  [Fluvius_HP 5 | Redni 2T | 30 kWh] fixed_schedule                   1934.00 EUR  (   1.4 s)
  [Fluvius_HP_EV 1 | Redni 1T | 10 kWh] price_rank_daily                 1935.83 EUR  (   1.4 s)
  [Fluvius_HP 5 | Redni 2T | 30 kWh] delayed_pv_charge                1952.99 EUR  (   1.4 s)
  [Fluvius_HP_EV 1 | Redni 1T | 10 kWh] peak_shaving                     1932.45 EUR  (   1.4 s)
  [Fluvius_HP 5 | Redni 2T | 30 kWh] price_threshold                  1919.64 EUR  (   1.4 s)
  [Fluvius_HP 5 | Redni 1T | 10 kWh] milp_full_period                 1905.49 EUR  (  87.2 s)
  [Fluvius_HP_EV 1 | Redni 1T | 10 kWh] self_consumption_peak_shaving    1931.11 EUR  (   1.4 s)
  [Fluvius_HP_EV 1 | Redni 2T | 5 kWh] milp_full_period                 1924.51 EUR  (  26.1 s)
  [Fluvius_HP 5 | Redni 2T | 30 kWh] price_rank_daily                 1944.04 EUR  (   1.4 s)
  [Fluvius_HP_EV 1 | Redni 1T | 10 kWh] price_oracle                     1935.83 EUR  (   1.4 s)
  [Fluvius_HP 5 | Redni 1T | 20 kWh] no_battery                       1906.20 EUR  (   1.4 s)
  [Fluvius_HP 5 | Redni 2T | 30 kWh] peak_shaving                     1952.09 EUR  (   1.4 s)
  [Fluvius_HP_EV 1 | Redni 2T | 10 kWh] no_battery                       1955.68 EUR  (   1.4 s)
  [Fluvius_HP 5 | Redni 1T | 20 kWh] self_consumption                 1906.35 EUR  (   1.4 s)
  [Fluvius_HP 5 | Redni 2T | 30 kWh] self_consumption_peak_shaving    1952.67 EUR  (   1.4 s)
  [Fluvius_HP_EV 1 | Redni 2T | 10 kWh] self_consumption                 1955.82 EUR  (   1.4 s)
  [Fluvius_HP 5 | Redni 1T | 20 kWh] fixed_schedule                   1974.60 EUR  (   1.4 s)
  [Fluvius_HP 5 | Redni 2T | 30 kWh] price_oracle                     1917.04 EUR  (   1.4 s)
  [Fluvius_HP_EV 1 | Redni 2T | 10 kWh] fixed_schedule                   1940.84 EUR  (   1.4 s)
  [Fluvius_HP 5 | Redni 1T | 20 kWh] delayed_pv_charge                1906.35 EUR  (   1.4 s)
  [Fluvius_HP_EV 1 | Redni 2T | 10 kWh] delayed_pv_charge                1955.82 EUR  (   1.4 s)
  [Fluvius_HP 5 | Redni 1T | 20 kWh] price_threshold                  1906.35 EUR  (   1.4 s)
  [Fluvius_HP_EV 1 | Redni 2T | 10 kWh] price_threshold                  1933.36 EUR  (   1.4 s)
  [Fluvius_HP 5 | Redni 1T | 20 kWh] price_rank_daily                 1906.35 EUR  (   1.4 s)
  [Fluvius_HP_EV 1 | Redni 2T | 10 kWh] price_rank_daily                 1944.16 EUR  (   1.4 s)
  [Fluvius_HP 5 | Redni 1T | 20 kWh] peak_shaving                     1906.74 EUR  (   1.4 s)
  [Fluvius_HP_EV 1 | Redni 2T | 10 kWh] peak_shaving                     1950.94 EUR  (   1.4 s)
  [Fluvius_HP 5 | Redni 1T | 20 kWh] self_consumption_peak_shaving    1907.06 EUR  (   1.4 s)
  [Fluvius_HP_EV 1 | Redni 2T | 10 kWh] self_consumption_peak_shaving    1949.79 EUR  (   1.4 s)
  [Fluvius_HP 5 | Redni 1T | 20 kWh] price_oracle                     1906.35 EUR  (   1.4 s)
  [Fluvius_HP_EV 1 | Redni 2T | 10 kWh] price_oracle                     1932.92 EUR  (   1.4 s)
  [Fluvius_HP 5 | Dinamični | 20 kWh] milp_full_period                 1327.37 EUR  (  92.5 s)
  [Fluvius_HP 5 | Dinamični | 30 kWh] no_battery                       1955.36 EUR  (   1.4 s)
  [Fluvius_HP 4 | Redni 1T | 20 kWh] milp_full_period                 1563.85 EUR  (  74.8 s)
  [Fluvius_HP_EV 1 | Aktivni | 10 kWh] milp_full_period                 1902.56 EUR  (  26.2 s)
  [Fluvius_HP 5 | Dinamični | 30 kWh] self_consumption                 1956.96 EUR  (   1.4 s)
  [Fluvius_HP 4 | Redni 1T | 30 kWh] no_battery                       1570.91 EUR  (   1.4 s)
  [Fluvius_HP 5 | Dinamični | 30 kWh] fixed_schedule                   1791.85 EUR  (   1.4 s)
  [Fluvius_HP_EV 1 | Aktivni | 20 kWh] no_battery                       2204.80 EUR  (   1.4 s)
  [Fluvius_HP 4 | Dinamični | 20 kWh] milp_full_period                 1060.34 EUR  (  91.5 s)
  [Fluvius_HP 4 | Redni 1T | 30 kWh] self_consumption                 1571.14 EUR  (   1.4 s)
  [Fluvius_HP 5 | Dinamični | 30 kWh] delayed_pv_charge                1956.96 EUR  (   1.4 s)
  [Fluvius_HP_EV 1 | Aktivni | 20 kWh] self_consumption                 2204.87 EUR  (   1.4 s)
  [Fluvius_HP 4 | Dinamični | 30 kWh] no_battery                       1654.53 EUR  (   1.4 s)
  [Fluvius_HP 4 | Redni 1T | 30 kWh] fixed_schedule                   1632.24 EUR  (   1.4 s)
  [Fluvius_HP 5 | Dinamični | 30 kWh] price_threshold                  1759.18 EUR  (   1.4 s)
  [Fluvius_HP_EV 1 | Aktivni | 20 kWh] fixed_schedule                   2354.62 EUR  (   1.4 s)
  [Fluvius_HP 4 | Dinamični | 30 kWh] self_consumption                 1656.35 EUR  (   1.4 s)
  [Fluvius_HP 4 | Redni 1T | 30 kWh] delayed_pv_charge                1571.14 EUR  (   1.4 s)
  [Fluvius_HP 5 | Dinamični | 30 kWh] price_rank_daily                 1672.27 EUR  (   1.4 s)
  [Fluvius_HP_EV 1 | Aktivni | 20 kWh] delayed_pv_charge                2204.87 EUR  (   1.4 s)
  [Fluvius_HP 4 | Dinamični | 30 kWh] fixed_schedule                   1579.82 EUR  (   1.4 s)
  [Fluvius_HP 4 | Redni 1T | 30 kWh] price_threshold                  1571.14 EUR  (   1.4 s)
  [Fluvius_HP 5 | Dinamični | 30 kWh] peak_shaving                     1951.32 EUR  (   1.4 s)
  [Fluvius_HP_EV 2 | Dinamični | 5 kWh] milp_full_period                 3103.99 EUR  (  43.1 s)
  [Fluvius_HP_EV 1 | Aktivni | 20 kWh] price_threshold                  1911.06 EUR  (   1.4 s)
  [Fluvius_HP 4 | Dinamični | 30 kWh] delayed_pv_charge                1656.35 EUR  (   1.4 s)
  [Fluvius_HP 4 | Redni 1T | 30 kWh] price_rank_daily                 1571.14 EUR  (   1.4 s)
  [Fluvius_HP 5 | Dinamični | 30 kWh] self_consumption_peak_shaving    1954.24 EUR  (   1.4 s)
  [Fluvius_HP_EV 1 | Aktivni | 20 kWh] price_rank_daily                 1917.80 EUR  (   1.4 s)
  [Fluvius_HP_EV 2 | Dinamični | 10 kWh] no_battery                       3300.24 EUR  (   1.4 s)
  [Fluvius_HP 4 | Dinamični | 30 kWh] price_threshold                  1445.24 EUR  (   1.4 s)
  [Fluvius_HP 4 | Redni 1T | 30 kWh] peak_shaving                     1568.68 EUR  (   1.4 s)
  [Fluvius_HP 5 | Dinamični | 30 kWh] price_oracle                     1715.35 EUR  (   1.4 s)
  [Fluvius_HP_EV 1 | Aktivni | 20 kWh] peak_shaving                     2207.24 EUR  (   1.4 s)
  [Fluvius_HP_EV 2 | Dinamični | 10 kWh] self_consumption                 3300.85 EUR  (   1.4 s)
  [Fluvius_HP_EV 1 | Redni 1T | 10 kWh] milp_full_period                 1921.46 EUR  (  29.9 s)
  [Fluvius_HP 4 | Dinamični | 30 kWh] price_rank_daily                 1481.92 EUR  (   1.4 s)
  [Fluvius_HP 4 | Redni 1T | 30 kWh] self_consumption_peak_shaving    1569.09 EUR  (   1.4 s)
  [Fluvius_HP_EV 1 | Aktivni | 20 kWh] self_consumption_peak_shaving    2206.14 EUR  (   1.4 s)
  [Fluvius_HP_EV 2 | Dinamični | 10 kWh] fixed_schedule                   3269.83 EUR  (   1.4 s)
  [Fluvius_HP 4 | Dinamični | 30 kWh] peak_shaving                     1650.22 EUR  (   1.4 s)
  [Fluvius_HP 4 | Redni 1T | 30 kWh] price_oracle                     1571.14 EUR  (   1.4 s)
  [Fluvius_HP_EV 1 | Redni 1T | 20 kWh] no_battery                       1935.76 EUR  (   1.4 s)
  [Fluvius_HP_EV 1 | Aktivni | 20 kWh] price_oracle                     1911.14 EUR  (   1.4 s)
  [Fluvius_HP_EV 2 | Dinamični | 10 kWh] delayed_pv_charge                3300.85 EUR  (   1.4 s)
  [Fluvius_HP 5 | Redni 2T | 30 kWh] milp_full_period                 1887.76 EUR  (  28.9 s)
[56/140] Fluvius_HP_user_005_redni2t.csv (40 rows)  (1610s elapsed)
  [Fluvius_HP 4 | Dinamični | 30 kWh] self_consumption_peak_shaving    1651.56 EUR  (   1.4 s)
  [Fluvius_HP_EV 1 | Redni 1T | 20 kWh] self_consumption                 1935.91 EUR  (   1.4 s)
  [Fluvius_HP_EV 2 | Dinamični | 10 kWh] price_threshold                  3228.79 EUR  (   1.4 s)
  [Fluvius_HP 4 | Dinamični | 30 kWh] price_oracle                     1406.15 EUR  (   1.4 s)
  [Fluvius_HP_EV 1 | Redni 1T | 20 kWh] fixed_schedule                   1999.55 EUR  (   1.4 s)
  [Fluvius_HP_EV 2 | Dinamični | 10 kWh] price_rank_daily                 3190.61 EUR  (   1.4 s)
  [Fluvius_HP_EV 1 | Redni 1T | 20 kWh] delayed_pv_charge                1935.91 EUR  (   1.4 s)
  [Fluvius_HP_EV 1 | Dinamični | 10 kWh] milp_full_period                 1533.51 EUR  (  45.8 s)
  [Fluvius_HP_EV 2 | Dinamični | 10 kWh] peak_shaving                     3298.34 EUR  (   1.4 s)
  [Fluvius_HP_EV 1 | Redni 2T | 10 kWh] milp_full_period                 1911.03 EUR  (  24.8 s)
  [Fluvius_HP_EV 2 | Aktivni | 5 kWh] no_battery                       3513.61 EUR  (   1.4 s)
  [Fluvius_HP_EV 1 | Redni 1T | 20 kWh] price_threshold                  1935.91 EUR  (   1.4 s)
  [Fluvius_HP_EV 2 | Dinamični | 10 kWh] self_consumption_peak_shaving    3301.63 EUR  (   1.4 s)
  [Fluvius_HP_EV 1 | Dinamični | 20 kWh] no_battery                       1876.88 EUR  (   1.4 s)
  [Fluvius_HP_EV 2 | Aktivni | 5 kWh] self_consumption                 3513.62 EUR  (   1.4 s)
  [Fluvius_HP_EV 1 | Redni 1T | 20 kWh] price_rank_daily                 1935.91 EUR  (   1.4 s)
  [Fluvius_HP_EV 1 | Redni 2T | 20 kWh] no_battery                       1955.68 EUR  (   1.4 s)
  [Fluvius_HP_EV 1 | Dinamični | 20 kWh] self_consumption                 1877.87 EUR  (   1.4 s)
  [Fluvius_HP_EV 2 | Dinamični | 10 kWh] price_oracle                     3213.77 EUR  (   1.4 s)
  [Fluvius_HP_EV 2 | Aktivni | 5 kWh] fixed_schedule                   3577.67 EUR  (   1.4 s)
  [Fluvius_HP_EV 1 | Redni 1T | 20 kWh] peak_shaving                     1934.57 EUR  (   1.4 s)
  [Fluvius_HP_EV 1 | Redni 2T | 20 kWh] self_consumption                 1955.96 EUR  (   1.4 s)
  [Fluvius_HP_EV 1 | Dinamični | 20 kWh] fixed_schedule                   1787.74 EUR  (   1.4 s)
  [Fluvius_HP_EV 2 | Aktivni | 5 kWh] delayed_pv_charge                3513.62 EUR  (   1.4 s)
  [Fluvius_HP_EV 1 | Redni 1T | 20 kWh] self_consumption_peak_shaving    1933.92 EUR  (   1.4 s)
  [Fluvius_HP_EV 1 | Redni 2T | 20 kWh] fixed_schedule                   1947.14 EUR  (   1.4 s)
  [Fluvius_HP_EV 1 | Dinamični | 20 kWh] delayed_pv_charge                1877.87 EUR  (   1.4 s)
  [Fluvius_HP_EV 2 | Aktivni | 5 kWh] price_threshold                  3394.24 EUR  (   1.4 s)
  [Fluvius_HP_EV 1 | Redni 1T | 20 kWh] price_oracle                     1935.91 EUR  (   1.4 s)
  [Fluvius_HP_EV 1 | Redni 2T | 20 kWh] delayed_pv_charge                1955.96 EUR  (   1.4 s)
  [Fluvius_HP_EV 1 | Dinamični | 20 kWh] price_threshold                  1741.25 EUR  (   1.4 s)
  [Fluvius_HP_EV 2 | Aktivni | 5 kWh] price_rank_daily                 3409.93 EUR  (   1.4 s)
  [Fluvius_HP_EV 1 | Redni 2T | 20 kWh] price_threshold                  1927.34 EUR  (   1.4 s)
  [Fluvius_HP_EV 1 | Dinamični | 20 kWh] price_rank_daily                 1653.73 EUR  (   1.4 s)
  [Fluvius_HP_EV 2 | Aktivni | 5 kWh] peak_shaving                     3515.77 EUR  (   1.4 s)
  [Fluvius_HP_EV 1 | Redni 2T | 20 kWh] price_rank_daily                 1947.99 EUR  (   1.4 s)
  [Fluvius_HP_EV 1 | Dinamični | 20 kWh] peak_shaving                     1869.32 EUR  (   1.4 s)
  [Fluvius_HP_EV 2 | Aktivni | 5 kWh] self_consumption_peak_shaving    3514.93 EUR  (   1.4 s)
  [Fluvius_HP_EV 1 | Redni 2T | 20 kWh] peak_shaving                     1952.97 EUR  (   1.4 s)
  [Fluvius_HP_EV 1 | Dinamični | 20 kWh] self_consumption_peak_shaving    1870.44 EUR  (   1.4 s)
  [Fluvius_HP_EV 2 | Aktivni | 5 kWh] price_oracle                     3394.10 EUR  (   1.4 s)
  [Fluvius_HP_EV 1 | Redni 2T | 20 kWh] self_consumption_peak_shaving    1952.37 EUR  (   1.4 s)
  [Fluvius_HP_EV 1 | Dinamični | 20 kWh] price_oracle                     1722.53 EUR  (   1.4 s)
  [Fluvius_HP_EV 1 | Redni 2T | 20 kWh] price_oracle                     1925.98 EUR  (   1.4 s)
  [Fluvius_HP_EV 1 | Aktivni | 20 kWh] milp_full_period                 1722.54 EUR  (  30.7 s)
  [Fluvius_HP_EV 1 | Aktivni | 30 kWh] no_battery                       2204.80 EUR  (   1.4 s)
  [Fluvius_HP_EV 1 | Aktivni | 30 kWh] self_consumption                 2204.90 EUR  (   1.4 s)
  [Fluvius_HP_EV 1 | Aktivni | 30 kWh] fixed_schedule                   2376.40 EUR  (   1.4 s)
  [Fluvius_HP_EV 1 | Aktivni | 30 kWh] delayed_pv_charge                2204.90 EUR  (   1.4 s)
  [Fluvius_HP_EV 1 | Aktivni | 30 kWh] price_threshold                  1871.09 EUR  (   1.4 s)
  [Fluvius_HP_EV 1 | Aktivni | 30 kWh] price_rank_daily                 1893.34 EUR  (   1.4 s)
  [Fluvius_HP_EV 1 | Aktivni | 30 kWh] peak_shaving                     2208.19 EUR  (   1.4 s)
  [Fluvius_HP_EV 1 | Aktivni | 30 kWh] self_consumption_peak_shaving    2208.57 EUR  (   1.4 s)
  [Fluvius_HP_EV 1 | Aktivni | 30 kWh] price_oracle                     1871.16 EUR  (   1.4 s)
  [Fluvius_HP_EV 2 | Aktivni | 5 kWh] milp_full_period                 3361.61 EUR  (  28.4 s)
  [Fluvius_HP_EV 1 | Redni 1T | 20 kWh] milp_full_period                 1921.40 EUR  (  35.7 s)
  [Fluvius_HP_EV 2 | Aktivni | 10 kWh] no_battery                       3513.61 EUR  (   1.4 s)
  [Fluvius_HP_EV 2 | Aktivni | 10 kWh] self_consumption                 3513.63 EUR  (   1.4 s)
  [Fluvius_HP_EV 1 | Redni 2T | 20 kWh] milp_full_period                 1898.59 EUR  (  30.3 s)
  [Fluvius_HP_EV 1 | Redni 1T | 30 kWh] no_battery                       1935.76 EUR  (   1.4 s)
  [Fluvius_HP_EV 2 | Aktivni | 10 kWh] fixed_schedule                   3610.84 EUR  (   1.4 s)
  [Fluvius_HP_EV 1 | Redni 1T | 30 kWh] self_consumption                 1935.99 EUR  (   1.4 s)
  [Fluvius_HP_EV 1 | Redni 2T | 30 kWh] no_battery                       1955.68 EUR  (   1.4 s)
  [Fluvius_HP_EV 2 | Aktivni | 10 kWh] delayed_pv_charge                3513.63 EUR  (   1.4 s)
  [Fluvius_HP_EV 1 | Redni 1T | 30 kWh] fixed_schedule                   2017.22 EUR  (   1.4 s)
  [Fluvius_HP_EV 1 | Redni 2T | 30 kWh] self_consumption                 1956.10 EUR  (   1.4 s)
  [Fluvius_HP_EV 2 | Aktivni | 10 kWh] price_threshold                  3332.74 EUR  (   1.4 s)
  [Fluvius_HP_EV 1 | Redni 1T | 30 kWh] delayed_pv_charge                1935.99 EUR  (   1.4 s)
  [Fluvius_HP_EV 1 | Redni 2T | 30 kWh] fixed_schedule                   1957.13 EUR  (   1.4 s)
  [Fluvius_HP_EV 2 | Aktivni | 10 kWh] price_rank_daily                 3356.49 EUR  (   1.4 s)
  [Fluvius_HP_EV 1 | Redni 1T | 30 kWh] price_threshold                  1935.99 EUR  (   1.4 s)
  [Fluvius_HP_EV 1 | Redni 2T | 30 kWh] delayed_pv_charge                1956.10 EUR  (   1.4 s)
  [Fluvius_HP_EV 2 | Aktivni | 10 kWh] peak_shaving                     3517.94 EUR  (   1.4 s)
  [Fluvius_HP_EV 1 | Redni 1T | 30 kWh] price_rank_daily                 1935.99 EUR  (   1.4 s)
  [Fluvius_HP_EV 1 | Redni 2T | 30 kWh] price_threshold                  1925.05 EUR  (   1.4 s)
  [Fluvius_HP_EV 2 | Aktivni | 10 kWh] self_consumption_peak_shaving    3516.67 EUR  (   1.4 s)
  [Fluvius_HP_EV 1 | Redni 1T | 30 kWh] peak_shaving                     1935.33 EUR  (   1.4 s)
  [Fluvius_HP_EV 1 | Redni 2T | 30 kWh] price_rank_daily                 1947.57 EUR  (   1.4 s)
  [Fluvius_HP_EV 2 | Aktivni | 10 kWh] price_oracle                     3332.60 EUR  (   1.4 s)
  [Fluvius_HP_EV 1 | Redni 1T | 30 kWh] self_consumption_peak_shaving    1935.68 EUR  (   1.4 s)
  [Fluvius_HP_EV 1 | Redni 2T | 30 kWh] peak_shaving                     1953.74 EUR  (   1.4 s)
  [Fluvius_HP_EV 1 | Redni 1T | 30 kWh] price_oracle                     1935.99 EUR  (   1.4 s)
  [Fluvius_HP_EV 1 | Redni 2T | 30 kWh] self_consumption_peak_shaving    1954.06 EUR  (   1.4 s)
  [Fluvius_HP_EV 2 | Dinamični | 10 kWh] milp_full_period                 2940.90 EUR  (  53.8 s)
  [Fluvius_HP_EV 1 | Redni 2T | 30 kWh] price_oracle                     1923.58 EUR  (   1.4 s)
  [Fluvius_HP_EV 2 | Dinamični | 20 kWh] no_battery                       3300.24 EUR  (   1.4 s)
  [Fluvius_HP_EV 2 | Dinamični | 20 kWh] self_consumption                 3301.46 EUR  (   1.4 s)
  [Fluvius_HP_EV 2 | Dinamični | 20 kWh] fixed_schedule                   3238.52 EUR  (   1.4 s)
  [Fluvius_HP 5 | Dinamični | 30 kWh] milp_full_period                 1161.80 EUR  (  69.3 s)
[57/140] Fluvius_HP_user_005.csv (40 rows)  (1676s elapsed)
  [Fluvius_HP_EV 2 | Dinamični | 20 kWh] delayed_pv_charge                3301.46 EUR  (   1.4 s)
  [Fluvius_HP_EV 2 | Dinamični | 20 kWh] price_threshold                  3179.34 EUR  (   1.4 s)
  [Fluvius_HP_EV 2 | Dinamični | 20 kWh] price_rank_daily                 3125.91 EUR  (   1.4 s)
  [Fluvius_HP_EV 2 | Redni 1T | 5 kWh] no_battery                       3179.44 EUR  (   1.4 s)
  [Fluvius_HP_EV 2 | Dinamični | 20 kWh] peak_shaving                     3299.40 EUR  (   1.4 s)
  [Fluvius_HP_EV 2 | Redni 1T | 5 kWh] self_consumption                 3179.48 EUR  (   1.4 s)
  [Fluvius_HP_EV 2 | Dinamični | 20 kWh] self_consumption_peak_shaving    3301.94 EUR  (   1.4 s)
  [Fluvius_HP_EV 2 | Redni 1T | 5 kWh] fixed_schedule                   3201.58 EUR  (   1.4 s)
  [Fluvius_HP_EV 2 | Dinamični | 20 kWh] price_oracle                     3156.58 EUR  (   1.4 s)
  [Fluvius_HP_EV 1 | Aktivni | 30 kWh] milp_full_period                 1556.09 EUR  (  30.7 s)
[58/140] Fluvius_HP_EV_user_001_aktivni.csv (40 rows)  (1685s elapsed)
  [Fluvius_HP_EV 2 | Redni 1T | 5 kWh] delayed_pv_charge                3179.48 EUR  (   1.4 s)
  [Fluvius_HP_EV 2 | Redni 1T | 5 kWh] price_threshold                  3179.48 EUR  (   1.4 s)
  [Fluvius_HP_EV 2 | Redni 1T | 5 kWh] price_rank_daily                 3179.48 EUR  (   1.4 s)
  [Fluvius_HP_EV 2 | Redni 2T | 5 kWh] no_battery                       3299.32 EUR  (   1.4 s)
  [Fluvius_HP_EV 2 | Redni 1T | 5 kWh] peak_shaving                     3179.39 EUR  (   1.4 s)
  [Fluvius_HP_EV 2 | Redni 2T | 5 kWh] self_consumption                 3299.39 EUR  (   1.4 s)
  [Fluvius_HP_EV 2 | Redni 1T | 5 kWh] self_consumption_peak_shaving    3179.32 EUR  (   1.4 s)
  [Fluvius_HP_EV 2 | Redni 2T | 5 kWh] fixed_schedule                   3296.85 EUR  (   1.4 s)
  [Fluvius_HP_EV 2 | Redni 1T | 5 kWh] price_oracle                     3179.48 EUR  (   1.4 s)
  [Fluvius_HP_EV 2 | Redni 2T | 5 kWh] delayed_pv_charge                3299.39 EUR  (   1.4 s)
  [Fluvius_HP 4 | Redni 1T | 30 kWh] milp_full_period                 1563.85 EUR  (  84.9 s)
[59/140] Fluvius_HP_user_004_redni1t.csv (40 rows)  (1694s elapsed)
  [Fluvius_HP_EV 2 | Redni 2T | 5 kWh] price_threshold                  3291.43 EUR  (   1.4 s)
  [Fluvius_HP_EV 2 | Redni 2T | 5 kWh] price_rank_daily                 3298.23 EUR  (   1.4 s)
  [Fluvius_HP_EV 2 | Aktivni | 10 kWh] milp_full_period                 3253.07 EUR  (  28.9 s)
  [Fluvius_HP_EV 2 | Redni 2T | 5 kWh] peak_shaving                     3298.32 EUR  (   1.4 s)
  [Fluvius_HP_EV 2 | Aktivni | 20 kWh] no_battery                       3513.61 EUR  (   1.4 s)
  [Fluvius_HP_EV 3 | Dinamični | 5 kWh] no_battery                       2077.60 EUR  (   1.4 s)
  [Fluvius_HP_EV 2 | Redni 2T | 5 kWh] self_consumption_peak_shaving    3298.61 EUR  (   1.4 s)
  [Fluvius_HP_EV 3 | Dinamični | 5 kWh] self_consumption                 2077.90 EUR  (   1.4 s)
  [Fluvius_HP_EV 2 | Aktivni | 20 kWh] self_consumption                 3513.66 EUR  (   1.4 s)
  [Fluvius_HP_EV 2 | Redni 2T | 5 kWh] price_oracle                     3291.35 EUR  (   1.4 s)
  [Fluvius_HP_EV 1 | Redni 2T | 30 kWh] milp_full_period                 1893.08 EUR  (  29.1 s)
[60/140] Fluvius_HP_EV_user_001_redni2t.csv (40 rows)  (1701s elapsed)
  [Fluvius_HP_EV 1 | Dinamični | 20 kWh] milp_full_period                 1289.54 EUR  (  74.1 s)
  [Fluvius_HP_EV 3 | Dinamični | 5 kWh] fixed_schedule                   2078.09 EUR  (   1.4 s)
  [Fluvius_HP_EV 2 | Aktivni | 20 kWh] fixed_schedule                   3669.40 EUR  (   1.4 s)
  [Fluvius_HP 4 | Dinamični | 30 kWh] milp_full_period                  906.30 EUR  (  90.2 s)
[61/140] Fluvius_HP_user_004.csv (40 rows)  (1702s elapsed)
  [Fluvius_HP_EV 3 | Dinamični | 5 kWh] delayed_pv_charge                2077.90 EUR  (   1.4 s)
  [Fluvius_HP_EV 2 | Aktivni | 20 kWh] delayed_pv_charge                3513.66 EUR  (   1.4 s)
  [Fluvius_HP_EV 1 | Dinamični | 30 kWh] no_battery                       1876.88 EUR  (   1.4 s)
  [Fluvius_HP_EV 1 | Redni 1T | 30 kWh] milp_full_period                 1921.37 EUR  (  33.7 s)
[62/140] Fluvius_HP_EV_user_001_redni1t.csv (40 rows)  (1704s elapsed)
  [Fluvius_HP_EV 3 | Dinamični | 5 kWh] price_threshold                  2015.87 EUR  (   1.4 s)
  [Fluvius_HP_EV 2 | Aktivni | 20 kWh] price_threshold                  3236.63 EUR  (   1.4 s)
  [Fluvius_HP_EV 1 | Dinamični | 30 kWh] self_consumption                 1878.27 EUR  (   1.4 s)
  [Fluvius_HP_EV 3 | Aktivni | 5 kWh] no_battery                       2239.14 EUR  (   1.4 s)
  [Fluvius_HP_EV 3 | Dinamični | 5 kWh] price_rank_daily                 1995.60 EUR  (   1.4 s)
  [Fluvius_HP_EV 2 | Aktivni | 20 kWh] price_rank_daily                 3290.80 EUR  (   1.4 s)
  [Fluvius_HP_EV 1 | Dinamični | 30 kWh] fixed_schedule                   1776.84 EUR  (   1.4 s)
  [Fluvius_HP_EV 3 | Aktivni | 5 kWh] self_consumption                 2239.15 EUR  (   1.4 s)
  [Fluvius_HP_EV 3 | Redni 1T | 5 kWh] no_battery                       2029.31 EUR  (   1.4 s)
  [Fluvius_HP_EV 3 | Dinamični | 5 kWh] peak_shaving                     2071.91 EUR  (   1.4 s)
  [Fluvius_HP_EV 2 | Aktivni | 20 kWh] peak_shaving                     3518.71 EUR  (   1.4 s)
  [Fluvius_HP_EV 1 | Dinamični | 30 kWh] delayed_pv_charge                1878.27 EUR  (   1.4 s)
  [Fluvius_HP 5 | Redni 1T | 20 kWh] milp_full_period                 1905.49 EUR  ( 118.6 s)
  [Fluvius_HP_EV 3 | Aktivni | 5 kWh] fixed_schedule                   2329.76 EUR  (   1.4 s)
  [Fluvius_HP_EV 3 | Redni 1T | 5 kWh] self_consumption                 2029.35 EUR  (   1.4 s)
  [Fluvius_HP_EV 3 | Redni 2T | 5 kWh] no_battery                       2083.85 EUR  (   1.4 s)
  [Fluvius_HP_EV 3 | Dinamični | 5 kWh] self_consumption_peak_shaving    2078.02 EUR  (   1.4 s)
  [Fluvius_HP_EV 2 | Aktivni | 20 kWh] self_consumption_peak_shaving    3518.62 EUR  (   1.4 s)
  [Fluvius_HP_EV 1 | Dinamični | 30 kWh] price_threshold                  1719.84 EUR  (   1.4 s)
  [Fluvius_HP 5 | Redni 1T | 30 kWh] no_battery                       1906.20 EUR  (   1.4 s)
  [Fluvius_HP_EV 3 | Aktivni | 5 kWh] delayed_pv_charge                2239.15 EUR  (   1.4 s)
  [Fluvius_HP_EV 3 | Redni 1T | 5 kWh] fixed_schedule                   2052.96 EUR  (   1.4 s)
  [Fluvius_HP_EV 3 | Redni 2T | 5 kWh] self_consumption                 2083.92 EUR  (   1.4 s)
  [Fluvius_HP_EV 3 | Dinamični | 5 kWh] price_oracle                     2006.18 EUR  (   1.4 s)
  [Fluvius_HP_EV 2 | Aktivni | 20 kWh] price_oracle                     3236.51 EUR  (   1.4 s)
  [Fluvius_HP_EV 1 | Dinamični | 30 kWh] price_rank_daily                 1637.60 EUR  (   1.4 s)
  [Fluvius_HP 5 | Redni 1T | 30 kWh] self_consumption                 1906.42 EUR  (   1.4 s)
  [Fluvius_HP_EV 3 | Aktivni | 5 kWh] price_threshold                  2074.09 EUR  (   1.4 s)
  [Fluvius_HP_EV 3 | Redni 1T | 5 kWh] delayed_pv_charge                2029.35 EUR  (   1.4 s)
  [Fluvius_HP_EV 3 | Redni 2T | 5 kWh] fixed_schedule                   2080.41 EUR  (   1.4 s)
  [Fluvius_HP_EV 1 | Dinamični | 30 kWh] peak_shaving                     1870.12 EUR  (   1.4 s)
  [Fluvius_HP 5 | Redni 1T | 30 kWh] fixed_schedule                   1988.53 EUR  (   1.4 s)
  [Fluvius_HP_EV 3 | Aktivni | 5 kWh] price_rank_daily                 2104.23 EUR  (   1.4 s)
  [Fluvius_HP_EV 3 | Redni 1T | 5 kWh] price_threshold                  2029.35 EUR  (   1.4 s)
  [Fluvius_HP_EV 3 | Redni 2T | 5 kWh] delayed_pv_charge                2083.92 EUR  (   1.4 s)
  [Fluvius_HP_EV 1 | Dinamični | 30 kWh] self_consumption_peak_shaving    1870.98 EUR  (   1.4 s)
  [Fluvius_HP 5 | Redni 1T | 30 kWh] delayed_pv_charge                1906.42 EUR  (   1.4 s)
  [Fluvius_HP_EV 3 | Aktivni | 5 kWh] peak_shaving                     2239.79 EUR  (   1.4 s)
  [Fluvius_HP_EV 3 | Redni 1T | 5 kWh] price_rank_daily                 2029.35 EUR  (   1.4 s)
  [Fluvius_HP_EV 3 | Redni 2T | 5 kWh] price_threshold                  2075.70 EUR  (   1.4 s)
  [Fluvius_HP_EV 1 | Dinamični | 30 kWh] price_oracle                     1694.36 EUR  (   1.4 s)
  [Fluvius_HP 5 | Redni 1T | 30 kWh] price_threshold                  1906.42 EUR  (   1.4 s)
  [Fluvius_HP_EV 3 | Aktivni | 5 kWh] self_consumption_peak_shaving    2242.79 EUR  (   1.4 s)
  [Fluvius_HP_EV 3 | Redni 1T | 5 kWh] peak_shaving                     2023.98 EUR  (   1.4 s)
  [Fluvius_HP_EV 3 | Redni 2T | 5 kWh] price_rank_daily                 2089.92 EUR  (   1.4 s)
  [Fluvius_HP 5 | Redni 1T | 30 kWh] price_rank_daily                 1906.42 EUR  (   1.4 s)
  [Fluvius_HP_EV 3 | Aktivni | 5 kWh] price_oracle                     2073.79 EUR  (   1.4 s)
  [Fluvius_HP_EV 3 | Redni 1T | 5 kWh] self_consumption_peak_shaving    2029.51 EUR  (   1.4 s)
  [Fluvius_HP_EV 3 | Redni 2T | 5 kWh] peak_shaving                     2076.75 EUR  (   1.4 s)
  [Fluvius_HP 5 | Redni 1T | 30 kWh] peak_shaving                     1906.75 EUR  (   1.4 s)
  [Fluvius_HP_EV 3 | Redni 1T | 5 kWh] price_oracle                     2029.35 EUR  (   1.4 s)
  [Fluvius_HP_EV 3 | Redni 2T | 5 kWh] self_consumption_peak_shaving    2083.04 EUR  (   1.4 s)
  [Fluvius_HP 5 | Redni 1T | 30 kWh] self_consumption_peak_shaving    1907.17 EUR  (   1.4 s)
  [Fluvius_HP_EV 3 | Redni 2T | 5 kWh] price_oracle                     2075.41 EUR  (   1.4 s)
  [Fluvius_HP 5 | Redni 1T | 30 kWh] price_oracle                     1906.42 EUR  (   1.4 s)
  [Fluvius_HP_EV 2 | Redni 2T | 5 kWh] milp_full_period                 3270.25 EUR  (  25.8 s)
  [Fluvius_HP_EV 2 | Redni 2T | 10 kWh] no_battery                       3299.32 EUR  (   1.4 s)
  [Fluvius_HP_EV 2 | Redni 2T | 10 kWh] self_consumption                 3299.46 EUR  (   1.4 s)
  [Fluvius_HP_EV 2 | Redni 2T | 10 kWh] fixed_schedule                   3295.49 EUR  (   1.5 s)
  [Fluvius_HP_EV 2 | Redni 2T | 10 kWh] delayed_pv_charge                3299.46 EUR  (   1.5 s)
  [Fluvius_HP_EV 2 | Redni 2T | 10 kWh] price_threshold                  3284.86 EUR  (   1.4 s)
  [Fluvius_HP_EV 2 | Redni 2T | 10 kWh] price_rank_daily                 3295.21 EUR  (   1.4 s)
  [Fluvius_HP_EV 2 | Redni 2T | 10 kWh] peak_shaving                     3298.25 EUR  (   1.4 s)
  [Fluvius_HP_EV 2 | Redni 2T | 10 kWh] self_consumption_peak_shaving    3299.09 EUR  (   1.4 s)
  [Fluvius_HP_EV 2 | Redni 2T | 10 kWh] price_oracle                     3284.48 EUR  (   1.4 s)
  [Fluvius_HP_EV 2 | Aktivni | 20 kWh] milp_full_period                 3058.51 EUR  (  30.3 s)
  [Fluvius_HP_EV 2 | Dinamični | 20 kWh] milp_full_period                 2635.26 EUR  (  58.2 s)
  [Fluvius_HP_EV 2 | Aktivni | 30 kWh] no_battery                       3513.61 EUR  (   1.4 s)
  [Fluvius_HP_EV 2 | Aktivni | 30 kWh] self_consumption                 3513.69 EUR  (   1.4 s)
  [Fluvius_HP_EV 3 | Aktivni | 5 kWh] milp_full_period                 2041.14 EUR  (  27.4 s)
  [Fluvius_HP_EV 2 | Dinamični | 30 kWh] no_battery                       3300.24 EUR  (   1.4 s)
  [Fluvius_HP_EV 2 | Aktivni | 30 kWh] fixed_schedule                   3735.45 EUR  (   1.4 s)
  [Fluvius_HP_EV 2 | Dinamični | 30 kWh] self_consumption                 3302.07 EUR  (   1.4 s)
  [Fluvius_HP_EV 3 | Aktivni | 10 kWh] no_battery                       2239.14 EUR  (   1.4 s)
  [Fluvius_HP_EV 3 | Redni 2T | 5 kWh] milp_full_period                 2055.93 EUR  (  26.8 s)
  [Fluvius_HP_EV 2 | Aktivni | 30 kWh] delayed_pv_charge                3513.69 EUR  (   1.4 s)
  [Fluvius_HP_EV 2 | Dinamični | 30 kWh] fixed_schedule                   3189.75 EUR  (   1.4 s)
  [Fluvius_HP_EV 3 | Aktivni | 10 kWh] self_consumption                 2239.17 EUR  (   1.4 s)
  [Fluvius_HP_EV 2 | Redni 1T | 5 kWh] milp_full_period                 3166.81 EUR  (  55.9 s)
  [Fluvius_HP_EV 2 | Aktivni | 30 kWh] price_threshold                  3166.12 EUR  (   1.4 s)
  [Fluvius_HP_EV 3 | Redni 2T | 10 kWh] no_battery                       2083.85 EUR  (   1.4 s)
  [Fluvius_HP_EV 2 | Dinamični | 30 kWh] delayed_pv_charge                3302.07 EUR  (   1.4 s)
  [Fluvius_HP_EV 3 | Aktivni | 10 kWh] fixed_schedule                   2395.92 EUR  (   1.4 s)
  [Fluvius_HP_EV 2 | Aktivni | 30 kWh] price_rank_daily                 3229.67 EUR  (   1.4 s)
  [Fluvius_HP_EV 3 | Redni 2T | 10 kWh] self_consumption                 2083.99 EUR  (   1.4 s)
  [Fluvius_HP_EV 2 | Dinamični | 30 kWh] price_threshold                  3136.43 EUR  (   1.4 s)
  [Fluvius_HP_EV 2 | Redni 1T | 10 kWh] no_battery                       3179.44 EUR  (   1.4 s)
  [Fluvius_HP_EV 3 | Aktivni | 10 kWh] delayed_pv_charge                2239.17 EUR  (   1.4 s)
  [Fluvius_HP_EV 2 | Aktivni | 30 kWh] peak_shaving                     3519.65 EUR  (   1.4 s)
  [Fluvius_HP_EV 3 | Redni 2T | 10 kWh] fixed_schedule                   2074.84 EUR  (   1.4 s)
  [Fluvius_HP_EV 2 | Dinamični | 30 kWh] price_rank_daily                 3062.10 EUR  (   1.4 s)
  [Fluvius_HP_EV 2 | Redni 1T | 10 kWh] self_consumption                 3179.52 EUR  (   1.4 s)
  [Fluvius_HP_EV 3 | Aktivni | 10 kWh] price_threshold                  1965.78 EUR  (   1.4 s)
  [Fluvius_HP_EV 2 | Aktivni | 30 kWh] self_consumption_peak_shaving    3519.35 EUR  (   1.4 s)
  [Fluvius_HP_EV 3 | Dinamični | 5 kWh] milp_full_period                 1864.55 EUR  (  42.4 s)
  [Fluvius_HP_EV 3 | Redni 2T | 10 kWh] delayed_pv_charge                2083.99 EUR  (   1.4 s)
  [Fluvius_HP_EV 2 | Dinamični | 30 kWh] peak_shaving                     3300.32 EUR  (   1.4 s)
  [Fluvius_HP_EV 2 | Redni 1T | 10 kWh] fixed_schedule                   3218.14 EUR  (   1.4 s)
  [Fluvius_HP_EV 3 | Aktivni | 10 kWh] price_rank_daily                 1987.90 EUR  (   1.4 s)
  [Fluvius_HP_EV 2 | Aktivni | 30 kWh] price_oracle                     3165.95 EUR  (   1.4 s)
  [Fluvius_HP_EV 3 | Redni 2T | 10 kWh] price_threshold                  2067.36 EUR  (   1.4 s)
  [Fluvius_HP_EV 2 | Redni 1T | 10 kWh] delayed_pv_charge                3179.52 EUR  (   1.4 s)
  [Fluvius_HP_EV 2 | Dinamični | 30 kWh] self_consumption_peak_shaving    3302.15 EUR  (   1.4 s)
  [Fluvius_HP_EV 3 | Dinamični | 10 kWh] no_battery                       2077.60 EUR  (   1.4 s)
  [Fluvius_HP_EV 3 | Aktivni | 10 kWh] peak_shaving                     2251.00 EUR  (   1.4 s)
  [Fluvius_HP_EV 3 | Redni 2T | 10 kWh] price_rank_daily                 2082.75 EUR  (   1.4 s)
  [Fluvius_HP_EV 2 | Redni 1T | 10 kWh] price_threshold                  3179.52 EUR  (   1.4 s)
  [Fluvius_HP_EV 2 | Dinamični | 30 kWh] price_oracle                     3103.51 EUR  (   1.4 s)
  [Fluvius_HP_EV 3 | Dinamični | 10 kWh] self_consumption                 2078.21 EUR  (   1.4 s)
  [Fluvius_HP_EV 3 | Aktivni | 10 kWh] self_consumption_peak_shaving    2247.45 EUR  (   1.4 s)
  [Fluvius_HP_EV 3 | Redni 2T | 10 kWh] peak_shaving                     2080.96 EUR  (   1.4 s)
  [Fluvius_HP_EV 2 | Redni 1T | 10 kWh] price_rank_daily                 3179.52 EUR  (   1.4 s)
  [Fluvius_HP_EV 3 | Dinamični | 10 kWh] fixed_schedule                   2050.14 EUR  (   1.4 s)
  [Fluvius_HP_EV 3 | Aktivni | 10 kWh] price_oracle                     1965.40 EUR  (   1.4 s)
  [Fluvius_HP_EV 3 | Redni 2T | 10 kWh] self_consumption_peak_shaving    2083.23 EUR  (   1.4 s)
  [Fluvius_HP_EV 2 | Redni 1T | 10 kWh] peak_shaving                     3180.04 EUR  (   1.4 s)
  [Fluvius_HP_EV 3 | Dinamični | 10 kWh] delayed_pv_charge                2078.21 EUR  (   1.4 s)
  [Fluvius_HP_EV 3 | Redni 2T | 10 kWh] price_oracle                     2066.70 EUR  (   1.4 s)
  [Fluvius_HP_EV 2 | Redni 1T | 10 kWh] self_consumption_peak_shaving    3180.08 EUR  (   1.4 s)
  [Fluvius_HP_EV 3 | Dinamični | 10 kWh] price_threshold                  1983.89 EUR  (   1.4 s)
  [Fluvius_HP_EV 2 | Redni 1T | 10 kWh] price_oracle                     3179.52 EUR  (   1.4 s)
  [Fluvius_HP_EV 3 | Dinamični | 10 kWh] price_rank_daily                 1920.62 EUR  (   1.4 s)
  [Fluvius_HP_EV 3 | Dinamični | 10 kWh] peak_shaving                     2076.52 EUR  (   1.4 s)
  [Fluvius_HP_EV 3 | Dinamični | 10 kWh] self_consumption_peak_shaving    2079.05 EUR  (   1.4 s)
  [Fluvius_HP_EV 3 | Dinamični | 10 kWh] price_oracle                     1967.88 EUR  (   1.4 s)
  [Fluvius_HP_EV 2 | Redni 2T | 10 kWh] milp_full_period                 3252.42 EUR  (  27.0 s)
  [Fluvius_HP_EV 2 | Redni 2T | 20 kWh] no_battery                       3299.32 EUR  (   1.4 s)
  [Fluvius_HP_EV 2 | Redni 2T | 20 kWh] self_consumption                 3299.60 EUR  (   1.4 s)
  [Fluvius_HP_EV 2 | Redni 2T | 20 kWh] fixed_schedule                   3292.73 EUR  (   1.4 s)
  [Fluvius_HP_EV 2 | Redni 2T | 20 kWh] delayed_pv_charge                3299.60 EUR  (   1.4 s)
  [Fluvius_HP_EV 3 | Redni 1T | 5 kWh] milp_full_period                 2020.22 EUR  (  54.9 s)
  [Fluvius_HP_EV 2 | Redni 2T | 20 kWh] price_threshold                  3272.11 EUR  (   1.4 s)
  [Fluvius_HP_EV 3 | Redni 1T | 10 kWh] no_battery                       2029.31 EUR  (   1.4 s)
  [Fluvius_HP_EV 2 | Redni 2T | 20 kWh] price_rank_daily                 3289.62 EUR  (   1.4 s)
  [Fluvius_HP_EV 3 | Redni 1T | 10 kWh] self_consumption                 2029.39 EUR  (   1.4 s)
  [Fluvius_HP_EV 2 | Redni 2T | 20 kWh] peak_shaving                     3298.30 EUR  (   1.4 s)
  [Fluvius_HP_EV 3 | Redni 1T | 10 kWh] fixed_schedule                   2074.68 EUR  (   1.4 s)
  [Fluvius_HP_EV 2 | Redni 2T | 20 kWh] self_consumption_peak_shaving    3299.19 EUR  (   1.5 s)
  [Fluvius_HP_EV 3 | Redni 1T | 10 kWh] delayed_pv_charge                2029.39 EUR  (   1.4 s)
  [Fluvius_HP_EV 2 | Redni 2T | 20 kWh] price_oracle                     3271.19 EUR  (   1.4 s)
  [Fluvius_HP_EV 3 | Redni 1T | 10 kWh] price_threshold                  2029.39 EUR  (   1.4 s)
  [Fluvius_HP_EV 3 | Redni 1T | 10 kWh] price_rank_daily                 2029.39 EUR  (   1.4 s)
  [Fluvius_HP_EV 3 | Redni 1T | 10 kWh] peak_shaving                     2029.51 EUR  (   1.4 s)
  [Fluvius_HP_EV 3 | Redni 1T | 10 kWh] self_consumption_peak_shaving    2030.50 EUR  (   1.4 s)
  [Fluvius_HP_EV 3 | Aktivni | 10 kWh] milp_full_period                 1910.80 EUR  (  27.9 s)
  [Fluvius_HP_EV 2 | Aktivni | 30 kWh] milp_full_period                 2880.68 EUR  (  32.3 s)
[63/140] Fluvius_HP_EV_user_002_aktivni.csv (40 rows)  (1786s elapsed)
  [Fluvius_HP_EV 3 | Redni 2T | 10 kWh] milp_full_period                 2034.43 EUR  (  26.5 s)
  [Fluvius_HP_EV 3 | Redni 1T | 10 kWh] price_oracle                     2029.39 EUR  (   1.4 s)
  [Fluvius_HP_EV 3 | Aktivni | 20 kWh] no_battery                       2239.14 EUR  (   1.4 s)
  [Fluvius_HP_EV 3 | Redni 2T | 20 kWh] no_battery                       2083.85 EUR  (   1.4 s)
  [Fluvius_HP_EV 3 | Aktivni | 20 kWh] self_consumption                 2239.23 EUR  (   1.4 s)
  [Fluvius_HP_EV 3 | Redni 2T | 20 kWh] self_consumption                 2084.13 EUR  (   1.4 s)
  [Fluvius_HP_EV 3 | Aktivni | 20 kWh] fixed_schedule                   2440.56 EUR  (   1.4 s)
  [Fluvius_HP_EV 4 | Dinamični | 5 kWh] no_battery                       1182.42 EUR  (   1.4 s)
  [Fluvius_HP_EV 3 | Redni 2T | 20 kWh] fixed_schedule                   2069.68 EUR  (   1.4 s)
  [Fluvius_HP_EV 1 | Dinamični | 30 kWh] milp_full_period                 1135.74 EUR  (  76.9 s)
[64/140] Fluvius_HP_EV_user_001.csv (40 rows)  (1792s elapsed)
  [Fluvius_HP_EV 3 | Aktivni | 20 kWh] delayed_pv_charge                2239.23 EUR  (   1.4 s)
  [Fluvius_HP_EV 4 | Dinamični | 5 kWh] self_consumption                 1182.72 EUR  (   1.4 s)
  [Fluvius_HP_EV 3 | Redni 2T | 20 kWh] delayed_pv_charge                2084.13 EUR  (   1.4 s)
  [Fluvius_HP_EV 3 | Aktivni | 20 kWh] price_threshold                  1899.36 EUR  (   1.4 s)
  [Fluvius_HP_EV 4 | Dinamični | 5 kWh] fixed_schedule                   1151.06 EUR  (   1.4 s)
  [Fluvius_HP_EV 3 | Redni 2T | 20 kWh] price_threshold                  2055.50 EUR  (   1.4 s)
  [Fluvius_HP_EV 3 | Aktivni | 20 kWh] price_rank_daily                 1915.19 EUR  (   1.4 s)
  [Fluvius_HP_EV 4 | Dinamični | 5 kWh] delayed_pv_charge                1182.72 EUR  (   1.4 s)
  [Fluvius_HP_EV 3 | Redni 2T | 20 kWh] price_rank_daily                 2070.12 EUR  (   1.4 s)
  [Fluvius_HP_EV 3 | Aktivni | 20 kWh] peak_shaving                     2257.24 EUR  (   1.4 s)
  [Fluvius_HP_EV 4 | Aktivni | 5 kWh] no_battery                       1340.41 EUR  (   1.4 s)
  [Fluvius_HP_EV 4 | Dinamični | 5 kWh] price_threshold                  1117.57 EUR  (   1.4 s)
  [Fluvius_HP_EV 3 | Redni 2T | 20 kWh] peak_shaving                     2072.99 EUR  (   1.4 s)
  [Fluvius_HP_EV 3 | Aktivni | 20 kWh] self_consumption_peak_shaving    2255.63 EUR  (   1.4 s)
  [Fluvius_HP_EV 4 | Aktivni | 5 kWh] self_consumption                 1340.42 EUR  (   1.4 s)
  [Fluvius_HP_EV 4 | Dinamični | 5 kWh] price_rank_daily                 1087.91 EUR  (   1.4 s)
  [Fluvius_HP_EV 3 | Redni 2T | 20 kWh] self_consumption_peak_shaving    2083.60 EUR  (   1.4 s)
  [Fluvius_HP_EV 3 | Aktivni | 20 kWh] price_oracle                     1898.91 EUR  (   1.4 s)
  [Fluvius_HP_EV 4 | Aktivni | 5 kWh] fixed_schedule                   1405.42 EUR  (   1.4 s)
  [Fluvius_HP_EV 4 | Dinamični | 5 kWh] peak_shaving                     1169.88 EUR  (   1.4 s)
  [Fluvius_HP_EV 3 | Redni 2T | 20 kWh] price_oracle                     2054.03 EUR  (   1.4 s)
  [Fluvius_HP_EV 4 | Aktivni | 5 kWh] delayed_pv_charge                1340.42 EUR  (   1.4 s)
  [Fluvius_HP_EV 4 | Dinamični | 5 kWh] self_consumption_peak_shaving    1173.38 EUR  (   1.4 s)
  [Fluvius_HP_EV 4 | Aktivni | 5 kWh] price_threshold                  1206.82 EUR  (   1.4 s)
  [Fluvius_HP_EV 4 | Dinamični | 5 kWh] price_oracle                     1115.74 EUR  (   1.4 s)
  [Fluvius_HP_EV 4 | Aktivni | 5 kWh] price_rank_daily                 1220.87 EUR  (   1.4 s)
  [Fluvius_HP_EV 4 | Aktivni | 5 kWh] peak_shaving                     1333.90 EUR  (   1.4 s)
  [Fluvius_HP_EV 4 | Aktivni | 5 kWh] self_consumption_peak_shaving    1335.97 EUR  (   1.4 s)
  [Fluvius_HP_EV 4 | Aktivni | 5 kWh] price_oracle                     1206.93 EUR  (   1.4 s)
  [Fluvius_HP_EV 2 | Redni 2T | 20 kWh] milp_full_period                 3229.37 EUR  (  27.6 s)
  [Fluvius_HP 5 | Redni 1T | 30 kWh] milp_full_period                 1905.49 EUR  (  87.0 s)
[65/140] Fluvius_HP_user_005_redni1t.csv (40 rows)  (1808s elapsed)
  [Fluvius_HP_EV 3 | Dinamični | 10 kWh] milp_full_period                 1714.03 EUR  (  43.2 s)
  [Fluvius_HP_EV 2 | Redni 2T | 30 kWh] no_battery                       3299.32 EUR  (   1.4 s)
  [Fluvius_HP_EV 3 | Dinamični | 20 kWh] no_battery                       2077.60 EUR  (   1.4 s)
  [Fluvius_HP_EV 2 | Redni 2T | 30 kWh] self_consumption                 3299.75 EUR  (   1.4 s)
  [Fluvius_HP_EV 3 | Dinamični | 20 kWh] self_consumption                 2078.81 EUR  (   1.4 s)
  [Fluvius_HP_EV 2 | Redni 2T | 30 kWh] fixed_schedule                   3283.40 EUR  (   1.4 s)
  [Fluvius_HP_EV 4 | Redni 1T | 5 kWh] no_battery                       1205.23 EUR  (   1.4 s)
  [Fluvius_HP_EV 2 | Dinamični | 30 kWh] milp_full_period                 2443.23 EUR  (  57.2 s)
[66/140] Fluvius_HP_EV_user_002.csv (40 rows)  (1813s elapsed)
  [Fluvius_HP_EV 2 | Redni 2T | 30 kWh] delayed_pv_charge                3299.75 EUR  (   1.4 s)
  [Fluvius_HP_EV 3 | Dinamični | 20 kWh] fixed_schedule                   2002.08 EUR  (   1.4 s)
  [Fluvius_HP_EV 4 | Redni 1T | 5 kWh] self_consumption                 1205.27 EUR  (   1.4 s)
  [Fluvius_HP_EV 2 | Redni 2T | 30 kWh] price_threshold                  3254.78 EUR  (   1.4 s)
  [Fluvius_HP_EV 3 | Dinamični | 20 kWh] delayed_pv_charge                2078.81 EUR  (   1.4 s)
  [Fluvius_HP_EV 4 | Redni 1T | 5 kWh] fixed_schedule                   1224.29 EUR  (   1.4 s)
  [Fluvius_HP_EV 2 | Redni 2T | 30 kWh] price_rank_daily                 3274.53 EUR  (   1.4 s)
  [Fluvius_HP_EV 3 | Dinamični | 20 kWh] price_threshold                  1936.58 EUR  (   1.4 s)
  [Fluvius_HP_EV 4 | Redni 1T | 5 kWh] delayed_pv_charge                1205.27 EUR  (   1.4 s)
  [Fluvius_HP_EV 4 | Redni 2T | 5 kWh] no_battery                       1247.39 EUR  (   1.4 s)
  [Fluvius_HP_EV 2 | Redni 2T | 30 kWh] peak_shaving                     3298.97 EUR  (   1.4 s)
  [Fluvius_HP_EV 3 | Dinamični | 20 kWh] price_rank_daily                 1834.07 EUR  (   1.4 s)
  [Fluvius_HP_EV 4 | Redni 1T | 5 kWh] price_threshold                  1205.27 EUR  (   1.4 s)
  [Fluvius_HP_EV 4 | Redni 2T | 5 kWh] self_consumption                 1247.46 EUR  (   1.4 s)
  [Fluvius_HP_EV 2 | Redni 2T | 30 kWh] self_consumption_peak_shaving    3299.22 EUR  (   1.4 s)
  [Fluvius_HP_EV 3 | Dinamični | 20 kWh] peak_shaving                     2068.55 EUR  (   1.4 s)
  [Fluvius_HP_EV 4 | Redni 1T | 5 kWh] price_rank_daily                 1205.27 EUR  (   1.4 s)
  [Fluvius_HP_EV 4 | Redni 2T | 5 kWh] fixed_schedule                   1239.19 EUR  (   1.4 s)
  [Fluvius_HP_EV 2 | Redni 2T | 30 kWh] price_oracle                     3253.41 EUR  (   1.4 s)
  [Fluvius_HP_EV 3 | Dinamični | 20 kWh] self_consumption_peak_shaving    2080.31 EUR  (   1.4 s)
  [Fluvius_HP_EV 4 | Redni 1T | 5 kWh] peak_shaving                     1197.19 EUR  (   1.4 s)
  [Fluvius_HP_EV 4 | Redni 2T | 5 kWh] delayed_pv_charge                1247.46 EUR  (   1.4 s)
  [Fluvius_HP_EV 3 | Dinamični | 20 kWh] price_oracle                     1911.47 EUR  (   1.4 s)
  [Fluvius_HP_EV 4 | Redni 1T | 5 kWh] self_consumption_peak_shaving    1199.20 EUR  (   1.4 s)
  [Fluvius_HP_EV 4 | Redni 2T | 5 kWh] price_threshold                  1236.30 EUR  (   1.4 s)
  [Fluvius_HP_EV 4 | Redni 1T | 5 kWh] price_oracle                     1205.27 EUR  (   1.4 s)
  [Fluvius_HP_EV 4 | Redni 2T | 5 kWh] price_rank_daily                 1240.67 EUR  (   1.4 s)
  [Fluvius_HP_EV 3 | Redni 2T | 20 kWh] milp_full_period                 2005.86 EUR  (  25.8 s)
  [Fluvius_HP_EV 3 | Aktivni | 20 kWh] milp_full_period                 1713.43 EUR  (  26.9 s)
  [Fluvius_HP_EV 4 | Redni 2T | 5 kWh] peak_shaving                     1237.36 EUR  (   1.4 s)
  [Fluvius_HP_EV 2 | Redni 1T | 10 kWh] milp_full_period                 3162.17 EUR  (  65.9 s)
  [Fluvius_HP_EV 3 | Redni 2T | 30 kWh] no_battery                       2083.85 EUR  (   1.4 s)
  [Fluvius_HP_EV 4 | Redni 2T | 5 kWh] self_consumption_peak_shaving    1239.85 EUR  (   1.4 s)
  [Fluvius_HP_EV 3 | Aktivni | 30 kWh] no_battery                       2239.14 EUR  (   1.4 s)
  [Fluvius_HP_EV 3 | Redni 2T | 30 kWh] self_consumption                 2084.26 EUR  (   1.4 s)
  [Fluvius_HP_EV 4 | Redni 2T | 5 kWh] price_oracle                     1235.64 EUR  (   1.4 s)
  [Fluvius_HP_EV 3 | Aktivni | 30 kWh] self_consumption                 2239.15 EUR  (   1.4 s)
  [Fluvius_HP_EV 2 | Redni 1T | 20 kWh] no_battery                       3179.44 EUR  (   1.4 s)
  [Fluvius_HP_EV 3 | Redni 2T | 30 kWh] fixed_schedule                   2068.00 EUR  (   1.4 s)
  [Fluvius_HP_EV 3 | Aktivni | 30 kWh] fixed_schedule                   2453.03 EUR  (   1.4 s)
  [Fluvius_HP_EV 2 | Redni 1T | 20 kWh] self_consumption                 3179.60 EUR  (   1.4 s)
  [Fluvius_HP_EV 3 | Redni 2T | 30 kWh] delayed_pv_charge                2084.26 EUR  (   1.4 s)
  [Fluvius_HP_EV 3 | Aktivni | 30 kWh] delayed_pv_charge                2239.15 EUR  (   1.4 s)
  [Fluvius_HP_EV 2 | Redni 1T | 20 kWh] fixed_schedule                   3246.93 EUR  (   1.4 s)
  [Fluvius_HP_EV 3 | Redni 2T | 30 kWh] price_threshold                  2047.06 EUR  (   1.4 s)
  [Fluvius_HP_EV 3 | Aktivni | 30 kWh] price_threshold                  1874.06 EUR  (   1.4 s)
  [Fluvius_HP_EV 2 | Redni 1T | 20 kWh] delayed_pv_charge                3179.60 EUR  (   1.4 s)
  [Fluvius_HP_EV 4 | Aktivni | 5 kWh] milp_full_period                 1170.87 EUR  (  27.0 s)
  [Fluvius_HP_EV 3 | Redni 2T | 30 kWh] price_rank_daily                 2062.30 EUR  (   1.4 s)
  [Fluvius_HP_EV 3 | Aktivni | 30 kWh] price_rank_daily                 1901.48 EUR  (   1.4 s)
  [Fluvius_HP_EV 2 | Redni 1T | 20 kWh] price_threshold                  3179.60 EUR  (   1.4 s)
  [Fluvius_HP_EV 3 | Redni 2T | 30 kWh] peak_shaving                     2064.47 EUR  (   1.4 s)
  [Fluvius_HP_EV 3 | Aktivni | 30 kWh] peak_shaving                     2259.25 EUR  (   1.4 s)
  [Fluvius_HP_EV 2 | Redni 1T | 20 kWh] price_rank_daily                 3179.60 EUR  (   1.4 s)
  [Fluvius_HP_EV 4 | Aktivni | 10 kWh] no_battery                       1340.41 EUR  (   1.4 s)
  [Fluvius_HP_EV 3 | Redni 2T | 30 kWh] self_consumption_peak_shaving    2081.72 EUR  (   1.4 s)
  [Fluvius_HP_EV 3 | Aktivni | 30 kWh] self_consumption_peak_shaving    2258.33 EUR  (   1.4 s)
  [Fluvius_HP_EV 2 | Redni 1T | 20 kWh] peak_shaving                     3180.48 EUR  (   1.4 s)
  [Fluvius_HP_EV 4 | Aktivni | 10 kWh] self_consumption                 1340.45 EUR  (   1.4 s)
  [Fluvius_HP_EV 3 | Redni 2T | 30 kWh] price_oracle                     2045.00 EUR  (   1.4 s)
  [Fluvius_HP_EV 3 | Aktivni | 30 kWh] price_oracle                     1874.14 EUR  (   1.4 s)
  [Fluvius_HP_EV 2 | Redni 1T | 20 kWh] self_consumption_peak_shaving    3180.62 EUR  (   1.4 s)
  [Fluvius_HP_EV 4 | Aktivni | 10 kWh] fixed_schedule                   1433.73 EUR  (   1.4 s)
  [Fluvius_HP_EV 2 | Redni 1T | 20 kWh] price_oracle                     3179.60 EUR  (   1.4 s)
  [Fluvius_HP_EV 4 | Aktivni | 10 kWh] delayed_pv_charge                1340.45 EUR  (   1.4 s)
  [Fluvius_HP_EV 4 | Aktivni | 10 kWh] price_threshold                  1158.79 EUR  (   1.4 s)
  [Fluvius_HP_EV 4 | Aktivni | 10 kWh] price_rank_daily                 1172.87 EUR  (   1.4 s)
  [Fluvius_HP_EV 4 | Aktivni | 10 kWh] peak_shaving                     1332.16 EUR  (   1.4 s)
  [Fluvius_HP_EV 4 | Aktivni | 10 kWh] self_consumption_peak_shaving    1332.58 EUR  (   1.5 s)
  [Fluvius_HP_EV 4 | Dinamični | 5 kWh] milp_full_period                  995.74 EUR  (  45.6 s)
  [Fluvius_HP_EV 4 | Aktivni | 10 kWh] price_oracle                     1158.93 EUR  (   1.4 s)
  [Fluvius_HP_EV 4 | Dinamični | 10 kWh] no_battery                       1182.42 EUR  (   1.4 s)
  [Fluvius_HP_EV 2 | Redni 2T | 30 kWh] milp_full_period                 3209.03 EUR  (  29.0 s)
[67/140] Fluvius_HP_EV_user_002_redni2t.csv (40 rows)  (1850s elapsed)
  [Fluvius_HP_EV 4 | Dinamični | 10 kWh] self_consumption                 1183.02 EUR  (   1.4 s)
  [Fluvius_HP_EV 4 | Dinamični | 10 kWh] fixed_schedule                   1132.38 EUR  (   1.4 s)
  [Fluvius_HP_EV 4 | Dinamični | 10 kWh] delayed_pv_charge                1183.02 EUR  (   1.4 s)
  [Fluvius_HP_EV 5 | Dinamični | 5 kWh] no_battery                        997.23 EUR  (   1.4 s)
  [Fluvius_HP_EV 4 | Redni 2T | 5 kWh] milp_full_period                 1221.06 EUR  (  26.3 s)
  [Fluvius_HP_EV 4 | Dinamični | 10 kWh] price_threshold                  1091.37 EUR  (   1.4 s)
  [Fluvius_HP_EV 5 | Dinamični | 5 kWh] self_consumption                  997.54 EUR  (   1.4 s)
  [Fluvius_HP_EV 4 | Dinamični | 10 kWh] price_rank_daily                 1047.88 EUR  (   1.4 s)
  [Fluvius_HP_EV 4 | Redni 2T | 10 kWh] no_battery                       1247.39 EUR  (   1.4 s)
  [Fluvius_HP_EV 5 | Dinamični | 5 kWh] fixed_schedule                    967.02 EUR  (   1.4 s)
  [Fluvius_HP_EV 4 | Dinamični | 10 kWh] peak_shaving                     1167.10 EUR  (   1.4 s)
  [Fluvius_HP_EV 4 | Redni 2T | 10 kWh] self_consumption                 1247.52 EUR  (   1.4 s)
  [Fluvius_HP_EV 5 | Dinamični | 5 kWh] delayed_pv_charge                 997.54 EUR  (   1.4 s)
  [Fluvius_HP_EV 4 | Dinamični | 10 kWh] self_consumption_peak_shaving    1168.63 EUR  (   1.4 s)
  [Fluvius_HP_EV 3 | Redni 1T | 10 kWh] milp_full_period                 2013.64 EUR  (  73.3 s)
  [Fluvius_HP_EV 4 | Redni 2T | 10 kWh] fixed_schedule                   1229.92 EUR  (   1.4 s)
  [Fluvius_HP_EV 5 | Dinamični | 5 kWh] price_threshold                   941.29 EUR  (   1.4 s)
  [Fluvius_HP_EV 4 | Dinamični | 10 kWh] price_oracle                     1082.56 EUR  (   1.4 s)
  [Fluvius_HP_EV 4 | Redni 2T | 10 kWh] delayed_pv_charge                1247.52 EUR  (   1.4 s)
  [Fluvius_HP_EV 5 | Dinamični | 5 kWh] price_rank_daily                  914.39 EUR  (   1.4 s)
  [Fluvius_HP_EV 3 | Redni 1T | 20 kWh] no_battery                       2029.31 EUR  (   1.4 s)
  [Fluvius_HP_EV 4 | Redni 2T | 10 kWh] price_threshold                  1224.45 EUR  (   1.4 s)
  [Fluvius_HP_EV 5 | Dinamični | 5 kWh] peak_shaving                      988.68 EUR  (   1.4 s)
  [Fluvius_HP_EV 3 | Redni 1T | 20 kWh] self_consumption                 2029.46 EUR  (   1.4 s)
  [Fluvius_HP_EV 4 | Redni 2T | 10 kWh] price_rank_daily                 1232.08 EUR  (   1.4 s)
  [Fluvius_HP_EV 5 | Dinamični | 5 kWh] self_consumption_peak_shaving     991.70 EUR  (   1.4 s)
  [Fluvius_HP_EV 3 | Redni 1T | 20 kWh] fixed_schedule                   2099.85 EUR  (   1.4 s)
  [Fluvius_HP_EV 4 | Redni 2T | 10 kWh] peak_shaving                     1235.32 EUR  (   1.4 s)
  [Fluvius_HP_EV 5 | Dinamični | 5 kWh] price_oracle                      933.27 EUR  (   1.4 s)
  [Fluvius_HP_EV 3 | Redni 2T | 30 kWh] milp_full_period                 1996.61 EUR  (  27.1 s)
[68/140] Fluvius_HP_EV_user_003_redni2t.csv (40 rows)  (1867s elapsed)
  [Fluvius_HP_EV 3 | Redni 1T | 20 kWh] delayed_pv_charge                2029.46 EUR  (   1.4 s)
  [Fluvius_HP_EV 3 | Aktivni | 30 kWh] milp_full_period                 1550.46 EUR  (  27.9 s)
[69/140] Fluvius_HP_EV_user_003_aktivni.csv (40 rows)  (1867s elapsed)
  [Fluvius_HP_EV 4 | Redni 2T | 10 kWh] self_consumption_peak_shaving    1235.62 EUR  (   1.5 s)
  [Fluvius_HP_EV 3 | Redni 1T | 20 kWh] price_threshold                  2029.46 EUR  (   1.4 s)
  [Fluvius_HP_EV 4 | Redni 2T | 10 kWh] price_oracle                     1223.05 EUR  (   1.4 s)
  [Fluvius_HP_EV 3 | Redni 1T | 20 kWh] price_rank_daily                 2029.46 EUR  (   1.4 s)
  [Fluvius_HP_EV 3 | Redni 1T | 20 kWh] peak_shaving                     2024.94 EUR  (   1.4 s)
  [Fluvius_HP_EV 5 | Aktivni | 5 kWh] no_battery                       1095.24 EUR  (   1.4 s)
  [Fluvius_HP_EV 3 | Dinamični | 20 kWh] milp_full_period                 1446.13 EUR  (  49.4 s)
  [Fluvius_HP_EV 5 | Redni 1T | 5 kWh] no_battery                        943.36 EUR  (   1.4 s)
  [Fluvius_HP_EV 3 | Redni 1T | 20 kWh] self_consumption_peak_shaving    2032.30 EUR  (   1.4 s)
  [Fluvius_HP_EV 5 | Aktivni | 5 kWh] self_consumption                 1095.26 EUR  (   1.4 s)
  [Fluvius_HP_EV 5 | Redni 1T | 5 kWh] self_consumption                  943.40 EUR  (   1.4 s)
  [Fluvius_HP_EV 3 | Redni 1T | 20 kWh] price_oracle                     2029.46 EUR  (   1.4 s)
  [Fluvius_HP_EV 5 | Aktivni | 5 kWh] fixed_schedule                   1131.20 EUR  (   1.4 s)
  [Fluvius_HP_EV 3 | Dinamični | 30 kWh] no_battery                       2077.60 EUR  (   1.4 s)
  [Fluvius_HP_EV 5 | Redni 1T | 5 kWh] fixed_schedule                    959.48 EUR  (   1.4 s)
  [Fluvius_HP_EV 5 | Aktivni | 5 kWh] delayed_pv_charge                1095.26 EUR  (   1.4 s)
  [Fluvius_HP_EV 3 | Dinamični | 30 kWh] self_consumption                 2079.18 EUR  (   1.4 s)
  [Fluvius_HP_EV 4 | Aktivni | 10 kWh] milp_full_period                 1062.89 EUR  (  27.4 s)
  [Fluvius_HP_EV 5 | Redni 1T | 5 kWh] delayed_pv_charge                 943.40 EUR  (   1.4 s)
  [Fluvius_HP_EV 5 | Aktivni | 5 kWh] price_threshold                   956.25 EUR  (   1.4 s)
  [Fluvius_HP_EV 3 | Dinamični | 30 kWh] fixed_schedule                   1965.05 EUR  (   1.4 s)
  [Fluvius_HP_EV 4 | Aktivni | 20 kWh] no_battery                       1340.41 EUR  (   1.4 s)
  [Fluvius_HP_EV 5 | Redni 1T | 5 kWh] price_threshold                   943.40 EUR  (   1.4 s)
  [Fluvius_HP_EV 5 | Aktivni | 5 kWh] price_rank_daily                  967.83 EUR  (   1.4 s)
  [Fluvius_HP_EV 3 | Dinamični | 30 kWh] delayed_pv_charge                2079.18 EUR  (   1.4 s)
  [Fluvius_HP_EV 4 | Aktivni | 20 kWh] self_consumption                 1340.55 EUR  (   1.4 s)
  [Fluvius_HP_EV 5 | Redni 1T | 5 kWh] price_rank_daily                  943.40 EUR  (   1.4 s)
  [Fluvius_HP_EV 5 | Aktivni | 5 kWh] peak_shaving                     1087.92 EUR  (   1.4 s)
  [Fluvius_HP_EV 3 | Dinamični | 30 kWh] price_threshold                  1899.41 EUR  (   1.4 s)
  [Fluvius_HP_EV 4 | Aktivni | 20 kWh] fixed_schedule                   1468.31 EUR  (   1.4 s)
  [Fluvius_HP_EV 5 | Redni 1T | 5 kWh] peak_shaving                      936.22 EUR  (   1.4 s)
  [Fluvius_HP_EV 5 | Aktivni | 5 kWh] self_consumption_peak_shaving    1090.73 EUR  (   1.4 s)
  [Fluvius_HP_EV 3 | Dinamični | 30 kWh] price_rank_daily                 1785.66 EUR  (   1.4 s)
  [Fluvius_HP_EV 4 | Redni 1T | 5 kWh] milp_full_period                 1195.17 EUR  (  57.7 s)
  [Fluvius_HP_EV 4 | Aktivni | 20 kWh] delayed_pv_charge                1340.55 EUR  (   1.4 s)
  [Fluvius_HP_EV 5 | Redni 1T | 5 kWh] self_consumption_peak_shaving     938.86 EUR  (   1.4 s)
  [Fluvius_HP_EV 5 | Aktivni | 5 kWh] price_oracle                      956.40 EUR  (   1.4 s)
  [Fluvius_HP_EV 3 | Dinamični | 30 kWh] peak_shaving                     2062.83 EUR  (   1.4 s)
  [Fluvius_HP_EV 4 | Aktivni | 20 kWh] price_threshold                  1114.18 EUR  (   1.4 s)
  [Fluvius_HP_EV 5 | Redni 1T | 5 kWh] price_oracle                      943.40 EUR  (   1.4 s)
  [Fluvius_HP_EV 4 | Redni 1T | 10 kWh] no_battery                       1205.23 EUR  (   1.4 s)
  [Fluvius_HP_EV 3 | Dinamični | 30 kWh] self_consumption_peak_shaving    2077.35 EUR  (   1.4 s)
  [Fluvius_HP_EV 4 | Aktivni | 20 kWh] price_rank_daily                 1144.02 EUR  (   1.4 s)
  [Fluvius_HP_EV 4 | Redni 1T | 10 kWh] self_consumption                 1205.30 EUR  (   1.4 s)
  [Fluvius_HP_EV 3 | Dinamični | 30 kWh] price_oracle                     1872.33 EUR  (   1.4 s)
  [Fluvius_HP_EV 4 | Aktivni | 20 kWh] peak_shaving                     1332.16 EUR  (   1.4 s)
  [Fluvius_HP_EV 4 | Redni 1T | 10 kWh] fixed_schedule                   1229.36 EUR  (   1.4 s)
  [Fluvius_HP_EV 4 | Aktivni | 20 kWh] self_consumption_peak_shaving    1332.58 EUR  (   1.4 s)
  [Fluvius_HP_EV 4 | Redni 1T | 10 kWh] delayed_pv_charge                1205.30 EUR  (   1.4 s)
  [Fluvius_HP_EV 4 | Aktivni | 20 kWh] price_oracle                     1114.15 EUR  (   1.4 s)
  [Fluvius_HP_EV 4 | Redni 1T | 10 kWh] price_threshold                  1205.30 EUR  (   1.4 s)
  [Fluvius_HP_EV 4 | Redni 1T | 10 kWh] price_rank_daily                 1205.30 EUR  (   1.4 s)
  [Fluvius_HP_EV 4 | Redni 1T | 10 kWh] peak_shaving                     1195.60 EUR  (   1.4 s)
  [Fluvius_HP_EV 4 | Redni 1T | 10 kWh] self_consumption_peak_shaving    1195.61 EUR  (   1.4 s)
  [Fluvius_HP_EV 4 | Redni 1T | 10 kWh] price_oracle                     1205.30 EUR  (   1.4 s)
  [Fluvius_HP_EV 4 | Redni 2T | 10 kWh] milp_full_period                 1210.12 EUR  (  26.8 s)
  [Fluvius_HP_EV 4 | Redni 2T | 20 kWh] no_battery                       1247.39 EUR  (   1.4 s)
  [Fluvius_HP_EV 4 | Redni 2T | 20 kWh] self_consumption                 1247.65 EUR  (   1.4 s)
  [Fluvius_HP_EV 4 | Redni 2T | 20 kWh] fixed_schedule                   1226.86 EUR  (   1.4 s)
  [Fluvius_HP_EV 4 | Redni 2T | 20 kWh] delayed_pv_charge                1247.65 EUR  (   1.4 s)
  [Fluvius_HP_EV 4 | Redni 2T | 20 kWh] price_threshold                  1217.45 EUR  (   1.4 s)
  [Fluvius_HP_EV 4 | Redni 2T | 20 kWh] price_rank_daily                 1227.04 EUR  (   1.4 s)
  [Fluvius_HP_EV 4 | Redni 2T | 20 kWh] peak_shaving                     1235.36 EUR  (   1.4 s)
  [Fluvius_HP_EV 4 | Redni 2T | 20 kWh] self_consumption_peak_shaving    1235.64 EUR  (   1.4 s)
  [Fluvius_HP_EV 4 | Redni 2T | 20 kWh] price_oracle                     1215.19 EUR  (   1.4 s)
  [Fluvius_HP_EV 5 | Aktivni | 5 kWh] milp_full_period                  919.89 EUR  (  27.2 s)
  [Fluvius_HP_EV 5 | Aktivni | 10 kWh] no_battery                       1095.24 EUR  (   1.4 s)
  [Fluvius_HP_EV 5 | Dinamični | 5 kWh] milp_full_period                  805.84 EUR  (  46.6 s)
  [Fluvius_HP_EV 5 | Aktivni | 10 kWh] self_consumption                 1095.27 EUR  (   1.4 s)
  [Fluvius_HP_EV 5 | Aktivni | 10 kWh] fixed_schedule                   1171.25 EUR  (   1.4 s)
  [Fluvius_HP_EV 5 | Dinamični | 10 kWh] no_battery                        997.23 EUR  (   1.4 s)
  [Fluvius_HP_EV 5 | Aktivni | 10 kWh] delayed_pv_charge                1095.27 EUR  (   1.4 s)
  [Fluvius_HP_EV 5 | Dinamični | 10 kWh] self_consumption                  997.84 EUR  (   1.4 s)
  [Fluvius_HP_EV 4 | Dinamični | 10 kWh] milp_full_period                  857.62 EUR  (  56.1 s)
  [Fluvius_HP_EV 5 | Aktivni | 10 kWh] price_threshold                   898.39 EUR  (   1.4 s)
  [Fluvius_HP_EV 5 | Dinamični | 10 kWh] fixed_schedule                    952.22 EUR  (   1.4 s)
  [Fluvius_HP_EV 5 | Aktivni | 10 kWh] price_rank_daily                  908.42 EUR  (   1.4 s)
  [Fluvius_HP_EV 5 | Dinamični | 10 kWh] delayed_pv_charge                 997.84 EUR  (   1.4 s)
  [Fluvius_HP_EV 4 | Dinamični | 20 kWh] no_battery                       1182.42 EUR  (   1.4 s)
  [Fluvius_HP_EV 5 | Aktivni | 10 kWh] peak_shaving                     1092.49 EUR  (   1.4 s)
  [Fluvius_HP_EV 5 | Dinamični | 10 kWh] price_threshold                   916.56 EUR  (   1.4 s)
  [Fluvius_HP_EV 4 | Dinamični | 20 kWh] self_consumption                 1183.62 EUR  (   1.4 s)
  [Fluvius_HP_EV 5 | Dinamični | 10 kWh] price_rank_daily                  872.39 EUR  (   1.4 s)
  [Fluvius_HP_EV 5 | Aktivni | 10 kWh] self_consumption_peak_shaving    1093.51 EUR  (   1.5 s)
  [Fluvius_HP_EV 4 | Dinamični | 20 kWh] fixed_schedule                   1118.56 EUR  (   1.4 s)
  [Fluvius_HP_EV 5 | Dinamični | 10 kWh] peak_shaving                      993.23 EUR  (   1.4 s)
  [Fluvius_HP_EV 5 | Aktivni | 10 kWh] price_oracle                      898.59 EUR  (   1.4 s)
  [Fluvius_HP_EV 4 | Dinamični | 20 kWh] delayed_pv_charge                1183.62 EUR  (   1.4 s)
  [Fluvius_HP_EV 5 | Dinamični | 10 kWh] self_consumption_peak_shaving     994.76 EUR  (   1.4 s)
  [Fluvius_HP_EV 4 | Dinamični | 20 kWh] price_threshold                  1058.07 EUR  (   1.4 s)
  [Fluvius_HP_EV 5 | Dinamični | 10 kWh] price_oracle                      904.30 EUR  (   1.4 s)
  [Fluvius_HP_EV 4 | Dinamični | 20 kWh] price_rank_daily                 1019.36 EUR  (   1.4 s)
  [Fluvius_HP_EV 4 | Dinamični | 20 kWh] peak_shaving                     1167.04 EUR  (   1.4 s)
  [Fluvius_HP_EV 4 | Dinamični | 20 kWh] self_consumption_peak_shaving    1168.70 EUR  (   1.4 s)
  [Fluvius_HP_EV 4 | Dinamični | 20 kWh] price_oracle                     1043.75 EUR  (   1.4 s)
  [Fluvius_HP_EV 2 | Redni 1T | 20 kWh] milp_full_period                 3162.12 EUR  (  94.2 s)
  [Fluvius_HP_EV 4 | Redni 2T | 20 kWh] milp_full_period                 1198.04 EUR  (  27.9 s)
  [Fluvius_HP_EV 2 | Redni 1T | 30 kWh] no_battery                       3179.44 EUR  (   1.4 s)
  [Fluvius_HP_EV 3 | Dinamični | 30 kWh] milp_full_period                 1277.56 EUR  (  52.6 s)
[70/140] Fluvius_HP_EV_user_003.csv (40 rows)  (1938s elapsed)
  [Fluvius_HP_EV 2 | Redni 1T | 30 kWh] self_consumption                 3179.69 EUR  (   1.4 s)
  [Fluvius_HP_EV 4 | Redni 2T | 30 kWh] no_battery                       1247.39 EUR  (   1.4 s)
  [Fluvius_HP_EV 2 | Redni 1T | 30 kWh] fixed_schedule                   3270.12 EUR  (   1.4 s)
  [Fluvius_HP_EV 4 | Redni 2T | 30 kWh] self_consumption                 1247.78 EUR  (   1.4 s)
  [Fluvius_HP_EV 2 | Redni 1T | 30 kWh] delayed_pv_charge                3179.69 EUR  (   1.4 s)
  [Fluvius_HP_EV 4 | Redni 2T | 30 kWh] fixed_schedule                   1225.69 EUR  (   1.4 s)
  [Fluvius_HP_EV 2 | Redni 1T | 30 kWh] price_threshold                  3179.69 EUR  (   1.4 s)
  [Fluvius_HP_EV 5 | Redni 2T | 5 kWh] no_battery                        987.52 EUR  (   1.4 s)
  [Fluvius_HP_EV 4 | Redni 2T | 30 kWh] delayed_pv_charge                1247.78 EUR  (   1.4 s)
  [Fluvius_HP_EV 2 | Redni 1T | 30 kWh] price_rank_daily                 3179.69 EUR  (   1.4 s)
  [Fluvius_HP_EV 5 | Redni 2T | 5 kWh] self_consumption                  987.59 EUR  (   1.4 s)
  [Fluvius_HP_EV 4 | Aktivni | 20 kWh] milp_full_period                  890.05 EUR  (  55.5 s)
  [Fluvius_HP_EV 4 | Redni 2T | 30 kWh] price_threshold                  1212.37 EUR  (   1.4 s)
  [Fluvius_HP_EV 2 | Redni 1T | 30 kWh] peak_shaving                     3181.28 EUR  (   1.4 s)
  [Fluvius_HP_EV 5 | Redni 2T | 5 kWh] fixed_schedule                    977.17 EUR  (   1.4 s)
  [Fluvius_HP_EV 4 | Redni 2T | 30 kWh] price_rank_daily                 1221.92 EUR  (   1.4 s)
  [Fluvius_HP_EV 4 | Aktivni | 30 kWh] no_battery                       1340.41 EUR  (   1.4 s)
  [Fluvius_HP_EV 2 | Redni 1T | 30 kWh] self_consumption_peak_shaving    3181.11 EUR  (   1.4 s)
  [Fluvius_HP_EV 5 | Redni 2T | 5 kWh] delayed_pv_charge                 987.59 EUR  (   1.4 s)
  [Fluvius_HP_EV 4 | Redni 2T | 30 kWh] peak_shaving                     1235.50 EUR  (   1.4 s)
  [Fluvius_HP_EV 4 | Aktivni | 30 kWh] self_consumption                 1340.65 EUR  (   1.4 s)
  [Fluvius_HP_EV 5 | Redni 1T | 5 kWh] milp_full_period                  935.29 EUR  (  64.9 s)
  [Fluvius_HP_EV 2 | Redni 1T | 30 kWh] price_oracle                     3179.69 EUR  (   1.4 s)
  [Fluvius_HP_EV 5 | Redni 2T | 5 kWh] price_threshold                   974.06 EUR  (   1.4 s)
  [Fluvius_HP_EV 4 | Redni 2T | 30 kWh] self_consumption_peak_shaving    1235.77 EUR  (   1.4 s)
  [Fluvius_HP_EV 4 | Aktivni | 30 kWh] fixed_schedule                   1476.46 EUR  (   1.4 s)
  [Fluvius_HP_EV 3 | Redni 1T | 20 kWh] milp_full_period                 2002.87 EUR  (  76.4 s)
  [Fluvius_HP_EV 5 | Redni 2T | 5 kWh] price_rank_daily                  974.14 EUR  (   1.4 s)
  [Fluvius_HP_EV 5 | Redni 1T | 10 kWh] no_battery                        943.36 EUR  (   1.4 s)
  [Fluvius_HP_EV 4 | Redni 2T | 30 kWh] price_oracle                     1210.07 EUR  (   1.4 s)
  [Fluvius_HP_EV 4 | Aktivni | 30 kWh] delayed_pv_charge                1340.65 EUR  (   1.4 s)
  [Fluvius_HP_EV 5 | Redni 2T | 5 kWh] peak_shaving                      979.28 EUR  (   1.4 s)
  [Fluvius_HP_EV 5 | Redni 1T | 10 kWh] self_consumption                  943.43 EUR  (   1.4 s)
  [Fluvius_HP_EV 4 | Redni 1T | 10 kWh] milp_full_period                 1193.16 EUR  (  56.6 s)
  [Fluvius_HP_EV 3 | Redni 1T | 30 kWh] no_battery                       2029.31 EUR  (   1.4 s)
  [Fluvius_HP_EV 4 | Aktivni | 30 kWh] price_threshold                  1096.94 EUR  (   1.4 s)
  [Fluvius_HP_EV 5 | Redni 2T | 5 kWh] self_consumption_peak_shaving     982.12 EUR  (   1.4 s)
  [Fluvius_HP_EV 5 | Redni 1T | 10 kWh] fixed_schedule                    971.54 EUR  (   1.4 s)
  [Fluvius_HP_EV 3 | Redni 1T | 30 kWh] self_consumption                 2029.53 EUR  (   1.4 s)
  [Fluvius_HP_EV 4 | Aktivni | 30 kWh] price_rank_daily                 1128.56 EUR  (   1.4 s)
  [Fluvius_HP_EV 4 | Redni 1T | 20 kWh] no_battery                       1205.23 EUR  (   1.4 s)
  [Fluvius_HP_EV 5 | Redni 2T | 5 kWh] price_oracle                      973.94 EUR  (   1.4 s)
  [Fluvius_HP_EV 5 | Redni 1T | 10 kWh] delayed_pv_charge                 943.43 EUR  (   1.4 s)
  [Fluvius_HP_EV 5 | Aktivni | 10 kWh] milp_full_period                  814.67 EUR  (  31.2 s)
  [Fluvius_HP_EV 3 | Redni 1T | 30 kWh] fixed_schedule                   2113.13 EUR  (   1.4 s)
  [Fluvius_HP_EV 4 | Aktivni | 30 kWh] peak_shaving                     1332.27 EUR  (   1.4 s)
  [Fluvius_HP_EV 4 | Redni 1T | 20 kWh] self_consumption                 1205.37 EUR  (   1.4 s)
  [Fluvius_HP_EV 5 | Redni 1T | 10 kWh] price_threshold                   943.43 EUR  (   1.4 s)
  [Fluvius_HP_EV 3 | Redni 1T | 30 kWh] delayed_pv_charge                2029.53 EUR  (   1.4 s)
  [Fluvius_HP_EV 5 | Aktivni | 20 kWh] no_battery                       1095.24 EUR  (   1.4 s)
  [Fluvius_HP_EV 4 | Redni 1T | 20 kWh] fixed_schedule                   1244.78 EUR  (   1.4 s)
  [Fluvius_HP_EV 4 | Aktivni | 30 kWh] self_consumption_peak_shaving    1332.68 EUR  (   1.4 s)
  [Fluvius_HP_EV 5 | Redni 1T | 10 kWh] price_rank_daily                  943.43 EUR  (   1.4 s)
  [Fluvius_HP_EV 3 | Redni 1T | 30 kWh] price_threshold                  2029.53 EUR  (   1.4 s)
  [Fluvius_HP_EV 5 | Aktivni | 20 kWh] self_consumption                 1095.34 EUR  (   1.4 s)
  [Fluvius_HP_EV 4 | Redni 1T | 20 kWh] delayed_pv_charge                1205.37 EUR  (   1.4 s)
  [Fluvius_HP_EV 4 | Aktivni | 30 kWh] price_oracle                     1096.93 EUR  (   1.4 s)
  [Fluvius_HP_EV 5 | Redni 1T | 10 kWh] peak_shaving                      940.71 EUR  (   1.4 s)
  [Fluvius_HP_EV 3 | Redni 1T | 30 kWh] price_rank_daily                 2029.53 EUR  (   1.4 s)
  [Fluvius_HP_EV 5 | Aktivni | 20 kWh] fixed_schedule                   1178.91 EUR  (   1.4 s)
  [Fluvius_HP_EV 4 | Redni 1T | 20 kWh] price_threshold                  1205.37 EUR  (   1.4 s)
  [Fluvius_HP_EV 5 | Redni 1T | 10 kWh] self_consumption_peak_shaving     941.85 EUR  (   1.4 s)
  [Fluvius_HP_EV 3 | Redni 1T | 30 kWh] peak_shaving                     2019.24 EUR  (   1.4 s)
  [Fluvius_HP_EV 5 | Aktivni | 20 kWh] delayed_pv_charge                1095.34 EUR  (   1.4 s)
  [Fluvius_HP_EV 4 | Redni 1T | 20 kWh] price_rank_daily                 1205.37 EUR  (   1.4 s)
  [Fluvius_HP_EV 5 | Redni 1T | 10 kWh] price_oracle                      943.43 EUR  (   1.4 s)
  [Fluvius_HP_EV 3 | Redni 1T | 30 kWh] self_consumption_peak_shaving    2031.46 EUR  (   1.4 s)
  [Fluvius_HP_EV 5 | Aktivni | 20 kWh] price_threshold                   883.35 EUR  (   1.4 s)
  [Fluvius_HP_EV 4 | Redni 1T | 20 kWh] peak_shaving                     1195.63 EUR  (   1.4 s)
  [Fluvius_HP_EV 3 | Redni 1T | 30 kWh] price_oracle                     2029.53 EUR  (   1.4 s)
  [Fluvius_HP_EV 5 | Aktivni | 20 kWh] price_rank_daily                  900.33 EUR  (   1.4 s)
  [Fluvius_HP_EV 4 | Redni 1T | 20 kWh] self_consumption_peak_shaving    1195.85 EUR  (   1.4 s)
  [Fluvius_HP_EV 5 | Aktivni | 20 kWh] peak_shaving                     1092.47 EUR  (   1.4 s)
  [Fluvius_HP_EV 4 | Redni 1T | 20 kWh] price_oracle                     1205.37 EUR  (   1.4 s)
  [Fluvius_HP_EV 5 | Aktivni | 20 kWh] self_consumption_peak_shaving    1092.71 EUR  (   1.4 s)
  [Fluvius_HP_EV 5 | Aktivni | 20 kWh] price_oracle                      883.55 EUR  (   1.4 s)
  [Fluvius_HP_EV 4 | Redni 2T | 30 kWh] milp_full_period                 1190.82 EUR  (  28.8 s)
[71/140] Fluvius_HP_EV_user_004_redni2t.csv (40 rows)  (1979s elapsed)
  [Fluvius_HP_EV 5 | Redni 2T | 5 kWh] milp_full_period                  963.59 EUR  (  25.8 s)
  [Fluvius_HP_EV 5 | Redni 2T | 10 kWh] no_battery                        987.52 EUR  (   1.4 s)
  [Fluvius_HP_EV 5 | Redni 2T | 10 kWh] self_consumption                  987.66 EUR  (   1.4 s)
  [Fluvius_PV 1 | Dinamični | 5 kWh] no_battery                        480.24 EUR  (   1.4 s)
  [Fluvius_HP_EV 5 | Redni 2T | 10 kWh] fixed_schedule                    972.90 EUR  (   1.4 s)
  [Fluvius_PV 1 | Dinamični | 5 kWh] self_consumption                  365.26 EUR  (   1.4 s)
  [Fluvius_HP_EV 5 | Redni 2T | 10 kWh] delayed_pv_charge                 987.66 EUR  (   1.4 s)
  [Fluvius_PV 1 | Dinamični | 5 kWh] fixed_schedule                    390.99 EUR  (   1.4 s)
  [Fluvius_HP_EV 5 | Redni 2T | 10 kWh] price_threshold                   967.82 EUR  (   1.4 s)
  [Fluvius_PV 1 | Dinamični | 5 kWh] delayed_pv_charge                 391.62 EUR  (   1.4 s)
  [Fluvius_HP_EV 5 | Redni 2T | 10 kWh] price_rank_daily                  967.47 EUR  (   1.4 s)
  [Fluvius_PV 1 | Dinamični | 5 kWh] price_threshold                   389.08 EUR  (   1.4 s)
  [Fluvius_HP_EV 5 | Redni 2T | 10 kWh] peak_shaving                      983.70 EUR  (   1.4 s)
  [Fluvius_PV 1 | Dinamični | 5 kWh] price_rank_daily                  348.92 EUR  (   1.4 s)
  [Fluvius_HP_EV 5 | Redni 2T | 10 kWh] self_consumption_peak_shaving     984.92 EUR  (   1.4 s)
  [Fluvius_PV 1 | Dinamični | 5 kWh] peak_shaving                      465.43 EUR  (   1.4 s)
  [Fluvius_HP_EV 5 | Redni 2T | 10 kWh] price_oracle                      967.34 EUR  (   1.4 s)
  [Fluvius_PV 1 | Dinamični | 5 kWh] self_consumption_peak_shaving     386.62 EUR  (   1.4 s)
  [Fluvius_PV 1 | Dinamični | 5 kWh] price_oracle                      385.22 EUR  (   1.4 s)
  [Fluvius_HP_EV 5 | Dinamični | 10 kWh] milp_full_period                  671.05 EUR  (  71.4 s)
  [Fluvius_HP_EV 5 | Dinamični | 20 kWh] no_battery                        997.23 EUR  (   1.4 s)
  [Fluvius_HP_EV 5 | Dinamični | 20 kWh] self_consumption                  998.43 EUR  (   1.4 s)
  [Fluvius_HP_EV 5 | Dinamični | 20 kWh] fixed_schedule                    910.59 EUR  (   1.4 s)
  [Fluvius_HP_EV 5 | Aktivni | 20 kWh] milp_full_period                  656.95 EUR  (  35.1 s)
  [Fluvius_HP_EV 5 | Dinamični | 20 kWh] delayed_pv_charge                 998.43 EUR  (   1.4 s)
  [Fluvius_HP_EV 5 | Aktivni | 30 kWh] no_battery                       1095.24 EUR  (   1.4 s)
  [Fluvius_HP_EV 5 | Dinamični | 20 kWh] price_threshold                   883.27 EUR  (   1.4 s)
  [Fluvius_HP_EV 5 | Aktivni | 30 kWh] self_consumption                 1095.16 EUR  (   1.4 s)
  [Fluvius_HP_EV 5 | Dinamični | 20 kWh] price_rank_daily                  856.91 EUR  (   1.4 s)
  [Fluvius_HP_EV 5 | Aktivni | 30 kWh] fixed_schedule                   1173.09 EUR  (   1.5 s)
  [Fluvius_HP_EV 5 | Dinamični | 20 kWh] peak_shaving                      993.28 EUR  (   1.4 s)
  [Fluvius_HP_EV 5 | Aktivni | 30 kWh] delayed_pv_charge                1095.16 EUR  (   1.4 s)
  [Fluvius_HP_EV 5 | Dinamični | 20 kWh] self_consumption_peak_shaving     994.41 EUR  (   1.4 s)
  [Fluvius_HP_EV 5 | Aktivni | 30 kWh] price_threshold                   882.93 EUR  (   1.4 s)
  [Fluvius_HP_EV 5 | Dinamični | 20 kWh] price_oracle                      860.04 EUR  (   1.4 s)
  [Fluvius_HP_EV 5 | Aktivni | 30 kWh] price_rank_daily                  897.67 EUR  (   1.4 s)
  [Fluvius_HP_EV 4 | Dinamični | 20 kWh] milp_full_period                  622.11 EUR  (  82.3 s)
  [Fluvius_HP_EV 5 | Aktivni | 30 kWh] peak_shaving                     1092.39 EUR  (   1.4 s)
  [Fluvius_HP_EV 4 | Redni 1T | 20 kWh] milp_full_period                 1193.16 EUR  (  48.9 s)
  [Fluvius_HP_EV 4 | Dinamični | 30 kWh] no_battery                       1182.42 EUR  (   1.4 s)
  [Fluvius_HP_EV 5 | Aktivni | 30 kWh] self_consumption_peak_shaving    1092.42 EUR  (   1.5 s)
  [Fluvius_HP_EV 4 | Redni 1T | 30 kWh] no_battery                       1205.23 EUR  (   1.4 s)
  [Fluvius_HP_EV 4 | Dinamični | 30 kWh] self_consumption                 1184.21 EUR  (   1.4 s)
  [Fluvius_HP_EV 5 | Aktivni | 30 kWh] price_oracle                      883.12 EUR  (   1.4 s)
  [Fluvius_HP_EV 4 | Redni 1T | 30 kWh] self_consumption                 1205.44 EUR  (   1.4 s)
  [Fluvius_HP_EV 4 | Dinamični | 30 kWh] fixed_schedule                   1099.37 EUR  (   1.4 s)
  [Fluvius_HP_EV 4 | Redni 1T | 30 kWh] fixed_schedule                   1254.82 EUR  (   1.4 s)
  [Fluvius_HP_EV 4 | Dinamični | 30 kWh] delayed_pv_charge                1184.21 EUR  (   1.4 s)
  [Fluvius_HP_EV 4 | Redni 1T | 30 kWh] delayed_pv_charge                1205.44 EUR  (   1.4 s)
  [Fluvius_HP_EV 4 | Dinamični | 30 kWh] price_threshold                  1038.58 EUR  (   1.4 s)
  [Fluvius_HP_EV 4 | Aktivni | 30 kWh] milp_full_period                  733.06 EUR  (  62.6 s)
[72/140] Fluvius_HP_EV_user_004_aktivni.csv (40 rows)  (2021s elapsed)
  [Fluvius_HP_EV 4 | Redni 1T | 30 kWh] price_threshold                  1205.44 EUR  (   1.4 s)
  [Fluvius_HP_EV 4 | Dinamični | 30 kWh] price_rank_daily                 1001.92 EUR  (   1.4 s)
  [Fluvius_HP_EV 4 | Redni 1T | 30 kWh] price_rank_daily                 1205.44 EUR  (   1.4 s)
  [Fluvius_HP_EV 4 | Dinamični | 30 kWh] peak_shaving                     1167.29 EUR  (   1.4 s)
  [Fluvius_HP_EV 5 | Redni 2T | 10 kWh] milp_full_period                  953.25 EUR  (  30.0 s)
  [Fluvius_HP_EV 4 | Redni 1T | 30 kWh] peak_shaving                     1195.71 EUR  (   1.4 s)
  [Fluvius_HP_EV 4 | Dinamični | 30 kWh] self_consumption_peak_shaving    1169.14 EUR  (   1.4 s)
  [Fluvius_HP_EV 5 | Redni 2T | 20 kWh] no_battery                        987.52 EUR  (   1.4 s)
  [Fluvius_PV 1 | Aktivni | 5 kWh] no_battery                        595.76 EUR  (   1.4 s)
  [Fluvius_HP_EV 4 | Redni 1T | 30 kWh] self_consumption_peak_shaving    1195.92 EUR  (   1.4 s)
  [Fluvius_HP_EV 4 | Dinamični | 30 kWh] price_oracle                     1022.13 EUR  (   1.4 s)
  [Fluvius_HP_EV 5 | Redni 2T | 20 kWh] self_consumption                  987.79 EUR  (   1.4 s)
  [Fluvius_PV 1 | Aktivni | 5 kWh] self_consumption                  411.01 EUR  (   1.4 s)
  [Fluvius_HP_EV 4 | Redni 1T | 30 kWh] price_oracle                     1205.44 EUR  (   1.4 s)
  [Fluvius_HP_EV 5 | Redni 2T | 20 kWh] fixed_schedule                    966.60 EUR  (   1.4 s)
  [Fluvius_PV 1 | Aktivni | 5 kWh] fixed_schedule                    532.25 EUR  (   1.4 s)
  [Fluvius_HP_EV 5 | Redni 2T | 20 kWh] delayed_pv_charge                 987.79 EUR  (   1.4 s)
  [Fluvius_PV 1 | Aktivni | 5 kWh] delayed_pv_charge                 448.51 EUR  (   1.4 s)
  [Fluvius_HP_EV 5 | Redni 2T | 20 kWh] price_threshold                   956.61 EUR  (   1.4 s)
  [Fluvius_PV 1 | Aktivni | 5 kWh] price_threshold                   441.13 EUR  (   1.4 s)
  [Fluvius_HP_EV 5 | Redni 2T | 20 kWh] price_rank_daily                  968.72 EUR  (   1.4 s)
  [Fluvius_PV 1 | Aktivni | 5 kWh] price_rank_daily                  397.75 EUR  (   1.4 s)
  [Fluvius_HP_EV 5 | Redni 2T | 20 kWh] peak_shaving                      983.79 EUR  (   1.4 s)
  [Fluvius_PV 1 | Aktivni | 5 kWh] peak_shaving                      575.58 EUR  (   1.4 s)
  [Fluvius_HP_EV 5 | Redni 2T | 20 kWh] self_consumption_peak_shaving     984.00 EUR  (   1.4 s)
  [Fluvius_PV 1 | Aktivni | 5 kWh] self_consumption_peak_shaving     449.37 EUR  (   1.4 s)
  [Fluvius_HP_EV 5 | Redni 1T | 10 kWh] milp_full_period                  934.58 EUR  (  74.5 s)
  [Fluvius_HP_EV 5 | Redni 2T | 20 kWh] price_oracle                      955.64 EUR  (   1.4 s)
  [Fluvius_PV 1 | Aktivni | 5 kWh] price_oracle                      440.99 EUR  (   1.4 s)
  [Fluvius_HP_EV 5 | Redni 1T | 20 kWh] no_battery                        943.36 EUR  (   1.4 s)
  [Fluvius_HP_EV 5 | Redni 1T | 20 kWh] self_consumption                  943.50 EUR  (   1.4 s)
  [Fluvius_HP_EV 5 | Redni 1T | 20 kWh] fixed_schedule                    986.20 EUR  (   1.4 s)
  [Fluvius_HP_EV 5 | Redni 1T | 20 kWh] delayed_pv_charge                 943.50 EUR  (   1.4 s)
  [Fluvius_HP_EV 3 | Redni 1T | 30 kWh] milp_full_period                 2002.84 EUR  (  79.4 s)
[73/140] Fluvius_HP_EV_user_003_redni1t.csv (40 rows)  (2043s elapsed)
  [Fluvius_HP_EV 5 | Redni 1T | 20 kWh] price_threshold                   943.50 EUR  (   1.4 s)
  [Fluvius_HP_EV 5 | Redni 1T | 20 kWh] price_rank_daily                  943.50 EUR  (   1.4 s)
  [Fluvius_HP_EV 2 | Redni 1T | 30 kWh] milp_full_period                 3162.10 EUR  (  96.8 s)
[74/140] Fluvius_HP_EV_user_002_redni1t.csv (40 rows)  (2045s elapsed)
  [Fluvius_HP_EV 5 | Redni 1T | 20 kWh] peak_shaving                      940.76 EUR  (   1.4 s)
  [Fluvius_PV 1 | Redni 1T | 5 kWh] no_battery                        486.02 EUR  (   1.4 s)
  [Fluvius_HP_EV 5 | Redni 1T | 20 kWh] self_consumption_peak_shaving     940.93 EUR  (   1.4 s)
  [Fluvius_PV 1 | Redni 1T | 5 kWh] self_consumption                  380.94 EUR  (   1.4 s)
  [Fluvius_HP_EV 5 | Redni 1T | 20 kWh] price_oracle                      943.50 EUR  (   1.4 s)
  [Fluvius_PV 2 | Dinamični | 5 kWh] no_battery                        237.92 EUR  (   1.4 s)
  [Fluvius_PV 1 | Redni 1T | 5 kWh] fixed_schedule                    452.39 EUR  (   1.4 s)
  [Fluvius_PV 2 | Dinamični | 5 kWh] self_consumption                  157.33 EUR  (   1.4 s)
  [Fluvius_PV 1 | Redni 1T | 5 kWh] delayed_pv_charge                 388.10 EUR  (   1.4 s)
  [Fluvius_PV 2 | Dinamični | 5 kWh] fixed_schedule                    180.81 EUR  (   1.4 s)
  [Fluvius_PV 1 | Redni 1T | 5 kWh] price_threshold                   410.11 EUR  (   1.4 s)
  [Fluvius_PV 2 | Dinamični | 5 kWh] delayed_pv_charge                 169.62 EUR  (   1.4 s)
  [Fluvius_HP_EV 5 | Aktivni | 30 kWh] milp_full_period                  505.18 EUR  (  37.8 s)
[75/140] Fluvius_HP_EV_user_005_aktivni.csv (40 rows)  (2055s elapsed)
  [Fluvius_PV 1 | Redni 1T | 5 kWh] price_rank_daily                  380.94 EUR  (   1.4 s)
  [Fluvius_PV 2 | Dinamični | 5 kWh] price_threshold                   181.12 EUR  (   1.4 s)
  [Fluvius_PV 1 | Redni 1T | 5 kWh] peak_shaving                      474.01 EUR  (   1.4 s)
  [Fluvius_PV 2 | Dinamični | 5 kWh] price_rank_daily                  148.87 EUR  (   1.4 s)
  [Fluvius_PV 1 | Redni 1T | 5 kWh] self_consumption_peak_shaving     404.73 EUR  (   1.4 s)
  [Fluvius_PV 2 | Dinamični | 5 kWh] peak_shaving                      225.11 EUR  (   1.4 s)
  [Fluvius_PV 1 | Redni 1T | 5 kWh] price_oracle                      410.93 EUR  (   1.4 s)
  [Fluvius_PV 2 | Aktivni | 5 kWh] no_battery                        306.53 EUR  (   1.4 s)
  [Fluvius_PV 2 | Dinamični | 5 kWh] self_consumption_peak_shaving     163.81 EUR  (   1.4 s)
  [Fluvius_PV 2 | Aktivni | 5 kWh] self_consumption                  176.40 EUR  (   1.4 s)
  [Fluvius_PV 2 | Dinamični | 5 kWh] price_oracle                      174.86 EUR  (   1.4 s)
  [Fluvius_PV 2 | Aktivni | 5 kWh] fixed_schedule                    273.25 EUR  (   1.4 s)
  [Fluvius_PV 2 | Aktivni | 5 kWh] delayed_pv_charge                 195.32 EUR  (   1.4 s)
  [Fluvius_PV 1 | Aktivni | 5 kWh] milp_full_period                  344.90 EUR  (  26.5 s)
  [Fluvius_PV 2 | Aktivni | 5 kWh] price_threshold                   207.66 EUR  (   1.4 s)
  [Fluvius_PV 1 | Aktivni | 10 kWh] no_battery                        595.76 EUR  (   1.4 s)
  [Fluvius_PV 2 | Aktivni | 5 kWh] price_rank_daily                  176.79 EUR  (   1.4 s)
  [Fluvius_PV 1 | Aktivni | 10 kWh] self_consumption                  387.56 EUR  (   1.4 s)
  [Fluvius_PV 2 | Aktivni | 5 kWh] peak_shaving                      290.68 EUR  (   1.4 s)
  [Fluvius_PV 1 | Aktivni | 10 kWh] fixed_schedule                    527.36 EUR  (   1.4 s)
  [Fluvius_PV 2 | Aktivni | 5 kWh] self_consumption_peak_shaving     187.46 EUR  (   1.4 s)
  [Fluvius_PV 1 | Aktivni | 10 kWh] delayed_pv_charge                 416.17 EUR  (   1.4 s)
  [Fluvius_PV 2 | Aktivni | 5 kWh] price_oracle                      207.52 EUR  (   1.4 s)
  [Fluvius_HP_EV 5 | Redni 2T | 20 kWh] milp_full_period                  940.09 EUR  (  33.9 s)
  [Fluvius_PV 1 | Aktivni | 10 kWh] price_threshold                   415.65 EUR  (   1.4 s)
  [Fluvius_PV 1 | Aktivni | 10 kWh] price_rank_daily                  368.28 EUR  (   1.4 s)
  [Fluvius_HP_EV 5 | Redni 2T | 30 kWh] no_battery                        987.52 EUR  (   1.4 s)
  [Fluvius_PV 1 | Aktivni | 10 kWh] peak_shaving                      572.48 EUR  (   1.4 s)
  [Fluvius_HP_EV 5 | Redni 2T | 30 kWh] self_consumption                  987.92 EUR  (   1.4 s)
  [Fluvius_PV 1 | Aktivni | 10 kWh] self_consumption_peak_shaving     403.85 EUR  (   1.4 s)
  [Fluvius_HP_EV 5 | Redni 2T | 30 kWh] fixed_schedule                    965.88 EUR  (   1.4 s)
  [Fluvius_HP_EV 5 | Redni 2T | 30 kWh] delayed_pv_charge                 987.92 EUR  (   1.4 s)
  [Fluvius_PV 1 | Aktivni | 10 kWh] price_oracle                      414.57 EUR  (   1.4 s)
  [Fluvius_HP_EV 5 | Redni 2T | 30 kWh] price_threshold                   951.74 EUR  (   1.5 s)
  [Fluvius_HP_EV 5 | Redni 2T | 30 kWh] price_rank_daily                  964.71 EUR  (   1.4 s)
  [Fluvius_HP_EV 5 | Redni 2T | 30 kWh] peak_shaving                      983.86 EUR  (   1.4 s)
  [Fluvius_HP_EV 5 | Redni 2T | 30 kWh] self_consumption_peak_shaving     984.13 EUR  (   1.4 s)
  [Fluvius_HP_EV 5 | Redni 2T | 30 kWh] price_oracle                      950.72 EUR  (   1.4 s)
  [Fluvius_PV 1 | Redni 1T | 5 kWh] milp_full_period                  377.44 EUR  (  27.5 s)
  [Fluvius_HP_EV 4 | Redni 1T | 30 kWh] milp_full_period                 1193.16 EUR  (  60.7 s)
[76/140] Fluvius_HP_EV_user_004_redni1t.csv (40 rows)  (2088s elapsed)
  [Fluvius_PV 1 | Redni 1T | 10 kWh] no_battery                        486.02 EUR  (   1.4 s)
  [Fluvius_PV 1 | Redni 1T | 10 kWh] self_consumption                  360.70 EUR  (   1.4 s)
  [Fluvius_PV 1 | Redni 1T | 10 kWh] fixed_schedule                    457.22 EUR  (   1.4 s)
  [Fluvius_PV 1 | Redni 1T | 10 kWh] delayed_pv_charge                 362.94 EUR  (   1.4 s)
  [Fluvius_PV 2 | Redni 1T | 5 kWh] no_battery                        226.42 EUR  (   1.4 s)
  [Fluvius_HP_EV 5 | Dinamični | 20 kWh] milp_full_period                  445.72 EUR  (  82.1 s)
  [Fluvius_PV 1 | Redni 1T | 10 kWh] price_threshold                   396.36 EUR  (   1.4 s)
  [Fluvius_PV 2 | Redni 1T | 5 kWh] self_consumption                  150.76 EUR  (   1.4 s)
  [Fluvius_HP_EV 5 | Dinamični | 30 kWh] no_battery                        997.23 EUR  (   1.4 s)
  [Fluvius_PV 1 | Redni 1T | 10 kWh] price_rank_daily                  360.70 EUR  (   1.4 s)
  [Fluvius_PV 2 | Redni 1T | 5 kWh] fixed_schedule                    210.06 EUR  (   1.4 s)
  [Fluvius_HP_EV 5 | Dinamični | 30 kWh] self_consumption                  998.81 EUR  (   1.4 s)
  [Fluvius_PV 1 | Redni 1T | 10 kWh] peak_shaving                      471.96 EUR  (   1.4 s)
  [Fluvius_PV 2 | Redni 1T | 5 kWh] delayed_pv_charge                 152.30 EUR  (   1.4 s)
  [Fluvius_HP_EV 5 | Dinamični | 30 kWh] fixed_schedule                    896.61 EUR  (   1.4 s)
  [Fluvius_PV 2 | Aktivni | 5 kWh] milp_full_period                   86.41 EUR  (  27.3 s)
  [Fluvius_PV 1 | Redni 1T | 10 kWh] self_consumption_peak_shaving     371.67 EUR  (   1.4 s)
  [Fluvius_PV 2 | Redni 1T | 5 kWh] price_threshold                   166.94 EUR  (   1.4 s)
  [Fluvius_HP_EV 5 | Dinamični | 30 kWh] delayed_pv_charge                 998.81 EUR  (   1.4 s)
  [Fluvius_PV 1 | Redni 1T | 10 kWh] price_oracle                      397.53 EUR  (   1.4 s)
  [Fluvius_PV 2 | Aktivni | 10 kWh] no_battery                        306.53 EUR  (   1.4 s)
  [Fluvius_PV 2 | Redni 1T | 5 kWh] price_rank_daily                  150.76 EUR  (   1.4 s)
  [Fluvius_HP_EV 4 | Dinamični | 30 kWh] milp_full_period                  476.50 EUR  (  74.2 s)
[77/140] Fluvius_HP_EV_user_004.csv (40 rows)  (2101s elapsed)
  [Fluvius_HP_EV 5 | Dinamični | 30 kWh] price_threshold                   865.16 EUR  (   1.4 s)
  [Fluvius_PV 2 | Aktivni | 10 kWh] self_consumption                  168.07 EUR  (   1.4 s)
  [Fluvius_PV 2 | Redni 1T | 5 kWh] peak_shaving                      215.32 EUR  (   1.4 s)
  [Fluvius_HP_EV 5 | Dinamični | 30 kWh] price_rank_daily                  836.20 EUR  (   1.4 s)
  [Fluvius_PV 2 | Aktivni | 10 kWh] fixed_schedule                    272.02 EUR  (   1.4 s)
  [Fluvius_PV 2 | Redni 1T | 5 kWh] self_consumption_peak_shaving     156.93 EUR  (   1.4 s)
  [Fluvius_HP_EV 5 | Dinamični | 30 kWh] peak_shaving                      993.42 EUR  (   1.4 s)
  [Fluvius_PV 2 | Aktivni | 10 kWh] delayed_pv_charge                 185.41 EUR  (   1.4 s)
  [Fluvius_PV 2 | Redni 1T | 5 kWh] price_oracle                      167.55 EUR  (   1.4 s)
  [Fluvius_HP_EV 5 | Dinamični | 30 kWh] self_consumption_peak_shaving     994.73 EUR  (   1.4 s)
  [Fluvius_PV 3 | Dinamični | 5 kWh] no_battery                        124.22 EUR  (   1.4 s)
  [Fluvius_PV 2 | Aktivni | 10 kWh] price_threshold                   207.74 EUR  (   1.4 s)
  [Fluvius_PV 1 | Aktivni | 10 kWh] milp_full_period                  220.83 EUR  (  29.0 s)
  [Fluvius_HP_EV 5 | Dinamični | 30 kWh] price_oracle                      836.26 EUR  (   1.4 s)
  [Fluvius_PV 3 | Dinamični | 5 kWh] self_consumption                   53.96 EUR  (   1.4 s)
  [Fluvius_PV 2 | Aktivni | 10 kWh] price_rank_daily                  177.73 EUR  (   1.4 s)
  [Fluvius_PV 3 | Dinamični | 5 kWh] fixed_schedule                     70.45 EUR  (   1.4 s)
  [Fluvius_PV 1 | Aktivni | 20 kWh] no_battery                        595.76 EUR  (   1.4 s)
  [Fluvius_PV 2 | Aktivni | 10 kWh] peak_shaving                      290.41 EUR  (   1.4 s)
  [Fluvius_PV 3 | Dinamični | 5 kWh] delayed_pv_charge                  64.47 EUR  (   1.4 s)
  [Fluvius_PV 1 | Aktivni | 20 kWh] self_consumption                  381.57 EUR  (   1.4 s)
  [Fluvius_PV 2 | Aktivni | 10 kWh] self_consumption_peak_shaving     177.61 EUR  (   1.4 s)
  [Fluvius_PV 3 | Dinamični | 5 kWh] price_threshold                    73.65 EUR  (   1.4 s)
  [Fluvius_PV 1 | Aktivni | 20 kWh] fixed_schedule                    524.21 EUR  (   1.4 s)
  [Fluvius_PV 2 | Aktivni | 10 kWh] price_oracle                      207.03 EUR  (   1.4 s)
  [Fluvius_PV 3 | Dinamični | 5 kWh] price_rank_daily                   49.46 EUR  (   1.4 s)
  [Fluvius_PV 1 | Aktivni | 20 kWh] delayed_pv_charge                 406.48 EUR  (   1.4 s)
  [Fluvius_PV 3 | Dinamični | 5 kWh] peak_shaving                      113.26 EUR  (   1.4 s)
  [Fluvius_PV 1 | Aktivni | 20 kWh] price_threshold                   413.91 EUR  (   1.4 s)
  [Fluvius_PV 3 | Dinamični | 5 kWh] self_consumption_peak_shaving      57.92 EUR  (   1.4 s)
  [Fluvius_PV 1 | Aktivni | 20 kWh] price_rank_daily                  367.35 EUR  (   1.4 s)
  [Fluvius_PV 3 | Dinamični | 5 kWh] price_oracle                       70.29 EUR  (   1.4 s)
  [Fluvius_PV 1 | Aktivni | 20 kWh] peak_shaving                      571.11 EUR  (   1.4 s)
  [Fluvius_PV 1 | Aktivni | 20 kWh] self_consumption_peak_shaving     396.08 EUR  (   1.4 s)
  [Fluvius_PV 1 | Aktivni | 20 kWh] price_oracle                      412.67 EUR  (   1.4 s)
  [Fluvius_PV 1 | Dinamični | 5 kWh] milp_full_period                  239.16 EUR  ( 125.5 s)
  [Fluvius_PV 1 | Dinamični | 10 kWh] no_battery                        480.24 EUR  (   1.4 s)
  [Fluvius_PV 1 | Dinamični | 10 kWh] self_consumption                  351.58 EUR  (   1.4 s)
  [Fluvius_PV 1 | Dinamični | 10 kWh] fixed_schedule                    376.56 EUR  (   1.4 s)
  [Fluvius_PV 1 | Dinamični | 10 kWh] delayed_pv_charge                 371.32 EUR  (   1.4 s)
  [Fluvius_HP_EV 5 | Redni 2T | 30 kWh] milp_full_period                  934.29 EUR  (  44.0 s)
[78/140] Fluvius_HP_EV_user_005_redni2t.csv (40 rows)  (2128s elapsed)
  [Fluvius_PV 1 | Dinamični | 10 kWh] price_threshold                   371.26 EUR  (   1.4 s)
  [Fluvius_PV 1 | Dinamični | 10 kWh] price_rank_daily                  325.47 EUR  (   1.4 s)
  [Fluvius_PV 1 | Dinamični | 10 kWh] peak_shaving                      464.05 EUR  (   1.4 s)
  [Fluvius_PV 2 | Redni 1T | 5 kWh] milp_full_period                  147.57 EUR  (  27.8 s)
  [Fluvius_PV 1 | Dinamični | 10 kWh] self_consumption_peak_shaving     362.12 EUR  (   1.5 s)
  [Fluvius_PV 3 | Aktivni | 5 kWh] no_battery                        177.35 EUR  (   1.4 s)
  [Fluvius_PV 1 | Redni 1T | 10 kWh] milp_full_period                  357.31 EUR  (  33.9 s)
  [Fluvius_PV 2 | Redni 1T | 10 kWh] no_battery                        226.42 EUR  (   1.4 s)
  [Fluvius_PV 1 | Dinamični | 10 kWh] price_oracle                      366.29 EUR  (   1.4 s)
  [Fluvius_PV 3 | Aktivni | 5 kWh] self_consumption                   65.13 EUR  (   1.4 s)
  [Fluvius_PV 2 | Redni 1T | 10 kWh] self_consumption                  144.28 EUR  (   1.4 s)
  [Fluvius_PV 1 | Redni 1T | 20 kWh] no_battery                        486.02 EUR  (   1.4 s)
  [Fluvius_PV 3 | Aktivni | 5 kWh] fixed_schedule                    134.38 EUR  (   1.4 s)
  [Fluvius_PV 2 | Redni 1T | 10 kWh] fixed_schedule                    211.65 EUR  (   1.4 s)
  [Fluvius_PV 1 | Redni 1T | 20 kWh] self_consumption                  354.38 EUR  (   1.4 s)
  [Fluvius_PV 3 | Aktivni | 5 kWh] delayed_pv_charge                  82.00 EUR  (   1.4 s)
  [Fluvius_PV 2 | Redni 1T | 10 kWh] delayed_pv_charge                 144.76 EUR  (   1.4 s)
  [Fluvius_PV 1 | Redni 1T | 20 kWh] fixed_schedule                    458.05 EUR  (   1.4 s)
  [Fluvius_PV 3 | Aktivni | 5 kWh] price_threshold                   100.38 EUR  (   1.4 s)
  [Fluvius_PV 2 | Aktivni | 10 kWh] milp_full_period                  -24.27 EUR  (  28.0 s)
  [Fluvius_PV 2 | Redni 1T | 10 kWh] price_threshold                   161.20 EUR  (   1.4 s)
  [Fluvius_PV 1 | Redni 1T | 20 kWh] delayed_pv_charge                 354.80 EUR  (   1.4 s)
  [Fluvius_PV 3 | Aktivni | 5 kWh] price_rank_daily                   74.37 EUR  (   1.4 s)
  [Fluvius_PV 2 | Redni 1T | 10 kWh] price_rank_daily                  144.28 EUR  (   1.4 s)
  [Fluvius_PV 2 | Aktivni | 20 kWh] no_battery                        306.53 EUR  (   1.4 s)
  [Fluvius_PV 1 | Redni 1T | 20 kWh] price_threshold                   384.61 EUR  (   1.4 s)
  [Fluvius_PV 3 | Aktivni | 5 kWh] peak_shaving                      164.79 EUR  (   1.4 s)
  [Fluvius_PV 2 | Redni 1T | 10 kWh] peak_shaving                      215.06 EUR  (   1.4 s)
  [Fluvius_PV 2 | Aktivni | 20 kWh] self_consumption                  162.77 EUR  (   1.4 s)
  [Fluvius_PV 1 | Redni 1T | 20 kWh] price_rank_daily                  354.38 EUR  (   1.4 s)
  [Fluvius_PV 3 | Aktivni | 5 kWh] self_consumption_peak_shaving      69.76 EUR  (   1.4 s)
  [Fluvius_HP_EV 5 | Redni 1T | 20 kWh] milp_full_period                  934.58 EUR  (  94.3 s)
  [Fluvius_PV 2 | Redni 1T | 10 kWh] self_consumption_peak_shaving     149.15 EUR  (   1.4 s)
  [Fluvius_PV 2 | Aktivni | 20 kWh] fixed_schedule                    272.07 EUR  (   1.4 s)
  [Fluvius_PV 1 | Redni 1T | 20 kWh] peak_shaving                      470.99 EUR  (   1.4 s)
  [Fluvius_PV 3 | Aktivni | 5 kWh] price_oracle                      100.49 EUR  (   1.4 s)
  [Fluvius_PV 2 | Redni 1T | 10 kWh] price_oracle                      162.20 EUR  (   1.4 s)
  [Fluvius_PV 2 | Aktivni | 20 kWh] delayed_pv_charge                 179.85 EUR  (   1.4 s)
  [Fluvius_PV 1 | Redni 1T | 20 kWh] self_consumption_peak_shaving     364.36 EUR  (   1.4 s)
  [Fluvius_HP_EV 5 | Redni 1T | 30 kWh] no_battery                        943.36 EUR  (   1.4 s)
  [Fluvius_PV 2 | Aktivni | 20 kWh] price_threshold                   207.80 EUR  (   1.4 s)
  [Fluvius_PV 1 | Redni 1T | 20 kWh] price_oracle                      386.14 EUR  (   1.4 s)
  [Fluvius_HP_EV 5 | Redni 1T | 30 kWh] self_consumption                  943.57 EUR  (   1.4 s)
  [Fluvius_PV 2 | Aktivni | 20 kWh] price_rank_daily                  177.82 EUR  (   1.4 s)
  [Fluvius_HP_EV 5 | Redni 1T | 30 kWh] fixed_schedule                    989.33 EUR  (   1.4 s)
  [Fluvius_PV 1 | Aktivni | 20 kWh] milp_full_period                   57.01 EUR  (  29.1 s)
  [Fluvius_PV 2 | Aktivni | 20 kWh] peak_shaving                      289.88 EUR  (   1.4 s)
  [Fluvius_HP_EV 5 | Redni 1T | 30 kWh] delayed_pv_charge                 943.57 EUR  (   1.4 s)
  [Fluvius_PV 1 | Aktivni | 30 kWh] no_battery                        595.76 EUR  (   1.4 s)
  [Fluvius_PV 2 | Aktivni | 20 kWh] self_consumption_peak_shaving     172.94 EUR  (   1.4 s)
  [Fluvius_HP_EV 5 | Redni 1T | 30 kWh] price_threshold                   943.57 EUR  (   1.4 s)
  [Fluvius_PV 1 | Aktivni | 30 kWh] self_consumption                  380.23 EUR  (   1.4 s)
  [Fluvius_PV 2 | Dinamični | 5 kWh] milp_full_period                   19.23 EUR  (  90.8 s)
  [Fluvius_HP_EV 5 | Redni 1T | 30 kWh] price_rank_daily                  943.57 EUR  (   1.4 s)
  [Fluvius_PV 2 | Aktivni | 20 kWh] price_oracle                      207.13 EUR  (   1.4 s)
  [Fluvius_PV 1 | Aktivni | 30 kWh] fixed_schedule                    524.20 EUR  (   1.4 s)
  [Fluvius_HP_EV 5 | Redni 1T | 30 kWh] peak_shaving                      940.77 EUR  (   1.4 s)
  [Fluvius_PV 2 | Dinamični | 10 kWh] no_battery                        237.92 EUR  (   1.4 s)
  [Fluvius_PV 1 | Aktivni | 30 kWh] delayed_pv_charge                 404.31 EUR  (   1.4 s)
  [Fluvius_HP_EV 5 | Redni 1T | 30 kWh] self_consumption_peak_shaving     941.00 EUR  (   1.4 s)
  [Fluvius_PV 2 | Dinamični | 10 kWh] self_consumption                  153.36 EUR  (   1.4 s)
  [Fluvius_PV 1 | Aktivni | 30 kWh] price_threshold                   413.76 EUR  (   1.4 s)
  [Fluvius_HP_EV 5 | Redni 1T | 30 kWh] price_oracle                      943.57 EUR  (   1.4 s)
  [Fluvius_PV 2 | Dinamični | 10 kWh] fixed_schedule                    174.99 EUR  (   1.4 s)
  [Fluvius_PV 1 | Aktivni | 30 kWh] price_rank_daily                  395.03 EUR  (   1.4 s)
  [Fluvius_PV 2 | Dinamični | 10 kWh] delayed_pv_charge                 164.45 EUR  (   1.4 s)
  [Fluvius_PV 1 | Aktivni | 30 kWh] peak_shaving                      570.22 EUR  (   1.4 s)
  [Fluvius_PV 2 | Dinamični | 10 kWh] price_threshold                   172.51 EUR  (   1.4 s)
  [Fluvius_PV 1 | Aktivni | 30 kWh] self_consumption_peak_shaving     394.90 EUR  (   1.4 s)
  [Fluvius_PV 2 | Dinamični | 10 kWh] price_rank_daily                  144.77 EUR  (   1.4 s)
  [Fluvius_PV 1 | Aktivni | 30 kWh] price_oracle                      412.68 EUR  (   1.4 s)
  [Fluvius_PV 2 | Dinamični | 10 kWh] peak_shaving                      224.92 EUR  (   1.4 s)
  [Fluvius_PV 2 | Dinamični | 10 kWh] self_consumption_peak_shaving     158.86 EUR  (   1.4 s)
  [Fluvius_PV 2 | Dinamični | 10 kWh] price_oracle                      165.91 EUR  (   1.4 s)
  [Fluvius_PV 3 | Aktivni | 5 kWh] milp_full_period                  -27.15 EUR  (  27.2 s)
  [Fluvius_PV 3 | Aktivni | 10 kWh] no_battery                        177.35 EUR  (   1.5 s)
  [Fluvius_PV 3 | Aktivni | 10 kWh] self_consumption                   62.06 EUR  (   1.4 s)
  [Fluvius_PV 3 | Aktivni | 10 kWh] fixed_schedule                    134.40 EUR  (   1.4 s)
  [Fluvius_PV 3 | Aktivni | 10 kWh] delayed_pv_charge                  78.24 EUR  (   1.4 s)
  [Fluvius_PV 3 | Aktivni | 10 kWh] price_threshold                   100.66 EUR  (   1.4 s)
  [Fluvius_PV 3 | Aktivni | 10 kWh] price_rank_daily                   74.80 EUR  (   1.4 s)
  [Fluvius_PV 3 | Aktivni | 10 kWh] peak_shaving                      164.52 EUR  (   1.4 s)
  [Fluvius_PV 3 | Aktivni | 10 kWh] self_consumption_peak_shaving      66.72 EUR  (   1.4 s)
  [Fluvius_PV 3 | Aktivni | 10 kWh] price_oracle                      100.71 EUR  (   1.4 s)
  [Fluvius_PV 2 | Aktivni | 20 kWh] milp_full_period                 -180.67 EUR  (  38.7 s)
  [Fluvius_PV 2 | Aktivni | 30 kWh] no_battery                        306.53 EUR  (   1.4 s)
  [Fluvius_PV 1 | Aktivni | 30 kWh] milp_full_period                  -96.49 EUR  (  32.6 s)
[79/140] Fluvius_PV_user_001_aktivni.csv (40 rows)  (2195s elapsed)
  [Fluvius_PV 2 | Aktivni | 30 kWh] self_consumption                  160.38 EUR  (   1.4 s)
  [Fluvius_PV 2 | Aktivni | 30 kWh] fixed_schedule                    272.14 EUR  (   1.4 s)
  [Fluvius_PV 1 | Redni 1T | 20 kWh] milp_full_period                  350.92 EUR  (  49.7 s)
  [Fluvius_PV 2 | Aktivni | 30 kWh] delayed_pv_charge                 177.00 EUR  (   1.4 s)
  [Fluvius_PV 1 | Redni 1T | 30 kWh] no_battery                        486.02 EUR  (   1.4 s)
  [Fluvius_PV 2 | Aktivni | 30 kWh] price_threshold                   207.76 EUR  (   1.4 s)
  [Fluvius_PV 3 | Redni 1T | 5 kWh] no_battery                        122.52 EUR  (   1.4 s)
  [Fluvius_PV 1 | Redni 1T | 30 kWh] self_consumption                  353.40 EUR  (   1.4 s)
  [Fluvius_PV 2 | Aktivni | 30 kWh] price_rank_daily                  198.40 EUR  (   1.4 s)
  [Fluvius_PV 3 | Redni 1T | 5 kWh] self_consumption                   55.45 EUR  (   1.4 s)
  [Fluvius_PV 1 | Redni 1T | 30 kWh] fixed_schedule                    457.97 EUR  (   1.4 s)
  [Fluvius_PV 2 | Aktivni | 30 kWh] peak_shaving                      289.35 EUR  (   1.4 s)
  [Fluvius_PV 3 | Redni 1T | 5 kWh] fixed_schedule                     98.86 EUR  (   1.4 s)
  [Fluvius_PV 1 | Redni 1T | 30 kWh] delayed_pv_charge                 353.45 EUR  (   1.4 s)
  [Fluvius_PV 2 | Aktivni | 30 kWh] self_consumption_peak_shaving     171.12 EUR  (   1.4 s)
  [Fluvius_PV 3 | Redni 1T | 5 kWh] delayed_pv_charge                  56.16 EUR  (   1.4 s)
  [Fluvius_PV 1 | Redni 1T | 30 kWh] price_threshold                   381.57 EUR  (   1.4 s)
  [Fluvius_PV 2 | Aktivni | 30 kWh] price_oracle                      207.09 EUR  (   1.4 s)
  [Fluvius_PV 3 | Redni 1T | 5 kWh] price_threshold                    69.37 EUR  (   1.4 s)
  [Fluvius_PV 1 | Redni 1T | 30 kWh] price_rank_daily                  353.40 EUR  (   1.4 s)
  [Fluvius_PV 3 | Redni 1T | 5 kWh] price_rank_daily                   55.45 EUR  (   1.4 s)
  [Fluvius_PV 1 | Redni 1T | 30 kWh] peak_shaving                      470.17 EUR  (   1.4 s)
  [Fluvius_PV 3 | Redni 1T | 5 kWh] peak_shaving                      112.12 EUR  (   1.4 s)
  [Fluvius_PV 1 | Redni 1T | 30 kWh] self_consumption_peak_shaving     363.06 EUR  (   1.4 s)
  [Fluvius_PV 3 | Redni 1T | 5 kWh] self_consumption_peak_shaving      59.13 EUR  (   1.4 s)
  [Fluvius_PV 1 | Redni 1T | 30 kWh] price_oracle                      383.10 EUR  (   1.4 s)
  [Fluvius_PV 3 | Redni 1T | 5 kWh] price_oracle                       69.75 EUR  (   1.4 s)
  [Fluvius_PV 3 | Aktivni | 10 kWh] milp_full_period                 -136.26 EUR  (  27.9 s)
  [Fluvius_PV 2 | Redni 1T | 10 kWh] milp_full_period                  141.01 EUR  (  67.9 s)
  [Fluvius_PV 3 | Aktivni | 20 kWh] no_battery                        177.35 EUR  (   1.4 s)
  [Fluvius_PV 2 | Redni 1T | 20 kWh] no_battery                        226.42 EUR  (   1.4 s)
  [Fluvius_PV 3 | Aktivni | 20 kWh] self_consumption                   60.34 EUR  (   1.4 s)
  [Fluvius_PV 2 | Redni 1T | 20 kWh] self_consumption                  140.91 EUR  (   1.4 s)
  [Fluvius_PV 3 | Aktivni | 20 kWh] fixed_schedule                    134.47 EUR  (   1.4 s)
  [Fluvius_PV 2 | Redni 1T | 20 kWh] fixed_schedule                    211.68 EUR  (   1.4 s)
  [Fluvius_PV 3 | Aktivni | 20 kWh] delayed_pv_charge                  76.35 EUR  (   1.4 s)
  [Fluvius_PV 2 | Redni 1T | 20 kWh] delayed_pv_charge                 141.21 EUR  (   1.4 s)
  [Fluvius_PV 3 | Aktivni | 20 kWh] price_threshold                   100.63 EUR  (   1.4 s)
  [Fluvius_PV 2 | Redni 1T | 20 kWh] price_threshold                   158.74 EUR  (   1.4 s)
  [Fluvius_PV 3 | Aktivni | 20 kWh] price_rank_daily                   74.63 EUR  (   1.4 s)
  [Fluvius_PV 2 | Redni 1T | 20 kWh] price_rank_daily                  140.91 EUR  (   1.4 s)
  [Fluvius_PV 3 | Aktivni | 20 kWh] peak_shaving                      164.00 EUR  (   1.4 s)
  [Fluvius_PV 2 | Redni 1T | 20 kWh] peak_shaving                      214.55 EUR  (   1.4 s)
  [Fluvius_PV 3 | Aktivni | 20 kWh] self_consumption_peak_shaving      65.00 EUR  (   1.4 s)
  [Fluvius_PV 2 | Redni 1T | 20 kWh] self_consumption_peak_shaving     145.94 EUR  (   1.4 s)
  [Fluvius_PV 3 | Aktivni | 20 kWh] price_oracle                      100.68 EUR  (   1.4 s)
  [Fluvius_PV 2 | Redni 1T | 20 kWh] price_oracle                      159.74 EUR  (   1.4 s)
  [Fluvius_PV 3 | Dinamični | 5 kWh] milp_full_period                  -84.57 EUR  ( 123.8 s)
  [Fluvius_PV 2 | Aktivni | 30 kWh] milp_full_period                 -327.38 EUR  (  35.9 s)
[80/140] Fluvius_PV_user_002_aktivni.csv (40 rows)  (2241s elapsed)
  [Fluvius_PV 3 | Dinamični | 10 kWh] no_battery                        124.22 EUR  (   1.4 s)
  [Fluvius_PV 3 | Redni 1T | 5 kWh] milp_full_period                   53.87 EUR  (  32.1 s)
  [Fluvius_PV 3 | Dinamični | 10 kWh] self_consumption                   52.18 EUR  (   1.4 s)
  [Fluvius_PV 3 | Redni 1T | 10 kWh] no_battery                        122.52 EUR  (   1.4 s)
  [Fluvius_PV 3 | Dinamični | 10 kWh] fixed_schedule                     70.03 EUR  (   1.4 s)
  [Fluvius_PV 4 | Dinamični | 5 kWh] no_battery                        288.21 EUR  (   1.4 s)
  [Fluvius_PV 3 | Redni 1T | 10 kWh] self_consumption                   53.20 EUR  (   1.4 s)
  [Fluvius_PV 3 | Dinamični | 10 kWh] delayed_pv_charge                  62.15 EUR  (   1.4 s)
  [Fluvius_PV 4 | Dinamični | 5 kWh] self_consumption                  264.90 EUR  (   1.4 s)
  [Fluvius_PV 3 | Redni 1T | 10 kWh] fixed_schedule                     98.92 EUR  (   1.4 s)
  [Fluvius_PV 3 | Dinamični | 10 kWh] price_threshold                    70.39 EUR  (   1.4 s)
  [Fluvius_PV 4 | Dinamični | 5 kWh] fixed_schedule                    248.06 EUR  (   1.4 s)
  [Fluvius_PV 3 | Redni 1T | 10 kWh] delayed_pv_charge                  53.44 EUR  (   1.4 s)
  [Fluvius_PV 1 | Dinamični | 10 kWh] milp_full_period                   96.45 EUR  ( 115.0 s)
  [Fluvius_PV 3 | Dinamični | 10 kWh] price_rank_daily                   49.00 EUR  (   1.4 s)
  [Fluvius_PV 4 | Dinamični | 5 kWh] delayed_pv_charge                 267.87 EUR  (   1.4 s)
  [Fluvius_PV 3 | Redni 1T | 10 kWh] price_threshold                    65.84 EUR  (   1.4 s)
  [Fluvius_PV 3 | Dinamični | 10 kWh] peak_shaving                      113.13 EUR  (   1.4 s)
  [Fluvius_PV 4 | Dinamični | 5 kWh] price_threshold                   256.44 EUR  (   1.4 s)
  [Fluvius_PV 1 | Dinamični | 20 kWh] no_battery                        480.24 EUR  (   1.4 s)
  [Fluvius_PV 3 | Redni 1T | 10 kWh] price_rank_daily                   53.20 EUR  (   1.4 s)
  [Fluvius_PV 3 | Dinamični | 10 kWh] self_consumption_peak_shaving      56.28 EUR  (   1.4 s)
  [Fluvius_PV 4 | Dinamični | 5 kWh] price_rank_daily                  237.64 EUR  (   1.4 s)
  [Fluvius_PV 1 | Dinamični | 20 kWh] self_consumption                  348.02 EUR  (   1.4 s)
  [Fluvius_PV 3 | Redni 1T | 10 kWh] peak_shaving                      111.87 EUR  (   1.4 s)
  [Fluvius_PV 3 | Dinamični | 10 kWh] price_oracle                       65.92 EUR  (   1.4 s)
  [Fluvius_PV 4 | Dinamični | 5 kWh] peak_shaving                      277.55 EUR  (   1.4 s)
  [Fluvius_PV 1 | Dinamični | 20 kWh] fixed_schedule                    368.56 EUR  (   1.4 s)
  [Fluvius_HP_EV 5 | Redni 1T | 30 kWh] milp_full_period                  934.58 EUR  (  97.4 s)
[81/140] Fluvius_HP_EV_user_005_redni1t.csv (40 rows)  (2255s elapsed)
  [Fluvius_PV 3 | Redni 1T | 10 kWh] self_consumption_peak_shaving      56.81 EUR  (   1.4 s)
  [Fluvius_PV 4 | Dinamični | 5 kWh] self_consumption_peak_shaving     261.22 EUR  (   1.4 s)
  [Fluvius_PV 1 | Dinamični | 20 kWh] delayed_pv_charge                 365.25 EUR  (   1.4 s)
  [Fluvius_PV 3 | Redni 1T | 10 kWh] price_oracle                       66.27 EUR  (   1.4 s)
  [Fluvius_PV 4 | Dinamični | 5 kWh] price_oracle                      253.05 EUR  (   1.4 s)
  [Fluvius_PV 1 | Dinamični | 20 kWh] price_threshold                   362.22 EUR  (   1.4 s)
  [Fluvius_PV 1 | Dinamični | 20 kWh] price_rank_daily                  320.25 EUR  (   1.4 s)
  [Fluvius_PV 1 | Redni 1T | 30 kWh] milp_full_period                  349.84 EUR  (  49.1 s)
[82/140] Fluvius_PV_user_001_redni1t.csv (40 rows)  (2259s elapsed)
  [Fluvius_PV 4 | Aktivni | 5 kWh] no_battery                        299.72 EUR  (   1.4 s)
  [Fluvius_PV 1 | Dinamični | 20 kWh] peak_shaving                      463.68 EUR  (   1.4 s)
  [Fluvius_PV 4 | Aktivni | 5 kWh] self_consumption                  266.25 EUR  (   1.4 s)
  [Fluvius_PV 1 | Dinamični | 20 kWh] self_consumption_peak_shaving     358.83 EUR  (   1.4 s)
  [Fluvius_PV 4 | Aktivni | 5 kWh] fixed_schedule                    295.42 EUR  (   1.4 s)
  [Fluvius_PV 1 | Dinamični | 20 kWh] price_oracle                      352.07 EUR  (   1.4 s)
  [Fluvius_PV 3 | Aktivni | 20 kWh] milp_full_period                 -289.23 EUR  (  36.9 s)
  [Fluvius_PV 4 | Aktivni | 5 kWh] delayed_pv_charge                 270.09 EUR  (   1.4 s)
  [Fluvius_PV 4 | Redni 1T | 5 kWh] no_battery                        259.30 EUR  (   1.4 s)
  [Fluvius_PV 4 | Aktivni | 5 kWh] price_threshold                   256.69 EUR  (   1.4 s)
  [Fluvius_PV 4 | Redni 1T | 5 kWh] self_consumption                  236.76 EUR  (   1.4 s)
  [Fluvius_PV 3 | Aktivni | 30 kWh] no_battery                        177.35 EUR  (   1.4 s)
  [Fluvius_PV 4 | Aktivni | 5 kWh] price_rank_daily                  249.16 EUR  (   1.4 s)
  [Fluvius_PV 4 | Redni 1T | 5 kWh] fixed_schedule                    255.89 EUR  (   1.4 s)
  [Fluvius_PV 3 | Aktivni | 30 kWh] self_consumption                   58.60 EUR  (   1.4 s)
  [Fluvius_PV 4 | Aktivni | 5 kWh] peak_shaving                      289.81 EUR  (   1.4 s)
  [Fluvius_PV 4 | Redni 1T | 5 kWh] delayed_pv_charge                 236.80 EUR  (   1.4 s)
  [Fluvius_PV 3 | Aktivni | 30 kWh] fixed_schedule                    134.53 EUR  (   1.4 s)
  [Fluvius_PV 4 | Aktivni | 5 kWh] self_consumption_peak_shaving     266.73 EUR  (   1.4 s)
  [Fluvius_PV 4 | Redni 1T | 5 kWh] price_threshold                   239.78 EUR  (   1.4 s)
  [Fluvius_PV 3 | Aktivni | 30 kWh] delayed_pv_charge                  74.74 EUR  (   1.4 s)
  [Fluvius_PV 4 | Aktivni | 5 kWh] price_oracle                      256.50 EUR  (   1.4 s)
  [Fluvius_PV 4 | Redni 1T | 5 kWh] price_rank_daily                  236.76 EUR  (   1.4 s)
  [Fluvius_PV 3 | Aktivni | 30 kWh] price_threshold                   100.57 EUR  (   1.4 s)
  [Fluvius_PV 4 | Redni 1T | 5 kWh] peak_shaving                      251.55 EUR  (   1.4 s)
  [Fluvius_PV 3 | Aktivni | 30 kWh] price_rank_daily                   92.93 EUR  (   1.4 s)
  [Fluvius_PV 4 | Redni 1T | 5 kWh] self_consumption_peak_shaving     236.47 EUR  (   1.4 s)
  [Fluvius_PV 3 | Aktivni | 30 kWh] peak_shaving                      163.47 EUR  (   1.4 s)
  [Fluvius_PV 2 | Redni 1T | 20 kWh] milp_full_period                  137.55 EUR  (  47.8 s)
  [Fluvius_PV 4 | Redni 1T | 5 kWh] price_oracle                      240.07 EUR  (   1.4 s)
  [Fluvius_PV 3 | Aktivni | 30 kWh] self_consumption_peak_shaving      63.30 EUR  (   1.4 s)
  [Fluvius_PV 2 | Redni 1T | 30 kWh] no_battery                        226.42 EUR  (   1.4 s)
  [Fluvius_PV 3 | Aktivni | 30 kWh] price_oracle                      100.62 EUR  (   1.4 s)
  [Fluvius_PV 2 | Redni 1T | 30 kWh] self_consumption                  139.66 EUR  (   1.4 s)
  [Fluvius_PV 2 | Redni 1T | 30 kWh] fixed_schedule                    211.67 EUR  (   1.4 s)
  [Fluvius_PV 2 | Dinamični | 10 kWh] milp_full_period                 -111.73 EUR  ( 114.8 s)
  [Fluvius_PV 2 | Redni 1T | 30 kWh] delayed_pv_charge                 139.78 EUR  (   1.4 s)
  [Fluvius_PV 2 | Redni 1T | 30 kWh] price_threshold                   157.95 EUR  (   1.4 s)
  [Fluvius_PV 2 | Dinamični | 20 kWh] no_battery                        237.92 EUR  (   1.4 s)
  [Fluvius_PV 2 | Redni 1T | 30 kWh] price_rank_daily                  139.66 EUR  (   1.4 s)
  [Fluvius_PV 2 | Dinamični | 20 kWh] self_consumption                  150.91 EUR  (   1.4 s)
  [Fluvius_PV 2 | Redni 1T | 30 kWh] peak_shaving                      214.04 EUR  (   1.4 s)
  [Fluvius_PV 2 | Dinamični | 20 kWh] fixed_schedule                    174.14 EUR  (   1.4 s)
  [Fluvius_HP_EV 5 | Dinamični | 30 kWh] milp_full_period                  307.16 EUR  ( 180.0 s)
[83/140] Fluvius_HP_EV_user_005.csv (40 rows)  (2286s elapsed)
  [Fluvius_PV 2 | Redni 1T | 30 kWh] self_consumption_peak_shaving     145.02 EUR  (   1.4 s)
  [Fluvius_PV 2 | Dinamični | 20 kWh] delayed_pv_charge                 161.87 EUR  (   1.4 s)
  [Fluvius_PV 2 | Redni 1T | 30 kWh] price_oracle                      158.95 EUR  (   1.4 s)
  [Fluvius_PV 2 | Dinamični | 20 kWh] price_threshold                   168.55 EUR  (   1.4 s)
  [Fluvius_PV 2 | Dinamični | 20 kWh] price_rank_daily                  143.94 EUR  (   1.4 s)
  [Fluvius_PV 2 | Dinamični | 20 kWh] peak_shaving                      224.61 EUR  (   1.4 s)
  [Fluvius_PV 5 | Dinamični | 5 kWh] no_battery                        223.69 EUR  (   1.4 s)
  [Fluvius_PV 2 | Dinamični | 20 kWh] self_consumption_peak_shaving     156.77 EUR  (   1.4 s)
  [Fluvius_PV 5 | Dinamični | 5 kWh] self_consumption                  186.83 EUR  (   1.4 s)
  [Fluvius_PV 2 | Dinamični | 20 kWh] price_oracle                      161.00 EUR  (   1.4 s)
  [Fluvius_PV 5 | Dinamični | 5 kWh] fixed_schedule                    178.18 EUR  (   1.4 s)
  [Fluvius_PV 5 | Dinamični | 5 kWh] delayed_pv_charge                 190.55 EUR  (   1.4 s)
  [Fluvius_PV 5 | Dinamični | 5 kWh] price_threshold                   187.24 EUR  (   1.4 s)
  [Fluvius_PV 5 | Dinamični | 5 kWh] price_rank_daily                  166.17 EUR  (   1.4 s)
  [Fluvius_PV 4 | Aktivni | 5 kWh] milp_full_period                  162.24 EUR  (  27.7 s)
  [Fluvius_PV 5 | Dinamični | 5 kWh] peak_shaving                      208.72 EUR  (   1.4 s)
  [Fluvius_PV 4 | Aktivni | 10 kWh] no_battery                        299.72 EUR  (   1.4 s)
  [Fluvius_PV 5 | Dinamični | 5 kWh] self_consumption_peak_shaving     186.59 EUR  (   1.4 s)
  [Fluvius_PV 4 | Aktivni | 10 kWh] self_consumption                  264.91 EUR  (   1.4 s)
  [Fluvius_PV 5 | Dinamični | 5 kWh] price_oracle                      182.51 EUR  (   1.4 s)
  [Fluvius_PV 4 | Aktivni | 10 kWh] fixed_schedule                    294.27 EUR  (   1.4 s)
  [Fluvius_PV 4 | Aktivni | 10 kWh] delayed_pv_charge                 268.29 EUR  (   1.4 s)
  [Fluvius_PV 4 | Aktivni | 10 kWh] price_threshold                   257.25 EUR  (   1.4 s)
  [Fluvius_PV 4 | Aktivni | 10 kWh] price_rank_daily                  250.06 EUR  (   1.4 s)
  [Fluvius_PV 4 | Aktivni | 10 kWh] peak_shaving                      288.01 EUR  (   1.4 s)
  [Fluvius_PV 4 | Aktivni | 10 kWh] self_consumption_peak_shaving     264.41 EUR  (   1.4 s)
  [Fluvius_PV 4 | Aktivni | 10 kWh] price_oracle                      256.62 EUR  (   1.4 s)
  [Fluvius_PV 3 | Aktivni | 30 kWh] milp_full_period                 -435.20 EUR  (  39.2 s)
[84/140] Fluvius_PV_user_003_aktivni.csv (40 rows)  (2316s elapsed)
  [Fluvius_PV 5 | Aktivni | 5 kWh] no_battery                        291.37 EUR  (   1.4 s)
  [Fluvius_PV 4 | Redni 1T | 5 kWh] milp_full_period                  234.13 EUR  (  46.8 s)
  [Fluvius_PV 5 | Aktivni | 5 kWh] self_consumption                  233.21 EUR  (   1.4 s)
  [Fluvius_PV 5 | Aktivni | 5 kWh] fixed_schedule                    270.36 EUR  (   1.4 s)
  [Fluvius_PV 4 | Redni 1T | 10 kWh] no_battery                        259.30 EUR  (   1.4 s)
  [Fluvius_PV 5 | Aktivni | 5 kWh] delayed_pv_charge                 239.09 EUR  (   1.4 s)
  [Fluvius_PV 4 | Redni 1T | 10 kWh] self_consumption                  235.10 EUR  (   1.4 s)
  [Fluvius_PV 5 | Aktivni | 5 kWh] price_threshold                   231.12 EUR  (   1.4 s)
  [Fluvius_PV 4 | Redni 1T | 10 kWh] fixed_schedule                    257.44 EUR  (   1.4 s)
  [Fluvius_PV 5 | Aktivni | 5 kWh] price_rank_daily                  216.95 EUR  (   1.4 s)
  [Fluvius_PV 4 | Redni 1T | 10 kWh] delayed_pv_charge                 235.13 EUR  (   1.4 s)
  [Fluvius_PV 5 | Aktivni | 5 kWh] peak_shaving                      274.04 EUR  (   1.4 s)
  [Fluvius_PV 4 | Redni 1T | 10 kWh] price_threshold                   238.80 EUR  (   1.4 s)
  [Fluvius_PV 5 | Aktivni | 5 kWh] self_consumption_peak_shaving     239.13 EUR  (   1.4 s)
  [Fluvius_PV 4 | Redni 1T | 10 kWh] price_rank_daily                  235.10 EUR  (   1.4 s)
  [Fluvius_PV 5 | Aktivni | 5 kWh] price_oracle                      231.12 EUR  (   1.4 s)
  [Fluvius_PV 4 | Redni 1T | 10 kWh] peak_shaving                      250.37 EUR  (   1.4 s)
  [Fluvius_PV 4 | Redni 1T | 10 kWh] self_consumption_peak_shaving     234.30 EUR  (   1.4 s)
  [Fluvius_PV 4 | Redni 1T | 10 kWh] price_oracle                      239.09 EUR  (   1.4 s)
  [Fluvius_PV 3 | Redni 1T | 10 kWh] milp_full_period                   51.56 EUR  (  83.1 s)
  [Fluvius_PV 4 | Aktivni | 10 kWh] milp_full_period                   83.48 EUR  (  28.4 s)
  [Fluvius_PV 2 | Redni 1T | 30 kWh] milp_full_period                  136.22 EUR  (  52.5 s)
[85/140] Fluvius_PV_user_002_redni1t.csv (40 rows)  (2340s elapsed)
  [Fluvius_PV 3 | Redni 1T | 20 kWh] no_battery                        122.52 EUR  (   1.4 s)
  [Fluvius_PV 4 | Aktivni | 20 kWh] no_battery                        299.72 EUR  (   1.4 s)
  [Fluvius_PV 3 | Redni 1T | 20 kWh] self_consumption                   52.14 EUR  (   1.4 s)
  [Fluvius_PV 4 | Aktivni | 20 kWh] self_consumption                  264.09 EUR  (   1.4 s)
  [Fluvius_PV 3 | Redni 1T | 20 kWh] fixed_schedule                     98.92 EUR  (   1.4 s)
  [Fluvius_PV 4 | Aktivni | 20 kWh] fixed_schedule                    294.34 EUR  (   1.4 s)
  [Fluvius_PV 5 | Redni 1T | 5 kWh] no_battery                        193.63 EUR  (   1.4 s)
  [Fluvius_PV 3 | Redni 1T | 20 kWh] delayed_pv_charge                  52.28 EUR  (   1.4 s)
  [Fluvius_PV 4 | Aktivni | 20 kWh] delayed_pv_charge                 267.33 EUR  (   1.4 s)
  [Fluvius_PV 5 | Redni 1T | 5 kWh] self_consumption                  155.88 EUR  (   1.4 s)
  [Fluvius_PV 3 | Redni 1T | 20 kWh] price_threshold                    63.54 EUR  (   1.4 s)
  [Fluvius_PV 4 | Aktivni | 20 kWh] price_threshold                   257.23 EUR  (   1.4 s)
  [Fluvius_PV 5 | Redni 1T | 5 kWh] fixed_schedule                    178.82 EUR  (   1.4 s)
  [Fluvius_PV 3 | Redni 1T | 20 kWh] price_rank_daily                   52.14 EUR  (   1.4 s)
  [Fluvius_PV 4 | Aktivni | 20 kWh] price_rank_daily                  250.28 EUR  (   1.4 s)
  [Fluvius_PV 5 | Redni 1T | 5 kWh] delayed_pv_charge                 156.33 EUR  (   1.4 s)
  [Fluvius_PV 3 | Redni 1T | 20 kWh] peak_shaving                      111.35 EUR  (   1.4 s)
  [Fluvius_PV 4 | Aktivni | 20 kWh] peak_shaving                      286.02 EUR  (   1.4 s)
  [Fluvius_PV 5 | Redni 1T | 5 kWh] price_threshold                   160.36 EUR  (   1.4 s)
  [Fluvius_PV 3 | Redni 1T | 20 kWh] self_consumption_peak_shaving      55.94 EUR  (   1.4 s)
  [Fluvius_PV 4 | Aktivni | 20 kWh] self_consumption_peak_shaving     263.07 EUR  (   1.4 s)
  [Fluvius_PV 5 | Redni 1T | 5 kWh] price_rank_daily                  155.88 EUR  (   1.4 s)
  [Fluvius_PV 3 | Redni 1T | 20 kWh] price_oracle                       64.26 EUR  (   1.4 s)
  [Fluvius_PV 4 | Aktivni | 20 kWh] price_oracle                      256.65 EUR  (   1.4 s)
  [Fluvius_PV 5 | Redni 1T | 5 kWh] peak_shaving                      179.98 EUR  (   1.4 s)
  [Fluvius_PV 5 | Redni 1T | 5 kWh] self_consumption_peak_shaving     158.13 EUR  (   1.4 s)
  [Fluvius_PV 5 | Redni 1T | 5 kWh] price_oracle                      161.16 EUR  (   1.4 s)
  [Fluvius_PV 5 | Aktivni | 5 kWh] milp_full_period                   97.94 EUR  (  28.0 s)
  [Fluvius_PV 5 | Aktivni | 10 kWh] no_battery                        291.37 EUR  (   1.4 s)
  [Fluvius_PV 5 | Aktivni | 10 kWh] self_consumption                  220.34 EUR  (   1.4 s)
  [Fluvius_PV 5 | Aktivni | 10 kWh] fixed_schedule                    263.13 EUR  (   1.4 s)
  [Fluvius_PV 5 | Aktivni | 10 kWh] delayed_pv_charge                 225.89 EUR  (   1.4 s)
  [Fluvius_PV 5 | Aktivni | 10 kWh] price_threshold                   222.73 EUR  (   1.4 s)
  [Fluvius_PV 5 | Aktivni | 10 kWh] price_rank_daily                  207.04 EUR  (   1.4 s)
  [Fluvius_PV 5 | Aktivni | 10 kWh] peak_shaving                      270.16 EUR  (   1.4 s)
  [Fluvius_PV 5 | Aktivni | 10 kWh] self_consumption_peak_shaving     222.14 EUR  (   1.5 s)
  [Fluvius_PV 5 | Aktivni | 10 kWh] price_oracle                      222.40 EUR  (   1.4 s)
  [Fluvius_PV 4 | Redni 1T | 10 kWh] milp_full_period                  232.39 EUR  (  47.5 s)
  [Fluvius_PV 5 | Dinamični | 5 kWh] milp_full_period                   14.38 EUR  (  80.9 s)
  [Fluvius_PV 5 | Redni 1T | 5 kWh] milp_full_period                  147.59 EUR  (  27.6 s)
  [Fluvius_PV 5 | Dinamični | 10 kWh] no_battery                        223.69 EUR  (   1.4 s)
  [Fluvius_PV 4 | Redni 1T | 20 kWh] no_battery                        259.30 EUR  (   1.4 s)
  [Fluvius_PV 1 | Dinamični | 20 kWh] milp_full_period                 -132.23 EUR  ( 122.6 s)
  [Fluvius_PV 5 | Redni 1T | 10 kWh] no_battery                        193.63 EUR  (   1.4 s)
  [Fluvius_PV 5 | Dinamični | 10 kWh] self_consumption                  181.16 EUR  (   1.4 s)
  [Fluvius_PV 4 | Redni 1T | 20 kWh] self_consumption                  234.26 EUR  (   1.4 s)
  [Fluvius_PV 1 | Dinamični | 30 kWh] no_battery                        480.24 EUR  (   1.4 s)
  [Fluvius_PV 5 | Redni 1T | 10 kWh] self_consumption                  147.19 EUR  (   1.4 s)
  [Fluvius_PV 5 | Dinamični | 10 kWh] fixed_schedule                    164.30 EUR  (   1.4 s)
  [Fluvius_PV 4 | Redni 1T | 20 kWh] fixed_schedule                    257.44 EUR  (   1.4 s)
  [Fluvius_PV 3 | Dinamični | 10 kWh] milp_full_period                 -211.59 EUR  ( 134.5 s)
  [Fluvius_PV 1 | Dinamični | 30 kWh] self_consumption                  346.92 EUR  (   1.4 s)
  [Fluvius_PV 5 | Redni 1T | 10 kWh] fixed_schedule                    179.24 EUR  (   1.4 s)
  [Fluvius_PV 5 | Dinamični | 10 kWh] delayed_pv_charge                 184.73 EUR  (   1.4 s)
  [Fluvius_PV 4 | Redni 1T | 20 kWh] delayed_pv_charge                 234.27 EUR  (   1.4 s)
  [Fluvius_PV 1 | Dinamični | 30 kWh] fixed_schedule                    367.90 EUR  (   1.4 s)
  [Fluvius_PV 3 | Dinamični | 20 kWh] no_battery                        124.22 EUR  (   1.4 s)
  [Fluvius_PV 5 | Redni 1T | 10 kWh] delayed_pv_charge                 147.65 EUR  (   1.4 s)
  [Fluvius_PV 5 | Dinamični | 10 kWh] price_threshold                   176.01 EUR  (   1.4 s)
  [Fluvius_PV 4 | Redni 1T | 20 kWh] price_threshold                   237.78 EUR  (   1.4 s)
  [Fluvius_PV 3 | Dinamični | 20 kWh] self_consumption                   51.29 EUR  (   1.4 s)
  [Fluvius_PV 1 | Dinamični | 30 kWh] delayed_pv_charge                 363.74 EUR  (   1.4 s)
  [Fluvius_PV 5 | Redni 1T | 10 kWh] price_threshold                   155.66 EUR  (   1.4 s)
  [Fluvius_PV 5 | Dinamični | 10 kWh] price_rank_daily                  151.17 EUR  (   1.4 s)
  [Fluvius_PV 4 | Redni 1T | 20 kWh] price_rank_daily                  234.26 EUR  (   1.4 s)
  [Fluvius_PV 3 | Dinamični | 20 kWh] fixed_schedule                     69.47 EUR  (   1.4 s)
  [Fluvius_PV 1 | Dinamični | 30 kWh] price_threshold                   359.39 EUR  (   1.4 s)
  [Fluvius_PV 4 | Aktivni | 20 kWh] milp_full_period                  -69.03 EUR  (  39.5 s)
  [Fluvius_PV 5 | Redni 1T | 10 kWh] price_rank_daily                  147.19 EUR  (   1.4 s)
  [Fluvius_PV 5 | Dinamični | 10 kWh] peak_shaving                      207.14 EUR  (   1.4 s)
  [Fluvius_PV 4 | Redni 1T | 20 kWh] peak_shaving                      249.39 EUR  (   1.4 s)
  [Fluvius_PV 3 | Dinamični | 20 kWh] delayed_pv_charge                  61.14 EUR  (   1.4 s)
  [Fluvius_PV 1 | Dinamični | 30 kWh] price_rank_daily                  327.66 EUR  (   1.4 s)
  [Fluvius_PV 5 | Redni 1T | 10 kWh] peak_shaving                      176.86 EUR  (   1.4 s)
  [Fluvius_PV 5 | Dinamični | 10 kWh] self_consumption_peak_shaving     178.39 EUR  (   1.4 s)
  [Fluvius_PV 4 | Aktivni | 30 kWh] no_battery                        299.72 EUR  (   1.4 s)
  [Fluvius_PV 4 | Redni 1T | 20 kWh] self_consumption_peak_shaving     233.24 EUR  (   1.4 s)
  [Fluvius_PV 3 | Dinamični | 20 kWh] price_threshold                    67.65 EUR  (   1.4 s)
  [Fluvius_PV 1 | Dinamični | 30 kWh] peak_shaving                      463.15 EUR  (   1.4 s)
  [Fluvius_PV 5 | Redni 1T | 10 kWh] self_consumption_peak_shaving     147.04 EUR  (   1.4 s)
  [Fluvius_PV 5 | Dinamični | 10 kWh] price_oracle                      169.95 EUR  (   1.4 s)
  [Fluvius_PV 4 | Aktivni | 30 kWh] self_consumption                  263.39 EUR  (   1.4 s)
  [Fluvius_PV 4 | Redni 1T | 20 kWh] price_oracle                      238.07 EUR  (   1.4 s)
  [Fluvius_PV 3 | Dinamični | 20 kWh] price_rank_daily                   48.81 EUR  (   1.4 s)
  [Fluvius_PV 1 | Dinamični | 30 kWh] self_consumption_peak_shaving     358.52 EUR  (   1.4 s)
  [Fluvius_PV 5 | Redni 1T | 10 kWh] price_oracle                      156.80 EUR  (   1.4 s)
  [Fluvius_PV 4 | Aktivni | 30 kWh] fixed_schedule                    294.41 EUR  (   1.4 s)
  [Fluvius_PV 3 | Dinamični | 20 kWh] peak_shaving                      112.85 EUR  (   1.4 s)
  [Fluvius_PV 1 | Dinamični | 30 kWh] price_oracle                      347.41 EUR  (   1.4 s)
  [Fluvius_PV 4 | Aktivni | 30 kWh] delayed_pv_charge                 266.48 EUR  (   1.4 s)
  [Fluvius_PV 3 | Dinamični | 20 kWh] self_consumption_peak_shaving      55.31 EUR  (   1.4 s)
  [Fluvius_PV 4 | Aktivni | 30 kWh] price_threshold                   257.21 EUR  (   1.4 s)
  [Fluvius_PV 5 | Aktivni | 10 kWh] milp_full_period                  -27.40 EUR  (  26.8 s)
  [Fluvius_PV 3 | Dinamični | 20 kWh] price_oracle                       63.11 EUR  (   1.4 s)
  [Fluvius_PV 3 | Redni 1T | 20 kWh] milp_full_period                   50.41 EUR  (  49.0 s)
  [Fluvius_PV 4 | Aktivni | 30 kWh] price_rank_daily                  255.02 EUR  (   1.4 s)
  [Fluvius_PV 5 | Aktivni | 20 kWh] no_battery                        291.37 EUR  (   1.4 s)
  [Fluvius_PV 4 | Aktivni | 30 kWh] peak_shaving                      285.08 EUR  (   1.4 s)
  [Fluvius_PV 3 | Redni 1T | 30 kWh] no_battery                        122.52 EUR  (   1.4 s)
  [Fluvius_PV 5 | Aktivni | 20 kWh] self_consumption                  209.32 EUR  (   1.4 s)
  [Fluvius_PV 4 | Aktivni | 30 kWh] self_consumption_peak_shaving     262.33 EUR  (   1.4 s)
  [Fluvius_PV 3 | Redni 1T | 30 kWh] self_consumption                   51.32 EUR  (   1.4 s)
  [Fluvius_PV 5 | Aktivni | 20 kWh] fixed_schedule                    260.91 EUR  (   1.4 s)
  [Fluvius_PV 4 | Aktivni | 30 kWh] price_oracle                      256.63 EUR  (   1.4 s)
  [Fluvius_PV 3 | Redni 1T | 30 kWh] fixed_schedule                     98.92 EUR  (   1.4 s)
  [Fluvius_PV 5 | Aktivni | 20 kWh] delayed_pv_charge                 214.70 EUR  (   1.4 s)
  [Fluvius_PV 3 | Redni 1T | 30 kWh] delayed_pv_charge                  51.46 EUR  (   1.4 s)
  [Fluvius_PV 5 | Aktivni | 20 kWh] price_threshold                   222.78 EUR  (   1.4 s)
  [Fluvius_PV 4 | Dinamični | 5 kWh] milp_full_period                  121.75 EUR  ( 152.3 s)
  [Fluvius_PV 3 | Redni 1T | 30 kWh] price_threshold                    62.74 EUR  (   1.4 s)
  [Fluvius_PV 5 | Aktivni | 20 kWh] price_rank_daily                  204.49 EUR  (   1.4 s)
  [Fluvius_PV 3 | Redni 1T | 30 kWh] price_rank_daily                   51.32 EUR  (   1.4 s)
  [Fluvius_PV 4 | Dinamični | 10 kWh] no_battery                        288.21 EUR  (   1.4 s)
  [Fluvius_PV 5 | Aktivni | 20 kWh] peak_shaving                      269.26 EUR  (   1.4 s)
  [Fluvius_PV 3 | Redni 1T | 30 kWh] peak_shaving                      110.84 EUR  (   1.4 s)
  [Fluvius_PV 4 | Dinamični | 10 kWh] self_consumption                  264.31 EUR  (   1.4 s)
  [Fluvius_PV 2 | Dinamični | 20 kWh] milp_full_period                 -326.22 EUR  ( 119.0 s)
  [Fluvius_PV 5 | Aktivni | 20 kWh] self_consumption_peak_shaving     210.18 EUR  (   1.4 s)
  [Fluvius_PV 3 | Redni 1T | 30 kWh] self_consumption_peak_shaving      55.12 EUR  (   1.4 s)
  [Fluvius_PV 4 | Dinamični | 10 kWh] fixed_schedule                    243.32 EUR  (   1.4 s)
  [Fluvius_PV 5 | Aktivni | 20 kWh] price_oracle                      222.41 EUR  (   1.4 s)
  [Fluvius_PV 2 | Dinamični | 30 kWh] no_battery                        237.92 EUR  (   1.4 s)
  [Fluvius_PV 3 | Redni 1T | 30 kWh] price_oracle                       63.46 EUR  (   1.4 s)
  [Fluvius_PV 4 | Dinamični | 10 kWh] delayed_pv_charge                 267.04 EUR  (   1.4 s)
  [Fluvius_PV 2 | Dinamični | 30 kWh] self_consumption                  149.76 EUR  (   1.4 s)
  [Fluvius_PV 4 | Dinamični | 10 kWh] price_threshold                   249.45 EUR  (   1.4 s)
  [Fluvius_PV 2 | Dinamični | 30 kWh] fixed_schedule                    173.57 EUR  (   1.4 s)
  [Fluvius_PV 4 | Dinamični | 10 kWh] price_rank_daily                  232.81 EUR  (   1.4 s)
  [Fluvius_PV 2 | Dinamični | 30 kWh] delayed_pv_charge                 160.56 EUR  (   1.4 s)
  [Fluvius_PV 4 | Dinamični | 10 kWh] peak_shaving                      277.17 EUR  (   1.4 s)
  [Fluvius_PV 2 | Dinamični | 30 kWh] price_threshold                   167.26 EUR  (   1.4 s)
  [Fluvius_PV 4 | Dinamični | 10 kWh] self_consumption_peak_shaving     259.75 EUR  (   1.4 s)
  [Fluvius_PV 2 | Dinamični | 30 kWh] price_rank_daily                  147.54 EUR  (   1.4 s)
  [Fluvius_PV 5 | Redni 1T | 10 kWh] milp_full_period                  138.81 EUR  (  24.9 s)
  [Fluvius_PV 4 | Dinamični | 10 kWh] price_oracle                      245.65 EUR  (   1.4 s)
  [Fluvius_PV 2 | Dinamični | 30 kWh] peak_shaving                      224.33 EUR  (   1.4 s)
  [Fluvius_PV 5 | Redni 1T | 20 kWh] no_battery                        193.63 EUR  (   1.4 s)
  [Fluvius_PV 2 | Dinamični | 30 kWh] self_consumption_peak_shaving     155.34 EUR  (   1.4 s)
  [Fluvius_PV 5 | Redni 1T | 20 kWh] self_consumption                  140.36 EUR  (   1.4 s)
  [Fluvius_PV 2 | Dinamični | 30 kWh] price_oracle                      160.05 EUR  (   1.4 s)
  [Fluvius_PV 5 | Redni 1T | 20 kWh] fixed_schedule                    178.70 EUR  (   1.4 s)
  [Fluvius_PV 5 | Redni 1T | 20 kWh] delayed_pv_charge                 140.56 EUR  (   1.4 s)
  [Fluvius_PV 5 | Redni 1T | 20 kWh] price_threshold                   152.46 EUR  (   1.4 s)
  [Fluvius_PV 5 | Redni 1T | 20 kWh] price_rank_daily                  140.36 EUR  (   1.4 s)
  [Fluvius_PV 5 | Redni 1T | 20 kWh] peak_shaving                      176.02 EUR  (   1.4 s)
  [Fluvius_PV 5 | Redni 1T | 20 kWh] self_consumption_peak_shaving     139.17 EUR  (   1.5 s)
  [Fluvius_PV 5 | Redni 1T | 20 kWh] price_oracle                      153.59 EUR  (   1.4 s)
  [Fluvius_PV 4 | Aktivni | 30 kWh] milp_full_period                 -215.87 EUR  (  33.5 s)
[86/140] Fluvius_PV_user_004_aktivni.csv (40 rows)  (2440s elapsed)
  [Fluvius_PV_EV 1 | Dinamični | 5 kWh] no_battery                        969.42 EUR  (   1.4 s)
  [Fluvius_PV 4 | Redni 1T | 20 kWh] milp_full_period                  231.44 EUR  (  48.6 s)
  [Fluvius_PV_EV 1 | Dinamični | 5 kWh] self_consumption                  843.12 EUR  (   1.4 s)
  [Fluvius_PV 4 | Redni 1T | 30 kWh] no_battery                        259.30 EUR  (   1.4 s)
  [Fluvius_PV_EV 1 | Dinamični | 5 kWh] fixed_schedule                    876.97 EUR  (   1.4 s)
  [Fluvius_PV 4 | Redni 1T | 30 kWh] self_consumption                  233.49 EUR  (   1.4 s)
  [Fluvius_PV_EV 1 | Dinamični | 5 kWh] delayed_pv_charge                 852.57 EUR  (   1.4 s)
  [Fluvius_PV 4 | Redni 1T | 30 kWh] fixed_schedule                    257.44 EUR  (   1.4 s)
  [Fluvius_PV_EV 1 | Dinamični | 5 kWh] price_threshold                   871.13 EUR  (   1.4 s)
  [Fluvius_PV 5 | Aktivni | 20 kWh] milp_full_period                 -203.34 EUR  (  36.9 s)
  [Fluvius_PV 4 | Redni 1T | 30 kWh] delayed_pv_charge                 233.50 EUR  (   1.4 s)
  [Fluvius_PV_EV 1 | Dinamični | 5 kWh] price_rank_daily                  824.38 EUR  (   1.4 s)
  [Fluvius_PV 4 | Redni 1T | 30 kWh] price_threshold                   236.98 EUR  (   1.4 s)
  [Fluvius_PV 5 | Aktivni | 30 kWh] no_battery                        291.37 EUR  (   1.4 s)
  [Fluvius_PV_EV 1 | Dinamični | 5 kWh] peak_shaving                      953.53 EUR  (   1.4 s)
  [Fluvius_PV 4 | Redni 1T | 30 kWh] price_rank_daily                  233.49 EUR  (   1.4 s)
  [Fluvius_PV 5 | Aktivni | 30 kWh] self_consumption                  204.61 EUR  (   1.4 s)
  [Fluvius_PV_EV 1 | Dinamični | 5 kWh] self_consumption_peak_shaving     875.85 EUR  (   1.4 s)
  [Fluvius_PV 4 | Redni 1T | 30 kWh] peak_shaving                      248.88 EUR  (   1.4 s)
  [Fluvius_PV 5 | Aktivni | 30 kWh] fixed_schedule                    260.98 EUR  (   1.4 s)
  [Fluvius_PV_EV 1 | Dinamični | 5 kWh] price_oracle                      862.28 EUR  (   1.4 s)
  [Fluvius_PV 4 | Redni 1T | 30 kWh] self_consumption_peak_shaving     232.42 EUR  (   1.4 s)
  [Fluvius_PV 5 | Aktivni | 30 kWh] delayed_pv_charge                 209.80 EUR  (   1.4 s)
  [Fluvius_PV 4 | Redni 1T | 30 kWh] price_oracle                      237.28 EUR  (   1.4 s)
  [Fluvius_PV 5 | Aktivni | 30 kWh] price_threshold                   222.78 EUR  (   1.4 s)
  [Fluvius_PV 5 | Aktivni | 30 kWh] price_rank_daily                  219.17 EUR  (   1.4 s)
  [Fluvius_PV 5 | Aktivni | 30 kWh] peak_shaving                      268.73 EUR  (   1.4 s)
  [Fluvius_PV 5 | Aktivni | 30 kWh] self_consumption_peak_shaving     205.63 EUR  (   1.4 s)
  [Fluvius_PV 5 | Aktivni | 30 kWh] price_oracle                      222.41 EUR  (   1.4 s)
  [Fluvius_PV 3 | Redni 1T | 30 kWh] milp_full_period                   49.51 EUR  (  50.1 s)
[87/140] Fluvius_PV_user_003_redni1t.csv (40 rows)  (2465s elapsed)
  [Fluvius_PV_EV 1 | Aktivni | 5 kWh] no_battery                       1136.46 EUR  (   1.4 s)
  [Fluvius_PV_EV 1 | Aktivni | 5 kWh] self_consumption                  935.68 EUR  (   1.4 s)
  [Fluvius_PV_EV 1 | Aktivni | 5 kWh] fixed_schedule                   1078.40 EUR  (   1.4 s)
  [Fluvius_PV_EV 1 | Aktivni | 5 kWh] delayed_pv_charge                 956.86 EUR  (   1.4 s)
  [Fluvius_PV_EV 1 | Aktivni | 5 kWh] price_threshold                   952.84 EUR  (   1.4 s)
  [Fluvius_PV_EV 1 | Aktivni | 5 kWh] price_rank_daily                  914.40 EUR  (   1.4 s)
  [Fluvius_PV_EV 1 | Aktivni | 5 kWh] peak_shaving                     1124.75 EUR  (   1.4 s)
  [Fluvius_PV_EV 1 | Aktivni | 5 kWh] self_consumption_peak_shaving    1002.94 EUR  (   1.4 s)
  [Fluvius_PV_EV 1 | Aktivni | 5 kWh] price_oracle                      952.89 EUR  (   1.4 s)
  [Fluvius_PV 5 | Redni 1T | 20 kWh] milp_full_period                  131.75 EUR  (  46.4 s)
  [Fluvius_PV 5 | Redni 1T | 30 kWh] no_battery                        193.63 EUR  (   1.4 s)
  [Fluvius_PV 5 | Redni 1T | 30 kWh] self_consumption                  137.33 EUR  (   1.4 s)
  [Fluvius_PV 5 | Redni 1T | 30 kWh] fixed_schedule                    178.70 EUR  (   1.4 s)
  [Fluvius_PV 5 | Redni 1T | 30 kWh] delayed_pv_charge                 137.42 EUR  (   1.4 s)
  [Fluvius_PV 5 | Redni 1T | 30 kWh] price_threshold                   150.36 EUR  (   1.4 s)
  [Fluvius_PV 5 | Dinamični | 10 kWh] milp_full_period                 -126.44 EUR  (  94.3 s)
  [Fluvius_PV 5 | Redni 1T | 30 kWh] price_rank_daily                  137.33 EUR  (   1.4 s)
  [Fluvius_PV 5 | Redni 1T | 30 kWh] peak_shaving                      175.51 EUR  (   1.4 s)
  [Fluvius_PV 5 | Dinamični | 20 kWh] no_battery                        223.69 EUR  (   1.4 s)
  [Fluvius_PV 5 | Redni 1T | 30 kWh] self_consumption_peak_shaving     136.72 EUR  (   1.4 s)
  [Fluvius_PV 5 | Dinamični | 20 kWh] self_consumption                  177.10 EUR  (   1.4 s)
  [Fluvius_PV 5 | Redni 1T | 30 kWh] price_oracle                      151.92 EUR  (   1.4 s)
  [Fluvius_PV 5 | Dinamični | 20 kWh] fixed_schedule                    159.70 EUR  (   1.4 s)
  [Fluvius_PV 5 | Dinamični | 20 kWh] delayed_pv_charge                 180.47 EUR  (   1.4 s)
  [Fluvius_PV 5 | Dinamični | 20 kWh] price_threshold                   169.46 EUR  (   1.4 s)
  [Fluvius_PV 5 | Dinamični | 20 kWh] price_rank_daily                  148.79 EUR  (   1.4 s)
  [Fluvius_PV 5 | Dinamični | 20 kWh] peak_shaving                      206.82 EUR  (   1.4 s)
  [Fluvius_PV 5 | Dinamični | 20 kWh] self_consumption_peak_shaving     174.19 EUR  (   1.4 s)
  [Fluvius_PV 5 | Aktivni | 30 kWh] milp_full_period                 -349.53 EUR  (  38.2 s)
[88/140] Fluvius_PV_user_005_aktivni.csv (40 rows)  (2503s elapsed)
  [Fluvius_PV 5 | Dinamični | 20 kWh] price_oracle                      162.17 EUR  (   1.4 s)
  [Fluvius_PV_EV 1 | Redni 1T | 5 kWh] no_battery                        928.42 EUR  (   1.4 s)
  [Fluvius_PV_EV 1 | Redni 1T | 5 kWh] self_consumption                  815.10 EUR  (   1.4 s)
  [Fluvius_PV_EV 1 | Aktivni | 5 kWh] milp_full_period                  865.85 EUR  (  27.9 s)
  [Fluvius_PV_EV 1 | Redni 1T | 5 kWh] fixed_schedule                    888.95 EUR  (   1.4 s)
  [Fluvius_PV 4 | Redni 1T | 30 kWh] milp_full_period                  230.53 EUR  (  52.7 s)
[89/140] Fluvius_PV_user_004_redni1t.csv (40 rows)  (2511s elapsed)
  [Fluvius_PV_EV 1 | Aktivni | 10 kWh] no_battery                       1136.46 EUR  (   1.4 s)
  [Fluvius_PV_EV 1 | Redni 1T | 5 kWh] delayed_pv_charge                 822.38 EUR  (   1.4 s)
  [Fluvius_PV_EV 1 | Aktivni | 10 kWh] self_consumption                  892.99 EUR  (   1.4 s)
  [Fluvius_PV_EV 1 | Redni 1T | 5 kWh] price_threshold                   851.69 EUR  (   1.4 s)
  [Fluvius_PV_EV 1 | Aktivni | 10 kWh] fixed_schedule                   1089.65 EUR  (   1.4 s)
  [Fluvius_PV_EV 1 | Redni 1T | 5 kWh] price_rank_daily                  815.10 EUR  (   1.4 s)
  [Fluvius_PV 4 | Dinamični | 10 kWh] milp_full_period                    9.96 EUR  (  92.8 s)
  [Fluvius_PV_EV 1 | Aktivni | 10 kWh] delayed_pv_charge                 909.54 EUR  (   1.4 s)
  [Fluvius_PV_EV 1 | Redni 1T | 5 kWh] peak_shaving                      913.14 EUR  (   1.4 s)
  [Fluvius_PV_EV 2 | Dinamični | 5 kWh] no_battery                        546.17 EUR  (   1.4 s)
  [Fluvius_PV_EV 1 | Aktivni | 10 kWh] price_threshold                   924.65 EUR  (   1.4 s)
  [Fluvius_PV_EV 1 | Redni 1T | 5 kWh] self_consumption_peak_shaving     848.08 EUR  (   1.4 s)
  [Fluvius_PV 4 | Dinamični | 20 kWh] no_battery                        288.21 EUR  (   1.4 s)
  [Fluvius_PV_EV 2 | Dinamični | 5 kWh] self_consumption                  528.70 EUR  (   1.4 s)
  [Fluvius_PV 1 | Dinamični | 30 kWh] milp_full_period                 -272.08 EUR  ( 119.4 s)
[90/140] Fluvius_PV_user_001.csv (40 rows)  (2518s elapsed)
  [Fluvius_PV_EV 1 | Aktivni | 10 kWh] price_rank_daily                  874.22 EUR  (   1.4 s)
  [Fluvius_PV_EV 1 | Redni 1T | 5 kWh] price_oracle                      852.14 EUR  (   1.4 s)
  [Fluvius_PV 4 | Dinamični | 20 kWh] self_consumption                  263.17 EUR  (   1.4 s)
  [Fluvius_PV_EV 2 | Dinamični | 5 kWh] fixed_schedule                    516.22 EUR  (   1.4 s)
  [Fluvius_PV_EV 1 | Aktivni | 10 kWh] peak_shaving                     1119.48 EUR  (   1.4 s)
  [Fluvius_PV 4 | Dinamični | 20 kWh] fixed_schedule                    242.73 EUR  (   1.4 s)
  [Fluvius_PV_EV 2 | Dinamični | 5 kWh] delayed_pv_charge                 530.22 EUR  (   1.4 s)
  [Fluvius_PV_EV 1 | Aktivni | 10 kWh] self_consumption_peak_shaving     925.42 EUR  (   1.4 s)
  [Fluvius_PV 4 | Dinamični | 20 kWh] delayed_pv_charge                 265.82 EUR  (   1.4 s)
  [Fluvius_PV_EV 2 | Dinamični | 5 kWh] price_threshold                   512.25 EUR  (   1.4 s)
  [Fluvius_PV_EV 1 | Aktivni | 10 kWh] price_oracle                      924.64 EUR  (   1.4 s)
  [Fluvius_PV_EV 2 | Aktivni | 5 kWh] no_battery                        584.79 EUR  (   1.4 s)
  [Fluvius_PV 4 | Dinamični | 20 kWh] price_threshold                   244.02 EUR  (   1.4 s)
  [Fluvius_PV_EV 2 | Dinamični | 5 kWh] price_rank_daily                  495.30 EUR  (   1.4 s)
  [Fluvius_PV_EV 2 | Aktivni | 5 kWh] self_consumption                  565.92 EUR  (   1.4 s)
  [Fluvius_PV 4 | Dinamični | 20 kWh] price_rank_daily                  231.78 EUR  (   1.4 s)
  [Fluvius_PV_EV 2 | Dinamični | 5 kWh] peak_shaving                      539.68 EUR  (   1.4 s)
  [Fluvius_PV_EV 2 | Aktivni | 5 kWh] fixed_schedule                    614.27 EUR  (   1.4 s)
  [Fluvius_PV 4 | Dinamični | 20 kWh] peak_shaving                      275.98 EUR  (   1.4 s)
  [Fluvius_PV_EV 2 | Dinamični | 5 kWh] self_consumption_peak_shaving     530.84 EUR  (   1.4 s)
  [Fluvius_PV_EV 2 | Aktivni | 5 kWh] delayed_pv_charge                 568.18 EUR  (   1.4 s)
  [Fluvius_PV 4 | Dinamični | 20 kWh] self_consumption_peak_shaving     259.12 EUR  (   1.4 s)
  [Fluvius_PV_EV 2 | Dinamični | 5 kWh] price_oracle                      504.73 EUR  (   1.4 s)
  [Fluvius_PV_EV 2 | Aktivni | 5 kWh] price_threshold                   514.26 EUR  (   1.4 s)
  [Fluvius_PV 4 | Dinamični | 20 kWh] price_oracle                      239.02 EUR  (   1.4 s)
  [Fluvius_PV 3 | Dinamični | 20 kWh] milp_full_period                 -421.81 EUR  ( 127.9 s)
  [Fluvius_PV_EV 2 | Aktivni | 5 kWh] price_rank_daily                  513.45 EUR  (   1.4 s)
  [Fluvius_PV 3 | Dinamični | 30 kWh] no_battery                        124.22 EUR  (   1.4 s)
  [Fluvius_PV_EV 2 | Aktivni | 5 kWh] peak_shaving                      580.20 EUR  (   1.4 s)
  [Fluvius_PV 3 | Dinamični | 30 kWh] self_consumption                   48.94 EUR  (   1.4 s)
  [Fluvius_PV_EV 2 | Aktivni | 5 kWh] self_consumption_peak_shaving     570.13 EUR  (   1.4 s)
  [Fluvius_PV_EV 1 | Dinamični | 5 kWh] milp_full_period                  702.47 EUR  (  77.7 s)
  [Fluvius_PV 3 | Dinamični | 30 kWh] fixed_schedule                     68.96 EUR  (   1.4 s)
  [Fluvius_PV_EV 2 | Aktivni | 5 kWh] price_oracle                      514.25 EUR  (   1.4 s)
  [Fluvius_PV 3 | Dinamični | 30 kWh] delayed_pv_charge                  59.31 EUR  (   1.4 s)
  [Fluvius_PV_EV 1 | Dinamični | 10 kWh] no_battery                        969.42 EUR  (   1.4 s)
  [Fluvius_PV 3 | Dinamični | 30 kWh] price_threshold                    66.81 EUR  (   1.4 s)
  [Fluvius_PV_EV 1 | Dinamični | 10 kWh] self_consumption                  816.97 EUR  (   1.4 s)
  [Fluvius_PV 3 | Dinamični | 30 kWh] price_rank_daily                   52.66 EUR  (   1.4 s)
  [Fluvius_PV_EV 1 | Dinamični | 10 kWh] fixed_schedule                    863.06 EUR  (   1.4 s)
  [Fluvius_PV 2 | Dinamični | 30 kWh] milp_full_period                 -455.32 EUR  ( 113.0 s)
[91/140] Fluvius_PV_user_002.csv (40 rows)  (2539s elapsed)
  [Fluvius_PV 3 | Dinamični | 30 kWh] peak_shaving                      112.57 EUR  (   1.4 s)
  [Fluvius_PV_EV 1 | Dinamični | 10 kWh] delayed_pv_charge                 823.08 EUR  (   1.4 s)
  [Fluvius_PV 5 | Redni 1T | 30 kWh] milp_full_period                  129.10 EUR  (  44.7 s)
[92/140] Fluvius_PV_user_005_redni1t.csv (40 rows)  (2540s elapsed)
  [Fluvius_PV 3 | Dinamični | 30 kWh] self_consumption_peak_shaving      53.69 EUR  (   1.4 s)
  [Fluvius_PV_EV 1 | Dinamični | 10 kWh] price_threshold                   844.92 EUR  (   1.4 s)
  [Fluvius_PV 3 | Dinamični | 30 kWh] price_oracle                       62.53 EUR  (   1.4 s)
  [Fluvius_PV_EV 1 | Dinamični | 10 kWh] price_rank_daily                  784.20 EUR  (   1.4 s)
  [Fluvius_PV_EV 2 | Redni 1T | 5 kWh] no_battery                        519.85 EUR  (   1.4 s)
  [Fluvius_PV_EV 1 | Dinamični | 10 kWh] peak_shaving                      947.38 EUR  (   1.4 s)
  [Fluvius_PV_EV 3 | Dinamični | 5 kWh] no_battery                       1077.98 EUR  (   1.4 s)
  [Fluvius_PV_EV 1 | Redni 1T | 5 kWh] milp_full_period                  799.73 EUR  (  26.2 s)
  [Fluvius_PV_EV 2 | Redni 1T | 5 kWh] self_consumption                  500.46 EUR  (   1.4 s)
  [Fluvius_PV_EV 1 | Dinamični | 10 kWh] self_consumption_peak_shaving     830.72 EUR  (   1.4 s)
  [Fluvius_PV_EV 3 | Dinamični | 5 kWh] self_consumption                  959.18 EUR  (   1.4 s)
  [Fluvius_PV_EV 2 | Redni 1T | 5 kWh] fixed_schedule                    526.11 EUR  (   1.4 s)
  [Fluvius_PV_EV 1 | Redni 1T | 10 kWh] no_battery                        928.42 EUR  (   1.4 s)
  [Fluvius_PV_EV 1 | Dinamični | 10 kWh] price_oracle                      834.19 EUR  (   1.4 s)
  [Fluvius_PV_EV 1 | Aktivni | 10 kWh] milp_full_period                  711.56 EUR  (  24.7 s)
  [Fluvius_PV_EV 3 | Dinamični | 5 kWh] fixed_schedule                    989.66 EUR  (   1.4 s)
  [Fluvius_PV_EV 2 | Redni 1T | 5 kWh] delayed_pv_charge                 500.83 EUR  (   1.4 s)
  [Fluvius_PV_EV 1 | Redni 1T | 10 kWh] self_consumption                  781.74 EUR  (   1.4 s)
  [Fluvius_PV_EV 3 | Dinamični | 5 kWh] delayed_pv_charge                 970.27 EUR  (   1.4 s)
  [Fluvius_PV_EV 1 | Aktivni | 20 kWh] no_battery                       1136.46 EUR  (   1.4 s)
  [Fluvius_PV_EV 2 | Redni 1T | 5 kWh] price_threshold                   504.80 EUR  (   1.4 s)
  [Fluvius_PV_EV 1 | Redni 1T | 10 kWh] fixed_schedule                    888.12 EUR  (   1.4 s)
  [Fluvius_PV_EV 3 | Dinamični | 5 kWh] price_threshold                   984.17 EUR  (   1.4 s)
  [Fluvius_PV_EV 1 | Aktivni | 20 kWh] self_consumption                  861.44 EUR  (   1.4 s)
  [Fluvius_PV_EV 2 | Redni 1T | 5 kWh] price_rank_daily                  500.46 EUR  (   1.4 s)
  [Fluvius_PV_EV 1 | Redni 1T | 10 kWh] delayed_pv_charge                 785.75 EUR  (   1.4 s)
  [Fluvius_PV_EV 3 | Dinamični | 5 kWh] price_rank_daily                  942.97 EUR  (   1.4 s)
  [Fluvius_PV_EV 1 | Aktivni | 20 kWh] fixed_schedule                   1111.37 EUR  (   1.4 s)
  [Fluvius_PV_EV 2 | Redni 1T | 5 kWh] peak_shaving                      513.23 EUR  (   1.4 s)
  [Fluvius_PV_EV 1 | Redni 1T | 10 kWh] price_threshold                   829.84 EUR  (   1.4 s)
  [Fluvius_PV_EV 3 | Dinamični | 5 kWh] peak_shaving                     1052.76 EUR  (   1.4 s)
  [Fluvius_PV_EV 1 | Aktivni | 20 kWh] delayed_pv_charge                 876.52 EUR  (   1.4 s)
  [Fluvius_PV_EV 2 | Redni 1T | 5 kWh] self_consumption_peak_shaving     504.11 EUR  (   1.4 s)
  [Fluvius_PV_EV 1 | Redni 1T | 10 kWh] price_rank_daily                  781.74 EUR  (   1.4 s)
  [Fluvius_PV_EV 3 | Dinamični | 5 kWh] self_consumption_peak_shaving     978.16 EUR  (   1.4 s)
  [Fluvius_PV_EV 1 | Aktivni | 20 kWh] price_threshold                   914.38 EUR  (   1.4 s)
  [Fluvius_PV_EV 2 | Redni 1T | 5 kWh] price_oracle                      504.70 EUR  (   1.4 s)
  [Fluvius_PV_EV 1 | Redni 1T | 10 kWh] peak_shaving                      906.74 EUR  (   1.4 s)
  [Fluvius_PV_EV 3 | Dinamični | 5 kWh] price_oracle                      978.81 EUR  (   1.4 s)
  [Fluvius_PV_EV 1 | Aktivni | 20 kWh] price_rank_daily                  855.93 EUR  (   1.4 s)
  [Fluvius_PV_EV 1 | Redni 1T | 10 kWh] self_consumption_peak_shaving     800.96 EUR  (   1.4 s)
  [Fluvius_PV_EV 1 | Aktivni | 20 kWh] peak_shaving                     1096.96 EUR  (   1.4 s)
  [Fluvius_PV_EV 1 | Redni 1T | 10 kWh] price_oracle                      830.59 EUR  (   1.4 s)
  [Fluvius_PV_EV 1 | Aktivni | 20 kWh] self_consumption_peak_shaving     887.05 EUR  (   1.4 s)
  [Fluvius_PV_EV 2 | Aktivni | 5 kWh] milp_full_period                  438.66 EUR  (  25.6 s)
  [Fluvius_PV_EV 1 | Aktivni | 20 kWh] price_oracle                      913.70 EUR  (   1.4 s)
  [Fluvius_PV_EV 2 | Aktivni | 10 kWh] no_battery                        584.79 EUR  (   1.4 s)
  [Fluvius_PV_EV 2 | Aktivni | 10 kWh] self_consumption                  562.78 EUR  (   1.4 s)
  [Fluvius_PV_EV 2 | Aktivni | 10 kWh] fixed_schedule                    614.16 EUR  (   1.4 s)
  [Fluvius_PV_EV 2 | Aktivni | 10 kWh] delayed_pv_charge                 564.27 EUR  (   1.4 s)
  [Fluvius_PV_EV 2 | Aktivni | 10 kWh] price_threshold                   503.11 EUR  (   1.4 s)
  [Fluvius_PV_EV 2 | Aktivni | 10 kWh] price_rank_daily                  503.19 EUR  (   1.4 s)
  [Fluvius_PV_EV 2 | Aktivni | 10 kWh] peak_shaving                      578.65 EUR  (   1.4 s)
  [Fluvius_PV_EV 2 | Aktivni | 10 kWh] self_consumption_peak_shaving     566.52 EUR  (   1.5 s)
  [Fluvius_PV_EV 2 | Aktivni | 10 kWh] price_oracle                      503.23 EUR  (   1.4 s)
  [Fluvius_PV_EV 2 | Redni 1T | 5 kWh] milp_full_period                  494.85 EUR  (  29.2 s)
  [Fluvius_PV_EV 1 | Redni 1T | 10 kWh] milp_full_period                  761.29 EUR  (  27.6 s)
  [Fluvius_PV_EV 2 | Redni 1T | 10 kWh] no_battery                        519.85 EUR  (   1.4 s)
  [Fluvius_PV_EV 1 | Redni 1T | 20 kWh] no_battery                        928.42 EUR  (   1.4 s)
  [Fluvius_PV_EV 2 | Redni 1T | 10 kWh] self_consumption                  496.67 EUR  (   1.4 s)
  [Fluvius_PV_EV 1 | Redni 1T | 20 kWh] self_consumption                  756.66 EUR  (   1.4 s)
  [Fluvius_PV_EV 2 | Redni 1T | 10 kWh] fixed_schedule                    532.32 EUR  (   1.4 s)
  [Fluvius_PV_EV 1 | Redni 1T | 20 kWh] fixed_schedule                    891.42 EUR  (   1.4 s)
  [Fluvius_PV_EV 2 | Redni 1T | 10 kWh] delayed_pv_charge                 496.77 EUR  (   1.4 s)
  [Fluvius_PV_EV 1 | Aktivni | 20 kWh] milp_full_period                  495.09 EUR  (  30.7 s)
  [Fluvius_PV_EV 1 | Redni 1T | 20 kWh] delayed_pv_charge                 759.64 EUR  (   1.4 s)
  [Fluvius_PV_EV 2 | Redni 1T | 10 kWh] price_threshold                   501.52 EUR  (   1.4 s)
  [Fluvius_PV_EV 1 | Aktivni | 30 kWh] no_battery                       1136.46 EUR  (   1.4 s)
  [Fluvius_PV_EV 1 | Redni 1T | 20 kWh] price_threshold                   812.87 EUR  (   1.4 s)
  [Fluvius_PV_EV 2 | Redni 1T | 10 kWh] price_rank_daily                  496.67 EUR  (   1.4 s)
  [Fluvius_PV_EV 1 | Aktivni | 30 kWh] self_consumption                  846.57 EUR  (   1.4 s)
  [Fluvius_PV_EV 1 | Redni 1T | 20 kWh] price_rank_daily                  756.66 EUR  (   1.4 s)
  [Fluvius_PV_EV 2 | Redni 1T | 10 kWh] peak_shaving                      512.41 EUR  (   1.4 s)
  [Fluvius_PV_EV 1 | Aktivni | 30 kWh] fixed_schedule                   1111.31 EUR  (   1.4 s)
  [Fluvius_PV_EV 1 | Redni 1T | 20 kWh] peak_shaving                      885.72 EUR  (   1.4 s)
  [Fluvius_PV_EV 2 | Redni 1T | 10 kWh] self_consumption_peak_shaving     499.77 EUR  (   1.4 s)
  [Fluvius_PV_EV 2 | Dinamični | 5 kWh] milp_full_period                  375.05 EUR  (  70.0 s)
  [Fluvius_PV_EV 1 | Aktivni | 30 kWh] delayed_pv_charge                 858.03 EUR  (   1.4 s)
  [Fluvius_PV_EV 1 | Redni 1T | 20 kWh] self_consumption_peak_shaving     773.26 EUR  (   1.4 s)
  [Fluvius_PV_EV 2 | Redni 1T | 10 kWh] price_oracle                      501.48 EUR  (   1.4 s)
  [Fluvius_PV_EV 1 | Aktivni | 30 kWh] price_threshold                   893.28 EUR  (   1.4 s)
  [Fluvius_PV_EV 1 | Redni 1T | 20 kWh] price_oracle                      813.66 EUR  (   1.4 s)
  [Fluvius_PV_EV 2 | Dinamični | 10 kWh] no_battery                        546.17 EUR  (   1.4 s)
  [Fluvius_PV_EV 1 | Aktivni | 30 kWh] price_rank_daily                  877.76 EUR  (   1.4 s)
  [Fluvius_PV_EV 2 | Dinamični | 10 kWh] self_consumption                  525.22 EUR  (   1.4 s)
  [Fluvius_PV_EV 1 | Aktivni | 30 kWh] peak_shaving                     1089.22 EUR  (   1.4 s)
  [Fluvius_PV_EV 2 | Dinamični | 10 kWh] fixed_schedule                    498.97 EUR  (   1.4 s)
  [Fluvius_PV_EV 2 | Aktivni | 10 kWh] milp_full_period                  354.56 EUR  (  29.5 s)
  [Fluvius_PV_EV 1 | Aktivni | 30 kWh] self_consumption_peak_shaving     866.29 EUR  (   1.4 s)
  [Fluvius_PV_EV 2 | Dinamični | 10 kWh] delayed_pv_charge                 526.34 EUR  (   1.4 s)
  [Fluvius_PV_EV 2 | Aktivni | 20 kWh] no_battery                        584.79 EUR  (   1.4 s)
  [Fluvius_PV_EV 1 | Aktivni | 30 kWh] price_oracle                      892.55 EUR  (   1.4 s)
  [Fluvius_PV_EV 2 | Dinamični | 10 kWh] price_threshold                   494.80 EUR  (   1.4 s)
  [Fluvius_PV_EV 2 | Aktivni | 20 kWh] self_consumption                  561.00 EUR  (   1.4 s)
  [Fluvius_PV_EV 2 | Dinamični | 10 kWh] price_rank_daily                  475.31 EUR  (   1.4 s)
  [Fluvius_PV_EV 2 | Aktivni | 20 kWh] fixed_schedule                    614.18 EUR  (   1.4 s)
  [Fluvius_PV_EV 2 | Dinamični | 10 kWh] peak_shaving                      538.59 EUR  (   1.4 s)
  [Fluvius_PV_EV 2 | Aktivni | 20 kWh] delayed_pv_charge                 562.04 EUR  (   1.4 s)
  [Fluvius_PV_EV 2 | Dinamični | 10 kWh] self_consumption_peak_shaving     526.27 EUR  (   1.4 s)
  [Fluvius_PV_EV 2 | Aktivni | 20 kWh] price_threshold                   497.95 EUR  (   1.4 s)
  [Fluvius_PV_EV 2 | Dinamični | 10 kWh] price_oracle                      484.04 EUR  (   1.4 s)
  [Fluvius_PV_EV 2 | Aktivni | 20 kWh] price_rank_daily                  496.52 EUR  (   1.4 s)
  [Fluvius_PV_EV 2 | Aktivni | 20 kWh] peak_shaving                      574.71 EUR  (   1.4 s)
  [Fluvius_PV_EV 2 | Aktivni | 20 kWh] self_consumption_peak_shaving     563.58 EUR  (   1.4 s)
  [Fluvius_PV_EV 2 | Aktivni | 20 kWh] price_oracle                      498.19 EUR  (   1.4 s)
  [Fluvius_PV 5 | Dinamični | 20 kWh] milp_full_period                 -352.69 EUR  ( 117.2 s)
  [Fluvius_PV 5 | Dinamični | 30 kWh] no_battery                        223.69 EUR  (   1.4 s)
  [Fluvius_PV 5 | Dinamični | 30 kWh] self_consumption                  174.56 EUR  (   1.4 s)
  [Fluvius_PV 5 | Dinamični | 30 kWh] fixed_schedule                    159.11 EUR  (   1.4 s)
  [Fluvius_PV 5 | Dinamični | 30 kWh] delayed_pv_charge                 177.86 EUR  (   1.4 s)
  [Fluvius_PV 5 | Dinamični | 30 kWh] price_threshold                   166.66 EUR  (   1.4 s)
  [Fluvius_PV_EV 1 | Dinamični | 10 kWh] milp_full_period                  538.44 EUR  (  82.2 s)
  [Fluvius_PV_EV 3 | Dinamični | 5 kWh] milp_full_period                  811.12 EUR  (  73.6 s)
  [Fluvius_PV 5 | Dinamični | 30 kWh] price_rank_daily                  147.94 EUR  (   1.4 s)
  [Fluvius_PV_EV 1 | Dinamični | 20 kWh] no_battery                        969.42 EUR  (   1.4 s)
  [Fluvius_PV 5 | Dinamični | 30 kWh] peak_shaving                      206.53 EUR  (   1.4 s)
  [Fluvius_PV_EV 3 | Dinamični | 10 kWh] no_battery                       1077.98 EUR  (   1.4 s)
  [Fluvius_PV_EV 1 | Dinamični | 20 kWh] self_consumption                  797.84 EUR  (   1.4 s)
  [Fluvius_PV 5 | Dinamični | 30 kWh] self_consumption_peak_shaving     171.94 EUR  (   1.4 s)
  [Fluvius_PV_EV 3 | Dinamični | 10 kWh] self_consumption                  937.86 EUR  (   1.4 s)
  [Fluvius_PV_EV 1 | Dinamični | 20 kWh] fixed_schedule                    854.66 EUR  (   1.4 s)
  [Fluvius_PV 5 | Dinamični | 30 kWh] price_oracle                      160.12 EUR  (   1.4 s)
  [Fluvius_PV_EV 1 | Aktivni | 30 kWh] milp_full_period                  328.00 EUR  (  29.6 s)
[93/140] Fluvius_PV_EV_user_001_aktivni.csv (40 rows)  (2635s elapsed)
  [Fluvius_PV_EV 3 | Dinamični | 10 kWh] fixed_schedule                    962.75 EUR  (   1.4 s)
  [Fluvius_PV_EV 1 | Dinamični | 20 kWh] delayed_pv_charge                 803.87 EUR  (   1.4 s)
  [Fluvius_PV_EV 3 | Dinamični | 10 kWh] delayed_pv_charge                 946.43 EUR  (   1.4 s)
  [Fluvius_PV_EV 1 | Dinamični | 20 kWh] price_threshold                   819.16 EUR  (   1.4 s)
  [Fluvius_PV_EV 3 | Dinamični | 10 kWh] price_threshold                   958.83 EUR  (   1.4 s)
  [Fluvius_PV 4 | Dinamični | 20 kWh] milp_full_period                 -193.70 EUR  ( 109.0 s)
  [Fluvius_PV_EV 1 | Dinamični | 20 kWh] price_rank_daily                  755.83 EUR  (   1.4 s)
  [Fluvius_PV_EV 3 | Dinamični | 10 kWh] price_rank_daily                  898.54 EUR  (   1.4 s)
  [Fluvius_PV_EV 3 | Aktivni | 5 kWh] no_battery                       1226.43 EUR  (   1.4 s)
  [Fluvius_PV_EV 1 | Dinamični | 20 kWh] peak_shaving                      930.43 EUR  (   1.4 s)
  [Fluvius_PV 4 | Dinamični | 30 kWh] no_battery                        288.21 EUR  (   1.4 s)
  [Fluvius_PV_EV 3 | Dinamični | 10 kWh] peak_shaving                     1041.54 EUR  (   1.4 s)
  [Fluvius_PV_EV 3 | Aktivni | 5 kWh] self_consumption                 1047.33 EUR  (   1.4 s)
  [Fluvius_PV_EV 1 | Dinamični | 20 kWh] self_consumption_peak_shaving     805.67 EUR  (   1.4 s)
  [Fluvius_PV 4 | Dinamični | 30 kWh] self_consumption                  263.00 EUR  (   1.4 s)
  [Fluvius_PV_EV 3 | Dinamični | 10 kWh] self_consumption_peak_shaving     943.03 EUR  (   1.4 s)
  [Fluvius_PV_EV 3 | Aktivni | 5 kWh] fixed_schedule                   1178.87 EUR  (   1.4 s)
  [Fluvius_PV_EV 1 | Dinamični | 20 kWh] price_oracle                      807.97 EUR  (   1.4 s)
  [Fluvius_PV 4 | Dinamični | 30 kWh] fixed_schedule                    242.20 EUR  (   1.4 s)
  [Fluvius_PV_EV 1 | Redni 1T | 20 kWh] milp_full_period                  737.55 EUR  (  43.5 s)
  [Fluvius_PV_EV 3 | Dinamični | 10 kWh] price_oracle                      939.54 EUR  (   1.4 s)
  [Fluvius_PV_EV 2 | Redni 1T | 10 kWh] milp_full_period                  490.98 EUR  (  45.4 s)
  [Fluvius_PV_EV 3 | Aktivni | 5 kWh] delayed_pv_charge                1067.44 EUR  (   1.4 s)
  [Fluvius_PV 4 | Dinamični | 30 kWh] delayed_pv_charge                 265.60 EUR  (   1.4 s)
  [Fluvius_PV_EV 1 | Redni 1T | 30 kWh] no_battery                        928.42 EUR  (   1.4 s)
  [Fluvius_PV_EV 3 | Aktivni | 5 kWh] price_threshold                  1067.10 EUR  (   1.4 s)
  [Fluvius_PV_EV 2 | Redni 1T | 20 kWh] no_battery                        519.85 EUR  (   1.4 s)
  [Fluvius_PV 4 | Dinamični | 30 kWh] price_threshold                   243.12 EUR  (   1.4 s)
  [Fluvius_PV_EV 1 | Redni 1T | 30 kWh] self_consumption                  745.69 EUR  (   1.4 s)
  [Fluvius_PV_EV 3 | Aktivni | 5 kWh] price_rank_daily                 1026.28 EUR  (   1.4 s)
  [Fluvius_PV_EV 2 | Redni 1T | 20 kWh] self_consumption                  494.44 EUR  (   1.4 s)
  [Fluvius_PV 4 | Dinamični | 30 kWh] price_rank_daily                  234.82 EUR  (   1.4 s)
  [Fluvius_PV_EV 1 | Redni 1T | 30 kWh] fixed_schedule                    887.58 EUR  (   1.4 s)
  [Fluvius_PV_EV 3 | Aktivni | 5 kWh] peak_shaving                     1202.79 EUR  (   1.4 s)
  [Fluvius_PV_EV 2 | Redni 1T | 20 kWh] fixed_schedule                    534.87 EUR  (   1.4 s)
  [Fluvius_PV 4 | Dinamični | 30 kWh] peak_shaving                      275.27 EUR  (   1.4 s)
  [Fluvius_PV_EV 1 | Redni 1T | 30 kWh] delayed_pv_charge                 746.70 EUR  (   1.4 s)
  [Fluvius_PV_EV 3 | Aktivni | 5 kWh] self_consumption_peak_shaving    1087.74 EUR  (   1.4 s)
  [Fluvius_PV_EV 2 | Redni 1T | 20 kWh] delayed_pv_charge                 494.53 EUR  (   1.4 s)
  [Fluvius_PV 4 | Dinamični | 30 kWh] self_consumption_peak_shaving     258.46 EUR  (   1.4 s)
  [Fluvius_PV_EV 1 | Redni 1T | 30 kWh] price_threshold                   804.66 EUR  (   1.4 s)
  [Fluvius_PV_EV 3 | Aktivni | 5 kWh] price_oracle                     1067.07 EUR  (   1.4 s)
  [Fluvius_PV_EV 2 | Redni 1T | 20 kWh] price_threshold                   499.62 EUR  (   1.4 s)
  [Fluvius_PV 4 | Dinamični | 30 kWh] price_oracle                      237.65 EUR  (   1.4 s)
  [Fluvius_PV_EV 1 | Redni 1T | 30 kWh] price_rank_daily                  745.69 EUR  (   1.4 s)
  [Fluvius_PV_EV 2 | Redni 1T | 20 kWh] price_rank_daily                  494.44 EUR  (   1.4 s)
  [Fluvius_PV_EV 1 | Redni 1T | 30 kWh] peak_shaving                      880.85 EUR  (   1.4 s)
  [Fluvius_PV_EV 2 | Redni 1T | 20 kWh] peak_shaving                      509.62 EUR  (   1.4 s)
  [Fluvius_PV_EV 1 | Redni 1T | 30 kWh] self_consumption_peak_shaving     755.28 EUR  (   1.4 s)
  [Fluvius_PV_EV 2 | Redni 1T | 20 kWh] self_consumption_peak_shaving     497.06 EUR  (   1.4 s)
  [Fluvius_PV_EV 1 | Redni 1T | 30 kWh] price_oracle                      805.45 EUR  (   1.4 s)
  [Fluvius_PV_EV 2 | Redni 1T | 20 kWh] price_oracle                      499.61 EUR  (   1.4 s)
  [Fluvius_PV_EV 2 | Aktivni | 20 kWh] milp_full_period                  200.62 EUR  (  45.1 s)
  [Fluvius_PV 3 | Dinamični | 30 kWh] milp_full_period                 -548.93 EUR  ( 118.9 s)
[94/140] Fluvius_PV_user_003.csv (40 rows)  (2662s elapsed)
  [Fluvius_PV_EV 2 | Aktivni | 30 kWh] no_battery                        584.79 EUR  (   1.4 s)
  [Fluvius_PV_EV 2 | Aktivni | 30 kWh] self_consumption                  558.90 EUR  (   1.4 s)
  [Fluvius_PV_EV 2 | Aktivni | 30 kWh] fixed_schedule                    613.69 EUR  (   1.4 s)
  [Fluvius_PV_EV 3 | Redni 1T | 5 kWh] no_battery                       1069.08 EUR  (   1.4 s)
  [Fluvius_PV_EV 2 | Aktivni | 30 kWh] delayed_pv_charge                 560.30 EUR  (   1.4 s)
  [Fluvius_PV_EV 3 | Redni 1T | 5 kWh] self_consumption                  963.55 EUR  (   1.4 s)
  [Fluvius_PV_EV 2 | Aktivni | 30 kWh] price_threshold                   495.58 EUR  (   1.5 s)
  [Fluvius_PV_EV 3 | Redni 1T | 5 kWh] fixed_schedule                   1031.68 EUR  (   1.5 s)
  [Fluvius_PV_EV 2 | Aktivni | 30 kWh] price_rank_daily                  495.26 EUR  (   1.4 s)
  [Fluvius_PV_EV 3 | Redni 1T | 5 kWh] delayed_pv_charge                 970.79 EUR  (   1.4 s)
  [Fluvius_PV_EV 3 | Redni 1T | 5 kWh] price_threshold                  1002.15 EUR  (   1.4 s)
  [Fluvius_PV_EV 2 | Aktivni | 30 kWh] peak_shaving                      573.92 EUR  (   1.4 s)
  [Fluvius_PV_EV 3 | Redni 1T | 5 kWh] price_rank_daily                  963.55 EUR  (   1.4 s)
  [Fluvius_PV_EV 2 | Aktivni | 30 kWh] self_consumption_peak_shaving     562.18 EUR  (   1.4 s)
  [Fluvius_PV_EV 3 | Redni 1T | 5 kWh] peak_shaving                     1043.33 EUR  (   1.4 s)
  [Fluvius_PV_EV 2 | Aktivni | 30 kWh] price_oracle                      495.88 EUR  (   1.4 s)
  [Fluvius_PV_EV 3 | Redni 1T | 5 kWh] self_consumption_peak_shaving     985.81 EUR  (   1.4 s)
  [Fluvius_PV_EV 3 | Redni 1T | 5 kWh] price_oracle                     1002.69 EUR  (   1.4 s)
  [Fluvius_PV_EV 3 | Aktivni | 5 kWh] milp_full_period                  957.19 EUR  (  27.7 s)
  [Fluvius_PV_EV 3 | Aktivni | 10 kWh] no_battery                       1226.43 EUR  (   1.4 s)
  [Fluvius_PV_EV 3 | Aktivni | 10 kWh] self_consumption                 1017.99 EUR  (   1.4 s)
  [Fluvius_PV_EV 3 | Aktivni | 10 kWh] fixed_schedule                   1178.43 EUR  (   1.4 s)
  [Fluvius_PV_EV 3 | Aktivni | 10 kWh] delayed_pv_charge                1033.82 EUR  (   1.4 s)
  [Fluvius_PV_EV 3 | Aktivni | 10 kWh] price_threshold                  1042.58 EUR  (   1.4 s)
  [Fluvius_PV_EV 3 | Aktivni | 10 kWh] price_rank_daily                  995.22 EUR  (   1.4 s)
  [Fluvius_PV_EV 3 | Aktivni | 10 kWh] peak_shaving                     1187.52 EUR  (   1.4 s)
  [Fluvius_PV_EV 3 | Aktivni | 10 kWh] self_consumption_peak_shaving    1032.81 EUR  (   1.5 s)
  [Fluvius_PV_EV 3 | Aktivni | 10 kWh] price_oracle                     1042.18 EUR  (   1.4 s)
  [Fluvius_PV_EV 1 | Redni 1T | 30 kWh] milp_full_period                  726.47 EUR  (  44.7 s)
[95/140] Fluvius_PV_EV_user_001_redni1t.csv (40 rows)  (2701s elapsed)
  [Fluvius_PV_EV 2 | Redni 1T | 20 kWh] milp_full_period                  488.68 EUR  (  47.0 s)
  [Fluvius_PV_EV 2 | Redni 1T | 30 kWh] no_battery                        519.85 EUR  (   1.4 s)
  [Fluvius_PV_EV 4 | Dinamični | 5 kWh] no_battery                        481.66 EUR  (   1.4 s)
  [Fluvius_PV_EV 3 | Redni 1T | 5 kWh] milp_full_period                  940.96 EUR  (  28.6 s)
  [Fluvius_PV_EV 2 | Redni 1T | 30 kWh] self_consumption                  492.77 EUR  (   1.4 s)
  [Fluvius_PV_EV 4 | Dinamični | 5 kWh] self_consumption                  368.46 EUR  (   1.4 s)
  [Fluvius_PV_EV 3 | Redni 1T | 10 kWh] no_battery                       1069.08 EUR  (   1.4 s)
  [Fluvius_PV_EV 2 | Redni 1T | 30 kWh] fixed_schedule                    535.40 EUR  (   1.4 s)
  [Fluvius_PV_EV 4 | Dinamični | 5 kWh] fixed_schedule                    394.94 EUR  (   1.4 s)
  [Fluvius_PV_EV 3 | Redni 1T | 10 kWh] self_consumption                  935.39 EUR  (   1.4 s)
  [Fluvius_PV_EV 2 | Redni 1T | 30 kWh] delayed_pv_charge                 492.86 EUR  (   1.4 s)
  [Fluvius_PV_EV 4 | Dinamični | 5 kWh] delayed_pv_charge                 383.77 EUR  (   1.4 s)
  [Fluvius_PV_EV 3 | Redni 1T | 10 kWh] fixed_schedule                   1023.25 EUR  (   1.4 s)
  [Fluvius_PV_EV 2 | Redni 1T | 30 kWh] price_threshold                   498.82 EUR  (   1.4 s)
  [Fluvius_PV_EV 4 | Dinamični | 5 kWh] price_threshold                   392.11 EUR  (   1.4 s)
  [Fluvius_PV_EV 3 | Redni 1T | 10 kWh] delayed_pv_charge                 940.52 EUR  (   1.4 s)
  [Fluvius_PV_EV 2 | Redni 1T | 30 kWh] price_rank_daily                  492.77 EUR  (   1.4 s)
  [Fluvius_PV_EV 4 | Dinamični | 5 kWh] price_rank_daily                  349.35 EUR  (   1.4 s)
  [Fluvius_PV_EV 2 | Aktivni | 30 kWh] milp_full_period                   52.62 EUR  (  38.8 s)
[96/140] Fluvius_PV_EV_user_002_aktivni.csv (40 rows)  (2714s elapsed)
  [Fluvius_PV_EV 3 | Redni 1T | 10 kWh] price_threshold                   987.79 EUR  (   1.4 s)
  [Fluvius_PV_EV 2 | Redni 1T | 30 kWh] peak_shaving                      508.75 EUR  (   1.4 s)
  [Fluvius_PV_EV 4 | Dinamični | 5 kWh] peak_shaving                      469.52 EUR  (   1.4 s)
  [Fluvius_PV_EV 3 | Redni 1T | 10 kWh] price_rank_daily                  935.39 EUR  (   1.4 s)
  [Fluvius_PV_EV 2 | Redni 1T | 30 kWh] self_consumption_peak_shaving     495.35 EUR  (   1.4 s)
  [Fluvius_PV_EV 4 | Dinamični | 5 kWh] self_consumption_peak_shaving     386.24 EUR  (   1.4 s)
  [Fluvius_PV_EV 3 | Redni 1T | 10 kWh] peak_shaving                     1030.14 EUR  (   1.4 s)
  [Fluvius_PV_EV 2 | Redni 1T | 30 kWh] price_oracle                      498.81 EUR  (   1.4 s)
  [Fluvius_PV_EV 4 | Dinamični | 5 kWh] price_oracle                      389.32 EUR  (   1.4 s)
  [Fluvius_PV_EV 3 | Redni 1T | 10 kWh] self_consumption_peak_shaving     946.22 EUR  (   1.4 s)
  [Fluvius_PV_EV 4 | Aktivni | 5 kWh] no_battery                        562.68 EUR  (   1.4 s)
  [Fluvius_PV_EV 3 | Redni 1T | 10 kWh] price_oracle                      988.43 EUR  (   1.4 s)
  [Fluvius_PV_EV 3 | Aktivni | 10 kWh] milp_full_period                  818.68 EUR  (  27.5 s)
  [Fluvius_PV_EV 4 | Aktivni | 5 kWh] self_consumption                  399.43 EUR  (   1.4 s)
  [Fluvius_PV_EV 4 | Aktivni | 5 kWh] fixed_schedule                    516.79 EUR  (   1.4 s)
  [Fluvius_PV_EV 3 | Aktivni | 20 kWh] no_battery                       1226.43 EUR  (   1.4 s)
  [Fluvius_PV_EV 4 | Aktivni | 5 kWh] delayed_pv_charge                 420.87 EUR  (   1.4 s)
  [Fluvius_PV_EV 3 | Aktivni | 20 kWh] self_consumption                  998.02 EUR  (   1.4 s)
  [Fluvius_PV_EV 4 | Aktivni | 5 kWh] price_threshold                   414.95 EUR  (   1.4 s)
  [Fluvius_PV_EV 3 | Aktivni | 20 kWh] fixed_schedule                   1208.92 EUR  (   1.4 s)
  [Fluvius_PV_EV 4 | Aktivni | 5 kWh] price_rank_daily                  376.08 EUR  (   1.4 s)
  [Fluvius_PV_EV 3 | Aktivni | 20 kWh] delayed_pv_charge                1009.34 EUR  (   1.4 s)
  [Fluvius_PV_EV 4 | Aktivni | 5 kWh] peak_shaving                      546.87 EUR  (   1.4 s)
  [Fluvius_PV_EV 3 | Aktivni | 20 kWh] price_threshold                  1015.07 EUR  (   1.4 s)
  [Fluvius_PV_EV 4 | Aktivni | 5 kWh] self_consumption_peak_shaving     425.54 EUR  (   1.4 s)
  [Fluvius_PV_EV 3 | Aktivni | 20 kWh] price_rank_daily                  967.50 EUR  (   1.4 s)
  [Fluvius_PV_EV 4 | Aktivni | 5 kWh] price_oracle                      415.41 EUR  (   1.4 s)
  [Fluvius_PV_EV 3 | Aktivni | 20 kWh] peak_shaving                     1170.28 EUR  (   1.4 s)
  [Fluvius_PV_EV 3 | Aktivni | 20 kWh] self_consumption_peak_shaving     989.50 EUR  (   1.4 s)
  [Fluvius_PV_EV 3 | Dinamični | 10 kWh] milp_full_period                  654.53 EUR  (  89.1 s)
  [Fluvius_PV_EV 3 | Aktivni | 20 kWh] price_oracle                     1013.60 EUR  (   1.4 s)
  [Fluvius_PV_EV 3 | Dinamični | 20 kWh] no_battery                       1077.98 EUR  (   1.4 s)
  [Fluvius_PV_EV 3 | Dinamični | 20 kWh] self_consumption                  923.30 EUR  (   1.4 s)
  [Fluvius_PV_EV 3 | Dinamični | 20 kWh] fixed_schedule                    956.96 EUR  (   1.4 s)
  [Fluvius_PV_EV 3 | Dinamični | 20 kWh] delayed_pv_charge                 929.59 EUR  (   1.4 s)
  [Fluvius_PV_EV 3 | Dinamični | 20 kWh] price_threshold                   939.40 EUR  (   1.4 s)
  [Fluvius_PV_EV 3 | Dinamični | 20 kWh] price_rank_daily                  864.38 EUR  (   1.4 s)
  [Fluvius_PV_EV 3 | Dinamični | 20 kWh] peak_shaving                     1027.24 EUR  (   1.4 s)
  [Fluvius_PV_EV 3 | Dinamični | 20 kWh] self_consumption_peak_shaving     904.82 EUR  (   1.4 s)
  [Fluvius_PV_EV 3 | Dinamični | 20 kWh] price_oracle                      909.82 EUR  (   1.4 s)
  [Fluvius_PV_EV 3 | Redni 1T | 10 kWh] milp_full_period                  905.02 EUR  (  28.9 s)
  [Fluvius_PV 4 | Dinamični | 30 kWh] milp_full_period                 -319.78 EUR  (  98.6 s)
[97/140] Fluvius_PV_user_004.csv (40 rows)  (2750s elapsed)
  [Fluvius_PV 5 | Dinamični | 30 kWh] milp_full_period                 -483.08 EUR  ( 115.4 s)
[98/140] Fluvius_PV_user_005.csv (40 rows)  (2750s elapsed)
  [Fluvius_PV_EV 3 | Redni 1T | 20 kWh] no_battery                       1069.08 EUR  (   1.4 s)
  [Fluvius_PV_EV 3 | Redni 1T | 20 kWh] self_consumption                  911.75 EUR  (   1.4 s)
  [Fluvius_PV_EV 3 | Redni 1T | 20 kWh] fixed_schedule                   1026.35 EUR  (   1.4 s)
  [Fluvius_PV_EV 4 | Redni 1T | 5 kWh] no_battery                        454.07 EUR  (   1.4 s)
  [Fluvius_PV_EV 3 | Redni 1T | 20 kWh] delayed_pv_charge                 914.53 EUR  (   1.4 s)
  [Fluvius_PV_EV 5 | Dinamični | 5 kWh] no_battery                        718.44 EUR  (   1.4 s)
  [Fluvius_PV_EV 4 | Redni 1T | 5 kWh] self_consumption                  361.69 EUR  (   1.4 s)
  [Fluvius_PV_EV 3 | Redni 1T | 20 kWh] price_threshold                   975.37 EUR  (   1.4 s)
  [Fluvius_PV_EV 5 | Dinamični | 5 kWh] self_consumption                  629.05 EUR  (   1.4 s)
  [Fluvius_PV_EV 4 | Redni 1T | 5 kWh] fixed_schedule                    431.42 EUR  (   1.4 s)
  [Fluvius_PV_EV 3 | Redni 1T | 20 kWh] price_rank_daily                  911.75 EUR  (   1.4 s)
  [Fluvius_PV_EV 5 | Dinamični | 5 kWh] fixed_schedule                    649.33 EUR  (   1.4 s)
  [Fluvius_PV_EV 4 | Aktivni | 5 kWh] milp_full_period                  326.60 EUR  (  28.5 s)
  [Fluvius_PV_EV 4 | Redni 1T | 5 kWh] delayed_pv_charge                 365.72 EUR  (   1.4 s)
  [Fluvius_PV_EV 3 | Redni 1T | 20 kWh] peak_shaving                     1013.18 EUR  (   1.4 s)
  [Fluvius_PV_EV 5 | Dinamični | 5 kWh] delayed_pv_charge                 647.30 EUR  (   1.4 s)
  [Fluvius_PV_EV 4 | Redni 1T | 5 kWh] price_threshold                   394.09 EUR  (   1.4 s)
  [Fluvius_PV_EV 3 | Redni 1T | 20 kWh] self_consumption_peak_shaving     902.02 EUR  (   1.4 s)
  [Fluvius_PV_EV 5 | Dinamični | 5 kWh] price_threshold                   640.18 EUR  (   1.4 s)
  [Fluvius_PV_EV 4 | Aktivni | 10 kWh] no_battery                        562.68 EUR  (   1.4 s)
  [Fluvius_PV_EV 4 | Redni 1T | 5 kWh] price_rank_daily                  361.69 EUR  (   1.4 s)
  [Fluvius_PV_EV 3 | Redni 1T | 20 kWh] price_oracle                      976.29 EUR  (   1.4 s)
  [Fluvius_PV_EV 5 | Dinamični | 5 kWh] price_rank_daily                  605.03 EUR  (   1.4 s)
  [Fluvius_PV_EV 4 | Aktivni | 10 kWh] self_consumption                  376.50 EUR  (   1.4 s)
  [Fluvius_PV_EV 4 | Redni 1T | 5 kWh] peak_shaving                      443.47 EUR  (   1.4 s)
  [Fluvius_PV_EV 5 | Dinamični | 5 kWh] peak_shaving                      703.78 EUR  (   1.4 s)
  [Fluvius_PV_EV 4 | Aktivni | 10 kWh] fixed_schedule                    516.98 EUR  (   1.4 s)
  [Fluvius_PV_EV 3 | Aktivni | 20 kWh] milp_full_period                  625.61 EUR  (  30.1 s)
  [Fluvius_PV_EV 2 | Redni 1T | 30 kWh] milp_full_period                  486.93 EUR  (  47.1 s)
[99/140] Fluvius_PV_EV_user_002_redni1t.csv (40 rows)  (2764s elapsed)
  [Fluvius_PV_EV 4 | Redni 1T | 5 kWh] self_consumption_peak_shaving     377.11 EUR  (   1.4 s)
  [Fluvius_PV_EV 5 | Dinamični | 5 kWh] self_consumption_peak_shaving     644.96 EUR  (   1.4 s)
  [Fluvius_PV_EV 4 | Aktivni | 10 kWh] delayed_pv_charge                 391.48 EUR  (   1.4 s)
  [Fluvius_PV_EV 3 | Aktivni | 30 kWh] no_battery                       1226.43 EUR  (   1.4 s)
  [Fluvius_PV_EV 4 | Redni 1T | 5 kWh] price_oracle                      394.62 EUR  (   1.4 s)
  [Fluvius_PV_EV 5 | Dinamični | 5 kWh] price_oracle                      633.81 EUR  (   1.4 s)
  [Fluvius_PV_EV 4 | Aktivni | 10 kWh] price_threshold                   392.46 EUR  (   1.4 s)
  [Fluvius_PV_EV 3 | Aktivni | 30 kWh] self_consumption                  987.61 EUR  (   1.4 s)
  [Fluvius_PV_EV 4 | Aktivni | 10 kWh] price_rank_daily                  352.76 EUR  (   1.4 s)
  [Fluvius_PV_EV 3 | Aktivni | 30 kWh] fixed_schedule                   1221.84 EUR  (   1.4 s)
  [Fluvius_PV_EV 4 | Aktivni | 10 kWh] peak_shaving                      544.36 EUR  (   1.4 s)
  [Fluvius_PV_EV 5 | Aktivni | 5 kWh] no_battery                        806.34 EUR  (   1.4 s)
  [Fluvius_PV_EV 3 | Aktivni | 30 kWh] delayed_pv_charge                 995.24 EUR  (   1.4 s)
  [Fluvius_PV_EV 4 | Aktivni | 10 kWh] self_consumption_peak_shaving     391.36 EUR  (   1.4 s)
  [Fluvius_PV_EV 5 | Aktivni | 5 kWh] self_consumption                  678.26 EUR  (   1.4 s)
  [Fluvius_PV_EV 3 | Aktivni | 30 kWh] price_threshold                   984.85 EUR  (   1.4 s)
  [Fluvius_PV_EV 4 | Aktivni | 10 kWh] price_oracle                      392.95 EUR  (   1.4 s)
  [Fluvius_PV_EV 5 | Aktivni | 5 kWh] fixed_schedule                    797.72 EUR  (   1.4 s)
  [Fluvius_PV_EV 3 | Aktivni | 30 kWh] price_rank_daily                  987.67 EUR  (   1.4 s)
  [Fluvius_PV_EV 5 | Aktivni | 5 kWh] delayed_pv_charge                 704.16 EUR  (   1.4 s)
  [Fluvius_PV_EV 3 | Aktivni | 30 kWh] peak_shaving                     1160.57 EUR  (   1.4 s)
  [Fluvius_PV_EV 5 | Aktivni | 5 kWh] price_threshold                   670.71 EUR  (   1.4 s)
  [Fluvius_PV_EV 3 | Aktivni | 30 kWh] self_consumption_peak_shaving     979.95 EUR  (   1.4 s)
  [Fluvius_PV_EV 5 | Aktivni | 5 kWh] price_rank_daily                  642.85 EUR  (   1.4 s)
  [Fluvius_PV_EV 3 | Aktivni | 30 kWh] price_oracle                      983.41 EUR  (   1.4 s)
  [Fluvius_PV_EV 5 | Aktivni | 5 kWh] peak_shaving                      792.53 EUR  (   1.4 s)
  [Fluvius_PV_EV 5 | Aktivni | 5 kWh] self_consumption_peak_shaving     706.44 EUR  (   1.4 s)
  [Fluvius_PV_EV 5 | Aktivni | 5 kWh] price_oracle                      670.58 EUR  (   1.4 s)
  [Fluvius_PV_EV 2 | Dinamični | 10 kWh] milp_full_period                  255.04 EUR  ( 176.8 s)
  [Fluvius_PV_EV 2 | Dinamični | 20 kWh] no_battery                        546.17 EUR  (   1.4 s)
  [Fluvius_PV_EV 2 | Dinamični | 20 kWh] self_consumption                  523.50 EUR  (   1.4 s)
  [Fluvius_PV_EV 2 | Dinamični | 20 kWh] fixed_schedule                    489.22 EUR  (   1.4 s)
  [Fluvius_PV_EV 4 | Redni 1T | 5 kWh] milp_full_period                  356.42 EUR  (  27.1 s)
  [Fluvius_PV_EV 2 | Dinamični | 20 kWh] delayed_pv_charge                 524.32 EUR  (   1.4 s)
  [Fluvius_PV_EV 4 | Redni 1T | 10 kWh] no_battery                        454.07 EUR  (   1.4 s)
  [Fluvius_PV_EV 2 | Dinamični | 20 kWh] price_threshold                   481.25 EUR  (   1.4 s)
  [Fluvius_PV_EV 4 | Redni 1T | 10 kWh] self_consumption                  339.74 EUR  (   1.4 s)
  [Fluvius_PV_EV 2 | Dinamični | 20 kWh] price_rank_daily                  467.35 EUR  (   1.4 s)
  [Fluvius_PV_EV 4 | Redni 1T | 10 kWh] fixed_schedule                    437.04 EUR  (   1.4 s)
  [Fluvius_PV_EV 2 | Dinamični | 20 kWh] peak_shaving                      536.82 EUR  (   1.4 s)
  [Fluvius_PV_EV 4 | Redni 1T | 10 kWh] delayed_pv_charge                 341.40 EUR  (   1.4 s)
  [Fluvius_PV_EV 2 | Dinamični | 20 kWh] self_consumption_peak_shaving     521.89 EUR  (   1.4 s)
  [Fluvius_PV_EV 4 | Aktivni | 10 kWh] milp_full_period                  224.27 EUR  (  28.1 s)
  [Fluvius_PV_EV 4 | Redni 1T | 10 kWh] price_threshold                   383.44 EUR  (   1.4 s)
  [Fluvius_PV_EV 2 | Dinamični | 20 kWh] price_oracle                      466.52 EUR  (   1.4 s)
  [Fluvius_PV_EV 4 | Aktivni | 20 kWh] no_battery                        562.68 EUR  (   1.4 s)
  [Fluvius_PV_EV 4 | Redni 1T | 10 kWh] price_rank_daily                  339.74 EUR  (   1.4 s)
  [Fluvius_PV_EV 4 | Dinamični | 5 kWh] milp_full_period                  249.45 EUR  (  85.4 s)
  [Fluvius_PV_EV 4 | Aktivni | 20 kWh] self_consumption                  370.30 EUR  (   1.4 s)
  [Fluvius_PV_EV 3 | Redni 1T | 20 kWh] milp_full_period                  875.76 EUR  (  41.8 s)
  [Fluvius_PV_EV 4 | Redni 1T | 10 kWh] peak_shaving                      441.16 EUR  (   1.4 s)
  [Fluvius_PV_EV 4 | Dinamični | 10 kWh] no_battery                        481.66 EUR  (   1.4 s)
  [Fluvius_PV_EV 4 | Aktivni | 20 kWh] fixed_schedule                    515.22 EUR  (   1.4 s)
  [Fluvius_PV_EV 4 | Redni 1T | 10 kWh] self_consumption_peak_shaving     349.32 EUR  (   1.4 s)
  [Fluvius_PV_EV 3 | Redni 1T | 30 kWh] no_battery                       1069.08 EUR  (   1.4 s)
  [Fluvius_PV_EV 4 | Dinamični | 10 kWh] self_consumption                  352.35 EUR  (   1.4 s)
  [Fluvius_PV_EV 4 | Aktivni | 20 kWh] delayed_pv_charge                 382.04 EUR  (   1.4 s)
  [Fluvius_PV_EV 4 | Redni 1T | 10 kWh] price_oracle                      383.99 EUR  (   1.4 s)
  [Fluvius_PV_EV 3 | Redni 1T | 30 kWh] self_consumption                  901.34 EUR  (   1.4 s)
  [Fluvius_PV_EV 4 | Dinamični | 10 kWh] fixed_schedule                    381.15 EUR  (   1.4 s)
  [Fluvius_PV_EV 4 | Aktivni | 20 kWh] price_threshold                   391.42 EUR  (   1.4 s)
  [Fluvius_PV_EV 3 | Aktivni | 30 kWh] milp_full_period                  462.74 EUR  (  31.1 s)
[100/140] Fluvius_PV_EV_user_003_aktivni.csv (40 rows)  (2808s elapsed)
  [Fluvius_PV_EV 3 | Redni 1T | 30 kWh] fixed_schedule                   1029.04 EUR  (   1.4 s)
  [Fluvius_PV_EV 4 | Dinamični | 10 kWh] delayed_pv_charge                 363.66 EUR  (   1.4 s)
  [Fluvius_PV_EV 4 | Aktivni | 20 kWh] price_rank_daily                  351.12 EUR  (   1.4 s)
  [Fluvius_PV_EV 5 | Aktivni | 5 kWh] milp_full_period                  582.35 EUR  (  29.0 s)
  [Fluvius_PV_EV 3 | Redni 1T | 30 kWh] delayed_pv_charge                 902.58 EUR  (   1.4 s)
  [Fluvius_PV_EV 4 | Dinamični | 10 kWh] price_threshold                   374.08 EUR  (   1.4 s)
  [Fluvius_PV_EV 4 | Aktivni | 20 kWh] peak_shaving                      543.80 EUR  (   1.4 s)
  [Fluvius_PV_EV 3 | Redni 1T | 30 kWh] price_threshold                   972.05 EUR  (   1.4 s)
  [Fluvius_PV_EV 5 | Aktivni | 10 kWh] no_battery                        806.34 EUR  (   1.4 s)
  [Fluvius_PV_EV 4 | Dinamični | 10 kWh] price_rank_daily                  328.65 EUR  (   1.4 s)
  [Fluvius_PV_EV 4 | Aktivni | 20 kWh] self_consumption_peak_shaving     383.27 EUR  (   1.4 s)
  [Fluvius_PV_EV 3 | Redni 1T | 30 kWh] price_rank_daily                  901.34 EUR  (   1.4 s)
  [Fluvius_PV_EV 5 | Redni 1T | 5 kWh] no_battery                        698.75 EUR  (   1.4 s)
  [Fluvius_PV_EV 5 | Aktivni | 10 kWh] self_consumption                  653.26 EUR  (   1.4 s)
  [Fluvius_PV_EV 4 | Dinamični | 10 kWh] peak_shaving                      467.32 EUR  (   1.4 s)
  [Fluvius_PV_EV 4 | Aktivni | 20 kWh] price_oracle                      390.67 EUR  (   1.4 s)
  [Fluvius_PV_EV 5 | Redni 1T | 5 kWh] self_consumption                  626.77 EUR  (   1.4 s)
  [Fluvius_PV_EV 3 | Redni 1T | 30 kWh] peak_shaving                     1005.07 EUR  (   1.4 s)
  [Fluvius_PV_EV 5 | Aktivni | 10 kWh] fixed_schedule                    807.82 EUR  (   1.4 s)
  [Fluvius_PV_EV 4 | Dinamični | 10 kWh] self_consumption_peak_shaving     363.80 EUR  (   1.4 s)
  [Fluvius_PV_EV 5 | Redni 1T | 5 kWh] fixed_schedule                    680.61 EUR  (   1.4 s)
  [Fluvius_PV_EV 3 | Redni 1T | 30 kWh] self_consumption_peak_shaving     888.61 EUR  (   1.4 s)
  [Fluvius_PV_EV 5 | Aktivni | 10 kWh] delayed_pv_charge                 675.44 EUR  (   1.4 s)
  [Fluvius_PV_EV 4 | Dinamični | 10 kWh] price_oracle                      370.20 EUR  (   1.4 s)
  [Fluvius_PV_EV 5 | Redni 1T | 5 kWh] delayed_pv_charge                 632.51 EUR  (   1.4 s)
  [Fluvius_PV_EV 3 | Redni 1T | 30 kWh] price_oracle                      973.03 EUR  (   1.4 s)
  [Fluvius_PV_EV 5 | Aktivni | 10 kWh] price_threshold                   635.99 EUR  (   1.4 s)
  [Fluvius_PV_EV 5 | Redni 1T | 5 kWh] price_threshold                   643.53 EUR  (   1.4 s)
  [Fluvius_PV_EV 5 | Aktivni | 10 kWh] price_rank_daily                  609.30 EUR  (   1.4 s)
  [Fluvius_PV_EV 5 | Redni 1T | 5 kWh] price_rank_daily                  626.77 EUR  (   1.4 s)
  [Fluvius_PV_EV 5 | Aktivni | 10 kWh] peak_shaving                      784.25 EUR  (   1.4 s)
  [Fluvius_PV_EV 5 | Redni 1T | 5 kWh] peak_shaving                      686.17 EUR  (   1.4 s)
  [Fluvius_PV_EV 5 | Aktivni | 10 kWh] self_consumption_peak_shaving     663.68 EUR  (   1.5 s)
  [Fluvius_PV_EV 5 | Redni 1T | 5 kWh] self_consumption_peak_shaving     641.71 EUR  (   1.4 s)
  [Fluvius_PV_EV 5 | Aktivni | 10 kWh] price_oracle                      635.42 EUR  (   1.4 s)
  [Fluvius_PV_EV 5 | Redni 1T | 5 kWh] price_oracle                      643.52 EUR  (   1.4 s)
  [Fluvius_PV_EV 5 | Dinamični | 5 kWh] milp_full_period                  484.98 EUR  (  69.9 s)
  [Fluvius_PV_EV 5 | Dinamični | 10 kWh] no_battery                        718.44 EUR  (   1.4 s)
  [Fluvius_PV_EV 5 | Dinamični | 10 kWh] self_consumption                  608.93 EUR  (   1.4 s)
  [Fluvius_PV_EV 5 | Dinamični | 10 kWh] fixed_schedule                    621.06 EUR  (   1.4 s)
  [Fluvius_PV_EV 5 | Dinamični | 10 kWh] delayed_pv_charge                 624.72 EUR  (   1.4 s)
  [Fluvius_PV_EV 5 | Dinamični | 10 kWh] price_threshold                   609.51 EUR  (   1.4 s)
  [Fluvius_PV_EV 5 | Dinamični | 10 kWh] price_rank_daily                  559.97 EUR  (   1.4 s)
  [Fluvius_PV_EV 5 | Dinamični | 10 kWh] peak_shaving                      699.24 EUR  (   1.4 s)
  [Fluvius_PV_EV 4 | Aktivni | 20 kWh] milp_full_period                   69.18 EUR  (  33.8 s)
  [Fluvius_PV_EV 5 | Dinamični | 10 kWh] self_consumption_peak_shaving     615.70 EUR  (   1.4 s)
  [Fluvius_PV_EV 1 | Dinamični | 20 kWh] milp_full_period                  276.04 EUR  ( 205.5 s)
  [Fluvius_PV_EV 4 | Aktivni | 30 kWh] no_battery                        562.68 EUR  (   1.4 s)
  [Fluvius_PV_EV 5 | Dinamični | 10 kWh] price_oracle                      603.72 EUR  (   1.4 s)
  [Fluvius_PV_EV 1 | Dinamični | 30 kWh] no_battery                        969.42 EUR  (   1.4 s)
  [Fluvius_PV_EV 4 | Aktivni | 30 kWh] self_consumption                  368.86 EUR  (   1.4 s)
  [Fluvius_PV_EV 1 | Dinamični | 30 kWh] self_consumption                  788.26 EUR  (   1.4 s)
  [Fluvius_PV_EV 4 | Aktivni | 30 kWh] fixed_schedule                    515.29 EUR  (   1.4 s)
  [Fluvius_PV_EV 5 | Aktivni | 10 kWh] milp_full_period                  458.65 EUR  (  29.3 s)
  [Fluvius_PV_EV 5 | Redni 1T | 5 kWh] milp_full_period                  618.23 EUR  (  29.0 s)
  [Fluvius_PV_EV 1 | Dinamični | 30 kWh] fixed_schedule                    834.34 EUR  (   1.4 s)
  [Fluvius_PV_EV 4 | Aktivni | 30 kWh] delayed_pv_charge                 379.36 EUR  (   1.4 s)
  [Fluvius_PV_EV 5 | Aktivni | 20 kWh] no_battery                        806.34 EUR  (   1.4 s)
  [Fluvius_PV_EV 1 | Dinamični | 30 kWh] delayed_pv_charge                 792.52 EUR  (   1.4 s)
  [Fluvius_PV_EV 4 | Aktivni | 30 kWh] price_threshold                   389.67 EUR  (   1.4 s)
  [Fluvius_PV_EV 5 | Redni 1T | 10 kWh] no_battery                        698.75 EUR  (   1.4 s)
  [Fluvius_PV_EV 4 | Redni 1T | 10 kWh] milp_full_period                  334.51 EUR  (  48.5 s)
  [Fluvius_PV_EV 5 | Aktivni | 20 kWh] self_consumption                  641.86 EUR  (   1.4 s)
  [Fluvius_PV_EV 1 | Dinamični | 30 kWh] price_threshold                   793.73 EUR  (   1.4 s)
  [Fluvius_PV_EV 4 | Aktivni | 30 kWh] price_rank_daily                  367.27 EUR  (   1.4 s)
  [Fluvius_PV_EV 5 | Redni 1T | 10 kWh] self_consumption                  602.15 EUR  (   1.4 s)
  [Fluvius_PV_EV 4 | Redni 1T | 20 kWh] no_battery                        454.07 EUR  (   1.4 s)
  [Fluvius_PV_EV 5 | Aktivni | 20 kWh] fixed_schedule                    813.45 EUR  (   1.4 s)
  [Fluvius_PV_EV 1 | Dinamični | 30 kWh] price_rank_daily                  743.39 EUR  (   1.4 s)
  [Fluvius_PV_EV 4 | Aktivni | 30 kWh] peak_shaving                      543.27 EUR  (   1.4 s)
  [Fluvius_PV_EV 5 | Redni 1T | 10 kWh] fixed_schedule                    688.51 EUR  (   1.4 s)
  [Fluvius_PV_EV 4 | Redni 1T | 20 kWh] self_consumption                  332.20 EUR  (   1.4 s)
  [Fluvius_PV_EV 5 | Aktivni | 20 kWh] delayed_pv_charge                 659.17 EUR  (   1.4 s)
  [Fluvius_PV_EV 1 | Dinamični | 30 kWh] peak_shaving                      926.32 EUR  (   1.4 s)
  [Fluvius_PV_EV 4 | Aktivni | 30 kWh] self_consumption_peak_shaving     382.21 EUR  (   1.4 s)
  [Fluvius_PV_EV 5 | Redni 1T | 10 kWh] delayed_pv_charge                 606.14 EUR  (   1.4 s)
  [Fluvius_PV_EV 4 | Redni 1T | 20 kWh] fixed_schedule                    436.91 EUR  (   1.4 s)
  [Fluvius_PV_EV 5 | Aktivni | 20 kWh] price_threshold                   616.51 EUR  (   1.4 s)
  [Fluvius_PV_EV 1 | Dinamični | 30 kWh] self_consumption_peak_shaving     790.64 EUR  (   1.4 s)
  [Fluvius_PV_EV 4 | Aktivni | 30 kWh] price_oracle                      389.15 EUR  (   1.4 s)
  [Fluvius_PV_EV 5 | Redni 1T | 10 kWh] price_threshold                   627.63 EUR  (   1.4 s)
  [Fluvius_PV_EV 4 | Redni 1T | 20 kWh] delayed_pv_charge                 332.63 EUR  (   1.4 s)
  [Fluvius_PV_EV 5 | Aktivni | 20 kWh] price_rank_daily                  587.98 EUR  (   1.4 s)
  [Fluvius_PV_EV 1 | Dinamični | 30 kWh] price_oracle                      778.74 EUR  (   1.4 s)
  [Fluvius_PV_EV 3 | Redni 1T | 30 kWh] milp_full_period                  865.07 EUR  (  44.8 s)
[101/140] Fluvius_PV_EV_user_003_redni1t.csv (40 rows)  (2862s elapsed)
  [Fluvius_PV_EV 5 | Redni 1T | 10 kWh] price_rank_daily                  602.15 EUR  (   1.4 s)
  [Fluvius_PV_EV 4 | Redni 1T | 20 kWh] price_threshold                   375.75 EUR  (   1.4 s)
  [Fluvius_PV_EV 5 | Aktivni | 20 kWh] peak_shaving                      781.30 EUR  (   1.4 s)
  [Fluvius_PV_EV 5 | Redni 1T | 10 kWh] peak_shaving                      681.30 EUR  (   1.4 s)
  [Fluvius_PV_EV 4 | Redni 1T | 20 kWh] price_rank_daily                  332.20 EUR  (   1.4 s)
  [Fluvius_PV_EV 5 | Aktivni | 20 kWh] self_consumption_peak_shaving     644.19 EUR  (   1.4 s)
  [Fluvius_PV_EV 5 | Redni 1T | 10 kWh] self_consumption_peak_shaving     610.23 EUR  (   1.4 s)
  [Fluvius_PV_EV 4 | Redni 1T | 20 kWh] peak_shaving                      440.62 EUR  (   1.4 s)
  [Fluvius_PV_EV 5 | Aktivni | 20 kWh] price_oracle                      615.14 EUR  (   1.4 s)
  [Fluvius_PV_EV 5 | Redni 1T | 10 kWh] price_oracle                      627.64 EUR  (   1.4 s)
  [Fluvius_PV_HP 1 | Dinamični | 5 kWh] no_battery                        922.14 EUR  (   1.4 s)
  [Fluvius_PV_EV 4 | Redni 1T | 20 kWh] self_consumption_peak_shaving     341.08 EUR  (   1.4 s)
  [Fluvius_PV_HP 1 | Dinamični | 5 kWh] self_consumption                  805.31 EUR  (   1.4 s)
  [Fluvius_PV_EV 4 | Redni 1T | 20 kWh] price_oracle                      376.76 EUR  (   1.4 s)
  [Fluvius_PV_HP 1 | Dinamični | 5 kWh] fixed_schedule                    814.48 EUR  (   1.4 s)
  [Fluvius_PV_HP 1 | Dinamični | 5 kWh] delayed_pv_charge                 821.99 EUR  (   1.4 s)
  [Fluvius_PV_HP 1 | Dinamični | 5 kWh] price_threshold                   815.00 EUR  (   1.4 s)
  [Fluvius_PV_HP 1 | Dinamični | 5 kWh] price_rank_daily                  777.64 EUR  (   1.4 s)
  [Fluvius_PV_HP 1 | Dinamični | 5 kWh] peak_shaving                      897.14 EUR  (   1.4 s)
  [Fluvius_PV_HP 1 | Dinamični | 5 kWh] self_consumption_peak_shaving     815.80 EUR  (   1.4 s)
  [Fluvius_PV_HP 1 | Dinamični | 5 kWh] price_oracle                      812.58 EUR  (   1.4 s)
  [Fluvius_PV_EV 5 | Aktivni | 20 kWh] milp_full_period                  283.39 EUR  (  28.5 s)
  [Fluvius_PV_EV 5 | Redni 1T | 10 kWh] milp_full_period                  593.52 EUR  (  29.1 s)
  [Fluvius_PV_EV 4 | Aktivni | 30 kWh] milp_full_period                  -79.80 EUR  (  35.2 s)
[102/140] Fluvius_PV_EV_user_004_aktivni.csv (40 rows)  (2895s elapsed)
  [Fluvius_PV_EV 5 | Aktivni | 30 kWh] no_battery                        806.34 EUR  (   1.4 s)
  [Fluvius_PV_EV 5 | Redni 1T | 20 kWh] no_battery                        698.75 EUR  (   1.4 s)
  [Fluvius_PV_EV 5 | Aktivni | 30 kWh] self_consumption                  633.34 EUR  (   1.4 s)
  [Fluvius_PV_EV 5 | Redni 1T | 20 kWh] self_consumption                  584.04 EUR  (   1.4 s)
  [Fluvius_PV_EV 5 | Aktivni | 30 kWh] fixed_schedule                    812.09 EUR  (   1.4 s)
  [Fluvius_PV_EV 5 | Redni 1T | 20 kWh] fixed_schedule                    693.17 EUR  (   1.4 s)
  [Fluvius_PV_HP 1 | Aktivni | 5 kWh] no_battery                       1016.99 EUR  (   1.4 s)
  [Fluvius_PV_EV 5 | Aktivni | 30 kWh] delayed_pv_charge                 649.70 EUR  (   1.4 s)
  [Fluvius_PV_EV 5 | Redni 1T | 20 kWh] delayed_pv_charge                 585.90 EUR  (   1.4 s)
  [Fluvius_PV_HP 1 | Aktivni | 5 kWh] self_consumption                  854.56 EUR  (   1.4 s)
  [Fluvius_PV_EV 5 | Aktivni | 30 kWh] price_threshold                   614.86 EUR  (   1.4 s)
  [Fluvius_PV_EV 5 | Redni 1T | 20 kWh] price_threshold                   616.06 EUR  (   1.4 s)
  [Fluvius_PV_HP 1 | Aktivni | 5 kWh] fixed_schedule                    959.25 EUR  (   1.4 s)
  [Fluvius_PV_EV 5 | Aktivni | 30 kWh] price_rank_daily                  600.82 EUR  (   1.4 s)
  [Fluvius_PV_EV 5 | Redni 1T | 20 kWh] price_rank_daily                  584.04 EUR  (   1.4 s)
  [Fluvius_PV_HP 1 | Aktivni | 5 kWh] delayed_pv_charge                 878.44 EUR  (   1.4 s)
  [Fluvius_PV_EV 5 | Aktivni | 30 kWh] peak_shaving                      780.70 EUR  (   1.4 s)
  [Fluvius_PV_EV 5 | Redni 1T | 20 kWh] peak_shaving                      679.36 EUR  (   1.4 s)
  [Fluvius_PV_HP 1 | Aktivni | 5 kWh] price_threshold                   836.07 EUR  (   1.4 s)
  [Fluvius_PV_EV 5 | Aktivni | 30 kWh] self_consumption_peak_shaving     637.39 EUR  (   1.4 s)
  [Fluvius_PV_EV 5 | Redni 1T | 20 kWh] self_consumption_peak_shaving     585.51 EUR  (   1.4 s)
  [Fluvius_PV_HP 1 | Aktivni | 5 kWh] price_rank_daily                  800.55 EUR  (   1.4 s)
  [Fluvius_PV_EV 5 | Aktivni | 30 kWh] price_oracle                      613.42 EUR  (   1.4 s)
  [Fluvius_PV_EV 5 | Redni 1T | 20 kWh] price_oracle                      616.20 EUR  (   1.4 s)
  [Fluvius_PV_HP 1 | Aktivni | 5 kWh] peak_shaving                      989.04 EUR  (   1.4 s)
  [Fluvius_PV_HP 1 | Aktivni | 5 kWh] self_consumption_peak_shaving     878.79 EUR  (   1.4 s)
  [Fluvius_PV_HP 1 | Aktivni | 5 kWh] price_oracle                      835.96 EUR  (   1.4 s)
  [Fluvius_PV_EV 4 | Redni 1T | 20 kWh] milp_full_period                  326.86 EUR  (  51.4 s)
  [Fluvius_PV_EV 4 | Redni 1T | 30 kWh] no_battery                        454.07 EUR  (   1.4 s)
  [Fluvius_PV_EV 4 | Redni 1T | 30 kWh] self_consumption                  330.37 EUR  (   1.4 s)
  [Fluvius_PV_EV 4 | Redni 1T | 30 kWh] fixed_schedule                    436.90 EUR  (   1.4 s)
  [Fluvius_PV_EV 4 | Redni 1T | 30 kWh] delayed_pv_charge                 330.37 EUR  (   1.4 s)
  [Fluvius_PV_EV 4 | Redni 1T | 30 kWh] price_threshold                   373.08 EUR  (   1.4 s)
  [Fluvius_PV_EV 4 | Redni 1T | 30 kWh] price_rank_daily                  330.37 EUR  (   1.4 s)
  [Fluvius_PV_EV 4 | Redni 1T | 30 kWh] peak_shaving                      440.11 EUR  (   1.4 s)
  [Fluvius_PV_EV 4 | Redni 1T | 30 kWh] self_consumption_peak_shaving     340.05 EUR  (   1.4 s)
  [Fluvius_PV_EV 4 | Redni 1T | 30 kWh] price_oracle                      374.09 EUR  (   1.4 s)
  [Fluvius_PV_EV 3 | Dinamični | 20 kWh] milp_full_period                  402.65 EUR  ( 191.7 s)
  [Fluvius_PV_EV 5 | Aktivni | 30 kWh] milp_full_period                  130.82 EUR  (  30.1 s)
[103/140] Fluvius_PV_EV_user_005_aktivni.csv (40 rows)  (2938s elapsed)
  [Fluvius_PV_EV 3 | Dinamični | 30 kWh] no_battery                       1077.98 EUR  (   1.4 s)
  [Fluvius_PV_EV 3 | Dinamični | 30 kWh] self_consumption                  916.83 EUR  (   1.4 s)
  [Fluvius_PV_HP 1 | Aktivni | 5 kWh] milp_full_period                  753.62 EUR  (  29.6 s)
  [Fluvius_PV_EV 3 | Dinamični | 30 kWh] fixed_schedule                    948.27 EUR  (   1.4 s)
  [Fluvius_PV_HP 1 | Redni 1T | 5 kWh] no_battery                        857.12 EUR  (   1.4 s)
  [Fluvius_PV_HP 1 | Aktivni | 10 kWh] no_battery                       1016.99 EUR  (   1.4 s)
  [Fluvius_PV_EV 3 | Dinamični | 30 kWh] delayed_pv_charge                 921.18 EUR  (   1.4 s)
  [Fluvius_PV_HP 1 | Redni 1T | 5 kWh] self_consumption                  764.04 EUR  (   1.4 s)
  [Fluvius_PV_HP 1 | Aktivni | 10 kWh] self_consumption                  831.74 EUR  (   1.4 s)
  [Fluvius_PV_EV 3 | Dinamični | 30 kWh] price_threshold                   926.41 EUR  (   1.4 s)
  [Fluvius_PV_HP 1 | Redni 1T | 5 kWh] fixed_schedule                    811.01 EUR  (   1.4 s)
  [Fluvius_PV_HP 1 | Aktivni | 10 kWh] fixed_schedule                    975.49 EUR  (   1.4 s)
  [Fluvius_PV_EV 3 | Dinamični | 30 kWh] price_rank_daily                  856.72 EUR  (   1.4 s)
  [Fluvius_PV_HP 1 | Redni 1T | 5 kWh] delayed_pv_charge                 770.07 EUR  (   1.4 s)
  [Fluvius_PV_HP 1 | Aktivni | 10 kWh] delayed_pv_charge                 847.23 EUR  (   1.4 s)
  [Fluvius_PV_EV 3 | Dinamični | 30 kWh] peak_shaving                     1021.35 EUR  (   1.4 s)
  [Fluvius_PV_HP 1 | Redni 1T | 5 kWh] price_threshold                   794.14 EUR  (   1.4 s)
  [Fluvius_PV_HP 1 | Aktivni | 10 kWh] price_threshold                   760.75 EUR  (   1.4 s)
  [Fluvius_PV_EV 3 | Dinamični | 30 kWh] self_consumption_peak_shaving     895.44 EUR  (   1.4 s)
  [Fluvius_PV_HP 1 | Redni 1T | 5 kWh] price_rank_daily                  764.04 EUR  (   1.4 s)
  [Fluvius_PV_HP 1 | Aktivni | 10 kWh] price_rank_daily                  731.83 EUR  (   1.4 s)
  [Fluvius_PV_EV 3 | Dinamični | 30 kWh] price_oracle                      889.39 EUR  (   1.4 s)
  [Fluvius_PV_HP 1 | Redni 1T | 5 kWh] peak_shaving                      834.69 EUR  (   1.4 s)
  [Fluvius_PV_HP 1 | Aktivni | 10 kWh] peak_shaving                      987.05 EUR  (   1.4 s)
  [Fluvius_PV_HP 1 | Redni 1T | 5 kWh] self_consumption_peak_shaving     776.41 EUR  (   1.4 s)
  [Fluvius_PV_HP 1 | Aktivni | 10 kWh] self_consumption_peak_shaving     828.86 EUR  (   1.4 s)
  [Fluvius_PV_HP 1 | Redni 1T | 5 kWh] price_oracle                      794.27 EUR  (   1.4 s)
  [Fluvius_PV_EV 5 | Redni 1T | 20 kWh] milp_full_period                  575.21 EUR  (  45.7 s)
  [Fluvius_PV_HP 1 | Aktivni | 10 kWh] price_oracle                      760.64 EUR  (   1.4 s)
  [Fluvius_PV_EV 5 | Redni 1T | 30 kWh] no_battery                        698.75 EUR  (   1.4 s)
  [Fluvius_PV_HP 1 | Dinamični | 5 kWh] milp_full_period                  656.20 EUR  (  79.3 s)
  [Fluvius_PV_EV 5 | Redni 1T | 30 kWh] self_consumption                  575.33 EUR  (   1.4 s)
  [Fluvius_PV_HP 1 | Dinamični | 10 kWh] no_battery                        922.14 EUR  (   1.4 s)
  [Fluvius_PV_EV 5 | Redni 1T | 30 kWh] fixed_schedule                    694.92 EUR  (   1.4 s)
  [Fluvius_PV_HP 1 | Dinamični | 10 kWh] self_consumption                  787.36 EUR  (   1.4 s)
  [Fluvius_PV_EV 5 | Redni 1T | 30 kWh] delayed_pv_charge                 576.56 EUR  (   1.4 s)
  [Fluvius_PV_HP 1 | Dinamični | 10 kWh] fixed_schedule                    778.57 EUR  (   1.4 s)
  [Fluvius_PV_EV 5 | Redni 1T | 30 kWh] price_threshold                   610.41 EUR  (   1.4 s)
  [Fluvius_PV_HP 1 | Dinamični | 10 kWh] delayed_pv_charge                 798.39 EUR  (   1.4 s)
  [Fluvius_PV_EV 5 | Redni 1T | 30 kWh] price_rank_daily                  575.33 EUR  (   1.4 s)
  [Fluvius_PV_HP 1 | Dinamični | 10 kWh] price_threshold                   774.48 EUR  (   1.4 s)
  [Fluvius_PV_EV 5 | Redni 1T | 30 kWh] peak_shaving                      678.85 EUR  (   1.4 s)
  [Fluvius_PV_HP 1 | Dinamični | 10 kWh] price_rank_daily                  716.55 EUR  (   1.4 s)
  [Fluvius_PV_EV 5 | Redni 1T | 30 kWh] self_consumption_peak_shaving     577.32 EUR  (   1.4 s)
  [Fluvius_PV_HP 1 | Dinamični | 10 kWh] peak_shaving                      895.60 EUR  (   1.4 s)
  [Fluvius_PV_EV 5 | Redni 1T | 30 kWh] price_oracle                      611.12 EUR  (   1.4 s)
  [Fluvius_PV_HP 1 | Dinamični | 10 kWh] self_consumption_peak_shaving     783.49 EUR  (   1.4 s)
  [Fluvius_PV_HP 1 | Dinamični | 10 kWh] price_oracle                      769.01 EUR  (   1.4 s)
  [Fluvius_PV_EV 1 | Dinamični | 30 kWh] milp_full_period                  115.51 EUR  ( 112.5 s)
[104/140] Fluvius_PV_EV_user_001.csv (40 rows)  (2974s elapsed)
  [Fluvius_PV_HP 2 | Dinamični | 5 kWh] no_battery                        851.25 EUR  (   1.4 s)
  [Fluvius_PV_HP 2 | Dinamični | 5 kWh] self_consumption                  728.78 EUR  (   1.4 s)
  [Fluvius_PV_HP 2 | Dinamični | 5 kWh] fixed_schedule                    745.79 EUR  (   1.4 s)
  [Fluvius_PV_HP 1 | Redni 1T | 5 kWh] milp_full_period                  748.64 EUR  (  29.0 s)
  [Fluvius_PV_HP 2 | Dinamični | 5 kWh] delayed_pv_charge                 740.37 EUR  (   1.4 s)
  [Fluvius_PV_EV 5 | Dinamični | 10 kWh] milp_full_period                  333.86 EUR  ( 134.3 s)
  [Fluvius_PV_EV 4 | Redni 1T | 30 kWh] milp_full_period                  324.93 EUR  (  50.6 s)
[105/140] Fluvius_PV_EV_user_004_redni1t.csv (40 rows)  (2984s elapsed)
  [Fluvius_PV_HP 1 | Aktivni | 10 kWh] milp_full_period                  636.05 EUR  (  29.8 s)
  [Fluvius_PV_HP 2 | Dinamični | 5 kWh] price_threshold                   744.67 EUR  (   1.4 s)
  [Fluvius_PV_HP 1 | Redni 1T | 10 kWh] no_battery                        857.12 EUR  (   1.4 s)
  [Fluvius_PV_EV 5 | Dinamični | 20 kWh] no_battery                        718.44 EUR  (   1.4 s)
  [Fluvius_PV_HP 2 | Dinamični | 5 kWh] price_rank_daily                  691.98 EUR  (   1.4 s)
  [Fluvius_PV_HP 1 | Redni 1T | 10 kWh] self_consumption                  739.62 EUR  (   1.4 s)
  [Fluvius_PV_HP 1 | Aktivni | 20 kWh] no_battery                       1016.99 EUR  (   1.4 s)
  [Fluvius_PV_EV 5 | Dinamični | 20 kWh] self_consumption                  602.48 EUR  (   1.4 s)
  [Fluvius_PV_HP 2 | Dinamični | 5 kWh] peak_shaving                      832.30 EUR  (   1.4 s)
  [Fluvius_PV_HP 1 | Redni 1T | 10 kWh] fixed_schedule                    817.77 EUR  (   1.4 s)
  [Fluvius_PV_HP 1 | Aktivni | 20 kWh] self_consumption                  821.72 EUR  (   1.4 s)
  [Fluvius_PV_EV 5 | Dinamični | 20 kWh] fixed_schedule                    594.22 EUR  (   1.4 s)
  [Fluvius_PV_HP 2 | Aktivni | 5 kWh] no_battery                        971.50 EUR  (   1.4 s)
  [Fluvius_PV_HP 2 | Dinamični | 5 kWh] self_consumption_peak_shaving     752.64 EUR  (   1.4 s)
  [Fluvius_PV_HP 1 | Redni 1T | 10 kWh] delayed_pv_charge                 742.30 EUR  (   1.4 s)
  [Fluvius_PV_HP 1 | Aktivni | 20 kWh] fixed_schedule                    969.19 EUR  (   1.4 s)
  [Fluvius_PV_EV 5 | Dinamični | 20 kWh] delayed_pv_charge                 614.97 EUR  (   1.4 s)
  [Fluvius_PV_HP 2 | Aktivni | 5 kWh] self_consumption                  804.84 EUR  (   1.4 s)
  [Fluvius_PV_HP 2 | Dinamični | 5 kWh] price_oracle                      737.32 EUR  (   1.4 s)
  [Fluvius_PV_HP 1 | Redni 1T | 10 kWh] price_threshold                   783.70 EUR  (   1.4 s)
  [Fluvius_PV_HP 1 | Aktivni | 20 kWh] delayed_pv_charge                 834.10 EUR  (   1.4 s)
  [Fluvius_PV_EV 5 | Dinamični | 20 kWh] price_threshold                   580.79 EUR  (   1.4 s)
  [Fluvius_PV_HP 2 | Aktivni | 5 kWh] fixed_schedule                    929.45 EUR  (   1.4 s)
  [Fluvius_PV_HP 1 | Redni 1T | 10 kWh] price_rank_daily                  739.62 EUR  (   1.4 s)
  [Fluvius_PV_HP 1 | Aktivni | 20 kWh] price_threshold                   736.67 EUR  (   1.4 s)
  [Fluvius_PV_EV 5 | Dinamični | 20 kWh] price_rank_daily                  530.36 EUR  (   1.4 s)
  [Fluvius_PV_HP 2 | Aktivni | 5 kWh] delayed_pv_charge                 820.80 EUR  (   1.4 s)
  [Fluvius_PV_HP 1 | Redni 1T | 10 kWh] peak_shaving                      833.36 EUR  (   1.4 s)
  [Fluvius_PV_HP 1 | Aktivni | 20 kWh] price_rank_daily                  714.78 EUR  (   1.4 s)
  [Fluvius_PV_EV 5 | Dinamični | 20 kWh] peak_shaving                      696.95 EUR  (   1.4 s)
  [Fluvius_PV_HP 2 | Aktivni | 5 kWh] price_threshold                   795.83 EUR  (   1.4 s)
  [Fluvius_PV_HP 1 | Redni 1T | 10 kWh] self_consumption_peak_shaving     736.34 EUR  (   1.4 s)
  [Fluvius_PV_HP 1 | Aktivni | 20 kWh] peak_shaving                      985.85 EUR  (   1.4 s)
  [Fluvius_PV_EV 5 | Dinamični | 20 kWh] self_consumption_peak_shaving     604.80 EUR  (   1.4 s)
  [Fluvius_PV_HP 2 | Aktivni | 5 kWh] price_rank_daily                  757.65 EUR  (   1.4 s)
  [Fluvius_PV_EV 2 | Dinamični | 20 kWh] milp_full_period                   45.76 EUR  ( 194.5 s)
  [Fluvius_PV_HP 1 | Redni 1T | 10 kWh] price_oracle                      784.13 EUR  (   1.4 s)
  [Fluvius_PV_HP 1 | Aktivni | 20 kWh] self_consumption_peak_shaving     816.97 EUR  (   1.4 s)
  [Fluvius_PV_EV 5 | Dinamični | 20 kWh] price_oracle                      572.05 EUR  (   1.4 s)
  [Fluvius_PV_HP 2 | Aktivni | 5 kWh] peak_shaving                      950.15 EUR  (   1.4 s)
  [Fluvius_PV_EV 2 | Dinamični | 30 kWh] no_battery                        546.17 EUR  (   1.4 s)
  [Fluvius_PV_HP 1 | Aktivni | 20 kWh] price_oracle                      736.75 EUR  (   1.4 s)
  [Fluvius_PV_HP 2 | Aktivni | 5 kWh] self_consumption_peak_shaving     847.81 EUR  (   1.5 s)
  [Fluvius_PV_EV 2 | Dinamični | 30 kWh] self_consumption                  521.61 EUR  (   1.4 s)
  [Fluvius_PV_HP 2 | Aktivni | 5 kWh] price_oracle                      795.48 EUR  (   1.4 s)
  [Fluvius_PV_EV 2 | Dinamični | 30 kWh] fixed_schedule                    481.01 EUR  (   1.4 s)
  [Fluvius_PV_EV 2 | Dinamični | 30 kWh] delayed_pv_charge                 522.72 EUR  (   1.4 s)
  [Fluvius_PV_EV 2 | Dinamični | 30 kWh] price_threshold                   476.37 EUR  (   1.4 s)
  [Fluvius_PV_EV 2 | Dinamični | 30 kWh] price_rank_daily                  461.15 EUR  (   1.4 s)
  [Fluvius_PV_EV 2 | Dinamični | 30 kWh] peak_shaving                      536.57 EUR  (   1.4 s)
  [Fluvius_PV_EV 2 | Dinamični | 30 kWh] self_consumption_peak_shaving     519.95 EUR  (   1.4 s)
  [Fluvius_PV_EV 2 | Dinamični | 30 kWh] price_oracle                      458.66 EUR  (   1.4 s)
  [Fluvius_PV_EV 5 | Redni 1T | 30 kWh] milp_full_period                  566.37 EUR  (  46.3 s)
[106/140] Fluvius_PV_EV_user_005_redni1t.csv (40 rows)  (3014s elapsed)
  [Fluvius_PV_EV 4 | Dinamični | 10 kWh] milp_full_period                  119.60 EUR  ( 199.1 s)
  [Fluvius_PV_EV 4 | Dinamični | 20 kWh] no_battery                        481.66 EUR  (   1.4 s)
  [Fluvius_PV_EV 4 | Dinamični | 20 kWh] self_consumption                  348.60 EUR  (   1.4 s)
  [Fluvius_PV_HP 2 | Redni 1T | 5 kWh] no_battery                        802.61 EUR  (   1.4 s)
  [Fluvius_PV_EV 4 | Dinamični | 20 kWh] fixed_schedule                    375.68 EUR  (   1.4 s)
  [Fluvius_PV_HP 2 | Redni 1T | 5 kWh] self_consumption                  710.85 EUR  (   1.4 s)
  [Fluvius_PV_EV 4 | Dinamični | 20 kWh] delayed_pv_charge                 358.12 EUR  (   1.4 s)
  [Fluvius_PV_HP 2 | Redni 1T | 5 kWh] fixed_schedule                    762.90 EUR  (   1.4 s)
  [Fluvius_PV_EV 4 | Dinamični | 20 kWh] price_threshold                   362.22 EUR  (   1.4 s)
  [Fluvius_PV_HP 2 | Redni 1T | 5 kWh] delayed_pv_charge                 715.08 EUR  (   1.4 s)
  [Fluvius_PV_EV 4 | Dinamični | 20 kWh] price_rank_daily                  321.45 EUR  (   1.4 s)
  [Fluvius_PV_HP 2 | Redni 1T | 5 kWh] price_threshold                   744.68 EUR  (   1.4 s)
  [Fluvius_PV_EV 4 | Dinamični | 20 kWh] peak_shaving                      467.02 EUR  (   1.4 s)
  [Fluvius_PV_HP 2 | Redni 1T | 5 kWh] price_rank_daily                  710.85 EUR  (   1.4 s)
  [Fluvius_PV_EV 4 | Dinamični | 20 kWh] self_consumption_peak_shaving     359.52 EUR  (   1.4 s)
  [Fluvius_PV_HP 2 | Redni 1T | 5 kWh] peak_shaving                      783.88 EUR  (   1.4 s)
  [Fluvius_PV_HP 2 | Aktivni | 5 kWh] milp_full_period                  717.05 EUR  (  28.4 s)
  [Fluvius_PV_EV 4 | Dinamični | 20 kWh] price_oracle                      353.39 EUR  (   1.4 s)
  [Fluvius_PV_HP 2 | Redni 1T | 5 kWh] self_consumption_peak_shaving     729.83 EUR  (   1.4 s)
  [Fluvius_PV_HP 2 | Aktivni | 10 kWh] no_battery                        971.50 EUR  (   1.4 s)
  [Fluvius_PV_HP 2 | Redni 1T | 5 kWh] price_oracle                      745.04 EUR  (   1.4 s)
  [Fluvius_PV_HP 1 | Aktivni | 20 kWh] milp_full_period                  473.75 EUR  (  33.2 s)
  [Fluvius_PV_HP 2 | Aktivni | 10 kWh] self_consumption                  769.99 EUR  (   1.4 s)
  [Fluvius_PV_HP 1 | Aktivni | 30 kWh] no_battery                       1016.99 EUR  (   1.4 s)
  [Fluvius_PV_HP 2 | Aktivni | 10 kWh] fixed_schedule                    938.50 EUR  (   1.5 s)
  [Fluvius_PV_HP 1 | Aktivni | 30 kWh] self_consumption                  817.85 EUR  (   1.4 s)
  [Fluvius_PV_HP 2 | Aktivni | 10 kWh] delayed_pv_charge                 777.09 EUR  (   1.4 s)
  [Fluvius_PV_HP 1 | Aktivni | 30 kWh] fixed_schedule                    964.22 EUR  (   1.4 s)
  [Fluvius_PV_HP 2 | Aktivni | 10 kWh] price_threshold                   716.26 EUR  (   1.4 s)
  [Fluvius_PV_HP 1 | Aktivni | 30 kWh] delayed_pv_charge                 826.48 EUR  (   1.4 s)
  [Fluvius_PV_HP 2 | Aktivni | 10 kWh] price_rank_daily                  678.14 EUR  (   1.4 s)
  [Fluvius_PV_HP 1 | Aktivni | 30 kWh] price_threshold                   734.25 EUR  (   1.4 s)
  [Fluvius_PV_HP 2 | Aktivni | 10 kWh] peak_shaving                      947.48 EUR  (   1.4 s)
  [Fluvius_PV_HP 1 | Redni 1T | 10 kWh] milp_full_period                  724.05 EUR  (  43.0 s)
  [Fluvius_PV_HP 1 | Aktivni | 30 kWh] price_rank_daily                  724.29 EUR  (   1.4 s)
  [Fluvius_PV_HP 2 | Aktivni | 10 kWh] self_consumption_peak_shaving     775.53 EUR  (   1.5 s)
  [Fluvius_PV_HP 1 | Redni 1T | 20 kWh] no_battery                        857.12 EUR  (   1.4 s)
  [Fluvius_PV_HP 1 | Aktivni | 30 kWh] peak_shaving                      985.24 EUR  (   1.4 s)
  [Fluvius_PV_HP 2 | Aktivni | 10 kWh] price_oracle                      715.92 EUR  (   1.4 s)
  [Fluvius_PV_HP 1 | Redni 1T | 20 kWh] self_consumption                  726.82 EUR  (   1.4 s)
  [Fluvius_PV_HP 1 | Aktivni | 30 kWh] self_consumption_peak_shaving     813.25 EUR  (   1.4 s)
  [Fluvius_PV_HP 1 | Redni 1T | 20 kWh] fixed_schedule                    828.03 EUR  (   1.4 s)
  [Fluvius_PV_HP 1 | Aktivni | 30 kWh] price_oracle                      734.42 EUR  (   1.4 s)
  [Fluvius_PV_HP 1 | Redni 1T | 20 kWh] delayed_pv_charge                 727.60 EUR  (   1.4 s)
  [Fluvius_PV_HP 1 | Redni 1T | 20 kWh] price_threshold                   777.00 EUR  (   1.4 s)
  [Fluvius_PV_HP 1 | Redni 1T | 20 kWh] price_rank_daily                  726.82 EUR  (   1.4 s)
  [Fluvius_PV_HP 1 | Redni 1T | 20 kWh] peak_shaving                      832.39 EUR  (   1.4 s)
  [Fluvius_PV_HP 1 | Redni 1T | 20 kWh] self_consumption_peak_shaving     720.86 EUR  (   1.4 s)
  [Fluvius_PV_EV 3 | Dinamični | 30 kWh] milp_full_period                  247.18 EUR  ( 100.8 s)
[107/140] Fluvius_PV_EV_user_003.csv (40 rows)  (3052s elapsed)
  [Fluvius_PV_HP 1 | Redni 1T | 20 kWh] price_oracle                      777.05 EUR  (   1.4 s)
  [Fluvius_PV_HP 3 | Dinamični | 5 kWh] no_battery                       1018.84 EUR  (   1.4 s)
  [Fluvius_PV_HP 2 | Redni 1T | 5 kWh] milp_full_period                  699.22 EUR  (  27.3 s)
  [Fluvius_PV_HP 3 | Dinamični | 5 kWh] self_consumption                  965.70 EUR  (   1.4 s)
  [Fluvius_PV_HP 3 | Dinamični | 5 kWh] fixed_schedule                    948.18 EUR  (   1.4 s)
  [Fluvius_PV_HP 2 | Redni 1T | 10 kWh] no_battery                        802.61 EUR  (   1.4 s)
  [Fluvius_PV_HP 3 | Dinamični | 5 kWh] delayed_pv_charge                 974.15 EUR  (   1.4 s)
  [Fluvius_PV_HP 2 | Redni 1T | 10 kWh] self_consumption                  682.97 EUR  (   1.4 s)
  [Fluvius_PV_HP 3 | Dinamični | 5 kWh] price_threshold                   942.42 EUR  (   1.4 s)
  [Fluvius_PV_HP 2 | Redni 1T | 10 kWh] fixed_schedule                    769.54 EUR  (   1.4 s)
  [Fluvius_PV_HP 3 | Dinamični | 5 kWh] price_rank_daily                  901.69 EUR  (   1.4 s)
  [Fluvius_PV_HP 2 | Redni 1T | 10 kWh] delayed_pv_charge                 684.66 EUR  (   1.4 s)
  [Fluvius_PV_HP 3 | Dinamični | 5 kWh] peak_shaving                     1008.78 EUR  (   1.4 s)
  [Fluvius_PV_HP 2 | Redni 1T | 10 kWh] price_threshold                   735.63 EUR  (   1.4 s)
  [Fluvius_PV_HP 3 | Dinamični | 5 kWh] self_consumption_peak_shaving     975.33 EUR  (   1.4 s)
  [Fluvius_PV_HP 2 | Redni 1T | 10 kWh] price_rank_daily                  682.97 EUR  (   1.4 s)
  [Fluvius_PV_HP 3 | Dinamični | 5 kWh] price_oracle                      934.49 EUR  (   1.4 s)
  [Fluvius_PV_HP 2 | Redni 1T | 10 kWh] peak_shaving                      781.46 EUR  (   1.4 s)
  [Fluvius_PV_HP 2 | Dinamični | 5 kWh] milp_full_period                  596.11 EUR  (  78.7 s)
  [Fluvius_PV_HP 2 | Redni 1T | 10 kWh] self_consumption_peak_shaving     683.82 EUR  (   1.4 s)
  [Fluvius_PV_HP 2 | Dinamični | 10 kWh] no_battery                        851.25 EUR  (   1.4 s)
  [Fluvius_PV_HP 2 | Aktivni | 10 kWh] milp_full_period                  596.86 EUR  (  29.1 s)
  [Fluvius_PV_HP 2 | Redni 1T | 10 kWh] price_oracle                      736.49 EUR  (   1.4 s)
  [Fluvius_PV_HP 2 | Dinamični | 10 kWh] self_consumption                  707.88 EUR  (   1.4 s)
  [Fluvius_PV_HP 2 | Aktivni | 20 kWh] no_battery                        971.50 EUR  (   1.4 s)
  [Fluvius_PV_HP 2 | Dinamični | 10 kWh] fixed_schedule                    705.26 EUR  (   1.4 s)
  [Fluvius_PV_HP 2 | Aktivni | 20 kWh] self_consumption                  762.25 EUR  (   1.4 s)
  [Fluvius_PV_HP 2 | Dinamični | 10 kWh] delayed_pv_charge                 713.19 EUR  (   1.4 s)
  [Fluvius_PV_HP 2 | Aktivni | 20 kWh] fixed_schedule                    932.67 EUR  (   1.4 s)
  [Fluvius_PV_HP 2 | Dinamični | 10 kWh] price_threshold                   709.31 EUR  (   1.4 s)
  [Fluvius_PV_HP 1 | Aktivni | 30 kWh] milp_full_period                  324.70 EUR  (  32.3 s)
[108/140] Fluvius_PV_HP_user_001_aktivni.csv (40 rows)  (3077s elapsed)
  [Fluvius_PV_HP 2 | Aktivni | 20 kWh] delayed_pv_charge                 764.29 EUR  (   1.4 s)
  [Fluvius_PV_HP 2 | Dinamični | 10 kWh] price_rank_daily                  635.91 EUR  (   1.4 s)
  [Fluvius_PV_HP 2 | Aktivni | 20 kWh] price_threshold                   704.12 EUR  (   1.4 s)
  [Fluvius_PV_HP 2 | Dinamični | 10 kWh] peak_shaving                      831.42 EUR  (   1.4 s)
  [Fluvius_PV_HP 2 | Aktivni | 20 kWh] price_rank_daily                  662.98 EUR  (   1.4 s)
  [Fluvius_PV_HP 2 | Dinamični | 10 kWh] self_consumption_peak_shaving     709.52 EUR  (   1.4 s)
  [Fluvius_PV_HP 2 | Aktivni | 20 kWh] peak_shaving                      946.95 EUR  (   1.4 s)
  [Fluvius_PV_HP 3 | Aktivni | 5 kWh] no_battery                       1166.29 EUR  (   1.4 s)
  [Fluvius_PV_HP 2 | Dinamični | 10 kWh] price_oracle                      696.46 EUR  (   1.4 s)
  [Fluvius_PV_HP 2 | Aktivni | 20 kWh] self_consumption_peak_shaving     759.28 EUR  (   1.4 s)
  [Fluvius_PV_HP 3 | Aktivni | 5 kWh] self_consumption                 1083.14 EUR  (   1.4 s)
  [Fluvius_PV_HP 1 | Dinamični | 10 kWh] milp_full_period                  513.26 EUR  ( 114.0 s)
  [Fluvius_PV_HP 2 | Aktivni | 20 kWh] price_oracle                      703.72 EUR  (   1.4 s)
  [Fluvius_PV_HP 3 | Aktivni | 5 kWh] fixed_schedule                   1155.33 EUR  (   1.4 s)
  [Fluvius_PV_HP 3 | Aktivni | 5 kWh] delayed_pv_charge                1097.25 EUR  (   1.4 s)
  [Fluvius_PV_HP 1 | Dinamični | 20 kWh] no_battery                        922.14 EUR  (   1.4 s)
  [Fluvius_PV_HP 3 | Aktivni | 5 kWh] price_threshold                  1003.79 EUR  (   1.4 s)
  [Fluvius_PV_HP 1 | Dinamični | 20 kWh] self_consumption                  778.68 EUR  (   1.4 s)
  [Fluvius_PV_HP 3 | Aktivni | 5 kWh] price_rank_daily                  986.80 EUR  (   1.4 s)
  [Fluvius_PV_HP 1 | Dinamični | 20 kWh] fixed_schedule                    732.90 EUR  (   1.4 s)
  [Fluvius_PV_HP 3 | Aktivni | 5 kWh] peak_shaving                     1155.29 EUR  (   1.4 s)
  [Fluvius_PV_HP 1 | Dinamični | 20 kWh] delayed_pv_charge                 787.00 EUR  (   1.4 s)
  [Fluvius_PV_HP 3 | Aktivni | 5 kWh] self_consumption_peak_shaving    1104.15 EUR  (   1.4 s)
  [Fluvius_PV_HP 1 | Dinamični | 20 kWh] price_threshold                   740.60 EUR  (   1.4 s)
  [Fluvius_PV_HP 3 | Aktivni | 5 kWh] price_oracle                     1003.56 EUR  (   1.4 s)
  [Fluvius_PV_HP 1 | Dinamični | 20 kWh] price_rank_daily                  687.69 EUR  (   1.4 s)
  [Fluvius_PV_HP 1 | Dinamični | 20 kWh] peak_shaving                      894.72 EUR  (   1.4 s)
  [Fluvius_PV_HP 1 | Dinamični | 20 kWh] self_consumption_peak_shaving     773.67 EUR  (   1.4 s)
  [Fluvius_PV_HP 1 | Dinamični | 20 kWh] price_oracle                      722.17 EUR  (   1.4 s)
  [Fluvius_PV_HP 1 | Redni 1T | 20 kWh] milp_full_period                  711.12 EUR  (  49.1 s)
  [Fluvius_PV_HP 1 | Redni 1T | 30 kWh] no_battery                        857.12 EUR  (   1.4 s)
  [Fluvius_PV_HP 2 | Redni 1T | 10 kWh] milp_full_period                  669.98 EUR  (  33.2 s)
  [Fluvius_PV_HP 1 | Redni 1T | 30 kWh] self_consumption                  719.74 EUR  (   1.4 s)
  [Fluvius_PV_HP 2 | Redni 1T | 20 kWh] no_battery                        802.61 EUR  (   1.4 s)
  [Fluvius_PV_HP 1 | Redni 1T | 30 kWh] fixed_schedule                    825.19 EUR  (   1.4 s)
  [Fluvius_PV_HP 2 | Redni 1T | 20 kWh] self_consumption                  673.38 EUR  (   1.4 s)
  [Fluvius_PV_HP 1 | Redni 1T | 30 kWh] delayed_pv_charge                 720.19 EUR  (   1.4 s)
  [Fluvius_PV_HP 2 | Redni 1T | 20 kWh] fixed_schedule                    775.25 EUR  (   1.4 s)
  [Fluvius_PV_HP 1 | Redni 1T | 30 kWh] price_threshold                   775.00 EUR  (   1.4 s)
  [Fluvius_PV_EV 2 | Dinamični | 30 kWh] milp_full_period                  -84.27 EUR  ( 100.7 s)
[109/140] Fluvius_PV_EV_user_002.csv (40 rows)  (3110s elapsed)
  [Fluvius_PV_HP 2 | Redni 1T | 20 kWh] delayed_pv_charge                 673.87 EUR  (   1.4 s)
  [Fluvius_PV_HP 1 | Redni 1T | 30 kWh] price_rank_daily                  719.74 EUR  (   1.4 s)
  [Fluvius_PV_HP 2 | Redni 1T | 20 kWh] price_threshold                   733.33 EUR  (   1.4 s)
  [Fluvius_PV_HP 1 | Redni 1T | 30 kWh] peak_shaving                      831.81 EUR  (   1.4 s)
  [Fluvius_PV_HP 2 | Redni 1T | 20 kWh] price_rank_daily                  673.38 EUR  (   1.4 s)
  [Fluvius_PV_HP 1 | Redni 1T | 30 kWh] self_consumption_peak_shaving     714.62 EUR  (   1.4 s)
  [Fluvius_PV_HP 3 | Redni 1T | 5 kWh] no_battery                        971.14 EUR  (   1.4 s)
  [Fluvius_PV_HP 2 | Redni 1T | 20 kWh] peak_shaving                      780.94 EUR  (   1.4 s)
  [Fluvius_PV_HP 1 | Redni 1T | 30 kWh] price_oracle                      775.74 EUR  (   1.4 s)
  [Fluvius_PV_HP 2 | Aktivni | 20 kWh] milp_full_period                  440.04 EUR  (  31.6 s)
  [Fluvius_PV_HP 3 | Redni 1T | 5 kWh] self_consumption                  925.38 EUR  (   1.4 s)
  [Fluvius_PV_HP 2 | Redni 1T | 20 kWh] self_consumption_peak_shaving     666.65 EUR  (   1.4 s)
  [Fluvius_PV_HP 3 | Redni 1T | 5 kWh] fixed_schedule                    959.96 EUR  (   1.4 s)
  [Fluvius_PV_HP 2 | Redni 1T | 20 kWh] price_oracle                      734.30 EUR  (   1.4 s)
  [Fluvius_PV_HP 2 | Aktivni | 30 kWh] no_battery                        971.50 EUR  (   1.4 s)
  [Fluvius_PV_HP 3 | Redni 1T | 5 kWh] delayed_pv_charge                 928.88 EUR  (   1.4 s)
  [Fluvius_PV_HP 2 | Aktivni | 30 kWh] self_consumption                  761.27 EUR  (   1.4 s)
  [Fluvius_PV_HP 3 | Redni 1T | 5 kWh] price_threshold                   941.74 EUR  (   1.4 s)
  [Fluvius_PV_HP 2 | Aktivni | 30 kWh] fixed_schedule                    932.02 EUR  (   1.4 s)
  [Fluvius_PV_HP 3 | Aktivni | 5 kWh] milp_full_period                  953.23 EUR  (  28.0 s)
  [Fluvius_PV_HP 3 | Redni 1T | 5 kWh] price_rank_daily                  925.38 EUR  (   1.4 s)
  [Fluvius_PV_HP 2 | Aktivni | 30 kWh] delayed_pv_charge                 761.93 EUR  (   1.4 s)
  [Fluvius_PV_HP 3 | Aktivni | 10 kWh] no_battery                       1166.29 EUR  (   1.4 s)
  [Fluvius_PV_HP 3 | Redni 1T | 5 kWh] peak_shaving                      963.19 EUR  (   1.4 s)
  [Fluvius_PV_HP 2 | Aktivni | 30 kWh] price_threshold                   703.72 EUR  (   1.4 s)
  [Fluvius_PV_HP 3 | Aktivni | 10 kWh] self_consumption                 1060.91 EUR  (   1.4 s)
  [Fluvius_PV_HP 3 | Redni 1T | 5 kWh] self_consumption_peak_shaving     935.79 EUR  (   1.4 s)
  [Fluvius_PV_HP 2 | Aktivni | 30 kWh] price_rank_daily                  665.64 EUR  (   1.4 s)
  [Fluvius_PV_HP 3 | Aktivni | 10 kWh] fixed_schedule                   1166.80 EUR  (   1.4 s)
  [Fluvius_PV_HP 3 | Redni 1T | 5 kWh] price_oracle                      942.66 EUR  (   1.4 s)
  [Fluvius_PV_HP 2 | Aktivni | 30 kWh] peak_shaving                      946.42 EUR  (   1.4 s)
  [Fluvius_PV_HP 3 | Aktivni | 10 kWh] delayed_pv_charge                1069.99 EUR  (   1.4 s)
  [Fluvius_PV_HP 2 | Aktivni | 30 kWh] self_consumption_peak_shaving     757.29 EUR  (   1.4 s)
  [Fluvius_PV_HP 3 | Dinamični | 5 kWh] milp_full_period                  800.29 EUR  (  60.9 s)
  [Fluvius_PV_HP 3 | Aktivni | 10 kWh] price_threshold                   915.67 EUR  (   1.4 s)
  [Fluvius_PV_HP 2 | Aktivni | 30 kWh] price_oracle                      702.68 EUR  (   1.4 s)
  [Fluvius_PV_HP 3 | Aktivni | 10 kWh] price_rank_daily                  894.87 EUR  (   1.4 s)
  [Fluvius_PV_HP 3 | Dinamični | 10 kWh] no_battery                       1018.84 EUR  (   1.4 s)
  [Fluvius_PV_HP 3 | Aktivni | 10 kWh] peak_shaving                     1153.92 EUR  (   1.4 s)
  [Fluvius_PV_HP 3 | Dinamični | 10 kWh] self_consumption                  951.00 EUR  (   1.4 s)
  [Fluvius_PV_HP 3 | Aktivni | 10 kWh] self_consumption_peak_shaving    1066.14 EUR  (   1.4 s)
  [Fluvius_PV_HP 3 | Dinamični | 10 kWh] fixed_schedule                    912.58 EUR  (   1.4 s)
  [Fluvius_PV_HP 3 | Aktivni | 10 kWh] price_oracle                      915.52 EUR  (   1.4 s)
  [Fluvius_PV_HP 3 | Dinamični | 10 kWh] delayed_pv_charge                 956.71 EUR  (   1.4 s)
  [Fluvius_PV_HP 3 | Dinamični | 10 kWh] price_threshold                   907.67 EUR  (   1.4 s)
  [Fluvius_PV_HP 3 | Dinamični | 10 kWh] price_rank_daily                  844.04 EUR  (   1.4 s)
  [Fluvius_PV_HP 3 | Dinamični | 10 kWh] peak_shaving                     1007.91 EUR  (   1.4 s)
  [Fluvius_PV_HP 3 | Dinamični | 10 kWh] self_consumption_peak_shaving     951.90 EUR  (   1.4 s)
  [Fluvius_PV_HP 3 | Dinamični | 10 kWh] price_oracle                      894.06 EUR  (   1.5 s)
  [Fluvius_PV_EV 4 | Dinamični | 20 kWh] milp_full_period                  -94.40 EUR  ( 129.5 s)
  [Fluvius_PV_EV 4 | Dinamični | 30 kWh] no_battery                        481.66 EUR  (   1.4 s)
  [Fluvius_PV_EV 4 | Dinamični | 30 kWh] self_consumption                  346.82 EUR  (   1.4 s)
  [Fluvius_PV_HP 2 | Aktivni | 30 kWh] milp_full_period                  292.77 EUR  (  32.9 s)
[110/140] Fluvius_PV_HP_user_002_aktivni.csv (40 rows)  (3162s elapsed)
  [Fluvius_PV_EV 4 | Dinamični | 30 kWh] fixed_schedule                    375.09 EUR  (   1.4 s)
  [Fluvius_PV_EV 4 | Dinamični | 30 kWh] delayed_pv_charge                 355.48 EUR  (   1.4 s)
  [Fluvius_PV_HP 3 | Redni 1T | 5 kWh] milp_full_period                  919.30 EUR  (  39.2 s)
  [Fluvius_PV_EV 4 | Dinamični | 30 kWh] price_threshold                   356.55 EUR  (   1.4 s)
  [Fluvius_PV_HP 1 | Redni 1T | 30 kWh] milp_full_period                  704.27 EUR  (  51.2 s)
[111/140] Fluvius_PV_HP_user_001_redni1t.csv (40 rows)  (3166s elapsed)
  [Fluvius_PV_HP 3 | Aktivni | 10 kWh] milp_full_period                  833.69 EUR  (  31.8 s)
  [Fluvius_PV_HP 2 | Redni 1T | 20 kWh] milp_full_period                  659.90 EUR  (  48.9 s)
  [Fluvius_PV_EV 4 | Dinamični | 30 kWh] price_rank_daily                  328.77 EUR  (   1.4 s)
  [Fluvius_PV_HP 3 | Redni 1T | 10 kWh] no_battery                        971.14 EUR  (   1.4 s)
  [Fluvius_PV_HP 4 | Dinamični | 5 kWh] no_battery                        804.17 EUR  (   1.4 s)
  [Fluvius_PV_HP 3 | Aktivni | 20 kWh] no_battery                       1166.29 EUR  (   1.4 s)
  [Fluvius_PV_EV 4 | Dinamični | 30 kWh] peak_shaving                      466.71 EUR  (   1.4 s)
  [Fluvius_PV_HP 3 | Redni 1T | 10 kWh] self_consumption                  908.67 EUR  (   1.4 s)
  [Fluvius_PV_HP 4 | Dinamični | 5 kWh] self_consumption                  805.49 EUR  (   1.4 s)
  [Fluvius_PV_HP 2 | Redni 1T | 30 kWh] no_battery                        802.61 EUR  (   1.4 s)
  [Fluvius_PV_HP 3 | Aktivni | 20 kWh] self_consumption                 1058.17 EUR  (   1.4 s)
  [Fluvius_PV_EV 4 | Dinamični | 30 kWh] self_consumption_peak_shaving     358.49 EUR  (   1.4 s)
  [Fluvius_PV_HP 3 | Redni 1T | 10 kWh] fixed_schedule                    972.02 EUR  (   1.4 s)
  [Fluvius_PV_HP 4 | Dinamični | 5 kWh] fixed_schedule                    786.94 EUR  (   1.4 s)
  [Fluvius_PV_HP 2 | Redni 1T | 30 kWh] self_consumption                  671.99 EUR  (   1.4 s)
  [Fluvius_PV_HP 3 | Aktivni | 20 kWh] fixed_schedule                   1158.98 EUR  (   1.4 s)
  [Fluvius_PV_HP 4 | Aktivni | 5 kWh] no_battery                        815.09 EUR  (   1.4 s)
  [Fluvius_PV_EV 4 | Dinamični | 30 kWh] price_oracle                      346.48 EUR  (   1.4 s)
  [Fluvius_PV_HP 3 | Redni 1T | 10 kWh] delayed_pv_charge                 910.20 EUR  (   1.4 s)
  [Fluvius_PV_HP 4 | Dinamični | 5 kWh] delayed_pv_charge                 807.29 EUR  (   1.4 s)
  [Fluvius_PV_HP 2 | Redni 1T | 30 kWh] fixed_schedule                    775.21 EUR  (   1.4 s)
  [Fluvius_PV_HP 3 | Aktivni | 20 kWh] delayed_pv_charge                1064.57 EUR  (   1.4 s)
  [Fluvius_PV_HP 4 | Aktivni | 5 kWh] self_consumption                  814.18 EUR  (   1.4 s)
  [Fluvius_PV_HP 3 | Redni 1T | 10 kWh] price_threshold                   935.92 EUR  (   1.4 s)
  [Fluvius_PV_HP 4 | Dinamični | 5 kWh] price_threshold                   774.74 EUR  (   1.4 s)
  [Fluvius_PV_HP 2 | Redni 1T | 30 kWh] delayed_pv_charge                 672.12 EUR  (   1.4 s)
  [Fluvius_PV_HP 3 | Aktivni | 20 kWh] price_threshold                   882.54 EUR  (   1.4 s)
  [Fluvius_PV_HP 4 | Aktivni | 5 kWh] fixed_schedule                    870.93 EUR  (   1.4 s)
  [Fluvius_PV_HP 3 | Redni 1T | 10 kWh] price_rank_daily                  908.67 EUR  (   1.4 s)
  [Fluvius_PV_HP 2 | Redni 1T | 30 kWh] price_threshold                   732.99 EUR  (   1.4 s)
  [Fluvius_PV_HP 4 | Dinamični | 5 kWh] price_rank_daily                  767.43 EUR  (   1.4 s)
  [Fluvius_PV_HP 3 | Aktivni | 20 kWh] price_rank_daily                  872.02 EUR  (   1.4 s)
  [Fluvius_PV_HP 4 | Aktivni | 5 kWh] delayed_pv_charge                 815.12 EUR  (   1.4 s)
  [Fluvius_PV_HP 3 | Redni 1T | 10 kWh] peak_shaving                      962.19 EUR  (   1.4 s)
  [Fluvius_PV_HP 2 | Redni 1T | 30 kWh] price_rank_daily                  671.99 EUR  (   1.4 s)
  [Fluvius_PV_HP 4 | Dinamični | 5 kWh] peak_shaving                      795.45 EUR  (   1.4 s)
  [Fluvius_PV_HP 3 | Aktivni | 20 kWh] peak_shaving                     1152.77 EUR  (   1.4 s)
  [Fluvius_PV_HP 4 | Aktivni | 5 kWh] price_threshold                   751.23 EUR  (   1.4 s)
  [Fluvius_PV_HP 2 | Redni 1T | 30 kWh] peak_shaving                      780.43 EUR  (   1.4 s)
  [Fluvius_PV_HP 3 | Redni 1T | 10 kWh] self_consumption_peak_shaving     912.63 EUR  (   1.4 s)
  [Fluvius_PV_HP 4 | Dinamični | 5 kWh] self_consumption_peak_shaving     795.81 EUR  (   1.4 s)
  [Fluvius_PV_HP 3 | Aktivni | 20 kWh] self_consumption_peak_shaving    1057.15 EUR  (   1.4 s)
  [Fluvius_PV_HP 4 | Aktivni | 5 kWh] price_rank_daily                  751.22 EUR  (   1.4 s)
  [Fluvius_PV_HP 3 | Redni 1T | 10 kWh] price_oracle                      936.70 EUR  (   1.4 s)
  [Fluvius_PV_HP 2 | Redni 1T | 30 kWh] self_consumption_peak_shaving     664.42 EUR  (   1.4 s)
  [Fluvius_PV_HP 4 | Dinamični | 5 kWh] price_oracle                      770.99 EUR  (   1.4 s)
  [Fluvius_PV_HP 3 | Aktivni | 20 kWh] price_oracle                      882.47 EUR  (   1.4 s)
  [Fluvius_PV_HP 4 | Aktivni | 5 kWh] peak_shaving                      811.11 EUR  (   1.4 s)
  [Fluvius_PV_HP 2 | Redni 1T | 30 kWh] price_oracle                      733.96 EUR  (   1.4 s)
  [Fluvius_PV_HP 4 | Aktivni | 5 kWh] self_consumption_peak_shaving     810.89 EUR  (   1.4 s)
  [Fluvius_PV_HP 4 | Aktivni | 5 kWh] price_oracle                      751.33 EUR  (   1.4 s)
  [Fluvius_PV_EV 5 | Dinamični | 20 kWh] milp_full_period                   94.58 EUR  ( 191.7 s)
  [Fluvius_PV_EV 5 | Dinamični | 30 kWh] no_battery                        718.44 EUR  (   1.4 s)
  [Fluvius_PV_HP 2 | Dinamični | 10 kWh] milp_full_period                  459.11 EUR  ( 109.7 s)
  [Fluvius_PV_EV 5 | Dinamični | 30 kWh] self_consumption                  597.08 EUR  (   1.4 s)
  [Fluvius_PV_EV 5 | Dinamični | 30 kWh] fixed_schedule                    587.19 EUR  (   1.4 s)
  [Fluvius_PV_HP 2 | Dinamični | 20 kWh] no_battery                        851.25 EUR  (   1.4 s)
  [Fluvius_PV_EV 5 | Dinamični | 30 kWh] delayed_pv_charge                 609.67 EUR  (   1.4 s)
  [Fluvius_PV_HP 2 | Dinamični | 20 kWh] self_consumption                  702.65 EUR  (   1.4 s)
  [Fluvius_PV_EV 5 | Dinamični | 30 kWh] price_threshold                   567.46 EUR  (   1.4 s)
  [Fluvius_PV_HP 2 | Dinamični | 20 kWh] fixed_schedule                    683.87 EUR  (   1.5 s)
  [Fluvius_PV_EV 5 | Dinamični | 30 kWh] price_rank_daily                  524.80 EUR  (   1.4 s)
  [Fluvius_PV_HP 2 | Dinamični | 20 kWh] delayed_pv_charge                 705.02 EUR  (   1.4 s)
  [Fluvius_PV_EV 5 | Dinamični | 30 kWh] peak_shaving                      696.41 EUR  (   1.4 s)
  [Fluvius_PV_HP 2 | Dinamični | 20 kWh] price_threshold                   682.37 EUR  (   1.4 s)
  [Fluvius_PV_EV 5 | Dinamični | 30 kWh] self_consumption_peak_shaving     599.63 EUR  (   1.4 s)
  [Fluvius_PV_HP 2 | Dinamični | 20 kWh] price_rank_daily                  616.16 EUR  (   1.4 s)
  [Fluvius_PV_EV 5 | Dinamični | 30 kWh] price_oracle                      555.09 EUR  (   1.4 s)
  [Fluvius_PV_HP 2 | Dinamični | 20 kWh] peak_shaving                      831.13 EUR  (   1.4 s)
  [Fluvius_PV_HP 2 | Dinamični | 20 kWh] self_consumption_peak_shaving     698.79 EUR  (   1.4 s)
  [Fluvius_PV_HP 2 | Dinamični | 20 kWh] price_oracle                      664.44 EUR  (   1.4 s)
  [Fluvius_PV_HP 3 | Aktivni | 20 kWh] milp_full_period                  668.80 EUR  (  29.5 s)
  [Fluvius_PV_HP 4 | Aktivni | 5 kWh] milp_full_period                  693.30 EUR  (  27.7 s)
  [Fluvius_PV_HP 3 | Aktivni | 30 kWh] no_battery                       1166.29 EUR  (   1.4 s)
  [Fluvius_PV_HP 4 | Aktivni | 10 kWh] no_battery                        815.09 EUR  (   1.4 s)
  [Fluvius_PV_HP 3 | Aktivni | 30 kWh] self_consumption                 1057.27 EUR  (   1.4 s)
  [Fluvius_PV_HP 4 | Aktivni | 10 kWh] self_consumption                  814.38 EUR  (   1.4 s)
  [Fluvius_PV_HP 3 | Aktivni | 30 kWh] fixed_schedule                   1159.34 EUR  (   1.4 s)
  [Fluvius_PV_HP 4 | Aktivni | 10 kWh] fixed_schedule                    897.70 EUR  (   1.4 s)
  [Fluvius_PV_HP 3 | Aktivni | 30 kWh] delayed_pv_charge                1062.26 EUR  (   1.4 s)
  [Fluvius_PV_HP 4 | Aktivni | 10 kWh] delayed_pv_charge                 815.05 EUR  (   1.4 s)
  [Fluvius_PV_HP 3 | Aktivni | 30 kWh] price_threshold                   881.44 EUR  (   1.4 s)
  [Fluvius_PV_HP 4 | Aktivni | 10 kWh] price_threshold                   738.35 EUR  (   1.4 s)
  [Fluvius_PV_HP 3 | Aktivni | 30 kWh] price_rank_daily                  867.56 EUR  (   1.4 s)
  [Fluvius_PV_HP 4 | Aktivni | 10 kWh] price_rank_daily                  738.38 EUR  (   1.4 s)
  [Fluvius_PV_HP 3 | Aktivni | 30 kWh] peak_shaving                     1152.18 EUR  (   1.4 s)
  [Fluvius_PV_HP 3 | Redni 1T | 10 kWh] milp_full_period                  902.56 EUR  (  41.6 s)
  [Fluvius_PV_HP 4 | Aktivni | 10 kWh] peak_shaving                      809.98 EUR  (   1.4 s)
  [Fluvius_PV_HP 3 | Aktivni | 30 kWh] self_consumption_peak_shaving    1055.71 EUR  (   1.4 s)
  [Fluvius_PV_HP 3 | Redni 1T | 20 kWh] no_battery                        971.14 EUR  (   1.4 s)
  [Fluvius_PV_HP 4 | Aktivni | 10 kWh] self_consumption_peak_shaving     812.69 EUR  (   1.4 s)
  [Fluvius_PV_HP 3 | Aktivni | 30 kWh] price_oracle                      881.51 EUR  (   1.4 s)
  [Fluvius_PV_HP 3 | Redni 1T | 20 kWh] self_consumption                  902.68 EUR  (   1.4 s)
  [Fluvius_PV_HP 4 | Aktivni | 10 kWh] price_oracle                      738.28 EUR  (   1.4 s)
  [Fluvius_PV_HP 3 | Redni 1T | 20 kWh] fixed_schedule                    981.10 EUR  (   1.4 s)
  [Fluvius_PV_HP 3 | Redni 1T | 20 kWh] delayed_pv_charge                 903.09 EUR  (   1.4 s)
  [Fluvius_PV_HP 3 | Redni 1T | 20 kWh] price_threshold                   933.24 EUR  (   1.4 s)
  [Fluvius_PV_HP 3 | Redni 1T | 20 kWh] price_rank_daily                  902.68 EUR  (   1.4 s)
  [Fluvius_PV_HP 3 | Redni 1T | 20 kWh] peak_shaving                      961.28 EUR  (   1.4 s)
  [Fluvius_PV_HP 3 | Dinamični | 10 kWh] milp_full_period                  659.68 EUR  (  88.7 s)
  [Fluvius_PV_HP 3 | Redni 1T | 20 kWh] self_consumption_peak_shaving     901.10 EUR  (   1.4 s)
  [Fluvius_PV_HP 3 | Dinamični | 20 kWh] no_battery                       1018.84 EUR  (   1.4 s)
  [Fluvius_PV_HP 2 | Redni 1T | 30 kWh] milp_full_period                  658.09 EUR  (  53.3 s)
[112/140] Fluvius_PV_HP_user_002_redni1t.csv (40 rows)  (3233s elapsed)
  [Fluvius_PV_HP 3 | Redni 1T | 20 kWh] price_oracle                      933.96 EUR  (   1.4 s)
  [Fluvius_PV_HP 3 | Dinamični | 20 kWh] self_consumption                  949.19 EUR  (   1.4 s)
  [Fluvius_PV_HP 3 | Dinamični | 20 kWh] fixed_schedule                    883.39 EUR  (   1.4 s)
  [Fluvius_PV_HP 3 | Dinamični | 20 kWh] delayed_pv_charge                 953.68 EUR  (   1.4 s)
  [Fluvius_PV_HP 4 | Redni 1T | 5 kWh] no_battery                        808.84 EUR  (   1.4 s)
  [Fluvius_PV_HP 3 | Dinamični | 20 kWh] price_threshold                   876.91 EUR  (   1.4 s)
  [Fluvius_PV_HP 4 | Dinamični | 5 kWh] milp_full_period                  643.67 EUR  (  60.2 s)
  [Fluvius_PV_HP 4 | Redni 1T | 5 kWh] self_consumption                  783.43 EUR  (   1.4 s)
  [Fluvius_PV_HP 3 | Dinamični | 20 kWh] price_rank_daily                  833.15 EUR  (   1.4 s)
  [Fluvius_PV_HP 4 | Dinamični | 10 kWh] no_battery                        804.17 EUR  (   1.4 s)
  [Fluvius_PV_HP 4 | Redni 1T | 5 kWh] fixed_schedule                    814.19 EUR  (   1.4 s)
  [Fluvius_PV_HP 3 | Dinamični | 20 kWh] peak_shaving                     1007.11 EUR  (   1.4 s)
  [Fluvius_PV_HP 4 | Dinamični | 10 kWh] self_consumption                  805.31 EUR  (   1.4 s)
  [Fluvius_PV_HP 4 | Redni 1T | 5 kWh] delayed_pv_charge                 783.79 EUR  (   1.4 s)
  [Fluvius_PV_HP 3 | Dinamični | 20 kWh] self_consumption_peak_shaving     944.80 EUR  (   1.4 s)
  [Fluvius_PV_HP 4 | Dinamični | 10 kWh] fixed_schedule                    767.56 EUR  (   1.4 s)
  [Fluvius_PV_HP 4 | Redni 1T | 5 kWh] price_threshold                   791.31 EUR  (   1.4 s)
  [Fluvius_PV_HP 3 | Dinamični | 20 kWh] price_oracle                      855.59 EUR  (   1.4 s)
  [Fluvius_PV_HP 4 | Dinamični | 10 kWh] delayed_pv_charge                 807.34 EUR  (   1.4 s)
  [Fluvius_PV_HP 4 | Redni 1T | 5 kWh] price_rank_daily                  783.43 EUR  (   1.4 s)
  [Fluvius_PV_HP 4 | Dinamični | 10 kWh] price_threshold                   755.19 EUR  (   1.4 s)
  [Fluvius_PV_HP 4 | Redni 1T | 5 kWh] peak_shaving                      797.34 EUR  (   1.4 s)
  [Fluvius_PV_HP 4 | Dinamični | 10 kWh] price_rank_daily                  735.83 EUR  (   1.4 s)
  [Fluvius_PV_HP 4 | Redni 1T | 5 kWh] self_consumption_peak_shaving     784.37 EUR  (   1.4 s)
  [Fluvius_PV_HP 4 | Dinamični | 10 kWh] peak_shaving                      793.74 EUR  (   1.4 s)
  [Fluvius_PV_HP 4 | Redni 1T | 5 kWh] price_oracle                      791.33 EUR  (   1.4 s)
  [Fluvius_PV_HP 4 | Aktivni | 10 kWh] milp_full_period                  608.25 EUR  (  26.4 s)
  [Fluvius_PV_HP 4 | Dinamični | 10 kWh] self_consumption_peak_shaving     795.07 EUR  (   1.4 s)
  [Fluvius_PV_HP 4 | Aktivni | 20 kWh] no_battery                        815.09 EUR  (   1.4 s)
  [Fluvius_PV_HP 4 | Dinamični | 10 kWh] price_oracle                      750.13 EUR  (   1.4 s)
  [Fluvius_PV_HP 4 | Aktivni | 20 kWh] self_consumption                  815.98 EUR  (   1.4 s)
  [Fluvius_PV_HP 4 | Aktivni | 20 kWh] fixed_schedule                    910.25 EUR  (   1.4 s)
  [Fluvius_PV_HP 4 | Aktivni | 20 kWh] delayed_pv_charge                 816.26 EUR  (   1.4 s)
  [Fluvius_PV_HP 4 | Aktivni | 20 kWh] price_threshold                   737.75 EUR  (   1.4 s)
  [Fluvius_PV_HP 4 | Aktivni | 20 kWh] price_rank_daily                  739.35 EUR  (   1.4 s)
  [Fluvius_PV_HP 4 | Aktivni | 20 kWh] peak_shaving                      808.08 EUR  (   1.4 s)
  [Fluvius_PV_HP 4 | Aktivni | 20 kWh] self_consumption_peak_shaving     812.81 EUR  (   1.4 s)
  [Fluvius_PV_HP 3 | Aktivni | 30 kWh] milp_full_period                  516.18 EUR  (  39.6 s)
[113/140] Fluvius_PV_HP_user_003_aktivni.csv (40 rows)  (3262s elapsed)
  [Fluvius_PV_HP 4 | Aktivni | 20 kWh] price_oracle                      736.79 EUR  (   1.4 s)
  [Fluvius_PV_HP 5 | Dinamični | 5 kWh] no_battery                        510.14 EUR  (   1.4 s)
  [Fluvius_PV_HP 5 | Dinamični | 5 kWh] self_consumption                  410.24 EUR  (   1.4 s)
  [Fluvius_PV_HP 5 | Dinamični | 5 kWh] fixed_schedule                    425.16 EUR  (   1.4 s)
  [Fluvius_PV_HP 5 | Dinamični | 5 kWh] delayed_pv_charge                 421.32 EUR  (   1.4 s)
  [Fluvius_PV_HP 5 | Dinamični | 5 kWh] price_threshold                   424.32 EUR  (   1.4 s)
  [Fluvius_PV_HP 5 | Dinamični | 5 kWh] price_rank_daily                  390.64 EUR  (   1.4 s)
  [Fluvius_PV_HP 5 | Dinamični | 5 kWh] peak_shaving                      496.58 EUR  (   1.4 s)
  [Fluvius_PV_HP 4 | Redni 1T | 5 kWh] milp_full_period                  776.29 EUR  (  26.9 s)
  [Fluvius_PV_HP 5 | Dinamični | 5 kWh] self_consumption_peak_shaving     423.55 EUR  (   1.4 s)
  [Fluvius_PV_HP 4 | Redni 1T | 10 kWh] no_battery                        808.84 EUR  (   1.4 s)
  [Fluvius_PV_HP 5 | Dinamični | 5 kWh] price_oracle                      422.92 EUR  (   1.4 s)
  [Fluvius_PV_HP 4 | Redni 1T | 10 kWh] self_consumption                  777.59 EUR  (   1.4 s)
  [Fluvius_PV_HP 4 | Redni 1T | 10 kWh] fixed_schedule                    820.39 EUR  (   1.4 s)
  [Fluvius_PV_HP 4 | Redni 1T | 10 kWh] delayed_pv_charge                 777.80 EUR  (   1.4 s)
  [Fluvius_PV_HP 4 | Redni 1T | 10 kWh] price_threshold                   787.17 EUR  (   1.4 s)
  [Fluvius_PV_HP 4 | Redni 1T | 10 kWh] price_rank_daily                  777.59 EUR  (   1.4 s)
  [Fluvius_PV_EV 4 | Dinamični | 30 kWh] milp_full_period                 -228.12 EUR  ( 115.4 s)
[114/140] Fluvius_PV_EV_user_004.csv (40 rows)  (3287s elapsed)
  [Fluvius_PV_HP 4 | Redni 1T | 10 kWh] peak_shaving                      791.95 EUR  (   1.4 s)
  [Fluvius_PV_HP 4 | Redni 1T | 10 kWh] self_consumption_peak_shaving     775.82 EUR  (   1.4 s)
  [Fluvius_PV_HP 4 | Redni 1T | 10 kWh] price_oracle                      787.30 EUR  (   1.4 s)
  [Fluvius_PV_HP 5 | Aktivni | 5 kWh] no_battery                        599.94 EUR  (   1.4 s)
  [Fluvius_PV_HP 5 | Aktivni | 5 kWh] self_consumption                  448.48 EUR  (   1.4 s)
  [Fluvius_PV_HP 4 | Aktivni | 20 kWh] milp_full_period                  450.14 EUR  (  30.1 s)
  [Fluvius_PV_HP 5 | Aktivni | 5 kWh] fixed_schedule                    555.08 EUR  (   1.4 s)
  [Fluvius_PV_HP 4 | Aktivni | 30 kWh] no_battery                        815.09 EUR  (   1.4 s)
  [Fluvius_PV_HP 5 | Aktivni | 5 kWh] delayed_pv_charge                 466.03 EUR  (   1.4 s)
  [Fluvius_PV_HP 4 | Aktivni | 30 kWh] self_consumption                  816.35 EUR  (   1.4 s)
  [Fluvius_PV_HP 5 | Aktivni | 5 kWh] price_threshold                   474.93 EUR  (   1.4 s)
  [Fluvius_PV_EV 5 | Dinamični | 30 kWh] milp_full_period                  -49.97 EUR  (  95.9 s)
[115/140] Fluvius_PV_EV_user_005.csv (40 rows)  (3298s elapsed)
  [Fluvius_PV_HP 3 | Redni 1T | 20 kWh] milp_full_period                  896.42 EUR  (  64.4 s)
  [Fluvius_PV_HP 4 | Aktivni | 30 kWh] fixed_schedule                    911.30 EUR  (   1.4 s)
  [Fluvius_PV_HP 5 | Aktivni | 5 kWh] price_rank_daily                  437.05 EUR  (   1.4 s)
  [Fluvius_PV_HP 4 | Aktivni | 30 kWh] delayed_pv_charge                 816.53 EUR  (   1.4 s)
  [Fluvius_PV_HP 3 | Redni 1T | 30 kWh] no_battery                        971.14 EUR  (   1.4 s)
  [Fluvius_PV_HP 5 | Aktivni | 5 kWh] peak_shaving                      583.93 EUR  (   1.4 s)
  [Fluvius_PV_HP 4 | Aktivni | 30 kWh] price_threshold                   736.48 EUR  (   1.4 s)
  [Fluvius_PV_HP 3 | Redni 1T | 30 kWh] self_consumption                  900.74 EUR  (   1.4 s)
  [Fluvius_PV_HP 5 | Aktivni | 5 kWh] self_consumption_peak_shaving     470.40 EUR  (   1.4 s)
  [Fluvius_PV_HP 5 | Redni 1T | 5 kWh] no_battery                        448.18 EUR  (   1.4 s)
  [Fluvius_PV_HP 4 | Aktivni | 30 kWh] price_rank_daily                  740.41 EUR  (   1.4 s)
  [Fluvius_PV_HP 3 | Redni 1T | 30 kWh] fixed_schedule                    982.58 EUR  (   1.4 s)
  [Fluvius_PV_HP 5 | Aktivni | 5 kWh] price_oracle                      475.14 EUR  (   1.4 s)
  [Fluvius_PV_HP 5 | Redni 1T | 5 kWh] self_consumption                  363.92 EUR  (   1.4 s)
  [Fluvius_PV_HP 4 | Aktivni | 30 kWh] peak_shaving                      807.86 EUR  (   1.4 s)
  [Fluvius_PV_HP 3 | Redni 1T | 30 kWh] delayed_pv_charge                 901.10 EUR  (   1.4 s)
  [Fluvius_PV_HP 5 | Redni 1T | 5 kWh] fixed_schedule                    419.51 EUR  (   1.4 s)
  [Fluvius_PV_HP 3 | Redni 1T | 30 kWh] price_threshold                   932.51 EUR  (   1.4 s)
  [Fluvius_PV_HP 4 | Aktivni | 30 kWh] self_consumption_peak_shaving     812.73 EUR  (   1.4 s)
  [Fluvius_PV_HP 5 | Redni 1T | 5 kWh] delayed_pv_charge                 366.58 EUR  (   1.4 s)
  [Fluvius_PV_HP 1 | Dinamični | 20 kWh] milp_full_period                  290.18 EUR  ( 209.1 s)
  [Fluvius_PV_HP 3 | Redni 1T | 30 kWh] price_rank_daily                  900.74 EUR  (   1.4 s)
  [Fluvius_PV_HP 4 | Aktivni | 30 kWh] price_oracle                      735.59 EUR  (   1.4 s)
  [Fluvius_PV_HP 5 | Redni 1T | 5 kWh] price_threshold                   383.46 EUR  (   1.4 s)
  [Fluvius_PV_HP 3 | Redni 1T | 30 kWh] peak_shaving                      960.83 EUR  (   1.4 s)
  [Fluvius_PV_HP 1 | Dinamični | 30 kWh] no_battery                        922.14 EUR  (   1.4 s)
  [Fluvius_PV_HP 5 | Redni 1T | 5 kWh] price_rank_daily                  363.92 EUR  (   1.4 s)
  [Fluvius_PV_HP 3 | Redni 1T | 30 kWh] self_consumption_peak_shaving     899.16 EUR  (   1.4 s)
  [Fluvius_PV_HP 1 | Dinamični | 30 kWh] self_consumption                  777.22 EUR  (   1.4 s)
  [Fluvius_PV_HP 5 | Redni 1T | 5 kWh] peak_shaving                      436.82 EUR  (   1.4 s)
  [Fluvius_PV_HP 3 | Redni 1T | 30 kWh] price_oracle                      933.23 EUR  (   1.4 s)
  [Fluvius_PV_HP 1 | Dinamični | 30 kWh] fixed_schedule                    724.93 EUR  (   1.4 s)
  [Fluvius_PV_HP 5 | Redni 1T | 5 kWh] self_consumption_peak_shaving     374.75 EUR  (   1.4 s)
  [Fluvius_PV_HP 1 | Dinamični | 30 kWh] delayed_pv_charge                 782.48 EUR  (   1.4 s)
  [Fluvius_PV_HP 5 | Redni 1T | 5 kWh] price_oracle                      383.71 EUR  (   1.4 s)
  [Fluvius_PV_HP 1 | Dinamični | 30 kWh] price_threshold                   719.32 EUR  (   1.4 s)
  [Fluvius_PV_HP 4 | Dinamični | 10 kWh] milp_full_period                  519.90 EUR  (  62.3 s)
  [Fluvius_PV_HP 1 | Dinamični | 30 kWh] price_rank_daily                  659.88 EUR  (   1.4 s)
  [Fluvius_PV_HP 4 | Dinamični | 20 kWh] no_battery                        804.17 EUR  (   1.4 s)
  [Fluvius_PV_HP 1 | Dinamični | 30 kWh] peak_shaving                      894.19 EUR  (   1.4 s)
  [Fluvius_PV_HP 4 | Dinamični | 20 kWh] self_consumption                  807.86 EUR  (   1.4 s)
  [Fluvius_PV_HP 1 | Dinamični | 30 kWh] self_consumption_peak_shaving     772.06 EUR  (   1.4 s)
  [Fluvius_PV_HP 4 | Dinamični | 20 kWh] fixed_schedule                    742.35 EUR  (   1.4 s)
  [Fluvius_PV_HP 1 | Dinamični | 30 kWh] price_oracle                      700.89 EUR  (   1.4 s)
  [Fluvius_PV_HP 4 | Dinamični | 20 kWh] delayed_pv_charge                 808.38 EUR  (   1.4 s)
  [Fluvius_PV_HP 4 | Dinamični | 20 kWh] price_threshold                   736.65 EUR  (   1.4 s)
  [Fluvius_PV_HP 4 | Dinamični | 20 kWh] price_rank_daily                  719.20 EUR  (   1.4 s)
  [Fluvius_PV_HP 4 | Dinamični | 20 kWh] peak_shaving                      792.00 EUR  (   1.4 s)
  [Fluvius_PV_HP 4 | Dinamični | 20 kWh] self_consumption_peak_shaving     796.38 EUR  (   1.4 s)
  [Fluvius_PV_HP 4 | Dinamični | 20 kWh] price_oracle                      720.73 EUR  (   1.4 s)
  [Fluvius_PV_HP 5 | Aktivni | 5 kWh] milp_full_period                  356.33 EUR  (  26.9 s)
  [Fluvius_PV_HP 5 | Aktivni | 10 kWh] no_battery                        599.94 EUR  (   1.4 s)
  [Fluvius_PV_HP 5 | Aktivni | 10 kWh] self_consumption                  431.13 EUR  (   1.4 s)
  [Fluvius_PV_HP 5 | Aktivni | 10 kWh] fixed_schedule                    556.16 EUR  (   1.4 s)
  [Fluvius_PV_HP 4 | Aktivni | 30 kWh] milp_full_period                  297.28 EUR  (  28.6 s)
[116/140] Fluvius_PV_HP_user_004_aktivni.csv (40 rows)  (3336s elapsed)
  [Fluvius_PV_HP 5 | Aktivni | 10 kWh] delayed_pv_charge                 445.24 EUR  (   1.4 s)
  [Fluvius_PV_HP 5 | Aktivni | 10 kWh] price_threshold                   458.28 EUR  (   1.4 s)
  [Fluvius_PV_HP 5 | Aktivni | 10 kWh] price_rank_daily                  418.18 EUR  (   1.4 s)
  [Fluvius_PV_HP 5 | Aktivni | 10 kWh] peak_shaving                      581.87 EUR  (   1.4 s)
  [Fluvius_PV_HP_EV 1 | Dinamični | 5 kWh] no_battery                        744.26 EUR  (   1.4 s)
  [Fluvius_PV_HP 5 | Redni 1T | 5 kWh] milp_full_period                  358.24 EUR  (  27.2 s)
  [Fluvius_PV_HP 5 | Aktivni | 10 kWh] self_consumption_peak_shaving     444.08 EUR  (   1.4 s)
  [Fluvius_PV_HP_EV 1 | Dinamični | 5 kWh] self_consumption                  649.03 EUR  (   1.4 s)
  [Fluvius_PV_HP 5 | Redni 1T | 10 kWh] no_battery                        448.18 EUR  (   1.4 s)
  [Fluvius_PV_HP 5 | Aktivni | 10 kWh] price_oracle                      458.48 EUR  (   1.4 s)
  [Fluvius_PV_HP_EV 1 | Dinamični | 5 kWh] fixed_schedule                    649.99 EUR  (   1.4 s)
  [Fluvius_PV_HP 5 | Redni 1T | 10 kWh] self_consumption                  350.23 EUR  (   1.4 s)
  [Fluvius_PV_HP_EV 1 | Dinamični | 5 kWh] delayed_pv_charge                 674.17 EUR  (   1.4 s)
  [Fluvius_PV_HP 5 | Redni 1T | 10 kWh] fixed_schedule                    425.15 EUR  (   1.4 s)
  [Fluvius_PV_HP_EV 1 | Dinamični | 5 kWh] price_threshold                   675.57 EUR  (   1.4 s)
  [Fluvius_PV_HP 5 | Redni 1T | 10 kWh] delayed_pv_charge                 350.88 EUR  (   1.4 s)
  [Fluvius_PV_HP_EV 1 | Dinamični | 5 kWh] price_rank_daily                  632.98 EUR  (   1.4 s)
  [Fluvius_PV_HP 5 | Redni 1T | 10 kWh] price_threshold                   374.09 EUR  (   1.4 s)
  [Fluvius_PV_HP_EV 1 | Dinamični | 5 kWh] peak_shaving                      729.29 EUR  (   1.4 s)
  [Fluvius_PV_HP 5 | Redni 1T | 10 kWh] price_rank_daily                  350.23 EUR  (   1.4 s)
  [Fluvius_PV_HP_EV 1 | Dinamični | 5 kWh] self_consumption_peak_shaving     656.40 EUR  (   1.4 s)
  [Fluvius_PV_HP 5 | Redni 1T | 10 kWh] peak_shaving                      435.28 EUR  (   1.4 s)
  [Fluvius_PV_HP_EV 1 | Dinamični | 5 kWh] price_oracle                      670.44 EUR  (   1.4 s)
  [Fluvius_PV_HP 5 | Redni 1T | 10 kWh] self_consumption_peak_shaving     355.42 EUR  (   1.4 s)
  [Fluvius_PV_HP 5 | Redni 1T | 10 kWh] price_oracle                      374.95 EUR  (   1.4 s)
  [Fluvius_PV_HP 4 | Redni 1T | 10 kWh] milp_full_period                  770.22 EUR  (  65.0 s)
  [Fluvius_PV_HP 4 | Redni 1T | 20 kWh] no_battery                        808.84 EUR  (   1.4 s)
  [Fluvius_PV_HP 4 | Redni 1T | 20 kWh] self_consumption                  772.55 EUR  (   1.4 s)
  [Fluvius_PV_HP 4 | Redni 1T | 20 kWh] fixed_schedule                    826.31 EUR  (   1.4 s)
  [Fluvius_PV_HP 4 | Redni 1T | 20 kWh] delayed_pv_charge                 772.63 EUR  (   1.4 s)
  [Fluvius_PV_HP 4 | Redni 1T | 20 kWh] price_threshold                   784.67 EUR  (   1.4 s)
  [Fluvius_PV_HP 5 | Dinamični | 5 kWh] milp_full_period                  258.32 EUR  (  84.1 s)
  [Fluvius_PV_HP 4 | Redni 1T | 20 kWh] price_rank_daily                  772.55 EUR  (   1.4 s)
  [Fluvius_PV_HP 5 | Dinamični | 10 kWh] no_battery                        510.14 EUR  (   1.4 s)
  [Fluvius_PV_HP 4 | Redni 1T | 20 kWh] peak_shaving                      790.43 EUR  (   1.4 s)
  [Fluvius_PV_HP 5 | Dinamični | 10 kWh] self_consumption                  399.52 EUR  (   1.4 s)
  [Fluvius_PV_HP 4 | Redni 1T | 20 kWh] self_consumption_peak_shaving     769.82 EUR  (   1.4 s)
  [Fluvius_PV_HP 5 | Dinamični | 10 kWh] fixed_schedule                    401.38 EUR  (   1.4 s)
  [Fluvius_PV_HP 4 | Redni 1T | 20 kWh] price_oracle                      784.81 EUR  (   1.4 s)
  [Fluvius_PV_HP 5 | Dinamični | 10 kWh] delayed_pv_charge                 408.20 EUR  (   1.4 s)
  [Fluvius_PV_HP 5 | Aktivni | 10 kWh] milp_full_period                  223.10 EUR  (  26.1 s)
  [Fluvius_PV_HP 5 | Dinamični | 10 kWh] price_threshold                   409.21 EUR  (   1.4 s)
  [Fluvius_PV_HP 3 | Redni 1T | 30 kWh] milp_full_period                  894.41 EUR  (  60.1 s)
[117/140] Fluvius_PV_HP_user_003_redni1t.csv (40 rows)  (3371s elapsed)
  [Fluvius_PV_HP 5 | Aktivni | 20 kWh] no_battery                        599.94 EUR  (   1.4 s)
  [Fluvius_PV_HP 5 | Dinamični | 10 kWh] price_rank_daily                  370.43 EUR  (   1.4 s)
  [Fluvius_PV_HP 5 | Aktivni | 20 kWh] self_consumption                  424.40 EUR  (   1.4 s)
  [Fluvius_PV_HP 5 | Dinamični | 10 kWh] peak_shaving                      495.55 EUR  (   1.4 s)
  [Fluvius_PV_HP 5 | Aktivni | 20 kWh] fixed_schedule                    553.14 EUR  (   1.4 s)
  [Fluvius_PV_HP 5 | Dinamični | 10 kWh] self_consumption_peak_shaving     408.17 EUR  (   1.4 s)
  [Fluvius_PV_HP 5 | Aktivni | 20 kWh] delayed_pv_charge                 437.74 EUR  (   1.4 s)
  [Fluvius_PV_HP 5 | Dinamični | 10 kWh] price_oracle                      401.58 EUR  (   1.4 s)
  [Fluvius_PV_HP_EV 1 | Aktivni | 5 kWh] no_battery                        804.90 EUR  (   1.4 s)
  [Fluvius_PV_HP 5 | Aktivni | 20 kWh] price_threshold                   455.55 EUR  (   1.4 s)
  [Fluvius_PV_HP_EV 1 | Aktivni | 5 kWh] self_consumption                  658.81 EUR  (   1.4 s)
  [Fluvius_PV_HP 5 | Aktivni | 20 kWh] price_rank_daily                  415.16 EUR  (   1.4 s)
  [Fluvius_PV_HP_EV 1 | Aktivni | 5 kWh] fixed_schedule                    741.58 EUR  (   1.4 s)
  [Fluvius_PV_HP 5 | Aktivni | 20 kWh] peak_shaving                      581.34 EUR  (   1.4 s)
  [Fluvius_PV_HP_EV 1 | Aktivni | 5 kWh] delayed_pv_charge                 690.33 EUR  (   1.4 s)
  [Fluvius_PV_HP 5 | Redni 1T | 10 kWh] milp_full_period                  344.43 EUR  (  27.3 s)
  [Fluvius_PV_HP 5 | Aktivni | 20 kWh] self_consumption_peak_shaving     435.05 EUR  (   1.4 s)
  [Fluvius_PV_HP_EV 1 | Aktivni | 5 kWh] price_threshold                   683.66 EUR  (   1.4 s)
  [Fluvius_PV_HP 5 | Aktivni | 20 kWh] price_oracle                      454.46 EUR  (   1.4 s)
  [Fluvius_PV_HP_EV 1 | Aktivni | 5 kWh] price_rank_daily                  639.48 EUR  (   1.4 s)
  [Fluvius_PV_HP 5 | Redni 1T | 20 kWh] no_battery                        448.18 EUR  (   1.4 s)
  [Fluvius_PV_HP 5 | Redni 1T | 20 kWh] self_consumption                  345.02 EUR  (   1.4 s)
  [Fluvius_PV_HP_EV 1 | Aktivni | 5 kWh] peak_shaving                      788.08 EUR  (   1.4 s)
  [Fluvius_PV_HP 5 | Redni 1T | 20 kWh] fixed_schedule                    426.35 EUR  (   1.4 s)
  [Fluvius_PV_HP_EV 1 | Aktivni | 5 kWh] self_consumption_peak_shaving     670.66 EUR  (   1.4 s)
  [Fluvius_PV_HP 5 | Redni 1T | 20 kWh] delayed_pv_charge                 345.27 EUR  (   1.4 s)
  [Fluvius_PV_HP_EV 1 | Aktivni | 5 kWh] price_oracle                      683.66 EUR  (   1.4 s)
  [Fluvius_PV_HP 5 | Redni 1T | 20 kWh] price_threshold                   370.69 EUR  (   1.4 s)
  [Fluvius_PV_HP 5 | Redni 1T | 20 kWh] price_rank_daily                  345.02 EUR  (   1.4 s)
  [Fluvius_PV_HP 5 | Redni 1T | 20 kWh] peak_shaving                      434.77 EUR  (   1.4 s)
  [Fluvius_PV_HP 5 | Redni 1T | 20 kWh] self_consumption_peak_shaving     348.14 EUR  (   1.4 s)
  [Fluvius_PV_HP 5 | Redni 1T | 20 kWh] price_oracle                      371.75 EUR  (   1.5 s)
  [Fluvius_PV_HP 4 | Redni 1T | 20 kWh] milp_full_period                  765.02 EUR  (  44.6 s)
  [Fluvius_PV_HP 4 | Redni 1T | 30 kWh] no_battery                        808.84 EUR  (   1.4 s)
  [Fluvius_PV_HP 5 | Aktivni | 20 kWh] milp_full_period                   47.75 EUR  (  32.2 s)
  [Fluvius_PV_HP_EV 1 | Aktivni | 5 kWh] milp_full_period                  582.08 EUR  (  27.9 s)
  [Fluvius_PV_HP 4 | Redni 1T | 30 kWh] self_consumption                  769.67 EUR  (   1.4 s)
  [Fluvius_PV_HP 5 | Aktivni | 30 kWh] no_battery                        599.94 EUR  (   1.4 s)
  [Fluvius_PV_HP 4 | Redni 1T | 30 kWh] fixed_schedule                    827.70 EUR  (   1.4 s)
  [Fluvius_PV_HP_EV 1 | Aktivni | 10 kWh] no_battery                        804.90 EUR  (   1.4 s)
  [Fluvius_PV_HP 5 | Aktivni | 30 kWh] self_consumption                  420.56 EUR  (   1.4 s)
  [Fluvius_PV_HP 4 | Redni 1T | 30 kWh] delayed_pv_charge                 769.85 EUR  (   1.4 s)
  [Fluvius_PV_HP_EV 1 | Aktivni | 10 kWh] self_consumption                  650.30 EUR  (   1.4 s)
  [Fluvius_PV_HP 5 | Aktivni | 30 kWh] fixed_schedule                    553.17 EUR  (   1.4 s)
  [Fluvius_PV_HP 2 | Dinamični | 20 kWh] milp_full_period                  242.88 EUR  ( 214.9 s)
  [Fluvius_PV_HP 4 | Redni 1T | 30 kWh] price_threshold                   784.69 EUR  (   1.4 s)
  [Fluvius_PV_HP_EV 1 | Aktivni | 10 kWh] fixed_schedule                    759.44 EUR  (   1.4 s)
  [Fluvius_PV_HP 5 | Aktivni | 30 kWh] delayed_pv_charge                 432.92 EUR  (   1.4 s)
  [Fluvius_PV_HP 4 | Redni 1T | 30 kWh] price_rank_daily                  769.67 EUR  (   1.4 s)
  [Fluvius_PV_HP_EV 1 | Aktivni | 10 kWh] delayed_pv_charge                 675.08 EUR  (   1.4 s)
  [Fluvius_PV_HP 2 | Dinamični | 30 kWh] no_battery                        851.25 EUR  (   1.4 s)
  [Fluvius_PV_HP 5 | Aktivni | 30 kWh] price_threshold                   453.64 EUR  (   1.4 s)
  [Fluvius_PV_HP 4 | Redni 1T | 30 kWh] peak_shaving                      789.60 EUR  (   1.4 s)
  [Fluvius_PV_HP_EV 1 | Aktivni | 10 kWh] price_threshold                   666.30 EUR  (   1.4 s)
  [Fluvius_PV_HP 2 | Dinamični | 30 kWh] self_consumption                  702.87 EUR  (   1.4 s)
  [Fluvius_PV_HP 5 | Aktivni | 30 kWh] price_rank_daily                  440.53 EUR  (   1.4 s)
  [Fluvius_PV_HP 4 | Redni 1T | 30 kWh] self_consumption_peak_shaving     766.12 EUR  (   1.4 s)
  [Fluvius_PV_HP_EV 1 | Aktivni | 10 kWh] price_rank_daily                  621.95 EUR  (   1.4 s)
  [Fluvius_PV_HP 2 | Dinamični | 30 kWh] fixed_schedule                    683.92 EUR  (   1.4 s)
  [Fluvius_PV_HP 5 | Aktivni | 30 kWh] peak_shaving                      580.81 EUR  (   1.4 s)
  [Fluvius_PV_HP 4 | Redni 1T | 30 kWh] price_oracle                      784.83 EUR  (   1.4 s)
  [Fluvius_PV_HP_EV 1 | Aktivni | 10 kWh] peak_shaving                      784.41 EUR  (   1.4 s)
  [Fluvius_PV_HP 2 | Dinamični | 30 kWh] delayed_pv_charge                 703.52 EUR  (   1.4 s)
  [Fluvius_PV_HP 5 | Aktivni | 30 kWh] self_consumption_peak_shaving     432.04 EUR  (   1.4 s)
  [Fluvius_PV_HP_EV 1 | Aktivni | 10 kWh] self_consumption_peak_shaving     650.13 EUR  (   1.4 s)
  [Fluvius_PV_HP 2 | Dinamični | 30 kWh] price_threshold                   664.58 EUR  (   1.4 s)
  [Fluvius_PV_HP_EV 1 | Dinamični | 5 kWh] milp_full_period                  510.72 EUR  (  76.3 s)
  [Fluvius_PV_HP 5 | Aktivni | 30 kWh] price_oracle                      452.56 EUR  (   1.4 s)
  [Fluvius_PV_HP 2 | Dinamični | 30 kWh] price_rank_daily                  607.00 EUR  (   1.4 s)
  [Fluvius_PV_HP_EV 1 | Aktivni | 10 kWh] price_oracle                      666.43 EUR  (   1.4 s)
  [Fluvius_PV_HP 2 | Dinamični | 30 kWh] peak_shaving                      830.81 EUR  (   1.4 s)
  [Fluvius_PV_HP_EV 1 | Dinamični | 10 kWh] no_battery                        744.26 EUR  (   1.4 s)
  [Fluvius_PV_HP_EV 1 | Dinamični | 10 kWh] self_consumption                  638.50 EUR  (   1.4 s)
  [Fluvius_PV_HP 2 | Dinamični | 30 kWh] self_consumption_peak_shaving     698.49 EUR  (   1.4 s)
  [Fluvius_PV_HP_EV 1 | Dinamični | 10 kWh] fixed_schedule                    622.55 EUR  (   1.4 s)
  [Fluvius_PV_HP 2 | Dinamični | 30 kWh] price_oracle                      641.08 EUR  (   1.4 s)
  [Fluvius_PV_HP_EV 1 | Dinamični | 10 kWh] delayed_pv_charge                 660.10 EUR  (   1.4 s)
  [Fluvius_PV_HP 3 | Dinamični | 20 kWh] milp_full_period                  436.26 EUR  ( 191.5 s)
  [Fluvius_PV_HP_EV 1 | Dinamični | 10 kWh] price_threshold                   652.70 EUR  (   1.4 s)
  [Fluvius_PV_HP_EV 1 | Dinamični | 10 kWh] price_rank_daily                  601.78 EUR  (   1.4 s)
  [Fluvius_PV_HP 3 | Dinamični | 30 kWh] no_battery                       1018.84 EUR  (   1.4 s)
  [Fluvius_PV_HP_EV 1 | Dinamični | 10 kWh] peak_shaving                      726.82 EUR  (   1.4 s)
  [Fluvius_PV_HP 3 | Dinamični | 30 kWh] self_consumption                  948.06 EUR  (   1.4 s)
  [Fluvius_PV_HP_EV 1 | Dinamični | 10 kWh] self_consumption_peak_shaving     636.82 EUR  (   1.4 s)
  [Fluvius_PV_HP 3 | Dinamični | 30 kWh] fixed_schedule                    881.29 EUR  (   1.4 s)
  [Fluvius_PV_HP_EV 1 | Dinamični | 10 kWh] price_oracle                      644.19 EUR  (   1.4 s)
  [Fluvius_PV_HP 3 | Dinamični | 30 kWh] delayed_pv_charge                 951.47 EUR  (   1.4 s)
  [Fluvius_PV_HP 5 | Redni 1T | 20 kWh] milp_full_period                  338.96 EUR  (  47.6 s)
  [Fluvius_PV_HP 3 | Dinamični | 30 kWh] price_threshold                   861.23 EUR  (   1.4 s)
  [Fluvius_PV_HP 5 | Redni 1T | 30 kWh] no_battery                        448.18 EUR  (   1.4 s)
  [Fluvius_PV_HP 3 | Dinamični | 30 kWh] price_rank_daily                  817.74 EUR  (   1.4 s)
  [Fluvius_PV_HP 5 | Redni 1T | 30 kWh] self_consumption                  341.92 EUR  (   1.4 s)
  [Fluvius_PV_HP 3 | Dinamični | 30 kWh] peak_shaving                     1006.62 EUR  (   1.4 s)
  [Fluvius_PV_HP 5 | Redni 1T | 30 kWh] fixed_schedule                    427.18 EUR  (   1.4 s)
  [Fluvius_PV_HP 3 | Dinamični | 30 kWh] self_consumption_peak_shaving     943.92 EUR  (   1.4 s)
  [Fluvius_PV_HP 5 | Redni 1T | 30 kWh] delayed_pv_charge                 342.10 EUR  (   1.4 s)
  [Fluvius_PV_HP 3 | Dinamični | 30 kWh] price_oracle                      838.95 EUR  (   1.4 s)
  [Fluvius_PV_HP 5 | Redni 1T | 30 kWh] price_threshold                   369.54 EUR  (   1.4 s)
  [Fluvius_PV_HP 5 | Redni 1T | 30 kWh] price_rank_daily                  341.92 EUR  (   1.4 s)
  [Fluvius_PV_HP 5 | Redni 1T | 30 kWh] peak_shaving                      434.25 EUR  (   1.4 s)
  [Fluvius_PV_HP 5 | Redni 1T | 30 kWh] self_consumption_peak_shaving     345.27 EUR  (   1.4 s)
  [Fluvius_PV_HP 5 | Redni 1T | 30 kWh] price_oracle                      370.32 EUR  (   1.4 s)
  [Fluvius_PV_HP_EV 1 | Aktivni | 10 kWh] milp_full_period                  480.40 EUR  (  27.5 s)
  [Fluvius_PV_HP_EV 1 | Aktivni | 20 kWh] no_battery                        804.90 EUR  (   1.4 s)
  [Fluvius_PV_HP_EV 1 | Aktivni | 20 kWh] self_consumption                  649.35 EUR  (   1.4 s)
  [Fluvius_PV_HP 5 | Aktivni | 30 kWh] milp_full_period                 -103.91 EUR  (  32.5 s)
[118/140] Fluvius_PV_HP_user_005_aktivni.csv (40 rows)  (3461s elapsed)
  [Fluvius_PV_HP_EV 1 | Aktivni | 20 kWh] fixed_schedule                    759.60 EUR  (   1.4 s)
  [Fluvius_PV_HP_EV 1 | Aktivni | 20 kWh] delayed_pv_charge                 670.92 EUR  (   1.4 s)
  [Fluvius_PV_HP_EV 1 | Aktivni | 20 kWh] price_threshold                   661.95 EUR  (   1.4 s)
  [Fluvius_PV_HP_EV 1 | Aktivni | 20 kWh] price_rank_daily                  622.33 EUR  (   1.4 s)
  [Fluvius_PV_HP_EV 1 | Redni 1T | 5 kWh] no_battery                        729.64 EUR  (   1.4 s)
  [Fluvius_PV_HP_EV 1 | Aktivni | 20 kWh] peak_shaving                      783.79 EUR  (   1.4 s)
  [Fluvius_PV_HP_EV 1 | Redni 1T | 5 kWh] self_consumption                  635.01 EUR  (   1.4 s)
  [Fluvius_PV_HP_EV 1 | Aktivni | 20 kWh] self_consumption_peak_shaving     647.24 EUR  (   1.4 s)
  [Fluvius_PV_HP_EV 1 | Redni 1T | 5 kWh] fixed_schedule                    673.38 EUR  (   1.4 s)
  [Fluvius_PV_HP 4 | Redni 1T | 30 kWh] milp_full_period                  762.00 EUR  (  43.8 s)
[119/140] Fluvius_PV_HP_user_004_redni1t.csv (40 rows)  (3470s elapsed)
  [Fluvius_PV_HP_EV 1 | Aktivni | 20 kWh] price_oracle                      662.36 EUR  (   1.4 s)
  [Fluvius_PV_HP_EV 1 | Redni 1T | 5 kWh] delayed_pv_charge                 640.30 EUR  (   1.4 s)
  [Fluvius_PV_HP_EV 1 | Redni 1T | 5 kWh] price_threshold                   657.79 EUR  (   1.4 s)
  [Fluvius_PV_HP_EV 1 | Redni 1T | 5 kWh] price_rank_daily                  635.01 EUR  (   1.4 s)
  [Fluvius_PV_HP_EV 1 | Redni 1T | 5 kWh] peak_shaving                      710.79 EUR  (   1.4 s)
  [Fluvius_PV_HP_EV 2 | Dinamični | 5 kWh] no_battery                       1099.94 EUR  (   1.4 s)
  [Fluvius_PV_HP_EV 1 | Redni 1T | 5 kWh] self_consumption_peak_shaving     644.60 EUR  (   1.4 s)
  [Fluvius_PV_HP_EV 2 | Dinamični | 5 kWh] self_consumption                  976.73 EUR  (   1.4 s)
  [Fluvius_PV_HP_EV 1 | Redni 1T | 5 kWh] price_oracle                      658.39 EUR  (   1.4 s)
  [Fluvius_PV_HP_EV 2 | Dinamični | 5 kWh] fixed_schedule                    985.06 EUR  (   1.5 s)
  [Fluvius_PV_HP_EV 2 | Dinamični | 5 kWh] delayed_pv_charge                1009.90 EUR  (   1.4 s)
  [Fluvius_PV_HP_EV 2 | Dinamični | 5 kWh] price_threshold                  1008.19 EUR  (   1.4 s)
  [Fluvius_PV_HP_EV 2 | Dinamični | 5 kWh] price_rank_daily                  962.52 EUR  (   1.4 s)
  [Fluvius_PV_HP_EV 2 | Dinamični | 5 kWh] peak_shaving                     1087.59 EUR  (   1.4 s)
  [Fluvius_PV_HP_EV 2 | Dinamični | 5 kWh] self_consumption_peak_shaving    1017.88 EUR  (   1.4 s)
  [Fluvius_PV_HP_EV 2 | Dinamični | 5 kWh] price_oracle                     1000.63 EUR  (   1.4 s)
  [Fluvius_PV_HP 4 | Dinamični | 20 kWh] milp_full_period                  292.80 EUR  ( 164.1 s)
  [Fluvius_PV_HP 4 | Dinamični | 30 kWh] no_battery                        804.17 EUR  (   1.4 s)
  [Fluvius_PV_HP 4 | Dinamični | 30 kWh] self_consumption                  806.86 EUR  (   1.4 s)
  [Fluvius_PV_HP 4 | Dinamični | 30 kWh] fixed_schedule                    736.93 EUR  (   1.4 s)
  [Fluvius_PV_HP 4 | Dinamični | 30 kWh] delayed_pv_charge                 807.30 EUR  (   1.4 s)
  [Fluvius_PV_HP_EV 1 | Aktivni | 20 kWh] milp_full_period                  322.46 EUR  (  29.3 s)
  [Fluvius_PV_HP 4 | Dinamični | 30 kWh] price_threshold                   726.16 EUR  (   1.4 s)
  [Fluvius_PV_HP 4 | Dinamični | 30 kWh] price_rank_daily                  708.16 EUR  (   1.4 s)
  [Fluvius_PV_HP_EV 1 | Aktivni | 30 kWh] no_battery                        804.90 EUR  (   1.4 s)
  [Fluvius_PV_HP 4 | Dinamični | 30 kWh] peak_shaving                      790.14 EUR  (   1.4 s)
  [Fluvius_PV_HP_EV 1 | Aktivni | 30 kWh] self_consumption                  648.79 EUR  (   1.4 s)
  [Fluvius_PV_HP 5 | Redni 1T | 30 kWh] milp_full_period                  335.65 EUR  (  48.4 s)
[120/140] Fluvius_PV_HP_user_005_redni1t.csv (40 rows)  (3504s elapsed)
  [Fluvius_PV_HP 4 | Dinamični | 30 kWh] self_consumption_peak_shaving     796.28 EUR  (   1.4 s)
  [Fluvius_PV_HP_EV 1 | Aktivni | 30 kWh] fixed_schedule                    759.39 EUR  (   1.4 s)
  [Fluvius_PV_HP 4 | Dinamični | 30 kWh] price_oracle                      706.78 EUR  (   1.4 s)
  [Fluvius_PV_HP_EV 1 | Aktivni | 30 kWh] delayed_pv_charge                 669.87 EUR  (   1.4 s)
  [Fluvius_PV_HP_EV 1 | Aktivni | 30 kWh] price_threshold                   662.87 EUR  (   1.4 s)
  [Fluvius_PV_HP_EV 1 | Redni 1T | 5 kWh] milp_full_period                  627.96 EUR  (  29.9 s)
  [Fluvius_PV_HP_EV 1 | Aktivni | 30 kWh] price_rank_daily                  643.82 EUR  (   1.4 s)
  [Fluvius_PV_HP_EV 2 | Aktivni | 5 kWh] no_battery                       1332.63 EUR  (   1.4 s)
  [Fluvius_PV_HP_EV 1 | Redni 1T | 10 kWh] no_battery                        729.64 EUR  (   1.4 s)
  [Fluvius_PV_HP_EV 1 | Aktivni | 30 kWh] peak_shaving                      783.26 EUR  (   1.4 s)
  [Fluvius_PV_HP_EV 2 | Aktivni | 5 kWh] self_consumption                 1132.78 EUR  (   1.4 s)
  [Fluvius_PV_HP_EV 1 | Redni 1T | 10 kWh] self_consumption                  612.37 EUR  (   1.4 s)
  [Fluvius_PV_HP_EV 1 | Aktivni | 30 kWh] self_consumption_peak_shaving     646.67 EUR  (   1.4 s)
  [Fluvius_PV_HP_EV 2 | Aktivni | 5 kWh] fixed_schedule                   1229.60 EUR  (   1.4 s)
  [Fluvius_PV_HP_EV 1 | Redni 1T | 10 kWh] fixed_schedule                    671.44 EUR  (   1.4 s)
  [Fluvius_PV_HP_EV 1 | Aktivni | 30 kWh] price_oracle                      662.06 EUR  (   1.4 s)
  [Fluvius_PV_HP_EV 2 | Aktivni | 5 kWh] delayed_pv_charge                1177.62 EUR  (   1.4 s)
  [Fluvius_PV_HP_EV 1 | Redni 1T | 10 kWh] delayed_pv_charge                 613.46 EUR  (   1.4 s)
  [Fluvius_PV_HP_EV 2 | Aktivni | 5 kWh] price_threshold                  1177.81 EUR  (   1.4 s)
  [Fluvius_PV_HP_EV 1 | Redni 1T | 10 kWh] price_threshold                   642.61 EUR  (   1.4 s)
  [Fluvius_PV_HP_EV 2 | Aktivni | 5 kWh] price_rank_daily                 1128.40 EUR  (   1.4 s)
  [Fluvius_PV_HP_EV 1 | Redni 1T | 10 kWh] price_rank_daily                  612.37 EUR  (   1.4 s)
  [Fluvius_PV_HP_EV 2 | Aktivni | 5 kWh] peak_shaving                     1320.16 EUR  (   1.4 s)
  [Fluvius_PV_HP_EV 1 | Redni 1T | 10 kWh] peak_shaving                      707.04 EUR  (   1.4 s)
  [Fluvius_PV_HP_EV 2 | Aktivni | 5 kWh] self_consumption_peak_shaving    1204.71 EUR  (   1.4 s)
  [Fluvius_PV_HP_EV 1 | Redni 1T | 10 kWh] self_consumption_peak_shaving     615.96 EUR  (   1.4 s)
  [Fluvius_PV_HP_EV 2 | Aktivni | 5 kWh] price_oracle                     1178.01 EUR  (   1.4 s)
  [Fluvius_PV_HP_EV 1 | Redni 1T | 10 kWh] price_oracle                      643.48 EUR  (   1.4 s)
  [Fluvius_PV_HP 1 | Dinamični | 30 kWh] milp_full_period                  148.52 EUR  ( 202.9 s)
[121/140] Fluvius_PV_HP_user_001.csv (40 rows)  (3523s elapsed)
  [Fluvius_PV_HP_EV 2 | Redni 1T | 5 kWh] no_battery                       1103.79 EUR  (   1.4 s)
  [Fluvius_PV_HP_EV 2 | Redni 1T | 5 kWh] self_consumption                  995.16 EUR  (   1.4 s)
  [Fluvius_PV_HP_EV 2 | Redni 1T | 5 kWh] fixed_schedule                   1041.97 EUR  (   1.5 s)
  [Fluvius_PV_HP_EV 2 | Redni 1T | 5 kWh] delayed_pv_charge                1003.90 EUR  (   1.4 s)
  [Fluvius_PV_HP_EV 2 | Redni 1T | 5 kWh] price_threshold                  1017.18 EUR  (   1.4 s)
  [Fluvius_PV_HP_EV 2 | Redni 1T | 5 kWh] price_rank_daily                  995.16 EUR  (   1.4 s)
  [Fluvius_PV_HP_EV 2 | Redni 1T | 5 kWh] peak_shaving                     1093.04 EUR  (   1.4 s)
  [Fluvius_PV_HP_EV 2 | Redni 1T | 5 kWh] self_consumption_peak_shaving    1032.97 EUR  (   1.4 s)
  [Fluvius_PV_HP_EV 2 | Redni 1T | 5 kWh] price_oracle                     1017.98 EUR  (   1.4 s)
  [Fluvius_PV_HP_EV 1 | Aktivni | 30 kWh] milp_full_period                  169.37 EUR  (  31.8 s)
[122/140] Fluvius_PV_HP_EV_user_001_aktivni.csv (40 rows)  (3545s elapsed)
  [Fluvius_PV_HP_EV 2 | Aktivni | 5 kWh] milp_full_period                 1066.16 EUR  (  28.5 s)
  [Fluvius_PV_HP_EV 3 | Dinamični | 5 kWh] no_battery                       1510.06 EUR  (   1.4 s)
  [Fluvius_PV_HP_EV 2 | Aktivni | 10 kWh] no_battery                       1332.63 EUR  (   1.4 s)
  [Fluvius_PV_HP_EV 3 | Dinamični | 5 kWh] self_consumption                 1412.12 EUR  (   1.4 s)
  [Fluvius_PV_HP_EV 2 | Aktivni | 10 kWh] self_consumption                 1069.67 EUR  (   1.4 s)
  [Fluvius_PV_HP_EV 3 | Dinamični | 5 kWh] fixed_schedule                   1432.77 EUR  (   1.4 s)
  [Fluvius_PV_HP_EV 2 | Aktivni | 10 kWh] fixed_schedule                   1248.28 EUR  (   1.4 s)
  [Fluvius_PV_HP_EV 3 | Dinamični | 5 kWh] delayed_pv_charge                1433.24 EUR  (   1.4 s)
  [Fluvius_PV_HP_EV 2 | Aktivni | 10 kWh] delayed_pv_charge                1113.68 EUR  (   1.4 s)
  [Fluvius_PV_HP_EV 3 | Dinamični | 5 kWh] price_threshold                  1434.47 EUR  (   1.4 s)
  [Fluvius_PV_HP_EV 2 | Aktivni | 10 kWh] price_threshold                  1113.66 EUR  (   1.4 s)
  [Fluvius_PV_HP_EV 3 | Dinamični | 5 kWh] price_rank_daily                 1399.61 EUR  (   1.4 s)
  [Fluvius_PV_HP_EV 2 | Dinamični | 5 kWh] milp_full_period                  823.25 EUR  (  70.7 s)
  [Fluvius_PV_HP_EV 1 | Redni 1T | 10 kWh] milp_full_period                  606.70 EUR  (  36.8 s)
  [Fluvius_PV_HP_EV 2 | Aktivni | 10 kWh] price_rank_daily                 1054.36 EUR  (   1.4 s)
  [Fluvius_PV_HP_EV 3 | Dinamični | 5 kWh] peak_shaving                     1494.51 EUR  (   1.4 s)
  [Fluvius_PV_HP_EV 2 | Dinamični | 10 kWh] no_battery                       1099.94 EUR  (   1.4 s)
  [Fluvius_PV_HP_EV 2 | Aktivni | 10 kWh] peak_shaving                     1307.88 EUR  (   1.4 s)
  [Fluvius_PV_HP_EV 1 | Redni 1T | 20 kWh] no_battery                        729.64 EUR  (   1.4 s)
  [Fluvius_PV_HP_EV 3 | Dinamični | 5 kWh] self_consumption_peak_shaving    1428.34 EUR  (   1.4 s)
  [Fluvius_PV_HP_EV 2 | Dinamični | 10 kWh] self_consumption                  936.18 EUR  (   1.4 s)
  [Fluvius_PV_HP_EV 2 | Aktivni | 10 kWh] self_consumption_peak_shaving    1120.66 EUR  (   1.4 s)
  [Fluvius_PV_HP_EV 1 | Redni 1T | 20 kWh] self_consumption                  606.66 EUR  (   1.4 s)
  [Fluvius_PV_HP_EV 3 | Dinamični | 5 kWh] price_oracle                     1426.64 EUR  (   1.4 s)
  [Fluvius_PV_HP_EV 2 | Dinamični | 10 kWh] fixed_schedule                    964.01 EUR  (   1.4 s)
  [Fluvius_PV_HP_EV 2 | Aktivni | 10 kWh] price_oracle                     1113.89 EUR  (   1.4 s)
  [Fluvius_PV_HP_EV 1 | Redni 1T | 20 kWh] fixed_schedule                    681.01 EUR  (   1.4 s)
  [Fluvius_PV_HP 5 | Dinamični | 10 kWh] milp_full_period                  107.83 EUR  ( 187.2 s)
  [Fluvius_PV_HP_EV 2 | Dinamični | 10 kWh] delayed_pv_charge                 970.54 EUR  (   1.4 s)
  [Fluvius_PV_HP_EV 1 | Redni 1T | 20 kWh] delayed_pv_charge                 607.05 EUR  (   1.4 s)
  [Fluvius_PV_HP_EV 2 | Dinamični | 10 kWh] price_threshold                   976.13 EUR  (   1.4 s)
  [Fluvius_PV_HP_EV 1 | Redni 1T | 20 kWh] price_threshold                   631.91 EUR  (   1.4 s)
  [Fluvius_PV_HP 5 | Dinamični | 20 kWh] no_battery                        510.14 EUR  (   1.4 s)
  [Fluvius_PV_HP_EV 2 | Dinamični | 10 kWh] price_rank_daily                  912.76 EUR  (   1.4 s)
  [Fluvius_PV_HP_EV 1 | Redni 1T | 20 kWh] price_rank_daily                  606.66 EUR  (   1.4 s)
  [Fluvius_PV_HP 5 | Dinamični | 20 kWh] self_consumption                  396.75 EUR  (   1.4 s)
  [Fluvius_PV_HP_EV 2 | Redni 1T | 5 kWh] milp_full_period                  979.89 EUR  (  27.4 s)
  [Fluvius_PV_HP_EV 2 | Dinamični | 10 kWh] peak_shaving                     1077.97 EUR  (   1.4 s)
  [Fluvius_PV_HP_EV 1 | Redni 1T | 20 kWh] peak_shaving                      706.49 EUR  (   1.4 s)
  [Fluvius_PV_HP 5 | Dinamični | 20 kWh] fixed_schedule                    383.56 EUR  (   1.4 s)
  [Fluvius_PV_HP_EV 2 | Redni 1T | 10 kWh] no_battery                       1103.79 EUR  (   1.4 s)
  [Fluvius_PV_HP_EV 2 | Dinamični | 10 kWh] self_consumption_peak_shaving     964.44 EUR  (   1.4 s)
  [Fluvius_PV_HP_EV 1 | Redni 1T | 20 kWh] self_consumption_peak_shaving     609.37 EUR  (   1.4 s)
  [Fluvius_PV_HP 5 | Dinamični | 20 kWh] delayed_pv_charge                 404.67 EUR  (   1.4 s)
  [Fluvius_PV_HP_EV 2 | Redni 1T | 10 kWh] self_consumption                  951.69 EUR  (   1.4 s)
  [Fluvius_PV_HP_EV 2 | Dinamični | 10 kWh] price_oracle                      965.48 EUR  (   1.4 s)
  [Fluvius_PV_HP_EV 1 | Redni 1T | 20 kWh] price_oracle                      632.71 EUR  (   1.4 s)
  [Fluvius_PV_HP 5 | Dinamični | 20 kWh] price_threshold                   394.28 EUR  (   1.4 s)
  [Fluvius_PV_HP_EV 2 | Redni 1T | 10 kWh] fixed_schedule                   1044.38 EUR  (   1.4 s)
  [Fluvius_PV_HP 5 | Dinamični | 20 kWh] price_rank_daily                  362.83 EUR  (   1.4 s)
  [Fluvius_PV_HP_EV 2 | Redni 1T | 10 kWh] delayed_pv_charge                 957.21 EUR  (   1.4 s)
  [Fluvius_PV_HP 5 | Dinamični | 20 kWh] peak_shaving                      495.23 EUR  (   1.4 s)
  [Fluvius_PV_HP_EV 2 | Redni 1T | 10 kWh] price_threshold                   989.50 EUR  (   1.4 s)
  [Fluvius_PV_HP 5 | Dinamični | 20 kWh] self_consumption_peak_shaving     403.60 EUR  (   1.4 s)
  [Fluvius_PV_HP_EV 2 | Redni 1T | 10 kWh] price_rank_daily                  951.69 EUR  (   1.4 s)
  [Fluvius_PV_HP 5 | Dinamični | 20 kWh] price_oracle                      385.63 EUR  (   1.4 s)
  [Fluvius_PV_HP_EV 2 | Redni 1T | 10 kWh] peak_shaving                     1083.21 EUR  (   1.4 s)
  [Fluvius_PV_HP_EV 2 | Redni 1T | 10 kWh] self_consumption_peak_shaving     984.92 EUR  (   1.4 s)
  [Fluvius_PV_HP_EV 2 | Redni 1T | 10 kWh] price_oracle                      990.75 EUR  (   1.4 s)
  [Fluvius_PV_HP 4 | Dinamični | 30 kWh] milp_full_period                  153.50 EUR  (  79.1 s)
[123/140] Fluvius_PV_HP_user_004.csv (40 rows)  (3585s elapsed)
  [Fluvius_PV_HP_EV 2 | Aktivni | 10 kWh] milp_full_period                  907.03 EUR  (  27.4 s)
  [Fluvius_PV_HP_EV 3 | Aktivni | 5 kWh] no_battery                       1784.83 EUR  (   1.4 s)
  [Fluvius_PV_HP_EV 3 | Aktivni | 5 kWh] self_consumption                 1618.82 EUR  (   1.4 s)
  [Fluvius_PV_HP_EV 2 | Aktivni | 20 kWh] no_battery                       1332.63 EUR  (   1.4 s)
  [Fluvius_PV_HP_EV 3 | Aktivni | 5 kWh] fixed_schedule                   1728.26 EUR  (   1.4 s)
  [Fluvius_PV_HP_EV 2 | Aktivni | 20 kWh] self_consumption                 1051.69 EUR  (   1.4 s)
  [Fluvius_PV_HP_EV 3 | Aktivni | 5 kWh] delayed_pv_charge                1652.80 EUR  (   1.4 s)
  [Fluvius_PV_HP_EV 2 | Aktivni | 20 kWh] fixed_schedule                   1263.54 EUR  (   1.4 s)
  [Fluvius_PV_HP_EV 3 | Aktivni | 5 kWh] price_threshold                  1644.06 EUR  (   1.4 s)
  [Fluvius_PV_HP_EV 2 | Aktivni | 20 kWh] delayed_pv_charge                1086.42 EUR  (   1.4 s)
  [Fluvius_PV_HP_EV 3 | Aktivni | 5 kWh] price_rank_daily                 1605.44 EUR  (   1.4 s)
  [Fluvius_PV_HP_EV 2 | Aktivni | 20 kWh] price_threshold                  1072.37 EUR  (   1.4 s)
  [Fluvius_PV_HP_EV 3 | Aktivni | 5 kWh] peak_shaving                     1766.55 EUR  (   1.4 s)
  [Fluvius_PV_HP_EV 2 | Aktivni | 20 kWh] price_rank_daily                 1022.98 EUR  (   1.4 s)
  [Fluvius_PV_HP_EV 3 | Aktivni | 5 kWh] self_consumption_peak_shaving    1656.90 EUR  (   1.4 s)
  [Fluvius_PV_HP_EV 2 | Aktivni | 20 kWh] peak_shaving                     1297.34 EUR  (   1.4 s)
  [Fluvius_PV_HP_EV 3 | Aktivni | 5 kWh] price_oracle                     1643.73 EUR  (   1.4 s)
  [Fluvius_PV_HP_EV 2 | Aktivni | 20 kWh] self_consumption_peak_shaving    1062.86 EUR  (   1.4 s)
  [Fluvius_PV_HP_EV 2 | Aktivni | 20 kWh] price_oracle                     1072.63 EUR  (   1.4 s)
  [Fluvius_PV_HP_EV 2 | Redni 1T | 10 kWh] milp_full_period                  935.16 EUR  (  28.3 s)
  [Fluvius_PV_HP_EV 2 | Redni 1T | 20 kWh] no_battery                       1103.79 EUR  (   1.4 s)
  [Fluvius_PV_HP_EV 2 | Redni 1T | 20 kWh] self_consumption                  927.65 EUR  (   1.4 s)
  [Fluvius_PV_HP_EV 1 | Dinamični | 10 kWh] milp_full_period                  369.72 EUR  ( 170.4 s)
  [Fluvius_PV_HP_EV 2 | Redni 1T | 20 kWh] fixed_schedule                   1054.58 EUR  (   1.4 s)
  [Fluvius_PV_HP_EV 1 | Dinamični | 20 kWh] no_battery                        744.26 EUR  (   1.4 s)
  [Fluvius_PV_HP_EV 2 | Redni 1T | 20 kWh] delayed_pv_charge                 929.56 EUR  (   1.4 s)
  [Fluvius_PV_HP_EV 1 | Dinamični | 20 kWh] self_consumption                  636.55 EUR  (   1.4 s)
  [Fluvius_PV_HP_EV 2 | Redni 1T | 20 kWh] price_threshold                   974.30 EUR  (   1.4 s)
  [Fluvius_PV_HP_EV 1 | Redni 1T | 20 kWh] milp_full_period                  600.82 EUR  (  45.2 s)
  [Fluvius_PV_HP_EV 1 | Dinamični | 20 kWh] fixed_schedule                    588.28 EUR  (   1.4 s)
  [Fluvius_PV_HP_EV 2 | Redni 1T | 20 kWh] price_rank_daily                  927.65 EUR  (   1.4 s)
  [Fluvius_PV_HP_EV 1 | Redni 1T | 30 kWh] no_battery                        729.64 EUR  (   1.4 s)
  [Fluvius_PV_HP_EV 1 | Dinamični | 20 kWh] delayed_pv_charge                 656.02 EUR  (   1.4 s)
  [Fluvius_PV_HP_EV 2 | Redni 1T | 20 kWh] peak_shaving                     1074.47 EUR  (   1.4 s)
  [Fluvius_PV_HP_EV 1 | Redni 1T | 30 kWh] self_consumption                  604.79 EUR  (   1.4 s)
  [Fluvius_PV_HP_EV 1 | Dinamični | 20 kWh] price_threshold                   630.74 EUR  (   1.4 s)
  [Fluvius_PV_HP_EV 2 | Redni 1T | 20 kWh] self_consumption_peak_shaving     939.44 EUR  (   1.4 s)
  [Fluvius_PV_HP_EV 1 | Redni 1T | 30 kWh] fixed_schedule                    682.22 EUR  (   1.4 s)
  [Fluvius_PV_HP_EV 1 | Dinamični | 20 kWh] price_rank_daily                  591.60 EUR  (   1.4 s)
  [Fluvius_PV_HP_EV 2 | Redni 1T | 20 kWh] price_oracle                      975.48 EUR  (   1.4 s)
  [Fluvius_PV_HP_EV 1 | Redni 1T | 30 kWh] delayed_pv_charge                 605.07 EUR  (   1.4 s)
  [Fluvius_PV_HP_EV 1 | Dinamični | 20 kWh] peak_shaving                      726.31 EUR  (   1.4 s)
  [Fluvius_PV_HP_EV 1 | Redni 1T | 30 kWh] price_threshold                   630.21 EUR  (   1.4 s)
  [Fluvius_PV_HP_EV 1 | Dinamični | 20 kWh] self_consumption_peak_shaving     634.20 EUR  (   1.4 s)
  [Fluvius_PV_HP_EV 1 | Redni 1T | 30 kWh] price_rank_daily                  604.79 EUR  (   1.4 s)
  [Fluvius_PV_HP_EV 1 | Dinamični | 20 kWh] price_oracle                      614.52 EUR  (   1.4 s)
  [Fluvius_PV_HP_EV 1 | Redni 1T | 30 kWh] peak_shaving                      705.98 EUR  (   1.4 s)
  [Fluvius_PV_HP_EV 1 | Redni 1T | 30 kWh] self_consumption_peak_shaving     607.13 EUR  (   1.4 s)
  [Fluvius_PV_HP_EV 3 | Aktivni | 5 kWh] milp_full_period                 1524.77 EUR  (  27.4 s)
  [Fluvius_PV_HP_EV 1 | Redni 1T | 30 kWh] price_oracle                      631.01 EUR  (   1.4 s)
  [Fluvius_PV_HP 3 | Dinamični | 30 kWh] milp_full_period                  295.28 EUR  ( 180.6 s)
[124/140] Fluvius_PV_HP_user_003.csv (40 rows)  (3630s elapsed)
  [Fluvius_PV_HP_EV 2 | Aktivni | 20 kWh] milp_full_period                  697.87 EUR  (  27.5 s)
  [Fluvius_PV_HP_EV 3 | Aktivni | 10 kWh] no_battery                       1784.83 EUR  (   1.4 s)
  [Fluvius_PV_HP_EV 3 | Aktivni | 10 kWh] self_consumption                 1576.44 EUR  (   1.4 s)
  [Fluvius_PV_HP_EV 2 | Aktivni | 30 kWh] no_battery                       1332.63 EUR  (   1.4 s)
  [Fluvius_PV_HP_EV 3 | Aktivni | 10 kWh] fixed_schedule                   1736.71 EUR  (   1.4 s)
  [Fluvius_PV_HP_EV 3 | Dinamični | 5 kWh] milp_full_period                 1256.36 EUR  (  72.6 s)
  [Fluvius_PV_HP_EV 2 | Aktivni | 30 kWh] self_consumption                 1044.69 EUR  (   1.4 s)
  [Fluvius_PV_HP_EV 3 | Redni 1T | 5 kWh] no_battery                       1502.35 EUR  (   1.4 s)
  [Fluvius_PV_HP_EV 3 | Aktivni | 10 kWh] delayed_pv_charge                1607.59 EUR  (   1.4 s)
  [Fluvius_PV_HP_EV 2 | Aktivni | 30 kWh] fixed_schedule                   1260.39 EUR  (   1.4 s)
  [Fluvius_PV_HP_EV 3 | Dinamični | 10 kWh] no_battery                       1510.06 EUR  (   1.4 s)
  [Fluvius_PV_HP_EV 3 | Redni 1T | 5 kWh] self_consumption                 1406.51 EUR  (   1.4 s)
  [Fluvius_PV_HP_EV 3 | Aktivni | 10 kWh] price_threshold                  1588.28 EUR  (   1.4 s)
  [Fluvius_PV_HP_EV 2 | Aktivni | 30 kWh] delayed_pv_charge                1078.34 EUR  (   1.4 s)
  [Fluvius_PV_HP_EV 3 | Dinamični | 10 kWh] self_consumption                 1384.39 EUR  (   1.4 s)
  [Fluvius_PV_HP_EV 3 | Redni 1T | 5 kWh] fixed_schedule                   1468.06 EUR  (   1.4 s)
  [Fluvius_PV_HP_EV 3 | Aktivni | 10 kWh] price_rank_daily                 1544.97 EUR  (   1.4 s)
  [Fluvius_PV_HP_EV 2 | Aktivni | 30 kWh] price_threshold                  1060.52 EUR  (   1.4 s)
  [Fluvius_PV_HP_EV 3 | Dinamični | 10 kWh] fixed_schedule                   1406.87 EUR  (   1.4 s)
  [Fluvius_PV_HP_EV 3 | Redni 1T | 5 kWh] delayed_pv_charge                1412.78 EUR  (   1.4 s)
  [Fluvius_PV_HP_EV 3 | Aktivni | 10 kWh] peak_shaving                     1761.04 EUR  (   1.4 s)
  [Fluvius_PV_HP 2 | Dinamični | 30 kWh] milp_full_period                  104.55 EUR  ( 205.8 s)
[125/140] Fluvius_PV_HP_user_002.csv (40 rows)  (3639s elapsed)
  [Fluvius_PV_HP_EV 2 | Aktivni | 30 kWh] price_rank_daily                 1038.27 EUR  (   1.4 s)
  [Fluvius_PV_HP_EV 3 | Dinamični | 10 kWh] delayed_pv_charge                1406.58 EUR  (   1.4 s)
  [Fluvius_PV_HP_EV 3 | Redni 1T | 5 kWh] price_threshold                  1429.59 EUR  (   1.4 s)
  [Fluvius_PV_HP_EV 3 | Aktivni | 10 kWh] self_consumption_peak_shaving    1599.53 EUR  (   1.4 s)
  [Fluvius_PV_HP_EV 2 | Aktivni | 30 kWh] peak_shaving                     1294.46 EUR  (   1.4 s)
  [Fluvius_PV_HP_EV 3 | Dinamični | 10 kWh] price_threshold                  1401.23 EUR  (   1.4 s)
  [Fluvius_PV_HP_EV 3 | Redni 1T | 5 kWh] price_rank_daily                 1406.51 EUR  (   1.4 s)
  [Fluvius_PV_HP_EV 3 | Aktivni | 10 kWh] price_oracle                     1587.93 EUR  (   1.4 s)
  [Fluvius_PV_HP_EV 2 | Aktivni | 30 kWh] self_consumption_peak_shaving    1050.04 EUR  (   1.4 s)
  [Fluvius_PV_HP_EV 3 | Dinamični | 10 kWh] price_rank_daily                 1349.41 EUR  (   1.4 s)
  [Fluvius_PV_HP_EV 3 | Redni 1T | 5 kWh] peak_shaving                     1487.82 EUR  (   1.4 s)
  [Fluvius_PV_HP_EV 2 | Aktivni | 30 kWh] price_oracle                     1060.44 EUR  (   1.4 s)
  [Fluvius_PV_HP_EV 4 | Dinamični | 5 kWh] no_battery                       1589.04 EUR  (   1.4 s)
  [Fluvius_PV_HP_EV 3 | Dinamični | 10 kWh] peak_shaving                     1490.72 EUR  (   1.4 s)
  [Fluvius_PV_HP_EV 3 | Redni 1T | 5 kWh] self_consumption_peak_shaving    1426.91 EUR  (   1.4 s)
  [Fluvius_PV_HP_EV 4 | Dinamični | 5 kWh] self_consumption                 1576.37 EUR  (   1.4 s)
  [Fluvius_PV_HP_EV 3 | Dinamični | 10 kWh] self_consumption_peak_shaving    1396.36 EUR  (   1.4 s)
  [Fluvius_PV_HP_EV 3 | Redni 1T | 5 kWh] price_oracle                     1429.36 EUR  (   1.4 s)
  [Fluvius_PV_HP_EV 4 | Dinamični | 5 kWh] fixed_schedule                   1561.09 EUR  (   1.4 s)
  [Fluvius_PV_HP_EV 3 | Dinamični | 10 kWh] price_oracle                     1387.56 EUR  (   1.4 s)
  [Fluvius_PV_HP_EV 4 | Dinamični | 5 kWh] delayed_pv_charge                1577.55 EUR  (   1.4 s)
  [Fluvius_PV_HP_EV 4 | Dinamični | 5 kWh] price_threshold                  1537.22 EUR  (   1.4 s)
  [Fluvius_PV_HP_EV 4 | Dinamični | 5 kWh] price_rank_daily                 1516.75 EUR  (   1.4 s)
  [Fluvius_PV_HP_EV 4 | Dinamični | 5 kWh] peak_shaving                     1581.65 EUR  (   1.4 s)
  [Fluvius_PV_HP_EV 4 | Dinamični | 5 kWh] self_consumption_peak_shaving    1569.76 EUR  (   1.4 s)
  [Fluvius_PV_HP_EV 4 | Dinamični | 5 kWh] price_oracle                     1528.71 EUR  (   1.4 s)
  [Fluvius_PV_HP_EV 2 | Redni 1T | 20 kWh] milp_full_period                  911.04 EUR  (  35.1 s)
  [Fluvius_PV_HP_EV 2 | Redni 1T | 30 kWh] no_battery                       1103.79 EUR  (   1.4 s)
  [Fluvius_PV_HP_EV 2 | Dinamični | 10 kWh] milp_full_period                  652.43 EUR  (  89.5 s)
  [Fluvius_PV_HP_EV 2 | Redni 1T | 30 kWh] self_consumption                  919.80 EUR  (   1.4 s)
  [Fluvius_PV_HP_EV 2 | Redni 1T | 30 kWh] fixed_schedule                   1055.78 EUR  (   1.4 s)
  [Fluvius_PV_HP_EV 2 | Dinamični | 20 kWh] no_battery                       1099.94 EUR  (   1.4 s)
  [Fluvius_PV_HP_EV 2 | Redni 1T | 30 kWh] delayed_pv_charge                 921.64 EUR  (   1.4 s)
  [Fluvius_PV_HP_EV 2 | Dinamični | 20 kWh] self_consumption                  924.54 EUR  (   1.4 s)
  [Fluvius_PV_HP_EV 2 | Redni 1T | 30 kWh] price_threshold                   968.06 EUR  (   1.4 s)
  [Fluvius_PV_HP_EV 2 | Dinamični | 20 kWh] fixed_schedule                    927.58 EUR  (   1.4 s)
  [Fluvius_PV_HP_EV 2 | Redni 1T | 30 kWh] price_rank_daily                  919.80 EUR  (   1.5 s)
  [Fluvius_PV_HP_EV 2 | Dinamični | 20 kWh] delayed_pv_charge                 953.78 EUR  (   1.4 s)
  [Fluvius_PV_HP_EV 2 | Redni 1T | 30 kWh] peak_shaving                     1072.23 EUR  (   1.4 s)
  [Fluvius_PV_HP_EV 2 | Dinamični | 20 kWh] price_threshold                   940.17 EUR  (   1.4 s)
  [Fluvius_PV_HP_EV 2 | Redni 1T | 30 kWh] self_consumption_peak_shaving     924.95 EUR  (   1.4 s)
  [Fluvius_PV_HP_EV 2 | Dinamični | 20 kWh] price_rank_daily                  888.84 EUR  (   1.4 s)
  [Fluvius_PV_HP_EV 2 | Redni 1T | 30 kWh] price_oracle                      969.06 EUR  (   1.4 s)
  [Fluvius_PV_HP_EV 2 | Dinamični | 20 kWh] peak_shaving                     1071.62 EUR  (   1.4 s)
  [Fluvius_PV_HP_EV 3 | Aktivni | 10 kWh] milp_full_period                 1379.38 EUR  (  29.0 s)
  [Fluvius_PV_HP_EV 2 | Dinamični | 20 kWh] self_consumption_peak_shaving     926.43 EUR  (   1.4 s)
  [Fluvius_PV_HP_EV 3 | Aktivni | 20 kWh] no_battery                       1784.83 EUR  (   1.4 s)
  [Fluvius_PV_HP_EV 2 | Aktivni | 30 kWh] milp_full_period                  540.19 EUR  (  29.3 s)
[126/140] Fluvius_PV_HP_EV_user_002_aktivni.csv (40 rows)  (3673s elapsed)
  [Fluvius_PV_HP_EV 2 | Dinamični | 20 kWh] price_oracle                      925.36 EUR  (   1.4 s)
  [Fluvius_PV_HP_EV 3 | Aktivni | 20 kWh] self_consumption                 1548.50 EUR  (   1.4 s)
  [Fluvius_PV_HP_EV 3 | Redni 1T | 5 kWh] milp_full_period                 1397.30 EUR  (  29.5 s)
  [Fluvius_PV_HP_EV 3 | Aktivni | 20 kWh] fixed_schedule                   1744.68 EUR  (   1.4 s)
  [Fluvius_PV_HP_EV 3 | Aktivni | 20 kWh] delayed_pv_charge                1568.48 EUR  (   1.4 s)
  [Fluvius_PV_HP_EV 3 | Redni 1T | 10 kWh] no_battery                       1502.35 EUR  (   1.4 s)
  [Fluvius_PV_HP_EV 1 | Redni 1T | 30 kWh] milp_full_period                  598.80 EUR  (  48.4 s)
[127/140] Fluvius_PV_HP_EV_user_001_redni1t.csv (40 rows)  (3678s elapsed)
  [Fluvius_PV_HP_EV 4 | Aktivni | 5 kWh] no_battery                       1733.15 EUR  (   1.4 s)
  [Fluvius_PV_HP_EV 3 | Aktivni | 20 kWh] price_threshold                  1528.19 EUR  (   1.4 s)
  [Fluvius_PV_HP_EV 3 | Redni 1T | 10 kWh] self_consumption                 1375.48 EUR  (   1.4 s)
  [Fluvius_PV_HP_EV 4 | Aktivni | 5 kWh] self_consumption                 1714.04 EUR  (   1.4 s)
  [Fluvius_PV_HP_EV 3 | Aktivni | 20 kWh] price_rank_daily                 1485.12 EUR  (   1.4 s)
  [Fluvius_PV_HP_EV 3 | Redni 1T | 10 kWh] fixed_schedule                   1475.56 EUR  (   1.4 s)
  [Fluvius_PV_HP_EV 4 | Aktivni | 5 kWh] fixed_schedule                   1779.03 EUR  (   1.4 s)
  [Fluvius_PV_HP_EV 3 | Aktivni | 20 kWh] peak_shaving                     1751.18 EUR  (   1.4 s)
  [Fluvius_PV_HP_EV 3 | Redni 1T | 10 kWh] delayed_pv_charge                1379.98 EUR  (   1.4 s)
  [Fluvius_PV_HP_EV 4 | Aktivni | 5 kWh] delayed_pv_charge                1715.12 EUR  (   1.4 s)
  [Fluvius_PV_HP_EV 4 | Redni 1T | 5 kWh] no_battery                       1555.69 EUR  (   1.4 s)
  [Fluvius_PV_HP_EV 3 | Aktivni | 20 kWh] self_consumption_peak_shaving    1562.97 EUR  (   1.4 s)
  [Fluvius_PV_HP_EV 3 | Redni 1T | 10 kWh] price_threshold                  1411.29 EUR  (   1.4 s)
  [Fluvius_PV_HP_EV 4 | Aktivni | 5 kWh] price_threshold                  1604.03 EUR  (   1.4 s)
  [Fluvius_PV_HP_EV 4 | Redni 1T | 5 kWh] self_consumption                 1526.59 EUR  (   1.4 s)
  [Fluvius_PV_HP_EV 3 | Aktivni | 20 kWh] price_oracle                     1527.17 EUR  (   1.4 s)
  [Fluvius_PV_HP_EV 3 | Redni 1T | 10 kWh] price_rank_daily                 1375.48 EUR  (   1.4 s)
  [Fluvius_PV_HP_EV 4 | Aktivni | 5 kWh] price_rank_daily                 1605.89 EUR  (   1.4 s)
  [Fluvius_PV_HP_EV 4 | Redni 1T | 5 kWh] fixed_schedule                   1560.91 EUR  (   1.4 s)
  [Fluvius_PV_HP_EV 3 | Redni 1T | 10 kWh] peak_shaving                     1484.61 EUR  (   1.4 s)
  [Fluvius_PV_HP_EV 4 | Aktivni | 5 kWh] peak_shaving                     1725.91 EUR  (   1.4 s)
  [Fluvius_PV_HP_EV 4 | Redni 1T | 5 kWh] delayed_pv_charge                1527.13 EUR  (   1.4 s)
  [Fluvius_PV_HP_EV 3 | Redni 1T | 10 kWh] self_consumption_peak_shaving    1390.89 EUR  (   1.4 s)
  [Fluvius_PV_HP_EV 4 | Aktivni | 5 kWh] self_consumption_peak_shaving    1710.08 EUR  (   1.4 s)
  [Fluvius_PV_HP_EV 4 | Redni 1T | 5 kWh] price_threshold                  1537.26 EUR  (   1.4 s)
  [Fluvius_PV_HP_EV 3 | Redni 1T | 10 kWh] price_oracle                     1411.72 EUR  (   1.4 s)
  [Fluvius_PV_HP_EV 4 | Aktivni | 5 kWh] price_oracle                     1603.87 EUR  (   1.4 s)
  [Fluvius_PV_HP_EV 4 | Redni 1T | 5 kWh] price_rank_daily                 1526.59 EUR  (   1.4 s)
  [Fluvius_PV_HP_EV 4 | Redni 1T | 5 kWh] peak_shaving                     1547.21 EUR  (   1.4 s)
  [Fluvius_PV_HP_EV 4 | Redni 1T | 5 kWh] self_consumption_peak_shaving    1528.13 EUR  (   1.4 s)
  [Fluvius_PV_HP_EV 4 | Redni 1T | 5 kWh] price_oracle                     1537.27 EUR  (   1.4 s)
  [Fluvius_PV_HP 5 | Dinamični | 20 kWh] milp_full_period                 -125.97 EUR  ( 121.0 s)
  [Fluvius_PV_HP 5 | Dinamični | 30 kWh] no_battery                        510.14 EUR  (   1.4 s)
  [Fluvius_PV_HP 5 | Dinamični | 30 kWh] self_consumption                  394.63 EUR  (   1.4 s)
  [Fluvius_PV_HP 5 | Dinamični | 30 kWh] fixed_schedule                    381.66 EUR  (   1.4 s)
  [Fluvius_PV_HP 5 | Dinamični | 30 kWh] delayed_pv_charge                 401.83 EUR  (   1.4 s)
  [Fluvius_PV_HP 5 | Dinamični | 30 kWh] price_threshold                   387.71 EUR  (   1.4 s)
  [Fluvius_PV_HP 5 | Dinamični | 30 kWh] price_rank_daily                  357.12 EUR  (   1.4 s)
  [Fluvius_PV_HP 5 | Dinamični | 30 kWh] peak_shaving                      494.92 EUR  (   1.4 s)
  [Fluvius_PV_HP 5 | Dinamični | 30 kWh] self_consumption_peak_shaving     401.59 EUR  (   1.4 s)
  [Fluvius_PV_HP 5 | Dinamični | 30 kWh] price_oracle                      376.49 EUR  (   1.4 s)
  [Fluvius_PV_HP_EV 4 | Dinamični | 5 kWh] milp_full_period                 1379.39 EUR  (  58.4 s)
  [Fluvius_PV_HP_EV 3 | Aktivni | 20 kWh] milp_full_period                 1175.78 EUR  (  30.4 s)
  [Fluvius_PV_HP_EV 2 | Redni 1T | 30 kWh] milp_full_period                  904.15 EUR  (  45.3 s)
[128/140] Fluvius_PV_HP_EV_user_002_redni1t.csv (40 rows)  (3715s elapsed)
  [Fluvius_PV_HP_EV 4 | Dinamični | 10 kWh] no_battery                       1589.04 EUR  (   1.4 s)
  [Fluvius_PV_HP_EV 3 | Aktivni | 30 kWh] no_battery                       1784.83 EUR  (   1.4 s)
  [Fluvius_PV_HP_EV 4 | Dinamični | 10 kWh] self_consumption                 1577.89 EUR  (   1.4 s)
  [Fluvius_PV_HP_EV 4 | Aktivni | 5 kWh] milp_full_period                 1550.78 EUR  (  28.5 s)
  [Fluvius_PV_HP_EV 3 | Aktivni | 30 kWh] self_consumption                 1529.50 EUR  (   1.4 s)
  [Fluvius_PV_HP_EV 4 | Dinamični | 10 kWh] fixed_schedule                   1539.72 EUR  (   1.4 s)
  [Fluvius_PV_HP_EV 3 | Aktivni | 30 kWh] fixed_schedule                   1747.10 EUR  (   1.4 s)
  [Fluvius_PV_HP_EV 4 | Aktivni | 10 kWh] no_battery                       1733.15 EUR  (   1.4 s)
  [Fluvius_PV_HP_EV 4 | Dinamični | 10 kWh] delayed_pv_charge                1578.65 EUR  (   1.4 s)
  [Fluvius_PV_HP_EV 5 | Dinamični | 5 kWh] no_battery                       1569.55 EUR  (   1.4 s)
  [Fluvius_PV_HP_EV 3 | Aktivni | 30 kWh] delayed_pv_charge                1547.57 EUR  (   1.4 s)
  [Fluvius_PV_HP_EV 4 | Aktivni | 10 kWh] self_consumption                 1715.04 EUR  (   1.4 s)
  [Fluvius_PV_HP_EV 4 | Dinamični | 10 kWh] price_threshold                  1503.31 EUR  (   1.4 s)
  [Fluvius_PV_HP_EV 5 | Dinamični | 5 kWh] self_consumption                 1448.03 EUR  (   1.4 s)
  [Fluvius_PV_HP_EV 3 | Redni 1T | 10 kWh] milp_full_period                 1364.75 EUR  (  33.6 s)
  [Fluvius_PV_HP_EV 3 | Aktivni | 30 kWh] price_threshold                  1482.34 EUR  (   1.4 s)
  [Fluvius_PV_HP_EV 4 | Aktivni | 10 kWh] fixed_schedule                   1851.27 EUR  (   1.4 s)
  [Fluvius_PV_HP_EV 4 | Dinamični | 10 kWh] price_rank_daily                 1455.31 EUR  (   1.4 s)
  [Fluvius_PV_HP_EV 5 | Dinamični | 5 kWh] fixed_schedule                   1441.11 EUR  (   1.4 s)
  [Fluvius_PV_HP_EV 3 | Aktivni | 30 kWh] price_rank_daily                 1467.52 EUR  (   1.4 s)
  [Fluvius_PV_HP_EV 4 | Aktivni | 10 kWh] delayed_pv_charge                1715.76 EUR  (   1.4 s)
  [Fluvius_PV_HP_EV 4 | Dinamični | 10 kWh] peak_shaving                     1578.83 EUR  (   1.4 s)
  [Fluvius_PV_HP_EV 5 | Dinamični | 5 kWh] delayed_pv_charge                1480.76 EUR  (   1.4 s)
  [Fluvius_PV_HP_EV 3 | Redni 1T | 20 kWh] no_battery                       1502.35 EUR  (   1.4 s)
  [Fluvius_PV_HP_EV 3 | Aktivni | 30 kWh] peak_shaving                     1739.75 EUR  (   1.4 s)
  [Fluvius_PV_HP_EV 4 | Aktivni | 10 kWh] price_threshold                  1511.56 EUR  (   1.4 s)
  [Fluvius_PV_HP_EV 4 | Dinamični | 10 kWh] self_consumption_peak_shaving    1571.00 EUR  (   1.4 s)
  [Fluvius_PV_HP_EV 3 | Redni 1T | 20 kWh] self_consumption                 1344.70 EUR  (   1.4 s)
  [Fluvius_PV_HP_EV 5 | Dinamični | 5 kWh] price_threshold                  1465.28 EUR  (   1.4 s)
  [Fluvius_PV_HP_EV 3 | Aktivni | 30 kWh] self_consumption_peak_shaving    1546.11 EUR  (   1.4 s)
  [Fluvius_PV_HP_EV 4 | Aktivni | 10 kWh] price_rank_daily                 1513.66 EUR  (   1.4 s)
  [Fluvius_PV_HP_EV 4 | Dinamični | 10 kWh] price_oracle                     1488.65 EUR  (   1.4 s)
  [Fluvius_PV_HP_EV 3 | Redni 1T | 20 kWh] fixed_schedule                   1489.38 EUR  (   1.4 s)
  [Fluvius_PV_HP_EV 5 | Dinamični | 5 kWh] price_rank_daily                 1420.78 EUR  (   1.4 s)
  [Fluvius_PV_HP_EV 3 | Aktivni | 30 kWh] price_oracle                     1480.99 EUR  (   1.4 s)
  [Fluvius_PV_HP_EV 4 | Aktivni | 10 kWh] peak_shaving                     1722.14 EUR  (   1.4 s)
  [Fluvius_PV_HP_EV 3 | Redni 1T | 20 kWh] delayed_pv_charge                1346.76 EUR  (   1.4 s)
  [Fluvius_PV_HP_EV 5 | Dinamični | 5 kWh] peak_shaving                     1550.81 EUR  (   1.4 s)
  [Fluvius_PV_HP_EV 4 | Redni 1T | 5 kWh] milp_full_period                 1519.53 EUR  (  35.6 s)
  [Fluvius_PV_HP_EV 4 | Aktivni | 10 kWh] self_consumption_peak_shaving    1712.06 EUR  (   1.4 s)
  [Fluvius_PV_HP_EV 3 | Redni 1T | 20 kWh] price_threshold                  1392.63 EUR  (   1.4 s)
  [Fluvius_PV_HP_EV 5 | Dinamični | 5 kWh] self_consumption_peak_shaving    1467.99 EUR  (   1.4 s)
  [Fluvius_PV_HP_EV 4 | Aktivni | 10 kWh] price_oracle                     1511.34 EUR  (   1.4 s)
  [Fluvius_PV_HP_EV 3 | Redni 1T | 20 kWh] price_rank_daily                 1344.70 EUR  (   1.4 s)
  [Fluvius_PV_HP_EV 5 | Dinamični | 5 kWh] price_oracle                     1459.35 EUR  (   1.4 s)
  [Fluvius_PV_HP_EV 4 | Redni 1T | 10 kWh] no_battery                       1555.69 EUR  (   1.4 s)
  [Fluvius_PV_HP_EV 3 | Redni 1T | 20 kWh] peak_shaving                     1479.10 EUR  (   1.4 s)
  [Fluvius_PV_HP_EV 4 | Redni 1T | 10 kWh] self_consumption                 1522.72 EUR  (   1.4 s)
  [Fluvius_PV_HP_EV 3 | Redni 1T | 20 kWh] self_consumption_peak_shaving    1357.41 EUR  (   1.4 s)
  [Fluvius_PV_HP_EV 4 | Redni 1T | 10 kWh] fixed_schedule                   1577.90 EUR  (   1.4 s)
  [Fluvius_PV_HP_EV 3 | Redni 1T | 20 kWh] price_oracle                     1394.04 EUR  (   1.4 s)
  [Fluvius_PV_HP_EV 4 | Redni 1T | 10 kWh] delayed_pv_charge                1522.87 EUR  (   1.4 s)
  [Fluvius_PV_HP_EV 3 | Dinamični | 10 kWh] milp_full_period                 1096.73 EUR  (  89.5 s)
  [Fluvius_PV_HP_EV 4 | Redni 1T | 10 kWh] price_threshold                  1534.22 EUR  (   1.4 s)
  [Fluvius_PV_HP_EV 4 | Redni 1T | 10 kWh] price_rank_daily                 1522.72 EUR  (   1.4 s)
  [Fluvius_PV_HP_EV 3 | Dinamični | 20 kWh] no_battery                       1510.06 EUR  (   1.4 s)
  [Fluvius_PV_HP_EV 4 | Redni 1T | 10 kWh] peak_shaving                     1543.35 EUR  (   1.4 s)
  [Fluvius_PV_HP_EV 3 | Dinamični | 20 kWh] self_consumption                 1365.77 EUR  (   1.4 s)
  [Fluvius_PV_HP_EV 4 | Redni 1T | 10 kWh] self_consumption_peak_shaving    1521.43 EUR  (   1.4 s)
  [Fluvius_PV_HP_EV 3 | Dinamični | 20 kWh] fixed_schedule                   1370.11 EUR  (   1.4 s)
  [Fluvius_PV_HP_EV 4 | Redni 1T | 10 kWh] price_oracle                     1534.33 EUR  (   1.4 s)
  [Fluvius_PV_HP_EV 3 | Dinamični | 20 kWh] delayed_pv_charge                1380.78 EUR  (   1.4 s)
  [Fluvius_PV_HP_EV 3 | Dinamični | 20 kWh] price_threshold                  1357.94 EUR  (   1.4 s)
  [Fluvius_PV_HP_EV 3 | Dinamični | 20 kWh] price_rank_daily                 1285.66 EUR  (   1.4 s)
  [Fluvius_PV_HP_EV 3 | Dinamični | 20 kWh] peak_shaving                     1487.08 EUR  (   1.5 s)
  [Fluvius_PV_HP_EV 3 | Dinamični | 20 kWh] self_consumption_peak_shaving    1370.88 EUR  (   1.4 s)
  [Fluvius_PV_HP_EV 3 | Dinamični | 20 kWh] price_oracle                     1342.15 EUR  (   1.5 s)
  [Fluvius_PV_HP_EV 3 | Aktivni | 30 kWh] milp_full_period                  997.31 EUR  (  30.0 s)
[129/140] Fluvius_PV_HP_EV_user_003_aktivni.csv (40 rows)  (3758s elapsed)
  [Fluvius_PV_HP_EV 4 | Aktivni | 10 kWh] milp_full_period                 1433.09 EUR  (  27.5 s)
  [Fluvius_PV_HP_EV 4 | Aktivni | 20 kWh] no_battery                       1733.15 EUR  (   1.4 s)
  [Fluvius_PV_HP_EV 4 | Aktivni | 20 kWh] self_consumption                 1713.66 EUR  (   1.4 s)
  [Fluvius_PV_HP_EV 5 | Aktivni | 5 kWh] no_battery                       1924.68 EUR  (   1.4 s)
  [Fluvius_PV_HP_EV 4 | Aktivni | 20 kWh] fixed_schedule                   1875.33 EUR  (   1.4 s)
  [Fluvius_PV_HP_EV 5 | Aktivni | 5 kWh] self_consumption                 1740.12 EUR  (   1.4 s)
  [Fluvius_PV_HP_EV 4 | Aktivni | 20 kWh] delayed_pv_charge                1714.33 EUR  (   1.4 s)
  [Fluvius_PV_HP_EV 5 | Aktivni | 5 kWh] fixed_schedule                   1830.85 EUR  (   1.4 s)
  [Fluvius_PV_HP_EV 4 | Aktivni | 20 kWh] price_threshold                  1436.26 EUR  (   1.4 s)
  [Fluvius_PV_HP_EV 5 | Aktivni | 5 kWh] delayed_pv_charge                1783.44 EUR  (   1.4 s)
  [Fluvius_PV_HP_EV 4 | Aktivni | 20 kWh] price_rank_daily                 1460.18 EUR  (   1.4 s)
  [Fluvius_PV_HP_EV 5 | Aktivni | 5 kWh] price_threshold                  1747.44 EUR  (   1.4 s)
  [Fluvius_PV_HP_EV 4 | Aktivni | 20 kWh] peak_shaving                     1721.24 EUR  (   1.4 s)
  [Fluvius_PV_HP_EV 5 | Aktivni | 5 kWh] price_rank_daily                 1708.72 EUR  (   1.4 s)
  [Fluvius_PV_HP_EV 4 | Aktivni | 20 kWh] self_consumption_peak_shaving    1712.39 EUR  (   1.4 s)
  [Fluvius_PV_HP_EV 5 | Aktivni | 5 kWh] peak_shaving                     1899.42 EUR  (   1.4 s)
  [Fluvius_PV_HP_EV 4 | Aktivni | 20 kWh] price_oracle                     1436.07 EUR  (   1.4 s)
  [Fluvius_PV_HP_EV 5 | Aktivni | 5 kWh] self_consumption_peak_shaving    1781.63 EUR  (   1.5 s)
  [Fluvius_PV_HP_EV 5 | Aktivni | 5 kWh] price_oracle                     1747.29 EUR  (   1.4 s)
  [Fluvius_PV_HP_EV 3 | Redni 1T | 20 kWh] milp_full_period                 1333.54 EUR  (  46.5 s)
  [Fluvius_PV_HP_EV 4 | Redni 1T | 10 kWh] milp_full_period                 1515.42 EUR  (  39.6 s)
  [Fluvius_PV_HP_EV 3 | Redni 1T | 30 kWh] no_battery                       1502.35 EUR  (   1.4 s)
  [Fluvius_PV_HP_EV 4 | Redni 1T | 20 kWh] no_battery                       1555.69 EUR  (   1.4 s)
  [Fluvius_PV_HP_EV 3 | Redni 1T | 30 kWh] self_consumption                 1327.46 EUR  (   1.4 s)
  [Fluvius_PV_HP_EV 4 | Redni 1T | 20 kWh] self_consumption                 1520.18 EUR  (   1.4 s)
  [Fluvius_PV_HP_EV 3 | Redni 1T | 30 kWh] fixed_schedule                   1497.10 EUR  (   1.4 s)
  [Fluvius_PV_HP_EV 4 | Redni 1T | 20 kWh] fixed_schedule                   1599.50 EUR  (   1.4 s)
  [Fluvius_PV_HP_EV 3 | Redni 1T | 30 kWh] delayed_pv_charge                1329.29 EUR  (   1.4 s)
  [Fluvius_PV_HP_EV 4 | Redni 1T | 20 kWh] delayed_pv_charge                1520.31 EUR  (   1.4 s)
  [Fluvius_PV_HP_EV 3 | Redni 1T | 30 kWh] price_threshold                  1383.16 EUR  (   1.4 s)
  [Fluvius_PV_HP_EV 4 | Redni 1T | 20 kWh] price_threshold                  1532.55 EUR  (   1.4 s)
  [Fluvius_PV_HP_EV 3 | Redni 1T | 30 kWh] price_rank_daily                 1327.46 EUR  (   1.4 s)
  [Fluvius_PV_HP_EV 4 | Redni 1T | 20 kWh] price_rank_daily                 1520.18 EUR  (   1.4 s)
  [Fluvius_PV_HP_EV 3 | Redni 1T | 30 kWh] peak_shaving                     1471.86 EUR  (   1.4 s)
  [Fluvius_PV_HP_EV 4 | Redni 1T | 20 kWh] peak_shaving                     1542.40 EUR  (   1.4 s)
  [Fluvius_PV_HP_EV 3 | Redni 1T | 30 kWh] self_consumption_peak_shaving    1341.16 EUR  (   1.4 s)
  [Fluvius_PV_HP_EV 4 | Redni 1T | 20 kWh] self_consumption_peak_shaving    1517.56 EUR  (   1.4 s)
  [Fluvius_PV_HP_EV 3 | Redni 1T | 30 kWh] price_oracle                     1383.98 EUR  (   1.4 s)
  [Fluvius_PV_HP_EV 4 | Redni 1T | 20 kWh] price_oracle                     1532.67 EUR  (   1.4 s)
  [Fluvius_PV_HP_EV 4 | Dinamični | 10 kWh] milp_full_period                 1229.42 EUR  (  69.3 s)
  [Fluvius_PV_HP_EV 4 | Dinamični | 20 kWh] no_battery                       1589.04 EUR  (   1.4 s)
  [Fluvius_PV_HP_EV 4 | Dinamični | 20 kWh] self_consumption                 1578.37 EUR  (   1.4 s)
  [Fluvius_PV_HP_EV 4 | Aktivni | 20 kWh] milp_full_period                 1250.92 EUR  (  28.4 s)
  [Fluvius_PV_HP_EV 4 | Dinamični | 20 kWh] fixed_schedule                   1469.66 EUR  (   1.4 s)
  [Fluvius_PV_HP_EV 4 | Aktivni | 30 kWh] no_battery                       1733.15 EUR  (   1.4 s)
  [Fluvius_PV_HP_EV 4 | Dinamični | 20 kWh] delayed_pv_charge                1579.13 EUR  (   1.4 s)
  [Fluvius_PV_HP_EV 5 | Aktivni | 5 kWh] milp_full_period                 1657.41 EUR  (  29.3 s)
  [Fluvius_PV_HP_EV 4 | Aktivni | 30 kWh] self_consumption                 1713.27 EUR  (   1.4 s)
  [Fluvius_PV_HP_EV 4 | Dinamični | 20 kWh] price_threshold                  1448.83 EUR  (   1.4 s)
  [Fluvius_PV_HP_EV 4 | Aktivni | 30 kWh] fixed_schedule                   1878.08 EUR  (   1.4 s)
  [Fluvius_PV_HP_EV 4 | Dinamični | 20 kWh] price_rank_daily                 1403.65 EUR  (   1.4 s)
  [Fluvius_PV_HP_EV 5 | Aktivni | 10 kWh] no_battery                       1924.68 EUR  (   1.4 s)
  [Fluvius_PV_HP_EV 4 | Aktivni | 30 kWh] delayed_pv_charge                1713.91 EUR  (   1.4 s)
  [Fluvius_PV_HP_EV 4 | Dinamični | 20 kWh] peak_shaving                     1577.53 EUR  (   1.4 s)
  [Fluvius_PV_HP_EV 5 | Aktivni | 10 kWh] self_consumption                 1706.88 EUR  (   1.4 s)
  [Fluvius_PV_HP_EV 4 | Aktivni | 30 kWh] price_threshold                  1407.35 EUR  (   1.4 s)
  [Fluvius_PV_HP_EV 4 | Dinamični | 20 kWh] self_consumption_peak_shaving    1573.08 EUR  (   1.4 s)
  [Fluvius_PV_HP_EV 5 | Aktivni | 10 kWh] fixed_schedule                   1861.13 EUR  (   1.4 s)
  [Fluvius_PV_HP_EV 4 | Aktivni | 30 kWh] price_rank_daily                 1426.99 EUR  (   1.4 s)
  [Fluvius_PV_HP_EV 4 | Dinamični | 20 kWh] price_oracle                     1424.53 EUR  (   1.4 s)
  [Fluvius_PV_HP_EV 5 | Aktivni | 10 kWh] delayed_pv_charge                1735.14 EUR  (   1.4 s)
  [Fluvius_PV_HP_EV 4 | Aktivni | 30 kWh] peak_shaving                     1720.36 EUR  (   1.4 s)
  [Fluvius_PV_HP_EV 5 | Aktivni | 10 kWh] price_threshold                  1655.91 EUR  (   1.4 s)
  [Fluvius_PV_HP_EV 4 | Aktivni | 30 kWh] self_consumption_peak_shaving    1712.25 EUR  (   1.4 s)
  [Fluvius_PV_HP_EV 5 | Aktivni | 10 kWh] price_rank_daily                 1610.76 EUR  (   1.4 s)
  [Fluvius_PV_HP_EV 4 | Aktivni | 30 kWh] price_oracle                     1407.06 EUR  (   1.4 s)
  [Fluvius_PV_HP_EV 5 | Aktivni | 10 kWh] peak_shaving                     1894.28 EUR  (   1.4 s)
  [Fluvius_PV_HP_EV 5 | Aktivni | 10 kWh] self_consumption_peak_shaving    1712.05 EUR  (   1.4 s)
  [Fluvius_PV_HP_EV 5 | Aktivni | 10 kWh] price_oracle                     1655.62 EUR  (   1.4 s)
  [Fluvius_PV_HP 5 | Dinamični | 30 kWh] milp_full_period                 -263.22 EUR  ( 112.8 s)
[130/140] Fluvius_PV_HP_user_005.csv (40 rows)  (3824s elapsed)
  [Fluvius_PV_HP_EV 5 | Dinamični | 5 kWh] milp_full_period                 1302.29 EUR  (  96.5 s)
  [Fluvius_PV_HP_EV 5 | Redni 1T | 5 kWh] no_battery                       1631.01 EUR  (   1.4 s)
  [Fluvius_PV_HP_EV 5 | Dinamični | 10 kWh] no_battery                       1569.55 EUR  (   1.4 s)
  [Fluvius_PV_HP_EV 5 | Redni 1T | 5 kWh] self_consumption                 1525.75 EUR  (   1.4 s)
  [Fluvius_PV_HP_EV 5 | Dinamični | 10 kWh] self_consumption                 1425.45 EUR  (   1.4 s)
  [Fluvius_PV_HP_EV 5 | Redni 1T | 5 kWh] fixed_schedule                   1569.55 EUR  (   1.4 s)
  [Fluvius_PV_HP_EV 5 | Dinamični | 10 kWh] fixed_schedule                   1416.12 EUR  (   1.4 s)
  [Fluvius_PV_HP_EV 5 | Redni 1T | 5 kWh] delayed_pv_charge                1535.15 EUR  (   1.4 s)
  [Fluvius_PV_HP_EV 5 | Dinamični | 10 kWh] delayed_pv_charge                1450.25 EUR  (   1.4 s)
  [Fluvius_PV_HP_EV 5 | Redni 1T | 5 kWh] price_threshold                  1559.90 EUR  (   1.4 s)
  [Fluvius_PV_HP_EV 1 | Dinamični | 20 kWh] milp_full_period                  139.65 EUR  ( 209.8 s)
  [Fluvius_PV_HP_EV 5 | Dinamični | 10 kWh] price_threshold                  1434.02 EUR  (   1.4 s)
  [Fluvius_PV_HP_EV 5 | Redni 1T | 5 kWh] price_rank_daily                 1525.75 EUR  (   1.4 s)
  [Fluvius_PV_HP_EV 5 | Dinamični | 10 kWh] price_rank_daily                 1364.88 EUR  (   1.4 s)
  [Fluvius_PV_HP_EV 5 | Redni 1T | 5 kWh] peak_shaving                     1613.74 EUR  (   1.4 s)
  [Fluvius_PV_HP_EV 1 | Dinamični | 30 kWh] no_battery                        744.26 EUR  (   1.4 s)
  [Fluvius_PV_HP_EV 5 | Dinamični | 10 kWh] peak_shaving                     1546.58 EUR  (   1.4 s)
  [Fluvius_PV_HP_EV 5 | Redni 1T | 5 kWh] self_consumption_peak_shaving    1547.09 EUR  (   1.4 s)
  [Fluvius_PV_HP_EV 1 | Dinamični | 30 kWh] self_consumption                  636.21 EUR  (   1.4 s)
  [Fluvius_PV_HP_EV 4 | Redni 1T | 20 kWh] milp_full_period                 1512.64 EUR  (  43.7 s)
  [Fluvius_PV_HP_EV 5 | Dinamični | 10 kWh] self_consumption_peak_shaving    1425.87 EUR  (   1.4 s)
  [Fluvius_PV_HP_EV 3 | Dinamični | 20 kWh] milp_full_period                  834.75 EUR  (  89.7 s)
  [Fluvius_PV_HP_EV 5 | Redni 1T | 5 kWh] price_oracle                     1560.59 EUR  (   1.4 s)
  [Fluvius_PV_HP_EV 1 | Dinamični | 30 kWh] fixed_schedule                    585.10 EUR  (   1.4 s)
  [Fluvius_PV_HP_EV 5 | Dinamični | 10 kWh] price_oracle                     1422.25 EUR  (   1.4 s)
  [Fluvius_PV_HP_EV 4 | Redni 1T | 30 kWh] no_battery                       1555.69 EUR  (   1.4 s)
  [Fluvius_PV_HP_EV 1 | Dinamični | 30 kWh] delayed_pv_charge                 655.33 EUR  (   1.4 s)
  [Fluvius_PV_HP_EV 3 | Dinamični | 30 kWh] no_battery                       1510.06 EUR  (   1.4 s)
  [Fluvius_PV_HP_EV 4 | Redni 1T | 30 kWh] self_consumption                 1518.52 EUR  (   1.4 s)
  [Fluvius_PV_HP_EV 1 | Dinamični | 30 kWh] price_threshold                   621.07 EUR  (   1.4 s)
  [Fluvius_PV_HP_EV 3 | Dinamični | 30 kWh] self_consumption                 1355.31 EUR  (   1.4 s)
  [Fluvius_PV_HP_EV 4 | Aktivni | 30 kWh] milp_full_period                 1089.02 EUR  (  29.9 s)
[131/140] Fluvius_PV_HP_EV_user_004_aktivni.csv (40 rows)  (3843s elapsed)
  [Fluvius_PV_HP_EV 4 | Redni 1T | 30 kWh] fixed_schedule                   1609.35 EUR  (   1.4 s)
  [Fluvius_PV_HP_EV 1 | Dinamični | 30 kWh] price_rank_daily                  582.57 EUR  (   1.4 s)
  [Fluvius_PV_HP_EV 3 | Dinamični | 30 kWh] fixed_schedule                   1350.00 EUR  (   1.4 s)
  [Fluvius_PV_HP_EV 4 | Redni 1T | 30 kWh] delayed_pv_charge                1518.60 EUR  (   1.4 s)
  [Fluvius_PV_HP_EV 1 | Dinamični | 30 kWh] peak_shaving                      725.78 EUR  (   1.4 s)
  [Fluvius_PV_HP_EV 3 | Dinamični | 30 kWh] delayed_pv_charge                1368.18 EUR  (   1.4 s)
  [Fluvius_PV_HP_EV 5 | Aktivni | 10 kWh] milp_full_period                 1521.57 EUR  (  28.9 s)
  [Fluvius_PV_HP_EV 4 | Redni 1T | 30 kWh] price_threshold                  1532.28 EUR  (   1.4 s)
  [Fluvius_PV_HP_EV 1 | Dinamični | 30 kWh] self_consumption_peak_shaving     633.35 EUR  (   1.4 s)
  [Fluvius_PV_HP_EV 3 | Dinamični | 30 kWh] price_threshold                  1326.98 EUR  (   1.4 s)
  [Fluvius_PV_HP_EV 5 | Aktivni | 20 kWh] no_battery                       1924.68 EUR  (   1.4 s)
  [Fluvius_PV_HP_EV 4 | Redni 1T | 30 kWh] price_rank_daily                 1518.52 EUR  (   1.4 s)
  [Fluvius_PV_HP_EV 1 | Dinamični | 30 kWh] price_oracle                      602.42 EUR  (   1.4 s)
  [Fluvius_PV_HP_EV 3 | Dinamični | 30 kWh] price_rank_daily                 1258.97 EUR  (   1.4 s)
  [Fluvius_PV_HP_EV 5 | Aktivni | 20 kWh] self_consumption                 1701.88 EUR  (   1.4 s)
  [Fluvius_PV_HP_EV 4 | Redni 1T | 30 kWh] peak_shaving                     1541.47 EUR  (   1.4 s)
  [Fluvius_PV_HP_EV 3 | Dinamični | 30 kWh] peak_shaving                     1484.82 EUR  (   1.4 s)
  [Fluvius_PV_HP_EV 5 | Aktivni | 20 kWh] fixed_schedule                   1875.49 EUR  (   1.4 s)
  [Fluvius_PV_HP_EV 4 | Redni 1T | 30 kWh] self_consumption_peak_shaving    1515.75 EUR  (   1.4 s)
  [Fluvius_PV_HP_EV 3 | Dinamični | 30 kWh] self_consumption_peak_shaving    1360.66 EUR  (   1.4 s)
  [Fluvius_PV_HP_EV 5 | Aktivni | 20 kWh] delayed_pv_charge                1723.46 EUR  (   1.4 s)
  [Fluvius_PV_HP_EV 4 | Redni 1T | 30 kWh] price_oracle                     1532.40 EUR  (   1.4 s)
  [Fluvius_PV_HP_EV 3 | Dinamični | 30 kWh] price_oracle                     1306.08 EUR  (   1.4 s)
  [Fluvius_PV_HP_EV 5 | Aktivni | 20 kWh] price_threshold                  1594.09 EUR  (   1.4 s)
  [Fluvius_PV_HP_EV 5 | Aktivni | 20 kWh] price_rank_daily                 1546.39 EUR  (   1.4 s)
  [Fluvius_PV_HP_EV 5 | Aktivni | 20 kWh] peak_shaving                     1894.99 EUR  (   1.4 s)
  [Fluvius_PV_HP_EV 5 | Aktivni | 20 kWh] self_consumption_peak_shaving    1702.51 EUR  (   1.4 s)
  [Fluvius_PV_HP_EV 3 | Redni 1T | 30 kWh] milp_full_period                 1315.95 EUR  (  63.0 s)
[132/140] Fluvius_PV_HP_EV_user_003_redni1t.csv (40 rows)  (3858s elapsed)
  [Fluvius_PV_HP_EV 5 | Aktivni | 20 kWh] price_oracle                     1593.70 EUR  (   1.4 s)
  [Fluvius_PV_HP_EV 5 | Redni 1T | 5 kWh] milp_full_period                 1514.75 EUR  (  29.0 s)
  [Fluvius_PV_HP_EV 5 | Redni 1T | 10 kWh] no_battery                       1631.01 EUR  (   1.4 s)
  [Fluvius_PV_HP_EV 5 | Redni 1T | 10 kWh] self_consumption                 1489.41 EUR  (   1.4 s)
  [Fluvius_PV_HP_EV 5 | Redni 1T | 10 kWh] fixed_schedule                   1579.15 EUR  (   1.4 s)
  [Fluvius_PV_HP_EV 5 | Redni 1T | 10 kWh] delayed_pv_charge                1493.90 EUR  (   1.4 s)
  [Fluvius_PV_HP_EV 5 | Redni 1T | 10 kWh] price_threshold                  1542.83 EUR  (   1.4 s)
  [Fluvius_PV_HP_EV 5 | Redni 1T | 10 kWh] price_rank_daily                 1489.41 EUR  (   1.4 s)
  [Fluvius_PV_HP_EV 5 | Redni 1T | 10 kWh] peak_shaving                     1609.17 EUR  (   1.4 s)
  [Fluvius_PV_HP_EV 5 | Redni 1T | 10 kWh] self_consumption_peak_shaving    1496.54 EUR  (   1.4 s)
  [Fluvius_PV_HP_EV 4 | Dinamični | 20 kWh] milp_full_period                  984.02 EUR  (  72.3 s)
  [Fluvius_PV_HP_EV 5 | Redni 1T | 10 kWh] price_oracle                     1543.83 EUR  (   1.4 s)
  [Fluvius_PV_HP_EV 2 | Dinamični | 20 kWh] milp_full_period                  386.47 EUR  ( 210.1 s)
  [Fluvius_PV_HP_EV 4 | Dinamični | 30 kWh] no_battery                       1589.04 EUR  (   1.4 s)
  [Fluvius_PV_HP_EV 4 | Dinamični | 30 kWh] self_consumption                 1579.49 EUR  (   1.4 s)
  [Fluvius_PV_HP_EV 2 | Dinamični | 30 kWh] no_battery                       1099.94 EUR  (   1.4 s)
  [Fluvius_PV_HP_EV 4 | Dinamični | 30 kWh] fixed_schedule                   1440.67 EUR  (   1.4 s)
  [Fluvius_PV_HP_EV 2 | Dinamični | 30 kWh] self_consumption                  921.32 EUR  (   1.4 s)
  [Fluvius_PV_HP_EV 2 | Dinamični | 30 kWh] fixed_schedule                    905.83 EUR  (   1.4 s)
  [Fluvius_PV_HP_EV 4 | Dinamični | 30 kWh] delayed_pv_charge                1580.36 EUR  (   1.4 s)
  [Fluvius_PV_HP_EV 2 | Dinamični | 30 kWh] delayed_pv_charge                 950.33 EUR  (   1.4 s)
  [Fluvius_PV_HP_EV 4 | Dinamični | 30 kWh] price_threshold                  1412.67 EUR  (   1.4 s)
  [Fluvius_PV_HP_EV 4 | Dinamični | 30 kWh] price_rank_daily                 1353.50 EUR  (   1.4 s)
  [Fluvius_PV_HP_EV 2 | Dinamični | 30 kWh] price_threshold                   920.07 EUR  (   1.4 s)
  [Fluvius_PV_HP_EV 2 | Dinamični | 30 kWh] price_rank_daily                  872.37 EUR  (   1.4 s)
  [Fluvius_PV_HP_EV 4 | Dinamični | 30 kWh] peak_shaving                     1576.54 EUR  (   1.4 s)
  [Fluvius_PV_HP_EV 5 | Aktivni | 20 kWh] milp_full_period                 1340.42 EUR  (  33.6 s)
  [Fluvius_PV_HP_EV 2 | Dinamični | 30 kWh] peak_shaving                     1070.77 EUR  (   1.4 s)
  [Fluvius_PV_HP_EV 4 | Dinamični | 30 kWh] self_consumption_peak_shaving    1573.49 EUR  (   1.4 s)
  [Fluvius_PV_HP_EV 5 | Aktivni | 30 kWh] no_battery                       1924.68 EUR  (   1.4 s)
  [Fluvius_PV_HP_EV 2 | Dinamični | 30 kWh] self_consumption_peak_shaving     917.22 EUR  (   1.4 s)
  [Fluvius_PV_HP_EV 4 | Dinamični | 30 kWh] price_oracle                     1382.44 EUR  (   1.4 s)
  [Fluvius_PV_HP_EV 5 | Aktivni | 30 kWh] self_consumption                 1699.03 EUR  (   1.4 s)
  [Fluvius_PV_HP_EV 2 | Dinamični | 30 kWh] price_oracle                      900.87 EUR  (   1.4 s)
  [Fluvius_PV_HP_EV 4 | Redni 1T | 30 kWh] milp_full_period                 1510.84 EUR  (  44.7 s)
[133/140] Fluvius_PV_HP_EV_user_004_redni1t.csv (40 rows)  (3897s elapsed)
  [Fluvius_PV_HP_EV 5 | Aktivni | 30 kWh] fixed_schedule                   1873.52 EUR  (   1.4 s)
  [Fluvius_PV_HP_EV 5 | Aktivni | 30 kWh] delayed_pv_charge                1718.73 EUR  (   1.4 s)
  [Fluvius_PV_HP_EV 5 | Aktivni | 30 kWh] price_threshold                  1544.65 EUR  (   1.4 s)
  [Fluvius_PV_HP_EV 5 | Aktivni | 30 kWh] price_rank_daily                 1531.32 EUR  (   1.4 s)
  [Fluvius_PV_HP_EV 5 | Aktivni | 30 kWh] peak_shaving                     1893.79 EUR  (   1.4 s)
  [Fluvius_PV_HP_EV 5 | Aktivni | 30 kWh] self_consumption_peak_shaving    1699.43 EUR  (   1.4 s)
  [Fluvius_PV_HP_EV 5 | Aktivni | 30 kWh] price_oracle                     1544.52 EUR  (   1.4 s)
  [Fluvius_PV_HP_EV 5 | Redni 1T | 10 kWh] milp_full_period                 1478.09 EUR  (  33.4 s)
  [Fluvius_PV_HP_EV 5 | Redni 1T | 20 kWh] no_battery                       1631.01 EUR  (   1.4 s)
  [Fluvius_PV_HP_EV 5 | Redni 1T | 20 kWh] self_consumption                 1473.34 EUR  (   1.4 s)
  [Fluvius_PV_HP_EV 5 | Redni 1T | 20 kWh] fixed_schedule                   1597.42 EUR  (   1.4 s)
  [Fluvius_PV_HP_EV 5 | Redni 1T | 20 kWh] delayed_pv_charge                1474.52 EUR  (   1.4 s)
  [Fluvius_PV_HP_EV 5 | Redni 1T | 20 kWh] price_threshold                  1531.33 EUR  (   1.4 s)
  [Fluvius_PV_HP_EV 5 | Redni 1T | 20 kWh] price_rank_daily                 1473.34 EUR  (   1.4 s)
  [Fluvius_PV_HP_EV 5 | Redni 1T | 20 kWh] peak_shaving                     1610.27 EUR  (   1.4 s)
  [Fluvius_PV_HP_EV 5 | Redni 1T | 20 kWh] self_consumption_peak_shaving    1474.62 EUR  (   1.4 s)
  [Fluvius_PV_HP_EV 5 | Redni 1T | 20 kWh] price_oracle                     1532.26 EUR  (   1.4 s)
  [Fluvius_PV_HP_EV 5 | Aktivni | 30 kWh] milp_full_period                 1170.45 EUR  (  31.7 s)
[134/140] Fluvius_PV_HP_EV_user_005_aktivni.csv (40 rows)  (3938s elapsed)
  [Fluvius_PV_HP_EV 5 | Dinamični | 10 kWh] milp_full_period                 1146.08 EUR  ( 113.6 s)
  [Fluvius_PV_HP_EV 1 | Dinamični | 30 kWh] milp_full_period                    0.17 EUR  ( 107.6 s)
[135/140] Fluvius_PV_HP_EV_user_001.csv (40 rows)  (3956s elapsed)
  [Fluvius_PV_HP_EV 5 | Dinamični | 20 kWh] no_battery                       1569.55 EUR  (   1.4 s)
  [Fluvius_PV_HP_EV 5 | Dinamični | 20 kWh] self_consumption                 1421.89 EUR  (   1.4 s)
  [Fluvius_PV_HP_EV 5 | Dinamični | 20 kWh] fixed_schedule                   1356.70 EUR  (   1.4 s)
  [Fluvius_PV_HP_EV 5 | Dinamični | 20 kWh] delayed_pv_charge                1442.53 EUR  (   1.4 s)
  [Fluvius_PV_HP_EV 5 | Dinamični | 20 kWh] price_threshold                  1390.65 EUR  (   1.4 s)
  [Fluvius_PV_HP_EV 5 | Dinamični | 20 kWh] price_rank_daily                 1317.08 EUR  (   1.4 s)
  [Fluvius_PV_HP_EV 5 | Dinamični | 20 kWh] peak_shaving                     1548.90 EUR  (   1.4 s)
  [Fluvius_PV_HP_EV 5 | Dinamični | 20 kWh] self_consumption_peak_shaving    1419.12 EUR  (   1.4 s)
  [Fluvius_PV_HP_EV 5 | Dinamični | 20 kWh] price_oracle                     1371.45 EUR  (   1.4 s)
  [Fluvius_PV_HP_EV 4 | Dinamični | 30 kWh] milp_full_period                  832.82 EUR  (  76.8 s)
[136/140] Fluvius_PV_HP_EV_user_004.csv (40 rows)  (3972s elapsed)
  [Fluvius_PV_HP_EV 5 | Redni 1T | 20 kWh] milp_full_period                 1461.94 EUR  (  45.2 s)
  [Fluvius_PV_HP_EV 5 | Redni 1T | 30 kWh] no_battery                       1631.01 EUR  (   1.4 s)
  [Fluvius_PV_HP_EV 5 | Redni 1T | 30 kWh] self_consumption                 1469.99 EUR  (   1.4 s)
  [Fluvius_PV_HP_EV 5 | Redni 1T | 30 kWh] fixed_schedule                   1605.38 EUR  (   1.4 s)
  [Fluvius_PV_HP_EV 5 | Redni 1T | 30 kWh] delayed_pv_charge                1470.51 EUR  (   1.4 s)
  [Fluvius_PV_HP_EV 5 | Redni 1T | 30 kWh] price_threshold                  1526.51 EUR  (   1.4 s)
  [Fluvius_PV_HP_EV 5 | Redni 1T | 30 kWh] price_rank_daily                 1469.99 EUR  (   1.4 s)
  [Fluvius_PV_HP_EV 5 | Redni 1T | 30 kWh] peak_shaving                     1609.26 EUR  (   1.4 s)
  [Fluvius_PV_HP_EV 5 | Redni 1T | 30 kWh] self_consumption_peak_shaving    1470.86 EUR  (   1.4 s)
  [Fluvius_PV_HP_EV 5 | Redni 1T | 30 kWh] price_oracle                     1526.63 EUR  (   1.4 s)
  [Fluvius_PV_HP_EV 5 | Redni 1T | 30 kWh] milp_full_period                 1458.42 EUR  (  43.3 s)
[137/140] Fluvius_PV_HP_EV_user_005_redni1t.csv (40 rows)  (4030s elapsed)
  [Fluvius_PV_HP_EV 3 | Dinamični | 30 kWh] milp_full_period                  666.12 EUR  ( 178.6 s)
[138/140] Fluvius_PV_HP_EV_user_003.csv (40 rows)  (4032s elapsed)
  [Fluvius_PV_HP_EV 5 | Dinamični | 20 kWh] milp_full_period                  893.07 EUR  ( 104.3 s)
  [Fluvius_PV_HP_EV 5 | Dinamični | 30 kWh] no_battery                       1569.55 EUR  (   1.3 s)
  [Fluvius_PV_HP_EV 5 | Dinamični | 30 kWh] self_consumption                 1420.08 EUR  (   1.3 s)
  [Fluvius_PV_HP_EV 5 | Dinamični | 30 kWh] fixed_schedule                   1332.27 EUR  (   1.3 s)
  [Fluvius_PV_HP_EV 2 | Dinamični | 30 kWh] milp_full_period                  229.01 EUR  ( 181.1 s)
[139/140] Fluvius_PV_HP_EV_user_002.csv (40 rows)  (4078s elapsed)
  [Fluvius_PV_HP_EV 5 | Dinamični | 30 kWh] delayed_pv_charge                1439.36 EUR  (   1.3 s)
  [Fluvius_PV_HP_EV 5 | Dinamični | 30 kWh] price_threshold                  1364.29 EUR  (   1.3 s)
  [Fluvius_PV_HP_EV 5 | Dinamični | 30 kWh] price_rank_daily                 1289.08 EUR  (   1.3 s)
  [Fluvius_PV_HP_EV 5 | Dinamični | 30 kWh] peak_shaving                     1548.06 EUR  (   1.3 s)
  [Fluvius_PV_HP_EV 5 | Dinamični | 30 kWh] self_consumption_peak_shaving    1417.47 EUR  (   1.3 s)
  [Fluvius_PV_HP_EV 5 | Dinamični | 30 kWh] price_oracle                     1337.79 EUR  (   1.3 s)
  [Fluvius_PV_HP_EV 5 | Dinamični | 30 kWh] milp_full_period                  730.34 EUR  (  86.4 s)
[140/140] Fluvius_PV_HP_EV_user_005.csv (40 rows)  (4171s elapsed)
