Timestamp,Price_SMP,Buy_Rate_USD_kWh,Sell_Rate_USD_kWh,Solar_Gen,Consumption,SoC_kWh,SoC_Planned,SoC_Deviation,Charge_kW,Discharge_kW,Buy_kW,Sell_kW,Step_Cost_USD,Reoptimized
2012-06-30 00:30:00+00:00,0.019557,0.0795683676425,0.020334879675,0.0,0.313,4.835263157894737,4.8352632,0.0,0.0,0.313,0.0,-0.0,0.0,1
2012-06-30 01:00:00+00:00,0.0191019,0.07904784587975,0.0198616780725,0.0,0.113,4.775789473684211,4.7757895,0.2521805578947367,0.0,0.113,0.0,-0.0,0.0,1
2012-06-30 01:30:00+00:00,0.0182901,0.07811934760025001,0.0190175887275,0.0,0.175,4.683684210526316,4.6836842,0.16058327368421033,0.0,0.175,0.0,-0.0,0.0,1
2012-06-30 02:00:00+00:00,0.01545495,0.074876637699875,0.01606967063625,0.0,0.15,4.683684210526316,4.6836842,1.052631581899277e-08,0.0,0.0,0.15,0.0,0.0056157478274906246,1
2012-06-30 02:30:00+00:00,0.0112791,0.07010049882275,0.011727726202499998,0.0,0.15,5.149999999276316,5.15,0.46631578947368446,0.98171745,0.0,1.13171745,0.0,0.03966697888570532,1
2012-06-30 03:00:00+00:00,0.0105534,0.0692704776335,0.010973161484999997,0.0,0.275,5.8624999992763165,5.8625,0.7125000007236837,1.5,0.0,1.775,0.0,0.06147754889973125,1
2012-06-30 03:30:00+00:00,0.01114995,0.069952783187375,0.01159343926125,0.0,0.288,6.574999999276317,6.575,0.7125000007236837,1.5,0.0,1.788,0.0,0.06253778816951325,1
2012-06-30 04:00:00+00:00,0.01064565,0.06937598880162502,0.011069080728749998,0.0,0.225,7.287499999276317,7.2875,0.7125000007236828,1.5,0.0,1.725,0.0,0.05983679034140158,1
2012-06-30 04:30:00+00:00,0.0095325,0.06810282070625,0.009911655187499998,0.0,0.213,7.9999999992763176,8.0,0.7125000007236828,1.5,0.0,1.713,0.0,0.05833006593490313,1
2012-06-30 05:00:00+00:00,0.0081918,0.29646939172950004,0.008517628845,0.0,0.288,7.848421051907897,7.8484211,0.20845959927631785,0.0,0.288,0.0,-0.0,0.0,1
2012-06-30 05:30:00+00:00,0.0119925,0.30081645185625006,0.012469501687499999,0.0,0.275,7.703684209802634,7.7036842,0.2079920519078966,0.0,0.275,0.0,-0.0,0.0,1
2012-06-30 06:00:00+00:00,0.01367145,0.3027367551161251,0.01421523192375,0.0,0.213,7.591578946644739,7.5915789,0.18724800980263367,0.0,0.213,0.0,-0.0,0.0,1
2012-06-30 06:30:00+00:00,0.01389285,0.302989981919625,0.01444543810875,0.0,0.513,7.321578946644738,7.3215789,0.15534654664473901,0.0,0.513,0.0,-0.0,0.0,1
2012-06-30 07:00:00+00:00,0.0148953,0.30413653661325,0.015487760557499999,0.0,1.388,6.591052630855264,6.5910526,0.11873404664473863,0.0,1.388,0.0,-0.0,0.0,1
2012-06-30 07:30:00+00:00,0.0171954,0.30676728173850004,0.017879347034999996,0.0,0.763,6.189473683486844,6.1894737,0.09466683085526473,0.0,0.763,0.0,-0.0,0.0,1
2012-06-30 08:00:00+00:00,0.018204,0.30792087051,0.0189280641,0.006,0.525,5.916315788750001,5.9163158,0.09395658348684321,0.0,0.519,0.0,-0.0,0.0,1
2012-06-30 08:30:00+00:00,0.0197415,0.30967938997875005,0.0205267181625,0.013,0.263,5.78473684138158,5.7847368,0.12094548875000122,0.0,0.25,0.0,-0.0,0.0,1
2012-06-30 09:00:00+00:00,0.0208485,0.31094552399625003,0.021677749087499996,0.019,0.225,5.676315788750001,5.6763158,0.1721304413815803,0.0,0.206,2.7755575615628914e-17,0.0,4.315236001809636e-18,1
2012-06-30 09:30:00+00:00,0.0212544,0.31140977313600005,0.022099793759999996,0.05,0.188,5.6036842098026325,5.6036842,0.23682198875000093,0.0,0.138,0.0,-0.0,0.0,1
2012-06-30 10:00:00+00:00,0.0207747,0.31086111506175,0.021601013692499997,0.288,0.2,5.645484209802633,5.6454842,0.2997902098026328,0.088,0.0,5.551115123125783e-17,0.0,8.628129185055123e-18,1
2012-06-30 10:30:00+00:00,0.0196431,0.30956684473275003,0.0204244043025,0.438,1.738,4.961273683486843,4.9612737,0.3452011098026331,0.0,1.3,0.0,-0.0,0.0,1
2012-06-30 11:00:00+00:00,0.0194463,0.12894175424075,0.020219776582499998,0.456,1.988,4.961273683486843,4.9612737,1.65131561757903e-08,0.0,0.0,1.532,0.0,0.0987693837484145,1
2012-06-30 11:30:00+00:00,0.02021505,0.129821013975125,0.02101910361375,0.469,2.05,4.961273683486843,4.9612737,1.65131561757903e-08,0.0,0.0,1.581,0.0,0.1026235115473363,1
2012-06-30 12:00:00+00:00,0.0196677,0.12919498104425,0.0204499827675,0.463,0.588,4.961273683486843,4.9612737,1.65131561757903e-08,0.0,0.0,0.12499999999999994,0.0,0.008074686315265622,1
2012-06-30 12:30:00+00:00,0.0190404,0.12847750510099998,0.019797731909999998,0.45,0.15,5.1037736834868435,5.1037737,1.65131561757903e-08,0.3,0.0,0.0,5.551115123125783e-17,-5.494974450459544e-19,1
2012-06-30 13:00:00+00:00,0.0184746,0.12783036993650002,0.019209427214999998,0.425,0.113,5.251973683486844,5.2519737,1.65131561757903e-08,0.312,0.0,0.0,-0.0,0.0,1
2012-06-30 13:30:00+00:00,0.01866525,0.128048426350625,0.01940766031875,0.394,0.2,5.344123683486844,5.3441237,1.65131561757903e-08,0.194,0.0,0.0,-0.0,0.0,1
2012-06-30 14:00:00+00:00,0.0198645,0.12942007153625001,0.0206546104875,0.206,0.15,5.370723683486844,5.3707237,1.65131561757903e-08,0.056,0.0,0.0,-0.0,0.0,1
2012-06-30 14:30:00+00:00,0.0195201,0.12902616317525,0.020296511977499997,0.069,0.113,5.370723683486844,5.3707237,1.65131561757903e-08,0.0,0.0,0.044,0.0,0.0028385755898555,1
2012-06-30 15:00:00+00:00,0.0200367,0.12961702571675,0.0208336597425,0.081,0.125,5.370723683486844,5.3707237,1.65131561757903e-08,0.0,0.0,0.044,0.0,0.0028515745657684997,1
2012-06-30 15:30:00+00:00,0.0200121,0.12958888940525,0.0208080812775,0.119,0.2,5.370723683486844,5.3707237,1.65131561757903e-08,0.0,0.0,0.08100000000000002,0.0,0.005248350020912626,1
2012-06-30 16:00:00+00:00,0.0202212,0.129828048053,0.021025498230000002,0.05,0.125,5.370723683486844,5.3707237,1.65131561757903e-08,0.0,0.0,0.075,0.0,0.0048685518019874995,1
2012-06-30 16:30:00+00:00,0.02293335,0.13293007639587498,0.02384552399625,0.031,0.113,5.370723683486844,5.3707237,1.65131561757903e-08,0.0,0.0,0.082,0.0,0.005450133132230874,1
2012-06-30 17:00:00+00:00,0.02726295,0.137882067219875,0.02834733383625,0.0,0.144,5.2949342098026335,5.2949342,0.2895785834868443,0.0,0.144,0.0,-0.0,0.0,1
2012-06-30 17:30:00+00:00,0.02936625,0.140287721853125,0.030534292593749998,0.0,0.2,5.189671051907896,5.1896711,0.31602310980263315,0.0,0.2,0.0,-0.0,0.0,1
2012-06-30 18:00:00+00:00,0.0328164,0.144233839541,0.03412167231,0.0,0.1,5.137039472960528,5.1370395,0.32104305190789617,0.0,0.1,0.0,-0.0,0.0,1
2012-06-30 18:30:00+00:00,0.0324105,0.14376959040124998,0.0336996276375,0.0,0.113,5.077565788750002,5.0775658,0.31203047296052855,0.0,0.113,0.0,-0.0,0.0,1
2012-06-30 19:00:00+00:00,0.0291879,0.14008373359475002,0.030348848722499995,0.0,0.163,4.991776315065792,4.9917763,0.30075268875000205,0.0,0.163,0.0,-0.0,0.0,1
2012-06-30 19:30:00+00:00,0.0254979,0.13586328686975,0.0265120789725,0.0,0.175,4.899671051907897,4.8996711,0.29879721506579227,0.0,0.175,0.0,-0.0,0.0,1
2012-06-30 20:00:00+00:00,0.0254241,0.13577887793525,0.0264353435775,0.0,0.113,4.840197367697371,4.8401974,0.31724495190789703,0.0,0.113,0.0,-0.0,0.0,1
2012-06-30 20:30:00+00:00,0.0259284,0.136355672321,0.02695970211,0.006,0.1,4.790723683486845,4.7907237,0.3588684676973708,0.0,0.094,0.0,-0.0,0.0,1
2012-06-30 21:00:00+00:00,0.0259284,0.136355672321,0.02695970211,0.0,0.175,4.69861842032895,4.6986184,0.41761548348684485,0.0,0.175,0.0,-0.0,0.0,1
2012-06-30 21:30:00+00:00,0.02373285,0.133844506519625,0.02467682410875,0.0,0.163,4.61282894664474,4.6128289,0.48298082032895007,0.0,0.163,0.0,-0.0,0.0,1
2012-06-30 22:00:00+00:00,0.0270354,0.13762180633850002,0.028110733035,0.0,0.113,4.553355262434214,4.5533553,0.53963974664474,0.0,0.113,0.0,-0.0,0.0,1
2012-06-30 22:30:00+00:00,0.0303318,0.1413920720795,0.031538247345,0.0,1.35,3.84282894664474,3.8428289,0.5721929624342139,0.0,1.35,0.0,-0.0,0.0,1
2012-06-30 23:00:00+00:00,0.02718915,0.137797658285375,0.028270598441249996,0.0,2.013,3.0533552624342137,3.0533553,0.5692916466447397,0.0,1.5,0.5129999999999999,0.0,0.03534509935019868,1
2012-06-30 23:30:00+00:00,0.02936625,0.140287721853125,0.030534292593749998,0.0,1.613,2.263881578223687,2.2638816,0.5257035624342139,0.0,1.5,0.11299999999999999,0.0,0.00792625628470156,1
2012-07-01 00:00:00+00:00,0.03199845,0.093798307183625,0.03327118834875,0.0,0.431,2.976381578223687,2.9763816,0.7125000217763127,1.5,0.0,1.931,0.0,0.09056226558578995,1
2012-07-01 00:30:00+00:00,0.0350796,0.09732238019900001,0.03647489109,0.0,0.25,2.976381578223687,2.9763816,2.1776312753019056e-08,0.0,0.0,0.25,0.0,0.012165297524875001,1
2012-07-01 01:00:00+00:00,0.03301935,0.09496596411087499,0.034332694646249995,0.0,0.3,3.012500000148687,3.0125,0.03611842177631308,0.076038783,0.0,0.376038783,0.0,0.017855442785337555,1
2012-07-01 01:30:00+00:00,0.0319431,0.09373500048275,0.0332136368025,0.0,0.25,3.725000000148687,3.725,0.7124999998513131,1.5,0.0,1.75,0.0,0.08201812542240626,1
2012-07-01 02:00:00+00:00,0.03205995,0.093868647962375,0.03333513451124999,0.0,0.238,4.437500000148686,4.4375,0.7124999998513131,1.5,0.0,1.738,0.0,0.08157185507930387,1
2012-07-01 02:30:00+00:00,0.0291756,0.09056966543900001,0.030336059489999997,0.0,0.213,5.150000000148687,5.15,0.712499999851314,1.5,0.0,1.713,0.0,0.07757291844850352,1
2012-07-01 03:00:00+00:00,0.02827155,0.089535655991375,0.029396050901249995,0.0,0.325,5.862500000148687,5.8625,0.7124999998513131,1.5,0.0,1.825,0.0,0.08170128609212969,1
2012-07-01 03:30:00+00:00,0.02577465,0.086679820374125,0.026799836703749996,0.0,0.225,6.5750000001486875,6.575,0.7124999998513131,1.5,0.0,1.725,0.0,0.07476134507268281,1
2012-07-01 04:00:00+00:00,0.0211683,0.08141129604575001,0.0220102691325,0.0,0.213,7.287500000148688,7.2875,0.7124999998513122,1.5,0.0,1.713,0.0,0.06972877506318488,1
2012-07-01 04:30:00+00:00,0.02878815,0.090126518532875,0.029933198666249994,0.0,0.263,8.0,8.0,0.7124999998513122,1.5,0.0,1.763,0.0,0.07944652608672931,1
2012-07-01 05:00:00+00:00,0.03078075,0.322305559764375,0.03200505433125,0.0,0.163,7.91421052631579,7.9142105,0.20081970000000027,0.0,0.163,0.0,-0.0,0.0,1
2012-07-01 05:30:00+00:00,0.03236745,0.32412035185612503,0.03365486532375,0.0,0.125,7.848421052631579,7.8484211,0.2008374263157897,0.0,0.125,0.0,-0.0,0.0,1
2012-07-01 06:00:00+00:00,0.03164175,0.323290330666875,0.03290030060625,0.0,0.1,7.795789473684211,7.7957895,0.1806075526315789,0.0,0.1,0.0,-0.0,0.0,1
2012-07-01 06:30:00+00:00,0.0311559,0.32273463851475004,0.0323951259225,0.0,0.163,7.710000000000001,7.71,0.14924767368421143,0.0,0.163,0.0,-0.0,0.0,1
2012-07-01 07:00:00+00:00,0.03225675,0.323993738454375,0.03353976223125,0.0,0.163,7.624210526315791,7.6242105,0.11324150000000088,0.0,0.163,0.0,-0.0,0.0,1
2012-07-01 07:30:00+00:00,0.0322875,0.3240289088437501,0.033571735312499996,0.0,0.088,7.577894736842106,7.5778947,0.0898263263157908,0.0,0.088,0.0,-0.0,0.0,1
2012-07-01 08:00:00+00:00,0.0338496,0.325815564624,0.03519596784,0.013,0.088,7.53842105263158,7.5384211,0.08980993684210592,0.0,0.075,0.0,-0.0,0.0,1
2012-07-01 08:30:00+00:00,0.033948,0.32592810987000004,0.035298281699999996,0.038,0.2,7.453157894736843,7.4531579,0.1175284526315794,0.0,0.162,0.0,-0.0,0.0,1
2012-07-01 09:00:00+00:00,0.03614355,0.328439275671375,0.03758115970125,0.056,0.113,7.423157894736843,7.4231579,0.16947069473684273,0.0,0.057,0.0,-0.0,0.0,1
2012-07-01 09:30:00+00:00,0.03720135,0.329649137065875,0.03868103369625,0.1,0.125,7.41,7.41,0.23493769473684267,0.0,0.025,0.0,6.938893903907228e-18,-1.342017944558696e-19,1
2012-07-01 10:00:00+00:00,0.037146,0.32958583036500005,0.03862348214999999,0.181,0.125,7.4366,7.4366,0.2986898,0.056,0.0,0.0,-0.0,0.0,1
2012-07-01 10:30:00+00:00,0.0373059,0.32976871638975,0.0387897421725,0.213,1.413,6.805021052631579,6.8050211,0.34488390000000013,0.0,1.2,0.0,-0.0,0.0,1
2012-07-01 11:00:00+00:00,0.0351903,0.14694899360074998,0.036589994182499995,0.425,1.838,6.805021052631579,6.8050211,4.736842118546747e-08,0.0,0.0,1.413,0.0,0.10381946397892987,1
2012-07-01 11:30:00+00:00,0.0360759,0.14796190081475,0.037510818922499994,0.381,1.813,6.805021052631579,6.8050211,4.736842118546747e-08,0.0,0.0,1.432,0.0,0.10594072098336099,1
2012-07-01 12:00:00+00:00,0.036285,0.1482010594625,0.037728235874999995,0.113,0.625,6.805021052631579,6.8050211,4.736842118546747e-08,0.0,0.0,0.512,0.0,0.037939471222400004,1
2012-07-01 12:30:00+00:00,0.0356577,0.14748358351925,0.0370759850175,0.238,0.175,6.8349460526315795,6.8349461,4.736842118546747e-08,0.063,0.0,0.0,-0.0,0.0,1
2012-07-01 13:00:00+00:00,0.0360882,0.14797596897049997,0.03752360815499999,0.413,0.1,6.983621052631579,6.9836211,4.736842029728905e-08,0.313,0.0,5.551115123125783e-17,0.0,4.10715819605667e-18,1
2012-07-01 13:30:00+00:00,0.03589755,0.14775791255637502,0.03732537505125,0.406,0.15,7.105221052631579,7.1052211,4.736842029728905e-08,0.256,0.0,0.0,-0.0,0.0,1
2012-07-01 14:00:00+00:00,0.0355224,0.147328833806,0.03693530346,0.356,0.263,7.149396052631579,7.1493961,0.004034752631579153,0.093,0.0,0.0,-0.0,0.0,1
2012-07-01 14:30:00+00:00,0.0350427,0.14678017573175,0.0364365233925,0.294,0.2,7.194046052631579,7.1940461,4.736842029728905e-08,0.094,0.0,5.551115123125783e-17,0.0,4.073968266397887e-18,1
2012-07-01 15:00:00+00:00,0.0361866,0.1480885142165,0.03762592201499999,0.244,0.25,7.1908881578947375,7.1908882,0.06272875263157918,0.0,0.006,5.204170427930421e-18,0.0,3.853389332008315e-19,1
2012-07-01 15:30:00+00:00,0.0343047,0.14593608638674999,0.035669169442499996,0.188,0.85,7.1908881578947375,7.1908882,4.2105262387792664e-08,0.0,0.0,0.6619999999999999,0.0,0.04830484459401424,1
2012-07-01 16:00:00+00:00,0.03511035,0.146857550588375,0.03650686417124999,0.038,0.2,7.105625000000001,7.105625,0.15243055789473736,0.0,0.162,0.0,-0.0,0.0,1
2012-07-01 16:30:00+00:00,0.0376134,0.1497204202835,0.039109472985,0.019,0.213,7.003519736842106,7.0035197,0.24899810000000056,0.0,0.194,0.0,-0.0,0.0,1
2012-07-01 17:00:00+00:00,0.04039935,0.152906857560875,0.042006234146249995,0.0,0.175,6.911414473684212,6.9114145,0.2980429368421067,0.0,0.175,0.0,-0.0,0.0,1
2012-07-01 17:30:00+00:00,0.04091595,0.153497720102375,0.04254338191124999,0.0,0.419,6.690888157894738,6.6908882,0.32507927368421186,0.0,0.419,0.0,-0.0,0.0,1
2012-07-01 18:00:00+00:00,0.04894785,0.16268422580712502,0.050894750733749994,0.0,0.3,6.532993421052633,6.5329934,0.3306866578947387,0.0,0.3,0.0,-0.0,0.0,1
2012-07-01 18:30:00+00:00,0.04686915,0.16030670748537498,0.04873337044124999,0.006,0.288,6.384572368421054,6.3845724,0.32225602105263285,0.0,0.282,0.0,-0.0,0.0,1
2012-07-01 19:00:00+00:00,0.0437142,0.1566982255355,0.045452932305,0.0,0.95,5.884572368421054,5.8845724,0.3115523684210544,0.0,0.95,0.0,-0.0,0.0,1
2012-07-01 19:30:00+00:00,0.0425457,0.15536175073925,0.04423795521749999,0.0,0.613,5.561940789473685,5.5619408,0.3101641684210543,0.0,0.613,0.0,-0.0,0.0,1
2012-07-01 20:00:00+00:00,0.04017795,0.152653630757375,0.04177602796124999,0.0,0.538,5.278782894736843,5.2787829,0.3291570894736857,0.0,0.538,0.0,-0.0,0.0,1
2012-07-01 20:30:00+00:00,0.03956295,0.151950222969875,0.04113656633625,0.0,0.575,4.976151315789475,4.9761513,0.3712994947368431,0.0,0.575,0.0,-0.0,0.0,1
2012-07-01 21:00:00+00:00,0.0385974,0.1508458727435,0.040132611585,0.0,0.663,4.6272039473684226,4.6272039,0.4305420157894755,0.0,0.663,0.0,-0.0,0.0,1
2012-07-01 21:30:00+00:00,0.03905865,0.151373428584125,0.04061220780375,0.0,0.688,4.265098684210528,4.2650987,0.49637054736842234,0.0,0.688,0.0,-0.0,0.0,1
2012-07-01 22:00:00+00:00,0.0388311,0.15111316770275,0.040375607002499994,0.0,0.7,3.8966776315789495,3.8966776,0.5534574842105284,0.0,0.7,0.0,-0.0,0.0,1
2012-07-01 22:30:00+00:00,0.0409467,0.15353289049175,0.0425753549925,0.0,1.675,3.107203947368423,3.1072039,0.5864021315789496,0.0,1.5,0.17500000000000004,0.0,0.01343412791802813,1
2012-07-01 23:00:00+00:00,0.0375396,0.14963601134899998,0.03903273759,0.0,2.088,2.3177302631578964,2.3177303,0.5838557473684229,0.0,1.5,0.5880000000000001,0.0,0.043992987336606,1
2012-07-01 23:30:00+00:00,0.03880035,0.15107799731337498,0.04034363392125,0.0,2.088,1.52825657894737,1.5282566,0.5405934631578964,0.0,1.5,0.5880000000000001,0.0,0.04441693121013225,1
2012-07-02 00:00:00+00:00,0.037515,0.10010787503749999,0.039007159124999996,0.0,0.775,1.5874999991973702,1.5875,0.05924342105262981,0.12472299,0.0,0.89972299,0.0,0.045034678325642924,1
2012-07-02 00:30:00+00:00,0.03439695,0.096541597554875,0.03576508868625,0.0,0.2,2.29999999919737,2.3,0.7125000008026297,1.5,0.0,1.7,0.0,0.08206035792164375,1
2012-07-02 01:00:00+00:00,0.03362205,0.09565530374262503,0.03495936703875,0.0,0.113,3.0124999991973698,3.0125,0.7125000008026303,1.5,0.0,1.613,0.0,0.07714600246842708,1
2012-07-02 01:30:00+00:00,0.03406485,0.09616175734962502,0.03541977940875,0.0,0.125,3.7249999991973697,3.725,0.7125000008026303,1.5,0.0,1.625,0.0,0.07813142784657033,1
2012-07-02 02:00:00+00:00,0.0337266,0.09577488306650002,0.035068075515,0.0,0.175,4.437499999197369,4.4375,0.7125000008026303,1.5,0.0,1.675,0.0,0.08021146456819377,1
2012-07-02 02:30:00+00:00,0.03308085,0.09503630488962501,0.03439664080875,0.0,0.113,5.1499999991973695,5.15,0.7125000008026312,1.5,0.0,1.613,0.0,0.07664677989348258,1
2012-07-02 03:00:00+00:00,0.0331239,0.09508554343475002,0.0344414031225,0.0,0.1,5.86249999919737,5.8625,0.7125000008026303,1.5,0.0,1.6,0.0,0.07606843474780002,1
2012-07-02 03:30:00+00:00,0.0331485,0.09511367974625,0.034466981587499994,0.0,0.188,6.57499999919737,6.575,0.7125000008026303,1.5,0.0,1.688,0.0,0.080275945705835,1
2012-07-02 04:00:00+00:00,0.03313005,0.09509257751262501,0.034447797738749994,0.0,0.138,7.287499999197371,7.2875,0.7125000008026294,1.5,0.0,1.638,0.0,0.07788082098283988,1
2012-07-02 04:30:00+00:00,0.0331485,0.09511367974625,0.034466981587499994,0.0,0.1,7.999999999197371,8.0,0.7125000008026294,1.5,0.0,1.6,0.0,0.076090943797,1
2012-07-02 05:00:00+00:00,0.03326535,0.325147327225875,0.034588479296249995,0.0,0.138,7.927368420250002,7.9273684,0.21681889919737074,0.0,0.138,0.0,-0.0,0.0,1
2012-07-02 05:30:00+00:00,0.0354117,0.32760222040425,0.03682020036749999,0.0,0.194,7.825263157092108,7.8252632,0.21670542025000206,0.0,0.194,0.0,-0.0,0.0,1
2012-07-02 06:00:00+00:00,0.03721365,0.32966320522162507,0.03869382292875,0.0,0.1,7.77263157814474,7.7726316,0.19630625709210747,0.0,0.1,0.0,-0.0,0.0,1
2012-07-02 06:30:00+00:00,0.04154325,0.334615196045625,0.04319563276874999,0.0,0.125,7.706842104460529,7.7068421,0.16473967814473944,0.0,0.125,0.0,-0.0,0.0,1
2012-07-02 07:00:00+00:00,0.04940295,0.3436047475698751,0.051367952336249995,0.0,0.513,7.4368421044605295,7.4368421,0.12852930446052913,0.0,0.513,0.0,-0.0,0.0,1
2012-07-02 07:30:00+00:00,0.04357275,0.33693644174437504,0.04530585613125,0.0,0.375,7.239473683407898,7.2394737,0.10489540446052992,0.0,0.375,0.0,-0.0,0.0,1
2012-07-02 08:00:00+00:00,0.05431065,0.34921794171412507,0.056470856103749995,0.006,0.088,7.196315788671056,7.1963158,0.10464468340789779,0.0,0.082,0.0,1.3877787807814457e-17,-3.9184527916673314e-19,1
2012-07-02 08:30:00+00:00,0.0599625,0.35568225928125,0.0623475084375,0.013,0.15,7.124210525513161,7.1242105,0.13211018867105562,0.0,0.137,0.0,2.7755575615628914e-17,-8.652454924415464e-19,1
2012-07-02 09:00:00+00:00,0.05511015,0.35013237183787504,0.05730215621625,0.013,0.175,7.038947367618424,7.0389474,0.18377512551316055,0.0,0.162,0.0,2.7755575615628914e-17,-7.952271648993536e-19,1
2012-07-02 09:30:00+00:00,0.0512418,0.3457079368545001,0.05327994259499999,0.056,0.1,7.015789472881582,7.0157895,0.2489344676184242,0.0,0.044,6.938893903907228e-18,0.0,1.1994153477860178e-18,1
2012-07-02 10:00:00+00:00,0.0551163,0.35013940591575,0.05730855083249999,0.306,0.113,7.107464472881582,7.1074645,0.3123420728815818,0.193,0.0,0.0,-0.0,0.0,1
2012-07-02 10:30:00+00:00,0.0485481,0.34262701074525004,0.05047910067749999,0.444,2.25,6.317990788671056,6.3179908,0.3581489728815823,0.0,1.5,0.30600000000000005,0.0,0.05242193264402326,1
2012-07-02 11:00:00+00:00,0.04616805,0.15950482260762502,0.04800438418875,0.463,3.913,6.317990788671056,6.3179908,1.132894400512896e-08,0.0,0.0,3.4499999999999997,0.0,0.27514581899815316,1
2012-07-02 11:30:00+00:00,0.05245335,0.16669365019587498,0.05453968199625,0.494,1.925,6.317990788671056,6.3179908,1.132894400512896e-08,0.0,0.0,1.431,0.0,0.11926930671514856,1
2012-07-02 12:00:00+00:00,0.0549687,0.16957058804675,0.057155080042499994,0.394,1.225,6.317990788671056,6.3179908,1.132894400512896e-08,0.0,0.0,0.8310000000000001,0.0,0.07045657933342463,1
2012-07-02 12:30:00+00:00,-0.0364572,0.065001986357,-0.03790728513,0.381,0.338,7.030490788671056,7.0304908,0.7125000113289444,1.5,0.0,1.457,0.0,0.0473539470610745,1
2012-07-02 13:00:00+00:00,0.04337595,0.15631135125237502,0.04510122841125,0.356,0.088,7.237310343921056,7.2373103,0.20681951132894394,0.43540959,0.0,0.16740959,0.0,0.013084009612753045,1
2012-07-02 13:30:00+00:00,0.05314215,0.167481466917875,0.055255879016249995,0.25,0.113,7.302385343921056,7.3023853,4.392105612538444e-08,0.137,0.0,0.0,-0.0,0.0,1
2012-07-02 14:00:00+00:00,0.04459365,0.157704098671625,0.046367362428749996,0.25,0.188,7.331835343921056,7.3318353,4.392105612538444e-08,0.062,0.0,0.0,-0.0,0.0,1
2012-07-02 14:30:00+00:00,0.0519921,0.16616609435525,0.054060085777499996,0.194,0.138,7.358435343921056,7.3584353,4.392105612538444e-08,0.056,0.0,0.0,-0.0,0.0,1
2012-07-02 15:00:00+00:00,0.0559281,0.17066790419525002,0.0581526401775,0.081,0.15,7.358435343921056,7.3584353,4.392105612538444e-08,0.0,0.0,0.06899999999999999,0.0,0.005888042694736125,1
2012-07-02 15:30:00+00:00,0.0566907,0.17154012985175,0.05894557259249999,0.138,0.225,7.312645870236846,7.3126459,0.12112504392105627,0.0,0.087,0.0,-0.0,0.0,1
2012-07-02 16:00:00+00:00,0.0589047,0.17407239788675,0.0612476344425,0.031,0.35,7.144751133394741,7.1447511,0.19096387023684613,0.0,0.319,0.0,5.551115123125783e-17,-1.6999633490472065e-18,1
2012-07-02 16:30:00+00:00,0.06386775,0.179748898731875,0.06640808975625,0.044,0.7,6.799487975500004,6.799488,0.2545022333947413,0.0,0.656,0.0,1.1102230246251565e-16,-3.686389513438137e-18,1
2012-07-02 17:00:00+00:00,0.06529455,0.181380804798875,0.06789164072625001,0.0,0.575,6.496856396552636,6.4968564,0.30277757550000395,0.0,0.575,0.0,-0.0,0.0,1
2012-07-02 17:30:00+00:00,0.10175175,0.223078818441875,0.10579892585624999,0.0,1.0,5.970540607078952,5.9705406,0.3290526965526359,0.0,1.0,0.0,-0.0,0.0,1
2012-07-02 18:00:00+00:00,0.1472556,0.275123960639,0.15311269148999998,0.0,1.913,5.181066922868426,5.1810669,0.33391160707895207,0.0,1.5,0.41300000000000003,0.0,0.05681309787195351,1
2012-07-02 18:30:00+00:00,0.14934045,0.27750851303862506,0.15528046639874998,0.0,0.525,4.904751133394742,4.9047511,0.3247484228684252,0.0,0.525,0.0,-0.0,0.0,1
2012-07-02 19:00:00+00:00,0.14467875,0.272176682009375,0.15043334728125,0.0,0.55,4.615277449184215,4.6152774,0.31332933339474156,0.0,0.55,0.0,-0.0,0.0,1
2012-07-02 19:30:00+00:00,0.08417505,0.202975423875125,0.08752311261375,0.0,0.438,4.384751133394741,4.3847511,0.31124754918421527,0.0,0.438,0.0,-0.0,0.0,1
2012-07-02 20:00:00+00:00,0.07554045,0.193099578538625,0.07854507139874999,0.0,0.738,3.9963300807631623,3.9963301,0.32955733339474147,0.0,0.738,0.0,-0.0,0.0,1
2012-07-02 20:30:00+00:00,0.13397775,0.259937386506875,0.13930671500624997,0.0,0.563,3.7000142912894782,3.7000143,0.37102628076316213,0.0,0.563,0.0,-0.0,0.0,1
2012-07-02 21:00:00+00:00,0.07683195,0.19457673489237498,0.07988794081124999,0.0,0.688,3.3379090281315835,3.337909,0.4296114912894784,0.0,0.688,0.0,-0.0,0.0,1
2012-07-02 21:30:00+00:00,0.0691629,0.18580523978225,0.0719138543475,0.0,0.55,3.251788596552636,3.2517886,0.08612042813158372,0.0,0.16362882,0.38637118000000004,0.0,0.03589489487242544,1
2012-07-02 22:00:00+00:00,0.06993165,0.186684499516625,0.07271318137874999,0.0,0.338,3.0738938597105308,3.0738939,0.551244496552636,0.0,0.338,0.0,-0.0,0.0,1
2012-07-02 22:30:00+00:00,0.13854105,0.26515667229012496,0.14405152026374998,0.0,1.538,2.2844201755000046,2.2844202,0.5835657597105306,0.0,1.5,0.038000000000000034,0.0,0.005037976773512379,1
2012-07-02 23:00:00+00:00,0.0775515,0.19539972200375,0.08063611091249999,0.0,1.95,1.4949464912894783,1.4949465,0.5804114755000047,0.0,1.5,0.44999999999999996,0.0,0.04396493745084375,1
2012-07-02 23:30:00+00:00,0.06964875,0.18636093193437497,0.07241902903124998,0.0,1.775,1.0000000018157942,1.0,0.4949464912894783,0.0,0.94039833,0.83460167,0.0,0.07776857250759284,1
2012-07-03 00:00:00+00:00,0.05408925,0.119064714910625,0.056240649918749996,0.0,1.5,1.712500001815794,1.7125,0.7124999981842057,1.5,0.0,3.0,0.0,0.1785970723659375,1
2012-07-03 00:30:00+00:00,0.05709045,0.12249734491362502,0.059361222648749996,0.0,0.213,2.425000001815794,2.425,0.7124999981842057,1.5,0.0,1.713,0.0,0.10491897591851983,1
2012-07-03 01:00:00+00:00,0.06643845,0.133189143283625,0.06908103934874998,0.006,0.125,3.012499999315794,3.0125,0.5874999981842062,1.2368421,0.0,1.3558421,0.0,0.09029172386343551,1
2012-07-03 01:30:00+00:00,0.06637695,0.133118802504875,0.06901709318625,0.0,0.088,3.724999999315794,3.725,0.7125000006842059,1.5,0.0,1.588,0.0,0.10569632918887076,1
2012-07-03 02:00:00+00:00,0.06015315,0.126000315695375,0.06254574154124999,0.0,0.213,4.4374999993157935,4.4375,0.7125000006842059,1.5,0.0,1.713,0.0,0.1079192703930887,1
2012-07-03 02:30:00+00:00,0.0517461,0.11638473124025,0.0538043011275,0.0,0.175,5.149999999315794,5.15,0.7125000006842068,1.5,0.0,1.675,0.0,0.09747221241370939,1
2012-07-03 03:00:00+00:00,0.04996875,0.11435188273437501,0.051956257031249994,0.0,0.088,5.862499999315794,5.8625,0.7125000006842059,1.5,0.0,1.588,0.0,0.09079539489109376,1
2012-07-03 03:30:00+00:00,0.0471213,0.11109510467825,0.048995549707499995,0.0,0.106,6.574999999315795,6.575,0.7125000006842059,1.5,0.0,1.606,0.0,0.08920936905663475,1
2012-07-03 04:00:00+00:00,0.0444522,0.10804231488049999,0.04622028625499999,0.0,0.188,7.287499999315795,7.2875,0.712500000684205,1.5,0.0,1.688,0.0,0.09118771375914199,1
2012-07-03 04:30:00+00:00,0.03800085,0.10066356718962502,0.03951233380875,0.0,0.1,7.999999999315795,8.0,0.712500000684205,1.5,0.0,1.6,0.0,0.08053085375170002,1
2012-07-03 05:00:00+00:00,0.0400857,0.33294811958925,0.0416801087175,0.0,0.088,7.953684209842111,7.9536842,0.20811199931579516,0.0,0.088,0.0,-0.0,0.0,1
2012-07-03 05:30:00+00:00,0.04244115,0.33564217141537506,0.044129246741249996,0.0,0.163,7.867894736157901,7.8678947,0.207757609842111,0.0,0.163,0.0,-0.0,0.0,1
2012-07-03 06:00:00+00:00,0.0469614,0.34081221865350003,0.04882928968499999,0.0,0.138,7.795263157210532,7.7952632,0.18715163615790065,0.0,0.138,0.0,-0.0,0.0,1
2012-07-03 06:30:00+00:00,0.05444595,0.34937269142737504,0.056611537661249996,0.0,0.113,7.735789473000006,7.7357895,0.15541255721053204,0.0,0.113,0.0,-0.0,0.0,1
2012-07-03 07:00:00+00:00,0.05514705,0.35017457630512505,0.057340523913750004,0.0,0.513,7.465789473000006,7.4657895,0.11910337300000595,0.0,0.513,0.0,-0.0,0.0,1
2012-07-03 07:30:00+00:00,0.04983345,0.34409713302112505,0.05181557547374999,0.0,0.875,7.005263157210533,7.0052632,0.09542717300000625,0.0,0.875,0.0,-0.0,0.0,1
2012-07-03 08:00:00+00:00,0.05495025,0.349949485813125,0.057135896193749994,0.006,0.538,6.725263157210533,6.7252632,0.09518835721053254,0.0,0.532,0.0,-0.0,0.0,1
2012-07-03 08:30:00+00:00,0.0611556,0.357046870389,0.06358806399,0.013,0.6,6.41631578878948,6.4163158,0.12271565721053257,0.0,0.587,0.0,-0.0,0.0,1
2012-07-03 09:00:00+00:00,0.0548211,0.34980177017775,0.05700160925249999,0.019,0.163,6.3405263151052695,6.3405263,0.17448588878948001,0.0,0.144,2.7755575615628914e-17,0.0,4.8544747413246935e-18,1
2012-07-03 09:30:00+00:00,0.05316675,0.3479096032293751,0.05528145748125,0.05,0.088,6.32052631510527,6.3205263,0.23978611510526981,0.0,0.038,0.0,6.938893903907228e-18,-1.9179608415787613e-19,1
2012-07-03 10:00:00+00:00,0.05043,0.34477943857500004,0.05243585325,0.306,0.338,6.303684209842112,6.3036842,0.30336191510526955,0.0,0.032,2.7755575615628914e-17,0.0,4.784775889041249e-18,1
2012-07-03 10:30:00+00:00,0.04451985,0.338019689737125,0.04629062703375,0.438,1.4,5.797368420368428,5.7973684,0.3493569098421121,0.0,0.962,0.0,-0.0,0.0,1
2012-07-03 11:00:00+00:00,0.044772,0.15790808693000002,0.0465528063,0.469,1.813,5.0908934203684275,5.0908934,0.3654968203684277,0.0,1.3423025,0.0016974999999999074,0.0,0.0001340244887818302,1
2012-07-03 11:30:00+00:00,0.0444522,0.1575423148805,0.04622028625499999,0.475,1.888,5.090893394262655,5.0908934,2.036842783326165e-08,0.0,4.9600968e-08,1.4129999503990318,0.0,0.11130364155594757,1
2012-07-03 12:00:00+00:00,0.04022715,0.152709903380375,0.04182718489125,0.45,0.675,5.090893394262655,5.0908934,5.737344821454826e-09,0.0,0.0,0.22500000000000003,0.0,0.01717986413029219,1
2012-07-03 12:30:00+00:00,0.03839445,0.150613748173625,0.03992158924874999,0.281,0.225,5.117493394262655,5.1174934,5.737344821454826e-09,0.056,0.0,0.0,-0.0,0.0,1
2012-07-03 13:00:00+00:00,0.03786555,0.15000881747637498,0.03937165225124999,0.419,0.913,5.117493394262655,5.1174934,5.737344821454826e-09,0.0,0.0,0.49400000000000005,0.0,0.037052177916664625,1
2012-07-03 13:30:00+00:00,0.0387204,0.150986554301,0.040260503909999995,0.419,0.175,5.233393394262655,5.2333934,5.737344821454826e-09,0.244,0.0,0.0,-0.0,0.0,1
2012-07-03 14:00:00+00:00,0.0381669,0.15035348729225,0.03968498844749999,0.325,0.1,5.3402683942626545,5.3402684,5.737344821454826e-09,0.225,0.0,0.0,-0.0,0.0,1
2012-07-03 14:30:00+00:00,0.03929235,0.151640723543375,0.04085520322124999,0.325,0.088,5.452843394262654,5.4528434,5.737345709633246e-09,0.237,0.0,0.0,5.551115123125783e-17,-1.13395968229929e-18,1
2012-07-03 15:00:00+00:00,0.0391386,0.1514648715965,0.040695337815,0.15,0.2,5.452843394262654,5.4528434,5.737345709633246e-09,0.0,0.0,0.05000000000000002,0.0,0.003786621789912501,1
2012-07-03 15:30:00+00:00,0.0386712,0.15093028167800002,0.040209346980000005,0.169,0.125,5.473743394262654,5.4737434,5.737345709633246e-09,0.044,0.0,0.0,2.7755575615628914e-17,-5.580167852792251e-19,1
2012-07-03 16:00:00+00:00,0.04126035,0.153891628463375,0.04290148042125,0.044,0.2,5.473743394262654,5.4737434,5.737345709633246e-09,0.0,0.0,0.15600000000000003,0.0,0.012003547020143253,1
2012-07-03 16:30:00+00:00,0.04187535,0.15459503625087498,0.043540942046249996,0.038,0.7,5.473743394262654,5.4737434,5.737345709633246e-09,0.0,0.0,0.6619999999999999,0.0,0.05117095699903961,1
2012-07-03 17:00:00+00:00,0.0499134,0.1637885760335,0.051898705484999995,0.006,0.25,5.345322341631076,5.3453223,0.2974324942626545,0.0,0.244,0.0,-0.0,0.0,1
2012-07-03 17:30:00+00:00,0.0535419,0.16793868197975,0.0556715290725,0.006,0.588,5.0390065521573915,5.0390066,0.32410344163107574,0.0,0.582,0.0,-0.0,0.0,1
2012-07-03 18:00:00+00:00,0.06712725,0.18347696000562497,0.06979723636874999,0.0,0.613,4.716374973210023,4.716375,0.3293865521573913,0.0,0.613,0.0,-0.0,0.0,1
2012-07-03 18:30:00+00:00,0.0740583,0.19140436577075,0.0770039688825,0.0,0.363,4.5253223416310755,4.5253223,0.32067507321002253,0.0,0.363,0.0,-0.0,0.0,1
2012-07-03 19:00:00+00:00,0.06561435,0.181746576848375,0.06822416077124999,0.0,1.35,3.8147960258416016,3.814796,0.3097329416310757,0.0,1.35,0.0,-0.0,0.0,1
2012-07-03 19:30:00+00:00,0.052275,0.1664896619375,0.054354238124999996,0.0,0.875,3.3542697100521277,3.3542697,0.3081541258416016,0.0,0.875,0.0,-0.0,0.0,1
2012-07-03 20:00:00+00:00,0.0460758,0.15939931143949998,0.04790846494499999,0.0,0.688,2.992164446894233,2.9921644,0.32697741005212766,0.0,0.688,0.0,-0.0,0.0,1
2012-07-03 20:30:00+00:00,0.0493476,0.163141440869,0.05131040078999999,0.0,0.438,2.7616381311047595,2.7616381,0.3689657468942329,0.0,0.438,0.0,-0.0,0.0,1
2012-07-03 21:00:00+00:00,0.0465801,0.15997610582525001,0.0484328234775,0.0,0.438,2.5311118153152856,2.5311118,0.4280789311047597,0.0,0.438,0.0,-0.0,0.0,1
2012-07-03 21:30:00+00:00,0.0453132,0.15852708578299998,0.04711553253,0.0,0.363,2.3400591837363383,2.3400592,0.49378791531528554,0.0,0.363,0.0,-0.0,0.0,1
2012-07-03 22:00:00+00:00,0.043296,0.15621990824,0.0450180984,0.0,0.375,2.142690762683707,2.1426908,0.5507615837363382,0.0,0.375,0.0,-0.0,0.0,1
2012-07-03 22:30:00+00:00,0.04878795,0.162501339782375,0.05072849071125,0.0,1.538,1.3532170784731805,1.3532171,0.5835987626837069,0.0,1.5,0.038000000000000034,0.0,0.0030875254558651276,1
2012-07-03 23:00:00+00:00,0.04317915,0.156086260760375,0.044896600691249997,0.0,1.963,1.0,1.0,0.3532170784731805,0.0,0.67111245,1.2918875500000002,0.0,0.10082294850119101,1
2012-07-03 23:30:00+00:00,0.0406884,0.15323745922100002,0.04230678111,0.0,2.025,1.0,1.0,0.0,0.0,0.0,2.025,0.0,0.1551529274612625,1
2012-07-04 00:00:00+00:00,0.03747195,0.100058636492375,0.038962396811249994,0.0,1.55,1.5874999975000001,1.5875,0.5874999999999999,1.2368421,0.0,2.7868421000000003,0.0,0.1394238103227735,1
2012-07-04 00:30:00+00:00,0.03650025,0.098947252188125,0.03795204744374999,0.0,0.175,2.2999999975,2.3,0.7125000024999997,1.5,0.0,1.675,0.0,0.08286832370755469,1
2012-07-04 01:00:00+00:00,0.03599595,0.09837045780237501,0.03742768891124999,0.0,0.113,3.0124999975,3.0125,0.7125000025000001,1.5,0.0,1.613,0.0,0.07933577421761544,1
2012-07-04 01:30:00+00:00,0.0363711,0.09879953655275002,0.0378177605025,0.0,0.175,3.7249999975,3.725,0.7125000025000001,1.5,0.0,1.675,0.0,0.08274461186292814,1
2012-07-04 02:00:00+00:00,0.03486435,0.097076187473375,0.03625107952125,0.0,0.113,4.4374999975,4.4375,0.7125000025000001,1.5,0.0,1.613,0.0,0.07829194519727693,1
2012-07-04 02:30:00+00:00,0.033579,0.09560606519749999,0.03491460472499999,0.0,0.113,5.1499999975,5.15,0.7125000025000006,1.5,0.0,1.613,0.0,0.07710629158178374,1
2012-07-04 03:00:00+00:00,0.03375735,0.09581005345587501,0.03510004859625,0.0,0.138,5.8624999975000005,5.8625,0.7125000024999997,1.5,0.0,1.638,0.0,0.07846843378036163,1
2012-07-04 03:30:00+00:00,0.03375735,0.09581005345587501,0.03510004859625,0.0,0.15,6.574999997500001,6.575,0.7125000024999997,1.5,0.0,1.65,0.0,0.07904329410109688,1
2012-07-04 04:00:00+00:00,0.0337635,0.09581708753375,0.0351064432125,0.0,0.275,7.287499997500001,7.2875,0.7125000024999988,1.5,0.0,1.775,0.0,0.08503766518620312,1
2012-07-04 04:30:00+00:00,0.0338742,0.09594370093550002,0.035221546305,0.0,0.288,7.999999997500002,8.0,0.7125000024999988,1.5,0.0,1.788,0.0,0.08577366863633702,1
2012-07-04 05:00:00+00:00,0.0338742,0.3258437009355001,0.035221546305,0.0,0.138,7.927368418552633,7.9273684,0.21382899750000117,0.0,0.138,0.0,-0.0,0.0,1
2012-07-04 05:30:00+00:00,0.03388035,0.325850735013375,0.03522794092124999,0.0,0.106,7.871578944868422,7.8715789,0.21377321855263265,0.0,0.106,0.0,-0.0,0.0,1
2012-07-04 06:00:00+00:00,0.03415095,0.326160234439875,0.035509304036249995,0.0,0.113,7.812105260657896,7.8121053,0.1934388448684219,0.0,0.113,0.0,-0.0,0.0,1
2012-07-04 06:30:00+00:00,0.0454485,0.33908183549625004,0.0472562140875,0.0,0.2,7.706842102763159,7.7068421,0.16194366065789634,0.0,0.2,0.0,-0.0,0.0,1
2012-07-04 07:00:00+00:00,0.048216,0.34224717054000003,0.0501337914,0.0,0.363,7.5157894711842115,7.5157895,0.12588860276315916,0.0,0.363,0.0,-0.0,0.0,1
2012-07-04 07:30:00+00:00,0.0472197,0.34110764992425,0.049097863567500004,0.0,0.338,7.337894734342107,7.3378947,0.10245837118421175,0.0,0.338,0.0,-0.0,0.0,1
2012-07-04 08:00:00+00:00,0.06583575,0.362399803651875,0.06845436695624998,0.013,0.213,7.232631576447369,7.2326316,0.10245463434210667,0.0,0.2,0.0,2.7755575615628914e-17,-9.499951791371029e-19,1
2012-07-04 08:30:00+00:00,0.07097715,0.36828029275537505,0.07380026614124999,0.038,0.088,7.206315786973685,7.2063158,0.1302009764473695,0.0,0.05,0.0,6.938893903907228e-18,-2.560461084171253e-19,1
2012-07-04 09:00:00+00:00,0.05513475,0.350160508149375,0.05732773468124999,0.069,0.15,7.163684208026317,7.1636842,0.18216768697368568,0.0,0.081,0.0,1.3877787807814457e-17,-3.9779106870453657e-19,1
2012-07-04 09:30:00+00:00,0.0513279,0.3458064139447501,0.053369467222499994,0.094,0.138,7.140526313289475,7.1405263,0.24763340802631717,0.0,0.044,1.3877787807814457e-17,0.0,2.399514017653246e-18,1
2012-07-04 10:00:00+00:00,0.05169075,0.346221424539375,0.053746749581249996,0.106,0.088,7.149076313289474,7.1490763,0.31133591328947485,0.018,0.0,0.0,-0.0,0.0,1
2012-07-04 10:30:00+00:00,0.0548088,0.34978770202200005,0.05698882001999999,0.288,1.35,6.590128944868422,6.5901289,0.35741151328947396,0.0,1.062,0.0,-0.0,0.0,1
2012-07-04 11:00:00+00:00,0.0440955,0.15713433836375,0.04584939851249999,0.213,1.863,5.800655260657895,5.8006553,0.373580244868422,0.0,1.5,0.1499999999999999,0.0,0.011785075377281242,1
2012-07-04 11:30:00+00:00,0.04545465,0.158688869574125,0.04726260870374999,0.425,1.775,5.090128944868422,5.0901289,0.35445886065789534,0.0,1.35,0.0,2.220446049250313e-16,-5.247203638675257e-18,1
2012-07-04 12:00:00+00:00,0.0400734,0.15253405143350002,0.041667319485,0.481,0.7,5.090128944868422,5.0901289,4.486842186679496e-08,0.0,0.0,0.21899999999999997,0.0,0.01670247863196825,1
2012-07-04 12:30:00+00:00,0.0370107,0.14903108065175,0.0384828005925,0.425,0.288,5.155203944868422,5.1552039,4.486842186679496e-08,0.137,0.0,0.0,-0.0,0.0,1
2012-07-04 13:00:00+00:00,0.03663555,0.148602001901375,0.03809272900125,0.356,0.113,5.270628944868422,5.2706289,4.486842186679496e-08,0.243,0.0,0.0,-0.0,0.0,1
2012-07-04 13:30:00+00:00,0.038007,0.1501706012675,0.039518728424999996,0.419,0.113,5.415978944868422,5.4159789,4.486842186679496e-08,0.306,0.0,0.0,-0.0,0.0,1
2012-07-04 14:00:00+00:00,0.03902175,0.151331224116875,0.04057384010625,0.088,0.15,5.415978944868422,5.4159789,4.486842186679496e-08,0.0,0.0,0.062,0.0,0.004691267947623125,1
2012-07-04 14:30:00+00:00,0.0379332,0.150086192333,0.03944199303,0.094,0.15,5.415978944868422,5.4159789,4.486842186679496e-08,0.0,0.0,0.055999999999999994,0.0,0.004202413385324,1
2012-07-04 15:00:00+00:00,0.0390894,0.1514085989735,0.040644180885,0.081,0.088,5.415978944868422,5.4159789,4.486842186679496e-08,0.0,0.0,0.006999999999999992,0.0,0.0005299300964072494,1
2012-07-04 15:30:00+00:00,0.0392124,0.151549280531,0.04077207321,0.05,0.363,5.415978944868422,5.4159789,4.486842186679496e-08,0.0,0.0,0.313,0.0,0.023717462403101502,1
2012-07-04 16:00:00+00:00,0.0459405,0.15924456172625,0.0477677833875,0.05,0.4,5.231768418552632,5.2317684,0.19045984486842205,0.0,0.35,5.551115123125783e-17,0.0,4.419924474370618e-18,1
2012-07-04 16:30:00+00:00,0.04490115,0.158055802565375,0.04668709324125,0.031,1.763,4.442294734342106,4.4422947,0.253881618552632,0.0,1.5,0.23199999999999998,0.0,0.018334473097583497,1
2012-07-04 17:00:00+00:00,0.04602045,0.159336004738625,0.04785091339874999,0.0,2.65,3.652821050131579,3.6528211,0.30204873434210544,0.0,1.5,1.15,0.0,0.09161820272470937,1
2012-07-04 17:30:00+00:00,0.04818525,0.161812000150625,0.05010181831874999,0.0,0.525,3.376505260657895,3.3765053,0.32823045013157914,0.0,0.525,0.0,-0.0,0.0,1
2012-07-04 18:00:00+00:00,0.06098955,0.176456950286375,0.06341540935125,0.0,0.6,3.0607157869736845,3.0607158,0.33301526065789533,0.0,0.6,0.0,-0.0,0.0,1
2012-07-04 18:30:00+00:00,0.0607989,0.17623889387225,0.06321717624749999,0.0,0.463,2.8170315764473686,2.8170316,0.32379868697368464,0.0,0.463,0.0,-0.0,0.0,1
2012-07-04 19:00:00+00:00,0.05932905,0.174557749260125,0.06168886296375,0.0,0.475,2.5670315764473686,2.5670316,0.31234547644736876,0.0,0.475,0.0,-0.0,0.0,1
2012-07-04 19:30:00+00:00,0.05729955,0.172236503561375,0.05957863960124999,0.0,0.85,2.119663155394737,2.1196632,0.3102535764473684,0.0,0.85,0.0,-0.0,0.0,1
2012-07-04 20:00:00+00:00,0.05124795,0.165314970932375,0.05328633721125,0.0,0.413,1.9022947343421055,1.9022947,0.3285501553947372,0.0,0.413,0.0,-0.0,0.0,1
2012-07-04 20:30:00+00:00,0.05274855,0.16703128593387498,0.054846623576249996,0.0,0.363,1.7112421027631581,1.7112421,0.36999713434210557,0.0,0.363,0.0,-0.0,0.0,1
2012-07-04 21:00:00+00:00,0.04281015,0.155664216087875,0.04451292371624999,0.0,0.325,1.7112421027631581,1.7112421,2.7631581467346678e-09,0.0,0.0,0.325,0.0,0.025295435114279688,1
2012-07-04 21:30:00+00:00,0.04341285,0.156353555719625,0.04513959610875,0.0,0.325,1.5823474185526318,1.5823474,0.12889470276315818,0.0,0.2448999,0.08010010000000001,0.0,0.006261967724248768,1
2012-07-04 22:00:00+00:00,0.040959,0.1535469586475,0.042588144225,0.0,0.25,1.5823474185526318,1.5823474,1.8552631875223824e-08,0.0,0.0,0.25,0.0,0.0191933698309375,1
2012-07-04 22:30:00+00:00,0.04599585,0.159307868427125,0.04782533493375,0.0,1.588,1.0,1.0,0.5823474185526318,0.0,1.1064601,0.4815399,0.0,0.038356547515805466,1
2012-07-04 23:00:00+00:00,0.03850515,0.150740361575375,0.04003669234125,0.0,1.925,1.0,1.0,0.0,0.0,0.0,1.925,0.0,0.14508759801629842,1
2012-07-04 23:30:00+00:00,0.0381669,0.15035348729225,0.03968498844749999,0.0,1.775,1.0,1.0,0.0,0.0,0.0,1.775,0.0,0.13343871997187187,1
2012-07-05 00:00:00+00:00,0.0353379,0.09761781146975,0.036743464972499994,0.0,1.788,1.7125,1.7125,0.7124999999999999,1.5,0.0,3.2880000000000003,0.0,0.160483682056269,1
2012-07-05 00:30:00+00:00,0.03552855,0.097835867883875,0.03694169807625,0.0,0.238,2.2999999975,2.3,0.5874999999999999,1.2368421,0.0,1.4748421,0.0,0.07214622842258837,1
2012-07-05 01:00:00+00:00,0.0345384,0.09670338134600001,0.03591216485999999,0.0,0.1,3.0124999975,3.0125,0.7125000025000001,1.5,0.0,1.6,0.0,0.07736270507680001,1
2012-07-05 01:30:00+00:00,0.03459375,0.09676668804687502,0.03596971640625,0.0,0.088,3.7249999975,3.725,0.7125000025000001,1.5,0.0,1.588,0.0,0.07683275030921877,1
2012-07-05 02:00:00+00:00,0.0339111,0.09598590540275,0.0352599140025,0.0,0.175,4.4374999975,4.4375,0.7125000025000001,1.5,0.0,1.675,0.0,0.08038819577480312,1
2012-07-05 02:30:00+00:00,0.03369585,0.09573971267712503,0.03503610243375,0.0,0.15,5.1499999975,5.15,0.7125000025000006,1.5,0.0,1.65,0.0,0.07898526295862815,1
2012-07-05 03:00:00+00:00,0.03346215,0.09547241771787501,0.03479310701625,0.0,0.088,5.8624999975000005,5.8625,0.7125000024999997,1.5,0.0,1.588,0.0,0.07580509966799276,1
2012-07-05 03:30:00+00:00,0.03356055,0.095584962963875,0.03489542087625,0.0,0.125,6.574999997500001,6.575,0.7125000024999997,1.5,0.0,1.625,0.0,0.07766278240814845,1
2012-07-05 04:00:00+00:00,0.033825,0.0958874283125,0.035170389375,0.0,0.388,7.287499997500001,7.2875,0.7125000024999988,1.5,0.0,1.888,0.0,0.09051773232699999,1
2012-07-05 04:30:00+00:00,0.0338004,0.09585929200100002,0.03514481091,0.006,0.2,7.999999997500002,8.0,0.7125000024999988,1.5,0.0,1.694,0.0,0.08119282032484701,1
2012-07-05 05:00:00+00:00,0.03385575,0.325822598701875,0.03520236245624999,0.0,0.1,7.947368418552633,7.9473684,0.20506619750000166,0.0,0.1,0.0,-0.0,0.0,1
2012-07-05 05:30:00+00:00,0.0338865,0.32585776909125,0.0352343355375,0.0,0.125,7.881578944868423,7.8815789,0.20450991855263378,0.0,0.125,0.0,-0.0,0.0,1
2012-07-05 06:00:00+00:00,0.03447075,0.3265260064893751,0.03584182408125,0.0,0.181,7.786315786973686,7.7863158,0.18369534486842287,0.0,0.181,0.0,-0.0,0.0,1
2012-07-05 06:30:00+00:00,0.04122345,0.334249423996125,0.04286311272375,0.0,0.15,7.707368418552634,7.7073684,0.15174168697368629,0.0,0.15,0.0,-0.0,0.0,1
2012-07-05 07:00:00+00:00,0.0492,0.34337262300000004,0.051156929999999996,0.0,0.338,7.529473681710529,7.5294737,0.1152906185526339,0.0,0.338,0.0,-0.0,0.0,1
2012-07-05 07:30:00+00:00,0.04524555,0.338849710926375,0.04704519175125,0.0,0.463,7.285789471184214,7.2857895,0.09151088171052901,0.0,0.463,0.0,-0.0,0.0,1
2012-07-05 08:00:00+00:00,0.05340045,0.348176898188625,0.05552445289874999,0.019,0.175,7.203684208026319,7.2036842,0.0912032711842139,0.0,0.156,0.0,-0.0,0.0,1
2012-07-05 08:30:00+00:00,0.05373255,0.348556738393875,0.05586976217624999,0.044,0.15,7.147894734342108,7.1478947,0.11868870802631903,0.0,0.106,0.0,-0.0,0.0,1
2012-07-05 09:00:00+00:00,0.0533574,0.34812765964350006,0.055479690585,0.063,0.188,7.082105260657897,7.0821053,0.1704323343421077,0.0,0.125,0.0,-0.0,0.0,1
2012-07-05 09:30:00+00:00,0.05337585,0.34814876187712507,0.055498874433750005,0.056,0.113,7.052105260657897,7.0521053,0.2357065606578974,0.0,0.057,0.0,-0.0,0.0,1
2012-07-05 10:00:00+00:00,0.05039925,0.34474426818562504,0.05240388016875,0.063,0.113,7.025789471184213,7.0257895,0.2992422606578975,0.0,0.05,0.0,-0.0,0.0,1
2012-07-05 10:30:00+00:00,0.04915695,0.34332338445487504,0.051112167686249994,0.1,1.438,6.321578944868423,6.3215789,0.34516997118421333,0.0,1.338,0.0,2.220446049250313e-16,-5.674590540377666e-18,1
2012-07-05 11:00:00+00:00,0.0477732,0.161340716933,0.04967337903,0.206,1.788,5.532105260657897,5.5321053,0.36120504486842364,0.0,1.5,0.08200000000000007,0.0,0.006614969394253006,1
2012-07-05 11:30:00+00:00,0.0425211,0.15533361442774998,0.0442123767525,0.294,1.8,5.532105260657897,5.5321053,3.9342102908790366e-08,0.0,0.0,1.506,0.0,0.11696621166409574,1
2012-07-05 12:00:00+00:00,0.04063305,0.153174152520125,0.04224922956375,0.406,1.038,5.532105260657897,5.5321053,3.9342102908790366e-08,0.0,0.0,0.632,0.0,0.048403032196359504,1
2012-07-05 12:30:00+00:00,0.04057155,0.15310381174137502,0.042185283401249996,0.363,0.375,5.532105260657897,5.5321053,3.9342102908790366e-08,0.0,0.0,0.01200000000000001,0.0,0.0009186228704482509,1
2012-07-05 13:00:00+00:00,0.03764415,0.149755590672875,0.039141446066249995,0.288,0.263,5.5439802606578965,5.5439803,3.9342102908790366e-08,0.025,0.0,5.551115123125783e-17,0.0,4.156552620784154e-18,1
2012-07-05 13:30:00+00:00,0.03646335,0.148405047720875,0.03791367974624999,0.125,0.375,5.5439802606578965,5.5439803,3.9342103796968786e-08,0.0,0.0,0.25,0.0,0.018550630965109376,1
2012-07-05 14:00:00+00:00,0.0361005,0.14799003712625,0.037536397387499996,0.231,0.213,5.552530260657896,5.5525303,3.9342103796968786e-08,0.018,0.0,0.0,2.7755575615628914e-17,-5.209221580135259e-19,1
2012-07-05 14:30:00+00:00,0.03651255,0.148461320343875,0.037964836676249995,0.181,0.163,5.561080260657896,5.5610803,3.9342103796968786e-08,0.018,0.0,0.0,-0.0,0.0,1
2012-07-05 15:00:00+00:00,0.03648795,0.14843318403237502,0.03793925821124999,0.063,0.288,5.561080260657896,5.5610803,3.9342104685147206e-08,0.0,0.0,0.22499999999999998,0.0,0.016698733203642187,1
2012-07-05 15:30:00+00:00,0.03629115,0.14820809354037498,0.03773463049125,0.025,0.213,5.561080260657896,5.5610803,3.9342104685147206e-08,0.0,0.0,0.188,0.0,0.013931560792795249,1
2012-07-05 16:00:00+00:00,0.0368508,0.14884819462700002,0.03831654057,0.106,0.113,5.561080260657896,5.5610803,3.9342104685147206e-08,0.0,0.0,0.007000000000000006,0.0,0.0005209686811945006,1
2012-07-05 16:30:00+00:00,0.0373797,0.14945312532425,0.0388664775675,0.025,0.1,5.561080260657896,5.5610803,3.9342104685147206e-08,0.0,0.0,0.07500000000000001,0.0,0.005604492199659376,1
2012-07-05 17:00:00+00:00,0.04022715,0.152709903380375,0.04182718489125,0.0,0.163,5.561080260657896,5.5610803,3.9342104685147206e-08,0.0,0.0,0.163,0.0,0.012445857125500562,1
2012-07-05 17:30:00+00:00,0.04754565,0.161080456051625,0.04943677822875,0.0,0.175,5.468974997500001,5.468975,0.31586296065789554,0.0,0.175,0.0,-0.0,0.0,1
2012-07-05 18:00:00+00:00,0.05485185,0.16943694056712502,0.05703358233375,0.0,0.375,5.271606576447369,5.2716066,0.3208971975000008,0.0,0.375,0.0,-0.0,0.0,1
2012-07-05 18:30:00+00:00,0.0773424,0.19516056335600002,0.08041869396000001,0.0,0.413,5.054238155394738,5.0542382,0.3119786764473691,0.0,0.413,0.0,-0.0,0.0,1
2012-07-05 19:00:00+00:00,0.08218245,0.20069638264362502,0.08545125694875,0.0,0.513,4.784238155394737,4.7842382,0.30087065539473734,0.0,0.513,0.0,-0.0,0.0,1
2012-07-05 19:30:00+00:00,0.0534312,0.16781206857800002,0.05555642598,0.0,0.413,4.566869734342106,4.5668697,0.2991729553947371,0.0,0.413,0.0,-0.0,0.0,1
2012-07-05 20:00:00+00:00,0.05203515,0.16621533290037502,0.05410484809125,0.0,0.538,4.283711839605264,4.2837118,0.3178979343421062,0.0,0.538,0.0,-0.0,0.0,1
2012-07-05 20:30:00+00:00,0.054489,0.1690219299725,0.056656299975,0.0,0.588,3.9742381553947377,3.9742382,0.3598039396052637,0.0,0.588,0.0,-0.0,0.0,1
2012-07-05 21:00:00+00:00,0.05265015,0.16691874068787502,0.054744309716249995,0.0,0.713,3.598974997500001,3.598975,0.41885975539473774,0.0,0.713,0.0,-0.0,0.0,1
2012-07-05 21:30:00+00:00,0.049077,0.16283194144250002,0.051029037675,0.0,0.575,3.2963434185526324,3.2963434,0.4845221975000009,0.0,0.575,0.0,-0.0,0.0,1
2012-07-05 22:00:00+00:00,0.04015335,0.152625494445875,0.041750449496249994,0.0,0.563,3.0000276290789483,3.0000276,0.5414570185526322,0.0,0.563,0.0,-0.0,0.0,1
2012-07-05 22:30:00+00:00,0.0531483,0.16748850099575,0.0552622736325,0.0,1.838,2.2105539448684217,2.2105539,0.5742634290789481,0.0,1.5,0.3380000000000001,0.0,0.028305556668281755,1
2012-07-05 23:00:00+00:00,0.04363425,0.156606782523125,0.04536980229374999,0.0,2.038,1.528268629078948,1.5282686,0.5715977448684217,0.0,1.2963421,0.7416578999999999,0.0,0.05807432872592878,1
2012-07-05 23:30:00+00:00,0.04577445,0.159054641623625,0.04759512874875,0.0,1.925,1.0,1.0,0.528268629078948,0.0,1.0037104,0.9212896000000002,0.0,0.07326769357978644,1
2012-07-06 00:00:00+00:00,0.03957525,0.10246429112562502,0.04114935556875,0.0,0.738,1.5874999975000001,1.5875,0.5874999999999999,1.2368421,0.0,1.9748421,0.0,0.10117539793077035,1
2012-07-06 00:30:00+00:00,0.03648795,0.09893318403237499,0.03793925821124999,0.006,0.213,2.2999999975,2.3,0.7125000024999997,1.5,0.0,1.707,0.0,0.08443947257163205,1
2012-07-06 01:00:00+00:00,0.03683235,0.099327092393375,0.038297356721249995,0.0,0.1,3.0124999975,3.0125,0.7125000025000001,1.5,0.0,1.6,0.0,0.0794616739147,1
2012-07-06 01:30:00+00:00,0.03705375,0.099580319196875,0.03852756290625,0.0,0.113,3.7249999975,3.725,0.7125000025000001,1.5,0.0,1.613,0.0,0.08031152743227969,1
2012-07-06 02:00:00+00:00,0.0355347,0.09784290196175002,0.0369480926925,0.0,0.138,4.4374999975,4.4375,0.7125000025000001,1.5,0.0,1.638,0.0,0.08013333670667326,1
2012-07-06 02:30:00+00:00,0.03434775,0.096485324931875,0.035713931756250004,0.0,0.163,5.1499999975,5.15,0.7125000025000006,1.5,0.0,1.663,0.0,0.08022754768085406,1
2012-07-06 03:00:00+00:00,0.0338619,0.09592963277975002,0.0352087570725,0.0,0.088,5.8624999975000005,5.8625,0.7125000024999997,1.5,0.0,1.588,0.0,0.07616812842712152,1
2012-07-06 03:30:00+00:00,0.0338742,0.09594370093550002,0.035221546305,0.0,0.1,6.574999997500001,6.575,0.7125000024999997,1.5,0.0,1.6,0.0,0.07675496074840002,1
2012-07-06 04:00:00+00:00,0.03386805,0.095936666857625,0.035215151688749995,0.0,0.188,7.287499997500001,7.2875,0.7125000024999988,1.5,0.0,1.688,0.0,0.0809705468278355,1
2012-07-06 04:30:00+00:00,0.0336528,0.09569047413199999,0.03499134011999999,0.0,0.113,7.999999997500002,8.0,0.7125000024999988,1.5,0.0,1.613,0.0,0.07717436738745799,1
2012-07-06 05:00:00+00:00,0.03319155,0.325062918291375,0.034511743901249996,0.0,0.094,7.950526313289475,7.9505263,0.20568739750000198,0.0,0.094,0.0,-0.0,0.0,1
2012-07-06 05:30:00+00:00,0.0338619,0.32582963277975,0.0352087570725,0.0,0.15,7.871578944868423,7.8715789,0.2058397132894756,0.0,0.15,0.0,-0.0,0.0,1
2012-07-06 06:00:00+00:00,0.03432315,0.326357188620375,0.035688353291249995,0.0,0.163,7.785789471184213,7.7857895,0.18572884486842334,0.0,0.163,0.0,-0.0,0.0,1
2012-07-06 06:30:00+00:00,0.03536865,0.327552981859125,0.03677543805375,0.0,0.113,7.726315786973687,7.7263158,0.15447207118421247,0.0,0.113,0.0,-0.0,0.0,1
2012-07-06 07:00:00+00:00,0.03814845,0.33073238505862507,0.03966580459875,0.0,0.475,7.476315786973687,7.4763158,0.118748086973687,0.0,0.475,0.0,-0.0,0.0,1
2012-07-06 07:30:00+00:00,0.04169085,0.33478401391462503,0.04334910355875,0.0,0.413,7.258947365921055,7.2589474,0.09570608697368677,0.0,0.413,0.0,-0.0,0.0,1
2012-07-06 08:00:00+00:00,0.04980885,0.34406899670962504,0.05178999700874999,0.006,1.038,6.715789471184213,6.7157895,0.09614266592105558,0.0,1.032,0.0,-0.0,0.0,1
2012-07-06 08:30:00+00:00,0.0541692,0.34905615792300004,0.05632377993,0.019,0.788,6.31105262907895,6.3110526,0.12437267118421325,0.0,0.769,0.0,-0.0,0.0,1
2012-07-06 09:00:00+00:00,0.0558789,0.35101163157225,0.058101483247499995,0.031,0.238,6.2021052606578975,6.2021053,0.17685272907895033,0.0,0.207,0.0,-0.0,0.0,1
2012-07-06 09:30:00+00:00,0.0567153,0.35196826616325005,0.0589711510575,0.113,0.163,6.175789471184213,6.1757895,0.24284616065789777,0.0,0.05,0.0,-0.0,0.0,1
2012-07-06 10:00:00+00:00,0.05379405,0.34862707917262503,0.05593370833875,0.219,0.113,6.226139471184213,6.2261395,0.30707407118421326,0.106,0.0,0.0,-0.0,0.0,1
2012-07-06 10:30:00+00:00,0.0507744,0.34517334693600005,0.05279395175999999,0.038,1.363,5.528771050131581,5.5287711,0.3536583711842134,0.0,1.325,0.0,-0.0,0.0,1
2012-07-06 11:00:00+00:00,0.0436035,0.15657161213375,0.0453378292125,0.025,1.888,4.739297365921055,4.7392974,0.37030705013158105,0.0,1.5,0.363,0.0,0.028417747602275625,1
2012-07-06 11:30:00+00:00,0.04346205,0.156409828342625,0.04519075303875,0.206,1.838,4.315460544868423,4.3154605,0.35162906592105525,0.0,0.80528996,0.8267100400000001,0.0,0.06465278772276234,1
2012-07-06 12:00:00+00:00,0.0408483,0.15342034524575,0.04247304113249999,0.313,0.7,4.315460544868423,4.3154605,4.486842275497338e-08,0.0,0.0,0.38699999999999996,0.0,0.02968683680505262,1
2012-07-06 12:30:00+00:00,0.0403071,0.15280134639275,0.041910314902499995,0.469,0.2,4.443235544868423,4.4432355,4.486842275497338e-08,0.269,0.0,5.551115123125783e-17,0.0,4.241089323973879e-18,1
2012-07-06 13:00:00+00:00,0.0380931,0.15026907835775,0.03960825305249999,0.444,0.138,4.5885855448684225,4.5885855,4.486842275497338e-08,0.306,0.0,0.0,-0.0,0.0,1
2012-07-06 13:30:00+00:00,0.044526,0.157626723815,0.04629702165,0.406,0.238,4.668385544868422,4.6683855,0.08528354486842282,0.168,0.0,0.0,-0.0,0.0,1
2012-07-06 14:00:00+00:00,0.04315455,0.15605812444887499,0.044871022226249994,0.363,0.188,4.751510544868422,4.7515105,0.046052344868422246,0.175,0.0,0.0,-0.0,0.0,1
2012-07-06 14:30:00+00:00,0.0376257,0.14973448843925,0.039122262217499995,0.313,1.225,4.751510544868422,4.7515105,4.486842186679496e-08,0.0,0.0,0.9120000000000001,0.0,0.06827892672829801,1
2012-07-06 15:00:00+00:00,0.0387327,0.15100062245674997,0.04027329314249999,0.25,0.575,4.751510544868422,4.7515105,4.486842186679496e-08,0.0,0.0,0.32499999999999996,0.0,0.024537601149221867,1
2012-07-06 15:30:00+00:00,0.03865275,0.15090917944437499,0.04019016313125,0.169,0.163,4.754360544868422,4.7543605,4.486842186679496e-08,0.006,0.0,0.0,-0.0,0.0,1
2012-07-06 16:00:00+00:00,0.0404793,0.15299830057324998,0.042089364157499996,0.056,0.213,4.754360544868422,4.7543605,4.486842186679496e-08,0.0,0.0,0.157,0.0,0.012010366595000124,1
2012-07-06 16:30:00+00:00,0.0404055,0.15291389163875,0.0420126287625,0.031,0.188,4.754360544868422,4.7543605,4.486842186679496e-08,0.0,0.0,0.157,0.0,0.012003740493641874,1
2012-07-06 17:00:00+00:00,0.0414018,0.1540534122545,0.043048556594999995,0.006,0.1,4.704886860657895,4.7048869,0.2122242448684215,0.0,0.094,0.0,-0.0,0.0,1
2012-07-06 17:30:00+00:00,0.0453624,0.15858335840600002,0.047166689459999994,0.0,1.113,4.119097386973685,4.1190974,0.32865446065789516,0.0,1.113,0.0,-0.0,0.0,1
2012-07-06 18:00:00+00:00,0.05326515,0.16762214847537502,0.05538377134125,0.0,1.313,3.4280447553947377,3.4280448,0.333722086973685,0.0,1.313,0.0,-0.0,0.0,1
2012-07-06 18:30:00+00:00,0.04825905,0.161896409085125,0.05017855371374999,0.0,0.85,2.9806763343421063,2.9806763,0.32481385539473795,0.0,0.85,0.0,-0.0,0.0,1
2012-07-06 19:00:00+00:00,0.0486096,0.16229735152400002,0.050543046839999994,0.0,1.338,2.276465808026317,2.2764658,0.3136921343421064,0.0,1.338,0.0,-0.0,0.0,1
2012-07-06 19:30:00+00:00,0.04193685,0.154665377029625,0.04360488820874999,0.0,1.25,2.276465808026317,2.2764658,8.026316944409473e-09,0.0,0.0,1.25,0.0,0.09666586064351562,1
2012-07-06 20:00:00+00:00,0.0382161,0.15040975991525,0.0397361453775,0.0,0.513,2.276465808026317,2.2764658,8.026316944409473e-09,0.0,0.0,0.513,0.0,0.038580103418261624,1
2012-07-06 20:30:00+00:00,0.0453747,0.15859742656175,0.04717947869249999,0.0,0.688,1.9143605448684222,1.9143605,0.372414108026317,0.0,0.688,0.0,-0.0,0.0,1
2012-07-06 21:00:00+00:00,0.0452394,0.1584426768485,0.047038797135,0.0,0.875,1.9143605448684222,1.9143605,4.486842231088417e-08,0.0,0.0,0.875,0.0,0.06931867112121876,1
2012-07-06 21:30:00+00:00,0.03977205,0.152189381617625,0.04135398328875,0.0,0.988,1.9143605448684222,1.9143605,4.486842231088417e-08,0.0,0.0,0.988,0.0,0.07518155451910674,1
2012-07-06 22:00:00+00:00,0.0400365,0.15249184696624998,0.0416289517875,0.0,0.35,1.9143605448684222,1.9143605,4.486842231088417e-08,0.0,0.0,0.35,0.0,0.026686073219093744,1
2012-07-06 22:30:00+00:00,0.04797,0.16156580742499999,0.049878006749999995,0.0,1.563,1.124886860657896,1.1248869,0.5860811448684222,0.0,1.5,0.06299999999999994,0.0,0.005089322933887495,1
2012-07-06 23:00:00+00:00,0.0398028,0.152224552007,0.04138595637,0.0,1.988,1.124886860657896,1.1248869,3.934210401901339e-08,0.0,0.0,1.988,0.0,0.15131120469495798,1
2012-07-06 23:30:00+00:00,0.0452886,0.1584989494715,0.047089954064999995,0.0,1.863,1.0,1.0,0.12488686065789589,0.0,0.23728504,1.62571496,0.0,0.12883705665005082,1
2012-07-07 00:00:00+00:00,0.0423366,0.10562259209150002,0.044020538265,0.0,0.413,1.5874999975000001,1.5875,0.5874999999999999,1.2368421,0.0,1.6498421,0.0,0.0871302995718419,1
2012-07-07 00:30:00+00:00,0.03867735,0.10143731575587499,0.04021574159624999,0.0,0.2,2.2999999975,2.3,0.7125000024999997,1.5,0.0,1.7,0.0,0.08622171839249373,1
2012-07-07 01:00:00+00:00,0.0371091,0.09964362589775001,0.03858511445249999,0.0,0.1,3.0124999975,3.0125,0.7125000025000001,1.5,0.0,1.6,0.0,0.07971490071820002,1
2012-07-07 01:30:00+00:00,0.0364572,0.09889801364300002,0.03790728513,0.0,0.15,3.7249999975,3.725,0.7125000025000001,1.5,0.0,1.65,0.0,0.08159086125547502,1
2012-07-07 02:00:00+00:00,0.03541785,0.09770925448212502,0.03682659498375,0.0,0.125,4.4374999975,4.4375,0.7125000025000001,1.5,0.0,1.625,0.0,0.07938876926672657,1
2012-07-07 02:30:00+00:00,0.03379425,0.095852257923125,0.03513841629375,0.0,0.125,5.1499999975,5.15,0.7125000025000006,1.5,0.0,1.625,0.0,0.07787995956253907,1
2012-07-07 03:00:00+00:00,0.03386805,0.095936666857625,0.035215151688749995,0.0,0.15,5.8624999975000005,5.8625,0.7125000024999997,1.5,0.0,1.65,0.0,0.07914775015754062,1
2012-07-07 03:30:00+00:00,0.03383115,0.09589446239037501,0.035176783991249995,0.0,0.138,6.574999997500001,6.575,0.7125000024999997,1.5,0.0,1.638,0.0,0.07853756469771712,1
2012-07-07 04:00:00+00:00,0.03384345,0.09590853054612498,0.03518957322374999,0.0,0.094,7.287499997500001,7.2875,0.7125000024999988,1.5,0.0,1.594,0.0,0.07643909884526162,1
2012-07-07 04:30:00+00:00,0.0331116,0.09507147527900002,0.034428613889999994,0.0,0.175,7.999999997500002,8.0,0.7125000024999988,1.5,0.0,1.675,0.0,0.07962236054616252,1
2012-07-07 05:00:00+00:00,0.0331608,0.325027747902,0.03447977082,0.0,0.175,7.907894734342107,7.9078947,0.21147739750000127,0.0,0.175,0.0,-0.0,0.0,1
2012-07-07 05:30:00+00:00,0.03328995,0.32517546353737503,0.03461405776125,0.0,0.138,7.835263155394738,7.8352632,0.21100993434210658,0.0,0.138,0.0,-0.0,0.0,1
2012-07-07 06:00:00+00:00,0.03182625,0.323501353003125,0.03309213909375,0.0,0.188,7.736315786973686,7.7363158,0.19026585539473828,0.0,0.188,0.0,-0.0,0.0,1
2012-07-07 06:30:00+00:00,0.03295785,0.324795623332125,0.03426874848374999,0.0,0.138,7.663684208026317,7.6636842,0.1583643869736857,0.0,0.138,0.0,-0.0,0.0,1
2012-07-07 07:00:00+00:00,0.0326688,0.32446502167200003,0.03396820151999999,0.0,0.088,7.6173684185526325,7.6173684,0.12202560802631712,0.0,0.088,0.0,-0.0,0.0,1
2012-07-07 07:30:00+00:00,0.0339603,0.32594217802575004,0.0353110709325,0.006,0.5,7.357368418552633,7.3573684,0.09838311855263271,0.0,0.494,0.0,-0.0,0.0,1
2012-07-07 08:00:00+00:00,0.0345507,0.32661744950175003,0.035924954092499996,0.006,0.4,7.149999997500001,7.15,0.09823341855263301,0.0,0.394,0.0,-0.0,0.0,1
2012-07-07 08:30:00+00:00,0.038499,0.3311333274975,0.040030297725,0.013,0.163,7.071052629078949,7.0710526,0.12588939750000083,0.0,0.15,0.0,-0.0,0.0,1
2012-07-07 09:00:00+00:00,0.04545465,0.33908886957412504,0.04726260870374999,0.038,0.2,6.985789471184212,6.9857895,0.17780362907894887,0.0,0.162,0.0,-0.0,0.0,1
2012-07-07 09:30:00+00:00,0.04822215,0.34225420461787504,0.05014018601624999,0.069,0.1,6.969473681710528,6.9694737,0.24323367118421224,0.0,0.031,0.0,-0.0,0.0,1
2012-07-07 10:00:00+00:00,0.04519635,0.338793438303375,0.04699403482125,0.125,0.25,6.903684208026317,6.9036842,0.3068952817105277,0.0,0.125,0.0,-0.0,0.0,1
2012-07-07 10:30:00+00:00,0.0423612,0.335550728403,0.044046116729999994,0.144,1.425,6.229473681710528,6.2294737,0.35290520802631686,0.0,1.281,2.220446049250313e-16,0.0,3.7253614460275307e-17,1
2012-07-07 11:00:00+00:00,0.03755805,0.149657113582625,0.03905192143875,0.156,1.888,6.229473681710528,6.2294737,1.8289472158983244e-08,0.0,0.0,1.732,0.0,0.12960306036255326,1
2012-07-07 11:30:00+00:00,0.0361497,0.14804630974925,0.037587554317499994,0.175,1.913,6.229473681710528,6.2294737,1.8289472158983244e-08,0.0,0.0,1.738,0.0,0.12865224317209825,1
2012-07-07 12:00:00+00:00,0.03559005,0.147406208662625,0.03700564423874999,0.156,0.488,6.229473681710528,6.2294737,1.8289472158983244e-08,0.0,0.0,0.33199999999999996,0.0,0.024469430637995747,1
2012-07-07 12:30:00+00:00,0.0348336,0.146541017084,0.036219106439999996,0.069,0.138,6.229473681710528,6.2294737,1.8289472158983244e-08,0.0,0.0,0.069,0.0,0.005055665089398,1
2012-07-07 13:00:00+00:00,0.0351165,0.14686458466625002,0.0365132587875,0.044,0.175,6.229473681710528,6.2294737,1.8289472158983244e-08,0.0,0.0,0.131,0.0,0.009619630295639376,1
2012-07-07 13:30:00+00:00,0.0346491,0.14632999474775002,0.0360272679525,0.031,0.138,6.229473681710528,6.2294737,1.8289472158983244e-08,0.0,0.0,0.10700000000000001,0.0,0.007828654719004628,1
2012-07-07 14:00:00+00:00,0.03389265,0.145464803169125,0.03524073015375,0.075,0.563,6.229473681710528,6.2294737,1.8289472158983244e-08,0.0,0.0,0.48799999999999993,0.0,0.03549341197326649,1
2012-07-07 14:30:00+00:00,0.0339726,0.1455562461815,0.035323860165,0.3,0.275,6.2413486817105275,6.2413487,1.8289472158983244e-08,0.025,0.0,5.551115123125783e-17,0.0,4.039997397217721e-18,1
2012-07-07 15:00:00+00:00,0.03395415,0.14553514394787498,0.03530467631625,0.1,0.213,6.2413486817105275,6.2413487,1.8289472158983244e-08,0.0,0.0,0.11299999999999999,0.0,0.008222735633054935,1
2012-07-07 15:30:00+00:00,0.0353625,0.14714594778125,0.036769043437499996,0.063,0.35,6.2413486817105275,6.2413487,1.8289472158983244e-08,0.0,0.0,0.287,0.0,0.021115443506609374,1
2012-07-07 16:00:00+00:00,0.0366294,0.14859496782349998,0.038086334385,0.031,0.3,6.2413486817105275,6.2413487,1.8289472158983244e-08,0.0,0.0,0.269,0.0,0.01998602317226075,1
2012-07-07 16:30:00+00:00,0.03818535,0.15037458952587499,0.03970417229625,0.006,0.3,6.086611839605264,6.0866118,0.24588458171052707,0.0,0.294,0.0,-0.0,0.0,1
2012-07-07 17:00:00+00:00,0.04407705,0.15711323613012498,0.045830214663749994,0.0,1.95,5.297138155394737,5.2971382,0.29380433960526364,0.0,1.5,0.44999999999999996,0.0,0.03535047812927812,1
2012-07-07 17:30:00+00:00,0.05060835,0.164583426833375,0.05262129712125,0.0,0.5,5.033980260657895,5.0339803,0.31980185539473727,0.0,0.5,0.0,-0.0,0.0,1
2012-07-07 18:00:00+00:00,0.0596181,0.17488835092025,0.061989409927499996,0.0,0.488,4.777138155394737,4.7771382,0.32447296065789466,0.0,0.488,0.0,-0.0,0.0,1
2012-07-07 18:30:00+00:00,0.06343725,0.179256513280625,0.06596046661874999,0.0,0.65,4.435032892236842,4.4350329,0.3152164553947365,0.0,0.65,0.0,-0.0,0.0,1
2012-07-07 19:00:00+00:00,0.0563463,0.17114622149074998,0.0585874740825,0.0,0.275,4.290296050131579,4.2902961,0.3037951922368425,0.0,0.275,0.0,-0.0,0.0,1
2012-07-07 19:30:00+00:00,0.0528039,0.16709459263475,0.0549041751225,0.006,0.188,4.194506576447369,4.1945066,0.3018150501315793,0.0,0.182,0.0,-0.0,0.0,1
2012-07-07 20:00:00+00:00,0.0481914,0.1618190342285,0.050108212935,0.0,0.125,4.128717102763158,4.1287171,0.32026277644736867,0.0,0.125,0.0,-0.0,0.0,1
2012-07-07 20:30:00+00:00,0.04465515,0.15777443945037498,0.04643130859124999,0.0,0.088,4.082401313289473,4.0824013,0.3618922027631579,0.0,0.088,0.0,-0.0,0.0,1
2012-07-07 21:00:00+00:00,0.0430377,0.15592447696925002,0.0447495245175,0.0,0.213,3.9702960501315787,3.9702961,0.4206820132894733,0.0,0.213,0.0,-0.0,0.0,1
2012-07-07 21:30:00+00:00,0.0379209,0.15007212417725,0.03942920379749999,0.0,0.113,3.9108223659210526,3.9108224,0.4860752501315786,0.0,0.113,0.0,-0.0,0.0,1
2012-07-07 22:00:00+00:00,0.03721365,0.149263205221625,0.03869382292875,0.0,0.206,3.8024013132894736,3.8024013,0.5427352659210527,0.0,0.206,0.0,-0.0,0.0,1
2012-07-07 22:30:00+00:00,0.0395076,0.151886916269,0.04107901479,0.0,1.613,3.0129276290789475,3.0129276,0.5752619132894736,0.0,1.5,0.11299999999999999,0.0,0.0085816107691985,1
2012-07-07 23:00:00+00:00,0.03797625,0.150135430878125,0.03948675534375,0.0,1.975,2.223453944868421,2.2234539,0.5723151290789477,0.0,1.5,0.4750000000000001,0.0,0.035657164833554696,1
2012-07-07 23:30:00+00:00,0.0375765,0.14967821581625002,0.0390711052875,0.0,1.7,1.4339802606578946,1.4339803,0.5287213448684209,0.0,1.5,0.19999999999999996,0.0,0.014967821581624997,1
2012-07-08 00:00:00+00:00,0.0359037,0.09826494663425002,0.037331769667499994,0.0,0.388,1.5874999994078947,1.5875,0.15351973934210528,0.32319945,0.0,0.7111994500000001,0.0,0.034942988000278986,1
2012-07-08 00:30:00+00:00,0.03378195,0.095838189767375,0.03512562706124999,0.0,0.175,2.299999999407895,2.3,0.7125000005921052,1.5,0.0,1.675,0.0,0.08026448393017657,1
2012-07-08 01:00:00+00:00,0.0338619,0.09592963277975002,0.0352087570725,0.0,0.113,3.0124999994078947,3.0125,0.7125000005921054,1.5,0.0,1.613,0.0,0.0773672488368684,1
2012-07-08 01:30:00+00:00,0.0339972,0.09608438249300001,0.03534943863,0.0,0.138,3.7249999994078946,3.725,0.7125000005921054,1.5,0.0,1.638,0.0,0.07869310926176701,1
2012-07-08 02:00:00+00:00,0.0341694,0.09628133667350001,0.035528487885,0.0,0.188,4.437499999407894,4.4375,0.7125000005921054,1.5,0.0,1.688,0.0,0.08126144815243401,1
2012-07-08 02:30:00+00:00,0.0336405,0.09567640597625002,0.034978550887499994,0.0,0.1,5.149999999407894,5.15,0.7125000005921063,1.5,0.0,1.6,0.0,0.07654112478100002,1
2012-07-08 03:00:00+00:00,0.0320415,0.09384754572875001,0.033315950662499996,0.0,0.1,5.862499999407895,5.8625,0.7125000005921054,1.5,0.0,1.6,0.0,0.07507803658300001,1
2012-07-08 03:30:00+00:00,0.03112515,0.09279946812537503,0.03236315284125,0.0,0.188,6.574999999407895,6.575,0.7125000005921054,1.5,0.0,1.688,0.0,0.07832275109781651,1
2012-07-08 04:00:00+00:00,0.0311559,0.09283463851475002,0.0323951259225,0.0,0.125,7.2874999994078955,7.2875,0.7125000005921045,1.5,0.0,1.625,0.0,0.07542814379323438,1
2012-07-08 04:30:00+00:00,0.03067005,0.09227894636262501,0.03188995123875,0.0,0.113,7.999999999407896,8.0,0.7125000005921045,1.5,0.0,1.613,0.0,0.07442297024145707,1
2012-07-08 05:00:00+00:00,0.03075615,0.322277423452875,0.031979475866249996,0.0,0.163,7.914210525723686,7.9142105,0.20383749940789553,0.0,0.163,0.0,-0.0,0.0,1
2012-07-08 05:30:00+00:00,0.03037485,0.321841310624625,0.031583009658749994,0.0,0.15,7.8352631573026335,7.8352632,0.20385532572368525,0.0,0.15,0.0,-0.0,0.0,1
2012-07-08 06:00:00+00:00,0.0302211,0.32166545867775004,0.0314231442525,0.0,0.113,7.775789473092107,7.7757895,0.18362545730263324,0.0,0.113,0.0,-0.0,0.0,1
2012-07-08 06:30:00+00:00,0.0305778,0.3220734351945,0.031794031995,0.0,0.125,7.709999999407897,7.71,0.15226547309210758,0.0,0.125,0.0,-0.0,0.0,1
2012-07-08 07:00:00+00:00,0.03124815,0.32284014968287505,0.032491045166249996,0.0,0.188,7.611052630986844,7.6110526,0.1165329994078963,0.0,0.188,0.0,-0.0,0.0,1
2012-07-08 07:30:00+00:00,0.0334068,0.32530911101700005,0.03473555546999999,0.0,0.1,7.558421052039476,7.5584211,0.09354253098684406,0.0,0.1,0.0,-0.0,0.0,1
2012-07-08 08:00:00+00:00,0.03404025,0.32603362103812505,0.035394200943749995,0.019,0.35,7.384210525723686,7.3842105,0.09408675203947592,0.0,0.331,0.0,5.551115123125783e-17,-9.823864206490173e-19,1
2012-07-08 08:30:00+00:00,0.03488895,0.32700432378487504,0.036276657986249995,0.038,0.475,7.154210525723686,7.1542105,0.12247242572368666,0.0,0.437,0.0,-0.0,0.0,1
2012-07-08 09:00:00+00:00,0.03495045,0.32707466456362505,0.03634060414875,0.05,0.125,7.114736841513159,7.1147368,0.17514392572368553,0.0,0.075,0.0,-0.0,0.0,1
2012-07-08 09:30:00+00:00,0.034686,0.326772199215,0.03606563565,0.088,0.138,7.088421052039475,7.0884211,0.24134944151315896,0.0,0.05,1.3877787807814457e-17,0.0,2.267437621099322e-18,1
2012-07-08 10:00:00+00:00,0.03563925,0.327862481285625,0.03705680116874999,0.331,0.188,7.156346052039475,7.1563461,0.3057948520394751,0.143,0.0,0.0,5.551115123125783e-17,-1.0285328469125663e-18,1
2012-07-08 10:30:00+00:00,0.03544245,0.3276373907936251,0.03685217344875,0.431,1.325,6.685819736250001,6.6858197,0.35258805203947485,0.0,0.894,0.0,1.1102230246251565e-16,-2.0457065735141054e-18,1
2012-07-08 11:00:00+00:00,0.03433545,0.145971256776125,0.03570114252375,0.469,1.938,6.685819736250001,6.6858197,3.625000122298161e-08,0.0,0.0,1.4689999999999999,0.0,0.1072158881020638,1
2012-07-08 11:30:00+00:00,0.03444615,0.146097870177875,0.03581624561625,0.488,2.138,6.685819736250001,6.6858197,3.625000122298161e-08,0.0,0.0,1.65,0.0,0.12053074289674688,1
2012-07-08 12:00:00+00:00,0.03442155,0.146069733866375,0.035790667151250004,0.481,0.438,6.706244736250001,6.7062447,3.625000122298161e-08,0.043,0.0,0.0,-0.0,0.0,1
2012-07-08 12:30:00+00:00,0.03444615,0.146097870177875,0.03581624561625,0.481,0.463,6.714794736250001,6.7147947,3.625000122298161e-08,0.018,0.0,5.551115123125783e-17,0.0,4.055030483004346e-18,1
2012-07-08 13:00:00+00:00,0.03381885,0.145380394234625,0.03516399475874999,0.456,0.163,6.853969736250001,6.8539697,3.625000122298161e-08,0.293,0.0,0.0,5.551115123125783e-17,-9.759969154740642e-19,1
2012-07-08 13:30:00+00:00,0.033825,0.1453874283125,0.035170389375,0.4,0.225,6.937094736250001,6.9370947,3.625000033480319e-08,0.175,0.0,0.0,-0.0,0.0,1
2012-07-08 14:00:00+00:00,0.03381885,0.145380394234625,0.03516399475874999,0.356,0.263,6.981269736250001,6.9812697,3.625000033480319e-08,0.093,0.0,0.0,-0.0,0.0,1
2012-07-08 14:30:00+00:00,0.03375735,0.145310053455875,0.03510004859625,0.3,0.1,7.07626973625,7.0762697,3.625000033480319e-08,0.2,0.0,5.551115123125783e-17,0.0,4.033164176405618e-18,1
2012-07-08 15:00:00+00:00,0.03384345,0.14540853054612501,0.03518957322374999,0.238,0.125,7.129944736250001,7.1299447,3.625000033480319e-08,0.113,0.0,0.0,-0.0,0.0,1
2012-07-08 15:30:00+00:00,0.03444615,0.146097870177875,0.03581624561625,0.163,0.2,7.1104710520394745,7.1104711,0.041643936250000735,0.0,0.037,6.938893903907228e-18,0.0,5.068788103755433e-19,1
2012-07-08 16:00:00+00:00,0.0344154,0.1460626997885,0.035784272534999995,0.044,0.125,7.088300772039474,7.0883008,0.022170252039474647,0.0,0.042123532,0.038876468000000004,0.0,0.002839200937160614,1
2012-07-08 16:30:00+00:00,0.0351165,0.14686458466625002,0.0365132587875,0.031,0.113,7.0451428773026326,7.0451429,0.25375217203947464,0.0,0.082,0.0,-0.0,0.0,1
2012-07-08 17:00:00+00:00,0.04011645,0.152583289978625,0.041712081798749995,0.006,0.238,6.923037614144738,6.9230376,0.3022686773026324,0.0,0.232,0.0,2.7755575615628914e-17,-5.78871420225252e-19,1
2012-07-08 17:30:00+00:00,0.0465309,0.15991983320225,0.0483816665475,0.0,0.313,6.758300772039474,6.7583008,0.32885801414473725,0.0,0.313,0.0,-0.0,0.0,1
2012-07-08 18:00:00+00:00,0.05857875,0.173699591759375,0.060908719781249995,0.0,0.725,6.376721824671053,6.3767218,0.3341165720394743,0.0,0.725,0.0,-0.0,0.0,1
2012-07-08 18:30:00+00:00,0.0590646,0.1742552839115,0.061413894465,0.0,0.988,5.8567218246710535,5.8567218,0.32544202467105343,0.0,0.988,0.0,-0.0,0.0,1
2012-07-08 19:00:00+00:00,0.05600805,0.170759347207625,0.05823577018874999,0.0,0.838,5.415669193092106,5.4156692,0.3145949246710531,0.0,0.838,0.0,-0.0,0.0,1
2012-07-08 19:30:00+00:00,0.051168,0.16522352792,0.05320320719999999,0.0,1.038,4.869353403618422,4.8693534,0.3131819930921065,0.0,1.038,0.0,-0.0,0.0,1
2012-07-08 20:00:00+00:00,0.04977195,0.163626792242375,0.05175162931125,0.0,1.388,4.138827087828948,4.1388271,0.33217500361842145,0.0,1.388,0.0,-0.0,0.0,1
2012-07-08 20:30:00+00:00,0.0468753,0.16031374156325,0.048739765057499995,0.0,1.413,3.3951428773026318,3.3951429,0.3743231878289479,0.0,1.413,0.0,-0.0,0.0,1
2012-07-08 21:00:00+00:00,0.04126035,0.153891628463375,0.04290148042125,0.0,0.8,2.9740902457236844,2.9740902,0.4336085773026319,0.0,0.8,0.0,-0.0,0.0,1
2012-07-08 21:30:00+00:00,0.0430254,0.15591040881350002,0.044736735284999996,0.0,0.775,2.566195508881579,2.5661955,0.4994650457236842,0.0,0.775,0.0,-0.0,0.0,1
2012-07-08 22:00:00+00:00,0.0392493,0.15159148499825,0.0408104409075,0.0,0.525,2.289879719407895,2.2898797,0.5565531088815789,0.0,0.525,0.0,-0.0,0.0,1
2012-07-08 22:30:00+00:00,0.0363711,0.14829953655275,0.0378177605025,0.0,1.688,1.5004060351973687,1.500406,0.589471119407895,0.0,1.5,0.18799999999999994,0.0,0.013940156435958495,1
2012-07-08 23:00:00+00:00,0.03563925,0.147462481285625,0.03705680116874999,0.0,1.931,1.5004060351973687,1.500406,3.5197368797312834e-08,0.0,0.0,1.931,0.0,0.14237502568127094,1
2012-07-08 23:30:00+00:00,0.0360759,0.14796190081475,0.037510818922499994,0.0,1.413,1.0,1.0,0.5004060351973687,0.0,0.95077147,0.4622285300000001,0.0,0.03419610595480385,1
2012-07-09 00:00:00+00:00,0.03561465,0.09793434497412501,0.03703122270374999,0.0,0.3,1.5874999975000001,1.5875,0.5874999999999999,1.2368421,0.0,1.5368421,0.0,0.07525481219607937,1
2012-07-09 00:30:00+00:00,0.03374505,0.09579598530012501,0.03508725936375,0.0,0.2,2.2999999975,2.3,0.7125000024999997,1.5,0.0,1.7,0.0,0.08142658750510626,1
2012-07-09 01:00:00+00:00,0.03391725,0.09599293948062503,0.03526630861875,0.0,0.15,3.0124999975,3.0125,0.7125000025000001,1.5,0.0,1.65,0.0,0.07919417507151565,1
2012-07-09 01:30:00+00:00,0.0341202,0.09622506405050002,0.035477330955000004,0.0,0.075,3.7249999975,3.725,0.7125000025000001,1.5,0.0,1.575,0.0,0.07577723793976876,1
2012-07-09 02:00:00+00:00,0.0338496,0.09591556462400001,0.03519596784,0.0,0.138,4.4374999975,4.4375,0.7125000025000001,1.5,0.0,1.638,0.0,0.07855484742705601,1
2012-07-09 02:30:00+00:00,0.03370815,0.095753780832875,0.03504889166625,0.0,0.175,5.1499999975,5.15,0.7125000025000006,1.5,0.0,1.675,0.0,0.08019379144753282,1
2012-07-09 03:00:00+00:00,0.0326688,0.09456502167199998,0.03396820151999999,0.0,0.088,5.8624999975000005,5.8625,0.7125000024999997,1.5,0.0,1.588,0.0,0.07508462720756799,1
2012-07-09 03:30:00+00:00,0.03153105,0.093263717265125,0.032785197513749996,0.0,0.113,6.574999997500001,6.575,0.7125000024999997,1.5,0.0,1.613,0.0,0.07521718797432331,1
2012-07-09 04:00:00+00:00,0.0311928,0.092876842982,0.032433493619999997,0.0,0.15,7.287499997500001,7.2875,0.7125000024999988,1.5,0.0,1.65,0.0,0.07662339546015,1
2012-07-09 04:30:00+00:00,0.03178935,0.09355914853587502,0.03305377139625,0.0,0.125,7.999999997500002,8.0,0.7125000024999988,1.5,0.0,1.625,0.0,0.07601680818539845,1
2012-07-09 05:00:00+00:00,0.03415095,0.326160234439875,0.035509304036249995,0.0,0.113,7.9405263132894754,7.9405263,0.21983679750000196,0.0,0.113,0.0,-0.0,0.0,1
2012-07-09 05:30:00+00:00,0.0344892,0.3265471087230001,0.035861007929999994,0.0,0.1,7.887894734342107,7.8878947,0.21972331328947536,0.0,0.1,0.0,-0.0,0.0,1
2012-07-09 06:00:00+00:00,0.03604515,0.328326730425375,0.03747884584125,0.0,0.2,7.78263157644737,7.7826316,0.19932413434210705,0.0,0.2,0.0,-0.0,0.0,1
2012-07-09 06:30:00+00:00,0.04057155,0.33350381174137506,0.042185283401249996,0.0,0.1,7.729999997500002,7.73,0.16775757644736977,0.0,0.1,0.0,-0.0,0.0,1
2012-07-09 07:00:00+00:00,0.0448581,0.33840656402025,0.046642330927499996,0.0,0.438,7.499473681710528,7.4994737,0.1318207975000023,0.0,0.438,0.0,-0.0,0.0,1
2012-07-09 07:30:00+00:00,0.04326525,0.33658473785062504,0.044986125318749993,0.006,0.375,7.305263155394739,7.3052632,0.10861168171052782,0.0,0.369,0.0,-0.0,0.0,1
2012-07-09 08:00:00+00:00,0.0521028,0.34669270775700006,0.05417518886999999,0.006,0.2,7.203157892236844,7.2031579,0.10892155539473869,0.0,0.194,0.0,-0.0,0.0,1
2012-07-09 08:30:00+00:00,0.0554484,0.35051924612100005,0.05765386011,0.019,0.125,7.147368418552634,7.1473684,0.13705409223684484,0.0,0.106,0.0,-0.0,0.0,1
2012-07-09 09:00:00+00:00,0.0549933,0.34999872435825,0.057180658507499996,0.019,0.163,7.071578944868423,7.0715789,0.18944841855263395,0.0,0.144,2.7755575615628914e-17,0.0,4.857208029649535e-18,1
2012-07-09 09:30:00+00:00,0.0552762,0.3503222919405,0.057474810854999996,0.1,0.15,7.045263155394739,7.0452632,0.2553462448684236,0.0,0.05,0.0,1.3877787807814457e-17,-3.9881161466998047e-19,1
2012-07-09 10:00:00+00:00,0.0532221,0.34797290993025004,0.0553390090275,0.344,0.1,7.161163155394739,7.1611632,0.31944705539473883,0.244,0.0,0.0,-0.0,0.0,1
2012-07-09 10:30:00+00:00,0.04862805,0.342718453757625,0.050562230688749994,0.438,3.313,6.3716894711842125,6.3716895,0.3658531553947393,0.0,1.5,1.375,0.0,0.2356189369583672,1
2012-07-09 11:00:00+00:00,0.04844355,0.162107431421375,0.050370392201249996,0.425,4.175,5.582215786973686,5.5822158,0.38225777118421256,0.0,1.5,2.25,0.0,0.18237086034904687,1
2012-07-09 11:30:00+00:00,0.0465924,0.159990173981,0.048445612709999995,0.456,1.863,4.841689471184212,4.8416895,0.3632606869736863,0.0,1.407,0.0,-0.0,0.0,1
2012-07-09 12:00:00+00:00,0.04737345,0.160883501871125,0.04925772897374999,0.456,0.6,4.765899997500002,4.7659,0.31192437118421257,0.0,0.144,0.0,2.7755575615628914e-17,-6.835883105925365e-19,1
2012-07-09 12:30:00+00:00,0.0466908,0.160102719227,0.04854792656999999,0.45,0.225,4.872774997500001,4.872775,0.23915109750000152,0.225,0.0,0.0,-0.0,0.0,1
2012-07-09 13:00:00+00:00,0.0467646,0.1601871281615,0.048624661964999996,0.394,0.138,4.994374997500001,4.994375,0.16103719750000156,0.256,0.0,0.0,-0.0,0.0,1
2012-07-09 13:30:00+00:00,0.04620495,0.159547027074875,0.04804275188625,0.363,0.1,5.1192999975000015,5.1193,0.09489949750000104,0.263,0.0,0.0,-0.0,0.0,1
2012-07-09 14:00:00+00:00,0.0457437,0.15901947123425,0.047563155667499996,0.313,0.138,5.202424997500001,5.202425,0.05501749750000151,0.175,0.0,0.0,-0.0,0.0,1
2012-07-09 14:30:00+00:00,0.0430992,0.155994817748,0.044813470679999995,0.294,0.188,5.252774997500001,5.252775,2.499998430494088e-09,0.106,0.0,0.0,-0.0,0.0,1
2012-07-09 15:00:00+00:00,0.0410943,0.15370170836075,0.0427288257825,0.244,0.125,5.309299997500001,5.3093,2.499998430494088e-09,0.119,0.0,0.0,-0.0,0.0,1
2012-07-09 15:30:00+00:00,0.0409344,0.15351882233599998,0.04256256576,0.175,0.263,5.309299997500001,5.3093,2.499999318672508e-09,0.0,0.0,0.08800000000000002,0.0,0.006754828182784001,1
2012-07-09 16:00:00+00:00,0.04148175,0.15414485526687502,0.04313168660625,0.05,0.263,5.309299997500001,5.3093,2.499999318672508e-09,0.0,0.0,0.21300000000000002,0.0,0.01641642708592219,1
2012-07-09 16:30:00+00:00,0.0406515,0.15319525475375,0.0422684134125,0.031,0.163,5.309299997500001,5.3093,2.499999318672508e-09,0.0,0.0,0.132,0.0,0.010110886813747501,1
2012-07-09 17:00:00+00:00,0.04199835,0.154735717808375,0.04366883437124999,0.0,0.225,5.309299997500001,5.3093,2.499999318672508e-09,0.0,0.0,0.225,0.0,0.017407768253442188,1
2012-07-09 17:30:00+00:00,0.0454608,0.158695903652,0.04726900332,0.0,0.544,5.022984208026317,5.0229842,0.33283149750000085,0.0,0.544,0.0,-0.0,0.0,1
2012-07-09 18:00:00+00:00,0.08497455,0.203889853998875,0.08835441272624998,0.0,0.413,4.805615786973686,4.8056158,0.33734150802631735,0.0,0.413,0.0,-0.0,0.0,1
2012-07-09 18:30:00+00:00,0.14653605,0.27430097352762495,0.15236452138874998,0.0,0.225,4.687194734342107,4.6871947,0.32793438697368593,0.0,0.225,0.0,-0.0,0.0,1
2012-07-09 19:00:00+00:00,0.0823731,0.20091443905775003,0.0856494900525,0.0,0.213,4.575089471184212,4.5750895,0.3163718343421067,0.0,0.213,0.0,-0.0,0.0,1
2012-07-09 19:30:00+00:00,0.05312985,0.167467398762125,0.05524308978375,0.0,0.325,4.404036839605264,4.4040368,0.31426537118421205,0.0,0.325,0.0,-0.0,0.0,1
2012-07-09 20:00:00+00:00,0.0465924,0.159990173981,0.048445612709999995,0.0,0.325,4.232984208026316,4.2329842,0.33257513960526364,0.0,0.325,0.0,-0.0,0.0,1
2012-07-09 20:30:00+00:00,0.0482775,0.16191751131874998,0.0501977375625,0.0,0.2,4.127721050131579,4.1277211,0.37405000802631605,0.0,0.2,0.0,-0.0,0.0,1
2012-07-09 21:00:00+00:00,0.0465924,0.159990173981,0.048445612709999995,0.0,0.225,4.0092999975,4.0093,0.432678050131579,0.0,0.225,0.0,-0.0,0.0,1
2012-07-09 21:30:00+00:00,0.04085445,0.153427379323625,0.04247943574875,0.0,0.25,3.877721050131579,3.8777211,0.4978878975000005,0.0,0.25,0.0,-0.0,0.0,1
2012-07-09 22:00:00+00:00,0.0380685,0.15024094204625,0.03958267458749999,0.0,0.363,3.6866684185526317,3.6866684,0.5543400501315792,0.0,0.363,0.0,-0.0,0.0,1
2012-07-09 22:30:00+00:00,0.05354805,0.16794571605762498,0.05567792368874999,0.0,1.738,2.897194734342105,2.8971947,0.5866347185526317,0.0,1.5,0.238,0.0,0.019985540210857373,1
2012-07-09 23:00:00+00:00,0.0442431,0.15730315623274999,0.04600286930249999,0.0,1.988,2.1077210501315786,2.1077211,0.5834350343421053,0.0,1.5,0.488,0.0,0.038381970120791,1
2012-07-09 23:30:00+00:00,0.04609425,0.159420413673125,0.04792764879375,0.0,1.625,1.3182473659210523,1.3182474,0.5395846501315786,0.0,1.5,0.125,0.0,0.009963775854570313,1
2012-07-10 00:00:00+00:00,0.0440955,0.10763433836375,0.04584939851249999,0.0,0.5,1.5874999996710524,1.5875,0.2692526340789476,0.56684765,0.0,1.0668476500000001,0.0,0.05741472047133577,1
2012-07-10 00:30:00+00:00,0.04249035,0.105798444038375,0.04418040367125,0.0,0.138,2.2999999996710523,2.3,0.7125000003289474,1.5,0.0,1.638,0.0,0.08664892566742913,1
2012-07-10 01:00:00+00:00,0.04246575,0.105770307726875,0.04415482520625,0.0,0.113,3.012499999671052,3.0125,0.7125000003289479,1.5,0.0,1.613,0.0,0.08530375318172469,1
2012-07-10 01:30:00+00:00,0.04379415,0.10728966854787501,0.045536062316249994,0.006,0.175,3.724999999671052,3.725,0.7125000003289479,1.5,0.0,1.669,0.0,0.0895332284032017,1
2012-07-10 02:00:00+00:00,0.04001805,0.10297074473262502,0.04160976793874999,0.0,0.138,4.4374999996710525,4.4375,0.7125000003289479,1.5,0.0,1.638,0.0,0.08433303993601989,1
2012-07-10 02:30:00+00:00,0.03590985,0.098271980712125,0.037338164283749996,0.0,0.125,5.149999999671053,5.15,0.7125000003289479,1.5,0.0,1.625,0.0,0.07984598432860157,1
2012-07-10 03:00:00+00:00,0.0353748,0.09766001593700001,0.03678183266999999,0.0,0.088,5.862499999671053,5.8625,0.712500000328947,1.5,0.0,1.588,0.0,0.07754205265397801,1
2012-07-10 03:30:00+00:00,0.0349443,0.09716763048574999,0.036334209532499995,0.0,0.313,6.5749999996710535,6.575,0.712500000328947,1.5,0.0,1.813,0.0,0.08808245703533236,1
2012-07-10 04:00:00+00:00,0.03388035,0.095950735013375,0.03522794092124999,0.0,0.275,7.287499999671054,7.2875,0.7125000003289461,1.5,0.0,1.775,0.0,0.08515627732437031,1
2012-07-10 04:30:00+00:00,0.03444615,0.09659787017787502,0.03581624561625,0.0,0.113,7.999999999671054,8.0,0.7125000003289461,1.5,0.0,1.613,0.0,0.07790618229845621,1
2012-07-10 05:00:00+00:00,0.03495045,0.32707466456362505,0.03634060414875,0.0,0.125,7.934210525986844,7.9342105,0.21112979967105439,0.0,0.125,0.0,-0.0,0.0,1
2012-07-10 05:30:00+00:00,0.03749655,0.329986772803875,0.03898797527624999,0.0,0.175,7.842105262828949,7.8421053,0.21077552598684335,0.0,0.175,0.0,-0.0,0.0,1
2012-07-10 06:00:00+00:00,0.0397044,0.332512006761,0.041283642509999996,0.0,0.125,7.776315789144738,7.7763158,0.19016946282894853,0.0,0.125,0.0,-0.0,0.0,1
2012-07-10 06:30:00+00:00,0.0424473,0.33564920549325,0.0441356413575,0.0,0.375,7.5789473680921065,7.5789474,0.15843048914473812,0.0,0.375,0.0,-0.0,0.0,1
2012-07-10 07:00:00+00:00,0.0454977,0.33913810811925005,0.0473073710175,0.0,0.563,7.282631578618422,7.2826316,0.12239496809210682,0.0,0.563,0.0,-0.0,0.0,1
2012-07-10 07:30:00+00:00,0.0415125,0.33458002565625006,0.043163659687499994,0.006,0.425,7.062105262828949,7.0621053,0.09914347861842199,0.0,0.419,0.0,-0.0,0.0,1
2012-07-10 08:00:00+00:00,0.04995645,0.344237814578625,0.05194346779875,0.025,0.125,7.0094736838815805,7.0094737,0.0994652628289483,0.0,0.1,0.0,-0.0,0.0,1
2012-07-10 08:30:00+00:00,0.05535615,0.35041373495287503,0.05755794086625,0.056,0.1,6.986315789144738,6.9863158,0.12765958388158083,0.0,0.044,6.938893903907228e-18,0.0,1.215741864654934e-18,1
2012-07-10 09:00:00+00:00,0.05650005,0.351722073437625,0.05874733948875,0.106,0.125,6.9763157891447385,6.9763158,0.18015918914473872,0.0,0.019,3.469446951953614e-18,0.0,6.101405378114867e-19,1
2012-07-10 09:30:00+00:00,0.05739795,0.35274904880737507,0.05968095346125,0.131,0.188,6.946315789144738,6.9463158,0.24619778914473844,0.0,0.057,0.0,6.938893903907228e-18,-2.070599020758193e-19,1
2012-07-10 10:00:00+00:00,0.0528777,0.34757900156925003,0.0549809105175,0.281,0.1,7.032290789144739,7.0322908,0.3104668891447382,0.181,0.0,0.0,-0.0,0.0,1
2012-07-10 10:30:00+00:00,0.0541815,0.34907022607875005,0.056336569162499996,0.363,1.313,6.532290789144739,6.5322908,0.35706108914473855,0.0,0.95,0.0,-0.0,0.0,1
2012-07-10 11:00:00+00:00,0.05367105,0.168086397615125,0.055805816013749995,0.269,2.413,5.742817104934212,5.7428171,0.37366748914473824,0.0,1.5,0.6439999999999997,0.0,0.054123820032070225,1
2012-07-10 11:30:00+00:00,0.0571212,0.172032515303,0.059393195729999994,0.15,4.513,4.9533434207236855,4.9533434,0.3548817049342121,0.0,1.5,2.8629999999999995,0.0,0.24626454565624448,1
2012-07-10 12:00:00+00:00,0.05330205,0.167664352942625,0.05542213903875,0.319,1.825,4.163869736513159,4.1638697,0.30376382072368546,0.0,1.5,0.006000000000000005,0.0,0.0005029930588278754,1
2012-07-10 12:30:00+00:00,0.05365875,0.168072329459375,0.05579302678124999,0.25,0.238,4.169569736513159,4.1695697,0.231215236513159,0.012,0.0,0.0,-0.0,0.0,1
2012-07-10 13:00:00+00:00,0.05022705,0.164147314005125,0.05222483091375,0.294,0.15,4.237969736513159,4.2379697,0.15333303651315866,0.144,0.0,0.0,-0.0,0.0,1
2012-07-10 13:30:00+00:00,0.0530253,0.16734781943825,0.055134381307499994,0.288,0.2,4.279769736513159,4.2797697,0.08743563651315878,0.088,0.0,5.551115123125783e-17,0.0,4.644835056528962e-18,1
2012-07-10 14:00:00+00:00,0.05400315,0.168466237820375,0.05615112529125,0.144,0.213,4.243453947039475,4.2434539,0.04780433651315885,0.0,0.069,0.0,-0.0,0.0,1
2012-07-10 14:30:00+00:00,0.05324055,0.167594012163875,0.05535819287625,0.169,0.138,4.258178947039475,4.2581789,0.04225494703947508,0.031,0.0,0.0,-0.0,0.0,1
2012-07-10 15:00:00+00:00,0.0515247,0.16563150443675,0.0535740949425,0.069,0.138,4.2218631575657914,4.2218632,0.0704282470394757,0.0,0.069,0.0,-0.0,0.0,1
2012-07-10 15:30:00+00:00,0.05509785,0.16971830368212498,0.057289366983749986,0.044,0.225,4.126599999671055,4.1266,0.12422655756579104,0.0,0.181,0.0,-0.0,0.0,1
2012-07-10 16:00:00+00:00,0.05747175,0.17243345774187502,0.05975768885625,0.013,0.188,4.03449473651316,4.0344947,0.1902483996710549,0.0,0.175,0.0,-0.0,0.0,1
2012-07-10 16:30:00+00:00,0.05959965,0.17486724868662498,0.06197022607874999,0.0,0.231,3.9129157891447393,3.9129158,0.2535433365131601,0.0,0.231,0.0,-0.0,0.0,1
2012-07-10 17:00:00+00:00,0.0533574,0.1677276596435,0.055479690585,0.0,0.4,3.7023894733552654,3.7023895,0.30165828914473947,0.0,0.4,0.0,-0.0,0.0,1
2012-07-10 17:30:00+00:00,0.05918145,0.174388931391125,0.061535392173749995,0.0,0.5,3.4392315786184233,3.4392316,0.3278821733552655,0.0,0.5,0.0,-0.0,0.0,1
2012-07-10 18:00:00+00:00,0.0989781,0.21990644932025002,0.1029149539275,0.0,0.95,2.9392315786184233,2.9392316,0.3328163786184235,0.0,0.95,0.0,-0.0,0.0,1
2012-07-10 18:30:00+00:00,0.11472825,0.23792072275812498,0.11929156614374999,0.0,0.7,2.5708105259868446,2.5708105,0.3238610786184233,0.0,0.7,0.0,-0.0,0.0,1
2012-07-10 19:00:00+00:00,0.05653695,0.171364277904875,0.05878570718625,0.0,0.713,2.195547368092108,2.1955474,0.31277552598684455,0.0,0.713,0.0,-0.0,0.0,1
2012-07-10 19:30:00+00:00,0.04469205,0.157816643917625,0.04646967628874999,0.0,0.4,1.9850210523026341,1.9850211,0.3111719680921079,0.0,0.4,0.0,-0.0,0.0,1
2012-07-10 20:00:00+00:00,0.042189,0.1549537742225,0.043867067475,0.0,0.888,1.9850210523026341,1.9850211,4.769736583476458e-08,0.0,0.0,0.888,0.0,0.06879947575479001,1
2012-07-10 20:30:00+00:00,0.0427671,0.15561497754275,0.0444681614025,0.0,1.513,1.9850210523026341,1.9850211,4.769736583476458e-08,0.0,0.0,1.513,0.0,0.11772273051109036,1
2012-07-10 21:00:00+00:00,0.043419,0.15636058979749998,0.045145990724999994,0.0,1.35,1.9850210523026341,1.9850211,4.769736583476458e-08,0.0,0.0,1.35,0.0,0.1055433981133125,1
2012-07-10 21:30:00+00:00,0.04191225,0.154637240718125,0.043579309743749996,0.0,0.675,1.9850210523026341,1.9850211,4.769736583476458e-08,0.0,0.0,0.675,0.0,0.052190068742367195,1
2012-07-10 22:00:00+00:00,0.03757035,0.149671181738375,0.039064710671249996,0.0,0.65,1.9850210523026341,1.9850211,4.769736583476458e-08,0.0,0.0,0.65,0.0,0.04864313406497187,1
2012-07-10 22:30:00+00:00,0.0511311,0.16518132345275,0.05316483950249999,0.0,1.806,1.1955473680921078,1.1955474,0.5866677523026342,0.0,1.5,0.30600000000000005,0.0,0.025272742488270755,1
2012-07-10 23:00:00+00:00,0.03969825,0.152104972683125,0.041277247893749994,0.0,2.288,1.1955473680921078,1.1955474,3.1907892106275426e-08,0.0,0.0,2.288,0.0,0.174008088749495,1
2012-07-10 23:30:00+00:00,0.04455675,0.157661894204375,0.046328994731249996,0.0,2.275,1.0,1.0,0.19554736809210782,0.0,0.37154,1.90346,0.0,0.1500515545711298,1
2012-07-11 00:00:00+00:00,0.037023,0.09954514880750001,0.038495589824999996,0.0,1.575,1.5874999975000001,1.5875,0.5874999999999999,1.2368421,0.0,2.8118421,0.0,0.13995262013384666,1
2012-07-11 00:30:00+00:00,0.0363219,0.09874326392975,0.037766603572499995,0.0,0.363,2.2999999975,2.3,0.7125000024999997,1.5,0.0,1.863,0.0,0.09197935035056212,1
2012-07-11 01:00:00+00:00,0.03642645,0.098862843253625,0.03787531204875,0.0,0.138,3.0124999975,3.0125,0.7125000025000001,1.5,0.0,1.638,0.0,0.08096866862471887,1
2012-07-11 01:30:00+00:00,0.036654,0.09912310413500001,0.03811191285,0.0,0.125,3.7249999975,3.725,0.7125000025000001,1.5,0.0,1.625,0.0,0.08053752210968751,1
2012-07-11 02:00:00+00:00,0.03508575,0.097329414276875,0.03648128570625,0.0,0.188,4.4374999975,4.4375,0.7125000025000001,1.5,0.0,1.688,0.0,0.0821460256496825,1
2012-07-11 02:30:00+00:00,0.0342678,0.09639388191949999,0.035630801744999996,0.0,0.138,5.1499999975,5.15,0.7125000025000006,1.5,0.0,1.638,0.0,0.07894658929207049,1
2012-07-11 03:00:00+00:00,0.0337389,0.09578895122225002,0.0350808647475,0.0,0.125,5.8624999975000005,5.8625,0.7125000024999997,1.5,0.0,1.625,0.0,0.07782852286807815,1
2012-07-11 03:30:00+00:00,0.03357285,0.095599031119625,0.03490821010875,0.0,0.088,6.574999997500001,6.575,0.7125000024999997,1.5,0.0,1.588,0.0,0.07590563070898226,1
2012-07-11 04:00:00+00:00,0.03322845,0.09520512275862501,0.034550111598749995,0.0,0.263,7.287499997500001,7.2875,0.7125000024999988,1.5,0.0,1.763,0.0,0.08392331571172794,1
2012-07-11 04:30:00+00:00,0.0325335,0.09441027195875,0.0338275199625,0.0,0.425,7.999999997500002,8.0,0.7125000024999988,1.5,0.0,1.925,0.0,0.09086988676029688,1
2012-07-11 05:00:00+00:00,0.033456,0.32536538364,0.034786712399999996,0.0,0.2,7.894736839605264,7.8947368,0.21684689750000175,0.0,0.2,0.0,-0.0,0.0,1
2012-07-11 05:30:00+00:00,0.03412635,0.32613209812837507,0.03548372557125,0.0,0.113,7.835263155394738,7.8352632,0.21679103960526458,0.0,0.113,0.0,-0.0,0.0,1
2012-07-11 06:00:00+00:00,0.0354855,0.32768662933875,0.0368969357625,0.0,0.163,7.749473681710528,7.7494737,0.19645675539473828,0.0,0.163,0.0,-0.0,0.0,1
2012-07-11 06:30:00+00:00,0.03806235,0.33063390796837505,0.03957627997125,0.0,0.2,7.644210523815791,7.6442105,0.16496148171052827,0.0,0.2,0.0,-0.0,0.0,1
2012-07-11 07:00:00+00:00,0.04124805,0.334277560307625,0.042888691188749994,0.006,0.3,7.489473681710527,7.4894737,0.12918012381579125,0.0,0.294,0.0,-0.0,0.0,1
2012-07-11 07:30:00+00:00,0.03568845,0.327918753908625,0.03710795809874999,0.0,0.325,7.31842105013158,7.3184211,0.10617468171052735,0.0,0.325,0.0,-0.0,0.0,1
2012-07-11 08:00:00+00:00,0.0405162,0.33344050504050005,0.042127731854999996,0.006,0.438,7.091052629078948,7.0910526,0.10673145013157992,0.0,0.432,0.0,-0.0,0.0,1
2012-07-11 08:30:00+00:00,0.0424104,0.33560700102600005,0.04409727366,0.013,0.238,6.97263157644737,6.9726316,0.13514492907894837,0.0,0.225,0.0,2.7755575615628914e-17,-6.119726067566056e-19,1
2012-07-11 09:00:00+00:00,0.0420783,0.33522716082075005,0.0437519643825,0.013,0.25,6.847894734342106,6.8478947,0.18784087644736935,0.0,0.237,0.0,-0.0,0.0,1
2012-07-11 09:30:00+00:00,0.0422259,0.33539597868975,0.0439054351725,0.106,0.263,6.765263155394738,6.7652632,0.25404513434210596,0.0,0.157,2.7755575615628914e-17,0.0,4.65455422385061e-18,1
2012-07-11 10:00:00+00:00,0.0397905,0.33261048385125,0.04137316713749999,0.35,0.363,6.75842105013158,6.7584211,0.31844095539473827,0.0,0.013,1.214306433183765e-17,0.0,2.0194552514246884e-18,1
2012-07-11 10:30:00+00:00,0.0403932,0.333299823483,0.04199983953,0.45,1.438,6.2384210501315795,6.2384211,0.36511565013158,0.0,0.988,0.0,-0.0,0.0,1
2012-07-11 11:00:00+00:00,0.0371091,0.14914362589775,0.03858511445249999,0.481,1.8,5.54421052381579,5.5442105,0.3817509501315799,0.0,1.319,0.0,-0.0,0.0,1
2012-07-11 11:30:00+00:00,0.036654,0.148623104135,0.03811191285,0.494,1.713,4.902631576447369,4.9026316,0.3629387238157902,0.0,1.219,0.0,-0.0,0.0,1
2012-07-11 12:00:00+00:00,0.0368262,0.14882005831550002,0.038290962105000007,0.481,0.388,4.946806576447369,4.9468066,0.31173767644736916,0.093,0.0,0.0,-0.0,0.0,1
2012-07-11 12:30:00+00:00,0.0359529,0.14782121925725003,0.037382926597500005,0.475,0.125,5.113056576447369,5.1130566,0.23904967644736974,0.35,0.0,0.0,-0.0,0.0,1
2012-07-11 13:00:00+00:00,0.03482745,0.146533983006125,0.03621271182375,0.438,0.113,5.267431576447369,5.2674316,2.355263095665805e-08,0.325,0.0,0.0,-0.0,0.0,1
2012-07-11 13:30:00+00:00,0.03444615,0.146097870177875,0.03581624561625,0.406,0.138,5.394731576447369,5.3947316,2.355263095665805e-08,0.268,0.0,0.0,-0.0,0.0,1
2012-07-11 14:00:00+00:00,0.03417555,0.145788370751375,0.03553488250125,0.344,0.2,5.463131576447369,5.4631316,2.355263095665805e-08,0.144,0.0,0.0,-0.0,0.0,1
2012-07-11 14:30:00+00:00,0.0338496,0.145415564624,0.03519596784,0.288,0.088,5.558131576447368,5.5581316,2.355263095665805e-08,0.2,0.0,5.551115123125783e-17,0.0,4.0360926996108045e-18,1
2012-07-11 15:00:00+00:00,0.0338619,0.14542963277975,0.0352087570725,0.244,0.113,5.620356576447368,5.6203566,2.355263184483647e-08,0.131,0.0,0.0,-0.0,0.0,1
2012-07-11 15:30:00+00:00,0.034071,0.1456687914275,0.035426174025,0.156,0.15,5.623206576447368,5.6232066,2.355263184483647e-08,0.006,0.0,0.0,-0.0,0.0,1
2012-07-11 16:00:00+00:00,0.03416325,0.14577430259562502,0.03552209326875,0.05,0.338,5.623206576447368,5.6232066,2.355263184483647e-08,0.0,0.0,0.28800000000000003,0.0,0.020991499573770004,1
2012-07-11 16:30:00+00:00,0.03293325,0.14436748702062502,0.03424317001874999,0.019,0.413,5.623206576447368,5.6232066,2.355263184483647e-08,0.0,0.0,0.39399999999999996,0.0,0.028440394943063125,1
2012-07-11 17:00:00+00:00,0.03360975,0.145141235586875,0.03494657780625,0.006,0.175,5.623206576447368,5.6232066,2.355263184483647e-08,0.0,0.0,0.16899999999999998,0.0,0.012264434407090937,1
2012-07-11 17:30:00+00:00,0.0387819,0.15105689507975,0.0403244500725,0.0,0.638,5.287417102763158,5.2874171,0.33200927644736744,0.0,0.638,0.0,-0.0,0.0,1
2012-07-11 18:00:00+00:00,0.0401964,0.15267473299099998,0.041795211809999996,0.0,0.513,5.017417102763158,5.0174171,0.3364452027631577,0.0,0.513,0.0,-0.0,0.0,1
2012-07-11 18:30:00+00:00,0.0384621,0.15069112303025,0.0399919300275,0.0,0.438,4.786890786973684,4.7868908,0.3269847027631583,0.0,0.438,0.0,-0.0,0.0,1
2012-07-11 19:00:00+00:00,0.0383145,0.15052230516125,0.0398384592375,0.0,0.088,4.7405749974999996,4.740575,0.3153879869736844,0.0,0.088,0.0,-0.0,0.0,1
2012-07-11 19:30:00+00:00,0.035793,0.14763833323249997,0.037216666574999994,0.0,0.213,4.628469734342104,4.6284697,0.31327139749999944,0.0,0.213,0.0,-0.0,0.0,1
2012-07-11 20:00:00+00:00,0.03487665,0.146590255629125,0.03626386875375,0.0,0.4,4.417943418552631,4.4179434,0.33156793434210474,0.0,0.4,0.0,-0.0,0.0,1
2012-07-11 20:30:00+00:00,0.0381177,0.15029721466925,0.039633831517499996,0.0,0.725,4.03636447118421,4.0363645,0.37302081855263136,0.0,0.725,0.0,-0.0,0.0,1
2012-07-11 21:00:00+00:00,0.03531945,0.147096709236125,0.03672428112375,0.0,0.8,3.6153118396052624,3.6153118,0.4316268711842097,0.0,0.8,0.0,-0.0,0.0,1
2012-07-11 21:30:00+00:00,0.03493815,0.146660596407875,0.03632781491625,0.0,0.8,3.194259208026315,3.1942592,0.4967996396052623,0.0,0.8,0.0,-0.0,0.0,1
2012-07-11 22:00:00+00:00,0.03444,0.14609083609999998,0.035809851,0.0,0.675,2.8389960501315783,2.8389961,0.48853180802631524,0.0,0.675,0.0,-0.0,0.0,1
2012-07-11 22:30:00+00:00,0.0399135,0.15235116540875002,0.041501059462499996,0.0,1.638,2.049522365921052,2.0495224,0.5854163501315783,0.0,1.5,0.1379999999999999,0.0,0.010512230413203743,1
2012-07-11 23:00:00+00:00,0.03520875,0.146970095834375,0.036609178031249995,0.0,2.219,1.5381851396052628,1.5381851,0.5113372659210522,0.0,0.97154073,1.2474592699999998,0.0,0.09166960423068973,1
2012-07-11 23:30:00+00:00,0.03613125,0.14802520751562498,0.037568370468749994,0.0,1.963,1.0,1.0,0.5381851396052628,0.0,1.0225518,0.9404482000000001,0.0,0.069605019981348,1
2012-07-12 00:00:00+00:00,0.03514725,0.097399755055625,0.03654523186874999,0.0,0.488,1.5874999975000001,1.5875,0.5874999999999999,1.2368421,0.0,1.7248421,0.0,0.08399959902481492,1
2012-07-12 00:30:00+00:00,0.03385575,0.095922598701875,0.03520236245624999,0.0,0.263,2.2999999975,2.3,0.7125000024999997,1.5,0.0,1.763,0.0,0.08455577075570281,1
2012-07-12 01:00:00+00:00,0.0340833,0.09618285958325001,0.0354389632575,0.0,0.188,3.0124999975,3.0125,0.7125000025000001,1.5,0.0,1.688,0.0,0.081178333488263,1
2012-07-12 01:30:00+00:00,0.03406485,0.09616175734962502,0.03541977940875,0.0,0.3,3.7249999975,3.725,0.7125000025000001,1.5,0.0,1.8,0.0,0.08654558161466253,1
2012-07-12 02:00:00+00:00,0.0325458,0.0944243401145,0.033840309194999994,0.0,0.263,4.4374999975,4.4375,0.7125000025000001,1.5,0.0,1.763,0.0,0.08323505581093174,1
2012-07-12 02:30:00+00:00,0.0317463,0.09350990999075001,0.03300900908249999,0.0,0.225,5.1499999975,5.15,0.7125000025000006,1.5,0.0,1.725,0.0,0.08065229736702188,1
2012-07-12 03:00:00+00:00,0.03055935,0.09215233296087501,0.03177484814625,0.0,0.213,5.8624999975000005,5.8625,0.7125000024999997,1.5,0.0,1.713,0.0,0.07892847318098944,1
2012-07-12 03:30:00+00:00,0.02845605,0.089746678327625,0.029587889388749997,0.0,0.288,6.574999997500001,6.575,0.7125000024999997,1.5,0.0,1.788,0.0,0.08023353042489675,1
2012-07-12 04:00:00+00:00,0.02682015,0.08787561361287502,0.02788692146625,0.0,0.425,7.287499997500001,7.2875,0.7125000024999988,1.5,0.0,1.925,0.0,0.08458027810239221,1
2012-07-12 04:30:00+00:00,0.0270969,0.08819214711725,0.028174679197499997,0.0,0.288,7.999999997500002,8.0,0.7125000024999988,1.5,0.0,1.788,0.0,0.0788437795228215,1
2012-07-12 05:00:00+00:00,0.02929245,0.32060331291862504,0.03045755719875,0.0,0.238,7.874736839605265,7.8747368,0.20808409750000134,0.0,0.238,0.0,-0.0,0.0,1
2012-07-12 05:30:00+00:00,0.03046095,0.321939787714875,0.03167253428625,0.0,0.163,7.788947365921055,7.7889474,0.2075278396052651,0.0,0.163,0.0,-0.0,0.0,1
2012-07-12 06:00:00+00:00,0.0319677,0.3236631367942501,0.0332392152675,0.0,0.088,7.74263157644737,7.7426316,0.1867132659210542,0.0,0.088,0.0,-0.0,0.0,1
2012-07-12 06:30:00+00:00,0.03502425,0.327159073498125,0.036417339543749996,0.0,0.113,7.683157892236844,7.6831579,0.15475947644736987,0.0,0.113,0.0,-0.0,0.0,1
2012-07-12 07:00:00+00:00,0.0364572,0.32879801364300004,0.03790728513,0.0,0.55,7.393684208026317,7.3936842,0.11858219223684419,0.0,0.55,0.0,-0.0,0.0,1
2012-07-12 07:30:00+00:00,0.0335667,0.32549199704175,0.034901815492499995,0.006,0.325,7.225789471184212,7.2257895,0.09522710802631718,0.0,0.319,0.0,-0.0,0.0,1
2012-07-12 08:00:00+00:00,0.0362604,0.32857292315100006,0.03770265740999999,0.013,0.213,7.120526313289475,7.1205263,0.09548007118421253,0.0,0.2,0.0,2.7755575615628914e-17,-5.232294793267033e-19,1
2012-07-12 08:30:00+00:00,0.0450795,0.33865979082375003,0.046872537112499994,0.05,0.225,7.0284210501315805,7.0284211,0.12363271328947523,0.0,0.175,0.0,-0.0,0.0,1
2012-07-12 09:00:00+00:00,0.0447474,0.3382799506185001,0.046527227835,0.069,0.138,6.992105260657897,6.9921053,0.1761055501315809,0.0,0.069,0.0,-0.0,0.0,1
2012-07-12 09:30:00+00:00,0.04535625,0.338976324328125,0.04716029484374999,0.131,0.1,7.006830260657897,7.0068303,0.24211826065789666,0.031,0.0,0.0,-0.0,0.0,1
2012-07-12 10:00:00+00:00,0.0457929,0.33947574385725005,0.0476143125975,0.088,1.7,6.21735657644737,6.2173566,0.30634726065789675,0.0,1.5,0.11199999999999988,0.0,0.01901064165600598,1
2012-07-12 10:30:00+00:00,0.04817295,0.342197931994875,0.05008902908624999,0.156,1.45,5.536303944868423,5.5363039,0.3528741764473704,0.0,1.294,0.0,-0.0,0.0,1
2012-07-12 11:00:00+00:00,0.04900935,0.162754566585875,0.050958696896249996,0.113,1.863,4.746830260657896,4.7468303,0.36937574486842273,0.0,1.5,0.25,0.0,0.020344320823234376,1
2012-07-12 11:30:00+00:00,0.04677075,0.16019416223937502,0.04863105658125,0.05,1.763,3.9573565764473697,3.9573566,0.35044136065789644,0.0,1.5,0.21299999999999986,0.0,0.01706067827849343,1
2012-07-12 12:00:00+00:00,0.0453255,0.15854115393874998,0.047128321762499994,0.05,0.375,3.7863039448684224,3.7863039,0.29912877644736957,0.0,0.325,0.0,-0.0,0.0,1
2012-07-12 12:30:00+00:00,0.0460758,0.15939931143949998,0.04790846494499999,0.125,2.55,2.9968302606578963,2.9968303,0.22634084486842232,0.0,1.5,0.9249999999999998,0.0,0.07372218154076873,1
2012-07-12 13:00:00+00:00,0.04673385,0.160151957772125,0.04859268888375,0.1,2.075,2.5240884922368436,2.5240885,0.14817846065789642,0.0,0.89820936,1.07679064,0.0,0.08622506455334972,1
2012-07-12 13:30:00+00:00,0.04584825,0.159139050558125,0.04767186414375,0.119,0.45,2.5240884922368436,2.5240885,7.763156339990473e-09,0.0,0.0,0.331,0.0,0.026337512867369687,1
2012-07-12 14:00:00+00:00,0.04690605,0.16034891195262502,0.04877173813874999,0.056,0.138,2.4820953217105277,2.4820953,0.0419931922368435,0.0,0.079787024,0.0022129760000000193,0.0,0.0001774241468886377,1
2012-07-12 14:30:00+00:00,0.04896015,0.162698293962875,0.05090753996624999,0.063,0.188,2.416305848026317,2.4163058,0.03608272171052773,0.0,0.125,0.0,-0.0,0.0,1
2012-07-12 15:00:00+00:00,0.0440832,0.157120270208,0.045836609279999996,0.038,0.213,2.416305848026317,2.4163058,4.8026317145399844e-08,0.0,0.0,0.175,0.0,0.0137480236432,1
2012-07-12 15:30:00+00:00,0.0434559,0.15640279426475,0.045184358422499994,0.05,0.163,2.416305848026317,2.4163058,4.8026317145399844e-08,0.0,0.0,0.113,0.0,0.008836757875958376,1
2012-07-12 16:00:00+00:00,0.04865265,0.16234659006912502,0.050587809153749996,0.019,0.15,2.3473584796052647,2.3473585,0.1829660480263171,0.0,0.131,0.0,-0.0,0.0,1
2012-07-12 16:30:00+00:00,0.0466785,0.16008865107125,0.0485351373375,0.013,0.225,2.2630466322368434,2.2630466,0.08431187960526465,0.0,0.16019251,0.051807489999999984,0.0,0.004146895594743636,1
2012-07-12 17:00:00+00:00,0.0426564,0.15548836414099998,0.04435305830999999,0.0,0.2,2.2630466322368434,2.2630466,3.223684341691069e-08,0.0,0.0,0.2,0.0,0.015548836414099999,1
2012-07-12 17:30:00+00:00,0.047478,0.161003081195,0.04936643745,0.0,0.113,2.2035729480263173,2.2035729,0.31964173223684345,0.0,0.113,0.0,-0.0,0.0,1
2012-07-12 18:00:00+00:00,0.06528225,0.181366736643125,0.06787885149374999,0.0,0.1,2.1509413690789487,2.1509414,0.3243270480263174,0.0,0.1,0.0,-0.0,0.0,1
2012-07-12 18:30:00+00:00,0.0595566,0.17481801014149997,0.061925463764999994,0.0,0.313,1.9862045269736857,1.9862045,0.3151646690789487,0.0,0.313,0.0,-0.0,0.0,1
2012-07-12 19:00:00+00:00,0.04814835,0.161769795683375,0.05006345062124999,0.0,0.438,1.755678211184212,1.7556782,0.3039132269736857,0.0,0.438,0.0,-0.0,0.0,1
2012-07-12 19:30:00+00:00,0.0417585,0.15446138877124999,0.043419444337499995,0.0,0.388,1.5514676848684226,1.5514677,0.302190811184212,0.0,0.388,0.0,-0.0,0.0,1
2012-07-12 20:00:00+00:00,0.03849285,0.15072629341962498,0.040023903108749995,0.0,0.388,1.5514676848684226,1.5514677,1.513157732446757e-08,0.0,0.0,0.388,0.0,0.029240900923407247,1
2012-07-12 20:30:00+00:00,0.04064535,0.153188220675875,0.042262018796249995,0.0,0.288,1.5514676848684226,1.5514677,1.513157732446757e-08,0.0,0.0,0.288,0.0,0.022059103777326,1
2012-07-12 21:00:00+00:00,0.03972285,0.152133108994625,0.041302826358749996,0.0,0.4,1.5514676848684226,1.5514677,1.513157732446757e-08,0.0,0.0,0.4,0.0,0.030426621798925003,1
2012-07-12 21:30:00+00:00,0.0361374,0.1480322415935,0.037574765084999996,0.0,0.375,1.5514676848684226,1.5514677,1.513157732446757e-08,0.0,0.0,0.375,0.0,0.02775604529878125,1
2012-07-12 22:00:00+00:00,0.0351042,0.14685051651050002,0.036500469555000005,0.0,0.275,1.5514676848684226,1.5514677,1.513157732446757e-08,0.0,0.0,0.275,0.0,0.020191946020193755,1
2012-07-12 22:30:00+00:00,0.0412788,0.153912730697,0.04292066427,0.0,1.625,1.0000000006578962,1.0,0.5514676848684226,0.0,1.0477886,0.5772113999999999,0.0,0.04442009138171917,1
2012-07-12 23:00:00+00:00,0.03574995,0.14758909468737502,0.03717190426125,0.0,2.15,1.0000000006578962,1.0,6.578961819769802e-10,0.0,0.0,2.15,0.0,0.15865827678892813,1
2012-07-12 23:30:00+00:00,0.03543015,0.14722332263787502,0.03683938421625,0.0,1.563,1.0000000006578962,1.0,6.578961819769802e-10,0.0,0.0,1.563,0.0,0.11505502664149933,1
2012-07-13 00:00:00+00:00,0.0348582,0.09706915339550001,0.036244684905,0.0,0.544,1.712500000657896,1.7125,0.7124999993421037,1.5,0.0,2.044,0.0,0.09920467477020102,1
2012-07-13 00:30:00+00:00,0.03461835,0.096794824358375,0.03599529487125,0.0,0.238,2.425000000657896,2.425,0.7124999993421037,1.5,0.0,1.738,0.0,0.08411470236742788,1
2012-07-13 01:00:00+00:00,0.03440925,0.096555665710625,0.03577787791875,0.0,0.113,3.1375000006578957,3.1375,0.7124999993421044,1.5,0.0,1.613,0.0,0.07787214439561907,1
2012-07-13 01:30:00+00:00,0.034932,0.09715356233000001,0.0363214203,0.0,0.2,3.724999998157896,3.725,0.5874999993421044,1.2368421,0.0,1.4368421,0.0,0.06979716426035906,1
2012-07-13 02:00:00+00:00,0.0341694,0.09628133667350001,0.035528487885,0.0,0.188,4.437499998157896,4.4375,0.7125000018421042,1.5,0.0,1.688,0.0,0.08126144815243401,1
2012-07-13 02:30:00+00:00,0.0335175,0.09553572441875,0.03485065856249999,0.0,0.1,5.149999998157895,5.15,0.7125000018421046,1.5,0.0,1.6,0.0,0.076428579535,1
2012-07-13 03:00:00+00:00,0.03287175,0.09479714624187499,0.034179223856249996,0.0,0.125,5.862499998157896,5.8625,0.7125000018421046,1.5,0.0,1.625,0.0,0.07702268132152343,1
2012-07-13 03:30:00+00:00,0.02996895,0.09147706148487501,0.03116096498625,0.0,0.175,6.574999998157896,6.575,0.7125000018421046,1.5,0.0,1.675,0.0,0.07661203899358282,1
2012-07-13 04:00:00+00:00,0.030504,0.09208902626,0.0317172966,0.0,0.3,7.287499998157896,7.2875,0.7125000018421037,1.5,0.0,1.8,0.0,0.082880123634,1
2012-07-13 04:30:00+00:00,0.03149415,0.09322151279787502,0.032746829816249996,0.0,0.225,7.999999998157897,8.0,0.7125000018421037,1.5,0.0,1.725,0.0,0.08040355478816721,1
2012-07-13 05:00:00+00:00,0.0327672,0.32457756691800005,0.03407051538,0.0,0.213,7.8878947350000015,7.8878947,0.20870519815789645,0.0,0.213,0.0,-0.0,0.0,1
2012-07-13 05:30:00+00:00,0.0338619,0.32582963277975,0.0352087570725,0.0,0.238,7.762631577105265,7.7626316,0.2088575350000017,0.0,0.238,0.0,-0.0,0.0,1
2012-07-13 06:00:00+00:00,0.0333822,0.32528097470550005,0.034709977004999996,0.0,0.325,7.591578945526317,7.5915789,0.18874677710526466,0.0,0.325,0.0,-0.0,0.0,1
2012-07-13 06:30:00+00:00,0.03375735,0.325710053455875,0.03510004859625,0.0,0.263,7.453157892894738,7.4531579,0.1574899455263168,0.0,0.263,0.0,-0.0,0.0,1
2012-07-13 07:00:00+00:00,0.0360513,0.32833376450325,0.03748524045749999,0.0,0.65,7.111052629736843,7.1110526,0.12203969289473804,0.0,0.65,0.0,-0.0,0.0,1
2012-07-13 07:30:00+00:00,0.0341694,0.3261813366735001,0.035528487885,0.006,0.413,6.896842103421053,6.8968421,0.09942232973684284,0.0,0.407,0.0,-0.0,0.0,1
2012-07-13 08:00:00+00:00,0.03726285,0.3297194778446251,0.03874497985875,0.013,0.325,6.732631577105264,6.7326316,0.10041950342105377,0.0,0.312,0.0,-0.0,0.0,1
2012-07-13 08:30:00+00:00,0.0396183,0.33241352967075005,0.0411941178825,0.013,0.313,6.574736840263158,6.5747368,0.12931657710526334,0.0,0.3,0.0,-0.0,0.0,1
2012-07-13 09:00:00+00:00,0.0389664,0.33166791741600005,0.040516288559999995,0.056,0.238,6.478947366578947,6.4789474,0.18252604026315833,0.0,0.182,0.0,-0.0,0.0,1
2012-07-13 09:30:00+00:00,0.03974745,0.332561245306125,0.04132840482375,0.05,0.213,6.393157892894737,6.3931579,0.24925786657894733,0.0,0.163,0.0,2.7755575615628914e-17,-5.735468325794579e-19,1
2012-07-13 10:00:00+00:00,0.040221,0.33310286930250005,0.041820790275,0.063,0.263,6.287894735,6.2878947,0.31417909289473744,0.0,0.2,0.0,-0.0,0.0,1
2012-07-13 10:30:00+00:00,0.0403932,0.333299823483,0.04199983953,0.213,1.913,5.4984210507894735,5.4984211,0.3613625350000005,0.0,1.5,0.19999999999999996,0.0,0.033329982348299994,1
2012-07-13 11:00:00+00:00,0.0397782,0.15219641569550002,0.041360377904999995,0.356,2.25,4.708947366578947,4.7089474,0.37847775078947343,0.0,1.5,0.39400000000000013,0.0,0.029982693892013513,1
2012-07-13 11:30:00+00:00,0.0386343,0.15088807721075,0.040170979282500005,0.419,2.075,3.9194736823684204,3.9194737,0.360108966578947,0.0,1.5,0.15600000000000014,0.0,0.011769270022438511,1
2012-07-13 12:00:00+00:00,0.03836985,0.15058561186212502,0.03989601078374999,0.456,0.388,3.9517736823684206,3.9517737,0.30931078236842025,0.068,0.0,0.0,-0.0,0.0,1
2012-07-13 12:30:00+00:00,0.0380193,0.15018466942325,0.039531517657499994,0.438,0.15,4.088573682368421,4.0885737,0.23698498236842047,0.288,0.0,0.0,5.551115123125783e-17,-1.0972200275433107e-18,1
2012-07-13 13:00:00+00:00,0.0378225,0.14995957893125,0.0393268899375,0.413,0.088,4.242948682368421,4.2429487,0.1592326823684207,0.325,0.0,5.551115123125783e-17,0.0,4.162214432314182e-18,1
2012-07-13 13:30:00+00:00,0.03747195,0.149558636492375,0.038962396811249994,0.338,0.188,4.314198682368421,4.3141987,0.09337998236842093,0.15,0.0,0.0,5.551115123125783e-17,-1.081423750860788e-18,1
2012-07-13 14:00:00+00:00,0.03695535,0.14896777395087502,0.03842524904625,0.344,0.175,4.394473682368421,4.3944737,0.053717482368420555,0.169,0.0,0.0,-0.0,0.0,1
2012-07-13 14:30:00+00:00,0.03605745,0.147940798581125,0.037491635073749995,0.244,0.125,4.450998682368421,4.4509987,1.7631578863586128e-08,0.119,0.0,0.0,-0.0,0.0,1
2012-07-13 15:00:00+00:00,0.0361251,0.14801817343775,0.03756197585249999,0.194,0.1,4.4956486823684205,4.4956487,1.7631579751764548e-08,0.094,0.0,0.0,-0.0,0.0,1
2012-07-13 15:30:00+00:00,0.03502425,0.146759073498125,0.036417339543749996,0.113,0.175,4.4956486823684205,4.4956487,1.7631579751764548e-08,0.0,0.0,0.061999999999999986,0.0,0.0045495312784418745,1
2012-07-13 16:00:00+00:00,0.03600825,0.14788452595812498,0.03744047814375,0.063,0.188,4.4956486823684205,4.4956487,1.7631579751764548e-08,0.0,0.0,0.125,0.0,0.009242782872382812,1
2012-07-13 16:30:00+00:00,0.03766875,0.149783726984375,0.03916702453125,0.031,0.138,4.439332892894736,4.4393329,0.25856328236842074,0.0,0.107,1.3877787807814457e-17,0.0,1.0393333900763843e-18,1
2012-07-13 17:00:00+00:00,0.03852975,0.15076849788687502,0.040062270806249994,0.0,0.525,4.163017103421052,4.1630171,0.30643989289473605,0.0,0.525,0.0,-0.0,0.0,1
2012-07-13 17:30:00+00:00,0.039975,0.1524215061875,0.04156500562499999,0.0,0.219,4.047753945526315,4.0477539,0.332433203421052,0.0,0.219,0.0,-0.0,0.0,1
2012-07-13 18:00:00+00:00,0.04064535,0.153188220675875,0.042262018796249995,0.0,0.788,3.633017103421052,3.6330171,0.3371520455263153,0.0,0.788,0.0,-0.0,0.0,1
2012-07-13 18:30:00+00:00,0.03878805,0.15106392915762498,0.04033084468874999,0.0,0.288,3.481438156052631,3.4814382,0.32799980342105206,0.0,0.288,0.0,-0.0,0.0,1
2012-07-13 19:00:00+00:00,0.0368139,0.14880599015975,0.038278172872499995,0.0,0.425,3.257753945526315,3.2577539,0.3167346560526312,0.0,0.425,0.0,-0.0,0.0,1
2012-07-13 19:30:00+00:00,0.0352149,0.14697712991225,0.0366155726475,0.0,0.55,3.257753945526315,3.2577539,4.552631516219208e-08,0.0,0.0,0.55,0.0,0.04041871072586876,1
2012-07-13 20:00:00+00:00,0.0363465,0.14827140024125,0.0377921820375,0.0,0.413,3.0403855244736837,3.0403855,0.3336326455263152,0.0,0.413,0.0,-0.0,0.0,1
2012-07-13 20:30:00+00:00,0.0359652,0.147835287413,0.03739571583,0.0,0.388,2.8361749981578943,2.836175,0.3754378244736838,0.0,0.388,0.0,-0.0,0.0,1
2012-07-13 21:00:00+00:00,0.03636495,0.14829250247487502,0.037811365886250003,0.0,0.45,2.5993328928947363,2.5993329,0.4343976981578943,0.0,0.45,0.0,-0.0,0.0,1
2012-07-13 21:30:00+00:00,0.03460605,0.146280756202625,0.03598250563875,0.0,0.55,2.5993328928947363,2.5993329,7.105263488682567e-09,0.0,0.0,0.55,0.0,0.040227207955721885,1
2012-07-13 22:00:00+00:00,0.0340218,0.1456125188045,0.035375017094999996,0.0,0.425,2.5993328928947363,2.5993329,7.105263488682567e-09,0.0,0.0,0.425,0.0,0.03094266024595625,1
2012-07-13 22:30:00+00:00,0.0387819,0.15105689507975,0.0403244500725,0.0,1.613,1.80985920868421,1.8098592,0.5891500928947364,0.0,1.5,0.11299999999999999,0.0,0.008534714572005875,1
2012-07-13 23:00:00+00:00,0.03570075,0.14753282206437499,0.037120747331249995,0.0,2.138,1.5424859613157889,1.542486,0.26737320868421,0.0,0.50800917,1.62999083,0.0,0.12023857354447644,1
2012-07-13 23:30:00+00:00,0.0363957,0.14832767286425003,0.0378433389675,0.0,1.613,1.0000000139473677,1.0,0.5424859613157889,0.0,1.0307233,0.5822767,0.0,0.04318387393703753,1
2012-07-14 00:00:00+00:00,0.03524565,0.09751230030162501,0.03664754572875,0.0,0.525,1.5875000114473679,1.5875,0.5874999860526322,1.2368421,0.0,1.7618421,0.0,0.08590063796962281,1
2012-07-14 00:30:00+00:00,0.03427395,0.096400915997375,0.03563719636125,0.0,0.25,2.3000000114473678,2.3,0.712499988552632,1.5,0.0,1.75,0.0,0.08435080149770313,1
2012-07-14 01:00:00+00:00,0.03424935,0.096372779685875,0.035611617896249996,0.0,0.113,3.0125000114473677,3.0125,0.7124999885526324,1.5,0.0,1.613,0.0,0.0777246468166582,1
2012-07-14 01:30:00+00:00,0.03421245,0.09633057521862502,0.035573250198749996,0.0,0.088,3.7250000114473676,3.725,0.7124999885526324,1.5,0.0,1.588,0.0,0.07648647672358827,1
2012-07-14 02:00:00+00:00,0.03256425,0.09444544234812502,0.03385949304375,0.0,0.2,4.4375000114473675,4.4375,0.7124999885526324,1.5,0.0,1.7,0.0,0.08027862599590627,1
2012-07-14 02:30:00+00:00,0.03261345,0.09450171497112501,0.03391064997375,0.0,0.25,5.150000011447368,5.15,0.7124999885526329,1.5,0.0,1.75,0.0,0.08268900059973439,1
2012-07-14 03:00:00+00:00,0.03209685,0.09391085242962502,0.033373502208749996,0.0,0.225,5.862500011447368,5.8625,0.712499988552632,1.5,0.0,1.725,0.0,0.08099811022055159,1
2012-07-14 03:30:00+00:00,0.03190005,0.093685761937625,0.03316887448875,0.0,0.213,6.575000011447369,6.575,0.712499988552632,1.5,0.0,1.713,0.0,0.08024185509957582,1
2012-07-14 04:00:00+00:00,0.0313281,0.09303159269524999,0.0325741751775,0.0,0.25,7.287500011447369,7.2875,0.7124999885526311,1.5,0.0,1.75,0.0,0.08140264360834375,1
2012-07-14 04:30:00+00:00,0.0312174,0.09290497929350001,0.032459072085,0.006,0.313,8.0,8.0,0.7124999885526311,1.5,0.0,1.807,0.0,0.08393964879167726,1
2012-07-14 05:00:00+00:00,0.0310452,0.322608025113,0.03228002283,0.0,0.413,7.782631578947369,7.7826316,0.21449530000000028,0.0,0.413,0.0,-0.0,0.0,1
2012-07-14 05:30:00+00:00,0.03129735,0.32289642230587506,0.03254220209625,0.0,0.375,7.585263157894737,7.5852632,0.21402777894736857,0.0,0.375,0.0,-0.0,0.0,1
2012-07-14 06:00:00+00:00,0.0308484,0.32238293462100004,0.03207539511,0.0,0.3,7.427368421052631,7.4273684,0.1932837578947364,0.0,0.3,0.0,-0.0,0.0,1
2012-07-14 06:30:00+00:00,0.02969835,0.32106756205837506,0.030879601871249995,0.0,0.263,7.288947368421052,7.2889474,0.16138232105263128,0.0,0.263,0.0,-0.0,0.0,1
2012-07-14 07:00:00+00:00,0.0318693,0.32355059154825005,0.0331369014075,0.0,0.225,7.170526315789473,7.1705263,0.12531716842105212,0.0,0.225,0.0,-0.0,0.0,1
2012-07-14 07:30:00+00:00,0.03356055,0.325484962963875,0.03489542087625,0.0,0.125,7.104736842105263,7.1047368,0.10209931578947362,0.0,0.125,0.0,-0.0,0.0,1
2012-07-14 08:00:00+00:00,0.0344646,0.3265189724115001,0.03583542946499999,0.013,0.175,7.019473684210526,7.0194737,0.10251034210526289,0.0,0.162,0.0,2.7755575615628914e-17,-4.973164861171718e-19,1
2012-07-14 08:30:00+00:00,0.0344646,0.3265189724115001,0.03583542946499999,0.025,0.15,6.9536842105263155,6.9536842,0.13083338421052648,0.0,0.125,0.0,-0.0,0.0,1
2012-07-14 09:00:00+00:00,0.03439695,0.32644159755487506,0.03576508868625,0.038,0.1,6.921052631578947,6.9210526,0.18347681052631515,0.0,0.062,6.938893903907228e-18,0.0,1.1325718056276297e-18,1
2012-07-14 09:30:00+00:00,0.0359283,0.32819308294575006,0.0373573481325,0.138,0.088,6.944802631578947,6.9448026,0.24964543157894692,0.05,0.0,0.0,-0.0,0.0,1
2012-07-14 10:00:00+00:00,0.0372567,0.3297124437667501,0.03873858524249999,0.363,0.475,6.885855263157894,6.8858553,0.3140002315789463,0.0,0.112,0.0,1.3877787807814457e-17,-2.688029329851737e-19,1
2012-07-14 10:30:00+00:00,0.0358176,0.32806646954400004,0.03724224504,0.438,1.513,6.320065789473683,6.3200658,0.36060936315789416,0.0,1.075,0.0,-0.0,0.0,1
2012-07-14 11:00:00+00:00,0.03442155,0.146069733866375,0.035790667151250004,0.475,1.825,5.60953947368421,5.6095395,0.3771391894736835,0.0,1.35,0.0,-0.0,0.0,1
2012-07-14 11:30:00+00:00,0.0344154,0.1460626997885,0.035784272534999995,0.463,1.638,4.991118421052631,4.9911184,0.35817207368420956,0.0,1.175,0.0,2.220446049250313e-16,-3.972852328781861e-18,1
2012-07-14 12:00:00+00:00,0.03433545,0.145971256776125,0.03570114252375,0.4,0.4,4.991118421052631,4.9911184,2.1052630749807122e-08,0.0,0.0,0.0,-0.0,0.0,1
2012-07-14 12:30:00+00:00,0.0343908,0.146034563477,0.03575869406999999,0.306,0.2,5.041468421052631,5.0414684,2.1052630749807122e-08,0.106,0.0,0.0,-0.0,0.0,1
2012-07-14 13:00:00+00:00,0.03439695,0.14604159755487503,0.03576508868625,0.244,0.088,5.115568421052631,5.1155684,2.1052630749807122e-08,0.156,0.0,0.0,-0.0,0.0,1
2012-07-14 13:30:00+00:00,0.0340095,0.14559845064875,0.0353622278625,0.375,0.113,5.240018421052631,5.2400184,2.1052630749807122e-08,0.262,0.0,0.0,-0.0,0.0,1
2012-07-14 14:00:00+00:00,0.03390495,0.145478871324875,0.03525351938625,0.369,0.163,5.337868421052631,5.3378684,2.1052630749807122e-08,0.206,0.0,0.0,-0.0,0.0,1
2012-07-14 14:30:00+00:00,0.0339357,0.14551404171425,0.0352854924675,0.294,0.175,5.394393421052631,5.3943934,2.105263163798554e-08,0.119,0.0,0.0,-0.0,0.0,1
2012-07-14 15:00:00+00:00,0.03394185,0.145521075792125,0.03529188708375,0.25,0.138,5.447593421052631,5.4475934,2.1052630749807122e-08,0.112,0.0,0.0,-0.0,0.0,1
2012-07-14 15:30:00+00:00,0.03394185,0.145521075792125,0.03529188708375,0.169,0.3,5.447593421052631,5.4475934,2.105263163798554e-08,0.0,0.0,0.13099999999999998,0.0,0.009531630464384187,1
2012-07-14 16:00:00+00:00,0.03404025,0.145633621038125,0.035394200943749995,0.056,0.163,5.447593421052631,5.4475934,2.105263163798554e-08,0.0,0.0,0.10700000000000001,0.0,0.007791398725539688,1
2012-07-14 16:30:00+00:00,0.03464295,0.146322960669875,0.03602087333625,0.031,0.113,5.4044355263157895,5.4044355,0.2506385210526316,0.0,0.082,0.0,-0.0,0.0,1
2012-07-14 17:00:00+00:00,0.03672165,0.148700478991625,0.038182253628749996,0.006,0.219,5.292330263157894,5.2923303,0.29803002631578934,0.0,0.213,0.0,-0.0,0.0,1
2012-07-14 17:30:00+00:00,0.03729975,0.149361682311875,0.03878334755625,0.0,0.313,5.127593421052631,5.1275934,0.3235806631578946,0.0,0.313,0.0,-0.0,0.0,1
2012-07-14 18:00:00+00:00,0.04129725,0.153933832930625,0.04293984811875,0.0,0.475,4.877593421052631,4.8775934,0.3279029210526314,0.0,0.475,0.0,-0.0,0.0,1
2012-07-14 18:30:00+00:00,0.0409836,0.153575094959,0.04261372269,0.0,0.438,4.647067105263157,4.6470671,0.31840242105263084,0.0,0.438,0.0,-0.0,0.0,1
2012-07-14 19:00:00+00:00,0.03967365,0.152076836371625,0.04125166942875,0.0,0.488,4.390224999999999,4.390225,0.306837705263157,0.0,0.488,0.0,-0.0,0.0,1
2012-07-14 19:30:00+00:00,0.03729975,0.149361682311875,0.03878334755625,0.0,2.65,3.6007513157894726,3.6007513,0.3048328999999992,0.0,1.5,1.15,0.0,0.08588296732932811,1
2012-07-14 20:00:00+00:00,0.03451995,0.146182279112375,0.03589298101125,0.0,2.05,2.811277631578946,2.8112776,0.3232807157894726,0.0,1.5,0.5499999999999998,0.0,0.040200126755903114,1
2012-07-14 20:30:00+00:00,0.0345753,0.14624558581325,0.0359505325575,0.0,0.988,2.291277631578946,2.2912776,0.36491593157894586,0.0,0.988,0.0,-0.0,0.0,1
2012-07-14 21:00:00+00:00,0.03439695,0.14604159755487503,0.03576508868625,0.0,0.563,2.1100700736842093,2.1100701,0.18120753157894587,0.0,0.34429436,0.21870563999999992,0.0,0.015970060529930684,1
2012-07-14 21:30:00+00:00,0.0343908,0.146034563477,0.03575869406999999,0.0,0.588,2.1100700736842093,2.1100701,2.6315790879749557e-08,0.0,0.0,0.588,0.0,0.042934161662238,1
2012-07-14 22:00:00+00:00,0.0342924,0.14592201823099998,0.03565638021,0.0,0.188,2.1100700736842093,2.1100701,2.6315790879749557e-08,0.0,0.0,0.188,0.0,0.013716669713713998,1
2012-07-14 22:30:00+00:00,0.03444615,0.146097870177875,0.03581624561625,0.0,1.45,1.5317392315789462,1.5317392,0.5783308736842092,0.0,1.0988286,0.3511713999999999,0.0,0.0256526968036913,1
2012-07-14 23:00:00+00:00,0.0343785,0.14602049532125,0.035745904837499995,0.0,2.0,1.5317392315789462,1.5317392,3.157894612471068e-08,0.0,0.0,2.0,0.0,0.14602049532125,1
2012-07-14 23:30:00+00:00,0.03447075,0.14612600648937502,0.03584182408125,0.0,1.363,1.0000000210526303,1.0,0.5317392315789462,0.0,1.0103045,0.35269550000000005,0.0,0.025768992460886687,1
2012-07-15 00:00:00+00:00,0.03451995,0.09668227911237502,0.03589298101125,0.0,0.363,1.5875000185526305,1.5875,0.5874999789473696,1.2368421,0.0,1.5998421,0.0,0.0773381902239641,1
2012-07-15 00:30:00+00:00,0.0343785,0.09652049532125001,0.035745904837499995,0.0,0.213,2.3000000185526304,2.3,0.7124999814473694,1.5,0.0,1.713,0.0,0.08266980424265064,1
2012-07-15 01:00:00+00:00,0.0342555,0.09637981376375002,0.035618012512500005,0.0,0.125,3.0125000185526303,3.0125,0.7124999814473698,1.5,0.0,1.625,0.0,0.07830859868304689,1
2012-07-15 01:30:00+00:00,0.03381885,0.09588039423462501,0.03516399475874999,0.0,0.1,3.72500001855263,3.725,0.7124999814473698,1.5,0.0,1.6,0.0,0.0767043153877,1
2012-07-15 02:00:00+00:00,0.03326535,0.095247327225875,0.034588479296249995,0.0,0.1,4.43750001855263,4.4375,0.7124999814473698,1.5,0.0,1.6,0.0,0.07619786178070001,1
2012-07-15 02:30:00+00:00,0.0311313,0.09280650220325001,0.032369547457499995,0.0,0.175,5.15000001855263,5.15,0.7124999814473707,1.5,0.0,1.675,0.0,0.07772544559522189,1
2012-07-15 03:00:00+00:00,0.03159255,0.093334058043875,0.03284914367625,0.006,0.225,5.86250001855263,5.8625,0.7124999814473698,1.5,0.0,1.719,0.0,0.08022062288871057,1
2012-07-15 03:30:00+00:00,0.0308361,0.09246886646525002,0.0320626058775,0.0,0.113,6.575000018552631,6.575,0.7124999814473698,1.5,0.0,1.613,0.0,0.07457614080422413,1
2012-07-15 04:00:00+00:00,0.0300612,0.091582572653,0.03125688423,0.0,0.1,7.287500018552631,7.2875,0.7124999814473689,1.5,0.0,1.6,0.0,0.0732660581224,1
2012-07-15 04:30:00+00:00,0.03046095,0.09203978771487499,0.03167253428625,0.0,0.425,8.0,8.0,0.7124999814473689,1.5,0.0,1.925,0.0,0.08858829567556718,1
2012-07-15 05:00:00+00:00,0.02870205,0.31992804144262504,0.029843674038749997,0.0,0.4,7.7894736842105265,7.7894737,0.20685540000000024,0.0,0.4,0.0,-0.0,0.0,1
2012-07-15 05:30:00+00:00,0.03016575,0.32160215197687503,0.03136559270625,0.0,0.125,7.723684210526316,7.7236842,0.2068731842105267,0.0,0.125,0.0,-0.0,0.0,1
2012-07-15 06:00:00+00:00,0.0262113,0.31707923990325004,0.027253854457499997,0.0,0.1,7.671052631578948,7.6710526,0.1866433105263159,0.0,0.1,0.0,-0.0,0.0,1
2012-07-15 06:30:00+00:00,0.027921,0.3190347135525,0.029031557774999998,0.0,0.125,7.605263157894737,7.6052632,0.15528333157894814,0.0,0.125,0.0,-0.0,0.0,1
2012-07-15 07:00:00+00:00,0.030996,0.32255175249000007,0.0322288659,0.0,0.319,7.437368421052632,7.4373684,0.119824557894737,0.0,0.319,0.0,-0.0,0.0,1
2012-07-15 07:30:00+00:00,0.0313773,0.3229878653182501,0.032625332107499995,0.0,0.25,7.305789473684211,7.3057895,0.09725882105263217,0.0,0.25,0.0,-0.0,0.0,1
2012-07-15 08:00:00+00:00,0.03223215,0.323965602142875,0.03351418376625,0.006,0.5,7.045789473684211,7.0457895,0.09836367368421062,0.0,0.494,0.0,-0.0,0.0,1
2012-07-15 08:30:00+00:00,0.03445845,0.326511938333625,0.035829034848750003,0.013,0.35,6.86842105263158,6.8684211,0.12741637368421088,0.0,0.337,0.0,5.551115123125783e-17,-9.944554859794842e-19,1
2012-07-15 09:00:00+00:00,0.03411405,0.326118029972625,0.035470936338749995,0.013,0.388,6.671052631578948,6.6710526,0.1808171526315796,0.0,0.375,0.0,-0.0,0.0,1
2012-07-15 09:30:00+00:00,0.0344646,0.3265189724115001,0.03583542946499999,0.113,0.275,6.585789473684211,6.5857895,0.2477611315789474,0.0,0.162,2.7755575615628914e-17,0.0,4.531361014352421e-18,1
2012-07-15 10:00:00+00:00,0.03451995,0.32658227911237503,0.03589298101125,0.388,0.2,6.675089473684211,6.6750895,0.312899873684211,0.188,0.0,0.0,-0.0,0.0,1
2012-07-15 10:30:00+00:00,0.0344523,0.32650490425575,0.035822640232499994,0.456,1.475,6.138773684210527,6.1387737,0.3602922736842107,0.0,1.019,2.220446049250313e-16,0.0,3.624932623577659e-17,1
2012-07-15 11:00:00+00:00,0.03443385,0.146083802022125,0.03580345638375,0.488,2.038,6.138773684210527,6.1387737,1.5789472840310737e-08,0.0,0.0,1.5499999999999998,0.0,0.11321494656714687,1
2012-07-15 11:30:00+00:00,0.03417555,0.145788370751375,0.03553488250125,0.494,1.975,6.138773684210527,6.1387737,1.5789472840310737e-08,0.0,0.0,1.481,0.0,0.10795628854139319,1
2012-07-15 12:00:00+00:00,0.0341202,0.1457250640505,0.035477330955000004,0.488,0.525,6.138773684210527,6.1387737,1.5789472840310737e-08,0.0,0.0,0.03700000000000003,0.0,0.0026959136849342524,1
2012-07-15 12:30:00+00:00,0.03394185,0.145521075792125,0.03529188708375,0.475,0.2,6.269398684210527,6.2693987,1.5789472840310737e-08,0.275,0.0,5.551115123125783e-17,0.0,4.039021222815992e-18,1
2012-07-15 13:00:00+00:00,0.03388035,0.145450735013375,0.03522794092124999,0.444,0.188,6.390998684210527,6.3909987,1.5789472840310737e-08,0.256,0.0,0.0,-0.0,0.0,1
2012-07-15 13:30:00+00:00,0.03360975,0.145141235586875,0.03494657780625,0.419,0.125,6.530648684210527,6.5306487,1.5789472840310737e-08,0.294,0.0,0.0,-0.0,0.0,1
2012-07-15 14:00:00+00:00,0.0338865,0.14545776909125002,0.0352343355375,0.369,0.1,6.658423684210526,6.6584237,1.5789473728489156e-08,0.269,0.0,0.0,-0.0,0.0,1
2012-07-15 14:30:00+00:00,0.0332961,0.14478249761525003,0.0346204523775,0.325,0.163,6.7353736842105265,6.7353737,1.5789473728489156e-08,0.162,0.0,0.0,-0.0,0.0,1
2012-07-15 15:00:00+00:00,0.0336036,0.145134201509,0.034940183189999995,0.256,0.188,6.767673684210527,6.7676737,1.5789473728489156e-08,0.068,0.0,0.0,-0.0,0.0,1
2012-07-15 15:30:00+00:00,0.0340464,0.14564065511600002,0.03540059556,0.181,0.288,6.767673684210527,6.7676737,1.5789472840310737e-08,0.0,0.0,0.10699999999999998,0.0,0.007791775048706,1
2012-07-15 16:00:00+00:00,0.03431085,0.14594312046462501,0.03567556405875,0.056,0.238,6.767673684210527,6.7676737,1.5789472840310737e-08,0.0,0.0,0.182,0.0,0.013280823962280875,1
2012-07-15 16:30:00+00:00,0.0344523,0.14610490425574998,0.035822640232499994,0.038,0.5,6.767673684210527,6.7676737,1.5789472840310737e-08,0.0,0.0,0.462,0.0,0.03375023288307825,1
2012-07-15 17:00:00+00:00,0.03677085,0.148756751614625,0.03823341055875,0.0,0.588,6.458200000000001,6.4582,0.3064943842105263,0.0,0.588,0.0,-0.0,0.0,1
2012-07-15 17:30:00+00:00,0.04092825,0.153511788258125,0.042556171143749995,0.0,0.488,6.201357894736843,6.2013579,0.3326368000000004,0.0,0.488,0.0,-0.0,0.0,1
2012-07-15 18:00:00+00:00,0.0563094,0.1711040170235,0.058549106385,0.0,0.463,5.957673684210527,5.9576737,0.3375463947368429,0.0,0.463,0.0,-0.0,0.0,1
2012-07-15 18:30:00+00:00,0.05283465,0.167129763024125,0.05493614820374999,0.0,0.35,5.773463157894738,5.7734632,0.3286279842105273,0.0,0.35,0.0,-0.0,0.0,1
2012-07-15 19:00:00+00:00,0.04690605,0.16034891195262502,0.04877173813874999,0.0,0.463,5.529778947368422,5.5297789,0.31763735789473735,0.0,0.463,0.0,-0.0,0.0,1
2012-07-15 19:30:00+00:00,0.0440217,0.15704992942924997,0.04577266311749999,0.0,0.425,5.306094736842106,5.3060947,0.31619984736842266,0.0,0.425,0.0,-0.0,0.0,1
2012-07-15 20:00:00+00:00,0.04156785,0.154243332357125,0.04322121123375,0.006,0.525,5.032936842105264,5.0329368,0.335192836842106,0.0,0.519,0.0,-0.0,0.0,1
2012-07-15 20:30:00+00:00,0.0418815,0.15460207032875,0.0435473366625,0.0,0.588,4.723463157894738,4.7234632,0.3773469421052642,0.0,0.588,0.0,-0.0,0.0,1
2012-07-15 21:00:00+00:00,0.0406146,0.1531530502865,0.042230045715,0.0,0.613,4.400831578947369,4.4008316,0.43667505789473804,0.0,0.613,0.0,-0.0,0.0,1
2012-07-15 21:30:00+00:00,0.03806235,0.150233907968375,0.03957627997125,0.0,0.775,3.992936842105264,3.9929368,0.5025594789473695,0.0,0.775,0.0,-0.0,0.0,1
2012-07-15 22:00:00+00:00,0.0350058,0.1467379712645,0.036398155695,0.0,0.675,3.6376736842105273,3.6376737,0.5596486421052642,0.0,0.675,0.0,-0.0,0.0,1
2012-07-15 22:30:00+00:00,0.0370968,0.14912955774199999,0.038572325219999995,0.0,1.963,2.848200000000001,2.8482,0.5925400842105271,0.0,1.5,0.4630000000000001,0.0,0.034523492617273,1
2012-07-15 23:00:00+00:00,0.0357807,0.14762426507675,0.0372038773425,0.0,2.113,2.0587263157894746,2.0587263,0.5899028000000013,0.0,1.5,0.613,0.0,0.04524683724602387,1
2012-07-15 23:30:00+00:00,0.0349566,0.14668169864150002,0.036346998765,0.0,1.95,1.2692526315789483,1.2692526,0.5466291157894747,0.0,1.5,0.44999999999999996,0.0,0.0330033821943375,1
2012-07-16 00:00:00+00:00,0.03432315,0.096457188620375,0.035688353291249995,0.0,1.088,1.9817526315789482,1.9817526,0.7124999684210518,1.5,0.0,2.588,0.0,0.12481560207476526,1
2012-07-16 00:30:00+00:00,0.03391725,0.09599293948062503,0.03526630861875,0.0,0.188,2.694252631578948,2.6942526,0.7124999684210518,1.5,0.0,1.688,0.0,0.08101804092164752,1
2012-07-16 01:00:00+00:00,0.0343293,0.09646422269825002,0.0356947479075,0.0,0.175,3.0125000000789477,3.0125,0.3182473684210523,0.66999446,0.0,0.8449944599999999,0.0,0.04075586688411375,1
2012-07-16 01:30:00+00:00,0.033948,0.09602810987000002,0.035298281699999996,0.0,0.125,3.7250000000789476,3.725,0.7124999999210524,1.5,0.0,1.625,0.0,0.07802283926937502,1
2012-07-16 02:00:00+00:00,0.03330225,0.09528953169312501,0.034626846993749995,0.0,0.088,4.4375000000789475,4.4375,0.7124999999210524,1.5,0.0,1.588,0.0,0.07565988816434126,1
2012-07-16 02:30:00+00:00,0.0323613,0.09421331777825001,0.0336484707075,0.0,0.113,5.150000000078947,5.15,0.7124999999210528,1.5,0.0,1.613,0.0,0.07598304078815864,1
2012-07-16 03:00:00+00:00,0.0321276,0.09394602281900001,0.03340547529,0.0,0.2,5.862500000078947,5.8625,0.7124999999210528,1.5,0.0,1.7,0.0,0.07985411939615,1
2012-07-16 03:30:00+00:00,0.0312912,0.09298938822800001,0.03253580748,0.0,0.125,6.575000000078948,6.575,0.7124999999210528,1.5,0.0,1.625,0.0,0.07555387793525001,1
2012-07-16 04:00:00+00:00,0.03089145,0.09253217316612501,0.03212015742375,0.0,0.088,7.287500000078948,7.2875,0.712499999921052,1.5,0.0,1.588,0.0,0.07347054549390326,1
2012-07-16 04:30:00+00:00,0.0330747,0.09502927081175,0.034390246192499994,0.0,0.113,8.0,8.0,0.712499999921052,1.5,0.0,1.613,0.0,0.07664110690967638,1
2012-07-16 05:00:00+00:00,0.034071,0.3260687914275,0.035426174025,0.0,0.175,7.907894736842105,7.9078947,0.2228545999999998,0.0,0.175,0.0,-0.0,0.0,1
2012-07-16 05:30:00+00:00,0.0347721,0.32687067630525,0.0361551602775,0.0,0.138,7.835263157894737,7.8352632,0.22274113684210572,0.0,0.138,0.0,-0.0,0.0,1
2012-07-16 06:00:00+00:00,0.0349935,0.32712390310875006,0.0363853664625,0.0,0.113,7.775789473684211,7.7757895,0.2023420578947368,0.0,0.113,0.0,-0.0,0.0,1
2012-07-16 06:30:00+00:00,0.03774255,0.33026813591887505,0.039243759926249996,0.0,0.244,7.647368421052632,7.6473684,0.17077547368421087,0.0,0.244,0.0,-0.0,0.0,1
2012-07-16 07:00:00+00:00,0.042804,0.33605718201,0.0445065291,0.0,0.55,7.3578947368421055,7.3578947,0.13511242105263221,0.0,0.55,0.0,-0.0,0.0,1
2012-07-16 07:30:00+00:00,0.04277325,0.33602201162062506,0.04447455601874999,0.0,0.525,7.081578947368421,7.0815789,0.11232793684210574,0.0,0.525,0.0,-0.0,0.0,1
2012-07-16 08:00:00+00:00,0.04704135,0.34090366166587505,0.04891241969625,0.006,0.325,6.913684210526316,6.9136842,0.1131984473684211,0.0,0.319,0.0,-0.0,0.0,1
2012-07-16 08:30:00+00:00,0.0483267,0.34237378394175005,0.0502488944925,0.013,0.113,6.861052631578948,6.8610526,0.14199811052631617,0.0,0.1,0.0,-0.0,0.0,1
2012-07-16 09:00:00+00:00,0.04705365,0.34091772982162505,0.04892520892875,0.013,0.175,6.7757894736842115,6.7757895,0.19512163157894857,0.0,0.162,0.0,2.7755575615628914e-17,-6.789736679661817e-19,1
2012-07-16 09:30:00+00:00,0.0467646,0.3405871281615,0.048624661964999996,0.138,0.138,6.7757894736842115,6.7757895,0.2617579736842117,0.0,0.0,0.0,-0.0,0.0,1
2012-07-16 10:00:00+00:00,0.04634025,0.34010177678812503,0.04818343344374999,0.394,0.1,6.915439473684211,6.9154395,0.32655207368421113,0.294,0.0,0.0,-0.0,0.0,1
2012-07-16 10:30:00+00:00,0.0456576,0.3393209941440001,0.04747363104,0.45,1.3,6.468071052631579,6.4680711,0.3735573736842115,0.0,0.85,1.1102230246251565e-16,0.0,1.883609902186834e-17,1
2012-07-16 11:00:00+00:00,0.0416601,0.15434884352525,0.04331713047749999,0.481,1.863,5.740702631578948,5.7407026,0.3904285526315796,0.0,1.382,2.220446049250313e-16,0.0,1.7136163990599806e-17,1
2012-07-16 11:30:00+00:00,0.04076835,0.153328902233375,0.04238991112125,0.488,1.863,5.017018421052632,5.0170184,0.37174043157894765,0.0,1.375,0.0,-0.0,0.0,1
2012-07-16 12:00:00+00:00,0.03978435,0.152203449773375,0.041366772521250005,0.481,0.363,5.073068421052632,5.0730684,0.3205450210526317,0.118,0.0,0.0,-0.0,0.0,1
2012-07-16 12:30:00+00:00,0.03605745,0.147940798581125,0.037491635073749995,0.463,0.138,5.227443421052632,5.2274434,2.105263163798554e-08,0.325,0.0,0.0,-0.0,0.0,1
2012-07-16 13:00:00+00:00,0.0344892,0.14614710872300002,0.035861007929999994,0.444,0.163,5.360918421052632,5.3609184,2.105263163798554e-08,0.281,0.0,5.551115123125783e-17,0.0,4.056397127166767e-18,1
2012-07-16 13:30:00+00:00,0.0347721,0.14647067630525,0.0361551602775,0.406,0.213,5.452593421052632,5.4525934,2.105263163798554e-08,0.193,0.0,0.0,-0.0,0.0,1
2012-07-16 14:00:00+00:00,0.0346245,0.14630185843625002,0.0360016894875,0.369,0.125,5.568493421052632,5.5684934,2.105263252616396e-08,0.244,0.0,0.0,-0.0,0.0,1
2012-07-16 14:30:00+00:00,0.0342555,0.14587981376375,0.035618012512500005,0.325,0.088,5.681068421052632,5.6810684,2.105263163798554e-08,0.237,0.0,0.0,5.551115123125783e-17,-9.885984395691107e-19,1
2012-07-16 15:00:00+00:00,0.034194,0.14580947298500002,0.03555406635,0.25,0.388,5.681068421052632,5.6810684,2.105263163798554e-08,0.0,0.0,0.138,0.0,0.010060853635965003,1
2012-07-16 15:30:00+00:00,0.0340587,0.14565472327175,0.035413384792499995,0.181,0.5,5.681068421052632,5.6810684,2.105263163798554e-08,0.0,0.0,0.319,0.0,0.023231928361844126,1
2012-07-16 16:00:00+00:00,0.034686,0.146372199215,0.03606563565,0.063,0.4,5.681068421052632,5.6810684,2.105263163798554e-08,0.0,0.0,0.337,0.0,0.0246637155677275,1
2012-07-16 16:30:00+00:00,0.0368262,0.14882005831550002,0.038290962105000007,0.038,0.338,5.523173684210526,5.5231737,0.26401022105263205,0.0,0.3,5.551115123125783e-17,0.0,4.130586381698165e-18,1
2012-07-16 17:00:00+00:00,0.0376257,0.14973448843925,0.039122262217499995,0.006,0.5,5.263173684210527,5.2631737,0.31122908421052653,0.0,0.494,0.0,-0.0,0.0,1
2012-07-16 17:30:00+00:00,0.0412665,0.15389866254125,0.042907875037499994,0.0,0.563,4.966857894736842,4.9668579,0.3366102842105265,0.0,0.563,0.0,-0.0,0.0,1
2012-07-16 18:00:00+00:00,0.0482898,0.16193157947450001,0.050210526795,0.0,0.325,4.795805263157894,4.7958053,0.3407714947368419,0.0,0.325,0.0,-0.0,0.0,1
2012-07-16 18:30:00+00:00,0.04855425,0.162234044823125,0.050485495293749995,0.0,1.213,4.157384210526315,4.1573842,0.3311203631578943,0.0,1.213,0.0,-0.0,0.0,1
2012-07-16 19:00:00+00:00,0.047355,0.1608623996375,0.049238545125,0.0,0.9,3.683699999999999,3.6837,0.31941431052631497,0.0,0.9,0.0,-0.0,0.0,1
2012-07-16 19:30:00+00:00,0.0408114,0.1533781407785,0.042434673434999994,0.0,0.3,3.5258052631578938,3.5258053,0.317283199999999,0.0,0.3,0.0,-0.0,0.0,1
2012-07-16 20:00:00+00:00,0.0407376,0.153293731844,0.042357938039999994,0.0,0.525,3.2494894736842097,3.2494895,0.33559306315789383,0.0,0.525,0.0,-0.0,0.0,1
2012-07-16 20:30:00+00:00,0.0414387,0.15409561672175,0.043086924292499995,0.0,1.15,2.644226315789473,2.6442263,0.3770737736842098,0.0,1.15,0.0,-0.0,0.0,1
2012-07-16 21:00:00+00:00,0.0408114,0.1533781407785,0.042434673434999994,0.0,1.438,1.887384210526315,1.8873842,0.4357446157894729,0.0,1.438,0.0,-0.0,0.0,1
2012-07-16 21:30:00+00:00,0.0380439,0.15021280573475002,0.039557096122499996,0.0,1.513,1.589703657894736,1.5897037,0.29768051052631495,0.0,0.56559305,0.9474069499999999,0.0,0.071156328066051,1
2012-07-16 22:00:00+00:00,0.03562695,0.147448413129875,0.03704401193624999,0.0,0.813,1.589703657894736,1.5897037,4.21052639421049e-08,0.0,0.0,0.813,0.0,0.05993777993729418,1
2012-07-16 22:30:00+00:00,0.0438864,0.156895179716,0.04563198156,0.0,2.063,1.0,1.0,0.5897036578947361,0.0,1.120437,0.9425630000000003,0.0,0.07394179563932608,1
2012-07-16 23:00:00+00:00,0.0363465,0.14827140024125,0.0377921820375,0.0,2.225,1.0,1.0,0.0,0.0,0.0,2.225,0.0,0.16495193276839062,1
2012-07-16 23:30:00+00:00,0.0352641,0.14703340253525,0.036666729577499994,0.0,1.663,1.0,1.0,0.0,0.0,0.0,1.663,0.0,0.12225827420806037,1
2012-07-17 00:00:00+00:00,0.0357192,0.098053924298,0.037139931179999995,0.0,0.475,1.5874999975000001,1.5875,0.5874999999999999,1.2368421,0.0,1.7118421000000001,0.0,0.08392641784176468,1
2012-07-17 00:30:00+00:00,0.03433545,0.096471256776125,0.03570114252375,0.0,0.275,2.2999999975,2.3,0.7125000024999997,1.5,0.0,1.775,0.0,0.08561824038881094,1
2012-07-17 01:00:00+00:00,0.03436005,0.09649939308762502,0.03572672098875,0.0,0.125,3.0124999975,3.0125,0.7125000025000001,1.5,0.0,1.625,0.0,0.07840575688369533,1
2012-07-17 01:30:00+00:00,0.0342801,0.09640795007524999,0.03564359097749999,0.0,0.113,3.7249999975,3.725,0.7125000025000001,1.5,0.0,1.613,0.0,0.07775301173568912,1
2012-07-17 02:00:00+00:00,0.03406485,0.09616175734962502,0.03541977940875,0.0,0.125,4.4374999975,4.4375,0.7125000025000001,1.5,0.0,1.625,0.0,0.07813142784657033,1
2012-07-17 02:30:00+00:00,0.03343755,0.09544428140637501,0.03476752855125,0.0,0.188,5.1499999975,5.15,0.7125000025000006,1.5,0.0,1.688,0.0,0.0805549735069805,1
2012-07-17 03:00:00+00:00,0.0328779,0.09480418031975,0.0341856184725,0.0,0.1,5.8624999975000005,5.8625,0.7125000024999997,1.5,0.0,1.6,0.0,0.07584334425580001,1
2012-07-17 03:30:00+00:00,0.03204765,0.093854579806625,0.03332234527874999,0.0,0.1,6.574999997500001,6.575,0.7125000024999997,1.5,0.0,1.6,0.0,0.0750836638453,1
2012-07-17 04:00:00+00:00,0.0319431,0.09373500048275,0.0332136368025,0.0,0.163,7.287499997500001,7.2875,0.7125000024999988,1.5,0.0,1.663,0.0,0.07794065290140663,1
2012-07-17 04:30:00+00:00,0.0319062,0.09369279601550001,0.033175269105,0.0,0.163,7.999999997500002,8.0,0.7125000024999988,1.5,0.0,1.663,0.0,0.07790555988688826,1
2012-07-17 05:00:00+00:00,0.03293325,0.324767487020625,0.03424317001874999,0.0,0.088,7.953684208026317,7.9536842,0.2141476975000014,0.0,0.088,0.0,-0.0,0.0,1
2012-07-17 05:30:00+00:00,0.0340095,0.32599845064875,0.0353622278625,0.0,0.106,7.897894734342106,7.8978947,0.21379330802631724,0.0,0.106,0.0,-0.0,0.0,1
2012-07-17 06:00:00+00:00,0.03223215,0.323965602142875,0.03351418376625,0.0,0.188,7.7989473659210535,7.7989474,0.193187334342106,0.0,0.188,0.0,-0.0,0.0,1
2012-07-17 06:30:00+00:00,0.03589755,0.32815791255637505,0.03732537505125,0.0,0.15,7.719999997500001,7.72,0.1614482659210532,0.0,0.15,0.0,-0.0,0.0,1
2012-07-17 07:00:00+00:00,0.041574,0.33465036643500007,0.043227605849999996,0.0,0.463,7.476315786973686,7.4763158,0.12568649750000116,0.0,0.463,0.0,-0.0,0.0,1
2012-07-17 07:30:00+00:00,0.04426155,0.337724258466375,0.04602205315124999,0.0,0.35,7.292105260657896,7.2921053,0.10285968697368553,0.0,0.35,0.0,-0.0,0.0,1
2012-07-17 08:00:00+00:00,0.0523365,0.34696000271625005,0.0544181842875,0.013,0.113,7.239473681710528,7.2394737,0.10374216065789632,0.0,0.1,0.0,-0.0,0.0,1
2012-07-17 08:30:00+00:00,0.05092815,0.345349198882875,0.05295381716624999,0.013,0.1,7.193684208026318,7.1936842,0.13260358171052822,0.0,0.087,1.3877787807814457e-17,0.0,2.3963414508476265e-18,1
2012-07-17 09:00:00+00:00,0.04312995,0.336429988137375,0.04484544376125,0.019,0.163,7.117894734342108,7.1178947,0.18583240802631806,0.0,0.144,2.7755575615628914e-17,0.0,4.668903987556025e-18,1
2012-07-17 09:30:00+00:00,0.0414387,0.33449561672175004,0.043086924292499995,0.163,0.35,7.0194736817105285,7.0194737,0.252609534342108,0.0,0.187,0.0,2.7755575615628914e-17,-5.97951192622681e-19,1
2012-07-17 10:00:00+00:00,0.04076835,0.33372890223337504,0.04238991112125,0.394,0.475,6.97684210276316,6.9768421,0.3175719817105289,0.0,0.081,0.0,4.163336342344337e-17,-8.824172875992324e-19,1
2012-07-17 10:30:00+00:00,0.04025175,0.333138039691875,0.041852763356249996,0.456,1.763,6.288947365921055,6.2889474,0.36476530276316055,0.0,1.307,0.0,-0.0,0.0,1
2012-07-17 11:00:00+00:00,0.03562695,0.147448413129875,0.03704401193624999,0.481,2.288,5.499473681710528,5.4994737,0.3818382659210551,0.0,1.5,0.30699999999999994,0.0,0.022633331415435807,1
2012-07-17 11:30:00+00:00,0.03449535,0.146154142800875,0.03586740254625,0.488,2.1,5.499473681710528,5.4994737,1.8289472158983244e-08,0.0,0.0,1.612,0.0,0.11780023909750525,1
2012-07-17 12:00:00+00:00,0.0344769,0.14613304056725002,0.035848218697499996,0.481,0.575,5.499473681710528,5.4994737,1.8289472158983244e-08,0.0,0.0,0.09399999999999997,0.0,0.006868252906660749,1
2012-07-17 12:30:00+00:00,0.03442155,0.146069733866375,0.035790667151250004,0.469,0.363,5.549823681710528,5.5498237,1.8289472158983244e-08,0.106,0.0,0.0,-0.0,0.0,1
2012-07-17 13:00:00+00:00,0.0336651,0.14520454228775,0.035004129352499996,0.444,1.15,5.549823681710528,5.5498237,1.8289472158983244e-08,0.0,0.0,0.706,0.0,0.051257203427575754,1
2012-07-17 13:30:00+00:00,0.03364665,0.14518344005412498,0.034984945503749997,0.419,0.638,5.549823681710528,5.5498237,1.8289472158983244e-08,0.0,0.0,0.21900000000000003,0.0,0.01589758668592669,1
2012-07-17 14:00:00+00:00,0.03343755,0.144944281406375,0.03476752855125,0.375,1.2,5.549823681710528,5.5498237,1.8289472158983244e-08,0.0,0.0,0.825,0.0,0.05978951608012968,1
2012-07-17 14:30:00+00:00,0.0330501,0.14450113450025,0.0343646677275,0.319,0.225,5.594473681710528,5.5944737,1.8289472158983244e-08,0.094,0.0,0.0,-0.0,0.0,1
2012-07-17 15:00:00+00:00,0.03287175,0.144297146241875,0.034179223856249996,0.25,0.138,5.647673681710528,5.6476737,1.8289472158983244e-08,0.112,0.0,0.0,-0.0,0.0,1
2012-07-17 15:30:00+00:00,0.0331485,0.14461367974624997,0.034466981587499994,0.181,0.088,5.691848681710528,5.6918487,1.8289472158983244e-08,0.093,0.0,0.0,-0.0,0.0,1
2012-07-17 16:00:00+00:00,0.03376965,0.145324121611625,0.03511283782875,0.063,0.2,5.691848681710528,5.6918487,1.8289472158983244e-08,0.0,0.0,0.137,0.0,0.009954702330396314,1
2012-07-17 16:30:00+00:00,0.0342678,0.1458938819195,0.035630801744999996,0.038,0.313,5.691848681710528,5.6918487,1.8289472158983244e-08,0.0,0.0,0.275,0.0,0.020060408763931253,1
2012-07-17 17:00:00+00:00,0.03568845,0.14751875390862498,0.03710795809874999,0.006,0.475,5.44500657644737,5.4450066,0.30588408171052794,0.0,0.469,0.0,-0.0,0.0,1
2012-07-17 17:30:00+00:00,0.0417093,0.15440511614825,0.04336828740749999,0.0,0.575,5.142374997500002,5.142375,0.33166097644737036,0.0,0.575,0.0,-0.0,0.0,1
2012-07-17 18:00:00+00:00,0.0576747,0.17266558231174997,0.059968711192499996,0.0,0.575,4.839743418552634,4.8397434,0.33624629750000157,0.0,0.575,0.0,-0.0,0.0,1
2012-07-17 18:30:00+00:00,0.0560142,0.1707663812855,0.058242164804999996,0.0,0.475,4.589743418552634,4.5897434,0.3270470185526335,0.0,0.475,0.0,-0.0,0.0,1
2012-07-17 19:00:00+00:00,0.04940295,0.16320474756987502,0.051367952336249995,0.0,1.05,4.037111839605266,4.0371118,0.31581801855263336,0.0,1.05,0.0,-0.0,0.0,1
2012-07-17 19:30:00+00:00,0.0443907,0.15747197410174998,0.04615634009249999,0.0,1.363,3.319743418552634,3.3197434,0.3141898396052656,0.0,1.363,0.0,-0.0,0.0,1
2012-07-17 20:00:00+00:00,0.0453747,0.15859742656175,0.04717947869249999,0.0,1.4,2.5829013132894763,2.5829013,0.33301311855263416,0.0,1.4,0.0,-0.0,0.0,1
2012-07-17 20:30:00+00:00,0.04322835,0.156142533383375,0.044947757621249994,0.0,0.538,2.299743418552634,2.2997434,0.37501321328947634,0.0,0.538,0.0,-0.0,0.0,1
2012-07-17 21:00:00+00:00,0.04156785,0.154243332357125,0.04322121123375,0.0,0.663,1.9507960501315815,1.9507961,0.43421201855263414,0.0,0.663,0.0,-0.0,0.0,1
2012-07-17 21:30:00+00:00,0.03694305,0.148953705795125,0.038412459813749994,0.0,1.313,1.5897366869736866,1.5897367,0.3610593501315815,0.0,0.68601279,0.6269872099999999,0.0,0.046696034207823124,1
2012-07-17 22:00:00+00:00,0.03463065,0.146308892514125,0.03600808410375,0.0,0.788,1.5897366869736866,1.5897367,1.302631336130844e-08,0.0,0.0,0.788,0.0,0.05764570365056525,1
2012-07-17 22:30:00+00:00,0.03715215,0.149192864442875,0.03862987676625,0.0,1.963,1.0000000027631604,1.0,0.5897366869736866,0.0,1.1204997,0.8425003,0.0,0.06284751652549075,1
2012-07-17 23:00:00+00:00,0.0346614,0.14634406290350002,0.036040057185,0.0,2.088,1.0000000027631604,1.0,2.763160367180717e-09,0.0,0.0,2.088,0.0,0.15278320167125403,1
2012-07-17 23:30:00+00:00,0.03543015,0.14722332263787502,0.03683938421625,0.0,1.213,1.0000000027631604,1.0,2.763160367180717e-09,0.0,0.0,1.213,0.0,0.08929094517987121,1
2012-07-18 00:00:00+00:00,0.03347445,0.09548648587362503,0.03480589624875,0.0,0.325,1.7125000027631603,1.7125,0.7124999972368395,1.5,0.0,1.825,0.0,0.08713141835968284,1
2012-07-18 00:30:00+00:00,0.0337143,0.09576081491075002,0.0350552862825,0.0,0.138,2.42500000276316,2.425,0.7124999972368395,1.5,0.0,1.638,0.0,0.07842810741190426,1
2012-07-18 01:00:00+00:00,0.03404025,0.096133621038125,0.035394200943749995,0.0,0.188,3.0125000002631603,3.0125,0.58749999723684,1.2368421,0.0,1.4248421,0.0,0.0684876152402831,1
2012-07-18 01:30:00+00:00,0.0332469,0.09522622499225,0.0345692954475,0.0,0.15,3.7250000002631602,3.725,0.7124999997368398,1.5,0.0,1.65,0.0,0.07856163561860625,1
2012-07-18 02:00:00+00:00,0.0324351,0.09429772671275001,0.0337252061025,0.0,0.088,4.43750000026316,4.4375,0.7124999997368398,1.5,0.0,1.588,0.0,0.07487239500992351,1
2012-07-18 02:30:00+00:00,0.03215835,0.09398119320837502,0.03343744837125,0.0,0.1,5.1500000002631605,5.15,0.7124999997368402,1.5,0.0,1.6,0.0,0.07518495456670002,1
2012-07-18 03:00:00+00:00,0.0310944,0.09276429773600002,0.03233117976,0.0,0.188,5.862500000263161,5.8625,0.7124999997368393,1.5,0.0,1.688,0.0,0.07829306728918402,1
2012-07-18 03:30:00+00:00,0.0311559,0.09283463851475002,0.0323951259225,0.0,0.144,6.575000000263161,6.575,0.7124999997368393,1.5,0.0,1.644,0.0,0.07631007285912451,1
2012-07-18 04:00:00+00:00,0.0305901,0.09218750335025,0.0318068212275,0.0,0.288,7.287500000263162,7.2875,0.7124999997368384,1.5,0.0,1.788,0.0,0.0824156279951235,1
2012-07-18 04:30:00+00:00,0.03075,0.092370389375,0.03197308124999999,0.0,0.213,8.0,8.0,0.7124999997368384,1.5,0.0,1.713,0.0,0.0791152384996875,1
2012-07-18 05:00:00+00:00,0.0313896,0.323001933474,0.03263812133999999,0.0,0.15,7.921052631578948,7.9210526,0.21986479999999986,0.0,0.15,0.0,-0.0,0.0,1
2012-07-18 05:30:00+00:00,0.03364665,0.325583440054125,0.034984945503749997,0.0,0.113,7.861578947368422,7.8615789,0.21980893157894776,0.0,0.113,0.0,-0.0,0.0,1
2012-07-18 06:00:00+00:00,0.03060855,0.32210860558387505,0.031826005076250004,0.0,0.1,7.8089473684210535,7.8089474,0.19947454736842207,0.0,0.1,0.0,-0.0,0.0,1
2012-07-18 06:30:00+00:00,0.0343539,0.32639235900975005,0.03572032637249999,0.0,0.188,7.710000000000001,7.71,0.16797936842105354,0.0,0.188,0.0,-0.0,0.0,1
2012-07-18 07:00:00+00:00,0.0379947,0.33055653311175004,0.03950593919249999,0.0,0.488,7.453157894736843,7.4531579,0.13247170000000086,0.0,0.488,0.0,-0.0,0.0,1
2012-07-18 07:30:00+00:00,0.0374289,0.32990939794725005,0.0389176344975,0.006,0.463,7.212631578947369,7.2126316,0.10989089473684288,0.0,0.457,0.0,-0.0,0.0,1
2012-07-18 08:00:00+00:00,0.04058385,0.333517879897125,0.04219807263374999,0.025,0.275,7.081052631578948,7.0810526,0.11100837894736948,0.0,0.25,0.0,-0.0,0.0,1
2012-07-18 08:30:00+00:00,0.04054695,0.333475675429875,0.04215970493624999,0.05,0.488,6.850526315789474,6.8505263,0.14008893157894775,0.0,0.438,0.0,-0.0,0.0,1
2012-07-18 09:00:00+00:00,0.0392001,0.33193521237525003,0.0407592839775,0.094,0.363,6.708947368421053,6.7089474,0.19351411578947442,0.0,0.269,0.0,-0.0,0.0,1
2012-07-18 09:30:00+00:00,0.0391755,0.33190707606375003,0.0407337055125,0.131,0.125,6.711797368421053,6.7117974,0.26045686842105287,0.006,0.0,0.0,-0.0,0.0,1
2012-07-18 10:00:00+00:00,0.03686925,0.329269296860625,0.038335724418749995,0.338,0.2,6.777347368421053,6.7773474,0.32554596842105266,0.138,0.0,0.0,-0.0,0.0,1
2012-07-18 10:30:00+00:00,0.034563,0.32663151765750004,0.035937743325,0.456,1.45,6.25418947368421,6.2541895,0.3728198684210522,0.0,0.994,0.0,-0.0,0.0,1
2012-07-18 11:00:00+00:00,0.0347598,0.14645660814949998,0.036142371044999996,0.488,1.825,6.25418947368421,6.2541895,2.6315789547481927e-08,0.0,0.0,1.337,0.0,0.09790624254794074,1
2012-07-18 11:30:00+00:00,0.03437235,0.146013461243375,0.03573951022125,0.494,1.75,6.25418947368421,6.2541895,2.6315789547481927e-08,0.0,0.0,1.256,0.0,0.0916964536608395,1
2012-07-18 12:00:00+00:00,0.03381885,0.145380394234625,0.03516399475874999,0.494,0.388,6.30453947368421,6.3045395,2.6315789547481927e-08,0.106,0.0,0.0,-0.0,0.0,1
2012-07-18 12:30:00+00:00,0.03284715,0.144269009930375,0.03415364539125,0.475,0.188,6.4408644736842104,6.4408645,2.6315789547481927e-08,0.287,0.0,0.0,-0.0,0.0,1
2012-07-18 13:00:00+00:00,0.03164175,0.142890330666875,0.03290030060625,0.456,0.088,6.615664473684211,6.6156645,2.6315789547481927e-08,0.368,0.0,0.0,5.551115123125783e-17,-9.131667812536937e-19,1
2012-07-18 13:30:00+00:00,0.0330132,0.144458930033,0.03432630003,0.419,0.15,6.7434394736842105,6.7434395,2.6315789547481927e-08,0.269,0.0,5.551115123125783e-17,0.0,4.009540755883778e-18,1
2012-07-18 14:00:00+00:00,0.0318078,0.14308025076949998,0.033072955244999994,0.375,0.238,6.808514473684211,6.8085145,2.6315789547481927e-08,0.137,0.0,0.0,-0.0,0.0,1
2012-07-18 14:30:00+00:00,0.03156795,0.142805921732375,0.032823565211249996,0.319,0.288,6.823239473684211,6.8232395,2.6315789547481927e-08,0.031,0.0,0.0,5.551115123125783e-17,-9.110369461953759e-19,1
2012-07-18 15:00:00+00:00,0.0314757,0.14270041056425,0.0327276459675,0.256,0.225,6.837964473684211,6.8379645,2.6315788659303507e-08,0.031,0.0,0.0,-0.0,0.0,1
2012-07-18 15:30:00+00:00,0.03220755,0.143537465831375,0.033488605301249995,0.175,0.388,6.837964473684211,6.8379645,2.6315788659303507e-08,0.0,0.0,0.21300000000000002,0.0,0.015286740111041438,1
2012-07-18 16:00:00+00:00,0.0330009,0.14444486187724997,0.034313510797499995,0.075,0.438,6.837964473684211,6.8379645,2.6315788659303507e-08,0.0,0.0,0.363,0.0,0.02621674243072087,1
2012-07-18 16:30:00+00:00,0.03485205,0.146562119317625,0.036238290288749996,0.038,0.125,6.792175000000001,6.792175,0.2633896736842116,0.0,0.087,0.0,-0.0,0.0,1
2012-07-18 17:00:00+00:00,0.03492585,0.14664652825212499,0.036315025683749995,0.0,0.1,6.739543421052633,6.7395434,0.3105002000000008,0.0,0.1,0.0,-0.0,0.0,1
2012-07-18 17:30:00+00:00,0.0414879,0.15415188934475,0.04313808122249999,0.006,0.238,6.617438157894738,6.6174382,0.3357880210526334,0.0,0.232,0.0,2.7755575615628914e-17,-5.9866113764212015e-19,1
2012-07-18 18:00:00+00:00,0.04959975,0.163429838061875,0.05157258005625,0.0,0.713,6.242175000000001,6.242175,0.3398751578947383,0.0,0.713,0.0,-0.0,0.0,1
2012-07-18 18:30:00+00:00,0.05277315,0.167059422245375,0.05487220204124999,0.0,1.1,5.663227631578948,5.6632276,0.3301707000000009,0.0,1.1,0.0,-0.0,0.0,1
2012-07-18 19:00:00+00:00,0.04889865,0.162627953184125,0.050843593803750003,0.0,1.025,5.123753947368422,5.1237539,0.3184304315789479,0.0,1.025,0.0,-0.0,0.0,1
2012-07-18 19:30:00+00:00,0.0419922,0.1547286837305,0.043662439755,0.0,0.5,4.860596052631579,4.8605961,0.316289247368422,0.0,0.5,0.0,-0.0,0.0,1
2012-07-18 20:00:00+00:00,0.03984585,0.152273790552125,0.04143071868375,0.0,1.4,4.123753947368422,4.1237539,0.33458585263157925,0.0,1.4,0.0,-0.0,0.0,1
2012-07-18 20:30:00+00:00,0.039729,0.15214014307249998,0.041309220975,0.0,1.063,3.5642802631578956,3.5642803,0.3760445473684215,0.0,1.063,0.0,-0.0,0.0,1
2012-07-18 21:00:00+00:00,0.03919395,0.151528178297375,0.040752889361249996,0.0,0.575,3.261648684210527,3.2616487,0.43469336315789553,0.0,0.575,0.0,-0.0,0.0,1
2012-07-18 21:30:00+00:00,0.0363342,0.1482573320855,0.03777939280499999,0.0,0.388,3.0574381578947376,3.0574382,0.49989408421052683,0.0,0.388,0.0,-0.0,0.0,1
2012-07-18 22:00:00+00:00,0.03428625,0.145914984153125,0.035649985593749996,0.0,0.463,2.8137539473684217,2.8137539,0.3426004578947377,0.0,0.463,0.0,-0.0,0.0,1
2012-07-18 22:30:00+00:00,0.0449073,0.15806283664325002,0.0466934878575,0.0,1.7,2.0242802631578956,2.0242803,0.5884853473684215,0.0,1.5,0.19999999999999996,0.0,0.015806283664325,1
2012-07-18 23:00:00+00:00,0.03631575,0.148236229851875,0.03776020895625,0.0,2.15,1.5412030000000008,1.541203,0.48307726315789545,0.0,0.9178468,1.2321532,0.0,0.09132487248396166,1
2012-07-18 23:30:00+00:00,0.03770565,0.149825931451625,0.03920539222875,0.0,1.438,1.0000000000000007,1.0,0.5412030000000008,0.0,1.0282857,0.40971429999999986,0.0,0.03069291331327525,1
2012-07-19 00:00:00+00:00,0.03556545,0.09787807235112501,0.03698006577375,0.0,0.413,1.5874999975000006,1.5875,0.5874999999999992,1.2368421,0.0,1.6498421,0.0,0.08074168221586601,1
2012-07-19 00:30:00+00:00,0.0338127,0.09587336015675002,0.0351576001425,0.0,0.2,2.2999999975000005,2.3,0.7125000024999992,1.5,0.0,1.7,0.0,0.08149235613323752,1
2012-07-19 01:00:00+00:00,0.0328164,0.09473383954100002,0.03412167231,0.0,0.1,3.0124999975000004,3.0125,0.7125000024999997,1.5,0.0,1.6,0.0,0.07578707163280002,1
2012-07-19 01:30:00+00:00,0.0342186,0.09633760929650001,0.035579644815000006,0.0,0.106,3.7249999975000003,3.725,0.7125000024999997,1.5,0.0,1.606,0.0,0.0773591002650895,1
2012-07-19 02:00:00+00:00,0.0335421,0.09556386073025,0.03487623702749999,0.0,0.2,4.4374999975,4.4375,0.7125000024999997,1.5,0.0,1.7,0.0,0.0812292816207125,1
2012-07-19 02:30:00+00:00,0.03338835,0.09538800878337499,0.03471637162124999,0.0,0.125,5.1499999975,5.15,0.7125000025000006,1.5,0.0,1.625,0.0,0.07750275713649217,1
2012-07-19 03:00:00+00:00,0.032103,0.0939178865075,0.033379896825,0.0,0.1,5.8624999975000005,5.8625,0.7125000024999997,1.5,0.0,1.6,0.0,0.075134309206,1
2012-07-19 03:30:00+00:00,0.03182625,0.093601353003125,0.03309213909375,0.0,0.1,6.574999997500001,6.575,0.7125000024999997,1.5,0.0,1.6,0.0,0.07488108240250001,1
2012-07-19 04:00:00+00:00,0.0319185,0.09370686417125001,0.0331880583375,0.0,0.2,7.287499997500001,7.2875,0.7125000024999988,1.5,0.0,1.7,0.0,0.07965083454556252,1
2012-07-19 04:30:00+00:00,0.03321615,0.09519105460287501,0.03453732236625,0.0,0.138,7.999999997500002,8.0,0.7125000024999988,1.5,0.0,1.638,0.0,0.07796147371975463,1
2012-07-19 05:00:00+00:00,0.0334068,0.32530911101700005,0.03473555546999999,0.0,0.1,7.947368418552633,7.9473684,0.21110189750000163,0.0,0.1,0.0,-0.0,0.0,1
2012-07-19 05:30:00+00:00,0.0367647,0.32914971753675004,0.0382270159425,0.0,0.263,7.808947365921054,7.8089474,0.21054561855263376,0.0,0.263,0.0,-0.0,0.0,1
2012-07-19 06:00:00+00:00,0.0343908,0.326434563477,0.03575869406999999,0.0,0.275,7.664210523815791,7.6642105,0.1897310659210545,0.0,0.275,0.0,-0.0,0.0,1
2012-07-19 06:30:00+00:00,0.0408852,0.333862549713,0.04251140882999999,0.0,0.325,7.493157892236844,7.4931579,0.15777732381579135,0.0,0.325,0.0,-0.0,0.0,1
2012-07-19 07:00:00+00:00,0.04289625,0.336162693178125,0.04460244834374999,0.0,0.588,7.1836842080263175,7.1836842,0.12187369223684374,0.0,0.588,0.0,-0.0,0.0,1
2012-07-19 07:30:00+00:00,0.04001805,0.332870744732625,0.04160976793874999,0.0,0.313,7.018947365921054,7.0189474,0.09894330802631757,0.0,0.313,0.0,-0.0,0.0,1
2012-07-19 08:00:00+00:00,0.0460635,0.33978524328375,0.047895675712499995,0.0,0.125,6.9531578922368436,6.9531579,0.09975696592105443,0.0,0.125,0.0,-0.0,0.0,1
2012-07-19 08:30:00+00:00,0.0430254,0.33631040881350005,0.044736735284999996,0.031,0.088,6.923157892236843,6.9231579,0.12857659223684337,0.0,0.057,0.0,6.938893903907228e-18,-1.5521172987489894e-19,1
2012-07-19 09:00:00+00:00,0.0413157,0.33435493516425,0.0429590319675,0.025,0.163,6.850526313289475,6.8505263,0.18177879223684368,0.0,0.138,0.0,-0.0,0.0,1
2012-07-19 09:30:00+00:00,0.04081755,0.33378517485637504,0.04244106805125,0.219,0.163,6.877126313289475,6.8771263,0.2485299132894747,0.056,0.0,0.0,-0.0,0.0,1
2012-07-19 10:00:00+00:00,0.0396921,0.33249793860525007,0.0412708532775,0.25,0.138,6.930326313289475,6.9303263,0.3134523132894751,0.112,0.0,0.0,-0.0,0.0,1
2012-07-19 10:30:00+00:00,0.0357684,0.32801019692100003,0.03719108811,0.194,1.363,6.315063155394738,6.3150632,0.36057831328947554,0.0,1.169,0.0,-0.0,0.0,1
2012-07-19 11:00:00+00:00,0.0346737,0.14635813105925,0.0360528464175,0.263,1.838,6.130198581710528,6.1301986,0.18486455539473834,0.0,0.35124269,1.22375731,0.0,0.08955341638084761,1
2012-07-19 11:30:00+00:00,0.03440925,0.146055665710625,0.03577787791875,0.1,1.9,6.130198581710528,6.1301986,1.8289472158983244e-08,0.0,0.0,1.7999999999999998,0.0,0.1314500991395625,1
2012-07-19 12:00:00+00:00,0.03410175,0.14570396181687498,0.03545814710625,0.119,0.338,6.130198581710528,6.1301986,1.8289472158983244e-08,0.0,0.0,0.21900000000000003,0.0,0.015954583818947814,1
2012-07-19 12:30:00+00:00,0.03368355,0.145225644521375,0.03502331320125,0.1,0.138,6.130198581710528,6.1301986,1.8289472158983244e-08,0.0,0.0,0.038000000000000006,0.0,0.0027592872459061258,1
2012-07-19 13:00:00+00:00,0.0344031,0.14604863163275,0.0357714833025,0.281,0.138,6.198123581710528,6.1981236,1.8289472158983244e-08,0.143,0.0,0.0,-0.0,0.0,1
2012-07-19 13:30:00+00:00,0.03445845,0.146111938333625,0.035829034848750003,0.338,0.175,6.275548581710527,6.2755486,0.06792498171052763,0.163,0.0,0.0,5.551115123125783e-17,-9.944554859794842e-19,1
2012-07-19 14:00:00+00:00,0.03415095,0.145760234439875,0.035509304036249995,0.388,0.1,6.4123485817105275,6.4123486,1.8289472158983244e-08,0.288,0.0,0.0,-0.0,0.0,1
2012-07-19 14:30:00+00:00,0.03388035,0.145450735013375,0.03522794092124999,0.225,0.1,6.471723581710528,6.4717236,1.8289472158983244e-08,0.125,0.0,0.0,-0.0,0.0,1
2012-07-19 15:00:00+00:00,0.0334314,0.1449372473285,0.034761133934999994,0.2,0.15,6.495473581710527,6.4954736,1.8289472158983244e-08,0.05,0.0,0.0,-0.0,0.0,1
2012-07-19 15:30:00+00:00,0.0339357,0.14551404171425,0.0352854924675,0.188,0.175,6.501648581710527,6.5016486,0.12326258171052729,0.013,0.0,0.0,-0.0,0.0,1
2012-07-19 16:00:00+00:00,0.0343293,0.14596422269825002,0.0356947479075,0.075,0.075,6.501648581710527,6.5016486,0.1883053817105269,0.0,0.0,0.0,-0.0,0.0,1
2012-07-19 16:30:00+00:00,0.03479055,0.146491778538875,0.03617434412625,0.038,0.113,6.462174897500001,6.4621749,0.25066688171052753,0.0,0.075,1.3877787807814457e-17,0.0,1.0164909090759274e-18,1
2012-07-19 17:00:00+00:00,0.03363435,0.145169371898375,0.03497215627125,0.006,0.238,6.340069634342106,6.3400696,0.29793169750000104,0.0,0.232,0.0,2.7755575615628914e-17,-4.853361639141351e-19,1
2012-07-19 17:30:00+00:00,0.0381669,0.15035348729225,0.03968498844749999,0.0,0.35,6.155859108026316,6.1558591,0.32342053434210527,0.0,0.35,0.0,-0.0,0.0,1
2012-07-19 18:00:00+00:00,0.0493845,0.16318364533625,0.05134876848749999,0.0,0.35,5.971648581710527,5.9716486,0.3277570080263166,0.0,0.35,0.0,-0.0,0.0,1
2012-07-19 18:30:00+00:00,0.04718895,0.160672479534875,0.04906589048624999,0.0,0.538,5.688490686973685,5.6884907,0.31835058171052655,0.0,0.538,0.0,-0.0,0.0,1
2012-07-19 19:00:00+00:00,0.04605735,0.159378209205875,0.04788928109624999,0.0,0.925,5.201648581710527,5.2016486,0.30695568697368447,0.0,0.925,0.0,-0.0,0.0,1
2012-07-19 19:30:00+00:00,0.0390525,0.15136639450625,0.04060581318749999,0.0,1.25,4.543753844868422,4.5437538,0.3052085817105272,0.0,1.25,0.0,-0.0,0.0,1
2012-07-19 20:00:00+00:00,0.0391509,0.15147893975225,0.0407081270475,0.0,2.2,3.7542801606578955,3.7542802,0.323933644868422,0.0,1.5,0.7000000000000002,0.0,0.05301762891328751,1
2012-07-19 20:30:00+00:00,0.0434436,0.156388726109,0.04517156919,0.0,0.55,3.464806476447369,3.4648065,0.3658513606578957,0.0,0.55,0.0,-0.0,0.0,1
2012-07-19 21:00:00+00:00,0.0420783,0.15482716082075,0.0437519643825,0.006,0.613,3.1453327922368426,3.1453328,0.42499287644736894,0.0,0.607,0.0,-0.0,0.0,1
2012-07-19 21:30:00+00:00,0.0376134,0.1497204202835,0.039109472985,0.0,0.775,2.7374380553947373,2.7374381,0.4907110922368427,0.0,0.775,0.0,-0.0,0.0,1
2012-07-19 22:00:00+00:00,0.03324075,0.14471919091437502,0.03456290083124999,0.0,0.588,2.6923503490789478,2.6923503,0.045087755394737083,0.0,0.085666642,0.502333358,0.0,0.03634863856953055,1
2012-07-19 22:30:00+00:00,0.03814845,0.150332385058625,0.03966580459875,0.0,1.588,1.9028766648684214,1.9028767,0.5804012490789479,0.0,1.5,0.08800000000000008,0.0,0.006614624942579506,1
2012-07-19 23:00:00+00:00,0.0348459,0.14655508523975,0.0362318956725,0.0,1.925,1.5343043227631583,1.5343043,0.3685723648684214,0.0,0.70028745,1.22471255,0.0,0.08974392607972079,1
2012-07-19 23:30:00+00:00,0.03560235,0.147420276818375,0.037018433471249994,0.0,1.763,1.0000000069736847,1.0,0.5343043227631583,0.0,1.0151782,0.7478217999999999,0.0,0.05512204838340772,1
2012-07-20 00:00:00+00:00,0.0339357,0.09601404171425001,0.0352854924675,0.0,0.381,1.7125000069736847,1.7125,0.7124999930263152,1.5,0.0,1.881,0.0,0.09030120623225214,1
2012-07-20 00:30:00+00:00,0.03405255,0.09614768919387501,0.03540699017625,0.0,0.138,2.4250000069736846,2.425,0.7124999930263152,1.5,0.0,1.638,0.0,0.07874495744978363,1
2012-07-20 01:00:00+00:00,0.03422475,0.096344643374375,0.035586039431249994,0.0,0.088,3.0125000044736847,3.0125,0.5874999930263156,1.2368421,0.0,1.3248421000000001,0.0,0.06382071982592903,1
2012-07-20 01:30:00+00:00,0.034194,0.09630947298500002,0.03555406635,0.0,0.163,3.7250000044736846,3.725,0.7124999955263154,1.5,0.0,1.663,0.0,0.08008132678702752,1
2012-07-20 02:00:00+00:00,0.03325305,0.09523325907012499,0.03457569006375,0.0,0.15,4.4375000044736845,4.4375,0.7124999955263154,1.5,0.0,1.65,0.0,0.07856743873285311,1
2012-07-20 02:30:00+00:00,0.0319431,0.09373500048275,0.0332136368025,0.0,0.1,5.150000004473684,5.15,0.7124999955263158,1.5,0.0,1.6,0.0,0.0749880003862,1
2012-07-20 03:00:00+00:00,0.03204765,0.093854579806625,0.03332234527874999,0.0,0.1,5.862500004473684,5.8625,0.7124999955263158,1.5,0.0,1.6,0.0,0.0750836638453,1
2012-07-20 03:30:00+00:00,0.0312543,0.09294718376075,0.0324974397825,0.0,0.163,6.575000004473685,6.575,0.7124999955263158,1.5,0.0,1.663,0.0,0.07728558329706361,1
2012-07-20 04:00:00+00:00,0.03138345,0.093094899396125,0.03263172672375,0.0,0.138,7.287500004473685,7.2875,0.7124999955263149,1.5,0.0,1.638,0.0,0.07624472260542638,1
2012-07-20 04:30:00+00:00,0.0323367,0.09418518146675,0.0336228922425,0.0,0.288,8.0,8.0,0.7124999955263149,1.5,0.0,1.788,0.0,0.08420155223127451,1
2012-07-20 05:00:00+00:00,0.03283485,0.32465494177462506,0.034140856158749996,0.0,0.2,7.894736842105263,7.8947368,0.21172310000000039,0.0,0.2,0.0,-0.0,0.0,1
2012-07-20 05:30:00+00:00,0.03225675,0.323993738454375,0.03353976223125,0.0,0.175,7.802631578947368,7.8026316,0.21187534210526326,0.0,0.175,0.0,-0.0,0.0,1
2012-07-20 06:00:00+00:00,0.0346983,0.32678626737075006,0.0360784248825,0.0,0.113,7.743157894736842,7.7431579,0.1917645789473683,0.0,0.113,0.0,-0.0,0.0,1
2012-07-20 06:30:00+00:00,0.0381423,0.33072535098075007,0.03965940998249999,0.0,0.2,7.637894736842105,7.6378947,0.16050779473684162,0.0,0.2,0.0,-0.0,0.0,1
2012-07-20 07:00:00+00:00,0.04455675,0.33806189420437505,0.046328994731249996,0.0,0.588,7.328421052631579,7.3284211,0.12533123684210512,0.0,0.588,0.0,-0.0,0.0,1
2012-07-20 07:30:00+00:00,0.0421029,0.33525529713225005,0.043777542847499996,0.0,0.388,7.124210526315789,7.1242105,0.10313855263157912,0.0,0.388,0.0,-0.0,0.0,1
2012-07-20 08:00:00+00:00,0.0507375,0.34513114246875,0.05275558406249999,0.013,0.188,7.032105263157894,7.0321053,0.10469642631578857,0.0,0.175,0.0,-0.0,0.0,1
2012-07-20 08:30:00+00:00,0.04978425,0.3440408603981251,0.05176441854375,0.019,0.088,6.99578947368421,6.9957895,0.13426056315789392,0.0,0.069,0.0,1.3877787807814457e-17,-3.591878082725292e-19,1
2012-07-20 09:00:00+00:00,0.0410697,0.33407357204925,0.0427032473175,0.031,0.163,6.926315789473684,6.9263158,0.1881992736842104,0.0,0.132,0.0,-0.0,0.0,1
2012-07-20 09:30:00+00:00,0.0396429,0.33244166598225006,0.041219696347499994,0.194,0.163,6.941040789473685,6.9410408,0.25566958947368423,0.031,0.0,0.0,-0.0,0.0,1
2012-07-20 10:00:00+00:00,0.03971055,0.33251904083887507,0.04129003712625,0.363,0.088,7.071665789473685,7.0716658,0.3212841894736851,0.275,0.0,0.0,-0.0,0.0,1
2012-07-20 10:30:00+00:00,0.03832065,0.330929339239125,0.039844853853749994,0.375,1.363,6.5516657894736845,6.5516658,0.36906668947368537,0.0,0.988,0.0,-0.0,0.0,1
2012-07-20 11:00:00+00:00,0.03707835,0.149108455508375,0.03855314137125,0.431,1.9,6.5516657894736845,6.5516658,1.052631581899277e-08,0.0,0.0,1.4689999999999999,0.0,0.10952016057090143,1
2012-07-20 11:30:00+00:00,0.0348582,0.1465691533955,0.036244684905,0.481,1.888,6.5516657894736845,6.5516658,1.052631581899277e-08,0.0,0.0,1.407,0.0,0.10311139941373425,1
2012-07-20 12:00:00+00:00,0.03449535,0.146154142800875,0.03586740254625,0.494,0.413,6.5901407894736845,6.5901408,1.052631581899277e-08,0.081,0.0,0.0,-0.0,0.0,1
2012-07-20 12:30:00+00:00,0.03444615,0.146097870177875,0.03581624561625,0.338,0.138,6.685140789473684,6.6851408,1.052631581899277e-08,0.2,0.0,0.0,-0.0,0.0,1
2012-07-20 13:00:00+00:00,0.03376965,0.145324121611625,0.03511283782875,0.263,0.125,6.750690789473684,6.7506908,1.052631581899277e-08,0.138,0.0,0.0,-0.0,0.0,1
2012-07-20 13:30:00+00:00,0.03413865,0.145746166284125,0.03549651480375,0.369,0.2,6.830965789473685,6.8309658,1.052631581899277e-08,0.169,0.0,0.0,-0.0,0.0,1
2012-07-20 14:00:00+00:00,0.03326535,0.144747327225875,0.034588479296249995,0.381,0.1,6.964440789473684,6.9644408,1.052631581899277e-08,0.281,0.0,0.0,-0.0,0.0,1
2012-07-20 14:30:00+00:00,0.0337758,0.1453311556895,0.035119232445,0.331,0.113,7.067990789473685,7.0679908,1.052631581899277e-08,0.218,0.0,0.0,-0.0,0.0,1
2012-07-20 15:00:00+00:00,0.0338373,0.14540149646824999,0.0351831786075,0.263,0.1,7.1454157894736845,7.1454158,1.0526314930814351e-08,0.163,0.0,0.0,-0.0,0.0,1
2012-07-20 15:30:00+00:00,0.03375735,0.145310053455875,0.03510004859625,0.188,0.263,7.1454157894736845,7.1454158,1.052631581899277e-08,0.0,0.0,0.07500000000000001,0.0,0.0054491270045953135,1
2012-07-20 16:00:00+00:00,0.0343416,0.14597829085400002,0.035707537139999995,0.081,0.263,7.1454157894736845,7.1454158,1.052631581899277e-08,0.0,0.0,0.182,0.0,0.013284024467714001,1
2012-07-20 16:30:00+00:00,0.0360144,0.14789156003599999,0.03744687275999999,0.038,0.2,7.060152631578948,7.0601526,0.24680358947368486,0.0,0.162,0.0,-0.0,0.0,1
2012-07-20 17:00:00+00:00,0.0369615,0.14897480802875,0.038431643662499994,0.006,0.388,6.859100000000001,6.8591,0.31066563157894755,0.0,0.382,0.0,-0.0,0.0,1
2012-07-20 17:30:00+00:00,0.0392739,0.15161962130974999,0.0408360193725,0.0,1.531,6.251734578947369,6.2517346,0.3362120000000006,0.0,1.1539943,0.3770057,0.0,0.028580730732808604,1
2012-07-20 18:00:00+00:00,0.04533165,0.158548188016625,0.047134716378750004,0.0,2.613,5.4622608947368425,5.4622609,0.34058197894736875,0.0,1.5,1.113,0.0,0.08823206663125181,1
2012-07-20 18:30:00+00:00,0.0476994,0.16125630799850002,0.049596643635,0.0,1.65,4.672787210526316,4.6727872,0.3311857947368422,0.0,1.5,0.1499999999999999,0.0,0.012094223099887494,1
2012-07-20 19:00:00+00:00,0.0468384,0.160271537096,0.048701397359999996,0.0,1.188,4.047524052631579,4.0475241,0.3197771105263163,0.0,1.188,0.0,-0.0,0.0,1
2012-07-20 19:30:00+00:00,0.0394215,0.15178843917874998,0.040989490162499996,0.0,0.5,4.047524052631579,4.0475241,4.736842118546747e-08,0.0,0.0,0.5,0.0,0.037947109794687496,1
2012-07-20 20:00:00+00:00,0.0399996,0.152449642499,0.04159058409,0.0,1.625,4.0458206352631585,4.0458206,0.0017034526315793386,0.0,0.003236493,1.621763507,0.0,0.12361863343003725,1
2012-07-20 20:30:00+00:00,0.0476256,0.161171899064,0.049519908239999993,0.0,1.213,3.4073995826315793,3.4073996,0.3784615352631584,0.0,1.213,0.0,-0.0,0.0,1
2012-07-20 21:00:00+00:00,0.05068215,0.164667835767875,0.05269803251625,0.0,0.688,3.0452943194736846,3.0452943,0.4374641826315795,0.0,0.688,0.0,-0.0,0.0,1
2012-07-20 21:30:00+00:00,0.04137105,0.154018241865125,0.04301658351375,0.0,0.475,2.7952943194736846,2.7952943,0.3184040194736846,0.0,0.475,0.0,-0.0,0.0,1
2012-07-20 22:00:00+00:00,0.03951375,0.151893950346875,0.041085409406249995,0.0,0.438,2.726890335263158,2.7268903,0.06840401947368457,0.0,0.12996757,0.30803243,0.0,0.023394131313823625,1
2012-07-20 22:30:00+00:00,0.05103885,0.165075812284625,0.05306892025874999,0.0,1.75,1.9374166510526318,1.9374167,0.5922190352631582,0.0,1.5,0.25,0.0,0.020634476535578126,1
2012-07-20 23:00:00+00:00,0.0418323,0.15454579770575003,0.0434961797325,0.0,2.275,1.5455038194736845,1.5455038,0.39191285105263174,0.0,0.74463438,1.53036562,0.0,0.11825578776217736,1
2012-07-20 23:30:00+00:00,0.0454485,0.15868183549625,0.0472562140875,0.0,2.025,1.0,1.0,0.5455038194736845,0.0,1.0364573,0.9885427,0.0,0.0784318850512094,1
2012-07-21 00:00:00+00:00,0.04404015,0.10757103166287499,0.045791846966249994,0.0,1.738,1.5874999975000001,1.5875,0.5874999999999999,1.2368421,0.0,2.9748421,0.0,0.16000341686557676,1
2012-07-21 00:30:00+00:00,0.04097745,0.10406806088112501,0.04260732807374999,0.0,0.325,2.2999999975,2.3,0.7125000024999997,1.5,0.0,1.825,0.0,0.09496210555402657,1
2012-07-21 01:00:00+00:00,0.03978435,0.102703449773375,0.041366772521250005,0.0,0.175,3.0124999975,3.0125,0.7125000025000001,1.5,0.0,1.675,0.0,0.08601413918520157,1
2012-07-21 01:30:00+00:00,0.0404793,0.10349830057325,0.042089364157499996,0.0,0.125,3.7249999975,3.725,0.7125000025000001,1.5,0.0,1.625,0.0,0.08409236921576563,1
2012-07-21 02:00:00+00:00,0.03814845,0.10083238505862502,0.03966580459875,0.0,0.088,4.4374999975,4.4375,0.7125000025000001,1.5,0.0,1.588,0.0,0.08006091373654826,1
2012-07-21 02:30:00+00:00,0.03590985,0.098271980712125,0.037338164283749996,0.0,0.163,5.1499999975,5.15,0.7125000025000006,1.5,0.0,1.663,0.0,0.08171315196213194,1
2012-07-21 03:00:00+00:00,0.0346122,0.09678779028050001,0.035988900255,0.0,0.175,5.8624999975000005,5.8625,0.7125000024999997,1.5,0.0,1.675,0.0,0.08105977435991876,1
2012-07-21 03:30:00+00:00,0.0339603,0.09604217802575002,0.0353110709325,0.0,0.1,6.574999997500001,6.575,0.7125000024999997,1.5,0.0,1.6,0.0,0.07683374242060002,1
2012-07-21 04:00:00+00:00,0.0331977,0.09516995236925002,0.0345181385175,0.006,0.113,7.287499997500001,7.2875,0.7125000024999988,1.5,0.0,1.607,0.0,0.07646905672869239,1
2012-07-21 04:30:00+00:00,0.03337605,0.09537394062762501,0.034703582388749994,0.0,0.325,7.999999997500002,8.0,0.7125000024999988,1.5,0.0,1.825,0.0,0.08702872082270782,1
2012-07-21 05:00:00+00:00,0.03379425,0.32575225792312507,0.03513841629375,0.0,0.238,7.874736839605265,7.8747368,0.21751309750000125,0.0,0.238,0.0,-0.0,0.0,1
2012-07-21 05:30:00+00:00,0.0343416,0.326378290854,0.035707537139999995,0.0,0.1,7.822105260657897,7.8221053,0.21704563960526446,0.0,0.1,0.0,-0.0,0.0,1
2012-07-21 06:00:00+00:00,0.0339849,0.32597031433725,0.035336649397499996,0.0,0.1,7.7694736817105285,7.7694737,0.19630156065789706,0.0,0.1,0.0,-0.0,0.0,1
2012-07-21 06:30:00+00:00,0.03434775,0.326385324931875,0.035713931756250004,0.0,0.2,7.664210523815791,7.6642105,0.16440018171052895,0.0,0.2,0.0,-0.0,0.0,1
2012-07-21 07:00:00+00:00,0.0346737,0.32675813105925006,0.0360528464175,0.0,0.125,7.598421050131581,7.5984211,0.12860872381579114,0.0,0.125,0.0,-0.0,0.0,1
2012-07-21 07:30:00+00:00,0.03615585,0.32845334382712504,0.03759394893375,0.0,0.1,7.545789471184213,7.5457895,0.10581555013158095,0.0,0.1,0.0,-0.0,0.0,1
2012-07-21 08:00:00+00:00,0.03556545,0.32777807235112505,0.03698006577375,0.0,0.125,7.479999997500002,7.48,0.10678717118421233,0.0,0.125,0.0,-0.0,0.0,1
2012-07-21 08:30:00+00:00,0.0397659,0.33258234753975,0.0413475886725,0.019,0.175,7.397894734342107,7.3978947,0.13577739750000184,0.0,0.156,0.0,-0.0,0.0,1
2012-07-21 09:00:00+00:00,0.0436527,0.33702788475675,0.0453889861425,0.056,0.113,7.367894734342107,7.3678947,0.18915003434210753,0.0,0.057,0.0,-0.0,0.0,1
2012-07-21 09:30:00+00:00,0.04400325,0.33742882719562506,0.045753479268749994,0.131,0.275,7.292105260657896,7.2921053,0.25605713434210653,0.0,0.144,2.7755575615628914e-17,0.0,4.682765664060577e-18,1
2012-07-21 10:00:00+00:00,0.04229355,0.33547335354637503,0.04397577595125,0.063,0.425,7.101578944868423,7.1015789,0.32110536065789663,0.0,0.362,0.0,-0.0,0.0,1
2012-07-21 10:30:00+00:00,0.0402333,0.33311693745825005,0.041833579507499996,0.081,1.363,6.4268421027631595,6.4268421,0.36831354486842294,0.0,1.282,0.0,-0.0,0.0,1
2012-07-21 11:00:00+00:00,0.0390771,0.15139453081775,0.040631391652499994,0.238,1.788,6.20810390276316,6.2081039,0.21873820276315925,0.0,0.41560258,1.13439742,0.0,0.08587078258088304,1
2012-07-21 11:30:00+00:00,0.03629115,0.14820809354037498,0.03773463049125,0.056,1.813,6.20810390276316,6.2081039,2.7631594790022973e-09,0.0,0.0,1.757,0.0,0.13020081017521942,1
2012-07-21 12:00:00+00:00,0.03830835,0.15051527108337498,0.03983206462124999,0.075,0.363,6.20810390276316,6.2081039,2.7631594790022973e-09,0.0,0.0,0.288,0.0,0.021674199036005995,1
2012-07-21 12:30:00+00:00,0.0378471,0.14998771524274998,0.03935246840249999,0.088,0.15,6.20810390276316,6.2081039,2.7631594790022973e-09,0.0,0.0,0.062,0.0,0.004649619172525249,1
2012-07-21 13:00:00+00:00,0.0346614,0.14634406290350002,0.036040057185,0.125,0.088,6.22567890276316,6.2256789,2.7631594790022973e-09,0.037,0.0,0.0,-0.0,0.0,1
2012-07-21 13:30:00+00:00,0.0348951,0.14661135786274998,0.0362830526025,0.075,0.175,6.22567890276316,6.2256789,2.7631594790022973e-09,0.0,0.0,0.09999999999999999,0.0,0.0073305678931374985,1
2012-07-21 14:00:00+00:00,0.0346737,0.14635813105925,0.0360528464175,0.113,0.138,6.22567890276316,6.2256789,2.7631594790022973e-09,0.0,0.0,0.02500000000000001,0.0,0.0018294766382406255,1
2012-07-21 14:30:00+00:00,0.0344154,0.1460626997885,0.035784272534999995,0.094,0.1,6.22567890276316,6.2256789,2.7631594790022973e-09,0.0,0.0,0.006000000000000005,0.0,0.0004381880993655004,1
2012-07-21 15:00:00+00:00,0.03444615,0.146097870177875,0.03581624561625,0.106,0.188,6.22567890276316,6.2256789,2.7631594790022973e-09,0.0,0.0,0.082,0.0,0.005990012677292876,1
2012-07-21 15:30:00+00:00,0.0347352,0.146428471838,0.03611679258,0.044,0.3,6.22567890276316,6.2256789,2.7631594790022973e-09,0.0,0.0,0.256,0.0,0.018742844395264,1
2012-07-21 16:00:00+00:00,0.0377733,0.14990330630825,0.0392757330075,0.038,0.263,6.22567890276316,6.2256789,2.7631594790022973e-09,0.0,0.0,0.225,0.0,0.016864121959678124,1
2012-07-21 16:30:00+00:00,0.0390279,0.15133825819475002,0.0405802347225,0.019,0.338,6.20810390276316,6.2081039,0.017575002763159375,0.0,0.0333925,0.2856075,0.0,0.021611670788678535,1
2012-07-21 17:00:00+00:00,0.0407868,0.15335000446699998,0.04240909496999999,0.006,0.413,5.99389337644737,5.9938934,0.30225580276315966,0.0,0.407,0.0,-0.0,0.0,1
2012-07-21 17:30:00+00:00,0.0440955,0.15713433836375,0.04584939851249999,0.0,0.706,5.622314429078949,5.6223144,0.3273593764473697,0.0,0.706,0.0,-0.0,0.0,1
2012-07-21 18:00:00+00:00,0.05033775,0.164273927406875,0.05233993400625,0.0,0.725,5.240735481710527,5.2407355,0.33133282907894834,0.0,0.725,0.0,-0.0,0.0,1
2012-07-21 18:30:00+00:00,0.0507006,0.1646889380015,0.05271721636499999,0.0,0.25,5.109156534342106,5.1091565,0.3215883817105274,0.0,0.25,0.0,-0.0,0.0,1
2012-07-21 19:00:00+00:00,0.0454977,0.15873810811925002,0.0473073710175,0.0,0.113,5.04968285013158,5.0496829,0.30988013434210604,0.0,0.113,0.0,-0.0,0.0,1
2012-07-21 19:30:00+00:00,0.0404178,0.1529279597945,0.042025417994999995,0.0,0.175,4.957577586973685,4.9575776,0.30785075013158014,0.0,0.175,0.0,-0.0,0.0,1
2012-07-21 20:00:00+00:00,0.0397044,0.152112006761,0.041283642509999996,0.0,0.163,4.871788113289475,4.8717881,0.3262984869736849,0.0,0.163,0.0,-0.0,0.0,1
2012-07-21 20:30:00+00:00,0.03958755,0.15197835928137501,0.041162144801249995,0.0,0.138,4.7991565343421065,4.7991565,0.367939613289475,0.0,0.138,0.0,-0.0,0.0,1
2012-07-21 21:00:00+00:00,0.0396183,0.15201352967075002,0.0411941178825,0.0,0.213,4.687051271184211,4.6870513,0.4268151343421067,0.0,0.213,0.0,-0.0,0.0,1
2012-07-21 21:30:00+00:00,0.04233045,0.15511555801362498,0.04401414364875,0.0,0.275,4.542314429078949,4.5423144,0.4922641711842113,0.0,0.275,0.0,-0.0,0.0,1
2012-07-21 22:00:00+00:00,0.0389541,0.15125384926024998,0.04050349932749999,0.0,1.713,3.752840744868422,3.7528407,0.5489263290789483,0.0,1.5,0.21300000000000008,0.0,0.01610853494621663,1
2012-07-21 22:30:00+00:00,0.0410451,0.15364543573775,0.042677668852499996,0.0,1.925,2.9633670606578955,2.9633671,0.5813997448684218,0.0,1.5,0.42500000000000004,0.0,0.032649655094271875,1
2012-07-21 23:00:00+00:00,0.0407622,0.1533218681555,0.042383516504999996,0.0,2.388,2.173893376447369,2.1738934,0.5783621606578953,0.0,1.5,0.8879999999999999,0.0,0.068074909461042,1
2012-07-21 23:30:00+00:00,0.04180155,0.15451062731637502,0.043464206651250004,0.0,2.363,1.3844196922368426,1.3844197,0.5347570764473688,0.0,1.5,0.863,0.0,0.06667133568701582,1
2012-07-22 00:00:00+00:00,0.04090365,0.10398365194662501,0.04253059267874999,0.0,0.963,1.5874999999868427,1.5875,0.20308030776315733,0.42753749,0.0,1.39053749,0.0,0.07229658318944678,1
2012-07-22 00:30:00+00:00,0.0393231,0.10217589393275002,0.0408871763025,0.0,0.538,2.2999999999868423,2.3,0.7125000000131572,1.5,0.0,2.0380000000000003,0.0,0.10411723591747228,1
2012-07-22 01:00:00+00:00,0.03894795,0.10174681518237501,0.04049710471125,0.0,0.3,3.0124999999868423,3.0125,0.7125000000131578,1.5,0.0,1.8,0.0,0.09157213366413751,1
2012-07-22 01:30:00+00:00,0.0395076,0.10238691626900001,0.04107901479,0.0,0.1,3.724999999986842,3.725,0.7125000000131578,1.5,0.0,1.6,0.0,0.08190953301520001,1
2012-07-22 02:00:00+00:00,0.0382653,0.10096603253825003,0.0397873023075,0.0,0.163,4.4374999999868425,4.4375,0.7125000000131578,1.5,0.0,1.663,0.0,0.0839532560555549,1
2012-07-22 02:30:00+00:00,0.0359898,0.09836342372450002,0.037421294295000004,0.0,0.188,5.149999999986843,5.15,0.7125000000131578,1.5,0.0,1.688,0.0,0.08301872962347802,1
2012-07-22 03:00:00+00:00,0.03567,0.097997651675,0.03708877425,0.0,0.1,5.862499999986843,5.8625,0.7125000000131569,1.5,0.0,1.6,0.0,0.07839812134000002,1
2012-07-22 03:30:00+00:00,0.0342432,0.09636574560800001,0.035605223279999994,0.0,0.1,6.574999999986844,6.575,0.7125000000131569,1.5,0.0,1.6,0.0,0.07709259648640002,1
2012-07-22 04:00:00+00:00,0.0342432,0.09636574560800001,0.035605223279999994,0.0,0.113,7.287499999986844,7.2875,0.712500000013156,1.5,0.0,1.613,0.0,0.077718973832852,1
2012-07-22 04:30:00+00:00,0.03444615,0.09659787017787502,0.03581624561625,0.0,0.188,7.999999999986844,8.0,0.712500000013156,1.5,0.0,1.688,0.0,0.08152860243012652,1
2012-07-22 05:00:00+00:00,0.03444615,0.32649787017787507,0.03581624561625,0.0,0.188,7.901052631565792,7.9010526,0.20987319998684395,0.0,0.188,0.0,-0.0,0.0,1
2012-07-22 05:30:00+00:00,0.0343416,0.326378290854,0.035707537139999995,0.0,0.188,7.802105263144739,7.8021053,0.20989103156579159,0.0,0.188,0.0,-0.0,0.0,1
2012-07-22 06:00:00+00:00,0.0340464,0.326040655116,0.03540059556,0.0,0.088,7.755789473671054,7.7557895,0.1896611631447387,0.0,0.088,0.0,-0.0,0.0,1
2012-07-22 06:30:00+00:00,0.0345876,0.32665965396900004,0.03596332179,0.0,0.188,7.656842105250002,7.6568421,0.15830117367105423,0.0,0.188,0.0,-0.0,0.0,1
2012-07-22 07:00:00+00:00,0.0345753,0.32664558581325004,0.0359505325575,0.0,0.163,7.571052631565792,7.5710526,0.12311620525000144,0.0,0.163,0.0,-0.0,0.0,1
2012-07-22 07:30:00+00:00,0.0342555,0.32627981376375004,0.035618012512500005,0.0,0.119,7.508421052618423,7.5084211,0.1009750315657918,0.0,0.119,0.0,-0.0,0.0,1
2012-07-22 08:00:00+00:00,0.03447075,0.3265260064893751,0.03584182408125,0.038,0.088,7.482105263144739,7.4821053,0.10264055261842309,0.0,0.05,0.0,6.938893903907228e-18,-1.2435130731115046e-19,1
2012-07-22 08:30:00+00:00,0.0387081,0.33137248614525,0.0402477146775,0.063,0.138,7.442631578934212,7.4426316,0.13236036314473854,0.0,0.075,1.3877787807814457e-17,0.0,2.2993585240358577e-18,1
2012-07-22 09:00:00+00:00,0.0407622,0.33372186815550003,0.042383516504999996,0.069,0.2,7.37368421051316,7.3736842,0.18649037893421205,0.0,0.131,0.0,-0.0,0.0,1
2012-07-22 09:30:00+00:00,0.04335135,0.33668321494087505,0.04507564994625,0.244,0.1,7.442084210513159,7.4420842,0.2541728105131593,0.144,0.0,0.0,-0.0,0.0,1
2012-07-22 10:00:00+00:00,0.0427548,0.33600090938700006,0.04445537217,0.288,0.113,7.525209210513159,7.5252092,0.32000491051315905,0.175,0.0,0.0,-0.0,0.0,1
2012-07-22 10:30:00+00:00,0.042189,0.33535377422250007,0.043867067475,0.169,1.825,6.735735526302633,6.7357355,0.36799641051315923,0.0,1.5,0.15599999999999992,0.0,0.026157594389354992,1
2012-07-22 11:00:00+00:00,0.03940305,0.151767336945125,0.040970306313749996,0.2,2.063,5.946261842092106,5.9462618,0.38576782630263295,0.0,1.5,0.3630000000000002,0.0,0.027545771655540206,1
2012-07-22 11:30:00+00:00,0.0390525,0.15136639450625,0.04060581318749999,0.494,1.938,5.186261842092106,5.1862618,0.36787114209210614,0.0,1.444,0.0,-0.0,0.0,1
2012-07-22 12:00:00+00:00,0.03795165,0.15010729456662503,0.039461176878750004,0.244,0.475,5.186261842092106,5.1862618,4.2092106689040065e-08,0.0,0.0,0.23099999999999998,0.0,0.017337392522445188,1
2012-07-22 12:30:00+00:00,0.03741045,0.14948829571362499,0.03889845064874999,0.325,0.213,5.239461842092107,5.2394618,4.2092106689040065e-08,0.112,0.0,0.0,-0.0,0.0,1
2012-07-22 13:00:00+00:00,0.0355224,0.147328833806,0.03693530346,0.375,0.3,5.275086842092106,5.2750868,4.2092106689040065e-08,0.075,0.0,0.0,-0.0,0.0,1
2012-07-22 13:30:00+00:00,0.0343416,0.14597829085400002,0.035707537139999995,0.306,0.275,5.2898118420921065,5.2898118,4.2092105800861646e-08,0.031,0.0,5.551115123125783e-17,0.0,4.051711490038468e-18,1
2012-07-22 14:00:00+00:00,0.03444615,0.146097870177875,0.03581624561625,0.294,0.213,5.328286842092107,5.3282868,4.2092106689040065e-08,0.081,0.0,0.0,-0.0,0.0,1
2012-07-22 14:30:00+00:00,0.0342432,0.145865745608,0.035605223279999994,0.169,0.188,5.328286842092107,5.3282868,4.2092106689040065e-08,0.0,0.0,0.01899999999999999,0.0,0.0013857245832759992,1
2012-07-22 15:00:00+00:00,0.0344646,0.1461189724115,0.03583542946499999,0.138,0.138,5.328286842092107,5.3282868,4.2092106689040065e-08,0.0,0.0,0.0,-0.0,0.0,1
2012-07-22 15:30:00+00:00,0.03463065,0.146308892514125,0.03600808410375,0.081,0.338,5.328286842092107,5.3282868,4.2092106689040065e-08,0.0,0.0,0.257,0.0,0.01880069268806506,1
2012-07-22 16:00:00+00:00,0.03618045,0.14808148013862502,0.03761952739875,0.044,0.263,5.328286842092107,5.3282868,4.2092106689040065e-08,0.0,0.0,0.21900000000000003,0.0,0.016214922075179442,1
2012-07-22 16:30:00+00:00,0.03727515,0.149333546000375,0.03875776909125,0.031,0.188,5.328286842092107,5.3282868,4.2092106689040065e-08,0.0,0.0,0.157,0.0,0.011722683361029437,1
2012-07-22 17:00:00+00:00,0.04019025,0.152667698913125,0.041788817193749994,0.006,0.325,5.1603921052500015,5.1603921,0.31072014209210685,0.0,0.319,0.0,-0.0,0.0,1
2012-07-22 17:30:00+00:00,0.04504875,0.158224620434375,0.04684056403125,0.0,2.475,4.370918421039475,4.3709184,0.3364156052500018,0.0,1.5,0.9750000000000001,0.0,0.07713450246175782,1
2012-07-22 18:00:00+00:00,0.0552147,0.16985195116175,0.057410864692499994,0.0,1.95,3.5814447368289484,3.5814447,0.3409763210394745,0.0,1.5,0.44999999999999996,0.0,0.038216689011393745,1
2012-07-22 18:30:00+00:00,0.059532,0.17478987383,0.0618998853,0.0,0.988,3.0614447368289484,3.0614447,0.33181393682894855,0.0,0.988,0.0,-0.0,0.0,1
2012-07-22 19:00:00+00:00,0.05362185,0.168030124992125,0.05575465908374999,0.0,0.425,2.8377605263026324,2.8377605,0.3206798368289485,0.0,0.425,0.0,-0.0,0.0,1
2012-07-22 19:30:00+00:00,0.0438126,0.1568107707815,0.045555246165,0.0,0.938,2.3440763157763165,2.3440763,0.31921772630263234,0.0,0.938,0.0,-0.0,0.0,1
2012-07-22 20:00:00+00:00,0.0455961,0.15885065336525,0.0474096848775,0.0,1.363,1.820112342092106,1.8201123,0.33821071577631656,0.0,0.99553155,0.36746844999999995,0.0,0.029186301686807848,1
2012-07-22 20:30:00+00:00,0.049938,0.163816712345,0.051924283950000004,0.0,1.138,1.2211649736710535,1.221165,0.380370642092106,0.0,1.138,0.0,-0.0,0.0,1
2012-07-22 21:00:00+00:00,0.0460389,0.15935710697225,0.04787009724749999,0.0,0.525,1.0,1.0,0.22116497367105348,0.0,0.42021345,0.10478655000000003,0.0,0.008349240728801515,1
2012-07-22 21:30:00+00:00,0.0422628,0.15503818315700002,0.04394380287000001,0.006,0.513,1.0,1.0,0.0,0.0,0.0,0.507,0.0,0.039302179430299504,1
2012-07-22 22:00:00+00:00,0.03838215,0.150599680017875,0.03990880001624999,0.0,0.563,1.0,1.0,0.0,0.0,0.0,0.563,0.0,0.042393809925031806,1
2012-07-22 22:30:00+00:00,0.03865275,0.15090917944437499,0.04019016313125,0.0,1.638,1.0,1.0,0.0,0.0,0.0,1.638,0.0,0.1235946179649431,1
2012-07-22 23:00:00+00:00,0.0369,0.14890446725,0.038367697500000006,0.0,2.238,1.0,1.0,0.0,0.0,0.0,2.238,0.0,0.16662409885275,1
2012-07-22 23:30:00+00:00,0.03555315,0.147364004195375,0.03696727654124999,0.0,1.588,1.0,1.0,0.0,0.0,0.0,1.588,0.0,0.11700701933112774,1
2012-07-23 00:00:00+00:00,0.0345015,0.09666117687874999,0.03587379716249999,0.0,0.313,1.7125,1.7125,0.7124999999999999,1.5,0.0,1.813,0.0,0.08762335684058686,1
2012-07-23 00:30:00+00:00,0.0342432,0.09636574560800001,0.035605223279999994,0.0,0.125,2.425,2.425,0.7124999999999999,1.5,0.0,1.625,0.0,0.0782971683065,1
2012-07-23 01:00:00+00:00,0.0338988,0.095971837247,0.03524712477,0.0,0.163,3.1374999999999997,3.1375,0.7125000000000004,1.5,0.0,1.663,0.0,0.0798005826708805,1
2012-07-23 01:30:00+00:00,0.0353748,0.09766001593700001,0.03678183266999999,0.0,0.175,3.7249999975,3.725,0.5875000000000004,1.2368421,0.0,1.4118421,0.0,0.06894026099326378,1
2012-07-23 02:00:00+00:00,0.03406485,0.09616175734962502,0.03541977940875,0.0,0.1,4.4374999975,4.4375,0.7125000025000001,1.5,0.0,1.6,0.0,0.07692940587970003,1
2012-07-23 02:30:00+00:00,0.03413865,0.09624616628412502,0.03549651480375,0.0,0.1,5.1499999975,5.15,0.7125000025000006,1.5,0.0,1.6,0.0,0.07699693302730003,1
2012-07-23 03:00:00+00:00,0.0329763,0.09491672556575002,0.0342879323325,0.0,0.15,5.8624999975000005,5.8625,0.7125000024999997,1.5,0.0,1.65,0.0,0.07830629859174376,1
2012-07-23 03:30:00+00:00,0.03310545,0.09506444120112499,0.03442221927375,0.0,0.175,6.574999997500001,6.575,0.7125000024999997,1.5,0.0,1.675,0.0,0.07961646950594219,1
2012-07-23 04:00:00+00:00,0.03314235,0.09510664566837501,0.03446058697125,0.0,0.113,7.287499997500001,7.2875,0.7125000024999988,1.5,0.0,1.613,0.0,0.07670350973154445,1
2012-07-23 04:30:00+00:00,0.0337881,0.09584522384525002,0.0351320216775,0.0,0.088,7.999999997500002,8.0,0.7125000024999988,1.5,0.0,1.588,0.0,0.07610110773312852,1
2012-07-23 05:00:00+00:00,0.0341079,0.32611099589475007,0.0354645417225,0.0,0.163,7.914210523815791,7.9142105,0.22587249750000193,0.0,0.163,0.0,-0.0,0.0,1
2012-07-23 05:30:00+00:00,0.0359529,0.32822121925725,0.037382926597500005,0.0,0.175,7.822105260657897,7.8221053,0.22575902381579116,0.0,0.175,0.0,-0.0,0.0,1
2012-07-23 06:00:00+00:00,0.03689385,0.32929743317212506,0.03836130288375,0.0,0.088,7.775789471184212,7.7757895,0.20535986065789658,0.0,0.088,0.0,-0.0,0.0,1
2012-07-23 06:30:00+00:00,0.0450795,0.33865979082375003,0.046872537112499994,0.0,0.288,7.624210523815791,7.6242105,0.17379327118421184,0.0,0.288,0.0,-0.0,0.0,1
2012-07-23 07:00:00+00:00,0.0590031,0.3545849431327501,0.0613499483025,0.0,0.725,7.24263157644737,7.2426316,0.13840392381579125,0.0,0.725,0.0,-0.0,0.0,1
2012-07-23 07:30:00+00:00,0.0505407,0.34490605197675006,0.052550956342499996,0.013,0.4,7.038947365921055,7.0389474,0.11604417644737008,0.0,0.387,0.0,-0.0,0.0,1
2012-07-23 08:00:00+00:00,0.06026385,0.356026929097125,0.06266084463374999,0.019,0.1,6.996315786973686,6.9963158,0.11747536592105501,0.0,0.081,0.0,-0.0,0.0,1
2012-07-23 08:30:00+00:00,0.05822205,0.35369161524262505,0.060537832038749996,0.075,0.075,6.996315786973686,6.9963158,0.14694198697368588,0.0,0.0,0.0,-0.0,0.0,1
2012-07-23 09:00:00+00:00,0.05273625,0.34741721777812506,0.05483383434374999,0.125,0.188,6.963157892236844,6.9631579,0.20079488697368664,0.0,0.063,0.0,-0.0,0.0,1
2012-07-23 09:30:00+00:00,0.0538371,0.34867631771775004,0.055978470652499994,0.063,0.263,6.857894734342107,6.8578947,0.2681695922368439,0.0,0.2,0.0,-0.0,0.0,1
2012-07-23 10:00:00+00:00,0.04546695,0.33910293772987504,0.04727539793624999,0.294,0.238,6.884494734342107,6.8844947,0.33365713434210686,0.056,0.0,0.0,-0.0,0.0,1
2012-07-23 10:30:00+00:00,0.04547925,0.33911700588562504,0.047288187168749996,0.194,1.513,6.190284208026318,6.1902842,0.38126153434210686,0.0,1.319,0.0,-0.0,0.0,1
2012-07-23 11:00:00+00:00,0.0443661,0.15744383779025,0.046130761627499996,0.131,2.05,6.190284208026318,6.1902842,8.026318276677102e-09,0.0,0.0,1.9189999999999998,0.0,0.15106736235974486,1
2012-07-23 11:30:00+00:00,0.04340055,0.156339487563875,0.04512680687625,0.263,1.888,6.190284208026318,6.1902842,8.026318276677102e-09,0.0,0.0,1.625,0.0,0.12702583364564843,1
2012-07-23 12:00:00+00:00,0.0401349,0.15260439221225,0.0417312656475,0.263,0.475,6.190284208026318,6.1902842,8.026318276677102e-09,0.0,0.0,0.21199999999999997,0.0,0.016176065574498497,1
2012-07-23 12:30:00+00:00,0.03950145,0.151879882191125,0.04107262017375,0.388,0.463,6.190284208026318,6.1902842,8.026318276677102e-09,0.0,0.0,0.07500000000000001,0.0,0.005695495582167189,1
2012-07-23 13:00:00+00:00,0.0377979,0.14993144261975,0.0393013114725,0.375,0.613,6.190284208026318,6.1902842,8.026318276677102e-09,0.0,0.0,0.238,0.0,0.01784184167175025,1
2012-07-23 13:30:00+00:00,0.03760725,0.149713386205625,0.039103078368749995,0.281,0.225,6.216884208026318,6.2168842,8.026318276677102e-09,0.056,0.0,0.0,-0.0,0.0,1
2012-07-23 14:00:00+00:00,0.03856665,0.150810702354125,0.040100638503749994,0.325,0.275,6.240634208026318,6.2406342,8.026318276677102e-09,0.05,0.0,0.0,-0.0,0.0,1
2012-07-23 14:30:00+00:00,0.03702915,0.149052182885375,0.03850198444125,0.156,0.875,6.240634208026318,6.2406342,8.026318276677102e-09,0.0,0.0,0.719,0.0,0.053584259747292314,1
2012-07-23 15:00:00+00:00,0.0354486,0.1472444248715,0.03685856806499999,0.113,0.288,6.240634208026318,6.2406342,8.026318276677102e-09,0.0,0.0,0.175,0.0,0.01288388717625625,1
2012-07-23 15:30:00+00:00,0.0343416,0.14597829085400002,0.035707537139999995,0.1,0.163,6.240634208026318,6.2406342,8.026318276677102e-09,0.0,0.0,0.063,0.0,0.004598316161901,1
2012-07-23 16:00:00+00:00,0.0371337,0.14917176220925002,0.038610692917499995,0.094,0.125,6.240634208026318,6.2406342,8.026318276677102e-09,0.0,0.0,0.031,0.0,0.0023121623142433752,1
2012-07-23 16:30:00+00:00,0.04073145,0.15328669776612502,0.04235154342375,0.019,0.238,6.240634208026318,6.2406342,8.026318276677102e-09,0.0,0.0,0.219,0.0,0.016784893405390692,1
2012-07-23 17:00:00+00:00,0.05256405,0.166820263597625,0.05465478508875,0.006,0.894,5.7732657869736865,5.7732658,0.31545480802631776,0.0,0.888,0.0,-0.0,0.0,1
2012-07-23 17:30:00+00:00,0.0541938,0.16868429423450002,0.05634935839499999,0.0,0.588,5.46379210276316,5.4637921,0.34038908697368697,0.0,0.588,0.0,-0.0,0.0,1
2012-07-23 18:00:00+00:00,0.15277215,0.281433528492875,0.15884866226624997,0.006,0.588,4.674318418552634,4.6743184,0.7894737027631606,0.0,1.5,0.0,0.918,-0.07291153598020873,1
2012-07-23 18:30:00+00:00,0.1793709,0.31185591530225004,0.1865053775475,0.0,0.313,3.8848447343421073,3.8848447,0.7894737185526339,0.0,1.5,0.0,1.187,-0.11069094157444125,1
2012-07-23 19:00:00+00:00,0.16905735,0.30005976670587503,0.17578160609625,0.0,0.288,3.0953710501315808,3.0953711,0.7894736343421074,0.0,1.5,0.0,1.212,-0.10652365329432749,1
2012-07-23 19:30:00+00:00,0.1021884,0.22357823797100002,0.10625294361,0.0,0.45,2.858528944868423,2.8585289,0.32030105013158083,0.0,0.45,0.0,-0.0,0.0,1
2012-07-23 20:00:00+00:00,0.0748947,0.19236100036175,0.07787363669249998,0.0,0.513,2.5885289448684228,2.5885289,0.33861084486842286,0.0,0.513,0.0,-0.0,0.0,1
2012-07-23 20:30:00+00:00,0.06224415,0.17789190217287498,0.06471991106625,0.0,0.975,2.0753710501315807,2.0753711,0.3800974448684227,0.0,0.975,0.0,-0.0,0.0,1
2012-07-23 21:00:00+00:00,0.0587448,0.173889511862,0.061081374419999994,0.0,0.838,1.6343184185526334,1.6343184,0.4388111501315808,0.0,0.838,0.0,-0.0,0.0,1
2012-07-23 21:30:00+00:00,0.04490115,0.158055802565375,0.04668709324125,0.0,0.688,1.5927726038157912,1.5927726,0.041545818552633396,0.0,0.078937048,0.6090629519999999,0.0,0.04813296684559823,1
2012-07-23 22:00:00+00:00,0.038499,0.1507333274975,0.040030297725,0.0,0.688,1.5927726038157912,1.5927726,3.815791238537258e-09,0.0,0.0,0.688,0.0,0.05185226465914,1
2012-07-23 22:30:00+00:00,0.05167845,0.16580735638362498,0.05373396034874999,0.0,1.863,1.0000000248684229,1.0,0.5927726038157912,0.0,1.1262679,0.7367321,0.0,0.06107780093197822,1
2012-07-23 23:00:00+00:00,0.04092825,0.153511788258125,0.042556171143749995,0.0,3.038,1.0000000000004228,1.0,2.48684228765228e-08,0.0,4.72492e-08,3.0379999527507997,0.0,0.23318440273743726,1
2012-07-23 23:30:00+00:00,0.04037475,0.152878721249375,0.04198065568125,0.0,2.438,1.0000000000004228,1.0,4.227729277772596e-13,0.0,0.0,2.438,0.0,0.18635916120298812,1
2012-07-24 00:00:00+00:00,0.03860355,0.10135290682137499,0.040139006201249994,0.0,0.75,1.7125000000004227,1.7125,0.7124999999995771,1.5,0.0,2.25,0.0,0.11402202017404686,1
2012-07-24 00:30:00+00:00,0.03898485,0.10178901964962503,0.04053547240875,0.0,0.294,2.299999997500423,2.3,0.5874999999995771,1.2368421,0.0,1.5308421,0.0,0.07791145829868662,1
2012-07-24 01:00:00+00:00,0.0371091,0.09964362589775001,0.03858511445249999,0.0,0.225,3.0124999975004227,3.0125,0.7125000024995773,1.5,0.0,1.725,0.0,0.0859426273368094,1
2012-07-24 01:30:00+00:00,0.0377241,0.10034703368525001,0.039224576077500004,0.0,0.288,3.7249999975004227,3.725,0.7125000024995773,1.5,0.0,1.788,0.0,0.0897102481146135,1
2012-07-24 02:00:00+00:00,0.0342801,0.09640795007524999,0.03564359097749999,0.0,0.225,4.437499997500423,4.4375,0.7125000024995773,1.5,0.0,1.725,0.0,0.08315185693990312,1
2012-07-24 02:30:00+00:00,0.0343908,0.09653456347700001,0.03575869406999999,0.0,0.088,5.149999997500423,5.15,0.7125000024995778,1.5,0.0,1.588,0.0,0.07664844340073801,1
2012-07-24 03:00:00+00:00,0.03384345,0.09590853054612498,0.03518957322374999,0.0,0.175,5.862499997500423,5.8625,0.7125000024995769,1.5,0.0,1.675,0.0,0.08032339433237967,1
2012-07-24 03:30:00+00:00,0.0326196,0.094508749049,0.033917044589999994,0.0,0.163,6.574999997500424,6.575,0.7125000024995769,1.5,0.0,1.663,0.0,0.0785840248342435,1
2012-07-24 04:00:00+00:00,0.0322014,0.09403043175350001,0.033482210685,0.0,0.3,7.287499997500424,7.2875,0.712500002499576,1.5,0.0,1.8,0.0,0.08462738857815001,1
2012-07-24 04:30:00+00:00,0.0339234,0.09599997355850001,0.035272703235,0.0,0.2,7.999999997500424,8.0,0.712500002499576,1.5,0.0,1.7,0.0,0.081599977524725,1
2012-07-24 05:00:00+00:00,0.0343416,0.326378290854,0.035707537139999995,0.0,0.188,7.901052629079372,7.9010526,0.21716559750042475,0.0,0.188,0.0,-0.0,0.0,1
2012-07-24 05:30:00+00:00,0.03567,0.32789765167500007,0.03708877425,0.0,0.15,7.8221052606583195,7.8221053,0.21681122907937134,0.0,0.15,0.0,-0.0,0.0,1
2012-07-24 06:00:00+00:00,0.03683235,0.32922709239337505,0.038297356721249995,0.0,0.113,7.762631576447793,7.7626316,0.19620526065831978,0.0,0.113,0.0,-0.0,0.0,1
2012-07-24 06:30:00+00:00,0.0418938,0.33501613848450007,0.043560125895,0.0,0.2,7.657368418553056,7.6573684,0.16446617644779327,0.0,0.2,0.0,-0.0,0.0,1
2012-07-24 07:00:00+00:00,0.0567399,0.35199640247475006,0.0589967295225,0.0,0.5,7.394210523816214,7.3942105,0.1289781185530563,0.0,0.5,0.0,-0.0,0.0,1
2012-07-24 07:30:00+00:00,0.04920615,0.34337965707787504,0.05116332461624999,0.0,0.338,7.216315786974109,7.2163158,0.10657592381621406,0.0,0.338,0.0,-0.0,0.0,1
2012-07-24 08:00:00+00:00,0.06111255,0.35699763184387506,0.06354330167625,0.013,0.125,7.157368418553056,7.1573684,0.10801898697410905,0.0,0.112,0.0,-0.0,0.0,1
2012-07-24 08:30:00+00:00,0.0608973,0.35675143911825,0.0633194901075,0.031,0.138,7.101052629079372,7.1010526,0.13754751855305614,0.0,0.107,1.3877787807814457e-17,0.0,2.475460386107756e-18,1
2012-07-24 09:00:00+00:00,0.0558297,0.35095535894925006,0.0580503263175,0.075,0.163,7.054736839605687,7.0547368,0.19150562907937196,0.0,0.088,1.3877787807814457e-17,0.0,2.4352420007565244e-18,1
2012-07-24 09:30:00+00:00,0.05989485,0.35560488442462507,0.06227716765874999,0.081,0.175,7.005263155395161,7.0052632,0.259021239605687,0.0,0.094,0.0,1.3877787807814457e-17,-4.3213465901990873e-19,1
2012-07-24 10:00:00+00:00,0.04843125,0.3424933632656251,0.05035760296875,0.131,0.088,7.025688155395161,7.0256882,0.3246769553951614,0.043,0.0,0.0,-0.0,0.0,1
2012-07-24 10:30:00+00:00,0.04841895,0.342479295109875,0.05034481373625,0.15,1.313,6.413582892237266,6.4135829,0.3724694553951613,0.0,1.163,0.0,-0.0,0.0,1
2012-07-24 11:00:00+00:00,0.0448458,0.1579924958645,0.046629541695,0.138,1.863,5.62410920802674,5.6241092,0.3900089922372665,0.0,1.5,0.2250000000000001,0.0,0.01777415578475626,1
2012-07-24 11:30:00+00:00,0.04341285,0.156353555719625,0.04513959610875,0.138,1.65,5.62410920802674,5.6241092,8.02673927324804e-09,0.0,0.0,1.512,0.0,0.1182032881240365,1
2012-07-24 12:00:00+00:00,0.0467769,0.16020119631725,0.048637451197499994,0.188,0.338,5.545161839605687,5.5451618,0.3210050080267397,0.0,0.15,2.7755575615628914e-17,0.0,2.2232382090488222e-18,1
2012-07-24 12:30:00+00:00,0.04420005,0.157253917687625,0.04595810698875,0.163,0.125,5.563211839605687,5.5632118,0.24840473960568765,0.038,0.0,0.0,-0.0,0.0,1
2012-07-24 13:00:00+00:00,0.0420537,0.15479902450925,0.0437263859175,0.15,0.1,5.586961839605687,5.5869618,3.960568673022635e-08,0.05,0.0,2.7755575615628914e-17,0.0,2.148268014996041e-18,1
2012-07-24 13:30:00+00:00,0.03975975,0.15217531346187502,0.04134119405625,0.156,0.188,5.586961839605687,5.5869618,3.960568673022635e-08,0.0,0.0,0.032,0.0,0.0024348050153900004,1
2012-07-24 14:00:00+00:00,0.0399504,0.152393369876,0.041539427159999996,0.15,0.175,5.586961839605687,5.5869618,3.960568673022635e-08,0.0,0.0,0.024999999999999994,0.0,0.0019049171234499995,1
2012-07-24 14:30:00+00:00,0.03963675,0.152034631904375,0.04121330173125,0.063,0.113,5.586961839605687,5.5869618,3.960568673022635e-08,0.0,0.0,0.05,0.0,0.003800865797609375,1
2012-07-24 15:00:00+00:00,0.03921855,0.15155631460887498,0.04077846782624999,0.075,0.088,5.586961839605687,5.5869618,3.960568673022635e-08,0.0,0.0,0.012999999999999998,0.0,0.0009851160449576872,1
2012-07-24 15:30:00+00:00,0.03832065,0.15052933923912498,0.039844853853749994,0.038,0.1,5.586961839605687,5.5869618,3.960568673022635e-08,0.0,0.0,0.062000000000000006,0.0,0.004666409516412875,1
2012-07-24 16:00:00+00:00,0.04282245,0.155678284243625,0.04452571294874999,0.025,0.188,5.501172365921477,5.5011724,0.12516023960568656,0.0,0.163,0.0,-0.0,0.0,1
2012-07-24 16:30:00+00:00,0.04619265,0.159532958919125,0.04802996265375,0.013,0.175,5.41590920802674,5.4159092,0.26305136592147704,0.0,0.162,0.0,2.7755575615628914e-17,-6.665496301259955e-19,1
2012-07-24 17:00:00+00:00,0.05923065,0.17444520401412503,0.06158654910375,0.0,1.35,4.7053828922372665,4.7053829,0.3101098080267395,0.0,1.35,0.0,-0.0,0.0,1
2012-07-24 17:30:00+00:00,0.06388005,0.179762966887625,0.06642087898874999,0.0,0.394,4.498014471184635,4.4980145,0.33543979223726605,0.0,0.394,0.0,-0.0,0.0,1
2012-07-24 18:00:00+00:00,0.14461725,0.272106341230625,0.15036940111875,0.0,0.313,4.3332776290793715,4.3332776,0.3396762711846346,0.0,0.313,0.0,-0.0,0.0,1
2012-07-24 18:30:00+00:00,0.08916885,0.208687095109625,0.09271554100875,0.0,0.325,4.162224997500424,4.162225,0.3302330290793716,0.0,0.325,0.0,-0.0,0.0,1
2012-07-24 19:00:00+00:00,0.08916885,0.208687095109625,0.09271554100875,0.0,0.288,4.010646050132003,4.0106461,0.3188604975004239,0.0,0.288,0.0,-0.0,0.0,1
2012-07-24 19:30:00+00:00,0.0704667,0.18729646429175,0.0732695129925,0.0,0.475,3.760646050132003,3.7606461,0.31720765013200314,0.0,0.475,0.0,-0.0,0.0,1
2012-07-24 20:00:00+00:00,0.0515862,0.1657018452155,0.05363804110499999,0.0,0.513,3.490646050132003,3.4906461,0.3360309501320029,0.0,0.513,0.0,-0.0,0.0,1
2012-07-24 20:30:00+00:00,0.05164155,0.165765151916375,0.05369559265124999,0.0,0.425,3.266961839605687,3.2669618,0.3780369501320031,0.0,0.425,0.0,-0.0,0.0,1
2012-07-24 21:00:00+00:00,0.0505653,0.16453418828825,0.0525765348075,0.0,0.6,2.9511723659214764,2.9511724,0.43727853960568686,0.0,0.6,0.0,-0.0,0.0,1
2012-07-24 21:30:00+00:00,0.04417545,0.157225781376125,0.045932528523749995,0.0,0.363,2.760119734342529,2.7601197,0.5030712659214762,0.0,0.363,0.0,-0.0,0.0,1
2012-07-24 22:00:00+00:00,0.03567615,0.14750468575287498,0.03709516886624999,0.0,0.325,2.7294997480267393,2.7294997,0.030620034342529134,0.0,0.058177974,0.266822026,0.0,0.019678749548537718,1
2012-07-24 22:30:00+00:00,0.04900935,0.162754566585875,0.050958696896249996,0.0,1.625,1.940026063816213,1.9400261,0.5928056480267392,0.0,1.5,0.125,0.0,0.010172160411617188,1
2012-07-24 23:00:00+00:00,0.04035015,0.152850584937875,0.04195507721625,0.0,2.0,1.1505523796056867,1.1505524,0.590023863816213,0.0,1.5,0.5,0.0,0.03821264623446875,1
2012-07-24 23:30:00+00:00,0.03929235,0.151640723543375,0.04085520322124999,0.0,1.563,1.0000000006583183,1.0,0.15055237960568668,0.0,0.28604952,1.27695048,0.0,0.09681884735813,1
2012-07-25 00:00:00+00:00,0.03525795,0.09752636845737502,0.03666033496125,0.0,0.513,1.7125000006583182,1.7125,0.7124999993416816,1.5,0.0,2.013,0.0,0.09816028985234795,1
2012-07-25 00:30:00+00:00,0.0334929,0.09550758810725002,0.034825080097499996,0.0,0.313,2.425000000658318,2.425,0.7124999993416816,1.5,0.0,1.813,0.0,0.08657762861922214,1
2012-07-25 01:00:00+00:00,0.0365187,0.09896835442175002,0.0379712312925,0.0,0.1,3.137500000658318,3.1375,0.7124999993416821,1.5,0.0,1.6,0.0,0.07917468353740002,1
2012-07-25 01:30:00+00:00,0.0371091,0.09964362589775001,0.03858511445249999,0.0,0.125,3.724999998158318,3.725,0.5874999993416821,1.2368421,0.0,1.3618421,0.0,0.06784944237210314,1
2012-07-25 02:00:00+00:00,0.03381885,0.09588039423462501,0.03516399475874999,0.0,0.213,4.437499998158318,4.4375,0.7125000018416818,1.5,0.0,1.713,0.0,0.08212155766195632,1
2012-07-25 02:30:00+00:00,0.0325581,0.09443840827025,0.03385309842749999,0.006,0.3,5.149999998158318,5.15,0.7125000018416827,1.5,0.0,1.794,0.0,0.08471125221841426,1
2012-07-25 03:00:00+00:00,0.0321522,0.09397415913049999,0.033431053754999995,0.0,0.2,5.862499998158318,5.8625,0.7125000018416818,1.5,0.0,1.7,0.0,0.07987803526092499,1
2012-07-25 03:30:00+00:00,0.03226905,0.094107806610125,0.03355255146375,0.0,0.213,6.574999998158319,6.575,0.7125000018416818,1.5,0.0,1.713,0.0,0.08060333636157206,1
2012-07-25 04:00:00+00:00,0.03228135,0.094121874765875,0.033565340696249994,0.0,0.275,7.287499998158319,7.2875,0.7125000018416809,1.5,0.0,1.775,0.0,0.08353316385471406,1
2012-07-25 04:30:00+00:00,0.032349,0.09419924962250001,0.033635681475000005,0.0,0.55,7.999999998158319,8.0,0.7125000018416809,1.5,0.0,2.05,0.0,0.0965542308630625,1
2012-07-25 05:00:00+00:00,0.0324105,0.32416959040125004,0.0336996276375,0.0,0.375,7.8026315771056876,7.8026316,0.22288259815831957,0.0,0.375,0.0,-0.0,0.0,1
2012-07-25 05:30:00+00:00,0.03349905,0.325414622185125,0.03483147471375,0.0,0.225,7.684210524474109,7.6842105,0.22282677710568777,0.0,0.225,0.0,-0.0,0.0,1
2012-07-25 06:00:00+00:00,0.03595905,0.328228253335125,0.03738932121374999,0.0,0.263,7.54578947184253,7.5457895,0.20249242447410865,0.0,0.263,0.0,-0.0,0.0,1
2012-07-25 06:30:00+00:00,0.0416601,0.33474884352525,0.04331713047749999,0.0,0.288,7.394210524474109,7.3942105,0.17099717184252938,0.0,0.288,0.0,-0.0,0.0,1
2012-07-25 07:00:00+00:00,0.0406515,0.33359525475375,0.0422684134125,0.0,0.494,7.134210524474109,7.1342105,0.13576332447410877,0.0,0.494,0.0,-0.0,0.0,1
2012-07-25 07:30:00+00:00,0.04009185,0.332955153667125,0.04168650333374999,0.0,0.35,6.94999999815832,6.95,0.11360712447410926,0.0,0.35,0.0,-0.0,0.0,1
2012-07-25 08:00:00+00:00,0.0489663,0.34310532804075,0.050913934582499994,0.019,0.163,6.874210524474109,6.8742105,0.11528519815831917,0.0,0.144,2.7755575615628914e-17,0.0,4.7615429382801e-18,1
2012-07-25 08:30:00+00:00,0.04742265,0.341339774494125,0.049308885903749995,0.031,0.1,6.837894735000425,6.8378947,0.14503292447410931,0.0,0.069,0.0,-0.0,0.0,1
2012-07-25 09:00:00+00:00,0.04392945,0.337344418261125,0.045676743873749995,0.069,0.175,6.7821052613162145,6.7821053,0.19918733500042496,0.0,0.106,0.0,1.3877787807814457e-17,-3.169460796158957e-19,1
2012-07-25 09:30:00+00:00,0.0431976,0.336507362994,0.044915784539999996,0.081,0.138,6.752105261316214,6.7521053,0.2668685613162145,0.0,0.057,6.938893903907228e-18,0.0,1.1674944448494818e-18,1
2012-07-25 10:00:00+00:00,0.0397044,0.332512006761,0.041283642509999996,0.113,0.088,6.763980261316214,6.7639803,0.3326509613162143,0.025,0.0,0.0,1.3877787807814457e-17,-2.864628153437243e-19,1
2012-07-25 10:30:00+00:00,0.0396183,0.33241352967075005,0.0411941178825,0.225,1.363,6.165032892895161,6.1650329,0.38052406131621375,0.0,1.138,0.0,-0.0,0.0,1
2012-07-25 11:00:00+00:00,0.03929235,0.151640723543375,0.04085520322124999,0.381,1.825,5.405032892895162,5.4050329,0.39809239289516185,0.0,1.444,0.0,-0.0,0.0,1
2012-07-25 11:30:00+00:00,0.0385851,0.15083180458774997,0.040119822352499994,0.5,1.775,4.733980261316214,4.7339803,0.3798983928951616,0.0,1.275,0.0,-0.0,0.0,1
2012-07-25 12:00:00+00:00,0.0350919,0.14683644835475002,0.0364876803225,0.488,0.35,4.799530261316214,4.7995303,3.868378595228705e-08,0.138,0.0,0.0,-0.0,0.0,1
2012-07-25 12:30:00+00:00,0.0346122,0.14628779028049999,0.035988900255,0.469,0.225,4.915430261316214,4.9154303,3.868378595228705e-08,0.244,0.0,0.0,-0.0,0.0,1
2012-07-25 13:00:00+00:00,0.03444,0.14609083609999998,0.035809851,0.444,0.088,5.084530261316214,5.0845303,3.868378595228705e-08,0.356,0.0,0.0,5.551115123125783e-17,-9.939230272149046e-19,1
2012-07-25 13:30:00+00:00,0.0343416,0.14597829085400002,0.035707537139999995,0.419,0.125,5.224180261316214,5.2241803,3.868378595228705e-08,0.294,0.0,0.0,-0.0,0.0,1
2012-07-25 14:00:00+00:00,0.03383115,0.145394462390375,0.035176783991249995,0.375,0.138,5.336755261316213,5.3367553,3.868378684046547e-08,0.237,0.0,0.0,-0.0,0.0,1
2012-07-25 14:30:00+00:00,0.03383115,0.145394462390375,0.035176783991249995,0.325,0.175,5.408005261316213,5.4080053,3.868378684046547e-08,0.15,0.0,0.0,5.551115123125783e-17,-9.763518879837839e-19,1
2012-07-25 15:00:00+00:00,0.0343416,0.14597829085400002,0.035707537139999995,0.263,0.613,5.408005261316213,5.4080053,3.868378684046547e-08,0.0,0.0,0.35,0.0,0.025546200899450002,1
2012-07-25 15:30:00+00:00,0.03444615,0.146097870177875,0.03581624561625,0.188,0.4,5.408005261316213,5.4080053,3.868378684046547e-08,0.0,0.0,0.21200000000000002,0.0,0.015486374238854753,1
2012-07-25 16:00:00+00:00,0.03469215,0.14637923329287497,0.03607203026624999,0.081,0.363,5.259584208684634,5.2595842,0.18729606131621335,0.0,0.282,0.0,-0.0,0.0,1
2012-07-25 16:30:00+00:00,0.03437235,0.146013461243375,0.03573951022125,0.044,0.25,5.259584208684634,5.2595842,8.684634345001996e-09,0.0,0.0,0.20600000000000002,0.0,0.015039386508067626,1
2012-07-25 17:00:00+00:00,0.03736125,0.149432023090625,0.038847293718749995,0.0,0.388,5.055373682368844,5.0553737,0.31472590868463435,0.0,0.388,0.0,-0.0,0.0,1
2012-07-25 17:30:00+00:00,0.03736125,0.149432023090625,0.038847293718749995,0.0,0.55,4.765899998158318,4.7659,0.33956688236884425,0.0,0.55,0.0,-0.0,0.0,1
2012-07-25 18:00:00+00:00,0.0452886,0.1584989494715,0.047089954064999995,0.0,0.775,4.358005261316213,4.3580053,0.3433049981583176,0.0,0.775,0.0,-0.0,0.0,1
2012-07-25 18:30:00+00:00,0.0454977,0.15873810811925002,0.0473073710175,0.0,1.075,3.792215787632002,3.7922158,0.33335666131621267,0.0,1.075,0.0,-0.0,0.0,1
2012-07-25 19:00:00+00:00,0.0441324,0.157176542831,0.04588776620999999,0.0,0.238,3.666952629737265,3.6669526,0.32147298763200194,0.0,0.238,0.0,-0.0,0.0,1
2012-07-25 19:30:00+00:00,0.03971055,0.152119040838875,0.04129003712625,0.0,1.175,3.0485315771056865,3.0485316,0.31930712973726516,0.0,1.175,0.0,-0.0,0.0,1
2012-07-25 20:00:00+00:00,0.04014105,0.152611426290125,0.04173766026374999,0.0,0.838,2.607478945526739,2.6074789,0.3376036771056863,0.0,0.838,0.0,-0.0,0.0,1
2012-07-25 20:30:00+00:00,0.0413526,0.1539971396315,0.042997399665000005,0.0,0.813,2.1795842086846338,2.1795842,0.3790682455267391,0.0,0.813,0.0,-0.0,0.0,1
2012-07-25 21:00:00+00:00,0.0407499,0.15330779999975,0.04237072727249999,0.0,0.275,2.0348473665793705,2.0348474,0.43775990868463377,0.0,0.275,0.0,-0.0,0.0,1
2012-07-25 21:30:00+00:00,0.0360267,0.14790562819175002,0.037459661992500004,0.0,0.313,1.8701105244741074,1.8701105,0.4432930665793704,0.0,0.313,0.0,-0.0,0.0,1
2012-07-25 22:00:00+00:00,0.03423705,0.145858711530125,0.03559882866375,0.0,0.588,1.8701105244741074,1.8701105,2.4474107407357337e-08,0.0,0.0,0.588,0.0,0.042882461189856745,1
2012-07-25 22:30:00+00:00,0.03801315,0.150177635345375,0.03952512304125,0.0,1.575,1.080636840263581,1.0806368,0.5915542244741074,0.0,1.5,0.07499999999999996,0.0,0.005631661325451559,1
2012-07-25 23:00:00+00:00,0.0337512,0.14530301937800003,0.03509365398,0.0,1.938,1.080636840263581,1.0806368,4.0263581135846493e-08,0.0,0.0,1.938,0.0,0.14079862577728203,1
2012-07-25 23:30:00+00:00,0.0345384,0.146203381346,0.03591216485999999,0.0,1.263,1.0,1.0,0.08063684026358109,0.0,0.15321,1.1097899999999998,0.0,0.08112752529198866,1
2012-07-26 00:00:00+00:00,0.0336774,0.0957186104435,0.035016918585,0.0,0.381,1.7125,1.7125,0.7124999999999999,1.5,0.0,1.881,0.0,0.09002335312211175,1
2012-07-26 00:30:00+00:00,0.0339603,0.09604217802575002,0.0353110709325,0.006,0.163,2.425,2.425,0.7124999999999999,1.5,0.0,1.657,0.0,0.0795709444943339,1
2012-07-26 01:00:00+00:00,0.03451995,0.09668227911237502,0.03589298101125,0.0,0.075,3.0124999975,3.0125,0.5875000000000004,1.2368421,0.0,1.3118421,0.0,0.0634159420317821,1
2012-07-26 01:30:00+00:00,0.03390495,0.09597887132487501,0.03525351938625,0.0,0.15,3.7249999975,3.725,0.7125000025000001,1.5,0.0,1.65,0.0,0.07918256884302188,1
2012-07-26 02:00:00+00:00,0.03255195,0.09443137419237502,0.033846703811250003,0.0,0.175,4.4374999975,4.4375,0.7125000025000001,1.5,0.0,1.675,0.0,0.07908627588611408,1
2012-07-26 02:30:00+00:00,0.03132195,0.093024558617375,0.032567780561249995,0.0,0.125,5.1499999975,5.15,0.7125000025000006,1.5,0.0,1.625,0.0,0.07558245387661719,1
2012-07-26 03:00:00+00:00,0.030504,0.09208902626,0.0317172966,0.0,0.113,5.8624999975000005,5.8625,0.7125000024999997,1.5,0.0,1.613,0.0,0.07426979967869,1
2012-07-26 03:30:00+00:00,0.0296061,0.09106205089025,0.030783682627499996,0.0,0.088,6.574999997500001,6.575,0.7125000024999997,1.5,0.0,1.588,0.0,0.07230326840685851,1
2012-07-26 04:00:00+00:00,0.0262851,0.08726364883775001,0.027330589852499997,0.0,0.2,7.287499997500001,7.2875,0.7125000024999988,1.5,0.0,1.7,0.0,0.0741741015120875,1
2012-07-26 04:30:00+00:00,0.02763195,0.08880411189237501,0.02873101081125,0.0,0.15,7.999999997500002,8.0,0.7125000024999988,1.5,0.0,1.65,0.0,0.07326339231120937,1
2012-07-26 05:00:00+00:00,0.03023955,0.321686560911375,0.03144232810124999,0.0,0.088,7.953684208026317,7.9536842,0.21411979750000132,0.0,0.088,0.0,-0.0,0.0,1
2012-07-26 05:30:00+00:00,0.0331854,0.3250558842135,0.034505349284999993,0.0,0.175,7.861578944868422,7.8615789,0.21356350802631674,0.0,0.175,0.0,-0.0,0.0,1
2012-07-26 06:00:00+00:00,0.0336528,0.32559047413200004,0.03499134011999999,0.0,0.275,7.7168421027631595,7.7168421,0.19274894486842253,0.0,0.275,0.0,-0.0,0.0,1
2012-07-26 06:30:00+00:00,0.03750885,0.33000084095962506,0.03900076450875,0.0,0.675,7.361578944868422,7.3615789,0.1607952027631594,0.0,0.675,0.0,-0.0,0.0,1
2012-07-26 07:00:00+00:00,0.04011645,0.332983289978625,0.041712081798749995,0.0,0.575,7.058947365921054,7.0589474,0.12516534486842268,0.0,0.575,0.0,-0.0,0.0,1
2012-07-26 07:30:00+00:00,0.0389295,0.33162571294875004,0.040477920862499996,0.006,0.338,6.884210523815791,6.8842105,0.10265956592105407,0.0,0.332,0.0,-0.0,0.0,1
2012-07-26 08:00:00+00:00,0.04278555,0.336036079776375,0.04448734525124999,0.025,0.338,6.719473681710528,6.7194737,0.10403382381579096,0.0,0.313,0.0,-0.0,0.0,1
2012-07-26 08:30:00+00:00,0.04170315,0.33479808207037504,0.04336189279125,0.069,0.25,6.624210523815791,6.6242105,0.1335205817105276,0.0,0.181,0.0,-0.0,0.0,1
2012-07-26 09:00:00+00:00,0.03966135,0.332462768215875,0.041238880196249994,0.1,0.2,6.571578944868423,6.5715789,0.1874520238157915,0.0,0.1,0.0,-0.0,0.0,1
2012-07-26 09:30:00+00:00,0.0396183,0.33241352967075005,0.0411941178825,0.231,0.938,6.199473681710528,6.1994737,0.2549416448684232,0.0,0.707,0.0,-0.0,0.0,1
2012-07-26 10:00:00+00:00,0.03958755,0.33237835928137505,0.041162144801249995,0.144,2.688,5.409999997500002,5.41,0.32055738171052806,0.0,1.5,1.044,0.0,0.17350150354487778,1
2012-07-26 10:30:00+00:00,0.03956295,0.33235022296987504,0.04113656633625,0.119,1.588,4.6368421027631594,4.6368421,0.36828249750000186,0.0,1.469,0.0,-0.0,0.0,1
2012-07-26 11:00:00+00:00,0.03674625,0.14872861530312498,0.03820783209375,0.181,1.838,4.6368421027631594,4.6368421,2.7631594790022973e-09,0.0,0.0,1.657,0.0,0.12322165777863904,1
2012-07-26 11:30:00+00:00,0.03440925,0.146055665710625,0.03577787791875,0.113,1.488,4.6368421027631594,4.6368421,2.7631594790022973e-09,0.0,0.0,1.375,0.0,0.1004132701760547,1
2012-07-26 12:00:00+00:00,0.03442155,0.146069733866375,0.035790667151250004,0.219,0.4,4.6368421027631594,4.6368421,2.7631594790022973e-09,0.0,0.0,0.18100000000000002,0.0,0.01321931091490694,1
2012-07-26 12:30:00+00:00,0.0344646,0.1461189724115,0.03583542946499999,0.094,0.213,4.6368421027631594,4.6368421,2.7631594790022973e-09,0.0,0.0,0.119,0.0,0.008694078858484248,1
2012-07-26 13:00:00+00:00,0.0343416,0.14597829085400002,0.035707537139999995,0.25,0.1,4.7080921027631595,4.7080921,2.7631594790022973e-09,0.15,0.0,0.0,-0.0,0.0,1
2012-07-26 13:30:00+00:00,0.03412635,0.145732098128375,0.03548372557125,0.081,0.113,4.7080921027631595,4.7080921,2.7631594790022973e-09,0.0,0.0,0.032,0.0,0.002331713570054,1
2012-07-26 14:00:00+00:00,0.0338988,0.14547183724700002,0.03524712477,0.05,0.075,4.7080921027631595,4.7080921,2.7631594790022973e-09,0.0,0.0,0.024999999999999994,0.0,0.0018183979655875,1
2012-07-26 14:30:00+00:00,0.0337389,0.14528895122225002,0.0350808647475,0.1,0.213,4.7080921027631595,4.7080921,2.7631594790022973e-09,0.0,0.0,0.11299999999999999,0.0,0.008208825744057126,1
2012-07-26 15:00:00+00:00,0.033825,0.1453874283125,0.035170389375,0.106,0.163,4.7080921027631595,4.7080921,2.7631594790022973e-09,0.0,0.0,0.05700000000000001,0.0,0.004143541706906251,1
2012-07-26 15:30:00+00:00,0.0339849,0.14557031433724998,0.035336649397499996,0.206,0.175,4.72281710276316,4.7228171,2.7631594790022973e-09,0.031,0.0,0.0,-0.0,0.0,1
2012-07-26 16:00:00+00:00,0.03418785,0.145802438907125,0.035547671733749994,0.081,0.1,4.72281710276316,4.7228171,2.7631594790022973e-09,0.0,0.0,0.019000000000000003,0.0,0.0013851231696176876,1
2012-07-26 16:30:00+00:00,0.0365187,0.14846835442175,0.0379712312925,0.038,0.975,4.72281710276316,4.7228171,2.7631594790022973e-09,0.0,0.0,0.9369999999999999,0.0,0.06955742404658986,1
2012-07-26 17:00:00+00:00,0.0378225,0.14995957893125,0.0393268899375,0.013,0.6,4.72281710276316,4.7228171,2.7631594790022973e-09,0.0,0.0,0.587,0.0,0.044013136416321874,1
2012-07-26 17:30:00+00:00,0.03880035,0.15107799731337498,0.04034363392125,0.0,0.275,4.578080260657897,4.5780803,0.2507072027631594,0.0,0.275,0.0,-0.0,0.0,1
2012-07-26 18:00:00+00:00,0.0475272,0.161059353818,0.04941759438,0.0,0.431,4.351238155394739,4.3512382,0.3311868606578967,0.0,0.431,0.0,-0.0,0.0,1
2012-07-26 18:30:00+00:00,0.0481545,0.16177682976125002,0.0500698452375,0.0,0.338,4.173343418552634,4.1733434,0.32153655539473913,0.0,0.338,0.0,-0.0,0.0,1
2012-07-26 19:00:00+00:00,0.0477978,0.16136885324449998,0.049698957494999994,0.0,0.55,3.883869734342108,3.8838697,0.30999821855263443,0.0,0.55,0.0,-0.0,0.0,1
2012-07-26 19:30:00+00:00,0.04213365,0.154890467521625,0.04380951592875,0.0,0.588,3.5743960501315817,3.5743961,0.3082265343421078,0.0,0.588,0.0,-0.0,0.0,1
2012-07-26 20:00:00+00:00,0.0396675,0.15206980229375,0.041245274812499996,0.0,0.488,3.3175539448684237,3.3175539,0.32695155013158184,0.0,0.488,0.0,-0.0,0.0,1
2012-07-26 20:30:00+00:00,0.04620495,0.159547027074875,0.04804275188625,0.0,0.5,3.0543960501315817,3.0543961,0.3688750448684237,0.0,0.5,0.0,-0.0,0.0,1
2012-07-26 21:00:00+00:00,0.04458135,0.157690030515875,0.04635457319624999,0.0,0.263,2.915974997500003,2.915975,0.4280593501315817,0.0,0.263,0.0,-0.0,0.0,1
2012-07-26 21:30:00+00:00,0.03966135,0.152062768215875,0.041238880196249994,0.0,0.288,2.764396050131582,2.7643961,0.493805497500003,0.0,0.288,0.0,-0.0,0.0,1
2012-07-26 22:00:00+00:00,0.03634035,0.14826436616337502,0.03778578742125,0.0,0.338,2.5865013132894767,2.5865013,0.5507436501315821,0.0,0.338,0.0,-0.0,0.0,1
2012-07-26 22:30:00+00:00,0.04311765,0.156015919981625,0.044832654528749995,0.0,1.575,1.7970276290789504,1.7970276,0.5834702132894769,0.0,1.5,0.07499999999999996,0.0,0.005850596999310934,1
2012-07-26 23:00:00+00:00,0.03659865,0.14855979743412498,0.03805436130375,0.0,2.013,1.007553944868424,1.0075539,0.5806682290789504,0.0,1.5,0.5129999999999999,0.0,0.03810558804185305,1
2012-07-26 23:30:00+00:00,0.0362973,0.14821512761825,0.03774102510749999,0.0,1.35,1.000000000131582,1.0,0.0075539448684240895,0.0,0.014352495,1.335647505,0.0,0.09898158270328611,1
2012-07-27 00:00:00+00:00,0.0342555,0.09637981376375002,0.035618012512500005,0.0,0.388,1.712500000131582,1.7125,0.7124999998684178,1.5,0.0,1.888,0.0,0.09098254419298,1
2012-07-27 00:30:00+00:00,0.0339234,0.09599997355850001,0.035272703235,0.0,0.238,2.4250000001315817,2.425,0.7124999998684178,1.5,0.0,1.738,0.0,0.0834239770223365,1
2012-07-27 01:00:00+00:00,0.03822225,0.10091679399312502,0.03974253999375,0.0,0.175,3.1375000001315816,3.1375,0.7124999998684185,1.5,0.0,1.675,0.0,0.08451781496924221,1
2012-07-27 01:30:00+00:00,0.03846825,0.10119815710812499,0.03999832464375,0.0,0.1,3.7249999976315817,3.725,0.5874999998684185,1.2368421,0.0,1.3368421000000001,0.0,0.06764297843227787,1
2012-07-27 02:00:00+00:00,0.03443385,0.09658380202212502,0.03580345638375,0.0,0.1,4.437499997631582,4.4375,0.7125000023684183,1.5,0.0,1.6,0.0,0.07726704161770002,1
2012-07-27 02:30:00+00:00,0.03321,0.09518402052500002,0.03453092775,0.006,0.113,5.149999997631582,5.15,0.7125000023684187,1.5,0.0,1.607,0.0,0.07648036049183751,1
2012-07-27 03:00:00+00:00,0.032349,0.09419924962250001,0.033635681475000005,0.0,0.213,5.862499997631582,5.8625,0.7125000023684178,1.5,0.0,1.713,0.0,0.08068165730167126,1
2012-07-27 03:30:00+00:00,0.03140805,0.09312303570762501,0.03265730518875,0.0,0.138,6.574999997631583,6.575,0.7125000023684178,1.5,0.0,1.638,0.0,0.07626776624454487,1
2012-07-27 04:00:00+00:00,0.031734,0.09349584183500001,0.032996219849999994,0.0,0.1,7.287499997631583,7.2875,0.7125000023684169,1.5,0.0,1.6,0.0,0.07479667346800001,1
2012-07-27 04:30:00+00:00,0.0318324,0.09360838708100001,0.033098533709999996,0.0,0.1,7.999999997631583,8.0,0.7125000023684169,1.5,0.0,1.6,0.0,0.07488670966480002,1
2012-07-27 05:00:00+00:00,0.03279795,0.324612737307375,0.03410248846125,0.0,0.138,7.927368418684215,7.9273684,0.21474089763158322,0.0,0.138,0.0,-0.0,0.0,1
2012-07-27 05:30:00+00:00,0.0343908,0.326434563477,0.03575869406999999,0.0,0.175,7.83526315552632,7.8352632,0.21489321868421474,0.0,0.175,0.0,-0.0,0.0,1
2012-07-27 06:00:00+00:00,0.03678315,0.32917081977037504,0.03824619979125,0.0,0.15,7.756315787105268,7.7563158,0.1947824555263198,0.0,0.15,0.0,-0.0,0.0,1
2012-07-27 06:30:00+00:00,0.03937845,0.33213920063362506,0.04094472784875,0.0,0.313,7.591578945000005,7.5915789,0.16352568710526771,0.0,0.313,0.0,-0.0,0.0,1
2012-07-27 07:00:00+00:00,0.04959975,0.343829838061875,0.05157258005625,0.0,0.638,7.255789471315794,7.2557895,0.1286228450000042,0.0,0.638,0.0,-0.0,0.0,1
2012-07-27 07:30:00+00:00,0.0414756,0.334537821189,0.043125291989999995,0.0,0.525,6.97947368184211,6.9794737,0.10685487131579485,0.0,0.525,0.0,-0.0,0.0,1
2012-07-27 08:00:00+00:00,0.0498765,0.34414637156625005,0.051860337787499995,0.013,0.213,6.874210523947373,6.8742105,0.1089732818421103,0.0,0.2,0.0,2.7755575615628914e-17,-7.197067634565068e-19,1
2012-07-27 08:30:00+00:00,0.0499872,0.344272984968,0.05197544088,0.019,0.2,6.778947366052637,6.7789474,0.13920452394737293,0.0,0.181,2.7755575615628914e-17,0.0,4.7777474333488004e-18,1
2012-07-27 09:00:00+00:00,0.0388557,0.33154130401425,0.040401185467499996,0.025,1.4,6.055263155526321,6.0552632,0.1938724660526363,0.0,1.375,0.0,-0.0,0.0,1
2012-07-27 09:30:00+00:00,0.03950145,0.33227988219112503,0.04107262017375,0.306,0.35,6.0321052607894785,6.0321053,0.26208125552632033,0.0,0.044,0.0,1.3877787807814457e-17,-2.849985537411309e-19,1
2012-07-27 10:00:00+00:00,0.0373797,0.32985312532425004,0.0388664775675,0.438,0.213,6.138980260789478,6.1389803,0.3283891607894782,0.225,0.0,0.0,-0.0,0.0,1
2012-07-27 10:30:00+00:00,0.0342924,0.32632201823100004,0.03565638021,0.475,1.375,5.665296050263162,5.6652961,0.3767708607894784,0.0,0.9,0.0,-0.0,0.0,1
2012-07-27 11:00:00+00:00,0.03443385,0.146083802022125,0.03580345638375,0.5,1.875,5.665296050263162,5.6652961,4.973683775943982e-08,0.0,0.0,1.375,0.0,0.10043261389021094,1
2012-07-27 11:30:00+00:00,0.03447075,0.14612600648937502,0.03584182408125,0.506,1.863,5.65440307552632,5.6544031,0.010892950263162504,0.0,0.020696652,1.336303348,0.0,0.09763433585081077,1
2012-07-27 12:00:00+00:00,0.0343662,0.1460064271655,0.035733115605,0.506,0.3,5.75225307552632,5.7522531,2.4473679971492857e-08,0.206,0.0,0.0,-0.0,0.0,1
2012-07-27 12:30:00+00:00,0.0344646,0.1461189724115,0.03583542946499999,0.494,0.113,5.93322807552632,5.9332281,0.09784997552632024,0.381,0.0,0.0,-0.0,0.0,1
2012-07-27 13:00:00+00:00,0.0339603,0.14554217802575,0.0353110709325,0.475,0.188,6.06955307552632,6.0695531,2.4473679971492857e-08,0.287,0.0,0.0,-0.0,0.0,1
2012-07-27 13:30:00+00:00,0.03378195,0.14533818976737498,0.03512562706124999,0.438,0.175,6.1944780755263205,6.1944781,2.4473679971492857e-08,0.263,0.0,0.0,-0.0,0.0,1
2012-07-27 14:00:00+00:00,0.0330009,0.14444486187724997,0.034313510797499995,0.4,0.35,6.21822807552632,6.2182281,2.4473679971492857e-08,0.05,0.0,0.0,5.551115123125783e-17,-9.523912435777103e-19,1
2012-07-27 14:30:00+00:00,0.03276105,0.144170532840125,0.03406412076375,0.344,0.3,6.23912807552632,6.2391281,2.4473679971492857e-08,0.044,0.0,0.0,-0.0,0.0,1
2012-07-27 15:00:00+00:00,0.0325335,0.14391027195875,0.0338275199625,0.238,0.225,6.24530307552632,6.2453031,2.4473679971492857e-08,0.013,0.0,2.7755575615628914e-17,0.0,1.9971562176084035e-18,1
2012-07-27 15:30:00+00:00,0.03390495,0.145478871324875,0.03525351938625,0.238,0.238,6.24530307552632,6.2453031,2.4473679971492857e-08,0.0,0.0,0.0,-0.0,0.0,1
2012-07-27 16:00:00+00:00,0.03396645,0.145549212103625,0.035317465548749996,0.131,0.288,6.24530307552632,6.2453031,2.4473679971492857e-08,0.0,0.0,0.15699999999999997,0.0,0.01142561315013456,1
2012-07-27 16:30:00+00:00,0.0350181,0.14675203942025,0.0364109449275,0.044,0.413,6.051092549210531,6.0510925,0.26807127552631993,0.0,0.369,0.0,-0.0,0.0,1
2012-07-27 17:00:00+00:00,0.0331977,0.14466995236925,0.0345181385175,0.006,0.525,6.051092549210531,6.0510925,4.921053076145654e-08,0.0,0.0,0.519,0.0,0.03754185263982038,1
2012-07-27 17:30:00+00:00,0.03408945,0.145689893661125,0.03544535787375,0.0,1.025,5.726000133421057,5.7260001,0.3250924492105307,0.0,0.61767559,0.40732440999999986,0.0,0.02967152498924023,1
2012-07-27 18:00:00+00:00,0.03893565,0.15123274702662498,0.04048431547875,0.0,1.0,5.199684343947373,5.1996843,0.34401183342105757,0.0,1.0,0.0,-0.0,0.0,1
2012-07-27 18:30:00+00:00,0.0387819,0.15105689507975,0.0403244500725,0.0,0.513,4.929684343947374,4.9296843,0.334371743947373,0.0,0.513,0.0,-0.0,0.0,1
2012-07-27 19:00:00+00:00,0.03929235,0.151640723543375,0.04085520322124999,0.0,0.431,4.702842238684216,4.7028422,0.3228196439473736,0.0,0.431,0.0,-0.0,0.0,1
2012-07-27 19:30:00+00:00,0.03571305,0.147546890220125,0.03713353656375,0.0,0.45,4.466000133421058,4.4660001,0.3210129386842162,0.0,0.45,0.0,-0.0,0.0,1
2012-07-27 20:00:00+00:00,0.0341448,0.145753200362,0.035502909420000006,0.0,0.238,4.340736975526322,4.340737,0.3396683334210584,0.0,0.238,0.0,-0.0,0.0,1
2012-07-27 20:30:00+00:00,0.0420537,0.15479902450925,0.0437263859175,0.0,0.275,4.196000133421059,4.1960001,0.38148527552632183,0.0,0.275,0.0,-0.0,0.0,1
2012-07-27 21:00:00+00:00,0.03867735,0.15093731575587502,0.04021574159624999,0.0,0.313,4.0312632913157955,4.0312633,0.44053073342105886,0.0,0.313,0.0,-0.0,0.0,1
2012-07-27 21:30:00+00:00,0.03670935,0.148686410835875,0.03816946439625,0.0,0.338,3.85336855447369,3.8533686,0.5060989913157954,0.0,0.338,0.0,-0.0,0.0,1
2012-07-27 22:00:00+00:00,0.03388035,0.145450735013375,0.03522794092124999,0.0,0.5,3.590210659736848,3.5902107,0.5628190544736902,0.0,0.5,0.0,-0.0,0.0,1
2012-07-27 22:30:00+00:00,0.04082985,0.153399243012125,0.04245385728375,0.0,1.788,2.8007369755263216,2.800737,0.595288059736848,0.0,1.5,0.28800000000000003,0.0,0.022089490993746002,1
2012-07-27 23:00:00+00:00,0.03603285,0.14791266226962502,0.03746605660874999,0.0,2.1,2.011263291315795,2.0112633,0.5921909755263215,0.0,1.5,0.6000000000000001,0.0,0.04437379868088751,1
2012-07-27 23:30:00+00:00,0.0399504,0.152393369876,0.041539427159999996,0.0,1.975,1.2217896071052687,1.2217896,0.5485216913157951,0.0,1.5,0.4750000000000001,0.0,0.03619342534555001,1
2012-07-28 00:00:00+00:00,0.03801315,0.100677635345375,0.03952512304125,0.0,0.488,1.5875000016052687,1.5875,0.3657103928947312,0.76991662,0.0,1.25791662,0.0,0.06332203538162333,1
2012-07-28 00:30:00+00:00,0.03745965,0.10004456833662499,0.03894960757874999,0.0,0.213,2.3000000016052686,2.3,0.7124999983947311,1.5,0.0,1.713,0.0,0.08568817278031932,1
2012-07-28 01:00:00+00:00,0.0363711,0.09879953655275002,0.0378177605025,0.0,0.225,3.0125000016052685,3.0125,0.7124999983947315,1.5,0.0,1.725,0.0,0.08521460027674689,1
2012-07-28 01:30:00+00:00,0.0353379,0.09761781146975,0.036743464972499994,0.0,0.2,3.7250000016052685,3.725,0.7124999983947315,1.5,0.0,1.7,0.0,0.0829751397492875,1
2012-07-28 02:00:00+00:00,0.03336375,0.09535987247187501,0.03469079315625,0.0,0.213,4.437500001605269,4.4375,0.7124999983947315,1.5,0.0,1.713,0.0,0.08167573077216095,1
2012-07-28 02:30:00+00:00,0.03380655,0.095866326078875,0.03515120552624999,0.0,0.275,5.150000001605269,5.15,0.7124999983947315,1.5,0.0,1.775,0.0,0.08508136439500157,1
2012-07-28 03:00:00+00:00,0.0342186,0.09633760929650001,0.035579644815000006,0.0,0.288,5.8625000016052695,5.8625,0.7124999983947307,1.5,0.0,1.788,0.0,0.08612582271107101,1
2012-07-28 03:30:00+00:00,0.03411405,0.096218029972625,0.035470936338749995,0.0,0.213,6.57500000160527,6.575,0.7124999983947307,1.5,0.0,1.713,0.0,0.08241074267155332,1
2012-07-28 04:00:00+00:00,0.0326934,0.0945931579835,0.03399377998499999,0.0,0.213,7.28750000160527,7.2875,0.7124999983947298,1.5,0.0,1.713,0.0,0.08101903981286776,1
2012-07-28 04:30:00+00:00,0.03085455,0.092489968698875,0.03208178972625,0.0,0.25,8.0,8.0,0.7124999983947298,1.5,0.0,1.75,0.0,0.08092872261151562,1
2012-07-28 05:00:00+00:00,0.0314634,0.32308634240850004,0.032714856735000006,0.006,0.313,7.838421052631579,7.8384211,0.22053100000000025,0.0,0.307,0.0,-0.0,0.0,1
2012-07-28 05:30:00+00:00,0.03207225,0.32378271611812504,0.033347923743749994,0.0,0.2,7.733157894736842,7.7331579,0.220063452631579,0.0,0.2,0.0,-0.0,0.0,1
2012-07-28 06:00:00+00:00,0.03209685,0.32381085242962504,0.033373502208749996,0.0,0.175,7.6410526315789475,7.6410526,0.19931939473684235,0.0,0.175,0.0,-0.0,0.0,1
2012-07-28 06:30:00+00:00,0.03385575,0.325822598701875,0.03520236245624999,0.0,0.138,7.568421052631579,7.5684211,0.16741803157894797,0.0,0.138,0.0,-0.0,0.0,1
2012-07-28 07:00:00+00:00,0.0340341,0.32602658696025005,0.0353878063275,0.0,0.45,7.331578947368421,7.3315789,0.13190035263157895,0.0,0.45,0.0,-0.0,0.0,1
2012-07-28 07:30:00+00:00,0.0335544,0.325477928886,0.03488902625999999,0.0,0.238,7.206315789473685,7.2063158,0.10953184736842125,0.0,0.238,0.0,-0.0,0.0,1
2012-07-28 08:00:00+00:00,0.0350919,0.32723644835475,0.0364876803225,0.006,0.438,6.9789473684210535,6.9789474,0.11106408947368429,0.0,0.432,0.0,-0.0,0.0,1
2012-07-28 08:30:00+00:00,0.0360759,0.32836190081475,0.037510818922499994,0.013,0.713,6.610526315789475,6.6105263,0.14072136842105376,0.0,0.7,0.0,-0.0,0.0,1
2012-07-28 09:00:00+00:00,0.03802545,0.33059170350112504,0.03953791227375,0.025,0.4,6.413157894736843,6.4131579,0.19482331578947498,0.0,0.375,0.0,-0.0,0.0,1
2012-07-28 09:30:00+00:00,0.03870195,0.331365452067375,0.040241320061249995,0.325,0.125,6.508157894736843,6.5081579,0.2624687947368427,0.2,0.0,0.0,-0.0,0.0,1
2012-07-28 10:00:00+00:00,0.03634035,0.328664366163375,0.03778578742125,0.438,0.188,6.626907894736843,6.6269079,0.3282102947368424,0.25,0.0,0.0,-0.0,0.0,1
2012-07-28 10:30:00+00:00,0.03688155,0.32928336501637506,0.03834851365125,0.469,2.388,5.837434210526316,5.8374342,0.3760177947368426,0.0,1.5,0.41900000000000004,0.0,0.06898486497093058,1
2012-07-28 11:00:00+00:00,0.0352641,0.14703340253525,0.036666729577499994,0.5,2.325,5.837434210526316,5.8374342,1.052631670717119e-08,0.0,0.0,1.8250000000000002,0.0,0.13416797981341563,1
2012-07-28 11:30:00+00:00,0.034563,0.1462315176575,0.035937743325,0.5,2.013,5.837434210526316,5.8374342,1.052631670717119e-08,0.0,0.0,1.513,0.0,0.11062414310789874,1
2012-07-28 12:00:00+00:00,0.0342309,0.14585167745225,0.0355924340475,0.5,0.425,5.873059210526316,5.8730592,1.052631670717119e-08,0.075,0.0,0.0,-0.0,0.0,1
2012-07-28 12:30:00+00:00,0.03373275,0.145281917144375,0.03507447013125,0.488,0.225,5.997984210526316,5.9979842,1.052631581899277e-08,0.263,0.0,0.0,-0.0,0.0,1
2012-07-28 13:00:00+00:00,0.03217065,0.143495261364125,0.033450237603749995,0.463,0.138,6.152359210526316,6.1523592,1.052631581899277e-08,0.325,0.0,0.0,-0.0,0.0,1
2012-07-28 13:30:00+00:00,0.0320907,0.14340381835175,0.0333671075925,0.438,0.188,6.271109210526316,6.2711092,1.052631581899277e-08,0.25,0.0,0.0,-0.0,0.0,1
2012-07-28 14:00:00+00:00,0.03169095,0.142946603289875,0.03295145753625,0.313,0.225,6.312909210526317,6.3129092,1.052631670717119e-08,0.088,0.0,0.0,-0.0,0.0,1
2012-07-28 14:30:00+00:00,0.03110055,0.142271331813875,0.03233757437625,0.281,0.275,6.315759210526316,6.3157592,1.052631670717119e-08,0.006,0.0,0.0,-0.0,0.0,1
2012-07-28 15:00:00+00:00,0.03204765,0.14335457980662497,0.03332234527874999,0.175,0.175,6.315759210526316,6.3157592,1.052631670717119e-08,0.0,0.0,0.0,-0.0,0.0,1
2012-07-28 15:30:00+00:00,0.0327795,0.14419163507375,0.0340833046125,0.169,0.125,6.336659210526316,6.3366592,1.052631670717119e-08,0.044,0.0,0.0,2.7755575615628914e-17,-4.730008692013787e-19,1
2012-07-28 16:00:00+00:00,0.0335667,0.14509199704175,0.034901815492499995,0.056,0.138,6.336659210526316,6.3366592,1.052631670717119e-08,0.0,0.0,0.08200000000000002,0.0,0.005948771878711751,1
2012-07-28 16:30:00+00:00,0.03417555,0.145788370751375,0.03553488250125,0.044,0.225,6.336659210526316,6.3366592,1.052631670717119e-08,0.0,0.0,0.181,0.0,0.013193847552999436,1
2012-07-28 17:00:00+00:00,0.0352149,0.14697712991225,0.0366155726475,0.006,0.525,6.336659210526316,6.3366592,1.052631670717119e-08,0.0,0.0,0.519,0.0,0.03814056521222888,1
2012-07-28 17:30:00+00:00,0.0359283,0.14779308294575,0.0373573481325,0.006,0.213,6.227711842105264,6.2277118,0.33113821052631653,0.0,0.207,0.0,-0.0,0.0,1
2012-07-28 18:00:00+00:00,0.04289625,0.155762693178125,0.04460244834374999,0.0,0.35,6.043501315789475,6.0435013,0.3347627421052639,0.0,0.35,0.0,-0.0,0.0,1
2012-07-28 18:30:00+00:00,0.04833285,0.161980818019625,0.05025528910874999,0.0,0.338,5.86560657894737,5.8656066,0.3247744157894745,0.0,0.338,0.0,-0.0,0.0,1
2012-07-28 19:00:00+00:00,0.04327755,0.156198806006375,0.04499891455125,0.0,0.269,5.724027631578949,5.7240276,0.3129226789473698,0.0,0.269,0.0,-0.0,0.0,1
2012-07-28 19:30:00+00:00,0.03909555,0.15141563305137498,0.04065057550125,0.0,0.488,5.467185526315791,5.4671855,0.3108686315789484,0.0,0.488,0.0,-0.0,0.0,1
2012-07-28 20:00:00+00:00,0.038745,0.1510146906125,0.040286082375,0.0,0.425,5.243501315789475,5.2435013,0.32931642631579106,0.0,0.425,0.0,-0.0,0.0,1
2012-07-28 20:30:00+00:00,0.04130955,0.15394790108637502,0.042952637351249996,0.0,0.575,4.940869736842107,4.9408697,0.37096341578947456,0.0,0.575,0.0,-0.0,0.0,1
2012-07-28 21:00:00+00:00,0.0401964,0.15267473299099998,0.041795211809999996,0.0,0.638,4.605080263157896,4.6050803,0.4298817368421064,0.0,0.638,0.0,-0.0,0.0,1
2012-07-28 21:30:00+00:00,0.03635265,0.14827843431912502,0.03779857665375,0.0,0.325,4.434027631578949,4.4340276,0.4953585631578967,0.0,0.325,0.0,-0.0,0.0,1
2012-07-28 22:00:00+00:00,0.03533175,0.147110777391875,0.03673707035625,0.0,0.413,4.216659210526317,4.2166592,0.5520219315789485,0.0,0.413,0.0,-0.0,0.0,1
2012-07-28 22:30:00+00:00,0.03881265,0.15109206546912501,0.040356423153749994,0.0,1.613,3.4271855263157907,3.4271855,0.5844687105263171,0.0,1.5,0.11299999999999999,0.0,0.008536701699005562,1
2012-07-28 23:00:00+00:00,0.0366786,0.14865124044650002,0.038137491315,0.0,1.838,2.637711842105264,2.6377118,0.5813856263157908,0.0,1.5,0.3380000000000001,0.0,0.02512205963545851,1
2012-07-28 23:30:00+00:00,0.0375396,0.14963601134899998,0.03903273759,0.0,1.388,1.9071855263157904,1.9071855,0.5377749421052642,0.0,1.388,0.0,-0.0,0.0,1
2012-07-29 00:00:00+00:00,0.03634035,0.09876436616337503,0.03778578742125,0.0,0.3,1.9071855263157904,1.9071855,2.6315790435660347e-08,0.0,0.0,0.3,0.0,0.014814654924506253,1
2012-07-29 00:30:00+00:00,0.03504885,0.09728720980962502,0.03644291800875,0.0,0.175,2.6196855263157905,2.6196855,0.7124999736842097,1.5,0.0,1.675,0.0,0.08147803821556096,1
2012-07-29 01:00:00+00:00,0.0351411,0.09739272097775001,0.036538837252500005,0.0,0.2,3.0125000003157907,3.0125,0.39281447368420963,0.82697784,0.0,1.02697784,0.0,0.050010083110726196,1
2012-07-29 01:30:00+00:00,0.03469215,0.096879233292875,0.03607203026624999,0.0,0.1,3.7250000003157906,3.725,0.7124999996842094,1.5,0.0,1.6,0.0,0.07750338663430001,1
2012-07-29 02:00:00+00:00,0.03370815,0.095753780832875,0.03504889166625,0.0,0.175,4.43750000031579,4.4375,0.7124999996842094,1.5,0.0,1.675,0.0,0.08019379144753282,1
2012-07-29 02:30:00+00:00,0.0342432,0.09636574560800001,0.035605223279999994,0.0,0.113,5.15000000031579,5.15,0.7124999996842103,1.5,0.0,1.613,0.0,0.077718973832852,1
2012-07-29 03:00:00+00:00,0.033825,0.0958874283125,0.035170389375,0.0,0.175,5.862500000315791,5.8625,0.7124999996842094,1.5,0.0,1.675,0.0,0.08030572121171875,1
2012-07-29 03:30:00+00:00,0.0324597,0.09432586302425003,0.033750784567500004,0.0,0.3,6.575000000315791,6.575,0.7124999996842094,1.5,0.0,1.8,0.0,0.08489327672182503,1
2012-07-29 04:00:00+00:00,0.03161715,0.093362194355375,0.03287472214124999,0.0,0.438,7.2875000003157915,7.2875,0.7124999996842085,1.5,0.0,1.938,0.0,0.09046796633035838,1
2012-07-29 04:30:00+00:00,0.0321399,0.09396009097475001,0.0334182645225,0.0,0.313,8.0,8.0,0.7124999996842085,1.5,0.0,1.813,0.0,0.08517482246861088,1
2012-07-29 05:00:00+00:00,0.03321615,0.3250910546028751,0.03453732236625,0.0,0.225,7.881578947368421,7.8815789,0.21289110000000022,0.0,0.225,0.0,-0.0,0.0,1
2012-07-29 05:30:00+00:00,0.0314142,0.32303006978550003,0.032663699805,0.0,0.3,7.723684210526316,7.7236842,0.2129088473684213,0.0,0.3,0.0,-0.0,0.0,1
2012-07-29 06:00:00+00:00,0.03121125,0.32279794521562505,0.032452677468749996,0.0,0.25,7.592105263157895,7.5921053,0.19267901052631586,0.0,0.25,0.0,-0.0,0.0,1
2012-07-29 06:30:00+00:00,0.0321153,0.32383195466325004,0.033392686057499996,0.0,0.225,7.473684210526316,7.4736842,0.16131906315789468,0.0,0.225,0.0,-0.0,0.0,1
2012-07-29 07:00:00+00:00,0.03311775,0.324978509356875,0.034435008506249996,0.0,0.213,7.361578947368421,7.3615789,0.1264077105263155,0.0,0.213,0.0,-0.0,0.0,1
2012-07-29 07:30:00+00:00,0.03274875,0.32455646468437505,0.03405133153125,0.0,0.25,7.2299999999999995,7.23,0.10469124736842073,0.0,0.25,0.0,-0.0,0.0,1
2012-07-29 08:00:00+00:00,0.0345138,0.32657524503450003,0.035886586394999996,0.006,0.238,7.107894736842105,7.1078947,0.1069173999999995,0.0,0.232,0.0,2.7755575615628914e-17,-4.980264311366111e-19,1
2012-07-29 08:30:00+00:00,0.0341694,0.3261813366735001,0.035528487885,0.019,0.125,7.052105263157894,7.0521053,0.13730433684210475,0.0,0.106,0.0,-0.0,0.0,1
2012-07-29 09:00:00+00:00,0.03605745,0.328340798581125,0.037491635073749995,0.019,0.388,6.857894736842105,6.8578947,0.1921635631578935,0.0,0.369,0.0,-0.0,0.0,1
2012-07-29 09:30:00+00:00,0.03813615,0.330718316902875,0.03965301536625,0.344,0.25,6.9025447368421045,6.9025447,0.2605845368421047,0.094,0.0,0.0,-0.0,0.0,1
2012-07-29 10:00:00+00:00,0.0379332,0.33048619233300003,0.03944199303,0.438,0.188,7.021294736842105,7.0212947,0.32710993684210443,0.25,0.0,0.0,-0.0,0.0,1
2012-07-29 10:30:00+00:00,0.03769335,0.33021186329587504,0.03919260299625,0.475,1.45,6.508136842105262,6.5081368,0.37570063684210453,0.0,0.975,0.0,-0.0,0.0,1
2012-07-29 11:00:00+00:00,0.03813615,0.150318316902875,0.03965301536625,0.494,1.95,6.508136842105262,6.5081368,4.2105262387792664e-08,0.0,0.0,1.456,0.0,0.109431734705293,1
2012-07-29 11:30:00+00:00,0.0374535,0.14953753425875002,0.0389432129625,0.506,1.813,6.508136842105262,6.5081368,4.2105262387792664e-08,0.0,0.0,1.307,0.0,0.09772277863809313,1
2012-07-29 12:00:00+00:00,0.0359898,0.1478634237245,0.037421294295000004,0.519,0.375,6.576536842105262,6.5765368,4.2105262387792664e-08,0.144,0.0,0.0,-0.0,0.0,1
2012-07-29 12:30:00+00:00,0.0350796,0.146822380199,0.03647489109,0.425,0.2,6.6834118421052615,6.6834118,4.2105261499614244e-08,0.225,0.0,5.551115123125783e-17,0.0,4.075139675679962e-18,1
2012-07-29 13:00:00+00:00,0.0352518,0.14701933437950002,0.036653940345,0.163,0.163,6.6834118421052615,6.6834118,4.2105261499614244e-08,0.0,0.0,0.0,-0.0,0.0,1
2012-07-29 13:30:00+00:00,0.03449535,0.146154142800875,0.03586740254625,0.194,0.95,6.6834118421052615,6.6834118,4.2105261499614244e-08,0.0,0.0,0.756,0.0,0.055246265978730745,1
2012-07-29 14:00:00+00:00,0.0344769,0.14613304056725002,0.035848218697499996,0.2,0.125,6.719036842105261,6.7190368,4.2105261499614244e-08,0.075,0.0,0.0,-0.0,0.0,1
2012-07-29 14:30:00+00:00,0.03444,0.14609083609999998,0.035809851,0.088,0.138,7.431536842105261,7.4315368,0.7124999578947389,1.5,0.0,1.5499999999999998,0.0,0.11322039797749997,1
2012-07-29 15:00:00+00:00,0.03445845,0.146111938333625,0.035829034848750003,0.063,0.163,7.999999979605262,8.0,0.5684631578947386,1.1967645,0.0,1.2967645,0.0,0.09473638732861704,1
2012-07-29 15:30:00+00:00,0.0346737,0.14635813105925,0.0360528464175,0.094,0.138,7.999999979605262,8.0,2.0394738342588425e-08,0.0,0.0,0.04400000000000001,0.0,0.003219878883303501,1
2012-07-29 16:00:00+00:00,0.03685695,0.148855228704875,0.03832293518625,0.138,0.088,8.0,8.0,2.0394738342588425e-08,4.2936843e-08,0.0,0.0,0.04999995706315702,-0.0009580725569233245,1
2012-07-29 16:30:00+00:00,0.04052235,0.153047539118375,0.04213412647125,0.056,0.163,8.0,8.0,0.0,0.0,0.0,0.10700000000000001,0.0,0.008188043342833063,1
2012-07-29 17:00:00+00:00,0.0446736,0.157795541684,0.04645049244,0.006,0.15,8.0,8.0,0.0,0.0,0.0,0.144,0.0,0.011361279001248,1
2012-07-29 17:30:00+00:00,0.04028865,0.152780244159125,0.041891131053749996,0.0,0.094,8.0,8.0,0.0,0.0,0.0,0.094,0.0,0.007180671475478875,1
2012-07-29 18:00:00+00:00,0.06819735,0.18470088955587502,0.07090989959625,0.0,0.125,7.934210526315789,7.9342105,0.3444061999999999,0.0,0.125,0.0,-0.0,0.0,1
2012-07-29 18:30:00+00:00,0.0773916,0.195216835979,0.08046985088999999,0.0,0.175,7.842105263157895,7.8421053,0.33499992631578923,0.0,0.175,0.0,-0.0,0.0,1
2012-07-29 19:00:00+00:00,0.07482705,0.192283625505125,0.07780329591375,0.0,2.813,7.052631578947368,7.0526316,0.32372236315789493,0.0,1.5,1.3130000000000002,0.0,0.12623420014411457,1
2012-07-29 19:30:00+00:00,0.06155535,0.177104085450875,0.06400371404625,0.0,1.613,6.263157894736842,6.2631579,0.3222355789473683,0.0,1.5,0.11299999999999999,0.0,0.010006380827974436,1
2012-07-29 20:00:00+00:00,0.05044845,0.164400540808625,0.05245503709875,0.0,1.425,5.513157894736842,5.5131579,0.3412284947368418,0.0,1.425,0.0,-0.0,0.0,1
2012-07-29 20:30:00+00:00,0.05602035,0.170773415363375,0.05824855942124999,0.0,0.213,5.401052631578946,5.4010526,0.38339439473684145,0.0,0.213,0.0,-0.0,0.0,1
2012-07-29 21:00:00+00:00,0.04338825,0.15632541940812503,0.045114017643750004,0.0,0.288,5.249473684210526,5.2494737,0.44280823157894655,0.0,0.288,0.0,-0.0,0.0,1
2012-07-29 21:30:00+00:00,0.0393231,0.15167589393275002,0.0408871763025,0.0,0.338,5.071578947368421,5.0715789,0.5087483842105254,0.0,0.338,0.0,-0.0,0.0,1
2012-07-29 22:00:00+00:00,0.03642645,0.148362843253625,0.03787531204875,0.0,0.25,4.9399999999999995,4.94,0.5346052473684209,0.0,0.25,0.0,-0.0,0.0,1
2012-07-29 22:30:00+00:00,0.03573765,0.14757502653162502,0.037159115028749995,0.006,1.463,4.227499999999999,4.2275,0.5809210999999994,0.0,1.35375,0.10325000000000006,0.0,0.007618560744695147,1
2012-07-29 23:00:00+00:00,0.0353625,0.14714594778125,0.036769043437499996,0.0,1.988,4.067664857894736,4.0676649,8.881784197001252e-16,0.0,0.30368677,1.6843132299999999,0.0,0.12391993329442426,1
2012-07-29 23:30:00+00:00,0.0356577,0.14748358351925,0.0370759850175,0.0,1.813,3.3551648578947364,3.3551649,0.5526648578947362,0.0,1.35375,0.45924999999999994,0.0,0.033865917865607775,1
2012-07-30 00:00:00+00:00,0.0341817,0.09629540482925002,0.035541277117500006,0.0,0.313,3.3551648578947364,3.3551649,0.7125000421052632,0.0,0.0,0.313,0.0,0.015070230855777628,1
