Timestamp,Price_SMP,Buy_Rate_USD_kWh,Sell_Rate_USD_kWh,Solar_Gen,Consumption,SoC_kWh,SoC_Planned,SoC_Deviation,Charge_kW,Discharge_kW,Buy_kW,Sell_kW,Step_Cost_USD,Reoptimized
2012-06-30 00:30:00+00:00,0.019557,0.0795683676425,0.020334879675,0.0,0.692,4.635789473684211,4.6357895,0.0,0.0,0.692,0.0,-0.0,0.0,1
2012-06-30 01:00:00+00:00,0.0191019,0.07904784587975,0.0198616780725,0.0,1.237,3.9847368421052636,3.9847368,0.651052673684211,0.0,1.237,0.0,-0.0,0.0,1
2012-06-30 01:30:00+00:00,0.0182901,0.07811934760025001,0.0190175887275,0.0,0.918,3.5015789473684213,3.5015789,0.4831579421052634,0.0,0.918,0.0,-0.0,0.0,1
2012-06-30 02:00:00+00:00,0.01545495,0.074876637699875,0.01606967063625,0.0,0.69,3.5015789473684213,3.5015789,4.736842118546747e-08,0.0,0.0,0.69,0.0,0.025832440006456875,1
2012-06-30 02:30:00+00:00,0.0112791,0.07010049882275,0.011727726202499998,0.0,0.553,3.5015789473684213,3.5015789,4.736842118546747e-08,0.0,0.0,0.553,0.0,0.01938278792449038,1
2012-06-30 03:00:00+00:00,0.0105534,0.0692704776335,0.010973161484999997,0.0,0.34,4.214078947368421,4.2140789,0.7124999526315783,1.5,0.0,1.84,0.0,0.06372883942282,1
2012-06-30 03:30:00+00:00,0.01114995,0.069952783187375,0.01159343926125,0.0,0.963,4.214078947368421,4.2140789,4.736842118546747e-08,0.0,0.0,0.963,0.0,0.03368226510472106,1
2012-06-30 04:00:00+00:00,0.01064565,0.06937598880162502,0.011069080728749998,0.0,0.687,4.882623682368421,4.8826237,0.6685447526315791,1.4074626,0.0,2.0944626,0.0,0.0726527069415112,1
2012-06-30 04:30:00+00:00,0.0095325,0.06810282070625,0.009911655187499998,0.0,0.064,5.5951236823684205,5.5951237,0.7125000176315792,1.5,0.0,1.564,0.0,0.0532564057922875,1
2012-06-30 05:00:00+00:00,0.0081918,0.29646939172950004,0.008517628845,0.0,0.143,5.519860524473684,5.5198605,0.07526318236842044,0.0,0.143,0.0,-0.0,0.0,1
2012-06-30 05:30:00+00:00,0.0119925,0.30081645185625006,0.012469501687499999,0.0,0.666,5.16933420868421,5.1693342,0.3505263244736838,0.0,0.666,0.0,-0.0,0.0,1
2012-06-30 06:00:00+00:00,0.01367145,0.3027367551161251,0.01421523192375,0.0,0.317,5.002492103421051,5.0024921,0.16684210868420912,0.0,0.317,0.0,-0.0,0.0,1
2012-06-30 06:30:00+00:00,0.01389285,0.302989981919625,0.01444543810875,0.0,0.081,4.959860524473683,4.9598605,0.04263160342105188,0.0,0.081,0.0,-0.0,0.0,1
2012-06-30 07:00:00+00:00,0.0148953,0.30413653661325,0.015487760557499999,0.0,0.075,4.9203868402631565,4.9203868,0.039473724473682914,0.0,0.075,0.0,-0.0,0.0,1
2012-06-30 07:30:00+00:00,0.0171954,0.30676728173850004,0.017879347034999996,0.0,0.091,4.8724921034210515,4.8724921,0.047894740263156876,0.0,0.091,0.0,-0.0,0.0,1
2012-06-30 08:00:00+00:00,0.018204,0.30792087051,0.0189280641,0.019,0.173,4.7914394718421045,4.7914395,0.08105260342105147,0.0,0.154,0.0,-0.0,0.0,1
2012-06-30 08:30:00+00:00,0.0197415,0.30967938997875005,0.0205267181625,0.031,0.523,4.532492103421052,4.5324921,0.2589473718421047,0.0,0.492,0.0,-0.0,0.0,1
2012-06-30 09:00:00+00:00,0.0208485,0.31094552399625003,0.021677749087499996,0.044,0.266,4.415649998157893,4.41565,0.11684210342105139,0.0,0.222,2.7755575615628914e-17,0.0,4.315236001809636e-18,1
2012-06-30 09:30:00+00:00,0.0212544,0.31140977313600005,0.022099793759999996,0.25,0.103,4.485474998157893,4.485475,0.06982500184210672,0.147,0.0,0.0,-0.0,0.0,1
2012-06-30 10:00:00+00:00,0.0207747,0.31086111506175,0.021601013692499997,0.475,0.099,4.6640749981578935,4.664075,0.17860000184210723,0.376,0.0,0.0,-0.0,0.0,1
2012-06-30 10:30:00+00:00,0.0196431,0.30956684473275003,0.0204244043025,0.656,0.131,4.913449998157893,4.91345,0.2493750018421066,0.525,0.0,0.0,-0.0,0.0,1
2012-06-30 11:00:00+00:00,0.0194463,0.12894175424075,0.020219776582499998,0.763,0.333,5.117699998157893,5.1177,0.20425000184210695,0.43,0.0,0.0,-0.0,0.0,1
2012-06-30 11:30:00+00:00,0.02021505,0.129821013975125,0.02101910361375,0.825,0.1,5.4620749981578935,5.462075,0.34437500184210634,0.725,0.0,0.0,-0.0,0.0,1
2012-06-30 12:00:00+00:00,0.0196677,0.12919498104425,0.0204499827675,0.9,0.066,5.858224998157893,5.858225,0.39615000184210647,0.834,0.0,0.0,1.1102230246251565e-16,-1.135202086083309e-18,1
2012-06-30 12:30:00+00:00,0.0190404,0.12847750510099998,0.019797731909999998,0.863,0.097,6.222074998157893,6.222075,0.36385000184210714,0.766,0.0,0.0,-0.0,0.0,1
2012-06-30 13:00:00+00:00,0.0184746,0.12783036993650002,0.019209427214999998,0.606,0.058,6.482374998157893,6.482375,0.2603000018421069,0.548,0.0,1.1102230246251565e-16,0.0,7.096010997492686e-18,1
2012-06-30 13:30:00+00:00,0.01866525,0.128048426350625,0.01940766031875,1.044,0.34,6.816774998157893,6.816775,0.3344000018421065,0.704,0.0,0.0,-0.0,0.0,1
2012-06-30 14:00:00+00:00,0.0198645,0.12942007153625001,0.0206546104875,0.981,0.053,7.257574998157893,7.257575,0.4408000018421072,0.928,0.0,1.1102230246251565e-16,0.0,7.184257163408981e-18,1
2012-06-30 14:30:00+00:00,0.0195201,0.12902616317525,0.020296511977499997,0.656,0.109,7.517399998157893,7.5174,0.2598250018421071,0.547,0.0,0.0,-0.0,0.0,1
2012-06-30 15:00:00+00:00,0.0200367,0.12961702571675,0.0208336597425,0.444,0.046,7.706449998157893,7.70645,0.18905000184210685,0.398,0.0,0.0,-0.0,0.0,1
2012-06-30 15:30:00+00:00,0.0200121,0.12958888940525,0.0208080812775,0.519,0.113,7.899299998157893,7.8993,0.19285000184210688,0.406,0.0,0.0,-0.0,0.0,1
2012-06-30 16:00:00+00:00,0.0202212,0.129828048053,0.021025498230000002,0.256,0.044,7.999999998157893,8.0,0.1007000018421067,0.212,0.0,0.0,-0.0,0.0,1
2012-06-30 16:30:00+00:00,0.02293335,0.13293007639587498,0.02384552399625,0.044,0.401,7.8121052613157875,7.8121053,0.18789469815789328,0.0,0.357,5.551115123125783e-17,0.0,3.689550786997036e-18,1
2012-06-30 17:00:00+00:00,0.02726295,0.137882067219875,0.02834733383625,0.006,0.159,7.731578945526314,7.7315789,0.08052636131578783,0.0,0.153,0.0,-0.0,0.0,1
2012-06-30 17:30:00+00:00,0.02936625,0.140287721853125,0.030534292593749998,0.0,0.48,7.478947366578946,7.4789474,0.25263154552631395,0.0,0.48,0.0,-0.0,0.0,1
2012-06-30 18:00:00+00:00,0.0328164,0.144233839541,0.03412167231,0.0,0.145,7.402631577105262,7.4026316,0.07631576657894534,0.0,0.145,0.0,-0.0,0.0,1
2012-06-30 18:30:00+00:00,0.0324105,0.14376959040124998,0.0336996276375,0.0,0.317,7.235789471842104,7.2357895,0.16684207710526167,0.0,0.317,0.0,-0.0,0.0,1
2012-06-30 19:00:00+00:00,0.0291879,0.14008373359475002,0.030348848722499995,0.0,0.242,7.108421050789472,7.1084211,0.12736837184210348,0.0,0.242,0.0,-0.0,0.0,1
2012-06-30 19:30:00+00:00,0.0254979,0.13586328686975,0.0265120789725,0.0,0.323,6.938421050789472,6.9384211,0.16999995078947183,0.0,0.323,0.0,-0.0,0.0,1
2012-06-30 20:00:00+00:00,0.0254241,0.13577887793525,0.0264353435775,0.0,0.434,6.709999998157893,6.71,0.22842105078947217,0.0,0.434,0.0,-0.0,0.0,1
2012-06-30 20:30:00+00:00,0.0259284,0.136355672321,0.02695970211,0.0,0.279,6.563157892894735,6.5631579,0.14684209815789284,0.0,0.279,0.0,-0.0,0.0,1
2012-06-30 21:00:00+00:00,0.0259284,0.136355672321,0.02695970211,0.0,0.197,6.45947368236842,6.4594737,0.10368419289473518,0.0,0.197,0.0,-0.0,0.0,1
2012-06-30 21:30:00+00:00,0.02373285,0.133844506519625,0.02467682410875,0.0,0.283,6.310526313947367,6.3105263,0.1489473823684193,0.0,0.283,0.0,-0.0,0.0,1
2012-06-30 22:00:00+00:00,0.0270354,0.13762180633850002,0.028110733035,0.0,0.622,5.983157892894735,5.9831579,0.32736841394736693,0.0,0.622,0.0,-0.0,0.0,1
2012-06-30 22:30:00+00:00,0.0303318,0.1413920720795,0.031538247345,0.0,0.509,5.71526315605263,5.7152632,0.26789469289473544,0.0,0.509,0.0,-0.0,0.0,1
2012-06-30 23:00:00+00:00,0.02718915,0.137797658285375,0.028270598441249996,0.0,0.716,5.338421050789472,5.3384211,0.37684205605263,0.0,0.716,0.0,-0.0,0.0,1
2012-06-30 23:30:00+00:00,0.02936625,0.140287721853125,0.030534292593749998,0.0,0.999,4.812631577105261,4.8126316,0.525789450789472,0.0,0.999,0.0,-0.0,0.0,1
2012-07-01 00:00:00+00:00,0.03199845,0.093798307183625,0.03327118834875,0.0,0.916,4.812631577105261,4.8126316,2.2894738549439353e-08,0.0,0.0,0.916,0.0,0.04295962469010025,1
2012-07-01 00:30:00+00:00,0.0350796,0.09732238019900001,0.03647489109,0.0,0.855,4.362631577105261,4.3626316,0.44999997710526074,0.0,0.855,0.0,-0.0,0.0,1
2012-07-01 01:00:00+00:00,0.03301935,0.09496596411087499,0.034332694646249995,0.0,0.786,4.02521710342105,4.0252171,0.05004607710526088,0.0,0.6410875,0.1449125,0.0,0.006880877637108586,1
2012-07-01 01:30:00+00:00,0.0319431,0.09373500048275,0.0332136368025,0.0,0.604,4.017276313947366,4.0172763,3.4210501098641544e-09,0.0,0.0150875,0.5889125,0.0,0.027600856735898755,1
2012-07-01 02:00:00+00:00,0.03205995,0.093868647962375,0.03333513451124999,0.0,0.544,3.754072366578945,3.7540724,0.2863158139473656,0.0,0.5000875,0.04391250000000002,0.0,0.002061003501823897,1
2012-07-01 02:30:00+00:00,0.0291756,0.09056966543900001,0.030336059489999997,0.0,0.597,3.541921050789471,3.5419211,3.3421055256610543e-08,0.0,0.4030875,0.1939125,0.0,0.008781295124720045,1
2012-07-01 03:00:00+00:00,0.02827155,0.089535655991375,0.029396050901249995,0.0,0.612,3.541921050789471,3.5419211,4.92105289850997e-08,0.0,0.0,0.612,0.0,0.02739791073336075,1
2012-07-01 03:30:00+00:00,0.02577465,0.086679820374125,0.026799836703749996,0.0,1.245,3.541921050789471,3.5419211,4.92105289850997e-08,0.0,0.0,1.245,0.0,0.053958188182892816,1
2012-07-01 04:00:00+00:00,0.0211683,0.08141129604575001,0.0220102691325,0.0,0.665,4.254421050789471,4.2544211,0.7125000492105289,1.5,0.0,2.165,0.0,0.08812772796952438,1
2012-07-01 04:30:00+00:00,0.02878815,0.090126518532875,0.029933198666249994,0.0,0.076,4.466874999039471,4.466875,4.92105289850997e-08,0.44727147,0.0,0.52327147,0.0,0.023580317919339868,1
2012-07-01 05:00:00+00:00,0.03078075,0.322305559764375,0.03200505433125,0.0,0.14,4.393190788513156,4.3931908,0.07368419903947121,0.0,0.14,0.0,-0.0,0.0,1
2012-07-01 05:30:00+00:00,0.03236745,0.32412035185612503,0.03365486532375,0.0,0.657,4.047401314828945,4.0474013,0.34578948851315605,0.0,0.657,0.0,-0.0,0.0,1
2012-07-01 06:00:00+00:00,0.03164175,0.323290330666875,0.03290030060625,0.0,0.337,3.8700328937763135,3.8700329,0.17736841482894494,0.0,0.337,0.0,-0.0,0.0,1
2012-07-01 06:30:00+00:00,0.0311559,0.32273463851475004,0.0323951259225,0.0,0.048,3.844769735881577,3.8447697,0.025263193776313475,0.0,0.048,0.0,-0.0,0.0,1
2012-07-01 07:00:00+00:00,0.03225675,0.323993738454375,0.03353976223125,0.0,0.101,3.791611841144735,3.7916118,0.0531579358815768,0.0,0.101,0.0,-0.0,0.0,1
2012-07-01 07:30:00+00:00,0.0322875,0.3240289088437501,0.033571735312499996,0.006,0.05,3.7684539464078926,3.7684539,0.023157941144734906,0.0,0.044,6.938893903907228e-18,0.0,1.1242011101328042e-18,1
2012-07-01 08:00:00+00:00,0.0338496,0.325815564624,0.03519596784,0.038,0.219,3.6731907885131556,3.6731908,0.09526314640789257,0.0,0.181,0.0,-0.0,0.0,1
2012-07-01 08:30:00+00:00,0.033948,0.32592810987000004,0.035298281699999996,0.088,0.334,3.543717104302629,3.5437171,0.12947368851315577,0.0,0.246,2.7755575615628914e-17,0.0,4.523161149377897e-18,1
2012-07-01 09:00:00+00:00,0.03614355,0.328439275671375,0.03758115970125,0.175,0.164,3.548942104302629,3.5489421,0.005224995697370893,0.011,0.0,2.7755575615628914e-17,0.0,4.558010575519619e-18,1
2012-07-01 09:30:00+00:00,0.03720135,0.329649137065875,0.03868103369625,0.281,0.374,3.499994735881576,3.4999947,0.04894740430262923,0.0,0.093,0.0,2.7755575615628914e-17,-5.368071778234784e-19,1
2012-07-01 10:00:00+00:00,0.037146,0.32958583036500005,0.03862348214999999,0.419,0.201,3.603544735881576,3.6035447,0.10354996411842388,0.218,0.0,5.551115123125783e-17,0.0,9.147844436535603e-18,1
2012-07-01 10:30:00+00:00,0.0373059,0.32976871638975,0.0387897421725,0.581,0.077,3.842944735881576,3.8429447,0.2393999641184239,0.504,0.0,0.0,-0.0,0.0,1
2012-07-01 11:00:00+00:00,0.0351903,0.14694899360074998,0.036589994182499995,0.619,0.38,3.956469735881576,3.9564697,0.11352496411842417,0.239,0.0,0.0,-0.0,0.0,1
2012-07-01 11:30:00+00:00,0.0360759,0.14796190081475,0.037510818922499994,0.681,0.051,4.255719735881576,4.2557197,0.2992499641184243,0.63,0.0,0.0,-0.0,0.0,1
2012-07-01 12:00:00+00:00,0.036285,0.1482010594625,0.037728235874999995,0.488,0.11,4.435269735881576,4.4352697,0.17954996411842394,0.378,0.0,0.0,-0.0,0.0,1
2012-07-01 12:30:00+00:00,0.0356577,0.14748358351925,0.0370759850175,0.513,0.043,4.658519735881576,4.6585197,0.22324996411842424,0.47,0.0,0.0,-0.0,0.0,1
2012-07-01 13:00:00+00:00,0.0360882,0.14797596897049997,0.03752360815499999,0.125,0.109,4.666119735881576,4.6661197,0.0075999641184241185,0.016,0.0,0.0,-0.0,0.0,1
2012-07-01 13:30:00+00:00,0.03589755,0.14775791255637502,0.03732537505125,0.95,0.292,4.978669735881576,4.9786697,0.31254996411842395,0.658,0.0,0.0,-0.0,0.0,1
2012-07-01 14:00:00+00:00,0.0355224,0.147328833806,0.03693530346,1.156,0.109,5.475994735881576,5.4759947,0.4973249641184241,1.047,0.0,0.0,-0.0,0.0,1
2012-07-01 14:30:00+00:00,0.0350427,0.14678017573175,0.0364365233925,1.056,0.042,5.957644735881576,5.9576447,0.4816499641184242,1.014,0.0,0.0,-0.0,0.0,1
2012-07-01 15:00:00+00:00,0.0361866,0.1480885142165,0.03762592201499999,0.7,0.107,6.239319735881576,6.2393197,0.28167496411842396,0.593,0.0,0.0,-0.0,0.0,1
2012-07-01 15:30:00+00:00,0.0343047,0.14593608638674999,0.035669169442499996,0.6,0.043,6.503894735881576,6.5038947,0.26457496411842385,0.557,0.0,1.1102230246251565e-16,0.0,8.101080161512785e-18,1
2012-07-01 16:00:00+00:00,0.03511035,0.146857550588375,0.03650686417124999,0.2,0.409,6.393894735881576,6.3938947,0.11000003588157625,0.0,0.209,0.0,2.7755575615628914e-17,-5.066345144973116e-19,1
2012-07-01 16:30:00+00:00,0.0376134,0.1497204202835,0.039109472985,0.044,0.133,6.347052630618418,6.3470526,0.04684213588157604,0.0,0.089,1.3877787807814457e-17,0.0,1.0388941115956063e-18,1
2012-07-01 17:00:00+00:00,0.04039935,0.152906857560875,0.042006234146249995,0.006,0.099,6.298105262197365,6.2981053,0.04894733061841805,0.0,0.093,0.0,-0.0,0.0,1
2012-07-01 17:30:00+00:00,0.04091595,0.153497720102375,0.04254338191124999,0.0,0.087,6.252315788513155,6.2523158,0.045789462197364905,0.0,0.087,0.0,-0.0,0.0,1
2012-07-01 18:00:00+00:00,0.04894785,0.16268422580712502,0.050894750733749994,0.0,0.087,6.2065263148289445,6.2065263,0.04578948851315445,0.0,0.087,0.0,-0.0,0.0,1
2012-07-01 18:30:00+00:00,0.04686915,0.16030670748537498,0.04873337044124999,0.0,0.385,6.003894735881576,6.0038947,0.20263161482894443,0.0,0.385,0.0,-0.0,0.0,1
2012-07-01 19:00:00+00:00,0.0437142,0.1566982255355,0.045452932305,0.0,0.211,5.892842104302629,5.8928421,0.11105263588157577,0.0,0.211,0.0,-0.0,0.0,1
2012-07-01 19:30:00+00:00,0.0425457,0.15536175073925,0.04423795521749999,0.0,0.329,5.719684209565787,5.7196842,0.173157904302629,0.0,0.329,0.0,-0.0,0.0,1
2012-07-01 20:00:00+00:00,0.04017795,0.152653630757375,0.04177602796124999,0.0,0.374,5.5228421043026295,5.5228421,0.19684210956578685,0.0,0.374,0.0,-0.0,0.0,1
2012-07-01 20:30:00+00:00,0.03956295,0.151950222969875,0.04113656633625,0.0,0.447,5.287578946407892,5.2875789,0.2352632043026297,0.0,0.447,0.0,-0.0,0.0,1
2012-07-01 21:00:00+00:00,0.0385974,0.1508458727435,0.040132611585,0.0,0.549,4.998631577986839,4.9986316,0.288947346407892,0.0,0.549,0.0,-0.0,0.0,1
2012-07-01 21:30:00+00:00,0.03905865,0.151373428584125,0.04061220780375,0.0,0.136,4.927052630618419,4.9270526,0.07157897798683965,0.0,0.136,0.0,-0.0,0.0,1
2012-07-01 22:00:00+00:00,0.0388311,0.15111316770275,0.040375607002499994,0.0,0.288,4.775473683249998,4.7754737,0.15157893061841854,0.0,0.288,0.0,-0.0,0.0,1
2012-07-01 22:30:00+00:00,0.0409467,0.15353289049175,0.0425753549925,0.0,0.181,4.680210525355261,4.6802105,0.0952631832499975,0.0,0.181,0.0,-0.0,0.0,1
2012-07-01 23:00:00+00:00,0.0375396,0.14963601134899998,0.03903273759,0.0,0.651,4.337578946407893,4.3375789,0.3426316253552617,0.0,0.651,0.0,-0.0,0.0,1
2012-07-01 23:30:00+00:00,0.03880035,0.15107799731337498,0.04034363392125,0.0,0.09,4.290210525355262,4.2902105,0.047368446407893394,0.0,0.09,0.0,-0.0,0.0,1
2012-07-02 00:00:00+00:00,0.037515,0.10010787503749999,0.039007159124999996,0.0,0.068,4.290210525355262,4.2902105,2.535526189006987e-08,0.0,0.0,0.068,0.0,0.0034036677512749997,1
2012-07-02 00:30:00+00:00,0.03439695,0.096541597554875,0.03576508868625,0.0,0.309,4.290210525355262,4.2902105,2.535526189006987e-08,0.0,0.0,0.309,0.0,0.014915676822228188,1
2012-07-02 01:00:00+00:00,0.03362205,0.09565530374262503,0.03495936703875,0.0,0.082,4.290210525355262,4.2902105,2.535526189006987e-08,0.0,0.0,0.082,0.0,0.0039218674534476266,1
2012-07-02 01:30:00+00:00,0.03406485,0.09616175734962502,0.03541977940875,0.0,0.059,4.290210525355262,4.2902105,2.535526189006987e-08,0.0,0.0,0.059,0.0,0.002836771841813938,1
2012-07-02 02:00:00+00:00,0.0337266,0.09577488306650002,0.035068075515,0.0,0.097,4.290210525355262,4.2902105,2.535526189006987e-08,0.0,0.0,0.097,0.0,0.004645081828725251,1
2012-07-02 02:30:00+00:00,0.03308085,0.09503630488962501,0.03439664080875,0.0,0.29,5.002710525355262,5.0027105,0.7124999746447385,1.5,0.0,1.79,0.0,0.08505749287621439,1
2012-07-02 03:00:00+00:00,0.0331239,0.09508554343475002,0.0344414031225,0.0,0.155,5.715210525355262,5.7152105,0.7124999746447385,1.5,0.0,1.655,0.0,0.07868328719225565,1
2012-07-02 03:30:00+00:00,0.0331485,0.09511367974625,0.034466981587499994,0.0,0.703,5.715210525355262,5.7152105,2.535526189006987e-08,0.0,0.0,0.703,0.0,0.033432458430806875,1
2012-07-02 04:00:00+00:00,0.03313005,0.09509257751262501,0.034447797738749994,0.0,0.688,6.105242107355262,6.1052421,0.3900315746447376,0.82111912,0.0,1.5091191199999998,0.0,0.07175301344719222,1
2012-07-02 04:30:00+00:00,0.0331485,0.09511367974625,0.034466981587499994,0.0,0.044,6.105242107355262,6.1052421,7.35526217710003e-09,0.0,0.0,0.044,0.0,0.0020925009544175,1
2012-07-02 05:00:00+00:00,0.03326535,0.325147327225875,0.034588479296249995,0.0,0.395,5.897347370513157,5.8973474,0.20789470735526194,0.0,0.395,0.0,-0.0,0.0,1
2012-07-02 05:30:00+00:00,0.0354117,0.32760222040425,0.03682020036749999,0.0,0.64,5.560505265249999,5.5605053,0.33684207051315695,0.0,0.64,0.0,-0.0,0.0,1
2012-07-02 06:00:00+00:00,0.03721365,0.32966320522162507,0.03869382292875,0.0,0.09,5.513136844197367,5.5131368,0.04736846524999905,0.0,0.09,0.0,-0.0,0.0,1
2012-07-02 06:30:00+00:00,0.04154325,0.334615196045625,0.04319563276874999,0.0,0.065,5.4789263178815775,5.4789263,0.03421054419736702,0.0,0.065,0.0,-0.0,0.0,1
2012-07-02 07:00:00+00:00,0.04940295,0.3436047475698751,0.051367952336249995,0.0,0.078,5.4378736863026305,5.4378737,0.04105261788157755,0.0,0.078,0.0,-0.0,0.0,1
2012-07-02 07:30:00+00:00,0.04357275,0.33693644174437504,0.04530585613125,0.0,0.386,5.2347157915657885,5.2347158,0.20315788630263043,0.0,0.386,0.0,-0.0,0.0,1
2012-07-02 08:00:00+00:00,0.05431065,0.34921794171412507,0.056470856103749995,0.019,0.177,5.151557896828947,5.1515579,0.08315789156578823,0.0,0.158,0.0,-0.0,0.0,1
2012-07-02 08:30:00+00:00,0.0599625,0.35568225928125,0.0623475084375,0.025,0.491,4.90629473893421,4.9062947,0.24526319682894648,0.0,0.466,0.0,5.551115123125783e-17,-1.7304909848830929e-18,1
2012-07-02 09:00:00+00:00,0.05511015,0.35013237183787504,0.05730215621625,0.044,0.072,4.891557896828947,4.8915579,0.014736838934210184,0.0,0.028,0.0,3.469446951953614e-18,-9.94033956124192e-20,1
2012-07-02 09:30:00+00:00,0.0512418,0.3457079368545001,0.05327994259499999,0.244,0.345,4.838400002092104,4.8384,0.05315789682894678,0.0,0.101,0.0,2.7755575615628914e-17,-7.39407737745945e-19,1
2012-07-02 10:00:00+00:00,0.0551163,0.35013940591575,0.05730855083249999,0.481,0.341,4.904900002092104,4.9049,0.06649999790789529,0.14,0.0,5.551115123125783e-17,0.0,9.718320756905985e-18,1
2012-07-02 10:30:00+00:00,0.0485481,0.34262701074525004,0.05047910067749999,0.663,0.104,5.170425002092104,5.170425,0.26552499790789597,0.559,0.0,0.0,-0.0,0.0,1
2012-07-02 11:00:00+00:00,0.04616805,0.15950482260762502,0.04800438418875,0.769,0.624,5.239300002092104,5.2393,0.06887499790789597,0.145,0.0,0.0,-0.0,0.0,1
2012-07-02 11:30:00+00:00,0.05245335,0.16669365019587498,0.05453968199625,0.844,0.429,5.436425002092104,5.436425,0.1971249979078955,0.415,0.0,0.0,-0.0,0.0,1
2012-07-02 12:00:00+00:00,0.0549687,0.16957058804675,0.057155080042499994,1.0,0.966,5.452575002092104,5.452575,0.016149997907896285,0.034,0.0,0.0,-0.0,0.0,1
2012-07-02 12:30:00+00:00,-0.0364572,0.065001986357,-0.03790728513,0.775,0.273,6.165075002092104,6.165075,0.7124999979078961,1.5,0.0,0.9980000000000001,0.0,0.032435991192143,1
2012-07-02 13:00:00+00:00,0.04337595,0.15631135125237502,0.04510122841125,0.756,0.311,6.376450002092104,6.37645,0.21137499790789605,0.445,0.0,0.0,-0.0,0.0,1
2012-07-02 13:30:00+00:00,0.05314215,0.167481466917875,0.055255879016249995,0.869,0.128,6.728425002092105,6.728425,0.3519749979078952,0.741,0.0,0.0,-0.0,0.0,1
2012-07-02 14:00:00+00:00,0.04459365,0.157704098671625,0.046367362428749996,0.725,0.06,7.044300002092105,7.0443,0.31587499790789497,0.665,0.0,1.1102230246251565e-16,0.0,8.754336071149782e-18,1
2012-07-02 14:30:00+00:00,0.0519921,0.16616609435525,0.054060085777499996,0.744,0.345,7.233825002092105,7.233825,0.18952499790789545,0.399,0.0,0.0,-0.0,0.0,1
2012-07-02 15:00:00+00:00,0.0559281,0.17066790419525002,0.0581526401775,0.913,0.063,7.637575002092104,7.637575,0.40374999790789534,0.85,0.0,0.0,-0.0,0.0,1
2012-07-02 15:30:00+00:00,0.0566907,0.17154012985175,0.05894557259249999,0.631,0.086,7.896450002092104,7.89645,0.2588749979078955,0.545,0.0,0.0,-0.0,0.0,1
2012-07-02 16:00:00+00:00,0.0589047,0.17407239788675,0.0612476344425,0.294,0.076,8.0,8.0,0.10354999790789599,0.218,0.0,0.0,-0.0,0.0,1
2012-07-02 16:30:00+00:00,0.06386775,0.179748898731875,0.06640808975625,0.031,0.07,7.979473684210526,7.9794737,0.02052630000000022,0.0,0.039,6.938893903907228e-18,0.0,6.236292688223226e-19,1
2012-07-02 17:00:00+00:00,0.06529455,0.181380804798875,0.06789164072625001,0.006,0.326,7.8110526315789475,7.8110526,0.16842108421052604,0.0,0.32,0.0,-0.0,0.0,1
2012-07-02 17:30:00+00:00,0.10175175,0.223078818441875,0.10579892585624999,0.0,0.068,7.775263157894737,7.7752632,0.035789431578947095,0.0,0.068,0.0,-0.0,0.0,1
2012-07-02 18:00:00+00:00,0.1472556,0.275123960639,0.15311269148999998,0.0,0.191,6.9857894736842105,6.9857895,0.789473657894737,0.0,1.5,0.0,1.309,-0.10021225658020498,1
2012-07-02 18:30:00+00:00,0.14934045,0.27750851303862506,0.15528046639874998,0.0,0.472,6.196315789473684,6.1963158,0.7894736736842107,0.0,1.5,0.0,1.028,-0.07981415972895749,1
2012-07-02 19:00:00+00:00,0.14467875,0.272176682009375,0.15043334728125,0.0,1.056,5.4068421052631574,5.4068421,0.7894736894736836,0.0,1.5,0.0,0.44399999999999995,-0.033396203096437496,1
2012-07-02 19:30:00+00:00,0.08417505,0.202975423875125,0.08752311261375,0.0,0.696,5.0405263157894735,5.0405263,0.36631580526315766,0.0,0.696,0.0,-0.0,0.0,1
2012-07-02 20:00:00+00:00,0.07554045,0.193099578538625,0.07854507139874999,0.0,0.353,4.854736842105263,4.8547368,0.18578951578947311,0.0,0.353,0.0,-0.0,0.0,1
2012-07-02 20:30:00+00:00,0.13397775,0.259937386506875,0.13930671500624997,0.0,0.464,4.066392105263158,4.0663921,0.788344742105263,0.0,1.497855,0.0,1.033855,-0.07201147192139327,1
2012-07-02 21:00:00+00:00,0.07683195,0.19457673489237498,0.07988794081124999,0.0,0.229,3.945865789473684,3.9458658,0.12052630526315777,0.0,0.229,0.0,-0.0,0.0,1
2012-07-02 21:30:00+00:00,0.0691629,0.18580523978225,0.0719138543475,0.0,0.811,3.5190236842105262,3.5190237,0.4268420894736842,0.0,0.811,0.0,-0.0,0.0,1
2012-07-02 22:00:00+00:00,0.06993165,0.186684499516625,0.07271318137874999,0.0,0.222,3.4021815789473684,3.4021816,0.11684208421052622,0.0,0.222,0.0,-0.0,0.0,1
2012-07-02 22:30:00+00:00,0.13854105,0.26515667229012496,0.14405152026374998,0.0,0.306,2.6127078947368423,2.6127079,0.7894736789473682,0.0,1.5,0.0,1.194,-0.08599875759745873,1
2012-07-02 23:00:00+00:00,0.0775515,0.19539972200375,0.08063611091249999,0.0,1.034,2.0684973684210526,2.0684974,0.5442104947368422,0.0,1.034,0.0,-0.0,0.0,1
2012-07-02 23:30:00+00:00,0.06964875,0.18636093193437497,0.07241902903124998,0.0,0.136,1.9969184210526316,1.9969184,0.0715789684210526,0.0,0.136,0.0,-0.0,0.0,1
2012-07-03 00:00:00+00:00,0.05408925,0.119064714910625,0.056240649918749996,0.0,0.067,2.6609421060526315,2.6609421,0.6840236789473686,1.3979446,0.0,1.4649446,0.0,0.08721160557942978,1
2012-07-03 00:30:00+00:00,0.05709045,0.12249734491362502,0.059361222648749996,0.0,0.092,2.6609421060526315,2.6609421,6.052631285058396e-09,0.0,0.0,0.092,0.0,0.00563487786602675,1
2012-07-03 01:00:00+00:00,0.06643845,0.133189143283625,0.06908103934874998,0.0,0.076,2.6209421060526314,2.6209421,0.04000000605263132,0.0,0.076,0.0,-0.0,0.0,1
2012-07-03 01:30:00+00:00,0.06637695,0.133118802504875,0.06901709318625,0.0,0.318,2.453573685,2.4535737,0.16736840605263126,0.0,0.318,0.0,-0.0,0.0,1
2012-07-03 02:00:00+00:00,0.06015315,0.126000315695375,0.06254574154124999,0.0,0.088,2.453573685,2.4535737,1.5000000352927145e-08,0.0,0.0,0.088,0.0,0.0055440138905965,1
2012-07-03 02:30:00+00:00,0.0517461,0.11638473124025,0.0538043011275,0.0,0.061,2.453573685,2.4535737,1.5000000352927145e-08,0.0,0.0,0.061,0.0,0.003549734302827625,1
2012-07-03 03:00:00+00:00,0.04996875,0.11435188273437501,0.051956257031249994,0.0,0.16,2.8816552655,2.8816553,0.42808161499999997,0.90122438,0.0,1.06122438,0.0,0.060676502928309915,1
2012-07-03 03:30:00+00:00,0.0471213,0.11109510467825,0.048995549707499995,0.0,0.95,3.5941552655,3.5941553,0.7125000345000001,1.5,0.0,2.45,0.0,0.13609150323085625,1
2012-07-03 04:00:00+00:00,0.0444522,0.10804231488049999,0.04622028625499999,0.0,0.692,4.3066552655,4.3066553,0.7125000345000001,1.5,0.0,2.192,0.0,0.118414377109028,1
2012-07-03 04:30:00+00:00,0.03800085,0.10066356718962502,0.03951233380875,0.0,0.045,5.0191552655,5.0191553,0.7125000345000005,1.5,0.0,1.545,0.0,0.07776260565398532,1
2012-07-03 05:00:00+00:00,0.0400857,0.33294811958925,0.0416801087175,0.0,0.158,4.935997370763158,4.9359974,0.08315786550000048,0.0,0.158,0.0,-0.0,0.0,1
2012-07-03 05:30:00+00:00,0.04244115,0.33564217141537506,0.044129246741249996,0.0,0.636,4.601260528657895,4.6012605,0.33473687076315795,0.0,0.636,0.0,-0.0,0.0,1
2012-07-03 06:00:00+00:00,0.0469614,0.34081221865350003,0.04882928968499999,0.0,1.161,3.990207897078948,3.9902079,0.611052628657895,0.0,1.161,0.0,-0.0,0.0,1
2012-07-03 06:30:00+00:00,0.05444595,0.34937269142737504,0.056611537661249996,0.0,0.467,3.7444184233947375,3.7444184,0.24578949707894804,0.0,0.467,0.0,-0.0,0.0,1
2012-07-03 07:00:00+00:00,0.05514705,0.35017457630512505,0.057340523913750004,0.0,0.586,3.4359973707631584,3.4359974,0.3084210233947373,0.0,0.586,0.0,-0.0,0.0,1
2012-07-03 07:30:00+00:00,0.04983345,0.34409713302112505,0.05181557547374999,0.0,0.092,3.3875763181315794,3.3875763,0.04842107076315827,0.0,0.092,0.0,-0.0,0.0,1
2012-07-03 08:00:00+00:00,0.05495025,0.349949485813125,0.057135896193749994,0.019,0.197,3.293892107605264,3.2938921,0.09368421813157957,0.0,0.178,2.7755575615628914e-17,0.0,4.8565247075683246e-18,1
2012-07-03 08:30:00+00:00,0.0611556,0.357046870389,0.06358806399,0.031,0.404,3.09757631813158,3.0975763,0.1963158076052638,0.0,0.373,0.0,-0.0,0.0,1
2012-07-03 09:00:00+00:00,0.0548211,0.34980177017775,0.05700160925249999,0.05,0.536,2.8417868444473693,2.8417868,0.2557895181315799,0.0,0.486,5.551115123125783e-17,0.0,9.708949482649387e-18,1
2012-07-03 09:30:00+00:00,0.05316675,0.3479096032293751,0.05528145748125,0.213,0.109,2.891186844447369,2.8911868,0.04939995555263055,0.104,0.0,0.0,-0.0,0.0,1
2012-07-03 10:00:00+00:00,0.05043,0.34477943857500004,0.05243585325,0.481,0.093,3.075486844447369,3.0754868,0.184299955552631,0.388,0.0,0.0,-0.0,0.0,1
2012-07-03 10:30:00+00:00,0.04451985,0.338019689737125,0.04629062703375,0.663,0.357,3.220836844447369,3.2208368,0.14534995555263075,0.306,0.0,0.0,-0.0,0.0,1
2012-07-03 11:00:00+00:00,0.044772,0.15790808693000002,0.0465528063,0.769,0.082,3.5471618444473694,3.5471618,0.32632495555263086,0.687,0.0,0.0,-0.0,0.0,1
2012-07-03 11:30:00+00:00,0.0444522,0.1575423148805,0.04622028625499999,0.838,0.225,3.8383368444473693,3.8383368,0.2911749555526306,0.613,0.0,0.0,-0.0,0.0,1
2012-07-03 12:00:00+00:00,0.04022715,0.152709903380375,0.04182718489125,0.919,0.387,4.09103684444737,4.0910368,0.25269995555263103,0.532,0.0,0.0,-0.0,0.0,1
2012-07-03 12:30:00+00:00,0.03839445,0.150613748173625,0.03992158924874999,1.0,0.247,4.44871184444737,4.4487118,0.3576749555526302,0.753,0.0,0.0,-0.0,0.0,1
2012-07-03 13:00:00+00:00,0.03786555,0.15000881747637498,0.03937165225124999,1.031,0.517,4.69286184444737,4.6928618,0.24414995555263008,0.514,0.0,2.220446049250313e-16,0.0,1.6654324305906408e-17,1
2012-07-03 13:30:00+00:00,0.0387204,0.150986554301,0.040260503909999995,1.1,0.118,5.1593118444473705,5.1593118,0.4664499555526298,0.982,0.0,0.0,-0.0,0.0,1
2012-07-03 14:00:00+00:00,0.0381669,0.15035348729225,0.03968498844749999,1.138,0.138,5.63431184444737,5.6343118,0.4749999555526294,1.0,0.0,0.0,-0.0,0.0,1
2012-07-03 14:30:00+00:00,0.03929235,0.151640723543375,0.04085520322124999,1.006,0.163,6.03473684444737,6.0347368,0.40042495555263,0.843,0.0,0.0,-0.0,0.0,1
2012-07-03 15:00:00+00:00,0.0391386,0.1514648715965,0.040695337815,0.838,1.046,5.925263160236844,5.9252632,0.10947364444737051,0.0,0.208,8.326672684688674e-17,0.0,6.305992045062269e-18,1
2012-07-03 15:30:00+00:00,0.0386712,0.15093028167800002,0.040209346980000005,0.688,1.733,5.375263160236845,5.3752632,0.5499999602368444,0.0,1.045,2.220446049250313e-16,0.0,1.6756627383207603e-17,1
2012-07-03 16:00:00+00:00,0.04126035,0.153891628463375,0.04290148042125,0.35,1.422,4.811052633921055,4.8110526,0.5642105602368446,0.0,1.072,0.0,-0.0,0.0,1
2012-07-03 16:30:00+00:00,0.04187535,0.15459503625087498,0.043540942046249996,0.069,1.36,4.131578949710529,4.1315789,0.6794737339210553,0.0,1.291,2.220446049250313e-16,0.0,1.7163496873848214e-17,1
2012-07-03 17:00:00+00:00,0.0499134,0.1637885760335,0.051898705484999995,0.013,1.052,3.584736844447371,3.5847368,0.5468421497105291,0.0,1.039,2.220446049250313e-16,0.0,1.818418482829598e-17,1
2012-07-03 17:30:00+00:00,0.0535419,0.16793868197975,0.0556715290725,0.0,0.584,3.2773684233947393,3.2773684,0.3073684444473712,0.0,0.584,0.0,-0.0,0.0,1
2012-07-03 18:00:00+00:00,0.06712725,0.18347696000562497,0.06979723636874999,0.0,0.247,3.1473684233947394,3.1473684,0.13000002339473937,0.0,0.247,0.0,-0.0,0.0,1
2012-07-03 18:30:00+00:00,0.0740583,0.19140436577075,0.0770039688825,0.0,0.828,2.711578949710529,2.7115789,0.4357895233947393,0.0,0.828,0.0,-0.0,0.0,1
2012-07-03 19:00:00+00:00,0.06561435,0.181746576848375,0.06822416077124999,0.0,0.19,2.611578949710529,2.6115789,0.10000004971052912,0.0,0.19,0.0,-0.0,0.0,1
2012-07-03 19:30:00+00:00,0.052275,0.1664896619375,0.054354238124999996,0.0,0.268,2.4705263181315815,2.4705263,0.1410526497105291,0.0,0.268,0.0,-0.0,0.0,1
2012-07-03 20:00:00+00:00,0.0460758,0.15939931143949998,0.04790846494499999,0.0,0.33,2.296842107605266,2.2968421,0.1736842181315814,0.0,0.33,0.0,-0.0,0.0,1
2012-07-03 20:30:00+00:00,0.0493476,0.163141440869,0.05131040078999999,0.0,0.654,1.9526315812894763,1.9526316,0.34421050760526595,0.0,0.654,0.0,-0.0,0.0,1
2012-07-03 21:00:00+00:00,0.0465801,0.15997610582525001,0.0484328234775,0.0,0.406,1.7389473707631606,1.7389474,0.2136841812894763,0.0,0.406,0.0,-0.0,0.0,1
2012-07-03 21:30:00+00:00,0.0453132,0.15852708578299998,0.04711553253,0.0,0.141,1.6647368444473711,1.6647368,0.07421057076316062,0.0,0.141,0.0,-0.0,0.0,1
2012-07-03 22:00:00+00:00,0.043296,0.15621990824,0.0450180984,0.0,0.073,1.6263157918157922,1.6263158,0.038421044447371155,0.0,0.073,0.0,-0.0,0.0,1
2012-07-03 22:30:00+00:00,0.04878795,0.162501339782375,0.05072849071125,0.0,0.19,1.5263157918157921,1.5263158,0.09999999181579233,0.0,0.19,0.0,-0.0,0.0,1
2012-07-03 23:00:00+00:00,0.04317915,0.156086260760375,0.044896600691249997,0.0,0.902,1.051578949710529,1.0515789,0.47473689181579215,0.0,0.902,0.0,-0.0,0.0,1
2012-07-03 23:30:00+00:00,0.0406884,0.15323745922100002,0.04230678111,0.0,0.098,1.0000000023421078,1.0,0.05157894971052901,0.0,0.098,0.0,-0.0,0.0,1
2012-07-04 00:00:00+00:00,0.03747195,0.100058636492375,0.038962396811249994,0.0,0.066,1.2588065785921079,1.2588066,0.17406969765789215,0.54485595,0.0,0.6108559499999999,0.0,0.030560706725127194,1
2012-07-04 00:30:00+00:00,0.03650025,0.098947252188125,0.03795204744374999,0.0,0.081,1.9713065785921078,1.9713066,0.712500021407892,1.5,0.0,1.581,0.0,0.07821780285471282,1
2012-07-04 01:00:00+00:00,0.03599595,0.09837045780237501,0.03742768891124999,0.0,0.082,2.6838065785921077,2.6838066,0.7125000214078923,1.5,0.0,1.582,0.0,0.07781103212167864,1
2012-07-04 01:30:00+00:00,0.0363711,0.09879953655275002,0.0378177605025,0.0,0.306,3.3963065785921076,3.3963066,0.7125000214078923,1.5,0.0,1.806,0.0,0.08921598150713327,1
2012-07-04 02:00:00+00:00,0.03486435,0.097076187473375,0.03625107952125,0.0,0.098,4.108806578592107,4.1088066,0.7125000214078927,1.5,0.0,1.598,0.0,0.07756387379122663,1
2012-07-04 02:30:00+00:00,0.033579,0.09560606519749999,0.03491460472499999,0.0,0.725,4.821306578592107,4.8213066,0.7125000214078927,1.5,0.0,2.225,0.0,0.10636174753221875,1
2012-07-04 03:00:00+00:00,0.03375735,0.09581005345587501,0.03510004859625,0.0,1.046,5.533806578592108,5.5338066,0.7125000214078927,1.5,0.0,2.5460000000000003,0.0,0.1219661980493289,1
2012-07-04 03:30:00+00:00,0.03375735,0.09581005345587501,0.03510004859625,0.0,1.584,6.246306578592108,6.2463066,0.7125000214078918,1.5,0.0,3.084,0.0,0.14773910242895927,1
2012-07-04 04:00:00+00:00,0.0337635,0.09581708753375,0.0351064432125,0.0,1.81,6.9588065785921085,6.9588066,0.7125000214078918,1.5,0.0,3.31,0.0,0.15857727986835624,1
2012-07-04 04:30:00+00:00,0.0338742,0.09594370093550002,0.035221546305,0.0,0.815,7.671306578592109,7.6713066,0.7125000214078918,1.5,0.0,2.315,0.0,0.11105483383284127,1
2012-07-04 05:00:00+00:00,0.0338742,0.3258437009355001,0.035221546305,0.0,0.15,7.592359210171057,7.5923592,0.0789473785921091,0.0,0.15,0.0,-0.0,0.0,1
2012-07-04 05:30:00+00:00,0.03388035,0.325850735013375,0.03522794092124999,0.0,0.658,7.246043420697372,7.2460434,0.34631581017105706,0.0,0.658,0.0,-0.0,0.0,1
2012-07-04 06:00:00+00:00,0.03415095,0.326160234439875,0.035509304036249995,0.0,0.072,7.208148683855267,7.2081487,0.03789472069737254,0.0,0.072,0.0,-0.0,0.0,1
2012-07-04 06:30:00+00:00,0.0454485,0.33908183549625004,0.0472562140875,0.0,0.326,7.036569736486846,7.0365697,0.17157898385526682,0.0,0.326,0.0,-0.0,0.0,1
2012-07-04 07:00:00+00:00,0.048216,0.34224717054000003,0.0501337914,0.0,0.082,6.993411841750004,6.9934118,0.04315793648684618,0.0,0.082,0.0,-0.0,0.0,1
2012-07-04 07:30:00+00:00,0.0472197,0.34110764992425,0.049097863567500004,0.0,0.093,6.944464473328951,6.9444645,0.04894734175000437,0.0,0.093,0.0,-0.0,0.0,1
2012-07-04 08:00:00+00:00,0.06583575,0.362399803651875,0.06845436695624998,0.019,0.165,6.867622368065793,6.8676224,0.07684207332895099,0.0,0.146,2.7755575615628914e-17,0.0,5.029307576674344e-18,1
2012-07-04 08:30:00+00:00,0.07097715,0.36828029275537505,0.07380026614124999,0.044,0.4,6.680253947013162,6.6802539,0.18736846806579255,0.0,0.356,5.551115123125783e-17,0.0,1.0221831513317765e-17,1
2012-07-04 09:00:00+00:00,0.05513475,0.350160508149375,0.05732773468124999,0.081,0.377,6.524464473328951,6.5244645,0.155789447013162,0.0,0.296,0.0,-0.0,0.0,1
2012-07-04 09:30:00+00:00,0.0513279,0.3458064139447501,0.053369467222499994,0.413,0.155,6.647014473328952,6.6470145,0.12255002667104886,0.258,0.0,5.551115123125783e-17,0.0,9.598056070612984e-18,1
2012-07-04 10:00:00+00:00,0.05169075,0.346221424539375,0.053746749581249996,0.556,0.06,6.882614473328951,6.8826145,0.2356000266710483,0.496,0.0,0.0,-0.0,0.0,1
2012-07-04 10:30:00+00:00,0.0548088,0.34978770202200005,0.05698882001999999,0.75,0.121,7.181389473328951,7.1813895,0.2987750266710485,0.629,0.0,0.0,-0.0,0.0,1
2012-07-04 11:00:00+00:00,0.0440955,0.15713433836375,0.04584939851249999,0.763,0.857,7.131915789118425,7.1319158,0.049473673328951584,0.0,0.094,0.0,2.7755575615628914e-17,-6.362882236723987e-19,1
2012-07-04 11:30:00+00:00,0.04545465,0.158688869574125,0.04726260870374999,0.831,1.615,6.719284210171057,6.7192842,0.41263158911842535,0.0,0.784,0.0,-0.0,0.0,1
2012-07-04 12:00:00+00:00,0.0400734,0.15253405143350002,0.041667319485,0.944,1.751,6.2945473680657935,6.2945474,0.4247368101710567,0.0,0.807,0.0,1.1102230246251565e-16,-2.313000873332971e-18,1
2012-07-04 12:30:00+00:00,0.0370107,0.14903108065175,0.0384828005925,1.031,1.948,5.811915789118425,5.8119158,0.4826315680657931,0.0,0.917,0.0,-0.0,0.0,1
2012-07-04 13:00:00+00:00,0.03663555,0.148602001901375,0.03809272900125,0.925,0.695,5.921165789118425,5.9211658,0.10925001088157504,0.23,0.0,0.0,1.1102230246251565e-16,-2.1145712403997096e-18,1
2012-07-04 13:30:00+00:00,0.038007,0.1501706012675,0.039518728424999996,0.588,0.304,6.056065789118425,6.0560658,0.13490001088157477,0.284,0.0,0.0,-0.0,0.0,1
2012-07-04 14:00:00+00:00,0.03902175,0.151331224116875,0.04057384010625,0.681,0.104,6.330140789118425,6.3301408,0.2740750108815746,0.577,0.0,0.0,1.1102230246251565e-16,-2.252300574170918e-18,1
2012-07-04 14:30:00+00:00,0.0379332,0.150086192333,0.03944199303,0.7,0.047,6.640315789118425,6.6403158,0.31017501088157484,0.653,0.0,1.1102230246251565e-16,0.0,8.331457320320812e-18,1
2012-07-04 15:00:00+00:00,0.0390894,0.1514085989735,0.040644180885,0.219,0.103,6.695415789118425,6.6954158,0.05510001088157512,0.116,0.0,0.0,-0.0,0.0,1
2012-07-04 15:30:00+00:00,0.0392124,0.151549280531,0.04077207321,0.494,0.05,6.906315789118425,6.9063158,0.2109000108815744,0.444,0.0,0.0,-0.0,0.0,1
2012-07-04 16:00:00+00:00,0.0459405,0.15924456172625,0.0477677833875,0.256,1.306,6.353684210171057,6.3536842,0.552631589118425,0.0,1.05,0.0,-0.0,0.0,1
2012-07-04 16:30:00+00:00,0.04490115,0.158055802565375,0.04668709324125,0.044,1.754,5.56421052596053,5.5642105,0.7894737101710572,0.0,1.5,0.20999999999999996,0.0,0.016595859269364372,1
2012-07-04 17:00:00+00:00,0.04602045,0.159336004738625,0.04785091339874999,0.006,1.605,4.774736841750004,4.7747368,0.78947372596053,0.0,1.5,0.09899999999999998,0.0,0.007887132234561936,1
2012-07-04 17:30:00+00:00,0.04818525,0.161812000150625,0.05010181831874999,0.0,1.353,4.062631578592109,4.0626316,0.7121052417500042,0.0,1.353,0.0,-0.0,0.0,1
2012-07-04 18:00:00+00:00,0.06098955,0.176456950286375,0.06341540935125,0.0,0.367,3.869473683855267,3.8694737,0.1931578785921091,0.0,0.367,0.0,-0.0,0.0,1
2012-07-04 18:30:00+00:00,0.0607989,0.17623889387225,0.06321717624749999,0.0,0.272,3.726315789118425,3.7263158,0.14315788385526673,0.0,0.272,0.0,-0.0,0.0,1
2012-07-04 19:00:00+00:00,0.05932905,0.174557749260125,0.06168886296375,0.0,1.104,3.1452631575394774,3.1452632,0.5810525891184248,0.0,1.104,0.0,-0.0,0.0,1
2012-07-04 19:30:00+00:00,0.05729955,0.172236503561375,0.05957863960124999,0.0,0.635,2.8110526312236876,2.8110526,0.33421055753947737,0.0,0.635,0.0,-0.0,0.0,1
2012-07-04 20:00:00+00:00,0.05124795,0.165314970932375,0.05328633721125,0.0,0.403,2.598947368065793,2.5989474,0.21210523122368752,0.0,0.403,0.0,-0.0,0.0,1
2012-07-04 20:30:00+00:00,0.05274855,0.16703128593387498,0.054846623576249996,0.0,0.204,2.4915789470131613,2.4915789,0.10736846806579292,0.0,0.204,0.0,-0.0,0.0,1
2012-07-04 21:00:00+00:00,0.04281015,0.155664216087875,0.04451292371624999,0.0,0.286,2.3410526312236875,2.3410526,0.15052634701316148,0.0,0.286,0.0,-0.0,0.0,1
2012-07-04 21:30:00+00:00,0.04341285,0.156353555719625,0.04513959610875,0.0,0.203,2.2342105259605294,2.2342105,0.10684213122368735,0.0,0.203,0.0,-0.0,0.0,1
2012-07-04 22:00:00+00:00,0.040959,0.1535469586475,0.042588144225,0.0,0.521,1.95999999964474,1.96,0.2742105259605294,0.0,0.521,0.0,-0.0,0.0,1
2012-07-04 22:30:00+00:00,0.04599585,0.159307868427125,0.04782533493375,0.0,0.259,1.8236842101710558,1.8236842,0.13631579964473994,0.0,0.259,0.0,-0.0,0.0,1
2012-07-04 23:00:00+00:00,0.03850515,0.150740361575375,0.04003669234125,0.0,1.306,1.1363157891184241,1.1363158,0.6873684101710558,0.0,1.306,0.0,-0.0,0.0,1
2012-07-04 23:30:00+00:00,0.0381669,0.15035348729225,0.03968498844749999,0.0,0.259,1.0,1.0,0.13631578911842412,0.0,0.259,0.0,-0.0,0.0,1
2012-07-05 00:00:00+00:00,0.0353379,0.09761781146975,0.036743464972499994,0.0,0.26,1.7125,1.7125,0.7124999999999999,1.5,0.0,1.76,0.0,0.08590367409338,1
2012-07-05 00:30:00+00:00,0.03552855,0.097835867883875,0.03694169807625,0.0,0.445,2.2999999975,2.3,0.5874999999999999,1.2368421,0.0,1.6818421000000001,0.0,0.08227224074856944,1
2012-07-05 01:00:00+00:00,0.0345384,0.09670338134600001,0.03591216485999999,0.0,0.255,3.0124999975,3.0125,0.7125000025000001,1.5,0.0,1.755,0.0,0.084857217131115,1
2012-07-05 01:30:00+00:00,0.03459375,0.09676668804687502,0.03596971640625,0.0,0.138,3.7249999975,3.725,0.7125000025000001,1.5,0.0,1.638,0.0,0.07925191751039064,1
2012-07-05 02:00:00+00:00,0.0339111,0.09598590540275,0.0352599140025,0.0,0.115,4.4374999975,4.4375,0.7125000025000001,1.5,0.0,1.615,0.0,0.07750861861272063,1
2012-07-05 02:30:00+00:00,0.03369585,0.09573971267712503,0.03503610243375,0.0,0.071,5.1499999975,5.15,0.7125000025000006,1.5,0.0,1.571,0.0,0.0752035443078817,1
2012-07-05 03:00:00+00:00,0.03346215,0.09547241771787501,0.03479310701625,0.0,0.406,5.8624999975000005,5.8625,0.7125000024999997,1.5,0.0,1.9060000000000001,0.0,0.0909852140851349,1
2012-07-05 03:30:00+00:00,0.03356055,0.095584962963875,0.03489542087625,0.0,0.736,6.574999997500001,6.575,0.7125000024999997,1.5,0.0,2.2359999999999998,0.0,0.10686398859361224,1
2012-07-05 04:00:00+00:00,0.033825,0.0958874283125,0.035170389375,0.0,0.671,7.287499997500001,7.2875,0.7125000024999988,1.5,0.0,2.1710000000000003,0.0,0.10408580343321876,1
2012-07-05 04:30:00+00:00,0.0338004,0.09585929200100002,0.03514481091,0.0,0.085,7.999999997500002,8.0,0.7125000024999988,1.5,0.0,1.585,0.0,0.07596848891079251,1
2012-07-05 05:00:00+00:00,0.03385575,0.325822598701875,0.03520236245624999,0.0,0.122,7.935789471184212,7.9357895,0.0642104975000013,0.0,0.122,0.0,-0.0,0.0,1
2012-07-05 05:30:00+00:00,0.0338865,0.32585776909125,0.0352343355375,0.0,0.932,7.445263155394739,7.4452632,0.490526271184212,0.0,0.932,0.0,-0.0,0.0,1
2012-07-05 06:00:00+00:00,0.03447075,0.3265260064893751,0.03584182408125,0.0,0.048,7.4199999975000015,7.42,0.025263155394738668,0.0,0.048,0.0,-0.0,0.0,1
2012-07-05 06:30:00+00:00,0.04122345,0.334249423996125,0.04286311272375,0.0,0.1,7.367368418552633,7.3673684,0.05263159750000135,0.0,0.1,0.0,-0.0,0.0,1
2012-07-05 07:00:00+00:00,0.0492,0.34337262300000004,0.051156929999999996,0.0,0.896,6.895789471184212,6.8957895,0.4715789185526331,0.0,0.896,0.0,-0.0,0.0,1
2012-07-05 07:30:00+00:00,0.04524555,0.338849710926375,0.04704519175125,0.006,0.63,6.5673684185526335,6.5673684,0.32842107118421193,0.0,0.624,0.0,-0.0,0.0,1
2012-07-05 08:00:00+00:00,0.05340045,0.348176898188625,0.05552445289874999,0.038,0.665,6.2373684185526335,6.2373684,0.3300000185526333,0.0,0.627,0.0,-0.0,0.0,1
2012-07-05 08:30:00+00:00,0.05373255,0.348556738393875,0.05586976217624999,0.15,0.602,5.999473681710528,5.9994737,0.23789471855263322,0.0,0.452,0.0,5.551115123125783e-17,-1.5506974087101108e-18,1
2012-07-05 09:00:00+00:00,0.0533574,0.34812765964350006,0.055479690585,0.175,0.076,6.046498681710528,6.0464987,0.04702501828947181,0.099,0.0,0.0,-0.0,0.0,1
2012-07-05 09:30:00+00:00,0.05337585,0.34814876187712507,0.055498874433750005,0.219,0.14,6.084023681710527,6.0840237,0.037525018289472634,0.079,0.0,2.7755575615628914e-17,0.0,4.831534642884065e-18,1
2012-07-05 10:00:00+00:00,0.05039925,0.34474426818562504,0.05240388016875,0.319,0.076,6.199448681710527,6.1994487,0.11542501828947227,0.243,0.0,0.0,-0.0,0.0,1
2012-07-05 10:30:00+00:00,0.04915695,0.34332338445487504,0.051112167686249994,0.444,0.616,6.108922365921054,6.1089224,0.09052628171052746,0.0,0.172,0.0,-0.0,0.0,1
2012-07-05 11:00:00+00:00,0.0477732,0.161340716933,0.04967337903,0.619,0.774,6.027343418552633,6.0273434,0.08157896592105374,0.0,0.155,2.7755575615628914e-17,0.0,2.239052234356831e-18,1
2012-07-05 11:30:00+00:00,0.0425211,0.15533361442774998,0.0442123767525,0.675,1.473,5.607343418552633,5.6073434,0.42000001855263225,0.0,0.798,0.0,-0.0,0.0,1
2012-07-05 12:00:00+00:00,0.04063305,0.153174152520125,0.04224922956375,0.625,1.695,5.04418552381579,5.0441855,0.5631579185526325,0.0,1.07,0.0,-0.0,0.0,1
2012-07-05 12:30:00+00:00,0.04057155,0.15310381174137502,0.042185283401249996,0.744,1.72,4.5305013132894745,4.5305013,0.5136842238157904,0.0,0.976,0.0,-0.0,0.0,1
2012-07-05 13:00:00+00:00,0.03764415,0.149755590672875,0.039141446066249995,0.644,1.944,3.846290786973685,3.8462908,0.6842105132894747,0.0,1.3,0.0,2.220446049250313e-16,-4.3455734639874505e-18,1
2012-07-05 13:30:00+00:00,0.03646335,0.148405047720875,0.03791367974624999,0.413,1.289,3.846290786973685,3.8462908,1.3026314693576069e-08,0.0,0.0,0.8759999999999999,0.0,0.06500141090174325,1
2012-07-05 14:00:00+00:00,0.0361005,0.14799003712625,0.037536397387499996,0.144,0.624,3.846290786973685,3.8462908,1.3026314693576069e-08,0.0,0.0,0.48,0.0,0.0355176089103,1
2012-07-05 14:30:00+00:00,0.03651255,0.148461320343875,0.037964836676249995,0.406,0.109,3.987365786973685,3.9873658,0.14107501302631498,0.297,0.0,0.0,5.551115123125783e-17,-1.0537358951026586e-18,1
2012-07-05 15:00:00+00:00,0.03648795,0.14843318403237502,0.03793925821124999,0.619,1.428,3.987365786973685,3.9873658,1.3026315137665279e-08,0.0,0.0,0.8089999999999999,0.0,0.06004122294109569,1
2012-07-05 15:30:00+00:00,0.03629115,0.14820809354037498,0.03773463049125,0.325,1.879,3.987365786973685,3.9873658,1.3026315137665279e-08,0.0,0.0,1.554,0.0,0.11515768868087137,1
2012-07-05 16:00:00+00:00,0.0368508,0.14884819462700002,0.03831654057,0.413,1.328,3.987365786973685,3.9873658,1.3026315137665279e-08,0.0,0.0,0.915,0.0,0.06809804904185252,1
2012-07-05 16:30:00+00:00,0.0373797,0.14945312532425,0.0388664775675,0.094,1.7,3.9705263159210533,3.9705263,0.01683948697368498,0.0,0.031994995,1.5740050049999998,0.0,0.11761998363663087,1
2012-07-05 17:00:00+00:00,0.04022715,0.152709903380375,0.04182718489125,0.044,1.222,3.350526315921053,3.3505263,0.6200000159210535,0.0,1.178,0.0,-0.0,0.0,1
2012-07-05 17:30:00+00:00,0.04754565,0.161080456051625,0.04943677822875,0.0,0.248,3.2200000001315794,3.22,0.13052631592105302,0.0,0.248,0.0,-0.0,0.0,1
2012-07-05 18:00:00+00:00,0.05485185,0.16943694056712502,0.05703358233375,0.0,0.477,2.968947368552632,2.9689474,0.2510526001315796,0.0,0.477,0.0,-0.0,0.0,1
2012-07-05 18:30:00+00:00,0.0773424,0.19516056335600002,0.08041869396000001,0.0,0.178,2.8752631580263164,2.8752632,0.09368416855263195,0.0,0.178,0.0,-0.0,0.0,1
2012-07-05 19:00:00+00:00,0.08218245,0.20069638264362502,0.08545125694875,0.0,0.237,2.750526315921053,2.7505263,0.12473685802631618,0.0,0.237,0.0,-0.0,0.0,1
2012-07-05 19:30:00+00:00,0.0534312,0.16781206857800002,0.05555642598,0.0,0.208,2.6410526317105267,2.6410526,0.10947371592105304,0.0,0.208,0.0,-0.0,0.0,1
2012-07-05 20:00:00+00:00,0.05203515,0.16621533290037502,0.05410484809125,0.0,0.24,2.5147368422368426,2.5147368,0.12631583171052663,0.0,0.24,0.0,-0.0,0.0,1
2012-07-05 20:30:00+00:00,0.054489,0.1690219299725,0.056656299975,0.0,0.506,2.2484210527631583,2.2484211,0.26631574223684273,0.0,0.506,0.0,-0.0,0.0,1
2012-07-05 21:00:00+00:00,0.05265015,0.16691874068787502,0.054744309716249995,0.0,0.237,2.123684210657895,2.1236842,0.12473685276315827,0.0,0.237,0.0,-0.0,0.0,1
2012-07-05 21:30:00+00:00,0.049077,0.16283194144250002,0.051029037675,0.0,0.257,1.988421052763158,1.9884211,0.13526311065789498,0.0,0.257,0.0,-0.0,0.0,1
2012-07-05 22:00:00+00:00,0.04015335,0.152625494445875,0.041750449496249994,0.0,0.462,1.745263158026316,1.7452632,0.24315785276315816,0.0,0.462,0.0,-0.0,0.0,1
2012-07-05 22:30:00+00:00,0.0531483,0.16748850099575,0.0552622736325,0.0,0.414,1.5273684211842107,1.5273684,0.21789475802631597,0.0,0.414,0.0,-0.0,0.0,1
2012-07-05 23:00:00+00:00,0.04363425,0.156606782523125,0.04536980229374999,0.0,0.932,1.036842105394737,1.0368421,0.4905263211842106,0.0,0.932,0.0,-0.0,0.0,1
2012-07-05 23:30:00+00:00,0.04577445,0.159054641623625,0.04759512874875,0.0,0.07,1.0000000001315792,1.0,0.03684210539473698,0.0,0.07,0.0,-0.0,0.0,1
2012-07-06 00:00:00+00:00,0.03957525,0.10246429112562502,0.04114935556875,0.0,0.094,1.0000000001315792,1.0,1.3157919198647505e-10,0.0,0.0,0.094,0.0,0.004815821682904376,1
2012-07-06 00:30:00+00:00,0.03648795,0.09893318403237499,0.03793925821124999,0.0,0.056,1.712500000131579,1.7125,0.7124999998684207,1.5,0.0,1.556,0.0,0.07697001717718774,1
2012-07-06 01:00:00+00:00,0.03683235,0.099327092393375,0.038297356721249995,0.0,0.105,2.425000000131579,2.425,0.19815659986842094,1.5,0.0,1.605,0.0,0.07970999164568345,1
2012-07-06 01:30:00+00:00,0.03705375,0.099580319196875,0.03852756290625,0.0,0.289,3.137500000131579,3.1375,0.19815659986842116,1.5,0.0,1.789,0.0,0.08907459552160468,1
2012-07-06 02:00:00+00:00,0.0355347,0.09784290196175002,0.0369480926925,0.0,0.103,3.850000000131579,3.85,0.7124999998684212,1.5,0.0,1.603,0.0,0.07842108592234265,1
2012-07-06 02:30:00+00:00,0.03434775,0.096485324931875,0.035713931756250004,0.0,0.043,4.562500000131578,4.5625,0.7124999998684212,1.5,0.0,1.543,0.0,0.07443842818494156,1
2012-07-06 03:00:00+00:00,0.0338619,0.09592963277975002,0.0352087570725,0.0,0.159,5.275000000131579,5.275,0.712499999868422,1.5,0.0,1.659,0.0,0.07957363039080263,1
2012-07-06 03:30:00+00:00,0.0338742,0.09594370093550002,0.035221546305,0.0,0.7,5.987500000131579,5.9875,0.7124999998684212,1.5,0.0,2.2,0.0,0.10553807102905002,1
2012-07-06 04:00:00+00:00,0.03386805,0.095936666857625,0.035215151688749995,0.0,0.939,6.700000000131579,6.7,0.7124999998684212,1.5,0.0,2.439,0.0,0.1169947652328737,1
2012-07-06 04:30:00+00:00,0.0336528,0.09569047413199999,0.03499134011999999,0.0,0.06,7.41250000013158,7.4125,0.7124999998684203,1.5,0.0,1.56,0.0,0.07463856982296,1
2012-07-06 05:00:00+00:00,0.03319155,0.325062918291375,0.034511743901249996,0.0,0.141,7.338289473815791,7.3382895,0.0742105001315796,0.0,0.141,0.0,-0.0,0.0,1
2012-07-06 05:30:00+00:00,0.0338619,0.32582963277975,0.0352087570725,0.0,0.669,6.986184210657896,6.9861842,0.3521052738157904,0.0,0.669,0.0,-0.0,0.0,1
2012-07-06 06:00:00+00:00,0.03432315,0.326357188620375,0.035688353291249995,0.0,0.149,6.9077631580263175,6.9077632,0.07842101065789642,0.0,0.149,0.0,-0.0,0.0,1
2012-07-06 06:30:00+00:00,0.03536865,0.327552981859125,0.03677543805375,0.0,0.25,6.776184210657896,6.7761842,0.13157895802631714,0.0,0.25,0.0,-0.0,0.0,1
2012-07-06 07:00:00+00:00,0.03814845,0.33073238505862507,0.03966580459875,0.0,0.077,6.735657894868423,6.7356579,0.04052631065789658,0.0,0.077,0.0,-0.0,0.0,1
2012-07-06 07:30:00+00:00,0.04169085,0.33478401391462503,0.04334910355875,0.0,0.181,6.640394736973686,6.6403947,0.09526319486842283,0.0,0.181,0.0,-0.0,0.0,1
2012-07-06 08:00:00+00:00,0.04980885,0.34406899670962504,0.05178999700874999,0.038,0.302,6.5014473685526335,6.5014474,0.13894733697368622,0.0,0.264,0.0,-0.0,0.0,1
2012-07-06 08:30:00+00:00,0.0541692,0.34905615792300004,0.05632377993,0.119,0.501,6.300394736973686,6.3003947,0.20105266855263348,0.0,0.382,0.0,-0.0,0.0,1
2012-07-06 09:00:00+00:00,0.0558789,0.35101163157225,0.058101483247499995,0.2,0.06,6.366894736973686,6.3668947,0.06649996302631322,0.14,0.0,0.0,-0.0,0.0,1
2012-07-06 09:30:00+00:00,0.0567153,0.35196826616325005,0.0589711510575,0.331,0.131,6.461894736973686,6.4618947,0.0949999630263143,0.2,0.0,0.0,-0.0,0.0,1
2012-07-06 10:00:00+00:00,0.05379405,0.34862707917262503,0.05593370833875,0.406,0.088,6.612944736973685,6.6129447,0.15104996302631424,0.318,0.0,0.0,-0.0,0.0,1
2012-07-06 10:30:00+00:00,0.0507744,0.34517334693600005,0.05279395175999999,0.631,0.196,6.819569736973685,6.8195697,0.2066249630263144,0.435,0.0,0.0,-0.0,0.0,1
2012-07-06 11:00:00+00:00,0.0436035,0.15657161213375,0.0453378292125,0.813,1.555,6.429043421184211,6.4290434,0.3905263369736849,0.0,0.742,0.0,-0.0,0.0,1
2012-07-06 11:30:00+00:00,0.04346205,0.156409828342625,0.04519075303875,0.725,1.526,6.00746447381579,6.0074645,0.4215789211842109,0.0,0.801,0.0,-0.0,0.0,1
2012-07-06 12:00:00+00:00,0.0408483,0.15342034524575,0.04247304113249999,0.338,0.564,5.888517105394738,5.8885171,0.11894737381579024,0.0,0.226,0.0,8.326672684688674e-17,-1.768295557168231e-18,1
2012-07-06 12:30:00+00:00,0.0403071,0.15280134639275,0.041910314902499995,0.463,0.085,6.0680671053947375,6.0680671,0.17954999460526277,0.378,0.0,0.0,-0.0,0.0,1
2012-07-06 13:00:00+00:00,0.0380931,0.15026907835775,0.03960825305249999,0.344,0.087,6.190142105394737,6.1901421,0.12207499460526261,0.257,0.0,0.0,-0.0,0.0,1
2012-07-06 13:30:00+00:00,0.044526,0.157626723815,0.04629702165,0.531,0.31,6.295117105394737,6.2951171,0.1049749946052625,0.221,0.0,0.0,-0.0,0.0,1
2012-07-06 14:00:00+00:00,0.04315455,0.15605812444887499,0.044871022226249994,0.756,0.1,6.606717105394737,6.6067171,0.3115999946052632,0.656,0.0,0.0,-0.0,0.0,1
2012-07-06 14:30:00+00:00,0.0376257,0.14973448843925,0.039122262217499995,1.013,0.049,7.064617105394737,7.0646171,0.4578999946052633,0.964,0.0,0.0,-0.0,0.0,1
2012-07-06 15:00:00+00:00,0.0387327,0.15100062245674997,0.04027329314249999,0.844,0.104,7.416117105394736,7.4161171,0.3514999946052635,0.74,0.0,0.0,-0.0,0.0,1
2012-07-06 15:30:00+00:00,0.03865275,0.15090917944437499,0.04019016313125,0.675,0.043,7.716317105394737,7.7163171,0.30019999460526403,0.632,0.0,0.0,-0.0,0.0,1
2012-07-06 16:00:00+00:00,0.0404793,0.15299830057324998,0.042089364157499996,0.313,0.34,7.702106579078947,7.7021066,0.014210505394737005,0.0,0.027,2.42861286636753e-17,0.0,1.8578682065228076e-18,1
2012-07-06 16:30:00+00:00,0.0404055,0.15291389163875,0.0420126287625,0.044,0.805,7.301580263289473,7.3015803,0.4005262790789468,0.0,0.761,0.0,-0.0,0.0,1
2012-07-06 17:00:00+00:00,0.0414018,0.1540534122545,0.043048556594999995,0.0,1.913,6.512106579078947,6.5121066,0.7894736632894732,0.0,1.5,0.41300000000000003,0.0,0.03181202963055425,1
2012-07-06 17:30:00+00:00,0.0453624,0.15858335840600002,0.047166689459999994,0.0,1.931,5.72263289486842,5.7226329,0.7894736790789469,0.0,1.5,0.43100000000000005,0.0,0.03417471373649301,1
2012-07-06 18:00:00+00:00,0.05326515,0.16762214847537502,0.05538377134125,0.0,1.85,4.933159210657894,4.9331592,0.7894736948684198,0.0,1.5,0.3500000000000001,0.0,0.029333875983190635,1
2012-07-06 18:30:00+00:00,0.04825905,0.161896409085125,0.05017855371374999,0.0,1.17,4.317369736973683,4.3173697,0.6157895106578932,0.0,1.17,0.0,-0.0,0.0,1
2012-07-06 19:00:00+00:00,0.0486096,0.16229735152400002,0.050543046839999994,0.0,0.213,4.205264473815788,4.2052645,0.11210523697368302,0.0,0.213,0.0,-0.0,0.0,1
2012-07-06 19:30:00+00:00,0.04193685,0.154665377029625,0.04360488820874999,0.0,0.281,4.0573697369736825,4.0573697,0.1478947738157883,0.0,0.281,0.0,-0.0,0.0,1
2012-07-06 20:00:00+00:00,0.0382161,0.15040975991525,0.0397361453775,0.0,0.455,3.8178960527631562,3.8178961,0.2394736369736825,0.0,0.455,0.0,-0.0,0.0,1
2012-07-06 20:30:00+00:00,0.0453747,0.15859742656175,0.04717947869249999,0.0,0.24,3.691580263289472,3.6915803,0.1263157527631562,0.0,0.24,0.0,-0.0,0.0,1
2012-07-06 21:00:00+00:00,0.0452394,0.1584426768485,0.047038797135,0.0,0.221,3.5752644738157877,3.5752645,0.11631576328947224,0.0,0.221,0.0,-0.0,0.0,1
2012-07-06 21:30:00+00:00,0.03977205,0.152189381617625,0.04135398328875,0.0,0.266,3.4352644738157876,3.4352645,0.13999997381578755,0.0,0.266,0.0,-0.0,0.0,1
2012-07-06 22:00:00+00:00,0.0400365,0.15249184696624998,0.0416289517875,0.0,0.447,3.2000013159210505,3.2000013,0.23526317381578776,0.0,0.447,0.0,-0.0,0.0,1
2012-07-06 22:30:00+00:00,0.04797,0.16156580742499999,0.049878006749999995,0.0,0.811,2.7731592106578926,2.7731592,0.4268421159210507,0.0,0.811,0.0,-0.0,0.0,1
2012-07-06 23:00:00+00:00,0.0398028,0.152224552007,0.04138595637,0.0,0.782,2.3615802632894716,2.3615803,0.41157891065789265,0.0,0.782,0.0,-0.0,0.0,1
2012-07-06 23:30:00+00:00,0.0452886,0.1584989494715,0.047089954064999995,0.0,0.256,2.2268434211842085,2.2268434,0.13473686328947165,0.0,0.256,0.0,-0.0,0.0,1
2012-07-07 00:00:00+00:00,0.0423366,0.10562259209150002,0.044020538265,0.0,0.187,2.2268434211842085,2.2268434,2.1184208609525967e-08,0.0,0.0,0.187,0.0,0.009875712360555252,1
2012-07-07 00:30:00+00:00,0.03867735,0.10143731575587499,0.04021574159624999,0.0,0.497,2.2268434211842085,2.2268434,2.1184208609525967e-08,0.0,0.0,0.497,0.0,0.025207172965334933,1
2012-07-07 01:00:00+00:00,0.0371091,0.09964362589775001,0.03858511445249999,0.0,0.203,2.2268434211842085,2.2268434,2.1184208609525967e-08,0.0,0.0,0.203,0.0,0.010113828028621628,1
2012-07-07 01:30:00+00:00,0.0364572,0.09889801364300002,0.03790728513,0.0,0.107,2.2268434211842085,2.2268434,2.1184208609525967e-08,0.0,0.0,0.107,0.0,0.005291043729900501,1
2012-07-07 02:00:00+00:00,0.03541785,0.09770925448212502,0.03682659498375,0.0,0.058,2.2268434211842085,2.2268434,2.1184208609525967e-08,0.0,0.0,0.058,0.0,0.0028335683799816254,1
2012-07-07 02:30:00+00:00,0.03379425,0.095852257923125,0.03513841629375,0.0,0.09,2.7292052736842085,2.7292053,0.5023618788157913,1.0576039,0.0,1.1476039,0.0,0.05500021250819208,1
2012-07-07 03:00:00+00:00,0.03386805,0.095936666857625,0.035215151688749995,0.0,0.372,2.7292052736842085,2.7292053,2.6315791323838766e-08,0.0,0.0,0.372,0.0,0.01784422003551825,1
2012-07-07 03:30:00+00:00,0.03383115,0.09589446239037501,0.035176783991249995,0.0,0.728,2.7292052736842085,2.7292053,2.6315791323838766e-08,0.0,0.0,0.728,0.0,0.0349055843100965,1
2012-07-07 04:00:00+00:00,0.03384345,0.09590853054612498,0.03518957322374999,0.0,0.679,2.7292052736842085,2.7292053,2.6315791323838766e-08,0.0,0.0,0.679,0.0,0.03256094612040943,1
2012-07-07 04:30:00+00:00,0.0331116,0.09507147527900002,0.034428613889999994,0.0,0.057,2.9273618406842083,2.9273618,0.5023618263157914,0.41717172,0.0,0.47417172,0.0,0.02254010247799046,1
2012-07-07 05:00:00+00:00,0.0331608,0.325027747902,0.03447977082,0.0,0.157,2.84473026173684,2.8447303,0.0826315406842082,0.0,0.157,0.0,-0.0,0.0,1
2012-07-07 05:30:00+00:00,0.03328995,0.32517546353737503,0.03461405776125,0.0,0.88,2.3815723669999977,2.3815724,0.4631578617368399,0.0,0.88,0.0,-0.0,0.0,1
2012-07-07 06:00:00+00:00,0.03182625,0.323501353003125,0.03309213909375,0.0,0.098,2.3299934196315766,2.3299934,0.05157896699999753,0.0,0.098,0.0,-0.0,0.0,1
2012-07-07 06:30:00+00:00,0.03295785,0.324795623332125,0.03426874848374999,0.0,0.043,2.3073618406842082,2.3073618,0.022631619631576783,0.0,0.043,0.0,-0.0,0.0,1
2012-07-07 07:00:00+00:00,0.0326688,0.32446502167200003,0.03396820151999999,0.0,0.129,2.239467103842103,2.2394671,0.06789474068420809,0.0,0.129,0.0,-0.0,0.0,1
2012-07-07 07:30:00+00:00,0.0339603,0.32594217802575004,0.0353110709325,0.013,0.047,2.2215723669999976,2.2215724,0.0178947038421029,0.0,0.034,0.0,-0.0,0.0,1
2012-07-07 08:00:00+00:00,0.0345507,0.32661744950175003,0.035924954092499996,0.075,0.479,2.0089407880526293,2.0089408,0.21263156699999763,0.0,0.404,0.0,5.551115123125783e-17,-9.97117779802381e-19,1
2012-07-07 08:30:00+00:00,0.038499,0.3311333274975,0.040030297725,0.1,0.424,1.8384144722631557,1.8384145,0.17052628805262926,0.0,0.324,0.0,5.551115123125783e-17,-1.1110639554223755e-18,1
2012-07-07 09:00:00+00:00,0.04545465,0.33908886957412504,0.04726260870374999,0.206,0.108,1.8849644722631558,1.8849645,0.046550027736844246,0.098,0.0,2.7755575615628914e-17,0.0,4.705803379941379e-18,1
2012-07-07 09:30:00+00:00,0.04822215,0.34225420461787504,0.05014018601624999,0.263,0.09,1.9671394722631557,1.9671395,0.08217502773684426,0.173,0.0,0.0,-0.0,0.0,1
2012-07-07 10:00:00+00:00,0.04519635,0.338793438303375,0.04699403482125,0.338,0.292,1.9889894722631556,1.9889895,0.021850027736844302,0.046,0.0,0.0,5.551115123125783e-17,-1.3043464869647026e-18,1
2012-07-07 10:30:00+00:00,0.0423612,0.335550728403,0.044046116729999994,0.544,0.159,2.1718644722631555,2.1718645,0.18287502773684428,0.385,0.0,0.0,-0.0,0.0,1
2012-07-07 11:00:00+00:00,0.03755805,0.149657113582625,0.03905192143875,0.738,0.078,2.4853644722631554,2.4853645,0.3135000277368447,0.66,0.0,0.0,-0.0,0.0,1
2012-07-07 11:30:00+00:00,0.0361497,0.14804630974925,0.037587554317499994,0.794,0.101,2.814539472263155,2.8145395,0.3291750277368446,0.693,0.0,0.0,1.1102230246251565e-16,-2.0865284121318602e-18,1
2012-07-07 12:00:00+00:00,0.03559005,0.147406208662625,0.03700564423874999,0.944,0.047,3.240614472263155,3.2406145,0.4260750277368448,0.897,0.0,1.1102230246251565e-16,0.0,8.182688341497324e-18,1
2012-07-07 12:30:00+00:00,0.0348336,0.146541017084,0.036219106439999996,0.906,0.347,3.506139472263155,3.5061395,0.26552502773684505,0.559,0.0,0.0,-0.0,0.0,1
2012-07-07 13:00:00+00:00,0.0351165,0.14686458466625002,0.0365132587875,0.888,0.057,3.9008644722631547,3.9008645,0.39472502773684504,0.831,0.0,0.0,-0.0,0.0,1
2012-07-07 13:30:00+00:00,0.0346491,0.14632999474775002,0.0360272679525,0.538,0.35,3.990164472263155,3.9901645,0.08930002773684542,0.188,0.0,0.0,-0.0,0.0,1
2012-07-07 14:00:00+00:00,0.03389265,0.145464803169125,0.03524073015375,0.444,0.362,4.029114472263155,4.0291145,0.03895002773684553,0.082,0.0,0.0,-0.0,0.0,1
2012-07-07 14:30:00+00:00,0.0339726,0.1455562461815,0.035323860165,0.3,0.137,4.1065394722631545,4.1065395,0.07742502773684556,0.163,0.0,5.551115123125783e-17,0.0,4.039997397217721e-18,1
2012-07-07 15:00:00+00:00,0.03395415,0.14553514394787498,0.03530467631625,0.3,0.154,4.1758894722631545,4.1758895,0.06935002773684573,0.146,0.0,0.0,-0.0,0.0,1
2012-07-07 15:30:00+00:00,0.0353625,0.14714594778125,0.036769043437499996,0.288,0.204,4.215789472263155,4.2157895,0.03990002773684509,0.084,0.0,0.0,-0.0,0.0,1
2012-07-07 16:00:00+00:00,0.0366294,0.14859496782349998,0.038086334385,0.1,0.368,4.074736840684207,4.0747368,0.14105267226315465,0.0,0.268,0.0,-0.0,0.0,1
2012-07-07 16:30:00+00:00,0.03818535,0.15037458952587499,0.03970417229625,0.031,0.184,3.9942105248947337,3.9942105,0.08052634068420739,0.0,0.153,0.0,-0.0,0.0,1
2012-07-07 17:00:00+00:00,0.04407705,0.15711323613012498,0.045830214663749994,0.006,0.191,3.896842103842102,3.8968421,0.09736842489473352,0.0,0.185,0.0,-0.0,0.0,1
2012-07-07 17:30:00+00:00,0.05060835,0.164583426833375,0.05262129712125,0.0,0.228,3.776842103842102,3.7768421,0.12000000384210185,0.0,0.228,0.0,-0.0,0.0,1
2012-07-07 18:00:00+00:00,0.0596181,0.17488835092025,0.061989409927499996,0.0,0.242,3.6494736827894703,3.6494737,0.12736840384210169,0.0,0.242,0.0,-0.0,0.0,1
2012-07-07 18:30:00+00:00,0.06343725,0.179256513280625,0.06596046661874999,0.0,0.607,3.329999998578944,3.33,0.3194736827894702,0.0,0.607,0.0,-0.0,0.0,1
2012-07-07 19:00:00+00:00,0.0563463,0.17114622149074998,0.0585874740825,0.0,0.56,3.0352631564736807,3.0352632,0.29473679857894375,0.0,0.56,0.0,-0.0,0.0,1
2012-07-07 19:30:00+00:00,0.0528039,0.16709459263475,0.0549041751225,0.0,0.398,2.8257894722631542,2.8257895,0.20947365647368077,0.0,0.398,0.0,-0.0,0.0,1
2012-07-07 20:00:00+00:00,0.0481914,0.1618190342285,0.050108212935,0.0,0.292,2.6721052617368386,2.6721053,0.15368417226315412,0.0,0.292,0.0,-0.0,0.0,1
2012-07-07 20:30:00+00:00,0.04465515,0.15777443945037498,0.04643130859124999,0.0,0.305,2.511578945947365,2.5115789,0.16052636173683865,0.0,0.305,0.0,-0.0,0.0,1
2012-07-07 21:00:00+00:00,0.0430377,0.15592447696925002,0.0447495245175,0.0,0.514,2.241052630157891,2.2410526,0.2705263459473648,0.0,0.514,0.0,-0.0,0.0,1
2012-07-07 21:30:00+00:00,0.0379209,0.15007212417725,0.03942920379749999,0.0,0.211,2.1299999985789437,2.13,0.11105263015789113,0.0,0.211,0.0,-0.0,0.0,1
2012-07-07 22:00:00+00:00,0.03721365,0.149263205221625,0.03869382292875,0.0,0.31,1.9668421038421016,1.9668421,0.1631578985789437,0.0,0.31,0.0,-0.0,0.0,1
2012-07-07 22:30:00+00:00,0.0395076,0.151886916269,0.04107901479,0.0,0.771,1.561052630157891,1.5610526,0.40578950384210155,0.0,0.771,0.0,-0.0,0.0,1
2012-07-07 23:00:00+00:00,0.03797625,0.150135430878125,0.03948675534375,0.0,0.647,1.2205263143684173,1.2205263,0.34052633015789113,0.0,0.647,0.0,-0.0,0.0,1
2012-07-07 23:30:00+00:00,0.0375765,0.14967821581625002,0.0390711052875,0.0,0.419,1.0,1.0,0.2205263143684173,0.0,0.419,0.0,-0.0,0.0,1
2012-07-08 00:00:00+00:00,0.0359037,0.09826494663425002,0.037331769667499994,0.0,0.196,1.0,1.0,0.0,0.0,0.0,0.196,0.0,0.009629964770156502,1
2012-07-08 00:30:00+00:00,0.03378195,0.095838189767375,0.03512562706124999,0.0,0.171,1.0,1.0,0.0,0.0,0.0,0.171,0.0,0.008194165225110564,1
2012-07-08 01:00:00+00:00,0.0338619,0.09592963277975002,0.0352087570725,0.0,0.253,1.0,1.0,0.0,0.0,0.0,0.253,0.0,0.012135098546638377,1
2012-07-08 01:30:00+00:00,0.0339972,0.09608438249300001,0.03534943863,0.0,0.148,1.0,1.0,0.0,0.0,0.0,0.148,0.0,0.007110244304482,1
2012-07-08 02:00:00+00:00,0.0341694,0.09628133667350001,0.035528487885,0.0,0.441,1.0,1.0,0.0,0.0,0.0,0.441,0.0,0.021230034736506753,1
2012-07-08 02:30:00+00:00,0.0336405,0.09567640597625002,0.034978550887499994,0.0,0.154,1.56248949,1.5624895,0.5624895000000001,1.1841884,0.0,1.3381884,0.0,0.06401652831555422,1
2012-07-08 03:00:00+00:00,0.0320415,0.09384754572875001,0.033315950662499996,0.0,0.22,2.27498949,2.2749895,0.7125000100000003,1.5,0.0,1.72,0.0,0.080708889326725,1
2012-07-08 03:30:00+00:00,0.03112515,0.09279946812537503,0.03236315284125,0.0,0.8,2.9874894899999997,2.9874895,0.7125000100000003,1.5,0.0,2.3,0.0,0.10671938834418127,1
2012-07-08 04:00:00+00:00,0.0311559,0.09283463851475002,0.0323951259225,0.0,0.635,3.6999894899999997,3.6999895,0.7125000100000003,1.5,0.0,2.135,0.0,0.09910097661449563,1
2012-07-08 04:30:00+00:00,0.03067005,0.09227894636262501,0.03188995123875,0.0,0.385,4.41248949,4.4124895,0.7125000100000007,1.5,0.0,1.885,0.0,0.08697290694677408,1
2012-07-08 05:00:00+00:00,0.03075615,0.322277423452875,0.031979475866249996,0.0,0.109,4.355121068947368,4.3551211,0.057368389999999714,0.0,0.109,0.0,-0.0,0.0,1
2012-07-08 05:30:00+00:00,0.03037485,0.321841310624625,0.031583009658749994,0.0,0.708,3.98248949,3.9824895,0.3726315689473685,0.0,0.708,0.0,-0.0,0.0,1
2012-07-08 06:00:00+00:00,0.0302211,0.32166545867775004,0.0314231442525,0.0,0.061,3.950384226842105,3.9503842,0.032105290000000064,0.0,0.061,0.0,-0.0,0.0,1
2012-07-08 06:30:00+00:00,0.0305778,0.3220734351945,0.031794031995,0.0,0.199,3.845647384736842,3.8456474,0.10473682684210539,0.0,0.199,0.0,-0.0,0.0,1
2012-07-08 07:00:00+00:00,0.03124815,0.32284014968287505,0.032491045166249996,0.0,1.084,3.275121068947368,3.2751211,0.5705262847368422,0.0,1.084,0.0,-0.0,0.0,1
2012-07-08 07:30:00+00:00,0.0334068,0.32530911101700005,0.03473555546999999,0.0,0.534,2.994068437368421,2.9940684,0.281052668947368,0.0,0.534,0.0,-0.0,0.0,1
2012-07-08 08:00:00+00:00,0.03404025,0.32603362103812505,0.035394200943749995,0.038,0.533,2.7335421215789473,2.7335421,0.2605263373684208,0.0,0.495,5.551115123125783e-17,0.0,9.049250821960982e-18,1
2012-07-08 08:30:00+00:00,0.03488895,0.32700432378487504,0.036276657986249995,0.044,0.247,2.626700016315789,2.6267,0.10684212157894724,0.0,0.203,0.0,-0.0,0.0,1
2012-07-08 09:00:00+00:00,0.03495045,0.32707466456362505,0.03634060414875,0.056,0.721,2.276700016315789,2.2767,0.35000001631578925,0.0,0.665,0.0,1.1102230246251565e-16,-2.0173087727365367e-18,1
2012-07-08 09:30:00+00:00,0.034686,0.326772199215,0.03606563565,0.2,0.071,2.3379750163157893,2.337975,0.061274983684211026,0.129,0.0,0.0,-0.0,0.0,1
2012-07-08 10:00:00+00:00,0.03563925,0.327862481285625,0.03705680116874999,0.481,0.148,2.4961500163157893,2.49615,0.1581749836842108,0.333,0.0,0.0,-0.0,0.0,1
2012-07-08 10:30:00+00:00,0.03544245,0.3276373907936251,0.03685217344875,0.656,0.074,2.7726000163157893,2.7726,0.2764499836842109,0.582,0.0,0.0,1.1102230246251565e-16,-2.0457065735141054e-18,1
2012-07-08 11:00:00+00:00,0.03433545,0.145971256776125,0.03570114252375,0.756,0.126,3.071850016315789,3.07185,0.29924998368421063,0.63,0.0,0.0,-0.0,0.0,1
2012-07-08 11:30:00+00:00,0.03444615,0.146097870177875,0.03581624561625,0.694,0.342,3.239050016315789,3.23905,0.16719998368421107,0.352,0.0,0.0,-0.0,0.0,1
2012-07-08 12:00:00+00:00,0.03442155,0.146069733866375,0.035790667151250004,0.263,0.094,3.319325016315789,3.319325,0.08027498368421115,0.169,0.0,0.0,-0.0,0.0,1
2012-07-08 12:30:00+00:00,0.03444615,0.146097870177875,0.03581624561625,0.45,0.097,3.487000016315789,3.487,0.1676749836842113,0.353,0.0,0.0,5.551115123125783e-17,-9.941005134697644e-19,1
2012-07-08 13:00:00+00:00,0.03381885,0.145380394234625,0.03516399475874999,0.775,0.103,3.8062000163157887,3.8062,0.3191999836842112,0.672,0.0,0.0,-0.0,0.0,1
2012-07-08 13:30:00+00:00,0.033825,0.1453874283125,0.035170389375,0.875,0.111,4.169100016315789,4.1691,0.3628999836842115,0.764,0.0,0.0,-0.0,0.0,1
2012-07-08 14:00:00+00:00,0.03381885,0.145380394234625,0.03516399475874999,1.338,0.389,4.619875016315789,4.619875,0.4507749836842114,0.949,0.0,0.0,-0.0,0.0,1
2012-07-08 14:30:00+00:00,0.03375735,0.145310053455875,0.03510004859625,0.381,0.128,4.740050016315789,4.74005,0.12017498368421098,0.253,0.0,0.0,-0.0,0.0,1
2012-07-08 15:00:00+00:00,0.03384345,0.14540853054612501,0.03518957322374999,0.488,0.363,4.799425016315789,4.799425,0.05937498368421146,0.125,0.0,0.0,-0.0,0.0,1
2012-07-08 15:30:00+00:00,0.03444615,0.146097870177875,0.03581624561625,0.331,0.166,4.877800016315789,4.8778,0.0783749836842107,0.165,0.0,0.0,-0.0,0.0,1
2012-07-08 16:00:00+00:00,0.0344154,0.1460626997885,0.035784272534999995,0.225,0.073,4.950000016315789,4.95,0.07219998368421088,0.152,0.0,0.0,2.7755575615628914e-17,-4.9660654109773265e-19,1
2012-07-08 16:30:00+00:00,0.0351165,0.14686458466625002,0.0365132587875,0.069,0.217,4.872105279473684,4.8721053,0.07789471631578859,0.0,0.148,0.0,-0.0,0.0,1
2012-07-08 17:00:00+00:00,0.04011645,0.152583289978625,0.041712081798749995,0.013,0.415,4.660526332105262,4.6605263,0.21157897947368376,0.0,0.402,0.0,5.551115123125783e-17,-1.157742840450504e-18,1
2012-07-08 17:30:00+00:00,0.0465309,0.15991983320225,0.0483816665475,0.0,0.256,4.525789489999999,4.5257895,0.13473683210526222,0.0,0.256,0.0,-0.0,0.0,1
2012-07-08 18:00:00+00:00,0.05857875,0.173699591759375,0.060908719781249995,0.0,0.216,4.412105279473684,4.4121053,0.11368418999999896,0.0,0.216,0.0,-0.0,0.0,1
2012-07-08 18:30:00+00:00,0.0590646,0.1742552839115,0.061413894465,0.0,0.831,3.974736858421052,3.9747369,0.4373683794736838,0.0,0.831,0.0,-0.0,0.0,1
2012-07-08 19:00:00+00:00,0.05600805,0.170759347207625,0.05823577018874999,0.0,0.751,3.5794737005263153,3.5794737,0.3952631584210522,0.0,0.751,0.0,-0.0,0.0,1
2012-07-08 19:30:00+00:00,0.051168,0.16522352792,0.05320320719999999,0.0,1.376,2.855263174210526,2.8552632,0.7242105005263153,0.0,1.376,0.0,-0.0,0.0,1
2012-07-08 20:00:00+00:00,0.04977195,0.163626792242375,0.05175162931125,0.0,0.319,2.687368437368421,2.6873684,0.1678947742105259,0.0,0.319,0.0,-0.0,0.0,1
2012-07-08 20:30:00+00:00,0.0468753,0.16031374156325,0.048739765057499995,0.0,0.295,2.532105279473684,2.5321053,0.1552631373684208,0.0,0.295,0.0,-0.0,0.0,1
2012-07-08 21:00:00+00:00,0.04126035,0.153891628463375,0.04290148042125,0.0,0.311,2.368421068947368,2.3684211,0.16368417947368386,0.0,0.311,0.0,-0.0,0.0,1
2012-07-08 21:30:00+00:00,0.0430254,0.15591040881350002,0.044736735284999996,0.0,0.231,2.246842121578947,2.2468421,0.12157896894736808,0.0,0.231,0.0,-0.0,0.0,1
2012-07-08 22:00:00+00:00,0.0392493,0.15159148499825,0.0408104409075,0.0,0.516,1.9752631742105258,1.9752632,0.2715789215789468,0.0,0.516,0.0,-0.0,0.0,1
2012-07-08 22:30:00+00:00,0.0363711,0.14829953655275,0.0378177605025,0.0,0.313,1.8105263321052627,1.8105263,0.16473687421052574,0.0,0.313,0.0,-0.0,0.0,1
2012-07-08 23:00:00+00:00,0.03563925,0.147462481285625,0.03705680116874999,0.0,1.286,1.1336842268421048,1.1336842,0.6768421321052627,0.0,1.286,0.0,-0.0,0.0,1
2012-07-08 23:30:00+00:00,0.0360759,0.14796190081475,0.037510818922499994,0.0,0.254,1.000000016315789,1.0,0.1336842268421048,0.0,0.254,0.0,-0.0,0.0,1
2012-07-09 00:00:00+00:00,0.03561465,0.09793434497412501,0.03703122270374999,0.0,0.2,1.000000016315789,1.0,1.6315788942122822e-08,0.0,0.0,0.2,0.0,0.009793434497412502,1
2012-07-09 00:30:00+00:00,0.03374505,0.09579598530012501,0.03508725936375,0.0,0.517,1.7125000163157889,1.7125,0.712499983684211,1.5,0.0,2.017,0.0,0.09661025117517606,1
2012-07-09 01:00:00+00:00,0.03391725,0.09599293948062503,0.03526630861875,0.0,0.19,2.4250000163157885,2.425,0.21936448368421124,1.5,0.0,1.69,0.0,0.08111403386112814,1
2012-07-09 01:30:00+00:00,0.0341202,0.09622506405050002,0.035477330955000004,0.0,0.285,2.8044960508157883,2.8044961,0.21936448368421146,0.79893902,0.0,1.08393902,0.0,0.052151050813168114,1
2012-07-09 02:00:00+00:00,0.0338496,0.09591556462400001,0.03519596784,0.0,0.19,3.5169960508157883,3.5169961,0.7125000491842117,1.5,0.0,1.69,0.0,0.08104865210728,1
2012-07-09 02:30:00+00:00,0.03370815,0.095753780832875,0.03504889166625,0.0,0.268,4.229496050815788,4.2294961,0.7125000491842122,1.5,0.0,1.768,0.0,0.0846463422562615,1
2012-07-09 03:00:00+00:00,0.0326688,0.09456502167199998,0.03396820151999999,0.0,0.51,4.9419960508157885,4.9419961,0.7125000491842117,1.5,0.0,2.01,0.0,0.09503784678035997,1
2012-07-09 03:30:00+00:00,0.03153105,0.093263717265125,0.032785197513749996,0.0,1.122,5.654496050815789,5.6544961,0.7125000491842117,1.5,0.0,2.622,0.0,0.12226873333457887,1
2012-07-09 04:00:00+00:00,0.0311928,0.092876842982,0.032433493619999997,0.0,0.698,6.366996050815789,6.3669961,0.7125000491842108,1.5,0.0,2.198,0.0,0.102071650437218,1
2012-07-09 04:30:00+00:00,0.03178935,0.09355914853587502,0.03305377139625,0.0,0.099,7.07949605081579,7.0794961,0.7125000491842108,1.5,0.0,1.599,0.0,0.07480053925443207,1
2012-07-09 05:00:00+00:00,0.03415095,0.326160234439875,0.035509304036249995,0.0,0.137,7.0073907876578945,7.0073908,0.07210525081579,0.0,0.137,0.0,-0.0,0.0,1
2012-07-09 05:30:00+00:00,0.0344892,0.3265471087230001,0.035861007929999994,0.0,0.912,6.527390787657894,6.5273908,0.4799999876578944,0.0,0.912,0.0,-0.0,0.0,1
2012-07-09 06:00:00+00:00,0.03604515,0.328326730425375,0.03747884584125,0.0,0.849,6.080548682394737,6.0805487,0.44684208765789446,0.0,0.849,0.0,-0.0,0.0,1
2012-07-09 06:30:00+00:00,0.04057155,0.33350381174137506,0.042185283401249996,0.0,0.658,5.734232892921052,5.7342329,0.34631578239473626,0.0,0.658,0.0,-0.0,0.0,1
2012-07-09 07:00:00+00:00,0.0448581,0.33840656402025,0.046642330927499996,0.0,0.255,5.600022366605263,5.6000224,0.13421049292105192,0.0,0.255,0.0,-0.0,0.0,1
2012-07-09 07:30:00+00:00,0.04326525,0.33658473785062504,0.044986125318749993,0.0,0.326,5.428443419236841,5.4284434,0.17157896660526273,0.0,0.326,0.0,-0.0,0.0,1
2012-07-09 08:00:00+00:00,0.0521028,0.34669270775700006,0.05417518886999999,0.025,0.07,5.404759208710526,5.4047592,0.023684219236841386,0.0,0.045,6.938893903907228e-18,0.0,1.202831958192069e-18,1
2012-07-09 08:30:00+00:00,0.0554484,0.35051924612100005,0.05765386011,0.038,0.086,5.3794960508157885,5.3794961,0.025263108710525728,0.0,0.048,0.0,6.938893903907228e-18,-2.0002700922699958e-19,1
2012-07-09 09:00:00+00:00,0.0549933,0.34999872435825,0.057180658507499996,0.088,0.078,5.384246052715788,5.3842461,0.004750049184211846,0.010000004,0.0,3.999999997894577e-09,0.0,6.999974483480523e-10,1
2012-07-09 09:30:00+00:00,0.0552762,0.3503222919405,0.057474810854999996,0.194,0.243,5.358456579031578,5.3584566,0.02578945271578803,0.0,0.049,0.0,1.3877787807814457e-17,-3.9881161466998047e-19,1
2012-07-09 10:00:00+00:00,0.0532221,0.34797290993025004,0.0553390090275,0.419,0.899,5.105825000084209,5.105825,0.2526315790315774,0.0,0.48,5.551115123125783e-17,0.0,9.658188413759484e-18,1
2012-07-09 10:30:00+00:00,0.04862805,0.342718453757625,0.050562230688749994,0.663,0.097,5.374675000084209,5.374675,0.2688499999157905,0.566,0.0,0.0,1.1102230246251565e-16,-2.8067676343529465e-18,1
2012-07-09 11:00:00+00:00,0.04844355,0.162107431421375,0.050370392201249996,0.75,0.256,5.609325000084209,5.609325,0.23464999991579116,0.494,0.0,0.0,-0.0,0.0,1
2012-07-09 11:30:00+00:00,0.0465924,0.159990173981,0.048445612709999995,0.838,0.174,5.9247250000842095,5.924725,0.3153999999157904,0.664,0.0,1.1102230246251565e-16,0.0,8.881238743374541e-18,1
2012-07-09 12:00:00+00:00,0.04737345,0.160883501871125,0.04925772897374999,0.863,0.225,6.227775000084209,6.227775,0.30304999991579074,0.638,0.0,0.0,-0.0,0.0,1
2012-07-09 12:30:00+00:00,0.0466908,0.160102719227,0.04854792656999999,1.044,0.431,6.518950000084209,6.51895,0.2911749999157909,0.613,0.0,0.0,-0.0,0.0,1
2012-07-09 13:00:00+00:00,0.0467646,0.1601871281615,0.048624661964999996,1.075,0.357,6.860000000084209,6.86,0.341049999915791,0.718,0.0,0.0,-0.0,0.0,1
2012-07-09 13:30:00+00:00,0.04620495,0.159547027074875,0.04804275188625,1.025,0.137,7.28180000008421,7.2818,0.4217999999157902,0.888,0.0,0.0,-0.0,0.0,1
2012-07-09 14:00:00+00:00,0.0457437,0.15901947123425,0.047563155667499996,0.963,0.271,7.610500000084209,7.6105,0.32869999991579046,0.692,0.0,0.0,-0.0,0.0,1
2012-07-09 14:30:00+00:00,0.0430992,0.155994817748,0.044813470679999995,0.975,0.393,7.886950000084209,7.88695,0.27644999991579056,0.582,0.0,0.0,-0.0,0.0,1
2012-07-09 15:00:00+00:00,0.0410943,0.15370170836075,0.0427288257825,0.863,0.625,8.0,8.0,0.11304999991579123,0.238,0.0,0.0,-0.0,0.0,1
2012-07-09 15:30:00+00:00,0.0409344,0.15351882233599998,0.04256256576,0.688,1.293,7.681578947368421,7.6815789,0.3184211000000001,0.0,0.605,0.0,-0.0,0.0,1
2012-07-09 16:00:00+00:00,0.04148175,0.15414485526687502,0.04313168660625,0.325,0.907,7.375263157894737,7.3752632,0.30631574736842104,0.0,0.582,1.1102230246251565e-16,0.0,8.556758372239849e-18,1
2012-07-09 16:30:00+00:00,0.0406515,0.15319525475375,0.0422684134125,0.044,0.732,7.0131578947368425,7.0131579,0.36210525789473635,0.0,0.688,0.0,-0.0,0.0,1
2012-07-09 17:00:00+00:00,0.04199835,0.154735717808375,0.04366883437124999,0.006,1.192,6.388947368421053,6.3889474,0.6242104947368423,0.0,1.186,0.0,-0.0,0.0,1
2012-07-09 17:30:00+00:00,0.0454608,0.158695903652,0.04726900332,0.0,0.258,6.253157894736842,6.2531579,0.135789468421053,0.0,0.258,0.0,-0.0,0.0,1
2012-07-09 18:00:00+00:00,0.08497455,0.203889853998875,0.08835441272624998,0.0,0.605,5.934736842105263,5.9347368,0.3184210947368422,0.0,0.605,0.0,-0.0,0.0,1
2012-07-09 18:30:00+00:00,0.14653605,0.27430097352762495,0.15236452138874998,0.0,0.996,5.145263157894736,5.1452632,0.7894736421052633,0.0,1.5,0.0,0.504,-0.038395859389964995,1
2012-07-09 19:00:00+00:00,0.0823731,0.20091443905775003,0.0856494900525,0.0,0.166,5.057894736842105,5.0578947,0.08736845789473602,0.0,0.166,0.0,-0.0,0.0,1
2012-07-09 19:30:00+00:00,0.05312985,0.167467398762125,0.05524308978375,0.0,0.322,4.888421052631578,4.8884211,0.16947363684210437,0.0,0.322,0.0,-0.0,0.0,1
2012-07-09 20:00:00+00:00,0.0465924,0.159990173981,0.048445612709999995,0.0,0.204,4.781052631578946,4.7810526,0.10736845263157857,0.0,0.204,0.0,-0.0,0.0,1
2012-07-09 20:30:00+00:00,0.0482775,0.16191751131874998,0.0501977375625,0.0,0.529,4.502631578947367,4.5026316,0.2784210315789464,0.0,0.529,0.0,-0.0,0.0,1
2012-07-09 21:00:00+00:00,0.0465924,0.159990173981,0.048445612709999995,0.0,0.346,4.320526315789473,4.3205263,0.1821052789473674,0.0,0.346,0.0,-0.0,0.0,1
2012-07-09 21:30:00+00:00,0.04085445,0.153427379323625,0.04247943574875,0.0,0.589,4.010526315789473,4.0105263,0.31000001578947245,0.0,0.589,0.0,-0.0,0.0,1
2012-07-09 22:00:00+00:00,0.0380685,0.15024094204625,0.03958267458749999,0.0,0.087,3.9647368421052627,3.9647368,0.045789515789473434,0.0,0.087,0.0,-0.0,0.0,1
2012-07-09 22:30:00+00:00,0.05354805,0.16794571605762498,0.05567792368874999,0.0,0.229,3.844210526315789,3.8442105,0.1205263421052627,0.0,0.229,0.0,-0.0,0.0,1
2012-07-09 23:00:00+00:00,0.0442431,0.15730315623274999,0.04600286930249999,0.0,1.598,3.054736842105263,3.0547368,0.7894737263157889,0.0,1.5,0.09800000000000009,0.0,0.007707854655404756,1
2012-07-09 23:30:00+00:00,0.04609425,0.159420413673125,0.04792764879375,0.0,1.255,2.3942105263157893,2.3942105,0.6605263421052632,0.0,1.255,0.0,-0.0,0.0,1
2012-07-10 00:00:00+00:00,0.0440955,0.10763433836375,0.04584939851249999,0.0,0.991,2.3942105263157893,2.3942105,2.6315789547481927e-08,0.0,0.0,0.991,0.0,0.05333281465923812,1
2012-07-10 00:30:00+00:00,0.04249035,0.105798444038375,0.04418040367125,0.0,0.994,3.012499976315789,3.0125,0.6182894736842108,1.301662,0.0,2.295662,0.0,0.12143873381901202,1
2012-07-10 01:00:00+00:00,0.04246575,0.105770307726875,0.04415482520625,0.0,0.738,3.724999976315789,3.725,0.712500023684211,1.5,0.0,2.238,0.0,0.11835697434637313,1
2012-07-10 01:30:00+00:00,0.04379415,0.10728966854787501,0.045536062316249994,0.0,0.616,3.724999976315789,3.725,2.3684211036822944e-08,0.0,0.0,0.616,0.0,0.033045217912745506,1
2012-07-10 02:00:00+00:00,0.04001805,0.10297074473262502,0.04160976793874999,0.0,0.857,4.261625003815789,4.261625,0.712500023684211,1.1297369,0.0,1.9867369,0.0,0.10228788909039338,1
2012-07-10 02:30:00+00:00,0.03590985,0.098271980712125,0.037338164283749996,0.0,0.615,4.974125003815789,4.974125,0.7124999961842109,1.5,0.0,2.115,0.0,0.10392261960307221,1
2012-07-10 03:00:00+00:00,0.0353748,0.09766001593700001,0.03678183266999999,0.0,0.677,5.68662500381579,5.686625,0.7124999961842109,1.5,0.0,2.177,0.0,0.10630292734742451,1
2012-07-10 03:30:00+00:00,0.0349443,0.09716763048574999,0.036334209532499995,0.0,1.275,6.39912500381579,6.399125,0.71249999618421,1.5,0.0,2.775,0.0,0.1348200872989781,1
2012-07-10 04:00:00+00:00,0.03388035,0.095950735013375,0.03522794092124999,0.0,1.332,7.11162500381579,7.111625,0.71249999618421,1.5,0.0,2.832,0.0,0.135866240778939,1
2012-07-10 04:30:00+00:00,0.03444615,0.09659787017787502,0.03581624561625,0.0,0.198,7.824125003815791,7.824125,0.71249999618421,1.5,0.0,1.698,0.0,0.08201159178101589,1
2012-07-10 05:00:00+00:00,0.03495045,0.32707466456362505,0.03634060414875,0.0,0.128,7.756756582763159,7.7567566,0.06736840381579068,0.0,0.128,0.0,-0.0,0.0,1
2012-07-10 05:30:00+00:00,0.03749655,0.329986772803875,0.03898797527624999,0.0,0.659,7.409914477500001,7.4099145,0.34684208276315864,0.0,0.659,0.0,-0.0,0.0,1
2012-07-10 06:00:00+00:00,0.0397044,0.332512006761,0.041283642509999996,0.0,0.851,6.962019740657896,6.9620197,0.44789477750000106,0.0,0.851,0.0,-0.0,0.0,1
2012-07-10 06:30:00+00:00,0.0424473,0.33564920549325,0.0441356413575,0.0,1.003,6.43412500381579,6.434125,0.5278947406578958,0.0,1.003,0.0,-0.0,0.0,1
2012-07-10 07:00:00+00:00,0.0454977,0.33913810811925005,0.0473073710175,0.0,0.142,6.359388161710527,6.3593882,0.07473680381579051,0.0,0.142,0.0,-0.0,0.0,1
2012-07-10 07:30:00+00:00,0.0415125,0.33458002565625006,0.043163659687499994,0.019,0.097,6.31833553013158,6.3183355,0.041052661710526905,0.0,0.078,0.0,-0.0,0.0,1
2012-07-10 08:00:00+00:00,0.04995645,0.344237814578625,0.05194346779875,0.094,0.195,6.265177635394737,6.2651776,0.053157930131579434,0.0,0.101,0.0,-0.0,0.0,1
2012-07-10 08:30:00+00:00,0.05535615,0.35041373495287503,0.05755794086625,0.163,0.325,6.179914477500001,6.1799145,0.08526313539473751,0.0,0.162,0.0,-0.0,0.0,1
2012-07-10 09:00:00+00:00,0.05650005,0.351722073437625,0.05874733948875,0.244,0.498,6.0462302669736845,6.0462303,0.13368417750000017,0.0,0.254,0.0,-0.0,0.0,1
2012-07-10 09:30:00+00:00,0.05739795,0.35274904880737507,0.05968095346125,0.375,0.088,6.182555266973685,6.1825553,0.13632503302631527,0.287,0.0,0.0,-0.0,0.0,1
2012-07-10 10:00:00+00:00,0.0528777,0.34757900156925003,0.0549809105175,0.438,0.093,6.346430266973685,6.3464303,0.163875033026315,0.345,0.0,0.0,5.551115123125783e-17,-1.5260268192845983e-18,1
2012-07-10 10:30:00+00:00,0.0541815,0.34907022607875005,0.056336569162499996,0.456,0.071,6.529305266973685,6.5293053,0.18287503302631514,0.385,0.0,0.0,-0.0,0.0,1
2012-07-10 11:00:00+00:00,0.05367105,0.168086397615125,0.055805816013749995,0.45,0.1,6.695555266973685,6.6955553,0.1662500330263148,0.35,0.0,0.0,5.551115123125783e-17,-1.548922546161513e-18,1
2012-07-10 11:30:00+00:00,0.0571212,0.172032515303,0.059393195729999994,0.831,0.305,6.945405266973685,6.9454053,0.24985003302631537,0.526,0.0,0.0,-0.0,0.0,1
2012-07-10 12:00:00+00:00,0.05330205,0.167664352942625,0.05542213903875,0.85,0.638,7.046105266973685,7.0461053,0.1007000330263148,0.212,0.0,0.0,-0.0,0.0,1
2012-07-10 12:30:00+00:00,0.05365875,0.168072329459375,0.05579302678124999,0.738,0.799,7.01400000381579,7.014,0.03210526697368454,0.0,0.061,5.551115123125783e-17,0.0,4.664944249204578e-18,1
2012-07-10 13:00:00+00:00,0.05022705,0.164147314005125,0.05222483091375,0.575,0.13,7.22537500381579,7.225375,0.21137499618420996,0.445,0.0,0.0,-0.0,0.0,1
2012-07-10 13:30:00+00:00,0.0530253,0.16734781943825,0.055134381307499994,0.381,0.047,7.38402500381579,7.384025,0.15864999618421027,0.334,0.0,0.0,-0.0,0.0,1
2012-07-10 14:00:00+00:00,0.05400315,0.168466237820375,0.05615112529125,0.819,0.44,7.564050003815789,7.56405,0.1800249961842102,0.379,0.0,0.0,-0.0,0.0,1
2012-07-10 14:30:00+00:00,0.05324055,0.167594012163875,0.05535819287625,0.275,0.112,7.641475003815789,7.641475,0.07742499618421039,0.163,0.0,0.0,-0.0,0.0,1
2012-07-10 15:00:00+00:00,0.0515247,0.16563150443675,0.0535740949425,0.175,0.136,7.66000000381579,7.66,0.018524996184210885,0.039,0.0,2.7755575615628914e-17,0.0,2.2985988728622954e-18,1
2012-07-10 15:30:00+00:00,0.05509785,0.16971830368212498,0.057289366983749986,0.05,0.911,7.206842109078948,7.2068421,0.45315790381578935,0.0,0.861,0.0,-0.0,0.0,1
2012-07-10 16:00:00+00:00,0.05747175,0.17243345774187502,0.05975768885625,0.019,1.784,6.417368424868421,6.4173684,0.7894737090789476,0.0,1.5,0.2650000000000001,0.0,0.02284743315079845,1
2012-07-10 16:30:00+00:00,0.05959965,0.17486724868662498,0.06197022607874999,0.006,1.958,5.6278947406578945,5.6278947,0.7894737248684214,0.0,1.5,0.45199999999999996,0.0,0.03951999820317724,1
2012-07-10 17:00:00+00:00,0.0533574,0.1677276596435,0.055479690585,0.0,1.775,4.838421056447368,4.8384211,0.7894736406578948,0.0,1.5,0.2749999999999999,0.0,0.02306255320098124,1
2012-07-10 17:30:00+00:00,0.05918145,0.174388931391125,0.061535392173749995,0.0,1.588,4.048947372236841,4.0489474,0.7894736564473677,0.0,1.5,0.08800000000000008,0.0,0.007673112981209506,1
2012-07-10 18:00:00+00:00,0.0989781,0.21990644932025002,0.1029149539275,0.0,0.864,3.594210530131578,3.5942105,0.45473687223684145,0.0,0.864,0.0,-0.0,0.0,1
2012-07-10 18:30:00+00:00,0.11472825,0.23792072275812498,0.11929156614374999,0.0,0.262,2.8047368459210515,2.8047368,0.789473730131578,0.0,1.5,0.0,1.238,-0.07384147944298124,1
2012-07-10 19:00:00+00:00,0.05653695,0.171364277904875,0.05878570718625,0.0,0.33,2.631052635394736,2.6310526,0.1736842459210517,0.0,0.33,0.0,-0.0,0.0,1
2012-07-10 19:30:00+00:00,0.04469205,0.157816643917625,0.04646967628874999,0.0,0.4,2.420526319605262,2.4205263,0.21052633539473575,0.0,0.4,0.0,-0.0,0.0,1
2012-07-10 20:00:00+00:00,0.042189,0.1549537742225,0.043867067475,0.0,0.283,2.2715789511842095,2.271579,0.14894731960526197,0.0,0.283,0.0,-0.0,0.0,1
2012-07-10 20:30:00+00:00,0.0427671,0.15561497754275,0.0444681614025,0.0,0.206,2.1631578985526305,2.1631579,0.10842105118420964,0.0,0.206,0.0,-0.0,0.0,1
2012-07-10 21:00:00+00:00,0.043419,0.15636058979749998,0.045145990724999994,0.0,0.392,1.9568421090789463,1.9568421,0.2063157985526305,0.0,0.392,0.0,-0.0,0.0,1
2012-07-10 21:30:00+00:00,0.04191225,0.154637240718125,0.043579309743749996,0.0,0.552,1.6663157932894725,1.6663158,0.2905263090789463,0.0,0.552,0.0,-0.0,0.0,1
2012-07-10 22:00:00+00:00,0.03757035,0.149671181738375,0.039064710671249996,0.0,0.39,1.4610526353947357,1.4610526,0.20526319328947262,0.0,0.39,0.0,-0.0,0.0,1
2012-07-10 22:30:00+00:00,0.0511311,0.16518132345275,0.05316483950249999,0.0,0.117,1.3994736880263148,1.3994737,0.0615789353947358,0.0,0.117,0.0,-0.0,0.0,1
2012-07-10 23:00:00+00:00,0.03969825,0.152104972683125,0.041277247893749994,0.0,0.714,1.0236842143421043,1.0236842,0.37578948802631484,0.0,0.714,0.0,-0.0,0.0,1
2012-07-10 23:30:00+00:00,0.04455675,0.157661894204375,0.046328994731249996,0.0,0.045,1.0000000038157886,1.0,0.023684214342104326,0.0,0.045,0.0,-0.0,0.0,1
2012-07-11 00:00:00+00:00,0.037023,0.09954514880750001,0.038495589824999996,0.0,0.115,1.0000000038157886,1.0,3.815788574001999e-09,0.0,0.0,0.115,0.0,0.005723846056431251,1
2012-07-11 00:30:00+00:00,0.0363219,0.09874326392975,0.037766603572499995,0.0,0.277,1.0000000038157886,1.0,3.815788574001999e-09,0.0,0.0,0.277,0.0,0.013675942054270376,1
2012-07-11 01:00:00+00:00,0.03642645,0.098862843253625,0.03787531204875,0.0,0.103,1.0000000038157886,1.0,3.815788574001999e-09,0.0,0.0,0.103,0.0,0.005091436427561687,1
2012-07-11 01:30:00+00:00,0.036654,0.09912310413500001,0.03811191285,0.0,0.033,1.0000000038157886,1.0,3.815788574001999e-09,0.0,0.0,0.033,0.0,0.0016355312182275003,1
2012-07-11 02:00:00+00:00,0.03508575,0.097329414276875,0.03648128570625,0.0,0.103,1.0000000038157886,1.0,3.815788574001999e-09,0.0,0.0,0.103,0.0,0.005012464835259062,1
2012-07-11 02:30:00+00:00,0.0342678,0.09639388191949999,0.035630801744999996,0.0,0.034,1.6276960688157884,1.6276961,0.6276960961842115,1.3214654,0.0,1.3554654,0.0,0.06532928585678391,1
2012-07-11 03:00:00+00:00,0.0337389,0.09578895122225002,0.0350808647475,0.0,0.396,2.3401960688157883,2.3401961,0.7125000311842116,1.5,0.0,1.896,0.0,0.09080792575869301,1
2012-07-11 03:30:00+00:00,0.03357285,0.095599031119625,0.03490821010875,0.0,0.691,3.0526960688157883,3.0526961,0.7125000311842116,1.5,0.0,2.191,0.0,0.10472873859154919,1
2012-07-11 04:00:00+00:00,0.03322845,0.09520512275862501,0.034550111598749995,0.0,0.689,3.765196068815788,3.7651961,0.7125000311842116,1.5,0.0,2.189,0.0,0.10420200685931508,1
2012-07-11 04:30:00+00:00,0.0325335,0.09441027195875,0.0338275199625,0.0,0.034,4.4776960688157885,4.4776961,0.712500031184212,1.5,0.0,1.534,0.0,0.07241267859236125,1
2012-07-11 05:00:00+00:00,0.033456,0.32536538364,0.034786712399999996,0.0,0.156,4.395590805657894,4.3955908,0.08210526881578861,0.0,0.156,0.0,-0.0,0.0,1
2012-07-11 05:30:00+00:00,0.03412635,0.32613209812837507,0.03548372557125,0.0,0.871,3.9371697530263146,3.9371698,0.4584210056578937,0.0,0.871,0.0,-0.0,0.0,1
2012-07-11 06:00:00+00:00,0.0354855,0.32768662933875,0.0368969357625,0.0,0.096,3.886643437236841,3.8866434,0.050526353026314474,0.0,0.096,0.0,-0.0,0.0,1
2012-07-11 06:30:00+00:00,0.03806235,0.33063390796837505,0.03957627997125,0.0,0.034,3.8687487003947356,3.8687487,0.017894737236840985,0.0,0.034,0.0,-0.0,0.0,1
2012-07-11 07:00:00+00:00,0.04124805,0.334277560307625,0.042888691188749994,0.0,0.1,3.816117121447367,3.8161171,0.05263160039473558,0.0,0.1,0.0,-0.0,0.0,1
2012-07-11 07:30:00+00:00,0.03568845,0.327918753908625,0.03710795809874999,0.0,0.039,3.7955908056578935,3.7955908,0.020526321447367213,0.0,0.039,0.0,-0.0,0.0,1
2012-07-11 08:00:00+00:00,0.0405162,0.33344050504050005,0.042127731854999996,0.019,1.337,3.1019065951315774,3.1019066,0.6936842056578936,0.0,1.318,0.0,-0.0,0.0,1
2012-07-11 08:30:00+00:00,0.0424104,0.33560700102600005,0.04409727366,0.031,0.797,2.6987487003947352,2.6987487,0.4031578951315775,0.0,0.766,0.0,-0.0,0.0,1
2012-07-11 09:00:00+00:00,0.0420783,0.33522716082075005,0.0437519643825,0.05,0.133,2.6550644898684195,2.6550645,0.043684200394735306,0.0,0.083,0.0,-0.0,0.0,1
2012-07-11 09:30:00+00:00,0.0422259,0.33539597868975,0.0439054351725,0.2,0.066,2.7187144898684195,2.7187145,0.06365001013158045,0.134,0.0,0.0,-0.0,0.0,1
2012-07-11 10:00:00+00:00,0.0397905,0.33261048385125,0.04137316713749999,0.506,0.13,2.8973144898684193,2.8973145,0.17860001013158033,0.376,0.0,0.0,-0.0,0.0,1
2012-07-11 10:30:00+00:00,0.0403932,0.333299823483,0.04199983953,0.681,0.378,3.041239489868419,3.0412395,0.14392501013158077,0.303,0.0,0.0,-0.0,0.0,1
2012-07-11 11:00:00+00:00,0.0371091,0.14914362589775,0.03858511445249999,0.788,0.838,3.014923700394735,3.0149237,0.02631578986841898,0.0,0.05,0.0,6.938893903907228e-17,-1.3386900772800744e-18,1
2012-07-11 11:30:00+00:00,0.036654,0.148623104135,0.03811191285,0.831,0.59,3.1293987003947352,3.1293987,0.11447499960526475,0.241,0.0,0.0,-0.0,0.0,1
2012-07-11 12:00:00+00:00,0.0368262,0.14882005831550002,0.038290962105000007,0.956,0.124,3.524598700394735,3.5245987,0.39519999960526464,0.832,0.0,0.0,-0.0,0.0,1
2012-07-11 12:30:00+00:00,0.0359529,0.14782121925725003,0.037382926597500005,0.813,0.869,3.495125016184209,3.495125,0.029473700394735403,0.0,0.056,4.85722573273506e-17,0.0,3.590005150102931e-18,1
2012-07-11 13:00:00+00:00,0.03482745,0.146533983006125,0.03621271182375,1.094,1.004,3.5378750161842087,3.537875,0.042749983815791204,0.09,0.0,0.0,-0.0,0.0,1
2012-07-11 13:30:00+00:00,0.03444615,0.146097870177875,0.03581624561625,1.1,0.498,3.823825016184209,3.823825,0.28594998381579106,0.602,0.0,0.0,-0.0,0.0,1
2012-07-11 14:00:00+00:00,0.03417555,0.145788370751375,0.03553488250125,1.05,0.165,4.244200016184209,4.2442,0.4203749838157913,0.885,0.0,0.0,-0.0,0.0,1
2012-07-11 14:30:00+00:00,0.0338496,0.145415564624,0.03519596784,1.006,0.334,4.563400016184209,4.5634,0.31919998381579084,0.672,0.0,0.0,-0.0,0.0,1
2012-07-11 15:00:00+00:00,0.0338619,0.14542963277975,0.0352087570725,0.838,0.061,4.932475016184209,4.932475,0.36907498381579096,0.777,0.0,1.1102230246251565e-16,0.0,8.072966338742992e-18,1
2012-07-11 15:30:00+00:00,0.034071,0.1456687914275,0.035426174025,0.606,0.127,5.160000016184209,5.16,0.22752498381579134,0.479,0.0,0.0,-0.0,0.0,1
2012-07-11 16:00:00+00:00,0.03416325,0.14577430259562502,0.03552209326875,0.213,0.459,5.030526331973682,5.0305263,0.12947371618420878,0.0,0.246,2.7755575615628914e-17,0.0,2.02302483925422e-18,1
2012-07-11 16:30:00+00:00,0.03293325,0.14436748702062502,0.03424317001874999,0.094,1.038,4.533684226710524,4.5336842,0.49684213197368265,0.0,0.944,1.1102230246251565e-16,0.0,8.014005404878567e-18,1
2012-07-11 17:00:00+00:00,0.03360975,0.145141235586875,0.03494657780625,0.019,0.674,4.188947384605261,4.1889474,0.3447368267105242,0.0,0.655,0.0,-0.0,0.0,1
2012-07-11 17:30:00+00:00,0.0387819,0.15105689507975,0.0403244500725,0.0,0.595,3.875789489868419,3.8757895,0.31315788460526095,0.0,0.595,0.0,-0.0,0.0,1
2012-07-11 18:00:00+00:00,0.0401964,0.15267473299099998,0.041795211809999996,0.0,0.29,3.7231579109210506,3.7231579,0.15263158986841896,0.0,0.29,0.0,-0.0,0.0,1
2012-07-11 18:30:00+00:00,0.0384621,0.15069112303025,0.0399919300275,0.0,0.303,3.5636842267105244,3.5636842,0.15947371092105067,0.0,0.303,0.0,-0.0,0.0,1
2012-07-11 19:00:00+00:00,0.0383145,0.15052230516125,0.0398384592375,0.0,0.25,3.432105279342103,3.4321053,0.1315789267105245,0.0,0.25,0.0,-0.0,0.0,1
2012-07-11 19:30:00+00:00,0.035793,0.14763833323249997,0.037216666574999994,0.0,0.215,3.318947384605261,3.3189474,0.1131578793421033,0.0,0.215,0.0,-0.0,0.0,1
2012-07-11 20:00:00+00:00,0.03487665,0.146590255629125,0.03626386875375,0.0,0.532,3.038947384605261,3.0389474,0.279999984605261,0.0,0.532,0.0,-0.0,0.0,1
2012-07-11 20:30:00+00:00,0.0381177,0.15029721466925,0.039633831517499996,0.0,0.2,2.933684226710524,2.9336842,0.10526318460526074,0.0,0.2,0.0,-0.0,0.0,1
2012-07-11 21:00:00+00:00,0.03531945,0.147096709236125,0.03672428112375,0.0,0.27,2.791578963552629,2.791579,0.14210522671052406,0.0,0.27,0.0,-0.0,0.0,1
2012-07-11 21:30:00+00:00,0.03493815,0.146660596407875,0.03632781491625,0.0,0.382,2.590526331973682,2.5905263,0.20105266355262907,0.0,0.382,0.0,-0.0,0.0,1
2012-07-11 22:00:00+00:00,0.03444,0.14609083609999998,0.035809851,0.0,0.576,2.28736843723684,2.2873684,0.3031579319736819,0.0,0.576,0.0,-0.0,0.0,1
2012-07-11 22:30:00+00:00,0.0399135,0.15235116540875002,0.041501059462499996,0.0,0.454,2.048421068815787,2.0484211,0.2389473372368398,0.0,0.454,0.0,-0.0,0.0,1
2012-07-11 23:00:00+00:00,0.03520875,0.146970095834375,0.036609178031249995,0.0,0.979,1.5331579109210502,1.5331579,0.5152631688157872,0.0,0.979,0.0,-0.0,0.0,1
2012-07-11 23:30:00+00:00,0.03613125,0.14802520751562498,0.037568370468749994,0.0,1.013,1.0000000161842082,1.0,0.5331579109210502,0.0,1.013,0.0,-0.0,0.0,1
2012-07-12 00:00:00+00:00,0.03514725,0.097399755055625,0.03654523186874999,0.0,0.913,1.5875000136842083,1.5875,0.5874999838157917,1.2368421,0.0,2.1498421,0.0,0.10469704697413522,1
2012-07-12 00:30:00+00:00,0.03385575,0.095922598701875,0.03520236245624999,0.0,0.975,2.3000000136842083,2.3,0.7124999863157915,1.5,0.0,2.475,0.0,0.11870421589357032,1
2012-07-12 01:00:00+00:00,0.0340833,0.09618285958325001,0.0354389632575,0.0,0.788,3.012500013684208,3.0125,0.7124999863157919,1.5,0.0,2.2880000000000003,0.0,0.11003319136323803,1
2012-07-12 01:30:00+00:00,0.03406485,0.09616175734962502,0.03541977940875,0.0,0.598,3.725000013684208,3.725,0.7124999863157919,1.5,0.0,2.098,0.0,0.10087368345975664,1
2012-07-12 02:00:00+00:00,0.0325458,0.0944243401145,0.033840309194999994,0.0,0.561,4.4375000136842075,4.4375,0.7124999863157919,1.5,0.0,2.061,0.0,0.09730428248799225,1
2012-07-12 02:30:00+00:00,0.0317463,0.09350990999075001,0.03300900908249999,0.0,0.588,5.150000013684208,5.15,0.7124999863157928,1.5,0.0,2.088,0.0,0.09762434603034302,1
2012-07-12 03:00:00+00:00,0.03055935,0.09215233296087501,0.03177484814625,0.0,0.627,5.862500013684208,5.8625,0.7124999863157919,1.5,0.0,2.127,0.0,0.09800400610389057,1
2012-07-12 03:30:00+00:00,0.02845605,0.089746678327625,0.029587889388749997,0.0,1.04,6.575000013684209,6.575,0.7124999863157919,1.5,0.0,2.54,0.0,0.11397828147608376,1
2012-07-12 04:00:00+00:00,0.02682015,0.08787561361287502,0.02788692146625,0.0,0.674,7.287500013684209,7.2875,0.712499986315791,1.5,0.0,2.174,0.0,0.09552079199719514,1
2012-07-12 04:30:00+00:00,0.0270969,0.08819214711725,0.028174679197499997,0.0,0.082,8.0,8.0,0.712499986315791,1.5,0.0,1.582,0.0,0.06975998836974476,1
2012-07-12 05:00:00+00:00,0.02929245,0.32060331291862504,0.03045755719875,0.0,0.144,7.92421052631579,7.9242105,0.07578949999999995,0.0,0.144,0.0,-0.0,0.0,1
2012-07-12 05:30:00+00:00,0.03046095,0.321939787714875,0.03167253428625,0.0,0.669,7.572105263157895,7.5721053,0.35210522631579,0.0,0.669,0.0,-0.0,0.0,1
2012-07-12 06:00:00+00:00,0.0319677,0.3236631367942501,0.0332392152675,0.0,1.13,6.977368421052632,6.9773684,0.5947368631578955,0.0,1.13,0.0,-0.0,0.0,1
2012-07-12 06:30:00+00:00,0.03502425,0.327159073498125,0.036417339543749996,0.0,0.713,6.602105263157895,6.6021053,0.37526312105263226,0.0,0.713,0.0,-0.0,0.0,1
2012-07-12 07:00:00+00:00,0.0364572,0.32879801364300004,0.03790728513,0.0,0.194,6.500000000000001,6.5,0.10210526315789537,0.0,0.194,0.0,-0.0,0.0,1
2012-07-12 07:30:00+00:00,0.0335667,0.32549199704175,0.034901815492499995,0.0,0.099,6.447894736842106,6.4478947,0.05210530000000091,0.0,0.099,0.0,-0.0,0.0,1
2012-07-12 08:00:00+00:00,0.0362604,0.32857292315100006,0.03770265740999999,0.05,0.187,6.375789473684211,6.3757895,0.07210523684210646,0.0,0.137,0.0,-0.0,0.0,1
2012-07-12 08:30:00+00:00,0.0450795,0.33865979082375003,0.046872537112499994,0.15,0.486,6.198947368421053,6.1989474,0.17684207368421134,0.0,0.336,0.0,5.551115123125783e-17,-1.3009742481223661e-18,1
2012-07-12 09:00:00+00:00,0.0447474,0.3382799506185001,0.046527227835,0.138,0.186,6.173684210526316,6.1736842,0.025263168421052917,0.0,0.048,0.0,1.3877787807814457e-17,-3.228474975899842e-19,1
2012-07-12 09:30:00+00:00,0.04535625,0.338976324328125,0.04716029484374999,0.244,0.486,6.0463157894736845,6.0463158,0.12736841052631576,0.0,0.242,0.0,-0.0,0.0,1
2012-07-12 10:00:00+00:00,0.0457929,0.33947574385725005,0.0476143125975,0.206,0.152,6.071965789473684,6.0719658,0.025650010526315548,0.054,0.0,0.0,-0.0,0.0,1
2012-07-12 10:30:00+00:00,0.04817295,0.342197931994875,0.05008902908624999,0.225,0.444,5.956702631578947,5.9567026,0.11526318947368441,0.0,0.219,0.0,-0.0,0.0,1
2012-07-12 11:00:00+00:00,0.04900935,0.162754566585875,0.050958696896249996,0.188,1.873,5.167228947368421,5.1672289,0.7894737315789477,0.0,1.5,0.18500000000000005,0.0,0.015054797409193443,1
2012-07-12 11:30:00+00:00,0.04677075,0.16019416223937502,0.04863105658125,0.113,1.827,4.377755263157894,4.3777553,0.7894736473684212,0.0,1.5,0.21399999999999997,0.0,0.017140775359613124,1
2012-07-12 12:00:00+00:00,0.0453255,0.15854115393874998,0.047128321762499994,0.156,1.763,4.377755263157894,4.3777553,3.68421053664747e-08,0.0,0.0,1.607,0.0,0.12738781718978562,1
2012-07-12 12:30:00+00:00,0.0460758,0.15939931143949998,0.04790846494499999,0.231,1.341,4.377755263157894,4.3777553,3.68421053664747e-08,0.0,0.0,1.1099999999999999,0.0,0.08846661784892249,1
2012-07-12 13:00:00+00:00,0.04673385,0.160151957772125,0.04859268888375,0.238,1.086,4.106043421052631,4.1060434,0.2717118631578943,0.0,0.5162525,0.3317475000000001,0.0,0.026565005805504024,1
2012-07-12 13:30:00+00:00,0.04584825,0.159139050558125,0.04767186414375,0.244,0.157,4.14736842105263,4.1473684,0.04132497894736975,0.087,0.0,0.0,-0.0,0.0,1
2012-07-12 14:00:00+00:00,0.04690605,0.16034891195262502,0.04877173813874999,0.363,1.562,3.516315789473683,3.5163158,0.6310526210526302,0.0,1.199,0.0,-0.0,0.0,1
2012-07-12 14:30:00+00:00,0.04896015,0.162698293962875,0.05090753996624999,0.138,1.734,2.726842105263157,2.7268421,0.7894736894736831,0.0,1.5,0.09600000000000009,0.0,0.007809518110218007,1
2012-07-12 15:00:00+00:00,0.0440832,0.157120270208,0.045836609279999996,0.206,1.804,2.726842105263157,2.7268421,5.263157021317966e-09,0.0,0.0,1.598,0.0,0.12553909589619203,1
2012-07-12 15:30:00+00:00,0.0434559,0.15640279426475,0.045184358422499994,0.15,1.79,2.726842105263157,2.7268421,5.263157021317966e-09,0.0,0.0,1.6400000000000001,0.0,0.12825029129709503,1
2012-07-12 16:00:00+00:00,0.04865265,0.16234659006912502,0.050587809153749996,0.088,1.831,1.9373684210526305,1.9373684,0.7894737052631569,0.0,1.5,0.24299999999999988,0.0,0.01972511069339868,1
2012-07-12 16:30:00+00:00,0.0466785,0.16008865107125,0.0485351373375,0.05,2.098,1.9373684210526305,1.9373684,2.1052630527762517e-08,0.0,0.0,2.048,0.0,0.16393077869696002,1
2012-07-12 17:00:00+00:00,0.0426564,0.15548836414099998,0.04435305830999999,0.006,1.102,1.9373684210526305,1.9373684,2.1052630527762517e-08,0.0,0.0,1.096,0.0,0.085207623549268,1
2012-07-12 17:30:00+00:00,0.047478,0.161003081195,0.04936643745,0.0,0.295,1.7821052631578937,1.7821053,0.15526312105263051,0.0,0.295,0.0,-0.0,0.0,1
2012-07-12 18:00:00+00:00,0.06528225,0.181366736643125,0.06787885149374999,0.0,0.645,1.4426315789473674,1.4426316,0.33947366315789385,0.0,0.645,0.0,-0.0,0.0,1
2012-07-12 18:30:00+00:00,0.0595566,0.17481801014149997,0.061925463764999994,0.0,0.419,1.2221052631578937,1.2221053,0.22052627894736743,0.0,0.419,0.0,-0.0,0.0,1
2012-07-12 19:00:00+00:00,0.04814835,0.161769795683375,0.05006345062124999,0.0,0.422,1.0,1.0,0.2221052631578937,0.0,0.422,0.0,-0.0,0.0,1
2012-07-12 19:30:00+00:00,0.0417585,0.15446138877124999,0.043419444337499995,0.0,0.303,1.0,1.0,0.0,0.0,0.0,0.303,0.0,0.023400900398844373,1
2012-07-12 20:00:00+00:00,0.03849285,0.15072629341962498,0.040023903108749995,0.0,0.205,1.0,1.0,0.0,0.0,0.0,0.205,0.0,0.01544944507551156,1
2012-07-12 20:30:00+00:00,0.04064535,0.153188220675875,0.042262018796249995,0.0,0.287,1.0,1.0,0.0,0.0,0.0,0.287,0.0,0.021982509666988063,1
2012-07-12 21:00:00+00:00,0.03972285,0.152133108994625,0.041302826358749996,0.0,0.434,1.0,1.0,0.0,0.0,0.0,0.434,0.0,0.03301288465183363,1
2012-07-12 21:30:00+00:00,0.0361374,0.1480322415935,0.037574765084999996,0.0,0.634,1.0,1.0,0.0,0.0,0.0,0.634,0.0,0.046926220585139504,1
2012-07-12 22:00:00+00:00,0.0351042,0.14685051651050002,0.036500469555000005,0.0,0.083,1.0,1.0,0.0,0.0,0.0,0.083,0.0,0.006094296435185751,1
2012-07-12 22:30:00+00:00,0.0412788,0.153912730697,0.04292066427,0.0,0.183,1.0,1.0,0.0,0.0,0.0,0.183,0.0,0.0140830148587755,1
2012-07-12 23:00:00+00:00,0.03574995,0.14758909468737502,0.03717190426125,0.0,0.834,1.0,1.0,0.0,0.0,0.0,0.834,0.0,0.06154465248463538,1
2012-07-12 23:30:00+00:00,0.03543015,0.14722332263787502,0.03683938421625,0.0,0.17,1.0,1.0,0.0,0.0,0.0,0.17,0.0,0.012513982424219378,1
2012-07-13 00:00:00+00:00,0.0348582,0.09706915339550001,0.036244684905,0.0,0.078,1.0,1.0,0.0,0.0,0.0,0.078,0.0,0.0037856969824245005,1
2012-07-13 00:30:00+00:00,0.03461835,0.096794824358375,0.03599529487125,0.0,0.095,1.0,1.0,0.0,0.0,0.0,0.095,0.0,0.004597754157022812,1
2012-07-13 01:00:00+00:00,0.03440925,0.096555665710625,0.03577787791875,0.0,0.073,1.0,1.0,0.0,0.0,0.0,0.073,0.0,0.003524281798437812,1
2012-07-13 01:30:00+00:00,0.034932,0.09715356233000001,0.0363214203,0.0,0.093,1.0,1.0,0.0,0.0,0.0,0.093,0.0,0.004517640648345001,1
2012-07-13 02:00:00+00:00,0.0341694,0.09628133667350001,0.035528487885,0.0,0.312,1.0,1.0,0.0,0.0,0.0,0.312,0.0,0.015019888521066001,1
2012-07-13 02:30:00+00:00,0.0335175,0.09553572441875,0.03485065856249999,0.0,0.093,1.0,1.0,0.0,0.0,0.0,0.093,0.0,0.004442411185471875,1
2012-07-13 03:00:00+00:00,0.03287175,0.09479714624187499,0.034179223856249996,0.0,0.13,1.0,1.0,0.0,0.0,0.0,0.13,0.0,0.006161814505721875,1
2012-07-13 03:30:00+00:00,0.02996895,0.09147706148487501,0.03116096498625,0.0,0.751,1.7125,1.7125,0.7124999999999999,1.5,0.0,2.251,0.0,0.10295743270122683,1
2012-07-13 04:00:00+00:00,0.030504,0.09208902626,0.0317172966,0.0,0.657,2.317238175,2.3172382,0.6047381999999999,1.273133,0.0,1.930133,0.0,0.08887203426114629,1
2012-07-13 04:30:00+00:00,0.03149415,0.09322151279787502,0.032746829816249996,0.0,0.367,2.317238175,2.3172382,2.4999999848063226e-08,0.0,0.0,0.367,0.0,0.017106147598410067,1
2012-07-13 05:00:00+00:00,0.0327672,0.32457756691800005,0.03407051538,0.0,0.203,2.210396069736842,2.2103961,0.10684207499999987,0.0,0.203,0.0,-0.0,0.0,1
2012-07-13 05:30:00+00:00,0.0338619,0.32582963277975,0.0352087570725,0.0,0.753,1.8140802802631577,1.8140803,0.3963157697368418,0.0,0.753,0.0,-0.0,0.0,1
2012-07-13 06:00:00+00:00,0.0333822,0.32528097470550005,0.034709977004999996,0.0,0.067,1.7788171223684208,1.7788171,0.03526318026315778,0.0,0.067,0.0,-0.0,0.0,1
2012-07-13 06:30:00+00:00,0.03375735,0.325710053455875,0.03510004859625,0.0,0.11,1.7209223855263156,1.7209224,0.05789472236842075,0.0,0.11,0.0,-0.0,0.0,1
2012-07-13 07:00:00+00:00,0.0360513,0.32833376450325,0.03748524045749999,0.0,0.304,1.5609223855263157,1.5609224,0.15999998552631567,0.0,0.304,0.0,-0.0,0.0,1
2012-07-13 07:30:00+00:00,0.0341694,0.3261813366735001,0.035528487885,0.013,0.128,1.500396069736842,1.5003961,0.06052628552631578,0.0,0.115,0.0,-0.0,0.0,1
2012-07-13 08:00:00+00:00,0.03726285,0.3297194778446251,0.03874497985875,0.038,0.546,1.2330276486842102,1.2330276,0.2673684697368419,0.0,0.508,0.0,-0.0,0.0,1
2012-07-13 08:30:00+00:00,0.0396183,0.33241352967075005,0.0411941178825,0.075,0.315,1.106711859210526,1.1067119,0.12631574868421014,0.0,0.24,0.0,-0.0,0.0,1
2012-07-13 09:00:00+00:00,0.0389664,0.33166791741600005,0.040516288559999995,0.213,0.154,1.134736859210526,1.1347369,0.028025040789473987,0.059,0.0,0.0,-0.0,0.0,1
2012-07-13 09:30:00+00:00,0.03974745,0.332561245306125,0.04132840482375,0.181,0.437,1.000000017105263,1.0,0.13473685921052603,0.0,0.256,0.0,-0.0,0.0,1
2012-07-13 10:00:00+00:00,0.040221,0.33310286930250005,0.041820790275,0.269,0.179,1.042750017105263,1.04275,0.04274998289473708,0.09,0.0,0.0,-0.0,0.0,1
2012-07-13 10:30:00+00:00,0.0403932,0.333299823483,0.04199983953,0.694,0.22,1.267900017105263,1.2679,0.22514998289473698,0.474,0.0,0.0,-0.0,0.0,1
2012-07-13 11:00:00+00:00,0.0397782,0.15219641569550002,0.041360377904999995,0.275,0.452,1.174742122368421,1.1747421,0.093157917105263,0.0,0.177,0.0,-0.0,0.0,1
2012-07-13 11:30:00+00:00,0.0386343,0.15088807721075,0.040170979282500005,0.831,0.114,1.5153171223684208,1.5153171,0.3405749776315792,0.717,0.0,0.0,-0.0,0.0,1
2012-07-13 12:00:00+00:00,0.03836985,0.15058561186212502,0.03989601078374999,0.919,0.071,1.9181171223684208,1.9181171,0.40279997763157915,0.848,0.0,0.0,1.1102230246251565e-16,-2.214673488140639e-18,1
2012-07-13 12:30:00+00:00,0.0380193,0.15018466942325,0.039531517657499994,1.0,0.349,2.227342122368421,2.2273421,0.3092249776315792,0.651,0.0,0.0,-0.0,0.0,1
2012-07-13 13:00:00+00:00,0.0378225,0.14995957893125,0.0393268899375,1.019,0.072,2.677167122368421,2.6771671,0.44982497763157925,0.947,0.0,0.0,-0.0,0.0,1
2012-07-13 13:30:00+00:00,0.03747195,0.149558636492375,0.038962396811249994,0.975,0.101,3.092317122368421,3.0923171,0.4151499776315788,0.874,0.0,0.0,-0.0,0.0,1
2012-07-13 14:00:00+00:00,0.03695535,0.14896777395087502,0.03842524904625,1.088,0.073,3.574442122368421,3.5744421,0.482124977631579,1.015,0.0,0.0,2.220446049250313e-16,-4.2660596218102585e-18,1
2012-07-13 14:30:00+00:00,0.03605745,0.147940798581125,0.037491635073749995,0.894,0.1,3.951592122368421,3.9515921,0.377149977631579,0.794,0.0,0.0,-0.0,0.0,1
2012-07-13 15:00:00+00:00,0.0361251,0.14801817343775,0.03756197585249999,0.469,0.076,4.138267122368421,4.1382671,0.18667497763157925,0.393,0.0,5.551115123125783e-17,0.0,4.1083296053387454e-18,1
2012-07-13 15:30:00+00:00,0.03502425,0.146759073498125,0.036417339543749996,0.575,0.337,4.251317122368421,4.2513171,0.11304997763157854,0.238,0.0,0.0,-0.0,0.0,1
2012-07-13 16:00:00+00:00,0.03600825,0.14788452595812498,0.03744047814375,0.35,0.079,4.380042122368422,4.3800421,0.12872497763157842,0.271,0.0,5.551115123125783e-17,0.0,4.104620142612175e-18,1
2012-07-13 16:30:00+00:00,0.03766875,0.149783726984375,0.03916702453125,0.05,0.095,4.356357911842106,4.3563579,0.023684222368421715,0.0,0.045,0.0,-0.0,0.0,1
2012-07-13 17:00:00+00:00,0.03852975,0.15076849788687502,0.040062270806249994,0.006,0.083,4.315831596052632,4.3158316,0.040526311842105756,0.0,0.077,0.0,-0.0,0.0,1
2012-07-13 17:30:00+00:00,0.039975,0.1524215061875,0.04156500562499999,0.0,0.465,4.071094753947369,4.0710948,0.24473679605263232,0.0,0.465,0.0,-0.0,0.0,1
2012-07-13 18:00:00+00:00,0.04064535,0.153188220675875,0.042262018796249995,0.0,0.268,3.9300421223684214,3.9300421,0.14105265394736888,0.0,0.268,0.0,-0.0,0.0,1
2012-07-13 18:30:00+00:00,0.03878805,0.15106392915762498,0.04033084468874999,0.0,0.222,3.8132000171052636,3.8132,0.11684212236842129,0.0,0.222,0.0,-0.0,0.0,1
2012-07-13 19:00:00+00:00,0.0368139,0.14880599015975,0.038278172872499995,0.0,0.251,3.681094753947369,3.6810948,0.13210521710526368,0.0,0.251,0.0,-0.0,0.0,1
2012-07-13 19:30:00+00:00,0.0352149,0.14697712991225,0.0366155726475,0.0,0.235,3.557410543421053,3.5574105,0.12368425394736882,0.0,0.235,0.0,-0.0,0.0,1
2012-07-13 20:00:00+00:00,0.0363465,0.14827140024125,0.0377921820375,0.0,0.472,3.308989490789474,3.3089895,0.24842104342105298,0.0,0.472,0.0,-0.0,0.0,1
2012-07-13 20:30:00+00:00,0.0359652,0.147835287413,0.03739571583,0.0,0.203,3.202147385526316,3.2021474,0.10684209078947404,0.0,0.203,0.0,-0.0,0.0,1
2012-07-13 21:00:00+00:00,0.03636495,0.14829250247487502,0.037811365886250003,0.0,0.278,3.0558315960526317,3.0558316,0.14631578552631597,0.0,0.278,0.0,-0.0,0.0,1
2012-07-13 21:30:00+00:00,0.03460605,0.146280756202625,0.03598250563875,0.0,0.38,2.8558315960526315,2.8558316,0.19999999605263152,0.0,0.38,0.0,-0.0,0.0,1
2012-07-13 22:00:00+00:00,0.0340218,0.1456125188045,0.035375017094999996,0.0,0.16,2.771621069736842,2.7716211,0.08421049605263153,0.0,0.16,0.0,-0.0,0.0,1
2012-07-13 22:30:00+00:00,0.0387819,0.15105689507975,0.0403244500725,0.0,0.37,2.576884227631579,2.5768842,0.19473686973684234,0.0,0.37,0.0,-0.0,0.0,1
2012-07-13 23:00:00+00:00,0.03570075,0.14753282206437499,0.037120747331249995,0.0,0.734,2.1905684381578947,2.1905684,0.386315827631579,0.0,0.734,0.0,-0.0,0.0,1
2012-07-13 23:30:00+00:00,0.0363957,0.14832767286425003,0.0378433389675,0.0,0.056,2.1610947539473684,2.1610948,0.029473638157894833,0.0,0.056,0.0,-0.0,0.0,1
2012-07-14 00:00:00+00:00,0.03524565,0.09751230030162501,0.03664754572875,0.0,0.132,2.1610947539473684,2.1610948,4.605263148604877e-08,0.0,0.0,0.132,0.0,0.006435811819907251,1
2012-07-14 00:30:00+00:00,0.03427395,0.096400915997375,0.03563719636125,0.0,0.049,2.1610947539473684,2.1610948,4.605263148604877e-08,0.0,0.0,0.049,0.0,0.0023618224419356877,1
2012-07-14 01:00:00+00:00,0.03424935,0.096372779685875,0.035611617896249996,0.0,0.269,2.1610947539473684,2.1610948,4.605263148604877e-08,0.0,0.0,0.269,0.0,0.01296213886775019,1
2012-07-14 01:30:00+00:00,0.03421245,0.09633057521862502,0.035573250198749996,0.0,0.271,2.1610947539473684,2.1610948,4.605263148604877e-08,0.0,0.0,0.271,0.0,0.013052792942123692,1
2012-07-14 02:00:00+00:00,0.03256425,0.09444544234812502,0.03385949304375,0.0,0.161,2.1610947539473684,2.1610948,4.605263148604877e-08,0.0,0.0,0.161,0.0,0.007602858109024065,1
2012-07-14 02:30:00+00:00,0.03261345,0.09450171497112501,0.03391064997375,0.0,0.059,2.1610947539473684,2.1610948,4.605263148604877e-08,0.0,0.0,0.059,0.0,0.002787800591648188,1
2012-07-14 03:00:00+00:00,0.03209685,0.09391085242962502,0.033373502208749996,0.0,0.174,2.1610947539473684,2.1610948,4.605263148604877e-08,0.0,0.0,0.174,0.0,0.008170244161377377,1
2012-07-14 03:30:00+00:00,0.03190005,0.093685761937625,0.03316887448875,0.0,0.701,2.1610947539473684,2.1610948,4.605263148604877e-08,0.0,0.0,0.701,0.0,0.03283685955913756,1
2012-07-14 04:00:00+00:00,0.0313281,0.09303159269524999,0.0325741751775,0.0,0.932,2.1610947539473684,2.1610948,4.605263148604877e-08,0.0,0.0,0.932,0.0,0.0433527221959865,1
2012-07-14 04:30:00+00:00,0.0312174,0.09290497929350001,0.032459072085,0.0,0.047,2.5168421041973685,2.5168421,0.3557473460526315,0.74894179,0.0,0.7959417900000001,0.0,0.03697347775939067,1
2012-07-14 05:00:00+00:00,0.0310452,0.322608025113,0.03228002283,0.0,0.17,2.427368419986842,2.4273684,0.08947370419736833,0.0,0.17,0.0,-0.0,0.0,1
2012-07-14 05:30:00+00:00,0.03129735,0.32289642230587506,0.03254220209625,0.0,0.641,2.0899999989342106,2.09,0.3373684199868423,0.0,0.641,0.0,-0.0,0.0,1
2012-07-14 06:00:00+00:00,0.0308484,0.32238293462100004,0.03207539511,0.0,0.108,2.033157893671053,2.0331579,0.05684209893421066,0.0,0.108,0.0,-0.0,0.0,1
2012-07-14 06:30:00+00:00,0.02969835,0.32106756205837506,0.030879601871249995,0.0,0.311,1.869473683144737,1.8694737,0.1636841936710529,0.0,0.311,0.0,-0.0,0.0,1
2012-07-14 07:00:00+00:00,0.0318693,0.32355059154825005,0.0331369014075,0.0,0.108,1.8126315778815791,1.8126316,0.05684208314473693,0.0,0.108,0.0,-0.0,0.0,1
2012-07-14 07:30:00+00:00,0.03356055,0.325484962963875,0.03489542087625,0.0,0.128,1.7452631568289476,1.7452632,0.06736837788157923,0.0,0.128,0.0,-0.0,0.0,1
2012-07-14 08:00:00+00:00,0.0344646,0.3265189724115001,0.03583542946499999,0.031,0.228,1.6415789463026318,1.6415789,0.10368425682894755,0.0,0.197,0.0,-0.0,0.0,1
2012-07-14 08:30:00+00:00,0.0344646,0.3265189724115001,0.03583542946499999,0.056,0.301,1.512631577881579,1.5126316,0.12894734630263183,0.0,0.245,0.0,-0.0,0.0,1
2012-07-14 09:00:00+00:00,0.03439695,0.32644159755487506,0.03576508868625,0.05,0.567,1.2405263147236845,1.2405263,0.2721052778815791,0.0,0.517,0.0,1.1102230246251565e-16,-1.985361246861772e-18,1
2012-07-14 09:30:00+00:00,0.0359283,0.32819308294575006,0.0373573481325,0.219,0.591,1.044736841039474,1.0447368,0.19578951472368455,0.0,0.372,0.0,-0.0,0.0,1
2012-07-14 10:00:00+00:00,0.0372567,0.3297124437667501,0.03873858524249999,0.506,0.563,1.014736841039474,1.0147368,0.030000041039473846,0.0,0.057,0.0,6.245004513516506e-17,-1.2096131984332818e-18,1
2012-07-14 10:30:00+00:00,0.0358176,0.32806646954400004,0.03724224504,0.675,0.703,1.0,1.0,0.014736841039473925,0.0,0.027999998,1.9999999122111145e-09,0.0,3.2806645514370517e-10,1
2012-07-14 11:00:00+00:00,0.03442155,0.146069733866375,0.035790667151250004,0.794,0.188,1.28785,1.28785,0.28784999999999994,0.606,0.0,0.0,-0.0,0.0,1
2012-07-14 11:30:00+00:00,0.0344154,0.1460626997885,0.035784272534999995,0.919,0.293,1.5852,1.5852,0.29735,0.626,0.0,0.0,-0.0,0.0,1
2012-07-14 12:00:00+00:00,0.03433545,0.145971256776125,0.03570114252375,0.975,0.129,1.98705,1.98705,0.40185000000000004,0.846,0.0,0.0,-0.0,0.0,1
2012-07-14 12:30:00+00:00,0.0343908,0.146034563477,0.03575869406999999,0.519,0.053,2.2084,2.2084,0.22135000000000016,0.466,0.0,0.0,-0.0,0.0,1
2012-07-14 13:00:00+00:00,0.03439695,0.14604159755487503,0.03576508868625,1.088,0.208,2.6264000000000003,2.6264,0.4179999999999997,0.88,0.0,0.0,-0.0,0.0,1
2012-07-14 13:30:00+00:00,0.0340095,0.14559845064875,0.0353622278625,1.169,0.146,3.1123250000000002,3.112325,0.4859249999999995,1.023,0.0,0.0,2.220446049250313e-16,-3.925995957498873e-18,1
2012-07-14 14:00:00+00:00,0.03390495,0.145478871324875,0.03525351938625,1.175,0.382,3.4890000000000003,3.489,0.37667499999999965,0.793,0.0,0.0,-0.0,0.0,1
2012-07-14 14:30:00+00:00,0.0339357,0.14551404171425,0.0352854924675,1.069,0.077,3.9602000000000004,3.9602,0.4711999999999996,0.992,0.0,0.0,-0.0,0.0,1
2012-07-14 15:00:00+00:00,0.03394185,0.145521075792125,0.03529188708375,0.931,0.128,4.3416250000000005,4.341625,0.38142499999999924,0.803,0.0,0.0,-0.0,0.0,1
2012-07-14 15:30:00+00:00,0.03394185,0.145521075792125,0.03529188708375,0.738,0.062,4.662725000000001,4.662725,0.3210999999999995,0.676,0.0,0.0,-0.0,0.0,1
2012-07-14 16:00:00+00:00,0.03404025,0.145633621038125,0.035394200943749995,0.306,0.14,4.741575000000001,4.741575,0.0788499999999992,0.166,0.0,5.551115123125783e-17,0.0,4.042144980901524e-18,1
2012-07-14 16:30:00+00:00,0.03464295,0.146322960669875,0.03602087333625,0.05,0.099,4.71578552631579,4.7157855,0.02578950000000102,0.0,0.049,0.0,-0.0,0.0,1
2012-07-14 17:00:00+00:00,0.03672165,0.148700478991625,0.038182253628749996,0.006,0.451,4.481575000000001,4.481575,0.2342105263157901,0.0,0.445,0.0,-0.0,0.0,1
2012-07-14 17:30:00+00:00,0.03729975,0.149361682311875,0.03878334755625,0.0,0.206,4.373153947368422,4.3731539,0.10842110000000105,0.0,0.206,0.0,-0.0,0.0,1
2012-07-14 18:00:00+00:00,0.04129725,0.153933832930625,0.04293984811875,0.0,0.394,4.165785526315791,4.1657855,0.20736844736842208,0.0,0.394,0.0,-0.0,0.0,1
2012-07-14 18:30:00+00:00,0.0409836,0.153575094959,0.04261372269,0.0,0.383,3.9642065789473695,3.9642066,0.20157892631579077,0.0,0.383,0.0,-0.0,0.0,1
2012-07-14 19:00:00+00:00,0.03967365,0.152076836371625,0.04125166942875,0.0,0.672,3.6105223684210537,3.6105224,0.3536841789473697,0.0,0.672,0.0,-0.0,0.0,1
2012-07-14 19:30:00+00:00,0.03729975,0.149361682311875,0.03878334755625,0.0,0.585,3.3026276315789485,3.3026276,0.30789476842105357,0.0,0.585,0.0,-0.0,0.0,1
2012-07-14 20:00:00+00:00,0.03451995,0.146182279112375,0.03589298101125,0.0,0.267,3.162101315789475,3.1621013,0.14052633157894867,0.0,0.267,0.0,-0.0,0.0,1
2012-07-14 20:30:00+00:00,0.0345753,0.14624558581325,0.0359505325575,0.0,0.284,3.0126276315789484,3.0126276,0.14947371578947477,0.0,0.284,0.0,-0.0,0.0,1
2012-07-14 21:00:00+00:00,0.03439695,0.14604159755487503,0.03576508868625,0.0,0.588,2.7031539473684223,2.7031539,0.3094737315789482,0.0,0.588,0.0,-0.0,0.0,1
2012-07-14 21:30:00+00:00,0.0343908,0.146034563477,0.03575869406999999,0.0,0.284,2.553680263157896,2.5536803,0.1494736473684224,0.0,0.284,0.0,-0.0,0.0,1
2012-07-14 22:00:00+00:00,0.0342924,0.14592201823099998,0.03565638021,0.0,0.316,2.3873644736842117,2.3873645,0.16631576315789598,0.0,0.316,0.0,-0.0,0.0,1
2012-07-14 22:30:00+00:00,0.03444615,0.146097870177875,0.03581624561625,0.0,0.416,2.168417105263159,2.1684171,0.21894737368421158,0.0,0.416,0.0,-0.0,0.0,1
2012-07-14 23:00:00+00:00,0.0343785,0.14602049532125,0.035745904837499995,0.0,0.703,1.7984171052631588,1.7984171,0.3700000052631589,0.0,0.703,0.0,-0.0,0.0,1
2012-07-14 23:30:00+00:00,0.03447075,0.14612600648937502,0.03584182408125,0.0,0.874,1.3384171052631588,1.3384171,0.46000000526315876,0.0,0.874,0.0,-0.0,0.0,1
2012-07-15 00:00:00+00:00,0.03451995,0.09668227911237502,0.03589298101125,0.0,0.997,1.3384171052631588,1.3384171,5.263158797674805e-09,0.0,0.0,0.997,0.0,0.04819611613751895,1
2012-07-15 00:30:00+00:00,0.0343785,0.09652049532125001,0.035745904837499995,0.0,0.643,1.3384171052631588,1.3384171,5.263158797674805e-09,0.0,0.0,0.643,0.0,0.03103133924578188,1
2012-07-15 01:00:00+00:00,0.0342555,0.09637981376375002,0.035618012512500005,0.0,0.618,1.3384171052631588,1.3384171,5.263158797674805e-09,0.0,0.0,0.618,0.0,0.029781362452998755,1
2012-07-15 01:30:00+00:00,0.03381885,0.09588039423462501,0.03516399475874999,0.0,0.607,1.3384171052631588,1.3384171,5.263158797674805e-09,0.0,0.0,0.607,0.0,0.02909969965020869,1
2012-07-15 02:00:00+00:00,0.03326535,0.095247327225875,0.034588479296249995,0.0,0.871,1.3384171052631588,1.3384171,5.263158797674805e-09,0.0,0.0,0.871,0.0,0.041480211006868564,1
2012-07-15 02:30:00+00:00,0.0311313,0.09280650220325001,0.032369547457499995,0.0,0.562,1.3384171052631588,1.3384171,5.263158797674805e-09,0.0,0.0,0.562,0.0,0.026078627119113258,1
2012-07-15 03:00:00+00:00,0.03159255,0.093334058043875,0.03284914367625,0.0,0.499,1.3384171052631588,1.3384171,5.263158797674805e-09,0.0,0.0,0.499,0.0,0.02328684748194681,1
2012-07-15 03:30:00+00:00,0.0308361,0.09246886646525002,0.0320626058775,0.0,1.22,1.3384171052631588,1.3384171,5.263158797674805e-09,0.0,0.0,1.22,0.0,0.05640600854380251,1
2012-07-15 04:00:00+00:00,0.0300612,0.091582572653,0.03125688423,0.0,0.921,2.0509171052631587,2.0509171,0.7124999947368411,1.5,0.0,2.4210000000000003,0.0,0.11086070419645651,1
2012-07-15 04:30:00+00:00,0.03046095,0.09203978771487499,0.03167253428625,0.0,0.313,2.3178947360131588,2.3178947,0.26697759473684135,0.56205817,0.0,0.87505817,0.0,0.04027008410248349,1
2012-07-15 05:00:00+00:00,0.02870205,0.31992804144262504,0.029843674038749997,0.0,0.157,2.2352631570657904,2.2352632,0.08263153601315887,0.0,0.157,0.0,-0.0,0.0,1
2012-07-15 05:30:00+00:00,0.03016575,0.32160215197687503,0.03136559270625,0.0,0.653,1.8915789465394746,1.8915789,0.3436842570657903,0.0,0.653,0.0,-0.0,0.0,1
2012-07-15 06:00:00+00:00,0.0262113,0.31707923990325004,0.027253854457499997,0.0,0.105,1.8363157886447377,1.8363158,0.05526314653947462,0.0,0.105,0.0,-0.0,0.0,1
2012-07-15 06:30:00+00:00,0.027921,0.3190347135525,0.029031557774999998,0.0,0.052,1.8089473675921062,1.8089474,0.027368388644737562,0.0,0.052,0.0,-0.0,0.0,1
2012-07-15 07:00:00+00:00,0.030996,0.32255175249000007,0.0322288659,0.0,0.384,1.6068421044342114,1.6068421,0.20210526759210623,0.0,0.384,0.0,-0.0,0.0,1
2012-07-15 07:30:00+00:00,0.0313773,0.3229878653182501,0.032625332107499995,0.006,0.144,1.534210525486843,1.5342105,0.07263160443421146,0.0,0.138,0.0,2.7755575615628914e-17,-4.52767436147361e-19,1
2012-07-15 08:00:00+00:00,0.03223215,0.323965602142875,0.03351418376625,0.019,0.255,1.4099999991710535,1.41,0.12421052548684308,0.0,0.236,2.7755575615628914e-17,0.0,4.49592588356966e-18,1
2012-07-15 08:30:00+00:00,0.03445845,0.326511938333625,0.035829034848750003,0.025,0.143,1.3478947360131588,1.3478947,0.06210529917105356,0.0,0.118,0.0,-0.0,0.0,1
2012-07-15 09:00:00+00:00,0.03411405,0.326118029972625,0.035470936338749995,0.044,0.705,1.0,1.0,0.3478947360131588,0.0,0.661,0.0,1.1102230246251565e-16,-1.9690325114146698e-18,1
2012-07-15 09:30:00+00:00,0.0344646,0.3265189724115001,0.03583542946499999,0.188,0.158,1.01425,1.01425,0.014250000000000096,0.03,0.0,0.0,-0.0,0.0,1
2012-07-15 10:00:00+00:00,0.03451995,0.32658227911237503,0.03589298101125,0.506,0.103,1.205675,1.205675,0.19142499999999996,0.403,0.0,0.0,-0.0,0.0,1
2012-07-15 10:30:00+00:00,0.0344523,0.32650490425575,0.035822640232499994,0.688,0.126,1.472625,1.472625,0.26695,0.562,0.0,1.1102230246251565e-16,0.0,1.8124663117888296e-17,1
2012-07-15 11:00:00+00:00,0.03443385,0.146083802022125,0.03580345638375,0.794,0.137,1.7847,1.7847,0.3120749999999999,0.657,0.0,0.0,-0.0,0.0,1
2012-07-15 11:30:00+00:00,0.03417555,0.145788370751375,0.03553488250125,0.875,0.405,2.00795,2.00795,0.22325000000000017,0.47,0.0,0.0,-0.0,0.0,1
2012-07-15 12:00:00+00:00,0.0341202,0.1457250640505,0.035477330955000004,0.981,0.076,2.437825,2.437825,0.429875,0.905,0.0,0.0,-0.0,0.0,1
2012-07-15 12:30:00+00:00,0.03394185,0.145521075792125,0.03529188708375,1.069,0.19,2.85535,2.85535,0.4175249999999999,0.879,0.0,0.0,-0.0,0.0,1
2012-07-15 13:00:00+00:00,0.03388035,0.145450735013375,0.03522794092124999,1.131,0.143,3.32465,3.32465,0.46930000000000005,0.988,0.0,0.0,-0.0,0.0,1
2012-07-15 13:30:00+00:00,0.03360975,0.145141235586875,0.03494657780625,1.169,0.226,3.7725750000000002,3.772575,0.4479249999999997,0.943,0.0,0.0,-0.0,0.0,1
2012-07-15 14:00:00+00:00,0.0338865,0.14545776909125002,0.0352343355375,1.175,0.145,4.261825,4.261825,0.48924999999999974,1.03,0.0,0.0,-0.0,0.0,1
2012-07-15 14:30:00+00:00,0.0332961,0.14478249761525003,0.0346204523775,1.069,0.286,4.63375,4.63375,0.37192500000000006,0.783,0.0,0.0,-0.0,0.0,1
2012-07-15 15:00:00+00:00,0.0336036,0.145134201509,0.034940183189999995,0.938,0.073,5.044625,5.044625,0.4108749999999999,0.865,0.0,0.0,-0.0,0.0,1
2012-07-15 15:30:00+00:00,0.0340464,0.14564065511600002,0.03540059556,0.775,0.109,5.360975,5.360975,0.3163499999999999,0.666,0.0,0.0,-0.0,0.0,1
2012-07-15 16:00:00+00:00,0.03431085,0.14594312046462501,0.03567556405875,0.381,0.062,5.5125,5.5125,0.15152500000000035,0.319,0.0,0.0,-0.0,0.0,1
2012-07-15 16:30:00+00:00,0.0344523,0.14610490425574998,0.035822640232499994,0.05,0.116,5.477763157894737,5.4777632,0.03473680000000012,0.0,0.066,0.0,-0.0,0.0,1
2012-07-15 17:00:00+00:00,0.03677085,0.148756751614625,0.03823341055875,0.006,0.396,5.2725,5.2725,0.20526315789473681,0.0,0.39,0.0,-0.0,0.0,1
2012-07-15 17:30:00+00:00,0.04092825,0.153511788258125,0.042556171143749995,0.0,0.238,5.147236842105263,5.1472368,0.12526320000000002,0.0,0.238,0.0,-0.0,0.0,1
2012-07-15 18:00:00+00:00,0.0563094,0.1711040170235,0.058549106385,0.0,0.205,5.039342105263158,5.0393421,0.1078947421052634,0.0,0.205,0.0,-0.0,0.0,1
2012-07-15 18:30:00+00:00,0.05283465,0.167129763024125,0.05493614820374999,0.0,0.986,4.520394736842105,4.5203947,0.518947405263158,0.0,0.986,0.0,-0.0,0.0,1
2012-07-15 19:00:00+00:00,0.04690605,0.16034891195262502,0.04877173813874999,0.0,0.782,4.108815789473684,4.1088158,0.4115789368421048,0.0,0.782,0.0,-0.0,0.0,1
2012-07-15 19:30:00+00:00,0.0440217,0.15704992942924997,0.04577266311749999,0.0,0.56,3.8140789473684205,3.8140789,0.2947368894736835,0.0,0.56,0.0,-0.0,0.0,1
2012-07-15 20:00:00+00:00,0.04156785,0.154243332357125,0.04322121123375,0.0,0.203,3.7072368421052624,3.7072368,0.10684214736842046,0.0,0.203,0.0,-0.0,0.0,1
2012-07-15 20:30:00+00:00,0.0418815,0.15460207032875,0.0435473366625,0.0,0.284,3.557763157894736,3.5577632,0.14947364210526226,0.0,0.284,0.0,-0.0,0.0,1
2012-07-15 21:00:00+00:00,0.0406146,0.1531530502865,0.042230045715,0.0,0.214,3.4451315789473673,3.4451316,0.11263155789473611,0.0,0.214,0.0,-0.0,0.0,1
2012-07-15 21:30:00+00:00,0.03806235,0.150233907968375,0.03957627997125,0.0,0.455,3.205657894736841,3.2056579,0.23947367894736749,0.0,0.455,0.0,-0.0,0.0,1
2012-07-15 22:00:00+00:00,0.0350058,0.1467379712645,0.036398155695,0.0,0.12,3.1424999999999987,3.1425,0.06315789473684097,0.0,0.12,0.0,-0.0,0.0,1
2012-07-15 22:30:00+00:00,0.0370968,0.14912955774199999,0.038572325219999995,0.0,0.405,2.9293421052631565,2.9293421,0.2131578999999988,0.0,0.405,0.0,-0.0,0.0,1
2012-07-15 23:00:00+00:00,0.0357807,0.14762426507675,0.0372038773425,0.0,0.65,2.587236842105262,2.5872368,0.34210530526315663,0.0,0.65,0.0,-0.0,0.0,1
2012-07-15 23:30:00+00:00,0.0349566,0.14668169864150002,0.036346998765,0.0,0.12,2.5240789473684195,2.5240789,0.06315794210526171,0.0,0.12,0.0,-0.0,0.0,1
2012-07-16 00:00:00+00:00,0.03432315,0.096457188620375,0.035688353291249995,0.0,0.05,2.5240789473684195,2.5240789,4.736841940911063e-08,0.0,0.0,0.05,0.0,0.0024114297155093754,1
2012-07-16 00:30:00+00:00,0.03391725,0.09599293948062503,0.03526630861875,0.0,0.363,2.5240789473684195,2.5240789,4.736841940911063e-08,0.0,0.0,0.363,0.0,0.017422718515733442,1
2012-07-16 01:00:00+00:00,0.0343293,0.09646422269825002,0.0356947479075,0.0,0.05,2.5240789473684195,2.5240789,4.736841940911063e-08,0.0,0.0,0.05,0.0,0.0024116055674562507,1
2012-07-16 01:30:00+00:00,0.033948,0.09602810987000002,0.035298281699999996,0.0,0.112,2.5240789473684195,2.5240789,4.736841940911063e-08,0.0,0.0,0.112,0.0,0.005377574152720001,1
2012-07-16 02:00:00+00:00,0.03330225,0.09528953169312501,0.034626846993749995,0.0,0.048,2.5240789473684195,2.5240789,4.736841940911063e-08,0.0,0.0,0.048,0.0,0.0022869487606350003,1
2012-07-16 02:30:00+00:00,0.0323613,0.09421331777825001,0.0336484707075,0.0,0.111,2.5240789473684195,2.5240789,4.736841940911063e-08,0.0,0.0,0.111,0.0,0.005228839136692876,1
2012-07-16 03:00:00+00:00,0.0321276,0.09394602281900001,0.03340547529,0.0,0.349,2.5240789473684195,2.5240789,4.736841940911063e-08,0.0,0.0,0.349,0.0,0.0163935809819155,1
2012-07-16 03:30:00+00:00,0.0312912,0.09298938822800001,0.03253580748,0.0,0.765,2.5240789473684195,2.5240789,4.736841940911063e-08,0.0,0.0,0.765,0.0,0.03556844099721001,1
2012-07-16 04:00:00+00:00,0.03089145,0.09253217316612501,0.03212015742375,0.0,0.653,3.09894736486842,3.0989474,0.5748684526315806,1.2102493,0.0,1.8632493,0.0,0.0862052534396306,1
2012-07-16 04:30:00+00:00,0.0330747,0.09502927081175,0.034390246192499994,0.0,0.092,3.09894736486842,3.0989474,3.513158031154262e-08,0.0,0.0,0.092,0.0,0.0043713464573405,1
2012-07-16 05:00:00+00:00,0.034071,0.3260687914275,0.035426174025,0.0,0.136,3.0273684174999986,3.0273684,0.07157896486841997,0.0,0.136,0.0,-0.0,0.0,1
2012-07-16 05:30:00+00:00,0.0347721,0.32687067630525,0.0361551602775,0.0,0.914,2.5463157859210512,2.5463158,0.4810526174999987,0.0,0.914,0.0,-0.0,0.0,1
2012-07-16 06:00:00+00:00,0.0349935,0.32712390310875006,0.0363853664625,0.0,0.918,2.063157891184209,2.0631579,0.483157885921051,0.0,0.918,0.0,-0.0,0.0,1
2012-07-16 06:30:00+00:00,0.03774255,0.33026813591887505,0.039243759926249996,0.0,0.675,1.707894733289472,1.7078947,0.355263191184209,0.0,0.675,0.0,-0.0,0.0,1
2012-07-16 07:00:00+00:00,0.042804,0.33605718201,0.0445065291,0.0,0.387,1.5042105227631564,1.5042105,0.20368423328947216,0.0,0.387,0.0,-0.0,0.0,1
2012-07-16 07:30:00+00:00,0.04277325,0.33602201162062506,0.04447455601874999,0.006,0.226,1.388421049078946,1.388421,0.11578952276315646,0.0,0.22,0.0,-0.0,0.0,1
2012-07-16 08:00:00+00:00,0.04704135,0.34090366166587505,0.04891241969625,0.019,0.631,1.0663157859210513,1.0663158,0.322105249078946,0.0,0.612,0.0,-0.0,0.0,1
2012-07-16 08:30:00+00:00,0.0483267,0.34237378394175005,0.0502488944925,0.025,0.07,1.0426315753947355,1.0426316,0.02368418592105126,0.0,0.045,6.938893903907228e-18,0.0,1.18784768112553e-18,1
2012-07-16 09:00:00+00:00,0.04705365,0.34091772982162505,0.04892520892875,0.044,0.125,1.0000000001315776,1.0,0.0426315753947355,0.0,0.080999993,6.999999996315509e-09,0.0,1.1932120537476335e-09,1
2012-07-16 09:30:00+00:00,0.0467646,0.3405871281615,0.048624661964999996,0.181,0.052,1.0612750001315776,1.061275,0.06127499986842233,0.129,0.0,0.0,-0.0,0.0,1
2012-07-16 10:00:00+00:00,0.04634025,0.34010177678812503,0.04818343344374999,0.506,0.37,1.1258750001315776,1.125875,0.06459999986842235,0.136,0.0,0.0,-0.0,0.0,1
2012-07-16 10:30:00+00:00,0.0456576,0.3393209941440001,0.04747363104,0.681,0.056,1.4227500001315776,1.42275,0.29687499986842236,0.625,0.0,0.0,-0.0,0.0,1
2012-07-16 11:00:00+00:00,0.0416601,0.15434884352525,0.04331713047749999,0.794,0.116,1.7448000001315775,1.7448,0.3220499998684223,0.678,0.0,0.0,-0.0,0.0,1
2012-07-16 11:30:00+00:00,0.04076835,0.153328902233375,0.04238991112125,0.881,0.065,2.1324000001315775,2.1324,0.38759999986842253,0.816,0.0,0.0,-0.0,0.0,1
2012-07-16 12:00:00+00:00,0.03978435,0.152203449773375,0.041366772521250005,0.969,0.13,2.5309250001315773,2.530925,0.3985249998684224,0.839,0.0,0.0,-0.0,0.0,1
2012-07-16 12:30:00+00:00,0.03605745,0.147940798581125,0.037491635073749995,1.063,0.291,2.897625000131577,2.897625,0.36669999986842283,0.772,0.0,0.0,-0.0,0.0,1
2012-07-16 13:00:00+00:00,0.0344892,0.14614710872300002,0.035861007929999994,1.125,0.127,3.371675000131577,3.371675,0.4740499998684231,0.998,0.0,0.0,-0.0,0.0,1
2012-07-16 13:30:00+00:00,0.0347721,0.14647067630525,0.0361551602775,1.156,0.051,3.896550000131577,3.89655,0.5248749998684228,1.105,0.0,0.0,-0.0,0.0,1
2012-07-16 14:00:00+00:00,0.0346245,0.14630185843625002,0.0360016894875,1.15,0.121,4.3853250001315764,4.385325,0.488774999868423,1.029,0.0,0.0,-0.0,0.0,1
2012-07-16 14:30:00+00:00,0.0342555,0.14587981376375,0.035618012512500005,1.038,0.053,4.853200000131577,4.8532,0.46787499986842374,0.985,0.0,0.0,-0.0,0.0,1
2012-07-16 15:00:00+00:00,0.034194,0.14580947298500002,0.03555406635,0.913,0.411,5.091650000131577,5.09165,0.23844999986842286,0.502,0.0,0.0,-0.0,0.0,1
2012-07-16 15:30:00+00:00,0.0340587,0.14565472327175,0.035413384792499995,0.738,0.376,5.263600000131577,5.2636,0.1719499998684233,0.362,0.0,0.0,-0.0,0.0,1
2012-07-16 16:00:00+00:00,0.034686,0.146372199215,0.03606563565,0.369,0.116,5.3837750001315765,5.383775,0.12017499986842317,0.253,0.0,0.0,-0.0,0.0,1
2012-07-16 16:30:00+00:00,0.0368262,0.14882005831550002,0.038290962105000007,0.05,0.06,5.37851184223684,5.3785118,0.00526320013157644,0.0,0.01,0.0,5.204170427930421e-18,-9.963634632192271e-20,1
2012-07-16 17:00:00+00:00,0.0376257,0.14973448843925,0.039122262217499995,0.006,0.229,5.261143421184208,5.2611434,0.11736844223683995,0.0,0.223,0.0,-0.0,0.0,1
2012-07-16 17:30:00+00:00,0.0412665,0.15389866254125,0.042907875037499994,0.0,0.217,5.146932894868419,5.1469329,0.11421052118420771,0.0,0.217,0.0,-0.0,0.0,1
2012-07-16 18:00:00+00:00,0.0482898,0.16193157947450001,0.050210526795,0.0,0.5,4.8837750001315765,4.883775,0.263157894868419,0.0,0.5,0.0,-0.0,0.0,1
2012-07-16 18:30:00+00:00,0.04855425,0.162234044823125,0.050485495293749995,0.0,0.174,4.792196052763155,4.7921961,0.09157890013157655,0.0,0.174,0.0,-0.0,0.0,1
2012-07-16 19:00:00+00:00,0.047355,0.1608623996375,0.049238545125,0.0,0.303,4.632722368552629,4.6327224,0.15947365276315573,0.0,0.303,0.0,-0.0,0.0,1
2012-07-16 19:30:00+00:00,0.0408114,0.1533781407785,0.042434673434999994,0.0,0.284,4.483248684342103,4.4832487,0.14947366855262878,0.0,0.284,0.0,-0.0,0.0,1
2012-07-16 20:00:00+00:00,0.0407376,0.153293731844,0.042357938039999994,0.0,0.235,4.359564473815787,4.3595645,0.12368418434210238,0.0,0.235,0.0,-0.0,0.0,1
2012-07-16 20:30:00+00:00,0.0414387,0.15409561672175,0.043086924292499995,0.0,0.499,4.096932894868419,4.0969329,0.2626315738157876,0.0,0.499,0.0,-0.0,0.0,1
2012-07-16 21:00:00+00:00,0.0408114,0.1533781407785,0.042434673434999994,0.0,0.232,3.9748276317105242,3.9748276,0.12210529486841937,0.0,0.232,0.0,-0.0,0.0,1
2012-07-16 21:30:00+00:00,0.0380439,0.15021280573475002,0.039557096122499996,0.0,0.427,3.750090789605261,3.7500908,0.22473683171052405,0.0,0.427,0.0,-0.0,0.0,1
2012-07-16 22:00:00+00:00,0.03562695,0.147448413129875,0.03704401193624999,0.0,0.15,3.671143421184208,3.6711434,0.07894738960526082,0.0,0.15,0.0,-0.0,0.0,1
2012-07-16 22:30:00+00:00,0.0438864,0.156895179716,0.04563198156,0.0,0.195,3.56851184223684,3.5685118,0.10263162118420821,0.0,0.195,0.0,-0.0,0.0,1
2012-07-16 23:00:00+00:00,0.0363465,0.14827140024125,0.0377921820375,0.0,0.905,3.0921960527631556,3.0921961,0.47631574223684003,0.0,0.905,0.0,-0.0,0.0,1
2012-07-16 23:30:00+00:00,0.0352641,0.14703340253525,0.036666729577499994,0.0,0.122,3.0279855264473663,3.0279855,0.06421055276315535,0.0,0.122,0.0,-0.0,0.0,1
2012-07-17 00:00:00+00:00,0.0357192,0.098053924298,0.037139931179999995,0.0,0.064,3.0279855264473663,3.0279855,2.6447366074933143e-08,0.0,0.0,0.064,0.0,0.003137725577536,1
2012-07-17 00:30:00+00:00,0.03433545,0.096471256776125,0.03570114252375,0.0,0.098,3.0279855264473663,3.0279855,2.6447366074933143e-08,0.0,0.0,0.098,0.0,0.004727091582030126,1
2012-07-17 01:00:00+00:00,0.03436005,0.09649939308762502,0.03572672098875,0.0,0.074,3.0279855264473663,3.0279855,2.6447366074933143e-08,0.0,0.0,0.074,0.0,0.0035704775442421256,1
2012-07-17 01:30:00+00:00,0.0342801,0.09640795007524999,0.03564359097749999,0.0,0.288,3.0279855264473663,3.0279855,2.6447366074933143e-08,0.0,0.0,0.288,0.0,0.013882744810835998,1
2012-07-17 02:00:00+00:00,0.03406485,0.09616175734962502,0.03541977940875,0.0,0.14,3.0279855264473663,3.0279855,2.6447366074933143e-08,0.0,0.0,0.14,0.0,0.006731323014473752,1
2012-07-17 02:30:00+00:00,0.03343755,0.09544428140637501,0.03476752855125,0.0,0.089,3.0279855264473663,3.0279855,2.6447366074933143e-08,0.0,0.0,0.089,0.0,0.004247270522583687,1
2012-07-17 03:00:00+00:00,0.0328779,0.09480418031975,0.0341856184725,0.0,0.156,3.0279855264473663,3.0279855,2.6447366074933143e-08,0.0,0.0,0.156,0.0,0.007394726064940501,1
2012-07-17 03:30:00+00:00,0.03204765,0.093854579806625,0.03332234527874999,0.0,0.723,3.0279855264473663,3.0279855,2.6447366074933143e-08,0.0,0.0,0.723,0.0,0.033928430600094935,1
2012-07-17 04:00:00+00:00,0.0319431,0.09373500048275,0.0332136368025,0.0,0.929,3.0279855264473663,3.0279855,2.6447366074933143e-08,0.0,0.0,0.929,0.0,0.04353990772423738,1
2012-07-17 04:30:00+00:00,0.0319062,0.09369279601550001,0.033175269105,0.0,0.054,3.0279855264473663,3.0279855,2.6447366074933143e-08,0.0,0.0,0.054,0.0,0.0025297054924185002,1
2012-07-17 05:00:00+00:00,0.03293325,0.324767487020625,0.03424317001874999,0.0,0.162,2.9427223685526296,2.9427224,0.08526312644736622,0.0,0.162,0.0,-0.0,0.0,1
2012-07-17 05:30:00+00:00,0.0340095,0.32599845064875,0.0353622278625,0.0,0.639,2.6064065790789455,2.6064066,0.33631576855262946,0.0,0.639,0.0,-0.0,0.0,1
2012-07-17 06:00:00+00:00,0.03223215,0.323965602142875,0.03351418376625,0.0,0.103,2.552196052763156,2.5521961,0.05421047907894527,0.0,0.103,0.0,-0.0,0.0,1
2012-07-17 06:30:00+00:00,0.03589755,0.32815791255637505,0.03732537505125,0.0,0.296,2.3964065790789455,2.3964066,0.1557894527631558,0.0,0.296,0.0,-0.0,0.0,1
2012-07-17 07:00:00+00:00,0.041574,0.33465036643500007,0.043227605849999996,0.0,0.108,2.3395644738157877,2.3395645,0.05684207907894567,0.0,0.108,0.0,-0.0,0.0,1
2012-07-17 07:30:00+00:00,0.04426155,0.337724258466375,0.04602205315124999,0.006,0.136,2.2711434211842088,2.2711434,0.06842107381578755,0.0,0.13,0.0,-0.0,0.0,1
2012-07-17 08:00:00+00:00,0.0523365,0.34696000271625005,0.0544181842875,0.019,0.205,2.1732486843421035,2.1732487,0.09789472118420894,0.0,0.186,0.0,-0.0,0.0,1
2012-07-17 08:30:00+00:00,0.05092815,0.345349198882875,0.05295381716624999,0.031,0.44,1.9579855264473667,1.9579855,0.21526318434210356,0.0,0.409,5.551115123125783e-17,0.0,9.585365803390506e-18,1
2012-07-17 09:00:00+00:00,0.04312995,0.336429988137375,0.04484544376125,0.044,0.389,1.7764065790789456,1.7764066,0.18157892644736662,0.0,0.345,5.551115123125783e-17,0.0,9.33780797511205e-18,1
2012-07-17 09:30:00+00:00,0.0414387,0.33449561672175004,0.043086924292499995,0.194,0.066,1.8372065790789456,1.8372066,0.06080002092105441,0.128,0.0,0.0,-0.0,0.0,1
2012-07-17 10:00:00+00:00,0.04076835,0.33372890223337504,0.04238991112125,0.525,0.128,2.0257815790789455,2.0257816,0.1885750209210546,0.397,0.0,0.0,-0.0,0.0,1
2012-07-17 10:30:00+00:00,0.04025175,0.333138039691875,0.041852763356249996,0.706,0.163,2.2837065790789457,2.2837066,0.2579250209210544,0.543,0.0,1.1102230246251565e-16,0.0,1.8492876102220446e-17,1
2012-07-17 11:00:00+00:00,0.03562695,0.147448413129875,0.03704401193624999,0.813,0.311,2.5221565790789455,2.5221566,0.2384500209210545,0.502,0.0,0.0,-0.0,0.0,1
2012-07-17 11:30:00+00:00,0.03449535,0.146154142800875,0.03586740254625,0.894,0.367,2.7724815790789457,2.7724816,0.25032502092105435,0.527,0.0,0.0,-0.0,0.0,1
2012-07-17 12:00:00+00:00,0.0344769,0.14613304056725002,0.035848218697499996,1.006,0.12,3.193331579078946,3.1933316,0.4208500209210544,0.886,0.0,0.0,-0.0,0.0,1
2012-07-17 12:30:00+00:00,0.03442155,0.146069733866375,0.035790667151250004,1.1,0.059,3.687806579078946,3.6878066,0.4944750209210542,1.041,0.0,0.0,2.220446049250313e-16,-3.9735622738013014e-18,1
2012-07-17 13:00:00+00:00,0.0336651,0.14520454228775,0.035004129352499996,1.169,0.101,4.195106579078946,4.1951066,0.5073000209210541,1.068,0.0,0.0,-0.0,0.0,1
2012-07-17 13:30:00+00:00,0.03364665,0.14518344005412498,0.034984945503749997,1.219,0.068,4.741831579078946,4.7418316,0.5467250209210546,1.151,0.0,0.0,-0.0,0.0,1
2012-07-17 14:00:00+00:00,0.03343755,0.144944281406375,0.03476752855125,1.206,0.339,5.153656579078946,5.1536566,0.41182502092105366,0.867,0.0,0.0,-0.0,0.0,1
2012-07-17 14:30:00+00:00,0.0330501,0.14450113450025,0.0343646677275,1.088,0.075,5.634831579078947,5.6348316,0.4811750209210537,1.013,0.0,0.0,2.220446049250313e-16,-3.8152445344663554e-18,1
2012-07-17 15:00:00+00:00,0.03287175,0.144297146241875,0.034179223856249996,0.95,0.087,6.044756579078947,6.0447566,0.40992502092105365,0.863,0.0,0.0,-0.0,0.0,1
2012-07-17 15:30:00+00:00,0.0331485,0.14461367974624997,0.034466981587499994,0.763,0.081,6.368706579078947,6.3687066,0.3239500209210533,0.682,0.0,0.0,-0.0,0.0,1
2012-07-17 16:00:00+00:00,0.03376965,0.145324121611625,0.03511283782875,0.381,0.166,6.470831579078947,6.4708316,0.10212502092105336,0.215,0.0,0.0,-0.0,0.0,1
2012-07-17 16:30:00+00:00,0.0342678,0.1458938819195,0.035630801744999996,0.063,0.157,6.421357894868421,6.4213579,0.04947367907894673,0.0,0.094,0.0,-0.0,0.0,1
2012-07-17 17:00:00+00:00,0.03568845,0.14751875390862498,0.03710795809874999,0.006,1.45,5.661357894868421,5.6613579,0.7599999948684211,0.0,1.444,0.0,-0.0,0.0,1
2012-07-17 17:30:00+00:00,0.0417093,0.15440511614825,0.04336828740749999,0.0,1.78,4.871884210657894,4.8718842,0.7894736948684207,0.0,1.5,0.28,0.0,0.021616716260755002,1
2012-07-17 18:00:00+00:00,0.0576747,0.17266558231174997,0.059968711192499996,0.0,0.98,4.3560947369736835,4.3560947,0.5157895106578945,0.0,0.98,0.0,-0.0,0.0,1
2012-07-17 18:30:00+00:00,0.0560142,0.1707663812855,0.058242164804999996,0.0,0.31,4.192936842236842,4.1929368,0.16315793697368353,0.0,0.31,0.0,-0.0,0.0,1
2012-07-17 19:00:00+00:00,0.04940295,0.16320474756987502,0.051367952336249995,0.0,0.48,3.9403052632894733,3.9403053,0.2526315422368417,0.0,0.48,0.0,-0.0,0.0,1
2012-07-17 19:30:00+00:00,0.0443907,0.15747197410174998,0.04615634009249999,0.0,0.312,3.776094736973684,3.7760947,0.16421056328947348,0.0,0.312,0.0,-0.0,0.0,1
2012-07-17 20:00:00+00:00,0.0453747,0.15859742656175,0.04717947869249999,0.0,0.238,3.650831579078947,3.6508316,0.12526313697368385,0.0,0.238,0.0,-0.0,0.0,1
2012-07-17 20:30:00+00:00,0.04322835,0.156142533383375,0.044947757621249994,0.0,0.271,3.5082000001315787,3.5082,0.1426315790789472,0.0,0.271,0.0,-0.0,0.0,1
2012-07-17 21:00:00+00:00,0.04156785,0.154243332357125,0.04322121123375,0.0,0.21,3.397673684342105,3.3976737,0.11052630013157883,0.0,0.21,0.0,-0.0,0.0,1
2012-07-17 21:30:00+00:00,0.03694305,0.148953705795125,0.038412459813749994,0.0,0.49,3.1397789474999995,3.1397789,0.2578947843421049,0.0,0.49,0.0,-0.0,0.0,1
2012-07-17 22:00:00+00:00,0.03463065,0.146308892514125,0.03600808410375,0.0,0.369,2.94556842118421,2.9455684,0.19421054749999955,0.0,0.369,0.0,-0.0,0.0,1
2012-07-17 22:30:00+00:00,0.03715215,0.149192864442875,0.03862987676625,0.0,0.201,2.8397789474999993,2.8397789,0.1057895211842097,0.0,0.201,0.0,-0.0,0.0,1
2012-07-17 23:00:00+00:00,0.0346614,0.14634406290350002,0.036040057185,0.0,0.718,2.461884210657894,2.4618842,0.3778947474999992,0.0,0.718,0.0,-0.0,0.0,1
2012-07-17 23:30:00+00:00,0.03543015,0.14722332263787502,0.03683938421625,0.0,0.876,2.000831579078947,2.0008316,0.46105261065789405,0.0,0.876,0.0,-0.0,0.0,1
2012-07-18 00:00:00+00:00,0.03347445,0.09548648587362503,0.03480589624875,0.0,1.213,2.000831579078947,2.0008316,2.0921053334177486e-08,0.0,0.0,1.213,0.0,0.05791255368235358,1
2012-07-18 00:30:00+00:00,0.0337143,0.09576081491075002,0.0350552862825,0.0,0.992,2.000831579078947,2.0008316,2.0921053334177486e-08,0.0,0.0,0.992,0.0,0.04749736419573201,1
2012-07-18 01:00:00+00:00,0.03404025,0.096133621038125,0.035394200943749995,0.0,0.584,2.000831579078947,2.0008316,2.0921053334177486e-08,0.0,0.0,0.584,0.0,0.0280710173431325,1
2012-07-18 01:30:00+00:00,0.0332469,0.09522622499225,0.0345692954475,0.0,0.645,2.000831579078947,2.0008316,2.0921053334177486e-08,0.0,0.0,0.645,0.0,0.030710457560000626,1
2012-07-18 02:00:00+00:00,0.0324351,0.09429772671275001,0.0337252061025,0.0,0.584,2.000831579078947,2.0008316,2.0921053334177486e-08,0.0,0.0,0.584,0.0,0.027534936200123,1
2012-07-18 02:30:00+00:00,0.03215835,0.09398119320837502,0.03343744837125,0.0,0.677,2.000831579078947,2.0008316,2.0921053334177486e-08,0.0,0.0,0.677,0.0,0.03181263390103495,1
2012-07-18 03:00:00+00:00,0.0310944,0.09276429773600002,0.03233117976,0.0,0.117,2.000831579078947,2.0008316,2.0921053334177486e-08,0.0,0.0,0.117,0.0,0.005426711417556002,1
2012-07-18 03:30:00+00:00,0.0311559,0.09283463851475002,0.0323951259225,0.0,0.754,2.000831579078947,2.0008316,2.0921053334177486e-08,0.0,0.0,0.754,0.0,0.034998658720060756,1
2012-07-18 04:00:00+00:00,0.0305901,0.09218750335025,0.0318068212275,0.0,0.663,2.7133315790789467,2.7133316,0.7125000209210532,1.5,0.0,2.1630000000000003,0.0,0.09970078487329538,1
2012-07-18 04:30:00+00:00,0.03075,0.092370389375,0.03197308124999999,0.0,0.084,3.1665565768289468,3.1665566,0.2377210209210534,0.95415789,0.0,1.03815789,0.0,0.04794752426601421,1
2012-07-18 05:00:00+00:00,0.0313896,0.323001933474,0.03263812133999999,0.0,0.386,2.9633986820921048,2.9633987,0.20315787682894682,0.0,0.386,0.0,-0.0,0.0,1
2012-07-18 05:30:00+00:00,0.03364665,0.325583440054125,0.034984945503749997,0.0,0.66,2.616030261039473,2.6160303,0.34736838209210497,0.0,0.66,0.0,-0.0,0.0,1
2012-07-18 06:00:00+00:00,0.03060855,0.32210860558387505,0.031826005076250004,0.0,0.912,2.136030261039473,2.1360303,0.4799999610394732,0.0,0.912,0.0,-0.0,0.0,1
2012-07-18 06:30:00+00:00,0.0343539,0.32639235900975005,0.03572032637249999,0.0,0.727,1.7533986820921046,1.7533987,0.38263156103947304,0.0,0.727,0.0,-0.0,0.0,1
2012-07-18 07:00:00+00:00,0.0379947,0.33055653311175004,0.03950593919249999,0.0,0.302,1.5944513136710519,1.5944513,0.15894738209210457,0.0,0.302,0.0,-0.0,0.0,1
2012-07-18 07:30:00+00:00,0.0374289,0.32990939794725005,0.0389176344975,0.013,0.176,1.5086618399868414,1.5086618,0.08578951367105181,0.0,0.163,0.0,2.7755575615628914e-17,-5.400906735383848e-19,1
2012-07-18 08:00:00+00:00,0.04058385,0.333517879897125,0.04219807263374999,0.081,0.27,1.409188155776315,1.4091882,0.09947363998684144,0.0,0.189,0.0,-0.0,0.0,1
2012-07-18 08:30:00+00:00,0.04054695,0.333475675429875,0.04215970493624999,0.138,0.153,1.4012934189342099,1.4012934,0.007894755776315154,0.0,0.015,0.0,1.3877787807814457e-17,-2.9254171957267256e-19,1
2012-07-18 09:00:00+00:00,0.0392001,0.33193521237525003,0.0407592839775,0.2,0.461,1.2639249978815783,1.263925,0.13736841893420992,0.0,0.261,0.0,-0.0,0.0,1
2012-07-18 09:30:00+00:00,0.0391755,0.33190707606375003,0.0407337055125,0.294,0.386,1.2155039452499994,1.2155039,0.04842109788157822,0.0,0.092,2.7755575615628914e-17,0.0,4.606135973524856e-18,1
2012-07-18 10:00:00+00:00,0.03686925,0.329269296860625,0.038335724418749995,0.531,0.162,1.3907789452499995,1.3907789,0.17527495475000054,0.369,0.0,0.0,-0.0,0.0,1
2012-07-18 10:30:00+00:00,0.034563,0.32663151765750004,0.035937743325,0.7,0.078,1.6862289452499994,1.6862289,0.29544995475000047,0.622,0.0,0.0,-0.0,0.0,1
2012-07-18 11:00:00+00:00,0.0347598,0.14645660814949998,0.036142371044999996,0.806,0.246,1.9522289452499995,1.9522289,0.2659999547500005,0.56,0.0,0.0,-0.0,0.0,1
2012-07-18 11:30:00+00:00,0.03437235,0.146013461243375,0.03573951022125,0.888,0.148,2.3037289452499996,2.3037289,0.3514999547500004,0.74,0.0,0.0,-0.0,0.0,1
2012-07-18 12:00:00+00:00,0.03381885,0.145380394234625,0.03516399475874999,0.988,0.287,2.6367039452499994,2.6367039,0.3329749547500005,0.701,0.0,0.0,-0.0,0.0,1
2012-07-18 12:30:00+00:00,0.03284715,0.144269009930375,0.03415364539125,1.081,0.148,3.0798789452499995,3.0798789,0.4431749547500008,0.933,0.0,0.0,-0.0,0.0,1
2012-07-18 13:00:00+00:00,0.03164175,0.142890330666875,0.03290030060625,1.15,0.118,3.5700789452499997,3.5700789,0.49019995475000044,1.032,0.0,0.0,-0.0,0.0,1
2012-07-18 13:30:00+00:00,0.0330132,0.144458930033,0.03432630003,1.194,0.053,4.11205394525,4.1120539,0.5419749547500006,1.141,0.0,0.0,-0.0,0.0,1
2012-07-18 14:00:00+00:00,0.0318078,0.14308025076949998,0.033072955244999994,1.163,0.122,4.606528945249999,4.6065289,0.49447495475000025,1.041,0.0,0.0,2.220446049250313e-16,-3.671835640539633e-18,1
2012-07-18 14:30:00+00:00,0.03156795,0.142805921732375,0.032823565211249996,1.063,0.05,5.087703945249999,5.0877039,0.48117495475000105,1.013,0.0,0.0,-0.0,0.0,1
2012-07-18 15:00:00+00:00,0.0314757,0.14270041056425,0.0327276459675,0.913,0.418,5.322828945249999,5.3228289,0.2351249547500016,0.495,0.0,0.0,-0.0,0.0,1
2012-07-18 15:30:00+00:00,0.03220755,0.143537465831375,0.033488605301249995,0.738,0.116,5.618278945249998,5.6182789,0.29544995475000135,0.622,0.0,0.0,-0.0,0.0,1
2012-07-18 16:00:00+00:00,0.0330009,0.14444486187724997,0.034313510797499995,0.369,0.16,5.717553945249998,5.7175539,0.09927495475000203,0.209,0.0,0.0,-0.0,0.0,1
2012-07-18 16:30:00+00:00,0.03485205,0.146562119317625,0.036238290288749996,0.081,0.05,5.732278945249998,5.7322789,0.014724954750001906,0.031,0.0,0.0,-0.0,0.0,1
2012-07-18 17:00:00+00:00,0.03492585,0.14664652825212499,0.036315025683749995,0.006,0.125,5.669647366302629,5.6696474,0.06263154524999859,0.0,0.119,0.0,-0.0,0.0,1
2012-07-18 17:30:00+00:00,0.0414879,0.15415188934475,0.04313808122249999,0.0,0.064,5.635963155776314,5.6359632,0.03368416630262949,0.0,0.064,0.0,-0.0,0.0,1
2012-07-18 18:00:00+00:00,0.04959975,0.163429838061875,0.05157258005625,0.0,0.499,5.373331576828946,5.3733316,0.2626315557763137,0.0,0.499,0.0,-0.0,0.0,1
2012-07-18 18:30:00+00:00,0.05277315,0.167059422245375,0.05487220204124999,0.0,0.523,5.098068418934209,5.0980684,0.27526317682894597,0.0,0.523,0.0,-0.0,0.0,1
2012-07-18 19:00:00+00:00,0.04889865,0.162627953184125,0.050843593803750003,0.0,0.343,4.917542103144735,4.9175421,0.18052631893420834,0.0,0.343,0.0,-0.0,0.0,1
2012-07-18 19:30:00+00:00,0.0419922,0.1547286837305,0.043662439755,0.0,0.212,4.805963155776314,4.8059632,0.11157890314473473,0.0,0.212,0.0,-0.0,0.0,1
2012-07-18 20:00:00+00:00,0.03984585,0.152273790552125,0.04143071868375,0.0,0.275,4.661226313671051,4.6612263,0.1447368557763138,0.0,0.275,0.0,-0.0,0.0,1
2012-07-18 20:30:00+00:00,0.039729,0.15214014307249998,0.041309220975,0.0,0.468,4.414910524197367,4.4149105,0.2463158136710506,0.0,0.468,0.0,-0.0,0.0,1
2012-07-18 21:00:00+00:00,0.03919395,0.151528178297375,0.040752889361249996,0.0,0.26,4.278068418934209,4.2780684,0.13684212419736674,0.0,0.26,0.0,-0.0,0.0,1
2012-07-18 21:30:00+00:00,0.0363342,0.1482573320855,0.03777939280499999,0.0,0.239,4.152278945249999,4.1522789,0.12578951893420953,0.0,0.239,0.0,-0.0,0.0,1
2012-07-18 22:00:00+00:00,0.03428625,0.145914984153125,0.035649985593749996,0.0,0.251,4.020173682092104,4.0201737,0.13210524524999911,0.0,0.251,0.0,-0.0,0.0,1
2012-07-18 22:30:00+00:00,0.0449073,0.15806283664325002,0.0466934878575,0.0,0.428,3.7949105241973675,3.7949105,0.2252631820921045,0.0,0.428,0.0,-0.0,0.0,1
2012-07-18 23:00:00+00:00,0.03631575,0.148236229851875,0.03776020895625,0.0,0.968,3.285436839986841,3.2854368,0.5094737241973677,0.0,0.968,0.0,-0.0,0.0,1
2012-07-18 23:30:00+00:00,0.03770565,0.149825931451625,0.03920539222875,0.0,1.087,2.7133315768289465,2.7133316,0.5721052399868412,0.0,1.087,0.0,-0.0,0.0,1
2012-07-19 00:00:00+00:00,0.03556545,0.09787807235112501,0.03698006577375,0.0,0.98,2.7133315768289465,2.7133316,2.317105352034332e-08,0.0,0.0,0.98,0.0,0.04796025545205126,1
2012-07-19 00:30:00+00:00,0.0338127,0.09587336015675002,0.0351576001425,0.0,0.998,2.7133315768289465,2.7133316,2.317105352034332e-08,0.0,0.0,0.998,0.0,0.04784080671821826,1
2012-07-19 01:00:00+00:00,0.0328164,0.09473383954100002,0.03412167231,0.0,0.758,3.4258315768289465,3.4258316,0.7125000231710534,1.5,0.0,2.258,0.0,0.10695450484178902,1
2012-07-19 01:30:00+00:00,0.0342186,0.09633760929650001,0.035579644815000006,0.0,0.848,3.4258315768289465,3.4258316,2.317105352034332e-08,0.0,0.0,0.848,0.0,0.040847146341716004,1
2012-07-19 02:00:00+00:00,0.0335421,0.09556386073025,0.03487623702749999,0.0,0.613,3.4258315768289465,3.4258316,2.317105352034332e-08,0.0,0.0,0.613,0.0,0.029290323313821625,1
2012-07-19 02:30:00+00:00,0.03338835,0.09538800878337499,0.03471637162124999,0.0,0.616,3.7400131590789463,3.7400132,0.31418162317105347,0.66143491,0.0,1.27743491,0.0,0.06092598620763492,1
2012-07-19 03:00:00+00:00,0.032103,0.0939178865075,0.033379896825,0.0,0.677,4.452513159078946,4.4525132,0.712500040921054,1.5,0.0,2.177,0.0,0.10222961946341376,1
2012-07-19 03:30:00+00:00,0.03182625,0.093601353003125,0.03309213909375,0.0,0.991,5.165013159078946,5.1650132,0.7125000409210536,1.5,0.0,2.491,0.0,0.11658048516539218,1
2012-07-19 04:00:00+00:00,0.0319185,0.09370686417125001,0.0331880583375,0.0,0.922,5.877513159078946,5.8775132,0.7125000409210545,1.5,0.0,2.422,0.0,0.11347901251138377,1
2012-07-19 04:30:00+00:00,0.03321615,0.09519105460287501,0.03453732236625,0.0,0.064,6.590013159078946,6.5900132,0.7125000409210536,1.5,0.0,1.564,0.0,0.07443940469944826,1
2012-07-19 05:00:00+00:00,0.0334068,0.32530911101700005,0.03473555546999999,0.0,0.16,6.505802632763157,6.5058026,0.08421055907894637,0.0,0.16,0.0,-0.0,0.0,1
2012-07-19 05:30:00+00:00,0.0367647,0.32914971753675004,0.0382270159425,0.0,0.645,6.16632894855263,6.1663289,0.33947373276315673,0.0,0.645,0.0,-0.0,0.0,1
2012-07-19 06:00:00+00:00,0.0343908,0.326434563477,0.03575869406999999,0.0,0.105,6.111065790657894,6.1110658,0.055263148552629815,0.0,0.105,0.0,-0.0,0.0,1
2012-07-19 06:30:00+00:00,0.0408852,0.333862549713,0.04251140882999999,0.0,0.286,5.96053947486842,5.9605395,0.15052629065789347,0.0,0.286,0.0,-0.0,0.0,1
2012-07-19 07:00:00+00:00,0.04289625,0.336162693178125,0.04460244834374999,0.0,0.104,5.905802632763157,5.9058026,0.054736874868419605,0.0,0.104,0.0,-0.0,0.0,1
2012-07-19 07:30:00+00:00,0.04001805,0.332870744732625,0.04160976793874999,0.019,0.054,5.887381580131578,5.8873816,0.018421032763156653,0.0,0.035,0.0,-0.0,0.0,1
2012-07-19 08:00:00+00:00,0.0460635,0.33978524328375,0.047895675712499995,0.063,0.251,5.788434211710525,5.7884342,0.09894738013157767,0.0,0.188,0.0,-0.0,0.0,1
2012-07-19 08:30:00+00:00,0.0430254,0.33631040881350005,0.044736735284999996,0.156,0.141,5.795559210760525,5.7955592,0.007124988289474388,0.014999998,0.0,0.0,2.000000026702864e-09,-4.473673588229947e-11,1
2012-07-19 09:00:00+00:00,0.0413157,0.33435493516425,0.0429590319675,0.175,0.657,5.541875000234209,5.541875,0.2536842107605253,0.0,0.482,5.551115123125783e-17,0.0,9.280213685410044e-18,1
2012-07-19 09:30:00+00:00,0.04081755,0.33378517485637504,0.04244106805125,0.25,0.066,5.629275000234209,5.629275,0.0873999997657906,0.184,0.0,0.0,-0.0,0.0,1
2012-07-19 10:00:00+00:00,0.0396921,0.33249793860525007,0.0412708532775,0.388,0.145,5.744700000234209,5.7447,0.11542499976579101,0.243,0.0,0.0,-0.0,0.0,1
2012-07-19 10:30:00+00:00,0.0357684,0.32801019692100003,0.03719108811,0.663,0.051,6.035400000234209,6.0354,0.2906999997657911,0.612,0.0,0.0,-0.0,0.0,1
2012-07-19 11:00:00+00:00,0.0346737,0.14635813105925,0.0360528464175,0.688,0.151,6.290475000234209,6.290475,0.2550749997657906,0.537,0.0,1.1102230246251565e-16,0.0,8.12450834715428e-18,1
2012-07-19 11:30:00+00:00,0.03440925,0.146055665710625,0.03577787791875,0.525,0.471,6.316125000234209,6.316125,0.02564999976579152,0.054,0.0,0.0,-0.0,0.0,1
2012-07-19 12:00:00+00:00,0.03410175,0.14570396181687498,0.03545814710625,0.669,0.189,6.544125000234208,6.544125,0.22799999976579155,0.48,0.0,0.0,-0.0,0.0,1
2012-07-19 12:30:00+00:00,0.03368355,0.145225644521375,0.03502331320125,0.719,0.253,6.765475000234209,6.765475,0.22134999976579195,0.466,0.0,1.1102230246251565e-16,0.0,8.061642715682938e-18,1
2012-07-19 13:00:00+00:00,0.0344031,0.14604863163275,0.0357714833025,0.619,0.359,6.8889750002342085,6.888975,0.12349999976579173,0.26,0.0,0.0,-0.0,0.0,1
2012-07-19 13:30:00+00:00,0.03445845,0.146111938333625,0.035829034848750003,0.575,0.157,7.0875250002342085,7.087525,0.1985499997657918,0.418,0.0,0.0,-0.0,0.0,1
2012-07-19 14:00:00+00:00,0.03415095,0.145760234439875,0.035509304036249995,1.044,0.611,7.293200000234209,7.2932,0.20567499976579118,0.433,0.0,0.0,-0.0,0.0,1
2012-07-19 14:30:00+00:00,0.03388035,0.145450735013375,0.03522794092124999,0.981,0.117,7.703600000234209,7.7036,0.410399999765791,0.864,0.0,0.0,-0.0,0.0,1
2012-07-19 15:00:00+00:00,0.0334314,0.1449372473285,0.034761133934999994,0.994,0.37,8.0,8.0,0.2963999997657911,0.624,0.0,0.0,-0.0,0.0,1
2012-07-19 15:30:00+00:00,0.0339357,0.14551404171425,0.0352854924675,0.763,1.162,7.79,7.79,0.20999999999999996,0.0,0.399,0.0,1.1102230246251565e-16,-1.9587383086328013e-18,1
2012-07-19 16:00:00+00:00,0.0343293,0.14596422269825002,0.0356947479075,0.406,1.468,7.231052631578947,7.2310526,0.5589474000000001,0.0,1.062,0.0,2.220446049250313e-16,-3.9629130985097125e-18,1
2012-07-19 16:30:00+00:00,0.03479055,0.146491778538875,0.03617434412625,0.1,2.112,6.441578947368421,6.4415789,0.7894737315789477,0.0,1.5,0.512,0.0,0.037501895305952,1
2012-07-19 17:00:00+00:00,0.03363435,0.145169371898375,0.03497215627125,0.006,1.954,5.652105263157894,5.6521053,0.7894736473684212,0.0,1.5,0.44799999999999995,0.0,0.032517939305236,1
2012-07-19 17:30:00+00:00,0.0381669,0.15035348729225,0.03968498844749999,0.0,1.624,4.862631578947368,4.8626316,0.789473663157894,0.0,1.5,0.12400000000000011,0.0,0.009321916212119509,1
2012-07-19 18:00:00+00:00,0.0493845,0.16318364533625,0.05134876848749999,0.0,0.342,4.682631578947368,4.6826316,0.17999997894736808,0.0,0.342,0.0,-0.0,0.0,1
2012-07-19 18:30:00+00:00,0.04718895,0.160672479534875,0.04906589048624999,0.0,0.253,4.549473684210526,4.5494737,0.13315787894736797,0.0,0.253,0.0,-0.0,0.0,1
2012-07-19 19:00:00+00:00,0.04605735,0.159378209205875,0.04788928109624999,0.0,1.5,3.76,3.76,0.7894736842105265,0.0,1.5,0.0,-0.0,0.0,1
2012-07-19 19:30:00+00:00,0.0390525,0.15136639450625,0.04060581318749999,0.0,0.219,3.644736842105263,3.6447368,0.11526319999999979,0.0,0.219,0.0,-0.0,0.0,1
2012-07-19 20:00:00+00:00,0.0391509,0.15147893975225,0.0407081270475,0.0,0.247,3.514736842105263,3.5147368,0.13000004210526273,0.0,0.247,0.0,-0.0,0.0,1
2012-07-19 20:30:00+00:00,0.0434436,0.156388726109,0.04517156919,0.0,0.235,3.391052631578947,3.3910526,0.12368424210526285,0.0,0.235,0.0,-0.0,0.0,1
2012-07-19 21:00:00+00:00,0.0420783,0.15482716082075,0.0437519643825,0.0,0.255,3.2568421052631575,3.2568421,0.13421053157894702,0.0,0.255,0.0,-0.0,0.0,1
2012-07-19 21:30:00+00:00,0.0376134,0.1497204202835,0.039109472985,0.0,0.468,3.0105263157894733,3.0105263,0.24631580526315755,0.0,0.468,0.0,-0.0,0.0,1
2012-07-19 22:00:00+00:00,0.03324075,0.14471919091437502,0.03456290083124999,0.0,0.378,2.8115789473684205,2.8115789,0.19894741578947306,0.0,0.378,0.0,-0.0,0.0,1
2012-07-19 22:30:00+00:00,0.03814845,0.150332385058625,0.03966580459875,0.0,0.244,2.6831578947368415,2.6831579,0.12842104736842064,0.0,0.244,0.0,-0.0,0.0,1
2012-07-19 23:00:00+00:00,0.0348459,0.14655508523975,0.0362318956725,0.0,1.567,1.8936842105263152,1.8936842,0.7894736947368415,0.0,1.5,0.06699999999999995,0.0,0.004909595355531622,1
2012-07-19 23:30:00+00:00,0.03560235,0.147420276818375,0.037018433471249994,0.0,0.953,1.392105263157894,1.3921053,0.5015789105263151,0.0,0.953,0.0,-0.0,0.0,1
2012-07-20 00:00:00+00:00,0.0339357,0.09601404171425001,0.0352854924675,0.0,1.209,1.641555260907894,1.6415553,0.683660536842106,0.52515789,0.0,1.73415789,0.0,0.0832517539947779,1
2012-07-20 00:30:00+00:00,0.03405255,0.09614768919387501,0.03540699017625,0.0,0.937,1.921005261157894,1.9210053,3.909210599672974e-08,0.58831579,0.0,1.52531579,0.0,0.07332779424971496,1
2012-07-20 01:00:00+00:00,0.03422475,0.096344643374375,0.035586039431249994,0.0,0.869,1.921005261157894,1.9210053,3.884210597604465e-08,0.0,0.0,0.869,0.0,0.04186174754616594,1
2012-07-20 01:30:00+00:00,0.034194,0.09630947298500002,0.03555406635,0.0,0.557,2.2004552614078943,2.2004553,0.27945003884210573,0.58831579,0.0,1.1453157900000002,0.0,0.05515238006814949,1
2012-07-20 02:00:00+00:00,0.03325305,0.09523325907012499,0.03457569006375,0.0,0.709,2.912955261407894,2.9129553,0.7125000385921059,1.5,0.0,2.209,0.0,0.10518513464295305,1
2012-07-20 02:30:00+00:00,0.0319431,0.09373500048275,0.0332136368025,0.0,0.69,3.625455261407894,3.6254553,0.7125000385921059,1.5,0.0,2.19,0.0,0.10263982552861126,1
2012-07-20 03:00:00+00:00,0.03204765,0.093854579806625,0.03332234527874999,0.0,0.663,4.337955261407894,4.3379553,0.7125000385921059,1.5,0.0,2.1630000000000003,0.0,0.10150372806086494,1
2012-07-20 03:30:00+00:00,0.0312543,0.09294718376075,0.0324974397825,0.0,1.094,5.050455261407894,5.0504553,0.7125000385921068,1.5,0.0,2.5940000000000003,0.0,0.12055249733769276,1
2012-07-20 04:00:00+00:00,0.03138345,0.093094899396125,0.03263172672375,0.0,0.695,5.762955261407894,5.7629553,0.7125000385921059,1.5,0.0,2.195,0.0,0.10217165208724718,1
2012-07-20 04:30:00+00:00,0.0323367,0.09418518146675,0.0336228922425,0.0,0.283,6.475455261407895,6.4754553,0.7125000385921059,1.5,0.0,1.783,0.0,0.08396608927760763,1
2012-07-20 05:00:00+00:00,0.03283485,0.32465494177462506,0.034140856158749996,0.0,0.17,6.385981577197368,6.3859816,0.08947366140789459,0.0,0.17,0.0,-0.0,0.0,1
2012-07-20 05:30:00+00:00,0.03225675,0.323993738454375,0.03353976223125,0.0,0.639,6.049665787723684,6.0496658,0.3363157771973686,0.0,0.639,0.0,-0.0,0.0,1
2012-07-20 06:00:00+00:00,0.0346983,0.32678626737075006,0.0360784248825,0.0,0.966,5.541244735092104,5.5412447,0.5084210877236837,0.0,0.966,0.0,-0.0,0.0,1
2012-07-20 06:30:00+00:00,0.0381423,0.33072535098075007,0.03965940998249999,0.0,0.673,5.187034208776315,5.1870342,0.3542105350921041,0.0,0.673,0.0,-0.0,0.0,1
2012-07-20 07:00:00+00:00,0.04455675,0.33806189420437505,0.046328994731249996,0.0,0.522,4.912297366671051,4.9122974,0.2747368087763151,0.0,0.522,0.0,-0.0,0.0,1
2012-07-20 07:30:00+00:00,0.0421029,0.33525529713225005,0.043777542847499996,0.006,0.082,4.872297366671051,4.8722974,0.039999966671051546,0.0,0.076,0.0,-0.0,0.0,1
2012-07-20 08:00:00+00:00,0.0507375,0.34513114246875,0.05275558406249999,0.025,0.139,4.812297366671052,4.8122974,0.05999996667105112,0.0,0.114,1.3877787807814457e-17,0.0,2.3948283805249464e-18,1
2012-07-20 08:30:00+00:00,0.04978425,0.3440408603981251,0.05176441854375,0.031,0.188,4.729665787723683,4.7296658,0.08263156667105154,0.0,0.157,0.0,-0.0,0.0,1
2012-07-20 09:00:00+00:00,0.0410697,0.33407357204925,0.0427032473175,0.056,0.53,4.480192103513157,4.4801921,0.2494736877236834,0.0,0.474,5.551115123125783e-17,0.0,9.272404290196212e-18,1
2012-07-20 09:30:00+00:00,0.0396429,0.33244166598225006,0.041219696347499994,0.2,0.315,4.419665787723683,4.4196658,0.06052630351315713,0.0,0.115,0.0,1.3877787807814457e-17,-2.8601909970657476e-19,1
2012-07-20 10:00:00+00:00,0.03971055,0.33251904083887507,0.04129003712625,0.519,0.099,4.6191657877236825,4.6191658,0.1995000122763173,0.42,0.0,0.0,-0.0,0.0,1
2012-07-20 10:30:00+00:00,0.03832065,0.330929339239125,0.039844853853749994,0.7,0.12,4.8946657877236825,4.8946658,0.2755000122763178,0.58,0.0,0.0,-0.0,0.0,1
2012-07-20 11:00:00+00:00,0.03707835,0.149108455508375,0.03855314137125,0.806,0.344,5.114115787723683,5.1141158,0.21945001227631789,0.462,0.0,0.0,-0.0,0.0,1
2012-07-20 11:30:00+00:00,0.0348582,0.1465691533955,0.036244684905,0.9,1.275,4.916747366671051,4.9167474,0.19736838772368248,0.0,0.375,0.0,1.1102230246251565e-16,-2.0119841850907426e-18,1
2012-07-20 12:00:00+00:00,0.03449535,0.146154142800875,0.03586740254625,0.994,1.31,4.750431577197366,4.7504316,0.16631576667105108,0.0,0.316,5.551115123125783e-17,0.0,4.056592362047112e-18,1
2012-07-20 12:30:00+00:00,0.03444615,0.146097870177875,0.03581624561625,1.088,1.128,4.729378945618419,4.7293789,0.02105267719736581,0.0,0.04,0.0,1.8735013540549517e-16,-3.355089232960455e-18,1
2012-07-20 13:00:00+00:00,0.03376965,0.145324121611625,0.03511283782875,1.188,1.085,4.778303945618418,4.7783039,0.04892495438158129,0.103,0.0,0.0,-0.0,0.0,1
2012-07-20 13:30:00+00:00,0.03413865,0.145746166284125,0.03549651480375,1.15,0.722,4.981603945618418,4.9816039,0.20329995438158122,0.428,0.0,0.0,-0.0,0.0,1
2012-07-20 14:00:00+00:00,0.03326535,0.144747327225875,0.034588479296249995,1.188,0.606,5.258053945618418,5.2580539,0.27644995438158215,0.582,0.0,0.0,-0.0,0.0,1
2012-07-20 14:30:00+00:00,0.0337758,0.1453311556895,0.035119232445,1.081,0.318,5.620478945618418,5.6204789,0.3624249543815825,0.763,0.0,0.0,-0.0,0.0,1
2012-07-20 15:00:00+00:00,0.0338373,0.14540149646824999,0.0351831786075,0.944,1.051,5.564163156144733,5.5641632,0.056315745618417345,0.0,0.107,0.0,1.3877787807814457e-17,-2.4413234355966094e-19,1
2012-07-20 15:30:00+00:00,0.03375735,0.145310053455875,0.03510004859625,0.781,1.099,5.396794735092102,5.3967947,0.16736845614473328,0.0,0.318,0.0,5.551115123125783e-17,-9.742220529254664e-19,1
2012-07-20 16:00:00+00:00,0.0343416,0.14597829085400002,0.035707537139999995,0.406,0.648,5.26942631403947,5.2694263,0.1273684350921016,0.0,0.242,0.0,-0.0,0.0,1
2012-07-20 16:30:00+00:00,0.0360144,0.14789156003599999,0.03744687275999999,0.106,1.091,4.751005261407891,4.7510053,0.51842101403947,0.0,0.985,0.0,-0.0,0.0,1
2012-07-20 17:00:00+00:00,0.0369615,0.14897480802875,0.038431643662499994,0.006,0.525,4.477847366671049,4.4778474,0.2731578614078911,0.0,0.519,0.0,-0.0,0.0,1
2012-07-20 17:30:00+00:00,0.0392739,0.15161962130974999,0.0408360193725,0.0,0.216,4.364163156144733,4.3641632,0.11368416667104864,0.0,0.216,0.0,-0.0,0.0,1
2012-07-20 18:00:00+00:00,0.04533165,0.158548188016625,0.047134716378750004,0.0,0.406,4.150478945618417,4.1504789,0.21368425614473274,0.0,0.406,0.0,-0.0,0.0,1
2012-07-20 18:30:00+00:00,0.0476994,0.16125630799850002,0.049596643635,0.0,0.531,3.8710052614078907,3.8710053,0.2794736456184168,0.0,0.531,0.0,-0.0,0.0,1
2012-07-20 19:00:00+00:00,0.0468384,0.160271537096,0.048701397359999996,0.0,0.19,3.7710052614078906,3.7710053,0.09999996140789058,0.0,0.19,0.0,-0.0,0.0,1
2012-07-20 19:30:00+00:00,0.0394215,0.15178843917874998,0.040989490162499996,0.0,0.527,3.493636840355259,3.4936368,0.2773684614078906,0.0,0.527,0.0,-0.0,0.0,1
2012-07-20 20:00:00+00:00,0.0399996,0.152449642499,0.04159058409,0.0,0.236,3.36942631403947,3.3694263,0.12421054035525891,0.0,0.236,0.0,-0.0,0.0,1
2012-07-20 20:30:00+00:00,0.0476256,0.161171899064,0.049519908239999993,0.0,0.522,3.0946894719342066,3.0946895,0.2747368140394699,0.0,0.522,0.0,-0.0,0.0,1
2012-07-20 21:00:00+00:00,0.05068215,0.164667835767875,0.05269803251625,0.0,0.209,2.9846894719342068,2.9846895,0.10999997193420663,0.0,0.209,0.0,-0.0,0.0,1
2012-07-20 21:30:00+00:00,0.04137105,0.154018241865125,0.04301658351375,0.0,0.301,2.826268419302628,2.8262684,0.15842107193420674,0.0,0.301,0.0,-0.0,0.0,1
2012-07-20 22:00:00+00:00,0.03951375,0.151893950346875,0.041085409406249995,0.0,0.655,2.481531577197365,2.4815316,0.3447368193026281,0.0,0.655,0.0,-0.0,0.0,1
2012-07-20 22:30:00+00:00,0.05103885,0.165075812284625,0.05306892025874999,0.0,0.222,2.364689471934207,2.3646895,0.11684207719736506,0.0,0.222,0.0,-0.0,0.0,1
2012-07-20 23:00:00+00:00,0.0418323,0.15454579770575003,0.0434961797325,0.0,0.658,2.0183736824605227,2.0183737,0.34631577193420693,0.0,0.658,0.0,-0.0,0.0,1
2012-07-20 23:30:00+00:00,0.0454485,0.15868183549625,0.0472562140875,0.0,0.128,1.9510052614078912,1.9510053,0.06736838246052268,0.0,0.128,0.0,-0.0,0.0,1
2012-07-21 00:00:00+00:00,0.04404015,0.10757103166287499,0.045791846966249994,0.0,0.057,1.9510052614078912,1.9510053,3.859210884193942e-08,0.0,0.0,0.057,0.0,0.0030657744023919373,1
2012-07-21 00:30:00+00:00,0.04097745,0.10406806088112501,0.04260732807374999,0.0,0.362,1.9510052614078912,1.9510053,3.859210884193942e-08,0.0,0.0,0.362,0.0,0.018836319019483627,1
2012-07-21 01:00:00+00:00,0.03978435,0.102703449773375,0.041366772521250005,0.0,0.053,1.9510052614078912,1.9510053,3.859210884193942e-08,0.0,0.0,0.053,0.0,0.0027216414189944376,1
2012-07-21 01:30:00+00:00,0.0404793,0.10349830057325,0.042089364157499996,0.0,0.117,1.9510052614078912,1.9510053,3.859210884193942e-08,0.0,0.0,0.117,0.0,0.0060546505835351256,1
2012-07-21 02:00:00+00:00,0.03814845,0.10083238505862502,0.03966580459875,0.0,0.051,1.9510052614078912,1.9510053,3.859210884193942e-08,0.0,0.0,0.051,0.0,0.0025712258189949377,1
2012-07-21 02:30:00+00:00,0.03590985,0.098271980712125,0.037338164283749996,0.0,0.115,2.183572367407891,2.1835724,0.23256713859210887,0.48961496,0.0,0.60461496,0.0,0.029708354843691116,1
2012-07-21 03:00:00+00:00,0.0346122,0.09678779028050001,0.035988900255,0.0,0.352,2.896072367407891,2.8960724,0.7125000325921089,1.5,0.0,1.8519999999999999,0.0,0.08962549379974301,1
2012-07-21 03:30:00+00:00,0.0339603,0.09604217802575002,0.0353110709325,0.0,0.765,3.608572367407891,3.6085724,0.7125000325921089,1.5,0.0,2.265,0.0,0.1087677666141619,1
2012-07-21 04:00:00+00:00,0.0331977,0.09516995236925002,0.0345181385175,0.0,0.638,4.321072367407891,4.3210724,0.7125000325921094,1.5,0.0,2.138,0.0,0.10173667908272827,1
2012-07-21 04:30:00+00:00,0.03337605,0.09537394062762501,0.034703582388749994,0.0,0.112,5.03357236740789,5.0335724,0.7125000325921089,1.5,0.0,1.612,0.0,0.07687139614586576,1
2012-07-21 05:00:00+00:00,0.03379425,0.32575225792312507,0.03513841629375,0.0,0.163,4.94778289372368,4.9477829,0.08578946740789029,0.0,0.163,0.0,-0.0,0.0,1
2012-07-21 05:30:00+00:00,0.0343416,0.326378290854,0.035707537139999995,0.0,0.888,4.480414472671049,4.4804145,0.4673683937236799,0.0,0.888,0.0,-0.0,0.0,1
2012-07-21 06:00:00+00:00,0.0339849,0.32597031433725,0.035336649397499996,0.0,0.81,4.054098683197364,4.0540987,0.4263157726710487,0.0,0.81,0.0,-0.0,0.0,1
2012-07-21 06:30:00+00:00,0.03434775,0.326385324931875,0.035713931756250004,0.0,0.771,3.6483092095131537,3.6483092,0.4057894831973643,0.0,0.771,0.0,-0.0,0.0,1
2012-07-21 07:00:00+00:00,0.0346737,0.32675813105925006,0.0360528464175,0.0,0.138,3.575677630565785,3.5756776,0.07263160951315362,0.0,0.138,0.0,-0.0,0.0,1
2012-07-21 07:30:00+00:00,0.03615585,0.32845334382712504,0.03759394893375,0.006,0.346,3.3967302621447324,3.3967303,0.17894733056578493,0.0,0.34,0.0,5.551115123125783e-17,-1.0434416923207902e-18,1
2012-07-21 08:00:00+00:00,0.03556545,0.32777807235112505,0.03698006577375,0.013,0.176,3.3109407884605218,3.3109408,0.08578946214473238,0.0,0.163,0.0,2.7755575615628914e-17,-5.1320150592712445e-19,1
2012-07-21 08:30:00+00:00,0.0397659,0.33258234753975,0.0413475886725,0.038,0.381,3.130414472671048,3.1304145,0.18052628846052166,0.0,0.343,0.0,-0.0,0.0,1
2012-07-21 09:00:00+00:00,0.0436527,0.33702788475675,0.0453889861425,0.088,0.17,3.087256577934206,3.0872566,0.0431578726710482,0.0,0.082,1.3877787807814457e-17,0.0,2.3386007349853604e-18,1
2012-07-21 09:30:00+00:00,0.04400325,0.33742882719562506,0.045753479268749994,0.125,0.143,3.0777828937236795,3.0777829,0.009473677934205949,0.0,0.018,0.0,1.0408340855860843e-17,-2.381089037853563e-19,1
2012-07-21 10:00:00+00:00,0.04229355,0.33547335354637503,0.04397577595125,0.219,0.313,3.028309209513153,3.0283092,0.04947369372367971,0.0,0.094,0.0,-0.0,0.0,1
2012-07-21 10:30:00+00:00,0.0402333,0.33311693745825005,0.041833579507499996,0.169,0.139,3.0425592095131533,3.0425592,0.01424999048684672,0.03,0.0,0.0,-0.0,0.0,1
2012-07-21 11:00:00+00:00,0.0390771,0.15139453081775,0.040631391652499994,0.306,0.079,3.1503842095131533,3.1503842,0.10782499048684668,0.227,0.0,0.0,-0.0,0.0,1
2012-07-21 11:30:00+00:00,0.03629115,0.14820809354037498,0.03773463049125,0.369,0.185,3.2377842095131535,3.2377842,0.08739999048684677,0.184,0.0,0.0,-0.0,0.0,1
2012-07-21 12:00:00+00:00,0.03830835,0.15051527108337498,0.03983206462124999,0.538,0.156,3.4192342095131534,3.4192342,0.1814499904868465,0.382,0.0,0.0,-0.0,0.0,1
2012-07-21 12:30:00+00:00,0.0378471,0.14998771524274998,0.03935246840249999,0.338,0.355,3.4102868410921006,3.4102868,0.008947409513153204,0.0,0.017,0.0,4.163336342344337e-17,-8.191878093054271e-19,1
2012-07-21 13:00:00+00:00,0.0346614,0.14634406290350002,0.036040057185,0.35,0.051,3.5523118410921004,3.5523118,0.14202495890789946,0.299,0.0,0.0,-0.0,0.0,1
2012-07-21 13:30:00+00:00,0.0348951,0.14661135786274998,0.0362830526025,0.275,0.112,3.6297368410921003,3.6297368,0.07742495890789947,0.163,0.0,0.0,-0.0,0.0,1
2012-07-21 14:00:00+00:00,0.0346737,0.14635813105925,0.0360528464175,0.163,0.064,3.6767618410921004,3.6767618,0.047024958907899705,0.099,0.0,0.0,-0.0,0.0,1
2012-07-21 14:30:00+00:00,0.0344154,0.1460626997885,0.035784272534999995,0.163,0.098,3.7076368410921003,3.7076368,0.030874958907899597,0.065,0.0,0.0,-0.0,0.0,1
2012-07-21 15:00:00+00:00,0.03444615,0.146097870177875,0.03581624561625,0.2,0.319,3.645005262144732,3.6450053,0.06263154109210056,0.0,0.119,0.0,-0.0,0.0,1
2012-07-21 15:30:00+00:00,0.0347352,0.146428471838,0.03611679258,0.725,0.083,3.949955262144732,3.9499553,0.3049500378552681,0.642,0.0,0.0,-0.0,0.0,1
2012-07-21 16:00:00+00:00,0.0377733,0.14990330630825,0.0392757330075,0.313,0.087,4.057305262144732,4.0573053,0.10735003785526853,0.226,0.0,0.0,-0.0,0.0,1
2012-07-21 16:30:00+00:00,0.0390279,0.15133825819475002,0.0405802347225,0.163,0.071,4.101005262144732,4.1010053,0.04370003785526766,0.092,0.0,0.0,2.7755575615628914e-17,-5.631638866701593e-19,1
2012-07-21 17:00:00+00:00,0.0407868,0.15335000446699998,0.04240909496999999,0.025,0.098,4.062584209513154,4.0625842,0.03842106214473251,0.0,0.073,1.3877787807814457e-17,0.0,1.0640794111602124e-18,1
2012-07-21 17:30:00+00:00,0.0440955,0.15713433836375,0.04584939851249999,0.0,0.315,3.896794735828943,3.8967947,0.16578950951315363,0.0,0.315,0.0,-0.0,0.0,1
2012-07-21 18:00:00+00:00,0.05033775,0.164273927406875,0.05233993400625,0.0,0.132,3.8273210516184166,3.8273211,0.06947363582894317,0.0,0.132,0.0,-0.0,0.0,1
2012-07-21 18:30:00+00:00,0.0507006,0.1646889380015,0.05271721636499999,0.0,0.08,3.7852157884605218,3.7852158,0.042105251618416606,0.0,0.08,0.0,-0.0,0.0,1
2012-07-21 19:00:00+00:00,0.0454977,0.15873810811925002,0.0473073710175,0.0,0.248,3.654689472671048,3.6546895,0.13052628846052183,0.0,0.248,0.0,-0.0,0.0,1
2012-07-21 19:30:00+00:00,0.0404178,0.1529279597945,0.042025417994999995,0.0,0.173,3.5636368410921007,3.5636368,0.09105267267104811,0.0,0.173,0.0,-0.0,0.0,1
2012-07-21 20:00:00+00:00,0.0397044,0.152112006761,0.041283642509999996,0.0,0.478,3.3120578937236798,3.3120579,0.25157894109210055,0.0,0.478,0.0,-0.0,0.0,1
2012-07-21 20:30:00+00:00,0.03958755,0.15197835928137501,0.041162144801249995,0.0,0.201,3.206268420039469,3.2062684,0.10578949372367985,0.0,0.201,0.0,-0.0,0.0,1
2012-07-21 21:00:00+00:00,0.0396183,0.15201352967075002,0.0411941178825,0.0,0.357,3.018373683197364,3.0183737,0.18789472003946894,0.0,0.357,0.0,-0.0,0.0,1
2012-07-21 21:30:00+00:00,0.04233045,0.15511555801362498,0.04401414364875,0.0,0.21,2.90784736740789,2.9078474,0.1105262831973639,0.0,0.21,0.0,-0.0,0.0,1
2012-07-21 22:00:00+00:00,0.0389541,0.15125384926024998,0.04050349932749999,0.0,0.282,2.759426314776311,2.7594263,0.1484210674078903,0.0,0.282,0.0,-0.0,0.0,1
2012-07-21 22:30:00+00:00,0.0410451,0.15364543573775,0.042677668852499996,0.0,0.626,2.429952630565785,2.4299526,0.32947371477631116,0.0,0.626,0.0,-0.0,0.0,1
2012-07-21 23:00:00+00:00,0.0407622,0.1533218681555,0.042383516504999996,0.0,0.853,1.9810052621447323,1.9810053,0.44894733056578495,0.0,0.853,0.0,-0.0,0.0,1
2012-07-21 23:30:00+00:00,0.04180155,0.15451062731637502,0.043464206651250004,0.0,0.057,1.9510052621447322,1.9510053,0.029999962144732217,0.0,0.057,0.0,-0.0,0.0,1
2012-07-22 00:00:00+00:00,0.04090365,0.10398365194662501,0.04253059267874999,0.0,0.123,1.9510052621447322,1.9510053,3.7855267809305815e-08,0.0,0.0,0.123,0.0,0.006394994594717438,1
2012-07-22 00:30:00+00:00,0.0393231,0.10217589393275002,0.0408871763025,0.0,0.288,2.6635052621447324,2.6635053,0.7125000378552679,1.5,0.0,1.788,0.0,0.09134524917587852,1
2012-07-22 01:00:00+00:00,0.03894795,0.10174681518237501,0.04049710471125,0.0,0.17,3.3760052621447323,3.3760053,0.7125000378552677,1.5,0.0,1.67,0.0,0.08495859067728313,1
2012-07-22 01:30:00+00:00,0.0395076,0.10238691626900001,0.04107901479,0.0,0.948,3.724999998144732,3.725,0.3489947378552678,0.73472576,0.0,1.6827257599999998,0.0,0.0861445507464047,1
2012-07-22 02:00:00+00:00,0.0382653,0.10096603253825003,0.0397873023075,0.0,0.983,4.437499998144732,4.4375,0.7125000018552679,1.5,0.0,2.483,0.0,0.1253493293962374,1
2012-07-22 02:30:00+00:00,0.0359898,0.09836342372450002,0.037421294295000004,0.0,0.944,5.149999998144732,5.15,0.7125000018552683,1.5,0.0,2.444,0.0,0.12020010379133902,1
2012-07-22 03:00:00+00:00,0.03567,0.097997651675,0.03708877425,0.0,1.274,5.862499998144733,5.8625,0.7125000018552674,1.5,0.0,2.774,0.0,0.135922742873225,1
2012-07-22 03:30:00+00:00,0.0342432,0.09636574560800001,0.035605223279999994,0.0,1.29,6.574999998144733,6.575,0.7125000018552674,1.5,0.0,2.79,0.0,0.13443021512316003,1
2012-07-22 04:00:00+00:00,0.0342432,0.09636574560800001,0.035605223279999994,0.0,0.877,7.2874999981447335,7.2875,0.7125000018552665,1.5,0.0,2.377,0.0,0.114530688655108,1
2012-07-22 04:30:00+00:00,0.03444615,0.09659787017787502,0.03581624561625,0.0,0.09,7.999999998144734,8.0,0.7125000018552665,1.5,0.0,1.59,0.0,0.07679530679141065,1
2012-07-22 05:00:00+00:00,0.03444615,0.32649787017787507,0.03581624561625,0.0,0.121,7.936315787618418,7.9363158,0.0636841981447338,0.0,0.121,0.0,-0.0,0.0,1
2012-07-22 05:30:00+00:00,0.0343416,0.326378290854,0.035707537139999995,0.0,0.93,7.446842103407891,7.4468421,0.4894736876184185,0.0,0.93,0.0,-0.0,0.0,1
2012-07-22 06:00:00+00:00,0.0340464,0.326040655116,0.03540059556,0.0,0.048,7.421578945513154,7.4215789,0.025263203407891233,0.0,0.048,0.0,-0.0,0.0,1
2012-07-22 06:30:00+00:00,0.0345876,0.32665965396900004,0.03596332179,0.0,0.102,7.367894734986838,7.3678947,0.053684245513154316,0.0,0.102,0.0,-0.0,0.0,1
2012-07-22 07:00:00+00:00,0.0345753,0.32664558581325004,0.0359505325575,0.0,0.078,7.326842103407891,7.3268421,0.041052634986837866,0.0,0.078,0.0,-0.0,0.0,1
2012-07-22 07:30:00+00:00,0.0342555,0.32627981376375004,0.035618012512500005,0.006,0.164,7.243684208671049,7.2436842,0.08315790340789153,0.0,0.158,0.0,-0.0,0.0,1
2012-07-22 08:00:00+00:00,0.03447075,0.3265260064893751,0.03584182408125,0.088,0.454,7.051052629723681,7.0510526,0.19263160867104911,0.0,0.366,0.0,-0.0,0.0,1
2012-07-22 08:30:00+00:00,0.0387081,0.33137248614525,0.0402477146775,0.075,0.162,7.0052631560394705,7.0052632,0.04578942972368072,0.0,0.087,1.3877787807814457e-17,0.0,2.2993585240358577e-18,1
2012-07-22 09:00:00+00:00,0.0407622,0.33372186815550003,0.042383516504999996,0.231,0.319,6.958947366565786,6.9589474,0.04631575603947091,0.0,0.088,0.0,-0.0,0.0,1
2012-07-22 09:30:00+00:00,0.04335135,0.33668321494087505,0.04507564994625,0.306,0.226,6.996947366565786,6.9969474,0.038000033434213876,0.08,0.0,0.0,-0.0,0.0,1
2012-07-22 10:00:00+00:00,0.0427548,0.33600090938700006,0.04445537217,0.319,0.294,7.008822366565786,7.0088224,0.011875033434213478,0.025,0.0,0.0,-0.0,0.0,1
2012-07-22 10:30:00+00:00,0.042189,0.33535377422250007,0.043867067475,0.469,0.588,6.946190787618417,6.9461908,0.06263156656578595,0.0,0.119,0.0,-0.0,0.0,1
2012-07-22 11:00:00+00:00,0.03940305,0.151767336945125,0.040970306313749996,0.344,0.081,7.071115787618417,7.0711158,0.12492501238158304,0.263,0.0,5.551115123125783e-17,0.0,4.212389796563049e-18,1
2012-07-22 11:30:00+00:00,0.0390525,0.15136639450625,0.04060581318749999,0.544,0.217,7.226440787618418,7.2264408,0.15532501238158236,0.327,0.0,0.0,-0.0,0.0,1
2012-07-22 12:00:00+00:00,0.03795165,0.15010729456662503,0.039461176878750004,0.4,1.203,6.8038092086710495,6.8038092,0.4226315876184179,0.0,0.803,0.0,-0.0,0.0,1
2012-07-22 12:30:00+00:00,0.03741045,0.14948829571362499,0.03889845064874999,0.763,1.973,6.166967103407892,6.1669671,0.6368421086710496,0.0,1.21,0.0,-0.0,0.0,1
2012-07-22 13:00:00+00:00,0.0355224,0.147328833806,0.03693530346,0.675,1.299,5.940999998144734,5.941,0.22596710340789183,0.0,0.4293375,0.1946624999999999,0.0,0.01433969955538023,1
2012-07-22 13:30:00+00:00,0.0343416,0.14597829085400002,0.035707537139999995,0.663,1.075,5.940999998144734,5.941,1.8552661629200884e-09,0.0,0.0,0.4119999999999999,0.0,0.030071527915923997,1
2012-07-22 14:00:00+00:00,0.03444615,0.146097870177875,0.03581624561625,1.063,0.546,6.186574998144733,6.186575,0.2455750018552667,0.517,0.0,2.220446049250313e-16,0.0,1.6220121932017385e-17,1
2012-07-22 14:30:00+00:00,0.0342432,0.145865745608,0.035605223279999994,0.813,0.49,6.339999998144734,6.34,0.15342500185526653,0.323,0.0,0.0,-0.0,0.0,1
2012-07-22 15:00:00+00:00,0.0344646,0.1461189724115,0.03583542946499999,0.35,1.256,6.339999998144734,6.34,1.8552661629200884e-09,0.0,0.0,0.906,0.0,0.06619189450240949,1
2012-07-22 15:30:00+00:00,0.03463065,0.146308892514125,0.03600808410375,0.169,1.208,6.339999998144734,6.34,1.8552661629200884e-09,0.0,0.0,1.039,0.0,0.07600746966108793,1
2012-07-22 16:00:00+00:00,0.03618045,0.14808148013862502,0.03761952739875,0.125,1.192,5.778421050776313,5.7784211,0.5615788981447336,0.0,1.067,0.0,-0.0,0.0,1
2012-07-22 16:30:00+00:00,0.03727515,0.149333546000375,0.03875776909125,0.106,1.713,4.988947366565786,4.9889474,0.7894736507763129,0.0,1.5,0.10699999999999998,0.0,0.007989344711020061,1
2012-07-22 17:00:00+00:00,0.04019025,0.152667698913125,0.041788817193749994,0.025,0.387,4.798421050776312,4.7984211,0.19052626656578653,0.0,0.362,0.0,-0.0,0.0,1
2012-07-22 17:30:00+00:00,0.04504875,0.158224620434375,0.04684056403125,0.0,0.572,4.497368419197365,4.4973684,0.30105265077631227,0.0,0.572,0.0,-0.0,0.0,1
2012-07-22 18:00:00+00:00,0.0552147,0.16985195116175,0.057410864692499994,0.0,1.437,3.74105262972368,3.7410526,0.7563158191973645,0.0,1.437,0.0,-0.0,0.0,1
2012-07-22 18:30:00+00:00,0.059532,0.17478987383,0.0618998853,0.0,1.148,3.136842103407891,3.1368421,0.6042105297236802,0.0,1.148,0.0,-0.0,0.0,1
2012-07-22 19:00:00+00:00,0.05362185,0.168030124992125,0.05575465908374999,0.0,0.888,2.6694736823552594,2.6694737,0.46736840340789065,0.0,0.888,0.0,-0.0,0.0,1
2012-07-22 19:30:00+00:00,0.0438126,0.1568107707815,0.045555246165,0.0,0.331,2.49526315603947,2.4952632,0.17421048235525927,0.0,0.331,0.0,-0.0,0.0,1
2012-07-22 20:00:00+00:00,0.0455961,0.15885065336525,0.0474096848775,0.0,0.499,2.2326315770921012,2.2326316,0.26263155603946986,0.0,0.499,0.0,-0.0,0.0,1
2012-07-22 20:30:00+00:00,0.049938,0.163816712345,0.051924283950000004,0.0,0.245,2.1036842086710488,2.1036842,0.12894737709210125,0.0,0.245,0.0,-0.0,0.0,1
2012-07-22 21:00:00+00:00,0.0460389,0.15935710697225,0.04787009724749999,0.0,0.264,1.964736840249996,1.9647368,0.1389474086710487,0.0,0.264,0.0,-0.0,0.0,1
2012-07-22 21:30:00+00:00,0.0422628,0.15503818315700002,0.04394380287000001,0.0,0.242,1.8373684191973645,1.8373684,0.12736844024999616,0.0,0.242,0.0,-0.0,0.0,1
2012-07-22 22:00:00+00:00,0.03838215,0.150599680017875,0.03990880001624999,0.0,0.423,1.614736840249996,1.6147368,0.22263161919736452,0.0,0.423,0.0,-0.0,0.0,1
2012-07-22 22:30:00+00:00,0.03865275,0.15090917944437499,0.04019016313125,0.0,0.395,1.4068421034078906,1.4068421,0.207894740249996,0.0,0.395,0.0,-0.0,0.0,1
2012-07-22 23:00:00+00:00,0.0369,0.14890446725,0.038367697500000006,0.0,0.682,1.047894734986838,1.0478947,0.35894740340789055,0.0,0.682,0.0,-0.0,0.0,1
2012-07-22 23:30:00+00:00,0.03555315,0.147364004195375,0.03696727654124999,0.0,0.091,1.0000000002499958,1.0,0.04789473498683794,0.0,0.090999996,3.999999997894577e-09,0.0,2.9472800823561817e-10,1
2012-07-23 00:00:00+00:00,0.0345015,0.09666117687874999,0.03587379716249999,0.0,0.077,1.7125000002499957,1.7125,0.7124999997500041,1.5,0.0,1.577,0.0,0.07621733796889436,1
2012-07-23 00:30:00+00:00,0.0342432,0.09636574560800001,0.035605223279999994,0.0,0.089,2.4250000002499954,2.425,0.7124999997500041,1.5,0.0,1.589,0.0,0.076562584885556,1
2012-07-23 01:00:00+00:00,0.0338988,0.095971837247,0.03524712477,0.0,0.305,3.1375000002499953,3.1375,0.7124999997500048,1.5,0.0,1.805,0.0,0.08661458311541749,1
2012-07-23 01:30:00+00:00,0.0353748,0.09766001593700001,0.03678183266999999,0.0,0.082,3.7249999977499955,3.725,0.5874999997500048,1.2368421,0.0,1.3188421000000001,0.0,0.06439907025219328,1
2012-07-23 02:00:00+00:00,0.03406485,0.09616175734962502,0.03541977940875,0.0,0.084,4.437499997749995,4.4375,0.7125000022500045,1.5,0.0,1.584,0.0,0.07616011182090303,1
2012-07-23 02:30:00+00:00,0.03413865,0.09624616628412502,0.03549651480375,0.0,0.075,5.149999997749996,5.15,0.712500002250005,1.5,0.0,1.575,0.0,0.07579385594874845,1
2012-07-23 03:00:00+00:00,0.0329763,0.09491672556575002,0.0342879323325,0.0,0.358,5.862499997749996,5.8625,0.7125000022500041,1.5,0.0,1.858,0.0,0.08817763805058178,1
2012-07-23 03:30:00+00:00,0.03310545,0.09506444120112499,0.03442221927375,0.0,0.737,6.574999997749996,6.575,0.7125000022500041,1.5,0.0,2.237,0.0,0.10632957748345831,1
2012-07-23 04:00:00+00:00,0.03314235,0.09510664566837501,0.03446058697125,0.0,0.689,7.287499997749997,7.2875,0.7125000022500032,1.5,0.0,2.189,0.0,0.10409422368403645,1
2012-07-23 04:30:00+00:00,0.0337881,0.09584522384525002,0.0351320216775,0.0,0.057,7.999999997749997,8.0,0.7125000022500032,1.5,0.0,1.557,0.0,0.07461550676352713,1
2012-07-23 05:00:00+00:00,0.0341079,0.32611099589475007,0.0354645417225,0.0,0.166,7.912631576697366,7.9126316,0.08736839774999705,0.0,0.166,0.0,-0.0,0.0,1
2012-07-23 05:30:00+00:00,0.0359529,0.32822121925725,0.037382926597500005,0.0,0.888,7.445263155644734,7.4452632,0.4673683766973653,0.0,0.888,0.0,-0.0,0.0,1
2012-07-23 06:00:00+00:00,0.03689385,0.32929743317212506,0.03836130288375,0.0,0.908,6.967368418802629,6.9673684,0.4778947556447344,0.0,0.908,0.0,-0.0,0.0,1
2012-07-23 06:30:00+00:00,0.0450795,0.33865979082375003,0.046872537112499994,0.0,0.664,6.617894734592102,6.6178947,0.3494737188026287,0.0,0.664,0.0,-0.0,0.0,1
2012-07-23 07:00:00+00:00,0.0590031,0.3545849431327501,0.0613499483025,0.0,0.253,6.484736839855261,6.4847368,0.13315793459210212,0.0,0.253,0.0,-0.0,0.0,1
2012-07-23 07:30:00+00:00,0.0505407,0.34490605197675006,0.052550956342499996,0.006,0.048,6.462631576697366,6.4626316,0.022105239855260805,0.0,0.042,0.0,-0.0,0.0,1
2012-07-23 08:00:00+00:00,0.06026385,0.356026929097125,0.06266084463374999,0.025,0.634,6.1421052609078925,6.1421053,0.32052627669736644,0.0,0.609,0.0,-0.0,0.0,1
2012-07-23 08:30:00+00:00,0.05822205,0.35369161524262505,0.060537832038749996,0.05,0.385,5.965789471434208,5.9657895,0.17631576090789292,0.0,0.335,0.0,-0.0,0.0,1
2012-07-23 09:00:00+00:00,0.05273625,0.34741721777812506,0.05483383434374999,0.075,0.207,5.896315787223682,5.8963158,0.06947367143420813,0.0,0.132,0.0,-0.0,0.0,1
2012-07-23 09:30:00+00:00,0.0538371,0.34867631771775004,0.055978470652499994,0.263,0.142,5.953790787223682,5.9537908,0.057475012776317946,0.121,0.0,0.0,-0.0,0.0,1
2012-07-23 10:00:00+00:00,0.04546695,0.33910293772987504,0.04727539793624999,0.563,0.587,5.941159208276314,5.9411592,0.012631587223681962,0.0,0.024,2.0816681711721685e-17,0.0,3.5294989611162934e-18,1
2012-07-23 10:30:00+00:00,0.04547925,0.33911700588562504,0.047288187168749996,0.738,0.838,5.888527629328946,5.8885276,0.05263160827631452,0.0,0.1,0.0,2.7755575615628914e-17,-6.562554273441267e-19,1
2012-07-23 11:00:00+00:00,0.0443661,0.15744383779025,0.046130761627499996,0.494,1.727,5.239580260907894,5.2395803,0.648947329328946,0.0,1.233,0.0,-0.0,0.0,1
2012-07-23 11:30:00+00:00,0.04340055,0.156339487563875,0.04512680687625,0.363,1.583,4.597474997749999,4.597475,0.6421052609078934,0.0,1.22,0.0,-0.0,0.0,1
2012-07-23 12:00:00+00:00,0.0401349,0.15260439221225,0.0417312656475,0.706,1.8,4.597474997749999,4.597475,2.2500010743442544e-09,0.0,0.0,1.094,0.0,0.08347460254010075,1
2012-07-23 12:30:00+00:00,0.03950145,0.151879882191125,0.04107262017375,0.856,1.993,4.597474997749999,4.597475,2.2500010743442544e-09,0.0,0.0,1.137,0.0,0.08634371302565456,1
2012-07-23 13:00:00+00:00,0.0377979,0.14993144261975,0.0393013114725,0.794,1.804,4.597474997749999,4.597475,2.2500010743442544e-09,0.0,0.0,1.01,0.0,0.07571537852297375,1
2012-07-23 13:30:00+00:00,0.03760725,0.149713386205625,0.039103078368749995,0.381,1.759,4.597474997749999,4.597475,2.2500010743442544e-09,0.0,0.0,1.378,0.0,0.10315252309567562,1
2012-07-23 14:00:00+00:00,0.03856665,0.150810702354125,0.040100638503749994,0.488,1.184,4.597474997749999,4.597475,2.2500010743442544e-09,0.0,0.0,0.696,0.0,0.0524821244192355,1
2012-07-23 14:30:00+00:00,0.03702915,0.149052182885375,0.03850198444125,1.013,0.303,4.934724997749999,4.934725,0.3372500022500011,0.71,0.0,0.0,-0.0,0.0,1
2012-07-23 15:00:00+00:00,0.0354486,0.1472444248715,0.03685856806499999,0.331,1.262,4.934724997749999,4.934725,2.2500010743442544e-09,0.0,0.0,0.931,0.0,0.06854227977768325,1
2012-07-23 15:30:00+00:00,0.0343416,0.14597829085400002,0.035707537139999995,0.131,1.59,4.934724997749999,4.934725,2.2500010743442544e-09,0.0,0.0,1.459,0.0,0.10649116317799302,1
2012-07-23 16:00:00+00:00,0.0371337,0.14917176220925002,0.038610692917499995,0.281,1.455,4.934724997749999,4.934725,2.2500010743442544e-09,0.0,0.0,1.174,0.0,0.08756382441682975,1
2012-07-23 16:30:00+00:00,0.04073145,0.15328669776612502,0.04235154342375,0.1,0.303,4.8278828924868415,4.8278829,0.10684209774999953,0.0,0.203,0.0,2.7755575615628914e-17,-5.877457329682423e-19,1
2012-07-23 17:00:00+00:00,0.05256405,0.166820263597625,0.05465478508875,0.025,0.114,4.7810407872236835,4.7810408,0.046842092486841125,0.0,0.089,0.0,-0.0,0.0,1
2012-07-23 17:30:00+00:00,0.0541938,0.16868429423450002,0.05634935839499999,0.0,0.074,4.7420934188026305,4.7420934,0.03894738722368363,0.0,0.074,0.0,-0.0,0.0,1
2012-07-23 18:00:00+00:00,0.15277215,0.281433528492875,0.15884866226624997,0.0,0.554,3.952619734592104,3.9526197,0.7894737188026304,0.0,1.5,0.0,0.946,-0.07513541725193623,1
2012-07-23 18:30:00+00:00,0.1793709,0.31185591530225004,0.1865053775475,0.0,0.198,3.1631460503815774,3.1631461,0.7894736345921038,0.0,1.5,0.0,1.302,-0.1214150007834225,1
2012-07-23 19:00:00+00:00,0.16905735,0.30005976670587503,0.17578160609625,0.0,0.675,2.373672366171051,2.3736724,0.7894736503815776,0.0,1.5,0.0,0.825,-0.07250991251470311,1
2012-07-23 19:30:00+00:00,0.1021884,0.22357823797100002,0.10625294361,0.0,0.246,2.2441986819605244,2.2441987,0.12947366617105072,0.0,0.246,0.0,-0.0,0.0,1
2012-07-23 20:00:00+00:00,0.0748947,0.19236100036175,0.07787363669249998,0.0,0.206,2.1357776293289454,2.1357776,0.10842108196052447,0.0,0.206,0.0,-0.0,0.0,1
2012-07-23 20:30:00+00:00,0.06224415,0.17789190217287498,0.06471991106625,0.0,0.555,1.8436723661710506,1.8436724,0.29210522932894545,0.0,0.555,0.0,-0.0,0.0,1
2012-07-23 21:00:00+00:00,0.0587448,0.173889511862,0.061081374419999994,0.0,0.209,1.7336723661710505,1.7336724,0.10999996617105068,0.0,0.209,0.0,-0.0,0.0,1
2012-07-23 21:30:00+00:00,0.04490115,0.158055802565375,0.04668709324125,0.0,0.273,1.5899881556447346,1.5899882,0.1436841661710504,0.0,0.273,0.0,-0.0,0.0,1
2012-07-23 22:00:00+00:00,0.038499,0.1507333274975,0.040030297725,0.0,0.448,1.5899881556447346,1.5899882,4.435526546053836e-08,0.0,0.0,0.448,0.0,0.03376426535944001,1
2012-07-23 22:30:00+00:00,0.05167845,0.16580735638362498,0.05373396034874999,0.0,0.159,1.5063039451184188,1.5063039,0.08368425564473458,0.0,0.159,0.0,-0.0,0.0,1
2012-07-23 23:00:00+00:00,0.04092825,0.153511788258125,0.042556171143749995,0.0,0.95,1.0063039451184188,1.0063039,0.5000000451184188,0.0,0.95,0.0,-0.0,0.0,1
2012-07-23 23:30:00+00:00,0.04037475,0.152878721249375,0.04198065568125,0.0,0.056,1.0,1.0,0.006303945118418808,0.0,0.011977496,0.044022504000000004,0.0,0.003365052058857748,1
2012-07-24 00:00:00+00:00,0.03860355,0.10135290682137499,0.040139006201249994,0.0,0.124,1.7125,1.7125,0.7124999999999999,1.5,0.0,1.624,0.0,0.0822985603389565,1
2012-07-24 00:30:00+00:00,0.03898485,0.10178901964962503,0.04053547240875,0.0,0.048,2.2999999975,2.3,0.5874999999999999,1.2368421,0.0,1.2848421,0.0,0.06539140888178274,1
2012-07-24 01:00:00+00:00,0.0371091,0.09964362589775001,0.03858511445249999,0.0,0.624,3.0124999975,3.0125,0.7125000025000001,1.5,0.0,2.124,0.0,0.10582153070341052,1
2012-07-24 01:30:00+00:00,0.0377241,0.10034703368525001,0.039224576077500004,0.0,1.186,3.7249999975,3.725,0.7125000025000001,1.5,0.0,2.686,0.0,0.13476606623929077,1
2012-07-24 02:00:00+00:00,0.0342801,0.09640795007524999,0.03564359097749999,0.0,1.026,4.4374999975,4.4375,0.7125000025000001,1.5,0.0,2.526,0.0,0.12176324094504073,1
2012-07-24 02:30:00+00:00,0.0343908,0.09653456347700001,0.03575869406999999,0.0,0.948,5.1499999975,5.15,0.7125000025000006,1.5,0.0,2.448,0.0,0.11815830569584801,1
2012-07-24 03:00:00+00:00,0.03384345,0.09590853054612498,0.03518957322374999,0.0,1.015,5.8624999975000005,5.8625,0.7125000024999997,1.5,0.0,2.5149999999999997,0.0,0.12060497716175216,1
2012-07-24 03:30:00+00:00,0.0326196,0.094508749049,0.033917044589999994,0.0,1.233,6.574999997500001,6.575,0.7125000024999997,1.5,0.0,2.733,0.0,0.1291462055754585,1
2012-07-24 04:00:00+00:00,0.0322014,0.09403043175350001,0.033482210685,0.0,1.514,7.287499997500001,7.2875,0.7125000024999988,1.5,0.0,3.0140000000000002,0.0,0.14170386065252452,1
2012-07-24 04:30:00+00:00,0.0339234,0.09599997355850001,0.035272703235,0.0,0.576,7.999999997500002,8.0,0.7125000024999988,1.5,0.0,2.076,0.0,0.09964797255372301,1
2012-07-24 05:00:00+00:00,0.0343416,0.326378290854,0.035707537139999995,0.0,0.218,7.885263155394738,7.8852632,0.11473679750000176,0.0,0.218,0.0,-0.0,0.0,1
2012-07-24 05:30:00+00:00,0.03567,0.32789765167500007,0.03708877425,0.0,0.65,7.543157892236843,7.5431579,0.34210525539473835,0.0,0.65,0.0,-0.0,0.0,1
2012-07-24 06:00:00+00:00,0.03683235,0.32922709239337505,0.038297356721249995,0.0,0.142,7.46842105013158,7.4684211,0.07473679223684382,0.0,0.142,0.0,-0.0,0.0,1
2012-07-24 06:30:00+00:00,0.0418938,0.33501613848450007,0.043560125895,0.0,0.252,7.335789471184212,7.3357895,0.13263155013158023,0.0,0.252,0.0,-0.0,0.0,1
2012-07-24 07:00:00+00:00,0.0567399,0.35199640247475006,0.0589967295225,0.0,0.117,7.274210523815791,7.2742105,0.06157897118421207,0.0,0.117,0.0,-0.0,0.0,1
2012-07-24 07:30:00+00:00,0.04920615,0.34337965707787504,0.05116332461624999,0.006,0.066,7.24263157644737,7.2426316,0.03157892381579064,0.0,0.06,6.938893903907228e-18,0.0,1.1913375046117109e-18,1
2012-07-24 08:00:00+00:00,0.06111255,0.35699763184387506,0.06354330167625,0.038,0.388,7.058421050131581,7.0584211,0.18421047644736976,0.0,0.35,5.551115123125783e-17,0.0,9.908674765243127e-18,1
2012-07-24 08:30:00+00:00,0.0608973,0.35675143911825,0.0633194901075,0.075,0.442,6.8652631553947385,6.8652632,0.1931578501315805,0.0,0.367,0.0,-0.0,0.0,1
2012-07-24 09:00:00+00:00,0.0558297,0.35095535894925006,0.0580503263175,0.125,0.128,6.863684208026317,6.8636842,0.0015789553947387347,0.0,0.003,2.6020852139652106e-18,0.0,4.5660787514184835e-19,1
2012-07-24 09:30:00+00:00,0.05989485,0.35560488442462507,0.06227716765874999,0.194,0.105,6.905959208026317,6.9059592,0.042274991973682674,0.089,0.0,0.0,-0.0,0.0,1
2012-07-24 10:00:00+00:00,0.04843125,0.3424933632656251,0.05035760296875,0.275,0.092,6.992884208026317,6.9928842,0.08692499197368253,0.183,0.0,0.0,-0.0,0.0,1
2012-07-24 10:30:00+00:00,0.04841895,0.342479295109875,0.05034481373625,0.356,0.091,7.118759208026317,7.1187592,0.12587499197368324,0.265,0.0,0.0,-0.0,0.0,1
2012-07-24 11:00:00+00:00,0.0448458,0.1579924958645,0.046629541695,0.256,0.316,7.087180260657896,7.0871803,0.03157890802631691,0.0,0.06,0.0,-0.0,0.0,1
2012-07-24 11:30:00+00:00,0.04341285,0.156353555719625,0.04513959610875,0.294,0.091,7.183605260657896,7.1836053,0.09642503934210378,0.203,0.0,5.551115123125783e-17,0.0,4.3396829385485004e-18,1
2012-07-24 12:00:00+00:00,0.0467769,0.16020119631725,0.048637451197499994,0.319,0.081,7.2966552606578965,7.2966553,0.11305003934210411,0.238,0.0,0.0,-0.0,0.0,1
2012-07-24 12:30:00+00:00,0.04420005,0.157253917687625,0.04595810698875,0.175,0.382,7.187707892236844,7.1877079,0.10894736065789612,0.0,0.207,2.7755575615628914e-17,0.0,2.1823365016163805e-18,1
2012-07-24 13:00:00+00:00,0.0420537,0.15479902450925,0.0437263859175,0.25,0.371,7.124023681710528,7.1240237,0.06368419223684363,0.0,0.121,0.0,-0.0,0.0,1
2012-07-24 13:30:00+00:00,0.03975975,0.15217531346187502,0.04134119405625,0.25,0.17,7.1620236817105285,7.1620237,0.03800001828947153,0.08,0.0,0.0,-0.0,0.0,1
2012-07-24 14:00:00+00:00,0.0399504,0.152393369876,0.041539427159999996,0.3,0.538,7.036760523815792,7.0367605,0.12526318171052875,0.0,0.238,5.551115123125783e-17,0.0,4.229765700913823e-18,1
2012-07-24 14:30:00+00:00,0.03963675,0.152034631904375,0.04121330173125,0.225,1.831,6.247286839605265,6.2472868,0.7894737238157914,0.0,1.5,0.10599999999999987,0.0,0.008057835490931866,1
2012-07-24 15:00:00+00:00,0.03921855,0.15155631460887498,0.04077846782624999,0.231,2.113,5.70263157644737,5.7026316,0.5446552396052651,0.0,1.034845,0.8471549999999999,0.0,0.06419584485124073,1
2012-07-24 15:30:00+00:00,0.03832065,0.15052933923912498,0.039844853853749994,0.238,1.284,5.70263157644737,5.7026316,2.355263006847963e-08,0.0,0.0,1.046,0.0,0.07872684442206238,1
2012-07-24 16:00:00+00:00,0.04282245,0.155678284243625,0.04452571294874999,0.15,1.835,4.9131578922368435,4.9131579,0.7894736764473702,0.0,1.5,0.18500000000000005,0.0,0.014400241292535318,1
2012-07-24 16:30:00+00:00,0.04619265,0.159532958919125,0.04802996265375,0.05,1.792,4.123684208026317,4.1236842,0.7894736922368439,0.0,1.5,0.242,0.0,0.019303488029214125,1
2012-07-24 17:00:00+00:00,0.05923065,0.17444520401412503,0.06158654910375,0.013,1.675,3.3342105238157904,3.3342105,0.7894737080263168,0.0,1.5,0.16200000000000014,0.0,0.01413006152514414,1
2012-07-24 17:30:00+00:00,0.06388005,0.179762966887625,0.06642087898874999,0.0,0.507,3.0673684185526326,3.0673684,0.26684212381579053,0.0,0.507,0.0,-0.0,0.0,1
2012-07-24 18:00:00+00:00,0.14461725,0.272106341230625,0.15036940111875,0.0,0.195,2.9647368396052642,2.9647368,0.10263161855263281,0.0,0.195,0.0,-0.0,0.0,1
2012-07-24 18:30:00+00:00,0.08916885,0.208687095109625,0.09271554100875,0.0,0.548,2.676315786973685,2.6763158,0.28842103960526444,0.0,0.548,0.0,-0.0,0.0,1
2012-07-24 19:00:00+00:00,0.08916885,0.208687095109625,0.09271554100875,0.0,0.332,2.501578944868422,2.5015789,0.17473688697368495,0.0,0.332,0.0,-0.0,0.0,1
2012-07-24 19:30:00+00:00,0.0704667,0.18729646429175,0.0732695129925,0.0,0.216,2.3878947343421064,2.3878947,0.1136842448684221,0.0,0.216,0.0,-0.0,0.0,1
2012-07-24 20:00:00+00:00,0.0515862,0.1657018452155,0.05363804110499999,0.0,0.539,2.1042105238157904,2.1042105,0.2836842343421062,0.0,0.539,0.0,-0.0,0.0,1
2012-07-24 20:30:00+00:00,0.05164155,0.165765151916375,0.05369559265124999,0.0,0.224,1.9863157869736852,1.9863158,0.11789472381579036,0.0,0.224,0.0,-0.0,0.0,1
2012-07-24 21:00:00+00:00,0.0505653,0.16453418828825,0.0525765348075,0.0,0.475,1.7363157869736852,1.7363158,0.24999998697368508,0.0,0.475,0.0,-0.0,0.0,1
2012-07-24 21:30:00+00:00,0.04417545,0.157225781376125,0.045932528523749995,0.0,0.136,1.6647368396052642,1.6647368,0.07157898697368514,0.0,0.136,0.0,-0.0,0.0,1
2012-07-24 22:00:00+00:00,0.03567615,0.14750468575287498,0.03709516886624999,0.0,0.087,1.6647368396052642,1.6647368,3.960526417934318e-08,0.0,0.0,0.087,0.0,0.006416453830250061,1
2012-07-24 22:30:00+00:00,0.04900935,0.162754566585875,0.050958696896249996,0.0,0.464,1.4205263132894748,1.4205263,0.2442105396052643,0.0,0.464,0.0,-0.0,0.0,1
2012-07-24 23:00:00+00:00,0.04035015,0.152850584937875,0.04195507721625,0.0,0.655,1.0757894711842115,1.0757895,0.3447368132894748,0.0,0.655,0.0,-0.0,0.0,1
2012-07-24 23:30:00+00:00,0.03929235,0.151640723543375,0.04085520322124999,0.0,0.144,1.0,1.0,0.07578947118421153,0.0,0.144,0.0,-0.0,0.0,1
2012-07-25 00:00:00+00:00,0.03525795,0.09752636845737502,0.03666033496125,0.0,0.055,1.0,1.0,0.0,0.0,0.0,0.055,0.0,0.002681975132577813,1
2012-07-25 00:30:00+00:00,0.0334929,0.09550758810725002,0.034825080097499996,0.0,0.17,1.0,1.0,0.0,0.0,0.0,0.17,0.0,0.008118144989116251,1
2012-07-25 01:00:00+00:00,0.0365187,0.09896835442175002,0.0379712312925,0.0,0.386,1.0,1.0,0.0,0.0,0.0,0.386,0.0,0.019100892403397754,1
2012-07-25 01:30:00+00:00,0.0371091,0.09964362589775001,0.03858511445249999,0.0,0.158,1.0,1.0,0.0,0.0,0.0,0.158,0.0,0.00787184644592225,1
2012-07-25 02:00:00+00:00,0.03381885,0.09588039423462501,0.03516399475874999,0.0,0.065,1.0,1.0,0.0,0.0,0.0,0.065,0.0,0.003116112812625313,1
2012-07-25 02:30:00+00:00,0.0325581,0.09443840827025,0.03385309842749999,0.0,0.101,1.0,1.0,0.0,0.0,0.0,0.101,0.0,0.004769139617647625,1
2012-07-25 03:00:00+00:00,0.0321522,0.09397415913049999,0.033431053754999995,0.0,0.136,1.7125,1.7125,0.7124999999999999,1.5,0.0,1.6360000000000001,0.0,0.076870862168749,1
2012-07-25 03:30:00+00:00,0.03226905,0.094107806610125,0.03355255146375,0.0,0.984,2.425,2.425,0.7124999999999999,1.5,0.0,2.484,0.0,0.11688189580977525,1
2012-07-25 04:00:00+00:00,0.03228135,0.094121874765875,0.033565340696249994,0.0,0.664,2.9636842,2.9636842,0.5386842000000001,1.134072,0.0,1.798072,0.0,0.08461895380201319,1
2012-07-25 04:30:00+00:00,0.032349,0.09419924962250001,0.033635681475000005,0.0,0.089,2.9636842,2.9636842,0.0,0.0,0.0,0.089,0.0,0.0041918666082012505,1
2012-07-25 05:00:00+00:00,0.0324105,0.32416959040125004,0.0336996276375,0.0,0.136,2.8921052526315787,2.8921053,0.0715789,0.0,0.136,0.0,-0.0,0.0,1
2012-07-25 05:30:00+00:00,0.03349905,0.325414622185125,0.03483147471375,0.0,0.678,2.5352631473684206,2.5352631,0.3568421526315788,0.0,0.678,0.0,-0.0,0.0,1
2012-07-25 06:00:00+00:00,0.03595905,0.328228253335125,0.03738932121374999,0.0,1.163,1.923157884210526,1.9231579,0.6121052473684205,0.0,1.163,0.0,-0.0,0.0,1
2012-07-25 06:30:00+00:00,0.0416601,0.33474884352525,0.04331713047749999,0.0,0.678,1.5663157789473678,1.5663158,0.356842084210526,0.0,0.678,0.0,-0.0,0.0,1
2012-07-25 07:00:00+00:00,0.0406515,0.33359525475375,0.0422684134125,0.0,0.278,1.4199999894736837,1.42,0.1463157789473679,0.0,0.278,0.0,-0.0,0.0,1
2012-07-25 07:30:00+00:00,0.04009185,0.332955153667125,0.04168650333374999,0.013,0.168,1.3384210421052627,1.338421,0.08157898947368358,0.0,0.155,0.0,-0.0,0.0,1
2012-07-25 08:00:00+00:00,0.0489663,0.34310532804075,0.050913934582499994,0.081,0.465,1.136315778947368,1.1363158,0.2021052421052627,0.0,0.384,0.0,-0.0,0.0,1
2012-07-25 08:30:00+00:00,0.04742265,0.341339774494125,0.049308885903749995,0.181,0.44,1.0,1.0,0.13631578894736796,0.0,0.25899998,1.9999999989472883e-08,0.0,3.413397743144588e-09,1
2012-07-25 09:00:00+00:00,0.04392945,0.337344418261125,0.045676743873749995,0.25,0.143,1.050825,1.050825,0.0508249999999999,0.107,0.0,0.0,-0.0,0.0,1
2012-07-25 09:30:00+00:00,0.0431976,0.336507362994,0.044915784539999996,0.375,0.075,1.193325,1.193325,0.14250000000000007,0.3,0.0,0.0,-0.0,0.0,1
2012-07-25 10:00:00+00:00,0.0397044,0.332512006761,0.041283642509999996,0.544,0.276,1.320625,1.320625,0.12729999999999997,0.268,0.0,0.0,-0.0,0.0,1
2012-07-25 10:30:00+00:00,0.0396183,0.33241352967075005,0.0411941178825,0.744,0.337,1.51395,1.51395,0.19332499999999997,0.407,0.0,0.0,-0.0,0.0,1
2012-07-25 11:00:00+00:00,0.03929235,0.151640723543375,0.04085520322124999,0.85,0.248,1.7998999999999998,1.7999,0.28595000000000015,0.602,0.0,0.0,-0.0,0.0,1
2012-07-25 11:30:00+00:00,0.0385851,0.15083180458774997,0.040119822352499994,0.938,0.139,2.1794249999999997,2.179425,0.37952500000000033,0.799,0.0,1.1102230246251565e-16,0.0,8.372847114954117e-18,1
2012-07-25 12:00:00+00:00,0.0350919,0.14683644835475002,0.0364876803225,1.044,0.238,2.5622749999999996,2.562275,0.38285000000000036,0.806,0.0,0.0,-0.0,0.0,1
2012-07-25 12:30:00+00:00,0.0346122,0.14628779028049999,0.035988900255,1.15,0.049,3.0852499999999994,3.08525,0.5229750000000002,1.101,0.0,0.0,-0.0,0.0,1
2012-07-25 13:00:00+00:00,0.03444,0.14609083609999998,0.035809851,1.231,0.378,3.4904249999999992,3.490425,0.40517500000000073,0.853,0.0,0.0,2.220446049250313e-16,-3.975692108859618e-18,1
2012-07-25 13:30:00+00:00,0.0343416,0.14597829085400002,0.035707537139999995,1.225,0.048,4.049499999999999,4.0495,0.5590750000000009,1.177,0.0,0.0,-0.0,0.0,1
2012-07-25 14:00:00+00:00,0.03383115,0.145394462390375,0.035176783991249995,1.213,0.123,4.56725,4.56725,0.5177500000000004,1.09,0.0,0.0,-0.0,0.0,1
2012-07-25 14:30:00+00:00,0.03383115,0.145394462390375,0.035176783991249995,1.1,0.319,4.938224999999999,4.938225,0.3709750000000005,0.781,0.0,0.0,-0.0,0.0,1
2012-07-25 15:00:00+00:00,0.0343416,0.14597829085400002,0.035707537139999995,0.963,0.179,5.310624999999999,5.310625,0.37240000000000073,0.784,0.0,1.1102230246251565e-16,0.0,8.103422980076936e-18,1
2012-07-25 15:30:00+00:00,0.03444615,0.146097870177875,0.03581624561625,0.8,0.125,5.631249999999999,5.63125,0.3206250000000006,0.675,0.0,0.0,-0.0,0.0,1
2012-07-25 16:00:00+00:00,0.03469215,0.14637923329287497,0.03607203026624999,0.444,0.754,5.468092105263157,5.4680921,0.16315789999999897,0.0,0.31,0.0,-0.0,0.0,1
2012-07-25 16:30:00+00:00,0.03437235,0.146013461243375,0.03573951022125,0.163,0.691,5.190197368421051,5.1901974,0.27789470526315707,0.0,0.528,0.0,1.1102230246251565e-16,-1.9839413568228936e-18,1
2012-07-25 17:00:00+00:00,0.03736125,0.149432023090625,0.038847293718749995,0.019,0.753,4.803881578947367,4.8038816,0.386315768421051,0.0,0.734,0.0,-0.0,0.0,1
2012-07-25 17:30:00+00:00,0.03736125,0.149432023090625,0.038847293718749995,0.0,0.267,4.663355263157893,4.6633553,0.1405262789473669,0.0,0.267,0.0,-0.0,0.0,1
2012-07-25 18:00:00+00:00,0.0452886,0.1584989494715,0.047089954064999995,0.0,0.244,4.534934210526314,4.5349342,0.1284210631578926,0.0,0.244,0.0,-0.0,0.0,1
2012-07-25 18:30:00+00:00,0.0454977,0.15873810811925002,0.0473073710175,0.0,0.643,4.196513157894735,4.1965132,0.33842101052631435,0.0,0.643,0.0,-0.0,0.0,1
2012-07-25 19:00:00+00:00,0.0441324,0.157176542831,0.04588776620999999,0.0,0.884,3.731249999999998,3.73125,0.4652631578947348,0.0,0.884,0.0,-0.0,0.0,1
2012-07-25 19:30:00+00:00,0.03971055,0.152119040838875,0.04129003712625,0.0,0.286,3.580723684210524,3.5807237,0.1505262999999979,0.0,0.286,0.0,-0.0,0.0,1
2012-07-25 20:00:00+00:00,0.04014105,0.152611426290125,0.04173766026374999,0.0,0.285,3.430723684210524,3.4307237,0.14999998421052396,0.0,0.285,0.0,-0.0,0.0,1
2012-07-25 20:30:00+00:00,0.0413526,0.1539971396315,0.042997399665000005,0.0,0.238,3.3054605263157875,3.3054605,0.12526318421052407,0.0,0.238,0.0,-0.0,0.0,1
2012-07-25 21:00:00+00:00,0.0407499,0.15330779999975,0.04237072727249999,0.0,0.46,3.063355263157893,3.0633553,0.24210522631578746,0.0,0.46,0.0,-0.0,0.0,1
2012-07-25 21:30:00+00:00,0.0360267,0.14790562819175002,0.037459661992500004,0.0,0.348,2.880197368421051,2.8801974,0.18315786315789273,0.0,0.348,0.0,-0.0,0.0,1
2012-07-25 22:00:00+00:00,0.03423705,0.145858711530125,0.03559882866375,0.0,0.445,2.6459868421052612,2.6459868,0.2342105684210507,0.0,0.445,0.0,-0.0,0.0,1
2012-07-25 22:30:00+00:00,0.03801315,0.150177635345375,0.03952512304125,0.0,0.203,2.539144736842103,2.5391447,0.10684214210526122,0.0,0.203,0.0,-0.0,0.0,1
2012-07-25 23:00:00+00:00,0.0337512,0.14530301937800003,0.03509365398,0.0,1.191,1.912302631578945,1.9123026,0.6268421368421031,0.0,1.191,0.0,-0.0,0.0,1
2012-07-25 23:30:00+00:00,0.0345384,0.146203381346,0.03591216485999999,0.0,0.67,1.5596710526315767,1.5596711,0.352631531578945,0.0,0.67,0.0,-0.0,0.0,1
2012-07-26 00:00:00+00:00,0.0336774,0.0957186104435,0.035016918585,0.0,0.819,1.5596710526315767,1.5596711,4.736842340591352e-08,0.0,0.0,0.819,0.0,0.03919677097661325,1
2012-07-26 00:30:00+00:00,0.0339603,0.09604217802575002,0.0353110709325,0.0,0.653,1.5596710526315767,1.5596711,4.736842340591352e-08,0.0,0.0,0.653,0.0,0.031357771125407385,1
2012-07-26 01:00:00+00:00,0.03451995,0.09668227911237502,0.03589298101125,0.0,0.577,1.5596710526315767,1.5596711,4.736842340591352e-08,0.0,0.0,0.577,0.0,0.027892837523920192,1
2012-07-26 01:30:00+00:00,0.03390495,0.09597887132487501,0.03525351938625,0.0,0.646,1.5596710526315767,1.5596711,4.736842340591352e-08,0.0,0.0,0.646,0.0,0.03100117543793463,1
2012-07-26 02:00:00+00:00,0.03255195,0.09443137419237502,0.033846703811250003,0.0,0.771,1.5596710526315767,1.5596711,4.736842340591352e-08,0.0,0.0,0.771,0.0,0.03640329475116057,1
2012-07-26 02:30:00+00:00,0.03132195,0.093024558617375,0.032567780561249995,0.0,0.371,1.5596710526315767,1.5596711,4.736842340591352e-08,0.0,0.0,0.371,0.0,0.017256055623523062,1
2012-07-26 03:00:00+00:00,0.030504,0.09208902626,0.0317172966,0.0,0.107,1.5596710526315767,1.5596711,4.736842340591352e-08,0.0,0.0,0.107,0.0,0.00492676290491,1
2012-07-26 03:30:00+00:00,0.0296061,0.09106205089025,0.030783682627499996,0.0,0.769,1.8927723693815768,1.8927724,0.33310134736842323,0.70126593,0.0,1.47026593,0.0,0.06694271546993037,1
2012-07-26 04:00:00+00:00,0.0262851,0.08726364883775001,0.027330589852499997,0.0,0.987,2.6052723693815767,2.6052724,0.7125000306184233,1.5,0.0,2.487,0.0,0.10851234732974215,1
2012-07-26 04:30:00+00:00,0.02763195,0.08880411189237501,0.02873101081125,0.0,1.251,3.3177723693815766,3.3177724,0.7125000306184233,1.5,0.0,2.751,0.0,0.12215005590796182,1
2012-07-26 05:00:00+00:00,0.03023955,0.321686560911375,0.03144232810124999,0.0,0.435,3.088825000960524,3.088825,0.22894736938157667,0.0,0.435,0.0,-0.0,0.0,1
2012-07-26 05:30:00+00:00,0.0331854,0.3250558842135,0.034505349284999993,0.0,0.691,2.7251407904342084,2.7251408,0.3636842009605239,0.0,0.691,0.0,-0.0,0.0,1
2012-07-26 06:00:00+00:00,0.0336528,0.32559047413200004,0.03499134011999999,0.0,0.062,2.69250921148684,2.6925092,0.03263159043420849,0.0,0.062,0.0,-0.0,0.0,1
2012-07-26 06:30:00+00:00,0.03750885,0.33000084095962506,0.03900076450875,0.0,0.094,2.6430355272763135,2.6430355,0.04947371148683999,0.0,0.094,0.0,-0.0,0.0,1
2012-07-26 07:00:00+00:00,0.04011645,0.332983289978625,0.041712081798749995,0.0,0.301,2.4846144746447347,2.4846145,0.15842102727631335,0.0,0.301,0.0,-0.0,0.0,1
2012-07-26 07:30:00+00:00,0.0389295,0.33162571294875004,0.040477920862499996,0.006,0.089,2.440930264118419,2.4409303,0.04368417464473451,0.0,0.083,0.0,1.3877787807814457e-17,-2.8087199831564044e-19,1
2012-07-26 08:00:00+00:00,0.04278555,0.336036079776375,0.04448734525124999,0.038,0.351,2.2761934220131557,2.2761934,0.16473686411841904,0.0,0.313,0.0,-0.0,0.0,1
2012-07-26 08:30:00+00:00,0.04170315,0.33479808207037504,0.04336189279125,0.156,0.152,2.2780934220131557,2.2780934,0.00189997798684427,0.004,0.0,0.0,-0.0,0.0,1
2012-07-26 09:00:00+00:00,0.03966135,0.332462768215875,0.041238880196249994,0.144,0.086,2.305643422013156,2.3056434,0.027549977986844443,0.058,0.0,0.0,-0.0,0.0,1
2012-07-26 09:30:00+00:00,0.0396183,0.33241352967075005,0.0411941178825,0.238,0.464,2.186696053592103,2.1866961,0.11894732201315605,0.0,0.226,2.7755575615628914e-17,0.0,4.613164429217304e-18,1
2012-07-26 10:00:00+00:00,0.03958755,0.33237835928137505,0.041162144801249995,0.281,0.18,2.2346710535921033,2.2346711,0.04797504640789674,0.101,0.0,0.0,-0.0,0.0,1
2012-07-26 10:30:00+00:00,0.03956295,0.33235022296987504,0.04113656633625,0.338,0.33,2.2384710535921033,2.2384711,0.0038000464078966623,0.008,0.0,0.0,-0.0,0.0,1
2012-07-26 11:00:00+00:00,0.03674625,0.14872861530312498,0.03820783209375,0.5,0.395,2.2883460535921034,2.2883461,0.04987504640789675,0.105,0.0,0.0,-0.0,0.0,1
2012-07-26 11:30:00+00:00,0.03440925,0.146055665710625,0.03577787791875,0.875,0.527,2.453646053592103,2.4536461,0.16530004640789642,0.348,0.0,0.0,-0.0,0.0,1
2012-07-26 12:00:00+00:00,0.03442155,0.146069733866375,0.035790667151250004,0.969,0.297,2.772846053592103,2.7728461,0.319200046407897,0.672,0.0,1.1102230246251565e-16,0.0,8.108499086965926e-18,1
2012-07-26 12:30:00+00:00,0.0344646,0.1461189724115,0.03583542946499999,0.844,0.125,3.114371053592103,3.1143711,0.34152504640789694,0.719,0.0,0.0,-0.0,0.0,1
2012-07-26 13:00:00+00:00,0.0343416,0.14597829085400002,0.035707537139999995,0.394,0.046,3.2796710535921028,3.2796711,0.16530004640789686,0.348,0.0,0.0,5.551115123125783e-17,-9.910832471371477e-19,1
2012-07-26 13:30:00+00:00,0.03412635,0.145732098128375,0.03548372557125,0.138,0.122,3.287271053592103,3.2872711,0.007600046407897132,0.016,0.0,0.0,-0.0,0.0,1
2012-07-26 14:00:00+00:00,0.0338988,0.14547183724700002,0.03524712477,0.125,0.047,3.3243210535921026,3.3243211,0.03705004640789733,0.078,0.0,0.0,-0.0,0.0,1
2012-07-26 14:30:00+00:00,0.0337389,0.14528895122225002,0.0350808647475,0.356,0.281,3.3599460535921026,3.3599461,0.03562504640789754,0.075,0.0,5.551115123125783e-17,0.0,4.032578471764581e-18,1
2012-07-26 15:00:00+00:00,0.033825,0.1453874283125,0.035170389375,0.631,0.133,3.5964960535921024,3.5964961,0.23655004640789734,0.498,0.0,0.0,-0.0,0.0,1
2012-07-26 15:30:00+00:00,0.0339849,0.14557031433724998,0.035336649397499996,0.675,0.124,3.8582210535921027,3.8582211,0.26172504640789773,0.551,0.0,0.0,-0.0,0.0,1
2012-07-26 16:00:00+00:00,0.03418785,0.145802438907125,0.035547671733749994,0.369,0.047,4.011171053592102,4.0111711,0.15295004640789767,0.322,0.0,0.0,-0.0,0.0,1
2012-07-26 16:30:00+00:00,0.0365187,0.14846835442175,0.0379712312925,0.181,0.121,4.0396710535921025,4.0396711,0.028500046407897273,0.06,0.0,0.0,-0.0,0.0,1
2012-07-26 17:00:00+00:00,0.0378225,0.14995957893125,0.0393268899375,0.025,0.118,3.9907236851710497,3.9907237,0.04894735359210234,0.0,0.093,0.0,-0.0,0.0,1
2012-07-26 17:30:00+00:00,0.03880035,0.15107799731337498,0.04034363392125,0.0,0.458,3.7496710535921025,3.7496711,0.24105258517104966,0.0,0.458,0.0,-0.0,0.0,1
2012-07-26 18:00:00+00:00,0.0475272,0.161059353818,0.04941759438,0.0,0.175,3.657565790434208,3.6575658,0.09210525359210253,0.0,0.175,0.0,-0.0,0.0,1
2012-07-26 18:30:00+00:00,0.0481545,0.16177682976125002,0.0500698452375,0.0,0.262,3.5196710535921025,3.5196711,0.13789469043420777,0.0,0.262,0.0,-0.0,0.0,1
2012-07-26 19:00:00+00:00,0.0477978,0.16136885324449998,0.049698957494999994,0.0,0.322,3.350197369381576,3.3501974,0.16947365359210265,0.0,0.322,0.0,-0.0,0.0,1
2012-07-26 19:30:00+00:00,0.04213365,0.154890467521625,0.04380951592875,0.0,0.321,3.1812500009605236,3.18125,0.16894736938157617,0.0,0.321,0.0,-0.0,0.0,1
2012-07-26 20:00:00+00:00,0.0396675,0.15206980229375,0.041245274812499996,0.0,0.499,2.918618422013155,2.9186184,0.2626316009605234,0.0,0.499,0.0,-0.0,0.0,1
2012-07-26 20:30:00+00:00,0.04620495,0.159547027074875,0.04804275188625,0.0,0.228,2.798618422013155,2.7986184,0.12000002201315496,0.0,0.228,0.0,-0.0,0.0,1
2012-07-26 21:00:00+00:00,0.04458135,0.157690030515875,0.04635457319624999,0.0,0.54,2.5144078956973654,2.5144079,0.2842105220131548,0.0,0.54,0.0,-0.0,0.0,1
2012-07-26 21:30:00+00:00,0.03966135,0.152062768215875,0.041238880196249994,0.0,0.116,2.453355264118418,2.4533553,0.06105259569736532,0.0,0.116,0.0,-0.0,0.0,1
2012-07-26 22:00:00+00:00,0.03634035,0.14826436616337502,0.03778578742125,0.0,0.152,2.373355264118418,2.3733553,0.07999996411841792,0.0,0.152,0.0,-0.0,0.0,1
2012-07-26 22:30:00+00:00,0.04311765,0.156015919981625,0.044832654528749995,0.0,0.368,2.1796710535921022,2.1796711,0.1936841641184177,0.0,0.368,0.0,-0.0,0.0,1
2012-07-26 23:00:00+00:00,0.03659865,0.14855979743412498,0.03805436130375,0.0,0.723,1.7991447378026284,1.7991447,0.3805263535921022,0.0,0.723,0.0,-0.0,0.0,1
2012-07-26 23:30:00+00:00,0.0362973,0.14821512761825,0.03774102510749999,0.0,0.049,1.7733552641184178,1.7733553,0.025789437802628434,0.0,0.049,0.0,-0.0,0.0,1
2012-07-27 00:00:00+00:00,0.0342555,0.09637981376375002,0.035618012512500005,0.0,0.122,1.7733552641184178,1.7733553,3.588158214995474e-08,0.0,0.0,0.122,0.0,0.005879168639588751,1
2012-07-27 00:30:00+00:00,0.0339234,0.09599997355850001,0.035272703235,0.0,0.049,2.2212947373684178,2.2212947,0.44793943588158225,0.94303047,0.0,0.99203047,0.0,0.04761744944461317,1
2012-07-27 01:00:00+00:00,0.03822225,0.10091679399312502,0.03974253999375,0.0,0.358,2.2212947373684178,2.2212947,3.73684176935285e-08,0.0,0.0,0.358,0.0,0.01806410612476938,1
2012-07-27 01:30:00+00:00,0.03846825,0.10119815710812499,0.03999832464375,0.0,0.048,2.2212947373684178,2.2212947,3.73684176935285e-08,0.0,0.0,0.048,0.0,0.002428755770595,1
2012-07-27 02:00:00+00:00,0.03443385,0.09658380202212502,0.03580345638375,0.0,0.117,2.6692342106184177,2.6692342,0.44793946263158224,0.94303047,0.0,1.06003047,0.0,0.05119088652595007,1
2012-07-27 02:30:00+00:00,0.03321,0.09518402052500002,0.03453092775,0.0,0.049,3.3817342106184176,3.3817342,0.7124999893815822,1.5,0.0,1.549,0.0,0.07372002389661252,1
2012-07-27 03:00:00+00:00,0.032349,0.09419924962250001,0.033635681475000005,0.0,0.177,4.094234210618417,4.0942342,0.7124999893815822,1.5,0.0,1.677,0.0,0.07898607080846626,1
2012-07-27 03:30:00+00:00,0.03140805,0.09312303570762501,0.03265730518875,0.0,0.947,4.806734210618417,4.8067342,0.7124999893815831,1.5,0.0,2.447,0.0,0.1139360341882792,1
2012-07-27 04:00:00+00:00,0.031734,0.09349584183500001,0.032996219849999994,0.0,0.703,5.519234210618418,5.5192342,0.7124999893815822,1.5,0.0,2.203,0.0,0.10298566978125251,1
2012-07-27 04:30:00+00:00,0.0318324,0.09360838708100001,0.033098533709999996,0.0,0.049,6.231734210618418,6.2317342,0.7124999893815822,1.5,0.0,1.549,0.0,0.0724996957942345,1
2012-07-27 05:00:00+00:00,0.03279795,0.324612737307375,0.03410248846125,0.0,0.172,6.141207894828945,6.1412079,0.09052631061841776,0.0,0.172,0.0,-0.0,0.0,1
2012-07-27 05:30:00+00:00,0.0343908,0.326434563477,0.03575869406999999,0.0,0.635,5.806997368513155,5.8069974,0.3342104948289446,0.0,0.635,0.0,-0.0,0.0,1
2012-07-27 06:00:00+00:00,0.03678315,0.32917081977037504,0.03824619979125,0.0,1.141,5.206471052723681,5.2064711,0.6005262685131552,0.0,1.141,0.0,-0.0,0.0,1
2012-07-27 06:30:00+00:00,0.03937845,0.33213920063362506,0.04094472784875,0.0,0.664,4.856997368513155,4.8569974,0.349473652723681,0.0,0.664,0.0,-0.0,0.0,1
2012-07-27 07:00:00+00:00,0.04959975,0.343829838061875,0.05157258005625,0.0,0.253,4.723839473776313,4.7238395,0.13315786851315448,0.0,0.253,0.0,-0.0,0.0,1
2012-07-27 07:30:00+00:00,0.0414756,0.334537821189,0.043125291989999995,0.006,0.049,4.701207894828944,4.7012079,0.022631573776313196,0.0,0.043,6.938893903907228e-18,0.0,1.1606612240373792e-18,1
2012-07-27 08:00:00+00:00,0.0498765,0.34414637156625005,0.051860337787499995,0.025,0.362,4.523839473776313,4.5238395,0.17736839482894418,0.0,0.337,0.0,5.551115123125783e-17,-1.4394135269130136e-18,1
2012-07-27 08:30:00+00:00,0.0499872,0.344272984968,0.05197544088,0.038,0.579,4.23910263167105,4.2391026,0.2847368737763132,0.0,0.541,0.0,1.1102230246251565e-16,-2.8852165590009805e-18,1
2012-07-27 09:00:00+00:00,0.0388557,0.33154130401425,0.040401185467499996,0.056,0.217,4.154365789565786,4.1543658,0.08473683167104973,0.0,0.161,0.0,-0.0,0.0,1
2012-07-27 09:30:00+00:00,0.03950145,0.33227988219112503,0.04107262017375,0.213,0.073,4.220865789565787,4.2208658,0.06650001043421394,0.14,0.0,2.7755575615628914e-17,0.0,4.611309697854019e-18,1
2012-07-27 10:00:00+00:00,0.0373797,0.32985312532425004,0.0388664775675,0.544,0.122,4.421315789565787,4.4213158,0.2004500104342135,0.422,0.0,0.0,-0.0,0.0,1
2012-07-27 10:30:00+00:00,0.0342924,0.32632201823100004,0.03565638021,0.744,0.129,4.713440789565787,4.7134408,0.292125010434213,0.615,0.0,0.0,-0.0,0.0,1
2012-07-27 11:00:00+00:00,0.03443385,0.146083802022125,0.03580345638375,0.856,0.595,4.837415789565787,4.8374158,0.12397501043421233,0.261,0.0,0.0,-0.0,0.0,1
2012-07-27 11:30:00+00:00,0.03447075,0.14612600648937502,0.03584182408125,0.95,0.299,5.146640789565787,5.1466408,0.30922501043421313,0.651,0.0,0.0,-0.0,0.0,1
2012-07-27 12:00:00+00:00,0.0343662,0.1460064271655,0.035733115605,1.063,0.556,5.387465789565787,5.3874658,0.24082501043421356,0.507,0.0,2.220446049250313e-16,0.0,1.6209969718239403e-17,1
2012-07-27 12:30:00+00:00,0.0344646,0.1461189724115,0.03583542946499999,1.175,0.198,5.851540789565787,5.8515408,0.46407501043421373,0.977,0.0,0.0,-0.0,0.0,1
2012-07-27 13:00:00+00:00,0.0339603,0.14554217802575,0.0353110709325,1.263,0.187,6.362640789565787,6.3626408,0.5111000104342134,1.076,0.0,2.220446049250313e-16,0.0,1.6158427709828117e-17,1
2012-07-27 13:30:00+00:00,0.03378195,0.14533818976737498,0.03512562706124999,1.288,0.742,6.621990789565787,6.6219908,0.259350010434213,0.546,0.0,0.0,-0.0,0.0,1
2012-07-27 14:00:00+00:00,0.0330009,0.14444486187724997,0.034313510797499995,1.15,0.425,6.966365789565788,6.9663658,0.3443750104342129,0.725,0.0,0.0,-0.0,0.0,1
2012-07-27 14:30:00+00:00,0.03276105,0.144170532840125,0.03406412076375,1.156,0.728,7.169665789565787,7.1696658,0.2033000104342122,0.428,0.0,0.0,-0.0,0.0,1
2012-07-27 15:00:00+00:00,0.0325335,0.14391027195875,0.0338275199625,0.975,1.033,7.139139473776313,7.1391395,0.0305262895657874,0.0,0.058,0.0,6.245004513516506e-17,-1.0562650742344109e-18,1
2012-07-27 15:30:00+00:00,0.03390495,0.145478871324875,0.03525351938625,0.8,0.442,7.309189473776313,7.3091895,0.17005002622368615,0.358,0.0,0.0,-0.0,0.0,1
2012-07-27 16:00:00+00:00,0.03396645,0.145549212103625,0.035317465548749996,0.494,0.951,7.0686631579868395,7.0686632,0.24052627377631364,0.0,0.457,0.0,5.551115123125783e-17,-9.802565855906996e-19,1
2012-07-27 16:30:00+00:00,0.0350181,0.14675203942025,0.0364109449275,0.175,2.068,6.279189473776313,6.2791895,0.7894736579868393,0.0,1.5,0.393,0.0,0.028836775746079128,1
2012-07-27 17:00:00+00:00,0.0331977,0.14466995236925,0.0345181385175,0.019,1.729,5.489715789565786,5.4897158,0.7894736737763131,0.0,1.5,0.2100000000000002,0.0,0.015190344998771265,1
2012-07-27 17:30:00+00:00,0.03408945,0.145689893661125,0.03544535787375,0.0,0.412,5.2728736843026285,5.2728737,0.21684208956578654,0.0,0.412,0.0,-0.0,0.0,1
2012-07-27 18:00:00+00:00,0.03893565,0.15123274702662498,0.04048431547875,0.0,0.179,5.178663157986839,5.1786632,0.09421048430262857,0.0,0.179,0.0,-0.0,0.0,1
2012-07-27 18:30:00+00:00,0.0387819,0.15105689507975,0.0403244500725,0.0,0.557,4.885505263249997,4.8855053,0.2931578579868388,0.0,0.557,0.0,-0.0,0.0,1
2012-07-27 19:00:00+00:00,0.03929235,0.151640723543375,0.04085520322124999,0.0,0.732,4.500242105355261,4.5002421,0.38526316324999677,0.0,0.732,0.0,-0.0,0.0,1
2012-07-27 19:30:00+00:00,0.03571305,0.147546890220125,0.03713353656375,0.0,0.232,4.378136842197366,4.3781368,0.12210530535526054,0.0,0.232,0.0,-0.0,0.0,1
2012-07-27 20:00:00+00:00,0.0341448,0.145753200362,0.035502909420000006,0.0,0.283,4.229189473776313,4.2291895,0.14894734219736527,0.0,0.283,0.0,-0.0,0.0,1
2012-07-27 20:30:00+00:00,0.0420537,0.15479902450925,0.0437263859175,0.0,0.22,4.113400000092103,4.1134,0.11578947377631277,0.0,0.22,0.0,-0.0,0.0,1
2012-07-27 21:00:00+00:00,0.03867735,0.15093731575587502,0.04021574159624999,0.0,0.3,3.9555052632499974,3.9555053,0.1578947000921027,0.0,0.3,0.0,-0.0,0.0,1
2012-07-27 21:30:00+00:00,0.03670935,0.148686410835875,0.03816946439625,0.0,0.445,3.7212947369342078,3.7212947,0.23421056324999734,0.0,0.445,0.0,-0.0,0.0,1
2012-07-27 22:00:00+00:00,0.03388035,0.145450735013375,0.03522794092124999,0.0,0.407,3.507084210618418,3.5070842,0.21421053693420777,0.0,0.407,0.0,-0.0,0.0,1
2012-07-27 22:30:00+00:00,0.04082985,0.153399243012125,0.04245385728375,0.0,0.127,3.44024210535526,3.4402421,0.06684211061841827,0.0,0.127,0.0,-0.0,0.0,1
2012-07-27 23:00:00+00:00,0.03603285,0.14791266226962502,0.03746605660874999,0.0,1.347,2.7312947369342075,2.7312947,0.7089474053552602,0.0,1.347,0.0,-0.0,0.0,1
2012-07-27 23:30:00+00:00,0.0399504,0.152393369876,0.041539427159999996,0.0,0.969,2.2212947369342073,2.2212947,0.5100000369342075,0.0,0.969,0.0,-0.0,0.0,1
2012-07-28 00:00:00+00:00,0.03801315,0.100677635345375,0.03952512304125,0.0,1.272,2.2212947369342073,2.2212947,3.693420724815155e-08,0.0,0.0,1.272,0.0,0.06403097607965849,1
2012-07-28 00:30:00+00:00,0.03745965,0.10004456833662499,0.03894960757874999,0.0,0.968,2.2212947369342073,2.2212947,3.693420724815155e-08,0.0,0.0,0.968,0.0,0.04842157107492649,1
2012-07-28 01:00:00+00:00,0.0363711,0.09879953655275002,0.0378177605025,0.0,0.659,2.2212947369342073,2.2212947,3.693420724815155e-08,0.0,0.0,0.659,0.0,0.032554447294131136,1
2012-07-28 01:30:00+00:00,0.0353379,0.09761781146975,0.036743464972499994,0.0,0.071,2.2212947369342073,2.2212947,3.693420724815155e-08,0.0,0.0,0.071,0.0,0.003465432307176125,1
2012-07-28 02:00:00+00:00,0.03336375,0.09535987247187501,0.03469079315625,0.0,0.113,2.9337947369342072,2.9337947,0.7124999630657927,1.5,0.0,1.613,0.0,0.07690773714856719,1
2012-07-28 02:30:00+00:00,0.03380655,0.095866326078875,0.03515120552624999,0.0,0.315,3.1986328964342072,3.1986329,0.26483816306579255,0.55755402,0.0,0.8725540199999999,0.0,0.04182427410137661,1
2012-07-28 03:00:00+00:00,0.0342186,0.09633760929650001,0.035579644815000006,0.0,0.167,3.1986328964342072,3.1986329,3.565792550119795e-09,0.0,0.0,0.167,0.0,0.008044190376257752,1
2012-07-28 03:30:00+00:00,0.03411405,0.096218029972625,0.035470936338749995,0.0,0.727,3.1986328964342072,3.1986329,0.2648382035657928,0.0,0.0,0.727,0.0,0.034975253895049185,1
2012-07-28 04:00:00+00:00,0.0326934,0.0945931579835,0.03399377998499999,0.0,0.704,3.911132896434207,3.9111329,0.7125000035657929,1.5,0.0,2.2039999999999997,0.0,0.10424166009781699,1
2012-07-28 04:30:00+00:00,0.03085455,0.092489968698875,0.03208178972625,0.0,0.055,4.6236328964342075,4.6236329,0.7125000035657925,1.5,0.0,1.555,0.0,0.07191095066337531,1
2012-07-28 05:00:00+00:00,0.0314634,0.32308634240850004,0.032714856735000006,0.0,0.409,4.408369738539471,4.4083697,0.21526319643420777,0.0,0.409,0.0,-0.0,0.0,1
2012-07-28 05:30:00+00:00,0.03207225,0.32378271611812504,0.033347923743749994,0.0,0.653,4.064685528013155,4.0646855,0.3436842385394705,0.0,0.653,0.0,-0.0,0.0,1
2012-07-28 06:00:00+00:00,0.03209685,0.32381085242962504,0.033373502208749996,0.0,1.01,3.5331065806447337,3.5331066,0.5315789280131549,0.0,1.01,0.0,-0.0,0.0,1
2012-07-28 06:30:00+00:00,0.03385575,0.325822598701875,0.03520236245624999,0.0,0.838,3.0920539490657863,3.0920539,0.4410526806447339,0.0,0.838,0.0,-0.0,0.0,1
2012-07-28 07:00:00+00:00,0.0340341,0.32602658696025005,0.0353878063275,0.0,0.312,2.927843422749997,2.9278434,0.16421054906578636,0.0,0.312,0.0,-0.0,0.0,1
2012-07-28 07:30:00+00:00,0.0335544,0.325477928886,0.03488902625999999,0.006,0.409,2.715738159592102,2.7157382,0.21210522274999688,0.0,0.403,0.0,5.551115123125783e-17,-9.683650065150926e-19,1
2012-07-28 08:00:00+00:00,0.0350919,0.32723644835475,0.0364876803225,0.019,0.241,2.5988960543289443,2.5988961,0.11684205959210203,0.0,0.222,0.0,-0.0,0.0,1
2012-07-28 08:30:00+00:00,0.0360759,0.32836190081475,0.037510818922499994,0.038,0.174,2.527317106960523,2.5273171,0.07157895432894446,0.0,0.136,0.0,2.7755575615628914e-17,-5.205671855038062e-19,1
2012-07-28 09:00:00+00:00,0.03802545,0.33059170350112504,0.03953791227375,0.056,0.242,2.429422370118418,2.4294224,0.09789470696052316,0.0,0.186,0.0,-0.0,0.0,1
2012-07-28 09:30:00+00:00,0.03870195,0.331365452067375,0.040241320061249995,0.244,0.415,2.339422370118418,2.3394224,0.08999997011841776,0.0,0.171,0.0,2.7755575615628914e-17,-5.584605009163745e-19,1
2012-07-28 10:00:00+00:00,0.03634035,0.328664366163375,0.03778578742125,0.55,0.388,2.416372370118418,2.4163724,0.07695002988158217,0.162,0.0,0.0,-0.0,0.0,1
2012-07-28 10:30:00+00:00,0.03688155,0.32928336501637506,0.03834851365125,0.756,0.259,2.652447370118418,2.6524474,0.2360750298815817,0.497,0.0,0.0,-0.0,0.0,1
2012-07-28 11:00:00+00:00,0.0352641,0.14703340253525,0.036666729577499994,0.875,0.278,2.936022370118418,2.9360224,0.283575029881582,0.597,0.0,0.0,-0.0,0.0,1
2012-07-28 11:30:00+00:00,0.034563,0.1462315176575,0.035937743325,0.963,0.067,3.3616223701184182,3.3616224,0.42560002988158185,0.896,0.0,1.1102230246251565e-16,0.0,8.117479891461832e-18,1
2012-07-28 12:00:00+00:00,0.0342309,0.14585167745225,0.0355924340475,1.056,0.499,3.626197370118418,3.6261974,0.2645750298815819,0.557,0.0,0.0,-0.0,0.0,1
2012-07-28 12:30:00+00:00,0.03373275,0.145281917144375,0.03507447013125,1.175,0.113,4.130647370118418,4.1306474,0.5044500298815819,1.062,0.0,0.0,-0.0,0.0,1
2012-07-28 13:00:00+00:00,0.03217065,0.143495261364125,0.033450237603749995,1.306,0.098,4.704447370118419,4.7044474,0.573800029881582,1.208,0.0,0.0,-0.0,0.0,1
2012-07-28 13:30:00+00:00,0.0320907,0.14340381835175,0.0333671075925,1.413,0.335,5.216497370118419,5.2164974,0.5120500298815811,1.078,0.0,0.0,-0.0,0.0,1
2012-07-28 14:00:00+00:00,0.03169095,0.142946603289875,0.03295145753625,1.2,0.372,5.609797370118419,5.6097974,0.39330002988158075,0.828,0.0,0.0,-0.0,0.0,1
2012-07-28 14:30:00+00:00,0.03110055,0.142271331813875,0.03233757437625,1.081,0.261,5.999297370118419,5.9992974,0.3895000298815807,0.82,0.0,0.0,-0.0,0.0,1
2012-07-28 15:00:00+00:00,0.03204765,0.14335457980662497,0.03332234527874999,0.856,0.37,6.230147370118419,6.2301474,0.230850029881581,0.486,0.0,0.0,-0.0,0.0,1
2012-07-28 15:30:00+00:00,0.0327795,0.14419163507375,0.0340833046125,0.65,0.205,6.441522370118419,6.4415224,0.21137502988158108,0.445,0.0,0.0,-0.0,0.0,1
2012-07-28 16:00:00+00:00,0.0335667,0.14509199704175,0.034901815492499995,0.456,0.349,6.492347370118419,6.4923474,0.05082502988158044,0.107,0.0,0.0,5.551115123125783e-17,-9.687199790248123e-19,1
2012-07-28 16:30:00+00:00,0.03417555,0.145788370751375,0.03553488250125,0.156,1.072,6.010242106960525,6.0102421,0.48210527011841897,0.0,0.916,0.0,-0.0,0.0,1
2012-07-28 17:00:00+00:00,0.0352149,0.14697712991225,0.0366155726475,0.019,1.48,5.241294738539472,5.2412947,0.7689474069605247,0.0,1.461,0.0,-0.0,0.0,1
2012-07-28 17:30:00+00:00,0.0359283,0.14779308294575,0.0373573481325,0.0,0.516,4.969715791171051,4.9697158,0.2715789385394718,0.0,0.516,0.0,-0.0,0.0,1
2012-07-28 18:00:00+00:00,0.04289625,0.155762693178125,0.04460244834374999,0.0,0.212,4.8581368438026304,4.8581368,0.11157899117105163,0.0,0.212,0.0,-0.0,0.0,1
2012-07-28 18:30:00+00:00,0.04833285,0.161980818019625,0.05025528910874999,0.0,0.532,4.57813684380263,4.5781368,0.2800000438026302,0.0,0.532,0.0,-0.0,0.0,1
2012-07-28 19:00:00+00:00,0.04327755,0.156198806006375,0.04499891455125,0.0,1.292,3.89813684380263,3.8981368,0.6800000438026301,0.0,1.292,0.0,-0.0,0.0,1
2012-07-28 19:30:00+00:00,0.03909555,0.15141563305137498,0.04065057550125,0.0,0.371,3.702873685907893,3.7028737,0.19526314380263,0.0,0.371,0.0,-0.0,0.0,1
2012-07-28 20:00:00+00:00,0.038745,0.1510146906125,0.040286082375,0.0,0.24,3.576557896434209,3.5765579,0.12631578590789294,0.0,0.24,0.0,-0.0,0.0,1
2012-07-28 20:30:00+00:00,0.04130955,0.15394790108637502,0.042952637351249996,0.0,0.306,3.4155052648552613,3.4155053,0.16105259643420888,0.0,0.306,0.0,-0.0,0.0,1
2012-07-28 21:00:00+00:00,0.0401964,0.15267473299099998,0.041795211809999996,0.0,0.212,3.30392631748684,3.3039263,0.1115789648552612,0.0,0.212,0.0,-0.0,0.0,1
2012-07-28 21:30:00+00:00,0.03635265,0.14827843431912502,0.03779857665375,0.0,0.546,3.0165578964342084,3.0165579,0.28736841748684006,0.0,0.546,0.0,-0.0,0.0,1
2012-07-28 22:00:00+00:00,0.03533175,0.147110777391875,0.03673707035625,0.0,0.42,2.795505264855261,2.7955053,0.2210525964342085,0.0,0.42,0.0,-0.0,0.0,1
2012-07-28 22:30:00+00:00,0.03881265,0.15109206546912501,0.040356423153749994,0.0,0.314,2.6302421069605244,2.6302421,0.16526316485526138,0.0,0.314,0.0,-0.0,0.0,1
2012-07-28 23:00:00+00:00,0.0366786,0.14865124044650002,0.038137491315,0.0,0.676,2.2744526332763138,2.2744526,0.35578950696052436,0.0,0.676,0.0,-0.0,0.0,1
2012-07-28 23:30:00+00:00,0.0375396,0.14963601134899998,0.03903273759,0.0,0.101,2.2212947385394717,2.2212947,0.053157933276313685,0.0,0.101,0.0,-0.0,0.0,1
2012-07-29 00:00:00+00:00,0.03634035,0.09876436616337503,0.03778578742125,0.0,0.317,2.2212947385394717,2.2212947,3.853947161402971e-08,0.0,0.0,0.317,0.0,0.015654152036894943,1
2012-07-29 00:30:00+00:00,0.03504885,0.09728720980962502,0.03644291800875,0.0,0.091,2.2212947385394717,2.2212947,3.853947161402971e-08,0.0,0.0,0.091,0.0,0.004426568046337938,1
2012-07-29 01:00:00+00:00,0.0351411,0.09739272097775001,0.036538837252500005,0.0,0.082,2.2212947385394717,2.2212947,3.853947161402971e-08,0.0,0.0,0.082,0.0,0.00399310156008775,1
2012-07-29 01:30:00+00:00,0.03469215,0.096879233292875,0.03607203026624999,0.0,0.086,2.2212947385394717,2.2212947,3.853947161402971e-08,0.0,0.0,0.086,0.0,0.004165807031593625,1
2012-07-29 02:00:00+00:00,0.03370815,0.095753780832875,0.03504889166625,0.0,0.081,2.9337947385394716,2.9337947,0.7124999614605283,1.5,0.0,1.581,0.0,0.07569336374838768,1
2012-07-29 02:30:00+00:00,0.0342432,0.09636574560800001,0.035605223279999994,0.0,0.323,3.4226592285394717,3.4226592,3.853947161402971e-08,1.0291884,0.0,1.3521884,0.0,0.06515232168424429,1
2012-07-29 03:00:00+00:00,0.033825,0.0958874283125,0.035170389375,0.0,0.141,4.135159228539472,4.1351592,0.7124999714605287,1.5,0.0,1.641,0.0,0.07867563493040625,1
2012-07-29 03:30:00+00:00,0.0324597,0.09432586302425003,0.033750784567500004,0.0,0.758,4.847659228539472,4.8476592,0.7124999714605282,1.5,0.0,2.258,0.0,0.10649389935437828,1
2012-07-29 04:00:00+00:00,0.03161715,0.093362194355375,0.03287472214124999,0.0,0.673,5.560159228539472,5.5601592,0.7124999714605282,1.5,0.0,2.173,0.0,0.10143802416711495,1
2012-07-29 04:30:00+00:00,0.0321399,0.09396009097475001,0.0334182645225,0.0,0.333,6.272659228539473,6.2726592,0.7124999714605273,1.5,0.0,1.833,0.0,0.08611442337835838,1
2012-07-29 05:00:00+00:00,0.03321615,0.3250910546028751,0.03453732236625,0.0,0.128,6.205290807486841,6.2052908,0.06736842853947245,0.0,0.128,0.0,-0.0,0.0,1
2012-07-29 05:30:00+00:00,0.0314142,0.32303006978550003,0.032663699805,0.0,0.704,5.834764491697367,5.8347645,0.37052630748684035,0.0,0.704,0.0,-0.0,0.0,1
2012-07-29 06:00:00+00:00,0.03121125,0.32279794521562505,0.032452677468749996,0.0,0.893,5.364764491697367,5.3647645,0.4699999916973674,0.0,0.893,0.0,-0.0,0.0,1
2012-07-29 06:30:00+00:00,0.0321153,0.32383195466325004,0.033392686057499996,0.0,0.826,4.9300276495921045,4.9300276,0.4347368916973675,0.0,0.826,0.0,-0.0,0.0,1
2012-07-29 07:00:00+00:00,0.03311775,0.324978509356875,0.034435008506249996,0.0,0.351,4.745290807486842,4.7452908,0.18473684959210424,0.0,0.351,0.0,-0.0,0.0,1
2012-07-29 07:30:00+00:00,0.03274875,0.32455646468437505,0.03405133153125,0.006,0.106,4.6926592285394735,4.6926592,0.052631607486842036,0.0,0.1,0.0,1.3877787807814457e-17,-2.362785767821146e-19,1
2012-07-29 08:00:00+00:00,0.0345138,0.32657524503450003,0.035886586394999996,0.019,0.175,4.610553965381579,4.610554,0.08210522853947388,0.0,0.156,0.0,-0.0,0.0,1
2012-07-29 08:30:00+00:00,0.0341694,0.3261813366735001,0.035528487885,0.038,0.258,4.494764491697368,4.4947645,0.11578946538157897,0.0,0.22,0.0,-0.0,0.0,1
2012-07-29 09:00:00+00:00,0.03605745,0.328340798581125,0.037491635073749995,0.044,0.356,4.330553965381578,4.330554,0.1642104916973679,0.0,0.312,0.0,-0.0,0.0,1
2012-07-29 09:30:00+00:00,0.03813615,0.330718316902875,0.03965301536625,0.288,0.418,4.262132912749999,4.2621329,0.06842106538157822,0.0,0.13,0.0,-0.0,0.0,1
2012-07-29 10:00:00+00:00,0.0379332,0.33048619233300003,0.03944199303,0.613,0.087,4.51198291275,4.5119829,0.24984998725000018,0.526,0.0,0.0,-0.0,0.0,1
2012-07-29 10:30:00+00:00,0.03769335,0.33021186329587504,0.03919260299625,0.763,0.119,4.81788291275,4.8178829,0.3058999872500001,0.644,0.0,0.0,-0.0,0.0,1
2012-07-29 11:00:00+00:00,0.03813615,0.150318316902875,0.03965301536625,0.888,0.08,5.20168291275,5.2016829,0.38379998724999975,0.808,0.0,0.0,-0.0,0.0,1
2012-07-29 11:30:00+00:00,0.0374535,0.14953753425875002,0.0389432129625,0.894,0.169,5.54605791275,5.5460579,0.34437498725000015,0.725,0.0,0.0,-0.0,0.0,1
2012-07-29 12:00:00+00:00,0.0359898,0.1478634237245,0.037421294295000004,1.106,0.644,5.76550791275,5.7655079,0.21944998724999998,0.462,0.0,0.0,-0.0,0.0,1
2012-07-29 12:30:00+00:00,0.0350796,0.146822380199,0.03647489109,0.975,0.302,6.085182912750001,6.0851829,0.31967498725,0.673,0.0,1.1102230246251565e-16,0.0,8.150279351359924e-18,1
2012-07-29 13:00:00+00:00,0.0352518,0.14701933437950002,0.036653940345,0.825,0.227,6.36923291275,6.3692329,0.2840499872499995,0.598,0.0,0.0,-0.0,0.0,1
2012-07-29 13:30:00+00:00,0.03449535,0.146154142800875,0.03586740254625,0.975,0.173,6.750182912750001,6.7501829,0.3809499872500002,0.802,0.0,1.1102230246251565e-16,0.0,8.113184724094224e-18,1
2012-07-29 14:00:00+00:00,0.0344769,0.14613304056725002,0.035848218697499996,0.706,0.231,6.975807912750001,6.9758079,0.2256249872499998,0.475,0.0,0.0,-0.0,0.0,1
2012-07-29 14:30:00+00:00,0.03444,0.14609083609999998,0.035809851,0.644,0.644,7.062031599000001,7.0620316,1.275000016676131e-08,0.18152355,0.0,0.18152354999999998,0.0,0.013259463595670075,1
2012-07-29 15:00:00+00:00,0.03445845,0.146111938333625,0.035829034848750003,0.794,0.224,7.419005285250001,7.4190053,0.2707500009999988,0.75152355,0.0,0.18152354999999998,0.0,0.013261378871850346,1
2012-07-29 15:30:00+00:00,0.0346737,0.14635813105925,0.0360528464175,0.694,1.491,7.775978971500001,7.775979,1.4749999444063633e-08,0.75152355,0.0,1.54852355,0.0,0.11331950633961754,1
2012-07-29 16:00:00+00:00,0.03685695,0.148855228704875,0.03832293518625,0.3,1.704,7.775978971500001,7.775979,2.8499999693565314e-08,0.0,0.0,1.404,0.0,0.10449637055082224,1
2012-07-29 16:30:00+00:00,0.04052235,0.153047539118375,0.04213412647125,0.075,1.74,7.775978971500001,7.775979,2.8499999693565314e-08,0.0,0.0,1.665,0.0,0.12741207631604717,1
2012-07-29 17:00:00+00:00,0.0446736,0.157795541684,0.04645049244,0.019,1.78,7.775978971500001,7.775979,2.8499999693565314e-08,0.0,0.0,1.7610000000000001,0.0,0.13893897445276202,1
2012-07-29 17:30:00+00:00,0.04028865,0.152780244159125,0.041891131053749996,0.0,0.179,7.775978971500001,7.775979,2.8499999693565314e-08,0.0,0.0,0.179,0.0,0.013673831852241688,1
2012-07-29 18:00:00+00:00,0.06819735,0.18470088955587502,0.07090989959625,0.0,0.292,7.622294760973685,7.6222948,0.15368417150000102,0.0,0.292,0.0,-0.0,0.0,1
2012-07-29 18:30:00+00:00,0.0773916,0.195216835979,0.08046985088999999,0.0,0.488,7.365452655710527,7.3654527,0.25684206097368545,0.0,0.488,0.0,-0.0,0.0,1
2012-07-29 19:00:00+00:00,0.07482705,0.192283625505125,0.07780329591375,0.0,0.296,7.209663182026317,7.2096632,0.1557894557105275,0.0,0.296,0.0,-0.0,0.0,1
2012-07-29 19:30:00+00:00,0.06155535,0.177104085450875,0.06400371404625,0.0,0.249,7.078610550447369,7.0786106,0.13105258202631642,0.0,0.249,0.0,-0.0,0.0,1
2012-07-29 20:00:00+00:00,0.05044845,0.164400540808625,0.05245503709875,0.0,0.493,6.819136866236843,6.8191369,0.2594736504473687,0.0,0.493,0.0,-0.0,0.0,1
2012-07-29 20:30:00+00:00,0.05602035,0.170773415363375,0.05824855942124999,0.0,0.214,6.706505287289474,6.7065053,0.11263156623684267,0.0,0.214,0.0,-0.0,0.0,1
2012-07-29 21:00:00+00:00,0.04338825,0.15632541940812503,0.045114017643750004,0.0,0.294,6.55176844518421,6.5517684,0.15473688728947366,0.0,0.294,0.0,-0.0,0.0,1
2012-07-29 21:30:00+00:00,0.0393231,0.15167589393275002,0.0408871763025,0.0,0.259,6.415452655710526,6.4154527,0.13631574518421008,0.0,0.259,0.0,-0.0,0.0,1
2012-07-29 22:00:00+00:00,0.03642645,0.148362843253625,0.03787531204875,0.0,0.597,6.101242129394737,6.1012421,0.3142105557105257,0.0,0.597,0.0,-0.0,0.0,1
2012-07-29 22:30:00+00:00,0.03573765,0.14757502653162502,0.037159115028749995,0.0,0.214,5.988610550447368,5.9886106,0.11263152939473642,0.0,0.214,0.0,-0.0,0.0,1
2012-07-29 23:00:00+00:00,0.0353625,0.14714594778125,0.036769043437499996,0.0,0.725,5.607031603078947,5.6070316,0.3815789504473681,0.0,0.725,0.0,-0.0,0.0,1
2012-07-29 23:30:00+00:00,0.0356577,0.14748358351925,0.0370759850175,0.0,0.047,5.582294760973684,5.5822948,0.02473680307894721,0.0,0.047,0.0,-0.0,0.0,1
2012-07-30 00:00:00+00:00,0.0341817,0.09629540482925002,0.035541277117500006,0.0,0.116,5.582294760973684,5.5822948,0.02473683902631585,0.0,0.0,0.116,0.0,0.0055851334800965016,1
