Timestamp,Price_SMP,Buy_Rate_USD_kWh,Sell_Rate_USD_kWh,Solar_Gen,Consumption,SoC_kWh,SoC_Planned,SoC_Deviation,Charge_kW,Discharge_kW,Buy_kW,Sell_kW,Step_Cost_USD,Reoptimized
2012-06-30 00:30:00+00:00,0.019557,0.0795683676425,0.020334879675,0.0,0.1,4.947368421052632,4.9473684,0.0,0.0,0.1,0.0,-0.0,0.0,1
2012-06-30 01:00:00+00:00,0.0191019,0.07904784587975,0.0198616780725,0.0,0.119,4.884736842105263,4.8847368,0.15069722105263228,0.0,0.119,0.0,-0.0,0.0,1
2012-06-30 01:30:00+00:00,0.0182901,0.07811934760025001,0.0190175887275,0.0,0.1,4.832105263157895,4.8321053,0.14597824210526333,0.0,0.1,0.0,-0.0,0.0,1
2012-06-30 02:00:00+00:00,0.01545495,0.074876637699875,0.01606967063625,0.0,0.113,4.832105263157895,4.8321053,3.68421053664747e-08,0.0,0.0,0.113,0.0,0.0042305300300429375,1
2012-06-30 02:30:00+00:00,0.0112791,0.07010049882275,0.011727726202499998,0.0,0.1,5.150000001157895,5.15,0.31789473684210545,0.66925208,0.0,0.76925208,0.0,0.026962477264218996,1
2012-06-30 03:00:00+00:00,0.0105534,0.0692704776335,0.010973161484999997,0.0,0.088,5.862500001157894,5.8625,0.7124999988421052,1.5,0.0,1.588,0.0,0.055000759240999,1
2012-06-30 03:30:00+00:00,0.01114995,0.069952783187375,0.01159343926125,0.0,0.106,6.575000001157894,6.575,0.7124999988421061,1.5,0.0,1.606,0.0,0.05617208489946213,1
2012-06-30 04:00:00+00:00,0.01064565,0.06937598880162502,0.011069080728749998,0.0,0.119,7.287500001157895,7.2875,0.7124999988421052,1.5,0.0,1.619,0.0,0.05615986293491545,1
2012-06-30 04:30:00+00:00,0.0095325,0.06810282070625,0.009911655187499998,0.0,0.063,8.0,8.0,0.7124999988421052,1.5,0.0,1.563,0.0,0.05322235438193437,1
2012-06-30 05:00:00+00:00,0.0081918,0.29646939172950004,0.008517628845,0.0,0.113,7.940526315789474,7.9405263,0.14156549999999957,0.0,0.113,0.0,-0.0,0.0,1
2012-06-30 05:30:00+00:00,0.0119925,0.30081645185625006,0.012469501687499999,0.0,0.119,7.877894736842105,7.8778947,0.15140141578947386,0.0,0.119,0.0,-0.0,0.0,1
2012-06-30 06:00:00+00:00,0.01367145,0.3027367551161251,0.01421523192375,0.0,0.075,7.8384210526315785,7.8384211,0.16423613684210547,0.0,0.075,0.0,-0.0,0.0,1
2012-06-30 06:30:00+00:00,0.01389285,0.302989981919625,0.01444543810875,0.0,0.094,7.788947368421052,7.7889474,0.17844345263157813,0.0,0.094,0.0,-0.0,0.0,1
2012-06-30 07:00:00+00:00,0.0148953,0.30413653661325,0.015487760557499999,0.0,0.119,7.726315789473683,7.7263158,0.19114106842105194,0.0,0.119,0.0,-0.0,0.0,1
2012-06-30 07:30:00+00:00,0.0171954,0.30676728173850004,0.017879347034999996,0.0,0.331,7.552105263157894,7.5521053,0.20225838947368313,0.0,0.331,0.0,-0.0,0.0,1
2012-06-30 08:00:00+00:00,0.018204,0.30792087051,0.0189280641,0.0,1.631,6.762631578947367,6.7626316,0.2105879631578942,0.0,1.5,0.131,0.0,0.020168817018405002,1
2012-06-30 08:30:00+00:00,0.0197415,0.30967938997875005,0.0205267181625,0.006,1.075,6.199999999999999,6.2,0.21507567894736734,0.0,1.069,0.0,-0.0,0.0,1
2012-06-30 09:00:00+00:00,0.0208485,0.31094552399625003,0.021677749087499996,0.006,0.969,5.693157894736841,5.6931579,0.2149328999999991,0.0,0.963,0.0,-0.0,0.0,1
2012-06-30 09:30:00+00:00,0.0212544,0.31140977313600005,0.022099793759999996,0.006,1.231,5.0484210526315785,5.0484211,0.20975639473684105,0.0,1.225,0.0,-0.0,0.0,1
2012-06-30 10:00:00+00:00,0.0207747,0.31086111506175,0.021601013692499997,0.006,0.144,4.97578947368421,4.9757895,0.1996438526315787,0.0,0.138,0.0,2.7755575615628914e-17,-2.997742844582096e-19,1
2012-06-30 10:30:00+00:00,0.0196431,0.30956684473275003,0.0204244043025,0.013,0.081,4.9399999999999995,4.94,0.18528497368420993,0.0,0.068,0.0,-0.0,0.0,1
2012-06-30 11:00:00+00:00,0.0194463,0.12894175424075,0.020219776582499998,0.131,0.1,4.954725,4.954725,8.881784197001252e-16,0.031,0.0,0.0,-0.0,0.0,1
2012-06-30 11:30:00+00:00,0.02021505,0.129821013975125,0.02101910361375,0.313,0.156,5.0293,5.0293,0.0,0.157,0.0,0.0,-0.0,0.0,1
2012-06-30 12:00:00+00:00,0.0196677,0.12919498104425,0.0204499827675,0.325,0.125,5.1243,5.1243,0.0,0.2,0.0,0.0,-0.0,0.0,1
2012-06-30 12:30:00+00:00,0.0190404,0.12847750510099998,0.019797731909999998,0.325,0.138,5.213125,5.213125,0.0,0.187,0.0,0.0,-0.0,0.0,1
2012-06-30 13:00:00+00:00,0.0184746,0.12783036993650002,0.019209427214999998,0.306,0.194,5.266325,5.266325,0.0,0.112,0.0,0.0,-0.0,0.0,1
2012-06-30 13:30:00+00:00,0.01866525,0.128048426350625,0.01940766031875,0.294,0.194,5.3138250000000005,5.313825,0.0,0.1,0.0,5.551115123125783e-17,0.0,3.554057780037062e-18,1
2012-06-30 14:00:00+00:00,0.0198645,0.12942007153625001,0.0206546104875,0.275,0.219,5.340425000000001,5.340425,8.881784197001252e-16,0.056,0.0,0.0,-0.0,0.0,1
2012-06-30 14:30:00+00:00,0.0195201,0.12902616317525,0.020296511977499997,0.2,0.313,5.340425000000001,5.340425,8.881784197001252e-16,0.0,0.0,0.11299999999999999,0.0,0.007289978219401624,1
2012-06-30 15:00:00+00:00,0.0200367,0.12961702571675,0.0208336597425,0.063,0.144,5.297793421052632,5.2977934,0.16970790000000058,0.0,0.081,0.0,1.3877787807814457e-17,-1.4456255458331069e-19,1
2012-06-30 15:30:00+00:00,0.0200121,0.12958888940525,0.0208080812775,0.119,0.163,5.27463552631579,5.2746355,0.16873772105263196,0.0,0.044,1.3877787807814457e-17,0.0,8.992035547081973e-19,1
2012-06-30 16:00:00+00:00,0.0202212,0.129828048053,0.021025498230000002,0.025,0.163,5.202003947368421,5.2020039,0.23581112631578982,0.0,0.138,0.0,-0.0,0.0,1
2012-06-30 16:30:00+00:00,0.02293335,0.13293007639587498,0.02384552399625,0.006,0.131,5.136214473684211,5.1362145,0.26839564736842103,0.0,0.125,0.0,-0.0,0.0,1
2012-06-30 17:00:00+00:00,0.02726295,0.137882067219875,0.02834733383625,0.0,0.15,5.057267105263159,5.0572671,0.29605417368421083,0.0,0.15,0.0,-0.0,0.0,1
2012-06-30 17:30:00+00:00,0.02936625,0.140287721853125,0.030534292593749998,0.0,1.05,4.5046355263157905,4.5046355,0.3160009052631585,0.0,1.05,0.0,-0.0,0.0,1
2012-06-30 18:00:00+00:00,0.0328164,0.144233839541,0.03412167231,0.0,1.0,3.9783197368421064,3.9783197,0.3264883263157907,0.0,1.0,0.0,-0.0,0.0,1
2012-06-30 18:30:00+00:00,0.0324105,0.14376959040124998,0.0336996276375,0.0,0.838,3.537267105263159,3.5372671,0.32703033684210636,0.0,0.838,0.0,-0.0,0.0,1
2012-06-30 19:00:00+00:00,0.0291879,0.14008373359475002,0.030348848722499995,0.0,0.206,3.42884605263158,3.4288461,0.31841050526315895,0.0,0.206,0.0,-0.0,0.0,1
2012-06-30 19:30:00+00:00,0.0254979,0.13586328686975,0.0265120789725,0.0,0.238,3.3035828947368433,3.3035829,0.30162795263158015,0.0,0.238,0.0,-0.0,0.0,1
2012-06-30 20:00:00+00:00,0.0254241,0.13577887793525,0.0264353435775,0.0,0.319,3.135688157894738,3.1356882,0.2805628947368435,0.0,0.319,0.0,-0.0,0.0,1
2012-06-30 20:30:00+00:00,0.0259284,0.136355672321,0.02695970211,0.0,0.206,3.0272671052631592,3.0272671,0.2583498578947383,0.0,0.206,0.0,-0.0,0.0,1
2012-06-30 21:00:00+00:00,0.0259284,0.136355672321,0.02695970211,0.0,0.188,2.9283197368421066,2.9283197,0.23701310526315922,0.0,0.188,0.0,-0.0,0.0,1
2012-06-30 21:30:00+00:00,0.02373285,0.133844506519625,0.02467682410875,0.0,0.144,2.852530263157896,2.8525303,0.21743793684210644,0.0,0.144,0.0,-0.0,0.0,1
2012-06-30 22:00:00+00:00,0.0270354,0.13762180633850002,0.028110733035,0.0,0.119,2.789898684210528,2.7898987,0.201504163157896,0.0,0.119,0.0,-0.0,0.0,1
2012-06-30 22:30:00+00:00,0.0303318,0.1413920720795,0.031538247345,0.0,0.075,2.7504250000000017,2.750425,0.18945188421052794,0.0,0.075,0.0,-0.0,0.0,1
2012-06-30 23:00:00+00:00,0.02718915,0.137797658285375,0.028270598441249996,0.0,0.194,2.6483197368421068,2.6483197,0.18077170000000153,0.0,0.194,0.0,-0.0,0.0,1
2012-06-30 23:30:00+00:00,0.02936625,0.140287721853125,0.030534292593749998,0.0,0.144,2.5725302631578963,2.5725303,0.17414513684210675,0.0,0.144,0.0,-0.0,0.0,1
2012-07-01 00:00:00+00:00,0.03199845,0.093798307183625,0.03327118834875,0.0,0.106,3.2850302631578963,3.2850303,0.7125000368421035,1.5,0.0,1.606,0.0,0.07532004066845088,1
2012-07-01 00:30:00+00:00,0.0350796,0.09732238019900001,0.03647489109,0.0,0.1,3.2850302631578963,3.2850303,3.684210359011786e-08,0.0,0.0,0.1,0.0,0.004866119009950001,1
2012-07-01 01:00:00+00:00,0.03301935,0.09496596411087499,0.034332694646249995,0.0,0.119,3.2850302631578963,3.2850303,3.684210359011786e-08,0.0,0.0,0.119,0.0,0.005650474864597061,1
2012-07-01 01:30:00+00:00,0.0319431,0.09373500048275,0.0332136368025,0.0,0.113,3.997530263157896,3.9975303,0.712500036842104,1.5,0.0,1.613,0.0,0.07559727788933789,1
2012-07-01 02:00:00+00:00,0.03205995,0.093868647962375,0.03333513451124999,0.0,0.094,4.437500001157896,4.4375,0.43996973684210383,0.92625208,0.0,1.0202520800000001,0.0,0.047884841665200434,1
2012-07-01 02:30:00+00:00,0.0291756,0.09056966543900001,0.030336059489999997,0.0,0.094,5.1500000011578955,5.15,0.7124999988421044,1.5,0.0,1.594,0.0,0.07218402335488301,1
2012-07-01 03:00:00+00:00,0.02827155,0.089535655991375,0.029396050901249995,0.0,0.119,5.862500001157896,5.8625,0.7124999988421044,1.5,0.0,1.619,0.0,0.07247911352501807,1
2012-07-01 03:30:00+00:00,0.02577465,0.086679820374125,0.026799836703749996,0.0,0.094,6.575000001157896,6.575,0.7124999988421044,1.5,0.0,1.594,0.0,0.06908381683817763,1
2012-07-01 04:00:00+00:00,0.0211683,0.08141129604575001,0.0220102691325,0.0,0.088,7.2875000011578965,7.2875,0.7124999988421035,1.5,0.0,1.588,0.0,0.0646405690603255,1
2012-07-01 04:30:00+00:00,0.02878815,0.090126518532875,0.029933198666249994,0.0,0.113,8.0,8.0,0.7124999988421035,1.5,0.0,1.613,0.0,0.07268703719676368,1
2012-07-01 05:00:00+00:00,0.03078075,0.322305559764375,0.03200505433125,0.0,0.1,7.947368421052632,7.9473684,0.14138379999999984,0.0,0.1,0.0,-0.0,0.0,1
2012-07-01 05:30:00+00:00,0.03236745,0.32412035185612503,0.03365486532375,0.0,0.094,7.8978947368421055,7.8978947,0.1503473210526316,0.0,0.094,0.0,-0.0,0.0,1
2012-07-01 06:00:00+00:00,0.03164175,0.323290330666875,0.03290030060625,0.0,0.094,7.848421052631579,7.8484211,0.16232673684210575,0.0,0.094,0.0,-0.0,0.0,1
2012-07-01 06:30:00+00:00,0.0311559,0.32273463851475004,0.0323951259225,0.0,0.125,7.782631578947369,7.7826316,0.17570215263157962,0.0,0.125,0.0,-0.0,0.0,1
2012-07-01 07:00:00+00:00,0.03225675,0.323993738454375,0.03353976223125,0.0,0.138,7.71,7.71,0.1876019789473684,0.0,0.138,0.0,-0.0,0.0,1
2012-07-01 07:30:00+00:00,0.0322875,0.3240289088437501,0.033571735312499996,0.0,0.994,7.186842105263158,7.1868421,0.1979527000000001,0.0,0.994,0.0,-0.0,0.0,1
2012-07-01 08:00:00+00:00,0.0338496,0.325815564624,0.03519596784,0.0,1.069,6.624210526315789,6.6242105,0.2055480052631573,0.0,1.069,0.0,-0.0,0.0,1
2012-07-01 08:30:00+00:00,0.033948,0.32592810987000004,0.035298281699999996,0.013,0.838,6.1899999999999995,6.19,0.20933372631578884,0.0,0.825,0.0,-0.0,0.0,1
2012-07-01 09:00:00+00:00,0.03614355,0.328439275671375,0.03758115970125,0.019,0.894,5.729473684210526,5.7294737,0.20852059999999994,0.0,0.875,0.0,-0.0,0.0,1
2012-07-01 09:30:00+00:00,0.03720135,0.329649137065875,0.03868103369625,0.05,0.9,5.282105263157894,5.2821053,0.20270378421052637,0.0,0.85,0.0,-0.0,0.0,1
2012-07-01 10:00:00+00:00,0.037146,0.32958583036500005,0.03862348214999999,0.094,0.594,5.018947368421052,5.0189474,0.19197906315789393,0.0,0.5,0.0,-0.0,0.0,1
2012-07-01 10:30:00+00:00,0.0373059,0.32976871638975,0.0387897421725,0.106,0.781,4.6636842105263145,4.6636842,0.17703456842105147,0.0,0.675,0.0,-0.0,0.0,1
2012-07-01 11:00:00+00:00,0.0351903,0.14694899360074998,0.036589994182499995,0.169,1.575,4.6636842105263145,4.6636842,1.0526314930814351e-08,0.0,0.0,1.406,0.0,0.10330514250132723,1
2012-07-01 11:30:00+00:00,0.0360759,0.14796190081475,0.037510818922499994,0.3,1.375,4.6636842105263145,4.6636842,1.0526314930814351e-08,0.0,0.0,1.075,0.0,0.07952952168792812,1
2012-07-01 12:00:00+00:00,0.036285,0.1482010594625,0.037728235874999995,0.131,1.331,4.6636842105263145,4.6636842,1.0526314930814351e-08,0.0,0.0,1.2,0.0,0.0889206356775,1
2012-07-01 12:30:00+00:00,0.0356577,0.14748358351925,0.0370759850175,0.038,0.65,4.6636842105263145,4.6636842,1.0526314930814351e-08,0.0,0.0,0.612,0.0,0.0451299765568905,1
2012-07-01 13:00:00+00:00,0.0360882,0.14797596897049997,0.03752360815499999,0.194,0.725,4.6636842105263145,4.6636842,1.0526314930814351e-08,0.0,0.0,0.5309999999999999,0.0,0.03928761976166774,1
2012-07-01 13:30:00+00:00,0.03589755,0.14775791255637502,0.03732537505125,0.144,0.331,4.6636842105263145,4.6636842,1.0526314930814351e-08,0.0,0.0,0.18700000000000003,0.0,0.013815364824021067,1
2012-07-01 14:00:00+00:00,0.0355224,0.147328833806,0.03693530346,0.288,0.25,4.681734210526314,4.6817342,1.0526314930814351e-08,0.038,0.0,0.0,-0.0,0.0,1
2012-07-01 14:30:00+00:00,0.0350427,0.14678017573175,0.0364365233925,0.231,0.113,4.737784210526314,4.7377842,1.0526314042635931e-08,0.118,0.0,0.0,2.7755575615628914e-17,-5.056583400955828e-19,1
2012-07-01 15:00:00+00:00,0.0361866,0.1480885142165,0.03762592201499999,0.138,0.088,4.761534210526314,4.7615342,0.048347710526313925,0.05,0.0,0.0,-0.0,0.0,1
2012-07-01 15:30:00+00:00,0.0343047,0.14593608638674999,0.035669169442499996,0.106,0.125,4.761534210526314,4.7615342,1.0526314042635931e-08,0.0,0.0,0.019000000000000003,0.0,0.0013863928206741252,1
2012-07-01 16:00:00+00:00,0.03511035,0.146857550588375,0.03650686417124999,0.013,0.169,4.689436489473683,4.6894365,0.07209771052631364,0.0,0.13698567,0.019014329999999996,0.0,0.0013961989649395278,1
2012-07-01 16:30:00+00:00,0.0376134,0.1497204202835,0.039109472985,0.0,0.375,4.492068068421051,4.4920681,0.2551021894736829,0.0,0.375,0.0,-0.0,0.0,1
2012-07-01 17:00:00+00:00,0.04039935,0.152906857560875,0.042006234146249995,0.0,0.956,3.9889101736842085,3.9889102,0.28254316842105087,0.0,0.956,0.0,-0.0,0.0,1
2012-07-01 17:30:00+00:00,0.04091595,0.153497720102375,0.04254338191124999,0.0,0.913,3.5083838578947346,3.5083839,0.30231397368420865,0.0,0.913,0.0,-0.0,0.0,1
2012-07-01 18:00:00+00:00,0.04894785,0.16268422580712502,0.050894750733749994,0.0,0.719,3.1299628052631556,3.1299628,0.3126689578947346,0.0,0.719,0.0,-0.0,0.0,1
2012-07-01 18:30:00+00:00,0.04686915,0.16030670748537498,0.04873337044124999,0.0,0.206,3.0215417526315766,3.0215418,0.3131222052631557,0.0,0.206,0.0,-0.0,0.0,1
2012-07-01 19:00:00+00:00,0.0437142,0.1566982255355,0.045452932305,0.0,0.244,2.8931206999999977,2.8931207,0.3044568526315765,0.0,0.244,0.0,-0.0,0.0,1
2012-07-01 19:30:00+00:00,0.0425457,0.15536175073925,0.04423795521749999,0.0,0.219,2.7778575421052607,2.7778575,0.28767419999999744,0.0,0.219,0.0,-0.0,0.0,1
2012-07-01 20:00:00+00:00,0.04017795,0.152653630757375,0.04177602796124999,0.0,0.2,2.672594384210524,2.6725944,0.2666461421052606,0.0,0.2,0.0,-0.0,0.0,1
2012-07-01 20:30:00+00:00,0.03956295,0.151950222969875,0.04113656633625,0.0,0.231,2.551015436842103,2.5510154,0.24450258421052418,0.0,0.231,0.0,-0.0,0.0,1
2012-07-01 21:00:00+00:00,0.0385974,0.1508458727435,0.040132611585,0.0,0.669,2.198910173684208,2.1989102,0.22326693684210275,0.0,0.669,0.0,-0.0,0.0,1
2012-07-01 21:30:00+00:00,0.03905865,0.151373428584125,0.04061220780375,0.0,0.363,2.0078575421052607,2.0078575,0.20382637368420808,0.0,0.363,0.0,-0.0,0.0,1
2012-07-01 22:00:00+00:00,0.0388311,0.15111316770275,0.040375607002499994,0.0,0.119,1.9452259631578923,1.945226,0.1880550421052607,0.0,0.119,0.0,-0.0,0.0,1
2012-07-01 22:30:00+00:00,0.0409467,0.15353289049175,0.0425753549925,0.0,0.1,1.892594384210524,1.8925944,0.17619166315789236,0.0,0.1,0.0,-0.0,0.0,1
2012-07-01 23:00:00+00:00,0.0375396,0.14963601134899998,0.03903273759,0.0,0.119,1.8299628052631556,1.8299628,0.16772588421052403,0.0,0.119,0.0,-0.0,0.0,1
2012-07-01 23:30:00+00:00,0.03880035,0.15107799731337498,0.04034363392125,0.0,0.15,1.751015436842103,1.7510154,0.16134030526315568,0.0,0.15,0.0,-0.0,0.0,1
2012-07-02 00:00:00+00:00,0.037515,0.10010787503749999,0.039007159124999996,0.0,0.113,1.751015436842103,1.7510154,3.6842102923984044e-08,0.0,0.0,0.113,0.0,0.0056560949396187495,1
2012-07-02 00:30:00+00:00,0.03439695,0.096541597554875,0.03576508868625,0.0,0.081,2.300000011842103,2.3,0.5489845631578969,1.155757,0.0,1.2367569999999999,0.0,0.05969924828358726,1
2012-07-02 01:00:00+00:00,0.03362205,0.09565530374262503,0.03495936703875,0.0,0.113,3.012500011842103,3.0125,0.7124999881578971,1.5,0.0,1.613,0.0,0.07714600246842708,1
2012-07-02 01:30:00+00:00,0.03406485,0.09616175734962502,0.03541977940875,0.0,0.119,3.725000011842103,3.725,0.7124999881578971,1.5,0.0,1.619,0.0,0.07784294257452146,1
2012-07-02 02:00:00+00:00,0.0337266,0.09577488306650002,0.035068075515,0.0,0.069,4.437500011842102,4.4375,0.7124999881578971,1.5,0.0,1.569,0.0,0.07513539576566926,1
2012-07-02 02:30:00+00:00,0.03308085,0.09503630488962501,0.03439664080875,0.0,0.113,5.150000011842103,5.15,0.712499988157898,1.5,0.0,1.613,0.0,0.07664677989348258,1
2012-07-02 03:00:00+00:00,0.0331239,0.09508554343475002,0.0344414031225,0.0,0.119,5.862500011842103,5.8625,0.7124999881578971,1.5,0.0,1.619,0.0,0.07697174741043014,1
2012-07-02 03:30:00+00:00,0.0331485,0.09511367974625,0.034466981587499994,0.0,0.063,6.5750000118421035,6.575,0.7124999881578971,1.5,0.0,1.563,0.0,0.07433134072169437,1
2012-07-02 04:00:00+00:00,0.03313005,0.09509257751262501,0.034447797738749994,0.0,0.113,7.287500011842104,7.2875,0.7124999881578962,1.5,0.0,1.613,0.0,0.07669216376393206,1
2012-07-02 04:30:00+00:00,0.0331485,0.09511367974625,0.034466981587499994,0.0,0.113,8.0,8.0,0.7124999881578962,1.5,0.0,1.613,0.0,0.07670918271535063,1
2012-07-02 05:00:00+00:00,0.03326535,0.325147327225875,0.034588479296249995,0.0,0.063,7.966842105263158,7.9668421,0.1325402999999996,0.0,0.063,0.0,-0.0,0.0,1
2012-07-02 05:30:00+00:00,0.0354117,0.32760222040425,0.03682020036749999,0.0,0.1,7.91421052631579,7.9142105,0.14194090526315772,0.0,0.1,0.0,-0.0,0.0,1
2012-07-02 06:00:00+00:00,0.03721365,0.32966320522162507,0.03869382292875,0.0,0.1,7.861578947368422,7.8615789,0.15436332631578953,0.0,0.1,0.0,-0.0,0.0,1
2012-07-02 06:30:00+00:00,0.04154325,0.334615196045625,0.04319563276874999,0.0,0.413,7.64421052631579,7.6442105,0.16819044736842148,0.0,0.413,0.0,-0.0,0.0,1
2012-07-02 07:00:00+00:00,0.04940295,0.3436047475698751,0.051367952336249995,0.0,1.056,7.088421052631579,7.0884211,0.1805579263157906,0.0,1.056,0.0,-0.0,0.0,1
2012-07-02 07:30:00+00:00,0.04357275,0.33693644174437504,0.04530585613125,0.0,0.906,6.611578947368422,6.6115789,0.19138635263157955,0.0,0.906,0.0,-0.0,0.0,1
2012-07-02 08:00:00+00:00,0.05431065,0.34921794171412507,0.056470856103749995,0.006,0.9,6.1410526315789475,6.1410526,0.19946724736842203,0.0,0.894,0.0,-0.0,0.0,1
2012-07-02 08:30:00+00:00,0.0599625,0.35568225928125,0.0623475084375,0.0,0.106,6.085263157894737,6.0852632,0.20374343157894792,0.0,0.106,0.0,-0.0,0.0,1
2012-07-02 09:00:00+00:00,0.05511015,0.35013237183787504,0.05730215621625,0.006,0.094,6.038947368421052,6.0389474,0.2034218578947371,0.0,0.088,0.0,-0.0,0.0,1
2012-07-02 09:30:00+00:00,0.0512418,0.3457079368545001,0.05327994259499999,0.013,0.069,6.009473684210526,6.0094737,0.1980931684210523,0.0,0.056,6.938893903907228e-18,0.0,1.1994153477860178e-18,1
2012-07-02 10:00:00+00:00,0.0551163,0.35013940591575,0.05730855083249999,0.006,0.3,5.854736842105263,5.8547368,0.18784908421052648,0.0,0.294,0.0,-0.0,0.0,1
2012-07-02 10:30:00+00:00,0.0485481,0.34262701074525004,0.05047910067749999,0.006,1.738,5.065263157894736,5.0652632,0.17337324210526273,0.0,1.5,0.23199999999999998,0.0,0.039744733246449004,1
2012-07-02 11:00:00+00:00,0.04616805,0.15950482260762502,0.04800438418875,0.156,1.269,5.050749568947368,5.0507496,0.014513557894736628,0.0,0.027575819,1.085424181,0.0,0.08656519572221584,1
2012-07-02 11:30:00+00:00,0.05245335,0.16669365019587498,0.05453968199625,0.325,0.938,4.78296089,4.7829609,0.13756716894736787,0.0,0.50879849,0.10420151,0.0,0.008684865028910985,1
2012-07-02 12:00:00+00:00,0.0549687,0.16957058804675,0.057155080042499994,0.344,0.319,4.79483589,4.7948359,0.12047078999999972,0.025,0.0,5.551115123125783e-17,0.0,4.70652927871823e-18,1
2012-07-02 12:30:00+00:00,-0.0364572,0.065001986357,-0.03790728513,0.319,0.244,5.50733589,5.5073359,0.7125000100000003,1.5,0.0,1.425,0.0,0.0463139152793625,1
2012-07-02 13:00:00+00:00,0.04337595,0.15631135125237502,0.04510122841125,0.288,0.256,5.52253589,5.5225359,9.99999993922529e-09,0.032,0.0,5.551115123125783e-17,0.0,4.338511529266426e-18,1
2012-07-02 13:30:00+00:00,0.05314215,0.167481466917875,0.055255879016249995,0.269,0.156,5.5762108900000005,5.5762109,0.10115819000000048,0.113,0.0,0.0,-0.0,0.0,1
2012-07-02 14:00:00+00:00,0.04459365,0.157704098671625,0.046367362428749996,0.238,0.763,5.404053521578948,5.4040535,0.1112154900000002,0.0,0.327099,0.19790100000000005,0.0,0.015604899415606633,1
2012-07-02 14:30:00+00:00,0.0519921,0.16616609435525,0.054060085777499996,0.125,0.8,5.2738319952631585,5.273832,0.13022152157894862,0.0,0.2474209,0.42757910000000005,0.0,0.03552457453746644,1
2012-07-02 15:00:00+00:00,0.0559281,0.17066790419525002,0.0581526401775,0.163,0.544,5.116950484736843,5.1169505,0.15688149526315875,0.0,0.29807487,0.08292513000000001,0.0,0.007076329071109328,1
2012-07-02 15:30:00+00:00,0.0566907,0.17154012985175,0.05894557259249999,0.1,0.75,4.928140363684212,4.9281404,0.18881008473684258,0.0,0.35873923,0.29126077,0.0,0.024981455153260345,1
2012-07-02 16:00:00+00:00,0.0589047,0.17407239788675,0.0612476344425,0.013,0.756,4.705323179473686,4.7053232,0.222817163684212,0.0,0.42335265,0.31964735,0.0,0.027820890346322617,1
2012-07-02 16:30:00+00:00,0.06386775,0.179748898731875,0.06640808975625,0.006,1.125,4.449981690000001,4.4499817,0.25534147947368524,0.0,0.48514883,0.63385117,0.0,0.056967024883705246,1
2012-07-02 17:00:00+00:00,0.06529455,0.181380804798875,0.06789164072625001,0.0,1.337,4.16701954263158,4.1670195,0.282962190000001,0.0,0.53762808,0.79937192,0.0,0.07249536109161096,1
2012-07-02 17:30:00+00:00,0.10175175,0.223078818441875,0.10579892585624999,0.0,1.281,3.4928090163157908,3.492809,0.3028980426315804,0.0,1.281,0.0,-0.0,0.0,1
2012-07-02 18:00:00+00:00,0.1472556,0.275123960639,0.15311269148999998,0.0,0.7,3.124387963684212,3.124388,0.3134049163157906,0.0,0.7,0.0,-0.0,0.0,1
2012-07-02 18:30:00+00:00,0.14934045,0.27750851303862506,0.15528046639874998,0.0,0.281,2.976493226842107,2.9764932,0.31399796368421207,0.0,0.281,0.0,-0.0,0.0,1
2012-07-02 19:00:00+00:00,0.14467875,0.272176682009375,0.15043334728125,0.0,0.225,2.858072174210528,2.8580722,0.30546022684210694,0.0,0.225,0.0,-0.0,0.0,1
2012-07-02 19:30:00+00:00,0.08417505,0.202975423875125,0.08752311261375,0.0,0.225,2.7396511215789494,2.7396511,0.28879537421052826,0.0,0.225,0.0,-0.0,0.0,1
2012-07-02 20:00:00+00:00,0.07554045,0.193099578538625,0.07854507139874999,0.0,0.181,2.6443879636842125,2.644388,0.26786812157894957,0.0,0.181,0.0,-0.0,0.0,1
2012-07-02 20:30:00+00:00,0.13397775,0.259937386506875,0.13930671500624997,0.0,0.225,2.5259669110526337,2.5259669,0.2458046636842126,0.0,0.225,0.0,-0.0,0.0,1
2012-07-02 21:00:00+00:00,0.07683195,0.19457673489237498,0.07988794081124999,0.0,0.163,2.440177437368423,2.4401774,0.2246287110526337,0.0,0.163,0.0,-0.0,0.0,1
2012-07-02 21:30:00+00:00,0.0691629,0.18580523978225,0.0719138543475,0.0,0.075,2.400703753157897,2.4007038,0.20523043736842306,0.0,0.075,0.0,-0.0,0.0,1
2012-07-02 22:00:00+00:00,0.06993165,0.186684499516625,0.07271318137874999,0.0,0.113,2.341230068947371,2.3412301,0.189479953157897,0.0,0.113,0.0,-0.0,0.0,1
2012-07-02 22:30:00+00:00,0.13854105,0.26515667229012496,0.14405152026374998,0.0,0.1,2.2885984900000023,2.2885985,0.17761616894737076,0.0,0.1,0.0,-0.0,0.0,1
2012-07-02 23:00:00+00:00,0.0775515,0.19539972200375,0.08063611091249999,0.0,0.081,2.245966911052634,2.2459669,0.16912949000000221,0.0,0.081,0.0,-0.0,0.0,1
2012-07-02 23:30:00+00:00,0.06964875,0.18636093193437497,0.07241902903124998,0.0,0.1,2.1933353321052653,2.1933353,0.16270541105263403,0.0,0.1,0.0,-0.0,0.0,1
2012-07-03 00:00:00+00:00,0.05408925,0.119064714910625,0.056240649918749996,0.0,0.094,2.9058353321052652,2.9058353,0.7124999678947348,1.5,0.0,1.594,0.0,0.09489457778376813,1
2012-07-03 00:30:00+00:00,0.05709045,0.12249734491362502,0.059361222648749996,0.0,0.094,3.618335332105265,3.6183353,0.7124999678947348,1.5,0.0,1.594,0.0,0.09763038389615915,1
2012-07-03 01:00:00+00:00,0.06643845,0.133189143283625,0.06908103934874998,0.0,0.088,3.618335332105265,3.6183353,3.210526511310263e-08,0.0,0.0,0.088,0.0,0.005860322304479499,1
2012-07-03 01:30:00+00:00,0.06637695,0.133118802504875,0.06901709318625,0.0,0.113,3.725000002105265,3.725,0.10666466789473494,0.2245572,0.0,0.3375572,0.0,0.022467605120449298,1
2012-07-03 02:00:00+00:00,0.06015315,0.126000315695375,0.06254574154124999,0.0,0.138,4.437500002105265,4.4375,0.7124999978947351,1.5,0.0,1.638,0.0,0.10319425855451213,1
2012-07-03 02:30:00+00:00,0.0517461,0.11638473124025,0.0538043011275,0.0,0.1,5.150000002105266,5.15,0.7124999978947351,1.5,0.0,1.6,0.0,0.09310778499220002,1
2012-07-03 03:00:00+00:00,0.04996875,0.11435188273437501,0.051956257031249994,0.0,0.088,5.862500002105266,5.8625,0.7124999978947342,1.5,0.0,1.588,0.0,0.09079539489109376,1
2012-07-03 03:30:00+00:00,0.0471213,0.11109510467825,0.048995549707499995,0.0,0.119,6.575000002105266,6.575,0.7124999978947342,1.5,0.0,1.619,0.0,0.08993148723704338,1
2012-07-03 04:00:00+00:00,0.0444522,0.10804231488049999,0.04622028625499999,0.0,0.1,7.287500002105267,7.2875,0.7124999978947333,1.5,0.0,1.6,0.0,0.0864338519044,1
2012-07-03 04:30:00+00:00,0.03800085,0.10066356718962502,0.03951233380875,0.0,0.088,8.0,8.0,0.7124999978947333,1.5,0.0,1.588,0.0,0.07992687234856227,1
2012-07-03 05:00:00+00:00,0.0400857,0.33294811958925,0.0416801087175,0.0,0.081,7.957368421052632,7.9573684,0.13252590000000009,0.0,0.081,0.0,-0.0,0.0,1
2012-07-03 05:30:00+00:00,0.04244115,0.33564217141537506,0.044129246741249996,0.0,0.088,7.911052631578947,7.9110526,0.1417385210526314,0.0,0.088,0.0,-0.0,0.0,1
2012-07-03 06:00:00+00:00,0.0469614,0.34081221865350003,0.04882928968499999,0.0,0.106,7.855263157894736,7.8552632,0.15396733157894715,0.0,0.106,0.0,-0.0,0.0,1
2012-07-03 06:30:00+00:00,0.05444595,0.34937269142737504,0.056611537661249996,0.0,0.238,7.7299999999999995,7.73,0.1676013578947364,0.0,0.238,0.0,-0.0,0.0,1
2012-07-03 07:00:00+00:00,0.05514705,0.35017457630512505,0.057340523913750004,0.0,0.088,7.683684210526315,7.6836842,0.1797860999999994,0.0,0.088,0.0,-0.0,0.0,1
2012-07-03 07:30:00+00:00,0.04983345,0.34409713302112505,0.05181557547374999,0.0,0.106,7.627894736842104,7.6278947,0.19043891052631512,0.0,0.106,0.0,-0.0,0.0,1
2012-07-03 08:00:00+00:00,0.05495025,0.349949485813125,0.057135896193749994,0.006,1.469,6.857894736842104,6.8578947,0.19835203684210434,0.0,1.463,0.0,-0.0,0.0,1
2012-07-03 08:30:00+00:00,0.0611556,0.357046870389,0.06358806399,0.006,2.069,6.068421052631577,6.0684211,0.2024682368421038,0.0,1.5,0.5630000000000002,0.0,0.10050869401450353,1
2012-07-03 09:00:00+00:00,0.0548211,0.34980177017775,0.05700160925249999,0.006,1.875,5.278947368421051,5.2789474,0.20199335263157714,0.0,1.5,0.369,0.0,0.06453842659779488,1
2012-07-03 09:30:00+00:00,0.05316675,0.3479096032293751,0.05528145748125,0.006,1.819,4.489473684210524,4.4894737,0.1965163684210509,0.0,1.5,0.31299999999999994,0.0,0.05444785290539719,1
2012-07-03 10:00:00+00:00,0.05043,0.34477943857500004,0.05243585325,0.013,1.856,3.6999999999999975,3.7,0.18612708421052382,0.0,1.5,0.3430000000000002,0.0,0.05912967371561254,1
2012-07-03 10:30:00+00:00,0.04451985,0.338019689737125,0.04629062703375,0.013,1.825,2.910526315789471,2.9105263,0.1715076999999976,0.0,1.5,0.31200000000000006,0.0,0.05273107159899151,1
2012-07-03 11:00:00+00:00,0.044772,0.15790808693000002,0.0465528063,0.188,0.844,2.910526315789471,2.9105263,1.5789471063953897e-08,0.0,0.0,0.6559999999999999,0.0,0.05179385251304,1
2012-07-03 11:30:00+00:00,0.0444522,0.1575423148805,0.04622028625499999,0.325,0.769,2.910526315789471,2.9105263,1.5789471063953897e-08,0.0,0.0,0.444,0.0,0.034974393903471,1
2012-07-03 12:00:00+00:00,0.04022715,0.152709903380375,0.04182718489125,0.338,0.45,2.910526315789471,2.9105263,1.5789471063953897e-08,0.0,0.0,0.11199999999999999,0.0,0.008551754589300999,1
2012-07-03 12:30:00+00:00,0.03839445,0.150613748173625,0.03992158924874999,0.338,0.744,2.910526315789471,2.9105263,1.5789471063953897e-08,0.0,0.0,0.40599999999999997,0.0,0.030574590879245873,1
2012-07-03 13:00:00+00:00,0.03786555,0.15000881747637498,0.03937165225124999,0.325,0.744,2.910526315789471,2.9105263,1.5789471063953897e-08,0.0,0.0,0.419,0.0,0.03142684726130056,1
2012-07-03 13:30:00+00:00,0.0387204,0.150986554301,0.040260503909999995,0.306,0.581,2.910526315789471,2.9105263,1.5789471063953897e-08,0.0,0.0,0.27499999999999997,0.0,0.020760651216387496,1
2012-07-03 14:00:00+00:00,0.0381669,0.15035348729225,0.03968498844749999,0.294,0.394,2.910526315789471,2.9105263,1.5789471063953897e-08,0.0,0.0,0.10000000000000003,0.0,0.007517674364612503,1
2012-07-03 14:30:00+00:00,0.03929235,0.151640723543375,0.04085520322124999,0.163,0.55,2.910526315789471,2.9105263,1.5789471063953897e-08,0.0,0.0,0.387,0.0,0.02934248000564306,1
2012-07-03 15:00:00+00:00,0.0391386,0.1514648715965,0.040695337815,0.081,0.488,2.910526315789471,2.9105263,1.5789471063953897e-08,0.0,0.0,0.407,0.0,0.030823101369887747,1
2012-07-03 15:30:00+00:00,0.0386712,0.15093028167800002,0.040209346980000005,0.113,1.463,2.910526315789471,2.9105263,1.5789471063953897e-08,0.0,0.0,1.35,0.0,0.10187794013265002,1
2012-07-03 16:00:00+00:00,0.04126035,0.153891628463375,0.04290148042125,0.019,1.244,2.910526315789471,2.9105263,1.5789471063953897e-08,0.0,0.0,1.225,0.0,0.0942586224338172,1
2012-07-03 16:30:00+00:00,0.04187535,0.15459503625087498,0.043540942046249996,0.006,1.794,2.910526315789471,2.9105263,1.5789471063953897e-08,0.0,0.0,1.788,0.0,0.13820796240828223,1
2012-07-03 17:00:00+00:00,0.0499134,0.1637885760335,0.051898705484999995,0.0,1.506,2.5067392947368394,2.5067393,0.279433615789471,0.0,0.76719534,0.73880466,0.0,0.06050388161415706,1
2012-07-03 17:30:00+00:00,0.0535419,0.16793868197975,0.0556715290725,0.0,1.669,1.9221168736842078,1.9221169,0.2993225947368394,0.0,1.1107826,0.5582174,0.0,0.046873147207081446,1
2012-07-03 18:00:00+00:00,0.06712725,0.18347696000562497,0.06979723636874999,0.0,1.075,1.3563273999999974,1.3563274,0.3098082736842078,0.0,1.075,0.0,-0.0,0.0,1
2012-07-03 18:30:00+00:00,0.0740583,0.19140436577075,0.0770039688825,0.0,0.988,1.0,1.0,0.3104067999999973,0.0,0.67702206,0.31097794,0.0,0.029761267687197175,1
2012-07-03 19:00:00+00:00,0.06561435,0.181746576848375,0.06822416077124999,0.0,1.113,1.0,1.0,0.0,0.0,0.0,1.113,0.0,0.10114197001612069,1
2012-07-03 19:30:00+00:00,0.052275,0.1664896619375,0.054354238124999996,0.0,0.838,1.0,1.0,0.0,0.0,0.0,0.838,0.0,0.0697591683518125,1
2012-07-03 20:00:00+00:00,0.0460758,0.15939931143949998,0.04790846494499999,0.0,0.994,1.0,1.0,0.0,0.0,0.0,0.994,0.0,0.07922145778543149,1
2012-07-03 20:30:00+00:00,0.0493476,0.163141440869,0.05131040078999999,0.0,0.369,1.0,1.0,0.0,0.0,0.0,0.369,0.0,0.030099595840330503,1
2012-07-03 21:00:00+00:00,0.0465801,0.15997610582525001,0.0484328234775,0.0,0.319,1.0,1.0,0.0,0.0,0.0,0.319,0.0,0.025516188879127377,1
2012-07-03 21:30:00+00:00,0.0453132,0.15852708578299998,0.04711553253,0.0,0.15,1.0,1.0,0.0,0.0,0.0,0.15,0.0,0.011889531433724999,1
2012-07-03 22:00:00+00:00,0.043296,0.15621990824,0.0450180984,0.0,0.119,1.0,1.0,0.0,0.0,0.0,0.119,0.0,0.00929508454028,1
2012-07-03 22:30:00+00:00,0.04878795,0.162501339782375,0.05072849071125,0.0,0.106,1.0,1.0,0.0,0.0,0.0,0.106,0.0,0.008612571008465875,1
2012-07-03 23:00:00+00:00,0.04317915,0.156086260760375,0.044896600691249997,0.0,0.069,1.0,1.0,0.0,0.0,0.0,0.069,0.0,0.0053849759962329375,1
2012-07-03 23:30:00+00:00,0.0406884,0.15323745922100002,0.04230678111,0.0,0.113,1.0,1.0,0.0,0.0,0.0,0.113,0.0,0.008657916445986501,1
2012-07-04 00:00:00+00:00,0.03747195,0.100058636492375,0.038962396811249994,0.0,0.088,1.5874999975000001,1.5875,0.5874999999999999,1.2368421,0.0,1.3248421000000001,0.0,0.06628094704684737,1
2012-07-04 00:30:00+00:00,0.03650025,0.098947252188125,0.03795204744374999,0.0,0.075,2.2999999975,2.3,0.7125000024999997,1.5,0.0,1.575,0.0,0.07792096109814843,1
2012-07-04 01:00:00+00:00,0.03599595,0.09837045780237501,0.03742768891124999,0.0,0.106,3.0124999975,3.0125,0.7125000025000001,1.5,0.0,1.606,0.0,0.07899147761530714,1
2012-07-04 01:30:00+00:00,0.0363711,0.09879953655275002,0.0378177605025,0.0,0.075,3.7249999975,3.725,0.7125000025000001,1.5,0.0,1.575,0.0,0.07780463503529064,1
2012-07-04 02:00:00+00:00,0.03486435,0.097076187473375,0.03625107952125,0.0,0.1,4.4374999975,4.4375,0.7125000025000001,1.5,0.0,1.6,0.0,0.0776609499787,1
2012-07-04 02:30:00+00:00,0.033579,0.09560606519749999,0.03491460472499999,0.0,0.106,5.1499999975,5.15,0.7125000025000006,1.5,0.0,1.606,0.0,0.0767716703535925,1
2012-07-04 03:00:00+00:00,0.03375735,0.09581005345587501,0.03510004859625,0.0,0.144,5.8624999975000005,5.8625,0.7125000024999997,1.5,0.0,1.644,0.0,0.07875586394072925,1
2012-07-04 03:30:00+00:00,0.03375735,0.09581005345587501,0.03510004859625,0.0,0.144,6.574999997500001,6.575,0.7125000024999997,1.5,0.0,1.644,0.0,0.07875586394072925,1
2012-07-04 04:00:00+00:00,0.0337635,0.09581708753375,0.0351064432125,0.0,0.106,7.287499997500001,7.2875,0.7125000024999988,1.5,0.0,1.606,0.0,0.07694112128960125,1
2012-07-04 04:30:00+00:00,0.0338742,0.09594370093550002,0.035221546305,0.0,0.063,7.999999997500002,8.0,0.7125000024999988,1.5,0.0,1.563,0.0,0.07498000228109326,1
2012-07-04 05:00:00+00:00,0.0338742,0.3258437009355001,0.035221546305,0.0,0.1,7.947368418552633,7.9473684,0.13352319750000152,0.0,0.1,0.0,-0.0,0.0,1
2012-07-04 05:30:00+00:00,0.03388035,0.325850735013375,0.03522794092124999,0.0,0.106,7.891578944868423,7.8915789,0.1430960185526331,0.0,0.106,0.0,-0.0,0.0,1
2012-07-04 06:00:00+00:00,0.03415095,0.326160234439875,0.035509304036249995,0.0,0.056,7.862105260657897,7.8621053,0.1556902448684223,0.0,0.056,0.0,-0.0,0.0,1
2012-07-04 06:30:00+00:00,0.0454485,0.33908183549625004,0.0472562140875,0.0,0.463,7.618421050131581,7.6184211,0.1696982606578965,0.0,0.463,0.0,-0.0,0.0,1
2012-07-04 07:00:00+00:00,0.048216,0.34224717054000003,0.0501337914,0.0,1.256,6.957368418552634,6.9573684,0.18227325013158158,0.0,1.256,0.0,-0.0,0.0,1
2012-07-04 07:30:00+00:00,0.0472197,0.34110764992425,0.049097863567500004,0.0,1.581,6.1678947343421076,6.1678947,0.1933265185526345,0.0,1.5,0.08099999999999996,0.0,0.01381485982193212,1
2012-07-04 08:00:00+00:00,0.06583575,0.362399803651875,0.06845436695624998,0.0,1.219,5.5263157869736865,5.5263158,0.20164863434210734,0.0,1.219,0.0,-0.0,0.0,1
2012-07-04 08:30:00+00:00,0.07097715,0.36828029275537505,0.07380026614124999,0.019,1.138,4.937368418552634,4.9373684,0.20617928697368626,0.0,1.119,0.0,-0.0,0.0,1
2012-07-04 09:00:00+00:00,0.05513475,0.350160508149375,0.05732773468124999,0.013,1.231,4.296315786973686,4.2963158,0.2061207185526337,0.0,1.218,2.220446049250313e-16,0.0,3.887562584618809e-17,1
2012-07-04 09:30:00+00:00,0.0513279,0.3458064139447501,0.053369467222499994,0.019,1.038,3.759999997500002,3.76,0.20105778697368581,0.0,1.019,2.220446049250313e-16,0.0,3.8392224282451936e-17,1
2012-07-04 10:00:00+00:00,0.05169075,0.346221424539375,0.053746749581249996,0.038,1.0,3.2536842080263177,3.2536842,0.19107569750000186,0.0,0.962,0.0,-0.0,0.0,1
2012-07-04 10:30:00+00:00,0.0548088,0.34978770202200005,0.05698882001999999,0.025,0.869,2.809473681710528,2.8094737,0.17685240802631785,0.0,0.844,0.0,-0.0,0.0,1
2012-07-04 11:00:00+00:00,0.0440955,0.15713433836375,0.04584939851249999,0.2,0.331,2.809473681710528,2.8094737,1.8289471714894034e-08,0.0,0.0,0.131,0.0,0.010292299162825624,1
2012-07-04 11:30:00+00:00,0.04545465,0.158688869574125,0.04726260870374999,0.231,0.45,2.809473681710528,2.8094737,1.8289471714894034e-08,0.0,0.0,0.219,0.0,0.017376431218366687,1
2012-07-04 12:00:00+00:00,0.0400734,0.15253405143350002,0.041667319485,0.275,0.375,2.809473681710528,2.8094737,1.8289471714894034e-08,0.0,0.0,0.09999999999999998,0.0,0.007626702571674999,1
2012-07-04 12:30:00+00:00,0.0370107,0.14903108065175,0.0384828005925,0.313,0.331,2.809473681710528,2.8094737,1.8289471714894034e-08,0.0,0.0,0.018000000000000016,0.0,0.001341279725865751,1
2012-07-04 13:00:00+00:00,0.03663555,0.148602001901375,0.03809272900125,0.163,0.206,2.809473681710528,2.8094737,1.8289471714894034e-08,0.0,0.0,0.04299999999999998,0.0,0.0031949430408795615,1
2012-07-04 13:30:00+00:00,0.038007,0.1501706012675,0.039518728424999996,0.106,0.1,2.812323681710528,2.8123237,1.8289471714894034e-08,0.006,0.0,1.3877787807814457e-17,0.0,1.042017869681139e-18,1
2012-07-04 14:00:00+00:00,0.03902175,0.151331224116875,0.04057384010625,0.25,0.113,2.8773986817105284,2.8773987,1.8289471714894034e-08,0.137,0.0,0.0,-0.0,0.0,1
2012-07-04 14:30:00+00:00,0.0379332,0.150086192333,0.03944199303,0.063,0.438,2.8773986817105284,2.8773987,1.8289471714894034e-08,0.0,0.0,0.375,0.0,0.028141161062437497,1
2012-07-04 15:00:00+00:00,0.0390894,0.1514085989735,0.040644180885,0.05,0.35,2.8773986817105284,2.8773987,1.8289471714894034e-08,0.0,0.0,0.3,0.0,0.022711289846025,1
2012-07-04 15:30:00+00:00,0.0392124,0.151549280531,0.04077207321,0.063,0.419,2.8773986817105284,2.8773987,1.8289471714894034e-08,0.0,0.0,0.356,0.0,0.026975771934518,1
2012-07-04 16:00:00+00:00,0.0459405,0.15924456172625,0.0477677833875,0.013,0.906,2.8773986817105284,2.8773987,1.8289471714894034e-08,0.0,0.0,0.893,0.0,0.07110269681077064,1
2012-07-04 16:30:00+00:00,0.04490115,0.158055802565375,0.04668709324125,0.006,1.319,2.8773986817105284,2.8773987,1.8289471714894034e-08,0.0,0.0,1.313,0.0,0.10376363438416868,1
2012-07-04 17:00:00+00:00,0.04602045,0.159336004738625,0.04785091339874999,0.0,1.375,2.8773986817105284,2.8773987,1.8289471714894034e-08,0.0,0.0,1.375,0.0,0.10954350325780468,1
2012-07-04 17:30:00+00:00,0.04818525,0.161812000150625,0.05010181831874999,0.0,1.531,2.76625630276316,2.7662563,0.11114238171052859,0.0,0.21117052,1.3198294799999999,0.0,0.10678212400827965,1
2012-07-04 18:00:00+00:00,0.06098955,0.176456950286375,0.06341540935125,0.0,1.238,2.114677355394739,2.1146774,0.31840910276316015,0.0,1.238,0.0,-0.0,0.0,1
2012-07-04 18:30:00+00:00,0.0607989,0.17623889387225,0.06321717624749999,0.0,0.488,1.857835250131581,1.8578353,0.3190507553947388,0.0,0.488,0.0,-0.0,0.0,1
2012-07-04 19:00:00+00:00,0.05932905,0.174557749260125,0.06168886296375,0.0,0.194,1.7557299869736862,1.75573,0.3105711501315809,0.0,0.194,0.0,-0.0,0.0,1
2012-07-04 19:30:00+00:00,0.05729955,0.172236503561375,0.05957863960124999,0.0,0.269,1.6141510396052652,1.614151,0.2939789869736862,0.0,0.269,0.0,-0.0,0.0,1
2012-07-04 20:00:00+00:00,0.05124795,0.165314970932375,0.05328633721125,0.0,0.263,1.4757299869736862,1.47573,0.2731234396052651,0.0,0.263,0.0,-0.0,0.0,1
2012-07-04 20:30:00+00:00,0.05274855,0.16703128593387498,0.054846623576249996,0.0,0.188,1.3767826185526335,1.3767826,0.2511228869736861,0.0,0.188,0.0,-0.0,0.0,1
2012-07-04 21:00:00+00:00,0.04281015,0.155664216087875,0.04451292371624999,0.0,0.313,1.3767826185526335,1.3767826,1.855263342953606e-08,0.0,0.0,0.313,0.0,0.02436144981775244,1
2012-07-04 21:30:00+00:00,0.04341285,0.156353555719625,0.04513959610875,0.0,0.206,1.2683615659210545,1.2683616,0.19368541855263355,0.0,0.206,0.0,-0.0,0.0,1
2012-07-04 22:00:00+00:00,0.040959,0.1535469586475,0.042588144225,0.0,0.075,1.2288878817105282,1.2288879,0.08526436592105457,0.0,0.075,0.0,-0.0,0.0,1
2012-07-04 22:30:00+00:00,0.04599585,0.159307868427125,0.04782533493375,0.0,0.113,1.1694141975000019,1.1694142,0.1830972817105283,0.0,0.113,0.0,-0.0,0.0,1
2012-07-04 23:00:00+00:00,0.03850515,0.150740361575375,0.04003669234125,0.0,0.094,1.1199405132894755,1.1199405,0.16941419750000186,0.0,0.094,0.0,-0.0,0.0,1
2012-07-04 23:30:00+00:00,0.0381669,0.15035348729225,0.03968498844749999,0.0,0.075,1.0804668290789492,1.0804668,0.11994051328947553,0.0,0.075,0.0,-0.0,0.0,1
2012-07-05 00:00:00+00:00,0.0353379,0.09761781146975,0.036743464972499994,0.0,0.113,1.792966829078949,1.7929668,0.7124999709210509,1.5,0.0,1.613,0.0,0.07872876495035337,1
2012-07-05 00:30:00+00:00,0.03552855,0.097835867883875,0.03694169807625,0.0,0.081,2.300000021578949,2.3,0.5070331709210507,1.0674383,0.0,1.1484383,0.0,0.056179228895791,1
2012-07-05 01:00:00+00:00,0.0345384,0.09670338134600001,0.03591216485999999,0.0,0.1,3.012500021578949,3.0125,0.7124999784210511,1.5,0.0,1.6,0.0,0.07736270507680001,1
2012-07-05 01:30:00+00:00,0.03459375,0.09676668804687502,0.03596971640625,0.0,0.094,3.725000021578949,3.725,0.7124999784210511,1.5,0.0,1.594,0.0,0.0771230503733594,1
2012-07-05 02:00:00+00:00,0.0339111,0.09598590540275,0.0352599140025,0.0,0.075,4.437500021578948,4.4375,0.7124999784210511,1.5,0.0,1.575,0.0,0.07558890050466562,1
2012-07-05 02:30:00+00:00,0.03369585,0.09573971267712503,0.03503610243375,0.0,0.1,5.150000021578949,5.15,0.712499978421052,1.5,0.0,1.6,0.0,0.07659177014170003,1
2012-07-05 03:00:00+00:00,0.03346215,0.09547241771787501,0.03479310701625,0.0,0.094,5.862500021578949,5.8625,0.7124999784210511,1.5,0.0,1.594,0.0,0.0760915169211464,1
2012-07-05 03:30:00+00:00,0.03356055,0.095584962963875,0.03489542087625,0.0,0.075,6.5750000215789495,6.575,0.7124999784210511,1.5,0.0,1.575,0.0,0.07527315833405156,1
2012-07-05 04:00:00+00:00,0.033825,0.0958874283125,0.035170389375,0.0,0.113,7.28750002157895,7.2875,0.7124999784210502,1.5,0.0,1.613,0.0,0.07733321093403124,1
2012-07-05 04:30:00+00:00,0.0338004,0.09585929200100002,0.03514481091,0.0,0.088,8.0,8.0,0.7124999784210502,1.5,0.0,1.588,0.0,0.07611227784879401,1
2012-07-05 05:00:00+00:00,0.03385575,0.325822598701875,0.03520236245624999,0.0,0.15,7.921052631578948,7.9210526,0.1372327000000002,0.0,0.15,0.0,-0.0,0.0,1
2012-07-05 05:30:00+00:00,0.0338865,0.32585776909125,0.0352343355375,0.0,0.144,7.845263157894737,7.8452632,0.14629693157894774,0.0,0.144,0.0,-0.0,0.0,1
2012-07-05 06:00:00+00:00,0.03447075,0.3265260064893751,0.03584182408125,0.0,0.113,7.785789473684211,7.7857895,0.1583642578947373,0.0,0.113,0.0,-0.0,0.0,1
2012-07-05 06:30:00+00:00,0.04122345,0.334249423996125,0.04286311272375,0.0,0.125,7.720000000000001,7.72,0.1718328736842114,0.0,0.125,0.0,-0.0,0.0,1
2012-07-05 07:00:00+00:00,0.0492,0.34337262300000004,0.051156929999999996,0.0,0.138,7.647368421052632,7.6473684,0.18386620000000065,0.0,0.138,0.0,-0.0,0.0,1
2012-07-05 07:30:00+00:00,0.04524555,0.338849710926375,0.04704519175125,0.0,1.463,6.877368421052632,6.8773684,0.19437272105263226,0.0,1.463,0.0,-0.0,0.0,1
2012-07-05 08:00:00+00:00,0.05340045,0.348176898188625,0.05552445289874999,0.006,1.306,6.193157894736842,6.1931579,0.20214382105263162,0.0,1.3,0.0,-0.0,0.0,1
2012-07-05 08:30:00+00:00,0.05373255,0.348556738393875,0.05586976217624999,0.013,1.588,5.403684210526316,5.4036842,0.20611969473684244,0.0,1.5,0.07500000000000018,0.0,0.013070877689770345,1
2012-07-05 09:00:00+00:00,0.0533574,0.34812765964350006,0.055479690585,0.019,2.063,4.614210526315789,4.6142105,0.20550151052631538,0.0,1.5,0.544,0.0,0.09469072342303203,1
2012-07-05 09:30:00+00:00,0.05337585,0.34814876187712507,0.055498874433750005,0.044,1.675,3.8247368421052625,3.8247368,0.1998732263157894,0.0,1.5,0.131,0.0,0.022803743902951694,1
2012-07-05 10:00:00+00:00,0.05039925,0.34474426818562504,0.05240388016875,0.056,1.069,3.2915789473684205,3.2915789,0.1893186421052624,0.0,1.013,0.0,-0.0,0.0,1
2012-07-05 10:30:00+00:00,0.04915695,0.34332338445487504,0.051112167686249994,0.075,0.506,3.0647368421052628,3.0647368,0.17451474736842032,0.0,0.431,0.0,-0.0,0.0,1
2012-07-05 11:00:00+00:00,0.0477732,0.161340716933,0.04967337903,0.094,0.644,3.0647368421052628,3.0647368,4.2105262831881873e-08,0.0,0.0,0.55,0.0,0.04436869715657501,1
2012-07-05 11:30:00+00:00,0.0425211,0.15533361442774998,0.0442123767525,0.144,0.256,3.0647368421052628,3.0647368,4.2105262831881873e-08,0.0,0.0,0.11200000000000002,0.0,0.008698682407954,1
2012-07-05 12:00:00+00:00,0.04063305,0.153174152520125,0.04224922956375,0.325,0.369,3.0647368421052628,3.0647368,4.2105262831881873e-08,0.0,0.0,0.043999999999999984,0.0,0.003369831355442749,1
2012-07-05 12:30:00+00:00,0.04057155,0.15310381174137502,0.042185283401249996,0.313,0.319,3.0647368421052628,3.0647368,4.2105262831881873e-08,0.0,0.0,0.006000000000000005,0.0,0.00045931143522412546,1
2012-07-05 13:00:00+00:00,0.03764415,0.149755590672875,0.039141446066249995,0.156,0.181,3.0647368421052628,3.0647368,4.2105262831881873e-08,0.0,0.0,0.024999999999999994,0.0,0.001871944883410937,1
2012-07-05 13:30:00+00:00,0.03646335,0.148405047720875,0.03791367974624999,0.169,0.213,3.0647368421052628,3.0647368,4.2105262831881873e-08,0.0,0.0,0.043999999999999984,0.0,0.0032649110498592492,1
2012-07-05 14:00:00+00:00,0.0361005,0.14799003712625,0.037536397387499996,0.144,0.219,3.078426419530263,3.0784264,0.013689557894737359,0.028820163,0.0,0.10382016300000002,0.0,0.0076821748884116645,1
2012-07-05 14:30:00+00:00,0.03651255,0.148461320343875,0.037964836676249995,0.238,0.175,3.108351419530263,3.1083514,1.9530262740374837e-08,0.063,0.0,0.0,-0.0,0.0,1
2012-07-05 15:00:00+00:00,0.03648795,0.14843318403237502,0.03793925821124999,0.125,0.231,3.108351419530263,3.1083514,1.9530262740374837e-08,0.0,0.0,0.10600000000000001,0.0,0.007866958753715876,1
2012-07-05 15:30:00+00:00,0.03629115,0.14820809354037498,0.03773463049125,0.056,0.2,3.108351419530263,3.1083514,1.9530262740374837e-08,0.0,0.0,0.14400000000000002,0.0,0.010670982734907,1
2012-07-05 16:00:00+00:00,0.0368508,0.14884819462700002,0.03831654057,0.019,0.263,3.108351419530263,3.1083514,1.9530262740374837e-08,0.0,0.0,0.24400000000000002,0.0,0.018159479744494004,1
2012-07-05 16:30:00+00:00,0.0373797,0.14945312532425,0.0388664775675,0.006,1.263,3.108351419530263,3.1083514,1.9530262740374837e-08,0.0,0.0,1.257,0.0,0.09393128926629112,1
2012-07-05 17:00:00+00:00,0.04022715,0.152709903380375,0.04182718489125,0.006,1.275,3.108351419530263,3.1083514,1.9530262740374837e-08,0.0,0.0,1.269,0.0,0.09689443369484792,1
2012-07-05 17:30:00+00:00,0.04754565,0.161080456051625,0.04943677822875,0.0,1.406,3.108351419530263,3.1083514,1.9530262740374837e-08,0.0,0.0,1.406,0.0,0.11323956060429237,1
2012-07-05 18:00:00+00:00,0.05485185,0.16943694056712502,0.05703358233375,0.0,1.025,2.5688777353197363,2.5688777,0.30720491953026263,0.0,1.025,0.0,-0.0,0.0,1
2012-07-05 18:30:00+00:00,0.0773424,0.19516056335600002,0.08041869396000001,0.0,0.375,2.371509314267105,2.3715093,0.30738613531973646,0.0,0.375,0.0,-0.0,0.0,1
2012-07-05 19:00:00+00:00,0.08218245,0.20069638264362502,0.08545125694875,0.0,0.331,2.1972987879513153,2.1972988,0.2984815142671047,0.0,0.331,0.0,-0.0,0.0,1
2012-07-05 19:30:00+00:00,0.0534312,0.16781206857800002,0.05555642598,0.0,0.263,2.0588777353197365,2.0588777,0.2815040879513153,0.0,0.263,0.0,-0.0,0.0,1
2012-07-05 20:00:00+00:00,0.05203515,0.16621533290037502,0.05410484809125,0.0,0.419,1.8383514195302628,1.8383514,0.2602968353197366,0.0,0.419,0.0,-0.0,0.0,1
2012-07-05 20:30:00+00:00,0.054489,0.1690219299725,0.056656299975,0.0,0.256,1.7036145774249998,1.7036146,0.23797591953026287,0.0,0.256,0.0,-0.0,0.0,1
2012-07-05 21:00:00+00:00,0.05265015,0.16691874068787502,0.054744309716249995,0.0,0.213,1.591509314267105,1.5915093,0.21656607742499978,0.0,0.213,0.0,-0.0,0.0,1
2012-07-05 21:30:00+00:00,0.049077,0.16283194144250002,0.051029037675,0.0,0.119,1.5288777353197367,1.5288777,0.19696681426710505,0.0,0.119,0.0,-0.0,0.0,1
2012-07-05 22:00:00+00:00,0.04015335,0.152625494445875,0.041750449496249994,0.0,0.088,1.4832462000565787,1.4832462,0.04563153531973674,0.0,0.086699917,0.0013000829999999935,0.0,9.921290534783777e-05,1
2012-07-05 22:30:00+00:00,0.0531483,0.16748850099575,0.0552622736325,0.0,0.094,1.4337725158460524,1.4337725,0.16901080005657865,0.0,0.094,0.0,-0.0,0.0,1
2012-07-05 23:00:00+00:00,0.04363425,0.156606782523125,0.04536980229374999,0.0,0.113,1.374298831635526,1.3742988,0.16038481584605235,0.0,0.113,0.0,-0.0,0.0,1
2012-07-05 23:30:00+00:00,0.04577445,0.159054641623625,0.04759512874875,0.0,0.081,1.3316672526881577,1.3316673,0.1538505316355261,0.0,0.081,0.0,-0.0,0.0,1
2012-07-06 00:00:00+00:00,0.03957525,0.10246429112562502,0.04114935556875,0.0,0.094,1.5875000011881577,1.5875,0.25583274731184225,0.53859526,0.0,0.63259526,0.0,0.032409212442665224,1
2012-07-06 00:30:00+00:00,0.03648795,0.09893318403237499,0.03793925821124999,0.0,0.113,2.300000001188158,2.3,0.7124999988118421,1.5,0.0,1.613,0.0,0.07978961292211043,1
2012-07-06 01:00:00+00:00,0.03683235,0.099327092393375,0.038297356721249995,0.0,0.075,3.0125000011881577,3.0125,0.7124999988118423,1.5,0.0,1.575,0.0,0.07822008525978282,1
2012-07-06 01:30:00+00:00,0.03705375,0.099580319196875,0.03852756290625,0.0,0.094,3.7250000011881577,3.725,0.7124999988118423,1.5,0.0,1.594,0.0,0.07936551439990938,1
2012-07-06 02:00:00+00:00,0.0355347,0.09784290196175002,0.0369480926925,0.0,0.113,4.437500001188157,4.4375,0.7124999988118423,1.5,0.0,1.613,0.0,0.07891030043215139,1
2012-07-06 02:30:00+00:00,0.03434775,0.096485324931875,0.035713931756250004,0.0,0.075,5.1500000011881575,5.15,0.7124999988118432,1.5,0.0,1.575,0.0,0.07598219338385157,1
2012-07-06 03:00:00+00:00,0.0338619,0.09592963277975002,0.0352087570725,0.0,0.088,5.862500001188158,5.8625,0.7124999988118423,1.5,0.0,1.588,0.0,0.07616812842712152,1
2012-07-06 03:30:00+00:00,0.0338742,0.09594370093550002,0.035221546305,0.0,0.106,6.575000001188158,6.575,0.7124999988118423,1.5,0.0,1.606,0.0,0.07704279185120652,1
2012-07-06 04:00:00+00:00,0.03386805,0.095936666857625,0.035215151688749995,0.0,0.075,7.2875000011881585,7.2875,0.7124999988118415,1.5,0.0,1.575,0.0,0.07555012515037969,1
2012-07-06 04:30:00+00:00,0.0336528,0.09569047413199999,0.03499134011999999,0.0,0.094,8.0,8.0,0.7124999988118415,1.5,0.0,1.594,0.0,0.076265307883204,1
2012-07-06 05:00:00+00:00,0.03319155,0.325062918291375,0.034511743901249996,0.0,0.094,7.950526315789474,7.9505263,0.1243635000000003,0.0,0.094,0.0,-0.0,0.0,1
2012-07-06 05:30:00+00:00,0.0338619,0.32582963277975,0.0352087570725,0.0,0.075,7.911052631578947,7.9110526,0.1338072157894734,0.0,0.075,0.0,-0.0,0.0,1
2012-07-06 06:00:00+00:00,0.03432315,0.326357188620375,0.035688353291249995,0.0,0.094,7.861578947368421,7.8615789,0.14629393157894732,0.0,0.094,0.0,-0.0,0.0,1
2012-07-06 06:30:00+00:00,0.03536865,0.327552981859125,0.03677543805375,0.0,0.894,7.391052631578947,7.3910526,0.16022584736842038,0.0,0.894,0.0,-0.0,0.0,1
2012-07-06 07:00:00+00:00,0.03814845,0.33073238505862507,0.03966580459875,0.0,1.419,6.6442105263157885,6.6442105,0.17277443157894634,0.0,1.419,0.0,-0.0,0.0,1
2012-07-06 07:30:00+00:00,0.04169085,0.33478401391462503,0.04334910355875,0.0,1.5,5.854736842105262,5.8547368,0.18384262631578885,0.0,1.5,0.0,-0.0,0.0,1
2012-07-06 08:00:00+00:00,0.04980885,0.34406899670962504,0.05178999700874999,0.0,1.437,5.098421052631577,5.0984211,0.19222074210526152,0.0,1.437,0.0,-0.0,0.0,1
2012-07-06 08:30:00+00:00,0.0541692,0.34905615792300004,0.05632377993,0.006,0.325,4.930526315789472,4.9305263,0.19684615263157745,0.0,0.319,0.0,-0.0,0.0,1
2012-07-06 09:00:00+00:00,0.0558789,0.35101163157225,0.058101483247499995,0.013,0.106,4.8815789473684195,4.8815789,0.19691661578947262,0.0,0.093,0.0,-0.0,0.0,1
2012-07-06 09:30:00+00:00,0.0567153,0.35196826616325005,0.0589711510575,0.025,0.063,4.86157894736842,4.8615789,0.19201204736841948,0.0,0.038,0.0,-0.0,0.0,1
2012-07-06 10:00:00+00:00,0.05379405,0.34862707917262503,0.05593370833875,0.031,0.1,4.825263157894736,4.8252632,0.18221184736841955,0.0,0.069,0.0,-0.0,0.0,1
2012-07-06 10:30:00+00:00,0.0507744,0.34517334693600005,0.05279395175999999,0.044,0.106,4.7926315789473675,4.7926316,0.1681885578947364,0.0,0.062,0.0,-0.0,0.0,1
2012-07-06 11:00:00+00:00,0.0436035,0.15657161213375,0.0453378292125,0.2,0.069,4.854856578947367,4.8548566,0.15124627894736786,0.131,0.0,0.0,-0.0,0.0,1
2012-07-06 11:30:00+00:00,0.04346205,0.156409828342625,0.04519075303875,0.225,0.206,4.8638815789473675,4.8638816,0.13327597894736698,0.019,0.0,0.0,2.7755575615628914e-17,-6.271476815471189e-19,1
2012-07-06 12:00:00+00:00,0.0408483,0.15342034524575,0.04247304113249999,0.044,0.294,4.732302631578946,4.7323026,0.1166069789473676,0.0,0.25,0.0,-0.0,0.0,1
2012-07-06 12:30:00+00:00,0.0403071,0.15280134639275,0.041910314902499995,0.056,0.238,4.636513157894735,4.6365132,0.10375533157894612,0.0,0.182,0.0,-0.0,0.0,1
2012-07-06 13:00:00+00:00,0.0380931,0.15026907835775,0.03960825305249999,0.056,0.319,4.636513157894735,4.6365132,4.21052641641495e-08,0.0,0.0,0.263,0.0,0.019760383804044126,1
2012-07-06 13:30:00+00:00,0.044526,0.157626723815,0.04629702165,0.131,0.169,4.616513157894736,4.6165132,0.09846265789473563,0.0,0.038,6.938893903907228e-18,0.0,5.468775564863859e-19,1
2012-07-06 14:00:00+00:00,0.04315455,0.15605812444887499,0.044871022226249994,0.288,0.125,4.693938157894736,4.6939382,0.10887185789473541,0.163,0.0,5.551115123125783e-17,0.0,4.331483073573977e-18,1
2012-07-06 14:30:00+00:00,0.0376257,0.14973448843925,0.039122262217499995,0.231,0.263,4.693938157894736,4.6939382,4.21052641641495e-08,0.0,0.0,0.032,0.0,0.002395751815028,1
2012-07-06 15:00:00+00:00,0.0387327,0.15100062245674997,0.04027329314249999,0.2,0.725,4.693938157894736,4.6939382,4.21052641641495e-08,0.0,0.0,0.5249999999999999,0.0,0.03963766339489686,1
2012-07-06 15:30:00+00:00,0.03865275,0.15090917944437499,0.04019016313125,0.125,0.963,4.693938157894736,4.6939382,4.21052641641495e-08,0.0,0.0,0.838,0.0,0.06323094618719312,1
2012-07-06 16:00:00+00:00,0.0404793,0.15299830057324998,0.042089364157499996,0.031,0.819,4.279201315789472,4.2792013,0.2218108578947353,0.0,0.788,0.0,1.1102230246251565e-16,-2.336429058974465e-18,1
2012-07-06 16:30:00+00:00,0.0404055,0.15291389163875,0.0420126287625,0.013,0.8,3.864990789473683,3.8649908,0.2546947157894728,0.0,0.787,0.0,-0.0,0.0,1
2012-07-06 17:00:00+00:00,0.0414018,0.1540534122545,0.043048556594999995,0.0,0.744,3.473411842105262,3.4734118,0.28270578947368286,0.0,0.744,0.0,-0.0,0.0,1
2012-07-06 17:30:00+00:00,0.0453624,0.15858335840600002,0.047166689459999994,0.0,0.581,3.1676223684210516,3.1676224,0.30307224210526185,0.0,0.581,0.0,-0.0,0.0,1
2012-07-06 18:00:00+00:00,0.05326515,0.16762214847537502,0.05538377134125,0.0,0.169,3.078674999999999,3.078675,0.3140568684210514,0.0,0.169,0.0,-0.0,0.0,1
2012-07-06 18:30:00+00:00,0.04825905,0.161896409085125,0.05017855371374999,0.0,0.156,2.9965697368421043,2.9965697,0.31517779999999895,0.0,0.156,0.0,-0.0,0.0,1
2012-07-06 19:00:00+00:00,0.0486096,0.16229735152400002,0.050543046839999994,0.0,0.138,2.9239381578947357,2.9239382,0.30721693684210427,0.0,0.138,0.0,-0.0,0.0,1
2012-07-06 19:30:00+00:00,0.04193685,0.154665377029625,0.04360488820874999,0.0,0.163,2.838148684210525,2.8381487,0.29118795789473584,0.0,0.163,0.0,-0.0,0.0,1
2012-07-06 20:00:00+00:00,0.0382161,0.15040975991525,0.0397361453775,0.0,0.219,2.722885526315788,2.7228855,0.2709237842105252,0.0,0.219,0.0,-0.0,0.0,1
2012-07-06 20:30:00+00:00,0.0453747,0.15859742656175,0.04717947869249999,0.0,0.156,2.640780263157893,2.6407803,0.2495347263157881,0.0,0.156,0.0,-0.0,0.0,1
2012-07-06 21:00:00+00:00,0.0452394,0.1584426768485,0.047038797135,0.0,0.163,2.5549907894736825,2.5549908,0.2290431631578933,0.0,0.163,0.0,-0.0,0.0,1
2012-07-06 21:30:00+00:00,0.03977205,0.152189381617625,0.04135398328875,0.0,0.738,2.1665697368421037,2.1665697,0.21034938947368254,0.0,0.738,0.0,-0.0,0.0,1
2012-07-06 22:00:00+00:00,0.0400365,0.15249184696624998,0.0416289517875,0.0,1.156,1.5581486842105248,1.5581487,0.1953041368421038,0.0,1.156,0.0,-0.0,0.0,1
2012-07-06 22:30:00+00:00,0.04797,0.16156580742499999,0.049878006749999995,0.0,1.15,1.0,1.0,0.18414318421052478,0.0,1.0604825,0.08951749999999992,0.0,0.007231483583083711,1
2012-07-06 23:00:00+00:00,0.0398028,0.152224552007,0.04138595637,0.0,0.106,1.0,1.0,0.0,0.0,0.0,0.106,0.0,0.008067901256371,1
2012-07-06 23:30:00+00:00,0.0452886,0.1584989494715,0.047089954064999995,0.0,0.081,1.0,1.0,0.0,0.0,0.0,0.081,0.0,0.00641920745359575,1
2012-07-07 00:00:00+00:00,0.0423366,0.10562259209150002,0.044020538265,0.0,0.106,1.5874999975000001,1.5875,0.5874999999999999,1.2368421,0.0,1.3428421000000001,0.0,0.07091723168579664,1
2012-07-07 00:30:00+00:00,0.03867735,0.10143731575587499,0.04021574159624999,0.0,0.094,2.2999999975,2.3,0.7125000024999997,1.5,0.0,1.594,0.0,0.08084554065743237,1
2012-07-07 01:00:00+00:00,0.0371091,0.09964362589775001,0.03858511445249999,0.0,0.088,3.0124999975,3.0125,0.7125000025000001,1.5,0.0,1.588,0.0,0.07911703896281351,1
2012-07-07 01:30:00+00:00,0.0364572,0.09889801364300002,0.03790728513,0.0,0.106,3.7249999975,3.725,0.7125000025000001,1.5,0.0,1.606,0.0,0.07941510495532902,1
2012-07-07 02:00:00+00:00,0.03541785,0.09770925448212502,0.03682659498375,0.0,0.088,4.4374999975,4.4375,0.7125000025000001,1.5,0.0,1.588,0.0,0.07758114805880727,1
2012-07-07 02:30:00+00:00,0.03379425,0.095852257923125,0.03513841629375,0.0,0.088,5.1499999975,5.15,0.7125000025000006,1.5,0.0,1.588,0.0,0.07610669279096126,1
2012-07-07 03:00:00+00:00,0.03386805,0.095936666857625,0.035215151688749995,0.0,0.1,5.8624999975000005,5.8625,0.7125000024999997,1.5,0.0,1.6,0.0,0.07674933348610001,1
2012-07-07 03:30:00+00:00,0.03383115,0.09589446239037501,0.035176783991249995,0.0,0.075,6.574999997500001,6.575,0.7125000024999997,1.5,0.0,1.575,0.0,0.07551688913242031,1
2012-07-07 04:00:00+00:00,0.03384345,0.09590853054612498,0.03518957322374999,0.0,0.094,7.287499997500001,7.2875,0.7125000024999988,1.5,0.0,1.594,0.0,0.07643909884526162,1
2012-07-07 04:30:00+00:00,0.0331116,0.09507147527900002,0.034428613889999994,0.0,0.094,7.999999997500002,8.0,0.7125000024999988,1.5,0.0,1.594,0.0,0.07577196579736302,1
2012-07-07 05:00:00+00:00,0.0331608,0.325027747902,0.03447977082,0.0,0.069,7.963684208026318,7.9636842,0.14802669750000153,0.0,0.069,0.0,-0.0,0.0,1
2012-07-07 05:30:00+00:00,0.03328995,0.32517546353737503,0.03461405776125,0.0,0.1,7.91105262907895,7.9110526,0.1578626080263179,0.0,0.1,0.0,-0.0,0.0,1
2012-07-07 06:00:00+00:00,0.03182625,0.323501353003125,0.03309213909375,0.0,0.094,7.861578944868423,7.8615789,0.1706974290789498,0.0,0.094,0.0,-0.0,0.0,1
2012-07-07 06:30:00+00:00,0.03295785,0.324795623332125,0.03426874848374999,0.0,0.575,7.558947365921055,7.5589474,0.184937244868423,0.0,0.575,0.0,-0.0,0.0,1
2012-07-07 07:00:00+00:00,0.0326688,0.32446502167200003,0.03396820151999999,0.0,1.106,6.97684210276316,6.9768421,0.19776176592105532,0.0,1.106,0.0,-0.0,0.0,1
2012-07-07 07:30:00+00:00,0.0339603,0.32594217802575004,0.0353110709325,0.0,0.875,6.516315786973687,6.5163158,0.20906870276315992,0.0,0.875,0.0,-0.0,0.0,1
2012-07-07 08:00:00+00:00,0.0345507,0.32661744950175003,0.035924954092499996,0.013,1.181,5.901578944868423,5.9015789,0.21764748697368663,0.0,1.168,2.220446049250313e-16,0.0,3.6261821268118725e-17,1
2012-07-07 08:30:00+00:00,0.038499,0.3311333274975,0.040030297725,0.069,0.775,5.529999997500002,5.53,0.22243344486842354,0.0,0.706,0.0,-0.0,0.0,1
2012-07-07 09:00:00+00:00,0.04545465,0.33908886957412504,0.04726260870374999,0.038,0.681,5.191578944868423,5.1915789,0.22262209750000217,0.0,0.643,0.0,-0.0,0.0,1
2012-07-07 09:30:00+00:00,0.04822215,0.34225420461787504,0.05014018601624999,0.05,0.238,5.092631576447371,5.0926316,0.21779004486842357,0.0,0.188,0.0,-0.0,0.0,1
2012-07-07 10:00:00+00:00,0.04519635,0.338793438303375,0.04699403482125,0.031,0.175,5.01684210276316,5.0168421,0.2080139764473703,0.0,0.144,0.0,-0.0,0.0,1
2012-07-07 10:30:00+00:00,0.0423612,0.335550728403,0.044046116729999994,0.038,0.088,4.990526313289476,4.9905263,0.1939635027631601,0.0,0.05,0.0,6.938893903907228e-18,-1.5281566543429157e-19,1
2012-07-07 11:00:00+00:00,0.03755805,0.149657113582625,0.03905192143875,0.188,0.094,5.035176313289476,5.0351763,0.1769406132894762,0.094,0.0,0.0,-0.0,0.0,1
2012-07-07 11:30:00+00:00,0.0361497,0.14804630974925,0.037587554317499994,0.188,0.113,5.070801313289476,5.0708013,1.3289476186173488e-08,0.075,0.0,0.0,-0.0,0.0,1
2012-07-07 12:00:00+00:00,0.03559005,0.147406208662625,0.03700564423874999,0.194,0.075,5.127326313289475,5.1273263,1.3289475297995068e-08,0.119,0.0,0.0,-0.0,0.0,1
2012-07-07 12:30:00+00:00,0.0348336,0.146541017084,0.036219106439999996,0.119,0.1,5.136351313289476,5.1363513,1.3289475297995068e-08,0.019,0.0,1.3877787807814457e-17,0.0,1.0168325701165326e-18,1
2012-07-07 13:00:00+00:00,0.0351165,0.14686458466625002,0.0365132587875,0.25,0.225,5.148226313289475,5.1482263,1.3289475297995068e-08,0.025,0.0,0.0,-0.0,0.0,1
2012-07-07 13:30:00+00:00,0.0346491,0.14632999474775002,0.0360272679525,0.125,0.056,5.181001313289475,5.1810013,1.3289475297995068e-08,0.069,0.0,0.0,-0.0,0.0,1
2012-07-07 14:00:00+00:00,0.03389265,0.145464803169125,0.03524073015375,0.219,0.131,5.222801313289476,5.2228013,1.3289475297995068e-08,0.088,0.0,0.0,-0.0,0.0,1
2012-07-07 14:30:00+00:00,0.0339726,0.1455562461815,0.035323860165,0.15,0.144,5.225651313289475,5.2256513,1.3289475297995068e-08,0.006,0.0,0.0,-0.0,0.0,1
2012-07-07 15:00:00+00:00,0.03395415,0.14553514394787498,0.03530467631625,0.125,0.256,5.225651313289475,5.2256513,1.3289475297995068e-08,0.0,0.0,0.131,0.0,0.009532551928585811,1
2012-07-07 15:30:00+00:00,0.0353625,0.14714594778125,0.036769043437499996,0.013,0.894,5.225651313289475,5.2256513,1.3289475297995068e-08,0.0,0.0,0.881,0.0,0.06481778999764062,1
2012-07-07 16:00:00+00:00,0.0366294,0.14859496782349998,0.038086334385,0.006,1.15,4.9931365869736855,4.9931366,0.2325147132894756,0.0,0.44177798,0.7022220199999999,0.0,0.052173329233426574,1
2012-07-07 16:30:00+00:00,0.03818535,0.15037458952587499,0.03970417229625,0.006,0.888,4.528926060657896,4.5289261,0.27597038697368514,0.0,0.882,0.0,-0.0,0.0,1
2012-07-07 17:00:00+00:00,0.04407705,0.15711323613012498,0.045830214663749994,0.0,0.781,4.117873429078949,4.1178734,0.30331306065789576,0.0,0.781,0.0,-0.0,0.0,1
2012-07-07 17:30:00+00:00,0.05060835,0.164583426833375,0.05262129712125,0.0,0.219,4.002610271184212,4.0026103,0.3229826290789486,0.0,0.219,0.0,-0.0,0.0,1
2012-07-07 18:00:00+00:00,0.0596181,0.17488835092025,0.061989409927499996,0.0,0.281,3.8547155343421067,3.8547155,0.3332455711842117,0.0,0.281,0.0,-0.0,0.0,1
2012-07-07 18:30:00+00:00,0.06343725,0.179256513280625,0.06596046661874999,0.0,0.213,3.742610271184212,3.7426103,0.3336226343421065,0.0,0.213,0.0,-0.0,0.0,1
2012-07-07 19:00:00+00:00,0.0563463,0.17114622149074998,0.0585874740825,0.0,0.213,3.6305050080263173,3.630505,0.32489777118421204,0.0,0.213,0.0,-0.0,0.0,1
2012-07-07 19:30:00+00:00,0.0528039,0.16709459263475,0.0549041751225,0.0,0.2,3.5252418501315805,3.5252419,0.30808910802631706,0.0,0.2,0.0,-0.0,0.0,1
2012-07-07 20:00:00+00:00,0.0481914,0.1618190342285,0.050108212935,0.0,0.219,3.4099786922368436,3.4099787,0.2870240501315804,0.0,0.219,0.0,-0.0,0.0,1
2012-07-07 20:30:00+00:00,0.04465515,0.15777443945037498,0.04643130859124999,0.0,0.106,3.354189218552633,3.3541892,0.2648110922368434,0.0,0.106,0.0,-0.0,0.0,1
2012-07-07 21:00:00+00:00,0.0430377,0.15592447696925002,0.0447495245175,0.0,0.094,3.304715534342107,3.3047155,0.2434748185526332,0.0,0.094,0.0,-0.0,0.0,1
2012-07-07 21:30:00+00:00,0.0379209,0.15007212417725,0.03942920379749999,0.0,0.113,3.2452418501315807,3.2452419,0.223920334342107,0.0,0.113,0.0,-0.0,0.0,1
2012-07-07 22:00:00+00:00,0.03721365,0.149263205221625,0.03869382292875,0.0,0.119,3.1826102711842124,3.1826103,0.2079959501315809,0.0,0.119,0.0,-0.0,0.0,1
2012-07-07 22:30:00+00:00,0.0395076,0.151886916269,0.04107901479,0.0,0.125,3.1168207975000017,3.1168208,0.1959392711842125,0.0,0.125,0.0,-0.0,0.0,1
2012-07-07 23:00:00+00:00,0.03797625,0.150135430878125,0.03948675534375,0.0,0.125,3.051031323815791,3.0510313,0.18724359750000152,0.0,0.125,0.0,-0.0,0.0,1
2012-07-07 23:30:00+00:00,0.0375765,0.14967821581625002,0.0390711052875,0.0,0.1,2.9983997448684225,2.9983997,0.18060632381579111,0.0,0.1,0.0,-0.0,0.0,1
2012-07-08 00:00:00+00:00,0.0359037,0.09826494663425002,0.037331769667499994,0.0,0.088,2.9983997448684225,2.9983997,4.486842275497338e-08,0.0,0.0,0.088,0.0,0.0043236576519070005,1
2012-07-08 00:30:00+00:00,0.03378195,0.095838189767375,0.03512562706124999,0.0,0.113,3.7108997448684224,3.7108997,0.7124999551315776,1.5,0.0,1.613,0.0,0.07729350004738794,1
2012-07-08 01:00:00+00:00,0.0338619,0.09592963277975002,0.0352087570725,0.0,0.1,4.423399744868423,4.4233997,0.7124999551315776,1.5,0.0,1.6,0.0,0.07674370622380002,1
2012-07-08 01:30:00+00:00,0.0339972,0.09608438249300001,0.03534943863,0.0,0.081,4.437500000168423,4.4375,0.0141002551315772,0.029684748,0.0,0.110684748,0.0,0.005317537831486659,1
2012-07-08 02:00:00+00:00,0.0341694,0.09628133667350001,0.035528487885,0.0,0.119,4.437500000168423,4.4375,1.6842260919247565e-10,0.0,0.0,0.119,0.0,0.005728739532073251,1
2012-07-08 02:30:00+00:00,0.0336405,0.09567640597625002,0.034978550887499994,0.0,0.094,5.150000000168422,5.15,0.7124999998315777,1.5,0.0,1.594,0.0,0.07625409556307126,1
2012-07-08 03:00:00+00:00,0.0320415,0.09384754572875001,0.033315950662499996,0.0,0.081,5.862500000168422,5.8625,0.7124999998315777,1.5,0.0,1.581,0.0,0.07418648489857688,1
2012-07-08 03:30:00+00:00,0.03112515,0.09279946812537503,0.03236315284125,0.0,0.113,6.575000000168423,6.575,0.7124999998315777,1.5,0.0,1.613,0.0,0.07484277104311496,1
2012-07-08 04:00:00+00:00,0.0311559,0.09283463851475002,0.0323951259225,0.0,0.088,7.287500000168423,7.2875,0.7124999998315769,1.5,0.0,1.588,0.0,0.07371070298071151,1
2012-07-08 04:30:00+00:00,0.03067005,0.09227894636262501,0.03188995123875,0.0,0.094,8.0,8.0,0.7124999998315769,1.5,0.0,1.594,0.0,0.07354632025101214,1
2012-07-08 05:00:00+00:00,0.03075615,0.322277423452875,0.031979475866249996,0.0,0.088,7.9536842105263155,7.9536842,0.14784500000000023,0.0,0.088,0.0,-0.0,0.0,1
2012-07-08 05:30:00+00:00,0.03037485,0.321841310624625,0.031583009658749994,0.0,0.1,7.901052631578947,7.9010526,0.15680851052631528,0.0,0.1,0.0,-0.0,0.0,1
2012-07-08 06:00:00+00:00,0.0302211,0.32166545867775004,0.0314231442525,0.0,0.131,7.832105263157895,7.8321053,0.16878793157894734,0.0,0.131,0.0,-0.0,0.0,1
2012-07-08 06:30:00+00:00,0.0305778,0.3220734351945,0.031794031995,0.0,0.119,7.769473684210526,7.7694737,0.18219596315789488,0.0,0.119,0.0,-0.0,0.0,1
2012-07-08 07:00:00+00:00,0.03124815,0.32284014968287505,0.032491045166249996,0.0,0.094,7.72,7.72,0.19422268421052635,0.0,0.094,0.0,-0.0,0.0,1
2012-07-08 07:30:00+00:00,0.0334068,0.32530911101700005,0.03473555546999999,0.0,0.5,7.456842105263157,7.4568421,0.2047629999999998,0.0,0.5,0.0,-0.0,0.0,1
2012-07-08 08:00:00+00:00,0.03404025,0.32603362103812505,0.035394200943749995,0.006,1.438,6.703157894736841,6.7031579,0.21260740526315747,0.0,1.432,0.0,-0.0,0.0,1
2012-07-08 08:30:00+00:00,0.03488895,0.32700432378487504,0.036276657986249995,0.013,1.2,6.078421052631578,6.0784211,0.2166914947368408,0.0,1.187,0.0,-0.0,0.0,1
2012-07-08 09:00:00+00:00,0.03495045,0.32707466456362505,0.03634060414875,0.031,1.175,5.476315789473683,5.4763158,0.2162097526315776,0.0,1.144,2.220446049250313e-16,0.0,3.631258233700863e-17,1
2012-07-08 09:30:00+00:00,0.034686,0.326772199215,0.03606563565,0.025,0.7,5.121052631578946,5.1210526,0.21073738947368348,0.0,0.675,0.0,1.1102230246251565e-16,-2.0020449548185935e-18,1
2012-07-08 10:00:00+00:00,0.03563925,0.327862481285625,0.03705680116874999,0.013,0.275,4.983157894736841,4.9831579,0.20034913157894607,0.0,0.262,0.0,-0.0,0.0,1
2012-07-08 10:30:00+00:00,0.03544245,0.3276373907936251,0.03685217344875,0.031,0.156,4.917368421052631,4.9173684,0.18571309473684128,0.0,0.125,0.0,-0.0,0.0,1
2012-07-08 11:00:00+00:00,0.03433545,0.145971256776125,0.03570114252375,0.219,0.131,4.959168421052631,4.9591684,2.1052630749807122e-08,0.088,0.0,0.0,-0.0,0.0,1
2012-07-08 11:30:00+00:00,0.03444615,0.146097870177875,0.03581624561625,0.325,0.119,5.057018421052631,5.0570184,2.1052630749807122e-08,0.206,0.0,0.0,5.551115123125783e-17,-9.941005134697644e-19,1
2012-07-08 12:00:00+00:00,0.03442155,0.146069733866375,0.035790667151250004,0.325,0.163,5.133968421052631,5.1339684,2.105263163798554e-08,0.162,0.0,0.0,-0.0,0.0,1
2012-07-08 12:30:00+00:00,0.03444615,0.146097870177875,0.03581624561625,0.331,0.113,5.2375184210526315,5.2375184,0.11852532105263158,0.218,0.0,0.0,-0.0,0.0,1
2012-07-08 13:00:00+00:00,0.03381885,0.145380394234625,0.03516399475874999,0.325,0.144,5.323493421052632,5.3234934,2.105263163798554e-08,0.181,0.0,0.0,5.551115123125783e-17,-9.759969154740642e-19,1
2012-07-08 13:30:00+00:00,0.033825,0.1453874283125,0.035170389375,0.256,0.213,5.343918421052632,5.3439184,2.105263163798554e-08,0.043,0.0,0.0,-0.0,0.0,1
2012-07-08 14:00:00+00:00,0.03381885,0.145380394234625,0.03516399475874999,0.1,0.156,5.343918421052632,5.3439184,2.105263252616396e-08,0.0,0.0,0.055999999999999994,0.0,0.0040706510385695,1
2012-07-08 14:30:00+00:00,0.03375735,0.145310053455875,0.03510004859625,0.138,0.138,5.343918421052632,5.3439184,2.105263252616396e-08,0.0,0.0,0.0,-0.0,0.0,1
2012-07-08 15:00:00+00:00,0.03384345,0.14540853054612501,0.03518957322374999,0.156,0.106,5.367668421052632,5.3676684,0.126672421052632,0.05,0.0,0.0,-0.0,0.0,1
2012-07-08 15:30:00+00:00,0.03444615,0.146097870177875,0.03581624561625,0.075,0.1,5.3545105263157895,5.3545105,0.1972317210526322,0.0,0.025,6.938893903907228e-18,0.0,5.068788103755433e-19,1
2012-07-08 16:00:00+00:00,0.0344154,0.1460626997885,0.035784272534999995,0.019,0.125,5.298721052631579,5.2987211,0.2306857263157891,0.0,0.106,0.0,-0.0,0.0,1
2012-07-08 16:30:00+00:00,0.0351165,0.14686458466625002,0.0365132587875,0.006,1.181,4.6803,4.6803,0.2626768526315786,0.0,1.175,0.0,-0.0,0.0,1
2012-07-08 17:00:00+00:00,0.04011645,0.152583289978625,0.041712081798749995,0.0,1.194,4.0518789473684205,4.0518789,0.2898019999999999,0.0,1.194,0.0,-0.0,0.0,1
2012-07-08 17:30:00+00:00,0.0465309,0.15991983320225,0.0483816665475,0.0,1.275,3.380826315789473,3.3808263,0.3092957473684206,0.0,1.275,0.0,-0.0,0.0,1
2012-07-08 18:00:00+00:00,0.05857875,0.173699591759375,0.060908719781249995,0.0,1.319,2.6866157894736835,2.6866158,0.3194261157894731,0.0,1.319,0.0,-0.0,0.0,1
2012-07-08 18:30:00+00:00,0.0590646,0.1742552839115,0.061413894465,0.0,1.025,2.147142105263157,2.1471421,0.31971448947368364,0.0,1.025,0.0,-0.0,0.0,1
2012-07-08 19:00:00+00:00,0.05600805,0.170759347207625,0.05823577018874999,0.0,0.169,2.0581947368421045,2.0581947,0.310944205263157,0.0,0.169,0.0,-0.0,0.0,1
2012-07-08 19:30:00+00:00,0.051168,0.16522352792,0.05320320719999999,0.0,0.213,1.9460894736842098,1.9460895,0.2941354368421045,0.0,0.213,0.0,-0.0,0.0,1
2012-07-08 20:00:00+00:00,0.04977195,0.163626792242375,0.05175162931125,0.0,0.194,1.8439842105263151,1.8439842,0.2731073736842098,0.0,0.194,0.0,-0.0,0.0,1
2012-07-08 20:30:00+00:00,0.0468753,0.16031374156325,0.048739765057499995,0.0,0.125,1.7781947368421045,1.7781947,0.2509638105263152,0.0,0.125,0.0,-0.0,0.0,1
2012-07-08 21:00:00+00:00,0.04126035,0.153891628463375,0.04290148042125,0.0,0.119,1.7155631578947361,1.7155632,0.2297287368421046,0.0,0.119,0.0,-0.0,0.0,1
2012-07-08 21:30:00+00:00,0.0430254,0.15591040881350002,0.044736735284999996,0.0,0.106,1.6597736842105255,1.6597737,0.21030875789473602,0.0,0.106,0.0,-0.0,0.0,1
2012-07-08 22:00:00+00:00,0.0392493,0.15159148499825,0.0408104409075,0.0,0.069,1.6234578947368412,1.6234579,0.19454678421052551,0.0,0.069,0.0,-0.0,0.0,1
2012-07-08 22:30:00+00:00,0.0363711,0.14829953655275,0.0378177605025,0.0,0.113,1.5639842105263149,1.5639842,0.18267899473684124,0.0,0.113,0.0,-0.0,0.0,1
2012-07-08 23:00:00+00:00,0.03563925,0.147462481285625,0.03705680116874999,0.0,0.106,1.5081947368421043,1.5081947,0.17419771052631483,0.0,0.106,0.0,-0.0,0.0,1
2012-07-08 23:30:00+00:00,0.0360759,0.14796190081475,0.037510818922499994,0.0,0.144,1.4324052631578938,1.4324053,0.1678015368421042,0.0,0.144,0.0,-0.0,0.0,1
2012-07-09 00:00:00+00:00,0.03561465,0.09793434497412501,0.03703122270374999,0.0,0.163,1.5875000021578938,1.5875,0.15509473684210606,0.32651524,0.0,0.48951524,0.0,0.0239701771921258,1
2012-07-09 00:30:00+00:00,0.03374505,0.09579598530012501,0.03508725936375,0.0,0.1,2.3000000021578937,2.3,0.712499997842106,1.5,0.0,1.6,0.0,0.0766367882401,1
2012-07-09 01:00:00+00:00,0.03391725,0.09599293948062503,0.03526630861875,0.0,0.075,3.0125000021578936,3.0125,0.7124999978421065,1.5,0.0,1.575,0.0,0.0755944398409922,1
2012-07-09 01:30:00+00:00,0.0341202,0.09622506405050002,0.035477330955000004,0.0,0.113,3.7250000021578935,3.725,0.7124999978421065,1.5,0.0,1.613,0.0,0.07760551415672827,1
2012-07-09 02:00:00+00:00,0.0338496,0.09591556462400001,0.03519596784,0.0,0.081,4.437500002157893,4.4375,0.7124999978421065,1.5,0.0,1.581,0.0,0.07582125383527201,1
2012-07-09 02:30:00+00:00,0.03370815,0.095753780832875,0.03504889166625,0.0,0.094,5.150000002157894,5.15,0.7124999978421069,1.5,0.0,1.594,0.0,0.07631576332380138,1
2012-07-09 03:00:00+00:00,0.0326688,0.09456502167199998,0.03396820151999999,0.0,0.119,5.862500002157894,5.8625,0.712499997842106,1.5,0.0,1.619,0.0,0.07655038504348398,1
2012-07-09 03:30:00+00:00,0.03153105,0.093263717265125,0.032785197513749996,0.0,0.069,6.5750000021578945,6.575,0.712499997842106,1.5,0.0,1.569,0.0,0.07316538619449056,1
2012-07-09 04:00:00+00:00,0.0311928,0.092876842982,0.032433493619999997,0.0,0.106,7.287500002157895,7.2875,0.7124999978421052,1.5,0.0,1.606,0.0,0.074580104914546,1
2012-07-09 04:30:00+00:00,0.03178935,0.09355914853587502,0.03305377139625,0.0,0.119,8.0,8.0,0.7124999978421052,1.5,0.0,1.619,0.0,0.07573613073979082,1
2012-07-09 05:00:00+00:00,0.03415095,0.326160234439875,0.035509304036249995,0.0,0.069,7.963684210526316,7.9636842,0.1390015,0.0,0.069,0.0,-0.0,0.0,1
2012-07-09 05:30:00+00:00,0.0344892,0.3265471087230001,0.035861007929999994,0.0,0.106,7.907894736842105,7.9078947,0.14840211052631602,0.0,0.106,0.0,-0.0,0.0,1
2012-07-09 06:00:00+00:00,0.03604515,0.328326730425375,0.03747884584125,0.0,0.088,7.861578947368421,7.8615789,0.16082453684210574,0.0,0.088,0.0,-0.0,0.0,1
2012-07-09 06:30:00+00:00,0.04057155,0.33350381174137506,0.042185283401249996,0.0,1.0,7.335263157894737,7.3352632,0.17468424736842092,0.0,1.0,0.0,-0.0,0.0,1
2012-07-09 07:00:00+00:00,0.0448581,0.33840656402025,0.046642330927499996,0.0,1.063,6.775789473684211,6.7757895,0.1871786578947363,0.0,1.063,0.0,-0.0,0.0,1
2012-07-09 07:30:00+00:00,0.04326525,0.33658473785062504,0.044986125318749993,0.0,0.9,6.302105263157895,6.3021053,0.1981966736842109,0.0,0.9,0.0,-0.0,0.0,1
2012-07-09 08:00:00+00:00,0.0521028,0.34669270775700006,0.05417518886999999,0.006,0.744,5.913684210526315,5.9136842,0.20652666315789503,0.0,0.738,0.0,-0.0,0.0,1
2012-07-09 08:30:00+00:00,0.0554484,0.35051924612100005,0.05765386011,0.006,0.556,5.624210526315789,5.6242105,0.2111012105263157,0.0,0.55,0.0,-0.0,0.0,1
2012-07-09 09:00:00+00:00,0.0549933,0.34999872435825,0.057180658507499996,0.006,0.1,5.5747368421052625,5.5747368,0.2111109263157891,0.0,0.094,0.0,-0.0,0.0,1
2012-07-09 09:30:00+00:00,0.0552762,0.3503222919405,0.057474810854999996,0.019,0.081,5.542105263157894,5.5421053,0.20612684210526222,0.0,0.062,0.0,-0.0,0.0,1
2012-07-09 10:00:00+00:00,0.0532221,0.34797290993025004,0.0553390090275,0.013,0.106,5.493157894736841,5.4931579,0.19621916315789356,0.0,0.093,0.0,-0.0,0.0,1
2012-07-09 10:30:00+00:00,0.04862805,0.342718453757625,0.050562230688749994,0.031,0.094,5.459999999999999,5.46,0.1820517947368412,0.0,0.063,0.0,-0.0,0.0,1
2012-07-09 11:00:00+00:00,0.04844355,0.162107431421375,0.050370392201249996,0.156,0.094,5.489449999999999,5.48945,0.164921399999999,0.062,0.0,0.0,-0.0,0.0,1
2012-07-09 11:30:00+00:00,0.0465924,0.159990173981,0.048445612709999995,0.325,0.106,5.593474999999999,5.593475,0.1467129999999992,0.219,0.0,0.0,-0.0,0.0,1
2012-07-09 12:00:00+00:00,0.04737345,0.160883501871125,0.04925772897374999,0.3,0.081,5.697499999999999,5.6975,0.12975209999999926,0.219,0.0,0.0,-0.0,0.0,1
2012-07-09 12:30:00+00:00,0.0466908,0.160102719227,0.04854792656999999,0.269,0.081,5.786799999999999,5.7868,0.11655239999999889,0.188,0.0,0.0,-0.0,0.0,1
2012-07-09 13:00:00+00:00,0.0467646,0.1601871281615,0.048624661964999996,0.306,0.181,5.846174999999999,5.846175,0.10948159999999874,0.125,0.0,0.0,-0.0,0.0,1
2012-07-09 13:30:00+00:00,0.04620495,0.159547027074875,0.04804275188625,0.294,0.131,5.923599999999999,5.9236,0.1103935999999992,0.163,0.0,5.551115123125783e-17,0.0,4.428319574225487e-18,1
2012-07-09 14:00:00+00:00,0.0457437,0.15901947123425,0.047563155667499996,0.256,0.106,5.994849999999999,5.99485,0.12028799999999862,0.15,0.0,0.0,-0.0,0.0,1
2012-07-09 14:30:00+00:00,0.0430992,0.155994817748,0.044813470679999995,0.231,0.094,6.059924999999999,6.059925,0.13906699999999894,0.137,0.0,0.0,-0.0,0.0,1
2012-07-09 15:00:00+00:00,0.0410943,0.15370170836075,0.0427288257825,0.188,0.088,6.107424999999999,6.107425,0.16544729999999852,0.1,0.0,0.0,-0.0,0.0,1
2012-07-09 15:30:00+00:00,0.0409344,0.15351882233599998,0.04256256576,0.144,0.131,6.113599999999999,6.1136,0.19705839999999952,0.013,0.0,2.7755575615628914e-17,0.0,2.130501640884574e-18,1
2012-07-09 16:00:00+00:00,0.04148175,0.15414485526687502,0.04313168660625,0.019,0.213,6.011494736842105,6.0114947,0.2307283999999994,0.0,0.194,0.0,-0.0,0.0,1
2012-07-09 16:30:00+00:00,0.0406515,0.15319525475375,0.0422684134125,0.006,0.088,5.968336842105263,5.9683368,0.26291613684210446,0.0,0.082,0.0,1.3877787807814457e-17,-2.9329603615582676e-19,1
2012-07-09 17:00:00+00:00,0.04199835,0.154735717808375,0.04366883437124999,0.0,0.625,5.63938947368421,5.6393895,0.29022094210526284,0.0,0.625,0.0,-0.0,0.0,1
2012-07-09 17:30:00+00:00,0.0454608,0.158695903652,0.04726900332,0.0,0.944,5.142547368421051,5.1425474,0.3098797736842096,0.0,0.944,0.0,-0.0,0.0,1
2012-07-09 18:00:00+00:00,0.08497455,0.203889853998875,0.08835441272624998,0.0,0.325,4.971494736842104,4.9714947,0.32016206842105177,0.0,0.325,0.0,-0.0,0.0,1
2012-07-09 18:30:00+00:00,0.14653605,0.27430097352762495,0.15236452138874998,0.0,0.219,4.182021052631577,4.1820211,0.7894736368421036,0.0,1.5,0.0,1.281,-0.09758947594949435,1
2012-07-09 19:00:00+00:00,0.0823731,0.20091443905775003,0.0856494900525,0.0,0.238,4.05675789473684,4.0567579,0.3119474526315771,0.0,0.238,0.0,-0.0,0.0,1
2012-07-09 19:30:00+00:00,0.05312985,0.167467398762125,0.05524308978375,0.0,0.206,3.9483368421052614,3.9483368,0.2952565947368404,0.0,0.206,0.0,-0.0,0.0,1
2012-07-09 20:00:00+00:00,0.0465924,0.159990173981,0.048445612709999995,0.0,0.194,3.8462315789473664,3.8462316,0.2743293421052613,0.0,0.194,0.0,-0.0,0.0,1
2012-07-09 20:30:00+00:00,0.0482775,0.16191751131874998,0.0501977375625,0.0,0.244,3.7178105263157875,3.7178105,0.2522658789473664,0.0,0.244,0.0,-0.0,0.0,1
2012-07-09 21:00:00+00:00,0.0465924,0.159990173981,0.048445612709999995,0.0,0.206,3.6093894736842085,3.6093895,0.23109042631578758,0.0,0.206,0.0,-0.0,0.0,1
2012-07-09 21:30:00+00:00,0.04085445,0.153427379323625,0.04247943574875,0.0,0.144,3.533599999999998,3.5336,0.21171287368420844,0.0,0.144,0.0,-0.0,0.0,1
2012-07-09 22:00:00+00:00,0.0380685,0.15024094204625,0.03958267458749999,0.0,0.294,3.378863157894735,3.3788632,0.19597179999999792,0.0,0.294,0.0,-0.0,0.0,1
2012-07-09 22:30:00+00:00,0.05354805,0.16794571605762498,0.05567792368874999,0.0,0.156,3.29675789473684,3.2967579,0.18410345789473492,0.0,0.156,0.0,-0.0,0.0,1
2012-07-09 23:00:00+00:00,0.0442431,0.15730315623274999,0.04600286930249999,0.0,0.088,3.250442105263156,3.2504421,0.17560129473684016,0.0,0.088,0.0,-0.0,0.0,1
2012-07-09 23:30:00+00:00,0.04609425,0.159420413673125,0.04792764879375,0.0,0.119,3.1878105263157877,3.1878105,0.1691666052631562,0.0,0.119,0.0,-0.0,0.0,1
2012-07-10 00:00:00+00:00,0.0440955,0.10763433836375,0.04584939851249999,0.0,0.088,3.1878105263157877,3.1878105,2.6315787771125088e-08,0.0,0.0,0.088,0.0,0.004735910888005,1
2012-07-10 00:30:00+00:00,0.04249035,0.105798444038375,0.04418040367125,0.0,0.088,3.1878105263157877,3.1878105,2.6315787771125088e-08,0.0,0.0,0.088,0.0,0.0046551315376884995,1
2012-07-10 01:00:00+00:00,0.04246575,0.105770307726875,0.04415482520625,0.0,0.119,3.7249999963157876,3.725,0.5371894736842124,1.1309252,0.0,1.2499252,0.0,0.0661024865197879,1
2012-07-10 01:30:00+00:00,0.04379415,0.10728966854787501,0.045536062316249994,0.0,0.088,3.7249999963157876,3.725,3.684212490639993e-09,0.0,0.0,0.088,0.0,0.0047207454161065,1
2012-07-10 02:00:00+00:00,0.04001805,0.10297074473262502,0.04160976793874999,0.0,0.119,4.437499996315788,4.4375,0.7125000036842124,1.5,0.0,1.619,0.0,0.08335481786105996,1
2012-07-10 02:30:00+00:00,0.03590985,0.098271980712125,0.037338164283749996,0.0,0.15,5.149999996315788,5.15,0.7125000036842124,1.5,0.0,1.65,0.0,0.08107438408750313,1
2012-07-10 03:00:00+00:00,0.0353748,0.09766001593700001,0.03678183266999999,0.0,0.113,5.862499996315789,5.8625,0.7125000036842115,1.5,0.0,1.613,0.0,0.07876280285319051,1
2012-07-10 03:30:00+00:00,0.0349443,0.09716763048574999,0.036334209532499995,0.0,0.088,6.574999996315789,6.575,0.7125000036842115,1.5,0.0,1.588,0.0,0.07715109860568549,1
2012-07-10 04:00:00+00:00,0.03388035,0.095950735013375,0.03522794092124999,0.0,0.125,7.287499996315789,7.2875,0.7125000036842106,1.5,0.0,1.625,0.0,0.07795997219836719,1
2012-07-10 04:30:00+00:00,0.03444615,0.09659787017787502,0.03581624561625,0.0,0.094,7.99999999631579,8.0,0.7125000036842106,1.5,0.0,1.594,0.0,0.0769885025317664,1
2012-07-10 05:00:00+00:00,0.03495045,0.32707466456362505,0.03634060414875,0.0,0.088,7.953684206842105,7.9536842,0.13898709631578932,0.0,0.088,0.0,-0.0,0.0,1
2012-07-10 05:30:00+00:00,0.03749655,0.329986772803875,0.03898797527624999,0.0,0.113,7.894210522631579,7.8942105,0.14819970684210482,0.0,0.113,0.0,-0.0,0.0,1
2012-07-10 06:00:00+00:00,0.0397044,0.332512006761,0.041283642509999996,0.0,0.106,7.838421048947368,7.838421,0.16042852263157936,0.0,0.106,0.0,-0.0,0.0,1
2012-07-10 06:30:00+00:00,0.0424473,0.33564920549325,0.0441356413575,0.0,0.094,7.788947364736842,7.7889474,0.17409514894736855,0.0,0.094,0.0,-0.0,0.0,1
2012-07-10 07:00:00+00:00,0.0454977,0.33913810811925005,0.0473073710175,0.0,0.119,7.726315785789473,7.7263158,0.1864067647368417,0.0,0.119,0.0,-0.0,0.0,1
2012-07-10 07:30:00+00:00,0.0415125,0.33458002565625006,0.043163659687499994,0.006,0.088,7.683157891052631,7.6831579,0.19724918578947293,0.0,0.082,0.0,1.3877787807814457e-17,-2.995080550759199e-19,1
2012-07-10 08:00:00+00:00,0.04995645,0.344237814578625,0.05194346779875,0.019,0.219,7.577894733157894,7.5778947,0.20541149105263123,0.0,0.2,0.0,-0.0,0.0,1
2012-07-10 08:30:00+00:00,0.05535615,0.35041373495287503,0.05755794086625,0.044,0.156,7.518947364736841,7.5189474,0.20982603315789383,0.0,0.112,0.0,-0.0,0.0,1
2012-07-10 09:00:00+00:00,0.05650005,0.351722073437625,0.05874733948875,0.038,0.75,7.144210522631578,7.1442105,0.20968246473684182,0.0,0.712,0.0,-0.0,0.0,1
2012-07-10 09:30:00+00:00,0.05739795,0.35274904880737507,0.05968095346125,0.069,0.925,6.6936842068421045,6.6936842,0.20455002263157862,0.0,0.856,1.1102230246251565e-16,0.0,1.9581505795028546e-17,1
2012-07-10 10:00:00+00:00,0.0528777,0.34757900156925003,0.0549809105175,0.069,0.688,6.367894733157894,6.3678947,0.19449720684210448,0.0,0.619,0.0,-0.0,0.0,1
2012-07-10 10:30:00+00:00,0.0541815,0.34907022607875005,0.056336569162499996,0.063,0.694,6.035789469999999,6.0357895,0.18018623315789384,0.0,0.631,0.0,-0.0,0.0,1
2012-07-10 11:00:00+00:00,0.05367105,0.168086397615125,0.055805816013749995,0.063,0.363,5.877894733157894,5.8778947,0.1629124699999993,0.0,0.3,0.0,-0.0,0.0,1
2012-07-10 11:30:00+00:00,0.0571212,0.172032515303,0.059393195729999994,0.206,0.081,5.937269733157894,5.9372697,0.14456003315789356,0.125,0.0,2.7755575615628914e-17,0.0,2.3874307434196275e-18,1
2012-07-10 12:00:00+00:00,0.05330205,0.167664352942625,0.05542213903875,0.275,0.094,6.023244733157894,6.0232447,0.12745433315789434,0.181,0.0,0.0,-0.0,0.0,1
2012-07-10 12:30:00+00:00,0.05365875,0.168072329459375,0.05579302678124999,0.225,0.119,6.073594733157894,6.0735947,0.1141091331578945,0.106,0.0,0.0,2.7755575615628914e-17,-7.742837868258966e-19,1
2012-07-10 13:00:00+00:00,0.05022705,0.164147314005125,0.05222483091375,0.15,0.094,6.1001947331578945,6.1001947,0.10689303315789456,0.056,0.0,0.0,-0.0,0.0,1
2012-07-10 13:30:00+00:00,0.0530253,0.16734781943825,0.055134381307499994,0.106,0.219,6.040721048947368,6.040721,0.10766073315789448,0.0,0.113,0.0,-0.0,0.0,1
2012-07-10 14:00:00+00:00,0.05400315,0.168466237820375,0.05615112529125,0.194,0.831,5.705457891052632,5.7054579,0.11741344894736816,0.0,0.637,0.0,-0.0,0.0,1
2012-07-10 14:30:00+00:00,0.05324055,0.167594012163875,0.05535819287625,0.075,0.85,5.297563154210526,5.2975632,0.13605549105263126,0.0,0.775,0.0,-0.0,0.0,1
2012-07-10 15:00:00+00:00,0.0515247,0.16563150443675,0.0535740949425,0.044,1.038,4.774405259473684,4.7744053,0.16230575421052595,0.0,0.994,0.0,-0.0,0.0,1
2012-07-10 15:30:00+00:00,0.05509785,0.16971830368212498,0.057289366983749986,0.013,1.013,4.24808947,4.2480895,0.19379685947368408,0.0,1.0,0.0,1.1102230246251565e-16,-3.1801987145779745e-18,1
2012-07-10 16:00:00+00:00,0.05747175,0.17243345774187502,0.05975768885625,0.0,1.0,3.721773680526316,3.7217737,0.22736007000000047,0.0,1.0,0.0,-0.0,0.0,1
2012-07-10 16:30:00+00:00,0.05959965,0.17486724868662498,0.06197022607874999,0.0,0.844,3.2775631542105264,3.2775632,0.259457680526316,0.0,0.844,0.0,-0.0,0.0,1
2012-07-10 17:00:00+00:00,0.0533574,0.1677276596435,0.055479690585,0.0,0.838,2.836510522631579,2.8365105,0.28669245421052647,0.0,0.838,0.0,-0.0,0.0,1
2012-07-10 17:30:00+00:00,0.05918145,0.174388931391125,0.061535392173749995,0.0,0.775,2.4286157857894737,2.4286158,0.306304422631579,0.0,0.775,0.0,-0.0,0.0,1
2012-07-10 18:00:00+00:00,0.0989781,0.21990644932025002,0.1029149539275,0.0,0.881,1.964931575263158,1.9649316,0.31656538578947346,0.0,0.881,0.0,-0.0,0.0,1
2012-07-10 18:30:00+00:00,0.11472825,0.23792072275812498,0.11929156614374999,0.0,0.75,1.5701947331578947,1.5701947,0.316999175263158,0.0,0.75,0.0,-0.0,0.0,1
2012-07-10 19:00:00+00:00,0.05653695,0.171364277904875,0.05878570718625,0.0,0.406,1.356510522631579,1.3565105,0.3083890331578947,0.0,0.406,0.0,-0.0,0.0,1
2012-07-10 19:30:00+00:00,0.04469205,0.157816643917625,0.04646967628874999,0.0,0.256,1.221773680526316,1.2217737,0.17510532263157907,0.0,0.256,0.0,-0.0,0.0,1
2012-07-10 20:00:00+00:00,0.042189,0.1549537742225,0.043867067475,0.0,0.288,1.221773680526316,1.2217737,1.94736839986831e-08,0.0,0.0,0.288,0.0,0.02231334348804,1
2012-07-10 20:30:00+00:00,0.0427671,0.15561497754275,0.0444681614025,0.0,0.25,1.221773680526316,1.2217737,1.94736839986831e-08,0.0,0.0,0.25,0.0,0.01945187219284375,1
2012-07-10 21:00:00+00:00,0.043419,0.15636058979749998,0.045145990724999994,0.0,0.288,1.221773680526316,1.2217737,1.94736839986831e-08,0.0,0.0,0.288,0.0,0.022515924930839995,1
2012-07-10 21:30:00+00:00,0.04191225,0.154637240718125,0.043579309743749996,0.0,0.238,1.221773680526316,1.2217737,1.94736839986831e-08,0.0,0.0,0.238,0.0,0.018401831645456876,1
2012-07-10 22:00:00+00:00,0.03757035,0.149671181738375,0.039064710671249996,0.0,0.175,1.221773680526316,1.2217737,1.94736839986831e-08,0.0,0.0,0.175,0.0,0.01309622840210781,1
2012-07-10 22:30:00+00:00,0.0511311,0.16518132345275,0.05316483950249999,0.0,0.119,1.1591421015789476,1.1591421,0.18140518052631593,0.0,0.119,0.0,-0.0,0.0,1
2012-07-10 23:00:00+00:00,0.03969825,0.152104972683125,0.041277247893749994,0.0,0.094,1.1591421015789476,1.1591421,1.5789476393024415e-09,0.0,0.0,0.094,0.0,0.007148933716106875,1
2012-07-10 23:30:00+00:00,0.04455675,0.157661894204375,0.046328994731249996,0.0,0.113,1.0996684173684212,1.0996684,0.1591421015789476,0.0,0.113,0.0,-0.0,0.0,1
2012-07-11 00:00:00+00:00,0.037023,0.09954514880750001,0.038495589824999996,0.0,0.1,1.5875000198684213,1.5875,0.48783158263157866,1.0270139,0.0,1.1270139000000001,0.0,0.056094383191810475,1
2012-07-11 00:30:00+00:00,0.0363219,0.09874326392975,0.037766603572499995,0.0,0.081,2.3000000198684214,2.3,0.7124999801315786,1.5,0.0,1.581,0.0,0.07805655013646737,1
2012-07-11 01:00:00+00:00,0.03642645,0.098862843253625,0.03787531204875,0.0,0.125,3.0125000198684213,3.0125,0.7124999801315788,1.5,0.0,1.625,0.0,0.08032606014357031,1
2012-07-11 01:30:00+00:00,0.036654,0.09912310413500001,0.03811191285,0.0,0.169,3.725000019868421,3.725,0.7124999801315788,1.5,0.0,1.669,0.0,0.08271823040065751,1
2012-07-11 02:00:00+00:00,0.03508575,0.097329414276875,0.03648128570625,0.0,0.138,4.437500019868422,4.4375,0.7124999801315788,1.5,0.0,1.638,0.0,0.07971279029276061,1
2012-07-11 02:30:00+00:00,0.0342678,0.09639388191949999,0.035630801744999996,0.0,0.119,5.150000019868422,5.15,0.7124999801315788,1.5,0.0,1.619,0.0,0.07803084741383524,1
2012-07-11 03:00:00+00:00,0.0337389,0.09578895122225002,0.0350808647475,0.0,0.094,5.862500019868422,5.8625,0.7124999801315779,1.5,0.0,1.594,0.0,0.07634379412413327,1
2012-07-11 03:30:00+00:00,0.03357285,0.095599031119625,0.03490821010875,0.0,0.094,6.575000019868423,6.575,0.7124999801315779,1.5,0.0,1.594,0.0,0.07619242780234113,1
2012-07-11 04:00:00+00:00,0.03322845,0.09520512275862501,0.034550111598749995,0.0,0.138,7.287500019868423,7.2875,0.712499980131577,1.5,0.0,1.638,0.0,0.07797299553931387,1
2012-07-11 04:30:00+00:00,0.0325335,0.09441027195875,0.0338275199625,0.0,0.1,8.0,8.0,0.712499980131577,1.5,0.0,1.6,0.0,0.07552821756700001,1
2012-07-11 05:00:00+00:00,0.033456,0.32536538364,0.034786712399999996,0.0,0.094,7.950526315789474,7.9505263,0.13998440000000034,0.0,0.094,0.0,-0.0,0.0,1
2012-07-11 05:30:00+00:00,0.03412635,0.32613209812837507,0.03548372557125,0.0,0.113,7.8910526315789475,7.8910526,0.149557215789474,0.0,0.113,0.0,-0.0,0.0,1
2012-07-11 06:00:00+00:00,0.0354855,0.32768662933875,0.0368969357625,0.0,0.075,7.851578947368421,7.8515789,0.1621514315789474,0.0,0.075,0.0,-0.0,0.0,1
2012-07-11 06:30:00+00:00,0.03806235,0.33063390796837505,0.03957627997125,0.0,0.119,7.788947368421052,7.7889474,0.17619204736842065,0.0,0.119,0.0,-0.0,0.0,1
2012-07-11 07:00:00+00:00,0.04124805,0.334277560307625,0.042888691188749994,0.0,0.125,7.7231578947368416,7.7231579,0.188893968421052,0.0,0.125,0.0,-0.0,0.0,1
2012-07-11 07:30:00+00:00,0.03568845,0.327918753908625,0.03710795809874999,0.0,0.106,7.667368421052631,7.6673684,0.20013679473684132,0.0,0.106,0.0,-0.0,0.0,1
2012-07-11 08:00:00+00:00,0.0405162,0.33344050504050005,0.042127731854999996,0.006,0.225,7.552105263157894,7.5521053,0.20870802105263042,0.0,0.219,0.0,-0.0,0.0,1
2012-07-11 08:30:00+00:00,0.0424104,0.33560700102600005,0.04409727366,0.006,0.169,7.466315789473684,7.4663158,0.21353716315789395,0.0,0.163,0.0,-0.0,0.0,1
2012-07-11 09:00:00+00:00,0.0420783,0.33522716082075005,0.0437519643825,0.006,0.131,7.400526315789473,7.4005263,0.2138098894736835,0.0,0.125,0.0,-0.0,0.0,1
2012-07-11 09:30:00+00:00,0.0422259,0.33539597868975,0.0439054351725,0.006,0.463,7.159999999999999,7.16,0.209091415789473,0.0,0.457,0.0,-0.0,0.0,1
2012-07-11 10:00:00+00:00,0.0397905,0.33261048385125,0.04137316713749999,0.013,0.181,7.071578947368421,7.0715789,0.19944579999999945,0.0,0.168,0.0,2.7755575615628914e-17,-5.7416803447146715e-19,1
2012-07-11 10:30:00+00:00,0.0403932,0.333299823483,0.04199983953,0.056,0.513,6.831052631578947,6.8310526,0.18553094736842102,0.0,0.457,0.0,-0.0,0.0,1
2012-07-11 11:00:00+00:00,0.0371091,0.14914362589775,0.03858511445249999,0.256,0.363,6.774736842105263,6.7747368,0.16863823157894675,0.0,0.107,0.0,1.3877787807814457e-17,-2.677380154560149e-19,1
2012-07-11 11:30:00+00:00,0.036654,0.148623104135,0.03811191285,0.325,0.113,6.8754368421052625,6.8754368,0.1506487421052629,0.212,0.0,0.0,-0.0,0.0,1
2012-07-11 12:00:00+00:00,0.0368262,0.14882005831550002,0.038290962105000007,0.325,0.125,6.970436842105262,6.9704368,0.1338847421052627,0.2,0.0,0.0,-0.0,0.0,1
2012-07-11 12:30:00+00:00,0.0359529,0.14782121925725003,0.037382926597500005,0.263,0.094,7.050711842105263,7.0507118,0.12085804210526252,0.169,0.0,0.0,-0.0,0.0,1
2012-07-11 13:00:00+00:00,0.03482745,0.146533983006125,0.03621271182375,0.325,0.081,7.1666118421052625,7.1666118,0.1139354421052623,0.244,0.0,0.0,-0.0,0.0,1
2012-07-11 13:30:00+00:00,0.03444615,0.146097870177875,0.03581624561625,0.3,0.113,7.255436842105262,7.2554368,0.11497064210526275,0.187,0.0,0.0,-0.0,0.0,1
2012-07-11 14:00:00+00:00,0.03417555,0.145788370751375,0.03553488250125,0.269,0.175,7.300086842105262,7.3000868,0.12496404210526268,0.094,0.0,0.0,-0.0,0.0,1
2012-07-11 14:30:00+00:00,0.0338496,0.145415564624,0.03519596784,0.238,0.138,7.347586842105263,7.3475868,0.14381994210526194,0.1,0.0,2.7755575615628914e-17,0.0,2.0180463498054023e-18,1
2012-07-11 15:00:00+00:00,0.0338619,0.14542963277975,0.0352087570725,0.2,0.275,7.308113157894736,7.3081132,0.17025764210526262,0.0,0.075,1.3877787807814457e-17,0.0,1.009120792342874e-18,1
2012-07-11 15:30:00+00:00,0.034071,0.1456687914275,0.035426174025,0.131,0.106,7.319988157894736,7.3199882,0.20191065789473583,0.025,0.0,0.0,-0.0,0.0,1
2012-07-11 16:00:00+00:00,0.03416325,0.14577430259562502,0.03552209326875,0.031,0.119,7.273672368421051,7.2736724,0.23561185789473615,0.0,0.088,0.0,-0.0,0.0,1
2012-07-11 16:30:00+00:00,0.03293325,0.14436748702062502,0.03424317001874999,0.006,1.294,6.595777631578946,6.5957776,0.2678253684210512,0.0,1.288,0.0,-0.0,0.0,1
2012-07-11 17:00:00+00:00,0.03360975,0.145141235586875,0.03494657780625,0.0,1.038,6.049461842105261,6.0494618,0.2951559315789458,0.0,1.038,0.0,-0.0,0.0,1
2012-07-11 17:30:00+00:00,0.0387819,0.15105689507975,0.0403244500725,0.0,1.231,5.4015671052631555,5.4015671,0.3148452421052612,0.0,1.231,0.0,-0.0,0.0,1
2012-07-11 18:00:00+00:00,0.0401964,0.15267473299099998,0.041795211809999996,0.0,1.088,4.828935526315787,4.8289355,0.3251663052631555,0.0,1.088,0.0,-0.0,0.0,1
2012-07-11 18:30:00+00:00,0.0384621,0.15069112303025,0.0399919300275,0.0,0.538,4.545777631578945,4.5457776,0.3256431263157866,0.0,0.538,0.0,-0.0,0.0,1
2012-07-11 19:00:00+00:00,0.0383145,0.15052230516125,0.0398384592375,0.0,0.231,4.424198684210523,4.4241987,0.3170584315789453,0.0,0.231,0.0,-0.0,0.0,1
2012-07-11 19:30:00+00:00,0.035793,0.14763833323249997,0.037216666574999994,0.0,0.219,4.3089355263157865,4.3089355,0.3004401842105233,0.0,0.219,0.0,-0.0,0.0,1
2012-07-11 20:00:00+00:00,0.03487665,0.146590255629125,0.03626386875375,0.0,0.206,4.2005144736842075,4.2005145,0.2795846263157866,0.0,0.206,0.0,-0.0,0.0,1
2012-07-11 20:30:00+00:00,0.0381177,0.15029721466925,0.039633831517499996,0.0,0.25,4.068935526315786,4.0689355,0.25758407368420766,0.0,0.25,0.0,-0.0,0.0,1
2012-07-11 21:00:00+00:00,0.03531945,0.147096709236125,0.03672428112375,0.0,0.181,3.9736723684210493,3.9736724,0.23646242631578618,0.0,0.181,0.0,-0.0,0.0,1
2012-07-11 21:30:00+00:00,0.03493815,0.146660596407875,0.03632781491625,0.0,0.144,3.897882894736839,3.8978829,0.21713476842104917,0.0,0.144,0.0,-0.0,0.0,1
2012-07-11 22:00:00+00:00,0.03444,0.14609083609999998,0.035809851,0.0,0.275,3.7531460526315756,3.7531461,0.201430394736839,0.0,0.275,0.0,-0.0,0.0,1
2012-07-11 22:30:00+00:00,0.0399135,0.15235116540875002,0.041501059462499996,0.0,0.15,3.674198684210523,3.6741987,0.1895845526315756,0.0,0.15,0.0,-0.0,0.0,1
2012-07-11 23:00:00+00:00,0.03520875,0.146970095834375,0.036609178031249995,0.0,0.219,3.558935526315786,3.5589355,0.18109098421052305,0.0,0.219,0.0,-0.0,0.0,1
2012-07-11 23:30:00+00:00,0.03613125,0.14802520751562498,0.037568370468749994,0.0,0.238,3.4336723684210493,3.4336724,0.17465512631578584,0.0,0.238,0.0,-0.0,0.0,1
2012-07-12 00:00:00+00:00,0.03514725,0.097399755055625,0.03654523186874999,0.0,0.144,3.4336723684210493,3.4336724,3.157895056560278e-08,0.0,0.0,0.144,0.0,0.007012782364004999,1
2012-07-12 00:30:00+00:00,0.03385575,0.095922598701875,0.03520236245624999,0.0,0.138,3.7250000001710495,3.725,0.2913276315789508,0.61332133,0.0,0.75132133,0.0,0.0360343472168745,1
2012-07-12 01:00:00+00:00,0.0340833,0.09618285958325001,0.0354389632575,0.0,0.119,3.7250000001710495,3.725,1.7104939686873877e-10,0.0,0.0,0.119,0.0,0.005722880145203376,1
2012-07-12 01:30:00+00:00,0.03406485,0.09616175734962502,0.03541977940875,0.0,0.081,3.7250000001710495,3.725,1.7104939686873877e-10,0.0,0.0,0.081,0.0,0.0038945511726598135,1
2012-07-12 02:00:00+00:00,0.0325458,0.0944243401145,0.033840309194999994,0.0,0.125,4.437500000171049,4.4375,0.7124999998289505,1.5,0.0,1.625,0.0,0.07671977634303125,1
2012-07-12 02:30:00+00:00,0.0317463,0.09350990999075001,0.03300900908249999,0.0,0.156,5.150000000171049,5.15,0.7124999998289514,1.5,0.0,1.656,0.0,0.07742620547234101,1
2012-07-12 03:00:00+00:00,0.03055935,0.09215233296087501,0.03177484814625,0.0,0.119,5.86250000017105,5.8625,0.7124999998289505,1.5,0.0,1.619,0.0,0.07459731353182832,1
2012-07-12 03:30:00+00:00,0.02845605,0.089746678327625,0.029587889388749997,0.0,0.125,6.57500000017105,6.575,0.7124999998289505,1.5,0.0,1.625,0.0,0.07291917614119532,1
2012-07-12 04:00:00+00:00,0.02682015,0.08787561361287502,0.02788692146625,0.0,0.1,7.28750000017105,7.2875,0.7124999998289496,1.5,0.0,1.6,0.0,0.07030049089030002,1
2012-07-12 04:30:00+00:00,0.0270969,0.08819214711725,0.028174679197499997,0.0,0.081,8.0,8.0,0.7124999998289496,1.5,0.0,1.581,0.0,0.06971589229618612,1
2012-07-12 05:00:00+00:00,0.02929245,0.32060331291862504,0.03045755719875,0.0,0.113,7.940526315789474,7.9405263,0.143694,0.0,0.113,0.0,-0.0,0.0,1
2012-07-12 05:30:00+00:00,0.03046095,0.321939787714875,0.03167253428625,0.0,0.088,7.894210526315789,7.8942105,0.1527582157894738,0.0,0.088,0.0,-0.0,0.0,1
2012-07-12 06:00:00+00:00,0.0319677,0.3236631367942501,0.0332392152675,0.0,0.081,7.851578947368421,7.8515789,0.16482542631578934,0.0,0.081,0.0,-0.0,0.0,1
2012-07-12 06:30:00+00:00,0.03502425,0.327159073498125,0.036417339543749996,0.0,0.131,7.782631578947369,7.7826316,0.1783266473684213,0.0,0.131,0.0,-0.0,0.0,1
2012-07-12 07:00:00+00:00,0.0364572,0.32879801364300004,0.03790728513,0.0,0.106,7.726842105263158,7.7268421,0.19048697894736843,0.0,0.106,0.0,-0.0,0.0,1
2012-07-12 07:30:00+00:00,0.0335667,0.32549199704175,0.034901815492499995,0.0,0.225,7.608421052631579,7.6084211,0.20118300526315736,0.0,0.225,0.0,-0.0,0.0,1
2012-07-12 08:00:00+00:00,0.0362604,0.32857292315100006,0.03770265740999999,0.0,0.125,7.542631578947368,7.5426316,0.20920335263157863,0.0,0.125,0.0,-0.0,0.0,1
2012-07-12 08:30:00+00:00,0.0450795,0.33865979082375003,0.046872537112499994,0.025,0.356,7.368421052631579,7.3684211,0.21347747894736813,0.0,0.331,0.0,5.551115123125783e-17,-1.3009742481223661e-18,1
2012-07-12 09:00:00+00:00,0.0447474,0.3382799506185001,0.046527227835,0.031,0.094,7.335263157894737,7.3352632,0.213190652631579,0.0,0.063,0.0,-0.0,0.0,1
2012-07-12 09:30:00+00:00,0.04535625,0.338976324328125,0.04716029484374999,0.038,0.119,7.292631578947368,7.2926316,0.20790675789473667,0.0,0.081,0.0,1.3877787807814457e-17,-3.272402823977643e-19,1
2012-07-12 10:00:00+00:00,0.0457929,0.33947574385725005,0.0476143125975,0.031,0.081,7.266315789473684,7.2663158,0.19768877894736825,0.0,0.05,0.0,-0.0,0.0,1
2012-07-12 10:30:00+00:00,0.04817295,0.342197931994875,0.05008902908624999,0.044,0.106,7.233684210526316,7.2336842,0.18319338947368458,0.0,0.062,0.0,-0.0,0.0,1
2012-07-12 11:00:00+00:00,0.04900935,0.162754566585875,0.050958696896249996,0.056,0.994,6.74,6.74,0.1657113105263157,0.0,0.938,0.0,-0.0,0.0,1
2012-07-12 11:30:00+00:00,0.04677075,0.16019416223937502,0.04863105658125,0.025,1.213,6.1147368421052635,6.1147368,0.14712360000000047,0.0,1.188,2.220446049250313e-16,0.0,1.7785124732869198e-17,1
2012-07-12 12:00:00+00:00,0.0453255,0.15854115393874998,0.047128321762499994,0.025,2.156,5.325263157894737,5.3252632,0.12975304210526328,0.0,1.5,0.6310000000000002,0.0,0.05001973406767564,1
2012-07-12 12:30:00+00:00,0.0460758,0.15939931143949998,0.04790846494499999,0.05,1.731,4.53578947368421,4.5357895,0.11611245789473656,0.0,1.5,0.18100000000000005,0.0,0.014425637685274752,1
2012-07-12 13:00:00+00:00,0.04673385,0.160151957772125,0.04859268888375,0.063,1.356,3.8552631578947367,3.8552632,0.1085701736842104,0.0,1.293,2.220446049250313e-16,0.0,1.7780439095740895e-17,1
2012-07-12 13:30:00+00:00,0.04584825,0.159139050558125,0.04767186414375,0.044,0.744,3.486842105263158,3.4868421,0.1089820578947367,0.0,0.7,0.0,-0.0,0.0,1
2012-07-12 14:00:00+00:00,0.04690605,0.16034891195262502,0.04877173813874999,0.056,0.788,3.101578947368421,3.1015789,0.11835090526315817,0.0,0.732,0.0,-0.0,0.0,1
2012-07-12 14:30:00+00:00,0.04896015,0.162698293962875,0.05090753996624999,0.044,0.788,2.71,2.71,0.13658404736842078,0.0,0.744,0.0,-0.0,0.0,1
2012-07-12 15:00:00+00:00,0.0440832,0.157120270208,0.045836609279999996,0.031,0.825,2.71,2.71,0.0,0.0,0.0,0.7939999999999999,0.0,0.062376747272576,1
2012-07-12 15:30:00+00:00,0.0434559,0.15640279426475,0.045184358422499994,0.025,0.688,2.71,2.71,0.0,0.0,0.0,0.6629999999999999,0.0,0.05184752629876462,1
2012-07-12 16:00:00+00:00,0.04865265,0.16234659006912502,0.050587809153749996,0.006,0.788,2.298421052631579,2.2984211,0.22655599999999998,0.0,0.782,0.0,-0.0,0.0,1
2012-07-12 16:30:00+00:00,0.0466785,0.16008865107125,0.0485351373375,0.006,0.831,2.2370446368421053,2.2370446,0.06137645263157898,0.0,0.11661519,0.70838481,0.0,0.05670218433613186,1
2012-07-12 17:00:00+00:00,0.0426564,0.15548836414099998,0.04435305830999999,0.0,0.963,2.2370446368421053,2.2370446,3.68421053664747e-08,0.0,0.0,0.963,0.0,0.0748676473338915,1
2012-07-12 17:30:00+00:00,0.047478,0.161003081195,0.04936643745,0.0,0.763,1.9329093368421053,1.9329093,0.30413533684210536,0.0,0.57785707,0.18514293000000004,0.0,0.014904291095735104,1
2012-07-12 18:00:00+00:00,0.06528225,0.181366736643125,0.06787885149374999,0.0,0.8,1.511856705263158,1.5118567,0.3139620368421052,0.0,0.8,0.0,-0.0,0.0,1
2012-07-12 18:30:00+00:00,0.0595566,0.17481801014149997,0.061925463764999994,0.0,0.694,1.146593547368421,1.1465935,0.31397850526315807,0.0,0.694,0.0,-0.0,0.0,1
2012-07-12 19:00:00+00:00,0.04814835,0.161769795683375,0.05006345062124999,0.0,0.706,1.0,1.0,0.146593547368421,0.0,0.27852774,0.42747225999999994,0.0,0.03457605008025527,1
2012-07-12 19:30:00+00:00,0.0417585,0.15446138877124999,0.043419444337499995,0.0,0.338,1.0,1.0,0.0,0.0,0.0,0.338,0.0,0.02610397470234125,1
2012-07-12 20:00:00+00:00,0.03849285,0.15072629341962498,0.040023903108749995,0.0,0.2,1.0,1.0,0.0,0.0,0.0,0.2,0.0,0.015072629341962499,1
2012-07-12 20:30:00+00:00,0.04064535,0.153188220675875,0.042262018796249995,0.0,0.225,1.0,1.0,0.0,0.0,0.0,0.225,0.0,0.01723367482603594,1
2012-07-12 21:00:00+00:00,0.03972285,0.152133108994625,0.041302826358749996,0.0,0.394,1.0,1.0,0.0,0.0,0.0,0.394,0.0,0.02997022247194113,1
2012-07-12 21:30:00+00:00,0.0361374,0.1480322415935,0.037574765084999996,0.0,0.244,1.0,1.0,0.0,0.0,0.0,0.244,0.0,0.018059933474407,1
2012-07-12 22:00:00+00:00,0.0351042,0.14685051651050002,0.036500469555000005,0.0,0.181,1.0,1.0,0.0,0.0,0.0,0.181,0.0,0.013289971744200251,1
2012-07-12 22:30:00+00:00,0.0412788,0.153912730697,0.04292066427,0.0,0.225,1.0,1.0,0.0,0.0,0.0,0.225,0.0,0.0173151822034125,1
2012-07-12 23:00:00+00:00,0.03574995,0.14758909468737502,0.03717190426125,0.0,0.088,1.0,1.0,0.0,0.0,0.0,0.088,0.0,0.0064939201662445,1
2012-07-12 23:30:00+00:00,0.03543015,0.14722332263787502,0.03683938421625,0.0,0.125,1.0,1.0,0.0,0.0,0.0,0.125,0.0,0.009201457664867189,1
2012-07-13 00:00:00+00:00,0.0348582,0.09706915339550001,0.036244684905,0.0,0.094,1.7125,1.7125,0.7124999999999999,1.5,0.0,1.594,0.0,0.07736411525621352,1
2012-07-13 00:30:00+00:00,0.03461835,0.096794824358375,0.03599529487125,0.0,0.1,2.425,2.425,0.7124999999999999,1.5,0.0,1.6,0.0,0.07743585948670001,1
2012-07-13 01:00:00+00:00,0.03440925,0.096555665710625,0.03577787791875,0.0,0.125,3.1374999999999997,3.1375,0.7125000000000004,1.5,0.0,1.625,0.0,0.07845147838988281,1
2012-07-13 01:30:00+00:00,0.034932,0.09715356233000001,0.0363214203,0.0,0.106,3.7249999975,3.725,0.5875000000000004,1.2368421,0.0,1.3428421000000001,0.0,0.06523094683084907,1
2012-07-13 02:00:00+00:00,0.0341694,0.09628133667350001,0.035528487885,0.0,0.15,4.4374999975,4.4375,0.7125000025000001,1.5,0.0,1.65,0.0,0.0794321027556375,1
2012-07-13 02:30:00+00:00,0.0335175,0.09553572441875,0.03485065856249999,0.0,0.156,5.1499999975,5.15,0.7125000025000006,1.5,0.0,1.656,0.0,0.079103579818725,1
2012-07-13 03:00:00+00:00,0.03287175,0.09479714624187499,0.034179223856249996,0.0,0.113,5.8624999975000005,5.8625,0.7125000024999997,1.5,0.0,1.613,0.0,0.07645389844407217,1
2012-07-13 03:30:00+00:00,0.02996895,0.09147706148487501,0.03116096498625,0.0,0.088,6.574999997500001,6.575,0.7125000024999997,1.5,0.0,1.588,0.0,0.07263278681899077,1
2012-07-13 04:00:00+00:00,0.030504,0.09208902626,0.0317172966,0.0,0.131,7.287499997500001,7.2875,0.7125000024999988,1.5,0.0,1.631,0.0,0.07509860091503,1
2012-07-13 04:30:00+00:00,0.03149415,0.09322151279787502,0.032746829816249996,0.0,0.094,7.999999997500002,8.0,0.7125000024999988,1.5,0.0,1.594,0.0,0.0742975456999064,1
2012-07-13 05:00:00+00:00,0.0327672,0.32457756691800005,0.03407051538,0.0,0.113,7.9405263132894754,7.9405263,0.13082469750000136,0.0,0.113,0.0,-0.0,0.0,1
2012-07-13 05:30:00+00:00,0.0338619,0.32582963277975,0.0352087570725,0.0,0.106,7.884736839605265,7.8847368,0.14026841328947537,0.0,0.106,0.0,-0.0,0.0,1
2012-07-13 06:00:00+00:00,0.0333822,0.32528097470550005,0.034709977004999996,0.0,0.081,7.842105260657896,7.8421053,0.1527551396052642,0.0,0.081,0.0,-0.0,0.0,1
2012-07-13 06:30:00+00:00,0.03375735,0.325710053455875,0.03510004859625,0.0,0.144,7.766315786973686,7.7663158,0.166719660657896,0.0,0.144,0.0,-0.0,0.0,1
2012-07-13 07:00:00+00:00,0.0360513,0.32833376450325,0.03748524045749999,0.0,0.219,7.651052629078949,7.6510526,0.17939508697368556,0.0,0.219,0.0,-0.0,0.0,1
2012-07-13 07:30:00+00:00,0.0341694,0.3261813366735001,0.035528487885,0.0,0.369,7.45684210276316,7.4568421,0.19065292907894893,0.0,0.369,0.0,-0.0,0.0,1
2012-07-13 08:00:00+00:00,0.03726285,0.3297194778446251,0.03874497985875,0.006,0.25,7.328421050131581,7.3284211,0.19928020276315994,0.0,0.244,0.0,-0.0,0.0,1
2012-07-13 08:30:00+00:00,0.0396183,0.33241352967075005,0.0411941178825,0.013,0.094,7.285789471184213,7.2857895,0.2042039501315811,0.0,0.081,0.0,-0.0,0.0,1
2012-07-13 09:00:00+00:00,0.0389664,0.33166791741600005,0.040516288559999995,0.025,0.075,7.259473681710529,7.2594737,0.20460577118421241,0.0,0.05,0.0,6.938893903907228e-18,-1.4056911384896507e-19,1
2012-07-13 09:30:00+00:00,0.03974745,0.332561245306125,0.04132840482375,0.031,0.119,7.213157892236844,7.2131579,0.20004558171052889,0.0,0.088,0.0,-0.0,0.0,1
2012-07-13 10:00:00+00:00,0.040221,0.33310286930250005,0.041820790275,0.031,0.088,7.183157892236844,7.1831579,0.1905818922368443,0.0,0.057,0.0,6.938893903907228e-18,-1.450950133478901e-19,1
2012-07-13 10:30:00+00:00,0.0403932,0.333299823483,0.04199983953,0.106,0.106,7.183157892236844,7.1831579,0.1768670922368436,0.0,0.0,0.0,-0.0,0.0,1
2012-07-13 11:00:00+00:00,0.0397782,0.15219641569550002,0.041360377904999995,0.075,0.106,7.16684210276316,7.1668421,0.16018799223684432,0.0,0.031,0.0,-0.0,0.0,1
2012-07-13 11:30:00+00:00,0.0386343,0.15088807721075,0.040170979282500005,0.256,0.131,7.22621710276316,7.2262171,0.14242180276315963,0.125,0.0,0.0,-0.0,0.0,1
2012-07-13 12:00:00+00:00,0.03836985,0.15058561186212502,0.03989601078374999,0.325,0.194,7.28844210276316,7.2884421,0.1258884027631595,0.131,0.0,0.0,-0.0,0.0,1
2012-07-13 12:30:00+00:00,0.0380193,0.15018466942325,0.039531517657499994,0.319,0.131,7.377742102763159,7.3777421,0.11309780276315973,0.188,0.0,0.0,-0.0,0.0,1
2012-07-13 13:00:00+00:00,0.0378225,0.14995957893125,0.0393268899375,0.306,0.338,7.360899997500002,7.3609,0.10641650276315939,0.0,0.032,2.7755575615628914e-17,0.0,2.081107216157091e-18,1
2012-07-13 13:30:00+00:00,0.03747195,0.149558636492375,0.038962396811249994,0.281,0.194,7.402224997500001,7.402225,0.10769809750000192,0.087,0.0,0.0,-0.0,0.0,1
2012-07-13 14:00:00+00:00,0.03695535,0.14896777395087502,0.03842524904625,0.269,0.3,7.385909208026317,7.3859092,0.11794439750000141,0.0,0.031,0.0,2.7755575615628914e-17,-5.332574527262823e-19,1
2012-07-13 14:30:00+00:00,0.03605745,0.147940798581125,0.037491635073749995,0.181,0.213,7.369067102763159,7.3690671,0.13706140802631683,0.0,0.032,0.0,-0.0,0.0,1
2012-07-13 15:00:00+00:00,0.0361251,0.14801817343775,0.03756197585249999,0.113,0.188,7.329593418552633,7.3295934,0.16377170276315933,0.0,0.075,0.0,-0.0,0.0,1
2012-07-13 15:30:00+00:00,0.03502425,0.146759073498125,0.036417339543749996,0.106,0.338,7.207488155394738,7.2074882,0.19571271855263284,0.0,0.232,2.7755575615628914e-17,0.0,2.036691280878425e-18,1
2012-07-13 16:00:00+00:00,0.03600825,0.14788452595812498,0.03744047814375,0.031,0.15,7.144856576447369,7.1448566,0.22972205539473745,0.0,0.119,0.0,-0.0,0.0,1
2012-07-13 16:30:00+00:00,0.03766875,0.149783726984375,0.03916702453125,0.006,0.231,7.02643552381579,7.0264355,0.26226937644736914,0.0,0.225,0.0,-0.0,0.0,1
2012-07-13 17:00:00+00:00,0.03852975,0.15076849788687502,0.040062270806249994,0.0,0.219,6.911172365921053,6.9111724,0.28996462381579047,0.0,0.219,0.0,-0.0,0.0,1
2012-07-13 17:30:00+00:00,0.039975,0.1524215061875,0.04156500562499999,0.0,0.331,6.7369618396052635,6.7369618,0.31005406592105267,0.0,0.331,0.0,-0.0,0.0,1
2012-07-13 18:00:00+00:00,0.04064535,0.153188220675875,0.042262018796249995,0.0,0.169,6.648014471184211,6.6480145,0.32081403960526345,0.0,0.169,0.0,-0.0,0.0,1
2012-07-13 18:30:00+00:00,0.03878805,0.15106392915762498,0.04033084468874999,0.0,0.15,6.569067102763158,6.5690671,0.3217700711842104,0.0,0.15,0.0,-0.0,0.0,1
2012-07-13 19:00:00+00:00,0.0368139,0.14880599015975,0.038278172872499995,0.0,0.125,6.503277629078948,6.5032776,0.3137042027631587,0.0,0.125,0.0,-0.0,0.0,1
2012-07-13 19:30:00+00:00,0.0352149,0.14697712991225,0.0366155726475,0.0,0.163,6.417488155394738,6.4174882,0.29764912907894736,0.0,0.163,0.0,-0.0,0.0,1
2012-07-13 20:00:00+00:00,0.0363465,0.14827140024125,0.0377921820375,0.0,0.163,6.331698681710527,6.3316987,0.2773849553947372,0.0,0.163,0.0,-0.0,0.0,1
2012-07-13 20:30:00+00:00,0.0359652,0.147835287413,0.03739571583,0.0,0.131,6.262751313289475,6.2627513,0.25599588171052723,0.0,0.131,0.0,-0.0,0.0,1
2012-07-13 21:00:00+00:00,0.03636495,0.14829250247487502,0.037811365886250003,0.0,0.813,5.83485657644737,5.8348566,0.23550501328947515,0.0,0.813,0.0,-0.0,0.0,1
2012-07-13 21:30:00+00:00,0.03460605,0.146280756202625,0.03598250563875,0.0,1.075,5.2690671027631595,5.2690671,0.2168318764473698,0.0,1.075,0.0,-0.0,0.0,1
2012-07-13 22:00:00+00:00,0.0340218,0.1456125188045,0.035375017094999996,0.0,0.694,4.9038039448684225,4.9038039,0.20179590276315906,0.0,0.694,0.0,-0.0,0.0,1
2012-07-13 22:30:00+00:00,0.0387819,0.15105689507975,0.0403244500725,0.0,0.194,4.801698681710528,4.8016987,0.1906305448684229,0.0,0.194,0.0,-0.0,0.0,1
2012-07-13 23:00:00+00:00,0.03570075,0.14753282206437499,0.037120747331249995,0.0,0.2,4.696435523815791,4.6964355,0.18282908171052803,0.0,0.2,0.0,-0.0,0.0,1
2012-07-13 23:30:00+00:00,0.0363957,0.14832767286425003,0.0378433389675,0.0,0.194,4.594330260657896,4.5943303,0.177100523815791,0.0,0.194,0.0,-0.0,0.0,1
2012-07-14 00:00:00+00:00,0.03524565,0.09751230030162501,0.03664754572875,0.0,0.125,4.594330260657896,4.5943303,3.9342103796968786e-08,0.0,0.0,0.125,0.0,0.006094518768851563,1
2012-07-14 00:30:00+00:00,0.03427395,0.096400915997375,0.03563719636125,0.0,0.106,4.594330260657896,4.5943303,3.9342103796968786e-08,0.0,0.0,0.106,0.0,0.005109248547860875,1
2012-07-14 01:00:00+00:00,0.03424935,0.096372779685875,0.035611617896249996,0.0,0.081,4.594330260657896,4.5943303,3.9342103796968786e-08,0.0,0.0,0.081,0.0,0.0039030975772779376,1
2012-07-14 01:30:00+00:00,0.03421245,0.09633057521862502,0.035573250198749996,0.0,0.2,4.594330260657896,4.5943303,3.9342103796968786e-08,0.0,0.0,0.2,0.0,0.009633057521862503,1
2012-07-14 02:00:00+00:00,0.03256425,0.09444544234812502,0.03385949304375,0.0,0.119,5.149999985657896,5.15,0.555669739342104,1.169831,0.0,1.288831,0.0,0.06086210695348816,1
2012-07-14 02:30:00+00:00,0.03261345,0.09450171497112501,0.03391064997375,0.0,0.113,5.149999985657896,5.15,1.434210439299477e-08,0.0,0.0,0.113,0.0,0.005339346895868563,1
2012-07-14 03:00:00+00:00,0.03209685,0.09391085242962502,0.033373502208749996,0.0,0.113,5.862499985657896,5.8625,0.7125000143421039,1.5,0.0,1.613,0.0,0.07573910248449257,1
2012-07-14 03:30:00+00:00,0.03190005,0.093685761937625,0.03316887448875,0.0,0.1,6.574999985657897,6.575,0.7125000143421039,1.5,0.0,1.6,0.0,0.0749486095501,1
2012-07-14 04:00:00+00:00,0.0313281,0.09303159269524999,0.0325741751775,0.0,0.113,7.287499985657897,7.2875,0.712500014342103,1.5,0.0,1.613,0.0,0.07502997950871912,1
2012-07-14 04:30:00+00:00,0.0312174,0.09290497929350001,0.032459072085,0.0,0.106,7.999999985657897,8.0,0.712500014342103,1.5,0.0,1.606,0.0,0.07460269837268052,1
2012-07-14 05:00:00+00:00,0.0310452,0.322608025113,0.03228002283,0.0,0.094,7.950526301447371,7.9505263,0.15448788565789773,0.0,0.094,0.0,-0.0,0.0,1
2012-07-14 05:30:00+00:00,0.03129735,0.32289642230587506,0.03254220209625,0.0,0.106,7.89473682776316,7.8947368,0.16432380144737113,0.0,0.106,0.0,-0.0,0.0,1
2012-07-14 06:00:00+00:00,0.0308484,0.32238293462100004,0.03207539511,0.0,0.119,7.832105248815791,7.8321052,0.17715862776316005,0.0,0.119,0.0,-0.0,0.0,1
2012-07-14 06:30:00+00:00,0.02969835,0.32106756205837506,0.030879601871249995,0.0,0.088,7.785789459342107,7.7857895,0.1914310488157911,0.0,0.088,0.0,-0.0,0.0,1
2012-07-14 07:00:00+00:00,0.0318693,0.32355059154825005,0.0331369014075,0.0,0.125,7.719999985657896,7.72,0.2043824593421073,0.0,0.125,0.0,-0.0,0.0,1
2012-07-14 07:30:00+00:00,0.03356055,0.325484962963875,0.03489542087625,0.0,0.413,7.502631564605265,7.5026316,0.21587898565789665,0.0,0.413,0.0,-0.0,0.0,1
2012-07-14 08:00:00+00:00,0.0344646,0.3265189724115001,0.03583542946499999,0.025,0.213,7.403684196184212,7.4036842,0.224706864605265,0.0,0.188,0.0,-0.0,0.0,1
2012-07-14 08:30:00+00:00,0.0344646,0.3265189724115001,0.03583542946499999,0.056,0.319,7.265263143552633,7.2652631,0.2297911961842125,0.0,0.263,0.0,-0.0,0.0,1
2012-07-14 09:00:00+00:00,0.03439695,0.32644159755487506,0.03576508868625,0.006,0.256,7.133684196184212,7.1336842,0.23031124355263266,0.0,0.25,0.0,-0.0,0.0,1
2012-07-14 09:30:00+00:00,0.0359283,0.32819308294575006,0.0373573481325,0.013,0.394,6.933157880394738,6.9331579,0.22582369618421172,0.0,0.381,0.0,-0.0,0.0,1
2012-07-14 10:00:00+00:00,0.0372567,0.3297124437667501,0.03873858524249999,0.006,0.638,6.60052630144737,6.6005263,0.21638408039473767,0.0,0.632,0.0,-0.0,0.0,1
2012-07-14 10:30:00+00:00,0.0358176,0.32806646954400004,0.03724224504,0.088,0.344,6.465789459342107,6.4657895,0.2026421014473696,0.0,0.256,0.0,-0.0,0.0,1
2012-07-14 11:00:00+00:00,0.03442155,0.146069733866375,0.035790667151250004,0.269,0.444,6.373684196184212,6.3736842,0.18588225934210634,0.0,0.175,0.0,-0.0,0.0,1
2012-07-14 11:30:00+00:00,0.0344154,0.1460626997885,0.035784272534999995,0.3,0.3,6.373684196184212,6.3736842,0.16798029618421229,0.0,0.0,0.0,-0.0,0.0,1
2012-07-14 12:00:00+00:00,0.03433545,0.145971256776125,0.03570114252375,0.206,0.1,6.424034196184212,6.4240342,0.1512551961842119,0.106,0.0,2.7755575615628914e-17,0.0,2.025758127579061e-18,1
2012-07-14 12:30:00+00:00,0.0343908,0.146034563477,0.03575869406999999,0.319,0.106,6.525209196184211,6.5252092,0.13821659618421211,0.213,0.0,0.0,-0.0,0.0,1
2012-07-14 13:00:00+00:00,0.03439695,0.14604159755487503,0.03576508868625,0.3,0.113,6.614034196184211,6.6140342,0.13123129618421103,0.187,0.0,0.0,-0.0,0.0,1
2012-07-14 13:30:00+00:00,0.0340095,0.14559845064875,0.0353622278625,0.319,0.075,6.729934196184211,6.7299342,0.1321540961842116,0.244,0.0,0.0,-0.0,0.0,1
2012-07-14 14:00:00+00:00,0.03390495,0.145478871324875,0.03525351938625,0.294,0.119,6.813059196184211,6.8130592,0.14198799618421099,0.175,0.0,0.0,-0.0,0.0,1
2012-07-14 14:30:00+00:00,0.0339357,0.14551404171425,0.0352854924675,0.256,0.225,6.827784196184211,6.8277842,0.1606413961842108,0.031,0.0,0.0,-0.0,0.0,1
2012-07-14 15:00:00+00:00,0.03394185,0.145521075792125,0.03529188708375,0.225,0.275,6.801468406710527,6.8014684,0.18683939618421164,0.0,0.05,1.3877787807814457e-17,0.0,1.009755305703998e-18,1
2012-07-14 15:30:00+00:00,0.03394185,0.145521075792125,0.03529188708375,0.163,1.031,6.344626301447369,6.3446263,0.2182230067105273,0.0,0.868,0.0,1.1102230246251565e-16,-1.959093281142521e-18,1
2012-07-14 16:00:00+00:00,0.03404025,0.145633621038125,0.035394200943749995,0.019,1.213,5.71620524881579,5.7162052,0.25163360144736924,0.0,1.194,2.220446049250313e-16,0.0,1.6168579923606096e-17,1
2012-07-14 16:30:00+00:00,0.03464295,0.146322960669875,0.03602087333625,0.013,1.313,5.0319947225,5.0319947,0.2835450488157898,0.0,1.3,0.0,-0.0,0.0,1
2012-07-14 17:00:00+00:00,0.03672165,0.148700478991625,0.038182253628749996,0.0,1.225,4.387257880394737,4.3872579,0.31057182250000004,0.0,1.225,0.0,-0.0,0.0,1
2012-07-14 17:30:00+00:00,0.03729975,0.149361682311875,0.03878334755625,0.0,1.356,3.6735736698684205,3.6735737,0.3299644803947368,0.0,1.356,0.0,-0.0,0.0,1
2012-07-14 18:00:00+00:00,0.04129725,0.153933832930625,0.04293984811875,0.0,0.7,3.3051526172368417,3.3051526,0.3400026698684204,0.0,0.7,0.0,-0.0,0.0,1
2012-07-14 18:30:00+00:00,0.0409836,0.153575094959,0.04261372269,0.0,0.2,3.199889459342105,3.1998895,0.3402149172368416,0.0,0.2,0.0,-0.0,0.0,1
2012-07-14 19:00:00+00:00,0.03967365,0.152076836371625,0.04125166942875,0.0,0.219,3.084626301447368,3.0846263,0.33138505934210505,0.0,0.219,0.0,-0.0,0.0,1
2012-07-14 19:30:00+00:00,0.03729975,0.149361682311875,0.03878334755625,0.0,0.231,2.963047354078947,2.9630474,0.31455030144736806,0.0,0.231,0.0,-0.0,0.0,1
2012-07-14 20:00:00+00:00,0.03451995,0.146182279112375,0.03589298101125,0.0,0.219,2.84778419618421,2.8477842,0.2934852540789472,0.0,0.219,0.0,-0.0,0.0,1
2012-07-14 20:30:00+00:00,0.0345753,0.14624558581325,0.0359505325575,0.0,0.213,2.7356789330263154,2.7356789,0.2712722961842102,0.0,0.213,0.0,-0.0,0.0,1
2012-07-14 21:00:00+00:00,0.03439695,0.14604159755487503,0.03576508868625,0.0,0.213,2.6235736698684207,2.6235737,0.2499366330263153,0.0,0.213,0.0,-0.0,0.0,1
2012-07-14 21:30:00+00:00,0.0343908,0.146034563477,0.03575869406999999,0.0,0.45,2.3867315646052627,2.3867316,0.2304027698684208,0.0,0.45,0.0,-0.0,0.0,1
2012-07-14 22:00:00+00:00,0.0342924,0.14592201823099998,0.03565638021,0.0,0.594,2.0740999856578943,2.0741,0.21448766460526292,0.0,0.594,0.0,-0.0,0.0,1
2012-07-14 22:30:00+00:00,0.03444615,0.146097870177875,0.03581624561625,0.0,0.4,1.8635736698684207,1.8635737,0.2024265856578944,0.0,0.4,0.0,-0.0,0.0,1
2012-07-14 23:00:00+00:00,0.0343785,0.14602049532125,0.035745904837499995,0.0,0.775,1.4556789330263153,1.4556789,0.19371536986842064,0.0,0.775,0.0,-0.0,0.0,1
2012-07-14 23:30:00+00:00,0.03447075,0.14612600648937502,0.03584182408125,0.0,0.138,1.383047354078947,1.3830474,0.1870675330263154,0.0,0.138,0.0,-0.0,0.0,1
2012-07-15 00:00:00+00:00,0.03451995,0.09668227911237502,0.03589298101125,0.0,0.119,1.5874999985789469,1.5875,0.20445264592105294,0.43042662,0.0,0.54942662,0.0,0.026559908913304404,1
2012-07-15 00:30:00+00:00,0.0343785,0.09652049532125001,0.035745904837499995,0.0,0.119,2.2999999985789468,2.3,0.712500001421053,1.5,0.0,1.619,0.0,0.07813334096255188,1
2012-07-15 01:00:00+00:00,0.0342555,0.09637981376375002,0.035618012512500005,0.0,0.094,3.0124999985789467,3.0125,0.7125000014210534,1.5,0.0,1.594,0.0,0.07681471156970876,1
2012-07-15 01:30:00+00:00,0.03381885,0.09588039423462501,0.03516399475874999,0.0,0.1,3.7249999985789466,3.725,0.7125000014210534,1.5,0.0,1.6,0.0,0.0767043153877,1
2012-07-15 02:00:00+00:00,0.03326535,0.095247327225875,0.034588479296249995,0.0,0.156,4.4374999985789465,4.4375,0.7125000014210534,1.5,0.0,1.656,0.0,0.0788647869430245,1
2012-07-15 02:30:00+00:00,0.0311313,0.09280650220325001,0.032369547457499995,0.0,0.119,5.149999998578947,5.15,0.7125000014210539,1.5,0.0,1.619,0.0,0.07512686353353089,1
2012-07-15 03:00:00+00:00,0.03159255,0.093334058043875,0.03284914367625,0.0,0.106,5.862499998578947,5.8625,0.712500001421053,1.5,0.0,1.606,0.0,0.07494724860923163,1
2012-07-15 03:30:00+00:00,0.0308361,0.09246886646525002,0.0320626058775,0.0,0.1,6.574999998578948,6.575,0.712500001421053,1.5,0.0,1.6,0.0,0.07397509317220001,1
2012-07-15 04:00:00+00:00,0.0300612,0.091582572653,0.03125688423,0.0,0.113,7.287499998578948,7.2875,0.7125000014210521,1.5,0.0,1.613,0.0,0.0738613448446445,1
2012-07-15 04:30:00+00:00,0.03046095,0.09203978771487499,0.03167253428625,0.0,0.1,7.999999998578948,8.0,0.7125000014210521,1.5,0.0,1.6,0.0,0.07363183017189999,1
2012-07-15 05:00:00+00:00,0.02870205,0.31992804144262504,0.029843674038749997,0.0,0.081,7.95736841963158,7.9573684,0.154306198578948,0.0,0.081,0.0,-0.0,0.0,1
2012-07-15 05:30:00+00:00,0.03016575,0.32160215197687503,0.03136559270625,0.0,0.113,7.897894735421054,7.8978947,0.16326971963157977,0.0,0.113,0.0,-0.0,0.0,1
2012-07-15 06:00:00+00:00,0.0262113,0.31707923990325004,0.027253854457499997,0.0,0.088,7.851578945947369,7.8515789,0.17524913542105391,0.0,0.088,0.0,-0.0,0.0,1
2012-07-15 06:30:00+00:00,0.027921,0.3190347135525,0.029031557774999998,0.0,0.088,7.805263156473685,7.8052632,0.18868984594736915,0.0,0.088,0.0,-0.0,0.0,1
2012-07-15 07:00:00+00:00,0.030996,0.32255175249000007,0.0322288659,0.0,0.113,7.745789472263159,7.7457895,0.20084335647368512,0.0,0.113,0.0,-0.0,0.0,1
2012-07-15 07:30:00+00:00,0.0313773,0.3229878653182501,0.032625332107499995,0.0,0.069,7.709473682789475,7.7094737,0.21157327226315825,0.0,0.069,0.0,-0.0,0.0,1
2012-07-15 08:00:00+00:00,0.03223215,0.323965602142875,0.03351418376625,0.013,0.294,7.561578945947369,7.5615789,0.21966688278947455,0.0,0.281,0.0,5.551115123125783e-17,-9.302054617202348e-19,1
2012-07-15 08:30:00+00:00,0.03445845,0.326511938333625,0.035829034848750003,0.025,2.025,6.772105261736843,6.7721053,0.22404934594736936,0.0,1.5,0.5,0.0,0.08162798458340625,1
2012-07-15 09:00:00+00:00,0.03411405,0.326118029972625,0.035470936338749995,0.006,1.581,5.982631577526316,5.9826316,0.22389886173684292,0.0,1.5,0.07499999999999996,0.0,0.01222942612397343,1
2012-07-15 09:30:00+00:00,0.0344646,0.3265189724115001,0.03583542946499999,0.006,1.588,5.19315789331579,5.1931579,0.21877097752631602,0.0,1.5,0.08200000000000007,0.0,0.013387277868871514,1
2012-07-15 10:00:00+00:00,0.03451995,0.32658227911237503,0.03589298101125,0.006,1.544,4.403684209105263,4.4036842,0.20871929331578976,0.0,1.5,0.038000000000000034,0.0,0.006205063303135131,1
2012-07-15 10:30:00+00:00,0.0344523,0.32650490425575,0.035822640232499994,0.088,0.694,4.084736840684211,4.0847368,0.19439170910526293,0.0,0.606,0.0,-0.0,0.0,1
2012-07-15 11:00:00+00:00,0.03443385,0.146083802022125,0.03580345638375,0.281,0.219,4.11418684068421,4.1141868,4.068421066705241e-08,0.062,0.0,0.0,-0.0,0.0,1
2012-07-15 11:30:00+00:00,0.03417555,0.145788370751375,0.03553488250125,0.344,0.088,4.23578684068421,4.2357868,4.068421066705241e-08,0.256,0.0,0.0,-0.0,0.0,1
2012-07-15 12:00:00+00:00,0.0341202,0.1457250640505,0.035477330955000004,0.35,0.106,4.35168684068421,4.3516868,4.068421066705241e-08,0.244,0.0,0.0,-0.0,0.0,1
2012-07-15 12:30:00+00:00,0.03394185,0.145521075792125,0.03529188708375,0.344,0.113,4.46141184068421,4.4614118,4.068420977887399e-08,0.231,0.0,5.551115123125783e-17,0.0,4.039021222815992e-18,1
2012-07-15 13:00:00+00:00,0.03388035,0.145450735013375,0.03522794092124999,0.331,0.088,4.57683684068421,4.5768368,4.068421066705241e-08,0.243,0.0,0.0,5.551115123125783e-17,-9.777717780226622e-19,1
2012-07-15 13:30:00+00:00,0.03360975,0.145141235586875,0.03494657780625,0.313,0.094,4.68086184068421,4.6808618,4.068421066705241e-08,0.219,0.0,0.0,-0.0,0.0,1
2012-07-15 14:00:00+00:00,0.0338865,0.14545776909125002,0.0352343355375,0.288,0.25,4.69891184068421,4.6989118,4.068421066705241e-08,0.038,0.0,0.0,-0.0,0.0,1
2012-07-15 14:30:00+00:00,0.0332961,0.14478249761525003,0.0346204523775,0.263,0.081,4.78536184068421,4.7853618,4.068420977887399e-08,0.182,0.0,0.0,-0.0,0.0,1
2012-07-15 15:00:00+00:00,0.0336036,0.145134201509,0.034940183189999995,0.219,0.119,4.8328618406842105,4.8328618,4.068420977887399e-08,0.1,0.0,0.0,-0.0,0.0,1
2012-07-15 15:30:00+00:00,0.0340464,0.14564065511600002,0.03540059556,0.175,0.7,4.8328618406842105,4.8328618,4.068421066705241e-08,0.0,0.0,0.5249999999999999,0.0,0.03823067196795,1
2012-07-15 16:00:00+00:00,0.03431085,0.14594312046462501,0.03567556405875,0.031,0.563,4.8328618406842105,4.8328618,4.068421066705241e-08,0.0,0.0,0.5319999999999999,0.0,0.03882087004359025,1
2012-07-15 16:30:00+00:00,0.0344523,0.14610490425574998,0.035822640232499994,0.013,0.538,4.618968951210526,4.6189689,0.21389294068421094,0.0,0.40639649,0.11860351000000002,0.0,0.008664277236472945,1
2012-07-15 17:00:00+00:00,0.03677085,0.148756751614625,0.03823341055875,0.0,1.531,3.8294952669999995,3.8294953,0.29706085121052617,0.0,1.5,0.030999999999999917,0.0,0.0023057296500266816,1
2012-07-15 17:30:00+00:00,0.04092825,0.153511788258125,0.042556171143749995,0.0,1.869,3.040021582789473,3.0400216,0.3162775669999993,0.0,1.5,0.369,0.0,0.028322924933624063,1
2012-07-15 18:00:00+00:00,0.0563094,0.1711040170235,0.058549106385,0.0,1.15,2.4347584248947363,2.4347584,0.3261831827894728,0.0,1.15,0.0,-0.0,0.0,1
2012-07-15 18:30:00+00:00,0.05283465,0.167129763024125,0.05493614820374999,0.0,0.738,2.0463373722631575,2.0463374,0.32630672489473644,0.0,0.738,0.0,-0.0,0.0,1
2012-07-15 19:00:00+00:00,0.04690605,0.16034891195262502,0.04877173813874999,0.0,0.219,1.9310742143684205,1.9310742,0.3174314722631575,0.0,0.219,0.0,-0.0,0.0,1
2012-07-15 19:30:00+00:00,0.0440217,0.15704992942924997,0.04577266311749999,0.0,0.219,1.8158110564736836,1.8158111,0.30059661436842045,0.0,0.219,0.0,-0.0,0.0,1
2012-07-15 20:00:00+00:00,0.04156785,0.154243332357125,0.04322121123375,0.0,0.194,1.7137057933157889,1.7137058,0.2795685564736836,0.0,0.194,0.0,-0.0,0.0,1
2012-07-15 20:30:00+00:00,0.0418815,0.15460207032875,0.0435473366625,0.0,0.231,1.5921268459473679,1.5921268,0.25742499331578883,0.0,0.231,0.0,-0.0,0.0,1
2012-07-15 21:00:00+00:00,0.0406146,0.1531530502865,0.042230045715,0.0,0.806,1.1679163196315783,1.1679163,0.23619054594736788,0.0,0.806,0.0,-0.0,0.0,1
2012-07-15 21:30:00+00:00,0.03806235,0.150233907968375,0.03957627997125,0.0,0.3,1.010021582789473,1.0100216,0.16791631963157827,0.0,0.3,0.0,-0.0,0.0,1
2012-07-15 22:00:00+00:00,0.0350058,0.1467379712645,0.036398155695,0.0,0.125,1.010021582789473,1.0100216,1.7210527003541642e-08,0.0,0.0,0.125,0.0,0.00917112320403125,1
2012-07-15 22:30:00+00:00,0.0370968,0.14912955774199999,0.038572325219999995,0.0,0.081,1.000000000157894,1.0,0.01002158278947296,0.0,0.019041007,0.061958993000000004,0.0,0.004619958612114837,1
2012-07-15 23:00:00+00:00,0.0357807,0.14762426507675,0.0372038773425,0.0,0.106,1.000000000157894,1.0,1.5789392016074544e-10,0.0,0.0,0.106,0.0,0.007824086049067749,1
2012-07-15 23:30:00+00:00,0.0349566,0.14668169864150002,0.036346998765,0.0,0.113,1.000000000157894,1.0,1.5789392016074544e-10,0.0,0.0,0.113,0.0,0.008287515973244751,1
2012-07-16 00:00:00+00:00,0.03432315,0.096457188620375,0.035688353291249995,0.0,0.063,1.7125000001578938,1.7125,0.712499999842106,1.5,0.0,1.563,0.0,0.07538129290682306,1
2012-07-16 00:30:00+00:00,0.03391725,0.09599293948062503,0.03526630861875,0.0,0.119,2.425000000157894,2.425,0.712499999842106,1.5,0.0,1.619,0.0,0.07770628450956596,1
2012-07-16 01:00:00+00:00,0.0343293,0.09646422269825002,0.0356947479075,0.0,0.094,3.012499997657894,3.0125,0.5874999998421062,1.2368421,0.0,1.3308421000000001,0.0,0.06418932435530336,1
2012-07-16 01:30:00+00:00,0.033948,0.09602810987000002,0.035298281699999996,0.0,0.081,3.724999997657894,3.725,0.712500002342106,1.5,0.0,1.581,0.0,0.075910220852235,1
2012-07-16 02:00:00+00:00,0.03330225,0.09528953169312501,0.034626846993749995,0.0,0.119,4.437499997657894,4.4375,0.712500002342106,1.5,0.0,1.619,0.0,0.0771368759055847,1
2012-07-16 02:30:00+00:00,0.0323613,0.09421331777825001,0.0336484707075,0.0,0.069,5.149999997657893,5.15,0.7125000023421064,1.5,0.0,1.569,0.0,0.07391034779703713,1
2012-07-16 03:00:00+00:00,0.0321276,0.09394602281900001,0.03340547529,0.0,0.1,5.862499997657894,5.8625,0.7125000023421064,1.5,0.0,1.6,0.0,0.07515681825520001,1
2012-07-16 03:30:00+00:00,0.0312912,0.09298938822800001,0.03253580748,0.0,0.2,6.574999997657894,6.575,0.7125000023421064,1.5,0.0,1.7,0.0,0.07904097999380001,1
2012-07-16 04:00:00+00:00,0.03089145,0.09253217316612501,0.03212015742375,0.0,0.081,7.2874999976578945,7.2875,0.7125000023421055,1.5,0.0,1.581,0.0,0.07314668288782182,1
2012-07-16 04:30:00+00:00,0.0330747,0.09502927081175,0.034390246192499994,0.0,0.113,7.999999997657895,8.0,0.7125000023421055,1.5,0.0,1.613,0.0,0.07664110690967638,1
2012-07-16 05:00:00+00:00,0.034071,0.3260687914275,0.035426174025,0.0,0.106,7.944210523973684,7.9442105,0.1454626976578952,0.0,0.106,0.0,-0.0,0.0,1
2012-07-16 05:30:00+00:00,0.0347721,0.32687067630525,0.0361551602775,0.0,0.069,7.9078947345,7.9078947,0.15486332397368407,0.0,0.069,0.0,-0.0,0.0,1
2012-07-16 06:00:00+00:00,0.0349935,0.32712390310875006,0.0363853664625,0.0,0.119,7.845263155552631,7.8452632,0.16728573450000006,0.0,0.119,0.0,-0.0,0.0,1
2012-07-16 06:30:00+00:00,0.03774255,0.33026813591887505,0.039243759926249996,0.0,0.1,7.792631576605263,7.7926316,0.181178055552631,0.0,0.1,0.0,-0.0,0.0,1
2012-07-16 07:00:00+00:00,0.042804,0.33605718201,0.0445065291,0.0,0.625,7.46368420818421,7.4636842,0.1937993766052628,0.0,0.625,0.0,-0.0,0.0,1
2012-07-16 07:30:00+00:00,0.04277325,0.33602201162062506,0.04447455601874999,0.0,1.2,6.832105260815789,6.8321053,0.20500700818420992,0.0,1.2,0.0,-0.0,0.0,1
2012-07-16 08:00:00+00:00,0.04704135,0.34090366166587505,0.04891241969625,0.019,1.144,6.239999997657894,6.24,0.21358616081578852,0.0,1.125,0.0,-0.0,0.0,1
2012-07-16 08:30:00+00:00,0.0483267,0.34237378394175005,0.0502488944925,0.025,0.894,5.7826315766052625,5.7826316,0.21845899765789412,0.0,0.869,0.0,-0.0,0.0,1
2012-07-16 09:00:00+00:00,0.04705365,0.34091772982162505,0.04892520892875,0.006,0.744,5.394210523973683,5.3942105,0.21880007660526246,0.0,0.738,0.0,-0.0,0.0,1
2012-07-16 09:30:00+00:00,0.0467646,0.3405871281615,0.048624661964999996,0.006,0.638,5.061578945026315,5.0615789,0.2141604239736834,0.0,0.632,0.0,-0.0,0.0,1
2012-07-16 10:00:00+00:00,0.04634025,0.34010177678812503,0.04818343344374999,0.006,0.269,4.923157892394736,4.9231579,0.20458924502631515,0.0,0.263,0.0,-0.0,0.0,1
2012-07-16 10:30:00+00:00,0.0456576,0.3393209941440001,0.04747363104,0.113,0.081,4.938357892394736,4.9383579,0.19073039239473566,0.032,0.0,0.0,-0.0,0.0,1
2012-07-16 11:00:00+00:00,0.0416601,0.15434884352525,0.04331713047749999,0.3,0.256,4.959257892394736,4.9592579,0.17386309239473619,0.044,0.0,0.0,-0.0,0.0,1
2012-07-16 11:30:00+00:00,0.04076835,0.153328902233375,0.04238991112125,0.338,0.144,5.051407892394736,5.0514079,0.15585879239473588,0.194,0.0,0.0,5.551115123125783e-17,-1.1765563834656434e-18,1
2012-07-16 12:00:00+00:00,0.03978435,0.152203449773375,0.041366772521250005,0.344,0.106,5.164457892394736,5.1644579,0.13903349239473606,0.238,0.0,0.0,-0.0,0.0,1
2012-07-16 12:30:00+00:00,0.03605745,0.147940798581125,0.037491635073749995,0.331,0.125,5.262307892394737,5.2623079,0.12589479239473622,0.206,0.0,0.0,5.551115123125783e-17,-1.040601912243033e-18,1
2012-07-16 13:00:00+00:00,0.0344892,0.14614710872300002,0.035861007929999994,0.319,0.263,5.288907892394737,5.2889079,7.605263085963543e-09,0.056,0.0,0.0,-0.0,0.0,1
2012-07-16 13:30:00+00:00,0.0347721,0.14647067630525,0.0361551602775,0.306,0.156,5.360157892394737,5.3601579,0.11962909239473696,0.15,0.0,0.0,-0.0,0.0,1
2012-07-16 14:00:00+00:00,0.0346245,0.14630185843625002,0.0360016894875,0.281,0.213,5.392457892394737,5.3924579,0.12936049239473668,0.068,0.0,0.0,-0.0,0.0,1
2012-07-16 14:30:00+00:00,0.0342555,0.14587981376375,0.035618012512500005,0.256,0.444,5.293510523973684,5.2935105,0.14791249239473725,0.0,0.188,0.0,-0.0,0.0,1
2012-07-16 15:00:00+00:00,0.034194,0.14580947298500002,0.03555406635,0.219,0.719,5.143746871342105,5.1437469,0.14976362397368437,0.0,0.28455094,0.21544906000000003,0.0,0.015707256946856825,1
2012-07-16 15:30:00+00:00,0.0340587,0.14565472327175,0.035413384792499995,0.175,0.425,5.143746871342105,5.1437469,2.8657894723949084e-08,0.0,0.0,0.25,0.0,0.01820684040896875,1
2012-07-16 16:00:00+00:00,0.034686,0.146372199215,0.03606563565,0.038,0.4,4.953220555552631,4.9532206,0.2386396713421055,0.0,0.362,5.551115123125783e-17,0.0,4.0626446433378316e-18,1
2012-07-16 16:30:00+00:00,0.0368262,0.14882005831550002,0.038290962105000007,0.019,1.544,4.163746871342105,4.1637469,0.2704908555526311,0.0,1.5,0.025000000000000133,0.0,0.00186025072894376,1
2012-07-16 17:00:00+00:00,0.0376257,0.14973448843925,0.039122262217499995,0.0,1.556,3.7769720871315786,3.7769721,0.29747987134210474,0.0,0.73487209,0.8211279100000001,0.0,0.06147558377352026,1
2012-07-16 17:30:00+00:00,0.0412665,0.15389866254125,0.042907875037499994,0.0,1.406,3.036972087131579,3.0369721,0.31686158713157875,0.0,1.406,0.0,-0.0,0.0,1
2012-07-16 18:00:00+00:00,0.0482898,0.16193157947450001,0.050210526795,0.0,1.144,2.4348668239736844,2.4348668,0.3269192871315787,0.0,1.144,0.0,-0.0,0.0,1
2012-07-16 18:30:00+00:00,0.04855425,0.162234044823125,0.050485495293749995,0.0,0.206,2.3264457713421054,2.3264458,0.32718262397368436,0.0,0.206,0.0,-0.0,0.0,1
2012-07-16 19:00:00+00:00,0.047355,0.1608623996375,0.049238545125,0.0,0.231,2.2048668239736844,2.2048668,0.3184347713421052,0.0,0.231,0.0,-0.0,0.0,1
2012-07-16 19:30:00+00:00,0.0408114,0.1533781407785,0.042434673434999994,0.0,0.269,2.0632878766052634,2.0632879,0.3017178239736844,0.0,0.269,0.0,-0.0,0.0,1
2012-07-16 20:00:00+00:00,0.0407376,0.153293731844,0.042357938039999994,0.0,0.238,1.9380247187105266,1.9380247,0.2807905766052634,0.0,0.238,0.0,-0.0,0.0,1
2012-07-16 20:30:00+00:00,0.0414387,0.15409561672175,0.043086924292499995,0.0,0.238,1.8127615608157899,1.8127616,0.25872711871052667,0.0,0.238,0.0,-0.0,0.0,1
2012-07-16 21:00:00+00:00,0.0408114,0.1533781407785,0.042434673434999994,0.0,0.2,1.707498402921053,1.7074984,0.23755226081578984,0.0,0.2,0.0,-0.0,0.0,1
2012-07-16 21:30:00+00:00,0.0380439,0.15021280573475002,0.039557096122499996,0.0,0.388,1.5032878766052635,1.5032879,0.21819530292105282,0.0,0.388,0.0,-0.0,0.0,1
2012-07-16 22:00:00+00:00,0.03562695,0.147448413129875,0.03704401193624999,0.0,0.119,1.4406562976578952,1.4406563,0.13062387660526342,0.0,0.119,0.0,-0.0,0.0,1
2012-07-16 22:30:00+00:00,0.0438864,0.156895179716,0.04563198156,0.0,0.094,1.3911826134473688,1.3911826,0.1905907976578951,0.0,0.094,0.0,-0.0,0.0,1
2012-07-16 23:00:00+00:00,0.0363465,0.14827140024125,0.0377921820375,0.0,0.1,1.3385510345000005,1.338551,0.18207311344736876,0.0,0.1,0.0,-0.0,0.0,1
2012-07-16 23:30:00+00:00,0.0352641,0.14703340253525,0.036666729577499994,0.0,0.1,1.285919455552632,1.2859195,0.17562773450000035,0.0,0.1,0.0,-0.0,0.0,1
2012-07-17 00:00:00+00:00,0.0357192,0.098053924298,0.037139931179999995,0.0,0.081,1.587500000302632,1.5875,0.3015805444473678,0.63490641,0.0,0.71590641,0.0,0.03509871646529648,1
2012-07-17 00:30:00+00:00,0.03433545,0.096471256776125,0.03570114252375,0.0,0.119,2.300000000302632,2.3,0.7124999996973678,1.5,0.0,1.619,0.0,0.07809348236027319,1
2012-07-17 01:00:00+00:00,0.03436005,0.09649939308762502,0.03572672098875,0.0,0.088,3.012500000302632,3.0125,0.7124999996973682,1.5,0.0,1.588,0.0,0.07662051811157428,1
2012-07-17 01:30:00+00:00,0.0342801,0.09640795007524999,0.03564359097749999,0.0,0.088,3.725000000302632,3.725,0.7124999996973682,1.5,0.0,1.588,0.0,0.0765479123597485,1
2012-07-17 02:00:00+00:00,0.03406485,0.09616175734962502,0.03541977940875,0.0,0.119,4.437500000302632,4.4375,0.7124999996973682,1.5,0.0,1.619,0.0,0.07784294257452146,1
2012-07-17 02:30:00+00:00,0.03343755,0.09544428140637501,0.03476752855125,0.0,0.081,5.150000000302631,5.15,0.7124999996973687,1.5,0.0,1.581,0.0,0.07544870445173944,1
2012-07-17 03:00:00+00:00,0.0328779,0.09480418031975,0.0341856184725,0.0,0.094,5.8625000003026315,5.8625,0.7124999996973687,1.5,0.0,1.594,0.0,0.07555893171484075,1
2012-07-17 03:30:00+00:00,0.03204765,0.093854579806625,0.03332234527874999,0.0,0.119,6.575000000302632,6.575,0.7124999996973687,1.5,0.0,1.619,0.0,0.07597528235346293,1
2012-07-17 04:00:00+00:00,0.0319431,0.09373500048275,0.0332136368025,0.0,0.081,7.287500000302632,7.2875,0.7124999996973678,1.5,0.0,1.581,0.0,0.07409751788161388,1
2012-07-17 04:30:00+00:00,0.0319062,0.09369279601550001,0.033175269105,0.0,0.1,8.0,8.0,0.7124999996973678,1.5,0.0,1.6,0.0,0.07495423681240002,1
2012-07-17 05:00:00+00:00,0.03293325,0.324767487020625,0.03424317001874999,0.0,0.094,7.950526315789474,7.9505263,0.14544829999999997,0.0,0.094,0.0,-0.0,0.0,1
2012-07-17 05:30:00+00:00,0.0340095,0.32599845064875,0.0353622278625,0.0,0.163,7.8647368421052635,7.8647368,0.15466091578947339,0.0,0.163,0.0,-0.0,0.0,1
2012-07-17 06:00:00+00:00,0.03223215,0.323965602142875,0.03351418376625,0.0,0.15,7.785789473684211,7.7857895,0.16688974210526375,0.0,0.15,0.0,-0.0,0.0,1
2012-07-17 06:30:00+00:00,0.03589755,0.32815791255637505,0.03732537505125,0.0,0.094,7.736315789473685,7.7363158,0.18058897368421167,0.0,0.094,0.0,-0.0,0.0,1
2012-07-17 07:00:00+00:00,0.041574,0.33465036643500007,0.043227605849999996,0.0,0.131,7.6673684210526325,7.6673684,0.19302748947368453,0.0,0.131,0.0,-0.0,0.0,1
2012-07-17 07:30:00+00:00,0.04426155,0.337724258466375,0.04602205315124999,0.0,0.244,7.538947368421054,7.5389474,0.20405942105263275,0.0,0.244,0.0,-0.0,0.0,1
2012-07-17 08:00:00+00:00,0.0523365,0.34696000271625005,0.0544181842875,0.019,1.231,6.901052631578949,6.9010526,0.21247096842105417,0.0,1.212,2.220446049250313e-16,0.0,3.8520298363958766e-17,1
2012-07-17 08:30:00+00:00,0.05092815,0.345349198882875,0.05295381716624999,0.031,0.875,6.45684210526316,6.4568421,0.21718383157894916,0.0,0.844,0.0,-0.0,0.0,1
2012-07-17 09:00:00+00:00,0.04312995,0.336429988137375,0.04484544376125,0.0,0.531,6.177368421052634,6.1773684,0.21737160526315957,0.0,0.531,0.0,-0.0,0.0,1
2012-07-17 09:30:00+00:00,0.0414387,0.33449561672175004,0.043086924292499995,0.013,1.175,5.565789473684213,5.5657895,0.21258362105263373,0.0,1.162,2.220446049250313e-16,0.0,3.713647353206784e-17,1
2012-07-17 10:00:00+00:00,0.04076835,0.33372890223337504,0.04238991112125,0.006,1.331,4.868421052631581,4.8684211,0.20286727368421342,0.0,1.325,0.0,-0.0,0.0,1
2012-07-17 10:30:00+00:00,0.04025175,0.333138039691875,0.041852763356249996,0.131,1.156,4.328947368421055,4.3289474,0.18886475263158164,0.0,1.025,0.0,-0.0,0.0,1
2012-07-17 11:00:00+00:00,0.03562695,0.147448413129875,0.03704401193624999,0.294,1.206,4.0374711368421075,4.0374711,0.17185406842105522,0.0,0.55380484,0.35819515999999996,0.0,0.026407653966400834,1
2012-07-17 11:30:00+00:00,0.03449535,0.146154142800875,0.03586740254625,0.344,0.844,4.0374711368421075,4.0374711,3.684210714283154e-08,0.0,0.0,0.5,0.0,0.03653853570021875,1
2012-07-17 12:00:00+00:00,0.0344769,0.14613304056725002,0.035848218697499996,0.35,0.619,4.0374711368421075,4.0374711,3.684210714283154e-08,0.0,0.0,0.269,0.0,0.01965489395629513,1
2012-07-17 12:30:00+00:00,0.03442155,0.146069733866375,0.035790667151250004,0.344,0.156,4.126771136842107,4.1267711,3.684210714283154e-08,0.188,0.0,0.0,-0.0,0.0,1
2012-07-17 13:00:00+00:00,0.0336651,0.14520454228775,0.035004129352499996,0.325,0.15,4.209896136842107,4.2098961,3.684210714283154e-08,0.175,0.0,0.0,5.551115123125783e-17,-9.715597591025692e-19,1
2012-07-17 13:30:00+00:00,0.03364665,0.14518344005412498,0.034984945503749997,0.319,0.138,4.295871136842107,4.2958711,3.684210714283154e-08,0.181,0.0,0.0,-0.0,0.0,1
2012-07-17 14:00:00+00:00,0.03343755,0.144944281406375,0.03476752855125,0.288,0.1,4.385171136842107,4.3851711,3.684210714283154e-08,0.188,0.0,5.551115123125783e-17,0.0,4.023011962627637e-18,1
2012-07-17 14:30:00+00:00,0.0330501,0.14450113450025,0.0343646677275,0.263,0.256,4.388496136842107,4.3884961,3.684210714283154e-08,0.007,0.0,0.0,-0.0,0.0,1
2012-07-17 15:00:00+00:00,0.03287175,0.144297146241875,0.034179223856249996,0.219,0.263,4.388496136842107,4.3884961,3.684210714283154e-08,0.0,0.0,0.04400000000000001,0.0,0.003174537217321251,1
2012-07-17 15:30:00+00:00,0.0331485,0.14461367974624997,0.034466981587499994,0.175,0.219,4.388496136842107,4.3884961,3.684210714283154e-08,0.0,0.0,0.04400000000000001,0.0,0.0031815009544175,1
2012-07-17 16:00:00+00:00,0.03376965,0.145324121611625,0.03511283782875,0.05,0.1,4.388496136842107,4.3884961,3.684210714283154e-08,0.0,0.0,0.05,0.0,0.0036331030402906254,1
2012-07-17 16:30:00+00:00,0.0342678,0.1458938819195,0.035630801744999996,0.019,0.219,4.388496136842107,4.3884961,3.684210714283154e-08,0.0,0.0,0.2,0.0,0.014589388191950001,1
2012-07-17 17:00:00+00:00,0.03568845,0.14751875390862498,0.03710795809874999,0.0,0.381,4.187969821052634,4.1879698,0.29395123684210755,0.0,0.381,0.0,-0.0,0.0,1
2012-07-17 17:30:00+00:00,0.0417093,0.15440511614825,0.04336828740749999,0.0,1.069,3.6253382421052653,3.6253382,0.3132862210526337,0.0,1.069,0.0,-0.0,0.0,1
2012-07-17 18:00:00+00:00,0.0576747,0.17266558231174997,0.059968711192499996,0.0,0.844,3.1811277157894757,3.1811277,0.32332254210526523,0.0,0.844,0.0,-0.0,0.0,1
2012-07-17 18:30:00+00:00,0.0560142,0.1707663812855,0.058242164804999996,0.0,0.275,3.0363908736842125,3.0363909,0.3235914157894757,0.0,0.275,0.0,-0.0,0.0,1
2012-07-17 19:00:00+00:00,0.04940295,0.16320474756987502,0.051367952336249995,0.0,0.4,2.8258645578947386,2.8258646,0.3148763736842124,0.0,0.4,0.0,-0.0,0.0,1
2012-07-17 19:30:00+00:00,0.0443907,0.15747197410174998,0.04615634009249999,0.0,0.219,2.7106014000000016,2.7106014,0.29822225789473844,0.0,0.219,0.0,-0.0,0.0,1
2012-07-17 20:00:00+00:00,0.0453747,0.15859742656175,0.04717947869249999,0.0,0.256,2.5758645578947386,2.5758646,0.2773803000000017,0.0,0.256,0.0,-0.0,0.0,1
2012-07-17 20:30:00+00:00,0.04322835,0.156142533383375,0.044947757621249994,0.0,0.238,2.450601400000002,2.4506014,0.2554212578947386,0.0,0.238,0.0,-0.0,0.0,1
2012-07-17 21:00:00+00:00,0.04156785,0.154243332357125,0.04322121123375,0.0,0.2,2.345338242105265,2.3453382,0.23436960000000173,0.0,0.2,0.0,-0.0,0.0,1
2012-07-17 21:30:00+00:00,0.03694305,0.148953705795125,0.038412459813749994,0.0,0.225,2.2269171894736863,2.2269172,0.21515744210526488,0.0,0.225,0.0,-0.0,0.0,1
2012-07-17 22:00:00+00:00,0.03463065,0.146308892514125,0.03600808410375,0.0,0.5,1.9637592947368443,1.9637593,0.19958728947368654,0.0,0.5,0.0,-0.0,0.0,1
2012-07-17 22:30:00+00:00,0.03715215,0.149192864442875,0.03862987676625,0.0,0.388,1.759548768421055,1.7595488,0.18789249473684433,0.0,0.388,0.0,-0.0,0.0,1
2012-07-17 23:00:00+00:00,0.0346614,0.14634406290350002,0.036040057185,0.0,0.288,1.6079698210526339,1.6079698,0.1795688684210548,0.0,0.288,0.0,-0.0,0.0,1
2012-07-17 23:30:00+00:00,0.03543015,0.14722332263787502,0.03683938421625,0.0,0.119,1.5453382421052655,1.5453382,0.17333552105263395,0.0,0.119,0.0,-0.0,0.0,1
2012-07-18 00:00:00+00:00,0.03347445,0.09548648587362503,0.03480589624875,0.0,0.106,2.257838242105265,2.2578382,0.7124999578947346,1.5,0.0,1.606,0.0,0.0766756481565209,1
2012-07-18 00:30:00+00:00,0.0337143,0.09576081491075002,0.0350552862825,0.0,0.081,2.970338242105265,2.9703382,0.7124999578947349,1.5,0.0,1.581,0.0,0.07569892418694789,1
2012-07-18 01:00:00+00:00,0.03404025,0.096133621038125,0.035394200943749995,0.0,0.106,3.012500000205265,3.0125,0.042161757894735086,0.088761596,0.0,0.19476159599999998,0.0,0.009361568731322201,1
2012-07-18 01:30:00+00:00,0.0332469,0.09522622499225,0.0345692954475,0.0,0.119,3.725000000205265,3.725,0.7124999997947352,1.5,0.0,1.619,0.0,0.07708562913122638,1
2012-07-18 02:00:00+00:00,0.0324351,0.09429772671275001,0.0337252061025,0.0,0.075,4.437500000205265,4.4375,0.7124999997947352,1.5,0.0,1.575,0.0,0.07425945978629063,1
2012-07-18 02:30:00+00:00,0.03215835,0.09398119320837502,0.03343744837125,0.0,0.1,5.1500000002052655,5.15,0.7124999997947352,1.5,0.0,1.6,0.0,0.07518495456670002,1
2012-07-18 03:00:00+00:00,0.0310944,0.09276429773600002,0.03233117976,0.0,0.125,5.862500000205266,5.8625,0.7124999997947343,1.5,0.0,1.625,0.0,0.07537099191050002,1
2012-07-18 03:30:00+00:00,0.0311559,0.09283463851475002,0.0323951259225,0.0,0.1,6.575000000205266,6.575,0.7124999997947343,1.5,0.0,1.6,0.0,0.07426771081180002,1
2012-07-18 04:00:00+00:00,0.0305901,0.09218750335025,0.0318068212275,0.0,0.081,7.287500000205267,7.2875,0.7124999997947334,1.5,0.0,1.581,0.0,0.07287422139837263,1
2012-07-18 04:30:00+00:00,0.03075,0.092370389375,0.03197308124999999,0.0,0.119,8.0,8.0,0.7124999997947334,1.5,0.0,1.619,0.0,0.0747738301990625,1
2012-07-18 05:00:00+00:00,0.0313896,0.323001933474,0.03263812133999999,0.0,0.113,7.940526315789474,7.9405263,0.14644559999999984,0.0,0.113,0.0,-0.0,0.0,1
2012-07-18 05:30:00+00:00,0.03364665,0.325583440054125,0.034984945503749997,0.0,0.144,7.8647368421052635,7.8647368,0.1560184157894735,0.0,0.144,0.0,-0.0,0.0,1
2012-07-18 06:00:00+00:00,0.03060855,0.32210860558387505,0.031826005076250004,0.0,0.125,7.798947368421053,7.7989474,0.1686126421052636,0.0,0.125,0.0,-0.0,0.0,1
2012-07-18 06:30:00+00:00,0.0343539,0.32639235900975005,0.03572032637249999,0.0,0.163,7.713157894736843,7.7131579,0.1826858684210526,0.0,0.163,0.0,-0.0,0.0,1
2012-07-18 07:00:00+00:00,0.0379947,0.33055653311175004,0.03950593919249999,0.0,0.206,7.604736842105264,7.6047368,0.19551459473684307,0.0,0.206,0.0,-0.0,0.0,1
2012-07-18 07:30:00+00:00,0.0374289,0.32990939794725005,0.0389176344975,0.0,0.119,7.542105263157895,7.5421053,0.2069470421052637,0.0,0.119,0.0,-0.0,0.0,1
2012-07-18 08:00:00+00:00,0.04058385,0.333517879897125,0.04219807263374999,0.013,1.05,6.996315789473685,6.9963158,0.21576746315789475,0.0,1.037,2.220446049250313e-16,0.0,3.702792293859558e-17,1
2012-07-18 08:30:00+00:00,0.04054695,0.333475675429875,0.04215970493624999,0.025,0.85,6.562105263157895,6.5621053,0.2208948894736844,0.0,0.825,0.0,-0.0,0.0,1
2012-07-18 09:00:00+00:00,0.0392001,0.33193521237525003,0.0407592839775,0.056,1.219,5.95,5.95,0.22149906315789547,0.0,1.163,0.0,-0.0,0.0,1
2012-07-18 09:30:00+00:00,0.0391755,0.33190707606375003,0.0407337055125,0.081,1.244,5.337894736842105,5.3378947,0.21712500000000023,0.0,1.163,0.0,-0.0,0.0,1
2012-07-18 10:00:00+00:00,0.03686925,0.329269296860625,0.038335724418749995,0.044,0.788,4.946315789473684,4.9463158,0.2078159368421053,0.0,0.744,0.0,-0.0,0.0,1
2012-07-18 10:30:00+00:00,0.034563,0.32663151765750004,0.035937743325,0.138,0.581,4.713157894736842,4.7131579,0.19420948947368366,0.0,0.443,0.0,5.551115123125783e-17,-9.974727523121008e-19,1
2012-07-18 11:00:00+00:00,0.0347598,0.14645660814949998,0.036142371044999996,0.313,0.131,4.799607894736842,4.7996079,5.263157909496385e-09,0.182,0.0,0.0,-0.0,0.0,1
2012-07-18 11:30:00+00:00,0.03437235,0.146013461243375,0.03573951022125,0.356,0.194,4.876557894736842,4.8765579,0.023976594736842216,0.162,0.0,0.0,-0.0,0.0,1
2012-07-18 12:00:00+00:00,0.03381885,0.145380394234625,0.03516399475874999,0.35,0.288,4.906007894736842,4.9060079,5.263157909496385e-09,0.062,0.0,0.0,-0.0,0.0,1
2012-07-18 12:30:00+00:00,0.03284715,0.144269009930375,0.03415364539125,0.35,0.088,5.030457894736842,5.0304579,5.263157909496385e-09,0.262,0.0,0.0,-0.0,0.0,1
2012-07-18 13:00:00+00:00,0.03164175,0.142890330666875,0.03290030060625,0.325,0.119,5.128307894736842,5.1283079,5.263157909496385e-09,0.206,0.0,0.0,5.551115123125783e-17,-9.131667812536937e-19,1
2012-07-18 13:30:00+00:00,0.0330132,0.144458930033,0.03432630003,0.313,0.119,5.2204578947368425,5.2204579,0.12420609473684241,0.194,0.0,0.0,-0.0,0.0,1
2012-07-18 14:00:00+00:00,0.0318078,0.14308025076949998,0.033072955244999994,0.281,0.081,5.315457894736842,5.3154579,5.263157909496385e-09,0.2,0.0,0.0,-0.0,0.0,1
2012-07-18 14:30:00+00:00,0.03156795,0.142805921732375,0.032823565211249996,0.25,0.119,5.377682894736842,5.3776829,5.263157909496385e-09,0.131,0.0,0.0,-0.0,0.0,1
2012-07-18 15:00:00+00:00,0.0314757,0.14270041056425,0.0327276459675,0.213,0.144,5.410457894736842,5.4104579,5.263157909496385e-09,0.069,0.0,0.0,-0.0,0.0,1
2012-07-18 15:30:00+00:00,0.03220755,0.143537465831375,0.033488605301249995,0.169,0.381,5.298878947368421,5.2988789,0.18338129473684184,0.0,0.212,0.0,-0.0,0.0,1
2012-07-18 16:00:00+00:00,0.0330009,0.14444486187724997,0.034313510797499995,0.056,0.475,5.078352631578948,5.0783526,0.2435230473684209,0.0,0.419,0.0,-0.0,0.0,1
2012-07-18 16:30:00+00:00,0.03485205,0.146562119317625,0.036238290288749996,0.025,0.4,4.880984210526316,4.8809842,0.27540003157894777,0.0,0.375,0.0,-0.0,0.0,1
2012-07-18 17:00:00+00:00,0.03492585,0.14664652825212499,0.036315025683749995,0.0,1.188,4.255721052631579,4.2557211,0.302414810526316,0.0,1.188,0.0,-0.0,0.0,1
2012-07-18 17:30:00+00:00,0.0414879,0.15415188934475,0.04313808122249999,0.0,1.331,3.5551947368421057,3.5551947,0.3218270526315794,0.0,1.331,0.0,-0.0,0.0,1
2012-07-18 18:00:00+00:00,0.04959975,0.163429838061875,0.05157258005625,0.0,1.044,3.0057210526315794,3.0057211,0.3319234368421058,0.0,1.044,0.0,-0.0,0.0,1
2012-07-18 18:30:00+00:00,0.05277315,0.167059422245375,0.05487220204124999,0.0,0.25,2.874142105263158,2.8741421,0.33223535263157933,0.0,0.25,0.0,-0.0,0.0,1
2012-07-18 19:00:00+00:00,0.04889865,0.162627953184125,0.050843593803750003,0.0,0.219,2.758878947368421,2.7588789,0.3235457052631583,0.0,0.219,0.0,-0.0,0.0,1
2012-07-18 19:30:00+00:00,0.0419922,0.1547286837305,0.043662439755,0.0,0.219,2.6436157894736843,2.6436158,0.3069014473684213,0.0,0.219,0.0,-0.0,0.0,1
2012-07-18 20:00:00+00:00,0.03984585,0.152273790552125,0.04143071868375,0.0,0.25,2.512036842105263,2.5120368,0.2860457894736843,0.0,0.25,0.0,-0.0,0.0,1
2012-07-18 20:30:00+00:00,0.039729,0.15214014307249998,0.041309220975,0.0,0.231,2.390457894736842,2.3904579,0.2640452421052628,0.0,0.231,0.0,-0.0,0.0,1
2012-07-18 21:00:00+00:00,0.03919395,0.151528178297375,0.040752889361249996,0.0,0.175,2.2983526315789473,2.2983526,0.24292419473684213,0.0,0.175,0.0,-0.0,0.0,1
2012-07-18 21:30:00+00:00,0.0363342,0.1482573320855,0.03777939280499999,0.0,0.6,1.9825631578947367,1.9825632,0.22361713157894725,0.0,0.6,0.0,-0.0,0.0,1
2012-07-18 22:00:00+00:00,0.03428625,0.145914984153125,0.035649985593749996,0.0,0.375,1.785194736842105,1.7851947,0.20792215789473678,0.0,0.375,0.0,-0.0,0.0,1
2012-07-18 22:30:00+00:00,0.0449073,0.15806283664325002,0.0466934878575,0.0,0.375,1.5878263157894734,1.5878263,0.1960719368421051,0.0,0.375,0.0,-0.0,0.0,1
2012-07-18 23:00:00+00:00,0.03631575,0.148236229851875,0.03776020895625,0.0,0.1,1.535194736842105,1.5351947,0.18756281578947331,0.0,0.1,0.0,-0.0,0.0,1
2012-07-18 23:30:00+00:00,0.03770565,0.149825931451625,0.03920539222875,0.0,0.119,1.4725631578947367,1.4725632,0.18111633684210515,0.0,0.119,0.0,-0.0,0.0,1
2012-07-19 00:00:00+00:00,0.03556545,0.09787807235112501,0.03698006577375,0.0,0.1,1.5875000003947366,1.5875,0.11493684210526323,0.2419723,0.0,0.3419723,0.0,0.016735794760740316,1
2012-07-19 00:30:00+00:00,0.0338127,0.09587336015675002,0.0351576001425,0.0,0.081,2.3000000003947365,2.3,0.7124999996052632,1.5,0.0,1.581,0.0,0.07578789120391088,1
2012-07-19 01:00:00+00:00,0.0328164,0.09473383954100002,0.03412167231,0.0,0.113,3.0125000003947364,3.0125,0.7124999996052637,1.5,0.0,1.613,0.0,0.07640284158981651,1
2012-07-19 01:30:00+00:00,0.0342186,0.09633760929650001,0.035579644815000006,0.0,0.119,3.7250000003947363,3.725,0.7124999996052637,1.5,0.0,1.619,0.0,0.07798529472551675,1
2012-07-19 02:00:00+00:00,0.0335421,0.09556386073025,0.03487623702749999,0.0,0.063,4.437500000394737,4.4375,0.7124999996052637,1.5,0.0,1.563,0.0,0.07468315716069038,1
2012-07-19 02:30:00+00:00,0.03338835,0.09538800878337499,0.03471637162124999,0.0,0.113,5.150000000394737,5.15,0.7124999996052637,1.5,0.0,1.613,0.0,0.07693042908379193,1
2012-07-19 03:00:00+00:00,0.032103,0.0939178865075,0.033379896825,0.0,0.119,5.862500000394737,5.8625,0.7124999996052628,1.5,0.0,1.619,0.0,0.07602652912782125,1
2012-07-19 03:30:00+00:00,0.03182625,0.093601353003125,0.03309213909375,0.0,0.069,6.575000000394738,6.575,0.7124999996052628,1.5,0.0,1.569,0.0,0.07343026143095156,1
2012-07-19 04:00:00+00:00,0.0319185,0.09370686417125001,0.0331880583375,0.0,0.106,7.287500000394738,7.2875,0.7124999996052619,1.5,0.0,1.606,0.0,0.07524661192951376,1
2012-07-19 04:30:00+00:00,0.03321615,0.09519105460287501,0.03453732236625,0.0,0.113,8.0,8.0,0.7124999996052619,1.5,0.0,1.613,0.0,0.07677158553721869,1
2012-07-19 05:00:00+00:00,0.0334068,0.32530911101700005,0.03473555546999999,0.0,0.069,7.963684210526316,7.9636842,0.15015520000000038,0.0,0.069,0.0,-0.0,0.0,1
2012-07-19 05:30:00+00:00,0.0367647,0.32914971753675004,0.0382270159425,0.0,0.1,7.911052631578948,7.9110526,0.15921941052631627,0.0,0.1,0.0,-0.0,0.0,1
2012-07-19 06:00:00+00:00,0.0343908,0.326434563477,0.03575869406999999,0.0,0.181,7.8157894736842115,7.8157895,0.17128663157894763,0.0,0.181,0.0,-0.0,0.0,1
2012-07-19 06:30:00+00:00,0.0408852,0.333862549713,0.04251140882999999,0.0,0.138,7.743157894736843,7.7431579,0.18482047368421117,0.0,0.138,0.0,-0.0,0.0,1
2012-07-19 07:00:00+00:00,0.04289625,0.336162693178125,0.04460244834374999,0.0,0.094,7.693684210526317,7.6936842,0.1971076947368431,0.0,0.094,0.0,-0.0,0.0,1
2012-07-19 07:30:00+00:00,0.04001805,0.332870744732625,0.04160976793874999,0.0,0.25,7.562105263157895,7.5621053,0.20799331052631675,0.0,0.25,0.0,-0.0,0.0,1
2012-07-19 08:00:00+00:00,0.0460635,0.33978524328375,0.047895675712499995,0.019,0.556,7.279473684210527,7.2794737,0.2162627631578955,0.0,0.537,0.0,-0.0,0.0,1
2012-07-19 08:30:00+00:00,0.0430254,0.33631040881350005,0.044736735284999996,0.019,0.706,6.917894736842106,6.9178947,0.22083528421052634,0.0,0.687,0.0,1.1102230246251565e-16,-2.483387677998383e-18,1
2012-07-19 09:00:00+00:00,0.0413157,0.33435493516425,0.0429590319675,0.031,0.8,6.5131578947368425,6.5131579,0.2208797368421056,0.0,0.769,0.0,-0.0,0.0,1
2012-07-19 09:30:00+00:00,0.04081755,0.33378517485637504,0.04244106805125,0.056,1.731,5.723684210526316,5.7236842,0.21594039473684212,0.0,1.5,0.17500000000000004,0.0,0.029206202799932825,1
2012-07-19 10:00:00+00:00,0.0396921,0.33249793860525007,0.0412708532775,0.069,1.381,5.033157894736842,5.0331579,0.2060589105263162,0.0,1.312,0.0,-0.0,0.0,1
2012-07-19 10:30:00+00:00,0.0357684,0.32801019692100003,0.03719108811,0.138,1.056,4.55,4.55,0.19187189473684185,0.0,0.918,0.0,-0.0,0.0,1
2012-07-19 11:00:00+00:00,0.0346737,0.14635813105925,0.0360528464175,0.15,0.844,4.3096838,4.3096838,0.17465300000000017,0.0,0.45660078,0.23739921999999997,0.0,0.01737265307706186,1
2012-07-19 11:30:00+00:00,0.03440925,0.146055665710625,0.03577787791875,0.094,0.85,4.3096838,4.3096838,0.0,0.0,0.0,0.756,0.0,0.05520904163861625,1
2012-07-19 12:00:00+00:00,0.03410175,0.14570396181687498,0.03545814710625,0.15,0.594,4.3096838,4.3096838,0.0,0.0,0.0,0.44399999999999995,0.0,0.03234627952334624,1
2012-07-19 12:30:00+00:00,0.03368355,0.145225644521375,0.03502331320125,0.075,0.725,4.3096838,4.3096838,0.0,0.0,0.0,0.65,0.0,0.04719833446944688,1
2012-07-19 13:00:00+00:00,0.0344031,0.14604863163275,0.0357714833025,0.056,0.15,4.3096838,4.3096838,0.0,0.0,0.0,0.094,0.0,0.00686428568673925,1
2012-07-19 13:30:00+00:00,0.03445845,0.146111938333625,0.035829034848750003,0.125,0.1,4.3215588,4.3215588,0.0,0.025,0.0,0.0,-0.0,0.0,1
2012-07-19 14:00:00+00:00,0.03415095,0.145760234439875,0.035509304036249995,0.163,0.119,4.3424588,4.3424588,0.0,0.044,0.0,0.0,2.7755575615628914e-17,-4.927905866182469e-19,1
2012-07-19 14:30:00+00:00,0.03388035,0.145450735013375,0.03522794092124999,0.225,0.119,4.3928088,4.3928088,0.0,0.106,0.0,0.0,2.7755575615628914e-17,-4.888858890113311e-19,1
2012-07-19 15:00:00+00:00,0.0334314,0.1449372473285,0.034761133934999994,0.213,0.775,4.3928088,4.3928088,0.0,0.0,0.0,0.562,0.0,0.040727366499308505,1
2012-07-19 15:30:00+00:00,0.0339357,0.14551404171425,0.0352854924675,0.156,0.756,4.3928088,4.3928088,0.0,0.0,0.0,0.6,0.0,0.043654212514275,1
2012-07-19 16:00:00+00:00,0.0343293,0.14596422269825002,0.0356947479075,0.088,0.775,4.3096838,4.3096838,0.0831249999999999,0.0,0.1579375,0.5290625,0.0,0.03861209828564645,1
2012-07-19 16:30:00+00:00,0.03479055,0.146491778538875,0.03617434412625,0.019,1.188,4.043915578947368,4.0439156,0.2657682000000001,0.0,0.50495962,0.66404038,0.0,0.0486382281439152,1
2012-07-19 17:00:00+00:00,0.03363435,0.145169371898375,0.03497215627125,0.0,1.319,4.043915578947368,4.0439156,2.105263163798554e-08,0.0,0.0,1.319,0.0,0.09573920076697831,1
2012-07-19 17:30:00+00:00,0.0381669,0.15035348729225,0.03968498844749999,0.0,1.338,3.339705052631579,3.3397051,0.3111170789473685,0.0,1.338,0.0,-0.0,0.0,1
2012-07-19 18:00:00+00:00,0.0493845,0.16318364533625,0.05134876848749999,0.0,0.256,3.204968210526316,3.2049682,0.3207192526315792,0.0,0.256,0.0,-0.0,0.0,1
2012-07-19 18:30:00+00:00,0.04718895,0.160672479534875,0.04906589048624999,0.0,0.206,3.096547157894737,3.0965472,0.320570710526316,0.0,0.206,0.0,-0.0,0.0,1
2012-07-19 19:00:00+00:00,0.04605735,0.159378209205875,0.04788928109624999,0.0,0.188,2.9975997894736843,2.9975998,0.3114560578947372,0.0,0.188,0.0,-0.0,0.0,1
2012-07-19 19:30:00+00:00,0.0390525,0.15136639450625,0.04060581318749999,0.0,0.131,2.928652421052632,2.9286524,0.2944264894736843,0.0,0.131,0.0,-0.0,0.0,1
2012-07-19 20:00:00+00:00,0.0391509,0.15147893975225,0.0407081270475,0.0,0.131,2.8597050526315795,2.8597051,0.27321922105263186,0.0,0.131,0.0,-0.0,0.0,1
2012-07-19 20:30:00+00:00,0.0434436,0.156388726109,0.04517156919,0.0,0.15,2.780757684210527,2.7807577,0.25089835263157934,0.0,0.15,0.0,-0.0,0.0,1
2012-07-19 21:00:00+00:00,0.0420783,0.15482716082075,0.0437519643825,0.0,0.131,2.7118103157894744,2.7118103,0.22948968421052696,0.0,0.131,0.0,-0.0,0.0,1
2012-07-19 21:30:00+00:00,0.0376134,0.1497204202835,0.039109472985,0.0,0.131,2.642862947368422,2.6428629,0.2099316157894746,0.0,0.131,0.0,-0.0,0.0,1
2012-07-19 22:00:00+00:00,0.03324075,0.14471919091437502,0.03456290083124999,0.0,0.8,2.2218103157894746,2.2218103,0.19401914736842185,0.0,0.8,0.0,-0.0,0.0,1
2012-07-19 22:30:00+00:00,0.03814845,0.150332385058625,0.03966580459875,0.0,0.706,1.8502313684210536,1.8502314,0.18198551578947475,0.0,0.706,0.0,-0.0,0.0,1
2012-07-19 23:00:00+00:00,0.0348459,0.14655508523975,0.0362318956725,0.0,0.675,1.4949682105263167,1.4949682,0.1733285684210537,0.0,0.675,0.0,-0.0,0.0,1
2012-07-19 23:30:00+00:00,0.03560235,0.147420276818375,0.037018433471249994,0.0,0.113,1.4354945263157903,1.4354945,0.1667729105263167,0.0,0.113,0.0,-0.0,0.0,1
2012-07-20 00:00:00+00:00,0.0339357,0.09601404171425001,0.0352854924675,0.0,0.094,2.1479945263157902,2.1479945,0.7124999736842095,1.5,0.0,1.594,0.0,0.07652319124625727,1
2012-07-20 00:30:00+00:00,0.03405255,0.09614768919387501,0.03540699017625,0.0,0.094,2.86049452631579,2.8604945,0.7124999736842099,1.5,0.0,1.594,0.0,0.07662970828751839,1
2012-07-20 01:00:00+00:00,0.03422475,0.096344643374375,0.035586039431249994,0.0,0.081,3.01249999831579,3.0125,0.15200547368421002,0.32001152,0.0,0.40101152,0.0,0.019317655941708024,1
2012-07-20 01:30:00+00:00,0.034194,0.09630947298500002,0.03555406635,0.0,0.1,3.72499999831579,3.725,0.71250000168421,1.5,0.0,1.6,0.0,0.07704757838800003,1
2012-07-20 02:00:00+00:00,0.03325305,0.09523325907012499,0.03457569006375,0.0,0.094,4.43749999831579,4.4375,0.71250000168421,1.5,0.0,1.594,0.0,0.07590090747888963,1
2012-07-20 02:30:00+00:00,0.0319431,0.09373500048275,0.0332136368025,0.0,0.069,5.14999999831579,5.15,0.7125000016842105,1.5,0.0,1.569,0.0,0.07353510787871738,1
2012-07-20 03:00:00+00:00,0.03204765,0.093854579806625,0.03332234527874999,0.0,0.119,5.862499998315791,5.8625,0.7125000016842096,1.5,0.0,1.619,0.0,0.07597528235346293,1
2012-07-20 03:30:00+00:00,0.0312543,0.09294718376075,0.0324974397825,0.0,0.113,6.574999998315791,6.575,0.7125000016842096,1.5,0.0,1.613,0.0,0.07496190370304487,1
2012-07-20 04:00:00+00:00,0.03138345,0.093094899396125,0.03263172672375,0.0,0.063,7.287499998315791,7.2875,0.7125000016842087,1.5,0.0,1.563,0.0,0.07275366387807168,1
2012-07-20 04:30:00+00:00,0.0323367,0.09418518146675,0.0336228922425,0.0,0.106,7.999999998315792,8.0,0.7125000016842087,1.5,0.0,1.606,0.0,0.07563070071780026,1
2012-07-20 05:00:00+00:00,0.03283485,0.32465494177462506,0.034140856158749996,0.0,0.081,7.957368419368423,7.9573684,0.13728589831579185,0.0,0.081,0.0,-0.0,0.0,1
2012-07-20 05:30:00+00:00,0.03225675,0.323993738454375,0.03353976223125,0.0,0.075,7.917894735157897,7.9178947,0.14672961936842288,0.0,0.075,0.0,-0.0,0.0,1
2012-07-20 06:00:00+00:00,0.0346983,0.32678626737075006,0.0360784248825,0.0,0.113,7.858421050947371,7.8584211,0.1592163351578968,0.0,0.113,0.0,-0.0,0.0,1
2012-07-20 06:30:00+00:00,0.0381423,0.33072535098075007,0.03965940998249999,0.0,0.344,7.677368419368423,7.6773684,0.17321345094737062,0.0,0.344,0.0,-0.0,0.0,1
2012-07-20 07:00:00+00:00,0.04455675,0.33806189420437505,0.046328994731249996,0.0,0.681,7.318947366736844,7.3189474,0.18601581936842315,0.0,0.681,0.0,-0.0,0.0,1
2012-07-20 07:30:00+00:00,0.0421029,0.33525529713225005,0.043777542847499996,0.0,1.063,6.759473682526318,6.7594737,0.1974632667368441,0.0,1.063,0.0,-0.0,0.0,1
2012-07-20 08:00:00+00:00,0.0507375,0.34513114246875,0.05275558406249999,0.025,0.863,6.318421050947371,6.3184211,0.20633968252631796,0.0,0.838,0.0,-0.0,0.0,1
2012-07-20 08:30:00+00:00,0.04978425,0.3440408603981251,0.05176441854375,0.019,0.113,6.268947366736844,6.2689474,0.21156175094737062,0.0,0.094,0.0,-0.0,0.0,1
2012-07-20 09:00:00+00:00,0.0410697,0.33407357204925,0.0427032473175,0.013,0.131,6.20684210357895,6.2068421,0.21229496673684434,0.0,0.118,1.3877787807814457e-17,0.0,2.318101072549053e-18,1
2012-07-20 09:30:00+00:00,0.0396429,0.33244166598225006,0.041219696347499994,0.013,0.15,6.134736840421055,6.1347368,0.20807920357894982,0.0,0.137,0.0,2.7755575615628914e-17,-5.720381994131495e-19,1
2012-07-20 10:00:00+00:00,0.03971055,0.33251904083887507,0.04129003712625,0.019,0.131,6.075789472000002,6.0757895,0.1989520404210543,0.0,0.112,0.0,-0.0,0.0,1
2012-07-20 10:30:00+00:00,0.03832065,0.330929339239125,0.039844853853749994,0.181,0.075,6.126139472000002,6.1261395,0.18554567200000172,0.106,0.0,0.0,-0.0,0.0,1
2012-07-20 11:00:00+00:00,0.03707835,0.149108455508375,0.03855314137125,0.331,0.113,6.229689472000002,6.2296895,0.16912967200000217,0.218,0.0,0.0,-0.0,0.0,1
2012-07-20 11:30:00+00:00,0.0348582,0.1465691533955,0.036244684905,0.338,0.638,6.071794735157897,6.0717947,0.15156757200000204,0.0,0.3,0.0,-0.0,0.0,1
2012-07-20 12:00:00+00:00,0.03449535,0.146154142800875,0.03586740254625,0.344,0.756,5.854952629894739,5.8549526,0.13516973515789665,0.0,0.412,5.551115123125783e-17,0.0,4.056592362047112e-18,1
2012-07-20 12:30:00+00:00,0.03444615,0.146097870177875,0.03581624561625,0.331,0.738,5.640742103578949,5.6407421,0.12244032989473919,0.0,0.407,0.0,-0.0,0.0,1
2012-07-20 13:00:00+00:00,0.03376965,0.145324121611625,0.03511283782875,0.331,0.906,5.627002456736844,5.6270025,0.013739603578949655,0.0,0.026105329,0.548894671,0.0,0.039883817960188445,1
2012-07-20 13:30:00+00:00,0.03413865,0.145746166284125,0.03549651480375,0.3,0.725,5.403318246210528,5.4033182,0.11693365673684397,0.0,0.425,0.0,-0.0,0.0,1
2012-07-20 14:00:00+00:00,0.03326535,0.144747327225875,0.034588479296249995,0.294,0.75,5.403318246210528,5.4033182,4.621052784870017e-08,0.0,0.0,0.456,0.0,0.0330023906074995,1
2012-07-20 14:30:00+00:00,0.0337758,0.1453311556895,0.035119232445,0.263,0.719,5.364161932000002,5.3641619,0.03915634621052799,0.0,0.074396997,0.38160300299999994,0.0,0.027729402720286865,1
2012-07-20 15:00:00+00:00,0.0338373,0.14540149646824999,0.0351831786075,0.225,0.775,5.191824468842107,5.1918245,0.17233743200000173,0.0,0.32744118,0.22255882000000005,0.0,0.016180192740103946,1
2012-07-20 15:30:00+00:00,0.03375735,0.145310053455875,0.03510004859625,0.181,1.238,5.191824468842107,5.1918245,3.115789315444317e-08,0.0,0.0,1.057,0.0,0.07679636325142994,1
2012-07-20 16:00:00+00:00,0.0343416,0.14597829085400002,0.035707537139999995,0.1,1.163,4.954191142526318,4.9541911,0.23763336884210684,0.0,0.45150332,0.6114966799999999,0.0,0.044632620104647684,1
2012-07-20 16:30:00+00:00,0.0360144,0.14789156003599999,0.03744687275999999,0.025,1.45,4.684347089894739,4.6843471,0.26984404252631755,0.0,0.5127037,0.9122963000000001,0.0,0.06746046151103534,1
2012-07-20 17:00:00+00:00,0.0369615,0.14897480802875,0.038431643662499994,0.0,1.394,4.387123663578949,4.3871237,0.2972233898947385,0.0,0.56472451,0.8292754899999999,0.0,0.06177057846284878,1
2012-07-20 17:30:00+00:00,0.0392739,0.15161962130974999,0.0408360193725,0.0,0.456,4.147123663578949,4.1471237,0.3170358635789494,0.0,0.456,0.0,-0.0,0.0,1
2012-07-20 18:00:00+00:00,0.04533165,0.158548188016625,0.047134716378750004,0.0,0.219,4.031860505684212,4.0318605,0.3275711635789489,0.0,0.219,0.0,-0.0,0.0,1
2012-07-20 18:30:00+00:00,0.0476994,0.16125630799850002,0.049596643635,0.0,0.25,3.9002815583157906,3.9002816,0.3283624056842118,0.0,0.25,0.0,-0.0,0.0,1
2012-07-20 19:00:00+00:00,0.0468384,0.160271537096,0.048701397359999996,0.0,0.225,3.781860505684212,3.7818605,0.3201915583157904,0.0,0.225,0.0,-0.0,0.0,1
2012-07-20 19:30:00+00:00,0.0394215,0.15178843917874998,0.040989490162499996,0.0,0.206,3.673439453052633,3.6734395,0.3041103056842118,0.0,0.206,0.0,-0.0,0.0,1
2012-07-20 20:00:00+00:00,0.0399996,0.152449642499,0.04159058409,0.0,0.263,3.535018400421054,3.5350184,0.28384615305263283,0.0,0.263,0.0,-0.0,0.0,1
2012-07-20 20:30:00+00:00,0.0476256,0.161171899064,0.049519908239999993,0.0,0.256,3.400281558315791,3.4002816,0.2624571004210541,0.0,0.256,0.0,-0.0,0.0,1
2012-07-20 21:00:00+00:00,0.05068215,0.164667835767875,0.05269803251625,0.0,0.181,3.305018400421054,3.3050184,0.24196675831579117,0.0,0.181,0.0,-0.0,0.0,1
2012-07-20 21:30:00+00:00,0.04137105,0.154018241865125,0.04301658351375,0.0,0.363,3.1139657688421067,3.1139658,0.22331430042105405,0.0,0.363,0.0,-0.0,0.0,1
2012-07-20 22:00:00+00:00,0.03951375,0.151893950346875,0.041085409406249995,0.0,0.769,2.7092289267368437,2.7092289,0.20828766884210692,0.0,0.769,0.0,-0.0,0.0,1
2012-07-20 22:30:00+00:00,0.05103885,0.165075812284625,0.05306892025874999,0.0,0.288,2.5576499793684224,2.55765,0.19711782673684386,0.0,0.288,0.0,-0.0,0.0,1
2012-07-20 23:00:00+00:00,0.0418323,0.15454579770575003,0.0434961797325,0.0,0.088,2.5113341898947383,2.5113342,0.18930087936842233,0.0,0.088,0.0,-0.0,0.0,1
2012-07-20 23:30:00+00:00,0.0454485,0.15868183549625,0.0472562140875,0.0,0.125,2.4455447162105277,2.4455447,0.1835616898947383,0.0,0.125,0.0,-0.0,0.0,1
2012-07-21 00:00:00+00:00,0.04404015,0.10757103166287499,0.045791846966249994,0.0,0.094,2.4455447162105277,2.4455447,1.6210527586935086e-08,0.0,0.0,0.094,0.0,0.005055838488155125,1
2012-07-21 00:30:00+00:00,0.04097745,0.10406806088112501,0.04260732807374999,0.0,0.1,2.4455447162105277,2.4455447,1.6210527586935086e-08,0.0,0.0,0.1,0.0,0.0052034030440562505,1
2012-07-21 01:00:00+00:00,0.03978435,0.102703449773375,0.041366772521250005,0.0,0.1,3.1580447162105276,3.1580447,0.7124999837894723,1.5,0.0,1.6,0.0,0.08216275981870001,1
2012-07-21 01:30:00+00:00,0.0404793,0.10349830057325,0.042089364157499996,0.0,0.088,3.7250000137105275,3.725,0.5669552837894725,1.1935901,0.0,1.2815901,0.0,0.06632119869075077,1
2012-07-21 02:00:00+00:00,0.03814845,0.10083238505862502,0.03966580459875,0.0,0.113,4.437500013710528,4.4375,0.7124999862894725,1.5,0.0,1.613,0.0,0.08132131854978107,1
2012-07-21 02:30:00+00:00,0.03590985,0.098271980712125,0.037338164283749996,0.0,0.088,5.150000013710528,5.15,0.7124999862894725,1.5,0.0,1.588,0.0,0.07802795268542725,1
2012-07-21 03:00:00+00:00,0.0346122,0.09678779028050001,0.035988900255,0.0,0.088,5.8625000137105285,5.8625,0.7124999862894716,1.5,0.0,1.588,0.0,0.07684950548271702,1
2012-07-21 03:30:00+00:00,0.0339603,0.09604217802575002,0.0353110709325,0.0,0.119,6.575000013710529,6.575,0.7124999862894716,1.5,0.0,1.619,0.0,0.07774614311184463,1
2012-07-21 04:00:00+00:00,0.0331977,0.09516995236925002,0.0345181385175,0.0,0.088,7.287500013710529,7.2875,0.7124999862894708,1.5,0.0,1.588,0.0,0.07556494218118452,1
2012-07-21 04:30:00+00:00,0.03337605,0.09537394062762501,0.034703582388749994,0.0,0.088,8.0,8.0,0.7124999862894708,1.5,0.0,1.588,0.0,0.07572690885833426,1
2012-07-21 05:00:00+00:00,0.03379425,0.32575225792312507,0.03513841629375,0.0,0.119,7.937368421052631,7.9373684,0.16094909999999985,0.0,0.119,0.0,-0.0,0.0,1
2012-07-21 05:30:00+00:00,0.0343416,0.326378290854,0.035707537139999995,0.0,0.094,7.887894736842105,7.8878947,0.17078502105263116,0.0,0.094,0.0,-0.0,0.0,1
2012-07-21 06:00:00+00:00,0.0339849,0.32597031433725,0.035336649397499996,0.0,0.081,7.8452631578947365,7.8452632,0.18361973684210486,0.0,0.081,0.0,-0.0,0.0,1
2012-07-21 06:30:00+00:00,0.03434775,0.326385324931875,0.035713931756250004,0.0,0.138,7.772631578947368,7.7726316,0.19792485789473613,0.0,0.138,0.0,-0.0,0.0,1
2012-07-21 07:00:00+00:00,0.0346737,0.32675813105925006,0.0360528464175,0.0,0.275,7.627894736842105,7.6278947,0.21100317894736786,0.0,0.275,0.0,-0.0,0.0,1
2012-07-21 07:30:00+00:00,0.03615585,0.32845334382712504,0.03759394893375,0.0,0.213,7.51578947368421,7.5157895,0.22268933684210523,0.0,0.213,0.0,-0.0,0.0,1
2012-07-21 08:00:00+00:00,0.03556545,0.32777807235112505,0.03698006577375,0.006,0.25,7.387368421052631,7.3873684,0.23176637368421016,0.0,0.244,0.0,-0.0,0.0,1
2012-07-21 08:30:00+00:00,0.0397659,0.33258234753975,0.0413475886725,0.006,0.3,7.232631578947368,7.2326316,0.23714902105263125,0.0,0.294,0.0,-0.0,0.0,1
2012-07-21 09:00:00+00:00,0.0436527,0.33702788475675,0.0453889861425,0.013,0.488,6.982631578947368,6.9826316,0.23800037894736814,0.0,0.475,0.0,-0.0,0.0,1
2012-07-21 09:30:00+00:00,0.04400325,0.33742882719562506,0.045753479268749994,0.013,0.775,6.5815789473684205,6.5815789,0.23385727894736785,0.0,0.762,0.0,-0.0,0.0,1
2012-07-21 10:00:00+00:00,0.04229355,0.33547335354637503,0.04397577595125,0.038,1.8,5.792105263157894,5.7921053,0.22475414736842048,0.0,1.5,0.262,0.0,0.04394700931457513,1
2012-07-21 10:30:00+00:00,0.0402333,0.33311693745825005,0.041833579507499996,0.019,1.744,5.002631578947367,5.0026316,0.21132066315789366,0.0,1.5,0.2250000000000001,0.0,0.03747565546405315,1
2012-07-21 11:00:00+00:00,0.0390771,0.15139453081775,0.040631391652499994,0.031,0.95,4.680821426315789,4.6808214,0.19482397894736714,0.0,0.61143929,0.30756070999999996,0.0,0.023281504694212033,1
2012-07-21 11:30:00+00:00,0.03629115,0.14820809354037498,0.03773463049125,0.081,0.913,4.680821426315789,4.6808214,2.6315788659303507e-08,0.0,0.0,0.8320000000000001,0.0,0.061654566912796,1
2012-07-21 12:00:00+00:00,0.03830835,0.15051527108337498,0.03983206462124999,0.025,0.388,4.680821426315789,4.6808214,2.6315788659303507e-08,0.0,0.0,0.363,0.0,0.02731852170163256,1
2012-07-21 12:30:00+00:00,0.0378471,0.14998771524274998,0.03935246840249999,0.069,0.106,4.680821426315789,4.6808214,2.6315788659303507e-08,0.0,0.0,0.03699999999999999,0.0,0.002774772731990874,1
2012-07-21 13:00:00+00:00,0.0346614,0.14634406290350002,0.036040057185,0.056,0.119,4.680821426315789,4.6808214,2.6315788659303507e-08,0.0,0.0,0.063,0.0,0.004609837981460251,1
2012-07-21 13:30:00+00:00,0.0348951,0.14661135786274998,0.0362830526025,0.125,0.088,4.698396426315789,4.6983964,2.6315788659303507e-08,0.037,0.0,0.0,-0.0,0.0,1
2012-07-21 14:00:00+00:00,0.0346737,0.14635813105925,0.0360528464175,0.013,0.081,4.698396426315789,4.6983964,2.6315788659303507e-08,0.0,0.0,0.068,0.0,0.0049761764560145,1
2012-07-21 14:30:00+00:00,0.0344154,0.1460626997885,0.035784272534999995,0.025,1.425,4.698396426315789,4.6983964,2.6315788659303507e-08,0.0,0.0,1.4000000000000001,0.0,0.10224388985195002,1
2012-07-21 15:00:00+00:00,0.03444615,0.146097870177875,0.03581624561625,0.031,1.4,4.698396426315789,4.6983964,2.6315788659303507e-08,0.0,0.0,1.369,0.0,0.10000399213675544,1
2012-07-21 15:30:00+00:00,0.0347352,0.146428471838,0.03611679258,0.044,1.413,4.698396426315789,4.6983964,2.6315788659303507e-08,0.0,0.0,1.369,0.0,0.10023028897311101,1
2012-07-21 16:00:00+00:00,0.0377733,0.14990330630825,0.0392757330075,0.013,1.706,4.698396426315789,4.6983964,2.6315788659303507e-08,0.0,0.0,1.693,0.0,0.12689314878993363,1
2012-07-21 16:30:00+00:00,0.0390279,0.15133825819475002,0.0405802347225,0.006,1.713,4.680821427894736,4.6808214,0.017575026315788556,0.0,0.033392497,1.6736075030000002,0.0,0.12664042220284244,1
2012-07-21 17:00:00+00:00,0.0407868,0.15335000446699998,0.04240909496999999,0.0,1.7,3.89134774368421,3.8913477,0.3178307278947363,0.0,1.5,0.19999999999999996,0.0,0.015335000446699994,1
2012-07-21 17:30:00+00:00,0.0440955,0.15713433836375,0.04584939851249999,0.0,1.888,3.1018740594736833,3.1018741,0.3369462436842099,0.0,1.5,0.3879999999999999,0.0,0.03048406164256749,1
2012-07-21 18:00:00+00:00,0.05033775,0.164273927406875,0.05233993400625,0.0,1.394,2.3681898489473676,2.3681898,0.3467598594736834,0.0,1.394,0.0,-0.0,0.0,1
2012-07-21 18:30:00+00:00,0.0507006,0.1646889380015,0.05271721636499999,0.0,1.169,1.7529266910526307,1.7529267,0.3468072489473677,0.0,1.169,0.0,-0.0,0.0,1
2012-07-21 19:00:00+00:00,0.0454977,0.15873810811925002,0.0473073710175,0.0,0.363,1.5618740594736833,1.5618741,0.33787239105263067,0.0,0.363,0.0,-0.0,0.0,1
2012-07-21 19:30:00+00:00,0.0404178,0.1529279597945,0.042025417994999995,0.0,0.219,1.5618740594736833,1.5618741,4.0526316746891666e-08,0.0,0.0,0.219,0.0,0.01674561159749775,1
2012-07-21 20:00:00+00:00,0.0397044,0.152112006761,0.041283642509999996,0.0,0.2,1.5618740594736833,1.5618741,4.0526316746891666e-08,0.0,0.0,0.2,0.0,0.015211200676100002,1
2012-07-21 20:30:00+00:00,0.03958755,0.15197835928137501,0.041162144801249995,0.0,0.213,1.5618740594736833,1.5618741,4.0526316746891666e-08,0.0,0.0,0.213,0.0,0.01618569526346644,1
2012-07-21 21:00:00+00:00,0.0396183,0.15201352967075002,0.0411941178825,0.0,0.219,1.5618740594736833,1.5618741,4.0526316746891666e-08,0.0,0.0,0.219,0.0,0.016645481498947127,1
2012-07-21 21:30:00+00:00,0.04233045,0.15511555801362498,0.04401414364875,0.0,0.256,1.4271372173684203,1.4271372,0.23688515947368338,0.0,0.256,0.0,-0.0,0.0,1
2012-07-21 22:00:00+00:00,0.0389541,0.15125384926024998,0.04050349932749999,0.0,0.625,1.4271372173684203,1.4271372,1.7368420257568573e-08,0.0,0.0,0.625,0.0,0.04726682789382812,1
2012-07-21 22:30:00+00:00,0.0410451,0.15364543573775,0.042677668852499996,0.0,0.131,1.3581898489473676,1.3581898,0.20891391736842024,0.0,0.131,0.0,-0.0,0.0,1
2012-07-21 23:00:00+00:00,0.0407622,0.1533218681555,0.042383516504999996,0.0,0.094,1.3087161647368413,1.3087162,0.1646611489473675,0.0,0.094,0.0,-0.0,0.0,1
2012-07-21 23:30:00+00:00,0.04180155,0.15451062731637502,0.043464206651250004,0.0,0.131,1.2397687963157886,1.2397688,0.19352876473684133,0.0,0.131,0.0,-0.0,0.0,1
2012-07-22 00:00:00+00:00,0.04090365,0.10398365194662501,0.04253059267874999,0.0,0.15,1.5874999990657885,1.5875,0.3477312036842113,0.73206569,0.0,0.88206569,0.0,0.045860205851509815,1
2012-07-22 00:30:00+00:00,0.0393231,0.10217589393275002,0.0408871763025,0.0,0.119,2.2999999990657884,2.3,0.7125000009342113,1.5,0.0,1.619,0.0,0.08271138613856115,1
2012-07-22 01:00:00+00:00,0.03894795,0.10174681518237501,0.04049710471125,0.0,0.1,3.0124999990657884,3.0125,0.7125000009342117,1.5,0.0,1.6,0.0,0.08139745214590001,1
2012-07-22 01:30:00+00:00,0.0395076,0.10238691626900001,0.04107901479,0.0,0.125,3.7249999990657883,3.725,0.7125000009342117,1.5,0.0,1.625,0.0,0.08318936946856251,1
2012-07-22 02:00:00+00:00,0.0382653,0.10096603253825003,0.0397873023075,0.0,0.081,4.437499999065788,4.4375,0.7125000009342117,1.5,0.0,1.581,0.0,0.07981364872148665,1
2012-07-22 02:30:00+00:00,0.0359898,0.09836342372450002,0.037421294295000004,0.0,0.1,5.149999999065788,5.15,0.7125000009342122,1.5,0.0,1.6,0.0,0.07869073897960002,1
2012-07-22 03:00:00+00:00,0.03567,0.097997651675,0.03708877425,0.0,0.125,5.862499999065788,5.8625,0.7125000009342122,1.5,0.0,1.625,0.0,0.0796230919859375,1
2012-07-22 03:30:00+00:00,0.0342432,0.09636574560800001,0.035605223279999994,0.0,0.081,6.574999999065788,6.575,0.7125000009342122,1.5,0.0,1.581,0.0,0.076177121903124,1
2012-07-22 04:00:00+00:00,0.0342432,0.09636574560800001,0.035605223279999994,0.0,0.1,7.287499999065789,7.2875,0.7125000009342113,1.5,0.0,1.6,0.0,0.07709259648640002,1
2012-07-22 04:30:00+00:00,0.03444615,0.09659787017787502,0.03581624561625,0.0,0.119,7.999999999065789,8.0,0.7125000009342113,1.5,0.0,1.619,0.0,0.07819597590898983,1
2012-07-22 05:00:00+00:00,0.03444615,0.32649787017787507,0.03581624561625,0.0,0.081,7.957368420118421,7.9573684,0.16076739906578918,0.0,0.081,0.0,-0.0,0.0,1
2012-07-22 05:30:00+00:00,0.0343416,0.326378290854,0.035707537139999995,0.0,0.088,7.911052630644736,7.9110526,0.16973092011842095,0.0,0.088,0.0,-0.0,0.0,1
2012-07-22 06:00:00+00:00,0.0340464,0.326040655116,0.03540059556,0.0,0.106,7.855263156960525,7.8552632,0.1817103306447363,0.0,0.106,0.0,-0.0,0.0,1
2012-07-22 06:30:00+00:00,0.0345876,0.32665965396900004,0.03596332179,0.0,0.45,7.618421051697368,7.6184211,0.1951836569605252,0.0,0.45,0.0,-0.0,0.0,1
2012-07-22 07:00:00+00:00,0.0345753,0.32664558581325004,0.0359505325575,0.0,0.906,7.14157894643421,7.1415789,0.20746405169736803,0.0,0.906,0.0,-0.0,0.0,1
2012-07-22 07:30:00+00:00,0.0342555,0.32627981376375004,0.035618012512500005,0.0,1.0,6.615263156960526,6.6152632,0.2183835464342101,0.0,1.0,0.0,-0.0,0.0,1
2012-07-22 08:00:00+00:00,0.03447075,0.3265260064893751,0.03584182408125,0.013,0.881,6.158421051697368,6.1584211,0.22672635696052623,0.0,0.868,0.0,-0.0,0.0,1
2012-07-22 08:30:00+00:00,0.0387081,0.33137248614525,0.0402477146775,0.038,1.113,5.592631578013157,5.5926316,0.23140715169736747,0.0,1.075,0.0,-0.0,0.0,1
2012-07-22 09:00:00+00:00,0.0407622,0.33372186815550003,0.042383516504999996,0.056,0.919,5.138421051697367,5.1384211,0.23158807801315717,0.0,0.863,0.0,-0.0,0.0,1
2012-07-22 09:30:00+00:00,0.04335135,0.33668321494087505,0.04507564994625,0.063,0.856,4.721052630644736,4.7210526,0.22680455169736735,0.0,0.793,0.0,1.1102230246251565e-16,-2.5022012210135223e-18,1
2012-07-22 10:00:00+00:00,0.0427548,0.33600090938700006,0.04445537217,0.044,0.825,4.309999999065789,4.31,0.21708933064473612,0.0,0.781,0.0,1.1102230246251565e-16,-2.4677688875707204e-18,1
2012-07-22 10:30:00+00:00,0.042189,0.33535377422250007,0.043867067475,0.056,1.4,3.602631578013157,3.6026316,0.20307029906578844,0.0,1.344,0.0,2.220446049250313e-16,-4.870222833353033e-18,1
2012-07-22 11:00:00+00:00,0.03940305,0.151767336945125,0.040970306313749996,0.138,1.325,3.602631578013157,3.6026316,2.1986843012911095e-08,0.0,0.0,1.1869999999999998,0.0,0.09007391447693168,1
2012-07-22 11:30:00+00:00,0.0390525,0.15136639450625,0.04060581318749999,0.181,0.219,3.602631578013157,3.6026316,2.1986843012911095e-08,0.0,0.0,0.038000000000000006,0.0,0.0028759614956187507,1
2012-07-22 12:00:00+00:00,0.03795165,0.15010729456662503,0.039461176878750004,0.131,0.119,3.608331578013157,3.6083316,2.1986843012911095e-08,0.012,0.0,0.0,-0.0,0.0,1
2012-07-22 12:30:00+00:00,0.03741045,0.14948829571362499,0.03889845064874999,0.181,0.169,3.614031578013157,3.6140316,2.1986843012911095e-08,0.012,0.0,2.7755575615628914e-17,0.0,2.074566847665507e-18,1
2012-07-22 13:00:00+00:00,0.0355224,0.147328833806,0.03693530346,0.194,0.125,3.646806578013157,3.6468066,2.1986843012911095e-08,0.069,0.0,0.0,-0.0,0.0,1
2012-07-22 13:30:00+00:00,0.0343416,0.14597829085400002,0.035707537139999995,0.188,0.581,3.646806578013157,3.6468066,2.1986843012911095e-08,0.0,0.0,0.39299999999999996,0.0,0.028684734152811,1
2012-07-22 14:00:00+00:00,0.03444615,0.146097870177875,0.03581624561625,0.094,0.644,3.646806578013157,3.6468066,2.1986843012911095e-08,0.0,0.0,0.55,0.0,0.04017691429891563,1
2012-07-22 14:30:00+00:00,0.0342432,0.145865745608,0.035605223279999994,0.1,0.95,3.646806578013157,3.6468066,2.1986843012911095e-08,0.0,0.0,0.85,0.0,0.0619929418834,1
2012-07-22 15:00:00+00:00,0.0344646,0.1461189724115,0.03583542946499999,0.125,1.225,3.646806578013157,3.6468066,2.1986843012911095e-08,0.0,0.0,1.1,0.0,0.080365434826325,1
2012-07-22 15:30:00+00:00,0.03463065,0.146308892514125,0.03600808410375,0.131,1.35,3.646806578013157,3.6468066,2.1986843012911095e-08,0.0,0.0,1.219,0.0,0.08917526998735918,1
2012-07-22 16:00:00+00:00,0.03618045,0.14808148013862502,0.03761952739875,0.044,1.219,3.646806578013157,3.6468066,2.1986843012911095e-08,0.0,0.0,1.175,0.0,0.0869978695814422,1
2012-07-22 16:30:00+00:00,0.03727515,0.149333546000375,0.03875776909125,0.019,1.5,3.646806578013157,3.6468066,2.1986843012911095e-08,0.0,0.0,1.481,0.0,0.11058149081327769,1
2012-07-22 17:00:00+00:00,0.04019025,0.152667698913125,0.041788817193749994,0.006,1.406,3.6359171743289465,3.6359172,0.010889378013156925,0.0,0.020689867,1.379310133,0.0,0.10528805204633321,1
2012-07-22 17:30:00+00:00,0.04504875,0.158224620434375,0.04684056403125,0.0,0.619,3.310127700644736,3.3101277,0.32325937432894625,0.0,0.619,0.0,-0.0,0.0,1
2012-07-22 18:00:00+00:00,0.0552147,0.16985195116175,0.057410864692499994,0.0,0.3,3.1522329638026307,3.152233,0.33294040064473585,0.0,0.3,0.0,-0.0,0.0,1
2012-07-22 18:30:00+00:00,0.059532,0.17478987383,0.0618998853,0.0,0.2,3.046969805907894,3.0469698,0.33289906380263057,0.0,0.2,0.0,-0.0,0.0,1
2012-07-22 19:00:00+00:00,0.05362185,0.168030124992125,0.05575465908374999,0.0,0.244,2.918548753276315,2.9185488,0.32391870590789384,0.0,0.244,0.0,-0.0,0.0,1
2012-07-22 19:30:00+00:00,0.0438126,0.1568107707815,0.045555246165,0.0,0.231,2.796969805907894,2.7969698,0.307057753276315,0.0,0.231,0.0,-0.0,0.0,1
2012-07-22 20:00:00+00:00,0.0455961,0.15885065336525,0.0474096848775,0.0,0.206,2.688548753276315,2.6885488,0.286029705907894,0.0,0.206,0.0,-0.0,0.0,1
2012-07-22 20:30:00+00:00,0.049938,0.163816712345,0.051924283950000004,0.0,0.238,2.5632855953815783,2.5632856,0.2638862532763149,0.0,0.238,0.0,-0.0,0.0,1
2012-07-22 21:00:00+00:00,0.0460389,0.15935710697225,0.04787009724749999,0.0,0.219,2.4480224374868413,2.4480224,0.2426522953815784,0.0,0.219,0.0,-0.0,0.0,1
2012-07-22 21:30:00+00:00,0.0422628,0.15503818315700002,0.04394380287000001,0.0,0.2,2.3427592795921046,2.3427593,0.22327363748684137,0.0,0.2,0.0,-0.0,0.0,1
2012-07-22 22:00:00+00:00,0.03838215,0.150599680017875,0.03990880001624999,0.0,0.3,2.1848645427499993,2.1848645,0.20753037959210463,0.0,0.3,0.0,-0.0,0.0,1
2012-07-22 22:30:00+00:00,0.03865275,0.15090917944437499,0.04019016313125,0.0,0.188,2.0859171743289466,2.0859172,0.19565374274999936,0.0,0.188,0.0,-0.0,0.0,1
2012-07-22 23:00:00+00:00,0.0369,0.14890446725,0.038367697500000006,0.0,0.113,2.0264434901184205,2.0264435,0.18714147432894657,0.0,0.113,0.0,-0.0,0.0,1
2012-07-22 23:30:00+00:00,0.03555315,0.147364004195375,0.03696727654124999,0.0,0.131,1.9574961216973679,1.9574961,0.1807238901184205,0.0,0.131,0.0,-0.0,0.0,1
2012-07-23 00:00:00+00:00,0.0345015,0.09666117687874999,0.03587379716249999,0.0,0.131,2.300000001697368,2.3,0.34250387830263196,0.7210608,0.0,0.8520608,0.0,0.04118059985012461,1
2012-07-23 00:30:00+00:00,0.0342432,0.09636574560800001,0.035605223279999994,0.0,0.169,3.0125000016973678,3.0125,0.7124999983026323,1.5,0.0,1.669,0.0,0.08041721470987602,1
2012-07-23 01:00:00+00:00,0.0338988,0.095971837247,0.03524712477,0.0,0.113,3.7250000016973677,3.725,0.7124999983026323,1.5,0.0,1.613,0.0,0.07740128673970549,1
2012-07-23 01:30:00+00:00,0.0353748,0.09766001593700001,0.03678183266999999,0.0,0.138,3.7250000016973677,3.725,1.6973675798226395e-09,0.0,0.0,0.138,0.0,0.006738541099653001,1
2012-07-23 02:00:00+00:00,0.03406485,0.09616175734962502,0.03541977940875,0.0,0.131,4.437500001697368,4.4375,0.7124999983026323,1.5,0.0,1.631,0.0,0.0784199131186192,1
2012-07-23 02:30:00+00:00,0.03413865,0.09624616628412502,0.03549651480375,0.0,0.081,5.150000001697368,5.15,0.7124999983026328,1.5,0.0,1.581,0.0,0.07608259444760083,1
2012-07-23 03:00:00+00:00,0.0329763,0.09491672556575002,0.0342879323325,0.0,0.144,5.862500001697368,5.8625,0.7124999983026319,1.5,0.0,1.644,0.0,0.07802154841504652,1
2012-07-23 03:30:00+00:00,0.03310545,0.09506444120112499,0.03442221927375,0.0,0.119,6.575000001697369,6.575,0.7124999983026319,1.5,0.0,1.619,0.0,0.07695466515231068,1
2012-07-23 04:00:00+00:00,0.03314235,0.09510664566837501,0.03446058697125,0.0,0.088,7.287500001697369,7.2875,0.712499998302631,1.5,0.0,1.588,0.0,0.07551467666068977,1
2012-07-23 04:30:00+00:00,0.0337881,0.09584522384525002,0.0351320216775,0.0,0.138,8.0,8.0,0.712499998302631,1.5,0.0,1.638,0.0,0.07849723832925976,1
2012-07-23 05:00:00+00:00,0.0341079,0.32611099589475007,0.0354645417225,0.0,0.106,7.944210526315789,7.9442105,0.1519238999999999,0.0,0.106,0.0,-0.0,0.0,1
2012-07-23 05:30:00+00:00,0.0359529,0.32822121925725,0.037382926597500005,0.0,0.1,7.891578947368421,7.8915789,0.16132452631578875,0.0,0.1,0.0,-0.0,0.0,1
2012-07-23 06:00:00+00:00,0.03689385,0.32929743317212506,0.03836130288375,0.0,0.113,7.832105263157895,7.8321053,0.17374694736842144,0.0,0.113,0.0,-0.0,0.0,1
2012-07-23 06:30:00+00:00,0.0450795,0.33865979082375003,0.046872537112499994,0.0,0.138,7.759473684210526,7.7594737,0.1876718631578953,0.0,0.138,0.0,-0.0,0.0,1
2012-07-23 07:00:00+00:00,0.0590031,0.3545849431327501,0.0613499483025,0.0,0.1,7.706842105263158,7.7068421,0.20042008421052593,0.0,0.1,0.0,-0.0,0.0,1
2012-07-23 07:30:00+00:00,0.0505407,0.34490605197675006,0.052550956342499996,0.0,0.088,7.660526315789474,7.6605263,0.21181730526315778,0.0,0.088,0.0,-0.0,0.0,1
2012-07-23 08:00:00+00:00,0.06026385,0.356026929097125,0.06266084463374999,0.05,0.306,7.525789473684211,7.5257895,0.22064561578947384,0.0,0.256,0.0,-0.0,0.0,1
2012-07-23 08:30:00+00:00,0.05822205,0.35369161524262505,0.060537832038749996,0.094,0.131,7.5063157894736845,7.5063158,0.22581687368421033,0.0,0.037,6.938893903907228e-18,0.0,1.227114296435076e-18,1
2012-07-23 09:00:00+00:00,0.05273625,0.34741721777812506,0.05483383434374999,0.031,0.225,7.40421052631579,7.4042105,0.22648928947368407,0.0,0.194,0.0,-0.0,0.0,1
2012-07-23 09:30:00+00:00,0.0538371,0.34867631771775004,0.055978470652499994,0.019,0.931,6.92421052631579,6.9242105,0.22219402631579044,0.0,0.912,0.0,-0.0,0.0,1
2012-07-23 10:00:00+00:00,0.04546695,0.33910293772987504,0.04727539793624999,0.088,0.625,6.641578947368421,6.6415789,0.21295932631578918,0.0,0.537,0.0,-0.0,0.0,1
2012-07-23 10:30:00+00:00,0.04547925,0.33911700588562504,0.047288187168749996,0.2,0.1,6.689078947368421,6.6890789,0.19940894736842107,0.1,0.0,0.0,-0.0,0.0,1
2012-07-23 11:00:00+00:00,0.0443661,0.15744383779025,0.046130761627499996,0.325,0.169,6.763178947368421,6.7631789,0.18280474736842134,0.156,0.0,0.0,-0.0,0.0,1
2012-07-23 11:30:00+00:00,0.04340055,0.156339487563875,0.04512680687625,0.3,0.119,6.849153947368421,6.8491539,0.1650046473684208,0.181,0.0,0.0,-0.0,0.0,1
2012-07-23 12:00:00+00:00,0.0401349,0.15260439221225,0.0417312656475,0.356,0.131,6.956028947368421,6.9560289,0.1483148473684217,0.225,0.0,0.0,-0.0,0.0,1
2012-07-23 12:30:00+00:00,0.03950145,0.151879882191125,0.04107262017375,0.281,0.131,7.027278947368421,7.0272789,0.1352373473684212,0.15,0.0,0.0,-0.0,0.0,1
2012-07-23 13:00:00+00:00,0.0377979,0.14993144261975,0.0393013114725,0.338,0.1,7.140328947368421,7.1403289,0.12813544736842086,0.238,0.0,0.0,5.551115123125783e-17,-1.090830522368358e-18,1
2012-07-23 13:30:00+00:00,0.03760725,0.149713386205625,0.039103078368749995,0.325,0.156,7.220603947368422,7.2206039,0.12886464736842118,0.169,0.0,0.0,-0.0,0.0,1
2012-07-23 14:00:00+00:00,0.03856665,0.150810702354125,0.040100638503749994,0.219,0.169,7.244353947368421,7.2443539,0.13843294736842182,0.05,0.0,2.7755575615628914e-17,0.0,2.092918926418011e-18,1
2012-07-23 14:30:00+00:00,0.03702915,0.149052182885375,0.03850198444125,0.231,0.15,7.282828947368421,7.2828289,0.15675794736842175,0.081,0.0,0.0,2.7755575615628914e-17,-5.343223702554411e-19,1
2012-07-23 15:00:00+00:00,0.0354486,0.1472444248715,0.03685856806499999,0.15,0.181,7.266513157894737,7.2665132,0.18257874736842172,0.0,0.031,0.0,-0.0,0.0,1
2012-07-23 15:30:00+00:00,0.0343416,0.14597829085400002,0.035707537139999995,0.1,0.144,7.243355263157895,7.2433553,0.2135550578947374,0.0,0.044,0.0,1.3877787807814457e-17,-2.477708117842869e-19,1
2012-07-23 16:00:00+00:00,0.0371337,0.14917176220925002,0.038610692917499995,0.081,0.325,7.114934210526316,7.1149342,0.24655086315789454,0.0,0.244,0.0,-0.0,0.0,1
2012-07-23 16:30:00+00:00,0.04073145,0.15328669776612502,0.04235154342375,0.031,1.856,6.32546052631579,6.3254605,0.2780655105263161,0.0,1.5,0.3250000000000002,0.0,0.02490908838699533,1
2012-07-23 17:00:00+00:00,0.05256405,0.166820263597625,0.05465478508875,0.0,1.669,5.535986842105263,5.5359868,0.30473862631578985,0.0,1.5,0.16900000000000004,0.0,0.014096312273999316,1
2012-07-23 17:30:00+00:00,0.0541938,0.16868429423450002,0.05634935839499999,0.0,1.756,4.746513157894737,4.7465132,0.3238434421052627,0.0,1.5,0.256,0.0,0.021591589662016002,1
2012-07-23 18:00:00+00:00,0.15277215,0.281433528492875,0.15884866226624997,0.0,1.35,3.95703947368421,3.9570395,0.7894736578947366,0.0,1.5,0.0,0.1499999999999999,-0.01191364966996874,1
2012-07-23 18:30:00+00:00,0.1793709,0.31185591530225004,0.1865053775475,0.0,0.919,3.1675657894736835,3.1675658,0.7894736736842098,0.0,1.5,0.0,0.581,-0.05417981217754874,1
2012-07-23 19:00:00+00:00,0.16905735,0.30005976670587503,0.17578160609625,0.0,0.219,2.378092105263157,2.3780921,0.7894736894736836,0.0,1.5,0.0,1.281,-0.1125881187046481,1
2012-07-23 19:30:00+00:00,0.1021884,0.22357823797100002,0.10625294361,0.0,0.213,2.2659868421052622,2.2659868,0.308179005263157,0.0,0.213,0.0,-0.0,0.0,1
2012-07-23 20:00:00+00:00,0.0748947,0.19236100036175,0.07787363669249998,0.0,0.269,2.124407894736841,2.1244079,0.2872517421052623,0.0,0.269,0.0,-0.0,0.0,1
2012-07-23 20:30:00+00:00,0.06224415,0.17789190217287498,0.06471991106625,0.0,0.213,2.0123026315789465,2.0123026,0.26518829473684113,0.0,0.213,0.0,-0.0,0.0,1
2012-07-23 21:00:00+00:00,0.0587448,0.173889511862,0.061081374419999994,0.0,0.225,1.8938815789473675,1.8938816,0.24401403157894652,0.0,0.225,0.0,-0.0,0.0,1
2012-07-23 21:30:00+00:00,0.04490115,0.158055802565375,0.04668709324125,0.0,0.375,1.696513157894736,1.6965132,0.22467767894736745,0.0,0.375,0.0,-0.0,0.0,1
2012-07-23 22:00:00+00:00,0.038499,0.1507333274975,0.040030297725,0.0,0.675,1.5677121736842095,1.5677122,0.128800957894736,0.0,0.24472187,0.43027813000000004,0.0,0.032428627142150945,1
2012-07-23 22:30:00+00:00,0.05167845,0.16580735638362498,0.05373396034874999,0.0,0.494,1.3077121736842094,1.3077122,0.19707817368420955,0.0,0.494,0.0,-0.0,0.0,1
2012-07-23 23:00:00+00:00,0.04092825,0.153511788258125,0.042556171143749995,0.0,0.1,1.255080594736841,1.2550806,0.18854497368420953,0.0,0.1,0.0,-0.0,0.0,1
2012-07-23 23:30:00+00:00,0.04037475,0.152878721249375,0.04198065568125,0.0,0.138,1.1824490157894727,1.182449,0.18208899473684115,0.0,0.138,0.0,-0.0,0.0,1
2012-07-24 00:00:00+00:00,0.03860355,0.10135290682137499,0.040139006201249994,0.0,0.106,1.8949490157894726,1.894949,0.7124999842105273,1.5,0.0,1.606,0.0,0.08138638417756412,1
2012-07-24 00:30:00+00:00,0.03898485,0.10178901964962503,0.04053547240875,0.0,0.088,2.2999999980394725,2.3,0.4050509842105272,0.85273891,0.0,0.94073891,0.0,0.04787844569757842,1
2012-07-24 01:00:00+00:00,0.0371091,0.09964362589775001,0.03858511445249999,0.0,0.138,3.0124999980394724,3.0125,0.7125000019605277,1.5,0.0,1.638,0.0,0.08160812961025725,1
2012-07-24 01:30:00+00:00,0.0377241,0.10034703368525001,0.039224576077500004,0.0,0.156,3.7249999980394723,3.725,0.7125000019605277,1.5,0.0,1.656,0.0,0.083087343891387,1
2012-07-24 02:00:00+00:00,0.0342801,0.09640795007524999,0.03564359097749999,0.0,0.15,4.437499998039472,4.4375,0.7125000019605277,1.5,0.0,1.65,0.0,0.07953655881208124,1
2012-07-24 02:30:00+00:00,0.0343908,0.09653456347700001,0.03575869406999999,0.0,0.106,5.149999998039473,5.15,0.7125000019605281,1.5,0.0,1.606,0.0,0.07751725447203102,1
2012-07-24 03:00:00+00:00,0.03384345,0.09590853054612498,0.03518957322374999,0.0,0.125,5.862499998039473,5.8625,0.7125000019605272,1.5,0.0,1.625,0.0,0.07792568106872655,1
2012-07-24 03:30:00+00:00,0.0326196,0.094508749049,0.033917044589999994,0.0,0.131,6.574999998039473,6.575,0.7125000019605272,1.5,0.0,1.631,0.0,0.0770718848494595,1
2012-07-24 04:00:00+00:00,0.0322014,0.09403043175350001,0.033482210685,0.0,0.069,7.287499998039474,7.2875,0.7125000019605263,1.5,0.0,1.569,0.0,0.07376687371062075,1
2012-07-24 04:30:00+00:00,0.0339234,0.09599997355850001,0.035272703235,0.0,0.138,7.999999998039474,8.0,0.7125000019605263,1.5,0.0,1.638,0.0,0.07862397834441151,1
2012-07-24 05:00:00+00:00,0.0343416,0.326378290854,0.035707537139999995,0.0,0.094,7.950526313828948,7.9505263,0.1519094980394744,0.0,0.094,0.0,-0.0,0.0,1
2012-07-24 05:30:00+00:00,0.03567,0.32789765167500007,0.03708877425,0.0,0.125,7.884736840144737,7.8847368,0.1611221138289478,0.0,0.125,0.0,-0.0,0.0,1
2012-07-24 06:00:00+00:00,0.03683235,0.32922709239337505,0.038297356721249995,0.0,0.1,7.832105261197369,7.8321053,0.1733509401447373,0.0,0.1,0.0,-0.0,0.0,1
2012-07-24 06:30:00+00:00,0.0418938,0.33501613848450007,0.043560125895,0.0,0.131,7.7631578927763165,7.7631579,0.18708276119736933,0.0,0.131,0.0,-0.0,0.0,1
2012-07-24 07:00:00+00:00,0.0567399,0.35199640247475006,0.0589967295225,0.0,0.119,7.700526313828948,7.7005263,0.1996481927763165,0.0,0.119,0.0,-0.0,0.0,1
2012-07-24 07:30:00+00:00,0.04920615,0.34337965707787504,0.05116332461624999,0.006,0.225,7.585263155934211,7.5852632,0.21086981382894798,0.0,0.219,0.0,-0.0,0.0,1
2012-07-24 08:00:00+00:00,0.06111255,0.35699763184387506,0.06354330167625,0.006,0.806,7.164210524355263,7.1642105,0.21953045593421106,0.0,0.8,0.0,-0.0,0.0,1
2012-07-24 08:30:00+00:00,0.0608973,0.35675143911825,0.0633194901075,0.013,0.731,6.786315787513158,6.7863158,0.22454162435526293,0.0,0.718,0.0,-0.0,0.0,1
2012-07-24 09:00:00+00:00,0.0558297,0.35095535894925006,0.0580503263175,0.031,0.731,6.417894734881579,6.4178947,0.22506068751315755,0.0,0.7,0.0,-0.0,0.0,1
2012-07-24 09:30:00+00:00,0.05989485,0.35560488442462507,0.06227716765874999,0.056,0.95,5.947368419092105,5.9473684,0.22061713488157952,0.0,0.894,0.0,1.1102230246251565e-16,-3.45707727215927e-18,1
2012-07-24 10:00:00+00:00,0.04843125,0.3424933632656251,0.05035760296875,0.05,1.088,5.4010526296184205,5.4010526,0.2112374190921047,0.0,1.038,0.0,-0.0,0.0,1
2012-07-24 10:30:00+00:00,0.04841895,0.342479295109875,0.05034481373625,0.044,1.631,4.611578945407894,4.6115789,0.19754332961842014,0.0,1.5,0.08699999999999997,0.0,0.014897849337279558,1
2012-07-24 11:00:00+00:00,0.0448458,0.1579924958645,0.046629541695,0.075,1.563,4.309347934881578,4.3093479,0.18079574540789434,0.0,0.57423892,0.91376108,0.0,0.07218369682652054,1
2012-07-24 11:30:00+00:00,0.04341285,0.156353555719625,0.04513959610875,0.075,1.369,4.309347934881578,4.3093479,3.488157851450069e-08,0.0,0.0,1.294,0.0,0.10116075055059738,1
2012-07-24 12:00:00+00:00,0.0467769,0.16020119631725,0.048637451197499994,0.119,0.688,4.009874250671052,4.0098743,0.14601713488157841,0.0,0.569,0.0,-0.0,0.0,1
2012-07-24 12:30:00+00:00,0.04420005,0.157253917687625,0.04595810698875,0.131,0.713,4.009874250671052,4.0098743,4.932894803744148e-08,0.0,0.0,0.582,0.0,0.04576089004709887,1
2012-07-24 13:00:00+00:00,0.0420537,0.15479902450925,0.0437263859175,0.113,0.544,4.009874250671052,4.0098743,4.932894803744148e-08,0.0,0.0,0.43100000000000005,0.0,0.03335918978174338,1
2012-07-24 13:30:00+00:00,0.03975975,0.15217531346187502,0.04134119405625,0.106,0.738,4.009874250671052,4.0098743,4.932894803744148e-08,0.0,0.0,0.632,0.0,0.048087399053952505,1
2012-07-24 14:00:00+00:00,0.0399504,0.152393369876,0.041539427159999996,0.125,0.7,4.009874250671052,4.0098743,4.932894803744148e-08,0.0,0.0,0.575,0.0,0.04381309383935,1
2012-07-24 14:30:00+00:00,0.03963675,0.152034631904375,0.04121330173125,0.15,0.881,4.009874250671052,4.0098743,4.932894803744148e-08,0.0,0.0,0.731,0.0,0.05556865796104906,1
2012-07-24 15:00:00+00:00,0.03921855,0.15155631460887498,0.04077846782624999,0.131,0.35,4.009874250671052,4.0098743,4.932894803744148e-08,0.0,0.0,0.21899999999999997,0.0,0.01659541644967181,1
2012-07-24 15:30:00+00:00,0.03832065,0.15052933923912498,0.039844853853749994,0.044,0.106,4.009874250671052,4.0098743,4.932894803744148e-08,0.0,0.0,0.062,0.0,0.004666409516412874,1
2012-07-24 16:00:00+00:00,0.04282245,0.155678284243625,0.04452571294874999,0.019,0.775,4.009874250671052,4.0098743,4.932894803744148e-08,0.0,0.0,0.756,0.0,0.058846391444090256,1
2012-07-24 16:30:00+00:00,0.04619265,0.159532958919125,0.04802996265375,0.0,0.644,3.8887238243552624,3.8887238,0.12115045067105168,0.0,0.23018581,0.41381419,0.0,0.033008501086710496,1
2012-07-24 17:00:00+00:00,0.05923065,0.17444520401412503,0.06158654910375,0.0,0.269,3.7471448769868414,3.7471449,0.3012101243552623,0.0,0.269,0.0,-0.0,0.0,1
2012-07-24 17:30:00+00:00,0.06388005,0.179762966887625,0.06642087898874999,0.0,0.244,3.6187238243552624,3.6187238,0.3202679769868415,0.0,0.244,0.0,-0.0,0.0,1
2012-07-24 18:00:00+00:00,0.14461725,0.272106341230625,0.15036940111875,0.0,0.219,3.5034606664605255,3.5034607,0.33007972435526245,0.0,0.219,0.0,-0.0,0.0,1
2012-07-24 18:30:00+00:00,0.08916885,0.208687095109625,0.09271554100875,0.0,0.231,3.3818817190921044,3.3818817,0.3301836664605253,0.0,0.231,0.0,-0.0,0.0,1
2012-07-24 19:00:00+00:00,0.08916885,0.208687095109625,0.09271554100875,0.0,0.406,3.1681975085657887,3.1681975,0.32136361909210454,0.0,0.406,0.0,-0.0,0.0,1
2012-07-24 19:30:00+00:00,0.0704667,0.18729646429175,0.0732695129925,0.0,0.256,3.0334606664605257,3.0334607,0.30468340856578857,0.0,0.256,0.0,-0.0,0.0,1
2012-07-24 20:00:00+00:00,0.0515862,0.1657018452155,0.05363804110499999,0.0,0.25,2.9018817190921045,2.9018817,0.28384156646052583,0.0,0.25,0.0,-0.0,0.0,1
2012-07-24 20:30:00+00:00,0.05164155,0.165765151916375,0.05369559265124999,0.0,0.2,2.7966185611973677,2.7966186,0.2618824190921045,0.0,0.2,0.0,-0.0,0.0,1
2012-07-24 21:00:00+00:00,0.0505653,0.16453418828825,0.0525765348075,0.0,0.238,2.671355403302631,2.6713554,0.2408313611973676,0.0,0.238,0.0,-0.0,0.0,1
2012-07-24 21:30:00+00:00,0.04417545,0.157225781376125,0.045932528523749995,0.0,0.194,2.569250140144736,2.5692501,0.22163980330263078,0.0,0.194,0.0,-0.0,0.0,1
2012-07-24 22:00:00+00:00,0.03567615,0.14750468575287498,0.03709516886624999,0.0,0.425,2.34556592961842,2.3455659,0.20607914014473616,0.0,0.425,0.0,-0.0,0.0,1
2012-07-24 22:30:00+00:00,0.04900935,0.162754566585875,0.050958696896249996,0.0,0.663,1.9966185611973675,1.9966186,0.19437982961842026,0.0,0.663,0.0,-0.0,0.0,1
2012-07-24 23:00:00+00:00,0.04035015,0.152850584937875,0.04195507721625,0.0,0.231,1.8750396138289465,1.8750396,0.18604076119736757,0.0,0.231,0.0,-0.0,0.0,1
2012-07-24 23:30:00+00:00,0.03929235,0.151640723543375,0.04085520322124999,0.0,0.144,1.799250140144736,1.7992501,0.17979671382894646,0.0,0.144,0.0,-0.0,0.0,1
2012-07-25 00:00:00+00:00,0.03525795,0.09752636845737502,0.03666033496125,0.0,0.063,2.511750140144736,2.5117501,0.7124999598552639,1.5,0.0,1.563,0.0,0.07621685694943857,1
2012-07-25 00:30:00+00:00,0.0334929,0.09550758810725002,0.034825080097499996,0.0,0.131,3.224250140144736,3.2242501,0.7124999598552639,1.5,0.0,1.631,0.0,0.0778864381014624,1
2012-07-25 01:00:00+00:00,0.0365187,0.09896835442175002,0.0379712312925,0.0,0.113,3.724999985144736,3.725,0.5007498598552642,1.0542102,0.0,1.1672102,0.0,0.05775843637914086,1
2012-07-25 01:30:00+00:00,0.0371091,0.09964362589775001,0.03858511445249999,0.0,0.1,3.724999985144736,3.725,1.4855264129920442e-08,0.0,0.0,0.1,0.0,0.004982181294887501,1
2012-07-25 02:00:00+00:00,0.03381885,0.09588039423462501,0.03516399475874999,0.0,0.106,4.437499985144736,4.4375,0.712500014855264,1.5,0.0,1.606,0.0,0.07699195657040389,1
2012-07-25 02:30:00+00:00,0.0325581,0.09443840827025,0.03385309842749999,0.0,0.188,5.149999985144737,5.15,0.712500014855264,1.5,0.0,1.688,0.0,0.07970601658009101,1
2012-07-25 03:00:00+00:00,0.0321522,0.09397415913049999,0.033431053754999995,0.0,0.156,5.862499985144737,5.8625,0.7125000148552632,1.5,0.0,1.656,0.0,0.07781060376005398,1
2012-07-25 03:30:00+00:00,0.03226905,0.094107806610125,0.03355255146375,0.0,0.081,6.574999985144737,6.575,0.7125000148552632,1.5,0.0,1.581,0.0,0.0743922211253038,1
2012-07-25 04:00:00+00:00,0.03228135,0.094121874765875,0.033565340696249994,0.0,0.131,7.287499985144738,7.2875,0.7125000148552623,1.5,0.0,1.631,0.0,0.07675638887157106,1
2012-07-25 04:30:00+00:00,0.032349,0.09419924962250001,0.033635681475000005,0.0,0.075,7.999999985144738,8.0,0.7125000148552623,1.5,0.0,1.575,0.0,0.07418190907771875,1
2012-07-25 05:00:00+00:00,0.0324105,0.32416959040125004,0.0336996276375,0.0,0.119,7.937368406197369,7.9373684,0.15290678514473832,0.0,0.119,0.0,-0.0,0.0,1
2012-07-25 05:30:00+00:00,0.03349905,0.325414622185125,0.03483147471375,0.0,0.1,7.884736827250001,7.8847368,0.162479606197369,0.0,0.1,0.0,-0.0,0.0,1
2012-07-25 06:00:00+00:00,0.03595905,0.328228253335125,0.03738932121374999,0.0,0.125,7.8189473535657905,7.8189474,0.1750738272500012,0.0,0.125,0.0,-0.0,0.0,1
2012-07-25 06:30:00+00:00,0.0416601,0.33474884352525,0.04331713047749999,0.0,0.094,7.769473669355264,7.7694737,0.18917965356579014,0.0,0.094,0.0,-0.0,0.0,1
2012-07-25 07:00:00+00:00,0.0406515,0.33359525475375,0.0422684134125,0.0,0.581,7.463684195671053,7.4636842,0.20213536935526388,0.0,0.581,0.0,-0.0,0.0,1
2012-07-25 07:30:00+00:00,0.04009185,0.332955153667125,0.04168650333374999,0.006,1.269,6.79894735356579,6.7989474,0.21375739567105345,0.0,1.263,0.0,-0.0,0.0,1
2012-07-25 08:00:00+00:00,0.0489663,0.34310532804075,0.050913934582499994,0.05,1.413,6.081578932513159,6.0815789,0.2228269535657903,0.0,1.363,0.0,-0.0,0.0,1
2012-07-25 08:30:00+00:00,0.04742265,0.341339774494125,0.049308885903749995,0.113,1.381,5.414210511460527,5.4142105,0.22825273251315892,0.0,1.268,0.0,-0.0,0.0,1
2012-07-25 09:00:00+00:00,0.04392945,0.337344418261125,0.045676743873749995,0.031,1.431,4.6773684061973695,4.6773684,0.22918811146052676,0.0,1.4,2.220446049250313e-16,0.0,3.745275403822801e-17,1
2012-07-25 09:30:00+00:00,0.0431976,0.336507362994,0.044915784539999996,0.019,1.275,4.016315774618422,4.0163158,0.22515860619736916,0.0,1.256,0.0,-0.0,0.0,1
2012-07-25 10:00:00+00:00,0.0397044,0.332512006761,0.041283642509999996,0.106,1.481,3.2926315640921064,3.2926316,0.21618597461842226,0.0,1.375,0.0,-0.0,0.0,1
2012-07-25 10:30:00+00:00,0.0396183,0.33241352967075005,0.0411941178825,0.275,1.638,2.575263143039475,2.5752631,0.20288806409210647,0.0,1.363,0.0,-0.0,0.0,1
2012-07-25 11:00:00+00:00,0.03929235,0.151640723543375,0.04085520322124999,0.331,0.944,2.575263143039475,2.5752631,4.3039475094985846e-08,0.0,0.0,0.613,0.0,0.046477881766044435,1
2012-07-25 11:30:00+00:00,0.0385851,0.15083180458774997,0.040119822352499994,0.344,0.144,2.670263143039475,2.6702631,4.3039475094985846e-08,0.2,0.0,0.0,-0.0,0.0,1
2012-07-25 12:00:00+00:00,0.0350919,0.14683644835475002,0.0364876803225,0.344,0.163,2.756238143039475,2.7562381,4.3039475094985846e-08,0.181,0.0,0.0,-0.0,0.0,1
2012-07-25 12:30:00+00:00,0.0346122,0.14628779028049999,0.035988900255,0.344,0.081,2.8811631430394753,2.8811631,4.3039475094985846e-08,0.263,0.0,5.551115123125783e-17,0.0,4.060301824773682e-18,1
2012-07-25 13:00:00+00:00,0.03444,0.14609083609999998,0.035809851,0.331,0.144,2.9699881430394752,2.9699881,4.3039475094985846e-08,0.187,0.0,0.0,5.551115123125783e-17,-9.939230272149046e-19,1
2012-07-25 13:30:00+00:00,0.0343416,0.14597829085400002,0.035707537139999995,0.313,0.144,3.050263143039475,3.0502631,4.3039475094985846e-08,0.169,0.0,0.0,-0.0,0.0,1
2012-07-25 14:00:00+00:00,0.03383115,0.145394462390375,0.035176783991249995,0.294,0.194,3.097763143039475,3.0977631,4.3039475094985846e-08,0.1,0.0,5.551115123125783e-17,0.0,4.035506994969768e-18,1
2012-07-25 14:30:00+00:00,0.03383115,0.145394462390375,0.035176783991249995,0.256,0.131,3.157138143039475,3.1571381,4.3039475094985846e-08,0.125,0.0,0.0,-0.0,0.0,1
2012-07-25 15:00:00+00:00,0.0343416,0.14597829085400002,0.035707537139999995,0.225,0.163,3.1865881430394754,3.1865881,4.3039475094985846e-08,0.062,0.0,0.0,-0.0,0.0,1
2012-07-25 15:30:00+00:00,0.03444615,0.146097870177875,0.03581624561625,0.181,0.181,3.1865881430394754,3.1865881,4.3039475539075056e-08,0.0,0.0,0.0,-0.0,0.0,1
2012-07-25 16:00:00+00:00,0.03469215,0.14637923329287497,0.03607203026624999,0.125,0.113,3.1922881430394754,3.1922881,4.3039475539075056e-08,0.012,0.0,0.0,-0.0,0.0,1
2012-07-25 16:30:00+00:00,0.03437235,0.146013461243375,0.03573951022125,0.038,0.319,3.1922881430394754,3.1922881,4.3039475539075056e-08,0.0,0.0,0.281,0.0,0.02051489130469419,1
2012-07-25 17:00:00+00:00,0.03736125,0.149432023090625,0.038847293718749995,0.0,0.8,3.1922881430394754,3.1922881,4.3039475539075056e-08,0.0,0.0,0.8,0.0,0.05977280923625,1
2012-07-25 17:30:00+00:00,0.03736125,0.149432023090625,0.038847293718749995,0.0,0.738,3.1922881430394754,3.1922881,4.3039475539075056e-08,0.0,0.0,0.738,0.0,0.055140416520440626,1
2012-07-25 18:00:00+00:00,0.0452886,0.1584989494715,0.047089954064999995,0.0,0.569,2.892814458828949,2.8928145,0.33868064303947554,0.0,0.569,0.0,-0.0,0.0,1
2012-07-25 18:30:00+00:00,0.0454977,0.15873810811925002,0.0473073710175,0.0,0.219,2.777551300934212,2.7775513,0.33882765882894894,0.0,0.219,0.0,-0.0,0.0,1
2012-07-25 19:00:00+00:00,0.0441324,0.157176542831,0.04588776620999999,0.0,0.213,2.6654460377763174,2.665446,0.33003300093421206,0.0,0.213,0.0,-0.0,0.0,1
2012-07-25 19:30:00+00:00,0.03971055,0.152119040838875,0.04129003712625,0.0,0.244,2.5370249851447384,2.537025,0.31336263777631723,0.0,0.244,0.0,-0.0,0.0,1
2012-07-25 20:00:00+00:00,0.04014105,0.152611426290125,0.04173766026374999,0.0,0.225,2.4186039325131596,2.4186039,0.2925069851447386,0.0,0.225,0.0,-0.0,0.0,1
2012-07-25 20:30:00+00:00,0.0413526,0.1539971396315,0.042997399665000005,0.0,0.275,2.2738670904078964,2.2738671,0.27050643251315964,0.0,0.275,0.0,-0.0,0.0,1
2012-07-25 21:00:00+00:00,0.0407499,0.15330779999975,0.04237072727249999,0.0,0.319,2.1059723535657913,2.1059724,0.24938599040789633,0.0,0.319,0.0,-0.0,0.0,1
2012-07-25 21:30:00+00:00,0.0360267,0.14790562819175002,0.037459661992500004,0.0,0.731,1.7212355114605282,1.7212355,0.23009955356579126,0.0,0.731,0.0,-0.0,0.0,1
2012-07-25 22:00:00+00:00,0.03423705,0.145858711530125,0.03559882866375,0.0,0.7,1.3901367956710544,1.3901368,0.21441391146052813,0.0,0.62908756,0.07091243999999997,0.0,0.005171598564928646,1
2012-07-25 22:30:00+00:00,0.03801315,0.150177635345375,0.03952512304125,0.0,0.475,1.1401367956710544,1.1401368,0.20255929567105446,0.0,0.475,0.0,-0.0,0.0,1
2012-07-25 23:00:00+00:00,0.0337512,0.14530301937800003,0.03509365398,0.0,0.138,1.1401367956710544,1.1401368,4.3289456463924125e-09,0.0,0.0,0.138,0.0,0.010025908337082003,1
2012-07-25 23:30:00+00:00,0.0345384,0.146203381346,0.03591216485999999,0.0,0.094,1.090663111460528,1.0906631,0.14013679567105441,0.0,0.094,0.0,-0.0,0.0,1
2012-07-26 00:00:00+00:00,0.0336774,0.0957186104435,0.035016918585,0.0,0.125,1.803163111460528,1.8031631,0.7124999885394718,1.5,0.0,1.625,0.0,0.07777137098534374,1
2012-07-26 00:30:00+00:00,0.0339603,0.09604217802575002,0.0353110709325,0.0,0.1,2.515663111460528,2.5156631,0.7124999885394718,1.5,0.0,1.6,0.0,0.07683374242060002,1
2012-07-26 01:00:00+00:00,0.03451995,0.09668227911237502,0.03589298101125,0.0,0.125,3.012500001460528,3.0125,0.4968368885394723,1.0459724,0.0,1.1709724,0.0,0.05660614020484382,1
2012-07-26 01:30:00+00:00,0.03390495,0.09597887132487501,0.03525351938625,0.0,0.094,3.725000001460528,3.725,0.7124999985394722,1.5,0.0,1.594,0.0,0.07649516044592539,1
2012-07-26 02:00:00+00:00,0.03255195,0.09443137419237502,0.033846703811250003,0.0,0.119,4.437500001460528,4.4375,0.7124999985394722,1.5,0.0,1.619,0.0,0.07644219740872758,1
2012-07-26 02:30:00+00:00,0.03132195,0.093024558617375,0.032567780561249995,0.0,0.175,5.150000001460528,5.15,0.7124999985394727,1.5,0.0,1.675,0.0,0.07790806784205156,1
2012-07-26 03:00:00+00:00,0.030504,0.09208902626,0.0317172966,0.0,0.088,5.862500001460528,5.8625,0.7124999985394718,1.5,0.0,1.588,0.0,0.07311868685044,1
2012-07-26 03:30:00+00:00,0.0296061,0.09106205089025,0.030783682627499996,0.0,0.15,6.575000001460529,6.575,0.7124999985394718,1.5,0.0,1.65,0.0,0.07512619198445625,1
2012-07-26 04:00:00+00:00,0.0262851,0.08726364883775001,0.027330589852499997,0.0,0.106,7.287500001460529,7.2875,0.7124999985394709,1.5,0.0,1.606,0.0,0.07007271001671327,1
2012-07-26 04:30:00+00:00,0.02763195,0.08880411189237501,0.02873101081125,0.0,0.094,8.0,8.0,0.7124999985394709,1.5,0.0,1.594,0.0,0.07077687717822288,1
2012-07-26 05:00:00+00:00,0.03023955,0.321686560911375,0.03144232810124999,0.0,0.138,7.927368421052631,7.9273684,0.15661639999999988,0.0,0.138,0.0,-0.0,0.0,1
2012-07-26 05:30:00+00:00,0.0331854,0.3250558842135,0.034505349284999993,0.0,0.1,7.874736842105263,7.8747368,0.1656805210526313,0.0,0.1,0.0,-0.0,0.0,1
2012-07-26 06:00:00+00:00,0.0336528,0.32559047413200004,0.03499134011999999,0.0,0.1,7.822105263157895,7.8221053,0.17774784210526295,0.0,0.1,0.0,-0.0,0.0,1
2012-07-26 06:30:00+00:00,0.03750885,0.33000084095962506,0.03900076450875,0.0,0.119,7.759473684210526,7.7594737,0.1913142631578948,0.0,0.119,0.0,-0.0,0.0,1
2012-07-26 07:00:00+00:00,0.04011645,0.332983289978625,0.041712081798749995,0.0,0.138,7.686842105263158,7.6868421,0.20372838421052641,0.0,0.138,0.0,-0.0,0.0,1
2012-07-26 07:30:00+00:00,0.0389295,0.33162571294875004,0.040477920862499996,0.0,0.075,7.647368421052631,7.6473684,0.21480360526315767,0.0,0.075,0.0,-0.0,0.0,1
2012-07-26 08:00:00+00:00,0.04278555,0.336036079776375,0.04448734525124999,0.013,0.844,7.21,7.21,0.2233222210526309,0.0,0.831,0.0,-0.0,0.0,1
2012-07-26 08:30:00+00:00,0.04170315,0.33479808207037504,0.04336189279125,0.038,0.75,6.835263157894737,6.8352632,0.22819310000000037,0.0,0.712,0.0,-0.0,0.0,1
2012-07-26 09:00:00+00:00,0.03966135,0.332462768215875,0.041238880196249994,0.031,0.706,6.4799999999999995,6.48,0.22856895789473697,0.0,0.675,0.0,1.1102230246251565e-16,-2.289217715181757e-18,1
2012-07-26 09:30:00+00:00,0.0396183,0.33241352967075005,0.0411941178825,0.044,1.375,5.779473684210526,5.7794737,0.22397399999999923,0.0,1.331,0.0,-0.0,0.0,1
2012-07-26 10:00:00+00:00,0.03958755,0.33237835928137505,0.041162144801249995,0.094,0.975,5.31578947368421,5.3157895,0.21442898421052625,0.0,0.881,0.0,-0.0,0.0,1
2012-07-26 10:30:00+00:00,0.03956295,0.33235022296987504,0.04113656633625,0.094,1.013,4.832105263157894,4.8321053,0.20055047368420986,0.0,0.919,0.0,1.1102230246251565e-16,-2.2835381550262434e-18,1
2012-07-26 11:00:00+00:00,0.03674625,0.14872861530312498,0.03820783209375,0.088,1.056,4.322631578947368,4.3226316,0.1835946631578942,0.0,0.968,1.1102230246251565e-16,0.0,8.256096656507338e-18,1
2012-07-26 11:30:00+00:00,0.03440925,0.146055665710625,0.03577787791875,0.1,0.994,4.322631578947368,4.3226316,2.105263252616396e-08,0.0,0.0,0.894,0.0,0.06528688257264938,1
2012-07-26 12:00:00+00:00,0.03442155,0.146069733866375,0.035790667151250004,0.106,0.794,4.322631578947368,4.3226316,2.105263252616396e-08,0.0,0.0,0.6880000000000001,0.0,0.050247988450033004,1
2012-07-26 12:30:00+00:00,0.0344646,0.1461189724115,0.03583542946499999,0.119,0.694,4.322631578947368,4.3226316,2.105263252616396e-08,0.0,0.0,0.575,0.0,0.042009204568306244,1
2012-07-26 13:00:00+00:00,0.0343416,0.14597829085400002,0.035707537139999995,0.119,0.831,4.322631578947368,4.3226316,2.105263252616396e-08,0.0,0.0,0.712,0.0,0.051968271544024,1
2012-07-26 13:30:00+00:00,0.03412635,0.145732098128375,0.03548372557125,0.069,0.825,4.322631578947368,4.3226316,2.105263252616396e-08,0.0,0.0,0.756,0.0,0.05508673309252576,1
2012-07-26 14:00:00+00:00,0.0338988,0.14547183724700002,0.03524712477,0.019,0.956,4.322631578947368,4.3226316,2.105263252616396e-08,0.0,0.0,0.9369999999999999,0.0,0.0681535557502195,1
2012-07-26 14:30:00+00:00,0.0337389,0.14528895122225002,0.0350808647475,0.031,1.019,4.322631578947368,4.3226316,2.105263252616396e-08,0.0,0.0,0.9879999999999999,0.0,0.0717727419037915,1
2012-07-26 15:00:00+00:00,0.033825,0.1453874283125,0.035170389375,0.038,0.856,4.322631578947368,4.3226316,2.105263252616396e-08,0.0,0.0,0.818,0.0,0.0594634581798125,1
2012-07-26 15:30:00+00:00,0.0339849,0.14557031433724998,0.035336649397499996,0.15,0.606,4.322631578947368,4.3226316,2.105263252616396e-08,0.0,0.0,0.45599999999999996,0.0,0.03319003166889299,1
2012-07-26 16:00:00+00:00,0.03418785,0.145802438907125,0.035547671733749994,0.094,0.544,4.322631578947368,4.3226316,2.105263252616396e-08,0.0,0.0,0.45000000000000007,0.0,0.03280554875410313,1
2012-07-26 16:30:00+00:00,0.0365187,0.14846835442175,0.0379712312925,0.025,0.463,4.248737194736841,4.2487372,0.07389437894736783,0.0,0.14039933,0.29760067,0.0,0.022092140874855132,1
2012-07-26 17:00:00+00:00,0.0378225,0.14995957893125,0.0393268899375,0.0,1.225,3.7694477789473675,3.7694478,0.2994889947368411,0.0,0.91064989,0.3143501100000001,0.0,0.02356990506629607,1
2012-07-26 17:30:00+00:00,0.03880035,0.15107799731337498,0.04034363392125,0.0,1.344,3.4513488947368414,3.4513489,0.3180988789473673,0.0,0.60438788,0.7396121200000001,0.0,0.05586955893914979,1
2012-07-26 18:00:00+00:00,0.0475272,0.161059353818,0.04941759438,0.0,1.0,2.9250331052631573,2.9250331,0.3274763947368413,0.0,1.0,0.0,-0.0,0.0,1
2012-07-26 18:30:00+00:00,0.0481545,0.16177682976125002,0.0500698452375,0.0,0.138,2.8524015263157887,2.8524015,0.3271630052631571,0.0,0.138,0.0,-0.0,0.0,1
2012-07-26 19:00:00+00:00,0.0477978,0.16136885324449998,0.049698957494999994,0.0,0.194,2.7502962631578938,2.7502963,0.31794342631578854,0.0,0.194,0.0,-0.0,0.0,1
2012-07-26 19:30:00+00:00,0.04213365,0.154890467521625,0.04380951592875,0.0,0.15,2.671348894736841,2.6713489,0.30088766315789384,0.0,0.15,0.0,-0.0,0.0,1
2012-07-26 20:00:00+00:00,0.0396675,0.15206980229375,0.041245274812499996,0.0,0.181,2.576085736842104,2.5760857,0.2796804947368412,0.0,0.181,0.0,-0.0,0.0,1
2012-07-26 20:30:00+00:00,0.04620495,0.159547027074875,0.04804275188625,0.0,0.206,2.467664684210525,2.4676647,0.2573595368421042,0.0,0.206,0.0,-0.0,0.0,1
2012-07-26 21:00:00+00:00,0.04458135,0.157690030515875,0.04635457319624999,0.0,0.238,2.3424015263157885,2.3424015,0.2359513842105252,0.0,0.238,0.0,-0.0,0.0,1
2012-07-26 21:30:00+00:00,0.03966135,0.152062768215875,0.041238880196249994,0.0,0.194,2.2402962631578935,2.2402963,0.21641402631578854,0.0,0.194,0.0,-0.0,0.0,1
2012-07-26 22:00:00+00:00,0.03634035,0.14826436616337502,0.03778578742125,0.0,0.2,2.135033105263157,2.1350331,0.20051086315789357,0.0,0.2,0.0,-0.0,0.0,1
2012-07-26 22:30:00+00:00,0.04311765,0.156015919981625,0.044832654528749995,0.0,0.6,1.8192436315789462,1.8192436,0.18847290526315685,0.0,0.6,0.0,-0.0,0.0,1
2012-07-26 23:00:00+00:00,0.03659865,0.14855979743412498,0.03805436130375,0.0,0.463,1.5755594210526305,1.5755594,0.1798004315789461,0.0,0.463,0.0,-0.0,0.0,1
2012-07-26 23:30:00+00:00,0.0362973,0.14821512761825,0.03774102510749999,0.0,0.706,1.2039804736842095,1.2039805,0.17323412105263047,0.0,0.706,0.0,-0.0,0.0,1
2012-07-27 00:00:00+00:00,0.0342555,0.09637981376375002,0.035618012512500005,0.0,0.125,1.9164804736842094,1.9164805,0.7125000263157906,1.5,0.0,1.625,0.0,0.07830859868304689,1
2012-07-27 00:30:00+00:00,0.0339234,0.09599997355850001,0.035272703235,0.0,0.125,2.6289804736842095,2.6289805,0.7125000263157906,1.5,0.0,1.625,0.0,0.07799997851628127,1
2012-07-27 01:00:00+00:00,0.03822225,0.10091679399312502,0.03974253999375,0.0,0.081,3.3414804736842094,3.3414805,0.7125000263157903,1.5,0.0,1.581,0.0,0.07977472565156532,1
2012-07-27 01:30:00+00:00,0.03846825,0.10119815710812499,0.03999832464375,0.0,0.125,3.7250000004342096,3.725,0.38351952631579067,0.80740953,0.0,0.93240953,0.0,0.04717906305302649,1
2012-07-27 02:00:00+00:00,0.03443385,0.09658380202212502,0.03580345638375,0.0,0.113,4.437500000434209,4.4375,0.7124999995657904,1.5,0.0,1.613,0.0,0.07789483633084383,1
2012-07-27 02:30:00+00:00,0.03321,0.09518402052500002,0.03453092775,0.0,0.081,5.1500000004342095,5.15,0.7124999995657912,1.5,0.0,1.581,0.0,0.07524296822501252,1
2012-07-27 03:00:00+00:00,0.032349,0.09419924962250001,0.033635681475000005,0.0,0.138,5.86250000043421,5.8625,0.7124999995657904,1.5,0.0,1.638,0.0,0.07714918544082751,1
2012-07-27 03:30:00+00:00,0.03140805,0.09312303570762501,0.03265730518875,0.0,0.088,6.57500000043421,6.575,0.7124999995657904,1.5,0.0,1.588,0.0,0.07393969035185426,1
2012-07-27 04:00:00+00:00,0.031734,0.09349584183500001,0.032996219849999994,0.0,0.156,7.2875000004342105,7.2875,0.7124999995657895,1.5,0.0,1.656,0.0,0.07741455703938001,1
2012-07-27 04:30:00+00:00,0.0318324,0.09360838708100001,0.033098533709999996,0.0,0.125,8.0,8.0,0.7124999995657895,1.5,0.0,1.625,0.0,0.07605681450331252,1
2012-07-27 05:00:00+00:00,0.03279795,0.324612737307375,0.03410248846125,0.0,0.131,7.931052631578948,7.9310526,0.14374709999999968,0.0,0.131,0.0,-0.0,0.0,1
2012-07-27 05:30:00+00:00,0.0343908,0.326434563477,0.03575869406999999,0.0,0.088,7.884736842105263,7.8847368,0.15319083157894742,0.0,0.088,0.0,-0.0,0.0,1
2012-07-27 06:00:00+00:00,0.03678315,0.32917081977037504,0.03824619979125,0.0,0.144,7.808947368421053,7.8089474,0.16567754210526342,0.0,0.144,0.0,-0.0,0.0,1
2012-07-27 06:30:00+00:00,0.03937845,0.33213920063362506,0.04094472784875,0.0,0.138,7.736315789473684,7.7363158,0.179707268421053,0.0,0.138,0.0,-0.0,0.0,1
2012-07-27 07:00:00+00:00,0.04959975,0.343829838061875,0.05157258005625,0.0,0.063,7.703157894736842,7.7031579,0.19263648947368406,0.0,0.063,0.0,-0.0,0.0,1
2012-07-27 07:30:00+00:00,0.0414756,0.334537821189,0.043125291989999995,0.006,0.275,7.561578947368421,7.5615789,0.2042735947368417,0.0,0.269,0.0,-0.0,0.0,1
2012-07-27 08:00:00+00:00,0.0498765,0.34414637156625005,0.051860337787499995,0.063,0.113,7.535263157894737,7.5352632,0.21339914736842136,0.0,0.05,0.0,-0.0,0.0,1
2012-07-27 08:30:00+00:00,0.0499872,0.344272984968,0.05197544088,0.106,0.369,7.396842105263158,7.3968421,0.21891955789473716,0.0,0.263,0.0,-0.0,0.0,1
2012-07-27 09:00:00+00:00,0.0388557,0.33154130401425,0.040401185467499996,0.025,0.2,7.304736842105263,7.3047368,0.21998410526315748,0.0,0.175,2.7755575615628914e-17,0.0,4.601059866635865e-18,1
2012-07-27 09:30:00+00:00,0.03950145,0.33227988219112503,0.04107262017375,0.006,0.131,7.238947368421052,7.2389474,0.21611284210526271,0.0,0.125,0.0,-0.0,0.0,1
2012-07-27 10:00:00+00:00,0.0373797,0.32985312532425004,0.0388664775675,0.15,0.088,7.268397368421052,7.2683974,0.20732206842105239,0.062,0.0,0.0,-0.0,0.0,1
2012-07-27 10:30:00+00:00,0.0342924,0.32632201823100004,0.03565638021,0.3,0.113,7.357222368421052,7.3572224,0.19422426842105178,0.187,0.0,0.0,-0.0,0.0,1
2012-07-27 11:00:00+00:00,0.03443385,0.146083802022125,0.03580345638375,0.344,0.131,7.458397368421052,7.4583974,0.17807136842105198,0.213,0.0,0.0,-0.0,0.0,1
2012-07-27 11:30:00+00:00,0.03447075,0.14612600648937502,0.03584182408125,0.35,0.075,7.589022368421052,7.5890224,0.16071336842105133,0.275,0.0,5.551115123125783e-17,0.0,4.0558114225257296e-18,1
2012-07-27 12:00:00+00:00,0.0343662,0.1460064271655,0.035733115605,0.35,0.219,7.651247368421052,7.6512474,0.14445106842105204,0.131,0.0,0.0,-0.0,0.0,1
2012-07-27 12:30:00+00:00,0.0344646,0.1461189724115,0.03583542946499999,0.356,0.788,7.42387894736842,7.4238789,0.13178276842105152,0.0,0.432,5.551115123125783e-17,0.0,4.055616187645383e-18,1
2012-07-27 13:00:00+00:00,0.0339603,0.14554217802575,0.0353110709325,0.325,0.881,7.131247368421052,7.1312474,0.12507024736841998,0.0,0.556,0.0,-0.0,0.0,1
2012-07-27 13:30:00+00:00,0.03378195,0.14533818976737498,0.03512562706124999,0.25,0.644,6.92387894736842,6.9238789,0.1261690684210519,0.0,0.394,0.0,-0.0,0.0,1
2012-07-27 14:00:00+00:00,0.0330009,0.14444486187724997,0.034313510797499995,0.3,0.5,6.818615789473683,6.8186158,0.13608934736842038,0.0,0.2,0.0,-0.0,0.0,1
2012-07-27 14:30:00+00:00,0.03276105,0.144170532840125,0.03406412076375,0.25,0.875,6.489668421052631,6.4896684,0.15475238947368286,0.0,0.625,0.0,-0.0,0.0,1
2012-07-27 15:00:00+00:00,0.0325335,0.14391027195875,0.0338275199625,0.25,0.194,6.516268421052631,6.5162684,0.18090322105263112,0.056,0.0,0.0,-0.0,0.0,1
2012-07-27 15:30:00+00:00,0.03390495,0.145478871324875,0.03525351938625,0.188,0.156,6.531468421052631,6.5314684,0.21220932105263124,0.032,0.0,0.0,-0.0,0.0,1
2012-07-27 16:00:00+00:00,0.03396645,0.145549212103625,0.035317465548749996,0.119,0.25,6.462521052631579,6.4625211,0.2455446210526313,0.0,0.131,0.0,-0.0,0.0,1
2012-07-27 16:30:00+00:00,0.0350181,0.14675203942025,0.0364109449275,0.044,0.644,6.146731578947368,6.1467316,0.2774187526315792,0.0,0.6,0.0,-0.0,0.0,1
2012-07-27 17:00:00+00:00,0.0331977,0.14466995236925,0.0345181385175,0.0,1.263,5.481994736842105,5.4819947,0.30448227894736846,0.0,1.263,0.0,-0.0,0.0,1
2012-07-27 17:30:00+00:00,0.03408945,0.145689893661125,0.03544535787375,0.0,1.663,4.692521052631578,4.6925211,0.32401763684210483,0.0,1.5,0.16300000000000003,0.0,0.01187372633338169,1
2012-07-27 18:00:00+00:00,0.03893565,0.15123274702662498,0.04048431547875,0.0,1.844,3.903047368421052,3.9030474,0.33432835263157834,0.0,1.5,0.3440000000000001,0.0,0.026012032488579504,1
2012-07-27 18:30:00+00:00,0.0387819,0.15105689507975,0.0403244500725,0.0,1.4,3.166205263157894,3.1662053,0.33495466842105204,0.0,1.4,0.0,-0.0,0.0,1
2012-07-27 19:00:00+00:00,0.03929235,0.151640723543375,0.04085520322124999,0.0,0.519,2.8930473684210516,2.8930474,0.32667886315789385,0.0,0.519,0.0,-0.0,0.0,1
2012-07-27 19:30:00+00:00,0.03571305,0.147546890220125,0.03713353656375,0.0,0.275,2.7483105263157883,2.7483105,0.31057146842105166,0.0,0.275,0.0,-0.0,0.0,1
2012-07-27 20:00:00+00:00,0.0341448,0.145753200362,0.035502909420000006,0.0,0.213,2.6362052631578936,2.6362053,0.2903073263157885,0.0,0.213,0.0,-0.0,0.0,1
2012-07-27 20:30:00+00:00,0.0420537,0.15479902450925,0.0437263859175,0.0,0.238,2.510942105263157,2.5109421,0.26891826315789347,0.0,0.238,0.0,-0.0,0.0,1
2012-07-27 21:00:00+00:00,0.03867735,0.15093731575587502,0.04021574159624999,0.0,0.294,2.356205263157894,2.3562053,0.24842850526315674,0.0,0.294,0.0,-0.0,0.0,1
2012-07-27 21:30:00+00:00,0.03670935,0.148686410835875,0.03816946439625,0.0,0.188,2.257257894736841,2.2572579,0.22979666315789382,0.0,0.188,0.0,-0.0,0.0,1
2012-07-27 22:00:00+00:00,0.03388035,0.145450735013375,0.03522794092124999,0.0,0.469,2.0104157894736834,2.0104158,0.21477939473684104,0.0,0.469,0.0,-0.0,0.0,1
2012-07-27 22:30:00+00:00,0.04082985,0.153399243012125,0.04245385728375,0.0,0.663,1.6614684210526307,1.6614684,0.20360518947368345,0.0,0.663,0.0,-0.0,0.0,1
2012-07-27 23:00:00+00:00,0.03603285,0.14791266226962502,0.03746605660874999,0.0,0.594,1.3488368421052623,1.3488368,0.1957728210526306,0.0,0.594,0.0,-0.0,0.0,1
2012-07-27 23:30:00+00:00,0.0399504,0.152393369876,0.041539427159999996,0.0,0.094,1.299363157894736,1.2993632,0.19002284210526232,0.0,0.094,0.0,-0.0,0.0,1
2012-07-28 00:00:00+00:00,0.03801315,0.100677635345375,0.03952512304125,0.0,0.106,1.587500000894736,1.5875,0.2881368421052639,0.60660388,0.0,0.71260388,0.0,0.03587163678816968,1
2012-07-28 00:30:00+00:00,0.03745965,0.10004456833662499,0.03894960757874999,0.0,0.125,2.3000000008947357,2.3,0.7124999991052638,1.5,0.0,1.625,0.0,0.08128621177350781,1
2012-07-28 01:00:00+00:00,0.0363711,0.09879953655275002,0.0378177605025,0.0,0.1,3.0125000008947356,3.0125,0.7124999991052645,1.5,0.0,1.6,0.0,0.07903962924220002,1
2012-07-28 01:30:00+00:00,0.0353379,0.09761781146975,0.036743464972499994,0.0,0.094,3.7250000008947355,3.725,0.7124999991052645,1.5,0.0,1.594,0.0,0.07780139574139075,1
2012-07-28 02:00:00+00:00,0.03336375,0.09535987247187501,0.03469079315625,0.0,0.094,4.437500000894735,4.4375,0.7124999991052645,1.5,0.0,1.594,0.0,0.07600181836008439,1
2012-07-28 02:30:00+00:00,0.03380655,0.095866326078875,0.03515120552624999,0.0,0.125,5.150000000894735,5.15,0.7124999991052654,1.5,0.0,1.625,0.0,0.07789138993908594,1
2012-07-28 03:00:00+00:00,0.0342186,0.09633760929650001,0.035579644815000006,0.0,0.063,5.862500000894736,5.8625,0.7124999991052645,1.5,0.0,1.563,0.0,0.07528784166521475,1
2012-07-28 03:30:00+00:00,0.03411405,0.096218029972625,0.035470936338749995,0.0,0.113,6.575000000894736,6.575,0.7124999991052645,1.5,0.0,1.613,0.0,0.07759984117292207,1
2012-07-28 04:00:00+00:00,0.0326934,0.0945931579835,0.03399377998499999,0.0,0.125,7.287500000894736,7.2875,0.7124999991052636,1.5,0.0,1.625,0.0,0.07685694086159375,1
2012-07-28 04:30:00+00:00,0.03085455,0.092489968698875,0.03208178972625,0.0,0.069,8.0,8.0,0.7124999991052636,1.5,0.0,1.569,0.0,0.07255838044426743,1
2012-07-28 05:00:00+00:00,0.0314634,0.32308634240850004,0.032714856735000006,0.0,0.175,7.907894736842105,7.9078947,0.16741030000000023,0.0,0.175,0.0,-0.0,0.0,1
2012-07-28 05:30:00+00:00,0.03207225,0.32378271611812504,0.033347923743749994,0.0,0.131,7.838947368421053,7.8389474,0.17724623684210528,0.0,0.131,0.0,-0.0,0.0,1
2012-07-28 06:00:00+00:00,0.03209685,0.32381085242962504,0.033373502208749996,0.0,0.1,7.786315789473685,7.7863158,0.1900809684210527,0.0,0.1,0.0,-0.0,0.0,1
2012-07-28 06:30:00+00:00,0.03385575,0.325822598701875,0.03520236245624999,0.0,0.106,7.730526315789474,7.7305263,0.2044186894736848,0.0,0.106,0.0,-0.0,0.0,1
2012-07-28 07:00:00+00:00,0.0340341,0.32602658696025005,0.0353878063275,0.0,0.113,7.671052631578948,7.6710526,0.21762391578947415,0.0,0.113,0.0,-0.0,0.0,1
2012-07-28 07:30:00+00:00,0.0335544,0.325477928886,0.03488902625999999,0.006,0.519,7.401052631578947,7.4010526,0.22949963157894793,0.0,0.513,0.0,-0.0,0.0,1
2012-07-28 08:00:00+00:00,0.0350919,0.32723644835475,0.0364876803225,0.063,0.713,7.058947368421053,7.0589474,0.23882583157894732,0.0,0.65,0.0,1.1102230246251565e-16,-2.025473140460088e-18,1
2012-07-28 08:30:00+00:00,0.0360759,0.32836190081475,0.037510818922499994,0.119,0.713,6.746315789473684,6.7463158,0.24450686842105274,0.0,0.594,0.0,-0.0,0.0,1
2012-07-28 09:00:00+00:00,0.03802545,0.33059170350112504,0.03953791227375,0.025,0.956,6.256315789473684,6.2563158,0.2456894894736834,0.0,0.931,0.0,1.1102230246251565e-16,-2.1947950275963414e-18,1
2012-07-28 09:30:00+00:00,0.03870195,0.331365452067375,0.040241320061249995,0.013,0.938,5.769473684210526,5.7694737,0.24189088947368376,0.0,0.925,0.0,1.1102230246251565e-16,-2.233842003665498e-18,1
2012-07-28 10:00:00+00:00,0.03634035,0.328664366163375,0.03778578742125,0.181,1.644,4.999473684210526,4.9994737,0.23312428421052633,0.0,1.463,0.0,2.220446049250313e-16,-4.195065119866337e-18,1
2012-07-28 10:30:00+00:00,0.03688155,0.32928336501637506,0.03834851365125,0.306,1.05,4.607894736842105,4.6078947,0.21999918421052556,0.0,0.744,0.0,-0.0,0.0,1
2012-07-28 11:00:00+00:00,0.0352641,0.14703340253525,0.036666729577499994,0.344,0.288,4.634494736842105,4.6344947,3.684210447829628e-08,0.056,0.0,0.0,-0.0,0.0,1
2012-07-28 11:30:00+00:00,0.034563,0.1462315176575,0.035937743325,0.356,0.513,4.634494736842105,4.6344947,3.684210447829628e-08,0.0,0.0,0.15700000000000003,0.0,0.011479174136113752,1
2012-07-28 12:00:00+00:00,0.0342309,0.14585167745225,0.0355924340475,0.35,0.413,4.634494736842105,4.6344947,3.684210447829628e-08,0.0,0.0,0.063,0.0,0.004594327839745875,1
2012-07-28 12:30:00+00:00,0.03373275,0.145281917144375,0.03507447013125,0.288,0.081,4.732819736842105,4.7328197,3.684210447829628e-08,0.207,0.0,0.0,-0.0,0.0,1
2012-07-28 13:00:00+00:00,0.03217065,0.143495261364125,0.033450237603749995,0.356,0.125,4.842544736842105,4.8425447,3.684210447829628e-08,0.231,0.0,0.0,-0.0,0.0,1
2012-07-28 13:30:00+00:00,0.0320907,0.14340381835175,0.0333671075925,0.238,0.1,4.908094736842105,4.9080947,3.684210447829628e-08,0.138,0.0,2.7755575615628914e-17,0.0,1.9901277619159553e-18,1
2012-07-28 14:00:00+00:00,0.03169095,0.142946603289875,0.03295145753625,0.081,0.325,4.908094736842105,4.9080947,3.684210447829628e-08,0.0,0.0,0.244,0.0,0.017439485601364747,1
2012-07-28 14:30:00+00:00,0.03110055,0.142271331813875,0.03233757437625,0.075,1.4,4.908094736842105,4.9080947,3.684210447829628e-08,0.0,0.0,1.325,0.0,0.09425475732669218,1
2012-07-28 15:00:00+00:00,0.03204765,0.14335457980662497,0.03332234527874999,0.194,1.438,4.908094736842105,4.9080947,3.684210447829628e-08,0.0,0.0,1.244,0.0,0.08916654863972073,1
2012-07-28 15:30:00+00:00,0.0327795,0.14419163507375,0.0340833046125,0.163,1.375,4.908094736842105,4.9080947,3.684210447829628e-08,0.0,0.0,1.212,0.0,0.0873801308546925,1
2012-07-28 16:00:00+00:00,0.0335667,0.14509199704175,0.034901815492499995,0.069,1.325,4.908094736842105,4.9080947,3.684210447829628e-08,0.0,0.0,1.256,0.0,0.091117774142219,1
2012-07-28 16:30:00+00:00,0.03417555,0.145788370751375,0.03553488250125,0.05,1.056,4.908094736842105,4.9080947,3.684210447829628e-08,0.0,0.0,1.006,0.0,0.07333155048794163,1
2012-07-28 17:00:00+00:00,0.0352149,0.14697712991225,0.0366155726475,0.0,1.481,4.669028678947368,4.6690287,0.2390660368421047,0.0,0.45422551,1.0267744900000002,0.0,0.07545618380365714,1
2012-07-28 17:30:00+00:00,0.0359283,0.14779308294575,0.0373573481325,0.0,0.944,4.172186573684209,4.1721866,0.34392807894736777,0.0,0.944,0.0,-0.0,0.0,1
2012-07-28 18:00:00+00:00,0.04289625,0.155762693178125,0.04460244834374999,0.0,0.9,3.6985023631578935,3.6985024,0.3535169736842092,0.0,0.9,0.0,-0.0,0.0,1
2012-07-28 18:30:00+00:00,0.04833285,0.161980818019625,0.05025528910874999,0.0,1.1,3.119554994736841,3.119555,0.35339956315789367,0.0,1.1,0.0,-0.0,0.0,1
2012-07-28 19:00:00+00:00,0.04327755,0.156198806006375,0.04499891455125,0.0,1.281,2.4453444684210512,2.4453445,0.3443596947368408,0.0,1.281,0.0,-0.0,0.0,1
2012-07-28 19:30:00+00:00,0.03909555,0.15141563305137498,0.04065057550125,0.0,0.9,1.9716602578947353,1.9716603,0.32747266842105116,0.0,0.9,0.0,-0.0,0.0,1
2012-07-28 20:00:00+00:00,0.038745,0.1510146906125,0.040286082375,0.0,0.106,1.9158707842105247,1.9158708,0.2092040578947354,0.0,0.106,0.0,-0.0,0.0,1
2012-07-28 20:30:00+00:00,0.04130955,0.15394790108637502,0.042952637351249996,0.0,0.181,1.8206076263157878,1.8206076,0.28419468421052474,0.0,0.181,0.0,-0.0,0.0,1
2012-07-28 21:00:00+00:00,0.0401964,0.15267473299099998,0.041795211809999996,0.0,0.125,1.7548181526315771,1.7548182,0.26286022631578776,0.0,0.125,0.0,-0.0,0.0,1
2012-07-28 21:30:00+00:00,0.03635265,0.14827843431912502,0.03779857665375,0.0,0.138,1.6821865736842088,1.6821866,0.13276775263157714,0.0,0.138,0.0,-0.0,0.0,1
2012-07-28 22:00:00+00:00,0.03533175,0.147110777391875,0.03673707035625,0.0,0.156,1.6220503684210508,1.6220504,0.06013617368420876,0.0,0.11425879,0.04174121,0.0,0.0030702909261887536,1
2012-07-28 22:30:00+00:00,0.03881265,0.15109206546912501,0.040356423153749994,0.0,0.181,1.5267872105263138,1.5267872,0.21540126842105067,0.0,0.181,0.0,-0.0,0.0,1
2012-07-28 23:00:00+00:00,0.0366786,0.14865124044650002,0.038137491315,0.0,0.675,1.1999899263157876,1.1999899,0.2066591105263138,0.0,0.62091484,0.054085160000000077,0.0,0.004019913061873718,1
2012-07-28 23:30:00+00:00,0.0375396,0.14963601134899998,0.03903273759,0.0,0.381,1.0,1.0,0.1999899263157876,0.0,0.37998086,0.0010191400000000295,0.0,7.625002230311213e-05,1
2012-07-29 00:00:00+00:00,0.03634035,0.09876436616337503,0.03778578742125,0.0,0.656,1.5874999975000001,1.5875,0.5874999999999999,1.2368421,0.0,1.8928421000000002,0.0,0.09347267512692588,1
2012-07-29 00:30:00+00:00,0.03504885,0.09728720980962502,0.03644291800875,0.0,0.456,2.2999999975,2.3,0.7125000024999997,1.5,0.0,1.956,0.0,0.09514689119381327,1
2012-07-29 01:00:00+00:00,0.0351411,0.09739272097775001,0.036538837252500005,0.0,0.138,3.0124999975,3.0125,0.7125000025000001,1.5,0.0,1.638,0.0,0.07976463848077725,1
2012-07-29 01:30:00+00:00,0.03469215,0.096879233292875,0.03607203026624999,0.0,0.125,3.7249999975,3.725,0.7125000025000001,1.5,0.0,1.625,0.0,0.07871437705046093,1
2012-07-29 02:00:00+00:00,0.03370815,0.095753780832875,0.03504889166625,0.0,0.081,4.4374999975,4.4375,0.7125000025000001,1.5,0.0,1.581,0.0,0.07569336374838768,1
2012-07-29 02:30:00+00:00,0.0342432,0.09636574560800001,0.035605223279999994,0.0,0.119,5.1499999975,5.15,0.7125000025000006,1.5,0.0,1.619,0.0,0.07800807106967601,1
2012-07-29 03:00:00+00:00,0.033825,0.0958874283125,0.035170389375,0.0,0.088,5.8624999975000005,5.8625,0.7125000024999997,1.5,0.0,1.588,0.0,0.076134618080125,1
2012-07-29 03:30:00+00:00,0.0324597,0.09432586302425003,0.033750784567500004,0.0,0.088,6.574999997500001,6.575,0.7125000024999997,1.5,0.0,1.588,0.0,0.07489473524125452,1
2012-07-29 04:00:00+00:00,0.03161715,0.093362194355375,0.03287472214124999,0.0,0.088,7.287499997500001,7.2875,0.7125000024999988,1.5,0.0,1.588,0.0,0.07412958231816776,1
2012-07-29 04:30:00+00:00,0.0321399,0.09396009097475001,0.0334182645225,0.0,0.106,7.999999997500002,8.0,0.7125000024999988,1.5,0.0,1.606,0.0,0.07544995305272427,1
2012-07-29 05:00:00+00:00,0.03321615,0.3250910546028751,0.03453732236625,0.0,0.094,7.950526313289475,7.9505263,0.16722859750000119,0.0,0.094,0.0,-0.0,0.0,1
2012-07-29 05:30:00+00:00,0.0314142,0.32303006978550003,0.032663699805,0.0,0.1,7.897894734342107,7.8978947,0.17619211328947504,0.0,0.1,0.0,-0.0,0.0,1
2012-07-29 06:00:00+00:00,0.03121125,0.32279794521562505,0.032452677468749996,0.0,0.119,7.835263155394738,7.8352632,0.1881715343421071,0.0,0.119,0.0,-0.0,0.0,1
2012-07-29 06:30:00+00:00,0.0321153,0.32383195466325004,0.033392686057499996,0.0,0.063,7.802105260657896,7.8021053,0.20167745539473803,0.0,0.063,0.0,-0.0,0.0,1
2012-07-29 07:00:00+00:00,0.03311775,0.324978509356875,0.034435008506249996,0.0,0.213,7.689999997500001,7.69,0.2140847606578964,0.0,0.213,0.0,-0.0,0.0,1
2012-07-29 07:30:00+00:00,0.03274875,0.32455646468437505,0.03405133153125,0.006,1.394,6.959473681710527,6.9594737,0.2251938975000014,0.0,1.388,0.0,-0.0,0.0,1
2012-07-29 08:00:00+00:00,0.0345138,0.32657524503450003,0.035886586394999996,0.069,1.256,6.334736839605264,6.3347368,0.23378578171052755,0.0,1.187,0.0,-0.0,0.0,1
2012-07-29 08:30:00+00:00,0.0341694,0.3261813366735001,0.035528487885,0.125,1.9,5.545263155394737,5.5452632,0.23876493960526357,0.0,1.5,0.2749999999999999,0.0,0.044849933792606246,1
2012-07-29 09:00:00+00:00,0.03605745,0.328340798581125,0.037491635073749995,0.025,1.494,4.772105260657895,4.7721053,0.23927715539473748,0.0,1.469,0.0,-0.0,0.0,1
2012-07-29 09:30:00+00:00,0.03813615,0.330718316902875,0.03965301536625,0.006,1.494,3.988947365921053,3.9889474,0.23483816065789487,0.0,1.488,0.0,-0.0,0.0,1
2012-07-29 10:00:00+00:00,0.0379332,0.33048619233300003,0.03944199303,0.206,0.888,3.6299999975000006,3.63,0.22545946592105315,0.0,0.682,0.0,-0.0,0.0,1
2012-07-29 10:30:00+00:00,0.03769335,0.33021186329587504,0.03919260299625,0.319,0.888,3.3305263132894742,3.3305263,0.21174879750000075,0.0,0.569,0.0,-0.0,0.0,1
2012-07-29 11:00:00+00:00,0.03813615,0.150318316902875,0.03965301536625,0.319,0.869,3.3305263132894742,3.3305263,1.3289474409816648e-08,0.0,0.0,0.55,0.0,0.04133753714829063,1
2012-07-29 11:30:00+00:00,0.0374535,0.14953753425875002,0.0389432129625,0.319,0.194,3.3899013132894744,3.3899013,1.3289474409816648e-08,0.125,0.0,0.0,-0.0,0.0,1
2012-07-29 12:00:00+00:00,0.0359898,0.1478634237245,0.037421294295000004,0.256,0.425,3.3899013132894744,3.3899013,1.3289474409816648e-08,0.0,0.0,0.16899999999999998,0.0,0.01249445930472025,1
2012-07-29 12:30:00+00:00,0.0350796,0.146822380199,0.03647489109,0.131,0.081,3.4136513132894746,3.4136513,1.3289474409816648e-08,0.05,0.0,0.0,-0.0,0.0,1
2012-07-29 13:00:00+00:00,0.0352518,0.14701933437950002,0.036653940345,0.05,0.119,3.4136513132894746,3.4136513,1.3289474409816648e-08,0.0,0.0,0.06899999999999999,0.0,0.00507216703609275,1
2012-07-29 13:30:00+00:00,0.03449535,0.146154142800875,0.03586740254625,0.1,0.106,3.4136513132894746,3.4136513,1.3289474409816648e-08,0.0,0.0,0.0059999999999999915,0.0,0.00043846242840262433,1
2012-07-29 14:00:00+00:00,0.0344769,0.14613304056725002,0.035848218697499996,0.05,0.081,3.4136513132894746,3.4136513,1.3289474409816648e-08,0.0,0.0,0.031,0.0,0.002265062128792375,1
2012-07-29 14:30:00+00:00,0.03444,0.14609083609999998,0.035809851,0.163,0.125,4.1261513132894745,4.1261513,0.7124999867105255,1.5,0.0,1.462,0.0,0.10679240118909998,1
2012-07-29 15:00:00+00:00,0.03445845,0.146111938333625,0.035829034848750003,0.088,0.7,4.838651313289475,4.8386513,0.46095228671052535,1.5,0.0,2.112,0.0,0.154294206880308,1
2012-07-29 15:30:00+00:00,0.0346737,0.14635813105925,0.0360528464175,0.156,1.5,5.551151313289475,5.5511513,0.46095228671052535,1.5,0.0,2.844,0.0,0.20812126236625347,1
2012-07-29 16:00:00+00:00,0.03685695,0.148855228704875,0.03832293518625,0.094,1.35,5.551151313289475,5.5511513,1.3289475297995068e-08,0.0,0.0,1.256,0.0,0.0934810836266615,1
2012-07-29 16:30:00+00:00,0.04052235,0.153047539118375,0.04213412647125,0.044,1.225,5.551151313289475,5.5511513,1.3289475297995068e-08,0.0,0.0,1.181,0.0,0.09037457184940044,1
2012-07-29 17:00:00+00:00,0.0446736,0.157795541684,0.04645049244,0.006,1.756,5.551151313289475,5.5511513,1.3289475297995068e-08,0.0,0.0,1.75,0.0,0.1380710989735,1
2012-07-29 17:30:00+00:00,0.04028865,0.152780244159125,0.041891131053749996,0.0,1.681,5.551151313289475,5.5511513,1.3289475297995068e-08,0.0,0.0,1.681,0.0,0.12841179521574456,1
2012-07-29 18:00:00+00:00,0.06819735,0.18470088955587502,0.07090989959625,0.0,1.275,4.880098681710528,4.8800987,0.33969751328947506,0.0,1.275,0.0,-0.0,0.0,1
2012-07-29 18:30:00+00:00,0.0773916,0.195216835979,0.08046985088999999,0.0,1.194,4.25167762907895,4.2516776,0.33949128171052845,0.0,1.194,0.0,-0.0,0.0,1
2012-07-29 19:00:00+00:00,0.07482705,0.192283625505125,0.07780329591375,0.0,0.563,3.9553618396052657,3.9553618,0.3304060290789499,0.0,0.563,0.0,-0.0,0.0,1
2012-07-29 19:30:00+00:00,0.06155535,0.177104085450875,0.06400371404625,0.0,0.231,3.8337828922368447,3.8337829,0.3135190396052656,0.0,0.231,0.0,-0.0,0.0,1
2012-07-29 20:00:00+00:00,0.05044845,0.164400540808625,0.05245503709875,0.0,0.25,3.7022039448684234,3.7022039,0.29249089223684477,0.0,0.25,0.0,-0.0,0.0,1
2012-07-29 20:30:00+00:00,0.05602035,0.170773415363375,0.05824855942124999,0.0,0.294,3.5474671027631604,3.5474671,0.27034744486842355,0.0,0.294,0.0,-0.0,0.0,1
2012-07-29 21:00:00+00:00,0.04338825,0.15632541940812503,0.045114017643750004,0.0,0.344,3.366414471184213,3.3664145,0.24911410276316026,0.0,0.344,0.0,-0.0,0.0,1
2012-07-29 21:30:00+00:00,0.0393231,0.15167589393275002,0.0408871763025,0.0,0.394,3.1590460501315816,3.1590461,0.22975597118421343,0.0,0.394,0.0,-0.0,0.0,1
2012-07-29 22:00:00+00:00,0.03642645,0.148362843253625,0.03787531204875,0.0,0.138,3.086414471184213,3.0864145,0.21402215013158177,0.0,0.138,0.0,-0.0,0.0,1
2012-07-29 22:30:00+00:00,0.03573765,0.14757502653162502,0.037159115028749995,0.0,0.106,3.0306249975000026,3.030625,0.20214107118421287,0.0,0.106,0.0,-0.0,0.0,1
2012-07-29 23:00:00+00:00,0.0353625,0.14714594778125,0.036769043437499996,0.0,0.113,2.9711513132894765,2.9711513,0.19361329750000245,0.0,0.113,0.0,-0.0,0.0,1
2012-07-29 23:30:00+00:00,0.0356577,0.14748358351925,0.0370759850175,0.0,0.1,2.918519734342108,2.9185197,0.1871851132894764,0.0,0.1,0.0,-0.0,0.0,1
2012-07-30 00:00:00+00:00,0.0341817,0.09629540482925002,0.035541277117500006,0.0,0.113,2.918519734342108,2.9185197,0.052631565657891954,0.0,0.0,0.113,0.0,0.005440690372852626,1
