Timestamp,Price_SMP,Buy_Rate_USD_kWh,Sell_Rate_USD_kWh,Solar_Gen,Consumption,SoC_kWh,SoC_Planned,SoC_Deviation,Charge_kW,Discharge_kW,Buy_kW,Sell_kW,Step_Cost_USD,Reoptimized
2012-06-30 00:30:00+00:00,0.019557,0.0795683676425,0.020334879675,0.0,0.162,4.914736842105263,4.9147368,0.0,0.0,0.162,0.0,-0.0,0.0,1
2012-06-30 01:00:00+00:00,0.0191019,0.07904784587975,0.0198616780725,0.0,0.137,4.842631578947368,4.8426316,0.13001794210526363,0.0,0.137,0.0,-0.0,0.0,1
2012-06-30 01:30:00+00:00,0.0182901,0.07811934760025001,0.0190175887275,0.0,0.101,4.789473684210526,4.7894737,0.12129207894736815,0.0,0.101,0.0,-0.0,0.0,1
2012-06-30 02:00:00+00:00,0.01545495,0.074876637699875,0.01606967063625,0.0,0.029,4.789473684210526,4.7894737,1.5789474616667576e-08,0.0,0.0,0.029,0.0,0.0010857112466481876,1
2012-06-30 02:30:00+00:00,0.0112791,0.07010049882275,0.011727726202499998,0.0,0.045,4.868621675460526,4.8686217,0.07914801578947461,0.16662735,0.0,0.21162735,0.0,0.0074175913997683515,1
2012-06-30 03:00:00+00:00,0.0105534,0.0692704776335,0.010973161484999997,0.0,0.043,5.581121675460526,5.5811217,0.7125000245394739,1.5,0.0,1.543,0.0,0.053442173494245244,1
2012-06-30 03:30:00+00:00,0.01114995,0.069952783187375,0.01159343926125,0.0,0.031,6.2936216754605265,6.2936217,0.7125000245394739,1.5,0.0,1.531,0.0,0.05354885552993555,1
2012-06-30 04:00:00+00:00,0.01064565,0.06937598880162502,0.011069080728749998,0.0,0.046,7.006121675460527,7.0061217,0.712500024539473,1.5,0.0,1.546,0.0,0.053627639343656136,1
2012-06-30 04:30:00+00:00,0.0095325,0.06810282070625,0.009911655187499998,0.0,0.027,7.718621675460527,7.7186217,0.712500024539473,1.5,0.0,1.527,0.0,0.05199650360922187,1
2012-06-30 05:00:00+00:00,0.0081918,0.29646939172950004,0.008517628845,0.0,0.052,7.691253254407895,7.6912533,0.09208857546052762,0.0,0.052,0.0,-0.0,0.0,1
2012-06-30 05:30:00+00:00,0.0119925,0.30081645185625006,0.012469501687499999,0.0,0.026,7.677569043881579,7.677569,0.10044695440789564,0.0,0.026,0.0,-0.0,0.0,1
2012-06-30 06:00:00+00:00,0.01367145,0.3027367551161251,0.01421523192375,0.0,0.046,7.65335851756579,7.6533585,0.11237014388157895,0.0,0.046,0.0,-0.0,0.0,1
2012-06-30 06:30:00+00:00,0.01389285,0.302989981919625,0.01444543810875,0.0,0.027,7.639147991250001,7.639148,0.12644211756578994,0.0,0.027,0.0,-0.0,0.0,1
2012-06-30 07:00:00+00:00,0.0148953,0.30413653661325,0.015487760557499999,0.0,0.046,7.614937464934211,7.6149375,0.13133039125000057,0.0,0.046,0.0,-0.0,0.0,1
2012-06-30 07:30:00+00:00,0.0171954,0.30676728173850004,0.017879347034999996,0.0,0.028,7.6002006228289485,7.6002006,0.12189876493421181,0.0,0.028,0.0,-0.0,0.0,1
2012-06-30 08:00:00+00:00,0.018204,0.30792087051,0.0189280641,0.0,0.05,7.573884833355264,7.5738848,0.10157302282894864,0.0,0.05,0.0,-0.0,0.0,1
2012-06-30 08:30:00+00:00,0.0197415,0.30967938997875005,0.0205267181625,0.006,0.042,7.554937464934212,7.5549375,0.07125583335526464,0.0,0.036,6.938893903907228e-18,0.0,1.074416215644629e-18,1
2012-06-30 09:00:00+00:00,0.0208485,0.31094552399625003,0.021677749087499996,0.031,0.039,7.550726938618422,7.5507269,0.03346826493421151,0.0,0.008,0.0,-0.0,0.0,1
2012-06-30 09:30:00+00:00,0.0212544,0.31140977313600005,0.022099793759999996,0.181,0.175,7.550726938618422,7.5507269,3.861842223784606e-08,0.0,0.0,0.0,0.006000000000000005,-6.629938128000005e-05,1
2012-06-30 10:00:00+00:00,0.0207747,0.31086111506175,0.021601013692499997,0.231,0.069,7.550726938618422,7.5507269,3.861842223784606e-08,0.0,0.0,0.0,0.162,-0.0017496821090924998,1
2012-06-30 10:30:00+00:00,0.0196431,0.30956684473275003,0.0204244043025,0.494,0.105,7.550726938618422,7.5507269,3.861842223784606e-08,0.0,0.0,0.0,0.389,-0.00397254663683625,1
2012-06-30 11:00:00+00:00,0.0194463,0.12894175424075,0.020219776582499998,0.706,0.149,7.592901532168423,7.5929015,0.042174561381577824,0.088788618,0.0,0.0,0.46821138199999995,-0.00473356476871178,1
2012-06-30 11:30:00+00:00,0.02021505,0.129821013975125,0.02101910361375,0.725,0.113,7.592901532168423,7.5929015,3.216842259234909e-08,0.0,0.0,0.0,0.612,-0.0064318457058074995,1
2012-06-30 12:00:00+00:00,0.0196677,0.12919498104425,0.0204499827675,0.738,0.296,7.592901532168423,7.5929015,3.216842259234909e-08,0.0,0.0,0.0,0.442,-0.0045194461916174995,1
2012-06-30 12:30:00+00:00,0.0190404,0.12847750510099998,0.019797731909999998,0.725,0.218,7.734535687918423,7.7345357,0.14163416783157778,0.29817717,0.0,0.0,0.20882283000000001,-0.0020671092025137524,1
2012-06-30 13:00:00+00:00,0.0184746,0.12783036993650002,0.019209427214999998,0.7,0.147,7.997210687918423,7.9972107,0.1380051120815775,0.553,0.0,1.1102230246251565e-16,0.0,7.096010997492686e-18,1
2012-06-30 13:30:00+00:00,0.01866525,0.128048426350625,0.01940766031875,0.594,0.098,8.0,8.0,0.0027893120815773997,0.005872236,0.0,0.0,0.49012776399999997,-0.004756116578250232,1
2012-06-30 14:00:00+00:00,0.0198645,0.12942007153625001,0.0206546104875,0.669,0.143,8.0,8.0,0.0,0.0,0.0,0.0,0.526,-0.0054321625582125,1
2012-06-30 14:30:00+00:00,0.0195201,0.12902616317525,0.020296511977499997,0.538,0.142,8.0,8.0,0.0,0.0,0.0,0.0,0.396,-0.004018709371544999,1
2012-06-30 15:00:00+00:00,0.0200367,0.12961702571675,0.0208336597425,0.369,0.267,8.0,8.0,0.0,0.0,0.0,0.0,0.10199999999999998,-0.0010625166468674998,1
2012-06-30 15:30:00+00:00,0.0200121,0.12958888940525,0.0208080812775,0.094,0.061,8.0,8.0,0.0,0.0,0.0,0.0,0.033,-0.00034333334107875,1
2012-06-30 16:00:00+00:00,0.0202212,0.129828048053,0.021025498230000002,0.163,0.067,8.0,8.0,0.03566740000000035,0.0,0.0,0.0,0.096,-0.00100922391504,1
2012-06-30 16:30:00+00:00,0.02293335,0.13293007639587498,0.02384552399625,0.025,0.07,7.976315789473684,7.9763158,0.09374590000000005,0.0,0.045,6.938893903907228e-18,0.0,4.611938483746295e-19,1
2012-06-30 17:00:00+00:00,0.02726295,0.137882067219875,0.02834733383625,0.0,0.062,7.943684210526316,7.9436842,0.15520298947368438,0.0,0.062,0.0,-0.0,0.0,1
2012-06-30 17:30:00+00:00,0.02936625,0.140287721853125,0.030534292593749998,0.0,0.201,7.837894736842105,7.8378947,0.2159345105263153,0.0,0.201,0.0,-0.0,0.0,1
2012-06-30 18:00:00+00:00,0.0328164,0.144233839541,0.03412167231,0.0,1.452,7.073684210526316,7.0736842,0.2712006368421047,0.0,1.452,0.0,-0.0,0.0,1
2012-06-30 18:30:00+00:00,0.0324105,0.14376959040124998,0.0336996276375,0.0,1.219,6.4321052631578945,6.4321053,0.31636891052631544,0.0,1.219,0.0,-0.0,0.0,1
2012-06-30 19:00:00+00:00,0.0291879,0.14008373359475002,0.030348848722499995,0.0,1.276,5.760526315789473,5.7605263,0.3476525631578946,0.0,1.276,0.0,-0.0,0.0,1
2012-06-30 19:30:00+00:00,0.0254979,0.13586328686975,0.0265120789725,0.0,0.303,5.601052631578947,5.6010526,0.3569219157894734,0.0,0.303,0.0,-0.0,0.0,1
2012-06-30 20:00:00+00:00,0.0254241,0.13577887793525,0.0264353435775,0.0,0.66,5.253684210526315,5.2536842,0.3557459315789462,0.0,0.66,0.0,-0.0,0.0,1
2012-06-30 20:30:00+00:00,0.0259284,0.136355672321,0.02695970211,0.0,1.454,4.488421052631578,4.4884211,0.3441747105263149,0.0,1.454,0.0,-0.0,0.0,1
2012-06-30 21:00:00+00:00,0.0259284,0.136355672321,0.02695970211,0.0,0.276,4.343157894736841,4.3431579,0.3236278526315779,0.0,0.276,0.0,-0.0,0.0,1
2012-06-30 21:30:00+00:00,0.02373285,0.133844506519625,0.02467682410875,0.0,0.768,3.938947368421051,3.9389474,0.29307709473684085,0.0,0.768,0.0,-0.0,0.0,1
2012-06-30 22:00:00+00:00,0.0270354,0.13762180633850002,0.028110733035,0.0,0.308,3.7768421052631567,3.7768421,0.26123486842105104,0.0,0.308,0.0,-0.0,0.0,1
2012-06-30 22:30:00+00:00,0.0303318,0.1413920720795,0.031538247345,0.0,0.267,3.636315789473683,3.6363158,0.23181110526315685,0.0,0.267,0.0,-0.0,0.0,1
2012-06-30 23:00:00+00:00,0.02718915,0.137797658285375,0.028270598441249996,0.0,0.388,3.4321052631578937,3.4321053,0.20711128947368307,0.0,0.388,0.0,-0.0,0.0,1
2012-06-30 23:30:00+00:00,0.02936625,0.140287721853125,0.030534292593749998,0.0,0.158,3.3489473684210513,3.3489474,0.1867765631578937,0.0,0.158,0.0,-0.0,0.0,1
2012-07-01 00:00:00+00:00,0.03199845,0.093798307183625,0.03327118834875,0.0,0.15,3.3489473684210513,3.3489474,3.157894878924594e-08,0.0,0.0,0.15,0.0,0.007034873038771875,1
2012-07-01 00:30:00+00:00,0.0350796,0.09732238019900001,0.03647489109,0.0,0.156,3.3489473684210513,3.3489474,3.157894878924594e-08,0.0,0.0,0.156,0.0,0.007591145655522001,1
2012-07-01 01:00:00+00:00,0.03301935,0.09496596411087499,0.034332694646249995,0.0,0.137,3.3489473684210513,3.3489474,3.157894878924594e-08,0.0,0.0,0.137,0.0,0.006505168541594938,1
2012-07-01 01:30:00+00:00,0.0319431,0.09373500048275,0.0332136368025,0.0,0.134,3.8483467884210514,3.8483468,0.4993994315789485,1.0513672,0.0,1.1853672,0.0,0.05555519753211801,1
2012-07-01 02:00:00+00:00,0.03205995,0.093868647962375,0.03333513451124999,0.0,0.125,4.347746208421051,4.3477462,1.1578948466706152e-08,1.0513672,0.0,1.1763672,0.0,0.055211999285642396,1
2012-07-01 02:30:00+00:00,0.0291756,0.09056966543900001,0.030336059489999997,0.0,0.093,5.06024620842105,5.0602462,0.7124999915789489,1.5,0.0,1.593,0.0,0.0721387385221635,1
2012-07-01 03:00:00+00:00,0.02827155,0.089535655991375,0.029396050901249995,0.0,0.056,5.772746208421051,5.7727462,0.7124999915789498,1.5,0.0,1.556,0.0,0.06965874036128976,1
2012-07-01 03:30:00+00:00,0.02577465,0.086679820374125,0.026799836703749996,0.0,0.035,6.485246208421051,6.4852462,0.7124999915789489,1.5,0.0,1.535,0.0,0.06652676213714093,1
2012-07-01 04:00:00+00:00,0.0211683,0.08141129604575001,0.0220102691325,0.0,0.055,7.1977462084210515,7.1977462,0.7124999915789489,1.5,0.0,1.555,0.0,0.06329728267557062,1
2012-07-01 04:30:00+00:00,0.02878815,0.090126518532875,0.029933198666249994,0.0,0.037,7.910246208421052,7.9102462,0.712499991578948,1.5,0.0,1.537,0.0,0.06926222949251443,1
2012-07-01 05:00:00+00:00,0.03078075,0.322305559764375,0.03200505433125,0.006,0.052,7.886035682105263,7.8860357,0.10818190842105224,0.0,0.046,0.0,-0.0,0.0,1
2012-07-01 05:30:00+00:00,0.03236745,0.32412035185612503,0.03365486532375,0.0,0.044,7.86287778736842,7.8628778,0.11657048210526266,0.0,0.044,0.0,-0.0,0.0,1
2012-07-01 06:00:00+00:00,0.03164175,0.323290330666875,0.03290030060625,0.0,0.046,7.838667261052631,7.8386673,0.1284930873684207,0.0,0.046,0.0,-0.0,0.0,1
2012-07-01 06:30:00+00:00,0.0311559,0.32273463851475004,0.0323951259225,0.0,0.047,7.813930418947368,7.8139304,0.14253316105263103,0.0,0.047,0.0,-0.0,0.0,1
2012-07-01 07:00:00+00:00,0.03225675,0.323993738454375,0.03353976223125,0.0,0.042,7.791825155789474,7.7918252,0.14732091894736854,0.0,0.042,0.0,-0.0,0.0,1
2012-07-01 07:30:00+00:00,0.0322875,0.3240289088437501,0.033571735312499996,0.0,0.056,7.762351471578947,7.7623515,0.13770675578947422,0.0,0.056,0.0,-0.0,0.0,1
2012-07-01 08:00:00+00:00,0.0338496,0.325815564624,0.03519596784,0.0,0.186,7.6644567347368415,7.6644567,0.11713507157894743,0.0,0.186,0.0,-0.0,0.0,1
2012-07-01 08:30:00+00:00,0.033948,0.32592810987000004,0.035298281699999996,0.031,0.105,7.6255093663157885,7.6255094,0.08651483473684163,0.0,0.074,0.0,-0.0,0.0,1
2012-07-01 09:00:00+00:00,0.03614355,0.328439275671375,0.03758115970125,0.081,0.041,7.6255093663157885,7.6255094,0.04837686631578819,0.0,0.0,0.0,0.04,-0.0007516231940249999,1
2012-07-01 09:30:00+00:00,0.03720135,0.329649137065875,0.03868103369625,0.131,0.059,7.6255093663157885,7.6255094,0.0063688663157881464,0.0,0.0,0.0,0.07200000000000001,-0.0013925172130650001,1
2012-07-01 10:00:00+00:00,0.037146,0.32958583036500005,0.03862348214999999,0.238,0.037,7.6255093663157885,7.6255094,3.3684211864226654e-08,0.0,0.0,0.0,0.20099999999999998,-0.003881659956074999,1
2012-07-01 10:30:00+00:00,0.0373059,0.32976871638975,0.0387897421725,0.381,0.113,7.6255093663157885,7.6255094,3.3684211864226654e-08,0.0,0.0,0.0,0.268,-0.005197825451115001,1
2012-07-01 11:00:00+00:00,0.0351903,0.14694899360074998,0.036589994182499995,0.644,0.248,7.813609366315789,7.8136094,0.09420173368421114,0.396,0.0,0.0,-0.0,0.0,1
2012-07-01 11:30:00+00:00,0.0360759,0.14796190081475,0.037510818922499994,0.4,0.045,7.813609366315789,7.8136094,3.3684210976048234e-08,0.0,0.0,0.0,0.35500000000000004,-0.00665817035874375,1
2012-07-01 12:00:00+00:00,0.036285,0.1482010594625,0.037728235874999995,0.081,0.054,7.813609366315789,7.8136094,3.3684210976048234e-08,0.0,0.0,0.0,0.027000000000000003,-0.0005093311843125,1
2012-07-01 12:30:00+00:00,0.0356577,0.14748358351925,0.0370759850175,0.356,0.056,7.816847064355789,7.8168471,0.003237733684211541,0.0068162064,0.0,0.0,0.29318379359999996,-0.0054350389694437055,1
2012-07-01 13:00:00+00:00,0.0360882,0.14797596897049997,0.03752360815499999,0.488,0.126,7.816847064355789,7.8168471,3.564421113821936e-08,0.0,0.0,0.0,0.362,-0.006791773076054998,1
2012-07-01 13:30:00+00:00,0.03589755,0.14775791255637502,0.03732537505125,0.675,0.238,7.816847064355789,7.8168471,3.564421113821936e-08,0.0,0.0,0.0,0.43700000000000006,-0.008155594448698126,1
2012-07-01 14:00:00+00:00,0.0355224,0.147328833806,0.03693530346,0.55,0.403,7.886672064355789,7.8866721,0.10050973564421106,0.147,0.0,0.0,-0.0,0.0,1
2012-07-01 14:30:00+00:00,0.0350427,0.14678017573175,0.0364365233925,0.538,0.86,7.717198380145263,7.7171984,0.07655583564421065,0.0,0.322,0.0,5.551115123125783e-17,-1.0113166801911656e-18,1
2012-07-01 15:00:00+00:00,0.0361866,0.1480885142165,0.03762592201499999,0.494,0.227,7.844023380145263,7.8440234,0.0451524198547375,0.267,0.0,0.0,-0.0,0.0,1
2012-07-01 15:30:00+00:00,0.0343047,0.14593608638674999,0.035669169442499996,0.344,0.723,7.644549695934736,7.6445497,0.006087319854737316,0.0,0.379,0.0,-0.0,0.0,1
2012-07-01 16:00:00+00:00,0.03511035,0.146857550588375,0.03650686417124999,0.188,0.165,7.655474695934736,7.6554747,0.04452189593473577,0.023,0.0,0.0,-0.0,0.0,1
2012-07-01 16:30:00+00:00,0.0376134,0.1497204202835,0.039109472985,0.0,0.307,7.493895748566315,7.4938957,0.10211149593473667,0.0,0.307,0.0,-0.0,0.0,1
2012-07-01 17:00:00+00:00,0.04039935,0.152906857560875,0.042006234146249995,0.0,0.187,7.395474695934736,7.3954747,0.1630529485663148,0.0,0.187,0.0,-0.0,0.0,1
2012-07-01 17:30:00+00:00,0.04091595,0.153497720102375,0.04254338191124999,0.0,0.592,7.083895748566315,7.0838957,0.22323469593473533,0.0,0.592,0.0,-0.0,0.0,1
2012-07-01 18:00:00+00:00,0.04894785,0.16268422580712502,0.050894750733749994,0.0,0.465,6.839158906461051,6.8391589,0.2779104485663151,0.0,0.465,0.0,-0.0,0.0,1
2012-07-01 18:30:00+00:00,0.04686915,0.16030670748537498,0.04873337044124999,0.0,1.883,6.049685222250525,6.0496852,0.32244420646105176,0.0,1.5,0.383,0.0,0.03069873448344931,1
2012-07-01 19:00:00+00:00,0.0437142,0.1566982255355,0.045452932305,0.0,1.613,5.260211538039998,5.2602115,0.3530481222505246,0.0,1.5,0.11299999999999999,0.0,0.008853449742755749,1
2012-07-01 19:30:00+00:00,0.0425457,0.15536175073925,0.04423795521749999,0.0,1.1,4.681264169618945,4.6812642,0.36157233803999844,0.0,1.1,0.0,-0.0,0.0,1
2012-07-01 20:00:00+00:00,0.04017795,0.152653630757375,0.04177602796124999,0.0,0.676,4.3254746959347345,4.3254747,0.3596374696189448,0.0,0.676,0.0,-0.0,0.0,1
2012-07-01 20:30:00+00:00,0.03956295,0.151950222969875,0.04113656633625,0.0,1.135,3.7281062748821028,3.7281063,0.34729509593473473,0.0,1.135,0.0,-0.0,0.0,1
2012-07-01 21:00:00+00:00,0.0385974,0.1508458727435,0.040132611585,0.0,1.556,2.9386325906715767,2.9386326,0.32596647488210273,0.0,1.5,0.05600000000000005,0.0,0.004223684436818004,1
2012-07-01 21:30:00+00:00,0.03905865,0.151373428584125,0.04061220780375,0.0,1.494,2.1523168011978924,2.1523168,0.2946107906715767,0.0,1.494,0.0,-0.0,0.0,1
2012-07-01 22:00:00+00:00,0.0388311,0.15111316770275,0.040375607002499994,0.0,1.146,1.5491589064610503,1.5491589,0.26196350119789247,0.0,1.146,0.0,-0.0,0.0,1
2012-07-01 22:30:00+00:00,0.0409467,0.15353289049175,0.0425753549925,0.0,0.895,1.0781062748821029,1.0781063,0.23173820646105026,0.0,0.895,0.0,-0.0,0.0,1
2012-07-01 23:00:00+00:00,0.0375396,0.14963601134899998,0.03903273759,0.0,1.781,1.0781062748821029,1.0781063,2.511789709558343e-08,0.0,0.0,1.781,0.0,0.13325086810628448,1
2012-07-01 23:30:00+00:00,0.03880035,0.15107799731337498,0.04034363392125,0.0,1.298,1.0000000011978925,1.0,0.07810627488210287,0.0,0.14840192,1.14959808,0.0,0.08683948782085052,1
2012-07-02 00:00:00+00:00,0.037515,0.10010787503749999,0.039007159124999996,0.0,0.26,1.0000000011978925,1.0,1.1978924518984968e-09,0.0,0.0,0.26,0.0,0.013014023754874999,1
2012-07-02 00:30:00+00:00,0.03439695,0.096541597554875,0.03576508868625,0.0,0.85,1.0000000011978925,1.0,1.1978924518984968e-09,0.0,0.0,0.85,0.0,0.041030178960821874,1
2012-07-02 01:00:00+00:00,0.03362205,0.09565530374262503,0.03495936703875,0.0,0.181,1.7125000011978924,1.7125,0.7124999988021075,1.5,0.0,1.681,0.0,0.08039828279567633,1
2012-07-02 01:30:00+00:00,0.03406485,0.09616175734962502,0.03541977940875,0.0,0.194,2.4250000011978923,2.425,0.6568714988021078,1.5,0.0,1.694,0.0,0.0814490084751324,1
2012-07-02 02:00:00+00:00,0.0337266,0.09577488306650002,0.035068075515,0.0,0.282,3.137500001197892,3.1375,0.7124999988021079,1.5,0.0,1.782,0.0,0.08533542081225153,1
2012-07-02 02:30:00+00:00,0.03308085,0.09503630488962501,0.03439664080875,0.0,0.287,3.850000001197892,3.85,0.7124999988021079,1.5,0.0,1.787,0.0,0.08491493841887994,1
2012-07-02 03:00:00+00:00,0.0331239,0.09508554343475002,0.0344414031225,0.0,0.233,4.562500001197892,4.5625,0.7124999988021079,1.5,0.0,1.733,0.0,0.0823916233862109,1
2012-07-02 03:30:00+00:00,0.0331485,0.09511367974625,0.034466981587499994,0.0,0.187,5.275000001197892,5.275,0.7124999988021088,1.5,0.0,1.687,0.0,0.08022838886596188,1
2012-07-02 04:00:00+00:00,0.03313005,0.09509257751262501,0.034447797738749994,0.0,0.218,5.987500001197892,5.9875,0.7124999988021079,1.5,0.0,1.718,0.0,0.08168452408334488,1
2012-07-02 04:30:00+00:00,0.0331485,0.09511367974625,0.034466981587499994,0.0,0.172,6.700000001197893,6.7,0.7124999988021079,1.5,0.0,1.672,0.0,0.07951503626786499,1
2012-07-02 05:00:00+00:00,0.03326535,0.325147327225875,0.034588479296249995,0.0,0.079,6.658421053829471,6.6584211,0.09795190119789243,0.0,0.079,0.0,-0.0,0.0,1
2012-07-02 05:30:00+00:00,0.0354117,0.32760222040425,0.03682020036749999,0.0,0.057,6.628421053829471,6.6284211,0.10563655382947168,0.0,0.057,0.0,-0.0,0.0,1
2012-07-02 06:00:00+00:00,0.03721365,0.32966320522162507,0.03869382292875,0.0,0.073,6.590000001197892,6.59,0.11687415382947108,0.0,0.073,0.0,-0.0,0.0,1
2012-07-02 06:30:00+00:00,0.04154325,0.334615196045625,0.04319563276874999,0.0,0.062,6.557368422250524,6.5573684,0.1302497011978927,0.0,0.062,0.0,-0.0,0.0,1
2012-07-02 07:00:00+00:00,0.04940295,0.3436047475698751,0.051367952336249995,0.0,0.06,6.525789474882103,6.5257895,0.1343576222505236,0.0,0.06,0.0,-0.0,0.0,1
2012-07-02 07:30:00+00:00,0.04357275,0.33693644174437504,0.04530585613125,0.0,0.081,6.483157895934735,6.4831579,0.12403677488210274,0.0,0.081,0.0,-0.0,0.0,1
2012-07-02 08:00:00+00:00,0.05431065,0.34921794171412507,0.056470856103749995,0.0,0.148,6.405263159092629,6.4052632,0.10275169593473432,0.0,0.148,0.0,-0.0,0.0,1
2012-07-02 08:30:00+00:00,0.0599625,0.35568225928125,0.0623475084375,0.006,0.293,6.254210527513682,6.2542105,0.07141865909262979,0.0,0.287,0.0,-0.0,0.0,1
2012-07-02 09:00:00+00:00,0.05511015,0.35013237183787504,0.05730215621625,0.038,0.152,6.1942105275136825,6.1942105,0.03257952751368176,0.0,0.114,0.0,1.3877787807814457e-17,-3.976135824496768e-19,1
2012-07-02 09:30:00+00:00,0.0512418,0.3457079368545001,0.05327994259499999,0.181,0.303,6.130000001197893,6.13,0.009120172486317912,0.0,0.122,0.0,-0.0,0.0,1
2012-07-02 10:00:00+00:00,0.0551163,0.35013940591575,0.05730855083249999,0.238,0.149,6.172275001197893,6.172275,0.04743749880210668,0.089,0.0,0.0,-0.0,0.0,1
2012-07-02 10:30:00+00:00,0.0485481,0.34262701074525004,0.05047910067749999,0.525,0.132,6.358950001197893,6.35895,0.08215319880210714,0.393,0.0,0.0,-0.0,0.0,1
2012-07-02 11:00:00+00:00,0.04616805,0.15950482260762502,0.04800438418875,0.725,0.097,6.657250001197894,6.65725,0.110666698802107,0.628,0.0,0.0,-0.0,0.0,1
2012-07-02 11:30:00+00:00,0.05245335,0.16669365019587498,0.05453968199625,0.763,0.229,6.910900001197894,6.9109,0.13143419880210594,0.534,0.0,0.0,-0.0,0.0,1
2012-07-02 12:00:00+00:00,0.0549687,0.16957058804675,0.057155080042499994,0.725,0.457,7.038200001197894,7.0382,0.14394029880210635,0.268,0.0,1.1102230246251565e-16,0.0,9.41305855743646e-18,1
2012-07-02 12:30:00+00:00,-0.0364572,0.065001986357,-0.03790728513,0.719,0.245,7.417546529447894,7.4175465,0.37934649880210625,0.79862427,0.0,0.32462427000000005,0.0,0.010550611184845543,1
2012-07-02 13:00:00+00:00,0.04337595,0.15631135125237502,0.04510122841125,0.644,0.275,7.592821529447894,7.5928215,0.1454386705521058,0.369,0.0,0.0,-0.0,0.0,1
2012-07-02 13:30:00+00:00,0.05314215,0.167481466917875,0.055255879016249995,0.4,0.297,7.641746529447894,7.6417465,0.13548847055210533,0.103,0.0,0.0,5.551115123125783e-17,-1.5336587282435697e-18,1
2012-07-02 14:00:00+00:00,0.04459365,0.157704098671625,0.046367362428749996,0.45,0.236,7.743396529447894,7.7433965,0.11870997055210619,0.214,0.0,0.0,5.551115123125783e-17,-1.2869528339884416e-18,1
2012-07-02 14:30:00+00:00,0.0519921,0.16616609435525,0.054060085777499996,0.331,0.237,7.788046529447894,7.7880465,0.09485777055210587,0.094,0.0,0.0,5.551115123125783e-17,-1.5004687985847863e-18,1
2012-07-02 15:00:00+00:00,0.0559281,0.17066790419525002,0.0581526401775,0.269,0.178,7.831271529447894,7.8312715,0.06350767055210582,0.091,0.0,0.0,-0.0,0.0,1
2012-07-02 15:30:00+00:00,0.0566907,0.17154012985175,0.05894557259249999,0.125,0.272,7.753903108395262,7.7539031,0.02445107055210638,0.0,0.147,2.7755575615628914e-17,0.0,2.3805975226075247e-18,1
2012-07-02 16:00:00+00:00,0.0589047,0.17407239788675,0.0612476344425,0.156,0.397,7.627061003132104,7.627061,0.024209008395262188,0.0,0.241,2.7755575615628914e-17,0.0,2.415739801069766e-18,1
2012-07-02 16:30:00+00:00,0.06386775,0.179748898731875,0.06640808975625,0.05,0.117,7.591797845237367,7.5917978,0.08187020313210347,0.0,0.067,0.0,-0.0,0.0,1
2012-07-02 17:00:00+00:00,0.06529455,0.181380804798875,0.06789164072625001,0.0,0.127,7.524955739974209,7.5249557,0.1429111452373668,0.0,0.127,0.0,-0.0,0.0,1
2012-07-02 17:30:00+00:00,0.10175175,0.223078818441875,0.10579892585624999,0.0,0.249,7.3939031083952615,7.3939031,0.2032117399742095,0.0,0.249,0.0,-0.0,0.0,1
2012-07-02 18:00:00+00:00,0.1472556,0.275123960639,0.15311269148999998,0.0,0.392,6.604429424184735,6.6044294,0.7894737083952617,0.0,1.5,0.0,1.108,-0.08482443108545999,1
2012-07-02 18:30:00+00:00,0.14934045,0.27750851303862506,0.15528046639874998,0.0,2.18,5.8149557399742084,5.8149557,0.7894737241847354,0.0,1.5,0.6800000000000002,0.0,0.09435289443313254,1
2012-07-02 19:00:00+00:00,0.14467875,0.272176682009375,0.15043334728125,0.0,2.362,5.025482055763682,5.0254821,0.7894736399742088,0.0,1.5,0.8620000000000001,0.0,0.11730814994604064,1
2012-07-02 19:30:00+00:00,0.08417505,0.202975423875125,0.08752311261375,0.0,1.731,4.236008371553155,4.2360084,0.3420706557636821,0.0,1.5,0.2310000000000001,0.0,0.023443661457576946,1
2012-07-02 20:00:00+00:00,0.07554045,0.193099578538625,0.07854507139874999,0.0,1.537,3.446534687342629,3.4465347,0.3402832715531554,0.0,1.5,0.03699999999999992,0.0,0.003572342202964555,1
2012-07-02 20:30:00+00:00,0.13397775,0.259937386506875,0.13930671500624997,0.0,2.097,2.6570610031321023,2.657061,0.47489318734262875,0.0,1.5,0.597,0.0,0.07759130987230217,1
2012-07-02 21:00:00+00:00,0.07683195,0.19457673489237498,0.07988794081124999,0.0,0.829,2.220745213658418,2.2207452,0.30699230313210224,0.0,0.829,0.0,-0.0,0.0,1
2012-07-02 21:30:00+00:00,0.0691629,0.18580523978225,0.0719138543475,0.0,0.187,2.1223241610268393,2.1223242,0.275853213658418,0.0,0.187,0.0,-0.0,0.0,1
2012-07-02 22:00:00+00:00,0.06993165,0.186684499516625,0.07271318137874999,0.0,0.448,1.8865346873426287,1.8865347,0.24345556102683918,0.0,0.448,0.0,-0.0,0.0,1
2012-07-02 22:30:00+00:00,0.13854105,0.26515667229012496,0.14405152026374998,0.0,0.528,1.3558667399742077,1.3558667,0.5306679873426288,0.0,1.0082691,0.0,0.4802690999999999,-0.034591746995351474,1
2012-07-02 23:00:00+00:00,0.0775515,0.19539972200375,0.08063611091249999,0.0,0.525,1.0795509505005234,1.079551,0.1883317399742077,0.0,0.525,0.0,-0.0,0.0,1
2012-07-02 23:30:00+00:00,0.06964875,0.18636093193437497,0.07241902903124998,0.0,0.421,1.0,1.0,0.07955095050052341,0.0,0.15114681,0.26985318999999997,0.0,0.025145045986931975,1
2012-07-03 00:00:00+00:00,0.05408925,0.119064714910625,0.056240649918749996,0.0,0.37,1.239705444,1.2397054,0.23970540000000007,0.50464304,0.0,0.87464304,0.0,0.05206956210308119,1
2012-07-03 00:30:00+00:00,0.05709045,0.12249734491362502,0.059361222648749996,0.0,0.405,1.239705444,1.2397054,4.399999986581804e-08,0.0,0.0,0.405,0.0,0.024805712345009067,1
2012-07-03 01:00:00+00:00,0.06643845,0.133189143283625,0.06908103934874998,0.0,0.397,1.0307580755789472,1.0307581,0.1242889439999999,0.0,0.397,0.0,-0.0,0.0,1
2012-07-03 01:30:00+00:00,0.06637695,0.133118802504875,0.06901709318625,0.0,0.39,1.0,1.0,0.030758075578947164,0.0,0.058440344,0.33155965600000004,0.0,0.02206841218282415,1
2012-07-03 02:00:00+00:00,0.06015315,0.126000315695375,0.06254574154124999,0.0,0.343,1.0,1.0,0.0,0.0,0.0,0.343,0.0,0.021609054141756817,1
2012-07-03 02:30:00+00:00,0.0517461,0.11638473124025,0.0538043011275,0.0,0.067,1.357767397,1.3577674,0.35776739999999996,0.75319452,0.0,0.82019452,0.0,0.047729059387462934,1
2012-07-03 03:00:00+00:00,0.04996875,0.11435188273437501,0.051956257031249994,0.0,0.034,2.070267397,2.0702674,0.7125000030000002,1.5,0.0,1.534,0.0,0.08770789405726563,1
2012-07-03 03:30:00+00:00,0.0471213,0.11109510467825,0.048995549707499995,0.0,0.036,2.7827673969999998,2.7827674,0.7125000030000002,1.5,0.0,1.536,0.0,0.085321040392896,1
2012-07-03 04:00:00+00:00,0.0444522,0.10804231488049999,0.04622028625499999,0.0,0.035,3.4952673969999997,3.4952674,0.7125000030000002,1.5,0.0,1.535,0.0,0.08292247667078374,1
2012-07-03 04:30:00+00:00,0.03800085,0.10066356718962502,0.03951233380875,0.0,0.031,4.207767397,4.2077674,0.7125000030000002,1.5,0.0,1.531,0.0,0.07705796068365794,1
2012-07-03 05:00:00+00:00,0.0400857,0.33294811958925,0.0416801087175,0.0,0.039,4.187241081210526,4.1872411,0.08509969699999953,0.0,0.039,0.0,-0.0,0.0,1
2012-07-03 05:30:00+00:00,0.04244115,0.33564217141537506,0.044129246741249996,0.0,0.025,4.174083186473683,4.1740832,0.09327778121052521,0.0,0.025,0.0,-0.0,0.0,1
2012-07-03 06:00:00+00:00,0.0469614,0.34081221865350003,0.04882928968499999,0.0,0.046,4.149872660157894,4.1498727,0.10501318647368318,0.0,0.046,0.0,-0.0,0.0,1
2012-07-03 06:30:00+00:00,0.05444595,0.34937269142737504,0.056611537661249996,0.0,0.025,4.136714765421051,4.1367148,0.11888946015789426,0.0,0.025,0.0,-0.0,0.0,1
2012-07-03 07:00:00+00:00,0.05514705,0.35017457630512505,0.057340523913750004,0.0,0.046,4.112504239105262,4.1125042,0.12346256542105127,0.0,0.046,0.0,-0.0,0.0,1
2012-07-03 07:30:00+00:00,0.04983345,0.34409713302112505,0.05181557547374999,0.0,0.276,3.9672410812105254,3.9672411,0.1135571391052621,0.0,0.276,0.0,-0.0,0.0,1
2012-07-03 08:00:00+00:00,0.05495025,0.349949485813125,0.057135896193749994,0.0,0.221,3.850925291736841,3.8509253,0.09265478121052562,0.0,0.221,0.0,-0.0,0.0,1
2012-07-03 08:30:00+00:00,0.0611556,0.357046870389,0.06358806399,0.019,0.038,3.8409252917368413,3.8409253,0.061677091736841216,0.0,0.019,0.0,-0.0,0.0,1
2012-07-03 09:00:00+00:00,0.0548211,0.34980177017775,0.05700160925249999,0.081,0.043,3.8589752917368414,3.8589753,0.0231741917368411,0.038,0.0,0.0,1.3877787807814457e-17,-3.9552811895507403e-19,1
2012-07-03 09:30:00+00:00,0.05316675,0.3479096032293751,0.05528145748125,0.188,0.028,3.9349752917368415,3.9349753,0.01731280826315862,0.16,0.0,0.0,-0.0,0.0,1
2012-07-03 10:00:00+00:00,0.05043,0.34477943857500004,0.05243585325,0.244,0.033,4.0352002917368415,4.0352003,0.055333108263158515,0.211,0.0,0.0,-0.0,0.0,1
2012-07-03 10:30:00+00:00,0.04451985,0.338019689737125,0.04629062703375,0.525,0.04,4.265575291736841,4.2655753,0.08974250826315888,0.485,0.0,0.0,-0.0,0.0,1
2012-07-03 11:00:00+00:00,0.044772,0.15790808693000002,0.0465528063,0.731,0.026,4.600450291736841,4.6004503,0.11793470826315922,0.705,0.0,0.0,-0.0,0.0,1
2012-07-03 11:30:00+00:00,0.0444522,0.1575423148805,0.04622028625499999,0.75,0.046,4.934850291736841,4.9348503,0.1383634082631584,0.704,0.0,0.0,-0.0,0.0,1
2012-07-03 12:00:00+00:00,0.04022715,0.152709903380375,0.04182718489125,0.763,0.026,5.284925291736841,5.2849253,0.15051230826315898,0.737,0.0,0.0,-0.0,0.0,1
2012-07-03 12:30:00+00:00,0.03839445,0.150613748173625,0.03992158924874999,0.75,0.044,5.620275291736841,5.6202753,0.154617308263159,0.706,0.0,0.0,-0.0,0.0,1
2012-07-03 13:00:00+00:00,0.03786555,0.15000881747637498,0.03937165225124999,0.738,0.027,5.958000291736841,5.9580003,0.1512484082631591,0.711,0.0,0.0,-0.0,0.0,1
2012-07-03 13:30:00+00:00,0.0387204,0.150986554301,0.040260503909999995,0.55,0.026,6.206900291736841,6.2069003,0.140898008263159,0.524,0.0,0.0,-0.0,0.0,1
2012-07-03 14:00:00+00:00,0.0381669,0.15035348729225,0.03968498844749999,0.175,0.047,6.267700291736841,6.2677003,0.12371030826315899,0.128,0.0,0.0,-0.0,0.0,1
2012-07-03 14:30:00+00:00,0.03929235,0.151640723543375,0.04085520322124999,0.188,0.025,6.345125291736841,6.3451253,0.09944260826315876,0.163,0.0,0.0,-0.0,0.0,1
2012-07-03 15:00:00+00:00,0.0391386,0.1514648715965,0.040695337815,0.313,0.061,6.464825291736841,6.4648253,0.067673908263159,0.252,0.0,0.0,-0.0,0.0,1
2012-07-03 15:30:00+00:00,0.0386712,0.15093028167800002,0.040209346980000005,0.263,0.389,6.398509502263157,6.3985095,0.02819990826315877,0.0,0.126,0.0,-0.0,0.0,1
2012-07-03 16:00:00+00:00,0.04126035,0.153891628463375,0.04290148042125,0.081,0.369,6.246930554894736,6.2469306,0.02051020226315714,0.0,0.288,0.0,-0.0,0.0,1
2012-07-03 16:30:00+00:00,0.04187535,0.15459503625087498,0.043540942046249996,0.006,0.402,6.038509502263158,6.0385095,0.07861125489473597,0.0,0.396,0.0,-0.0,0.0,1
2012-07-03 17:00:00+00:00,0.0499134,0.1637885760335,0.051898705484999995,0.0,0.495,5.7779831864736835,5.7779832,0.14006830226315792,0.0,0.495,0.0,-0.0,0.0,1
2012-07-03 17:30:00+00:00,0.0535419,0.16793868197975,0.0556715290725,0.0,0.948,5.2790358180526304,5.2790358,0.20075188647368325,0.0,0.948,0.0,-0.0,0.0,1
2012-07-03 18:00:00+00:00,0.06712725,0.18347696000562497,0.06979723636874999,0.0,1.303,4.59324634436842,4.5932463,0.2558999180526307,0.0,1.303,0.0,-0.0,0.0,1
2012-07-03 18:30:00+00:00,0.0740583,0.19140436577075,0.0770039688825,0.0,1.414,3.8490358180526303,3.8490358,0.30086474436842003,0.0,1.414,0.0,-0.0,0.0,1
2012-07-03 19:00:00+00:00,0.06561435,0.181746576848375,0.06822416077124999,0.006,1.903,3.059562133842104,3.0595621,0.33185321805263035,0.0,1.5,0.397,0.0,0.03607669550440244,1
2012-07-03 19:30:00+00:00,0.052275,0.1664896619375,0.054354238124999996,0.0,1.192,2.4321937127894726,2.4321937,0.3406716338421041,0.0,1.192,0.0,-0.0,0.0,1
2012-07-03 20:00:00+00:00,0.0460758,0.15939931143949998,0.04790846494499999,0.0,1.634,1.8457298706842094,1.8457299,0.3390398127894727,0.0,1.1142813,0.5197186999999999,0.0,0.04142140146111602,1
2012-07-03 20:30:00+00:00,0.0493476,0.163141440869,0.05131040078999999,0.0,1.268,1.1783614496315777,1.1783614,0.3270085706842094,0.0,1.268,0.0,-0.0,0.0,1
2012-07-03 21:00:00+00:00,0.0465801,0.15997610582525001,0.0484328234775,0.0,0.84,1.1783614496315777,1.1783614,4.9631577736519716e-08,0.0,0.0,0.84,0.0,0.06718996444660501,1
2012-07-03 21:30:00+00:00,0.0453132,0.15852708578299998,0.04711553253,0.0,1.306,1.1783614496315777,1.1783614,4.9631577736519716e-08,0.0,0.0,1.306,0.0,0.10351818701629899,1
2012-07-03 22:00:00+00:00,0.043296,0.15621990824,0.0450180984,0.0,0.877,1.1783614496315777,1.1783614,4.9631577736519716e-08,0.0,0.0,0.877,0.0,0.06850242976324,1
2012-07-03 22:30:00+00:00,0.04878795,0.162501339782375,0.05072849071125,0.0,0.918,1.0000000022631568,1.0,0.17836144963157774,0.0,0.33888675,0.57911325,0.0,0.04705333950536274,1
2012-07-03 23:00:00+00:00,0.04317915,0.156086260760375,0.044896600691249997,0.0,0.491,1.0000000022631568,1.0,2.2631567730968527e-09,0.0,0.0,0.491,0.0,0.03831917701667206,1
2012-07-03 23:30:00+00:00,0.0406884,0.15323745922100002,0.04230678111,0.0,0.198,1.0000000022631568,1.0,2.2631567730968527e-09,0.0,0.0,0.198,0.0,0.015170508462879002,1
2012-07-04 00:00:00+00:00,0.03747195,0.100058636492375,0.038962396811249994,0.0,0.192,1.0000000022631568,1.0,2.2631567730968527e-09,0.0,0.0,0.192,0.0,0.009605629103268,1
2012-07-04 00:30:00+00:00,0.03650025,0.098947252188125,0.03795204744374999,0.0,0.171,1.0000000022631568,1.0,2.2631567730968527e-09,0.0,0.0,0.171,0.0,0.008459990062084689,1
2012-07-04 01:00:00+00:00,0.03599595,0.09837045780237501,0.03742768891124999,0.0,0.158,1.0000000022631568,1.0,2.2631567730968527e-09,0.0,0.0,0.158,0.0,0.007771266166387626,1
2012-07-04 01:30:00+00:00,0.0363711,0.09879953655275002,0.0378177605025,0.0,0.087,1.0000000022631568,1.0,2.2631567730968527e-09,0.0,0.0,0.087,0.0,0.004297779840044626,1
2012-07-04 02:00:00+00:00,0.03486435,0.097076187473375,0.03625107952125,0.0,0.109,1.0000000022631568,1.0,2.2631567730968527e-09,0.0,0.0,0.109,0.0,0.005290652217298937,1
2012-07-04 02:30:00+00:00,0.033579,0.09560606519749999,0.03491460472499999,0.0,0.085,1.7125000022631567,1.7125,0.7124999977368431,1.5,0.0,1.585,0.0,0.07576780666901874,1
2012-07-04 03:00:00+00:00,0.03375735,0.09581005345587501,0.03510004859625,0.0,0.108,2.4250000022631566,2.425,0.7124999977368431,1.5,0.0,1.608,0.0,0.07703128297852352,1
2012-07-04 03:30:00+00:00,0.03375735,0.09581005345587501,0.03510004859625,0.0,0.087,3.1375000022631565,3.1375,0.7124999977368436,1.5,0.0,1.587,0.0,0.07602527741723682,1
2012-07-04 04:00:00+00:00,0.0337635,0.09581708753375,0.0351064432125,0.0,0.113,3.8500000022631564,3.85,0.7124999977368436,1.5,0.0,1.613,0.0,0.07727648109596938,1
2012-07-04 04:30:00+00:00,0.0338742,0.09594370093550002,0.035221546305,0.0,0.085,4.0503765150131565,4.0503765,0.20037649773684318,0.42184529,0.0,0.50684529,0.0,0.024314306462163388,1
2012-07-04 05:00:00+00:00,0.0338742,0.3258437009355001,0.035221546305,0.0,0.106,3.994587041328946,3.994587,0.08352611501315632,0.0,0.106,0.0,-0.0,0.0,1
2012-07-04 05:30:00+00:00,0.03388035,0.325850735013375,0.03522794092124999,0.0,0.087,3.9487975676447356,3.9487976,0.09155474132894614,0.0,0.087,0.0,-0.0,0.0,1
2012-07-04 06:00:00+00:00,0.03415095,0.326160234439875,0.035509304036249995,0.0,0.106,3.893008093960525,3.8930081,0.10313316764473557,0.0,0.106,0.0,-0.0,0.0,1
2012-07-04 06:30:00+00:00,0.0454485,0.33908183549625004,0.0472562140875,0.0,0.084,3.848797567644736,3.8487976,0.11684599396052509,0.0,0.084,0.0,-0.0,0.0,1
2012-07-04 07:00:00+00:00,0.048216,0.34224717054000003,0.0501337914,0.0,0.095,3.798797567644736,3.7987976,0.12121356764473612,0.0,0.095,0.0,-0.0,0.0,1
2012-07-04 07:30:00+00:00,0.0472197,0.34110764992425,0.049097863567500004,0.0,0.113,3.73932388343421,3.7393239,0.11104856764473592,0.0,0.113,0.0,-0.0,0.0,1
2012-07-04 08:00:00+00:00,0.06583575,0.362399803651875,0.06845436695624998,0.0,0.106,3.6835344097499996,3.6835344,0.08985248343421004,0.0,0.106,0.0,-0.0,0.0,1
2012-07-04 08:30:00+00:00,0.07097715,0.36828029275537505,0.07380026614124999,0.006,0.133,3.6166923044868415,3.6166923,0.058554709749999656,0.0,0.127,0.0,-0.0,0.0,1
2012-07-04 09:00:00+00:00,0.05513475,0.350160508149375,0.05732773468124999,0.05,0.285,3.4930080939605257,3.4930081,0.019716304486841363,0.0,0.235,0.0,-0.0,0.0,1
2012-07-04 09:30:00+00:00,0.0513279,0.3458064139447501,0.053369467222499994,0.15,0.194,3.4698501992236834,3.4698502,0.020738706039474142,0.0,0.044,1.3877787807814457e-17,0.0,2.399514017653246e-18,1
2012-07-04 10:00:00+00:00,0.05169075,0.346221424539375,0.053746749581249996,0.188,0.268,3.4277449360657886,3.4277449,0.059055000776316646,0.0,0.08,1.3877787807814457e-17,0.0,2.4023937321383456e-18,1
2012-07-04 10:30:00+00:00,0.0548088,0.34978770202200005,0.05698882001999999,0.388,0.181,3.5260699360657886,3.5260699,0.09374116393421161,0.207,0.0,0.0,-0.0,0.0,1
2012-07-04 11:00:00+00:00,0.0440955,0.15713433836375,0.04584939851249999,0.481,0.083,3.7151199360657885,3.7151199,0.12218326393421153,0.398,0.0,5.551115123125783e-17,0.0,4.361354010266882e-18,1
2012-07-04 11:30:00+00:00,0.04545465,0.158688869574125,0.04726260870374999,0.269,0.088,3.8010949360657884,3.8010949,0.1428298639342116,0.181,0.0,0.0,-0.0,0.0,1
2012-07-04 12:00:00+00:00,0.0400734,0.15253405143350002,0.041667319485,0.763,0.076,4.127419936065788,4.1274199,0.15516246393421174,0.687,0.0,0.0,-0.0,0.0,1
2012-07-04 12:30:00+00:00,0.0370107,0.14903108065175,0.0384828005925,0.369,0.092,4.258994936065788,4.2589949,0.1594161639342122,0.277,0.0,0.0,-0.0,0.0,1
2012-07-04 13:00:00+00:00,0.03663555,0.148602001901375,0.03809272900125,0.619,0.091,4.509794936065788,4.5097949,0.1561615639342122,0.528,0.0,0.0,-0.0,0.0,1
2012-07-04 13:30:00+00:00,0.038007,0.1501706012675,0.039518728424999996,0.638,0.108,4.761544936065788,4.7615449,0.14589196393421222,0.53,0.0,0.0,-0.0,0.0,1
2012-07-04 14:00:00+00:00,0.03902175,0.151331224116875,0.04057384010625,0.619,0.108,5.004269936065788,5.0042699,0.12875266393421203,0.511,0.0,0.0,-0.0,0.0,1
2012-07-04 14:30:00+00:00,0.0379332,0.150086192333,0.03944199303,0.531,0.343,5.093569936065788,5.0935699,0.10450196393421152,0.188,0.0,0.0,-0.0,0.0,1
2012-07-04 15:00:00+00:00,0.0390894,0.1514085989735,0.040644180885,0.325,0.115,5.193319936065788,5.1933199,0.07272076393421223,0.21,0.0,0.0,-0.0,0.0,1
2012-07-04 15:30:00+00:00,0.0392124,0.151549280531,0.04077207321,0.006,0.251,5.064372567644735,5.0643726,0.033207663934211595,0.0,0.245,0.0,-0.0,0.0,1
2012-07-04 16:00:00+00:00,0.0459405,0.15924456172625,0.0477677833875,0.013,0.125,5.005425199223683,5.0054252,0.015029767644735514,0.0,0.112,0.0,-0.0,0.0,1
2012-07-04 16:30:00+00:00,0.04490115,0.158055802565375,0.04668709324125,0.0,0.208,4.895951515013157,4.8959515,0.07321769922368304,0.0,0.208,0.0,-0.0,0.0,1
2012-07-04 17:00:00+00:00,0.04602045,0.159336004738625,0.04785091339874999,0.0,0.289,4.7438462518552615,4.7438463,0.13477241501315707,0.0,0.289,0.0,-0.0,0.0,1
2012-07-04 17:30:00+00:00,0.04818525,0.161812000150625,0.05010181831874999,0.0,0.574,4.441740988697367,4.441741,0.19555655185526177,0.0,0.574,0.0,-0.0,0.0,1
2012-07-04 18:00:00+00:00,0.06098955,0.176456950286375,0.06341540935125,0.0,0.699,4.073846251855262,4.0738463,0.25080088869736716,0.0,0.699,0.0,-0.0,0.0,1
2012-07-04 18:30:00+00:00,0.0607989,0.17623889387225,0.06321717624749999,0.0,0.652,3.7306883571184195,3.7306884,0.29585305185526156,0.0,0.652,0.0,-0.0,0.0,1
2012-07-04 19:00:00+00:00,0.05932905,0.174557749260125,0.06168886296375,0.0,0.434,3.5022673044868404,3.5022673,0.3269182571184195,0.0,0.434,0.0,-0.0,0.0,1
2012-07-04 19:30:00+00:00,0.05729955,0.172236503561375,0.05957863960124999,0.0,0.337,3.324898883434209,3.3248989,0.3357811044868404,0.0,0.337,0.0,-0.0,0.0,1
2012-07-04 20:00:00+00:00,0.05124795,0.165314970932375,0.05328633721125,0.0,1.571,2.535425199223683,2.5354252,0.33421208343420883,0.0,1.5,0.07099999999999995,0.0,0.005868681468099308,1
2012-07-04 20:30:00+00:00,0.05274855,0.16703128593387498,0.054846623576249996,0.0,1.494,1.7491094097499986,1.7491094,0.3222621992236827,0.0,1.494,0.0,-0.0,0.0,1
2012-07-04 21:00:00+00:00,0.04281015,0.155664216087875,0.04451292371624999,0.006,1.573,1.47886803080263,1.478868,0.27024140974999855,0.0,0.51345862,1.05354138,0.0,0.08199934651691902,1
2012-07-04 21:30:00+00:00,0.04341285,0.156353555719625,0.04513959610875,0.0,1.789,1.2084709150131565,1.2084709,0.27039713080263006,0.0,0.51375452,1.27524548,0.0,0.09969458260668997,1
2012-07-04 22:00:00+00:00,0.040959,0.1535469586475,0.042588144225,0.0,1.418,1.2084709150131565,1.2084709,1.5013156495768953e-08,0.0,0.0,1.418,0.0,0.1088647936810775,1
2012-07-04 22:30:00+00:00,0.04599585,0.159307868427125,0.04782533493375,0.0,1.101,1.0,1.0,0.2084709150131565,0.0,0.39609474,0.70490526,0.0,0.05614847720683416,1
2012-07-04 23:00:00+00:00,0.03850515,0.150740361575375,0.04003669234125,0.0,0.453,1.0,1.0,0.0,0.0,0.0,0.453,0.0,0.03414269189682244,1
2012-07-04 23:30:00+00:00,0.0381669,0.15035348729225,0.03968498844749999,0.0,0.143,1.0,1.0,0.0,0.0,0.0,0.143,0.0,0.010750274341395874,1
2012-07-05 00:00:00+00:00,0.0353379,0.09761781146975,0.036743464972499994,0.0,0.127,1.0,1.0,0.0,0.0,0.0,0.127,0.0,0.006198731028329125,1
2012-07-05 00:30:00+00:00,0.03552855,0.097835867883875,0.03694169807625,0.0,0.139,1.0,1.0,0.0,0.0,0.0,0.139,0.0,0.006799592817929313,1
2012-07-05 01:00:00+00:00,0.0345384,0.09670338134600001,0.03591216485999999,0.0,0.121,1.0,1.0,0.0,0.0,0.0,0.121,0.0,0.005850554571433001,1
2012-07-05 01:30:00+00:00,0.03459375,0.09676668804687502,0.03596971640625,0.0,0.109,1.0,1.0,0.0,0.0,0.0,0.109,0.0,0.005273784498554689,1
2012-07-05 02:00:00+00:00,0.0339111,0.09598590540275,0.0352599140025,0.0,0.085,1.0,1.0,0.0,0.0,0.0,0.085,0.0,0.004079400979616875,1
2012-07-05 02:30:00+00:00,0.03369585,0.09573971267712503,0.03503610243375,0.0,0.026,1.7125,1.7125,0.7124999999999999,1.5,0.0,1.526,0.0,0.07304940077264639,1
2012-07-05 03:00:00+00:00,0.03346215,0.09547241771787501,0.03479310701625,0.0,0.046,2.425,2.425,0.7124999999999999,1.5,0.0,1.546,0.0,0.07380017889591739,1
2012-07-05 03:30:00+00:00,0.03356055,0.095584962963875,0.03489542087625,0.0,0.025,3.1374999999999997,3.1375,0.7125000000000004,1.5,0.0,1.525,0.0,0.07288353425995468,1
2012-07-05 04:00:00+00:00,0.033825,0.0958874283125,0.035170389375,0.0,0.045,3.8499999999999996,3.85,0.7125000000000004,1.5,0.0,1.545,0.0,0.07407303837140625,1
2012-07-05 04:30:00+00:00,0.0338004,0.09585929200100002,0.03514481091,0.0,0.025,4.5625,4.5625,0.7125000000000004,1.5,0.0,1.525,0.0,0.0730927101507625,1
2012-07-05 05:00:00+00:00,0.03385575,0.325822598701875,0.03520236245624999,0.0,0.045,4.538815789473684,4.5388158,0.08291979999999999,0.0,0.045,0.0,-0.0,0.0,1
2012-07-05 05:30:00+00:00,0.0338865,0.32585776909125,0.0352343355375,0.0,0.025,4.525657894736842,4.5256579,0.09133048947368394,0.0,0.025,0.0,-0.0,0.0,1
2012-07-05 06:00:00+00:00,0.03447075,0.3265260064893751,0.03584182408125,0.0,0.045,4.501973684210526,4.5019737,0.10330179473684176,0.0,0.045,0.0,-0.0,0.0,1
2012-07-05 06:30:00+00:00,0.04122345,0.334249423996125,0.04286311272375,0.0,0.031,4.485657894736842,4.4856579,0.11741748421052645,0.0,0.031,0.0,-0.0,0.0,1
2012-07-05 07:00:00+00:00,0.0492,0.34337262300000004,0.051156929999999996,0.0,0.042,4.463552631578947,4.4635526,0.12215979473684158,0.0,0.042,0.0,-0.0,0.0,1
2012-07-05 07:30:00+00:00,0.04524555,0.338849710926375,0.04704519175125,0.0,0.05,4.437236842105263,4.4372368,0.11232743157894731,0.0,0.05,0.0,-0.0,0.0,1
2012-07-05 08:00:00+00:00,0.05340045,0.348176898188625,0.05552445289874999,0.006,0.036,4.4214473684210525,4.4214474,0.09143974210526284,0.0,0.03,0.0,-0.0,0.0,1
2012-07-05 08:30:00+00:00,0.05373255,0.348556738393875,0.05586976217624999,0.019,0.042,4.409342105263158,4.4093421,0.06043116842105256,0.0,0.023,3.469446951953614e-18,0.0,6.046495568017615e-19,1
2012-07-05 09:00:00+00:00,0.0533574,0.34812765964350006,0.055479690585,0.081,0.238,4.3267105263157895,4.3267105,0.02187170526315807,0.0,0.157,0.0,2.7755575615628914e-17,-7.699353735818315e-19,1
2012-07-05 09:30:00+00:00,0.05337585,0.34814876187712507,0.055498874433750005,0.125,0.15,4.313552631578947,4.3135526,0.018541573684210277,0.0,0.025,0.0,6.938893903907228e-18,-1.9255040074103032e-19,1
2012-07-05 10:00:00+00:00,0.05039925,0.34474426818562504,0.05240388016875,0.075,0.322,4.183552631578947,4.1835526,0.056596568421053206,0.0,0.247,0.0,-0.0,0.0,1
2012-07-05 10:30:00+00:00,0.04915695,0.34332338445487504,0.051112167686249994,0.263,0.176,4.224877631578947,4.2248776,0.09100386842105301,0.087,0.0,0.0,-0.0,0.0,1
2012-07-05 11:00:00+00:00,0.0477732,0.161340716933,0.04967337903,0.219,0.204,4.232002631578947,4.2320026,0.11914406842105318,0.015,0.0,0.0,2.7755575615628914e-17,-6.893566138754803e-19,1
2012-07-05 11:30:00+00:00,0.0425211,0.15533361442774998,0.0442123767525,0.281,0.258,4.242927631578947,4.2429276,0.13946296842105266,0.023,0.0,0.0,-0.0,0.0,1
2012-07-05 12:00:00+00:00,0.04063305,0.153174152520125,0.04224922956375,0.531,0.177,4.411077631578947,4.4110776,0.15144146842105233,0.354,0.0,0.0,1.1102230246251565e-16,-2.3453033717174553e-18,1
2012-07-05 12:30:00+00:00,0.04057155,0.15310381174137502,0.042185283401249996,0.738,0.257,4.6395526315789475,4.6395526,0.1553163684210528,0.481,0.0,0.0,-0.0,0.0,1
2012-07-05 13:00:00+00:00,0.03764415,0.149755590672875,0.039141446066249995,0.463,0.593,4.5711315789473685,4.5711316,0.1516607684210527,0.0,0.13,0.0,5.551115123125783e-17,-1.0863933659968626e-18,1
2012-07-05 13:30:00+00:00,0.03646335,0.148405047720875,0.03791367974624999,0.25,0.162,4.612931578947369,4.6129316,0.1409707210526312,0.088,0.0,0.0,-0.0,0.0,1
2012-07-05 14:00:00+00:00,0.0361005,0.14799003712625,0.037536397387499996,0.369,0.509,4.612931578947369,4.6129316,0.12339472105263116,0.0,0.0,0.14,0.0,0.010359302598837501,1
2012-07-05 14:30:00+00:00,0.03651255,0.148461320343875,0.037964836676249995,0.5,0.189,4.760656578947369,4.7606566,0.09869402105263081,0.311,0.0,0.0,-0.0,0.0,1
2012-07-05 15:00:00+00:00,0.03648795,0.14843318403237502,0.03793925821124999,0.238,0.211,4.7734815789473695,4.7734816,0.06645312105263113,0.027,0.0,0.0,-0.0,0.0,1
2012-07-05 15:30:00+00:00,0.03629115,0.14820809354037498,0.03773463049125,0.119,0.471,4.7734815789473695,4.7734816,0.026475121052630612,0.0,0.0,0.352,0.0,0.026084624463105995,1
2012-07-05 16:00:00+00:00,0.0368508,0.14884819462700002,0.03831654057,0.125,0.43,4.7734815789473695,4.7734816,2.1052630749807122e-08,0.0,0.0,0.305,0.0,0.022699349680617504,1
2012-07-05 16:30:00+00:00,0.0373797,0.14945312532425,0.0388664775675,0.075,0.365,4.714545068421054,4.7145451,0.058936478947369864,0.0,0.11197937,0.17802062999999999,0.0,0.013302869762845969,1
2012-07-05 17:00:00+00:00,0.04022715,0.152709903380375,0.04182718489125,0.0,0.563,4.418229278947369,4.4182293,0.14373796842105424,0.0,0.563,0.0,-0.0,0.0,1
2012-07-05 17:30:00+00:00,0.04754565,0.161080456051625,0.04943677822875,0.0,0.54,4.1340187526315795,4.1340188,0.2049805789473691,0.0,0.54,0.0,-0.0,0.0,1
2012-07-05 18:00:00+00:00,0.05485185,0.16943694056712502,0.05703358233375,0.0,0.62,3.807702963157895,3.807703,0.2606468526315795,0.0,0.62,0.0,-0.0,0.0,1
2012-07-05 18:30:00+00:00,0.0773424,0.19516056335600002,0.08041869396000001,0.0,0.645,3.4682292789473688,3.4682293,0.30607816315789504,0.0,0.645,0.0,-0.0,0.0,1
2012-07-05 19:00:00+00:00,0.08218245,0.20069638264362502,0.08545125694875,0.0,0.414,3.2503345421052634,3.2503345,0.3374765789473688,0.0,0.414,0.0,-0.0,0.0,1
2012-07-05 19:30:00+00:00,0.0534312,0.16781206857800002,0.05555642598,0.0,0.399,3.0403345421052634,3.0403345,0.34660434210526336,0.0,0.399,0.0,-0.0,0.0,1
2012-07-05 20:00:00+00:00,0.05203515,0.16621533290037502,0.05410484809125,0.0,0.292,2.886650331578948,2.8866503,0.34528124210526334,0.0,0.292,0.0,-0.0,0.0,1
2012-07-05 20:30:00+00:00,0.054489,0.1690219299725,0.056656299975,0.0,0.243,2.7587555947368427,2.7587556,0.3335576315789477,0.0,0.243,0.0,-0.0,0.0,1
2012-07-05 21:00:00+00:00,0.05265015,0.16691874068787502,0.054744309716249995,0.0,0.398,2.5492819105263163,2.5492819,0.31285289473684275,0.0,0.398,0.0,-0.0,0.0,1
2012-07-05 21:30:00+00:00,0.049077,0.16283194144250002,0.051029037675,0.0,0.522,2.274545068421053,2.2745451,0.2820694105263164,0.0,0.522,0.0,-0.0,0.0,1
2012-07-05 22:00:00+00:00,0.04015335,0.152625494445875,0.041750449496249994,0.0,0.733,1.8887555947368426,1.8887556,0.25002646842105314,0.0,0.733,0.0,-0.0,0.0,1
2012-07-05 22:30:00+00:00,0.0531483,0.16748850099575,0.0552622736325,0.0,0.178,1.7950713842105268,1.7950714,0.22044439473684263,0.0,0.178,0.0,-0.0,0.0,1
2012-07-05 23:00:00+00:00,0.04363425,0.156606782523125,0.04536980229374999,0.0,0.593,1.4829661210526321,1.4829661,0.1956231842105267,0.0,0.593,0.0,-0.0,0.0,1
2012-07-05 23:30:00+00:00,0.04577445,0.159054641623625,0.04759512874875,0.0,0.58,1.1777029631578952,1.177703,0.17516522105263221,0.0,0.58,0.0,-0.0,0.0,1
2012-07-06 00:00:00+00:00,0.03957525,0.10246429112562502,0.04114935556875,0.0,0.559,1.1777029631578952,1.177703,3.684210470034088e-08,0.0,0.0,0.559,0.0,0.028638769369612196,1
2012-07-06 00:30:00+00:00,0.03648795,0.09893318403237499,0.03793925821124999,0.0,0.763,1.1777029631578952,1.177703,3.684210470034088e-08,0.0,0.0,0.763,0.0,0.03774300970835106,1
2012-07-06 01:00:00+00:00,0.03683235,0.099327092393375,0.038297356721249995,0.0,0.158,1.1777029631578952,1.177703,3.684210470034088e-08,0.0,0.0,0.158,0.0,0.007846840299076625,1
2012-07-06 01:30:00+00:00,0.03705375,0.099580319196875,0.03852756290625,0.0,0.163,1.1777029631578952,1.177703,3.684210470034088e-08,0.0,0.0,0.163,0.0,0.008115796014545313,1
2012-07-06 02:00:00+00:00,0.0355347,0.09784290196175002,0.0369480926925,0.0,0.093,1.1777029631578952,1.177703,3.684210470034088e-08,0.0,0.0,0.093,0.0,0.004549694941221376,1
2012-07-06 02:30:00+00:00,0.03434775,0.096485324931875,0.035713931756250004,0.0,0.072,1.833791868157895,1.8337919,0.6560889368421048,1.3812398,0.0,1.4532398,0.0,0.07010815715346652,1
2012-07-06 03:00:00+00:00,0.0338619,0.09592963277975002,0.0352087570725,0.0,0.056,2.546291868157895,2.5462919,0.7125000318421049,1.5,0.0,1.556,0.0,0.07463325430264552,1
2012-07-06 03:30:00+00:00,0.0338742,0.09594370093550002,0.035221546305,0.0,0.072,3.202380773157895,3.2023808,0.6560889318421048,1.3812398,0.0,1.4532398,0.0,0.06971460237938293,1
2012-07-06 04:00:00+00:00,0.03386805,0.095936666857625,0.035215151688749995,0.0,0.049,3.9148807731578947,3.9148808,0.7125000268421053,1.5,0.0,1.549,0.0,0.07430294848123056,1
2012-07-06 04:30:00+00:00,0.0336528,0.09569047413199999,0.03499134011999999,0.0,0.066,4.627380773157895,4.6273808,0.7125000268421053,1.5,0.0,1.566,0.0,0.074925641245356,1
2012-07-06 05:00:00+00:00,0.03319155,0.325062918291375,0.034511743901249996,0.0,0.054,4.598959720526316,4.5989597,0.094741773157895,0.0,0.054,0.0,-0.0,0.0,1
2012-07-06 05:30:00+00:00,0.0338619,0.32582963277975,0.0352087570725,0.0,0.056,4.569486036315789,4.569486,0.10298952052631538,0.0,0.056,0.0,-0.0,0.0,1
2012-07-06 06:00:00+00:00,0.03432315,0.326357188620375,0.035688353291249995,0.0,0.065,4.535275509999999,4.5352755,0.11477883631578933,0.0,0.065,0.0,-0.0,0.0,1
2012-07-06 06:30:00+00:00,0.03536865,0.327552981859125,0.03677543805375,0.0,0.049,4.5094860363157885,4.509486,0.12869410999999875,0.0,0.049,0.0,-0.0,0.0,1
2012-07-06 07:00:00+00:00,0.03814845,0.33073238505862507,0.03966580459875,0.0,0.072,4.471591299473683,4.4715913,0.1331813363157881,0.0,0.072,0.0,-0.0,0.0,1
2012-07-06 07:30:00+00:00,0.04169085,0.33478401391462503,0.04334910355875,0.0,0.05,4.445275509999999,4.4452755,0.12302719947368335,0.0,0.05,0.0,-0.0,0.0,1
2012-07-06 08:00:00+00:00,0.04980885,0.34406899670962504,0.05178999700874999,0.031,0.072,4.423696562631578,4.4236966,0.10177070999999938,0.0,0.041,0.0,6.938893903907228e-18,-1.7968264726369445e-19,1
2012-07-06 08:30:00+00:00,0.0541692,0.34905615792300004,0.05632377993,0.019,0.207,4.324749194210526,4.3247492,0.07035366263157794,0.0,0.188,0.0,-0.0,0.0,1
2012-07-06 09:00:00+00:00,0.0558789,0.35101163157225,0.058101483247499995,0.019,0.136,4.263170246842105,4.2631702,0.03135699421052518,0.0,0.117,0.0,-0.0,0.0,1
2012-07-06 09:30:00+00:00,0.0567153,0.35196826616325005,0.0589711510575,0.106,0.298,4.162117615263157,4.1621176,0.01039035315789505,0.0,0.192,0.0,-0.0,0.0,1
2012-07-06 10:00:00+00:00,0.05379405,0.34862707917262503,0.05593370833875,0.275,0.206,4.194892615263157,4.1948926,0.048857584736842874,0.069,0.0,0.0,-0.0,0.0,1
2012-07-06 10:30:00+00:00,0.0507744,0.34517334693600005,0.05279395175999999,0.331,0.382,4.16805051,4.1680505,0.08367028473684268,0.0,0.051,0.0,6.938893903907228e-18,-1.8316581501531812e-19,1
2012-07-06 11:00:00+00:00,0.0436035,0.15657161213375,0.0453378292125,0.075,0.543,3.9217347205263153,3.9217347,0.11220129000000068,0.0,0.468,0.0,-0.0,0.0,1
2012-07-06 11:30:00+00:00,0.04346205,0.156409828342625,0.04519075303875,0.063,0.471,3.706997878421052,3.7069979,0.1328912794736845,0.0,0.408,0.0,-0.0,0.0,1
2012-07-06 12:00:00+00:00,0.0408483,0.15342034524575,0.04247304113249999,0.219,0.234,3.699103141578947,3.6991031,0.14521882157894783,0.0,0.015,1.3877787807814457e-17,0.0,1.064567498361077e-18,1
2012-07-06 12:30:00+00:00,0.0403071,0.15280134639275,0.041910314902499995,0.275,0.391,3.6380505099999993,3.6380505,0.1494196584210532,0.0,0.116,0.0,1.3877787807814457e-17,-2.908112285877895e-19,1
2012-07-06 13:00:00+00:00,0.0380931,0.15026907835775,0.03960825305249999,0.581,0.296,3.773425509999999,3.7734255,0.14606739000000069,0.285,0.0,0.0,-0.0,0.0,1
2012-07-06 13:30:00+00:00,0.044526,0.157626723815,0.04629702165,0.638,0.423,3.875550509999999,3.8755505,0.1356587900000008,0.215,0.0,0.0,-0.0,0.0,1
2012-07-06 14:00:00+00:00,0.04315455,0.15605812444887499,0.044871022226249994,0.656,0.114,4.13300051,4.1330005,0.11834299000000081,0.542,0.0,0.0,-0.0,0.0,1
2012-07-06 14:30:00+00:00,0.0376257,0.14973448843925,0.039122262217499995,0.588,0.136,4.347700509999999,4.3477005,0.09388209000000014,0.452,0.0,1.1102230246251565e-16,0.0,8.311933832286233e-18,1
2012-07-06 15:00:00+00:00,0.0387327,0.15100062245674997,0.04027329314249999,0.5,0.214,4.483550509999999,4.4835505,0.06186209000000087,0.286,0.0,0.0,-0.0,0.0,1
2012-07-06 15:30:00+00:00,0.03865275,0.15090917944437499,0.04019016313125,0.4,0.142,4.606100509999999,4.6061005,0.02208829000000101,0.258,0.0,0.0,-0.0,0.0,1
2012-07-06 16:00:00+00:00,0.0404793,0.15299830057324998,0.042089364157499996,0.275,0.295,4.595574194210526,4.5955742,0.027652409999999072,0.0,0.02,0.0,3.8163916471489756e-17,-8.031474890224723e-19,1
2012-07-06 16:30:00+00:00,0.0404055,0.15291389163875,0.0420126287625,0.063,0.248,4.498205773157895,4.4982058,0.08614169421052598,0.0,0.185,0.0,-0.0,0.0,1
2012-07-06 17:00:00+00:00,0.0414018,0.1540534122545,0.043048556594999995,0.0,0.351,4.313468931052632,4.3134689,0.14798047315789464,0.0,0.351,0.0,-0.0,0.0,1
2012-07-06 17:30:00+00:00,0.0453624,0.15858335840600002,0.047166689459999994,0.0,0.29,4.160837352105263,4.1608374,0.2090145310526319,0.0,0.29,0.0,-0.0,0.0,1
2012-07-06 18:00:00+00:00,0.05326515,0.16762214847537502,0.05538377134125,0.0,0.444,3.9271531415789473,3.9271531,0.26445985210526324,0.0,0.444,0.0,-0.0,0.0,1
2012-07-06 18:30:00+00:00,0.04825905,0.161896409085125,0.05017855371374999,0.0,0.262,3.789258404736842,3.7892584,0.30965374157894754,0.0,0.262,0.0,-0.0,0.0,1
2012-07-06 19:00:00+00:00,0.0486096,0.16229735152400002,0.050543046839999994,0.0,0.529,3.510837352105263,3.5108374,0.34079720473684194,0.0,0.529,0.0,-0.0,0.0,1
2012-07-06 19:30:00+00:00,0.04193685,0.154665377029625,0.04360488820874999,0.0,0.642,3.1729426152631577,3.1729426,0.3496319521052631,0.0,0.642,0.0,-0.0,0.0,1
2012-07-06 20:00:00+00:00,0.0382161,0.15040975991525,0.0397361453775,0.0,0.624,2.844521562631579,2.8445216,0.34802881526315765,0.0,0.624,0.0,-0.0,0.0,1
2012-07-06 20:30:00+00:00,0.0453747,0.15859742656175,0.04717947869249999,0.0,0.434,2.61610051,2.6161005,0.3360394626315788,0.0,0.434,0.0,-0.0,0.0,1
2012-07-06 21:00:00+00:00,0.0452394,0.1584426768485,0.047038797135,0.0,0.489,2.3587320889473684,2.3587321,0.3150840100000001,0.0,0.489,0.0,-0.0,0.0,1
2012-07-06 21:30:00+00:00,0.03977205,0.152189381617625,0.04135398328875,0.0,0.456,2.118732088947368,2.1187321,0.28405188894736844,0.0,0.456,0.0,-0.0,0.0,1
2012-07-06 22:00:00+00:00,0.0400365,0.15249184696624998,0.0416289517875,0.0,0.497,1.857153141578947,1.8571531,0.2517846889473683,0.0,0.497,0.0,-0.0,0.0,1
2012-07-06 22:30:00+00:00,0.04797,0.16156580742499999,0.049878006749999995,0.0,0.616,1.5329426152631576,1.5329426,0.22200554157894703,0.0,0.616,0.0,-0.0,0.0,1
2012-07-06 23:00:00+00:00,0.0398028,0.152224552007,0.04138595637,0.0,0.247,1.4029426152631577,1.4029426,0.1970139152631576,0.0,0.247,0.0,-0.0,0.0,1
2012-07-06 23:30:00+00:00,0.0452886,0.1584989494715,0.047089954064999995,0.0,0.045,1.379258404736842,1.3792584,0.17640541526315756,0.0,0.045,0.0,-0.0,0.0,1
2012-07-07 00:00:00+00:00,0.0423366,0.10562259209150002,0.044020538265,0.0,0.051,1.379258404736842,1.3792584,4.7368418076843e-09,0.0,0.0,0.051,0.0,0.0026933760983332503,1
2012-07-07 00:30:00+00:00,0.03867735,0.10143731575587499,0.04021574159624999,0.0,0.029,1.379258404736842,1.3792584,4.7368418076843e-09,0.0,0.0,0.029,0.0,0.0014708410784601874,1
2012-07-07 01:00:00+00:00,0.0371091,0.09964362589775001,0.03858511445249999,0.0,0.05,1.379258404736842,1.3792584,4.7368418076843e-09,0.0,0.0,0.05,0.0,0.0024910906474437506,1
2012-07-07 01:30:00+00:00,0.0364572,0.09889801364300002,0.03790728513,0.0,0.027,1.379258404736842,1.3792584,4.7368418076843e-09,0.0,0.0,0.027,0.0,0.0013351231841805002,1
2012-07-07 02:00:00+00:00,0.03541785,0.09770925448212502,0.03682659498375,0.0,0.044,1.379258404736842,1.3792584,4.7368418076843e-09,0.0,0.0,0.044,0.0,0.00214960359860675,1
2012-07-07 02:30:00+00:00,0.03379425,0.095852257923125,0.03513841629375,0.0,0.035,2.091758404736842,2.0917584,0.7124999952631579,1.5,0.0,1.535,0.0,0.07356660795599844,1
2012-07-07 03:00:00+00:00,0.03386805,0.095936666857625,0.035215151688749995,0.0,0.028,2.600578072236842,2.6005781,0.5088196952631581,1.0711993,0.0,1.0991993,0.0,0.0527267585271173,1
2012-07-07 03:30:00+00:00,0.03383115,0.09589446239037501,0.035176783991249995,0.0,0.049,3.313078072236842,3.3130781,0.7125000277631579,1.5,0.0,1.549,0.0,0.07427026112134544,1
2012-07-07 04:00:00+00:00,0.03384345,0.09590853054612498,0.03518957322374999,0.0,0.028,4.025578072236842,4.0255781,0.7125000277631579,1.5,0.0,1.528,0.0,0.07327411733723949,1
2012-07-07 04:30:00+00:00,0.0331116,0.09507147527900002,0.034428613889999994,0.0,0.05,4.738078072236842,4.7380781,0.7125000277631584,1.5,0.0,1.55,0.0,0.07368039334122502,1
2012-07-07 05:00:00+00:00,0.0331608,0.325027747902,0.03447977082,0.0,0.034,4.7201833353947364,4.7201833,0.09566867223684206,0.0,0.034,0.0,-0.0,0.0,1
2012-07-07 05:30:00+00:00,0.03328995,0.32517546353737503,0.03461405776125,0.0,0.036,4.701235966973684,4.701236,0.10402713539473663,0.0,0.036,0.0,-0.0,0.0,1
2012-07-07 06:00:00+00:00,0.03182625,0.323501353003125,0.03309213909375,0.0,0.042,4.679130703815789,4.6791307,0.11595026697368382,0.0,0.042,0.0,-0.0,0.0,1
2012-07-07 06:30:00+00:00,0.03295785,0.324795623332125,0.03426874848374999,0.0,0.027,4.6649201775,4.6649202,0.13002230381578972,0.0,0.027,0.0,-0.0,0.0,1
2012-07-07 07:00:00+00:00,0.0326688,0.32446502167200003,0.03396820151999999,0.0,0.167,4.577025440657895,4.5770254,0.1346519774999999,0.0,0.167,0.0,-0.0,0.0,1
2012-07-07 07:30:00+00:00,0.0339603,0.32594217802575004,0.0353110709325,0.0,0.13,4.508604388026316,4.5086044,0.12461254065789529,0.0,0.13,0.0,-0.0,0.0,1
2012-07-07 08:00:00+00:00,0.0345507,0.32661744950175003,0.035924954092499996,0.013,0.09,4.4680780722368425,4.4680781,0.10346118802631565,0.0,0.077,0.0,-0.0,0.0,1
2012-07-07 08:30:00+00:00,0.038499,0.3311333274975,0.040030297725,0.0,0.066,4.433341230131579,4.4333412,0.07214577223684238,0.0,0.066,0.0,-0.0,0.0,1
2012-07-07 09:00:00+00:00,0.04545465,0.33908886957412504,0.04726260870374999,0.0,0.075,4.3938675459210526,4.3938675,0.0332562301315793,0.0,0.075,0.0,-0.0,0.0,1
2012-07-07 09:30:00+00:00,0.04822215,0.34225420461787504,0.05014018601624999,0.069,0.079,4.388604388026316,4.3886044,0.008564754078947523,0.0,0.01,0.0,5.204170427930421e-18,-1.3046903665834933e-19,1
2012-07-07 10:00:00+00:00,0.04519635,0.338793438303375,0.04699403482125,0.138,0.084,4.414254388026316,4.4142544,0.046895811973683976,0.054,0.0,0.0,-0.0,0.0,1
2012-07-07 10:30:00+00:00,0.0423612,0.335550728403,0.044046116729999994,0.163,0.311,4.33635965118421,4.3363597,0.08153961197368442,0.0,0.148,0.0,-0.0,0.0,1
2012-07-07 11:00:00+00:00,0.03755805,0.149657113582625,0.03905192143875,0.213,0.247,4.318464914342105,4.3184649,0.10986294881578917,0.0,0.034,0.0,-0.0,0.0,1
2012-07-07 11:30:00+00:00,0.0361497,0.14804630974925,0.037587554317499994,0.163,0.35,4.220043861710526,4.2200439,0.1303036856578954,0.0,0.187,0.0,2.7755575615628914e-17,-5.216321030329651e-19,1
2012-07-07 12:00:00+00:00,0.03559005,0.147406208662625,0.03700564423874999,0.231,0.363,4.220043861710526,4.2200439,0.14233973828947466,0.0,0.0,0.13199999999999998,0.0,0.009728809771733248,1
2012-07-07 12:30:00+00:00,0.0348336,0.146541017084,0.036219106439999996,0.306,0.19,4.275143861710526,4.2751439,0.146208538289474,0.116,0.0,0.0,-0.0,0.0,1
2012-07-07 13:00:00+00:00,0.0351165,0.14686458466625002,0.0365132587875,0.088,0.136,4.275143861710526,4.2751439,0.14248583828947403,0.0,0.0,0.048000000000000015,0.0,0.0035247500319900015,1
2012-07-07 13:30:00+00:00,0.0346491,0.14632999474775002,0.0360272679525,0.169,0.154,4.282268861710526,4.2822689,0.1316715382894742,0.015,0.0,0.0,2.7755575615628914e-17,-4.99978779940069e-19,1
2012-07-07 14:00:00+00:00,0.03389265,0.145464803169125,0.03524073015375,0.138,0.522,4.282268861710526,4.2822689,0.1139178382894741,0.0,0.0,0.384,0.0,0.027929242208472,1
2012-07-07 14:30:00+00:00,0.0339726,0.1455562461815,0.035323860165,0.119,0.204,4.282268861710526,4.2822689,0.08899003828947372,0.0,0.0,0.08499999999999999,0.0,0.00618614046271375,1
2012-07-07 15:00:00+00:00,0.03395415,0.14553514394787498,0.03530467631625,0.119,0.474,4.282268861710526,4.2822689,0.056478038289474064,0.0,0.0,0.355,0.0,0.025832488050747806,1
2012-07-07 15:30:00+00:00,0.0353625,0.14714594778125,0.036769043437499996,0.063,0.416,4.282268861710526,4.2822689,0.01619183828947346,0.0,0.0,0.353,0.0,0.025971259783390627,1
2012-07-07 16:00:00+00:00,0.0366294,0.14859496782349998,0.038086334385,0.063,0.472,4.282268861710526,4.2822689,3.8289473813790664e-08,0.0,0.0,0.409,0.0,0.030387670919905744,1
2012-07-07 16:30:00+00:00,0.03818535,0.15037458952587499,0.03970417229625,0.013,0.937,3.9489152406578945,3.9489152,0.09384886171052642,0.0,0.63337188,0.29062812000000005,0.0,0.021851542124838374,1
2012-07-07 17:00:00+00:00,0.04407705,0.15711323613012498,0.045830214663749994,0.0,1.625,3.230179766973684,3.2301797,0.1562751406578946,0.0,1.3655974,0.25940260000000004,0.0,0.020377790973284182,1
2012-07-07 17:30:00+00:00,0.05060835,0.164583426833375,0.05262129712125,0.0,0.777,2.821232398552631,2.8212324,0.21788376697368372,0.0,0.777,0.0,-0.0,0.0,1
2012-07-07 18:00:00+00:00,0.0596181,0.17488835092025,0.061989409927499996,0.0,0.419,2.6007060827631574,2.6007061,0.27388139855263116,0.0,0.419,0.0,-0.0,0.0,1
2012-07-07 18:30:00+00:00,0.06343725,0.179256513280625,0.06596046661874999,0.0,0.508,2.3333376617105257,2.3333377,0.31959878276315745,0.0,0.508,0.0,-0.0,0.0,1
2012-07-07 19:00:00+00:00,0.0563463,0.17114622149074998,0.0585874740825,0.0,1.547,1.5438639774999994,1.543864,0.35123276171052575,0.0,1.5,0.04699999999999993,0.0,0.004021936205032619,1
2012-07-07 19:30:00+00:00,0.0528039,0.16709459263475,0.0549041751225,0.0,1.117,1.0,1.0,0.3605020774999994,0.0,1.0333416,0.08365840000000002,0.0,0.006989433134237486,1
2012-07-07 20:00:00+00:00,0.0481914,0.1618190342285,0.050108212935,0.0,1.571,1.0,1.0,0.0,0.0,0.0,1.571,0.0,0.12710885138648675,1
2012-07-07 20:30:00+00:00,0.04465515,0.15777443945037498,0.04643130859124999,0.0,0.3,1.0,1.0,0.0,0.0,0.0,0.3,0.0,0.023666165917556246,1
2012-07-07 21:00:00+00:00,0.0430377,0.15592447696925002,0.0447495245175,0.0,1.832,1.0,1.0,0.0,0.0,0.0,1.832,0.0,0.14282682090383303,1
2012-07-07 21:30:00+00:00,0.0379209,0.15007212417725,0.03942920379749999,0.0,1.738,1.0,1.0,0.0,0.0,0.0,1.738,0.0,0.13041267591003025,1
2012-07-07 22:00:00+00:00,0.03721365,0.149263205221625,0.03869382292875,0.0,1.52,1.0,1.0,0.0,0.0,0.0,1.52,0.0,0.11344003596843501,1
2012-07-07 22:30:00+00:00,0.0395076,0.151886916269,0.04107901479,0.0,1.717,1.0,1.0,0.0,0.0,0.0,1.717,0.0,0.1303949176169365,1
2012-07-07 23:00:00+00:00,0.03797625,0.150135430878125,0.03948675534375,0.0,1.398,1.0,1.0,0.0,0.0,0.0,1.398,0.0,0.10494466618380938,1
2012-07-07 23:30:00+00:00,0.0375765,0.14967821581625002,0.0390711052875,0.0,1.114,1.0,1.0,0.0,0.0,0.0,1.114,0.0,0.08337076620965127,1
2012-07-08 00:00:00+00:00,0.0359037,0.09826494663425002,0.037331769667499994,0.0,0.928,1.0,1.0,0.0,0.0,0.0,0.928,0.0,0.045594935238292014,1
2012-07-08 00:30:00+00:00,0.03378195,0.095838189767375,0.03512562706124999,0.0,0.17,1.5224712624999999,1.5224713,0.5224713000000001,1.0999395,0.0,1.2699395,0.0,0.060854351397042664,1
2012-07-08 01:00:00+00:00,0.0338619,0.09592963277975002,0.0352087570725,0.0,0.164,1.5224712624999999,1.5224713,3.750000021618405e-08,0.0,0.0,0.164,0.0,0.007866229887939502,1
2012-07-08 01:30:00+00:00,0.0339972,0.09608438249300001,0.03534943863,0.0,0.135,1.5224712624999999,1.5224713,3.750000021618405e-08,0.0,0.0,0.135,0.0,0.006485695818277501,1
2012-07-08 02:00:00+00:00,0.0341694,0.09628133667350001,0.035528487885,0.0,0.154,1.5224712624999999,1.5224713,3.750000021618405e-08,0.0,0.0,0.154,0.0,0.007413662923859501,1
2012-07-08 02:30:00+00:00,0.0336405,0.09567640597625002,0.034978550887499994,0.0,0.133,2.2349712624999998,2.2349713,0.7125000375000003,1.5,0.0,1.633,0.0,0.07811978547960814,1
2012-07-08 03:00:00+00:00,0.0320415,0.09384754572875001,0.033315950662499996,0.0,0.105,2.9474712624999997,2.9474713,0.7125000375000003,1.5,0.0,1.605,0.0,0.07531265544732188,1
2012-07-08 03:30:00+00:00,0.03112515,0.09279946812537503,0.03236315284125,0.0,0.03,3.6599712624999996,3.6599713,0.7125000375000003,1.5,0.0,1.53,0.0,0.0709915931159119,1
2012-07-08 04:00:00+00:00,0.0311559,0.09283463851475002,0.0323951259225,0.0,0.051,4.3724712624999995,4.3724713,0.7125000375000003,1.5,0.0,1.551,0.0,0.07199326216818863,1
2012-07-08 04:30:00+00:00,0.03067005,0.09227894636262501,0.03188995123875,0.0,0.03,5.0849712625,5.0849713,0.7125000375000008,1.5,0.0,1.53,0.0,0.07059339396740813,1
2012-07-08 05:00:00+00:00,0.03075615,0.322277423452875,0.031979475866249996,0.0,0.136,5.013392315131579,5.0133923,0.11176206249999954,0.0,0.136,0.0,-0.0,0.0,1
2012-07-08 05:30:00+00:00,0.03037485,0.321841310624625,0.031583009658749994,0.0,0.073,4.9749712625,4.9749713,0.12015071513157949,0.0,0.073,0.0,-0.0,0.0,1
2012-07-08 06:00:00+00:00,0.0302211,0.32166545867775004,0.0314231442525,0.0,0.038,4.954971262500001,4.9549713,0.1320732625000005,0.0,0.038,0.0,-0.0,0.0,1
2012-07-08 06:30:00+00:00,0.0305778,0.3220734351945,0.031794031995,0.0,0.051,4.928129157236843,4.9281292,0.1461133625000013,0.0,0.051,0.0,-0.0,0.0,1
2012-07-08 07:00:00+00:00,0.03124815,0.32284014968287505,0.032491045166249996,0.0,0.032,4.9112870519736855,4.9112871,0.15064245723684344,0.0,0.032,0.0,-0.0,0.0,1
2012-07-08 07:30:00+00:00,0.0334068,0.32530911101700005,0.03473555546999999,0.0,0.055,4.882339683552633,4.8823397,0.1404205519736852,0.0,0.055,0.0,-0.0,0.0,1
2012-07-08 08:00:00+00:00,0.03404025,0.32603362103812505,0.035394200943749995,0.0,0.449,4.646023894078949,4.6460239,0.11902328355263325,0.0,0.449,0.0,-0.0,0.0,1
2012-07-08 08:30:00+00:00,0.03488895,0.32700432378487504,0.036276657986249995,0.0,1.209,4.009708104605265,4.0097081,0.08740479407894952,0.0,1.209,0.0,-0.0,0.0,1
2012-07-08 09:00:00+00:00,0.03495045,0.32707466456362505,0.03634060414875,0.056,0.085,3.994444946710528,3.9944449,0.04816480460526451,0.0,0.029,3.469446951953614e-18,0.0,5.673840990157599e-19,1
2012-07-08 09:30:00+00:00,0.034686,0.326772199215,0.03606563565,0.181,0.278,3.9433923151315806,3.9433923,0.005032446710528049,0.0,0.097,2.7755575615628914e-17,0.0,4.534875242198644e-18,1
2012-07-08 10:00:00+00:00,0.03563925,0.327862481285625,0.03705680116874999,0.263,0.066,4.036967315131581,4.0369673,0.034159484868419465,0.197,0.0,0.0,-0.0,0.0,1
2012-07-08 10:30:00+00:00,0.03544245,0.3276373907936251,0.03685217344875,0.55,0.101,4.250242315131581,4.2502423,0.06918598486841887,0.449,0.0,0.0,-0.0,0.0,1
2012-07-08 11:00:00+00:00,0.03433545,0.145971256776125,0.03570114252375,0.7,0.212,4.482042315131581,4.4820423,0.09789768486841854,0.488,0.0,0.0,-0.0,0.0,1
2012-07-08 11:30:00+00:00,0.03444615,0.146097870177875,0.03581624561625,0.719,0.158,4.748517315131581,4.7485173,0.11872818486841918,0.561,0.0,1.1102230246251565e-16,0.0,8.110060966008693e-18,1
2012-07-08 12:00:00+00:00,0.03442155,0.146069733866375,0.035790667151250004,0.731,0.131,5.033517315131581,5.0335173,0.1311534848684195,0.6,0.0,0.0,-0.0,0.0,1
2012-07-08 12:30:00+00:00,0.03444615,0.146097870177875,0.03581624561625,0.719,0.157,5.300467315131581,5.3004673,0.1354107848684185,0.562,0.0,1.1102230246251565e-16,0.0,8.110060966008693e-18,1
2012-07-08 13:00:00+00:00,0.03381885,0.145380394234625,0.03516399475874999,0.531,0.146,5.483342315131581,5.4833423,0.13207698486841934,0.385,0.0,0.0,-0.0,0.0,1
2012-07-08 13:30:00+00:00,0.033825,0.1453874283125,0.035170389375,0.65,0.147,5.722267315131581,5.7222673,0.12165308486841919,0.503,0.0,0.0,-0.0,0.0,1
2012-07-08 14:00:00+00:00,0.03381885,0.145380394234625,0.03516399475874999,0.7,0.121,5.997292315131581,5.9972923,0.10429238486841896,0.579,0.0,0.0,-0.0,0.0,1
2012-07-08 14:30:00+00:00,0.03375735,0.145310053455875,0.03510004859625,0.569,0.092,6.2238673151315815,6.2238673,0.07976168486841928,0.477,0.0,0.0,-0.0,0.0,1
2012-07-08 15:00:00+00:00,0.03384345,0.14540853054612501,0.03518957322374999,0.113,0.113,6.2238673151315815,6.2238673,0.047652384868418274,0.0,0.0,0.0,-0.0,0.0,1
2012-07-08 15:30:00+00:00,0.03444615,0.146097870177875,0.03581624561625,0.05,0.085,6.205446262500002,6.2054463,0.007777284868418555,0.0,0.035,0.0,-0.0,0.0,1
2012-07-08 16:00:00+00:00,0.0344154,0.1460626997885,0.035784272534999995,0.0,0.182,6.1096567888157916,6.1096568,0.043623762500001995,0.0,0.182,0.0,-0.0,0.0,1
2012-07-08 16:30:00+00:00,0.0351165,0.14686458466625002,0.0365132587875,0.0,0.235,5.985972578289476,5.9859726,0.10221448881579143,0.0,0.235,0.0,-0.0,0.0,1
2012-07-08 17:00:00+00:00,0.04011645,0.152583289978625,0.041712081798749995,0.0,0.688,5.623867315131582,5.6238673,0.16412507828947653,0.0,0.688,0.0,-0.0,0.0,1
2012-07-08 17:30:00+00:00,0.0465309,0.15991983320225,0.0483816665475,0.0,1.605,4.834393630921055,4.8343936,0.22518391513158154,0.0,1.5,0.10499999999999998,0.0,0.008395791243118124,1
2012-07-08 18:00:00+00:00,0.05857875,0.173699591759375,0.060908719781249995,0.0,1.498,4.045972578289477,4.0459726,0.28059133092105526,0.0,1.498,0.0,-0.0,0.0,1
2012-07-08 18:30:00+00:00,0.0590646,0.1742552839115,0.061413894465,0.0,0.798,3.6259725782894767,3.6259726,0.3256740782894765,0.0,0.798,0.0,-0.0,0.0,1
2012-07-08 19:00:00+00:00,0.05600805,0.170759347207625,0.05823577018874999,0.0,0.421,3.4043936309210556,3.4043936,0.3566282782894765,0.0,0.421,0.0,-0.0,0.0,1
2012-07-08 19:30:00+00:00,0.051168,0.16522352792,0.05320320719999999,0.006,0.365,3.215446262500003,3.2154463,0.3651525309210557,0.0,0.359,0.0,-0.0,0.0,1
2012-07-08 20:00:00+00:00,0.04977195,0.163626792242375,0.05175162931125,0.0,0.382,3.014393630921056,3.0143936,0.363217662500003,0.0,0.382,0.0,-0.0,0.0,1
2012-07-08 20:30:00+00:00,0.0468753,0.16031374156325,0.048739765057499995,0.0,0.517,2.742288367763161,2.7422884,0.3508752309210559,0.0,0.517,0.0,-0.0,0.0,1
2012-07-08 21:00:00+00:00,0.04126035,0.153891628463375,0.04290148042125,0.0,0.4,2.531762051973687,2.5317621,0.32954536776316123,0.0,0.4,0.0,-0.0,0.0,1
2012-07-08 21:30:00+00:00,0.0430254,0.15591040881350002,0.044736735284999996,0.0,0.647,2.1912357361842134,2.1912357,0.29808955197368725,0.0,0.647,0.0,-0.0,0.0,1
2012-07-08 22:00:00+00:00,0.0392493,0.15159148499825,0.0408104409075,0.0,0.923,1.7054462625000029,1.7054463,0.26539223618421337,0.0,0.923,0.0,-0.0,0.0,1
2012-07-08 22:30:00+00:00,0.0363711,0.14829953655275,0.0378177605025,0.0,1.285,1.0291304730263187,1.0291305,0.2351806625000028,0.0,1.285,0.0,-0.0,0.0,1
2012-07-08 23:00:00+00:00,0.03563925,0.147462481285625,0.03705680116874999,0.0,2.474,1.0291304730263187,1.0291305,2.697368128856681e-08,0.0,0.0,2.474,0.0,0.18241108935031813,1
2012-07-08 23:30:00+00:00,0.0360759,0.14796190081475,0.037510818922499994,0.0,1.237,1.0,1.0,0.02913047302631866,0.0,0.055347899,1.181652101,0.0,0.08741974548285147,1
2012-07-09 00:00:00+00:00,0.03561465,0.09793434497412501,0.03703122270374999,0.0,1.319,1.0,1.0,0.0,0.0,0.0,1.319,0.0,0.06458770051043544,1
2012-07-09 00:30:00+00:00,0.03374505,0.09579598530012501,0.03508725936375,0.0,0.441,1.5096369525,1.5096369,0.3569785000000001,1.0729199,0.0,1.5139199,0.0,0.07251372424298337,1
2012-07-09 01:00:00+00:00,0.03391725,0.09599293948062503,0.03526630861875,0.0,0.193,1.5096369525,1.509637,5.249999990297738e-08,0.0,0.0,0.193,0.0,0.009263318659880315,1
2012-07-09 01:30:00+00:00,0.0341202,0.09622506405050002,0.035477330955000004,0.0,0.176,1.5096369525,1.509637,4.7499999933364734e-08,0.0,0.0,0.176,0.0,0.008467805636444002,1
2012-07-09 02:00:00+00:00,0.0338496,0.09591556462400001,0.03519596784,0.0,0.169,2.1382705724999997,2.1382706,0.5096369475,1.3234392,0.0,1.4924392,0.0,0.07157407426749544,1
2012-07-09 02:30:00+00:00,0.03370815,0.095753780832875,0.03504889166625,0.0,0.18,2.8507705724999997,2.8507706,0.7125000275000004,1.5,0.0,1.68,0.0,0.080433175899615,1
2012-07-09 03:00:00+00:00,0.0326688,0.09456502167199998,0.03396820151999999,0.0,0.125,3.5632705724999996,3.5632706,0.7125000275000004,1.5,0.0,1.625,0.0,0.07683408010849999,1
2012-07-09 03:30:00+00:00,0.03153105,0.093263717265125,0.032785197513749996,0.0,0.077,4.275770572499999,4.2757706,0.7125000275000009,1.5,0.0,1.577,0.0,0.07353844106355106,1
2012-07-09 04:00:00+00:00,0.0311928,0.092876842982,0.032433493619999997,0.0,0.049,4.988270572499999,4.9882706,0.7125000275000009,1.5,0.0,1.549,0.0,0.07193311488955899,1
2012-07-09 04:30:00+00:00,0.03178935,0.09355914853587502,0.03305377139625,0.0,0.072,5.7007705725,5.7007706,0.7125000275000009,1.5,0.0,1.572,0.0,0.07353749074919777,1
2012-07-09 05:00:00+00:00,0.03415095,0.326160234439875,0.035509304036249995,0.0,0.049,5.674981098815789,5.6749811,0.10153207249999952,0.0,0.049,0.0,-0.0,0.0,1
2012-07-09 05:30:00+00:00,0.0344892,0.3265471087230001,0.035861007929999994,0.0,0.071,5.637612677763157,5.6376127,0.10921669881578921,0.0,0.071,0.0,-0.0,0.0,1
2012-07-09 06:00:00+00:00,0.03604515,0.328326730425375,0.03747884584125,0.0,0.048,5.61234951986842,5.6123495,0.12045427776315787,0.0,0.048,0.0,-0.0,0.0,1
2012-07-09 06:30:00+00:00,0.04057155,0.33350381174137506,0.042185283401249996,0.0,0.071,5.574981098815789,5.5749811,0.13382981986842069,0.0,0.071,0.0,-0.0,0.0,1
2012-07-09 07:00:00+00:00,0.0448581,0.33840656402025,0.046642330927499996,0.0,0.048,5.5497179409210515,5.5497179,0.13767919881578905,0.0,0.048,0.0,-0.0,0.0,1
2012-07-09 07:30:00+00:00,0.04326525,0.33658473785062504,0.044986125318749993,0.0,0.077,5.509191625131578,5.5091916,0.1267506409210517,0.0,0.077,0.0,-0.0,0.0,1
2012-07-09 08:00:00+00:00,0.0521028,0.34669270775700006,0.05417518886999999,0.0,0.049,5.483402151447367,5.4834022,0.10463982513157788,0.0,0.049,0.0,-0.0,0.0,1
2012-07-09 08:30:00+00:00,0.0554484,0.35051924612100005,0.05765386011,0.0,0.068,5.447612677763157,5.4476127,0.07230855144736736,0.0,0.068,0.0,-0.0,0.0,1
2012-07-09 09:00:00+00:00,0.0549933,0.34999872435825,0.057180658507499996,0.063,0.221,5.364454783026315,5.3644548,0.03236747776315685,0.0,0.158,0.0,-0.0,0.0,1
2012-07-09 09:30:00+00:00,0.0552762,0.3503222919405,0.057474810854999996,0.181,0.206,5.351296888289473,5.3512969,0.01032621697368441,0.0,0.025,0.0,6.938893903907228e-18,-1.9940580733499023e-19,1
2012-07-09 10:00:00+00:00,0.0532221,0.34797290993025004,0.0553390090275,0.256,0.152,5.400696888289473,5.4006969,0.04960531171052729,0.104,0.0,0.0,-0.0,0.0,1
2012-07-09 10:30:00+00:00,0.04862805,0.342718453757625,0.050562230688749994,0.575,0.299,5.531796888289473,5.5317969,0.08516651171052736,0.276,0.0,0.0,-0.0,0.0,1
2012-07-09 11:00:00+00:00,0.04844355,0.162107431421375,0.050370392201249996,0.7,0.102,5.815846888289473,5.8158469,0.11436271171052681,0.598,0.0,0.0,-0.0,0.0,1
2012-07-09 11:30:00+00:00,0.0465924,0.159990173981,0.048445612709999995,0.688,0.1,6.095146888289473,6.0951469,0.13562261171052725,0.588,0.0,0.0,-0.0,0.0,1
2012-07-09 12:00:00+00:00,0.04737345,0.160883501871125,0.04925772897374999,0.706,0.102,6.382046888289473,6.3820469,0.14842051171052706,0.604,0.0,0.0,-0.0,0.0,1
2012-07-09 12:30:00+00:00,0.0466908,0.160102719227,0.04854792656999999,0.713,0.127,6.660396888289473,6.6603969,0.15299351171052678,0.586,0.0,0.0,-0.0,0.0,1
2012-07-09 13:00:00+00:00,0.0467646,0.1601871281615,0.048624661964999996,0.631,0.109,6.908346888289473,6.9083469,0.14991941171052758,0.522,0.0,0.0,-0.0,0.0,1
2012-07-09 13:30:00+00:00,0.04620495,0.159547027074875,0.04804275188625,0.631,0.081,7.1695968882894725,7.1695969,0.13970081171052673,0.55,0.0,0.0,-0.0,0.0,1
2012-07-09 14:00:00+00:00,0.0457437,0.15901947123425,0.047563155667499996,0.575,0.316,7.292621888289473,7.2926219,0.12249261171052783,0.259,0.0,0.0,-0.0,0.0,1
2012-07-09 14:30:00+00:00,0.0430992,0.155994817748,0.044813470679999995,0.5,0.478,7.303071888289472,7.3030719,0.09806361171052735,0.022,0.0,0.0,-0.0,0.0,1
2012-07-09 15:00:00+00:00,0.0410943,0.15370170836075,0.0427288257825,0.494,0.479,7.310196888289473,7.3101969,0.06600761171052749,0.015,0.0,0.0,-0.0,0.0,1
2012-07-09 15:30:00+00:00,0.0409344,0.15351882233599998,0.04256256576,0.388,0.487,7.258091625131578,7.2580916,0.026140911710527348,0.0,0.099,0.0,2.7755575615628914e-17,-5.90674256173429e-19,1
2012-07-09 16:00:00+00:00,0.04148175,0.15414485526687502,0.04313168660625,0.281,0.518,7.133354783026315,7.1333548,0.023310925131577953,0.0,0.237,0.0,-0.0,0.0,1
2012-07-09 16:30:00+00:00,0.0406515,0.15319525475375,0.0422684134125,0.069,0.429,6.943881098815789,6.9438811,0.08197318302631462,0.0,0.36,0.0,-0.0,0.0,1
2012-07-09 17:00:00+00:00,0.04199835,0.154735717808375,0.04366883437124999,0.0,0.355,6.757038993552631,6.757039,0.1439833988157888,0.0,0.355,0.0,-0.0,0.0,1
2012-07-09 17:30:00+00:00,0.0454608,0.158695903652,0.04726900332,0.0,0.383,6.55546004618421,6.55546,0.20516099355263062,0.0,0.383,0.0,-0.0,0.0,1
2012-07-09 18:00:00+00:00,0.08497455,0.203889853998875,0.08835441272624998,0.0,0.428,6.330196888289473,6.3301969,0.2606983461842107,0.0,0.428,0.0,-0.0,0.0,1
2012-07-09 18:30:00+00:00,0.14653605,0.27430097352762495,0.15236452138874998,0.0,0.342,5.5407232040789465,5.5407232,0.7894736882894726,0.0,1.5,0.0,1.158,-0.08821905788408624,1
2012-07-09 19:00:00+00:00,0.0823731,0.20091443905775003,0.0856494900525,0.0,0.559,5.246512677763157,5.2465127,0.33700850407894656,0.0,0.559,0.0,-0.0,0.0,1
2012-07-09 19:30:00+00:00,0.05312985,0.167467398762125,0.05524308978375,0.0,0.366,5.053881098815788,5.0538811,0.345650777763157,0.0,0.366,0.0,-0.0,0.0,1
2012-07-09 20:00:00+00:00,0.0465924,0.159990173981,0.048445612709999995,0.0,0.311,4.890196888289473,4.8901969,0.3438633988157882,0.0,0.311,0.0,-0.0,0.0,1
2012-07-09 20:30:00+00:00,0.0482775,0.16191751131874998,0.0501977375625,0.0,0.244,4.761775835657894,4.7617758,0.33169718828947303,0.0,0.244,0.0,-0.0,0.0,1
2012-07-09 21:00:00+00:00,0.0465924,0.159990173981,0.048445612709999995,0.0,0.222,4.644933730394736,4.6449337,0.31057123565789446,0.0,0.222,0.0,-0.0,0.0,1
2012-07-09 21:30:00+00:00,0.04085445,0.153427379323625,0.04247943574875,0.0,0.262,4.507038993552631,4.507039,0.2793319303947355,0.0,0.262,0.0,-0.0,0.0,1
2012-07-09 22:00:00+00:00,0.0380685,0.15024094204625,0.03958267458749999,0.0,0.389,4.302302151447368,4.3023022,0.24688429355263075,0.0,0.389,0.0,-0.0,0.0,1
2012-07-09 22:30:00+00:00,0.05354805,0.16794571605762498,0.05567792368874999,0.0,0.271,4.1596705725,4.1596706,0.2169563514473678,0.0,0.271,0.0,-0.0,0.0,1
2012-07-09 23:00:00+00:00,0.0442431,0.15730315623274999,0.04600286930249999,0.0,0.673,3.8054600461842103,3.80546,0.19184287249999965,0.0,0.673,0.0,-0.0,0.0,1
2012-07-09 23:30:00+00:00,0.04609425,0.159420413673125,0.04792764879375,0.0,0.97,3.2949337303947366,3.2949337,0.17111524618421026,0.0,0.97,0.0,-0.0,0.0,1
2012-07-10 00:00:00+00:00,0.0440955,0.10763433836375,0.04584939851249999,0.0,0.243,3.2949337303947366,3.2949337,3.0394736505456876e-08,0.0,0.0,0.243,0.0,0.013077572111195625,1
2012-07-10 00:30:00+00:00,0.04249035,0.105798444038375,0.04418040367125,0.0,0.788,3.2949337303947366,3.2949337,3.0394736505456876e-08,0.0,0.0,0.788,0.0,0.041684586951119755,1
2012-07-10 01:00:00+00:00,0.04246575,0.105770307726875,0.04415482520625,0.0,0.151,3.2949337303947366,3.2949337,3.0394736505456876e-08,0.0,0.0,0.151,0.0,0.007985658233379062,1
2012-07-10 01:30:00+00:00,0.04379415,0.10728966854787501,0.045536062316249994,0.0,0.162,3.2949337303947366,3.2949337,3.0394736505456876e-08,0.0,0.0,0.162,0.0,0.008690463152377877,1
2012-07-10 02:00:00+00:00,0.04001805,0.10297074473262502,0.04160976793874999,0.0,0.139,3.2949337303947366,3.2949337,3.0394736505456876e-08,0.0,0.0,0.139,0.0,0.0071564667589174395,1
2012-07-10 02:30:00+00:00,0.03590985,0.098271980712125,0.037338164283749996,0.0,0.161,3.4487823876447368,3.4487824,0.7124999696052634,0.32389191,0.0,0.48489191,0.0,0.023825644213492727,1
2012-07-10 03:00:00+00:00,0.0353748,0.09766001593700001,0.03678183266999999,0.0,0.11,3.602631044894737,3.602631,0.7125000123552634,0.32389191,0.0,0.43389191,0.0,0.021186945422767688,1
2012-07-10 03:30:00+00:00,0.0349443,0.09716763048574999,0.036334209532499995,0.0,0.082,4.315131044894737,4.315131,0.7124999551052631,1.5,0.0,1.582,0.0,0.07685959571422825,1
2012-07-10 04:00:00+00:00,0.03388035,0.095950735013375,0.03522794092124999,0.0,0.061,5.027631044894736,5.027631,0.7124999551052635,1.5,0.0,1.561,0.0,0.07488954867793919,1
2012-07-10 04:30:00+00:00,0.03444615,0.09659787017787502,0.03581624561625,0.0,0.077,5.740131044894737,5.740131,0.7124999551052635,1.5,0.0,1.577,0.0,0.07616742063525446,1
2012-07-10 05:00:00+00:00,0.03495045,0.32707466456362505,0.03634060414875,0.0,0.065,5.705920518578947,5.7059205,0.08867994489473663,0.0,0.065,0.0,-0.0,0.0,1
2012-07-10 05:30:00+00:00,0.03749655,0.329986772803875,0.03898797527624999,0.0,0.062,5.673288939631578,5.6732889,0.0968579185789471,0.0,0.062,0.0,-0.0,0.0,1
2012-07-10 06:00:00+00:00,0.0397044,0.332512006761,0.041283642509999996,0.0,0.079,5.631709992263157,5.63171,0.10859333963157791,0.0,0.079,0.0,-0.0,0.0,1
2012-07-10 06:30:00+00:00,0.0424473,0.33564920549325,0.0441356413575,0.0,0.216,5.518025781736841,5.5180258,0.12246959226315646,0.0,0.216,0.0,-0.0,0.0,1
2012-07-10 07:00:00+00:00,0.0454977,0.33913810811925005,0.0473073710175,0.0,0.228,5.398025781736841,5.3980258,0.12678418173684136,0.0,0.228,0.0,-0.0,0.0,1
2012-07-10 07:30:00+00:00,0.0415125,0.33458002565625006,0.043163659687499994,0.0,0.35,5.213815255421052,5.2138153,0.11627098173684125,0.0,0.35,0.0,-0.0,0.0,1
2012-07-10 08:00:00+00:00,0.04995645,0.344237814578625,0.05194346779875,0.013,0.125,5.154867886999999,5.1548679,0.09454295542105129,0.0,0.112,0.0,-0.0,0.0,1
2012-07-10 08:30:00+00:00,0.05535615,0.35041373495287503,0.05755794086625,0.081,0.869,4.740131044894736,4.740131,0.06256698699999941,0.0,0.788,0.0,-0.0,0.0,1
2012-07-10 09:00:00+00:00,0.05650005,0.351722073437625,0.05874733948875,0.125,0.368,4.612236308052631,4.6122363,0.022962144894735914,0.0,0.243,0.0,-0.0,0.0,1
2012-07-10 09:30:00+00:00,0.05739795,0.35274904880737507,0.05968095346125,0.113,0.085,4.625536308052631,4.6255363,0.018518891947369553,0.028,0.0,0.0,-0.0,0.0,1
2012-07-10 10:00:00+00:00,0.0528777,0.34757900156925003,0.0549809105175,0.256,0.151,4.675411308052631,4.6754113,0.057500891947369404,0.105,0.0,0.0,-0.0,0.0,1
2012-07-10 10:30:00+00:00,0.0541815,0.34907022607875005,0.056336569162499996,0.388,0.099,4.812686308052631,4.8126863,0.09275579194736938,0.289,0.0,0.0,-0.0,0.0,1
2012-07-10 11:00:00+00:00,0.05367105,0.168086397615125,0.055805816013749995,0.313,0.104,4.91196130805263,4.9119613,0.12163079194736959,0.209,0.0,0.0,-0.0,0.0,1
2012-07-10 11:30:00+00:00,0.0571212,0.172032515303,0.059393195729999994,0.356,0.097,5.0349863080526305,5.0349863,0.14255179194737,0.259,0.0,0.0,-0.0,0.0,1
2012-07-10 12:00:00+00:00,0.05330205,0.167664352942625,0.05542213903875,0.625,0.104,5.28246130805263,5.2824613,0.15499259194736936,0.521,0.0,0.0,-0.0,0.0,1
2012-07-10 12:30:00+00:00,0.05365875,0.168072329459375,0.05579302678124999,0.506,0.174,5.44016130805263,5.4401613,0.1591915919473701,0.332,0.0,0.0,-0.0,0.0,1
2012-07-10 13:00:00+00:00,0.05022705,0.164147314005125,0.05222483091375,0.375,0.265,5.49241130805263,5.4924113,0.15572909194736972,0.11,0.0,0.0,-0.0,0.0,1
2012-07-10 13:30:00+00:00,0.0530253,0.16734781943825,0.055134381307499994,0.288,0.185,5.54133630805263,5.5413363,0.14511029194737013,0.103,0.0,0.0,-0.0,0.0,1
2012-07-10 14:00:00+00:00,0.05400315,0.168466237820375,0.05615112529125,0.225,0.168,5.56841130805263,5.5684113,0.12749289194737035,0.057,0.0,0.0,-0.0,0.0,1
2012-07-10 14:30:00+00:00,0.05324055,0.167594012163875,0.05535819287625,0.194,0.231,5.548937623842104,5.5489376,0.10264849194737025,0.0,0.037,6.938893903907228e-18,0.0,5.814585346676331e-19,1
2012-07-10 15:00:00+00:00,0.0515247,0.16563150443675,0.0535740949425,0.106,1.05,5.052095518578946,5.0520955,0.07017387615789605,0.0,0.944,1.1102230246251565e-16,0.0,9.194395491449182e-18,1
2012-07-10 15:30:00+00:00,0.05509785,0.16971830368212498,0.057289366983749986,0.044,1.51,4.280516571210525,4.2805166,0.029889781421054806,0.0,1.466,0.0,-0.0,0.0,1
2012-07-10 16:00:00+00:00,0.05747175,0.17243345774187502,0.05975768885625,0.0,0.396,4.072095518578946,4.0720955,0.019612071210524995,0.0,0.396,0.0,-0.0,0.0,1
2012-07-10 16:30:00+00:00,0.05959965,0.17486724868662498,0.06197022607874999,0.0,0.444,3.8384113080526303,3.8384113,0.07871421857894623,0.0,0.444,0.0,-0.0,0.0,1
2012-07-10 17:00:00+00:00,0.0533574,0.1677276596435,0.055479690585,0.0,0.551,3.5484113080526303,3.5484113,0.14114050805263023,0.0,0.551,0.0,-0.0,0.0,1
2012-07-10 17:30:00+00:00,0.05918145,0.174388931391125,0.061535392173749995,0.0,0.434,3.319990255421051,3.3199903,0.2027011080526302,0.0,0.434,0.0,-0.0,0.0,1
2012-07-10 18:00:00+00:00,0.0989781,0.21990644932025002,0.1029149539275,0.0,0.568,3.0210428869999983,3.0210429,0.2585807554210513,0.0,0.568,0.0,-0.0,0.0,1
2012-07-10 18:30:00+00:00,0.11472825,0.23792072275812498,0.11929156614374999,0.0,0.604,2.703148150157893,2.7031482,0.3040945869999985,0.0,0.604,0.0,-0.0,0.0,1
2012-07-10 19:00:00+00:00,0.05653695,0.171364277904875,0.05878570718625,0.0,0.541,2.4184113080526295,2.4184113,0.33543345015789283,0.0,0.541,0.0,-0.0,0.0,1
2012-07-10 19:30:00+00:00,0.04469205,0.157816643917625,0.04646967628874999,0.0,0.2,2.3131481501578928,2.3131482,0.34425180805262956,0.0,0.2,0.0,-0.0,0.0,1
2012-07-10 20:00:00+00:00,0.042189,0.1549537742225,0.043867067475,0.0,0.114,2.2531481501578927,2.2531482,0.2864203501578926,0.0,0.114,0.0,-0.0,0.0,1
2012-07-10 20:30:00+00:00,0.0427671,0.15561497754275,0.0444681614025,0.0,0.137,2.181042886999998,2.1810429,0.3305887501578928,0.0,0.137,0.0,-0.0,0.0,1
2012-07-10 21:00:00+00:00,0.043419,0.15636058979749998,0.045145990724999994,0.0,0.115,2.1205165712105245,2.1205166,0.309576986999998,0.0,0.115,0.0,-0.0,0.0,1
2012-07-10 21:30:00+00:00,0.04191225,0.154637240718125,0.043579309743749996,0.0,0.249,1.9894639396315772,1.9894639,0.2784176712105244,0.0,0.249,0.0,-0.0,0.0,1
2012-07-10 22:00:00+00:00,0.03757035,0.149671181738375,0.039064710671249996,0.0,0.26,1.8526218343684193,1.8526218,0.2460370396315772,0.0,0.26,0.0,-0.0,0.0,1
2012-07-10 22:30:00+00:00,0.0511311,0.16518132345275,0.05316483950249999,0.0,0.28,1.7052534133157877,1.7052534,0.21616573436841935,0.0,0.28,0.0,-0.0,0.0,1
2012-07-10 23:00:00+00:00,0.03969825,0.152104972683125,0.041277247893749994,0.0,0.441,1.473148150157893,1.4731482,0.19109751331578773,0.0,0.441,0.0,-0.0,0.0,1
2012-07-10 23:30:00+00:00,0.04455675,0.157661894204375,0.046328994731249996,0.0,0.209,1.3631481501578928,1.3631482,0.1703963501578929,0.0,0.209,0.0,-0.0,0.0,1
2012-07-11 00:00:00+00:00,0.037023,0.09954514880750001,0.038495589824999996,0.0,0.184,1.3631481501578928,1.3631482,4.9842107108233336e-08,0.0,0.0,0.184,0.0,0.009158153690290001,1
2012-07-11 00:30:00+00:00,0.0363219,0.09874326392975,0.037766603572499995,0.0,0.202,1.3631481501578928,1.3631482,4.9842107108233336e-08,0.0,0.0,0.202,0.0,0.00997306965690475,1
2012-07-11 01:00:00+00:00,0.03642645,0.098862843253625,0.03787531204875,0.0,0.181,1.3631481501578928,1.3631482,4.9842107108233336e-08,0.0,0.0,0.181,0.0,0.008947087314453062,1
2012-07-11 01:30:00+00:00,0.036654,0.09912310413500001,0.03811191285,0.0,0.2,1.3631481501578928,1.3631482,4.9842107108233336e-08,0.0,0.0,0.2,0.0,0.009912310413500002,1
2012-07-11 02:00:00+00:00,0.03508575,0.097329414276875,0.03648128570625,0.0,0.175,1.3631481501578928,1.3631482,4.9842107108233336e-08,0.0,0.0,0.175,0.0,0.008516323749226562,1
2012-07-11 02:30:00+00:00,0.0342678,0.09639388191949999,0.035630801744999996,0.0,0.186,1.3631481501578928,1.3631482,4.9842107108233336e-08,0.0,0.0,0.186,0.0,0.008964631018513499,1
2012-07-11 03:00:00+00:00,0.0337389,0.09578895122225002,0.0350808647475,0.0,0.138,1.9360786626578927,1.9360786,0.5729304498421073,1.2061695,0.0,1.3441695,0.0,0.0643782933349681,1
2012-07-11 03:30:00+00:00,0.03357285,0.095599031119625,0.03490821010875,0.0,0.091,2.6485786626578927,2.6485786,0.7124999373421073,1.5,0.0,1.591,0.0,0.07604902925566169,1
2012-07-11 04:00:00+00:00,0.03322845,0.09520512275862501,0.034550111598749995,0.0,0.065,3.3610786626578926,3.3610786,0.7124999373421073,1.5,0.0,1.565,0.0,0.07449800855862407,1
2012-07-11 04:30:00+00:00,0.0325335,0.09441027195875,0.0338275199625,0.0,0.085,4.0735786626578925,4.0735786,0.7124999373421077,1.5,0.0,1.585,0.0,0.07482014052730937,1
2012-07-11 05:00:00+00:00,0.033456,0.32536538364,0.034786712399999996,0.0,0.067,4.038315504763156,4.0383155,0.08710636265789251,0.0,0.067,0.0,-0.0,0.0,1
2012-07-11 05:30:00+00:00,0.03412635,0.32613209812837507,0.03548372557125,0.0,0.075,3.9988418205526295,3.9988418,0.09513490476315578,0.0,0.075,0.0,-0.0,0.0,1
2012-07-11 06:00:00+00:00,0.0354855,0.32768662933875,0.0368969357625,0.0,0.077,3.958315504763156,3.9583155,0.10671332055262939,0.0,0.077,0.0,-0.0,0.0,1
2012-07-11 06:30:00+00:00,0.03806235,0.33063390796837505,0.03957627997125,0.0,0.205,3.850420767921051,3.8504208,0.12042620476315591,0.0,0.205,0.0,-0.0,0.0,1
2012-07-11 07:00:00+00:00,0.04124805,0.334277560307625,0.042888691188749994,0.0,0.311,3.686736557394735,3.6867366,0.12453516792105113,0.0,0.311,0.0,-0.0,0.0,1
2012-07-11 07:30:00+00:00,0.03568845,0.327918753908625,0.03710795809874999,0.0,0.4,3.476210241605261,3.4762102,0.11376235739473506,0.0,0.4,0.0,-0.0,0.0,1
2012-07-11 08:00:00+00:00,0.0405162,0.33344050504050005,0.042127731854999996,0.0,0.102,3.422526031078945,3.422526,0.09174064160526108,0.0,0.102,0.0,-0.0,0.0,1
2012-07-11 08:30:00+00:00,0.0424104,0.33560700102600005,0.04409727366,0.0,0.042,3.4004207679210503,3.4004208,0.059444631078945154,0.0,0.042,0.0,-0.0,0.0,1
2012-07-11 09:00:00+00:00,0.0420783,0.33522716082075005,0.0437519643825,0.075,0.145,3.3635786626578925,3.3635787,0.0195042679210502,0.0,0.07,0.0,1.3877787807814457e-17,-3.0359023893769544e-19,1
2012-07-11 09:30:00+00:00,0.0422259,0.33539597868975,0.0439054351725,0.181,0.946,2.960947083710524,2.9609471,0.021944837342107615,0.0,0.765,0.0,1.1102230246251565e-16,-2.437241251734834e-18,1
2012-07-11 10:00:00+00:00,0.0397905,0.33261048385125,0.04137316713749999,0.275,0.16,3.015572083710524,3.0155721,0.061222816289476345,0.115,0.0,0.0,-0.0,0.0,1
2012-07-11 10:30:00+00:00,0.0403932,0.333299823483,0.04199983953,0.606,0.808,2.90925629423684,2.9092563,0.09675441628947601,0.0,0.202,5.551115123125783e-17,0.0,9.250928453358177e-18,1
2012-07-11 11:00:00+00:00,0.0371091,0.14914362589775,0.03858511445249999,0.731,0.187,3.16765629423684,3.1676563,0.12587930576315998,0.544,0.0,1.1102230246251565e-16,0.0,8.279134372388141e-18,1
2012-07-11 11:30:00+00:00,0.036654,0.148623104135,0.03811191285,0.756,0.164,3.44885629423684,3.4488563,0.14701830576316022,0.592,0.0,0.0,-0.0,0.0,1
2012-07-11 12:00:00+00:00,0.0368262,0.14882005831550002,0.038290962105000007,0.769,0.187,3.72530629423684,3.7253063,0.1596427057631602,0.582,0.0,0.0,1.1102230246251565e-16,-2.125575388201018e-18,1
2012-07-11 12:30:00+00:00,0.0359529,0.14782121925725003,0.037382926597500005,0.769,0.163,4.01315629423684,4.0131563,0.16399050576315988,0.606,0.0,0.0,-0.0,0.0,1
2012-07-11 13:00:00+00:00,0.03482745,0.146533983006125,0.03621271182375,0.719,0.186,4.266331294236839,4.2663313,0.16064230576315985,0.533,0.0,1.1102230246251565e-16,0.0,8.134270091171569e-18,1
2012-07-11 13:30:00+00:00,0.03444615,0.146097870177875,0.03581624561625,0.675,0.164,4.5090562942368395,4.5090563,0.15010430576316036,0.511,0.0,0.0,-0.0,0.0,1
2012-07-11 14:00:00+00:00,0.03417555,0.145788370751375,0.03553488250125,0.588,0.186,4.7000062942368395,4.7000063,0.13253520576316014,0.402,0.0,1.1102230246251565e-16,0.0,8.092880296538262e-18,1
2012-07-11 14:30:00+00:00,0.0338496,0.145415564624,0.03519596784,0.531,0.172,4.870531294236839,4.8705313,0.10770780576316064,0.359,0.0,0.0,1.1102230246251565e-16,-1.953768693496727e-18,1
2012-07-11 15:00:00+00:00,0.0338619,0.14542963277975,0.0352087570725,0.494,0.094,5.0605312942368395,5.0605313,0.07522080576316093,0.4,0.0,0.0,-0.0,0.0,1
2012-07-11 15:30:00+00:00,0.034071,0.1456687914275,0.035426174025,0.356,0.098,5.18308129423684,5.1830813,0.0348975057631602,0.258,0.0,0.0,-0.0,0.0,1
2012-07-11 16:00:00+00:00,0.03416325,0.14577430259562502,0.03552209326875,0.138,0.231,5.134133925815787,5.1341339,0.014131694236839465,0.0,0.093,0.0,-0.0,0.0,1
2012-07-11 16:30:00+00:00,0.03293325,0.14436748702062502,0.03424317001874999,0.019,0.192,5.043081294236839,5.0430813,0.07332072581578686,0.0,0.173,2.7755575615628914e-17,0.0,2.0035013512196417e-18,1
2012-07-11 17:00:00+00:00,0.03360975,0.145141235586875,0.03494657780625,0.0,0.189,4.943607610026313,4.9436076,0.13584459423683892,0.0,0.189,0.0,-0.0,0.0,1
2012-07-11 17:30:00+00:00,0.0387819,0.15105689507975,0.0403244500725,0.0,0.157,4.860976031078945,4.860976,0.19750581002631318,0.0,0.157,0.0,-0.0,0.0,1
2012-07-11 18:00:00+00:00,0.0401964,0.15267473299099998,0.041795211809999996,0.0,0.192,4.759923399499997,4.7599234,0.2534817310789448,0.0,0.192,0.0,-0.0,0.0,1
2012-07-11 18:30:00+00:00,0.0384621,0.15069112303025,0.0399919300275,0.0,0.187,4.661502346868418,4.6615023,0.29908299949999684,0.0,0.187,0.0,-0.0,0.0,1
2012-07-11 19:00:00+00:00,0.0383145,0.15052230516125,0.0398384592375,0.0,0.335,4.485186557394734,4.4851866,0.3304984468684182,0.0,0.335,0.0,-0.0,0.0,1
2012-07-11 19:30:00+00:00,0.035793,0.14763833323249997,0.037216666574999994,0.0,0.242,4.357818136342102,4.3578181,0.33936125739473333,0.0,0.242,0.0,-0.0,0.0,1
2012-07-11 20:00:00+00:00,0.03487665,0.146590255629125,0.03626386875375,0.0,0.22,4.242028662657892,4.2420287,0.33779223634210176,0.0,0.22,0.0,-0.0,0.0,1
2012-07-11 20:30:00+00:00,0.0381177,0.15029721466925,0.039633831517499996,0.0,0.295,4.086765504763155,4.0867655,0.32584236265789146,0.0,0.295,0.0,-0.0,0.0,1
2012-07-11 21:00:00+00:00,0.03531945,0.147096709236125,0.03672428112375,0.0,0.155,4.005186557394733,4.0051866,0.30493060476315437,0.0,0.155,0.0,-0.0,0.0,1
2012-07-11 21:30:00+00:00,0.03493815,0.146660596407875,0.03632781491625,0.0,0.152,3.925186557394733,3.9251866,0.2738758573947333,0.0,0.152,0.0,-0.0,0.0,1
2012-07-11 22:00:00+00:00,0.03444,0.14609083609999998,0.035809851,0.0,0.171,3.8351865573947332,3.8351866,0.24162595739473325,0.0,0.171,0.0,-0.0,0.0,1
2012-07-11 22:30:00+00:00,0.0399135,0.15235116540875002,0.041501059462499996,0.0,0.187,3.7367655047631545,3.7367655,0.21191335739473338,0.0,0.187,0.0,-0.0,0.0,1
2012-07-11 23:00:00+00:00,0.03520875,0.146970095834375,0.036609178031249995,0.0,0.846,3.2915023468684175,3.2915023,0.18703050476315441,0.0,0.846,0.0,-0.0,0.0,1
2012-07-11 23:30:00+00:00,0.03613125,0.14802520751562498,0.037568370468749994,0.0,0.477,3.04044971528947,3.0404497,0.16653354686841748,0.0,0.477,0.0,-0.0,0.0,1
2012-07-12 00:00:00+00:00,0.03514725,0.097399755055625,0.03654523186874999,0.0,0.739,3.04044971528947,3.0404497,1.5289470134405292e-08,0.0,0.0,0.739,0.0,0.03598920949305343,1
2012-07-12 00:30:00+00:00,0.03385575,0.095922598701875,0.03520236245624999,0.0,0.175,3.04044971528947,3.0404497,1.5289470134405292e-08,0.0,0.0,0.175,0.0,0.008393227386414062,1
2012-07-12 01:00:00+00:00,0.0340833,0.09618285958325001,0.0354389632575,0.0,0.028,3.04044971528947,3.0404497,1.5289470134405292e-08,0.0,0.0,0.028,0.0,0.0013465600341655002,1
2012-07-12 01:30:00+00:00,0.03406485,0.09616175734962502,0.03541977940875,0.0,0.051,3.04044971528947,3.0404497,1.5289470134405292e-08,0.0,0.0,0.051,0.0,0.002452124812415438,1
2012-07-12 02:00:00+00:00,0.0325458,0.0944243401145,0.033840309194999994,0.0,0.028,3.04044971528947,3.0404497,1.5289470134405292e-08,0.0,0.0,0.028,0.0,0.001321940761603,1
2012-07-12 02:30:00+00:00,0.0317463,0.09350990999075001,0.03300900908249999,0.0,0.048,3.49694163953947,3.4969416,0.4564918847105299,0.96103563,0.0,1.00903563,0.0,0.04717741546937987,1
2012-07-12 03:00:00+00:00,0.03055935,0.09215233296087501,0.03177484814625,0.0,0.037,4.20944163953947,4.2094416,0.71249996046053,1.5,0.0,1.537,0.0,0.07081906788043243,1
2012-07-12 03:30:00+00:00,0.02845605,0.089746678327625,0.029587889388749997,0.0,0.039,4.921941639539471,4.9219416,0.71249996046053,1.5,0.0,1.539,0.0,0.06906006897310744,1
2012-07-12 04:00:00+00:00,0.02682015,0.08787561361287502,0.02788692146625,0.0,0.045,5.634441639539471,5.6344416,0.7124999604605291,1.5,0.0,1.545,0.0,0.06788391151594594,1
2012-07-12 04:30:00+00:00,0.0270969,0.08819214711725,0.028174679197499997,0.0,0.126,6.346941639539471,6.3469416,0.7124999604605291,1.5,0.0,1.626,0.0,0.07170021560632424,1
2012-07-12 05:00:00+00:00,0.02929245,0.32060331291862504,0.03045755719875,0.0,0.082,6.3037837448026295,6.3037837,0.086499939539471,0.0,0.082,0.0,-0.0,0.0,1
2012-07-12 05:30:00+00:00,0.03046095,0.321939787714875,0.03167253428625,0.0,0.026,6.2900995342763135,6.2900995,0.09491064480262956,0.0,0.026,0.0,-0.0,0.0,1
2012-07-12 06:00:00+00:00,0.0319677,0.3236631367942501,0.0332392152675,0.0,0.053,6.262204797434208,6.2622048,0.10688203427631393,0.0,0.053,0.0,-0.0,0.0,1
2012-07-12 06:30:00+00:00,0.03502425,0.327159073498125,0.036417339543749996,0.0,0.027,6.247994271118419,6.2479943,0.12099769743420818,0.0,0.027,0.0,-0.0,0.0,1
2012-07-12 07:00:00+00:00,0.0364572,0.32879801364300004,0.03790728513,0.0,0.051,6.221152165855261,6.2211522,0.1254813711184184,0.0,0.051,0.0,-0.0,0.0,1
2012-07-12 07:30:00+00:00,0.0335667,0.32549199704175,0.034901815492499995,0.0,0.033,6.20378374480263,6.2037837,0.11504126585526109,0.0,0.033,0.0,-0.0,0.0,1
2012-07-12 08:00:00+00:00,0.0362604,0.32857292315100006,0.03770265740999999,0.0,0.05,6.177467955328946,6.177468,0.09332784480263001,0.0,0.05,0.0,-0.0,0.0,1
2012-07-12 08:30:00+00:00,0.0450795,0.33865979082375003,0.046872537112499994,0.063,1.056,5.654836376381577,5.6548364,0.061321055328945384,0.0,0.993,1.1102230246251565e-16,0.0,1.879939486436333e-17,1
2012-07-12 09:00:00+00:00,0.0447474,0.3382799506185001,0.046527227835,0.081,0.926,5.2100995342763134,5.2100995,0.021659676381577064,0.0,0.845,1.1102230246251565e-16,0.0,1.8778309497285988e-17,1
2012-07-12 09:30:00+00:00,0.04535625,0.338976324328125,0.04716029484374999,0.181,0.234,5.182204797434208,5.1822048,0.01974766572368658,0.0,0.053,2.0816681711721685e-17,0.0,3.5281811256739595e-18,1
2012-07-12 10:00:00+00:00,0.0457929,0.33947574385725005,0.0476143125975,0.144,0.105,5.200729797434208,5.2007298,0.058764402565792295,0.039,0.0,0.0,-0.0,0.0,1
2012-07-12 10:30:00+00:00,0.04817295,0.342197931994875,0.05008902908624999,0.144,0.038,5.251079797434208,5.2510798,0.09401720256579171,0.106,0.0,0.0,-0.0,0.0,1
2012-07-12 11:00:00+00:00,0.04900935,0.162754566585875,0.050958696896249996,0.106,0.036,5.284329797434208,5.2843298,0.12284010256579148,0.07,0.0,1.3877787807814457e-17,0.0,1.1293366699157912e-18,1
2012-07-12 11:30:00+00:00,0.04677075,0.16019416223937502,0.04863105658125,0.038,0.035,5.285754797434208,5.2857548,0.14365130256579217,0.003,0.0,6.938893903907228e-18,0.0,5.557851479021624e-19,1
2012-07-12 12:00:00+00:00,0.0453255,0.15854115393874998,0.047128321762499994,0.044,0.038,5.288604797434208,5.2886048,0.1559218025657918,0.006,0.0,0.0,-0.0,0.0,1
2012-07-12 12:30:00+00:00,0.0460758,0.15939931143949998,0.04790846494499999,0.188,0.1,5.330404797434208,5.3304048,0.15989070256579208,0.088,0.0,0.0,-0.0,0.0,1
2012-07-12 13:00:00+00:00,0.04673385,0.160151957772125,0.04859268888375,0.181,0.333,5.250404797434208,5.2504048,0.1561415025657915,0.0,0.152,2.7755575615628914e-17,0.0,2.222554886967612e-18,1
2012-07-12 13:30:00+00:00,0.04584825,0.159139050558125,0.04767186414375,0.125,0.15,5.237246902697366,5.2372469,0.1451831025657917,0.0,0.025,0.0,6.938893903907228e-18,-1.6539500374748023e-19,1
2012-07-12 14:00:00+00:00,0.04690605,0.16034891195262502,0.04877173813874999,0.119,0.075,5.258146902697366,5.2581469,0.1271772973026346,0.044,0.0,0.0,-0.0,0.0,1
2012-07-12 14:30:00+00:00,0.04896015,0.162698293962875,0.05090753996624999,0.081,0.092,5.252357429013156,5.2523574,0.10189989730263438,0.0,0.011,0.0,3.469446951953614e-18,-8.831050468368141e-20,1
2012-07-12 15:00:00+00:00,0.0440832,0.157120270208,0.045836609279999996,0.044,0.203,5.16867321848684,5.1686732,0.06895307098684444,0.0,0.159,2.7755575615628914e-17,0.0,2.1804817702530956e-18,1
2012-07-12 15:30:00+00:00,0.0434559,0.15640279426475,0.045184358422499994,0.031,0.082,5.141831113223683,5.1418311,0.028164981513159937,0.0,0.051,6.938893903907228e-18,0.0,5.426311978388651e-19,1
2012-07-12 16:00:00+00:00,0.04865265,0.16234659006912502,0.050587809153749996,0.006,0.119,5.082357429013157,5.0823574,0.0221057132236826,0.0,0.113,0.0,1.3877787807814457e-17,-3.5102344054897814e-19,1
2012-07-12 16:30:00+00:00,0.0466785,0.16008865107125,0.0485351373375,0.0,0.297,4.926041639539473,4.9260416,0.08179972901315669,0.0,0.297,0.0,-0.0,0.0,1
2012-07-12 17:00:00+00:00,0.0426564,0.15548836414099998,0.04435305830999999,0.0,0.138,4.853410060592104,4.8534101,0.14481013953947297,0.0,0.138,0.0,-0.0,0.0,1
2012-07-12 17:30:00+00:00,0.047478,0.161003081195,0.04936643745,0.0,0.299,4.696041639539472,4.6960416,0.20692986059210394,0.0,0.299,0.0,-0.0,0.0,1
2012-07-12 18:00:00+00:00,0.06528225,0.181366736643125,0.06787885149374999,0.0,0.297,4.539725850065788,4.5397259,0.26332773953947175,0.0,0.297,0.0,-0.0,0.0,1
2012-07-12 18:30:00+00:00,0.0595566,0.17481801014149997,0.061925463764999994,0.0,0.404,4.32709427111842,4.3270943,0.30930805006578854,0.0,0.404,0.0,-0.0,0.0,1
2012-07-12 19:00:00+00:00,0.04814835,0.161769795683375,0.05006345062124999,0.0,0.523,4.051831113223683,4.0518311,0.3410567711184198,0.0,0.523,0.0,-0.0,0.0,1
2012-07-12 19:30:00+00:00,0.0417585,0.15446138877124999,0.043419444337499995,0.0,1.141,3.4513047974342093,3.4513048,0.3501845132236827,0.0,1.141,0.0,-0.0,0.0,1
2012-07-12 20:00:00+00:00,0.03849285,0.15072629341962498,0.040023903108749995,0.0,0.405,3.238146902697367,3.2381469,0.3488613974342094,0.0,0.405,0.0,-0.0,0.0,1
2012-07-12 20:30:00+00:00,0.04064535,0.153188220675875,0.042262018796249995,0.0,0.204,3.1307784816447355,3.1307785,0.33713780269736704,0.0,0.204,0.0,-0.0,0.0,1
2012-07-12 21:00:00+00:00,0.03972285,0.152133108994625,0.041302826358749996,0.0,0.181,3.0355153237499986,3.0355153,0.31643188164473557,0.0,0.181,0.0,-0.0,0.0,1
2012-07-12 21:30:00+00:00,0.0361374,0.1480322415935,0.037574765084999996,0.0,0.187,2.93709427111842,2.9370943,0.2855481237499986,0.0,0.187,0.0,-0.0,0.0,1
2012-07-12 22:00:00+00:00,0.0351042,0.14685051651050002,0.036500469555000005,0.0,0.182,2.8413047974342094,2.8413048,0.2534550711184198,0.0,0.182,0.0,-0.0,0.0,1
2012-07-12 22:30:00+00:00,0.0412788,0.153912730697,0.04292066427,0.0,0.401,2.630252165855262,2.6302522,0.22388689743420942,0.0,0.401,0.0,-0.0,0.0,1
2012-07-12 23:00:00+00:00,0.03574995,0.14758909468737502,0.03717190426125,0.0,0.603,2.3128837448026305,2.3128837,0.199134365855262,0.0,0.603,0.0,-0.0,0.0,1
2012-07-12 23:30:00+00:00,0.03543015,0.14722332263787502,0.03683938421625,0.0,0.808,1.8876205869078935,1.8876206,0.1787453448026306,0.0,0.808,0.0,-0.0,0.0,1
2012-07-13 00:00:00+00:00,0.0348582,0.09706915339550001,0.036244684905,0.0,0.306,1.8876205869078935,1.8876206,1.3092106510015356e-08,0.0,0.0,0.306,0.0,0.014851580469511502,1
2012-07-13 00:30:00+00:00,0.03461835,0.096794824358375,0.03599529487125,0.0,0.723,1.8876205869078935,1.8876206,1.3092106510015356e-08,0.0,0.0,0.723,0.0,0.03499132900555256,1
2012-07-13 01:00:00+00:00,0.03440925,0.096555665710625,0.03577787791875,0.0,0.151,1.8876205869078935,1.8876206,1.3092106510015356e-08,0.0,0.0,0.151,0.0,0.007289952761152188,1
2012-07-13 01:30:00+00:00,0.034932,0.09715356233000001,0.0363214203,0.0,0.093,1.8876205869078935,1.8876206,1.3092106510015356e-08,0.0,0.0,0.093,0.0,0.004517640648345001,1
2012-07-13 02:00:00+00:00,0.0341694,0.09628133667350001,0.035528487885,0.0,0.056,1.8876205869078935,1.8876206,1.3092106510015356e-08,0.0,0.0,0.056,0.0,0.0026958774268580005,1
2012-07-13 02:30:00+00:00,0.0335175,0.09553572441875,0.03485065856249999,0.0,0.049,1.8876205869078935,1.8876206,0.6792910130921066,0.0,0.0,0.049,0.0,0.002340625248259375,1
2012-07-13 03:00:00+00:00,0.03287175,0.09479714624187499,0.034179223856249996,0.0,0.06,2.3917910494078933,2.3917911,0.6792910130921066,1.0614115,0.0,1.1214115,0.0,0.0531533049814102,1
2012-07-13 03:30:00+00:00,0.02996895,0.09147706148487501,0.03116096498625,0.0,0.046,3.1042910494078932,3.104291,0.7125000505921069,1.5,0.0,1.546,0.0,0.07071176852780839,1
2012-07-13 04:00:00+00:00,0.030504,0.09208902626,0.0317172966,0.0,0.054,3.816791049407893,3.816791,0.7124999505921066,1.5,0.0,1.554,0.0,0.07155317340402,1
2012-07-13 04:30:00+00:00,0.03149415,0.09322151279787502,0.032746829816249996,0.0,0.046,4.5292910494078935,4.529291,0.7124999505921066,1.5,0.0,1.546,0.0,0.0720602293927574,1
2012-07-13 05:00:00+00:00,0.0327672,0.32457756691800005,0.03407051538,0.0,0.05,4.502975259934209,4.5029753,0.09832194940789307,0.0,0.05,0.0,-0.0,0.0,1
2012-07-13 05:30:00+00:00,0.0338619,0.32582963277975,0.0352087570725,0.0,0.049,4.477185786249999,4.4771858,0.10656975993420925,0.0,0.049,0.0,-0.0,0.0,1
2012-07-13 06:00:00+00:00,0.0333822,0.32528097470550005,0.034709977004999996,0.0,0.046,4.45297525993421,4.4529753,0.11835898624999874,0.0,0.046,0.0,-0.0,0.0,1
2012-07-13 06:30:00+00:00,0.03375735,0.325710053455875,0.03510004859625,0.0,0.054,4.424554207302631,4.4245542,0.13227425993420994,0.0,0.054,0.0,-0.0,0.0,1
2012-07-13 07:00:00+00:00,0.0360513,0.32833376450325,0.03748524045749999,0.0,0.039,4.404027891513157,4.4040279,0.13650290730263048,0.0,0.039,0.0,-0.0,0.0,1
2012-07-13 07:30:00+00:00,0.0341694,0.3261813366735001,0.035528487885,0.0,0.061,4.371922628355262,4.3719226,0.12574099151315643,0.0,0.061,0.0,-0.0,0.0,1
2012-07-13 08:00:00+00:00,0.03726285,0.3297194778446251,0.03874497985875,0.0,0.04,4.350869996776314,4.35087,0.10365882835526197,0.0,0.04,0.0,-0.0,0.0,1
2012-07-13 08:30:00+00:00,0.0396183,0.33241352967075005,0.0411941178825,0.006,0.053,4.3261331546710515,4.3261332,0.07124359677631453,0.0,0.047,0.0,-0.0,0.0,1
2012-07-13 09:00:00+00:00,0.0389664,0.33166791741600005,0.040516288559999995,0.075,0.158,4.282448944144735,4.2824489,0.031144954671051828,0.0,0.083,0.0,-0.0,0.0,1
2012-07-13 09:30:00+00:00,0.03974745,0.332561245306125,0.04132840482375,0.081,0.134,4.25455420730263,4.2545542,0.011596455855264587,0.0,0.053,6.938893903907228e-18,0.0,1.1538035988652336e-18,1
2012-07-13 10:00:00+00:00,0.040221,0.33310286930250005,0.041820790275,0.094,0.311,4.140343680986841,4.1403437,0.05102539269736983,0.0,0.217,0.0,-0.0,0.0,1
2012-07-13 10:30:00+00:00,0.0403932,0.333299823483,0.04199983953,0.369,0.149,4.244843680986841,4.2448437,0.0866836190131588,0.22,0.0,0.0,-0.0,0.0,1
2012-07-13 11:00:00+00:00,0.0397782,0.15219641569550002,0.041360377904999995,0.594,0.108,4.475693680986841,4.4756937,0.11589731901315936,0.486,0.0,0.0,-0.0,0.0,1
2012-07-13 11:30:00+00:00,0.0386343,0.15088807721075,0.040170979282500005,0.644,0.085,4.741218680986841,4.7412187,0.13707971901315918,0.559,0.0,0.0,-0.0,0.0,1
2012-07-13 12:00:00+00:00,0.03836985,0.15058561186212502,0.03989601078374999,0.706,0.068,5.044268680986841,5.0442687,0.14969901901315907,0.638,0.0,0.0,-0.0,0.0,1
2012-07-13 12:30:00+00:00,0.0380193,0.15018466942325,0.039531517657499994,0.706,0.16,5.303618680986841,5.3036187,0.153994019013159,0.546,0.0,1.1102230246251565e-16,0.0,8.336923896970495e-18,1
2012-07-13 13:00:00+00:00,0.0378225,0.14995957893125,0.0393268899375,0.681,0.151,5.555368680986842,5.5553687,0.150548119013159,0.53,0.0,0.0,-0.0,0.0,1
2012-07-13 13:30:00+00:00,0.03747195,0.149558636492375,0.038962396811249994,0.513,0.081,5.760568680986841,5.7605687,0.13987121901315813,0.432,0.0,0.0,-0.0,0.0,1
2012-07-13 14:00:00+00:00,0.03695535,0.14896777395087502,0.03842524904625,0.606,0.035,6.0317936809868415,6.0317937,0.12212561901315855,0.571,0.0,0.0,-0.0,0.0,1
2012-07-13 14:30:00+00:00,0.03605745,0.147940798581125,0.037491635073749995,0.331,0.085,6.148643680986842,6.1486437,0.09708801901315844,0.246,0.0,0.0,-0.0,0.0,1
2012-07-13 15:00:00+00:00,0.0361251,0.14801817343775,0.03756197585249999,0.1,0.238,6.076012102039473,6.0760121,0.06436201901315819,0.0,0.138,0.0,2.7755575615628914e-17,-5.212771305232454e-19,1
2012-07-13 15:30:00+00:00,0.03502425,0.146759073498125,0.036417339543749996,0.181,0.937,5.678117365197368,5.6781174,0.02377819796052716,0.0,0.756,0.0,-0.0,0.0,1
2012-07-13 16:00:00+00:00,0.03600825,0.14788452595812498,0.03744047814375,0.263,1.044,5.267064733618421,5.2670647,0.026754365197367846,0.0,0.781,0.0,-0.0,0.0,1
2012-07-13 16:30:00+00:00,0.03766875,0.149783726984375,0.03916702453125,0.075,0.457,5.0660121020394735,5.0660121,0.08624463361842061,0.0,0.382,0.0,-0.0,0.0,1
2012-07-13 17:00:00+00:00,0.03852975,0.15076849788687502,0.040062270806249994,0.0,0.529,4.787591049407895,4.787591,0.14905260203947357,0.0,0.529,0.0,-0.0,0.0,1
2012-07-13 17:30:00+00:00,0.039975,0.1524215061875,0.04156500562499999,0.0,0.501,4.523906838881579,4.5239068,0.21096374940789442,0.0,0.501,0.0,-0.0,0.0,1
2012-07-13 18:00:00+00:00,0.04064535,0.153188220675875,0.042262018796249995,0.0,0.523,4.2486436809868415,4.2486437,0.2671407388815785,0.0,0.523,0.0,-0.0,0.0,1
2012-07-13 18:30:00+00:00,0.03878805,0.15106392915762498,0.04033084468874999,0.0,0.752,3.852854207302631,3.8528542,0.3128836809868414,0.0,0.752,0.0,-0.0,0.0,1
2012-07-13 19:00:00+00:00,0.0368139,0.14880599015975,0.038278172872499995,0.0,0.532,3.5728542073026306,3.5728542,0.34437730730263105,0.0,0.532,0.0,-0.0,0.0,1
2012-07-13 19:30:00+00:00,0.0352149,0.14697712991225,0.0366155726475,0.0,1.292,2.8928542073026304,2.8928542,0.3532121073026304,0.0,1.292,0.0,-0.0,0.0,1
2012-07-13 20:00:00+00:00,0.0363465,0.14827140024125,0.0377921820375,0.0,1.207,2.2575910494078935,2.257591,0.35160900730263034,0.0,1.207,0.0,-0.0,0.0,1
2012-07-13 20:30:00+00:00,0.0359652,0.147835287413,0.03739571583,0.0,1.168,1.7240965757236828,1.7240966,0.3396195494078935,0.0,1.0136395,0.1543604999999999,0.0,0.011409964441357187,1
2012-07-13 21:00:00+00:00,0.03636495,0.14829250247487502,0.037811365886250003,0.0,0.47,1.4767281546710511,1.4767282,0.31866297572368274,0.0,0.47,0.0,-0.0,0.0,1
2012-07-13 21:30:00+00:00,0.03460605,0.146280756202625,0.03598250563875,0.0,0.158,1.4767281546710511,1.4767282,4.532894881670302e-08,0.0,0.0,0.158,0.0,0.011556179740007376,1
2012-07-13 22:00:00+00:00,0.0340218,0.1456125188045,0.035375017094999996,0.0,0.279,1.4767281546710511,1.4767282,4.532894881670302e-08,0.0,0.0,0.279,0.0,0.02031294637322775,1
2012-07-13 22:30:00+00:00,0.0387819,0.15105689507975,0.0403244500725,0.0,0.495,1.2162018388815774,1.2162018,0.2254480546710511,0.0,0.495,0.0,-0.0,0.0,1
2012-07-13 23:00:00+00:00,0.03570075,0.14753282206437499,0.037120747331249995,0.0,0.318,1.1799856020394721,1.1799856,0.036216238881577434,0.0,0.06881085,0.24918915,0.0,0.018381789263661425,1
2012-07-13 23:30:00+00:00,0.0363957,0.14832767286425003,0.0378433389675,0.006,0.298,1.0263013915131562,1.0263014,0.17998560203947211,0.0,0.292,0.0,-0.0,0.0,1
2012-07-14 00:00:00+00:00,0.03524565,0.09751230030162501,0.03664754572875,0.0,0.174,1.0263013915131562,1.0263014,8.486843672272926e-09,0.0,0.0,0.174,0.0,0.008483570126241376,1
2012-07-14 00:30:00+00:00,0.03427395,0.096400915997375,0.03563719636125,0.0,0.139,1.0263013915131562,1.0263014,8.486843672272926e-09,0.0,0.0,0.139,0.0,0.006699863661817564,1
2012-07-14 01:00:00+00:00,0.03424935,0.096372779685875,0.035611617896249996,0.0,0.122,1.0263013915131562,1.0263014,8.486843672272926e-09,0.0,0.0,0.122,0.0,0.005878739560838375,1
2012-07-14 01:30:00+00:00,0.03421245,0.09633057521862502,0.035573250198749996,0.0,0.141,1.0263013915131562,1.0263014,8.486843672272926e-09,0.0,0.0,0.141,0.0,0.0067913055529130635,1
2012-07-14 02:00:00+00:00,0.03256425,0.09444544234812502,0.03385949304375,0.0,0.12,1.7388013915131562,1.7388014,0.7125000084868438,1.5,0.0,1.62,0.0,0.07650080830198128,1
2012-07-14 02:30:00+00:00,0.03261345,0.09450171497112501,0.03391064997375,0.0,0.105,2.451301391513156,2.4513014,0.19878020848684375,1.5,0.0,1.605,0.0,0.07583762626432783,1
2012-07-14 03:00:00+00:00,0.03209685,0.09391085242962502,0.033373502208749996,0.0,0.054,3.163801391513156,3.1638014,0.712500008486844,1.5,0.0,1.554,0.0,0.07296873233781864,1
2012-07-14 03:30:00+00:00,0.03190005,0.093685761937625,0.03316887448875,0.0,0.053,3.876301391513156,3.8763014,0.712500008486844,1.5,0.0,1.553,0.0,0.07274699414456581,1
2012-07-14 04:00:00+00:00,0.0313281,0.09303159269524999,0.0325741751775,0.0,0.062,4.588801391513156,4.5888014,0.7125000084868445,1.5,0.0,1.562,0.0,0.07265767389499024,1
2012-07-14 04:30:00+00:00,0.0312174,0.09290497929350001,0.032459072085,0.0,0.044,5.301301391513157,5.3013014,0.7125000084868436,1.5,0.0,1.544,0.0,0.07172264401458202,1
2012-07-14 05:00:00+00:00,0.0310452,0.322608025113,0.03228002283,0.0,0.063,5.2681434967763145,5.2681435,0.09924889151315686,0.0,0.063,0.0,-0.0,0.0,1
2012-07-14 05:30:00+00:00,0.03129735,0.32289642230587506,0.03254220209625,0.0,0.041,5.246564549407894,5.2465645,0.10760729677631442,0.0,0.041,0.0,-0.0,0.0,1
2012-07-14 06:00:00+00:00,0.0308484,0.32238293462100004,0.03207539511,0.0,0.063,5.213406654671052,5.2134067,0.11953044940789326,0.0,0.063,0.0,-0.0,0.0,1
2012-07-14 06:30:00+00:00,0.02969835,0.32106756205837506,0.030879601871249995,0.0,0.04,5.192354023092104,5.192354,0.1336024546710517,0.0,0.04,0.0,-0.0,0.0,1
2012-07-14 07:00:00+00:00,0.0318693,0.32355059154825005,0.0331369014075,0.0,0.063,5.159196128355262,5.1591961,0.13797352309210442,0.0,0.063,0.0,-0.0,0.0,1
2012-07-14 07:30:00+00:00,0.03356055,0.325484962963875,0.03489542087625,0.0,0.038,5.1391961283552625,5.1391961,0.12732632835526214,0.0,0.038,0.0,-0.0,0.0,1
2012-07-14 08:00:00+00:00,0.0344646,0.3265189724115001,0.03583542946499999,0.0,0.055,5.11024875993421,5.1102488,0.10534932835526245,0.0,0.055,0.0,-0.0,0.0,1
2012-07-14 08:30:00+00:00,0.0344646,0.3265189724115001,0.03583542946499999,0.0,0.028,5.095511917828947,5.0955119,0.07303565993421035,0.0,0.028,0.0,-0.0,0.0,1
2012-07-14 09:00:00+00:00,0.03439695,0.32644159755487506,0.03576508868625,0.088,0.164,5.055511917828947,5.0555119,0.033044217828947176,0.0,0.076,1.3877787807814457e-17,0.0,2.2651436112552594e-18,1
2012-07-14 09:30:00+00:00,0.0359283,0.32819308294575006,0.0373573481325,0.2,0.082,5.111561917828947,5.1115619,0.009770782171052872,0.118,0.0,0.0,-0.0,0.0,1
2012-07-14 10:00:00+00:00,0.0372567,0.3297124437667501,0.03873858524249999,0.313,0.174,5.177586917828947,5.1775869,0.04906368217105328,0.139,0.0,0.0,-0.0,0.0,1
2012-07-14 10:30:00+00:00,0.0358176,0.32806646954400004,0.03724224504,0.625,0.142,5.407011917828947,5.4070119,0.08455288217105306,0.483,0.0,0.0,-0.0,0.0,1
2012-07-14 11:00:00+00:00,0.03442155,0.146069733866375,0.035790667151250004,0.731,0.081,5.715761917828947,5.7157619,0.1135589821710532,0.65,0.0,0.0,-0.0,0.0,1
2012-07-14 11:30:00+00:00,0.0344154,0.1460626997885,0.035784272534999995,0.763,0.088,6.036386917828946,6.0363869,0.1344920821710529,0.675,0.0,0.0,-0.0,0.0,1
2012-07-14 12:00:00+00:00,0.03433545,0.145971256776125,0.03570114252375,0.406,0.137,6.164161917828946,6.1641619,0.1468200821710539,0.269,0.0,0.0,-0.0,0.0,1
2012-07-14 12:30:00+00:00,0.0343908,0.146034563477,0.03575869406999999,0.275,0.194,6.202636917828946,6.2026369,0.15078288217105396,0.081,0.0,0.0,-0.0,0.0,1
2012-07-14 13:00:00+00:00,0.03439695,0.14604159755487503,0.03576508868625,0.675,0.149,6.452486917828947,6.4524869,0.14696658217105352,0.526,0.0,0.0,-0.0,0.0,1
2012-07-14 13:30:00+00:00,0.0340095,0.14559845064875,0.0353622278625,0.725,0.109,6.745086917828947,6.7450869,0.1358838821710533,0.616,0.0,0.0,-0.0,0.0,1
2012-07-14 14:00:00+00:00,0.03390495,0.145478871324875,0.03525351938625,0.625,0.133,6.978786917828947,6.9787869,0.11770038217105316,0.492,0.0,0.0,-0.0,0.0,1
2012-07-14 14:30:00+00:00,0.0339357,0.14551404171425,0.0352854924675,0.594,0.11,7.208686917828946,7.2086869,0.09219598217105318,0.484,0.0,0.0,-0.0,0.0,1
2012-07-14 15:00:00+00:00,0.03394185,0.145521075792125,0.03529188708375,0.506,0.138,7.383486917828947,7.3834869,0.058977982171053434,0.368,0.0,0.0,-0.0,0.0,1
2012-07-14 15:30:00+00:00,0.03394185,0.145521075792125,0.03529188708375,0.413,0.241,7.465186917828946,7.4651869,0.017881682171053015,0.172,0.0,0.0,-0.0,0.0,1
2012-07-14 16:00:00+00:00,0.03404025,0.145633621038125,0.035394200943749995,0.294,0.203,7.508411917828946,7.5084119,0.03387121782894642,0.091,0.0,5.551115123125783e-17,0.0,4.042144980901524e-18,1
2012-07-14 16:30:00+00:00,0.03464295,0.146322960669875,0.03602087333625,0.1,0.195,7.458411917828946,7.4584119,0.09395191782894585,0.0,0.095,0.0,-0.0,0.0,1
2012-07-14 17:00:00+00:00,0.03672165,0.148700478991625,0.038182253628749996,0.0,0.34,7.279464549407893,7.2794645,0.15734731782894595,0.0,0.34,0.0,-0.0,0.0,1
2012-07-14 17:30:00+00:00,0.03729975,0.149361682311875,0.03878334755625,0.0,0.143,7.204201391513156,7.2042014,0.219832949407893,0.0,0.143,0.0,-0.0,0.0,1
2012-07-14 18:00:00+00:00,0.04129725,0.153933832930625,0.04293984811875,0.0,0.227,7.08472770730263,7.0847277,0.27656229151315603,0.0,0.227,0.0,-0.0,0.0,1
2012-07-14 18:30:00+00:00,0.0409836,0.153575094959,0.04261372269,0.0,0.461,6.842096128355261,6.8420961,0.32282860730262986,0.0,0.461,0.0,-0.0,0.0,1
2012-07-14 19:00:00+00:00,0.03967365,0.152076836371625,0.04125166942875,0.0,1.634,6.052622444144735,6.0526224,0.354812928355261,0.0,1.5,0.1339999999999999,0.0,0.010189148036898868,1
2012-07-14 19:30:00+00:00,0.03729975,0.149361682311875,0.03878334755625,0.0,1.823,5.263148759934208,5.2631488,0.36408224414473445,0.0,1.5,0.32299999999999995,0.0,0.024121911693367807,1
2012-07-14 20:00:00+00:00,0.03451995,0.146182279112375,0.03589298101125,0.0,0.348,5.079990865197366,5.0799909,0.3629062599342081,0.0,0.348,0.0,-0.0,0.0,1
2012-07-14 20:30:00+00:00,0.0345753,0.14624558581325,0.0359505325575,0.0,0.654,4.735780338881576,4.7357803,0.35133496519736607,0.0,0.654,0.0,-0.0,0.0,1
2012-07-14 21:00:00+00:00,0.03439695,0.14604159755487503,0.03576508868625,0.0,0.342,4.5557803388815765,4.5557803,0.33078573888157603,0.0,0.342,0.0,-0.0,0.0,1
2012-07-14 21:30:00+00:00,0.0343908,0.146034563477,0.03575869406999999,0.0,0.202,4.449464549407892,4.4494645,0.3000346388815762,0.0,0.202,0.0,-0.0,0.0,1
2012-07-14 22:00:00+00:00,0.0342924,0.14592201823099998,0.03565638021,0.0,0.108,4.392622444144735,4.3926224,0.2680922494078928,0.0,0.108,0.0,-0.0,0.0,1
2012-07-14 22:30:00+00:00,0.03444615,0.146097870177875,0.03581624561625,0.0,0.138,4.319990865197366,4.3199909,0.23869594414473472,0.0,0.138,0.0,-0.0,0.0,1
2012-07-14 23:00:00+00:00,0.0343785,0.14602049532125,0.035745904837499995,0.0,0.458,4.078938233618419,4.0789382,0.21413366519736599,0.0,0.458,0.0,-0.0,0.0,1
2012-07-14 23:30:00+00:00,0.03447075,0.14612600648937502,0.03584182408125,0.0,0.166,3.9915698125657872,3.9915698,0.19393683361841862,0.0,0.166,0.0,-0.0,0.0,1
2012-07-15 00:00:00+00:00,0.03451995,0.09668227911237502,0.03589298101125,0.0,0.16,3.9915698125657872,3.9915698,1.2565787077534196e-08,0.0,0.0,0.16,0.0,0.007734582328990002,1
2012-07-15 00:30:00+00:00,0.0343785,0.09652049532125001,0.035745904837499995,0.0,0.247,3.9915698125657872,3.9915698,1.2565787077534196e-08,0.0,0.0,0.247,0.0,0.011920281172174377,1
2012-07-15 01:00:00+00:00,0.0342555,0.09637981376375002,0.035618012512500005,0.0,0.161,3.9915698125657872,3.9915698,1.2565787077534196e-08,0.0,0.0,0.161,0.0,0.007758575007981877,1
2012-07-15 01:30:00+00:00,0.03381885,0.09588039423462501,0.03516399475874999,0.0,0.132,3.9915698125657872,3.9915698,1.2565787077534196e-08,0.0,0.0,0.132,0.0,0.006328106019485251,1
2012-07-15 02:00:00+00:00,0.03326535,0.095247327225875,0.034588479296249995,0.0,0.13,4.398132377815787,4.3981324,0.4065625874342125,0.85592119,0.0,0.98592119,0.0,0.046953179101427045,1
2012-07-15 02:30:00+00:00,0.0311313,0.09280650220325001,0.032369547457499995,0.0,0.047,5.1106323778157865,5.1106324,0.712500022184213,1.5,0.0,1.547,0.0,0.07178582945421388,1
2012-07-15 03:00:00+00:00,0.03159255,0.093334058043875,0.03284914367625,0.0,0.07,5.823132377815787,5.8231324,0.7125000221842139,1.5,0.0,1.57,0.0,0.07326723556444188,1
2012-07-15 03:30:00+00:00,0.0308361,0.09246886646525002,0.0320626058775,0.0,0.031,6.535632377815787,6.5356324,0.712500022184213,1.5,0.0,1.531,0.0,0.07078491727914889,1
2012-07-15 04:00:00+00:00,0.0300612,0.091582572653,0.03125688423,0.0,0.048,7.248132377815788,7.2481324,0.712500022184213,1.5,0.0,1.548,0.0,0.070884911233422,1
2012-07-15 04:30:00+00:00,0.03046095,0.09203978771487499,0.03167253428625,0.0,0.028,7.960632377815788,7.9606324,0.7125000221842122,1.5,0.0,1.528,0.0,0.07031839781416449,1
2012-07-15 05:00:00+00:00,0.02870205,0.31992804144262504,0.029843674038749997,0.0,0.044,7.937474483078946,7.9374745,0.11534217781578793,0.0,0.044,0.0,-0.0,0.0,1
2012-07-15 05:30:00+00:00,0.03016575,0.32160215197687503,0.03136559270625,0.0,0.031,7.921158693605261,7.9211587,0.12373088307894609,0.0,0.031,0.0,-0.0,0.0,1
2012-07-15 06:00:00+00:00,0.0262113,0.31707923990325004,0.027253854457499997,0.0,0.037,7.901685009394735,7.901685,0.13565339360526174,0.0,0.037,0.0,-0.0,0.0,1
2012-07-15 06:30:00+00:00,0.027921,0.3190347135525,0.029031557774999998,0.0,0.038,7.881685009394736,7.881685,0.14969350939473536,0.0,0.038,0.0,-0.0,0.0,1
2012-07-15 07:00:00+00:00,0.030996,0.32255175249000007,0.0322288659,0.0,0.028,7.866948167289473,7.8669482,0.15396400939473587,0.0,0.028,0.0,-0.0,0.0,1
2012-07-15 07:30:00+00:00,0.0313773,0.3229878653182501,0.032625332107499995,0.0,0.053,7.839053430447367,7.8390534,0.14313436728947249,0.0,0.053,0.0,-0.0,0.0,1
2012-07-15 08:00:00+00:00,0.03223215,0.323965602142875,0.03351418376625,0.0,0.026,7.825369219921051,7.8253692,0.12091143044736707,0.0,0.026,0.0,-0.0,0.0,1
2012-07-15 08:30:00+00:00,0.03445845,0.326511938333625,0.035829034848750003,0.006,0.209,7.718527114657894,7.7185271,0.0882946199210517,0.0,0.203,0.0,2.7755575615628914e-17,-4.972277429897421e-19,1
2012-07-15 09:00:00+00:00,0.03411405,0.326118029972625,0.035470936338749995,0.094,0.29,7.615369219921051,7.6153692,0.04795281465789358,0.0,0.196,0.0,2.7755575615628914e-17,-4.922581278536674e-19,1
2012-07-15 09:30:00+00:00,0.0344646,0.3265189724115001,0.03583542946499999,0.2,0.192,7.615369219921051,7.6153692,0.003696119921051455,0.0,0.0,0.0,0.008000000000000007,-0.0001433417178600001,1
2012-07-15 10:00:00+00:00,0.03451995,0.32658227911237503,0.03589298101125,0.344,0.025,7.615369219921051,7.6153692,1.9921051475080276e-08,0.0,0.0,0.0,0.31899999999999995,-0.005724930471294374,1
2012-07-15 10:30:00+00:00,0.0344523,0.32650490425575,0.035822640232499994,0.65,0.047,7.615369219921051,7.6153692,1.9921051475080276e-08,0.0,0.0,0.0,0.603,-0.010800526030098748,1
2012-07-15 11:00:00+00:00,0.03443385,0.146083802022125,0.03580345638375,0.738,0.025,7.615369219921051,7.6153692,1.9921051475080276e-08,0.0,0.0,0.0,0.713,-0.012763932200806875,1
2012-07-15 11:30:00+00:00,0.03417555,0.145788370751375,0.03553488250125,0.775,0.047,7.615369219921051,7.6153692,1.9921051475080276e-08,0.0,0.0,0.0,0.728,-0.012934697230454999,1
2012-07-15 12:00:00+00:00,0.0341202,0.1457250640505,0.035477330955000004,0.781,0.158,7.615369219921051,7.6153692,1.9921051475080276e-08,0.0,0.0,0.0,0.623,-0.0110511885924825,1
2012-07-15 12:30:00+00:00,0.03394185,0.145521075792125,0.03529188708375,0.775,0.039,7.615369219921051,7.6153692,1.9921051475080276e-08,0.0,0.0,0.0,0.736,-0.01298741444682,1
2012-07-15 13:00:00+00:00,0.03388035,0.145450735013375,0.03522794092124999,0.75,0.204,7.741014652421051,7.7410147,0.1256454800789486,0.2645167,0.0,0.0,0.2814833,-0.004958038531359244,1
2012-07-15 13:30:00+00:00,0.03360975,0.145141235586875,0.03494657780625,0.706,0.276,7.866880071671051,7.8668801,0.12586544757894913,0.26497983,0.0,0.0,0.1650201699999999,-0.002883445105252799,1
2012-07-15 14:00:00+00:00,0.0338865,0.14545776909125002,0.0352343355375,0.663,0.423,7.866880071671051,7.8668801,2.8328948964428946e-08,0.0,0.0,0.0,0.24000000000000005,-0.004228120264500001,1
2012-07-15 14:30:00+00:00,0.0332961,0.14478249761525003,0.0346204523775,0.6,0.48,7.923880071671052,7.9238801,0.08296762832894888,0.12,0.0,0.0,-0.0,0.0,1
2012-07-15 15:00:00+00:00,0.0336036,0.145134201509,0.034940183189999995,0.519,0.899,7.723880071671052,7.7238801,0.05015232832894778,0.0,0.38,0.0,-0.0,0.0,1
2012-07-15 15:30:00+00:00,0.0340464,0.14564065511600002,0.03540059556,0.419,0.405,7.730530071671051,7.7305301,0.009467128328948249,0.014,0.0,5.551115123125783e-17,0.0,4.0423402157818706e-18,1
2012-07-15 16:00:00+00:00,0.03431085,0.14594312046462501,0.03567556405875,0.306,0.541,7.606845861144736,7.6068459,0.042725671671051124,0.0,0.235,5.551115123125783e-17,0.0,4.050735315636739e-18,1
2012-07-15 16:30:00+00:00,0.0344523,0.14610490425574998,0.035822640232499994,0.1,0.178,7.565793229565789,7.5657932,0.10231746114473594,0.0,0.078,0.0,1.3877787807814457e-17,-2.4856949993115603e-19,1
2012-07-15 17:00:00+00:00,0.03677085,0.148756751614625,0.03823341055875,0.0,0.192,7.464740597986841,7.4647406,0.16519732956578892,0.0,0.192,0.0,-0.0,0.0,1
2012-07-15 17:30:00+00:00,0.04092825,0.153511788258125,0.042556171143749995,0.0,0.186,7.366845861144736,7.3668459,0.22713309798684111,0.0,0.186,0.0,-0.0,0.0,1
2012-07-15 18:00:00+00:00,0.0563094,0.1711040170235,0.058549106385,0.0,0.118,7.304740597986841,7.3047406,0.28327216114473597,0.0,0.118,0.0,-0.0,0.0,1
2012-07-15 18:30:00+00:00,0.05283465,0.167129763024125,0.05493614820374999,0.0,0.098,7.25316165061842,7.2531617,0.32890389798684083,0.0,0.098,0.0,-0.0,0.0,1
2012-07-15 19:00:00+00:00,0.04690605,0.16034891195262502,0.04877173813874999,0.0,0.119,7.190530071671051,7.1905301,0.36020845061842,0.0,0.119,0.0,-0.0,0.0,1
2012-07-15 19:30:00+00:00,0.0440217,0.15704992942924997,0.04577266311749999,0.0,0.114,7.130530071671052,7.1305301,0.36873267167105084,0.0,0.114,0.0,-0.0,0.0,1
2012-07-15 20:00:00+00:00,0.04156785,0.154243332357125,0.04322121123375,0.0,0.102,7.076845861144736,7.0768459,0.36679777167105154,0.0,0.102,0.0,-0.0,0.0,1
2012-07-15 20:30:00+00:00,0.0418815,0.15460207032875,0.0435473366625,0.0,0.21,6.966319545355262,6.9663195,0.3544554611447355,0.0,0.21,0.0,-0.0,0.0,1
2012-07-15 21:00:00+00:00,0.0406146,0.1531530502865,0.042230045715,0.0,0.369,6.772109019039473,6.772109,0.3331243453552615,0.0,0.369,0.0,-0.0,0.0,1
2012-07-15 21:30:00+00:00,0.03806235,0.150233907968375,0.03957627997125,0.0,0.224,6.654214282197367,6.6542143,0.3015683190394727,0.0,0.224,0.0,-0.0,0.0,1
2012-07-15 22:00:00+00:00,0.0350058,0.1467379712645,0.036398155695,0.0,0.234,6.531056387460525,6.5310564,0.26882088219736744,0.0,0.234,0.0,-0.0,0.0,1
2012-07-15 22:30:00+00:00,0.0370968,0.14912955774199999,0.038572325219999995,0.0,0.323,6.3610563874605255,6.3610564,0.23862308746052552,0.0,0.323,0.0,-0.0,0.0,1
2012-07-15 23:00:00+00:00,0.0357807,0.14762426507675,0.0372038773425,0.0,0.316,6.194740597986841,6.1947406,0.21326318746052575,0.0,0.316,0.0,-0.0,0.0,1
2012-07-15 23:30:00+00:00,0.0349566,0.14668169864150002,0.036346998765,0.006,0.145,6.121582703249999,6.1215827,0.1922667979868411,0.0,0.139,0.0,2.7755575615628914e-17,-5.044159363115641e-19,1
2012-07-16 00:00:00+00:00,0.03432315,0.096457188620375,0.035688353291249995,0.0,0.147,6.121582703249999,6.1215827,3.2499984925493663e-09,0.0,0.0,0.147,0.0,0.0070896033635975625,1
2012-07-16 00:30:00+00:00,0.03391725,0.09599293948062503,0.03526630861875,0.0,0.164,6.121582703249999,6.1215827,3.2499984925493663e-09,0.0,0.0,0.164,0.0,0.007871421037411253,1
2012-07-16 01:00:00+00:00,0.0343293,0.09646422269825002,0.0356947479075,0.0,0.136,6.121582703249999,6.1215827,3.2499984925493663e-09,0.0,0.0,0.136,0.0,0.006559567143481002,1
2012-07-16 01:30:00+00:00,0.033948,0.09602810987000002,0.035298281699999996,0.0,0.155,6.121582703249999,6.1215827,3.2499984925493663e-09,0.0,0.0,0.155,0.0,0.007442178514925001,1
2012-07-16 02:00:00+00:00,0.03330225,0.09528953169312501,0.034626846993749995,0.0,0.111,6.121582703249999,6.1215827,3.2499984925493663e-09,0.0,0.0,0.111,0.0,0.005288569008968438,1
2012-07-16 02:30:00+00:00,0.0323613,0.09421331777825001,0.0336484707075,0.0,0.096,6.121582703249999,6.1215827,3.2499984925493663e-09,0.0,0.0,0.096,0.0,0.004522239253356,1
2012-07-16 03:00:00+00:00,0.0321276,0.09394602281900001,0.03340547529,0.0,0.038,6.194680576749999,6.1946806,0.07309789675000111,0.15389026,0.0,0.19189026,0.0,0.009013663372351923,1
2012-07-16 03:30:00+00:00,0.0312912,0.09298938822800001,0.03253580748,0.0,0.06,6.907180576749999,6.9071806,0.7125000232500014,1.5,0.0,1.56,0.0,0.07253172281784001,1
2012-07-16 04:00:00+00:00,0.03089145,0.09253217316612501,0.03212015742375,0.0,0.038,7.6196805767499995,7.6196806,0.7125000232500005,1.5,0.0,1.538,0.0,0.07115724116475014,1
2012-07-16 04:30:00+00:00,0.0330747,0.09502927081175,0.034390246192499994,0.0,0.06,7.6196805767499995,7.6196806,2.3250000147356786e-08,0.0,0.0,0.06,0.0,0.0028508781243525,1
2012-07-16 05:00:00+00:00,0.034071,0.3260687914275,0.035426174025,0.0,0.037,7.6002068925394735,7.6002069,0.1051122767499999,0.0,0.037,0.0,-0.0,0.0,1
2012-07-16 05:30:00+00:00,0.0347721,0.32687067630525,0.0361551602775,0.0,0.05,7.573891103065789,7.5738911,0.11279689253947378,0.0,0.05,0.0,-0.0,0.0,1
2012-07-16 06:00:00+00:00,0.0349935,0.32712390310875006,0.0363853664625,0.0,0.046,7.54968057675,7.5496806,0.12403440306578961,0.0,0.046,0.0,-0.0,0.0,1
2012-07-16 06:30:00+00:00,0.03774255,0.33026813591887505,0.039243759926249996,0.0,0.038,7.529680576750001,7.5296806,0.13740997674999988,0.0,0.038,0.0,-0.0,0.0,1
2012-07-16 07:00:00+00:00,0.042804,0.33605718201,0.0445065291,0.0,0.06,7.49810162938158,7.4981016,0.14100077675000033,0.0,0.06,0.0,-0.0,0.0,1
2012-07-16 07:30:00+00:00,0.04277325,0.33602201162062506,0.04447455601874999,0.0,0.043,7.475470050434211,7.4754701,0.12946442938157965,0.0,0.043,0.0,-0.0,0.0,1
2012-07-16 08:00:00+00:00,0.04704135,0.34090366166587505,0.04891241969625,0.0,0.063,7.442312155697369,7.4423122,0.10652795043421115,0.0,0.063,0.0,-0.0,0.0,1
2012-07-16 08:30:00+00:00,0.0483267,0.34237378394175005,0.0502488944925,0.0,0.178,6.8416206293815796,6.8416206,0.6006915556973693,0.0,1.1413139,0.0,0.9633139000000002,-0.024202729262129352,1
2012-07-16 09:00:00+00:00,0.04705365,0.34091772982162505,0.04892520892875,0.106,0.197,6.793725892539475,6.7937259,0.03215542938157956,0.0,0.091,1.3877787807814457e-17,0.0,2.3655919571931656e-18,1
2012-07-16 09:30:00+00:00,0.0467646,0.3405871281615,0.048624661964999996,0.188,0.2,6.78741010306579,6.7874101,7.46052553068921e-09,0.0,0.012,1.0408340855860843e-17,0.0,1.7724734605118266e-18,1
2012-07-16 10:00:00+00:00,0.04634025,0.34010177678812503,0.04818343344374999,0.35,0.177,6.78741010306579,6.7874101,3.0657902883035604e-09,0.0,0.0,0.0,0.173,-0.004167866992884374,1
2012-07-16 10:30:00+00:00,0.0456576,0.3393209941440001,0.04747363104,0.656,0.114,6.80946523324079,6.8094652,0.022055096934209928,0.046431853,0.0,0.0,0.495568147,-0.011763209682927241,1
2012-07-16 11:00:00+00:00,0.0416601,0.15434884352525,0.04331713047749999,0.738,0.063,6.9275239229907895,6.9275239,0.11805866675921006,0.24854461,0.0,0.0,0.42645539,-0.009236411885731573,1
2012-07-16 11:30:00+00:00,0.04076835,0.153328902233375,0.04238991112125,0.756,0.058,7.067334952740789,7.067335,0.13981107700921047,0.29433901,0.0,0.0,0.40366099,-0.008555576744607891,1
2012-07-16 12:00:00+00:00,0.03978435,0.152203449773375,0.041366772521250005,0.75,0.08,7.220235780740789,7.2202358,0.15290084725921105,0.32189648,0.0,0.0,0.34810352,-0.0071999595628432006,1
2012-07-16 12:30:00+00:00,0.03605745,0.147940798581125,0.037491635073749995,0.738,0.06,7.3778036309907895,7.3778036,0.15756781925921093,0.33172179,0.0,0.0,0.34627821,-0.0064912681416556825,1
2012-07-16 13:00:00+00:00,0.0344892,0.14614710872300002,0.035861007929999994,0.719,0.123,7.66090363099079,7.6609036,0.15440016900921005,0.596,0.0,0.0,-0.0,0.0,1
2012-07-16 13:30:00+00:00,0.0347721,0.14647067630525,0.0361551602775,0.681,0.208,7.67611689014079,7.6761169,0.015213269009210606,0.032027914,0.0,0.0,0.44097208600000004,-0.007971708223616758,1
2012-07-16 14:00:00+00:00,0.0346245,0.14630185843625002,0.0360016894875,0.631,0.126,7.80239212989079,7.8023921,0.1262752098592097,0.26584261,0.0,0.0,0.23915739000000003,-0.004305035046710469,1
2012-07-16 14:30:00+00:00,0.0342555,0.14587981376375,0.035618012512500005,0.569,0.193,7.90366164064079,7.9036616,0.1012694701092105,0.21319897,0.0,0.0,0.16280102999999996,-0.0028993245617939434,1
2012-07-16 15:00:00+00:00,0.034194,0.14580947298500002,0.03555406635,0.494,0.263,7.97216919964079,7.9721692,0.06850755935920994,0.14422644,0.0,0.0,0.08677355999999997,-0.0015425764548328527,1
2012-07-16 15:30:00+00:00,0.0340587,0.14565472327175,0.035413384792499995,0.406,0.071,8.0,8.0,0.027830800359209817,0.058591159,0.0,0.0,0.27640884100000007,-0.004894286323190976,1
2012-07-16 16:00:00+00:00,0.034686,0.146372199215,0.03606563565,0.294,0.081,8.0,8.0,0.022412899999999958,0.0,0.0,0.0,0.21299999999999997,-0.003840990196724999,1
2012-07-16 16:30:00+00:00,0.0368262,0.14882005831550002,0.038290962105000007,0.106,0.11,7.997894736842105,7.9978947,0.0820761000000001,0.0,0.004,3.469446951953614e-18,0.0,2.5816164885613533e-19,1
2012-07-16 17:00:00+00:00,0.0376257,0.14973448843925,0.039122262217499995,0.0,0.136,7.926315789473684,7.9263158,0.14505553684210515,0.0,0.136,0.0,-0.0,0.0,1
2012-07-16 17:30:00+00:00,0.0412665,0.15389866254125,0.042907875037499994,0.0,0.164,7.84,7.84,0.20711018947368487,0.0,0.164,0.0,-0.0,0.0,1
2012-07-16 18:00:00+00:00,0.0482898,0.16193157947450001,0.050210526795,0.0,0.208,7.730526315789474,7.7305263,0.26337920000000015,0.0,0.208,0.0,-0.0,0.0,1
2012-07-16 18:30:00+00:00,0.04855425,0.162234044823125,0.050485495293749995,0.0,0.215,7.617368421052632,7.6173684,0.3091463157894738,0.0,0.215,0.0,-0.0,0.0,1
2012-07-16 19:00:00+00:00,0.047355,0.1608623996375,0.049238545125,0.0,0.165,7.530526315789474,7.5305263,0.34058872105263216,0.0,0.165,0.0,-0.0,0.0,1
2012-07-16 19:30:00+00:00,0.0408114,0.1533781407785,0.042434673434999994,0.0,0.351,7.345789473684211,7.3457895,0.34923091578947396,0.0,0.351,0.0,-0.0,0.0,1
2012-07-16 20:00:00+00:00,0.0407376,0.153293731844,0.042357938039999994,0.0,0.177,7.252631578947369,7.2526316,0.3474435736842105,0.0,0.177,0.0,-0.0,0.0,1
2012-07-16 20:30:00+00:00,0.0414387,0.15409561672175,0.043086924292499995,0.0,0.183,7.156315789473685,7.1563158,0.3352773789473691,0.0,0.183,0.0,-0.0,0.0,1
2012-07-16 21:00:00+00:00,0.0408114,0.1533781407785,0.042434673434999994,0.0,0.168,7.067894736842106,7.0678947,0.31415018947368445,0.0,0.168,0.0,-0.0,0.0,1
2012-07-16 21:30:00+00:00,0.0380439,0.15021280573475002,0.039557096122499996,0.0,0.513,6.797894736842107,6.7978947,0.2828106368421066,0.0,0.513,0.0,-0.0,0.0,1
2012-07-16 22:00:00+00:00,0.03562695,0.147448413129875,0.03704401193624999,0.0,0.469,6.551052631578949,6.5510526,0.2503129368421071,0.0,0.469,0.0,-0.0,0.0,1
2012-07-16 22:30:00+00:00,0.0438864,0.156895179716,0.04563198156,0.0,0.206,6.44263157894737,6.4426316,0.22039873157894885,0.0,0.206,0.0,-0.0,0.0,1
2012-07-16 23:00:00+00:00,0.0363465,0.14827140024125,0.0377921820375,0.0,0.649,6.101052631578948,6.1010526,0.19535407894736956,0.0,0.649,0.0,-0.0,0.0,1
2012-07-16 23:30:00+00:00,0.0352641,0.14703340253525,0.036666729577499994,0.0,0.819,5.670000000000001,5.67,0.17469533157894812,0.0,0.819,0.0,-0.0,0.0,1
2012-07-17 00:00:00+00:00,0.0357192,0.098053924298,0.037139931179999995,0.0,0.252,5.670000000000001,5.67,8.881784197001252e-16,0.0,0.0,0.252,0.0,0.012354794461548,1
2012-07-17 00:30:00+00:00,0.03433545,0.096471256776125,0.03570114252375,0.0,0.655,5.670000000000001,5.67,8.881784197001252e-16,0.0,0.0,0.655,0.0,0.03159433659418094,1
2012-07-17 01:00:00+00:00,0.03436005,0.09649939308762502,0.03572672098875,0.0,0.069,5.670000000000001,5.67,8.881784197001252e-16,0.0,0.0,0.069,0.0,0.0033292290615230635,1
2012-07-17 01:30:00+00:00,0.0342801,0.09640795007524999,0.03564359097749999,0.0,0.049,5.670000000000001,5.67,8.881784197001252e-16,0.0,0.0,0.049,0.0,0.002361994776843625,1
2012-07-17 02:00:00+00:00,0.03406485,0.09616175734962502,0.03541977940875,0.0,0.055,5.670000000000001,5.67,8.881784197001252e-16,0.0,0.0,0.055,0.0,0.002644448327114688,1
2012-07-17 02:30:00+00:00,0.03343755,0.09544428140637501,0.03476752855125,0.0,0.051,5.670000000000001,5.67,8.881784197001252e-16,0.0,0.0,0.051,0.0,0.0024338291758625626,1
2012-07-17 03:00:00+00:00,0.0328779,0.09480418031975,0.0341856184725,0.0,0.05,5.670000000000001,5.67,8.881784197001252e-16,0.0,0.0,0.05,0.0,0.0023701045079937504,1
2012-07-17 03:30:00+00:00,0.03204765,0.093854579806625,0.03332234527874999,0.0,0.055,6.016265457250001,6.0162655,0.34626549999999945,0.72897991,0.0,0.78397991,0.0,0.03679005251494284,1
2012-07-17 04:00:00+00:00,0.0319431,0.09373500048275,0.0332136368025,0.0,0.043,6.728765457250001,6.7287655,0.7125000427499986,1.5,0.0,1.543,0.0,0.07231655287244163,1
2012-07-17 04:30:00+00:00,0.0319062,0.09369279601550001,0.033175269105,0.0,0.061,7.441265457250001,7.4412655,0.7125000427499995,1.5,0.0,1.561,0.0,0.07312722729009775,1
2012-07-17 05:00:00+00:00,0.03293325,0.324767487020625,0.03424317001874999,0.0,0.041,7.41968650988158,7.4196865,0.09226005725000075,0.0,0.041,0.0,-0.0,0.0,1
2012-07-17 05:30:00+00:00,0.0340095,0.32599845064875,0.0353622278625,0.0,0.062,7.3870549309342115,7.3870549,0.10043810988157986,0.0,0.062,0.0,-0.0,0.0,1
2012-07-17 06:00:00+00:00,0.03223215,0.323965602142875,0.03351418376625,0.0,0.04,7.366002299355264,7.3660023,0.11217343093421128,0.0,0.04,0.0,-0.0,0.0,1
2012-07-17 06:30:00+00:00,0.03589755,0.32815791255637505,0.03732537505125,0.0,0.063,7.332844404618422,7.3328444,0.12604969935526444,0.0,0.063,0.0,-0.0,0.0,1
2012-07-17 07:00:00+00:00,0.041574,0.33465036643500007,0.043227605849999996,0.0,0.28,7.185475983565791,7.185476,0.13010570461842175,0.0,0.28,0.0,-0.0,0.0,1
2012-07-17 07:30:00+00:00,0.04426155,0.337724258466375,0.04602205315124999,0.0,0.374,6.988633878302633,6.9886339,0.11898478356579112,0.0,0.374,0.0,-0.0,0.0,1
2012-07-17 08:00:00+00:00,0.0523365,0.34696000271625005,0.0544181842875,0.0,0.072,6.664822467776317,6.6648225,0.32381137830263373,0.0,0.61524168,0.0,0.5432416800000001,-0.014781112927445552,1
2012-07-17 08:30:00+00:00,0.05092815,0.345349198882875,0.05295381716624999,0.006,0.047,6.601365615144738,6.6013656,0.06345686777631698,0.0,0.12056802,0.0,0.07956801999999999,-0.002106715191680261,1
2012-07-17 09:00:00+00:00,0.04312995,0.336429988137375,0.04484544376125,0.113,0.026,6.601365615144738,6.6013656,0.02275011514473846,0.0,0.0,0.0,0.08700000000000001,-0.0019507768036143751,1
2012-07-17 09:30:00+00:00,0.0414387,0.33449561672175004,0.043086924292499995,0.2,0.048,6.601365615144738,6.6013656,1.5144737908201478e-08,0.0,0.0,0.0,0.15200000000000002,-0.00327460624623,1
2012-07-17 10:00:00+00:00,0.04076835,0.33372890223337504,0.04238991112125,0.363,0.026,6.658009198894738,6.6580092,0.05664358485526222,0.11924965,0.0,0.0,0.21775034999999998,-0.004615208991560539,1
2012-07-17 10:30:00+00:00,0.04025175,0.333138039691875,0.041852763356249996,0.656,0.247,6.753778290394738,6.7537783,0.09576910110526171,0.20161914,0.0,0.0,0.20738086,-0.004339731029097805,1
2012-07-17 11:00:00+00:00,0.03562695,0.147448413129875,0.03704401193624999,0.725,0.026,6.879105040644738,6.879105,0.12532670960526193,0.26384579,0.0,0.0,0.43515420999999993,-0.008059928874674716,1
2012-07-17 11:30:00+00:00,0.03449535,0.146154142800875,0.03586740254625,0.744,0.048,7.025845218394738,7.0258452,0.14674015935526175,0.30892669,0.0,0.0,0.38707331,-0.006941657112339708,1
2012-07-17 12:00:00+00:00,0.0344769,0.14613304056725002,0.035848218697499996,0.769,0.038,7.185318084644738,7.1853181,0.15947288160526174,0.33573235,0.0,0.0,0.39526765,-0.007084820580623443,1
2012-07-17 12:30:00+00:00,0.03442155,0.146069733866375,0.035790667151250004,0.763,0.038,7.349084057894738,7.3490841,0.1637660153552618,0.34477047,0.0,0.0,0.38022953000000004,-0.006804334274653115,1
2012-07-17 13:00:00+00:00,0.0336651,0.14520454228775,0.035004129352499996,0.75,0.037,7.509293900894738,7.5092939,0.160209842105262,0.33728388,0.0,0.0,0.37571612000000004,-0.006575807832149706,1
2012-07-17 13:30:00+00:00,0.03364665,0.14518344005412498,0.034984945503749997,0.706,0.082,7.658616577644738,7.6586166,0.1493226991052623,0.31436353,0.0,0.0,0.30963646999999994,-0.005416307514461759,1
2012-07-17 14:00:00+00:00,0.03343755,0.144944281406375,0.03476752855125,0.656,0.693,7.639142893434212,7.6391429,0.13127552235526263,0.0,0.037,0.0,7.632783294297951e-17,-1.3268650555500403e-18,1
2012-07-17 14:30:00+00:00,0.0330501,0.14450113450025,0.0343646677275,0.588,0.22,7.813942893434212,7.8139429,0.10585430656578865,0.368,0.0,0.0,-0.0,0.0,1
2012-07-17 15:00:00+00:00,0.03287175,0.144297146241875,0.034179223856249996,0.513,0.672,7.7302586829078965,7.7302587,0.07267380656578837,0.0,0.159,2.7755575615628914e-17,0.0,2.0025251768179126e-18,1
2012-07-17 15:30:00+00:00,0.0331485,0.14461367974624997,0.034466981587499994,0.413,0.076,7.8903336829078965,7.8903337,0.03157971709210372,0.337,0.0,5.551115123125783e-17,0.0,4.013835923251385e-18,1
2012-07-17 16:00:00+00:00,0.03376965,0.145324121611625,0.03511283782875,0.3,0.546,7.76085999869737,7.76086,0.018713982907896387,0.0,0.246,5.551115123125783e-17,0.0,4.03355464616631e-18,1
2012-07-17 16:30:00+00:00,0.0342678,0.1458938819195,0.035630801744999996,0.113,0.459,7.5787547355394755,7.5787547,0.07881719869737047,0.0,0.346,5.551115123125783e-17,0.0,4.0493686714743184e-18,1
2012-07-17 17:00:00+00:00,0.03568845,0.14751875390862498,0.03710795809874999,0.0,0.44,7.347175788171055,7.3471758,0.14221263553947594,0.0,0.44,0.0,-0.0,0.0,1
2012-07-17 17:30:00+00:00,0.0417093,0.15440511614825,0.04336828740749999,0.0,0.445,7.1129652618552655,7.1129653,0.2046503881710544,0.0,0.445,0.0,-0.0,0.0,1
2012-07-17 18:00:00+00:00,0.0576747,0.17266558231174997,0.059968711192499996,0.0,0.432,6.885596840802634,6.8855968,0.2612615618552656,0.0,0.432,0.0,-0.0,0.0,1
2012-07-17 18:30:00+00:00,0.0560142,0.1707663812855,0.058242164804999996,0.0,0.803,6.462965261855266,6.4629653,0.3073244408026339,0.0,0.803,0.0,-0.0,0.0,1
2012-07-17 19:00:00+00:00,0.04940295,0.16320474756987502,0.051367952336249995,0.0,0.665,6.112965261855266,6.1129653,0.3390135618552659,0.0,0.665,0.0,-0.0,0.0,1
2012-07-17 19:30:00+00:00,0.0443907,0.15747197410174998,0.04615634009249999,0.0,0.555,5.8208599986973715,5.82086,0.34783196185526677,0.0,0.555,0.0,-0.0,0.0,1
2012-07-17 20:00:00+00:00,0.0453747,0.15859742656175,0.04717947869249999,0.0,0.742,5.430333682907897,5.4303337,0.34620009869737167,0.0,0.742,0.0,-0.0,0.0,1
2012-07-17 20:30:00+00:00,0.04322835,0.156142533383375,0.044947757621249994,0.0,0.57,5.130333682907898,5.1303337,0.33416888290789704,0.0,0.57,0.0,-0.0,0.0,1
2012-07-17 21:00:00+00:00,0.04156785,0.154243332357125,0.04322121123375,0.0,0.488,4.87349157764474,4.8734916,0.31315598290789737,0.0,0.488,0.0,-0.0,0.0,1
2012-07-17 21:30:00+00:00,0.03694305,0.148953705795125,0.038412459813749994,0.0,0.558,4.579807367118423,4.5798074,0.2818963776447392,0.0,0.558,0.0,-0.0,0.0,1
2012-07-17 22:00:00+00:00,0.03463065,0.146308892514125,0.03600808410375,0.0,0.733,4.1940178934342125,4.1940179,0.24946566711842344,0.0,0.733,0.0,-0.0,0.0,1
2012-07-17 22:30:00+00:00,0.03715215,0.149192864442875,0.03862987676625,0.0,0.666,3.843491577644739,3.8434916,0.21960819343421267,0.0,0.666,0.0,-0.0,0.0,1
2012-07-17 23:00:00+00:00,0.0346614,0.14634406290350002,0.036040057185,0.0,0.478,3.591912630276318,3.5919126,0.1946086776447391,0.0,0.478,0.0,-0.0,0.0,1
2012-07-17 23:30:00+00:00,0.03543015,0.14722332263787502,0.03683938421625,0.0,0.145,3.5155968408026337,3.5155968,0.1739765302763181,0.0,0.145,0.0,-0.0,0.0,1
2012-07-18 00:00:00+00:00,0.03347445,0.09548648587362503,0.03480589624875,0.0,0.056,3.5155968408026337,3.5155968,4.080263371619708e-08,0.0,0.0,0.056,0.0,0.002673621604461501,1
2012-07-18 00:30:00+00:00,0.0337143,0.09576081491075002,0.0350552862825,0.0,0.065,3.5155968408026337,3.5155968,4.080263371619708e-08,0.0,0.0,0.065,0.0,0.0031122264845993754,1
2012-07-18 01:00:00+00:00,0.03404025,0.096133621038125,0.035394200943749995,0.0,0.035,3.5155968408026337,3.5155968,4.080263371619708e-08,0.0,0.0,0.035,0.0,0.0016823383681671877,1
2012-07-18 01:30:00+00:00,0.0332469,0.09522622499225,0.0345692954475,0.0,0.055,3.5155968408026337,3.5155968,4.080263371619708e-08,0.0,0.0,0.055,0.0,0.002618721187286875,1
2012-07-18 02:00:00+00:00,0.0324351,0.09429772671275001,0.0337252061025,0.0,0.028,3.5155968408026337,3.5155968,4.080263371619708e-08,0.0,0.0,0.028,0.0,0.0013201681739785003,1
2012-07-18 02:30:00+00:00,0.03215835,0.09398119320837502,0.03343744837125,0.0,0.05,3.762377618802634,3.7623776,0.24678075919736653,0.51953848,0.0,0.5695384800000001,0.0,0.02676295296424212,1
2012-07-18 03:00:00+00:00,0.0310944,0.09276429773600002,0.03233117976,0.0,0.027,4.474877618802633,4.4748776,0.7124999811973662,1.5,0.0,1.527,0.0,0.07082554132143601,1
2012-07-18 03:30:00+00:00,0.0311559,0.09283463851475002,0.0323951259225,0.0,0.044,5.187377618802634,5.1873776,0.7124999811973662,1.5,0.0,1.544,0.0,0.07166834093338702,1
2012-07-18 04:00:00+00:00,0.0305901,0.09218750335025,0.0318068212275,0.0,0.033,5.899877618802634,5.8998776,0.7124999811973662,1.5,0.0,1.533,0.0,0.07066172131796662,1
2012-07-18 04:30:00+00:00,0.03075,0.092370389375,0.03197308124999999,0.0,0.034,6.612377618802634,6.6123776,0.7124999811973662,1.5,0.0,1.534,0.0,0.070848088650625,1
2012-07-18 05:00:00+00:00,0.0313896,0.323001933474,0.03263812133999999,0.0,0.047,6.587640776697372,6.5876408,0.09068641880263417,0.0,0.047,0.0,-0.0,0.0,1
2012-07-18 05:30:00+00:00,0.03364665,0.325583440054125,0.034984945503749997,0.0,0.027,6.573430250381582,6.5734303,0.09871507669737145,0.0,0.027,0.0,-0.0,0.0,1
2012-07-18 06:00:00+00:00,0.03060855,0.32210860558387505,0.031826005076250004,0.006,0.05,6.55027235564474,6.5502724,0.11029345038158223,0.0,0.044,6.938893903907228e-18,0.0,1.1175387198410042e-18,1
2012-07-18 06:30:00+00:00,0.0343539,0.32639235900975005,0.03572032637249999,0.0,0.026,6.536588145118424,6.5365881,0.12400635564473994,0.0,0.026,0.0,-0.0,0.0,1
2012-07-18 07:00:00+00:00,0.0379947,0.33055653311175004,0.03950593919249999,0.0,0.308,6.374482881960529,6.3744829,0.12785674511842426,0.0,0.308,0.0,-0.0,0.0,1
2012-07-18 07:30:00+00:00,0.0374289,0.32990939794725005,0.0389176344975,0.0,0.384,6.172377618802634,6.1723776,0.11647618196052889,0.0,0.384,0.0,-0.0,0.0,1
2012-07-18 08:00:00+00:00,0.04058385,0.333517879897125,0.04219807263374999,0.013,0.127,6.112377618802634,6.1123776,0.0936288188026344,0.0,0.114,0.0,-0.0,0.0,1
2012-07-18 08:30:00+00:00,0.04054695,0.333475675429875,0.04215970493624999,0.075,0.079,6.11027235564474,6.1102724,0.06033451880263474,0.0,0.004,3.469446951953614e-18,0.0,5.784880828354263e-19,1
2012-07-18 09:00:00+00:00,0.0392001,0.33193521237525003,0.0407592839775,0.125,0.072,6.1354473556447395,6.1354474,0.019292255644739242,0.053,0.0,0.0,-0.0,0.0,1
2012-07-18 09:30:00+00:00,0.0391755,0.33190707606375003,0.0407337055125,0.144,0.171,6.12123682932895,6.1212368,0.023150844355260602,0.0,0.027,2.42861286636753e-17,0.0,4.0303689768342485e-18,1
2012-07-18 10:00:00+00:00,0.03686925,0.329269296860625,0.038335724418749995,0.313,0.067,6.23808682932895,6.2380868,0.06339067067105031,0.246,0.0,0.0,-0.0,0.0,1
2012-07-18 10:30:00+00:00,0.034563,0.32663151765750004,0.035937743325,0.675,0.053,6.53353682932895,6.5335368,0.09976777067104958,0.622,0.0,0.0,-0.0,0.0,1
2012-07-18 11:00:00+00:00,0.0347598,0.14645660814949998,0.036142371044999996,0.744,0.058,6.83512604757895,6.835126,0.12957527067105,0.63492467,0.0,0.0,0.051075329999999974,-0.0009229917640529093,1
2012-07-18 11:30:00+00:00,0.03437235,0.146013461243375,0.03573951022125,0.763,0.062,6.98633272157895,6.9863327,0.1512066524210498,0.31832984,0.0,0.0,0.38267016000000004,-0.006838222047343687,1
2012-07-18 12:00:00+00:00,0.03381885,0.145380394234625,0.03516399475874999,0.769,0.049,7.15045574282895,7.1504557,0.16412297842104984,0.34552215,0.0,0.0,0.37447785000000006,-0.006584068577333984,1
2012-07-18 12:30:00+00:00,0.03284715,0.144269009930375,0.03415364539125,0.763,0.071,7.47333724932895,7.4733372,0.16856485717104963,0.67975054,0.0,0.0,0.012249460000000045,-0.0002091818565371514,1
2012-07-18 13:00:00+00:00,0.03164175,0.142890330666875,0.03290030060625,0.738,0.049,7.8006122493289505,7.8006122,0.16512305067104993,0.689,0.0,0.0,-0.0,0.0,1
2012-07-18 13:30:00+00:00,0.0330132,0.144458930033,0.03432630003,0.7,0.071,7.8006122493289505,7.8006122,4.932895070197674e-08,0.0,0.0,0.0,0.629,-0.010795621359435,1
2012-07-18 14:00:00+00:00,0.0318078,0.14308025076949998,0.033072955244999994,0.65,0.049,7.811365543953951,7.8113655,0.010753250671049486,0.022638515,0.0,0.0,0.5783614850000001,-0.009564061754418368,1
2012-07-18 14:30:00+00:00,0.03156795,0.142805921732375,0.032823565211249996,0.588,0.067,7.9222792504539505,7.9222793,0.11091375604604892,0.23350254,0.0,0.0,0.28749746,-0.004718345813189368,1
2012-07-18 15:00:00+00:00,0.0314757,0.14270041056425,0.0327276459675,0.506,0.054,7.999999999703951,8.0,0.07772074954604946,0.16362263,0.0,0.0,0.28837737,-0.004718956235199379,1
2012-07-18 15:30:00+00:00,0.03220755,0.143537465831375,0.033488605301249995,0.406,0.054,7.999999999703951,8.0,2.9604940721128514e-10,0.0,0.0,0.0,0.35200000000000004,-0.005893994533019999,1
2012-07-18 16:00:00+00:00,0.0330009,0.14444486187724997,0.034313510797499995,0.294,0.211,7.999999999703951,8.0,0.013233699703950386,0.0,0.0,0.0,0.08299999999999999,-0.0014240106980962497,1
2012-07-18 16:30:00+00:00,0.03485205,0.146562119317625,0.036238290288749996,0.106,0.216,7.942105262861845,7.9421053,0.0734236997039508,0.0,0.11,0.0,-0.0,0.0,1
2012-07-18 17:00:00+00:00,0.03492585,0.14664652825212499,0.036315025683749995,0.0,0.157,7.8594736839144765,7.8594737,0.13691676286184506,0.0,0.157,0.0,-0.0,0.0,1
2012-07-18 17:30:00+00:00,0.0414879,0.15415188934475,0.04313808122249999,0.0,0.13,7.791052631282898,7.7910526,0.19945498391447636,0.0,0.13,0.0,-0.0,0.0,1
2012-07-18 18:00:00+00:00,0.04959975,0.163429838061875,0.05157258005625,0.0,0.184,7.69421052601974,7.6942105,0.25616253128289745,0.0,0.184,0.0,-0.0,0.0,1
2012-07-18 18:30:00+00:00,0.05277315,0.167059422245375,0.05487220204124999,0.0,0.323,7.52421052601974,7.5242105,0.3023128260197394,0.0,0.323,0.0,-0.0,0.0,1
2012-07-18 19:00:00+00:00,0.04889865,0.162627953184125,0.050843593803750003,0.0,0.538,7.241052631282898,7.2410526,0.33407852601973964,0.0,0.538,0.0,-0.0,0.0,1
2012-07-18 19:30:00+00:00,0.0419922,0.1547286837305,0.043662439755,0.0,0.522,6.966315789177635,6.9663158,0.342941431282898,0.0,0.522,0.0,-0.0,0.0,1
2012-07-18 20:00:00+00:00,0.03984585,0.152273790552125,0.04143071868375,0.0,0.414,6.74842105233553,6.7484211,0.3413723891776348,0.0,0.414,0.0,-0.0,0.0,1
2012-07-18 20:30:00+00:00,0.039729,0.15214014307249998,0.041309220975,0.006,0.619,6.4257894733881615,6.4257895,0.3294225523355303,0.0,0.613,0.0,-0.0,0.0,1
2012-07-18 21:00:00+00:00,0.03919395,0.151528178297375,0.040752889361249996,0.0,1.113,5.839999999703951,5.84,0.3085094733881615,0.0,1.113,0.0,-0.0,0.0,1
2012-07-18 21:30:00+00:00,0.0363342,0.1482573320855,0.03777939280499999,0.0,0.351,5.6552631575986885,5.6552632,0.27735459970395127,0.0,0.351,0.0,-0.0,0.0,1
2012-07-18 22:00:00+00:00,0.03428625,0.145914984153125,0.035649985593749996,0.0,0.949,5.155789473388162,5.1557895,0.24505465759868805,0.0,0.949,0.0,-0.0,0.0,1
2012-07-18 22:30:00+00:00,0.0449073,0.15806283664325002,0.0466934878575,0.0,0.312,4.991578947072372,4.9915789,0.21535587338816153,0.0,0.312,0.0,-0.0,0.0,1
2012-07-18 23:00:00+00:00,0.03631575,0.148236229851875,0.03776020895625,0.0,0.349,4.807894736546056,4.8078947,0.19054174707237248,0.0,0.349,0.0,-0.0,0.0,1
2012-07-18 23:30:00+00:00,0.03770565,0.149825931451625,0.03920539222875,0.0,0.073,4.769473683914478,4.7694737,0.1701136365460565,0.0,0.073,0.0,-0.0,0.0,1
2012-07-19 00:00:00+00:00,0.03556545,0.09787807235112501,0.03698006577375,0.0,0.081,4.769473683914478,4.7694737,1.608552224752202e-08,0.0,0.0,0.081,0.0,0.003964061930220563,1
2012-07-19 00:30:00+00:00,0.0338127,0.09587336015675002,0.0351576001425,0.0,0.043,4.769473683914478,4.7694737,1.608552224752202e-08,0.0,0.0,0.043,0.0,0.002061277243370125,1
2012-07-19 01:00:00+00:00,0.0328164,0.09473383954100002,0.03412167231,0.0,0.06,5.285992863914478,5.2859928,0.5165191160855223,1.0874088,0.0,1.1474088,0.0,0.05434922057356569,1
2012-07-19 01:30:00+00:00,0.0342186,0.09633760929650001,0.035579644815000006,0.0,0.029,5.285992863914478,5.2859929,6.391447815445872e-08,0.0,0.0,0.029,0.0,0.0013968953347992502,1
2012-07-19 02:00:00+00:00,0.0335421,0.09556386073025,0.03487623702749999,0.0,0.05,5.285992863914478,5.2859929,3.60855221259726e-08,0.0,0.0,0.05,0.0,0.0023890965182562503,1
2012-07-19 02:30:00+00:00,0.03338835,0.09538800878337499,0.03471637162124999,0.0,0.027,5.285992863914478,5.2859929,3.60855221259726e-08,0.0,0.0,0.027,0.0,0.0012877381185755622,1
2012-07-19 03:00:00+00:00,0.032103,0.0939178865075,0.033379896825,0.0,0.049,5.998492863914478,5.9984928,0.7124999360855222,1.5,0.0,1.549,0.0,0.07273940310005875,1
2012-07-19 03:30:00+00:00,0.03182625,0.093601353003125,0.03309213909375,0.0,0.027,6.710992863914479,6.7109929,0.7124999360855213,1.5,0.0,1.527,0.0,0.07146463301788593,1
2012-07-19 04:00:00+00:00,0.0319185,0.09370686417125001,0.0331880583375,0.0,0.049,7.423492863914479,7.4234928,0.7124999360855213,1.5,0.0,1.549,0.0,0.07257596630063314,1
2012-07-19 04:30:00+00:00,0.03321615,0.09519105460287501,0.03453732236625,0.0,0.027,7.4234928448798545,7.4234928,6.391447904263714e-08,0.0,3.6165787e-08,0.026999963834213,0.0,0.00128507751580911,1
2012-07-19 05:00:00+00:00,0.0334068,0.32530911101700005,0.03473555546999999,0.0,0.037,7.404019160669328,7.4040192,0.09008014487985427,0.0,0.037,0.0,-0.0,0.0,1
2012-07-19 05:30:00+00:00,0.0367647,0.32914971753675004,0.0382270159425,0.0,0.038,7.384019160669329,7.3840192,0.09849086066932866,0.0,0.038,0.0,-0.0,0.0,1
2012-07-19 06:00:00+00:00,0.0343908,0.326434563477,0.03575869406999999,0.0,0.027,7.369808634353539,7.3698086,0.11046216066932857,0.0,0.027,0.0,-0.0,0.0,1
2012-07-19 06:30:00+00:00,0.0408852,0.333862549713,0.04251140882999999,0.0,0.05,7.343492844879855,7.3434928,0.12457783435353953,0.0,0.05,0.0,-0.0,0.0,1
2012-07-19 07:00:00+00:00,0.04289625,0.336162693178125,0.04460244834374999,0.0,0.026,7.329808634353539,7.3298086,0.12880294487985555,0.0,0.026,0.0,-0.0,0.0,1
2012-07-19 07:30:00+00:00,0.04001805,0.332870744732625,0.04160976793874999,0.0,0.268,7.188756002774592,7.188756,0.1177550343535394,0.0,0.268,0.0,-0.0,0.0,1
2012-07-19 08:00:00+00:00,0.0460635,0.33978524328375,0.047895675712499995,0.0,0.317,6.658107792248276,6.6581078,0.530648202774592,0.0,1.0082316,0.0,0.6912316000000001,-0.016553502277916257,1
2012-07-19 08:30:00+00:00,0.0430254,0.33631040881350005,0.044736735284999996,0.0,0.174,6.566528844879855,6.5665288,0.06221089224827647,0.0,0.174,0.0,-0.0,0.0,1
2012-07-19 09:00:00+00:00,0.0413157,0.33435493516425,0.0429590319675,0.106,0.095,6.571753844879855,6.5717538,0.02144764487985462,0.011,0.0,0.0,-0.0,0.0,1
2012-07-19 09:30:00+00:00,0.04081755,0.33378517485637504,0.04244106805125,0.15,0.141,6.576028844879855,6.5760288,0.020953855120144915,0.009,0.0,0.0,-0.0,0.0,1
2012-07-19 10:00:00+00:00,0.0396921,0.33249793860525007,0.0412708532775,0.231,0.194,6.593603844879855,6.5936038,0.06093215512014538,0.037,0.0,0.0,-0.0,0.0,1
2012-07-19 10:30:00+00:00,0.0357684,0.32801019692100003,0.03719108811,0.275,0.137,6.659153844879855,6.6591538,0.0970304551201453,0.138,0.0,0.0,-0.0,0.0,1
2012-07-19 11:00:00+00:00,0.0346737,0.14635813105925,0.0360528464175,0.281,0.253,6.672453844879855,6.6724538,0.12653615512014493,0.028,0.0,0.0,-0.0,0.0,1
2012-07-19 11:30:00+00:00,0.03440925,0.146055665710625,0.03577787791875,0.306,0.23,6.708553844879855,6.7085538,0.14783975512014536,0.076,0.0,0.0,-0.0,0.0,1
2012-07-19 12:00:00+00:00,0.03410175,0.14570396181687498,0.03545814710625,0.181,0.592,6.492238055406171,6.4922381,0.16040205512014438,0.0,0.411,0.0,-0.0,0.0,1
2012-07-19 12:30:00+00:00,0.03368355,0.145225644521375,0.03502331320125,0.119,0.762,6.153817002774591,6.153817,0.16446504459382894,0.0,0.643,0.0,-0.0,0.0,1
2012-07-19 13:00:00+00:00,0.0344031,0.14604863163275,0.0357714833025,0.163,0.117,6.175667002774591,6.175667,0.1606221972254085,0.046,0.0,0.0,-0.0,0.0,1
2012-07-19 13:30:00+00:00,0.03445845,0.146111938333625,0.035829034848750003,0.281,0.104,6.259742002774591,6.259742,0.14939549722540857,0.177,0.0,0.0,5.551115123125783e-17,-9.944554859794842e-19,1
2012-07-19 14:00:00+00:00,0.03415095,0.145760234439875,0.035509304036249995,0.213,0.283,6.222899897511433,6.2228999,0.13095989722540846,0.0,0.07,0.0,2.7755575615628914e-17,-4.927905866182469e-19,1
2012-07-19 14:30:00+00:00,0.03388035,0.145450735013375,0.03522794092124999,0.288,0.489,6.1171104238272225,6.1171104,0.10510570248856688,0.0,0.201,0.0,-0.0,0.0,1
2012-07-19 15:00:00+00:00,0.0334314,0.1449372473285,0.034761133934999994,0.55,0.4,6.1883604238272225,6.1883604,0.07145307617277741,0.15,0.0,0.0,-0.0,0.0,1
2012-07-19 15:30:00+00:00,0.0339357,0.14551404171425,0.0352854924675,0.419,0.462,6.165728844879854,6.1657288,0.029854876172777267,0.0,0.043,4.163336342344337e-17,0.0,3.0291194909517346e-18,1
2012-07-19 16:00:00+00:00,0.0343293,0.14596422269825002,0.0356947479075,0.3,0.215,6.206103844879854,6.2061038,0.021207644879853937,0.085,0.0,0.0,-0.0,0.0,1
2012-07-19 16:30:00+00:00,0.03479055,0.146491778538875,0.03617434412625,0.119,0.632,5.936103844879854,5.9361038,0.08190274487985416,0.0,0.513,0.0,-0.0,0.0,1
2012-07-19 17:00:00+00:00,0.03363435,0.145169371898375,0.03497215627125,0.0,0.228,5.816103844879854,5.8161038,0.14588234487985385,0.0,0.228,0.0,-0.0,0.0,1
2012-07-19 17:30:00+00:00,0.0381669,0.15035348729225,0.03968498844749999,0.0,0.201,5.7103143711956434,5.7103144,0.2088790448798541,0.0,0.201,0.0,-0.0,0.0,1
2012-07-19 18:00:00+00:00,0.0493845,0.16318364533625,0.05134876848749999,0.0,0.279,5.563472265932486,5.5634723,0.26600847119564364,0.0,0.279,0.0,-0.0,0.0,1
2012-07-19 18:30:00+00:00,0.04718895,0.160672479534875,0.04906589048624999,0.0,0.469,5.316630160669328,5.3166302,0.31253786593248556,0.0,0.469,0.0,-0.0,0.0,1
2012-07-19 19:00:00+00:00,0.04605735,0.159378209205875,0.04788928109624999,0.0,0.546,5.029261739616696,5.0292617,0.3446368606693273,0.0,0.546,0.0,-0.0,0.0,1
2012-07-19 19:30:00+00:00,0.0390525,0.15136639450625,0.04060581318749999,0.0,0.565,4.731893318564064,4.7318933,0.35376473961669586,0.0,0.565,0.0,-0.0,0.0,1
2012-07-19 20:00:00+00:00,0.0391509,0.15147893975225,0.0407081270475,0.0,0.59,4.42136700277459,4.421367,0.35244161856406464,0.0,0.59,0.0,-0.0,0.0,1
2012-07-19 20:30:00+00:00,0.0434436,0.156388726109,0.04517156919,0.006,0.515,4.153472265932485,4.1534723,0.3407180027745902,0.0,0.509,0.0,-0.0,0.0,1
2012-07-19 21:00:00+00:00,0.0420783,0.15482716082075,0.0437519643825,0.0,0.567,3.855051213300906,3.8550512,0.32001086593248473,0.0,0.567,0.0,-0.0,0.0,1
2012-07-19 21:30:00+00:00,0.0376134,0.1497204202835,0.039109472985,0.0,0.533,3.574524897511432,3.5745249,0.28902681330090596,0.0,0.533,0.0,-0.0,0.0,1
2012-07-19 22:00:00+00:00,0.03324075,0.14471919091437502,0.03456290083124999,0.0,0.712,3.199788055406169,3.1997881,0.2568837975114322,0.0,0.712,0.0,-0.0,0.0,1
2012-07-19 22:30:00+00:00,0.03814845,0.150332385058625,0.03966580459875,0.0,0.519,2.9266301606693266,2.9266302,0.22732935540616905,0.0,0.519,0.0,-0.0,0.0,1
2012-07-19 23:00:00+00:00,0.0348459,0.14655508523975,0.0362318956725,0.0,0.552,2.6361038448798526,2.6361038,0.20264546066932665,0.0,0.552,0.0,-0.0,0.0,1
2012-07-19 23:30:00+00:00,0.03560235,0.147420276818375,0.037018433471249994,0.0,1.004,2.1076827922482737,2.1076828,0.18232554487985242,0.0,1.004,0.0,-0.0,0.0,1
2012-07-20 00:00:00+00:00,0.0339357,0.09601404171425001,0.0352854924675,0.0,1.021,2.1076827922482737,2.1076828,7.751726371907353e-09,0.0,0.0,1.021,0.0,0.04901516829512463,1
2012-07-20 00:30:00+00:00,0.03405255,0.09614768919387501,0.03540699017625,0.0,0.488,2.1076827922482737,2.1076828,7.751726371907353e-09,0.0,0.0,0.488,0.0,0.0234600361633055,1
2012-07-20 01:00:00+00:00,0.03422475,0.096344643374375,0.035586039431249994,0.0,0.931,2.1076827922482737,2.1076828,7.751726371907353e-09,0.0,0.0,0.931,0.0,0.04484843149077156,1
2012-07-20 01:30:00+00:00,0.034194,0.09630947298500002,0.03555406635,0.0,0.288,2.1076827922482737,2.1076828,7.751726371907353e-09,0.0,0.0,0.288,0.0,0.013868564109840002,1
2012-07-20 02:00:00+00:00,0.03325305,0.09523325907012499,0.03457569006375,0.0,0.306,2.262931906248274,2.2629319,0.15524910775172618,0.32684024,0.0,0.6328402399999999,0.0,0.030133719262960035,1
2012-07-20 02:30:00+00:00,0.0319431,0.09373500048275,0.0332136368025,0.0,0.284,2.9754319062482737,2.9754319,0.712499993751726,1.5,0.0,1.784,0.0,0.083611620430613,1
2012-07-20 03:00:00+00:00,0.03204765,0.093854579806625,0.03332234527874999,0.0,0.334,3.6879319062482736,3.6879319,0.7124999937517265,1.5,0.0,1.834,0.0,0.08606464968267513,1
2012-07-20 03:30:00+00:00,0.0312543,0.09294718376075,0.0324974397825,0.0,0.272,4.400431906248274,4.4004319,0.7124999937517265,1.5,0.0,1.772,0.0,0.0823512048120245,1
2012-07-20 04:00:00+00:00,0.03138345,0.093094899396125,0.03263172672375,0.0,0.305,5.112931906248274,5.1129319,0.7124999937517265,1.5,0.0,1.805,0.0,0.08401814670500281,1
2012-07-20 04:30:00+00:00,0.0323367,0.09418518146675,0.0336228922425,0.0,0.305,5.825431906248275,5.8254319,0.7124999937517256,1.5,0.0,1.805,0.0,0.08500212627374187,1
2012-07-20 05:00:00+00:00,0.03283485,0.32465494177462506,0.034140856158749996,0.0,0.273,5.681747695721959,5.6817477,0.101902106248275,0.0,0.273,0.0,-0.0,0.0,1
2012-07-20 05:30:00+00:00,0.03225675,0.323993738454375,0.03353976223125,0.0,0.31,5.518589800985117,5.5185898,0.11014989572195866,0.0,0.31,0.0,-0.0,0.0,1
2012-07-20 06:00:00+00:00,0.0346983,0.32678626737075006,0.0360784248825,0.0,0.318,5.351221379932485,5.3512214,0.12193920098511679,0.0,0.318,0.0,-0.0,0.0,1
2012-07-20 06:30:00+00:00,0.0381423,0.33072535098075007,0.03965940998249999,0.0,0.318,5.183852958879854,5.183853,0.1358543799324856,0.0,0.318,0.0,-0.0,0.0,1
2012-07-20 07:00:00+00:00,0.04455675,0.33806189420437505,0.046328994731249996,0.0,0.477,4.932800327300907,4.9328003,0.13982455887985346,0.0,0.477,0.0,-0.0,0.0,1
2012-07-20 07:30:00+00:00,0.0421029,0.33525529713225005,0.043777542847499996,0.0,0.384,4.730695064143012,4.7306951,0.12845482730090652,0.0,0.384,0.0,-0.0,0.0,1
2012-07-20 08:00:00+00:00,0.0507375,0.34513114246875,0.05275558406249999,0.0,0.512,4.461221379932486,4.4612214,0.10554696414301201,0.0,0.512,0.0,-0.0,0.0,1
2012-07-20 08:30:00+00:00,0.04978425,0.3440408603981251,0.05176441854375,0.0,0.431,4.234379274669328,4.2343793,0.07213347993248576,0.0,0.431,0.0,-0.0,0.0,1
2012-07-20 09:00:00+00:00,0.0410697,0.33407357204925,0.0427032473175,0.138,0.402,4.095431906248275,4.0954319,0.030932874669328037,0.0,0.264,0.0,-0.0,0.0,1
2012-07-20 09:30:00+00:00,0.0396429,0.33244166598225006,0.041219696347499994,0.213,0.686,3.8464845378272225,3.8464845,0.012802493751724597,0.0,0.473,1.1102230246251565e-16,0.0,1.8454219595911983e-17,1
2012-07-20 10:00:00+00:00,0.03971055,0.33251904083887507,0.04129003712625,0.406,0.622,3.732800327300907,3.7328003,0.05319316217277725,0.0,0.216,0.0,2.7755575615628914e-17,-5.730143738148785e-19,1
2012-07-20 10:30:00+00:00,0.03832065,0.330929339239125,0.039844853853749994,0.681,0.416,3.858675327300907,3.8586753,0.08969687269909299,0.265,0.0,0.0,-0.0,0.0,1
2012-07-20 11:00:00+00:00,0.03707835,0.149108455508375,0.03855314137125,0.725,0.456,3.9864503273009073,3.9864503,0.1195932726990927,0.269,0.0,1.1102230246251565e-16,0.0,8.277182023584684e-18,1
2012-07-20 11:30:00+00:00,0.0348582,0.1465691533955,0.036244684905,0.7,0.353,4.151275327300907,4.1512753,0.1412680726990927,0.347,0.0,0.0,-0.0,0.0,1
2012-07-20 12:00:00+00:00,0.03449535,0.146154142800875,0.03586740254625,0.794,0.37,4.352675327300907,4.3526753,0.154179372699093,0.424,0.0,0.0,-0.0,0.0,1
2012-07-20 12:30:00+00:00,0.03444615,0.146097870177875,0.03581624561625,0.781,0.372,4.546950327300907,4.5469503,0.15856837269909274,0.409,0.0,0.0,1.1102230246251565e-16,-1.988201026939529e-18,1
2012-07-20 13:00:00+00:00,0.03376965,0.145324121611625,0.03511283782875,0.644,0.373,4.675675327300907,4.6756753,0.15502887269909316,0.271,0.0,0.0,-0.0,0.0,1
2012-07-20 13:30:00+00:00,0.03413865,0.145746166284125,0.03549651480375,0.713,0.382,4.832900327300908,4.8329003,0.14408357269909278,0.331,0.0,1.1102230246251565e-16,0.0,8.090537477974114e-18,1
2012-07-20 14:00:00+00:00,0.03326535,0.144747327225875,0.034588479296249995,0.669,0.316,5.000575327300908,5.0005753,0.12590817269909227,0.353,0.0,0.0,-0.0,0.0,1
2012-07-20 14:30:00+00:00,0.0337758,0.1453311556895,0.035119232445,0.613,0.311,5.144025327300907,5.1440253,0.10029387269909229,0.302,0.0,0.0,-0.0,0.0,1
2012-07-20 15:00:00+00:00,0.0338373,0.14540149646824999,0.0351831786075,0.525,0.28,5.260400327300907,5.2604003,0.0668620726990925,0.245,0.0,0.0,-0.0,0.0,1
2012-07-20 15:30:00+00:00,0.03375735,0.145310053455875,0.03510004859625,0.419,0.444,5.2472424325640645,5.2472424,0.025468072699093014,0.0,0.025,2.0816681711721685e-17,0.0,1.5124365661521068e-18,1
2012-07-20 16:00:00+00:00,0.0343416,0.14597829085400002,0.035707537139999995,0.313,0.363,5.2209266430903805,5.2209266,0.025856332564064388,0.0,0.05,0.0,1.3877787807814457e-17,-2.477708117842869e-19,1
2012-07-20 16:30:00+00:00,0.0360144,0.14789156003599999,0.03744687275999999,0.125,0.516,5.01513716940617,5.0151372,0.0863476430903809,0.0,0.391,0.0,-0.0,0.0,1
2012-07-20 17:00:00+00:00,0.0369615,0.14897480802875,0.038431643662499994,0.0,0.404,4.802505590458802,4.8025056,0.1501247694061698,0.0,0.404,0.0,-0.0,0.0,1
2012-07-20 17:30:00+00:00,0.0392739,0.15161962130974999,0.0408360193725,0.0,0.569,4.5030319062482755,4.5030319,0.2129129904588023,0.0,0.569,0.0,-0.0,0.0,1
2012-07-20 18:00:00+00:00,0.04533165,0.158548188016625,0.047134716378750004,0.0,0.504,4.237768748353538,4.2377687,0.2698215062482756,0.0,0.504,0.0,-0.0,0.0,1
2012-07-20 18:30:00+00:00,0.0476994,0.16125630799850002,0.049596643635,0.0,0.549,3.9488213799324856,3.9488214,0.3161135483535382,0.0,0.549,0.0,-0.0,0.0,1
2012-07-20 19:00:00+00:00,0.0468384,0.160271537096,0.048701397359999996,0.0,0.502,3.684610853616696,3.6846109,0.3479574799324858,0.0,0.502,0.0,-0.0,0.0,1
2012-07-20 19:30:00+00:00,0.0394215,0.15178843917874998,0.040989490162499996,0.0,0.547,3.396716116774591,3.3967161,0.3567922536166961,0.0,0.547,0.0,-0.0,0.0,1
2012-07-20 20:00:00+00:00,0.0399996,0.152449642499,0.04159058409,0.0,0.293,3.2425055904588014,3.2425056,0.3551891167745911,0.0,0.293,0.0,-0.0,0.0,1
2012-07-20 20:30:00+00:00,0.0476256,0.161171899064,0.049519908239999993,0.0,0.267,3.1019792746693278,3.1019793,0.34319979045880133,0.0,0.267,0.0,-0.0,0.0,1
2012-07-20 21:00:00+00:00,0.05068215,0.164667835767875,0.05269803251625,0.0,0.254,2.968295064143012,2.9682951,0.32224187466932763,0.0,0.254,0.0,-0.0,0.0,1
2012-07-20 21:30:00+00:00,0.04137105,0.154018241865125,0.04301658351375,0.0,0.239,2.8425055904588015,2.8425056,0.2910092641430122,0.0,0.239,0.0,-0.0,0.0,1
2012-07-20 22:00:00+00:00,0.03951375,0.151893950346875,0.041085409406249995,0.0,0.293,2.688295064143012,2.6882951,0.25864199045880154,0.0,0.293,0.0,-0.0,0.0,1
2012-07-20 22:30:00+00:00,0.05103885,0.165075812284625,0.05306892025874999,0.0,0.288,2.536716116774591,2.5367161,0.22889046414301184,0.0,0.288,0.0,-0.0,0.0,1
2012-07-20 23:00:00+00:00,0.0418323,0.15454579770575003,0.0434961797325,0.0,0.152,2.456716116774591,2.4567161,0.2040363167745909,0.0,0.152,0.0,-0.0,0.0,1
2012-07-20 23:30:00+00:00,0.0454485,0.15868183549625,0.0472562140875,0.0,0.394,2.2493476957219594,2.2493477,0.183565716774591,0.0,0.394,0.0,-0.0,0.0,1
2012-07-21 00:00:00+00:00,0.04404015,0.10757103166287499,0.045791846966249994,0.0,0.41,2.2493476957219594,2.2493477,4.2780405884457195e-09,0.0,0.0,0.41,0.0,0.022052061490889372,1
2012-07-21 00:30:00+00:00,0.04097745,0.10406806088112501,0.04260732807374999,0.0,0.916,2.2493476957219594,2.2493477,4.2780405884457195e-09,0.0,0.0,0.916,0.0,0.047663171883555254,1
2012-07-21 01:00:00+00:00,0.03978435,0.102703449773375,0.041366772521250005,0.0,0.335,2.2493476957219594,2.2493477,4.2780405884457195e-09,0.0,0.0,0.335,0.0,0.017202827837040316,1
2012-07-21 01:30:00+00:00,0.0404793,0.10349830057325,0.042089364157499996,0.0,0.6,2.2493476957219594,2.2493477,4.2780405884457195e-09,0.0,0.0,0.6,0.0,0.031049490171975,1
2012-07-21 02:00:00+00:00,0.03814845,0.10083238505862502,0.03966580459875,0.0,0.147,2.4713300537219594,2.4713301,0.2219824042780405,0.46733128,0.0,0.61433128,0.0,0.030972244089258992,1
2012-07-21 02:30:00+00:00,0.03590985,0.098271980712125,0.037338164283749996,0.0,0.106,3.1838300537219593,3.1838301,0.7125000462780409,1.5,0.0,1.606,0.0,0.07891240051183639,1
2012-07-21 03:00:00+00:00,0.0346122,0.09678779028050001,0.035988900255,0.0,0.065,3.896330053721959,3.8963301,0.7125000462780409,1.5,0.0,1.565,0.0,0.07573644589449126,1
2012-07-21 03:30:00+00:00,0.0339603,0.09604217802575002,0.0353110709325,0.0,0.046,4.6088300537219595,4.6088301,0.7125000462780404,1.5,0.0,1.546,0.0,0.07424060361390476,1
2012-07-21 04:00:00+00:00,0.0331977,0.09516995236925002,0.0345181385175,0.0,0.053,5.32133005372196,5.3213301,0.7125000462780404,1.5,0.0,1.553,0.0,0.07389946801472264,1
2012-07-21 04:30:00+00:00,0.03337605,0.09537394062762501,0.034703582388749994,0.0,0.058,6.03383005372196,6.0338301,0.7125000462780404,1.5,0.0,1.558,0.0,0.07429629974891988,1
2012-07-21 05:00:00+00:00,0.03379425,0.32575225792312507,0.03513841629375,0.0,0.044,6.010672158985118,6.0106722,0.10282905372196005,0.0,0.044,0.0,-0.0,0.0,1
2012-07-21 05:30:00+00:00,0.0343416,0.326378290854,0.035707537139999995,0.0,0.066,5.975935316879855,5.9759353,0.11118745898511762,0.0,0.066,0.0,-0.0,0.0,1
2012-07-21 06:00:00+00:00,0.0339849,0.32597031433725,0.035336649397499996,0.0,0.045,5.952251106353539,5.9522511,0.12311061687985436,0.0,0.045,0.0,-0.0,0.0,1
2012-07-21 06:30:00+00:00,0.03434775,0.326385324931875,0.035713931756250004,0.0,0.066,5.917514264248275,5.9175143,0.13718260635353907,0.0,0.066,0.0,-0.0,0.0,1
2012-07-21 07:00:00+00:00,0.0346737,0.32675813105925006,0.0360528464175,0.0,0.044,5.894356369511433,5.8943564,0.14129516424827582,0.0,0.044,0.0,-0.0,0.0,1
2012-07-21 07:30:00+00:00,0.03615585,0.32845334382712504,0.03759394893375,0.0,0.054,5.865935316879854,5.8659353,0.1300401695114335,0.0,0.054,0.0,-0.0,0.0,1
2012-07-21 08:00:00+00:00,0.03556545,0.32777807235112505,0.03698006577375,0.0,0.068,5.830145843195644,5.8301458,0.10723751687985406,0.0,0.068,0.0,-0.0,0.0,1
2012-07-21 08:30:00+00:00,0.0397659,0.33258234753975,0.0413475886725,0.006,0.044,5.810145843195644,5.8101458,0.07392554319564404,0.0,0.038,0.0,-0.0,0.0,1
2012-07-21 09:00:00+00:00,0.0436527,0.33702788475675,0.0453889861425,0.013,0.062,5.784356369511434,5.7843564,0.03283214319564465,0.0,0.049,0.0,-0.0,0.0,1
2012-07-21 09:30:00+00:00,0.04400325,0.33742882719562506,0.045753479268749994,0.094,0.205,5.725935316879855,5.7259353,0.010976930488566516,0.0,0.111,0.0,1.3877787807814457e-17,-3.174785383804751e-19,1
2012-07-21 10:00:00+00:00,0.04229355,0.33547335354637503,0.04397577595125,0.081,0.309,5.6059353168798545,5.6059353,0.05123148312014525,0.0,0.228,0.0,2.7755575615628914e-17,-6.102864873354374e-19,1
2012-07-21 10:30:00+00:00,0.0402333,0.33311693745825005,0.041833579507499996,0.181,0.16,5.615910316879854,5.6159103,0.08756618312014552,0.021,0.0,0.0,-0.0,0.0,1
2012-07-21 11:00:00+00:00,0.0390771,0.15139453081775,0.040631391652499994,0.294,0.092,5.7118603168798545,5.7118603,0.11725498312014526,0.202,0.0,5.551115123125783e-17,0.0,4.202042347904722e-18,1
2012-07-21 11:30:00+00:00,0.03629115,0.14820809354037498,0.03773463049125,0.25,0.102,5.782160316879854,5.7821603,0.13868048312014558,0.148,0.0,0.0,-0.0,0.0,1
2012-07-21 12:00:00+00:00,0.03830835,0.15051527108337498,0.03983206462124999,0.2,0.492,5.6284761063535385,5.6284761,0.15130038312014626,0.0,0.292,0.0,-0.0,0.0,1
2012-07-21 12:30:00+00:00,0.0378471,0.14998771524274998,0.03935246840249999,0.188,0.097,5.671701106353538,5.6717011,0.15535719364646194,0.091,0.0,0.0,-0.0,0.0,1
2012-07-21 13:00:00+00:00,0.0346614,0.14634406290350002,0.036040057185,0.144,0.294,5.592753737932486,5.5927537,0.15144729364646192,0.0,0.15,0.0,-0.0,0.0,1
2012-07-21 13:30:00+00:00,0.0348951,0.14661135786274998,0.0362830526025,0.1,0.171,5.555385316879854,5.5553853,0.14009626206751413,0.0,0.071,1.3877787807814457e-17,0.0,1.017320657317397e-18,1
2012-07-21 14:00:00+00:00,0.0346737,0.14635813105925,0.0360528464175,0.075,0.283,5.445911632669328,5.4459116,0.12148308312014588,0.0,0.208,0.0,2.7755575615628914e-17,-5.003337524497886e-19,1
2012-07-21 14:30:00+00:00,0.0344154,0.1460626997885,0.035784272534999995,0.125,0.235,5.3880168958272225,5.3880169,0.09540186733067202,0.0,0.11,0.0,1.3877787807814457e-17,-2.4830327054886632e-19,1
2012-07-21 15:00:00+00:00,0.03444615,0.146097870177875,0.03581624561625,0.275,0.196,5.425541895827222,5.4255419,0.06147790417277754,0.079,0.0,0.0,-0.0,0.0,1
2012-07-21 15:30:00+00:00,0.0347352,0.146428471838,0.03611679258,0.244,0.084,5.501541895827222,5.5015419,0.01957160417277759,0.16,0.0,0.0,-0.0,0.0,1
2012-07-21 16:00:00+00:00,0.0377733,0.14990330630825,0.0392757330075,0.019,0.079,5.469962948458801,5.4699629,0.032973195827222135,0.0,0.06,0.0,-0.0,0.0,1
2012-07-21 16:30:00+00:00,0.0390279,0.15133825819475002,0.0405802347225,0.0,0.133,5.399962948458801,5.3999629,0.09405484845880085,0.0,0.133,0.0,-0.0,0.0,1
2012-07-21 17:00:00+00:00,0.0407868,0.15335000446699998,0.04240909496999999,0.0,0.081,5.357331369511432,5.3573314,0.15841954845880046,0.0,0.081,0.0,-0.0,0.0,1
2012-07-21 17:30:00+00:00,0.0440955,0.15713433836375,0.04584939851249999,0.0,0.117,5.2957524221430115,5.2957524,0.2217821695114326,0.0,0.117,0.0,-0.0,0.0,1
2012-07-21 18:00:00+00:00,0.05033775,0.164273927406875,0.05233993400625,0.0,0.08,5.253647158985117,5.2536472,0.2792431221430114,0.0,0.08,0.0,-0.0,0.0,1
2012-07-21 18:30:00+00:00,0.0507006,0.1646889380015,0.05271721636499999,0.0,0.104,5.198910316879854,5.1989103,0.3260584589851163,0.0,0.104,0.0,-0.0,0.0,1
2012-07-21 19:00:00+00:00,0.0454977,0.15873810811925002,0.0473073710175,0.0,0.15,5.119962948458801,5.1199629,0.35839311687985376,0.0,0.15,0.0,-0.0,0.0,1
2012-07-21 19:30:00+00:00,0.0404178,0.1529279597945,0.042025417994999995,0.0,0.218,5.005226106353538,5.0052261,0.3676624484588018,0.0,0.218,0.0,-0.0,0.0,1
2012-07-21 20:00:00+00:00,0.0397044,0.152112006761,0.041283642509999996,0.0,0.177,4.912068211616695,4.9120682,0.3664864063535376,0.0,0.177,0.0,-0.0,0.0,1
2012-07-21 20:30:00+00:00,0.03958755,0.15197835928137501,0.041162144801249995,0.0,0.107,4.855752422143011,4.8557524,0.35491511161669553,0.0,0.107,0.0,-0.0,0.0,1
2012-07-21 21:00:00+00:00,0.0396183,0.15201352967075002,0.0411941178825,0.0,0.083,4.812068211616695,4.8120682,0.33436472214301105,0.0,0.083,0.0,-0.0,0.0,1
2012-07-21 21:30:00+00:00,0.04233045,0.15511555801362498,0.04401414364875,0.0,0.102,4.758384001090379,4.758384,0.3035133116166948,0.0,0.102,0.0,-0.0,0.0,1
2012-07-21 22:00:00+00:00,0.0389541,0.15125384926024998,0.04050349932749999,0.0,0.165,4.671541895827221,4.6715419,0.27152090109037896,0.0,0.165,0.0,-0.0,0.0,1
2012-07-21 22:30:00+00:00,0.0410451,0.15364543573775,0.042677668852499996,0.0,0.197,4.567857685300905,4.5678577,0.24213839582722052,0.0,0.197,0.0,-0.0,0.0,1
2012-07-21 23:00:00+00:00,0.0407622,0.1533218681555,0.042383516504999996,0.0,0.362,4.377331369511431,4.3773314,0.21764478530090514,0.0,0.362,0.0,-0.0,0.0,1
2012-07-21 23:30:00+00:00,0.04180155,0.15451062731637502,0.043464206651250004,0.0,0.364,4.18575242214301,4.1857524,0.19751706951143078,0.0,0.364,0.0,-0.0,0.0,1
2012-07-22 00:00:00+00:00,0.04090365,0.10398365194662501,0.04253059267874999,0.0,0.355,4.18575242214301,4.1857524,2.2143010092179338e-08,0.0,0.0,0.355,0.0,0.01845709822052594,1
2012-07-22 00:30:00+00:00,0.0393231,0.10217589393275002,0.0408871763025,0.0,0.375,4.18575242214301,4.1857524,2.2143010092179338e-08,0.0,0.0,0.375,0.0,0.01915798011239063,1
2012-07-22 01:00:00+00:00,0.03894795,0.10174681518237501,0.04049710471125,0.0,0.151,4.18575242214301,4.1857524,2.2143010092179338e-08,0.0,0.0,0.151,0.0,0.007681884546269313,1
2012-07-22 01:30:00+00:00,0.0395076,0.10238691626900001,0.04107901479,0.0,0.153,4.18575242214301,4.1857524,2.2143010092179338e-08,0.0,0.0,0.153,0.0,0.0078325990945785,1
2012-07-22 02:00:00+00:00,0.0382653,0.10096603253825003,0.0397873023075,0.0,0.128,4.18575242214301,4.1857524,2.2143010092179338e-08,0.0,0.0,0.128,0.0,0.006461826082448002,1
2012-07-22 02:30:00+00:00,0.0359898,0.09836342372450002,0.037421294295000004,0.0,0.126,4.18575242214301,4.1857524,2.2143010092179338e-08,0.0,0.0,0.126,0.0,0.006196895694643502,1
2012-07-22 03:00:00+00:00,0.03567,0.097997651675,0.03708877425,0.0,0.092,4.18575242214301,4.1857524,2.2143010092179338e-08,0.0,0.0,0.092,0.0,0.00450789197705,1
2012-07-22 03:30:00+00:00,0.0342432,0.09636574560800001,0.035605223279999994,0.0,0.05,4.75436736964301,4.7543674,0.7124999778569894,1.1970841,0.0,1.2470841000000001,0.0,0.06008809456619083,1
2012-07-22 04:00:00+00:00,0.0342432,0.09636574560800001,0.035605223279999994,0.0,0.073,5.32298231714301,5.3229823,0.7125000303569902,1.1970841,0.0,1.2700841,0.0,0.06119630064068283,1
2012-07-22 04:30:00+00:00,0.03444615,0.09659787017787502,0.03581624561625,0.0,0.05,5.32298231714301,5.3229823,1.7143010566655903e-08,0.0,0.0,0.05,0.0,0.002414946754446876,1
2012-07-22 05:00:00+00:00,0.03444615,0.32649787017787507,0.03581624561625,0.0,0.072,5.285087580300905,5.2850876,0.11892241714301033,0.0,0.072,0.0,-0.0,0.0,1
2012-07-22 05:30:00+00:00,0.0343416,0.326378290854,0.035707537139999995,0.0,0.05,5.258771790827221,5.2587718,0.12731098030090493,0.0,0.05,0.0,-0.0,0.0,1
2012-07-22 06:00:00+00:00,0.0340464,0.326040655116,0.03540059556,0.0,0.062,5.226140211879852,5.2261402,0.13923359082722087,0.0,0.062,0.0,-0.0,0.0,1
2012-07-22 06:30:00+00:00,0.0345876,0.32665965396900004,0.03596332179,0.0,0.06,5.194561264511432,5.1945613,0.1532737118798524,0.0,0.06,0.0,-0.0,0.0,1
2012-07-22 07:00:00+00:00,0.0345753,0.32664558581325004,0.0359505325575,0.0,0.051,5.167719159248274,5.1677192,0.15728566451143156,0.0,0.051,0.0,-0.0,0.0,1
2012-07-22 07:30:00+00:00,0.0342555,0.32627981376375004,0.035618012512500005,0.0,0.078,5.126666527669327,5.1266665,0.1458481592482741,0.0,0.078,0.0,-0.0,0.0,1
2012-07-22 08:00:00+00:00,0.03447075,0.3265260064893751,0.03584182408125,0.013,0.05,5.107192843458801,5.1071928,0.12279952766932745,0.0,0.037,6.938893903907228e-18,0.0,1.1328646579481484e-18,1
2012-07-22 08:30:00+00:00,0.0387081,0.33137248614525,0.0402477146775,0.031,0.213,5.01140336977459,5.0114034,0.089184543458801,0.0,0.182,0.0,-0.0,0.0,1
2012-07-22 09:00:00+00:00,0.0407622,0.33372186815550003,0.042383516504999996,0.075,0.128,4.983508632932485,4.9835086,0.047740769774589964,0.0,0.053,6.938893903907228e-18,0.0,1.1578303182723655e-18,1
2012-07-22 09:30:00+00:00,0.04335135,0.33668321494087505,0.04507564994625,0.138,0.229,4.93561389609038,4.9356139,0.0023596329324844234,0.0,0.091,0.0,-0.0,0.0,1
2012-07-22 10:00:00+00:00,0.0427548,0.33600090938700006,0.04445537217,0.231,0.069,5.01256389609038,5.0125639,0.03849510390962063,0.162,0.0,0.0,-0.0,0.0,1
2012-07-22 10:30:00+00:00,0.042189,0.33535377422250007,0.043867067475,0.231,0.104,5.0728888960903795,5.0728889,0.07521260390962059,0.127,0.0,0.0,2.7755575615628914e-17,-6.087778541691291e-19,1
2012-07-22 11:00:00+00:00,0.03940305,0.151767336945125,0.040970306313749996,0.288,0.301,5.0660467908272215,5.0660468,0.10528970390962034,0.0,0.013,1.214306433183765e-17,0.0,9.214602679981668e-19,1
2012-07-22 11:30:00+00:00,0.0390525,0.15136639450625,0.04060581318749999,0.306,0.081,5.172921790827221,5.1729218,0.12710490917277806,0.225,0.0,0.0,-0.0,0.0,1
2012-07-22 12:00:00+00:00,0.03795165,0.15010729456662503,0.039461176878750004,0.525,0.075,5.386671790827221,5.3866718,0.1401140091727786,0.45,0.0,0.0,-0.0,0.0,1
2012-07-22 12:30:00+00:00,0.03741045,0.14948829571362499,0.03889845064874999,0.325,0.093,5.496871790827221,5.4968718,0.1445595091727787,0.232,0.0,0.0,-0.0,0.0,1
2012-07-22 13:00:00+00:00,0.0355224,0.147328833806,0.03693530346,0.688,0.064,5.793271790827221,5.7932718,0.1410384091727792,0.624,0.0,0.0,-0.0,0.0,1
2012-07-22 13:30:00+00:00,0.0343416,0.14597829085400002,0.035707537139999995,0.6,0.144,6.009871790827221,6.0098718,0.13007780917277856,0.456,0.0,0.0,-0.0,0.0,1
2012-07-22 14:00:00+00:00,0.03444615,0.146097870177875,0.03581624561625,0.694,0.092,6.295821790827221,6.2958218,0.11185760917277943,0.602,0.0,0.0,-0.0,0.0,1
2012-07-22 14:30:00+00:00,0.0342432,0.145865745608,0.035605223279999994,0.456,0.571,6.235295475037747,6.2352955,0.08617340917277971,0.0,0.115,0.0,6.938893903907228e-17,-1.2353043338242384e-18,1
2012-07-22 15:00:00+00:00,0.0344646,0.1461189724115,0.03583542946499999,0.169,0.998,5.7989796855640625,5.7989797,0.052652324962253694,0.0,0.829,0.0,-0.0,0.0,1
2012-07-22 15:30:00+00:00,0.03463065,0.146308892514125,0.03600808410375,0.163,0.268,5.743716527669326,5.7437165,0.01115701443593764,0.0,0.105,1.3877787807814457e-17,0.0,1.0152218823536798e-18,1
2012-07-22 16:00:00+00:00,0.03618045,0.14808148013862502,0.03761952739875,0.106,0.41,5.583716527669326,5.5837165,0.041827627669325906,0.0,0.304,0.0,-0.0,0.0,1
2012-07-22 16:30:00+00:00,0.03727515,0.149333546000375,0.03875776909125,0.031,0.867,5.1437165276693255,5.1437165,0.10242042766932613,0.0,0.836,0.0,-0.0,0.0,1
2012-07-22 17:00:00+00:00,0.04019025,0.152667698913125,0.041788817193749994,0.0,0.623,4.81582179082722,4.8158218,0.1662694276693255,0.0,0.623,0.0,-0.0,0.0,1
2012-07-22 17:30:00+00:00,0.04504875,0.158224620434375,0.04684056403125,0.0,0.427,4.591084948721957,4.5910849,0.2290822908272201,0.0,0.427,0.0,-0.0,0.0,1
2012-07-22 18:00:00+00:00,0.0552147,0.16985195116175,0.057410864692499994,0.0,0.868,4.134242843458799,4.1342428,0.285952948721957,0.0,0.868,0.0,-0.0,0.0,1
2012-07-22 18:30:00+00:00,0.059532,0.17478987383,0.0618998853,0.0,1.37,3.4131902118798516,3.4131902,0.3321337434587992,0.0,1.37,0.0,-0.0,0.0,1
2012-07-22 19:00:00+00:00,0.05362185,0.168030124992125,0.05575465908374999,0.0,1.157,2.804242843458799,2.8042428,0.3637886118798517,0.0,1.157,0.0,-0.0,0.0,1
2012-07-22 19:30:00+00:00,0.0438126,0.1568107707815,0.045555246165,0.0,1.304,2.117927053985115,2.1179271,0.3723128434587992,0.0,1.304,0.0,-0.0,0.0,1
2012-07-22 20:00:00+00:00,0.0455961,0.15885065336525,0.0474096848775,0.0,1.419,1.6947389171430096,1.6947389,0.37037795398511486,0.0,0.80405746,0.61494254,0.0,0.0488420121305432,1
2012-07-22 20:30:00+00:00,0.049938,0.163816712345,0.051924283950000004,0.0,0.292,1.5410547066166937,1.5410547,0.3580356171430097,0.0,0.292,0.0,-0.0,0.0,1
2012-07-22 21:00:00+00:00,0.0460389,0.15935710697225,0.04787009724749999,0.0,1.112,1.0000000224061674,1.0,0.3367033066166938,0.0,1.0280039,0.08399610000000002,0.0,0.0066926877464759055,1
2012-07-22 21:30:00+00:00,0.0422628,0.15503818315700002,0.04394380287000001,0.0,0.232,1.0000000000001674,1.0,2.2406167365929264e-08,0.0,4.25714e-08,0.23199995742860002,0.0,0.01798442594611575,1
2012-07-22 22:00:00+00:00,0.03838215,0.150599680017875,0.03990880001624999,0.0,0.227,1.0000000000001674,1.0,1.674216321134736e-13,0.0,0.0,0.227,0.0,0.01709306368202881,1
2012-07-22 22:30:00+00:00,0.03865275,0.15090917944437499,0.04019016313125,0.0,0.279,1.0000000000001674,1.0,1.674216321134736e-13,0.0,0.0,0.279,0.0,0.021051830532490313,1
2012-07-22 23:00:00+00:00,0.0369,0.14890446725,0.038367697500000006,0.0,0.331,1.0000000000001674,1.0,1.674216321134736e-13,0.0,0.0,0.331,0.0,0.024643689329875002,1
2012-07-22 23:30:00+00:00,0.03555315,0.147364004195375,0.03696727654124999,0.0,0.208,1.0000000000001674,1.0,1.674216321134736e-13,0.0,0.0,0.208,0.0,0.015325856436318997,1
2012-07-23 00:00:00+00:00,0.0345015,0.09666117687874999,0.03587379716249999,0.0,0.146,1.0000000000001674,1.0,1.674216321134736e-13,0.0,0.0,0.146,0.0,0.007056265912148749,1
2012-07-23 00:30:00+00:00,0.0342432,0.09636574560800001,0.035605223279999994,0.0,0.138,1.0000000000001674,1.0,1.674216321134736e-13,0.0,0.0,0.138,0.0,0.006649236446952002,1
2012-07-23 01:00:00+00:00,0.0338988,0.095971837247,0.03524712477,0.0,0.074,1.7125000000001673,1.7125,0.7124999999998325,1.5,0.0,1.574,0.0,0.07552983591338899,1
2012-07-23 01:30:00+00:00,0.0353748,0.09766001593700001,0.03678183266999999,0.0,0.082,2.3656414825001675,2.3656415,1.674216321134736e-13,1.3750347,0.0,1.4570347000000001,0.0,0.07114701601138101,1
2012-07-23 02:00:00+00:00,0.03406485,0.09616175734962502,0.03541977940875,0.0,0.062,3.0781414825001674,3.0781415,0.7125000174998326,1.5,0.0,1.562,0.0,0.07510233249005714,1
2012-07-23 02:30:00+00:00,0.03413865,0.09624616628412502,0.03549651480375,0.0,0.085,3.7906414825001673,3.7906415,0.7125000174998326,1.5,0.0,1.585,0.0,0.07627508678016907,1
2012-07-23 03:00:00+00:00,0.0329763,0.09491672556575002,0.0342879323325,0.0,0.063,4.503141482500167,4.5031415,0.7125000174998326,1.5,0.0,1.563,0.0,0.07417742102963364,1
2012-07-23 03:30:00+00:00,0.03310545,0.09506444120112499,0.03442221927375,0.0,0.085,5.215641482500168,5.2156415,0.712500017499833,1.5,0.0,1.585,0.0,0.07533856965189155,1
2012-07-23 04:00:00+00:00,0.03314235,0.09510664566837501,0.03446058697125,0.0,0.063,5.928141482500168,5.9281415,0.7125000174998322,1.5,0.0,1.563,0.0,0.07432584358983507,1
2012-07-23 04:30:00+00:00,0.0337881,0.09584522384525002,0.0351320216775,0.0,0.084,6.640641482500168,6.6406415,0.7125000174998322,1.5,0.0,1.584,0.0,0.07590941728543801,1
2012-07-23 05:00:00+00:00,0.0341079,0.32611099589475007,0.0354645417225,0.0,0.064,6.606957271973853,6.6069573,0.108692382500168,0.0,0.064,0.0,-0.0,0.0,1
2012-07-23 05:30:00+00:00,0.0359529,0.32822121925725,0.037382926597500005,0.0,0.069,6.570641482500169,6.5706415,0.11637707197385261,0.0,0.069,0.0,-0.0,0.0,1
2012-07-23 06:00:00+00:00,0.03689385,0.32929743317212506,0.03836130288375,0.0,0.078,6.529588850921222,6.5295889,0.12761458250016933,0.0,0.078,0.0,-0.0,0.0,1
2012-07-23 06:30:00+00:00,0.0450795,0.33865979082375003,0.046872537112499994,0.0,0.063,6.49643095618438,6.496431,0.1409901509212217,0.0,0.063,0.0,-0.0,0.0,1
2012-07-23 07:00:00+00:00,0.0590031,0.3545849431327501,0.0613499483025,0.0,0.169,6.407483587763327,6.4074836,0.1443223561843796,0.0,0.169,0.0,-0.0,0.0,1
2012-07-23 07:30:00+00:00,0.0505407,0.34490605197675006,0.052550956342499996,0.013,0.179,6.320115166710695,6.3201152,0.13217828776332663,0.0,0.166,0.0,2.7755575615628914e-17,-7.2929102121893625e-19,1
2012-07-23 08:00:00+00:00,0.06026385,0.356026929097125,0.06266084463374999,0.069,0.105,6.301167798289643,6.3011678,0.1084161667106951,0.0,0.036,0.0,6.938893903907228e-18,-2.173984764214029e-19,1
2012-07-23 08:30:00+00:00,0.05822205,0.35369161524262505,0.060537832038749996,0.1,0.237,6.229062535131748,6.2290625,0.07408829828964247,0.0,0.137,0.0,2.7755575615628914e-17,-8.401311873788841e-19,1
2012-07-23 09:00:00+00:00,0.05273625,0.34741721777812506,0.05483383434374999,0.106,0.267,6.1443256930264845,6.1443257,0.0319433351317473,0.0,0.161,2.7755575615628914e-17,0.0,4.821382429106084e-18,1
2012-07-23 09:30:00+00:00,0.0538371,0.34867631771775004,0.055978470652499994,0.113,0.1,6.150500693026484,6.1505007,0.012738406973515914,0.013,0.0,0.0,-0.0,0.0,1
2012-07-23 10:00:00+00:00,0.04546695,0.33910293772987504,0.04727539793624999,0.219,0.127,6.194200693026485,6.1942007,0.05394090697351572,0.092,0.0,0.0,-0.0,0.0,1
2012-07-23 10:30:00+00:00,0.04547925,0.33911700588562504,0.047288187168749996,0.238,0.08,6.269250693026485,6.2692507,0.09119310697351501,0.158,0.0,0.0,-0.0,0.0,1
2012-07-23 11:00:00+00:00,0.0443661,0.15744383779025,0.046130761627499996,0.163,0.096,6.301075693026485,6.3010757,0.12175470697351543,0.067,0.0,0.0,-0.0,0.0,1
2012-07-23 11:30:00+00:00,0.04340055,0.156339487563875,0.04512680687625,0.456,0.112,6.464475693026485,6.4644757,0.14399940697351532,0.344,0.0,0.0,5.551115123125783e-17,-1.2525205005456397e-18,1
2012-07-23 12:00:00+00:00,0.0401349,0.15260439221225,0.0417312656475,0.388,0.137,6.583700693026485,6.5837007,0.15738110697351448,0.251,0.0,0.0,-0.0,0.0,1
2012-07-23 12:30:00+00:00,0.03950145,0.151879882191125,0.04107262017375,0.425,0.133,6.7224006930264855,6.7224007,0.162142206973515,0.292,0.0,0.0,-0.0,0.0,1
2012-07-23 13:00:00+00:00,0.0377979,0.14993144261975,0.0393013114725,0.394,0.107,6.858725693026486,6.8587257,0.15888090697351487,0.287,0.0,0.0,5.551115123125783e-17,-1.090830522368358e-18,1
2012-07-23 13:30:00+00:00,0.03760725,0.149713386205625,0.039103078368749995,0.469,0.128,7.020700693026486,7.0207007,0.14812550697351412,0.341,0.0,5.551115123125783e-17,0.0,4.155381211502079e-18,1
2012-07-23 14:00:00+00:00,0.03856665,0.150810702354125,0.040100638503749994,0.556,0.087,7.243475693026486,7.2434757,0.13005790697351394,0.469,0.0,0.0,1.1102230246251565e-16,-2.2260326084516665e-18,1
2012-07-23 14:30:00+00:00,0.03702915,0.149052182885375,0.03850198444125,0.619,0.161,7.461025693026486,7.4610257,0.10447540697351432,0.458,0.0,0.0,-0.0,0.0,1
2012-07-23 15:00:00+00:00,0.0354486,0.1472444248715,0.03685856806499999,0.144,0.132,7.466725693026486,7.4667257,0.07100750697351366,0.012,0.0,2.7755575615628914e-17,0.0,2.0434268842503544e-18,1
2012-07-23 15:30:00+00:00,0.0343416,0.14597829085400002,0.035707537139999995,0.175,0.257,7.423567798289644,7.4235678,0.029520706973514166,0.0,0.082,1.3877787807814457e-17,0.0,1.012927872509617e-18,1
2012-07-23 16:00:00+00:00,0.0371337,0.14917176220925002,0.038610692917499995,0.163,0.423,7.2867256930264865,7.2867257,0.021514798289643977,0.0,0.26,0.0,-0.0,0.0,1
2012-07-23 16:30:00+00:00,0.04073145,0.15328669776612502,0.04235154342375,0.05,0.366,7.120409903552802,7.1204099,0.08217909302648696,0.0,0.316,0.0,-0.0,0.0,1
2012-07-23 17:00:00+00:00,0.05256405,0.166820263597625,0.05465478508875,0.0,0.549,6.831462535131749,6.8314625,0.1461277035528017,0.0,0.549,0.0,-0.0,0.0,1
2012-07-23 17:30:00+00:00,0.0541938,0.16868429423450002,0.05634935839499999,0.0,0.595,6.5183046403949065,6.5183046,0.20905943513174918,0.0,0.595,0.0,-0.0,0.0,1
2012-07-23 18:00:00+00:00,0.15277215,0.281433528492875,0.15884866226624997,0.0,0.68,5.72883095618438,5.728831,0.789473640394907,0.0,1.5,0.0,0.82,-0.06512795152916248,1
2012-07-23 18:30:00+00:00,0.1793709,0.31185591530225004,0.1865053775475,0.0,0.373,4.939357271973853,4.9393573,0.7894736561843798,0.0,1.5,0.0,1.127,-0.10509578024801625,1
2012-07-23 19:00:00+00:00,0.16905735,0.30005976670587503,0.17578160609625,0.0,0.327,4.149883587763327,4.1498836,0.7894736719738535,0.0,1.5,0.0,1.173,-0.10309591197545062,1
2012-07-23 19:30:00+00:00,0.1021884,0.22357823797100002,0.10625294361,0.0,0.212,4.038304640394906,4.0383046,0.3528110877633268,0.0,0.212,0.0,-0.0,0.0,1
2012-07-23 20:00:00+00:00,0.0748947,0.19236100036175,0.07787363669249998,0.0,0.418,3.818304640394906,3.8183046,0.3510237403949059,0.0,0.418,0.0,-0.0,0.0,1
2012-07-23 20:30:00+00:00,0.06224415,0.17789190217287498,0.06471991106625,0.0,0.456,3.5783046403949057,3.5783046,0.3388575403949061,0.0,0.456,0.0,-0.0,0.0,1
2012-07-23 21:00:00+00:00,0.0587448,0.173889511862,0.061081374419999994,0.0,0.517,3.306199377237011,3.3061994,0.31772914039490585,0.0,0.517,0.0,-0.0,0.0,1
2012-07-23 21:30:00+00:00,0.04490115,0.158055802565375,0.04668709324125,0.0,0.555,3.014094114079116,3.0140941,0.286289377237011,0.0,0.555,0.0,-0.0,0.0,1
2012-07-23 22:00:00+00:00,0.038499,0.1507333274975,0.040030297725,0.0,0.704,2.6435677982896424,2.6435678,0.2537416140791158,0.0,0.704,0.0,-0.0,0.0,1
2012-07-23 22:30:00+00:00,0.05167845,0.16580735638362498,0.05373396034874999,0.0,1.088,2.070936219342274,2.0709362,0.22384119828964222,0.0,1.088,0.0,-0.0,0.0,1
2012-07-23 23:00:00+00:00,0.04092825,0.153511788258125,0.042556171143749995,0.0,0.477,1.8198835877633264,1.8198836,0.19886521934227375,0.0,0.477,0.0,-0.0,0.0,1
2012-07-23 23:30:00+00:00,0.04037475,0.152878721249375,0.04198065568125,0.0,0.754,1.4230414825001685,1.4230415,0.17827558776332642,0.0,0.754,0.0,-0.0,0.0,1
2012-07-24 00:00:00+00:00,0.03860355,0.10135290682137499,0.040139006201249994,0.0,0.086,1.4230414825001685,1.4230415,1.7499831583833725e-08,0.0,0.0,0.086,0.0,0.004358174993319124,1
2012-07-24 00:30:00+00:00,0.03898485,0.10178901964962503,0.04053547240875,0.0,0.045,1.4230414825001685,1.4230415,1.7499831583833725e-08,0.0,0.0,0.045,0.0,0.002290252942116563,1
2012-07-24 01:00:00+00:00,0.0371091,0.09964362589775001,0.03858511445249999,0.0,0.061,1.4230414825001685,1.4230415,1.7499831583833725e-08,0.0,0.0,0.061,0.0,0.003039130589881375,1
2012-07-24 01:30:00+00:00,0.0377241,0.10034703368525001,0.039224576077500004,0.0,0.032,1.4230414825001685,1.4230415,1.7499831583833725e-08,0.0,0.0,0.032,0.0,0.0016055525389640003,1
2012-07-24 02:00:00+00:00,0.0342801,0.09640795007524999,0.03564359097749999,0.0,0.056,1.9529051225001686,1.9529051,0.5298636174998315,1.1155024,0.0,1.1715024,0.0,0.05647107244611778,1
2012-07-24 02:30:00+00:00,0.0343908,0.09653456347700001,0.03575869406999999,0.0,0.032,1.9529051225001686,1.9529051,2.2500168617156646e-08,0.0,0.0,0.032,0.0,0.0015445530156320002,1
2012-07-24 03:00:00+00:00,0.03384345,0.09590853054612498,0.03518957322374999,0.0,0.055,2.6654051225001685,2.6654051,0.7124999774998315,1.5,0.0,1.555,0.0,0.07456888249961217,1
2012-07-24 03:30:00+00:00,0.0326196,0.094508749049,0.033917044589999994,0.0,0.032,3.3779051225001684,3.3779051,0.7124999774998315,1.5,0.0,1.532,0.0,0.07239370177153401,1
2012-07-24 04:00:00+00:00,0.0322014,0.09403043175350001,0.033482210685,0.0,0.055,4.090405122500169,4.0904051,0.7124999774998315,1.5,0.0,1.555,0.0,0.07310866068834626,1
2012-07-24 04:30:00+00:00,0.0339234,0.09599997355850001,0.035272703235,0.0,0.031,4.802905122500169,4.8029051,0.7124999774998315,1.5,0.0,1.531,0.0,0.07348797975903175,1
2012-07-24 05:00:00+00:00,0.0343416,0.326378290854,0.035707537139999995,0.0,0.055,4.773957754079117,4.7739578,0.09584022250016933,0.0,0.055,0.0,-0.0,0.0,1
2012-07-24 05:30:00+00:00,0.03567,0.32789765167500007,0.03708877425,0.0,0.037,4.754484069868591,4.7544841,0.1040182540791168,0.0,0.037,0.0,-0.0,0.0,1
2012-07-24 06:00:00+00:00,0.03683235,0.32922709239337505,0.038297356721249995,0.0,0.043,4.731852490921222,4.7318525,0.11575366986859059,0.0,0.043,0.0,-0.0,0.0,1
2012-07-24 06:30:00+00:00,0.0418938,0.33501613848450007,0.043560125895,0.0,0.258,4.596063017237011,4.596063,0.12962989092122168,0.0,0.258,0.0,-0.0,0.0,1
2012-07-24 07:00:00+00:00,0.0567399,0.35199640247475006,0.0589967295225,0.0,0.196,4.492905122500169,4.4929051,0.13342731723701107,0.0,0.196,0.0,-0.0,0.0,1
2012-07-24 07:30:00+00:00,0.04920615,0.34337965707787504,0.05116332461624999,0.0,0.354,4.306589333026484,4.3065893,0.12169852250016877,0.0,0.354,0.0,-0.0,0.0,1
2012-07-24 08:00:00+00:00,0.06111255,0.35699763184387506,0.06354330167625,0.0,0.155,4.225010385658063,4.2250104,0.09831923302648438,0.0,0.155,0.0,-0.0,0.0,1
2012-07-24 08:30:00+00:00,0.0608973,0.35675143911825,0.0633194901075,0.006,0.144,4.152378806710694,4.1523788,0.06434678565806262,0.0,0.138,0.0,2.7755575615628914e-17,-8.787344478108916e-19,1
2012-07-24 09:00:00+00:00,0.0558297,0.35095535894925006,0.0580503263175,0.081,0.26,4.058168280394905,4.0581683,0.02253810671069445,0.0,0.179,0.0,-0.0,0.0,1
2012-07-24 09:30:00+00:00,0.05989485,0.35560488442462507,0.06227716765874999,0.113,0.083,4.0724182803949045,4.0724183,0.02093111960509475,0.03,0.0,0.0,-0.0,0.0,1
2012-07-24 10:00:00+00:00,0.04843125,0.3424933632656251,0.05035760296875,0.081,0.052,4.086193280394904,4.0861933,0.0618365196050954,0.029,0.0,0.0,-0.0,0.0,1
2012-07-24 10:30:00+00:00,0.04841895,0.342479295109875,0.05034481373625,0.194,0.028,4.1650432803949045,4.1650433,0.09878241960509548,0.166,0.0,0.0,-0.0,0.0,1
2012-07-24 11:00:00+00:00,0.0448458,0.1579924958645,0.046629541695,0.219,0.188,4.179768280394905,4.1797683,0.12902271960509548,0.031,0.0,0.0,-0.0,0.0,1
2012-07-24 11:30:00+00:00,0.04341285,0.156353555719625,0.04513959610875,0.144,0.028,4.234868280394905,4.2348683,0.15092851960509535,0.116,0.0,2.7755575615628914e-17,0.0,2.1698414692742502e-18,1
2012-07-24 12:00:00+00:00,0.0467769,0.16020119631725,0.048637451197499994,0.213,0.047,4.313718280394905,4.3137183,0.16395311960509495,0.166,0.0,2.7755575615628914e-17,0.0,2.2232382090488222e-18,1
2012-07-24 12:30:00+00:00,0.04420005,0.157253917687625,0.04595810698875,0.413,0.033,4.494218280394906,4.4942183,0.168340319605095,0.38,0.0,5.551115123125783e-17,0.0,4.364673003232761e-18,1
2012-07-24 13:00:00+00:00,0.0420537,0.15479902450925,0.0437263859175,0.15,0.038,4.547418280394906,4.5474183,0.16469061960509457,0.112,0.0,0.0,-0.0,0.0,1
2012-07-24 13:30:00+00:00,0.03975975,0.15217531346187502,0.04134119405625,0.294,0.042,4.667118280394906,4.6671183,0.1535350196050942,0.252,0.0,0.0,-0.0,0.0,1
2012-07-24 14:00:00+00:00,0.0399504,0.152393369876,0.041539427159999996,0.031,0.045,4.659749859342274,4.6597499,0.135058219605094,0.0,0.014,0.0,1.734723475976807e-18,-3.602970973654029e-20,1
2012-07-24 14:30:00+00:00,0.03963675,0.152034631904375,0.04121330173125,0.025,0.506,4.406591964605433,4.406592,0.10906024065772524,0.0,0.481,0.0,-0.0,0.0,1
2012-07-24 15:00:00+00:00,0.03921855,0.15155631460887498,0.04077846782624999,0.05,0.299,4.406591964605433,4.406592,0.07517383539456723,0.0,0.0,0.249,0.0,0.018868761168804933,1
2012-07-24 15:30:00+00:00,0.03832065,0.15052933923912498,0.039844853853749994,0.013,0.325,4.406591964605433,4.406592,0.03326963539456784,0.0,0.0,0.312,0.0,0.023482576921303497,1
2012-07-24 16:00:00+00:00,0.04282245,0.155678284243625,0.04452571294874999,0.0,0.343,4.2260656488159585,4.2260656,0.017815964605432555,0.0,0.343,0.0,-0.0,0.0,1
2012-07-24 16:30:00+00:00,0.04619265,0.159532958919125,0.04802996265375,0.0,0.634,3.8923814382896427,3.8923814,0.07892014881595877,0.0,0.634,0.0,-0.0,0.0,1
2012-07-24 17:00:00+00:00,0.05923065,0.17444520401412503,0.06158654910375,0.0,0.423,3.669749859342274,3.6697499,0.14328483828964256,0.0,0.423,0.0,-0.0,0.0,1
2012-07-24 17:30:00+00:00,0.06388005,0.179762966887625,0.06642087898874999,0.0,0.542,3.3844867014475373,3.3844867,0.20659955934227403,0.0,0.542,0.0,-0.0,0.0,1
2012-07-24 18:00:00+00:00,0.14461725,0.272106341230625,0.15036940111875,0.0,0.648,3.04343406986859,3.0434341,0.2639424014475371,0.0,0.648,0.0,-0.0,0.0,1
2012-07-24 18:30:00+00:00,0.08916885,0.208687095109625,0.09271554100875,0.0,0.503,2.7786972277633266,2.7786972,0.3105542698685899,0.0,0.503,0.0,-0.0,0.0,1
2012-07-24 19:00:00+00:00,0.08916885,0.208687095109625,0.09271554100875,0.0,0.61,2.4576445961843794,2.4576446,0.3425937277633264,0.0,0.61,0.0,-0.0,0.0,1
2012-07-24 19:30:00+00:00,0.0704667,0.18729646429175,0.0732695129925,0.006,0.423,2.238170911973853,2.2381709,0.3514120961843794,0.0,0.417,0.0,-0.0,0.0,1
2012-07-24 20:00:00+00:00,0.0515862,0.1657018452155,0.05363804110499999,0.0,0.221,2.1218551225001687,2.1218551,0.3497803119738532,0.0,0.221,0.0,-0.0,0.0,1
2012-07-24 20:30:00+00:00,0.05164155,0.165765151916375,0.05369559265124999,0.0,0.295,1.966591964605432,1.966592,0.3377490225001687,0.0,0.295,0.0,-0.0,0.0,1
2012-07-24 21:00:00+00:00,0.0505653,0.16453418828825,0.0525765348075,0.0,0.211,1.8555393330264847,1.8555393,0.316734864605432,0.0,0.211,0.0,-0.0,0.0,1
2012-07-24 21:30:00+00:00,0.04417545,0.157225781376125,0.045932528523749995,0.0,0.332,1.6808024909212216,1.6808025,0.28537513302648465,0.0,0.332,0.0,-0.0,0.0,1
2012-07-24 22:00:00+00:00,0.03567615,0.14750468575287498,0.03709516886624999,0.0,0.156,1.59872716986859,1.5987272,0.08207529092122168,0.0,0.15594311,5.689000000000388e-05,0.0,4.195770786240815e-06,1
2012-07-24 22:30:00+00:00,0.04900935,0.162754566585875,0.050958696896249996,0.0,0.09,1.5513587488159586,1.5513587,0.22305066986859012,0.0,0.09,0.0,-0.0,0.0,1
2012-07-24 23:00:00+00:00,0.04035015,0.152850584937875,0.04195507721625,0.0,0.089,1.5045166435528008,1.5045166,0.19811984881595857,0.0,0.089,0.0,-0.0,0.0,1
2012-07-24 23:30:00+00:00,0.03929235,0.151640723543375,0.04085520322124999,0.0,0.208,1.3950429593422744,1.395043,0.1775567435528007,0.0,0.208,0.0,-0.0,0.0,1
2012-07-25 00:00:00+00:00,0.03525795,0.09752636845737502,0.03666033496125,0.0,0.283,1.3950429593422744,1.395043,4.0657725630666164e-08,0.0,0.0,0.283,0.0,0.013799981136718563,1
2012-07-25 00:30:00+00:00,0.0334929,0.09550758810725002,0.034825080097499996,0.0,0.092,1.3950429593422744,1.395043,4.0657725630666164e-08,0.0,0.0,0.092,0.0,0.004393349052933501,1
2012-07-25 01:00:00+00:00,0.0365187,0.09896835442175002,0.0379712312925,0.0,0.028,1.3950429593422744,1.395043,4.0657725630666164e-08,0.0,0.0,0.028,0.0,0.0013855569619045003,1
2012-07-25 01:30:00+00:00,0.0371091,0.09964362589775001,0.03858511445249999,0.0,0.055,1.3950429593422744,1.395043,4.0657725630666164e-08,0.0,0.0,0.055,0.0,0.0027401997121881253,1
2012-07-25 02:00:00+00:00,0.03381885,0.09588039423462501,0.03516399475874999,0.0,0.026,1.3950429593422744,1.395043,4.0657725630666164e-08,0.0,0.0,0.026,0.0,0.001246445125050125,1
2012-07-25 02:30:00+00:00,0.0325581,0.09443840827025,0.03385309842749999,0.0,0.052,1.3950429593422744,1.395043,0.26998294065772566,0.0,0.0,0.052,0.0,0.0024553986150265,1
2012-07-25 03:00:00+00:00,0.0321522,0.09397415913049999,0.033431053754999995,0.0,0.027,2.1075429593422745,2.107543,0.7125000406577258,1.5,0.0,1.527,0.0,0.07174927049613673,1
2012-07-25 03:30:00+00:00,0.03226905,0.094107806610125,0.03355255146375,0.0,0.051,2.8200429593422744,2.820043,0.7125000406577255,1.5,0.0,1.551,0.0,0.07298060402615193,1
2012-07-25 04:00:00+00:00,0.03228135,0.094121874765875,0.033565340696249994,0.0,0.028,3.5325429593422744,3.532543,0.7125000406577255,1.5,0.0,1.528,0.0,0.0719091123211285,1
2012-07-25 04:30:00+00:00,0.032349,0.09419924962250001,0.033635681475000005,0.0,0.042,4.119982916842274,4.1199829,0.5874399406577258,1.2367157,0.0,1.2787157,0.0,0.06022702971025492,1
2012-07-25 05:00:00+00:00,0.0324105,0.32416959040125004,0.0336996276375,0.0,0.035,4.101561864210695,4.1015619,0.09426661684227433,0.0,0.035,0.0,-0.0,0.0,1
2012-07-25 05:30:00+00:00,0.03349905,0.325414622185125,0.03483147471375,0.0,0.03,4.085772390526484,4.0857724,0.10229526421069535,0.0,0.03,0.0,-0.0,0.0,1
2012-07-25 06:00:00+00:00,0.03595905,0.328228253335125,0.03738932121374999,0.0,0.047,4.061035548421222,4.0610355,0.11387369052648433,0.0,0.047,0.0,-0.0,0.0,1
2012-07-25 06:30:00+00:00,0.0416601,0.33474884352525,0.04331713047749999,0.0,0.027,4.046825022105432,4.046825,0.12758654842122175,0.0,0.027,0.0,-0.0,0.0,1
2012-07-25 07:00:00+00:00,0.0406515,0.33359525475375,0.0422684134125,0.0,0.222,3.9299829168422744,3.9299829,0.13117832210543234,0.0,0.222,0.0,-0.0,0.0,1
2012-07-25 07:30:00+00:00,0.04009185,0.332955153667125,0.04168650333374999,0.0,0.194,3.8278776536843795,3.8278777,0.11919001684227437,0.0,0.194,0.0,-0.0,0.0,1
2012-07-25 08:00:00+00:00,0.0489663,0.34310532804075,0.050913934582499994,0.0,0.141,3.75366712736859,3.7536671,0.0955169536843794,0.0,0.141,0.0,-0.0,0.0,1
2012-07-25 08:30:00+00:00,0.04742265,0.341339774494125,0.049308885903749995,0.05,0.148,3.702088180000169,3.7020882,0.06122442736859002,0.0,0.098,0.0,1.3877787807814457e-17,-3.421491278059879e-19,1
2012-07-25 09:00:00+00:00,0.04392945,0.337344418261125,0.045676743873749995,0.1,0.093,3.7054131800001686,3.7054132,0.019080180000168756,0.007,0.0,0.0,-0.0,0.0,1
2012-07-25 09:30:00+00:00,0.0431976,0.336507362994,0.044915784539999996,0.081,0.277,3.6022552852633263,3.6022553,0.02435701999983131,0.0,0.196,0.0,-0.0,0.0,1
2012-07-25 10:00:00+00:00,0.0397044,0.332512006761,0.041283642509999996,0.175,0.075,3.649755285263326,3.6497553,0.06555841473667368,0.1,0.0,0.0,-0.0,0.0,1
2012-07-25 10:30:00+00:00,0.0396183,0.33241352967075005,0.0411941178825,0.331,0.029,3.7932052852633262,3.7932053,0.10278111473667373,0.302,0.0,0.0,-0.0,0.0,1
2012-07-25 11:00:00+00:00,0.03929235,0.151640723543375,0.04085520322124999,0.694,0.048,4.100055285263326,4.1000553,0.13327131473667375,0.646,0.0,1.1102230246251565e-16,0.0,8.417751137433648e-18,1
2012-07-25 11:30:00+00:00,0.0385851,0.15083180458774997,0.040119822352499994,0.763,0.027,4.449655285263326,4.4496553,0.1553951147366739,0.736,0.0,0.0,-0.0,0.0,1
2012-07-25 12:00:00+00:00,0.0350919,0.14683644835475002,0.0364876803225,0.756,0.05,4.785005285263326,4.7850053,0.16860331473667411,0.706,0.0,0.0,-0.0,0.0,1
2012-07-25 12:30:00+00:00,0.0346122,0.14628779028049999,0.035988900255,0.756,0.027,5.131280285263326,5.1312803,0.1731392147366746,0.729,0.0,0.0,-0.0,0.0,1
2012-07-25 13:00:00+00:00,0.03444,0.14609083609999998,0.035809851,0.744,0.05,5.460930285263326,5.4609303,0.1696037147366738,0.694,0.0,0.0,-0.0,0.0,1
2012-07-25 13:30:00+00:00,0.0343416,0.14597829085400002,0.035707537139999995,0.706,0.027,5.783455285263326,5.7834553,0.1585290147366738,0.679,0.0,1.1102230246251565e-16,0.0,8.103422980076936e-18,1
2012-07-25 14:00:00+00:00,0.03383115,0.145394462390375,0.035176783991249995,0.669,0.041,6.081755285263326,6.0817553,0.14010051473667406,0.628,0.0,0.0,-0.0,0.0,1
2012-07-25 14:30:00+00:00,0.03383115,0.145394462390375,0.035176783991249995,0.594,0.035,6.347280285263326,6.3472803,0.11411961473667365,0.559,0.0,1.1102230246251565e-16,0.0,8.071013989939536e-18,1
2012-07-25 15:00:00+00:00,0.0343416,0.14597829085400002,0.035707537139999995,0.513,0.03,6.576705285263326,6.5767053,0.08022071473667403,0.483,0.0,0.0,-0.0,0.0,1
2012-07-25 15:30:00+00:00,0.03444615,0.146097870177875,0.03581624561625,0.413,0.047,6.750555285263326,6.7505553,0.03827731473667395,0.366,0.0,0.0,-0.0,0.0,1
2012-07-25 16:00:00+00:00,0.03469215,0.14637923329287497,0.03607203026624999,0.306,0.027,6.883080285263326,6.8830803,0.01233558526332601,0.279,0.0,5.551115123125783e-17,0.0,4.0628398782181766e-18,1
2012-07-25 16:30:00+00:00,0.03437235,0.146013461243375,0.03573951022125,0.144,0.234,6.835711864210695,6.8357119,0.07352668526332629,0.0,0.09,2.7755575615628914e-17,0.0,2.0263438322200983e-18,1
2012-07-25 17:00:00+00:00,0.03736125,0.149432023090625,0.038847293718749995,0.0,0.066,6.8009750221054315,6.800975,0.1379889642106953,0.0,0.066,0.0,-0.0,0.0,1
2012-07-25 17:30:00+00:00,0.03736125,0.149432023090625,0.038847293718749995,0.0,0.111,6.742553969473852,6.742554,0.20140422210543107,0.0,0.111,0.0,-0.0,0.0,1
2012-07-25 18:00:00+00:00,0.0452886,0.1584989494715,0.047089954064999995,0.0,0.122,6.678343443158063,6.6783434,0.2588433694738521,0.0,0.122,0.0,-0.0,0.0,1
2012-07-25 18:30:00+00:00,0.0454977,0.15873810811925002,0.0473073710175,0.0,0.268,6.5372908115791155,6.5372908,0.3055426431580628,0.0,0.268,0.0,-0.0,0.0,1
2012-07-25 19:00:00+00:00,0.0441324,0.157176542831,0.04588776620999999,0.0,0.264,6.398343443158063,6.3983434,0.33765871157911587,0.0,0.264,0.0,-0.0,0.0,1
2012-07-25 19:30:00+00:00,0.03971055,0.152119040838875,0.04129003712625,0.0,0.342,6.218343443158063,6.2183434,0.3465216431580629,0.0,0.342,0.0,-0.0,0.0,1
2012-07-25 20:00:00+00:00,0.04014105,0.152611426290125,0.04173766026374999,0.0,0.188,6.11939607473701,6.1193961,0.3449525431580627,0.0,0.188,0.0,-0.0,0.0,1
2012-07-25 20:30:00+00:00,0.0413526,0.1539971396315,0.042997399665000005,0.0,0.154,6.038343443158063,6.0383434,0.33300267473701073,0.0,0.154,0.0,-0.0,0.0,1
2012-07-25 21:00:00+00:00,0.0407499,0.15330779999975,0.04237072727249999,0.0,0.285,5.888343443158063,5.8883434,0.3120884431580633,0.0,0.285,0.0,-0.0,0.0,1
2012-07-25 21:30:00+00:00,0.0360267,0.14790562819175002,0.037459661992500004,0.0,0.351,5.7036066010528,5.7036066,0.2808333431580632,0.0,0.351,0.0,-0.0,0.0,1
2012-07-25 22:00:00+00:00,0.03423705,0.145858711530125,0.03559882866375,0.0,0.165,5.616764495789642,5.6167645,0.2484833010527998,0.0,0.165,0.0,-0.0,0.0,1
2012-07-25 22:30:00+00:00,0.03801315,0.150177635345375,0.03952512304125,0.0,0.133,5.546764495789642,5.5467645,0.21879829578964216,0.0,0.133,0.0,-0.0,0.0,1
2012-07-25 23:00:00+00:00,0.0337512,0.14530301937800003,0.03509365398,0.0,0.521,5.272553969473853,5.272554,0.1940528957896417,0.0,0.521,0.0,-0.0,0.0,1
2012-07-25 23:30:00+00:00,0.0345384,0.146203381346,0.03591216485999999,0.0,0.709,4.899396074737011,4.8993961,0.173693869473853,0.0,0.709,0.0,-0.0,0.0,1
2012-07-26 00:00:00+00:00,0.0336774,0.0957186104435,0.035016918585,0.0,0.244,4.899396074737011,4.8993961,2.5262989034047223e-08,0.0,0.0,0.244,0.0,0.011677670474107,1
2012-07-26 00:30:00+00:00,0.0339603,0.09604217802575002,0.0353110709325,0.0,0.647,4.899396074737011,4.8993961,2.5262989034047223e-08,0.0,0.0,0.647,0.0,0.03106964459133013,1
2012-07-26 01:00:00+00:00,0.03451995,0.09668227911237502,0.03589298101125,0.0,0.07,4.899396074737011,4.8993961,2.5262989034047223e-08,0.0,0.0,0.07,0.0,0.003383879768933126,1
2012-07-26 01:30:00+00:00,0.03390495,0.09597887132487501,0.03525351938625,0.0,0.044,4.899396074737011,4.8993961,2.5262989034047223e-08,0.0,0.0,0.044,0.0,0.00211153516914725,1
2012-07-26 02:00:00+00:00,0.03255195,0.09443137419237502,0.033846703811250003,0.0,0.067,4.899396074737011,4.8993961,2.5262989034047223e-08,0.0,0.0,0.067,0.0,0.0031634510354445634,1
2012-07-26 02:30:00+00:00,0.03132195,0.093024558617375,0.032567780561249995,0.0,0.043,4.899396074737011,4.8993961,2.5262989034047223e-08,0.0,0.0,0.043,0.0,0.0020000280102735624,1
2012-07-26 03:00:00+00:00,0.030504,0.09208902626,0.0317172966,0.0,0.092,5.265717190987011,5.2657172,0.36632112526298943,0.77120235,0.0,0.86320235,0.0,0.039745731938421854,1
2012-07-26 03:30:00+00:00,0.0296061,0.09106205089025,0.030783682627499996,0.0,0.134,5.97821719098701,5.9782172,0.7125000090129889,1.5,0.0,1.634,0.0,0.07439769557733425,1
2012-07-26 04:00:00+00:00,0.0262851,0.08726364883775001,0.027330589852499997,0.0,0.084,6.6907171909870105,6.6907172,0.7125000090129898,1.5,0.0,1.584,0.0,0.06911280987949801,1
2012-07-26 04:30:00+00:00,0.02763195,0.08880411189237501,0.02873101081125,0.0,0.043,7.403217190987011,7.4032172,0.7125000090129898,1.5,0.0,1.543,0.0,0.06851237232496732,1
2012-07-26 05:00:00+00:00,0.03023955,0.321686560911375,0.03144232810124999,0.0,0.07,7.366375085723853,7.3663751,0.09366029098701123,0.0,0.07,0.0,-0.0,0.0,1
2012-07-26 05:30:00+00:00,0.0331854,0.3250558842135,0.034505349284999993,0.0,0.044,7.34321719098701,7.3432172,0.1020709857238522,0.0,0.044,0.0,-0.0,0.0,1
2012-07-26 06:00:00+00:00,0.0336528,0.32559047413200004,0.03499134011999999,0.006,0.068,7.310585612039642,7.3105856,0.11404229098701002,0.0,0.062,6.938893903907228e-18,0.0,1.1296188780623996e-18,1
2012-07-26 06:30:00+00:00,0.03750885,0.33000084095962506,0.03900076450875,0.0,0.044,7.2874277173027995,7.2874277,0.12815801203964217,0.0,0.044,0.0,-0.0,0.0,1
2012-07-26 07:00:00+00:00,0.04011645,0.332983289978625,0.041712081798749995,0.0,0.254,7.153743506776483,7.1537435,0.13212451730279984,0.0,0.254,0.0,-0.0,0.0,1
2012-07-26 07:30:00+00:00,0.0389295,0.33162571294875004,0.040477920862499996,0.0,0.43,6.927427717302799,6.9274277,0.12046890677648303,0.0,0.43,0.0,-0.0,0.0,1
2012-07-26 08:00:00+00:00,0.04278555,0.336036079776375,0.04448734525124999,0.0,0.369,6.73321719098701,6.7332172,0.12653611730279923,0.0,0.369,0.0,-0.0,0.0,1
2012-07-26 08:30:00+00:00,0.04170315,0.33479808207037504,0.04336189279125,0.106,0.477,6.537954033092273,6.537954,0.0631007909870096,0.0,0.371,0.0,-0.0,0.0,1
2012-07-26 09:00:00+00:00,0.03966135,0.332462768215875,0.041238880196249994,0.1,0.25,6.459006664671221,6.4590067,0.02123553309227333,0.0,0.15,0.0,-0.0,0.0,1
2012-07-26 09:30:00+00:00,0.0396183,0.33241352967075005,0.0411941178825,0.156,0.337,6.363743506776484,6.3637435,0.022159935328779135,0.0,0.181,2.7755575615628914e-17,0.0,4.613164429217304e-18,1
2012-07-26 10:00:00+00:00,0.03958755,0.33237835928137505,0.041162144801249995,0.088,0.289,6.257954033092274,6.257954,0.06309999322351612,0.0,0.201,0.0,2.7755575615628914e-17,-5.712395112662804e-19,1
2012-07-26 10:30:00+00:00,0.03956295,0.33235022296987504,0.04113656633625,0.15,0.228,6.216901401513327,6.2169014,0.1000437669077261,0.0,0.078,1.3877787807814457e-17,0.0,2.306142936127874e-18,1
2012-07-26 11:00:00+00:00,0.03674625,0.14872861530312498,0.03820783209375,0.163,0.293,6.148480348881748,6.1484803,0.1302320984866734,0.0,0.13,0.0,2.7755575615628914e-17,-5.302401863936656e-19,1
2012-07-26 11:30:00+00:00,0.03440925,0.146055665710625,0.03577787791875,0.219,0.614,5.9405856120396425,5.9405856,0.15202815111825263,0.0,0.395,0.0,-0.0,0.0,1
2012-07-26 12:00:00+00:00,0.03442155,0.146069733866375,0.035790667151250004,0.163,1.218,5.385322454144906,5.3853225,0.1648822879603573,0.0,1.055,0.0,-0.0,0.0,1
2012-07-26 12:30:00+00:00,0.0344646,0.1461189724115,0.03583542946499999,0.35,0.183,5.464647454144906,5.4646475,0.1690394458550939,0.167,0.0,0.0,-0.0,0.0,1
2012-07-26 13:00:00+00:00,0.0343416,0.14597829085400002,0.035707537139999995,0.194,0.276,5.421489559408064,5.4214896,0.16510294585509389,0.0,0.082,1.3877787807814457e-17,0.0,1.012927872509617e-18,1
2012-07-26 13:30:00+00:00,0.03412635,0.145732098128375,0.03548372557125,0.088,0.318,5.300436927829117,5.3004369,0.15360784059193566,0.0,0.23,0.0,-0.0,0.0,1
2012-07-26 14:00:00+00:00,0.0338988,0.14547183724700002,0.03524712477,0.069,0.201,5.230963243618591,5.2309632,0.13474257217088326,0.0,0.132,0.0,-0.0,0.0,1
2012-07-26 14:30:00+00:00,0.0337389,0.14528895122225002,0.0350808647475,0.138,0.463,5.059910612039643,5.0599106,0.10831165638140927,0.0,0.325,0.0,-0.0,0.0,1
2012-07-26 15:00:00+00:00,0.033825,0.1453874283125,0.035170389375,0.263,0.278,5.052015875197538,5.0520159,0.07395308796035671,0.0,0.015,1.3877787807814457e-17,0.0,1.0088279400223555e-18,1
2012-07-26 15:30:00+00:00,0.0339849,0.14557031433724998,0.035336649397499996,0.369,0.382,5.04517376993438,5.0451738,0.031544824802461235,0.0,0.013,1.214306433183765e-17,0.0,8.838348459015276e-19,1
2012-07-26 16:00:00+00:00,0.03418785,0.145802438907125,0.035547671733749994,0.213,0.415,4.938857980460696,4.938858,0.02030956993438071,0.0,0.202,0.0,2.7755575615628914e-17,-4.933230453828263e-19,1
2012-07-26 16:30:00+00:00,0.0365187,0.14846835442175,0.0379712312925,0.069,0.342,4.79517376993438,4.7951738,0.08200568046069634,0.0,0.273,0.0,-0.0,0.0,1
2012-07-26 17:00:00+00:00,0.0378225,0.14995957893125,0.0393268899375,0.0,0.331,4.620963243618591,4.6209632,0.1469545699343806,0.0,0.331,0.0,-0.0,0.0,1
2012-07-26 17:30:00+00:00,0.03880035,0.15107799731337498,0.04034363392125,0.0,0.424,4.397805348881748,4.3978053,0.2108283436185907,0.0,0.424,0.0,-0.0,0.0,1
2012-07-26 18:00:00+00:00,0.0475272,0.161059353818,0.04941759438,0.0,0.557,4.1046474541449065,4.1046475,0.26868934888174856,0.0,0.557,0.0,-0.0,0.0,1
2012-07-26 18:30:00+00:00,0.0481545,0.16177682976125002,0.0500698452375,0.0,0.192,4.003594822565959,4.0035948,0.31576775414490665,0.0,0.192,0.0,-0.0,0.0,1
2012-07-26 19:00:00+00:00,0.0477978,0.16136885324449998,0.049698957494999994,0.0,0.323,3.833594822565959,3.8335948,0.3482170225659589,0.0,0.323,0.0,-0.0,0.0,1
2012-07-26 19:30:00+00:00,0.04213365,0.154890467521625,0.04380951592875,0.0,0.202,3.727279033092275,3.727279,0.35734482256595923,0.0,0.202,0.0,-0.0,0.0,1
2012-07-26 20:00:00+00:00,0.0396675,0.15206980229375,0.041245274812499996,0.0,0.312,3.5630685067764856,3.5630685,0.35602173309227503,0.0,0.312,0.0,-0.0,0.0,1
2012-07-26 20:30:00+00:00,0.04620495,0.159547027074875,0.04804275188625,0.0,0.229,3.442542190987012,3.4425422,0.34429810677648565,0.0,0.229,0.0,-0.0,0.0,1
2012-07-26 21:00:00+00:00,0.04458135,0.157690030515875,0.04635457319624999,0.0,0.104,3.387805348881749,3.3878053,0.323589790987012,0.0,0.104,0.0,-0.0,0.0,1
2012-07-26 21:30:00+00:00,0.03966135,0.152062768215875,0.041238880196249994,0.0,0.125,3.3220158751975384,3.3220159,0.2925055488817492,0.0,0.125,0.0,-0.0,0.0,1
2012-07-26 22:00:00+00:00,0.03634035,0.14826436616337502,0.03778578742125,0.0,0.317,3.1551737699343807,3.1551738,0.26031247519753853,0.0,0.317,0.0,-0.0,0.0,1
2012-07-26 22:30:00+00:00,0.04311765,0.156015919981625,0.044832654528749995,0.006,0.248,3.027805348881749,3.0278053,0.23077176993438053,0.0,0.242,0.0,-0.0,0.0,1
2012-07-26 23:00:00+00:00,0.03659865,0.14855979743412498,0.03805436130375,0.0,0.158,2.944647454144907,2.9446475,0.20615664888174923,0.0,0.158,0.0,-0.0,0.0,1
2012-07-26 23:30:00+00:00,0.0362973,0.14821512761825,0.03774102510749999,0.0,0.197,2.840963243618591,2.8409632,0.18590565414490667,0.0,0.197,0.0,-0.0,0.0,1
2012-07-27 00:00:00+00:00,0.0342555,0.09637981376375002,0.035618012512500005,0.0,0.059,2.840963243618591,2.8409632,4.361859096135845e-08,0.0,0.0,0.059,0.0,0.002843204506030625,1
2012-07-27 00:30:00+00:00,0.0339234,0.09599997355850001,0.035272703235,0.0,0.029,2.854158560268591,2.8541586,0.013195356381408896,0.027779614,0.0,0.056779614000000006,0.0,0.0027254207213309187,1
2012-07-27 01:00:00+00:00,0.03822225,0.10091679399312502,0.03974253999375,0.0,0.053,2.854158560268591,2.8541586,3.9731408829624115e-08,0.0,0.0,0.053,0.0,0.002674295040817813,1
2012-07-27 01:30:00+00:00,0.03846825,0.10119815710812499,0.03999832464375,0.0,0.029,2.854158560268591,2.8541586,3.9731408829624115e-08,0.0,0.0,0.029,0.0,0.0014673732780678124,1
2012-07-27 02:00:00+00:00,0.03443385,0.09658380202212502,0.03580345638375,0.0,0.052,2.867353876918591,2.8673539,0.01319533973140885,0.027779614,0.0,0.079779614,0.0,0.003852709221988777,1
2012-07-27 02:30:00+00:00,0.03321,0.09518402052500002,0.03453092775,0.0,0.032,3.579853876918591,3.5798539,0.7125000230814087,1.5,0.0,1.532,0.0,0.07291095972215002,1
2012-07-27 03:00:00+00:00,0.032349,0.09419924962250001,0.033635681475000005,0.0,0.049,4.292353876918591,4.2923539,0.7125000230814091,1.5,0.0,1.549,0.0,0.07295731883262625,1
2012-07-27 03:30:00+00:00,0.03140805,0.09312303570762501,0.03265730518875,0.0,0.033,5.004853876918592,5.0048539,0.7125000230814083,1.5,0.0,1.533,0.0,0.07137880686989456,1
2012-07-27 04:00:00+00:00,0.031734,0.09349584183500001,0.032996219849999994,0.0,0.048,5.717353876918592,5.7173539,0.7125000230814083,1.5,0.0,1.548,0.0,0.07236578158029001,1
2012-07-27 04:30:00+00:00,0.0318324,0.09360838708100001,0.033098533709999996,0.0,0.033,6.4298538769185924,6.4298539,0.7125000230814083,1.5,0.0,1.533,0.0,0.0717508286975865,1
2012-07-27 05:00:00+00:00,0.03279795,0.324612737307375,0.03410248846125,0.0,0.047,6.40511703481333,6.405117,0.10548227691859235,0.0,0.047,0.0,-0.0,0.0,1
2012-07-27 05:30:00+00:00,0.0343908,0.326434563477,0.03575869406999999,0.0,0.03,6.389327561129119,6.3893276,0.11373003481332944,0.0,0.03,0.0,-0.0,0.0,1
2012-07-27 06:00:00+00:00,0.03678315,0.32917081977037504,0.03824619979125,0.0,0.069,6.353011771655435,6.3530118,0.1255193611291192,0.0,0.069,0.0,-0.0,0.0,1
2012-07-27 06:30:00+00:00,0.03937845,0.33213920063362506,0.04094472784875,0.0,0.029,6.337748613760699,6.3377486,0.1394345716554355,0.0,0.029,0.0,-0.0,0.0,1
2012-07-27 07:00:00+00:00,0.04959975,0.343829838061875,0.05157258005625,0.0,0.05,6.311432824287015,6.3114328,0.1431461137606984,0.0,0.05,0.0,-0.0,0.0,1
2012-07-27 07:30:00+00:00,0.0414756,0.334537821189,0.043125291989999995,0.0,0.035,6.2930117716554355,6.2930118,0.1311686242870147,0.0,0.035,0.0,-0.0,0.0,1
2012-07-27 08:00:00+00:00,0.0498765,0.34414637156625005,0.051860337787499995,0.0,0.221,6.1766959821817515,6.176696,0.10743517165543537,0.0,0.221,0.0,-0.0,0.0,1
2012-07-27 08:30:00+00:00,0.0499872,0.344272984968,0.05197544088,0.006,0.323,6.009853876918593,6.0098539,0.0730233821817512,0.0,0.317,0.0,-0.0,0.0,1
2012-07-27 09:00:00+00:00,0.0388557,0.33154130401425,0.040401185467499996,0.206,0.102,6.059253876918594,6.0592539,0.030720876918593376,0.104,0.0,0.0,-0.0,0.0,1
2012-07-27 09:30:00+00:00,0.03950145,0.33227988219112503,0.04107262017375,0.256,0.643,5.855569666392278,5.8555697,0.01400862308140649,0.0,0.387,0.0,-0.0,0.0,1
2012-07-27 10:00:00+00:00,0.0373797,0.32985312532425004,0.0388664775675,0.569,0.987,5.6355696663922785,5.6355697,0.05536103360772149,0.0,0.418,5.551115123125783e-17,0.0,9.155263361988742e-18,1
2012-07-27 10:30:00+00:00,0.0342924,0.32632201823100004,0.03565638021,0.706,0.212,5.870219666392279,5.8702197,0.0927102336077219,0.494,0.0,0.0,-0.0,0.0,1
2012-07-27 11:00:00+00:00,0.03443385,0.146083802022125,0.03580345638375,0.756,0.056,6.202719666392278,6.2027197,0.12328933360772165,0.7,0.0,0.0,-0.0,0.0,1
2012-07-27 11:30:00+00:00,0.03447075,0.14612600648937502,0.03584182408125,0.788,0.095,6.531894666392279,6.5318947,0.14545643360772154,0.693,0.0,0.0,1.1102230246251565e-16,-1.9896209169784074e-18,1
2012-07-27 12:00:00+00:00,0.0343662,0.1460064271655,0.035733115605,0.8,0.113,6.858219666392278,6.8582197,0.15865963360772106,0.687,0.0,0.0,-0.0,0.0,1
2012-07-27 12:30:00+00:00,0.0344646,0.1461189724115,0.03583542946499999,0.794,0.11,7.183119666392279,7.1831197,0.1631427336077218,0.684,0.0,0.0,-0.0,0.0,1
2012-07-27 13:00:00+00:00,0.0339603,0.14554217802575,0.0353110709325,0.694,0.065,7.481894666392279,7.4818947,0.15950963360772086,0.629,0.0,0.0,-0.0,0.0,1
2012-07-27 13:30:00+00:00,0.03378195,0.14533818976737498,0.03512562706124999,0.631,0.07,7.697447448142278,7.6974474,0.14829593360772098,0.45379533,0.0,0.0,0.10720467,-0.0018828156288221876,1
2012-07-27 14:00:00+00:00,0.0330009,0.14444486187724997,0.034313510797499995,0.331,0.069,7.821897448142279,7.8218974,0.12969085185772133,0.262,0.0,0.0,-0.0,0.0,1
2012-07-27 14:30:00+00:00,0.03276105,0.144170532840125,0.03406412076375,0.325,0.063,7.930637996392279,7.930638,0.1034997518577212,0.22892747,0.0,0.0,0.033072530000000044,-0.0005632933279413731,1
2012-07-27 15:00:00+00:00,0.0325335,0.14391027195875,0.0338275199625,0.506,0.076,7.999999999642279,8.0,0.06936200360772116,0.14602527,0.0,0.0,0.28397473,-0.0048030804239602735,1
2012-07-27 15:30:00+00:00,0.03390495,0.145478871324875,0.03525351938625,0.25,0.204,7.999999999642279,8.0,3.5772096396158304e-10,0.0,0.0,0.0,0.04600000000000001,-0.0008108309458837502,1
2012-07-27 16:00:00+00:00,0.03396645,0.145549212103625,0.035317465548749996,0.006,0.119,7.940526315431753,7.9405263,0.02495819964227941,0.0,0.113,0.0,1.3877787807814457e-17,-2.450641463976749e-19,1
2012-07-27 16:30:00+00:00,0.0350181,0.14675203942025,0.0364109449275,0.044,0.066,7.928947368063332,7.9289474,0.08645061543175281,0.0,0.022,6.938893903907228e-18,0.0,5.09148415859563e-19,1
2012-07-27 17:00:00+00:00,0.0331977,0.14466995236925,0.0345181385175,0.0,0.385,7.726315789115963,7.7263158,0.15119696806333138,0.0,0.385,0.0,-0.0,0.0,1
2012-07-27 17:30:00+00:00,0.03408945,0.145689893661125,0.03544535787375,0.0,0.4,7.51578947332649,7.5157895,0.214862189115963,0.0,0.4,0.0,-0.0,0.0,1
2012-07-27 18:00:00+00:00,0.03893565,0.15123274702662498,0.04048431547875,0.0,0.535,7.234210525958069,7.2342105,0.27250237332648997,0.0,0.535,0.0,-0.0,0.0,1
2012-07-27 18:30:00+00:00,0.0387819,0.15105689507975,0.0403244500725,0.0,2.01,6.444736841747543,6.4447368,0.31934332595806936,0.0,1.5,0.5099999999999998,0.0,0.03851950824533624,1
2012-07-27 19:00:00+00:00,0.03929235,0.151640723543375,0.04085520322124999,0.0,1.775,5.655263157537016,5.6552632,0.35153764174754265,0.0,1.5,0.2749999999999999,0.0,0.020850599487214055,1
2012-07-27 19:30:00+00:00,0.03571305,0.147546890220125,0.03713353656375,0.0,0.703,5.285263157537016,5.2852632,0.3603723575370159,0.0,0.703,0.0,-0.0,0.0,1
2012-07-27 20:00:00+00:00,0.0341448,0.145753200362,0.035502909420000006,0.0,0.389,5.080526315431753,5.0805263,0.3587692575370163,0.0,0.389,0.0,-0.0,0.0,1
2012-07-27 20:30:00+00:00,0.0420537,0.15479902450925,0.0437263859175,0.0,0.322,4.911052631221226,4.9110526,0.34677991543175235,0.0,0.322,0.0,-0.0,0.0,1
2012-07-27 21:00:00+00:00,0.03867735,0.15093731575587502,0.04021574159624999,0.006,0.6,4.598421052273857,4.5984211,0.3258208312212263,0.0,0.594,0.0,-0.0,0.0,1
2012-07-27 21:30:00+00:00,0.03670935,0.148686410835875,0.03816946439625,0.0,0.575,4.295789473326489,4.2957895,0.29448805227385755,0.0,0.575,0.0,-0.0,0.0,1
2012-07-27 22:00:00+00:00,0.03388035,0.145450735013375,0.03522794092124999,0.0,0.215,4.182631578589647,4.1826316,0.26207067332648926,0.0,0.215,0.0,-0.0,0.0,1
2012-07-27 22:30:00+00:00,0.04082985,0.153399243012125,0.04245385728375,0.0,0.455,3.943157894379121,3.9431579,0.23233297858964708,0.0,0.455,0.0,-0.0,0.0,1
2012-07-27 23:00:00+00:00,0.03603285,0.14791266226962502,0.03746605660874999,0.0,0.221,3.8268421049054364,3.8268421,0.20754749437912068,0.0,0.221,0.0,-0.0,0.0,1
2012-07-27 23:30:00+00:00,0.0399504,0.152393369876,0.041539427159999996,0.0,0.299,3.669473683852805,3.6694737,0.18714590490543648,0.0,0.299,0.0,-0.0,0.0,1
2012-07-28 00:00:00+00:00,0.03801315,0.100677635345375,0.03952512304125,0.0,0.188,3.669473683852805,3.6694737,1.614719513653995e-08,0.0,0.0,0.188,0.0,0.00946369772246525,1
2012-07-28 00:30:00+00:00,0.03745965,0.10004456833662499,0.03894960757874999,0.0,0.154,3.669473683852805,3.6694737,1.614719513653995e-08,0.0,0.0,0.154,0.0,0.007703431761920124,1
2012-07-28 01:00:00+00:00,0.0363711,0.09879953655275002,0.0378177605025,0.0,0.161,3.669473683852805,3.6694737,1.614719513653995e-08,0.0,0.0,0.161,0.0,0.007953362692496376,1
2012-07-28 01:30:00+00:00,0.0353379,0.09761781146975,0.036743464972499994,0.0,0.137,3.669473683852805,3.6694737,1.614719513653995e-08,0.0,0.0,0.137,0.0,0.006686820085677876,1
2012-07-28 02:00:00+00:00,0.03336375,0.09535987247187501,0.03469079315625,0.0,0.153,4.381973683852805,4.3819737,0.7125000161471946,1.5,0.0,1.653,0.0,0.07881493459800469,1
2012-07-28 02:30:00+00:00,0.03380655,0.095866326078875,0.03515120552624999,0.0,0.064,5.094473683852804,5.0944737,0.712500016147195,1.5,0.0,1.564,0.0,0.07496746699368026,1
2012-07-28 03:00:00+00:00,0.0342186,0.09633760929650001,0.035579644815000006,0.0,0.071,5.500019069852804,5.5000191,0.24518451614719527,0.85377976,0.0,0.92477976,0.0,0.04454553560209552,1
2012-07-28 03:30:00+00:00,0.03411405,0.096218029972625,0.035470936338749995,0.0,0.072,6.212519069852805,6.2125191,0.7125000301471953,1.5,0.0,1.572,0.0,0.07562737155848326,1
2012-07-28 04:00:00+00:00,0.0326934,0.0945931579835,0.03399377998499999,0.0,0.06,6.925019069852805,6.9250191,0.7125000301471953,1.5,0.0,1.56,0.0,0.07378266322713001,1
2012-07-28 04:30:00+00:00,0.03085455,0.092489968698875,0.03208178972625,0.0,0.083,7.6375190698528055,7.6375191,0.7125000301471944,1.5,0.0,1.583,0.0,0.07320581022515957,1
2012-07-28 05:00:00+00:00,0.0314634,0.32308634240850004,0.032714856735000006,0.0,0.061,7.60541380669491,7.6054138,0.1064091698528058,0.0,0.061,0.0,-0.0,0.0,1
2012-07-28 05:30:00+00:00,0.03207225,0.32378271611812504,0.033347923743749994,0.0,0.083,7.561729596168594,7.5617296,0.11476770669491021,0.0,0.083,0.0,-0.0,0.0,1
2012-07-28 06:00:00+00:00,0.03209685,0.32381085242962504,0.033373502208749996,0.0,0.217,7.447519069852805,7.4475191,0.12669079616859413,0.0,0.217,0.0,-0.0,0.0,1
2012-07-28 06:30:00+00:00,0.03385575,0.325822598701875,0.03520236245624999,0.0,0.093,7.398571701431752,7.3985717,0.14076276985280511,0.0,0.093,0.0,-0.0,0.0,1
2012-07-28 07:00:00+00:00,0.0340341,0.32602658696025005,0.0353878063275,0.0,0.085,7.353834859326489,7.3538349,0.14461670143175187,0.0,0.085,0.0,-0.0,0.0,1
2012-07-28 07:30:00+00:00,0.0335544,0.325477928886,0.03488902625999999,0.0,0.083,7.310150648800173,7.3101506,0.13275395932648948,0.0,0.083,0.0,-0.0,0.0,1
2012-07-28 08:00:00+00:00,0.0350919,0.32723644835475,0.0364876803225,0.0,0.107,7.2538348593264885,7.2538349,0.10912564880017328,0.0,0.107,0.0,-0.0,0.0,1
2012-07-28 08:30:00+00:00,0.0360759,0.32836190081475,0.037510818922499994,0.006,0.298,7.100150648800173,7.1001506,0.07481545932648892,0.0,0.292,0.0,-0.0,0.0,1
2012-07-28 09:00:00+00:00,0.03802545,0.33059170350112504,0.03953791227375,0.219,1.026,6.67541380669491,6.6754138,0.03262004880017244,0.0,0.807,0.0,-0.0,0.0,1
2012-07-28 09:30:00+00:00,0.03870195,0.331365452067375,0.040241320061249995,0.263,0.151,6.67541380669491,6.6754138,6.6949095156587646e-09,0.0,0.0,0.0,0.11200000000000002,-0.00225351392343,1
2012-07-28 10:00:00+00:00,0.03634035,0.328664366163375,0.03778578742125,0.594,0.904,6.512255911958068,6.5122559,0.05339929330509019,0.0,0.31,5.551115123125783e-17,0.0,9.122268667210304e-18,1
2012-07-28 10:30:00+00:00,0.03688155,0.32928336501637506,0.03834851365125,0.713,0.107,6.800105911958068,6.8001059,0.09057948804193217,0.606,0.0,0.0,-0.0,0.0,1
2012-07-28 11:00:00+00:00,0.0352641,0.14703340253525,0.036666729577499994,0.763,0.222,6.932069490458067,6.9320695,0.12095098804193238,0.27781806,0.0,0.0,0.26318194000000006,-0.0048250105118309156,1
2012-07-28 11:30:00+00:00,0.034563,0.1462315176575,0.035937743325,0.781,0.136,7.074938365958067,7.0749384,0.14286890954193243,0.30077658,0.0,0.0,0.34422342,-0.0061853064572068355,1
2012-07-28 12:00:00+00:00,0.0342309,0.14585167745225,0.0355924340475,0.794,0.119,7.230718981208067,7.230719,0.15578063404193276,0.32795919,0.0,0.0,0.34704081000000003,-0.00617601357085799,1
2012-07-28 12:30:00+00:00,0.03373275,0.145281917144375,0.03507447013125,0.8,0.111,7.390650559708067,7.3906506,0.15993161879193263,0.33669806,0.0,0.0,0.35230194000000004,-0.006178401935855716,1
2012-07-28 13:00:00+00:00,0.03217065,0.143495261364125,0.033450237603749995,0.681,0.117,7.567840075708068,7.5678401,0.15592804029193275,0.37303056,0.0,0.0,0.19096944000000005,-0.00319398657152754,1
2012-07-28 13:30:00+00:00,0.0320907,0.14340381835175,0.0333671075925,0.644,0.138,7.712148714208068,7.7121487,0.14430862429193247,0.30380766,0.0,0.0,0.20219234000000003,-0.0033732867815796713,1
2012-07-28 14:00:00+00:00,0.03169095,0.142946603289875,0.03295145753625,0.525,0.092,7.901392295708067,7.9013923,0.1252656857919323,0.39840754,0.0,0.0,0.03459246000000005,-0.0005699359883822141,1
2012-07-28 14:30:00+00:00,0.03110055,0.142271331813875,0.03233757437625,0.6,0.313,8.0,8.0,0.09860770429193266,0.20759517,0.0,0.0,0.07940482999999998,-0.0012838797979792432,1
2012-07-28 15:00:00+00:00,0.03204765,0.14335457980662497,0.03332234527874999,0.344,0.151,8.0,8.0,0.0,0.0,0.0,0.0,0.19299999999999998,-0.003215606319399374,1
2012-07-28 15:30:00+00:00,0.0327795,0.14419163507375,0.0340833046125,0.244,0.181,8.0,8.0,0.0,0.0,0.0,0.0,0.063,-0.00107362409529375,1
2012-07-28 16:00:00+00:00,0.0335667,0.14509199704175,0.034901815492499995,0.363,0.148,8.0,8.0,0.032075100000000134,0.0,0.0,0.0,0.215,-0.0037519451654437494,1
2012-07-28 16:30:00+00:00,0.03417555,0.145788370751375,0.03553488250125,0.188,0.223,7.981578947368421,7.9815789,0.09415779999999963,0.0,0.035,0.0,-0.0,0.0,1
2012-07-28 17:00:00+00:00,0.0352149,0.14697712991225,0.0366155726475,0.0,0.141,7.907368421052632,7.9073684,0.15949174736842053,0.0,0.141,0.0,-0.0,0.0,1
2012-07-28 17:30:00+00:00,0.0359283,0.14779308294575,0.0373573481325,0.0,0.167,7.819473684210527,7.8194737,0.22373142105263177,0.0,0.167,0.0,-0.0,0.0,1
2012-07-28 18:00:00+00:00,0.04289625,0.155762693178125,0.04460244834374999,0.0,0.399,7.609473684210527,7.6094737,0.28192388421052694,0.0,0.399,0.0,-0.0,0.0,1
2012-07-28 18:30:00+00:00,0.04833285,0.161980818019625,0.05025528910874999,0.0,0.438,7.378947368421053,7.3789474,0.32928838421052653,0.0,0.438,0.0,-0.0,0.0,1
2012-07-28 19:00:00+00:00,0.04327755,0.156198806006375,0.04499891455125,0.0,0.318,7.211578947368421,7.2115789,0.36197326842105326,0.0,0.318,0.0,-0.0,0.0,1
2012-07-28 19:30:00+00:00,0.03909555,0.15141563305137498,0.04065057550125,0.0,0.363,7.020526315789474,7.0205263,0.3712425473684213,0.0,0.363,0.0,-0.0,0.0,1
2012-07-28 20:00:00+00:00,0.038745,0.1510146906125,0.040286082375,0.0,0.42,6.799473684210526,6.7994737,0.3700666157894741,0.0,0.42,0.0,-0.0,0.0,1
2012-07-28 20:30:00+00:00,0.04130955,0.15394790108637502,0.042952637351249996,0.0,0.376,6.601578947368421,6.6015789,0.3584952842105267,0.0,0.376,0.0,-0.0,0.0,1
2012-07-28 21:00:00+00:00,0.0401964,0.15267473299099998,0.041795211809999996,0.0,0.322,6.4321052631578945,6.4321053,0.3379436473684212,0.0,0.322,0.0,-0.0,0.0,1
2012-07-28 21:30:00+00:00,0.03635265,0.14827843431912502,0.03779857665375,0.0,0.9,5.958421052631579,5.9584211,0.3069920631578942,0.0,0.9,0.0,-0.0,0.0,1
2012-07-28 22:00:00+00:00,0.03533175,0.147110777391875,0.03673707035625,0.0,0.47,5.711052631578947,5.7110526,0.27494955263157905,0.0,0.47,0.0,-0.0,0.0,1
2012-07-28 22:30:00+00:00,0.03881265,0.15109206546912501,0.040356423153749994,0.0,0.473,5.462105263157894,5.4621053,0.24558093157894678,0.0,0.473,0.0,-0.0,0.0,1
2012-07-28 23:00:00+00:00,0.0366786,0.14865124044650002,0.038137491315,0.0,0.478,5.210526315789473,5.2105263,0.22115596315789432,0.0,0.478,0.0,-0.0,0.0,1
2012-07-28 23:30:00+00:00,0.0375396,0.14963601134899998,0.03903273759,0.0,0.498,4.948421052631578,4.9484211,0.20109721578947237,0.0,0.498,0.0,-0.0,0.0,1
2012-07-29 00:00:00+00:00,0.03634035,0.09876436616337503,0.03778578742125,0.0,0.198,4.948421052631578,4.9484211,4.736842207364589e-08,0.0,0.0,0.198,0.0,0.009777672250174129,1
2012-07-29 00:30:00+00:00,0.03504885,0.09728720980962502,0.03644291800875,0.0,0.197,4.948421052631578,4.9484211,4.736842207364589e-08,0.0,0.0,0.197,0.0,0.009582790166248065,1
2012-07-29 01:00:00+00:00,0.0351411,0.09739272097775001,0.036538837252500005,0.0,0.176,4.948421052631578,4.9484211,4.736842207364589e-08,0.0,0.0,0.176,0.0,0.008570559446042,1
2012-07-29 01:30:00+00:00,0.03469215,0.096879233292875,0.03607203026624999,0.0,0.175,4.948421052631578,4.9484211,4.736842207364589e-08,0.0,0.0,0.175,0.0,0.008476932913126562,1
2012-07-29 02:00:00+00:00,0.03370815,0.095753780832875,0.03504889166625,0.0,0.164,5.660921052631577,5.6609211,0.7125000473684224,1.5,0.0,1.664,0.0,0.07966714565295199,1
2012-07-29 02:30:00+00:00,0.0342432,0.09636574560800001,0.035605223279999994,0.0,0.117,5.660921052631577,5.6609211,4.736842296182431e-08,0.0,0.0,0.117,0.0,0.005637396118068001,1
2012-07-29 03:00:00+00:00,0.033825,0.0958874283125,0.035170389375,0.0,0.051,5.782320479131577,5.7823205,0.12139944736842256,0.25557774,0.0,0.30657774,0.0,0.01469847553322913,1
2012-07-29 03:30:00+00:00,0.0324597,0.09432586302425003,0.033750784567500004,0.0,0.027,6.494820479131578,6.4948205,0.7125000208684229,1.5,0.0,1.527,0.0,0.07201779641901489,1
2012-07-29 04:00:00+00:00,0.03161715,0.093362194355375,0.03287472214124999,0.0,0.05,7.207320479131578,7.2073205,0.712500020868422,1.5,0.0,1.55,0.0,0.07235570062541563,1
2012-07-29 04:30:00+00:00,0.0321399,0.09396009097475001,0.0334182645225,0.0,0.028,7.9198204791315785,7.9198205,0.712500020868422,1.5,0.0,1.528,0.0,0.07178550950470901,1
2012-07-29 05:00:00+00:00,0.03321615,0.3250910546028751,0.03453732236625,0.0,0.037,7.900346794921052,7.9003468,0.12250257913157814,0.0,0.037,0.0,-0.0,0.0,1
2012-07-29 05:30:00+00:00,0.0314142,0.32303006978550003,0.032663699805,0.0,0.04,7.879294163342105,7.8792942,0.13089119492105272,0.0,0.04,0.0,-0.0,0.0,1
2012-07-29 06:00:00+00:00,0.03121125,0.32279794521562505,0.032452677468749996,0.006,0.028,7.867715215973684,7.8677152,0.14281376334210538,0.0,0.022,0.0,-0.0,0.0,1
2012-07-29 06:30:00+00:00,0.0321153,0.32383195466325004,0.033392686057499996,0.0,0.049,7.841925742289473,7.8419257,0.15685381597368409,0.0,0.049,0.0,-0.0,0.0,1
2012-07-29 07:00:00+00:00,0.03311775,0.324978509356875,0.034435008506249996,0.0,0.028,7.82718890018421,7.8271889,0.16060724228947354,0.0,0.028,0.0,-0.0,0.0,1
2012-07-29 07:30:00+00:00,0.03274875,0.32455646468437505,0.03405133153125,0.0,0.043,7.8045573212368415,7.8045573,0.14856200018421006,0.0,0.043,0.0,-0.0,0.0,1
2012-07-29 08:00:00+00:00,0.0345138,0.32657524503450003,0.035886586394999996,0.0,0.039,7.784031005447368,7.784031,0.12468772123684158,0.0,0.039,0.0,-0.0,0.0,1
2012-07-29 08:30:00+00:00,0.0341694,0.3261813366735001,0.035528487885,0.013,0.191,7.6903467949210516,7.6903468,0.09007450544736795,0.0,0.178,0.0,-0.0,0.0,1
2012-07-29 09:00:00+00:00,0.03605745,0.328340798581125,0.037491635073749995,0.225,0.136,7.6903467949210516,7.6903468,0.04752869492105116,0.0,0.0,0.0,0.089,-0.0016683777607818747,1
2012-07-29 09:30:00+00:00,0.03813615,0.330718316902875,0.03965301536625,0.281,1.138,7.239294163342104,7.2392942,0.0010232949210511322,0.0,0.857,0.0,1.1102230246251565e-16,-2.2011845327712944e-18,1
2012-07-29 10:00:00+00:00,0.0379332,0.33048619233300003,0.03944199303,0.613,0.271,7.239294163342104,7.2392942,3.665789538587205e-08,0.0,0.0,0.0,0.34199999999999997,-0.006744580808129999,1
2012-07-29 10:30:00+00:00,0.03769335,0.33021186329587504,0.03919260299625,0.725,0.719,7.239294163342104,7.2392942,3.665789538587205e-08,0.0,0.0,0.0,0.006000000000000005,-0.0001175778089887501,1
2012-07-29 11:00:00+00:00,0.03813615,0.150318316902875,0.03965301536625,0.769,0.06,7.239294163342104,7.2392942,3.665789538587205e-08,0.0,0.0,0.0,0.7090000000000001,-0.014056993947335627,1
2012-07-29 11:30:00+00:00,0.0374535,0.14953753425875002,0.0389432129625,0.819,0.123,7.239294163342104,7.2392942,3.665789538587205e-08,0.0,0.0,0.0,0.696,-0.013552238110949999,1
2012-07-29 12:00:00+00:00,0.0359898,0.1478634237245,0.037421294295000004,0.338,0.094,7.298038121092104,7.2980381,0.0587439366578959,0.12367149,0.0,0.0,0.12032851000000003,-0.002251424292394426,1
2012-07-29 12:30:00+00:00,0.0350796,0.146822380199,0.03647489109,0.163,0.105,7.325588121092104,7.3255881,0.14913377890789548,0.058,0.0,0.0,-0.0,0.0,1
2012-07-29 13:00:00+00:00,0.0352518,0.14701933437950002,0.036653940345,0.244,0.13,7.379738121092104,7.3797381,0.14551917890789579,0.114,0.0,0.0,-0.0,0.0,1
2012-07-29 13:30:00+00:00,0.03449535,0.146154142800875,0.03586740254625,0.131,0.305,7.379738121092104,7.3797381,0.13429007890789624,0.0,0.0,0.174,0.0,0.012715410423676124,1
2012-07-29 14:00:00+00:00,0.0344769,0.14613304056725002,0.035848218697499996,0.144,0.385,7.379738121092104,7.3797381,0.11564027890789585,0.0,0.0,0.24100000000000002,0.0,0.017609031388353628,1
2012-07-29 14:30:00+00:00,0.03444,0.14609083609999998,0.035809851,0.206,0.76,7.932000813592104,7.9320008,0.5522626789078959,1.1626583,0.0,1.7166583,0.0,0.1253940231725023,1
2012-07-29 15:00:00+00:00,0.03445845,0.146111938333625,0.035829034848750003,0.469,0.571,7.9871530778421045,7.9871531,0.05515228640789527,0.11611003,0.0,0.21811002999999995,0.0,0.01593423962665255,1
2012-07-29 15:30:00+00:00,0.0346737,0.14635813105925,0.0360528464175,0.475,0.478,8.0,8.0,0.012846922157895513,0.027046152,0.0,0.030046152000000048,0.0,0.0021987493261210766,1
2012-07-29 16:00:00+00:00,0.03685695,0.148855228704875,0.03832293518625,0.325,0.434,8.0,8.0,0.0,0.0,0.0,0.10899999999999999,0.0,0.008112609964415686,1
2012-07-29 16:30:00+00:00,0.04052235,0.153047539118375,0.04213412647125,0.175,1.656,8.0,8.0,0.0,0.0,0.0,1.4809999999999999,0.0,0.11333170271715667,1
2012-07-29 17:00:00+00:00,0.0446736,0.157795541684,0.04645049244,0.0,0.686,8.0,8.0,0.0,0.0,0.0,0.686,0.0,0.05412387079761201,1
2012-07-29 17:30:00+00:00,0.04028865,0.152780244159125,0.041891131053749996,0.0,1.065,8.0,8.0,0.0,0.0,0.0,1.065,0.0,0.08135548001473406,1
2012-07-29 18:00:00+00:00,0.06819735,0.18470088955587502,0.07090989959625,0.0,0.791,7.583684210526315,7.5836842,0.2886338000000004,0.0,0.791,0.0,-0.0,0.0,1
2012-07-29 18:30:00+00:00,0.0773916,0.195216835979,0.08046985088999999,0.0,0.777,7.174736842105263,7.1747368,0.3353636105263158,0.0,0.777,0.0,-0.0,0.0,1
2012-07-29 19:00:00+00:00,0.07482705,0.192283625505125,0.07780329591375,0.0,1.821,6.3852631578947365,6.3852632,0.36736884210526277,0.0,1.5,0.32099999999999995,0.0,0.03086152189357256,1
2012-07-29 19:30:00+00:00,0.06155535,0.177104085450875,0.06400371404625,0.0,1.057,5.828947368421052,5.8289474,0.3758930578947366,0.0,1.057,0.0,-0.0,0.0,1
2012-07-29 20:00:00+00:00,0.05044845,0.164400540808625,0.05245503709875,0.0,0.315,5.663157894736842,5.6631579,0.37395816842105223,0.0,0.315,0.0,-0.0,0.0,1
2012-07-29 20:30:00+00:00,0.05602035,0.170773415363375,0.05824855942124999,0.0,0.997,5.138421052631578,5.1384211,0.36161579473684213,0.0,0.997,0.0,-0.0,0.0,1
2012-07-29 21:00:00+00:00,0.04338825,0.15632541940812503,0.045114017643750004,0.0,0.67,4.7857894736842095,4.7857895,0.18776315263157795,0.0,0.67,0.0,-0.0,0.0,1
2012-07-29 21:30:00+00:00,0.0393231,0.15167589393275002,0.0408871763025,0.0,0.638,4.449999999999999,4.45,0.3085257736842095,0.0,0.638,0.0,-0.0,0.0,1
2012-07-29 22:00:00+00:00,0.03642645,0.148362843253625,0.03787531204875,0.0,0.462,4.206842105263157,4.2068421,0.2756781999999989,0.0,0.462,0.0,-0.0,0.0,1
2012-07-29 22:30:00+00:00,0.03573765,0.14757502653162502,0.037159115028749995,0.0,0.35,4.022631578947368,4.0226316,0.24550800526315708,0.0,0.35,0.0,-0.0,0.0,1
2012-07-29 23:00:00+00:00,0.0353625,0.14714594778125,0.036769043437499996,0.0,0.182,3.9268421052631575,3.9268421,0.2202855789473679,0.0,0.182,0.0,-0.0,0.0,1
2012-07-29 23:30:00+00:00,0.0356577,0.14748358351925,0.0370759850175,0.0,0.144,3.851052631578947,3.8510526,0.19942710526315732,0.0,0.144,0.0,-0.0,0.0,1
2012-07-30 00:00:00+00:00,0.0341817,0.09629540482925002,0.035541277117500006,0.0,0.114,3.851052631578947,3.8510526,0.07578946842105294,0.0,0.0,0.114,0.0,0.005488838075267251,1
