Timestamp,Price_SMP,Buy_Rate_USD_kWh,Sell_Rate_USD_kWh,Solar_Gen,Consumption,SoC_kWh,SoC_Planned,SoC_Deviation,Charge_kW,Discharge_kW,Buy_kW,Sell_kW,Step_Cost_USD,Reoptimized
2012-06-30 00:30:00+00:00,0.019557,0.0795683676425,0.020334879675,0.0,0.116,4.9389473684210525,4.9389474,0.0,0.0,0.116,0.0,-0.0,0.0,1
2012-06-30 01:00:00+00:00,0.0191019,0.07904784587975,0.0198616780725,0.0,0.077,4.898421052631579,4.8984211,0.03992556842105266,0.0,0.077,0.0,-0.0,0.0,1
2012-06-30 01:30:00+00:00,0.0182901,0.07811934760025001,0.0190175887275,0.0,0.132,4.828947368421053,4.8289474,0.03384465263157921,0.0,0.132,0.0,-0.0,0.0,1
2012-06-30 02:00:00+00:00,0.01545495,0.074876637699875,0.01606967063625,0.0,0.088,4.828947368421053,4.8289474,3.157894656879989e-08,0.0,0.0,0.088,0.0,0.0032945720587945,1
2012-06-30 02:30:00+00:00,0.0112791,0.07010049882275,0.011727726202499998,0.0,0.115,5.150000001421053,5.15,0.32105263157894726,0.67590028,0.0,0.79090028,0.0,0.027721252073526326,1
2012-06-30 03:00:00+00:00,0.0105534,0.0692704776335,0.010973161484999997,0.0,0.114,5.862500001421052,5.8625,0.7124999985789469,1.5,0.0,1.614,0.0,0.0559012754502345,1
2012-06-30 03:30:00+00:00,0.01114995,0.069952783187375,0.01159343926125,0.0,0.149,6.575000001421053,6.575,0.7124999985789477,1.5,0.0,1.649,0.0,0.057676069737990686,1
2012-06-30 04:00:00+00:00,0.01064565,0.06937598880162502,0.011069080728749998,0.0,0.085,7.287500001421053,7.2875,0.7124999985789469,1.5,0.0,1.585,0.0,0.054980471125287825,1
2012-06-30 04:30:00+00:00,0.0095325,0.06810282070625,0.009911655187499998,0.0,0.128,8.0,8.0,0.7124999985789469,1.5,0.0,1.6280000000000001,0.0,0.055435696054887504,1
2012-06-30 05:00:00+00:00,0.0081918,0.29646939172950004,0.008517628845,0.0,0.089,7.953157894736842,7.9531579,0.14348570000000027,0.0,0.089,0.0,-0.0,0.0,1
2012-06-30 05:30:00+00:00,0.0119925,0.30081645185625006,0.012469501687499999,0.0,0.114,7.893157894736842,7.8931579,0.1591419947368422,0.0,0.114,0.0,-0.0,0.0,1
2012-06-30 06:00:00+00:00,0.01367145,0.3027367551161251,0.01421523192375,0.0,0.063,7.86,7.86,0.16782799473684218,0.0,0.063,0.0,-0.0,0.0,1
2012-06-30 06:30:00+00:00,0.01389285,0.302989981919625,0.01444543810875,0.0,0.12,7.796842105263158,7.7968421,0.16900860000000062,0.0,0.12,0.0,-0.0,0.0,1
2012-06-30 07:00:00+00:00,0.0148953,0.30413653661325,0.015487760557499999,0.0,0.407,7.582631578947368,7.5826316,0.16113480526315804,0.0,0.407,0.0,-0.0,0.0,1
2012-06-30 07:30:00+00:00,0.0171954,0.30676728173850004,0.017879347034999996,0.0,0.459,7.341052631578948,7.3410526,0.14817147894736848,0.0,0.459,0.0,-0.0,0.0,1
2012-06-30 08:00:00+00:00,0.018204,0.30792087051,0.0189280641,0.037,0.264,7.221578947368421,7.2215789,0.1331620315789479,0.0,0.227,0.0,-0.0,0.0,1
2012-06-30 08:30:00+00:00,0.0197415,0.30967938997875005,0.0205267181625,0.094,0.125,7.205263157894737,7.2052632,0.11908174736842092,0.0,0.031,0.0,-0.0,0.0,1
2012-06-30 09:00:00+00:00,0.0208485,0.31094552399625003,0.021677749087499996,0.132,0.164,7.188421052631579,7.1884211,0.10815145789473668,0.0,0.032,0.0,-0.0,0.0,1
2012-06-30 09:30:00+00:00,0.0212544,0.31140977313600005,0.022099793759999996,0.159,0.084,7.224046052631579,7.2240461,0.10138015263157918,0.075,0.0,0.0,-0.0,0.0,1
2012-06-30 10:00:00+00:00,0.0207747,0.31086111506175,0.021601013692499997,0.209,0.093,7.279146052631579,7.2791461,0.09844855263157903,0.116,0.0,2.7755575615628914e-17,0.0,4.314064592527561e-18,1
2012-06-30 10:30:00+00:00,0.0196431,0.30956684473275003,0.0204244043025,0.248,0.148,7.326646052631579,7.3266461,0.09795505263157889,0.1,0.0,0.0,-0.0,0.0,1
2012-06-30 11:00:00+00:00,0.0194463,0.12894175424075,0.020219776582499998,0.277,0.114,7.404071052631579,7.4040711,0.0979498526315794,0.163,0.0,0.0,-0.0,0.0,1
2012-06-30 11:30:00+00:00,0.02021505,0.129821013975125,0.02101910361375,0.286,0.242,7.424971052631579,7.4249711,0.09660605263157951,0.044,0.0,0.0,-0.0,0.0,1
2012-06-30 12:00:00+00:00,0.0196677,0.12919498104425,0.0204499827675,0.142,0.178,7.406023684210527,7.4060237,0.09284215263157947,0.0,0.036,6.938893903907228e-18,0.0,4.4823513319167815e-19,1
2012-06-30 12:30:00+00:00,0.0190404,0.12847750510099998,0.019797731909999998,0.015,0.288,7.262339473684211,7.2623395,0.08672308421052666,0.0,0.273,0.0,5.551115123125783e-17,-5.494974450459544e-19,1
2012-06-30 13:00:00+00:00,0.0184746,0.12783036993650002,0.019209427214999998,0.019,0.393,7.065497368421053,7.0654974,0.07952897368421041,0.0,0.374,0.0,-0.0,0.0,1
2012-06-30 13:30:00+00:00,0.01866525,0.128048426350625,0.01940766031875,0.017,0.295,6.919181578947369,6.9191816,0.0734662684210532,0.0,0.278,0.0,5.551115123125783e-17,-5.386707834995063e-19,1
2012-06-30 14:00:00+00:00,0.0198645,0.12942007153625001,0.0206546104875,0.083,0.419,6.742339473684211,6.7423395,0.0710970789473695,0.0,0.336,0.0,5.551115123125783e-17,-5.732806031971682e-19,1
2012-06-30 14:30:00+00:00,0.0195201,0.12902616317525,0.020296511977499997,0.191,0.139,6.767039473684211,6.7670395,0.07463537368421136,0.052,0.0,0.0,-0.0,0.0,1
2012-06-30 15:00:00+00:00,0.0200367,0.12961702571675,0.0208336597425,0.134,0.113,6.777014473684211,6.7770145,0.08529577368421126,0.021,0.0,0.0,-0.0,0.0,1
2012-06-30 15:30:00+00:00,0.0200121,0.12958888940525,0.0208080812775,0.069,0.544,6.527014473684211,6.5270145,0.1028698736842113,0.0,0.475,5.551115123125783e-17,0.0,3.596814218832789e-18,1
2012-06-30 16:00:00+00:00,0.0202212,0.129828048053,0.021025498230000002,0.019,0.372,6.3412250000000006,6.341225,0.1256456736842111,0.0,0.353,0.0,-0.0,0.0,1
2012-06-30 16:30:00+00:00,0.02293335,0.13293007639587498,0.02384552399625,0.006,0.33,6.170698684210527,6.1706987,0.1506949000000004,0.0,0.324,0.0,-0.0,0.0,1
2012-06-30 17:00:00+00:00,0.02726295,0.137882067219875,0.02834733383625,0.001,0.451,5.93385657894737,5.9338566,0.17446098421052714,0.0,0.45,0.0,-0.0,0.0,1
2012-06-30 17:30:00+00:00,0.02936625,0.140287721853125,0.030534292593749998,0.0,0.257,5.798593421052633,5.7985934,0.19350077894736994,0.0,0.257,0.0,-0.0,0.0,1
2012-06-30 18:00:00+00:00,0.0328164,0.144233839541,0.03412167231,0.0,0.337,5.621225000000002,5.621225,0.2051944210526333,0.0,0.337,0.0,-0.0,0.0,1
2012-06-30 18:30:00+00:00,0.0324105,0.14376959040124998,0.0336996276375,0.0,0.323,5.451225000000002,5.451225,0.20825070000000157,0.0,0.323,0.0,-0.0,0.0,1
2012-06-30 19:00:00+00:00,0.0291879,0.14008373359475002,0.030348848722499995,0.0,0.306,5.290172368421055,5.2901724,0.20288720000000193,0.0,0.306,0.0,-0.0,0.0,1
2012-06-30 19:30:00+00:00,0.0254979,0.13586328686975,0.0265120789725,0.0,0.298,5.133330263157896,5.1333303,0.18978296842105458,0.0,0.298,0.0,-0.0,0.0,1
2012-06-30 20:00:00+00:00,0.0254241,0.13577887793525,0.0264353435775,0.0,0.257,4.99806710526316,4.9980671,0.1728045631578965,0.0,0.257,0.0,-0.0,0.0,1
2012-06-30 20:30:00+00:00,0.0259284,0.136355672321,0.02695970211,0.0,0.182,4.902277631578949,4.9022776,0.15478180526316,0.0,0.182,0.0,-0.0,0.0,1
2012-06-30 21:00:00+00:00,0.0259284,0.136355672321,0.02695970211,0.0,0.162,4.817014473684212,4.8170145,0.1373284315789487,0.0,0.162,0.0,-0.0,0.0,1
2012-06-30 21:30:00+00:00,0.02373285,0.133844506519625,0.02467682410875,0.0,0.326,4.645435526315791,4.6454355,0.12100847368421253,0.0,0.326,0.0,-0.0,0.0,1
2012-06-30 22:00:00+00:00,0.0270354,0.13762180633850002,0.028110733035,0.0,0.349,4.461751315789475,4.4617513,0.10686002631579061,0.0,0.349,0.0,-0.0,0.0,1
2012-06-30 22:30:00+00:00,0.0303318,0.1413920720795,0.031538247345,0.0,0.401,4.250698684210528,4.2506987,0.09440621578947539,0.0,0.401,0.0,-0.0,0.0,1
2012-06-30 23:00:00+00:00,0.02718915,0.137797658285375,0.028270598441249996,0.0,0.212,4.139119736842107,4.1391197,0.0827217842105279,0.0,0.212,0.0,-0.0,0.0,1
2012-06-30 23:30:00+00:00,0.02936625,0.140287721853125,0.030534292593749998,0.0,0.057,4.109119736842107,4.1091197,0.07060813684210743,0.0,0.057,0.0,-0.0,0.0,1
2012-07-01 00:00:00+00:00,0.03199845,0.093798307183625,0.03327118834875,0.0,0.091,4.109119736842107,4.1091197,3.684210714283154e-08,0.0,0.0,0.091,0.0,0.004267822976854937,1
2012-07-01 00:30:00+00:00,0.0350796,0.09732238019900001,0.03647489109,0.0,0.091,4.109119736842107,4.1091197,3.684210714283154e-08,0.0,0.0,0.091,0.0,0.0044281682990545005,1
2012-07-01 01:00:00+00:00,0.03301935,0.09496596411087499,0.034332694646249995,0.0,0.11,4.109119736842107,4.1091197,3.684210714283154e-08,0.0,0.0,0.11,0.0,0.005223128026098124,1
2012-07-01 01:30:00+00:00,0.0319431,0.09373500048275,0.0332136368025,0.0,0.065,4.437500000092107,4.4375,0.3283802631578929,0.69132687,0.0,0.7563268700000001,0.0,0.03544714976228341,1
2012-07-01 02:00:00+00:00,0.03205995,0.093868647962375,0.03333513451124999,0.0,0.064,4.437500000092107,4.4375,9.210676665816209e-11,0.0,0.0,0.064,0.0,0.003003796734796,1
2012-07-01 02:30:00+00:00,0.0291756,0.09056966543900001,0.030336059489999997,0.0,0.198,5.150000000092106,5.15,0.7124999999078936,1.5,0.0,1.698,0.0,0.076893645957711,1
2012-07-01 03:00:00+00:00,0.02827155,0.089535655991375,0.029396050901249995,0.0,0.115,5.862500000092107,5.8625,0.7124999999078936,1.5,0.0,1.615,0.0,0.0723000422130353,1
2012-07-01 03:30:00+00:00,0.02577465,0.086679820374125,0.026799836703749996,0.0,0.153,6.575000000092107,6.575,0.7124999999078936,1.5,0.0,1.653,0.0,0.07164087153921431,1
2012-07-01 04:00:00+00:00,0.0211683,0.08141129604575001,0.0220102691325,0.0,0.062,7.287500000092107,7.2875,0.7124999999078927,1.5,0.0,1.562,0.0,0.06358222221173077,1
2012-07-01 04:30:00+00:00,0.02878815,0.090126518532875,0.029933198666249994,0.0,0.061,8.0,8.0,0.7124999999078927,1.5,0.0,1.561,0.0,0.07034374771490894,1
2012-07-01 05:00:00+00:00,0.03078075,0.322305559764375,0.03200505433125,0.0,0.131,7.931052631578948,7.9310526,0.1406786999999996,0.0,0.131,0.0,-0.0,0.0,1
2012-07-01 05:30:00+00:00,0.03236745,0.32412035185612503,0.03365486532375,0.0,0.076,7.8910526315789475,7.8910526,0.15659353157894795,0.0,0.076,0.0,-0.0,0.0,1
2012-07-01 06:00:00+00:00,0.03164175,0.323290330666875,0.03290030060625,0.0,0.071,7.853684210526316,7.8536842,0.16554793157894743,0.0,0.071,0.0,-0.0,0.0,1
2012-07-01 06:30:00+00:00,0.0311559,0.32273463851475004,0.0323951259225,0.0,0.075,7.814210526315789,7.8142105,0.16701021052631582,0.0,0.075,0.0,-0.0,0.0,1
2012-07-01 07:00:00+00:00,0.03225675,0.323993738454375,0.03353976223125,0.0,0.09,7.766842105263158,7.7668421,0.1594595263157892,0.0,0.09,0.0,-0.0,0.0,1
2012-07-01 07:30:00+00:00,0.0322875,0.3240289088437501,0.033571735312499996,0.0,0.229,7.646315789473684,7.6463158,0.14684200526315738,0.0,0.229,0.0,-0.0,0.0,1
2012-07-01 08:00:00+00:00,0.0338496,0.325815564624,0.03519596784,0.003,0.233,7.525263157894737,7.5252632,0.1321965894736845,0.0,0.23,0.0,-0.0,0.0,1
2012-07-01 08:30:00+00:00,0.033948,0.32592810987000004,0.035298281699999996,0.013,0.615,7.2084210526315795,7.2084211,0.11849115789473696,0.0,0.602,0.0,-0.0,0.0,1
2012-07-01 09:00:00+00:00,0.03614355,0.328439275671375,0.03758115970125,0.026,0.794,6.80421052631579,6.8042105,0.10793805263157985,0.0,0.768,0.0,-0.0,0.0,1
2012-07-01 09:30:00+00:00,0.03720135,0.329649137065875,0.03868103369625,0.074,0.4,6.632631578947369,6.6326316,0.10153742631579021,0.0,0.326,0.0,-0.0,0.0,1
2012-07-01 10:00:00+00:00,0.037146,0.32958583036500005,0.03862348214999999,0.095,0.609,6.362105263157895,6.3621053,0.09896267894736877,0.0,0.514,0.0,-0.0,0.0,1
2012-07-01 10:30:00+00:00,0.0373059,0.32976871638975,0.0387897421725,0.108,0.263,6.280526315789474,6.2805263,0.09880636315789548,0.0,0.155,2.7755575615628914e-17,0.0,4.576460271712296e-18,1
2012-07-01 11:00:00+00:00,0.0351903,0.14694899360074998,0.036589994182499995,0.121,0.275,6.199473684210527,6.1994737,0.09911541578947336,0.0,0.154,2.7755575615628914e-17,0.0,2.0393269517630927e-18,1
2012-07-01 11:30:00+00:00,0.0360759,0.14796190081475,0.037510818922499994,0.132,0.663,5.92,5.92,0.09806118421052634,0.0,0.531,0.0,-0.0,0.0,1
2012-07-01 12:00:00+00:00,0.036285,0.1482010594625,0.037728235874999995,0.141,0.978,5.479473684210526,5.4794737,0.09456219999999949,0.0,0.837,0.0,-0.0,0.0,1
2012-07-01 12:30:00+00:00,0.0356577,0.14748358351925,0.0370759850175,0.148,0.654,5.213157894736842,5.2131579,0.08868398421052603,0.0,0.506,0.0,-0.0,0.0,1
2012-07-01 13:00:00+00:00,0.0360882,0.14797596897049997,0.03752360815499999,0.103,0.376,5.069473684210526,5.0694737,0.08170659473684161,0.0,0.273,0.0,-0.0,0.0,1
2012-07-01 13:30:00+00:00,0.03589755,0.14775791255637502,0.03732537505125,0.047,0.337,4.916842105263157,4.9168421,0.07583598421052606,0.0,0.29,5.551115123125783e-17,0.0,4.101105914765952e-18,1
2012-07-01 14:00:00+00:00,0.0355224,0.147328833806,0.03693530346,0.078,0.346,4.77578947368421,4.7757895,0.07363270526315713,0.0,0.268,0.0,5.551115123125783e-17,-1.0251606080702302e-18,1
2012-07-01 14:30:00+00:00,0.0350427,0.14678017573175,0.0364365233925,0.085,0.45,4.583684210526315,4.5836842,0.07730847368420957,0.0,0.365,0.0,-0.0,0.0,1
2012-07-01 15:00:00+00:00,0.0361866,0.1480885142165,0.03762592201499999,0.152,0.31,4.5005263157894735,4.5005263,0.0880758105263153,0.0,0.158,0.0,-0.0,0.0,1
2012-07-01 15:30:00+00:00,0.0343047,0.14593608638674999,0.035669169442499996,0.117,0.383,4.360526315789474,4.3605263,0.10572511578947363,0.0,0.266,0.0,-0.0,0.0,1
2012-07-01 16:00:00+00:00,0.03511035,0.146857550588375,0.03650686417124999,0.007,0.254,4.230526315789474,4.2305263,0.12854431578947345,0.0,0.247,0.0,-0.0,0.0,1
2012-07-01 16:30:00+00:00,0.0376134,0.1497204202835,0.039109472985,0.001,0.34,4.052105263157895,4.0521053,0.15360701578947378,0.0,0.339,0.0,-0.0,0.0,1
2012-07-01 17:00:00+00:00,0.04039935,0.152906857560875,0.042006234146249995,0.0,0.255,3.917894736842105,3.9178947,0.17736006315789465,0.0,0.255,0.0,-0.0,0.0,1
2012-07-01 17:30:00+00:00,0.04091595,0.153497720102375,0.04254338191124999,0.0,0.283,3.7689473684210526,3.7689474,0.19636413684210519,0.0,0.283,0.0,-0.0,0.0,1
2012-07-01 18:00:00+00:00,0.04894785,0.16268422580712502,0.050894750733749994,0.0,0.384,3.566842105263158,3.5668421,0.20800366842105245,0.0,0.384,0.0,-0.0,0.0,1
2012-07-01 18:30:00+00:00,0.04686915,0.16030670748537498,0.04873337044124999,0.0,0.308,3.4047368421052635,3.4047368,0.2109905052631582,0.0,0.308,0.0,-0.0,0.0,1
2012-07-01 19:00:00+00:00,0.0437142,0.1566982255355,0.045452932305,0.0,0.369,3.210526315789474,3.2105263,0.2055433421052637,0.0,0.369,0.0,-0.0,0.0,1
2012-07-01 19:30:00+00:00,0.0425457,0.15536175073925,0.04423795521749999,0.0,0.198,3.1063157894736846,3.1063158,0.19234921578947395,0.0,0.198,0.0,-0.0,0.0,1
2012-07-01 20:00:00+00:00,0.04017795,0.152653630757375,0.04177602796124999,0.0,0.181,3.0110526315789476,3.0110526,0.17525628947368466,0.0,0.181,0.0,-0.0,0.0,1
2012-07-01 20:30:00+00:00,0.03956295,0.151950222969875,0.04113656633625,0.0,0.321,2.842105263157895,2.8421053,0.15708763157894756,0.0,0.321,0.0,-0.0,0.0,1
2012-07-01 21:00:00+00:00,0.0385974,0.1508458727435,0.040132611585,0.0,0.234,2.7189473684210532,2.7189474,0.13945806315789522,0.0,0.234,0.0,-0.0,0.0,1
2012-07-01 21:30:00+00:00,0.03905865,0.151373428584125,0.04061220780375,0.0,0.221,2.602631578947369,2.6026316,0.12293536842105324,0.0,0.221,0.0,-0.0,0.0,1
2012-07-01 22:00:00+00:00,0.0388311,0.15111316770275,0.040375607002499994,0.0,0.088,2.5563157894736848,2.5563158,0.10854787894736884,0.0,0.088,0.0,-0.0,0.0,1
2012-07-01 22:30:00+00:00,0.0409467,0.15353289049175,0.0425753549925,0.0,0.185,2.458947368421053,2.4589474,0.09581738947368468,0.0,0.185,0.0,-0.0,0.0,1
2012-07-01 23:00:00+00:00,0.0375396,0.14963601134899998,0.03903273759,0.0,0.112,2.4000000000000004,2.4,0.0838197684210531,0.0,0.112,0.0,-0.0,0.0,1
2012-07-01 23:30:00+00:00,0.03880035,0.15107799731337498,0.04034363392125,0.0,0.134,2.3294736842105266,2.3294737,0.07136250000000022,0.0,0.134,0.0,-0.0,0.0,1
2012-07-02 00:00:00+00:00,0.037515,0.10010787503749999,0.039007159124999996,0.0,0.066,2.3294736842105266,2.3294737,1.5789473284399946e-08,0.0,0.0,0.066,0.0,0.0033035598762375,1
2012-07-02 00:30:00+00:00,0.03439695,0.096541597554875,0.03576508868625,0.0,0.067,2.3294736842105266,2.3294737,1.5789473284399946e-08,0.0,0.0,0.067,0.0,0.003234143518088313,1
2012-07-02 01:00:00+00:00,0.03362205,0.09565530374262503,0.03495936703875,0.0,0.09,3.0419736842105265,3.0419737,0.7125000157894732,1.5,0.0,1.59,0.0,0.0760459664753869,1
2012-07-02 01:30:00+00:00,0.03406485,0.09616175734962502,0.03541977940875,0.0,0.076,3.7249999817105266,3.725,0.6830263157894736,1.4379501,0.0,1.5139501,0.0,0.07279205107782027,1
2012-07-02 02:00:00+00:00,0.0337266,0.09577488306650002,0.035068075515,0.0,0.086,4.437499981710527,4.4375,0.7125000182894734,1.5,0.0,1.586,0.0,0.07594948227173452,1
2012-07-02 02:30:00+00:00,0.03308085,0.09503630488962501,0.03439664080875,0.0,0.083,5.149999981710527,5.15,0.7125000182894734,1.5,0.0,1.583,0.0,0.07522123532013819,1
2012-07-02 03:00:00+00:00,0.0331239,0.09508554343475002,0.0344414031225,0.0,0.057,5.862499981710528,5.8625,0.7125000182894725,1.5,0.0,1.557,0.0,0.0740240955639529,1
2012-07-02 03:30:00+00:00,0.0331485,0.09511367974625,0.034466981587499994,0.0,0.082,6.574999981710528,6.575,0.7125000182894725,1.5,0.0,1.582,0.0,0.07523492067928375,1
2012-07-02 04:00:00+00:00,0.03313005,0.09509257751262501,0.034447797738749994,0.0,0.091,7.287499981710528,7.2875,0.7125000182894716,1.5,0.0,1.591,0.0,0.07564614541129319,1
2012-07-02 04:30:00+00:00,0.0331485,0.09511367974625,0.034466981587499994,0.0,0.07,7.999999981710529,8.0,0.7125000182894716,1.5,0.0,1.57,0.0,0.07466423860080625,1
2012-07-02 05:00:00+00:00,0.03326535,0.325147327225875,0.034588479296249995,0.0,0.065,7.965789455394739,7.9657895,0.13573458171052888,0.0,0.065,0.0,-0.0,0.0,1
2012-07-02 05:30:00+00:00,0.0354117,0.32760222040425,0.03682020036749999,0.0,0.08,7.923684192236844,7.9236842,0.15097765539473862,0.0,0.08,0.0,-0.0,0.0,1
2012-07-02 06:00:00+00:00,0.03721365,0.32966320522162507,0.03869382292875,0.0,0.072,7.885789455394739,7.8857895,0.15924059223684406,0.0,0.072,0.0,-0.0,0.0,1
2012-07-02 06:30:00+00:00,0.04154325,0.334615196045625,0.04319563276874999,0.0,0.078,7.844736823815792,7.8447368,0.15999795539473904,0.0,0.078,0.0,-0.0,0.0,1
2012-07-02 07:00:00+00:00,0.04940295,0.3436047475698751,0.051367952336249995,0.0,0.342,7.664736823815792,7.6647368,0.15176072381579164,0.0,0.342,0.0,-0.0,0.0,1
2012-07-02 07:30:00+00:00,0.04357275,0.33693644174437504,0.04530585613125,0.001,0.604,7.34736840276316,7.3473684,0.13846012381579165,0.0,0.603,0.0,-0.0,0.0,1
2012-07-02 08:00:00+00:00,0.05431065,0.34921794171412507,0.056470856103749995,0.035,0.963,6.858947350131581,6.8589474,0.12313370276315982,0.0,0.928,0.0,1.1102230246251565e-16,-3.134762233333865e-18,1
2012-07-02 08:30:00+00:00,0.0599625,0.35568225928125,0.0623475084375,0.093,0.486,6.652105244868423,6.6521052,0.10874595013158128,0.0,0.393,0.0,-0.0,0.0,1
2012-07-02 09:00:00+00:00,0.05511015,0.35013237183787504,0.05730215621625,0.13,0.685,6.359999981710528,6.36,0.0975044448684228,0.0,0.555,0.0,-0.0,0.0,1
2012-07-02 09:30:00+00:00,0.0512418,0.3457079368545001,0.05327994259499999,0.161,0.596,6.131052613289476,6.1310526,0.09040458171052812,0.0,0.435,0.0,5.551115123125783e-17,-1.47881547549189e-18,1
2012-07-02 10:00:00+00:00,0.0551163,0.35013940591575,0.05730855083249999,0.213,0.124,6.173327613289476,6.1733276,0.08711601328947527,0.089,0.0,0.0,-0.0,0.0,1
2012-07-02 10:30:00+00:00,0.0485481,0.34262701074525004,0.05047910067749999,0.249,0.057,6.264527613289475,6.2645276,0.08622971328947582,0.192,0.0,0.0,-0.0,0.0,1
2012-07-02 11:00:00+00:00,0.04616805,0.15950482260762502,0.04800438418875,0.27,0.15,6.321527613289476,6.3215276,0.08579301328947508,0.12,0.0,0.0,-0.0,0.0,1
2012-07-02 11:30:00+00:00,0.05245335,0.16669365019587498,0.05453968199625,0.279,0.265,6.328177613289475,6.3281776,0.0839799132894754,0.014,0.0,0.0,-0.0,0.0,1
2012-07-02 12:00:00+00:00,0.0549687,0.16957058804675,0.057155080042499994,0.159,0.151,6.331977613289475,6.3319776,0.07971271328947527,0.008,0.0,0.0,-0.0,0.0,1
2012-07-02 12:30:00+00:00,-0.0364572,0.065001986357,-0.03790728513,0.075,0.107,7.044477613289475,7.0444776,0.7124999867105242,1.5,0.0,1.532,0.0,0.049791521549461995,1
2012-07-02 13:00:00+00:00,0.04337595,0.15631135125237502,0.04510122841125,0.099,0.062,7.062052613289475,7.0620526,0.0653107132894748,0.037,0.0,0.0,-0.0,0.0,1
2012-07-02 13:30:00+00:00,0.05314215,0.167481466917875,0.055255879016249995,0.078,0.07,7.065852613289475,7.0658526,0.058669313289474445,0.008,0.0,1.3877787807814457e-17,0.0,1.162136129813883e-18,1
2012-07-02 14:00:00+00:00,0.04459365,0.157704098671625,0.046367362428749996,0.083,0.186,7.011642086973685,7.0116421,0.05570031328947511,0.0,0.103,0.0,-0.0,0.0,1
2012-07-02 14:30:00+00:00,0.0519921,0.16616609435525,0.054060085777499996,0.161,0.262,6.958484192236843,6.9584842,0.05861708697368506,0.0,0.101,0.0,-0.0,0.0,1
2012-07-02 15:00:00+00:00,0.0559281,0.17066790419525002,0.0581526401775,0.17,0.148,6.968934192236842,6.9689342,0.06863379223684252,0.022,0.0,0.0,2.7755575615628914e-17,-8.070300008475306e-19,1
2012-07-02 15:30:00+00:00,0.0566907,0.17154012985175,0.05894557259249999,0.074,0.108,6.951039455394737,6.9510395,0.0855432922368422,0.0,0.034,0.0,-0.0,0.0,1
2012-07-02 16:00:00+00:00,0.0589047,0.17407239788675,0.0612476344425,0.018,0.075,6.9210394553947365,6.9210395,0.10763705539473634,0.0,0.057,0.0,6.938893903907228e-18,-2.1249541863090081e-19,1
2012-07-02 16:30:00+00:00,0.06386775,0.179748898731875,0.06640808975625,0.008,0.132,6.855776297499999,6.8557763,0.13199405539473652,0.0,0.124,0.0,-0.0,0.0,1
2012-07-02 17:00:00+00:00,0.06529455,0.181380804798875,0.06789164072625001,0.0,0.124,6.790513139605262,6.7905131,0.15506749749999926,0.0,0.124,0.0,-0.0,0.0,1
2012-07-02 17:30:00+00:00,0.10175175,0.223078818441875,0.10579892585624999,0.0,0.478,6.538934192236841,6.5389342,0.1734258396052626,0.0,0.478,0.0,-0.0,0.0,1
2012-07-02 18:00:00+00:00,0.1472556,0.275123960639,0.15311269148999998,0.0,0.346,5.749460508026314,5.7494605,0.7894736922368413,0.0,1.5,0.0,1.154,-0.08834602298972999,1
2012-07-02 18:30:00+00:00,0.14934045,0.27750851303862506,0.15528046639874998,0.0,0.432,4.959986823815788,4.9599868,0.7894737080263141,0.0,1.5,0.0,1.068,-0.08291976905693249,1
2012-07-02 19:00:00+00:00,0.14467875,0.272176682009375,0.15043334728125,0.0,0.572,4.170513139605261,4.1705131,0.7894737238157878,0.0,1.5,0.0,0.928,-0.0698010731385,1
2012-07-02 19:30:00+00:00,0.08417505,0.202975423875125,0.08752311261375,0.0,0.378,3.9715657711842085,3.9715658,0.16729383960526167,0.0,0.378,0.0,-0.0,0.0,1
2012-07-02 20:00:00+00:00,0.07554045,0.193099578538625,0.07854507139874999,0.0,0.311,3.8078815606578926,3.8078816,0.14979977118420829,0.0,0.311,0.0,-0.0,0.0,1
2012-07-02 20:30:00+00:00,0.13397775,0.259937386506875,0.13930671500624997,0.0,0.453,3.3012293080263135,3.3012293,0.4981626606578926,0.0,0.96263928,0.0,0.50963928,-0.035498086967475216,1
2012-07-02 21:00:00+00:00,0.07683195,0.19457673489237498,0.07988794081124999,0.0,0.527,3.023860886973682,3.0238609,0.11332360802631358,0.0,0.527,0.0,-0.0,0.0,1
2012-07-02 21:30:00+00:00,0.0691629,0.18580523978225,0.0719138543475,0.0,0.69,2.66070299223684,2.660703,0.09653308697368201,0.0,0.69,0.0,-0.0,0.0,1
2012-07-02 22:00:00+00:00,0.06993165,0.186684499516625,0.07271318137874999,0.0,0.134,2.590176676447366,2.5901767,0.08191849223684011,0.0,0.134,0.0,-0.0,0.0,1
2012-07-02 22:30:00+00:00,0.13854105,0.26515667229012496,0.14405152026374998,0.0,0.66,1.8007029922368398,1.800703,0.7894736764473662,0.0,1.5,0.0,0.84,-0.06050163851077499,1
2012-07-02 23:00:00+00:00,0.0775515,0.19539972200375,0.08063611091249999,0.0,0.203,1.693860886973682,1.6938609,0.056860992236839936,0.0,0.203,0.0,-0.0,0.0,1
2012-07-02 23:30:00+00:00,0.06964875,0.18636093193437497,0.07241902903124998,0.0,0.186,1.5959661501315767,1.5959662,0.044310586973681954,0.0,0.186,0.0,-0.0,0.0,1
2012-07-03 00:00:00+00:00,0.05408925,0.119064714910625,0.056240649918749996,0.0,0.175,2.0042646836315767,2.0042647,0.44879654986842343,0.85957586,0.0,1.03457586,0.0,0.061590739912157334,1
2012-07-03 00:30:00+00:00,0.05709045,0.12249734491362502,0.059361222648749996,0.0,0.224,2.0042646836315767,2.0042647,1.6368423061408066e-08,0.0,0.0,0.224,0.0,0.013719702630326002,1
2012-07-03 01:00:00+00:00,0.06643845,0.133189143283625,0.06908103934874998,0.0,0.097,1.9532120520526293,1.9532121,0.008104583631576734,0.0,0.097,0.0,-0.0,0.0,1
2012-07-03 01:30:00+00:00,0.06637695,0.133118802504875,0.06901709318625,0.0,0.086,1.9079488941578924,1.9079489,0.001799052052629202,0.0,0.086,0.0,-0.0,0.0,1
2012-07-03 02:00:00+00:00,0.06015315,0.126000315695375,0.06254574154124999,0.0,0.064,1.9079488941578924,1.9079489,5.842107686504505e-09,0.0,0.0,0.064,0.0,0.004032010102252,1
2012-07-03 02:30:00+00:00,0.0517461,0.11638473124025,0.0538043011275,0.0,0.088,2.1108949051578922,2.1108949,0.20294600584210754,0.42725476,0.0,0.51525476,0.0,0.02998389338142976,1
2012-07-03 03:00:00+00:00,0.04996875,0.11435188273437501,0.051956257031249994,0.0,0.103,2.823394905157892,2.8233949,0.7124999948421076,1.5,0.0,1.603,0.0,0.09165303401160156,1
2012-07-03 03:30:00+00:00,0.0471213,0.11109510467825,0.048995549707499995,0.0,0.061,3.535894905157892,3.5358949,0.712499994842108,1.5,0.0,1.561,0.0,0.08670972920137412,1
2012-07-03 04:00:00+00:00,0.0444522,0.10804231488049999,0.04622028625499999,0.0,0.053,4.248394905157892,4.2483949,0.712499994842108,1.5,0.0,1.553,0.0,0.08389485750470824,1
2012-07-03 04:30:00+00:00,0.03800085,0.10066356718962502,0.03951233380875,0.0,0.107,4.960894905157891,4.9608949,0.7124999948421085,1.5,0.0,1.607,0.0,0.0808831762368637,1
2012-07-03 05:00:00+00:00,0.0400857,0.33294811958925,0.0416801087175,0.0,0.069,4.924579115684208,4.9245791,0.11103750515789113,0.0,0.069,0.0,-0.0,0.0,1
2012-07-03 05:30:00+00:00,0.04244115,0.33564217141537506,0.044129246741249996,0.0,0.067,4.889315957789471,4.889316,0.12679941568420716,0.0,0.067,0.0,-0.0,0.0,1
2012-07-03 06:00:00+00:00,0.0469614,0.34081221865350003,0.04882928968499999,0.0,0.092,4.840894905157891,4.8408949,0.1356301577894703,0.0,0.092,0.0,-0.0,0.0,1
2012-07-03 06:30:00+00:00,0.05444595,0.34937269142737504,0.056611537661249996,0.0,0.052,4.813526484105259,4.8135265,0.1370085051578913,0.0,0.052,0.0,-0.0,0.0,1
2012-07-03 07:00:00+00:00,0.05514705,0.35017457630512505,0.057340523913750004,0.0,0.296,4.657737010421049,4.657737,0.12947398410525945,0.0,0.296,0.0,-0.0,0.0,1
2012-07-03 07:30:00+00:00,0.04983345,0.34409713302112505,0.05181557547374999,0.001,0.353,4.472473852526312,4.4724739,0.11694001042104851,0.0,0.352,0.0,-0.0,0.0,1
2012-07-03 08:00:00+00:00,0.05495025,0.349949485813125,0.057135896193749994,0.035,0.323,4.320894905157891,4.3208949,0.10243955252631132,0.0,0.288,5.551115123125783e-17,0.0,9.713049415136649e-18,1
2012-07-03 08:30:00+00:00,0.0611556,0.357046870389,0.06358806399,0.092,0.234,4.246158063052627,4.2461581,0.08893040515789075,0.0,0.142,2.7755575615628914e-17,0.0,4.955020704702773e-18,1
2012-07-03 09:00:00+00:00,0.0548211,0.34980177017775,0.05700160925249999,0.139,0.185,4.221947536736838,4.2219475,0.07861156305262718,0.0,0.046,0.0,1.3877787807814457e-17,-3.9552811895507403e-19,1
2012-07-03 09:30:00+00:00,0.05316675,0.3479096032293751,0.05528145748125,0.173,0.09,4.261372536736838,4.2613725,0.07247013673683789,0.083,0.0,0.0,-0.0,0.0,1
2012-07-03 10:00:00+00:00,0.05043,0.34477943857500004,0.05243585325,0.221,0.112,4.313147536736838,4.3131475,0.07016813673683764,0.109,0.0,0.0,-0.0,0.0,1
2012-07-03 10:30:00+00:00,0.04451985,0.338019689737125,0.04629062703375,0.255,0.333,4.272094905157891,4.2720949,0.07029063673683833,0.0,0.078,1.3877787807814457e-17,0.0,2.3454827645175493e-18,1
2012-07-03 11:00:00+00:00,0.044772,0.15790808693000002,0.0465528063,0.281,0.227,4.297744905157891,4.2977449,0.07088120515789065,0.054,0.0,0.0,-0.0,0.0,1
2012-07-03 11:30:00+00:00,0.0444522,0.1575423148805,0.04622028625499999,0.295,0.218,4.334319905157891,4.3343199,0.07011220515789063,0.077,0.0,0.0,-0.0,0.0,1
2012-07-03 12:00:00+00:00,0.04022715,0.152709903380375,0.04182718489125,0.151,0.294,4.259056747263154,4.2590567,0.06690550515789084,0.0,0.143,0.0,-0.0,0.0,1
2012-07-03 12:30:00+00:00,0.03839445,0.150613748173625,0.03992158924874999,0.018,0.242,4.1411620104210485,4.141162,0.06133084726315374,0.0,0.224,0.0,-0.0,0.0,1
2012-07-03 13:00:00+00:00,0.03786555,0.15000881747637498,0.03937165225124999,0.016,1.278,3.476951484105259,3.4769515,0.05467201042104808,0.0,1.262,0.0,-0.0,0.0,1
2012-07-03 13:30:00+00:00,0.0387204,0.150986554301,0.040260503909999995,0.018,0.251,3.3543199051578907,3.3543199,0.049136784105259235,0.0,0.233,0.0,-0.0,0.0,1
2012-07-03 14:00:00+00:00,0.0381669,0.15035348729225,0.03968498844749999,0.116,0.199,3.310635694631575,3.3106357,0.04728570515789077,0.0,0.083,0.0,-0.0,0.0,1
2012-07-03 14:30:00+00:00,0.03929235,0.151640723543375,0.04085520322124999,0.192,0.39,3.2064251683157856,3.2064252,0.051328794631575025,0.0,0.198,0.0,-0.0,0.0,1
2012-07-03 15:00:00+00:00,0.0391386,0.1514648715965,0.040695337815,0.144,0.189,3.18274095778947,3.182741,0.06247706831578581,0.0,0.045,1.3877787807814457e-17,0.0,1.0509986741770449e-18,1
2012-07-03 15:30:00+00:00,0.0386712,0.15093028167800002,0.040209346980000005,0.118,0.306,3.1064440262105224,3.106444,0.07629695778946965,0.0,0.14496417,0.04303583,0.0,0.0032477049720732614,1
2012-07-03 16:00:00+00:00,0.04126035,0.153891628463375,0.04290148042125,0.01,0.69,2.945297315684207,2.9452973,0.10375002621052243,0.0,0.30617875,0.37382124999999994,0.0,0.028763980458357208,1
2012-07-03 16:30:00+00:00,0.04187535,0.15459503625087498,0.043540942046249996,0.001,0.37,2.8160531788421017,2.8160532,0.12924411568420702,0.0,0.24556386,0.12343614,0.0,0.009541307268984039,1
2012-07-03 17:00:00+00:00,0.0499134,0.1637885760335,0.051898705484999995,0.0,0.868,2.359211073578944,2.3592111,0.15345817884210167,0.0,0.868,0.0,-0.0,0.0,1
2012-07-03 17:30:00+00:00,0.0535419,0.16793868197975,0.0556715290725,0.0,0.579,2.054474231473681,2.0544742,0.1729628735789439,0.0,0.579,0.0,-0.0,0.0,1
2012-07-03 18:00:00+00:00,0.06712725,0.18347696000562497,0.06979723636874999,0.0,0.23,1.9334215998947337,1.9334216,0.18515193147368092,0.0,0.23,0.0,-0.0,0.0,1
2012-07-03 18:30:00+00:00,0.0740583,0.19140436577075,0.0770039688825,0.0,0.291,1.7802637051578916,1.7802637,0.18874429989473374,0.0,0.291,0.0,-0.0,0.0,1
2012-07-03 19:00:00+00:00,0.06561435,0.181746576848375,0.06822416077124999,0.0,0.401,1.5692110735789442,1.5692111,0.18396200515789163,0.0,0.401,0.0,-0.0,0.0,1
2012-07-03 19:30:00+00:00,0.052275,0.1664896619375,0.054354238124999996,0.0,0.242,1.4418426525263126,1.4418427,0.1715081735789441,0.0,0.242,0.0,-0.0,0.0,1
2012-07-03 20:00:00+00:00,0.0460758,0.15939931143949998,0.04790846494499999,0.0,0.399,1.3388927209473653,1.3388927,0.10294995252631267,0.0,0.19560487,0.20339513000000004,0.0,0.016210521836073796,1
2012-07-03 20:30:00+00:00,0.0493476,0.163141440869,0.05131040078999999,0.0,0.413,1.1215242998947337,1.1215243,0.13783062094736542,0.0,0.413,0.0,-0.0,0.0,1
2012-07-03 21:00:00+00:00,0.0465801,0.15997610582525001,0.0484328234775,0.0,0.373,1.080029051473681,1.0800291,0.041495199894733714,0.0,0.078840972,0.294159028,0.0,0.02352920789639034,1
2012-07-03 21:30:00+00:00,0.0453132,0.15852708578299998,0.04711553253,0.0,0.201,1.080029051473681,1.0800291,4.852631896312687e-08,0.0,0.0,0.201,0.0,0.0159319721211915,1
2012-07-03 22:00:00+00:00,0.043296,0.15621990824,0.0450180984,0.0,0.068,1.080029051473681,1.0800291,4.852631896312687e-08,0.0,0.0,0.068,0.0,0.00531147688016,1
2012-07-03 22:30:00+00:00,0.04878795,0.162501339782375,0.05072849071125,0.0,0.118,1.0179237883157863,1.0179238,0.080029051473681,0.0,0.118,0.0,-0.0,0.0,1
2012-07-03 23:00:00+00:00,0.04317915,0.156086260760375,0.044896600691249997,0.0,0.245,1.0,1.0,0.017923788315786338,0.0,0.034055198,0.210944802,0.0,0.016462792685508834,1
2012-07-03 23:30:00+00:00,0.0406884,0.15323745922100002,0.04230678111,0.0,0.181,1.0,1.0,0.0,0.0,0.0,0.181,0.0,0.0138679900595005,1
2012-07-04 00:00:00+00:00,0.03747195,0.100058636492375,0.038962396811249994,0.0,0.181,1.0,1.0,0.0,0.0,0.0,0.181,0.0,0.009055306602559937,1
2012-07-04 00:30:00+00:00,0.03650025,0.098947252188125,0.03795204744374999,0.0,0.196,1.0,1.0,0.0,0.0,0.0,0.196,0.0,0.00969683071443625,1
2012-07-04 01:00:00+00:00,0.03599595,0.09837045780237501,0.03742768891124999,0.0,0.073,1.4345954455,1.4345954,0.4345954000000001,0.91493778,0.0,0.98793778,0.0,0.04859194584943102,1
2012-07-04 01:30:00+00:00,0.0363711,0.09879953655275002,0.0378177605025,0.0,0.072,1.4345954455,1.4345954,4.54999999899286e-08,0.0,0.0,0.072,0.0,0.0035567833158990005,1
2012-07-04 02:00:00+00:00,0.03486435,0.097076187473375,0.03625107952125,0.0,0.08,2.1470954454999998,2.1470954,0.7124999544999999,1.5,0.0,1.58,0.0,0.07669018810396626,1
2012-07-04 02:30:00+00:00,0.033579,0.09560606519749999,0.03491460472499999,0.0,0.091,2.8595954454999997,2.8595954,0.7124999545000001,1.5,0.0,1.591,0.0,0.07605462486461124,1
2012-07-04 03:00:00+00:00,0.03375735,0.09581005345587501,0.03510004859625,0.0,0.1,3.5720954454999996,3.5720954,0.7124999545000001,1.5,0.0,1.6,0.0,0.07664804276470001,1
2012-07-04 03:30:00+00:00,0.03375735,0.09581005345587501,0.03510004859625,0.0,0.077,4.284595445499999,4.2845954,0.7124999545000001,1.5,0.0,1.577,0.0,0.07554622714995744,1
2012-07-04 04:00:00+00:00,0.0337635,0.09581708753375,0.0351064432125,0.0,0.057,4.997095445499999,4.9970954,0.712499954500001,1.5,0.0,1.557,0.0,0.07459360264502438,1
2012-07-04 04:30:00+00:00,0.0338742,0.09594370093550002,0.035221546305,0.0,0.114,5.7095954455,5.7095954,0.712499954500001,1.5,0.0,1.614,0.0,0.07742656665494851,1
2012-07-04 05:00:00+00:00,0.0338742,0.3258437009355001,0.035221546305,0.0,0.118,5.647490182342105,5.6474902,0.13271494550000007,0.0,0.118,0.0,-0.0,0.0,1
2012-07-04 05:30:00+00:00,0.03388035,0.325850735013375,0.03522794092124999,0.0,0.103,5.593279656026316,5.5932797,0.1489748823421051,0.0,0.103,0.0,-0.0,0.0,1
2012-07-04 06:00:00+00:00,0.03415095,0.326160234439875,0.035509304036249995,0.0,0.11,5.53538491918421,5.5353849,0.15825095602631567,0.0,0.11,0.0,-0.0,0.0,1
2012-07-04 06:30:00+00:00,0.0454485,0.33908183549625004,0.0472562140875,0.0,0.069,5.499069129710526,5.4990691,0.16002591918420972,0.0,0.069,0.0,-0.0,0.0,1
2012-07-04 07:00:00+00:00,0.048216,0.34224717054000003,0.0501337914,0.0,0.054,5.470648077078947,5.4706481,0.1528684297105265,0.0,0.054,0.0,-0.0,0.0,1
2012-07-04 07:30:00+00:00,0.0472197,0.34110764992425,0.049097863567500004,0.001,0.16,5.386963866552632,5.3869639,0.14067467707894732,0.0,0.159,0.0,-0.0,0.0,1
2012-07-04 08:00:00+00:00,0.06583575,0.362399803651875,0.06845436695624998,0.005,0.23,5.268542813921053,5.2685428,0.1264741665526321,0.0,0.225,0.0,-0.0,0.0,1
2012-07-04 08:30:00+00:00,0.07097715,0.36828029275537505,0.07380026614124999,0.065,0.346,5.120648077078948,5.1206481,0.11321881392105304,0.0,0.281,0.0,5.551115123125783e-17,-2.0483688673370023e-18,1
2012-07-04 09:00:00+00:00,0.05513475,0.350160508149375,0.05732773468124999,0.145,0.244,5.068542813921053,5.0685428,0.10310087707894766,0.0,0.099,0.0,-0.0,0.0,1
2012-07-04 09:30:00+00:00,0.0513279,0.3458064139447501,0.053369467222499994,0.149,0.38,4.946963866552632,4.9469639,0.09710061392105285,0.0,0.231,0.0,-0.0,0.0,1
2012-07-04 10:00:00+00:00,0.05169075,0.346221424539375,0.053746749581249996,0.185,0.412,4.827490182342105,4.8274902,0.09487426655263143,0.0,0.227,0.0,2.7755575615628914e-17,-7.45885986048328e-19,1
2012-07-04 10:30:00+00:00,0.0548088,0.34978770202200005,0.05698882001999999,0.27,0.275,4.824858603394737,4.8248586,0.09500358234210537,0.0,0.005,4.336808689942018e-18,0.0,7.584811728819295e-19,1
2012-07-04 11:00:00+00:00,0.0440955,0.15713433836375,0.04584939851249999,0.269,0.405,4.753279656026316,4.7532797,0.09553080339473663,0.0,0.136,0.0,-0.0,0.0,1
2012-07-04 11:30:00+00:00,0.04545465,0.158688869574125,0.04726260870374999,0.283,0.234,4.776554656026316,4.7765547,0.094629256026316,0.049,0.0,5.551115123125783e-17,0.0,4.404500918823301e-18,1
2012-07-04 12:00:00+00:00,0.0400734,0.15253405143350002,0.041667319485,0.195,0.396,4.670765182342105,4.6707652,0.09122305602631631,0.0,0.201,0.0,-0.0,0.0,1
2012-07-04 12:30:00+00:00,0.0370107,0.14903108065175,0.0384828005925,0.122,0.214,4.622344129710526,4.6223441,0.08538528234210485,0.0,0.092,0.0,-0.0,0.0,1
2012-07-04 13:00:00+00:00,0.03663555,0.148602001901375,0.03809272900125,0.116,0.333,4.508133603394737,4.5081336,0.07840252971052575,0.0,0.217,2.7755575615628914e-17,0.0,2.062267050203723e-18,1
2012-07-04 13:30:00+00:00,0.038007,0.1501706012675,0.039518728424999996,0.076,0.373,4.351817813921053,4.3518178,0.07248470339473645,0.0,0.297,0.0,-0.0,0.0,1
2012-07-04 14:00:00+00:00,0.03902175,0.151331224116875,0.04057384010625,0.062,0.462,4.141291498131579,4.1412915,0.07019361392105239,0.0,0.4,0.0,-0.0,0.0,1
2012-07-04 14:30:00+00:00,0.0379332,0.150086192333,0.03944199303,0.089,0.428,3.9628704455000006,3.9628704,0.07374029813157978,0.0,0.339,0.0,5.551115123125783e-17,-1.0947352199752735e-18,1
2012-07-04 15:00:00+00:00,0.0390894,0.1514085989735,0.040644180885,0.091,0.231,3.8891862349736845,3.8891862,0.08433644550000041,0.0,0.14,0.0,-0.0,0.0,1
2012-07-04 15:30:00+00:00,0.0392124,0.151549280531,0.04077207321,0.122,0.316,3.7870809718157896,3.787081,0.10177423497368476,0.0,0.194,0.0,-0.0,0.0,1
2012-07-04 16:00:00+00:00,0.0459405,0.15924456172625,0.0477677833875,0.016,0.248,3.6649757086578947,3.6649757,0.1243471718157898,0.0,0.232,0.0,2.7755575615628914e-17,-6.629111619013694e-19,1
2012-07-04 16:30:00+00:00,0.04490115,0.158055802565375,0.04668709324125,0.003,0.246,3.5370809718157896,3.537081,0.14913920865789487,0.0,0.243,0.0,-0.0,0.0,1
2012-07-04 17:00:00+00:00,0.04602045,0.159336004738625,0.04785091339874999,0.002,0.262,3.4002388665526317,3.4002389,0.17261207181578975,0.0,0.26,0.0,-0.0,0.0,1
2012-07-04 17:30:00+00:00,0.04818525,0.161812000150625,0.05010181831874999,0.0,0.396,3.1918178139210527,3.1918178,0.19134366655263157,0.0,0.396,0.0,-0.0,0.0,1
2012-07-04 18:00:00+00:00,0.06098955,0.176456950286375,0.06341540935125,0.0,0.928,2.703396761289474,2.7033968,0.20273531392105282,0.0,0.928,0.0,-0.0,0.0,1
2012-07-04 18:30:00+00:00,0.0607989,0.17623889387225,0.06321717624749999,0.0,0.462,2.460238866552632,2.4602389,0.20551186128947396,0.0,0.462,0.0,-0.0,0.0,1
2012-07-04 19:00:00+00:00,0.05932905,0.174557749260125,0.06168886296375,0.0,1.158,1.8507651823421054,1.8507652,0.1998998665526317,0.0,1.158,0.0,-0.0,0.0,1
2012-07-04 19:30:00+00:00,0.05729955,0.172236503561375,0.05957863960124999,0.0,0.294,1.6960283402368423,1.6960283,0.18661358234210534,0.0,0.294,0.0,-0.0,0.0,1
2012-07-04 20:00:00+00:00,0.05124795,0.165314970932375,0.05328633721125,0.0,0.233,1.573396761289474,1.5733968,0.16944944023684227,0.0,0.233,0.0,-0.0,0.0,1
2012-07-04 20:30:00+00:00,0.05274855,0.16703128593387498,0.054846623576249996,0.0,0.3,1.4155020244473686,1.415502,0.15121296128947392,0.0,0.3,0.0,-0.0,0.0,1
2012-07-04 21:00:00+00:00,0.04281015,0.155664216087875,0.04451292371624999,0.0,0.097,1.3644493928684212,1.3644494,0.13352512444736853,0.0,0.097,0.0,-0.0,0.0,1
2012-07-04 21:30:00+00:00,0.04341285,0.156353555719625,0.04513959610875,0.0,0.105,1.3091862349736842,1.3091862,0.11696779286842118,0.0,0.105,0.0,-0.0,0.0,1
2012-07-04 22:00:00+00:00,0.040959,0.1535469586475,0.042588144225,0.0,0.17,1.2197125507631579,1.2197126,0.10254093497368433,0.0,0.17,0.0,-0.0,0.0,1
2012-07-04 22:30:00+00:00,0.04599585,0.159307868427125,0.04782533493375,0.0,0.201,1.1139230770789474,1.1139231,0.08976475076315782,0.0,0.201,0.0,-0.0,0.0,1
2012-07-04 23:00:00+00:00,0.03850515,0.150740361575375,0.04003669234125,0.0,0.187,1.0155020244473685,1.015502,0.07771887707894742,0.0,0.187,0.0,-0.0,0.0,1
2012-07-04 23:30:00+00:00,0.0381669,0.15035348729225,0.03968498844749999,0.0,0.179,1.000000000236842,1.0,0.015502024447368479,0.0,0.029453846,0.149546154,0.0,0.011242392882521931,1
2012-07-05 00:00:00+00:00,0.0353379,0.09761781146975,0.036743464972499994,0.0,0.184,1.000000000236842,1.0,2.3684210148644524e-10,0.0,0.0,0.184,0.0,0.008980838655217,1
2012-07-05 00:30:00+00:00,0.03552855,0.097835867883875,0.03694169807625,0.0,0.111,1.000000000236842,1.0,2.3684210148644524e-10,0.0,0.0,0.111,0.0,0.005429890667555062,1
2012-07-05 01:00:00+00:00,0.0345384,0.09670338134600001,0.03591216485999999,0.0,0.116,1.095923305236842,1.0959233,0.09592329976315783,0.2019438,0.0,0.3179438,0.0,0.015373120268998178,1
2012-07-05 01:30:00+00:00,0.03459375,0.09676668804687502,0.03596971640625,0.0,0.075,1.191846610236842,1.1918466,5.23684207109909e-09,0.2019438,0.0,0.2769438,0.0,0.013399467150558075,1
2012-07-05 02:00:00+00:00,0.0339111,0.09598590540275,0.0352599140025,0.0,0.079,1.9043466102368418,1.9043466,0.7124999897631581,1.5,0.0,1.579,0.0,0.07578087231547112,1
2012-07-05 02:30:00+00:00,0.03369585,0.09573971267712503,0.03503610243375,0.0,0.115,2.6168466102368417,2.6168466,0.7124999897631583,1.5,0.0,1.615,0.0,0.07730981798677845,1
2012-07-05 03:00:00+00:00,0.03346215,0.09547241771787501,0.03479310701625,0.0,0.072,3.3293466102368416,3.3293466,0.7124999897631583,1.5,0.0,1.572,0.0,0.07504132032624976,1
2012-07-05 03:30:00+00:00,0.03356055,0.095584962963875,0.03489542087625,0.0,0.09,4.041846610236842,4.0418466,0.7124999897631588,1.5,0.0,1.59,0.0,0.07599004555628062,1
2012-07-05 04:00:00+00:00,0.033825,0.0958874283125,0.035170389375,0.0,0.095,4.754346610236842,4.7543466,0.7124999897631579,1.5,0.0,1.595,0.0,0.07647022407921875,1
2012-07-05 04:30:00+00:00,0.0338004,0.09585929200100002,0.03514481091,0.0,0.097,5.466846610236843,5.4668466,0.7124999897631579,1.5,0.0,1.597,0.0,0.07654364466279852,1
2012-07-05 05:00:00+00:00,0.03385575,0.325822598701875,0.03520236245624999,0.0,0.107,5.410530820763158,5.4105308,0.1304672102368425,0.0,0.107,0.0,-0.0,0.0,1
2012-07-05 05:30:00+00:00,0.0338865,0.32585776909125,0.0352343355375,0.0,0.145,5.3342150312894745,5.334215,0.14590812076315807,0.0,0.145,0.0,-0.0,0.0,1
2012-07-05 06:00:00+00:00,0.03447075,0.3265260064893751,0.03584182408125,0.0,0.238,5.208951873394738,5.2089519,0.15439133128947446,0.0,0.238,0.0,-0.0,0.0,1
2012-07-05 06:30:00+00:00,0.04122345,0.334249423996125,0.04286311272375,0.0,0.503,4.944215031289475,4.944215,0.15540667339473746,0.0,0.503,0.0,-0.0,0.0,1
2012-07-05 07:00:00+00:00,0.0492,0.34337262300000004,0.051156929999999996,0.0,0.878,4.48210976813158,4.4821098,0.14755453128947504,0.0,0.878,0.0,-0.0,0.0,1
2012-07-05 07:30:00+00:00,0.04524555,0.338849710926375,0.04704519175125,0.001,0.64,4.1457939786578955,4.145794,0.13471606813158044,0.0,0.639,0.0,-0.0,0.0,1
2012-07-05 08:00:00+00:00,0.05340045,0.348176898188625,0.05552445289874999,0.02,0.663,3.8073729260263165,3.8073729,0.11991947865789587,0.0,0.643,0.0,-0.0,0.0,1
2012-07-05 08:30:00+00:00,0.05373255,0.348556738393875,0.05586976217624999,0.093,0.651,3.5136887155000007,3.5136887,0.10611272602631638,0.0,0.558,0.0,-0.0,0.0,1
2012-07-05 09:00:00+00:00,0.0533574,0.34812765964350006,0.055479690585,0.144,0.736,3.2021097681315798,3.2021098,0.09548281550000093,0.0,0.592,0.0,-0.0,0.0,1
2012-07-05 09:30:00+00:00,0.05337585,0.34814876187712507,0.055498874433750005,0.187,0.612,2.978425557605264,2.9784256,0.08900456813157964,0.0,0.425,0.0,-0.0,0.0,1
2012-07-05 10:00:00+00:00,0.05039925,0.34474426818562504,0.05240388016875,0.237,0.277,2.9573729260263164,2.9573729,0.08632965760526368,0.0,0.04,3.469446951953614e-17,0.0,5.98035975230048e-18,1
2012-07-05 10:30:00+00:00,0.04915695,0.34332338445487504,0.051112167686249994,0.266,0.115,3.0290979260263162,3.0290979,0.08603702602631635,0.151,0.0,0.0,-0.0,0.0,1
2012-07-05 11:00:00+00:00,0.0477732,0.161340716933,0.04967337903,0.283,0.144,3.095122926026316,3.0951229,0.08616832602631641,0.139,0.0,5.551115123125783e-17,0.0,4.478104468713662e-18,1
2012-07-05 11:30:00+00:00,0.0425211,0.15533361442774998,0.0442123767525,0.289,0.14,3.165897926026316,3.1658979,0.08489782602631601,0.149,0.0,5.551115123125783e-17,0.0,4.311373880898361e-18,1
2012-07-05 12:00:00+00:00,0.04063305,0.153174152520125,0.04224922956375,0.142,0.319,3.0727400312894737,3.07274,0.08115232602631561,0.0,0.177,2.7755575615628914e-17,0.0,2.125718386316103e-18,1
2012-07-05 12:30:00+00:00,0.04057155,0.15310381174137502,0.042185283401249996,0.037,0.247,2.9622137155,2.9622137,0.07500743128947374,0.0,0.21,0.0,-0.0,0.0,1
2012-07-05 13:00:00+00:00,0.03764415,0.149755590672875,0.039141446066249995,0.051,1.054,2.927778288131579,2.9277783,0.034435415499999955,0.0,0.065427312,0.9375726880000002,0.0,0.07020337584509759,1
2012-07-05 13:30:00+00:00,0.03646335,0.148405047720875,0.03791367974624999,0.103,0.212,2.927778288131579,2.9277783,1.1868420912719557e-08,0.0,0.0,0.109,0.0,0.008088075100787687,1
2012-07-05 14:00:00+00:00,0.0361005,0.14799003712625,0.037536397387499996,0.1,0.227,2.927778288131579,2.9277783,1.1868420912719557e-08,0.0,0.0,0.127,0.0,0.009397367357516876,1
2012-07-05 14:30:00+00:00,0.03651255,0.148461320343875,0.037964836676249995,0.165,0.198,2.927778288131579,2.9277783,1.1868420912719557e-08,0.0,0.0,0.033,0.0,0.0024496117856739373,1
2012-07-05 15:00:00+00:00,0.03648795,0.14843318403237502,0.03793925821124999,0.129,0.226,2.927778288131579,2.9277783,1.1868420912719557e-08,0.0,0.0,0.097,0.0,0.007199009425570189,1
2012-07-05 15:30:00+00:00,0.03629115,0.14820809354037498,0.03773463049125,0.072,0.139,2.927778288131579,2.9277783,1.1868420912719557e-08,0.0,0.0,0.06700000000000002,0.0,0.004964971133602563,1
2012-07-05 16:00:00+00:00,0.0368508,0.14884819462700002,0.03831654057,0.018,0.092,2.927778288131579,2.9277783,1.1868420912719557e-08,0.0,0.0,0.074,0.0,0.005507383201199,1
2012-07-05 16:30:00+00:00,0.0373797,0.14945312532425,0.0388664775675,0.002,0.129,2.927778288131579,2.9277783,1.1868420912719557e-08,0.0,0.0,0.127,0.0,0.009490273458089876,1
2012-07-05 17:00:00+00:00,0.04022715,0.152709903380375,0.04182718489125,0.001,0.182,2.832515130236842,2.8325151,0.1610771881315789,0.0,0.181,0.0,-0.0,0.0,1
2012-07-05 17:30:00+00:00,0.04754565,0.161080456051625,0.04943677822875,0.0,0.403,2.6204098670789473,2.6204099,0.1798776302368421,0.0,0.403,0.0,-0.0,0.0,1
2012-07-05 18:00:00+00:00,0.05485185,0.16943694056712502,0.05703358233375,0.0,0.594,2.307778288131579,2.3077783,0.19138936707894727,0.0,0.594,0.0,-0.0,0.0,1
2012-07-05 18:30:00+00:00,0.0773424,0.19516056335600002,0.08041869396000001,0.0,0.713,1.9325151302368422,1.9325151,0.19434038813157883,0.0,0.713,0.0,-0.0,0.0,1
2012-07-05 19:00:00+00:00,0.08218245,0.20069638264362502,0.08545125694875,0.0,0.489,1.6751467091842107,1.6751467,0.1889580302368421,0.0,0.489,0.0,-0.0,0.0,1
2012-07-05 19:30:00+00:00,0.0534312,0.16781206857800002,0.05555642598,0.0,0.392,1.4688309197105265,1.4688309,0.1759641091842108,0.0,0.392,0.0,-0.0,0.0,1
2012-07-05 20:00:00+00:00,0.05203515,0.16621533290037502,0.05410484809125,0.0,0.579,1.3469133565526317,1.3469134,0.12191751971052645,0.0,0.23164337,0.34735662999999994,0.0,0.02886799894530119,1
2012-07-05 20:30:00+00:00,0.054489,0.1690219299725,0.056656299975,0.0,0.388,1.1427028302368423,1.1427028,0.14127145655263162,0.0,0.388,0.0,-0.0,0.0,1
2012-07-05 21:00:00+00:00,0.05265015,0.16691874068787502,0.054744309716249995,0.0,0.165,1.0816502355000002,1.0816502,0.061052630236842376,0.0,0.11599993,0.04900007000000001,0.0,0.0040895149890088625,1
2012-07-05 21:30:00+00:00,0.049077,0.16283194144250002,0.051029037675,0.0,0.089,1.0816502355000002,1.0816502,3.550000027274791e-08,0.0,0.0,0.089,0.0,0.00724602139419125,1
2012-07-05 22:00:00+00:00,0.04015335,0.152625494445875,0.041750449496249994,0.0,0.137,1.0816502355000002,1.0816502,3.550000027274791e-08,0.0,0.0,0.137,0.0,0.010454846369542439,1
2012-07-05 22:30:00+00:00,0.0531483,0.16748850099575,0.0552622736325,0.0,0.093,1.0327028670789475,1.0327029,0.08165023550000017,0.0,0.093,0.0,-0.0,0.0,1
2012-07-05 23:00:00+00:00,0.04363425,0.156606782523125,0.04536980229374999,0.0,0.11,1.0327028670789475,1.0327029,3.29210525507051e-08,0.0,0.0,0.11,0.0,0.008613373038771875,1
2012-07-05 23:30:00+00:00,0.04577445,0.159054641623625,0.04759512874875,0.0,0.111,1.0000000002368423,1.0,0.03270286707894754,0.0,0.062135447,0.048864553,0.0,0.003886066982756815,1
2012-07-06 00:00:00+00:00,0.03957525,0.10246429112562502,0.04114935556875,0.0,0.098,1.0000000002368423,1.0,2.3684232353105017e-10,0.0,0.0,0.098,0.0,0.005020750265155627,1
2012-07-06 00:30:00+00:00,0.03648795,0.09893318403237499,0.03793925821124999,0.0,0.124,1.4514835767368424,1.4514836,0.45148359976315766,0.95049174,0.0,1.07449174,0.0,0.05315144452734341,1
2012-07-06 01:00:00+00:00,0.03683235,0.099327092393375,0.038297356721249995,0.0,0.077,1.9029671532368424,1.9029672,2.3263157622466224e-08,0.95049174,0.0,1.02749174,0.0,0.05102888349620483,1
2012-07-06 01:30:00+00:00,0.03705375,0.099580319196875,0.03852756290625,0.0,0.174,2.3544507297368424,2.3544507,4.67631575684635e-08,0.95049174,0.0,1.12449174,0.0,0.055988623201724694,1
2012-07-06 02:00:00+00:00,0.0355347,0.09784290196175002,0.0369480926925,0.0,0.148,3.0669507297368424,3.0669507,0.7124999702631576,1.5,0.0,1.648,0.0,0.08062255121648201,1
2012-07-06 02:30:00+00:00,0.03434775,0.096485324931875,0.035713931756250004,0.0,0.079,3.7794507297368423,3.7794507,0.7124999702631576,1.5,0.0,1.579,0.0,0.07617516403371531,1
2012-07-06 03:00:00+00:00,0.0338619,0.09592963277975002,0.0352087570725,0.0,0.069,4.491950729736843,4.4919507,0.712499970263158,1.5,0.0,1.569,0.0,0.07525679691571388,1
2012-07-06 03:30:00+00:00,0.0338742,0.09594370093550002,0.035221546305,0.0,0.092,5.204450729736843,5.2044507,0.7124999702631571,1.5,0.0,1.592,0.0,0.07637118594465801,1
2012-07-06 04:00:00+00:00,0.03386805,0.095936666857625,0.035215151688749995,0.0,0.069,5.916950729736843,5.9169507,0.7124999702631571,1.5,0.0,1.569,0.0,0.07526231514980682,1
2012-07-06 04:30:00+00:00,0.0336528,0.09569047413199999,0.03499134011999999,0.0,0.085,6.629450729736844,6.6294507,0.7124999702631563,1.5,0.0,1.585,0.0,0.07583470074960999,1
2012-07-06 05:00:00+00:00,0.03319155,0.325062918291375,0.034511743901249996,0.0,0.108,6.572608624473686,6.5726086,0.13061512973684408,0.0,0.108,0.0,-0.0,0.0,1
2012-07-06 05:30:00+00:00,0.0338619,0.32582963277975,0.0352087570725,0.0,0.068,6.5368191507894755,6.5368192,0.1467533244736856,0.0,0.068,0.0,-0.0,0.0,1
2012-07-06 06:00:00+00:00,0.03432315,0.326357188620375,0.035688353291249995,0.0,0.056,6.507345466578949,6.5073455,0.15593125078947523,0.0,0.056,0.0,-0.0,0.0,1
2012-07-06 06:30:00+00:00,0.03536865,0.327552981859125,0.03677543805375,0.0,0.498,6.245240203421054,6.2452402,0.15764176657894868,0.0,0.498,0.0,-0.0,0.0,1
2012-07-06 07:00:00+00:00,0.03814845,0.33073238505862507,0.03966580459875,0.0,2.307,5.455766519210528,5.4557665,0.1505129034210544,0.0,1.5,0.8069999999999999,0.0,0.1334505173711552,1
2012-07-06 07:30:00+00:00,0.04169085,0.33478401391462503,0.04334910355875,0.001,0.215,5.343134940263159,5.3431349,0.13840681921052767,0.0,0.214,0.0,-0.0,0.0,1
2012-07-06 08:00:00+00:00,0.04980885,0.34406899670962504,0.05178999700874999,0.027,1.438,4.60050336131579,4.6005034,0.12434644026315933,0.0,1.411,0.0,-0.0,0.0,1
2012-07-06 08:30:00+00:00,0.0541692,0.34905615792300004,0.05632377993,0.041,0.09,4.57471388763158,4.5747139,0.11127236131579021,0.0,0.049,0.0,6.938893903907228e-18,-1.9541236660064464e-19,1
2012-07-06 09:00:00+00:00,0.0558789,0.35101163157225,0.058101483247499995,0.079,0.084,4.5720823086842115,4.5720823,0.10136298763158003,0.0,0.005,4.336808689942018e-18,0.0,7.611351470366299e-19,1
2012-07-06 09:30:00+00:00,0.0567153,0.35196826616325005,0.0589711510575,0.044,0.14,4.521555992894738,4.521556,0.09558410868421152,0.0,0.096,1.3877787807814457e-17,0.0,2.4422704564489726e-18,1
2012-07-06 10:00:00+00:00,0.05379405,0.34862707917262503,0.05593370833875,0.069,0.18,4.463134940263159,4.4631349,0.09357989289473778,0.0,0.111,0.0,1.3877787807814457e-17,-3.8811806781467727e-19,1
2012-07-06 10:30:00+00:00,0.0507744,0.34517334693600005,0.05279395175999999,0.07,0.31,4.336819150789474,4.3368192,0.09392364026315914,0.0,0.24,0.0,-0.0,0.0,1
2012-07-06 11:00:00+00:00,0.0436035,0.15657161213375,0.0453378292125,0.118,0.552,4.108398098157895,4.1083981,0.09465355078947457,0.0,0.434,5.551115123125783e-17,0.0,4.34573521983922e-18,1
2012-07-06 11:30:00+00:00,0.04346205,0.156409828342625,0.04519075303875,0.053,0.975,3.6231349402631583,3.6231349,0.09394279815789552,0.0,0.922,0.0,1.1102230246251565e-16,-2.5085907261884756e-18,1
2012-07-06 12:00:00+00:00,0.0408483,0.15342034524575,0.04247304113249999,0.05,2.319,2.8336612560526317,2.8336613,0.09071804026315844,0.0,1.5,0.7690000000000001,0.0,0.05899012274699088,1
2012-07-06 12:30:00+00:00,0.0403071,0.15280134639275,0.041910314902499995,0.082,0.593,2.8336612560526317,2.8336613,4.3947368411068055e-08,0.0,0.0,0.511,0.0,0.03904074400334763,1
2012-07-06 13:00:00+00:00,0.0380931,0.15026907835775,0.03960825305249999,0.13,0.414,2.8336612560526317,2.8336613,4.3947368411068055e-08,0.0,0.0,0.284,0.0,0.021338209126800498,1
2012-07-06 13:30:00+00:00,0.044526,0.157626723815,0.04629702165,0.102,0.738,2.4989244139473685,2.4989244,0.07249875605263156,0.0,0.636,0.0,-0.0,0.0,1
2012-07-06 14:00:00+00:00,0.04315455,0.15605812444887499,0.044871022226249994,0.099,0.555,2.2606993034210525,2.2606993,0.07037581394736847,0.0,0.45262771,0.0033722900000000555,0.0,0.00026313662624885266,1
2012-07-06 14:30:00+00:00,0.0376257,0.14973448843925,0.039122262217499995,0.024,0.419,2.2606993034210525,2.2606993,3.4210523303102036e-09,0.0,0.0,0.39499999999999996,0.0,0.02957256146675187,1
2012-07-06 15:00:00+00:00,0.0387327,0.15100062245674997,0.04027329314249999,0.041,0.471,2.2606993034210525,2.2606993,3.4210523303102036e-09,0.0,0.0,0.43,0.0,0.032465133828201244,1
2012-07-06 15:30:00+00:00,0.03865275,0.15090917944437499,0.04019016313125,0.09,0.297,2.2606993034210525,2.2606993,3.4210523303102036e-09,0.0,0.0,0.207,0.0,0.01561910007249281,1
2012-07-06 16:00:00+00:00,0.0404793,0.15299830057324998,0.042089364157499996,0.028,0.31,2.2606993034210525,2.2606993,3.4210523303102036e-09,0.0,0.0,0.282,0.0,0.021572760380828244,1
2012-07-06 16:30:00+00:00,0.0404055,0.15291389163875,0.0420126287625,0.003,1.449,2.2606993034210525,2.2606993,3.4210523303102036e-09,0.0,0.0,1.4460000000000002,0.0,0.11055674365481626,1
2012-07-06 17:00:00+00:00,0.0414018,0.1540534122545,0.043048556594999995,0.0,2.189,2.2606993034210525,2.2606993,3.4210523303102036e-09,0.0,0.0,2.189,0.0,0.16861145971255026,1
2012-07-06 17:30:00+00:00,0.0453624,0.15858335840600002,0.047166689459999994,0.0,0.723,1.8801729876315787,1.880173,0.1925923034210526,0.0,0.723,0.0,-0.0,0.0,1
2012-07-06 18:00:00+00:00,0.05326515,0.16762214847537502,0.05538377134125,0.0,0.447,1.6449098297368419,1.6449098,0.20417518763157871,0.0,0.447,0.0,-0.0,0.0,1
2012-07-06 18:30:00+00:00,0.04825905,0.161896409085125,0.05017855371374999,0.0,0.274,1.5006993034210523,1.5006993,0.20717572973684195,0.0,0.274,0.0,-0.0,0.0,1
2012-07-06 19:00:00+00:00,0.0486096,0.16229735152400002,0.050543046839999994,0.0,0.253,1.3675414086842101,1.3675414,0.20182350342105226,0.0,0.253,0.0,-0.0,0.0,1
2012-07-06 19:30:00+00:00,0.04193685,0.154665377029625,0.04360488820874999,0.0,0.323,1.3675414086842101,1.3675414,8.684210239806589e-09,0.0,0.0,0.323,0.0,0.024978458390284435,1
2012-07-06 20:00:00+00:00,0.0382161,0.15040975991525,0.0397361453775,0.0,0.249,1.3675414086842101,1.3675414,8.684210239806589e-09,0.0,0.0,0.249,0.0,0.018726015109448622,1
2012-07-06 20:30:00+00:00,0.0453747,0.15859742656175,0.04717947869249999,0.0,0.194,1.2654361455263154,1.2654361,0.15410490868421012,0.0,0.194,0.0,-0.0,0.0,1
2012-07-06 21:00:00+00:00,0.0452394,0.1584426768485,0.047038797135,0.0,0.19,1.1654361455263154,1.1654361,0.10135884552631547,0.0,0.19,0.0,-0.0,0.0,1
2012-07-06 21:30:00+00:00,0.03977205,0.152189381617625,0.04135398328875,0.0,0.088,1.1654361455263154,1.1654361,4.552631538423668e-08,0.0,0.0,0.088,0.0,0.006696332791175499,1
2012-07-06 22:00:00+00:00,0.0400365,0.15249184696624998,0.0416289517875,0.0,0.088,1.1640772780526312,1.1640773,0.0013588455263153776,0.0,0.0025818482,0.0854181518,0.0,0.006512785866212755,1
2012-07-06 22:30:00+00:00,0.04797,0.16156580742499999,0.049878006749999995,0.0,0.098,1.1124983306842102,1.1124983,0.0939937780526312,0.0,0.098,0.0,-0.0,0.0,1
2012-07-06 23:00:00+00:00,0.0398028,0.152224552007,0.04138595637,0.0,0.088,1.0700834654210523,1.0700835,0.04241483068421026,0.0,0.080588244,0.007411755999999992,0.0,0.0005641256183425965,1
2012-07-06 23:30:00+00:00,0.0452886,0.1584989494715,0.047089954064999995,0.0,0.101,1.0169255706842102,1.0169256,0.07008346542105226,0.0,0.101,0.0,-0.0,0.0,1
2012-07-07 00:00:00+00:00,0.0423366,0.10562259209150002,0.044020538265,0.0,0.133,1.0169255706842102,1.0169256,2.931578979570304e-08,0.0,0.0,0.133,0.0,0.007023902374084751,1
2012-07-07 00:30:00+00:00,0.03867735,0.10143731575587499,0.04021574159624999,0.0,0.109,1.0169255706842102,1.0169256,2.931578979570304e-08,0.0,0.0,0.109,0.0,0.005528333708695187,1
2012-07-07 01:00:00+00:00,0.0371091,0.09964362589775001,0.03858511445249999,0.0,0.174,1.0169255706842102,1.0169256,2.931578979570304e-08,0.0,0.0,0.174,0.0,0.00866899545310425,1
2012-07-07 01:30:00+00:00,0.0364572,0.09889801364300002,0.03790728513,0.0,0.196,1.4533811921842101,1.4533812,0.43645562931578974,0.91885394,0.0,1.11485394,0.0,0.05512842008403616,1
2012-07-07 02:00:00+00:00,0.03541785,0.09770925448212502,0.03682659498375,0.0,0.101,2.16588119218421,2.1658812,0.7125000078157897,1.5,0.0,1.601,0.0,0.07821625821294108,1
2012-07-07 02:30:00+00:00,0.03379425,0.095852257923125,0.03513841629375,0.0,0.087,2.87838119218421,2.8783812,0.7125000078157901,1.5,0.0,1.587,0.0,0.07605876666199969,1
2012-07-07 03:00:00+00:00,0.03386805,0.095936666857625,0.035215151688749995,0.0,0.071,3.59088119218421,3.5908812,0.7125000078157901,1.5,0.0,1.571,0.0,0.07535825181666443,1
2012-07-07 03:30:00+00:00,0.03383115,0.09589446239037501,0.035176783991249995,0.0,0.056,4.30338119218421,4.3033812,0.7125000078157897,1.5,0.0,1.556,0.0,0.07460589173971176,1
2012-07-07 04:00:00+00:00,0.03384345,0.09590853054612498,0.03518957322374999,0.0,0.08,5.01588119218421,5.0158812,0.7125000078157901,1.5,0.0,1.58,0.0,0.07576773913143874,1
2012-07-07 04:30:00+00:00,0.0331116,0.09507147527900002,0.034428613889999994,0.0,0.098,5.7283811921842105,5.7283812,0.7125000078157901,1.5,0.0,1.598,0.0,0.07596210874792102,1
2012-07-07 05:00:00+00:00,0.0331608,0.325027747902,0.03447977082,0.0,0.08,5.686275929026316,5.6862759,0.1383624921842106,0.0,0.08,0.0,-0.0,0.0,1
2012-07-07 05:30:00+00:00,0.03328995,0.32517546353737503,0.03461405776125,0.0,0.086,5.641012771131579,5.6410128,0.15401872902631553,0.0,0.086,0.0,-0.0,0.0,1
2012-07-07 06:00:00+00:00,0.03182625,0.323501353003125,0.03309213909375,0.0,0.079,5.599433823763158,5.5994338,0.16270477113157877,0.0,0.079,0.0,-0.0,0.0,1
2012-07-07 06:30:00+00:00,0.03295785,0.324795623332125,0.03426874848374999,0.0,0.054,5.571012771131579,5.5710128,0.16391992376315745,0.0,0.054,0.0,-0.0,0.0,1
2012-07-07 07:00:00+00:00,0.0326688,0.32446502167200003,0.03396820151999999,0.0,0.122,5.506802244815789,5.5068022,0.15632387113157886,0.0,0.122,0.0,-0.0,0.0,1
2012-07-07 07:30:00+00:00,0.0339603,0.32594217802575004,0.0353110709325,0.001,0.307,5.345749613236842,5.3457496,0.14376394481578902,0.0,0.306,0.0,-0.0,0.0,1
2012-07-07 08:00:00+00:00,0.0345507,0.32661744950175003,0.035924954092499996,0.041,0.377,5.168907507973684,5.1689075,0.12926171323684255,0.0,0.336,0.0,-0.0,0.0,1
2012-07-07 08:30:00+00:00,0.038499,0.3311333274975,0.040030297725,0.096,2.274,4.379433823763158,4.3794338,0.11575400797368474,0.0,1.5,0.6779999999999999,0.0,0.1122541980216525,1
2012-07-07 09:00:00+00:00,0.04545465,0.33908886957412504,0.04726260870374999,0.114,0.292,4.285749613236842,4.2857496,0.10541432376315818,0.0,0.178,0.0,-0.0,0.0,1
2012-07-07 09:30:00+00:00,0.04822215,0.34225420461787504,0.05014018601624999,0.168,0.263,4.235749613236842,4.2357496,0.09920341323684134,0.0,0.095,0.0,-0.0,0.0,1
2012-07-07 10:00:00+00:00,0.04519635,0.338793438303375,0.04699403482125,0.173,0.996,3.8025917185,3.8025917,0.09676121323684228,0.0,0.823,0.0,-0.0,0.0,1
2012-07-07 10:30:00+00:00,0.0423612,0.335550728403,0.044046116729999994,0.138,0.572,3.574170665868421,3.5741707,0.09665901850000003,0.0,0.434,0.0,5.551115123125783e-17,-1.2225253234743326e-18,1
2012-07-07 11:00:00+00:00,0.03755805,0.149657113582625,0.03905192143875,0.149,0.88,3.189433823763158,3.1894338,0.09693496586842087,0.0,0.731,0.0,-0.0,0.0,1
2012-07-07 11:30:00+00:00,0.0361497,0.14804630974925,0.037587554317499994,0.287,0.537,3.189433823763158,3.1894338,2.376315766383641e-08,0.0,0.0,0.25000000000000006,0.0,0.018505788718656255,1
2012-07-07 12:00:00+00:00,0.03559005,0.147406208662625,0.03700564423874999,0.158,0.313,3.189433823763158,3.1894338,2.376315766383641e-08,0.0,0.0,0.155,0.0,0.011423981171353436,1
2012-07-07 12:30:00+00:00,0.0348336,0.146541017084,0.036219106439999996,0.147,0.283,3.189433823763158,3.1894338,2.376315766383641e-08,0.0,0.0,0.13599999999999998,0.0,0.009964789161711998,1
2012-07-07 13:00:00+00:00,0.0351165,0.14686458466625002,0.0365132587875,0.113,0.355,3.189433823763158,3.1894338,2.376315766383641e-08,0.0,0.0,0.242,0.0,0.01777061474461625,1
2012-07-07 13:30:00+00:00,0.0346491,0.14632999474775002,0.0360272679525,0.088,0.182,3.189433823763158,3.1894338,2.376315766383641e-08,0.0,0.0,0.094,0.0,0.006877509753144251,1
2012-07-07 14:00:00+00:00,0.03389265,0.145464803169125,0.03524073015375,0.096,0.455,3.189433823763158,3.1894338,2.376315766383641e-08,0.0,0.0,0.359,0.0,0.026110932168857934,1
2012-07-07 14:30:00+00:00,0.0339726,0.1455562461815,0.035323860165,0.171,0.424,3.189433823763158,3.1894338,2.376315766383641e-08,0.0,0.0,0.253,0.0,0.01841286514195975,1
2012-07-07 15:00:00+00:00,0.03395415,0.14553514394787498,0.03530467631625,0.05,0.25,3.189433823763158,3.1894338,2.376315766383641e-08,0.0,0.0,0.2,0.0,0.014553514394787498,1
2012-07-07 15:30:00+00:00,0.0353625,0.14714594778125,0.036769043437499996,0.048,0.279,3.189433823763158,3.1894338,2.376315766383641e-08,0.0,0.0,0.23100000000000004,0.0,0.016995356968734377,1
2012-07-07 16:00:00+00:00,0.0366294,0.14859496782349998,0.038086334385,0.037,1.677,3.189433823763158,3.1894338,2.376315766383641e-08,0.0,0.0,1.6400000000000001,0.0,0.12184787361527,1
2012-07-07 16:30:00+00:00,0.03818535,0.15037458952587499,0.03970417229625,0.011,1.075,2.6855840869210525,2.6855841,0.14754922376315793,0.0,0.9573145,0.1066855000000001,0.0,0.008021394135431376,1
2012-07-07 17:00:00+00:00,0.04407705,0.15711323613012498,0.045830214663749994,0.001,0.276,2.5408472448157893,2.5408472,0.1708064869210526,0.0,0.275,0.0,-0.0,0.0,1
2012-07-07 17:30:00+00:00,0.05060835,0.164583426833375,0.05262129712125,0.0,0.214,2.4282156658684206,2.4282157,0.18936714481578942,0.0,0.214,0.0,-0.0,0.0,1
2012-07-07 18:00:00+00:00,0.0596181,0.17488835092025,0.061989409927499996,0.0,0.242,2.300847244815789,2.3008472,0.20064746586842075,0.0,0.242,0.0,-0.0,0.0,1
2012-07-07 18:30:00+00:00,0.06343725,0.179256513280625,0.06596046661874999,0.0,0.625,1.9718998763947364,1.9718999,0.20338374481578914,0.0,0.625,0.0,-0.0,0.0,1
2012-07-07 19:00:00+00:00,0.0563463,0.17114622149074998,0.0585874740825,0.0,0.374,1.7750577711315785,1.7750578,0.19780797639473646,0.0,0.374,0.0,-0.0,0.0,1
2012-07-07 19:30:00+00:00,0.0528039,0.16709459263475,0.0549041751225,0.0,0.273,1.6313735606052626,1.6313736,0.1846597711315785,0.0,0.273,0.0,-0.0,0.0,1
2012-07-07 20:00:00+00:00,0.0481914,0.1618190342285,0.050108212935,0.0,0.277,1.4855840869210521,1.4855841,0.1676813606052625,0.0,0.277,0.0,-0.0,0.0,1
2012-07-07 20:30:00+00:00,0.04465515,0.15777443945037498,0.04643130859124999,0.0,0.242,1.3582156658684206,1.3582157,0.14965858692105205,0.0,0.242,0.0,-0.0,0.0,1
2012-07-07 21:00:00+00:00,0.0430377,0.15592447696925002,0.0447495245175,0.0,0.089,1.3113735606052628,1.3113736,0.13221636586842056,0.0,0.089,0.0,-0.0,0.0,1
2012-07-07 21:30:00+00:00,0.0379209,0.15007212417725,0.03942920379749999,0.0,0.091,1.2634788237631576,1.2634788,0.1159477606052628,0.0,0.091,0.0,-0.0,0.0,1
2012-07-07 22:00:00+00:00,0.03721365,0.149263205221625,0.03869382292875,0.0,0.129,1.232468434815789,1.2324684,0.031010423763157657,0.0,0.058919739,0.070080261,0.0,0.005230202189814022,1
2012-07-07 22:30:00+00:00,0.0395076,0.151886916269,0.04107901479,0.0,0.072,1.1945736979736838,1.1945737,0.08935523481578911,0.0,0.072,0.0,-0.0,0.0,1
2012-07-07 23:00:00+00:00,0.03797625,0.150135430878125,0.03948675534375,0.0,0.061,1.1624684348157892,1.1624684,0.07762829797368376,0.0,0.061,0.0,-0.0,0.0,1
2012-07-07 23:30:00+00:00,0.0375765,0.14967821581625002,0.0390711052875,0.0,0.151,1.0829947506052628,1.0829948,0.06548493481578932,0.0,0.151,0.0,-0.0,0.0,1
2012-07-08 00:00:00+00:00,0.0359037,0.09826494663425002,0.037331769667499994,0.0,0.136,1.0829947506052628,1.0829948,4.9394737189345506e-08,0.0,0.0,0.136,0.0,0.0066820163711290015,1
2012-07-08 00:30:00+00:00,0.03378195,0.095838189767375,0.03512562706124999,0.0,0.17,1.7954947506052628,1.7954948,0.7125000493947371,1.5,0.0,1.67,0.0,0.08002488845575813,1
2012-07-08 01:00:00+00:00,0.0338619,0.09592963277975002,0.0352087570725,0.0,0.191,2.293793643105263,2.2937937,0.4982989493947374,1.0490503,0.0,1.2400503,0.0,0.059478784953709424,1
2012-07-08 01:30:00+00:00,0.0339972,0.09608438249300001,0.03534943863,0.0,0.096,2.293793643105263,2.2937936,5.689473736580908e-08,0.0,0.0,0.096,0.0,0.004612050359664,1
2012-07-08 02:00:00+00:00,0.0341694,0.09628133667350001,0.035528487885,0.0,0.084,2.293793643105263,2.2937936,4.3105262914622244e-08,0.0,0.0,0.084,0.0,0.004043816140287001,1
2012-07-08 02:30:00+00:00,0.0336405,0.09567640597625002,0.034978550887499994,0.0,0.088,3.0062936431052627,3.0062936,0.712499956894737,1.5,0.0,1.588,0.0,0.07596706634514251,1
2012-07-08 03:00:00+00:00,0.0320415,0.09384754572875001,0.033315950662499996,0.0,0.071,3.7187936431052626,3.7187936,0.7124999568947374,1.5,0.0,1.571,0.0,0.07371724716993314,1
2012-07-08 03:30:00+00:00,0.03112515,0.09279946812537503,0.03236315284125,0.0,0.103,4.4312936431052625,4.4312936,0.7124999568947374,1.5,0.0,1.603,0.0,0.07437877370248808,1
2012-07-08 04:00:00+00:00,0.0311559,0.09283463851475002,0.0323951259225,0.0,0.071,5.143793643105262,5.1437936,0.7124999568947379,1.5,0.0,1.571,0.0,0.07292160855333614,1
2012-07-08 04:30:00+00:00,0.03067005,0.09227894636262501,0.03188995123875,0.0,0.053,5.856293643105262,5.8562936,0.7124999568947379,1.5,0.0,1.553,0.0,0.07165460185057831,1
2012-07-08 05:00:00+00:00,0.03075615,0.322277423452875,0.031979475866249996,0.0,0.101,5.80313574836842,5.8031357,0.1355554431052619,0.0,0.101,0.0,-0.0,0.0,1
2012-07-08 05:30:00+00:00,0.03037485,0.321841310624625,0.031583009658749994,0.0,0.069,5.766819958894736,5.76682,0.15147024836841982,0.0,0.069,0.0,-0.0,0.0,1
2012-07-08 06:00:00+00:00,0.0302211,0.32166545867775004,0.0314231442525,0.0,0.081,5.724188379947368,5.7241884,0.16042475889473629,0.0,0.081,0.0,-0.0,0.0,1
2012-07-08 06:30:00+00:00,0.0305778,0.3220734351945,0.031794031995,0.0,0.098,5.6726094325789465,5.6726094,0.1619215799473679,0.0,0.098,0.0,-0.0,0.0,1
2012-07-08 07:00:00+00:00,0.03124815,0.32284014968287505,0.032491045166249996,0.0,0.095,5.622609432578947,5.6226094,0.15464853257894617,0.0,0.095,0.0,-0.0,0.0,1
2012-07-08 07:30:00+00:00,0.0334068,0.32530911101700005,0.03473555546999999,0.001,0.915,5.141556800999999,5.1415568,0.1424345325789469,0.0,0.914,0.0,-0.0,0.0,1
2012-07-08 08:00:00+00:00,0.03404025,0.32603362103812505,0.035394200943749995,0.039,0.502,4.897872590473684,4.8978726,0.1282963009999989,0.0,0.463,0.0,-0.0,0.0,1
2012-07-08 08:30:00+00:00,0.03488895,0.32700432378487504,0.036276657986249995,0.092,0.245,4.81734627468421,4.8173463,0.11516339047368351,0.0,0.153,0.0,-0.0,0.0,1
2012-07-08 09:00:00+00:00,0.03495045,0.32707466456362505,0.03634060414875,0.131,0.265,4.746819958894736,4.74682,0.10520087468421035,0.0,0.134,0.0,-0.0,0.0,1
2012-07-08 09:30:00+00:00,0.034686,0.326772199215,0.03606563565,0.181,0.21,4.731556801,4.7315568,0.099360658894736,0.0,0.029,0.0,3.469446951953614e-18,-6.256390483808105e-20,1
2012-07-08 10:00:00+00:00,0.03563925,0.327862481285625,0.03705680116874999,0.227,0.213,4.738206801,4.7382068,0.0972754010000001,0.014,0.0,0.0,-0.0,0.0,1
2012-07-08 10:30:00+00:00,0.03544245,0.3276373907936251,0.03685217344875,0.257,0.162,4.783331800999999,4.7833318,0.09751040099999919,0.095,0.0,0.0,-0.0,0.0,1
2012-07-08 11:00:00+00:00,0.03433545,0.145971256776125,0.03570114252375,0.275,0.218,4.810406800999999,4.8104068,0.09810050099999934,0.057,0.0,0.0,-0.0,0.0,1
2012-07-08 11:30:00+00:00,0.03444615,0.146097870177875,0.03581624561625,0.264,0.189,4.846031800999999,4.8460318,0.09721910099999942,0.075,0.0,0.0,-0.0,0.0,1
2012-07-08 12:00:00+00:00,0.03442155,0.146069733866375,0.035790667151250004,0.124,0.172,4.820768643105262,4.8207686,0.09379630099999847,0.0,0.048,0.0,1.3877787807814457e-17,-2.4834764211258134e-19,1
2012-07-08 12:30:00+00:00,0.03444615,0.146097870177875,0.03581624561625,0.027,0.195,4.732347590473683,4.7323476,0.0879126431052617,0.0,0.168,0.0,-0.0,0.0,1
2012-07-08 13:00:00+00:00,0.03381885,0.145380394234625,0.03516399475874999,0.025,0.147,4.668137064157894,4.6681371,0.08086119047368356,0.0,0.122,0.0,-0.0,0.0,1
2012-07-08 13:30:00+00:00,0.033825,0.1453874283125,0.035170389375,0.03,0.185,4.5865581167894725,4.5865581,0.07485456415789393,0.0,0.155,0.0,-0.0,0.0,1
2012-07-08 14:00:00+00:00,0.03381885,0.145380394234625,0.03516399475874999,0.06,0.243,4.490242327315788,4.4902423,0.07245371678947254,0.0,0.183,0.0,-0.0,0.0,1
2012-07-08 14:30:00+00:00,0.03375735,0.145310053455875,0.03510004859625,0.047,0.361,4.324979169421051,4.3249792,0.07586602731578829,0.0,0.314,0.0,-0.0,0.0,1
2012-07-08 15:00:00+00:00,0.03384345,0.14540853054612501,0.03518957322374999,0.037,0.778,3.934979169421051,3.9349792,0.08629936942105143,0.0,0.741,0.0,-0.0,0.0,1
2012-07-08 15:30:00+00:00,0.03444615,0.146097870177875,0.03581624561625,0.022,0.64,3.6097160115263143,3.609716,0.10354486942105101,0.0,0.618,0.0,-0.0,0.0,1
2012-07-08 16:00:00+00:00,0.0344154,0.1460626997885,0.035784272534999995,0.019,0.776,3.227227737842104,3.2272277,0.12590061152631415,0.0,0.72672772,0.03027228000000004,0.0,0.0022108254727767093,1
2012-07-08 16:30:00+00:00,0.0351165,0.14686458466625002,0.0365132587875,0.002,0.385,3.0767663431052616,3.0767663,0.15046143784210386,0.0,0.28587665,0.09712335,0.0,0.007131990229572417,1
2012-07-08 17:00:00+00:00,0.04011645,0.152583289978625,0.041712081798749995,0.0,0.155,2.9951873957368407,2.9951874,0.17370544310526181,0.0,0.155,0.0,-0.0,0.0,1
2012-07-08 17:30:00+00:00,0.0465309,0.15991983320225,0.0483816665475,0.0,0.3,2.8372926588947354,2.8372927,0.1922304957368408,0.0,0.3,0.0,-0.0,0.0,1
2012-07-08 18:00:00+00:00,0.05857875,0.173699591759375,0.060908719781249995,0.0,0.884,2.3720295009999983,2.3720295,0.2034566588947353,0.0,0.884,0.0,-0.0,0.0,1
2012-07-08 18:30:00+00:00,0.0590646,0.1742552839115,0.061413894465,0.0,0.559,2.0778189746842086,2.077819,0.2061236009999985,0.0,0.559,0.0,-0.0,0.0,1
2012-07-08 19:00:00+00:00,0.05600805,0.170759347207625,0.05823577018874999,0.0,0.372,1.882029500999998,1.8820295,0.20046417468420863,0.0,0.372,0.0,-0.0,0.0,1
2012-07-08 19:30:00+00:00,0.051168,0.16522352792,0.05320320719999999,0.0,0.978,1.367292658894735,1.3672927,0.1872260009999982,0.0,0.978,0.0,-0.0,0.0,1
2012-07-08 20:00:00+00:00,0.04977195,0.163626792242375,0.05175162931125,0.0,0.491,1.108871606263156,1.1088716,0.17013305889473496,0.0,0.491,0.0,-0.0,0.0,1
2012-07-08 20:30:00+00:00,0.0468753,0.16031374156325,0.048739765057499995,0.0,0.42,1.000000000999998,1.0,0.10887160626315606,0.0,0.20685605,0.21314394999999997,0.0,0.01708495205803514,1
2012-07-08 21:00:00+00:00,0.04126035,0.153891628463375,0.04290148042125,0.0,0.19,1.000000000999998,1.0,9.999980843389267e-10,0.0,0.0,0.19,0.0,0.014619704704020626,1
2012-07-08 21:30:00+00:00,0.0430254,0.15591040881350002,0.044736735284999996,0.0,0.085,1.000000000999998,1.0,9.999980843389267e-10,0.0,0.0,0.085,0.0,0.006626192374573751,1
2012-07-08 22:00:00+00:00,0.0392493,0.15159148499825,0.0408104409075,0.0,0.097,1.000000000999998,1.0,9.999980843389267e-10,0.0,0.0,0.097,0.0,0.007352187022415126,1
2012-07-08 22:30:00+00:00,0.0363711,0.14829953655275,0.0378177605025,0.0,0.058,1.000000000999998,1.0,9.999980843389267e-10,0.0,0.0,0.058,0.0,0.00430068656002975,1
2012-07-08 23:00:00+00:00,0.03563925,0.147462481285625,0.03705680116874999,0.0,0.07,1.000000000999998,1.0,9.999980843389267e-10,0.0,0.0,0.07,0.0,0.005161186844996875,1
2012-07-08 23:30:00+00:00,0.0360759,0.14796190081475,0.037510818922499994,0.0,0.082,1.000000000999998,1.0,9.999980843389267e-10,0.0,0.0,0.082,0.0,0.00606643793340475,1
2012-07-09 00:00:00+00:00,0.03561465,0.09793434497412501,0.03703122270374999,0.0,0.085,1.000000000999998,1.0,9.999980843389267e-10,0.0,0.0,0.085,0.0,0.004162209661400313,1
2012-07-09 00:30:00+00:00,0.03374505,0.09579598530012501,0.03508725936375,0.0,0.08,1.712500000999998,1.7125,0.7124999990000018,1.5,0.0,1.58,0.0,0.07567882838709876,1
2012-07-09 01:00:00+00:00,0.03391725,0.09599293948062503,0.03526630861875,0.0,0.094,2.175485018499998,2.175485,9.999980843389267e-10,0.9747053,0.0,1.0687053,0.0,0.0512940815927616,1
2012-07-09 01:30:00+00:00,0.0341202,0.09622506405050002,0.035477330955000004,0.0,0.059,2.638470035999998,2.63847,1.8499997977983185e-08,0.9747053,0.0,1.0337053,0.0,0.04973417935092067,1
2012-07-09 02:00:00+00:00,0.0338496,0.09591556462400001,0.03519596784,0.0,0.056,3.350970035999998,3.35097,0.7124999640000018,1.5,0.0,1.556,0.0,0.07462230927747202,1
2012-07-09 02:30:00+00:00,0.03370815,0.095753780832875,0.03504889166625,0.0,0.091,4.063470035999998,4.06347,0.7124999640000018,1.5,0.0,1.591,0.0,0.07617213265255206,1
2012-07-09 03:00:00+00:00,0.0326688,0.09456502167199998,0.03396820151999999,0.0,0.081,4.775970035999999,4.77597,0.7124999640000018,1.5,0.0,1.581,0.0,0.07475364963171599,1
2012-07-09 03:30:00+00:00,0.03153105,0.093263717265125,0.032785197513749996,0.0,0.07,5.488470035999999,5.48847,0.7124999640000018,1.5,0.0,1.57,0.0,0.07321201805312313,1
2012-07-09 04:00:00+00:00,0.0311928,0.092876842982,0.032433493619999997,0.0,0.1,6.200970035999999,6.20097,0.7124999640000009,1.5,0.0,1.6,0.0,0.0743014743856,1
2012-07-09 04:30:00+00:00,0.03178935,0.09355914853587502,0.03305377139625,0.0,0.066,6.913470036,6.91347,0.7124999640000009,1.5,0.0,1.566,0.0,0.07325681330359014,1
2012-07-09 05:00:00+00:00,0.03415095,0.326160234439875,0.035509304036249995,0.0,0.055,6.884522667578947,6.8845227,0.1306113359999994,0.0,0.055,0.0,-0.0,0.0,1
2012-07-09 05:30:00+00:00,0.0344892,0.3265471087230001,0.035861007929999994,0.0,0.083,6.840838457052631,6.8408385,0.14585446757894704,0.0,0.083,0.0,-0.0,0.0,1
2012-07-09 06:00:00+00:00,0.03604515,0.328326730425375,0.03747884584125,0.0,0.077,6.8003121412631575,6.8003121,0.1541173570526313,0.0,0.077,0.0,-0.0,0.0,1
2012-07-09 06:30:00+00:00,0.04057155,0.33350381174137506,0.042185283401249996,0.0,0.079,6.758733193894736,6.7587332,0.15490934126315725,0.0,0.079,0.0,-0.0,0.0,1
2012-07-09 07:00:00+00:00,0.0448581,0.33840656402025,0.046642330927499996,0.0,0.251,6.626627930736841,6.6266279,0.14694979389473595,0.0,0.251,0.0,-0.0,0.0,1
2012-07-09 07:30:00+00:00,0.04326525,0.33658473785062504,0.044986125318749993,0.002,0.546,6.340312141263158,6.3403121,0.13405263073684104,0.0,0.544,0.0,-0.0,0.0,1
2012-07-09 08:00:00+00:00,0.0521028,0.34669270775700006,0.05417518886999999,0.041,0.343,6.181364772842105,6.1813648,0.11923344126315794,0.0,0.302,5.551115123125783e-17,0.0,9.622655665536552e-18,1
2012-07-09 08:30:00+00:00,0.0554484,0.35051924612100005,0.05765386011,0.098,0.222,6.116101614947368,6.1161016,0.10541827284210559,0.0,0.124,0.0,-0.0,0.0,1
2012-07-09 09:00:00+00:00,0.0549933,0.34999872435825,0.057180658507499996,0.146,0.592,5.881364772842105,5.8813648,0.0947672149473684,0.0,0.446,0.0,5.551115123125783e-17,-1.5870820909563709e-18,1
2012-07-09 09:30:00+00:00,0.0552762,0.3503222919405,0.057474810854999996,0.177,0.308,5.812417404421052,5.8124174,0.08822777284210481,0.0,0.131,0.0,-0.0,0.0,1
2012-07-09 10:00:00+00:00,0.0532221,0.34797290993025004,0.0553390090275,0.207,0.538,5.6382068781052626,5.6382069,0.08542880442105183,0.0,0.331,5.551115123125783e-17,0.0,9.658188413759484e-18,1
2012-07-09 10:30:00+00:00,0.04862805,0.342718453757625,0.050562230688749994,0.261,0.118,5.706131878105262,5.7061319,0.08493377810526237,0.143,0.0,0.0,-0.0,0.0,1
2012-07-09 11:00:00+00:00,0.04844355,0.162107431421375,0.050370392201249996,0.266,0.093,5.788306878105263,5.7883069,0.08477807810526272,0.173,0.0,0.0,-0.0,0.0,1
2012-07-09 11:30:00+00:00,0.0465924,0.159990173981,0.048445612709999995,0.29,0.051,5.901831878105263,5.9018319,0.08313777810526268,0.239,0.0,0.0,-0.0,0.0,1
2012-07-09 12:00:00+00:00,0.04737345,0.160883501871125,0.04925772897374999,0.195,0.088,5.9526568781052625,5.9526569,0.07894687810526246,0.107,0.0,0.0,-0.0,0.0,1
2012-07-09 12:30:00+00:00,0.0466908,0.160102719227,0.04854792656999999,0.025,0.072,5.927920036,5.92792,0.07229027810526212,0.0,0.047,0.0,6.938893903907228e-18,-1.6843445586195434e-19,1
2012-07-09 13:00:00+00:00,0.0467646,0.1601871281615,0.048624661964999996,0.029,0.073,5.9047621412631575,5.9047621,0.06446523599999932,0.0,0.044,0.0,-0.0,0.0,1
2012-07-09 13:30:00+00:00,0.04620495,0.159547027074875,0.04804275188625,0.027,0.127,5.852130562315789,5.8521306,0.05768794126315768,0.0,0.1,0.0,-0.0,0.0,1
2012-07-09 14:00:00+00:00,0.0457437,0.15901947123425,0.047563155667499996,0.073,0.052,5.862105562315789,5.8621056,0.05452136231578919,0.021,0.0,0.0,-0.0,0.0,1
2012-07-09 14:30:00+00:00,0.0430992,0.155994817748,0.044813470679999995,0.182,0.063,5.918630562315789,5.9186306,0.057174662315789604,0.119,0.0,0.0,-0.0,0.0,1
2012-07-09 15:00:00+00:00,0.0410943,0.15370170836075,0.0427288257825,0.163,0.101,5.948080562315789,5.9480806,0.06685736231578865,0.062,0.0,0.0,-0.0,0.0,1
2012-07-09 15:30:00+00:00,0.0409344,0.15351882233599998,0.04256256576,0.12,0.068,5.972780562315789,5.9727806,0.08336306231578838,0.052,0.0,0.0,-0.0,0.0,1
2012-07-09 16:00:00+00:00,0.04148175,0.15414485526687502,0.04313168660625,0.02,0.127,5.9164647728421045,5.9164648,0.10499336231578837,0.0,0.107,0.0,-0.0,0.0,1
2012-07-09 16:30:00+00:00,0.0406515,0.15319525475375,0.0422684134125,0.001,0.053,5.8890963517894725,5.8890964,0.12884837284210438,0.0,0.052,0.0,-0.0,0.0,1
2012-07-09 17:00:00+00:00,0.04199835,0.154735717808375,0.04366883437124999,0.0,0.049,5.863306878105262,5.8633069,0.15141295178947267,0.0,0.049,0.0,-0.0,0.0,1
2012-07-09 17:30:00+00:00,0.0454608,0.158695903652,0.04726900332,0.0,0.109,5.805938457052631,5.8059385,0.16929217810526165,0.0,0.109,0.0,-0.0,0.0,1
2012-07-09 18:00:00+00:00,0.08497455,0.203889853998875,0.08835441272624998,0.0,0.08,5.763833193894736,5.7638332,0.1799134570526304,0.0,0.08,0.0,-0.0,0.0,1
2012-07-09 18:30:00+00:00,0.14653605,0.27430097352762495,0.15236452138874998,0.0,0.291,4.974359509684209,4.9743595,0.7894736938947355,0.0,1.5,0.0,1.209,-0.09210435317949937,1
2012-07-09 19:00:00+00:00,0.0823731,0.20091443905775003,0.0856494900525,0.0,0.07,4.937517404421051,4.9375174,0.1758551096842096,0.0,0.07,0.0,-0.0,0.0,1
2012-07-09 19:30:00+00:00,0.05312985,0.167467398762125,0.05524308978375,0.0,0.048,4.912254246526314,4.9122542,0.1621706044210507,0.0,0.048,0.0,-0.0,0.0,1
2012-07-09 20:00:00+00:00,0.0465924,0.159990173981,0.048445612709999995,0.0,0.111,4.853833193894735,4.8538332,0.14467654652631357,0.0,0.111,0.0,-0.0,0.0,1
2012-07-09 20:30:00+00:00,0.0482775,0.16191751131874998,0.0501977375625,0.0,0.065,4.819622667578945,4.8196227,0.1261470938947351,0.0,0.065,0.0,-0.0,0.0,1
2012-07-09 21:00:00+00:00,0.0465924,0.159990173981,0.048445612709999995,0.0,0.065,4.785412141263155,4.7854121,0.10821146757894518,0.0,0.065,0.0,-0.0,0.0,1
2012-07-09 21:30:00+00:00,0.04085445,0.153427379323625,0.04247943574875,0.0,0.098,4.733833193894734,4.7338332,0.09147244126315535,0.0,0.098,0.0,-0.0,0.0,1
2012-07-09 22:00:00+00:00,0.0380685,0.15024094204625,0.03958267458749999,0.0,0.062,4.701201614947365,4.7012016,0.07688059389473345,0.0,0.062,0.0,-0.0,0.0,1
2012-07-09 22:30:00+00:00,0.05354805,0.16794571605762498,0.05567792368874999,0.0,0.051,4.674359509684208,4.6743595,0.06395091494736516,0.0,0.051,0.0,-0.0,0.0,1
2012-07-09 23:00:00+00:00,0.0442431,0.15730315623274999,0.04600286930249999,0.0,0.103,4.620148983368418,4.620149,0.051767509684207624,0.0,0.103,0.0,-0.0,0.0,1
2012-07-09 23:30:00+00:00,0.04609425,0.159420413673125,0.04792764879375,0.0,0.063,4.586991088631576,4.5869911,0.03918738336841798,0.0,0.063,0.0,-0.0,0.0,1
2012-07-10 00:00:00+00:00,0.0440955,0.10763433836375,0.04584939851249999,0.0,0.078,4.586991088631576,4.5869911,1.1368423535884631e-08,0.0,0.0,0.078,0.0,0.00419773919618625,1
2012-07-10 00:30:00+00:00,0.04249035,0.105798444038375,0.04418040367125,0.0,0.084,4.586991088631576,4.5869911,1.1368423535884631e-08,0.0,0.0,0.084,0.0,0.0044435346496117505,1
2012-07-10 01:00:00+00:00,0.04246575,0.105770307726875,0.04415482520625,0.0,0.048,4.586991088631576,4.5869911,1.1368423535884631e-08,0.0,0.0,0.048,0.0,0.002538487385445,1
2012-07-10 01:30:00+00:00,0.04379415,0.10728966854787501,0.045536062316249994,0.0,0.09,4.586991088631576,4.5869911,1.1368423535884631e-08,0.0,0.0,0.09,0.0,0.004828035084654375,1
2012-07-10 02:00:00+00:00,0.04001805,0.10297074473262502,0.04160976793874999,0.0,0.076,4.586991088631576,4.5869911,0.00016911136842345798,0.0,0.0,0.076,0.0,0.003912888299839751,1
2012-07-10 02:30:00+00:00,0.03590985,0.098271980712125,0.037338164283749996,0.0,0.064,5.149999991131576,5.15,0.5630089113684242,1.1852819,0.0,1.2492819000000002,0.0,0.06138470339040345,1
2012-07-10 03:00:00+00:00,0.0353748,0.09766001593700001,0.03678183266999999,0.0,0.104,5.8624999911315765,5.8625,0.7125000088684237,1.5,0.0,1.604,0.0,0.078323332781474,1
2012-07-10 03:30:00+00:00,0.0349443,0.09716763048574999,0.036334209532499995,0.0,0.065,6.574999991131577,6.575,0.7125000088684237,1.5,0.0,1.565,0.0,0.07603367085509936,1
2012-07-10 04:00:00+00:00,0.03388035,0.095950735013375,0.03522794092124999,0.0,0.046,7.287499991131577,7.2875,0.7125000088684228,1.5,0.0,1.546,0.0,0.07416991816533888,1
2012-07-10 04:30:00+00:00,0.03444615,0.09659787017787502,0.03581624561625,0.0,0.095,7.999999991131578,8.0,0.7125000088684228,1.5,0.0,1.595,0.0,0.07703680146685533,1
2012-07-10 05:00:00+00:00,0.03495045,0.32707466456362505,0.03634060414875,0.0,0.065,7.965789464815788,7.9657895,0.1059142911315778,0.0,0.065,0.0,-0.0,0.0,1
2012-07-10 05:30:00+00:00,0.03749655,0.329986772803875,0.03898797527624999,0.0,0.068,7.929999991131577,7.93,0.12167616481578758,0.0,0.068,0.0,-0.0,0.0,1
2012-07-10 06:00:00+00:00,0.0397044,0.332512006761,0.041283642509999996,0.0,0.111,7.871578938499998,7.8715789,0.13050699113157727,0.0,0.111,0.0,-0.0,0.0,1
2012-07-10 06:30:00+00:00,0.0424473,0.33564920549325,0.0441356413575,0.0,0.046,7.847368412184209,7.8473684,0.1319199384999985,0.0,0.046,0.0,-0.0,0.0,1
2012-07-10 07:00:00+00:00,0.0454977,0.33913810811925005,0.0473073710175,0.0,0.067,7.812105254289472,7.8121053,0.12466311218420856,0.0,0.067,0.0,-0.0,0.0,1
2012-07-10 07:30:00+00:00,0.0415125,0.33458002565625006,0.043163659687499994,0.004,0.083,7.770526306921051,7.7705263,0.11253255428947195,0.0,0.079,0.0,-0.0,0.0,1
2012-07-10 08:00:00+00:00,0.04995645,0.344237814578625,0.05194346779875,0.033,0.063,7.75473683323684,7.7547368,0.09853930692105095,0.0,0.03,0.0,-0.0,0.0,1
2012-07-10 08:30:00+00:00,0.05535615,0.35041373495287503,0.05755794086625,0.05,0.104,7.726315780605261,7.7263158,0.08560263323683959,0.0,0.054,0.0,6.938893903907228e-18,-1.9969422249913742e-19,1
2012-07-10 09:00:00+00:00,0.05650005,0.351722073437625,0.05874733948875,0.043,0.07,7.7121052542894715,7.7121053,0.07587438060526086,0.0,0.027,1.0408340855860843e-17,0.0,1.83042161343446e-18,1
2012-07-10 09:30:00+00:00,0.05739795,0.35274904880737507,0.05968095346125,0.045,0.049,7.709999991131577,7.71,0.07029335428947103,0.0,0.004,3.469446951953614e-18,0.0,6.119220560946421e-19,1
2012-07-10 10:00:00+00:00,0.0528777,0.34757900156925003,0.0549809105175,0.073,0.086,7.703157885868419,7.7031579,0.06848079113157635,0.0,0.013,0.0,1.734723475976807e-18,-4.76883381026437e-20,1
2012-07-10 10:30:00+00:00,0.0541815,0.34907022607875005,0.056336569162499996,0.234,0.064,7.783907885868419,7.7839079,0.06899458586841867,0.17,0.0,0.0,-0.0,0.0,1
2012-07-10 11:00:00+00:00,0.05367105,0.168086397615125,0.055805816013749995,0.176,0.165,7.789132885868419,7.7891329,0.06986628586841892,0.011,0.0,2.7755575615628914e-17,0.0,2.3326673594826348e-18,1
2012-07-10 11:30:00+00:00,0.0571212,0.172032515303,0.059393195729999994,0.24,0.13,7.841382885868419,7.8413829,0.06927018586841882,0.11,0.0,0.0,-0.0,0.0,1
2012-07-10 12:00:00+00:00,0.05330205,0.167664352942625,0.05542213903875,0.217,0.091,7.901232885868419,7.9012329,0.06613958586841928,0.126,0.0,0.0,-0.0,0.0,1
2012-07-10 12:30:00+00:00,0.05365875,0.168072329459375,0.05579302678124999,0.07,0.109,7.880706570078945,7.8807066,0.06055948586841886,0.0,0.039,0.0,6.938893903907228e-18,-1.9357094670647415e-19,1
2012-07-10 13:00:00+00:00,0.05022705,0.164147314005125,0.05222483091375,0.111,0.072,7.899231570078945,7.8992316,0.05382657007894487,0.039,0.0,0.0,1.3877787807814457e-17,-3.6238256086000564e-19,1
2012-07-10 13:30:00+00:00,0.0530253,0.16734781943825,0.055134381307499994,0.083,0.061,7.909681570078945,7.9096816,0.04815537007894566,0.022,0.0,0.0,1.3877787807814457e-17,-3.8257162235030835e-19,1
2012-07-10 14:00:00+00:00,0.05400315,0.168466237820375,0.05615112529125,0.083,0.125,7.8875763069210505,7.8875763,0.04610677007894459,0.0,0.042,0.0,6.938893903907228e-18,-1.948133504904928e-19,1
2012-07-10 14:30:00+00:00,0.05324055,0.167594012163875,0.05535819287625,0.13,0.069,7.9165513069210505,7.9165513,0.04988630692105023,0.061,0.0,0.0,-0.0,0.0,1
2012-07-10 15:00:00+00:00,0.0515247,0.16563150443675,0.0535740949425,0.08,0.099,7.906551306921051,7.9065513,0.06070060692105006,0.0,0.019,3.469446951953614e-18,0.0,2.873248591077869e-19,1
2012-07-10 15:30:00+00:00,0.05509785,0.16971830368212498,0.057289366983749986,0.021,0.072,7.879709201657893,7.8797092,0.07834050692105077,0.0,0.051,0.0,6.938893903907228e-18,-1.987624196611234e-19,1
2012-07-10 16:00:00+00:00,0.05747175,0.17243345774187502,0.05975768885625,0.027,0.062,7.861288149026314,7.8612881,0.10110630165789303,0.0,0.035,0.0,-0.0,0.0,1
2012-07-10 16:30:00+00:00,0.05959965,0.17486724868662498,0.06197022607874999,0.003,0.134,7.792340780605262,7.7923408,0.126098549026314,0.0,0.131,0.0,-0.0,0.0,1
2012-07-10 17:00:00+00:00,0.0533574,0.1677276596435,0.055479690585,0.001,0.067,7.757603938499998,7.7576039,0.149803580605262,0.0,0.066,0.0,-0.0,0.0,1
2012-07-10 17:30:00+00:00,0.05918145,0.174388931391125,0.061535392173749995,0.0,0.081,7.71497235955263,7.7149724,0.1688292384999981,0.0,0.081,0.0,-0.0,0.0,1
2012-07-10 18:00:00+00:00,0.0989781,0.21990644932025002,0.1029149539275,0.0,0.071,7.677603938499998,7.6776039,0.18060495955263,0.0,0.071,0.0,-0.0,0.0,1
2012-07-10 18:30:00+00:00,0.11472825,0.23792072275812498,0.11929156614374999,0.0,0.071,6.888130254289472,6.8881303,0.7894736384999979,0.0,1.5,0.0,1.429,-0.08523382400970937,1
2012-07-10 19:00:00+00:00,0.05653695,0.171364277904875,0.05878570718625,0.0,0.118,6.826024991131577,6.826025,0.17888275428947154,0.0,0.118,0.0,-0.0,0.0,1
2012-07-10 19:30:00+00:00,0.04469205,0.157816643917625,0.04646967628874999,0.0,0.066,6.791288149026314,6.7912881,0.16638499113157756,0.0,0.066,0.0,-0.0,0.0,1
2012-07-10 20:00:00+00:00,0.042189,0.1549537742225,0.043867067475,0.0,0.1,6.738656570078946,6.7386566,0.15007144902631353,0.0,0.1,0.0,-0.0,0.0,1
2012-07-10 20:30:00+00:00,0.0427671,0.15561497754275,0.0444681614025,0.0,0.069,6.702340780605262,6.7023408,0.13270737007894517,0.0,0.069,0.0,-0.0,0.0,1
2012-07-10 21:00:00+00:00,0.043419,0.15636058979749998,0.045145990724999994,0.0,0.052,6.67497235955263,6.6749724,0.11592088060526162,0.0,0.052,0.0,-0.0,0.0,1
2012-07-10 21:30:00+00:00,0.04191225,0.154637240718125,0.043579309743749996,0.0,0.114,6.61497235955263,6.6149724,0.10031615955263007,0.0,0.114,0.0,-0.0,0.0,1
2012-07-10 22:00:00+00:00,0.03757035,0.149671181738375,0.039064710671249996,0.0,0.078,6.573919727973683,6.5739197,0.08683145955262983,0.0,0.078,0.0,-0.0,0.0,1
2012-07-10 22:30:00+00:00,0.0511311,0.16518132345275,0.05316483950249999,0.0,0.084,6.5297092016578935,6.5297092,0.07497812797368297,0.0,0.084,0.0,-0.0,0.0,1
2012-07-10 23:00:00+00:00,0.03969825,0.152104972683125,0.041277247893749994,0.0,0.075,6.490235517447367,6.4902355,0.06383860165789379,0.0,0.075,0.0,-0.0,0.0,1
2012-07-10 23:30:00+00:00,0.04455675,0.157661894204375,0.046328994731249996,0.0,0.048,6.46497235955263,6.4649724,0.05227341744736691,0.0,0.048,0.0,-0.0,0.0,1
2012-07-11 00:00:00+00:00,0.037023,0.09954514880750001,0.038495589824999996,0.0,0.125,6.46497235955263,6.4649724,4.0447369897833596e-08,0.0,0.0,0.125,0.0,0.006221571800468751,1
2012-07-11 00:30:00+00:00,0.0363219,0.09874326392975,0.037766603572499995,0.0,0.066,6.46497235955263,6.4649724,4.0447369897833596e-08,0.0,0.0,0.066,0.0,0.00325852770968175,1
2012-07-11 01:00:00+00:00,0.03642645,0.098862843253625,0.03787531204875,0.0,0.075,6.46497235955263,6.4649724,4.0447369897833596e-08,0.0,0.0,0.075,0.0,0.0037073566220109373,1
2012-07-11 01:30:00+00:00,0.036654,0.09912310413500001,0.03811191285,0.0,0.087,6.46497235955263,6.4649724,4.0447369897833596e-08,0.0,0.0,0.087,0.0,0.0043118550298725,1
2012-07-11 02:00:00+00:00,0.03508575,0.097329414276875,0.03648128570625,0.0,0.049,6.46497235955263,6.4649724,4.0447369897833596e-08,0.0,0.0,0.049,0.0,0.0023845706497834375,1
2012-07-11 02:30:00+00:00,0.0342678,0.09639388191949999,0.035630801744999996,0.0,0.113,6.46497235955263,6.4649724,4.0447369897833596e-08,0.0,0.0,0.113,0.0,0.0054462543284517495,1
2012-07-11 03:00:00+00:00,0.0337389,0.09578895122225002,0.0350808647475,0.0,0.071,6.46497235955263,6.4649724,4.0447369897833596e-08,0.0,0.0,0.071,0.0,0.0034005077683898753,1
2012-07-11 03:30:00+00:00,0.03357285,0.095599031119625,0.03490821010875,0.0,0.066,6.57500000105263,6.575,0.11002764044737035,0.23163714,0.0,0.29763713999999997,0.0,0.014226911104608091,1
2012-07-11 04:00:00+00:00,0.03322845,0.09520512275862501,0.034550111598749995,0.0,0.104,7.28750000105263,7.2875,0.7124999989473695,1.5,0.0,1.604,0.0,0.07635450845241727,1
2012-07-11 04:30:00+00:00,0.0325335,0.09441027195875,0.0338275199625,0.0,0.048,8.0,8.0,0.7124999989473704,1.5,0.0,1.548,0.0,0.0730735504960725,1
2012-07-11 05:00:00+00:00,0.033456,0.32536538364,0.034786712399999996,0.0,0.088,7.9536842105263155,7.9536842,0.12759169999999997,0.0,0.088,0.0,-0.0,0.0,1
2012-07-11 05:30:00+00:00,0.03412635,0.32613209812837507,0.03548372557125,0.0,0.087,7.907894736842105,7.9078947,0.14385161052631545,0.0,0.087,0.0,-0.0,0.0,1
2012-07-11 06:00:00+00:00,0.0354855,0.32768662933875,0.0368969357625,0.0,0.079,7.866315789473684,7.8663158,0.15312773684210512,0.0,0.079,0.0,-0.0,0.0,1
2012-07-11 06:30:00+00:00,0.03806235,0.33063390796837505,0.03957627997125,0.0,0.094,7.816842105263158,7.8168421,0.15493728947368357,0.0,0.094,0.0,-0.0,0.0,1
2012-07-11 07:00:00+00:00,0.04124805,0.334277560307625,0.042888691188749994,0.0,0.047,7.792105263157895,7.7921053,0.1480575052631572,0.0,0.047,0.0,-0.0,0.0,1
2012-07-11 07:30:00+00:00,0.03568845,0.327918753908625,0.03710795809874999,0.0,0.058,7.761578947368421,7.7615789,0.13626726315789472,0.0,0.058,0.0,-0.0,0.0,1
2012-07-11 08:00:00+00:00,0.0405162,0.33344050504050005,0.042127731854999996,0.004,0.103,7.7094736842105265,7.7094737,0.12257384736842081,0.0,0.099,0.0,1.3877787807814457e-17,-2.9231986175409783e-19,1
2012-07-11 08:30:00+00:00,0.0424104,0.33560700102600005,0.04409727366,0.018,0.073,7.680526315789474,7.6805263,0.10989108421052673,0.0,0.055,0.0,6.938893903907228e-18,-1.529931516891514e-19,1
2012-07-11 09:00:00+00:00,0.0420783,0.33522716082075005,0.0437519643825,0.04,0.075,7.662105263157895,7.6621053,0.10036371578947367,0.0,0.035,0.0,6.938893903907228e-18,-1.5179511946884772e-19,1
2012-07-11 09:30:00+00:00,0.0422259,0.33539597868975,0.0439054351725,0.05,0.075,7.6489473684210525,7.6489474,0.09492386315789503,0.0,0.025,0.0,6.938893903907228e-18,-1.5232757823342713e-19,1
2012-07-11 10:00:00+00:00,0.0397905,0.33261048385125,0.04137316713749999,0.068,0.047,7.658922368421052,7.6589224,0.09318706842105229,0.021,0.0,0.0,-0.0,0.0,1
2012-07-11 10:30:00+00:00,0.0403932,0.333299823483,0.04199983953,0.075,0.107,7.642080263157895,7.6420803,0.09370756842105266,0.0,0.032,0.0,-0.0,0.0,1
2012-07-11 11:00:00+00:00,0.0371091,0.14914362589775,0.03858511445249999,0.098,0.073,7.653955263157894,7.6539553,0.09451586315789484,0.025,0.0,0.0,-0.0,0.0,1
2012-07-11 11:30:00+00:00,0.036654,0.148623104135,0.03811191285,0.219,0.064,7.727580263157894,7.7275803,0.09378716315789415,0.155,0.0,0.0,-0.0,0.0,1
2012-07-11 12:00:00+00:00,0.0368262,0.14882005831550002,0.038290962105000007,0.198,0.099,7.774605263157894,7.7746053,0.0904571631578941,0.099,0.0,0.0,-0.0,0.0,1
2012-07-11 12:30:00+00:00,0.0359529,0.14782121925725003,0.037382926597500005,0.136,0.141,7.771973684210526,7.7719737,0.08461396315789393,0.0,0.005,0.0,2.3418766925686896e-17,-4.37731022493457e-19,1
2012-07-11 13:00:00+00:00,0.03482745,0.146533983006125,0.03621271182375,0.114,0.132,7.762499999999999,7.7625,0.07755708421052532,0.0,0.018,3.469446951953614e-18,0.0,2.5419594034911153e-19,1
2012-07-11 13:30:00+00:00,0.03444615,0.146097870177875,0.03581624561625,0.09,0.091,7.761973684210526,7.7619737,0.07150329999999894,0.0,0.001,8.673617379884035e-19,0.0,6.335985129694291e-20,1
2012-07-11 14:00:00+00:00,0.03417555,0.145788370751375,0.03553488250125,0.102,0.075,7.774798684210526,7.7747987,0.0690146842105257,0.027,0.0,0.0,-0.0,0.0,1
2012-07-11 14:30:00+00:00,0.0338496,0.145415564624,0.03519596784,0.212,0.128,7.814698684210526,7.8146987,0.07229778421052568,0.084,0.0,2.7755575615628914e-17,0.0,2.0180463498054023e-18,1
2012-07-11 15:00:00+00:00,0.0338619,0.14542963277975,0.0352087570725,0.161,0.064,7.8607736842105265,7.8607737,0.08256008421052652,0.097,0.0,0.0,-0.0,0.0,1
2012-07-11 15:30:00+00:00,0.034071,0.1456687914275,0.035426174025,0.093,0.053,7.879773684210527,7.8797737,0.09959408421052629,0.04,0.0,0.0,-0.0,0.0,1
2012-07-11 16:00:00+00:00,0.03416325,0.14577430259562502,0.03552209326875,0.028,0.116,7.833457894736842,7.8334579,0.12170338421052662,0.0,0.088,1.3877787807814457e-17,0.0,1.01151241962711e-18,1
2012-07-11 16:30:00+00:00,0.03293325,0.14436748702062502,0.03424317001874999,0.011,0.082,7.79608947368421,7.7960895,0.14599359473684181,0.0,0.071,1.3877787807814457e-17,0.0,1.0017506756098209e-18,1
2012-07-11 17:00:00+00:00,0.03360975,0.145141235586875,0.03494657780625,0.001,0.105,7.741352631578947,7.7413526,0.16895747368421077,0.0,0.104,0.0,-0.0,0.0,1
2012-07-11 17:30:00+00:00,0.0387819,0.15105689507975,0.0403244500725,0.0,0.061,7.709247368421052,7.7092474,0.18721003157894778,0.0,0.061,0.0,-0.0,0.0,1
2012-07-11 18:00:00+00:00,0.0401964,0.15267473299099998,0.041795211809999996,0.0,0.059,7.678194736842105,7.6781947,0.19818826842105253,0.0,0.059,0.0,-0.0,0.0,1
2012-07-11 18:30:00+00:00,0.0384621,0.15069112303025,0.0399919300275,0.0,0.113,7.618721052631579,7.6187211,0.2006450368421051,0.0,0.113,0.0,-0.0,0.0,1
2012-07-11 19:00:00+00:00,0.0383145,0.15052230516125,0.0398384592375,0.0,0.072,7.580826315789474,7.5808263,0.194820652631579,0.0,0.072,0.0,-0.0,0.0,1
2012-07-11 19:30:00+00:00,0.035793,0.14763833323249997,0.037216666574999994,0.0,0.297,7.42451052631579,7.4245105,0.1814904157894741,0.0,0.297,0.0,-0.0,0.0,1
2012-07-11 20:00:00+00:00,0.03487665,0.146590255629125,0.03626386875375,0.0,0.354,7.238194736842106,7.2381947,0.16432622631579008,0.0,0.354,0.0,-0.0,0.0,1
2012-07-11 20:30:00+00:00,0.0381177,0.15029721466925,0.039633831517499996,0.0,0.29,7.085563157894737,7.0855632,0.14608973684210547,0.0,0.29,0.0,-0.0,0.0,1
2012-07-11 21:00:00+00:00,0.03531945,0.147096709236125,0.03672428112375,0.0,0.293,6.931352631578948,6.9313526,0.12841295789473683,0.0,0.293,0.0,-0.0,0.0,1
2012-07-11 21:30:00+00:00,0.03493815,0.146660596407875,0.03632781491625,0.0,0.14,6.857668421052632,6.8576684,0.11190703157894788,0.0,0.14,0.0,-0.0,0.0,1
2012-07-11 22:00:00+00:00,0.03444,0.14609083609999998,0.035809851,0.0,0.053,6.829773684210527,6.8297737,0.0975030210526322,0.0,0.053,0.0,-0.0,0.0,1
2012-07-11 22:30:00+00:00,0.0399135,0.15235116540875002,0.041501059462499996,0.0,0.103,6.775563157894737,6.7755632,0.08471378421052655,0.0,0.103,0.0,-0.0,0.0,1
2012-07-11 23:00:00+00:00,0.03520875,0.146970095834375,0.036609178031249995,0.0,0.085,6.730826315789474,6.7308263,0.07262545789473762,0.0,0.085,0.0,-0.0,0.0,1
2012-07-11 23:30:00+00:00,0.03613125,0.14802520751562498,0.037568370468749994,0.0,0.085,6.686089473684211,6.6860895,0.060107315789474036,0.0,0.085,0.0,-0.0,0.0,1
2012-07-12 00:00:00+00:00,0.03514725,0.097399755055625,0.03654523186874999,0.0,0.087,6.686089473684211,6.6860895,2.6315788659303507e-08,0.0,0.0,0.087,0.0,0.004236889344919687,1
2012-07-12 00:30:00+00:00,0.03385575,0.095922598701875,0.03520236245624999,0.0,0.054,6.686089473684211,6.6860895,2.6315788659303507e-08,0.0,0.0,0.054,0.0,0.002589910164950625,1
2012-07-12 01:00:00+00:00,0.0340833,0.09618285958325001,0.0354389632575,0.0,0.105,6.686089473684211,6.6860895,2.6315788659303507e-08,0.0,0.0,0.105,0.0,0.005049600128120626,1
2012-07-12 01:30:00+00:00,0.03406485,0.09616175734962502,0.03541977940875,0.0,0.088,6.686089473684211,6.6860895,2.6315788659303507e-08,0.0,0.0,0.088,0.0,0.004231117323383501,1
2012-07-12 02:00:00+00:00,0.0325458,0.0944243401145,0.033840309194999994,0.0,0.082,6.686089473684211,6.6860895,2.6315788659303507e-08,0.0,0.0,0.082,0.0,0.0038713979446945,1
2012-07-12 02:30:00+00:00,0.0317463,0.09350990999075001,0.03300900908249999,0.0,0.096,6.686089473684211,6.6860895,2.6315788659303507e-08,0.0,0.0,0.096,0.0,0.0044884756795560005,1
2012-07-12 03:00:00+00:00,0.03055935,0.09215233296087501,0.03177484814625,0.0,0.053,6.686089473684211,6.6860895,2.6315788659303507e-08,0.0,0.0,0.053,0.0,0.0024420368234631877,1
2012-07-12 03:30:00+00:00,0.02845605,0.089746678327625,0.029587889388749997,0.0,0.068,6.686089473684211,6.6860895,2.6315788659303507e-08,0.0,0.0,0.068,0.0,0.0030513870631392504,1
2012-07-12 04:00:00+00:00,0.02682015,0.08787561361287502,0.02788692146625,0.0,0.11,7.398589473684211,7.3985895,0.712500026315789,1.5,0.0,1.61,0.0,0.0707398689583644,1
2012-07-12 04:30:00+00:00,0.0270969,0.08819214711725,0.028174679197499997,0.0,0.083,7.999999988684211,8.0,0.6014105263157887,1.2661274,0.0,1.3491274,0.0,0.059491221070356495,1
2012-07-12 05:00:00+00:00,0.02929245,0.32060331291862504,0.03045755719875,0.0,0.07,7.963157883421053,7.9631579,0.12534388868421065,0.0,0.07,0.0,-0.0,0.0,1
2012-07-12 05:30:00+00:00,0.03046095,0.321939787714875,0.03167253428625,0.0,0.081,7.920526304473684,7.9205263,0.14078488342105278,0.0,0.081,0.0,-0.0,0.0,1
2012-07-12 06:00:00+00:00,0.0319677,0.3236631367942501,0.0332392152675,0.0,0.062,7.887894725526316,7.8878947,0.1492681044736841,0.0,0.062,0.0,-0.0,0.0,1
2012-07-12 06:30:00+00:00,0.03502425,0.327159073498125,0.036417339543749996,0.0,0.089,7.841052620263158,7.8410526,0.15031802552631568,0.0,0.089,0.0,-0.0,0.0,1
2012-07-12 07:00:00+00:00,0.0364572,0.32879801364300004,0.03790728513,0.0,1.241,7.1878947255263155,7.1878947,0.14274362026315757,0.0,1.241,0.0,-0.0,0.0,1
2012-07-12 07:30:00+00:00,0.0335667,0.32549199704175,0.034901815492499995,0.0,1.849,6.398421041315789,6.398421,0.1303086255263155,0.0,1.5,0.349,0.0,0.056798353483785376,1
2012-07-12 08:00:00+00:00,0.0362604,0.32857292315100006,0.03770265740999999,0.002,0.684,6.0394736728947365,6.0394737,0.11601914131578894,0.0,0.682,0.0,-0.0,0.0,1
2012-07-12 08:30:00+00:00,0.0450795,0.33865979082375003,0.046872537112499994,0.014,0.836,5.606842093947368,5.6068421,0.10278497289473609,0.0,0.822,0.0,-0.0,0.0,1
2012-07-12 09:00:00+00:00,0.0447474,0.3382799506185001,0.046527227835,0.019,0.347,5.434210515,5.4342105,0.09274569394736876,0.0,0.328,0.0,5.551115123125783e-17,-1.2913899903599368e-18,1
2012-07-12 09:30:00+00:00,0.04535625,0.338976324328125,0.04716029484374999,0.021,0.333,5.26999998868421,5.27,0.08682781500000036,0.0,0.312,0.0,-0.0,0.0,1
2012-07-12 10:00:00+00:00,0.0457929,0.33947574385725005,0.0476143125975,0.044,0.188,5.194210515,5.1942105,0.0846423886842107,0.0,0.144,2.7755575615628914e-17,0.0,4.711172339150888e-18,1
2012-07-12 10:30:00+00:00,0.04817295,0.342197931994875,0.05008902908624999,0.026,0.188,5.108947357105263,5.1089474,0.08474101499999964,0.0,0.162,0.0,-0.0,0.0,1
2012-07-12 11:00:00+00:00,0.04900935,0.162754566585875,0.050958696896249996,0.006,0.372,4.916315778157895,4.9163158,0.08515335710526362,0.0,0.366,0.0,-0.0,0.0,1
2012-07-12 11:30:00+00:00,0.04677075,0.16019416223937502,0.04863105658125,0.014,0.294,4.768947357105263,4.7689474,0.08405577815789478,0.0,0.28,0.0,5.551115123125783e-17,-1.3497829682088125e-18,1
2012-07-12 12:00:00+00:00,0.0453255,0.15854115393874998,0.047128321762499994,0.023,0.621,4.454210515000001,4.4542105,0.08038635710526343,0.0,0.598,0.0,-0.0,0.0,1
2012-07-12 12:30:00+00:00,0.0460758,0.15939931143949998,0.04790846494499999,0.035,1.948,3.664736830789474,3.6647368,0.0742361150000006,0.0,1.5,0.41300000000000003,0.0,0.03291595781225675,1
2012-07-12 13:00:00+00:00,0.04673385,0.160151957772125,0.04859268888375,0.01,0.81,3.2436841992105268,3.2436842,0.0669066307894739,0.0,0.8,0.0,-0.0,0.0,1
2012-07-12 13:30:00+00:00,0.04584825,0.159139050558125,0.04767186414375,0.019,0.231,3.1321052518421055,3.1321053,0.06061629921052658,0.0,0.212,2.7755575615628914e-17,0.0,2.2084979755827155e-18,1
2012-07-12 14:00:00+00:00,0.04690605,0.16034891195262502,0.04877173813874999,0.014,0.444,2.9057894623684213,2.9057895,0.057927251842105676,0.0,0.43,0.0,-0.0,0.0,1
2012-07-12 14:30:00+00:00,0.04896015,0.162698293962875,0.05090753996624999,0.032,0.735,2.535789462368421,2.5357895,0.06104556236842118,0.0,0.703,0.0,-0.0,0.0,1
2012-07-12 15:00:00+00:00,0.0440832,0.157120270208,0.045836609279999996,0.03,0.443,2.3184210413157897,2.318421,0.071177962368421,0.0,0.413,5.551115123125783e-17,0.0,4.360963540506191e-18,1
2012-07-12 15:30:00+00:00,0.0434559,0.15640279426475,0.045184358422499994,0.026,0.389,2.1273684097368424,2.1273684,0.08811694131578962,0.0,0.363,0.0,-0.0,0.0,1
2012-07-12 16:00:00+00:00,0.04865265,0.16234659006912502,0.050587809153749996,0.016,0.246,2.006315778157895,2.0063158,0.11016720973684224,0.0,0.23,0.0,2.7755575615628914e-17,-7.020468810979563e-19,1
2012-07-12 16:30:00+00:00,0.0466785,0.16008865107125,0.0485351373375,0.003,0.302,1.8489473571052633,1.8489474,0.1344367781578948,0.0,0.299,0.0,-0.0,0.0,1
2012-07-12 17:00:00+00:00,0.0426564,0.15548836414099998,0.04435305830999999,0.001,0.201,1.7436841992105263,1.7436842,0.11300875710526315,0.0,0.2,0.0,-0.0,0.0,1
2012-07-12 17:30:00+00:00,0.047478,0.161003081195,0.04936643745,0.0,0.238,1.6184210413157896,1.618421,0.1757439992105263,0.0,0.238,0.0,-0.0,0.0,1
2012-07-12 18:00:00+00:00,0.06528225,0.181366736643125,0.06787885149374999,0.0,1.252,1.0,1.0,0.18684234131578958,0.0,1.175,0.07699999999999996,0.0,0.006982619360760309,1
2012-07-12 18:30:00+00:00,0.0595566,0.17481801014149997,0.061925463764999994,0.0,1.08,1.0,1.0,0.0,0.0,0.0,1.08,0.0,0.09440172547640999,1
2012-07-12 19:00:00+00:00,0.04814835,0.161769795683375,0.05006345062124999,0.0,0.389,1.0,1.0,0.0,0.0,0.0,0.389,0.0,0.03146422526041644,1
2012-07-12 19:30:00+00:00,0.0417585,0.15446138877124999,0.043419444337499995,0.0,0.418,1.0,1.0,0.0,0.0,0.0,0.418,0.0,0.03228243025319125,1
2012-07-12 20:00:00+00:00,0.03849285,0.15072629341962498,0.040023903108749995,0.0,0.353,1.0,1.0,0.0,0.0,0.0,0.353,0.0,0.026603190788563807,1
2012-07-12 20:30:00+00:00,0.04064535,0.153188220675875,0.042262018796249995,0.0,0.251,1.0,1.0,0.0,0.0,0.0,0.251,0.0,0.019225121694822312,1
2012-07-12 21:00:00+00:00,0.03972285,0.152133108994625,0.041302826358749996,0.0,0.234,1.0,1.0,0.0,0.0,0.0,0.234,0.0,0.017799573752371126,1
2012-07-12 21:30:00+00:00,0.0361374,0.1480322415935,0.037574765084999996,0.0,0.079,1.0,1.0,0.0,0.0,0.0,0.079,0.0,0.00584727354294325,1
2012-07-12 22:00:00+00:00,0.0351042,0.14685051651050002,0.036500469555000005,0.0,0.12,1.0,1.0,0.0,0.0,0.0,0.12,0.0,0.00881103099063,1
2012-07-12 22:30:00+00:00,0.0412788,0.153912730697,0.04292066427,0.0,0.077,1.0,1.0,0.0,0.0,0.0,0.077,0.0,0.0059256401318345,1
2012-07-12 23:00:00+00:00,0.03574995,0.14758909468737502,0.03717190426125,0.0,0.086,1.0,1.0,0.0,0.0,0.0,0.086,0.0,0.006346331071557126,1
2012-07-12 23:30:00+00:00,0.03543015,0.14722332263787502,0.03683938421625,0.0,0.17,1.0,1.0,0.0,0.0,0.0,0.17,0.0,0.012513982424219378,1
2012-07-13 00:00:00+00:00,0.0348582,0.09706915339550001,0.036244684905,0.0,0.101,1.0,1.0,0.0,0.0,0.0,0.101,0.0,0.004901992246472751,1
2012-07-13 00:30:00+00:00,0.03461835,0.096794824358375,0.03599529487125,0.0,0.164,1.0,1.0,0.0,0.0,0.0,0.164,0.0,0.00793717559738675,1
2012-07-13 01:00:00+00:00,0.03440925,0.096555665710625,0.03577787791875,0.0,0.205,1.320963599,1.3209636,0.3209636,0.67571284,0.0,0.8807128399999999,0.0,0.04251890728304758,1
2012-07-13 01:30:00+00:00,0.034932,0.09715356233000001,0.0363214203,0.0,0.111,1.320963599,1.3209636,1.000000082740371e-09,0.0,0.0,0.111,0.0,0.005392022709315001,1
2012-07-13 02:00:00+00:00,0.0341694,0.09628133667350001,0.035528487885,0.0,0.102,2.033463599,2.0334636,0.7125000010000002,1.5,0.0,1.602,0.0,0.07712135067547352,1
2012-07-13 02:30:00+00:00,0.0335175,0.09553572441875,0.03485065856249999,0.0,0.072,2.745963599,2.7459636,0.712500001,1.5,0.0,1.572,0.0,0.0750910793931375,1
2012-07-13 03:00:00+00:00,0.03287175,0.09479714624187499,0.034179223856249996,0.0,0.073,3.458463599,3.4584636,0.712500001,1.5,0.0,1.573,0.0,0.07455795551923468,1
2012-07-13 03:30:00+00:00,0.02996895,0.09147706148487501,0.03116096498625,0.0,0.116,4.170963599,4.1709636,0.7125000010000004,1.5,0.0,1.616,0.0,0.07391346567977902,1
2012-07-13 04:00:00+00:00,0.030504,0.09208902626,0.0317172966,0.0,0.072,4.883463599000001,4.8834636,0.7125000009999995,1.5,0.0,1.572,0.0,0.07238197464036,1
2012-07-13 04:30:00+00:00,0.03149415,0.09322151279787502,0.032746829816249996,0.0,0.084,5.595963599000001,5.5959636,0.7125000009999995,1.5,0.0,1.584,0.0,0.07383143813591703,1
2012-07-13 05:00:00+00:00,0.0327672,0.32457756691800005,0.03407051538,0.0,0.116,5.5349109674210535,5.534911,0.1254919990000012,0.0,0.116,0.0,-0.0,0.0,1
2012-07-13 05:30:00+00:00,0.0338619,0.32582963277975,0.0352087570725,0.0,0.282,5.3864899147894745,5.3864899,0.14163006742105377,0.0,0.282,0.0,-0.0,0.0,1
2012-07-13 06:00:00+00:00,0.0333822,0.32528097470550005,0.034709977004999996,0.0,0.076,5.346489914789474,5.3464899,0.15080811478947442,0.0,0.076,0.0,-0.0,0.0,1
2012-07-13 06:30:00+00:00,0.03375735,0.325710053455875,0.03510004859625,0.0,0.139,5.273332020052632,5.273332,0.15255321478947437,0.0,0.139,0.0,-0.0,0.0,1
2012-07-13 07:00:00+00:00,0.0360513,0.32833376450325,0.03748524045749999,0.0,0.334,5.097542546368421,5.0975425,0.14570192005263216,0.0,0.334,0.0,-0.0,0.0,1
2012-07-13 07:30:00+00:00,0.0341694,0.3261813366735001,0.035528487885,0.0,0.954,4.595437283210527,4.5954373,0.13399934636842126,0.0,0.954,0.0,-0.0,0.0,1
2012-07-13 08:00:00+00:00,0.03726285,0.3297194778446251,0.03874497985875,0.0,1.125,4.003332020052632,4.003332,0.12044608321052674,0.0,1.125,0.0,-0.0,0.0,1
2012-07-13 08:30:00+00:00,0.0396183,0.33241352967075005,0.0411941178825,0.001,0.493,3.744384651631579,3.7443847,0.10794462005263172,0.0,0.492,0.0,-0.0,0.0,1
2012-07-13 09:00:00+00:00,0.0389664,0.33166791741600005,0.040516288559999995,0.001,0.804,3.321753072684211,3.3217531,0.09862575163157894,0.0,0.803,0.0,-0.0,0.0,1
2012-07-13 09:30:00+00:00,0.03974745,0.332561245306125,0.04132840482375,0.001,0.225,3.2038583358421056,3.2038583,0.09340727268421078,0.0,0.224,0.0,-0.0,0.0,1
2012-07-13 10:00:00+00:00,0.040221,0.33310286930250005,0.041820790275,0.004,0.234,3.082805704263158,3.0828057,0.09189263584210572,0.0,0.23,0.0,-0.0,0.0,1
2012-07-13 10:30:00+00:00,0.0403932,0.333299823483,0.04199983953,0.01,0.279,2.941226756894737,2.9412268,0.09262770426315825,0.0,0.269,0.0,-0.0,0.0,1
2012-07-13 11:00:00+00:00,0.0397782,0.15219641569550002,0.041360377904999995,0.03,0.59,2.646489914789474,2.6464899,0.09363865689473716,0.0,0.56,0.0,1.1102230246251565e-16,-2.2959621928664295e-18,1
2012-07-13 11:30:00+00:00,0.0386343,0.15088807721075,0.040170979282500005,0.07,0.892,2.2138583358421053,2.2138583,0.09310071478947402,0.0,0.822,1.1102230246251565e-16,0.0,8.375970873039651e-18,1
2012-07-13 12:00:00+00:00,0.03836985,0.15058561186212502,0.03989601078374999,0.011,0.689,1.8570162305789473,1.8570162,0.08995213584210537,0.0,0.678,0.0,1.1102230246251565e-16,-2.214673488140639e-18,1
2012-07-13 12:30:00+00:00,0.0380193,0.15018466942325,0.039531517657499994,0.036,0.745,1.8493791132105262,1.8493791,0.0076371305789473265,0.0,0.014510523,0.694489477,0.0,0.05215083626058539,1
2012-07-13 13:00:00+00:00,0.0378225,0.14995957893125,0.0393268899375,0.019,0.422,1.8493791132105262,1.8493791,1.3210526228490949e-08,0.0,0.0,0.40299999999999997,0.0,0.030216855154646872,1
2012-07-13 13:30:00+00:00,0.03747195,0.149558636492375,0.038962396811249994,0.063,0.289,1.8493791132105262,1.8493791,1.3210526228490949e-08,0.0,0.0,0.22599999999999998,0.0,0.016900125923638373,1
2012-07-13 14:00:00+00:00,0.03695535,0.14896777395087502,0.03842524904625,0.046,0.252,1.8493791132105262,1.8493791,1.3210526228490949e-08,0.0,0.0,0.20600000000000002,0.0,0.015343680716940127,1
2012-07-13 14:30:00+00:00,0.03605745,0.147940798581125,0.037491635073749995,0.051,0.413,1.8493791132105262,1.8493791,1.3210526228490949e-08,0.0,0.0,0.362,0.0,0.02677728454318362,1
2012-07-13 15:00:00+00:00,0.0361251,0.14801817343775,0.03756197585249999,0.052,0.364,1.8493791132105262,1.8493791,1.3210526228490949e-08,0.0,0.0,0.312,0.0,0.023090835056289002,1
2012-07-13 15:30:00+00:00,0.03502425,0.146759073498125,0.036417339543749996,0.021,0.783,1.8493791132105262,1.8493791,1.3210526228490949e-08,0.0,0.0,0.762,0.0,0.05591520700278563,1
2012-07-13 16:00:00+00:00,0.03600825,0.14788452595812498,0.03744047814375,0.008,0.729,1.8493791132105262,1.8493791,1.3210526228490949e-08,0.0,0.0,0.721,0.0,0.05331237160790406,1
2012-07-13 16:30:00+00:00,0.03766875,0.149783726984375,0.03916702453125,0.001,0.765,1.8493791132105262,1.8493791,1.3210526228490949e-08,0.0,0.0,0.764,0.0,0.057217383708031255,1
2012-07-13 17:00:00+00:00,0.03852975,0.15076849788687502,0.040062270806249994,0.0,0.756,1.6793384553157893,1.6793385,0.1700406132105261,0.0,0.32307725,0.43292275,0.0,0.03263555635927756,1
2012-07-13 17:30:00+00:00,0.039975,0.1524215061875,0.04156500562499999,0.0,0.821,1.2472331921578945,1.2472332,0.1884586553157892,0.0,0.821,0.0,-0.0,0.0,1
2012-07-13 18:00:00+00:00,0.04064535,0.153188220675875,0.042262018796249995,0.0,0.866,1.0,1.0,0.19962809215789457,0.0,0.46974307,0.39625693,0.0,0.030350947018592377,1
2012-07-13 18:30:00+00:00,0.03878805,0.15106392915762498,0.04033084468874999,0.0,0.56,1.0,1.0,0.0,0.0,0.0,0.56,0.0,0.042297900164135,1
2012-07-13 19:00:00+00:00,0.0368139,0.14880599015975,0.038278172872499995,0.0,0.724,1.0,1.0,0.0,0.0,0.0,0.724,0.0,0.05386776843782949,1
2012-07-13 19:30:00+00:00,0.0352149,0.14697712991225,0.0366155726475,0.0,0.945,1.0,1.0,0.0,0.0,0.0,0.945,0.0,0.06944669388353812,1
2012-07-13 20:00:00+00:00,0.0363465,0.14827140024125,0.0377921820375,0.0,0.432,1.0,1.0,0.0,0.0,0.0,0.432,0.0,0.03202662245211,1
2012-07-13 20:30:00+00:00,0.0359652,0.147835287413,0.03739571583,0.0,0.599,1.0,1.0,0.0,0.0,0.0,0.599,0.0,0.0442766685801935,1
2012-07-13 21:00:00+00:00,0.03636495,0.14829250247487502,0.037811365886250003,0.0,0.675,1.0,1.0,0.0,0.0,0.0,0.675,0.0,0.050048719585270324,1
2012-07-13 21:30:00+00:00,0.03460605,0.146280756202625,0.03598250563875,0.0,0.571,1.0,1.0,0.0,0.0,0.0,0.571,0.0,0.04176315589584944,1
2012-07-13 22:00:00+00:00,0.0340218,0.1456125188045,0.035375017094999996,0.0,0.172,1.0,1.0,0.0,0.0,0.0,0.172,0.0,0.012522676617186998,1
2012-07-13 22:30:00+00:00,0.0387819,0.15105689507975,0.0403244500725,0.0,0.198,1.0,1.0,0.0,0.0,0.0,0.198,0.0,0.01495463261289525,1
2012-07-13 23:00:00+00:00,0.03570075,0.14753282206437499,0.037120747331249995,0.0,0.158,1.0,1.0,0.0,0.0,0.0,0.158,0.0,0.011655092943085624,1
2012-07-13 23:30:00+00:00,0.0363957,0.14832767286425003,0.0378433389675,0.0,0.131,1.0,1.0,0.0,0.0,0.0,0.131,0.0,0.009715462572608377,1
2012-07-14 00:00:00+00:00,0.03524565,0.09751230030162501,0.03664754572875,0.0,0.085,1.0,1.0,0.0,0.0,0.0,0.085,0.0,0.004144272762819063,1
2012-07-14 00:30:00+00:00,0.03427395,0.096400915997375,0.03563719636125,0.0,0.058,1.0,1.0,0.0,0.0,0.0,0.058,0.0,0.0027956265639238753,1
2012-07-14 01:00:00+00:00,0.03424935,0.096372779685875,0.035611617896249996,0.0,0.122,1.0,1.0,0.0,0.0,0.0,0.122,0.0,0.005878739560838375,1
2012-07-14 01:30:00+00:00,0.03421245,0.09633057521862502,0.035573250198749996,0.0,0.087,1.3228612145,1.3228612,0.32286119999999996,0.67970782,0.0,0.7667078199999999,0.0,0.036928702662609,1
2012-07-14 02:00:00+00:00,0.03256425,0.09444544234812502,0.03385949304375,0.0,0.099,2.0353612145,2.0353612,0.7124999855,1.5,0.0,1.599,0.0,0.07550913115732595,1
2012-07-14 02:30:00+00:00,0.03261345,0.09450171497112501,0.03391064997375,0.0,0.082,2.7478612145,2.7478612,0.7124999855,1.5,0.0,1.582,0.0,0.07475085654215989,1
2012-07-14 03:00:00+00:00,0.03209685,0.09391085242962502,0.033373502208749996,0.0,0.058,3.4603612145,3.4603612,0.7124999855,1.5,0.0,1.558,0.0,0.07315655404267789,1
2012-07-14 03:30:00+00:00,0.03190005,0.093685761937625,0.03316887448875,0.0,0.127,4.172861214499999,4.1728612,0.7124999855,1.5,0.0,1.627,0.0,0.07621336733625794,1
2012-07-14 04:00:00+00:00,0.0313281,0.09303159269524999,0.0325741751775,0.0,0.17,4.8853612145,4.8853612,0.7124999855000009,1.5,0.0,1.67,0.0,0.07768137990053374,1
2012-07-14 04:30:00+00:00,0.0312174,0.09290497929350001,0.032459072085,0.0,0.103,5.5978612145,5.5978612,0.7124999855,1.5,0.0,1.603,0.0,0.07446334090374027,1
2012-07-14 05:00:00+00:00,0.0310452,0.322608025113,0.03228002283,0.0,0.166,5.510492793447368,5.5104928,0.13323921449999965,0.0,0.166,0.0,-0.0,0.0,1
2012-07-14 05:30:00+00:00,0.03129735,0.32289642230587506,0.03254220209625,0.0,0.058,5.479966477657895,5.4799665,0.14889549344736874,0.0,0.058,0.0,-0.0,0.0,1
2012-07-14 06:00:00+00:00,0.0308484,0.32238293462100004,0.03207539511,0.0,0.096,5.429440161868421,5.4294402,0.15758157765789438,0.0,0.096,0.0,-0.0,0.0,1
2012-07-14 06:30:00+00:00,0.02969835,0.32106756205837506,0.030879601871249995,0.0,0.176,5.336808582921053,5.3368086,0.15883136186842162,0.0,0.176,0.0,-0.0,0.0,1
2012-07-14 07:00:00+00:00,0.0318693,0.32355059154825005,0.0331369014075,0.0,0.233,5.214177003973685,5.214177,0.1515129829210533,0.0,0.233,0.0,-0.0,0.0,1
2012-07-14 07:30:00+00:00,0.03356055,0.325484962963875,0.03489542087625,0.005,0.894,4.74628226713158,4.7462823,0.13935650397368438,0.0,0.889,0.0,-0.0,0.0,1
2012-07-14 08:00:00+00:00,0.0344646,0.3265189724115001,0.03583542946499999,0.051,1.027,4.232598056605264,4.2325981,0.12536136713158008,0.0,0.976,0.0,1.1102230246251565e-16,-1.9892659444686873e-18,1
2012-07-14 08:30:00+00:00,0.0344646,0.3265189724115001,0.03583542946499999,0.113,0.425,4.068387530289474,4.0683875,0.11242635660526368,0.0,0.312,0.0,-0.0,0.0,1
2012-07-14 09:00:00+00:00,0.03439695,0.32644159755487506,0.03576508868625,0.16,0.451,3.915229635552632,3.9152296,0.10267713028947423,0.0,0.291,5.551115123125783e-17,0.0,9.060574445021037e-18,1
2012-07-14 09:30:00+00:00,0.0359283,0.32819308294575006,0.0373573481325,0.202,0.071,3.977454635552632,3.9774546,0.09702653555263208,0.131,0.0,0.0,-0.0,0.0,1
2012-07-14 10:00:00+00:00,0.0372567,0.3297124437667501,0.03873858524249999,0.245,0.093,4.049654635552632,4.0496546,0.09507403555263227,0.152,0.0,0.0,-0.0,0.0,1
2012-07-14 10:30:00+00:00,0.0358176,0.32806646954400004,0.03724224504,0.196,0.136,4.078154635552632,4.0781546,0.09536303555263226,0.06,0.0,0.0,-0.0,0.0,1
2012-07-14 11:00:00+00:00,0.03442155,0.146069733866375,0.035790667151250004,0.198,0.55,3.8928914776578956,3.8928915,0.0959200355526324,0.0,0.352,5.551115123125783e-17,0.0,4.054249543482963e-18,1
2012-07-14 11:30:00+00:00,0.0344154,0.1460626997885,0.035784272534999995,0.182,0.864,3.5339441092368427,3.5339441,0.0949218776578955,0.0,0.682,0.0,1.1102230246251565e-16,-1.9864261643909306e-18,1
2012-07-14 12:00:00+00:00,0.03433545,0.145971256776125,0.03570114252375,0.142,0.26,3.4718388460789478,3.4718388,0.0913103092368428,0.0,0.118,2.7755575615628914e-17,0.0,2.025758127579061e-18,1
2012-07-14 12:30:00+00:00,0.0343908,0.146034563477,0.03575869406999999,0.027,0.2,3.3807862145000005,3.3807862,0.08518044607894781,0.0,0.173,2.7755575615628914e-17,0.0,2.026636684540617e-18,1
2012-07-14 13:00:00+00:00,0.03439695,0.14604159755487503,0.03576508868625,0.024,0.34,3.2144704250263163,3.2144704,0.07783801450000061,0.0,0.316,0.0,-0.0,0.0,1
2012-07-14 13:30:00+00:00,0.0340095,0.14559845064875,0.0353622278625,0.034,0.165,3.2144704250263163,3.2144704,2.502631613054973e-08,0.0,0.0,0.131,0.0,0.009536698517493124,1
2012-07-14 14:00:00+00:00,0.03390495,0.145478871324875,0.03525351938625,0.064,0.128,3.2144704250263163,3.2144704,2.502631613054973e-08,0.0,0.0,0.064,0.0,0.004655323882396,1
2012-07-14 14:30:00+00:00,0.0339357,0.14551404171425,0.0352854924675,0.204,0.112,3.258170425026316,3.2581704,2.502631613054973e-08,0.092,0.0,2.7755575615628914e-17,0.0,2.019412993967823e-18,1
2012-07-14 15:00:00+00:00,0.03394185,0.145521075792125,0.03529188708375,0.162,0.1,3.2876204250263164,3.2876204,2.502631613054973e-08,0.062,0.0,0.0,-0.0,0.0,1
2012-07-14 15:30:00+00:00,0.03394185,0.145521075792125,0.03529188708375,0.064,0.186,3.24309935081579,3.2430994,0.04452102502631616,0.0,0.084590041,0.03740995899999999,0.0,0.002721968739509644,1
2012-07-14 16:00:00+00:00,0.03404025,0.145633621038125,0.035394200943749995,0.032,0.212,3.148362508710527,3.1483625,0.12035815081579004,0.0,0.18,0.0,-0.0,0.0,1
2012-07-14 16:30:00+00:00,0.03464295,0.146322960669875,0.03602087333625,0.012,0.458,2.913625666605264,2.9136257,0.14440360871052693,0.0,0.446,0.0,-0.0,0.0,1
2012-07-14 17:00:00+00:00,0.03672165,0.148700478991625,0.038182253628749996,0.001,0.587,2.605204613973685,2.6052046,0.16715186660526404,0.0,0.586,0.0,-0.0,0.0,1
2012-07-14 17:30:00+00:00,0.03729975,0.149361682311875,0.03878334755625,0.0,0.316,2.4388888245000007,2.4388888,0.1852335139736847,0.0,0.316,0.0,-0.0,0.0,1
2012-07-14 18:00:00+00:00,0.04129725,0.153933832930625,0.04293984811875,0.0,0.351,2.2541519823947374,2.254152,0.19610042450000087,0.0,0.351,0.0,-0.0,0.0,1
2012-07-14 18:30:00+00:00,0.0409836,0.153575094959,0.04261372269,0.0,0.439,2.02309935081579,2.0230994,0.19851688239473742,0.0,0.439,0.0,-0.0,0.0,1
2012-07-14 19:00:00+00:00,0.03967365,0.152076836371625,0.04125166942875,0.0,0.335,1.8467835613421058,1.8467836,0.19272875081579,0.0,0.335,0.0,-0.0,0.0,1
2012-07-14 19:30:00+00:00,0.03729975,0.149361682311875,0.03878334755625,0.0,0.351,1.6620467192368427,1.6620467,0.17953646134210577,0.0,0.351,0.0,-0.0,0.0,1
2012-07-14 20:00:00+00:00,0.03451995,0.146182279112375,0.03589298101125,0.0,0.357,1.4741519823947373,1.474152,0.1625581192368426,0.0,0.357,0.0,-0.0,0.0,1
2012-07-14 20:30:00+00:00,0.0345753,0.14624558581325,0.0359505325575,0.0,0.309,1.3115204034473689,1.3115204,0.1445353823947373,0.0,0.309,0.0,-0.0,0.0,1
2012-07-14 21:00:00+00:00,0.03439695,0.14604159755487503,0.03576508868625,0.0,0.464,1.1446659981842109,1.144666,0.12710420344736884,0.0,0.31702337,0.14697663,0.0,0.010732350924215886,1
2012-07-14 21:30:00+00:00,0.0343908,0.146034563477,0.03575869406999999,0.0,0.518,1.1446659981842109,1.144666,1.815789074655072e-09,0.0,0.0,0.518,0.0,0.037822951940543,1
2012-07-14 22:00:00+00:00,0.0342924,0.14592201823099998,0.03565638021,0.0,0.357,1.1446659981842109,1.144666,1.815789074655072e-09,0.0,0.0,0.357,0.0,0.026047080254233496,1
2012-07-14 22:30:00+00:00,0.03444615,0.146097870177875,0.03581624561625,0.0,0.469,1.0603617139736845,1.0603617,0.08430429818421081,0.0,0.16017814,0.30882186,0.0,0.022559108005184948,1
2012-07-14 23:00:00+00:00,0.0343785,0.14602049532125,0.035745904837499995,0.0,0.426,1.0603617139736845,1.0603617,1.397368443178948e-08,0.0,0.0,0.426,0.0,0.03110236550342625,1
2012-07-14 23:30:00+00:00,0.03447075,0.14612600648937502,0.03584182408125,0.0,0.344,1.0,1.0,0.060361713973684505,0.0,0.11468726,0.22931273999999996,0.0,0.01675427746666818,1
2012-07-15 00:00:00+00:00,0.03451995,0.09668227911237502,0.03589298101125,0.0,0.113,1.0,1.0,0.0,0.0,0.0,0.113,0.0,0.005462548769849189,1
2012-07-15 00:30:00+00:00,0.0343785,0.09652049532125001,0.035745904837499995,0.0,0.15,1.0,1.0,0.0,0.0,0.0,0.15,0.0,0.007239037149093751,1
2012-07-15 01:00:00+00:00,0.0342555,0.09637981376375002,0.035618012512500005,0.0,0.134,1.0,1.0,0.0,0.0,0.0,0.134,0.0,0.006457447522171251,1
2012-07-15 01:30:00+00:00,0.03381885,0.09588039423462501,0.03516399475874999,0.0,0.178,1.3677789245,1.3677789,0.3677789,0.77427142,0.0,0.95227142,0.0,0.04565207958398308,1
2012-07-15 02:00:00+00:00,0.03326535,0.095247327225875,0.034588479296249995,0.0,0.197,2.0802789245,2.0802789,0.7124999755000001,1.5,0.0,1.697,0.0,0.08081735715115494,1
2012-07-15 02:30:00+00:00,0.0311313,0.09280650220325001,0.032369547457499995,0.0,0.124,2.7927789245,2.7927789,0.7124999755000001,1.5,0.0,1.624,0.0,0.07535887978903902,1
2012-07-15 03:00:00+00:00,0.03159255,0.093334058043875,0.03284914367625,0.0,0.072,3.5052789245,3.5052789,0.7124999755000001,1.5,0.0,1.572,0.0,0.07336056962248576,1
2012-07-15 03:30:00+00:00,0.0308361,0.09246886646525002,0.0320626058775,0.0,0.096,4.217778924499999,4.2177789,0.7124999755000001,1.5,0.0,1.596,0.0,0.07379015543926952,1
2012-07-15 04:00:00+00:00,0.0300612,0.091582572653,0.03125688423,0.0,0.125,4.9302789245,4.9302789,0.712499975500001,1.5,0.0,1.625,0.0,0.0744108402805625,1
2012-07-15 04:30:00+00:00,0.03046095,0.09203978771487499,0.03167253428625,0.0,0.053,5.6427789245,5.6427789,0.7124999755000001,1.5,0.0,1.553,0.0,0.07146889516060043,1
2012-07-15 05:00:00+00:00,0.02870205,0.31992804144262504,0.029843674038749997,0.0,0.071,5.605410503447368,5.6054105,0.1304322244999998,0.0,0.071,0.0,-0.0,0.0,1
2012-07-15 05:30:00+00:00,0.03016575,0.32160215197687503,0.03136559270625,0.0,0.194,5.503305240289474,5.5033052,0.14634700344736817,0.0,0.194,0.0,-0.0,0.0,1
2012-07-15 06:00:00+00:00,0.0262113,0.31707923990325004,0.027253854457499997,0.0,0.086,5.458042082394737,5.4580421,0.15530154028947418,0.0,0.086,0.0,-0.0,0.0,1
2012-07-15 06:30:00+00:00,0.027921,0.3190347135525,0.029031557774999998,0.0,0.089,5.411199977131579,5.4112,0.15683298239473675,0.0,0.089,0.0,-0.0,0.0,1
2012-07-15 07:00:00+00:00,0.030996,0.32255175249000007,0.0322288659,0.0,0.103,5.35698945081579,5.3569895,0.14983767713157903,0.0,0.103,0.0,-0.0,0.0,1
2012-07-15 07:30:00+00:00,0.0313773,0.3229878653182501,0.032625332107499995,0.011,0.09,5.315410503447368,5.3154105,0.13802705081578992,0.0,0.079,0.0,-0.0,0.0,1
2012-07-15 08:00:00+00:00,0.03223215,0.323965602142875,0.03351418376625,0.055,0.284,5.194884187657895,5.1948842,0.12439590344736828,0.0,0.229,0.0,2.7755575615628914e-17,-4.651027308601174e-19,1
2012-07-15 08:30:00+00:00,0.03445845,0.326511938333625,0.035829034848750003,0.097,0.811,4.819094713973684,4.8190947,0.11183568765789431,0.0,0.714,1.1102230246251565e-16,0.0,1.8125053587648988e-17,1
2012-07-15 09:00:00+00:00,0.03411405,0.326118029972625,0.035470936338749995,0.143,0.346,4.712252608710527,4.7122526,0.10246361397368453,0.0,0.203,0.0,2.7755575615628914e-17,-4.922581278536674e-19,1
2012-07-15 09:30:00+00:00,0.0344646,0.3265189724115001,0.03583542946499999,0.193,0.359,4.624884187657895,4.6248842,0.09718390871052662,0.0,0.166,0.0,2.7755575615628914e-17,-4.973164861171718e-19,1
2012-07-15 10:00:00+00:00,0.03451995,0.32658227911237503,0.03589298101125,0.237,0.353,4.563831556078948,4.5638316,0.09558818765789479,0.0,0.116,0.0,1.3877787807814457e-17,-2.490575871320205e-19,1
2012-07-15 10:30:00+00:00,0.0344523,0.32650490425575,0.035822640232499994,0.274,0.08,4.655981556078948,4.6559816,0.09621445607894774,0.194,0.0,0.0,-0.0,0.0,1
2012-07-15 11:00:00+00:00,0.03443385,0.146083802022125,0.03580345638375,0.293,0.096,4.749556556078948,4.7495566,0.09708555607894809,0.197,0.0,5.551115123125783e-17,0.0,4.054640013243655e-18,1
2012-07-15 11:30:00+00:00,0.03417555,0.145788370751375,0.03553488250125,0.303,0.146,4.824131556078949,4.8241316,0.09637705607894809,0.157,0.0,0.0,-0.0,0.0,1
2012-07-15 12:00:00+00:00,0.0341202,0.1457250640505,0.035477330955000004,0.214,0.295,4.78149997713158,4.7815,0.09303045607894855,0.0,0.081,0.0,1.3877787807814457e-17,-2.4617343549054874e-19,1
2012-07-15 12:30:00+00:00,0.03394185,0.145521075792125,0.03529188708375,0.018,0.187,4.692552608710527,4.6925526,0.0871413771315801,0.0,0.169,0.0,-0.0,0.0,1
2012-07-15 13:00:00+00:00,0.03388035,0.145450735013375,0.03522794092124999,0.013,0.197,4.5957105034473695,4.5957105,0.0800157087105271,0.0,0.184,0.0,-0.0,0.0,1
2012-07-15 13:30:00+00:00,0.03360975,0.145141235586875,0.03494657780625,0.016,0.203,4.49728945081579,4.4972895,0.07387320344736992,0.0,0.187,0.0,-0.0,0.0,1
2012-07-15 14:00:00+00:00,0.0338865,0.14545776909125002,0.0352343355375,0.057,0.228,4.4072894508157905,4.4072895,0.0712748508157901,0.0,0.171,0.0,-0.0,0.0,1
2012-07-15 14:30:00+00:00,0.0332961,0.14478249761525003,0.0346204523775,0.198,0.203,4.404657871868422,4.4046579,0.07442355081579066,0.0,0.005,4.336808689942018e-18,0.0,3.139469969046629e-19,1
2012-07-15 15:00:00+00:00,0.0336036,0.145134201509,0.034940183189999995,0.172,0.372,4.299394713973685,4.2993947,0.08452297186842195,0.0,0.2,0.0,-0.0,0.0,1
2012-07-15 15:30:00+00:00,0.0340464,0.14564065511600002,0.03540059556,0.13,0.319,4.199921029763159,4.199921,0.10136471397368485,0.0,0.189,0.0,-0.0,0.0,1
2012-07-15 16:00:00+00:00,0.03431085,0.14594312046462501,0.03567556405875,0.033,0.167,4.129394713973685,4.1293947,0.1232568297631591,0.0,0.134,0.0,-0.0,0.0,1
2012-07-15 16:30:00+00:00,0.0344523,0.14610490425574998,0.035822640232499994,0.001,0.299,3.972552608710527,3.9725526,0.14731571397368493,0.0,0.298,0.0,-0.0,0.0,1
2012-07-15 17:00:00+00:00,0.03677085,0.148756751614625,0.03823341055875,0.0,0.317,3.8057105034473695,3.8057105,0.17005090871052708,0.0,0.317,0.0,-0.0,0.0,1
2012-07-15 17:30:00+00:00,0.04092825,0.153511788258125,0.042556171143749995,0.0,0.543,3.519921029763159,3.519921,0.18809680344736934,0.0,0.543,0.0,-0.0,0.0,1
2012-07-15 18:00:00+00:00,0.0563094,0.1711040170235,0.058549106385,0.0,0.308,3.357815766605264,3.3578158,0.19890962976315896,0.0,0.308,0.0,-0.0,0.0,1
2012-07-15 18:30:00+00:00,0.05283465,0.167129763024125,0.05493614820374999,0.0,0.274,3.213605240289475,3.2136052,0.2012566666052642,0.0,0.274,0.0,-0.0,0.0,1
2012-07-15 19:00:00+00:00,0.04690605,0.16034891195262502,0.04877173813874999,0.0,0.221,3.0972894508157904,3.0972895,0.19538494028947495,0.0,0.221,0.0,-0.0,0.0,1
2012-07-15 19:30:00+00:00,0.0440217,0.15704992942924997,0.04577266311749999,0.0,0.352,2.9120262929210536,2.9120263,0.18210275081579042,0.0,0.352,0.0,-0.0,0.0,1
2012-07-15 20:00:00+00:00,0.04156785,0.154243332357125,0.04322121123375,0.0,0.29,2.7593947139736854,2.7593947,0.1650098929210535,0.0,0.29,0.0,-0.0,0.0,1
2012-07-15 20:30:00+00:00,0.0418815,0.15460207032875,0.0435473366625,0.0,0.532,2.4793947139736856,2.4793947,0.14684121397368521,0.0,0.532,0.0,-0.0,0.0,1
2012-07-15 21:00:00+00:00,0.0406146,0.1531530502865,0.042230045715,0.0,0.295,2.3241315560789486,2.3241316,0.1292338139736855,0.0,0.295,0.0,-0.0,0.0,1
2012-07-15 21:30:00+00:00,0.03806235,0.150233907968375,0.03957627997125,0.0,0.593,2.0120262929210537,2.0120263,0.11281395607894851,0.0,0.593,0.0,-0.0,0.0,1
2012-07-15 22:00:00+00:00,0.0350058,0.1467379712645,0.036398155695,0.0,0.126,1.9457105034473696,1.9457105,0.0984719929210538,0.0,0.126,0.0,-0.0,0.0,1
2012-07-15 22:30:00+00:00,0.0370968,0.14912955774199999,0.038572325219999995,0.0,0.101,1.8925526087105276,1.8925526,0.08571550344736956,0.0,0.101,0.0,-0.0,0.0,1
2012-07-15 23:00:00+00:00,0.0357807,0.14762426507675,0.0372038773425,0.0,0.142,1.8178157666052643,1.8178158,0.07363280871052758,0.0,0.142,0.0,-0.0,0.0,1
2012-07-15 23:30:00+00:00,0.0349566,0.14668169864150002,0.036346998765,0.0,0.137,1.7457105034473697,1.7457105,0.06111606660526436,0.0,0.137,0.0,-0.0,0.0,1
2012-07-16 00:00:00+00:00,0.03432315,0.096457188620375,0.035688353291249995,0.0,0.163,1.7457105034473697,1.7457105,3.447369723019733e-09,0.0,0.0,0.163,0.0,0.007861260872560562,1
2012-07-16 00:30:00+00:00,0.03391725,0.09599293948062503,0.03526630861875,0.0,0.123,1.7457105034473697,1.7457105,3.447369723019733e-09,0.0,0.0,0.123,0.0,0.005903565778058439,1
2012-07-16 01:00:00+00:00,0.0343293,0.09646422269825002,0.0356947479075,0.0,0.145,1.7457105034473697,1.7457105,3.447369723019733e-09,0.0,0.0,0.145,0.0,0.0069936561456231255,1
2012-07-16 01:30:00+00:00,0.033948,0.09602810987000002,0.035298281699999996,0.0,0.116,1.7457105034473697,1.7457105,3.447369723019733e-09,0.0,0.0,0.116,0.0,0.005569630372460001,1
2012-07-16 02:00:00+00:00,0.03330225,0.09528953169312501,0.034626846993749995,0.0,0.071,2.1572193529473696,2.1572194,0.4115088965526301,0.86633442,0.0,0.93733442,0.0,0.044659078960823474,1
2012-07-16 02:30:00+00:00,0.0323613,0.09421331777825001,0.0336484707075,0.0,0.053,2.8697193529473695,2.8697194,0.7125000470526306,1.5,0.0,1.553,0.0,0.07315664125481113,1
2012-07-16 03:00:00+00:00,0.0321276,0.09394602281900001,0.03340547529,0.0,0.087,3.5822193529473694,3.5822194,0.7125000470526306,1.5,0.0,1.587,0.0,0.0745461691068765,1
2012-07-16 03:30:00+00:00,0.0312912,0.09298938822800001,0.03253580748,0.0,0.084,4.29471935294737,4.2947194,0.7125000470526306,1.5,0.0,1.584,0.0,0.07364759547657601,1
2012-07-16 04:00:00+00:00,0.03089145,0.09253217316612501,0.03212015742375,0.0,0.071,5.00721935294737,5.0072194,0.7125000470526306,1.5,0.0,1.571,0.0,0.0726840220219912,1
2012-07-16 04:30:00+00:00,0.0330747,0.09502927081175,0.034390246192499994,0.0,0.09,5.71971935294737,5.7197194,0.7125000470526297,1.5,0.0,1.59,0.0,0.07554827029534125,1
2012-07-16 05:00:00+00:00,0.034071,0.3260687914275,0.035426174025,0.0,0.067,5.6844561950526336,5.6844562,0.12548815294737015,0.0,0.067,0.0,-0.0,0.0,1
2012-07-16 05:30:00+00:00,0.0347721,0.32687067630525,0.0361551602775,0.0,0.06,5.652877247684213,5.6528772,0.14073119505263332,0.0,0.06,0.0,-0.0,0.0,1
2012-07-16 06:00:00+00:00,0.0349935,0.32712390310875006,0.0363853664625,0.0,0.259,5.5165614582105285,5.5165615,0.14899414768421249,0.0,0.259,0.0,-0.0,0.0,1
2012-07-16 06:30:00+00:00,0.03774255,0.33026813591887505,0.039243759926249996,0.0,0.288,5.364982510842108,5.3649825,0.1498206582105288,0.0,0.288,0.0,-0.0,0.0,1
2012-07-16 07:00:00+00:00,0.042804,0.33605718201,0.0445065291,0.0,0.48,5.112350931894739,5.1123509,0.1421389108421076,0.0,0.48,0.0,-0.0,0.0,1
2012-07-16 07:30:00+00:00,0.04277325,0.33602201162062506,0.04447455601874999,0.011,0.299,4.9607719845263185,4.960772,0.12964523189473898,0.0,0.288,0.0,-0.0,0.0,1
2012-07-16 08:00:00+00:00,0.04704135,0.34090366166587505,0.04891241969625,0.056,0.333,4.814982510842108,4.8149825,0.11533308452631807,0.0,0.277,0.0,-0.0,0.0,1
2012-07-16 08:30:00+00:00,0.0483267,0.34237378394175005,0.0502488944925,0.102,0.341,4.689193037157898,4.689193,0.10209051084210774,0.0,0.239,5.551115123125783e-17,0.0,9.50278144900424e-18,1
2012-07-16 09:00:00+00:00,0.04705365,0.34091772982162505,0.04892520892875,0.154,0.15,4.691093037157898,4.691093,0.09203003715789748,0.004,0.0,0.0,-0.0,0.0,1
2012-07-16 09:30:00+00:00,0.0467646,0.3405871281615,0.048624661964999996,0.201,0.147,4.716743037157897,4.716743,0.08605103715789753,0.054,0.0,0.0,2.7755575615628914e-17,-6.748027409769763e-19,1
2012-07-16 10:00:00+00:00,0.04634025,0.34010177678812503,0.04818343344374999,0.25,0.237,4.722918037157897,4.722918,0.08374153715789756,0.013,0.0,0.0,-0.0,0.0,1
2012-07-16 10:30:00+00:00,0.0456576,0.3393209941440001,0.04747363104,0.277,0.325,4.69765487926316,4.6976549,0.08363773715789691,0.0,0.048,0.0,1.3877787807814457e-17,-3.2941448901979696e-19,1
2012-07-16 11:00:00+00:00,0.0416601,0.15434884352525,0.04331713047749999,0.289,0.391,4.643970668736844,4.6439707,0.08376307926315985,0.0,0.102,4.163336342344337e-17,0.0,3.2130307482374634e-18,1
2012-07-16 11:30:00+00:00,0.04076835,0.153328902233375,0.04238991112125,0.295,0.133,4.720920668736844,4.7209207,0.08229566873684391,0.162,0.0,5.551115123125783e-17,0.0,4.255731939999813e-18,1
2012-07-16 12:00:00+00:00,0.03978435,0.152203449773375,0.041366772521250005,0.204,0.072,4.7836206687368446,4.7836207,0.07818096873684421,0.132,0.0,2.7755575615628914e-17,0.0,2.1122471795722435e-18,1
2012-07-16 12:30:00+00:00,0.03605745,0.147940798581125,0.037491635073749995,0.018,0.093,4.744146984526318,4.744147,0.07151896873684471,0.0,0.075,0.0,-0.0,0.0,1
2012-07-16 13:00:00+00:00,0.0344892,0.14614710872300002,0.035861007929999994,0.012,0.137,4.678357510842107,4.6783575,0.06361978452631778,0.0,0.125,0.0,-0.0,0.0,1
2012-07-16 13:30:00+00:00,0.0347721,0.14647067630525,0.0361551602775,0.016,0.108,4.629936458210528,4.6299365,0.05670651084210743,0.0,0.092,0.0,-0.0,0.0,1
2012-07-16 14:00:00+00:00,0.0346245,0.14630185843625002,0.0360016894875,0.059,0.09,4.613620668736844,4.6136207,0.053342458210527965,0.0,0.031,0.0,-0.0,0.0,1
2012-07-16 14:30:00+00:00,0.0342555,0.14587981376375,0.035618012512500005,0.206,0.109,4.659695668736844,4.6596957,0.055732168736843946,0.097,0.0,2.7755575615628914e-17,0.0,2.0244891008568134e-18,1
2012-07-16 15:00:00+00:00,0.034194,0.14580947298500002,0.03555406635,0.17,0.089,4.698170668736844,4.6981707,0.06508096873684366,0.081,0.0,0.0,2.7755575615628914e-17,-4.934117885102563e-19,1
2012-07-16 15:30:00+00:00,0.0340587,0.14565472327175,0.035413384792499995,0.126,0.136,4.692907510842107,4.6929075,0.08118286873684344,0.0,0.01,8.673617379884035e-18,0.0,6.316766696160252e-19,1
2012-07-16 16:00:00+00:00,0.034686,0.146372199215,0.03606563565,0.034,0.144,4.635012774000002,4.6350128,0.10234961084210692,0.0,0.11,0.0,1.3877787807814457e-17,-2.502556193523242e-19,1
2012-07-16 16:30:00+00:00,0.0368262,0.14882005831550002,0.038290962105000007,0.001,0.193,4.533960142421054,4.5339601,0.1257027740000014,0.0,0.192,0.0,-0.0,0.0,1
2012-07-16 17:00:00+00:00,0.0376257,0.14973448843925,0.039122262217499995,0.0,0.361,4.343960142421054,4.3439601,0.1477583424210538,0.0,0.361,0.0,-0.0,0.0,1
2012-07-16 17:30:00+00:00,0.0412665,0.15389866254125,0.042907875037499994,0.0,0.415,4.125539089789474,4.1255391,0.16515854242105377,0.0,0.415,0.0,-0.0,0.0,1
2012-07-16 18:00:00+00:00,0.0482898,0.16193157947450001,0.050210526795,0.0,0.75,3.730802247684211,3.7308022,0.1753663897894744,0.0,0.75,0.0,-0.0,0.0,1
2012-07-16 18:30:00+00:00,0.04855425,0.162234044823125,0.050485495293749995,0.0,0.394,3.5234338266315794,3.5234338,0.17715524768421131,0.0,0.394,0.0,-0.0,0.0,1
2012-07-16 19:00:00+00:00,0.047355,0.1608623996375,0.049238545125,0.0,0.233,3.400802247684211,3.4008022,0.17077592663157937,0.0,0.233,0.0,-0.0,0.0,1
2012-07-16 19:30:00+00:00,0.0408114,0.1533781407785,0.042434673434999994,0.0,0.248,3.270275931894737,3.2702759,0.15704744768421097,0.0,0.248,0.0,-0.0,0.0,1
2012-07-16 20:00:00+00:00,0.0407376,0.153293731844,0.042357938039999994,0.0,0.462,3.027118037157895,3.027118,0.1395533318947373,0.0,0.462,0.0,-0.0,0.0,1
2012-07-16 20:30:00+00:00,0.0414387,0.15409561672175,0.043086924292499995,0.0,0.255,2.8929075108421056,2.8929075,0.12102383715789511,0.0,0.255,0.0,-0.0,0.0,1
2012-07-16 21:00:00+00:00,0.0408114,0.1533781407785,0.042434673434999994,0.0,0.426,2.668696984526316,2.668697,0.10309931084210566,0.0,0.426,0.0,-0.0,0.0,1
2012-07-16 21:30:00+00:00,0.0380439,0.15021280573475002,0.039557096122499996,0.0,0.33,2.4950127740000005,2.4950128,0.08641168452631609,0.0,0.33,0.0,-0.0,0.0,1
2012-07-16 22:00:00+00:00,0.03562695,0.147448413129875,0.03704401193624999,0.0,0.07,2.4581706687368428,2.4581707,0.07184267400000044,0.0,0.07,0.0,-0.0,0.0,1
2012-07-16 22:30:00+00:00,0.0438864,0.156895179716,0.04563198156,0.0,0.072,2.4202759318947376,2.4202759,0.058899968736842556,0.0,0.072,0.0,-0.0,0.0,1
2012-07-16 23:00:00+00:00,0.0363465,0.14827140024125,0.0377921820375,0.0,0.154,2.33922330031579,2.3392233,0.0466740318947374,0.0,0.154,0.0,-0.0,0.0,1
2012-07-16 23:30:00+00:00,0.0352641,0.14703340253525,0.036666729577499994,0.0,0.116,2.2781706687368426,2.2781707,0.03406420031579005,0.0,0.116,0.0,-0.0,0.0,1
2012-07-17 00:00:00+00:00,0.0357192,0.098053924298,0.037139931179999995,0.0,0.119,2.2781706687368426,2.2781707,3.126315739621077e-08,0.0,0.0,0.119,0.0,0.005834208495731,1
2012-07-17 00:30:00+00:00,0.03433545,0.096471256776125,0.03570114252375,0.0,0.124,2.2781706687368426,2.2781707,3.126315739621077e-08,0.0,0.0,0.124,0.0,0.00598121792011975,1
2012-07-17 01:00:00+00:00,0.03436005,0.09649939308762502,0.03572672098875,0.0,0.196,2.2781706687368426,2.2781707,3.126315739621077e-08,0.0,0.0,0.196,0.0,0.009456940522587252,1
2012-07-17 01:30:00+00:00,0.0342801,0.09640795007524999,0.03564359097749999,0.0,0.194,2.2781706687368426,2.2781707,3.126315739621077e-08,0.0,0.0,0.194,0.0,0.00935157115729925,1
2012-07-17 02:00:00+00:00,0.03406485,0.09616175734962502,0.03541977940875,0.0,0.081,2.2781706687368426,2.2781707,0.00015543126315753497,0.0,0.0,0.081,0.0,0.0038945511726598135,1
2012-07-17 02:30:00+00:00,0.03343755,0.09544428140637501,0.03476752855125,0.0,0.085,2.2781706687368426,2.2781707,0.13735493126315745,0.0,0.0,0.085,0.0,0.0040563819597709385,1
2012-07-17 03:00:00+00:00,0.0328779,0.09480418031975,0.0341856184725,0.0,0.072,2.5623549512368426,2.5623549,0.7125000312631573,0.5982827,0.0,0.6702826999999999,0.0,0.031772800978004445,1
2012-07-17 03:30:00+00:00,0.03204765,0.093854579806625,0.03332234527874999,0.0,0.078,3.2748549512368426,3.274855,0.7124999487631571,1.5,0.0,1.578,0.0,0.07405126346742713,1
2012-07-17 04:00:00+00:00,0.0319431,0.09373500048275,0.0332136368025,0.0,0.139,3.9873549512368425,3.987355,0.7125000487631574,1.5,0.0,1.639,0.0,0.07681583289561363,1
2012-07-17 04:30:00+00:00,0.0319062,0.09369279601550001,0.033175269105,0.0,0.07,4.699854951236842,4.699855,0.7125000487631579,1.5,0.0,1.57,0.0,0.07354884487216751,1
2012-07-17 05:00:00+00:00,0.03293325,0.324767487020625,0.03424317001874999,0.0,0.054,4.6714338986052635,4.6714339,0.1007910512368424,0.0,0.054,0.0,-0.0,0.0,1
2012-07-17 05:30:00+00:00,0.0340095,0.32599845064875,0.0353622278625,0.0,0.106,4.615644424921053,4.6156444,0.1165529986052638,0.0,0.106,0.0,-0.0,0.0,1
2012-07-17 06:00:00+00:00,0.03223215,0.323965602142875,0.03351418376625,0.0,0.197,4.511960214394737,4.5119602,0.12538372492105232,0.0,0.197,0.0,-0.0,0.0,1
2012-07-17 06:30:00+00:00,0.03589755,0.32815791255637505,0.03732537505125,0.0,0.302,4.3530128459736845,4.3530128,0.12683131439473705,0.0,0.302,0.0,-0.0,0.0,1
2012-07-17 07:00:00+00:00,0.041574,0.33465036643500007,0.043227605849999996,0.0,0.248,4.222486530184211,4.2224865,0.11985214597368454,0.0,0.248,0.0,-0.0,0.0,1
2012-07-17 07:30:00+00:00,0.04426155,0.337724258466375,0.04602205315124999,0.012,0.33,4.0551181091315796,4.0551181,0.10812503018421094,0.0,0.318,0.0,-0.0,0.0,1
2012-07-17 08:00:00+00:00,0.0523365,0.34696000271625005,0.0544181842875,0.058,0.159,4.001960214394737,4.0019602,0.09463890913157957,0.0,0.101,0.0,-0.0,0.0,1
2012-07-17 08:30:00+00:00,0.05092815,0.345349198882875,0.05295381716624999,0.098,0.091,4.005285214394737,4.0052852,0.08227491439473722,0.007,0.0,0.0,-0.0,0.0,1
2012-07-17 09:00:00+00:00,0.04312995,0.336429988137375,0.04484544376125,0.146,0.127,4.014310214394738,4.0143102,0.07313721439473708,0.019,0.0,0.0,-0.0,0.0,1
2012-07-17 09:30:00+00:00,0.0414387,0.33449561672175004,0.043086924292499995,0.201,0.221,4.003783898605264,4.0037839,0.0681166143947376,0.0,0.02,0.0,1.0408340855860843e-17,-2.2423169723350536e-19,1
2012-07-17 10:00:00+00:00,0.04076835,0.33372890223337504,0.04238991112125,0.246,0.141,4.053658898605264,4.0536589,0.06679359860526413,0.105,0.0,0.0,-0.0,0.0,1
2012-07-17 10:30:00+00:00,0.04025175,0.333138039691875,0.041852763356249996,0.273,0.127,4.123008898605264,4.1230089,0.0676985986052645,0.146,0.0,0.0,-0.0,0.0,1
2012-07-17 11:00:00+00:00,0.03562695,0.147448413129875,0.03704401193624999,0.288,0.091,4.216583898605265,4.2165839,0.06885129860526451,0.197,0.0,5.551115123125783e-17,0.0,4.092515580030737e-18,1
2012-07-17 11:30:00+00:00,0.03449535,0.146154142800875,0.03586740254625,0.299,0.08,4.320608898605265,4.3206089,0.06842809860526522,0.219,0.0,0.0,-0.0,0.0,1
2012-07-17 12:00:00+00:00,0.0344769,0.14613304056725002,0.035848218697499996,0.186,0.127,4.348633898605265,4.3486339,0.06537369860526443,0.059,0.0,0.0,-0.0,0.0,1
2012-07-17 12:30:00+00:00,0.03442155,0.146069733866375,0.035790667151250004,0.018,0.105,4.302844424921055,4.3028444,0.05978819860526485,0.0,0.087,0.0,-0.0,0.0,1
2012-07-17 13:00:00+00:00,0.0336651,0.14520454228775,0.035004129352499996,0.012,0.102,4.255476003868424,4.255476,0.05298112492105478,0.0,0.09,0.0,-0.0,0.0,1
2012-07-17 13:30:00+00:00,0.03364665,0.14518344005412498,0.034984945503749997,0.016,0.12,4.200739161763161,4.2007392,0.04717400386842385,0.0,0.104,0.0,-0.0,0.0,1
2012-07-17 14:00:00+00:00,0.03343755,0.144944281406375,0.03476752855125,0.052,0.082,4.18494968807895,4.1849497,0.04492776176316049,0.0,0.03,6.938893903907228e-18,0.0,5.0287649532845465e-19,1
2012-07-17 14:30:00+00:00,0.0330501,0.14450113450025,0.0343646677275,0.204,0.165,4.20347468807895,4.2034747,0.048443888078949726,0.039,0.0,2.7755575615628914e-17,0.0,2.0053560825829266e-18,1
2012-07-17 15:00:00+00:00,0.03287175,0.144297146241875,0.034179223856249996,0.175,0.188,4.196632582815792,4.1966326,0.058924188078949946,0.0,0.013,1.214306433183765e-17,0.0,8.761047648578368e-19,1
2012-07-17 15:30:00+00:00,0.0331485,0.14461367974624997,0.034466981587499994,0.13,0.192,4.164001003868424,4.164001,0.0761602828157919,0.0,0.062,0.0,-0.0,0.0,1
2012-07-17 16:00:00+00:00,0.03376965,0.145324121611625,0.03511283782875,0.037,0.244,4.055053635447371,4.0550536,0.09846260386842332,0.0,0.207,0.0,-0.0,0.0,1
2012-07-17 16:30:00+00:00,0.0342678,0.1458938819195,0.035630801744999996,0.001,0.245,3.926632582815792,3.9266326,0.12295283544737101,0.0,0.244,0.0,-0.0,0.0,1
2012-07-17 17:00:00+00:00,0.03568845,0.14751875390862498,0.03710795809874999,0.0,0.611,3.605053635447371,3.6050536,0.1461490828157923,0.0,0.611,0.0,-0.0,0.0,1
2012-07-17 17:30:00+00:00,0.0417093,0.15440511614825,0.04336828740749999,0.0,0.548,3.316632582815792,3.3166326,0.16469553544737092,0.0,0.548,0.0,-0.0,0.0,1
2012-07-17 18:00:00+00:00,0.0576747,0.17266558231174997,0.059968711192499996,0.0,0.353,3.130843109131581,3.1308431,0.1760578828157917,0.0,0.353,0.0,-0.0,0.0,1
2012-07-17 18:30:00+00:00,0.0560142,0.1707663812855,0.058242164804999996,0.0,0.231,3.00926416176316,3.0092642,0.17901050913158123,0.0,0.231,0.0,-0.0,0.0,1
2012-07-17 19:00:00+00:00,0.04940295,0.16320474756987502,0.051367952336249995,0.0,0.423,2.7866325828157916,2.7866326,0.17380356176315992,0.0,0.423,0.0,-0.0,0.0,1
2012-07-17 19:30:00+00:00,0.0443907,0.15747197410174998,0.04615634009249999,0.0,0.398,2.577158898605265,2.5771589,0.16126178281579184,0.0,0.398,0.0,-0.0,0.0,1
2012-07-17 20:00:00+00:00,0.0453747,0.15859742656175,0.04717947869249999,0.0,0.28,2.4297904775526336,2.4297905,0.14494819860526498,0.0,0.28,0.0,-0.0,0.0,1
2012-07-17 20:30:00+00:00,0.04322835,0.156142533383375,0.044947757621249994,0.0,0.349,2.2461062670263177,2.2461063,0.12758417755263363,0.0,0.349,0.0,-0.0,0.0,1
2012-07-17 21:00:00+00:00,0.04156785,0.154243332357125,0.04322121123375,0.0,0.184,2.14926416176316,2.1492642,0.11080876702631759,0.0,0.184,0.0,-0.0,0.0,1
2012-07-17 21:30:00+00:00,0.03694305,0.148953705795125,0.038412459813749994,0.0,0.565,1.8518957407105283,1.8518957,0.09525546176316002,0.0,0.565,0.0,-0.0,0.0,1
2012-07-17 22:00:00+00:00,0.03463065,0.146308892514125,0.03600808410375,0.0,0.149,1.7734746880789494,1.7734747,0.08179354071052836,0.0,0.149,0.0,-0.0,0.0,1
2012-07-17 22:30:00+00:00,0.03715215,0.149192864442875,0.03862987676625,0.0,0.598,1.4587378459736862,1.4587378,0.06992708807894932,0.0,0.598,0.0,-0.0,0.0,1
2012-07-17 23:00:00+00:00,0.0346614,0.14634406290350002,0.036040057185,0.0,0.09,1.4113694249210547,1.4113694,0.05874504597368624,0.0,0.09,0.0,-0.0,0.0,1
2012-07-17 23:30:00+00:00,0.03543015,0.14722332263787502,0.03683938421625,0.0,0.109,1.3540010038684231,1.354001,0.047150224921054695,0.0,0.109,0.0,-0.0,0.0,1
2012-07-18 00:00:00+00:00,0.03347445,0.09548648587362503,0.03480589624875,0.0,0.055,1.3540010038684231,1.354001,3.868423137376453e-09,0.0,0.0,0.055,0.0,0.002625878361524688,1
2012-07-18 00:30:00+00:00,0.0337143,0.09576081491075002,0.0350552862825,0.0,0.064,1.3540010038684231,1.354001,3.868423137376453e-09,0.0,0.0,0.064,0.0,0.0030643460771440007,1
2012-07-18 01:00:00+00:00,0.03404025,0.096133621038125,0.035394200943749995,0.0,0.109,1.3540010038684231,1.354001,3.868423137376453e-09,0.0,0.0,0.109,0.0,0.005239282346577813,1
2012-07-18 01:30:00+00:00,0.0332469,0.09522622499225,0.0345692954475,0.0,0.09,1.3540010038684231,1.354001,0.17355549613157684,0.0,0.0,0.09,0.0,0.00428518012465125,1
2012-07-18 02:00:00+00:00,0.0324351,0.09429772671275001,0.0337252061025,0.0,0.061,2.066501003868423,2.066501,0.712499996131577,1.5,0.0,1.561,0.0,0.07359937569930138,1
2012-07-18 02:30:00+00:00,0.03215835,0.09398119320837502,0.03343744837125,0.0,0.093,2.779001003868423,2.779001,0.712499996131577,1.5,0.0,1.593,0.0,0.07485602039047069,1
2012-07-18 03:00:00+00:00,0.0310944,0.09276429773600002,0.03233117976,0.0,0.084,3.491501003868423,3.491501,0.712499996131577,1.5,0.0,1.584,0.0,0.07346932380691203,1
2012-07-18 03:30:00+00:00,0.0311559,0.09283463851475002,0.0323951259225,0.0,0.086,4.204001003868423,4.204001,0.712499996131577,1.5,0.0,1.586,0.0,0.07361786834219677,1
2012-07-18 04:00:00+00:00,0.0305901,0.09218750335025,0.0318068212275,0.0,0.109,4.916501003868422,4.916501,0.7124999961315774,1.5,0.0,1.609,0.0,0.07416484644527613,1
2012-07-18 04:30:00+00:00,0.03075,0.092370389375,0.03197308124999999,0.0,0.055,5.629001003868423,5.629001,0.7124999961315774,1.5,0.0,1.555,0.0,0.0718179777390625,1
2012-07-18 05:00:00+00:00,0.0313896,0.323001933474,0.03263812133999999,0.0,0.057,5.599001003868422,5.599001,0.122468503868423,0.0,0.057,0.0,-0.0,0.0,1
2012-07-18 05:30:00+00:00,0.03364665,0.325583440054125,0.034984945503749997,0.0,0.121,5.535316793342107,5.5353168,0.13872840386842267,0.0,0.121,0.0,-0.0,0.0,1
2012-07-18 06:00:00+00:00,0.03060855,0.32210860558387505,0.031826005076250004,0.0,0.084,5.491106267026317,5.4911063,0.14800449334210697,0.0,0.084,0.0,-0.0,0.0,1
2012-07-18 06:30:00+00:00,0.0343539,0.32639235900975005,0.03572032637249999,0.0,0.071,5.453737845973685,5.4537378,0.149848567026317,0.0,0.071,0.0,-0.0,0.0,1
2012-07-18 07:00:00+00:00,0.0379947,0.33055653311175004,0.03950593919249999,0.0,0.079,5.412158898605264,5.4121589,0.14324664597368475,0.0,0.079,0.0,-0.0,0.0,1
2012-07-18 07:30:00+00:00,0.0374289,0.32990939794725005,0.0389176344975,0.002,0.237,5.288474688078948,5.2884747,0.1318597986052641,0.0,0.235,0.0,-0.0,0.0,1
2012-07-18 08:00:00+00:00,0.04058385,0.333517879897125,0.04219807263374999,0.013,0.398,5.08584310913158,5.0858431,0.11867358807894846,0.0,0.385,0.0,-0.0,0.0,1
2012-07-18 08:30:00+00:00,0.04054695,0.333475675429875,0.04215970493624999,0.089,0.458,4.891632582815791,4.8916326,0.10656340913157969,0.0,0.369,0.0,-0.0,0.0,1
2012-07-18 09:00:00+00:00,0.0392001,0.33193521237525003,0.0407592839775,0.125,0.2,4.852158898605264,4.8521589,0.09762658281579029,0.0,0.075,1.3877787807814457e-17,0.0,2.3032632216427736e-18,1
2012-07-18 09:30:00+00:00,0.0391755,0.33190707606375003,0.0407337055125,0.08,0.159,4.810579951236843,4.81058,0.09274699860526425,0.0,0.079,0.0,-0.0,0.0,1
2012-07-18 10:00:00+00:00,0.03686925,0.329269296860625,0.038335724418749995,0.058,0.3,4.683211530184211,4.6832115,0.09149975123684317,0.0,0.242,0.0,-0.0,0.0,1
2012-07-18 10:30:00+00:00,0.034563,0.32663151765750004,0.035937743325,0.131,0.219,4.636895740710527,4.6368957,0.09241163018421084,0.0,0.088,0.0,-0.0,0.0,1
2012-07-18 11:00:00+00:00,0.0347598,0.14645660814949998,0.036142371044999996,0.176,0.164,4.642595740710527,4.6425957,0.09350094071052695,0.012,0.0,2.7755575615628914e-17,0.0,2.0324937309509903e-18,1
2012-07-18 11:30:00+00:00,0.03437235,0.146013461243375,0.03573951022125,0.281,0.29,4.637858898605264,4.6378589,0.09294514071052706,0.0,0.009,0.0,4.683753385137379e-17,-8.369752599096583e-19,1
2012-07-18 12:00:00+00:00,0.03381885,0.145380394234625,0.03516399475874999,0.227,0.244,4.628911530184211,4.6289115,0.08969129860526337,0.0,0.017,0.0,1.3877787807814457e-17,-2.4399922886851604e-19,1
2012-07-18 12:30:00+00:00,0.03284715,0.144269009930375,0.03415364539125,0.103,0.226,4.564174688078948,4.5641747,0.08384273018421062,0.0,0.123,1.3877787807814457e-17,0.0,1.0010673535286105e-18,1
2012-07-18 13:00:00+00:00,0.03164175,0.142890330666875,0.03290030060625,0.121,0.256,4.493122056500001,4.4931221,0.07671158807894773,0.0,0.135,0.0,-0.0,0.0,1
2012-07-18 13:30:00+00:00,0.0330132,0.144458930033,0.03432630003,0.15,0.232,4.449964161763159,4.4499642,0.07052185650000098,0.0,0.082,1.3877787807814457e-17,0.0,1.0023851889709446e-18,1
2012-07-18 14:00:00+00:00,0.0318078,0.14308025076949998,0.033072955244999994,0.121,0.233,4.391016793342106,4.3910168,0.06783566176315858,0.0,0.112,1.3877787807814457e-17,0.0,9.92818679834001e-19,1
2012-07-18 14:30:00+00:00,0.03156795,0.142805921732375,0.032823565211249996,0.223,0.265,4.368911530184212,4.3689115,0.07085529334210605,0.0,0.042,6.938893903907228e-18,0.0,4.954575698753148e-19,1
2012-07-18 15:00:00+00:00,0.0314757,0.14270041056425,0.0327276459675,0.157,0.157,4.368911530184212,4.3689115,0.08078363018421175,0.0,0.0,0.0,-0.0,0.0,1
2012-07-18 15:30:00+00:00,0.03220755,0.143537465831375,0.033488605301249995,0.093,0.212,4.306279951236843,4.30628,0.09741383018421157,0.0,0.119,0.0,-0.0,0.0,1
2012-07-18 16:00:00+00:00,0.0330009,0.14444486187724997,0.034313510797499995,0.007,0.272,4.166806267026317,4.1668063,0.11905965123684314,0.0,0.265,0.0,-0.0,0.0,1
2012-07-18 16:30:00+00:00,0.03485205,0.146562119317625,0.036238290288749996,0.002,0.291,4.0147010038684225,4.014701,0.14284796702631652,0.0,0.289,0.0,-0.0,0.0,1
2012-07-18 17:00:00+00:00,0.03492585,0.14664652825212499,0.036315025683749995,0.0,1.094,3.438911530184212,3.4389115,0.1653029038684224,0.0,1.094,0.0,-0.0,0.0,1
2012-07-18 17:30:00+00:00,0.0414879,0.15415188934475,0.04313808122249999,0.0,1.01,2.907332582815791,2.9073326,0.1830763301842122,0.0,1.01,0.0,-0.0,0.0,1
2012-07-18 18:00:00+00:00,0.04959975,0.163429838061875,0.05157258005625,0.0,0.998,2.3820694249210543,2.3820694,0.1936411828157909,0.0,0.998,0.0,-0.0,0.0,1
2012-07-18 18:30:00+00:00,0.05277315,0.167059422245375,0.05487220204124999,0.0,0.786,1.9683852143947385,1.9683852,0.19577812492105418,0.0,0.786,0.0,-0.0,0.0,1
2012-07-18 19:00:00+00:00,0.04889865,0.162627953184125,0.050843593803750003,0.0,0.547,1.6804904775526333,1.6804905,0.18974141439473846,0.0,0.547,0.0,-0.0,0.0,1
2012-07-18 19:30:00+00:00,0.0419922,0.1547286837305,0.043662439755,0.0,0.186,1.582595740710528,1.5825957,0.1763671775526332,0.0,0.186,0.0,-0.0,0.0,1
2012-07-18 20:00:00+00:00,0.03984585,0.152273790552125,0.04143071868375,0.0,0.432,1.3552273196578963,1.3552273,0.15920294071052798,0.0,0.432,0.0,-0.0,0.0,1
2012-07-18 20:30:00+00:00,0.039729,0.15214014307249998,0.041309220975,0.0,0.387,1.1515431091315804,1.1515431,0.14096651965789642,0.0,0.387,0.0,-0.0,0.0,1
2012-07-18 21:00:00+00:00,0.03919395,0.151528178297375,0.040752889361249996,0.0,0.208,1.0796628143947382,1.0796628,0.0718803091315805,0.0,0.13657256,0.07142743999999998,0.0,0.005411634931822526,1
2012-07-18 21:30:00+00:00,0.0363342,0.1482573320855,0.03777939280499999,0.0,0.498,1.0796628143947382,1.0796628,1.439473829023541e-08,0.0,0.0,0.498,0.0,0.0369160756892895,1
2012-07-18 22:00:00+00:00,0.03428625,0.145914984153125,0.035649985593749996,0.0,0.422,1.0796628143947382,1.0796628,1.439473829023541e-08,0.0,0.0,0.422,0.0,0.030788061656309377,1
2012-07-18 22:30:00+00:00,0.0449073,0.15806283664325002,0.0466934878575,0.0,0.378,1.0,1.0,0.07966281439473821,0.0,0.15135935,0.22664065,0.0,0.017911732018835003,1
2012-07-18 23:00:00+00:00,0.03631575,0.148236229851875,0.03776020895625,0.0,0.364,1.0,1.0,0.0,0.0,0.0,0.364,0.0,0.02697899383304125,1
2012-07-18 23:30:00+00:00,0.03770565,0.149825931451625,0.03920539222875,0.0,0.118,1.0,1.0,0.0,0.0,0.0,0.118,0.0,0.008839729955645876,1
2012-07-19 00:00:00+00:00,0.03556545,0.09787807235112501,0.03698006577375,0.0,0.159,1.0,1.0,0.0,0.0,0.0,0.159,0.0,0.007781306751914439,1
2012-07-19 00:30:00+00:00,0.0338127,0.09587336015675002,0.0351576001425,0.0,0.194,1.0,1.0,0.0,0.0,0.0,0.194,0.0,0.009299715935204752,1
2012-07-19 01:00:00+00:00,0.0328164,0.09473383954100002,0.03412167231,0.0,0.171,1.7125,1.7125,0.7124999999999999,1.5,0.0,1.671,0.0,0.07915012293650552,1
2012-07-19 01:30:00+00:00,0.0342186,0.09633760929650001,0.035579644815000006,0.0,0.071,1.7125,1.7125,0.0,0.0,0.0,0.071,0.0,0.00341998513002575,1
2012-07-19 02:00:00+00:00,0.0335421,0.09556386073025,0.03487623702749999,0.0,0.09,2.25988335,2.2598833,0.5473832999999999,1.152386,0.0,1.242386,0.0,0.05936360133860619,1
2012-07-19 02:30:00+00:00,0.03338835,0.09538800878337499,0.03471637162124999,0.0,0.088,2.8072667,2.8072667,0.7124999500000002,1.152386,0.0,1.240386,0.0,0.059158975331387684,1
2012-07-19 03:00:00+00:00,0.032103,0.0939178865075,0.033379896825,0.0,0.084,3.5197667,3.5197667,0.7124999999999999,1.5,0.0,1.584,0.0,0.07438296611394,1
2012-07-19 03:30:00+00:00,0.03182625,0.093601353003125,0.03309213909375,0.0,0.086,4.2322667,4.2322667,0.7125000000000004,1.5,0.0,1.586,0.0,0.07422587293147813,1
2012-07-19 04:00:00+00:00,0.0319185,0.09370686417125001,0.0331880583375,0.0,0.06,4.944766700000001,4.9447667,0.7124999999999995,1.5,0.0,1.56,0.0,0.07309135405357502,1
2012-07-19 04:30:00+00:00,0.03321615,0.09519105460287501,0.03453732236625,0.0,0.092,5.657266700000001,5.6572667,0.7124999999999995,1.5,0.0,1.592,0.0,0.07577207946388852,1
2012-07-19 05:00:00+00:00,0.0334068,0.32530911101700005,0.03473555546999999,0.0,0.152,5.577266700000001,5.5772667,0.12022070000000085,0.0,0.152,0.0,-0.0,0.0,1
2012-07-19 05:30:00+00:00,0.0367647,0.32914971753675004,0.0382270159425,0.0,0.068,5.5414772263157905,5.5414772,0.13566170000000088,0.0,0.068,0.0,-0.0,0.0,1
2012-07-19 06:00:00+00:00,0.0343908,0.326434563477,0.03575869406999999,0.0,0.172,5.450950910526317,5.4509509,0.14414492631579012,0.0,0.172,0.0,-0.0,0.0,1
2012-07-19 06:30:00+00:00,0.0408852,0.333862549713,0.04251140882999999,0.0,0.358,5.262529857894738,5.2625299,0.14522941052631744,0.0,0.358,0.0,-0.0,0.0,1
2012-07-19 07:00:00+00:00,0.04289625,0.336162693178125,0.04460244834374999,0.0,0.162,5.177266700000001,5.1772667,0.13793265789473796,0.0,0.162,0.0,-0.0,0.0,1
2012-07-19 07:30:00+00:00,0.04001805,0.332870744732625,0.04160976793874999,0.015,0.25,5.053582489473686,5.0535825,0.12590120000000127,0.0,0.235,0.0,-0.0,0.0,1
2012-07-19 08:00:00+00:00,0.0460635,0.33978524328375,0.047895675712499995,0.05,0.239,4.95410880526316,4.9541088,0.11211878947368614,0.0,0.189,0.0,-0.0,0.0,1
2012-07-19 08:30:00+00:00,0.0430254,0.33631040881350005,0.044736735284999996,0.103,0.279,4.861477226315792,4.8614772,0.09945730526315977,0.0,0.176,5.551115123125783e-17,0.0,9.334488982146173e-18,1
2012-07-19 09:00:00+00:00,0.0413157,0.33435493516425,0.0429590319675,0.154,0.096,4.8890272263157915,4.8890272,0.09000852631579193,0.058,0.0,0.0,-0.0,0.0,1
2012-07-19 09:30:00+00:00,0.04081755,0.33378517485637504,0.04244106805125,0.205,0.177,4.9023272263157915,4.9023272,0.08465102631579136,0.028,0.0,0.0,-0.0,0.0,1
2012-07-19 10:00:00+00:00,0.0396921,0.33249793860525007,0.0412708532775,0.246,0.167,4.939852226315791,4.9398522,0.08295512631579172,0.079,0.0,0.0,-0.0,0.0,1
2012-07-19 10:30:00+00:00,0.0357684,0.32801019692100003,0.03719108811,0.277,0.147,5.001602226315791,5.0016022,0.08344512631579093,0.13,0.0,0.0,-0.0,0.0,1
2012-07-19 11:00:00+00:00,0.0346737,0.14635813105925,0.0360528464175,0.295,0.101,5.093752226315791,5.0937522,0.08413842631579094,0.194,0.0,5.551115123125783e-17,0.0,4.06225417357714e-18,1
2012-07-19 11:30:00+00:00,0.03440925,0.146055665710625,0.03577787791875,0.306,0.245,5.122727226315791,5.1227272,0.08321362631579099,0.061,0.0,0.0,-0.0,0.0,1
2012-07-19 12:00:00+00:00,0.03410175,0.14570396181687498,0.03545814710625,0.216,0.185,5.137452226315792,5.1374522,0.0796205263157912,0.031,0.0,0.0,-0.0,0.0,1
2012-07-19 12:30:00+00:00,0.03368355,0.145225644521375,0.03502331320125,0.073,0.342,4.9958732789473705,4.9958733,0.07346472631579193,0.0,0.269,0.0,-0.0,0.0,1
2012-07-19 13:00:00+00:00,0.0344031,0.14604863163275,0.0357714833025,0.045,0.087,4.973768015789476,4.973768,0.06606117894737018,0.0,0.042,0.0,6.938893903907228e-18,-1.2410726371071822e-19,1
2012-07-19 13:30:00+00:00,0.03445845,0.146111938333625,0.035829034848750003,0.094,0.246,4.893768015789476,4.893768,0.05963481578947594,0.0,0.152,0.0,-0.0,0.0,1
2012-07-19 14:00:00+00:00,0.03415095,0.145760234439875,0.035509304036249995,0.125,0.401,4.748504857894739,4.7485049,0.056748315789476145,0.0,0.276,0.0,-0.0,0.0,1
2012-07-19 14:30:00+00:00,0.03388035,0.145450735013375,0.03522794092124999,0.09,1.086,4.22429433157895,4.2242943,0.059603157894739134,0.0,0.996,1.1102230246251565e-16,0.0,8.074137748025067e-18,1
2012-07-19 15:00:00+00:00,0.0334314,0.1449372473285,0.034761133934999994,0.051,0.07,4.21429433157895,4.2142943,0.0694015315789498,0.0,0.019,1.0408340855860843e-17,0.0,7.542781364526171e-19,1
2012-07-19 15:30:00+00:00,0.0339357,0.14551404171425,0.0352854924675,0.068,0.623,3.922189068421055,3.9221891,0.08593673157894965,0.0,0.555,0.0,1.1102230246251565e-16,-1.9587383086328013e-18,1
2012-07-19 16:00:00+00:00,0.0343293,0.14596422269825002,0.0356947479075,0.078,0.2,3.8579785421052657,3.8579785,0.10752346842105487,0.0,0.122,1.3877787807814457e-17,0.0,1.0128302550694441e-18,1
2012-07-19 16:30:00+00:00,0.03479055,0.146491778538875,0.03617434412625,0.017,0.217,3.752715384210529,3.7527154,0.13129114210526582,0.0,0.2,0.0,-0.0,0.0,1
2012-07-19 17:00:00+00:00,0.03363435,0.145169371898375,0.03497215627125,0.0,0.294,3.597978542105266,3.5979785,0.15376798421052884,0.0,0.294,0.0,-0.0,0.0,1
2012-07-19 17:30:00+00:00,0.0381669,0.15035348729225,0.03968498844749999,0.0,0.254,3.4642943315789503,3.4642943,0.1716103421052657,0.0,0.254,0.0,-0.0,0.0,1
2012-07-19 18:00:00+00:00,0.0493845,0.16318364533625,0.05134876848749999,0.0,0.294,3.309557489473687,3.3095575,0.1822953315789504,0.0,0.294,0.0,-0.0,0.0,1
2012-07-19 18:30:00+00:00,0.04718895,0.160672479534875,0.04906589048624999,0.0,0.383,3.107978542105266,3.1079785,0.18460658947368724,0.0,0.383,0.0,-0.0,0.0,1
2012-07-19 19:00:00+00:00,0.04605735,0.159378209205875,0.04788928109624999,0.0,0.255,2.9737680157894766,2.973768,0.17879954210526616,0.0,0.255,0.0,-0.0,0.0,1
2012-07-19 19:30:00+00:00,0.0390525,0.15136639450625,0.04060581318749999,0.0,0.56,2.6790311736842134,2.6790312,0.16571761578947664,0.0,0.56,0.0,-0.0,0.0,1
2012-07-19 20:00:00+00:00,0.0391509,0.15147893975225,0.0407081270475,0.0,0.261,2.5416627526315816,2.5416628,0.14888947368421324,0.0,0.261,0.0,-0.0,0.0,1
2012-07-19 20:30:00+00:00,0.0434436,0.156388726109,0.04517156919,0.0,0.223,2.42429433157895,2.4242943,0.13102495263158165,0.0,0.223,0.0,-0.0,0.0,1
2012-07-19 21:00:00+00:00,0.0420783,0.15482716082075,0.0437519643825,0.0,0.122,2.3600838052631605,2.3600838,0.11376743157894964,0.0,0.122,0.0,-0.0,0.0,1
2012-07-19 21:30:00+00:00,0.0376134,0.1497204202835,0.039109472985,0.0,0.103,2.305873278947371,2.3058733,0.09775970526316069,0.0,0.103,0.0,-0.0,0.0,1
2012-07-19 22:00:00+00:00,0.03324075,0.14471919091437502,0.03456290083124999,0.0,0.059,2.274820647368424,2.2748206,0.08385237894737108,0.0,0.059,0.0,-0.0,0.0,1
2012-07-19 22:30:00+00:00,0.03814845,0.150332385058625,0.03966580459875,0.0,0.088,2.2285048578947397,2.2285049,0.07154834736842375,0.0,0.088,0.0,-0.0,0.0,1
2012-07-19 23:00:00+00:00,0.0348459,0.14655508523975,0.0362318956725,0.0,0.105,2.173241700000003,2.1732417,0.059939157894739914,0.0,0.105,0.0,-0.0,0.0,1
2012-07-19 23:30:00+00:00,0.03560235,0.147420276818375,0.037018433471249994,0.0,0.067,2.137978542105266,2.1379785,0.04794050000000283,0.0,0.067,0.0,-0.0,0.0,1
2012-07-20 00:00:00+00:00,0.0339357,0.09601404171425001,0.0352854924675,0.0,0.059,2.328422158855266,2.3284222,0.1658697578947339,0.40093393,0.0,0.45993393,0.0,0.022080057770409472,1
2012-07-20 00:30:00+00:00,0.03405255,0.09614768919387501,0.03540699017625,0.0,0.114,2.565869866105266,2.5658699,4.1144733842202186e-08,0.49988991,0.0,0.61388991,0.0,0.02951204813296795,1
2012-07-20 01:00:00+00:00,0.03422475,0.096344643374375,0.035586039431249994,0.0,0.074,2.565869866105266,2.5658699,3.3894734130512916e-08,0.0,0.0,0.074,0.0,0.0035647518048518745,1
2012-07-20 01:30:00+00:00,0.034194,0.09630947298500002,0.03555406635,0.0,0.07,2.8033175733552658,2.8033176,0.23744773389473428,0.49988991,0.0,0.56988991,0.0,0.027442898445784545,1
2012-07-20 02:00:00+00:00,0.03325305,0.09523325907012499,0.03457569006375,0.0,0.103,3.5158175733552657,3.5158176,0.7125000266447343,1.5,0.0,1.603,0.0,0.07632945714470518,1
2012-07-20 02:30:00+00:00,0.0319431,0.09373500048275,0.0332136368025,0.0,0.054,4.228317573355266,4.2283176,0.7125000266447339,1.5,0.0,1.554,0.0,0.07283209537509676,1
2012-07-20 03:00:00+00:00,0.03204765,0.093854579806625,0.03332234527874999,0.0,0.074,4.940817573355266,4.9408176,0.7125000266447339,1.5,0.0,1.574,0.0,0.07386355430781387,1
2012-07-20 03:30:00+00:00,0.0312543,0.09294718376075,0.0324974397825,0.0,0.108,5.653317573355267,5.6533176,0.7125000266447339,1.5,0.0,1.608,0.0,0.074729535743643,1
2012-07-20 04:00:00+00:00,0.03138345,0.093094899396125,0.03263172672375,0.0,0.082,6.365817573355267,6.3658176,0.712500026644733,1.5,0.0,1.582,0.0,0.07363806542233488,1
2012-07-20 04:30:00+00:00,0.0323367,0.09418518146675,0.0336228922425,0.0,0.052,7.0783175733552675,7.0783176,0.712500026644733,1.5,0.0,1.552,0.0,0.073087700818198,1
2012-07-20 05:00:00+00:00,0.03283485,0.32465494177462506,0.034140856158749996,0.0,0.079,7.036738625986846,7.0367386,0.12036877335526786,0.0,0.079,0.0,-0.0,0.0,1
2012-07-20 05:30:00+00:00,0.03225675,0.323993738454375,0.03353976223125,0.0,0.084,6.992528099671056,6.9925281,0.13650682598684583,0.0,0.084,0.0,-0.0,0.0,1
2012-07-20 06:00:00+00:00,0.0346983,0.32678626737075006,0.0360784248825,0.0,0.082,6.9493702049342145,6.9493702,0.14568489967105602,0.0,0.082,0.0,-0.0,0.0,1
2012-07-20 06:30:00+00:00,0.0381423,0.33072535098075007,0.03965940998249999,0.0,0.203,6.842528099671057,6.8425281,0.1474645049342147,0.0,0.203,0.0,-0.0,0.0,1
2012-07-20 07:00:00+00:00,0.04455675,0.33806189420437505,0.046328994731249996,0.0,0.171,6.752528099671057,6.7525281,0.14089099967105678,0.0,0.171,0.0,-0.0,0.0,1
2012-07-20 07:30:00+00:00,0.0421029,0.33525529713225005,0.043777542847499996,0.012,0.246,6.629370204934215,6.6293702,0.12959179967105694,0.0,0.234,0.0,2.7755575615628914e-17,-6.075354503851104e-19,1
2012-07-20 08:00:00+00:00,0.0507375,0.34513114246875,0.05275558406249999,0.056,0.469,6.412001783881584,6.4120018,0.11654580493421474,0.0,0.413,0.0,-0.0,0.0,1
2012-07-20 08:30:00+00:00,0.04978425,0.3440408603981251,0.05176441854375,0.103,0.312,6.302001783881583,6.3020018,0.10461688388158397,0.0,0.209,2.7755575615628914e-17,0.0,4.774526057823096e-18,1
2012-07-20 09:00:00+00:00,0.0410697,0.33407357204925,0.0427032473175,0.145,0.305,6.217791257565794,6.2177913,0.0958885838815835,0.0,0.16,0.0,-0.0,0.0,1
2012-07-20 09:30:00+00:00,0.0396429,0.33244166598225006,0.041219696347499994,0.186,0.172,6.224441257565793,6.2244413,0.09123045756579362,0.014,0.0,0.0,-0.0,0.0,1
2012-07-20 10:00:00+00:00,0.03971055,0.33251904083887507,0.04129003712625,0.235,0.16,6.260066257565793,6.2600663,0.09020535756579307,0.075,0.0,0.0,-0.0,0.0,1
2012-07-20 10:30:00+00:00,0.03832065,0.330929339239125,0.039844853853749994,0.275,0.304,6.244803099671056,6.2448031,0.0913316575657932,0.0,0.029,0.0,3.122502256758253e-17,-6.220782303926856e-19,1
2012-07-20 11:00:00+00:00,0.03707835,0.149108455508375,0.03855314137125,0.295,0.252,6.265228099671057,6.2652281,0.09262369967105677,0.043,0.0,0.0,-0.0,0.0,1
2012-07-20 11:30:00+00:00,0.0348582,0.1465691533955,0.036244684905,0.304,0.1,6.3621280996710565,6.3621281,0.09225859967105698,0.204,0.0,0.0,-0.0,0.0,1
2012-07-20 12:00:00+00:00,0.03449535,0.146154142800875,0.03586740254625,0.207,0.103,6.411528099671057,6.4115281,0.08918629967105662,0.104,0.0,0.0,-0.0,0.0,1
2012-07-20 12:30:00+00:00,0.03444615,0.146097870177875,0.03581624561625,0.026,0.116,6.364159678618425,6.3641597,0.0835132996710568,0.0,0.09,1.3877787807814457e-17,0.0,1.0137576207510866e-18,1
2012-07-20 13:00:00+00:00,0.03376965,0.145324121611625,0.03511283782875,0.029,0.169,6.29047546809211,6.2904755,0.07655487861842492,0.0,0.14,0.0,-0.0,0.0,1
2012-07-20 13:30:00+00:00,0.03413865,0.145746166284125,0.03549651480375,0.075,0.149,6.251528099671057,6.2515281,0.07053596809211005,0.0,0.074,0.0,-0.0,0.0,1
2012-07-20 14:00:00+00:00,0.03326535,0.144747327225875,0.034588479296249995,0.135,0.111,6.262928099671057,6.2629281,0.06801789967105698,0.024,0.0,0.0,-0.0,0.0,1
2012-07-20 14:30:00+00:00,0.0337758,0.1453311556895,0.035119232445,0.202,0.232,6.247138625986846,6.2471386,0.07120089967105692,0.0,0.03,0.0,-0.0,0.0,1
2012-07-20 15:00:00+00:00,0.0338373,0.14540149646824999,0.0351831786075,0.189,0.131,6.274688625986846,6.2746886,0.08128542598684607,0.058,0.0,0.0,-0.0,0.0,1
2012-07-20 15:30:00+00:00,0.03375735,0.145310053455875,0.03510004859625,0.09,0.131,6.253109678618425,6.2531097,0.09806412598684577,0.0,0.041,6.938893903907228e-18,0.0,5.041455220507023e-19,1
2012-07-20 16:00:00+00:00,0.0343416,0.14597829085400002,0.035707537139999995,0.027,0.2,6.162057047039477,6.162057,0.11985247861842474,0.0,0.173,2.7755575615628914e-17,0.0,2.025855745019234e-18,1
2012-07-20 16:30:00+00:00,0.0360144,0.14789156003599999,0.03744687275999999,0.0,0.682,5.803109678618425,5.8031097,0.143782347039477,0.0,0.682,0.0,-0.0,0.0,1
2012-07-20 17:00:00+00:00,0.0369615,0.14897480802875,0.038431643662499994,0.0,1.388,5.072583362828951,5.0725834,0.1663860786184248,0.0,1.388,0.0,-0.0,0.0,1
2012-07-20 17:30:00+00:00,0.0392739,0.15161962130974999,0.0408360193725,0.0,0.769,4.667846520723687,4.6678465,0.18432496282895094,0.0,0.769,0.0,-0.0,0.0,1
2012-07-20 18:00:00+00:00,0.04533165,0.158548188016625,0.047134716378750004,0.0,0.814,4.239425468092108,4.2394255,0.19508102072368683,0.0,0.814,0.0,-0.0,0.0,1
2012-07-20 18:30:00+00:00,0.0476994,0.16125630799850002,0.049596643635,0.0,0.389,4.034688625986845,4.0346886,0.19744196809210823,0.0,0.389,0.0,-0.0,0.0,1
2012-07-20 19:00:00+00:00,0.0468384,0.160271537096,0.048701397359999996,0.0,0.325,3.8636359944078973,3.863636,0.19166502598684465,0.0,0.325,0.0,-0.0,0.0,1
2012-07-20 19:30:00+00:00,0.0394215,0.15178843917874998,0.040989490162499996,0.0,0.292,3.7099517838815816,3.7099518,0.17860249440789744,0.0,0.292,0.0,-0.0,0.0,1
2012-07-20 20:00:00+00:00,0.0399996,0.152449642499,0.04159058409,0.0,0.296,3.554162310197371,3.5541623,0.16176568388158152,0.0,0.296,0.0,-0.0,0.0,1
2012-07-20 20:30:00+00:00,0.0476256,0.161171899064,0.049519908239999993,0.0,0.217,3.4399517838815816,3.4399518,0.143858410197371,0.0,0.217,0.0,-0.0,0.0,1
2012-07-20 21:00:00+00:00,0.05068215,0.164667835767875,0.05269803251625,0.0,0.174,3.3483728365131604,3.3483728,0.12652618388158166,0.0,0.174,0.0,-0.0,0.0,1
2012-07-20 21:30:00+00:00,0.04137105,0.154018241865125,0.04301658351375,0.0,0.16,3.264162310197371,3.2641623,0.11041643651316058,0.0,0.16,0.0,-0.0,0.0,1
2012-07-20 22:00:00+00:00,0.03951375,0.151893950346875,0.041085409406249995,0.0,0.099,3.2120570470394765,3.212057,0.09637081019737126,0.0,0.099,0.0,-0.0,0.0,1
2012-07-20 22:30:00+00:00,0.05103885,0.165075812284625,0.05306892025874999,0.0,0.076,3.1720570470394764,3.172057,0.08389194703947656,0.0,0.076,0.0,-0.0,0.0,1
2012-07-20 23:00:00+00:00,0.0418323,0.15454579770575003,0.0434961797325,0.0,0.134,3.1015307312500027,3.1015307,0.07207304703947637,0.0,0.134,0.0,-0.0,0.0,1
2012-07-20 23:30:00+00:00,0.0454485,0.15868183549625,0.0472562140875,0.0,0.089,3.0546886259868447,3.0546886,0.059837031250002504,0.0,0.089,0.0,-0.0,0.0,1
2012-07-21 00:00:00+00:00,0.04404015,0.10757103166287499,0.045791846966249994,0.0,0.069,3.0546886259868447,3.0546886,2.5986844676140208e-08,0.0,0.0,0.069,0.0,0.0037112005923691876,1
2012-07-21 00:30:00+00:00,0.04097745,0.10406806088112501,0.04260732807374999,0.0,0.096,3.0546886259868447,3.0546886,2.5986844676140208e-08,0.0,0.0,0.096,0.0,0.004995266922294001,1
2012-07-21 01:00:00+00:00,0.03978435,0.102703449773375,0.041366772521250005,0.0,0.066,3.0546886259868447,3.0546886,0.19234127401315515,0.0,0.0,0.066,0.0,0.0033892138425213754,1
2012-07-21 01:30:00+00:00,0.0404793,0.10349830057325,0.042089364157499996,0.0,0.085,3.0546886259868447,3.0546886,2.5986844676140208e-08,0.0,0.0,0.085,0.0,0.004398677774363126,1
2012-07-21 02:00:00+00:00,0.03814845,0.10083238505862502,0.03966580459875,0.0,0.119,3.7671886259868446,3.7671886,0.7124999740131552,1.5,0.0,1.619,0.0,0.08162381570495696,1
2012-07-21 02:30:00+00:00,0.03590985,0.098271980712125,0.037338164283749996,0.0,0.066,4.479688625986844,4.4796886,0.7124999740131557,1.5,0.0,1.566,0.0,0.07694696089759388,1
2012-07-21 03:00:00+00:00,0.0346122,0.09678779028050001,0.035988900255,0.0,0.085,5.192188625986844,5.1921886,0.7124999740131557,1.5,0.0,1.585,0.0,0.07670432379729626,1
2012-07-21 03:30:00+00:00,0.0339603,0.09604217802575002,0.0353110709325,0.0,0.173,5.904688625986845,5.9046886,0.7124999740131557,1.5,0.0,1.673,0.0,0.0803392819185399,1
2012-07-21 04:00:00+00:00,0.0331977,0.09516995236925002,0.0345181385175,0.0,0.272,6.617188625986845,6.6171886,0.7124999740131557,1.5,0.0,1.772,0.0,0.08432057779915551,1
2012-07-21 04:30:00+00:00,0.03337605,0.09537394062762501,0.034703582388749994,0.0,0.172,7.3296886259868455,7.3296886,0.7124999740131548,1.5,0.0,1.672,0.0,0.0797326143646945,1
2012-07-21 05:00:00+00:00,0.03379425,0.32575225792312507,0.03513841629375,0.0,0.222,7.212846520723687,7.2128465,0.12811602598684502,0.0,0.222,0.0,-0.0,0.0,1
2012-07-21 05:30:00+00:00,0.0343416,0.326378290854,0.035707537139999995,0.0,0.236,7.088635994407897,7.088636,0.14377232072368695,0.0,0.236,0.0,-0.0,0.0,1
2012-07-21 06:00:00+00:00,0.0339849,0.32597031433725,0.035336649397499996,0.0,0.231,6.967057047039476,6.967057,0.15245829440789738,0.0,0.231,0.0,-0.0,0.0,1
2012-07-21 06:30:00+00:00,0.03434775,0.326385324931875,0.035713931756250004,0.0,0.171,6.877057047039476,6.877057,0.1537426470394756,0.0,0.171,0.0,-0.0,0.0,1
2012-07-21 07:00:00+00:00,0.0346737,0.32675813105925006,0.0360528464175,0.0,0.172,6.786530731250003,6.7865307,0.14670204703947576,0.0,0.172,0.0,-0.0,0.0,1
2012-07-21 07:30:00+00:00,0.03615585,0.32845334382712504,0.03759394893375,0.001,0.186,6.689162310197371,6.6891623,0.13494903125000235,0.0,0.185,0.0,-0.0,0.0,1
2012-07-21 08:00:00+00:00,0.03556545,0.32777807235112505,0.03698006577375,0.004,0.36,6.50179388914474,6.5017939,0.12146101019737099,0.0,0.356,0.0,-0.0,0.0,1
2012-07-21 08:30:00+00:00,0.0397659,0.33258234753975,0.0413475886725,0.022,0.418,6.293372836513162,6.2933728,0.10909858914474047,0.0,0.396,0.0,5.551115123125783e-17,-1.1476261239234952e-18,1
2012-07-21 09:00:00+00:00,0.0436527,0.33702788475675,0.0453889861425,0.061,0.177,6.232320204934214,6.2323202,0.09993993651316124,0.0,0.116,0.0,1.3877787807814457e-17,-3.149493592487229e-19,1
2012-07-21 09:30:00+00:00,0.04400325,0.33742882719562506,0.045753479268749994,0.038,0.361,6.062320204934214,6.0623202,0.09484980493421435,0.0,0.323,0.0,-0.0,0.0,1
2012-07-21 10:00:00+00:00,0.04229355,0.33547335354637503,0.04397577595125,0.048,0.189,5.988109678618425,5.9881097,0.09338670493421386,0.0,0.141,2.7755575615628914e-17,0.0,4.655628015692512e-18,1
2012-07-21 10:30:00+00:00,0.0402333,0.33311693745825005,0.041833579507499996,0.048,0.574,5.711267573355268,5.7112676,0.09406707861842545,0.0,0.526,0.0,1.1102230246251565e-16,-2.3222301585856806e-18,1
2012-07-21 11:00:00+00:00,0.0390771,0.15139453081775,0.040631391652499994,0.074,0.713,5.374951783881583,5.3749518,0.09490507335526743,0.0,0.639,0.0,-0.0,0.0,1
2012-07-21 11:30:00+00:00,0.03629115,0.14820809354037498,0.03773463049125,0.045,0.681,5.04021494177632,5.0402149,0.09407978388158345,0.0,0.636,0.0,-0.0,0.0,1
2012-07-21 12:00:00+00:00,0.03830835,0.15051527108337498,0.03983206462124999,0.116,0.376,4.903372836513162,4.9033728,0.09054444177631993,0.0,0.26,0.0,-0.0,0.0,1
2012-07-21 12:30:00+00:00,0.0378471,0.14998771524274998,0.03935246840249999,0.096,0.272,4.810741257565794,4.8107413,0.08440913651316162,0.0,0.176,2.7755575615628914e-17,0.0,2.0814976859177822e-18,1
2012-07-21 13:00:00+00:00,0.0346614,0.14634406290350002,0.036040057185,0.066,0.254,4.711793889144741,4.7117939,0.07699255756579415,0.0,0.188,0.0,-0.0,0.0,1
2012-07-21 13:30:00+00:00,0.0348951,0.14661135786274998,0.0362830526025,0.125,0.284,4.628109678618426,4.6281097,0.0705220891447409,0.0,0.159,0.0,2.7755575615628914e-17,-5.035285050372651e-19,1
2012-07-21 14:00:00+00:00,0.0346737,0.14635813105925,0.0360528464175,0.207,0.091,4.683209678618426,4.6832097,0.0675602786184255,0.116,0.0,2.7755575615628914e-17,0.0,2.03112708678857e-18,1
2012-07-21 14:30:00+00:00,0.0344154,0.1460626997885,0.035784272534999995,0.072,0.06,4.688909678618426,4.6889097,0.07030807861842625,0.012,0.0,0.0,-0.0,0.0,1
2012-07-21 15:00:00+00:00,0.03444615,0.146097870177875,0.03581624561625,0.059,0.125,4.654172836513163,4.6541728,0.07996647861842643,0.0,0.066,0.0,-0.0,0.0,1
2012-07-21 15:30:00+00:00,0.0347352,0.146428471838,0.03611679258,0.098,0.091,4.657497836513163,4.6574978,0.09632923651316272,0.007,0.0,0.0,-0.0,0.0,1
2012-07-21 16:00:00+00:00,0.0377733,0.14990330630825,0.0392757330075,0.072,0.144,4.619603099671058,4.6196031,0.11771443651316282,0.0,0.072,0.0,-0.0,0.0,1
2012-07-21 16:30:00+00:00,0.0390279,0.15133825819475002,0.0405802347225,0.006,0.25,4.491182047039479,4.491182,0.14125789967105806,0.0,0.244,0.0,-0.0,0.0,1
2012-07-21 17:00:00+00:00,0.0407868,0.15335000446699998,0.04240909496999999,0.001,0.699,4.123813625986847,4.1238136,0.1634972470394791,0.0,0.698,0.0,-0.0,0.0,1
2012-07-21 17:30:00+00:00,0.0440955,0.15713433836375,0.04584939851249999,0.0,1.089,3.5506557312500053,3.5506557,0.18109982598684748,0.0,1.089,0.0,-0.0,0.0,1
2012-07-21 18:00:00+00:00,0.05033775,0.164273927406875,0.05233993400625,0.0,0.797,3.131182047039479,3.131182,0.1915533312500055,0.0,0.797,0.0,-0.0,0.0,1
2012-07-21 18:30:00+00:00,0.0507006,0.1646889380015,0.05271721636499999,0.0,0.44,2.899603099671058,2.8996031,0.19364994703947902,0.0,0.44,0.0,-0.0,0.0,1
2012-07-21 19:00:00+00:00,0.0454977,0.15873810811925002,0.0473073710175,0.0,0.455,2.6601294154605317,2.6601294,0.18764949967105782,0.0,0.455,0.0,-0.0,0.0,1
2012-07-21 19:30:00+00:00,0.0404178,0.1529279597945,0.042025417994999995,0.0,0.409,2.4448662575657947,2.4448663,0.17441331546053185,0.0,0.409,0.0,-0.0,0.0,1
2012-07-21 20:00:00+00:00,0.0397044,0.152112006761,0.041283642509999996,0.0,0.372,2.249076783881584,2.2490768,0.1574349575657945,0.0,0.372,0.0,-0.0,0.0,1
2012-07-21 20:30:00+00:00,0.03958755,0.15197835928137501,0.041162144801249995,0.0,0.238,2.1238136259868474,2.1238136,0.13941218388158427,0.0,0.238,0.0,-0.0,0.0,1
2012-07-21 21:00:00+00:00,0.0396183,0.15201352967075002,0.0411941178825,0.0,0.459,1.8822346786184263,1.8822347,0.12199212598684728,0.0,0.459,0.0,-0.0,0.0,1
2012-07-21 21:30:00+00:00,0.04233045,0.15511555801362498,0.04401414364875,0.0,0.495,1.6217083628289526,1.6217084,0.1058262786184263,0.0,0.495,0.0,-0.0,0.0,1
2012-07-21 22:00:00+00:00,0.0389541,0.15125384926024998,0.04050349932749999,0.0,0.588,1.3122346786184262,1.3122347,0.09174626282895249,0.0,0.588,0.0,-0.0,0.0,1
2012-07-21 22:30:00+00:00,0.0410451,0.15364543573775,0.042677668852499996,0.0,0.393,1.1053925733552683,1.1053926,0.07925327861842635,0.0,0.393,0.0,-0.0,0.0,1
2012-07-21 23:00:00+00:00,0.0407622,0.1533218681555,0.042383516504999996,0.0,0.133,1.0552384912500052,1.0552385,0.050154073355268336,0.0,0.095292756,0.037707244,0.0,0.002890672546537634,1
2012-07-21 23:30:00+00:00,0.04180155,0.15451062731637502,0.043464206651250004,0.0,0.1,1.0026069123026369,1.0026069,0.05523849125000524,0.0,0.1,0.0,-0.0,0.0,1
2012-07-22 00:00:00+00:00,0.04090365,0.10398365194662501,0.04253059267874999,0.0,0.057,1.0026069123026369,1.0026069,1.2302636909211628e-08,0.0,0.0,0.057,0.0,0.0029635340804788127,1
2012-07-22 00:30:00+00:00,0.0393231,0.10217589393275002,0.0408871763025,0.0,0.109,1.0026069123026369,1.0026069,1.2302636909211628e-08,0.0,0.0,0.109,0.0,0.005568586219334876,1
2012-07-22 01:00:00+00:00,0.03894795,0.10174681518237501,0.04049710471125,0.0,0.095,1.2372589453026368,1.2372589,0.23465198769736317,0.49400428,0.0,0.58900428,0.0,0.029964654809393934,1
2012-07-22 01:30:00+00:00,0.0395076,0.10238691626900001,0.04107901479,0.0,0.07,1.2372589453026368,1.2372589,4.530263675306401e-08,0.0,0.0,0.07,0.0,0.0035835420694150005,1
2012-07-22 02:00:00+00:00,0.0382653,0.10096603253825003,0.0397873023075,0.0,0.086,1.9497589453026367,1.9497589,0.7124999546973632,1.5,0.0,1.586,0.0,0.08006606380283228,1
2012-07-22 02:30:00+00:00,0.0359898,0.09836342372450002,0.037421294295000004,0.0,0.087,2.6622589453026366,2.6622589,0.7124999546973632,1.5,0.0,1.587,0.0,0.07805137672539077,1
2012-07-22 03:00:00+00:00,0.03567,0.097997651675,0.03708877425,0.0,0.09,3.3747589453026365,3.3747589,0.7124999546973632,1.5,0.0,1.59,0.0,0.077908133081625,1
2012-07-22 03:30:00+00:00,0.0342432,0.09636574560800001,0.035605223279999994,0.0,0.109,4.0872589453026364,4.0872589,0.7124999546973636,1.5,0.0,1.609,0.0,0.077526242341636,1
2012-07-22 04:00:00+00:00,0.0342432,0.09636574560800001,0.035605223279999994,0.0,0.063,4.799758945302637,4.7997589,0.7124999546973632,1.5,0.0,1.563,0.0,0.07530983019265201,1
2012-07-22 04:30:00+00:00,0.03444615,0.09659787017787502,0.03581624561625,0.0,0.074,5.512258945302637,5.5122589,0.7124999546973632,1.5,0.0,1.574,0.0,0.07602252382998764,1
2012-07-22 05:00:00+00:00,0.03444615,0.32649787017787507,0.03581624561625,0.0,0.121,5.448574734776321,5.4485747,0.12530904530263687,0.0,0.121,0.0,-0.0,0.0,1
2012-07-22 05:30:00+00:00,0.0343416,0.326378290854,0.035707537139999995,0.0,0.075,5.409101050565795,5.4091011,0.14122383477632106,0.0,0.075,0.0,-0.0,0.0,1
2012-07-22 06:00:00+00:00,0.0340464,0.326040655116,0.03540059556,0.0,0.057,5.379101050565795,5.3791011,0.15017835056579454,0.0,0.057,0.0,-0.0,0.0,1
2012-07-22 06:30:00+00:00,0.0345876,0.32665965396900004,0.03596332179,0.0,0.09,5.331732629513163,5.3317326,0.15174435056579494,0.0,0.09,0.0,-0.0,0.0,1
2012-07-22 07:00:00+00:00,0.0345753,0.32664558581325004,0.0359505325575,0.0,0.085,5.2869957874079,5.2869958,0.1450267295131633,0.0,0.085,0.0,-0.0,0.0,1
2012-07-22 07:30:00+00:00,0.0342555,0.32627981376375004,0.035618012512500005,0.002,0.165,5.20120631372369,5.2012063,0.1336195874078996,0.0,0.163,0.0,-0.0,0.0,1
2012-07-22 08:00:00+00:00,0.03447075,0.3265260064893751,0.03584182408125,0.009,0.21,5.095416840039479,5.0954168,0.12049561372368967,0.0,0.201,0.0,2.7755575615628914e-17,-4.974052292446019e-19,1
2012-07-22 08:30:00+00:00,0.0387081,0.33137248614525,0.0402477146775,0.035,0.301,4.955416840039479,4.9554168,0.10850794003947861,0.0,0.266,0.0,-0.0,0.0,1
2012-07-22 09:00:00+00:00,0.0407622,0.33372186815550003,0.042383516504999996,0.059,0.385,4.783837892671058,4.7838379,0.09972644003947906,0.0,0.326,0.0,-0.0,0.0,1
2012-07-22 09:30:00+00:00,0.04335135,0.33668321494087505,0.04507564994625,0.144,0.355,4.672785261092111,4.6727853,0.09500709267105822,0.0,0.211,0.0,-0.0,0.0,1
2012-07-22 10:00:00+00:00,0.0427548,0.33600090938700006,0.04445537217,0.118,0.272,4.591732629513164,4.5917326,0.09390086109211104,0.0,0.154,2.7755575615628914e-17,0.0,4.6629493237054795e-18,1
2012-07-22 10:30:00+00:00,0.042189,0.33535377422250007,0.043867067475,0.142,0.298,4.509627366355269,4.5096274,0.09491842951316354,0.0,0.156,0.0,-0.0,0.0,1
2012-07-22 11:00:00+00:00,0.03940305,0.151767336945125,0.040970306313749996,0.073,0.194,4.445943155828953,4.4459432,0.09607056635526856,0.0,0.121,1.3877787807814457e-17,0.0,1.0530974491407622e-18,1
2012-07-22 11:30:00+00:00,0.0390525,0.15136639450625,0.04060581318749999,0.213,0.374,4.36120631372369,4.3612063,0.09553495582895266,0.0,0.161,0.0,-0.0,0.0,1
2012-07-22 12:00:00+00:00,0.03795165,0.15010729456662503,0.039461176878750004,0.096,0.528,4.133837892671059,4.1338379,0.09226451372368949,0.0,0.432,5.551115123125783e-17,0.0,4.166314364801444e-18,1
2012-07-22 12:30:00+00:00,0.03741045,0.14948829571362499,0.03889845064874999,0.142,0.759,3.8091010505657956,3.8091011,0.0863699926710586,0.0,0.617,0.0,-0.0,0.0,1
2012-07-22 13:00:00+00:00,0.0355224,0.147328833806,0.03693530346,0.102,0.599,3.5475221031973745,3.5475221,0.07917025056579563,0.0,0.497,0.0,-0.0,0.0,1
2012-07-22 13:30:00+00:00,0.0343416,0.14597829085400002,0.035707537139999995,0.103,0.264,3.4627852610921113,3.4627853,0.07289180319737465,0.0,0.161,2.7755575615628914e-17,0.0,2.025855745019234e-18,1
2012-07-22 14:00:00+00:00,0.03444615,0.146097870177875,0.03581624561625,0.099,0.414,3.387221566355269,3.3872216,0.07009586109211119,0.0,0.14357102,0.17142897999999995,0.0,0.012522704432382762,1
2012-07-22 14:30:00+00:00,0.0342432,0.145865745608,0.035605223279999994,0.053,0.636,3.387221566355269,3.3872216,3.3644731001203354e-08,0.0,0.0,0.583,0.0,0.042519864844732,1
2012-07-22 15:00:00+00:00,0.0344646,0.1461189724115,0.03583542946499999,0.049,0.692,3.30447504003948,3.304475,0.08274656635526911,0.0,0.1572184,0.4857815999999999,0.0,0.035490954104207155,1
2012-07-22 15:30:00+00:00,0.03463065,0.146308892514125,0.03600808410375,0.063,0.821,3.2052905453026375,3.2052905,0.09918454003947996,0.0,0.18845054,0.56954946,0.0,0.04166507536230896,1
2012-07-22 16:00:00+00:00,0.03618045,0.14808148013862502,0.03761952739875,0.01,0.573,3.0286845295131637,3.0286845,0.12061314530263756,0.0,0.33555143,0.22744856999999996,0.0,0.016840460450506828,1
2012-07-22 16:30:00+00:00,0.03727515,0.149333546000375,0.03875776909125,0.01,0.662,2.815975108460532,2.8159751,0.14417012951316366,0.0,0.4041479,0.24785210000000002,0.0,0.018506316488319772,1
2012-07-22 17:00:00+00:00,0.04019025,0.152667698913125,0.041788817193749994,0.0,0.348,2.63281721372369,2.6328172,0.166396308460532,0.0,0.348,0.0,-0.0,0.0,1
2012-07-22 17:30:00+00:00,0.04504875,0.158224620434375,0.04684056403125,0.0,0.395,2.424922476881585,2.4249225,0.1839631137236899,0.0,0.395,0.0,-0.0,0.0,1
2012-07-22 18:00:00+00:00,0.0552147,0.16985195116175,0.057410864692499994,0.0,0.492,2.165975108460532,2.1659751,0.1943625768815851,0.0,0.492,0.0,-0.0,0.0,1
2012-07-22 18:30:00+00:00,0.059532,0.17478987383,0.0618998853,0.0,0.568,1.8670277400394795,1.8670277,0.196389808460532,0.0,0.568,0.0,-0.0,0.0,1
2012-07-22 19:00:00+00:00,0.05362185,0.168030124992125,0.05575465908374999,0.0,0.41,1.651238266355269,1.6512383,0.19030564003947936,0.0,0.41,0.0,-0.0,0.0,1
2012-07-22 19:30:00+00:00,0.0438126,0.1568107707815,0.045555246165,0.0,0.42,1.4301856347763215,1.4301856,0.1769795663552689,0.0,0.42,0.0,-0.0,0.0,1
2012-07-22 20:00:00+00:00,0.0455961,0.15885065336525,0.0474096848775,0.0,0.304,1.2701856347763216,1.2701856,0.15988663477632148,0.0,0.304,0.0,-0.0,0.0,1
2012-07-22 20:30:00+00:00,0.049938,0.163816712345,0.051924283950000004,0.0,0.28,1.12281721372369,1.1228172,0.14171793477632155,0.0,0.28,0.0,-0.0,0.0,1
2012-07-22 21:00:00+00:00,0.0460389,0.15935710697225,0.04787009724749999,0.0,0.653,1.0,1.0,0.12281721372369003,0.0,0.23335271,0.41964729,0.0,0.03343688904157241,1
2012-07-22 21:30:00+00:00,0.0422628,0.15503818315700002,0.04394380287000001,0.0,0.192,1.0,1.0,0.0,0.0,0.0,0.192,0.0,0.014883665583072003,1
2012-07-22 22:00:00+00:00,0.03838215,0.150599680017875,0.03990880001624999,0.0,0.992,1.0,1.0,0.0,0.0,0.0,0.992,0.0,0.07469744128886599,1
2012-07-22 22:30:00+00:00,0.03865275,0.15090917944437499,0.04019016313125,0.0,0.199,1.0,1.0,0.0,0.0,0.0,0.199,0.0,0.015015463354715312,1
2012-07-22 23:00:00+00:00,0.0369,0.14890446725,0.038367697500000006,0.0,0.198,1.0,1.0,0.0,0.0,0.0,0.198,0.0,0.014741542257750002,1
2012-07-22 23:30:00+00:00,0.03555315,0.147364004195375,0.03696727654124999,0.0,0.067,1.0,1.0,0.0,0.0,0.0,0.067,0.0,0.004936694140545063,1
2012-07-23 00:00:00+00:00,0.0345015,0.09666117687874999,0.03587379716249999,0.0,0.099,1.003105650795,1.0031057,0.0,0.0065382122,0.0,0.10553821220000001,0.0,0.005100723898465625,1
2012-07-23 00:30:00+00:00,0.0342432,0.09636574560800001,0.035605223279999994,0.0,0.063,1.715605650795,1.7156057,0.712500049205,1.5,0.0,1.563,0.0,0.07530983019265201,1
2012-07-23 01:00:00+00:00,0.0338988,0.095971837247,0.03524712477,0.0,0.072,2.4281056507949996,2.4281057,0.7125000492050002,1.5,0.0,1.572,0.0,0.075433864076142,1
2012-07-23 01:30:00+00:00,0.0353748,0.09766001593700001,0.03678183266999999,0.0,0.122,3.1406056507949995,3.1406057,0.7125000492050004,1.5,0.0,1.6219999999999999,0.0,0.079202272924907,1
2012-07-23 02:00:00+00:00,0.03406485,0.09616175734962502,0.03541977940875,0.0,0.078,3.8531056507949994,3.8531057,0.7125000492050004,1.5,0.0,1.578,0.0,0.07587162654885414,1
2012-07-23 02:30:00+00:00,0.03413865,0.09624616628412502,0.03549651480375,0.0,0.055,4.565605650795,4.5656057,0.7125000492050004,1.5,0.0,1.555,0.0,0.0748313942859072,1
2012-07-23 03:00:00+00:00,0.0329763,0.09491672556575002,0.0342879323325,0.0,0.094,5.278105650795,5.2781057,0.7125000492050004,1.5,0.0,1.594,0.0,0.07564863027590277,1
2012-07-23 03:30:00+00:00,0.03310545,0.09506444120112499,0.03442221927375,0.0,0.084,5.9906056507950005,5.9906057,0.7125000492049995,1.5,0.0,1.584,0.0,0.075291037431291,1
2012-07-23 04:00:00+00:00,0.03314235,0.09510664566837501,0.03446058697125,0.0,0.071,6.703105650795001,6.7031057,0.7125000492049995,1.5,0.0,1.571,0.0,0.07470627017250857,1
2012-07-23 04:30:00+00:00,0.0337881,0.09584522384525002,0.0351320216775,0.0,0.109,7.415605650795001,7.4156057,0.7125000492049995,1.5,0.0,1.609,0.0,0.07710748258350364,1
2012-07-23 05:00:00+00:00,0.0341079,0.32611099589475007,0.0354645417225,0.0,0.06,7.3840267034265805,7.3840267,0.12036495079500131,0.0,0.06,0.0,-0.0,0.0,1
2012-07-23 05:30:00+00:00,0.0359529,0.32822121925725,0.037382926597500005,0.0,0.059,7.352974071847633,7.3529741,0.1356080034265803,0.0,0.059,0.0,-0.0,0.0,1
2012-07-23 06:00:00+00:00,0.03689385,0.32929743317212506,0.03836130288375,0.0,0.11,7.295079335005528,7.2950793,0.14387087184763292,0.0,0.11,0.0,-0.0,0.0,1
2012-07-23 06:30:00+00:00,0.0450795,0.33865979082375003,0.046872537112499994,0.0,0.247,7.165079335005528,7.1650793,0.14473203500552767,0.0,0.247,0.0,-0.0,0.0,1
2012-07-23 07:00:00+00:00,0.0590031,0.3545849431327501,0.0613499483025,0.0,0.375,6.967710913952896,6.9677109,0.1373279350055281,0.0,0.375,0.0,-0.0,0.0,1
2012-07-23 07:30:00+00:00,0.0505407,0.34490605197675006,0.052550956342499996,0.002,0.309,6.806131966584475,6.806132,0.12523771395289618,0.0,0.307,0.0,-0.0,0.0,1
2012-07-23 08:00:00+00:00,0.06026385,0.356026929097125,0.06266084463374999,0.003,0.571,6.507184598163422,6.5071846,0.11143276658447565,0.0,0.568,0.0,-0.0,0.0,1
2012-07-23 08:30:00+00:00,0.05822205,0.35369161524262505,0.060537832038749996,0.011,0.681,6.154553019216054,6.154553,0.09876279816342226,0.0,0.67,0.0,-0.0,0.0,1
2012-07-23 09:00:00+00:00,0.05273625,0.34741721777812506,0.05483383434374999,0.032,0.718,5.793500387637106,5.7935004,0.08929291921605387,0.0,0.686,0.0,1.1102230246251565e-16,-3.043889270845645e-18,1
2012-07-23 09:30:00+00:00,0.0538371,0.34867631771775004,0.055978470652499994,0.099,0.499,5.582974071847633,5.5829741,0.08387418763710652,0.0,0.4,0.0,-0.0,0.0,1
2012-07-23 10:00:00+00:00,0.04546695,0.33910293772987504,0.04727539793624999,0.061,0.285,5.465079335005528,5.4650793,0.0820542718476327,0.0,0.224,0.0,2.7755575615628914e-17,-6.560779410892669e-19,1
2012-07-23 10:30:00+00:00,0.04547925,0.33911700588562504,0.047288187168749996,0.042,0.109,5.429816177110791,5.4298162,0.08234183500552739,0.0,0.067,0.0,-0.0,0.0,1
2012-07-23 11:00:00+00:00,0.0443661,0.15744383779025,0.046130761627499996,0.124,0.086,5.44786617711079,5.4478662,0.08274817711079052,0.038,0.0,0.0,-0.0,0.0,1
2012-07-23 11:30:00+00:00,0.04340055,0.156339487563875,0.04512680687625,0.141,0.13,5.453091177110791,5.4530912,0.08145367711079032,0.011,0.0,2.7755575615628914e-17,0.0,2.1696462343939044e-18,1
2012-07-23 12:00:00+00:00,0.0401349,0.15260439221225,0.0417312656475,0.084,0.761,5.0967753876371065,5.0967754,0.07741507711079088,0.0,0.677,0.0,-0.0,0.0,1
2012-07-23 12:30:00+00:00,0.03950145,0.151879882191125,0.04107262017375,0.086,1.355,4.502070440268685,4.5020704,0.07074768763710626,0.0,1.1299394,0.13906059999999987,0.0,0.010560253772713569,1
2012-07-23 13:00:00+00:00,0.0377979,0.14993144261975,0.0393013114725,0.061,0.954,4.502070440268685,4.5020704,4.0268685275179905e-08,0.0,0.0,0.893,0.0,0.06694438912971838,1
2012-07-23 13:30:00+00:00,0.03760725,0.149713386205625,0.039103078368749995,0.082,0.874,4.502070440268685,4.5020704,4.0268685275179905e-08,0.0,0.0,0.792,0.0,0.0592865009374275,1
2012-07-23 14:00:00+00:00,0.03856665,0.150810702354125,0.040100638503749994,0.159,0.497,4.502070416401105,4.5020704,4.0268685275179905e-08,0.0,4.5348402e-08,0.337999954651598,0.0,0.025487005278334945,1
2012-07-23 14:30:00+00:00,0.03702915,0.149052182885375,0.03850198444125,0.229,0.092,4.567145416401106,4.5671454,1.640110536271777e-08,0.137,0.0,0.0,-0.0,0.0,1
2012-07-23 15:00:00+00:00,0.0354486,0.1472444248715,0.03685856806499999,0.14,0.101,4.585670416401106,4.5856704,1.640110536271777e-08,0.039,0.0,0.0,-0.0,0.0,1
2012-07-23 15:30:00+00:00,0.0343416,0.14597829085400002,0.035707537139999995,0.062,0.065,4.585670416401106,4.5856704,1.640110625089619e-08,0.0,0.0,0.0030000000000000027,0.0,0.00021896743628100024,1
2012-07-23 16:00:00+00:00,0.0371337,0.14917176220925002,0.038610692917499995,0.036,0.108,4.5688751616642636,4.5688752,0.01679521640110604,0.0,0.031910984,0.040089016000000005,0.0,0.00299007458097741,1
2012-07-23 16:30:00+00:00,0.04073145,0.15328669776612502,0.04235154342375,0.003,0.166,4.483085687980053,4.4830857,0.1225570616642635,0.0,0.163,0.0,-0.0,0.0,1
2012-07-23 17:00:00+00:00,0.05256405,0.166820263597625,0.05465478508875,0.0,0.101,4.429927793243211,4.4299278,0.14410378798005308,0.0,0.101,0.0,-0.0,0.0,1
2012-07-23 17:30:00+00:00,0.0541938,0.16868429423450002,0.05634935839499999,0.0,0.845,3.9851909511379477,3.985191,0.16102489324321123,0.0,0.845,0.0,-0.0,0.0,1
2012-07-23 18:00:00+00:00,0.15277215,0.281433528492875,0.15884866226624997,0.0,0.786,3.1957172669274216,3.1957173,0.7894736511379477,0.0,1.5,0.0,0.714,-0.056708972429051235,1
2012-07-23 18:30:00+00:00,0.1793709,0.31185591530225004,0.1865053775475,0.0,0.319,2.406243582716895,2.4062436,0.7894736669274218,0.0,1.5,0.0,1.181,-0.11013142544179876,1
2012-07-23 19:00:00+00:00,0.16905735,0.30005976670587503,0.17578160609625,0.0,0.373,1.6167698985063688,1.6167699,0.7894736827168951,0.0,1.5,0.0,1.127,-0.09905293503523686,1
2012-07-23 19:30:00+00:00,0.1021884,0.22357823797100002,0.10625294361,0.0,0.639,1.2804541090326844,1.2804541,0.15192419850636885,0.0,0.639,0.0,-0.0,0.0,1
2012-07-23 20:00:00+00:00,0.0748947,0.19236100036175,0.07787363669249998,0.0,0.368,1.0867698985063687,1.0867699,0.13443010903268449,0.0,0.368,0.0,-0.0,0.0,1
2012-07-23 20:30:00+00:00,0.06224415,0.17789190217287498,0.06471991106625,0.0,0.314,1.0,1.0,0.08676989850636874,0.0,0.16486281,0.14913719,0.0,0.013265149206908735,1
2012-07-23 21:00:00+00:00,0.0587448,0.173889511862,0.061081374419999994,0.0,0.279,1.0,1.0,0.0,0.0,0.0,0.279,0.0,0.024257586904749003,1
2012-07-23 21:30:00+00:00,0.04490115,0.158055802565375,0.04668709324125,0.0,0.236,1.0,1.0,0.0,0.0,0.0,0.236,0.0,0.01865058470271425,1
2012-07-23 22:00:00+00:00,0.038499,0.1507333274975,0.040030297725,0.0,0.284,1.0,1.0,0.0,0.0,0.0,0.284,0.0,0.021404132504645,1
2012-07-23 22:30:00+00:00,0.05167845,0.16580735638362498,0.05373396034874999,0.0,0.268,1.0,1.0,0.0,0.0,0.0,0.268,0.0,0.02221818575540575,1
2012-07-23 23:00:00+00:00,0.04092825,0.153511788258125,0.042556171143749995,0.0,0.251,1.0,1.0,0.0,0.0,0.0,0.251,0.0,0.01926572942639469,1
2012-07-23 23:30:00+00:00,0.04037475,0.152878721249375,0.04198065568125,0.0,0.273,1.0,1.0,0.0,0.0,0.0,0.273,0.0,0.020867945450539688,1
2012-07-24 00:00:00+00:00,0.03860355,0.10135290682137499,0.040139006201249994,0.0,0.239,1.0,1.0,0.0,0.0,0.0,0.239,0.0,0.01211167236515431,1
2012-07-24 00:30:00+00:00,0.03898485,0.10178901964962503,0.04053547240875,0.0,0.241,1.0,1.0,0.0,0.0,0.0,0.241,0.0,0.012265576867779815,1
2012-07-24 01:00:00+00:00,0.0371091,0.09964362589775001,0.03858511445249999,0.0,0.215,1.0,1.0,0.0,0.0,0.0,0.215,0.0,0.010711689784008126,1
2012-07-24 01:30:00+00:00,0.0377241,0.10034703368525001,0.039224576077500004,0.0,0.123,1.0,1.0,0.0,0.0,0.0,0.123,0.0,0.006171342571642875,1
2012-07-24 02:00:00+00:00,0.0342801,0.09640795007524999,0.03564359097749999,0.0,0.156,1.7125,1.7125,0.7124999999999999,1.5,0.0,1.656,0.0,0.07982578266230698,1
2012-07-24 02:30:00+00:00,0.0343908,0.09653456347700001,0.03575869406999999,0.0,0.187,2.337297805,2.3372978,0.6247978000000001,1.3153638,0.0,1.5023638000000001,0.0,0.07251501680832348,1
2012-07-24 03:00:00+00:00,0.03384345,0.09590853054612498,0.03518957322374999,0.0,0.072,3.049797805,3.0497978,0.7124999949999999,1.5,0.0,1.572,0.0,0.07538410500925424,1
2012-07-24 03:30:00+00:00,0.0326196,0.094508749049,0.033917044589999994,0.0,0.087,3.7622978049999998,3.7622978,0.7124999949999999,1.5,0.0,1.587,0.0,0.0749926923703815,1
2012-07-24 04:00:00+00:00,0.0322014,0.09403043175350001,0.033482210685,0.0,0.1,4.474797805,4.4747978,0.7124999950000004,1.5,0.0,1.6,0.0,0.07522434540280001,1
2012-07-24 04:30:00+00:00,0.0339234,0.09599997355850001,0.035272703235,0.0,0.056,5.187297805,5.1872978,0.7124999949999999,1.5,0.0,1.556,0.0,0.07468797942851302,1
2012-07-24 05:00:00+00:00,0.0343416,0.326378290854,0.035707537139999995,0.0,0.073,5.148876752368421,5.1488768,0.09566780499999972,0.0,0.073,0.0,-0.0,0.0,1
2012-07-24 05:30:00+00:00,0.03567,0.32789765167500007,0.03708877425,0.0,0.107,5.092560962894737,5.092561,0.11142975236842112,0.0,0.107,0.0,-0.0,0.0,1
2012-07-24 06:00:00+00:00,0.03683235,0.32922709239337505,0.038297356721249995,0.0,0.138,5.019929383947368,5.0199294,0.12026056289473708,0.0,0.138,0.0,-0.0,0.0,1
2012-07-24 06:30:00+00:00,0.0418938,0.33501613848450007,0.043560125895,0.0,0.282,4.871508331315789,4.8715083,0.12174268394736831,0.0,0.282,0.0,-0.0,0.0,1
2012-07-24 07:00:00+00:00,0.0567399,0.35199640247475006,0.0589967295225,0.0,0.35,4.687297805,4.6872978,0.11504123131578936,0.0,0.35,0.0,-0.0,0.0,1
2012-07-24 07:30:00+00:00,0.04920615,0.34337965707787504,0.05116332461624999,0.002,0.808,4.2630872786842104,4.2630873,0.10371760499999993,0.0,0.806,0.0,-0.0,0.0,1
2012-07-24 08:00:00+00:00,0.06111255,0.35699763184387506,0.06354330167625,0.011,0.913,3.788350436578947,3.7883504,0.09073857868421076,0.0,0.902,0.0,-0.0,0.0,1
2012-07-24 08:30:00+00:00,0.0608973,0.35675143911825,0.0633194901075,0.071,0.442,3.59308727868421,3.5930873,0.07894723657894698,0.0,0.371,0.0,-0.0,0.0,1
2012-07-24 09:00:00+00:00,0.0558297,0.35095535894925006,0.0580503263175,0.103,0.095,3.59688727868421,3.5968873,0.07040007868421005,0.008,0.0,1.3877787807814457e-17,0.0,2.4352420007565244e-18,1
2012-07-24 09:30:00+00:00,0.05989485,0.35560488442462507,0.06227716765874999,0.062,0.082,3.5863609628947364,3.586361,0.06593977868421019,0.0,0.02,3.469446951953614e-18,0.0,6.168761411834163e-19,1
2012-07-24 10:00:00+00:00,0.04843125,0.3424933632656251,0.05035760296875,0.04,0.141,3.5332030681578943,3.5332031,0.06510636289473659,0.0,0.101,0.0,2.7755575615628914e-17,-6.988521285104798e-19,1
2012-07-24 10:30:00+00:00,0.04841895,0.342479295109875,0.05034481373625,0.159,0.103,3.5598030681578945,3.5598031,0.06640266815789442,0.056,0.0,0.0,-0.0,0.0,1
2012-07-24 11:00:00+00:00,0.0448458,0.1579924958645,0.046629541695,0.164,0.104,3.5883030681578947,3.5883031,0.06783636815789462,0.06,0.0,0.0,2.7755575615628914e-17,-6.471148852188468e-19,1
2012-07-24 11:30:00+00:00,0.04341285,0.156353555719625,0.04513959610875,0.117,0.134,3.579355699736842,3.5793557,0.06758596815789453,0.0,0.017,0.0,-0.0,0.0,1
2012-07-24 12:00:00+00:00,0.0467769,0.16020119631725,0.048637451197499994,0.095,0.088,3.5826806997368417,3.5826807,0.06460779973684172,0.007,0.0,0.0,-0.0,0.0,1
2012-07-24 12:30:00+00:00,0.04420005,0.157253917687625,0.04595810698875,0.121,0.103,3.5912306997368417,3.5912307,0.059016899736841655,0.018,0.0,0.0,-0.0,0.0,1
2012-07-24 13:00:00+00:00,0.0420537,0.15479902450925,0.0437263859175,0.131,0.142,3.585441226052631,3.5854412,0.05213559973684179,0.0,0.011,0.0,1.734723475976807e-17,-3.7926594085354453e-19,1
2012-07-24 13:30:00+00:00,0.03975975,0.15217531346187502,0.04134119405625,0.135,0.099,3.6025412260526313,3.6025412,0.04619262605263108,0.036,0.0,0.0,-0.0,0.0,1
2012-07-24 14:00:00+00:00,0.0399504,0.152393369876,0.041539427159999996,0.101,0.129,3.5878043839473683,3.5878044,0.043748826052631085,0.0,0.028,0.0,3.469446951953614e-18,-7.205941947308058e-20,1
2012-07-24 14:30:00+00:00,0.03963675,0.152034631904375,0.04121330173125,0.133,0.193,3.556225436578947,3.5562254,0.047001383947368414,0.0,0.06,0.0,-0.0,0.0,1
2012-07-24 15:00:00+00:00,0.03921855,0.15155631460887498,0.04077846782624999,0.134,0.156,3.544646489210526,3.5446465,0.057147836578947064,0.0,0.022,0.0,6.938893903907228e-18,-1.4147873090512155e-19,1
2012-07-24 15:30:00+00:00,0.03832065,0.15052933923912498,0.039844853853749994,0.124,0.105,3.553671489210526,3.5536715,0.07398008921052623,0.019,0.0,0.0,-0.0,0.0,1
2012-07-24 16:00:00+00:00,0.04282245,0.155678284243625,0.04452571294874999,0.056,0.152,3.503145173421052,3.5031452,0.09581878921052578,0.0,0.096,0.0,-0.0,0.0,1
2012-07-24 16:30:00+00:00,0.04619265,0.159532958919125,0.04802996265375,0.007,0.106,3.4510399102631575,3.4510399,0.11980727342105224,0.0,0.099,0.0,1.3877787807814457e-17,-3.3327481506299773e-19,1
2012-07-24 17:00:00+00:00,0.05923065,0.17444520401412503,0.06158654910375,0.001,0.122,3.3873556997368417,3.3873557,0.14249441026315735,0.0,0.121,0.0,-0.0,0.0,1
2012-07-24 17:30:00+00:00,0.06388005,0.179762966887625,0.06642087898874999,0.0,0.098,3.3357767523684205,3.3357768,0.16056189973684187,0.0,0.098,0.0,-0.0,0.0,1
2012-07-24 18:00:00+00:00,0.14461725,0.272106341230625,0.15036940111875,0.0,0.17,2.5463030681578944,2.5463031,0.7894736523684207,0.0,1.5,0.0,1.33,-0.09999565174396875,1
2012-07-24 18:30:00+00:00,0.08916885,0.208687095109625,0.09271554100875,0.0,0.492,2.2873556997368416,2.2873557,0.17414356815789445,0.0,0.492,0.0,-0.0,0.0,1
2012-07-24 19:00:00+00:00,0.08916885,0.208687095109625,0.09271554100875,0.0,0.398,2.077882015526315,2.077882,0.16872429973684167,0.0,0.398,0.0,-0.0,0.0,1
2012-07-24 19:30:00+00:00,0.0704667,0.18729646429175,0.0732695129925,0.0,0.784,1.6652504365789467,1.6652504,0.15613851552631508,0.0,0.784,0.0,-0.0,0.0,1
2012-07-24 20:00:00+00:00,0.0515862,0.1657018452155,0.05363804110499999,0.0,1.02,1.1284083313157889,1.1284083,0.13982493657894657,0.0,1.02,0.0,-0.0,0.0,1
2012-07-24 20:30:00+00:00,0.05164155,0.165765151916375,0.05369559265124999,0.0,0.281,1.0,1.0,0.12246093131578895,0.0,0.24397583,0.03702417000000002,0.0,0.0030686585823138488,1
2012-07-24 21:00:00+00:00,0.0505653,0.16453418828825,0.0525765348075,0.0,0.471,1.0,1.0,0.0,0.0,0.0,0.471,0.0,0.038747801341882875,1
2012-07-24 21:30:00+00:00,0.04417545,0.157225781376125,0.045932528523749995,0.0,0.784,1.0,1.0,0.0,0.0,0.0,0.784,0.0,0.061632506299441,1
2012-07-24 22:00:00+00:00,0.03567615,0.14750468575287498,0.03709516886624999,0.0,0.292,1.0,1.0,0.0,0.0,0.0,0.292,0.0,0.021535684119919747,1
2012-07-24 22:30:00+00:00,0.04900935,0.162754566585875,0.050958696896249996,0.0,0.756,1.0,1.0,0.0,0.0,0.0,0.756,0.0,0.06152122616946075,1
2012-07-24 23:00:00+00:00,0.04035015,0.152850584937875,0.04195507721625,0.0,0.275,1.0,1.0,0.0,0.0,0.0,0.275,0.0,0.021016955428957814,1
2012-07-24 23:30:00+00:00,0.03929235,0.151640723543375,0.04085520322124999,0.0,0.269,1.0,1.0,0.0,0.0,0.0,0.269,0.0,0.020395677316583937,1
2012-07-25 00:00:00+00:00,0.03525795,0.09752636845737502,0.03666033496125,0.0,0.27,1.0,1.0,0.0,0.0,0.0,0.27,0.0,0.013166059741745628,1
2012-07-25 00:30:00+00:00,0.0334929,0.09550758810725002,0.034825080097499996,0.0,0.363,1.7125,1.7125,0.7124999999999999,1.5,0.0,1.863,0.0,0.0889653183219034,1
2012-07-25 01:00:00+00:00,0.0365187,0.09896835442175002,0.0379712312925,0.0,0.202,1.7125,1.7125,0.0,0.0,0.0,0.202,0.0,0.009995803796596753,1
2012-07-25 01:30:00+00:00,0.0371091,0.09964362589775001,0.03858511445249999,0.0,0.055,1.7125,1.7125,0.0,0.0,0.0,0.055,0.0,0.0027401997121881253,1
2012-07-25 02:00:00+00:00,0.03381885,0.09588039423462501,0.03516399475874999,0.0,0.121,1.7555355096749998,1.7555355,0.043035500000000004,0.090601073,0.0,0.211601073,0.0,0.010144197149854832,1
2012-07-25 02:30:00+00:00,0.0325581,0.09443840827025,0.03385309842749999,0.0,0.073,2.4680355096749995,2.4680355,0.7124999903250002,1.5,0.0,1.573,0.0,0.07427580810455163,1
2012-07-25 03:00:00+00:00,0.0321522,0.09397415913049999,0.033431053754999995,0.0,0.075,3.1805355096749994,3.1805355,0.7124999903250004,1.5,0.0,1.575,0.0,0.07400465031526873,1
2012-07-25 03:30:00+00:00,0.03226905,0.094107806610125,0.03355255146375,0.0,0.088,3.8930355096749993,3.8930355,0.7124999903250004,1.5,0.0,1.588,0.0,0.07472159844843924,1
2012-07-25 04:00:00+00:00,0.03228135,0.094121874765875,0.033565340696249994,0.0,0.065,4.605535509674999,4.6055355,0.7124999903250009,1.5,0.0,1.565,0.0,0.07365036700429718,1
2012-07-25 04:30:00+00:00,0.032349,0.09419924962250001,0.033635681475000005,0.0,0.072,5.318035509674999,5.3180355,0.7124999903250009,1.5,0.0,1.572,0.0,0.074040610203285,1
2012-07-25 05:00:00+00:00,0.0324105,0.32416959040125004,0.0336996276375,0.0,0.1,5.265403930727631,5.2654039,0.1173452096749994,0.0,0.1,0.0,-0.0,0.0,1
2012-07-25 05:30:00+00:00,0.03349905,0.325414622185125,0.03483147471375,0.0,0.097,5.214351299148683,5.2143513,0.13360523072763097,0.0,0.097,0.0,-0.0,0.0,1
2012-07-25 06:00:00+00:00,0.03595905,0.328228253335125,0.03738932121374999,0.0,0.06,5.182772351780263,5.1827724,0.14288119914868336,0.0,0.06,0.0,-0.0,0.0,1
2012-07-25 06:30:00+00:00,0.0416601,0.33474884352525,0.04331713047749999,0.0,0.056,5.153298667569736,5.1532987,0.14475995178026224,0.0,0.056,0.0,-0.0,0.0,1
2012-07-25 07:00:00+00:00,0.0406515,0.33359525475375,0.0422684134125,0.0,0.112,5.094351299148683,5.0943513,0.1384356675697358,0.0,0.112,0.0,-0.0,0.0,1
2012-07-25 07:30:00+00:00,0.04009185,0.332955153667125,0.04168650333374999,0.003,0.312,4.931719720201315,4.9317197,0.1274522991486835,0.0,0.309,0.0,-0.0,0.0,1
2012-07-25 08:00:00+00:00,0.0489663,0.34310532804075,0.050913934582499994,0.023,0.636,4.609088141253946,4.6090881,0.11477322020131453,0.0,0.613,0.0,-0.0,0.0,1
2012-07-25 08:30:00+00:00,0.04742265,0.341339774494125,0.049308885903749995,0.087,0.637,4.31961445704342,4.3196145,0.10323564125394658,0.0,0.55,0.0,-0.0,0.0,1
2012-07-25 09:00:00+00:00,0.04392945,0.337344418261125,0.045676743873749995,0.158,0.136,4.330064457043419,4.3300645,0.09488935704341994,0.022,0.0,0.0,-0.0,0.0,1
2012-07-25 09:30:00+00:00,0.0431976,0.336507362994,0.044915784539999996,0.222,0.193,4.343839457043419,4.3438395,0.09057025704341903,0.029,0.0,0.0,-0.0,0.0,1
2012-07-25 10:00:00+00:00,0.0397044,0.332512006761,0.041283642509999996,0.263,0.214,4.367114457043419,4.3671145,0.08981255704341873,0.049,0.0,0.0,-0.0,0.0,1
2012-07-25 10:30:00+00:00,0.0396183,0.33241352967075005,0.0411941178825,0.285,0.332,4.342377614938156,4.3423776,0.09111565704341906,0.0,0.047,4.163336342344337e-17,0.0,6.919746643825957e-18,1
2012-07-25 11:00:00+00:00,0.03929235,0.151640723543375,0.04085520322124999,0.3,0.225,4.378002614938156,4.3780026,0.09248601493815656,0.075,0.0,0.0,-0.0,0.0,1
2012-07-25 11:30:00+00:00,0.0385851,0.15083180458774997,0.040119822352499994,0.314,0.236,4.415052614938156,4.4150526,0.09210301493815631,0.078,0.0,0.0,-0.0,0.0,1
2012-07-25 12:00:00+00:00,0.0350919,0.14683644835475002,0.0364876803225,0.249,0.268,4.405052614938156,4.4050526,0.08892541493815553,0.0,0.019,1.734723475976807e-17,0.0,1.2736031704502042e-18,1
2012-07-25 12:30:00+00:00,0.0346122,0.14628779028049999,0.035988900255,0.026,0.202,4.312421035990788,4.312421,0.08307141493815617,0.0,0.176,2.7755575615628914e-17,0.0,2.030150912386841e-18,1
2012-07-25 13:00:00+00:00,0.03444,0.14609083609999998,0.035809851,0.016,0.269,4.179263141253946,4.1792631,0.07586613599078795,0.0,0.253,0.0,-0.0,0.0,1
2012-07-25 13:30:00+00:00,0.0343416,0.14597829085400002,0.035707537139999995,0.035,0.299,4.040315772832893,4.0403158,0.0695404412539462,0.0,0.264,0.0,-0.0,0.0,1
2012-07-25 14:00:00+00:00,0.03383115,0.145394462390375,0.035176783991249995,0.185,0.214,4.025052614938157,4.0250526,0.06665677283289329,0.0,0.029,0.0,3.469446951953614e-18,-6.102199299898649e-20,1
2012-07-25 14:30:00+00:00,0.03383115,0.145394462390375,0.035176783991249995,0.213,0.26,4.000315772832894,4.0003158,0.06941291493815704,0.0,0.047,1.3877787807814457e-17,0.0,1.008876748742442e-18,1
2012-07-25 15:00:00+00:00,0.0343416,0.14597829085400002,0.035707537139999995,0.183,0.301,3.9382105096749993,3.9382105,0.07900717283289405,0.0,0.118,0.0,-0.0,0.0,1
2012-07-25 15:30:00+00:00,0.03444615,0.146097870177875,0.03581624561625,0.138,0.303,3.8513684044118413,3.8513684,0.09523360967499928,0.0,0.165,0.0,2.7755575615628914e-17,-4.970502567348822e-19,1
2012-07-25 16:00:00+00:00,0.03469215,0.14637923329287497,0.03607203026624999,0.058,0.255,3.7476841938855254,3.7476842,0.11641590441184135,0.0,0.197,0.0,-0.0,0.0,1
2012-07-25 16:30:00+00:00,0.03437235,0.146013461243375,0.03573951022125,0.001,0.174,3.656631562306578,3.6566316,0.13970229388552546,0.0,0.173,0.0,-0.0,0.0,1
2012-07-25 17:00:00+00:00,0.03736125,0.149432023090625,0.038847293718749995,0.0,0.533,3.3761052465171044,3.3761052,0.16164826230657825,0.0,0.533,0.0,-0.0,0.0,1
2012-07-25 17:30:00+00:00,0.03736125,0.149432023090625,0.038847293718749995,0.0,0.73,2.991894720201315,2.9918947,0.17894264651710445,0.0,0.73,0.0,-0.0,0.0,1
2012-07-25 18:00:00+00:00,0.0452886,0.1584989494715,0.047089954064999995,0.0,0.539,2.708210509674999,2.7082105,0.189094120201315,0.0,0.539,0.0,-0.0,0.0,1
2012-07-25 18:30:00+00:00,0.0454977,0.15873810811925002,0.0473073710175,0.0,0.77,2.302947351780262,2.3029474,0.19091120967499897,0.0,0.77,0.0,-0.0,0.0,1
2012-07-25 19:00:00+00:00,0.0441324,0.157176542831,0.04588776620999999,0.0,0.961,1.7971578780960513,1.7971579,0.18466215178026202,0.0,0.961,0.0,-0.0,0.0,1
2012-07-25 19:30:00+00:00,0.03971055,0.152119040838875,0.04129003712625,0.0,0.429,1.5713684044118408,1.5713684,0.17124387809605124,0.0,0.429,0.0,-0.0,0.0,1
2012-07-25 20:00:00+00:00,0.04014105,0.152611426290125,0.04173766026374999,0.0,0.528,1.2934736675697356,1.2934737,0.15407980441184077,0.0,0.528,0.0,-0.0,0.0,1
2012-07-25 20:30:00+00:00,0.0413526,0.1539971396315,0.042997399665000005,0.0,0.418,1.0734736675697356,1.0734737,0.13584326756973564,0.0,0.418,0.0,-0.0,0.0,1
2012-07-25 21:00:00+00:00,0.0407499,0.15330779999975,0.04237072727249999,0.0,0.559,1.0,1.0,0.07347366756973561,0.0,0.13959997,0.41940003000000003,0.0,0.032148647959564576,1
2012-07-25 21:30:00+00:00,0.0360267,0.14790562819175002,0.037459661992500004,0.0,0.421,1.0,1.0,0.0,0.0,0.0,0.421,0.0,0.031134134734363376,1
2012-07-25 22:00:00+00:00,0.03423705,0.145858711530125,0.03559882866375,0.0,0.193,1.0,1.0,0.0,0.0,0.0,0.193,0.0,0.014075365662657062,1
2012-07-25 22:30:00+00:00,0.03801315,0.150177635345375,0.03952512304125,0.0,0.213,1.0,1.0,0.0,0.0,0.0,0.213,0.0,0.015993918164282438,1
2012-07-25 23:00:00+00:00,0.0337512,0.14530301937800003,0.03509365398,0.0,0.209,1.0,1.0,0.0,0.0,0.0,0.209,0.0,0.015184165525001002,1
2012-07-25 23:30:00+00:00,0.0345384,0.146203381346,0.03591216485999999,0.0,0.087,1.0,1.0,0.0,0.0,0.0,0.087,0.0,0.006359847088551,1
2012-07-26 00:00:00+00:00,0.0336774,0.0957186104435,0.035016918585,0.0,0.113,1.0,1.0,0.0,0.0,0.0,0.113,0.0,0.00540810149005775,1
2012-07-26 00:30:00+00:00,0.0339603,0.09604217802575002,0.0353110709325,0.0,0.097,1.0,1.0,0.0,0.0,0.0,0.097,0.0,0.004658045634248876,1
2012-07-26 01:00:00+00:00,0.03451995,0.09668227911237502,0.03589298101125,0.0,0.087,1.0,1.0,0.0,0.0,0.0,0.087,0.0,0.004205679141388313,1
2012-07-26 01:30:00+00:00,0.03390495,0.09597887132487501,0.03525351938625,0.0,0.175,1.0,1.0,0.0,0.0,0.0,0.175,0.0,0.008398151240926563,1
2012-07-26 02:00:00+00:00,0.03255195,0.09443137419237502,0.033846703811250003,0.0,0.131,1.41686336775,1.4168634,0.4168634,0.87760709,0.0,1.00860709,0.0,0.04762207676443623,1
2012-07-26 02:30:00+00:00,0.03132195,0.093024558617375,0.032567780561249995,0.0,0.159,2.12936336775,2.1293634,0.7125000322499999,1.5,0.0,1.659,0.0,0.07716387137311256,1
2012-07-26 03:00:00+00:00,0.030504,0.09208902626,0.0317172966,0.0,0.063,2.84186336775,2.8418634,0.7125000322499999,1.5,0.0,1.563,0.0,0.07196757402218999,1
2012-07-26 03:30:00+00:00,0.0296061,0.09106205089025,0.030783682627499996,0.0,0.064,3.5543633677499997,3.5543634,0.7125000322500004,1.5,0.0,1.564,0.0,0.07121052379617551,1
2012-07-26 04:00:00+00:00,0.0262851,0.08726364883775001,0.027330589852499997,0.0,0.145,4.26686336775,4.2668634,0.7125000322500004,1.5,0.0,1.645,0.0,0.07177435116904939,1
2012-07-26 04:30:00+00:00,0.02763195,0.08880411189237501,0.02873101081125,0.0,0.07,4.97936336775,4.9793634,0.7125000322500004,1.5,0.0,1.57,0.0,0.06971122783551438,1
2012-07-26 05:00:00+00:00,0.03023955,0.321686560911375,0.03144232810124999,0.0,0.057,4.94936336775,4.9493634,0.11509746775000007,0.0,0.057,0.0,-0.0,0.0,1
2012-07-26 05:30:00+00:00,0.0331854,0.3250558842135,0.034505349284999993,0.0,0.125,4.88357389406579,4.8835739,0.1305384677500001,0.0,0.125,0.0,-0.0,0.0,1
2012-07-26 06:00:00+00:00,0.0336528,0.32559047413200004,0.03499134011999999,0.0,0.077,4.843047578276316,4.8430476,0.13902169406578935,0.0,0.077,0.0,-0.0,0.0,1
2012-07-26 06:30:00+00:00,0.03750885,0.33000084095962506,0.03900076450875,0.0,0.072,4.805152841434211,4.8051528,0.140140778276316,0.0,0.072,0.0,-0.0,0.0,1
2012-07-26 07:00:00+00:00,0.04011645,0.332983289978625,0.041712081798749995,0.001,0.514,4.535152841434211,4.5351528,0.13312174143421096,0.0,0.513,0.0,-0.0,0.0,1
2012-07-26 07:30:00+00:00,0.0389295,0.33162571294875004,0.040477920862499996,0.009,0.374,4.343047578276317,4.3430476,0.1214936414342116,0.0,0.365,0.0,-0.0,0.0,1
2012-07-26 08:00:00+00:00,0.04278555,0.336036079776375,0.04448734525124999,0.032,0.343,4.1793633677500015,4.1793634,0.10821847827631714,0.0,0.311,5.551115123125783e-17,0.0,9.326874821812686e-18,1
2012-07-26 08:30:00+00:00,0.04170315,0.33479808207037504,0.04336189279125,0.108,0.222,4.119363367750002,4.1193634,0.09612956775000114,0.0,0.114,0.0,-0.0,0.0,1
2012-07-26 09:00:00+00:00,0.03966135,0.332462768215875,0.041238880196249994,0.17,0.087,4.1587883677500015,4.1587884,0.08727126775000205,0.083,0.0,0.0,2.7755575615628914e-17,-5.723044287954392e-19,1
2012-07-26 09:30:00+00:00,0.0396183,0.33241352967075005,0.0411941178825,0.214,0.121,4.202963367750002,4.2029634,0.08247416775000183,0.093,0.0,0.0,-0.0,0.0,1
2012-07-26 10:00:00+00:00,0.03958755,0.33237835928137505,0.041162144801249995,0.3,0.145,4.276588367750001,4.2765884,0.08126786775000117,0.155,0.0,0.0,-0.0,0.0,1
2012-07-26 10:30:00+00:00,0.03956295,0.33235022296987504,0.04113656633625,0.29,0.095,4.369213367750001,4.3692134,0.08214906775000141,0.195,0.0,5.551115123125783e-17,0.0,9.224571744511496e-18,1
2012-07-26 11:00:00+00:00,0.03674625,0.14872861530312498,0.03820783209375,0.299,0.115,4.456613367750001,4.4566134,0.08312346775000101,0.184,0.0,0.0,-0.0,0.0,1
2012-07-26 11:30:00+00:00,0.03440925,0.146055665710625,0.03577787791875,0.295,0.099,4.549713367750001,4.5497134,0.08237156775000098,0.196,0.0,5.551115123125783e-17,0.0,4.0538590737222714e-18,1
2012-07-26 12:00:00+00:00,0.03442155,0.146069733866375,0.035790667151250004,0.12,0.111,4.553988367750001,4.5539884,0.07885456775000055,0.009,0.0,0.0,-0.0,0.0,1
2012-07-26 12:30:00+00:00,0.0344646,0.1461189724115,0.03583542946499999,0.081,0.316,4.430304157223685,4.4303042,0.07269346775000063,0.0,0.235,0.0,-0.0,0.0,1
2012-07-26 13:00:00+00:00,0.0343416,0.14597829085400002,0.035707537139999995,0.097,0.158,4.39819889406579,4.3981989,0.0652156572236855,0.0,0.061,0.0,-0.0,0.0,1
2012-07-26 13:30:00+00:00,0.03412635,0.145732098128375,0.03548372557125,0.074,0.167,4.349251525644737,4.3492515,0.05865349406578968,0.0,0.093,1.3877787807814457e-17,0.0,1.0112195673065914e-18,1
2012-07-26 14:00:00+00:00,0.0338988,0.14547183724700002,0.03524712477,0.08,0.216,4.2776725782763165,4.2776726,0.055569325644737155,0.0,0.136,0.0,-0.0,0.0,1
2012-07-26 14:30:00+00:00,0.0337389,0.14528895122225002,0.0350808647475,0.043,0.089,4.253462051960527,4.2534621,0.05816067827631688,0.0,0.046,0.0,-0.0,0.0,1
2012-07-26 15:00:00+00:00,0.033825,0.1453874283125,0.035170389375,0.018,0.127,4.196093630907896,4.1960936,0.06762515196052732,0.0,0.109,0.0,-0.0,0.0,1
2012-07-26 15:30:00+00:00,0.0339849,0.14557031433724998,0.035336649397499996,0.022,0.086,4.1624094203815805,4.1624094,0.08375653090789559,0.0,0.064,0.0,-0.0,0.0,1
2012-07-26 16:00:00+00:00,0.03418785,0.145802438907125,0.035547671733749994,0.074,0.083,4.157672578276317,4.1576726,0.10487972038158055,0.0,0.009,8.673617379884035e-18,0.0,6.323172840671598e-19,1
2012-07-26 16:30:00+00:00,0.0365187,0.14846835442175,0.0379712312925,0.017,0.363,3.9755673151184228,3.9755673,0.12814557827631745,0.0,0.346,0.0,-0.0,0.0,1
2012-07-26 17:00:00+00:00,0.0378225,0.14995957893125,0.0393268899375,0.003,0.239,3.8513567888026334,3.8513568,0.1501134151184229,0.0,0.236,0.0,-0.0,0.0,1
2012-07-26 17:30:00+00:00,0.03880035,0.15107799731337498,0.04034363392125,0.0,0.369,3.657146262486844,3.6571463,0.16747668880263333,0.0,0.369,0.0,-0.0,0.0,1
2012-07-26 18:00:00+00:00,0.0475272,0.161059353818,0.04941759438,0.0,0.866,3.2013567888026335,3.2013568,0.1777482624868436,0.0,0.866,0.0,-0.0,0.0,1
2012-07-26 18:30:00+00:00,0.0481545,0.16177682976125002,0.0500698452375,0.0,0.286,3.0508304730131597,3.0508305,0.1797396888026337,0.0,0.286,0.0,-0.0,0.0,1
2012-07-26 19:00:00+00:00,0.0477978,0.16136885324449998,0.049698957494999994,0.0,0.325,2.8797778414342123,2.8797778,0.1737202730131595,0.0,0.325,0.0,-0.0,0.0,1
2012-07-26 19:30:00+00:00,0.04213365,0.154890467521625,0.04380951592875,0.0,0.232,2.7576725782763174,2.7576726,0.16059444143421242,0.0,0.232,0.0,-0.0,0.0,1
2012-07-26 20:00:00+00:00,0.0396675,0.15206980229375,0.041245274812499996,0.0,0.34,2.5787252098552647,2.5787252,0.14376627827631738,0.0,0.34,0.0,-0.0,0.0,1
2012-07-26 20:30:00+00:00,0.04620495,0.159547027074875,0.04804275188625,0.0,0.44,2.3471462624868438,2.3471463,0.12590180985526445,0.0,0.44,0.0,-0.0,0.0,1
2012-07-26 21:00:00+00:00,0.04458135,0.157690030515875,0.04635457319624999,0.0,0.702,1.9776725782763176,1.9776726,0.10865526248684398,0.0,0.702,0.0,-0.0,0.0,1
2012-07-26 21:30:00+00:00,0.03966135,0.152062768215875,0.041238880196249994,0.0,0.352,1.7924094203815808,1.7924094,0.09269897827631768,0.0,0.352,0.0,-0.0,0.0,1
2012-07-26 22:00:00+00:00,0.03634035,0.14826436616337502,0.03778578742125,0.0,0.733,1.4066199466973703,1.4066199,0.07881442038158082,0.0,0.733,0.0,-0.0,0.0,1
2012-07-26 22:30:00+00:00,0.04311765,0.156015919981625,0.044832654528749995,0.0,0.246,1.277146262486844,1.2771463,0.0664973466973704,0.0,0.246,0.0,-0.0,0.0,1
2012-07-26 23:00:00+00:00,0.03659865,0.14855979743412498,0.03805436130375,0.0,0.231,1.155567315118423,1.1555673,0.05484566248684386,0.0,0.231,0.0,-0.0,0.0,1
2012-07-26 23:30:00+00:00,0.0362973,0.14821512761825,0.03774102510749999,0.0,0.28,1.0081988940657913,1.0081989,0.042817315118423016,0.0,0.28,0.0,-0.0,0.0,1
2012-07-27 00:00:00+00:00,0.0342555,0.09637981376375002,0.035618012512500005,0.0,0.227,1.0681225333157913,1.0681225,0.15257830593420874,0.12615503,0.0,0.35315503000000004,0.0,0.017018508010565776,1
2012-07-27 00:30:00+00:00,0.0339234,0.09599997355850001,0.035272703235,0.0,0.249,1.7806225333157912,1.7806225,0.7124999666842087,1.5,0.0,1.749,0.0,0.08395197687690827,1
2012-07-27 01:00:00+00:00,0.03822225,0.10091679399312502,0.03974253999375,0.0,0.344,1.7806225333157912,1.7806225,3.331579123688755e-08,0.0,0.0,0.344,0.0,0.017357688566817502,1
2012-07-27 01:30:00+00:00,0.03846825,0.10119815710812499,0.03999832464375,0.0,0.226,1.7806225333157912,1.7806225,3.331579123688755e-08,0.0,0.0,0.226,0.0,0.011435391753218125,1
2012-07-27 02:00:00+00:00,0.03443385,0.09658380202212502,0.03580345638375,0.0,0.136,2.493122533315791,2.4931225,0.7124999666842089,1.5,0.0,1.6360000000000001,0.0,0.07900555005409828,1
2012-07-27 02:30:00+00:00,0.03321,0.09518402052500002,0.03453092775,0.0,0.076,3.205622533315791,3.2056225,0.7124999666842089,1.5,0.0,1.576,0.0,0.07500500817370002,1
2012-07-27 03:00:00+00:00,0.032349,0.09419924962250001,0.033635681475000005,0.0,0.081,3.918122533315791,3.9181225,0.7124999666842089,1.5,0.0,1.581,0.0,0.07446450682658626,1
2012-07-27 03:30:00+00:00,0.03140805,0.09312303570762501,0.03265730518875,0.0,0.122,4.63062253331579,4.6306225,0.7124999666842093,1.5,0.0,1.6219999999999999,0.0,0.07552278195888387,1
2012-07-27 04:00:00+00:00,0.031734,0.09349584183500001,0.032996219849999994,0.0,0.088,5.343122533315791,5.3431225,0.7124999666842093,1.5,0.0,1.588,0.0,0.07423569841699001,1
2012-07-27 04:30:00+00:00,0.0318324,0.09360838708100001,0.033098533709999996,0.0,0.087,6.055622533315791,6.0556225,0.7124999666842093,1.5,0.0,1.587,0.0,0.07427825514877351,1
2012-07-27 05:00:00+00:00,0.03279795,0.324612737307375,0.03410248846125,0.0,0.102,6.001938322789475,6.0019383,0.11524553331579135,0.0,0.102,0.0,-0.0,0.0,1
2012-07-27 05:30:00+00:00,0.0343908,0.326434563477,0.03575869406999999,0.0,0.088,5.955622533315791,5.9556225,0.13138362278947557,0.0,0.088,0.0,-0.0,0.0,1
2012-07-27 06:00:00+00:00,0.03678315,0.32917081977037504,0.03824619979125,0.0,0.099,5.903517270157896,5.9035173,0.14056163331579086,0.0,0.099,0.0,-0.0,0.0,1
2012-07-27 06:30:00+00:00,0.03937845,0.33213920063362506,0.04094472784875,0.0,0.318,5.736148849105264,5.7361488,0.14237587015789632,0.0,0.318,0.0,-0.0,0.0,1
2012-07-27 07:00:00+00:00,0.04959975,0.343829838061875,0.05157258005625,0.0,0.438,5.50562253331579,5.5056225,0.13608014910526478,0.0,0.438,0.0,-0.0,0.0,1
2012-07-27 07:30:00+00:00,0.0414756,0.334537821189,0.043125291989999995,0.019,0.661,5.167727796473685,5.1677278,0.12518433331579004,0.0,0.642,0.0,-0.0,0.0,1
2012-07-27 08:00:00+00:00,0.0498765,0.34414637156625005,0.051860337787499995,0.066,0.309,5.03983305963158,5.0398331,0.11264539647368554,0.0,0.243,0.0,-0.0,0.0,1
2012-07-27 08:30:00+00:00,0.0499872,0.344272984968,0.05197544088,0.121,0.342,4.923517270157896,4.9235173,0.10128915963158036,0.0,0.221,2.7755575615628914e-17,0.0,4.7777474333488004e-18,1
2012-07-27 09:00:00+00:00,0.0388557,0.33154130401425,0.040401185467499996,0.173,0.218,4.899833059631581,4.8998331,0.0931513701578961,0.0,0.045,1.3877787807814457e-17,0.0,2.3005299333179326e-18,1
2012-07-27 09:30:00+00:00,0.03950145,0.33227988219112503,0.04107262017375,0.219,0.165,4.92548305963158,4.9254831,0.0890536596315803,0.054,0.0,0.0,-0.0,0.0,1
2012-07-27 10:00:00+00:00,0.0373797,0.32985312532425004,0.0388664775675,0.262,0.193,4.95825805963158,4.9582581,0.0885181596315805,0.069,0.0,0.0,-0.0,0.0,1
2012-07-27 10:30:00+00:00,0.0342924,0.32632201823100004,0.03565638021,0.285,0.192,5.0024330596315805,5.0024331,0.09003565963158078,0.093,0.0,5.551115123125783e-17,0.0,9.057255452055159e-18,1
2012-07-27 11:00:00+00:00,0.03443385,0.146083802022125,0.03580345638375,0.301,0.232,5.0352080596315805,5.0352081,0.09160875963158066,0.069,0.0,5.551115123125783e-17,0.0,4.054640013243655e-18,1
2012-07-27 11:30:00+00:00,0.03447075,0.14612600648937502,0.03584182408125,0.302,0.189,5.088883059631581,5.0888831,0.0914165596315808,0.113,0.0,0.0,-0.0,0.0,1
2012-07-27 12:00:00+00:00,0.0343662,0.1460064271655,0.035733115605,0.26,0.239,5.0988580596315805,5.0988581,0.08842035963158068,0.021,0.0,0.0,-0.0,0.0,1
2012-07-27 12:30:00+00:00,0.0344646,0.1461189724115,0.03583542946499999,0.042,0.214,5.008331743842107,5.0083317,0.08274195963158082,0.0,0.172,0.0,-0.0,0.0,1
2012-07-27 13:00:00+00:00,0.0339603,0.14554217802575,0.0353110709325,0.033,0.192,4.924647533315792,4.9246475,0.07570934384210748,0.0,0.159,0.0,-0.0,0.0,1
2012-07-27 13:30:00+00:00,0.03378195,0.14533818976737498,0.03512562706124999,0.048,0.201,4.844121217526318,4.8441212,0.06955453331579164,0.0,0.153,2.7755575615628914e-17,0.0,2.0169725579635003e-18,1
2012-07-27 14:00:00+00:00,0.0330009,0.14444486187724997,0.034313510797499995,0.081,0.212,4.775173849105266,4.7751738,0.06683901752631805,0.0,0.131,0.0,-0.0,0.0,1
2012-07-27 14:30:00+00:00,0.03276105,0.144170532840125,0.03406412076375,0.152,0.237,4.730437007000003,4.730437,0.06975844910526607,0.0,0.085,0.0,1.3877787807814457e-17,-2.363673199095445e-19,1
2012-07-27 15:00:00+00:00,0.0325335,0.14391027195875,0.0338275199625,0.185,0.15,4.747062007000003,4.747062,0.07950900700000219,0.035,0.0,0.0,-0.0,0.0,1
2012-07-27 15:30:00+00:00,0.03390495,0.145478871324875,0.03525351938625,0.065,0.174,4.689693585947372,4.6896936,0.09588390700000282,0.0,0.109,0.0,1.3877787807814457e-17,-2.4462043076052543e-19,1
2012-07-27 16:00:00+00:00,0.03396645,0.145549212103625,0.035317465548749996,0.04,1.032,4.167588322789477,4.1675883,0.11720868594737155,0.0,0.992,0.0,-0.0,0.0,1
2012-07-27 16:30:00+00:00,0.0350181,0.14675203942025,0.0364109449275,0.012,0.594,3.861272533315793,3.8612725,0.14063672278947692,0.0,0.582,0.0,-0.0,0.0,1
2012-07-27 17:00:00+00:00,0.0331977,0.14466995236925,0.0345181385175,0.004,1.328,3.164430428052635,3.1644304,0.16273153331579282,0.0,1.324,0.0,-0.0,0.0,1
2012-07-27 17:30:00+00:00,0.03408945,0.145689893661125,0.03544535787375,0.0,1.291,2.4849567438421087,2.4849567,0.18019132805263505,0.0,1.291,0.0,-0.0,0.0,1
2012-07-27 18:00:00+00:00,0.03893565,0.15123274702662498,0.04048431547875,0.0,0.65,2.142851480684214,2.1428515,0.1905340438421086,0.0,0.65,0.0,-0.0,0.0,1
2012-07-27 18:30:00+00:00,0.0387819,0.15105689507975,0.0403244500725,0.0,0.306,1.9817988491052667,1.9817988,0.19257508068421414,0.0,0.306,0.0,-0.0,0.0,1
2012-07-27 19:00:00+00:00,0.03929235,0.151640723543375,0.04085520322124999,0.0,0.554,1.6902199017368456,1.6902199,0.1865857491052667,0.0,0.554,0.0,-0.0,0.0,1
2012-07-27 19:30:00+00:00,0.03571305,0.147546890220125,0.03713353656375,0.0,0.426,1.566039285947372,1.5660393,0.12418060173684564,0.0,0.23594317,0.19005682999999998,0.0,0.014021147115797477,1
2012-07-27 20:00:00+00:00,0.0341448,0.145753200362,0.035502909420000006,0.0,0.347,1.566039285947372,1.5660393,1.4052627950178476e-08,0.0,0.0,0.347,0.0,0.025288180262807,1
2012-07-27 20:30:00+00:00,0.0420537,0.15479902450925,0.0437263859175,0.0,0.299,1.4086708648947404,1.4086709,0.138735185947372,0.0,0.299,0.0,-0.0,0.0,1
2012-07-27 21:00:00+00:00,0.03867735,0.15093731575587502,0.04021574159624999,0.0,0.967,1.1335547385789508,1.1335547,0.12141406489474038,0.0,0.52272064,0.44427936,0.0,0.03352916702206903,1
2012-07-27 21:30:00+00:00,0.03670935,0.148686410835875,0.03816946439625,0.0,0.295,1.1335547385789508,1.1335547,3.8578950922740773e-08,0.0,0.0,0.295,0.0,0.02193124559829156,1
2012-07-27 22:00:00+00:00,0.03388035,0.145450735013375,0.03522794092124999,0.0,0.568,1.1335547385789508,1.1335547,3.8578950922740773e-08,0.0,0.0,0.568,0.0,0.041308008743798495,1
2012-07-27 22:30:00+00:00,0.04082985,0.153399243012125,0.04245385728375,0.0,0.224,1.0156600017368456,1.01566,0.0788409385789508,0.0,0.224,0.0,-0.0,0.0,1
2012-07-27 23:00:00+00:00,0.03603285,0.14791266226962502,0.03746605660874999,0.0,0.093,1.0156600017368456,1.01566,1.7368455562660756e-09,0.0,0.0,0.093,0.0,0.006877938795537563,1
2012-07-27 23:30:00+00:00,0.0399504,0.152393369876,0.041539427159999996,0.0,0.076,1.0000000001578981,1.0,0.015660001736845564,0.0,0.029754003,0.046245997,0.0,0.0035237916630526927,1
2012-07-28 00:00:00+00:00,0.03801315,0.100677635345375,0.03952512304125,0.0,0.161,1.0000000001578981,1.0,1.5789813900823901e-10,0.0,0.0,0.161,0.0,0.008104549645302687,1
2012-07-28 00:30:00+00:00,0.03745965,0.10004456833662499,0.03894960757874999,0.0,0.125,1.0000000001578981,1.0,1.5789813900823901e-10,0.0,0.0,0.125,0.0,0.006252785521039062,1
2012-07-28 01:00:00+00:00,0.0363711,0.09879953655275002,0.0378177605025,0.0,0.161,1.0000000001578981,1.0,1.5789813900823901e-10,0.0,0.0,0.161,0.0,0.007953362692496376,1
2012-07-28 01:30:00+00:00,0.0353379,0.09761781146975,0.036743464972499994,0.0,0.211,1.061821254907898,1.0618213,0.06182129984210194,0.13015001,0.0,0.34115001,0.0,0.016651158679541665,1
2012-07-28 02:00:00+00:00,0.03336375,0.09535987247187501,0.03469079315625,0.0,0.097,1.774321254907898,1.7743213,0.712500045092102,1.5,0.0,1.597,0.0,0.0761448581687922,1
2012-07-28 02:30:00+00:00,0.03380655,0.095866326078875,0.03515120552624999,0.0,0.081,2.486821254907898,2.4868213,0.712500045092102,1.5,0.0,1.581,0.0,0.0757823307653507,1
2012-07-28 03:00:00+00:00,0.0342186,0.09633760929650001,0.035579644815000006,0.0,0.101,3.1993212549078978,3.1993213,0.712500045092102,1.5,0.0,1.601,0.0,0.07711825624184826,1
2012-07-28 03:30:00+00:00,0.03411405,0.096218029972625,0.035470936338749995,0.0,0.114,3.9118212549078977,3.9118213,0.7125000450921024,1.5,0.0,1.614,0.0,0.07764795018790839,1
2012-07-28 04:00:00+00:00,0.0326934,0.0945931579835,0.03399377998499999,0.0,0.072,4.624321254907898,4.6243213,0.7125000450921024,1.5,0.0,1.572,0.0,0.074350222175031,1
2012-07-28 04:30:00+00:00,0.03085455,0.092489968698875,0.03208178972625,0.0,0.069,5.336821254907898,5.3368213,0.7125000450921029,1.5,0.0,1.569,0.0,0.07255838044426743,1
2012-07-28 05:00:00+00:00,0.0314634,0.32308634240850004,0.032714856735000006,0.0,0.109,5.279452833855267,5.2794528,0.12299275490789796,0.0,0.109,0.0,-0.0,0.0,1
2012-07-28 05:30:00+00:00,0.03207225,0.32378271611812504,0.033347923743749994,0.0,0.095,5.229452833855267,5.2294528,0.13864903385526706,0.0,0.095,0.0,-0.0,0.0,1
2012-07-28 06:00:00+00:00,0.03209685,0.32381085242962504,0.033373502208749996,0.0,0.083,5.185768623328951,5.1857686,0.14733513385526642,0.0,0.083,0.0,-0.0,0.0,1
2012-07-28 06:30:00+00:00,0.03385575,0.325822598701875,0.03520236245624999,0.0,0.114,5.125768623328951,5.1257686,0.14865402332895084,0.0,0.114,0.0,-0.0,0.0,1
2012-07-28 07:00:00+00:00,0.0340341,0.32602658696025005,0.0353878063275,0.0,0.069,5.089452833855267,5.0894528,0.14189112332895082,0.0,0.069,0.0,-0.0,0.0,1
2012-07-28 07:30:00+00:00,0.0335544,0.325477928886,0.03488902625999999,0.024,0.135,5.031031781223688,5.0310318,0.13054153385526757,0.0,0.111,1.3877787807814457e-17,0.0,2.258456816603416e-18,1
2012-07-28 08:00:00+00:00,0.0350919,0.32723644835475,0.0364876803225,0.079,0.295,4.917347570697372,4.9173476,0.11756078122368763,0.0,0.216,0.0,2.7755575615628914e-17,-5.06368285115022e-19,1
2012-07-28 08:30:00+00:00,0.0360759,0.32836190081475,0.037510818922499994,0.133,0.553,4.696294939118425,4.6962949,0.10577087069737257,0.0,0.42,5.551115123125783e-17,0.0,9.113873567355434e-18,1
2012-07-28 09:00:00+00:00,0.03802545,0.33059170350112504,0.03953791227375,0.184,0.254,4.6594528338552665,4.6594528,0.09720283911842476,0.0,0.07,0.0,-0.0,0.0,1
2012-07-28 09:30:00+00:00,0.03870195,0.331365452067375,0.040241320061249995,0.231,0.239,4.655242307539477,4.6552423,0.09267293385526632,0.0,0.008,0.0,2.0816681711721685e-17,-4.1884537568728084e-19,1
2012-07-28 10:00:00+00:00,0.03634035,0.328664366163375,0.03778578742125,0.262,0.225,4.672817307539477,4.6728173,0.09169950753947731,0.037,0.0,0.0,-0.0,0.0,1
2012-07-28 10:30:00+00:00,0.03688155,0.32928336501637506,0.03834851365125,0.285,0.286,4.672290991750003,4.672291,0.09277110753947682,0.0,0.001,8.673617379884035e-19,0.0,1.4280389588563648e-19,1
2012-07-28 11:00:00+00:00,0.0352641,0.14703340253525,0.036666729577499994,0.305,0.365,4.640712044381583,4.640712,0.09389009175000318,0.0,0.06,0.0,-0.0,0.0,1
2012-07-28 11:30:00+00:00,0.034563,0.1462315176575,0.035937743325,0.318,0.374,4.611238360171056,4.6112384,0.09323774438158239,0.0,0.056,0.0,6.938893903907228e-18,-1.246840940390126e-19,1
2012-07-28 12:00:00+00:00,0.0342309,0.14585167745225,0.0355924340475,0.255,1.249,4.0880804654342136,4.0880805,0.08977856017105612,0.0,0.994,1.1102230246251565e-16,0.0,8.096394524384487e-18,1
2012-07-28 12:30:00+00:00,0.03373275,0.145281917144375,0.03507447013125,0.028,0.343,3.922290991750003,3.922291,0.08363786543421359,0.0,0.315,0.0,-0.0,0.0,1
2012-07-28 13:00:00+00:00,0.03217065,0.143495261364125,0.033450237603749995,0.028,0.353,3.7512383601710555,3.7512384,0.0761470917500029,0.0,0.325,0.0,5.551115123125783e-17,-9.284305991716367e-19,1
2012-07-28 13:30:00+00:00,0.0320907,0.14340381835175,0.0333671075925,0.105,0.218,3.6917646759605294,3.6917647,0.06954066017105553,0.0,0.113,0.0,-0.0,0.0,1
2012-07-28 14:00:00+00:00,0.03169095,0.142946603289875,0.03295145753625,0.258,0.244,3.6984146759605294,3.6984147,0.06638137596052918,0.014,0.0,0.0,-0.0,0.0,1
2012-07-28 14:30:00+00:00,0.03110055,0.142271331813875,0.03233757437625,0.24,0.235,3.700789675960529,3.7007897,0.06886557596052922,0.005,0.0,0.0,-0.0,0.0,1
2012-07-28 15:00:00+00:00,0.03204765,0.14335457980662497,0.03332234527874999,0.2,0.15,3.7245396759605294,3.7245397,0.07818997596052935,0.05,0.0,0.0,-0.0,0.0,1
2012-07-28 15:30:00+00:00,0.0327795,0.14419163507375,0.0340833046125,0.106,0.345,3.5987502022763187,3.5987502,0.09414907596052924,0.0,0.239,0.0,-0.0,0.0,1
2012-07-28 16:00:00+00:00,0.0335667,0.14509199704175,0.034901815492499995,0.049,0.163,3.5387502022763186,3.5387502,0.11507070227631866,0.0,0.114,0.0,-0.0,0.0,1
2012-07-28 16:30:00+00:00,0.03417555,0.145788370751375,0.03553488250125,0.003,0.45,3.3034870443815816,3.303487,0.13811230227631865,0.0,0.447,0.0,-0.0,0.0,1
2012-07-28 17:00:00+00:00,0.0352149,0.14697712991225,0.0366155726475,0.001,0.501,3.0403291496447395,3.0403291,0.15984274438158153,0.0,0.5,0.0,-0.0,0.0,1
2012-07-28 17:30:00+00:00,0.0359283,0.14779308294575,0.0373573481325,0.0,0.247,2.9103291496447397,2.9103291,0.17696614964473945,0.0,0.247,0.0,-0.0,0.0,1
2012-07-28 18:00:00+00:00,0.04289625,0.155762693178125,0.04460244834374999,0.0,0.602,2.5934870443815816,2.593487,0.1870063496447396,0.0,0.602,0.0,-0.0,0.0,1
2012-07-28 18:30:00+00:00,0.04833285,0.161980818019625,0.05025528910874999,0.0,0.353,2.407697570697371,2.4076976,0.18878304438158144,0.0,0.353,0.0,-0.0,0.0,1
2012-07-28 19:00:00+00:00,0.04327755,0.156198806006375,0.04499891455125,0.0,0.327,2.235592307539476,2.2355923,0.18257027069737086,0.0,0.327,0.0,-0.0,0.0,1
2012-07-28 19:30:00+00:00,0.03909555,0.15141563305137498,0.04065057550125,0.0,0.46,1.9934870443815813,1.993487,0.16929010753947615,0.0,0.46,0.0,-0.0,0.0,1
2012-07-28 20:00:00+00:00,0.038745,0.1510146906125,0.040286082375,0.0,0.467,1.7476975706973708,1.7476976,0.1523116443815813,0.0,0.467,0.0,-0.0,0.0,1
2012-07-28 20:30:00+00:00,0.04130955,0.15394790108637502,0.042952637351249996,0.0,0.344,1.5666449391184234,1.5666449,0.13428897069737067,0.0,0.344,0.0,-0.0,0.0,1
2012-07-28 21:00:00+00:00,0.0401964,0.15267473299099998,0.041795211809999996,0.0,0.322,1.3971712549078972,1.3971713,0.11687993911842343,0.0,0.322,0.0,-0.0,0.0,1
2012-07-28 21:30:00+00:00,0.03635265,0.14827843431912502,0.03779857665375,0.0,0.248,1.2666449391184236,1.2666449,0.10076555490789718,0.0,0.248,0.0,-0.0,0.0,1
2012-07-28 22:00:00+00:00,0.03533175,0.147110777391875,0.03673707035625,0.0,0.241,1.1866654549078972,1.1866655,0.07997943911842365,0.0,0.15196102,0.08903897999999999,0.0,0.0065492967829898045,1
2012-07-28 22:30:00+00:00,0.03881265,0.15109206546912501,0.040356423153749994,0.0,0.236,1.0624549285921077,1.0624549,0.07420235490789717,0.0,0.236,0.0,-0.0,0.0,1
2012-07-28 23:00:00+00:00,0.0366786,0.14865124044650002,0.038137491315,0.0,0.187,1.0501152691184235,1.0501153,0.012339628592107577,0.0,0.023445353,0.163554647,0.0,0.012156300578669716,1
2012-07-28 23:30:00+00:00,0.0375396,0.14963601134899998,0.03903273759,0.0,0.22,1.000000000171055,1.0,0.050115269118423456,0.0,0.095219011,0.124780989,0.0,0.00933586474307172,1
2012-07-29 00:00:00+00:00,0.03634035,0.09876436616337503,0.03778578742125,0.0,0.153,1.000000000171055,1.0,1.710549479838619e-10,0.0,0.0,0.153,0.0,0.007555474011498189,1
2012-07-29 00:30:00+00:00,0.03504885,0.09728720980962502,0.03644291800875,0.0,0.124,1.000000000171055,1.0,1.710549479838619e-10,0.0,0.0,0.124,0.0,0.006031807008196752,1
2012-07-29 01:00:00+00:00,0.0351411,0.09739272097775001,0.036538837252500005,0.0,0.099,1.000000000171055,1.0,1.710549479838619e-10,0.0,0.0,0.099,0.0,0.004820939688398625,1
2012-07-29 01:30:00+00:00,0.03469215,0.096879233292875,0.03607203026624999,0.0,0.08,1.106738969671055,1.106739,0.10673899982894497,0.22471362,0.0,0.30471362,0.0,0.014760210939748232,1
2012-07-29 02:00:00+00:00,0.03370815,0.095753780832875,0.03504889166625,0.0,0.073,1.819238969671055,1.819239,0.712500030328945,1.5,0.0,1.573,0.0,0.07531034862505619,1
2012-07-29 02:30:00+00:00,0.0342432,0.09636574560800001,0.035605223279999994,0.0,0.099,2.531738969671055,2.531739,0.712500030328945,1.5,0.0,1.599,0.0,0.07704441361359601,1
2012-07-29 03:00:00+00:00,0.033825,0.0958874283125,0.035170389375,0.0,0.107,3.2442389696710547,3.244239,0.712500030328945,1.5,0.0,1.607,0.0,0.07704554864909374,1
2012-07-29 03:30:00+00:00,0.0324597,0.09432586302425003,0.033750784567500004,0.0,0.08,3.9567389696710547,3.956739,0.712500030328945,1.5,0.0,1.58,0.0,0.07451743178915753,1
2012-07-29 04:00:00+00:00,0.03161715,0.093362194355375,0.03287472214124999,0.0,0.08,4.669238969671055,4.669239,0.7125000303289455,1.5,0.0,1.58,0.0,0.07375613354074625,1
2012-07-29 04:30:00+00:00,0.0321399,0.09396009097475001,0.0334182645225,0.0,0.091,5.381738969671055,5.381739,0.712500030328945,1.5,0.0,1.591,0.0,0.07474525237041363,1
2012-07-29 05:00:00+00:00,0.03321615,0.3250910546028751,0.03453732236625,0.0,0.241,5.254896864407897,5.2548969,0.1201857696710551,0.0,0.241,0.0,-0.0,0.0,1
2012-07-29 05:30:00+00:00,0.0314142,0.32303006978550003,0.032663699805,0.0,0.094,5.2054231801973705,5.2054232,0.1361005644078972,0.0,0.094,0.0,-0.0,0.0,1
2012-07-29 06:00:00+00:00,0.03121125,0.32279794521562505,0.032452677468749996,0.0,0.114,5.145423180197371,5.1454232,0.14505508019737068,0.0,0.114,0.0,-0.0,0.0,1
2012-07-29 06:30:00+00:00,0.0321153,0.32383195466325004,0.033392686057499996,0.0,0.091,5.097528443355266,5.0975284,0.1466556801973713,0.0,0.091,0.0,-0.0,0.0,1
2012-07-29 07:00:00+00:00,0.03311775,0.324978509356875,0.034435008506249996,0.0,0.157,5.0148968644078975,5.0148969,0.14021574335526577,0.0,0.157,0.0,-0.0,0.0,1
2012-07-29 07:30:00+00:00,0.03274875,0.32455646468437505,0.03405133153125,0.027,0.289,4.877002127565793,4.8770021,0.12921206440789756,0.0,0.262,0.0,5.551115123125783e-17,-9.451143071284584e-19,1
2012-07-29 08:00:00+00:00,0.0345138,0.32657524503450003,0.035886586394999996,0.081,0.594,4.607002127565792,4.6070021,0.1165953275657925,0.0,0.513,0.0,-0.0,0.0,1
2012-07-29 08:30:00+00:00,0.0341694,0.3261813366735001,0.035528487885,0.135,0.226,4.559107390723687,4.5591074,0.10518022756579182,0.0,0.091,0.0,-0.0,0.0,1
2012-07-29 09:00:00+00:00,0.03605745,0.328340798581125,0.037491635073749995,0.189,0.227,4.539107390723688,4.5391074,0.09698929072368756,0.0,0.038,6.938893903907228e-18,0.0,1.1391609828392998e-18,1
2012-07-29 09:30:00+00:00,0.03813615,0.330718316902875,0.03965301536625,0.231,0.3,4.502791601250004,4.5027916,0.09283029072368798,0.0,0.069,0.0,2.7755575615628914e-17,-5.502961331928236e-19,1
2012-07-29 10:00:00+00:00,0.0379332,0.33048619233300003,0.03944199303,0.26,0.381,4.439107390723688,4.4391074,0.09221360125000366,0.0,0.121,0.0,-0.0,0.0,1
2012-07-29 10:30:00+00:00,0.03769335,0.33021186329587504,0.03919260299625,0.285,0.316,4.422791601250004,4.4227916,0.09362249072368822,0.0,0.031,2.7755575615628914e-17,0.0,4.582610170443189e-18,1
2012-07-29 11:00:00+00:00,0.03813615,0.150318316902875,0.03965301536625,0.306,0.464,4.422791601250004,4.4227916,1.2500036561391425e-09,0.0,0.0,0.15800000000000003,0.0,0.011875147035327127,1
2012-07-29 11:30:00+00:00,0.0374535,0.14953753425875002,0.0389432129625,0.304,1.605,4.422791601250004,4.4227916,1.2500036561391425e-09,0.0,0.0,1.301,0.0,0.09727416603531688,1
2012-07-29 12:00:00+00:00,0.0359898,0.1478634237245,0.037421294295000004,0.301,0.517,4.422791601250004,4.4227916,1.2500036561391425e-09,0.0,0.0,0.21600000000000003,0.0,0.015969249762246004,1
2012-07-29 12:30:00+00:00,0.0350796,0.146822380199,0.03647489109,0.086,0.176,4.422791601250004,4.4227916,1.2500036561391425e-09,0.0,0.0,0.09,0.0,0.006607007108955,1
2012-07-29 13:00:00+00:00,0.0352518,0.14701933437950002,0.036653940345,0.093,0.316,4.422791601250004,4.4227916,1.2500036561391425e-09,0.0,0.0,0.223,0.0,0.016392655783314253,1
2012-07-29 13:30:00+00:00,0.03449535,0.146154142800875,0.03586740254625,0.098,0.751,4.422791601250004,4.4227916,1.2500036561391425e-09,0.0,0.0,0.653,0.0,0.047719327624485684,1
2012-07-29 14:00:00+00:00,0.0344769,0.14613304056725002,0.035848218697499996,0.046,0.482,4.422791601250004,4.4227916,1.2500036561391425e-09,0.0,0.0,0.436,0.0,0.031857002843660505,1
2012-07-29 14:30:00+00:00,0.03444,0.14609083609999998,0.035809851,0.054,0.655,4.740070943500004,4.7400709,0.3172792987499964,0.66795651,0.0,1.26895651,0.0,0.09269145876021899,1
2012-07-29 15:00:00+00:00,0.03445845,0.146111938333625,0.035829034848750003,0.12,0.348,5.057350285750004,5.0573503,4.350000359920614e-08,0.66795651,0.0,0.8959565100000001,0.0,0.06545497116936495,1
2012-07-29 15:30:00+00:00,0.0346737,0.14635813105925,0.0360528464175,0.132,0.28,5.374629628000004,5.3746296,1.4249996738158188e-08,0.66795651,0.0,0.81595651,0.0,0.059710934914614114,1
2012-07-29 16:00:00+00:00,0.03685695,0.148855228704875,0.03832293518625,0.07,0.325,5.374629628000004,5.3746296,2.8000004093087227e-08,0.0,0.0,0.255,0.0,0.018979041659871562,1
2012-07-29 16:30:00+00:00,0.04052235,0.153047539118375,0.04213412647125,0.002,0.263,5.374629628000004,5.3746296,2.8000004093087227e-08,0.0,0.0,0.261,0.0,0.019972703854947937,1
2012-07-29 17:00:00+00:00,0.0446736,0.157795541684,0.04645049244,0.001,0.866,5.374629628000004,5.3746296,2.8000004093087227e-08,0.0,0.0,0.865,0.0,0.06824657177833,1
2012-07-29 17:30:00+00:00,0.04028865,0.152780244159125,0.041891131053749996,0.0,0.379,5.374629628000004,5.3746296,2.8000004093087227e-08,0.0,0.0,0.379,0.0,0.028951856268154188,1
2012-07-29 18:00:00+00:00,0.06819735,0.18470088955587502,0.07090989959625,0.0,0.283,5.225682259578951,5.2256823,0.189815528000004,0.0,0.283,0.0,-0.0,0.0,1
2012-07-29 18:30:00+00:00,0.0773916,0.195216835979,0.08046985088999999,0.0,0.427,5.000945417473688,5.0009454,0.1915228595789511,0.0,0.427,0.0,-0.0,0.0,1
2012-07-29 19:00:00+00:00,0.07482705,0.192283625505125,0.07780329591375,0.0,0.374,4.804103312210531,4.8041033,0.18522641747368862,0.0,0.374,0.0,-0.0,0.0,1
2012-07-29 19:30:00+00:00,0.06155535,0.177104085450875,0.06400371404625,0.0,0.626,4.474629628000004,4.4746296,0.17185631221053121,0.0,0.626,0.0,-0.0,0.0,1
2012-07-29 20:00:00+00:00,0.05044845,0.164400540808625,0.05245503709875,0.0,0.329,4.3014717332631625,4.3014717,0.1547634280000043,0.0,0.329,0.0,-0.0,0.0,1
2012-07-29 20:30:00+00:00,0.05602035,0.170773415363375,0.05824855942124999,0.0,0.612,3.979366470105268,3.9793665,0.13659473326316274,0.0,0.612,0.0,-0.0,0.0,1
2012-07-29 21:00:00+00:00,0.04338825,0.15632541940812503,0.045114017643750004,0.0,0.318,3.811998049052636,3.811998,0.11900947010526775,0.0,0.318,0.0,-0.0,0.0,1
2012-07-29 21:30:00+00:00,0.0393231,0.15167589393275002,0.0408871763025,0.0,0.598,3.497261206947373,3.4972612,0.10269244905263619,0.0,0.598,0.0,-0.0,0.0,1
2012-07-29 22:00:00+00:00,0.03642645,0.148362843253625,0.03787531204875,0.0,0.23,3.3762085753684254,3.3762086,0.08839620694737294,0.0,0.23,0.0,-0.0,0.0,1
2012-07-29 22:30:00+00:00,0.03573765,0.14757502653162502,0.037159115028749995,0.0,0.129,3.30831383852632,3.3083138,0.0756135753684255,0.0,0.129,0.0,-0.0,0.0,1
2012-07-29 23:00:00+00:00,0.0353625,0.14714594778125,0.036769043437499996,0.0,0.144,3.2325243648421096,3.2325244,0.06344583852632013,0.0,0.144,0.0,-0.0,0.0,1
2012-07-29 23:30:00+00:00,0.0356577,0.14748358351925,0.0370759850175,0.0,0.176,3.139892785894741,3.1398928,0.05086966484210942,0.0,0.176,0.0,-0.0,0.0,1
2012-07-30 00:00:00+00:00,0.0341817,0.09629540482925002,0.035541277117500006,0.0,0.205,3.139892785894741,3.1398928,0.092631614105259,0.0,0.0,0.205,0.0,0.009870278994998127,1
