Timestamp,Price_SMP,Buy_Rate_USD_kWh,Sell_Rate_USD_kWh,Solar_Gen,Consumption,SoC_kWh,SoC_Planned,SoC_Deviation,Charge_kW,Discharge_kW,Buy_kW,Sell_kW,Step_Cost_USD,Reoptimized
2012-06-30 00:30:00+00:00,0.019557,0.0795683676425,0.020334879675,0.0,0.116,4.9389473684210525,4.9389474,0.0,0.0,0.116,0.0,-0.0,0.0,1
2012-06-30 01:00:00+00:00,0.0191019,0.07904784587975,0.0198616780725,0.0,0.077,4.898421052631579,4.8984211,0.040526268421052336,0.0,0.077,0.0,-0.0,0.0,1
2012-06-30 01:30:00+00:00,0.0182901,0.07811934760025001,0.0190175887275,0.0,0.132,4.828947368421053,4.8289474,0.06947365263157934,0.0,0.132,0.0,-0.0,0.0,1
2012-06-30 02:00:00+00:00,0.01545495,0.074876637699875,0.01606967063625,0.0,0.088,4.828947368421053,4.8289474,3.157894656879989e-08,0.0,0.0,0.088,0.0,0.0032945720587945,1
2012-06-30 02:30:00+00:00,0.0112791,0.07010049882275,0.011727726202499998,0.0,0.115,5.150000001421053,5.15,0.32105263157894726,0.67590028,0.0,0.79090028,0.0,0.027721252073526326,1
2012-06-30 03:00:00+00:00,0.0105534,0.0692704776335,0.010973161484999997,0.0,0.114,5.862500001421052,5.8625,0.7124999985789469,1.5,0.0,1.614,0.0,0.0559012754502345,1
2012-06-30 03:30:00+00:00,0.01114995,0.069952783187375,0.01159343926125,0.0,0.149,6.575000001421053,6.575,0.7124999985789477,1.5,0.0,1.649,0.0,0.057676069737990686,1
2012-06-30 04:00:00+00:00,0.01064565,0.06937598880162502,0.011069080728749998,0.0,0.085,7.287500001421053,7.2875,0.7124999985789469,1.5,0.0,1.585,0.0,0.054980471125287825,1
2012-06-30 04:30:00+00:00,0.0095325,0.06810282070625,0.009911655187499998,0.0,0.128,8.0,8.0,0.7124999985789469,1.5,0.0,1.6280000000000001,0.0,0.055435696054887504,1
2012-06-30 05:00:00+00:00,0.0081918,0.29646939172950004,0.008517628845,0.0,0.089,7.953157894736842,7.9531579,0.04684210000000011,0.0,0.089,0.0,-0.0,0.0,1
2012-06-30 05:30:00+00:00,0.0119925,0.30081645185625006,0.012469501687499999,0.0,0.114,7.893157894736842,7.8931579,0.0599999947368417,0.0,0.114,0.0,-0.0,0.0,1
2012-06-30 06:00:00+00:00,0.01367145,0.3027367551161251,0.01421523192375,0.0,0.063,7.86,7.86,0.03315789473684205,0.0,0.063,0.0,-0.0,0.0,1
2012-06-30 06:30:00+00:00,0.01389285,0.302989981919625,0.01444543810875,0.0,0.12,7.796842105263158,7.7968421,0.06315790000000021,0.0,0.12,0.0,-0.0,0.0,1
2012-06-30 07:00:00+00:00,0.0148953,0.30413653661325,0.015487760557499999,0.0,0.407,7.582631578947368,7.5826316,0.214210505263158,0.0,0.407,0.0,-0.0,0.0,1
2012-06-30 07:30:00+00:00,0.0171954,0.30676728173850004,0.017879347034999996,0.0,0.459,7.341052631578948,7.3410526,0.24157897894736813,0.0,0.459,0.0,-0.0,0.0,1
2012-06-30 08:00:00+00:00,0.018204,0.30792087051,0.0189280641,0.037,0.264,7.221578947368421,7.2215789,0.1194737315789478,0.0,0.227,0.0,-0.0,0.0,1
2012-06-30 08:30:00+00:00,0.0197415,0.30967938997875005,0.0205267181625,0.094,0.125,7.205263157894737,7.2052632,0.016315747368421007,0.0,0.031,0.0,-0.0,0.0,1
2012-06-30 09:00:00+00:00,0.0208485,0.31094552399625003,0.021677749087499996,0.132,0.164,7.188421052631579,7.1884211,0.016842057894736584,0.0,0.032,0.0,-0.0,0.0,1
2012-06-30 09:30:00+00:00,0.0212544,0.31140977313600005,0.022099793759999996,0.159,0.084,7.224046052631579,7.2240461,0.03562504736842076,0.075,0.0,0.0,-0.0,0.0,1
2012-06-30 10:00:00+00:00,0.0207747,0.31086111506175,0.021601013692499997,0.209,0.093,7.279146052631579,7.2791461,0.055100047368421556,0.116,0.0,2.7755575615628914e-17,0.0,4.314064592527561e-18,1
2012-06-30 10:30:00+00:00,0.0196431,0.30956684473275003,0.0204244043025,0.248,0.148,7.326646052631579,7.3266461,0.04750004736842062,0.1,0.0,0.0,-0.0,0.0,1
2012-06-30 11:00:00+00:00,0.0194463,0.12894175424075,0.020219776582499998,0.277,0.114,7.404071052631579,7.4040711,0.07742504736842104,0.163,0.0,0.0,-0.0,0.0,1
2012-06-30 11:30:00+00:00,0.02021505,0.129821013975125,0.02101910361375,0.286,0.242,7.424971052631579,7.4249711,0.020900047368420438,0.044,0.0,0.0,-0.0,0.0,1
2012-06-30 12:00:00+00:00,0.0196677,0.12919498104425,0.0204499827675,0.142,0.178,7.406023684210527,7.4060237,0.018947352631578873,0.0,0.036,6.938893903907228e-18,0.0,4.4823513319167815e-19,1
2012-06-30 12:30:00+00:00,0.0190404,0.12847750510099998,0.019797731909999998,0.015,0.288,7.262339473684211,7.2623395,0.1436841842105263,0.0,0.273,0.0,5.551115123125783e-17,-5.494974450459544e-19,1
2012-06-30 13:00:00+00:00,0.0184746,0.12783036993650002,0.019209427214999998,0.019,0.393,7.065497368421053,7.0654974,0.19684207368421092,0.0,0.374,0.0,-0.0,0.0,1
2012-06-30 13:30:00+00:00,0.01866525,0.128048426350625,0.01940766031875,0.017,0.295,6.919181578947369,6.9191816,0.14631576842105343,0.0,0.278,0.0,5.551115123125783e-17,-5.386707834995063e-19,1
2012-06-30 14:00:00+00:00,0.0198645,0.12942007153625001,0.0206546104875,0.083,0.419,6.742339473684211,6.7423395,0.17684207894736925,0.0,0.336,0.0,5.551115123125783e-17,-5.732806031971682e-19,1
2012-06-30 14:30:00+00:00,0.0195201,0.12902616317525,0.020296511977499997,0.191,0.139,6.767039473684211,6.7670395,0.024700026315788826,0.052,0.0,0.0,-0.0,0.0,1
2012-06-30 15:00:00+00:00,0.0200367,0.12961702571675,0.0208336597425,0.134,0.113,6.777014473684211,6.7770145,0.009975026315788504,0.021,0.0,0.0,-0.0,0.0,1
2012-06-30 15:30:00+00:00,0.0200121,0.12958888940525,0.0208080812775,0.069,0.544,6.527014473684211,6.5270145,0.24999997368421134,0.0,0.475,5.551115123125783e-17,0.0,3.596814218832789e-18,1
2012-06-30 16:00:00+00:00,0.0202212,0.129828048053,0.021025498230000002,0.019,0.372,6.3412250000000006,6.341225,0.18578947368421161,0.0,0.353,0.0,-0.0,0.0,1
2012-06-30 16:30:00+00:00,0.02293335,0.13293007639587498,0.02384552399625,0.006,0.33,6.170698684210527,6.1706987,0.17052630000000057,0.0,0.324,0.0,-0.0,0.0,1
2012-06-30 17:00:00+00:00,0.02726295,0.137882067219875,0.02834733383625,0.001,0.451,5.93385657894737,5.9338566,0.23684208421052677,0.0,0.45,0.0,-0.0,0.0,1
2012-06-30 17:30:00+00:00,0.02936625,0.140287721853125,0.030534292593749998,0.0,0.257,5.798593421052633,5.7985934,0.13526317894736994,0.0,0.257,0.0,-0.0,0.0,1
2012-06-30 18:00:00+00:00,0.0328164,0.144233839541,0.03412167231,0.0,0.337,5.621225000000002,5.621225,0.17736842105263317,0.0,0.337,0.0,-0.0,0.0,1
2012-06-30 18:30:00+00:00,0.0324105,0.14376959040124998,0.0336996276375,0.0,0.323,5.451225000000002,5.451225,0.1700000000000017,0.0,0.323,0.0,-0.0,0.0,1
2012-06-30 19:00:00+00:00,0.0291879,0.14008373359475002,0.030348848722499995,0.0,0.306,5.290172368421055,5.2901724,0.16105260000000143,0.0,0.306,0.0,-0.0,0.0,1
2012-06-30 19:30:00+00:00,0.0254979,0.13586328686975,0.0265120789725,0.0,0.298,5.133330263157896,5.1333303,0.15684206842105475,0.0,0.298,0.0,-0.0,0.0,1
2012-06-30 20:00:00+00:00,0.0254241,0.13577887793525,0.0264353435775,0.0,0.257,4.99806710526316,4.9980671,0.13526316315789622,0.0,0.257,0.0,-0.0,0.0,1
2012-06-30 20:30:00+00:00,0.0259284,0.136355672321,0.02695970211,0.0,0.182,4.902277631578949,4.9022776,0.0957895052631601,0.0,0.182,0.0,-0.0,0.0,1
2012-06-30 21:00:00+00:00,0.0259284,0.136355672321,0.02695970211,0.0,0.162,4.817014473684212,4.8170145,0.08526313157894894,0.0,0.162,0.0,-0.0,0.0,1
2012-06-30 21:30:00+00:00,0.02373285,0.133844506519625,0.02467682410875,0.0,0.326,4.645435526315791,4.6454355,0.1715789736842126,0.0,0.326,0.0,-0.0,0.0,1
2012-06-30 22:00:00+00:00,0.0270354,0.13762180633850002,0.028110733035,0.0,0.349,4.461751315789475,4.4617513,0.1836842263157905,0.0,0.349,0.0,-0.0,0.0,1
2012-06-30 22:30:00+00:00,0.0303318,0.1413920720795,0.031538247345,0.0,0.401,4.250698684210528,4.2506987,0.21105261578947498,0.0,0.401,0.0,-0.0,0.0,1
2012-06-30 23:00:00+00:00,0.02718915,0.137797658285375,0.028270598441249996,0.0,0.212,4.139119736842107,4.1391197,0.11157898421052792,0.0,0.212,0.0,-0.0,0.0,1
2012-06-30 23:30:00+00:00,0.02936625,0.140287721853125,0.030534292593749998,0.0,0.057,4.109119736842107,4.1091197,0.03000003684210739,0.0,0.057,0.0,-0.0,0.0,1
2012-07-01 00:00:00+00:00,0.03199845,0.093798307183625,0.03327118834875,0.0,0.091,4.109119736842107,4.1091197,3.684210714283154e-08,0.0,0.0,0.091,0.0,0.004267822976854937,1
2012-07-01 00:30:00+00:00,0.0350796,0.09732238019900001,0.03647489109,0.0,0.091,4.109119736842107,4.1091197,3.684210714283154e-08,0.0,0.0,0.091,0.0,0.0044281682990545005,1
2012-07-01 01:00:00+00:00,0.03301935,0.09496596411087499,0.034332694646249995,0.0,0.11,4.109119736842107,4.1091197,3.684210714283154e-08,0.0,0.0,0.11,0.0,0.005223128026098124,1
2012-07-01 01:30:00+00:00,0.0319431,0.09373500048275,0.0332136368025,0.0,0.065,4.437500000092107,4.4375,0.3283802631578929,0.69132687,0.0,0.7563268700000001,0.0,0.03544714976228341,1
2012-07-01 02:00:00+00:00,0.03205995,0.093868647962375,0.03333513451124999,0.0,0.064,4.437500000092107,4.4375,9.210676665816209e-11,0.0,0.0,0.064,0.0,0.003003796734796,1
2012-07-01 02:30:00+00:00,0.0291756,0.09056966543900001,0.030336059489999997,0.0,0.198,5.150000000092106,5.15,0.7124999999078936,1.5,0.0,1.698,0.0,0.076893645957711,1
2012-07-01 03:00:00+00:00,0.02827155,0.089535655991375,0.029396050901249995,0.0,0.115,5.862500000092107,5.8625,0.7124999999078936,1.5,0.0,1.615,0.0,0.0723000422130353,1
2012-07-01 03:30:00+00:00,0.02577465,0.086679820374125,0.026799836703749996,0.0,0.153,6.575000000092107,6.575,0.7124999999078936,1.5,0.0,1.653,0.0,0.07164087153921431,1
2012-07-01 04:00:00+00:00,0.0211683,0.08141129604575001,0.0220102691325,0.0,0.062,7.287500000092107,7.2875,0.7124999999078927,1.5,0.0,1.562,0.0,0.06358222221173077,1
2012-07-01 04:30:00+00:00,0.02878815,0.090126518532875,0.029933198666249994,0.0,0.061,8.0,8.0,0.7124999999078927,1.5,0.0,1.561,0.0,0.07034374771490894,1
2012-07-01 05:00:00+00:00,0.03078075,0.322305559764375,0.03200505433125,0.0,0.131,7.931052631578948,7.9310526,0.06894739999999988,0.0,0.131,0.0,-0.0,0.0,1
2012-07-01 05:30:00+00:00,0.03236745,0.32412035185612503,0.03365486532375,0.0,0.076,7.8910526315789475,7.8910526,0.04000003157894749,0.0,0.076,0.0,-0.0,0.0,1
2012-07-01 06:00:00+00:00,0.03164175,0.323290330666875,0.03290030060625,0.0,0.071,7.853684210526316,7.8536842,0.037368431578947536,0.0,0.071,0.0,-0.0,0.0,1
2012-07-01 06:30:00+00:00,0.0311559,0.32273463851475004,0.0323951259225,0.0,0.075,7.814210526315789,7.8142105,0.0394737105263161,0.0,0.075,0.0,-0.0,0.0,1
2012-07-01 07:00:00+00:00,0.03225675,0.323993738454375,0.03353976223125,0.0,0.09,7.766842105263158,7.7668421,0.047368426315789414,0.0,0.09,0.0,-0.0,0.0,1
2012-07-01 07:30:00+00:00,0.0322875,0.3240289088437501,0.033571735312499996,0.0,0.229,7.646315789473684,7.6463158,0.12052630526315777,0.0,0.229,0.0,-0.0,0.0,1
2012-07-01 08:00:00+00:00,0.0338496,0.325815564624,0.03519596784,0.003,0.233,7.525263157894737,7.5252632,0.1210525894736838,0.0,0.23,0.0,-0.0,0.0,1
2012-07-01 08:30:00+00:00,0.033948,0.32592810987000004,0.035298281699999996,0.013,0.615,7.2084210526315795,7.2084211,0.3168420578947373,0.0,0.602,0.0,-0.0,0.0,1
2012-07-01 09:00:00+00:00,0.03614355,0.328439275671375,0.03758115970125,0.026,0.794,6.80421052631579,6.8042105,0.40421055263157957,0.0,0.768,0.0,-0.0,0.0,1
2012-07-01 09:30:00+00:00,0.03720135,0.329649137065875,0.03868103369625,0.074,0.4,6.632631578947369,6.6326316,0.17157892631579053,0.0,0.326,0.0,-0.0,0.0,1
2012-07-01 10:00:00+00:00,0.037146,0.32958583036500005,0.03862348214999999,0.095,0.609,6.362105263157895,6.3621053,0.27052627894736947,0.0,0.514,0.0,-0.0,0.0,1
2012-07-01 10:30:00+00:00,0.0373059,0.32976871638975,0.0387897421725,0.108,0.263,6.280526315789474,6.2805263,0.08157896315789515,0.0,0.155,2.7755575615628914e-17,0.0,4.576460271712296e-18,1
2012-07-01 11:00:00+00:00,0.0351903,0.14694899360074998,0.036589994182499995,0.121,0.275,6.199473684210527,6.1994737,0.08105261578947331,0.0,0.154,2.7755575615628914e-17,0.0,2.0393269517630927e-18,1
2012-07-01 11:30:00+00:00,0.0360759,0.14796190081475,0.037510818922499994,0.132,0.663,5.92,5.92,0.27947368421052676,0.0,0.531,0.0,-0.0,0.0,1
2012-07-01 12:00:00+00:00,0.036285,0.1482010594625,0.037728235874999995,0.141,0.978,5.479473684210526,5.4794737,0.44052630000000015,0.0,0.837,0.0,-0.0,0.0,1
2012-07-01 12:30:00+00:00,0.0356577,0.14748358351925,0.0370759850175,0.148,0.654,5.213157894736842,5.2131579,0.2663157842105264,0.0,0.506,0.0,-0.0,0.0,1
2012-07-01 13:00:00+00:00,0.0360882,0.14797596897049997,0.03752360815499999,0.103,0.376,5.069473684210526,5.0694737,0.14368419473684213,0.0,0.273,0.0,-0.0,0.0,1
2012-07-01 13:30:00+00:00,0.03589755,0.14775791255637502,0.03732537505125,0.047,0.337,4.916842105263157,4.9168421,0.1526315842105257,0.0,0.29,5.551115123125783e-17,0.0,4.101105914765952e-18,1
2012-07-01 14:00:00+00:00,0.0355224,0.147328833806,0.03693530346,0.078,0.346,4.77578947368421,4.7757895,0.1410526052631571,0.0,0.268,0.0,5.551115123125783e-17,-1.0251606080702302e-18,1
2012-07-01 14:30:00+00:00,0.0350427,0.14678017573175,0.0364365233925,0.085,0.45,4.583684210526315,4.5836842,0.19210527368420927,0.0,0.365,0.0,-0.0,0.0,1
2012-07-01 15:00:00+00:00,0.0361866,0.1480885142165,0.03762592201499999,0.152,0.31,4.5005263157894735,4.5005263,0.0831579105263156,0.0,0.158,0.0,-0.0,0.0,1
2012-07-01 15:30:00+00:00,0.0343047,0.14593608638674999,0.035669169442499996,0.117,0.383,4.360526315789474,4.3605263,0.1400000157894734,0.0,0.266,0.0,-0.0,0.0,1
2012-07-01 16:00:00+00:00,0.03511035,0.146857550588375,0.03650686417124999,0.007,0.254,4.230526315789474,4.2305263,0.13000001578947362,0.0,0.247,0.0,-0.0,0.0,1
2012-07-01 16:30:00+00:00,0.0376134,0.1497204202835,0.039109472985,0.001,0.34,4.052105263157895,4.0521053,0.1784210157894739,0.0,0.339,0.0,-0.0,0.0,1
2012-07-01 17:00:00+00:00,0.04039935,0.152906857560875,0.042006234146249995,0.0,0.255,3.917894736842105,3.9178947,0.13421056315789448,0.0,0.255,0.0,-0.0,0.0,1
2012-07-01 17:30:00+00:00,0.04091595,0.153497720102375,0.04254338191124999,0.0,0.283,3.7689473684210526,3.7689474,0.14894733684210504,0.0,0.283,0.0,-0.0,0.0,1
2012-07-01 18:00:00+00:00,0.04894785,0.16268422580712502,0.050894750733749994,0.0,0.384,3.566842105263158,3.5668421,0.20210526842105248,0.0,0.384,0.0,-0.0,0.0,1
2012-07-01 18:30:00+00:00,0.04686915,0.16030670748537498,0.04873337044124999,0.0,0.308,3.4047368421052635,3.4047368,0.16210530526315825,0.0,0.308,0.0,-0.0,0.0,1
2012-07-01 19:00:00+00:00,0.0437142,0.1566982255355,0.045452932305,0.0,0.369,3.210526315789474,3.2105263,0.19421054210526334,0.0,0.369,0.0,-0.0,0.0,1
2012-07-01 19:30:00+00:00,0.0425457,0.15536175073925,0.04423795521749999,0.0,0.198,3.1063157894736846,3.1063158,0.10421051578947393,0.0,0.198,0.0,-0.0,0.0,1
2012-07-01 20:00:00+00:00,0.04017795,0.152653630757375,0.04177602796124999,0.0,0.181,3.0110526315789476,3.0110526,0.0952631894736844,0.0,0.181,0.0,-0.0,0.0,1
2012-07-01 20:30:00+00:00,0.03956295,0.151950222969875,0.04113656633625,0.0,0.321,2.842105263157895,2.8421053,0.1689473315789476,0.0,0.321,0.0,-0.0,0.0,1
2012-07-01 21:00:00+00:00,0.0385974,0.1508458727435,0.040132611585,0.0,0.234,2.7189473684210532,2.7189474,0.12315786315789534,0.0,0.234,0.0,-0.0,0.0,1
2012-07-01 21:30:00+00:00,0.03905865,0.151373428584125,0.04061220780375,0.0,0.221,2.602631578947369,2.6026316,0.11631576842105318,0.0,0.221,0.0,-0.0,0.0,1
2012-07-01 22:00:00+00:00,0.0388311,0.15111316770275,0.040375607002499994,0.0,0.088,2.5563157894736848,2.5563158,0.04631577894736871,0.0,0.088,0.0,-0.0,0.0,1
2012-07-01 22:30:00+00:00,0.0409467,0.15353289049175,0.0425753549925,0.0,0.185,2.458947368421053,2.4589474,0.09736838947368476,0.0,0.185,0.0,-0.0,0.0,1
2012-07-01 23:00:00+00:00,0.0375396,0.14963601134899998,0.03903273759,0.0,0.112,2.4000000000000004,2.4,0.05894736842105308,0.0,0.112,0.0,-0.0,0.0,1
2012-07-01 23:30:00+00:00,0.03880035,0.15107799731337498,0.04034363392125,0.0,0.134,2.3294736842105266,2.3294737,0.07052630000000049,0.0,0.134,0.0,-0.0,0.0,1
2012-07-02 00:00:00+00:00,0.037515,0.10010787503749999,0.039007159124999996,0.0,0.066,2.3294736842105266,2.3294737,1.5789473284399946e-08,0.0,0.0,0.066,0.0,0.0033035598762375,1
2012-07-02 00:30:00+00:00,0.03439695,0.096541597554875,0.03576508868625,0.0,0.067,2.3294736842105266,2.3294737,1.5789473284399946e-08,0.0,0.0,0.067,0.0,0.003234143518088313,1
2012-07-02 01:00:00+00:00,0.03362205,0.09565530374262503,0.03495936703875,0.0,0.09,3.0419736842105265,3.0419737,0.7125000157894732,1.5,0.0,1.59,0.0,0.0760459664753869,1
2012-07-02 01:30:00+00:00,0.03406485,0.09616175734962502,0.03541977940875,0.0,0.076,3.7249999817105266,3.725,0.6830263157894736,1.4379501,0.0,1.5139501,0.0,0.07279205107782027,1
2012-07-02 02:00:00+00:00,0.0337266,0.09577488306650002,0.035068075515,0.0,0.086,4.437499981710527,4.4375,0.7125000182894734,1.5,0.0,1.586,0.0,0.07594948227173452,1
2012-07-02 02:30:00+00:00,0.03308085,0.09503630488962501,0.03439664080875,0.0,0.083,5.149999981710527,5.15,0.7125000182894734,1.5,0.0,1.583,0.0,0.07522123532013819,1
2012-07-02 03:00:00+00:00,0.0331239,0.09508554343475002,0.0344414031225,0.0,0.057,5.862499981710528,5.8625,0.7125000182894725,1.5,0.0,1.557,0.0,0.0740240955639529,1
2012-07-02 03:30:00+00:00,0.0331485,0.09511367974625,0.034466981587499994,0.0,0.082,6.574999981710528,6.575,0.7125000182894725,1.5,0.0,1.582,0.0,0.07523492067928375,1
2012-07-02 04:00:00+00:00,0.03313005,0.09509257751262501,0.034447797738749994,0.0,0.091,7.287499981710528,7.2875,0.7125000182894716,1.5,0.0,1.591,0.0,0.07564614541129319,1
2012-07-02 04:30:00+00:00,0.0331485,0.09511367974625,0.034466981587499994,0.0,0.07,7.999999981710529,8.0,0.7125000182894716,1.5,0.0,1.57,0.0,0.07466423860080625,1
2012-07-02 05:00:00+00:00,0.03326535,0.325147327225875,0.034588479296249995,0.0,0.065,7.965789455394739,7.9657895,0.034210481710529095,0.0,0.065,0.0,-0.0,0.0,1
2012-07-02 05:30:00+00:00,0.0354117,0.32760222040425,0.03682020036749999,0.0,0.08,7.923684192236844,7.9236842,0.04210525539473853,0.0,0.08,0.0,-0.0,0.0,1
2012-07-02 06:00:00+00:00,0.03721365,0.32966320522162507,0.03869382292875,0.0,0.072,7.885789455394739,7.8857895,0.037894692236844385,0.0,0.072,0.0,-0.0,0.0,1
2012-07-02 06:30:00+00:00,0.04154325,0.334615196045625,0.04319563276874999,0.0,0.078,7.844736823815792,7.8447368,0.04105265539473901,0.0,0.078,0.0,-0.0,0.0,1
2012-07-02 07:00:00+00:00,0.04940295,0.3436047475698751,0.051367952336249995,0.0,0.342,7.664736823815792,7.6647368,0.18000002381579172,0.0,0.342,0.0,-0.0,0.0,1
2012-07-02 07:30:00+00:00,0.04357275,0.33693644174437504,0.04530585613125,0.001,0.604,7.34736840276316,7.3473684,0.31736842381579233,0.0,0.603,0.0,-0.0,0.0,1
2012-07-02 08:00:00+00:00,0.05431065,0.34921794171412507,0.056470856103749995,0.035,0.963,6.858947350131581,6.8589474,0.48842100276316014,0.0,0.928,0.0,1.1102230246251565e-16,-3.134762233333865e-18,1
2012-07-02 08:30:00+00:00,0.0599625,0.35568225928125,0.0623475084375,0.093,0.486,6.652105244868423,6.6521052,0.20684215013158092,0.0,0.393,0.0,-0.0,0.0,1
2012-07-02 09:00:00+00:00,0.05511015,0.35013237183787504,0.05730215621625,0.13,0.685,6.359999981710528,6.36,0.2921052448684227,0.0,0.555,0.0,-0.0,0.0,1
2012-07-02 09:30:00+00:00,0.0512418,0.3457079368545001,0.05327994259499999,0.161,0.596,6.131052613289476,6.1310526,0.22894738171052786,0.0,0.435,0.0,5.551115123125783e-17,-1.47881547549189e-18,1
2012-07-02 10:00:00+00:00,0.0551163,0.35013940591575,0.05730855083249999,0.213,0.124,6.173327613289476,6.1733276,0.042274986710524765,0.089,0.0,0.0,-0.0,0.0,1
2012-07-02 10:30:00+00:00,0.0485481,0.34262701074525004,0.05047910067749999,0.249,0.057,6.264527613289475,6.2645276,0.09119998671052443,0.192,0.0,0.0,-0.0,0.0,1
2012-07-02 11:00:00+00:00,0.04616805,0.15950482260762502,0.04800438418875,0.27,0.15,6.321527613289476,6.3215276,0.0569999867105242,0.12,0.0,0.0,-0.0,0.0,1
2012-07-02 11:30:00+00:00,0.05245335,0.16669365019587498,0.05453968199625,0.279,0.265,6.328177613289475,6.3281776,0.006649986710524303,0.014,0.0,0.0,-0.0,0.0,1
2012-07-02 12:00:00+00:00,0.0549687,0.16957058804675,0.057155080042499994,0.159,0.151,6.331977613289475,6.3319776,0.0037999867105247276,0.008,0.0,0.0,-0.0,0.0,1
2012-07-02 12:30:00+00:00,-0.0364572,0.065001986357,-0.03790728513,0.075,0.107,7.044477613289475,7.0444776,0.7124999867105242,1.5,0.0,1.532,0.0,0.049791521549461995,1
2012-07-02 13:00:00+00:00,0.04337595,0.15631135125237502,0.04510122841125,0.099,0.062,7.062052613289475,7.0620526,0.017574986710525486,0.037,0.0,0.0,-0.0,0.0,1
2012-07-02 13:30:00+00:00,0.05314215,0.167481466917875,0.055255879016249995,0.078,0.07,7.065852613289475,7.0658526,0.0037999867105256158,0.008,0.0,1.3877787807814457e-17,0.0,1.162136129813883e-18,1
2012-07-02 14:00:00+00:00,0.04459365,0.157704098671625,0.046367362428749996,0.083,0.186,7.011642086973685,7.0116421,0.05421051328947435,0.0,0.103,0.0,-0.0,0.0,1
2012-07-02 14:30:00+00:00,0.0519921,0.16616609435525,0.054060085777499996,0.161,0.262,6.958484192236843,6.9584842,0.05315788697368529,0.0,0.101,0.0,-0.0,0.0,1
2012-07-02 15:00:00+00:00,0.0559281,0.17066790419525002,0.0581526401775,0.17,0.148,6.968934192236842,6.9689342,0.010450007763156854,0.022,0.0,0.0,2.7755575615628914e-17,-8.070300008475306e-19,1
2012-07-02 15:30:00+00:00,0.0566907,0.17154012985175,0.05894557259249999,0.074,0.108,6.951039455394737,6.9510395,0.017894692236842147,0.0,0.034,0.0,-0.0,0.0,1
2012-07-02 16:00:00+00:00,0.0589047,0.17407239788675,0.0612476344425,0.018,0.075,6.9210394553947365,6.9210395,0.029999955394736766,0.0,0.057,0.0,6.938893903907228e-18,-2.1249541863090081e-19,1
2012-07-02 16:30:00+00:00,0.06386775,0.179748898731875,0.06640808975625,0.008,0.132,6.855776297499999,6.8557763,0.06526315539473693,0.0,0.124,0.0,-0.0,0.0,1
2012-07-02 17:00:00+00:00,0.06529455,0.181380804798875,0.06789164072625001,0.0,0.124,6.790513139605262,6.7905131,0.06526319749999931,0.0,0.124,0.0,-0.0,0.0,1
2012-07-02 17:30:00+00:00,0.10175175,0.223078818441875,0.10579892585624999,0.0,0.478,6.538934192236841,6.5389342,0.25157893960526234,0.0,0.478,0.0,-0.0,0.0,1
2012-07-02 18:00:00+00:00,0.1472556,0.275123960639,0.15311269148999998,0.0,0.346,5.749460508026314,5.7494605,0.7894736922368413,0.0,1.5,0.0,1.154,-0.08834602298972999,1
2012-07-02 18:30:00+00:00,0.14934045,0.27750851303862506,0.15528046639874998,0.0,0.432,4.959986823815788,4.9599868,0.7894737080263141,0.0,1.5,0.0,1.068,-0.08291976905693249,1
2012-07-02 19:00:00+00:00,0.14467875,0.272176682009375,0.15043334728125,0.0,0.572,4.170513139605261,4.1705131,0.7894737238157878,0.0,1.5,0.0,0.928,-0.0698010731385,1
2012-07-02 19:30:00+00:00,0.08417505,0.202975423875125,0.08752311261375,0.0,0.378,3.9715657711842085,3.9715658,0.19894733960526123,0.0,0.378,0.0,-0.0,0.0,1
2012-07-02 20:00:00+00:00,0.07554045,0.193099578538625,0.07854507139874999,0.0,0.311,3.8078815606578926,3.8078816,0.16368417118420853,0.0,0.311,0.0,-0.0,0.0,1
2012-07-02 20:30:00+00:00,0.13397775,0.259937386506875,0.13930671500624997,0.0,0.453,3.5694605080263138,3.5694605,0.2384210606578927,0.0,0.453,0.0,-0.0,0.0,1
2012-07-02 21:00:00+00:00,0.07683195,0.19457673489237498,0.07988794081124999,0.0,0.527,3.2920920869736823,3.2920921,0.2773684080263137,0.0,0.527,0.0,-0.0,0.0,1
2012-07-02 21:30:00+00:00,0.0691629,0.18580523978225,0.0719138543475,0.0,0.69,2.92893419223684,2.9289342,0.36315788697368223,0.0,0.69,0.0,-0.0,0.0,1
2012-07-02 22:00:00+00:00,0.06993165,0.186684499516625,0.07271318137874999,0.0,0.134,2.8584078764473664,2.8584079,0.07052629223684015,0.0,0.134,0.0,-0.0,0.0,1
2012-07-02 22:30:00+00:00,0.13854105,0.26515667229012496,0.14405152026374998,0.0,0.66,2.0689341922368403,2.0689342,0.7894736764473662,0.0,1.5,0.0,0.84,-0.06050163851077499,1
2012-07-02 23:00:00+00:00,0.0775515,0.19539972200375,0.08063611091249999,0.0,0.203,1.9620920869736824,1.9620921,0.10684209223684027,0.0,0.203,0.0,-0.0,0.0,1
2012-07-02 23:30:00+00:00,0.06964875,0.18636093193437497,0.07241902903124998,0.0,0.186,1.8641973501315772,1.8641974,0.09789468697368253,0.0,0.186,0.0,-0.0,0.0,1
2012-07-03 00:00:00+00:00,0.05408925,0.119064714910625,0.056240649918749996,0.0,0.175,2.5766973501315773,2.5766974,0.7125000498684229,1.5,0.0,1.675,0.0,0.09971669873764843,1
2012-07-03 00:30:00+00:00,0.05709045,0.12249734491362502,0.059361222648749996,0.0,0.224,3.156693392631577,3.1566934,0.5799960498684227,1.2210443,0.0,1.4450443,0.0,0.08850704501628391,1
2012-07-03 01:00:00+00:00,0.06643845,0.133189143283625,0.06908103934874998,0.0,0.097,3.10564076105263,3.1056408,7.368422760833937e-09,0.0,0.097,0.0,-0.0,0.0,1
2012-07-03 01:30:00+00:00,0.06637695,0.133118802504875,0.06901709318625,0.0,0.086,3.0603776031578933,3.0603776,0.045263161052630174,0.0,0.086,0.0,-0.0,0.0,1
2012-07-03 02:00:00+00:00,0.06015315,0.126000315695375,0.06254574154124999,0.0,0.064,3.0603776031578933,3.0603776,3.1578935022480437e-09,0.0,0.0,0.064,0.0,0.004032010102252,1
2012-07-03 02:30:00+00:00,0.0517461,0.11638473124025,0.0538043011275,0.0,0.088,3.0603776031578933,3.0603776,3.1578935022480437e-09,0.0,0.0,0.088,0.0,0.005120928174571,1
2012-07-03 03:00:00+00:00,0.04996875,0.11435188273437501,0.051956257031249994,0.0,0.103,3.7174960706578934,3.7174961,0.6571184968421067,1.3834073,0.0,1.4864073,0.0,0.08498673663255948,1
2012-07-03 03:30:00+00:00,0.0471213,0.11109510467825,0.048995549707499995,0.0,0.061,4.429996070657893,4.4299961,0.7125000293421069,1.5,0.0,1.561,0.0,0.08670972920137412,1
2012-07-03 04:00:00+00:00,0.0444522,0.10804231488049999,0.04622028625499999,0.0,0.053,5.142496070657893,5.1424961,0.7125000293421069,1.5,0.0,1.553,0.0,0.08389485750470824,1
2012-07-03 04:30:00+00:00,0.03800085,0.10066356718962502,0.03951233380875,0.0,0.107,5.854996070657894,5.8549961,0.7125000293421069,1.5,0.0,1.607,0.0,0.0808831762368637,1
2012-07-03 05:00:00+00:00,0.0400857,0.33294811958925,0.0416801087175,0.0,0.069,5.81868028118421,5.8186803,0.03631577065789404,0.0,0.069,0.0,-0.0,0.0,1
2012-07-03 05:30:00+00:00,0.04244115,0.33564217141537506,0.044129246741249996,0.0,0.067,5.783417123289473,5.7834171,0.03526318118420946,0.0,0.067,0.0,-0.0,0.0,1
2012-07-03 06:00:00+00:00,0.0469614,0.34081221865350003,0.04882928968499999,0.0,0.092,5.7349960706578935,5.7349961,0.04842102328947284,0.0,0.092,0.0,-0.0,0.0,1
2012-07-03 06:30:00+00:00,0.05444595,0.34937269142737504,0.056611537661249996,0.0,0.052,5.707627649605262,5.7076276,0.027368470657893162,0.0,0.052,0.0,-0.0,0.0,1
2012-07-03 07:00:00+00:00,0.05514705,0.35017457630512505,0.057340523913750004,0.0,0.296,5.551838175921051,5.5518382,0.15578944960526186,0.0,0.296,0.0,-0.0,0.0,1
2012-07-03 07:30:00+00:00,0.04983345,0.34409713302112505,0.05181557547374999,0.001,0.353,5.366575018026314,5.366575,0.18526317592105102,0.0,0.352,0.0,-0.0,0.0,1
2012-07-03 08:00:00+00:00,0.05495025,0.349949485813125,0.057135896193749994,0.035,0.323,5.214996070657893,5.2149961,0.1515789180263143,0.0,0.288,5.551115123125783e-17,0.0,9.713049415136649e-18,1
2012-07-03 08:30:00+00:00,0.0611556,0.357046870389,0.06358806399,0.092,0.234,5.14025922855263,5.1402592,0.07473687065789303,0.0,0.142,2.7755575615628914e-17,0.0,4.955020704702773e-18,1
2012-07-03 09:00:00+00:00,0.0548211,0.34980177017775,0.05700160925249999,0.139,0.185,5.11604870223684,5.1160487,0.024210528552629285,0.0,0.046,0.0,1.3877787807814457e-17,-3.9552811895507403e-19,1
2012-07-03 09:30:00+00:00,0.05316675,0.3479096032293751,0.05528145748125,0.173,0.09,5.15547370223684,5.1554737,0.03942499776315955,0.083,0.0,0.0,-0.0,0.0,1
2012-07-03 10:00:00+00:00,0.05043,0.34477943857500004,0.05243585325,0.221,0.112,5.20724870223684,5.2072487,0.05177499776316008,0.109,0.0,0.0,-0.0,0.0,1
2012-07-03 10:30:00+00:00,0.04451985,0.338019689737125,0.04629062703375,0.255,0.333,5.166196070657893,5.1661961,0.041052602236840485,0.0,0.078,1.3877787807814457e-17,0.0,2.3454827645175493e-18,1
2012-07-03 11:00:00+00:00,0.044772,0.15790808693000002,0.0465528063,0.281,0.227,5.191846070657893,5.1918461,0.02565002934210714,0.054,0.0,0.0,-0.0,0.0,1
2012-07-03 11:30:00+00:00,0.0444522,0.1575423148805,0.04622028625499999,0.295,0.218,5.228421070657893,5.2284211,0.036575029342107435,0.077,0.0,0.0,-0.0,0.0,1
2012-07-03 12:00:00+00:00,0.04022715,0.152709903380375,0.04182718489125,0.151,0.294,5.153157912763156,5.1531579,0.07526317065789279,0.0,0.143,0.0,-0.0,0.0,1
2012-07-03 12:30:00+00:00,0.03839445,0.150613748173625,0.03992158924874999,0.018,0.242,5.035263175921051,5.0352632,0.11789471276315577,0.0,0.224,0.0,-0.0,0.0,1
2012-07-03 13:00:00+00:00,0.03786555,0.15000881747637498,0.03937165225124999,0.016,1.278,4.371052649605261,4.3710526,0.664210575921051,0.0,1.262,0.0,-0.0,0.0,1
2012-07-03 13:30:00+00:00,0.0387204,0.150986554301,0.040260503909999995,0.018,0.251,4.248421070657892,4.2484211,0.12263154960526101,0.0,0.233,0.0,-0.0,0.0,1
2012-07-03 14:00:00+00:00,0.0381669,0.15035348729225,0.03968498844749999,0.116,0.199,4.204736860131576,4.2047369,0.043684170657892096,0.0,0.083,0.0,-0.0,0.0,1
2012-07-03 14:30:00+00:00,0.03929235,0.151640723543375,0.04085520322124999,0.192,0.39,4.100526333815787,4.1005263,0.10421056013157592,0.0,0.198,0.0,-0.0,0.0,1
2012-07-03 15:00:00+00:00,0.0391386,0.1514648715965,0.040695337815,0.144,0.189,4.076842123289471,4.0768421,0.02368423381578655,0.0,0.045,1.3877787807814457e-17,0.0,1.0509986741770449e-18,1
2012-07-03 15:30:00+00:00,0.0386712,0.15093028167800002,0.040209346980000005,0.118,0.306,3.9778947548684185,3.9778948,0.09894732328947109,0.0,0.188,0.0,-0.0,0.0,1
2012-07-03 16:00:00+00:00,0.04126035,0.153891628463375,0.04290148042125,0.01,0.69,3.620000018026313,3.62,0.3578947548684184,0.0,0.68,0.0,1.1102230246251565e-16,-2.3815105677088554e-18,1
2012-07-03 16:30:00+00:00,0.04187535,0.15459503625087498,0.043540942046249996,0.001,0.37,3.4257894917105234,3.4257895,0.19421051802631295,0.0,0.369,0.0,-0.0,0.0,1
2012-07-03 17:00:00+00:00,0.0499134,0.1637885760335,0.051898705484999995,0.0,0.868,2.9689473864473657,2.9689474,0.4568420917105236,0.0,0.868,0.0,-0.0,0.0,1
2012-07-03 17:30:00+00:00,0.0535419,0.16793868197975,0.0556715290725,0.0,0.579,2.6642105443421027,2.6642105,0.30473688644736585,0.0,0.579,0.0,-0.0,0.0,1
2012-07-03 18:00:00+00:00,0.06712725,0.18347696000562497,0.06979723636874999,0.0,0.23,2.543157912763155,2.5431579,0.1210526443421025,0.0,0.23,0.0,-0.0,0.0,1
2012-07-03 18:30:00+00:00,0.0740583,0.19140436577075,0.0770039688825,0.0,0.291,2.390000018026313,2.39,0.15315791276315505,0.0,0.291,0.0,-0.0,0.0,1
2012-07-03 19:00:00+00:00,0.06561435,0.181746576848375,0.06822416077124999,0.0,0.401,2.1789473864473656,2.1789474,0.2110526180263128,0.0,0.401,0.0,-0.0,0.0,1
2012-07-03 19:30:00+00:00,0.052275,0.1664896619375,0.054354238124999996,0.0,0.242,2.051578965394734,2.051579,0.1273683864473658,0.0,0.242,0.0,-0.0,0.0,1
2012-07-03 20:00:00+00:00,0.0460758,0.15939931143949998,0.04790846494499999,0.0,0.399,1.841578965394734,1.841579,0.20999996539473398,0.0,0.399,0.0,-0.0,0.0,1
2012-07-03 20:30:00+00:00,0.0493476,0.163141440869,0.05131040078999999,0.0,0.413,1.6242105443421024,1.6242105,0.2173684653947341,0.0,0.413,0.0,-0.0,0.0,1
2012-07-03 21:00:00+00:00,0.0465801,0.15997610582525001,0.0484328234775,0.0,0.373,1.4278947548684182,1.4278948,0.19631574434210242,0.0,0.373,0.0,-0.0,0.0,1
2012-07-03 21:30:00+00:00,0.0453132,0.15852708578299998,0.04711553253,0.0,0.201,1.3221052811842076,1.3221053,0.10578945486841818,0.0,0.201,0.0,-0.0,0.0,1
2012-07-03 22:00:00+00:00,0.043296,0.15621990824,0.0450180984,0.0,0.068,1.286315807499997,1.2863158,0.03578948118420766,0.0,0.068,0.0,-0.0,0.0,1
2012-07-03 22:30:00+00:00,0.04878795,0.162501339782375,0.05072849071125,0.0,0.118,1.2242105443421023,1.2242105,0.062105307499996876,0.0,0.118,0.0,-0.0,0.0,1
2012-07-03 23:00:00+00:00,0.04317915,0.156086260760375,0.044896600691249997,0.0,0.245,1.0952631759210496,1.0952632,0.1289473443421023,0.0,0.245,0.0,-0.0,0.0,1
2012-07-03 23:30:00+00:00,0.0406884,0.15323745922100002,0.04230678111,0.0,0.181,1.0000000180263127,1.0,0.0952631759210496,0.0,0.181,0.0,-0.0,0.0,1
2012-07-04 00:00:00+00:00,0.03747195,0.100058636492375,0.038962396811249994,0.0,0.181,1.0000000180263127,1.0,1.802631266478727e-08,0.0,0.0,0.181,0.0,0.009055306602559937,1
2012-07-04 00:30:00+00:00,0.03650025,0.098947252188125,0.03795204744374999,0.0,0.196,1.0000000180263127,1.0,1.802631266478727e-08,0.0,0.0,0.196,0.0,0.00969683071443625,1
2012-07-04 01:00:00+00:00,0.03599595,0.09837045780237501,0.03742768891124999,0.0,0.073,1.5133039705263127,1.5133039,0.5133038819736873,1.0806399,0.0,1.1536399,0.0,0.05674204255104306,1
2012-07-04 01:30:00+00:00,0.0363711,0.09879953655275002,0.0378177605025,0.0,0.072,1.5133039705263127,1.513304,7.052631278980925e-08,0.0,0.0,0.072,0.0,0.0035567833158990005,1
2012-07-04 02:00:00+00:00,0.03486435,0.097076187473375,0.03625107952125,0.0,0.08,2.2258039705263126,2.2258039,0.7124999294736871,1.5,0.0,1.58,0.0,0.07669018810396626,1
2012-07-04 02:30:00+00:00,0.033579,0.09560606519749999,0.03491460472499999,0.0,0.091,2.9383039705263125,2.938304,0.7124999294736876,1.5,0.0,1.591,0.0,0.07605462486461124,1
2012-07-04 03:00:00+00:00,0.03375735,0.09581005345587501,0.03510004859625,0.0,0.1,3.6508039705263124,3.650804,0.7125000294736874,1.5,0.0,1.6,0.0,0.07664804276470001,1
2012-07-04 03:30:00+00:00,0.03375735,0.09581005345587501,0.03510004859625,0.0,0.077,4.363303970526312,4.363304,0.7125000294736878,1.5,0.0,1.577,0.0,0.07554622714995744,1
2012-07-04 04:00:00+00:00,0.0337635,0.09581708753375,0.0351064432125,0.0,0.057,5.075803970526312,5.075804,0.7125000294736878,1.5,0.0,1.557,0.0,0.07459360264502438,1
2012-07-04 04:30:00+00:00,0.0338742,0.09594370093550002,0.035221546305,0.0,0.114,5.788303970526313,5.788304,0.7125000294736878,1.5,0.0,1.614,0.0,0.07742656665494851,1
2012-07-04 05:00:00+00:00,0.0338742,0.3258437009355001,0.035221546305,0.0,0.118,5.726198707368418,5.7261987,0.06210527052631232,0.0,0.118,0.0,-0.0,0.0,1
2012-07-04 05:30:00+00:00,0.03388035,0.325850735013375,0.03522794092124999,0.0,0.103,5.671988181052629,5.6719882,0.054210507368417815,0.0,0.103,0.0,-0.0,0.0,1
2012-07-04 06:00:00+00:00,0.03415095,0.326160234439875,0.035509304036249995,0.0,0.11,5.614093444210523,5.6140934,0.05789478105262891,0.0,0.11,0.0,-0.0,0.0,1
2012-07-04 06:30:00+00:00,0.0454485,0.33908183549625004,0.0472562140875,0.0,0.069,5.577777654736839,5.5777777,0.03631574421052264,0.0,0.069,0.0,-0.0,0.0,1
2012-07-04 07:00:00+00:00,0.048216,0.34224717054000003,0.0501337914,0.0,0.054,5.54935660210526,5.5493566,0.02842105473683887,0.0,0.054,0.0,-0.0,0.0,1
2012-07-04 07:30:00+00:00,0.0472197,0.34110764992425,0.049097863567500004,0.001,0.16,5.465672391578945,5.4656724,0.0836842021052604,0.0,0.159,0.0,-0.0,0.0,1
2012-07-04 08:00:00+00:00,0.06583575,0.362399803651875,0.06845436695624998,0.005,0.23,5.347251338947366,5.3472513,0.11842109157894498,0.0,0.225,0.0,-0.0,0.0,1
2012-07-04 08:30:00+00:00,0.07097715,0.36828029275537505,0.07380026614124999,0.065,0.346,5.199356602105261,5.1993566,0.14789473894736638,0.0,0.281,0.0,5.551115123125783e-17,-2.0483688673370023e-18,1
2012-07-04 09:00:00+00:00,0.05513475,0.350160508149375,0.05732773468124999,0.145,0.244,5.147251338947366,5.1472513,0.052105302105260876,0.0,0.099,0.0,-0.0,0.0,1
2012-07-04 09:30:00+00:00,0.0513279,0.3458064139447501,0.053369467222499994,0.149,0.38,5.0256723915789445,5.0256724,0.1215789389473656,0.0,0.231,0.0,-0.0,0.0,1
2012-07-04 10:00:00+00:00,0.05169075,0.346221424539375,0.053746749581249996,0.185,0.412,4.906198707368418,4.9061987,0.1194736915789445,0.0,0.227,0.0,2.7755575615628914e-17,-7.45885986048328e-19,1
2012-07-04 10:30:00+00:00,0.0548088,0.34978770202200005,0.05698882001999999,0.27,0.275,4.90356712842105,4.9035671,0.002631607368417832,0.0,0.005,4.336808689942018e-18,0.0,7.584811728819295e-19,1
2012-07-04 11:00:00+00:00,0.0440955,0.15713433836375,0.04584939851249999,0.269,0.405,4.831988181052629,4.8319882,0.07157892842104996,0.0,0.136,0.0,-0.0,0.0,1
2012-07-04 11:30:00+00:00,0.04545465,0.158688869574125,0.04726260870374999,0.283,0.234,4.855263181052629,4.8552632,0.023275018947370718,0.049,0.0,5.551115123125783e-17,0.0,4.404500918823301e-18,1
2012-07-04 12:00:00+00:00,0.0400734,0.15253405143350002,0.041667319485,0.195,0.396,4.749473707368418,4.7494737,0.10578948105262853,0.0,0.201,0.0,-0.0,0.0,1
2012-07-04 12:30:00+00:00,0.0370107,0.14903108065175,0.0384828005925,0.122,0.214,4.701052654736839,4.7010527,0.048421007368418145,0.0,0.092,0.0,-0.0,0.0,1
2012-07-04 13:00:00+00:00,0.03663555,0.148602001901375,0.03809272900125,0.116,0.333,4.58684212842105,4.5868421,0.11421055473683861,0.0,0.217,2.7755575615628914e-17,0.0,2.062267050203723e-18,1
2012-07-04 13:30:00+00:00,0.038007,0.1501706012675,0.039518728424999996,0.076,0.373,4.430526338947366,4.4305263,0.1563158284210493,0.0,0.297,0.0,-0.0,0.0,1
2012-07-04 14:00:00+00:00,0.03902175,0.151331224116875,0.04057384010625,0.062,0.462,4.220000023157892,4.22,0.21052633894736594,0.0,0.4,0.0,-0.0,0.0,1
2012-07-04 14:30:00+00:00,0.0379332,0.150086192333,0.03944199303,0.089,0.428,4.041578970526313,4.041579,0.17842102315789266,0.0,0.339,0.0,5.551115123125783e-17,-1.0947352199752735e-18,1
2012-07-04 15:00:00+00:00,0.0390894,0.1514085989735,0.040644180885,0.091,0.231,3.9678947599999974,3.9678948,0.07368417052631315,0.0,0.14,0.0,-0.0,0.0,1
2012-07-04 15:30:00+00:00,0.0392124,0.151549280531,0.04077207321,0.122,0.316,3.8657894968421025,3.8657895,0.10210525999999742,0.0,0.194,0.0,-0.0,0.0,1
2012-07-04 16:00:00+00:00,0.0459405,0.15924456172625,0.0477677833875,0.016,0.248,3.7436842336842076,3.7436842,0.12210529684210236,0.0,0.232,0.0,2.7755575615628914e-17,-6.629111619013694e-19,1
2012-07-04 16:30:00+00:00,0.04490115,0.158055802565375,0.04668709324125,0.003,0.246,3.6157894968421025,3.6157895,0.12789473368420756,0.0,0.243,0.0,-0.0,0.0,1
2012-07-04 17:00:00+00:00,0.04602045,0.159336004738625,0.04785091339874999,0.002,0.262,3.4789473915789446,3.4789474,0.13684209684210247,0.0,0.26,0.0,-0.0,0.0,1
2012-07-04 17:30:00+00:00,0.04818525,0.161812000150625,0.05010181831874999,0.0,0.396,3.2705263389473656,3.2705263,0.2084210915789444,0.0,0.396,0.0,-0.0,0.0,1
2012-07-04 18:00:00+00:00,0.06098955,0.176456950286375,0.06341540935125,0.0,0.928,2.7821052863157867,2.7821053,0.48842103894736555,0.0,0.928,0.0,-0.0,0.0,1
2012-07-04 18:30:00+00:00,0.0607989,0.17623889387225,0.06321717624749999,0.0,0.462,2.5389473915789447,2.5389474,0.2431578863157866,0.0,0.462,0.0,-0.0,0.0,1
2012-07-04 19:00:00+00:00,0.05932905,0.174557749260125,0.06168886296375,0.0,1.158,1.9294737073684183,1.9294737,0.6094736915789447,0.0,1.158,0.0,-0.0,0.0,1
2012-07-04 19:30:00+00:00,0.05729955,0.172236503561375,0.05957863960124999,0.0,0.294,1.7747368652631552,1.7747369,0.15473680736841833,0.0,0.294,0.0,-0.0,0.0,1
2012-07-04 20:00:00+00:00,0.05124795,0.165314970932375,0.05328633721125,0.0,0.233,1.6521052863157868,1.6521053,0.1226315652631551,0.0,0.233,0.0,-0.0,0.0,1
2012-07-04 20:30:00+00:00,0.05274855,0.16703128593387498,0.054846623576249996,0.0,0.3,1.4942105494736815,1.4942105,0.15789478631578668,0.0,0.3,0.0,-0.0,0.0,1
2012-07-04 21:00:00+00:00,0.04281015,0.155664216087875,0.04451292371624999,0.0,0.097,1.443157917894734,1.4431579,0.05105264947368138,0.0,0.097,0.0,-0.0,0.0,1
2012-07-04 21:30:00+00:00,0.04341285,0.156353555719625,0.04513959610875,0.0,0.105,1.3878947599999971,1.3878948,0.05526311789473404,0.0,0.105,0.0,-0.0,0.0,1
2012-07-04 22:00:00+00:00,0.040959,0.1535469586475,0.042588144225,0.0,0.17,1.2984210757894707,1.2984211,0.08947365999999701,0.0,0.17,0.0,-0.0,0.0,1
2012-07-04 22:30:00+00:00,0.04599585,0.159307868427125,0.04782533493375,0.0,0.201,1.1926316021052603,1.1926316,0.10578947578947084,0.0,0.201,0.0,-0.0,0.0,1
2012-07-04 23:00:00+00:00,0.03850515,0.150740361575375,0.04003669234125,0.0,0.187,1.0942105494736813,1.0942105,0.09842110210526034,0.0,0.187,0.0,-0.0,0.0,1
2012-07-04 23:30:00+00:00,0.0381669,0.15035348729225,0.03968498844749999,0.0,0.179,1.0000000231578918,1.0,0.09421054947368135,0.0,0.179,0.0,-0.0,0.0,1
2012-07-05 00:00:00+00:00,0.0353379,0.09761781146975,0.036743464972499994,0.0,0.184,1.005159210482892,1.0051592,0.04094867684210812,0.010861447,0.0,0.194861447,0.0,0.00951097399798434,1
2012-07-05 00:30:00+00:00,0.03552855,0.097835867883875,0.03694169807625,0.0,0.111,1.010318421082892,1.0103184,1.0482891887875212e-08,0.010861496,0.0,0.121861496,0.0,0.005961212611393681,1
2012-07-05 01:00:00+00:00,0.0345384,0.09670338134600001,0.03591216485999999,0.0,0.116,1.7228184210828918,1.7228184,0.712499978917108,1.5,0.0,1.616,0.0,0.07813633212756801,1
2012-07-05 01:30:00+00:00,0.03459375,0.09676668804687502,0.03596971640625,0.0,0.075,2.4353184210828918,2.4353184,0.712499978917108,1.5,0.0,1.575,0.0,0.07620376683691407,1
2012-07-05 02:00:00+00:00,0.0339111,0.09598590540275,0.0352599140025,0.0,0.079,3.1478184210828917,3.1478184,0.712499978917108,1.5,0.0,1.579,0.0,0.07578087231547112,1
2012-07-05 02:30:00+00:00,0.03369585,0.09573971267712503,0.03503610243375,0.0,0.115,3.8603184210828916,3.8603184,0.7124999789171085,1.5,0.0,1.615,0.0,0.07730981798677845,1
2012-07-05 03:00:00+00:00,0.03346215,0.09547241771787501,0.03479310701625,0.0,0.072,4.572818421082891,4.5728184,0.7124999789171085,1.5,0.0,1.572,0.0,0.07504132032624976,1
2012-07-05 03:30:00+00:00,0.03356055,0.095584962963875,0.03489542087625,0.0,0.09,5.285318421082891,5.2853184,0.7124999789171094,1.5,0.0,1.59,0.0,0.07599004555628062,1
2012-07-05 04:00:00+00:00,0.033825,0.0958874283125,0.035170389375,0.0,0.095,5.997818421082892,5.9978184,0.7124999789171085,1.5,0.0,1.595,0.0,0.07647022407921875,1
2012-07-05 04:30:00+00:00,0.0338004,0.09585929200100002,0.03514481091,0.0,0.097,6.710318421082892,6.7103184,0.7124999789171085,1.5,0.0,1.597,0.0,0.07654364466279852,1
2012-07-05 05:00:00+00:00,0.03385575,0.325822598701875,0.03520236245624999,0.0,0.107,6.654002631609208,6.6540026,0.056315821082892015,0.0,0.107,0.0,-0.0,0.0,1
2012-07-05 05:30:00+00:00,0.0338865,0.32585776909125,0.0352343355375,0.0,0.145,6.577686842135524,6.5776868,0.07631583160920741,0.0,0.145,0.0,-0.0,0.0,1
2012-07-05 06:00:00+00:00,0.03447075,0.3265260064893751,0.03584182408125,0.0,0.238,6.452423684240787,6.4524237,0.12526314213552414,0.0,0.238,0.0,-0.0,0.0,1
2012-07-05 06:30:00+00:00,0.04122345,0.334249423996125,0.04286311272375,0.0,0.503,6.187686842135524,6.1876868,0.26473688424078734,0.0,0.503,0.0,-0.0,0.0,1
2012-07-05 07:00:00+00:00,0.0492,0.34337262300000004,0.051156929999999996,0.0,0.878,5.725581578977629,5.7255816,0.4621052421355243,0.0,0.878,0.0,-0.0,0.0,1
2012-07-05 07:30:00+00:00,0.04524555,0.338849710926375,0.04704519175125,0.001,0.64,5.389265789503945,5.3892658,0.336315778977629,0.0,0.639,0.0,-0.0,0.0,1
2012-07-05 08:00:00+00:00,0.05340045,0.348176898188625,0.05552445289874999,0.02,0.663,5.0508447368723655,5.0508447,0.338421089503945,0.0,0.643,0.0,-0.0,0.0,1
2012-07-05 08:30:00+00:00,0.05373255,0.348556738393875,0.05586976217624999,0.093,0.651,4.757160526346049,4.7571605,0.2936842368723651,0.0,0.558,0.0,-0.0,0.0,1
2012-07-05 09:00:00+00:00,0.0533574,0.34812765964350006,0.055479690585,0.144,0.736,4.445581578977628,4.4455816,0.31157892634604956,0.0,0.592,0.0,-0.0,0.0,1
2012-07-05 09:30:00+00:00,0.05337585,0.34814876187712507,0.055498874433750005,0.187,0.612,4.221897368451312,4.2218974,0.2236841789776287,0.0,0.425,0.0,-0.0,0.0,1
2012-07-05 10:00:00+00:00,0.05039925,0.34474426818562504,0.05240388016875,0.237,0.277,4.200844736872365,4.2008447,0.02105266845131215,0.0,0.04,3.469446951953614e-17,0.0,5.98035975230048e-18,1
2012-07-05 10:30:00+00:00,0.04915695,0.34332338445487504,0.051112167686249994,0.266,0.115,4.272569736872365,4.2725697,0.0717249631276351,0.151,0.0,0.0,-0.0,0.0,1
2012-07-05 11:00:00+00:00,0.0477732,0.161340716933,0.04967337903,0.283,0.144,4.3385947368723645,4.3385947,0.06602496312763506,0.139,0.0,5.551115123125783e-17,0.0,4.478104468713662e-18,1
2012-07-05 11:30:00+00:00,0.0425211,0.15533361442774998,0.0442123767525,0.289,0.14,4.409369736872365,4.4093697,0.07077496312763554,0.149,0.0,5.551115123125783e-17,0.0,4.311373880898361e-18,1
2012-07-05 12:00:00+00:00,0.04063305,0.153174152520125,0.04224922956375,0.142,0.319,4.316211842135523,4.3162118,0.09315793687236518,0.0,0.177,2.7755575615628914e-17,0.0,2.125718386316103e-18,1
2012-07-05 12:30:00+00:00,0.04057155,0.15310381174137502,0.042185283401249996,0.037,0.247,4.205685526346049,4.2056855,0.1105263421355227,0.0,0.21,0.0,-0.0,0.0,1
2012-07-05 13:00:00+00:00,0.03764415,0.149755590672875,0.039141446066249995,0.051,1.054,3.677790789503944,3.6777908,0.5278947263460494,0.0,1.003,2.220446049250313e-16,0.0,1.6626210483136616e-17,1
2012-07-05 13:30:00+00:00,0.03646335,0.148405047720875,0.03791367974624999,0.103,0.212,3.620422368451312,3.6204224,0.05736838950394407,0.0,0.109,0.0,-0.0,0.0,1
2012-07-05 14:00:00+00:00,0.0361005,0.14799003712625,0.037536397387499996,0.1,0.227,3.553580263188154,3.5535803,0.06684206845131202,0.0,0.127,0.0,-0.0,0.0,1
2012-07-05 14:30:00+00:00,0.03651255,0.148461320343875,0.037964836676249995,0.165,0.198,3.5362118421355224,3.5362118,0.017368463188154326,0.0,0.033,0.0,-0.0,0.0,1
2012-07-05 15:00:00+00:00,0.03648795,0.14843318403237502,0.03793925821124999,0.129,0.226,3.485159210556575,3.4851592,0.05105264213552241,0.0,0.097,0.0,-0.0,0.0,1
2012-07-05 15:30:00+00:00,0.03629115,0.14820809354037498,0.03773463049125,0.072,0.139,3.4498960526618383,3.4498961,0.03526311055657505,0.0,0.067,1.3877787807814457e-17,0.0,1.0284002367770202e-18,1
2012-07-05 16:00:00+00:00,0.0368508,0.14884819462700002,0.03831654057,0.018,0.092,3.4109486842407857,3.4109487,0.03894735266183824,0.0,0.074,0.0,-0.0,0.0,1
2012-07-05 16:30:00+00:00,0.0373797,0.14945312532425,0.0388664775675,0.002,0.129,3.3441065789776276,3.3441066,0.06684208424078575,0.0,0.127,0.0,-0.0,0.0,1
2012-07-05 17:00:00+00:00,0.04022715,0.152709903380375,0.04182718489125,0.001,0.182,3.2488434210828907,3.2488434,0.09526317897762748,0.0,0.181,0.0,-0.0,0.0,1
2012-07-05 17:30:00+00:00,0.04754565,0.161080456051625,0.04943677822875,0.0,0.403,3.036738157924996,3.0367382,0.21210522108289087,0.0,0.403,0.0,-0.0,0.0,1
2012-07-05 18:00:00+00:00,0.05485185,0.16943694056712502,0.05703358233375,0.0,0.594,2.7241065789776275,2.7241066,0.3126315579249961,0.0,0.594,0.0,-0.0,0.0,1
2012-07-05 18:30:00+00:00,0.0773424,0.19516056335600002,0.08041869396000001,0.0,0.713,2.348843421082891,2.3488434,0.37526317897762773,0.0,0.713,0.0,-0.0,0.0,1
2012-07-05 19:00:00+00:00,0.08218245,0.20069638264362502,0.08545125694875,0.0,0.489,2.0914750000302593,2.091475,0.2573684210828908,0.0,0.489,0.0,-0.0,0.0,1
2012-07-05 19:30:00+00:00,0.0534312,0.16781206857800002,0.05555642598,0.0,0.392,1.885159210556575,1.8851592,0.2063158000302594,0.0,0.392,0.0,-0.0,0.0,1
2012-07-05 20:00:00+00:00,0.05203515,0.16621533290037502,0.05410484809125,0.0,0.579,1.580422368451312,1.5804224,0.3047368105565751,0.0,0.579,0.0,-0.0,0.0,1
2012-07-05 20:30:00+00:00,0.054489,0.1690219299725,0.056656299975,0.0,0.388,1.3762118421355225,1.3762118,0.2042105684513118,0.0,0.388,0.0,-0.0,0.0,1
2012-07-05 21:00:00+00:00,0.05265015,0.16691874068787502,0.054744309716249995,0.0,0.165,1.2893697368723647,1.2893697,0.08684214213552255,0.0,0.165,0.0,-0.0,0.0,1
2012-07-05 21:30:00+00:00,0.049077,0.16283194144250002,0.051029037675,0.0,0.089,1.2425276316092069,1.2425276,0.046842136872364604,0.0,0.089,0.0,-0.0,0.0,1
2012-07-05 22:00:00+00:00,0.04015335,0.152625494445875,0.041750449496249994,0.0,0.137,1.1704223684513122,1.1704224,0.07210523160920679,0.0,0.137,0.0,-0.0,0.0,1
2012-07-05 22:30:00+00:00,0.0531483,0.16748850099575,0.0552622736325,0.0,0.093,1.1214750000302596,1.121475,0.0489473684513122,0.0,0.093,0.0,-0.0,0.0,1
2012-07-05 23:00:00+00:00,0.04363425,0.156606782523125,0.04536980229374999,0.0,0.11,1.0635802631881544,1.0635803,0.05789470003025965,0.0,0.11,0.0,-0.0,0.0,1
2012-07-05 23:30:00+00:00,0.04577445,0.159054641623625,0.04759512874875,0.0,0.111,1.0051592105565754,1.0051592,0.05842106318815432,0.0,0.111,0.0,-0.0,0.0,1
2012-07-06 00:00:00+00:00,0.03957525,0.10246429112562502,0.04114935556875,0.0,0.098,1.5874999955565754,1.5875,0.5823407894434245,1.2259806,0.0,1.3239806,0.0,0.06783036682153985,1
2012-07-06 00:30:00+00:00,0.03648795,0.09893318403237499,0.03793925821124999,0.0,0.124,2.2999999955565755,2.3,0.7125000044434244,1.5,0.0,1.624,0.0,0.08033374543428849,1
2012-07-06 01:00:00+00:00,0.03683235,0.099327092393375,0.038297356721249995,0.0,0.077,3.0124999955565754,3.0125,0.7125000044434247,1.5,0.0,1.577,0.0,0.0783194123521762,1
2012-07-06 01:30:00+00:00,0.03705375,0.099580319196875,0.03852756290625,0.0,0.174,3.7249999955565753,3.725,0.7125000044434247,1.5,0.0,1.674,0.0,0.08334872716778437,1
2012-07-06 02:00:00+00:00,0.0355347,0.09784290196175002,0.0369480926925,0.0,0.148,4.437499995556575,4.4375,0.7125000044434247,1.5,0.0,1.648,0.0,0.08062255121648201,1
2012-07-06 02:30:00+00:00,0.03434775,0.096485324931875,0.035713931756250004,0.0,0.079,5.149999995556575,5.15,0.7125000044434255,1.5,0.0,1.579,0.0,0.07617516403371531,1
2012-07-06 03:00:00+00:00,0.0338619,0.09592963277975002,0.0352087570725,0.0,0.069,5.8624999955565755,5.8625,0.7125000044434247,1.5,0.0,1.569,0.0,0.07525679691571388,1
2012-07-06 03:30:00+00:00,0.0338742,0.09594370093550002,0.035221546305,0.0,0.092,6.574999995556576,6.575,0.7125000044434247,1.5,0.0,1.592,0.0,0.07637118594465801,1
2012-07-06 04:00:00+00:00,0.03386805,0.095936666857625,0.035215151688749995,0.0,0.069,7.287499995556576,7.2875,0.7125000044434238,1.5,0.0,1.569,0.0,0.07526231514980682,1
2012-07-06 04:30:00+00:00,0.0336528,0.09569047413199999,0.03499134011999999,0.0,0.085,7.999999995556577,8.0,0.7125000044434238,1.5,0.0,1.585,0.0,0.07583470074960999,1
2012-07-06 05:00:00+00:00,0.03319155,0.325062918291375,0.034511743901249996,0.0,0.108,7.943157890293419,7.9431579,0.05684209555657649,0.0,0.108,0.0,-0.0,0.0,1
2012-07-06 05:30:00+00:00,0.0338619,0.32582963277975,0.0352087570725,0.0,0.068,7.907368416609208,7.9073684,0.0357894902934186,0.0,0.068,0.0,-0.0,0.0,1
2012-07-06 06:00:00+00:00,0.03432315,0.326357188620375,0.035688353291249995,0.0,0.056,7.877894732398682,7.8778947,0.029473716609208722,0.0,0.056,0.0,-0.0,0.0,1
2012-07-06 06:30:00+00:00,0.03536865,0.327552981859125,0.03677543805375,0.0,0.498,7.615789469240787,7.6157895,0.26210523239868166,0.0,0.498,0.0,-0.0,0.0,1
2012-07-06 07:00:00+00:00,0.03814845,0.33073238505862507,0.03966580459875,0.0,2.307,6.8263157850302605,6.8263158,0.7894736692407873,0.0,1.5,0.8069999999999999,0.0,0.1334505173711552,1
2012-07-06 07:30:00+00:00,0.04169085,0.33478401391462503,0.04334910355875,0.001,0.215,6.713684206082892,6.7136842,0.11263158503026016,0.0,0.214,0.0,-0.0,0.0,1
2012-07-06 08:00:00+00:00,0.04980885,0.34406899670962504,0.05178999700874999,0.027,1.438,5.971052627135523,5.9710526,0.7426316060828917,0.0,1.411,0.0,-0.0,0.0,1
2012-07-06 08:30:00+00:00,0.0541692,0.34905615792300004,0.05632377993,0.041,0.09,5.945263153451313,5.9452632,0.025789427135523013,0.0,0.049,0.0,6.938893903907228e-18,-1.9541236660064464e-19,1
2012-07-06 09:00:00+00:00,0.0558789,0.35101163157225,0.058101483247499995,0.079,0.084,5.942631574503944,5.9426316,0.002631553451312385,0.0,0.005,4.336808689942018e-18,0.0,7.611351470366299e-19,1
2012-07-06 09:30:00+00:00,0.0567153,0.35196826616325005,0.0589711510575,0.044,0.14,5.892105258714471,5.8921053,0.050526274503944535,0.0,0.096,1.3877787807814457e-17,0.0,2.4422704564489726e-18,1
2012-07-06 10:00:00+00:00,0.05379405,0.34862707917262503,0.05593370833875,0.069,0.18,5.833684206082892,5.8336842,0.058421058714470675,0.0,0.111,0.0,1.3877787807814457e-17,-3.8811806781467727e-19,1
2012-07-06 10:30:00+00:00,0.0507744,0.34517334693600005,0.05279395175999999,0.07,0.31,5.707368416609207,5.7073684,0.12631580608289195,0.0,0.24,0.0,-0.0,0.0,1
2012-07-06 11:00:00+00:00,0.0436035,0.15657161213375,0.0453378292125,0.118,0.552,5.478947363977628,5.4789474,0.22842101660920733,0.0,0.434,5.551115123125783e-17,0.0,4.34573521983922e-18,1
2012-07-06 11:30:00+00:00,0.04346205,0.156409828342625,0.04519075303875,0.053,0.975,4.993684206082891,4.9936842,0.4852631639776286,0.0,0.922,0.0,1.1102230246251565e-16,-2.5085907261884756e-18,1
2012-07-06 12:00:00+00:00,0.0408483,0.15342034524575,0.04247304113249999,0.05,2.319,4.204210521872365,4.2042105,0.7894737060828909,0.0,1.5,0.7690000000000001,0.0,0.05899012274699088,1
2012-07-06 12:30:00+00:00,0.0403071,0.15280134639275,0.041910314902499995,0.082,0.593,4.204210521872365,4.2042105,2.1872364364128316e-08,0.0,0.0,0.511,0.0,0.03904074400334763,1
2012-07-06 13:00:00+00:00,0.0380931,0.15026907835775,0.03960825305249999,0.13,0.414,4.204210521872365,4.2042105,2.1872364364128316e-08,0.0,0.0,0.284,0.0,0.021338209126800498,1
2012-07-06 13:30:00+00:00,0.044526,0.157626723815,0.04629702165,0.102,0.738,3.8694736797671014,3.8694737,0.33473682187236475,0.0,0.636,0.0,-0.0,0.0,1
2012-07-06 14:00:00+00:00,0.04315455,0.15605812444887499,0.044871022226249994,0.099,0.555,3.6294736797671012,3.6294737,0.2399999797671013,0.0,0.456,5.551115123125783e-17,0.0,4.331483073573977e-18,1
2012-07-06 14:30:00+00:00,0.0376257,0.14973448843925,0.039122262217499995,0.024,0.419,3.6294736797671012,3.6294737,2.0232898911842767e-08,0.0,0.0,0.39499999999999996,0.0,0.02957256146675187,1
2012-07-06 15:00:00+00:00,0.0387327,0.15100062245674997,0.04027329314249999,0.041,0.471,3.6294736797671012,3.6294737,2.0232898911842767e-08,0.0,0.0,0.43,0.0,0.032465133828201244,1
2012-07-06 15:30:00+00:00,0.03865275,0.15090917944437499,0.04019016313125,0.09,0.297,3.6294736797671012,3.6294737,2.0232898911842767e-08,0.0,0.0,0.207,0.0,0.01561910007249281,1
2012-07-06 16:00:00+00:00,0.0404793,0.15299830057324998,0.042089364157499996,0.028,0.31,3.481052627135522,3.4810526,0.14842107976710128,0.0,0.282,0.0,-0.0,0.0,1
2012-07-06 16:30:00+00:00,0.0404055,0.15291389163875,0.0420126287625,0.003,1.449,3.159473685030259,3.1594737,0.3215789271355223,0.0,0.61099999,0.8350000100000001,0.0,0.06384155052374758,1
2012-07-06 17:00:00+00:00,0.0414018,0.1540534122545,0.043048556594999995,0.0,2.189,2.370000000819733,2.37,0.7894736850302588,0.0,1.5,0.6890000000000001,0.0,0.053071400521675256,1
2012-07-06 17:30:00+00:00,0.0453624,0.15858335840600002,0.047166689459999994,0.0,0.723,1.989473685030259,1.9894737,0.3805263008197328,0.0,0.723,0.0,-0.0,0.0,1
2012-07-06 18:00:00+00:00,0.05326515,0.16762214847537502,0.05538377134125,0.0,0.447,1.7542105271355222,1.7542105,0.23526318503025911,0.0,0.447,0.0,-0.0,0.0,1
2012-07-06 18:30:00+00:00,0.04825905,0.161896409085125,0.05017855371374999,0.0,0.274,1.6100000008197326,1.61,0.14421052713552207,0.0,0.274,0.0,-0.0,0.0,1
2012-07-06 19:00:00+00:00,0.0486096,0.16229735152400002,0.050543046839999994,0.0,0.253,1.4768421060828905,1.4768421,0.13315790081973256,0.0,0.253,0.0,-0.0,0.0,1
2012-07-06 19:30:00+00:00,0.04193685,0.154665377029625,0.04360488820874999,0.0,0.323,1.3068421060828905,1.3068421,0.17000000608289056,0.0,0.323,0.0,-0.0,0.0,1
2012-07-06 20:00:00+00:00,0.0382161,0.15040975991525,0.0397361453775,0.0,0.249,1.3068421060828905,1.3068421,6.08289063563916e-09,0.0,0.0,0.249,0.0,0.018726015109448622,1
2012-07-06 20:30:00+00:00,0.0453747,0.15859742656175,0.04717947869249999,0.0,0.194,1.2047368429249958,1.2047368,0.10210530608289048,0.0,0.194,0.0,-0.0,0.0,1
2012-07-06 21:00:00+00:00,0.0452394,0.1584426768485,0.047038797135,0.0,0.19,1.1047368429249957,1.1047368,0.10000004292499587,0.0,0.19,0.0,-0.0,0.0,1
2012-07-06 21:30:00+00:00,0.03977205,0.152189381617625,0.04135398328875,0.0,0.088,1.1047368429249957,1.1047368,4.292499578006925e-08,0.0,0.0,0.088,0.0,0.006696332791175499,1
2012-07-06 22:00:00+00:00,0.0400365,0.15249184696624998,0.0416289517875,0.0,0.088,1.1047368429249957,1.1047368,4.292499578006925e-08,0.0,0.0,0.088,0.0,0.006709641266514999,1
2012-07-06 22:30:00+00:00,0.04797,0.16156580742499999,0.049878006749999995,0.0,0.098,1.0531578955565748,1.0531579,0.05157894292499576,0.0,0.098,0.0,-0.0,0.0,1
2012-07-06 23:00:00+00:00,0.0398028,0.152224552007,0.04138595637,0.0,0.088,1.0531578955565748,1.0531579,4.443425183353611e-09,0.0,0.0,0.088,0.0,0.006697880288308,1
2012-07-06 23:30:00+00:00,0.0452886,0.1584989494715,0.047089954064999995,0.0,0.101,1.0000000008197327,1.0,0.0531578955565748,0.0,0.101,0.0,-0.0,0.0,1
2012-07-07 00:00:00+00:00,0.0423366,0.10562259209150002,0.044020538265,0.0,0.133,1.1259210520697327,1.1259211,0.09960529918026717,0.26509695,0.0,0.39809695,0.0,0.021024015881360138,1
2012-07-07 00:30:00+00:00,0.03867735,0.10143731575587499,0.04021574159624999,0.0,0.109,1.8384210520697326,1.8384211,0.7125000479302672,1.5,0.0,1.609,0.0,0.08160632052560143,1
2012-07-07 01:00:00+00:00,0.0371091,0.09964362589775001,0.03858511445249999,0.0,0.174,2.5509210520697323,2.5509211,0.7125000479302674,1.5,0.0,1.674,0.0,0.08340171487641676,1
2012-07-07 01:30:00+00:00,0.0364572,0.09889801364300002,0.03790728513,0.0,0.196,3.263421052069732,3.2634211,0.7125000479302677,1.5,0.0,1.696,0.0,0.08386551556926401,1
2012-07-07 02:00:00+00:00,0.03541785,0.09770925448212502,0.03682659498375,0.0,0.101,3.975921052069732,3.9759211,0.7125000479302677,1.5,0.0,1.601,0.0,0.07821625821294108,1
2012-07-07 02:30:00+00:00,0.03379425,0.095852257923125,0.03513841629375,0.0,0.087,4.688421052069732,4.6884211,0.7125000479302681,1.5,0.0,1.587,0.0,0.07605876666199969,1
2012-07-07 03:00:00+00:00,0.03386805,0.095936666857625,0.035215151688749995,0.0,0.071,5.400921052069732,5.4009211,0.7125000479302681,1.5,0.0,1.571,0.0,0.07535825181666443,1
2012-07-07 03:30:00+00:00,0.03383115,0.09589446239037501,0.035176783991249995,0.0,0.056,6.113421052069732,6.1134211,0.7125000479302681,1.5,0.0,1.556,0.0,0.07460589173971176,1
2012-07-07 04:00:00+00:00,0.03384345,0.09590853054612498,0.03518957322374999,0.0,0.08,6.825921052069733,6.8259211,0.7125000479302681,1.5,0.0,1.58,0.0,0.07576773913143874,1
2012-07-07 04:30:00+00:00,0.0331116,0.09507147527900002,0.034428613889999994,0.0,0.098,7.538421052069733,7.5384211,0.7125000479302672,1.5,0.0,1.598,0.0,0.07596210874792102,1
2012-07-07 05:00:00+00:00,0.0331608,0.325027747902,0.03447977082,0.0,0.08,7.496315788911838,7.4963158,0.04210525206973337,0.0,0.08,0.0,-0.0,0.0,1
2012-07-07 05:30:00+00:00,0.03328995,0.32517546353737503,0.03461405776125,0.0,0.086,7.4510526310171015,7.4510526,0.04526318891183845,0.0,0.086,0.0,-0.0,0.0,1
2012-07-07 06:00:00+00:00,0.03182625,0.323501353003125,0.03309213909375,0.0,0.079,7.40947368364868,7.4094737,0.041578931017101084,0.0,0.079,0.0,-0.0,0.0,1
2012-07-07 06:30:00+00:00,0.03295785,0.324795623332125,0.03426874848374999,0.0,0.054,7.381052631017101,7.3810526,0.02842108364867979,0.0,0.054,0.0,-0.0,0.0,1
2012-07-07 07:00:00+00:00,0.0326688,0.32446502167200003,0.03396820151999999,0.0,0.122,7.316842104701312,7.3168421,0.0642105310171015,0.0,0.122,0.0,-0.0,0.0,1
2012-07-07 07:30:00+00:00,0.0339603,0.32594217802575004,0.0353110709325,0.001,0.307,7.155789473122365,7.1557895,0.16105260470131189,0.0,0.306,0.0,-0.0,0.0,1
2012-07-07 08:00:00+00:00,0.0345507,0.32661744950175003,0.035924954092499996,0.041,0.377,6.978947367859207,6.9789474,0.17684207312236477,0.0,0.336,0.0,-0.0,0.0,1
2012-07-07 08:30:00+00:00,0.038499,0.3311333274975,0.040030297725,0.096,2.274,6.18947368364868,6.1894737,0.7894736678592071,0.0,1.5,0.6779999999999999,0.0,0.1122541980216525,1
2012-07-07 09:00:00+00:00,0.04545465,0.33908886957412504,0.04726260870374999,0.114,0.292,6.095789473122364,6.0957895,0.09368418364867992,0.0,0.178,0.0,-0.0,0.0,1
2012-07-07 09:30:00+00:00,0.04822215,0.34225420461787504,0.05014018601624999,0.168,0.263,6.0457894731223645,6.0457895,0.049999973122364594,0.0,0.095,0.0,-0.0,0.0,1
2012-07-07 10:00:00+00:00,0.04519635,0.338793438303375,0.04699403482125,0.173,0.996,5.612631578385522,5.6126316,0.4331578731223642,0.0,0.823,0.0,-0.0,0.0,1
2012-07-07 10:30:00+00:00,0.0423612,0.335550728403,0.044046116729999994,0.138,0.572,5.384210525753943,5.3842105,0.22842107838552206,0.0,0.434,0.0,5.551115123125783e-17,-1.2225253234743326e-18,1
2012-07-07 11:00:00+00:00,0.03755805,0.149657113582625,0.03905192143875,0.149,0.88,4.99947368364868,4.9994737,0.38473682575394275,0.0,0.731,0.0,-0.0,0.0,1
2012-07-07 11:30:00+00:00,0.0361497,0.14804630974925,0.037587554317499994,0.287,0.537,4.867894736280259,4.8678947,0.13157898364868004,0.0,0.25,5.551115123125783e-17,0.0,4.109110544860129e-18,1
2012-07-07 12:00:00+00:00,0.03559005,0.147406208662625,0.03700564423874999,0.158,0.313,4.786315788911837,4.7863158,0.08157893628025903,0.0,0.155,0.0,-0.0,0.0,1
2012-07-07 12:30:00+00:00,0.0348336,0.146541017084,0.036219106439999996,0.147,0.283,4.7147368415434165,4.7147368,0.07157898891183745,0.0,0.136,0.0,2.7755575615628914e-17,-5.02641073762966e-19,1
2012-07-07 13:00:00+00:00,0.0351165,0.14686458466625002,0.0365132587875,0.113,0.355,4.587368420490785,4.5873684,0.12736844154341664,0.0,0.242,0.0,-0.0,0.0,1
2012-07-07 13:30:00+00:00,0.0346491,0.14632999474775002,0.0360272679525,0.088,0.182,4.537894736280259,4.5378947,0.049473720490785134,0.0,0.094,0.0,-0.0,0.0,1
2012-07-07 14:00:00+00:00,0.03389265,0.145464803169125,0.03524073015375,0.096,0.455,4.348947367859206,4.3489474,0.1889473362802585,0.0,0.359,0.0,-0.0,0.0,1
2012-07-07 14:30:00+00:00,0.0339726,0.1455562461815,0.035323860165,0.171,0.424,4.215789473122364,4.2157895,0.13315786785920647,0.0,0.253,0.0,-0.0,0.0,1
2012-07-07 15:00:00+00:00,0.03395415,0.14553514394787498,0.03530467631625,0.05,0.25,4.110526315227627,4.1105263,0.10526317312236433,0.0,0.2,0.0,-0.0,0.0,1
2012-07-07 15:30:00+00:00,0.0353625,0.14714594778125,0.036769043437499996,0.048,0.279,3.9889473678592062,3.9889474,0.12157891522762743,0.0,0.231,2.7755575615628914e-17,0.0,2.042060240087934e-18,1
2012-07-07 16:00:00+00:00,0.0366294,0.14859496782349998,0.038086334385,0.037,1.677,3.19947368364868,3.1994737,0.7894736678592063,0.0,1.5,0.14000000000000012,0.0,0.010401647747645008,1
2012-07-07 16:30:00+00:00,0.03818535,0.15037458952587499,0.03970417229625,0.011,1.075,2.63947368364868,2.6394737,0.5599999836486802,0.0,1.064,0.0,-0.0,0.0,1
2012-07-07 17:00:00+00:00,0.04407705,0.15711323613012498,0.045830214663749994,0.001,0.276,2.494736841543417,2.4947368,0.14473688364867998,0.0,0.275,0.0,-0.0,0.0,1
2012-07-07 17:30:00+00:00,0.05060835,0.164583426833375,0.05262129712125,0.0,0.214,2.382105262596048,2.3821053,0.1126315415434167,0.0,0.214,0.0,-0.0,0.0,1
2012-07-07 18:00:00+00:00,0.0596181,0.17488835092025,0.061989409927499996,0.0,0.242,2.2547368415434166,2.2547368,0.12736846259604828,0.0,0.242,0.0,-0.0,0.0,1
2012-07-07 18:30:00+00:00,0.06343725,0.179256513280625,0.06596046661874999,0.0,0.625,1.925789473122364,1.9257895,0.32894734154341654,0.0,0.625,0.0,-0.0,0.0,1
2012-07-07 19:00:00+00:00,0.0563463,0.17114622149074998,0.0585874740825,0.0,0.374,1.728947367859206,1.7289474,0.1968420731223639,0.0,0.374,0.0,-0.0,0.0,1
2012-07-07 19:30:00+00:00,0.0528039,0.16709459263475,0.0549041751225,0.0,0.273,1.5852631573328901,1.5852632,0.143684167859206,0.0,0.273,0.0,-0.0,0.0,1
2012-07-07 20:00:00+00:00,0.0481914,0.1618190342285,0.050108212935,0.0,0.277,1.4394736836486797,1.4394737,0.14578945733289017,0.0,0.277,0.0,-0.0,0.0,1
2012-07-07 20:30:00+00:00,0.04465515,0.15777443945037498,0.04643130859124999,0.0,0.242,1.312105262596048,1.3121053,0.12736838364867964,0.0,0.242,0.0,-0.0,0.0,1
2012-07-07 21:00:00+00:00,0.0430377,0.15592447696925002,0.0447495245175,0.0,0.089,1.2652631573328903,1.2652632,0.04684206259604817,0.0,0.089,0.0,-0.0,0.0,1
2012-07-07 21:30:00+00:00,0.0379209,0.15007212417725,0.03942920379749999,0.0,0.091,1.217368420490785,1.2173684,0.04789475733289028,0.0,0.091,0.0,-0.0,0.0,1
2012-07-07 22:00:00+00:00,0.03721365,0.149263205221625,0.03869382292875,0.0,0.129,1.1494736836486799,1.1494737,0.06789472049078515,0.0,0.129,0.0,-0.0,0.0,1
2012-07-07 22:30:00+00:00,0.0395076,0.151886916269,0.04107901479,0.0,0.072,1.1115789468065747,1.1115789,0.03789478364867982,0.0,0.072,0.0,-0.0,0.0,1
2012-07-07 23:00:00+00:00,0.03797625,0.150135430878125,0.03948675534375,0.0,0.061,1.07947368364868,1.0794737,0.03210524680657456,0.0,0.061,0.0,-0.0,0.0,1
2012-07-07 23:30:00+00:00,0.0375765,0.14967821581625002,0.0390711052875,0.0,0.151,1.0,1.0,0.07947368364868002,0.0,0.151,0.0,-0.0,0.0,1
2012-07-08 00:00:00+00:00,0.0359037,0.09826494663425002,0.037331769667499994,0.0,0.136,1.0,1.0,0.0,0.0,0.0,0.136,0.0,0.0066820163711290015,1
2012-07-08 00:30:00+00:00,0.03378195,0.095838189767375,0.03512562706124999,0.0,0.17,1.7125,1.7125,0.7124999999999999,1.5,0.0,1.67,0.0,0.08002488845575813,1
2012-07-08 01:00:00+00:00,0.0338619,0.09592963277975002,0.0352087570725,0.0,0.191,2.425,2.425,0.7124999999999999,1.5,0.0,1.691,0.0,0.08110850451527864,1
2012-07-08 01:30:00+00:00,0.0339972,0.09608438249300001,0.03534943863,0.0,0.096,2.77934078975,2.7793408,0.3543408000000001,0.74598061,0.0,0.84198061,0.0,0.04045059349146474,1
2012-07-08 02:00:00+00:00,0.0341694,0.09628133667350001,0.035528487885,0.0,0.084,2.77934078975,2.7793408,1.0249999959910383e-08,0.0,0.0,0.084,0.0,0.004043816140287001,1
2012-07-08 02:30:00+00:00,0.0336405,0.09567640597625002,0.034978550887499994,0.0,0.088,3.49184078975,3.4918408,0.7125000102499999,1.5,0.0,1.588,0.0,0.07596706634514251,1
2012-07-08 03:00:00+00:00,0.0320415,0.09384754572875001,0.033315950662499996,0.0,0.071,4.20434078975,4.2043408,0.7125000102499999,1.5,0.0,1.571,0.0,0.07371724716993314,1
2012-07-08 03:30:00+00:00,0.03112515,0.09279946812537503,0.03236315284125,0.0,0.103,4.916840789749999,4.9168408,0.7125000102500003,1.5,0.0,1.603,0.0,0.07437877370248808,1
2012-07-08 04:00:00+00:00,0.0311559,0.09283463851475002,0.0323951259225,0.0,0.071,5.62934078975,5.6293408,0.7125000102500003,1.5,0.0,1.571,0.0,0.07292160855333614,1
2012-07-08 04:30:00+00:00,0.03067005,0.09227894636262501,0.03188995123875,0.0,0.053,6.34184078975,6.3418408,0.7125000102500003,1.5,0.0,1.553,0.0,0.07165460185057831,1
2012-07-08 05:00:00+00:00,0.03075615,0.322277423452875,0.031979475866249996,0.0,0.101,6.2886828950131575,6.2886829,0.053157889749999576,0.0,0.101,0.0,-0.0,0.0,1
2012-07-08 05:30:00+00:00,0.03037485,0.321841310624625,0.031583009658749994,0.0,0.069,6.252367105539474,6.2523671,0.036315795013157626,0.0,0.069,0.0,-0.0,0.0,1
2012-07-08 06:00:00+00:00,0.0302211,0.32166545867775004,0.0314231442525,0.0,0.081,6.209735526592105,6.2097355,0.04263160553947376,0.0,0.081,0.0,-0.0,0.0,1
2012-07-08 06:30:00+00:00,0.0305778,0.3220734351945,0.031794031995,0.0,0.098,6.158156579223684,6.1581566,0.05157892659210539,0.0,0.098,0.0,-0.0,0.0,1
2012-07-08 07:00:00+00:00,0.03124815,0.32284014968287505,0.032491045166249996,0.0,0.095,6.108156579223684,6.1081566,0.04999997922368404,0.0,0.095,0.0,-0.0,0.0,1
2012-07-08 07:30:00+00:00,0.0334068,0.32530911101700005,0.03473555546999999,0.001,0.915,5.627103947644737,5.6271039,0.48105267922368444,0.0,0.914,0.0,-0.0,0.0,1
2012-07-08 08:00:00+00:00,0.03404025,0.32603362103812505,0.035394200943749995,0.039,0.502,5.383419737118421,5.3834197,0.24368424764473673,0.0,0.463,0.0,-0.0,0.0,1
2012-07-08 08:30:00+00:00,0.03488895,0.32700432378487504,0.036276657986249995,0.092,0.245,5.302893421328948,5.3028934,0.08052633711842105,0.0,0.153,0.0,-0.0,0.0,1
2012-07-08 09:00:00+00:00,0.03495045,0.32707466456362505,0.03634060414875,0.131,0.265,5.232367105539474,5.2323671,0.07052632132894754,0.0,0.134,0.0,-0.0,0.0,1
2012-07-08 09:30:00+00:00,0.034686,0.326772199215,0.03606563565,0.181,0.21,5.217103947644738,5.2171039,0.015263205539474356,0.0,0.029,0.0,3.469446951953614e-18,-6.256390483808105e-20,1
2012-07-08 10:00:00+00:00,0.03563925,0.327862481285625,0.03705680116874999,0.227,0.213,5.223753947644737,5.2237539,0.006649952355262556,0.014,0.0,0.0,-0.0,0.0,1
2012-07-08 10:30:00+00:00,0.03544245,0.3276373907936251,0.03685217344875,0.257,0.162,5.268878947644737,5.2688789,0.04512495235526259,0.095,0.0,0.0,-0.0,0.0,1
2012-07-08 11:00:00+00:00,0.03433545,0.145971256776125,0.03570114252375,0.275,0.218,5.295953947644737,5.2959539,0.027074952355262916,0.057,0.0,0.0,-0.0,0.0,1
2012-07-08 11:30:00+00:00,0.03444615,0.146097870177875,0.03581624561625,0.264,0.189,5.331578947644736,5.3315789,0.03562495235526342,0.075,0.0,0.0,-0.0,0.0,1
2012-07-08 12:00:00+00:00,0.03442155,0.146069733866375,0.035790667151250004,0.124,0.172,5.306315789749999,5.3063158,0.02526314764473625,0.0,0.048,0.0,1.3877787807814457e-17,-2.4834764211258134e-19,1
2012-07-08 12:30:00+00:00,0.03444615,0.146097870177875,0.03581624561625,0.027,0.195,5.217894737118421,5.2178947,0.08842108974999885,0.0,0.168,0.0,-0.0,0.0,1
2012-07-08 13:00:00+00:00,0.03381885,0.145380394234625,0.03516399475874999,0.025,0.147,5.1536842108026315,5.1536842,0.06421053711842095,0.0,0.122,0.0,-0.0,0.0,1
2012-07-08 13:30:00+00:00,0.033825,0.1453874283125,0.035170389375,0.03,0.185,5.07210526343421,5.0721053,0.08157891080263191,0.0,0.155,0.0,-0.0,0.0,1
2012-07-08 14:00:00+00:00,0.03381885,0.145380394234625,0.03516399475874999,0.06,0.243,4.975789473960526,4.9757895,0.09631576343420978,0.0,0.183,0.0,-0.0,0.0,1
2012-07-08 14:30:00+00:00,0.03375735,0.145310053455875,0.03510004859625,0.047,0.361,4.810526316065789,4.8105263,0.16526317396052548,0.0,0.314,0.0,-0.0,0.0,1
2012-07-08 15:00:00+00:00,0.03384345,0.14540853054612501,0.03518957322374999,0.037,0.778,4.420526316065789,4.4205263,0.39000001606578927,0.0,0.741,0.0,-0.0,0.0,1
2012-07-08 15:30:00+00:00,0.03444615,0.146097870177875,0.03581624561625,0.022,0.64,4.095263158171052,4.0952632,0.3252631160657895,0.0,0.618,0.0,-0.0,0.0,1
2012-07-08 16:00:00+00:00,0.0344154,0.1460626997885,0.035784272534999995,0.019,0.776,3.6968421055394733,3.6968421,0.39842105817105233,0.0,0.757,0.0,-0.0,0.0,1
2012-07-08 16:30:00+00:00,0.0351165,0.14686458466625002,0.0365132587875,0.002,0.385,3.4952631581710523,3.4952632,0.20157890553947322,0.0,0.383,0.0,-0.0,0.0,1
2012-07-08 17:00:00+00:00,0.04011645,0.152583289978625,0.041712081798749995,0.0,0.155,3.4136842108026313,3.4136842,0.08157895817105221,0.0,0.155,0.0,-0.0,0.0,1
2012-07-08 17:30:00+00:00,0.0465309,0.15991983320225,0.0483816665475,0.0,0.3,3.255789473960526,3.2557895,0.15789471080263118,0.0,0.3,0.0,-0.0,0.0,1
2012-07-08 18:00:00+00:00,0.05857875,0.173699591759375,0.060908719781249995,0.0,0.884,2.790526316065789,2.7905263,0.4652631739605262,0.0,0.884,0.0,-0.0,0.0,1
2012-07-08 18:30:00+00:00,0.0590646,0.1742552839115,0.061413894465,0.0,0.559,2.4963157897499992,2.4963158,0.29421051606578885,0.0,0.559,0.0,-0.0,0.0,1
2012-07-08 19:00:00+00:00,0.05600805,0.170759347207625,0.05823577018874999,0.0,0.372,2.3005263160657887,2.3005263,0.1957894897499992,0.0,0.372,0.0,-0.0,0.0,1
2012-07-08 19:30:00+00:00,0.051168,0.16522352792,0.05320320719999999,0.0,0.978,1.7857894739605256,1.7857895,0.5147368160657888,0.0,0.978,0.0,-0.0,0.0,1
2012-07-08 20:00:00+00:00,0.04977195,0.163626792242375,0.05175162931125,0.0,0.491,1.5273684213289467,1.5273684,0.2584210739605255,0.0,0.491,0.0,-0.0,0.0,1
2012-07-08 20:30:00+00:00,0.0468753,0.16031374156325,0.048739765057499995,0.0,0.42,1.3063157897499993,1.3063158,0.22105262132894676,0.0,0.42,0.0,-0.0,0.0,1
2012-07-08 21:00:00+00:00,0.04126035,0.153891628463375,0.04290148042125,0.0,0.19,1.2063157897499992,1.2063158,0.09999998974999924,0.0,0.19,0.0,-0.0,0.0,1
2012-07-08 21:30:00+00:00,0.0430254,0.15591040881350002,0.044736735284999996,0.0,0.085,1.161578947644736,1.1615789,0.04473688974999912,0.0,0.085,0.0,-0.0,0.0,1
2012-07-08 22:00:00+00:00,0.0392493,0.15159148499825,0.0408104409075,0.0,0.097,1.1105263160657886,1.1105263,0.05105264764473594,0.0,0.097,0.0,-0.0,0.0,1
2012-07-08 22:30:00+00:00,0.0363711,0.14829953655275,0.0378177605025,0.0,0.058,1.0800000002763148,1.08,0.030526316065788484,0.0,0.058,0.0,-0.0,0.0,1
2012-07-08 23:00:00+00:00,0.03563925,0.147462481285625,0.03705680116874999,0.0,0.07,1.0431578950131568,1.0431579,0.03684210027631485,0.0,0.07,0.0,-0.0,0.0,1
2012-07-08 23:30:00+00:00,0.0360759,0.14796190081475,0.037510818922499994,0.0,0.082,1.0000000002763147,1.0,0.04315789501315681,0.0,0.082,0.0,-0.0,0.0,1
2012-07-09 00:00:00+00:00,0.03561465,0.09793434497412501,0.03703122270374999,0.0,0.085,1.0000000002763147,1.0,2.7631474885936314e-10,0.0,0.0,0.085,0.0,0.004162209661400313,1
2012-07-09 00:30:00+00:00,0.03374505,0.09579598530012501,0.03508725936375,0.0,0.08,1.0000000002763147,1.0,2.7631474885936314e-10,0.0,0.0,0.08,0.0,0.0038318394120050005,1
2012-07-09 01:00:00+00:00,0.03391725,0.09599293948062503,0.03526630861875,0.0,0.094,1.0000000002763147,1.0,2.7631474885936314e-10,0.0,0.0,0.094,0.0,0.004511668155589376,1
2012-07-09 01:30:00+00:00,0.0341202,0.09622506405050002,0.035477330955000004,0.0,0.059,1.0000000002763147,1.0,2.7631474885936314e-10,0.0,0.0,0.059,0.0,0.0028386393894897504,1
2012-07-09 02:00:00+00:00,0.0338496,0.09591556462400001,0.03519596784,0.0,0.056,1.0000000002763147,1.0,2.7631474885936314e-10,0.0,0.0,0.056,0.0,0.0026856358094720003,1
2012-07-09 02:30:00+00:00,0.03370815,0.095753780832875,0.03504889166625,0.0,0.091,1.0000000002763147,1.0,2.7631474885936314e-10,0.0,0.0,0.091,0.0,0.004356797027895812,1
2012-07-09 03:00:00+00:00,0.0326688,0.09456502167199998,0.03396820151999999,0.0,0.081,1.3468736855263148,1.3468737,0.3468736997236852,0.73026039,0.0,0.8112603899999999,0.0,0.038358428180992575,1
2012-07-09 03:30:00+00:00,0.03153105,0.093263717265125,0.032785197513749996,0.0,0.07,2.0593736855263147,2.0593737,0.7125000144736853,1.5,0.0,1.57,0.0,0.07321201805312313,1
2012-07-09 04:00:00+00:00,0.0311928,0.092876842982,0.032433493619999997,0.0,0.1,2.7718736855263146,2.7718737,0.7125000144736853,1.5,0.0,1.6,0.0,0.0743014743856,1
2012-07-09 04:30:00+00:00,0.03178935,0.09355914853587502,0.03305377139625,0.0,0.066,3.4843736855263145,3.4843737,0.7125000144736853,1.5,0.0,1.566,0.0,0.07325681330359014,1
2012-07-09 05:00:00+00:00,0.03415095,0.326160234439875,0.035509304036249995,0.0,0.055,3.4554263171052617,3.4554263,0.028947385526314484,0.0,0.055,0.0,-0.0,0.0,1
2012-07-09 05:30:00+00:00,0.0344892,0.3265471087230001,0.035861007929999994,0.0,0.083,3.411742106578946,3.4117421,0.0436842171052616,0.0,0.083,0.0,-0.0,0.0,1
2012-07-09 06:00:00+00:00,0.03604515,0.328326730425375,0.03747884584125,0.0,0.077,3.3712157907894724,3.3712158,0.04052630657894607,0.0,0.077,0.0,-0.0,0.0,1
2012-07-09 06:30:00+00:00,0.04057155,0.33350381174137506,0.042185283401249996,0.0,0.079,3.3296368434210515,3.3296368,0.04157899078947258,0.0,0.079,0.0,-0.0,0.0,1
2012-07-09 07:00:00+00:00,0.0448581,0.33840656402025,0.046642330927499996,0.0,0.251,3.1975315802631568,3.1975316,0.13210524342105145,0.0,0.251,0.0,-0.0,0.0,1
2012-07-09 07:30:00+00:00,0.04326525,0.33658473785062504,0.044986125318749993,0.002,0.546,2.9112157907894725,2.9112158,0.28631578026315685,0.0,0.544,0.0,-0.0,0.0,1
2012-07-09 08:00:00+00:00,0.0521028,0.34669270775700006,0.05417518886999999,0.041,0.343,2.7522684223684197,2.7522684,0.1589473907894723,0.0,0.302,5.551115123125783e-17,0.0,9.622655665536552e-18,1
2012-07-09 08:30:00+00:00,0.0554484,0.35051924612100005,0.05765386011,0.098,0.222,2.687005264473683,2.6870053,0.06526312236841969,0.0,0.124,0.0,-0.0,0.0,1
2012-07-09 09:00:00+00:00,0.0549933,0.34999872435825,0.057180658507499996,0.146,0.592,2.45226842236842,2.4522684,0.23473686447368314,0.0,0.446,0.0,5.551115123125783e-17,-1.5870820909563709e-18,1
2012-07-09 09:30:00+00:00,0.0552762,0.3503222919405,0.057474810854999996,0.177,0.308,2.3833210539473675,2.3833211,0.06894732236842005,0.0,0.131,0.0,-0.0,0.0,1
2012-07-09 10:00:00+00:00,0.0532221,0.34797290993025004,0.0553390090275,0.207,0.538,2.209110527631578,2.2091105,0.1742105539473675,0.0,0.331,5.551115123125783e-17,0.0,9.658188413759484e-18,1
2012-07-09 10:30:00+00:00,0.04862805,0.342718453757625,0.050562230688749994,0.261,0.118,2.2770355276315777,2.2770355,0.06792497236842232,0.143,0.0,0.0,-0.0,0.0,1
2012-07-09 11:00:00+00:00,0.04844355,0.162107431421375,0.050370392201249996,0.266,0.093,2.3592105276315776,2.3592105,0.08217497236842242,0.173,0.0,0.0,-0.0,0.0,1
2012-07-09 11:30:00+00:00,0.0465924,0.159990173981,0.048445612709999995,0.29,0.051,2.4727355276315777,2.4727355,0.11352497236842263,0.239,0.0,0.0,-0.0,0.0,1
2012-07-09 12:00:00+00:00,0.04737345,0.160883501871125,0.04925772897374999,0.195,0.088,2.523560527631578,2.5235605,0.050824972368422205,0.107,0.0,0.0,-0.0,0.0,1
2012-07-09 12:30:00+00:00,0.0466908,0.160102719227,0.04854792656999999,0.025,0.072,2.4988236855263146,2.4988237,0.024736827631577807,0.0,0.047,0.0,6.938893903907228e-18,-1.6843445586195434e-19,1
2012-07-09 13:00:00+00:00,0.0467646,0.1601871281615,0.048624661964999996,0.029,0.073,2.4756657907894724,2.4756658,0.023157885526314814,0.0,0.044,0.0,-0.0,0.0,1
2012-07-09 13:30:00+00:00,0.04620495,0.159547027074875,0.04804275188625,0.027,0.127,2.4230342118421038,2.4230342,0.05263159078947233,0.0,0.1,0.0,-0.0,0.0,1
2012-07-09 14:00:00+00:00,0.0457437,0.15901947123425,0.047563155667499996,0.073,0.052,2.4330092118421036,2.4330092,0.009974988157896103,0.021,0.0,0.0,-0.0,0.0,1
2012-07-09 14:30:00+00:00,0.0430992,0.155994817748,0.044813470679999995,0.182,0.063,2.4895342118421038,2.4895342,0.056524988157896416,0.119,0.0,0.0,-0.0,0.0,1
2012-07-09 15:00:00+00:00,0.0410943,0.15370170836075,0.0427288257825,0.163,0.101,2.518984211842104,2.5189842,0.029449988157896012,0.062,0.0,0.0,-0.0,0.0,1
2012-07-09 15:30:00+00:00,0.0409344,0.15351882233599998,0.04256256576,0.12,0.068,2.543684211842104,2.5436842,0.02469998815789598,0.052,0.0,0.0,-0.0,0.0,1
2012-07-09 16:00:00+00:00,0.04148175,0.15414485526687502,0.04313168660625,0.02,0.127,2.48736842236842,2.4873684,0.056315811842104324,0.0,0.107,0.0,-0.0,0.0,1
2012-07-09 16:30:00+00:00,0.0406515,0.15319525475375,0.0422684134125,0.001,0.053,2.4600000013157883,2.46,0.027368422368419854,0.0,0.052,0.0,-0.0,0.0,1
2012-07-09 17:00:00+00:00,0.04199835,0.154735717808375,0.04366883437124999,0.0,0.049,2.4342105276315777,2.4342105,0.0257895013157885,0.0,0.049,0.0,-0.0,0.0,1
2012-07-09 17:30:00+00:00,0.0454608,0.158695903652,0.04726900332,0.0,0.109,2.376842106578946,2.3768421,0.05736842763157757,0.0,0.109,0.0,-0.0,0.0,1
2012-07-09 18:00:00+00:00,0.08497455,0.203889853998875,0.08835441272624998,0.0,0.08,2.334736843421051,2.3347368,0.04210530657894607,0.0,0.08,0.0,-0.0,0.0,1
2012-07-09 18:30:00+00:00,0.14653605,0.27430097352762495,0.15236452138874998,0.0,0.291,1.5452631592105248,1.5452632,0.7894736434210512,0.0,1.5,0.0,1.209,-0.09210435317949937,1
2012-07-09 19:00:00+00:00,0.0823731,0.20091443905775003,0.0856494900525,0.0,0.07,1.5084210539473668,1.5084211,0.03684205921052475,0.0,0.07,0.0,-0.0,0.0,1
2012-07-09 19:30:00+00:00,0.05312985,0.167467398762125,0.05524308978375,0.0,0.048,1.48315789605263,1.4831579,0.02526315394736689,0.0,0.048,0.0,-0.0,0.0,1
2012-07-09 20:00:00+00:00,0.0465924,0.159990173981,0.048445612709999995,0.0,0.111,1.424736843421051,1.4247368,0.058421096052629906,0.0,0.111,0.0,-0.0,0.0,1
2012-07-09 20:30:00+00:00,0.0482775,0.16191751131874998,0.0501977375625,0.0,0.065,1.3905263171052615,1.3905263,0.0342105434210509,0.0,0.065,0.0,-0.0,0.0,1
2012-07-09 21:00:00+00:00,0.0465924,0.159990173981,0.048445612709999995,0.0,0.065,1.356315790789472,1.3563158,0.03421051710526157,0.0,0.065,0.0,-0.0,0.0,1
2012-07-09 21:30:00+00:00,0.04085445,0.153427379323625,0.04247943574875,0.0,0.098,1.304736843421051,1.3047368,0.051578990789472146,0.0,0.098,0.0,-0.0,0.0,1
2012-07-09 22:00:00+00:00,0.0380685,0.15024094204625,0.03958267458749999,0.0,0.062,1.2721052644736826,1.2721053,0.0326315434210509,0.0,0.062,0.0,-0.0,0.0,1
2012-07-09 22:30:00+00:00,0.05354805,0.16794571605762498,0.05567792368874999,0.0,0.051,1.2452631592105246,1.2452632,0.026842064473682647,0.0,0.051,0.0,-0.0,0.0,1
2012-07-09 23:00:00+00:00,0.0442431,0.15730315623274999,0.04600286930249999,0.0,0.103,1.191052632894735,1.1910526,0.054210559210524645,0.0,0.103,0.0,-0.0,0.0,1
2012-07-09 23:30:00+00:00,0.04609425,0.159420413673125,0.04792764879375,0.0,0.063,1.157894738157893,1.1578947,0.03315793289473512,0.0,0.063,0.0,-0.0,0.0,1
2012-07-10 00:00:00+00:00,0.0440955,0.10763433836375,0.04584939851249999,0.0,0.078,1.157894738157893,1.1578947,3.8157893067491955e-08,0.0,0.0,0.078,0.0,0.00419773919618625,1
2012-07-10 00:30:00+00:00,0.04249035,0.105798444038375,0.04418040367125,0.0,0.084,1.157894738157893,1.1578947,3.8157893067491955e-08,0.0,0.0,0.084,0.0,0.0044435346496117505,1
2012-07-10 01:00:00+00:00,0.04246575,0.105770307726875,0.04415482520625,0.0,0.048,1.157894738157893,1.1578947,3.8157893067491955e-08,0.0,0.0,0.048,0.0,0.002538487385445,1
2012-07-10 01:30:00+00:00,0.04379415,0.10728966854787501,0.045536062316249994,0.0,0.09,1.157894738157893,1.1578947,3.8157893067491955e-08,0.0,0.0,0.09,0.0,0.004828035084654375,1
2012-07-10 02:00:00+00:00,0.04001805,0.10297074473262502,0.04160976793874999,0.0,0.076,1.157894738157893,1.1578947,3.8157893067491955e-08,0.0,0.0,0.076,0.0,0.003912888299839751,1
2012-07-10 02:30:00+00:00,0.03590985,0.098271980712125,0.037338164283749996,0.0,0.064,1.157894738157893,1.1578947,3.8157893067491955e-08,0.0,0.0,0.064,0.0,0.003144703382788,1
2012-07-10 03:00:00+00:00,0.0353748,0.09766001593700001,0.03678183266999999,0.0,0.104,1.157894738157893,1.1578947,3.8157893067491955e-08,0.0,0.0,0.104,0.0,0.005078320828724,1
2012-07-10 03:30:00+00:00,0.0349443,0.09716763048574999,0.036334209532499995,0.0,0.065,1.157894738157893,1.1578947,3.8157893067491955e-08,0.0,0.0,0.065,0.0,0.0031579479907868748,1
2012-07-10 04:00:00+00:00,0.03388035,0.095950735013375,0.03522794092124999,0.0,0.046,1.870394738157893,1.8703947,0.7124999618421071,1.5,0.0,1.546,0.0,0.07416991816533888,1
2012-07-10 04:30:00+00:00,0.03444615,0.09659787017787502,0.03581624561625,0.0,0.095,2.535027610657893,2.5350276,0.6646328618421069,1.3992271,0.0,1.4942271,0.0,0.07216957771103134,1
2012-07-10 05:00:00+00:00,0.03495045,0.32707466456362505,0.03634060414875,0.0,0.065,2.5008170843421036,2.5008171,0.034210510657893156,0.0,0.065,0.0,-0.0,0.0,1
2012-07-10 05:30:00+00:00,0.03749655,0.329986772803875,0.03898797527624999,0.0,0.068,2.465027610657893,2.4650276,0.035789484342103606,0.0,0.068,0.0,-0.0,0.0,1
2012-07-10 06:00:00+00:00,0.0397044,0.332512006761,0.041283642509999996,0.0,0.111,2.406606558026314,2.4066066,0.05842101065789329,0.0,0.111,0.0,-0.0,0.0,1
2012-07-10 06:30:00+00:00,0.0424473,0.33564920549325,0.0441356413575,0.0,0.046,2.3823960317105244,2.382396,0.02421055802631411,0.0,0.046,0.0,-0.0,0.0,1
2012-07-10 07:00:00+00:00,0.0454977,0.33913810811925005,0.0473073710175,0.0,0.067,2.3471328738157875,2.3471329,0.03526313171052431,0.0,0.067,0.0,-0.0,0.0,1
2012-07-10 07:30:00+00:00,0.0415125,0.33458002565625006,0.043163659687499994,0.004,0.083,2.3055539264473666,2.3055539,0.04157897381578746,0.0,0.079,0.0,-0.0,0.0,1
2012-07-10 08:00:00+00:00,0.04995645,0.344237814578625,0.05194346779875,0.033,0.063,2.289764452763156,2.2897645,0.015789426447366584,0.0,0.03,0.0,-0.0,0.0,1
2012-07-10 08:30:00+00:00,0.05535615,0.35041373495287503,0.05755794086625,0.05,0.104,2.2613434001315773,2.2613434,0.028421052763156318,0.0,0.054,0.0,6.938893903907228e-18,-1.9969422249913742e-19,1
2012-07-10 09:00:00+00:00,0.05650005,0.351722073437625,0.05874733948875,0.043,0.07,2.247132873815788,2.2471329,0.01421050013157732,0.0,0.027,1.0408340855860843e-17,0.0,1.83042161343446e-18,1
2012-07-10 09:30:00+00:00,0.05739795,0.35274904880737507,0.05968095346125,0.045,0.049,2.245027610657893,2.2450276,0.002105273815788067,0.0,0.004,3.469446951953614e-18,0.0,6.119220560946421e-19,1
2012-07-10 10:00:00+00:00,0.0528777,0.34757900156925003,0.0549809105175,0.073,0.086,2.238185505394735,2.2381855,0.006842110657892864,0.0,0.013,0.0,1.734723475976807e-18,-4.76883381026437e-20,1
2012-07-10 10:30:00+00:00,0.0541815,0.34907022607875005,0.056336569162499996,0.234,0.064,2.318935505394735,2.3189355,0.08074999460526477,0.17,0.0,0.0,-0.0,0.0,1
2012-07-10 11:00:00+00:00,0.05367105,0.168086397615125,0.055805816013749995,0.176,0.165,2.324160505394735,2.3241605,0.005224994605264932,0.011,0.0,2.7755575615628914e-17,0.0,2.3326673594826348e-18,1
2012-07-10 11:30:00+00:00,0.0571212,0.172032515303,0.059393195729999994,0.24,0.13,2.376410505394735,2.3764105,0.05224999460526503,0.11,0.0,0.0,-0.0,0.0,1
2012-07-10 12:00:00+00:00,0.05330205,0.167664352942625,0.05542213903875,0.217,0.091,2.436260505394735,2.4362605,0.05984999460526508,0.126,0.0,0.0,-0.0,0.0,1
2012-07-10 12:30:00+00:00,0.05365875,0.168072329459375,0.05579302678124999,0.07,0.109,2.4157341896052613,2.4157342,0.020526305394734656,0.0,0.039,0.0,6.938893903907228e-18,-1.9357094670647415e-19,1
2012-07-10 13:00:00+00:00,0.05022705,0.164147314005125,0.05222483091375,0.111,0.072,2.434259189605261,2.4342592,0.01852501039473875,0.039,0.0,0.0,1.3877787807814457e-17,-3.6238256086000564e-19,1
2012-07-10 13:30:00+00:00,0.0530253,0.16734781943825,0.055134381307499994,0.083,0.061,2.4447091896052613,2.4447092,0.010450010394738918,0.022,0.0,0.0,1.3877787807814457e-17,-3.8257162235030835e-19,1
2012-07-10 14:00:00+00:00,0.05400315,0.168466237820375,0.05615112529125,0.083,0.125,2.4226039264473664,2.4226039,0.02210528960526137,0.0,0.042,0.0,6.938893903907228e-18,-1.948133504904928e-19,1
2012-07-10 14:30:00+00:00,0.05324055,0.167594012163875,0.05535819287625,0.13,0.069,2.4515789264473664,2.4515789,0.028974973552633454,0.061,0.0,0.0,-0.0,0.0,1
2012-07-10 15:00:00+00:00,0.0515247,0.16563150443675,0.0535740949425,0.08,0.099,2.4415789264473666,2.4415789,0.010000026447366306,0.0,0.019,3.469446951953614e-18,0.0,2.873248591077869e-19,1
2012-07-10 15:30:00+00:00,0.05509785,0.16971830368212498,0.057289366983749986,0.021,0.072,2.4147368211842086,2.4147368,0.02684212644736661,0.0,0.051,0.0,6.938893903907228e-18,-1.987624196611234e-19,1
2012-07-10 16:00:00+00:00,0.05747175,0.17243345774187502,0.05975768885625,0.027,0.062,2.3963157685526295,2.3963158,0.01842102118420863,0.0,0.035,0.0,-0.0,0.0,1
2012-07-10 16:30:00+00:00,0.05959965,0.17486724868662498,0.06197022607874999,0.003,0.134,2.327368400131577,2.3273684,0.0689473685526294,0.0,0.131,0.0,-0.0,0.0,1
2012-07-10 17:00:00+00:00,0.0533574,0.1677276596435,0.055479690585,0.001,0.067,2.292631558026314,2.2926316,0.034736800131577095,0.0,0.066,0.0,-0.0,0.0,1
2012-07-10 17:30:00+00:00,0.05918145,0.174388931391125,0.061535392173749995,0.0,0.081,2.2499999790789458,2.25,0.04263155802631413,0.0,0.081,0.0,-0.0,0.0,1
2012-07-10 18:00:00+00:00,0.0989781,0.21990644932025002,0.1029149539275,0.0,0.071,2.212631558026314,2.2126316,0.03736837907894586,0.0,0.071,0.0,-0.0,0.0,1
2012-07-10 18:30:00+00:00,0.11472825,0.23792072275812498,0.11929156614374999,0.0,0.071,1.4231578738157877,1.4231579,0.789473658026314,0.0,1.5,0.0,1.429,-0.08523382400970937,1
2012-07-10 19:00:00+00:00,0.05653695,0.171364277904875,0.05878570718625,0.0,0.118,1.361052610657893,1.3610526,0.062105273815787676,0.0,0.118,0.0,-0.0,0.0,1
2012-07-10 19:30:00+00:00,0.04469205,0.157816643917625,0.04646967628874999,0.0,0.066,1.32631576855263,1.3263158,0.034736810657893136,0.0,0.066,0.0,-0.0,0.0,1
2012-07-10 20:00:00+00:00,0.042189,0.1549537742225,0.043867067475,0.0,0.1,1.2736841896052615,1.2736842,0.05263156855262996,0.0,0.1,0.0,-0.0,0.0,1
2012-07-10 20:30:00+00:00,0.0427671,0.15561497754275,0.0444681614025,0.0,0.069,1.2373684001315772,1.2373684,0.036315789605261495,0.0,0.069,0.0,-0.0,0.0,1
2012-07-10 21:00:00+00:00,0.043419,0.15636058979749998,0.045145990724999994,0.0,0.052,1.2099999790789457,1.21,0.027368400131577264,0.0,0.052,0.0,-0.0,0.0,1
2012-07-10 21:30:00+00:00,0.04191225,0.154637240718125,0.043579309743749996,0.0,0.114,1.1499999790789457,1.15,0.05999997907894583,0.0,0.114,0.0,-0.0,0.0,1
2012-07-10 22:00:00+00:00,0.03757035,0.149671181738375,0.039064710671249996,0.0,0.078,1.1089473474999982,1.1089473,0.04105267907894561,0.0,0.078,0.0,-0.0,0.0,1
2012-07-10 22:30:00+00:00,0.0511311,0.16518132345275,0.05316483950249999,0.0,0.084,1.0647368211842088,1.0647368,0.04421054749999831,0.0,0.084,0.0,-0.0,0.0,1
2012-07-10 23:00:00+00:00,0.03969825,0.152104972683125,0.041277247893749994,0.0,0.075,1.0252631369736824,1.0252631,0.039473721184208665,0.0,0.075,0.0,-0.0,0.0,1
2012-07-10 23:30:00+00:00,0.04455675,0.157661894204375,0.046328994731249996,0.0,0.048,1.0000000001315772,1.0,0.02526315697368242,0.0,0.04799996,3.999999999976245e-08,0.0,3.153237884068774e-09,1
2012-07-11 00:00:00+00:00,0.037023,0.09954514880750001,0.038495589824999996,0.0,0.125,1.0000000001315772,1.0,1.3157719358503073e-10,0.0,0.0,0.125,0.0,0.006221571800468751,1
2012-07-11 00:30:00+00:00,0.0363219,0.09874326392975,0.037766603572499995,0.0,0.066,1.0000000001315772,1.0,1.3157719358503073e-10,0.0,0.0,0.066,0.0,0.00325852770968175,1
2012-07-11 01:00:00+00:00,0.03642645,0.098862843253625,0.03787531204875,0.0,0.075,1.0000000001315772,1.0,1.3157719358503073e-10,0.0,0.0,0.075,0.0,0.0037073566220109373,1
2012-07-11 01:30:00+00:00,0.036654,0.09912310413500001,0.03811191285,0.0,0.087,1.0000000001315772,1.0,1.3157719358503073e-10,0.0,0.0,0.087,0.0,0.0043118550298725,1
2012-07-11 02:00:00+00:00,0.03508575,0.097329414276875,0.03648128570625,0.0,0.049,1.0000000001315772,1.0,1.3157719358503073e-10,0.0,0.0,0.049,0.0,0.0023845706497834375,1
2012-07-11 02:30:00+00:00,0.0342678,0.09639388191949999,0.035630801744999996,0.0,0.113,1.0000000001315772,1.0,1.3157719358503073e-10,0.0,0.0,0.113,0.0,0.0054462543284517495,1
2012-07-11 03:00:00+00:00,0.0337389,0.09578895122225002,0.0350808647475,0.0,0.071,1.0000000001315772,1.0,1.3157719358503073e-10,0.0,0.0,0.071,0.0,0.0034005077683898753,1
2012-07-11 03:30:00+00:00,0.03357285,0.095599031119625,0.03490821010875,0.0,0.066,1.0000000001315772,1.0,1.3157719358503073e-10,0.0,0.0,0.066,0.0,0.003154768026947625,1
2012-07-11 04:00:00+00:00,0.03322845,0.09520512275862501,0.034550111598749995,0.0,0.104,1.6014105151315772,1.6014105,0.6014104998684229,1.2661274,0.0,1.3701274,0.0,0.06522157365597786,1
2012-07-11 04:30:00+00:00,0.0325335,0.09441027195875,0.0338275199625,0.0,0.048,2.3139105151315773,2.3139105,0.7124999848684228,1.5,0.0,1.548,0.0,0.0730735504960725,1
2012-07-11 05:00:00+00:00,0.033456,0.32536538364,0.034786712399999996,0.0,0.088,2.267594725657893,2.2675947,0.04631581513157723,0.0,0.088,0.0,-0.0,0.0,1
2012-07-11 05:30:00+00:00,0.03412635,0.32613209812837507,0.03548372557125,0.0,0.087,2.2218052519736826,2.2218053,0.04578942565789301,0.0,0.087,0.0,-0.0,0.0,1
2012-07-11 06:00:00+00:00,0.0354855,0.32768662933875,0.0368969357625,0.0,0.079,2.1802263046052617,2.1802263,0.04157895197368244,0.0,0.079,0.0,-0.0,0.0,1
2012-07-11 06:30:00+00:00,0.03806235,0.33063390796837505,0.03957627997125,0.0,0.094,2.1307526203947353,2.1307526,0.04947370460526157,0.0,0.094,0.0,-0.0,0.0,1
2012-07-11 07:00:00+00:00,0.04124805,0.334277560307625,0.042888691188749994,0.0,0.047,2.106015778289472,2.1060158,0.024736820394735126,0.0,0.047,0.0,-0.0,0.0,1
2012-07-11 07:30:00+00:00,0.03568845,0.327918753908625,0.03710795809874999,0.0,0.058,2.0754894624999984,2.0754895,0.030526278289471964,0.0,0.058,0.0,-0.0,0.0,1
2012-07-11 08:00:00+00:00,0.0405162,0.33344050504050005,0.042127731854999996,0.004,0.103,2.023384199342104,2.0233842,0.05210526249999825,0.0,0.099,0.0,1.3877787807814457e-17,-2.9231986175409783e-19,1
2012-07-11 08:30:00+00:00,0.0424104,0.33560700102600005,0.04409727366,0.018,0.073,1.9944368309210512,1.9944368,0.028947399342103886,0.0,0.055,0.0,6.938893903907228e-18,-1.529931516891514e-19,1
2012-07-11 09:00:00+00:00,0.0420783,0.33522716082075005,0.0437519643825,0.04,0.075,1.9760157782894723,1.9760158,0.018421030921051074,0.0,0.035,0.0,6.938893903907228e-18,-1.5179511946884772e-19,1
2012-07-11 09:30:00+00:00,0.0422259,0.33539597868975,0.0439054351725,0.05,0.075,1.9628578835526302,1.9628579,0.013157878289472347,0.0,0.025,0.0,6.938893903907228e-18,-1.5232757823342713e-19,1
2012-07-11 10:00:00+00:00,0.0397905,0.33261048385125,0.04137316713749999,0.068,0.047,1.9728328835526303,1.9728329,0.009975016447369756,0.021,0.0,0.0,-0.0,0.0,1
2012-07-11 10:30:00+00:00,0.0403932,0.333299823483,0.04199983953,0.075,0.107,1.9559907782894723,1.9559908,0.016842083552630394,0.0,0.032,0.0,-0.0,0.0,1
2012-07-11 11:00:00+00:00,0.0371091,0.14914362589775,0.03858511445249999,0.098,0.073,1.9678657782894724,1.9678658,0.011875021710527678,0.025,0.0,0.0,-0.0,0.0,1
2012-07-11 11:30:00+00:00,0.036654,0.148623104135,0.03811191285,0.219,0.064,2.0414907782894725,2.0414908,0.07362502171052765,0.155,0.0,0.0,-0.0,0.0,1
2012-07-11 12:00:00+00:00,0.0368262,0.14882005831550002,0.038290962105000007,0.198,0.099,2.0885157782894725,2.0885158,0.04702502171052769,0.099,0.0,0.0,-0.0,0.0,1
2012-07-11 12:30:00+00:00,0.0359529,0.14782121925725003,0.037382926597500005,0.136,0.141,2.0858841993421042,2.0858842,0.0026315782894723583,0.0,0.005,0.0,2.3418766925686896e-17,-4.37731022493457e-19,1
2012-07-11 13:00:00+00:00,0.03482745,0.146533983006125,0.03621271182375,0.114,0.132,2.076410515131578,2.0764105,0.00947369934210407,0.0,0.018,3.469446951953614e-18,0.0,2.5419594034911153e-19,1
2012-07-11 13:30:00+00:00,0.03444615,0.146097870177875,0.03581624561625,0.09,0.091,2.0758841993421044,2.0758842,0.0005263151315779702,0.0,0.001,8.673617379884035e-19,0.0,6.335985129694291e-20,1
2012-07-11 14:00:00+00:00,0.03417555,0.145788370751375,0.03553488250125,0.102,0.075,2.0887091993421043,2.0887092,0.01282500065789538,0.027,0.0,0.0,-0.0,0.0,1
2012-07-11 14:30:00+00:00,0.0338496,0.145415564624,0.03519596784,0.212,0.128,2.128609199342104,2.1286092,0.039900000657895784,0.084,0.0,2.7755575615628914e-17,0.0,2.0180463498054023e-18,1
2012-07-11 15:00:00+00:00,0.0338619,0.14542963277975,0.0352087570725,0.161,0.064,2.174684199342104,2.1746842,0.04607500065789605,0.097,0.0,0.0,-0.0,0.0,1
2012-07-11 15:30:00+00:00,0.034071,0.1456687914275,0.035426174025,0.093,0.053,2.1936841993421043,2.1936842,0.019000000657895644,0.04,0.0,0.0,-0.0,0.0,1
2012-07-11 16:00:00+00:00,0.03416325,0.14577430259562502,0.03552209326875,0.028,0.116,2.1473684098684203,2.1473684,0.04631579934210439,0.0,0.088,1.3877787807814457e-17,0.0,1.01151241962711e-18,1
2012-07-11 16:30:00+00:00,0.03293325,0.14436748702062502,0.03424317001874999,0.011,0.082,2.1099999888157885,2.11,0.03736840986842038,0.0,0.071,1.3877787807814457e-17,0.0,1.0017506756098209e-18,1
2012-07-11 17:00:00+00:00,0.03360975,0.145141235586875,0.03494657780625,0.001,0.105,2.0552631467105256,2.0552631,0.05473688881578864,0.0,0.104,0.0,-0.0,0.0,1
2012-07-11 17:30:00+00:00,0.0387819,0.15105689507975,0.0403244500725,0.0,0.061,2.023157883552631,2.0231579,0.03210524671052539,0.0,0.061,0.0,-0.0,0.0,1
2012-07-11 18:00:00+00:00,0.0401964,0.15267473299099998,0.041795211809999996,0.0,0.059,1.9921052519736835,1.9921053,0.031052583552630963,0.0,0.059,0.0,-0.0,0.0,1
2012-07-11 18:30:00+00:00,0.0384621,0.15069112303025,0.0399919300275,0.0,0.113,1.9326315677631571,1.9326316,0.059473651973683594,0.0,0.113,0.0,-0.0,0.0,1
2012-07-11 19:00:00+00:00,0.0383145,0.15052230516125,0.0398384592375,0.0,0.072,1.894736830921052,1.8947368,0.037894767763157144,0.0,0.072,0.0,-0.0,0.0,1
2012-07-11 19:30:00+00:00,0.035793,0.14763833323249997,0.037216666574999994,0.0,0.297,1.7384210414473678,1.738421,0.15631583092105195,0.0,0.297,0.0,-0.0,0.0,1
2012-07-11 20:00:00+00:00,0.03487665,0.146590255629125,0.03626386875375,0.0,0.354,1.5521052519736835,1.5521053,0.18631574144736773,0.0,0.354,0.0,-0.0,0.0,1
2012-07-11 20:30:00+00:00,0.0381177,0.15029721466925,0.039633831517499996,0.0,0.29,1.399473673026315,1.3994737,0.1526315519736836,0.0,0.29,0.0,-0.0,0.0,1
2012-07-11 21:00:00+00:00,0.03531945,0.147096709236125,0.03672428112375,0.0,0.293,1.2452631467105255,1.2452631,0.15421057302631502,0.0,0.293,0.0,-0.0,0.0,1
2012-07-11 21:30:00+00:00,0.03493815,0.146660596407875,0.03632781491625,0.0,0.14,1.1715789361842097,1.1715789,0.07368424671052543,0.0,0.14,0.0,-0.0,0.0,1
2012-07-11 22:00:00+00:00,0.03444,0.14609083609999998,0.035809851,0.0,0.053,1.1436841993421045,1.1436842,0.02789473618420968,0.0,0.053,0.0,-0.0,0.0,1
2012-07-11 22:30:00+00:00,0.0399135,0.15235116540875002,0.041501059462499996,0.0,0.103,1.089473673026315,1.0894737,0.05421049934210442,0.0,0.103,0.0,-0.0,0.0,1
2012-07-11 23:00:00+00:00,0.03520875,0.146970095834375,0.036609178031249995,0.0,0.085,1.0447368309210519,1.0447368,0.04473687302631513,0.0,0.085,0.0,-0.0,0.0,1
2012-07-11 23:30:00+00:00,0.03613125,0.14802520751562498,0.037568370468749994,0.0,0.085,1.0,1.0,0.0447368409210519,0.0,0.084999979,2.1000000002824315e-08,0.0,1.5542646791230973e-09,1
2012-07-12 00:00:00+00:00,0.03514725,0.097399755055625,0.03654523186874999,0.0,0.087,1.5874999975000001,1.5875,0.5874999999999999,1.2368421,0.0,1.3238421,0.0,0.06447094813616211,1
2012-07-12 00:30:00+00:00,0.03385575,0.095922598701875,0.03520236245624999,0.0,0.054,2.2999999975,2.3,0.7125000024999997,1.5,0.0,1.554,0.0,0.07453185919135688,1
2012-07-12 01:00:00+00:00,0.0340833,0.09618285958325001,0.0354389632575,0.0,0.105,3.0124999975,3.0125,0.7125000025000001,1.5,0.0,1.605,0.0,0.07718674481555814,1
2012-07-12 01:30:00+00:00,0.03406485,0.09616175734962502,0.03541977940875,0.0,0.088,3.7249999975,3.725,0.7125000025000001,1.5,0.0,1.588,0.0,0.07635243533560228,1
2012-07-12 02:00:00+00:00,0.0325458,0.0944243401145,0.033840309194999994,0.0,0.082,4.4374999975,4.4375,0.7125000025000001,1.5,0.0,1.582,0.0,0.0746896530305695,1
2012-07-12 02:30:00+00:00,0.0317463,0.09350990999075001,0.03300900908249999,0.0,0.096,5.1499999975,5.15,0.7125000025000006,1.5,0.0,1.596,0.0,0.07462090817261852,1
2012-07-12 03:00:00+00:00,0.03055935,0.09215233296087501,0.03177484814625,0.0,0.053,5.8624999975000005,5.8625,0.7125000024999997,1.5,0.0,1.553,0.0,0.07155628654411944,1
2012-07-12 03:30:00+00:00,0.02845605,0.089746678327625,0.029587889388749997,0.0,0.068,6.574999997500001,6.575,0.7125000024999997,1.5,0.0,1.568,0.0,0.070361395808858,1
2012-07-12 04:00:00+00:00,0.02682015,0.08787561361287502,0.02788692146625,0.0,0.11,7.287499997500001,7.2875,0.7125000024999988,1.5,0.0,1.61,0.0,0.0707398689583644,1
2012-07-12 04:30:00+00:00,0.0270969,0.08819214711725,0.028174679197499997,0.0,0.083,7.999999997500002,8.0,0.7125000024999988,1.5,0.0,1.583,0.0,0.06980408444330337,1
2012-07-12 05:00:00+00:00,0.02929245,0.32060331291862504,0.03045755719875,0.0,0.07,7.963157892236843,7.9631579,0.03684209750000189,0.0,0.07,0.0,-0.0,0.0,1
2012-07-12 05:30:00+00:00,0.03046095,0.321939787714875,0.03167253428625,0.0,0.081,7.920526313289475,7.9205263,0.04263159223684365,0.0,0.081,0.0,-0.0,0.0,1
2012-07-12 06:00:00+00:00,0.0319677,0.3236631367942501,0.0332392152675,0.0,0.062,7.887894734342106,7.8878947,0.032631613289474615,0.0,0.062,0.0,-0.0,0.0,1
2012-07-12 06:30:00+00:00,0.03502425,0.327159073498125,0.036417339543749996,0.0,0.089,7.841052629078948,7.8410526,0.046842134342106156,0.0,0.089,0.0,-0.0,0.0,1
2012-07-12 07:00:00+00:00,0.0364572,0.32879801364300004,0.03790728513,0.0,1.241,7.187894734342106,7.1878947,0.6531579290789482,0.0,1.241,0.0,-0.0,0.0,1
2012-07-12 07:30:00+00:00,0.0335667,0.32549199704175,0.034901815492499995,0.0,1.849,6.39842105013158,6.3984211,0.789473634342106,0.0,1.5,0.349,0.0,0.056798353483785376,1
2012-07-12 08:00:00+00:00,0.0362604,0.32857292315100006,0.03770265740999999,0.002,0.684,6.039473681710527,6.0394737,0.3589473501315794,0.0,0.682,0.0,-0.0,0.0,1
2012-07-12 08:30:00+00:00,0.0450795,0.33865979082375003,0.046872537112499994,0.014,0.836,5.606842102763159,5.6068421,0.4326315817105275,0.0,0.822,0.0,-0.0,0.0,1
2012-07-12 09:00:00+00:00,0.0447474,0.3382799506185001,0.046527227835,0.019,0.347,5.434210523815791,5.4342105,0.17263160276315936,0.0,0.328,0.0,5.551115123125783e-17,-1.2913899903599368e-18,1
2012-07-12 09:30:00+00:00,0.04535625,0.338976324328125,0.04716029484374999,0.021,0.333,5.269999997500001,5.27,0.16421052381579138,0.0,0.312,0.0,-0.0,0.0,1
2012-07-12 10:00:00+00:00,0.0457929,0.33947574385725005,0.0476143125975,0.044,0.188,5.194210523815791,5.1942105,0.07578949750000152,0.0,0.144,2.7755575615628914e-17,0.0,4.711172339150888e-18,1
2012-07-12 10:30:00+00:00,0.04817295,0.342197931994875,0.05008902908624999,0.026,0.188,5.108947365921054,5.1089474,0.08526312381579082,0.0,0.162,0.0,-0.0,0.0,1
2012-07-12 11:00:00+00:00,0.04900935,0.162754566585875,0.050958696896249996,0.006,0.372,4.916315786973685,4.9163158,0.19263156592105446,0.0,0.366,0.0,-0.0,0.0,1
2012-07-12 11:30:00+00:00,0.04677075,0.16019416223937502,0.04863105658125,0.014,0.294,4.768947365921054,4.7689474,0.14736838697368526,0.0,0.28,0.0,5.551115123125783e-17,-1.3497829682088125e-18,1
2012-07-12 12:00:00+00:00,0.0453255,0.15854115393874998,0.047128321762499994,0.023,0.621,4.75421052644737,4.7542105,0.014736865921054054,0.0,0.027999995,0.570000005,0.0,0.045184229268896633,1
2012-07-12 12:30:00+00:00,0.0460758,0.15939931143949998,0.04790846494499999,0.035,1.948,3.964736842236843,3.9647368,0.7894737264473699,0.0,1.5,0.41300000000000003,0.0,0.03291595781225675,1
2012-07-12 13:00:00+00:00,0.04673385,0.160151957772125,0.04859268888375,0.01,0.81,3.543684210657896,3.5436842,0.42105264223684324,0.0,0.8,0.0,-0.0,0.0,1
2012-07-12 13:30:00+00:00,0.04584825,0.159139050558125,0.04767186414375,0.019,0.231,3.4321052632894746,3.4321053,0.11157891065789594,0.0,0.212,2.7755575615628914e-17,0.0,2.2084979755827155e-18,1
2012-07-12 14:00:00+00:00,0.04690605,0.16034891195262502,0.04877173813874999,0.014,0.444,3.2057894738157904,3.2057895,0.22631576328947478,0.0,0.43,0.0,-0.0,0.0,1
2012-07-12 14:30:00+00:00,0.04896015,0.162698293962875,0.05090753996624999,0.032,0.735,2.8357894738157903,2.8357895,0.3699999738157902,0.0,0.703,0.0,-0.0,0.0,1
2012-07-12 15:00:00+00:00,0.0440832,0.157120270208,0.045836609279999996,0.03,0.443,2.8357894738157903,2.8357895,2.6184209911406242e-08,0.0,0.0,0.41300000000000003,0.0,0.032445335797952,1
2012-07-12 15:30:00+00:00,0.0434559,0.15640279426475,0.045184358422499994,0.026,0.389,2.8357894738157903,2.8357895,2.6184209911406242e-08,0.0,0.0,0.363,0.0,0.028387107159052127,1
2012-07-12 16:00:00+00:00,0.04865265,0.16234659006912502,0.050587809153749996,0.016,0.246,2.7147368422368428,2.7147368,0.12105267381579043,0.0,0.23,0.0,2.7755575615628914e-17,-7.020468810979563e-19,1
2012-07-12 16:30:00+00:00,0.0466785,0.16008865107125,0.0485351373375,0.003,0.302,2.5573684211842114,2.5573684,0.15736844223684265,0.0,0.299,0.0,-0.0,0.0,1
2012-07-12 17:00:00+00:00,0.0426564,0.15548836414099998,0.04435305830999999,0.001,0.201,2.5573684211842114,2.5573684,2.1184211274061227e-08,0.0,0.0,0.2,0.0,0.015548836414099999,1
2012-07-12 17:30:00+00:00,0.047478,0.161003081195,0.04936643745,0.0,0.238,2.4321052632894746,2.4321053,0.12526312118421146,0.0,0.238,0.0,-0.0,0.0,1
2012-07-12 18:00:00+00:00,0.06528225,0.181366736643125,0.06787885149374999,0.0,1.252,1.773157894868422,1.7731579,0.6589473632894747,0.0,1.252,0.0,-0.0,0.0,1
2012-07-12 18:30:00+00:00,0.0595566,0.17481801014149997,0.061925463764999994,0.0,1.08,1.204736842236843,1.2047368,0.5684210948684219,0.0,1.08,0.0,-0.0,0.0,1
2012-07-12 19:00:00+00:00,0.04814835,0.161769795683375,0.05006345062124999,0.0,0.389,1.0000000001315799,1.0,0.20473684223684296,0.0,0.389,0.0,-0.0,0.0,1
2012-07-12 19:30:00+00:00,0.0417585,0.15446138877124999,0.043419444337499995,0.0,0.418,1.0000000001315799,1.0,1.3157985812028983e-10,0.0,0.0,0.418,0.0,0.03228243025319125,1
2012-07-12 20:00:00+00:00,0.03849285,0.15072629341962498,0.040023903108749995,0.0,0.353,1.0000000001315799,1.0,1.3157985812028983e-10,0.0,0.0,0.353,0.0,0.026603190788563807,1
2012-07-12 20:30:00+00:00,0.04064535,0.153188220675875,0.042262018796249995,0.0,0.251,1.0000000001315799,1.0,1.3157985812028983e-10,0.0,0.0,0.251,0.0,0.019225121694822312,1
2012-07-12 21:00:00+00:00,0.03972285,0.152133108994625,0.041302826358749996,0.0,0.234,1.0000000001315799,1.0,1.3157985812028983e-10,0.0,0.0,0.234,0.0,0.017799573752371126,1
2012-07-12 21:30:00+00:00,0.0361374,0.1480322415935,0.037574765084999996,0.0,0.079,1.0000000001315799,1.0,1.3157985812028983e-10,0.0,0.0,0.079,0.0,0.00584727354294325,1
2012-07-12 22:00:00+00:00,0.0351042,0.14685051651050002,0.036500469555000005,0.0,0.12,1.0000000001315799,1.0,1.3157985812028983e-10,0.0,0.0,0.12,0.0,0.00881103099063,1
2012-07-12 22:30:00+00:00,0.0412788,0.153912730697,0.04292066427,0.0,0.077,1.0000000001315799,1.0,1.3157985812028983e-10,0.0,0.0,0.077,0.0,0.0059256401318345,1
2012-07-12 23:00:00+00:00,0.03574995,0.14758909468737502,0.03717190426125,0.0,0.086,1.0000000001315799,1.0,1.3157985812028983e-10,0.0,0.0,0.086,0.0,0.006346331071557126,1
2012-07-12 23:30:00+00:00,0.03543015,0.14722332263787502,0.03683938421625,0.0,0.17,1.0000000001315799,1.0,1.3157985812028983e-10,0.0,0.0,0.17,0.0,0.012513982424219378,1
2012-07-13 00:00:00+00:00,0.0348582,0.09706915339550001,0.036244684905,0.0,0.101,1.7125000001315798,1.7125,0.71249999986842,1.5,0.0,1.601,0.0,0.07770385729309776,1
2012-07-13 00:30:00+00:00,0.03461835,0.096794824358375,0.03599529487125,0.0,0.164,2.42500000013158,2.425,0.71249999986842,1.5,0.0,1.664,0.0,0.08053329386616799,1
2012-07-13 01:00:00+00:00,0.03440925,0.096555665710625,0.03577787791875,0.0,0.205,3.13750000013158,3.1375,0.7124999998684203,1.5,0.0,1.705,0.0,0.08231370501830781,1
2012-07-13 01:30:00+00:00,0.034932,0.09715356233000001,0.0363214203,0.0,0.111,3.72499999763158,3.725,0.5874999998684203,1.2368421,0.0,1.3478421,0.0,0.06547383073667405,1
2012-07-13 02:00:00+00:00,0.0341694,0.09628133667350001,0.035528487885,0.0,0.102,4.43749999763158,4.4375,0.71250000236842,1.5,0.0,1.602,0.0,0.07712135067547352,1
2012-07-13 02:30:00+00:00,0.0335175,0.09553572441875,0.03485065856249999,0.0,0.072,5.14999999763158,5.15,0.7125000023684205,1.5,0.0,1.572,0.0,0.0750910793931375,1
2012-07-13 03:00:00+00:00,0.03287175,0.09479714624187499,0.034179223856249996,0.0,0.073,5.862499997631581,5.8625,0.7125000023684196,1.5,0.0,1.573,0.0,0.07455795551923468,1
2012-07-13 03:30:00+00:00,0.02996895,0.09147706148487501,0.03116096498625,0.0,0.116,6.574999997631581,6.575,0.7125000023684196,1.5,0.0,1.616,0.0,0.07391346567977902,1
2012-07-13 04:00:00+00:00,0.030504,0.09208902626,0.0317172966,0.0,0.072,7.287499997631581,7.2875,0.7125000023684187,1.5,0.0,1.572,0.0,0.07238197464036,1
2012-07-13 04:30:00+00:00,0.03149415,0.09322151279787502,0.032746829816249996,0.0,0.084,7.999999997631582,8.0,0.7125000023684187,1.5,0.0,1.584,0.0,0.07383143813591703,1
2012-07-13 05:00:00+00:00,0.0327672,0.32457756691800005,0.03407051538,0.0,0.116,7.938947366052634,7.9389474,0.06105259763158166,0.0,0.116,0.0,-0.0,0.0,1
2012-07-13 05:30:00+00:00,0.0338619,0.32582963277975,0.0352087570725,0.0,0.282,7.790526313421055,7.7905263,0.1484210660526344,0.0,0.282,0.0,-0.0,0.0,1
2012-07-13 06:00:00+00:00,0.0333822,0.32528097470550005,0.034709977004999996,0.0,0.076,7.750526313421055,7.7505263,0.040000013421055414,0.0,0.076,0.0,-0.0,0.0,1
2012-07-13 06:30:00+00:00,0.03375735,0.325710053455875,0.03510004859625,0.0,0.139,7.677368418684213,7.6773684,0.07315791342105538,0.0,0.139,0.0,-0.0,0.0,1
2012-07-13 07:00:00+00:00,0.0360513,0.32833376450325,0.03748524045749999,0.0,0.334,7.501578945000002,7.5015789,0.1757895186842129,0.0,0.334,0.0,-0.0,0.0,1
2012-07-13 07:30:00+00:00,0.0341694,0.3261813366735001,0.035528487885,0.0,0.954,6.999473681842107,6.9994737,0.5021052450000019,0.0,0.954,0.0,-0.0,0.0,1
2012-07-13 08:00:00+00:00,0.03726285,0.3297194778446251,0.03874497985875,0.0,1.125,6.407368418684213,6.4073684,0.5921052818421071,0.0,1.125,0.0,-0.0,0.0,1
2012-07-13 08:30:00+00:00,0.0396183,0.33241352967075005,0.0411941178825,0.001,0.493,6.14842105026316,6.1484211,0.2589473186842124,0.0,0.492,0.0,-0.0,0.0,1
2012-07-13 09:00:00+00:00,0.0389664,0.33166791741600005,0.040516288559999995,0.001,0.804,5.7257894713157915,5.7257895,0.42263155026315946,0.0,0.803,0.0,-0.0,0.0,1
2012-07-13 09:30:00+00:00,0.03974745,0.332561245306125,0.04132840482375,0.001,0.225,5.607894734473686,5.6078947,0.1178947713157914,0.0,0.224,0.0,-0.0,0.0,1
2012-07-13 10:00:00+00:00,0.040221,0.33310286930250005,0.041820790275,0.004,0.234,5.486842102894739,5.4868421,0.12105263447368664,0.0,0.23,0.0,-0.0,0.0,1
2012-07-13 10:30:00+00:00,0.0403932,0.333299823483,0.04199983953,0.01,0.279,5.345263155526318,5.3452632,0.1415789028947394,0.0,0.269,0.0,-0.0,0.0,1
2012-07-13 11:00:00+00:00,0.0397782,0.15219641569550002,0.041360377904999995,0.03,0.59,5.050526313421055,5.0505263,0.29473685552631856,0.0,0.56,0.0,1.1102230246251565e-16,-2.2959621928664295e-18,1
2012-07-13 11:30:00+00:00,0.0386343,0.15088807721075,0.040170979282500005,0.07,0.892,4.617894734473687,4.6178947,0.43263161342105505,0.0,0.822,1.1102230246251565e-16,0.0,8.375970873039651e-18,1
2012-07-13 12:00:00+00:00,0.03836985,0.15058561186212502,0.03989601078374999,0.011,0.689,4.261052629210529,4.2610526,0.35684213447368673,0.0,0.678,0.0,1.1102230246251565e-16,-2.214673488140639e-18,1
2012-07-13 12:30:00+00:00,0.0380193,0.15018466942325,0.039531517657499994,0.036,0.745,3.8878947344736874,3.8878947,0.37315792921052937,0.0,0.709,0.0,-0.0,0.0,1
2012-07-13 13:00:00+00:00,0.0378225,0.14995957893125,0.0393268899375,0.019,0.422,3.6757894713157926,3.6757895,0.21210523447368734,0.0,0.403,0.0,5.551115123125783e-17,-1.091540467387797e-18,1
2012-07-13 13:30:00+00:00,0.03747195,0.149558636492375,0.038962396811249994,0.063,0.289,3.55684210289474,3.5568421,0.1189473713157927,0.0,0.226,0.0,2.7755575615628914e-17,-5.40711875430394e-19,1
2012-07-13 14:00:00+00:00,0.03695535,0.14896777395087502,0.03842524904625,0.046,0.252,3.448421050263161,3.4484211,0.10842100289473988,0.0,0.206,2.7755575615628914e-17,0.0,2.0673431570927133e-18,1
2012-07-13 14:30:00+00:00,0.03605745,0.147940798581125,0.037491635073749995,0.051,0.413,3.448421050263161,3.4484211,4.973683909170745e-08,0.0,0.0,0.362,0.0,0.02677728454318362,1
2012-07-13 15:00:00+00:00,0.0361251,0.14801817343775,0.03756197585249999,0.052,0.364,3.448421050263161,3.4484211,4.973683909170745e-08,0.0,0.0,0.312,0.0,0.023090835056289002,1
2012-07-13 15:30:00+00:00,0.03502425,0.146759073498125,0.036417339543749996,0.021,0.783,3.448421050263161,3.4484211,4.973683909170745e-08,0.0,0.0,0.762,0.0,0.05591520700278563,1
2012-07-13 16:00:00+00:00,0.03600825,0.14788452595812498,0.03744047814375,0.008,0.729,3.448421050263161,3.4484211,4.973683909170745e-08,0.0,0.0,0.721,0.0,0.05331237160790406,1
2012-07-13 16:30:00+00:00,0.03766875,0.149783726984375,0.03916702453125,0.001,0.765,3.046315787105266,3.0463158,0.402105250263161,0.0,0.764,0.0,-0.0,0.0,1
2012-07-13 17:00:00+00:00,0.03852975,0.15076849788687502,0.040062270806249994,0.0,0.756,2.6484210502631607,2.6484211,0.397894687105266,0.0,0.756,0.0,-0.0,0.0,1
2012-07-13 17:30:00+00:00,0.039975,0.1524215061875,0.04156500562499999,0.0,0.821,2.216315787105266,2.2163158,0.4321052502631608,0.0,0.821,0.0,-0.0,0.0,1
2012-07-13 18:00:00+00:00,0.04064535,0.153188220675875,0.042262018796249995,0.0,0.866,1.7605263134210556,1.7605263,0.4557894871052661,0.0,0.866,0.0,-0.0,0.0,1
2012-07-13 18:30:00+00:00,0.03878805,0.15106392915762498,0.04033084468874999,0.0,0.56,1.4657894713157924,1.4657895,0.2947368134210555,0.0,0.56,0.0,-0.0,0.0,1
2012-07-13 19:00:00+00:00,0.0368139,0.14880599015975,0.038278172872499995,0.0,0.724,1.1042105239473714,1.1042105,0.3615789713157924,0.0,0.687,0.03699999999999992,0.0,0.002752910817955369,1
2012-07-13 19:30:00+00:00,0.0352149,0.14697712991225,0.0366155726475,0.0,0.945,1.1042105239473714,1.1042105,2.394737141919734e-08,0.0,0.0,0.945,0.0,0.06944669388353812,1
2012-07-13 20:00:00+00:00,0.0363465,0.14827140024125,0.0377921820375,0.0,0.432,1.1042105239473714,1.1042105,2.394737141919734e-08,0.0,0.0,0.432,0.0,0.03202662245211,1
2012-07-13 20:30:00+00:00,0.0359652,0.147835287413,0.03739571583,0.0,0.599,1.1042105239473714,1.1042105,2.394737141919734e-08,0.0,0.0,0.599,0.0,0.0442766685801935,1
2012-07-13 21:00:00+00:00,0.03636495,0.14829250247487502,0.037811365886250003,0.0,0.675,1.1042105239473714,1.1042105,2.394737141919734e-08,0.0,0.0,0.675,0.0,0.050048719585270324,1
2012-07-13 21:30:00+00:00,0.03460605,0.146280756202625,0.03598250563875,0.0,0.571,1.1042105239473714,1.1042105,2.394737141919734e-08,0.0,0.0,0.571,0.0,0.04176315589584944,1
2012-07-13 22:00:00+00:00,0.0340218,0.1456125188045,0.035375017094999996,0.0,0.172,1.1042105239473714,1.1042105,2.394737141919734e-08,0.0,0.0,0.172,0.0,0.012522676617186998,1
2012-07-13 22:30:00+00:00,0.0387819,0.15105689507975,0.0403244500725,0.0,0.198,1.0,1.0,0.1042105239473714,0.0,0.198,0.0,-0.0,0.0,1
2012-07-13 23:00:00+00:00,0.03570075,0.14753282206437499,0.037120747331249995,0.0,0.158,1.0,1.0,0.0,0.0,0.0,0.158,0.0,0.011655092943085624,1
2012-07-13 23:30:00+00:00,0.0363957,0.14832767286425003,0.0378433389675,0.0,0.131,1.0,1.0,0.0,0.0,0.0,0.131,0.0,0.009715462572608377,1
2012-07-14 00:00:00+00:00,0.03524565,0.09751230030162501,0.03664754572875,0.0,0.085,1.0,1.0,0.0,0.0,0.0,0.085,0.0,0.004144272762819063,1
2012-07-14 00:30:00+00:00,0.03427395,0.096400915997375,0.03563719636125,0.0,0.058,1.06550394875,1.0655039,0.06550389999999995,0.13790305,0.0,0.19590305,0.0,0.009442616733339777,1
2012-07-14 01:00:00+00:00,0.03424935,0.096372779685875,0.035611617896249996,0.0,0.122,1.77800394875,1.7780039,0.7124999512500001,1.5,0.0,1.6219999999999999,0.0,0.07815832432524462,1
2012-07-14 01:30:00+00:00,0.03421245,0.09633057521862502,0.035573250198749996,0.0,0.087,2.49050394875,2.4905039,0.7124999512500003,1.5,0.0,1.587,0.0,0.07643831143597896,1
2012-07-14 02:00:00+00:00,0.03256425,0.09444544234812502,0.03385949304375,0.0,0.099,3.2030039487499997,3.2030039,0.7124999512500003,1.5,0.0,1.599,0.0,0.07550913115732595,1
2012-07-14 02:30:00+00:00,0.03261345,0.09450171497112501,0.03391064997375,0.0,0.082,3.9155039487499996,3.9155039,0.7124999512500003,1.5,0.0,1.582,0.0,0.07475085654215989,1
2012-07-14 03:00:00+00:00,0.03209685,0.09391085242962502,0.033373502208749996,0.0,0.058,4.628003948749999,4.6280039,0.7124999512500008,1.5,0.0,1.558,0.0,0.07315655404267789,1
2012-07-14 03:30:00+00:00,0.03190005,0.093685761937625,0.03316887448875,0.0,0.127,5.3405039487499995,5.3405039,0.7124999512500008,1.5,0.0,1.627,0.0,0.07621336733625794,1
2012-07-14 04:00:00+00:00,0.0313281,0.09303159269524999,0.0325741751775,0.0,0.17,6.05300394875,6.0530039,0.7124999512500008,1.5,0.0,1.67,0.0,0.07768137990053374,1
2012-07-14 04:30:00+00:00,0.0312174,0.09290497929350001,0.032459072085,0.0,0.103,6.76550394875,6.7655039,0.7124999512499999,1.5,0.0,1.603,0.0,0.07446334090374027,1
2012-07-14 05:00:00+00:00,0.0310452,0.322608025113,0.03228002283,0.0,0.166,6.678135527697369,6.6781355,0.08736844875000038,0.0,0.166,0.0,-0.0,0.0,1
2012-07-14 05:30:00+00:00,0.03129735,0.32289642230587506,0.03254220209625,0.0,0.058,6.647609211907895,6.6476092,0.03052632769736885,0.0,0.058,0.0,-0.0,0.0,1
2012-07-14 06:00:00+00:00,0.0308484,0.32238293462100004,0.03207539511,0.0,0.096,6.597082896118422,6.5970829,0.050526311907894694,0.0,0.096,0.0,-0.0,0.0,1
2012-07-14 06:30:00+00:00,0.02969835,0.32106756205837506,0.030879601871249995,0.0,0.176,6.504451317171053,6.5044513,0.0926315961184212,0.0,0.176,0.0,-0.0,0.0,1
2012-07-14 07:00:00+00:00,0.0318693,0.32355059154825005,0.0331369014075,0.0,0.233,6.381819738223685,6.3818197,0.12263161717105309,0.0,0.233,0.0,-0.0,0.0,1
2012-07-14 07:30:00+00:00,0.03356055,0.325484962963875,0.03489542087625,0.005,0.894,5.91392500138158,5.913925,0.4678947382236851,0.0,0.889,0.0,-0.0,0.0,1
2012-07-14 08:00:00+00:00,0.0344646,0.3265189724115001,0.03583542946499999,0.051,1.027,5.400240790855264,5.4002408,0.5136842013815803,0.0,0.976,0.0,1.1102230246251565e-16,-1.9892659444686873e-18,1
2012-07-14 08:30:00+00:00,0.0344646,0.3265189724115001,0.03583542946499999,0.113,0.425,5.236030264539474,5.2360303,0.16421049085526374,0.0,0.312,0.0,-0.0,0.0,1
2012-07-14 09:00:00+00:00,0.03439695,0.32644159755487506,0.03576508868625,0.16,0.451,5.082872369802632,5.0828724,0.153157864539474,0.0,0.291,5.551115123125783e-17,0.0,9.060574445021037e-18,1
2012-07-14 09:30:00+00:00,0.0359283,0.32819308294575006,0.0373573481325,0.202,0.071,5.145097369802632,5.1450974,0.062225030197367914,0.131,0.0,0.0,-0.0,0.0,1
2012-07-14 10:00:00+00:00,0.0372567,0.3297124437667501,0.03873858524249999,0.245,0.093,5.2172973698026315,5.2172974,0.07220003019736776,0.152,0.0,0.0,-0.0,0.0,1
2012-07-14 10:30:00+00:00,0.0358176,0.32806646954400004,0.03724224504,0.196,0.136,5.245797369802632,5.2457974,0.028500030197368353,0.06,0.0,0.0,-0.0,0.0,1
2012-07-14 11:00:00+00:00,0.03442155,0.146069733866375,0.035790667151250004,0.198,0.55,5.060534211907894,5.0605342,0.18526316980263147,0.0,0.352,5.551115123125783e-17,0.0,4.054249543482963e-18,1
2012-07-14 11:30:00+00:00,0.0344154,0.1460626997885,0.035784272534999995,0.182,0.864,4.701586843486842,4.7015868,0.35894741190789414,0.0,0.682,0.0,1.1102230246251565e-16,-1.9864261643909306e-18,1
2012-07-14 12:00:00+00:00,0.03433545,0.145971256776125,0.03570114252375,0.142,0.26,4.6394815803289475,4.6394816,0.0621052434868421,0.0,0.118,2.7755575615628914e-17,0.0,2.025758127579061e-18,1
2012-07-14 12:30:00+00:00,0.0343908,0.146034563477,0.03575869406999999,0.027,0.2,4.54842894875,4.5484289,0.09105268032894731,0.0,0.173,2.7755575615628914e-17,0.0,2.026636684540617e-18,1
2012-07-14 13:00:00+00:00,0.03439695,0.14604159755487503,0.03576508868625,0.024,0.34,4.382113159276315,4.3821132,0.16631574874999977,0.0,0.316,0.0,-0.0,0.0,1
2012-07-14 13:30:00+00:00,0.0340095,0.14559845064875,0.0353622278625,0.034,0.165,4.313165790855263,4.3131658,0.06894735927631501,0.0,0.131,0.0,-0.0,0.0,1
2012-07-14 14:00:00+00:00,0.03390495,0.145478871324875,0.03525351938625,0.064,0.128,4.279481580328947,4.2794816,0.03368419085526231,0.0,0.064,0.0,-0.0,0.0,1
2012-07-14 14:30:00+00:00,0.0339357,0.14551404171425,0.0352854924675,0.204,0.112,4.3231815803289475,4.3231816,0.04370001967105264,0.092,0.0,2.7755575615628914e-17,0.0,2.019412993967823e-18,1
2012-07-14 15:00:00+00:00,0.03394185,0.145521075792125,0.03529188708375,0.162,0.1,4.352631580328947,4.3526316,0.029450019671052097,0.062,0.0,0.0,-0.0,0.0,1
2012-07-14 15:30:00+00:00,0.03394185,0.145521075792125,0.03529188708375,0.064,0.186,4.288421054013158,4.2884211,0.06421048032894738,0.0,0.122,0.0,-0.0,0.0,1
2012-07-14 16:00:00+00:00,0.03404025,0.145633621038125,0.035394200943749995,0.032,0.212,4.193684211907895,4.1936842,0.09473685401315812,0.0,0.18,0.0,-0.0,0.0,1
2012-07-14 16:30:00+00:00,0.03464295,0.146322960669875,0.03602087333625,0.012,0.458,3.958947369802632,3.9589474,0.23473681190789497,0.0,0.446,0.0,-0.0,0.0,1
2012-07-14 17:00:00+00:00,0.03672165,0.148700478991625,0.038182253628749996,0.001,0.587,3.650526317171053,3.6505263,0.30842106980263173,0.0,0.586,0.0,-0.0,0.0,1
2012-07-14 17:30:00+00:00,0.03729975,0.149361682311875,0.03878334755625,0.0,0.316,3.484210527697369,3.4842105,0.16631581717105304,0.0,0.316,0.0,-0.0,0.0,1
2012-07-14 18:00:00+00:00,0.04129725,0.153933832930625,0.04293984811875,0.0,0.351,3.2994736855921056,3.2994737,0.18473682769736888,0.0,0.351,0.0,-0.0,0.0,1
2012-07-14 18:30:00+00:00,0.0409836,0.153575094959,0.04261372269,0.0,0.439,3.0684210540131582,3.0684211,0.2310525855921055,0.0,0.439,0.0,-0.0,0.0,1
2012-07-14 19:00:00+00:00,0.03967365,0.152076836371625,0.04125166942875,0.0,0.335,2.892105264539474,2.8921053,0.17631575401315835,0.0,0.335,0.0,-0.0,0.0,1
2012-07-14 19:30:00+00:00,0.03729975,0.149361682311875,0.03878334755625,0.0,0.351,2.7073684224342105,2.7073684,0.1847368645394738,0.0,0.351,0.0,-0.0,0.0,1
2012-07-14 20:00:00+00:00,0.03451995,0.146182279112375,0.03589298101125,0.0,0.357,2.5194736855921054,2.5194737,0.18789472243421068,0.0,0.357,0.0,-0.0,0.0,1
2012-07-14 20:30:00+00:00,0.0345753,0.14624558581325,0.0359505325575,0.0,0.309,2.356842106644737,2.3568421,0.16263158559210522,0.0,0.309,0.0,-0.0,0.0,1
2012-07-14 21:00:00+00:00,0.03439695,0.14604159755487503,0.03576508868625,0.0,0.464,2.1126315803289475,2.1126316,0.2442105066447371,0.0,0.464,0.0,-0.0,0.0,1
2012-07-14 21:30:00+00:00,0.0343908,0.146034563477,0.03575869406999999,0.0,0.518,1.8400000013815792,1.84,0.2726315803289474,0.0,0.518,0.0,-0.0,0.0,1
2012-07-14 22:00:00+00:00,0.0342924,0.14592201823099998,0.03565638021,0.0,0.357,1.6521052645394738,1.6521053,0.18789470138157904,0.0,0.357,0.0,-0.0,0.0,1
2012-07-14 22:30:00+00:00,0.03444615,0.146097870177875,0.03581624561625,0.0,0.469,1.4052631592763158,1.4052632,0.24684206453947377,0.0,0.469,0.0,-0.0,0.0,1
2012-07-14 23:00:00+00:00,0.0343785,0.14602049532125,0.035745904837499995,0.0,0.426,1.1810526329605264,1.1810526,0.22421055927631595,0.0,0.426,0.0,-0.0,0.0,1
2012-07-14 23:30:00+00:00,0.03447075,0.14612600648937502,0.03584182408125,0.0,0.344,1.000000001381579,1.0,0.18105263296052643,0.0,0.344,0.0,-0.0,0.0,1
2012-07-15 00:00:00+00:00,0.03451995,0.09668227911237502,0.03589298101125,0.0,0.113,1.000000001381579,1.0,1.3815790733673339e-09,0.0,0.0,0.113,0.0,0.005462548769849189,1
2012-07-15 00:30:00+00:00,0.0343785,0.09652049532125001,0.035745904837499995,0.0,0.15,1.000000001381579,1.0,1.3815790733673339e-09,0.0,0.0,0.15,0.0,0.007239037149093751,1
2012-07-15 01:00:00+00:00,0.0342555,0.09637981376375002,0.035618012512500005,0.0,0.134,1.000000001381579,1.0,1.3815790733673339e-09,0.0,0.0,0.134,0.0,0.006457447522171251,1
2012-07-15 01:30:00+00:00,0.03381885,0.09588039423462501,0.03516399475874999,0.0,0.178,1.000000001381579,1.0,1.3815790733673339e-09,0.0,0.0,0.178,0.0,0.008533355086881625,1
2012-07-15 02:00:00+00:00,0.03326535,0.095247327225875,0.034588479296249995,0.0,0.197,1.334568422131579,1.3345684,0.3345683986184209,0.70435457,0.0,0.9013545700000001,0.0,0.042925806837663935,1
2012-07-15 02:30:00+00:00,0.0311313,0.09280650220325001,0.032369547457499995,0.0,0.124,2.047068422131579,2.0470684,0.7124999778684211,1.5,0.0,1.624,0.0,0.07535887978903902,1
2012-07-15 03:00:00+00:00,0.03159255,0.093334058043875,0.03284914367625,0.0,0.072,2.759568422131579,2.7595684,0.7124999778684211,1.5,0.0,1.572,0.0,0.07336056962248576,1
2012-07-15 03:30:00+00:00,0.0308361,0.09246886646525002,0.0320626058775,0.0,0.096,3.4720684221315787,3.4720684,0.7124999778684211,1.5,0.0,1.596,0.0,0.07379015543926952,1
2012-07-15 04:00:00+00:00,0.0300612,0.091582572653,0.03125688423,0.0,0.125,4.184568422131578,4.1845684,0.7124999778684211,1.5,0.0,1.625,0.0,0.0744108402805625,1
2012-07-15 04:30:00+00:00,0.03046095,0.09203978771487499,0.03167253428625,0.0,0.053,4.897068422131579,4.8970684,0.712499977868422,1.5,0.0,1.553,0.0,0.07146889516060043,1
2012-07-15 05:00:00+00:00,0.02870205,0.31992804144262504,0.029843674038749997,0.0,0.071,4.859700001078947,4.8597,0.03736842213157843,0.0,0.071,0.0,-0.0,0.0,1
2012-07-15 05:30:00+00:00,0.03016575,0.32160215197687503,0.03136559270625,0.0,0.194,4.757594737921052,4.7575947,0.10210530107894655,0.0,0.194,0.0,-0.0,0.0,1
2012-07-15 06:00:00+00:00,0.0262113,0.31707923990325004,0.027253854457499997,0.0,0.086,4.712331580026316,4.7123316,0.04526313792105263,0.0,0.086,0.0,-0.0,0.0,1
2012-07-15 06:30:00+00:00,0.027921,0.3190347135525,0.029031557774999998,0.0,0.089,4.665489474763158,4.6654895,0.04684208002631607,0.0,0.089,0.0,-0.0,0.0,1
2012-07-15 07:00:00+00:00,0.030996,0.32255175249000007,0.0322288659,0.0,0.103,4.611278948447368,4.6112789,0.05421057476315738,0.0,0.103,0.0,-0.0,0.0,1
2012-07-15 07:30:00+00:00,0.0313773,0.3229878653182501,0.032625332107499995,0.011,0.09,4.569700001078947,4.5697,0.04157894844736809,0.0,0.079,0.0,-0.0,0.0,1
2012-07-15 08:00:00+00:00,0.03223215,0.323965602142875,0.03351418376625,0.055,0.284,4.449173685289473,4.4491737,0.12052630107894657,0.0,0.229,0.0,2.7755575615628914e-17,-4.651027308601174e-19,1
2012-07-15 08:30:00+00:00,0.03445845,0.326511938333625,0.035829034848750003,0.097,0.811,4.073384211605263,4.0733842,0.37578948528947365,0.0,0.714,1.1102230246251565e-16,0.0,1.8125053587648988e-17,1
2012-07-15 09:00:00+00:00,0.03411405,0.326118029972625,0.035470936338749995,0.143,0.346,3.966542106342105,3.9665421,0.10684211160526313,0.0,0.203,0.0,2.7755575615628914e-17,-4.922581278536674e-19,1
2012-07-15 09:30:00+00:00,0.0344646,0.3265189724115001,0.03583542946499999,0.193,0.359,3.8791736852894734,3.8791737,0.08736840634210497,0.0,0.166,0.0,2.7755575615628914e-17,-4.973164861171718e-19,1
2012-07-15 10:00:00+00:00,0.03451995,0.32658227911237503,0.03589298101125,0.237,0.353,3.818121053710526,3.8181211,0.06105258528947344,0.0,0.116,0.0,1.3877787807814457e-17,-2.490575871320205e-19,1
2012-07-15 10:30:00+00:00,0.0344523,0.32650490425575,0.035822640232499994,0.274,0.08,3.910271053710526,3.9102711,0.09215004628947421,0.194,0.0,0.0,-0.0,0.0,1
2012-07-15 11:00:00+00:00,0.03443385,0.146083802022125,0.03580345638375,0.293,0.096,4.003846053710526,4.0038461,0.09357504628947355,0.197,0.0,5.551115123125783e-17,0.0,4.054640013243655e-18,1
2012-07-15 11:30:00+00:00,0.03417555,0.145788370751375,0.03553488250125,0.303,0.146,4.078421053710526,4.0784211,0.07457504628947387,0.157,0.0,0.0,-0.0,0.0,1
2012-07-15 12:00:00+00:00,0.0341202,0.1457250640505,0.035477330955000004,0.214,0.295,4.035789474763158,4.0357895,0.042631553710526404,0.0,0.081,0.0,1.3877787807814457e-17,-2.4617343549054874e-19,1
2012-07-15 12:30:00+00:00,0.03394185,0.145521075792125,0.03529188708375,0.018,0.187,3.9468421063421055,3.9468421,0.08894737476315795,0.0,0.169,0.0,-0.0,0.0,1
2012-07-15 13:00:00+00:00,0.03388035,0.145450735013375,0.03522794092124999,0.013,0.197,3.8500000010789477,3.85,0.09684210634210544,0.0,0.184,0.0,-0.0,0.0,1
2012-07-15 13:30:00+00:00,0.03360975,0.145141235586875,0.03494657780625,0.016,0.203,3.751578948447369,3.7515789,0.09842110107894753,0.0,0.187,0.0,-0.0,0.0,1
2012-07-15 14:00:00+00:00,0.0338865,0.14545776909125002,0.0352343355375,0.057,0.228,3.661578948447369,3.6615789,0.09000004844736909,0.0,0.171,0.0,-0.0,0.0,1
2012-07-15 14:30:00+00:00,0.0332961,0.14478249761525003,0.0346204523775,0.198,0.203,3.6589473695000008,3.6589474,0.0026315484473689033,0.0,0.005,4.336808689942018e-18,0.0,3.139469969046629e-19,1
2012-07-15 15:00:00+00:00,0.0336036,0.145134201509,0.034940183189999995,0.172,0.372,3.553684211605264,3.5536842,0.10526316950000059,0.0,0.2,0.0,-0.0,0.0,1
2012-07-15 15:30:00+00:00,0.0340464,0.14564065511600002,0.03540059556,0.13,0.319,3.454210527394738,3.4542105,0.09947371160526419,0.0,0.189,0.0,-0.0,0.0,1
2012-07-15 16:00:00+00:00,0.03431085,0.14594312046462501,0.03567556405875,0.033,0.167,3.383684211605264,3.3836842,0.07052632739473808,0.0,0.134,0.0,-0.0,0.0,1
2012-07-15 16:30:00+00:00,0.0344523,0.14610490425574998,0.035822640232499994,0.001,0.299,3.226842106342106,3.2268421,0.1568421116052643,0.0,0.298,0.0,-0.0,0.0,1
2012-07-15 17:00:00+00:00,0.03677085,0.148756751614625,0.03823341055875,0.0,0.317,3.060000001078948,3.06,0.16684210634210617,0.0,0.317,0.0,-0.0,0.0,1
2012-07-15 17:30:00+00:00,0.04092825,0.153511788258125,0.042556171143749995,0.0,0.543,2.7742105273947377,2.7742105,0.28578950107894796,0.0,0.543,0.0,-0.0,0.0,1
2012-07-15 18:00:00+00:00,0.0563094,0.1711040170235,0.058549106385,0.0,0.308,2.6121052642368427,2.6121053,0.16210522739473765,0.0,0.308,0.0,-0.0,0.0,1
2012-07-15 18:30:00+00:00,0.05283465,0.167129763024125,0.05493614820374999,0.0,0.274,2.4678947379210534,2.4678947,0.14421056423684275,0.0,0.274,0.0,-0.0,0.0,1
2012-07-15 19:00:00+00:00,0.04690605,0.16034891195262502,0.04877173813874999,0.0,0.221,2.351578948447369,2.3515789,0.1163158379210536,0.0,0.221,0.0,-0.0,0.0,1
2012-07-15 19:30:00+00:00,0.0440217,0.15704992942924997,0.04577266311749999,0.0,0.352,2.1663157905526322,2.1663158,0.18526314844736902,0.0,0.352,0.0,-0.0,0.0,1
2012-07-15 20:00:00+00:00,0.04156785,0.154243332357125,0.04322121123375,0.0,0.29,2.013684211605264,2.0136842,0.1526315905526321,0.0,0.29,0.0,-0.0,0.0,1
2012-07-15 20:30:00+00:00,0.0418815,0.15460207032875,0.0435473366625,0.0,0.532,1.733684211605264,1.7336842,0.2800000116052641,0.0,0.532,0.0,-0.0,0.0,1
2012-07-15 21:00:00+00:00,0.0406146,0.1531530502865,0.042230045715,0.0,0.295,1.5784210537105272,1.5784211,0.15526311160526407,0.0,0.295,0.0,-0.0,0.0,1
2012-07-15 21:30:00+00:00,0.03806235,0.150233907968375,0.03957627997125,0.0,0.593,1.2663157905526325,1.2663158,0.3121052537105271,0.0,0.593,0.0,-0.0,0.0,1
2012-07-15 22:00:00+00:00,0.0350058,0.1467379712645,0.036398155695,0.0,0.126,1.2000000010789482,1.2,0.06631579055263259,0.0,0.126,0.0,-0.0,0.0,1
2012-07-15 22:30:00+00:00,0.0370968,0.14912955774199999,0.038572325219999995,0.0,0.101,1.1468421063421061,1.1468421,0.053157901078948244,0.0,0.101,0.0,-0.0,0.0,1
2012-07-15 23:00:00+00:00,0.0357807,0.14762426507675,0.0372038773425,0.0,0.142,1.072105264236843,1.0721053,0.07473680634210611,0.0,0.142,0.0,-0.0,0.0,1
2012-07-15 23:30:00+00:00,0.0349566,0.14668169864150002,0.036346998765,0.0,0.137,1.0000000010789483,1.0,0.07210526423684294,0.0,0.137,0.0,-0.0,0.0,1
2012-07-16 00:00:00+00:00,0.03432315,0.096457188620375,0.035688353291249995,0.0,0.163,1.0000000010789483,1.0,1.0789482640660708e-09,0.0,0.0,0.163,0.0,0.007861260872560562,1
2012-07-16 00:30:00+00:00,0.03391725,0.09599293948062503,0.03526630861875,0.0,0.123,1.0000000010789483,1.0,1.0789482640660708e-09,0.0,0.0,0.123,0.0,0.005903565778058439,1
2012-07-16 01:00:00+00:00,0.0343293,0.09646422269825002,0.0356947479075,0.0,0.145,1.0000000010789483,1.0,1.0789482640660708e-09,0.0,0.0,0.145,0.0,0.0069936561456231255,1
2012-07-16 01:30:00+00:00,0.033948,0.09602810987000002,0.035298281699999996,0.0,0.116,1.0000000010789483,1.0,1.0789482640660708e-09,0.0,0.0,0.116,0.0,0.005569630372460001,1
2012-07-16 02:00:00+00:00,0.03330225,0.09528953169312501,0.034626846993749995,0.0,0.071,1.0000000010789483,1.0,1.0789482640660708e-09,0.0,0.0,0.071,0.0,0.0033827783751059375,1
2012-07-16 02:30:00+00:00,0.0323613,0.09421331777825001,0.0336484707075,0.0,0.053,1.7125000010789482,1.7125,0.7124999989210516,1.5,0.0,1.553,0.0,0.07315664125481113,1
2012-07-16 03:00:00+00:00,0.0321276,0.09394602281900001,0.03340547529,0.0,0.087,2.4250000010789483,2.425,0.7124999989210516,1.5,0.0,1.587,0.0,0.0745461691068765,1
2012-07-16 03:30:00+00:00,0.0312912,0.09298938822800001,0.03253580748,0.0,0.084,3.137500001078948,3.1375,0.7124999989210519,1.5,0.0,1.584,0.0,0.07364759547657601,1
2012-07-16 04:00:00+00:00,0.03089145,0.09253217316612501,0.03212015742375,0.0,0.071,3.850000001078948,3.85,0.7124999989210519,1.5,0.0,1.571,0.0,0.0726840220219912,1
2012-07-16 04:30:00+00:00,0.0330747,0.09502927081175,0.034390246192499994,0.0,0.09,4.5625000010789485,4.5625,0.7124999989210519,1.5,0.0,1.59,0.0,0.07554827029534125,1
2012-07-16 05:00:00+00:00,0.034071,0.3260687914275,0.035426174025,0.0,0.067,4.527236843184212,4.5272368,0.03526320107894865,0.0,0.067,0.0,-0.0,0.0,1
2012-07-16 05:30:00+00:00,0.0347721,0.32687067630525,0.0361551602775,0.0,0.06,4.495657895815791,4.4956579,0.03157894318421128,0.0,0.06,0.0,-0.0,0.0,1
2012-07-16 06:00:00+00:00,0.0349935,0.32712390310875006,0.0363853664625,0.0,0.259,4.3593421063421065,4.3593421,0.13631579581579079,0.0,0.259,0.0,-0.0,0.0,1
2012-07-16 06:30:00+00:00,0.03774255,0.33026813591887505,0.039243759926249996,0.0,0.288,4.207763158973686,4.2077632,0.1515789063421069,0.0,0.288,0.0,-0.0,0.0,1
2012-07-16 07:00:00+00:00,0.042804,0.33605718201,0.0445065291,0.0,0.48,3.9551315800263174,3.9551316,0.2526315589736856,0.0,0.48,0.0,-0.0,0.0,1
2012-07-16 07:30:00+00:00,0.04277325,0.33602201162062506,0.04447455601874999,0.011,0.299,3.8035526326578966,3.8035526,0.1515789800263172,0.0,0.288,0.0,-0.0,0.0,1
2012-07-16 08:00:00+00:00,0.04704135,0.34090366166587505,0.04891241969625,0.056,0.333,3.657763158973686,3.6577632,0.14578943265789635,0.0,0.277,0.0,-0.0,0.0,1
2012-07-16 08:30:00+00:00,0.0483267,0.34237378394175005,0.0502488944925,0.102,0.341,3.531973685289475,3.5319737,0.12578945897368587,0.0,0.239,5.551115123125783e-17,0.0,9.50278144900424e-18,1
2012-07-16 09:00:00+00:00,0.04705365,0.34091772982162505,0.04892520892875,0.154,0.15,3.533873685289475,3.5338737,0.001900014710524811,0.004,0.0,0.0,-0.0,0.0,1
2012-07-16 09:30:00+00:00,0.0467646,0.3405871281615,0.048624661964999996,0.201,0.147,3.5595236852894754,3.5595237,0.02565001471052497,0.054,0.0,0.0,2.7755575615628914e-17,-6.748027409769763e-19,1
2012-07-16 10:00:00+00:00,0.04634025,0.34010177678812503,0.04818343344374999,0.25,0.237,3.565698685289475,3.5656987,0.006175014710524618,0.013,0.0,0.0,-0.0,0.0,1
2012-07-16 10:30:00+00:00,0.0456576,0.3393209941440001,0.04747363104,0.277,0.325,3.5404355273947385,3.5404355,0.025263185289475132,0.0,0.048,0.0,1.3877787807814457e-17,-3.2941448901979696e-19,1
2012-07-16 11:00:00+00:00,0.0416601,0.15434884352525,0.04331713047749999,0.289,0.391,3.4867513168684225,3.4867513,0.05368422739473866,0.0,0.102,4.163336342344337e-17,0.0,3.2130307482374634e-18,1
2012-07-16 11:30:00+00:00,0.04076835,0.153328902233375,0.04238991112125,0.295,0.133,3.5637013168684226,3.5637013,0.07694998313157742,0.162,0.0,5.551115123125783e-17,0.0,4.255731939999813e-18,1
2012-07-16 12:00:00+00:00,0.03978435,0.152203449773375,0.041366772521250005,0.204,0.072,3.6264013168684226,3.6264013,0.06269998313157732,0.132,0.0,2.7755575615628914e-17,0.0,2.1122471795722435e-18,1
2012-07-16 12:30:00+00:00,0.03605745,0.147940798581125,0.037491635073749995,0.018,0.093,3.5869276326578965,3.5869276,0.03947371686842249,0.0,0.075,0.0,-0.0,0.0,1
2012-07-16 13:00:00+00:00,0.0344892,0.14614710872300002,0.035861007929999994,0.012,0.137,3.521138158973686,3.5211382,0.06578943265789627,0.0,0.125,0.0,-0.0,0.0,1
2012-07-16 13:30:00+00:00,0.0347721,0.14647067630525,0.0361551602775,0.016,0.108,3.472717106342107,3.4727171,0.04842105897368576,0.0,0.092,0.0,-0.0,0.0,1
2012-07-16 14:00:00+00:00,0.0346245,0.14630185843625002,0.0360016894875,0.059,0.09,3.4564013168684227,3.4564013,0.016315806342106942,0.0,0.031,0.0,-0.0,0.0,1
2012-07-16 14:30:00+00:00,0.0342555,0.14587981376375,0.035618012512500005,0.206,0.109,3.5024763168684228,3.5024763,0.04607498313157743,0.097,0.0,2.7755575615628914e-17,0.0,2.0244891008568134e-18,1
2012-07-16 15:00:00+00:00,0.034194,0.14580947298500002,0.03555406635,0.17,0.089,3.540951316868423,3.5409513,0.03847498313157738,0.081,0.0,0.0,2.7755575615628914e-17,-4.934117885102563e-19,1
2012-07-16 15:30:00+00:00,0.0340587,0.14565472327175,0.035413384792499995,0.126,0.136,3.535688158973686,3.5356882,0.005263116868422735,0.0,0.01,8.673617379884035e-18,0.0,6.316766696160252e-19,1
2012-07-16 16:00:00+00:00,0.034686,0.146372199215,0.03606563565,0.034,0.144,3.477793422131581,3.4777934,0.05789475897368623,0.0,0.11,0.0,1.3877787807814457e-17,-2.502556193523242e-19,1
2012-07-16 16:30:00+00:00,0.0368262,0.14882005831550002,0.038290962105000007,0.001,0.193,3.3767407905526334,3.3767408,0.10105262213158106,0.0,0.192,0.0,-0.0,0.0,1
2012-07-16 17:00:00+00:00,0.0376257,0.14973448843925,0.039122262217499995,0.0,0.361,3.1867407905526335,3.1867408,0.1899999905526335,0.0,0.361,0.0,-0.0,0.0,1
2012-07-16 17:30:00+00:00,0.0412665,0.15389866254125,0.042907875037499994,0.0,0.415,2.9683197379210546,2.9683197,0.2184210905526336,0.0,0.415,0.0,-0.0,0.0,1
2012-07-16 18:00:00+00:00,0.0482898,0.16193157947450001,0.050210526795,0.0,0.75,2.5735828958157914,2.5735829,0.39473683792105474,0.0,0.75,0.0,-0.0,0.0,1
2012-07-16 18:30:00+00:00,0.04855425,0.162234044823125,0.050485495293749995,0.0,0.394,2.3662144747631597,2.3662145,0.20736839581579147,0.0,0.394,0.0,-0.0,0.0,1
2012-07-16 19:00:00+00:00,0.047355,0.1608623996375,0.049238545125,0.0,0.233,2.2435828958157913,2.2435829,0.12263157476315989,0.0,0.233,0.0,-0.0,0.0,1
2012-07-16 19:30:00+00:00,0.0408114,0.1533781407785,0.042434673434999994,0.0,0.248,2.1130565800263175,2.1130566,0.13052629581579112,0.0,0.248,0.0,-0.0,0.0,1
2012-07-16 20:00:00+00:00,0.0407376,0.153293731844,0.042357938039999994,0.0,0.462,1.8698986852894754,1.8698987,0.24315788002631744,0.0,0.462,0.0,-0.0,0.0,1
2012-07-16 20:30:00+00:00,0.0414387,0.15409561672175,0.043086924292499995,0.0,0.255,1.735688158973686,1.7356882,0.13421048528947543,0.0,0.255,0.0,-0.0,0.0,1
2012-07-16 21:00:00+00:00,0.0408114,0.1533781407785,0.042434673434999994,0.0,0.426,1.5114776326578965,1.5114776,0.2242105589736858,0.0,0.426,0.0,-0.0,0.0,1
2012-07-16 21:30:00+00:00,0.0380439,0.15021280573475002,0.039557096122499996,0.0,0.33,1.3377934221315806,1.3377934,0.17368423265789645,0.0,0.33,0.0,-0.0,0.0,1
2012-07-16 22:00:00+00:00,0.03562695,0.147448413129875,0.03704401193624999,0.0,0.07,1.3009513168684226,1.3009513,0.03684212213158067,0.0,0.07,0.0,-0.0,0.0,1
2012-07-16 22:30:00+00:00,0.0438864,0.156895179716,0.04563198156,0.0,0.072,1.2630565800263174,1.2630566,0.037894716868422496,0.0,0.072,0.0,-0.0,0.0,1
2012-07-16 23:00:00+00:00,0.0363465,0.14827140024125,0.0377921820375,0.0,0.154,1.18200394844737,1.1820039,0.08105268002631738,0.0,0.154,0.0,-0.0,0.0,1
2012-07-16 23:30:00+00:00,0.0352641,0.14703340253525,0.036666729577499994,0.0,0.116,1.1209513168684224,1.1209513,0.061052648447369906,0.0,0.116,0.0,-0.0,0.0,1
2012-07-17 00:00:00+00:00,0.0357192,0.098053924298,0.037139931179999995,0.0,0.119,1.1209513168684224,1.1209513,1.6868422436644437e-08,0.0,0.0,0.119,0.0,0.005834208495731,1
2012-07-17 00:30:00+00:00,0.03433545,0.096471256776125,0.03570114252375,0.0,0.124,1.1209513168684224,1.1209513,1.6868422436644437e-08,0.0,0.0,0.124,0.0,0.00598121792011975,1
2012-07-17 01:00:00+00:00,0.03436005,0.09649939308762502,0.03572672098875,0.0,0.196,1.1209513168684224,1.1209513,1.6868422436644437e-08,0.0,0.0,0.196,0.0,0.009456940522587252,1
2012-07-17 01:30:00+00:00,0.0342801,0.09640795007524999,0.03564359097749999,0.0,0.194,1.1209513168684224,1.1209513,1.6868422436644437e-08,0.0,0.0,0.194,0.0,0.00935157115729925,1
2012-07-17 02:00:00+00:00,0.03406485,0.09616175734962502,0.03541977940875,0.0,0.081,1.1209513168684224,1.1209513,1.6868422436644437e-08,0.0,0.0,0.081,0.0,0.0038945511726598135,1
2012-07-17 02:30:00+00:00,0.03343755,0.09544428140637501,0.03476752855125,0.0,0.085,1.4958539493684224,1.4958539,0.37490258313157754,0.7892687,0.0,0.8742687,0.0,0.04172197391379283,1
2012-07-17 03:00:00+00:00,0.0328779,0.09480418031975,0.0341856184725,0.0,0.072,2.2083539493684223,2.2083539,0.7124999506315777,1.5,0.0,1.572,0.0,0.07451608573132351,1
2012-07-17 03:30:00+00:00,0.03204765,0.093854579806625,0.03332234527874999,0.0,0.078,2.9208539493684222,2.9208539,0.7124999506315777,1.5,0.0,1.578,0.0,0.07405126346742713,1
2012-07-17 04:00:00+00:00,0.0319431,0.09373500048275,0.0332136368025,0.0,0.139,3.633353949368422,3.6333539,0.7124999506315777,1.5,0.0,1.639,0.0,0.07681583289561363,1
2012-07-17 04:30:00+00:00,0.0319062,0.09369279601550001,0.033175269105,0.0,0.07,4.345853949368422,4.3458539,0.7124999506315777,1.5,0.0,1.57,0.0,0.07354884487216751,1
2012-07-17 05:00:00+00:00,0.03293325,0.324767487020625,0.03424317001874999,0.0,0.054,4.317432896736843,4.3174329,0.028421049368422047,0.0,0.054,0.0,-0.0,0.0,1
2012-07-17 05:30:00+00:00,0.0340095,0.32599845064875,0.0353622278625,0.0,0.106,4.261643423052632,4.2616434,0.055789496736843525,0.0,0.106,0.0,-0.0,0.0,1
2012-07-17 06:00:00+00:00,0.03223215,0.323965602142875,0.03351418376625,0.0,0.197,4.1579592125263165,4.1579592,0.1036842230526327,0.0,0.197,0.0,-0.0,0.0,1
2012-07-17 06:30:00+00:00,0.03589755,0.32815791255637505,0.03732537505125,0.0,0.302,3.999011844105264,3.9990118,0.1589474125263166,0.0,0.302,0.0,-0.0,0.0,1
2012-07-17 07:00:00+00:00,0.041574,0.33465036643500007,0.043227605849999996,0.0,0.248,3.86848552831579,3.8684855,0.13052634410526398,0.0,0.248,0.0,-0.0,0.0,1
2012-07-17 07:30:00+00:00,0.04426155,0.337724258466375,0.04602205315124999,0.012,0.33,3.7011171072631583,3.7011171,0.16736842831579013,0.0,0.318,0.0,-0.0,0.0,1
2012-07-17 08:00:00+00:00,0.0523365,0.34696000271625005,0.0544181842875,0.058,0.159,3.6479592125263163,3.6479592,0.0531579072631585,0.0,0.101,0.0,-0.0,0.0,1
2012-07-17 08:30:00+00:00,0.05092815,0.345349198882875,0.05295381716624999,0.098,0.091,3.651284212526316,3.6512842,0.003324987473683816,0.007,0.0,0.0,-0.0,0.0,1
2012-07-17 09:00:00+00:00,0.04312995,0.336429988137375,0.04484544376125,0.146,0.127,3.660309212526316,3.6603092,0.009024987473683854,0.019,0.0,0.0,-0.0,0.0,1
2012-07-17 09:30:00+00:00,0.0414387,0.33449561672175004,0.043086924292499995,0.201,0.221,3.649782896736842,3.6497829,0.010526312526315973,0.0,0.02,0.0,1.0408340855860843e-17,-2.2423169723350536e-19,1
2012-07-17 10:00:00+00:00,0.04076835,0.33372890223337504,0.04238991112125,0.246,0.141,3.6996578967368423,3.6996579,0.04987500326315786,0.105,0.0,0.0,-0.0,0.0,1
2012-07-17 10:30:00+00:00,0.04025175,0.333138039691875,0.041852763356249996,0.273,0.127,3.7690078967368423,3.7690079,0.06935000326315777,0.146,0.0,0.0,-0.0,0.0,1
2012-07-17 11:00:00+00:00,0.03562695,0.147448413129875,0.03704401193624999,0.288,0.091,3.8625828967368423,3.8625829,0.09357500326315771,0.197,0.0,5.551115123125783e-17,0.0,4.092515580030737e-18,1
2012-07-17 11:30:00+00:00,0.03449535,0.146154142800875,0.03586740254625,0.299,0.08,3.9666078967368423,3.9666079,0.10402500326315778,0.219,0.0,0.0,-0.0,0.0,1
2012-07-17 12:00:00+00:00,0.0344769,0.14613304056725002,0.035848218697499996,0.186,0.127,3.9946328967368423,3.9946329,0.02802500326315771,0.059,0.0,0.0,-0.0,0.0,1
2012-07-17 12:30:00+00:00,0.03442155,0.146069733866375,0.035790667151250004,0.018,0.105,3.9488434230526317,3.9488434,0.045789496736842406,0.0,0.087,0.0,-0.0,0.0,1
2012-07-17 13:00:00+00:00,0.0336651,0.14520454228775,0.035004129352499996,0.012,0.102,3.901475002,3.901475,0.04736842305263167,0.0,0.09,0.0,-0.0,0.0,1
2012-07-17 13:30:00+00:00,0.03364665,0.14518344005412498,0.034984945503749997,0.016,0.12,3.846738159894737,3.8467382,0.054736802000000306,0.0,0.104,0.0,-0.0,0.0,1
2012-07-17 14:00:00+00:00,0.03343755,0.144944281406375,0.03476752855125,0.052,0.082,3.830948686210527,3.8309487,0.015789459894737234,0.0,0.03,6.938893903907228e-18,0.0,5.0287649532845465e-19,1
2012-07-17 14:30:00+00:00,0.0330501,0.14450113450025,0.0343646677275,0.204,0.165,3.8494736862105268,3.8494737,0.01852501378947302,0.039,0.0,2.7755575615628914e-17,0.0,2.0053560825829266e-18,1
2012-07-17 15:00:00+00:00,0.03287175,0.144297146241875,0.034179223856249996,0.175,0.188,3.842631580947369,3.8426316,0.006842086210526954,0.0,0.013,1.214306433183765e-17,0.0,8.761047648578368e-19,1
2012-07-17 15:30:00+00:00,0.0331485,0.14461367974624997,0.034466981587499994,0.13,0.192,3.810000002,3.81,0.03263158094736873,0.0,0.062,0.0,-0.0,0.0,1
2012-07-17 16:00:00+00:00,0.03376965,0.145324121611625,0.03511283782875,0.037,0.244,3.7010526335789478,3.7010526,0.10894740200000008,0.0,0.207,0.0,-0.0,0.0,1
2012-07-17 16:30:00+00:00,0.0342678,0.1458938819195,0.035630801744999996,0.001,0.245,3.5726315809473688,3.5726316,0.12842103357894796,0.0,0.244,0.0,-0.0,0.0,1
2012-07-17 17:00:00+00:00,0.03568845,0.14751875390862498,0.03710795809874999,0.0,0.611,3.2510526335789476,3.2510526,0.3215789809473688,0.0,0.611,0.0,-0.0,0.0,1
2012-07-17 17:30:00+00:00,0.0417093,0.15440511614825,0.04336828740749999,0.0,0.548,2.9626315809473684,2.9626316,0.28842103357894766,0.0,0.548,0.0,-0.0,0.0,1
2012-07-17 18:00:00+00:00,0.0576747,0.17266558231174997,0.059968711192499996,0.0,0.353,2.7768421072631577,2.7768421,0.18578948094736836,0.0,0.353,0.0,-0.0,0.0,1
2012-07-17 18:30:00+00:00,0.0560142,0.1707663812855,0.058242164804999996,0.0,0.231,2.6552631598947367,2.6552632,0.1215789072631579,0.0,0.231,0.0,-0.0,0.0,1
2012-07-17 19:00:00+00:00,0.04940295,0.16320474756987502,0.051367952336249995,0.0,0.423,2.432631580947368,2.4326316,0.2226315598947366,0.0,0.423,0.0,-0.0,0.0,1
2012-07-17 19:30:00+00:00,0.0443907,0.15747197410174998,0.04615634009249999,0.0,0.398,2.2231578967368417,2.2231579,0.2094736809473683,0.0,0.398,0.0,-0.0,0.0,1
2012-07-17 20:00:00+00:00,0.0453747,0.15859742656175,0.04717947869249999,0.0,0.28,2.07578947568421,2.0757895,0.14736839673684177,0.0,0.28,0.0,-0.0,0.0,1
2012-07-17 20:30:00+00:00,0.04322835,0.156142533383375,0.044947757621249994,0.0,0.349,1.8921052651578942,1.8921053,0.18368417568421003,0.0,0.349,0.0,-0.0,0.0,1
2012-07-17 21:00:00+00:00,0.04156785,0.154243332357125,0.04322121123375,0.0,0.184,1.7952631598947364,1.7952632,0.09684206515789429,0.0,0.184,0.0,-0.0,0.0,1
2012-07-17 21:30:00+00:00,0.03694305,0.148953705795125,0.038412459813749994,0.0,0.565,1.497894738842105,1.4978947,0.29736845989473637,0.0,0.565,0.0,-0.0,0.0,1
2012-07-17 22:00:00+00:00,0.03463065,0.146308892514125,0.03600808410375,0.0,0.149,1.419473686210526,1.4194737,0.07842103884210494,0.0,0.149,0.0,-0.0,0.0,1
2012-07-17 22:30:00+00:00,0.03715215,0.149192864442875,0.03862987676625,0.0,0.598,1.1047368441052627,1.1047368,0.314736886210526,0.0,0.598,0.0,-0.0,0.0,1
2012-07-17 23:00:00+00:00,0.0346614,0.14634406290350002,0.036040057185,0.0,0.09,1.0573684230526312,1.0573684,0.04736844410526264,0.0,0.09,0.0,-0.0,0.0,1
2012-07-17 23:30:00+00:00,0.03543015,0.14722332263787502,0.03683938421625,0.0,0.109,1.0000000019999997,1.0,0.057368423052631234,0.0,0.109,0.0,-0.0,0.0,1
2012-07-18 00:00:00+00:00,0.03347445,0.09548648587362503,0.03480589624875,0.0,0.055,1.5362736719999996,1.5362737,0.5315367980000003,1.1289972,0.0,1.1839971999999999,0.0,0.05652786595610579,1
2012-07-18 00:30:00+00:00,0.0337143,0.09576081491075002,0.0350552862825,0.0,0.064,2.0725473419999996,2.0725474,2.8000000318328944e-08,1.1289972,0.0,1.1929972,0.0,0.05712119202912151,1
2012-07-18 01:00:00+00:00,0.03404025,0.096133621038125,0.035394200943749995,0.0,0.109,2.0725473419999996,2.0725473,5.800000035804942e-08,0.0,0.0,0.109,0.0,0.005239282346577813,1
2012-07-18 01:30:00+00:00,0.0332469,0.09522622499225,0.0345692954475,0.0,0.09,2.6088210119999995,2.608821,0.7124999580000004,1.1289972,0.0,1.2189972,0.0,0.05804025081606139,1
2012-07-18 02:00:00+00:00,0.0324351,0.09429772671275001,0.0337252061025,0.0,0.061,3.3213210119999994,3.321321,0.7124999880000007,1.5,0.0,1.561,0.0,0.07359937569930138,1
2012-07-18 02:30:00+00:00,0.03215835,0.09398119320837502,0.03343744837125,0.0,0.093,4.033821011999999,4.033821,0.7124999880000003,1.5,0.0,1.593,0.0,0.07485602039047069,1
2012-07-18 03:00:00+00:00,0.0310944,0.09276429773600002,0.03233117976,0.0,0.084,4.746321011999999,4.746321,0.7124999880000011,1.5,0.0,1.584,0.0,0.07346932380691203,1
2012-07-18 03:30:00+00:00,0.0311559,0.09283463851475002,0.0323951259225,0.0,0.086,5.458821012,5.458821,0.7124999880000011,1.5,0.0,1.586,0.0,0.07361786834219677,1
2012-07-18 04:00:00+00:00,0.0305901,0.09218750335025,0.0318068212275,0.0,0.109,6.171321012,6.171321,0.7124999880000003,1.5,0.0,1.609,0.0,0.07416484644527613,1
2012-07-18 04:30:00+00:00,0.03075,0.092370389375,0.03197308124999999,0.0,0.055,6.883821012,6.883821,0.7124999880000003,1.5,0.0,1.555,0.0,0.0718179777390625,1
2012-07-18 05:00:00+00:00,0.0313896,0.323001933474,0.03263812133999999,0.0,0.057,6.853821012,6.853821,0.030000012000000353,0.0,0.057,0.0,-0.0,0.0,1
2012-07-18 05:30:00+00:00,0.03364665,0.325583440054125,0.034984945503749997,0.0,0.121,6.790136801473684,6.7901368,0.06368421200000007,0.0,0.121,0.0,-0.0,0.0,1
2012-07-18 06:00:00+00:00,0.03060855,0.32210860558387505,0.031826005076250004,0.0,0.084,6.745926275157895,6.7459263,0.04421050147368444,0.0,0.084,0.0,-0.0,0.0,1
2012-07-18 06:30:00+00:00,0.0343539,0.32639235900975005,0.03572032637249999,0.0,0.071,6.708557854105263,6.7085579,0.03736837515789482,0.0,0.071,0.0,-0.0,0.0,1
2012-07-18 07:00:00+00:00,0.0379947,0.33055653311175004,0.03950593919249999,0.0,0.079,6.6669789067368415,6.6669789,0.04157895410526269,0.0,0.079,0.0,-0.0,0.0,1
2012-07-18 07:30:00+00:00,0.0374289,0.32990939794725005,0.0389176344975,0.002,0.237,6.543294696210526,6.5432947,0.12368420673684177,0.0,0.235,0.0,-0.0,0.0,1
2012-07-18 08:00:00+00:00,0.04058385,0.333517879897125,0.04219807263374999,0.013,0.398,6.340663117263158,6.3406631,0.20263159621052562,0.0,0.385,0.0,-0.0,0.0,1
2012-07-18 08:30:00+00:00,0.04054695,0.333475675429875,0.04215970493624999,0.089,0.458,6.146452590947368,6.1464526,0.19421051726315763,0.0,0.369,0.0,-0.0,0.0,1
2012-07-18 09:00:00+00:00,0.0392001,0.33193521237525003,0.0407592839775,0.125,0.2,6.106978906736842,6.1069789,0.039473690947368745,0.0,0.075,1.3877787807814457e-17,0.0,2.3032632216427736e-18,1
2012-07-18 09:30:00+00:00,0.0391755,0.33190707606375003,0.0407337055125,0.08,0.159,6.0653999593684205,6.0654,0.0415789067368415,0.0,0.079,0.0,-0.0,0.0,1
2012-07-18 10:00:00+00:00,0.03686925,0.329269296860625,0.038335724418749995,0.058,0.3,5.938031538315789,5.9380315,0.12736845936842034,0.0,0.242,0.0,-0.0,0.0,1
2012-07-18 10:30:00+00:00,0.034563,0.32663151765750004,0.035937743325,0.131,0.219,5.891715748842104,5.8917157,0.046315838315789115,0.0,0.088,0.0,-0.0,0.0,1
2012-07-18 11:00:00+00:00,0.0347598,0.14645660814949998,0.036142371044999996,0.176,0.164,5.897415748842104,5.8974157,0.005699951157895455,0.012,0.0,2.7755575615628914e-17,0.0,2.0324937309509903e-18,1
2012-07-18 11:30:00+00:00,0.03437235,0.146013461243375,0.03573951022125,0.281,0.29,5.892678906736841,5.8926789,0.0047368488421044574,0.0,0.009,0.0,4.683753385137379e-17,-8.369752599096583e-19,1
2012-07-18 12:00:00+00:00,0.03381885,0.145380394234625,0.03516399475874999,0.227,0.244,5.883731538315788,5.8837315,0.008947406736841579,0.0,0.017,0.0,1.3877787807814457e-17,-2.4399922886851604e-19,1
2012-07-18 12:30:00+00:00,0.03284715,0.144269009930375,0.03415364539125,0.103,0.226,5.818994696210526,5.8189947,0.06473683831578825,0.0,0.123,1.3877787807814457e-17,0.0,1.0010673535286105e-18,1
2012-07-18 13:00:00+00:00,0.03164175,0.142890330666875,0.03290030060625,0.121,0.256,5.747942064631578,5.7479421,0.07105259621052529,0.0,0.135,0.0,-0.0,0.0,1
2012-07-18 13:30:00+00:00,0.0330132,0.144458930033,0.03432630003,0.15,0.232,5.704784169894737,5.7047842,0.04315786463157867,0.0,0.082,1.3877787807814457e-17,0.0,1.0023851889709446e-18,1
2012-07-18 14:00:00+00:00,0.0318078,0.14308025076949998,0.033072955244999994,0.121,0.233,5.645836801473684,5.6458368,0.05894736989473692,0.0,0.112,1.3877787807814457e-17,0.0,9.92818679834001e-19,1
2012-07-18 14:30:00+00:00,0.03156795,0.142805921732375,0.032823565211249996,0.223,0.265,5.6237315383157895,5.6237315,0.022105301473684058,0.0,0.042,6.938893903907228e-18,0.0,4.954575698753148e-19,1
2012-07-18 15:00:00+00:00,0.0314757,0.14270041056425,0.0327276459675,0.157,0.157,5.6237315383157895,5.6237315,3.831578965218796e-08,0.0,0.0,0.0,-0.0,0.0,1
2012-07-18 15:30:00+00:00,0.03220755,0.143537465831375,0.033488605301249995,0.093,0.212,5.561099959368421,5.5611,0.06263153831578983,0.0,0.119,0.0,-0.0,0.0,1
2012-07-18 16:00:00+00:00,0.0330009,0.14444486187724997,0.034313510797499995,0.007,0.272,5.4216262751578945,5.4216263,0.13947365936842093,0.0,0.265,0.0,-0.0,0.0,1
2012-07-18 16:30:00+00:00,0.03485205,0.146562119317625,0.036238290288749996,0.002,0.291,5.269521012,5.269521,0.1521052751578944,0.0,0.289,0.0,-0.0,0.0,1
2012-07-18 17:00:00+00:00,0.03492585,0.14664652825212499,0.036315025683749995,0.0,1.094,4.69373153831579,4.6937315,0.5757895120000001,0.0,1.094,0.0,-0.0,0.0,1
2012-07-18 17:30:00+00:00,0.0414879,0.15415188934475,0.04313808122249999,0.0,1.01,4.162152590947369,4.1621526,0.5315789383157901,0.0,1.01,0.0,-0.0,0.0,1
2012-07-18 18:00:00+00:00,0.04959975,0.163429838061875,0.05157258005625,0.0,0.998,3.636889433052632,3.6368894,0.5252631909473693,0.0,0.998,0.0,-0.0,0.0,1
2012-07-18 18:30:00+00:00,0.05277315,0.167059422245375,0.05487220204124999,0.0,0.786,3.223205222526316,3.2232052,0.4136842330526318,0.0,0.786,0.0,-0.0,0.0,1
2012-07-18 19:00:00+00:00,0.04889865,0.162627953184125,0.050843593803750003,0.0,0.547,2.935310485684211,2.9353105,0.2878947225263162,0.0,0.547,0.0,-0.0,0.0,1
2012-07-18 19:30:00+00:00,0.0419922,0.1547286837305,0.043662439755,0.0,0.186,2.8374157488421057,2.8374157,0.09789478568421073,0.0,0.186,0.0,-0.0,0.0,1
2012-07-18 20:00:00+00:00,0.03984585,0.152273790552125,0.04143071868375,0.0,0.432,2.610047327789474,2.6100473,0.2273684488421055,0.0,0.432,0.0,-0.0,0.0,1
2012-07-18 20:30:00+00:00,0.039729,0.15214014307249998,0.041309220975,0.0,0.387,2.406363117263158,2.4063631,0.20368422778947393,0.0,0.387,0.0,-0.0,0.0,1
2012-07-18 21:00:00+00:00,0.03919395,0.151528178297375,0.040752889361249996,0.0,0.208,2.2968894330526317,2.2968894,0.10947371726315813,0.0,0.208,0.0,-0.0,0.0,1
2012-07-18 21:30:00+00:00,0.0363342,0.1482573320855,0.03777939280499999,0.0,0.498,2.034784169894737,2.0347842,0.2621052330526319,0.0,0.498,0.0,-0.0,0.0,1
2012-07-18 22:00:00+00:00,0.03428625,0.145914984153125,0.035649985593749996,0.0,0.422,1.8126789067368423,1.8126789,0.222105269894737,0.0,0.422,0.0,-0.0,0.0,1
2012-07-18 22:30:00+00:00,0.0449073,0.15806283664325002,0.0466934878575,0.0,0.378,1.6137315383157897,1.6137315,0.1989474067368422,0.0,0.378,0.0,-0.0,0.0,1
2012-07-18 23:00:00+00:00,0.03631575,0.148236229851875,0.03776020895625,0.0,0.364,1.4221525909473687,1.4221526,0.19157893831578976,0.0,0.364,0.0,-0.0,0.0,1
2012-07-18 23:30:00+00:00,0.03770565,0.149825931451625,0.03920539222875,0.0,0.118,1.360047327789474,1.3600473,0.06210529094736872,0.0,0.118,0.0,-0.0,0.0,1
2012-07-19 00:00:00+00:00,0.03556545,0.09787807235112501,0.03698006577375,0.0,0.159,1.360047327789474,1.3600473,2.7789474055239793e-08,0.0,0.0,0.159,0.0,0.007781306751914439,1
2012-07-19 00:30:00+00:00,0.0338127,0.09587336015675002,0.0351576001425,0.0,0.194,1.360047327789474,1.3600473,2.7789474055239793e-08,0.0,0.0,0.194,0.0,0.009299715935204752,1
2012-07-19 01:00:00+00:00,0.0328164,0.09473383954100002,0.03412167231,0.0,0.171,2.072547327789474,2.0725473,0.7124999722105261,1.5,0.0,1.671,0.0,0.07915012293650552,1
2012-07-19 01:30:00+00:00,0.0342186,0.09633760929650001,0.035579644815000006,0.0,0.071,2.072547327789474,2.0725473,2.778947383319519e-08,0.0,0.0,0.071,0.0,0.00341998513002575,1
2012-07-19 02:00:00+00:00,0.0335421,0.09556386073025,0.03487623702749999,0.0,0.09,2.072547327789474,2.0725473,2.778947383319519e-08,0.0,0.0,0.09,0.0,0.00430037373286125,1
2012-07-19 02:30:00+00:00,0.03338835,0.09538800878337499,0.03471637162124999,0.0,0.088,2.072547327789474,2.0725473,0.6692881722105262,0.0,0.0,0.088,0.0,0.004197072386468499,1
2012-07-19 03:00:00+00:00,0.032103,0.0939178865075,0.033379896825,0.0,0.084,2.785047327789474,2.7850473,0.7124999722105261,1.5,0.0,1.584,0.0,0.07438296611394,1
2012-07-19 03:30:00+00:00,0.03182625,0.093601353003125,0.03309213909375,0.0,0.086,3.4975473277894737,3.4975473,0.7124999722105261,1.5,0.0,1.586,0.0,0.07422587293147813,1
2012-07-19 04:00:00+00:00,0.0319185,0.09370686417125001,0.0331880583375,0.0,0.06,4.210047327789473,4.2100473,0.7124999722105265,1.5,0.0,1.56,0.0,0.07309135405357502,1
2012-07-19 04:30:00+00:00,0.03321615,0.09519105460287501,0.03453732236625,0.0,0.092,4.879335485289473,4.8793355,0.6692881722105266,1.4090277,0.0,1.5010277,0.0,0.07144220487556395,1
2012-07-19 05:00:00+00:00,0.0334068,0.32530911101700005,0.03473555546999999,0.0,0.152,4.799335485289473,4.7993355,0.07999998528947305,0.0,0.152,0.0,-0.0,0.0,1
2012-07-19 05:30:00+00:00,0.0367647,0.32914971753675004,0.0382270159425,0.0,0.068,4.763546011605262,4.763546,0.0357894852894729,0.0,0.068,0.0,-0.0,0.0,1
2012-07-19 06:00:00+00:00,0.0343908,0.326434563477,0.03575869406999999,0.0,0.172,4.673019695815789,4.6730197,0.09052631160526214,0.0,0.172,0.0,-0.0,0.0,1
2012-07-19 06:30:00+00:00,0.0408852,0.333862549713,0.04251140882999999,0.0,0.358,4.48459864318421,4.4845986,0.18842109581578903,0.0,0.358,0.0,-0.0,0.0,1
2012-07-19 07:00:00+00:00,0.04289625,0.336162693178125,0.04460244834374999,0.0,0.162,4.399335485289473,4.3993355,0.08526314318420969,0.0,0.162,0.0,-0.0,0.0,1
2012-07-19 07:30:00+00:00,0.04001805,0.332870744732625,0.04160976793874999,0.015,0.25,4.275651274763158,4.2756513,0.12368418528947345,0.0,0.235,0.0,-0.0,0.0,1
2012-07-19 08:00:00+00:00,0.0460635,0.33978524328375,0.047895675712499995,0.05,0.239,4.176177590552632,4.1761776,0.09947367476315794,0.0,0.189,0.0,-0.0,0.0,1
2012-07-19 08:30:00+00:00,0.0430254,0.33631040881350005,0.044736735284999996,0.103,0.279,4.0835460116052635,4.083546,0.09263159055263159,0.0,0.176,5.551115123125783e-17,0.0,9.334488982146173e-18,1
2012-07-19 09:00:00+00:00,0.0413157,0.33435493516425,0.0429590319675,0.154,0.096,4.111096011605263,4.111096,0.027549988394736324,0.058,0.0,0.0,-0.0,0.0,1
2012-07-19 09:30:00+00:00,0.04081755,0.33378517485637504,0.04244106805125,0.205,0.177,4.124396011605263,4.124396,0.013299988394736673,0.028,0.0,0.0,-0.0,0.0,1
2012-07-19 10:00:00+00:00,0.0396921,0.33249793860525007,0.0412708532775,0.246,0.167,4.161921011605263,4.161921,0.03752498839473706,0.079,0.0,0.0,-0.0,0.0,1
2012-07-19 10:30:00+00:00,0.0357684,0.32801019692100003,0.03719108811,0.277,0.147,4.223671011605263,4.223671,0.06174998839473744,0.13,0.0,0.0,-0.0,0.0,1
2012-07-19 11:00:00+00:00,0.0346737,0.14635813105925,0.0360528464175,0.295,0.101,4.315821011605263,4.315821,0.09214998839473676,0.194,0.0,5.551115123125783e-17,0.0,4.06225417357714e-18,1
2012-07-19 11:30:00+00:00,0.03440925,0.146055665710625,0.03577787791875,0.306,0.245,4.344796011605263,4.344796,0.028974988394736556,0.061,0.0,0.0,-0.0,0.0,1
2012-07-19 12:00:00+00:00,0.03410175,0.14570396181687498,0.03545814710625,0.216,0.185,4.359521011605263,4.359521,0.014724988394736904,0.031,0.0,0.0,-0.0,0.0,1
2012-07-19 12:30:00+00:00,0.03368355,0.145225644521375,0.03502331320125,0.073,0.342,4.217942064236842,4.2179421,0.14157891160526326,0.0,0.269,0.0,-0.0,0.0,1
2012-07-19 13:00:00+00:00,0.0344031,0.14604863163275,0.0357714833025,0.045,0.087,4.195836801078948,4.1958368,0.022105264236842004,0.0,0.042,0.0,6.938893903907228e-18,-1.2410726371071822e-19,1
2012-07-19 13:30:00+00:00,0.03445845,0.146111938333625,0.035829034848750003,0.094,0.246,4.115836801078948,4.1158368,0.08000000107894767,0.0,0.152,0.0,-0.0,0.0,1
2012-07-19 14:00:00+00:00,0.03415095,0.145760234439875,0.035509304036249995,0.125,0.401,3.970573643184211,3.9705736,0.14526320107894808,0.0,0.276,0.0,-0.0,0.0,1
2012-07-19 14:30:00+00:00,0.03388035,0.145450735013375,0.03522794092124999,0.09,1.086,3.4463631168684215,3.4463631,0.524210543184211,0.0,0.996,1.1102230246251565e-16,0.0,8.074137748025067e-18,1
2012-07-19 15:00:00+00:00,0.0334314,0.1449372473285,0.034761133934999994,0.051,0.07,3.4363631168684217,3.4363631,0.010000016868421557,0.0,0.019,1.0408340855860843e-17,0.0,7.542781364526171e-19,1
2012-07-19 15:30:00+00:00,0.0339357,0.14551404171425,0.0352854924675,0.068,0.623,3.144257853710527,3.1442579,0.2921052168684217,0.0,0.555,0.0,1.1102230246251565e-16,-1.9587383086328013e-18,1
2012-07-19 16:00:00+00:00,0.0343293,0.14596422269825002,0.0356947479075,0.078,0.2,3.0800473273947375,3.0800473,0.06421055371052686,0.0,0.122,1.3877787807814457e-17,0.0,1.0128302550694441e-18,1
2012-07-19 16:30:00+00:00,0.03479055,0.146491778538875,0.03617434412625,0.017,0.217,2.974784169500001,2.9747842,0.10526312739473731,0.0,0.2,0.0,-0.0,0.0,1
2012-07-19 17:00:00+00:00,0.03363435,0.145169371898375,0.03497215627125,0.0,0.294,2.8200473273947377,2.8200473,0.15473686950000065,0.0,0.294,0.0,-0.0,0.0,1
2012-07-19 17:30:00+00:00,0.0381669,0.15035348729225,0.03968498844749999,0.0,0.254,2.686363116868422,2.6863631,0.13368422739473784,0.0,0.254,0.0,-0.0,0.0,1
2012-07-19 18:00:00+00:00,0.0493845,0.16318364533625,0.05134876848749999,0.0,0.294,2.531626274763159,2.5316263,0.154736816868422,0.0,0.294,0.0,-0.0,0.0,1
2012-07-19 18:30:00+00:00,0.04718895,0.160672479534875,0.04906589048624999,0.0,0.383,2.330047327394738,2.3300473,0.2015789747631591,0.0,0.383,0.0,-0.0,0.0,1
2012-07-19 19:00:00+00:00,0.04605735,0.159378209205875,0.04788928109624999,0.0,0.255,2.1958368010789484,2.1958368,0.13421052739473804,0.0,0.255,0.0,-0.0,0.0,1
2012-07-19 19:30:00+00:00,0.0390525,0.15136639450625,0.04060581318749999,0.0,0.56,1.9010999589736852,1.9011,0.2947368010789484,0.0,0.56,0.0,-0.0,0.0,1
2012-07-19 20:00:00+00:00,0.0391509,0.15147893975225,0.0407081270475,0.0,0.261,1.7637315379210536,1.7637315,0.13736845897368521,0.0,0.261,0.0,-0.0,0.0,1
2012-07-19 20:30:00+00:00,0.0434436,0.156388726109,0.04517156919,0.0,0.223,1.646363116868422,1.6463631,0.11736843792105356,0.0,0.223,0.0,-0.0,0.0,1
2012-07-19 21:00:00+00:00,0.0420783,0.15482716082075,0.0437519643825,0.0,0.122,1.5821525905526326,1.5821526,0.06421051686842216,0.0,0.122,0.0,-0.0,0.0,1
2012-07-19 21:30:00+00:00,0.0376134,0.1497204202835,0.039109472985,0.0,0.103,1.527942064236843,1.5279421,0.054210490552632606,0.0,0.103,0.0,-0.0,0.0,1
2012-07-19 22:00:00+00:00,0.03324075,0.14471919091437502,0.03456290083124999,0.0,0.059,1.4968894326578956,1.4968894,0.031052664236843164,0.0,0.059,0.0,-0.0,0.0,1
2012-07-19 22:30:00+00:00,0.03814845,0.150332385058625,0.03966580459875,0.0,0.088,1.4505736431842113,1.4505736,0.04631583265789563,0.0,0.088,0.0,-0.0,0.0,1
2012-07-19 23:00:00+00:00,0.0348459,0.14655508523975,0.0362318956725,0.0,0.105,1.3953104852894744,1.3953105,0.05526314318421144,0.0,0.105,0.0,-0.0,0.0,1
2012-07-19 23:30:00+00:00,0.03560235,0.147420276818375,0.037018433471249994,0.0,0.067,1.3600473273947375,1.3600473,0.035263185289474475,0.0,0.067,0.0,-0.0,0.0,1
2012-07-20 00:00:00+00:00,0.0339357,0.09601404171425001,0.0352854924675,0.0,0.059,1.3600473273947375,1.3600473,2.7394737589503393e-08,0.0,0.0,0.059,0.0,0.0028324142305703754,1
2012-07-20 00:30:00+00:00,0.03405255,0.09614768919387501,0.03540699017625,0.0,0.114,1.3600473273947375,1.3600473,2.7394737589503393e-08,0.0,0.0,0.114,0.0,0.005480418284050876,1
2012-07-20 01:00:00+00:00,0.03422475,0.096344643374375,0.035586039431249994,0.0,0.074,1.3600473273947375,1.3600473,2.7394737589503393e-08,0.0,0.0,0.074,0.0,0.0035647518048518745,1
2012-07-20 01:30:00+00:00,0.034194,0.09630947298500002,0.03555406635,0.0,0.07,1.3600473273947375,1.3600473,2.7394737589503393e-08,0.0,0.0,0.07,0.0,0.003370831554475001,1
2012-07-20 02:00:00+00:00,0.03325305,0.09523325907012499,0.03457569006375,0.0,0.103,1.8574920748947374,1.8574921,0.49744477260526243,1.0472521,0.0,1.1502520999999999,0.0,0.05477112811762765,1
2012-07-20 02:30:00+00:00,0.0319431,0.09373500048275,0.0332136368025,0.0,0.054,2.5699920748947376,2.5699921,0.7125000251052624,1.5,0.0,1.554,0.0,0.07283209537509676,1
2012-07-20 03:00:00+00:00,0.03204765,0.093854579806625,0.03332234527874999,0.0,0.074,3.2824920748947375,3.2824921,0.7125000251052622,1.5,0.0,1.574,0.0,0.07386355430781387,1
2012-07-20 03:30:00+00:00,0.0312543,0.09294718376075,0.0324974397825,0.0,0.108,3.9949920748947374,3.9949921,0.7125000251052627,1.5,0.0,1.608,0.0,0.074729535743643,1
2012-07-20 04:00:00+00:00,0.03138345,0.093094899396125,0.03263172672375,0.0,0.082,4.707492074894738,4.7074921,0.7125000251052622,1.5,0.0,1.582,0.0,0.07363806542233488,1
2012-07-20 04:30:00+00:00,0.0323367,0.09418518146675,0.0336228922425,0.0,0.052,5.419992074894738,5.4199921,0.7125000251052622,1.5,0.0,1.552,0.0,0.073087700818198,1
2012-07-20 05:00:00+00:00,0.03283485,0.32465494177462506,0.034140856158749996,0.0,0.079,5.378413127526317,5.3784131,0.04157897489473772,0.0,0.079,0.0,-0.0,0.0,1
2012-07-20 05:30:00+00:00,0.03225675,0.323993738454375,0.03353976223125,0.0,0.084,5.334202601210527,5.3342026,0.04421052752631649,0.0,0.084,0.0,-0.0,0.0,1
2012-07-20 06:00:00+00:00,0.0346983,0.32678626737075006,0.0360784248825,0.0,0.082,5.291044706473685,5.2910447,0.04315790121052743,0.0,0.082,0.0,-0.0,0.0,1
2012-07-20 06:30:00+00:00,0.0381423,0.33072535098075007,0.03965940998249999,0.0,0.203,5.184202601210528,5.1842026,0.1068421064736853,0.0,0.203,0.0,-0.0,0.0,1
2012-07-20 07:00:00+00:00,0.04455675,0.33806189420437505,0.046328994731249996,0.0,0.171,5.094202601210528,5.0942026,0.09000000121052754,0.0,0.171,0.0,-0.0,0.0,1
2012-07-20 07:30:00+00:00,0.0421029,0.33525529713225005,0.043777542847499996,0.012,0.246,4.971044706473686,4.9710447,0.1231579012105275,0.0,0.234,0.0,2.7755575615628914e-17,-6.075354503851104e-19,1
2012-07-20 08:00:00+00:00,0.0507375,0.34513114246875,0.05275558406249999,0.056,0.469,4.753676285421054,4.7536763,0.21736840647368538,0.0,0.413,0.0,-0.0,0.0,1
2012-07-20 08:30:00+00:00,0.04978425,0.3440408603981251,0.05176441854375,0.103,0.312,4.643676285421054,4.6436763,0.10999998542105427,0.0,0.209,2.7755575615628914e-17,0.0,4.774526057823096e-18,1
2012-07-20 09:00:00+00:00,0.0410697,0.33407357204925,0.0427032473175,0.145,0.305,4.559465759105264,4.5594658,0.08421048542105414,0.0,0.16,0.0,-0.0,0.0,1
2012-07-20 09:30:00+00:00,0.0396429,0.33244166598225006,0.041219696347499994,0.186,0.172,4.566115759105264,4.5661158,0.006650040894736087,0.014,0.0,0.0,-0.0,0.0,1
2012-07-20 10:00:00+00:00,0.03971055,0.33251904083887507,0.04129003712625,0.235,0.16,4.6017407591052635,4.6017408,0.03562504089473606,0.075,0.0,0.0,-0.0,0.0,1
2012-07-20 10:30:00+00:00,0.03832065,0.330929339239125,0.039844853853749994,0.275,0.304,4.586477601210527,4.5864776,0.015263159105263213,0.0,0.029,0.0,3.122502256758253e-17,-6.220782303926856e-19,1
2012-07-20 11:00:00+00:00,0.03707835,0.149108455508375,0.03855314137125,0.295,0.252,4.606902601210527,4.6069026,0.02042499878947268,0.043,0.0,0.0,-0.0,0.0,1
2012-07-20 11:30:00+00:00,0.0348582,0.1465691533955,0.036244684905,0.304,0.1,4.703802601210527,4.7038026,0.09689999878947297,0.204,0.0,0.0,-0.0,0.0,1
2012-07-20 12:00:00+00:00,0.03449535,0.146154142800875,0.03586740254625,0.207,0.103,4.7532026012105275,4.7532026,0.049399998789472654,0.104,0.0,0.0,-0.0,0.0,1
2012-07-20 12:30:00+00:00,0.03444615,0.146097870177875,0.03581624561625,0.026,0.116,4.705834180157896,4.7058342,0.047368401210527544,0.0,0.09,1.3877787807814457e-17,0.0,1.0137576207510866e-18,1
2012-07-20 13:00:00+00:00,0.03376965,0.145324121611625,0.03511283782875,0.029,0.169,4.63214996963158,4.63215,0.0736841801578958,0.0,0.14,0.0,-0.0,0.0,1
2012-07-20 13:30:00+00:00,0.03413865,0.145746166284125,0.03549651480375,0.075,0.149,4.593202601210527,4.5932026,0.03894736963158074,0.0,0.074,0.0,-0.0,0.0,1
2012-07-20 14:00:00+00:00,0.03326535,0.144747327225875,0.034588479296249995,0.135,0.111,4.6046026012105274,4.6046026,0.011399998789472399,0.024,0.0,0.0,-0.0,0.0,1
2012-07-20 14:30:00+00:00,0.0337758,0.1453311556895,0.035119232445,0.202,0.232,4.588813127526317,4.5888131,0.015789501210527135,0.0,0.03,0.0,-0.0,0.0,1
2012-07-20 15:00:00+00:00,0.0338373,0.14540149646824999,0.0351831786075,0.189,0.131,4.616363127526316,4.6163631,0.027549972473683404,0.058,0.0,0.0,-0.0,0.0,1
2012-07-20 15:30:00+00:00,0.03375735,0.145310053455875,0.03510004859625,0.09,0.131,4.5947841801578955,4.5947842,0.021578927526316072,0.0,0.041,6.938893903907228e-18,0.0,5.041455220507023e-19,1
2012-07-20 16:00:00+00:00,0.0343416,0.14597829085400002,0.035707537139999995,0.027,0.2,4.503731548578948,4.5037315,0.0910526801578957,0.0,0.173,2.7755575615628914e-17,0.0,2.025855745019234e-18,1
2012-07-20 16:30:00+00:00,0.0360144,0.14789156003599999,0.03744687275999999,0.0,0.682,4.144784180157895,4.1447842,0.3589473485789476,0.0,0.682,0.0,-0.0,0.0,1
2012-07-20 17:00:00+00:00,0.0369615,0.14897480802875,0.038431643662499994,0.0,1.388,3.4142578643684214,3.4142579,0.7305262801578953,0.0,1.388,0.0,-0.0,0.0,1
2012-07-20 17:30:00+00:00,0.0392739,0.15161962130974999,0.0408360193725,0.0,0.769,3.0095210222631583,3.009521,0.4047368643684215,0.0,0.769,0.0,-0.0,0.0,1
2012-07-20 18:00:00+00:00,0.04533165,0.158548188016625,0.047134716378750004,0.0,0.814,2.5810999696315795,2.5811,0.42842102226315815,0.0,0.814,0.0,-0.0,0.0,1
2012-07-20 18:30:00+00:00,0.0476994,0.16125630799850002,0.049596643635,0.0,0.389,2.376363127526316,2.3763631,0.20473686963157967,0.0,0.389,0.0,-0.0,0.0,1
2012-07-20 19:00:00+00:00,0.0468384,0.160271537096,0.048701397359999996,0.0,0.325,2.205310495947369,2.2053105,0.17105262752631623,0.0,0.325,0.0,-0.0,0.0,1
2012-07-20 19:30:00+00:00,0.0394215,0.15178843917874998,0.040989490162499996,0.0,0.292,2.051626285421053,2.0516263,0.1536841959473687,0.0,0.292,0.0,-0.0,0.0,1
2012-07-20 20:00:00+00:00,0.0399996,0.152449642499,0.04159058409,0.0,0.296,1.8958368117368427,1.8958368,0.1557894854210531,0.0,0.296,0.0,-0.0,0.0,1
2012-07-20 20:30:00+00:00,0.0476256,0.161171899064,0.049519908239999993,0.0,0.217,1.7816262854210532,1.7816263,0.1142105117368426,0.0,0.217,0.0,-0.0,0.0,1
2012-07-20 21:00:00+00:00,0.05068215,0.164667835767875,0.05269803251625,0.0,0.174,1.6900473380526322,1.6900473,0.09157898542105314,0.0,0.174,0.0,-0.0,0.0,1
2012-07-20 21:30:00+00:00,0.04137105,0.154018241865125,0.04301658351375,0.0,0.16,1.6058368117368427,1.6058368,0.08421053805263212,0.0,0.16,0.0,-0.0,0.0,1
2012-07-20 22:00:00+00:00,0.03951375,0.151893950346875,0.041085409406249995,0.0,0.099,1.553731548578948,1.5537315,0.05210531173684263,0.0,0.099,0.0,-0.0,0.0,1
2012-07-20 22:30:00+00:00,0.05103885,0.165075812284625,0.05306892025874999,0.0,0.076,1.513731548578948,1.5137315,0.04000004857894801,0.0,0.076,0.0,-0.0,0.0,1
2012-07-20 23:00:00+00:00,0.0418323,0.15454579770575003,0.0434961797325,0.0,0.134,1.4432052327894742,1.4432052,0.07052634857894802,0.0,0.134,0.0,-0.0,0.0,1
2012-07-20 23:30:00+00:00,0.0454485,0.15868183549625,0.0472562140875,0.0,0.089,1.3963631275263164,1.3963631,0.046842132789474134,0.0,0.089,0.0,-0.0,0.0,1
2012-07-21 00:00:00+00:00,0.04404015,0.10757103166287499,0.045791846966249994,0.0,0.069,1.3963631275263164,1.3963631,2.7526316337400658e-08,0.0,0.0,0.069,0.0,0.0037112005923691876,1
2012-07-21 00:30:00+00:00,0.04097745,0.10406806088112501,0.04260732807374999,0.0,0.096,1.6469276320263164,1.6469276,0.6469276724736834,0.52750422,0.0,0.6235042199999999,0.0,0.03244343756329918,1
2012-07-21 01:00:00+00:00,0.03978435,0.102703449773375,0.041366772521250005,0.0,0.066,2.3594276320263163,2.3594276,0.7124999679736836,1.5,0.0,1.566,0.0,0.08041680117255263,1
2012-07-21 01:30:00+00:00,0.0404793,0.10349830057325,0.042089364157499996,0.0,0.085,3.0719276320263162,3.0719276,0.7124999679736836,1.5,0.0,1.585,0.0,0.08202240320430063,1
2012-07-21 02:00:00+00:00,0.03814845,0.10083238505862502,0.03966580459875,0.0,0.119,3.784427632026316,3.7844276,0.7124999679736836,1.5,0.0,1.619,0.0,0.08162381570495696,1
2012-07-21 02:30:00+00:00,0.03590985,0.098271980712125,0.037338164283749996,0.0,0.066,4.496927632026316,4.4969276,0.7124999679736841,1.5,0.0,1.566,0.0,0.07694696089759388,1
2012-07-21 03:00:00+00:00,0.0346122,0.09678779028050001,0.035988900255,0.0,0.085,5.2094276320263155,5.2094276,0.7124999679736836,1.5,0.0,1.585,0.0,0.07670432379729626,1
2012-07-21 03:30:00+00:00,0.0339603,0.09604217802575002,0.0353110709325,0.0,0.173,5.921927632026316,5.9219276,0.7124999679736845,1.5,0.0,1.673,0.0,0.0803392819185399,1
2012-07-21 04:00:00+00:00,0.0331977,0.09516995236925002,0.0345181385175,0.0,0.272,6.634427632026316,6.6344276,0.7124999679736845,1.5,0.0,1.772,0.0,0.08432057779915551,1
2012-07-21 04:30:00+00:00,0.03337605,0.09537394062762501,0.034703582388749994,0.0,0.172,7.346927632026317,7.3469276,0.7124999679736836,1.5,0.0,1.672,0.0,0.0797326143646945,1
2012-07-21 05:00:00+00:00,0.03379425,0.32575225792312507,0.03513841629375,0.0,0.222,7.230085526763158,7.2300855,0.11684213202631621,0.0,0.222,0.0,-0.0,0.0,1
2012-07-21 05:30:00+00:00,0.0343416,0.326378290854,0.035707537139999995,0.0,0.236,7.1058750004473685,7.105875,0.12421052676315814,0.0,0.236,0.0,-0.0,0.0,1
2012-07-21 06:00:00+00:00,0.0339849,0.32597031433725,0.035336649397499996,0.0,0.231,6.984296053078947,6.9842961,0.12157890044736863,0.0,0.231,0.0,-0.0,0.0,1
2012-07-21 06:30:00+00:00,0.03434775,0.326385324931875,0.035713931756250004,0.0,0.171,6.894296053078947,6.8942961,0.08999995307894704,0.0,0.171,0.0,-0.0,0.0,1
2012-07-21 07:00:00+00:00,0.0346737,0.32675813105925006,0.0360528464175,0.0,0.172,6.803769737289474,6.8037697,0.09052635307894707,0.0,0.172,0.0,-0.0,0.0,1
2012-07-21 07:30:00+00:00,0.03615585,0.32845334382712504,0.03759394893375,0.001,0.186,6.7064013162368425,6.7064013,0.09736843728947431,0.0,0.185,0.0,-0.0,0.0,1
2012-07-21 08:00:00+00:00,0.03556545,0.32777807235112505,0.03698006577375,0.004,0.36,6.519032895184211,6.5190329,0.18736841623684253,0.0,0.356,0.0,-0.0,0.0,1
2012-07-21 08:30:00+00:00,0.0397659,0.33258234753975,0.0413475886725,0.022,0.418,6.310611842552633,6.3106118,0.20842109518421115,0.0,0.396,0.0,5.551115123125783e-17,-1.1476261239234952e-18,1
2012-07-21 09:00:00+00:00,0.0436527,0.33702788475675,0.0453889861425,0.061,0.177,6.249559210973685,6.2495592,0.06105264255263254,0.0,0.116,0.0,1.3877787807814457e-17,-3.149493592487229e-19,1
2012-07-21 09:30:00+00:00,0.04400325,0.33742882719562506,0.045753479268749994,0.038,0.361,6.079559210973685,6.0795592,0.170000010973685,0.0,0.323,0.0,-0.0,0.0,1
2012-07-21 10:00:00+00:00,0.04229355,0.33547335354637503,0.04397577595125,0.048,0.189,6.005348684657896,6.0053487,0.07421051097368547,0.0,0.141,2.7755575615628914e-17,0.0,4.655628015692512e-18,1
2012-07-21 10:30:00+00:00,0.0402333,0.33311693745825005,0.041833579507499996,0.048,0.574,5.728506579394739,5.7285066,0.27684208465789606,0.0,0.526,0.0,1.1102230246251565e-16,-2.3222301585856806e-18,1
2012-07-21 11:00:00+00:00,0.0390771,0.15139453081775,0.040631391652499994,0.074,0.713,5.392190789921054,5.3921908,0.3363157793947389,0.0,0.639,0.0,-0.0,0.0,1
2012-07-21 11:30:00+00:00,0.03629115,0.14820809354037498,0.03773463049125,0.045,0.681,5.057453947815791,5.0574539,0.33473688992105455,0.0,0.636,0.0,-0.0,0.0,1
2012-07-21 12:00:00+00:00,0.03830835,0.15051527108337498,0.03983206462124999,0.116,0.376,4.920611842552633,4.9206118,0.1368421478157913,0.0,0.26,0.0,-0.0,0.0,1
2012-07-21 12:30:00+00:00,0.0378471,0.14998771524274998,0.03935246840249999,0.096,0.272,4.827980263605265,4.8279803,0.09263154255263295,0.0,0.176,2.7755575615628914e-17,0.0,2.0814976859177822e-18,1
2012-07-21 13:00:00+00:00,0.0346614,0.14634406290350002,0.036040057185,0.066,0.254,4.729032895184212,4.7290329,0.0989473636052649,0.0,0.188,0.0,-0.0,0.0,1
2012-07-21 13:30:00+00:00,0.0348951,0.14661135786274998,0.0362830526025,0.125,0.284,4.645348684657897,4.6453487,0.08368419518421177,0.0,0.159,0.0,2.7755575615628914e-17,-5.035285050372651e-19,1
2012-07-21 14:00:00+00:00,0.0346737,0.14635813105925,0.0360528464175,0.207,0.091,4.700448684657897,4.7004487,0.05510001534210307,0.116,0.0,2.7755575615628914e-17,0.0,2.03112708678857e-18,1
2012-07-21 14:30:00+00:00,0.0344154,0.1460626997885,0.035784272534999995,0.072,0.06,4.706148684657897,4.7061487,0.005700015342102738,0.012,0.0,0.0,-0.0,0.0,1
2012-07-21 15:00:00+00:00,0.03444615,0.146097870177875,0.03581624561625,0.059,0.125,4.671411842552634,4.6714118,0.034736884657897704,0.0,0.066,0.0,-0.0,0.0,1
2012-07-21 15:30:00+00:00,0.0347352,0.146428471838,0.03611679258,0.098,0.091,4.674736842552634,4.6747368,0.0033249574473659393,0.007,0.0,0.0,-0.0,0.0,1
2012-07-21 16:00:00+00:00,0.0377733,0.14990330630825,0.0392757330075,0.072,0.144,4.636842105710529,4.6368421,0.03789474255263414,0.0,0.072,0.0,-0.0,0.0,1
2012-07-21 16:30:00+00:00,0.0390279,0.15133825819475002,0.0405802347225,0.006,0.25,4.50842105307895,4.5084211,0.12842100571052928,0.0,0.244,0.0,-0.0,0.0,1
2012-07-21 17:00:00+00:00,0.0407868,0.15335000446699998,0.04240909496999999,0.001,0.699,4.141052632026319,4.1410526,0.3673684530789503,0.0,0.698,0.0,-0.0,0.0,1
2012-07-21 17:30:00+00:00,0.0440955,0.15713433836375,0.04584939851249999,0.0,1.089,3.5678947372894765,3.5678947,0.5731579320263185,0.0,1.089,0.0,-0.0,0.0,1
2012-07-21 18:00:00+00:00,0.05033775,0.164273927406875,0.05233993400625,0.0,0.797,3.14842105307895,3.1484211,0.4194736372894763,0.0,0.797,0.0,-0.0,0.0,1
2012-07-21 18:30:00+00:00,0.0507006,0.1646889380015,0.05271721636499999,0.0,0.44,2.916842105710529,2.9168421,0.23157895307894982,0.0,0.44,0.0,-0.0,0.0,1
2012-07-21 19:00:00+00:00,0.0454977,0.15873810811925002,0.0473073710175,0.0,0.455,2.677368421500003,2.6773684,0.23947370571052895,0.0,0.455,0.0,-0.0,0.0,1
2012-07-21 19:30:00+00:00,0.0404178,0.1529279597945,0.042025417994999995,0.0,0.409,2.462105263605266,2.4621053,0.2152631215000027,0.0,0.409,0.0,-0.0,0.0,1
2012-07-21 20:00:00+00:00,0.0397044,0.152112006761,0.041283642509999996,0.0,0.372,2.2663157899210553,2.2663158,0.19578946360526572,0.0,0.372,0.0,-0.0,0.0,1
2012-07-21 20:30:00+00:00,0.03958755,0.15197835928137501,0.041162144801249995,0.0,0.238,2.1410526320263186,2.1410526,0.12526318992105523,0.0,0.238,0.0,-0.0,0.0,1
2012-07-21 21:00:00+00:00,0.0396183,0.15201352967075002,0.0411941178825,0.0,0.459,1.8994736846578975,1.8994737,0.24157893202631864,0.0,0.459,0.0,-0.0,0.0,1
2012-07-21 21:30:00+00:00,0.04233045,0.15511555801362498,0.04401414364875,0.0,0.495,1.6389473688684237,1.6389474,0.2605262846578975,0.0,0.495,0.0,-0.0,0.0,1
2012-07-21 22:00:00+00:00,0.0389541,0.15125384926024998,0.04050349932749999,0.0,0.588,1.3294736846578974,1.3294737,0.30947366886842365,0.0,0.588,0.0,-0.0,0.0,1
2012-07-21 22:30:00+00:00,0.0410451,0.15364543573775,0.042677668852499996,0.0,0.393,1.1226315793947395,1.1226316,0.20684208465789733,0.0,0.393,0.0,-0.0,0.0,1
2012-07-21 23:00:00+00:00,0.0407622,0.1533218681555,0.042383516504999996,0.0,0.133,1.0526315793947394,1.0526316,0.06999997939473945,0.0,0.133,0.0,-0.0,0.0,1
2012-07-21 23:30:00+00:00,0.04180155,0.15451062731637502,0.043464206651250004,0.0,0.1,1.000000000447371,1.0,0.05263157939473939,0.0,0.1,0.0,-0.0,0.0,1
2012-07-22 00:00:00+00:00,0.04090365,0.10398365194662501,0.04253059267874999,0.0,0.057,1.390657893697371,1.3906579,0.4080262995526289,0.82243767,0.0,0.8794376700000001,0.0,0.045723570293015436,1
2012-07-22 00:30:00+00:00,0.0393231,0.10217589393275002,0.0408871763025,0.0,0.109,2.1031578936973707,2.1031579,0.7125000063026288,1.5,0.0,1.609,0.0,0.08220050666889739,1
2012-07-22 01:00:00+00:00,0.03894795,0.10174681518237501,0.04049710471125,0.0,0.095,2.8156578936973706,2.8156579,0.7125000063026294,1.5,0.0,1.595,0.0,0.08114308510794407,1
2012-07-22 01:30:00+00:00,0.0395076,0.10238691626900001,0.04107901479,0.0,0.07,3.5281578936973705,3.5281579,0.7125000063026294,1.5,0.0,1.57,0.0,0.08037372927116501,1
2012-07-22 02:00:00+00:00,0.0382653,0.10096603253825003,0.0397873023075,0.0,0.086,4.240657893697371,4.2406579,0.7125000063026299,1.5,0.0,1.586,0.0,0.08006606380283228,1
2012-07-22 02:30:00+00:00,0.0359898,0.09836342372450002,0.037421294295000004,0.0,0.087,4.953157893697371,4.9531579,0.712500006302629,1.5,0.0,1.587,0.0,0.07805137672539077,1
2012-07-22 03:00:00+00:00,0.03567,0.097997651675,0.03708877425,0.0,0.09,5.665657893697372,5.6656579,0.712500006302629,1.5,0.0,1.59,0.0,0.077908133081625,1
2012-07-22 03:30:00+00:00,0.0342432,0.09636574560800001,0.035605223279999994,0.0,0.109,6.378157893697372,6.3781579,0.7125000063026281,1.5,0.0,1.609,0.0,0.077526242341636,1
2012-07-22 04:00:00+00:00,0.0342432,0.09636574560800001,0.035605223279999994,0.0,0.063,7.090657893697372,7.0906579,0.7125000063026281,1.5,0.0,1.563,0.0,0.07530983019265201,1
2012-07-22 04:30:00+00:00,0.03444615,0.09659787017787502,0.03581624561625,0.0,0.074,7.803157893697373,7.8031579,0.7125000063026281,1.5,0.0,1.574,0.0,0.07602252382998764,1
2012-07-22 05:00:00+00:00,0.03444615,0.32649787017787507,0.03581624561625,0.0,0.121,7.739473683171057,7.7394737,0.0636841936973731,0.0,0.121,0.0,-0.0,0.0,1
2012-07-22 05:30:00+00:00,0.0343416,0.326378290854,0.035707537139999995,0.0,0.075,7.69999999896053,7.7,0.039473683171056706,0.0,0.075,0.0,-0.0,0.0,1
2012-07-22 06:00:00+00:00,0.0340464,0.326040655116,0.03540059556,0.0,0.057,7.66999999896053,7.67,0.029999998960530405,0.0,0.057,0.0,-0.0,0.0,1
2012-07-22 06:30:00+00:00,0.0345876,0.32665965396900004,0.03596332179,0.0,0.09,7.622631577907899,7.6226316,0.04736839896053002,0.0,0.09,0.0,-0.0,0.0,1
2012-07-22 07:00:00+00:00,0.0345753,0.32664558581325004,0.0359505325575,0.0,0.085,7.577894735802635,7.5778947,0.04473687790789871,0.0,0.085,0.0,-0.0,0.0,1
2012-07-22 07:30:00+00:00,0.0342555,0.32627981376375004,0.035618012512500005,0.002,0.165,7.492105262118425,7.4921053,0.08578943580263498,0.0,0.163,0.0,-0.0,0.0,1
2012-07-22 08:00:00+00:00,0.03447075,0.3265260064893751,0.03584182408125,0.009,0.21,7.3863157884342145,7.3863158,0.10578946211842499,0.0,0.201,0.0,2.7755575615628914e-17,-4.974052292446019e-19,1
2012-07-22 08:30:00+00:00,0.0387081,0.33137248614525,0.0402477146775,0.035,0.301,7.246315788434215,7.2463158,0.1399999884342149,0.0,0.266,0.0,-0.0,0.0,1
2012-07-22 09:00:00+00:00,0.0407622,0.33372186815550003,0.042383516504999996,0.059,0.385,7.074736841065794,7.0747368,0.1715789884342147,0.0,0.326,0.0,-0.0,0.0,1
2012-07-22 09:30:00+00:00,0.04335135,0.33668321494087505,0.04507564994625,0.144,0.355,6.963684209486846,6.9636842,0.11105264106579327,0.0,0.211,0.0,-0.0,0.0,1
2012-07-22 10:00:00+00:00,0.0427548,0.33600090938700006,0.04445537217,0.118,0.272,6.882631577907899,6.8826316,0.08105260948684645,0.0,0.154,2.7755575615628914e-17,0.0,4.6629493237054795e-18,1
2012-07-22 10:30:00+00:00,0.042189,0.33535377422250007,0.043867067475,0.142,0.298,6.800526314750004,6.8005263,0.08210527790789968,0.0,0.156,0.0,-0.0,0.0,1
2012-07-22 11:00:00+00:00,0.03940305,0.151767336945125,0.040970306313749996,0.073,0.194,6.736842104223689,6.7368421,0.06368421475000474,0.0,0.121,1.3877787807814457e-17,0.0,1.0530974491407622e-18,1
2012-07-22 11:30:00+00:00,0.0390525,0.15136639450625,0.04060581318749999,0.213,0.374,6.652105262118425,6.6521053,0.0847368042236889,0.0,0.161,0.0,-0.0,0.0,1
2012-07-22 12:00:00+00:00,0.03795165,0.15010729456662503,0.039461176878750004,0.096,0.528,6.424736841065794,6.4247368,0.22736846211842554,0.0,0.432,5.551115123125783e-17,0.0,4.166314364801444e-18,1
2012-07-22 12:30:00+00:00,0.03741045,0.14948829571362499,0.03889845064874999,0.142,0.759,6.099999998960531,6.1,0.3247368410657945,0.0,0.617,0.0,-0.0,0.0,1
2012-07-22 13:00:00+00:00,0.0355224,0.147328833806,0.03693530346,0.102,0.599,5.83842105159211,5.8384211,0.261578898960531,0.0,0.497,0.0,-0.0,0.0,1
2012-07-22 13:30:00+00:00,0.0343416,0.14597829085400002,0.035707537139999995,0.103,0.264,5.753684209486846,5.7536842,0.0847368515921092,0.0,0.161,2.7755575615628914e-17,0.0,2.025855745019234e-18,1
2012-07-22 14:00:00+00:00,0.03444615,0.146097870177875,0.03581624561625,0.099,0.414,5.587894735802636,5.5878947,0.16578950948684668,0.0,0.315,0.0,5.551115123125783e-17,-9.941005134697644e-19,1
2012-07-22 14:30:00+00:00,0.0342432,0.145865745608,0.035605223279999994,0.053,0.636,5.281052630539478,5.2810526,0.3068421358026363,0.0,0.583,0.0,-0.0,0.0,1
2012-07-22 15:00:00+00:00,0.0344646,0.1461189724115,0.03583542946499999,0.049,0.692,4.9426315779079,4.9426316,0.3384210305394779,0.0,0.643,0.0,1.1102230246251565e-16,-1.9892659444686873e-18,1
2012-07-22 15:30:00+00:00,0.03463065,0.146308892514125,0.03600808410375,0.063,0.821,4.543684209486847,4.5436842,0.39894737790789936,0.0,0.758,0.0,-0.0,0.0,1
2012-07-22 16:00:00+00:00,0.03618045,0.14808148013862502,0.03761952739875,0.01,0.573,4.247368420013163,4.2473684,0.2963158094868472,0.0,0.563,0.0,-0.0,0.0,1
2012-07-22 16:30:00+00:00,0.03727515,0.149333546000375,0.03875776909125,0.01,0.662,3.9042105252763206,3.9042105,0.3431579200131627,0.0,0.652,0.0,-0.0,0.0,1
2012-07-22 17:00:00+00:00,0.04019025,0.152667698913125,0.041788817193749994,0.0,0.348,3.7210526305394787,3.7210526,0.18315792527632047,0.0,0.348,0.0,-0.0,0.0,1
2012-07-22 17:30:00+00:00,0.04504875,0.158224620434375,0.04684056403125,0.0,0.395,3.5131578936973735,3.5131579,0.2078947305394787,0.0,0.395,0.0,-0.0,0.0,1
2012-07-22 18:00:00+00:00,0.0552147,0.16985195116175,0.057410864692499994,0.0,0.492,3.2542105252763207,3.2542105,0.2589473936973734,0.0,0.492,0.0,-0.0,0.0,1
2012-07-22 18:30:00+00:00,0.059532,0.17478987383,0.0618998853,0.0,0.568,2.955263156855268,2.9552632,0.2989473252763206,0.0,0.568,0.0,-0.0,0.0,1
2012-07-22 19:00:00+00:00,0.05362185,0.168030124992125,0.05575465908374999,0.0,0.41,2.7394736831710573,2.7394737,0.21578945685526785,0.0,0.41,0.0,-0.0,0.0,1
2012-07-22 19:30:00+00:00,0.0438126,0.1568107707815,0.045555246165,0.0,0.42,2.51842105159211,2.5184211,0.22105258317105747,0.0,0.42,0.0,-0.0,0.0,1
2012-07-22 20:00:00+00:00,0.0455961,0.15885065336525,0.0474096848775,0.0,0.304,2.35842105159211,2.3584211,0.15999995159211,0.0,0.304,0.0,-0.0,0.0,1
2012-07-22 20:30:00+00:00,0.049938,0.163816712345,0.051924283950000004,0.0,0.28,2.2110526305394784,2.2110526,0.1473684515921101,0.0,0.28,0.0,-0.0,0.0,1
2012-07-22 21:00:00+00:00,0.0460389,0.15935710697225,0.04787009724749999,0.0,0.653,1.8673684200131626,1.8673684,0.3436842305394785,0.0,0.653,0.0,-0.0,0.0,1
2012-07-22 21:30:00+00:00,0.0422628,0.15503818315700002,0.04394380287000001,0.0,0.192,1.7663157884342153,1.7663158,0.10105262001316251,0.0,0.192,0.0,-0.0,0.0,1
2012-07-22 22:00:00+00:00,0.03838215,0.150599680017875,0.03990880001624999,0.0,0.992,1.2442105252763205,1.2442105,0.5221052884342152,0.0,0.992,0.0,-0.0,0.0,1
2012-07-22 22:30:00+00:00,0.03865275,0.15090917944437499,0.04019016313125,0.0,0.199,1.1394736831710572,1.1394737,0.10473682527632056,0.0,0.199,0.0,-0.0,0.0,1
2012-07-22 23:00:00+00:00,0.0369,0.14890446725,0.038367697500000006,0.0,0.198,1.0352631568552677,1.0352632,0.1042104831710573,0.0,0.198,0.0,-0.0,0.0,1
2012-07-22 23:30:00+00:00,0.03555315,0.147364004195375,0.03696727654124999,0.0,0.067,1.0000000000131624,1.0,0.03526315685526771,0.0,0.066999998,1.9999999989472883e-09,0.0,1.4736400411780909e-10,1
2012-07-23 00:00:00+00:00,0.0345015,0.09666117687874999,0.03587379716249999,0.0,0.099,1.7125000000131623,1.7125,0.7124999999868376,1.5,0.0,1.599,0.0,0.07728061091456062,1
2012-07-23 00:30:00+00:00,0.0342432,0.09636574560800001,0.035605223279999994,0.0,0.063,2.425000000013162,2.425,0.7124999999868376,1.5,0.0,1.563,0.0,0.07530983019265201,1
2012-07-23 01:00:00+00:00,0.0338988,0.095971837247,0.03524712477,0.0,0.072,3.137500000013162,3.1375,0.712499999986838,1.5,0.0,1.572,0.0,0.075433864076142,1
2012-07-23 01:30:00+00:00,0.0353748,0.09766001593700001,0.03678183266999999,0.0,0.122,3.7249999975131622,3.725,0.587499999986838,1.2368421,0.0,1.3588421,0.0,0.06635227057093328,1
2012-07-23 02:00:00+00:00,0.03406485,0.09616175734962502,0.03541977940875,0.0,0.078,4.437499997513163,4.4375,0.7125000024868378,1.5,0.0,1.578,0.0,0.07587162654885414,1
2012-07-23 02:30:00+00:00,0.03413865,0.09624616628412502,0.03549651480375,0.0,0.055,5.149999997513163,5.15,0.7125000024868378,1.5,0.0,1.555,0.0,0.0748313942859072,1
2012-07-23 03:00:00+00:00,0.0329763,0.09491672556575002,0.0342879323325,0.0,0.094,5.862499997513163,5.8625,0.7125000024868369,1.5,0.0,1.594,0.0,0.07564863027590277,1
2012-07-23 03:30:00+00:00,0.03310545,0.09506444120112499,0.03442221927375,0.0,0.084,6.574999997513164,6.575,0.7125000024868369,1.5,0.0,1.584,0.0,0.075291037431291,1
2012-07-23 04:00:00+00:00,0.03314235,0.09510664566837501,0.03446058697125,0.0,0.071,7.287499997513164,7.2875,0.712500002486836,1.5,0.0,1.571,0.0,0.07470627017250857,1
2012-07-23 04:30:00+00:00,0.0337881,0.09584522384525002,0.0351320216775,0.0,0.109,7.999999997513164,8.0,0.712500002486836,1.5,0.0,1.609,0.0,0.07710748258350364,1
2012-07-23 05:00:00+00:00,0.0341079,0.32611099589475007,0.0354645417225,0.0,0.06,7.968421050144744,7.9684211,0.03157889751316478,0.0,0.06,0.0,-0.0,0.0,1
2012-07-23 05:30:00+00:00,0.0359529,0.32822121925725,0.037382926597500005,0.0,0.059,7.9373684185657964,7.9373684,0.031052650144743232,0.0,0.059,0.0,-0.0,0.0,1
2012-07-23 06:00:00+00:00,0.03689385,0.32929743317212506,0.03836130288375,0.0,0.11,7.879473681723691,7.8794737,0.05789471856579631,0.0,0.11,0.0,-0.0,0.0,1
2012-07-23 06:30:00+00:00,0.0450795,0.33865979082375003,0.046872537112499994,0.0,0.247,7.749473681723691,7.7494737,0.12999998172369054,0.0,0.247,0.0,-0.0,0.0,1
2012-07-23 07:00:00+00:00,0.0590031,0.3545849431327501,0.0613499483025,0.0,0.375,7.552105260671059,7.5521053,0.19736838172369087,0.0,0.375,0.0,-0.0,0.0,1
2012-07-23 07:30:00+00:00,0.0505407,0.34490605197675006,0.052550956342499996,0.002,0.309,7.390526313302638,7.3905263,0.1615789606710587,0.0,0.307,0.0,-0.0,0.0,1
2012-07-23 08:00:00+00:00,0.06026385,0.356026929097125,0.06266084463374999,0.003,0.571,7.091578944881586,7.0915789,0.2989474133026384,0.0,0.568,0.0,-0.0,0.0,1
2012-07-23 08:30:00+00:00,0.05822205,0.35369161524262505,0.060537832038749996,0.011,0.681,6.738947365934217,6.7389474,0.35263154488158577,0.0,0.67,0.0,-0.0,0.0,1
2012-07-23 09:00:00+00:00,0.05273625,0.34741721777812506,0.05483383434374999,0.032,0.718,6.377894734355269,6.3778947,0.36105266593421703,0.0,0.686,0.0,1.1102230246251565e-16,-3.043889270845645e-18,1
2012-07-23 09:30:00+00:00,0.0538371,0.34867631771775004,0.055978470652499994,0.099,0.499,6.167368418565796,6.1673684,0.21052633435526946,0.0,0.4,0.0,-0.0,0.0,1
2012-07-23 10:00:00+00:00,0.04546695,0.33910293772987504,0.04727539793624999,0.061,0.285,6.049473681723691,6.0494737,0.11789471856579592,0.0,0.224,0.0,2.7755575615628914e-17,-6.560779410892669e-19,1
2012-07-23 10:30:00+00:00,0.04547925,0.33911700588562504,0.047288187168749996,0.042,0.109,6.014210523828954,6.0142105,0.035263181723690806,0.0,0.067,0.0,-0.0,0.0,1
2012-07-23 11:00:00+00:00,0.0443661,0.15744383779025,0.046130761627499996,0.124,0.086,6.0322605238289535,6.0322605,0.018049976171045756,0.038,0.0,0.0,-0.0,0.0,1
2012-07-23 11:30:00+00:00,0.04340055,0.156339487563875,0.04512680687625,0.141,0.13,6.037485523828954,6.0374855,0.005224976171046336,0.011,0.0,2.7755575615628914e-17,0.0,2.1696462343939044e-18,1
2012-07-23 12:00:00+00:00,0.0401349,0.15260439221225,0.0417312656475,0.084,0.761,5.68116973435527,5.6811697,0.3563158238289539,0.0,0.677,0.0,-0.0,0.0,1
2012-07-23 12:30:00+00:00,0.03950145,0.151879882191125,0.04107262017375,0.086,1.355,5.251663155407901,5.2516632,0.4295065343552693,0.0,0.8160625,0.4529374999999999,0.0,0.03439604706997133,1
2012-07-23 13:00:00+00:00,0.0377979,0.14993144261975,0.0393013114725,0.061,0.954,5.251663155407901,5.2516632,4.4592098902285215e-08,0.0,0.0,0.893,0.0,0.06694438912971838,1
2012-07-23 13:30:00+00:00,0.03760725,0.149713386205625,0.039103078368749995,0.082,0.874,5.251663155407901,5.2516632,4.4592098902285215e-08,0.0,0.0,0.792,0.0,0.0592865009374275,1
2012-07-23 14:00:00+00:00,0.03856665,0.150810702354125,0.040100638503749994,0.159,0.497,5.251663155407901,5.2516632,4.4592098902285215e-08,0.0,0.0,0.33799999999999997,0.0,0.025487008697847122,1
2012-07-23 14:30:00+00:00,0.03702915,0.149052182885375,0.03850198444125,0.229,0.092,5.316738155407902,5.3167382,0.06507504459209823,0.137,0.0,0.0,-0.0,0.0,1
2012-07-23 15:00:00+00:00,0.0354486,0.1472444248715,0.03685856806499999,0.14,0.101,5.335263155407902,5.3352632,0.01852504459209836,0.039,0.0,0.0,-0.0,0.0,1
2012-07-23 15:30:00+00:00,0.0343416,0.14597829085400002,0.035707537139999995,0.062,0.065,5.335263155407902,5.3352632,4.4592098014106796e-08,0.0,0.0,0.0030000000000000027,0.0,0.00021896743628100024,1
2012-07-23 16:00:00+00:00,0.0371337,0.14917176220925002,0.038610692917499995,0.036,0.108,5.335263155407902,5.3352632,4.4592098014106796e-08,0.0,0.0,0.07200000000000001,0.0,0.005370183439533002,1
2012-07-23 16:30:00+00:00,0.04073145,0.15328669776612502,0.04235154342375,0.003,0.166,5.249473681723692,5.2494737,0.08578945540790173,0.0,0.163,0.0,-0.0,0.0,1
2012-07-23 17:00:00+00:00,0.05256405,0.166820263597625,0.05465478508875,0.0,0.101,5.196315786986849,5.1963158,0.05315788172369196,0.0,0.101,0.0,-0.0,0.0,1
2012-07-23 17:30:00+00:00,0.0541938,0.16868429423450002,0.05634935839499999,0.0,0.845,4.751578944881586,4.7515789,0.4447368869868491,0.0,0.845,0.0,-0.0,0.0,1
2012-07-23 18:00:00+00:00,0.15277215,0.281433528492875,0.15884866226624997,0.0,0.786,3.962105260671059,3.9621053,0.7894736448815856,0.0,1.5,0.0,0.714,-0.056708972429051235,1
2012-07-23 18:30:00+00:00,0.1793709,0.31185591530225004,0.1865053775475,0.0,0.319,3.1726315764605326,3.1726316,0.7894736606710593,0.0,1.5,0.0,1.181,-0.11013142544179876,1
2012-07-23 19:00:00+00:00,0.16905735,0.30005976670587503,0.17578160609625,0.0,0.373,2.383157892250006,2.3831579,0.7894736764605326,0.0,1.5,0.0,1.127,-0.09905293503523686,1
2012-07-23 19:30:00+00:00,0.1021884,0.22357823797100002,0.10625294361,0.0,0.639,2.046842102776322,2.0468421,0.33631579225000596,0.0,0.639,0.0,-0.0,0.0,1
2012-07-23 20:00:00+00:00,0.0748947,0.19236100036175,0.07787363669249998,0.0,0.368,1.8531578922500063,1.8531579,0.19368420277632192,0.0,0.368,0.0,-0.0,0.0,1
2012-07-23 20:30:00+00:00,0.06224415,0.17789190217287498,0.06471991106625,0.0,0.314,1.6878947343552695,1.6878947,0.1652631922500063,0.0,0.314,0.0,-0.0,0.0,1
2012-07-23 21:00:00+00:00,0.0587448,0.173889511862,0.061081374419999994,0.0,0.279,1.5410526290921116,1.5410526,0.1468421343552695,0.0,0.279,0.0,-0.0,0.0,1
2012-07-23 21:30:00+00:00,0.04490115,0.158055802565375,0.04668709324125,0.0,0.236,1.416842102776322,1.4168421,0.12421052909211161,0.0,0.236,0.0,-0.0,0.0,1
2012-07-23 22:00:00+00:00,0.038499,0.1507333274975,0.040030297725,0.0,0.284,1.416842102776322,1.4168421,2.7763220611376482e-09,0.0,0.0,0.284,0.0,0.021404132504645,1
2012-07-23 22:30:00+00:00,0.05167845,0.16580735638362498,0.05373396034874999,0.0,0.268,1.2757894711973747,1.2757895,0.14105260277632214,0.0,0.268,0.0,-0.0,0.0,1
2012-07-23 23:00:00+00:00,0.04092825,0.153511788258125,0.042556171143749995,0.0,0.251,1.14368420803948,1.1436842,0.1321052711973747,0.0,0.251,0.0,-0.0,0.0,1
2012-07-23 23:30:00+00:00,0.04037475,0.152878721249375,0.04198065568125,0.0,0.273,1.0,1.0,0.14368420803948,0.0,0.273,0.0,-0.0,0.0,1
2012-07-24 00:00:00+00:00,0.03860355,0.10135290682137499,0.040139006201249994,0.0,0.239,1.005205263275,1.0052053,0.0073104999999999976,0.010958449,0.0,0.249958449,0.0,0.012667007695356206,1
2012-07-24 00:30:00+00:00,0.03898485,0.10178901964962503,0.04053547240875,0.0,0.241,1.005205263275,1.0052053,3.672500015206026e-08,0.0,0.0,0.241,0.0,0.012265576867779815,1
2012-07-24 01:00:00+00:00,0.0371091,0.09964362589775001,0.03858511445249999,0.0,0.215,1.7177052632749998,1.7177053,0.7125000367250001,1.5,0.0,1.715,0.0,0.08544440920732065,1
2012-07-24 01:30:00+00:00,0.0377241,0.10034703368525001,0.039224576077500004,0.0,0.123,2.430205263275,2.4302053,0.7125000367250001,1.5,0.0,1.623,0.0,0.08143161783558038,1
2012-07-24 02:00:00+00:00,0.0342801,0.09640795007524999,0.03564359097749999,0.0,0.156,3.142705263275,3.1427053,0.7125000367249998,1.5,0.0,1.656,0.0,0.07982578266230698,1
2012-07-24 02:30:00+00:00,0.0343908,0.09653456347700001,0.03575869406999999,0.0,0.187,3.855205263275,3.8552053,0.7125000367250003,1.5,0.0,1.687,0.0,0.08142690429284952,1
2012-07-24 03:00:00+00:00,0.03384345,0.09590853054612498,0.03518957322374999,0.0,0.072,4.567705263275,4.5677053,0.7125000367250003,1.5,0.0,1.572,0.0,0.07538410500925424,1
2012-07-24 03:30:00+00:00,0.0326196,0.094508749049,0.033917044589999994,0.0,0.087,5.2802052632750005,5.2802053,0.7125000367250003,1.5,0.0,1.587,0.0,0.0749926923703815,1
2012-07-24 04:00:00+00:00,0.0322014,0.09403043175350001,0.033482210685,0.0,0.1,5.992705263275001,5.9927053,0.7125000367249994,1.5,0.0,1.6,0.0,0.07522434540280001,1
2012-07-24 04:30:00+00:00,0.0339234,0.09599997355850001,0.035272703235,0.0,0.056,6.705205263275001,6.7052053,0.7125000367249994,1.5,0.0,1.556,0.0,0.07468797942851302,1
2012-07-24 05:00:00+00:00,0.0343416,0.326378290854,0.035707537139999995,0.0,0.073,6.6667842106434225,6.6667842,0.03842106327500083,0.0,0.073,0.0,-0.0,0.0,1
2012-07-24 05:30:00+00:00,0.03567,0.32789765167500007,0.03708877425,0.0,0.107,6.610468421169738,6.6104684,0.05631581064342228,0.0,0.107,0.0,-0.0,0.0,1
2012-07-24 06:00:00+00:00,0.03683235,0.32922709239337505,0.038297356721249995,0.0,0.138,6.53783684222237,6.5378368,0.0726316211697382,0.0,0.138,0.0,-0.0,0.0,1
2012-07-24 06:30:00+00:00,0.0418938,0.33501613848450007,0.043560125895,0.0,0.282,6.389415789590791,6.3894158,0.14842104222236951,0.0,0.282,0.0,-0.0,0.0,1
2012-07-24 07:00:00+00:00,0.0567399,0.35199640247475006,0.0589967295225,0.0,0.35,6.205205263275001,6.2052053,0.18421048959079034,0.0,0.35,0.0,-0.0,0.0,1
2012-07-24 07:30:00+00:00,0.04920615,0.34337965707787504,0.05116332461624999,0.002,0.808,5.780994736959212,5.7809947,0.4242105632750013,0.0,0.806,0.0,-0.0,0.0,1
2012-07-24 08:00:00+00:00,0.06111255,0.35699763184387506,0.06354330167625,0.011,0.913,5.306257894853949,5.3062579,0.4747368369592113,0.0,0.902,0.0,-0.0,0.0,1
2012-07-24 08:30:00+00:00,0.0608973,0.35675143911825,0.0633194901075,0.071,0.442,5.110994736959212,5.1109947,0.19526319485394872,0.0,0.371,0.0,-0.0,0.0,1
2012-07-24 09:00:00+00:00,0.0558297,0.35095535894925006,0.0580503263175,0.103,0.095,5.114794736959212,5.1147947,0.0037999630407883345,0.008,0.0,1.3877787807814457e-17,0.0,2.4352420007565244e-18,1
2012-07-24 09:30:00+00:00,0.05989485,0.35560488442462507,0.06227716765874999,0.062,0.082,5.1042684211697384,5.1042684,0.010526336959212124,0.0,0.02,3.469446951953614e-18,0.0,6.168761411834163e-19,1
2012-07-24 10:00:00+00:00,0.04843125,0.3424933632656251,0.05035760296875,0.04,0.141,5.051110526432896,5.0511105,0.05315792116973839,0.0,0.101,0.0,2.7755575615628914e-17,-6.988521285104798e-19,1
2012-07-24 10:30:00+00:00,0.04841895,0.342479295109875,0.05034481373625,0.159,0.103,5.077710526432896,5.0777105,0.026599973567104307,0.056,0.0,0.0,-0.0,0.0,1
2012-07-24 11:00:00+00:00,0.0448458,0.1579924958645,0.046629541695,0.164,0.104,5.106210526432896,5.1062105,0.02849997356710432,0.06,0.0,0.0,2.7755575615628914e-17,-6.471148852188468e-19,1
2012-07-24 11:30:00+00:00,0.04341285,0.156353555719625,0.04513959610875,0.117,0.134,5.0972631580118435,5.0972632,0.008947326432895863,0.0,0.017,0.0,-0.0,0.0,1
2012-07-24 12:00:00+00:00,0.0467769,0.16020119631725,0.048637451197499994,0.095,0.088,5.100588158011844,5.1005882,0.0033250419881563076,0.007,0.0,0.0,-0.0,0.0,1
2012-07-24 12:30:00+00:00,0.04420005,0.157253917687625,0.04595810698875,0.121,0.103,5.109138158011843,5.1091382,0.008550041988156565,0.018,0.0,0.0,-0.0,0.0,1
2012-07-24 13:00:00+00:00,0.0420537,0.15479902450925,0.0437263859175,0.131,0.142,5.103348684327633,5.1033487,0.005789458011843607,0.0,0.011,0.0,1.734723475976807e-17,-3.7926594085354453e-19,1
2012-07-24 13:30:00+00:00,0.03975975,0.15217531346187502,0.04134119405625,0.135,0.099,5.120448684327633,5.1204487,0.01710001567236663,0.036,0.0,0.0,-0.0,0.0,1
2012-07-24 14:00:00+00:00,0.0399504,0.152393369876,0.041539427159999996,0.101,0.129,5.10571184222237,5.1057118,0.014736884327633426,0.0,0.028,0.0,3.469446951953614e-18,-7.205941947308058e-20,1
2012-07-24 14:30:00+00:00,0.03963675,0.152034631904375,0.04121330173125,0.133,0.193,5.07413289485395,5.0741329,0.03157894222237001,0.0,0.06,0.0,-0.0,0.0,1
2012-07-24 15:00:00+00:00,0.03921855,0.15155631460887498,0.04077846782624999,0.134,0.156,5.062553947485529,5.0625539,0.011578994853949531,0.0,0.022,0.0,6.938893903907228e-18,-1.4147873090512155e-19,1
2012-07-24 15:30:00+00:00,0.03832065,0.15052933923912498,0.039844853853749994,0.124,0.105,5.071578947485529,5.0715789,0.009024952514470996,0.019,0.0,0.0,-0.0,0.0,1
2012-07-24 16:00:00+00:00,0.04282245,0.155678284243625,0.04452571294874999,0.056,0.152,5.0210526316960555,5.0210526,0.050526347485528866,0.0,0.096,0.0,-0.0,0.0,1
2012-07-24 16:30:00+00:00,0.04619265,0.159532958919125,0.04802996265375,0.007,0.106,4.968947368538161,4.9689474,0.0521052316960553,0.0,0.099,0.0,1.3877787807814457e-17,-3.3327481506299773e-19,1
2012-07-24 17:00:00+00:00,0.05923065,0.17444520401412503,0.06158654910375,0.001,0.122,4.905263158011845,4.9052632,0.06368416853816061,0.0,0.121,0.0,-0.0,0.0,1
2012-07-24 17:30:00+00:00,0.06388005,0.179762966887625,0.06642087898874999,0.0,0.098,4.853684210643424,4.8536842,0.05157895801184509,0.0,0.098,0.0,-0.0,0.0,1
2012-07-24 18:00:00+00:00,0.14461725,0.272106341230625,0.15036940111875,0.0,0.17,4.064210526432897,4.0642105,0.7894737106434242,0.0,1.5,0.0,1.33,-0.09999565174396875,1
2012-07-24 18:30:00+00:00,0.08916885,0.208687095109625,0.09271554100875,0.0,0.492,3.8052631580118446,3.8052632,0.2589473264328972,0.0,0.492,0.0,-0.0,0.0,1
2012-07-24 19:00:00+00:00,0.08916885,0.208687095109625,0.09271554100875,0.0,0.398,3.595789473801318,3.5957895,0.2094736580118446,0.0,0.398,0.0,-0.0,0.0,1
2012-07-24 19:30:00+00:00,0.0704667,0.18729646429175,0.0732695129925,0.0,0.784,3.1831578948539496,3.1831579,0.4126315738013182,0.0,0.784,0.0,-0.0,0.0,1
2012-07-24 20:00:00+00:00,0.0515862,0.1657018452155,0.05363804110499999,0.0,1.02,2.646315789590792,2.6463158,0.5368420948539496,0.0,1.02,0.0,-0.0,0.0,1
2012-07-24 20:30:00+00:00,0.05164155,0.165765151916375,0.05369559265124999,0.0,0.281,2.4984210527486868,2.4984211,0.147894689590792,0.0,0.281,0.0,-0.0,0.0,1
2012-07-24 21:00:00+00:00,0.0505653,0.16453418828825,0.0525765348075,0.0,0.471,2.2505263159065816,2.2505263,0.24789475274868655,0.0,0.471,0.0,-0.0,0.0,1
2012-07-24 21:30:00+00:00,0.04417545,0.157225781376125,0.045932528523749995,0.0,0.784,1.8378947369592131,1.8378947,0.4126316159065815,0.0,0.784,0.0,-0.0,0.0,1
2012-07-24 22:00:00+00:00,0.03567615,0.14750468575287498,0.03709516886624999,0.0,0.292,1.6842105264328973,1.6842105,0.15368423695921307,0.0,0.292,0.0,-0.0,0.0,1
2012-07-24 22:30:00+00:00,0.04900935,0.162754566585875,0.050958696896249996,0.0,0.756,1.286315789590792,1.2863158,0.39789472643289736,0.0,0.756,0.0,-0.0,0.0,1
2012-07-24 23:00:00+00:00,0.04035015,0.152850584937875,0.04195507721625,0.0,0.275,1.1415789474855287,1.1415789,0.1447368895907919,0.0,0.275,0.0,-0.0,0.0,1
2012-07-24 23:30:00+00:00,0.03929235,0.151640723543375,0.04085520322124999,0.0,0.269,1.0000000001171077,1.0,0.14157894748552868,0.0,0.269,0.0,-0.0,0.0,1
2012-07-25 00:00:00+00:00,0.03525795,0.09752636845737502,0.03666033496125,0.0,0.27,1.1423250006171077,1.142325,0.23811449988289235,0.29963158,0.0,0.56963158,0.0,0.027777049678018348,1
2012-07-25 00:30:00+00:00,0.0334929,0.09550758810725002,0.034825080097499996,0.0,0.363,1.8548250006171076,1.854825,0.7124999993828922,1.5,0.0,1.863,0.0,0.0889653183219034,1
2012-07-25 01:00:00+00:00,0.0365187,0.09896835442175002,0.0379712312925,0.0,0.202,1.8548250006171076,1.854825,6.171076982752766e-10,0.0,0.0,0.202,0.0,0.009995803796596753,1
2012-07-25 01:30:00+00:00,0.0371091,0.09964362589775001,0.03858511445249999,0.0,0.055,1.8548250006171076,1.854825,6.171076982752766e-10,0.0,0.0,0.055,0.0,0.0027401997121881253,1
2012-07-25 02:00:00+00:00,0.03381885,0.09588039423462501,0.03516399475874999,0.0,0.121,2.5673250006171076,2.567325,0.7124999993828922,1.5,0.0,1.621,0.0,0.07771105952716356,1
2012-07-25 02:30:00+00:00,0.0325581,0.09443840827025,0.03385309842749999,0.0,0.073,3.2798250006171075,3.279825,0.7124999993828927,1.5,0.0,1.573,0.0,0.07427580810455163,1
2012-07-25 03:00:00+00:00,0.0321522,0.09397415913049999,0.033431053754999995,0.0,0.075,3.9923250006171074,3.992325,0.7124999993828927,1.5,0.0,1.575,0.0,0.07400465031526873,1
2012-07-25 03:30:00+00:00,0.03226905,0.094107806610125,0.03355255146375,0.0,0.088,4.704825000617108,4.704825,0.7124999993828922,1.5,0.0,1.588,0.0,0.07472159844843924,1
2012-07-25 04:00:00+00:00,0.03228135,0.094121874765875,0.033565340696249994,0.0,0.065,5.417325000617108,5.417325,0.7124999993828922,1.5,0.0,1.565,0.0,0.07365036700429718,1
2012-07-25 04:30:00+00:00,0.032349,0.09419924962250001,0.033635681475000005,0.0,0.072,6.129825000617108,6.129825,0.7124999993828922,1.5,0.0,1.572,0.0,0.074040610203285,1
2012-07-25 05:00:00+00:00,0.0324105,0.32416959040125004,0.0336996276375,0.0,0.1,6.07719342166974,6.0771934,0.05263160061710881,0.0,0.1,0.0,-0.0,0.0,1
2012-07-25 05:30:00+00:00,0.03349905,0.325414622185125,0.03483147471375,0.0,0.097,6.026140790090793,6.0261408,0.051052621669740006,0.0,0.097,0.0,-0.0,0.0,1
2012-07-25 06:00:00+00:00,0.03595905,0.328228253335125,0.03738932121374999,0.0,0.06,5.994561842722372,5.9945618,0.03157899009079301,0.0,0.06,0.0,-0.0,0.0,1
2012-07-25 06:30:00+00:00,0.0416601,0.33474884352525,0.04331713047749999,0.0,0.056,5.965088158511845,5.9650882,0.02947364272237163,0.0,0.056,0.0,-0.0,0.0,1
2012-07-25 07:00:00+00:00,0.0406515,0.33359525475375,0.0422684134125,0.0,0.112,5.9061407900907925,5.9061408,0.05894735851184496,0.0,0.112,0.0,-0.0,0.0,1
2012-07-25 07:30:00+00:00,0.04009185,0.332955153667125,0.04168650333374999,0.003,0.312,5.743509211143424,5.7435092,0.16263159009079242,0.0,0.309,0.0,-0.0,0.0,1
2012-07-25 08:00:00+00:00,0.0489663,0.34310532804075,0.050913934582499994,0.023,0.636,5.4208776321960555,5.4208776,0.3226316111434242,0.0,0.613,0.0,-0.0,0.0,1
2012-07-25 08:30:00+00:00,0.04742265,0.341339774494125,0.049308885903749995,0.087,0.637,5.131403947985529,5.1314039,0.2894737321960559,0.0,0.55,0.0,-0.0,0.0,1
2012-07-25 09:00:00+00:00,0.04392945,0.337344418261125,0.045676743873749995,0.158,0.136,5.1418539479855285,5.1418539,0.010449952014471187,0.022,0.0,0.0,-0.0,0.0,1
2012-07-25 09:30:00+00:00,0.0431976,0.336507362994,0.044915784539999996,0.222,0.193,5.155628947985528,5.1556289,0.013774952014471431,0.029,0.0,0.0,-0.0,0.0,1
2012-07-25 10:00:00+00:00,0.0397044,0.332512006761,0.041283642509999996,0.263,0.214,5.178903947985528,5.1789039,0.023274952014471495,0.049,0.0,0.0,-0.0,0.0,1
2012-07-25 10:30:00+00:00,0.0396183,0.33241352967075005,0.0411941178825,0.285,0.332,5.154167105880266,5.1541671,0.024736847985528776,0.0,0.047,4.163336342344337e-17,0.0,6.919746643825957e-18,1
2012-07-25 11:00:00+00:00,0.03929235,0.151640723543375,0.04085520322124999,0.3,0.225,5.189792105880265,5.1897921,0.03562499411973441,0.075,0.0,0.0,-0.0,0.0,1
2012-07-25 11:30:00+00:00,0.0385851,0.15083180458774997,0.040119822352499994,0.314,0.236,5.226842105880265,5.2268421,0.03704999411973464,0.078,0.0,0.0,-0.0,0.0,1
2012-07-25 12:00:00+00:00,0.0350919,0.14683644835475002,0.0364876803225,0.249,0.268,5.216842105880265,5.2168421,0.01000000588026495,0.0,0.019,1.734723475976807e-17,0.0,1.2736031704502042e-18,1
2012-07-25 12:30:00+00:00,0.0346122,0.14628779028049999,0.035988900255,0.026,0.202,5.124210526932897,5.1242105,0.09263160588026498,0.0,0.176,2.7755575615628914e-17,0.0,2.030150912386841e-18,1
2012-07-25 13:00:00+00:00,0.03444,0.14609083609999998,0.035809851,0.016,0.269,4.991052632196055,4.9910526,0.1331579269328973,0.0,0.253,0.0,-0.0,0.0,1
2012-07-25 13:30:00+00:00,0.0343416,0.14597829085400002,0.035707537139999995,0.035,0.299,4.852105263775003,4.8521053,0.13894733219605548,0.0,0.264,0.0,-0.0,0.0,1
2012-07-25 14:00:00+00:00,0.03383115,0.145394462390375,0.035176783991249995,0.185,0.214,4.836842105880266,4.8368421,0.015263163775002475,0.0,0.029,0.0,3.469446951953614e-18,-6.102199299898649e-20,1
2012-07-25 14:30:00+00:00,0.03383115,0.145394462390375,0.035176783991249995,0.213,0.26,4.8121052637750035,4.8121053,0.024736805880266388,0.0,0.047,1.3877787807814457e-17,0.0,1.008876748742442e-18,1
2012-07-25 15:00:00+00:00,0.0343416,0.14597829085400002,0.035707537139999995,0.183,0.301,4.750000000617109,4.75,0.06210526377500347,0.0,0.118,0.0,-0.0,0.0,1
2012-07-25 15:30:00+00:00,0.03444615,0.146097870177875,0.03581624561625,0.138,0.303,4.663157895353951,4.6631579,0.08684210061710917,0.0,0.165,0.0,2.7755575615628914e-17,-4.970502567348822e-19,1
2012-07-25 16:00:00+00:00,0.03469215,0.14637923329287497,0.03607203026624999,0.058,0.255,4.559473684827635,4.5594737,0.10368419535395113,0.0,0.197,0.0,-0.0,0.0,1
2012-07-25 16:30:00+00:00,0.03437235,0.146013461243375,0.03573951022125,0.001,0.174,4.468421053248687,4.4684211,0.09105258482763556,0.0,0.173,0.0,-0.0,0.0,1
2012-07-25 17:00:00+00:00,0.03736125,0.149432023090625,0.038847293718749995,0.0,0.533,4.187894737459214,4.1878947,0.28052635324868724,0.0,0.533,0.0,-0.0,0.0,1
2012-07-25 17:30:00+00:00,0.03736125,0.149432023090625,0.038847293718749995,0.0,0.73,3.803684211143424,3.8036842,0.3842105374592135,0.0,0.73,0.0,-0.0,0.0,1
2012-07-25 18:00:00+00:00,0.0452886,0.1584989494715,0.047089954064999995,0.0,0.539,3.520000000617108,3.52,0.2836842111434241,0.0,0.539,0.0,-0.0,0.0,1
2012-07-25 18:30:00+00:00,0.0454977,0.15873810811925002,0.0473073710175,0.0,0.77,3.114736842722371,3.1147368,0.40526320061710797,0.0,0.77,0.0,-0.0,0.0,1
2012-07-25 19:00:00+00:00,0.0441324,0.157176542831,0.04588776620999999,0.0,0.961,2.6089473690381606,2.6089474,0.5057894427223713,0.0,0.961,0.0,-0.0,0.0,1
2012-07-25 19:30:00+00:00,0.03971055,0.152119040838875,0.04129003712625,0.0,0.429,2.38315789535395,2.3831579,0.22578946903816055,0.0,0.429,0.0,-0.0,0.0,1
2012-07-25 20:00:00+00:00,0.04014105,0.152611426290125,0.04173766026374999,0.0,0.528,2.1052631585118444,2.1052632,0.27789469535394984,0.0,0.528,0.0,-0.0,0.0,1
2012-07-25 20:30:00+00:00,0.0413526,0.1539971396315,0.042997399665000005,0.0,0.418,1.8852631585118445,1.8852632,0.2199999585118444,0.0,0.418,0.0,-0.0,0.0,1
2012-07-25 21:00:00+00:00,0.0407499,0.15330779999975,0.04237072727249999,0.0,0.559,1.591052632196055,1.5910526,0.2942105585118444,0.0,0.559,0.0,-0.0,0.0,1
2012-07-25 21:30:00+00:00,0.0360267,0.14790562819175002,0.037459661992500004,0.0,0.421,1.3694736848276339,1.3694737,0.22157893219605507,0.0,0.421,0.0,-0.0,0.0,1
2012-07-25 22:00:00+00:00,0.03423705,0.145858711530125,0.03559882866375,0.0,0.193,1.2678947374592129,1.2678947,0.10157898482763383,0.0,0.193,0.0,-0.0,0.0,1
2012-07-25 22:30:00+00:00,0.03801315,0.150177635345375,0.03952512304125,0.0,0.213,1.1557894743013182,1.1557895,0.11210523745921286,0.0,0.213,0.0,-0.0,0.0,1
2012-07-25 23:00:00+00:00,0.0337512,0.14530301937800003,0.03509365398,0.0,0.209,1.045789474301318,1.0457895,0.10999997430131825,0.0,0.209,0.0,-0.0,0.0,1
2012-07-25 23:30:00+00:00,0.0345384,0.146203381346,0.03591216485999999,0.0,0.087,1.0000000006171075,1.0,0.04578947430131808,0.0,0.087,0.0,-0.0,0.0,1
2012-07-26 00:00:00+00:00,0.0336774,0.0957186104435,0.035016918585,0.0,0.113,1.0000000006171075,1.0,6.171074762306716e-10,0.0,0.0,0.113,0.0,0.00540810149005775,1
2012-07-26 00:30:00+00:00,0.0339603,0.09604217802575002,0.0353110709325,0.0,0.097,1.0000000006171075,1.0,6.171074762306716e-10,0.0,0.0,0.097,0.0,0.004658045634248876,1
2012-07-26 01:00:00+00:00,0.03451995,0.09668227911237502,0.03589298101125,0.0,0.087,1.0000000006171075,1.0,6.171074762306716e-10,0.0,0.0,0.087,0.0,0.004205679141388313,1
2012-07-26 01:30:00+00:00,0.03390495,0.09597887132487501,0.03525351938625,0.0,0.175,1.0000000006171075,1.0,6.171074762306716e-10,0.0,0.0,0.175,0.0,0.008398151240926563,1
2012-07-26 02:00:00+00:00,0.03255195,0.09443137419237502,0.033846703811250003,0.0,0.131,1.4086644741171075,1.4086645,0.4086644993828925,0.86034626,0.0,0.99134626,0.0,0.04680709481613575,1
2012-07-26 02:30:00+00:00,0.03132195,0.093024558617375,0.032567780561249995,0.0,0.159,2.1211644741171076,2.1211645,0.7125000258828924,1.5,0.0,1.659,0.0,0.07716387137311256,1
2012-07-26 03:00:00+00:00,0.030504,0.09208902626,0.0317172966,0.0,0.063,2.8336644741171075,2.8336645,0.7125000258828922,1.5,0.0,1.563,0.0,0.07196757402218999,1
2012-07-26 03:30:00+00:00,0.0296061,0.09106205089025,0.030783682627499996,0.0,0.064,3.5461644741171074,3.5461645,0.7125000258828926,1.5,0.0,1.564,0.0,0.07121052379617551,1
2012-07-26 04:00:00+00:00,0.0262851,0.08726364883775001,0.027330589852499997,0.0,0.145,4.258664474117108,4.2586645,0.7125000258828926,1.5,0.0,1.645,0.0,0.07177435116904939,1
2012-07-26 04:30:00+00:00,0.02763195,0.08880411189237501,0.02873101081125,0.0,0.07,4.971164474117108,4.9711645,0.7125000258828926,1.5,0.0,1.57,0.0,0.06971122783551438,1
2012-07-26 05:00:00+00:00,0.03023955,0.321686560911375,0.03144232810124999,0.0,0.057,4.941164474117108,4.9411645,0.029999974117107975,0.0,0.057,0.0,-0.0,0.0,1
2012-07-26 05:30:00+00:00,0.0331854,0.3250558842135,0.034505349284999993,0.0,0.125,4.875375000432897,4.875375,0.0657894741171079,0.0,0.125,0.0,-0.0,0.0,1
2012-07-26 06:00:00+00:00,0.0336528,0.32559047413200004,0.03499134011999999,0.0,0.077,4.834848684643424,4.8348487,0.04052630043289707,0.0,0.077,0.0,-0.0,0.0,1
2012-07-26 06:30:00+00:00,0.03750885,0.33000084095962506,0.03900076450875,0.0,0.072,4.796953947801319,4.7969539,0.03789478464342366,0.0,0.072,0.0,-0.0,0.0,1
2012-07-26 07:00:00+00:00,0.04011645,0.332983289978625,0.041712081798749995,0.001,0.514,4.526953947801319,4.5269539,0.2700000478013189,0.0,0.513,0.0,-0.0,0.0,1
2012-07-26 07:30:00+00:00,0.0389295,0.33162571294875004,0.040477920862499996,0.009,0.374,4.334848684643425,4.3348487,0.19210524780131877,0.0,0.365,0.0,-0.0,0.0,1
2012-07-26 08:00:00+00:00,0.04278555,0.336036079776375,0.04448734525124999,0.032,0.343,4.171164474117109,4.1711645,0.16368418464342493,0.0,0.311,5.551115123125783e-17,0.0,9.326874821812686e-18,1
2012-07-26 08:30:00+00:00,0.04170315,0.33479808207037504,0.04336189279125,0.108,0.222,4.11116447411711,4.1111645,0.05999997411710911,0.0,0.114,0.0,-0.0,0.0,1
2012-07-26 09:00:00+00:00,0.03966135,0.332462768215875,0.041238880196249994,0.17,0.087,4.150589474117109,4.1505895,0.0394250258828901,0.083,0.0,0.0,2.7755575615628914e-17,-5.723044287954392e-19,1
2012-07-26 09:30:00+00:00,0.0396183,0.33241352967075005,0.0411941178825,0.214,0.121,4.194764474117109,4.1947645,0.04417502588289057,0.093,0.0,0.0,-0.0,0.0,1
2012-07-26 10:00:00+00:00,0.03958755,0.33237835928137505,0.041162144801249995,0.3,0.145,4.268389474117109,4.2683895,0.07362502588289033,0.155,0.0,0.0,-0.0,0.0,1
2012-07-26 10:30:00+00:00,0.03956295,0.33235022296987504,0.04113656633625,0.29,0.095,4.361014474117109,4.3610145,0.09262502588289045,0.195,0.0,5.551115123125783e-17,0.0,9.224571744511496e-18,1
2012-07-26 11:00:00+00:00,0.03674625,0.14872861530312498,0.03820783209375,0.299,0.115,4.448414474117109,4.4484145,0.08740002588289109,0.184,0.0,0.0,-0.0,0.0,1
2012-07-26 11:30:00+00:00,0.03440925,0.146055665710625,0.03577787791875,0.295,0.099,4.5415144741171085,4.5415145,0.09310002588289112,0.196,0.0,5.551115123125783e-17,0.0,4.0538590737222714e-18,1
2012-07-26 12:00:00+00:00,0.03442155,0.146069733866375,0.035790667151250004,0.12,0.111,4.545789474117108,4.5457895,0.0042750258828911925,0.009,0.0,0.0,-0.0,0.0,1
2012-07-26 12:30:00+00:00,0.0344646,0.1461189724115,0.03583542946499999,0.081,0.316,4.422105263590793,4.4221053,0.12368417411710819,0.0,0.235,0.0,-0.0,0.0,1
2012-07-26 13:00:00+00:00,0.0343416,0.14597829085400002,0.035707537139999995,0.097,0.158,4.390000000432898,4.39,0.03210526359079324,0.0,0.061,0.0,-0.0,0.0,1
2012-07-26 13:30:00+00:00,0.03412635,0.145732098128375,0.03548372557125,0.074,0.167,4.341052632011845,4.3410526,0.04894740043289758,0.0,0.093,1.3877787807814457e-17,0.0,1.0112195673065914e-18,1
2012-07-26 14:00:00+00:00,0.0338988,0.14547183724700002,0.03524712477,0.08,0.216,4.269473684643424,4.2694737,0.07157893201184518,0.0,0.136,0.0,-0.0,0.0,1
2012-07-26 14:30:00+00:00,0.0337389,0.14528895122225002,0.0350808647475,0.043,0.089,4.245263158327635,4.2452632,0.024210484643424124,0.0,0.046,0.0,-0.0,0.0,1
2012-07-26 15:00:00+00:00,0.033825,0.1453874283125,0.035170389375,0.018,0.127,4.187894737275004,4.1878947,0.05736845832763482,0.0,0.109,0.0,-0.0,0.0,1
2012-07-26 15:30:00+00:00,0.0339849,0.14557031433724998,0.035336649397499996,0.022,0.086,4.154210526748688,4.1542105,0.033684237275004136,0.0,0.064,0.0,-0.0,0.0,1
2012-07-26 16:00:00+00:00,0.03418785,0.145802438907125,0.035547671733749994,0.074,0.083,4.149473684643425,4.1494737,0.004736826748688472,0.0,0.009,8.673617379884035e-18,0.0,6.323172840671598e-19,1
2012-07-26 16:30:00+00:00,0.0365187,0.14846835442175,0.0379712312925,0.017,0.363,3.9673684214855305,3.9673684,0.18210528464342524,0.0,0.346,0.0,-0.0,0.0,1
2012-07-26 17:00:00+00:00,0.0378225,0.14995957893125,0.0393268899375,0.003,0.239,3.843157895169741,3.8431579,0.12421052148553047,0.0,0.236,0.0,-0.0,0.0,1
2012-07-26 17:30:00+00:00,0.03880035,0.15107799731337498,0.04034363392125,0.0,0.369,3.6489473688539515,3.6489474,0.1942104951697412,0.0,0.369,0.0,-0.0,0.0,1
2012-07-26 18:00:00+00:00,0.0475272,0.161059353818,0.04941759438,0.0,0.866,3.1931578951697412,3.1931579,0.45578946885395144,0.0,0.866,0.0,-0.0,0.0,1
2012-07-26 18:30:00+00:00,0.0481545,0.16177682976125002,0.0500698452375,0.0,0.286,3.0426315793802674,3.0426316,0.15052629516974125,0.0,0.286,0.0,-0.0,0.0,1
2012-07-26 19:00:00+00:00,0.0477978,0.16136885324449998,0.049698957494999994,0.0,0.325,2.87157894780132,2.8715789,0.17105267938026758,0.0,0.325,0.0,-0.0,0.0,1
2012-07-26 19:30:00+00:00,0.04213365,0.154890467521625,0.04380951592875,0.0,0.232,2.749473684643425,2.7494737,0.12210524780132026,0.0,0.232,0.0,-0.0,0.0,1
2012-07-26 20:00:00+00:00,0.0396675,0.15206980229375,0.041245274812499996,0.0,0.34,2.5705263162223724,2.5705263,0.17894738464342508,0.0,0.34,0.0,-0.0,0.0,1
2012-07-26 20:30:00+00:00,0.04620495,0.159547027074875,0.04804275188625,0.0,0.44,2.3389473688539515,2.3389474,0.23157891622237248,0.0,0.44,0.0,-0.0,0.0,1
2012-07-26 21:00:00+00:00,0.04458135,0.157690030515875,0.04635457319624999,0.0,0.702,1.9694736846434253,1.9694737,0.3694736688539515,0.0,0.702,0.0,-0.0,0.0,1
2012-07-26 21:30:00+00:00,0.03966135,0.152062768215875,0.041238880196249994,0.0,0.352,1.7842105267486885,1.7842105,0.1852631846434254,0.0,0.352,0.0,-0.0,0.0,1
2012-07-26 22:00:00+00:00,0.03634035,0.14826436616337502,0.03778578742125,0.0,0.733,1.398421053064478,1.3984211,0.38578942674868855,0.0,0.733,0.0,-0.0,0.0,1
2012-07-26 22:30:00+00:00,0.04311765,0.156015919981625,0.044832654528749995,0.0,0.246,1.2689473688539517,1.2689474,0.129473653064478,0.0,0.246,0.0,-0.0,0.0,1
2012-07-26 23:00:00+00:00,0.03659865,0.14855979743412498,0.03805436130375,0.0,0.231,1.1473684214855306,1.1473684,0.1215789688539517,0.0,0.231,0.0,-0.0,0.0,1
2012-07-26 23:30:00+00:00,0.0362973,0.14821512761825,0.03774102510749999,0.0,0.28,1.000000000432899,1.0,0.14736842148553064,0.0,0.28,0.0,-0.0,0.0,1
2012-07-27 00:00:00+00:00,0.0342555,0.09637981376375002,0.035618012512500005,0.0,0.227,1.712500000432899,1.7125,0.7124999995671009,1.5,0.0,1.727,0.0,0.08322396918499814,1
2012-07-27 00:30:00+00:00,0.0339234,0.09599997355850001,0.035272703235,0.0,0.249,2.425000000432899,2.425,0.7124999995671009,1.5,0.0,1.749,0.0,0.08395197687690827,1
2012-07-27 01:00:00+00:00,0.03822225,0.10091679399312502,0.03974253999375,0.0,0.344,2.8246131589328987,2.8246132,0.39961319956710106,0.84129086,0.0,1.1852908599999998,0.0,0.059807876770276984,1
2012-07-27 01:30:00+00:00,0.03846825,0.10119815710812499,0.03999832464375,0.0,0.226,2.8246131589328987,2.8246132,4.106710127516067e-08,0.0,0.0,0.226,0.0,0.011435391753218125,1
2012-07-27 02:00:00+00:00,0.03443385,0.09658380202212502,0.03580345638375,0.0,0.136,3.5371131589328986,3.5371132,0.7125000410671012,1.5,0.0,1.6360000000000001,0.0,0.07900555005409828,1
2012-07-27 02:30:00+00:00,0.03321,0.09518402052500002,0.03453092775,0.0,0.076,4.249613158932899,4.2496132,0.7125000410671012,1.5,0.0,1.576,0.0,0.07500500817370002,1
2012-07-27 03:00:00+00:00,0.032349,0.09419924962250001,0.033635681475000005,0.0,0.081,4.962113158932899,4.9621132,0.7125000410671012,1.5,0.0,1.581,0.0,0.07446450682658626,1
2012-07-27 03:30:00+00:00,0.03140805,0.09312303570762501,0.03265730518875,0.0,0.122,5.6746131589329,5.6746132,0.7125000410671003,1.5,0.0,1.6219999999999999,0.0,0.07552278195888387,1
2012-07-27 04:00:00+00:00,0.031734,0.09349584183500001,0.032996219849999994,0.0,0.088,6.3871131589329,6.3871132,0.7125000410671003,1.5,0.0,1.588,0.0,0.07423569841699001,1
2012-07-27 04:30:00+00:00,0.0318324,0.09360838708100001,0.033098533709999996,0.0,0.087,7.0996131589329,7.0996132,0.7125000410671003,1.5,0.0,1.587,0.0,0.07427825514877351,1
2012-07-27 05:00:00+00:00,0.03279795,0.324612737307375,0.03410248846125,0.0,0.102,7.045928948406584,7.0459289,0.05368425893290052,0.0,0.102,0.0,-0.0,0.0,1
2012-07-27 05:30:00+00:00,0.0343908,0.326434563477,0.03575869406999999,0.0,0.088,6.9996131589329,6.9996132,0.04631574840658459,0.0,0.088,0.0,-0.0,0.0,1
2012-07-27 06:00:00+00:00,0.03678315,0.32917081977037504,0.03824619979125,0.0,0.099,6.947507895775005,6.9475079,0.05210525893290008,0.0,0.099,0.0,-0.0,0.0,1
2012-07-27 06:30:00+00:00,0.03937845,0.33213920063362506,0.04094472784875,0.0,0.318,6.7801394747223735,6.7801395,0.1673683957750054,0.0,0.318,0.0,-0.0,0.0,1
2012-07-27 07:00:00+00:00,0.04959975,0.343829838061875,0.05157258005625,0.0,0.438,6.5496131589329,6.5496132,0.23052627472237397,0.0,0.438,0.0,-0.0,0.0,1
2012-07-27 07:30:00+00:00,0.0414756,0.334537821189,0.043125291989999995,0.019,0.661,6.211718422090795,6.2117184,0.3378947589329,0.0,0.642,0.0,-0.0,0.0,1
2012-07-27 08:00:00+00:00,0.0498765,0.34414637156625005,0.051860337787499995,0.066,0.309,6.0838236852486896,6.0838237,0.12789472209079467,0.0,0.243,0.0,-0.0,0.0,1
2012-07-27 08:30:00+00:00,0.0499872,0.344272984968,0.05197544088,0.121,0.342,5.967507895775006,5.9675079,0.11631578524868935,0.0,0.221,2.7755575615628914e-17,0.0,4.7777474333488004e-18,1
2012-07-27 09:00:00+00:00,0.0388557,0.33154130401425,0.040401185467499996,0.173,0.218,5.94382368524869,5.9438237,0.023684195775005357,0.0,0.045,1.3877787807814457e-17,0.0,2.3005299333179326e-18,1
2012-07-27 09:30:00+00:00,0.03950145,0.33227988219112503,0.04107262017375,0.219,0.165,5.96947368524869,5.9694737,0.025650014751310124,0.054,0.0,0.0,-0.0,0.0,1
2012-07-27 10:00:00+00:00,0.0373797,0.32985312532425004,0.0388664775675,0.262,0.193,6.00224868524869,6.0022487,0.032775014751310394,0.069,0.0,0.0,-0.0,0.0,1
2012-07-27 10:30:00+00:00,0.0342924,0.32632201823100004,0.03565638021,0.285,0.192,6.04642368524869,6.0464237,0.04417501475131047,0.093,0.0,5.551115123125783e-17,0.0,9.057255452055159e-18,1
2012-07-27 11:00:00+00:00,0.03443385,0.146083802022125,0.03580345638375,0.301,0.232,6.07919868524869,6.0791987,0.032775014751310394,0.069,0.0,5.551115123125783e-17,0.0,4.054640013243655e-18,1
2012-07-27 11:30:00+00:00,0.03447075,0.14612600648937502,0.03584182408125,0.302,0.189,6.13287368524869,6.1328737,0.053675014751310535,0.113,0.0,0.0,-0.0,0.0,1
2012-07-27 12:00:00+00:00,0.0343662,0.1460064271655,0.035733115605,0.26,0.239,6.14284868524869,6.1428487,0.00997501475131024,0.021,0.0,0.0,-0.0,0.0,1
2012-07-27 12:30:00+00:00,0.0344646,0.1461189724115,0.03583542946499999,0.042,0.214,6.052322369459216,6.0523224,0.09052628524868922,0.0,0.172,0.0,-0.0,0.0,1
2012-07-27 13:00:00+00:00,0.0339603,0.14554217802575,0.0353110709325,0.033,0.192,5.968638158932901,5.9686382,0.0836841694592163,0.0,0.159,0.0,-0.0,0.0,1
2012-07-27 13:30:00+00:00,0.03378195,0.14533818976737498,0.03512562706124999,0.048,0.201,5.888111843143427,5.8881118,0.08052635893290105,0.0,0.153,2.7755575615628914e-17,0.0,2.0169725579635003e-18,1
2012-07-27 14:00:00+00:00,0.0330009,0.14444486187724997,0.034313510797499995,0.081,0.212,5.819164474722375,5.8191645,0.0689473431434271,0.0,0.131,0.0,-0.0,0.0,1
2012-07-27 14:30:00+00:00,0.03276105,0.144170532840125,0.03406412076375,0.152,0.237,5.774427632617112,5.7744276,0.044736874722374864,0.0,0.085,0.0,1.3877787807814457e-17,-2.363673199095445e-19,1
2012-07-27 15:00:00+00:00,0.0325335,0.14391027195875,0.0338275199625,0.185,0.15,5.791052632617112,5.7910526,0.016624967382888656,0.035,0.0,0.0,-0.0,0.0,1
2012-07-27 15:30:00+00:00,0.03390495,0.145478871324875,0.03525351938625,0.065,0.174,5.733684211564481,5.7336842,0.05736843261711222,0.0,0.109,0.0,1.3877787807814457e-17,-2.4462043076052543e-19,1
2012-07-27 16:00:00+00:00,0.03396645,0.145549212103625,0.035317465548749996,0.04,1.032,5.211578948406586,5.2115789,0.5221053115644807,0.0,0.992,0.0,-0.0,0.0,1
2012-07-27 16:30:00+00:00,0.0350181,0.14675203942025,0.0364109449275,0.012,0.594,4.905263158932902,4.9052632,0.30631574840658615,0.0,0.582,0.0,-0.0,0.0,1
2012-07-27 17:00:00+00:00,0.0331977,0.14466995236925,0.0345181385175,0.004,1.328,4.208421053669744,4.2084211,0.6968420589329023,0.0,1.324,0.0,-0.0,0.0,1
2012-07-27 17:30:00+00:00,0.03408945,0.145689893661125,0.03544535787375,0.0,1.291,3.5289473694592175,3.5289474,0.6794736536697439,0.0,1.291,0.0,-0.0,0.0,1
2012-07-27 18:00:00+00:00,0.03893565,0.15123274702662498,0.04048431547875,0.0,0.65,3.186842106301323,3.1868421,0.3421052694592177,0.0,0.65,0.0,-0.0,0.0,1
2012-07-27 18:30:00+00:00,0.0387819,0.15105689507975,0.0403244500725,0.0,0.306,3.0257894747223752,3.0257895,0.16105260630132268,0.0,0.306,0.0,-0.0,0.0,1
2012-07-27 19:00:00+00:00,0.03929235,0.151640723543375,0.04085520322124999,0.0,0.554,2.7342105273539543,2.7342105,0.29157897472237515,0.0,0.554,0.0,-0.0,0.0,1
2012-07-27 19:30:00+00:00,0.03571305,0.147546890220125,0.03713353656375,0.0,0.426,2.510000001038165,2.51,0.22421052735395453,0.0,0.426,0.0,-0.0,0.0,1
2012-07-27 20:00:00+00:00,0.0341448,0.145753200362,0.035502909420000006,0.0,0.347,2.3273684220907964,2.3273684,0.18263160103816478,0.0,0.347,0.0,-0.0,0.0,1
2012-07-27 20:30:00+00:00,0.0420537,0.15479902450925,0.0437263859175,0.0,0.299,2.170000001038165,2.17,0.1573684220907965,0.0,0.299,0.0,-0.0,0.0,1
2012-07-27 21:00:00+00:00,0.03867735,0.15093731575587502,0.04021574159624999,0.0,0.967,1.6610526326171124,1.6610526,0.5089474010381649,0.0,0.967,0.0,-0.0,0.0,1
2012-07-27 21:30:00+00:00,0.03670935,0.148686410835875,0.03816946439625,0.0,0.295,1.5057894747223757,1.5057895,0.15526313261711255,0.0,0.295,0.0,-0.0,0.0,1
2012-07-27 22:00:00+00:00,0.03388035,0.145450735013375,0.03522794092124999,0.0,0.568,1.206842106301323,1.2068421,0.29894737472237565,0.0,0.568,0.0,-0.0,0.0,1
2012-07-27 22:30:00+00:00,0.04082985,0.153399243012125,0.04245385728375,0.0,0.224,1.0889473694592178,1.0889474,0.11789470630132315,0.0,0.224,0.0,-0.0,0.0,1
2012-07-27 23:00:00+00:00,0.03603285,0.14791266226962502,0.03746605660874999,0.0,0.093,1.0400000010381651,1.04,0.04894736945921774,0.0,0.093,0.0,-0.0,0.0,1
2012-07-27 23:30:00+00:00,0.0399504,0.152393369876,0.041539427159999996,0.0,0.076,1.000000001038165,1.0,0.040000001038165145,0.0,0.076,0.0,-0.0,0.0,1
2012-07-28 00:00:00+00:00,0.03801315,0.100677635345375,0.03952512304125,0.0,0.161,1.000000001038165,1.0,1.0381651094348854e-09,0.0,0.0,0.161,0.0,0.008104549645302687,1
2012-07-28 00:30:00+00:00,0.03745965,0.10004456833662499,0.03894960757874999,0.0,0.125,1.000000001038165,1.0,1.0381651094348854e-09,0.0,0.0,0.125,0.0,0.006252785521039062,1
2012-07-28 01:00:00+00:00,0.0363711,0.09879953655275002,0.0378177605025,0.0,0.161,1.000000001038165,1.0,1.0381651094348854e-09,0.0,0.0,0.161,0.0,0.007953362692496376,1
2012-07-28 01:30:00+00:00,0.0353379,0.09761781146975,0.036743464972499994,0.0,0.211,1.2604394752881651,1.2604395,0.2604394989618348,0.54829363,0.0,0.7592936299999999,0.0,0.037060291211761055,1
2012-07-28 02:00:00+00:00,0.03336375,0.09535987247187501,0.03469079315625,0.0,0.097,1.972939475288165,1.9729395,0.7125000247118349,1.5,0.0,1.597,0.0,0.0761448581687922,1
2012-07-28 02:30:00+00:00,0.03380655,0.095866326078875,0.03515120552624999,0.0,0.081,2.685439475288165,2.6854395,0.7125000247118352,1.5,0.0,1.581,0.0,0.0757823307653507,1
2012-07-28 03:00:00+00:00,0.0342186,0.09633760929650001,0.035579644815000006,0.0,0.101,3.397939475288165,3.3979395,0.7125000247118352,1.5,0.0,1.601,0.0,0.07711825624184826,1
2012-07-28 03:30:00+00:00,0.03411405,0.096218029972625,0.035470936338749995,0.0,0.114,4.110439475288165,4.1104395,0.7125000247118352,1.5,0.0,1.614,0.0,0.07764795018790839,1
2012-07-28 04:00:00+00:00,0.0326934,0.0945931579835,0.03399377998499999,0.0,0.072,4.822939475288164,4.8229395,0.7125000247118356,1.5,0.0,1.572,0.0,0.074350222175031,1
2012-07-28 04:30:00+00:00,0.03085455,0.092489968698875,0.03208178972625,0.0,0.069,5.535439475288165,5.5354395,0.7125000247118356,1.5,0.0,1.569,0.0,0.07255838044426743,1
2012-07-28 05:00:00+00:00,0.0314634,0.32308634240850004,0.032714856735000006,0.0,0.109,5.478071054235533,5.4780711,0.05736837528816441,0.0,0.109,0.0,-0.0,0.0,1
2012-07-28 05:30:00+00:00,0.03207225,0.32378271611812504,0.033347923743749994,0.0,0.095,5.4280710542355335,5.4280711,0.04999995423553294,0.0,0.095,0.0,-0.0,0.0,1
2012-07-28 06:00:00+00:00,0.03209685,0.32381085242962504,0.033373502208749996,0.0,0.083,5.384386843709217,5.3843868,0.04368425423553379,0.0,0.083,0.0,-0.0,0.0,1
2012-07-28 06:30:00+00:00,0.03385575,0.325822598701875,0.03520236245624999,0.0,0.114,5.324386843709218,5.3243868,0.06000004370921719,0.0,0.114,0.0,-0.0,0.0,1
2012-07-28 07:00:00+00:00,0.0340341,0.32602658696025005,0.0353878063275,0.0,0.069,5.288071054235534,5.2880711,0.03631574370921786,0.0,0.069,0.0,-0.0,0.0,1
2012-07-28 07:30:00+00:00,0.0335544,0.325477928886,0.03488902625999999,0.024,0.135,5.229650001603955,5.22965,0.058421054235533454,0.0,0.111,1.3877787807814457e-17,0.0,2.258456816603416e-18,1
2012-07-28 08:00:00+00:00,0.0350919,0.32723644835475,0.0364876803225,0.079,0.295,5.115965791077639,5.1159658,0.11368420160395498,0.0,0.216,0.0,2.7755575615628914e-17,-5.06368285115022e-19,1
2012-07-28 08:30:00+00:00,0.0360759,0.32836190081475,0.037510818922499994,0.133,0.553,4.894913159498691,4.8949132,0.22105259107763864,0.0,0.42,5.551115123125783e-17,0.0,9.113873567355434e-18,1
2012-07-28 09:00:00+00:00,0.03802545,0.33059170350112504,0.03953791227375,0.184,0.254,4.858071054235533,4.8580711,0.03684205949869135,0.0,0.07,0.0,-0.0,0.0,1
2012-07-28 09:30:00+00:00,0.03870195,0.331365452067375,0.040241320061249995,0.231,0.239,4.8538605279197435,4.8538605,0.004210554235533515,0.0,0.008,0.0,2.0816681711721685e-17,-4.1884537568728084e-19,1
2012-07-28 10:00:00+00:00,0.03634035,0.328664366163375,0.03778578742125,0.262,0.225,4.871435527919743,4.8714355,0.017574972080256046,0.037,0.0,0.0,-0.0,0.0,1
2012-07-28 10:30:00+00:00,0.03688155,0.32928336501637506,0.03834851365125,0.285,0.286,4.87090921213027,4.8709092,0.0005263279197436077,0.0,0.001,8.673617379884035e-19,0.0,1.4280389588563648e-19,1
2012-07-28 11:00:00+00:00,0.0352641,0.14703340253525,0.036666729577499994,0.305,0.365,4.839330264761849,4.8393303,0.03157891213026964,0.0,0.06,0.0,-0.0,0.0,1
2012-07-28 11:30:00+00:00,0.034563,0.1462315176575,0.035937743325,0.318,0.374,4.8098565805513225,4.8098566,0.029473664761849427,0.0,0.056,0.0,6.938893903907228e-18,-1.246840940390126e-19,1
2012-07-28 12:00:00+00:00,0.0342309,0.14585167745225,0.0355924340475,0.255,1.249,4.28669868581448,4.2866987,0.5231578805513228,0.0,0.994,1.1102230246251565e-16,0.0,8.096394524384487e-18,1
2012-07-28 12:30:00+00:00,0.03373275,0.145281917144375,0.03507447013125,0.028,0.343,4.12090921213027,4.1209092,0.1657894858144804,0.0,0.315,0.0,-0.0,0.0,1
2012-07-28 13:00:00+00:00,0.03217065,0.143495261364125,0.033450237603749995,0.028,0.353,3.9498565805513226,3.9498566,0.17105261213027,0.0,0.325,0.0,5.551115123125783e-17,-9.284305991716367e-19,1
2012-07-28 13:30:00+00:00,0.0320907,0.14340381835175,0.0333671075925,0.105,0.218,3.8903828963407965,3.8903829,0.059473680551322516,0.0,0.113,0.0,-0.0,0.0,1
2012-07-28 14:00:00+00:00,0.03169095,0.142946603289875,0.03295145753625,0.258,0.244,3.8970328963407965,3.8970329,0.0066500036592036516,0.014,0.0,0.0,-0.0,0.0,1
2012-07-28 14:30:00+00:00,0.03110055,0.142271331813875,0.03233757437625,0.24,0.235,3.8994078963407963,3.8994079,0.0023750036592034007,0.005,0.0,0.0,-0.0,0.0,1
2012-07-28 15:00:00+00:00,0.03204765,0.14335457980662497,0.03332234527874999,0.2,0.15,3.9231578963407965,3.9231579,0.023750003659203767,0.05,0.0,0.0,-0.0,0.0,1
2012-07-28 15:30:00+00:00,0.0327795,0.14419163507375,0.0340833046125,0.106,0.345,3.797368422656586,3.7973684,0.1257894963407966,0.0,0.239,0.0,-0.0,0.0,1
2012-07-28 16:00:00+00:00,0.0335667,0.14509199704175,0.034901815492499995,0.049,0.163,3.7373684226565858,3.7373684,0.060000022656585994,0.0,0.114,0.0,-0.0,0.0,1
2012-07-28 16:30:00+00:00,0.03417555,0.145788370751375,0.03553488250125,0.003,0.45,3.5021052647618487,3.5021053,0.23526312265658555,0.0,0.447,0.0,-0.0,0.0,1
2012-07-28 17:00:00+00:00,0.0352149,0.14697712991225,0.0366155726475,0.001,0.501,3.2389473700250067,3.2389474,0.2631578647618489,0.0,0.5,0.0,-0.0,0.0,1
2012-07-28 17:30:00+00:00,0.0359283,0.14779308294575,0.0373573481325,0.0,0.247,3.1089473700250068,3.1089474,0.12999997002500674,0.0,0.247,0.0,-0.0,0.0,1
2012-07-28 18:00:00+00:00,0.04289625,0.155762693178125,0.04460244834374999,0.0,0.602,2.7921052647618487,2.7921053,0.31684207002500697,0.0,0.602,0.0,-0.0,0.0,1
2012-07-28 18:30:00+00:00,0.04833285,0.161980818019625,0.05025528910874999,0.0,0.353,2.606315791077638,2.6063158,0.18578946476184877,0.0,0.353,0.0,-0.0,0.0,1
2012-07-28 19:00:00+00:00,0.04327755,0.156198806006375,0.04499891455125,0.0,0.327,2.4342105279197432,2.4342105,0.17210529107763817,0.0,0.327,0.0,-0.0,0.0,1
2012-07-28 19:30:00+00:00,0.03909555,0.15141563305137498,0.04065057550125,0.0,0.46,2.1921052647618486,2.1921053,0.2421052279197431,0.0,0.46,0.0,-0.0,0.0,1
2012-07-28 20:00:00+00:00,0.038745,0.1510146906125,0.040286082375,0.0,0.467,1.946315791077638,1.9463158,0.2457894647618486,0.0,0.467,0.0,-0.0,0.0,1
2012-07-28 20:30:00+00:00,0.04130955,0.15394790108637502,0.042952637351249996,0.0,0.344,1.7652631594986907,1.7652632,0.18105259107763816,0.0,0.344,0.0,-0.0,0.0,1
2012-07-28 21:00:00+00:00,0.0401964,0.15267473299099998,0.041795211809999996,0.0,0.322,1.5957894752881643,1.5957895,0.16947365949869075,0.0,0.322,0.0,-0.0,0.0,1
2012-07-28 21:30:00+00:00,0.03635265,0.14827843431912502,0.03779857665375,0.0,0.248,1.4652631594986907,1.4652632,0.13052627528816418,0.0,0.248,0.0,-0.0,0.0,1
2012-07-28 22:00:00+00:00,0.03533175,0.147110777391875,0.03673707035625,0.0,0.241,1.3384210542355328,1.3384211,0.12684205949869076,0.0,0.241,0.0,-0.0,0.0,1
2012-07-28 22:30:00+00:00,0.03881265,0.15109206546912501,0.040356423153749994,0.0,0.236,1.2142105279197433,1.2142105,0.12421055423553273,0.0,0.236,0.0,-0.0,0.0,1
2012-07-28 23:00:00+00:00,0.0366786,0.14865124044650002,0.038137491315,0.0,0.187,1.1157894752881643,1.1157895,0.09842102791974328,0.0,0.187,0.0,-0.0,0.0,1
2012-07-28 23:30:00+00:00,0.0375396,0.14963601134899998,0.03903273759,0.0,0.22,1.0000000016039539,1.0,0.1157894752881643,0.0,0.22,0.0,-0.0,0.0,1
2012-07-29 00:00:00+00:00,0.03634035,0.09876436616337503,0.03778578742125,0.0,0.153,1.0000000016039539,1.0,1.6039538586198887e-09,0.0,0.0,0.153,0.0,0.007555474011498189,1
2012-07-29 00:30:00+00:00,0.03504885,0.09728720980962502,0.03644291800875,0.0,0.124,1.7125000016039538,1.7125,0.712499998396046,1.5,0.0,1.624,0.0,0.07899721436541553,1
2012-07-29 01:00:00+00:00,0.0351411,0.09739272097775001,0.036538837252500005,0.0,0.099,2.266184226603954,2.2661842,0.5536841983960463,1.165651,0.0,1.264651,0.0,0.06158390098861626,1
2012-07-29 01:30:00+00:00,0.03469215,0.096879233292875,0.03607203026624999,0.0,0.08,2.9786842266039537,2.9786842,0.7124999733960462,1.5,0.0,1.58,0.0,0.07653459430137124,1
2012-07-29 02:00:00+00:00,0.03370815,0.095753780832875,0.03504889166625,0.0,0.073,3.6911842266039536,3.6911842,0.7124999733960462,1.5,0.0,1.573,0.0,0.07531034862505619,1
2012-07-29 02:30:00+00:00,0.0342432,0.09636574560800001,0.035605223279999994,0.0,0.099,4.4036842266039535,4.4036842,0.7124999733960462,1.5,0.0,1.599,0.0,0.07704441361359601,1
2012-07-29 03:00:00+00:00,0.033825,0.0958874283125,0.035170389375,0.0,0.107,5.116184226603954,5.1161842,0.7124999733960466,1.5,0.0,1.607,0.0,0.07704554864909374,1
2012-07-29 03:30:00+00:00,0.0324597,0.09432586302425003,0.033750784567500004,0.0,0.08,5.828684226603954,5.8286842,0.7124999733960458,1.5,0.0,1.58,0.0,0.07451743178915753,1
2012-07-29 04:00:00+00:00,0.03161715,0.093362194355375,0.03287472214124999,0.0,0.08,6.541184226603955,6.5411842,0.7124999733960458,1.5,0.0,1.58,0.0,0.07375613354074625,1
2012-07-29 04:30:00+00:00,0.0321399,0.09396009097475001,0.0334182645225,0.0,0.091,7.253684226603955,7.2536842,0.7124999733960458,1.5,0.0,1.591,0.0,0.07474525237041363,1
2012-07-29 05:00:00+00:00,0.03321615,0.3250910546028751,0.03453732236625,0.0,0.241,7.126842121340797,7.1268421,0.12684212660395477,0.0,0.241,0.0,-0.0,0.0,1
2012-07-29 05:30:00+00:00,0.0314142,0.32303006978550003,0.032663699805,0.0,0.094,7.0773684371302705,7.0773684,0.04947372134079675,0.0,0.094,0.0,-0.0,0.0,1
2012-07-29 06:00:00+00:00,0.03121125,0.32279794521562505,0.032452677468749996,0.0,0.114,7.017368437130271,7.0173684,0.06000003713027091,0.0,0.114,0.0,-0.0,0.0,1
2012-07-29 06:30:00+00:00,0.0321153,0.32383195466325004,0.033392686057499996,0.0,0.091,6.969473700288166,6.9694737,0.047894737130270926,0.0,0.091,0.0,-0.0,0.0,1
2012-07-29 07:00:00+00:00,0.03311775,0.324978509356875,0.034435008506249996,0.0,0.157,6.8868421213407975,6.8868421,0.08263160028816596,0.0,0.157,0.0,-0.0,0.0,1
2012-07-29 07:30:00+00:00,0.03274875,0.32455646468437505,0.03405133153125,0.027,0.289,6.748947384498693,6.7489474,0.13789472134079794,0.0,0.262,0.0,5.551115123125783e-17,-9.451143071284584e-19,1
2012-07-29 08:00:00+00:00,0.0345138,0.32657524503450003,0.035886586394999996,0.081,0.594,6.478947384498692,6.4789474,0.26999998449869267,0.0,0.513,0.0,-0.0,0.0,1
2012-07-29 08:30:00+00:00,0.0341694,0.3261813366735001,0.035528487885,0.135,0.226,6.431052647656587,6.4310526,0.04789478449869211,0.0,0.091,0.0,-0.0,0.0,1
2012-07-29 09:00:00+00:00,0.03605745,0.328340798581125,0.037491635073749995,0.189,0.227,6.411052647656588,6.4110526,0.020000047656587583,0.0,0.038,6.938893903907228e-18,0.0,1.1391609828392998e-18,1
2012-07-29 09:30:00+00:00,0.03813615,0.330718316902875,0.03965301536625,0.231,0.3,6.374736858182904,6.3747369,0.036315747656587405,0.0,0.069,0.0,2.7755575615628914e-17,-5.502961331928236e-19,1
2012-07-29 10:00:00+00:00,0.0379332,0.33048619233300003,0.03944199303,0.26,0.381,6.311052647656588,6.3110526,0.0636842581829038,0.0,0.121,0.0,-0.0,0.0,1
2012-07-29 10:30:00+00:00,0.03769335,0.33021186329587504,0.03919260299625,0.285,0.316,6.294736858182904,6.2947369,0.01631574765658783,0.0,0.031,2.7755575615628914e-17,0.0,4.582610170443189e-18,1
2012-07-29 11:00:00+00:00,0.03813615,0.150318316902875,0.03965301536625,0.306,0.464,6.294736858182904,6.2947369,4.1817096452234637e-08,0.0,0.0,0.15800000000000003,0.0,0.011875147035327127,1
2012-07-29 11:30:00+00:00,0.0374535,0.14953753425875002,0.0389432129625,0.304,1.605,6.294736858182904,6.2947369,4.1817096452234637e-08,0.0,0.0,1.301,0.0,0.09727416603531688,1
2012-07-29 12:00:00+00:00,0.0359898,0.1478634237245,0.037421294295000004,0.301,0.517,6.294736858182904,6.2947369,4.1817096452234637e-08,0.0,0.0,0.21600000000000003,0.0,0.015969249762246004,1
2012-07-29 12:30:00+00:00,0.0350796,0.146822380199,0.03647489109,0.086,0.176,6.294736858182904,6.2947369,4.1817096452234637e-08,0.0,0.0,0.09,0.0,0.006607007108955,1
2012-07-29 13:00:00+00:00,0.0352518,0.14701933437950002,0.036653940345,0.093,0.316,6.294736858182904,6.2947369,4.1817096452234637e-08,0.0,0.0,0.223,0.0,0.016392655783314253,1
2012-07-29 13:30:00+00:00,0.03449535,0.146154142800875,0.03586740254625,0.098,0.751,6.294736858182904,6.2947369,4.1817096452234637e-08,0.0,0.0,0.653,0.0,0.047719327624485684,1
2012-07-29 14:00:00+00:00,0.0344769,0.14613304056725002,0.035848218697499996,0.046,0.482,6.294736858182904,6.2947369,4.1817096452234637e-08,0.0,0.0,0.436,0.0,0.031857002843660505,1
2012-07-29 14:30:00+00:00,0.03444,0.14609083609999998,0.035809851,0.054,0.655,6.977500005682904,6.9775,0.6827631418170963,1.4373961,0.0,2.0383961000000004,0.0,0.1488954952759896,1
2012-07-29 15:00:00+00:00,0.03445845,0.146111938333625,0.035829034848750003,0.12,0.348,7.660263153182904,7.6602632,5.682903925219307e-09,1.4373961,0.0,1.6653960999999997,0.0,0.12166712613212978,1
2012-07-29 15:30:00+00:00,0.0346737,0.14635813105925,0.0360528464175,0.132,0.28,8.0,8.0,4.681709597775807e-08,0.71523547,0.0,0.86323547,0.0,0.06317076502662664,1
2012-07-29 16:00:00+00:00,0.03685695,0.148855228704875,0.03832293518625,0.07,0.325,8.0,8.0,0.0,0.0,0.0,0.255,0.0,0.018979041659871562,1
2012-07-29 16:30:00+00:00,0.04052235,0.153047539118375,0.04213412647125,0.002,0.263,8.0,8.0,0.0,0.0,0.0,0.261,0.0,0.019972703854947937,1
2012-07-29 17:00:00+00:00,0.0446736,0.157795541684,0.04645049244,0.001,0.866,8.0,8.0,0.0,0.0,0.0,0.865,0.0,0.06824657177833,1
2012-07-29 17:30:00+00:00,0.04028865,0.152780244159125,0.041891131053749996,0.0,0.379,8.0,8.0,0.0,0.0,0.0,0.379,0.0,0.028951856268154188,1
2012-07-29 18:00:00+00:00,0.06819735,0.18470088955587502,0.07090989959625,0.0,0.283,7.8510526315789475,7.8510526,0.14894739999999995,0.0,0.283,0.0,-0.0,0.0,1
2012-07-29 18:30:00+00:00,0.0773916,0.195216835979,0.08046985088999999,0.0,0.427,7.626315789473685,7.6263158,0.22473683157894708,0.0,0.427,0.0,-0.0,0.0,1
2012-07-29 19:00:00+00:00,0.07482705,0.192283625505125,0.07780329591375,0.0,0.374,7.429473684210527,7.4294737,0.19684208947368464,0.0,0.374,0.0,-0.0,0.0,1
2012-07-29 19:30:00+00:00,0.06155535,0.177104085450875,0.06400371404625,0.0,0.626,7.1000000000000005,7.1,0.3294736842105275,0.0,0.626,0.0,-0.0,0.0,1
2012-07-29 20:00:00+00:00,0.05044845,0.164400540808625,0.05245503709875,0.0,0.329,6.926842105263159,6.9268421,0.17315790000000053,0.0,0.329,0.0,-0.0,0.0,1
2012-07-29 20:30:00+00:00,0.05602035,0.170773415363375,0.05824855942124999,0.0,0.612,6.604736842105264,6.6047368,0.3221053052631584,0.0,0.612,0.0,-0.0,0.0,1
2012-07-29 21:00:00+00:00,0.04338825,0.15632541940812503,0.045114017643750004,0.0,0.318,6.437368421052632,6.4373684,0.16736844210526325,0.0,0.318,0.0,-0.0,0.0,1
2012-07-29 21:30:00+00:00,0.0393231,0.15167589393275002,0.0408871763025,0.0,0.598,6.122631578947369,6.1226316,0.314736821052632,0.0,0.598,0.0,-0.0,0.0,1
2012-07-29 22:00:00+00:00,0.03642645,0.148362843253625,0.03787531204875,0.0,0.23,6.001578947368422,6.0015789,0.12105267894736915,0.0,0.23,0.0,-0.0,0.0,1
2012-07-29 22:30:00+00:00,0.03573765,0.14757502653162502,0.037159115028749995,0.0,0.129,5.933684210526317,5.9336842,0.06789474736842216,0.0,0.129,0.0,-0.0,0.0,1
2012-07-29 23:00:00+00:00,0.0353625,0.14714594778125,0.036769043437499996,0.0,0.144,5.857894736842106,5.8578947,0.07578951052631666,0.0,0.144,0.0,-0.0,0.0,1
2012-07-29 23:30:00+00:00,0.0356577,0.14748358351925,0.0370759850175,0.0,0.176,5.765263157894738,5.7652632,0.09263153684210668,0.0,0.176,0.0,-0.0,0.0,1
2012-07-30 00:00:00+00:00,0.0341817,0.09629540482925002,0.035541277117500006,0.0,0.205,5.765263157894738,5.7652632,0.09263154210526192,0.0,0.0,0.205,0.0,0.009870278994998127,1
