Timestamp,Price_SMP,Buy_Rate_USD_kWh,Sell_Rate_USD_kWh,Solar_Gen,Consumption,SoC_kWh,SoC_Planned,SoC_Deviation,Charge_kW,Discharge_kW,Buy_kW,Sell_kW,Step_Cost_USD,Reoptimized
2012-06-30 00:30:00+00:00,0.019557,0.0795683676425,0.020334879675,0.0,0.107,4.943684210526316,4.9436842,0.0,0.0,0.107,0.0,-0.0,0.0,1
2012-06-30 01:00:00+00:00,0.0191019,0.07904784587975,0.0198616780725,0.0,0.158,4.860526315789474,4.8605263,0.14430491052631567,0.0,0.158,0.0,-0.0,0.0,1
2012-06-30 01:30:00+00:00,0.0182901,0.07811934760025001,0.0190175887275,0.0,0.087,4.814736842105264,4.8147368,0.1402223157894742,0.0,0.087,0.0,-0.0,0.0,1
2012-06-30 02:00:00+00:00,0.01545495,0.074876637699875,0.01606967063625,0.0,0.129,4.814736842105264,4.8147368,4.210526327597108e-08,0.0,0.0,0.129,0.0,0.004829543131641937,1
2012-06-30 02:30:00+00:00,0.0112791,0.07010049882275,0.011727726202499998,0.0,0.107,5.1499999978552635,5.15,0.3352631578947367,0.70581717,0.0,0.81281717,0.0,0.028489444534347996,1
2012-06-30 03:00:00+00:00,0.0105534,0.0692704776335,0.010973161484999997,0.0,0.201,5.862499997855263,5.8625,0.7125000021447363,1.5,0.0,1.701,0.0,0.05891454122729175,1
2012-06-30 03:30:00+00:00,0.01114995,0.069952783187375,0.01159343926125,0.0,0.145,6.574999997855263,6.575,0.7125000021447372,1.5,0.0,1.645,0.0,0.05753616417161593,1
2012-06-30 04:00:00+00:00,0.01064565,0.06937598880162502,0.011069080728749998,0.0,0.101,7.287499997855264,7.2875,0.7125000021447363,1.5,0.0,1.601,0.0,0.05553547903570082,1
2012-06-30 04:30:00+00:00,0.0095325,0.06810282070625,0.009911655187499998,0.0,0.157,7.999999997855264,8.0,0.7125000021447363,1.5,0.0,1.657,0.0,0.05642318695512812,1
2012-06-30 05:00:00+00:00,0.0081918,0.29646939172950004,0.008517628845,0.0,0.076,7.959999997855264,7.96,0.15499289785526393,0.0,0.076,0.0,-0.0,0.0,1
2012-06-30 05:30:00+00:00,0.0119925,0.30081645185625006,0.012469501687499999,0.0,0.151,7.880526313644737,7.8805263,0.18365799785526438,0.0,0.151,0.0,-0.0,0.0,1
2012-06-30 06:00:00+00:00,0.01367145,0.3027367551161251,0.01421523192375,0.0,0.089,7.833684208381579,7.8336842,0.21783731364473713,0.0,0.089,0.0,-0.0,0.0,1
2012-06-30 06:30:00+00:00,0.01389285,0.302989981919625,0.01444543810875,0.0,1.024,7.294736839960526,7.2947368,0.24773020838157933,0.0,1.024,0.0,-0.0,0.0,1
2012-06-30 07:00:00+00:00,0.0148953,0.30413653661325,0.015487760557499999,0.0,1.514,6.50526315575,6.5052632,0.27248583996052655,0.0,1.5,0.014000000000000012,0.0,0.002128955756292752,1
2012-06-30 07:30:00+00:00,0.0171954,0.30676728173850004,0.017879347034999996,0.056,1.568,5.715789471539473,5.7157895,0.2884872557499998,0.0,1.5,0.01200000000000001,0.0,0.001840603690431002,1
2012-06-30 08:00:00+00:00,0.018204,0.30792087051,0.0189280641,0.206,1.376,5.099999997855263,5.1,0.2936867715394733,0.0,1.17,0.0,-0.0,0.0,1
2012-06-30 08:30:00+00:00,0.0197415,0.30967938997875005,0.0205267181625,0.313,0.676,4.9089473662763154,4.9089474,0.28804539785526284,0.0,0.363,5.551115123125783e-17,0.0,8.595329725157032e-18,1
2012-06-30 09:00:00+00:00,0.0208485,0.31094552399625003,0.021677749087499996,0.381,0.858,4.6578947346973685,4.6578947,0.2735038662763154,0.0,0.477,0.0,-0.0,0.0,1
2012-06-30 09:30:00+00:00,0.0212544,0.31140977313600005,0.022099793759999996,0.431,0.52,4.6110526294342105,4.6110526,0.25349943469736846,0.0,0.089,2.7755575615628914e-17,0.0,4.321678752861047e-18,1
2012-06-30 10:00:00+00:00,0.0207747,0.31086111506175,0.021601013692499997,0.469,0.839,4.416315787328947,4.4163158,0.2321543294342101,0.0,0.37,0.0,-0.0,0.0,1
2012-06-30 10:30:00+00:00,0.0196431,0.30956684473275003,0.0204244043025,0.488,0.24,4.534115787328947,4.5341158,0.21334848732894685,0.248,0.0,0.0,-0.0,0.0,1
2012-06-30 11:00:00+00:00,0.0194463,0.12894175424075,0.020219776582499998,0.5,0.25,4.652865787328947,4.6528658,1.2671053539747845e-08,0.25,0.0,0.0,-0.0,0.0,1
2012-06-30 11:30:00+00:00,0.02021505,0.129821013975125,0.02101910361375,0.494,1.497,4.652865787328947,4.6528658,1.2671052651569426e-08,0.0,0.0,1.0030000000000001,0.0,0.06510523850852519,1
2012-06-30 12:00:00+00:00,0.0196677,0.12919498104425,0.0204499827675,0.475,0.678,4.652865787328947,4.6528658,1.2671052651569426e-08,0.0,0.0,0.20300000000000007,0.0,0.013113290575991381,1
2012-06-30 12:30:00+00:00,0.0190404,0.12847750510099998,0.019797731909999998,0.444,0.292,4.725065787328947,4.7250658,1.2671052651569426e-08,0.152,0.0,0.0,5.551115123125783e-17,-5.494974450459544e-19,1
2012-06-30 13:00:00+00:00,0.0184746,0.12783036993650002,0.019209427214999998,0.406,0.263,4.792990787328947,4.7929908,1.2671053539747845e-08,0.143,0.0,0.0,-0.0,0.0,1
2012-06-30 13:30:00+00:00,0.01866525,0.128048426350625,0.01940766031875,0.3,0.325,4.792990787328947,4.7929908,1.2671053539747845e-08,0.0,0.0,0.025000000000000022,0.0,0.001600605329382814,1
2012-06-30 14:00:00+00:00,0.0198645,0.12942007153625001,0.0206546104875,0.206,0.888,4.792990787328947,4.7929908,1.2671053539747845e-08,0.0,0.0,0.682,0.0,0.04413224439386126,1
2012-06-30 14:30:00+00:00,0.0195201,0.12902616317525,0.020296511977499997,0.181,0.629,4.792990787328947,4.7929908,1.2671053539747845e-08,0.0,0.0,0.448,0.0,0.028901860551256004,1
2012-06-30 15:00:00+00:00,0.0200367,0.12961702571675,0.0208336597425,0.088,0.64,4.792990787328947,4.7929908,1.2671053539747845e-08,0.0,0.0,0.552,0.0,0.035774299097823,1
2012-06-30 15:30:00+00:00,0.0200121,0.12958888940525,0.0208080812775,0.069,0.619,4.792990787328947,4.7929908,1.2671053539747845e-08,0.0,0.0,0.55,0.0,0.03563694458644376,1
2012-06-30 16:00:00+00:00,0.0202212,0.129828048053,0.021025498230000002,0.056,0.66,4.792990787328947,4.7929908,1.2671053539747845e-08,0.0,0.0,0.604,0.0,0.039208070512006,1
2012-06-30 16:30:00+00:00,0.02293335,0.13293007639587498,0.02384552399625,0.013,0.613,4.792990787328947,4.7929908,1.2671053539747845e-08,0.0,0.0,0.6,0.0,0.03987902291876249,1
2012-06-30 17:00:00+00:00,0.02726295,0.137882067219875,0.02834733383625,0.0,0.689,4.430359208381578,4.4303592,0.3022615873289469,0.0,0.689,0.0,-0.0,0.0,1
2012-06-30 17:30:00+00:00,0.02936625,0.140287721853125,0.030534292593749998,0.0,0.729,4.046674997855262,4.046675,0.33033090838157797,0.0,0.729,0.0,-0.0,0.0,1
2012-06-30 18:00:00+00:00,0.0328164,0.144233839541,0.03412167231,0.0,0.568,3.747727629434209,3.7477276,0.35825689785526205,0.0,0.568,0.0,-0.0,0.0,1
2012-06-30 18:30:00+00:00,0.0324105,0.14376959040124998,0.0336996276375,0.0,0.499,3.4850960504868405,3.4850961,0.3819375294342091,0.0,0.499,0.0,-0.0,0.0,1
2012-06-30 19:00:00+00:00,0.0291879,0.14008373359475002,0.030348848722499995,0.0,0.566,3.187201313644735,3.1872013,0.3973426504868405,0.0,0.566,0.0,-0.0,0.0,1
2012-06-30 19:30:00+00:00,0.0254979,0.13586328686975,0.0265120789725,0.0,0.584,2.8798328925921033,2.8798329,0.4008449136447352,0.0,0.584,0.0,-0.0,0.0,1
2012-06-30 20:00:00+00:00,0.0254241,0.13577887793525,0.0264353435775,0.0,0.63,2.631178408381577,2.6311784,0.24865449259210326,0.0,0.47244352,0.15755648,0.0,0.010696421032913829,1
2012-06-30 20:30:00+00:00,0.0259284,0.136355672321,0.02695970211,0.0,0.663,2.282231039960524,2.282231,0.37235400838157684,0.0,0.663,0.0,-0.0,0.0,1
2012-06-30 21:00:00+00:00,0.0259284,0.136355672321,0.02695970211,0.0,0.647,1.9417047241710503,1.9417047,0.34258583996052416,0.0,0.647,0.0,-0.0,0.0,1
2012-06-30 21:30:00+00:00,0.02373285,0.133844506519625,0.02467682410875,0.0,0.68,1.9162386183815767,1.9162386,0.02546612417105032,0.0,0.048385601,0.631614399,0.0,0.04226905877242227,1
2012-06-30 22:00:00+00:00,0.0270354,0.13762180633850002,0.028110733035,0.0,0.632,1.644357302592103,1.6443573,0.2718813183815767,0.0,0.5165745,0.11542549999999996,0.0,0.007942532903762263,1
2012-06-30 22:30:00+00:00,0.0303318,0.1413920720795,0.031538247345,0.0,0.617,1.3196204604868398,1.3196205,0.23954630259210297,0.0,0.617,0.0,-0.0,0.0,1
2012-06-30 23:00:00+00:00,0.02718915,0.137797658285375,0.028270598441249996,0.0,0.198,1.2154099341710503,1.2154099,0.12720706048683983,0.0,0.198,0.0,-0.0,0.0,1
2012-06-30 23:30:00+00:00,0.02936625,0.140287721853125,0.030534292593749998,0.0,0.126,1.149094144697366,1.1490941,0.19241333417105033,0.0,0.126,0.0,-0.0,0.0,1
2012-07-01 00:00:00+00:00,0.03199845,0.093798307183625,0.03327118834875,0.0,0.089,1.8615941446973658,1.8615941,0.7124999553026341,1.5,0.0,1.589,0.0,0.07452275505739006,1
2012-07-01 00:30:00+00:00,0.0350796,0.09732238019900001,0.03647489109,0.0,0.132,2.3000000021973657,2.3,0.438405855302634,0.9229597,0.0,1.0549597,0.0,0.05133559450901149,1
2012-07-01 01:00:00+00:00,0.03301935,0.09496596411087499,0.034332694646249995,0.0,0.121,3.0125000021973656,3.0125,0.7124999978026345,1.5,0.0,1.621,0.0,0.07696991391186418,1
2012-07-01 01:30:00+00:00,0.0319431,0.09373500048275,0.0332136368025,0.0,0.095,3.7250000021973655,3.725,0.7124999978026345,1.5,0.0,1.595,0.0,0.07475366288499313,1
2012-07-01 02:00:00+00:00,0.03205995,0.093868647962375,0.03333513451124999,0.0,0.189,4.437500002197366,4.4375,0.7124999978026345,1.5,0.0,1.689,0.0,0.07927207320422569,1
2012-07-01 02:30:00+00:00,0.0291756,0.09056966543900001,0.030336059489999997,0.0,0.151,5.150000002197366,5.15,0.7124999978026345,1.5,0.0,1.651,0.0,0.07476525881989451,1
2012-07-01 03:00:00+00:00,0.02827155,0.089535655991375,0.029396050901249995,0.0,0.151,5.8625000021973666,5.8625,0.7124999978026336,1.5,0.0,1.651,0.0,0.07391168402088007,1
2012-07-01 03:30:00+00:00,0.02577465,0.086679820374125,0.026799836703749996,0.0,0.082,6.575000002197367,6.575,0.7124999978026336,1.5,0.0,1.582,0.0,0.06856373791593288,1
2012-07-01 04:00:00+00:00,0.0211683,0.08141129604575001,0.0220102691325,0.0,0.139,7.287500002197367,7.2875,0.7124999978026327,1.5,0.0,1.639,0.0,0.06671655710949213,1
2012-07-01 04:30:00+00:00,0.02878815,0.090126518532875,0.029933198666249994,0.0,0.095,8.0,8.0,0.7124999978026327,1.5,0.0,1.595,0.0,0.07187589852996781,1
2012-07-01 05:00:00+00:00,0.03078075,0.322305559764375,0.03200505433125,0.0,0.151,7.920526315789473,7.9205263,0.17646240000000013,0.0,0.151,0.0,-0.0,0.0,1
2012-07-01 05:30:00+00:00,0.03236745,0.32412035185612503,0.03365486532375,0.0,0.062,7.887894736842105,7.8878947,0.20458491578947324,0.0,0.062,0.0,-0.0,0.0,1
2012-07-01 06:00:00+00:00,0.03164175,0.323290330666875,0.03290030060625,0.0,0.151,7.808421052631578,7.8084211,0.23819763684210482,0.0,0.151,0.0,-0.0,0.0,1
2012-07-01 06:30:00+00:00,0.0311559,0.32273463851475004,0.0323951259225,0.0,0.076,7.768421052631578,7.7684211,0.2675415526315783,0.0,0.076,0.0,-0.0,0.0,1
2012-07-01 07:00:00+00:00,0.03225675,0.323993738454375,0.03353976223125,0.0,0.144,7.692631578947368,7.6926316,0.29174405263157865,0.0,0.144,0.0,-0.0,0.0,1
2012-07-01 07:30:00+00:00,0.0322875,0.3240289088437501,0.033571735312499996,0.0,1.165,7.079473684210526,7.0794737,0.30718567894736815,0.0,1.165,0.0,-0.0,0.0,1
2012-07-01 08:00:00+00:00,0.0338496,0.325815564624,0.03519596784,0.006,1.274,6.412105263157894,6.4121053,0.3118129842105253,0.0,1.268,0.0,-0.0,0.0,1
2012-07-01 08:30:00+00:00,0.033948,0.32592810987000004,0.035298281699999996,0.025,1.211,5.787894736842104,5.7878947,0.3055788631578942,0.0,1.186,2.220446049250313e-16,0.0,3.618528919502318e-17,1
2012-07-01 09:00:00+00:00,0.03614355,0.328439275671375,0.03758115970125,0.056,1.311,5.127368421052631,5.1273684,0.2904156368421047,0.0,1.255,0.0,-0.0,0.0,1
2012-07-01 09:30:00+00:00,0.03720135,0.329649137065875,0.03868103369625,0.1,1.173,4.562631578947368,4.5626316,0.26975282105263076,0.0,1.073,0.0,-0.0,0.0,1
2012-07-01 10:00:00+00:00,0.037146,0.32958583036500005,0.03862348214999999,0.238,1.099,4.109473684210526,4.1094737,0.24770677894736792,0.0,0.861,0.0,-0.0,0.0,1
2012-07-01 10:30:00+00:00,0.0373059,0.32976871638975,0.0387897421725,0.2,1.131,3.6194736842105257,3.6194737,0.22815458421052615,0.0,0.931,0.0,-0.0,0.0,1
2012-07-01 11:00:00+00:00,0.0351903,0.14694899360074998,0.036589994182499995,0.206,1.173,3.6194736842105257,3.6194737,1.5789474172578366e-08,0.0,0.0,0.9670000000000001,0.0,0.07104983840596261,1
2012-07-01 11:30:00+00:00,0.0360759,0.14796190081475,0.037510818922499994,0.244,0.705,3.6194736842105257,3.6194737,1.5789474172578366e-08,0.0,0.0,0.46099999999999997,0.0,0.03410521813779987,1
2012-07-01 12:00:00+00:00,0.036285,0.1482010594625,0.037728235874999995,0.306,1.705,3.6194736842105257,3.6194737,1.5789474172578366e-08,0.0,0.0,1.399,0.0,0.10366664109401875,1
2012-07-01 12:30:00+00:00,0.0356577,0.14748358351925,0.0370759850175,0.325,1.042,3.6194736842105257,3.6194737,1.5789474172578366e-08,0.0,0.0,0.7170000000000001,0.0,0.05287286469165113,1
2012-07-01 13:00:00+00:00,0.0360882,0.14797596897049997,0.03752360815499999,0.156,0.736,3.6194736842105257,3.6194737,1.5789474172578366e-08,0.0,0.0,0.58,0.0,0.04291303100144499,1
2012-07-01 13:30:00+00:00,0.03589755,0.14775791255637502,0.03732537505125,0.263,1.355,3.6194736842105257,3.6194737,1.5789474172578366e-08,0.0,0.0,1.092,0.0,0.08067582025578077,1
2012-07-01 14:00:00+00:00,0.0355224,0.147328833806,0.03693530346,0.25,0.958,3.6194736842105257,3.6194737,1.5789474172578366e-08,0.0,0.0,0.708,0.0,0.052154407167324,1
2012-07-01 14:30:00+00:00,0.0350427,0.14678017573175,0.0364365233925,0.106,1.05,3.6194736842105257,3.6194737,1.5789474172578366e-08,0.0,0.0,0.9440000000000001,0.0,0.06928024294538601,1
2012-07-01 15:00:00+00:00,0.0361866,0.1480885142165,0.03762592201499999,0.094,0.651,3.6194736842105257,3.6194737,1.5789474172578366e-08,0.0,0.0,0.557,0.0,0.04124265120929525,1
2012-07-01 15:30:00+00:00,0.0343047,0.14593608638674999,0.035669169442499996,0.025,0.614,3.6194736842105257,3.6194737,1.5789474172578366e-08,0.0,0.0,0.589,0.0,0.042978177440897866,1
2012-07-01 16:00:00+00:00,0.03511035,0.146857550588375,0.03650686417124999,0.013,0.656,3.6194736842105257,3.6194737,1.5789474172578366e-08,0.0,0.0,0.643,0.0,0.047214702514162564,1
2012-07-01 16:30:00+00:00,0.0376134,0.1497204202835,0.039109472985,0.0,0.648,3.6194736842105257,3.6194737,1.5789474172578366e-08,0.0,0.0,0.648,0.0,0.048509416171854,1
2012-07-01 17:00:00+00:00,0.04039935,0.152906857560875,0.042006234146249995,0.0,0.816,3.1899999999999995,3.19,0.30445058421052584,0.0,0.816,0.0,-0.0,0.0,1
2012-07-01 17:30:00+00:00,0.04091595,0.153497720102375,0.04254338191124999,0.0,1.104,2.7648403684210523,2.7648404,0.3314889999999995,0.0,0.8078033,0.2961967000000001,0.0,0.022732759075923575,1
2012-07-01 18:00:00+00:00,0.04894785,0.16268422580712502,0.050894750733749994,0.0,0.891,2.2958929999999995,2.295893,0.3584074684210523,0.0,0.891,0.0,-0.0,0.0,1
2012-07-01 18:30:00+00:00,0.04686915,0.16030670748537498,0.04873337044124999,0.0,0.835,1.8564193157894733,1.8564193,0.38110759999999955,0.0,0.835,0.0,-0.0,0.0,1
2012-07-01 19:00:00+00:00,0.0437142,0.1566982255355,0.045452932305,0.0,0.91,1.3774719473684205,1.3774719,0.3955598157894733,0.0,0.91,0.0,-0.0,0.0,1
2012-07-01 19:30:00+00:00,0.0425457,0.15536175073925,0.04423795521749999,0.0,0.872,1.0,1.0,0.3774719473684205,0.0,0.7171967,0.15480329999999998,0.0,0.012025255854106668,1
2012-07-01 20:00:00+00:00,0.04017795,0.152653630757375,0.04177602796124999,0.0,0.899,1.0,1.0,0.0,0.0,0.0,0.899,0.0,0.06861780702544007,1
2012-07-01 20:30:00+00:00,0.03956295,0.151950222969875,0.04113656633625,0.0,0.927,1.0,1.0,0.0,0.0,0.0,0.927,0.0,0.07042892834653706,1
2012-07-01 21:00:00+00:00,0.0385974,0.1508458727435,0.040132611585,0.0,1.001,1.0,1.0,0.0,0.0,0.0,1.001,0.0,0.07549835930812174,1
2012-07-01 21:30:00+00:00,0.03905865,0.151373428584125,0.04061220780375,0.0,1.059,1.0,1.0,0.0,0.0,0.0,1.059,0.0,0.08015223043529418,1
2012-07-01 22:00:00+00:00,0.0388311,0.15111316770275,0.040375607002499994,0.0,1.048,1.0,1.0,0.0,0.0,0.0,1.048,0.0,0.079183299876241,1
2012-07-01 22:30:00+00:00,0.0409467,0.15353289049175,0.0425753549925,0.0,1.009,1.0,1.0,0.0,0.0,0.0,1.009,0.0,0.07745734325308787,1
2012-07-01 23:00:00+00:00,0.0375396,0.14963601134899998,0.03903273759,0.0,0.827,1.0,1.0,0.0,0.0,0.0,0.827,0.0,0.061874490692811486,1
2012-07-01 23:30:00+00:00,0.03880035,0.15107799731337498,0.04034363392125,0.0,0.162,1.0,1.0,0.0,0.0,0.0,0.162,0.0,0.012237317782383374,1
2012-07-02 00:00:00+00:00,0.037515,0.10010787503749999,0.039007159124999996,0.0,0.078,1.5874999975000001,1.5875,0.5874999999999999,1.2368421,0.0,1.3148421000000001,0.0,0.06581302432042203,1
2012-07-02 00:30:00+00:00,0.03439695,0.096541597554875,0.03576508868625,0.0,0.122,2.2999999975,2.3,0.7125000024999997,1.5,0.0,1.6219999999999999,0.0,0.07829523561700362,1
2012-07-02 01:00:00+00:00,0.03362205,0.09565530374262503,0.03495936703875,0.0,0.098,3.0124999975,3.0125,0.7125000025000001,1.5,0.0,1.598,0.0,0.0764285876903574,1
2012-07-02 01:30:00+00:00,0.03406485,0.09616175734962502,0.03541977940875,0.0,0.141,3.7249999975,3.725,0.7125000025000001,1.5,0.0,1.641,0.0,0.07890072190536733,1
2012-07-02 02:00:00+00:00,0.0337266,0.09577488306650002,0.035068075515,0.0,0.078,4.4374999975,4.4375,0.7125000025000001,1.5,0.0,1.578,0.0,0.07556638273946852,1
2012-07-02 02:30:00+00:00,0.03308085,0.09503630488962501,0.03439664080875,0.0,0.128,5.1499999975,5.15,0.7125000025000006,1.5,0.0,1.6280000000000001,0.0,0.07735955218015476,1
2012-07-02 03:00:00+00:00,0.0331239,0.09508554343475002,0.0344414031225,0.0,0.102,5.8624999975000005,5.8625,0.7125000024999997,1.5,0.0,1.602,0.0,0.07616352029123477,1
2012-07-02 03:30:00+00:00,0.0331485,0.09511367974625,0.034466981587499994,0.0,0.129,6.574999997500001,6.575,0.7125000024999997,1.5,0.0,1.629,0.0,0.07747009215332062,1
2012-07-02 04:00:00+00:00,0.03313005,0.09509257751262501,0.034447797738749994,0.0,0.086,7.287499997500001,7.2875,0.7125000024999988,1.5,0.0,1.586,0.0,0.07540841396751163,1
2012-07-02 04:30:00+00:00,0.0331485,0.09511367974625,0.034466981587499994,0.0,0.11,7.999999997500002,8.0,0.7125000024999988,1.5,0.0,1.61,0.0,0.07656651219573125,1
2012-07-02 05:00:00+00:00,0.03326535,0.325147327225875,0.034588479296249995,0.0,0.122,7.935789471184212,7.9357895,0.1601868975000018,0.0,0.122,0.0,-0.0,0.0,1
2012-07-02 05:30:00+00:00,0.0354117,0.32760222040425,0.03682020036749999,0.0,0.097,7.884736839605265,7.8847368,0.1878872711842119,0.0,0.097,0.0,-0.0,0.0,1
2012-07-02 06:00:00+00:00,0.03721365,0.32966320522162507,0.03869382292875,0.0,0.128,7.817368418552633,7.8173684,0.22112263960526501,0.0,0.128,0.0,-0.0,0.0,1
2012-07-02 06:30:00+00:00,0.04154325,0.334615196045625,0.04319563276874999,0.0,0.996,7.293157892236843,7.2931579,0.2501749185526325,0.0,0.996,0.0,-0.0,0.0,1
2012-07-02 07:00:00+00:00,0.04940295,0.3436047475698751,0.051367952336249995,0.0,1.086,6.721578944868423,6.7215789,0.2741489922368432,0.0,1.086,0.0,-0.0,0.0,1
2012-07-02 07:30:00+00:00,0.04357275,0.33693644174437504,0.04530585613125,0.063,1.269,6.08684210276316,6.0868421,0.2894220448684228,0.0,1.206,0.0,-0.0,0.0,1
2012-07-02 08:00:00+00:00,0.05431065,0.34921794171412507,0.056470856103749995,0.213,1.348,5.489473681710528,5.4894737,0.2939340027631596,0.0,1.135,0.0,-0.0,0.0,1
2012-07-02 08:30:00+00:00,0.0599625,0.35568225928125,0.0623475084375,0.313,1.223,5.010526313289476,5.0105263,0.2876284817105281,0.0,0.91,1.1102230246251565e-16,0.0,1.9744331685236928e-17,1
2012-07-02 09:00:00+00:00,0.05511015,0.35013237183787504,0.05730215621625,0.394,1.112,4.632631576447371,4.6326316,0.27242811328947614,0.0,0.718,1.1102230246251565e-16,0.0,1.943625104405128e-17,1
2012-07-02 09:30:00+00:00,0.0512418,0.3457079368545001,0.05327994259499999,0.45,1.407,4.1289473659210545,4.1289474,0.2517529764473707,0.0,0.957,1.1102230246251565e-16,0.0,1.9190645564576285e-17,1
2012-07-02 10:00:00+00:00,0.0551163,0.35013940591575,0.05730855083249999,0.488,1.115,3.7989473659210544,3.7989474,0.22971246592105432,0.0,0.627,0.0,-0.0,0.0,1
2012-07-02 10:30:00+00:00,0.0485481,0.34262701074525004,0.05047910067749999,0.506,1.214,3.426315786973686,3.4263158,0.2101788659210544,0.0,0.708,0.0,-0.0,0.0,1
2012-07-02 11:00:00+00:00,0.04616805,0.15950482260762502,0.04800438418875,0.519,1.821,3.426315786973686,3.4263158,1.3026313805397649e-08,0.0,0.0,1.302,0.0,0.10383763951756389,1
2012-07-02 11:30:00+00:00,0.05245335,0.16669365019587498,0.05453968199625,0.506,1.231,3.426315786973686,3.4263158,1.3026313805397649e-08,0.0,0.0,0.7250000000000001,0.0,0.060426448196004685,1
2012-07-02 12:00:00+00:00,0.0549687,0.16957058804675,0.057155080042499994,0.463,1.368,3.426315786973686,3.4263158,1.3026313805397649e-08,0.0,0.0,0.905,0.0,0.07673069109115437,1
2012-07-02 12:30:00+00:00,-0.0364572,0.065001986357,-0.03790728513,0.419,0.367,4.1388157869736855,4.1388158,0.7125000130263137,1.5,0.0,1.448,0.0,0.047061438122468,1
2012-07-02 13:00:00+00:00,0.04337595,0.15631135125237502,0.04510122841125,0.35,0.218,4.851315786973686,4.8513158,0.7125000130263146,1.5,0.0,1.3679999999999999,0.0,0.1069169642566245,1
2012-07-02 13:30:00+00:00,0.05314215,0.167481466917875,0.055255879016249995,0.169,0.362,4.851315786973686,4.8513158,1.3026314249486859e-08,0.0,0.0,0.19299999999999998,0.0,0.016161961557574937,1
2012-07-02 14:00:00+00:00,0.04459365,0.157704098671625,0.046367362428749996,0.15,0.292,5.525786099473686,5.5257861,0.6744703130263145,1.4199375,0.0,1.5619375000000002,0.0,0.12316197280945565,1
2012-07-02 14:30:00+00:00,0.0519921,0.16616609435525,0.054060085777499996,0.181,0.405,5.525786099473686,5.5257861,5.263141034106411e-10,0.0,0.0,0.22400000000000003,0.0,0.018610602567788005,1
2012-07-02 15:00:00+00:00,0.0559281,0.17066790419525002,0.0581526401775,0.106,0.329,5.525786099473686,5.5257861,5.263141034106411e-10,0.0,0.0,0.22300000000000003,0.0,0.01902947131777038,1
2012-07-02 15:30:00+00:00,0.0566907,0.17154012985175,0.05894557259249999,0.075,0.531,5.525786099473686,5.5257861,5.263141034106411e-10,0.0,0.0,0.456,0.0,0.039111149606199,1
2012-07-02 16:00:00+00:00,0.0589047,0.17407239788675,0.0612476344425,0.019,1.428,5.525786076164191,5.5257861,5.263141034106411e-10,0.0,4.4288042e-08,1.4089999557119581,0.0,0.12263400045655255,1
2012-07-02 16:30:00+00:00,0.06386775,0.179748898731875,0.06640808975625,0.0,1.075,5.261752865637875,5.2617529,0.2640331761641903,0.0,0.5016631,0.5733368999999999,0.0,0.05152833818867356,1
2012-07-02 17:00:00+00:00,0.06529455,0.181380804798875,0.06789164072625001,0.0,0.945,4.973588660374717,4.9735887,0.28816416563787506,0.0,0.54751199,0.39748801,0.0,0.03604834757585164,1
2012-07-02 17:30:00+00:00,0.10175175,0.223078818441875,0.10579892585624999,0.0,1.182,4.351483397216822,4.3514834,0.31552046037471726,0.0,1.182,0.0,-0.0,0.0,1
2012-07-02 18:00:00+00:00,0.1472556,0.275123960639,0.15311269148999998,0.0,1.134,3.7546412919536643,3.7546413,0.342802097216822,0.0,1.134,0.0,-0.0,0.0,1
2012-07-02 18:30:00+00:00,0.14934045,0.27750851303862506,0.15528046639874998,0.0,1.08,3.1862202393220853,3.1862202,0.3659107919536644,0.0,1.08,0.0,-0.0,0.0,1
2012-07-02 19:00:00+00:00,0.14467875,0.272176682009375,0.15043334728125,0.0,1.227,2.5404307656378746,2.5404308,0.38081493932208543,0.0,1.227,0.0,-0.0,0.0,1
2012-07-02 19:30:00+00:00,0.08417505,0.202975423875125,0.08752311261375,0.0,1.556,1.7509570814273483,1.7509571,0.38388796563787464,0.0,1.5,0.05600000000000005,0.0,0.005683311868503505,1
2012-07-02 20:00:00+00:00,0.07554045,0.193099578538625,0.07854507139874999,0.0,1.614,1.7509570814273483,1.7509571,1.857265163884847e-08,0.0,0.0,1.614,0.0,0.15583135988067037,1
2012-07-02 20:30:00+00:00,0.13397775,0.259937386506875,0.13930671500624997,0.0,1.106,1.1688518182694536,1.1688518,0.35466478142734825,0.0,1.106,0.0,-0.0,0.0,1
2012-07-02 21:00:00+00:00,0.07683195,0.19457673489237498,0.07988794081124999,0.0,1.113,1.1688518182694536,1.1688518,1.8269453505581623e-08,0.0,0.0,1.113,0.0,0.10828195296760668,1
2012-07-02 21:30:00+00:00,0.0691629,0.18580523978225,0.0719138543475,0.0,1.207,1.2207664302694536,1.2207664,0.051914581730546416,0.10929392,0.0,1.3162939200000001,0.0,0.12228715371475891,1
2012-07-02 22:00:00+00:00,0.06993165,0.186684499516625,0.07271318137874999,0.0,1.13,1.2207664302694536,1.2207664,3.0269453610287655e-08,0.0,0.0,1.13,0.0,0.10547674222689311,1
2012-07-02 22:30:00+00:00,0.13854105,0.26515667229012496,0.14405152026374998,0.0,0.225,1.1023453776378747,1.1023454,0.22076643026945364,0.0,0.225,0.0,-0.0,0.0,1
2012-07-02 23:00:00+00:00,0.0775515,0.19539972200375,0.08063611091249999,0.0,0.159,1.0186611671115589,1.0186612,0.10234537763787466,0.0,0.159,0.0,-0.0,0.0,1
2012-07-02 23:30:00+00:00,0.06964875,0.18636093193437497,0.07241902903124998,0.0,0.085,1.0,1.0,0.018661167111558852,0.0,0.035456218,0.04954378200000001,0.0,0.004616512692536757,1
2012-07-03 00:00:00+00:00,0.05408925,0.119064714910625,0.056240649918749996,0.0,0.122,1.7125,1.7125,0.7124999999999999,1.5,0.0,1.6219999999999999,0.0,0.09656148379251686,1
2012-07-03 00:30:00+00:00,0.05709045,0.12249734491362502,0.059361222648749996,0.0,0.091,2.425,2.425,0.7124999999999999,1.5,0.0,1.591,0.0,0.0974466378787887,1
2012-07-03 01:00:00+00:00,0.06643845,0.133189143283625,0.06908103934874998,0.0,0.135,3.0124999975,3.0125,0.5875000000000004,1.2368421,0.0,1.3718421,0.0,0.09135723700970451,1
2012-07-03 01:30:00+00:00,0.06637695,0.133118802504875,0.06901709318625,0.0,0.079,3.7249999975,3.725,0.7125000025000001,1.5,0.0,1.579,0.0,0.10509729457759882,1
2012-07-03 02:00:00+00:00,0.06015315,0.126000315695375,0.06254574154124999,0.0,0.16,4.4374999975,4.4375,0.7125000025000001,1.5,0.0,1.66,0.0,0.10458026202716125,1
2012-07-03 02:30:00+00:00,0.0517461,0.11638473124025,0.0538043011275,0.0,0.177,5.1499999975,5.15,0.7125000025000006,1.5,0.0,1.677,0.0,0.09758859714494963,1
2012-07-03 03:00:00+00:00,0.04996875,0.11435188273437501,0.051956257031249994,0.0,0.098,5.8624999975000005,5.8625,0.7125000024999997,1.5,0.0,1.598,0.0,0.09136715430476564,1
2012-07-03 03:30:00+00:00,0.0471213,0.11109510467825,0.048995549707499995,0.0,0.118,6.574999997500001,6.575,0.7125000024999997,1.5,0.0,1.6179999999999999,0.0,0.08987593968470424,1
2012-07-03 04:00:00+00:00,0.0444522,0.10804231488049999,0.04622028625499999,0.0,0.093,7.287499997500001,7.2875,0.7125000024999988,1.5,0.0,1.593,0.0,0.08605570380231824,1
2012-07-03 04:30:00+00:00,0.03800085,0.10066356718962502,0.03951233380875,0.0,0.118,7.999999997500002,8.0,0.7125000024999988,1.5,0.0,1.6179999999999999,0.0,0.08143682585640663,1
2012-07-03 05:00:00+00:00,0.0400857,0.33294811958925,0.0416801087175,0.0,0.098,7.94842105013158,7.9484211,0.15785349750000144,0.0,0.098,0.0,-0.0,0.0,1
2012-07-03 05:30:00+00:00,0.04244115,0.33564217141537506,0.044129246741249996,0.0,0.142,7.873684208026317,7.8736842,0.1862128501315805,0.0,0.142,0.0,-0.0,0.0,1
2012-07-03 06:00:00+00:00,0.0469614,0.34081221865350003,0.04882928968499999,0.0,0.098,7.822105260657896,7.8221053,0.22011030802631737,0.0,0.098,0.0,-0.0,0.0,1
2012-07-03 06:30:00+00:00,0.05444595,0.34937269142737504,0.056611537661249996,0.0,0.564,7.525263155394738,7.5252632,0.2498673606578956,0.0,0.564,0.0,-0.0,0.0,1
2012-07-03 07:00:00+00:00,0.05514705,0.35017457630512505,0.057340523913750004,0.0,1.135,6.9278947343421065,6.9278947,0.274564555394738,0.0,1.135,0.0,-0.0,0.0,1
2012-07-03 07:30:00+00:00,0.04983345,0.34409713302112505,0.05181557547374999,0.05,1.067,6.39263157644737,6.3926316,0.2905746343421063,0.0,1.017,0.0,-0.0,0.0,1
2012-07-03 08:00:00+00:00,0.05495025,0.349949485813125,0.057135896193749994,0.2,1.261,5.83421052381579,5.8342105,0.29582917644736995,0.0,1.061,0.0,-0.0,0.0,1
2012-07-03 08:30:00+00:00,0.0611556,0.357046870389,0.06358806399,0.313,1.192,5.371578944868422,5.3715789,0.2902617238157905,0.0,0.879,0.0,-0.0,0.0,1
2012-07-03 09:00:00+00:00,0.0548211,0.34980177017775,0.05700160925249999,0.388,1.355,4.862631576447369,4.8626316,0.275783844868422,0.0,0.967,0.0,-0.0,0.0,1
2012-07-03 09:30:00+00:00,0.05316675,0.3479096032293751,0.05528145748125,0.444,1.143,4.494736839605264,4.4947368,0.25580567644736973,0.0,0.699,1.1102230246251565e-16,0.0,1.9312862599672747e-17,1
2012-07-03 10:00:00+00:00,0.05043,0.34477943857500004,0.05243585325,0.488,1.193,4.123684208026317,4.1236842,0.2344283396052642,0.0,0.705,1.1102230246251565e-16,0.0,1.9139103556164996e-17,1
2012-07-03 10:30:00+00:00,0.04451985,0.338019689737125,0.04629062703375,0.5,1.13,3.792105260657896,3.7921053,0.21551900802631696,0.0,0.63,0.0,1.1102230246251565e-16,-2.569645997860248e-18,1
2012-07-03 11:00:00+00:00,0.044772,0.15790808693000002,0.0465528063,0.513,1.042,3.792105260657896,3.7921053,3.9342103796968786e-08,0.0,0.0,0.529,0.0,0.04176668899298501,1
2012-07-03 11:30:00+00:00,0.0444522,0.1575423148805,0.04622028625499999,0.513,1.511,3.792105260657896,3.7921053,3.9342103796968786e-08,0.0,0.0,0.9979999999999999,0.0,0.07861361512536949,1
2012-07-03 12:00:00+00:00,0.04022715,0.152709903380375,0.04182718489125,0.5,1.473,3.792105260657896,3.7921053,3.9342103796968786e-08,0.0,0.0,0.9730000000000001,0.0,0.07429336799455244,1
2012-07-03 12:30:00+00:00,0.03839445,0.150613748173625,0.03992158924874999,0.463,0.723,3.792105260657896,3.7921053,3.9342103796968786e-08,0.0,0.0,0.25999999999999995,0.0,0.019579787262571247,1
2012-07-03 13:00:00+00:00,0.03786555,0.15000881747637498,0.03937165225124999,0.419,0.755,3.792105260657896,3.7921053,3.9342103796968786e-08,0.0,0.0,0.336,0.0,0.025201481336031,1
2012-07-03 13:30:00+00:00,0.0387204,0.150986554301,0.040260503909999995,0.363,0.731,3.792105260657896,3.7921053,3.9342103796968786e-08,0.0,0.0,0.368,0.0,0.027781525991384,1
2012-07-03 14:00:00+00:00,0.0381669,0.15035348729225,0.03968498844749999,0.294,0.198,3.837705260657896,3.8377053,3.9342103796968786e-08,0.096,0.0,5.551115123125783e-17,0.0,4.173147585613546e-18,1
2012-07-03 14:30:00+00:00,0.03929235,0.151640723543375,0.04085520322124999,0.213,0.288,3.837705260657896,3.8377053,3.9342104241057996e-08,0.0,0.0,0.07499999999999998,0.0,0.005686527132876561,1
2012-07-03 15:00:00+00:00,0.0391386,0.1514648715965,0.040695337815,0.125,0.34,3.837705260657896,3.8377053,3.9342104241057996e-08,0.0,0.0,0.21500000000000002,0.0,0.01628247369662375,1
2012-07-03 15:30:00+00:00,0.0386712,0.15093028167800002,0.040209346980000005,0.031,0.258,3.837705260657896,3.8377053,3.9342104241057996e-08,0.0,0.0,0.227,0.0,0.017130586970453002,1
2012-07-03 16:00:00+00:00,0.04126035,0.153891628463375,0.04290148042125,0.013,0.371,3.837705260657896,3.8377053,3.9342104241057996e-08,0.0,0.0,0.358,0.0,0.027546601494944124,1
2012-07-03 16:30:00+00:00,0.04187535,0.15459503625087498,0.043540942046249996,0.006,0.797,3.837705260657896,3.8377053,3.9342104241057996e-08,0.0,0.0,0.791,0.0,0.061142336837221055,1
2012-07-03 17:00:00+00:00,0.0499134,0.1637885760335,0.051898705484999995,0.0,1.087,3.265599997500001,3.2656,0.2982555606578958,0.0,1.087,0.0,-0.0,0.0,1
2012-07-03 17:30:00+00:00,0.0535419,0.16793868197975,0.0556715290725,0.0,1.106,2.6834947343421063,2.6834947,0.32580669750000135,0.0,1.106,0.0,-0.0,0.0,1
2012-07-03 18:00:00+00:00,0.06712725,0.18347696000562497,0.06979723636874999,0.0,0.9,2.2098105238157904,2.2098105,0.35328083434210633,0.0,0.9,0.0,-0.0,0.0,1
2012-07-03 18:30:00+00:00,0.0740583,0.19140436577075,0.0770039688825,0.0,0.949,1.710336839605264,1.7103368,0.3765816238157904,0.0,0.949,0.0,-0.0,0.0,1
2012-07-03 19:00:00+00:00,0.06561435,0.181746576848375,0.06822416077124999,0.0,1.529,1.0,1.0,0.39167633960526405,0.0,1.34964,0.17935999999999996,0.0,0.016299033011762266,1
2012-07-03 19:30:00+00:00,0.052275,0.1664896619375,0.054354238124999996,0.0,1.309,1.0,1.0,0.0,0.0,0.0,1.309,0.0,0.10896748373809374,1
2012-07-03 20:00:00+00:00,0.0460758,0.15939931143949998,0.04790846494499999,0.0,1.414,1.0,1.0,0.0,0.0,0.0,1.414,0.0,0.11269531318772648,1
2012-07-03 20:30:00+00:00,0.0493476,0.163141440869,0.05131040078999999,0.0,0.923,1.0,1.0,0.0,0.0,0.0,0.923,0.0,0.07528977496104351,1
2012-07-03 21:00:00+00:00,0.0465801,0.15997610582525001,0.0484328234775,0.0,0.326,1.0,1.0,0.0,0.0,0.0,0.326,0.0,0.026076105249515754,1
2012-07-03 21:30:00+00:00,0.0453132,0.15852708578299998,0.04711553253,0.0,0.264,1.0,1.0,0.0,0.0,0.0,0.264,0.0,0.020925575323356,1
2012-07-03 22:00:00+00:00,0.043296,0.15621990824,0.0450180984,0.0,0.327,1.0,1.0,0.0,0.0,0.0,0.327,0.0,0.02554195499724,1
2012-07-03 22:30:00+00:00,0.04878795,0.162501339782375,0.05072849071125,0.0,0.235,1.0,1.0,0.0,0.0,0.0,0.235,0.0,0.01909390742442906,1
2012-07-03 23:00:00+00:00,0.04317915,0.156086260760375,0.044896600691249997,0.0,0.171,1.0,1.0,0.0,0.0,0.0,0.171,0.0,0.013345375295012063,1
2012-07-03 23:30:00+00:00,0.0406884,0.15323745922100002,0.04230678111,0.0,0.122,1.0,1.0,0.0,0.0,0.0,0.122,0.0,0.009347485012481001,1
2012-07-04 00:00:00+00:00,0.03747195,0.100058636492375,0.038962396811249994,0.0,0.121,1.5874999975000001,1.5875,0.5874999999999999,1.2368421,0.0,1.3578421,0.0,0.06793191454897154,1
2012-07-04 00:30:00+00:00,0.03650025,0.098947252188125,0.03795204744374999,0.0,0.091,2.2999999975,2.3,0.7125000024999997,1.5,0.0,1.591,0.0,0.07871253911565344,1
2012-07-04 01:00:00+00:00,0.03599595,0.09837045780237501,0.03742768891124999,0.0,0.111,3.0124999975,3.0125,0.7125000025000001,1.5,0.0,1.611,0.0,0.07923740375981307,1
2012-07-04 01:30:00+00:00,0.0363711,0.09879953655275002,0.0378177605025,0.0,0.084,3.7249999975,3.725,0.7125000025000001,1.5,0.0,1.584,0.0,0.07824923294977802,1
2012-07-04 02:00:00+00:00,0.03486435,0.097076187473375,0.03625107952125,0.0,0.141,4.4374999975,4.4375,0.7125000025000001,1.5,0.0,1.641,0.0,0.07965101182190419,1
2012-07-04 02:30:00+00:00,0.033579,0.09560606519749999,0.03491460472499999,0.0,0.078,5.1499999975,5.15,0.7125000025000006,1.5,0.0,1.578,0.0,0.0754331854408275,1
2012-07-04 03:00:00+00:00,0.03375735,0.09581005345587501,0.03510004859625,0.0,0.135,5.8624999975000005,5.8625,0.7125000024999997,1.5,0.0,1.635,0.0,0.07832471870017782,1
2012-07-04 03:30:00+00:00,0.03375735,0.09581005345587501,0.03510004859625,0.0,0.087,6.574999997500001,6.575,0.7125000024999997,1.5,0.0,1.587,0.0,0.07602527741723682,1
2012-07-04 04:00:00+00:00,0.0337635,0.09581708753375,0.0351064432125,0.0,0.117,7.287499997500001,7.2875,0.7125000024999988,1.5,0.0,1.617,0.0,0.07746811527103688,1
2012-07-04 04:30:00+00:00,0.0338742,0.09594370093550002,0.035221546305,0.0,0.115,7.999999997500002,8.0,0.7125000024999988,1.5,0.0,1.615,0.0,0.07747453850541626,1
2012-07-04 05:00:00+00:00,0.0338742,0.3258437009355001,0.035221546305,0.0,0.11,7.942105260657896,7.9421053,0.16899769750000182,0.0,0.11,0.0,-0.0,0.0,1
2012-07-04 05:30:00+00:00,0.03388035,0.325850735013375,0.03522794092124999,0.0,0.104,7.887368418552633,7.8873684,0.1972068606578956,0.0,0.104,0.0,-0.0,0.0,1
2012-07-04 06:00:00+00:00,0.03415095,0.326160234439875,0.035509304036249995,0.0,0.09,7.839999997500001,7.84,0.23095181855263291,0.0,0.09,0.0,-0.0,0.0,1
2012-07-04 06:30:00+00:00,0.0454485,0.33908183549625004,0.0472562140875,0.0,0.097,7.788947365921054,7.7889474,0.260595297500001,0.0,0.097,0.0,-0.0,0.0,1
2012-07-04 07:00:00+00:00,0.048216,0.34224717054000003,0.0501337914,0.0,0.296,7.633157892236843,7.6331579,0.28519576592105356,0.0,0.296,0.0,-0.0,0.0,1
2012-07-04 07:30:00+00:00,0.0472197,0.34110764992425,0.049097863567500004,0.0,1.686,6.843684208026317,6.8436842,0.301122592236843,0.0,1.5,0.18599999999999994,0.0,0.031723011442955244,1
2012-07-04 08:00:00+00:00,0.06583575,0.362399803651875,0.06845436695624998,0.131,1.93,6.05421052381579,6.0542105,0.30630120802631655,0.0,1.5,0.29899999999999993,0.0,0.054178770645955304,1
2012-07-04 08:30:00+00:00,0.07097715,0.36828029275537505,0.07380026614124999,0.3,2.048,5.264736839605264,5.2647368,0.3006563238157902,0.0,1.5,0.248,0.0,0.04566675630166651,1
2012-07-04 09:00:00+00:00,0.05513475,0.350160508149375,0.05732773468124999,0.388,1.567,4.64421052381579,4.6442105,0.28609033960526364,0.0,1.179,0.0,2.220446049250313e-16,-6.364657099272585e-18,1
2012-07-04 09:30:00+00:00,0.0513279,0.3458064139447501,0.053369467222499994,0.444,1.368,4.157894734342106,4.1578947,0.26600442381579015,0.0,0.924,1.1102230246251565e-16,0.0,1.9196112141225968e-17,1
2012-07-04 10:00:00+00:00,0.05169075,0.346221424539375,0.053746749581249996,0.481,1.156,3.8026315764473693,3.8026316,0.2444936343421058,0.0,0.675,0.0,1.1102230246251565e-16,-2.983543944193312e-18,1
2012-07-04 10:30:00+00:00,0.0548088,0.34978770202200005,0.05698882001999999,0.513,1.161,3.461578944868422,3.4615789,0.22542077644736924,0.0,0.648,0.0,-0.0,0.0,1
2012-07-04 11:00:00+00:00,0.0440955,0.15713433836375,0.04584939851249999,0.481,1.116,3.461578944868422,3.4615789,4.486842186679496e-08,0.0,0.0,0.6350000000000001,0.0,0.04989015243049063,1
2012-07-04 11:30:00+00:00,0.04545465,0.158688869574125,0.04726260870374999,0.438,1.555,3.461578944868422,3.4615789,4.486842186679496e-08,0.0,0.0,1.117,0.0,0.08862773365714882,1
2012-07-04 12:00:00+00:00,0.0400734,0.15253405143350002,0.041667319485,0.481,1.953,3.461578944868422,3.4615789,4.486842186679496e-08,0.0,0.0,1.472,0.0,0.11226506185505601,1
2012-07-04 12:30:00+00:00,0.0370107,0.14903108065175,0.0384828005925,0.463,0.755,3.461578944868422,3.4615789,4.486842186679496e-08,0.0,0.0,0.292,0.0,0.021758537775155497,1
2012-07-04 13:00:00+00:00,0.03663555,0.148602001901375,0.03809272900125,0.375,0.706,3.461578944868422,3.4615789,4.486842186679496e-08,0.0,0.0,0.33099999999999996,0.0,0.024593631314677563,1
2012-07-04 13:30:00+00:00,0.038007,0.1501706012675,0.039518728424999996,0.238,0.765,3.461578944868422,3.4615789,4.486842186679496e-08,0.0,0.0,0.527,0.0,0.039569953433986255,1
2012-07-04 14:00:00+00:00,0.03902175,0.151331224116875,0.04057384010625,0.281,0.654,3.461578944868422,3.4615789,4.486842186679496e-08,0.0,0.0,0.373,0.0,0.028223273297797186,1
2012-07-04 14:30:00+00:00,0.0379332,0.150086192333,0.03944199303,0.188,0.85,3.461578944868422,3.4615789,4.486842186679496e-08,0.0,0.0,0.6619999999999999,0.0,0.04967852966222299,1
2012-07-04 15:00:00+00:00,0.0390894,0.1514085989735,0.040644180885,0.131,0.697,3.461578944868422,3.4615789,4.486842186679496e-08,0.0,0.0,0.566,0.0,0.0428486335095005,1
2012-07-04 15:30:00+00:00,0.0392124,0.151549280531,0.04077207321,0.038,0.655,3.461578944868422,3.4615789,4.486842186679496e-08,0.0,0.0,0.617,0.0,0.0467529530438135,1
2012-07-04 16:00:00+00:00,0.0459405,0.15924456172625,0.0477677833875,0.056,0.759,3.461578944868422,3.4615789,4.486842186679496e-08,0.0,0.0,0.703,0.0,0.055974463446776875,1
2012-07-04 16:30:00+00:00,0.04490115,0.158055802565375,0.04668709324125,0.025,0.97,3.461578944868422,3.4615789,4.486842186679496e-08,0.0,0.0,0.945,0.0,0.07468136671213968,1
2012-07-04 17:00:00+00:00,0.04602045,0.159336004738625,0.04785091339874999,0.0,1.049,3.461578944868422,3.4615789,4.486842186679496e-08,0.0,0.0,1.049,0.0,0.0835717344854088,1
2012-07-04 17:30:00+00:00,0.04818525,0.161812000150625,0.05010181831874999,0.0,1.1,3.2945682764473694,3.2945683,0.1670106448684221,0.0,0.31732027,0.7826797300000001,0.0,0.06332348629432558,1
2012-07-04 18:00:00+00:00,0.06098955,0.176456950286375,0.06341540935125,0.0,1.524,2.5050945922368433,2.5050946,0.35829677644736924,0.0,1.5,0.02400000000000002,0.0,0.002117483403436502,1
2012-07-04 18:30:00+00:00,0.0607989,0.17623889387225,0.06321717624749999,0.0,0.945,2.0077261711842116,2.0077262,0.3812722922368432,0.0,0.945,0.0,-0.0,0.0,1
2012-07-04 19:00:00+00:00,0.05932905,0.174557749260125,0.06168886296375,0.0,0.829,1.5714103817105274,1.5714104,0.3960607711842117,0.0,0.829,0.0,-0.0,0.0,1
2012-07-04 19:30:00+00:00,0.05729955,0.172236503561375,0.05957863960124999,0.0,0.837,1.1308840659210537,1.1308841,0.3990362817105273,0.0,0.837,0.0,-0.0,0.0,1
2012-07-04 20:00:00+00:00,0.05124795,0.165314970932375,0.05328633721125,0.0,1.304,1.1308840659210537,1.1308841,3.407894633156161e-08,0.0,0.0,1.304,0.0,0.10778536104790849,1
2012-07-04 20:30:00+00:00,0.05274855,0.16703128593387498,0.054846623576249996,0.0,1.305,1.0,1.0,0.13088406592105373,0.0,0.24867973,1.05632027,0.0,0.08821926652805902,1
2012-07-04 21:00:00+00:00,0.04281015,0.155664216087875,0.04451292371624999,0.0,0.833,1.0,1.0,0.0,0.0,0.0,0.833,0.0,0.06483414600059993,1
2012-07-04 21:30:00+00:00,0.04341285,0.156353555719625,0.04513959610875,0.0,0.82,1.0,1.0,0.0,0.0,0.0,0.82,0.0,0.06410495784504625,1
2012-07-04 22:00:00+00:00,0.040959,0.1535469586475,0.042588144225,0.0,0.82,1.0,1.0,0.0,0.0,0.0,0.82,0.0,0.062954253045475,1
2012-07-04 22:30:00+00:00,0.04599585,0.159307868427125,0.04782533493375,0.0,0.875,1.0,1.0,0.0,0.0,0.0,0.875,0.0,0.06969719243686719,1
2012-07-04 23:00:00+00:00,0.03850515,0.150740361575375,0.04003669234125,0.0,0.796,1.0,1.0,0.0,0.0,0.0,0.796,0.0,0.05999466390699925,1
2012-07-04 23:30:00+00:00,0.0381669,0.15035348729225,0.03968498844749999,0.0,0.147,1.0,1.0,0.0,0.0,0.0,0.147,0.0,0.011050981315980375,1
2012-07-05 00:00:00+00:00,0.0353379,0.09761781146975,0.036743464972499994,0.0,0.116,1.7125,1.7125,0.7124999999999999,1.5,0.0,1.616,0.0,0.078875191667558,1
2012-07-05 00:30:00+00:00,0.03552855,0.097835867883875,0.03694169807625,0.0,0.122,2.2999999975,2.3,0.5874999999999999,1.2368421,0.0,1.3588421,0.0,0.06647174808532362,1
2012-07-05 01:00:00+00:00,0.0345384,0.09670338134600001,0.03591216485999999,0.0,0.085,3.0124999975,3.0125,0.7125000025000001,1.5,0.0,1.585,0.0,0.07663742971670501,1
2012-07-05 01:30:00+00:00,0.03459375,0.09676668804687502,0.03596971640625,0.0,0.16,3.7249999975,3.725,0.7125000025000001,1.5,0.0,1.66,0.0,0.08031635107890626,1
2012-07-05 02:00:00+00:00,0.0339111,0.09598590540275,0.0352599140025,0.0,0.086,4.4374999975,4.4375,0.7125000025000001,1.5,0.0,1.586,0.0,0.07611682298438074,1
2012-07-05 02:30:00+00:00,0.03369585,0.09573971267712503,0.03503610243375,0.0,0.129,5.1499999975,5.15,0.7125000025000006,1.5,0.0,1.629,0.0,0.07797999597551833,1
2012-07-05 03:00:00+00:00,0.03346215,0.09547241771787501,0.03479310701625,0.0,0.104,5.8624999975000005,5.8625,0.7125000024999997,1.5,0.0,1.604,0.0,0.07656887900973576,1
2012-07-05 03:30:00+00:00,0.03356055,0.095584962963875,0.03489542087625,0.0,0.13,6.574999997500001,6.575,0.7125000024999997,1.5,0.0,1.63,0.0,0.07790174481555812,1
2012-07-05 04:00:00+00:00,0.033825,0.0958874283125,0.035170389375,0.0,0.092,7.287499997500001,7.2875,0.7125000024999988,1.5,0.0,1.592,0.0,0.07632639293675,1
2012-07-05 04:30:00+00:00,0.0338004,0.09585929200100002,0.03514481091,0.0,0.136,7.999999997500002,8.0,0.7125000024999988,1.5,0.0,1.6360000000000001,0.0,0.07841290085681803,1
2012-07-05 05:00:00+00:00,0.03385575,0.325822598701875,0.03520236245624999,0.0,0.086,7.954736839605265,7.9547368,0.16770689750000134,0.0,0.086,0.0,-0.0,0.0,1
2012-07-05 05:30:00+00:00,0.0338865,0.32585776909125,0.0352343355375,0.0,0.117,7.893157892236844,7.8931579,0.19562753960526447,0.0,0.117,0.0,-0.0,0.0,1
2012-07-05 06:00:00+00:00,0.03447075,0.3265260064893751,0.03584182408125,0.0,0.095,7.843157892236844,7.8431579,0.22909239223684352,0.0,0.095,0.0,-0.0,0.0,1
2012-07-05 06:30:00+00:00,0.04122345,0.334249423996125,0.04286311272375,0.0,0.11,7.7852631553947385,7.7852632,0.25850449223684446,0.0,0.11,0.0,-0.0,0.0,1
2012-07-05 07:00:00+00:00,0.0492,0.34337262300000004,0.051156929999999996,0.0,0.097,7.734210523815791,7.7342105,0.2828993553947381,0.0,0.097,0.0,-0.0,0.0,1
2012-07-05 07:30:00+00:00,0.04524555,0.338849710926375,0.04704519175125,0.019,1.062,7.185263155394738,7.1852632,0.2986427238157905,0.0,1.043,2.220446049250313e-16,0.0,3.7619875095804e-17,1
2012-07-05 08:00:00+00:00,0.05340045,0.348176898188625,0.05552445289874999,0.044,1.911,6.395789471184211,6.3957895,0.30365285539473774,0.0,1.5,0.367,0.0,0.0638904608176127,1
2012-07-05 08:30:00+00:00,0.05373255,0.348556738393875,0.05586976217624999,0.056,1.601,5.606315786973685,5.6063158,0.29784537118421106,0.0,1.5,0.04499999999999993,0.0,0.007842526613862175,1
2012-07-05 09:00:00+00:00,0.0533574,0.34812765964350006,0.055479690585,0.15,1.509,4.891052629078948,4.8910526,0.2831125869736848,0.0,1.359,0.0,-0.0,0.0,1
2012-07-05 09:30:00+00:00,0.05337585,0.34814876187712507,0.055498874433750005,0.444,1.167,4.510526313289475,4.5105263,0.2628466290789486,0.0,0.723,1.1102230246251565e-16,0.0,1.932613857153626e-17,1
2012-07-05 10:00:00+00:00,0.05039925,0.34474426818562504,0.05240388016875,0.45,1.255,4.086842102763159,4.0868421,0.24113531328947513,0.0,0.805,0.0,1.1102230246251565e-16,-2.908999717152194e-18,1
2012-07-05 10:30:00+00:00,0.04915695,0.34332338445487504,0.051112167686249994,0.469,1.218,3.6926315764473694,3.6926316,0.2218371027631587,0.0,0.749,0.0,-0.0,0.0,1
2012-07-05 11:00:00+00:00,0.0477732,0.161340716933,0.04967337903,0.531,1.288,3.6926315764473694,3.6926316,2.355263051256884e-08,0.0,0.0,0.757,0.0,0.061067461359140505,1
2012-07-05 11:30:00+00:00,0.0425211,0.15533361442774998,0.0442123767525,0.488,1.463,3.6926315764473694,3.6926316,2.355263051256884e-08,0.0,0.0,0.9750000000000001,0.0,0.07572513703352812,1
2012-07-05 12:00:00+00:00,0.04063305,0.153174152520125,0.04224922956375,0.381,1.147,3.6926315764473694,3.6926316,2.355263051256884e-08,0.0,0.0,0.766,0.0,0.058665700415207876,1
2012-07-05 12:30:00+00:00,0.04057155,0.15310381174137502,0.042185283401249996,0.281,0.796,3.6926315764473694,3.6926316,2.355263051256884e-08,0.0,0.0,0.515,0.0,0.03942423152340407,1
2012-07-05 13:00:00+00:00,0.03764415,0.149755590672875,0.039141446066249995,0.281,0.865,3.6926315764473694,3.6926316,2.355263051256884e-08,0.0,0.0,0.584,0.0,0.0437286324764795,1
2012-07-05 13:30:00+00:00,0.03646335,0.148405047720875,0.03791367974624999,0.15,0.797,3.6926315764473694,3.6926316,2.355263051256884e-08,0.0,0.0,0.647,0.0,0.04800903293770307,1
2012-07-05 14:00:00+00:00,0.0361005,0.14799003712625,0.037536397387499996,0.106,0.752,3.7882613409473693,3.7882613,0.09562972355263044,0.20132582,0.0,0.84732582,0.0,0.06269788977991511,1
2012-07-05 14:30:00+00:00,0.03651255,0.148461320343875,0.037964836676249995,0.194,0.845,3.7882613409473693,3.7882613,4.094736949511457e-08,0.0,0.0,0.651,0.0,0.04832415977193131,1
2012-07-05 15:00:00+00:00,0.03648795,0.14843318403237502,0.03793925821124999,0.125,0.686,3.7882613409473693,3.7882613,4.094736949511457e-08,0.0,0.0,0.561,0.0,0.041635508121081195,1
2012-07-05 15:30:00+00:00,0.03629115,0.14820809354037498,0.03773463049125,0.044,0.767,3.7882613409473693,3.7882613,4.094736949511457e-08,0.0,0.0,0.723,0.0,0.05357722581484555,1
2012-07-05 16:00:00+00:00,0.0368508,0.14884819462700002,0.03831654057,0.069,0.715,3.7882613409473693,3.7882613,4.094736949511457e-08,0.0,0.0,0.6459999999999999,0.0,0.048077966864521,1
2012-07-05 16:30:00+00:00,0.0373797,0.14945312532425,0.0388664775675,0.025,0.728,3.7882613409473693,3.7882613,4.094736949511457e-08,0.0,0.0,0.703,0.0,0.05253277355147387,1
2012-07-05 17:00:00+00:00,0.04022715,0.152709903380375,0.04182718489125,0.019,0.772,3.7882613409473693,3.7882613,4.094736949511457e-08,0.0,0.0,0.753,0.0,0.057495278622711185,1
2012-07-05 17:30:00+00:00,0.04754565,0.161080456051625,0.04943677822875,0.0,1.436,3.7882613409473693,3.7882613,4.094736949511457e-08,0.0,0.0,1.436,0.0,0.11565576744506674,1
2012-07-05 18:00:00+00:00,0.05485185,0.16943694056712502,0.05703358233375,0.0,1.533,2.9987876567368428,2.9987877,0.3493206409473695,0.0,1.5,0.03299999999999992,0.0,0.002795709519357556,1
2012-07-05 18:30:00+00:00,0.0773424,0.19516056335600002,0.08041869396000001,0.0,1.307,2.3108929198947377,2.3108929,0.3719624567368429,0.0,1.307,0.0,-0.0,0.0,1
2012-07-05 19:00:00+00:00,0.08218245,0.20069638264362502,0.08545125694875,0.0,1.065,1.7503666041052641,1.7503666,0.3864407198947377,0.0,1.065,0.0,-0.0,0.0,1
2012-07-05 19:30:00+00:00,0.0534312,0.16781206857800002,0.05555642598,0.0,1.046,1.3591336462105272,1.3591336,0.38912990410526405,0.0,0.74334262,0.3026573800000001,0.0,0.025394780504098914,1
2012-07-05 20:00:00+00:00,0.05203515,0.16621533290037502,0.05410484809125,0.0,1.038,1.3591336462105272,1.3591336,4.621052718256635e-08,0.0,0.0,1.038,0.0,0.08626575777529463,1
2012-07-05 20:30:00+00:00,0.054489,0.1690219299725,0.056656299975,0.0,1.023,1.0,1.0,0.35913364621052724,0.0,0.68235393,0.3406460699999999,0.0,0.02878832809447366,1
2012-07-05 21:00:00+00:00,0.05265015,0.16691874068787502,0.054744309716249995,0.0,1.065,1.0,1.0,0.0,0.0,0.0,1.065,0.0,0.08888422941629344,1
2012-07-05 21:30:00+00:00,0.049077,0.16283194144250002,0.051029037675,0.0,0.979,1.0,1.0,0.0,0.0,0.0,0.979,0.0,0.07970623533610376,1
2012-07-05 22:00:00+00:00,0.04015335,0.152625494445875,0.041750449496249994,0.0,1.061,1.0,1.0,0.0,0.0,0.0,1.061,0.0,0.08096782480353669,1
2012-07-05 22:30:00+00:00,0.0531483,0.16748850099575,0.0552622736325,0.0,0.165,1.0,1.0,0.0,0.0,0.0,0.165,0.0,0.013817801332149375,1
2012-07-05 23:00:00+00:00,0.04363425,0.156606782523125,0.04536980229374999,0.0,0.17,1.0,1.0,0.0,0.0,0.0,0.17,0.0,0.013311576514465625,1
2012-07-05 23:30:00+00:00,0.04577445,0.159054641623625,0.04759512874875,0.0,0.093,1.0,1.0,0.0,0.0,0.0,0.093,0.0,0.007396040835498563,1
2012-07-06 00:00:00+00:00,0.03957525,0.10246429112562502,0.04114935556875,0.0,0.123,1.5874999975000001,1.5875,0.5874999999999999,1.2368421,0.0,1.3598421,0.0,0.06966762840964065,1
2012-07-06 00:30:00+00:00,0.03648795,0.09893318403237499,0.03793925821124999,0.0,0.123,2.2999999975,2.3,0.7125000024999997,1.5,0.0,1.623,0.0,0.0802842788422723,1
2012-07-06 01:00:00+00:00,0.03683235,0.099327092393375,0.038297356721249995,0.0,0.111,3.0124999975,3.0125,0.7125000025000001,1.5,0.0,1.611,0.0,0.08000797292286356,1
2012-07-06 01:30:00+00:00,0.03705375,0.099580319196875,0.03852756290625,0.0,0.105,3.7249999975,3.725,0.7125000025000001,1.5,0.0,1.605,0.0,0.07991320615549219,1
2012-07-06 02:00:00+00:00,0.0355347,0.09784290196175002,0.0369480926925,0.0,0.104,4.4374999975,4.4375,0.7125000025000001,1.5,0.0,1.604,0.0,0.07847000737332352,1
2012-07-06 02:30:00+00:00,0.03434775,0.096485324931875,0.035713931756250004,0.0,0.124,5.1499999975,5.15,0.7125000025000006,1.5,0.0,1.624,0.0,0.07834608384468252,1
2012-07-06 03:00:00+00:00,0.0338619,0.09592963277975002,0.0352087570725,0.0,0.167,5.8624999975000005,5.8625,0.7125000024999997,1.5,0.0,1.667,0.0,0.07995734892192163,1
2012-07-06 03:30:00+00:00,0.0338742,0.09594370093550002,0.035221546305,0.0,0.134,6.574999997500001,6.575,0.7125000024999997,1.5,0.0,1.634,0.0,0.07838600366430351,1
2012-07-06 04:00:00+00:00,0.03386805,0.095936666857625,0.035215151688749995,0.0,0.123,7.287499997500001,7.2875,0.7125000024999988,1.5,0.0,1.623,0.0,0.07785260515496269,1
2012-07-06 04:30:00+00:00,0.0336528,0.09569047413199999,0.03499134011999999,0.0,0.11,7.999999997500002,8.0,0.7125000024999988,1.5,0.0,1.61,0.0,0.07703083167626,1
2012-07-06 05:00:00+00:00,0.03319155,0.325062918291375,0.034511743901249996,0.0,0.136,7.928421050131581,7.9284211,0.1540869975000012,0.0,0.136,0.0,-0.0,0.0,1
2012-07-06 05:30:00+00:00,0.0338619,0.32582963277975,0.0352087570725,0.0,0.086,7.883157892236844,7.8831579,0.18194645013158084,0.0,0.086,0.0,-0.0,0.0,1
2012-07-06 06:00:00+00:00,0.03432315,0.326357188620375,0.035688353291249995,0.0,0.129,7.815263155394739,7.8152632,0.21537749223684433,0.0,0.129,0.0,-0.0,0.0,1
2012-07-06 06:30:00+00:00,0.03536865,0.327552981859125,0.03677543805375,0.0,0.984,7.297368418552633,7.2973684,0.24482455539473857,0.0,0.984,0.0,-0.0,0.0,1
2012-07-06 07:00:00+00:00,0.03814845,0.33073238505862507,0.03966580459875,0.0,1.579,6.5078947343421065,6.5078947,0.2693007185526328,0.0,1.5,0.07899999999999996,0.0,0.013063929209815684,1
2012-07-06 07:30:00+00:00,0.04169085,0.33478401391462503,0.04334910355875,0.0,1.535,5.71842105013158,5.7184211,0.28516883434210616,0.0,1.5,0.03499999999999992,0.0,0.005858720243505925,1
2012-07-06 08:00:00+00:00,0.04980885,0.34406899670962504,0.05178999700874999,0.038,1.43,4.985789471184211,4.9857895,0.29034065013158017,0.0,1.392,0.0,-0.0,0.0,1
2012-07-06 08:30:00+00:00,0.0541692,0.34905615792300004,0.05632377993,0.044,1.248,4.352105260657895,4.3521053,0.28472297118421164,0.0,1.204,0.0,-0.0,0.0,1
2012-07-06 09:00:00+00:00,0.0558789,0.35101163157225,0.058101483247499995,0.131,1.211,3.783684208026316,3.7836842,0.2701986606578952,0.0,1.08,0.0,-0.0,0.0,1
2012-07-06 09:30:00+00:00,0.0567153,0.35196826616325005,0.0589711510575,0.281,1.768,3.0010526290789477,3.0010526,0.2501514080263161,0.0,1.487,0.0,-0.0,0.0,1
2012-07-06 10:00:00+00:00,0.05379405,0.34862707917262503,0.05593370833875,0.256,1.543,2.3236842080263163,2.3236842,0.22866192907894778,0.0,1.287,0.0,-0.0,0.0,1
2012-07-06 10:30:00+00:00,0.0507744,0.34517334693600005,0.05279395175999999,0.381,0.943,2.0278947343421057,2.0278947,0.20958490802631635,0.0,0.562,0.0,1.1102230246251565e-16,-2.93065304024509e-18,1
2012-07-06 11:00:00+00:00,0.0436035,0.15657161213375,0.0453378292125,0.431,1.012,2.0278947343421057,2.0278947,3.434210560371298e-08,0.0,0.0,0.581,0.0,0.045484053324854376,1
2012-07-06 11:30:00+00:00,0.04346205,0.156409828342625,0.04519075303875,0.494,0.743,2.0278947343421057,2.0278947,3.434210560371298e-08,0.0,0.0,0.249,0.0,0.019473023628656813,1
2012-07-06 12:00:00+00:00,0.0408483,0.15342034524575,0.04247304113249999,0.294,1.968,2.0278947343421057,2.0278947,3.434210560371298e-08,0.0,0.0,1.674,0.0,0.12841282897069273,1
2012-07-06 12:30:00+00:00,0.0403071,0.15280134639275,0.041910314902499995,0.088,0.617,2.0278947343421057,2.0278947,3.434210560371298e-08,0.0,0.0,0.529,0.0,0.040415956120882376,1
2012-07-06 13:00:00+00:00,0.0380931,0.15026907835775,0.03960825305249999,0.156,0.702,2.0278947343421057,2.0278947,3.434210560371298e-08,0.0,0.0,0.5459999999999999,0.0,0.04102345839166575,1
2012-07-06 13:30:00+00:00,0.044526,0.157626723815,0.04629702165,0.144,0.648,2.0278947343421057,2.0278947,3.434210560371298e-08,0.0,0.0,0.504,0.0,0.03972193440138,1
2012-07-06 14:00:00+00:00,0.04315455,0.15605812444887499,0.044871022226249994,0.325,0.653,2.0278947343421057,2.0278947,3.434210560371298e-08,0.0,0.0,0.328,0.0,0.0255935324096155,1
2012-07-06 14:30:00+00:00,0.0376257,0.14973448843925,0.039122262217499995,0.169,0.639,2.0278947343421057,2.0278947,3.434210560371298e-08,0.0,0.0,0.47,0.0,0.03518760478322375,1
2012-07-06 15:00:00+00:00,0.0387327,0.15100062245674997,0.04027329314249999,0.019,0.608,2.0278947343421057,2.0278947,3.434210560371298e-08,0.0,0.0,0.589,0.0,0.044469683313512864,1
2012-07-06 15:30:00+00:00,0.03865275,0.15090917944437499,0.04019016313125,0.031,0.795,2.0278947343421057,2.0278947,3.434210560371298e-08,0.0,0.0,0.764,0.0,0.05764730654775124,1
2012-07-06 16:00:00+00:00,0.0404793,0.15299830057324998,0.042089364157499996,0.063,0.73,2.0278947343421057,2.0278947,3.434210560371298e-08,0.0,0.0,0.667,0.0,0.05102493324117887,1
2012-07-06 16:30:00+00:00,0.0404055,0.15291389163875,0.0420126287625,0.013,0.683,2.0278947343421057,2.0278947,3.434210560371298e-08,0.0,0.0,0.67,0.0,0.05122615369898125,1
2012-07-06 17:00:00+00:00,0.0414018,0.1540534122545,0.043048556594999995,0.0,0.742,2.0278947343421057,2.0278947,3.434210560371298e-08,0.0,0.0,0.742,0.0,0.0571538159464195,1
2012-07-06 17:30:00+00:00,0.0453624,0.15858335840600002,0.047166689459999994,0.0,0.812,2.0278947343421057,2.0278947,3.434210560371298e-08,0.0,0.0,0.812,0.0,0.064384843512836,1
2012-07-06 18:00:00+00:00,0.05326515,0.16762214847537502,0.05538377134125,0.0,0.846,1.5826315764473688,1.5826316,0.3412782343421057,0.0,0.846,0.0,-0.0,0.0,1
2012-07-06 18:30:00+00:00,0.04825905,0.161896409085125,0.05017855371374999,0.0,0.942,1.3794107764473689,1.3794108,0.2032207764473688,0.0,0.38611952,0.5558804799999999,0.0,0.04499752679625782,1
2012-07-06 19:00:00+00:00,0.0486096,0.16229735152400002,0.050543046839999994,0.0,0.774,1.0,1.0,0.37941077644736887,0.0,0.72088048,0.053119519999999976,0.0,0.004310578705113073,1
2012-07-06 19:30:00+00:00,0.04193685,0.154665377029625,0.04360488820874999,0.0,0.956,1.0,1.0,0.0,0.0,0.0,0.956,0.0,0.07393005022016075,1
2012-07-06 20:00:00+00:00,0.0382161,0.15040975991525,0.0397361453775,0.0,0.805,1.0,1.0,0.0,0.0,0.0,0.805,0.0,0.060539928365888125,1
2012-07-06 20:30:00+00:00,0.0453747,0.15859742656175,0.04717947869249999,0.0,0.727,1.0,1.0,0.0,0.0,0.0,0.727,0.0,0.05765016455519612,1
2012-07-06 21:00:00+00:00,0.0452394,0.1584426768485,0.047038797135,0.0,0.784,1.0,1.0,0.0,0.0,0.0,0.784,0.0,0.062109529324612,1
2012-07-06 21:30:00+00:00,0.03977205,0.152189381617625,0.04135398328875,0.0,0.725,1.0,1.0,0.0,0.0,0.0,0.725,0.0,0.055168650836389055,1
2012-07-06 22:00:00+00:00,0.0400365,0.15249184696624998,0.0416289517875,0.0,0.586,1.0,1.0,0.0,0.0,0.0,0.586,0.0,0.044680111161111244,1
2012-07-06 22:30:00+00:00,0.04797,0.16156580742499999,0.049878006749999995,0.0,0.257,1.0,1.0,0.0,0.0,0.0,0.257,0.0,0.0207612062541125,1
2012-07-06 23:00:00+00:00,0.0398028,0.152224552007,0.04138595637,0.0,0.172,1.0,1.0,0.0,0.0,0.0,0.172,0.0,0.013091311472601999,1
2012-07-06 23:30:00+00:00,0.0452886,0.1584989494715,0.047089954064999995,0.0,0.095,1.0,1.0,0.0,0.0,0.0,0.095,0.0,0.00752870009989625,1
2012-07-07 00:00:00+00:00,0.0423366,0.10562259209150002,0.044020538265,0.0,0.149,1.5874999975000001,1.5875,0.5874999999999999,1.2368421,0.0,1.3858421,0.0,0.07318811741576389,1
2012-07-07 00:30:00+00:00,0.03867735,0.10143731575587499,0.04021574159624999,0.0,0.1,2.2999999975,2.3,0.7125000024999997,1.5,0.0,1.6,0.0,0.08114985260469999,1
2012-07-07 01:00:00+00:00,0.0371091,0.09964362589775001,0.03858511445249999,0.0,0.132,3.0124999975,3.0125,0.7125000025000001,1.5,0.0,1.6320000000000001,0.0,0.08130919873256402,1
2012-07-07 01:30:00+00:00,0.0364572,0.09889801364300002,0.03790728513,0.0,0.114,3.7249999975,3.725,0.7125000025000001,1.5,0.0,1.614,0.0,0.07981069700990102,1
2012-07-07 02:00:00+00:00,0.03541785,0.09770925448212502,0.03682659498375,0.0,0.12,4.4374999975,4.4375,0.7125000025000001,1.5,0.0,1.62,0.0,0.07914449613052127,1
2012-07-07 02:30:00+00:00,0.03379425,0.095852257923125,0.03513841629375,0.0,0.107,5.1499999975,5.15,0.7125000025000006,1.5,0.0,1.607,0.0,0.07701728924123094,1
2012-07-07 03:00:00+00:00,0.03386805,0.095936666857625,0.035215151688749995,0.0,0.139,5.8624999975000005,5.8625,0.7125000024999997,1.5,0.0,1.639,0.0,0.0786200984898237,1
2012-07-07 03:30:00+00:00,0.03383115,0.09589446239037501,0.035176783991249995,0.0,0.114,6.574999997500001,6.575,0.7125000024999997,1.5,0.0,1.614,0.0,0.07738683114903264,1
2012-07-07 04:00:00+00:00,0.03384345,0.09590853054612498,0.03518957322374999,0.0,0.13,7.287499997500001,7.2875,0.7125000024999988,1.5,0.0,1.63,0.0,0.07816545239509186,1
2012-07-07 04:30:00+00:00,0.0331116,0.09507147527900002,0.034428613889999994,0.0,0.107,7.999999997500002,8.0,0.7125000024999988,1.5,0.0,1.607,0.0,0.07638993038667652,1
2012-07-07 05:00:00+00:00,0.0331608,0.325027747902,0.03447977082,0.0,0.116,7.938947365921054,7.9389474,0.1614745975000016,0.0,0.116,0.0,-0.0,0.0,1
2012-07-07 05:30:00+00:00,0.03328995,0.32517546353737503,0.03461405776125,0.0,0.108,7.882105260657896,7.8821053,0.1901396659210537,0.0,0.108,0.0,-0.0,0.0,1
2012-07-07 06:00:00+00:00,0.03182625,0.323501353003125,0.03309213909375,0.0,0.139,7.808947365921054,7.8089474,0.22438406065789618,0.0,0.139,0.0,-0.0,0.0,1
2012-07-07 06:30:00+00:00,0.03295785,0.324795623332125,0.03426874848374999,0.0,0.099,7.7568421027631596,7.7568421,0.25469096592105434,0.0,0.099,0.0,-0.0,0.0,1
2012-07-07 07:00:00+00:00,0.0326688,0.32446502167200003,0.03396820151999999,0.0,1.119,7.167894734342107,7.1678947,0.28004910276315975,0.0,1.119,0.0,-0.0,0.0,1
2012-07-07 07:30:00+00:00,0.0339603,0.32594217802575004,0.0353110709325,0.0,1.022,6.6299999975000015,6.63,0.29681623434210636,0.0,1.022,0.0,-0.0,0.0,1
2012-07-07 08:00:00+00:00,0.0345507,0.32661744950175003,0.035924954092499996,0.025,1.97,5.840526313289475,5.8405263,0.30289549750000155,0.0,1.5,0.44500000000000006,0.0,0.07267238251413939,1
2012-07-07 08:30:00+00:00,0.038499,0.3311333274975,0.040030297725,0.075,1.239,5.227894734342106,5.2278947,0.29818301328947516,0.0,1.164,2.220446049250313e-16,0.0,3.67631844408467e-17,1
2012-07-07 09:00:00+00:00,0.04545465,0.33908886957412504,0.04726260870374999,0.138,1.404,4.5615789448684225,4.5615789,0.28455003434210635,0.0,1.266,0.0,-0.0,0.0,1
2012-07-07 09:30:00+00:00,0.04822215,0.34225420461787504,0.05014018601624999,0.125,1.171,4.011052629078948,4.0110526,0.2653695448684221,0.0,1.046,0.0,-0.0,0.0,1
2012-07-07 10:00:00+00:00,0.04519635,0.338793438303375,0.04699403482125,0.313,1.266,3.5094736817105274,3.5094737,0.24471372907894828,0.0,0.953,1.1102230246251565e-16,0.0,1.8806813789816467e-17,1
2012-07-07 10:30:00+00:00,0.0423612,0.335550728403,0.044046116729999994,0.519,1.491,2.9978947343421063,2.9978947,0.2264310817105275,0.0,0.972,1.1102230246251565e-16,0.0,1.8626807230137653e-17,1
2012-07-07 11:00:00+00:00,0.03755805,0.149657113582625,0.03905192143875,0.531,0.557,2.9978947343421063,2.9978947,3.43421064918914e-08,0.0,0.0,0.026000000000000023,0.0,0.001945542476574127,1
2012-07-07 11:30:00+00:00,0.0361497,0.14804630974925,0.037587554317499994,0.444,0.924,2.9978947343421063,2.9978947,3.43421064918914e-08,0.0,0.0,0.48000000000000004,0.0,0.03553111433982001,1
2012-07-07 12:00:00+00:00,0.03559005,0.147406208662625,0.03700564423874999,0.425,1.347,2.9978947343421063,2.9978947,3.43421064918914e-08,0.0,0.0,0.9219999999999999,0.0,0.06795426219347012,1
2012-07-07 12:30:00+00:00,0.0348336,0.146541017084,0.036219106439999996,0.269,0.808,2.9978947343421063,2.9978947,3.43421064918914e-08,0.0,0.0,0.539,0.0,0.039492804104138,1
2012-07-07 13:00:00+00:00,0.0351165,0.14686458466625002,0.0365132587875,0.263,0.831,2.9978947343421063,2.9978947,3.43421064918914e-08,0.0,0.0,0.568,0.0,0.041709542045215,1
2012-07-07 13:30:00+00:00,0.0346491,0.14632999474775002,0.0360272679525,0.294,1.194,2.9978947343421063,2.9978947,3.43421064918914e-08,0.0,0.0,0.8999999999999999,0.0,0.06584849763648751,1
2012-07-07 14:00:00+00:00,0.03389265,0.145464803169125,0.03524073015375,0.213,1.211,3.301923942092106,3.3019239,0.3040291656578935,0.64006149,0.0,1.6380614900000001,0.0,0.11914014611088682,1
2012-07-07 14:30:00+00:00,0.0339726,0.1455562461815,0.035323860165,0.213,0.628,3.301923942092106,3.3019239,4.2092106244950855e-08,0.0,0.0,0.41500000000000004,0.0,0.030202921082661253,1
2012-07-07 15:00:00+00:00,0.03395415,0.14553514394787498,0.03530467631625,0.113,0.123,3.301923942092106,3.3019239,4.2092106244950855e-08,0.0,0.0,0.009999999999999995,0.0,0.0007276757197393745,1
2012-07-07 15:30:00+00:00,0.0353625,0.14714594778125,0.036769043437499996,0.038,0.313,3.301923942092106,3.3019239,4.2092106244950855e-08,0.0,0.0,0.275,0.0,0.020232567819921877,1
2012-07-07 16:00:00+00:00,0.0366294,0.14859496782349998,0.038086334385,0.013,0.28,3.301923942092106,3.3019239,4.2092106244950855e-08,0.0,0.0,0.267,0.0,0.01983742820443725,1
2012-07-07 16:30:00+00:00,0.03818535,0.15037458952587499,0.03970417229625,0.0,0.36,3.301923942092106,3.3019239,4.2092106244950855e-08,0.0,0.0,0.36,0.0,0.027067426114657497,1
2012-07-07 17:00:00+00:00,0.04407705,0.15711323613012498,0.045830214663749994,0.006,0.601,3.301923942092106,3.3019239,4.2092106244950855e-08,0.0,0.0,0.595,0.0,0.04674118774871218,1
2012-07-07 17:30:00+00:00,0.05060835,0.164583426833375,0.05262129712125,0.0,1.136,2.704029205250001,2.7040292,0.3377714420921061,0.0,1.136,0.0,-0.0,0.0,1
2012-07-07 18:00:00+00:00,0.0596181,0.17488835092025,0.061989409927499996,0.0,0.958,2.1998186789342116,2.1998187,0.36524530525000065,0.0,0.958,0.0,-0.0,0.0,1
2012-07-07 18:30:00+00:00,0.06343725,0.179256513280625,0.06596046661874999,0.0,0.873,1.7403449947236853,1.740345,0.38861907893421166,0.0,0.873,0.0,-0.0,0.0,1
2012-07-07 19:00:00+00:00,0.0563463,0.17114622149074998,0.0585874740825,0.0,0.848,1.294029205250001,1.2940292,0.40385499472368536,0.0,0.848,0.0,-0.0,0.0,1
2012-07-07 19:30:00+00:00,0.0528039,0.16709459263475,0.0549041751225,0.0,0.846,1.0,1.0,0.2940292052500011,0.0,0.55865549,0.28734450999999994,0.0,0.024006856922140916,1
2012-07-07 20:00:00+00:00,0.0481914,0.1618190342285,0.050108212935,0.0,0.781,1.0,1.0,0.0,0.0,0.0,0.781,0.0,0.06319033286622926,1
2012-07-07 20:30:00+00:00,0.04465515,0.15777443945037498,0.04643130859124999,0.0,0.789,1.0,1.0,0.0,0.0,0.0,0.789,0.0,0.06224201636317293,1
2012-07-07 21:00:00+00:00,0.0430377,0.15592447696925002,0.0447495245175,0.0,0.856,1.0,1.0,0.0,0.0,0.0,0.856,0.0,0.06673567614283901,1
2012-07-07 21:30:00+00:00,0.0379209,0.15007212417725,0.03942920379749999,0.0,0.838,1.0,1.0,0.0,0.0,0.0,0.838,0.0,0.06288022003026775,1
2012-07-07 22:00:00+00:00,0.03721365,0.149263205221625,0.03869382292875,0.0,0.899,1.0,1.0,0.0,0.0,0.0,0.899,0.0,0.06709381074712044,1
2012-07-07 22:30:00+00:00,0.0395076,0.151886916269,0.04107901479,0.0,1.021,1.0,1.0,0.0,0.0,0.0,1.021,0.0,0.07753827075532449,1
2012-07-07 23:00:00+00:00,0.03797625,0.150135430878125,0.03948675534375,0.0,0.284,1.0,1.0,0.0,0.0,0.0,0.284,0.0,0.021319231184693747,1
2012-07-07 23:30:00+00:00,0.0375765,0.14967821581625002,0.0390711052875,0.0,0.123,1.0,1.0,0.0,0.0,0.0,0.123,0.0,0.009205210272699375,1
2012-07-08 00:00:00+00:00,0.0359037,0.09826494663425002,0.037331769667499994,0.0,0.123,1.5874999975000001,1.5875,0.5874999999999999,1.2368421,0.0,1.3598421,0.0,0.06681240569375324,1
2012-07-08 00:30:00+00:00,0.03378195,0.095838189767375,0.03512562706124999,0.0,0.092,2.2999999975,2.3,0.7125000024999997,1.5,0.0,1.592,0.0,0.0762871990548305,1
2012-07-08 01:00:00+00:00,0.0338619,0.09592963277975002,0.0352087570725,0.0,0.174,3.0124999975,3.0125,0.7125000025000001,1.5,0.0,1.674,0.0,0.08029310263665076,1
2012-07-08 01:30:00+00:00,0.0339972,0.09608438249300001,0.03534943863,0.0,0.148,3.7249999975,3.725,0.7125000025000001,1.5,0.0,1.648,0.0,0.07917353117423201,1
2012-07-08 02:00:00+00:00,0.0341694,0.09628133667350001,0.035528487885,0.0,0.204,4.4374999975,4.4375,0.7125000025000001,1.5,0.0,1.704,0.0,0.08203169884582201,1
2012-07-08 02:30:00+00:00,0.0336405,0.09567640597625002,0.034978550887499994,0.0,0.173,5.1499999975,5.15,0.7125000025000006,1.5,0.0,1.673,0.0,0.08003331359913314,1
2012-07-08 03:00:00+00:00,0.0320415,0.09384754572875001,0.033315950662499996,0.0,0.071,5.8624999975000005,5.8625,0.7125000024999997,1.5,0.0,1.571,0.0,0.07371724716993314,1
2012-07-08 03:30:00+00:00,0.03112515,0.09279946812537503,0.03236315284125,0.0,0.148,6.574999997500001,6.575,0.7125000024999997,1.5,0.0,1.648,0.0,0.07646676173530902,1
2012-07-08 04:00:00+00:00,0.0311559,0.09283463851475002,0.0323951259225,0.0,0.092,7.287499997500001,7.2875,0.7125000024999988,1.5,0.0,1.592,0.0,0.07389637225774101,1
2012-07-08 04:30:00+00:00,0.03067005,0.09227894636262501,0.03188995123875,0.0,0.142,7.999999997500002,8.0,0.7125000024999988,1.5,0.0,1.642,0.0,0.07576101496371514,1
2012-07-08 05:00:00+00:00,0.03075615,0.322277423452875,0.031979475866249996,0.0,0.086,7.954736839605265,7.9547368,0.18294399750000157,0.0,0.086,0.0,-0.0,0.0,1
2012-07-08 05:30:00+00:00,0.03037485,0.321841310624625,0.031583009658749994,0.0,0.124,7.889473681710528,7.8894737,0.2110665396052651,0.0,0.124,0.0,-0.0,0.0,1
2012-07-08 06:00:00+00:00,0.0302211,0.32166545867775004,0.0314231442525,0.0,0.235,7.765789471184212,7.7657895,0.24474428171052764,0.0,0.235,0.0,-0.0,0.0,1
2012-07-08 06:30:00+00:00,0.0305778,0.3220734351945,0.031794031995,0.0,1.64,6.976315786973686,6.9763158,0.274502271184212,0.0,1.5,0.1399999999999999,0.0,0.022545140463614985,1
2012-07-08 07:00:00+00:00,0.03124815,0.32284014968287505,0.032491045166249996,0.0,1.56,6.186842102763159,6.1868421,0.29930738697368575,0.0,1.5,0.06000000000000005,0.0,0.00968520449048626,1
2012-07-08 07:30:00+00:00,0.0334068,0.32530911101700005,0.03473555546999999,0.044,1.77,5.397368418552633,5.3973684,0.31551470276315907,0.0,1.5,0.22599999999999998,0.0,0.036759929544921,1
2012-07-08 08:00:00+00:00,0.03404025,0.32603362103812505,0.035394200943749995,0.2,1.517,4.7042105238157905,4.7042105,0.3210216185526331,0.0,1.317,0.0,-0.0,0.0,1
2012-07-08 08:30:00+00:00,0.03488895,0.32700432378487504,0.036276657986249995,0.313,1.161,4.2578947343421065,4.2578947,0.31571652381579085,0.0,0.848,1.1102230246251565e-16,0.0,1.81523864708974e-17,1
2012-07-08 09:00:00+00:00,0.03495045,0.32707466456362505,0.03634060414875,0.381,1.061,3.899999997500001,3.9,0.3014618343421067,0.0,0.68,0.0,1.1102230246251565e-16,-2.0173087727365367e-18,1
2012-07-08 09:30:00+00:00,0.034686,0.326772199215,0.03606563565,0.444,1.155,3.5257894711842117,3.5257895,0.281622897500001,0.0,0.711,1.1102230246251565e-16,0.0,1.8139500968794575e-17,1
2012-07-08 10:00:00+00:00,0.03563925,0.327862481285625,0.03705680116874999,0.475,1.068,3.213684208026317,3.2136842,0.2602661711842118,0.0,0.593,1.1102230246251565e-16,0.0,1.820002378170177e-17,1
2012-07-08 10:30:00+00:00,0.03544245,0.3276373907936251,0.03685217344875,0.494,0.849,3.026842102763159,3.0268421,0.2412371080263167,0.0,0.355,0.0,-0.0,0.0,1
2012-07-08 11:00:00+00:00,0.03433545,0.145971256776125,0.03570114252375,0.5,0.742,3.026842102763159,3.0268421,2.7631590349130875e-09,0.0,0.0,0.242,0.0,0.017662522069911122,1
2012-07-08 11:30:00+00:00,0.03444615,0.146097870177875,0.03581624561625,0.481,0.705,3.026842102763159,3.0268421,2.7631590349130875e-09,0.0,0.0,0.22399999999999998,0.0,0.016362961459922,1
2012-07-08 12:00:00+00:00,0.03442155,0.146069733866375,0.035790667151250004,0.431,0.361,3.060092102763159,3.0600921,2.7631590349130875e-09,0.07,0.0,0.0,-0.0,0.0,1
2012-07-08 12:30:00+00:00,0.03444615,0.146097870177875,0.03581624561625,0.4,0.292,3.111392102763159,3.1113921,2.7631590349130875e-09,0.108,0.0,0.0,5.551115123125783e-17,-9.941005134697644e-19,1
2012-07-08 13:00:00+00:00,0.03381885,0.145380394234625,0.03516399475874999,0.375,0.305,3.144642102763159,3.1446421,2.7631585908238776e-09,0.07,0.0,0.0,-0.0,0.0,1
2012-07-08 13:30:00+00:00,0.033825,0.1453874283125,0.035170389375,0.363,0.31,3.169817102763159,3.1698171,2.7631590349130875e-09,0.053,0.0,0.0,-0.0,0.0,1
2012-07-08 14:00:00+00:00,0.03381885,0.145380394234625,0.03516399475874999,0.294,0.447,3.169817102763159,3.1698171,2.7631590349130875e-09,0.0,0.0,0.15300000000000002,0.0,0.011121600158948815,1
2012-07-08 14:30:00+00:00,0.03375735,0.145310053455875,0.03510004859625,0.213,0.351,3.169817102763159,3.1698171,2.7631590349130875e-09,0.0,0.0,0.13799999999999998,0.0,0.010026393688455374,1
2012-07-08 15:00:00+00:00,0.03384345,0.14540853054612501,0.03518957322374999,0.138,0.36,3.169817102763159,3.1698171,2.7631590349130875e-09,0.0,0.0,0.22199999999999998,0.0,0.016140346890619876,1
2012-07-08 15:30:00+00:00,0.03444615,0.146097870177875,0.03581624561625,0.044,0.929,3.169817102763159,3.1698171,2.7631590349130875e-09,0.0,0.0,0.885,0.0,0.06464830755370969,1
2012-07-08 16:00:00+00:00,0.0344154,0.1460626997885,0.035784272534999995,0.013,0.733,3.169817102763159,3.1698171,2.7631590349130875e-09,0.0,0.0,0.72,0.0,0.05258257192386,1
2012-07-08 16:30:00+00:00,0.0351165,0.14686458466625002,0.0365132587875,0.0,0.761,3.169817102763159,3.1698171,2.7631590349130875e-09,0.0,0.0,0.761,0.0,0.05588197446550813,1
2012-07-08 17:00:00+00:00,0.04011645,0.152583289978625,0.041712081798749995,0.0,0.745,3.169817102763159,3.1698171,2.7631590349130875e-09,0.0,0.0,0.745,0.0,0.05683727551703781,1
2012-07-08 17:30:00+00:00,0.0465309,0.15991983320225,0.0483816665475,0.0,0.755,3.169817102763159,3.1698171,2.7631590349130875e-09,0.0,0.0,0.755,0.0,0.060369737033849374,1
2012-07-08 18:00:00+00:00,0.05857875,0.173699591759375,0.060908719781249995,0.0,0.957,2.6661328922368432,2.6661329,0.36539580276315897,0.0,0.957,0.0,-0.0,0.0,1
2012-07-08 18:30:00+00:00,0.0590646,0.1742552839115,0.061413894465,0.0,1.366,1.9471855238157905,1.9471855,0.38778919223684305,0.0,1.366,0.0,-0.0,0.0,1
2012-07-08 19:00:00+00:00,0.05600805,0.170759347207625,0.05823577018874999,0.0,0.915,1.4656065764473694,1.4656066,0.40207222381579055,0.0,0.915,0.0,-0.0,0.0,1
2012-07-08 19:30:00+00:00,0.051168,0.16522352792,0.05320320719999999,0.0,0.925,1.0,1.0,0.4046202764473694,0.0,0.8846525,0.04034750000000009,0.0,0.0033331781463761074,1
2012-07-08 20:00:00+00:00,0.04977195,0.163626792242375,0.05175162931125,0.0,0.768,1.0,1.0,0.0,0.0,0.0,0.768,0.0,0.062832688221072,1
2012-07-08 20:30:00+00:00,0.0468753,0.16031374156325,0.048739765057499995,0.0,0.724,1.0,1.0,0.0,0.0,0.0,0.724,0.0,0.058033574445896505,1
2012-07-08 21:00:00+00:00,0.04126035,0.153891628463375,0.04290148042125,0.0,0.635,1.0,1.0,0.0,0.0,0.0,0.635,0.0,0.048860592037121564,1
2012-07-08 21:30:00+00:00,0.0430254,0.15591040881350002,0.044736735284999996,0.0,0.64,1.0,1.0,0.0,0.0,0.0,0.64,0.0,0.049891330820320004,1
2012-07-08 22:00:00+00:00,0.0392493,0.15159148499825,0.0408104409075,0.0,0.606,1.0,1.0,0.0,0.0,0.0,0.606,0.0,0.04593221995446975,1
2012-07-08 22:30:00+00:00,0.0363711,0.14829953655275,0.0378177605025,0.0,0.666,1.0,1.0,0.0,0.0,0.0,0.666,0.0,0.04938374567206575,1
2012-07-08 23:00:00+00:00,0.03563925,0.147462481285625,0.03705680116874999,0.0,0.386,1.0,1.0,0.0,0.0,0.0,0.386,0.0,0.028460258888125627,1
2012-07-08 23:30:00+00:00,0.0360759,0.14796190081475,0.037510818922499994,0.0,0.116,1.0,1.0,0.0,0.0,0.0,0.116,0.0,0.0085817902472555,1
2012-07-09 00:00:00+00:00,0.03561465,0.09793434497412501,0.03703122270374999,0.0,0.123,1.5874999975000001,1.5875,0.5874999999999999,1.2368421,0.0,1.3598421,0.0,0.0665876226658693,1
2012-07-09 00:30:00+00:00,0.03374505,0.09579598530012501,0.03508725936375,0.0,0.092,2.2999999975,2.3,0.7125000024999997,1.5,0.0,1.592,0.0,0.0762536042988995,1
2012-07-09 01:00:00+00:00,0.03391725,0.09599293948062503,0.03526630861875,0.0,0.192,3.0124999975,3.0125,0.7125000025000001,1.5,0.0,1.692,0.0,0.08121002680060876,1
2012-07-09 01:30:00+00:00,0.0341202,0.09622506405050002,0.035477330955000004,0.0,0.136,3.7249999975,3.725,0.7125000025000001,1.5,0.0,1.6360000000000001,0.0,0.07871210239330902,1
2012-07-09 02:00:00+00:00,0.0338496,0.09591556462400001,0.03519596784,0.0,0.123,4.4374999975,4.4375,0.7125000025000001,1.5,0.0,1.623,0.0,0.07783548069237602,1
2012-07-09 02:30:00+00:00,0.03370815,0.095753780832875,0.03504889166625,0.0,0.085,5.1499999975,5.15,0.7125000025000006,1.5,0.0,1.585,0.0,0.07588487131005343,1
2012-07-09 03:00:00+00:00,0.0326688,0.09456502167199998,0.03396820151999999,0.0,0.142,5.8624999975000005,5.8625,0.7125000024999997,1.5,0.0,1.642,0.0,0.07763788279271198,1
2012-07-09 03:30:00+00:00,0.03153105,0.093263717265125,0.032785197513749996,0.0,0.099,6.574999997500001,6.575,0.7125000024999997,1.5,0.0,1.599,0.0,0.07456434195346744,1
2012-07-09 04:00:00+00:00,0.0311928,0.092876842982,0.032433493619999997,0.0,0.13,7.287499997500001,7.2875,0.7125000024999988,1.5,0.0,1.63,0.0,0.07569462703032999,1
2012-07-09 04:30:00+00:00,0.03178935,0.09355914853587502,0.03305377139625,0.0,0.086,7.999999997500002,8.0,0.7125000024999988,1.5,0.0,1.586,0.0,0.0741924047889489,1
2012-07-09 05:00:00+00:00,0.03415095,0.326160234439875,0.035509304036249995,0.0,0.129,7.932105260657896,7.9321053,0.16666849750000168,0.0,0.129,0.0,-0.0,0.0,1
2012-07-09 05:30:00+00:00,0.0344892,0.3265471087230001,0.035861007929999994,0.0,0.092,7.883684208026317,7.8836842,0.19436896065789622,0.0,0.092,0.0,-0.0,0.0,1
2012-07-09 06:00:00+00:00,0.03604515,0.328326730425375,0.03747884584125,0.0,0.111,7.825263155394738,7.8252632,0.22766930802631702,0.0,0.111,0.0,-0.0,0.0,1
2012-07-09 06:30:00+00:00,0.04057155,0.33350381174137506,0.042185283401249996,0.0,0.097,7.77421052381579,7.7742105,0.2571356553947375,0.0,0.097,0.0,-0.0,0.0,1
2012-07-09 07:00:00+00:00,0.0448581,0.33840656402025,0.046642330927499996,0.0,1.42,7.026842102763158,7.0268421,0.2817123238157899,0.0,1.42,0.0,-0.0,0.0,1
2012-07-09 07:30:00+00:00,0.04326525,0.33658473785062504,0.044986125318749993,0.056,1.615,6.237368418552632,6.2373684,0.29775110276315786,0.0,1.5,0.05899999999999994,0.0,0.009929249766593429,1
2012-07-09 08:00:00+00:00,0.0521028,0.34669270775700006,0.05417518886999999,0.2,1.642,5.478421050131579,5.4784211,0.3031426185526316,0.0,1.442,0.0,-0.0,0.0,1
2012-07-09 08:30:00+00:00,0.0554484,0.35051924612100005,0.05765386011,0.313,1.148,5.038947365921053,5.0389474,0.2977661501315785,0.0,0.835,0.0,-0.0,0.0,1
2012-07-09 09:00:00+00:00,0.0549933,0.34999872435825,0.057180658507499996,0.394,1.63,4.388421050131579,4.3884211,0.2834742659210532,0.0,1.236,0.0,2.220446049250313e-16,-6.3483283638254835e-18,1
2012-07-09 09:30:00+00:00,0.0552762,0.3503222919405,0.057474810854999996,0.444,1.243,3.967894734342105,3.9678947,0.26362305013157883,0.0,0.799,1.1102230246251565e-16,0.0,1.9446793727589952e-17,1
2012-07-09 10:00:00+00:00,0.0532221,0.34797290993025004,0.0553390090275,0.481,1.082,3.651578944868421,3.6515789,0.24227193434210514,0.0,0.601,1.1102230246251565e-16,0.0,1.931637682751897e-17,1
2012-07-09 10:30:00+00:00,0.04862805,0.342718453757625,0.050562230688749994,0.5,0.769,3.5099999975,3.51,0.22326144486842114,0.0,0.269,0.0,-0.0,0.0,1
2012-07-09 11:00:00+00:00,0.04844355,0.162107431421375,0.050370392201249996,0.506,0.862,3.3226315764473684,3.3226316,0.2094057975000001,0.0,0.356,0.0,-0.0,0.0,1
2012-07-09 11:30:00+00:00,0.0465924,0.159990173981,0.048445612709999995,0.506,0.709,3.3226315764473684,3.3226316,2.355263140074726e-08,0.0,0.0,0.20299999999999996,0.0,0.016239002659071494,1
2012-07-09 12:00:00+00:00,0.04737345,0.160883501871125,0.04925772897374999,0.475,0.673,3.218421050131579,3.2184211,0.20073627644736858,0.0,0.198,5.551115123125783e-17,0.0,4.4654142014911854e-18,1
2012-07-09 12:30:00+00:00,0.0466908,0.160102719227,0.04854792656999999,0.431,0.737,3.218421050131579,3.2184211,4.9868420948229186e-08,0.0,0.0,0.306,0.0,0.024495716041731,1
2012-07-09 13:00:00+00:00,0.0467646,0.1601871281615,0.048624661964999996,0.394,0.678,3.088529365921053,3.0885294,0.129891650131579,0.0,0.2467942,0.03720580000000004,0.0,0.0029799451264755712,1
2012-07-09 13:30:00+00:00,0.04620495,0.159547027074875,0.04804275188625,0.344,0.555,3.088529365921053,3.0885294,3.407894721974003e-08,0.0,0.0,0.21100000000000008,0.0,0.01683221135639932,1
2012-07-09 14:00:00+00:00,0.0457437,0.15901947123425,0.047563155667499996,0.288,0.631,3.088529365921053,3.0885294,3.407894721974003e-08,0.0,0.0,0.343,0.0,0.027271839316673877,1
2012-07-09 14:30:00+00:00,0.0430992,0.155994817748,0.044813470679999995,0.225,0.763,3.088529365921053,3.0885294,3.407894721974003e-08,0.0,0.0,0.538,0.0,0.041962605974212,1
2012-07-09 15:00:00+00:00,0.0410943,0.15370170836075,0.0427288257825,0.144,1.13,3.088529365921053,3.0885294,3.407894721974003e-08,0.0,0.0,0.9859999999999999,0.0,0.07577494222184974,1
2012-07-09 15:30:00+00:00,0.0409344,0.15351882233599998,0.04256256576,0.05,0.627,3.088529365921053,3.0885294,3.407894721974003e-08,0.0,0.0,0.577,0.0,0.04429018024393599,1
2012-07-09 16:00:00+00:00,0.04148175,0.15414485526687502,0.04313168660625,0.013,0.66,3.088529365921053,3.0885294,3.407894721974003e-08,0.0,0.0,0.647,0.0,0.04986586067883407,1
2012-07-09 16:30:00+00:00,0.0406515,0.15319525475375,0.0422684134125,0.0,0.612,3.088529365921053,3.0885294,3.407894721974003e-08,0.0,0.0,0.612,0.0,0.046877747954647504,1
2012-07-09 17:00:00+00:00,0.04199835,0.154735717808375,0.04366883437124999,0.0,0.875,3.088529365921053,3.0885294,3.407894721974003e-08,0.0,0.0,0.875,0.0,0.06769687654116406,1
2012-07-09 17:30:00+00:00,0.0454608,0.158695903652,0.04726900332,0.0,0.713,3.088529365921053,3.0885294,3.407894721974003e-08,0.0,0.0,0.713,0.0,0.056575089651938,1
2012-07-09 18:00:00+00:00,0.08497455,0.203889853998875,0.08835441272624998,0.0,0.662,2.7401083132894737,2.7401083,0.34979036592105306,0.0,0.662,0.0,-0.0,0.0,1
2012-07-09 18:30:00+00:00,0.14653605,0.27430097352762495,0.15236452138874998,0.0,0.722,2.360108313289474,2.3601083,0.3725924132894738,0.0,0.722,0.0,-0.0,0.0,1
2012-07-09 19:00:00+00:00,0.0823731,0.20091443905775003,0.0856494900525,0.0,0.719,1.9816872606578948,1.9816873,0.3873273132894739,0.0,0.719,0.0,-0.0,0.0,1
2012-07-09 19:30:00+00:00,0.05312985,0.167467398762125,0.05524308978375,0.0,0.66,1.6343188396052633,1.6343188,0.39036956065789474,0.0,0.66,0.0,-0.0,0.0,1
2012-07-09 20:00:00+00:00,0.0465924,0.159990173981,0.048445612709999995,0.0,0.679,1.6343188396052633,1.6343188,3.960526329116476e-08,0.0,0.0,0.679,0.0,0.0543166640665495,1
2012-07-09 20:30:00+00:00,0.0482775,0.16191751131874998,0.0501977375625,0.0,0.648,1.2932662080263158,1.2932662,0.36118383960526335,0.0,0.648,0.0,-0.0,0.0,1
2012-07-09 21:00:00+00:00,0.0465924,0.159990173981,0.048445612709999995,0.0,0.631,1.2272657764473685,1.2272658,0.06600040802631568,0.0,0.12540082,0.50559918,0.0,0.04044545038642547,1
2012-07-09 21:30:00+00:00,0.04085445,0.153427379323625,0.04247943574875,0.0,0.656,1.2272657764473685,1.2272658,2.3552631622791864e-08,0.0,0.0,0.656,0.0,0.050324180418149,1
2012-07-09 22:00:00+00:00,0.0380685,0.15024094204625,0.03958267458749999,0.0,0.665,1.2272657764473685,1.2272658,2.3552631622791864e-08,0.0,0.0,0.665,0.0,0.04995511323037812,1
2012-07-09 22:30:00+00:00,0.05354805,0.16794571605762498,0.05567792368874999,0.0,0.47,1.0,1.0,0.22726577644736845,0.0,0.43180498,0.03819501999999997,0.0,0.003207344991867651,1
2012-07-09 23:00:00+00:00,0.0442431,0.15730315623274999,0.04600286930249999,0.0,0.282,1.0,1.0,0.0,0.0,0.0,0.282,0.0,0.022179745028817748,1
2012-07-09 23:30:00+00:00,0.04609425,0.159420413673125,0.04792764879375,0.0,0.3,1.0,1.0,0.0,0.0,0.0,0.3,0.0,0.023913062050968752,1
2012-07-10 00:00:00+00:00,0.0440955,0.10763433836375,0.04584939851249999,0.0,0.232,1.5874999975000001,1.5875,0.5874999999999999,1.2368421,0.0,1.4688421,0.0,0.07904892379716055,1
2012-07-10 00:30:00+00:00,0.04249035,0.105798444038375,0.04418040367125,0.0,0.149,2.2999999975,2.3,0.7125000024999997,1.5,0.0,1.649,0.0,0.08723081710964019,1
2012-07-10 01:00:00+00:00,0.04246575,0.105770307726875,0.04415482520625,0.0,0.197,3.0124999975,3.0125,0.7125000025000001,1.5,0.0,1.697,0.0,0.08974610610625344,1
2012-07-10 01:30:00+00:00,0.04379415,0.10728966854787501,0.045536062316249994,0.0,0.154,3.7249999975,3.725,0.7125000025000001,1.5,0.0,1.654,0.0,0.08872855588909263,1
2012-07-10 02:00:00+00:00,0.04001805,0.10297074473262502,0.04160976793874999,0.0,0.105,4.4374999975,4.4375,0.7125000025000001,1.5,0.0,1.605,0.0,0.08263402264793157,1
2012-07-10 02:30:00+00:00,0.03590985,0.098271980712125,0.037338164283749996,0.0,0.129,5.1499999975,5.15,0.7125000025000006,1.5,0.0,1.629,0.0,0.08004252829002582,1
2012-07-10 03:00:00+00:00,0.0353748,0.09766001593700001,0.03678183266999999,0.0,0.098,5.8624999975000005,5.8625,0.7125000024999997,1.5,0.0,1.598,0.0,0.07803035273366302,1
2012-07-10 03:30:00+00:00,0.0349443,0.09716763048574999,0.036334209532499995,0.0,0.168,6.574999997500001,6.575,0.7125000024999997,1.5,0.0,1.668,0.0,0.08103780382511548,1
2012-07-10 04:00:00+00:00,0.03388035,0.095950735013375,0.03522794092124999,0.0,0.075,7.287499997500001,7.2875,0.7125000024999988,1.5,0.0,1.575,0.0,0.07556120382303282,1
2012-07-10 04:30:00+00:00,0.03444615,0.09659787017787502,0.03581624561625,0.0,0.154,7.999999997500002,8.0,0.7125000024999988,1.5,0.0,1.654,0.0,0.07988643863710264,1
2012-07-10 05:00:00+00:00,0.03495045,0.32707466456362505,0.03634060414875,0.0,0.086,7.954736839605265,7.9547368,0.1643350975000013,0.0,0.086,0.0,-0.0,0.0,1
2012-07-10 05:30:00+00:00,0.03749655,0.329986772803875,0.03898797527624999,0.0,0.154,7.873684208026318,7.8736842,0.19269443960526456,0.0,0.154,0.0,-0.0,0.0,1
2012-07-10 06:00:00+00:00,0.0397044,0.332512006761,0.041283642509999996,0.0,0.197,7.769999997500002,7.77,0.22665700802631772,0.0,0.197,0.0,-0.0,0.0,1
2012-07-10 06:30:00+00:00,0.0424473,0.33564920549325,0.0441356413575,0.0,1.59,6.9805263132894755,6.9805263,0.25682799750000207,0.0,1.5,0.09000000000000008,0.0,0.015104214247196263,1
2012-07-10 07:00:00+00:00,0.0454977,0.33913810811925005,0.0473073710175,0.006,1.416,6.23842105013158,6.2384211,0.2821279132894752,0.0,1.41,0.0,-0.0,0.0,1
2012-07-10 07:30:00+00:00,0.0415125,0.33458002565625006,0.043163659687499994,0.044,1.26,5.598421050131581,5.5984211,0.2989036501315807,0.0,1.216,0.0,-0.0,0.0,1
2012-07-10 08:00:00+00:00,0.04995645,0.344237814578625,0.05194346779875,0.188,0.961,5.191578944868422,5.1915789,0.3050378501315807,0.0,0.773,0.0,1.1102230246251565e-16,-2.883441696452382e-18,1
2012-07-10 08:30:00+00:00,0.05535615,0.35041373495287503,0.05755794086625,0.206,1.398,4.564210523815791,4.5642105,0.30039934486842235,0.0,1.192,0.0,-0.0,0.0,1
2012-07-10 09:00:00+00:00,0.05650005,0.351722073437625,0.05874733948875,0.194,0.548,4.377894734342107,4.3778947,0.28683002381579126,0.0,0.354,5.551115123125783e-17,0.0,9.762248604983787e-18,1
2012-07-10 09:30:00+00:00,0.05739795,0.35274904880737507,0.05968095346125,0.156,0.449,4.2236842080263175,4.2236842,0.2676757343421068,0.0,0.293,5.551115123125783e-17,0.0,9.790752897514273e-18,1
2012-07-10 10:00:00+00:00,0.0528777,0.34757900156925003,0.0549809105175,0.163,0.293,4.155263155394739,4.1552632,0.2469878080263177,0.0,0.13,0.0,2.7755575615628914e-17,-7.630134096422992e-19,1
2012-07-10 10:30:00+00:00,0.0541815,0.34907022607875005,0.056336569162499996,0.2,0.372,4.064736839605265,4.0647368,0.22860155539473848,0.0,0.172,0.0,-0.0,0.0,1
2012-07-10 11:00:00+00:00,0.05367105,0.168086397615125,0.055805816013749995,0.338,0.301,4.082311839605265,4.0823118,0.21532853960526532,0.037,0.0,0.0,5.551115123125783e-17,-1.548922546161513e-18,1
2012-07-10 11:30:00+00:00,0.0571212,0.172032515303,0.059393195729999994,0.388,0.356,4.097511839605265,4.0975118,0.20846073960526512,0.032,0.0,0.0,-0.0,0.0,1
2012-07-10 12:00:00+00:00,0.05330205,0.167664352942625,0.05542213903875,0.356,0.253,4.146436839605265,4.1464368,0.07611393960526502,0.103,0.0,0.0,-0.0,0.0,1
2012-07-10 12:30:00+00:00,0.05365875,0.168072329459375,0.05579302678124999,0.35,0.273,4.183011839605265,4.1830118,0.21150873960526484,0.077,0.0,5.551115123125783e-17,0.0,4.664944249204578e-18,1
2012-07-10 13:00:00+00:00,0.05022705,0.164147314005125,0.05222483091375,0.388,0.274,4.237161839605265,4.2371618,3.9605264845476995e-08,0.114,0.0,0.0,-0.0,0.0,1
2012-07-10 13:30:00+00:00,0.0530253,0.16734781943825,0.055134381307499994,0.381,0.162,4.341186839605265,4.3411868,0.1910157396052652,0.219,0.0,0.0,-0.0,0.0,1
2012-07-10 14:00:00+00:00,0.05400315,0.168466237820375,0.05615112529125,0.263,0.117,4.410536839605265,4.4105368,0.23067073960526496,0.146,0.0,0.0,-0.0,0.0,1
2012-07-10 14:30:00+00:00,0.05324055,0.167594012163875,0.05535819287625,0.125,0.148,4.39843157644737,4.3984316,0.23625693960526473,0.0,0.023,0.0,6.938893903907228e-18,-1.9206231354016583e-19,1
2012-07-10 15:00:00+00:00,0.0515247,0.16563150443675,0.0535740949425,0.088,0.092,4.396326313289475,4.3963263,0.24246177644737,0.0,0.004,3.469446951953614e-18,0.0,2.873248591077869e-19,1
2012-07-10 15:30:00+00:00,0.05509785,0.16971830368212498,0.057289366983749986,0.038,0.155,4.3347473659210545,4.3347474,0.2511498132894756,0.0,0.117,0.0,1.3877787807814457e-17,-3.975248393222468e-19,1
2012-07-10 16:00:00+00:00,0.05747175,0.17243345774187502,0.05975768885625,0.019,0.073,4.306326313289476,4.3063263,0.2641775659210541,0.0,0.054,0.0,6.938893903907228e-18,-2.07326131458109e-19,1
2012-07-10 16:30:00+00:00,0.05959965,0.17486724868662498,0.06197022607874999,0.0,0.205,4.19843157644737,4.1984316,0.2826405132894756,0.0,0.205,0.0,-0.0,0.0,1
2012-07-10 17:00:00+00:00,0.0533574,0.1677276596435,0.055479690585,0.0,0.778,3.788957892236844,3.7889579,0.30628207644737016,0.0,0.778,0.0,-0.0,0.0,1
2012-07-10 17:30:00+00:00,0.05918145,0.174388931391125,0.061535392173749995,0.0,0.749,3.3947473659210545,3.3947474,0.33324719223684385,0.0,0.749,0.0,-0.0,0.0,1
2012-07-10 18:00:00+00:00,0.0989781,0.21990644932025002,0.1029149539275,0.0,1.222,2.7515894711842126,2.7515895,0.3602691659210544,0.0,1.222,0.0,-0.0,0.0,1
2012-07-10 18:30:00+00:00,0.11472825,0.23792072275812498,0.11929156614374999,0.0,0.812,2.324221050131581,2.3242211,0.3832632711842128,0.0,0.812,0.0,-0.0,0.0,1
2012-07-10 19:00:00+00:00,0.05653695,0.171364277904875,0.05878570718625,0.0,0.721,1.9447473659210548,1.9447474,0.3981887501315813,0.0,0.721,0.0,-0.0,0.0,1
2012-07-10 19:30:00+00:00,0.04469205,0.157816643917625,0.04646967628874999,0.0,0.674,1.5900105238157916,1.5900105,0.4014200659210547,0.0,0.674,0.0,-0.0,0.0,1
2012-07-10 20:00:00+00:00,0.042189,0.1549537742225,0.043867067475,0.0,0.616,1.5900105238157916,1.5900105,2.381579156107705e-08,0.0,0.0,0.616,0.0,0.04772576246053,1
2012-07-10 20:30:00+00:00,0.0427671,0.15561497754275,0.0444681614025,0.0,0.684,1.5900105238157916,1.5900105,2.381579156107705e-08,0.0,0.0,0.684,0.0,0.053220322319620504,1
2012-07-10 21:00:00+00:00,0.043419,0.15636058979749998,0.045145990724999994,0.0,0.58,1.4306858817105284,1.4306859,0.1593246238157915,0.0,0.30271682,0.27728317999999996,0.0,0.021678080782863172,1
2012-07-10 21:30:00+00:00,0.04191225,0.154637240718125,0.043579309743749996,0.0,0.197,1.4306858817105284,1.4306859,1.8289471714894034e-08,0.0,0.0,0.197,0.0,0.015231768210735314,1
2012-07-10 22:00:00+00:00,0.03757035,0.149671181738375,0.039064710671249996,0.0,0.161,1.4306858817105284,1.4306859,1.8289471714894034e-08,0.0,0.0,0.161,0.0,0.012048530129939186,1
2012-07-10 22:30:00+00:00,0.0511311,0.16518132345275,0.05316483950249999,0.0,0.086,1.3854227238157915,1.3854227,0.23904858171052834,0.0,0.086,0.0,-0.0,0.0,1
2012-07-10 23:00:00+00:00,0.03969825,0.152104972683125,0.041277247893749994,0.0,0.199,1.2806858817105282,1.2806859,0.19378542381579145,0.0,0.199,0.0,-0.0,0.0,1
2012-07-10 23:30:00+00:00,0.04455675,0.157661894204375,0.046328994731249996,0.0,0.167,1.192791144868423,1.1927911,0.1916372817105283,0.0,0.167,0.0,-0.0,0.0,1
2012-07-11 00:00:00+00:00,0.037023,0.09954514880750001,0.038495589824999996,0.0,0.117,1.587499999618423,1.5875,0.39470885513157694,0.83096601,0.0,0.94796601,0.0,0.04718270876495102,1
2012-07-11 00:30:00+00:00,0.0363219,0.09874326392975,0.037766603572499995,0.0,0.117,2.299999999618423,2.3,0.7125000003815769,1.5,0.0,1.617,0.0,0.07983392888720288,1
2012-07-11 01:00:00+00:00,0.03642645,0.098862843253625,0.03787531204875,0.0,0.129,3.0124999996184227,3.0125,0.7125000003815773,1.5,0.0,1.629,0.0,0.08052378583007756,1
2012-07-11 01:30:00+00:00,0.036654,0.09912310413500001,0.03811191285,0.0,0.101,3.7249999996184227,3.725,0.7125000003815773,1.5,0.0,1.601,0.0,0.07934804486006751,1
2012-07-11 02:00:00+00:00,0.03508575,0.097329414276875,0.03648128570625,0.0,0.153,4.437499999618423,4.4375,0.7125000003815773,1.5,0.0,1.653,0.0,0.08044276089983719,1
2012-07-11 02:30:00+00:00,0.0342678,0.09639388191949999,0.035630801744999996,0.0,0.098,5.149999999618423,5.15,0.7125000003815778,1.5,0.0,1.598,0.0,0.0770187116536805,1
2012-07-11 03:00:00+00:00,0.0337389,0.09578895122225002,0.0350808647475,0.0,0.148,5.862499999618423,5.8625,0.7125000003815769,1.5,0.0,1.648,0.0,0.07893009580713402,1
2012-07-11 03:30:00+00:00,0.03357285,0.095599031119625,0.03490821010875,0.0,0.074,6.574999999618424,6.575,0.7125000003815769,1.5,0.0,1.574,0.0,0.07523643749114488,1
2012-07-11 04:00:00+00:00,0.03322845,0.09520512275862501,0.034550111598749995,0.0,0.173,7.287499999618424,7.2875,0.712500000381576,1.5,0.0,1.673,0.0,0.07963908518758983,1
2012-07-11 04:30:00+00:00,0.0325335,0.09441027195875,0.0338275199625,0.0,0.079,7.999999999618424,8.0,0.712500000381576,1.5,0.0,1.579,0.0,0.07453690971143312,1
2012-07-11 05:00:00+00:00,0.033456,0.32536538364,0.034786712399999996,0.0,0.117,7.938421052250003,7.9384211,0.17547939961842474,0.0,0.117,0.0,-0.0,0.0,1
2012-07-11 05:30:00+00:00,0.03412635,0.32613209812837507,0.03548372557125,0.0,0.104,7.88368421014474,7.8836842,0.20368845225000332,0.0,0.104,0.0,-0.0,0.0,1
2012-07-11 06:00:00+00:00,0.0354855,0.32768662933875,0.0368969357625,0.0,0.185,7.786315789092109,7.7863158,0.23749851014474022,0.0,0.185,0.0,-0.0,0.0,1
2012-07-11 06:30:00+00:00,0.03806235,0.33063390796837505,0.03957627997125,0.0,0.609,7.465789473302635,7.4657895,0.2675559890921093,0.0,0.609,0.0,-0.0,0.0,1
2012-07-11 07:00:00+00:00,0.04124805,0.334277560307625,0.042888691188749994,0.0,0.928,6.9773684206710564,6.9773684,0.2927590733026353,0.0,0.928,0.0,-0.0,0.0,1
2012-07-11 07:30:00+00:00,0.03568845,0.327918753908625,0.03710795809874999,0.006,0.811,6.55368421014474,6.5536842,0.309451620671056,0.0,0.805,0.0,-0.0,0.0,1
2012-07-11 08:00:00+00:00,0.0405162,0.33344050504050005,0.042127731854999996,0.013,0.67,6.2078947364605295,6.2078947,0.3155098101447402,0.0,0.657,0.0,-0.0,0.0,1
2012-07-11 08:30:00+00:00,0.0424104,0.33560700102600005,0.04409727366,0.094,0.898,5.784736841723687,5.7847368,0.3107939364605299,0.0,0.804,0.0,-0.0,0.0,1
2012-07-11 09:00:00+00:00,0.0420783,0.33522716082075005,0.0437519643825,0.194,0.831,5.44947368382895,5.4494737,0.29713644172368703,0.0,0.637,0.0,-0.0,0.0,1
2012-07-11 09:30:00+00:00,0.0422259,0.33539597868975,0.0439054351725,0.488,0.718,5.328421052250003,5.3284211,0.27787458382895025,0.0,0.23,0.0,2.7755575615628914e-17,-6.093103129337085e-19,1
2012-07-11 10:00:00+00:00,0.0397905,0.33261048385125,0.04137316713749999,0.294,0.837,5.042631578565793,5.0426316,0.2570530522500034,0.0,0.543,0.0,1.1102230246251565e-16,-2.2966721378858686e-18,1
2012-07-11 10:30:00+00:00,0.0403932,0.333299823483,0.04199983953,0.369,1.142,4.635789473302634,4.6357895,0.23850337856579262,0.0,0.773,0.0,1.1102230246251565e-16,-2.3314594438383906e-18,1
2012-07-11 11:00:00+00:00,0.0371091,0.14914362589775,0.03858511445249999,0.244,1.205,4.129999999618423,4.13,0.2250356733026342,0.0,0.961,1.1102230246251565e-16,0.0,8.279134372388141e-18,1
2012-07-11 11:30:00+00:00,0.036654,0.148623104135,0.03811191285,0.494,0.537,4.107368420671055,4.1073684,0.2179426996184235,0.0,0.043,4.163336342344337e-17,0.0,3.0938398537863616e-18,1
2012-07-11 12:00:00+00:00,0.0368262,0.14882005831550002,0.038290962105000007,0.406,1.056,3.76526315751316,3.7652632,0.21692892067105474,0.0,0.65,0.0,-0.0,0.0,1
2012-07-11 12:30:00+00:00,0.0359529,0.14782121925725003,0.037382926597500005,0.294,1.371,3.3054521259342122,3.3054521,0.22045945751315976,0.0,0.87364096,0.20335903999999994,0.0,0.015030390619891934,1
2012-07-11 13:00:00+00:00,0.03482745,0.146533983006125,0.03621271182375,0.438,0.328,3.357702125934212,3.3577021,2.59342121111672e-08,0.11,0.0,0.0,-0.0,0.0,1
2012-07-11 13:30:00+00:00,0.03444615,0.146097870177875,0.03581624561625,0.363,0.324,3.376227125934212,3.3762271,2.59342121111672e-08,0.039,0.0,0.0,-0.0,0.0,1
2012-07-11 14:00:00+00:00,0.03417555,0.145788370751375,0.03553488250125,0.281,0.275,3.379077125934212,3.3790771,2.59342121111672e-08,0.006,0.0,0.0,-0.0,0.0,1
2012-07-11 14:30:00+00:00,0.0338496,0.145415564624,0.03519596784,0.213,0.27,3.379077125934212,3.3790771,2.59342121111672e-08,0.0,0.0,0.05700000000000002,0.0,0.004144343591784001,1
2012-07-11 15:00:00+00:00,0.0338619,0.14542963277975,0.0352087570725,0.138,0.3,3.379077125934212,3.3790771,2.59342121111672e-08,0.0,0.0,0.16199999999999998,0.0,0.011779800255159747,1
2012-07-11 15:30:00+00:00,0.034071,0.1456687914275,0.035426174025,0.063,0.371,3.379077125934212,3.3790771,2.59342121111672e-08,0.0,0.0,0.308,0.0,0.022432993879835,1
2012-07-11 16:00:00+00:00,0.03416325,0.14577430259562502,0.03552209326875,0.025,0.529,3.379077125934212,3.3790771,2.59342121111672e-08,0.0,0.0,0.504,0.0,0.0367351242540975,1
2012-07-11 16:30:00+00:00,0.03293325,0.14436748702062502,0.03424317001874999,0.019,0.738,3.379077125934212,3.3790771,2.59342121111672e-08,0.0,0.0,0.719,0.0,0.05190011158391469,1
2012-07-11 17:00:00+00:00,0.03360975,0.145141235586875,0.03494657780625,0.006,0.436,3.379077125934212,3.3790771,2.59342121111672e-08,0.0,0.0,0.43,0.0,0.031205365651178124,1
2012-07-11 17:30:00+00:00,0.0387819,0.15105689507975,0.0403244500725,0.0,0.931,2.889077125934212,2.8890771,0.3386087259342121,0.0,0.931,0.0,-0.0,0.0,1
2012-07-11 18:00:00+00:00,0.0401964,0.15267473299099998,0.041795211809999996,0.0,0.718,2.511182389092107,2.5111824,0.36528512593421203,0.0,0.718,0.0,-0.0,0.0,1
2012-07-11 18:30:00+00:00,0.0384621,0.15069112303025,0.0399919300275,0.0,0.763,2.1096034417236855,2.1096034,0.3879538890921066,0.0,0.763,0.0,-0.0,0.0,1
2012-07-11 19:00:00+00:00,0.0383145,0.15052230516125,0.0398384592375,0.0,0.78,1.699077125934212,1.6990771,0.4025732417236856,0.0,0.78,0.0,-0.0,0.0,1
2012-07-11 19:30:00+00:00,0.035793,0.14763833323249997,0.037216666574999994,0.0,0.68,1.699077125934212,1.6990771,2.5934211889122594e-08,0.0,0.0,0.68,0.0,0.050197033299049995,1
2012-07-11 20:00:00+00:00,0.03487665,0.146590255629125,0.03626386875375,0.0,0.636,1.699077125934212,1.6990771,2.5934211889122594e-08,0.0,0.0,0.636,0.0,0.046615701290061755,1
2012-07-11 20:30:00+00:00,0.0381177,0.15029721466925,0.039633831517499996,0.0,0.626,1.3696034417236855,1.3696034,0.3761025259342119,0.0,0.626,0.0,-0.0,0.0,1
2012-07-11 21:00:00+00:00,0.03531945,0.147096709236125,0.03672428112375,0.0,0.565,1.3696034417236855,1.3696034,4.172368561761175e-08,0.0,0.0,0.565,0.0,0.04155482035920531,1
2012-07-11 21:30:00+00:00,0.03493815,0.146660596407875,0.03632781491625,0.0,0.372,1.3696034417236855,1.3696034,4.172368561761175e-08,0.0,0.0,0.372,0.0,0.02727887093186475,1
2012-07-11 22:00:00+00:00,0.03444,0.14609083609999998,0.035809851,0.0,0.333,1.3696034417236855,1.3696034,4.172368561761175e-08,0.0,0.0,0.333,0.0,0.02432412421065,1
2012-07-11 22:30:00+00:00,0.0399135,0.15235116540875002,0.041501059462499996,0.0,0.301,1.2111823890921065,1.2111824,0.24145384172368556,0.0,0.301,0.0,-0.0,0.0,1
2012-07-11 23:00:00+00:00,0.03520875,0.146970095834375,0.036609178031249995,0.0,0.14,1.1934748696184223,1.1934749,0.01770748909210651,0.0,0.033644287,0.10635571300000002,0.0,0.007815554666071643,1
2012-07-11 23:30:00+00:00,0.03613125,0.14802520751562498,0.037568370468749994,0.0,0.135,1.1224222380394748,1.1224222,0.1934748696184223,0.0,0.135,0.0,-0.0,0.0,1
2012-07-12 00:00:00+00:00,0.03514725,0.097399755055625,0.03654523186874999,0.0,0.117,1.5875000010394749,1.5875,0.4650777619605251,0.97911108,0.0,1.09611108,0.0,0.053380475352878286,1
2012-07-12 00:30:00+00:00,0.03385575,0.095922598701875,0.03520236245624999,0.0,0.116,2.300000001039475,2.3,0.712499998960525,1.5,0.0,1.616,0.0,0.077505459751115,1
2012-07-12 01:00:00+00:00,0.0340833,0.09618285958325001,0.0354389632575,0.0,0.112,3.012500001039475,3.0125,0.7124999989605252,1.5,0.0,1.612,0.0,0.07752338482409951,1
2012-07-12 01:30:00+00:00,0.03406485,0.09616175734962502,0.03541977940875,0.0,0.123,3.725000001039475,3.725,0.7124999989605252,1.5,0.0,1.623,0.0,0.0780352660892207,1
2012-07-12 02:00:00+00:00,0.0325458,0.0944243401145,0.033840309194999994,0.0,0.129,4.437500001039474,4.4375,0.7124999989605252,1.5,0.0,1.629,0.0,0.07690862502326025,1
2012-07-12 02:30:00+00:00,0.0317463,0.09350990999075001,0.03300900908249999,0.0,0.11,5.150000001039475,5.15,0.7124999989605261,1.5,0.0,1.61,0.0,0.07527547754255376,1
2012-07-12 03:00:00+00:00,0.03055935,0.09215233296087501,0.03177484814625,0.0,0.113,5.862500001039475,5.8625,0.7124999989605252,1.5,0.0,1.613,0.0,0.07432085653294569,1
2012-07-12 03:30:00+00:00,0.02845605,0.089746678327625,0.029587889388749997,0.0,0.136,6.575000001039475,6.575,0.7124999989605252,1.5,0.0,1.6360000000000001,0.0,0.07341278287199726,1
2012-07-12 04:00:00+00:00,0.02682015,0.08787561361287502,0.02788692146625,0.0,0.098,7.287500001039476,7.2875,0.7124999989605243,1.5,0.0,1.598,0.0,0.07021261527668715,1
2012-07-12 04:30:00+00:00,0.0270969,0.08819214711725,0.028174679197499997,0.0,0.128,8.0,8.0,0.7124999989605243,1.5,0.0,1.6280000000000001,0.0,0.0717884077534415,1
2012-07-12 05:00:00+00:00,0.02929245,0.32060331291862504,0.03045755719875,0.0,0.093,7.951052631578947,7.9510526,0.17418849999999964,0.0,0.093,0.0,-0.0,0.0,1
2012-07-12 05:30:00+00:00,0.03046095,0.321939787714875,0.03167253428625,0.0,0.167,7.863157894736842,7.8631579,0.20210913157894694,0.0,0.167,0.0,-0.0,0.0,1
2012-07-12 06:00:00+00:00,0.0319677,0.3236631367942501,0.0332392152675,0.0,0.067,7.827894736842105,7.8278947,0.2356390947368423,0.0,0.067,0.0,-0.0,0.0,1
2012-07-12 06:30:00+00:00,0.03502425,0.327159073498125,0.036417339543749996,0.0,0.385,7.625263157894737,7.6252632,0.2654651368421055,0.0,0.385,0.0,-0.0,0.0,1
2012-07-12 07:00:00+00:00,0.0364572,0.32879801364300004,0.03790728513,0.0,0.924,7.138947368421053,7.1389474,0.2904626578947367,0.0,0.924,0.0,-0.0,0.0,1
2012-07-12 07:30:00+00:00,0.0335667,0.32549199704175,0.034901815492499995,0.0,1.173,6.521578947368421,6.5215789,0.3069716684210526,0.0,1.173,0.0,-0.0,0.0,1
2012-07-12 08:00:00+00:00,0.0362604,0.32857292315100006,0.03770265740999999,0.013,1.105,5.9468421052631575,5.9468421,0.31286154736842064,0.0,1.092,0.0,-0.0,0.0,1
2012-07-12 08:30:00+00:00,0.0450795,0.33865979082375003,0.046872537112499994,0.125,0.986,5.4936842105263155,5.4936842,0.30798300526315714,0.0,0.861,0.0,-0.0,0.0,1
2012-07-12 09:00:00+00:00,0.0447474,0.3382799506185001,0.046527227835,0.075,0.846,5.087894736842105,5.0878947,0.2941587105263155,0.0,0.771,0.0,-0.0,0.0,1
2012-07-12 09:30:00+00:00,0.04535625,0.338976324328125,0.04716029484374999,0.056,0.947,4.618947368421052,4.6189474,0.2747167368421053,0.0,0.891,0.0,1.1102230246251565e-16,-2.6179222591821145e-18,1
2012-07-12 10:00:00+00:00,0.0457929,0.33947574385725005,0.0476143125975,0.081,0.951,4.161052631578947,4.1610526,0.25369476842105243,0.0,0.87,0.0,-0.0,0.0,1
2012-07-12 10:30:00+00:00,0.04817295,0.342197931994875,0.05008902908624999,0.081,1.024,3.664736842105263,3.6647368,0.2349197315789473,0.0,0.943,1.1102230246251565e-16,0.0,1.899580115399119e-17,1
2012-07-12 11:00:00+00:00,0.04900935,0.162754566585875,0.050958696896249996,0.044,0.645,3.3484210526315787,3.3484211,0.22120014210526273,0.0,0.601,0.0,-0.0,0.0,1
2012-07-12 11:30:00+00:00,0.04677075,0.16019416223937502,0.04863105658125,0.025,0.734,3.1916456894736838,3.1916457,0.1567753526315787,0.0,0.29787319,0.41112680999999995,0.0,0.03293005745104835,1
2012-07-12 12:00:00+00:00,0.0453255,0.15854115393874998,0.047128321762499994,0.031,1.041,3.1916456894736838,3.1916457,1.052631626308198e-08,0.0,0.0,1.01,0.0,0.08006328273906874,1
2012-07-12 12:30:00+00:00,0.0460758,0.15939931143949998,0.04790846494499999,0.069,0.673,3.1916456894736838,3.1916457,1.052631626308198e-08,0.0,0.0,0.6040000000000001,0.0,0.048138592054729,1
2012-07-12 13:00:00+00:00,0.04673385,0.160151957772125,0.04859268888375,0.056,0.76,3.1916456894736838,3.1916457,1.052631626308198e-08,0.0,0.0,0.704,0.0,0.05637348913578799,1
2012-07-12 13:30:00+00:00,0.04584825,0.159139050558125,0.04767186414375,0.119,1.044,3.1916456894736838,3.1916457,1.052631626308198e-08,0.0,0.0,0.925,0.0,0.07360181088313282,1
2012-07-12 14:00:00+00:00,0.04690605,0.16034891195262502,0.04877173813874999,0.194,1.145,2.9588067526315784,2.9588068,0.2328388894736837,0.0,0.44239398,0.50860602,0.0,0.040777210959777516,1
2012-07-12 14:30:00+00:00,0.04896015,0.162698293962875,0.05090753996624999,0.138,0.705,2.6603856999999995,2.6603857,0.23767715263157863,0.0,0.567,0.0,-0.0,0.0,1
2012-07-12 15:00:00+00:00,0.0440832,0.157120270208,0.045836609279999996,0.075,0.605,2.6603856999999995,2.6603857,4.440892098500626e-16,0.0,0.0,0.53,0.0,0.04163687160512001,1
2012-07-12 15:30:00+00:00,0.0434559,0.15640279426475,0.045184358422499994,0.038,0.905,2.6603856999999995,2.6603857,4.440892098500626e-16,0.0,0.0,0.867,0.0,0.06780061131376913,1
2012-07-12 16:00:00+00:00,0.04865265,0.16234659006912502,0.050587809153749996,0.019,0.634,2.3367014894736835,2.3367015,0.26323309999999944,0.0,0.615,0.0,-0.0,0.0,1
2012-07-12 16:30:00+00:00,0.0466785,0.16008865107125,0.0485351373375,0.013,0.508,2.3367014894736835,2.3367015,1.052631670717119e-08,0.0,0.0,0.495,0.0,0.03962194114013438,1
2012-07-12 17:00:00+00:00,0.0426564,0.15548836414099998,0.04435305830999999,0.0,0.612,2.3367014894736835,2.3367015,1.052631670717119e-08,0.0,0.0,0.612,0.0,0.04757943942714599,1
2012-07-12 17:30:00+00:00,0.047478,0.161003081195,0.04936643745,0.0,0.689,2.127906126315789,2.1279061,0.20879538947368337,0.0,0.39671119,0.29228880999999995,0.0,0.023529699504409963,1
2012-07-12 18:00:00+00:00,0.06528225,0.181366736643125,0.06787885149374999,0.0,0.629,1.7968534947368413,1.7968535,0.35630902631578887,0.0,0.629,0.0,-0.0,0.0,1
2012-07-12 18:30:00+00:00,0.0595566,0.17481801014149997,0.061925463764999994,0.0,0.64,1.4600113894736833,1.4600114,0.37864409473684124,0.0,0.64,0.0,-0.0,0.0,1
2012-07-12 19:00:00+00:00,0.04814835,0.161769795683375,0.05006345062124999,0.0,0.646,1.1200113894736832,1.1200114,0.39295308947368324,0.0,0.646,0.0,-0.0,0.0,1
2012-07-12 19:30:00+00:00,0.0417585,0.15446138877124999,0.043419444337499995,0.0,0.594,1.0,1.0,0.12001138947368317,0.0,0.22802164,0.36597835999999995,0.0,0.028264762872912238,1
2012-07-12 20:00:00+00:00,0.03849285,0.15072629341962498,0.040023903108749995,0.0,0.563,1.0,1.0,0.0,0.0,0.0,0.563,0.0,0.04242945159762443,1
2012-07-12 20:30:00+00:00,0.04064535,0.153188220675875,0.042262018796249995,0.0,0.669,1.0,1.0,0.0,0.0,0.0,0.669,0.0,0.05124145981608019,1
2012-07-12 21:00:00+00:00,0.03972285,0.152133108994625,0.041302826358749996,0.0,0.598,1.0,1.0,0.0,0.0,0.0,0.598,0.0,0.04548779958939288,1
2012-07-12 21:30:00+00:00,0.0361374,0.1480322415935,0.037574765084999996,0.0,0.682,1.0,1.0,0.0,0.0,0.0,0.682,0.0,0.050478994383383505,1
2012-07-12 22:00:00+00:00,0.0351042,0.14685051651050002,0.036500469555000005,0.0,0.445,1.0,1.0,0.0,0.0,0.0,0.445,0.0,0.03267423992358626,1
2012-07-12 22:30:00+00:00,0.0412788,0.153912730697,0.04292066427,0.0,0.19,1.0,1.0,0.0,0.0,0.0,0.19,0.0,0.014621709416215002,1
2012-07-12 23:00:00+00:00,0.03574995,0.14758909468737502,0.03717190426125,0.0,0.148,1.0,1.0,0.0,0.0,0.0,0.148,0.0,0.010921593006865751,1
2012-07-12 23:30:00+00:00,0.03543015,0.14722332263787502,0.03683938421625,0.0,0.112,1.0,1.0,0.0,0.0,0.0,0.112,0.0,0.008244506067721001,1
2012-07-13 00:00:00+00:00,0.0348582,0.09706915339550001,0.036244684905,0.0,0.162,1.7125,1.7125,0.7124999999999999,1.5,0.0,1.662,0.0,0.0806644664716605,1
2012-07-13 00:30:00+00:00,0.03461835,0.096794824358375,0.03599529487125,0.0,0.117,2.425,2.425,0.7124999999999999,1.5,0.0,1.617,0.0,0.07825861549374619,1
2012-07-13 01:00:00+00:00,0.03440925,0.096555665710625,0.03577787791875,0.0,0.117,3.1374999999999997,3.1375,0.7125000000000004,1.5,0.0,1.617,0.0,0.07806525572704032,1
2012-07-13 01:30:00+00:00,0.034932,0.09715356233000001,0.0363214203,0.0,0.092,3.7249999975,3.725,0.5875000000000004,1.2368421,0.0,1.3288421000000001,0.0,0.06455087189453906,1
2012-07-13 02:00:00+00:00,0.0341694,0.09628133667350001,0.035528487885,0.0,0.151,4.4374999975,4.4375,0.7125000025000001,1.5,0.0,1.651,0.0,0.07948024342397426,1
2012-07-13 02:30:00+00:00,0.0335175,0.09553572441875,0.03485065856249999,0.0,0.098,5.1499999975,5.15,0.7125000025000006,1.5,0.0,1.598,0.0,0.07633304381058124,1
2012-07-13 03:00:00+00:00,0.03287175,0.09479714624187499,0.034179223856249996,0.0,0.167,5.8624999975000005,5.8625,0.7125000024999997,1.5,0.0,1.667,0.0,0.07901342139260281,1
2012-07-13 03:30:00+00:00,0.02996895,0.09147706148487501,0.03116096498625,0.0,0.162,6.574999997500001,6.575,0.7125000024999997,1.5,0.0,1.662,0.0,0.07601743809393113,1
2012-07-13 04:00:00+00:00,0.030504,0.09208902626,0.0317172966,0.0,0.118,7.287499997500001,7.2875,0.7125000024999988,1.5,0.0,1.6179999999999999,0.0,0.07450002224433999,1
2012-07-13 04:30:00+00:00,0.03149415,0.09322151279787502,0.032746829816249996,0.0,0.139,7.999999997500002,8.0,0.7125000024999988,1.5,0.0,1.639,0.0,0.07639502973785858,1
2012-07-13 05:00:00+00:00,0.0327672,0.32457756691800005,0.03407051538,0.0,0.098,7.94842105013158,7.9484211,0.16056859750000196,0.0,0.098,0.0,-0.0,0.0,1
2012-07-13 05:30:00+00:00,0.0338619,0.32582963277975,0.0352087570725,0.0,0.111,7.889999997500001,7.89,0.1884280501315807,0.0,0.111,0.0,-0.0,0.0,1
2012-07-13 06:00:00+00:00,0.0333822,0.32528097470550005,0.034709977004999996,0.0,0.125,7.824210523815791,7.8242105,0.2219241975000008,0.0,0.125,0.0,-0.0,0.0,1
2012-07-13 06:30:00+00:00,0.03375735,0.325710053455875,0.03510004859625,0.0,0.146,7.747368418552632,7.7473684,0.2517852238157907,0.0,0.146,0.0,-0.0,0.0,1
2012-07-13 07:00:00+00:00,0.0360513,0.32833376450325,0.03748524045749999,0.0,0.109,7.689999997500001,7.69,0.2768640185526321,0.0,0.109,0.0,-0.0,0.0,1
2012-07-13 07:30:00+00:00,0.0341694,0.3261813366735001,0.035528487885,0.0,0.11,7.632105260657895,7.6321053,0.2934978975000009,0.0,0.11,0.0,-0.0,0.0,1
2012-07-13 08:00:00+00:00,0.03726285,0.3297194778446251,0.03874497985875,0.0,0.173,7.541052629078948,7.5410526,0.2995492606578951,0.0,0.173,0.0,-0.0,0.0,1
2012-07-13 08:30:00+00:00,0.0396183,0.33241352967075005,0.0411941178825,0.006,0.405,7.331052629078948,7.3310526,0.29486062907894794,0.0,0.399,0.0,-0.0,0.0,1
2012-07-13 09:00:00+00:00,0.0389664,0.33166791741600005,0.040516288559999995,0.031,0.961,6.841578944868421,6.8415789,0.28124482907894777,0.0,0.93,0.0,1.1102230246251565e-16,-2.249105821583441e-18,1
2012-07-13 09:30:00+00:00,0.03974745,0.332561245306125,0.04132840482375,0.006,1.049,6.292631576447368,6.2926316,0.26202144486842105,0.0,1.043,0.0,-0.0,0.0,1
2012-07-13 10:00:00+00:00,0.040221,0.33310286930250005,0.041820790275,0.031,1.093,5.7336842080263155,5.7336842,0.24122137644736785,0.0,1.062,0.0,-0.0,0.0,1
2012-07-13 10:30:00+00:00,0.0403932,0.333299823483,0.04199983953,0.056,0.823,5.3299999975,5.33,0.22266750802631563,0.0,0.767,0.0,1.1102230246251565e-16,-2.3314594438383906e-18,1
2012-07-13 11:00:00+00:00,0.0397782,0.15219641569550002,0.041360377904999995,0.069,1.018,4.830526313289473,4.8305263,0.2091667975,0.0,0.949,1.1102230246251565e-16,0.0,8.448598248528284e-18,1
2012-07-13 11:30:00+00:00,0.0386343,0.15088807721075,0.040170979282500005,0.069,0.742,4.476315786973684,4.4763158,0.20201341328947375,0.0,0.673,0.0,-0.0,0.0,1
2012-07-13 12:00:00+00:00,0.03836985,0.15058561186212502,0.03989601078374999,0.156,0.498,4.296315786973684,4.2963158,0.20091548697368378,0.0,0.342,0.0,5.551115123125783e-17,-1.1073367440703194e-18,1
2012-07-13 12:30:00+00:00,0.0380193,0.15018466942325,0.039531517657499994,0.363,0.555,4.195263155394737,4.1952632,0.20434338697368393,0.0,0.192,5.551115123125783e-17,0.0,4.168461948485247e-18,1
2012-07-13 13:00:00+00:00,0.0378225,0.14995957893125,0.0393268899375,0.363,1.248,3.7294736817105263,3.7294737,0.21018235539473684,0.0,0.885,0.0,-0.0,0.0,1
2012-07-13 13:30:00+00:00,0.03747195,0.149558636492375,0.038962396811249994,0.288,0.681,3.5226315764473686,3.5226316,0.21649398171052647,0.0,0.393,5.551115123125783e-17,0.0,4.151086044134472e-18,1
2012-07-13 14:00:00+00:00,0.03695535,0.14896777395087502,0.03842524904625,0.306,0.608,3.363684208026316,3.3636842,0.22216477644736843,0.0,0.302,0.0,-0.0,0.0,1
2012-07-13 14:30:00+00:00,0.03605745,0.147940798581125,0.037491635073749995,0.188,0.678,3.363684208026316,3.3636842,8.026316056231053e-09,0.0,0.0,0.49000000000000005,0.0,0.03624549565237563,1
2012-07-13 15:00:00+00:00,0.0361251,0.14801817343775,0.03756197585249999,0.138,0.57,3.363684208026316,3.3636842,8.026316056231053e-09,0.0,0.0,0.43199999999999994,0.0,0.03197192546255399,1
2012-07-13 15:30:00+00:00,0.03502425,0.146759073498125,0.036417339543749996,0.063,0.293,3.363684208026316,3.3636842,8.026316056231053e-09,0.0,0.0,0.22999999999999998,0.0,0.016877293452284375,1
2012-07-13 16:00:00+00:00,0.03600825,0.14788452595812498,0.03744047814375,0.044,0.321,3.363684208026316,3.3636842,8.026316056231053e-09,0.0,0.0,0.277,0.0,0.020482006845200313,1
2012-07-13 16:30:00+00:00,0.03766875,0.149783726984375,0.03916702453125,0.013,0.331,3.1963157869736842,3.1963158,0.2716567080263159,0.0,0.318,0.0,-0.0,0.0,1
2012-07-13 17:00:00+00:00,0.03852975,0.15076849788687502,0.040062270806249994,0.0,0.351,3.011578944868421,3.0115789,0.2948846869736843,0.0,0.351,0.0,-0.0,0.0,1
2012-07-13 17:30:00+00:00,0.039975,0.1524215061875,0.04156500562499999,0.0,0.581,2.7057894711842105,2.7057895,0.3215060448684208,0.0,0.581,0.0,-0.0,0.0,1
2012-07-13 18:00:00+00:00,0.04064535,0.153188220675875,0.042262018796249995,0.0,0.818,2.275263155394737,2.2752632,0.34826657118421034,0.0,0.818,0.0,-0.0,0.0,1
2012-07-13 18:30:00+00:00,0.03878805,0.15106392915762498,0.04033084468874999,0.0,0.742,1.8847368396052633,1.8847368,0.3710869553947369,0.0,0.742,0.0,-0.0,0.0,1
2012-07-13 19:00:00+00:00,0.0368139,0.14880599015975,0.038278172872499995,0.0,0.749,1.4905263132894737,1.4905263,0.38592313960526337,0.0,0.749,0.0,-0.0,0.0,1
2012-07-13 19:30:00+00:00,0.0352149,0.14697712991225,0.0366155726475,0.0,1.206,1.4905263132894737,1.4905263,1.3289473743682834e-08,0.0,0.0,1.206,0.0,0.08862720933708676,1
2012-07-13 20:00:00+00:00,0.0363465,0.14827140024125,0.0377921820375,0.0,1.079,1.4905263132894737,1.4905263,1.3289473743682834e-08,0.0,0.0,1.079,0.0,0.07999242043015437,1
2012-07-13 20:30:00+00:00,0.0359652,0.147835287413,0.03739571583,0.0,0.406,1.4905263132894737,1.4905263,1.3289473743682834e-08,0.0,0.0,0.406,0.0,0.030010563344839,1
2012-07-13 21:00:00+00:00,0.03636495,0.14829250247487502,0.037811365886250003,0.0,0.346,1.4077269238157895,1.4077269,0.08279941328947382,0.0,0.15731884,0.18868116,0.0,0.013990000693131143,1
2012-07-13 21:30:00+00:00,0.03460605,0.146280756202625,0.03598250563875,0.0,0.362,1.4077269238157895,1.4077269,2.3815789562675604e-08,0.0,0.0,0.362,0.0,0.026476816872675127,1
2012-07-13 22:00:00+00:00,0.0340218,0.1456125188045,0.035375017094999996,0.0,0.351,1.4077269238157895,1.4077269,2.3815789562675604e-08,0.0,0.0,0.351,0.0,0.025554997050189748,1
2012-07-13 22:30:00+00:00,0.0387819,0.15105689507975,0.0403244500725,0.0,0.112,1.3487795553947368,1.3487796,0.22737502381578945,0.0,0.112,0.0,-0.0,0.0,1
2012-07-13 23:00:00+00:00,0.03570075,0.14753282206437499,0.037120747331249995,0.0,0.154,1.2677269238157893,1.2677269,0.1684276553947368,0.0,0.154,0.0,-0.0,0.0,1
2012-07-13 23:30:00+00:00,0.0363957,0.14832767286425003,0.0378433389675,0.0,0.104,1.2129900817105261,1.2129901,0.18035192381578935,0.0,0.104,0.0,-0.0,0.0,1
2012-07-14 00:00:00+00:00,0.03524565,0.09751230030162501,0.03664754572875,0.0,0.117,1.587499998460526,1.5875,0.3745099182894738,0.78844193,0.0,0.90544193,0.0,0.044145862691921466,1
2012-07-14 00:30:00+00:00,0.03427395,0.096400915997375,0.03563719636125,0.0,0.129,2.299999998460526,2.3,0.7125000015394738,1.5,0.0,1.629,0.0,0.07851854607986195,1
2012-07-14 01:00:00+00:00,0.03424935,0.096372779685875,0.035611617896249996,0.0,0.098,3.012499998460526,3.0125,0.7125000015394742,1.5,0.0,1.598,0.0,0.07700185096901413,1
2012-07-14 01:30:00+00:00,0.03421245,0.09633057521862502,0.035573250198749996,0.0,0.123,3.7249999984605258,3.725,0.7125000015394742,1.5,0.0,1.623,0.0,0.07817226178991421,1
2012-07-14 02:00:00+00:00,0.03256425,0.09444544234812502,0.03385949304375,0.0,0.122,4.437499998460526,4.4375,0.7125000015394742,1.5,0.0,1.6219999999999999,0.0,0.07659525374432939,1
2012-07-14 02:30:00+00:00,0.03261345,0.09450171497112501,0.03391064997375,0.0,0.118,5.149999998460526,5.15,0.7125000015394747,1.5,0.0,1.6179999999999999,0.0,0.07645188741164013,1
2012-07-14 03:00:00+00:00,0.03209685,0.09391085242962502,0.033373502208749996,0.0,0.105,5.862499998460526,5.8625,0.7125000015394738,1.5,0.0,1.605,0.0,0.07536345907477408,1
2012-07-14 03:30:00+00:00,0.03190005,0.093685761937625,0.03316887448875,0.0,0.126,6.574999998460527,6.575,0.7125000015394738,1.5,0.0,1.626,0.0,0.07616652445528911,1
2012-07-14 04:00:00+00:00,0.0313281,0.09303159269524999,0.0325741751775,0.0,0.111,7.287499998460527,7.2875,0.7125000015394729,1.5,0.0,1.611,0.0,0.07493694791602387,1
2012-07-14 04:30:00+00:00,0.0312174,0.09290497929350001,0.032459072085,0.0,0.136,7.9999999984605275,8.0,0.7125000015394729,1.5,0.0,1.6360000000000001,0.0,0.07599627306208302,1
2012-07-14 05:00:00+00:00,0.0310452,0.322608025113,0.03228002283,0.0,0.075,7.960526314250001,7.9605263,0.16795619846052734,0.0,0.075,0.0,-0.0,0.0,1
2012-07-14 05:30:00+00:00,0.03129735,0.32289642230587506,0.03254220209625,0.0,0.123,7.895789472144738,7.8957895,0.19662131425000062,0.0,0.123,0.0,-0.0,0.0,1
2012-07-14 06:00:00+00:00,0.0308484,0.32238293462100004,0.03207539511,0.0,0.104,7.841052630039475,7.8410526,0.23093067214473795,0.0,0.104,0.0,-0.0,0.0,1
2012-07-14 06:30:00+00:00,0.02969835,0.32106756205837506,0.030879601871249995,0.0,0.145,7.764736840565791,7.7647368,0.26165163003947534,0.0,0.145,0.0,-0.0,0.0,1
2012-07-14 07:00:00+00:00,0.0318693,0.32355059154825005,0.0331369014075,0.0,0.092,7.716315787934212,7.7163158,0.28761244056579116,0.0,0.092,0.0,-0.0,0.0,1
2012-07-14 07:30:00+00:00,0.03356055,0.325484962963875,0.03489542087625,0.044,0.127,7.672631577407896,7.6726316,0.30514528793421203,0.0,0.083,0.0,-0.0,0.0,1
2012-07-14 08:00:00+00:00,0.0344646,0.3265189724115001,0.03583542946499999,0.219,0.511,7.51894736688158,7.5189474,0.3121041774078961,0.0,0.292,5.551115123125783e-17,0.0,9.062722028704841e-18,1
2012-07-14 08:30:00+00:00,0.0344646,0.3265189724115001,0.03583542946499999,0.306,0.323,7.509999998460527,7.51,0.30832056688158005,0.0,0.017,1.3877787807814457e-17,0.0,2.2656805071762104e-18,1
2012-07-14 09:00:00+00:00,0.03439695,0.32644159755487506,0.03576508868625,0.388,0.296,7.5536999984605275,7.5537,0.2955960984605275,0.092,0.0,0.0,-0.0,0.0,1
2012-07-14 09:30:00+00:00,0.0359283,0.32819308294575006,0.0373573481325,0.456,0.445,7.558924998460528,7.558925,0.27723959846052715,0.011,0.0,0.0,-0.0,0.0,1
2012-07-14 10:00:00+00:00,0.0372567,0.3297124437667501,0.03873858524249999,0.488,0.379,7.610699998460528,7.6107,0.25727319846052765,0.109,0.0,0.0,-0.0,0.0,1
2012-07-14 10:30:00+00:00,0.0358176,0.32806646954400004,0.03724224504,0.513,0.278,7.722324998460528,7.722325,0.23951369846052817,0.235,0.0,0.0,-0.0,0.0,1
2012-07-14 11:00:00+00:00,0.03442155,0.146069733866375,0.035790667151250004,0.531,0.365,7.801174998460528,7.801175,0.22676489846052839,0.166,0.0,0.0,-0.0,0.0,1
2012-07-14 11:30:00+00:00,0.0344154,0.1460626997885,0.035784272534999995,0.525,0.445,7.839174998460528,7.839175,0.2203199984605284,0.08,0.0,0.0,-0.0,0.0,1
2012-07-14 12:00:00+00:00,0.03433545,0.145971256776125,0.03570114252375,0.413,0.984,7.538648682671055,7.5386487,0.21988729846052824,0.0,0.571,0.0,-0.0,0.0,1
2012-07-14 12:30:00+00:00,0.0343908,0.146034563477,0.03575869406999999,0.45,0.355,7.583773682671055,7.5837737,0.2239380826710553,0.095,0.0,0.0,5.551115123125783e-17,-9.92503137176026e-19,1
2012-07-14 13:00:00+00:00,0.03439695,0.14604159755487503,0.03576508868625,0.394,0.332,7.613223682671054,7.6132237,0.23035838267105468,0.062,0.0,0.0,-0.0,0.0,1
2012-07-14 13:30:00+00:00,0.0340095,0.14559845064875,0.0353622278625,0.381,0.307,7.648373682671054,7.6483737,0.23720998267105475,0.074,0.0,0.0,-0.0,0.0,1
2012-07-14 14:00:00+00:00,0.03390495,0.145478871324875,0.03525351938625,0.313,0.363,7.62205789319737,7.6220579,0.24337958267105453,0.0,0.05,0.0,1.3877787807814457e-17,-2.4462043076052543e-19,1
2012-07-14 14:30:00+00:00,0.0339357,0.14551404171425,0.0352854924675,0.219,0.309,7.574689472144739,7.5746895,0.24892819319737036,0.0,0.09,0.0,-0.0,0.0,1
2012-07-14 15:00:00+00:00,0.03394185,0.145521075792125,0.03529188708375,0.125,0.258,7.504689472144738,7.5046895,0.2550421721447389,0.0,0.133,0.0,-0.0,0.0,1
2012-07-14 15:30:00+00:00,0.03394185,0.145521075792125,0.03529188708375,0.056,0.326,7.362584208986844,7.3625842,0.26359967214473823,0.0,0.27,0.0,-0.0,0.0,1
2012-07-14 16:00:00+00:00,0.03404025,0.145633621038125,0.035394200943749995,0.056,0.288,7.240478945828949,7.2404789,0.2764765089868435,0.0,0.232,0.0,2.7755575615628914e-17,-4.911932103245086e-19,1
2012-07-14 16:30:00+00:00,0.03464295,0.146322960669875,0.03602087333625,0.019,0.301,7.09205789319737,7.0920579,0.2947919458289485,0.0,0.282,0.0,-0.0,0.0,1
2012-07-14 17:00:00+00:00,0.03672165,0.148700478991625,0.038182253628749996,0.006,0.25,6.963636840565791,6.9636368,0.31831449319737004,0.0,0.244,0.0,-0.0,0.0,1
2012-07-14 17:30:00+00:00,0.03729975,0.149361682311875,0.03878334755625,0.0,1.038,6.417321051092107,6.4173211,0.3452120405657917,0.0,1.038,0.0,-0.0,0.0,1
2012-07-14 18:00:00+00:00,0.04129725,0.153933832930625,0.04293984811875,0.0,0.657,6.071531577407896,6.0715316,0.37223365109210693,0.0,0.657,0.0,-0.0,0.0,1
2012-07-14 18:30:00+00:00,0.0409836,0.153575094959,0.04261372269,0.0,0.413,5.8541631563552645,5.8541632,0.39530077740789604,0.0,0.413,0.0,-0.0,0.0,1
2012-07-14 19:00:00+00:00,0.03967365,0.152076836371625,0.04125166942875,0.0,0.277,5.708373682671054,5.7083737,0.4103674563552646,0.0,0.277,0.0,-0.0,0.0,1
2012-07-14 19:30:00+00:00,0.03729975,0.149361682311875,0.03878334755625,0.0,0.354,5.52205789319737,5.5220579,0.4138080826710535,0.0,0.354,0.0,-0.0,0.0,1
2012-07-14 20:00:00+00:00,0.03451995,0.146182279112375,0.03589298101125,0.0,0.263,5.38363684056579,5.3836368,0.40558819319736994,0.0,0.263,0.0,-0.0,0.0,1
2012-07-14 20:30:00+00:00,0.0345753,0.14624558581325,0.0359505325575,0.0,0.353,5.19784736688158,5.1978474,0.3853921405657905,0.0,0.353,0.0,-0.0,0.0,1
2012-07-14 21:00:00+00:00,0.03439695,0.14604159755487503,0.03576508868625,0.0,0.331,5.02363684056579,5.0236368,0.35571016688157986,0.0,0.331,0.0,-0.0,0.0,1
2012-07-14 21:30:00+00:00,0.0343908,0.146034563477,0.03575869406999999,0.0,0.343,4.843110524776316,4.8431105,0.3207364405657902,0.0,0.343,0.0,-0.0,0.0,1
2012-07-14 22:00:00+00:00,0.0342924,0.14592201823099998,0.03565638021,0.0,0.354,4.656794735302632,4.6567947,0.28498612477631635,0.0,0.354,0.0,-0.0,0.0,1
2012-07-14 22:30:00+00:00,0.03444615,0.146097870177875,0.03581624561625,0.0,0.289,4.504689472144737,4.5046895,0.2525450353026315,0.0,0.289,0.0,-0.0,0.0,1
2012-07-14 23:00:00+00:00,0.0343785,0.14602049532125,0.035745904837499995,0.0,0.194,4.402584208986842,4.4025842,0.2253608721447362,0.0,0.194,0.0,-0.0,0.0,1
2012-07-14 23:30:00+00:00,0.03447075,0.14612600648937502,0.03584182408125,0.0,0.119,4.339952630039473,4.3399526,0.2053766089868425,0.0,0.119,0.0,-0.0,0.0,1
2012-07-15 00:00:00+00:00,0.03451995,0.09668227911237502,0.03589298101125,0.0,0.148,4.339952630039473,4.3399526,3.0039473131182604e-08,0.0,0.0,0.148,0.0,0.007154488654315751,1
2012-07-15 00:30:00+00:00,0.0343785,0.09652049532125001,0.035745904837499995,0.0,0.105,4.339952630039473,4.3399526,3.0039473131182604e-08,0.0,0.0,0.105,0.0,0.0050673260043656255,1
2012-07-15 01:00:00+00:00,0.0342555,0.09637981376375002,0.035618012512500005,0.0,0.161,4.339952630039473,4.3399526,3.0039473131182604e-08,0.0,0.0,0.161,0.0,0.007758575007981877,1
2012-07-15 01:30:00+00:00,0.03381885,0.09588039423462501,0.03516399475874999,0.0,0.078,4.339952630039473,4.3399526,3.0039473131182604e-08,0.0,0.0,0.078,0.0,0.0037393353751503755,1
2012-07-15 02:00:00+00:00,0.03326535,0.095247327225875,0.034588479296249995,0.0,0.148,4.437499998039473,4.4375,0.09754736996052671,0.20536288,0.0,0.35336288,0.0,0.0168284349304188,1
2012-07-15 02:30:00+00:00,0.0311313,0.09280650220325001,0.032369547457499995,0.0,0.086,5.149999998039473,5.15,0.7125000019605272,1.5,0.0,1.586,0.0,0.07359555624717726,1
2012-07-15 03:00:00+00:00,0.03159255,0.093334058043875,0.03284914367625,0.0,0.103,5.862499998039473,5.8625,0.7125000019605272,1.5,0.0,1.603,0.0,0.0748072475221658,1
2012-07-15 03:30:00+00:00,0.0308361,0.09246886646525002,0.0320626058775,0.0,0.123,6.574999998039473,6.575,0.7125000019605272,1.5,0.0,1.623,0.0,0.07503848513655038,1
2012-07-15 04:00:00+00:00,0.0300612,0.091582572653,0.03125688423,0.0,0.158,7.287499998039474,7.2875,0.7125000019605263,1.5,0.0,1.658,0.0,0.075921952729337,1
2012-07-15 04:30:00+00:00,0.03046095,0.09203978771487499,0.03167253428625,0.0,0.161,7.999999998039474,8.0,0.7125000019605263,1.5,0.0,1.661,0.0,0.07643904369720368,1
2012-07-15 05:00:00+00:00,0.02870205,0.31992804144262504,0.029843674038749997,0.0,0.086,7.954736840144737,7.9547368,0.1894255980394739,0.0,0.086,0.0,-0.0,0.0,1
2012-07-15 05:30:00+00:00,0.03016575,0.32160215197687503,0.03136559270625,0.0,0.13,7.886315787513158,7.8863158,0.21754814014473745,0.0,0.13,0.0,-0.0,0.0,1
2012-07-15 06:00:00+00:00,0.0262113,0.31707923990325004,0.027253854457499997,0.0,0.08,7.844210524355264,7.8442105,0.25129098751315837,0.0,0.08,0.0,-0.0,0.0,1
2012-07-15 06:30:00+00:00,0.027921,0.3190347135525,0.029031557774999998,0.0,0.123,7.779473682250001,7.7794737,0.28146292435526377,0.0,0.123,0.0,-0.0,0.0,1
2012-07-15 07:00:00+00:00,0.030996,0.32255175249000007,0.0322288659,0.0,1.198,7.148947366460527,7.1489474,0.30687068225000047,0.0,1.198,0.0,-0.0,0.0,1
2012-07-15 07:30:00+00:00,0.0313773,0.3229878653182501,0.032625332107499995,0.081,1.686,6.359473682250001,6.3594737,0.32384366646052776,0.0,1.5,0.10499999999999998,0.0,0.016956862929208127,1
2012-07-15 08:00:00+00:00,0.03223215,0.323965602142875,0.03351418376625,0.225,1.348,5.768421050671053,5.7684211,0.3302302822500005,0.0,1.123,0.0,-0.0,0.0,1
2012-07-15 08:30:00+00:00,0.03445845,0.326511938333625,0.035829034848750003,0.331,1.211,5.305263155934211,5.3052632,0.3258540506710528,0.0,0.88,1.1102230246251565e-16,0.0,1.8125053587648988e-17,1
2012-07-15 09:00:00+00:00,0.03411405,0.326118029972625,0.035470936338749995,0.406,1.123,4.92789473488158,4.9278947,0.312507955934211,0.0,0.717,0.0,-0.0,0.0,1
2012-07-15 09:30:00+00:00,0.0344646,0.3265189724115001,0.03583542946499999,0.469,2.442,4.138421050671053,4.1384211,0.2934929348815798,0.0,1.5,0.4730000000000003,0.0,0.07722173697531982,1
2012-07-15 10:00:00+00:00,0.03451995,0.32658227911237503,0.03589298101125,0.5,1.292,3.721578945407895,3.7215789,0.2728255506710533,0.0,0.792,0.0,-0.0,0.0,1
2012-07-15 10:30:00+00:00,0.0344523,0.32650490425575,0.035822640232499994,0.525,1.081,3.428947366460527,3.4289474,0.25431974540789515,0.0,0.556,0.0,1.1102230246251565e-16,-1.9885559994492482e-18,1
2012-07-15 11:00:00+00:00,0.03443385,0.146083802022125,0.03580345638375,0.531,0.705,3.428947366460527,3.4289474,3.35394734207739e-08,0.0,0.0,0.17399999999999993,0.0,0.012709290775924871,1
2012-07-15 11:30:00+00:00,0.03417555,0.145788370751375,0.03553488250125,0.525,1.055,3.428947366460527,3.4289474,3.35394734207739e-08,0.0,0.0,0.5299999999999999,0.0,0.038633918249114364,1
2012-07-15 12:00:00+00:00,0.0341202,0.1457250640505,0.035477330955000004,0.506,1.861,3.428947366460527,3.4289474,3.35394734207739e-08,0.0,0.0,1.355,0.0,0.09872873089421376,1
2012-07-15 12:30:00+00:00,0.03394185,0.145521075792125,0.03529188708375,0.475,0.467,3.432747366460527,3.4327474,3.35394734207739e-08,0.008,0.0,5.551115123125783e-17,0.0,4.039021222815992e-18,1
2012-07-15 13:00:00+00:00,0.03388035,0.145450735013375,0.03522794092124999,0.431,0.28,3.5044723664605266,3.5044724,3.353947297668469e-08,0.151,0.0,5.551115123125783e-17,0.0,4.0370688740125336e-18,1
2012-07-15 13:30:00+00:00,0.03360975,0.145141235586875,0.03494657780625,0.381,0.248,3.567647366460527,3.5676474,3.35394734207739e-08,0.133,0.0,0.0,-0.0,0.0,1
2012-07-15 14:00:00+00:00,0.0338865,0.14545776909125002,0.0352343355375,0.306,0.297,3.5719223664605266,3.5719224,3.353947297668469e-08,0.009,0.0,0.0,-0.0,0.0,1
2012-07-15 14:30:00+00:00,0.0332961,0.14478249761525003,0.0346204523775,0.225,0.141,3.6118223664605265,3.6118224,3.35394734207739e-08,0.084,0.0,0.0,2.7755575615628914e-17,-4.804552919054905e-19,1
2012-07-15 15:00:00+00:00,0.0336036,0.145134201509,0.034940183189999995,0.144,0.093,3.6360473664605264,3.6360474,3.35394734207739e-08,0.051,0.0,0.0,-0.0,0.0,1
2012-07-15 15:30:00+00:00,0.0340464,0.14564065511600002,0.03540059556,0.056,0.162,3.6360473664605264,3.6360474,3.35394734207739e-08,0.0,0.0,0.10600000000000001,0.0,0.007718954721148002,1
2012-07-15 16:00:00+00:00,0.03431085,0.14594312046462501,0.03567556405875,0.013,0.277,3.6360473664605264,3.6360474,3.35394734207739e-08,0.0,0.0,0.264,0.0,0.0192644919013305,1
2012-07-15 16:30:00+00:00,0.0344523,0.14610490425574998,0.035822640232499994,0.006,0.533,3.6360473664605264,3.6360474,3.35394734207739e-08,0.0,0.0,0.527,0.0,0.038498642271390125,1
2012-07-15 17:00:00+00:00,0.03677085,0.148756751614625,0.03823341055875,0.0,0.306,3.6360473664605264,3.6360474,3.35394734207739e-08,0.0,0.0,0.306,0.0,0.022759782997037625,1
2012-07-15 17:30:00+00:00,0.04092825,0.153511788258125,0.042556171143749995,0.0,0.975,3.369405140144737,3.3694051,0.2666422664605266,0.0,0.50662023,0.46837977,0.0,0.03595090803831464,1
2012-07-15 18:00:00+00:00,0.0563094,0.1711040170235,0.058549106385,0.0,1.183,2.7467735611973687,2.7467736,0.37238424014473726,0.0,1.183,0.0,-0.0,0.0,1
2012-07-15 18:30:00+00:00,0.05283465,0.167129763024125,0.05493614820374999,0.0,0.863,2.2925630348815793,2.292563,0.3944708611973686,0.0,0.863,0.0,-0.0,0.0,1
2012-07-15 19:00:00+00:00,0.04690605,0.16034891195262502,0.04877173813874999,0.0,0.839,1.8509840875131582,1.8509841,0.40858463488157937,0.0,0.839,0.0,-0.0,0.0,1
2012-07-15 19:30:00+00:00,0.0440217,0.15704992942924997,0.04577266311749999,0.0,0.851,1.403089350671053,1.4030894,0.41110188751315824,0.0,0.851,0.0,-0.0,0.0,1
2012-07-15 20:00:00+00:00,0.04156785,0.154243332357125,0.04322121123375,0.0,0.916,1.380889200144737,1.3808892,0.022200150671052965,0.0,0.042180286,0.873819714,0.0,0.06739043228335496,1
2012-07-15 20:30:00+00:00,0.0418815,0.15460207032875,0.0435473366625,0.0,0.874,1.0000000001447371,1.0,0.38088920014473704,0.0,0.72368948,0.15031052,0.0,0.011619158792095493,1
2012-07-15 21:00:00+00:00,0.0406146,0.1531530502865,0.042230045715,0.0,0.549,1.0000000001447371,1.0,1.4473711118512256e-10,0.0,0.0,0.549,0.0,0.04204051230364426,1
2012-07-15 21:30:00+00:00,0.03806235,0.150233907968375,0.03957627997125,0.0,0.289,1.0000000001447371,1.0,1.4473711118512256e-10,0.0,0.0,0.289,0.0,0.021708799701430186,1
2012-07-15 22:00:00+00:00,0.0350058,0.1467379712645,0.036398155695,0.0,0.277,1.0000000001447371,1.0,1.4473711118512256e-10,0.0,0.0,0.277,0.0,0.02032320902013325,1
2012-07-15 22:30:00+00:00,0.0370968,0.14912955774199999,0.038572325219999995,0.0,0.349,1.0000000001447371,1.0,1.4473711118512256e-10,0.0,0.0,0.349,0.0,0.026023107825978997,1
2012-07-15 23:00:00+00:00,0.0357807,0.14762426507675,0.0372038773425,0.0,0.305,1.0000000001447371,1.0,1.4473711118512256e-10,0.0,0.0,0.305,0.0,0.022512700424204373,1
2012-07-15 23:30:00+00:00,0.0349566,0.14668169864150002,0.036346998765,0.0,0.147,1.0000000001447371,1.0,1.4473711118512256e-10,0.0,0.0,0.147,0.0,0.01078110485015025,1
2012-07-16 00:00:00+00:00,0.03432315,0.096457188620375,0.035688353291249995,0.0,0.103,1.712500000144737,1.7125,0.7124999998552628,1.5,0.0,1.603,0.0,0.07731043667923056,1
2012-07-16 00:30:00+00:00,0.03391725,0.09599293948062503,0.03526630861875,0.0,0.122,2.425000000144737,2.425,0.7124999998552628,1.5,0.0,1.6219999999999999,0.0,0.07785027391878689,1
2012-07-16 01:00:00+00:00,0.0343293,0.09646422269825002,0.0356947479075,0.0,0.123,3.012499997644737,3.0125,0.5874999998552632,1.2368421,0.0,1.3598421,0.0,0.06558805558442798,1
2012-07-16 01:30:00+00:00,0.033948,0.09602810987000002,0.035298281699999996,0.0,0.085,3.724999997644737,3.725,0.712500002355263,1.5,0.0,1.585,0.0,0.076102277071975,1
2012-07-16 02:00:00+00:00,0.03330225,0.09528953169312501,0.034626846993749995,0.0,0.136,4.437499997644737,4.4375,0.712500002355263,1.5,0.0,1.6360000000000001,0.0,0.07794683692497627,1
2012-07-16 02:30:00+00:00,0.0323613,0.09421331777825001,0.0336484707075,0.0,0.104,5.149999997644738,5.15,0.712500002355263,1.5,0.0,1.604,0.0,0.07555908085815652,1
2012-07-16 03:00:00+00:00,0.0321276,0.09394602281900001,0.03340547529,0.0,0.123,5.862499997644738,5.8625,0.7125000023552621,1.5,0.0,1.623,0.0,0.07623719751761851,1
2012-07-16 03:30:00+00:00,0.0312912,0.09298938822800001,0.03253580748,0.0,0.099,6.574999997644738,6.575,0.7125000023552621,1.5,0.0,1.599,0.0,0.07434501588828601,1
2012-07-16 04:00:00+00:00,0.03089145,0.09253217316612501,0.03212015742375,0.0,0.105,7.287499997644739,7.2875,0.7125000023552612,1.5,0.0,1.605,0.0,0.07425706896581533,1
2012-07-16 04:30:00+00:00,0.0330747,0.09502927081175,0.034390246192499994,0.0,0.104,7.999999997644739,8.0,0.7125000023552612,1.5,0.0,1.604,0.0,0.0762134751910235,1
2012-07-16 05:00:00+00:00,0.034071,0.3260687914275,0.035426174025,0.0,0.117,7.938421050276318,7.9384211,0.1731500976447391,0.0,0.117,0.0,-0.0,0.0,1
2012-07-16 05:30:00+00:00,0.0347721,0.32687067630525,0.0361551602775,0.0,0.104,7.883684208171055,7.8836842,0.20085055027631782,0.0,0.104,0.0,-0.0,0.0,1
2012-07-16 06:00:00+00:00,0.0349935,0.32712390310875006,0.0363853664625,0.0,0.092,7.835263155539476,7.8352632,0.23421600817105492,0.0,0.092,0.0,-0.0,0.0,1
2012-07-16 06:30:00+00:00,0.03774255,0.33026813591887505,0.039243759926249996,0.0,0.129,7.76736841869737,7.7673684,0.2640963555394755,0.0,0.129,0.0,-0.0,0.0,1
2012-07-16 07:00:00+00:00,0.042804,0.33605718201,0.0445065291,0.0,0.426,7.543157892381581,7.5431579,0.2892756186973706,0.0,0.426,0.0,-0.0,0.0,1
2012-07-16 07:30:00+00:00,0.04277325,0.33602201162062506,0.04447455601874999,0.081,1.647,6.753684208171054,6.7536842,0.3060800923815812,0.0,1.5,0.06600000000000006,0.0,0.011088726383480636,1
2012-07-16 08:00:00+00:00,0.04704135,0.34090366166587505,0.04891241969625,0.238,1.593,6.040526313434213,6.0405263,0.3123513081710545,0.0,1.355,0.0,-0.0,0.0,1
2012-07-16 08:30:00+00:00,0.0483267,0.34237378394175005,0.0502488944925,0.338,1.648,5.351052629223687,5.3510526,0.30790371343421263,0.0,1.31,0.0,2.220446049250313e-16,-5.578747962753372e-18,1
2012-07-16 09:00:00+00:00,0.04705365,0.34091772982162505,0.04892520892875,0.413,1.117,4.980526313434213,4.9805263,0.29452032922368687,0.0,0.704,0.0,-0.0,0.0,1
2012-07-16 09:30:00+00:00,0.0467646,0.3405871281615,0.048624661964999996,0.463,0.231,5.090726313434213,5.0907263,0.2754932134342134,0.232,0.0,0.0,-0.0,0.0,1
2012-07-16 10:00:00+00:00,0.04634025,0.34010177678812503,0.04818343344374999,0.5,0.49,5.0954763134342125,5.0954763,0.25483131343421306,0.01,0.0,0.0,-0.0,0.0,1
2012-07-16 10:30:00+00:00,0.0456576,0.3393209941440001,0.04747363104,0.519,0.349,5.176226313434213,5.1762263,0.23634411343421213,0.17,0.0,0.0,-0.0,0.0,1
2012-07-16 11:00:00+00:00,0.0416601,0.15434884352525,0.04331713047749999,0.519,0.174,5.340101313434213,5.3401013,0.2228329134342122,0.345,0.0,0.0,1.1102230246251565e-16,-2.4045837808406297e-18,1
2012-07-16 11:30:00+00:00,0.04076835,0.153328902233375,0.04238991112125,0.519,0.162,5.509676313434213,5.5096763,0.2155931134342124,0.357,0.0,0.0,-0.0,0.0,1
2012-07-16 12:00:00+00:00,0.03978435,0.152203449773375,0.041366772521250005,0.494,0.956,5.266518418697371,5.2665184,0.21433781343421288,0.0,0.462,0.0,5.551115123125783e-17,-1.1481585826880748e-18,1
2012-07-16 12:30:00+00:00,0.03605745,0.147940798581125,0.037491635073749995,0.469,0.38,5.308793418697371,5.3087934,1.8697370762765786e-08,0.089,0.0,0.0,-0.0,0.0,1
2012-07-16 13:00:00+00:00,0.0344892,0.14614710872300002,0.035861007929999994,0.431,0.362,5.341568418697371,5.3415684,1.8697370762765786e-08,0.069,0.0,0.0,-0.0,0.0,1
2012-07-16 13:30:00+00:00,0.0347721,0.14647067630525,0.0361551602775,0.375,0.947,5.341568418697371,5.3415684,1.8697370762765786e-08,0.0,0.0,0.572,0.0,0.0418906134233015,1
2012-07-16 14:00:00+00:00,0.0346245,0.14630185843625002,0.0360016894875,0.306,0.598,5.341568418697371,5.3415684,1.8697370762765786e-08,0.0,0.0,0.292,0.0,0.0213600713316925,1
2012-07-16 14:30:00+00:00,0.0342555,0.14587981376375,0.035618012512500005,0.231,0.835,5.341568418697371,5.3415684,1.8697370762765786e-08,0.0,0.0,0.604,0.0,0.0440557037566525,1
2012-07-16 15:00:00+00:00,0.034194,0.14580947298500002,0.03555406635,0.144,0.402,5.341568418697371,5.3415684,1.8697370762765786e-08,0.0,0.0,0.258,0.0,0.018809422015065004,1
2012-07-16 15:30:00+00:00,0.0340587,0.14565472327175,0.035413384792499995,0.063,0.297,5.341568418697371,5.3415684,1.8697370762765786e-08,0.0,0.0,0.23399999999999999,0.0,0.01704160262279475,1
2012-07-16 16:00:00+00:00,0.034686,0.146372199215,0.03606563565,0.013,0.465,5.341568418697371,5.3415684,1.8697370762765786e-08,0.0,0.0,0.452,0.0,0.03308011702259,1
2012-07-16 16:30:00+00:00,0.0368262,0.14882005831550002,0.038290962105000007,0.0,0.952,4.840515787118424,4.8405158,0.28146731869737085,0.0,0.952,0.0,-0.0,0.0,1
2012-07-16 17:00:00+00:00,0.0376257,0.14973448843925,0.039122262217499995,0.0,0.731,4.487021687118424,4.4870217,0.3042171871184234,0.0,0.67163879,0.05936120999999994,0.0,0.004444210206242441,1
2012-07-16 17:30:00+00:00,0.0412665,0.15389866254125,0.042907875037499994,0.0,0.749,4.0928111608026345,4.0928112,0.33040158711842427,0.0,0.749,0.0,-0.0,0.0,1
2012-07-16 18:00:00+00:00,0.0482898,0.16193157947450001,0.050210526795,0.0,0.964,3.585442739750003,3.5854427,0.3567787608026345,0.0,0.964,0.0,-0.0,0.0,1
2012-07-16 18:30:00+00:00,0.04855425,0.162234044823125,0.050485495293749995,0.0,0.83,3.1486006344868454,3.1486006,0.37927403975000296,0.0,0.83,0.0,-0.0,0.0,1
2012-07-16 19:00:00+00:00,0.047355,0.1608623996375,0.049238545125,0.0,0.765,2.7459690555394767,2.7459691,0.3938397344868454,0.0,0.765,0.0,-0.0,0.0,1
2012-07-16 19:30:00+00:00,0.0408114,0.1533781407785,0.042434673434999994,0.0,0.834,2.307021687118424,2.3070217,0.3968511555394767,0.0,0.834,0.0,-0.0,0.0,1
2012-07-16 20:00:00+00:00,0.0407376,0.153293731844,0.042357938039999994,0.0,0.807,1.9391795081710557,1.9391795,0.3678421871184241,0.0,0.69890014,0.10809986000000005,0.0,0.008285515475606974,1
2012-07-16 20:30:00+00:00,0.0414387,0.15409561672175,0.043086924292499995,0.0,0.785,1.5260216134342135,1.5260216,0.36770290817105566,0.0,0.785,0.0,-0.0,0.0,1
2012-07-16 21:00:00+00:00,0.0408114,0.1533781407785,0.042434673434999994,0.0,0.82,1.2337651239605294,1.2337651,0.29225651343421344,0.0,0.55528733,0.26471267,0.0,0.020300568582556307,1
2012-07-16 21:30:00+00:00,0.0380439,0.15021280573475002,0.039557096122499996,0.0,0.817,1.2337651239605294,1.2337651,2.3960529338395986e-08,0.0,0.0,0.817,0.0,0.061361931142645376,1
2012-07-16 22:00:00+00:00,0.03562695,0.147448413129875,0.03704401193624999,0.0,0.688,1.2337651239605294,1.2337651,2.3960529338395986e-08,0.0,0.0,0.688,0.0,0.050722254116676996,1
2012-07-16 22:30:00+00:00,0.0438864,0.156895179716,0.04563198156,0.0,0.121,1.1700809134342136,1.1700809,0.2337651239605294,0.0,0.121,0.0,-0.0,0.0,1
2012-07-16 23:00:00+00:00,0.0363465,0.14827140024125,0.0377921820375,0.0,0.209,1.0600809134342135,1.0600809,0.1700809134342136,0.0,0.209,0.0,-0.0,0.0,1
2012-07-16 23:30:00+00:00,0.0352641,0.14703340253525,0.036666729577499994,0.0,0.129,1.0,1.0,0.06008091343421351,0.0,0.11415374,0.01484626,0.0,0.0010914480613614902,1
2012-07-17 00:00:00+00:00,0.0357192,0.098053924298,0.037139931179999995,0.0,0.122,1.5874999975000001,1.5875,0.5874999999999999,1.2368421,0.0,1.3588421,0.0,0.06661990020316767,1
2012-07-17 00:30:00+00:00,0.03433545,0.096471256776125,0.03570114252375,0.0,0.11,2.2999999975,2.3,0.7125000024999997,1.5,0.0,1.61,0.0,0.07765936170478063,1
2012-07-17 01:00:00+00:00,0.03436005,0.09649939308762502,0.03572672098875,0.0,0.122,3.0124999975,3.0125,0.7125000025000001,1.5,0.0,1.6219999999999999,0.0,0.07826100779406389,1
2012-07-17 01:30:00+00:00,0.0342801,0.09640795007524999,0.03564359097749999,0.0,0.092,3.7249999975,3.725,0.7125000025000001,1.5,0.0,1.592,0.0,0.076740728259899,1
2012-07-17 02:00:00+00:00,0.03406485,0.09616175734962502,0.03541977940875,0.0,0.098,4.4374999975,4.4375,0.7125000025000001,1.5,0.0,1.598,0.0,0.0768332441223504,1
2012-07-17 02:30:00+00:00,0.03343755,0.09544428140637501,0.03476752855125,0.0,0.118,5.1499999975,5.15,0.7125000025000006,1.5,0.0,1.6179999999999999,0.0,0.07721442365775738,1
2012-07-17 03:00:00+00:00,0.0328779,0.09480418031975,0.0341856184725,0.0,0.098,5.8624999975000005,5.8625,0.7125000024999997,1.5,0.0,1.598,0.0,0.07574854007548026,1
2012-07-17 03:30:00+00:00,0.03204765,0.093854579806625,0.03332234527874999,0.0,0.134,6.574999997500001,6.575,0.7125000024999997,1.5,0.0,1.634,0.0,0.07667919170201262,1
2012-07-17 04:00:00+00:00,0.0319431,0.09373500048275,0.0332136368025,0.0,0.092,7.287499997500001,7.2875,0.7125000024999988,1.5,0.0,1.592,0.0,0.07461306038426901,1
2012-07-17 04:30:00+00:00,0.0319062,0.09369279601550001,0.033175269105,0.0,0.136,7.999999997500002,8.0,0.7125000024999988,1.5,0.0,1.6360000000000001,0.0,0.07664070714067901,1
2012-07-17 05:00:00+00:00,0.03293325,0.324767487020625,0.03424317001874999,0.0,0.086,7.954736839605265,7.9547368,0.17081669750000117,0.0,0.086,0.0,-0.0,0.0,1
2012-07-17 05:30:00+00:00,0.0340095,0.32599845064875,0.0353622278625,0.0,0.098,7.903157892236844,7.9031579,0.1991761396052647,0.0,0.098,0.0,-0.0,0.0,1
2012-07-17 06:00:00+00:00,0.03223215,0.323965602142875,0.03351418376625,0.0,0.751,7.5078947343421065,7.5078947,0.23320369223684345,0.0,0.751,0.0,-0.0,0.0,1
2012-07-17 06:30:00+00:00,0.03589755,0.32815791255637505,0.03732537505125,0.0,1.06,6.949999997500001,6.95,0.26378873434210615,0.0,1.06,0.0,-0.0,0.0,1
2012-07-17 07:00:00+00:00,0.041574,0.33465036643500007,0.043227605849999996,0.0,1.142,6.348947365921053,6.3489474,0.2896911975000007,0.0,1.142,0.0,-0.0,0.0,1
2012-07-17 07:30:00+00:00,0.04426155,0.337724258466375,0.04602205315124999,0.088,1.086,5.823684208026316,5.8236842,0.30723266592105336,0.0,0.998,1.1102230246251565e-16,0.0,1.874746238619135e-17,1
2012-07-17 08:00:00+00:00,0.0523365,0.34696000271625005,0.0544181842875,0.238,1.03,5.406842102763158,5.4068421,0.31424650802631593,0.0,0.792,0.0,-0.0,0.0,1
2012-07-17 08:30:00+00:00,0.05092815,0.345349198882875,0.05295381716624999,0.344,0.761,5.187368418552632,5.1873684,0.31053700276315777,0.0,0.417,5.551115123125783e-17,0.0,9.585365803390506e-18,1
2012-07-17 09:00:00+00:00,0.04312995,0.336429988137375,0.04484544376125,0.406,0.267,5.253393418552632,5.2533934,0.2978761185526322,0.139,0.0,0.0,-0.0,0.0,1
2012-07-17 09:30:00+00:00,0.0414387,0.33449561672175004,0.043086924292499995,0.469,0.293,5.336993418552631,5.3369934,0.2795458185526316,0.176,0.0,0.0,-0.0,0.0,1
2012-07-17 10:00:00+00:00,0.04076835,0.33372890223337504,0.04238991112125,0.494,0.293,5.432468418552632,5.4324684,0.2595472185526315,0.201,0.0,0.0,-0.0,0.0,1
2012-07-17 10:30:00+00:00,0.04025175,0.333138039691875,0.041852763356249996,0.519,0.302,5.535543418552631,5.5355434,0.24168421855263134,0.217,0.0,0.0,-0.0,0.0,1
2012-07-17 11:00:00+00:00,0.03562695,0.147448413129875,0.03704401193624999,0.531,0.302,5.644318418552631,5.6443184,0.22875571855263122,0.229,0.0,0.0,-0.0,0.0,1
2012-07-17 11:30:00+00:00,0.03449535,0.146154142800875,0.03586740254625,0.525,0.545,5.633792102763158,5.6337921,0.03760361855263117,0.0,0.02,1.734723475976807e-17,0.0,1.2676851131397226e-18,1
2012-07-17 12:00:00+00:00,0.0344769,0.14613304056725002,0.035848218697499996,0.506,0.838,5.6067147732894735,5.6067148,0.027077302763157896,0.0,0.051446926,0.28055307399999996,0.0,0.020499036872054344,1
2012-07-17 12:30:00+00:00,0.03442155,0.146069733866375,0.035790667151250004,0.475,0.442,5.622389773289473,5.6223898,2.6710526235262932e-08,0.033,0.0,0.0,-0.0,0.0,1
2012-07-17 13:00:00+00:00,0.0336651,0.14520454228775,0.035004129352499996,0.431,0.336,5.667514773289473,5.6675148,2.6710526235262932e-08,0.095,0.0,5.551115123125783e-17,0.0,4.0302356532004316e-18,1
2012-07-17 13:30:00+00:00,0.03364665,0.14518344005412498,0.034984945503749997,0.375,0.244,5.729739773289473,5.7297398,2.6710527123441352e-08,0.131,0.0,0.0,-0.0,0.0,1
2012-07-17 14:00:00+00:00,0.03343755,0.144944281406375,0.03476752855125,0.306,0.318,5.729739773289473,5.7297398,2.6710527123441352e-08,0.0,0.0,0.01200000000000001,0.0,0.0008696656884382508,1
2012-07-17 14:30:00+00:00,0.0330501,0.14450113450025,0.0343646677275,0.231,0.392,5.729739773289473,5.7297398,2.6710527123441352e-08,0.0,0.0,0.161,0.0,0.011632341327270127,1
2012-07-17 15:00:00+00:00,0.03287175,0.144297146241875,0.034179223856249996,0.144,0.373,5.729739773289473,5.7297398,2.6710527123441352e-08,0.0,0.0,0.229,0.0,0.01652202324469469,1
2012-07-17 15:30:00+00:00,0.0331485,0.14461367974624997,0.034466981587499994,0.063,0.278,5.729739773289473,5.7297398,2.6710527123441352e-08,0.0,0.0,0.21500000000000002,0.0,0.015545970572721874,1
2012-07-17 16:00:00+00:00,0.03376965,0.145324121611625,0.03511283782875,0.019,0.294,5.729739773289473,5.7297398,2.6710527123441352e-08,0.0,0.0,0.27499999999999997,0.0,0.019982066721598437,1
2012-07-17 16:30:00+00:00,0.0342678,0.1458938819195,0.035630801744999996,0.0,0.303,5.606714773289473,5.6067148,0.12302497328947304,0.0,0.2337475,0.0692525,0.0,0.0050517580288150865,1
2012-07-17 17:00:00+00:00,0.03568845,0.14751875390862498,0.03710795809874999,0.0,0.312,5.442504246973683,5.4425042,0.31430857328947237,0.0,0.312,0.0,-0.0,0.0,1
2012-07-17 17:30:00+00:00,0.0417093,0.15440511614825,0.04336828740749999,0.0,0.569,5.1430305627631565,5.1430306,0.34068774697368287,0.0,0.569,0.0,-0.0,0.0,1
2012-07-17 18:00:00+00:00,0.0576747,0.17266558231174997,0.059968711192499996,0.0,0.551,4.8530305627631565,4.8530306,0.36725756276315646,0.0,0.551,0.0,-0.0,0.0,1
2012-07-17 18:30:00+00:00,0.0560142,0.1707663812855,0.058242164804999996,0.0,0.356,4.665662141710525,4.6656621,0.38994486276315676,0.0,0.356,0.0,-0.0,0.0,1
2012-07-17 19:00:00+00:00,0.04940295,0.16320474756987502,0.051367952336249995,0.0,0.914,4.184609510131578,4.1846095,0.4047011417105253,0.0,0.914,0.0,-0.0,0.0,1
2012-07-17 19:30:00+00:00,0.0443907,0.15747197410174998,0.04615634009249999,0.0,0.777,3.775662141710525,3.7756621,0.40790171013157783,0.0,0.777,0.0,-0.0,0.0,1
2012-07-17 20:00:00+00:00,0.0453747,0.15859742656175,0.04717947869249999,0.0,1.224,3.131451615394736,3.1314516,0.3994665417105252,0.0,1.224,0.0,-0.0,0.0,1
2012-07-17 20:30:00+00:00,0.04322835,0.156142533383375,0.044947757621249994,0.0,0.911,2.6519779311842093,2.6519779,0.3790832153947359,0.0,0.911,0.0,-0.0,0.0,1
2012-07-17 21:00:00+00:00,0.04156785,0.154243332357125,0.04322121123375,0.0,1.18,2.030925299605262,2.0309253,0.3492293311842092,0.0,1.18,0.0,-0.0,0.0,1
2012-07-17 21:30:00+00:00,0.03694305,0.148953705795125,0.038412459813749994,0.0,0.697,1.664083194342104,1.6640832,0.31408449960526186,0.0,0.697,0.0,-0.0,0.0,1
2012-07-17 22:00:00+00:00,0.03463065,0.146308892514125,0.03600808410375,0.0,0.438,1.6618888992894723,1.6618889,0.002194294342104053,0.0,0.0041691606,0.4338308394,0.0,0.03173665482554361,1
2012-07-17 22:30:00+00:00,0.03715215,0.149192864442875,0.03862987676625,0.0,0.127,1.5950467940263144,1.5950468,0.24554799928947224,0.0,0.127,0.0,-0.0,0.0,1
2012-07-17 23:00:00+00:00,0.0346614,0.14634406290350002,0.036040057185,0.0,0.128,1.527678372973683,1.5276784,0.21822209402631443,0.0,0.128,0.0,-0.0,0.0,1
2012-07-17 23:30:00+00:00,0.03543015,0.14722332263787502,0.03683938421625,0.0,0.092,1.479257320342104,1.4792573,0.1981188729736829,0.0,0.092,0.0,-0.0,0.0,1
2012-07-18 00:00:00+00:00,0.03347445,0.09548648587362503,0.03480589624875,0.0,0.186,2.191757320342104,2.1917573,0.7124999796578959,1.5,0.0,1.686,0.0,0.0804951075914659,1
2012-07-18 00:30:00+00:00,0.0337143,0.09576081491075002,0.0350552862825,0.0,0.167,2.904257320342104,2.9042573,0.7124999796578959,1.5,0.0,1.667,0.0,0.07981663922811014,1
2012-07-18 01:00:00+00:00,0.03404025,0.096133621038125,0.035394200943749995,0.0,0.097,3.012500002092104,3.0125,0.10824267965789636,0.22787933,0.0,0.32487933,0.0,0.01561591319666998,1
2012-07-18 01:30:00+00:00,0.0332469,0.09522622499225,0.0345692954475,0.0,0.123,3.725000002092104,3.725,0.7124999979078961,1.5,0.0,1.623,0.0,0.07727608158121088,1
2012-07-18 02:00:00+00:00,0.0324351,0.09429772671275001,0.0337252061025,0.0,0.109,4.437500002092104,4.4375,0.7124999979078961,1.5,0.0,1.609,0.0,0.07586252114040738,1
2012-07-18 02:30:00+00:00,0.03215835,0.09398119320837502,0.03343744837125,0.0,0.172,5.150000002092105,5.15,0.7124999979078961,1.5,0.0,1.672,0.0,0.07856827752220151,1
2012-07-18 03:00:00+00:00,0.0310944,0.09276429773600002,0.03233117976,0.0,0.16,5.862500002092105,5.8625,0.7124999979078952,1.5,0.0,1.66,0.0,0.07699436712088001,1
2012-07-18 03:30:00+00:00,0.0311559,0.09283463851475002,0.0323951259225,0.0,0.098,6.575000002092105,6.575,0.7124999979078952,1.5,0.0,1.598,0.0,0.07417487617328526,1
2012-07-18 04:00:00+00:00,0.0305901,0.09218750335025,0.0318068212275,0.0,0.123,7.287500002092106,7.2875,0.7124999979078943,1.5,0.0,1.623,0.0,0.07481015896872788,1
2012-07-18 04:30:00+00:00,0.03075,0.092370389375,0.03197308124999999,0.0,0.103,8.0,8.0,0.7124999979078943,1.5,0.0,1.603,0.0,0.0740348670840625,1
2012-07-18 05:00:00+00:00,0.0313896,0.323001933474,0.03263812133999999,0.0,0.11,7.942105263157894,7.9421053,0.18196100000000026,0.0,0.11,0.0,-0.0,0.0,1
2012-07-18 05:30:00+00:00,0.03364665,0.325583440054125,0.034984945503749997,0.0,0.11,7.884210526315789,7.8842105,0.21017006315789466,0.0,0.11,0.0,-0.0,0.0,1
2012-07-18 06:00:00+00:00,0.03060855,0.32210860558387505,0.031826005076250004,0.0,0.129,7.816315789473683,7.8163158,0.24404512631578879,0.0,0.129,0.0,-0.0,0.0,1
2012-07-18 06:30:00+00:00,0.0343539,0.32639235900975005,0.03572032637249999,0.0,0.733,7.430526315789472,7.4305263,0.2745166894736828,0.0,0.733,0.0,-0.0,0.0,1
2012-07-18 07:00:00+00:00,0.0379947,0.33055653311175004,0.03950593919249999,0.0,0.942,6.934736842105262,6.9347368,0.3003223157894723,0.0,0.942,0.0,-0.0,0.0,1
2012-07-18 07:30:00+00:00,0.0374289,0.32990939794725005,0.0389176344975,0.006,1.113,6.352105263157894,6.3521053,0.31778064210526225,0.0,1.107,0.0,-0.0,0.0,1
2012-07-18 08:00:00+00:00,0.04058385,0.333517879897125,0.04219807263374999,0.069,1.173,5.7710526315789465,5.7710526,0.3247185631578935,0.0,1.104,0.0,-0.0,0.0,1
2012-07-18 08:30:00+00:00,0.04054695,0.333475675429875,0.04215970493624999,0.2,1.267,5.209473684210526,5.2094737,0.32093163157894633,0.0,1.067,0.0,-0.0,0.0,1
2012-07-18 09:00:00+00:00,0.0392001,0.33193521237525003,0.0407592839775,0.169,1.206,4.663684210526315,4.6636842,0.3081825842105257,0.0,1.037,0.0,-0.0,0.0,1
2012-07-18 09:30:00+00:00,0.0391755,0.33190707606375003,0.0407337055125,0.163,0.941,4.254210526315789,4.2542105,0.2897447105263158,0.0,0.778,0.0,1.1102230246251565e-16,-2.2611748869139083e-18,1
2012-07-18 10:00:00+00:00,0.03686925,0.329269296860625,0.038335724418749995,0.363,0.841,4.002631578947367,4.0026316,0.26961242631578886,0.0,0.478,0.0,-0.0,0.0,1
2012-07-18 10:30:00+00:00,0.034563,0.32663151765750004,0.035937743325,0.244,0.803,3.7084210526315777,3.7084211,0.25158597894736756,0.0,0.559,0.0,-0.0,0.0,1
2012-07-18 11:00:00+00:00,0.0347598,0.14645660814949998,0.036142371044999996,0.531,0.59,3.7084210526315777,3.7084211,4.736842207364589e-08,0.0,0.0,0.05899999999999994,0.0,0.004320469940410245,1
2012-07-18 11:30:00+00:00,0.03437235,0.146013461243375,0.03573951022125,0.525,0.614,3.7084210526315777,3.7084211,4.736842207364589e-08,0.0,0.0,0.08899999999999997,0.0,0.006497599025330185,1
2012-07-18 12:00:00+00:00,0.03381885,0.145380394234625,0.03516399475874999,0.5,0.457,3.7288460526315776,3.7288461,4.736842207364589e-08,0.043,0.0,0.0,-0.0,0.0,1
2012-07-18 12:30:00+00:00,0.03284715,0.144269009930375,0.03415364539125,0.469,0.269,3.823846052631578,3.8238461,4.73684225177351e-08,0.2,0.0,5.551115123125783e-17,0.0,4.004269414114442e-18,1
2012-07-18 13:00:00+00:00,0.03164175,0.142890330666875,0.03290030060625,0.438,0.307,3.886071052631578,3.8860711,4.736842207364589e-08,0.131,0.0,0.0,-0.0,0.0,1
2012-07-18 13:30:00+00:00,0.0330132,0.144458930033,0.03432630003,0.388,0.267,3.943546052631578,3.9435461,4.736842207364589e-08,0.121,0.0,0.0,-0.0,0.0,1
2012-07-18 14:00:00+00:00,0.0318078,0.14308025076949998,0.033072955244999994,0.275,0.845,3.943546052631578,3.9435461,4.736842162955668e-08,0.0,0.0,0.57,0.0,0.04077787146930749,1
2012-07-18 14:30:00+00:00,0.03156795,0.142805921732375,0.032823565211249996,0.244,0.65,3.943546052631578,3.9435461,4.736842162955668e-08,0.0,0.0,0.406,0.0,0.028989602111672126,1
2012-07-18 15:00:00+00:00,0.0314757,0.14270041056425,0.0327276459675,0.125,0.679,3.943546052631578,3.9435461,4.736842162955668e-08,0.0,0.0,0.554,0.0,0.03952801372629725,1
2012-07-18 15:30:00+00:00,0.03220755,0.143537465831375,0.033488605301249995,0.081,0.582,3.943546052631578,3.9435461,4.736842162955668e-08,0.0,0.0,0.501,0.0,0.035956135190759436,1
2012-07-18 16:00:00+00:00,0.0330009,0.14444486187724997,0.034313510797499995,0.019,0.621,3.943546052631578,3.9435461,4.736842162955668e-08,0.0,0.0,0.602,0.0,0.04347790342505224,1
2012-07-18 16:30:00+00:00,0.03485205,0.146562119317625,0.036238290288749996,0.013,0.575,3.943546052631578,3.9435461,4.736842162955668e-08,0.0,0.0,0.5619999999999999,0.0,0.04118395552825262,1
2012-07-18 17:00:00+00:00,0.03492585,0.14664652825212499,0.036315025683749995,0.0,0.504,3.943546052631578,3.9435461,4.736842162955668e-08,0.0,0.0,0.504,0.0,0.0369549251195355,1
2012-07-18 17:30:00+00:00,0.0414879,0.15415188934475,0.04313808122249999,0.0,0.606,3.6245986842105253,3.6245987,0.34604925263157815,0.0,0.606,0.0,-0.0,0.0,1
2012-07-18 18:00:00+00:00,0.04959975,0.163429838061875,0.05157258005625,0.0,0.603,3.307230263157894,3.3072303,0.3722734842105253,0.0,0.603,0.0,-0.0,0.0,1
2012-07-18 18:30:00+00:00,0.05277315,0.167059422245375,0.05487220204124999,0.0,0.785,2.8940723684210514,2.8940724,0.3946354631578939,0.0,0.785,0.0,-0.0,0.0,1
2012-07-18 19:00:00+00:00,0.04889865,0.162627953184125,0.050843593803750003,0.0,0.718,2.5161776315789464,2.5161776,0.40908556842105126,0.0,0.718,0.0,-0.0,0.0,1
2012-07-18 19:30:00+00:00,0.0419922,0.1547286837305,0.043662439755,0.0,0.68,2.158282894736841,2.1582829,0.4119995315789464,0.0,0.68,0.0,-0.0,0.0,1
2012-07-18 20:00:00+00:00,0.03984585,0.152273790552125,0.04143071868375,0.0,0.672,1.804598684210525,1.8045987,0.40328189473684084,0.0,0.672,0.0,-0.0,0.0,1
2012-07-18 20:30:00+00:00,0.039729,0.15214014307249998,0.041309220975,0.0,0.552,1.5140723684210513,1.5140724,0.38262158421052495,0.0,0.552,0.0,-0.0,0.0,1
2012-07-18 21:00:00+00:00,0.03919395,0.151528178297375,0.040752889361249996,0.0,0.301,1.3556513157894723,1.3556513,0.2661191684210513,0.0,0.301,0.0,-0.0,0.0,1
2012-07-18 21:30:00+00:00,0.0363342,0.1482573320855,0.03777939280499999,0.0,0.265,1.3556513157894723,1.3556513,1.5789472396221527e-08,0.0,0.0,0.265,0.0,0.01964409650132875,1
2012-07-18 22:00:00+00:00,0.03428625,0.145914984153125,0.035649985593749996,0.0,0.32,1.3556513157894723,1.3556513,1.5789472396221527e-08,0.0,0.0,0.32,0.0,0.023346397464500002,1
2012-07-18 22:30:00+00:00,0.0449073,0.15806283664325002,0.0466934878575,0.0,0.3,1.197756578947367,1.1977566,0.24795321578947238,0.0,0.3,0.0,-0.0,0.0,1
2012-07-18 23:00:00+00:00,0.03631575,0.148236229851875,0.03776020895625,0.0,0.181,1.197756578947367,1.1977566,2.105263297025317e-08,0.0,0.0,0.181,0.0,0.013415378801594689,1
2012-07-18 23:30:00+00:00,0.03770565,0.149825931451625,0.03920539222875,0.0,0.097,1.1467039473684195,1.1467039,0.19775657894736698,0.0,0.097,0.0,-0.0,0.0,1
2012-07-19 00:00:00+00:00,0.03556545,0.09787807235112501,0.03698006577375,0.0,0.128,1.5875000001184194,1.5875,0.4407960526315804,0.92799169,0.0,1.05599169,0.0,0.051679215518003384,1
2012-07-19 00:30:00+00:00,0.0338127,0.09587336015675002,0.0351576001425,0.0,0.123,2.3000000001184193,2.3,0.7124999998815804,1.5,0.0,1.623,0.0,0.07780123176720265,1
2012-07-19 01:00:00+00:00,0.0328164,0.09473383954100002,0.03412167231,0.0,0.105,3.0125000001184192,3.0125,0.7124999998815809,1.5,0.0,1.605,0.0,0.07602390623165252,1
2012-07-19 01:30:00+00:00,0.0342186,0.09633760929650001,0.035579644815000006,0.0,0.129,3.725000000118419,3.725,0.7124999998815809,1.5,0.0,1.629,0.0,0.07846698277199926,1
2012-07-19 02:00:00+00:00,0.0335421,0.09556386073025,0.03487623702749999,0.0,0.111,4.437500000118419,4.4375,0.7124999998815809,1.5,0.0,1.611,0.0,0.07697668981821637,1
2012-07-19 02:30:00+00:00,0.03338835,0.09538800878337499,0.03471637162124999,0.0,0.122,5.150000000118419,5.15,0.7124999998815813,1.5,0.0,1.6219999999999999,0.0,0.07735967512331711,1
2012-07-19 03:00:00+00:00,0.032103,0.0939178865075,0.033379896825,0.0,0.084,5.86250000011842,5.8625,0.7124999998815804,1.5,0.0,1.584,0.0,0.07438296611394,1
2012-07-19 03:30:00+00:00,0.03182625,0.093601353003125,0.03309213909375,0.0,0.124,6.57500000011842,6.575,0.7124999998815804,1.5,0.0,1.624,0.0,0.0760042986385375,1
2012-07-19 04:00:00+00:00,0.0319185,0.09370686417125001,0.0331880583375,0.0,0.099,7.2875000001184205,7.2875,0.7124999998815795,1.5,0.0,1.599,0.0,0.07491863790491439,1
2012-07-19 04:30:00+00:00,0.03321615,0.09519105460287501,0.03453732236625,0.0,0.098,8.0,8.0,0.7124999998815795,1.5,0.0,1.598,0.0,0.07605765262769713,1
2012-07-19 05:00:00+00:00,0.0334068,0.32530911101700005,0.03473555546999999,0.0,0.136,7.928421052631579,7.9284211,0.1806701000000004,0.0,0.136,0.0,-0.0,0.0,1
2012-07-19 05:30:00+00:00,0.0367647,0.32914971753675004,0.0382270159425,0.0,0.097,7.877368421052632,7.8773684,0.20859075263157933,0.0,0.097,0.0,-0.0,0.0,1
2012-07-19 06:00:00+00:00,0.0343908,0.326434563477,0.03575869406999999,0.0,0.123,7.812631578947369,7.8126316,0.24218572105263192,0.0,0.123,0.0,-0.0,0.0,1
2012-07-19 06:30:00+00:00,0.0408852,0.333862549713,0.04251140882999999,0.0,0.085,7.767894736842106,7.7678947,0.27242587894736925,0.0,0.085,0.0,-0.0,0.0,1
2012-07-19 07:00:00+00:00,0.04289625,0.336162693178125,0.04460244834374999,0.0,1.084,7.197368421052632,7.1973684,0.2980259368421052,0.0,1.084,0.0,-0.0,0.0,1
2012-07-19 07:30:00+00:00,0.04001805,0.332870744732625,0.04160976793874999,0.031,1.256,6.552631578947368,6.5526316,0.3153007210526315,0.0,1.225,0.0,-0.0,0.0,1
2012-07-19 08:00:00+00:00,0.0460635,0.33978524328375,0.047895675712499995,0.188,1.48,5.872631578947368,5.8726316,0.3220701789473681,0.0,1.292,0.0,-0.0,0.0,1
2012-07-19 08:30:00+00:00,0.0430254,0.33631040881350005,0.044736735284999996,0.331,1.312,5.356315789473684,5.3563158,0.31812067894736806,0.0,0.981,1.1102230246251565e-16,0.0,1.8668977964292346e-17,1
2012-07-19 09:00:00+00:00,0.0413157,0.33435493516425,0.0429590319675,0.406,1.195,4.941052631578947,4.9410526,0.30520478947368446,0.0,0.789,0.0,-0.0,0.0,1
2012-07-19 09:30:00+00:00,0.04081755,0.33378517485637504,0.04244106805125,0.463,1.102,4.604736842105263,4.6047368,0.2865868315789477,0.0,0.639,0.0,-0.0,0.0,1
2012-07-19 10:00:00+00:00,0.0396921,0.33249793860525007,0.0412708532775,0.513,0.982,4.357894736842105,4.3578947,0.26625414210526266,0.0,0.469,0.0,-0.0,0.0,1
2012-07-19 10:30:00+00:00,0.0357684,0.32801019692100003,0.03719108811,0.531,0.965,4.1294736842105255,4.1294737,0.24800233684210493,0.0,0.434,0.0,5.551115123125783e-17,-1.0322600582646224e-18,1
2012-07-19 11:00:00+00:00,0.0346737,0.14635813105925,0.0360528464175,0.538,1.09,4.1294736842105255,4.1294737,1.5789474616667576e-08,0.0,0.0,0.552,0.0,0.040394844172353,1
2012-07-19 11:30:00+00:00,0.03440925,0.146055665710625,0.03577787791875,0.488,1.165,4.1294736842105255,4.1294737,1.5789474616667576e-08,0.0,0.0,0.677,0.0,0.04943984284304657,1
2012-07-19 12:00:00+00:00,0.03410175,0.14570396181687498,0.03545814710625,0.506,1.199,4.1294736842105255,4.1294737,1.5789474616667576e-08,0.0,0.0,0.6930000000000001,0.0,0.050486422769547186,1
2012-07-19 12:30:00+00:00,0.03368355,0.145225644521375,0.03502331320125,0.194,1.003,4.1294736842105255,4.1294737,1.5789474616667576e-08,0.0,0.0,0.8089999999999999,0.0,0.05874377320889619,1
2012-07-19 13:00:00+00:00,0.0344031,0.14604863163275,0.0357714833025,0.2,0.773,4.1294736842105255,4.1294737,1.5789474616667576e-08,0.0,0.0,0.573,0.0,0.041842932962782874,1
2012-07-19 13:30:00+00:00,0.03445845,0.146111938333625,0.035829034848750003,0.194,1.415,4.1294736842105255,4.1294737,1.5789474616667576e-08,0.0,0.0,1.221,0.0,0.08920133835267807,1
2012-07-19 14:00:00+00:00,0.03415095,0.145760234439875,0.035509304036249995,0.1,0.913,4.1294736842105255,4.1294737,1.5789474616667576e-08,0.0,0.0,0.8130000000000001,0.0,0.0592515352998092,1
2012-07-19 14:30:00+00:00,0.03388035,0.145450735013375,0.03522794092124999,0.15,1.227,4.1294736842105255,4.1294737,1.5789474616667576e-08,0.0,0.0,1.0770000000000002,0.0,0.07832522080470244,1
2012-07-19 15:00:00+00:00,0.0334314,0.1449372473285,0.034761133934999994,0.175,0.769,4.1294736842105255,4.1294737,1.5789474616667576e-08,0.0,0.0,0.5940000000000001,0.0,0.043046362456564506,1
2012-07-19 15:30:00+00:00,0.0339357,0.14551404171425,0.0352854924675,0.05,0.781,4.1294736842105255,4.1294737,1.5789474616667576e-08,0.0,0.0,0.731,0.0,0.053185382246558374,1
2012-07-19 16:00:00+00:00,0.0343293,0.14596422269825002,0.0356947479075,0.05,0.797,4.1294736842105255,4.1294737,1.5789474616667576e-08,0.0,0.0,0.747,0.0,0.05451763717779638,1
2012-07-19 16:30:00+00:00,0.03479055,0.146491778538875,0.03617434412625,0.025,0.854,4.1294736842105255,4.1294737,1.5789474616667576e-08,0.0,0.0,0.829,0.0,0.06072084220436368,1
2012-07-19 17:00:00+00:00,0.03363435,0.145169371898375,0.03497215627125,0.013,0.723,4.1294736842105255,4.1294737,1.5789474616667576e-08,0.0,0.0,0.71,0.0,0.05153512702392313,1
2012-07-19 17:30:00+00:00,0.0381669,0.15035348729225,0.03968498844749999,0.0,1.057,3.6572337736842098,3.6572338,0.3374308842105256,0.0,0.89725583,0.15974416999999996,0.0,0.01200904651705301,1
2012-07-19 18:00:00+00:00,0.0493845,0.16318364533625,0.05134876848749999,0.0,0.827,3.221970615789473,3.2219706,0.36329737368420956,0.0,0.827,0.0,-0.0,0.0,1
2012-07-19 18:30:00+00:00,0.04718895,0.160672479534875,0.04906589048624999,0.0,1.01,2.690391668421052,2.6903917,0.38532571578947294,0.0,1.01,0.0,-0.0,0.0,1
2012-07-19 19:00:00+00:00,0.04605735,0.159378209205875,0.04788928109624999,0.0,0.877,2.2288127210526305,2.2288127,0.3994654684210519,0.0,0.877,0.0,-0.0,0.0,1
2012-07-19 19:30:00+00:00,0.0390525,0.15136639450625,0.04060581318749999,0.0,0.914,2.1070521315789463,2.1070521,0.1217606210526303,0.0,0.23134512,0.6826548800000001,0.0,0.05166550393884838,1
2012-07-19 20:00:00+00:00,0.0391509,0.15147893975225,0.0407081270475,0.0,0.845,1.7139536578947356,1.7139537,0.3930984315789463,0.0,0.7468871,0.09811289999999995,0.0,0.00743101903400926,1
2012-07-19 20:30:00+00:00,0.0434436,0.156388726109,0.04517156919,0.0,0.918,1.2307957631578934,1.2307958,0.37217175789473567,0.0,0.918,0.0,-0.0,0.0,1
2012-07-19 21:00:00+00:00,0.0420783,0.15482716082075,0.0437519643825,0.0,0.878,1.0,1.0,0.2307957631578934,0.0,0.43851195,0.43948805,0.0,0.034022343498073905,1
2012-07-19 21:30:00+00:00,0.0376134,0.1497204202835,0.039109472985,0.0,0.85,1.0,1.0,0.0,0.0,0.0,0.85,0.0,0.06363117862048749,1
2012-07-19 22:00:00+00:00,0.03324075,0.14471919091437502,0.03456290083124999,0.0,0.92,1.0,1.0,0.0,0.0,0.0,0.92,0.0,0.06657082782061251,1
2012-07-19 22:30:00+00:00,0.03814845,0.150332385058625,0.03966580459875,0.0,0.881,1.0,1.0,0.0,0.0,0.0,0.881,0.0,0.06622141561832431,1
2012-07-19 23:00:00+00:00,0.0348459,0.14655508523975,0.0362318956725,0.0,0.596,1.0,1.0,0.0,0.0,0.0,0.596,0.0,0.043673415401445495,1
2012-07-19 23:30:00+00:00,0.03560235,0.147420276818375,0.037018433471249994,0.0,0.078,1.0,1.0,0.0,0.0,0.0,0.078,0.0,0.005749390795916625,1
2012-07-20 00:00:00+00:00,0.0339357,0.09601404171425001,0.0352854924675,0.0,0.141,1.7125,1.7125,0.7124999999999999,1.5,0.0,1.641,0.0,0.07877952122654214,1
2012-07-20 00:30:00+00:00,0.03405255,0.09614768919387501,0.03540699017625,0.0,0.067,2.425,2.425,0.7124999999999999,1.5,0.0,1.567,0.0,0.07533171448340106,1
2012-07-20 01:00:00+00:00,0.03422475,0.096344643374375,0.035586039431249994,0.0,0.14,3.0124999975,3.0125,0.5875000000000004,1.2368421,0.0,1.3768421000000002,0.0,0.06632568055366278,1
2012-07-20 01:30:00+00:00,0.034194,0.09630947298500002,0.03555406635,0.0,0.104,3.7249999975,3.725,0.7125000025000001,1.5,0.0,1.604,0.0,0.07724019733397001,1
2012-07-20 02:00:00+00:00,0.03325305,0.09523325907012499,0.03457569006375,0.0,0.099,4.4374999975,4.4375,0.7125000025000001,1.5,0.0,1.599,0.0,0.07613899062656493,1
2012-07-20 02:30:00+00:00,0.0319431,0.09373500048275,0.0332136368025,0.0,0.111,5.1499999975,5.15,0.7125000025000006,1.5,0.0,1.611,0.0,0.07550354288885514,1
2012-07-20 03:00:00+00:00,0.03204765,0.093854579806625,0.03332234527874999,0.0,0.077,5.8624999975000005,5.8625,0.7125000024999997,1.5,0.0,1.577,0.0,0.0740043361775238,1
2012-07-20 03:30:00+00:00,0.0312543,0.09294718376075,0.0324974397825,0.0,0.137,6.574999997500001,6.575,0.7125000024999997,1.5,0.0,1.637,0.0,0.07607726990817387,1
2012-07-20 04:00:00+00:00,0.03138345,0.093094899396125,0.03263172672375,0.0,0.074,7.287499997500001,7.2875,0.7125000024999988,1.5,0.0,1.574,0.0,0.07326568582475038,1
2012-07-20 04:30:00+00:00,0.0323367,0.09418518146675,0.0336228922425,0.0,0.142,7.999999997500002,8.0,0.7125000024999988,1.5,0.0,1.642,0.0,0.07732603398420175,1
2012-07-20 05:00:00+00:00,0.03283485,0.32465494177462506,0.034140856158749996,0.0,0.172,7.909473681710528,7.9094737,0.16705029750000122,0.0,0.172,0.0,-0.0,0.0,1
2012-07-20 05:30:00+00:00,0.03225675,0.323993738454375,0.03353976223125,0.0,0.142,7.834736839605265,7.8347368,0.19490968171052803,0.0,0.142,0.0,-0.0,0.0,1
2012-07-20 06:00:00+00:00,0.0346983,0.32678626737075006,0.0360784248825,0.0,0.092,7.786315786973685,7.7863158,0.22847083960526504,0.0,0.092,0.0,-0.0,0.0,1
2012-07-20 06:30:00+00:00,0.0381423,0.33072535098075007,0.03965940998249999,0.0,0.771,7.380526313289475,7.3805263,0.25874588697368583,0.0,0.771,0.0,-0.0,0.0,1
2012-07-20 07:00:00+00:00,0.04455675,0.33806189420437505,0.046328994731249996,0.0,1.073,6.815789471184212,6.8157895,0.28442731328947524,0.0,1.073,0.0,-0.0,0.0,1
2012-07-20 07:30:00+00:00,0.0421029,0.33525529713225005,0.043777542847499996,0.069,1.376,6.127894734342107,6.1278947,0.30182687118421203,0.0,1.307,0.0,-0.0,0.0,1
2012-07-20 08:00:00+00:00,0.0507375,0.34513114246875,0.05275558406249999,0.225,1.398,5.510526313289475,5.5105263,0.30875793434210674,0.0,1.173,0.0,2.220446049250313e-16,-5.8570464103735445e-18,1
2012-07-20 08:30:00+00:00,0.04978425,0.3440408603981251,0.05176441854375,0.331,1.222,5.041578944868422,5.0415789,0.3049982132894744,0.0,0.891,0.0,-0.0,0.0,1
2012-07-20 09:00:00+00:00,0.0410697,0.33407357204925,0.0427032473175,0.413,1.163,4.646842102763159,4.6468421,0.2922909448684221,0.0,0.75,0.0,-0.0,0.0,1
2012-07-20 09:30:00+00:00,0.0396429,0.33244166598225006,0.041219696347499994,0.469,1.165,4.280526313289475,4.2805263,0.27389160276315927,0.0,0.696,1.1102230246251565e-16,0.0,1.8454219595911983e-17,1
2012-07-20 10:00:00+00:00,0.03971055,0.33251904083887507,0.04129003712625,0.506,1.115,3.9599999975000015,3.96,0.25378081328947566,0.0,0.609,0.0,-0.0,0.0,1
2012-07-20 10:30:00+00:00,0.03832065,0.330929339239125,0.039844853853749994,0.544,0.755,3.8489473659210542,3.8489474,0.23575009750000175,0.0,0.211,0.0,2.7755575615628914e-17,-5.529584270157205e-19,1
2012-07-20 11:00:00+00:00,0.03707835,0.149108455508375,0.03855314137125,0.406,1.075,3.8489473659210542,3.8489474,3.40789458874724e-08,0.0,0.0,0.6689999999999999,0.0,0.04987677836755144,1
2012-07-20 11:30:00+00:00,0.0348582,0.1465691533955,0.036244684905,0.519,0.906,3.8489473659210542,3.8489474,3.40789458874724e-08,0.0,0.0,0.387,0.0,0.02836113118202925,1
2012-07-20 12:00:00+00:00,0.03449535,0.146154142800875,0.03586740254625,0.525,1.299,3.8489473659210542,3.8489474,3.40789458874724e-08,0.0,0.0,0.7739999999999999,0.0,0.05656165326393862,1
2012-07-20 12:30:00+00:00,0.03444615,0.146097870177875,0.03581624561625,0.444,0.773,3.8489473659210542,3.8489474,3.40789458874724e-08,0.0,0.0,0.329,0.0,0.02403309964426044,1
2012-07-20 13:00:00+00:00,0.03376965,0.145324121611625,0.03511283782875,0.45,0.755,3.8489473659210542,3.8489474,3.40789458874724e-08,0.0,0.0,0.305,0.0,0.022161928545772813,1
2012-07-20 13:30:00+00:00,0.03413865,0.145746166284125,0.03549651480375,0.356,0.643,3.8489473659210542,3.8489474,3.40789458874724e-08,0.0,0.0,0.28700000000000003,0.0,0.02091457486177194,1
2012-07-20 14:00:00+00:00,0.03326535,0.144747327225875,0.034588479296249995,0.313,0.554,3.8489473659210542,3.8489474,3.40789458874724e-08,0.0,0.0,0.24100000000000005,0.0,0.01744205293071794,1
2012-07-20 14:30:00+00:00,0.0337758,0.1453311556895,0.035119232445,0.244,0.462,3.8489473659210542,3.8489474,3.40789458874724e-08,0.0,0.0,0.21800000000000003,0.0,0.0158410959701555,1
2012-07-20 15:00:00+00:00,0.0338373,0.14540149646824999,0.0351831786075,0.119,0.936,3.8489473659210542,3.8489474,3.40789458874724e-08,0.0,0.0,0.8170000000000001,0.0,0.059396511307280124,1
2012-07-20 15:30:00+00:00,0.03375735,0.145310053455875,0.03510004859625,0.081,0.698,3.8489473659210542,3.8489474,3.40789458874724e-08,0.0,0.0,0.617,0.0,0.04482815149113744,1
2012-07-20 16:00:00+00:00,0.0343416,0.14597829085400002,0.035707537139999995,0.031,0.527,3.8489473659210542,3.8489474,3.40789458874724e-08,0.0,0.0,0.496,0.0,0.03620261613179201,1
2012-07-20 16:30:00+00:00,0.0360144,0.14789156003599999,0.03744687275999999,0.013,0.505,3.8489473659210542,3.8489474,3.40789458874724e-08,0.0,0.0,0.492,0.0,0.03638132376885599,1
2012-07-20 17:00:00+00:00,0.0369615,0.14897480802875,0.038431643662499994,0.006,0.55,3.8489473659210542,3.8489474,3.40789458874724e-08,0.0,0.0,0.544,0.0,0.04052114778382,1
2012-07-20 17:30:00+00:00,0.0392739,0.15161962130974999,0.0408360193725,0.0,0.749,3.8489473659210542,3.8489474,3.40789458874724e-08,0.0,0.0,0.749,0.0,0.05678154818050137,1
2012-07-20 18:00:00+00:00,0.04533165,0.158548188016625,0.047134716378750004,0.0,0.597,3.534736839605265,3.5347368,0.3552549659210542,0.0,0.597,0.0,-0.0,0.0,1
2012-07-20 18:30:00+00:00,0.0476994,0.16125630799850002,0.049596643635,0.0,0.608,3.214736839605265,3.2147368,0.37776863960526486,0.0,0.608,0.0,-0.0,0.0,1
2012-07-20 19:00:00+00:00,0.0468384,0.160271537096,0.048701397359999996,0.0,0.675,2.8594736817105284,2.8594737,0.3924355396052652,0.0,0.675,0.0,-0.0,0.0,1
2012-07-20 19:30:00+00:00,0.0394215,0.15178843917874998,0.040989490162499996,0.0,0.652,2.8594736817105284,2.8594737,1.8289471714894034e-08,0.0,0.0,0.652,0.0,0.0494830311722725,1
2012-07-20 20:00:00+00:00,0.0399996,0.152449642499,0.04159058409,0.0,0.627,2.6336790080263177,2.633679,0.22579468171052852,0.0,0.42900988,0.19799012,0.0,0.015091761506167055,1
2012-07-20 20:30:00+00:00,0.0476256,0.161171899064,0.049519908239999993,0.0,0.687,2.2721000606578965,2.2721001,0.36692400802631786,0.0,0.687,0.0,-0.0,0.0,1
2012-07-20 21:00:00+00:00,0.05068215,0.164667835767875,0.05269803251625,0.0,0.64,1.9352579553947384,1.935258,0.3371741606578964,0.0,0.64,0.0,-0.0,0.0,1
2012-07-20 21:30:00+00:00,0.04137105,0.154018241865125,0.04301658351375,0.0,0.715,1.627434518552633,1.6274345,0.3021462553947385,0.0,0.58486453,0.13013546999999992,0.0,0.010021618146845853,1
2012-07-20 22:00:00+00:00,0.03951375,0.151893950346875,0.041085409406249995,0.0,0.783,1.627434518552633,1.6274345,1.8552633207491454e-08,0.0,0.0,0.783,0.0,0.059466481560801566,1
2012-07-20 22:30:00+00:00,0.05103885,0.165075812284625,0.05306892025874999,0.0,0.751,1.2321713606578961,1.2321714,0.23387431855263308,0.0,0.751,0.0,-0.0,0.0,1
2012-07-20 23:00:00+00:00,0.0418323,0.15454579770575003,0.0434961797325,0.0,0.191,1.1868335717105276,1.1868336,0.04533776065789619,0.0,0.086141799,0.104858201,0.0,0.008102697159767438,1
2012-07-20 23:30:00+00:00,0.0454485,0.15868183549625,0.0472562140875,0.0,0.097,1.1357809401315802,1.1357809,0.1868335717105276,0.0,0.097,0.0,-0.0,0.0,1
2012-07-21 00:00:00+00:00,0.04404015,0.10757103166287499,0.045791846966249994,0.0,0.122,1.5874999978815802,1.5875,0.45171905986841976,0.95098749,0.0,1.07298749,0.0,0.057711185630329384,1
2012-07-21 00:30:00+00:00,0.04097745,0.10406806088112501,0.04260732807374999,0.0,0.129,2.29999999788158,2.3,0.7125000021184196,1.5,0.0,1.629,0.0,0.08476343558767632,1
2012-07-21 01:00:00+00:00,0.03978435,0.102703449773375,0.041366772521250005,0.0,0.122,3.01249999788158,3.0125,0.71250000211842,1.5,0.0,1.6219999999999999,0.0,0.08329249776620712,1
2012-07-21 01:30:00+00:00,0.0404793,0.10349830057325,0.042089364157499996,0.0,0.103,3.72499999788158,3.725,0.71250000211842,1.5,0.0,1.603,0.0,0.08295388790945987,1
2012-07-21 02:00:00+00:00,0.03814845,0.10083238505862502,0.03966580459875,0.0,0.129,4.43749999788158,4.4375,0.71250000211842,1.5,0.0,1.629,0.0,0.08212797763025008,1
2012-07-21 02:30:00+00:00,0.03590985,0.098271980712125,0.037338164283749996,0.0,0.123,5.149999997881579,5.15,0.7125000021184205,1.5,0.0,1.623,0.0,0.07974771234788944,1
2012-07-21 03:00:00+00:00,0.0346122,0.09678779028050001,0.035988900255,0.0,0.089,5.86249999788158,5.8625,0.7125000021184205,1.5,0.0,1.589,0.0,0.07689789937785725,1
2012-07-21 03:30:00+00:00,0.0339603,0.09604217802575002,0.0353110709325,0.0,0.124,6.57499999788158,6.575,0.7125000021184205,1.5,0.0,1.624,0.0,0.07798624855690903,1
2012-07-21 04:00:00+00:00,0.0331977,0.09516995236925002,0.0345181385175,0.0,0.098,7.28749999788158,7.2875,0.7125000021184196,1.5,0.0,1.598,0.0,0.07604079194303077,1
2012-07-21 04:30:00+00:00,0.03337605,0.09537394062762501,0.034703582388749994,0.0,0.154,7.999999997881581,8.0,0.7125000021184196,1.5,0.0,1.654,0.0,0.07887424889904589,1
2012-07-21 05:00:00+00:00,0.03379425,0.32575225792312507,0.03513841629375,0.0,0.086,7.954736839986844,7.9547368,0.17443779788158054,0.0,0.086,0.0,-0.0,0.0,1
2012-07-21 05:30:00+00:00,0.0343416,0.326378290854,0.035707537139999995,0.0,0.116,7.893684208407897,7.8936842,0.20310293998684426,0.0,0.116,0.0,-0.0,0.0,1
2012-07-21 06:00:00+00:00,0.0339849,0.32597031433725,0.035336649397499996,0.0,0.11,7.835789471565791,7.8357895,0.237477408407897,0.0,0.11,0.0,-0.0,0.0,1
2012-07-21 06:30:00+00:00,0.03434775,0.326385324931875,0.035713931756250004,0.0,0.118,7.7736842084078965,7.7736842,0.26861227156579126,0.0,0.118,0.0,-0.0,0.0,1
2012-07-21 07:00:00+00:00,0.0346737,0.32675813105925006,0.0360528464175,0.0,0.117,7.712105261039476,7.7121053,0.2951757084078963,0.0,0.117,0.0,-0.0,0.0,1
2012-07-21 07:30:00+00:00,0.03615585,0.32845334382712504,0.03759394893375,0.0,0.942,7.216315787355265,7.2163158,0.3134742610394756,0.0,0.942,0.0,-0.0,0.0,1
2012-07-21 08:00:00+00:00,0.03556545,0.32777807235112505,0.03698006577375,0.0,1.48,6.437368418934213,6.4373684,0.32131278735526525,0.0,1.48,0.0,-0.0,0.0,1
2012-07-21 08:30:00+00:00,0.0397659,0.33258234753975,0.0413475886725,0.013,1.111,5.859473682092108,5.8594737,0.31845821893421267,0.0,1.098,0.0,-0.0,0.0,1
2012-07-21 09:00:00+00:00,0.0436527,0.33702788475675,0.0453889861425,0.025,1.861,5.069999997881581,5.07,0.306642282092108,0.0,1.5,0.3360000000000001,0.0,0.056620684639134014,1
2012-07-21 09:30:00+00:00,0.04400325,0.33742882719562506,0.045753479268749994,0.081,1.389,4.381578945250002,4.3815789,0.2891096978815808,0.0,1.308,0.0,-0.0,0.0,1
2012-07-21 10:00:00+00:00,0.04229355,0.33547335354637503,0.04397577595125,0.138,1.414,3.7099999978815807,3.71,0.26983254525000167,0.0,1.276,0.0,2.220446049250313e-16,-4.882291898683499e-18,1
2012-07-21 10:30:00+00:00,0.0402333,0.33311693745825005,0.041833579507499996,0.181,1.605,2.9605263136710542,2.9605263,0.2525962978815808,0.0,1.424,0.0,-0.0,0.0,1
2012-07-21 11:00:00+00:00,0.0390771,0.15139453081775,0.040631391652499994,0.188,1.485,2.9605263136710542,2.9605263,1.3671054066577426e-08,0.0,0.0,1.2970000000000002,0.0,0.09817935323531089,1
2012-07-21 11:30:00+00:00,0.03629115,0.14820809354037498,0.03773463049125,0.213,1.62,2.9605263136710542,2.9605263,1.3671054066577426e-08,0.0,0.0,1.407,0.0,0.1042643938056538,1
2012-07-21 12:00:00+00:00,0.03830835,0.15051527108337498,0.03983206462124999,0.194,1.777,2.9605263136710542,2.9605263,1.3671054066577426e-08,0.0,0.0,1.583,0.0,0.1191328370624913,1
2012-07-21 12:30:00+00:00,0.0378471,0.14998771524274998,0.03935246840249999,0.231,0.842,2.9605263136710542,2.9605263,1.3671054066577426e-08,0.0,0.0,0.611,0.0,0.04582124700666012,1
2012-07-21 13:00:00+00:00,0.0346614,0.14634406290350002,0.036040057185,0.369,0.75,2.9605263136710542,2.9605263,1.3671054066577426e-08,0.0,0.0,0.381,0.0,0.027878543983116753,1
2012-07-21 13:30:00+00:00,0.0348951,0.14661135786274998,0.0362830526025,0.319,0.677,2.9605263136710542,2.9605263,1.3671054066577426e-08,0.0,0.0,0.35800000000000004,0.0,0.02624343305743225,1
2012-07-21 14:00:00+00:00,0.0346737,0.14635813105925,0.0360528464175,0.175,0.627,2.9605263136710542,2.9605263,1.3671054066577426e-08,0.0,0.0,0.452,0.0,0.0330769376193905,1
2012-07-21 14:30:00+00:00,0.0344154,0.1460626997885,0.035784272534999995,0.088,0.754,2.9605263136710542,2.9605263,1.3671054066577426e-08,0.0,0.0,0.666,0.0,0.0486388790295705,1
2012-07-21 15:00:00+00:00,0.03444615,0.146097870177875,0.03581624561625,0.05,0.635,2.9605263136710542,2.9605263,1.3671054066577426e-08,0.0,0.0,0.585,0.0,0.04273362702702844,1
2012-07-21 15:30:00+00:00,0.0347352,0.146428471838,0.03611679258,0.069,0.767,2.9605263136710542,2.9605263,1.3671054066577426e-08,0.0,0.0,0.698,0.0,0.051103536671462,1
2012-07-21 16:00:00+00:00,0.0377733,0.14990330630825,0.0392757330075,0.031,0.743,2.9605263136710542,2.9605263,1.3671054066577426e-08,0.0,0.0,0.712,0.0,0.053365577045736995,1
2012-07-21 16:30:00+00:00,0.0390279,0.15133825819475002,0.0405802347225,0.006,0.661,2.9605263136710542,2.9605263,1.3671054066577426e-08,0.0,0.0,0.655,0.0,0.049563279558780635,1
2012-07-21 17:00:00+00:00,0.0407868,0.15335000446699998,0.04240909496999999,0.0,0.954,2.9605263136710542,2.9605263,1.3671054066577426e-08,0.0,0.0,0.954,0.0,0.07314795213075899,1
2012-07-21 17:30:00+00:00,0.0440955,0.15713433836375,0.04584939851249999,0.0,0.982,2.4436842084078965,2.4436842,0.3526525136710541,0.0,0.982,0.0,-0.0,0.0,1
2012-07-21 18:00:00+00:00,0.05033775,0.164273927406875,0.05233993400625,0.0,1.263,1.7789473663026332,1.7789474,0.37922190840789627,0.0,1.263,0.0,-0.0,0.0,1
2012-07-21 18:30:00+00:00,0.0507006,0.1646889380015,0.05271721636499999,0.0,0.836,1.3389473663026332,1.3389474,0.4019823663026332,0.0,0.836,0.0,-0.0,0.0,1
2012-07-21 19:00:00+00:00,0.0454977,0.15873810811925002,0.0473073710175,0.0,0.827,1.0,1.0,0.3389473663026332,0.0,0.644,0.18299999999999994,0.0,0.014524536892911371,1
2012-07-21 19:30:00+00:00,0.0404178,0.1529279597945,0.042025417994999995,0.0,0.805,1.0,1.0,0.0,0.0,0.0,0.805,0.0,0.061553503817286255,1
2012-07-21 20:00:00+00:00,0.0397044,0.152112006761,0.041283642509999996,0.0,0.83,1.0,1.0,0.0,0.0,0.0,0.83,0.0,0.063126482805815,1
2012-07-21 20:30:00+00:00,0.03958755,0.15197835928137501,0.041162144801249995,0.0,0.786,1.0,1.0,0.0,0.0,0.0,0.786,0.0,0.05972749519758038,1
2012-07-21 21:00:00+00:00,0.0396183,0.15201352967075002,0.0411941178825,0.0,0.809,1.0,1.0,0.0,0.0,0.0,0.809,0.0,0.06148947275181839,1
2012-07-21 21:30:00+00:00,0.04233045,0.15511555801362498,0.04401414364875,0.0,0.812,1.0,1.0,0.0,0.0,0.0,0.812,0.0,0.06297691655353174,1
2012-07-21 22:00:00+00:00,0.0389541,0.15125384926024998,0.04050349932749999,0.0,0.859,1.0,1.0,0.0,0.0,0.0,0.859,0.0,0.06496352825727737,1
2012-07-21 22:30:00+00:00,0.0410451,0.15364543573775,0.042677668852499996,0.0,0.3,1.0,1.0,0.0,0.0,0.0,0.3,0.0,0.023046815360662498,1
2012-07-21 23:00:00+00:00,0.0407622,0.1533218681555,0.042383516504999996,0.0,0.313,1.0,1.0,0.0,0.0,0.0,0.313,0.0,0.02399487236633575,1
2012-07-21 23:30:00+00:00,0.04180155,0.15451062731637502,0.043464206651250004,0.0,0.224,1.0,1.0,0.0,0.0,0.0,0.224,0.0,0.017305190259434004,1
2012-07-22 00:00:00+00:00,0.04090365,0.10398365194662501,0.04253059267874999,0.0,0.133,1.5874999975000001,1.5875,0.5874999999999999,1.2368421,0.0,1.3698421,0.0,0.07122059207411695,1
2012-07-22 00:30:00+00:00,0.0393231,0.10217589393275002,0.0408871763025,0.0,0.074,2.2999999975,2.3,0.7125000024999997,1.5,0.0,1.574,0.0,0.08041242852507427,1
2012-07-22 01:00:00+00:00,0.03894795,0.10174681518237501,0.04049710471125,0.0,0.148,3.0124999975,3.0125,0.7125000025000001,1.5,0.0,1.648,0.0,0.083839375710277,1
2012-07-22 01:30:00+00:00,0.0395076,0.10238691626900001,0.04107901479,0.0,0.073,3.7249999975,3.725,0.7125000025000001,1.5,0.0,1.573,0.0,0.0805273096455685,1
2012-07-22 02:00:00+00:00,0.0382653,0.10096603253825003,0.0397873023075,0.0,0.111,4.4374999975,4.4375,0.7125000025000001,1.5,0.0,1.611,0.0,0.08132813920956039,1
2012-07-22 02:30:00+00:00,0.0359898,0.09836342372450002,0.037421294295000004,0.0,0.086,5.1499999975,5.15,0.7125000025000006,1.5,0.0,1.586,0.0,0.07800219501352852,1
2012-07-22 03:00:00+00:00,0.03567,0.097997651675,0.03708877425,0.0,0.129,5.8624999975000005,5.8625,0.7125000024999997,1.5,0.0,1.629,0.0,0.07981908728928751,1
2012-07-22 03:30:00+00:00,0.0342432,0.09636574560800001,0.035605223279999994,0.0,0.099,6.574999997500001,6.575,0.7125000024999997,1.5,0.0,1.599,0.0,0.07704441361359601,1
2012-07-22 04:00:00+00:00,0.0342432,0.09636574560800001,0.035605223279999994,0.0,0.081,7.287499997500001,7.2875,0.7125000024999988,1.5,0.0,1.581,0.0,0.076177121903124,1
2012-07-22 04:30:00+00:00,0.03444615,0.09659787017787502,0.03581624561625,0.0,0.108,7.999999997500002,8.0,0.7125000024999988,1.5,0.0,1.608,0.0,0.07766468762301153,1
2012-07-22 05:00:00+00:00,0.03444615,0.32649787017787507,0.03581624561625,0.0,0.111,7.941578944868422,7.9415789,0.19590729750000158,0.0,0.111,0.0,-0.0,0.0,1
2012-07-22 05:30:00+00:00,0.0343416,0.326378290854,0.035707537139999995,0.0,0.128,7.8742105238157905,7.8742105,0.22402974486842275,0.0,0.128,0.0,-0.0,0.0,1
2012-07-22 06:00:00+00:00,0.0340464,0.326040655116,0.03540059556,0.0,0.085,7.829473681710527,7.8294737,0.25783762381579045,0.0,0.085,0.0,-0.0,0.0,1
2012-07-22 06:30:00+00:00,0.0345876,0.32665965396900004,0.03596332179,0.0,0.103,7.775263155394738,7.7752632,0.288423681710527,0.0,0.103,0.0,-0.0,0.0,1
2012-07-22 07:00:00+00:00,0.0345753,0.32664558581325004,0.0359505325575,0.0,0.103,7.721052629078948,7.7210526,0.31443395539473773,0.0,0.103,0.0,-0.0,0.0,1
2012-07-22 07:30:00+00:00,0.0342555,0.32627981376375004,0.035618012512500005,0.0,0.996,7.196842102763159,7.1968421,0.33217262907894796,0.0,0.996,0.0,-0.0,0.0,1
2012-07-22 08:00:00+00:00,0.03447075,0.3265260064893751,0.03584182408125,0.006,1.023,6.661578944868422,6.6615789,0.3394390027631591,0.0,1.017,0.0,-0.0,0.0,1
2012-07-22 08:30:00+00:00,0.0387081,0.33137248614525,0.0402477146775,0.081,1.158,6.094736839605265,6.0947368,0.335991744868422,0.0,1.077,0.0,-0.0,0.0,1
2012-07-22 09:00:00+00:00,0.0407622,0.33372186815550003,0.042383516504999996,0.206,1.361,5.486842102763159,5.4868421,0.3235540396052645,0.0,1.155,0.0,-0.0,0.0,1
2012-07-22 09:30:00+00:00,0.04335135,0.33668321494087505,0.04507564994625,0.363,1.086,5.106315786973686,5.1063158,0.3053631027631587,0.0,0.723,1.1102230246251565e-16,0.0,1.8689672861609e-17,1
2012-07-22 10:00:00+00:00,0.0427548,0.33600090938700006,0.04445537217,0.156,1.249,4.531052629078949,4.5310526,0.28538498697368553,0.0,1.093,2.220446049250313e-16,0.0,3.7303594589643836e-17,1
2012-07-22 10:30:00+00:00,0.042189,0.33535377422250007,0.043867067475,0.113,1.567,3.765789471184212,3.7657895,0.2674023290789487,0.0,1.454,0.0,-0.0,0.0,1
2012-07-22 11:00:00+00:00,0.03940305,0.151767336945125,0.040970306313749996,0.456,1.055,3.765789471184212,3.7657895,2.8815787977976015e-08,0.0,0.0,0.599,0.0,0.04545431741506494,1
2012-07-22 11:30:00+00:00,0.0390525,0.15136639450625,0.04060581318749999,0.219,1.222,3.765789471184212,3.7657895,2.8815787977976015e-08,0.0,0.0,1.003,0.0,0.07591024684488437,1
2012-07-22 12:00:00+00:00,0.03795165,0.15010729456662503,0.039461176878750004,0.031,0.737,3.765789471184212,3.7657895,2.8815787977976015e-08,0.0,0.0,0.706,0.0,0.05298787498201863,1
2012-07-22 12:30:00+00:00,0.03741045,0.14948829571362499,0.03889845064874999,0.1,0.849,3.765789471184212,3.7657895,2.8815787977976015e-08,0.0,0.0,0.749,0.0,0.05598336674475256,1
2012-07-22 13:00:00+00:00,0.0355224,0.147328833806,0.03693530346,0.394,0.78,3.765789471184212,3.7657895,2.8815787977976015e-08,0.0,0.0,0.386,0.0,0.028434464924558003,1
2012-07-22 13:30:00+00:00,0.0343416,0.14597829085400002,0.035707537139999995,0.244,0.98,3.765789471184212,3.7657895,2.8815787977976015e-08,0.0,0.0,0.736,0.0,0.05372001103427201,1
2012-07-22 14:00:00+00:00,0.03444615,0.146097870177875,0.03581624561625,0.1,0.798,3.765789471184212,3.7657895,2.8815787977976015e-08,0.0,0.0,0.6980000000000001,0.0,0.05098815669207838,1
2012-07-22 14:30:00+00:00,0.0342432,0.145865745608,0.035605223279999994,0.1,0.312,3.765789471184212,3.7657895,2.8815787977976015e-08,0.0,0.0,0.212,0.0,0.015461769034448,1
2012-07-22 15:00:00+00:00,0.0344646,0.1461189724115,0.03583542946499999,0.075,0.782,3.765789471184212,3.7657895,2.8815787977976015e-08,0.0,0.0,0.7070000000000001,0.0,0.05165305674746525,1
2012-07-22 15:30:00+00:00,0.03463065,0.146308892514125,0.03600808410375,0.094,0.717,3.765789471184212,3.7657895,2.8815787977976015e-08,0.0,0.0,0.623,0.0,0.04557522001814993,1
2012-07-22 16:00:00+00:00,0.03618045,0.14808148013862502,0.03761952739875,0.038,0.916,3.765789471184212,3.7657895,2.8815787977976015e-08,0.0,0.0,0.878,0.0,0.06500776978085639,1
2012-07-22 16:30:00+00:00,0.03727515,0.149333546000375,0.03875776909125,0.006,1.087,3.765789471184212,3.7657895,2.8815787977976015e-08,0.0,0.0,1.081,0.0,0.08071478161320268,1
2012-07-22 17:00:00+00:00,0.04019025,0.152667698913125,0.041788817193749994,0.006,1.117,3.765789471184212,3.7657895,2.8815787977976015e-08,0.0,0.0,1.111,0.0,0.08480690674624095,1
2012-07-22 17:30:00+00:00,0.04504875,0.158224620434375,0.04684056403125,0.0,1.137,3.3483821659210538,3.3483822,0.3538105711842121,0.0,0.79307388,0.34392612,0.0,0.027208789897233653,1
2012-07-22 18:00:00+00:00,0.0552147,0.16985195116175,0.057410864692499994,0.0,0.841,2.9057505869736855,2.9057506,0.3793725659210536,0.0,0.841,0.0,-0.0,0.0,1
2012-07-22 18:30:00+00:00,0.059532,0.17478987383,0.0618998853,0.0,1.149,2.3010137448684223,2.3010137,0.40115248697368555,0.0,1.149,0.0,-0.0,0.0,1
2012-07-22 19:00:00+00:00,0.05362185,0.168030124992125,0.05575465908374999,0.0,0.798,1.8810137448684223,1.8810137,0.4150969448684223,0.0,0.798,0.0,-0.0,0.0,1
2012-07-22 19:30:00+00:00,0.0438126,0.1568107707815,0.045555246165,0.0,0.894,1.8810137448684223,1.8810137,4.486842231088417e-08,0.0,0.0,0.894,0.0,0.0700944145393305,1
2012-07-22 20:00:00+00:00,0.0455961,0.15885065336525,0.0474096848775,0.0,0.825,1.7443041448684222,1.7443041,0.1367096448684224,0.0,0.25974824,0.56525176,0.0,0.04489530569592874,1
2012-07-22 20:30:00+00:00,0.049938,0.163816712345,0.051924283950000004,0.0,0.917,1.2616725659210537,1.2616726,0.3874082448684222,0.0,0.917,0.0,-0.0,0.0,1
2012-07-22 21:00:00+00:00,0.0460389,0.15935710697225,0.04787009724749999,0.0,0.435,1.0327251975000011,1.0327252,0.2616725659210537,0.0,0.435,0.0,-0.0,0.0,1
2012-07-22 21:30:00+00:00,0.0422628,0.15503818315700002,0.04394380287000001,0.0,0.632,1.00000000013158,1.0,0.032725197500001135,0.0,0.062177875,0.569822125,0.0,0.04417209349133048,1
2012-07-22 22:00:00+00:00,0.03838215,0.150599680017875,0.03990880001624999,0.0,0.809,1.00000000013158,1.0,1.3158008016489475e-10,0.0,0.0,0.809,0.0,0.06091757056723044,1
2012-07-22 22:30:00+00:00,0.03865275,0.15090917944437499,0.04019016313125,0.0,0.837,1.00000000013158,1.0,1.3158008016489475e-10,0.0,0.0,0.837,0.0,0.06315549159747093,1
2012-07-22 23:00:00+00:00,0.0369,0.14890446725,0.038367697500000006,0.0,0.828,1.00000000013158,1.0,1.3158008016489475e-10,0.0,0.0,0.828,0.0,0.0616464494415,1
2012-07-22 23:30:00+00:00,0.03555315,0.147364004195375,0.03696727654124999,0.0,0.544,1.00000000013158,1.0,1.3158008016489475e-10,0.0,0.0,0.544,0.0,0.040083009141142,1
2012-07-23 00:00:00+00:00,0.0345015,0.09666117687874999,0.03587379716249999,0.0,0.146,1.71250000013158,1.7125,0.7124999998684198,1.5,0.0,1.646,0.0,0.07955214857121123,1
2012-07-23 00:30:00+00:00,0.0342432,0.09636574560800001,0.035605223279999994,0.0,0.071,2.42500000013158,2.425,0.7124999998684198,1.5,0.0,1.571,0.0,0.07569529317508401,1
2012-07-23 01:00:00+00:00,0.0338988,0.095971837247,0.03524712477,0.0,0.148,3.13750000013158,3.1375,0.7124999998684203,1.5,0.0,1.648,0.0,0.07908079389152799,1
2012-07-23 01:30:00+00:00,0.0353748,0.09766001593700001,0.03678183266999999,0.0,0.091,3.72499999763158,3.725,0.5874999998684203,1.2368421,0.0,1.3278421,0.0,0.06483854032390977,1
2012-07-23 02:00:00+00:00,0.03406485,0.09616175734962502,0.03541977940875,0.0,0.142,4.43749999763158,4.4375,0.71250000236842,1.5,0.0,1.642,0.0,0.07894880278404214,1
2012-07-23 02:30:00+00:00,0.03413865,0.09624616628412502,0.03549651480375,0.0,0.079,5.14999999763158,5.15,0.7125000023684205,1.5,0.0,1.579,0.0,0.0759863482813167,1
2012-07-23 03:00:00+00:00,0.0329763,0.09491672556575002,0.0342879323325,0.0,0.142,5.862499997631581,5.8625,0.7125000023684196,1.5,0.0,1.642,0.0,0.07792663168948076,1
2012-07-23 03:30:00+00:00,0.03310545,0.09506444120112499,0.03442221927375,0.0,0.111,6.574999997631581,6.575,0.7125000023684196,1.5,0.0,1.611,0.0,0.07657440738750618,1
2012-07-23 04:00:00+00:00,0.03314235,0.09510664566837501,0.03446058697125,0.0,0.167,7.287499997631581,7.2875,0.7125000023684187,1.5,0.0,1.667,0.0,0.07927138916459057,1
2012-07-23 04:30:00+00:00,0.0337881,0.09584522384525002,0.0351320216775,0.0,0.139,7.999999997631582,8.0,0.7125000023684187,1.5,0.0,1.639,0.0,0.07854516094118238,1
2012-07-23 05:00:00+00:00,0.0341079,0.32611099589475007,0.0354645417225,0.0,0.128,7.93263157657895,7.9326316,0.17963179763158177,0.0,0.128,0.0,-0.0,0.0,1
2012-07-23 05:30:00+00:00,0.0359529,0.32822121925725,0.037382926597500005,0.0,0.123,7.867894734473687,7.8678947,0.20733217657894976,0.0,0.123,0.0,-0.0,0.0,1
2012-07-23 06:00:00+00:00,0.03689385,0.32929743317212506,0.03836130288375,0.0,0.098,7.816315787105266,7.8163158,0.24076263447368706,0.0,0.098,0.0,-0.0,0.0,1
2012-07-23 06:30:00+00:00,0.0450795,0.33865979082375003,0.046872537112499994,0.0,0.116,7.755263155526318,7.7552632,0.2710569871052657,0.0,0.116,0.0,-0.0,0.0,1
2012-07-23 07:00:00+00:00,0.0590031,0.3545849431327501,0.0613499483025,0.0,0.103,7.701052629210529,7.7010526,0.2968388555263184,0.0,0.103,0.0,-0.0,0.0,1
2012-07-23 07:30:00+00:00,0.0505407,0.34490605197675006,0.052550956342499996,0.0,0.973,7.188947366052634,7.1889474,0.3144090292105286,0.0,0.973,0.0,-0.0,0.0,1
2012-07-23 08:00:00+00:00,0.06026385,0.356026929097125,0.06266084463374999,0.025,1.181,6.580526313421055,6.5805263,0.32155996605263404,0.0,1.156,2.220446049250313e-16,0.0,3.952692940702163e-17,1
2012-07-23 08:30:00+00:00,0.05822205,0.35369161524262505,0.060537832038749996,0.031,1.161,5.985789471315792,5.9857895,0.31804131342105535,0.0,1.13,2.220446049250313e-16,0.0,3.926765748592243e-17,1
2012-07-23 09:00:00+00:00,0.05273625,0.34741721777812506,0.05483383434374999,0.188,1.143,5.483157892368424,5.4831579,0.3055664713157924,0.0,0.955,1.1102230246251565e-16,0.0,1.9285529716424336e-17,1
2012-07-23 09:30:00+00:00,0.0538371,0.34867631771775004,0.055978470652499994,0.169,0.922,5.08684210289474,5.0868421,0.28736329236842373,0.0,0.753,0.0,-0.0,0.0,1
2012-07-23 10:00:00+00:00,0.04546695,0.33910293772987504,0.04727539793624999,0.2,0.988,4.672105260789476,4.6721053,0.26739070289473954,0.0,0.788,0.0,-0.0,0.0,1
2012-07-23 10:30:00+00:00,0.04547925,0.33911700588562504,0.047288187168749996,0.131,0.942,4.2452631555263185,4.2452632,0.24942666078947617,0.0,0.811,0.0,1.1102230246251565e-16,-2.625021709376507e-18,1
2012-07-23 11:00:00+00:00,0.0443661,0.15744383779025,0.046130761627499996,0.15,1.115,4.2452631555263185,4.2452632,4.4473681626300277e-08,0.0,0.0,0.965,0.0,0.07596665173379563,1
2012-07-23 11:30:00+00:00,0.04340055,0.156339487563875,0.04512680687625,0.219,1.475,4.2452631555263185,4.2452632,4.4473681626300277e-08,0.0,0.0,1.256,0.0,0.0981811981901135,1
2012-07-23 12:00:00+00:00,0.0401349,0.15260439221225,0.0417312656475,0.225,1.309,4.2452631555263185,4.2452632,4.4473681626300277e-08,0.0,0.0,1.0839999999999999,0.0,0.08271158057903949,1
2012-07-23 12:30:00+00:00,0.03950145,0.151879882191125,0.04107262017375,0.281,0.885,4.2452631555263185,4.2452632,4.4473681626300277e-08,0.0,0.0,0.604,0.0,0.04586772442171975,1
2012-07-23 13:00:00+00:00,0.0377979,0.14993144261975,0.0393013114725,0.238,0.673,4.2452631555263185,4.2452632,4.4473681626300277e-08,0.0,0.0,0.43500000000000005,0.0,0.032610088769795625,1
2012-07-23 13:30:00+00:00,0.03760725,0.149713386205625,0.039103078368749995,0.281,0.717,4.2452631555263185,4.2452632,4.4473681626300277e-08,0.0,0.0,0.43599999999999994,0.0,0.032637518192826245,1
2012-07-23 14:00:00+00:00,0.03856665,0.150810702354125,0.040100638503749994,0.238,0.634,4.2452631555263185,4.2452632,4.4473681626300277e-08,0.0,0.0,0.396,0.0,0.02986051906611675,1
2012-07-23 14:30:00+00:00,0.03702915,0.149052182885375,0.03850198444125,0.125,0.596,4.2452631555263185,4.2452632,4.4473681626300277e-08,0.0,0.0,0.471,0.0,0.03510178906950581,1
2012-07-23 15:00:00+00:00,0.0354486,0.1472444248715,0.03685856806499999,0.119,0.614,4.637118101026319,4.6371181,0.39185494447368185,0.82495778,0.0,1.31995778,0.0,0.09717821208538095,1
2012-07-23 15:30:00+00:00,0.0343416,0.14597829085400002,0.035707537139999995,0.106,0.434,5.349618101026319,5.3496181,0.7124999989736809,1.5,0.0,1.8279999999999998,0.0,0.133424157840556,1
2012-07-23 16:00:00+00:00,0.0371337,0.14917176220925002,0.038610692917499995,0.025,0.314,5.349618101026319,5.3496181,1.0263194738513448e-09,0.0,0.0,0.289,0.0,0.021555319639236625,1
2012-07-23 16:30:00+00:00,0.04073145,0.15328669776612502,0.04235154342375,0.019,0.373,5.349618101026319,5.3496181,1.0263194738513448e-09,0.0,0.0,0.354,0.0,0.027131745504604128,1
2012-07-23 17:00:00+00:00,0.05256405,0.166820263597625,0.05465478508875,0.013,0.886,4.890144416815793,4.8901444,0.31224370102631926,0.0,0.873,0.0,-0.0,0.0,1
2012-07-23 17:30:00+00:00,0.0541938,0.16868429423450002,0.05634935839499999,0.0,0.938,4.459267837868424,4.4592678,0.3378421168157928,0.0,0.8186655,0.1193344999999999,0.0,0.010064927955163462,1
2012-07-23 18:00:00+00:00,0.15277215,0.281433528492875,0.15884866226624997,0.0,1.629,3.6697941536578975,3.6697942,0.3637671378684244,0.0,1.5,0.129,0.0,0.01815246258779044,1
2012-07-23 18:30:00+00:00,0.1793709,0.31185591530225004,0.1865053775475,0.0,0.987,2.880320469447371,2.8803205,0.7894736536578977,0.0,1.5,0.0,0.513,-0.04783862934093375,1
2012-07-23 19:00:00+00:00,0.16905735,0.30005976670587503,0.17578160609625,0.0,1.281,2.172279732605266,2.1722797,0.7080407694473712,0.0,1.3452774,0.0,0.06427740000000015,-0.005649392303845563,1
2012-07-23 19:30:00+00:00,0.1021884,0.22357823797100002,0.10625294361,0.0,0.942,1.6764902589210553,1.6764903,0.40333283260526587,0.0,0.942,0.0,-0.0,0.0,1
2012-07-23 20:00:00+00:00,0.0748947,0.19236100036175,0.07787363669249998,0.0,1.093,1.1012271010263186,1.1012271,0.3947249589210553,0.0,1.093,0.0,-0.0,0.0,1
2012-07-23 20:30:00+00:00,0.06224415,0.17789190217287498,0.06471991106625,0.0,0.663,1.0000000010263186,1.0,0.1012271010263186,0.0,0.19233149,0.47066851000000004,0.0,0.04186405826838642,1
2012-07-23 21:00:00+00:00,0.0587448,0.173889511862,0.061081374419999994,0.0,0.624,1.0000000010263186,1.0,1.0263185856729251e-09,0.0,0.0,0.624,0.0,0.054253527700944,1
2012-07-23 21:30:00+00:00,0.04490115,0.158055802565375,0.04668709324125,0.0,0.519,1.0000000010263186,1.0,1.0263185856729251e-09,0.0,0.0,0.519,0.0,0.04101548076571481,1
2012-07-23 22:00:00+00:00,0.038499,0.1507333274975,0.040030297725,0.0,0.333,1.0000000010263186,1.0,1.0263185856729251e-09,0.0,0.0,0.333,0.0,0.025097099028333753,1
2012-07-23 22:30:00+00:00,0.05167845,0.16580735638362498,0.05373396034874999,0.0,0.383,1.0000000010263186,1.0,1.0263185856729251e-09,0.0,0.0,0.383,0.0,0.03175210874746418,1
2012-07-23 23:00:00+00:00,0.04092825,0.153511788258125,0.042556171143749995,0.0,0.357,1.0000000010263186,1.0,1.0263185856729251e-09,0.0,0.0,0.357,0.0,0.027401854204075312,1
2012-07-23 23:30:00+00:00,0.04037475,0.152878721249375,0.04198065568125,0.0,0.135,1.0000000010263186,1.0,1.0263185856729251e-09,0.0,0.0,0.135,0.0,0.010319313684332813,1
2012-07-24 00:00:00+00:00,0.03860355,0.10135290682137499,0.040139006201249994,0.0,0.153,1.7125000010263185,1.7125,0.7124999989736813,1.5,0.0,1.653,0.0,0.08376817748786643,1
2012-07-24 00:30:00+00:00,0.03898485,0.10178901964962503,0.04053547240875,0.0,0.091,2.2999999985263186,2.3,0.5874999989736813,1.2368421,0.0,1.3278421,0.0,0.06757987280424968,1
2012-07-24 01:00:00+00:00,0.0371091,0.09964362589775001,0.03858511445249999,0.0,0.145,3.0124999985263186,3.0125,0.7125000014736815,1.5,0.0,1.645,0.0,0.08195688230089938,1
2012-07-24 01:30:00+00:00,0.0377241,0.10034703368525001,0.039224576077500004,0.0,0.095,3.7249999985263185,3.725,0.7125000014736815,1.5,0.0,1.595,0.0,0.08002675936398689,1
2012-07-24 02:00:00+00:00,0.0342801,0.09640795007524999,0.03564359097749999,0.0,0.117,4.437499998526318,4.4375,0.7125000014736815,1.5,0.0,1.617,0.0,0.07794582763583961,1
2012-07-24 02:30:00+00:00,0.0343908,0.09653456347700001,0.03575869406999999,0.0,0.142,5.149999998526319,5.15,0.712500001473682,1.5,0.0,1.642,0.0,0.07925487661461701,1
2012-07-24 03:00:00+00:00,0.03384345,0.09590853054612498,0.03518957322374999,0.0,0.086,5.862499998526319,5.8625,0.7125000014736811,1.5,0.0,1.586,0.0,0.07605546472307712,1
2012-07-24 03:30:00+00:00,0.0326196,0.094508749049,0.033917044589999994,0.0,0.136,6.5749999985263194,6.575,0.7125000014736811,1.5,0.0,1.6360000000000001,0.0,0.07730815672208201,1
2012-07-24 04:00:00+00:00,0.0322014,0.09403043175350001,0.033482210685,0.0,0.105,7.28749999852632,7.2875,0.7125000014736802,1.5,0.0,1.605,0.0,0.07545942148218376,1
2012-07-24 04:30:00+00:00,0.0339234,0.09599997355850001,0.035272703235,0.0,0.155,7.99999999852632,8.0,0.7125000014736802,1.5,0.0,1.655,0.0,0.07943997811965876,1
2012-07-24 05:00:00+00:00,0.0343416,0.326378290854,0.035707537139999995,0.0,0.086,7.9547368406315835,7.9547368,0.1772982985263205,0.0,0.086,0.0,-0.0,0.0,1
2012-07-24 05:30:00+00:00,0.03567,0.32789765167500007,0.03708877425,0.0,0.296,7.798947366947373,7.7989474,0.20565774063158315,0.0,0.296,0.0,-0.0,0.0,1
2012-07-24 06:00:00+00:00,0.03683235,0.32922709239337505,0.038297356721249995,0.0,0.978,7.28421052484211,7.2842105,0.23975036694737284,0.0,0.978,0.0,-0.0,0.0,1
2012-07-24 06:30:00+00:00,0.0418938,0.33501613848450007,0.043560125895,0.0,0.941,6.788947366947373,6.7889474,0.2707494248421103,0.0,0.941,0.0,-0.0,0.0,1
2012-07-24 07:00:00+00:00,0.0567399,0.35199640247475006,0.0589967295225,0.0,0.761,6.388421051157899,6.3884211,0.2972544669473729,0.0,0.761,0.0,-0.0,0.0,1
2012-07-24 07:30:00+00:00,0.04920615,0.34337965707787504,0.05116332461624999,0.0,0.726,6.006315788000005,6.0063158,0.3155616511578998,0.0,0.726,0.0,-0.0,0.0,1
2012-07-24 08:00:00+00:00,0.06111255,0.35699763184387506,0.06354330167625,0.069,0.972,5.531052630105267,5.5310526,0.32345518800000495,0.0,0.903,0.0,-0.0,0.0,1
2012-07-24 08:30:00+00:00,0.0608973,0.35675143911825,0.0633194901075,0.056,1.016,5.025789472210531,5.0257895,0.320674630105267,0.0,0.96,0.0,-0.0,0.0,1
2012-07-24 09:00:00+00:00,0.0558297,0.35095535894925006,0.0580503263175,0.138,0.811,4.671578945894741,4.6715789,0.3089222722105305,0.0,0.673,0.0,-0.0,0.0,1
2012-07-24 09:30:00+00:00,0.05989485,0.35560488442462507,0.06227716765874999,0.394,0.752,4.483157893263162,4.4831579,0.29141594589474185,0.0,0.358,0.0,-0.0,0.0,1
2012-07-24 10:00:00+00:00,0.04843125,0.3424933632656251,0.05035760296875,0.081,1.149,3.9210526301052675,3.9210526,0.2721065932631621,0.0,1.068,0.0,-0.0,0.0,1
2012-07-24 10:30:00+00:00,0.04841895,0.342479295109875,0.05034481373625,0.344,1.099,3.523684209052636,3.5236842,0.2547668301052677,0.0,0.755,0.0,-0.0,0.0,1
2012-07-24 11:00:00+00:00,0.0448458,0.1579924958645,0.046629541695,0.206,1.852,3.523684209052636,3.5236842,9.052635974171608e-09,0.0,0.0,1.6460000000000001,0.0,0.13002782409648353,1
2012-07-24 11:30:00+00:00,0.04341285,0.156353555719625,0.04513959610875,0.381,1.51,3.523684209052636,3.5236842,9.052635974171608e-09,0.0,0.0,1.129,0.0,0.08826158220372832,1
2012-07-24 12:00:00+00:00,0.0467769,0.16020119631725,0.048637451197499994,0.3,1.576,3.523684209052636,3.5236842,9.052635974171608e-09,0.0,0.0,1.276,0.0,0.1022083632504055,1
2012-07-24 12:30:00+00:00,0.04420005,0.157253917687625,0.04595810698875,0.213,0.69,3.523684209052636,3.5236842,9.052635974171608e-09,0.0,0.0,0.477,0.0,0.037505059368498565,1
2012-07-24 13:00:00+00:00,0.0420537,0.15479902450925,0.0437263859175,0.194,0.586,3.523684209052636,3.5236842,9.052635974171608e-09,0.0,0.0,0.39199999999999996,0.0,0.030340608803813,1
2012-07-24 13:30:00+00:00,0.03975975,0.15217531346187502,0.04134119405625,0.244,0.745,3.523684209052636,3.5236842,9.052635974171608e-09,0.0,0.0,0.501,0.0,0.03811991602219969,1
2012-07-24 14:00:00+00:00,0.0399504,0.152393369876,0.041539427159999996,0.244,0.584,3.523684209052636,3.5236842,9.052635974171608e-09,0.0,0.0,0.33999999999999997,0.0,0.025906872878919997,1
2012-07-24 14:30:00+00:00,0.03963675,0.152034631904375,0.04121330173125,0.156,0.72,3.523684209052636,3.5236842,9.052635974171608e-09,0.0,0.0,0.564,0.0,0.042873766197033744,1
2012-07-24 15:00:00+00:00,0.03921855,0.15155631460887498,0.04077846782624999,0.175,0.569,3.523684209052636,3.5236842,9.052635974171608e-09,0.0,0.0,0.39399999999999996,0.0,0.02985659397794837,1
2012-07-24 15:30:00+00:00,0.03832065,0.15052933923912498,0.039844853853749994,0.075,0.719,3.523684209052636,3.5236842,9.052635974171608e-09,0.0,0.0,0.644,0.0,0.04847044723499824,1
2012-07-24 16:00:00+00:00,0.04282245,0.155678284243625,0.04452571294874999,0.044,1.082,3.523684209052636,3.5236842,9.052635974171608e-09,0.0,0.0,1.038,0.0,0.08079702952244139,1
2012-07-24 16:30:00+00:00,0.04619265,0.159532958919125,0.04802996265375,0.031,0.959,3.523684209052636,3.5236842,9.052635974171608e-09,0.0,0.0,0.9279999999999999,0.0,0.074023292938474,1
2012-07-24 17:00:00+00:00,0.05923065,0.17444520401412503,0.06158654910375,0.0,0.406,3.30999999852632,3.31,0.3223350090526358,0.0,0.406,0.0,-0.0,0.0,1
2012-07-24 17:30:00+00:00,0.06388005,0.179762966887625,0.06642087898874999,0.0,0.575,3.0073684195789516,3.0073684,0.3481282985263201,0.0,0.575,0.0,-0.0,0.0,1
2012-07-24 18:00:00+00:00,0.14461725,0.272106341230625,0.15036940111875,0.0,0.895,2.536315788000004,2.5363158,0.37424581957895153,0.0,0.895,0.0,-0.0,0.0,1
2012-07-24 18:30:00+00:00,0.08916885,0.208687095109625,0.09271554100875,0.0,0.919,2.0526315774736883,2.0526316,0.3966264880000039,0.0,0.919,0.0,-0.0,0.0,1
2012-07-24 19:00:00+00:00,0.08916885,0.208687095109625,0.09271554100875,0.0,0.681,1.6942105248421093,1.6942105,0.4112134774736882,0.0,0.681,0.0,-0.0,0.0,1
2012-07-24 19:30:00+00:00,0.0704667,0.18729646429175,0.0732695129925,0.0,0.725,1.3126315774736883,1.3126316,0.4143833248421094,0.0,0.725,0.0,-0.0,0.0,1
2012-07-24 20:00:00+00:00,0.0515862,0.1657018452155,0.05363804110499999,0.0,0.684,1.3126315774736883,1.3126316,2.252631170485131e-08,0.0,0.0,0.684,0.0,0.056670031063701005,1
2012-07-24 20:30:00+00:00,0.05164155,0.165765151916375,0.05369559265124999,0.0,0.718,1.0,1.0,0.3126315774736883,0.0,0.594,0.124,0.0,0.010277439418815251,1
2012-07-24 21:00:00+00:00,0.0505653,0.16453418828825,0.0525765348075,0.0,0.646,1.0,1.0,0.0,0.0,0.0,0.646,0.0,0.053144542817104755,1
2012-07-24 21:30:00+00:00,0.04417545,0.157225781376125,0.045932528523749995,0.0,0.703,1.0,1.0,0.0,0.0,0.0,0.703,0.0,0.05526486215370793,1
2012-07-24 22:00:00+00:00,0.03567615,0.14750468575287498,0.03709516886624999,0.0,0.333,1.0,1.0,0.0,0.0,0.0,0.333,0.0,0.024559530177853686,1
2012-07-24 22:30:00+00:00,0.04900935,0.162754566585875,0.050958696896249996,0.0,0.113,1.0,1.0,0.0,0.0,0.0,0.113,0.0,0.009195633012101937,1
2012-07-24 23:00:00+00:00,0.04035015,0.152850584937875,0.04195507721625,0.0,0.145,1.0,1.0,0.0,0.0,0.0,0.145,0.0,0.011081667407995937,1
2012-07-24 23:30:00+00:00,0.03929235,0.151640723543375,0.04085520322124999,0.0,0.107,1.0,1.0,0.0,0.0,0.0,0.107,0.0,0.008112778709570561,1
2012-07-25 00:00:00+00:00,0.03525795,0.09752636845737502,0.03666033496125,0.0,0.157,1.7125,1.7125,0.7124999999999999,1.5,0.0,1.657,0.0,0.0808005962669352,1
2012-07-25 00:30:00+00:00,0.0334929,0.09550758810725002,0.034825080097499996,0.0,0.076,2.425,2.425,0.7124999999999999,1.5,0.0,1.576,0.0,0.07525997942851302,1
2012-07-25 01:00:00+00:00,0.0365187,0.09896835442175002,0.0379712312925,0.0,0.189,3.1374999999999997,3.1375,0.7125000000000004,1.5,0.0,1.689,0.0,0.0835787753091679,1
2012-07-25 01:30:00+00:00,0.0371091,0.09964362589775001,0.03858511445249999,0.0,0.075,3.7249999975,3.725,0.5875000000000004,1.2368421,0.0,1.3118421,0.0,0.06535835172465938,1
2012-07-25 02:00:00+00:00,0.03381885,0.09588039423462501,0.03516399475874999,0.0,0.136,4.4374999975,4.4375,0.7125000025000001,1.5,0.0,1.6360000000000001,0.0,0.07843016248392326,1
2012-07-25 02:30:00+00:00,0.0325581,0.09443840827025,0.03385309842749999,0.0,0.114,5.1499999975,5.15,0.7125000025000006,1.5,0.0,1.614,0.0,0.07621179547409176,1
2012-07-25 03:00:00+00:00,0.0321522,0.09397415913049999,0.033431053754999995,0.0,0.132,5.8624999975000005,5.8625,0.7125000024999997,1.5,0.0,1.6320000000000001,0.0,0.07668291385048799,1
2012-07-25 03:30:00+00:00,0.03226905,0.094107806610125,0.03355255146375,0.0,0.126,6.574999997500001,6.575,0.7125000024999997,1.5,0.0,1.626,0.0,0.07650964677403162,1
2012-07-25 04:00:00+00:00,0.03228135,0.094121874765875,0.033565340696249994,0.0,0.094,7.287499997500001,7.2875,0.7125000024999988,1.5,0.0,1.594,0.0,0.07501513418840237,1
2012-07-25 04:30:00+00:00,0.032349,0.09419924962250001,0.033635681475000005,0.0,0.13,7.999999997500002,8.0,0.7125000024999988,1.5,0.0,1.63,0.0,0.0767723884423375,1
2012-07-25 05:00:00+00:00,0.0324105,0.32416959040125004,0.0336996276375,0.0,0.119,7.937368418552633,7.9373684,0.1884425975000017,0.0,0.119,0.0,-0.0,0.0,1
2012-07-25 05:30:00+00:00,0.03349905,0.325414622185125,0.03483147471375,0.0,0.12,7.8742105238157905,7.8742105,0.2166517185526331,0.0,0.12,0.0,-0.0,0.0,1
2012-07-25 06:00:00+00:00,0.03595905,0.328228253335125,0.03738932121374999,0.0,0.114,7.814210523815791,7.8142105,0.2505918238157907,0.0,0.114,0.0,-0.0,0.0,1
2012-07-25 06:30:00+00:00,0.0416601,0.33474884352525,0.04331713047749999,0.0,0.112,7.755263155394738,7.7552632,0.2814773238157908,0.0,0.112,0.0,-0.0,0.0,1
2012-07-25 07:00:00+00:00,0.0406515,0.33359525475375,0.0422684134125,0.0,0.916,7.273157892236844,7.2731579,0.3078856553947382,0.0,0.916,0.0,-0.0,0.0,1
2012-07-25 07:30:00+00:00,0.04009185,0.332955153667125,0.04168650333374999,0.094,1.041,6.774736839605265,6.7747368,0.3261095922368442,0.0,0.947,0.0,-0.0,0.0,1
2012-07-25 08:00:00+00:00,0.0489663,0.34310532804075,0.050913934582499994,0.244,1.377,6.178421050131581,6.1784211,0.3339271396052652,0.0,1.133,0.0,-0.0,0.0,1
2012-07-25 08:30:00+00:00,0.04742265,0.341339774494125,0.049308885903749995,0.356,0.659,6.018947365921054,6.0189474,0.3310692501315806,0.0,0.303,5.551115123125783e-17,0.0,9.474081921593408e-18,1
2012-07-25 09:00:00+00:00,0.04392945,0.337344418261125,0.045676743873749995,0.431,0.403,6.032247365921054,6.0322474,0.31922866592105414,0.028,0.0,5.551115123125783e-17,0.0,9.363188509557002e-18,1
2012-07-25 09:30:00+00:00,0.0431976,0.336507362994,0.044915784539999996,0.475,0.399,6.0683473659210545,6.0683474,0.3016147659210544,0.076,0.0,5.551115123125783e-17,0.0,9.339955558795855e-18,1
2012-07-25 10:00:00+00:00,0.0397044,0.332512006761,0.041283642509999996,0.513,0.261,6.188047365921054,6.1880474,0.2821718659210548,0.252,0.0,0.0,-0.0,0.0,1
2012-07-25 10:30:00+00:00,0.0396183,0.33241352967075005,0.0411941178825,0.544,0.358,6.276397365921055,6.2763974,0.26466856592105437,0.186,0.0,0.0,-0.0,0.0,1
2012-07-25 11:00:00+00:00,0.03929235,0.151640723543375,0.04085520322124999,0.55,0.324,6.383747365921055,6.3837474,0.2518899659210545,0.226,0.0,0.0,-0.0,0.0,1
2012-07-25 11:30:00+00:00,0.0385851,0.15083180458774997,0.040119822352499994,0.55,0.393,6.458322365921055,6.4583224,0.24513466592105448,0.157,0.0,0.0,-0.0,0.0,1
2012-07-25 12:00:00+00:00,0.0350919,0.14683644835475002,0.0364876803225,0.531,0.934,6.24621710276316,6.2462171,0.24413206592105485,0.0,0.403,0.0,-0.0,0.0,1
2012-07-25 12:30:00+00:00,0.0346122,0.14628779028049999,0.035988900255,0.506,1.09,5.938848681710529,5.9388487,0.24737970276316013,0.0,0.584,1.1102230246251565e-16,0.0,8.120603649547364e-18,1
2012-07-25 13:00:00+00:00,0.03444,0.14609083609999998,0.035809851,0.456,0.636,5.844111839605266,5.8441118,0.13202618171052904,0.0,0.18,0.0,-0.0,0.0,1
2012-07-25 13:30:00+00:00,0.0343416,0.14597829085400002,0.035707537139999995,0.4,1.12,5.844111839605266,5.8441118,3.9605265733655415e-08,0.0,0.0,0.7200000000000001,0.0,0.05255218470744001,1
2012-07-25 14:00:00+00:00,0.03383115,0.145394462390375,0.035176783991249995,0.331,1.221,5.844111839605266,5.8441118,3.9605265733655415e-08,0.0,0.0,0.8900000000000001,0.0,0.06470053576371688,1
2012-07-25 14:30:00+00:00,0.03383115,0.145394462390375,0.035176783991249995,0.25,0.61,5.844111839605266,5.8441118,3.9605265733655415e-08,0.0,0.0,0.36,0.0,0.0261710032302675,1
2012-07-25 15:00:00+00:00,0.0343416,0.14597829085400002,0.035707537139999995,0.163,0.645,5.844111839605266,5.8441118,3.9605265733655415e-08,0.0,0.0,0.482,0.0,0.035180768095814004,1
2012-07-25 15:30:00+00:00,0.03444615,0.146097870177875,0.03581624561625,0.075,0.602,5.566743418552634,5.5667434,0.27851443960526634,0.0,0.527,0.0,-0.0,0.0,1
2012-07-25 16:00:00+00:00,0.03469215,0.14637923329287497,0.03607203026624999,0.019,0.694,5.211480260657897,5.2114803,0.28960961855263445,0.0,0.675,0.0,1.1102230246251565e-16,-2.002399927328313e-18,1
2012-07-25 16:30:00+00:00,0.03437235,0.146013461243375,0.03573951022125,0.006,0.689,5.211480260657897,5.2114803,3.9342102908790366e-08,0.0,0.0,0.6829999999999999,0.0,0.04986359701461256,1
2012-07-25 17:00:00+00:00,0.03736125,0.149432023090625,0.038847293718749995,0.0,0.683,4.852006576447371,4.8520066,0.3280605606578968,0.0,0.683,0.0,-0.0,0.0,1
2012-07-25 17:30:00+00:00,0.03736125,0.149432023090625,0.038847293718749995,0.0,0.829,4.415690786973687,4.4156908,0.353489776447371,0.0,0.829,0.0,-0.0,0.0,1
2012-07-25 18:00:00+00:00,0.0452886,0.1584989494715,0.047089954064999995,0.0,0.976,3.902006576447371,3.9020066,0.37926178697368673,0.0,0.976,0.0,-0.0,0.0,1
2012-07-25 18:30:00+00:00,0.0454977,0.15873810811925002,0.0473073710175,0.0,0.752,3.50621710276316,3.5062171,0.4013170764473708,0.0,0.752,0.0,-0.0,0.0,1
2012-07-25 19:00:00+00:00,0.0441324,0.157176542831,0.04588776620999999,0.0,0.702,3.136743418552634,3.1367434,0.41559800276316006,0.0,0.702,0.0,-0.0,0.0,1
2012-07-25 19:30:00+00:00,0.03971055,0.152119040838875,0.04129003712625,0.0,0.723,2.75621710276316,2.7562171,0.4184812185526341,0.0,0.723,0.0,-0.0,0.0,1
2012-07-25 20:00:00+00:00,0.04014105,0.152611426290125,0.04173766026374999,0.0,0.659,2.4093749975000023,2.409375,0.40976360276316015,0.0,0.659,0.0,-0.0,0.0,1
2012-07-25 20:30:00+00:00,0.0413526,0.1539971396315,0.042997399665000005,0.0,0.717,2.0320065764473707,2.0320066,0.3891405975000022,0.0,0.717,0.0,-0.0,0.0,1
2012-07-25 21:00:00+00:00,0.0407499,0.15330779999975,0.04237072727249999,0.0,0.712,1.6572697343421074,1.6572697,0.3590533764473707,0.0,0.712,0.0,-0.0,0.0,1
2012-07-25 21:30:00+00:00,0.0360267,0.14790562819175002,0.037459661992500004,0.0,0.643,1.3188486817105285,1.3188487,0.3236417343421074,0.0,0.643,0.0,-0.0,0.0,1
2012-07-25 22:00:00+00:00,0.03423705,0.145858711530125,0.03559882866375,0.0,0.13,1.3188486817105285,1.3188487,1.828947149284943e-08,0.0,0.0,0.13,0.0,0.009480816249458126,1
2012-07-25 22:30:00+00:00,0.03801315,0.150177635345375,0.03952512304125,0.0,0.119,1.2562171027631601,1.2562171,0.25445258171052854,0.0,0.119,0.0,-0.0,0.0,1
2012-07-25 23:00:00+00:00,0.0337512,0.14530301937800003,0.03509365398,0.0,0.151,1.2064381211842128,1.2064381,0.04977900276316016,0.0,0.094580065,0.05641993499999999,0.0,0.00409899345430525,1
2012-07-25 23:30:00+00:00,0.0345384,0.146203381346,0.03591216485999999,0.0,0.101,1.1532802264473707,1.1532802,0.20643812118421279,0.0,0.101,0.0,-0.0,0.0,1
2012-07-26 00:00:00+00:00,0.0336774,0.0957186104435,0.035016918585,0.0,0.144,1.8657802264473706,1.8657802,0.7124999735526294,1.5,0.0,1.644,0.0,0.078680697784557,1
2012-07-26 00:30:00+00:00,0.0339603,0.09604217802575002,0.0353110709325,0.0,0.1,2.5782802264473705,2.5782802,0.7124999735526294,1.5,0.0,1.6,0.0,0.07683374242060002,1
2012-07-26 01:00:00+00:00,0.03451995,0.09668227911237502,0.03589298101125,0.0,0.138,3.0124999991973707,3.0125,0.43421977355262964,0.91414689,0.0,1.05214689,0.0,0.050861979643098666,1
2012-07-26 01:30:00+00:00,0.03390495,0.09597887132487501,0.03525351938625,0.0,0.089,3.7249999991973706,3.725,0.7125000008026294,1.5,0.0,1.589,0.0,0.0762552132676132,1
2012-07-26 02:00:00+00:00,0.03255195,0.09443137419237502,0.033846703811250003,0.0,0.182,4.437499999197371,4.4375,0.7125000008026294,1.5,0.0,1.682,0.0,0.07941678569578739,1
2012-07-26 02:30:00+00:00,0.03132195,0.093024558617375,0.032567780561249995,0.0,0.158,5.149999999197371,5.15,0.7125000008026294,1.5,0.0,1.658,0.0,0.07711735909380388,1
2012-07-26 03:00:00+00:00,0.030504,0.09208902626,0.0317172966,0.0,0.138,5.862499999197372,5.8625,0.7125000008026285,1.5,0.0,1.638,0.0,0.07542091250694,1
2012-07-26 03:30:00+00:00,0.0296061,0.09106205089025,0.030783682627499996,0.0,0.095,6.574999999197372,6.575,0.7125000008026285,1.5,0.0,1.595,0.0,0.07262198558497437,1
2012-07-26 04:00:00+00:00,0.0262851,0.08726364883775001,0.027330589852499997,0.0,0.157,7.287499999197372,7.2875,0.7125000008026277,1.5,0.0,1.657,0.0,0.07229793306207588,1
2012-07-26 04:30:00+00:00,0.02763195,0.08880411189237501,0.02873101081125,0.0,0.069,7.999999999197373,8.0,0.7125000008026277,1.5,0.0,1.569,0.0,0.06966682577956819,1
2012-07-26 05:00:00+00:00,0.03023955,0.321686560911375,0.03144232810124999,0.0,0.15,7.9210526307763205,7.9210526,0.18715169919737296,0.0,0.15,0.0,-0.0,0.0,1
2012-07-26 05:30:00+00:00,0.0331854,0.3250558842135,0.034505349284999993,0.0,0.095,7.871052630776321,7.8710526,0.21507243077632054,0.0,0.095,0.0,-0.0,0.0,1
2012-07-26 06:00:00+00:00,0.0336528,0.32559047413200004,0.03499134011999999,0.0,0.144,7.79526315709211,7.7952632,0.2487324307763208,0.0,0.144,0.0,-0.0,0.0,1
2012-07-26 06:30:00+00:00,0.03750885,0.33000084095962506,0.03900076450875,0.0,0.088,7.748947367618426,7.7489474,0.2793865570921099,0.0,0.088,0.0,-0.0,0.0,1
2012-07-26 07:00:00+00:00,0.04011645,0.332983289978625,0.041712081798749995,0.006,0.888,7.284736841302636,7.2847368,0.30558926761842553,0.0,0.882,0.0,-0.0,0.0,1
2012-07-26 07:30:00+00:00,0.0389295,0.33162571294875004,0.040477920862499996,0.044,0.945,6.810526314986847,6.8105263,0.32362974130263567,0.0,0.901,0.0,1.1102230246251565e-16,-2.2469759865251235e-18,1
2012-07-26 08:00:00+00:00,0.04278555,0.336036079776375,0.04448734525124999,0.1,0.332,6.688421051828952,6.6884211,0.3312789149868465,0.0,0.232,0.0,-0.0,0.0,1
2012-07-26 08:30:00+00:00,0.04170315,0.33479808207037504,0.04336189279125,0.181,0.984,6.2657894728815835,6.2657895,0.3282582518289514,0.0,0.803,0.0,1.1102230246251565e-16,-2.4070685884086674e-18,1
2012-07-26 09:00:00+00:00,0.03966135,0.332462768215875,0.041238880196249994,0.075,1.164,5.692631578144741,5.6926316,0.31625097288158344,0.0,1.089,0.0,-0.0,0.0,1
2012-07-26 09:30:00+00:00,0.0396183,0.33241352967075005,0.0411941178825,0.156,0.89,5.306315788671057,5.3063158,0.29845697814474104,0.0,0.734,0.0,-0.0,0.0,1
2012-07-26 10:00:00+00:00,0.03958755,0.33237835928137505,0.041162144801249995,0.325,0.785,5.064210525513162,5.0642105,0.2788135886710572,0.0,0.46,0.0,-0.0,0.0,1
2012-07-26 10:30:00+00:00,0.03956295,0.33235022296987504,0.04113656633625,0.375,0.896,4.789999999197373,4.79,0.26108492551316154,0.0,0.521,0.0,-0.0,0.0,1
2012-07-26 11:00:00+00:00,0.03674625,0.14872861530312498,0.03820783209375,0.544,0.679,4.789999999197373,4.79,8.026272979577698e-10,0.0,0.0,0.135,0.0,0.010039181532960937,1
2012-07-26 11:30:00+00:00,0.03440925,0.146055665710625,0.03577787791875,0.438,1.195,4.789999999197373,4.79,8.026272979577698e-10,0.0,0.0,0.7570000000000001,0.0,0.05528206947147157,1
2012-07-26 12:00:00+00:00,0.03442155,0.146069733866375,0.035790667151250004,0.231,1.413,4.789999999197373,4.79,8.026272979577698e-10,0.0,0.0,1.182,0.0,0.08632721271502762,1
2012-07-26 12:30:00+00:00,0.0344646,0.1461189724115,0.03583542946499999,0.125,0.298,4.789999999197373,4.79,8.026272979577698e-10,0.0,0.0,0.173,0.0,0.012639291113594749,1
2012-07-26 13:00:00+00:00,0.0343416,0.14597829085400002,0.035707537139999995,0.125,0.343,4.789999999197373,4.79,8.026272979577698e-10,0.0,0.0,0.21800000000000003,0.0,0.015911633703086004,1
2012-07-26 13:30:00+00:00,0.03412635,0.145732098128375,0.03548372557125,0.081,0.636,4.789999999197373,4.79,8.026272979577698e-10,0.0,0.0,0.555,0.0,0.040440657230624066,1
2012-07-26 14:00:00+00:00,0.0338988,0.14547183724700002,0.03524712477,0.144,0.686,4.789999999197373,4.79,8.026272979577698e-10,0.0,0.0,0.542,0.0,0.03942286789393701,1
2012-07-26 14:30:00+00:00,0.0337389,0.14528895122225002,0.0350808647475,0.088,0.08,4.793799999197373,4.7938,8.026272979577698e-10,0.008,0.0,0.0,-0.0,0.0,1
2012-07-26 15:00:00+00:00,0.033825,0.1453874283125,0.035170389375,0.013,0.173,4.793799999197373,4.7938,8.026272979577698e-10,0.0,0.0,0.15999999999999998,0.0,0.011630994265,1
2012-07-26 15:30:00+00:00,0.0339849,0.14557031433724998,0.035336649397499996,0.019,0.231,4.793799999197373,4.7938,8.026272979577698e-10,0.0,0.0,0.21200000000000002,0.0,0.0154304533197485,1
2012-07-26 16:00:00+00:00,0.03418785,0.145802438907125,0.035547671733749994,0.063,1.183,4.793799999197373,4.7938,8.026272979577698e-10,0.0,0.0,1.12,0.0,0.08164936578799001,1
2012-07-26 16:30:00+00:00,0.0365187,0.14846835442175,0.0379712312925,0.025,0.896,4.793799999197373,4.7938,8.026272979577698e-10,0.0,0.0,0.871,0.0,0.06465796835067213,1
2012-07-26 17:00:00+00:00,0.0378225,0.14995957893125,0.0393268899375,0.0,0.431,4.603986578144741,4.6039866,0.18981339919737295,0.0,0.3606455,0.07035449999999999,0.0,0.005275165597959313,1
2012-07-26 17:30:00+00:00,0.03880035,0.15107799731337498,0.04034363392125,0.0,0.368,4.410302367618425,4.4103024,0.34487147814474106,0.0,0.368,0.0,-0.0,0.0,1
2012-07-26 18:00:00+00:00,0.0475272,0.161059353818,0.04941759438,0.0,0.324,4.239776051828952,4.2397761,0.3702856676184254,0.0,0.324,0.0,-0.0,0.0,1
2012-07-26 18:30:00+00:00,0.0481545,0.16177682976125002,0.0500698452375,0.0,0.905,3.7634602623552675,3.7634603,0.3920072518289519,0.0,0.905,0.0,-0.0,0.0,1
2012-07-26 19:00:00+00:00,0.0477978,0.16136885324449998,0.049698957494999994,0.0,0.745,3.371354999197373,3.371355,0.40597786235526767,0.0,0.745,0.0,-0.0,0.0,1
2012-07-26 19:30:00+00:00,0.04213365,0.154890467521625,0.04380951592875,0.0,0.768,2.9671444728815835,2.9671445,0.40857479919737294,0.0,0.768,0.0,-0.0,0.0,1
2012-07-26 20:00:00+00:00,0.0396675,0.15206980229375,0.041245274812499996,0.0,0.7,2.5987234202500047,2.5987234,0.39958007288158326,0.0,0.7,0.0,-0.0,0.0,1
2012-07-26 20:30:00+00:00,0.04620495,0.159547027074875,0.04804275188625,0.0,0.777,2.189776051828952,2.1897761,0.37869082025000456,0.0,0.777,0.0,-0.0,0.0,1
2012-07-26 21:00:00+00:00,0.04458135,0.157690030515875,0.04635457319624999,0.0,0.673,1.8355655255131624,1.8355655,0.348344051828952,0.0,0.673,0.0,-0.0,0.0,1
2012-07-26 21:30:00+00:00,0.03966135,0.152062768215875,0.041238880196249994,0.0,0.653,1.4918813149868466,1.4918813,0.3126752255131624,0.0,0.653,0.0,-0.0,0.0,1
2012-07-26 22:00:00+00:00,0.03634035,0.14826436616337502,0.03778578742125,0.0,0.318,1.4580917476184256,1.4580917,0.03378961498684663,0.0,0.064200178,0.253799822,0.0,0.018814734870603703,1
2012-07-26 22:30:00+00:00,0.04311765,0.156015919981625,0.044832654528749995,0.0,0.152,1.3780917476184256,1.3780917,0.2429792476184256,0.0,0.152,0.0,-0.0,0.0,1
2012-07-26 23:00:00+00:00,0.03659865,0.14855979743412498,0.03805436130375,0.0,0.122,1.313881221302636,1.3138812,0.21511254761842546,0.0,0.122,0.0,-0.0,0.0,1
2012-07-26 23:30:00+00:00,0.0362973,0.14821512761825,0.03774102510749999,0.0,0.122,1.2496706949868466,1.2496707,0.194500421302636,0.0,0.122,0.0,-0.0,0.0,1
2012-07-27 00:00:00+00:00,0.0342555,0.09637981376375002,0.035618012512500005,0.0,0.122,1.9621706949868465,1.9621707,0.7125000050131534,1.5,0.0,1.6219999999999999,0.0,0.07816402896240125,1
2012-07-27 00:30:00+00:00,0.0339234,0.09599997355850001,0.035272703235,0.0,0.097,2.6746706949868466,2.6746707,0.7125000050131536,1.5,0.0,1.597,0.0,0.07665597888646226,1
2012-07-27 01:00:00+00:00,0.03822225,0.10091679399312502,0.03974253999375,0.0,0.115,3.3871706949868465,3.3871707,0.7125000050131534,1.5,0.0,1.615,0.0,0.08149031114944845,1
2012-07-27 01:30:00+00:00,0.03846825,0.10119815710812499,0.03999832464375,0.0,0.128,3.7250000002368466,3.725,0.33782930501315356,0.71121959,0.0,0.83921959,0.0,0.04246373795851812,1
2012-07-27 02:00:00+00:00,0.03443385,0.09658380202212502,0.03580345638375,0.0,0.096,4.437500000236847,4.4375,0.7124999997631534,1.5,0.0,1.596,0.0,0.07707387401365577,1
2012-07-27 02:30:00+00:00,0.03321,0.09518402052500002,0.03453092775,0.0,0.14,5.150000000236847,5.15,0.7124999997631534,1.5,0.0,1.6400000000000001,0.0,0.07805089683050002,1
2012-07-27 03:00:00+00:00,0.032349,0.09419924962250001,0.033635681475000005,0.0,0.085,5.862500000236848,5.8625,0.7124999997631525,1.5,0.0,1.585,0.0,0.07465290532583126,1
2012-07-27 03:30:00+00:00,0.03140805,0.09312303570762501,0.03265730518875,0.0,0.129,6.575000000236848,6.575,0.7124999997631525,1.5,0.0,1.629,0.0,0.07584871258386057,1
2012-07-27 04:00:00+00:00,0.031734,0.09349584183500001,0.032996219849999994,0.0,0.116,7.287500000236848,7.2875,0.7124999997631516,1.5,0.0,1.616,0.0,0.07554464020268001,1
2012-07-27 04:30:00+00:00,0.0318324,0.09360838708100001,0.033098533709999996,0.0,0.101,8.0,8.0,0.7124999997631516,1.5,0.0,1.601,0.0,0.0749335138583405,1
2012-07-27 05:00:00+00:00,0.03279795,0.324612737307375,0.03410248846125,0.0,0.115,7.939473684210526,7.9394737,0.1735319000000004,0.0,0.115,0.0,-0.0,0.0,1
2012-07-27 05:30:00+00:00,0.0343908,0.326434563477,0.03575869406999999,0.0,0.066,7.904736842105263,7.9047368,0.20139128421052632,0.0,0.066,0.0,-0.0,0.0,1
2012-07-27 06:00:00+00:00,0.03678315,0.32917081977037504,0.03824619979125,0.0,0.153,7.824210526315789,7.8242105,0.23501754210526293,0.0,0.153,0.0,-0.0,0.0,1
2012-07-27 06:30:00+00:00,0.03937845,0.33213920063362506,0.04094472784875,0.0,0.085,7.779473684210526,7.7794737,0.26570662631578923,0.0,0.085,0.0,-0.0,0.0,1
2012-07-27 07:00:00+00:00,0.04959975,0.343829838061875,0.05157258005625,0.0,0.127,7.712631578947368,7.7126316,0.29199068421052576,0.0,0.127,0.0,-0.0,0.0,1
2012-07-27 07:30:00+00:00,0.0414756,0.334537821189,0.043125291989999995,0.106,0.09,7.720231578947368,7.7202316,0.3101558789473682,0.016,0.0,0.0,-0.0,0.0,1
2012-07-27 08:00:00+00:00,0.0498765,0.34414637156625005,0.051860337787499995,0.256,0.381,7.654442105263158,7.6544421,0.31796667894736874,0.0,0.125,0.0,-0.0,0.0,1
2012-07-27 08:30:00+00:00,0.0499872,0.344272984968,0.05197544088,0.363,1.286,7.168652631578947,7.1686526,0.3151358052631581,0.0,0.923,0.0,-0.0,0.0,1
2012-07-27 09:00:00+00:00,0.0388557,0.33154130401425,0.040401185467499996,0.444,1.173,6.784968421052631,6.7849684,0.3033370315789474,0.0,0.729,1.1102230246251565e-16,0.0,1.840423946654346e-17,1
2012-07-27 09:30:00+00:00,0.03950145,0.33227988219112503,0.04107262017375,0.494,0.336,6.860018421052631,6.8600184,0.2857616210526315,0.158,0.0,0.0,-0.0,0.0,1
2012-07-27 10:00:00+00:00,0.0373797,0.32985312532425004,0.0388664775675,0.531,0.242,6.997293421052631,6.9972934,0.2663402210526309,0.289,0.0,0.0,1.1102230246251565e-16,-2.1575229140757824e-18,1
2012-07-27 10:30:00+00:00,0.0342924,0.32632201823100004,0.03565638021,0.55,0.638,6.950977631578946,6.9509776,0.2488327210526311,0.0,0.088,0.0,2.7755575615628914e-17,-4.9483167854913465e-19,1
2012-07-27 11:00:00+00:00,0.03443385,0.146083802022125,0.03580345638375,0.563,0.68,6.8893986842105255,6.8893987,0.2360210315789466,0.0,0.117,9.71445146547012e-17,0.0,7.095620023176395e-18,1
2012-07-27 11:30:00+00:00,0.03447075,0.14612600648937502,0.03584182408125,0.55,0.661,6.830977631578946,6.8309776,0.22920528421052566,0.0,0.111,0.0,1.3877787807814457e-17,-2.4870261462230093e-19,1
2012-07-27 12:00:00+00:00,0.0343662,0.1460064271655,0.035733115605,0.531,0.616,6.786240789473683,6.7862408,0.22811863157894674,0.0,0.085,0.0,4.163336342344337e-17,-7.438448941174402e-19,1
2012-07-27 12:30:00+00:00,0.0344646,0.1461189724115,0.03583542946499999,0.5,0.614,6.7262407894736835,6.7262408,0.2312636894736828,0.0,0.114,0.0,1.3877787807814457e-17,-2.486582430585859e-19,1
2012-07-27 13:00:00+00:00,0.0339603,0.14554217802575,0.0353110709325,0.463,0.618,6.644661842105262,6.6446618,0.23655518947368392,0.0,0.155,0.0,2.7755575615628914e-17,-4.9003954966792e-19,1
2012-07-27 13:30:00+00:00,0.03378195,0.14533818976737498,0.03512562706124999,0.406,0.573,6.556767105263157,6.5567671,0.24207844210526197,0.0,0.167,0.0,8.326672684688674e-17,-1.462397996917358e-18,1
2012-07-27 14:00:00+00:00,0.0330009,0.14444486187724997,0.034313510797499995,0.331,0.684,6.370977631578946,6.3709776,0.1989651052631567,0.0,0.353,5.551115123125783e-17,0.0,4.009150286123086e-18,1
2012-07-27 14:30:00+00:00,0.03276105,0.144170532840125,0.03406412076375,0.25,0.666,6.357801958947367,6.357802,0.013175631578945968,0.0,0.025033778,0.39096622200000003,0.0,0.0281829042741153,1
2012-07-27 15:00:00+00:00,0.0325335,0.14391027195875,0.0338275199625,0.094,0.587,6.357801958947367,6.357802,4.105263329279296e-08,0.0,0.0,0.493,0.0,0.035473882037831875,1
2012-07-27 15:30:00+00:00,0.03390495,0.145478871324875,0.03525351938625,0.113,0.62,6.090959853684209,6.0909599,0.2616169589473669,0.0,0.507,0.0,-0.0,0.0,1
2012-07-27 16:00:00+00:00,0.03396645,0.145549212103625,0.035317465548749996,0.044,0.61,5.793065116842104,5.7930651,0.2726019536842097,0.0,0.566,0.0,-0.0,0.0,1
2012-07-27 16:30:00+00:00,0.0350181,0.14675203942025,0.0364109449275,0.013,0.621,5.473065116842104,5.4730651,0.289090816842104,0.0,0.608,0.0,-0.0,0.0,1
2012-07-27 17:00:00+00:00,0.0331977,0.14466995236925,0.0345181385175,0.0,0.638,5.22355455368421,5.2235546,0.24951051684210412,0.0,0.47407007,0.16392993,0.0,0.011857867582497244,1
2012-07-27 17:30:00+00:00,0.03408945,0.145689893661125,0.03544535787375,0.0,0.762,4.822501922105262,4.8225019,0.3363870536842093,0.0,0.762,0.0,-0.0,0.0,1
2012-07-27 18:00:00+00:00,0.03893565,0.15123274702662498,0.04048431547875,0.0,0.749,4.428291395789473,4.4282914,0.3622433221052619,0.0,0.749,0.0,-0.0,0.0,1
2012-07-27 18:30:00+00:00,0.0387819,0.15105689507975,0.0403244500725,0.0,0.779,4.018291395789473,4.0182914,0.3844501957894728,0.0,0.779,0.0,-0.0,0.0,1
2012-07-27 19:00:00+00:00,0.03929235,0.151640723543375,0.04085520322124999,0.0,0.706,3.646712448421052,3.6467124,0.3989479957894728,0.0,0.706,0.0,-0.0,0.0,1
2012-07-27 19:30:00+00:00,0.03571305,0.147546890220125,0.03713353656375,0.0,0.684,3.286712448421052,3.2867124,0.4021134484210518,0.0,0.684,0.0,-0.0,0.0,1
2012-07-27 20:00:00+00:00,0.0341448,0.145753200362,0.035502909420000006,0.0,0.721,2.9072387642105255,2.9072388,0.3937127484210521,0.0,0.721,0.0,-0.0,0.0,1
2012-07-27 20:30:00+00:00,0.0420537,0.15479902450925,0.0437263859175,0.0,0.642,2.56934402736842,2.569344,0.3734430642105253,0.0,0.642,0.0,-0.0,0.0,1
2012-07-27 21:00:00+00:00,0.03867735,0.15093731575587502,0.04021574159624999,0.0,0.742,2.1788177115789464,2.1788177,0.3437363273684202,0.0,0.742,0.0,-0.0,0.0,1
2012-07-27 21:30:00+00:00,0.03670935,0.148686410835875,0.03816946439625,0.0,0.378,1.9798703431578937,1.9798703,0.3087222115789465,0.0,0.378,0.0,-0.0,0.0,1
2012-07-27 22:00:00+00:00,0.03388035,0.145450735013375,0.03522794092124999,0.0,0.363,1.7888177115789463,1.7888177,0.27290104315789376,0.0,0.363,0.0,-0.0,0.0,1
2012-07-27 22:30:00+00:00,0.04082985,0.153399243012125,0.04245385728375,0.0,0.27,1.6467124484210516,1.6467124,0.24037371157894638,0.0,0.27,0.0,-0.0,0.0,1
2012-07-27 23:00:00+00:00,0.03603285,0.14791266226962502,0.03746605660874999,0.0,0.153,1.5661861326315778,1.5661861,0.21320824842105157,0.0,0.153,0.0,-0.0,0.0,1
2012-07-27 23:30:00+00:00,0.0399504,0.152393369876,0.041539427159999996,0.0,0.085,1.5214492905263146,1.5214493,0.1933152326315779,0.0,0.085,0.0,-0.0,0.0,1
2012-07-28 00:00:00+00:00,0.03801315,0.100677635345375,0.03952512304125,0.0,0.127,1.5875000022763146,1.5875,0.0660507094736853,0.13905413,0.0,0.26605413,0.0,0.013392850341135496,1
2012-07-28 00:30:00+00:00,0.03745965,0.10004456833662499,0.03894960757874999,0.0,0.116,2.3000000022763145,2.3,0.7124999977236852,1.5,0.0,1.616,0.0,0.080836011215993,1
2012-07-28 01:00:00+00:00,0.0363711,0.09879953655275002,0.0378177605025,0.0,0.103,3.0125000022763144,3.0125,0.7124999977236857,1.5,0.0,1.603,0.0,0.07918782854702915,1
2012-07-28 01:30:00+00:00,0.0353379,0.09761781146975,0.036743464972499994,0.0,0.095,3.7250000022763143,3.725,0.7124999977236857,1.5,0.0,1.595,0.0,0.07785020464712562,1
2012-07-28 02:00:00+00:00,0.03336375,0.09535987247187501,0.03469079315625,0.0,0.11,4.437500002276314,4.4375,0.7124999977236857,1.5,0.0,1.61,0.0,0.07676469733985938,1
2012-07-28 02:30:00+00:00,0.03380655,0.095866326078875,0.03515120552624999,0.0,0.116,5.150000002276315,5.15,0.7124999977236861,1.5,0.0,1.616,0.0,0.07745999147173101,1
2012-07-28 03:00:00+00:00,0.0342186,0.09633760929650001,0.035579644815000006,0.0,0.128,5.862500002276315,5.8625,0.7124999977236852,1.5,0.0,1.6280000000000001,0.0,0.07841881396735101,1
2012-07-28 03:30:00+00:00,0.03411405,0.096218029972625,0.035470936338749995,0.0,0.098,6.575000002276315,6.575,0.7124999977236852,1.5,0.0,1.598,0.0,0.07687820594812739,1
2012-07-28 04:00:00+00:00,0.0326934,0.0945931579835,0.03399377998499999,0.0,0.089,7.287500002276316,7.2875,0.7124999977236843,1.5,0.0,1.589,0.0,0.07515426401789074,1
2012-07-28 04:30:00+00:00,0.03085455,0.092489968698875,0.03208178972625,0.0,0.128,8.0,8.0,0.7124999977236843,1.5,0.0,1.6280000000000001,0.0,0.07528683452088426,1
2012-07-28 05:00:00+00:00,0.0314634,0.32308634240850004,0.032714856735000006,0.0,0.078,7.958947368421053,7.9589474,0.18091939999999962,0.0,0.078,0.0,-0.0,0.0,1
2012-07-28 05:30:00+00:00,0.03207225,0.32378271611812504,0.033347923743749994,0.0,0.122,7.894736842105264,7.8947368,0.20958456842105289,0.0,0.122,0.0,-0.0,0.0,1
2012-07-28 06:00:00+00:00,0.03209685,0.32381085242962504,0.033373502208749996,0.0,0.091,7.846842105263159,7.8468421,0.24402404210526374,0.0,0.091,0.0,-0.0,0.0,1
2012-07-28 06:30:00+00:00,0.03385575,0.325822598701875,0.03520236245624999,0.0,0.233,7.72421052631579,7.7242105,0.2755730052631584,0.0,0.233,0.0,-0.0,0.0,1
2012-07-28 07:00:00+00:00,0.0340341,0.32602658696025005,0.0353878063275,0.006,1.221,7.084736842105264,7.0847368,0.3027390263157903,0.0,1.215,0.0,-0.0,0.0,1
2012-07-28 07:30:00+00:00,0.0335544,0.325477928886,0.03488902625999999,0.119,1.103,6.5668421052631585,6.5668421,0.3218032421052639,0.0,0.984,0.0,-0.0,0.0,1
2012-07-28 08:00:00+00:00,0.0350919,0.32723644835475,0.0364876803225,0.269,1.292,6.02842105263158,6.0284211,0.3305215052631585,0.0,1.023,2.220446049250313e-16,0.0,3.633054394600044e-17,1
2012-07-28 08:30:00+00:00,0.0360759,0.32836190081475,0.037510818922499994,0.363,1.442,5.460526315789474,5.4605263,0.32859585263157953,0.0,1.079,0.0,-0.0,0.0,1
2012-07-28 09:00:00+00:00,0.03802545,0.33059170350112504,0.03953791227375,0.438,0.848,5.244736842105263,5.2447368,0.3176884157894744,0.0,0.41,0.0,-0.0,0.0,1
2012-07-28 09:30:00+00:00,0.03870195,0.331365452067375,0.040241320061249995,0.494,1.405,4.765263157894737,4.7652632,0.30097984210526363,0.0,0.911,0.0,-0.0,0.0,1
2012-07-28 10:00:00+00:00,0.03634035,0.328664366163375,0.03778578742125,0.531,1.062,4.4857894736842105,4.4857895,0.28239195789473737,0.0,0.531,0.0,-0.0,0.0,1
2012-07-28 10:30:00+00:00,0.03688155,0.32928336501637506,0.03834851365125,0.55,1.166,4.161578947368421,4.1615789,0.2656788736842106,0.0,0.616,0.0,1.1102230246251565e-16,-2.128770140788494e-18,1
2012-07-28 11:00:00+00:00,0.0352641,0.14703340253525,0.036666729577499994,0.563,1.089,4.161578947368421,4.1615789,4.736842029728905e-08,0.0,0.0,0.526,0.0,0.03866978486677075,1
2012-07-28 11:30:00+00:00,0.034563,0.1462315176575,0.035937743325,0.563,1.374,4.161578947368421,4.1615789,4.736842029728905e-08,0.0,0.0,0.8110000000000002,0.0,0.059296880410116264,1
2012-07-28 12:00:00+00:00,0.0342309,0.14585167745225,0.0355924340475,0.538,1.221,4.161578947368421,4.1615789,4.736842029728905e-08,0.0,0.0,0.683,0.0,0.049808347849943375,1
2012-07-28 12:30:00+00:00,0.03373275,0.145281917144375,0.03507447013125,0.506,1.367,4.161578947368421,4.1615789,4.736842029728905e-08,0.0,0.0,0.861,0.0,0.06254386533065344,1
2012-07-28 13:00:00+00:00,0.03217065,0.143495261364125,0.033450237603749995,0.463,0.601,4.161578947368421,4.1615789,4.736842029728905e-08,0.0,0.0,0.13799999999999996,0.0,0.00990117303412462,1
2012-07-28 13:30:00+00:00,0.0320907,0.14340381835175,0.0333671075925,0.425,0.603,4.161578947368421,4.1615789,4.736842029728905e-08,0.0,0.0,0.178,0.0,0.01276293983330575,1
2012-07-28 14:00:00+00:00,0.03169095,0.142946603289875,0.03295145753625,0.238,0.338,4.161578947368421,4.1615789,4.736842029728905e-08,0.0,0.0,0.10000000000000003,0.0,0.007147330164493752,1
2012-07-28 14:30:00+00:00,0.03110055,0.142271331813875,0.03233757437625,0.263,0.107,4.23567894736842,4.2356789,4.736842029728905e-08,0.156,0.0,0.0,-0.0,0.0,1
2012-07-28 15:00:00+00:00,0.03204765,0.14335457980662497,0.03332234527874999,0.181,0.381,4.23567894736842,4.2356789,4.736842029728905e-08,0.0,0.0,0.2,0.0,0.014335457980662498,1
2012-07-28 15:30:00+00:00,0.0327795,0.14419163507375,0.0340833046125,0.075,0.236,4.23567894736842,4.2356789,4.736842029728905e-08,0.0,0.0,0.16099999999999998,0.0,0.011607426623436872,1
2012-07-28 16:00:00+00:00,0.0335667,0.14509199704175,0.034901815492499995,0.031,0.348,4.23567894736842,4.2356789,4.736842029728905e-08,0.0,0.0,0.31699999999999995,0.0,0.02299708153111737,1
2012-07-28 16:30:00+00:00,0.03417555,0.145788370751375,0.03553488250125,0.019,0.309,4.23567894736842,4.2356789,4.736842029728905e-08,0.0,0.0,0.29,0.0,0.021139313758949372,1
2012-07-28 17:00:00+00:00,0.0352149,0.14697712991225,0.0366155726475,0.0,0.73,4.23567894736842,4.2356789,4.736842029728905e-08,0.0,0.0,0.73,0.0,0.05364665241797125,1
2012-07-28 17:30:00+00:00,0.0359283,0.14779308294575,0.0373573481325,0.0,0.818,4.23567894736842,4.2356789,4.736842029728905e-08,0.0,0.0,0.818,0.0,0.06044737092481175,1
2012-07-28 18:00:00+00:00,0.04289625,0.155762693178125,0.04460244834374999,0.0,0.913,3.7551526315789463,3.7551526,0.3862103473684204,0.0,0.913,0.0,-0.0,0.0,1
2012-07-28 18:30:00+00:00,0.04833285,0.161980818019625,0.05025528910874999,0.0,0.716,3.378310526315788,3.3783105,0.4086639315789462,0.0,0.716,0.0,-0.0,0.0,1
2012-07-28 19:00:00+00:00,0.04327755,0.156198806006375,0.04499891455125,0.0,0.698,3.0109421052631564,3.0109421,0.4233922263157881,0.0,0.698,0.0,-0.0,0.0,1
2012-07-28 19:30:00+00:00,0.03909555,0.15141563305137498,0.04065057550125,0.0,0.704,2.640415789473683,2.6404158,0.4267714052631564,0.0,0.704,0.0,-0.0,0.0,1
2012-07-28 20:00:00+00:00,0.038745,0.1510146906125,0.040286082375,0.0,0.745,2.2483105263157883,2.2483105,0.4185514894736828,0.0,0.745,0.0,-0.0,0.0,1
2012-07-28 20:30:00+00:00,0.04130955,0.15394790108637502,0.042952637351249996,0.0,0.694,1.8830473684210514,1.8830474,0.3984302263157884,0.0,0.694,0.0,-0.0,0.0,1
2012-07-28 21:00:00+00:00,0.0401964,0.15267473299099998,0.041795211809999996,0.0,0.724,1.501994736842104,1.5019947,0.3688344684210514,0.0,0.724,0.0,-0.0,0.0,1
2012-07-28 21:30:00+00:00,0.03635265,0.14827843431912502,0.03779857665375,0.0,0.344,1.501994736842104,1.5019947,3.684210403420707e-08,0.0,0.0,0.344,0.0,0.0255038907028895,1
2012-07-28 22:00:00+00:00,0.03533175,0.147110777391875,0.03673707035625,0.0,0.311,1.501994736842104,1.5019947,3.684210403420707e-08,0.0,0.0,0.311,0.0,0.02287572588443656,1
2012-07-28 22:30:00+00:00,0.03881265,0.15109206546912501,0.040356423153749994,0.0,0.326,1.330415789473683,1.3304158,0.2655437368421041,0.0,0.326,0.0,-0.0,0.0,1
2012-07-28 23:00:00+00:00,0.0366786,0.14865124044650002,0.038137491315,0.0,0.225,1.2183398736842093,1.2183399,0.11207588947368308,0.0,0.21294424,0.012055759999999999,0.0,0.0008960518392626484,1
2012-07-28 23:30:00+00:00,0.0375396,0.14963601134899998,0.03903273759,0.0,0.115,1.1578135578947355,1.1578136,0.21833987368420926,0.0,0.115,0.0,-0.0,0.0,1
2012-07-29 00:00:00+00:00,0.03634035,0.09876436616337503,0.03778578742125,0.0,0.11,1.5875000018947354,1.5875,0.4296864421052644,0.90460304,0.0,1.0146030400000001,0.0,0.05010331307651673,1
2012-07-29 00:30:00+00:00,0.03504885,0.09728720980962502,0.03644291800875,0.0,0.134,2.3000000018947353,2.3,0.7124999981052644,1.5,0.0,1.634,0.0,0.07948365041446363,1
2012-07-29 01:00:00+00:00,0.0351411,0.09739272097775001,0.036538837252500005,0.0,0.166,3.012500001894735,3.0125,0.7124999981052649,1.5,0.0,1.666,0.0,0.08112813657446576,1
2012-07-29 01:30:00+00:00,0.03469215,0.096879233292875,0.03607203026624999,0.0,0.234,3.725000001894735,3.725,0.7124999981052649,1.5,0.0,1.734,0.0,0.08399429526492262,1
2012-07-29 02:00:00+00:00,0.03370815,0.095753780832875,0.03504889166625,0.0,0.121,4.437500001894735,4.4375,0.7124999981052649,1.5,0.0,1.621,0.0,0.07760843936504519,1
2012-07-29 02:30:00+00:00,0.0342432,0.09636574560800001,0.035605223279999994,0.0,0.116,5.150000001894735,5.15,0.7124999981052653,1.5,0.0,1.616,0.0,0.07786352245126402,1
2012-07-29 03:00:00+00:00,0.033825,0.0958874283125,0.035170389375,0.0,0.129,5.862500001894736,5.8625,0.7124999981052644,1.5,0.0,1.629,0.0,0.07810031036053125,1
2012-07-29 03:30:00+00:00,0.0324597,0.09432586302425003,0.033750784567500004,0.0,0.067,6.575000001894736,6.575,0.7124999981052644,1.5,0.0,1.567,0.0,0.0739043136794999,1
2012-07-29 04:00:00+00:00,0.03161715,0.093362194355375,0.03287472214124999,0.0,0.154,7.2875000018947365,7.2875,0.7124999981052635,1.5,0.0,1.654,0.0,0.07721053473189513,1
2012-07-29 04:30:00+00:00,0.0321399,0.09396009097475001,0.0334182645225,0.0,0.066,8.0,8.0,0.7124999981052635,1.5,0.0,1.566,0.0,0.07357075123322926,1
2012-07-29 05:00:00+00:00,0.03321615,0.3250910546028751,0.03453732236625,0.0,0.141,7.925789473684211,7.9257895,0.20238889999999987,0.0,0.141,0.0,-0.0,0.0,1
2012-07-29 05:30:00+00:00,0.0314142,0.32303006978550003,0.032663699805,0.0,0.091,7.877894736842106,7.8778947,0.2305113736842106,0.0,0.091,0.0,-0.0,0.0,1
2012-07-29 06:00:00+00:00,0.03121125,0.32279794521562505,0.032452677468749996,0.0,0.097,7.826842105263158,7.8268421,0.26438433684210594,0.0,0.097,0.0,-0.0,0.0,1
2012-07-29 06:30:00+00:00,0.0321153,0.32383195466325004,0.033392686057499996,0.0,0.981,7.310526315789474,7.3105263,0.2953843052631582,0.0,0.981,0.0,-0.0,0.0,1
2012-07-29 07:00:00+00:00,0.03311775,0.324978509356875,0.034435008506249996,0.006,1.047,6.762631578947369,6.7626316,0.32199721578947393,0.0,1.041,0.0,-0.0,0.0,1
2012-07-29 07:30:00+00:00,0.03274875,0.32455646468437505,0.03405133153125,0.125,1.182,6.206315789473685,6.2063158,0.34050167894736916,0.0,1.057,0.0,-0.0,0.0,1
2012-07-29 08:00:00+00:00,0.0345138,0.32657524503450003,0.035886586394999996,0.275,1.254,5.691052631578948,5.6910526,0.34864768947368496,0.0,0.979,0.0,-0.0,0.0,1
2012-07-29 08:30:00+00:00,0.0341694,0.3261813366735001,0.035528487885,0.369,1.111,5.300526315789474,5.3005263,0.34612933157894865,0.0,0.742,0.0,-0.0,0.0,1
2012-07-29 09:00:00+00:00,0.03605745,0.328340798581125,0.037491635073749995,0.444,1.105,4.9526315789473685,4.9526316,0.3346002157894743,0.0,0.661,0.0,-0.0,0.0,1
2012-07-29 09:30:00+00:00,0.03813615,0.330718316902875,0.03965301536625,0.5,1.073,4.651052631578947,4.6510526,0.3172331789473688,0.0,0.573,0.0,-0.0,0.0,1
2012-07-29 10:00:00+00:00,0.0379332,0.33048619233300003,0.03944199303,0.531,0.512,4.660077631578948,4.6600776,0.297944431578947,0.019,0.0,0.0,-0.0,0.0,1
2012-07-29 10:30:00+00:00,0.03769335,0.33021186329587504,0.03919260299625,0.556,0.367,4.749852631578948,4.7498526,0.2804849315789477,0.189,0.0,0.0,-0.0,0.0,1
2012-07-29 11:00:00+00:00,0.03813615,0.150318316902875,0.03965301536625,0.569,0.367,4.845802631578948,4.8458026,3.157894834515673e-08,0.202,0.0,0.0,-0.0,0.0,1
2012-07-29 11:30:00+00:00,0.0374535,0.14953753425875002,0.0389432129625,0.563,0.386,4.9298776315789485,4.9298776,3.157894834515673e-08,0.177,0.0,0.0,-0.0,0.0,1
2012-07-29 12:00:00+00:00,0.0359898,0.1478634237245,0.037421294295000004,0.544,1.435,4.9298776315789485,4.9298776,3.157894834515673e-08,0.0,0.0,0.891,0.0,0.06587315526926475,1
2012-07-29 12:30:00+00:00,0.0350796,0.146822380199,0.03647489109,0.463,0.323,4.996377631578948,4.9963776,3.157894834515673e-08,0.14,0.0,0.0,-0.0,0.0,1
2012-07-29 13:00:00+00:00,0.0352518,0.14701933437950002,0.036653940345,0.244,0.248,4.996377631578948,4.9963776,3.157894834515673e-08,0.0,0.0,0.0040000000000000036,0.0,0.0002940386687590003,1
2012-07-29 13:30:00+00:00,0.03449535,0.146154142800875,0.03586740254625,0.15,0.417,4.996377631578948,4.9963776,3.157894834515673e-08,0.0,0.0,0.267,0.0,0.01951157806391681,1
2012-07-29 14:00:00+00:00,0.0344769,0.14613304056725002,0.035848218697499996,0.144,1.05,5.307612085828948,5.3076121,0.31123446842105196,0.65523043,0.0,1.5612304300000002,0.0,0.1140736748810076,1
2012-07-29 14:30:00+00:00,0.03444,0.14609083609999998,0.035809851,0.169,0.763,6.0201120858289485,6.0201121,0.7125000141710522,1.5,0.0,2.094,0.0,0.15295710539669996,1
2012-07-29 15:00:00+00:00,0.03445845,0.146111938333625,0.035829034848750003,0.163,0.568,6.732612085828949,6.7326121,0.7125000141710514,1.5,0.0,1.905,0.0,0.13917162126277782,1
2012-07-29 15:30:00+00:00,0.0346737,0.14635813105925,0.0360528464175,0.094,0.645,7.445112085828949,7.4451121,0.7125000141710514,1.5,0.0,2.051,0.0,0.1500902634012609,1
2012-07-29 16:00:00+00:00,0.03685695,0.148855228704875,0.03832293518625,0.031,0.918,7.445112085828949,7.4451121,1.4171050999323143e-08,0.0,0.0,0.887,0.0,0.06601729393061206,1
2012-07-29 16:30:00+00:00,0.04052235,0.153047539118375,0.04213412647125,0.013,0.827,7.445112085828949,7.4451121,1.4171050999323143e-08,0.0,0.0,0.814,0.0,0.062290348421178615,1
2012-07-29 17:00:00+00:00,0.0446736,0.157795541684,0.04645049244,0.006,1.186,7.445112085828949,7.4451121,1.4171050999323143e-08,0.0,0.0,1.18,0.0,0.09309936959356,1
2012-07-29 17:30:00+00:00,0.04028865,0.152780244159125,0.041891131053749996,0.0,0.65,7.445112085828949,7.4451121,1.4171050999323143e-08,0.0,0.0,0.65,0.0,0.049653579351715625,1
2012-07-29 18:00:00+00:00,0.06819735,0.18470088955587502,0.07090989959625,0.0,0.914,6.964059454250002,6.9640595,0.38636088582894956,0.0,0.914,0.0,-0.0,0.0,1
2012-07-29 18:30:00+00:00,0.0773916,0.195216835979,0.08046985088999999,0.0,0.867,6.507743664776317,6.5077437,0.4078340542500021,0.0,0.867,0.0,-0.0,0.0,1
2012-07-29 19:00:00+00:00,0.07482705,0.192283625505125,0.07780329591375,0.0,0.869,6.0503752437236855,6.0503752,0.42160936477631683,0.0,0.869,0.0,-0.0,0.0,1
2012-07-29 19:30:00+00:00,0.06155535,0.177104085450875,0.06400371404625,0.0,0.857,5.599322612144738,5.5993226,0.4240651437236851,0.0,0.857,0.0,-0.0,0.0,1
2012-07-29 20:00:00+00:00,0.05044845,0.164400540808625,0.05245503709875,0.0,0.894,5.128796296355264,5.1287963,0.41493771214473796,0.0,0.894,0.0,-0.0,0.0,1
2012-07-29 20:30:00+00:00,0.05602035,0.170773415363375,0.05824855942124999,0.0,0.827,4.693533138460527,4.6935331,0.39392729635526447,0.0,0.827,0.0,-0.0,0.0,1
2012-07-29 21:00:00+00:00,0.04338825,0.15632541940812503,0.045114017643750004,0.0,0.849,4.246691033197369,4.246691,0.27723683846052705,0.0,0.849,0.0,-0.0,0.0,1
2012-07-29 21:30:00+00:00,0.0393231,0.15167589393275002,0.0408871763025,0.0,0.771,3.840901559513158,3.8409016,0.26565793319736875,0.0,0.771,0.0,-0.0,0.0,1
2012-07-29 22:00:00+00:00,0.03642645,0.148362843253625,0.03787531204875,0.0,0.353,3.6551120858289474,3.6551121,0.29100465951315835,0.0,0.353,0.0,-0.0,0.0,1
2012-07-29 22:30:00+00:00,0.03573765,0.14757502653162502,0.037159115028749995,0.0,0.135,3.58405945425,3.5840595,0.25762418582894764,0.0,0.135,0.0,-0.0,0.0,1
2012-07-29 23:00:00+00:00,0.0353625,0.14714594778125,0.036769043437499996,0.0,0.103,3.5298489279342107,3.5298489,0.22959745425000033,0.0,0.103,0.0,-0.0,0.0,1
2012-07-29 23:30:00+00:00,0.0356577,0.14748358351925,0.0370759850175,0.0,0.16,3.4456384016184214,3.4456384,0.2088310279342105,0.0,0.16,0.0,-0.0,0.0,1
2012-07-30 00:00:00+00:00,0.0341817,0.09629540482925002,0.035541277117500006,0.0,0.059,3.4456384016184214,3.4456384,0.08421049838157879,0.0,0.0,0.059,0.0,0.002840714442462875,1
