Timestamp,Price_SMP,Buy_Rate_USD_kWh,Sell_Rate_USD_kWh,Solar_Gen,Consumption,SoC_kWh,SoC_Planned,SoC_Deviation,Charge_kW,Discharge_kW,Buy_kW,Sell_kW,Step_Cost_USD,Reoptimized
2012-06-30 00:30:00+00:00,0.019557,0.0795683676425,0.020334879675,0.0,0.196,4.896842105263158,4.8968421,0.0,0.0,0.196,0.0,-0.0,0.0,1
2012-06-30 01:00:00+00:00,0.0191019,0.07904784587975,0.0198616780725,0.0,0.174,4.8052631578947365,4.8052632,0.08199610526315748,0.0,0.174,0.0,-0.0,0.0,1
2012-06-30 01:30:00+00:00,0.0182901,0.07811934760025001,0.0190175887275,0.0,0.262,4.667368421052632,4.6673684,0.08389615789473659,0.0,0.262,0.0,-0.0,0.0,1
2012-06-30 02:00:00+00:00,0.01545495,0.074876637699875,0.01606967063625,0.0,0.187,4.667368421052632,4.6673684,2.105263163798554e-08,0.0,0.0,0.187,0.0,0.0070009656249383125,1
2012-06-30 02:30:00+00:00,0.0112791,0.07010049882275,0.011727726202499998,0.0,0.238,5.150000008552632,5.15,0.48263157894736874,1.0160665,0.0,1.2540665,0.0,0.04395534360345011,1
2012-06-30 03:00:00+00:00,0.0105534,0.0692704776335,0.010973161484999997,0.0,0.27,5.862500008552631,5.8625,0.712499991447368,1.5,0.0,1.77,0.0,0.0613043727056475,1
2012-06-30 03:30:00+00:00,0.01114995,0.069952783187375,0.01159343926125,0.0,0.2,6.575000008552632,6.575,0.7124999914473689,1.5,0.0,1.7,0.0,0.05945986570926874,1
2012-06-30 04:00:00+00:00,0.01064565,0.06937598880162502,0.011069080728749998,0.0,0.216,7.287500008552632,7.2875,0.712499991447368,1.5,0.0,1.716,0.0,0.05952459839179426,1
2012-06-30 04:30:00+00:00,0.0095325,0.06810282070625,0.009911655187499998,0.0,0.223,8.0,8.0,0.712499991447368,1.5,0.0,1.723,0.0,0.058670580038434374,1
2012-06-30 05:00:00+00:00,0.0081918,0.29646939172950004,0.008517628845,0.0,0.163,7.91421052631579,7.9142105,0.07324199999999959,0.0,0.163,0.0,-0.0,0.0,1
2012-06-30 05:30:00+00:00,0.0119925,0.30081645185625006,0.012469501687499999,0.0,0.203,7.807368421052632,7.8073684,0.07454592631578993,0.0,0.203,0.0,-0.0,0.0,1
2012-06-30 06:00:00+00:00,0.01367145,0.3027367551161251,0.01421523192375,0.0,0.181,7.712105263157896,7.7121053,0.08225142105263217,0.0,0.181,0.0,-0.0,0.0,1
2012-06-30 06:30:00+00:00,0.01389285,0.302989981919625,0.01444543810875,0.0,0.177,7.618947368421054,7.6189474,0.09372186315789577,0.0,0.177,0.0,-0.0,0.0,1
2012-06-30 07:00:00+00:00,0.0148953,0.30413653661325,0.015487760557499999,0.0,0.149,7.540526315789475,7.5405263,0.10034986842105376,0.0,0.149,0.0,-0.0,0.0,1
2012-06-30 07:30:00+00:00,0.0171954,0.30676728173850004,0.017879347034999996,0.021,0.131,7.48263157894737,7.4826316,0.10319891578947527,0.0,0.11,0.0,-0.0,0.0,1
2012-06-30 08:00:00+00:00,0.018204,0.30792087051,0.0189280641,0.162,0.324,7.397368421052633,7.3973684,0.09974137894736934,0.0,0.162,0.0,-0.0,0.0,1
2012-06-30 08:30:00+00:00,0.0197415,0.30967938997875005,0.0205267181625,0.273,0.144,7.458643421052633,7.4586434,0.08865362105263319,0.129,0.0,0.0,-0.0,0.0,1
2012-06-30 09:00:00+00:00,0.0208485,0.31094552399625003,0.021677749087499996,0.321,0.144,7.5427184210526335,7.5427184,0.07026732105263278,0.177,0.0,0.0,5.551115123125783e-17,-6.016784039747368e-19,1
2012-06-30 09:30:00+00:00,0.0212544,0.31140977313600005,0.022099793759999996,0.416,0.628,7.431139473684213,7.4311395,0.04659112105263308,0.0,0.212,2.7755575615628914e-17,0.0,4.321678752861047e-18,1
2012-06-30 10:00:00+00:00,0.0207747,0.31086111506175,0.021601013692499997,0.463,0.479,7.422718421052633,7.4227184,0.02089137368421312,0.0,0.016,0.0,4.163336342344337e-17,-4.4966142668731435e-19,1
2012-06-30 10:30:00+00:00,0.0196431,0.30956684473275003,0.0204244043025,0.496,0.458,7.440768421052633,7.4407684,0.002761478947366669,0.038,0.0,0.0,-0.0,0.0,1
2012-06-30 11:00:00+00:00,0.0194463,0.12894175424075,0.020219776582499998,0.523,0.546,7.428663157894738,7.4286632,0.019731378947366984,0.0,0.023,2.0816681711721685e-17,0.0,1.3420697286903662e-18,1
2012-06-30 11:30:00+00:00,0.02021505,0.129821013975125,0.02101910361375,0.537,0.366,7.509888157894738,7.5098882,0.030016842105261787,0.171,0.0,0.0,-0.0,0.0,1
2012-06-30 12:00:00+00:00,0.0196677,0.12919498104425,0.0204499827675,0.538,0.179,7.680413157894738,7.6804132,0.03301194210526148,0.359,0.0,0.0,-0.0,0.0,1
2012-06-30 12:30:00+00:00,0.0190404,0.12847750510099998,0.019797731909999998,0.537,0.361,7.764013157894738,7.7640132,0.029547042105262378,0.176,0.0,0.0,1.1102230246251565e-16,-1.0989948900919088e-18,1
2012-06-30 13:00:00+00:00,0.0184746,0.12783036993650002,0.019209427214999998,0.489,0.226,7.888938157894738,7.8889382,0.021495942105262067,0.263,0.0,0.0,-0.0,0.0,1
2012-06-30 13:30:00+00:00,0.01866525,0.128048426350625,0.01940766031875,0.449,0.643,7.786832894736843,7.7868329,0.011098842105262463,0.0,0.194,0.0,-0.0,0.0,1
2012-06-30 14:00:00+00:00,0.0198645,0.12942007153625001,0.0206546104875,0.4,1.154,7.389990789473686,7.3899908,0.00019740526315636941,0.0,0.754,0.0,1.1102230246251565e-16,-1.1465612063943364e-18,1
2012-06-30 14:30:00+00:00,0.0195201,0.12902616317525,0.020296511977499997,0.263,0.389,7.3236750000000015,7.323675,0.011519189473685465,0.0,0.126,0.0,-0.0,0.0,1
2012-06-30 15:00:00+00:00,0.0200367,0.12961702571675,0.0208336597425,0.074,0.17,7.273148684210528,7.2731487,0.023494000000001236,0.0,0.096,1.3877787807814457e-17,0.0,8.99398789588543e-19,1
2012-06-30 15:30:00+00:00,0.0200121,0.12958888940525,0.0208080812775,0.067,0.809,6.882622368421054,6.8826224,0.03762908421052824,0.0,0.742,0.0,-0.0,0.0,1
2012-06-30 16:00:00+00:00,0.0202212,0.129828048053,0.021025498230000002,0.028,0.252,6.764727631578949,6.7647276,0.05660146842105451,0.0,0.224,0.0,-0.0,0.0,1
2012-06-30 16:30:00+00:00,0.02293335,0.13293007639587498,0.02384552399625,0.009,0.41,6.553675000000002,6.553675,0.08294373157894874,0.0,0.401,0.0,5.551115123125783e-17,-6.618462443722106e-19,1
2012-06-30 17:00:00+00:00,0.02726295,0.137882067219875,0.02834733383625,0.001,0.345,6.372622368421054,6.3726224,0.11807500000000193,0.0,0.344,0.0,-0.0,0.0,1
2012-06-30 17:30:00+00:00,0.02936625,0.140287721853125,0.030534292593749998,0.0,0.452,6.134727631578949,6.1347276,0.16153436842105418,0.0,0.452,0.0,-0.0,0.0,1
2012-06-30 18:00:00+00:00,0.0328164,0.144233839541,0.03412167231,0.0,0.633,5.801569736842107,5.8015697,0.21064363157894928,0.0,0.633,0.0,-0.0,0.0,1
2012-06-30 18:30:00+00:00,0.0324105,0.14376959040124998,0.0336996276375,0.0,0.589,5.4915697368421075,5.4915697,0.26072413684210716,0.0,0.589,0.0,-0.0,0.0,1
2012-06-30 19:00:00+00:00,0.0291879,0.14008373359475002,0.030348848722499995,0.0,0.209,5.381569736842107,5.3815697,0.30585003684210754,0.0,0.209,0.0,-0.0,0.0,1
2012-06-30 19:30:00+00:00,0.0254979,0.13586328686975,0.0265120789725,0.0,0.269,5.239990789473686,5.2399908,0.33850763684210694,0.0,0.269,0.0,-0.0,0.0,1
2012-06-30 20:00:00+00:00,0.0254241,0.13577887793525,0.0264353435775,0.0,0.3,5.082096052631581,5.0820961,0.3565639894736865,0.0,0.3,0.0,-0.0,0.0,1
2012-06-30 20:30:00+00:00,0.0259284,0.136355672321,0.02695970211,0.0,0.297,4.925780263157897,4.9257803,0.3574614526315809,0.0,0.297,0.0,-0.0,0.0,1
2012-06-30 21:00:00+00:00,0.0259284,0.136355672321,0.02695970211,0.0,0.266,4.785780263157897,4.7857803,0.33905606315789694,0.0,0.266,0.0,-0.0,0.0,1
2012-06-30 21:30:00+00:00,0.02373285,0.133844506519625,0.02467682410875,0.0,0.284,4.636306578947371,4.6363066,0.3048035631578969,0.0,0.284,0.0,-0.0,0.0,1
2012-06-30 22:00:00+00:00,0.0270354,0.13762180633850002,0.028110733035,0.0,0.327,4.464201315789476,4.4642013,0.26038237894737115,0.0,0.327,0.0,-0.0,0.0,1
2012-06-30 22:30:00+00:00,0.0303318,0.1413920720795,0.031538247345,0.0,0.517,4.192096052631582,4.1920961,0.21228201578947647,0.0,0.517,0.0,-0.0,0.0,1
2012-06-30 23:00:00+00:00,0.02718915,0.137797658285375,0.028270598441249996,0.0,0.286,4.041569736842108,4.0415697,0.1669132526315824,0.0,0.286,0.0,-0.0,0.0,1
2012-06-30 23:30:00+00:00,0.02936625,0.140287721853125,0.030534292593749998,0.0,0.186,3.943675000000003,3.943675,0.12779553684210798,0.0,0.186,0.0,-0.0,0.0,1
2012-07-01 00:00:00+00:00,0.03199845,0.093798307183625,0.03327118834875,0.0,0.242,3.943675000000003,3.943675,3.1086244689504383e-15,0.0,0.0,0.242,0.0,0.011349595169218624,1
2012-07-01 00:30:00+00:00,0.0350796,0.09732238019900001,0.03647489109,0.0,0.194,3.943675000000003,3.943675,3.1086244689504383e-15,0.0,0.0,0.194,0.0,0.009440270879303,1
2012-07-01 01:00:00+00:00,0.03301935,0.09496596411087499,0.034332694646249995,0.0,0.22,3.943675000000003,3.943675,3.1086244689504383e-15,0.0,0.0,0.22,0.0,0.010446256052196248,1
2012-07-01 01:30:00+00:00,0.0319431,0.09373500048275,0.0332136368025,0.0,0.199,4.437500010000003,4.4375,0.49382499999999707,1.0396316,0.0,1.2386316000000002,0.0,0.058051566811974716,1
2012-07-01 02:00:00+00:00,0.03205995,0.093868647962375,0.03333513451124999,0.0,0.204,4.437500010000003,4.4375,1.000000260376055e-08,0.0,0.0,0.204,0.0,0.00957460209216225,1
2012-07-01 02:30:00+00:00,0.0291756,0.09056966543900001,0.030336059489999997,0.0,0.204,5.150000010000003,5.15,0.7124999899999978,1.5,0.0,1.704,0.0,0.077165354954028,1
2012-07-01 03:00:00+00:00,0.02827155,0.089535655991375,0.029396050901249995,0.0,0.164,5.862500010000003,5.8625,0.7124999899999969,1.5,0.0,1.664,0.0,0.074493665784824,1
2012-07-01 03:30:00+00:00,0.02577465,0.086679820374125,0.026799836703749996,0.0,0.153,6.575000010000004,6.575,0.7124999899999969,1.5,0.0,1.653,0.0,0.07164087153921431,1
2012-07-01 04:00:00+00:00,0.0211683,0.08141129604575001,0.0220102691325,0.0,0.175,7.287500010000004,7.2875,0.712499989999996,1.5,0.0,1.675,0.0,0.06818196043831563,1
2012-07-01 04:30:00+00:00,0.02878815,0.090126518532875,0.029933198666249994,0.0,0.142,8.0,8.0,0.712499989999996,1.5,0.0,1.642,0.0,0.07399387171549036,1
2012-07-01 05:00:00+00:00,0.03078075,0.322305559764375,0.03200505433125,0.0,0.186,7.902105263157894,7.9021053,0.07265049999999995,0.0,0.186,0.0,-0.0,0.0,1
2012-07-01 05:30:00+00:00,0.03236745,0.32412035185612503,0.03365486532375,0.0,0.197,7.7984210526315785,7.7984211,0.07421146315789429,0.0,0.197,0.0,-0.0,0.0,1
2012-07-01 06:00:00+00:00,0.03164175,0.323290330666875,0.03290030060625,0.0,0.291,7.645263157894736,7.6452632,0.08216915263157887,0.0,0.291,0.0,-0.0,0.0,1
2012-07-01 06:30:00+00:00,0.0311559,0.32273463851475004,0.0323951259225,0.0,0.196,7.542105263157894,7.5421053,0.09389185789473675,0.0,0.196,0.0,-0.0,0.0,1
2012-07-01 07:00:00+00:00,0.03225675,0.323993738454375,0.03353976223125,0.0,0.228,7.422105263157894,7.4221053,0.10078706315789354,0.0,0.228,0.0,-0.0,0.0,1
2012-07-01 07:30:00+00:00,0.0322875,0.3240289088437501,0.033571735312499996,0.0,0.862,6.968421052631578,6.9684211,0.10390826315789425,0.0,0.862,0.0,-0.0,0.0,1
2012-07-01 08:00:00+00:00,0.0338496,0.325815564624,0.03519596784,0.008,2.132,6.178947368421052,6.1789474,0.10072615263157836,0.0,1.5,0.6240000000000001,0.0,0.10165445616268802,1
2012-07-01 08:30:00+00:00,0.033948,0.32592810987000004,0.035298281699999996,0.023,1.421,5.443157894736841,5.4431579,0.08991356842105169,0.0,1.398,2.220446049250313e-16,0.0,3.618528919502318e-17,1
2012-07-01 09:00:00+00:00,0.03614355,0.328439275671375,0.03758115970125,0.047,1.257,4.806315789473683,4.8063158,0.07179809473684173,0.0,1.21,0.0,-0.0,0.0,1
2012-07-01 09:30:00+00:00,0.03720135,0.329649137065875,0.03868103369625,0.098,0.216,4.744210526315789,4.7442105,0.04838408947368311,0.0,0.118,0.0,-0.0,0.0,1
2012-07-01 10:00:00+00:00,0.037146,0.32958583036500005,0.03862348214999999,0.235,0.938,4.374210526315789,4.3742105,0.02293382631578922,0.0,0.703,0.0,-0.0,0.0,1
2012-07-01 10:30:00+00:00,0.0373059,0.32976871638975,0.0387897421725,0.229,0.948,3.99578947368421,3.9957895,0.000707273684211529,0.0,0.719,0.0,-0.0,0.0,1
2012-07-01 11:00:00+00:00,0.0351903,0.14694899360074998,0.036589994182499995,0.363,1.218,3.99578947368421,3.9957895,0.017482726315790398,0.0,0.0,0.855,0.0,0.06282069476432062,1
2012-07-01 11:30:00+00:00,0.0360759,0.14796190081475,0.037510818922499994,0.538,0.532,3.99863947368421,3.9986395,0.027591126315790415,0.006,0.0,0.0,-0.0,0.0,1
2012-07-01 12:00:00+00:00,0.036285,0.1482010594625,0.037728235874999995,0.229,0.502,3.99863947368421,3.9986395,0.03042662631578974,0.0,0.0,0.273,0.0,0.020229444616631252,1
2012-07-01 12:30:00+00:00,0.0356577,0.14748358351925,0.0370759850175,0.08,1.577,3.99863947368421,3.9986395,0.026819726315790327,0.0,0.0,1.4969999999999999,0.0,0.11039146226415862,1
2012-07-01 13:00:00+00:00,0.0360882,0.14797596897049997,0.03752360815499999,0.332,1.541,3.99863947368421,3.9986395,0.018643426315789746,0.0,0.0,1.2089999999999999,0.0,0.08945147324266722,1
2012-07-01 13:30:00+00:00,0.03589755,0.14775791255637502,0.03732537505125,0.227,1.025,3.99863947368421,3.9986395,0.008137426315790286,0.0,0.0,0.7979999999999999,0.0,0.05895540710999363,1
2012-07-01 14:00:00+00:00,0.0355224,0.147328833806,0.03693530346,0.418,0.762,3.99863947368421,3.9986395,2.6315789991571137e-08,0.0,0.0,0.34400000000000003,0.0,0.025340559414632004,1
2012-07-01 14:30:00+00:00,0.0350427,0.14678017573175,0.0364365233925,0.278,1.277,3.99863947368421,3.9986395,2.6315789991571137e-08,0.0,0.0,0.9989999999999999,0.0,0.07331669777800912,1
2012-07-01 15:00:00+00:00,0.0361866,0.1480885142165,0.03762592201499999,0.031,0.384,3.99863947368421,3.9986395,2.6315789991571137e-08,0.0,0.0,0.353,0.0,0.026137622759212248,1
2012-07-01 15:30:00+00:00,0.0343047,0.14593608638674999,0.035669169442499996,0.029,0.303,3.99863947368421,3.9986395,2.6315789991571137e-08,0.0,0.0,0.27399999999999997,0.0,0.019993243834984745,1
2012-07-01 16:00:00+00:00,0.03511035,0.146857550588375,0.03650686417124999,0.037,0.312,3.99863947368421,3.9986395,2.6315789991571137e-08,0.0,0.0,0.275,0.0,0.020192913205901563,1
2012-07-01 16:30:00+00:00,0.0376134,0.1497204202835,0.039109472985,0.005,0.218,3.99863947368421,3.9986395,2.6315789991571137e-08,0.0,0.0,0.213,0.0,0.01594522476019275,1
2012-07-01 17:00:00+00:00,0.04039935,0.152906857560875,0.042006234146249995,0.001,0.32,3.830744736842105,3.8307447,0.12176957368420993,0.0,0.319,0.0,-0.0,0.0,1
2012-07-01 17:30:00+00:00,0.04091595,0.153497720102375,0.04254338191124999,0.0,1.332,3.129692105263157,3.1296921,0.165246936842105,0.0,1.332,0.0,-0.0,0.0,1
2012-07-01 18:00:00+00:00,0.04894785,0.16268422580712502,0.050894750733749994,0.0,1.579,2.340218421052631,2.3402184,0.21437040526315743,0.0,1.5,0.07899999999999996,0.0,0.006426026919381435,1
2012-07-01 18:30:00+00:00,0.04686915,0.16030670748537498,0.04873337044124999,0.0,0.358,2.151797368421052,2.1517974,0.26446252105263124,0.0,0.358,0.0,-0.0,0.0,1
2012-07-01 19:00:00+00:00,0.0437142,0.1566982255355,0.045452932305,0.0,0.23,2.0307447368421045,2.0307447,0.309597768421052,0.0,0.23,0.0,-0.0,0.0,1
2012-07-01 19:30:00+00:00,0.0425457,0.15536175073925,0.04423795521749999,0.0,0.267,1.890218421052631,1.8902184,0.3422644368421046,0.0,0.267,0.0,-0.0,0.0,1
2012-07-01 20:00:00+00:00,0.04017795,0.152653630757375,0.04177602796124999,0.0,0.243,1.7623236842105257,1.7623237,0.3603214210526309,0.0,0.243,0.0,-0.0,0.0,1
2012-07-01 20:30:00+00:00,0.03956295,0.151950222969875,0.04113656633625,0.0,0.297,1.6060078947368415,1.6060079,0.3612083842105256,0.0,0.297,0.0,-0.0,0.0,1
2012-07-01 21:00:00+00:00,0.0385974,0.1508458727435,0.040132611585,0.0,0.255,1.6060078947368415,1.6060079,5.2631585756302e-09,0.0,0.0,0.255,0.0,0.019232848774796252,1
2012-07-01 21:30:00+00:00,0.03905865,0.151373428584125,0.04061220780375,0.0,0.232,1.4839026315789468,1.4839026,0.3085016947368415,0.0,0.232,0.0,-0.0,0.0,1
2012-07-01 22:00:00+00:00,0.0388311,0.15111316770275,0.040375607002499994,0.0,1.554,1.215880363157894,1.2158804,0.26403723157894676,0.0,0.50924231,1.04475769,0.0,0.07893832200885384,1
2012-07-01 22:30:00+00:00,0.0409467,0.15353289049175,0.0425753549925,0.0,0.621,1.0,1.0,0.21588036315789405,0.0,0.41017269,0.21082731,0.0,0.016184463149450115,1
2012-07-01 23:00:00+00:00,0.0375396,0.14963601134899998,0.03903273759,0.0,0.412,1.0,1.0,0.0,0.0,0.0,0.412,0.0,0.030825018337893993,1
2012-07-01 23:30:00+00:00,0.03880035,0.15107799731337498,0.04034363392125,0.0,0.264,1.0,1.0,0.0,0.0,0.0,0.264,0.0,0.0199422956453655,1
2012-07-02 00:00:00+00:00,0.037515,0.10010787503749999,0.039007159124999996,0.0,0.198,1.0,1.0,0.0,0.0,0.0,0.198,0.0,0.009910679628712499,1
2012-07-02 00:30:00+00:00,0.03439695,0.096541597554875,0.03576508868625,0.0,0.256,1.7125,1.7125,0.6906479999999999,1.5,0.0,1.756,0.0,0.08476352265318025,1
2012-07-02 01:00:00+00:00,0.03362205,0.09565530374262503,0.03495936703875,0.0,0.144,2.425,2.425,0.7124999999999999,1.5,0.0,1.644,0.0,0.07862865967643777,1
2012-07-02 01:30:00+00:00,0.03406485,0.09616175734962502,0.03541977940875,0.0,0.181,3.1374999999999997,3.1375,0.7125000000000004,1.5,0.0,1.681,0.0,0.08082395705235984,1
2012-07-02 02:00:00+00:00,0.0337266,0.09577488306650002,0.035068075515,0.0,0.148,3.8499999999999996,3.85,0.7125000000000004,1.5,0.0,1.648,0.0,0.078918503646796,1
2012-07-02 02:30:00+00:00,0.03308085,0.09503630488962501,0.03439664080875,0.0,0.195,4.5625,4.5625,0.7125000000000004,1.5,0.0,1.695,0.0,0.0805432683939572,1
2012-07-02 03:00:00+00:00,0.0331239,0.09508554343475002,0.0344414031225,0.0,0.157,5.275,5.275,0.7125000000000004,1.5,0.0,1.657,0.0,0.0787783727356904,1
2012-07-02 03:30:00+00:00,0.0331485,0.09511367974625,0.034466981587499994,0.0,0.249,5.987500000000001,5.9875,0.7124999999999995,1.5,0.0,1.749,0.0,0.08317691293809563,1
2012-07-02 04:00:00+00:00,0.03313005,0.09509257751262501,0.034447797738749994,0.0,0.212,6.700000000000001,6.7,0.7124999999999995,1.5,0.0,1.712,0.0,0.081399246350807,1
2012-07-02 04:30:00+00:00,0.0331485,0.09511367974625,0.034466981587499994,0.0,0.217,7.412500000000001,7.4125,0.7124999999999986,1.5,0.0,1.717,0.0,0.08165509406215563,1
2012-07-02 05:00:00+00:00,0.03326535,0.325147327225875,0.034588479296249995,0.0,0.322,7.243026315789475,7.2430263,0.07463930000000119,0.0,0.322,0.0,-0.0,0.0,1
2012-07-02 05:30:00+00:00,0.0354117,0.32760222040425,0.03682020036749999,0.0,0.229,7.122500000000001,7.1225,0.07601771578947503,0.0,0.229,0.0,-0.0,0.0,1
2012-07-02 06:00:00+00:00,0.03721365,0.32966320522162507,0.03869382292875,0.0,0.23,7.001447368421054,7.0014474,0.08378630000000165,0.0,0.23,0.0,-0.0,0.0,1
2012-07-02 06:30:00+00:00,0.04154325,0.334615196045625,0.04319563276874999,0.0,0.233,6.878815789473686,6.8788158,0.09531886842105397,0.0,0.233,0.0,-0.0,0.0,1
2012-07-02 07:00:00+00:00,0.04940295,0.3436047475698751,0.051367952336249995,0.0,0.225,6.760394736842107,6.7603947,0.10203858947368616,0.0,0.225,0.0,-0.0,0.0,1
2012-07-02 07:30:00+00:00,0.04357275,0.33693644174437504,0.04530585613125,0.025,0.891,6.304605263157897,6.3046053,0.10499023684210673,0.0,0.866,0.0,-0.0,0.0,1
2012-07-02 08:00:00+00:00,0.05431065,0.34921794171412507,0.056470856103749995,0.167,1.524,5.590394736842107,5.5903947,0.10164306315789684,0.0,1.357,0.0,-0.0,0.0,1
2012-07-02 08:30:00+00:00,0.0599625,0.35568225928125,0.0623475084375,0.28,1.678,4.854605263157897,4.8546053,0.09066773684210716,0.0,1.398,0.0,-0.0,0.0,1
2012-07-02 09:00:00+00:00,0.05511015,0.35013237183787504,0.05730215621625,0.313,1.39,4.287763157894739,4.2877632,0.07238836315789676,0.0,1.077,0.0,-0.0,0.0,1
2012-07-02 09:30:00+00:00,0.0512418,0.3457079368545001,0.05327994259499999,0.404,0.236,4.367563157894739,4.3675632,0.048805957894739294,0.168,0.0,0.0,-0.0,0.0,1
2012-07-02 10:00:00+00:00,0.0551163,0.35013940591575,0.05730855083249999,0.479,0.178,4.5105381578947386,4.5105382,0.023179557894739133,0.301,0.0,0.0,-0.0,0.0,1
2012-07-02 10:30:00+00:00,0.0485481,0.34262701074525004,0.05047910067749999,0.519,0.192,4.665863157894739,4.6658632,0.0006536421052611985,0.327,0.0,0.0,-0.0,0.0,1
2012-07-02 11:00:00+00:00,0.04616805,0.15950482260762502,0.04800438418875,0.552,0.133,4.864888157894739,4.8648882,0.01760734210526138,0.419,0.0,0.0,-0.0,0.0,1
2012-07-02 11:30:00+00:00,0.05245335,0.16669365019587498,0.05453968199625,0.564,0.396,4.944688157894738,4.9446882,0.0279045421052615,0.168,0.0,1.1102230246251565e-16,0.0,9.253356425313607e-18,1
2012-07-02 12:00:00+00:00,0.0549687,0.16957058804675,0.057155080042499994,0.572,0.422,5.015938157894738,5.0159382,0.03093904210526155,0.15,0.0,0.0,-0.0,0.0,1
2012-07-02 12:30:00+00:00,-0.0364572,0.065001986357,-0.03790728513,0.505,0.532,5.728438157894738,5.7284382,0.7125000421052619,1.5,0.0,1.5270000000000001,0.0,0.0496290165835695,1
2012-07-02 13:00:00+00:00,0.04337595,0.15631135125237502,0.04510122841125,0.453,0.459,5.725280263157896,5.7252803,0.019579242105262296,0.0,0.006,5.204170427930421e-18,0.0,4.0673545586872744e-19,1
2012-07-02 13:30:00+00:00,0.05314215,0.167481466917875,0.055255879016249995,0.409,0.255,5.798430263157896,5.7984303,0.009295236842103982,0.154,0.0,5.551115123125783e-17,0.0,4.648544519255532e-18,1
2012-07-02 14:00:00+00:00,0.04459365,0.157704098671625,0.046367362428749996,0.22,0.446,5.679482894736844,5.6794829,0.0016311631578957986,0.0,0.226,0.0,-0.0,0.0,1
2012-07-02 14:30:00+00:00,0.0519921,0.16616609435525,0.054060085777499996,0.079,0.452,5.48316710526316,5.4831671,0.013199294736844003,0.0,0.373,0.0,-0.0,0.0,1
2012-07-02 15:00:00+00:00,0.0559281,0.17066790419525002,0.0581526401775,0.056,0.243,5.384746052631581,5.3847461,0.02498590526315958,0.0,0.187,0.0,-0.0,0.0,1
2012-07-02 15:30:00+00:00,0.0566907,0.17154012985175,0.05894557259249999,0.03,0.181,5.305272368421054,5.3052724,0.03891735263158047,0.0,0.151,0.0,-0.0,0.0,1
2012-07-02 16:00:00+00:00,0.0589047,0.17407239788675,0.0612476344425,0.02,0.181,5.220535526315791,5.2205355,0.05767516842105369,0.0,0.161,0.0,-0.0,0.0,1
2012-07-02 16:30:00+00:00,0.06386775,0.179748898731875,0.06640808975625,0.018,0.233,5.107377631578949,5.1073776,0.083797026315791,0.0,0.215,2.7755575615628914e-17,0.0,2.4945170752892903e-18,1
2012-07-02 17:00:00+00:00,0.06529455,0.181380804798875,0.06789164072625001,0.0,0.172,5.016851315789475,5.0168513,0.11870783157894849,0.0,0.172,0.0,-0.0,0.0,1
2012-07-02 17:30:00+00:00,0.10175175,0.223078818441875,0.10579892585624999,0.0,0.22,4.901061842105265,4.9010618,0.1619522157894755,0.0,0.22,0.0,-0.0,0.0,1
2012-07-02 18:00:00+00:00,0.1472556,0.275123960639,0.15311269148999998,0.0,0.226,4.5504416210526335,4.5504416,0.3506202421052649,0.0,0.66617842,0.0,0.44017842000000007,-0.03369845131100782,1
2012-07-02 18:30:00+00:00,0.14934045,0.27750851303862506,0.15528046639874998,0.0,1.126,3.760967936842107,3.7609679,0.7894737210526337,0.0,1.5,0.0,0.3740000000000001,-0.029037447216566255,1
2012-07-02 19:00:00+00:00,0.14467875,0.272176682009375,0.15043334728125,0.0,2.208,2.9714942526315804,2.9714943,0.3056939368421068,0.0,1.5,0.7080000000000002,0.0,0.09635054543131878,1
2012-07-02 19:30:00+00:00,0.08417505,0.202975423875125,0.08752311261375,0.0,2.626,2.182020568421054,2.1820206,0.3381930526315804,0.0,1.5,1.126,0.0,0.11427516364169536,1
2012-07-02 20:00:00+00:00,0.07554045,0.193099578538625,0.07854507139874999,0.0,2.042,2.0716199736842116,2.07162,0.11040056842105406,0.0,0.20976113,1.8322388699999999,0.0,0.17690227678954323,1
2012-07-02 20:30:00+00:00,0.13397775,0.259937386506875,0.13930671500624997,0.0,1.856,1.2821462894736853,1.2821463,0.3568338736842116,0.0,1.5,0.3560000000000001,0.0,0.046268854798223756,1
2012-07-02 21:00:00+00:00,0.07683195,0.19457673489237498,0.07988794081124999,0.0,2.093,1.2821462894736853,1.2821463,1.0526314708769746e-08,0.0,0.0,2.093,0.0,0.20362455306487043,1
2012-07-02 21:30:00+00:00,0.0691629,0.18580523978225,0.0719138543475,0.0,0.775,1.2821462894736853,1.2821463,1.0526314708769746e-08,0.0,0.0,0.775,0.0,0.07199953041562188,1
2012-07-02 22:00:00+00:00,0.06993165,0.186684499516625,0.07271318137874999,0.0,0.235,1.2821462894736853,1.2821463,1.0526314708769746e-08,0.0,0.0,0.235,0.0,0.021935428693203435,1
2012-07-02 22:30:00+00:00,0.13854105,0.26515667229012496,0.14405152026374998,0.0,0.213,1.1700410263157905,1.170041,0.2110230894736853,0.0,0.213,0.0,-0.0,0.0,1
2012-07-02 23:00:00+00:00,0.0775515,0.19539972200375,0.08063611091249999,0.0,0.21,1.059514710526317,1.0595147,0.16548772631579056,0.0,0.21,0.0,-0.0,0.0,1
2012-07-02 23:30:00+00:00,0.06964875,0.18636093193437497,0.07241902903124998,0.0,0.197,1.000000000000001,1.0,0.05951471052631696,0.0,0.11307795,0.08392205000000001,0.0,0.007819895723921607,1
2012-07-03 00:00:00+00:00,0.05408925,0.119064714910625,0.056240649918749996,0.0,0.155,1.712500000000001,1.7125,0.7124999999999988,1.5,0.0,1.655,0.0,0.09852605158854219,1
2012-07-03 00:30:00+00:00,0.05709045,0.12249734491362502,0.059361222648749996,0.0,0.168,1.888803351250001,1.8888034,0.176303399999999,0.37116495,0.0,0.53916495,0.0,0.033023137422743695,1
2012-07-03 01:00:00+00:00,0.06643845,0.133189143283625,0.06908103934874998,0.0,0.159,1.888803351250001,1.8888034,4.874999892656717e-08,0.0,0.0,0.159,0.0,0.010588536891048187,1
2012-07-03 01:30:00+00:00,0.06637695,0.133118802504875,0.06901709318625,0.0,0.164,1.888803351250001,1.8888034,4.874999892656717e-08,0.0,0.0,0.164,0.0,0.010915741805399752,1
2012-07-03 02:00:00+00:00,0.06015315,0.126000315695375,0.06254574154124999,0.0,0.25,1.888803351250001,1.8888034,4.874999892656717e-08,0.0,0.0,0.25,0.0,0.015750039461921876,1
2012-07-03 02:30:00+00:00,0.0517461,0.11638473124025,0.0538043011275,0.0,0.283,2.6013033512500012,2.6013034,0.7125000487499988,1.5,0.0,1.783,0.0,0.10375698790068287,1
2012-07-03 03:00:00+00:00,0.04996875,0.11435188273437501,0.051956257031249994,0.0,0.254,3.313803351250001,3.3138034,0.7125000487499986,1.5,0.0,1.754,0.0,0.10028660115804688,1
2012-07-03 03:30:00+00:00,0.0471213,0.11109510467825,0.048995549707499995,0.0,0.321,4.026303351250001,4.0263034,0.7125000487499986,1.5,0.0,1.821,0.0,0.10115209280954662,1
2012-07-03 04:00:00+00:00,0.0444522,0.10804231488049999,0.04622028625499999,0.0,0.242,4.7388033512500005,4.7388034,0.7125000487499991,1.5,0.0,1.742,0.0,0.0941048562609155,1
2012-07-03 04:30:00+00:00,0.03800085,0.10066356718962502,0.03951233380875,0.0,0.201,5.451303351250001,5.4513034,0.7125000487499991,1.5,0.0,1.701,0.0,0.08561436389477609,1
2012-07-03 05:00:00+00:00,0.0400857,0.33294811958925,0.0416801087175,0.0,0.233,5.3286717723026324,5.3286718,0.06955645125000132,0.0,0.233,0.0,-0.0,0.0,1
2012-07-03 05:30:00+00:00,0.04244115,0.33564217141537506,0.044129246741249996,0.0,0.213,5.216566509144737,5.2165665,0.07101447230263247,0.0,0.213,0.0,-0.0,0.0,1
2012-07-03 06:00:00+00:00,0.0469614,0.34081221865350003,0.04882928968499999,0.0,0.213,5.104461245986842,5.1044612,0.07887700914473772,0.0,0.213,0.0,-0.0,0.0,1
2012-07-03 06:30:00+00:00,0.05444595,0.34937269142737504,0.056611537661249996,0.0,0.205,4.996566509144737,4.9965665,0.09052304598684202,0.0,0.205,0.0,-0.0,0.0,1
2012-07-03 07:00:00+00:00,0.05514705,0.35017457630512505,0.057340523913750004,0.0,0.178,4.902882298618421,4.9028823,0.09739110914473681,0.0,0.178,0.0,-0.0,0.0,1
2012-07-03 07:30:00+00:00,0.04983345,0.34409713302112505,0.05181557547374999,0.021,0.212,4.802355982828947,4.802356,0.10051629861842049,0.0,0.191,0.0,-0.0,0.0,1
2012-07-03 08:00:00+00:00,0.05495025,0.349949485813125,0.057135896193749994,0.159,1.245,4.230777035460526,4.230777,0.09736628282894699,0.0,1.086,0.0,-0.0,0.0,1
2012-07-03 08:30:00+00:00,0.0611556,0.357046870389,0.06358806399,0.273,0.721,3.9949875617763153,3.9949876,0.08660853546052572,0.0,0.448,0.0,5.551115123125783e-17,-1.764923318325895e-18,1
2012-07-03 09:00:00+00:00,0.0548211,0.34980177017775,0.05700160925249999,0.34,0.156,4.082387561776315,4.0823876,0.06856346177631512,0.184,0.0,0.0,5.551115123125783e-17,-1.5821124758202961e-18,1
2012-07-03 09:30:00+00:00,0.05316675,0.3479096032293751,0.05528145748125,0.426,0.209,4.185462561776315,4.1854626,0.0452277617763146,0.217,0.0,0.0,-0.0,0.0,1
2012-07-03 10:00:00+00:00,0.05043,0.34477943857500004,0.05243585325,0.48,0.178,4.328912561776314,4.3289126,0.01985656177631423,0.302,0.0,0.0,-0.0,0.0,1
2012-07-03 10:30:00+00:00,0.04451985,0.338019689737125,0.04629062703375,0.52,0.188,4.486612561776314,4.4866126,0.003417438223685565,0.332,0.0,0.0,-0.0,0.0,1
2012-07-03 11:00:00+00:00,0.044772,0.15790808693000002,0.0465528063,0.548,0.18,4.661412561776315,4.6614126,0.02013303822368595,0.368,0.0,0.0,-0.0,0.0,1
2012-07-03 11:30:00+00:00,0.0444522,0.1575423148805,0.04622028625499999,0.563,0.697,4.590886245986841,4.5908862,0.030190238223685384,0.0,0.134,0.0,-0.0,0.0,1
2012-07-03 12:00:00+00:00,0.04022715,0.152709903380375,0.04182718489125,0.569,0.14,4.794661245986841,4.7946612,0.03298305401315904,0.429,0.0,0.0,-0.0,0.0,1
2012-07-03 12:30:00+00:00,0.03839445,0.150613748173625,0.03992158924874999,0.557,0.243,4.943811245986841,4.9438112,0.02934045401315899,0.314,0.0,0.0,1.1102230246251565e-16,-2.2160933781795174e-18,1
2012-07-03 13:00:00+00:00,0.03786555,0.15000881747637498,0.03937165225124999,0.529,1.219,4.76300069861842,4.7630007,0.021134054013159265,0.0,0.34354004,0.34645996000000007,0.0,0.025986024451256095,1
2012-07-03 13:30:00+00:00,0.0387204,0.150986554301,0.040260503909999995,0.478,2.477,4.734531610197367,4.7345316,0.010601801381580067,0.0,0.054091268,1.9449087319999998,0.0,0.14682753393730352,1
2012-07-03 14:00:00+00:00,0.0381669,0.15035348729225,0.03968498844749999,0.433,1.529,4.734531610197367,4.7345316,1.0197366506758954e-08,0.0,0.0,1.0959999999999999,0.0,0.08239371103615299,1
2012-07-03 14:30:00+00:00,0.03929235,0.151640723543375,0.04085520322124999,0.131,0.201,4.697833683355261,4.6978337,0.012312310197367005,0.0,0.069726061,0.0002739390000000008,0.0,2.077015408337436e-05,1
2012-07-03 15:00:00+00:00,0.0391386,0.1514648715965,0.040695337815,0.026,0.279,4.697833683355261,4.6978337,1.6644738920490454e-08,0.0,0.0,0.253,0.0,0.01916030625695725,1
2012-07-03 15:30:00+00:00,0.0386712,0.15093028167800002,0.040209346980000005,0.019,0.554,4.697833683355261,4.6978337,1.6644738920490454e-08,0.0,0.0,0.535,0.0,0.04037385034886501,1
2012-07-03 16:00:00+00:00,0.04126035,0.153891628463375,0.04290148042125,0.016,0.398,4.508289999144735,4.50829,0.05766538335526139,0.0,0.360133,0.021867000000000025,0.0,0.0016825741198043126,1
2012-07-03 16:30:00+00:00,0.04187535,0.15459503625087498,0.043540942046249996,0.012,0.709,4.424195499144735,4.4241955,0.08409449914473566,0.0,0.15977955,0.53722045,0.0,0.041525807471230684,1
2012-07-03 17:00:00+00:00,0.0499134,0.1637885760335,0.051898705484999995,0.002,0.228,4.305248130723683,4.3052481,0.11932329914473527,0.0,0.226,0.0,-0.0,0.0,1
2012-07-03 17:30:00+00:00,0.0535419,0.16793868197975,0.0556715290725,0.0,0.212,4.193669183355262,4.1936692,0.162898530723683,0.0,0.212,0.0,-0.0,0.0,1
2012-07-03 18:00:00+00:00,0.06712725,0.18347696000562497,0.06979723636874999,0.0,0.218,4.078932341249999,4.0789323,0.21214808335526225,0.0,0.218,0.0,-0.0,0.0,1
2012-07-03 18:30:00+00:00,0.0740583,0.19140436577075,0.0770039688825,0.0,0.209,3.968932341249999,3.9689323,0.26239684124999885,0.0,0.209,0.0,-0.0,0.0,1
2012-07-03 19:00:00+00:00,0.06561435,0.181746576848375,0.06822416077124999,0.0,0.238,3.8436691833552623,3.8436692,0.307719341249999,0.0,0.238,0.0,-0.0,0.0,1
2012-07-03 19:30:00+00:00,0.052275,0.1664896619375,0.054354238124999996,0.0,0.143,3.7684060254605254,3.768406,0.3406088833552623,0.0,0.143,0.0,-0.0,0.0,1
2012-07-03 20:00:00+00:00,0.0460758,0.15939931143949998,0.04790846494499999,0.0,0.181,3.6731428675657884,3.6731429,0.3589073254605255,0.0,0.181,0.0,-0.0,0.0,1
2012-07-03 20:30:00+00:00,0.0493476,0.163141440869,0.05131040078999999,0.0,0.153,3.592616551776315,3.5926166,0.36004886756578847,0.0,0.153,0.0,-0.0,0.0,1
2012-07-03 21:00:00+00:00,0.0465801,0.15997610582525001,0.0484328234775,0.0,0.189,3.4931428675657887,3.4931429,0.3418977517763149,0.0,0.189,0.0,-0.0,0.0,1
2012-07-03 21:30:00+00:00,0.0453132,0.15852708578299998,0.04711553253,0.0,0.566,3.1952481307236833,3.1952481,0.30790036756578854,0.0,0.566,0.0,-0.0,0.0,1
2012-07-03 22:00:00+00:00,0.043296,0.15621990824,0.0450180984,0.001,1.494,2.4094586570394725,2.4094587,0.26372903072368326,0.0,1.493,0.0,-0.0,0.0,1
2012-07-03 22:30:00+00:00,0.04878795,0.162501339782375,0.05072849071125,0.0,0.344,2.228406025460525,2.228406,0.2158727570394725,0.0,0.344,0.0,-0.0,0.0,1
2012-07-03 23:00:00+00:00,0.04317915,0.156086260760375,0.044896600691249997,0.0,0.255,2.0941954991447354,2.0941955,0.17074442546052504,0.0,0.255,0.0,-0.0,0.0,1
2012-07-03 23:30:00+00:00,0.0406884,0.15323745922100002,0.04230678111,0.0,0.26,1.9573533938815775,1.9573534,0.13187829914473537,0.0,0.26,0.0,-0.0,0.0,1
2012-07-04 00:00:00+00:00,0.03747195,0.100058636492375,0.038962396811249994,0.0,0.235,1.9573533938815775,1.9573534,6.118422435363868e-09,0.0,0.0,0.235,0.0,0.011756889787854061,1
2012-07-04 00:30:00+00:00,0.03650025,0.098947252188125,0.03795204744374999,0.0,0.211,1.9573533938815775,1.9573534,6.118422435363868e-09,0.0,0.0,0.211,0.0,0.010438935105847187,1
2012-07-04 01:00:00+00:00,0.03599595,0.09837045780237501,0.03742768891124999,0.0,0.226,1.9573533938815775,1.9573534,6.118422435363868e-09,0.0,0.0,0.226,0.0,0.011115861731668376,1
2012-07-04 01:30:00+00:00,0.0363711,0.09879953655275002,0.0378177605025,0.0,0.201,1.9573533938815775,1.9573534,6.118422435363868e-09,0.0,0.0,0.201,0.0,0.009929353423551378,1
2012-07-04 02:00:00+00:00,0.03486435,0.097076187473375,0.03625107952125,0.0,0.227,2.4105628828815773,2.4105629,0.6980629061184227,0.95412524,0.0,1.18112524,0.0,0.05732956761388752,1
2012-07-04 02:30:00+00:00,0.033579,0.09560606519749999,0.03491460472499999,0.0,0.165,3.123062882881577,3.1230629,0.7125000171184226,1.5,0.0,1.665,0.0,0.07959204927691875,1
2012-07-04 03:00:00+00:00,0.03375735,0.09581005345587501,0.03510004859625,0.0,0.19,3.835562882881577,3.8355629,0.712500017118423,1.5,0.0,1.69,0.0,0.08095949517021438,1
2012-07-04 03:30:00+00:00,0.03375735,0.09581005345587501,0.03510004859625,0.0,0.139,4.5480628828815775,4.5480629,0.7125000171184226,1.5,0.0,1.639,0.0,0.07851633880708957,1
2012-07-04 04:00:00+00:00,0.0337635,0.09581708753375,0.0351064432125,0.0,0.191,5.260562882881578,5.2605629,0.7125000171184226,1.5,0.0,1.691,0.0,0.08101334750978563,1
2012-07-04 04:30:00+00:00,0.0338742,0.09594370093550002,0.035221546305,0.0,0.137,5.973062882881578,5.9730629,0.7125000171184226,1.5,0.0,1.637,0.0,0.07852991921570676,1
2012-07-04 05:00:00+00:00,0.0338742,0.3258437009355001,0.035221546305,0.0,0.231,5.851483935513157,5.8514839,0.07953258288157805,0.0,0.231,0.0,-0.0,0.0,1
2012-07-04 05:30:00+00:00,0.03388035,0.325850735013375,0.03522794092124999,0.0,0.186,5.753589198671051,5.7535892,0.0813465355131564,0.0,0.186,0.0,-0.0,0.0,1
2012-07-04 06:00:00+00:00,0.03415095,0.326160234439875,0.035509304036249995,0.0,0.331,5.579378672355261,5.5793787,0.08955649867105109,0.0,0.331,0.0,-0.0,0.0,1
2012-07-04 06:30:00+00:00,0.0454485,0.33908183549625004,0.0472562140875,0.0,0.2,5.474115514460524,5.4741155,0.1015457723552613,0.0,0.2,0.0,-0.0,0.0,1
2012-07-04 07:00:00+00:00,0.048216,0.34224717054000003,0.0501337914,0.0,0.224,5.356220777618419,5.3562208,0.10876761446052452,0.0,0.224,0.0,-0.0,0.0,1
2012-07-04 07:30:00+00:00,0.0472197,0.34110764992425,0.049097863567500004,0.014,0.211,5.252536567092103,5.2525366,0.1122472776184189,0.0,0.197,0.0,2.7755575615628914e-17,-6.813697324067892e-19,1
2012-07-04 08:00:00+00:00,0.06583575,0.362399803651875,0.06845436695624998,0.086,1.666,4.463062882881577,4.4630629,0.10945026709210293,0.0,1.5,0.07999999999999985,0.0,0.014495992146074974,1
2012-07-04 08:30:00+00:00,0.07097715,0.36828029275537505,0.07380026614124999,0.265,1.457,3.835694461828945,3.8356945,0.09904058288157636,0.0,1.192,2.220446049250313e-16,0.0,4.088732605327106e-17,1
2012-07-04 09:00:00+00:00,0.05513475,0.350160508149375,0.05732773468124999,0.335,1.555,3.1935891986710505,3.1935892,0.08133426182894521,0.0,1.22,0.0,-0.0,0.0,1
2012-07-04 09:30:00+00:00,0.0513279,0.3458064139447501,0.053369467222499994,0.414,1.632,2.552536567092103,2.5525366,0.05832369867105047,0.0,1.218,0.0,-0.0,0.0,1
2012-07-04 10:00:00+00:00,0.05169075,0.346221424539375,0.053746749581249996,0.446,1.382,2.0599049881447344,2.059905,0.033259767092102877,0.0,0.936,0.0,1.1102230246251565e-16,-2.983543944193312e-18,1
2012-07-04 10:30:00+00:00,0.0548088,0.34978770202200005,0.05698882001999999,0.502,0.308,2.1520549881447346,2.152055,0.009902588144734548,0.194,0.0,0.0,-0.0,0.0,1
2012-07-04 11:00:00+00:00,0.0440955,0.15713433836375,0.04584939851249999,0.51,0.271,2.2655799881447347,2.26558,0.007541411855265245,0.239,0.0,0.0,-0.0,0.0,1
2012-07-04 11:30:00+00:00,0.04545465,0.158688869574125,0.04726260870374999,0.447,0.21,2.378154988144735,2.378155,0.017383811855265385,0.237,0.0,0.0,5.551115123125783e-17,-1.3118009096688142e-18,1
2012-07-04 12:00:00+00:00,0.0400734,0.15253405143350002,0.041667319485,0.521,0.473,2.400954988144735,2.400955,0.019984411855265005,0.048,0.0,0.0,-0.0,0.0,1
2012-07-04 12:30:00+00:00,0.0370107,0.14903108065175,0.0384828005925,0.51,0.91,2.400954988144735,2.400955,0.016172011855264845,0.0,0.0,0.4,0.0,0.02980621613035,1
2012-07-04 13:00:00+00:00,0.03663555,0.148602001901375,0.03809272900125,0.255,0.821,2.932931190644735,2.9329312,0.5319762118552651,1.1199499,0.0,1.6859498999999998,0.0,0.12526776512271148,1
2012-07-04 13:30:00+00:00,0.038007,0.1501706012675,0.039518728424999996,0.167,1.99,2.932931190644735,2.9329312,9.355265007116031e-09,0.0,0.0,1.823,0.0,0.13688050305532626,1
2012-07-04 14:00:00+00:00,0.03902175,0.151331224116875,0.04057384010625,0.373,2.537,2.932931190644735,2.9329312,9.355265007116031e-09,0.0,0.0,2.1639999999999997,0.0,0.1637403844944587,1
2012-07-04 14:30:00+00:00,0.0379332,0.150086192333,0.03944199303,0.096,2.279,2.932931190644735,2.9329312,9.355265007116031e-09,0.0,0.0,2.183,0.0,0.1638190789314695,1
2012-07-04 15:00:00+00:00,0.0390894,0.1514085989735,0.040644180885,0.073,2.45,2.932931190644735,2.9329312,9.355265007116031e-09,0.0,0.0,2.3770000000000002,0.0,0.17994911988000478,1
2012-07-04 15:30:00+00:00,0.0392124,0.151549280531,0.04077207321,0.045,1.293,2.932931190644735,2.9329312,9.355265007116031e-09,0.0,0.0,1.248,0.0,0.094566751051344,1
2012-07-04 16:00:00+00:00,0.0459405,0.15924456172625,0.0477677833875,0.025,0.346,2.932931190644735,2.9329312,9.355265007116031e-09,0.0,0.0,0.32099999999999995,0.0,0.025558752157063123,1
2012-07-04 16:30:00+00:00,0.04490115,0.158055802565375,0.04668709324125,0.014,0.24,2.932931190644735,2.9329312,9.355265007116031e-09,0.0,0.0,0.22599999999999998,0.0,0.017860305689887373,1
2012-07-04 17:00:00+00:00,0.04602045,0.159336004738625,0.04785091339874999,0.004,0.559,2.932931190644735,2.9329312,9.355265007116031e-09,0.0,0.0,0.555,0.0,0.04421574131496844,1
2012-07-04 17:30:00+00:00,0.04818525,0.161812000150625,0.05010181831874999,0.0,0.622,2.9329311809605305,2.9329312,9.355265007116031e-09,0.0,1.8399989e-08,0.621999981600011,0.0,0.050323530558174866,1
2012-07-04 18:00:00+00:00,0.06098955,0.176456950286375,0.06341540935125,0.0,0.657,2.58714170727632,2.5871417,0.22741728096053038,0.0,0.657,0.0,-0.0,0.0,1
2012-07-04 18:30:00+00:00,0.0607989,0.17623889387225,0.06321717624749999,0.0,1.328,1.8881943388552673,1.8881943,0.2776427072763199,0.0,1.328,0.0,-0.0,0.0,1
2012-07-04 19:00:00+00:00,0.05932905,0.174557749260125,0.06168886296375,0.0,1.519,1.098720654644741,1.0987207,0.32293433885526723,0.0,1.5,0.018999999999999906,0.0,0.0016582986179711791,1
2012-07-04 19:30:00+00:00,0.05729955,0.172236503561375,0.05957863960124999,0.0,2.36,1.000000002013162,1.0,0.098720654644741,0.0,0.18756924,2.1724307599999997,0.0,0.18708593916579025,1
2012-07-04 20:00:00+00:00,0.05124795,0.165314970932375,0.05328633721125,0.0,1.883,1.000000002013162,1.0,2.013162081482278e-09,0.0,0.0,1.883,0.0,0.15564404513283106,1
2012-07-04 20:30:00+00:00,0.05274855,0.16703128593387498,0.054846623576249996,0.0,1.85,1.000000002013162,1.0,2.013162081482278e-09,0.0,0.0,1.85,0.0,0.15450393948883437,1
2012-07-04 21:00:00+00:00,0.04281015,0.155664216087875,0.04451292371624999,0.0,2.451,1.000000002013162,1.0,2.013162081482278e-09,0.0,0.0,2.451,0.0,0.19076649681569083,1
2012-07-04 21:30:00+00:00,0.04341285,0.156353555719625,0.04513959610875,0.0,2.627,1.000000002013162,1.0,2.013162081482278e-09,0.0,0.0,2.627,0.0,0.20537039543772742,1
2012-07-04 22:00:00+00:00,0.040959,0.1535469586475,0.042588144225,0.0,2.083,1.000000002013162,1.0,2.013162081482278e-09,0.0,0.0,2.083,0.0,0.15991915743137128,1
2012-07-04 22:30:00+00:00,0.04599585,0.159307868427125,0.04782533493375,0.0,2.305,1.000000002013162,1.0,2.013162081482278e-09,0.0,0.0,2.305,0.0,0.18360231836226157,1
2012-07-04 23:00:00+00:00,0.03850515,0.150740361575375,0.04003669234125,0.0,0.44,1.000000002013162,1.0,2.013162081482278e-09,0.0,0.0,0.44,0.0,0.0331628795465825,1
2012-07-04 23:30:00+00:00,0.0381669,0.15035348729225,0.03968498844749999,0.0,0.23,1.000000002013162,1.0,2.013162081482278e-09,0.0,0.0,0.23,0.0,0.017290651038608752,1
2012-07-05 00:00:00+00:00,0.0353379,0.09761781146975,0.036743464972499994,0.001,0.262,1.000000002013162,1.0,2.013162081482278e-09,0.0,0.0,0.261,0.0,0.012739124396802375,1
2012-07-05 00:30:00+00:00,0.03552855,0.097835867883875,0.03694169807625,0.0,0.192,1.000000002013162,1.0,2.013162081482278e-09,0.0,0.0,0.192,0.0,0.009392243316852,1
2012-07-05 01:00:00+00:00,0.0345384,0.09670338134600001,0.03591216485999999,0.0,0.239,1.712500002013162,1.7125,0.7124999979868378,1.5,0.0,1.7389999999999999,0.0,0.084083590080347,1
2012-07-05 01:30:00+00:00,0.03459375,0.09676668804687502,0.03596971640625,0.0,0.208,2.425000002013162,2.425,0.16084349798683806,1.5,0.0,1.708,0.0,0.08263875159203127,1
2012-07-05 02:00:00+00:00,0.0339111,0.09598590540275,0.0352599140025,0.0,0.201,3.137500002013162,3.1375,0.7124999979868383,1.5,0.0,1.701,0.0,0.08163601254503887,1
2012-07-05 02:30:00+00:00,0.03369585,0.09573971267712503,0.03503610243375,0.0,0.214,3.8500000020131617,3.85,0.7124999979868383,1.5,0.0,1.714,0.0,0.08204893376429614,1
2012-07-05 03:00:00+00:00,0.03346215,0.09547241771787501,0.03479310701625,0.0,0.22,4.562500002013161,4.5625,0.7124999979868383,1.5,0.0,1.72,0.0,0.08210627923737251,1
2012-07-05 03:30:00+00:00,0.03356055,0.095584962963875,0.03489542087625,0.0,0.205,5.2750000020131615,5.275,0.7124999979868392,1.5,0.0,1.705,0.0,0.08148618092670344,1
2012-07-05 04:00:00+00:00,0.033825,0.0958874283125,0.035170389375,0.0,0.268,5.987500002013162,5.9875,0.7124999979868383,1.5,0.0,1.768,0.0,0.08476448662825,1
2012-07-05 04:30:00+00:00,0.0338004,0.09585929200100002,0.03514481091,0.0,0.256,6.700000002013162,6.7,0.7124999979868383,1.5,0.0,1.756,0.0,0.08416445837687801,1
2012-07-05 05:00:00+00:00,0.03385575,0.325822598701875,0.03520236245624999,0.0,0.19,6.600000002013163,6.6,0.09122420201316217,0.0,0.19,0.0,-0.0,0.0,1
2012-07-05 05:30:00+00:00,0.0338865,0.32585776909125,0.0352343355375,0.0,0.242,6.472631580960531,6.4726316,0.09272510201316297,0.0,0.242,0.0,-0.0,0.0,1
2012-07-05 06:00:00+00:00,0.03447075,0.3265260064893751,0.03584182408125,0.0,0.205,6.3647368441184256,6.3647368,0.10061158096053102,0.0,0.205,0.0,-0.0,0.0,1
2012-07-05 06:30:00+00:00,0.04122345,0.334249423996125,0.04286311272375,0.0,0.233,6.242105265171057,6.2421053,0.11227274411842547,0.0,0.233,0.0,-0.0,0.0,1
2012-07-05 07:00:00+00:00,0.0492,0.34337262300000004,0.051156929999999996,0.0,0.302,6.083157896750005,6.0831579,0.11917746517105687,0.0,0.302,0.0,-0.0,0.0,1
2012-07-05 07:30:00+00:00,0.04524555,0.338849710926375,0.04704519175125,0.003,0.249,5.953684212539478,5.9536842,0.12234219675000446,0.0,0.246,0.0,-0.0,0.0,1
2012-07-05 08:00:00+00:00,0.05340045,0.348176898188625,0.05552445289874999,0.022,0.761,5.564736844118426,5.5647368,0.11923111253947827,0.0,0.739,0.0,-0.0,0.0,1
2012-07-05 08:30:00+00:00,0.05373255,0.348556738393875,0.05586976217624999,0.04,1.539,4.775789475697373,4.7757895,0.1085058441184259,0.0,1.499,0.0,2.220446049250313e-16,-6.202789634840443e-18,1
2012-07-05 09:00:00+00:00,0.0533574,0.34812765964350006,0.055479690585,0.045,1.366,4.080526317802636,4.0805263,0.0904791756973724,0.0,1.321,2.220446049250313e-16,0.0,3.864993432450837e-17,1
2012-07-05 09:30:00+00:00,0.05337585,0.34814876187712507,0.055498874433750005,0.321,0.244,4.117101317802636,4.1171013,0.06713981780263545,0.077,0.0,0.0,-0.0,0.0,1
2012-07-05 10:00:00+00:00,0.05039925,0.34474426818562504,0.05240388016875,0.233,0.259,4.10341710727632,4.1034171,0.041735617802635794,0.0,0.026,0.0,3.469446951953614e-18,-9.090624116100607e-20,1
2012-07-05 10:30:00+00:00,0.04915695,0.34332338445487504,0.051112167686249994,0.482,0.296,4.19176710727632,4.1917671,0.01802430727631954,0.186,0.0,0.0,-0.0,0.0,1
2012-07-05 11:00:00+00:00,0.0477732,0.161340716933,0.04967337903,0.237,0.387,4.112819738855268,4.1128197,0.0005451927236803655,0.0,0.15,2.7755575615628914e-17,0.0,2.239052234356831e-18,1
2012-07-05 11:30:00+00:00,0.0425211,0.15533361442774998,0.0442123767525,0.274,0.205,4.145594738855268,4.1455947,0.010735261144732,0.069,0.0,0.0,-0.0,0.0,1
2012-07-05 12:00:00+00:00,0.04063305,0.153174152520125,0.04224922956375,0.563,0.207,4.314694738855268,4.3146947,0.013697261144732131,0.356,0.0,0.0,-0.0,0.0,1
2012-07-05 12:30:00+00:00,0.04057155,0.15310381174137502,0.042185283401249996,0.523,0.209,4.463844738855268,4.4638447,0.010258961144732126,0.314,0.0,0.0,-0.0,0.0,1
2012-07-05 13:00:00+00:00,0.03764415,0.149755590672875,0.039141446066249995,0.256,0.185,4.497569738855267,4.4975697,0.002290461144732525,0.071,0.0,0.0,-0.0,0.0,1
2012-07-05 13:30:00+00:00,0.03646335,0.148405047720875,0.03791367974624999,0.281,0.208,4.532244738855267,4.5322447,3.8855267447956976e-08,0.073,0.0,0.0,5.551115123125783e-17,-1.05231600506378e-18,1
2012-07-05 14:00:00+00:00,0.0361005,0.14799003712625,0.037536397387499996,0.215,0.176,4.5507697388552675,4.5507697,3.8855267447956976e-08,0.039,0.0,0.0,-0.0,0.0,1
2012-07-05 14:30:00+00:00,0.03651255,0.148461320343875,0.037964836676249995,0.231,0.203,4.564069738855268,4.5640697,3.8855267447956976e-08,0.028,0.0,0.0,-0.0,0.0,1
2012-07-05 15:00:00+00:00,0.03648795,0.14843318403237502,0.03793925821124999,0.085,0.218,4.564069738855268,4.5640697,3.8855267447956976e-08,0.0,0.0,0.133,0.0,0.00987080673815294,1
2012-07-05 15:30:00+00:00,0.03629115,0.14820809354037498,0.03773463049125,0.051,0.274,4.564069738855268,4.5640697,3.8855267447956976e-08,0.0,0.0,0.22300000000000003,0.0,0.016525202429751813,1
2012-07-05 16:00:00+00:00,0.0368508,0.14884819462700002,0.03831654057,0.023,0.304,4.564069738855268,4.5640697,3.8855267447956976e-08,0.0,0.0,0.28099999999999997,0.0,0.0209131713450935,1
2012-07-05 16:30:00+00:00,0.0373797,0.14945312532425,0.0388664775675,0.011,0.49,4.564069738855268,4.5640697,3.8855267447956976e-08,0.0,0.0,0.479,0.0,0.035794023515157876,1
2012-07-05 17:00:00+00:00,0.04022715,0.152709903380375,0.04182718489125,0.003,0.4,4.355122370434215,4.3551224,0.13703763885526765,0.0,0.397,0.0,-0.0,0.0,1
2012-07-05 17:30:00+00:00,0.04754565,0.161080456051625,0.04943677822875,0.0,0.25,4.223543423065793,4.2235434,0.18014127043421446,0.0,0.25,0.0,-0.0,0.0,1
2012-07-05 18:00:00+00:00,0.05485185,0.16943694056712502,0.05703358233375,0.0,0.549,3.9345960546447407,3.9345961,0.2289187230657932,0.0,0.549,0.0,-0.0,0.0,1
2012-07-05 18:30:00+00:00,0.0773424,0.19516056335600002,0.08041869396000001,0.0,0.719,3.5561750020131617,3.556175,0.27869755464474055,0.0,0.719,0.0,-0.0,0.0,1
2012-07-05 19:00:00+00:00,0.08218245,0.20069638264362502,0.08545125694875,0.0,1.989,2.766701317802635,2.7667013,0.32355320201316173,0.0,1.5,0.4890000000000001,0.0,0.04907026555636633,1
2012-07-05 19:30:00+00:00,0.0534312,0.16781206857800002,0.05555642598,0.0,1.728,1.9772276335921088,1.9772276,0.3559840178026352,0.0,1.5,0.22799999999999998,0.0,0.019130575817892,1
2012-07-05 20:00:00+00:00,0.05203515,0.16621533290037502,0.05410484809125,0.0,0.699,1.9585880425394773,1.958588,0.01863963359210885,0.0,0.035415223,0.663584777,0.0,0.055148982308338056,1
2012-07-05 20:30:00+00:00,0.054489,0.1690219299725,0.056656299975,0.0,0.728,1.5754301478026351,1.5754301,0.3744777425394772,0.0,0.728,0.0,-0.0,0.0,1
2012-07-05 21:00:00+00:00,0.05265015,0.16691874068787502,0.054744309716249995,0.0,0.643,1.2370090951710562,1.2370091,0.3471598478026352,0.0,0.643,0.0,-0.0,0.0,1
2012-07-05 21:30:00+00:00,0.049077,0.16283194144250002,0.051029037675,0.0,1.637,1.2282703020131613,1.2282703,0.008738795171056246,0.0,0.016603707,1.620396293,0.0,0.13192613714771004,1
2012-07-05 22:00:00+00:00,0.04015335,0.152625494445875,0.041750449496249994,0.0,0.753,1.2282703020131613,1.2282703,2.0131614153484634e-09,0.0,0.0,0.753,0.0,0.05746349865887194,1
2012-07-05 22:30:00+00:00,0.0531483,0.16748850099575,0.0552622736325,0.0,0.251,1.0961650388552666,1.096165,0.22827030201316134,0.0,0.251,0.0,-0.0,0.0,1
2012-07-05 23:00:00+00:00,0.04363425,0.156606782523125,0.04536980229374999,0.0,0.25,1.0961650388552666,1.096165,3.8855266559778556e-08,0.0,0.0,0.25,0.0,0.019575847815390623,1
2012-07-05 23:30:00+00:00,0.04577445,0.159054641623625,0.04759512874875,0.0,0.195,1.0000000020131614,1.0,0.09616503885526662,0.0,0.18271357,0.012286430000000015,0.0,0.0009771068602418788,1
2012-07-06 00:00:00+00:00,0.03957525,0.10246429112562502,0.04114935556875,0.0,0.241,1.0000000020131614,1.0,2.0131614153484634e-09,0.0,0.0,0.241,0.0,0.012346947080637815,1
2012-07-06 00:30:00+00:00,0.03648795,0.09893318403237499,0.03793925821124999,0.0,0.306,1.4780315945131615,1.4780316,0.4780315979868386,1.0063823,0.0,1.3123823000000001,0.0,0.06491907980336578,1
2012-07-06 01:00:00+00:00,0.03683235,0.099327092393375,0.038297356721249995,0.0,0.251,1.9560631870131615,1.9560632,5.486838539070504e-09,1.0063823,0.0,1.2573823000000002,0.0,0.062446063942947196,1
2012-07-06 01:30:00+00:00,0.03705375,0.099580319196875,0.03852756290625,0.0,0.253,2.4340947795131616,2.4340948,1.2986838493489472e-08,1.0063823,0.0,1.2593823,0.0,0.06270484571244729,1
2012-07-06 02:00:00+00:00,0.0355347,0.09784290196175002,0.0369480926925,0.0,0.224,3.1465947795131615,3.1465948,0.7125000204868384,1.5,0.0,1.724,0.0,0.08434058149102852,1
2012-07-06 02:30:00+00:00,0.03434775,0.096485324931875,0.035713931756250004,0.0,0.212,3.8590947795131614,3.8590948,0.7125000204868384,1.5,0.0,1.712,0.0,0.082591438141685,1
2012-07-06 03:00:00+00:00,0.0338619,0.09592963277975002,0.0352087570725,0.0,0.206,4.571594779513161,4.5715948,0.7125000204868384,1.5,0.0,1.706,0.0,0.08182797676112676,1
2012-07-06 03:30:00+00:00,0.0338742,0.09594370093550002,0.035221546305,0.0,0.214,5.284094779513161,5.2840948,0.7125000204868392,1.5,0.0,1.714,0.0,0.08222375170172351,1
2012-07-06 04:00:00+00:00,0.03386805,0.095936666857625,0.035215151688749995,0.0,0.236,5.9965947795131616,5.9965948,0.7125000204868384,1.5,0.0,1.736,0.0,0.0832730268324185,1
2012-07-06 04:30:00+00:00,0.0336528,0.09569047413199999,0.03499134011999999,0.0,0.265,6.709094779513162,6.7090948,0.7125000204868384,1.5,0.0,1.7650000000000001,0.0,0.08444684342149,1
2012-07-06 05:00:00+00:00,0.03319155,0.325062918291375,0.034511743901249996,0.0,0.241,6.582252674250004,6.5822527,0.0843265795131618,0.0,0.241,0.0,-0.0,0.0,1
2012-07-06 05:30:00+00:00,0.0338619,0.32582963277975,0.0352087570725,0.0,0.19,6.482252674250004,6.4822527,0.08551897425000377,0.0,0.19,0.0,-0.0,0.0,1
2012-07-06 06:00:00+00:00,0.03432315,0.326357188620375,0.035688353291249995,0.0,0.236,6.358042147934214,6.3580421,0.09310497425000452,0.0,0.236,0.0,-0.0,0.0,1
2012-07-06 06:30:00+00:00,0.03536865,0.327552981859125,0.03677543805375,0.0,0.196,6.254884253197372,6.2548843,0.10447874793421441,0.0,0.196,0.0,-0.0,0.0,1
2012-07-06 07:00:00+00:00,0.03814845,0.33073238505862507,0.03966580459875,0.0,0.234,6.13172635846053,6.1317264,0.11112465319737197,0.0,0.234,0.0,-0.0,0.0,1
2012-07-06 07:30:00+00:00,0.04169085,0.33478401391462503,0.04334910355875,0.0,0.977,5.617515832144741,5.6175158,0.11404975846053045,0.0,0.977,0.0,-0.0,0.0,1
2012-07-06 08:00:00+00:00,0.04980885,0.34406899670962504,0.05178999700874999,0.008,1.538,4.828042147934214,4.8280421,0.11071673214474043,0.0,1.5,0.030000000000000027,0.0,0.00516103495064438,1
2012-07-06 08:30:00+00:00,0.0541692,0.34905615792300004,0.05632377993,0.103,1.783,4.038568463723688,4.0385685,0.0997845479342141,0.0,1.5,0.17999999999999994,0.0,0.03141505421306999,1
2012-07-06 09:00:00+00:00,0.0558789,0.35101163157225,0.058101483247499995,0.049,1.394,3.3306737268815825,3.3306737,0.08156206372368757,0.0,1.345,0.0,-0.0,0.0,1
2012-07-06 09:30:00+00:00,0.0567153,0.35196826616325005,0.0589711510575,0.085,0.536,3.093305305828951,3.0933053,0.05803422688158255,0.0,0.451,0.0,-0.0,0.0,1
2012-07-06 10:00:00+00:00,0.05379405,0.34862707917262503,0.05593370833875,0.064,1.106,2.544884253197372,2.5448843,0.03244500582895116,0.0,1.042,0.0,-0.0,0.0,1
2012-07-06 10:30:00+00:00,0.0507744,0.34517334693600005,0.05279395175999999,0.279,1.003,2.163831621618425,2.1638316,0.008549653197372109,0.0,0.724,0.0,1.1102230246251565e-16,-2.93065304024509e-18,1
2012-07-06 11:00:00+00:00,0.0436035,0.15657161213375,0.0453378292125,0.509,0.819,2.163831621618425,2.1638316,0.009263178381575088,0.0,0.0,0.30999999999999994,0.0,0.024268599880731247,1
2012-07-06 11:30:00+00:00,0.04346205,0.156409828342625,0.04519075303875,0.457,0.654,2.163831621618425,2.1638316,0.0196219783815752,0.0,0.0,0.197,0.0,0.015406368091748564,1
2012-07-06 12:00:00+00:00,0.0408483,0.15342034524575,0.04247304113249999,0.089,0.991,2.163831621618425,2.1638316,0.022754278381575066,0.0,0.0,0.902,0.0,0.06919257570583325,1
2012-07-06 12:30:00+00:00,0.0403071,0.15280134639275,0.041910314902499995,0.108,1.434,2.163831621618425,2.1638316,0.019487478381575052,0.0,0.0,1.3259999999999998,0.0,0.10130729265839324,1
2012-07-06 13:00:00+00:00,0.0380931,0.15026907835775,0.03960825305249999,0.098,1.962,2.163831621618425,2.1638316,0.011690578381575278,0.0,0.0,1.8639999999999999,0.0,0.14005078102942298,1
2012-07-06 13:30:00+00:00,0.044526,0.157626723815,0.04629702165,0.23,2.1,2.163831621618425,2.1638316,0.0015990783815751364,0.0,0.0,1.87,0.0,0.14738098676702502,1
2012-07-06 14:00:00+00:00,0.04315455,0.15605812444887499,0.044871022226249994,0.435,1.447,2.163831621618425,2.1638316,2.1618424828062643e-08,0.0,0.0,1.012,0.0,0.07896541097113075,1
2012-07-06 14:30:00+00:00,0.0376257,0.14973448843925,0.039122262217499995,0.268,1.031,2.163831621618425,2.1638316,2.1618424828062643e-08,0.0,0.0,0.7629999999999999,0.0,0.057123707339573865,1
2012-07-06 15:00:00+00:00,0.0387327,0.15100062245674997,0.04027329314249999,0.043,1.451,2.163831621618425,2.1638316,2.1618424828062643e-08,0.0,0.0,1.4080000000000001,0.0,0.10630443820955199,1
2012-07-06 15:30:00+00:00,0.03865275,0.15090917944437499,0.04019016313125,0.026,1.961,2.163831621618425,2.1638316,2.1618424828062643e-08,0.0,0.0,1.935,0.0,0.1460046311124328,1
2012-07-06 16:00:00+00:00,0.0404793,0.15299830057324998,0.042089364157499996,0.031,1.336,2.163831621618425,2.1638316,2.1618424828062643e-08,0.0,0.0,1.3050000000000002,0.0,0.09983139112404563,1
2012-07-06 16:30:00+00:00,0.0404055,0.15291389163875,0.0420126287625,0.022,0.634,2.163831621618425,2.1638316,2.1618424828062643e-08,0.0,0.0,0.612,0.0,0.0467916508414575,1
2012-07-06 17:00:00+00:00,0.0414018,0.1540534122545,0.043048556594999995,0.004,1.193,2.163831621618425,2.1638316,2.1618424828062643e-08,0.0,0.0,1.189,0.0,0.09158475358530026,1
2012-07-06 17:30:00+00:00,0.0453624,0.15858335840600002,0.047166689459999994,0.0,0.703,2.163831621618425,2.1638316,2.1618424828062643e-08,0.0,0.0,0.703,0.0,0.055742050479709,1
2012-07-06 18:00:00+00:00,0.05326515,0.16762214847537502,0.05538377134125,0.0,0.775,1.7559368847763195,1.7559369,0.21684022161842487,0.0,0.775,0.0,-0.0,0.0,1
2012-07-06 18:30:00+00:00,0.04825905,0.161896409085125,0.05017855371374999,0.0,0.553,1.464884253197372,1.4648843,0.2665173847763196,0.0,0.553,0.0,-0.0,0.0,1
2012-07-06 19:00:00+00:00,0.0486096,0.16229735152400002,0.050543046839999994,0.0,0.418,1.244884253197372,1.2448843,0.31128915319737205,0.0,0.418,0.0,-0.0,0.0,1
2012-07-06 19:30:00+00:00,0.04193685,0.154665377029625,0.04360488820874999,0.0,0.489,1.244884253197372,1.2448843,4.680262799539037e-08,0.0,0.0,0.489,0.0,0.03781568468374331,1
2012-07-06 20:00:00+00:00,0.0382161,0.15040975991525,0.0397361453775,0.0,0.464,1.244884253197372,1.2448843,4.680262799539037e-08,0.0,0.0,0.464,0.0,0.034895064300338,1
2012-07-06 20:30:00+00:00,0.0453747,0.15859742656175,0.04717947869249999,0.0,0.427,1.2157691063552667,1.2157691,0.029115153197372123,0.0,0.055318779,0.371681221,0.0,0.029473842575964537,1
2012-07-06 21:00:00+00:00,0.0452394,0.1584426768485,0.047038797135,0.001,0.443,1.2157691063552667,1.2157691,6.355266757296363e-09,0.0,0.0,0.442,0.0,0.0350158315835185,1
2012-07-06 21:30:00+00:00,0.03977205,0.152189381617625,0.04135398328875,0.0,0.42,1.2157691063552667,1.2157691,6.355266757296363e-09,0.0,0.0,0.42,0.0,0.03195977013970125,1
2012-07-06 22:00:00+00:00,0.0400365,0.15249184696624998,0.0416289517875,0.0,0.391,1.2157691063552667,1.2157691,6.355266757296363e-09,0.0,0.0,0.391,0.0,0.029812156081901874,1
2012-07-06 22:30:00+00:00,0.04797,0.16156580742499999,0.049878006749999995,0.0,1.483,1.0000000010921088,1.0,0.2157691063552667,0.0,0.4099613,1.0730387000000001,0.0,0.08668318198188618,1
2012-07-06 23:00:00+00:00,0.0398028,0.152224552007,0.04138595637,0.0,0.816,1.0000000010921088,1.0,1.0921088477999774e-09,0.0,0.0,0.816,0.0,0.06210761721885599,1
2012-07-06 23:30:00+00:00,0.0452886,0.1584989494715,0.047089954064999995,0.0,0.243,1.0000000010921088,1.0,1.0921088477999774e-09,0.0,0.0,0.243,0.0,0.01925762236078725,1
2012-07-07 00:00:00+00:00,0.0423366,0.10562259209150002,0.044020538265,0.0,0.193,1.0000000010921088,1.0,1.0921088477999774e-09,0.0,0.0,0.193,0.0,0.010192580136829752,1
2012-07-07 00:30:00+00:00,0.03867735,0.10143731575587499,0.04021574159624999,0.0,0.31,1.0000000010921088,1.0,1.0921088477999774e-09,0.0,0.0,0.31,0.0,0.015722783942160624,1
2012-07-07 01:00:00+00:00,0.0371091,0.09964362589775001,0.03858511445249999,0.0,0.205,1.0000000010921088,1.0,1.0921088477999774e-09,0.0,0.0,0.205,0.0,0.010213471654519376,1
2012-07-07 01:30:00+00:00,0.0364572,0.09889801364300002,0.03790728513,0.0,0.214,1.1750505778421088,1.1750506,0.1750505989078912,0.36852753,0.0,0.58252753,0.0,0.028805407804681552,1
2012-07-07 02:00:00+00:00,0.03541785,0.09770925448212502,0.03682659498375,0.0,0.204,1.8875505778421087,1.8875506,0.7125000221578912,1.5,0.0,1.704,0.0,0.08324828481877052,1
2012-07-07 02:30:00+00:00,0.03379425,0.095852257923125,0.03513841629375,0.0,0.22,2.600050577842109,2.6000506,0.7125000221578912,1.5,0.0,1.72,0.0,0.0824329418138875,1
2012-07-07 03:00:00+00:00,0.03386805,0.095936666857625,0.035215151688749995,0.0,0.193,3.3125505778421087,3.3125506,0.712500022157891,1.5,0.0,1.693,0.0,0.08121038849497957,1
2012-07-07 03:30:00+00:00,0.03383115,0.09589446239037501,0.035176783991249995,0.0,0.227,4.025050577842109,4.0250506,0.7125000221578914,1.5,0.0,1.727,0.0,0.08280486827408882,1
2012-07-07 04:00:00+00:00,0.03384345,0.09590853054612498,0.03518957322374999,0.0,0.198,4.737550577842109,4.7375506,0.712500022157891,1.5,0.0,1.698,0.0,0.0814263424336601,1
2012-07-07 04:30:00+00:00,0.0331116,0.09507147527900002,0.034428613889999994,0.0,0.221,5.450050577842109,5.4500506,0.712500022157891,1.5,0.0,1.721,0.0,0.08180900447757952,1
2012-07-07 05:00:00+00:00,0.0331608,0.325027747902,0.03447977082,0.0,0.218,5.335313735736846,5.3353137,0.07251397784210933,0.0,0.218,0.0,-0.0,0.0,1
2012-07-07 05:30:00+00:00,0.03328995,0.32517546353737503,0.03461405776125,0.0,0.195,5.232682156789477,5.2326822,0.07381793573684625,0.0,0.195,0.0,-0.0,0.0,1
2012-07-07 06:00:00+00:00,0.03182625,0.323501353003125,0.03309213909375,0.0,0.224,5.114787419947372,5.1147874,0.08152335678947686,0.0,0.224,0.0,-0.0,0.0,1
2012-07-07 06:30:00+00:00,0.03295785,0.324795623332125,0.03426874848374999,0.0,0.275,4.970050577842109,4.9700506,0.09302951994737185,0.0,0.275,0.0,-0.0,0.0,1
2012-07-07 07:00:00+00:00,0.0326688,0.32446502167200003,0.03396820151999999,0.0,0.231,4.8484716304736875,4.8484716,0.0998358778421089,0.0,0.231,0.0,-0.0,0.0,1
2012-07-07 07:30:00+00:00,0.0339603,0.32594217802575004,0.0353110709325,0.013,0.203,4.748471630473688,4.7484716,0.10294003047368783,0.0,0.19,0.0,-0.0,0.0,1
2012-07-07 08:00:00+00:00,0.0345507,0.32661744950175003,0.035924954092499996,0.148,1.307,4.1384716304736875,4.1384716,0.09980283047368754,0.0,1.159,0.0,-0.0,0.0,1
2012-07-07 08:30:00+00:00,0.038499,0.3311333274975,0.040030297725,0.274,1.439,3.5253137357368454,3.5253137,0.0890802304736873,0.0,1.165,0.0,-0.0,0.0,1
2012-07-07 09:00:00+00:00,0.04545465,0.33908886957412504,0.04726260870374999,0.109,1.504,2.7911032094210557,2.7911032,0.07107723573684543,0.0,1.395,0.0,-0.0,0.0,1
2012-07-07 09:30:00+00:00,0.04822215,0.34225420461787504,0.05014018601624999,0.23,1.325,2.2147874199473714,2.2147874,0.047774609421055825,0.0,1.095,0.0,-0.0,0.0,1
2012-07-07 10:00:00+00:00,0.04519635,0.338793438303375,0.04699403482125,0.504,0.872,2.0211032094210557,2.0211032,0.02241251994737148,0.0,0.368,0.0,-0.0,0.0,1
2012-07-07 10:30:00+00:00,0.0423612,0.335550728403,0.044046116729999994,0.52,0.587,1.9858400515263188,1.9858401,0.0011344905789441029,0.0,0.067,0.0,5.551115123125783e-17,-1.2225253234743326e-18,1
2012-07-07 11:00:00+00:00,0.03755805,0.149657113582625,0.03905192143875,0.487,0.76,1.9858400515263188,1.9858401,0.01791284847368102,0.0,0.0,0.273,0.0,0.020428196004028315,1
2012-07-07 11:30:00+00:00,0.0361497,0.14804630974925,0.037587554317499994,0.352,0.449,1.9858400515263188,1.9858401,0.028074548473681293,0.0,0.0,0.09700000000000003,0.0,0.007180246022838628,1
2012-07-07 12:00:00+00:00,0.03559005,0.147406208662625,0.03700564423874999,0.341,0.653,1.9858400515263188,1.9858401,0.03101374847368099,0.0,0.0,0.312,0.0,0.022995368551369497,1
2012-07-07 12:30:00+00:00,0.0348336,0.146541017084,0.036219106439999996,0.204,0.488,1.9858400515263188,1.9858401,0.027557448473681134,0.0,0.0,0.28400000000000003,0.0,0.020808824425928,1
2012-07-07 13:00:00+00:00,0.0351165,0.14686458466625002,0.0365132587875,0.392,0.628,1.9858400515263188,1.9858401,0.01957414847368133,0.0,0.0,0.236,0.0,0.017330020990617503,1
2012-07-07 13:30:00+00:00,0.0346491,0.14632999474775002,0.0360272679525,0.203,0.402,1.9858400515263188,1.9858401,0.009298748473681284,0.0,0.0,0.199,0.0,0.014559834477401128,1
2012-07-07 14:00:00+00:00,0.03389265,0.145464803169125,0.03524073015375,0.313,0.465,2.630356579026319,2.6303566,0.644516548473681,1.3568769,0.0,1.5088769000000002,0.0,0.10974424063246976,1
2012-07-07 14:30:00+00:00,0.0339726,0.1455562461815,0.035323860165,0.201,0.403,2.630356579026319,2.6303566,2.0973681014169188e-08,0.0,0.0,0.202,0.0,0.014701180864331502,1
2012-07-07 15:00:00+00:00,0.03395415,0.14553514394787498,0.03530467631625,0.134,0.375,2.630356579026319,2.6303566,2.0973681014169188e-08,0.0,0.0,0.241,0.0,0.017536984845718934,1
2012-07-07 15:30:00+00:00,0.0353625,0.14714594778125,0.036769043437499996,0.031,0.964,2.630356579026319,2.6303566,2.0973681014169188e-08,0.0,0.0,0.9329999999999999,0.0,0.06864358463995313,1
2012-07-07 16:00:00+00:00,0.0366294,0.14859496782349998,0.038086334385,0.019,0.548,2.630356579026319,2.6303566,2.0973681014169188e-08,0.0,0.0,0.529,0.0,0.039303368989315746,1
2012-07-07 16:30:00+00:00,0.03818535,0.15037458952587499,0.03970417229625,0.014,0.365,2.630356579026319,2.6303566,2.0973681014169188e-08,0.0,0.0,0.351,0.0,0.02639074046179106,1
2012-07-07 17:00:00+00:00,0.04407705,0.15711323613012498,0.045830214663749994,0.003,0.753,2.630356579026319,2.6303566,2.0973681014169188e-08,0.0,0.0,0.75,0.0,0.05891746354879687,1
2012-07-07 17:30:00+00:00,0.05060835,0.164583426833375,0.05262129712125,0.0,0.736,2.242988157973687,2.2429882,0.1612977790263188,0.0,0.736,0.0,-0.0,0.0,1
2012-07-07 18:00:00+00:00,0.0596181,0.17488835092025,0.061989409927499996,0.001,1.658,1.4535144737631607,1.4535145,0.210189557973687,0.0,1.5,0.15700000000000003,0.0,0.01372873554723963,1
2012-07-07 18:30:00+00:00,0.06343725,0.179256513280625,0.06596046661874999,0.0,0.908,1.0000000000789502,1.0,0.26011237376316076,0.0,0.8616775,0.046322500000000044,0.0,0.00415180491822088,1
2012-07-07 19:00:00+00:00,0.0563463,0.17114622149074998,0.0585874740825,0.0,1.123,1.0000000000789502,1.0,7.895017972714413e-11,0.0,0.0,1.123,0.0,0.09609860336705611,1
2012-07-07 19:30:00+00:00,0.0528039,0.16709459263475,0.0549041751225,0.0,1.087,1.0000000000789502,1.0,7.895017972714413e-11,0.0,0.0,1.087,0.0,0.09081591109698661,1
2012-07-07 20:00:00+00:00,0.0481914,0.1618190342285,0.050108212935,0.0,1.192,1.0000000000789502,1.0,7.895017972714413e-11,0.0,0.0,1.192,0.0,0.09644414440018599,1
2012-07-07 20:30:00+00:00,0.04465515,0.15777443945037498,0.04643130859124999,0.0,0.985,1.0000000000789502,1.0,7.895017972714413e-11,0.0,0.0,0.985,0.0,0.07770391142930967,1
2012-07-07 21:00:00+00:00,0.0430377,0.15592447696925002,0.0447495245175,0.0,0.608,1.0000000000789502,1.0,7.895017972714413e-11,0.0,0.0,0.608,0.0,0.04740104099865201,1
2012-07-07 21:30:00+00:00,0.0379209,0.15007212417725,0.03942920379749999,0.0,0.644,1.0000000000789502,1.0,7.895017972714413e-11,0.0,0.0,0.644,0.0,0.0483232239850745,1
2012-07-07 22:00:00+00:00,0.03721365,0.149263205221625,0.03869382292875,0.0,1.106,1.0000000000789502,1.0,7.895017972714413e-11,0.0,0.0,1.106,0.0,0.08254255248755864,1
2012-07-07 22:30:00+00:00,0.0395076,0.151886916269,0.04107901479,0.0,1.882,1.0000000000789502,1.0,7.895017972714413e-11,0.0,0.0,1.882,0.0,0.14292558820912898,1
2012-07-07 23:00:00+00:00,0.03797625,0.150135430878125,0.03948675534375,0.0,1.842,1.0000000000789502,1.0,7.895017972714413e-11,0.0,0.0,1.842,0.0,0.13827473183875313,1
2012-07-07 23:30:00+00:00,0.0375765,0.14967821581625002,0.0390711052875,0.0,0.932,1.0000000000789502,1.0,7.895017972714413e-11,0.0,0.0,0.932,0.0,0.06975004857037251,1
2012-07-08 00:00:00+00:00,0.0359037,0.09826494663425002,0.037331769667499994,0.0,0.598,1.0000000000789502,1.0,7.895017972714413e-11,0.0,0.0,0.598,0.0,0.029381219043640754,1
2012-07-08 00:30:00+00:00,0.03378195,0.095838189767375,0.03512562706124999,0.0,0.655,1.71250000007895,1.7125,0.7124999999210497,1.5,0.0,2.1550000000000002,0.0,0.10326564947434658,1
2012-07-08 01:00:00+00:00,0.0338619,0.09592963277975002,0.0352087570725,0.0,0.444,1.9862708100789501,1.9862708,0.2737707999210499,0.5763596,0.0,1.0203596,0.0,0.0489413608656463,1
2012-07-08 01:30:00+00:00,0.0339972,0.09608438249300001,0.03534943863,0.0,0.385,1.9862708100789501,1.9862708,1.0078950118952434e-08,0.0,0.0,0.385,0.0,0.018496243629902504,1
2012-07-08 02:00:00+00:00,0.0341694,0.09628133667350001,0.035528487885,0.0,0.19,1.9862708100789501,1.9862708,1.0078950118952434e-08,0.0,0.0,0.19,0.0,0.009146726983982502,1
2012-07-08 02:30:00+00:00,0.0336405,0.09567640597625002,0.034978550887499994,0.0,0.215,2.6987708100789503,2.6987708,0.71249998992105,1.5,0.0,1.715,0.0,0.0820425181246344,1
2012-07-08 03:00:00+00:00,0.0320415,0.09384754572875001,0.033315950662499996,0.0,0.2,3.41127081007895,3.4112708,0.7124999899210498,1.5,0.0,1.7,0.0,0.0797704138694375,1
2012-07-08 03:30:00+00:00,0.03112515,0.09279946812537503,0.03236315284125,0.0,0.199,4.12377081007895,4.1237708,0.7124999899210498,1.5,0.0,1.699,0.0,0.07883314817250608,1
2012-07-08 04:00:00+00:00,0.0311559,0.09283463851475002,0.0323951259225,0.0,0.207,4.83627081007895,4.8362708,0.7124999899210502,1.5,0.0,1.707,0.0,0.07923436397233914,1
2012-07-08 04:30:00+00:00,0.03067005,0.09227894636262501,0.03188995123875,0.0,0.22,5.548770810078951,5.5487708,0.7124999899210493,1.5,0.0,1.72,0.0,0.07935989387185752,1
2012-07-08 05:00:00+00:00,0.03075615,0.322277423452875,0.031979475866249996,0.0,0.19,5.448770810078951,5.4487708,0.07192251007895045,0.0,0.19,0.0,-0.0,0.0,1
2012-07-08 05:30:00+00:00,0.03037485,0.321841310624625,0.031583009658749994,0.0,0.213,5.336665546921056,5.3366655,0.07348341007895076,0.0,0.213,0.0,-0.0,0.0,1
2012-07-08 06:00:00+00:00,0.0302211,0.32166545867775004,0.0314231442525,0.0,0.18,5.241928704815793,5.2419287,0.08144114692105564,0.0,0.18,0.0,-0.0,0.0,1
2012-07-08 06:30:00+00:00,0.0305778,0.3220734351945,0.031794031995,0.0,0.218,5.1271918627105295,5.1271919,0.09319950481579298,0.0,0.218,0.0,-0.0,0.0,1
2012-07-08 07:00:00+00:00,0.03124815,0.32284014968287505,0.032491045166249996,0.0,0.244,4.998770810078951,4.9987708,0.10027296271052943,0.0,0.244,0.0,-0.0,0.0,1
2012-07-08 07:30:00+00:00,0.0334068,0.32530911101700005,0.03473555546999999,0.005,0.176,4.908770810078951,4.9087708,0.10364931007895084,0.0,0.171,0.0,2.7755575615628914e-17,-4.820526681992286e-19,1
2012-07-08 08:00:00+00:00,0.03404025,0.32603362103812505,0.035394200943749995,0.016,0.201,4.81140238902632,4.8114024,0.10078761007895132,0.0,0.185,0.0,-0.0,0.0,1
2012-07-08 08:30:00+00:00,0.03488895,0.32700432378487504,0.036276657986249995,0.028,0.199,4.72140238902632,4.7214024,0.09034008902631996,0.0,0.171,0.0,-0.0,0.0,1
2012-07-08 09:00:00+00:00,0.03495045,0.32707466456362505,0.03634060414875,0.177,0.526,4.537718178500004,4.5377182,0.07260808902632032,0.0,0.349,5.551115123125783e-17,0.0,9.078145584252158e-18,1
2012-07-08 09:30:00+00:00,0.034686,0.326772199215,0.03606563565,0.341,0.205,4.6023181785000045,4.6023182,0.04956757850000404,0.136,0.0,0.0,5.551115123125783e-17,-1.0010224774092968e-18,1
2012-07-08 10:00:00+00:00,0.03563925,0.327862481285625,0.03705680116874999,0.471,0.258,4.703493178500004,4.7034932,0.02445497850000411,0.213,0.0,0.0,-0.0,0.0,1
2012-07-08 10:30:00+00:00,0.03544245,0.3276373907936251,0.03685217344875,0.502,0.486,4.711093178500004,4.7110932,0.0010189785000038754,0.016,0.0,0.0,-0.0,0.0,1
2012-07-08 11:00:00+00:00,0.03433545,0.145971256776125,0.03570114252375,0.527,0.49,4.728668178500004,4.7286682,0.015664121499995964,0.037,0.0,0.0,-0.0,0.0,1
2012-07-08 11:30:00+00:00,0.03444615,0.146097870177875,0.03581624561625,0.539,0.513,4.741018178500004,4.7410182,0.025648721499996086,0.026,0.0,0.0,-0.0,0.0,1
2012-07-08 12:00:00+00:00,0.03442155,0.146069733866375,0.035790667151250004,0.542,0.458,4.780918178500004,4.7809182,0.028428521499995973,0.084,0.0,0.0,-0.0,0.0,1
2012-07-08 12:30:00+00:00,0.03444615,0.146097870177875,0.03581624561625,0.546,0.384,4.857868178500004,4.8578682,0.024830121499996416,0.162,0.0,0.0,-0.0,0.0,1
2012-07-08 13:00:00+00:00,0.03381885,0.145380394234625,0.03516399475874999,0.536,0.234,5.001318178500004,5.0013182,0.016721621499995898,0.302,0.0,0.0,-0.0,0.0,1
2012-07-08 13:30:00+00:00,0.033825,0.1453874283125,0.035170389375,0.407,0.519,4.942370810078951,4.9423708,0.006337321499996662,0.0,0.112,4.163336342344337e-17,0.0,3.0264838200670665e-18,1
2012-07-08 14:00:00+00:00,0.03381885,0.145380394234625,0.03516399475874999,0.149,0.455,4.782124046921056,4.782124,0.004971710078950586,0.0,0.30446885,0.0015311500000000366,0.0,0.0001112995953161757,1
2012-07-08 14:30:00+00:00,0.03375735,0.145310053455875,0.03510004859625,0.139,0.214,4.782124046921056,4.782124,4.692105637360555e-08,0.0,0.0,0.07499999999999998,0.0,0.005449127004595311,1
2012-07-08 15:00:00+00:00,0.03384345,0.14540853054612501,0.03518957322374999,0.202,0.275,4.753796595342108,4.7537966,0.02832744692105571,0.0,0.053822158,0.019177842000000007,0.0,0.0013943109121328802,1
2012-07-08 15:30:00+00:00,0.03444615,0.146097870177875,0.03581624561625,0.017,0.177,4.669586069026319,4.6695861,0.042210795342108476,0.0,0.16,0.0,2.7755575615628914e-17,-4.970502567348822e-19,1
2012-07-08 16:00:00+00:00,0.0344154,0.1460626997885,0.035784272534999995,0.035,0.97,4.650683949026319,4.6506839,0.018902169026318916,0.0,0.035914028,0.899085972,0.0,0.06566146220614386,1
2012-07-08 16:30:00+00:00,0.0351165,0.14686458466625002,0.0365132587875,0.006,0.4,4.563731891131582,4.5637319,0.08695204902631914,0.0,0.16520891,0.22879109000000003,0.0,0.016800654204094316,1
2012-07-08 17:00:00+00:00,0.04011645,0.152583289978625,0.041712081798749995,0.0,0.207,4.454784522710529,4.4547845,0.12180169113158179,0.0,0.207,0.0,-0.0,0.0,1
2012-07-08 17:30:00+00:00,0.0465309,0.15991983320225,0.0483816665475,0.0,0.161,4.370047680605266,4.3700477,0.16501032271052907,0.0,0.161,0.0,-0.0,0.0,1
2012-07-08 18:00:00+00:00,0.05857875,0.173699591759375,0.060908719781249995,0.0,0.612,4.047942417447371,4.0479424,0.21391628060526635,0.0,0.612,0.0,-0.0,0.0,1
2012-07-08 18:30:00+00:00,0.0590646,0.1742552839115,0.061413894465,0.0,1.278,3.3753108385000026,3.3753108,0.2638508174473708,0.0,1.278,0.0,-0.0,0.0,1
2012-07-08 19:00:00+00:00,0.05600805,0.170759347207625,0.05823577018874999,0.0,2.282,2.585837154289476,2.5858372,0.3088890385000025,0.0,1.5,0.782,0.0,0.06676690475818138,1
2012-07-08 19:30:00+00:00,0.051168,0.16522352792,0.05320320719999999,0.0,2.107,1.7963634700789497,1.7963635,0.34153635428947604,0.0,1.5,0.6070000000000002,0.0,0.05014534072372002,1
2012-07-08 20:00:00+00:00,0.04977195,0.163626792242375,0.05175162931125,0.001,1.971,1.0068897858684234,1.0068898,0.35959337007894976,0.0,1.5,0.4700000000000002,0.0,0.03845229617695814,1
2012-07-08 20:30:00+00:00,0.0468753,0.16031374156325,0.048739765057499995,0.0,1.232,1.0000000000789497,1.0,0.00688978586842337,0.0,0.013090593,1.218909407,0.0,0.09770396383140616,1
2012-07-08 21:00:00+00:00,0.04126035,0.153891628463375,0.04290148042125,0.0,0.376,1.0000000000789497,1.0,7.894973563793428e-11,0.0,0.0,0.376,0.0,0.0289316261511145,1
2012-07-08 21:30:00+00:00,0.0430254,0.15591040881350002,0.044736735284999996,0.0,0.243,1.0000000000789497,1.0,7.894973563793428e-11,0.0,0.0,0.243,0.0,0.018943114670840252,1
2012-07-08 22:00:00+00:00,0.0392493,0.15159148499825,0.0408104409075,0.0,0.239,1.0000000000789497,1.0,7.894973563793428e-11,0.0,0.0,0.239,0.0,0.018115182457290876,1
2012-07-08 22:30:00+00:00,0.0363711,0.14829953655275,0.0378177605025,0.0,0.18,1.0000000000789497,1.0,7.894973563793428e-11,0.0,0.0,0.18,0.0,0.0133469582897475,1
2012-07-08 23:00:00+00:00,0.03563925,0.147462481285625,0.03705680116874999,0.0,0.236,1.0000000000789497,1.0,7.894973563793428e-11,0.0,0.0,0.236,0.0,0.01740057279170375,1
2012-07-08 23:30:00+00:00,0.0360759,0.14796190081475,0.037510818922499994,0.0,0.185,1.0000000000789497,1.0,7.894973563793428e-11,0.0,0.0,0.185,0.0,0.013686475825364374,1
2012-07-09 00:00:00+00:00,0.03561465,0.09793434497412501,0.03703122270374999,0.0,0.217,1.0000000000789497,1.0,7.894973563793428e-11,0.0,0.0,0.217,0.0,0.010625876429692564,1
2012-07-09 00:30:00+00:00,0.03374505,0.09579598530012501,0.03508725936375,0.0,0.194,1.7125000000789496,1.7125,0.7124999999210502,1.5,0.0,1.694,0.0,0.08113919954920588,1
2012-07-09 01:00:00+00:00,0.03391725,0.09599293948062503,0.03526630861875,0.0,0.231,2.4250000000789496,2.425,0.12446319992105037,1.5,0.0,1.731,0.0,0.08308188912048096,1
2012-07-09 01:30:00+00:00,0.0341202,0.09622506405050002,0.035477330955000004,0.0,0.251,3.1375000000789495,3.1375,0.12446319992105037,1.5,0.0,1.751,0.0,0.08424504357621276,1
2012-07-09 02:00:00+00:00,0.0338496,0.09591556462400001,0.03519596784,0.0,0.192,3.8500000000789494,3.85,0.7124999999210506,1.5,0.0,1.692,0.0,0.081144567671904,1
2012-07-09 02:30:00+00:00,0.03370815,0.095753780832875,0.03504889166625,0.0,0.187,4.562500000078949,4.5625,0.7124999999210506,1.5,0.0,1.687,0.0,0.08076831413253006,1
2012-07-09 03:00:00+00:00,0.0326688,0.09456502167199998,0.03396820151999999,0.0,0.19,5.275000000078949,5.275,0.7124999999210511,1.5,0.0,1.69,0.0,0.07990744331283998,1
2012-07-09 03:30:00+00:00,0.03153105,0.093263717265125,0.032785197513749996,0.0,0.145,5.987500000078949,5.9875,0.7124999999210511,1.5,0.0,1.645,0.0,0.07670940745056531,1
2012-07-09 04:00:00+00:00,0.0311928,0.092876842982,0.032433493619999997,0.0,0.231,6.7000000000789495,6.7,0.7124999999210511,1.5,0.0,1.731,0.0,0.080384907600921,1
2012-07-09 04:30:00+00:00,0.03178935,0.09355914853587502,0.03305377139625,0.0,0.189,7.41250000007895,7.4125,0.7124999999210502,1.5,0.0,1.689,0.0,0.07901070093854645,1
2012-07-09 05:00:00+00:00,0.03415095,0.326160234439875,0.035509304036249995,0.0,0.227,7.293026315868423,7.2930263,0.07391120007894969,0.0,0.227,0.0,-0.0,0.0,1
2012-07-09 05:30:00+00:00,0.0344892,0.3265471087230001,0.035861007929999994,0.0,0.262,7.155131579026318,7.1551316,0.07528961586842353,0.0,0.262,0.0,-0.0,0.0,1
2012-07-09 06:00:00+00:00,0.03604515,0.328326730425375,0.03747884584125,0.0,0.236,7.030921052710529,7.0309211,0.0830582790263188,0.0,0.236,0.0,-0.0,0.0,1
2012-07-09 06:30:00+00:00,0.04057155,0.33350381174137506,0.042185283401249996,0.0,0.205,6.923026315868423,6.9230263,0.09462655271052878,0.0,0.205,0.0,-0.0,0.0,1
2012-07-09 07:00:00+00:00,0.0448581,0.33840656402025,0.046642330927499996,0.0,0.214,6.8103947369210545,6.8103947,0.10152461586842332,0.0,0.214,0.0,-0.0,0.0,1
2012-07-09 07:30:00+00:00,0.04326525,0.33658473785062504,0.044986125318749993,0.028,1.104,6.24407894744737,6.2440789,0.10473133692105474,0.0,1.076,0.0,-0.0,0.0,1
2012-07-09 08:00:00+00:00,0.0521028,0.34669270775700006,0.05417518886999999,0.154,1.494,5.5388157895526335,5.5388158,0.10170454744737079,0.0,1.34,0.0,-0.0,0.0,1
2012-07-09 08:30:00+00:00,0.0554484,0.35051924612100005,0.05765386011,0.275,0.901,5.209342105342107,5.2093421,0.09109428955263343,0.0,0.626,0.0,-0.0,0.0,1
2012-07-09 09:00:00+00:00,0.0549933,0.34999872435825,0.057180658507499996,0.364,0.627,5.070921052710528,5.0709211,0.0731983053421068,0.0,0.263,0.0,-0.0,0.0,1
2012-07-09 09:30:00+00:00,0.0552762,0.3503222919405,0.057474810854999996,0.43,0.449,5.060921052710528,5.0609211,0.04998945271052779,0.0,0.019,1.734723475976807e-17,0.0,3.03856151993593e-18,1
2012-07-09 10:00:00+00:00,0.0532221,0.34797290993025004,0.0553390090275,0.458,0.444,5.0675710527105275,5.0675711,0.02470065271052757,0.014,0.0,0.0,-0.0,0.0,1
2012-07-09 10:30:00+00:00,0.04862805,0.342718453757625,0.050562230688749994,0.477,0.33,5.137396052710527,5.1373961,0.0010785527105277026,0.147,0.0,0.0,-0.0,0.0,1
2012-07-09 11:00:00+00:00,0.04844355,0.162107431421375,0.050370392201249996,0.521,0.2,5.289871052710527,5.2898711,0.01578874728947266,0.321,0.0,0.0,-0.0,0.0,1
2012-07-09 11:30:00+00:00,0.0465924,0.159990173981,0.048445612709999995,0.539,0.133,5.482721052710527,5.4827211,0.02596224728947316,0.406,0.0,0.0,-0.0,0.0,1
2012-07-09 12:00:00+00:00,0.04737345,0.160883501871125,0.04925772897374999,0.497,0.188,5.629496052710527,5.6294961,0.02894084728947277,0.309,0.0,0.0,-0.0,0.0,1
2012-07-09 12:30:00+00:00,0.0466908,0.160102719227,0.04854792656999999,0.449,0.447,5.630446052710527,5.6304461,0.025550347289472697,0.002,0.0,0.0,-0.0,0.0,1
2012-07-09 13:00:00+00:00,0.0467646,0.1601871281615,0.048624661964999996,0.495,0.478,5.6385210527105265,5.6385211,0.017657447289473716,0.017,0.0,0.0,-0.0,0.0,1
2012-07-09 13:30:00+00:00,0.04620495,0.159547027074875,0.04804275188625,0.452,0.282,5.719271052710527,5.7192711,0.007495147289473536,0.17,0.0,0.0,5.551115123125783e-17,-1.3334542327617105e-18,1
2012-07-09 14:00:00+00:00,0.0457437,0.15901947123425,0.047563155667499996,0.381,0.488,5.662955263236842,5.6629553,0.0034370527105265225,0.0,0.107,0.0,1.3877787807814457e-17,-3.3003569091180626e-19,1
2012-07-09 14:30:00+00:00,0.0430992,0.155994817748,0.044813470679999995,0.325,0.406,5.620323684289474,5.6203237,0.01476866323684245,0.0,0.081,1.3877787807814457e-17,0.0,1.0824314899127163e-18,1
2012-07-09 15:00:00+00:00,0.0410943,0.15370170836075,0.0427288257825,0.239,0.437,5.516113157973685,5.5161132,0.0262783842894736,0.0,0.198,0.0,-0.0,0.0,1
2012-07-09 15:30:00+00:00,0.0409344,0.15351882233599998,0.04256256576,0.186,0.512,5.344534210605263,5.3445342,0.039902557973684694,0.0,0.326,0.0,-0.0,0.0,1
2012-07-09 16:00:00+00:00,0.04148175,0.15414485526687502,0.04313168660625,0.075,1.078,4.816639473763158,4.8166395,0.05833641060526329,0.0,1.003,2.220446049250313e-16,0.0,1.7113516744479698e-17,1
2012-07-09 16:30:00+00:00,0.0406515,0.15319525475375,0.0422684134125,0.008,0.488,4.56400789481579,4.5640079,0.08413437376315791,0.0,0.48,0.0,-0.0,0.0,1
2012-07-09 17:00:00+00:00,0.04199835,0.154735717808375,0.04366883437124999,0.001,0.335,4.388218421131579,4.3882184,0.11873989481578917,0.0,0.334,0.0,-0.0,0.0,1
2012-07-09 17:30:00+00:00,0.0454608,0.158695903652,0.04726900332,0.0,0.179,4.294007894815789,4.2940079,0.1617156211315791,0.0,0.179,0.0,-0.0,0.0,1
2012-07-09 18:00:00+00:00,0.08497455,0.203889853998875,0.08835441272624998,0.0,0.499,4.031376315868421,4.0313763,0.2104026948157891,0.0,0.499,0.0,-0.0,0.0,1
2012-07-09 18:30:00+00:00,0.14653605,0.27430097352762495,0.15236452138874998,0.0,0.583,3.495233315868421,3.4952333,0.5361430158684208,0.0,1.0186717,0.0,0.4356717000000001,-0.03319045502656154,1
2012-07-09 19:00:00+00:00,0.0823731,0.20091443905775003,0.0856494900525,0.0,1.051,2.942075421131579,2.9420754,0.30498531586842104,0.0,1.051,0.0,-0.0,0.0,1
2012-07-09 19:30:00+00:00,0.05312985,0.167467398762125,0.05524308978375,0.0,1.84,2.152601736921053,2.1526017,0.33746502113157906,0.0,1.5,0.3400000000000001,0.0,0.028469457789561257,1
2012-07-09 20:00:00+00:00,0.0465924,0.159990173981,0.048445612709999995,0.0,1.94,1.903994579026316,1.9039946,0.24860713692105274,0.0,0.4723536,1.4676464,0.0,0.11740450143929415,1
2012-07-09 20:30:00+00:00,0.0482775,0.16191751131874998,0.0501977375625,0.0,1.918,1.210321684289474,1.2103217,0.3561058790263161,0.0,1.3179785,0.6000215,0.0,0.04857699400887167,1
2012-07-09 21:00:00+00:00,0.0465924,0.159990173981,0.048445612709999995,0.0,1.928,1.210321700803375,1.2103217,1.5710525991252666e-08,0.0,-3.1376412e-08,1.9280000313764118,0.0,0.1542305302276428,1
2012-07-09 21:30:00+00:00,0.04085445,0.153427379323625,0.04247943574875,0.0,1.899,1.210321700803375,1.2103217,8.033751441871573e-10,0.0,0.0,1.899,0.0,0.14567929666778193,1
2012-07-09 22:00:00+00:00,0.0380685,0.15024094204625,0.03958267458749999,0.0,1.899,1.210321700803375,1.2103217,8.033751441871573e-10,0.0,0.0,1.899,0.0,0.14265377447291436,1
2012-07-09 22:30:00+00:00,0.05354805,0.16794571605762498,0.05567792368874999,0.0,1.866,1.0000000008033751,1.0,0.2103217008033751,0.0,0.39961123,1.46638877,0.0,0.12313685599825497,1
2012-07-09 23:00:00+00:00,0.0442431,0.15730315623274999,0.04600286930249999,0.0,1.1,1.0000000008033751,1.0,8.033751441871573e-10,0.0,0.0,1.1,0.0,0.0865167359280125,1
2012-07-09 23:30:00+00:00,0.04609425,0.159420413673125,0.04792764879375,0.0,0.22,1.0000000008033751,1.0,8.033751441871573e-10,0.0,0.0,0.22,0.0,0.01753624550404375,1
2012-07-10 00:00:00+00:00,0.0440955,0.10763433836375,0.04584939851249999,0.0,0.217,1.0000000008033751,1.0,8.033751441871573e-10,0.0,0.0,0.217,0.0,0.011678325712466875,1
2012-07-10 00:30:00+00:00,0.04249035,0.105798444038375,0.04418040367125,0.0,0.188,1.0031894696233752,1.0031895,0.003189499196624812,0.0067146712,0.0,0.1947146712,0.0,0.010300254622201894,1
2012-07-10 01:00:00+00:00,0.04246575,0.105770307726875,0.04415482520625,0.0,0.223,1.715689469623375,1.7156895,0.7125000303766249,1.5,0.0,1.723,0.0,0.09112112010670281,1
2012-07-10 01:30:00+00:00,0.04379415,0.10728966854787501,0.045536062316249994,0.0,0.224,1.715689469623375,1.7156895,3.0376624993166956e-08,0.0,0.0,0.224,0.0,0.012016442877362001,1
2012-07-10 02:00:00+00:00,0.04001805,0.10297074473262502,0.04160976793874999,0.0,0.258,2.428189469623375,2.4281895,0.7125000303766247,1.5,0.0,1.758,0.0,0.09051128461997739,1
2012-07-10 02:30:00+00:00,0.03590985,0.098271980712125,0.037338164283749996,0.0,0.192,3.140689469623375,3.1406895,0.7125000303766251,1.5,0.0,1.692,0.0,0.08313809568245775,1
2012-07-10 03:00:00+00:00,0.0353748,0.09766001593700001,0.03678183266999999,0.0,0.213,3.853189469623375,3.8531895,0.7125000303766251,1.5,0.0,1.713,0.0,0.08364580365004051,1
2012-07-10 03:30:00+00:00,0.0349443,0.09716763048574999,0.036334209532499995,0.0,0.213,4.565689469623375,4.5656895,0.7125000303766256,1.5,0.0,1.713,0.0,0.08322407551104487,1
2012-07-10 04:00:00+00:00,0.03388035,0.095950735013375,0.03522794092124999,0.0,0.197,5.278189469623374,5.2781895,0.7125000303766251,1.5,0.0,1.697,0.0,0.08141419865884869,1
2012-07-10 04:30:00+00:00,0.03444615,0.09659787017787502,0.03581624561625,0.0,0.21,5.990689469623375,5.9906895,0.712500030376626,1.5,0.0,1.71,0.0,0.08259117900208314,1
2012-07-10 05:00:00+00:00,0.03495045,0.32707466456362505,0.03634060414875,0.0,0.199,5.885952627518112,5.8859526,0.06882846962337474,0.0,0.199,0.0,-0.0,0.0,1
2012-07-10 05:30:00+00:00,0.03749655,0.329986772803875,0.03898797527624999,0.0,0.211,5.7748999959391645,5.7749,0.07028642751811187,0.0,0.211,0.0,-0.0,0.0,1
2012-07-10 06:00:00+00:00,0.0397044,0.332512006761,0.041283642509999996,0.0,0.21,5.664373680149691,5.6643737,0.07814899593916458,0.0,0.21,0.0,-0.0,0.0,1
2012-07-10 06:30:00+00:00,0.0424473,0.33564920549325,0.0441356413575,0.0,0.15,5.5854263117286385,5.5854263,0.08983068014969042,0.0,0.15,0.0,-0.0,0.0,1
2012-07-10 07:00:00+00:00,0.0454977,0.33913810811925005,0.0473073710175,0.0,0.157,5.50279473278127,5.5027947,0.0968770117286386,0.0,0.157,0.0,-0.0,0.0,1
2012-07-10 07:30:00+00:00,0.0415125,0.33458002565625006,0.043163659687499994,0.028,0.713,5.142268416991796,5.1422684,0.10025733278127014,0.0,0.685,0.0,1.1102230246251565e-16,-2.396064440607359e-18,1
2012-07-10 08:00:00+00:00,0.04995645,0.344237814578625,0.05194346779875,0.103,1.457,4.429636838044428,4.4296368,0.09742771699179631,0.0,1.354,0.0,-0.0,0.0,1
2012-07-10 08:30:00+00:00,0.05535615,0.35041373495287503,0.05755794086625,0.179,1.44,3.765952627518112,3.7659526,0.08703513804442764,0.0,1.261,0.0,-0.0,0.0,1
2012-07-10 09:00:00+00:00,0.05650005,0.351722073437625,0.05874733948875,0.168,0.793,3.4370052590970595,3.4370053,0.06937342751811215,0.0,0.625,0.0,-0.0,0.0,1
2012-07-10 09:30:00+00:00,0.05739795,0.35274904880737507,0.05968095346125,0.207,0.417,3.3264789433075856,3.3264789,0.04641125909705934,0.0,0.21,0.0,-0.0,0.0,1
2012-07-10 10:00:00+00:00,0.0528777,0.34757900156925003,0.0549809105175,0.372,0.255,3.382053943307586,3.3820539,0.02137774330758546,0.117,0.0,0.0,-0.0,0.0,1
2012-07-10 10:30:00+00:00,0.0541815,0.34907022607875005,0.056336569162499996,0.375,0.211,3.459953943307586,3.4599539,0.0017904566924142884,0.164,0.0,0.0,-0.0,0.0,1
2012-07-10 11:00:00+00:00,0.05367105,0.168086397615125,0.055805816013749995,0.122,0.315,3.358374995939165,3.358375,0.01831445669241427,0.0,0.193,0.0,-0.0,0.0,1
2012-07-10 11:30:00+00:00,0.0571212,0.172032515303,0.059393195729999994,0.365,0.266,3.405399995939165,3.4054,0.028247904060834994,0.099,0.0,0.0,-0.0,0.0,1
2012-07-10 12:00:00+00:00,0.05330205,0.167664352942625,0.05542213903875,0.471,0.199,3.534599995939165,3.5346,0.030984804060834925,0.272,0.0,5.551115123125783e-17,0.0,4.653620626144522e-18,1
2012-07-10 12:30:00+00:00,0.05365875,0.168072329459375,0.05579302678124999,0.382,0.352,3.548849995939165,3.54885,0.02735080406083501,0.03,0.0,0.0,-0.0,0.0,1
2012-07-10 13:00:00+00:00,0.05022705,0.164147314005125,0.05222483091375,0.253,0.372,3.4862184169917967,3.4862184,0.01921230406083474,0.0,0.119,0.0,-0.0,0.0,1
2012-07-10 13:30:00+00:00,0.0530253,0.16734781943825,0.055134381307499994,0.171,0.552,3.285692101202323,3.2856921,0.008801683008203387,0.0,0.381,0.0,-0.0,0.0,1
2012-07-10 14:00:00+00:00,0.05400315,0.168466237820375,0.05615112529125,0.283,0.427,3.2099026275181126,3.2099026,0.0022679012023232303,0.0,0.144,2.7755575615628914e-17,0.0,2.337938701251971e-18,1
2012-07-10 14:30:00+00:00,0.05324055,0.167594012163875,0.05535819287625,0.11,0.388,3.0635868380444284,3.0635868,0.013881727518112452,0.0,0.278,0.0,-0.0,0.0,1
2012-07-10 15:00:00+00:00,0.0515247,0.16563150443675,0.0535740949425,0.077,0.299,2.9467447327812706,2.9467447,0.025678038044428586,0.0,0.222,0.0,2.7755575615628914e-17,-7.434899216077206e-19,1
2012-07-10 15:30:00+00:00,0.05509785,0.16971830368212498,0.057289366983749986,0.021,0.408,2.7430605222549547,2.7430605,0.03959413278127055,0.0,0.387,0.0,5.551115123125783e-17,-1.5900993572889873e-18,1
2012-07-10 16:00:00+00:00,0.05747175,0.17243345774187502,0.05975768885625,0.008,0.427,2.522534206465481,2.5225342,0.05832672225495461,0.0,0.419,0.0,-0.0,0.0,1
2012-07-10 16:30:00+00:00,0.05959965,0.17486724868662498,0.06197022607874999,0.002,0.418,2.303586838044428,2.3035868,0.08443190646548082,0.0,0.416,0.0,-0.0,0.0,1
2012-07-10 17:00:00+00:00,0.0533574,0.1677276596435,0.055479690585,0.0,0.285,2.1535868380444283,2.1535868,0.11935543804442839,0.0,0.285,0.0,-0.0,0.0,1
2012-07-10 17:30:00+00:00,0.05918145,0.174388931391125,0.061535392173749995,0.0,0.212,2.042007890676007,2.0420079,0.16266183804442824,0.0,0.212,0.0,-0.0,0.0,1
2012-07-10 18:00:00+00:00,0.0989781,0.21990644932025002,0.1029149539275,0.0,0.172,1.9514815748865333,1.9514816,0.21169399067600714,0.0,0.172,0.0,-0.0,0.0,1
2012-07-10 18:30:00+00:00,0.11472825,0.23792072275812498,0.11929156614374999,0.0,0.2,1.8462184169917963,1.8462184,0.26178507488653335,0.0,0.2,0.0,-0.0,0.0,1
2012-07-10 19:00:00+00:00,0.05653695,0.171364277904875,0.05878570718625,0.0,0.231,1.7246394696233753,1.7246395,0.3070106169917963,0.0,0.231,0.0,-0.0,0.0,1
2012-07-10 19:30:00+00:00,0.04469205,0.157816643917625,0.04646967628874999,0.0,0.179,1.6304289433075858,1.6304289,0.33988076962337543,0.0,0.179,0.0,-0.0,0.0,1
2012-07-10 20:00:00+00:00,0.042189,0.1549537742225,0.043867067475,0.0,0.2,1.6304289433075858,1.6304289,4.330758573978244e-08,0.0,0.0,0.2,0.0,0.015495377422250002,1
2012-07-10 20:30:00+00:00,0.0427671,0.15561497754275,0.0444681614025,0.0,0.177,1.6304289433075858,1.6304289,4.330758573978244e-08,0.0,0.0,0.177,0.0,0.013771925512533374,1
2012-07-10 21:00:00+00:00,0.043419,0.15636058979749998,0.045145990724999994,0.0,0.482,1.37674473278127,1.3767447,0.28410724330758574,0.0,0.482,0.0,-0.0,0.0,1
2012-07-10 21:30:00+00:00,0.04191225,0.154637240718125,0.043579309743749996,0.0,1.003,1.3463216801496911,1.3463217,0.03042303278127001,0.0,0.0578038,0.9451961999999999,0.0,0.07308126615262851,1
2012-07-10 22:00:00+00:00,0.03757035,0.149671181738375,0.039064710671249996,0.0,0.262,1.3463216801496911,1.3463217,1.985030895212958e-08,0.0,0.0,0.262,0.0,0.019606924807727123,1
2012-07-10 22:30:00+00:00,0.0511311,0.16518132345275,0.05316483950249999,0.0,0.24,1.220005890676007,1.2200059,0.21517138014969106,0.0,0.24,0.0,-0.0,0.0,1
2012-07-10 23:00:00+00:00,0.03969825,0.152104972683125,0.041277247893749994,0.0,0.201,1.1311502696233753,1.1311503,0.0888555906760069,0.0,0.16882568,0.032174320000000006,0.0,0.002446937032349062,1
2012-07-10 23:30:00+00:00,0.04455675,0.157661894204375,0.046328994731249996,0.0,0.229,1.0106239538339017,1.010624,0.13115026962337528,0.0,0.229,0.0,-0.0,0.0,1
2012-07-11 00:00:00+00:00,0.037023,0.09954514880750001,0.038495589824999996,0.0,0.202,1.0106239538339017,1.010624,4.61660982775669e-08,0.0,0.0,0.202,0.0,0.010054060029557502,1
2012-07-11 00:30:00+00:00,0.0363219,0.09874326392975,0.037766603572499995,0.0,0.215,1.7101305663339017,1.7101306,0.7101305461660983,1.4726455,0.0,1.6876455000000001,0.0,0.08332181251317745,1
2012-07-11 01:00:00+00:00,0.03642645,0.098862843253625,0.03787531204875,0.0,0.209,1.7101305663339017,1.7101306,3.366609835353529e-08,0.0,0.0,0.209,0.0,0.010331167120003813,1
2012-07-11 01:30:00+00:00,0.036654,0.09912310413500001,0.03811191285,0.0,0.204,1.7101305663339017,1.7101306,3.366609835353529e-08,0.0,0.0,0.204,0.0,0.010110556621770002,1
2012-07-11 02:00:00+00:00,0.03508575,0.097329414276875,0.03648128570625,0.0,0.206,2.4226305663339014,2.4226306,0.7125000336660985,1.5,0.0,1.706,0.0,0.08302199037817437,1
2012-07-11 02:30:00+00:00,0.0342678,0.09639388191949999,0.035630801744999996,0.0,0.197,3.1351305663339013,3.1351306,0.7125000336660987,1.5,0.0,1.697,0.0,0.08179020880869574,1
2012-07-11 03:00:00+00:00,0.0337389,0.09578895122225002,0.0350808647475,0.0,0.2,3.847630566333901,3.8476306,0.7125000336660987,1.5,0.0,1.7,0.0,0.08142060853891252,1
2012-07-11 03:30:00+00:00,0.03357285,0.095599031119625,0.03490821010875,0.001,0.22,4.560130566333902,4.5601306,0.7125000336660987,1.5,0.0,1.719,0.0,0.0821673672473177,1
2012-07-11 04:00:00+00:00,0.03322845,0.09520512275862501,0.034550111598749995,0.0,0.148,5.272630566333902,5.2726306,0.7125000336660987,1.5,0.0,1.648,0.0,0.07844902115310701,1
2012-07-11 04:30:00+00:00,0.0325335,0.09441027195875,0.0338275199625,0.0,0.185,5.985130566333902,5.9851306,0.7125000336660978,1.5,0.0,1.685,0.0,0.07954065412524687,1
2012-07-11 05:00:00+00:00,0.033456,0.32536538364,0.034786712399999996,0.0,0.124,5.919867408439165,5.9198674,0.07880446633390203,0.0,0.124,0.0,-0.0,0.0,1
2012-07-11 05:30:00+00:00,0.03412635,0.32613209812837507,0.03548372557125,0.0,0.185,5.822498987386534,5.822499,0.08061850843916485,0.0,0.185,0.0,-0.0,0.0,1
2012-07-11 06:00:00+00:00,0.0354855,0.32768662933875,0.0368969357625,0.0,0.146,5.7456568821233756,5.7456569,0.08882838738653387,0.0,0.146,0.0,-0.0,0.0,1
2012-07-11 06:30:00+00:00,0.03806235,0.33063390796837505,0.03957627997125,0.0,0.307,5.584077934754955,5.5840779,0.10085338212337547,0.0,0.307,0.0,-0.0,0.0,1
2012-07-11 07:00:00+00:00,0.04124805,0.334277560307625,0.042888691188749994,0.0,0.181,5.4888147768602185,5.4888148,0.10825353475495536,0.0,0.181,0.0,-0.0,0.0,1
2012-07-11 07:30:00+00:00,0.03568845,0.327918753908625,0.03710795809874999,0.024,0.301,5.343025303176008,5.3430253,0.11198837686021879,0.0,0.277,0.0,5.551115123125783e-17,-1.0299527369514447e-18,1
2012-07-11 08:00:00+00:00,0.0405162,0.33344050504050005,0.042127731854999996,0.165,0.678,5.073025303176008,5.0730253,0.10951170317600756,0.0,0.513,0.0,-0.0,0.0,1
2012-07-11 08:30:00+00:00,0.0424104,0.33560700102600005,0.04409727366,0.278,0.236,5.092975303176008,5.0929753,0.09946710317600793,0.042,0.0,0.0,5.551115123125783e-17,-1.2239452135132111e-18,1
2012-07-11 09:00:00+00:00,0.0420783,0.33522716082075005,0.0437519643825,0.361,0.337,5.104375303176008,5.1043753,0.08214420317600801,0.024,0.0,5.551115123125783e-17,0.0,9.304422810572922e-18,1
2012-07-11 09:30:00+00:00,0.0422259,0.33539597868975,0.0439054351725,0.392,1.054,4.755954250544429,4.7559543,0.05950710317600816,0.0,0.662,0.0,-0.0,0.0,1
2012-07-11 10:00:00+00:00,0.0397905,0.33261048385125,0.04137316713749999,0.449,0.506,4.7259542505444285,4.7259543,0.03478085054442914,0.0,0.057,0.0,6.938893903907228e-18,-1.4354200861786679e-19,1
2012-07-11 10:30:00+00:00,0.0403932,0.333299823483,0.04199983953,0.512,0.457,4.752079250544429,4.7520793,0.011705350544428228,0.055,0.0,0.0,-0.0,0.0,1
2012-07-11 11:00:00+00:00,0.0371091,0.14914362589775,0.03858511445249999,0.542,0.226,4.902179250544429,4.9021793,0.005722849455571222,0.316,0.0,0.0,-0.0,0.0,1
2012-07-11 11:30:00+00:00,0.036654,0.148623104135,0.03811191285,0.557,0.233,5.056079250544429,5.0560793,0.015441549455570858,0.324,0.0,0.0,-0.0,0.0,1
2012-07-11 12:00:00+00:00,0.0368262,0.14882005831550002,0.038290962105000007,0.537,0.161,5.2346792505444295,5.2346793,0.01798624945557048,0.376,0.0,0.0,-0.0,0.0,1
2012-07-11 12:30:00+00:00,0.0359529,0.14782121925725003,0.037382926597500005,0.447,0.299,5.304979250544429,5.3049793,0.014182349455570176,0.148,0.0,0.0,5.551115123125783e-17,-1.0375846459104167e-18,1
2012-07-11 13:00:00+00:00,0.03482745,0.146533983006125,0.03621271182375,0.521,0.151,5.480729250544429,5.4807293,0.005895849455570534,0.37,0.0,0.0,-0.0,0.0,1
2012-07-11 13:30:00+00:00,0.03444615,0.146097870177875,0.03581624561625,0.467,0.218,5.599004250544429,5.5990043,0.0051428505444288675,0.249,0.0,0.0,5.551115123125783e-17,-9.941005134697644e-19,1
2012-07-11 14:00:00+00:00,0.03417555,0.145788370751375,0.03553488250125,0.393,0.157,5.7111042505444285,5.7111043,0.017280450544428838,0.236,0.0,0.0,-0.0,0.0,1
2012-07-11 14:30:00+00:00,0.0338496,0.145415564624,0.03519596784,0.332,0.433,5.657946355807586,5.6579464,0.028989050544428352,0.0,0.101,0.0,2.7755575615628914e-17,-4.884421733741817e-19,1
2012-07-11 15:00:00+00:00,0.0338619,0.14542963277975,0.0352087570725,0.253,0.41,5.575314776860218,5.5753148,0.040858655807586075,0.0,0.157,0.0,2.7755575615628914e-17,-4.886196596290415e-19,1
2012-07-11 15:30:00+00:00,0.034071,0.1456687914275,0.035426174025,0.157,0.294,5.5032095137023225,5.5032095,0.05482767686021717,0.0,0.137,0.0,2.7755575615628914e-17,-4.916369259616582e-19,1
2012-07-11 16:00:00+00:00,0.03416325,0.14577430259562502,0.03552209326875,0.026,0.652,5.173735829491796,5.1737358,0.07359471370232207,0.0,0.626,0.0,-0.0,0.0,1
2012-07-11 16:30:00+00:00,0.03293325,0.14436748702062502,0.03424317001874999,0.019,0.372,4.987946355807585,4.9879464,0.09971822949179554,0.0,0.353,0.0,-0.0,0.0,1
2012-07-11 17:00:00+00:00,0.03360975,0.145141235586875,0.03494657780625,0.004,0.972,4.622838061070743,4.6228381,0.1346464558075855,0.0,0.69370576,0.27429424,0.0,0.01990570245398142,1
2012-07-11 17:30:00+00:00,0.0387819,0.15105689507975,0.0403244500725,0.0,0.604,4.3049433242286375,4.3049433,0.17794656107074314,0.0,0.604,0.0,-0.0,0.0,1
2012-07-11 18:00:00+00:00,0.0401964,0.15267473299099998,0.041795211809999996,0.0,0.636,3.9702064821233742,3.9702065,0.22696312422863762,0.0,0.636,0.0,-0.0,0.0,1
2012-07-11 18:30:00+00:00,0.0384621,0.15069112303025,0.0399919300275,0.0,1.132,3.374417008439164,3.374417,0.27703098212337407,0.0,1.132,0.0,-0.0,0.0,1
2012-07-11 19:00:00+00:00,0.0383145,0.15052230516125,0.0398384592375,0.0,1.355,2.6612591137023216,2.6612591,0.3222256084391639,0.0,1.355,0.0,-0.0,0.0,1
2012-07-11 19:30:00+00:00,0.035793,0.14763833323249997,0.037216666574999994,0.0,1.27,1.9928380610707426,1.9928381,0.3550597137023215,0.0,1.27,0.0,-0.0,0.0,1
2012-07-11 20:00:00+00:00,0.03487665,0.146590255629125,0.03626386875375,0.0,0.748,1.9928380610707426,1.9928381,3.89292573732547e-08,0.0,0.0,0.748,0.0,0.05482475560529275,1
2012-07-11 20:30:00+00:00,0.0381177,0.15029721466925,0.039633831517499996,0.0,0.642,1.6549433242286373,1.6549433,0.3743844610707425,0.0,0.642,0.0,-0.0,0.0,1
2012-07-11 21:00:00+00:00,0.03531945,0.147096709236125,0.03672428112375,0.0,0.735,1.3753084768602162,1.3753085,0.2796348242286373,0.0,0.53130621,0.20369378999999999,0.0,0.014981343100417151,1
2012-07-11 21:30:00+00:00,0.03493815,0.146660596407875,0.03632781491625,0.0,0.643,1.3753084768602162,1.3753085,2.313978386681015e-08,0.0,0.0,0.643,0.0,0.04715138174513181,1
2012-07-11 22:00:00+00:00,0.03444,0.14609083609999998,0.035809851,0.0,0.499,1.3753084768602162,1.3753085,2.313978386681015e-08,0.0,0.0,0.499,0.0,0.03644966360695,1
2012-07-11 22:30:00+00:00,0.0399135,0.15235116540875002,0.041501059462499996,0.0,0.25,1.2437295294917952,1.2437295,0.22981807686021627,0.0,0.25,0.0,-0.0,0.0,1
2012-07-11 23:00:00+00:00,0.03520875,0.146970095834375,0.036609178031249995,0.0,0.183,1.147413740018111,1.1474137,0.09823912949179525,0.0,0.183,0.0,-0.0,0.0,1
2012-07-11 23:30:00+00:00,0.03613125,0.14802520751562498,0.037568370468749994,0.0,0.226,1.0284663715970583,1.0284664,0.14549044001811096,0.0,0.226,0.0,-0.0,0.0,1
2012-07-12 00:00:00+00:00,0.03514725,0.097399755055625,0.03654523186874999,0.0,0.194,1.0284663715970583,1.0284664,2.840294155426193e-08,0.0,0.0,0.194,0.0,0.009447776240395625,1
2012-07-12 00:30:00+00:00,0.03385575,0.095922598701875,0.03520236245624999,0.0,0.306,1.7409663715970582,1.7409664,0.7125000284029417,1.5,0.0,1.806,0.0,0.08661810662779312,1
2012-07-12 01:00:00+00:00,0.0340833,0.09618285958325001,0.0354389632575,0.0,0.195,1.9140151653470583,1.9140152,2.8402941776306534e-08,0.36431325,0.0,0.55931325,0.0,0.026898173893900604,1
2012-07-12 01:30:00+00:00,0.03406485,0.09616175734962502,0.03541977940875,0.0,0.236,2.626515165347058,2.6265152,0.7125000346529418,1.5,0.0,1.736,0.0,0.08346840537947452,1
2012-07-12 02:00:00+00:00,0.0325458,0.0944243401145,0.033840309194999994,0.0,0.293,3.339015165347058,3.3390152,0.7125000346529418,1.5,0.0,1.793,0.0,0.08465142091264925,1
2012-07-12 02:30:00+00:00,0.0317463,0.09350990999075001,0.03300900908249999,0.0,0.222,4.051515165347058,4.0515152,0.7125000346529418,1.5,0.0,1.722,0.0,0.08051203250203576,1
2012-07-12 03:00:00+00:00,0.03055935,0.09215233296087501,0.03177484814625,0.0,0.246,4.7640151653470575,4.7640152,0.7125000346529422,1.5,0.0,1.746,0.0,0.08044898667484388,1
2012-07-12 03:30:00+00:00,0.02845605,0.089746678327625,0.029587889388749997,0.0,0.273,5.476515165347058,5.4765152,0.7125000346529422,1.5,0.0,1.7730000000000001,0.0,0.07956043033743958,1
2012-07-12 04:00:00+00:00,0.02682015,0.08787561361287502,0.02788692146625,0.0,0.21,6.189015165347058,6.1890152,0.7125000346529422,1.5,0.0,1.71,0.0,0.07513364963900813,1
2012-07-12 04:30:00+00:00,0.0270969,0.08819214711725,0.028174679197499997,0.0,0.235,6.9015151653470586,6.9015152,0.7125000346529422,1.5,0.0,1.7349999999999999,0.0,0.07650668762421436,1
2012-07-12 05:00:00+00:00,0.02929245,0.32060331291862504,0.03045755719875,0.0,0.177,6.808357270610216,6.8083573,0.09049616534705862,0.0,0.177,0.0,-0.0,0.0,1
2012-07-12 05:30:00+00:00,0.03046095,0.321939787714875,0.03167253428625,0.0,0.235,6.684673060083901,6.6846731,0.09199697061021617,0.0,0.235,0.0,-0.0,0.0,1
2012-07-12 06:00:00+00:00,0.0319677,0.3236631367942501,0.0332392152675,0.0,0.144,6.60888358639969,6.6088836,0.09988356008390031,0.0,0.144,0.0,-0.0,0.0,1
2012-07-12 06:30:00+00:00,0.03502425,0.327159073498125,0.036417339543749996,0.0,0.178,6.515199375873374,6.5151994,0.11158038639969003,0.0,0.178,0.0,-0.0,0.0,1
2012-07-12 07:00:00+00:00,0.0364572,0.32879801364300004,0.03790728513,0.0,0.141,6.440988849557585,6.4409888,0.11866347587337422,0.0,0.141,0.0,-0.0,0.0,1
2012-07-12 07:30:00+00:00,0.0335667,0.32549199704175,0.034901815492499995,0.001,0.381,6.240988849557585,6.2409888,0.1220832495575852,0.0,0.38,0.0,-0.0,0.0,1
2012-07-12 08:00:00+00:00,0.0362604,0.32857292315100006,0.03770265740999999,0.005,0.175,6.1515151653470586,6.1515152,0.11929254955758495,0.0,0.17,0.0,2.7755575615628914e-17,-5.232294793267033e-19,1
2012-07-12 08:30:00+00:00,0.0450795,0.33865979082375003,0.046872537112499994,0.064,0.257,6.049936217978638,6.0499362,0.10893236534705864,0.0,0.193,0.0,-0.0,0.0,1
2012-07-12 09:00:00+00:00,0.0447474,0.3382799506185001,0.046527227835,0.063,0.32,5.914673060083901,5.9146731,0.09128911797863726,0.0,0.257,0.0,-0.0,0.0,1
2012-07-12 09:30:00+00:00,0.04535625,0.338976324328125,0.04716029484374999,0.076,0.252,5.822041481136533,5.8220415,0.06832326008390144,0.0,0.176,0.0,-0.0,0.0,1
2012-07-12 10:00:00+00:00,0.0457929,0.33947574385725005,0.0476143125975,0.054,0.197,5.746778323241796,5.7467783,0.04325678113653275,0.0,0.143,2.7755575615628914e-17,0.0,4.711172339150888e-18,1
2012-07-12 10:30:00+00:00,0.04817295,0.342197931994875,0.05008902908624999,0.085,0.238,5.666252007452322,5.666252,0.019827023241796304,0.0,0.153,0.0,2.7755575615628914e-17,-6.951249171584239e-19,1
2012-07-12 11:00:00+00:00,0.04900935,0.162754566585875,0.050958696896249996,0.097,0.649,5.375725691662849,5.3757257,0.001411007452322366,0.0,0.552,0.0,-0.0,0.0,1
2012-07-12 11:30:00+00:00,0.04677075,0.16019416223937502,0.04863105658125,0.049,0.522,5.126778323241796,5.1267783,0.008792908337150962,0.0,0.473,5.551115123125783e-17,0.0,4.4462811832172994e-18,1
2012-07-12 12:00:00+00:00,0.0453255,0.15854115393874998,0.047128321762499994,0.049,0.167,5.064673060083901,5.0646731,0.011699076758204363,0.0,0.118,1.3877787807814457e-17,0.0,1.1001002465840097e-18,1
2012-07-12 12:30:00+00:00,0.0460758,0.15939931143949998,0.04790846494499999,0.086,0.206,5.001515165347059,5.0015152,0.00826933991609824,0.0,0.12,0.0,-0.0,0.0,1
2012-07-12 13:00:00+00:00,0.04673385,0.160151957772125,0.04859268888375,0.112,0.163,4.9746730600839015,4.9746731,0.00036863465294079134,0.0,0.051,6.938893903907228e-18,0.0,5.55638721741903e-19,1
2012-07-12 13:30:00+00:00,0.04584825,0.159139050558125,0.04767186414375,0.075,0.211,4.903094112715481,4.9030941,0.01082816008390175,0.0,0.136,0.0,-0.0,0.0,1
2012-07-12 14:00:00+00:00,0.04690605,0.16034891195262502,0.04877173813874999,0.102,0.157,4.874146744294428,4.8741467,0.022516712715480836,0.0,0.055,6.938893903907228e-18,0.0,5.563220438231133e-19,1
2012-07-12 14:30:00+00:00,0.04896015,0.162698293962875,0.05090753996624999,0.07,0.201,4.805199375873376,4.8051994,0.033767244294428345,0.0,0.131,0.0,-0.0,0.0,1
2012-07-12 15:00:00+00:00,0.0440832,0.157120270208,0.045836609279999996,0.056,0.247,4.704673060083902,4.7046731,0.04517137587337583,0.0,0.191,0.0,-0.0,0.0,1
2012-07-12 15:30:00+00:00,0.0434559,0.15640279426475,0.045184358422499994,0.044,0.197,4.624146744294428,4.6241467,0.05866976008390168,0.0,0.153,2.7755575615628914e-17,0.0,2.1705247913554605e-18,1
2012-07-12 16:00:00+00:00,0.04865265,0.16234659006912502,0.050587809153749996,0.016,0.176,4.539936217978639,4.5399362,0.07696304429442868,0.0,0.16,0.0,2.7755575615628914e-17,-7.020468810979563e-19,1
2012-07-12 16:30:00+00:00,0.0466785,0.16008865107125,0.0485351373375,0.02,0.189,4.450988849557586,4.4509888,0.10261261797863863,0.0,0.169,0.0,-0.0,0.0,1
2012-07-12 17:00:00+00:00,0.0426564,0.15548836414099998,0.04435305830999999,0.001,0.186,4.3536204285049545,4.3536204,0.1370697495575861,0.0,0.185,0.0,-0.0,0.0,1
2012-07-12 17:30:00+00:00,0.047478,0.161003081195,0.04936643745,0.0,0.169,4.264673060083902,4.2646731,0.17990462850495437,0.0,0.169,0.0,-0.0,0.0,1
2012-07-12 18:00:00+00:00,0.06528225,0.181366736643125,0.06787885149374999,0.0,0.255,4.130462533768112,4.1304625,0.2284645600839017,0.0,0.255,0.0,-0.0,0.0,1
2012-07-12 18:30:00+00:00,0.0595566,0.17481801014149997,0.061925463764999994,0.0,0.532,3.8504625337681118,3.8504625,0.2780858337681118,0.0,0.532,0.0,-0.0,0.0,1
2012-07-12 19:00:00+00:00,0.04814835,0.161769795683375,0.05006345062124999,0.0,0.807,3.4257256916628487,3.4257257,0.32284453376811184,0.0,0.807,0.0,-0.0,0.0,1
2012-07-12 19:30:00+00:00,0.0417585,0.15446138877124999,0.043419444337499995,0.0,1.387,2.6957256916628487,2.6957257,0.3552559916628488,0.0,1.387,0.0,-0.0,0.0,1
2012-07-12 20:00:00+00:00,0.03849285,0.15072629341962498,0.040023903108749995,0.0,0.729,2.312041481136533,2.3120415,0.37308789166284884,0.0,0.729,0.0,-0.0,0.0,1
2012-07-12 20:30:00+00:00,0.04064535,0.153188220675875,0.042262018796249995,0.0,0.678,1.955199375873375,1.9551994,0.37374968113653306,0.0,0.678,0.0,-0.0,0.0,1
2012-07-12 21:00:00+00:00,0.03972285,0.152133108994625,0.041302826358749996,0.0,0.911,1.4757256916628487,1.4757257,0.35513177587337497,0.0,0.911,0.0,-0.0,0.0,1
2012-07-12 21:30:00+00:00,0.0361374,0.1480322415935,0.037574765084999996,0.0,1.37,1.227568928504954,1.2275689,0.24815679166284865,0.0,0.47149785,0.8985021500000001,0.0,0.0665036436705396,1
2012-07-12 22:00:00+00:00,0.0351042,0.14685051651050002,0.036500469555000005,0.0,0.509,1.227568928504954,1.2275689,2.8504953952790402e-08,0.0,0.0,0.509,0.0,0.037373456451922256,1
2012-07-12 22:30:00+00:00,0.0412788,0.153912730697,0.04292066427,0.0,0.246,1.0980952442944276,1.0980952,0.22756892850495403,0.0,0.246,0.0,-0.0,0.0,1
2012-07-12 23:00:00+00:00,0.03574995,0.14758909468737502,0.03717190426125,0.0,0.239,1.0000000021891644,1.0,0.09809524429442762,0.0,0.18638096,0.05261903999999998,0.0,0.0038829982384593854,1
2012-07-12 23:30:00+00:00,0.03543015,0.14722332263787502,0.03683938421625,0.0,0.203,1.0000000021891644,1.0,2.1891644053084747e-09,0.0,0.0,0.203,0.0,0.014943167247744315,1
2012-07-13 00:00:00+00:00,0.0348582,0.09706915339550001,0.036244684905,0.0,0.208,1.0000000021891644,1.0,2.1891644053084747e-09,0.0,0.0,0.208,0.0,0.010095191953132,1
2012-07-13 00:30:00+00:00,0.03461835,0.096794824358375,0.03599529487125,0.0,0.233,1.0000000021891644,1.0,2.1891644053084747e-09,0.0,0.0,0.233,0.0,0.011276597037750687,1
2012-07-13 01:00:00+00:00,0.03440925,0.096555665710625,0.03577787791875,0.0,0.184,1.4899265446891645,1.4899265,0.4899264978108355,1.0314243,0.0,1.2154243,0.0,0.058678051203685196,1
2012-07-13 01:30:00+00:00,0.034932,0.09715356233000001,0.0363214203,0.0,0.214,1.4899265446891645,1.4899265,4.468916459110517e-08,0.0,0.0,0.214,0.0,0.010395431169310002,1
2012-07-13 02:00:00+00:00,0.0341694,0.09628133667350001,0.035528487885,0.0,0.202,2.2024265446891644,2.2024265,0.7124999553108355,1.5,0.0,1.702,0.0,0.08193541750914851,1
2012-07-13 02:30:00+00:00,0.0335175,0.09553572441875,0.03485065856249999,0.0,0.198,2.9149265446891643,2.9149265,0.7124999553108355,1.5,0.0,1.698,0.0,0.08110983003151874,1
2012-07-13 03:00:00+00:00,0.03287175,0.09479714624187499,0.034179223856249996,0.0,0.296,3.6274265446891643,3.6274265,0.7124999553108355,1.5,0.0,1.796,0.0,0.08512783732520375,1
2012-07-13 03:30:00+00:00,0.02996895,0.09147706148487501,0.03116096498625,0.0,0.203,4.339926544689164,4.3399265,0.7124999553108355,1.5,0.0,1.703,0.0,0.07789271785437107,1
2012-07-13 04:00:00+00:00,0.030504,0.09208902626,0.0317172966,0.0,0.209,5.052426544689164,5.0524265,0.712499955310836,1.5,0.0,1.709,0.0,0.07869007293917,1
2012-07-13 04:30:00+00:00,0.03149415,0.09322151279787502,0.032746829816249996,0.0,0.22,5.764926544689164,5.7649265,0.712499955310836,1.5,0.0,1.72,0.0,0.08017050100617251,1
2012-07-13 05:00:00+00:00,0.0327672,0.32457756691800005,0.03407051538,0.0,0.193,5.663347597320743,5.6633476,0.08359854468916428,0.0,0.193,0.0,-0.0,0.0,1
2012-07-13 05:30:00+00:00,0.0338619,0.32582963277975,0.0352087570725,0.0,0.231,5.5417686499523215,5.5417686,0.08479089732074296,0.0,0.231,0.0,-0.0,0.0,1
2012-07-13 06:00:00+00:00,0.0333822,0.32528097470550005,0.034709977004999996,0.0,0.18,5.4470318078470585,5.4470318,0.09237694995232193,0.0,0.18,0.0,-0.0,0.0,1
2012-07-13 06:30:00+00:00,0.03375735,0.325710053455875,0.03510004859625,0.0,0.225,5.32861075521548,5.3286108,0.10378640784705873,0.0,0.225,0.0,-0.0,0.0,1
2012-07-13 07:00:00+00:00,0.0360513,0.32833376450325,0.03748524045749999,0.0,0.192,5.227558123636532,5.2275581,0.11061065521547953,0.0,0.192,0.0,-0.0,0.0,1
2012-07-13 07:30:00+00:00,0.0341694,0.3261813366735001,0.035528487885,0.001,0.215,5.114926544689164,5.1149265,0.11379082363653215,0.0,0.214,0.0,-0.0,0.0,1
2012-07-13 08:00:00+00:00,0.03726285,0.3297194778446251,0.03874497985875,0.016,0.862,4.669663386794427,4.6696634,0.11077824468916386,0.0,0.846,0.0,-0.0,0.0,1
2012-07-13 08:30:00+00:00,0.0396183,0.33241352967075005,0.0411941178825,0.022,0.886,4.214926544689163,4.2149265,0.10021108679442658,0.0,0.864,0.0,-0.0,0.0,1
2012-07-13 09:00:00+00:00,0.0389664,0.33166791741600005,0.040516288559999995,0.05,0.319,4.073347597320742,4.0733476,0.08237204468916293,0.0,0.269,0.0,-0.0,0.0,1
2012-07-13 09:30:00+00:00,0.03974745,0.332561245306125,0.04132840482375,0.058,0.837,3.663347597320742,3.6633476,0.05921769732074189,0.0,0.779,0.0,1.1102230246251565e-16,-2.2941873303178316e-18,1
2012-07-13 10:00:00+00:00,0.040221,0.33310286930250005,0.041820790275,0.063,1.232,3.048084439426005,3.0480844,0.03396619732074191,0.0,1.169,0.0,-0.0,0.0,1
2012-07-13 10:30:00+00:00,0.0403932,0.333299823483,0.04199983953,0.388,1.274,2.5817686499523207,2.5817686,0.01035233942600522,0.0,0.886,0.0,-0.0,0.0,1
2012-07-13 11:00:00+00:00,0.0397782,0.15219641569550002,0.041360377904999995,0.152,1.401,1.9244002288996889,1.9244002,0.00744455004767941,0.0,1.249,0.0,-0.0,0.0,1
2012-07-13 11:30:00+00:00,0.0386343,0.15088807721075,0.040170979282500005,0.447,1.002,1.8172823025838993,1.8172823,0.0176796711003111,0.0,0.20352406,0.35147593999999993,0.0,0.026516764386220464,1
2012-07-13 12:00:00+00:00,0.03836985,0.15058561186212502,0.03989601078374999,0.549,0.727,1.8172823025838993,1.8172823,0.02075609741610074,0.0,0.0,0.17799999999999994,0.0,0.013402119455729122,1
2012-07-13 12:30:00+00:00,0.0380193,0.15018466942325,0.039531517657499994,0.539,0.775,1.8172823025838993,1.8172823,0.01749779741610058,0.0,0.0,0.236,0.0,0.0177217909919435,1
2012-07-13 13:00:00+00:00,0.0378225,0.14995957893125,0.0393268899375,0.497,0.259,1.9303323025838992,1.9303323,0.009768797416100705,0.238,0.0,0.0,-0.0,0.0,1
2012-07-13 13:30:00+00:00,0.03747195,0.149558636492375,0.038962396811249994,0.434,0.418,1.9379323025838993,1.9379323,2.5838993167326407e-09,0.016,0.0,0.0,-0.0,0.0,1
2012-07-13 14:00:00+00:00,0.03695535,0.14896777395087502,0.03842524904625,0.406,0.254,2.0101323025838993,2.0101323,2.5838993167326407e-09,0.152,0.0,0.0,-0.0,0.0,1
2012-07-13 14:30:00+00:00,0.03605745,0.147940798581125,0.037491635073749995,0.245,0.271,2.0101323025838993,2.0101323,2.5838993167326407e-09,0.0,0.0,0.026000000000000023,0.0,0.0019232303815546266,1
2012-07-13 15:00:00+00:00,0.0361251,0.14801817343775,0.03756197585249999,0.133,0.376,2.0101323025838993,2.0101323,2.5838993167326407e-09,0.0,0.0,0.243,0.0,0.017984208072686626,1
2012-07-13 15:30:00+00:00,0.03502425,0.146759073498125,0.036417339543749996,0.063,0.242,2.0101323025838993,2.0101323,2.5838993167326407e-09,0.0,0.0,0.179,0.0,0.013134937078082188,1
2012-07-13 16:00:00+00:00,0.03600825,0.14788452595812498,0.03744047814375,0.023,0.249,2.0101323025838993,2.0101323,2.5838993167326407e-09,0.0,0.0,0.226,0.0,0.016710951433268124,1
2012-07-13 16:30:00+00:00,0.03766875,0.149783726984375,0.03916702453125,0.007,0.496,1.9905513962681098,1.9905514,0.01958090258389933,0.0,0.037203722,0.451796278,0.0,0.0338358651782544,1
2012-07-13 17:00:00+00:00,0.03852975,0.15076849788687502,0.040062270806249994,0.001,0.392,1.865305033110215,1.865305,0.12524639626810985,0.0,0.23796809,0.15303191000000002,0.0,0.011536195599729725,1
2012-07-13 17:30:00+00:00,0.039975,0.1524215061875,0.04156500562499999,0.0,0.423,1.6426734541628465,1.6426735,0.1679455331102151,0.0,0.423,0.0,-0.0,0.0,1
2012-07-13 18:00:00+00:00,0.04064535,0.153188220675875,0.042262018796249995,0.0,0.459,1.4010945067944254,1.4010945,0.21638615416284646,0.0,0.459,0.0,-0.0,0.0,1
2012-07-13 18:30:00+00:00,0.03878805,0.15106392915762498,0.04033084468874999,0.0,0.589,1.0910945067944253,1.0910945,0.26590560679442543,0.0,0.589,0.0,-0.0,0.0,1
2012-07-13 19:00:00+00:00,0.0368139,0.14880599015975,0.038278172872499995,0.0,0.725,1.0910945067944253,1.0910945,6.79442524464946e-09,0.0,0.0,0.725,0.0,0.05394217143290937,1
2012-07-13 19:30:00+00:00,0.0352149,0.14697712991225,0.0366155726475,0.0,0.748,1.0910945067944253,1.0910945,6.79442524464946e-09,0.0,0.0,0.748,0.0,0.0549694465871815,1
2012-07-13 20:00:00+00:00,0.0363465,0.14827140024125,0.0377921820375,0.0,0.601,1.0910945067944253,1.0910945,6.79442524464946e-09,0.0,0.0,0.601,0.0,0.04455555577249562,1
2012-07-13 20:30:00+00:00,0.0359652,0.147835287413,0.03739571583,0.0,0.605,1.0910945067944253,1.0910945,6.79442524464946e-09,0.0,0.0,0.605,0.0,0.0447201744424325,1
2012-07-13 21:00:00+00:00,0.03636495,0.14829250247487502,0.037811365886250003,0.0,0.719,1.0910945067944253,1.0910945,6.79442524464946e-09,0.0,0.0,0.719,0.0,0.05331115463971757,1
2012-07-13 21:30:00+00:00,0.03460605,0.146280756202625,0.03598250563875,0.0,1.883,1.0910945067944253,1.0910945,6.79442524464946e-09,0.0,0.0,1.883,0.0,0.13772333196477146,1
2012-07-13 22:00:00+00:00,0.0340218,0.1456125188045,0.035375017094999996,0.0,0.813,1.0910945067944253,1.0910945,6.79442524464946e-09,0.0,0.0,0.813,0.0,0.05919148889402924,1
2012-07-13 22:30:00+00:00,0.0387819,0.15105689507975,0.0403244500725,0.0,0.216,1.0000000015312673,1.0,0.09109450679442532,0.0,0.17307956,0.042920440000000004,0.0,0.003241714200928353,1
2012-07-13 23:00:00+00:00,0.03570075,0.14753282206437499,0.037120747331249995,0.0,0.194,1.0000000015312673,1.0,1.5312673351530748e-09,0.0,0.0,0.194,0.0,0.014310683740244374,1
2012-07-13 23:30:00+00:00,0.0363957,0.14832767286425003,0.0378433389675,0.0,0.242,1.0000000015312673,1.0,1.5312673351530748e-09,0.0,0.0,0.242,0.0,0.017947648416574254,1
2012-07-14 00:00:00+00:00,0.03524565,0.09751230030162501,0.03664754572875,0.0,0.177,1.0000000015312673,1.0,1.5312673351530748e-09,0.0,0.0,0.177,0.0,0.008629838576693813,1
2012-07-14 00:30:00+00:00,0.03427395,0.096400915997375,0.03563719636125,0.0,0.224,1.0000000015312673,1.0,1.5312673351530748e-09,0.0,0.0,0.224,0.0,0.010796902591706,1
2012-07-14 01:00:00+00:00,0.03424935,0.096372779685875,0.035611617896249996,0.0,0.192,1.0000000015312673,1.0,1.5312673351530748e-09,0.0,0.0,0.192,0.0,0.009251786849844,1
2012-07-14 01:30:00+00:00,0.03421245,0.09633057521862502,0.035573250198749996,0.0,0.2,1.1868012422812673,1.1868012,0.18680119846873255,0.39326577,0.0,0.59326577,0.0,0.02857481644081025,1
2012-07-14 02:00:00+00:00,0.03256425,0.09444544234812502,0.03385949304375,0.0,0.182,1.8993012422812672,1.8993012,0.7124999577187328,1.5,0.0,1.682,0.0,0.07942861701477313,1
2012-07-14 02:30:00+00:00,0.03261345,0.09450171497112501,0.03391064997375,0.0,0.225,2.611801242281267,2.6118012,0.7124999577187328,1.5,0.0,1.725,0.0,0.08150772916259533,1
2012-07-14 03:00:00+00:00,0.03209685,0.09391085242962502,0.033373502208749996,0.0,0.235,3.3243012422812668,3.3243012,0.712499957718733,1.5,0.0,1.7349999999999999,0.0,0.0814676644826997,1
2012-07-14 03:30:00+00:00,0.03190005,0.093685761937625,0.03316887448875,0.0,0.237,4.036801242281267,4.0368012,0.7124999577187334,1.5,0.0,1.737,0.0,0.08136608424282732,1
2012-07-14 04:00:00+00:00,0.0313281,0.09303159269524999,0.0325741751775,0.0,0.197,4.749301242281266,4.7493012,0.712499957718733,1.5,0.0,1.697,0.0,0.07893730640191962,1
2012-07-14 04:30:00+00:00,0.0312174,0.09290497929350001,0.032459072085,0.0,0.209,5.4618012422812665,5.4618012,0.7124999577187339,1.5,0.0,1.709,0.0,0.07938730480629577,1
2012-07-14 05:00:00+00:00,0.0310452,0.322608025113,0.03228002283,0.0,0.211,5.350748610702319,5.3507486,0.07178594228126656,0.0,0.211,0.0,-0.0,0.0,1
2012-07-14 05:30:00+00:00,0.03129735,0.32289642230587506,0.03254220209625,0.0,0.246,5.221274926491793,5.2212749,0.0730899107023193,0.0,0.246,0.0,-0.0,0.0,1
2012-07-14 06:00:00+00:00,0.0308484,0.32238293462100004,0.03207539511,0.0,0.287,5.0702222949128455,5.0702223,0.08079532649179288,0.0,0.287,0.0,-0.0,0.0,1
2012-07-14 06:30:00+00:00,0.02969835,0.32106756205837506,0.030879601871249995,0.0,0.244,4.941801242281267,4.9418012,0.09233719491284553,0.0,0.244,0.0,-0.0,0.0,1
2012-07-14 07:00:00+00:00,0.0318693,0.32355059154825005,0.0331369014075,0.0,0.231,4.8202222949128455,4.8202223,0.09932184228126673,0.0,0.231,0.0,-0.0,0.0,1
2012-07-14 07:30:00+00:00,0.03356055,0.325484962963875,0.03489542087625,0.033,0.238,4.71232755807074,4.7123276,0.10268099491284577,0.0,0.205,0.0,-0.0,0.0,1
2012-07-14 08:00:00+00:00,0.0344646,0.3265189724115001,0.03583542946499999,0.138,0.308,4.622853873860214,4.6228539,0.09986425807074006,0.0,0.17,0.0,2.7755575615628914e-17,-4.973164861171718e-19,1
2012-07-14 08:30:00+00:00,0.0344646,0.3265189724115001,0.03583542946499999,0.28,0.357,4.58232755807074,4.5823276,0.08950677386021333,0.0,0.077,0.0,4.163336342344337e-17,-7.459747291757578e-19,1
2012-07-14 09:00:00+00:00,0.03439695,0.32644159755487506,0.03576508868625,0.363,0.449,4.537064400176003,4.5370644,0.07188725807074015,0.0,0.086,2.7755575615628914e-17,0.0,4.530287222510519e-18,1
2012-07-14 09:30:00+00:00,0.0359283,0.32819308294575006,0.0373573481325,0.429,0.459,4.521274926491793,4.5212749,0.04895800017600305,0.0,0.03,2.7755575615628914e-17,0.0,4.554593965113569e-18,1
2012-07-14 10:00:00+00:00,0.0372567,0.3297124437667501,0.03873858524249999,0.478,0.299,4.6062999264917925,4.6062999,0.023933626491792204,0.179,0.0,0.0,-0.0,0.0,1
2012-07-14 10:30:00+00:00,0.0358176,0.32806646954400004,0.03724224504,0.513,0.193,4.758299926491793,4.7582999,0.0005456264917924614,0.32,0.0,0.0,-0.0,0.0,1
2012-07-14 11:00:00+00:00,0.03442155,0.146069733866375,0.035790667151250004,0.537,0.171,4.9321499264917925,4.9321499,0.016094173508207632,0.366,0.0,0.0,-0.0,0.0,1
2012-07-14 11:30:00+00:00,0.0344154,0.1460626997885,0.035784272534999995,0.508,0.204,5.076549926491793,5.0765499,0.0261321735082074,0.304,0.0,0.0,-0.0,0.0,1
2012-07-14 12:00:00+00:00,0.03433545,0.145971256776125,0.03570114252375,0.378,0.256,5.1344999264917925,5.1344999,0.029015573508207382,0.122,0.0,0.0,-0.0,0.0,1
2012-07-14 12:30:00+00:00,0.0343908,0.146034563477,0.03575869406999999,0.548,0.543,5.136874926491792,5.1368749,0.02556777350820738,0.005,0.0,0.0,-0.0,0.0,1
2012-07-14 13:00:00+00:00,0.03439695,0.14604159755487503,0.03576508868625,0.471,0.661,5.036874926491793,5.0368749,0.017652373508207475,0.0,0.19,5.551115123125783e-17,0.0,4.0534686039615805e-18,1
2012-07-14 13:30:00+00:00,0.0340095,0.14559845064875,0.0353622278625,0.483,0.517,5.018980189649687,5.0189802,0.007498673508207432,0.0,0.034,2.7755575615628914e-17,0.0,2.0205844032498975e-18,1
2012-07-14 14:00:00+00:00,0.03390495,0.145478871324875,0.03525351938625,0.424,0.489,4.984769663333897,4.9847697,0.0033930896496867646,0.0,0.065,0.0,-0.0,0.0,1
2012-07-14 14:30:00+00:00,0.0339357,0.14551404171425,0.0352854924675,0.353,0.422,4.948453873860213,4.9484539,0.014657863333897403,0.0,0.069,0.0,-0.0,0.0,1
2012-07-14 15:00:00+00:00,0.03394185,0.145521075792125,0.03529188708375,0.278,0.389,4.890032821228634,4.8900328,0.02607887386021357,0.0,0.111,0.0,1.3877787807814457e-17,-2.4488666014281513e-19,1
2012-07-14 15:30:00+00:00,0.03394185,0.145521075792125,0.03529188708375,0.184,0.322,4.8174012422812655,4.8174012,0.039599521228634416,0.0,0.138,0.0,-0.0,0.0,1
2012-07-14 16:00:00+00:00,0.03404025,0.145633621038125,0.035394200943749995,0.067,0.197,4.748980189649687,4.7489802,0.057924042281265464,0.0,0.13,0.0,-0.0,0.0,1
2012-07-14 16:30:00+00:00,0.03464295,0.146322960669875,0.03602087333625,0.009,0.864,4.298980189649686,4.2989802,0.08361848964968654,0.0,0.855,0.0,-0.0,0.0,1
2012-07-14 17:00:00+00:00,0.03672165,0.148700478991625,0.038182253628749996,0.0,0.188,4.200032821228634,4.2000328,0.1181391896496864,0.0,0.188,0.0,-0.0,0.0,1
2012-07-14 17:30:00+00:00,0.03729975,0.149361682311875,0.03878334755625,0.0,0.328,4.0274012422812655,4.0274012,0.16106112122863347,0.0,0.328,0.0,-0.0,0.0,1
2012-07-14 18:00:00+00:00,0.04129725,0.153933832930625,0.04293984811875,0.0,1.231,3.37950650543916,3.3795065,0.20973544228126562,0.0,1.231,0.0,-0.0,0.0,1
2012-07-14 18:30:00+00:00,0.0409836,0.153575094959,0.04261372269,0.0,0.383,3.177927558070739,3.1779276,0.25950060543915976,0.0,0.383,0.0,-0.0,0.0,1
2012-07-14 19:00:00+00:00,0.03967365,0.152076836371625,0.04125166942875,0.0,0.171,3.087927558070739,3.0879276,0.30443265807073905,0.0,0.171,0.0,-0.0,0.0,1
2012-07-14 19:30:00+00:00,0.03729975,0.149361682311875,0.03878334755625,0.0,0.21,2.9774012422812652,2.9774012,0.33705155807073917,0.0,0.21,0.0,-0.0,0.0,1
2012-07-14 20:00:00+00:00,0.03451995,0.146182279112375,0.03589298101125,0.0,0.192,2.8763486107023177,2.8763486,0.3551079422812653,0.0,0.192,0.0,-0.0,0.0,1
2012-07-14 20:30:00+00:00,0.0345753,0.14624558581325,0.0359505325575,0.0,0.192,2.7752959791233702,2.775296,0.3560054107023176,0.0,0.192,0.0,-0.0,0.0,1
2012-07-14 21:00:00+00:00,0.03439695,0.14604159755487503,0.03576508868625,0.0,0.231,2.653717031754949,2.653717,0.3376394791233701,0.0,0.231,0.0,-0.0,0.0,1
2012-07-14 21:30:00+00:00,0.0343908,0.146034563477,0.03575869406999999,0.001,0.225,2.535822294912844,2.5358223,0.30342363175494924,0.0,0.224,0.0,-0.0,0.0,1
2012-07-14 22:00:00+00:00,0.0342924,0.14592201823099998,0.03565638021,0.0,0.199,2.4310854528075807,2.4310855,0.25900759491284386,0.0,0.199,0.0,-0.0,0.0,1
2012-07-14 22:30:00+00:00,0.03444615,0.146097870177875,0.03581624561625,0.0,1.568,1.6416117685970544,1.6416118,0.2108792528075809,0.0,1.5,0.06800000000000006,0.0,0.004967327586047755,1
2012-07-14 23:00:00+00:00,0.0343785,0.14602049532125,0.035745904837499995,0.0,0.207,1.5326644001760017,1.5326644,0.16545996859705436,0.0,0.207,0.0,-0.0,0.0,1
2012-07-14 23:30:00+00:00,0.03447075,0.14612600648937502,0.03584182408125,0.0,0.279,1.3858222949128438,1.3858223,0.12633940017600165,0.0,0.279,0.0,-0.0,0.0,1
2012-07-15 00:00:00+00:00,0.03451995,0.09668227911237502,0.03589298101125,0.0,0.303,1.3858222949128438,1.3858223,5.087156251804004e-09,0.0,0.0,0.303,0.0,0.014647365285524815,1
2012-07-15 00:30:00+00:00,0.0343785,0.09652049532125001,0.035745904837499995,0.0,0.257,1.3858222949128438,1.3858223,5.087156251804004e-09,0.0,0.0,0.257,0.0,0.012402883648780626,1
2012-07-15 01:00:00+00:00,0.0342555,0.09637981376375002,0.035618012512500005,0.0,0.25,1.3858222949128438,1.3858223,5.087156251804004e-09,0.0,0.0,0.25,0.0,0.012047476720468752,1
2012-07-15 01:30:00+00:00,0.03381885,0.09588039423462501,0.03516399475874999,0.0,0.232,1.6714663379128438,1.6714663,0.28564400508715626,0.60135588,0.0,0.8333558799999999,0.0,0.03995124515607142,1
2012-07-15 02:00:00+00:00,0.03326535,0.095247327225875,0.034588479296249995,0.0,0.211,2.3839663379128435,2.3839663,0.7124999620871562,1.5,0.0,1.711,0.0,0.08148408844173607,1
2012-07-15 02:30:00+00:00,0.0311313,0.09280650220325001,0.032369547457499995,0.0,0.21,3.0964663379128434,3.0964663,0.7124999620871564,1.5,0.0,1.71,0.0,0.07934955938377876,1
2012-07-15 03:00:00+00:00,0.03159255,0.093334058043875,0.03284914367625,0.0,0.23,3.8089663379128433,3.8089663,0.7124999620871564,1.5,0.0,1.73,0.0,0.08073396020795187,1
2012-07-15 03:30:00+00:00,0.0308361,0.09246886646525002,0.0320626058775,0.0,0.264,4.521466337912843,4.5214663,0.7124999620871568,1.5,0.0,1.764,0.0,0.08155754022235051,1
2012-07-15 04:00:00+00:00,0.0300612,0.091582572653,0.03125688423,0.0,0.229,5.233966337912843,5.2339663,0.7124999620871568,1.5,0.0,1.729,0.0,0.0791731340585185,1
2012-07-15 04:30:00+00:00,0.03046095,0.09203978771487499,0.03167253428625,0.0,0.198,5.9464663379128435,5.9464663,0.7124999620871568,1.5,0.0,1.698,0.0,0.07814177976992887,1
2012-07-15 05:00:00+00:00,0.02870205,0.31992804144262504,0.029843674038749997,0.0,0.247,5.816466337912844,5.8164663,0.07119443791284308,0.0,0.247,0.0,-0.0,0.0,1
2012-07-15 05:30:00+00:00,0.03016575,0.32160215197687503,0.03136559270625,0.0,0.221,5.70015054843916,5.7001505,0.07275543791284367,0.0,0.221,0.0,-0.0,0.0,1
2012-07-15 06:00:00+00:00,0.0262113,0.31707923990325004,0.027253854457499997,0.0,0.207,5.591203180018107,5.5912032,0.08071304843915961,0.0,0.207,0.0,-0.0,0.0,1
2012-07-15 06:30:00+00:00,0.027921,0.3190347135525,0.029031557774999998,0.0,0.221,5.474887390544423,5.4748874,0.09250718001810743,0.0,0.221,0.0,-0.0,0.0,1
2012-07-15 07:00:00+00:00,0.030996,0.32255175249000007,0.0322288659,0.0,0.193,5.373308443176002,5.3733084,0.09975899054442294,0.0,0.193,0.0,-0.0,0.0,1
2012-07-15 07:30:00+00:00,0.0313773,0.3229878653182501,0.032625332107499995,0.035,0.224,5.273834758965476,5.2738348,0.10339034317600238,0.0,0.189,0.0,-0.0,0.0,1
2012-07-15 08:00:00+00:00,0.03223215,0.323965602142875,0.03351418376625,0.167,0.39,5.156466337912844,5.1564663,0.10084905896547625,0.0,0.223,0.0,-0.0,0.0,1
2012-07-15 08:30:00+00:00,0.03445845,0.326511938333625,0.035829034848750003,0.283,0.205,5.193516337912844,5.1935163,0.09076673791284406,0.078,0.0,0.0,-0.0,0.0,1
2012-07-15 09:00:00+00:00,0.03411405,0.326118029972625,0.035470936338749995,0.367,0.265,5.241966337912844,5.2419663,0.07341803791284374,0.102,0.0,0.0,-0.0,0.0,1
2012-07-15 09:30:00+00:00,0.0344646,0.3265189724115001,0.03583542946499999,0.433,0.146,5.378291337912844,5.3782913,0.05075103791284441,0.287,0.0,0.0,5.551115123125783e-17,-9.946329722343437e-19,1
2012-07-15 10:00:00+00:00,0.03451995,0.32658227911237503,0.03589298101125,0.482,0.961,5.1261860747549495,5.1261861,0.0259761379128447,0.0,0.479,0.0,-0.0,0.0,1
2012-07-15 10:30:00+00:00,0.0344523,0.32650490425575,0.035822640232499994,0.522,0.279,5.24161107475495,5.2416111,0.002821774754949047,0.243,0.0,0.0,-0.0,0.0,1
2012-07-15 11:00:00+00:00,0.03443385,0.146083802022125,0.03580345638375,0.549,1.25,4.872663706333897,4.8726637,0.013845525245050005,0.0,0.701,0.0,-0.0,0.0,1
2012-07-15 11:30:00+00:00,0.03417555,0.145788370751375,0.03553488250125,0.565,2.227,4.635571790544423,4.6355718,0.023706393666103054,0.0,0.45047464,1.21152536,0.0,0.08831315417918653,1
2012-07-15 12:00:00+00:00,0.0341202,0.1457250640505,0.035477330955000004,0.57,1.469,4.635571790544423,4.6355718,0.02643030945557623,0.0,0.0,0.8990000000000001,0.0,0.06550341629069976,1
2012-07-15 12:30:00+00:00,0.03394185,0.145521075792125,0.03529188708375,0.566,0.537,4.649346790544423,4.6493468,0.022840509455576807,0.029,0.0,1.1102230246251565e-16,0.0,8.078042445631983e-18,1
2012-07-15 13:00:00+00:00,0.03388035,0.145450735013375,0.03522794092124999,0.529,0.312,4.752421790544423,4.7524218,0.014799809455576352,0.217,0.0,0.0,-0.0,0.0,1
2012-07-15 13:30:00+00:00,0.03360975,0.145141235586875,0.03494657780625,0.485,0.254,4.862146790544423,4.8621468,0.00453720945557734,0.231,0.0,0.0,-0.0,0.0,1
2012-07-15 14:00:00+00:00,0.0338865,0.14545776909125002,0.0352343355375,0.419,0.25,4.942421790544423,4.9424218,0.006777590544422729,0.169,0.0,5.551115123125783e-17,0.0,4.03726410889288e-18,1
2012-07-15 14:30:00+00:00,0.0332961,0.14478249761525003,0.0346204523775,0.36,0.221,5.008446790544423,5.0084468,0.018128590544423062,0.139,0.0,0.0,-0.0,0.0,1
2012-07-15 15:00:00+00:00,0.0336036,0.145134201509,0.034940183189999995,0.282,0.227,5.034571790544423,5.0345718,0.029619890544423377,0.055,0.0,5.551115123125783e-17,0.0,4.0282833043969734e-18,1
2012-07-15 15:30:00+00:00,0.0340464,0.14564065511600002,0.03540059556,0.193,0.204,5.028782316860213,5.0287823,0.043195990544423246,0.0,0.011,0.0,1.734723475976807e-17,-3.070512209074616e-19,1
2012-07-15 16:00:00+00:00,0.03431085,0.14594312046462501,0.03567556405875,0.068,0.186,4.966677053702319,4.9666771,0.06156311686021354,0.0,0.118,0.0,-0.0,0.0,1
2012-07-15 16:30:00+00:00,0.0344523,0.14610490425574998,0.035822640232499994,0.006,0.326,4.79825600107074,4.798256,0.08728945370231855,0.0,0.32,0.0,-0.0,0.0,1
2012-07-15 17:00:00+00:00,0.03677085,0.148756751614625,0.03823341055875,0.0,0.287,4.647203369491793,4.6472034,0.12183380107074004,0.0,0.287,0.0,-0.0,0.0,1
2012-07-15 17:30:00+00:00,0.04092825,0.153511788258125,0.042556171143749995,0.0,0.356,4.459834948439162,4.4598349,0.16477366949179295,0.0,0.356,0.0,-0.0,0.0,1
2012-07-15 18:00:00+00:00,0.0563094,0.1711040170235,0.058549106385,0.0,0.329,4.28667705370232,4.2866771,0.2134621484391621,0.0,0.329,0.0,-0.0,0.0,1
2012-07-15 18:30:00+00:00,0.05283465,0.167129763024125,0.05493614820374999,0.0,0.333,4.111413895807583,4.1114139,0.26323905370232037,0.0,0.333,0.0,-0.0,0.0,1
2012-07-15 19:00:00+00:00,0.04690605,0.16034891195262502,0.04877173813874999,0.0,0.231,3.9898349484391624,3.9898349,0.30818029580758344,0.0,0.231,0.0,-0.0,0.0,1
2012-07-15 19:30:00+00:00,0.0440217,0.15704992942924997,0.04577266311749999,0.0,0.218,3.8750981063338994,3.8750981,0.3408083484391624,0.0,0.218,0.0,-0.0,0.0,1
2012-07-15 20:00:00+00:00,0.04156785,0.154243332357125,0.04322121123375,0.0,0.228,3.7550981063338993,3.7550981,0.35886530633389935,0.0,0.228,0.0,-0.0,0.0,1
2012-07-15 20:30:00+00:00,0.0418815,0.15460207032875,0.0435473366625,0.0,0.212,3.643519158965478,3.6435192,0.35975230633389943,0.0,0.212,0.0,-0.0,0.0,1
2012-07-15 21:00:00+00:00,0.0406146,0.1531530502865,0.042230045715,0.0,0.225,3.5250981063338993,3.5250981,0.34136765896547816,0.0,0.225,0.0,-0.0,0.0,1
2012-07-15 21:30:00+00:00,0.03806235,0.150233907968375,0.03957627997125,0.0,1.058,2.9682560010707415,2.968256,0.3071218063338992,0.0,1.058,0.0,-0.0,0.0,1
2012-07-15 22:00:00+00:00,0.0350058,0.1467379712645,0.036398155695,0.0,0.755,2.57088758001811,2.5708876,0.2626625010707415,0.0,0.755,0.0,-0.0,0.0,1
2012-07-15 22:30:00+00:00,0.0370968,0.14912955774199999,0.038572325219999995,0.0,0.216,2.4572033694917943,2.4572034,0.21447758001811001,0.0,0.216,0.0,-0.0,0.0,1
2012-07-15 23:00:00+00:00,0.0357807,0.14762426507675,0.0372038773425,0.001,0.121,2.394045474754952,2.3940455,0.16898946949179416,0.0,0.12,0.0,-0.0,0.0,1
2012-07-15 23:30:00+00:00,0.0349566,0.14668169864150002,0.036346998765,0.0,0.153,2.3135191589654784,2.3135192,0.129792974754952,0.0,0.153,0.0,-0.0,0.0,1
2012-07-16 00:00:00+00:00,0.03432315,0.096457188620375,0.035688353291249995,0.0,0.134,2.3135191589654784,2.3135192,4.1034521558458437e-08,0.0,0.0,0.134,0.0,0.006462631637565126,1
2012-07-16 00:30:00+00:00,0.03391725,0.09599293948062503,0.03526630861875,0.0,0.165,2.5355881047154782,2.5355881,0.22206894103452157,0.46751357,0.0,0.63251357,0.0,0.030358418422842037,1
2012-07-16 01:00:00+00:00,0.0343293,0.09646422269825002,0.0356947479075,0.0,0.148,2.5355881047154782,2.5355881,4.715478230110648e-09,0.0,0.0,0.148,0.0,0.007138352479670501,1
2012-07-16 01:30:00+00:00,0.033948,0.09602810987000002,0.035298281699999996,0.0,0.195,2.757657050465478,2.7576571,0.22206899528452162,0.46751357,0.0,0.66251357,0.0,0.03180996294516297,1
2012-07-16 02:00:00+00:00,0.03330225,0.09528953169312501,0.034626846993749995,0.0,0.249,3.470157050465478,3.4701571,0.7125000495345222,1.5,0.0,1.749,0.0,0.08333069546563783,1
2012-07-16 02:30:00+00:00,0.0323613,0.09421331777825001,0.0336484707075,0.0,0.205,4.182657050465478,4.1826571,0.7125000495345222,1.5,0.0,1.705,0.0,0.08031685340595814,1
2012-07-16 03:00:00+00:00,0.0321276,0.09394602281900001,0.03340547529,0.0,0.164,4.895157050465478,4.8951571,0.7125000495345217,1.5,0.0,1.664,0.0,0.07816309098540801,1
2012-07-16 03:30:00+00:00,0.0312912,0.09298938822800001,0.03253580748,0.0,0.214,5.607657050465479,5.6076571,0.7125000495345217,1.5,0.0,1.714,0.0,0.079691905711396,1
2012-07-16 04:00:00+00:00,0.03089145,0.09253217316612501,0.03212015742375,0.0,0.168,6.320157050465479,6.3201571,0.7125000495345217,1.5,0.0,1.668,0.0,0.07717183242054826,1
2012-07-16 04:30:00+00:00,0.0330747,0.09502927081175,0.034390246192499994,0.0,0.2,7.032657050465479,7.0326571,0.7125000495345208,1.5,0.0,1.7,0.0,0.08077488018998749,1
2012-07-16 05:00:00+00:00,0.034071,0.3260687914275,0.035426174025,0.0,0.197,6.9289728399391635,6.9289728,0.07318325046547969,0.0,0.197,0.0,-0.0,0.0,1
2012-07-16 05:30:00+00:00,0.0347721,0.32687067630525,0.0361551602775,0.0,0.169,6.840025471518111,6.8400255,0.0745616399391631,0.0,0.169,0.0,-0.0,0.0,1
2012-07-16 06:00:00+00:00,0.0349935,0.32712390310875006,0.0363853664625,0.0,0.192,6.738972839939163,6.7389728,0.0823302715181109,0.0,0.192,0.0,-0.0,0.0,1
2012-07-16 06:30:00+00:00,0.03774255,0.33026813591887505,0.039243759926249996,0.0,0.142,6.6642359978339,6.664236,0.09393413993916333,0.0,0.142,0.0,-0.0,0.0,1
2012-07-16 07:00:00+00:00,0.042804,0.33605718201,0.0445065291,0.0,0.14,6.590551787307584,6.5905518,0.10101059783389932,0.0,0.14,0.0,-0.0,0.0,1
2012-07-16 07:30:00+00:00,0.04277325,0.33602201162062506,0.04447455601874999,0.037,0.537,6.327393892570742,6.3273939,0.10447238730758368,0.0,0.5,0.0,-0.0,0.0,1
2012-07-16 08:00:00+00:00,0.04704135,0.34090366166587505,0.04891241969625,0.172,1.433,5.663709682044426,5.6637097,0.10176599257074148,0.0,1.261,2.220446049250313e-16,0.0,3.784790943604788e-17,1
2012-07-16 08:30:00+00:00,0.0483267,0.34237378394175005,0.0502488944925,0.282,1.07,5.248972839939163,5.2489728,0.09152088204442599,0.0,0.788,0.0,-0.0,0.0,1
2012-07-16 09:00:00+00:00,0.04705365,0.34091772982162505,0.04892520892875,0.368,0.492,5.183709682044426,5.1837097,0.07400833993916311,0.0,0.124,0.0,-0.0,0.0,1
2012-07-16 09:30:00+00:00,0.0467646,0.3405871281615,0.048624661964999996,0.435,0.459,5.171078103097058,5.1710781,0.05117288204442616,0.0,0.024,2.0816681711721685e-17,0.0,3.544946921023653e-18,1
2012-07-16 10:00:00+00:00,0.04634025,0.34010177678812503,0.04818343344374999,0.49,0.38,5.2233281030970575,5.2233281,0.026221803097057794,0.11,0.0,0.0,-0.0,0.0,1
2012-07-16 10:30:00+00:00,0.0456576,0.3393209941440001,0.04747363104,0.529,0.57,5.201749155728637,5.2017492,0.002881303097057142,0.0,0.041,0.0,7.632783294297951e-17,-1.8117796896088833e-18,1
2012-07-16 11:00:00+00:00,0.0416601,0.15434884352525,0.04331713047749999,0.551,0.256,5.341874155728637,5.3418742,0.013970144271363338,0.295,0.0,0.0,1.1102230246251565e-16,-2.4045837808406297e-18,1
2012-07-16 11:30:00+00:00,0.04076835,0.153328902233375,0.04238991112125,0.563,0.457,5.392224155728637,5.3922242,0.024019944271363336,0.106,0.0,1.1102230246251565e-16,0.0,8.511463879999626e-18,1
2012-07-16 12:00:00+00:00,0.03978435,0.152203449773375,0.041366772521250005,0.561,0.46,5.440199155728637,5.4401992,0.026942644271363392,0.101,0.0,0.0,-0.0,0.0,1
2012-07-16 12:30:00+00:00,0.03605745,0.147940798581125,0.037491635073749995,0.552,0.228,5.594099155728637,5.5940992,0.023560644271363174,0.324,0.0,0.0,-0.0,0.0,1
2012-07-16 13:00:00+00:00,0.0344892,0.14614710872300002,0.035861007929999994,0.502,0.258,5.709999155728637,5.7099992,0.01573564427136276,0.244,0.0,0.0,-0.0,0.0,1
2012-07-16 13:30:00+00:00,0.0347721,0.14647067630525,0.0361551602775,0.469,0.396,5.744674155728637,5.7446742,0.0056950442713628036,0.073,0.0,5.551115123125783e-17,0.0,4.065377931662673e-18,1
2012-07-16 14:00:00+00:00,0.0346245,0.14630185843625002,0.0360016894875,0.403,0.286,5.800249155728637,5.8002492,0.005242955728636645,0.117,0.0,0.0,5.551115123125783e-17,-9.992476148606989e-19,1
2012-07-16 14:30:00+00:00,0.0342555,0.14587981376375,0.035618012512500005,0.35,0.219,5.862474155728637,5.8624742,0.016338055728637002,0.131,0.0,0.0,-0.0,0.0,1
2012-07-16 15:00:00+00:00,0.034194,0.14580947298500002,0.03555406635,0.28,0.234,5.8843241557286365,5.8843242,0.027570755728636875,0.046,0.0,0.0,-0.0,0.0,1
2012-07-16 15:30:00+00:00,0.0340587,0.14565472327175,0.035413384792499995,0.191,0.202,5.878534682044426,5.8785347,0.04088775572863668,0.0,0.011,1.0408340855860843e-17,0.0,7.580120035392303e-19,1
2012-07-16 16:00:00+00:00,0.034686,0.146372199215,0.03606563565,0.095,0.63,5.596955734676006,5.5969557,0.058997782044426295,0.0,0.535,0.0,-0.0,0.0,1
2012-07-16 16:30:00+00:00,0.0368262,0.14882005831550002,0.038290962105000007,0.008,0.421,5.379587313623374,5.3795873,0.084471734676006,0.0,0.413,0.0,-0.0,0.0,1
2012-07-16 17:00:00+00:00,0.0376257,0.14973448843925,0.039122262217499995,0.0,0.274,5.235376787307585,5.2353768,0.11877191362337403,0.0,0.274,0.0,-0.0,0.0,1
2012-07-16 17:30:00+00:00,0.0412665,0.15389866254125,0.042907875037499994,0.0,0.213,5.12327152414969,5.1232715,0.1614789873075848,0.0,0.213,0.0,-0.0,0.0,1
2012-07-16 18:00:00+00:00,0.0482898,0.16193157947450001,0.050210526795,0.0,0.25,4.9916925767812685,4.9916926,0.20994862414968996,0.0,0.25,0.0,-0.0,0.0,1
2012-07-16 18:30:00+00:00,0.04855425,0.162234044823125,0.050485495293749995,0.0,0.452,4.753797839939163,4.7537978,0.2595221767812683,0.0,0.452,0.0,-0.0,0.0,1
2012-07-16 19:00:00+00:00,0.047355,0.1608623996375,0.049238545125,0.0,1.82,3.9643241557286366,3.9643242,0.30427653993916337,0.0,1.5,0.32000000000000006,0.0,0.025737983942,1
2012-07-16 19:30:00+00:00,0.0408114,0.1533781407785,0.042434673434999994,0.0,1.067,3.4027452083602157,3.4027452,0.3367369557286368,0.0,1.067,0.0,-0.0,0.0,1
2012-07-16 20:00:00+00:00,0.0407376,0.153293731844,0.042357938039999994,0.0,0.667,3.051692576781268,3.0516926,0.3546378083602155,0.0,0.667,0.0,-0.0,0.0,1
2012-07-16 20:30:00+00:00,0.0414387,0.15409561672175,0.043086924292499995,0.0,0.627,2.721692576781268,2.7216926,0.3553778767812683,0.0,0.627,0.0,-0.0,0.0,1
2012-07-16 21:00:00+00:00,0.0408114,0.1533781407785,0.042434673434999994,0.0,0.605,2.403271524149689,2.4032715,0.33685867678126824,0.0,0.605,0.0,-0.0,0.0,1
2012-07-16 21:30:00+00:00,0.0380439,0.15021280573475002,0.039557096122499996,0.0,0.586,2.09485047151811,2.0948505,0.3024883241496892,0.0,0.586,0.0,-0.0,0.0,1
2012-07-16 22:00:00+00:00,0.03562695,0.147448413129875,0.03704401193624999,0.0,1.428,1.3736547346760046,1.3736547,0.25791277151811,0.0,1.3702719,0.05772809999999984,0.0,0.004255958369001356,1
2012-07-16 22:30:00+00:00,0.0438864,0.156895179716,0.04563198156,0.0,0.815,1.0,1.0,0.2096203346760046,0.0,0.709944,0.10505599999999993,0.0,0.008241390000122042,1
2012-07-16 23:00:00+00:00,0.0363465,0.14827140024125,0.0377921820375,0.0,0.247,1.0,1.0,0.0,0.0,0.0,0.247,0.0,0.018311517929794373,1
2012-07-16 23:30:00+00:00,0.0352641,0.14703340253525,0.036666729577499994,0.0,0.175,1.0,1.0,0.0,0.0,0.0,0.175,0.0,0.012865422721834373,1
2012-07-17 00:00:00+00:00,0.0357192,0.098053924298,0.037139931179999995,0.0,0.237,1.0,1.0,0.0,0.0,0.0,0.237,0.0,0.011619390029313,1
2012-07-17 00:30:00+00:00,0.03433545,0.096471256776125,0.03570114252375,0.0,0.195,1.0,1.0,0.0,0.0,0.0,0.195,0.0,0.009405947535672188,1
2012-07-17 01:00:00+00:00,0.03436005,0.09649939308762502,0.03572672098875,0.0,0.219,1.0,1.0,0.0,0.0,0.0,0.219,0.0,0.01056668354309494,1
2012-07-17 01:30:00+00:00,0.0342801,0.09640795007524999,0.03564359097749999,0.0,0.189,1.199698284,1.1996983,0.1996983000000001,0.42041744,0.0,0.60941744,0.0,0.029376343065253326,1
2012-07-17 02:00:00+00:00,0.03406485,0.09616175734962502,0.03541977940875,0.0,0.204,1.9121982839999998,1.9121983,0.7125000160000001,1.5,0.0,1.704,0.0,0.08192981726188052,1
2012-07-17 02:30:00+00:00,0.03343755,0.09544428140637501,0.03476752855125,0.0,0.2,2.624698284,2.6246983,0.7125000160000001,1.5,0.0,1.7,0.0,0.08112763919541875,1
2012-07-17 03:00:00+00:00,0.0328779,0.09480418031975,0.0341856184725,0.0,0.214,3.337198284,3.3371983,0.7125000159999999,1.5,0.0,1.714,0.0,0.08124718253402576,1
2012-07-17 03:30:00+00:00,0.03204765,0.093854579806625,0.03332234527874999,0.0,0.181,4.049698284,4.0496983,0.7125000160000003,1.5,0.0,1.681,0.0,0.07888477432746831,1
2012-07-17 04:00:00+00:00,0.0319431,0.09373500048275,0.0332136368025,0.0,0.174,4.762198284,4.7621983,0.7125000159999999,1.5,0.0,1.674,0.0,0.07845619540406175,1
2012-07-17 04:30:00+00:00,0.0319062,0.09369279601550001,0.033175269105,0.0,0.143,5.4746982840000005,5.4746983,0.7125000159999999,1.5,0.0,1.643,0.0,0.07696863192673326,1
2012-07-17 05:00:00+00:00,0.03293325,0.324767487020625,0.03424317001874999,0.0,0.165,5.387856178736842,5.3878562,0.06810038400000007,0.0,0.165,0.0,-0.0,0.0,1
2012-07-17 05:30:00+00:00,0.0340095,0.32599845064875,0.0353622278625,0.0,0.162,5.302593020842106,5.302593,0.06955837873684256,0.0,0.162,0.0,-0.0,0.0,1
2012-07-17 06:00:00+00:00,0.03223215,0.323965602142875,0.03351418376625,0.0,0.148,5.2246982840000005,5.2246983,0.07742092084210572,0.0,0.148,0.0,-0.0,0.0,1
2012-07-17 06:30:00+00:00,0.03589755,0.32815791255637505,0.03732537505125,0.0,0.227,5.105224599789474,5.1052246,0.08913838400000085,0.0,0.227,0.0,-0.0,0.0,1
2012-07-17 07:00:00+00:00,0.041574,0.33465036643500007,0.043227605849999996,0.0,0.458,4.864171968210527,4.864172,0.09636299978947349,0.0,0.458,0.0,-0.0,0.0,1
2012-07-17 07:30:00+00:00,0.04426155,0.337724258466375,0.04602205315124999,0.041,1.263,4.221014073473684,4.2210141,0.09999836821052632,0.0,1.222,0.0,-0.0,0.0,1
2012-07-17 08:00:00+00:00,0.0523365,0.34696000271625005,0.0544181842875,0.18,1.531,3.509961441894737,3.5099614,0.0974890734736844,0.0,1.351,0.0,-0.0,0.0,1
2012-07-17 08:30:00+00:00,0.05092815,0.345349198882875,0.05295381716624999,0.282,1.558,2.838382494526316,2.8383825,0.08746164189473671,0.0,1.276,0.0,-0.0,0.0,1
2012-07-17 09:00:00+00:00,0.04312995,0.336429988137375,0.04484544376125,0.364,0.625,2.7010140734736847,2.7010141,0.07018339452631617,0.0,0.261,0.0,-0.0,0.0,1
2012-07-17 09:30:00+00:00,0.0414387,0.33449561672175004,0.043086924292499995,0.429,0.508,2.659435126105264,2.6594351,0.04759467347368451,0.0,0.079,1.3877787807814457e-17,0.0,2.32102959575424e-18,1
2012-07-17 10:00:00+00:00,0.04076835,0.33372890223337504,0.04238991112125,0.478,0.26,2.7629851261052636,2.7629851,0.022898826105263836,0.218,0.0,0.0,-0.0,0.0,1
2012-07-17 10:30:00+00:00,0.04025175,0.333138039691875,0.041852763356249996,0.517,0.175,2.925435126105264,2.9254351,0.00016347389473647667,0.342,0.0,0.0,-0.0,0.0,1
2012-07-17 11:00:00+00:00,0.03562695,0.147448413129875,0.03704401193624999,0.549,0.218,3.0826601261052637,3.0826601,0.016495873894736057,0.331,0.0,0.0,-0.0,0.0,1
2012-07-17 11:30:00+00:00,0.03449535,0.146154142800875,0.03586740254625,0.57,0.181,3.267435126105264,3.2674351,0.026305573894736423,0.389,0.0,1.1102230246251565e-16,0.0,8.113184724094224e-18,1
2012-07-17 12:00:00+00:00,0.0344769,0.14613304056725002,0.035848218697499996,0.573,0.365,3.3662351261052637,3.3662351,0.028986673894736192,0.208,0.0,0.0,-0.0,0.0,1
2012-07-17 12:30:00+00:00,0.03442155,0.146069733866375,0.035790667151250004,0.566,0.193,3.5434101261052637,3.5434101,0.025361173894736133,0.373,0.0,1.1102230246251565e-16,0.0,8.108499086965926e-18,1
2012-07-17 13:00:00+00:00,0.0336651,0.14520454228775,0.035004129352499996,0.518,0.277,3.657885126105264,3.6578851,0.01729047389473637,0.241,0.0,0.0,-0.0,0.0,1
2012-07-17 13:30:00+00:00,0.03364665,0.14518344005412498,0.034984945503749997,0.49,0.214,3.788985126105264,3.7889851,0.007001573894735991,0.276,0.0,0.0,-0.0,0.0,1
2012-07-17 14:00:00+00:00,0.03343755,0.144944281406375,0.03476752855125,0.426,0.185,3.903460126105264,3.9034601,2.6105263728481987e-08,0.241,0.0,0.0,-0.0,0.0,1
2012-07-17 14:30:00+00:00,0.0330501,0.14450113450025,0.0343646677275,0.354,0.209,3.9723351261052637,3.9723351,2.6105263728481987e-08,0.145,0.0,0.0,-0.0,0.0,1
2012-07-17 15:00:00+00:00,0.03287175,0.144297146241875,0.034179223856249996,0.253,0.192,4.001310126105264,4.0013101,2.6105263728481987e-08,0.061,0.0,0.0,-0.0,0.0,1
2012-07-17 15:30:00+00:00,0.0331485,0.14461367974624997,0.034466981587499994,0.082,0.332,4.001310126105264,4.0013101,2.6105263728481987e-08,0.0,0.0,0.25,0.0,0.018076709968281247,1
2012-07-17 16:00:00+00:00,0.03376965,0.145324121611625,0.03511283782875,0.097,0.93,4.001310126105264,4.0013101,2.6105263728481987e-08,0.0,0.0,0.8330000000000001,0.0,0.06052749665124182,1
2012-07-17 16:30:00+00:00,0.0342678,0.1458938819195,0.035630801744999996,0.009,0.883,4.001310126105264,4.0013101,2.6105263728481987e-08,0.0,0.0,0.874,0.0,0.0637556263988215,1
2012-07-17 17:00:00+00:00,0.03568845,0.14751875390862498,0.03710795809874999,0.001,0.454,3.8578087892631587,3.8578088,0.1193874261052641,0.0,0.27265254,0.18034746000000001,0.0,0.013302316284892795,1
2012-07-17 17:30:00+00:00,0.0417093,0.15440511614825,0.04336828740749999,0.0,0.198,3.7535982629473694,3.7535983,0.16242528926315858,0.0,0.198,0.0,-0.0,0.0,1
2012-07-17 18:00:00+00:00,0.0576747,0.17266558231174997,0.059968711192499996,0.0,0.204,3.646229841894738,3.6462298,0.21123986294736952,0.0,0.204,0.0,-0.0,0.0,1
2012-07-17 18:30:00+00:00,0.0560142,0.1707663812855,0.058242164804999996,0.0,0.518,3.3735982629473695,3.3735983,0.2611732418947379,0.0,0.518,0.0,-0.0,0.0,1
2012-07-17 19:00:00+00:00,0.04940295,0.16320474756987502,0.051367952336249995,0.0,0.3,3.215703526105264,3.2157035,0.30630196294736933,0.0,0.3,0.0,-0.0,0.0,1
2012-07-17 19:30:00+00:00,0.0443907,0.15747197410174998,0.04615634009249999,0.0,0.193,3.1141245787368432,3.1141246,0.33915272610526426,0.0,0.193,0.0,-0.0,0.0,1
2012-07-17 20:00:00+00:00,0.0453747,0.15859742656175,0.04717947869249999,0.0,0.203,3.007282473473685,3.0072825,0.3574512787368431,0.0,0.203,0.0,-0.0,0.0,1
2012-07-17 20:30:00+00:00,0.04322835,0.156142533383375,0.044947757621249994,0.0,0.221,2.890966684000001,2.8909667,0.35859277347368534,0.0,0.221,0.0,-0.0,0.0,1
2012-07-17 21:00:00+00:00,0.04156785,0.154243332357125,0.04322121123375,0.0,0.178,2.797282473473685,2.7972825,0.3404811840000006,0.0,0.178,0.0,-0.0,0.0,1
2012-07-17 21:30:00+00:00,0.03694305,0.148953705795125,0.038412459813749994,0.0,0.217,2.6830719471578957,2.6830719,0.30652047347368505,0.0,0.217,0.0,-0.0,0.0,1
2012-07-17 22:00:00+00:00,0.03463065,0.146308892514125,0.03600808410375,0.0,1.602,1.8935982629473693,1.8935983,0.2623543471578955,0.0,1.5,0.10200000000000009,0.0,0.007461753518220381,1
2012-07-17 22:30:00+00:00,0.03715215,0.149192864442875,0.03862987676625,0.0,0.789,1.4783351050526323,1.4783351,0.21447006294736926,0.0,0.789,0.0,-0.0,0.0,1
2012-07-17 23:00:00+00:00,0.0346614,0.14634406290350002,0.036040057185,0.0,0.208,1.368861420842106,1.3688614,0.16929110505263223,0.0,0.208,0.0,-0.0,0.0,1
2012-07-17 23:30:00+00:00,0.03543015,0.14722332263787502,0.03683938421625,0.0,0.237,1.2441245787368427,1.2441246,0.13042222084210597,0.0,0.237,0.0,-0.0,0.0,1
2012-07-18 00:00:00+00:00,0.03347445,0.09548648587362503,0.03480589624875,0.0,0.176,1.2538228755618426,1.2538229,2.1263157234940877e-08,0.020417467,0.0,0.19641746699999998,0.0,0.009377606844014355,1
2012-07-18 00:30:00+00:00,0.0337143,0.09576081491075002,0.0350552862825,0.0,0.235,1.2635211723868425,1.2635212,2.4438157497641555e-08,0.020417467,0.0,0.255417467,0.0,0.0122294923911798,1
2012-07-18 01:00:00+00:00,0.03404025,0.096133621038125,0.035394200943749995,0.0,0.282,1.2635211723868425,1.2635212,2.7613157538297628e-08,0.0,0.0,0.282,0.0,0.013554840566375624,1
2012-07-18 01:30:00+00:00,0.0332469,0.09522622499225,0.0345692954475,0.0,0.214,1.7221982961368425,1.7221983,0.7125000276131574,0.96563605,0.0,1.17963605,0.0,0.05616614395313454,1
2012-07-18 02:00:00+00:00,0.0324351,0.09429772671275001,0.0337252061025,0.0,0.196,2.434698296136842,2.4346983,0.7125000038631575,1.5,0.0,1.696,0.0,0.079964472252412,1
2012-07-18 02:30:00+00:00,0.03215835,0.09398119320837502,0.03343744837125,0.0,0.241,3.147198296136842,3.1471983,0.7125000038631577,1.5,0.0,1.741,0.0,0.08181062868789046,1
2012-07-18 03:00:00+00:00,0.0310944,0.09276429773600002,0.03233117976,0.0,0.283,3.859698296136842,3.8596983,0.7125000038631577,1.5,0.0,1.783,0.0,0.08269937143164402,1
2012-07-18 03:30:00+00:00,0.0311559,0.09283463851475002,0.0323951259225,0.0,0.262,4.5721982961368415,4.5721983,0.7125000038631581,1.5,0.0,1.762,0.0,0.08178731653149476,1
2012-07-18 04:00:00+00:00,0.0305901,0.09218750335025,0.0318068212275,0.0,0.24,5.284698296136842,5.2846983,0.7125000038631581,1.5,0.0,1.74,0.0,0.0802031279147175,1
2012-07-18 04:30:00+00:00,0.03075,0.092370389375,0.03197308124999999,0.0,0.237,5.997198296136842,5.9971983,0.7125000038631581,1.5,0.0,1.737,0.0,0.0802236831721875,1
2012-07-18 05:00:00+00:00,0.0313896,0.323001933474,0.03263812133999999,0.0,0.207,5.88825092771579,5.8882509,0.07807649613684209,0.0,0.207,0.0,-0.0,0.0,1
2012-07-18 05:30:00+00:00,0.03364665,0.325583440054125,0.034984945503749997,0.0,0.215,5.775093032978948,5.775093,0.07989042771578969,0.0,0.215,0.0,-0.0,0.0,1
2012-07-18 06:00:00+00:00,0.03060855,0.32210860558387505,0.031826005076250004,0.0,0.207,5.666145664557895,5.6661457,0.08810043297894765,0.0,0.207,0.0,-0.0,0.0,1
2012-07-18 06:30:00+00:00,0.0343539,0.32639235900975005,0.03572032637249999,0.0,0.231,5.544566717189474,5.5445667,0.10016106455789497,0.0,0.231,0.0,-0.0,0.0,1
2012-07-18 07:00:00+00:00,0.0379947,0.33055653311175004,0.03950593919249999,0.0,0.27,5.402461454031579,5.4024615,0.10773951718947394,0.0,0.27,0.0,-0.0,0.0,1
2012-07-18 07:30:00+00:00,0.0374289,0.32990939794725005,0.0389176344975,0.004,0.232,5.282461454031579,5.2824615,0.11172935403157958,0.0,0.228,0.0,-0.0,0.0,1
2012-07-18 08:00:00+00:00,0.04058385,0.333517879897125,0.04219807263374999,0.024,0.662,4.946671980347369,4.946672,0.10957315403157875,0.0,0.638,0.0,-0.0,0.0,1
2012-07-18 08:30:00+00:00,0.04054695,0.333475675429875,0.04215970493624999,0.055,1.272,4.306145664557895,4.3061457,0.09989368034736845,0.0,1.217,0.0,-0.0,0.0,1
2012-07-18 09:00:00+00:00,0.0392001,0.33193521237525003,0.0407592839775,0.123,0.25,4.239303559294737,4.2393036,0.08295426455789467,0.0,0.127,0.0,-0.0,0.0,1
2012-07-18 09:30:00+00:00,0.0391755,0.33190707606375003,0.0407337055125,0.238,0.391,4.158777243505264,4.1587772,0.06069055929473688,0.0,0.153,2.7755575615628914e-17,0.0,4.606135973524856e-18,1
2012-07-18 10:00:00+00:00,0.03686925,0.329269296860625,0.038335724418749995,0.471,0.185,4.294627243505263,4.2946272,0.03630204350526345,0.286,0.0,0.0,-0.0,0.0,1
2012-07-18 10:30:00+00:00,0.034563,0.32663151765750004,0.035937743325,0.529,0.2,4.450902243505263,4.4509022,0.013508143505263526,0.329,0.0,0.0,-0.0,0.0,1
2012-07-18 11:00:00+00:00,0.0347598,0.14645660814949998,0.036142371044999996,0.554,0.188,4.624752243505263,4.6247522,0.003904256494736913,0.366,0.0,0.0,-0.0,0.0,1
2012-07-18 11:30:00+00:00,0.03437235,0.146013461243375,0.03573951022125,0.576,0.225,4.791477243505263,4.7914772,0.013499156494736653,0.351,0.0,0.0,-0.0,0.0,1
2012-07-18 12:00:00+00:00,0.03381885,0.145380394234625,0.03516399475874999,0.572,0.165,4.984802243505262,4.9848022,0.015988056494737002,0.407,0.0,0.0,-0.0,0.0,1
2012-07-18 12:30:00+00:00,0.03284715,0.144269009930375,0.03415364539125,0.563,0.459,5.034202243505263,5.0342022,0.012192756494737722,0.104,0.0,1.1102230246251565e-16,0.0,8.008538828228884e-18,1
2012-07-18 13:00:00+00:00,0.03164175,0.142890330666875,0.03290030060625,0.518,1.163,5.005428044031579,5.005428,0.003974056494737255,0.0,0.054670979,0.5903290210000001,0.0,0.0421761545064713,1
2012-07-18 13:30:00+00:00,0.0330132,0.144458930033,0.03432630003,0.478,0.535,4.975428044031578,4.975428,0.007137444031578788,0.0,0.057,4.85722573273506e-17,0.0,3.508348161398306e-18,1
2012-07-18 14:00:00+00:00,0.0318078,0.14308025076949998,0.033072955244999994,0.403,0.404,4.975428044031578,4.975428,4.4031578383396663e-08,0.0,0.0,0.0010000000000000009,0.0,7.154012538475005e-05,1
2012-07-18 14:30:00+00:00,0.03156795,0.142805921732375,0.032823565211249996,0.346,0.639,4.975428044031578,4.975428,4.4031578383396663e-08,0.0,0.0,0.29300000000000004,0.0,0.02092106753379294,1
2012-07-18 15:00:00+00:00,0.0314757,0.14270041056425,0.0327276459675,0.273,0.552,4.975428044031578,4.975428,4.4031578383396663e-08,0.0,0.0,0.279,0.0,0.019906707273712878,1
2012-07-18 15:30:00+00:00,0.03220755,0.143537465831375,0.033488605301249995,0.183,0.398,4.923391312978946,4.9233913,0.05203674403157876,0.0,0.098869789,0.11613021100000002,0.0,0.008334518096701436,1
2012-07-18 16:00:00+00:00,0.0330009,0.14444486187724997,0.034313510797499995,0.091,0.366,4.849135260347367,4.8491353,0.07425601297894602,0.0,0.1410865,0.13391350000000002,0.0,0.009671558505499559,1
2012-07-18 16:30:00+00:00,0.03485205,0.146562119317625,0.036238290288749996,0.01,0.39,4.649135260347367,4.6491353,0.10005566034736724,0.0,0.38,0.0,-0.0,0.0,1
2012-07-18 17:00:00+00:00,0.03492585,0.14664652825212499,0.036315025683749995,0.0,0.604,4.337269507715788,4.3372695,0.1346785603473668,0.0,0.59254493,0.011455070000000012,0.0,0.0008399231231925355,1
2012-07-18 17:30:00+00:00,0.0414879,0.15415188934475,0.04313808122249999,0.0,1.007,3.807269507715788,3.8072695,0.17770990771578798,0.0,1.007,0.0,-0.0,0.0,1
2012-07-18 18:00:00+00:00,0.04959975,0.163429838061875,0.05157258005625,0.0,0.408,3.5925326656105248,3.5925327,0.22650900771578808,0.0,0.408,0.0,-0.0,0.0,1
2012-07-18 18:30:00+00:00,0.05277315,0.167059422245375,0.05487220204124999,0.0,0.861,3.1393747708736828,3.1393748,0.2764191656105246,0.0,0.861,0.0,-0.0,0.0,1
2012-07-18 19:00:00+00:00,0.04889865,0.162627953184125,0.050843593803750003,0.0,1.428,2.387795823505262,2.3877958,0.3215169708736827,0.0,1.428,0.0,-0.0,0.0,1
2012-07-18 19:30:00+00:00,0.0419922,0.1547286837305,0.043662439755,0.0,0.88,1.9246379287684197,1.9246379,0.3543316235052618,0.0,0.88,0.0,-0.0,0.0,1
2012-07-18 20:00:00+00:00,0.03984585,0.152273790552125,0.04143071868375,0.0,0.618,1.5993747708736827,1.5993748,0.3725806287684197,0.0,0.618,0.0,-0.0,0.0,1
2012-07-18 20:30:00+00:00,0.039729,0.15214014307249998,0.041309220975,0.0,1.153,1.2291166603473669,1.2291167,0.3702580708736827,0.0,0.70349041,0.44950959,0.0,0.03419422666753041,1
2012-07-18 21:00:00+00:00,0.03919395,0.151528178297375,0.040752889361249996,0.001,1.855,1.2291166603473669,1.2291167,3.965263317695644e-08,0.0,0.0,1.854,0.0,0.14046662128166662,1
2012-07-18 21:30:00+00:00,0.0363342,0.1482573320855,0.03777939280499999,0.0,1.518,1.2291166603473669,1.2291167,3.965263317695644e-08,0.0,0.0,1.518,0.0,0.1125273150528945,1
2012-07-18 22:00:00+00:00,0.03428625,0.145914984153125,0.035649985593749996,0.0,0.512,1.2291166603473669,1.2291167,3.965263317695644e-08,0.0,0.0,0.512,0.0,0.037354235943200004,1
2012-07-18 22:30:00+00:00,0.0449073,0.15806283664325002,0.0466934878575,0.0,0.189,1.1296429761368405,1.129643,0.22911666034736689,0.0,0.189,0.0,-0.0,0.0,1
2012-07-18 23:00:00+00:00,0.03631575,0.148236229851875,0.03776020895625,0.0,0.29,1.1296429761368405,1.129643,2.3863159448467286e-08,0.0,0.0,0.29,0.0,0.021494253328521874,1
2012-07-18 23:30:00+00:00,0.03770565,0.149825931451625,0.03920539222875,0.0,0.149,1.0512219235052616,1.0512219,0.1296429761368405,0.0,0.149,0.0,-0.0,0.0,1
2012-07-19 00:00:00+00:00,0.03556545,0.09787807235112501,0.03698006577375,0.0,0.217,1.0512219235052616,1.0512219,2.3505261514955578e-08,0.0,0.0,0.217,0.0,0.010619770850097065,1
2012-07-19 00:30:00+00:00,0.0338127,0.09587336015675002,0.0351576001425,0.0,0.167,1.2367026880052616,1.2367027,0.18548077649473838,0.39048582,0.0,0.55748582,0.0,0.026724019401570556,1
2012-07-19 01:00:00+00:00,0.0328164,0.09473383954100002,0.03412167231,0.0,0.199,1.9492026880052615,1.9492027,0.7125000119947384,1.5,0.0,1.699,0.0,0.08047639669007953,1
2012-07-19 01:30:00+00:00,0.0342186,0.09633760929650001,0.035579644815000006,0.0,0.17,1.9492026880052615,1.9492027,1.1994738535747729e-08,0.0,0.0,0.17,0.0,0.008188696790202501,1
2012-07-19 02:00:00+00:00,0.0335421,0.09556386073025,0.03487623702749999,0.0,0.183,2.6617026880052617,2.6617027,0.7125000119947387,1.5,0.0,1.683,0.0,0.08041698880450537,1
2012-07-19 02:30:00+00:00,0.03338835,0.09538800878337499,0.03471637162124999,0.0,0.166,3.3742026880052616,3.3742027,0.7125000119947384,1.5,0.0,1.666,0.0,0.07945821131655136,1
2012-07-19 03:00:00+00:00,0.032103,0.0939178865075,0.033379896825,0.0,0.207,4.0867026880052615,4.0867027,0.7125000119947384,1.5,0.0,1.707,0.0,0.08015891613415126,1
2012-07-19 03:30:00+00:00,0.03182625,0.093601353003125,0.03309213909375,0.0,0.152,4.799202688005261,4.7992027,0.7125000119947389,1.5,0.0,1.652,0.0,0.07731471758058124,1
2012-07-19 04:00:00+00:00,0.0319185,0.09370686417125001,0.0331880583375,0.0,0.203,5.511702688005261,5.5117027,0.7125000119947389,1.5,0.0,1.703,0.0,0.0797913948418194,1
2012-07-19 04:30:00+00:00,0.03321615,0.09519105460287501,0.03453732236625,0.0,0.174,6.224202688005262,6.2242027,0.7125000119947389,1.5,0.0,1.674,0.0,0.07967491270260638,1
2012-07-19 05:00:00+00:00,0.0334068,0.32530911101700005,0.03473555546999999,0.0,0.274,6.079992161689472,6.0799922,0.08976818800526143,0.0,0.274,0.0,-0.0,0.0,1
2012-07-19 05:30:00+00:00,0.0367647,0.32914971753675004,0.0382270159425,0.0,0.171,5.9899921616894725,5.9899922,0.0912689616894724,0.0,0.171,0.0,-0.0,0.0,1
2012-07-19 06:00:00+00:00,0.0343908,0.326434563477,0.03575869406999999,0.0,0.182,5.894202688005262,5.8942027,0.09915546168947209,0.0,0.182,0.0,-0.0,0.0,1
2012-07-19 06:30:00+00:00,0.0408852,0.333862549713,0.04251140882999999,0.0,0.188,5.795255319584209,5.7952553,0.11088808800526184,0.0,0.188,0.0,-0.0,0.0,1
2012-07-19 07:00:00+00:00,0.04289625,0.336162693178125,0.04460244834374999,0.0,0.196,5.692097424847367,5.6920974,0.11814941958420899,0.0,0.196,0.0,-0.0,0.0,1
2012-07-19 07:30:00+00:00,0.04001805,0.332870744732625,0.04160976793874999,0.033,0.839,5.267886898531577,5.2678869,0.12182422484736666,0.0,0.806,0.0,1.1102230246251565e-16,-2.309806120745494e-18,1
2012-07-19 08:00:00+00:00,0.0460635,0.33978524328375,0.047895675712499995,0.092,1.638,4.47841321432105,4.4784132,0.1193539985315768,0.0,1.5,0.04599999999999982,0.0,0.007815060595526219,1
2012-07-19 08:30:00+00:00,0.0430254,0.33631040881350005,0.044736735284999996,0.221,1.535,3.7868342669526296,3.7868343,0.10935901432105055,0.0,1.314,0.0,2.220446049250313e-16,-4.966775355996766e-18,1
2012-07-19 09:00:00+00:00,0.0413157,0.33435493516425,0.0429590319675,0.156,0.488,3.6120974248473665,3.6120974,0.09209906695262937,0.0,0.332,0.0,5.551115123125783e-17,-1.192352660148166e-18,1
2012-07-19 09:30:00+00:00,0.04081755,0.33378517485637504,0.04244106805125,0.186,0.421,3.4884132143210507,3.4884132,0.06950672484736664,0.0,0.235,0.0,-0.0,0.0,1
2012-07-19 10:00:00+00:00,0.0396921,0.33249793860525007,0.0412708532775,0.207,0.705,3.226307951163156,3.226308,0.044777914321050716,0.0,0.498,0.0,-0.0,0.0,1
2012-07-19 10:30:00+00:00,0.0357684,0.32801019692100003,0.03719108811,0.273,0.221,3.251007951163156,3.251008,0.02162975116315602,0.052,0.0,0.0,-0.0,0.0,1
2012-07-19 11:00:00+00:00,0.0346737,0.14635813105925,0.0360528464175,0.28,0.168,3.304207951163156,3.304208,4.8836843902222427e-08,0.112,0.0,0.0,-0.0,0.0,1
2012-07-19 11:30:00+00:00,0.03440925,0.146055665710625,0.03577787791875,0.175,0.216,3.304207951163156,3.304208,0.006850548836843995,0.0,0.0,0.04100000000000001,0.0,0.0029941411470678133,1
2012-07-19 12:00:00+00:00,0.03410175,0.14570396181687498,0.03545814710625,0.263,0.201,3.3336579511631563,3.333658,0.009700948836843803,0.062,0.0,0.0,-0.0,0.0,1
2012-07-19 12:30:00+00:00,0.03368355,0.145225644521375,0.03502331320125,0.137,0.186,3.3336579511631563,3.333658,0.00627974883684379,0.0,0.0,0.04899999999999999,0.0,0.003558028290773687,1
2012-07-19 13:00:00+00:00,0.0344031,0.14604863163275,0.0357714833025,0.096,0.755,3.3336579511631563,3.333658,4.883684345813322e-08,0.0,0.0,0.659,0.0,0.04812302412299113,1
2012-07-19 13:30:00+00:00,0.03445845,0.146111938333625,0.035829034848750003,0.193,1.017,3.3336579511631563,3.333658,4.883684345813322e-08,0.0,0.0,0.8239999999999998,0.0,0.060198118593453497,1
2012-07-19 14:00:00+00:00,0.03415095,0.145760234439875,0.035509304036249995,0.229,0.878,3.3336579511631563,3.333658,4.883684345813322e-08,0.0,0.0,0.649,0.0,0.047299196075739444,1
2012-07-19 14:30:00+00:00,0.03388035,0.145450735013375,0.03522794092124999,0.298,0.318,3.3336579511631563,3.333658,4.883684345813322e-08,0.0,0.0,0.020000000000000018,0.0,0.0014545073501337513,1
2012-07-19 15:00:00+00:00,0.0334314,0.1449372473285,0.034761133934999994,0.219,0.176,3.3540829511631562,3.354083,4.883684345813322e-08,0.043,0.0,0.0,2.7755575615628914e-17,-4.824076407089483e-19,1
2012-07-19 15:30:00+00:00,0.0339357,0.14551404171425,0.0352854924675,0.026,0.221,3.3540829511631562,3.354083,4.8836843902222427e-08,0.0,0.0,0.195,0.0,0.014187619067139376,1
2012-07-19 16:00:00+00:00,0.0343293,0.14596422269825002,0.0356947479075,0.03,0.268,3.3540829511631562,3.354083,4.8836843902222427e-08,0.0,0.0,0.23800000000000002,0.0,0.017369742501091752,1
2012-07-19 16:30:00+00:00,0.03479055,0.146491778538875,0.03617434412625,0.016,0.245,3.3540829511631562,3.354083,4.8836843902222427e-08,0.0,0.0,0.22899999999999998,0.0,0.016773308642701185,1
2012-07-19 17:00:00+00:00,0.03363435,0.145169371898375,0.03497215627125,0.001,0.238,3.3540829511631562,3.354083,4.8836843902222427e-08,0.0,0.0,0.237,0.0,0.017202570569957436,1
2012-07-19 17:30:00+00:00,0.0381669,0.15035348729225,0.03968498844749999,0.0,0.212,3.281953214321051,3.2819532,0.07212975116315645,0.0,0.1370465,0.0749535,0.0,0.005634760054879831,1
2012-07-19 18:00:00+00:00,0.0493845,0.16318364533625,0.05134876848749999,0.0,0.199,3.1772163722157876,3.1772164,0.2280105143210509,0.0,0.199,0.0,-0.0,0.0,1
2012-07-19 18:30:00+00:00,0.04718895,0.160672479534875,0.04906589048624999,0.0,0.194,3.0751111090578926,3.0751111,0.27747407221578735,0.0,0.194,0.0,-0.0,0.0,1
2012-07-19 19:00:00+00:00,0.04605735,0.159378209205875,0.04788928109624999,0.0,1.56,2.2856374248473665,2.2856374,0.3221358090578925,0.0,1.5,0.06000000000000005,0.0,0.004781346276176254,1
2012-07-19 19:30:00+00:00,0.0390525,0.15136639450625,0.04060581318749999,0.0,1.908,2.099804893268419,2.0998049,0.18583252484736645,0.0,0.35308181,1.55491819,0.0,0.1176811800862421,1
2012-07-19 20:00:00+00:00,0.0391509,0.15147893975225,0.0407081270475,0.0,1.903,1.7274450774789454,1.7274451,0.37235979326841906,0.0,0.70748365,1.1955163500000001,0.0,0.09054777457723992,1
2012-07-19 20:30:00+00:00,0.0434436,0.156388726109,0.04517156919,0.0,1.847,1.0000000248473664,1.0,0.37302167747894543,0.0,1.3821456,0.4648543999999999,0.0,0.03634899372108176,1
2012-07-19 21:00:00+00:00,0.0420783,0.15482716082075,0.0437519643825,0.0,1.859,1.0000000000003664,1.0,2.484736638663776e-08,0.0,4.72093e-08,1.8589999527907,0.0,0.14391184232824616,1
2012-07-19 21:30:00+00:00,0.0376134,0.1497204202835,0.039109472985,0.0,1.875,1.0000000000003664,1.0,3.6637359812630166e-13,0.0,0.0,1.875,0.0,0.14036289401578125,1
2012-07-19 22:00:00+00:00,0.03324075,0.14471919091437502,0.03456290083124999,0.0,1.84,1.0000000000003664,1.0,3.6637359812630166e-13,0.0,0.0,1.84,0.0,0.13314165564122502,1
2012-07-19 22:30:00+00:00,0.03814845,0.150332385058625,0.03966580459875,0.0,1.864,1.0000000000003664,1.0,3.6637359812630166e-13,0.0,0.0,1.864,0.0,0.14010978287463852,1
2012-07-19 23:00:00+00:00,0.0348459,0.14655508523975,0.0362318956725,0.0,1.846,1.0000000000003664,1.0,3.6637359812630166e-13,0.0,0.0,1.846,0.0,0.13527034367628926,1
2012-07-19 23:30:00+00:00,0.03560235,0.147420276818375,0.037018433471249994,0.0,0.645,1.0000000000003664,1.0,3.6637359812630166e-13,0.0,0.0,0.645,0.0,0.04754303927392594,1
2012-07-20 00:00:00+00:00,0.0339357,0.09601404171425001,0.0352854924675,0.0,0.192,1.5019942500003665,1.5019942,0.3727593999996337,1.05683,0.0,1.2488299999999999,0.0,0.05995260785700342,1
2012-07-20 00:30:00+00:00,0.03405255,0.09614768919387501,0.03540699017625,0.0,0.179,2.1050400475003666,2.1050401,5.000036651381379e-08,1.2695701,0.0,1.4485701,0.0,0.06963833387517022,1
2012-07-20 01:00:00+00:00,0.03422475,0.096344643374375,0.035586039431249994,0.0,0.175,2.1050400475003666,2.10504,5.249963352937925e-08,0.0,0.0,0.175,0.0,0.008430156295257812,1
2012-07-20 01:30:00+00:00,0.034194,0.09630947298500002,0.03555406635,0.0,0.262,2.7080858450003666,2.7080859,0.6030458524996334,1.2695701,0.0,1.5315701,0.0,0.07375235458529189,1
2012-07-20 02:00:00+00:00,0.03325305,0.09523325907012499,0.03457569006375,0.0,0.182,3.4205858450003666,3.4205858,0.7125000549996332,1.5,0.0,1.682,0.0,0.08009117087797511,1
2012-07-20 02:30:00+00:00,0.0319431,0.09373500048275,0.0332136368025,0.0,0.201,4.133085845000366,4.1330858,0.7124999549996334,1.5,0.0,1.701,0.0,0.07972161791057888,1
2012-07-20 03:00:00+00:00,0.03204765,0.093854579806625,0.03332234527874999,0.0,0.159,4.845585845000366,4.8455858,0.7124999549996343,1.5,0.0,1.659,0.0,0.07785237394959543,1
2012-07-20 03:30:00+00:00,0.0312543,0.09294718376075,0.0324974397825,0.0,0.202,5.558085845000367,5.5580858,0.7124999549996334,1.5,0.0,1.702,0.0,0.07909805338039824,1
2012-07-20 04:00:00+00:00,0.03138345,0.093094899396125,0.03263172672375,0.0,0.171,6.270585845000367,6.2705858,0.7124999549996334,1.5,0.0,1.671,0.0,0.07778078844546245,1
2012-07-20 04:30:00+00:00,0.0323367,0.09418518146675,0.0336228922425,0.0,0.183,6.983085845000367,6.9830858,0.7124999549996325,1.5,0.0,1.683,0.0,0.07925683020427013,1
2012-07-20 05:00:00+00:00,0.03283485,0.32465494177462506,0.034140856158749996,0.0,0.173,6.89203321342142,6.8920332,0.082870445000367,0.0,0.173,0.0,-0.0,0.0,1
2012-07-20 05:30:00+00:00,0.03225675,0.323993738454375,0.03353976223125,0.0,0.157,6.809401634474051,6.8094016,0.0840629134214197,0.0,0.157,0.0,-0.0,0.0,1
2012-07-20 06:00:00+00:00,0.0346983,0.32678626737075006,0.0360784248825,0.0,0.123,6.744664792368789,6.7446648,0.09164883447405092,0.0,0.123,0.0,-0.0,0.0,1
2012-07-20 06:30:00+00:00,0.0381423,0.33072535098075007,0.03965940998249999,0.0,0.139,6.6715068976319465,6.6715069,0.10309409236878864,0.0,0.139,0.0,-0.0,0.0,1
2012-07-20 07:00:00+00:00,0.04455675,0.33806189420437505,0.046328994731249996,0.0,0.123,6.606770055526684,6.6067701,0.11009659763194612,0.0,0.123,0.0,-0.0,0.0,1
2012-07-20 07:30:00+00:00,0.0421029,0.33525529713225005,0.043777542847499996,0.034,0.655,6.2799279502635255,6.279928,0.11353185552668332,0.0,0.621,0.0,-0.0,0.0,1
2012-07-20 08:00:00+00:00,0.0507375,0.34513114246875,0.05275558406249999,0.166,1.456,5.600980581842473,5.6009806,0.11083965026352516,0.0,1.29,0.0,-0.0,0.0,1
2012-07-20 08:30:00+00:00,0.04978425,0.3440408603981251,0.05176441854375,0.278,1.143,5.145717423947736,5.1457174,0.10063768184247301,0.0,0.865,0.0,-0.0,0.0,1
2012-07-20 09:00:00+00:00,0.0410697,0.33407357204925,0.0427032473175,0.366,0.394,5.130980581842473,5.1309806,0.0831820239477361,0.0,0.028,2.42861286636753e-17,0.0,4.056676876960843e-18,1
2012-07-20 09:30:00+00:00,0.0396429,0.33244166598225006,0.041219696347499994,0.43,0.257,5.213155581842473,5.2131556,0.06040108184247295,0.173,0.0,0.0,-0.0,0.0,1
2012-07-20 10:00:00+00:00,0.03971055,0.33251904083887507,0.04129003712625,0.483,0.205,5.345205581842473,5.3452056,0.03548738184247302,0.278,0.0,0.0,-0.0,0.0,1
2012-07-20 10:30:00+00:00,0.03832065,0.330929339239125,0.039844853853749994,0.518,0.765,5.215205581842473,5.2152056,0.012155081842473159,0.0,0.247,0.0,-0.0,0.0,1
2012-07-20 11:00:00+00:00,0.03707835,0.149108455508375,0.03855314137125,0.546,0.287,5.338230581842473,5.3382306,0.00562591815752711,0.259,0.0,0.0,-0.0,0.0,1
2012-07-20 11:30:00+00:00,0.0348582,0.1465691533955,0.036244684905,0.561,0.728,5.250335845000368,5.2503358,0.01573731815752666,0.0,0.167,0.0,8.326672684688674e-17,-1.508988138818057e-18,1
2012-07-20 12:00:00+00:00,0.03449535,0.146154142800875,0.03586740254625,0.57,0.223,5.415160845000368,5.4151608,0.018757954999632176,0.347,0.0,0.0,-0.0,0.0,1
2012-07-20 12:30:00+00:00,0.03444615,0.146097870177875,0.03581624561625,0.536,0.234,5.558610845000367,5.5586108,0.015508254999632598,0.302,0.0,0.0,-0.0,0.0,1
2012-07-20 13:00:00+00:00,0.03376965,0.145324121611625,0.03511283782875,0.527,0.195,5.7163108450003675,5.7163108,0.007846954999632949,0.332,0.0,0.0,-0.0,0.0,1
2012-07-20 13:30:00+00:00,0.03413865,0.145746166284125,0.03549651480375,0.459,0.203,5.837910845000367,5.8379108,0.002217345000367743,0.256,0.0,0.0,-0.0,0.0,1
2012-07-20 14:00:00+00:00,0.03326535,0.144747327225875,0.034588479296249995,0.431,0.336,5.883035845000367,5.8830358,0.01352894500036772,0.095,0.0,5.551115123125783e-17,0.0,4.017545385977955e-18,1
2012-07-20 14:30:00+00:00,0.0337758,0.1453311556895,0.035119232445,0.358,0.267,5.926260845000367,5.9262608,0.024356945000366892,0.091,0.0,0.0,-0.0,0.0,1
2012-07-20 15:00:00+00:00,0.0338373,0.14540149646824999,0.0351831786075,0.286,0.427,5.852050318684578,5.8520503,0.035301545000367085,0.0,0.141,2.7755575615628914e-17,0.0,2.0178511149250564e-18,1
2012-07-20 15:30:00+00:00,0.03375735,0.145310053455875,0.03510004859625,0.201,0.296,5.802050318684578,5.8020503,0.04831481868457743,0.0,0.095,0.0,2.7755575615628914e-17,-4.871110264627332e-19,1
2012-07-20 16:00:00+00:00,0.0343416,0.14597829085400002,0.035707537139999995,0.101,0.208,5.7457345292108934,5.7457345,0.06611301868457797,0.0,0.107,0.0,1.3877787807814457e-17,-2.477708117842869e-19,1
2012-07-20 16:30:00+00:00,0.0360144,0.14789156003599999,0.03744687275999999,0.015,0.289,5.601524002895104,5.601524,0.09127672921089314,0.0,0.274,0.0,5.551115123125783e-17,-1.0393595084590144e-18,1
2012-07-20 17:00:00+00:00,0.0369615,0.14897480802875,0.038431643662499994,0.0,0.432,5.374155581842473,5.3741556,0.12527840289510372,0.0,0.432,0.0,-0.0,0.0,1
2012-07-20 17:30:00+00:00,0.0392739,0.15161962130974999,0.0408360193725,0.0,0.489,5.116787160789841,5.1167872,0.167708881842473,0.0,0.489,0.0,-0.0,0.0,1
2012-07-20 18:00:00+00:00,0.04533165,0.158548188016625,0.047134716378750004,0.0,0.317,4.949945055526683,4.9499451,0.21593196078984178,0.0,0.317,0.0,-0.0,0.0,1
2012-07-20 18:30:00+00:00,0.0476994,0.16125630799850002,0.049596643635,0.001,0.218,4.835734529210894,4.8357345,0.26529385552668305,0.0,0.217,0.0,-0.0,0.0,1
2012-07-20 19:00:00+00:00,0.0468384,0.160271537096,0.048701397359999996,0.0,0.191,4.73520821342142,4.7352082,0.30987172921089456,0.0,0.191,0.0,-0.0,0.0,1
2012-07-20 19:30:00+00:00,0.0394215,0.15178843917874998,0.040989490162499996,0.0,0.199,4.630471371316157,4.6304714,0.34220011342141987,0.0,0.199,0.0,-0.0,0.0,1
2012-07-20 20:00:00+00:00,0.0399996,0.152449642499,0.04159058409,0.0,0.195,4.5278397923687885,4.5278398,0.35997997131615733,0.0,0.195,0.0,-0.0,0.0,1
2012-07-20 20:30:00+00:00,0.0476256,0.161171899064,0.049519908239999993,0.0,0.198,4.423629266052999,4.4236293,0.36059889236878817,0.0,0.198,0.0,-0.0,0.0,1
2012-07-20 21:00:00+00:00,0.05068215,0.164667835767875,0.05269803251625,0.0,0.16,4.3394187397372095,4.3394187,0.3419694660529995,0.0,0.16,0.0,-0.0,0.0,1
2012-07-20 21:30:00+00:00,0.04137105,0.154018241865125,0.04301658351375,0.0,0.158,4.256260845000368,4.2562608,0.30748753973720966,0.0,0.158,0.0,-0.0,0.0,1
2012-07-20 22:00:00+00:00,0.03951375,0.151893950346875,0.041085409406249995,0.0,0.141,4.1820503186845785,4.1820503,0.26279064500036764,0.0,0.141,0.0,-0.0,0.0,1
2012-07-20 22:30:00+00:00,0.05103885,0.165075812284625,0.05306892025874999,0.0,0.172,4.091524002895105,4.091524,0.21436631868457834,0.0,0.172,0.0,-0.0,0.0,1
2012-07-20 23:00:00+00:00,0.0418323,0.15454579770575003,0.0434961797325,0.0,0.122,4.027313476579316,4.0273135,0.16864110289510537,0.0,0.122,0.0,-0.0,0.0,1
2012-07-20 23:30:00+00:00,0.0454485,0.15868183549625,0.0472562140875,0.0,1.463,3.257313476579316,3.2573135,0.1292348765793161,0.0,1.463,0.0,-0.0,0.0,1
2012-07-21 00:00:00+00:00,0.04404015,0.10757103166287499,0.045791846966249994,0.0,0.346,3.257313476579316,3.2573135,2.342068405880582e-08,0.0,0.0,0.346,0.0,0.018609788477677372,1
2012-07-21 00:30:00+00:00,0.04097745,0.10406806088112501,0.04260732807374999,0.0,0.226,3.257313476579316,3.2573135,2.342068405880582e-08,0.0,0.0,0.226,0.0,0.011759690879567127,1
2012-07-21 01:00:00+00:00,0.03978435,0.102703449773375,0.041366772521250005,0.0,0.279,3.257313476579316,3.2573135,0.19867452342068415,0.0,0.0,0.279,0.0,0.014327131243385815,1
2012-07-21 01:30:00+00:00,0.0404793,0.10349830057325,0.042089364157499996,0.0,0.209,3.257313476579316,3.2573135,2.342068405880582e-08,0.0,0.0,0.209,0.0,0.010815572409904625,1
2012-07-21 02:00:00+00:00,0.03814845,0.10083238505862502,0.03966580459875,0.0,0.212,3.969813476579316,3.9698135,0.712500023420684,1.5,0.0,1.712,0.0,0.08631252161018302,1
2012-07-21 02:30:00+00:00,0.03590985,0.098271980712125,0.037338164283749996,0.0,0.188,4.682313476579315,4.6823135,0.7125000234206844,1.5,0.0,1.688,0.0,0.0829415517210335,1
2012-07-21 03:00:00+00:00,0.0346122,0.09678779028050001,0.035988900255,0.0,0.207,5.394813476579316,5.3948135,0.7125000234206844,1.5,0.0,1.707,0.0,0.08260837900440676,1
2012-07-21 03:30:00+00:00,0.0339603,0.09604217802575002,0.0353110709325,0.0,0.22,6.107313476579316,6.1073135,0.7125000234206844,1.5,0.0,1.72,0.0,0.08259627310214501,1
2012-07-21 04:00:00+00:00,0.0331977,0.09516995236925002,0.0345181385175,0.0,0.186,6.819813476579316,6.8198135,0.7125000234206844,1.5,0.0,1.686,0.0,0.08022826984727777,1
2012-07-21 04:30:00+00:00,0.03337605,0.09537394062762501,0.034703582388749994,0.0,0.231,7.532313476579317,7.5323135,0.7125000234206835,1.5,0.0,1.731,0.0,0.08254614561320946,1
2012-07-21 05:00:00+00:00,0.03379425,0.32575225792312507,0.03513841629375,0.0,0.185,7.434945055526685,7.4349451,0.07105797657931667,0.0,0.185,0.0,-0.0,0.0,1
2012-07-21 05:30:00+00:00,0.0343416,0.326378290854,0.035707537139999995,0.0,0.217,7.320734529210896,7.3207345,0.07236185552668495,0.0,0.217,0.0,-0.0,0.0,1
2012-07-21 06:00:00+00:00,0.0339849,0.32597031433725,0.035336649397499996,0.0,0.194,7.218629266053002,7.2186293,0.08006732921089643,0.0,0.194,0.0,-0.0,0.0,1
2012-07-21 06:30:00+00:00,0.03434775,0.326385324931875,0.035713931756250004,0.0,0.144,7.142839792368791,7.1428398,0.09164476605300198,0.0,0.144,0.0,-0.0,0.0,1
2012-07-21 07:00:00+00:00,0.0346737,0.32675813105925006,0.0360528464175,0.0,0.286,6.992313476579318,6.9923135,0.09880779236879178,0.0,0.286,0.0,-0.0,0.0,1
2012-07-21 07:30:00+00:00,0.03615585,0.32845334382712504,0.03759394893375,0.005,1.658,6.202839792368791,6.2028398,0.10242207657931779,0.0,1.5,0.15300000000000002,0.0,0.02512668080277507,1
2012-07-21 08:00:00+00:00,0.03556545,0.32777807235112505,0.03698006577375,0.021,1.41,5.471787160789844,5.4717872,0.09992569236879145,0.0,1.389,0.0,-0.0,0.0,1
2012-07-21 08:30:00+00:00,0.0397659,0.33258234753975,0.0413475886725,0.011,1.27,4.809155581842475,4.8091556,0.0899333607898436,0.0,1.259,2.220446049250313e-16,0.0,3.6924057982251626e-17,1
2012-07-21 09:00:00+00:00,0.0436527,0.33702788475675,0.0453889861425,0.026,0.462,4.579681897631949,4.5796819,0.07269718184247509,0.0,0.436,0.0,-0.0,0.0,1
2012-07-21 09:30:00+00:00,0.04400325,0.33742882719562506,0.045753479268749994,0.031,0.601,4.279681897631949,4.2796819,0.05014149763194897,0.0,0.57,0.0,-0.0,0.0,1
2012-07-21 10:00:00+00:00,0.04229355,0.33547335354637503,0.04397577595125,0.08,0.441,4.089681897631949,4.0896819,0.025454797631949688,0.0,0.361,0.0,-0.0,0.0,1
2012-07-21 10:30:00+00:00,0.0402333,0.33311693745825005,0.041833579507499996,0.04,0.392,3.904418739737212,3.9044187,0.0023483976319491617,0.0,0.352,5.551115123125783e-17,0.0,9.245852346469187e-18,1
2012-07-21 11:00:00+00:00,0.0390771,0.15139453081775,0.040631391652499994,0.063,0.91,3.904418739737212,3.9044187,0.014275660262788037,0.0,0.0,0.847,0.0,0.06411558380131713,1
2012-07-21 11:30:00+00:00,0.03629115,0.14820809354037498,0.03773463049125,0.159,0.911,3.904418739737212,3.9044187,0.02418986026278791,0.0,0.0,0.752,0.0,0.055726243171180995,1
2012-07-21 12:00:00+00:00,0.03830835,0.15051527108337498,0.03983206462124999,0.045,0.203,3.904418739737212,3.9044187,0.027017360262787893,0.0,0.0,0.15800000000000003,0.0,0.011890706415586625,1
2012-07-21 12:30:00+00:00,0.0378471,0.14998771524274998,0.03935246840249999,0.127,0.211,3.904418739737212,3.9044187,0.023578160262788028,0.0,0.0,0.08399999999999999,0.0,0.006299484040195498,1
2012-07-21 13:00:00+00:00,0.0346614,0.14634406290350002,0.036040057185,0.101,0.184,3.904418739737212,3.9044187,0.01573056026278774,0.0,0.0,0.08299999999999999,0.0,0.00607327861049525,1
2012-07-21 13:30:00+00:00,0.0348951,0.14661135786274998,0.0362830526025,0.186,0.219,3.904418739737212,3.9044187,0.005698460262788085,0.0,0.0,0.033,0.0,0.002419087404735375,1
2012-07-21 14:00:00+00:00,0.0346737,0.14635813105925,0.0360528464175,0.036,0.794,3.904418739737212,3.9044187,3.9737212187418436e-08,0.0,0.0,0.758,0.0,0.055469731671455746,1
2012-07-21 14:30:00+00:00,0.0344154,0.1460626997885,0.035784272534999995,0.046,1.537,3.904418739737212,3.9044187,3.9737212187418436e-08,0.0,0.0,1.4909999999999999,0.0,0.10888974269232675,1
2012-07-21 15:00:00+00:00,0.03444615,0.146097870177875,0.03581624561625,0.051,0.792,3.904418739737212,3.9044187,3.9737212187418436e-08,0.0,0.0,0.741,0.0,0.05412926090090269,1
2012-07-21 15:30:00+00:00,0.0347352,0.146428471838,0.03611679258,0.062,0.301,3.904418739737212,3.9044187,3.9737212187418436e-08,0.0,0.0,0.239,0.0,0.017498202384641,1
2012-07-21 16:00:00+00:00,0.0377733,0.14990330630825,0.0392757330075,0.029,0.899,3.904418739737212,3.9044187,3.9737212187418436e-08,0.0,0.0,0.87,0.0,0.06520793824408874,1
2012-07-21 16:30:00+00:00,0.0390279,0.15133825819475002,0.0405802347225,0.017,2.488,3.904418739737212,3.9044187,3.9737212187418436e-08,0.0,0.0,2.471,0.0,0.18697841799961365,1
2012-07-21 17:00:00+00:00,0.0407868,0.15335000446699998,0.04240909496999999,0.003,2.143,3.114945055526686,3.1149451,0.11817123973721211,0.0,1.5,0.6399999999999997,0.0,0.04907200142943997,1
2012-07-21 17:30:00+00:00,0.0440955,0.15713433836375,0.04584939851249999,0.0,2.682,2.3254713713161594,2.3254714,0.160824455526686,0.0,1.5,1.182,0.0,0.09286639397297623,1
2012-07-21 18:00:00+00:00,0.05033775,0.164273927406875,0.05233993400625,0.0,2.711,1.5359976871056331,1.5359977,0.2092812713161596,0.0,1.5,1.2109999999999999,0.0,0.0994678630448628,1
2012-07-21 18:30:00+00:00,0.0507006,0.1646889380015,0.05271721636499999,0.0,1.59,1.0000000028951068,1.0,0.2588887871056331,0.0,1.0183956,0.5716044,0.0,0.0470684607964923,1
2012-07-21 19:00:00+00:00,0.0454977,0.15873810811925002,0.0473073710175,0.0,1.677,1.0000000028951068,1.0,2.895106820943738e-09,0.0,0.0,1.677,0.0,0.13310190365799116,1
2012-07-21 19:30:00+00:00,0.0404178,0.1529279597945,0.042025417994999995,0.0,2.95,1.0000000028951068,1.0,2.895106820943738e-09,0.0,0.0,2.95,0.0,0.2255687406968875,1
2012-07-21 20:00:00+00:00,0.0397044,0.152112006761,0.041283642509999996,0.0,3.079,1.0000000028951068,1.0,2.895106820943738e-09,0.0,0.0,3.079,0.0,0.23417643440855954,1
2012-07-21 20:30:00+00:00,0.03958755,0.15197835928137501,0.041162144801249995,0.0,2.107,1.0000000028951068,1.0,2.895106820943738e-09,0.0,0.0,2.107,0.0,0.1601092015029286,1
2012-07-21 21:00:00+00:00,0.0396183,0.15201352967075002,0.0411941178825,0.0,1.734,1.0000000028951068,1.0,2.895106820943738e-09,0.0,0.0,1.734,0.0,0.13179573022454028,1
2012-07-21 21:30:00+00:00,0.04233045,0.15511555801362498,0.04401414364875,0.0,1.812,1.0000000028951068,1.0,2.895106820943738e-09,0.0,0.0,1.812,0.0,0.14053469556034423,1
2012-07-21 22:00:00+00:00,0.0389541,0.15125384926024998,0.04050349932749999,0.0,1.756,1.0000000028951068,1.0,2.895106820943738e-09,0.0,0.0,1.756,0.0,0.1328008796504995,1
2012-07-21 22:30:00+00:00,0.0410451,0.15364543573775,0.042677668852499996,0.0,1.792,1.0000000028951068,1.0,2.895106820943738e-09,0.0,0.0,1.792,0.0,0.137666310421024,1
2012-07-21 23:00:00+00:00,0.0407622,0.1533218681555,0.042383516504999996,0.0,0.228,1.0000000028951068,1.0,2.895106820943738e-09,0.0,0.0,0.228,0.0,0.017478692969727,1
2012-07-21 23:30:00+00:00,0.04180155,0.15451062731637502,0.043464206651250004,0.0,0.675,1.0000000028951068,1.0,2.895106820943738e-09,0.0,0.0,0.675,0.0,0.05214733671927657,1
2012-07-22 00:00:00+00:00,0.04090365,0.10398365194662501,0.04253059267874999,0.0,0.47,1.0000000028951068,1.0,2.895106820943738e-09,0.0,0.0,0.47,0.0,0.024436158207456878,1
2012-07-22 00:30:00+00:00,0.0393231,0.10217589393275002,0.0408871763025,0.0,0.492,1.0000000028951068,1.0,2.895106820943738e-09,0.0,0.0,0.492,0.0,0.025135269907456504,1
2012-07-22 01:00:00+00:00,0.03894795,0.10174681518237501,0.04049710471125,0.0,0.202,1.2975172788951068,1.2975173,0.29751729710489316,0.62635216,0.0,0.8283521600000001,0.0,0.04214109706472057,1
2012-07-22 01:30:00+00:00,0.0395076,0.10238691626900001,0.04107901479,0.0,0.229,1.2975172788951068,1.2975173,2.110489316642372e-08,0.0,0.0,0.229,0.0,0.011723301912800502,1
2012-07-22 02:00:00+00:00,0.0382653,0.10096603253825003,0.0397873023075,0.0,0.288,2.0100172788951065,2.0100173,0.7125000211048931,1.5,0.0,1.788,0.0,0.09026363308919552,1
2012-07-22 02:30:00+00:00,0.0359898,0.09836342372450002,0.037421294295000004,0.0,0.255,2.7225172788951064,2.7225173,0.7125000211048933,1.5,0.0,1.755,0.0,0.08631390431824876,1
2012-07-22 03:00:00+00:00,0.03567,0.097997651675,0.03708877425,0.0,0.23,3.4350172788951063,3.4350173,0.7125000211048937,1.5,0.0,1.73,0.0,0.084767968698875,1
2012-07-22 03:30:00+00:00,0.0342432,0.09636574560800001,0.035605223279999994,0.0,0.239,4.147517278895107,4.1475173,0.7125000211048933,1.5,0.0,1.7389999999999999,0.0,0.08379001580615601,1
2012-07-22 04:00:00+00:00,0.0342432,0.09636574560800001,0.035605223279999994,0.0,0.192,4.860017278895107,4.8600173,0.7125000211048933,1.5,0.0,1.692,0.0,0.08152542078436802,1
2012-07-22 04:30:00+00:00,0.03444615,0.09659787017787502,0.03581624561625,0.0,0.224,5.572517278895107,5.5725173,0.7125000211048933,1.5,0.0,1.724,0.0,0.08326736409332827,1
2012-07-22 05:00:00+00:00,0.03444615,0.32649787017787507,0.03581624561625,0.0,0.152,5.492517278895107,5.4925173,0.07046647889510727,0.0,0.152,0.0,-0.0,0.0,1
2012-07-22 05:30:00+00:00,0.0343416,0.326378290854,0.035707537139999995,0.0,0.161,5.407780436789844,5.4077804,0.07202737889510757,0.0,0.161,0.0,-0.0,0.0,1
2012-07-22 06:00:00+00:00,0.0340464,0.326040655116,0.03540059556,0.0,0.163,5.321990963105634,5.321991,0.07998503678984381,0.0,0.163,0.0,-0.0,0.0,1
2012-07-22 06:30:00+00:00,0.0345876,0.32665965396900004,0.03596332179,0.0,2.055,4.532517278895107,4.5325173,0.09181476310563408,0.0,1.5,0.5550000000000002,0.0,0.09064805397639754,1
2012-07-22 07:00:00+00:00,0.0345753,0.32664558581325004,0.0359505325575,0.0,3.424,3.743043594684581,3.7430436,0.09924497889510775,0.0,1.5,1.924,0.0,0.31423305355234654,1
2012-07-22 07:30:00+00:00,0.0342555,0.32627981376375004,0.035618012512500005,0.003,3.513,2.9535699104740543,2.9535699,0.10313139468458088,0.0,1.5,2.01,0.0,0.32791121283256874,1
2012-07-22 08:00:00+00:00,0.03447075,0.3265260064893751,0.03584182408125,0.031,1.583,2.1640962262635277,2.1640962,0.10091041047405414,0.0,1.5,0.052000000000000046,0.0,0.008489676168723759,1
2012-07-22 08:30:00+00:00,0.0387081,0.33137248614525,0.0402477146775,0.091,1.26,1.5488330683687908,1.5488331,0.09119332626352783,0.0,1.169,0.0,-0.0,0.0,1
2012-07-22 09:00:00+00:00,0.0407622,0.33372186815550003,0.042383516504999996,0.173,1.158,1.0840562841582644,1.0840563,0.07422796836879075,0.0,0.88307589,0.1019241099999999,0.0,0.017007152199643324,1
2012-07-22 09:30:00+00:00,0.04335135,0.33668321494087505,0.04507564994625,0.171,0.9,1.0,1.0,0.051934484158264294,0.0,0.15970694,0.56929306,0.0,0.09583570884216425,1
2012-07-22 10:00:00+00:00,0.0427548,0.33600090938700006,0.04445537217,0.078,0.486,1.0,1.0,0.0,0.0,0.0,0.408,0.0,0.06854418551494801,1
2012-07-22 10:30:00+00:00,0.042189,0.33535377422250007,0.043867067475,0.107,0.351,1.0,1.0,0.0,0.0,0.0,0.244,0.0,0.04091316045514501,1
2012-07-22 11:00:00+00:00,0.03940305,0.151767336945125,0.040970306313749996,0.265,0.188,1.036575,1.036575,0.012026899999999952,0.077,0.0,0.0,-0.0,0.0,1
2012-07-22 11:30:00+00:00,0.0390525,0.15136639450625,0.04060581318749999,0.32,0.179,1.10355,1.10355,0.021764099999999953,0.141,0.0,0.0,5.551115123125783e-17,-1.1270377183597578e-18,1
2012-07-22 12:00:00+00:00,0.03795165,0.15010729456662503,0.039461176878750004,0.246,0.359,1.10355,1.10355,0.024432100000000068,0.0,0.0,0.11299999999999999,0.0,0.008481062143014313,1
2012-07-22 12:30:00+00:00,0.03741045,0.14948829571362499,0.03889845064874999,0.314,0.222,1.14725,1.14725,0.020850800000000058,0.092,0.0,0.0,-0.0,0.0,1
2012-07-22 13:00:00+00:00,0.0355224,0.147328833806,0.03693530346,0.306,0.209,1.1933250000000002,1.193325,0.012877999999999945,0.097,0.0,0.0,-0.0,0.0,1
2012-07-22 13:30:00+00:00,0.0343416,0.14597829085400002,0.035707537139999995,0.294,0.167,1.4296312110000002,1.4296312,0.2363061999999998,0.49748676,0.0,0.37048675999999997,0.0,0.02704151200441805,1
2012-07-22 14:00:00+00:00,0.03444615,0.146097870177875,0.03581624561625,0.153,0.227,1.4296312110000002,1.4296312,1.1000000244010266e-08,0.0,0.0,0.07400000000000001,0.0,0.005405621196581376,1
2012-07-22 14:30:00+00:00,0.0342432,0.145865745608,0.035605223279999994,0.078,0.277,2.142131211,2.1421312,0.7124999889999999,1.5,0.0,1.699,0.0,0.12391295089399601,1
2012-07-22 15:00:00+00:00,0.0344646,0.1461189724115,0.03583542946499999,0.105,0.294,2.142131211,2.1421312,1.1000000021965661e-08,0.0,0.0,0.189,0.0,0.013808242892886749,1
2012-07-22 15:30:00+00:00,0.03463065,0.146308892514125,0.03600808410375,0.063,0.357,2.142131211,2.1421312,1.1000000021965661e-08,0.0,0.0,0.294,0.0,0.021507407199576372,1
2012-07-22 16:00:00+00:00,0.03618045,0.14808148013862502,0.03761952739875,0.048,0.42,2.142131211,2.1421312,1.1000000021965661e-08,0.0,0.0,0.372,0.0,0.027543155305784252,1
2012-07-22 16:30:00+00:00,0.03727515,0.149333546000375,0.03875776909125,0.024,0.63,2.142131211,2.1421312,1.1000000021965661e-08,0.0,0.0,0.606,0.0,0.04524806443811362,1
2012-07-22 17:00:00+00:00,0.04019025,0.152667698913125,0.041788817193749994,0.009,0.86,2.142131211,2.1421312,1.1000000021965661e-08,0.0,0.0,0.851,0.0,0.06496010588753469,1
2012-07-22 17:30:00+00:00,0.04504875,0.158224620434375,0.04684056403125,0.0,0.339,2.142131211,2.1421312,1.1000000021965661e-08,0.0,0.0,0.339,0.0,0.026819073163626563,1
2012-07-22 18:00:00+00:00,0.0552147,0.16985195116175,0.057410864692499994,0.0,0.282,1.9937101583684211,1.9937102,0.21300811100000017,0.0,0.282,0.0,-0.0,0.0,1
2012-07-22 18:30:00+00:00,0.059532,0.17478987383,0.0618998853,0.0,1.837,1.2042364741578948,1.2042365,0.26262725836842105,0.0,1.5,0.33699999999999997,0.0,0.029452093740354998,1
2012-07-22 19:00:00+00:00,0.05362185,0.168030124992125,0.05575465908374999,0.0,2.3,1.0000000004736842,1.0,0.2042364741578948,0.0,0.3880493,1.9119506999999998,0.0,0.16063265754989042,1
2012-07-22 19:30:00+00:00,0.0438126,0.1568107707815,0.045555246165,0.0,2.51,1.0000000004736842,1.0,4.736842029728905e-10,0.0,0.0,2.51,0.0,0.19679751733078246,1
2012-07-22 20:00:00+00:00,0.0455961,0.15885065336525,0.0474096848775,0.0,1.848,1.0000000004736842,1.0,4.736842029728905e-10,0.0,0.0,1.848,0.0,0.146778003709491,1
2012-07-22 20:30:00+00:00,0.049938,0.163816712345,0.051924283950000004,0.0,1.969,1.0000000004736842,1.0,4.736842029728905e-10,0.0,0.0,1.969,0.0,0.1612775533036525,1
2012-07-22 21:00:00+00:00,0.0460389,0.15935710697225,0.04787009724749999,0.0,2.033,1.0000000004736842,1.0,4.736842029728905e-10,0.0,0.0,2.033,0.0,0.1619864992372921,1
2012-07-22 21:30:00+00:00,0.0422628,0.15503818315700002,0.04394380287000001,0.0,0.754,1.0000000004736842,1.0,4.736842029728905e-10,0.0,0.0,0.754,0.0,0.05844939505018901,1
2012-07-22 22:00:00+00:00,0.03838215,0.150599680017875,0.03990880001624999,0.0,0.192,1.0000000004736842,1.0,4.736842029728905e-10,0.0,0.0,0.192,0.0,0.014457569281716,1
2012-07-22 22:30:00+00:00,0.03865275,0.15090917944437499,0.04019016313125,0.0,0.243,1.0000000004736842,1.0,4.736842029728905e-10,0.0,0.0,0.243,0.0,0.018335465302491562,1
2012-07-22 23:00:00+00:00,0.0369,0.14890446725,0.038367697500000006,0.0,0.18,1.0000000004736842,1.0,4.736842029728905e-10,0.0,0.0,0.18,0.0,0.0134014020525,1
2012-07-22 23:30:00+00:00,0.03555315,0.147364004195375,0.03696727654124999,0.0,0.231,1.0000000004736842,1.0,4.736842029728905e-10,0.0,0.0,0.231,0.0,0.01702054248456581,1
2012-07-23 00:00:00+00:00,0.0345015,0.09666117687874999,0.03587379716249999,0.0,0.194,1.4053904937236843,1.4053905,0.2813632995263158,0.85345367,0.0,1.0474536700000001,0.0,0.050624052234082915,1
2012-07-23 00:30:00+00:00,0.0342432,0.09636574560800001,0.035605223279999994,0.0,0.218,2.117890493723684,2.1178905,0.7125000062763158,1.5,0.0,1.718,0.0,0.08277817547727201,1
2012-07-23 01:00:00+00:00,0.0338988,0.095971837247,0.03524712477,0.0,0.203,2.830390493723684,2.8303905,0.7125000062763158,1.5,0.0,1.703,0.0,0.0817200194158205,1
2012-07-23 01:30:00+00:00,0.0353748,0.09766001593700001,0.03678183266999999,0.0,0.197,3.542890493723684,3.5428905,0.7125000062763158,1.5,0.0,1.697,0.0,0.0828645235225445,1
2012-07-23 02:00:00+00:00,0.03406485,0.09616175734962502,0.03541977940875,0.0,0.171,4.255390493723684,4.2553905,0.7125000062763158,1.5,0.0,1.671,0.0,0.08034314826561172,1
2012-07-23 02:30:00+00:00,0.03413865,0.09624616628412502,0.03549651480375,0.0,0.175,4.967890493723685,4.9678905,0.7125000062763158,1.5,0.0,1.675,0.0,0.08060616426295471,1
2012-07-23 03:00:00+00:00,0.0329763,0.09491672556575002,0.0342879323325,0.0,0.124,5.680390493723685,5.6803905,0.7125000062763149,1.5,0.0,1.624,0.0,0.07707238115938903,1
2012-07-23 03:30:00+00:00,0.03310545,0.09506444120112499,0.03442221927375,0.0,0.177,6.3928904937236855,6.3928905,0.7125000062763149,1.5,0.0,1.677,0.0,0.07971153394714331,1
2012-07-23 04:00:00+00:00,0.03314235,0.09510664566837501,0.03446058697125,0.0,0.143,7.105390493723686,7.1053905,0.7125000062763149,1.5,0.0,1.643,0.0,0.07813010941657007,1
2012-07-23 04:30:00+00:00,0.0337881,0.09584522384525002,0.0351320216775,0.0,0.191,7.817890493723686,7.8178905,0.712500006276314,1.5,0.0,1.691,0.0,0.0810371367611589,1
2012-07-23 05:00:00+00:00,0.0341079,0.32611099589475007,0.0354645417225,0.0,0.272,7.674732598986844,7.6747326,0.07245519372368658,0.0,0.272,0.0,-0.0,0.0,1
2012-07-23 05:30:00+00:00,0.0359529,0.32822121925725,0.037382926597500005,0.0,0.219,7.559469441092107,7.5594694,0.07383359898684372,0.0,0.219,0.0,-0.0,0.0,1
2012-07-23 06:00:00+00:00,0.03689385,0.32929743317212506,0.03836130288375,0.0,0.198,7.4552589147763175,7.4552589,0.08160214109210706,0.0,0.198,0.0,-0.0,0.0,1
2012-07-23 06:30:00+00:00,0.0450795,0.33865979082375003,0.046872537112499994,0.0,0.232,7.333153651618423,7.3331537,0.09324181477631743,0.0,0.232,0.0,-0.0,0.0,1
2012-07-23 07:00:00+00:00,0.0590031,0.3545849431327501,0.0613499483025,0.0,0.18,7.23841680951316,7.2384168,0.10049655161842264,0.0,0.18,0.0,-0.0,0.0,1
2012-07-23 07:30:00+00:00,0.0505407,0.34490605197675006,0.052550956342499996,0.005,1.415,6.4963115463552645,6.4963115,0.10421340951315994,0.0,1.41,2.220446049250313e-16,0.0,3.829226402371489e-17,1
2012-07-23 08:00:00+00:00,0.06026385,0.356026929097125,0.06266084463374999,0.124,1.424,5.812101020039475,5.812101,0.10182744635526486,0.0,1.3,0.0,2.220446049250313e-16,-6.956751245484892e-18,1
2012-07-23 08:30:00+00:00,0.05822205,0.35369161524262505,0.060537832038749996,0.276,0.706,5.585785230565791,5.5857852,0.09194742003947542,0.0,0.43,0.0,5.551115123125783e-17,-1.6802623747577682e-18,1
2012-07-23 09:00:00+00:00,0.05273625,0.34741721777812506,0.05483383434374999,0.303,0.466,5.499995756881581,5.4999958,0.07481823056579096,0.0,0.163,2.7755575615628914e-17,0.0,4.821382429106084e-18,1
2012-07-23 09:30:00+00:00,0.0538371,0.34867631771775004,0.055978470652499994,0.434,0.22,5.601645756881581,5.6016458,0.0523563568815808,0.214,0.0,0.0,-0.0,0.0,1
2012-07-23 10:00:00+00:00,0.04546695,0.33910293772987504,0.04727539793624999,0.44,0.2,5.715645756881581,5.7156458,0.027742956881581016,0.24,0.0,0.0,-0.0,0.0,1
2012-07-23 10:30:00+00:00,0.04547925,0.33911700588562504,0.047288187168749996,0.416,0.626,5.605119441092107,5.6051194,0.004683956881581075,0.0,0.21,2.7755575615628914e-17,0.0,4.706193849702071e-18,1
2012-07-23 11:00:00+00:00,0.0443661,0.15744383779025,0.046130761627499996,0.585,0.177,5.7989194410921066,5.7989194,0.012151558907892657,0.408,0.0,0.0,-0.0,0.0,1
2012-07-23 11:30:00+00:00,0.04340055,0.156339487563875,0.04512680687625,0.493,0.568,5.75944575688158,5.7594458,0.022077558907893646,0.0,0.075,0.0,4.163336342344337e-17,-9.393903754092297e-19,1
2012-07-23 12:00:00+00:00,0.0401349,0.15260439221225,0.0417312656475,0.582,0.159,5.96037075688158,5.9603708,0.024944543118420093,0.423,0.0,0.0,-0.0,0.0,1
2012-07-23 12:30:00+00:00,0.03950145,0.151879882191125,0.04107262017375,0.481,0.2,6.09384575688158,6.0938458,0.02157104311842062,0.281,0.0,5.551115123125783e-17,0.0,4.215513554648581e-18,1
2012-07-23 13:00:00+00:00,0.0377979,0.14993144261975,0.0393013114725,0.526,0.386,6.160345756881579,6.1603458,0.013813843118420266,0.14,0.0,0.0,-0.0,0.0,1
2012-07-23 13:30:00+00:00,0.03760725,0.149713386205625,0.039103078368749995,0.481,0.764,6.160345756881579,6.1603458,0.003894943118420535,0.0,0.0,0.28300000000000003,0.0,0.02118444414809594,1
2012-07-23 14:00:00+00:00,0.03856665,0.150810702354125,0.040100638503749994,0.314,0.442,6.092977335828947,6.0929773,0.007048856881579191,0.0,0.128,0.0,-0.0,0.0,1
2012-07-23 14:30:00+00:00,0.03702915,0.149052182885375,0.03850198444125,0.322,0.214,6.1442773358289475,6.1442773,3.582894692044647e-08,0.108,0.0,0.0,-0.0,0.0,1
2012-07-23 15:00:00+00:00,0.0354486,0.1472444248715,0.03685856806499999,0.162,0.229,6.1442773358289475,6.1442773,3.582894780862489e-08,0.0,0.0,0.067,0.0,0.00493268823319525,1
2012-07-23 15:30:00+00:00,0.0343416,0.14597829085400002,0.035707537139999995,0.082,0.202,6.1442773358289475,6.1442773,3.582894780862489e-08,0.0,0.0,0.12000000000000001,0.0,0.008758697451240001,1
2012-07-23 16:00:00+00:00,0.0371337,0.14917176220925002,0.038610692917499995,0.077,0.367,6.1442773358289475,6.1442773,3.582894780862489e-08,0.0,0.0,0.29,0.0,0.02162990552034125,1
2012-07-23 16:30:00+00:00,0.04073145,0.15328669776612502,0.04235154342375,0.029,0.432,5.932172072671053,5.9321721,0.08480913582894711,0.0,0.403,0.0,5.551115123125783e-17,-1.1754914659364845e-18,1
2012-07-23 17:00:00+00:00,0.05256405,0.166820263597625,0.05465478508875,0.005,0.302,5.775856283197369,5.7758563,0.11880407267105308,0.0,0.297,0.0,-0.0,0.0,1
2012-07-23 17:30:00+00:00,0.0541938,0.16868429423450002,0.05634935839499999,0.0,0.581,5.470066809513158,5.4700668,0.1612423831973686,0.0,0.581,0.0,-0.0,0.0,1
2012-07-23 18:00:00+00:00,0.15277215,0.281433528492875,0.15884866226624997,0.0,1.643,4.680593125302631,4.6805931,0.7894737095131577,0.0,1.5,0.14300000000000002,0.0,0.020122497287240564,1
2012-07-23 18:30:00+00:00,0.1793709,0.31185591530225004,0.1865053775475,0.0,0.579,3.891119441092105,3.8911194,0.7894737253026314,0.0,1.5,0.0,0.921,-0.08588572636062375,1
2012-07-23 19:00:00+00:00,0.16905735,0.30005976670587503,0.17578160609625,0.0,0.269,3.1016457568815783,3.1016458,0.7894736410921048,0.0,1.5,0.0,1.2309999999999999,-0.10819357855224186,1
2012-07-23 19:30:00+00:00,0.1021884,0.22357823797100002,0.10625294361,0.0,0.265,2.962172072671052,2.9621721,0.3360089568815785,0.0,0.265,0.0,-0.0,0.0,1
2012-07-23 20:00:00+00:00,0.0748947,0.19236100036175,0.07787363669249998,0.0,0.208,2.8526983884605257,2.8526984,0.3539097726710523,0.0,0.208,0.0,-0.0,0.0,1
2012-07-23 20:30:00+00:00,0.06224415,0.17789190217287498,0.06471991106625,0.0,0.232,2.7305931253026308,2.7305931,0.35464978846052553,0.0,0.232,0.0,-0.0,0.0,1
2012-07-23 21:00:00+00:00,0.0587448,0.173889511862,0.061081374419999994,0.0,0.931,2.2405931253026306,2.2405931,0.33615042530263084,0.0,0.931,0.0,-0.0,0.0,1
2012-07-23 21:30:00+00:00,0.04490115,0.158055802565375,0.04668709324125,0.0,1.87,1.4511194410921042,1.4511194,0.3017983253026306,0.0,1.5,0.3700000000000001,0.0,0.029240323474594383,1
2012-07-23 22:00:00+00:00,0.038499,0.1507333274975,0.040030297725,0.0,1.588,1.4511194410921042,1.4511194,4.109210416380904e-08,0.0,0.0,1.588,0.0,0.11968226203301502,1
2012-07-23 22:30:00+00:00,0.05167845,0.16580735638362498,0.05373396034874999,0.001,1.48,1.0,1.0,0.20891894109210418,0.0,0.85712694,0.6218730600000001,0.0,0.05155556404239771,1
2012-07-23 23:00:00+00:00,0.04092825,0.153511788258125,0.042556171143749995,0.0,1.425,1.0,1.0,0.0,0.0,0.0,1.425,0.0,0.10937714913391407,1
2012-07-23 23:30:00+00:00,0.04037475,0.152878721249375,0.04198065568125,0.0,1.477,1.0,1.0,0.0,0.0,0.0,1.477,0.0,0.11290093564266343,1
2012-07-24 00:00:00+00:00,0.03860355,0.10135290682137499,0.040139006201249994,0.0,0.189,1.0,1.0,0.0,0.0,0.0,0.189,0.0,0.009577849694619936,1
2012-07-24 00:30:00+00:00,0.03898485,0.10178901964962503,0.04053547240875,0.0,0.164,1.0,1.0,0.0,0.0,0.0,0.164,0.0,0.008346699611269253,1
2012-07-24 01:00:00+00:00,0.0371091,0.09964362589775001,0.03858511445249999,0.0,0.14,1.7125,1.7125,0.7124999999999999,1.5,0.0,1.6400000000000001,0.0,0.08170777323615502,1
2012-07-24 01:30:00+00:00,0.0377241,0.10034703368525001,0.039224576077500004,0.0,0.178,1.79024182025,1.7902418,0.07774180000000008,0.16366699,0.0,0.34166699,0.0,0.01714263447733399,1
2012-07-24 02:00:00+00:00,0.0342801,0.09640795007524999,0.03564359097749999,0.0,0.123,2.50274182025,2.5027418,0.71249997975,1.5,0.0,1.623,0.0,0.07823505148606537,1
2012-07-24 02:30:00+00:00,0.0343908,0.09653456347700001,0.03575869406999999,0.0,0.203,3.2152418202499997,3.2152418,0.71249997975,1.5,0.0,1.703,0.0,0.08219918080066552,1
2012-07-24 03:00:00+00:00,0.03384345,0.09590853054612498,0.03518957322374999,0.0,0.193,3.9277418202499996,3.9277418,0.7124999797500005,1.5,0.0,1.693,0.0,0.0811865711072948,1
2012-07-24 03:30:00+00:00,0.0326196,0.094508749049,0.033917044589999994,0.0,0.296,4.640241820249999,4.6402418,0.7124999797500005,1.5,0.0,1.796,0.0,0.08486885664600201,1
2012-07-24 04:00:00+00:00,0.0322014,0.09403043175350001,0.033482210685,0.0,0.192,5.3527418202499994,5.3527418,0.7124999797500013,1.5,0.0,1.692,0.0,0.07954974526346101,1
2012-07-24 04:30:00+00:00,0.0339234,0.09599997355850001,0.035272703235,0.0,0.231,6.06524182025,6.0652418,0.7124999797500005,1.5,0.0,1.731,0.0,0.08308797711488176,1
2012-07-24 05:00:00+00:00,0.0343416,0.326378290854,0.035707537139999995,0.0,0.179,5.97103129393421,5.9710313,0.06737232024999962,0.0,0.179,0.0,-0.0,0.0,1
2012-07-24 05:30:00+00:00,0.03567,0.32789765167500007,0.03708877425,0.0,0.233,5.848399714986842,5.8483997,0.06883029393421047,0.0,0.233,0.0,-0.0,0.0,1
2012-07-24 06:00:00+00:00,0.03683235,0.32922709239337505,0.038297356721249995,0.0,0.195,5.745768136039473,5.7457681,0.07669291498684228,0.0,0.195,0.0,-0.0,0.0,1
2012-07-24 06:30:00+00:00,0.0418938,0.33501613848450007,0.043560125895,0.0,0.243,5.617873399197368,5.6178734,0.08844603603947299,0.0,0.243,0.0,-0.0,0.0,1
2012-07-24 07:00:00+00:00,0.0567399,0.35199640247475006,0.0589967295225,0.0,0.286,5.467347083407894,5.4673471,0.09584899919736767,0.0,0.286,0.0,-0.0,0.0,1
2012-07-24 07:30:00+00:00,0.04920615,0.34337965707787504,0.05116332461624999,0.004,0.905,4.993136557092105,4.9931366,0.09973938340789434,0.0,0.901,0.0,-0.0,0.0,1
2012-07-24 08:00:00+00:00,0.06111255,0.35699763184387506,0.06354330167625,0.018,1.557,4.203662872881578,4.2036629,0.09755055709210492,0.0,1.5,0.038999999999999924,0.0,0.00696145382095555,1
2012-07-24 08:30:00+00:00,0.0608973,0.35675143911825,0.0633194901075,0.036,1.232,3.5741891886710517,3.5741892,0.08788827288157819,0.0,1.196,0.0,-0.0,0.0,1
2012-07-24 09:00:00+00:00,0.0558297,0.35095535894925006,0.0580503263175,0.074,0.376,3.415241820249999,3.4152418,0.07099338867105187,0.0,0.302,0.0,-0.0,0.0,1
2012-07-24 09:30:00+00:00,0.05989485,0.35560488442462507,0.06227716765874999,0.11,0.309,3.3105049781447358,3.310505,0.048778120249998835,0.0,0.199,0.0,-0.0,0.0,1
2012-07-24 10:00:00+00:00,0.04843125,0.3424933632656251,0.05035760296875,0.112,0.346,3.187347083407894,3.1873471,0.024419978144735843,0.0,0.234,0.0,2.7755575615628914e-17,-6.988521285104798e-19,1
2012-07-24 10:30:00+00:00,0.04841895,0.342479295109875,0.05034481373625,0.082,0.207,3.1215576097236832,3.1215576,0.0016215834078936453,0.0,0.125,0.0,1.3877787807814457e-17,-3.4933732112781e-19,1
2012-07-24 11:00:00+00:00,0.0448458,0.1579924958645,0.046629541695,0.144,0.3,3.1215576097236832,3.1215576,0.014677190276316754,0.0,0.0,0.156,0.0,0.012323414677431001,1
2012-07-24 11:30:00+00:00,0.04341285,0.156353555719625,0.04513959610875,0.157,0.244,3.1215576097236832,3.1215576,0.024363190276316615,0.0,0.0,0.087,0.0,0.006801379673803687,1
2012-07-24 12:00:00+00:00,0.0467769,0.16020119631725,0.048637451197499994,0.229,0.404,3.1215576097236832,3.1215576,0.026988490276316668,0.0,0.0,0.17500000000000002,0.0,0.014017604677759376,1
2012-07-24 12:30:00+00:00,0.04420005,0.157253917687625,0.04595810698875,0.248,0.295,3.1215576097236832,3.1215576,0.023371590276316745,0.0,0.0,0.046999999999999986,0.0,0.0036954670656591864,1
2012-07-24 13:00:00+00:00,0.0420537,0.15479902450925,0.0437263859175,0.2,0.271,3.1215576097236832,3.1215576,0.015368690276316599,0.0,0.0,0.07100000000000001,0.0,0.005495365370078376,1
2012-07-24 13:30:00+00:00,0.03975975,0.15217531346187502,0.04134119405625,0.18,0.252,3.1215576097236832,3.1215576,0.005201390276316609,0.0,0.0,0.07200000000000001,0.0,0.005478311284627501,1
2012-07-24 14:00:00+00:00,0.0399504,0.152393369876,0.041539427159999996,0.196,0.283,3.1215576097236832,3.1215576,9.723683191964483e-09,0.0,0.0,0.08699999999999997,0.0,0.006629111589605997,1
2012-07-24 14:30:00+00:00,0.03963675,0.152034631904375,0.04121330173125,0.201,0.27,3.1215576097236832,3.1215576,9.723683191964483e-09,0.0,0.0,0.069,0.0,0.005245194800700938,1
2012-07-24 15:00:00+00:00,0.03921855,0.15155631460887498,0.04077846782624999,0.155,0.216,3.1215576097236832,3.1215576,9.723683191964483e-09,0.0,0.0,0.061,0.0,0.004622467595570686,1
2012-07-24 15:30:00+00:00,0.03832065,0.15052933923912498,0.039844853853749994,0.077,0.919,3.1215576097236832,3.1215576,9.723683191964483e-09,0.0,0.0,0.8420000000000001,0.0,0.06337285181967163,1
2012-07-24 16:00:00+00:00,0.04282245,0.155678284243625,0.04452571294874999,0.032,1.178,3.1215576097236832,3.1215576,9.723683191964483e-09,0.0,0.0,1.146,0.0,0.08920365687159712,1
2012-07-24 16:30:00+00:00,0.04619265,0.159532958919125,0.04802996265375,0.014,0.576,3.1215576097236832,3.1215576,9.723683191964483e-09,0.0,0.0,0.5619999999999999,0.0,0.04482876145627412,1
2012-07-24 17:00:00+00:00,0.05923065,0.17444520401412503,0.06158654910375,0.0,0.199,3.01682076761842,3.0168208,0.11941950972368343,0.0,0.199,0.0,-0.0,0.0,1
2012-07-24 17:30:00+00:00,0.06388005,0.179762966887625,0.06642087898874999,0.0,0.166,2.9294523465657885,2.9294523,0.1621886676184201,0.0,0.166,0.0,-0.0,0.0,1
2012-07-24 18:00:00+00:00,0.14461725,0.272106341230625,0.15036940111875,0.0,0.287,2.778399714986841,2.7783997,0.2107857465657883,0.0,0.287,0.0,-0.0,0.0,1
2012-07-24 18:30:00+00:00,0.08916885,0.208687095109625,0.09271554100875,0.0,0.176,2.6857681360394725,2.6857681,0.2605615149868412,0.0,0.176,0.0,-0.0,0.0,1
2012-07-24 19:00:00+00:00,0.08916885,0.208687095109625,0.09271554100875,0.0,0.195,2.583136557092104,2.5831366,0.3055932360394724,0.0,0.195,0.0,-0.0,0.0,1
2012-07-24 19:30:00+00:00,0.0704667,0.18729646429175,0.0732695129925,0.0,0.193,2.481557609723683,2.4815576,0.33842475709210396,0.0,0.193,0.0,-0.0,0.0,1
2012-07-24 20:00:00+00:00,0.0515862,0.1657018452155,0.05363804110499999,0.0,0.18,2.38682076761842,2.3868208,0.356723209723683,0.0,0.18,0.0,-0.0,0.0,1
2012-07-24 20:30:00+00:00,0.05164155,0.165765151916375,0.05369559265124999,0.0,0.191,2.2862944518289465,2.2862945,0.3578647676184201,0.0,0.191,0.0,-0.0,0.0,1
2012-07-24 21:00:00+00:00,0.0505653,0.16453418828825,0.0525765348075,0.0,1.129,1.692083925513157,1.6920839,0.33977285182894645,0.0,1.129,0.0,-0.0,0.0,1
2012-07-24 21:30:00+00:00,0.04417545,0.157225781376125,0.045932528523749995,0.0,1.152,1.21376866761842,1.2137687,0.30583052551315704,0.0,0.90879899,0.24320100999999994,0.0,0.01911873441435639,1
2012-07-24 22:00:00+00:00,0.03567615,0.14750468575287498,0.03709516886624999,0.0,0.206,1.21376866761842,1.2137687,3.2381579861961995e-08,0.0,0.0,0.206,0.0,0.015192982632546122,1
2012-07-24 22:30:00+00:00,0.04900935,0.162754566585875,0.050958696896249996,0.0,0.177,1.120610772881578,1.1206108,0.21376866761842006,0.0,0.177,0.0,-0.0,0.0,1
2012-07-24 23:00:00+00:00,0.04035015,0.152850584937875,0.04195507721625,0.0,0.211,1.0095581413026307,1.0095581,0.12061077288157795,0.0,0.211,0.0,-0.0,0.0,1
2012-07-24 23:30:00+00:00,0.03929235,0.151640723543375,0.04085520322124999,0.0,0.221,1.0000000002499991,1.0,0.009558141302630663,0.0,0.018160468,0.202839532,0.0,0.015379366697839781,1
2012-07-25 00:00:00+00:00,0.03525795,0.09752636845737502,0.03666033496125,0.0,0.269,1.0217660045749992,1.021766,2.4999913250667305e-10,0.045823167,0.0,0.314823167,0.0,0.015351780091879853,1
2012-07-25 00:30:00+00:00,0.0334929,0.09550758810725002,0.034825080097499996,0.0,0.273,1.7342660045749991,1.734266,0.7124999954250009,1.5,0.0,1.7730000000000001,0.0,0.08466747685707715,1
2012-07-25 01:00:00+00:00,0.0365187,0.09896835442175002,0.0379712312925,0.0,0.308,1.7342660045749991,1.734266,4.574999046269568e-09,0.0,0.0,0.308,0.0,0.015241126580949503,1
2012-07-25 01:30:00+00:00,0.0371091,0.09964362589775001,0.03858511445249999,0.0,0.23,1.7342660045749991,1.734266,4.574999046269568e-09,0.0,0.0,0.23,0.0,0.011459016978241253,1
2012-07-25 02:00:00+00:00,0.03381885,0.09588039423462501,0.03516399475874999,0.0,0.243,2.4467660045749993,2.446766,0.7124999954250011,1.5,0.0,1.7429999999999999,0.0,0.08355976357547569,1
2012-07-25 02:30:00+00:00,0.0325581,0.09443840827025,0.03385309842749999,0.0,0.23,3.159266004574999,3.159266,0.7124999954250009,1.5,0.0,1.73,0.0,0.08168922315376625,1
2012-07-25 03:00:00+00:00,0.0321522,0.09397415913049999,0.033431053754999995,0.0,0.202,3.871766004574999,3.871766,0.7124999954250009,1.5,0.0,1.702,0.0,0.07997200942005549,1
2012-07-25 03:30:00+00:00,0.03226905,0.094107806610125,0.03355255146375,0.0,0.231,4.584266004574999,4.584266,0.7124999954250013,1.5,0.0,1.731,0.0,0.08145030662106319,1
2012-07-25 04:00:00+00:00,0.03228135,0.094121874765875,0.033565340696249994,0.0,0.191,5.296766004575,5.296766,0.7124999954250004,1.5,0.0,1.691,0.0,0.07958004511454732,1
2012-07-25 04:30:00+00:00,0.032349,0.09419924962250001,0.033635681475000005,0.0,0.226,6.009266004575,6.009266,0.7124999954250004,1.5,0.0,1.726,0.0,0.08129395242421751,1
2012-07-25 05:00:00+00:00,0.0324105,0.32416959040125004,0.0336996276375,0.0,0.172,5.918739688785527,5.9187397,0.07734840457499992,0.0,0.172,0.0,-0.0,0.0,1
2012-07-25 05:30:00+00:00,0.03349905,0.325414622185125,0.03483147471375,0.0,0.157,5.836108109838158,5.8361081,0.07916238878552662,0.0,0.157,0.0,-0.0,0.0,1
2012-07-25 06:00:00+00:00,0.03595905,0.328228253335125,0.03738932121374999,0.0,0.172,5.745581794048685,5.7455818,0.08737230983815802,0.0,0.172,0.0,-0.0,0.0,1
2012-07-25 06:30:00+00:00,0.0416601,0.33474884352525,0.04331713047749999,0.0,0.147,5.668213372996053,5.6682134,0.09946869404868508,0.0,0.147,0.0,-0.0,0.0,1
2012-07-25 07:00:00+00:00,0.0406515,0.33359525475375,0.0422684134125,0.0,0.167,5.580318636153948,5.5803186,0.10722547299605356,0.0,0.167,0.0,-0.0,0.0,1
2012-07-25 07:30:00+00:00,0.04009185,0.332955153667125,0.04168650333374999,0.044,0.723,5.222950215101316,5.2229502,0.11147043615394825,0.0,0.679,0.0,1.1102230246251565e-16,-2.3140657908621294e-18,1
2012-07-25 08:00:00+00:00,0.0489663,0.34310532804075,0.050913934582499994,0.185,1.454,4.555055478259211,4.5550555,0.10963451510131605,0.0,1.269,0.0,-0.0,0.0,1
2012-07-25 08:30:00+00:00,0.04742265,0.341339774494125,0.049308885903749995,0.293,1.511,3.9140028466802637,3.9140028,0.10032027825921119,0.0,1.218,0.0,-0.0,0.0,1
2012-07-25 09:00:00+00:00,0.04392945,0.337344418261125,0.045676743873749995,0.346,0.217,3.975277846680264,3.9752778,0.08376424668026372,0.129,0.0,0.0,-0.0,0.0,1
2012-07-25 09:30:00+00:00,0.0431976,0.336507362994,0.044915784539999996,0.378,0.484,3.9194883729960535,3.9194884,0.06187404668026364,0.0,0.106,0.0,1.3877787807814457e-17,-3.116658635338165e-19,1
2012-07-25 10:00:00+00:00,0.0397044,0.332512006761,0.041283642509999996,0.494,0.49,3.9213883729960535,3.9213884,0.03782317299605342,0.004,0.0,0.0,-0.0,0.0,1
2012-07-25 10:30:00+00:00,0.0396183,0.33241352967075005,0.0411941178825,0.524,0.632,3.8645462677328957,3.8645463,0.015310872996053604,0.0,0.108,0.0,1.3877787807814457e-17,-2.85841613451715e-19,1
2012-07-25 11:00:00+00:00,0.03929235,0.151640723543375,0.04085520322124999,0.548,0.29,3.9870962677328956,3.9870963,0.0020856322671041205,0.258,0.0,0.0,-0.0,0.0,1
2012-07-25 11:30:00+00:00,0.0385851,0.15083180458774997,0.040119822352499994,0.571,0.616,3.96341205720658,3.9634121,0.011556832267104244,0.0,0.045,4.163336342344337e-17,0.0,3.139817668107794e-18,1
2012-07-25 12:00:00+00:00,0.0350919,0.14683644835475002,0.0364876803225,0.576,0.198,4.14296205720658,4.1429621,0.013989942793420251,0.378,0.0,1.1102230246251565e-16,0.0,8.151060290881308e-18,1
2012-07-25 12:30:00+00:00,0.0346122,0.14628779028049999,0.035988900255,0.574,0.185,4.32773705720658,4.3277371,0.010203142793420383,0.389,0.0,1.1102230246251565e-16,0.0,8.120603649547364e-18,1
2012-07-25 13:00:00+00:00,0.03444,0.14609083609999998,0.035809851,0.528,0.176,4.49493705720658,4.4949371,0.0020522427934199783,0.352,0.0,0.0,-0.0,0.0,1
2012-07-25 13:30:00+00:00,0.0343416,0.14597829085400002,0.035707537139999995,0.49,0.195,4.63506205720658,4.6350621,4.279341947466264e-08,0.295,0.0,0.0,-0.0,0.0,1
2012-07-25 14:00:00+00:00,0.03383115,0.145394462390375,0.035176783991249995,0.43,0.171,4.7580870572065805,4.7580871,4.279341947466264e-08,0.259,0.0,5.551115123125783e-17,0.0,4.035506994969768e-18,1
2012-07-25 14:30:00+00:00,0.03383115,0.145394462390375,0.035176783991249995,0.359,0.274,4.798462057206581,4.7984621,4.279341947466264e-08,0.085,0.0,5.551115123125783e-17,0.0,4.035506994969768e-18,1
2012-07-25 15:00:00+00:00,0.0343416,0.14597829085400002,0.035707537139999995,0.287,0.176,4.85118705720658,4.8511871,0.04344345720658094,0.111,0.0,0.0,-0.0,0.0,1
2012-07-25 15:30:00+00:00,0.03444615,0.146097870177875,0.03581624561625,0.201,0.187,4.85783705720658,4.8578371,0.05679815720657988,0.014,0.0,0.0,-0.0,0.0,1
2012-07-25 16:00:00+00:00,0.03469215,0.14637923329287497,0.03607203026624999,0.107,0.191,4.81362653089079,4.8136265,0.07491735720658,0.0,0.084,0.0,-0.0,0.0,1
2012-07-25 16:30:00+00:00,0.03437235,0.146013461243375,0.03573951022125,0.019,0.168,4.7352054782592115,4.7352055,0.10039303089078988,0.0,0.149,2.7755575615628914e-17,0.0,2.0263438322200983e-18,1
2012-07-25 17:00:00+00:00,0.03736125,0.149432023090625,0.038847293718749995,0.002,0.437,4.506258109838159,4.5062581,0.1347105782592113,0.0,0.435,0.0,-0.0,0.0,1
2012-07-25 17:30:00+00:00,0.03736125,0.149432023090625,0.038847293718749995,0.0,0.502,4.242047583522369,4.2420476,0.17747330983815868,0.0,0.502,0.0,-0.0,0.0,1
2012-07-25 18:00:00+00:00,0.0452886,0.1584989494715,0.047089954064999995,0.0,1.697,3.452573899311843,3.4525739,0.22605488352236947,0.0,1.5,0.19700000000000006,0.0,0.015612146522942755,1
2012-07-25 18:30:00+00:00,0.0454977,0.15873810811925002,0.0473073710175,0.0,2.157,2.6631002151013163,2.6631002,0.27580739931184306,0.0,1.5,0.657,0.0,0.05214546851717363,1
2012-07-25 19:00:00+00:00,0.0441324,0.157176542831,0.04588776620999999,0.0,1.942,1.87362653089079,1.8736265,0.3208082151013163,0.0,1.5,0.44199999999999995,0.0,0.03473601596565099,1
2012-07-25 19:30:00+00:00,0.03971055,0.152119040838875,0.04129003712625,0.0,1.515,1.87362653089079,1.8736265,3.0890789926019124e-08,0.0,0.0,1.515,0.0,0.11523017343544781,1
2012-07-25 20:00:00+00:00,0.04014105,0.152611426290125,0.04173766026374999,0.0,1.182,1.7276860519434216,1.7276861,0.14594043089079012,0.0,0.27728691,0.90471309,0.0,0.06903477752412311,1
2012-07-25 20:30:00+00:00,0.0413526,0.1539971396315,0.042997399665000005,0.0,0.852,1.2792649993118426,1.279265,0.37292835194342167,0.0,0.852,0.0,-0.0,0.0,1
2012-07-25 21:00:00+00:00,0.0407499,0.15330779999975,0.04237072727249999,0.0,0.793,1.0,1.0,0.27926499931184257,0.0,0.5306035,0.26239650000000003,0.0,0.020113715071317203,1
2012-07-25 21:30:00+00:00,0.0360267,0.14790562819175002,0.037459661992500004,0.0,1.881,1.0,1.0,0.0,0.0,0.0,1.881,0.0,0.1391052433143409,1
2012-07-25 22:00:00+00:00,0.03423705,0.145858711530125,0.03559882866375,0.0,1.795,1.0,1.0,0.0,0.0,0.0,1.795,0.0,0.13090819359828718,1
2012-07-25 22:30:00+00:00,0.03801315,0.150177635345375,0.03952512304125,0.001,2.038,1.0,1.0,0.0,0.0,0.0,2.037,0.0,0.15295592159926444,1
2012-07-25 23:00:00+00:00,0.0337512,0.14530301937800003,0.03509365398,0.0,0.615,1.0,1.0,0.0,0.0,0.0,0.615,0.0,0.04468067845873501,1
2012-07-25 23:30:00+00:00,0.0345384,0.146203381346,0.03591216485999999,0.0,0.228,1.0,1.0,0.0,0.0,0.0,0.228,0.0,0.016667185473444,1
2012-07-26 00:00:00+00:00,0.0336774,0.0957186104435,0.035016918585,0.0,0.215,1.7125,1.7125,0.7124999999999999,1.5,0.0,1.715,0.0,0.08207870845530126,1
2012-07-26 00:30:00+00:00,0.0339603,0.09604217802575002,0.0353110709325,0.0,0.237,1.91045255925,1.9104526,0.0,0.41674223,0.0,0.65374223,0.0,0.031393413818305405,1
2012-07-26 01:00:00+00:00,0.03451995,0.09668227911237502,0.03589298101125,0.0,0.202,1.91045255925,1.9104526,4.0750000041001044e-08,0.0,0.0,0.202,0.0,0.009764910190349878,1
2012-07-26 01:30:00+00:00,0.03390495,0.09597887132487501,0.03525351938625,0.0,0.218,2.62295255925,2.6229526,0.7125000407500002,1.5,0.0,1.718,0.0,0.08244585046806763,1
2012-07-26 02:00:00+00:00,0.03255195,0.09443137419237502,0.033846703811250003,0.0,0.189,3.3354525592499997,3.3354526,0.7125000407500002,1.5,0.0,1.689,0.0,0.07974729550546071,1
2012-07-26 02:30:00+00:00,0.03132195,0.093024558617375,0.032567780561249995,0.0,0.215,4.04795255925,4.0479526,0.7125000407500006,1.5,0.0,1.715,0.0,0.07976855901439907,1
2012-07-26 03:00:00+00:00,0.030504,0.09208902626,0.0317172966,0.0,0.217,4.76045255925,4.7604526,0.7125000407500002,1.5,0.0,1.717,0.0,0.07905842904421,1
2012-07-26 03:30:00+00:00,0.0296061,0.09106205089025,0.030783682627499996,0.0,0.198,5.47295255925,5.4729526,0.7125000407500002,1.5,0.0,1.698,0.0,0.07731168120582226,1
2012-07-26 04:00:00+00:00,0.0262851,0.08726364883775001,0.027330589852499997,0.0,0.215,6.185452559250001,6.1854526,0.7125000407499993,1.5,0.0,1.715,0.0,0.07482857887837063,1
2012-07-26 04:30:00+00:00,0.02763195,0.08880411189237501,0.02873101081125,0.0,0.219,6.897952559250001,6.8979526,0.7125000407499993,1.5,0.0,1.719,0.0,0.07632713417149632,1
2012-07-26 05:00:00+00:00,0.03023955,0.321686560911375,0.03144232810124999,0.0,0.279,6.751110453986843,6.7511105,0.08904015925000142,0.0,0.279,0.0,-0.0,0.0,1
2012-07-26 05:30:00+00:00,0.0331854,0.3250558842135,0.034505349284999993,0.0,0.231,6.629531506618422,6.6295315,0.09054095398684314,0.0,0.231,0.0,-0.0,0.0,1
2012-07-26 06:00:00+00:00,0.0336528,0.32559047413200004,0.03499134011999999,0.0,0.212,6.517952559250001,6.5179526,0.09842750661842192,0.0,0.212,0.0,-0.0,0.0,1
2012-07-26 06:30:00+00:00,0.03750885,0.33000084095962506,0.03900076450875,0.0,0.209,6.407952559250001,6.4079526,0.1101956592500013,0.0,0.209,0.0,-0.0,0.0,1
2012-07-26 07:00:00+00:00,0.04011645,0.332983289978625,0.041712081798749995,0.0,0.22,6.29216308556579,6.2921631,0.11763545925000063,0.0,0.22,0.0,-0.0,0.0,1
2012-07-26 07:30:00+00:00,0.0389295,0.33162571294875004,0.040477920862499996,0.017,0.212,6.1895315066184216,6.1895315,0.12156528556579005,0.0,0.195,0.0,-0.0,0.0,1
2012-07-26 08:00:00+00:00,0.04278555,0.336036079776375,0.04448734525124999,0.022,0.417,5.981636769776316,5.9816368,0.11941540661842165,0.0,0.395,0.0,5.551115123125783e-17,-1.234771875059659e-18,1
2012-07-26 08:30:00+00:00,0.04170315,0.33479808207037504,0.04336189279125,0.112,0.234,5.917426243460527,5.9174262,0.10978556977631637,0.0,0.122,1.3877787807814457e-17,0.0,2.3231283707179573e-18,1
2012-07-26 09:00:00+00:00,0.03966135,0.332462768215875,0.041238880196249994,0.077,0.433,5.730057822407896,5.7300578,0.09290904346052731,0.0,0.356,0.0,-0.0,0.0,1
2012-07-26 09:30:00+00:00,0.0396183,0.33241352967075005,0.0411941178825,0.082,0.456,5.5332157171447385,5.5332157,0.07069022240789558,0.0,0.374,0.0,-0.0,0.0,1
2012-07-26 10:00:00+00:00,0.03958755,0.33237835928137505,0.041162144801249995,0.207,0.691,5.278478875039475,5.2784789,0.046299017144738386,0.0,0.484,0.0,-0.0,0.0,1
2012-07-26 10:30:00+00:00,0.03956295,0.33235022296987504,0.04113656633625,0.196,0.276,5.2363736118815805,5.2363736,0.023432575039475267,0.0,0.08,1.3877787807814457e-17,0.0,2.306142936127874e-18,1
2012-07-26 11:00:00+00:00,0.03674625,0.14872861530312498,0.03820783209375,0.174,0.55,5.038478875039475,5.0384789,0.005441111881580696,0.0,0.376,5.551115123125783e-17,0.0,4.128048328253669e-18,1
2012-07-26 11:30:00+00:00,0.03440925,0.146055665710625,0.03577787791875,0.194,0.49,4.882689401355265,4.8826894,0.0049082249605252315,0.0,0.296,0.0,-0.0,0.0,1
2012-07-26 12:00:00+00:00,0.03442155,0.146069733866375,0.035790667151250004,0.186,0.255,4.846373611881581,4.8463736,0.007702698644735051,0.0,0.069,0.0,-0.0,0.0,1
2012-07-26 12:30:00+00:00,0.0344646,0.1461189724115,0.03583542946499999,0.193,0.597,4.838591483460529,4.8385915,0.0042901881184196355,0.0,0.014786044,0.38921395599999997,0.0,0.02843577164946738,1
2012-07-26 13:00:00+00:00,0.0343416,0.14597829085400002,0.035707537139999995,0.207,0.228,4.838591483460529,4.8385915,1.6539471126009175e-08,0.0,0.0,0.02100000000000002,0.0,0.0015327720539670016,1
2012-07-26 13:30:00+00:00,0.03412635,0.145732098128375,0.03548372557125,0.114,0.588,4.838591483460529,4.8385915,1.6539471126009175e-08,0.0,0.0,0.474,0.0,0.03453850725642488,1
2012-07-26 14:00:00+00:00,0.0338988,0.14547183724700002,0.03524712477,0.036,0.193,4.838591483460529,4.8385915,1.6539471126009175e-08,0.0,0.0,0.157,0.0,0.011419539223889502,1
2012-07-26 14:30:00+00:00,0.0337389,0.14528895122225002,0.0350808647475,0.054,0.2,4.838591483460529,4.8385915,1.6539471126009175e-08,0.0,0.0,0.14600000000000002,0.0,0.010606093439224253,1
2012-07-26 15:00:00+00:00,0.033825,0.1453874283125,0.035170389375,0.066,0.169,4.838591483460529,4.8385915,1.6539471126009175e-08,0.0,0.0,0.10300000000000001,0.0,0.007487452558093751,1
2012-07-26 15:30:00+00:00,0.0339849,0.14557031433724998,0.035336649397499996,0.081,0.21,4.838591483460529,4.8385915,1.6539471126009175e-08,0.0,0.0,0.129,0.0,0.009389285274752624,1
2012-07-26 16:00:00+00:00,0.03418785,0.145802438907125,0.035547671733749994,0.044,0.162,4.838591483460529,4.8385915,1.6539471126009175e-08,0.0,0.0,0.11800000000000001,0.0,0.008602343895520375,1
2012-07-26 16:30:00+00:00,0.0365187,0.14846835442175,0.0379712312925,0.01,0.207,4.734907272934213,4.7349073,0.10328738346052901,0.0,0.197,0.0,2.7755575615628914e-17,-5.269566906787592e-19,1
2012-07-26 17:00:00+00:00,0.0378225,0.14995957893125,0.0393268899375,0.007,0.245,4.609644115039476,4.6096441,0.13713387293421242,0.0,0.238,0.0,-0.0,0.0,1
2012-07-26 17:30:00+00:00,0.03880035,0.15107799731337498,0.04034363392125,0.0,0.208,4.50017043082895,4.5001704,0.1794314150394758,0.0,0.208,0.0,-0.0,0.0,1
2012-07-26 18:00:00+00:00,0.0475272,0.161059353818,0.04941759438,0.0,0.181,4.404907272934214,4.4049073,0.22755633082894988,0.0,0.181,0.0,-0.0,0.0,1
2012-07-26 18:30:00+00:00,0.0481545,0.16177682976125002,0.0500698452375,0.0,0.185,4.307538851881582,4.3075389,0.2768622729342134,0.0,0.185,0.0,-0.0,0.0,1
2012-07-26 19:00:00+00:00,0.0477978,0.16136885324449998,0.049698957494999994,0.0,0.179,4.213328325565793,4.2133283,0.32142715188158233,0.0,0.179,0.0,-0.0,0.0,1
2012-07-26 19:30:00+00:00,0.04213365,0.154890467521625,0.04380951592875,0.0,0.206,4.104907272934214,4.1049073,0.35379992556579287,0.0,0.206,0.0,-0.0,0.0,1
2012-07-26 20:00:00+00:00,0.0396675,0.15206980229375,0.041245274812499996,0.0,0.157,4.022275693986845,4.0222757,0.3716317729342138,0.0,0.157,0.0,-0.0,0.0,1
2012-07-26 20:30:00+00:00,0.04620495,0.159547027074875,0.04804275188625,0.0,0.206,3.9138546413552664,3.9138546,0.3722935939868455,0.0,0.206,0.0,-0.0,0.0,1
2012-07-26 21:00:00+00:00,0.04458135,0.157690030515875,0.04635457319624999,0.0,0.172,3.8233283255657926,3.8233283,0.3537151413552664,0.0,0.172,0.0,-0.0,0.0,1
2012-07-26 21:30:00+00:00,0.03966135,0.152062768215875,0.041238880196249994,0.0,0.2,3.718065167671056,3.7180652,0.31927382556579254,0.0,0.2,0.0,-0.0,0.0,1
2012-07-26 22:00:00+00:00,0.03634035,0.14826436616337502,0.03778578742125,0.001,0.176,3.625959904513161,3.6259599,0.2745952676710557,0.0,0.175,0.0,-0.0,0.0,1
2012-07-26 22:30:00+00:00,0.04311765,0.156015919981625,0.044832654528749995,0.0,0.181,3.5306967466184243,3.5306967,0.22616620451316116,0.0,0.181,0.0,-0.0,0.0,1
2012-07-26 23:00:00+00:00,0.03659865,0.14855979743412498,0.03805436130375,0.0,0.26,3.3938546413552664,3.3938546,0.18041754661842413,0.0,0.26,0.0,-0.0,0.0,1
2012-07-26 23:30:00+00:00,0.0362973,0.14821512761825,0.03774102510749999,0.0,0.212,3.282275693986845,3.2822757,0.14099974135526638,0.0,0.212,0.0,-0.0,0.0,1
2012-07-27 00:00:00+00:00,0.0342555,0.09637981376375002,0.035618012512500005,0.0,0.171,3.7249999997368453,3.725,0.44272430601315493,0.93205117,0.0,1.10305117,0.0,0.05315593316824328,1
2012-07-27 00:30:00+00:00,0.0339234,0.09599997355850001,0.035272703235,0.0,0.195,4.437499999736845,4.4375,0.7125000002631547,1.5,0.0,1.695,0.0,0.08135997759082876,1
2012-07-27 01:00:00+00:00,0.03822225,0.10091679399312502,0.03974253999375,0.0,0.177,4.437499999736845,4.4375,2.631548312592713e-10,0.0,0.0,0.177,0.0,0.008931136268391563,1
2012-07-27 01:30:00+00:00,0.03846825,0.10119815710812499,0.03999832464375,0.0,0.181,4.437499999736845,4.4375,2.631548312592713e-10,0.0,0.0,0.181,0.0,0.009158433218285312,1
2012-07-27 02:00:00+00:00,0.03443385,0.09658380202212502,0.03580345638375,0.0,0.183,4.437499999736845,4.4375,2.631548312592713e-10,0.0,0.0,0.183,0.0,0.00883741788502444,1
2012-07-27 02:30:00+00:00,0.03321,0.09518402052500002,0.03453092775,0.0,0.171,5.1499999997368455,5.15,0.7125000002631552,1.5,0.0,1.671,0.0,0.07952624914863753,1
2012-07-27 03:00:00+00:00,0.032349,0.09419924962250001,0.033635681475000005,0.0,0.189,5.862499999736846,5.8625,0.7125000002631543,1.5,0.0,1.689,0.0,0.07955126630620125,1
2012-07-27 03:30:00+00:00,0.03140805,0.09312303570762501,0.03265730518875,0.0,0.255,6.574999999736846,6.575,0.7125000002631543,1.5,0.0,1.755,0.0,0.08171546383344094,1
2012-07-27 04:00:00+00:00,0.031734,0.09349584183500001,0.032996219849999994,0.0,0.233,7.287499999736847,7.2875,0.7125000002631534,1.5,0.0,1.733,0.0,0.08101414695002751,1
2012-07-27 04:30:00+00:00,0.0318324,0.09360838708100001,0.033098533709999996,0.0,0.201,7.999999999736847,8.0,0.7125000002631534,1.5,0.0,1.701,0.0,0.07961393321239052,1
2012-07-27 05:00:00+00:00,0.03279795,0.324612737307375,0.03410248846125,0.0,0.173,7.908947368157899,7.9089474,0.08214239973684734,0.0,0.173,0.0,-0.0,0.0,1
2012-07-27 05:30:00+00:00,0.0343908,0.326434563477,0.03575869406999999,0.0,0.131,7.839999999736847,7.84,0.08333486815789914,0.0,0.131,0.0,-0.0,0.0,1
2012-07-27 06:00:00+00:00,0.03678315,0.32917081977037504,0.03824619979125,0.0,0.137,7.767894736578952,7.7678947,0.09092079973684708,0.0,0.137,0.0,-0.0,0.0,1
2012-07-27 06:30:00+00:00,0.03937845,0.33213920063362506,0.04094472784875,0.0,0.143,7.692631578684215,7.6926316,0.10240173657895202,0.0,0.143,0.0,-0.0,0.0,1
2012-07-27 07:00:00+00:00,0.04959975,0.343829838061875,0.05157258005625,0.0,0.156,7.61052631552632,7.6105263,0.10958257868421484,0.0,0.156,0.0,-0.0,0.0,1
2012-07-27 07:30:00+00:00,0.0414756,0.334537821189,0.043125291989999995,0.052,0.274,7.493684210263162,7.4936842,0.11327281552631963,0.0,0.222,2.7755575615628914e-17,0.0,4.642644896149517e-18,1
2012-07-27 08:00:00+00:00,0.0498765,0.34414637156625005,0.051860337787499995,0.191,0.164,7.506509210263162,7.5065092,0.1109011102631614,0.027,0.0,0.0,-0.0,0.0,1
2012-07-27 08:30:00+00:00,0.0499872,0.344272984968,0.05197544088,0.293,0.212,7.544984210263162,7.5449842,0.10106421026316159,0.081,0.0,0.0,-0.0,0.0,1
2012-07-27 09:00:00+00:00,0.0388557,0.33154130401425,0.040401185467499996,0.377,0.159,7.648534210263162,7.6485342,0.08399201026316216,0.218,0.0,0.0,-0.0,0.0,1
2012-07-27 09:30:00+00:00,0.03950145,0.33227988219112503,0.04107262017375,0.439,0.21,7.757309210263162,7.7573092,0.06158451026316225,0.229,0.0,0.0,-0.0,0.0,1
2012-07-27 10:00:00+00:00,0.0373797,0.32985312532425004,0.0388664775675,0.49,0.178,7.905509210263162,7.9055092,0.037008510263161654,0.312,0.0,0.0,-0.0,0.0,1
2012-07-27 10:30:00+00:00,0.0342924,0.32632201823100004,0.03565638021,0.528,0.187,7.994074836513162,7.9940748,0.013957910263162177,0.18645395,0.0,0.0,0.15454605,-0.002755276359376835,1
2012-07-27 11:00:00+00:00,0.03443385,0.146083802022125,0.03580345638375,0.553,0.189,7.994074836513162,7.9940748,3.651316227148982e-08,0.0,0.0,0.0,0.36400000000000005,-0.006516229061842501,1
2012-07-27 11:30:00+00:00,0.03447075,0.14612600648937502,0.03584182408125,0.574,0.173,7.994074836513162,7.9940748,3.651316227148982e-08,0.0,0.0,0.0,0.40099999999999997,-0.007186285728290625,1
2012-07-27 12:00:00+00:00,0.0343662,0.1460064271655,0.035733115605,0.578,0.199,7.994074836513162,7.9940748,3.651316227148982e-08,0.0,0.0,0.0,0.37899999999999995,-0.006771425407147498,1
2012-07-27 12:30:00+00:00,0.0344646,0.1461189724115,0.03583542946499999,0.577,0.188,7.994074836513162,7.9940748,3.651316227148982e-08,0.0,0.0,0.0,0.38899999999999996,-0.006969991030942498,1
2012-07-27 13:00:00+00:00,0.0339603,0.14554217802575,0.0353110709325,0.506,0.177,7.999999999813162,8.0,0.005925163486837803,0.012474028,0.0,0.0,0.316525972,-0.005588435524635255,1
2012-07-27 13:30:00+00:00,0.03378195,0.14533818976737498,0.03512562706124999,0.371,0.276,7.999999999813162,8.0,0.004211999813161782,0.0,0.0,0.0,0.09499999999999997,-0.0016684672854093742,1
2012-07-27 14:00:00+00:00,0.0330009,0.14444486187724997,0.034313510797499995,0.414,0.175,7.999999999813162,8.0,0.01533479981316166,0.0,0.0,0.0,0.239,-0.004100464540301249,1
2012-07-27 14:30:00+00:00,0.03276105,0.144170532840125,0.03406412076375,0.108,0.191,7.956315789286846,7.9563158,0.025926299813161968,0.0,0.083,0.0,-0.0,0.0,1
2012-07-27 15:00:00+00:00,0.0325335,0.14391027195875,0.0338275199625,0.067,0.207,7.88263157876053,7.8826316,0.036593889286845815,0.0,0.14,0.0,2.7755575615628914e-17,-4.694511441041826e-19,1
2012-07-27 15:30:00+00:00,0.03390495,0.145478871324875,0.03525351938625,0.038,0.163,7.8168421050763195,7.8168421,0.04929997876052994,0.0,0.125,0.0,-0.0,0.0,1
2012-07-27 16:00:00+00:00,0.03396645,0.145549212103625,0.035317465548749996,0.031,0.199,7.728421052444741,7.7284211,0.06677430507631943,0.0,0.168,0.0,-0.0,0.0,1
2012-07-27 16:30:00+00:00,0.0350181,0.14675203942025,0.0364109449275,0.029,0.178,7.649999999813162,7.65,0.09161415244474114,0.0,0.149,0.0,-0.0,0.0,1
2012-07-27 17:00:00+00:00,0.0331977,0.14466995236925,0.0345181385175,0.004,0.182,7.556315789286846,7.5563158,0.12531049981316222,0.0,0.178,0.0,-0.0,0.0,1
2012-07-27 17:30:00+00:00,0.03408945,0.145689893661125,0.03544535787375,0.0,0.168,7.467894736655268,7.4678947,0.1674722892868461,0.0,0.168,0.0,-0.0,0.0,1
2012-07-27 18:00:00+00:00,0.03893565,0.15123274702662498,0.04048431547875,0.0,0.199,7.363157894550005,7.3631579,0.21547793665526793,0.0,0.199,0.0,-0.0,0.0,1
2012-07-27 18:30:00+00:00,0.0387819,0.15105689507975,0.0403244500725,0.0,0.153,7.282631578760531,7.2826316,0.2646820945500048,0.0,0.153,0.0,-0.0,0.0,1
2012-07-27 19:00:00+00:00,0.03929235,0.151640723543375,0.04085520322124999,0.0,0.197,7.1789473682342155,7.1789474,0.309162978760531,0.0,0.197,0.0,-0.0,0.0,1
2012-07-27 19:30:00+00:00,0.03571305,0.147546890220125,0.03713353656375,0.0,0.119,7.116315789286847,7.1163158,0.34147206823421516,0.0,0.119,0.0,-0.0,0.0,1
2012-07-27 20:00:00+00:00,0.0341448,0.145753200362,0.035502909420000006,0.0,0.137,7.044210526128952,7.0442105,0.35925188928684637,0.0,0.137,0.0,-0.0,0.0,1
2012-07-27 20:30:00+00:00,0.0420537,0.15479902450925,0.0437263859175,0.0,0.137,6.9721052629710565,6.9721053,0.3598708261289518,0.0,0.137,0.0,-0.0,0.0,1
2012-07-27 21:00:00+00:00,0.03867735,0.15093731575587502,0.04021574159624999,0.0,0.133,6.902105262971056,6.9021053,0.34126126297105674,0.0,0.133,0.0,-0.0,0.0,1
2012-07-27 21:30:00+00:00,0.03670935,0.148686410835875,0.03816946439625,0.0,0.144,6.826315789286846,6.8263158,0.306797562971056,0.0,0.144,0.0,-0.0,0.0,1
2012-07-27 22:00:00+00:00,0.03388035,0.145450735013375,0.03522794092124999,0.0,0.28,6.678947368234214,6.6789474,0.2621032892868458,0.0,0.28,0.0,-0.0,0.0,1
2012-07-27 22:30:00+00:00,0.04082985,0.153399243012125,0.04245385728375,0.0,0.172,6.58842105244474,6.5884211,0.21366496823421333,0.0,0.172,0.0,-0.0,0.0,1
2012-07-27 23:00:00+00:00,0.03603285,0.14791266226962502,0.03746605660874999,0.0,0.199,6.483684210339478,6.4836842,0.16791445244474001,0.0,0.199,0.0,-0.0,0.0,1
2012-07-27 23:30:00+00:00,0.0399504,0.152393369876,0.041539427159999996,0.0,0.195,6.381052631392109,6.3810526,0.12850681033947797,0.0,0.195,0.0,-0.0,0.0,1
2012-07-28 00:00:00+00:00,0.03801315,0.100677635345375,0.03952512304125,0.0,0.173,6.381052631392109,6.3810526,3.1392108468253355e-08,0.0,0.0,0.173,0.0,0.008708615457374936,1
2012-07-28 00:30:00+00:00,0.03745965,0.10004456833662499,0.03894960757874999,0.0,0.2,6.381052631392109,6.3810526,3.1392108468253355e-08,0.0,0.0,0.2,0.0,0.0100044568336625,1
2012-07-28 01:00:00+00:00,0.0363711,0.09879953655275002,0.0378177605025,0.0,0.192,6.381052631392109,6.3810526,3.1392108468253355e-08,0.0,0.0,0.192,0.0,0.009484755509064002,1
2012-07-28 01:30:00+00:00,0.0353379,0.09761781146975,0.036743464972499994,0.0,0.166,6.381052631392109,6.3810526,3.1392108468253355e-08,0.0,0.0,0.166,0.0,0.008102278351989251,1
2012-07-28 02:00:00+00:00,0.03336375,0.09535987247187501,0.03469079315625,0.0,0.197,6.575000000142109,6.575,0.1939473686078914,0.40831025,0.0,0.60531025,0.0,0.028861154122959393,1
2012-07-28 02:30:00+00:00,0.03380655,0.095866326078875,0.03515120552624999,0.0,0.178,6.575000000142109,6.575,1.4210854715202004e-10,0.0,0.0,0.178,0.0,0.008532103021019874,1
2012-07-28 03:00:00+00:00,0.0342186,0.09633760929650001,0.035579644815000006,0.0,0.188,6.575000000142109,6.575,1.4210854715202004e-10,0.0,0.0,0.188,0.0,0.009055735273871001,1
2012-07-28 03:30:00+00:00,0.03411405,0.096218029972625,0.035470936338749995,0.0,0.174,6.575000000142109,6.575,1.4210854715202004e-10,0.0,0.0,0.174,0.0,0.008370968607618375,1
2012-07-28 04:00:00+00:00,0.0326934,0.0945931579835,0.03399377998499999,0.0,0.157,7.287500000142108,7.2875,0.7124999998578909,1.5,0.0,1.657,0.0,0.07837043138932975,1
2012-07-28 04:30:00+00:00,0.03085455,0.092489968698875,0.03208178972625,0.0,0.12,8.0,8.0,0.7124999998578918,1.5,0.0,1.62,0.0,0.07491687464608876,1
2012-07-28 05:00:00+00:00,0.0314634,0.32308634240850004,0.032714856735000006,0.0,0.144,7.92421052631579,7.9242105,0.07032989999999995,0.0,0.144,0.0,-0.0,0.0,1
2012-07-28 05:30:00+00:00,0.03207225,0.32378271611812504,0.033347923743749994,0.0,0.116,7.863157894736842,7.8631579,0.0716338263157894,0.0,0.116,0.0,-0.0,0.0,1
2012-07-28 06:00:00+00:00,0.03209685,0.32381085242962504,0.033373502208749996,0.0,0.15,7.78421052631579,7.7842105,0.07933929473684209,0.0,0.15,0.0,-0.0,0.0,1
2012-07-28 06:30:00+00:00,0.03385575,0.325822598701875,0.03520236245624999,0.0,0.251,7.652105263157895,7.6521053,0.09095242631578948,0.0,0.251,0.0,-0.0,0.0,1
2012-07-28 07:00:00+00:00,0.0340341,0.32602658696025005,0.0353878063275,0.0,0.192,7.551052631578948,7.5510526,0.09829376315789506,0.0,0.192,0.0,-0.0,0.0,1
2012-07-28 07:30:00+00:00,0.0335544,0.325477928886,0.03488902625999999,0.053,0.189,7.479473684210527,7.4794737,0.10216313157894774,0.0,0.136,0.0,-0.0,0.0,1
2012-07-28 08:00:00+00:00,0.0350919,0.32723644835475,0.0364876803225,0.193,0.175,7.4880236842105266,7.4880237,0.09998718421052732,0.018,0.0,0.0,2.7755575615628914e-17,-5.06368285115022e-19,1
2012-07-28 08:30:00+00:00,0.0360759,0.32836190081475,0.037510818922499994,0.298,0.196,7.536473684210526,7.5364737,0.09035998421052671,0.102,0.0,0.0,-0.0,0.0,1
2012-07-28 09:00:00+00:00,0.03802545,0.33059170350112504,0.03953791227375,0.379,0.182,7.630048684210527,7.6300487,0.07350718421052616,0.197,0.0,0.0,-0.0,0.0,1
2012-07-28 09:30:00+00:00,0.03870195,0.331365452067375,0.040241320061249995,0.448,0.184,7.755448684210527,7.7554487,0.051324884210527166,0.264,0.0,0.0,-0.0,0.0,1
2012-07-28 10:00:00+00:00,0.03634035,0.328664366163375,0.03778578742125,0.5,0.197,7.899373684210527,7.8993737,0.026975884210527212,0.303,0.0,0.0,-0.0,0.0,1
2012-07-28 10:30:00+00:00,0.03688155,0.32928336501637506,0.03834851365125,0.539,0.17,7.900980518153027,7.9009805,0.00415118421052707,0.0033828083,0.0,0.0,0.3656171917,-0.007010437933519569,1
2012-07-28 11:00:00+00:00,0.0352641,0.14703340253525,0.036666729577499994,0.569,0.206,7.913437532328027,7.9134375,0.012456981846972859,0.026225293,0.0,0.0,0.33677470699999995,-0.006174213555055396,1
2012-07-28 11:30:00+00:00,0.034563,0.1462315176575,0.035937743325,0.588,0.179,7.935685066003027,7.9356851,0.022247567671972668,0.046836913,0.0,0.0,0.362163087,-0.006507662031197822,1
2012-07-28 12:00:00+00:00,0.0342309,0.14585167745225,0.0355924340475,0.589,0.179,7.960704296878028,7.9607043,0.025019233996972368,0.052672065,0.0,0.0,0.357327935,-0.006359085479908434,1
2012-07-28 12:30:00+00:00,0.03373275,0.145281917144375,0.03507447013125,0.46,0.149,7.982292871603028,7.9822929,0.021588603121972305,0.045449631,0.0,0.0,0.26555036900000006,-0.004657019242916459,1
2012-07-28 13:00:00+00:00,0.03217065,0.143495261364125,0.033450237603749995,0.581,0.13,7.9961016322280285,7.9961016,0.013808728396972114,0.029071075,0.0,0.0,0.42192892499999995,-0.007056811396572405,1
2012-07-28 13:30:00+00:00,0.0320907,0.14340381835175,0.0333671075925,0.354,0.144,7.999999999978028,8.0,0.0038983677719715004,0.00820709,0.0,0.0,0.20179291,-0.0033666228696868344,1
2012-07-28 14:00:00+00:00,0.03169095,0.142946603289875,0.03295145753625,0.118,0.143,7.986842105241186,7.9868421,0.007004899978028334,0.0,0.025,0.0,6.938893903907228e-18,-1.143233339115715e-19,1
2012-07-28 14:30:00+00:00,0.03110055,0.142271331813875,0.03233757437625,0.082,0.14,7.956315789451712,7.9563158,0.01779660524118576,0.0,0.058,6.938893903907228e-18,0.0,4.936028385120299e-19,1
2012-07-28 15:00:00+00:00,0.03204765,0.14335457980662497,0.03332234527874999,0.101,0.266,7.869473684188554,7.8694737,0.028663789451711885,0.0,0.165,0.0,-0.0,0.0,1
2012-07-28 15:30:00+00:00,0.0327795,0.14419163507375,0.0340833046125,0.088,0.192,7.814736842083291,7.8147368,0.04156998418855373,0.0,0.104,1.3877787807814457e-17,0.0,1.0005304576076595e-18,1
2012-07-28 16:00:00+00:00,0.0335667,0.14509199704175,0.034901815492499995,0.045,0.191,7.737894736820133,7.7378947,0.059246642083291334,0.0,0.146,2.7755575615628914e-17,0.0,2.0135559475574493e-18,1
2012-07-28 16:30:00+00:00,0.03417555,0.145788370751375,0.03553488250125,0.023,0.195,7.647368421030659,7.6473684,0.0842933368201324,0.0,0.172,2.7755575615628914e-17,0.0,2.0232200741345656e-18,1
2012-07-28 17:00:00+00:00,0.0352149,0.14697712991225,0.0366155726475,0.003,0.179,7.554736842083291,7.5547368,0.11820332103065923,0.0,0.176,0.0,-0.0,0.0,1
2012-07-28 17:30:00+00:00,0.0359283,0.14779308294575,0.0373573481325,0.0,0.191,7.454210526293817,7.4542105,0.16058784208329158,0.0,0.191,0.0,-0.0,0.0,1
2012-07-28 18:00:00+00:00,0.04289625,0.155762693178125,0.04460244834374999,0.0,0.19,7.3542105262938176,7.3542105,0.2088272262938169,0.0,0.19,0.0,-0.0,0.0,1
2012-07-28 18:30:00+00:00,0.04833285,0.161980818019625,0.05025528910874999,0.0,0.176,7.261578947346449,7.2615789,0.25827702629381744,0.0,0.176,0.0,-0.0,0.0,1
2012-07-28 19:00:00+00:00,0.04327755,0.156198806006375,0.04499891455125,0.0,0.197,7.1578947368201336,7.1578947,0.30301524734644936,0.0,0.197,0.0,-0.0,0.0,1
2012-07-28 19:30:00+00:00,0.03909555,0.15141563305137498,0.04065057550125,0.0,0.171,7.067894736820134,7.0678947,0.33559553682013377,0.0,0.171,0.0,-0.0,0.0,1
2012-07-28 20:00:00+00:00,0.038745,0.1510146906125,0.040286082375,0.001,0.193,6.966842105241186,6.9668421,0.35365183682013335,0.0,0.192,0.0,-0.0,0.0,1
2012-07-28 20:30:00+00:00,0.04130955,0.15394790108637502,0.042952637351249996,0.0,0.186,6.8689473683990805,6.8689474,0.35454930524118655,0.0,0.186,0.0,-0.0,0.0,1
2012-07-28 21:00:00+00:00,0.0401964,0.15267473299099998,0.041795211809999996,0.0,0.277,6.72315789471487,6.7231579,0.3362228683990809,0.0,0.277,0.0,-0.0,0.0,1
2012-07-28 21:30:00+00:00,0.03635265,0.14827843431912502,0.03779857665375,0.0,0.183,6.626842105241185,6.6268421,0.3020437947148702,0.0,0.183,0.0,-0.0,0.0,1
2012-07-28 22:00:00+00:00,0.03533175,0.147110777391875,0.03673707035625,0.0,0.204,6.519473684188553,6.5194737,0.2576329052411852,0.0,0.204,0.0,-0.0,0.0,1
2012-07-28 22:30:00+00:00,0.03881265,0.15109206546912501,0.040356423153749994,0.0,0.169,6.4305263157675006,6.4305263,0.2094764841885537,0.0,0.169,0.0,-0.0,0.0,1
2012-07-28 23:00:00+00:00,0.0366786,0.14865124044650002,0.038137491315,0.0,0.217,6.3163157894517115,6.3163158,0.16400671576750092,0.0,0.217,0.0,-0.0,0.0,1
2012-07-28 23:30:00+00:00,0.0375396,0.14963601134899998,0.03903273759,0.0,0.16,6.232105263135922,6.2321053,0.1248833894517114,0.0,0.16,0.0,-0.0,0.0,1
2012-07-29 00:00:00+00:00,0.03634035,0.09876436616337503,0.03778578742125,0.0,0.21,6.232105263135922,6.2321053,3.686407801239966e-08,0.0,0.0,0.21,0.0,0.010370258447154378,1
2012-07-29 00:30:00+00:00,0.03504885,0.09728720980962502,0.03644291800875,0.0,0.174,6.232105263135922,6.2321053,3.686407801239966e-08,0.0,0.0,0.174,0.0,0.008463987253437376,1
2012-07-29 01:00:00+00:00,0.0351411,0.09739272097775001,0.036538837252500005,0.0,0.195,6.232105263135922,6.2321053,3.686407801239966e-08,0.0,0.0,0.195,0.0,0.009495790295330627,1
2012-07-29 01:30:00+00:00,0.03469215,0.096879233292875,0.03607203026624999,0.0,0.165,6.232105263135922,6.2321053,3.686407801239966e-08,0.0,0.0,0.165,0.0,0.007992536746662188,1
2012-07-29 02:00:00+00:00,0.03370815,0.095753780832875,0.03504889166625,0.0,0.149,6.232105263135922,6.2321053,3.686407801239966e-08,0.0,0.0,0.149,0.0,0.0071336566720491875,1
2012-07-29 02:30:00+00:00,0.0342432,0.09636574560800001,0.035605223279999994,0.0,0.108,6.232105263135922,6.2321053,3.686407801239966e-08,0.0,0.0,0.108,0.0,0.005203750262832001,1
2012-07-29 03:00:00+00:00,0.033825,0.0958874283125,0.035170389375,0.0,0.161,6.232105263135922,6.2321053,3.686407801239966e-08,0.0,0.0,0.161,0.0,0.0077189379791562495,1
2012-07-29 03:30:00+00:00,0.0324597,0.09432586302425003,0.033750784567500004,0.0,0.107,6.575000001635922,6.575,0.34289473686407845,0.72188366,0.0,0.82888366,0.0,0.03909258328809952,1
2012-07-29 04:00:00+00:00,0.03161715,0.093362194355375,0.03287472214124999,0.0,0.178,7.287500001635921,7.2875,0.7124999983640778,1.5,0.0,1.678,0.0,0.07833088106415963,1
2012-07-29 04:30:00+00:00,0.0321399,0.09396009097475001,0.0334182645225,0.0,0.267,8.0,8.0,0.7124999983640787,1.5,0.0,1.767,0.0,0.08301374037619164,1
2012-07-29 05:00:00+00:00,0.03321615,0.3250910546028751,0.03453732236625,0.0,0.245,7.871052631578947,7.8710526,0.06973840000000031,0.0,0.245,0.0,-0.0,0.0,1
2012-07-29 05:30:00+00:00,0.0314142,0.32303006978550003,0.032663699805,0.0,0.3,7.713157894736842,7.7131579,0.07129933157894719,0.0,0.3,0.0,-0.0,0.0,1
2012-07-29 06:00:00+00:00,0.03121125,0.32279794521562505,0.032452677468749996,0.0,0.218,7.598421052631578,7.5984211,0.07925699473684134,0.0,0.218,0.0,-0.0,0.0,1
2012-07-29 06:30:00+00:00,0.0321153,0.32383195466325004,0.033392686057499996,0.0,0.209,7.488421052631578,7.4884211,0.09112245263157792,0.0,0.209,0.0,-0.0,0.0,1
2012-07-29 07:00:00+00:00,0.03311775,0.324978509356875,0.034435008506249996,0.0,0.19,7.388421052631578,7.3884211,0.09873085263157755,0.0,0.19,0.0,-0.0,0.0,1
2012-07-29 07:30:00+00:00,0.03274875,0.32455646468437505,0.03405133153125,0.056,0.191,7.317368421052631,7.3173684,0.10287245263157807,0.0,0.135,0.0,-0.0,0.0,1
2012-07-29 08:00:00+00:00,0.0345138,0.32657524503450003,0.035886586394999996,0.199,0.196,7.318793421052631,7.3187934,0.10097192105263098,0.003,0.0,0.0,-0.0,0.0,1
2012-07-29 08:30:00+00:00,0.0341694,0.3261813366735001,0.035528487885,0.304,0.181,7.377218421052631,7.3772184,0.09161982105263089,0.123,0.0,0.0,-0.0,0.0,1
2012-07-29 09:00:00+00:00,0.03605745,0.328340798581125,0.037491635073749995,0.386,0.186,7.472218421052631,7.4722184,0.07503802105263091,0.2,0.0,0.0,-0.0,0.0,1
2012-07-29 09:30:00+00:00,0.03813615,0.330718316902875,0.03965301536625,0.454,0.193,7.5961934210526305,7.5961934,0.05311792105263091,0.261,0.0,0.0,-0.0,0.0,1
2012-07-29 10:00:00+00:00,0.0379332,0.33048619233300003,0.03944199303,0.505,0.174,7.753418421052631,7.7534184,0.02901842105263075,0.331,0.0,0.0,-0.0,0.0,1
2012-07-29 10:30:00+00:00,0.03769335,0.33021186329587504,0.03919260299625,0.544,0.162,7.926989914302631,7.9269899,0.006427221052630827,0.36541367,0.0,0.0,0.016586329999999982,-0.00032503072342739527,1
2012-07-29 11:00:00+00:00,0.03813615,0.150318316902875,0.03965301536625,0.529,0.108,7.926989914302631,7.9269899,1.4302631079488037e-08,0.0,0.0,0.0,0.42100000000000004,-0.008346959734595627,1
2012-07-29 11:30:00+00:00,0.0374535,0.14953753425875002,0.0389432129625,0.52,0.171,7.946811652902631,7.9468117,0.01982178569736881,0.041729976,0.0,0.0,0.30727002400000003,-0.005983040990812244,1
2012-07-29 12:00:00+00:00,0.0359898,0.1478634237245,0.037421294295000004,0.435,0.115,7.969245616477631,7.9692456,0.0224339470973689,0.047229397,0.0,0.0,0.272770603,-0.005103714504943805,1
2012-07-29 12:30:00+00:00,0.0350796,0.146822380199,0.03647489109,0.218,0.164,7.99489561647763,7.9948956,0.018861183522369096,0.054,0.0,0.0,-0.0,0.0,1
2012-07-29 13:00:00+00:00,0.0352518,0.14701933437950002,0.036653940345,0.089,0.187,7.99489561647763,7.9948956,0.004167383522369228,0.0,0.0,0.098,0.0,0.007203947384595501,1
2012-07-29 13:30:00+00:00,0.03449535,0.146154142800875,0.03586740254625,0.158,0.18,7.99489561647763,7.9948956,0.0009369835223695944,0.0,0.0,0.021999999999999992,0.0,0.0016076955708096243,1
2012-07-29 14:00:00+00:00,0.0344769,0.14613304056725002,0.035848218697499996,0.084,0.282,7.99489561647763,7.9948956,1.6477629927180715e-08,0.0,0.0,0.19799999999999995,0.0,0.014467171016157748,1
2012-07-29 14:30:00+00:00,0.03444,0.14609083609999998,0.035809851,0.197,0.178,8.0,8.0,0.005104383522369638,0.010746071,0.0,0.0,0.008253929000000021,-0.00014778598382728987,1
2012-07-29 15:00:00+00:00,0.03445845,0.146111938333625,0.035829034848750003,0.104,0.198,8.0,8.0,0.0,0.0,0.0,0.09400000000000001,0.0,0.006867261101680376,1
2012-07-29 15:30:00+00:00,0.0346737,0.14635813105925,0.0360528464175,0.037,0.179,8.0,8.0,0.0,0.0,0.0,0.142,0.0,0.010391427305206749,1
2012-07-29 16:00:00+00:00,0.03685695,0.148855228704875,0.03832293518625,0.04,0.203,8.0,8.0,0.0,0.0,0.0,0.163,0.0,0.012131701139447313,1
2012-07-29 16:30:00+00:00,0.04052235,0.153047539118375,0.04213412647125,0.026,0.172,8.0,8.0,0.0,0.0,0.0,0.146,0.0,0.011172470355641373,1
2012-07-29 17:00:00+00:00,0.0446736,0.157795541684,0.04645049244,0.008,0.215,8.0,8.0,0.0,0.0,0.0,0.207,0.0,0.016331838564293998,1
2012-07-29 17:30:00+00:00,0.04028865,0.152780244159125,0.041891131053749996,0.0,0.154,8.0,8.0,0.0,0.0,0.0,0.154,0.0,0.011764078800252625,1
2012-07-29 18:00:00+00:00,0.06819735,0.18470088955587502,0.07090989959625,0.0,0.212,7.888421052631579,7.8884211,0.2125539999999999,0.0,0.212,0.0,-0.0,0.0,1
2012-07-29 18:30:00+00:00,0.0773916,0.195216835979,0.08046985088999999,0.0,0.175,7.7963157894736845,7.7963158,0.2620154526315792,0.0,0.175,0.0,-0.0,0.0,1
2012-07-29 19:00:00+00:00,0.07482705,0.192283625505125,0.07780329591375,0.0,0.183,7.7,7.7,0.3067628894736849,0.0,0.183,0.0,-0.0,0.0,1
2012-07-29 19:30:00+00:00,0.06155535,0.177104085450875,0.06400371404625,0.0,0.182,7.604210526315789,7.6042105,0.33935229999999983,0.0,0.182,0.0,-0.0,0.0,1
2012-07-29 20:00:00+00:00,0.05044845,0.164400540808625,0.05245503709875,0.0,0.249,7.4731578947368416,7.4731579,0.35740922631578975,0.0,0.249,0.0,-0.0,0.0,1
2012-07-29 20:30:00+00:00,0.05602035,0.170773415363375,0.05824855942124999,0.0,0.211,7.362105263157894,7.3621053,0.35829619473684193,0.0,0.211,0.0,-0.0,0.0,1
2012-07-29 21:00:00+00:00,0.04338825,0.15632541940812503,0.045114017643750004,0.0,0.185,7.264736842105263,7.2647368,0.33995106315789414,0.0,0.185,0.0,-0.0,0.0,1
2012-07-29 21:30:00+00:00,0.0393231,0.15167589393275002,0.0408871763025,0.001,0.174,7.173684210526315,7.1736842,0.3057418421052631,0.0,0.173,0.0,-0.0,0.0,1
2012-07-29 22:00:00+00:00,0.03642645,0.148362843253625,0.03787531204875,0.0,0.195,7.071052631578946,7.0710526,0.2612878105263148,0.0,0.195,0.0,-0.0,0.0,1
2012-07-29 22:30:00+00:00,0.03573765,0.14757502653162502,0.037159115028749995,0.0,0.186,6.973157894736841,6.9731579,0.2130748315789468,0.0,0.186,0.0,-0.0,0.0,1
2012-07-29 23:00:00+00:00,0.0353625,0.14714594778125,0.036769043437499996,0.0,0.181,6.877894736842104,6.8778947,0.167536194736841,0.0,0.181,0.0,-0.0,0.0,1
2012-07-29 23:30:00+00:00,0.0356577,0.14748358351925,0.0370759850175,0.0,0.189,6.778421052631578,6.7784211,0.12833693684210434,0.0,0.189,0.0,-0.0,0.0,1
2012-07-30 00:00:00+00:00,0.0341817,0.09629540482925002,0.035541277117500006,0.0,0.193,6.778421052631578,6.7784211,0.09947364736842168,0.0,0.0,0.193,0.0,0.009292506566022627,1
