{"op_code":0,"worker_id":"b9dbde97-b97d-44ae-b04a-0faac7d89cd4-8316722560","study_name":"AU_dqn","directions":[2]}
{"op_code":4,"worker_id":"b9dbde97-b97d-44ae-b04a-0faac7d89cd4-8316722560","study_id":0,"datetime_start":null,"state":4,"value":null,"values":null,"distributions":{},"params":{},"user_attrs":{"incumbent":true},"system_attrs":{"fixed_params":{"lr":0.001,"gamma":0.997,"n_step":8,"batch":128,"hidden":128,"target_sync":2000,"update_every":2,"buffer":200000,"eps_end":0.05,"eps_decay_frac":0.4,"reward_scale":20.0,"episode_days":7}},"intermediate_values":{}}
{"op_code":6,"worker_id":"b9dbde97-b97d-44ae-b04a-0faac7d89cd4-8316722560","trial_id":0,"state":0,"values":null,"datetime_start":"2026-10-08T03:55:59.079693"}
{"op_code":5,"worker_id":"b9dbde97-b97d-44ae-b04a-0faac7d89cd4-8316722560","trial_id":0,"param_name":"lr","param_value_internal":0.001,"distribution":"{\"name\": \"FloatDistribution\", \"attributes\": {\"step\": null, \"low\": 0.0001, \"high\": 0.003, \"log\": true}}"}
{"op_code":5,"worker_id":"b9dbde97-b97d-44ae-b04a-0faac7d89cd4-8316722560","trial_id":0,"param_name":"gamma","param_value_internal":0.997,"distribution":"{\"name\": \"FloatDistribution\", \"attributes\": {\"step\": null, \"low\": 0.98, \"high\": 0.999, \"log\": false}}"}
{"op_code":5,"worker_id":"b9dbde97-b97d-44ae-b04a-0faac7d89cd4-8316722560","trial_id":0,"param_name":"n_step","param_value_internal":3,"distribution":"{\"name\": \"CategoricalDistribution\", \"attributes\": {\"choices\": [1, 2, 4, 8, 16]}}"}
{"op_code":5,"worker_id":"b9dbde97-b97d-44ae-b04a-0faac7d89cd4-8316722560","trial_id":0,"param_name":"batch","param_value_internal":1,"distribution":"{\"name\": \"CategoricalDistribution\", \"attributes\": {\"choices\": [64, 128, 256]}}"}
{"op_code":5,"worker_id":"b9dbde97-b97d-44ae-b04a-0faac7d89cd4-8316722560","trial_id":0,"param_name":"hidden","param_value_internal":1,"distribution":"{\"name\": \"CategoricalDistribution\", \"attributes\": {\"choices\": [64, 128, 256]}}"}
{"op_code":5,"worker_id":"b9dbde97-b97d-44ae-b04a-0faac7d89cd4-8316722560","trial_id":0,"param_name":"target_sync","param_value_internal":2,"distribution":"{\"name\": \"CategoricalDistribution\", \"attributes\": {\"choices\": [500, 1000, 2000, 5000, 10000]}}"}
{"op_code":5,"worker_id":"b9dbde97-b97d-44ae-b04a-0faac7d89cd4-8316722560","trial_id":0,"param_name":"update_every","param_value_internal":1,"distribution":"{\"name\": \"CategoricalDistribution\", \"attributes\": {\"choices\": [1, 2, 4]}}"}
{"op_code":5,"worker_id":"b9dbde97-b97d-44ae-b04a-0faac7d89cd4-8316722560","trial_id":0,"param_name":"buffer","param_value_internal":2,"distribution":"{\"name\": \"CategoricalDistribution\", \"attributes\": {\"choices\": [50000, 100000, 200000, 400000]}}"}
{"op_code":5,"worker_id":"b9dbde97-b97d-44ae-b04a-0faac7d89cd4-8316722560","trial_id":0,"param_name":"eps_end","param_value_internal":0.05,"distribution":"{\"name\": \"FloatDistribution\", \"attributes\": {\"step\": null, \"low\": 0.01, \"high\": 0.1, \"log\": false}}"}
{"op_code":5,"worker_id":"b9dbde97-b97d-44ae-b04a-0faac7d89cd4-8316722560","trial_id":0,"param_name":"eps_decay_frac","param_value_internal":0.4,"distribution":"{\"name\": \"FloatDistribution\", \"attributes\": {\"step\": null, \"low\": 0.1, \"high\": 0.6, \"log\": false}}"}
{"op_code":5,"worker_id":"b9dbde97-b97d-44ae-b04a-0faac7d89cd4-8316722560","trial_id":0,"param_name":"reward_scale","param_value_internal":20.0,"distribution":"{\"name\": \"FloatDistribution\", \"attributes\": {\"step\": null, \"low\": 5.0, \"high\": 80.0, \"log\": true}}"}
{"op_code":5,"worker_id":"b9dbde97-b97d-44ae-b04a-0faac7d89cd4-8316722560","trial_id":0,"param_name":"episode_days","param_value_internal":1,"distribution":"{\"name\": \"CategoricalDistribution\", \"attributes\": {\"choices\": [3, 7, 14]}}"}
{"op_code":8,"worker_id":"b9dbde97-b97d-44ae-b04a-0faac7d89cd4-8316722560","trial_id":0,"user_attr":{"tag":"c9819e99ee2f4"}}
{"op_code":8,"worker_id":"b9dbde97-b97d-44ae-b04a-0faac7d89cd4-8316722560","trial_id":0,"user_attr":{"overrides":{"gamma":0.997,"n_step":8,"lr":0.001,"batch":128,"hidden":128,"target_sync":2000,"update_every":2,"buffer":200000,"eps_end":0.05,"eps_decay_frac":0.4,"reward_scale":20.0,"episode_days":7}}}
{"op_code":4,"worker_id":"b9dbde97-b97d-44ae-b04a-0faac7d89cd4-8316722560","study_id":0,"datetime_start":"2026-10-08T03:57:38.093011"}
{"op_code":5,"worker_id":"b9dbde97-b97d-44ae-b04a-0faac7d89cd4-8316722560","trial_id":1,"param_name":"lr","param_value_internal":0.0006466422717414558,"distribution":"{\"name\": \"FloatDistribution\", \"attributes\": {\"step\": null, \"low\": 0.0001, \"high\": 0.003, \"log\": true}}"}
{"op_code":5,"worker_id":"b9dbde97-b97d-44ae-b04a-0faac7d89cd4-8316722560","trial_id":1,"param_name":"gamma","param_value_internal":0.993588597961076,"distribution":"{\"name\": \"FloatDistribution\", \"attributes\": {\"step\": null, \"low\": 0.98, \"high\": 0.999, \"log\": false}}"}
{"op_code":5,"worker_id":"b9dbde97-b97d-44ae-b04a-0faac7d89cd4-8316722560","trial_id":1,"param_name":"n_step","param_value_internal":3,"distribution":"{\"name\": \"CategoricalDistribution\", \"attributes\": {\"choices\": [1, 2, 4, 8, 16]}}"}
{"op_code":5,"worker_id":"b9dbde97-b97d-44ae-b04a-0faac7d89cd4-8316722560","trial_id":1,"param_name":"batch","param_value_internal":1,"distribution":"{\"name\": \"CategoricalDistribution\", \"attributes\": {\"choices\": [64, 128, 256]}}"}
{"op_code":5,"worker_id":"b9dbde97-b97d-44ae-b04a-0faac7d89cd4-8316722560","trial_id":1,"param_name":"hidden","param_value_internal":0,"distribution":"{\"name\": \"CategoricalDistribution\", \"attributes\": {\"choices\": [64, 128, 256]}}"}
{"op_code":5,"worker_id":"b9dbde97-b97d-44ae-b04a-0faac7d89cd4-8316722560","trial_id":1,"param_name":"target_sync","param_value_internal":0,"distribution":"{\"name\": \"CategoricalDistribution\", \"attributes\": {\"choices\": [500, 1000, 2000, 5000, 10000]}}"}
{"op_code":5,"worker_id":"b9dbde97-b97d-44ae-b04a-0faac7d89cd4-8316722560","trial_id":1,"param_name":"update_every","param_value_internal":2,"distribution":"{\"name\": \"CategoricalDistribution\", \"attributes\": {\"choices\": [1, 2, 4]}}"}
{"op_code":5,"worker_id":"b9dbde97-b97d-44ae-b04a-0faac7d89cd4-8316722560","trial_id":1,"param_name":"buffer","param_value_internal":0,"distribution":"{\"name\": \"CategoricalDistribution\", \"attributes\": {\"choices\": [50000, 100000, 200000, 400000]}}"}
{"op_code":5,"worker_id":"b9dbde97-b97d-44ae-b04a-0faac7d89cd4-8316722560","trial_id":1,"param_name":"eps_end","param_value_internal":0.06759289191947715,"distribution":"{\"name\": \"FloatDistribution\", \"attributes\": {\"step\": null, \"low\": 0.01, \"high\": 0.1, \"log\": false}}"}
{"op_code":5,"worker_id":"b9dbde97-b97d-44ae-b04a-0faac7d89cd4-8316722560","trial_id":1,"param_name":"eps_decay_frac","param_value_internal":0.1716766437045232,"distribution":"{\"name\": \"FloatDistribution\", \"attributes\": {\"step\": null, \"low\": 0.1, \"high\": 0.6, \"log\": false}}"}
{"op_code":5,"worker_id":"b9dbde97-b97d-44ae-b04a-0faac7d89cd4-8316722560","trial_id":1,"param_name":"reward_scale","param_value_internal":68.62221376260533,"distribution":"{\"name\": \"FloatDistribution\", \"attributes\": {\"step\": null, \"low\": 5.0, \"high\": 80.0, \"log\": true}}"}
{"op_code":5,"worker_id":"b9dbde97-b97d-44ae-b04a-0faac7d89cd4-8316722560","trial_id":1,"param_name":"episode_days","param_value_internal":0,"distribution":"{\"name\": \"CategoricalDistribution\", \"attributes\": {\"choices\": [3, 7, 14]}}"}
{"op_code":8,"worker_id":"b9dbde97-b97d-44ae-b04a-0faac7d89cd4-8316722560","trial_id":1,"user_attr":{"tag":"c55454b7f9364"}}
{"op_code":8,"worker_id":"b9dbde97-b97d-44ae-b04a-0faac7d89cd4-8316722560","trial_id":1,"user_attr":{"overrides":{"gamma":0.993588597961076,"n_step":8,"lr":0.0006466422717414558,"batch":128,"hidden":64,"target_sync":500,"update_every":4,"buffer":50000,"eps_end":0.06759289191947715,"eps_decay_frac":0.1716766437045232,"reward_scale":68.62221376260533,"episode_days":3}}}
{"op_code":7,"worker_id":"b9dbde97-b97d-44ae-b04a-0faac7d89cd4-8316722560","trial_id":0,"step":3,"intermediate_value":282.47547635640746}
{"op_code":7,"worker_id":"b9dbde97-b97d-44ae-b04a-0faac7d89cd4-8316722560","trial_id":1,"step":3,"intermediate_value":281.9174149301054}
{"op_code":7,"worker_id":"b9dbde97-b97d-44ae-b04a-0faac7d89cd4-8316722560","trial_id":0,"step":8,"intermediate_value":268.90574972610796}
{"op_code":8,"worker_id":"b9dbde97-b97d-44ae-b04a-0faac7d89cd4-8316722560","trial_id":0,"user_attr":{"hh_saving":{"254":306.6871536787658,"185":264.21438656370344,"230":276.5248888267531,"266":154.35882971607614,"145":310.63069878687605,"229":159.27760511660128,"300":337.85926773561226,"69":341.69316738447566}}}
{"op_code":8,"worker_id":"b9dbde97-b97d-44ae-b04a-0faac7d89cd4-8316722560","trial_id":0,"user_attr":{"val_efc_mean":80.56562299999999}}
{"op_code":8,"worker_id":"b9dbde97-b97d-44ae-b04a-0faac7d89cd4-8316722560","trial_id":0,"user_attr":{"converged_share":0.875}}
{"op_code":8,"worker_id":"b9dbde97-b97d-44ae-b04a-0faac7d89cd4-8316722560","trial_id":0,"user_attr":{"wall_s":374.23239302635193}}
{"op_code":6,"worker_id":"b9dbde97-b97d-44ae-b04a-0faac7d89cd4-8316722560","trial_id":0,"state":1,"values":[268.90574972610796],"datetime_complete":"2026-10-08T04:02:13.315998"}
{"op_code":4,"worker_id":"b9dbde97-b97d-44ae-b04a-0faac7d89cd4-8316722560","study_id":0,"datetime_start":"2026-10-08T04:03:39.108131"}
{"op_code":5,"worker_id":"b9dbde97-b97d-44ae-b04a-0faac7d89cd4-8316722560","trial_id":2,"param_name":"lr","param_value_internal":0.001391992959827487,"distribution":"{\"name\": \"FloatDistribution\", \"attributes\": {\"step\": null, \"low\": 0.0001, \"high\": 0.003, \"log\": true}}"}
{"op_code":5,"worker_id":"b9dbde97-b97d-44ae-b04a-0faac7d89cd4-8316722560","trial_id":2,"param_name":"gamma","param_value_internal":0.9886668563121144,"distribution":"{\"name\": \"FloatDistribution\", \"attributes\": {\"step\": null, \"low\": 0.98, \"high\": 0.999, \"log\": false}}"}
{"op_code":5,"worker_id":"b9dbde97-b97d-44ae-b04a-0faac7d89cd4-8316722560","trial_id":2,"param_name":"n_step","param_value_internal":2,"distribution":"{\"name\": \"CategoricalDistribution\", \"attributes\": {\"choices\": [1, 2, 4, 8, 16]}}"}
{"op_code":5,"worker_id":"b9dbde97-b97d-44ae-b04a-0faac7d89cd4-8316722560","trial_id":2,"param_name":"batch","param_value_internal":0,"distribution":"{\"name\": \"CategoricalDistribution\", \"attributes\": {\"choices\": [64, 128, 256]}}"}
{"op_code":5,"worker_id":"b9dbde97-b97d-44ae-b04a-0faac7d89cd4-8316722560","trial_id":2,"param_name":"hidden","param_value_internal":1,"distribution":"{\"name\": \"CategoricalDistribution\", \"attributes\": {\"choices\": [64, 128, 256]}}"}
{"op_code":5,"worker_id":"b9dbde97-b97d-44ae-b04a-0faac7d89cd4-8316722560","trial_id":2,"param_name":"target_sync","param_value_internal":1,"distribution":"{\"name\": \"CategoricalDistribution\", \"attributes\": {\"choices\": [500, 1000, 2000, 5000, 10000]}}"}
{"op_code":5,"worker_id":"b9dbde97-b97d-44ae-b04a-0faac7d89cd4-8316722560","trial_id":2,"param_name":"update_every","param_value_internal":1,"distribution":"{\"name\": \"CategoricalDistribution\", \"attributes\": {\"choices\": [1, 2, 4]}}"}
{"op_code":5,"worker_id":"b9dbde97-b97d-44ae-b04a-0faac7d89cd4-8316722560","trial_id":2,"param_name":"buffer","param_value_internal":0,"distribution":"{\"name\": \"CategoricalDistribution\", \"attributes\": {\"choices\": [50000, 100000, 200000, 400000]}}"}
{"op_code":5,"worker_id":"b9dbde97-b97d-44ae-b04a-0faac7d89cd4-8316722560","trial_id":2,"param_name":"eps_end","param_value_internal":0.06877974929188586,"distribution":"{\"name\": \"FloatDistribution\", \"attributes\": {\"step\": null, \"low\": 0.01, \"high\": 0.1, \"log\": false}}"}
{"op_code":5,"worker_id":"b9dbde97-b97d-44ae-b04a-0faac7d89cd4-8316722560","trial_id":2,"param_name":"eps_decay_frac","param_value_internal":0.22664580126989106,"distribution":"{\"name\": \"FloatDistribution\", \"attributes\": {\"step\": null, \"low\": 0.1, \"high\": 0.6, \"log\": false}}"}
{"op_code":5,"worker_id":"b9dbde97-b97d-44ae-b04a-0faac7d89cd4-8316722560","trial_id":2,"param_name":"reward_scale","param_value_internal":18.21646585379769,"distribution":"{\"name\": \"FloatDistribution\", \"attributes\": {\"step\": null, \"low\": 5.0, \"high\": 80.0, \"log\": true}}"}
{"op_code":5,"worker_id":"b9dbde97-b97d-44ae-b04a-0faac7d89cd4-8316722560","trial_id":2,"param_name":"episode_days","param_value_internal":0,"distribution":"{\"name\": \"CategoricalDistribution\", \"attributes\": {\"choices\": [3, 7, 14]}}"}
{"op_code":8,"worker_id":"b9dbde97-b97d-44ae-b04a-0faac7d89cd4-8316722560","trial_id":2,"user_attr":{"tag":"c7d491876936b"}}
{"op_code":8,"worker_id":"b9dbde97-b97d-44ae-b04a-0faac7d89cd4-8316722560","trial_id":2,"user_attr":{"overrides":{"gamma":0.9886668563121144,"n_step":4,"lr":0.001391992959827487,"batch":64,"hidden":128,"target_sync":1000,"update_every":2,"buffer":50000,"eps_end":0.06877974929188586,"eps_decay_frac":0.22664580126989106,"reward_scale":18.21646585379769,"episode_days":3}}}
{"op_code":7,"worker_id":"b9dbde97-b97d-44ae-b04a-0faac7d89cd4-8316722560","trial_id":1,"step":8,"intermediate_value":269.2344244706634}
{"op_code":8,"worker_id":"b9dbde97-b97d-44ae-b04a-0faac7d89cd4-8316722560","trial_id":1,"user_attr":{"hh_saving":{"254":307.5588388880053,"185":263.31518410270706,"230":274.87822179960386,"266":153.51688103614075,"145":312.13467340961324,"229":156.85488788836608,"300":345.30816806124267,"69":340.3085405796283}}}
{"op_code":8,"worker_id":"b9dbde97-b97d-44ae-b04a-0faac7d89cd4-8316722560","trial_id":1,"user_attr":{"val_efc_mean":83.78514940624999}}
{"op_code":8,"worker_id":"b9dbde97-b97d-44ae-b04a-0faac7d89cd4-8316722560","trial_id":1,"user_attr":{"converged_share":1.0}}
{"op_code":8,"worker_id":"b9dbde97-b97d-44ae-b04a-0faac7d89cd4-8316722560","trial_id":1,"user_attr":{"wall_s":370.5578281879425}}
{"op_code":6,"worker_id":"b9dbde97-b97d-44ae-b04a-0faac7d89cd4-8316722560","trial_id":1,"state":1,"values":[269.2344244706634],"datetime_complete":"2026-10-08T04:03:48.658387"}
{"op_code":4,"worker_id":"b9dbde97-b97d-44ae-b04a-0faac7d89cd4-8316722560","study_id":0,"datetime_start":"2026-10-08T04:04:54.650278"}
{"op_code":5,"worker_id":"b9dbde97-b97d-44ae-b04a-0faac7d89cd4-8316722560","trial_id":3,"param_name":"lr","param_value_internal":0.0009321340801728939,"distribution":"{\"name\": \"FloatDistribution\", \"attributes\": {\"step\": null, \"low\": 0.0001, \"high\": 0.003, \"log\": true}}"}
{"op_code":5,"worker_id":"b9dbde97-b97d-44ae-b04a-0faac7d89cd4-8316722560","trial_id":3,"param_name":"gamma","param_value_internal":0.9826254760756237,"distribution":"{\"name\": \"FloatDistribution\", \"attributes\": {\"step\": null, \"low\": 0.98, \"high\": 0.999, \"log\": false}}"}
{"op_code":5,"worker_id":"b9dbde97-b97d-44ae-b04a-0faac7d89cd4-8316722560","trial_id":3,"param_name":"n_step","param_value_internal":4,"distribution":"{\"name\": \"CategoricalDistribution\", \"attributes\": {\"choices\": [1, 2, 4, 8, 16]}}"}
{"op_code":5,"worker_id":"b9dbde97-b97d-44ae-b04a-0faac7d89cd4-8316722560","trial_id":3,"param_name":"batch","param_value_internal":1,"distribution":"{\"name\": \"CategoricalDistribution\", \"attributes\": {\"choices\": [64, 128, 256]}}"}
{"op_code":5,"worker_id":"b9dbde97-b97d-44ae-b04a-0faac7d89cd4-8316722560","trial_id":3,"param_name":"hidden","param_value_internal":0,"distribution":"{\"name\": \"CategoricalDistribution\", \"attributes\": {\"choices\": [64, 128, 256]}}"}
{"op_code":5,"worker_id":"b9dbde97-b97d-44ae-b04a-0faac7d89cd4-8316722560","trial_id":3,"param_name":"target_sync","param_value_internal":3,"distribution":"{\"name\": \"CategoricalDistribution\", \"attributes\": {\"choices\": [500, 1000, 2000, 5000, 10000]}}"}
{"op_code":5,"worker_id":"b9dbde97-b97d-44ae-b04a-0faac7d89cd4-8316722560","trial_id":3,"param_name":"update_every","param_value_internal":1,"distribution":"{\"name\": \"CategoricalDistribution\", \"attributes\": {\"choices\": [1, 2, 4]}}"}
{"op_code":5,"worker_id":"b9dbde97-b97d-44ae-b04a-0faac7d89cd4-8316722560","trial_id":3,"param_name":"buffer","param_value_internal":0,"distribution":"{\"name\": \"CategoricalDistribution\", \"attributes\": {\"choices\": [50000, 100000, 200000, 400000]}}"}
{"op_code":5,"worker_id":"b9dbde97-b97d-44ae-b04a-0faac7d89cd4-8316722560","trial_id":3,"param_name":"eps_end","param_value_internal":0.018454645968259752,"distribution":"{\"name\": \"FloatDistribution\", \"attributes\": {\"step\": null, \"low\": 0.01, \"high\": 0.1, \"log\": false}}"}
{"op_code":5,"worker_id":"b9dbde97-b97d-44ae-b04a-0faac7d89cd4-8316722560","trial_id":3,"param_name":"eps_decay_frac","param_value_internal":0.3879732477780896,"distribution":"{\"name\": \"FloatDistribution\", \"attributes\": {\"step\": null, \"low\": 0.1, \"high\": 0.6, \"log\": false}}"}
{"op_code":5,"worker_id":"b9dbde97-b97d-44ae-b04a-0faac7d89cd4-8316722560","trial_id":3,"param_name":"reward_scale","param_value_internal":65.75883728840533,"distribution":"{\"name\": \"FloatDistribution\", \"attributes\": {\"step\": null, \"low\": 5.0, \"high\": 80.0, \"log\": true}}"}
{"op_code":5,"worker_id":"b9dbde97-b97d-44ae-b04a-0faac7d89cd4-8316722560","trial_id":3,"param_name":"episode_days","param_value_internal":1,"distribution":"{\"name\": \"CategoricalDistribution\", \"attributes\": {\"choices\": [3, 7, 14]}}"}
{"op_code":8,"worker_id":"b9dbde97-b97d-44ae-b04a-0faac7d89cd4-8316722560","trial_id":3,"user_attr":{"tag":"ca0467119e602"}}
{"op_code":8,"worker_id":"b9dbde97-b97d-44ae-b04a-0faac7d89cd4-8316722560","trial_id":3,"user_attr":{"overrides":{"gamma":0.9826254760756237,"n_step":16,"lr":0.0009321340801728939,"batch":128,"hidden":64,"target_sync":5000,"update_every":2,"buffer":50000,"eps_end":0.018454645968259752,"eps_decay_frac":0.3879732477780896,"reward_scale":65.75883728840533,"episode_days":7}}}
{"op_code":7,"worker_id":"b9dbde97-b97d-44ae-b04a-0faac7d89cd4-8316722560","trial_id":2,"step":3,"intermediate_value":263.55749107854234}
{"op_code":7,"worker_id":"b9dbde97-b97d-44ae-b04a-0faac7d89cd4-8316722560","trial_id":3,"step":3,"intermediate_value":261.69213646452505}
{"op_code":7,"worker_id":"b9dbde97-b97d-44ae-b04a-0faac7d89cd4-8316722560","trial_id":2,"step":8,"intermediate_value":254.29197777767246}
{"op_code":8,"worker_id":"b9dbde97-b97d-44ae-b04a-0faac7d89cd4-8316722560","trial_id":2,"user_attr":{"hh_saving":{"254":298.3246422868024,"185":235.6625157772502,"230":256.6853151715744,"266":131.10381198922678,"145":289.8490063351904,"229":145.13335348067923,"300":343.8603084241534,"69":333.716868756503}}}
{"op_code":8,"worker_id":"b9dbde97-b97d-44ae-b04a-0faac7d89cd4-8316722560","trial_id":2,"user_attr":{"val_efc_mean":77.41378356249999}}
{"op_code":8,"worker_id":"b9dbde97-b97d-44ae-b04a-0faac7d89cd4-8316722560","trial_id":2,"user_attr":{"converged_share":0.875}}
{"op_code":8,"worker_id":"b9dbde97-b97d-44ae-b04a-0faac7d89cd4-8316722560","trial_id":2,"user_attr":{"wall_s":376.0949902534485}}
{"op_code":6,"worker_id":"b9dbde97-b97d-44ae-b04a-0faac7d89cd4-8316722560","trial_id":2,"state":1,"values":[254.29197777767246],"datetime_complete":"2026-10-08T04:09:55.210173"}
{"op_code":4,"worker_id":"b9dbde97-b97d-44ae-b04a-0faac7d89cd4-8316722560","study_id":0,"datetime_start":"2026-10-08T04:12:18.758549"}
{"op_code":5,"worker_id":"b9dbde97-b97d-44ae-b04a-0faac7d89cd4-8316722560","trial_id":4,"param_name":"lr","param_value_internal":0.001143147151581591,"distribution":"{\"name\": \"FloatDistribution\", \"attributes\": {\"step\": null, \"low\": 0.0001, \"high\": 0.003, \"log\": true}}"}
{"op_code":5,"worker_id":"b9dbde97-b97d-44ae-b04a-0faac7d89cd4-8316722560","trial_id":4,"param_name":"gamma","param_value_internal":0.9854987157659968,"distribution":"{\"name\": \"FloatDistribution\", \"attributes\": {\"step\": null, \"low\": 0.98, \"high\": 0.999, \"log\": false}}"}
{"op_code":5,"worker_id":"b9dbde97-b97d-44ae-b04a-0faac7d89cd4-8316722560","trial_id":4,"param_name":"n_step","param_value_internal":3,"distribution":"{\"name\": \"CategoricalDistribution\", \"attributes\": {\"choices\": [1, 2, 4, 8, 16]}}"}
{"op_code":5,"worker_id":"b9dbde97-b97d-44ae-b04a-0faac7d89cd4-8316722560","trial_id":4,"param_name":"batch","param_value_internal":2,"distribution":"{\"name\": \"CategoricalDistribution\", \"attributes\": {\"choices\": [64, 128, 256]}}"}
{"op_code":5,"worker_id":"b9dbde97-b97d-44ae-b04a-0faac7d89cd4-8316722560","trial_id":4,"param_name":"hidden","param_value_internal":0,"distribution":"{\"name\": \"CategoricalDistribution\", \"attributes\": {\"choices\": [64, 128, 256]}}"}
{"op_code":5,"worker_id":"b9dbde97-b97d-44ae-b04a-0faac7d89cd4-8316722560","trial_id":4,"param_name":"target_sync","param_value_internal":3,"distribution":"{\"name\": \"CategoricalDistribution\", \"attributes\": {\"choices\": [500, 1000, 2000, 5000, 10000]}}"}
{"op_code":5,"worker_id":"b9dbde97-b97d-44ae-b04a-0faac7d89cd4-8316722560","trial_id":4,"param_name":"update_every","param_value_internal":0,"distribution":"{\"name\": \"CategoricalDistribution\", \"attributes\": {\"choices\": [1, 2, 4]}}"}
{"op_code":5,"worker_id":"b9dbde97-b97d-44ae-b04a-0faac7d89cd4-8316722560","trial_id":4,"param_name":"buffer","param_value_internal":2,"distribution":"{\"name\": \"CategoricalDistribution\", \"attributes\": {\"choices\": [50000, 100000, 200000, 400000]}}"}
{"op_code":5,"worker_id":"b9dbde97-b97d-44ae-b04a-0faac7d89cd4-8316722560","trial_id":4,"param_name":"eps_end","param_value_internal":0.08935618256693677,"distribution":"{\"name\": \"FloatDistribution\", \"attributes\": {\"step\": null, \"low\": 0.01, \"high\": 0.1, \"log\": false}}"}
{"op_code":5,"worker_id":"b9dbde97-b97d-44ae-b04a-0faac7d89cd4-8316722560","trial_id":4,"param_name":"eps_decay_frac","param_value_internal":0.446265795038883,"distribution":"{\"name\": \"FloatDistribution\", \"attributes\": {\"step\": null, \"low\": 0.1, \"high\": 0.6, \"log\": false}}"}
{"op_code":5,"worker_id":"b9dbde97-b97d-44ae-b04a-0faac7d89cd4-8316722560","trial_id":4,"param_name":"reward_scale","param_value_internal":37.34764096780105,"distribution":"{\"name\": \"FloatDistribution\", \"attributes\": {\"step\": null, \"low\": 5.0, \"high\": 80.0, \"log\": true}}"}
{"op_code":5,"worker_id":"b9dbde97-b97d-44ae-b04a-0faac7d89cd4-8316722560","trial_id":4,"param_name":"episode_days","param_value_internal":1,"distribution":"{\"name\": \"CategoricalDistribution\", \"attributes\": {\"choices\": [3, 7, 14]}}"}
{"op_code":8,"worker_id":"b9dbde97-b97d-44ae-b04a-0faac7d89cd4-8316722560","trial_id":4,"user_attr":{"tag":"cbdf108ea9349"}}
{"op_code":8,"worker_id":"b9dbde97-b97d-44ae-b04a-0faac7d89cd4-8316722560","trial_id":4,"user_attr":{"overrides":{"gamma":0.9854987157659968,"n_step":8,"lr":0.001143147151581591,"batch":256,"hidden":64,"target_sync":5000,"update_every":1,"buffer":200000,"eps_end":0.08935618256693677,"eps_decay_frac":0.446265795038883,"reward_scale":37.34764096780105,"episode_days":7}}}
{"op_code":7,"worker_id":"b9dbde97-b97d-44ae-b04a-0faac7d89cd4-8316722560","trial_id":3,"step":8,"intermediate_value":251.85002572689274}
{"op_code":8,"worker_id":"b9dbde97-b97d-44ae-b04a-0faac7d89cd4-8316722560","trial_id":3,"user_attr":{"hh_saving":{"254":282.02791222544846,"185":241.83818998789232,"230":261.2103071802343,"266":123.0446718936263,"145":286.6794794511753,"229":138.1286895054815,"300":336.38249106168763,"69":345.4884645095962}}}
{"op_code":8,"worker_id":"b9dbde97-b97d-44ae-b04a-0faac7d89cd4-8316722560","trial_id":3,"user_attr":{"val_efc_mean":72.67056534375}}
{"op_code":8,"worker_id":"b9dbde97-b97d-44ae-b04a-0faac7d89cd4-8316722560","trial_id":3,"user_attr":{"converged_share":1.0}}
{"op_code":8,"worker_id":"b9dbde97-b97d-44ae-b04a-0faac7d89cd4-8316722560","trial_id":3,"user_attr":{"wall_s":474.1494097709656}}
{"op_code":6,"worker_id":"b9dbde97-b97d-44ae-b04a-0faac7d89cd4-8316722560","trial_id":3,"state":1,"values":[251.85002572689274],"datetime_complete":"2026-10-08T04:12:48.807060"}
{"op_code":4,"worker_id":"b9dbde97-b97d-44ae-b04a-0faac7d89cd4-8316722560","study_id":0,"datetime_start":"2026-10-08T04:13:46.003515"}
{"op_code":5,"worker_id":"b9dbde97-b97d-44ae-b04a-0faac7d89cd4-8316722560","trial_id":5,"param_name":"lr","param_value_internal":0.00042275164009130105,"distribution":"{\"name\": \"FloatDistribution\", \"attributes\": {\"step\": null, \"low\": 0.0001, \"high\": 0.003, \"log\": true}}"}
{"op_code":5,"worker_id":"b9dbde97-b97d-44ae-b04a-0faac7d89cd4-8316722560","trial_id":5,"param_name":"gamma","param_value_internal":0.9915214710684306,"distribution":"{\"name\": \"FloatDistribution\", \"attributes\": {\"step\": null, \"low\": 0.98, \"high\": 0.999, \"log\": false}}"}
{"op_code":5,"worker_id":"b9dbde97-b97d-44ae-b04a-0faac7d89cd4-8316722560","trial_id":5,"param_name":"n_step","param_value_internal":2,"distribution":"{\"name\": \"CategoricalDistribution\", \"attributes\": {\"choices\": [1, 2, 4, 8, 16]}}"}
{"op_code":5,"worker_id":"b9dbde97-b97d-44ae-b04a-0faac7d89cd4-8316722560","trial_id":5,"param_name":"batch","param_value_internal":0,"distribution":"{\"name\": \"CategoricalDistribution\", \"attributes\": {\"choices\": [64, 128, 256]}}"}
{"op_code":5,"worker_id":"b9dbde97-b97d-44ae-b04a-0faac7d89cd4-8316722560","trial_id":5,"param_name":"hidden","param_value_internal":1,"distribution":"{\"name\": \"CategoricalDistribution\", \"attributes\": {\"choices\": [64, 128, 256]}}"}
{"op_code":5,"worker_id":"b9dbde97-b97d-44ae-b04a-0faac7d89cd4-8316722560","trial_id":5,"param_name":"target_sync","param_value_internal":3,"distribution":"{\"name\": \"CategoricalDistribution\", \"attributes\": {\"choices\": [500, 1000, 2000, 5000, 10000]}}"}
{"op_code":5,"worker_id":"b9dbde97-b97d-44ae-b04a-0faac7d89cd4-8316722560","trial_id":5,"param_name":"update_every","param_value_internal":1,"distribution":"{\"name\": \"CategoricalDistribution\", \"attributes\": {\"choices\": [1, 2, 4]}}"}
{"op_code":5,"worker_id":"b9dbde97-b97d-44ae-b04a-0faac7d89cd4-8316722560","trial_id":5,"param_name":"buffer","param_value_internal":2,"distribution":"{\"name\": \"CategoricalDistribution\", \"attributes\": {\"choices\": [50000, 100000, 200000, 400000]}}"}
{"op_code":5,"worker_id":"b9dbde97-b97d-44ae-b04a-0faac7d89cd4-8316722560","trial_id":5,"param_name":"eps_end","param_value_internal":0.099896230591108,"distribution":"{\"name\": \"FloatDistribution\", \"attributes\": {\"step\": null, \"low\": 0.01, \"high\": 0.1, \"log\": false}}"}
{"op_code":5,"worker_id":"b9dbde97-b97d-44ae-b04a-0faac7d89cd4-8316722560","trial_id":5,"param_name":"eps_decay_frac","param_value_internal":0.17472415232899688,"distribution":"{\"name\": \"FloatDistribution\", \"attributes\": {\"step\": null, \"low\": 0.1, \"high\": 0.6, \"log\": false}}"}
{"op_code":5,"worker_id":"b9dbde97-b97d-44ae-b04a-0faac7d89cd4-8316722560","trial_id":5,"param_name":"reward_scale","param_value_internal":55.5006331378049,"distribution":"{\"name\": \"FloatDistribution\", \"attributes\": {\"step\": null, \"low\": 5.0, \"high\": 80.0, \"log\": true}}"}
{"op_code":5,"worker_id":"b9dbde97-b97d-44ae-b04a-0faac7d89cd4-8316722560","trial_id":5,"param_name":"episode_days","param_value_internal":1,"distribution":"{\"name\": \"CategoricalDistribution\", \"attributes\": {\"choices\": [3, 7, 14]}}"}
{"op_code":8,"worker_id":"b9dbde97-b97d-44ae-b04a-0faac7d89cd4-8316722560","trial_id":5,"user_attr":{"tag":"cc57cce42a4ab"}}
{"op_code":8,"worker_id":"b9dbde97-b97d-44ae-b04a-0faac7d89cd4-8316722560","trial_id":5,"user_attr":{"overrides":{"gamma":0.9915214710684306,"n_step":4,"lr":0.00042275164009130105,"batch":64,"hidden":128,"target_sync":5000,"update_every":2,"buffer":200000,"eps_end":0.099896230591108,"eps_decay_frac":0.17472415232899688,"reward_scale":55.5006331378049,"episode_days":7}}}
{"op_code":7,"worker_id":"b9dbde97-b97d-44ae-b04a-0faac7d89cd4-8316722560","trial_id":4,"step":3,"intermediate_value":276.5701954812507}
{"op_code":7,"worker_id":"b9dbde97-b97d-44ae-b04a-0faac7d89cd4-8316722560","trial_id":5,"step":3,"intermediate_value":280.88368429767473}
{"op_code":7,"worker_id":"b9dbde97-b97d-44ae-b04a-0faac7d89cd4-8316722560","trial_id":4,"step":8,"intermediate_value":265.1895739890648}
{"op_code":8,"worker_id":"b9dbde97-b97d-44ae-b04a-0faac7d89cd4-8316722560","trial_id":4,"user_attr":{"hh_saving":{"254":308.96388603312994,"185":250.49096610014703,"230":270.2557343104752,"266":141.0256747179776,"145":301.83279334018476,"229":150.66178106754666,"300":351.0259363843625,"69":347.25981995869506}}}
{"op_code":8,"worker_id":"b9dbde97-b97d-44ae-b04a-0faac7d89cd4-8316722560","trial_id":4,"user_attr":{"val_efc_mean":78.45661224999999}}
{"op_code":8,"worker_id":"b9dbde97-b97d-44ae-b04a-0faac7d89cd4-8316722560","trial_id":4,"user_attr":{"converged_share":0.875}}
{"op_code":8,"worker_id":"b9dbde97-b97d-44ae-b04a-0faac7d89cd4-8316722560","trial_id":4,"user_attr":{"wall_s":628.8648750782013}}
{"op_code":6,"worker_id":"b9dbde97-b97d-44ae-b04a-0faac7d89cd4-8316722560","trial_id":4,"state":1,"values":[265.1895739890648],"datetime_complete":"2026-10-08T04:22:47.630500"}
{"op_code":4,"worker_id":"b9dbde97-b97d-44ae-b04a-0faac7d89cd4-8316722560","study_id":0,"datetime_start":"2026-10-08T04:24:05.774379"}
{"op_code":5,"worker_id":"b9dbde97-b97d-44ae-b04a-0faac7d89cd4-8316722560","trial_id":6,"param_name":"lr","param_value_internal":0.0017890026328340875,"distribution":"{\"name\": \"FloatDistribution\", \"attributes\": {\"step\": null, \"low\": 0.0001, \"high\": 0.003, \"log\": true}}"}
{"op_code":5,"worker_id":"b9dbde97-b97d-44ae-b04a-0faac7d89cd4-8316722560","trial_id":6,"param_name":"gamma","param_value_internal":0.9953390602157752,"distribution":"{\"name\": \"FloatDistribution\", \"attributes\": {\"step\": null, \"low\": 0.98, \"high\": 0.999, \"log\": false}}"}
{"op_code":5,"worker_id":"b9dbde97-b97d-44ae-b04a-0faac7d89cd4-8316722560","trial_id":6,"param_name":"n_step","param_value_internal":3,"distribution":"{\"name\": \"CategoricalDistribution\", \"attributes\": {\"choices\": [1, 2, 4, 8, 16]}}"}
{"op_code":5,"worker_id":"b9dbde97-b97d-44ae-b04a-0faac7d89cd4-8316722560","trial_id":6,"param_name":"batch","param_value_internal":2,"distribution":"{\"name\": \"CategoricalDistribution\", \"attributes\": {\"choices\": [64, 128, 256]}}"}
{"op_code":5,"worker_id":"b9dbde97-b97d-44ae-b04a-0faac7d89cd4-8316722560","trial_id":6,"param_name":"hidden","param_value_internal":0,"distribution":"{\"name\": \"CategoricalDistribution\", \"attributes\": {\"choices\": [64, 128, 256]}}"}
{"op_code":5,"worker_id":"b9dbde97-b97d-44ae-b04a-0faac7d89cd4-8316722560","trial_id":6,"param_name":"target_sync","param_value_internal":0,"distribution":"{\"name\": \"CategoricalDistribution\", \"attributes\": {\"choices\": [500, 1000, 2000, 5000, 10000]}}"}
{"op_code":5,"worker_id":"b9dbde97-b97d-44ae-b04a-0faac7d89cd4-8316722560","trial_id":6,"param_name":"update_every","param_value_internal":1,"distribution":"{\"name\": \"CategoricalDistribution\", \"attributes\": {\"choices\": [1, 2, 4]}}"}
{"op_code":5,"worker_id":"b9dbde97-b97d-44ae-b04a-0faac7d89cd4-8316722560","trial_id":6,"param_name":"buffer","param_value_internal":1,"distribution":"{\"name\": \"CategoricalDistribution\", \"attributes\": {\"choices\": [50000, 100000, 200000, 400000]}}"}
{"op_code":5,"worker_id":"b9dbde97-b97d-44ae-b04a-0faac7d89cd4-8316722560","trial_id":6,"param_name":"eps_end","param_value_internal":0.024822474084812148,"distribution":"{\"name\": \"FloatDistribution\", \"attributes\": {\"step\": null, \"low\": 0.01, \"high\": 0.1, \"log\": false}}"}
{"op_code":5,"worker_id":"b9dbde97-b97d-44ae-b04a-0faac7d89cd4-8316722560","trial_id":6,"param_name":"eps_decay_frac","param_value_internal":0.4107392007498818,"distribution":"{\"name\": \"FloatDistribution\", \"attributes\": {\"step\": null, \"low\": 0.1, \"high\": 0.6, \"log\": false}}"}
{"op_code":5,"worker_id":"b9dbde97-b97d-44ae-b04a-0faac7d89cd4-8316722560","trial_id":6,"param_name":"reward_scale","param_value_internal":24.775503114411453,"distribution":"{\"name\": \"FloatDistribution\", \"attributes\": {\"step\": null, \"low\": 5.0, \"high\": 80.0, \"log\": true}}"}
{"op_code":5,"worker_id":"b9dbde97-b97d-44ae-b04a-0faac7d89cd4-8316722560","trial_id":6,"param_name":"episode_days","param_value_internal":1,"distribution":"{\"name\": \"CategoricalDistribution\", \"attributes\": {\"choices\": [3, 7, 14]}}"}
{"op_code":8,"worker_id":"b9dbde97-b97d-44ae-b04a-0faac7d89cd4-8316722560","trial_id":6,"user_attr":{"tag":"c1c19ec15746d"}}
{"op_code":8,"worker_id":"b9dbde97-b97d-44ae-b04a-0faac7d89cd4-8316722560","trial_id":6,"user_attr":{"overrides":{"gamma":0.9953390602157752,"n_step":8,"lr":0.0017890026328340875,"batch":256,"hidden":64,"target_sync":500,"update_every":2,"buffer":100000,"eps_end":0.024822474084812148,"eps_decay_frac":0.4107392007498818,"reward_scale":24.775503114411453,"episode_days":7}}}
{"op_code":7,"worker_id":"b9dbde97-b97d-44ae-b04a-0faac7d89cd4-8316722560","trial_id":5,"step":8,"intermediate_value":269.09616170385056}
{"op_code":8,"worker_id":"b9dbde97-b97d-44ae-b04a-0faac7d89cd4-8316722560","trial_id":5,"user_attr":{"hh_saving":{"254":307.0150630334362,"185":262.9048329133341,"230":272.73115694625375,"266":148.60391776941808,"145":305.6008832475826,"229":158.35024887262765,"300":350.4775379519175,"69":347.0856528962344}}}
{"op_code":8,"worker_id":"b9dbde97-b97d-44ae-b04a-0faac7d89cd4-8316722560","trial_id":5,"user_attr":{"val_efc_mean":82.125208125}}
{"op_code":8,"worker_id":"b9dbde97-b97d-44ae-b04a-0faac7d89cd4-8316722560","trial_id":5,"user_attr":{"converged_share":1.0}}
{"op_code":8,"worker_id":"b9dbde97-b97d-44ae-b04a-0faac7d89cd4-8316722560","trial_id":5,"user_attr":{"wall_s":686.9823968410492}}
{"op_code":6,"worker_id":"b9dbde97-b97d-44ae-b04a-0faac7d89cd4-8316722560","trial_id":5,"state":1,"values":[269.09616170385056],"datetime_complete":"2026-10-08T04:25:12.993020"}
{"op_code":4,"worker_id":"b9dbde97-b97d-44ae-b04a-0faac7d89cd4-8316722560","study_id":0,"datetime_start":"2026-10-08T04:25:48.505767"}
{"op_code":5,"worker_id":"b9dbde97-b97d-44ae-b04a-0faac7d89cd4-8316722560","trial_id":7,"param_name":"lr","param_value_internal":0.0006182933821259282,"distribution":"{\"name\": \"FloatDistribution\", \"attributes\": {\"step\": null, \"low\": 0.0001, \"high\": 0.003, \"log\": true}}"}
{"op_code":5,"worker_id":"b9dbde97-b97d-44ae-b04a-0faac7d89cd4-8316722560","trial_id":7,"param_name":"gamma","param_value_internal":0.9912082895507368,"distribution":"{\"name\": \"FloatDistribution\", \"attributes\": {\"step\": null, \"low\": 0.98, \"high\": 0.999, \"log\": false}}"}
{"op_code":5,"worker_id":"b9dbde97-b97d-44ae-b04a-0faac7d89cd4-8316722560","trial_id":7,"param_name":"n_step","param_value_internal":0,"distribution":"{\"name\": \"CategoricalDistribution\", \"attributes\": {\"choices\": [1, 2, 4, 8, 16]}}"}
{"op_code":5,"worker_id":"b9dbde97-b97d-44ae-b04a-0faac7d89cd4-8316722560","trial_id":7,"param_name":"batch","param_value_internal":0,"distribution":"{\"name\": \"CategoricalDistribution\", \"attributes\": {\"choices\": [64, 128, 256]}}"}
{"op_code":5,"worker_id":"b9dbde97-b97d-44ae-b04a-0faac7d89cd4-8316722560","trial_id":7,"param_name":"hidden","param_value_internal":1,"distribution":"{\"name\": \"CategoricalDistribution\", \"attributes\": {\"choices\": [64, 128, 256]}}"}
{"op_code":5,"worker_id":"b9dbde97-b97d-44ae-b04a-0faac7d89cd4-8316722560","trial_id":7,"param_name":"target_sync","param_value_internal":2,"distribution":"{\"name\": \"CategoricalDistribution\", \"attributes\": {\"choices\": [500, 1000, 2000, 5000, 10000]}}"}
{"op_code":5,"worker_id":"b9dbde97-b97d-44ae-b04a-0faac7d89cd4-8316722560","trial_id":7,"param_name":"update_every","param_value_internal":2,"distribution":"{\"name\": \"CategoricalDistribution\", \"attributes\": {\"choices\": [1, 2, 4]}}"}
{"op_code":5,"worker_id":"b9dbde97-b97d-44ae-b04a-0faac7d89cd4-8316722560","trial_id":7,"param_name":"buffer","param_value_internal":3,"distribution":"{\"name\": \"CategoricalDistribution\", \"attributes\": {\"choices\": [50000, 100000, 200000, 400000]}}"}
{"op_code":5,"worker_id":"b9dbde97-b97d-44ae-b04a-0faac7d89cd4-8316722560","trial_id":7,"param_name":"eps_end","param_value_internal":0.029520728595862657,"distribution":"{\"name\": \"FloatDistribution\", \"attributes\": {\"step\": null, \"low\": 0.01, \"high\": 0.1, \"log\": false}}"}
{"op_code":5,"worker_id":"b9dbde97-b97d-44ae-b04a-0faac7d89cd4-8316722560","trial_id":7,"param_name":"eps_decay_frac","param_value_internal":0.4315391015500504,"distribution":"{\"name\": \"FloatDistribution\", \"attributes\": {\"step\": null, \"low\": 0.1, \"high\": 0.6, \"log\": false}}"}
{"op_code":5,"worker_id":"b9dbde97-b97d-44ae-b04a-0faac7d89cd4-8316722560","trial_id":7,"param_name":"reward_scale","param_value_internal":10.376281374733137,"distribution":"{\"name\": \"FloatDistribution\", \"attributes\": {\"step\": null, \"low\": 5.0, \"high\": 80.0, \"log\": true}}"}
{"op_code":5,"worker_id":"b9dbde97-b97d-44ae-b04a-0faac7d89cd4-8316722560","trial_id":7,"param_name":"episode_days","param_value_internal":1,"distribution":"{\"name\": \"CategoricalDistribution\", \"attributes\": {\"choices\": [3, 7, 14]}}"}
{"op_code":8,"worker_id":"b9dbde97-b97d-44ae-b04a-0faac7d89cd4-8316722560","trial_id":7,"user_attr":{"tag":"ca43555758671"}}
{"op_code":8,"worker_id":"b9dbde97-b97d-44ae-b04a-0faac7d89cd4-8316722560","trial_id":7,"user_attr":{"overrides":{"gamma":0.9912082895507368,"n_step":1,"lr":0.0006182933821259282,"batch":64,"hidden":128,"target_sync":2000,"update_every":4,"buffer":400000,"eps_end":0.029520728595862657,"eps_decay_frac":0.4315391015500504,"reward_scale":10.376281374733137,"episode_days":7}}}
{"op_code":7,"worker_id":"b9dbde97-b97d-44ae-b04a-0faac7d89cd4-8316722560","trial_id":6,"step":3,"intermediate_value":266.796817278153}
{"op_code":8,"worker_id":"b9dbde97-b97d-44ae-b04a-0faac7d89cd4-8316722560","trial_id":6,"user_attr":{"hh_saving":{"254":285.3581202086234,"185":256.8004148755503,"230":258.2319167502854}}}
{"op_code":8,"worker_id":"b9dbde97-b97d-44ae-b04a-0faac7d89cd4-8316722560","trial_id":6,"user_attr":{"val_efc_mean":89.00181075}}
{"op_code":8,"worker_id":"b9dbde97-b97d-44ae-b04a-0faac7d89cd4-8316722560","trial_id":6,"user_attr":{"converged_share":1.0}}
{"op_code":8,"worker_id":"b9dbde97-b97d-44ae-b04a-0faac7d89cd4-8316722560","trial_id":6,"user_attr":{"wall_s":194.11963891983032}}
{"op_code":6,"worker_id":"b9dbde97-b97d-44ae-b04a-0faac7d89cd4-8316722560","trial_id":6,"state":2,"values":[266.796817278153],"datetime_complete":"2026-10-08T04:27:19.901367"}
{"op_code":4,"worker_id":"b9dbde97-b97d-44ae-b04a-0faac7d89cd4-8316722560","study_id":0,"datetime_start":"2026-10-08T04:27:31.920510"}
{"op_code":5,"worker_id":"b9dbde97-b97d-44ae-b04a-0faac7d89cd4-8316722560","trial_id":8,"param_name":"lr","param_value_internal":0.0003684874222698001,"distribution":"{\"name\": \"FloatDistribution\", \"attributes\": {\"step\": null, \"low\": 0.0001, \"high\": 0.003, \"log\": true}}"}
{"op_code":5,"worker_id":"b9dbde97-b97d-44ae-b04a-0faac7d89cd4-8316722560","trial_id":8,"param_name":"gamma","param_value_internal":0.9911780251575185,"distribution":"{\"name\": \"FloatDistribution\", \"attributes\": {\"step\": null, \"low\": 0.98, \"high\": 0.999, \"log\": false}}"}
{"op_code":5,"worker_id":"b9dbde97-b97d-44ae-b04a-0faac7d89cd4-8316722560","trial_id":8,"param_name":"n_step","param_value_internal":2,"distribution":"{\"name\": \"CategoricalDistribution\", \"attributes\": {\"choices\": [1, 2, 4, 8, 16]}}"}
{"op_code":5,"worker_id":"b9dbde97-b97d-44ae-b04a-0faac7d89cd4-8316722560","trial_id":8,"param_name":"batch","param_value_internal":1,"distribution":"{\"name\": \"CategoricalDistribution\", \"attributes\": {\"choices\": [64, 128, 256]}}"}
{"op_code":5,"worker_id":"b9dbde97-b97d-44ae-b04a-0faac7d89cd4-8316722560","trial_id":8,"param_name":"hidden","param_value_internal":1,"distribution":"{\"name\": \"CategoricalDistribution\", \"attributes\": {\"choices\": [64, 128, 256]}}"}
{"op_code":5,"worker_id":"b9dbde97-b97d-44ae-b04a-0faac7d89cd4-8316722560","trial_id":8,"param_name":"target_sync","param_value_internal":2,"distribution":"{\"name\": \"CategoricalDistribution\", \"attributes\": {\"choices\": [500, 1000, 2000, 5000, 10000]}}"}
{"op_code":5,"worker_id":"b9dbde97-b97d-44ae-b04a-0faac7d89cd4-8316722560","trial_id":8,"param_name":"update_every","param_value_internal":2,"distribution":"{\"name\": \"CategoricalDistribution\", \"attributes\": {\"choices\": [1, 2, 4]}}"}
{"op_code":5,"worker_id":"b9dbde97-b97d-44ae-b04a-0faac7d89cd4-8316722560","trial_id":8,"param_name":"buffer","param_value_internal":2,"distribution":"{\"name\": \"CategoricalDistribution\", \"attributes\": {\"choices\": [50000, 100000, 200000, 400000]}}"}
{"op_code":5,"worker_id":"b9dbde97-b97d-44ae-b04a-0faac7d89cd4-8316722560","trial_id":8,"param_name":"eps_end","param_value_internal":0.05656411964387028,"distribution":"{\"name\": \"FloatDistribution\", \"attributes\": {\"step\": null, \"low\": 0.01, \"high\": 0.1, \"log\": false}}"}
{"op_code":5,"worker_id":"b9dbde97-b97d-44ae-b04a-0faac7d89cd4-8316722560","trial_id":8,"param_name":"eps_decay_frac","param_value_internal":0.16603405317257666,"distribution":"{\"name\": \"FloatDistribution\", \"attributes\": {\"step\": null, \"low\": 0.1, \"high\": 0.6, \"log\": false}}"}
{"op_code":5,"worker_id":"b9dbde97-b97d-44ae-b04a-0faac7d89cd4-8316722560","trial_id":8,"param_name":"reward_scale","param_value_internal":36.488421093204195,"distribution":"{\"name\": \"FloatDistribution\", \"attributes\": {\"step\": null, \"low\": 5.0, \"high\": 80.0, \"log\": true}}"}
{"op_code":5,"worker_id":"b9dbde97-b97d-44ae-b04a-0faac7d89cd4-8316722560","trial_id":8,"param_name":"episode_days","param_value_internal":1,"distribution":"{\"name\": \"CategoricalDistribution\", \"attributes\": {\"choices\": [3, 7, 14]}}"}
{"op_code":8,"worker_id":"b9dbde97-b97d-44ae-b04a-0faac7d89cd4-8316722560","trial_id":8,"user_attr":{"tag":"cefa3567b7d53"}}
{"op_code":8,"worker_id":"b9dbde97-b97d-44ae-b04a-0faac7d89cd4-8316722560","trial_id":8,"user_attr":{"overrides":{"gamma":0.9911780251575185,"n_step":4,"lr":0.0003684874222698001,"batch":128,"hidden":128,"target_sync":2000,"update_every":4,"buffer":200000,"eps_end":0.05656411964387028,"eps_decay_frac":0.16603405317257666,"reward_scale":36.488421093204195,"episode_days":7}}}
{"op_code":7,"worker_id":"b9dbde97-b97d-44ae-b04a-0faac7d89cd4-8316722560","trial_id":7,"step":3,"intermediate_value":279.1055672252753}
{"op_code":7,"worker_id":"b9dbde97-b97d-44ae-b04a-0faac7d89cd4-8316722560","trial_id":8,"step":3,"intermediate_value":279.432008648554}
{"op_code":7,"worker_id":"b9dbde97-b97d-44ae-b04a-0faac7d89cd4-8316722560","trial_id":7,"step":8,"intermediate_value":269.3923782008644}
{"op_code":8,"worker_id":"b9dbde97-b97d-44ae-b04a-0faac7d89cd4-8316722560","trial_id":7,"user_attr":{"hh_saving":{"254":306.8125624735305,"185":258.7461265120713,"230":271.7580126902241,"266":152.43183023615347,"145":314.10055782886104,"229":155.88174993794382,"300":347.5261580467151,"69":347.8820278814155}}}
{"op_code":8,"worker_id":"b9dbde97-b97d-44ae-b04a-0faac7d89cd4-8316722560","trial_id":7,"user_attr":{"val_efc_mean":81.92134446875}}
{"op_code":8,"worker_id":"b9dbde97-b97d-44ae-b04a-0faac7d89cd4-8316722560","trial_id":7,"user_attr":{"converged_share":0.875}}
{"op_code":8,"worker_id":"b9dbde97-b97d-44ae-b04a-0faac7d89cd4-8316722560","trial_id":7,"user_attr":{"wall_s":383.4258918762207}}
{"op_code":6,"worker_id":"b9dbde97-b97d-44ae-b04a-0faac7d89cd4-8316722560","trial_id":7,"state":1,"values":[269.3923782008644],"datetime_complete":"2026-10-08T04:32:11.942539"}
{"op_code":4,"worker_id":"b9dbde97-b97d-44ae-b04a-0faac7d89cd4-8316722560","study_id":0,"datetime_start":"2026-10-08T04:34:42.888741"}
{"op_code":5,"worker_id":"b9dbde97-b97d-44ae-b04a-0faac7d89cd4-8316722560","trial_id":9,"param_name":"lr","param_value_internal":0.0001636657119494122,"distribution":"{\"name\": \"FloatDistribution\", \"attributes\": {\"step\": null, \"low\": 0.0001, \"high\": 0.003, \"log\": true}}"}
{"op_code":5,"worker_id":"b9dbde97-b97d-44ae-b04a-0faac7d89cd4-8316722560","trial_id":9,"param_name":"gamma","param_value_internal":0.9892730693323302,"distribution":"{\"name\": \"FloatDistribution\", \"attributes\": {\"step\": null, \"low\": 0.98, \"high\": 0.999, \"log\": false}}"}
{"op_code":5,"worker_id":"b9dbde97-b97d-44ae-b04a-0faac7d89cd4-8316722560","trial_id":9,"param_name":"n_step","param_value_internal":1,"distribution":"{\"name\": \"CategoricalDistribution\", \"attributes\": {\"choices\": [1, 2, 4, 8, 16]}}"}
{"op_code":5,"worker_id":"b9dbde97-b97d-44ae-b04a-0faac7d89cd4-8316722560","trial_id":9,"param_name":"batch","param_value_internal":2,"distribution":"{\"name\": \"CategoricalDistribution\", \"attributes\": {\"choices\": [64, 128, 256]}}"}
{"op_code":5,"worker_id":"b9dbde97-b97d-44ae-b04a-0faac7d89cd4-8316722560","trial_id":9,"param_name":"hidden","param_value_internal":0,"distribution":"{\"name\": \"CategoricalDistribution\", \"attributes\": {\"choices\": [64, 128, 256]}}"}
{"op_code":5,"worker_id":"b9dbde97-b97d-44ae-b04a-0faac7d89cd4-8316722560","trial_id":9,"param_name":"target_sync","param_value_internal":2,"distribution":"{\"name\": \"CategoricalDistribution\", \"attributes\": {\"choices\": [500, 1000, 2000, 5000, 10000]}}"}
{"op_code":5,"worker_id":"b9dbde97-b97d-44ae-b04a-0faac7d89cd4-8316722560","trial_id":9,"param_name":"update_every","param_value_internal":1,"distribution":"{\"name\": \"CategoricalDistribution\", \"attributes\": {\"choices\": [1, 2, 4]}}"}
{"op_code":5,"worker_id":"b9dbde97-b97d-44ae-b04a-0faac7d89cd4-8316722560","trial_id":9,"param_name":"buffer","param_value_internal":1,"distribution":"{\"name\": \"CategoricalDistribution\", \"attributes\": {\"choices\": [50000, 100000, 200000, 400000]}}"}
{"op_code":5,"worker_id":"b9dbde97-b97d-44ae-b04a-0faac7d89cd4-8316722560","trial_id":9,"param_name":"eps_end","param_value_internal":0.09654131390873488,"distribution":"{\"name\": \"FloatDistribution\", \"attributes\": {\"step\": null, \"low\": 0.01, \"high\": 0.1, \"log\": false}}"}
{"op_code":5,"worker_id":"b9dbde97-b97d-44ae-b04a-0faac7d89cd4-8316722560","trial_id":9,"param_name":"eps_decay_frac","param_value_internal":0.21585081323560226,"distribution":"{\"name\": \"FloatDistribution\", \"attributes\": {\"step\": null, \"low\": 0.1, \"high\": 0.6, \"log\": false}}"}
{"op_code":5,"worker_id":"b9dbde97-b97d-44ae-b04a-0faac7d89cd4-8316722560","trial_id":9,"param_name":"reward_scale","param_value_internal":69.51263768772179,"distribution":"{\"name\": \"FloatDistribution\", \"attributes\": {\"step\": null, \"low\": 5.0, \"high\": 80.0, \"log\": true}}"}
{"op_code":5,"worker_id":"b9dbde97-b97d-44ae-b04a-0faac7d89cd4-8316722560","trial_id":9,"param_name":"episode_days","param_value_internal":0,"distribution":"{\"name\": \"CategoricalDistribution\", \"attributes\": {\"choices\": [3, 7, 14]}}"}
{"op_code":8,"worker_id":"b9dbde97-b97d-44ae-b04a-0faac7d89cd4-8316722560","trial_id":9,"user_attr":{"tag":"c2919abf11355"}}
{"op_code":8,"worker_id":"b9dbde97-b97d-44ae-b04a-0faac7d89cd4-8316722560","trial_id":9,"user_attr":{"overrides":{"gamma":0.9892730693323302,"n_step":2,"lr":0.0001636657119494122,"batch":256,"hidden":64,"target_sync":2000,"update_every":2,"buffer":100000,"eps_end":0.09654131390873488,"eps_decay_frac":0.21585081323560226,"reward_scale":69.51263768772179,"episode_days":3}}}
{"op_code":7,"worker_id":"b9dbde97-b97d-44ae-b04a-0faac7d89cd4-8316722560","trial_id":8,"step":8,"intermediate_value":268.0847631083241}
{"op_code":8,"worker_id":"b9dbde97-b97d-44ae-b04a-0faac7d89cd4-8316722560","trial_id":8,"user_attr":{"hh_saving":{"254":310.6252029071222,"185":252.25414076911102,"230":275.41668226942886,"266":142.22154775084633,"145":316.6687758664169,"229":153.86069441232567,"300":347.85404779911744,"69":345.7770130922247}}}
{"op_code":8,"worker_id":"b9dbde97-b97d-44ae-b04a-0faac7d89cd4-8316722560","trial_id":8,"user_attr":{"val_efc_mean":80.52413153124999}}
{"op_code":8,"worker_id":"b9dbde97-b97d-44ae-b04a-0faac7d89cd4-8316722560","trial_id":8,"user_attr":{"converged_share":1.0}}
{"op_code":8,"worker_id":"b9dbde97-b97d-44ae-b04a-0faac7d89cd4-8316722560","trial_id":8,"user_attr":{"wall_s":462.25483298301697}}
{"op_code":6,"worker_id":"b9dbde97-b97d-44ae-b04a-0faac7d89cd4-8316722560","trial_id":8,"state":1,"values":[268.0847631083241],"datetime_complete":"2026-10-08T04:35:14.182628"}
{"op_code":4,"worker_id":"b9dbde97-b97d-44ae-b04a-0faac7d89cd4-8316722560","study_id":0,"datetime_start":"2026-10-08T04:36:29.522707"}
{"op_code":5,"worker_id":"b9dbde97-b97d-44ae-b04a-0faac7d89cd4-8316722560","trial_id":10,"param_name":"lr","param_value_internal":0.001956272447321155,"distribution":"{\"name\": \"FloatDistribution\", \"attributes\": {\"step\": null, \"low\": 0.0001, \"high\": 0.003, \"log\": true}}"}
{"op_code":5,"worker_id":"b9dbde97-b97d-44ae-b04a-0faac7d89cd4-8316722560","trial_id":10,"param_name":"gamma","param_value_internal":0.9855673854056481,"distribution":"{\"name\": \"FloatDistribution\", \"attributes\": {\"step\": null, \"low\": 0.98, \"high\": 0.999, \"log\": false}}"}
{"op_code":5,"worker_id":"b9dbde97-b97d-44ae-b04a-0faac7d89cd4-8316722560","trial_id":10,"param_name":"n_step","param_value_internal":0,"distribution":"{\"name\": \"CategoricalDistribution\", \"attributes\": {\"choices\": [1, 2, 4, 8, 16]}}"}
{"op_code":5,"worker_id":"b9dbde97-b97d-44ae-b04a-0faac7d89cd4-8316722560","trial_id":10,"param_name":"batch","param_value_internal":0,"distribution":"{\"name\": \"CategoricalDistribution\", \"attributes\": {\"choices\": [64, 128, 256]}}"}
{"op_code":5,"worker_id":"b9dbde97-b97d-44ae-b04a-0faac7d89cd4-8316722560","trial_id":10,"param_name":"hidden","param_value_internal":0,"distribution":"{\"name\": \"CategoricalDistribution\", \"attributes\": {\"choices\": [64, 128, 256]}}"}
{"op_code":5,"worker_id":"b9dbde97-b97d-44ae-b04a-0faac7d89cd4-8316722560","trial_id":10,"param_name":"target_sync","param_value_internal":0,"distribution":"{\"name\": \"CategoricalDistribution\", \"attributes\": {\"choices\": [500, 1000, 2000, 5000, 10000]}}"}
{"op_code":5,"worker_id":"b9dbde97-b97d-44ae-b04a-0faac7d89cd4-8316722560","trial_id":10,"param_name":"update_every","param_value_internal":1,"distribution":"{\"name\": \"CategoricalDistribution\", \"attributes\": {\"choices\": [1, 2, 4]}}"}
{"op_code":5,"worker_id":"b9dbde97-b97d-44ae-b04a-0faac7d89cd4-8316722560","trial_id":10,"param_name":"buffer","param_value_internal":0,"distribution":"{\"name\": \"CategoricalDistribution\", \"attributes\": {\"choices\": [50000, 100000, 200000, 400000]}}"}
{"op_code":5,"worker_id":"b9dbde97-b97d-44ae-b04a-0faac7d89cd4-8316722560","trial_id":10,"param_name":"eps_end","param_value_internal":0.046651705427242667,"distribution":"{\"name\": \"FloatDistribution\", \"attributes\": {\"step\": null, \"low\": 0.01, \"high\": 0.1, \"log\": false}}"}
{"op_code":5,"worker_id":"b9dbde97-b97d-44ae-b04a-0faac7d89cd4-8316722560","trial_id":10,"param_name":"eps_decay_frac","param_value_internal":0.21611707108547137,"distribution":"{\"name\": \"FloatDistribution\", \"attributes\": {\"step\": null, \"low\": 0.1, \"high\": 0.6, \"log\": false}}"}
{"op_code":5,"worker_id":"b9dbde97-b97d-44ae-b04a-0faac7d89cd4-8316722560","trial_id":10,"param_name":"reward_scale","param_value_internal":7.219398465457858,"distribution":"{\"name\": \"FloatDistribution\", \"attributes\": {\"step\": null, \"low\": 5.0, \"high\": 80.0, \"log\": true}}"}
{"op_code":5,"worker_id":"b9dbde97-b97d-44ae-b04a-0faac7d89cd4-8316722560","trial_id":10,"param_name":"episode_days","param_value_internal":1,"distribution":"{\"name\": \"CategoricalDistribution\", \"attributes\": {\"choices\": [3, 7, 14]}}"}
{"op_code":8,"worker_id":"b9dbde97-b97d-44ae-b04a-0faac7d89cd4-8316722560","trial_id":10,"user_attr":{"tag":"cd1feefa78986"}}
{"op_code":8,"worker_id":"b9dbde97-b97d-44ae-b04a-0faac7d89cd4-8316722560","trial_id":10,"user_attr":{"overrides":{"gamma":0.9855673854056481,"n_step":1,"lr":0.001956272447321155,"batch":64,"hidden":64,"target_sync":500,"update_every":2,"buffer":50000,"eps_end":0.046651705427242667,"eps_decay_frac":0.21611707108547137,"reward_scale":7.219398465457858,"episode_days":7}}}
{"op_code":7,"worker_id":"b9dbde97-b97d-44ae-b04a-0faac7d89cd4-8316722560","trial_id":9,"step":3,"intermediate_value":286.5546772997611}
{"op_code":7,"worker_id":"b9dbde97-b97d-44ae-b04a-0faac7d89cd4-8316722560","trial_id":10,"step":3,"intermediate_value":260.94349395801174}
{"op_code":8,"worker_id":"b9dbde97-b97d-44ae-b04a-0faac7d89cd4-8316722560","trial_id":10,"user_attr":{"hh_saving":{"254":297.13000157985044,"185":235.9244074910306,"230":249.7760728031542}}}
{"op_code":8,"worker_id":"b9dbde97-b97d-44ae-b04a-0faac7d89cd4-8316722560","trial_id":10,"user_attr":{"val_efc_mean":74.510155}}
{"op_code":8,"worker_id":"b9dbde97-b97d-44ae-b04a-0faac7d89cd4-8316722560","trial_id":10,"user_attr":{"converged_share":1.0}}
{"op_code":8,"worker_id":"b9dbde97-b97d-44ae-b04a-0faac7d89cd4-8316722560","trial_id":10,"user_attr":{"wall_s":157.7278928756714}}
{"op_code":6,"worker_id":"b9dbde97-b97d-44ae-b04a-0faac7d89cd4-8316722560","trial_id":10,"state":2,"values":[260.94349395801174],"datetime_complete":"2026-10-08T04:39:07.256449"}
{"op_code":4,"worker_id":"b9dbde97-b97d-44ae-b04a-0faac7d89cd4-8316722560","study_id":0,"datetime_start":"2026-10-08T04:40:54.585975"}
{"op_code":9,"worker_id":"b9dbde97-b97d-44ae-b04a-0faac7d89cd4-8316722560","trial_id":11,"system_attr":{"tpe:relative_params:0":"{\"batch\": 64, \"buffer\": 100000, \"episode_days\": 7, \"eps_decay_frac\": 0.416333494631837, \"eps_end\": 0.0400702637478712, \"gamma\": 0.9913516322399777, \"hidden\": 128, \"lr\": 0.00034931318249951693, \"n_step\": 4, \"reward_scale\": 11.098794774346796, \"target_sync\": 2000, \"update_every\": 4}"}}
{"op_code":5,"worker_id":"b9dbde97-b97d-44ae-b04a-0faac7d89cd4-8316722560","trial_id":11,"param_name":"lr","param_value_internal":0.00034931318249951693,"distribution":"{\"name\": \"FloatDistribution\", \"attributes\": {\"step\": null, \"low\": 0.0001, \"high\": 0.003, \"log\": true}}"}
{"op_code":5,"worker_id":"b9dbde97-b97d-44ae-b04a-0faac7d89cd4-8316722560","trial_id":11,"param_name":"gamma","param_value_internal":0.9913516322399777,"distribution":"{\"name\": \"FloatDistribution\", \"attributes\": {\"step\": null, \"low\": 0.98, \"high\": 0.999, \"log\": false}}"}
{"op_code":5,"worker_id":"b9dbde97-b97d-44ae-b04a-0faac7d89cd4-8316722560","trial_id":11,"param_name":"n_step","param_value_internal":2,"distribution":"{\"name\": \"CategoricalDistribution\", \"attributes\": {\"choices\": [1, 2, 4, 8, 16]}}"}
{"op_code":5,"worker_id":"b9dbde97-b97d-44ae-b04a-0faac7d89cd4-8316722560","trial_id":11,"param_name":"batch","param_value_internal":0,"distribution":"{\"name\": \"CategoricalDistribution\", \"attributes\": {\"choices\": [64, 128, 256]}}"}
{"op_code":5,"worker_id":"b9dbde97-b97d-44ae-b04a-0faac7d89cd4-8316722560","trial_id":11,"param_name":"hidden","param_value_internal":1,"distribution":"{\"name\": \"CategoricalDistribution\", \"attributes\": {\"choices\": [64, 128, 256]}}"}
{"op_code":5,"worker_id":"b9dbde97-b97d-44ae-b04a-0faac7d89cd4-8316722560","trial_id":11,"param_name":"target_sync","param_value_internal":2,"distribution":"{\"name\": \"CategoricalDistribution\", \"attributes\": {\"choices\": [500, 1000, 2000, 5000, 10000]}}"}
{"op_code":5,"worker_id":"b9dbde97-b97d-44ae-b04a-0faac7d89cd4-8316722560","trial_id":11,"param_name":"update_every","param_value_internal":2,"distribution":"{\"name\": \"CategoricalDistribution\", \"attributes\": {\"choices\": [1, 2, 4]}}"}
{"op_code":5,"worker_id":"b9dbde97-b97d-44ae-b04a-0faac7d89cd4-8316722560","trial_id":11,"param_name":"buffer","param_value_internal":1,"distribution":"{\"name\": \"CategoricalDistribution\", \"attributes\": {\"choices\": [50000, 100000, 200000, 400000]}}"}
{"op_code":5,"worker_id":"b9dbde97-b97d-44ae-b04a-0faac7d89cd4-8316722560","trial_id":11,"param_name":"eps_end","param_value_internal":0.0400702637478712,"distribution":"{\"name\": \"FloatDistribution\", \"attributes\": {\"step\": null, \"low\": 0.01, \"high\": 0.1, \"log\": false}}"}
{"op_code":5,"worker_id":"b9dbde97-b97d-44ae-b04a-0faac7d89cd4-8316722560","trial_id":11,"param_name":"eps_decay_frac","param_value_internal":0.416333494631837,"distribution":"{\"name\": \"FloatDistribution\", \"attributes\": {\"step\": null, \"low\": 0.1, \"high\": 0.6, \"log\": false}}"}
{"op_code":5,"worker_id":"b9dbde97-b97d-44ae-b04a-0faac7d89cd4-8316722560","trial_id":11,"param_name":"reward_scale","param_value_internal":11.098794774346796,"distribution":"{\"name\": \"FloatDistribution\", \"attributes\": {\"step\": null, \"low\": 5.0, \"high\": 80.0, \"log\": true}}"}
{"op_code":5,"worker_id":"b9dbde97-b97d-44ae-b04a-0faac7d89cd4-8316722560","trial_id":11,"param_name":"episode_days","param_value_internal":1,"distribution":"{\"name\": \"CategoricalDistribution\", \"attributes\": {\"choices\": [3, 7, 14]}}"}
{"op_code":8,"worker_id":"b9dbde97-b97d-44ae-b04a-0faac7d89cd4-8316722560","trial_id":11,"user_attr":{"tag":"ce471eae404c4"}}
{"op_code":8,"worker_id":"b9dbde97-b97d-44ae-b04a-0faac7d89cd4-8316722560","trial_id":11,"user_attr":{"overrides":{"gamma":0.9913516322399777,"n_step":4,"lr":0.00034931318249951693,"batch":64,"hidden":128,"target_sync":2000,"update_every":4,"buffer":100000,"eps_end":0.0400702637478712,"eps_decay_frac":0.416333494631837,"reward_scale":11.098794774346796,"episode_days":7}}}
{"op_code":7,"worker_id":"b9dbde97-b97d-44ae-b04a-0faac7d89cd4-8316722560","trial_id":9,"step":8,"intermediate_value":269.3170177403848}
{"op_code":8,"worker_id":"b9dbde97-b97d-44ae-b04a-0faac7d89cd4-8316722560","trial_id":9,"user_attr":{"hh_saving":{"254":314.14959990471505,"185":265.07902179419114,"230":280.4354102003772,"266":139.49792324175792,"145":317.29088456832505,"229":141.19516084079484,"300":351.0605595441183,"69":345.82758182879877}}}
{"op_code":8,"worker_id":"b9dbde97-b97d-44ae-b04a-0faac7d89cd4-8316722560","trial_id":9,"user_attr":{"val_efc_mean":79.2976660625}}
{"op_code":8,"worker_id":"b9dbde97-b97d-44ae-b04a-0faac7d89cd4-8316722560","trial_id":9,"user_attr":{"converged_share":1.0}}
{"op_code":8,"worker_id":"b9dbde97-b97d-44ae-b04a-0faac7d89cd4-8316722560","trial_id":9,"user_attr":{"wall_s":442.5502679347992}}
{"op_code":6,"worker_id":"b9dbde97-b97d-44ae-b04a-0faac7d89cd4-8316722560","trial_id":9,"state":1,"values":[269.3170177403848],"datetime_complete":"2026-10-08T04:42:05.445876"}
{"op_code":4,"worker_id":"b9dbde97-b97d-44ae-b04a-0faac7d89cd4-8316722560","study_id":0,"datetime_start":"2026-10-08T04:42:10.886745"}
{"op_code":9,"worker_id":"b9dbde97-b97d-44ae-b04a-0faac7d89cd4-8316722560","trial_id":12,"system_attr":{"tpe:relative_params:0":"{\"batch\": 128, \"buffer\": 100000, \"episode_days\": 3, \"eps_decay_frac\": 0.22957221528961907, \"eps_end\": 0.07385162860910716, \"gamma\": 0.9882774375885164, \"hidden\": 64, \"lr\": 0.00029530943748622027, \"n_step\": 2, \"reward_scale\": 46.14518867475616, \"target_sync\": 2000, \"update_every\": 2}"}}
{"op_code":5,"worker_id":"b9dbde97-b97d-44ae-b04a-0faac7d89cd4-8316722560","trial_id":12,"param_name":"lr","param_value_internal":0.00029530943748622027,"distribution":"{\"name\": \"FloatDistribution\", \"attributes\": {\"step\": null, \"low\": 0.0001, \"high\": 0.003, \"log\": true}}"}
{"op_code":5,"worker_id":"b9dbde97-b97d-44ae-b04a-0faac7d89cd4-8316722560","trial_id":12,"param_name":"gamma","param_value_internal":0.9882774375885164,"distribution":"{\"name\": \"FloatDistribution\", \"attributes\": {\"step\": null, \"low\": 0.98, \"high\": 0.999, \"log\": false}}"}
{"op_code":5,"worker_id":"b9dbde97-b97d-44ae-b04a-0faac7d89cd4-8316722560","trial_id":12,"param_name":"n_step","param_value_internal":1,"distribution":"{\"name\": \"CategoricalDistribution\", \"attributes\": {\"choices\": [1, 2, 4, 8, 16]}}"}
{"op_code":5,"worker_id":"b9dbde97-b97d-44ae-b04a-0faac7d89cd4-8316722560","trial_id":12,"param_name":"batch","param_value_internal":1,"distribution":"{\"name\": \"CategoricalDistribution\", \"attributes\": {\"choices\": [64, 128, 256]}}"}
{"op_code":5,"worker_id":"b9dbde97-b97d-44ae-b04a-0faac7d89cd4-8316722560","trial_id":12,"param_name":"hidden","param_value_internal":0,"distribution":"{\"name\": \"CategoricalDistribution\", \"attributes\": {\"choices\": [64, 128, 256]}}"}
{"op_code":5,"worker_id":"b9dbde97-b97d-44ae-b04a-0faac7d89cd4-8316722560","trial_id":12,"param_name":"target_sync","param_value_internal":2,"distribution":"{\"name\": \"CategoricalDistribution\", \"attributes\": {\"choices\": [500, 1000, 2000, 5000, 10000]}}"}
{"op_code":5,"worker_id":"b9dbde97-b97d-44ae-b04a-0faac7d89cd4-8316722560","trial_id":12,"param_name":"update_every","param_value_internal":1,"distribution":"{\"name\": \"CategoricalDistribution\", \"attributes\": {\"choices\": [1, 2, 4]}}"}
{"op_code":5,"worker_id":"b9dbde97-b97d-44ae-b04a-0faac7d89cd4-8316722560","trial_id":12,"param_name":"buffer","param_value_internal":1,"distribution":"{\"name\": \"CategoricalDistribution\", \"attributes\": {\"choices\": [50000, 100000, 200000, 400000]}}"}
{"op_code":5,"worker_id":"b9dbde97-b97d-44ae-b04a-0faac7d89cd4-8316722560","trial_id":12,"param_name":"eps_end","param_value_internal":0.07385162860910716,"distribution":"{\"name\": \"FloatDistribution\", \"attributes\": {\"step\": null, \"low\": 0.01, \"high\": 0.1, \"log\": false}}"}
{"op_code":5,"worker_id":"b9dbde97-b97d-44ae-b04a-0faac7d89cd4-8316722560","trial_id":12,"param_name":"eps_decay_frac","param_value_internal":0.22957221528961907,"distribution":"{\"name\": \"FloatDistribution\", \"attributes\": {\"step\": null, \"low\": 0.1, \"high\": 0.6, \"log\": false}}"}
{"op_code":5,"worker_id":"b9dbde97-b97d-44ae-b04a-0faac7d89cd4-8316722560","trial_id":12,"param_name":"reward_scale","param_value_internal":46.14518867475616,"distribution":"{\"name\": \"FloatDistribution\", \"attributes\": {\"step\": null, \"low\": 5.0, \"high\": 80.0, \"log\": true}}"}
{"op_code":5,"worker_id":"b9dbde97-b97d-44ae-b04a-0faac7d89cd4-8316722560","trial_id":12,"param_name":"episode_days","param_value_internal":0,"distribution":"{\"name\": \"CategoricalDistribution\", \"attributes\": {\"choices\": [3, 7, 14]}}"}
{"op_code":8,"worker_id":"b9dbde97-b97d-44ae-b04a-0faac7d89cd4-8316722560","trial_id":12,"user_attr":{"tag":"c703755aef212"}}
{"op_code":8,"worker_id":"b9dbde97-b97d-44ae-b04a-0faac7d89cd4-8316722560","trial_id":12,"user_attr":{"overrides":{"gamma":0.9882774375885164,"n_step":2,"lr":0.00029530943748622027,"batch":128,"hidden":64,"target_sync":2000,"update_every":2,"buffer":100000,"eps_end":0.07385162860910716,"eps_decay_frac":0.22957221528961907,"reward_scale":46.14518867475616,"episode_days":3}}}
{"op_code":7,"worker_id":"b9dbde97-b97d-44ae-b04a-0faac7d89cd4-8316722560","trial_id":11,"step":3,"intermediate_value":282.1224417127312}
{"op_code":7,"worker_id":"b9dbde97-b97d-44ae-b04a-0faac7d89cd4-8316722560","trial_id":12,"step":3,"intermediate_value":281.05363244196604}
{"op_code":7,"worker_id":"b9dbde97-b97d-44ae-b04a-0faac7d89cd4-8316722560","trial_id":11,"step":8,"intermediate_value":270.49438499529776}
{"op_code":8,"worker_id":"b9dbde97-b97d-44ae-b04a-0faac7d89cd4-8316722560","trial_id":11,"user_attr":{"hh_saving":{"254":304.7249142867913,"185":259.0813072153097,"230":282.5611036360925,"266":148.34968935600267,"145":315.1054556886561,"229":157.1990183660833,"300":351.5079193465585,"69":345.42567206688796}}}
{"op_code":8,"worker_id":"b9dbde97-b97d-44ae-b04a-0faac7d89cd4-8316722560","trial_id":11,"user_attr":{"val_efc_mean":81.926517625}}
{"op_code":8,"worker_id":"b9dbde97-b97d-44ae-b04a-0faac7d89cd4-8316722560","trial_id":11,"user_attr":{"converged_share":0.875}}
{"op_code":8,"worker_id":"b9dbde97-b97d-44ae-b04a-0faac7d89cd4-8316722560","trial_id":11,"user_attr":{"wall_s":374.15563797950745}}
{"op_code":6,"worker_id":"b9dbde97-b97d-44ae-b04a-0faac7d89cd4-8316722560","trial_id":11,"state":1,"values":[270.49438499529776],"datetime_complete":"2026-10-08T04:47:08.750449"}
{"op_code":4,"worker_id":"b9dbde97-b97d-44ae-b04a-0faac7d89cd4-8316722560","study_id":0,"datetime_start":"2026-10-08T04:49:41.396849"}
{"op_code":9,"worker_id":"b9dbde97-b97d-44ae-b04a-0faac7d89cd4-8316722560","trial_id":13,"system_attr":{"tpe:relative_params:0":"{\"batch\": 64, \"buffer\": 100000, \"episode_days\": 3, \"eps_decay_frac\": 0.5551985666721982, \"eps_end\": 0.04332888352700449, \"gamma\": 0.9890558621271731, \"hidden\": 128, \"lr\": 0.00048523015421010005, \"n_step\": 4, \"reward_scale\": 12.68750694119932, \"target_sync\": 2000, \"update_every\": 4}"}}
{"op_code":5,"worker_id":"b9dbde97-b97d-44ae-b04a-0faac7d89cd4-8316722560","trial_id":13,"param_name":"lr","param_value_internal":0.00048523015421010005,"distribution":"{\"name\": \"FloatDistribution\", \"attributes\": {\"step\": null, \"low\": 0.0001, \"high\": 0.003, \"log\": true}}"}
{"op_code":5,"worker_id":"b9dbde97-b97d-44ae-b04a-0faac7d89cd4-8316722560","trial_id":13,"param_name":"gamma","param_value_internal":0.9890558621271731,"distribution":"{\"name\": \"FloatDistribution\", \"attributes\": {\"step\": null, \"low\": 0.98, \"high\": 0.999, \"log\": false}}"}
{"op_code":5,"worker_id":"b9dbde97-b97d-44ae-b04a-0faac7d89cd4-8316722560","trial_id":13,"param_name":"n_step","param_value_internal":2,"distribution":"{\"name\": \"CategoricalDistribution\", \"attributes\": {\"choices\": [1, 2, 4, 8, 16]}}"}
{"op_code":5,"worker_id":"b9dbde97-b97d-44ae-b04a-0faac7d89cd4-8316722560","trial_id":13,"param_name":"batch","param_value_internal":0,"distribution":"{\"name\": \"CategoricalDistribution\", \"attributes\": {\"choices\": [64, 128, 256]}}"}
{"op_code":5,"worker_id":"b9dbde97-b97d-44ae-b04a-0faac7d89cd4-8316722560","trial_id":13,"param_name":"hidden","param_value_internal":1,"distribution":"{\"name\": \"CategoricalDistribution\", \"attributes\": {\"choices\": [64, 128, 256]}}"}
{"op_code":5,"worker_id":"b9dbde97-b97d-44ae-b04a-0faac7d89cd4-8316722560","trial_id":13,"param_name":"target_sync","param_value_internal":2,"distribution":"{\"name\": \"CategoricalDistribution\", \"attributes\": {\"choices\": [500, 1000, 2000, 5000, 10000]}}"}
{"op_code":5,"worker_id":"b9dbde97-b97d-44ae-b04a-0faac7d89cd4-8316722560","trial_id":13,"param_name":"update_every","param_value_internal":2,"distribution":"{\"name\": \"CategoricalDistribution\", \"attributes\": {\"choices\": [1, 2, 4]}}"}
{"op_code":5,"worker_id":"b9dbde97-b97d-44ae-b04a-0faac7d89cd4-8316722560","trial_id":13,"param_name":"buffer","param_value_internal":1,"distribution":"{\"name\": \"CategoricalDistribution\", \"attributes\": {\"choices\": [50000, 100000, 200000, 400000]}}"}
{"op_code":5,"worker_id":"b9dbde97-b97d-44ae-b04a-0faac7d89cd4-8316722560","trial_id":13,"param_name":"eps_end","param_value_internal":0.04332888352700449,"distribution":"{\"name\": \"FloatDistribution\", \"attributes\": {\"step\": null, \"low\": 0.01, \"high\": 0.1, \"log\": false}}"}
{"op_code":5,"worker_id":"b9dbde97-b97d-44ae-b04a-0faac7d89cd4-8316722560","trial_id":13,"param_name":"eps_decay_frac","param_value_internal":0.5551985666721982,"distribution":"{\"name\": \"FloatDistribution\", \"attributes\": {\"step\": null, \"low\": 0.1, \"high\": 0.6, \"log\": false}}"}
{"op_code":5,"worker_id":"b9dbde97-b97d-44ae-b04a-0faac7d89cd4-8316722560","trial_id":13,"param_name":"reward_scale","param_value_internal":12.68750694119932,"distribution":"{\"name\": \"FloatDistribution\", \"attributes\": {\"step\": null, \"low\": 5.0, \"high\": 80.0, \"log\": true}}"}
{"op_code":5,"worker_id":"b9dbde97-b97d-44ae-b04a-0faac7d89cd4-8316722560","trial_id":13,"param_name":"episode_days","param_value_internal":0,"distribution":"{\"name\": \"CategoricalDistribution\", \"attributes\": {\"choices\": [3, 7, 14]}}"}
{"op_code":8,"worker_id":"b9dbde97-b97d-44ae-b04a-0faac7d89cd4-8316722560","trial_id":13,"user_attr":{"tag":"cfdf805daab77"}}
{"op_code":8,"worker_id":"b9dbde97-b97d-44ae-b04a-0faac7d89cd4-8316722560","trial_id":13,"user_attr":{"overrides":{"gamma":0.9890558621271731,"n_step":4,"lr":0.00048523015421010005,"batch":64,"hidden":128,"target_sync":2000,"update_every":4,"buffer":100000,"eps_end":0.04332888352700449,"eps_decay_frac":0.5551985666721982,"reward_scale":12.68750694119932,"episode_days":3}}}
{"op_code":7,"worker_id":"b9dbde97-b97d-44ae-b04a-0faac7d89cd4-8316722560","trial_id":12,"step":8,"intermediate_value":267.66239612382026}
{"op_code":8,"worker_id":"b9dbde97-b97d-44ae-b04a-0faac7d89cd4-8316722560","trial_id":12,"user_attr":{"hh_saving":{"254":311.8538932490325,"185":262.02966137420276,"230":269.27734270266274,"266":134.45314084382417,"145":313.99385753166854,"229":147.15687144826103,"300":354.5192406689901,"69":348.0151611719202}}}
{"op_code":8,"worker_id":"b9dbde97-b97d-44ae-b04a-0faac7d89cd4-8316722560","trial_id":12,"user_attr":{"val_efc_mean":78.44345184375}}
{"op_code":8,"worker_id":"b9dbde97-b97d-44ae-b04a-0faac7d89cd4-8316722560","trial_id":12,"user_attr":{"converged_share":1.0}}
{"op_code":8,"worker_id":"b9dbde97-b97d-44ae-b04a-0faac7d89cd4-8316722560","trial_id":12,"user_attr":{"wall_s":505.5561521053314}}
{"op_code":6,"worker_id":"b9dbde97-b97d-44ae-b04a-0faac7d89cd4-8316722560","trial_id":12,"state":1,"values":[267.66239612382026],"datetime_complete":"2026-10-08T04:50:36.451470"}
{"op_code":4,"worker_id":"b9dbde97-b97d-44ae-b04a-0faac7d89cd4-8316722560","study_id":0,"datetime_start":"2026-10-08T04:51:31.126908"}
{"op_code":9,"worker_id":"b9dbde97-b97d-44ae-b04a-0faac7d89cd4-8316722560","trial_id":14,"system_attr":{"tpe:relative_params:0":"{\"batch\": 64, \"buffer\": 400000, \"episode_days\": 7, \"eps_decay_frac\": 0.36733254065147186, \"eps_end\": 0.053775635594371644, \"gamma\": 0.9967747148171852, \"hidden\": 128, \"lr\": 0.00043938479121869594, \"n_step\": 1, \"reward_scale\": 13.030351311277649, \"target_sync\": 2000, \"update_every\": 4}"}}
{"op_code":5,"worker_id":"b9dbde97-b97d-44ae-b04a-0faac7d89cd4-8316722560","trial_id":14,"param_name":"lr","param_value_internal":0.00043938479121869594,"distribution":"{\"name\": \"FloatDistribution\", \"attributes\": {\"step\": null, \"low\": 0.0001, \"high\": 0.003, \"log\": true}}"}
{"op_code":5,"worker_id":"b9dbde97-b97d-44ae-b04a-0faac7d89cd4-8316722560","trial_id":14,"param_name":"gamma","param_value_internal":0.9967747148171852,"distribution":"{\"name\": \"FloatDistribution\", \"attributes\": {\"step\": null, \"low\": 0.98, \"high\": 0.999, \"log\": false}}"}
{"op_code":5,"worker_id":"b9dbde97-b97d-44ae-b04a-0faac7d89cd4-8316722560","trial_id":14,"param_name":"n_step","param_value_internal":0,"distribution":"{\"name\": \"CategoricalDistribution\", \"attributes\": {\"choices\": [1, 2, 4, 8, 16]}}"}
{"op_code":5,"worker_id":"b9dbde97-b97d-44ae-b04a-0faac7d89cd4-8316722560","trial_id":14,"param_name":"batch","param_value_internal":0,"distribution":"{\"name\": \"CategoricalDistribution\", \"attributes\": {\"choices\": [64, 128, 256]}}"}
{"op_code":5,"worker_id":"b9dbde97-b97d-44ae-b04a-0faac7d89cd4-8316722560","trial_id":14,"param_name":"hidden","param_value_internal":1,"distribution":"{\"name\": \"CategoricalDistribution\", \"attributes\": {\"choices\": [64, 128, 256]}}"}
{"op_code":5,"worker_id":"b9dbde97-b97d-44ae-b04a-0faac7d89cd4-8316722560","trial_id":14,"param_name":"target_sync","param_value_internal":2,"distribution":"{\"name\": \"CategoricalDistribution\", \"attributes\": {\"choices\": [500, 1000, 2000, 5000, 10000]}}"}
{"op_code":5,"worker_id":"b9dbde97-b97d-44ae-b04a-0faac7d89cd4-8316722560","trial_id":14,"param_name":"update_every","param_value_internal":2,"distribution":"{\"name\": \"CategoricalDistribution\", \"attributes\": {\"choices\": [1, 2, 4]}}"}
{"op_code":5,"worker_id":"b9dbde97-b97d-44ae-b04a-0faac7d89cd4-8316722560","trial_id":14,"param_name":"buffer","param_value_internal":3,"distribution":"{\"name\": \"CategoricalDistribution\", \"attributes\": {\"choices\": [50000, 100000, 200000, 400000]}}"}
{"op_code":5,"worker_id":"b9dbde97-b97d-44ae-b04a-0faac7d89cd4-8316722560","trial_id":14,"param_name":"eps_end","param_value_internal":0.053775635594371644,"distribution":"{\"name\": \"FloatDistribution\", \"attributes\": {\"step\": null, \"low\": 0.01, \"high\": 0.1, \"log\": false}}"}
{"op_code":5,"worker_id":"b9dbde97-b97d-44ae-b04a-0faac7d89cd4-8316722560","trial_id":14,"param_name":"eps_decay_frac","param_value_internal":0.36733254065147186,"distribution":"{\"name\": \"FloatDistribution\", \"attributes\": {\"step\": null, \"low\": 0.1, \"high\": 0.6, \"log\": false}}"}
{"op_code":5,"worker_id":"b9dbde97-b97d-44ae-b04a-0faac7d89cd4-8316722560","trial_id":14,"param_name":"reward_scale","param_value_internal":13.030351311277649,"distribution":"{\"name\": \"FloatDistribution\", \"attributes\": {\"step\": null, \"low\": 5.0, \"high\": 80.0, \"log\": true}}"}
{"op_code":5,"worker_id":"b9dbde97-b97d-44ae-b04a-0faac7d89cd4-8316722560","trial_id":14,"param_name":"episode_days","param_value_internal":1,"distribution":"{\"name\": \"CategoricalDistribution\", \"attributes\": {\"choices\": [3, 7, 14]}}"}
{"op_code":8,"worker_id":"b9dbde97-b97d-44ae-b04a-0faac7d89cd4-8316722560","trial_id":14,"user_attr":{"tag":"c76f842094a87"}}
{"op_code":8,"worker_id":"b9dbde97-b97d-44ae-b04a-0faac7d89cd4-8316722560","trial_id":14,"user_attr":{"overrides":{"gamma":0.9967747148171852,"n_step":1,"lr":0.00043938479121869594,"batch":64,"hidden":128,"target_sync":2000,"update_every":4,"buffer":400000,"eps_end":0.053775635594371644,"eps_decay_frac":0.36733254065147186,"reward_scale":13.030351311277649,"episode_days":7}}}
{"op_code":7,"worker_id":"b9dbde97-b97d-44ae-b04a-0faac7d89cd4-8316722560","trial_id":13,"step":3,"intermediate_value":278.22565995487975}
{"op_code":8,"worker_id":"b9dbde97-b97d-44ae-b04a-0faac7d89cd4-8316722560","trial_id":13,"user_attr":{"hh_saving":{"254":308.8897711779903,"185":253.74485358772773,"230":272.04235509892123}}}
{"op_code":8,"worker_id":"b9dbde97-b97d-44ae-b04a-0faac7d89cd4-8316722560","trial_id":13,"user_attr":{"val_efc_mean":84.164553}}
{"op_code":8,"worker_id":"b9dbde97-b97d-44ae-b04a-0faac7d89cd4-8316722560","trial_id":13,"user_attr":{"converged_share":1.0}}
{"op_code":8,"worker_id":"b9dbde97-b97d-44ae-b04a-0faac7d89cd4-8316722560","trial_id":13,"user_attr":{"wall_s":141.40872383117676}}
{"op_code":6,"worker_id":"b9dbde97-b97d-44ae-b04a-0faac7d89cd4-8316722560","trial_id":13,"state":2,"values":[278.22565995487975],"datetime_complete":"2026-10-08T04:52:02.812939"}
{"op_code":4,"worker_id":"b9dbde97-b97d-44ae-b04a-0faac7d89cd4-8316722560","study_id":0,"datetime_start":"2026-10-08T04:53:17.342395"}
{"op_code":9,"worker_id":"b9dbde97-b97d-44ae-b04a-0faac7d89cd4-8316722560","trial_id":15,"system_attr":{"tpe:relative_params:0":"{\"batch\": 64, \"buffer\": 100000, \"episode_days\": 7, \"eps_decay_frac\": 0.3345433386686133, \"eps_end\": 0.05428133401130575, \"gamma\": 0.987626910861617, \"hidden\": 128, \"lr\": 0.00017570927087217004, \"n_step\": 8, \"reward_scale\": 21.35766523732209, \"target_sync\": 500, \"update_every\": 4}"}}
{"op_code":5,"worker_id":"b9dbde97-b97d-44ae-b04a-0faac7d89cd4-8316722560","trial_id":15,"param_name":"lr","param_value_internal":0.00017570927087217004,"distribution":"{\"name\": \"FloatDistribution\", \"attributes\": {\"step\": null, \"low\": 0.0001, \"high\": 0.003, \"log\": true}}"}
{"op_code":5,"worker_id":"b9dbde97-b97d-44ae-b04a-0faac7d89cd4-8316722560","trial_id":15,"param_name":"gamma","param_value_internal":0.987626910861617,"distribution":"{\"name\": \"FloatDistribution\", \"attributes\": {\"step\": null, \"low\": 0.98, \"high\": 0.999, \"log\": false}}"}
{"op_code":5,"worker_id":"b9dbde97-b97d-44ae-b04a-0faac7d89cd4-8316722560","trial_id":15,"param_name":"n_step","param_value_internal":3,"distribution":"{\"name\": \"CategoricalDistribution\", \"attributes\": {\"choices\": [1, 2, 4, 8, 16]}}"}
{"op_code":5,"worker_id":"b9dbde97-b97d-44ae-b04a-0faac7d89cd4-8316722560","trial_id":15,"param_name":"batch","param_value_internal":0,"distribution":"{\"name\": \"CategoricalDistribution\", \"attributes\": {\"choices\": [64, 128, 256]}}"}
{"op_code":5,"worker_id":"b9dbde97-b97d-44ae-b04a-0faac7d89cd4-8316722560","trial_id":15,"param_name":"hidden","param_value_internal":1,"distribution":"{\"name\": \"CategoricalDistribution\", \"attributes\": {\"choices\": [64, 128, 256]}}"}
{"op_code":5,"worker_id":"b9dbde97-b97d-44ae-b04a-0faac7d89cd4-8316722560","trial_id":15,"param_name":"target_sync","param_value_internal":0,"distribution":"{\"name\": \"CategoricalDistribution\", \"attributes\": {\"choices\": [500, 1000, 2000, 5000, 10000]}}"}
{"op_code":5,"worker_id":"b9dbde97-b97d-44ae-b04a-0faac7d89cd4-8316722560","trial_id":15,"param_name":"update_every","param_value_internal":2,"distribution":"{\"name\": \"CategoricalDistribution\", \"attributes\": {\"choices\": [1, 2, 4]}}"}
{"op_code":5,"worker_id":"b9dbde97-b97d-44ae-b04a-0faac7d89cd4-8316722560","trial_id":15,"param_name":"buffer","param_value_internal":1,"distribution":"{\"name\": \"CategoricalDistribution\", \"attributes\": {\"choices\": [50000, 100000, 200000, 400000]}}"}
{"op_code":5,"worker_id":"b9dbde97-b97d-44ae-b04a-0faac7d89cd4-8316722560","trial_id":15,"param_name":"eps_end","param_value_internal":0.05428133401130575,"distribution":"{\"name\": \"FloatDistribution\", \"attributes\": {\"step\": null, \"low\": 0.01, \"high\": 0.1, \"log\": false}}"}
{"op_code":5,"worker_id":"b9dbde97-b97d-44ae-b04a-0faac7d89cd4-8316722560","trial_id":15,"param_name":"eps_decay_frac","param_value_internal":0.3345433386686133,"distribution":"{\"name\": \"FloatDistribution\", \"attributes\": {\"step\": null, \"low\": 0.1, \"high\": 0.6, \"log\": false}}"}
{"op_code":5,"worker_id":"b9dbde97-b97d-44ae-b04a-0faac7d89cd4-8316722560","trial_id":15,"param_name":"reward_scale","param_value_internal":21.35766523732209,"distribution":"{\"name\": \"FloatDistribution\", \"attributes\": {\"step\": null, \"low\": 5.0, \"high\": 80.0, \"log\": true}}"}
{"op_code":5,"worker_id":"b9dbde97-b97d-44ae-b04a-0faac7d89cd4-8316722560","trial_id":15,"param_name":"episode_days","param_value_internal":1,"distribution":"{\"name\": \"CategoricalDistribution\", \"attributes\": {\"choices\": [3, 7, 14]}}"}
{"op_code":8,"worker_id":"b9dbde97-b97d-44ae-b04a-0faac7d89cd4-8316722560","trial_id":15,"user_attr":{"tag":"cddbca28abe65"}}
{"op_code":8,"worker_id":"b9dbde97-b97d-44ae-b04a-0faac7d89cd4-8316722560","trial_id":15,"user_attr":{"overrides":{"gamma":0.987626910861617,"n_step":8,"lr":0.00017570927087217004,"batch":64,"hidden":128,"target_sync":500,"update_every":4,"buffer":100000,"eps_end":0.05428133401130575,"eps_decay_frac":0.3345433386686133,"reward_scale":21.35766523732209,"episode_days":7}}}
{"op_code":7,"worker_id":"b9dbde97-b97d-44ae-b04a-0faac7d89cd4-8316722560","trial_id":14,"step":3,"intermediate_value":282.74306100144696}
{"op_code":7,"worker_id":"b9dbde97-b97d-44ae-b04a-0faac7d89cd4-8316722560","trial_id":15,"step":3,"intermediate_value":288.19813816401864}
{"op_code":7,"worker_id":"b9dbde97-b97d-44ae-b04a-0faac7d89cd4-8316722560","trial_id":14,"step":8,"intermediate_value":271.2958998827447}
{"op_code":8,"worker_id":"b9dbde97-b97d-44ae-b04a-0faac7d89cd4-8316722560","trial_id":14,"user_attr":{"hh_saving":{"254":306.08851687788683,"185":271.07173818443,"230":271.06892794202406,"266":155.1863866910822,"145":310.4615888427249,"229":159.5324617922961,"300":348.5622220143158,"69":348.395356717198}}}
{"op_code":8,"worker_id":"b9dbde97-b97d-44ae-b04a-0faac7d89cd4-8316722560","trial_id":14,"user_attr":{"val_efc_mean":81.4017051875}}
{"op_code":8,"worker_id":"b9dbde97-b97d-44ae-b04a-0faac7d89cd4-8316722560","trial_id":14,"user_attr":{"converged_share":0.875}}
{"op_code":8,"worker_id":"b9dbde97-b97d-44ae-b04a-0faac7d89cd4-8316722560","trial_id":14,"user_attr":{"wall_s":416.00452399253845}}
{"op_code":6,"worker_id":"b9dbde97-b97d-44ae-b04a-0faac7d89cd4-8316722560","trial_id":14,"state":1,"values":[271.2958998827447],"datetime_complete":"2026-10-08T04:58:27.139585"}
{"op_code":4,"worker_id":"b9dbde97-b97d-44ae-b04a-0faac7d89cd4-8316722560","study_id":0,"datetime_start":"2026-10-08T05:00:52.677274"}
{"op_code":9,"worker_id":"b9dbde97-b97d-44ae-b04a-0faac7d89cd4-8316722560","trial_id":16,"system_attr":{"tpe:relative_params:0":"{\"batch\": 64, \"buffer\": 400000, \"episode_days\": 7, \"eps_decay_frac\": 0.40176713344845527, \"eps_end\": 0.06093578143307504, \"gamma\": 0.9957245109006555, \"hidden\": 256, \"lr\": 0.00021929827186287237, \"n_step\": 1, \"reward_scale\": 12.97922679842994, \"target_sync\": 500, \"update_every\": 1}"}}
{"op_code":5,"worker_id":"b9dbde97-b97d-44ae-b04a-0faac7d89cd4-8316722560","trial_id":16,"param_name":"lr","param_value_internal":0.00021929827186287237,"distribution":"{\"name\": \"FloatDistribution\", \"attributes\": {\"step\": null, \"low\": 0.0001, \"high\": 0.003, \"log\": true}}"}
{"op_code":5,"worker_id":"b9dbde97-b97d-44ae-b04a-0faac7d89cd4-8316722560","trial_id":16,"param_name":"gamma","param_value_internal":0.9957245109006555,"distribution":"{\"name\": \"FloatDistribution\", \"attributes\": {\"step\": null, \"low\": 0.98, \"high\": 0.999, \"log\": false}}"}
{"op_code":5,"worker_id":"b9dbde97-b97d-44ae-b04a-0faac7d89cd4-8316722560","trial_id":16,"param_name":"n_step","param_value_internal":0,"distribution":"{\"name\": \"CategoricalDistribution\", \"attributes\": {\"choices\": [1, 2, 4, 8, 16]}}"}
{"op_code":5,"worker_id":"b9dbde97-b97d-44ae-b04a-0faac7d89cd4-8316722560","trial_id":16,"param_name":"batch","param_value_internal":0,"distribution":"{\"name\": \"CategoricalDistribution\", \"attributes\": {\"choices\": [64, 128, 256]}}"}
{"op_code":5,"worker_id":"b9dbde97-b97d-44ae-b04a-0faac7d89cd4-8316722560","trial_id":16,"param_name":"hidden","param_value_internal":2,"distribution":"{\"name\": \"CategoricalDistribution\", \"attributes\": {\"choices\": [64, 128, 256]}}"}
{"op_code":5,"worker_id":"b9dbde97-b97d-44ae-b04a-0faac7d89cd4-8316722560","trial_id":16,"param_name":"target_sync","param_value_internal":0,"distribution":"{\"name\": \"CategoricalDistribution\", \"attributes\": {\"choices\": [500, 1000, 2000, 5000, 10000]}}"}
{"op_code":5,"worker_id":"b9dbde97-b97d-44ae-b04a-0faac7d89cd4-8316722560","trial_id":16,"param_name":"update_every","param_value_internal":0,"distribution":"{\"name\": \"CategoricalDistribution\", \"attributes\": {\"choices\": [1, 2, 4]}}"}
{"op_code":5,"worker_id":"b9dbde97-b97d-44ae-b04a-0faac7d89cd4-8316722560","trial_id":16,"param_name":"buffer","param_value_internal":3,"distribution":"{\"name\": \"CategoricalDistribution\", \"attributes\": {\"choices\": [50000, 100000, 200000, 400000]}}"}
{"op_code":5,"worker_id":"b9dbde97-b97d-44ae-b04a-0faac7d89cd4-8316722560","trial_id":16,"param_name":"eps_end","param_value_internal":0.06093578143307504,"distribution":"{\"name\": \"FloatDistribution\", \"attributes\": {\"step\": null, \"low\": 0.01, \"high\": 0.1, \"log\": false}}"}
{"op_code":5,"worker_id":"b9dbde97-b97d-44ae-b04a-0faac7d89cd4-8316722560","trial_id":16,"param_name":"eps_decay_frac","param_value_internal":0.40176713344845527,"distribution":"{\"name\": \"FloatDistribution\", \"attributes\": {\"step\": null, \"low\": 0.1, \"high\": 0.6, \"log\": false}}"}
{"op_code":5,"worker_id":"b9dbde97-b97d-44ae-b04a-0faac7d89cd4-8316722560","trial_id":16,"param_name":"reward_scale","param_value_internal":12.97922679842994,"distribution":"{\"name\": \"FloatDistribution\", \"attributes\": {\"step\": null, \"low\": 5.0, \"high\": 80.0, \"log\": true}}"}
{"op_code":5,"worker_id":"b9dbde97-b97d-44ae-b04a-0faac7d89cd4-8316722560","trial_id":16,"param_name":"episode_days","param_value_internal":1,"distribution":"{\"name\": \"CategoricalDistribution\", \"attributes\": {\"choices\": [3, 7, 14]}}"}
{"op_code":8,"worker_id":"b9dbde97-b97d-44ae-b04a-0faac7d89cd4-8316722560","trial_id":16,"user_attr":{"tag":"c8df6b321d84f"}}
{"op_code":8,"worker_id":"b9dbde97-b97d-44ae-b04a-0faac7d89cd4-8316722560","trial_id":16,"user_attr":{"overrides":{"gamma":0.9957245109006555,"n_step":1,"lr":0.00021929827186287237,"batch":64,"hidden":256,"target_sync":500,"update_every":1,"buffer":400000,"eps_end":0.06093578143307504,"eps_decay_frac":0.40176713344845527,"reward_scale":12.97922679842994,"episode_days":7}}}
{"op_code":7,"worker_id":"b9dbde97-b97d-44ae-b04a-0faac7d89cd4-8316722560","trial_id":15,"step":8,"intermediate_value":271.963513662585}
{"op_code":8,"worker_id":"b9dbde97-b97d-44ae-b04a-0faac7d89cd4-8316722560","trial_id":15,"user_attr":{"hh_saving":{"254":317.35666268628125,"185":268.3086990904978,"230":278.9290527152769,"266":144.7471602764926,"145":319.9011816253148,"229":151.83333729586332,"300":350.47140731197607,"69":344.160608298977}}}
{"op_code":8,"worker_id":"b9dbde97-b97d-44ae-b04a-0faac7d89cd4-8316722560","trial_id":15,"user_attr":{"val_efc_mean":82.53977784375}}
{"op_code":8,"worker_id":"b9dbde97-b97d-44ae-b04a-0faac7d89cd4-8316722560","trial_id":15,"user_attr":{"converged_share":1.0}}
{"op_code":8,"worker_id":"b9dbde97-b97d-44ae-b04a-0faac7d89cd4-8316722560","trial_id":15,"user_attr":{"wall_s":478.73101592063904}}
{"op_code":6,"worker_id":"b9dbde97-b97d-44ae-b04a-0faac7d89cd4-8316722560","trial_id":15,"state":1,"values":[271.963513662585],"datetime_complete":"2026-10-08T05:01:16.080877"}
{"op_code":4,"worker_id":"b9dbde97-b97d-44ae-b04a-0faac7d89cd4-8316722560","study_id":0,"datetime_start":"2026-10-08T05:02:22.603707"}
{"op_code":9,"worker_id":"b9dbde97-b97d-44ae-b04a-0faac7d89cd4-8316722560","trial_id":17,"system_attr":{"tpe:relative_params:0":"{\"batch\": 64, \"buffer\": 50000, \"episode_days\": 7, \"eps_decay_frac\": 0.3092141362932034, \"eps_end\": 0.04272477615228287, \"gamma\": 0.9847235806749565, \"hidden\": 64, \"lr\": 0.00010918630284495882, \"n_step\": 8, \"reward_scale\": 18.354463606068165, \"target_sync\": 500, \"update_every\": 4}"}}
{"op_code":5,"worker_id":"b9dbde97-b97d-44ae-b04a-0faac7d89cd4-8316722560","trial_id":17,"param_name":"lr","param_value_internal":0.00010918630284495882,"distribution":"{\"name\": \"FloatDistribution\", \"attributes\": {\"step\": null, \"low\": 0.0001, \"high\": 0.003, \"log\": true}}"}
{"op_code":5,"worker_id":"b9dbde97-b97d-44ae-b04a-0faac7d89cd4-8316722560","trial_id":17,"param_name":"gamma","param_value_internal":0.9847235806749565,"distribution":"{\"name\": \"FloatDistribution\", \"attributes\": {\"step\": null, \"low\": 0.98, \"high\": 0.999, \"log\": false}}"}
{"op_code":5,"worker_id":"b9dbde97-b97d-44ae-b04a-0faac7d89cd4-8316722560","trial_id":17,"param_name":"n_step","param_value_internal":3,"distribution":"{\"name\": \"CategoricalDistribution\", \"attributes\": {\"choices\": [1, 2, 4, 8, 16]}}"}
{"op_code":5,"worker_id":"b9dbde97-b97d-44ae-b04a-0faac7d89cd4-8316722560","trial_id":17,"param_name":"batch","param_value_internal":0,"distribution":"{\"name\": \"CategoricalDistribution\", \"attributes\": {\"choices\": [64, 128, 256]}}"}
{"op_code":5,"worker_id":"b9dbde97-b97d-44ae-b04a-0faac7d89cd4-8316722560","trial_id":17,"param_name":"hidden","param_value_internal":0,"distribution":"{\"name\": \"CategoricalDistribution\", \"attributes\": {\"choices\": [64, 128, 256]}}"}
{"op_code":5,"worker_id":"b9dbde97-b97d-44ae-b04a-0faac7d89cd4-8316722560","trial_id":17,"param_name":"target_sync","param_value_internal":0,"distribution":"{\"name\": \"CategoricalDistribution\", \"attributes\": {\"choices\": [500, 1000, 2000, 5000, 10000]}}"}
{"op_code":5,"worker_id":"b9dbde97-b97d-44ae-b04a-0faac7d89cd4-8316722560","trial_id":17,"param_name":"update_every","param_value_internal":2,"distribution":"{\"name\": \"CategoricalDistribution\", \"attributes\": {\"choices\": [1, 2, 4]}}"}
{"op_code":5,"worker_id":"b9dbde97-b97d-44ae-b04a-0faac7d89cd4-8316722560","trial_id":17,"param_name":"buffer","param_value_internal":0,"distribution":"{\"name\": \"CategoricalDistribution\", \"attributes\": {\"choices\": [50000, 100000, 200000, 400000]}}"}
{"op_code":5,"worker_id":"b9dbde97-b97d-44ae-b04a-0faac7d89cd4-8316722560","trial_id":17,"param_name":"eps_end","param_value_internal":0.04272477615228287,"distribution":"{\"name\": \"FloatDistribution\", \"attributes\": {\"step\": null, \"low\": 0.01, \"high\": 0.1, \"log\": false}}"}
{"op_code":5,"worker_id":"b9dbde97-b97d-44ae-b04a-0faac7d89cd4-8316722560","trial_id":17,"param_name":"eps_decay_frac","param_value_internal":0.3092141362932034,"distribution":"{\"name\": \"FloatDistribution\", \"attributes\": {\"step\": null, \"low\": 0.1, \"high\": 0.6, \"log\": false}}"}
{"op_code":5,"worker_id":"b9dbde97-b97d-44ae-b04a-0faac7d89cd4-8316722560","trial_id":17,"param_name":"reward_scale","param_value_internal":18.354463606068165,"distribution":"{\"name\": \"FloatDistribution\", \"attributes\": {\"step\": null, \"low\": 5.0, \"high\": 80.0, \"log\": true}}"}
{"op_code":5,"worker_id":"b9dbde97-b97d-44ae-b04a-0faac7d89cd4-8316722560","trial_id":17,"param_name":"episode_days","param_value_internal":1,"distribution":"{\"name\": \"CategoricalDistribution\", \"attributes\": {\"choices\": [3, 7, 14]}}"}
{"op_code":8,"worker_id":"b9dbde97-b97d-44ae-b04a-0faac7d89cd4-8316722560","trial_id":17,"user_attr":{"tag":"cc8909815a2ba"}}
{"op_code":8,"worker_id":"b9dbde97-b97d-44ae-b04a-0faac7d89cd4-8316722560","trial_id":17,"user_attr":{"overrides":{"gamma":0.9847235806749565,"n_step":8,"lr":0.00010918630284495882,"batch":64,"hidden":64,"target_sync":500,"update_every":4,"buffer":50000,"eps_end":0.04272477615228287,"eps_decay_frac":0.3092141362932034,"reward_scale":18.354463606068165,"episode_days":7}}}
{"op_code":7,"worker_id":"b9dbde97-b97d-44ae-b04a-0faac7d89cd4-8316722560","trial_id":17,"step":3,"intermediate_value":284.07441243419106}
{"op_code":7,"worker_id":"b9dbde97-b97d-44ae-b04a-0faac7d89cd4-8316722560","trial_id":16,"step":3,"intermediate_value":281.23139184446615}
{"op_code":7,"worker_id":"b9dbde97-b97d-44ae-b04a-0faac7d89cd4-8316722560","trial_id":17,"step":8,"intermediate_value":265.5045291357551}
{"op_code":8,"worker_id":"b9dbde97-b97d-44ae-b04a-0faac7d89cd4-8316722560","trial_id":17,"user_attr":{"hh_saving":{"254":309.3181404478543,"185":270.1112526613307,"230":272.79384419338817,"266":137.6418784399683,"145":311.703316018121,"229":138.67191102748473,"300":341.7955404475614,"69":342.00034985033216}}}
{"op_code":8,"worker_id":"b9dbde97-b97d-44ae-b04a-0faac7d89cd4-8316722560","trial_id":17,"user_attr":{"val_efc_mean":79.46345928125}}
{"op_code":8,"worker_id":"b9dbde97-b97d-44ae-b04a-0faac7d89cd4-8316722560","trial_id":17,"user_attr":{"converged_share":1.0}}
{"op_code":8,"worker_id":"b9dbde97-b97d-44ae-b04a-0faac7d89cd4-8316722560","trial_id":17,"user_attr":{"wall_s":351.2065632343292}}
{"op_code":6,"worker_id":"b9dbde97-b97d-44ae-b04a-0faac7d89cd4-8316722560","trial_id":17,"state":1,"values":[265.5045291357551],"datetime_complete":"2026-10-08T05:08:13.818022"}
{"op_code":4,"worker_id":"b9dbde97-b97d-44ae-b04a-0faac7d89cd4-8316722560","study_id":0,"datetime_start":"2026-10-08T05:12:46.457972"}
{"op_code":9,"worker_id":"b9dbde97-b97d-44ae-b04a-0faac7d89cd4-8316722560","trial_id":18,"system_attr":{"tpe:relative_params:0":"{\"batch\": 64, \"buffer\": 100000, \"episode_days\": 7, \"eps_decay_frac\": 0.32604304739434126, \"eps_end\": 0.08969470183421106, \"gamma\": 0.9918642403474248, \"hidden\": 128, \"lr\": 0.00017099130523477995, \"n_step\": 8, \"reward_scale\": 9.205854552171846, \"target_sync\": 500, \"update_every\": 4}"}}
{"op_code":5,"worker_id":"b9dbde97-b97d-44ae-b04a-0faac7d89cd4-8316722560","trial_id":18,"param_name":"lr","param_value_internal":0.00017099130523477995,"distribution":"{\"name\": \"FloatDistribution\", \"attributes\": {\"step\": null, \"low\": 0.0001, \"high\": 0.003, \"log\": true}}"}
{"op_code":5,"worker_id":"b9dbde97-b97d-44ae-b04a-0faac7d89cd4-8316722560","trial_id":18,"param_name":"gamma","param_value_internal":0.9918642403474248,"distribution":"{\"name\": \"FloatDistribution\", \"attributes\": {\"step\": null, \"low\": 0.98, \"high\": 0.999, \"log\": false}}"}
{"op_code":5,"worker_id":"b9dbde97-b97d-44ae-b04a-0faac7d89cd4-8316722560","trial_id":18,"param_name":"n_step","param_value_internal":3,"distribution":"{\"name\": \"CategoricalDistribution\", \"attributes\": {\"choices\": [1, 2, 4, 8, 16]}}"}
{"op_code":5,"worker_id":"b9dbde97-b97d-44ae-b04a-0faac7d89cd4-8316722560","trial_id":18,"param_name":"batch","param_value_internal":0,"distribution":"{\"name\": \"CategoricalDistribution\", \"attributes\": {\"choices\": [64, 128, 256]}}"}
{"op_code":5,"worker_id":"b9dbde97-b97d-44ae-b04a-0faac7d89cd4-8316722560","trial_id":18,"param_name":"hidden","param_value_internal":1,"distribution":"{\"name\": \"CategoricalDistribution\", \"attributes\": {\"choices\": [64, 128, 256]}}"}
{"op_code":5,"worker_id":"b9dbde97-b97d-44ae-b04a-0faac7d89cd4-8316722560","trial_id":18,"param_name":"target_sync","param_value_internal":0,"distribution":"{\"name\": \"CategoricalDistribution\", \"attributes\": {\"choices\": [500, 1000, 2000, 5000, 10000]}}"}
{"op_code":5,"worker_id":"b9dbde97-b97d-44ae-b04a-0faac7d89cd4-8316722560","trial_id":18,"param_name":"update_every","param_value_internal":2,"distribution":"{\"name\": \"CategoricalDistribution\", \"attributes\": {\"choices\": [1, 2, 4]}}"}
{"op_code":5,"worker_id":"b9dbde97-b97d-44ae-b04a-0faac7d89cd4-8316722560","trial_id":18,"param_name":"buffer","param_value_internal":1,"distribution":"{\"name\": \"CategoricalDistribution\", \"attributes\": {\"choices\": [50000, 100000, 200000, 400000]}}"}
{"op_code":5,"worker_id":"b9dbde97-b97d-44ae-b04a-0faac7d89cd4-8316722560","trial_id":18,"param_name":"eps_end","param_value_internal":0.08969470183421106,"distribution":"{\"name\": \"FloatDistribution\", \"attributes\": {\"step\": null, \"low\": 0.01, \"high\": 0.1, \"log\": false}}"}
{"op_code":5,"worker_id":"b9dbde97-b97d-44ae-b04a-0faac7d89cd4-8316722560","trial_id":18,"param_name":"eps_decay_frac","param_value_internal":0.32604304739434126,"distribution":"{\"name\": \"FloatDistribution\", \"attributes\": {\"step\": null, \"low\": 0.1, \"high\": 0.6, \"log\": false}}"}
{"op_code":5,"worker_id":"b9dbde97-b97d-44ae-b04a-0faac7d89cd4-8316722560","trial_id":18,"param_name":"reward_scale","param_value_internal":9.205854552171846,"distribution":"{\"name\": \"FloatDistribution\", \"attributes\": {\"step\": null, \"low\": 5.0, \"high\": 80.0, \"log\": true}}"}
{"op_code":5,"worker_id":"b9dbde97-b97d-44ae-b04a-0faac7d89cd4-8316722560","trial_id":18,"param_name":"episode_days","param_value_internal":1,"distribution":"{\"name\": \"CategoricalDistribution\", \"attributes\": {\"choices\": [3, 7, 14]}}"}
{"op_code":8,"worker_id":"b9dbde97-b97d-44ae-b04a-0faac7d89cd4-8316722560","trial_id":18,"user_attr":{"tag":"cc1cec93c5780"}}
{"op_code":8,"worker_id":"b9dbde97-b97d-44ae-b04a-0faac7d89cd4-8316722560","trial_id":18,"user_attr":{"overrides":{"gamma":0.9918642403474248,"n_step":8,"lr":0.00017099130523477995,"batch":64,"hidden":128,"target_sync":500,"update_every":4,"buffer":100000,"eps_end":0.08969470183421106,"eps_decay_frac":0.32604304739434126,"reward_scale":9.205854552171846,"episode_days":7}}}
{"op_code":7,"worker_id":"b9dbde97-b97d-44ae-b04a-0faac7d89cd4-8316722560","trial_id":18,"step":3,"intermediate_value":280.9581492881933}
{"op_code":8,"worker_id":"b9dbde97-b97d-44ae-b04a-0faac7d89cd4-8316722560","trial_id":18,"user_attr":{"hh_saving":{"254":306.95190498037357,"185":259.5401753191814,"230":276.3823675650249}}}
{"op_code":8,"worker_id":"b9dbde97-b97d-44ae-b04a-0faac7d89cd4-8316722560","trial_id":18,"user_attr":{"val_efc_mean":86.26192866666666}}
{"op_code":8,"worker_id":"b9dbde97-b97d-44ae-b04a-0faac7d89cd4-8316722560","trial_id":18,"user_attr":{"converged_share":1.0}}
{"op_code":8,"worker_id":"b9dbde97-b97d-44ae-b04a-0faac7d89cd4-8316722560","trial_id":18,"user_attr":{"wall_s":164.9850308895111}}
{"op_code":6,"worker_id":"b9dbde97-b97d-44ae-b04a-0faac7d89cd4-8316722560","trial_id":18,"state":2,"values":[280.9581492881933],"datetime_complete":"2026-10-08T05:15:31.450875"}
{"op_code":4,"worker_id":"b9dbde97-b97d-44ae-b04a-0faac7d89cd4-8316722560","study_id":0,"datetime_start":"2026-10-08T05:15:38.640078"}
{"op_code":9,"worker_id":"b9dbde97-b97d-44ae-b04a-0faac7d89cd4-8316722560","trial_id":19,"system_attr":{"tpe:relative_params:0":"{\"batch\": 256, \"buffer\": 100000, \"episode_days\": 14, \"eps_decay_frac\": 0.3593224393428097, \"eps_end\": 0.039691190734599674, \"gamma\": 0.9897525056331987, \"hidden\": 128, \"lr\": 0.00014218340923531425, \"n_step\": 8, \"reward_scale\": 27.230330613263234, \"target_sync\": 500, \"update_every\": 4}"}}
{"op_code":5,"worker_id":"b9dbde97-b97d-44ae-b04a-0faac7d89cd4-8316722560","trial_id":19,"param_name":"lr","param_value_internal":0.00014218340923531425,"distribution":"{\"name\": \"FloatDistribution\", \"attributes\": {\"step\": null, \"low\": 0.0001, \"high\": 0.003, \"log\": true}}"}
{"op_code":5,"worker_id":"b9dbde97-b97d-44ae-b04a-0faac7d89cd4-8316722560","trial_id":19,"param_name":"gamma","param_value_internal":0.9897525056331987,"distribution":"{\"name\": \"FloatDistribution\", \"attributes\": {\"step\": null, \"low\": 0.98, \"high\": 0.999, \"log\": false}}"}
{"op_code":5,"worker_id":"b9dbde97-b97d-44ae-b04a-0faac7d89cd4-8316722560","trial_id":19,"param_name":"n_step","param_value_internal":3,"distribution":"{\"name\": \"CategoricalDistribution\", \"attributes\": {\"choices\": [1, 2, 4, 8, 16]}}"}
{"op_code":5,"worker_id":"b9dbde97-b97d-44ae-b04a-0faac7d89cd4-8316722560","trial_id":19,"param_name":"batch","param_value_internal":2,"distribution":"{\"name\": \"CategoricalDistribution\", \"attributes\": {\"choices\": [64, 128, 256]}}"}
{"op_code":5,"worker_id":"b9dbde97-b97d-44ae-b04a-0faac7d89cd4-8316722560","trial_id":19,"param_name":"hidden","param_value_internal":1,"distribution":"{\"name\": \"CategoricalDistribution\", \"attributes\": {\"choices\": [64, 128, 256]}}"}
{"op_code":5,"worker_id":"b9dbde97-b97d-44ae-b04a-0faac7d89cd4-8316722560","trial_id":19,"param_name":"target_sync","param_value_internal":0,"distribution":"{\"name\": \"CategoricalDistribution\", \"attributes\": {\"choices\": [500, 1000, 2000, 5000, 10000]}}"}
{"op_code":5,"worker_id":"b9dbde97-b97d-44ae-b04a-0faac7d89cd4-8316722560","trial_id":19,"param_name":"update_every","param_value_internal":2,"distribution":"{\"name\": \"CategoricalDistribution\", \"attributes\": {\"choices\": [1, 2, 4]}}"}
{"op_code":5,"worker_id":"b9dbde97-b97d-44ae-b04a-0faac7d89cd4-8316722560","trial_id":19,"param_name":"buffer","param_value_internal":1,"distribution":"{\"name\": \"CategoricalDistribution\", \"attributes\": {\"choices\": [50000, 100000, 200000, 400000]}}"}
{"op_code":5,"worker_id":"b9dbde97-b97d-44ae-b04a-0faac7d89cd4-8316722560","trial_id":19,"param_name":"eps_end","param_value_internal":0.039691190734599674,"distribution":"{\"name\": \"FloatDistribution\", \"attributes\": {\"step\": null, \"low\": 0.01, \"high\": 0.1, \"log\": false}}"}
{"op_code":5,"worker_id":"b9dbde97-b97d-44ae-b04a-0faac7d89cd4-8316722560","trial_id":19,"param_name":"eps_decay_frac","param_value_internal":0.3593224393428097,"distribution":"{\"name\": \"FloatDistribution\", \"attributes\": {\"step\": null, \"low\": 0.1, \"high\": 0.6, \"log\": false}}"}
{"op_code":5,"worker_id":"b9dbde97-b97d-44ae-b04a-0faac7d89cd4-8316722560","trial_id":19,"param_name":"reward_scale","param_value_internal":27.230330613263234,"distribution":"{\"name\": \"FloatDistribution\", \"attributes\": {\"step\": null, \"low\": 5.0, \"high\": 80.0, \"log\": true}}"}
{"op_code":5,"worker_id":"b9dbde97-b97d-44ae-b04a-0faac7d89cd4-8316722560","trial_id":19,"param_name":"episode_days","param_value_internal":2,"distribution":"{\"name\": \"CategoricalDistribution\", \"attributes\": {\"choices\": [3, 7, 14]}}"}
{"op_code":8,"worker_id":"b9dbde97-b97d-44ae-b04a-0faac7d89cd4-8316722560","trial_id":19,"user_attr":{"tag":"c7b1daefa5668"}}
{"op_code":8,"worker_id":"b9dbde97-b97d-44ae-b04a-0faac7d89cd4-8316722560","trial_id":19,"user_attr":{"overrides":{"gamma":0.9897525056331987,"n_step":8,"lr":0.00014218340923531425,"batch":256,"hidden":128,"target_sync":500,"update_every":4,"buffer":100000,"eps_end":0.039691190734599674,"eps_decay_frac":0.3593224393428097,"reward_scale":27.230330613263234,"episode_days":14}}}
{"op_code":7,"worker_id":"b9dbde97-b97d-44ae-b04a-0faac7d89cd4-8316722560","trial_id":16,"step":8,"intermediate_value":269.16794289703404}
{"op_code":8,"worker_id":"b9dbde97-b97d-44ae-b04a-0faac7d89cd4-8316722560","trial_id":16,"user_attr":{"hh_saving":{"254":302.3545304546552,"185":264.64192582789263,"230":276.6977192508506,"266":147.55285778945796,"145":310.43877715843274,"229":157.79784328516848,"300":348.3182807581218,"69":345.5416086516929}}}
{"op_code":8,"worker_id":"b9dbde97-b97d-44ae-b04a-0faac7d89cd4-8316722560","trial_id":16,"user_attr":{"val_efc_mean":82.5855021875}}
{"op_code":8,"worker_id":"b9dbde97-b97d-44ae-b04a-0faac7d89cd4-8316722560","trial_id":16,"user_attr":{"converged_share":0.625}}
{"op_code":8,"worker_id":"b9dbde97-b97d-44ae-b04a-0faac7d89cd4-8316722560","trial_id":16,"user_attr":{"wall_s":924.6775979995728}}
{"op_code":6,"worker_id":"b9dbde97-b97d-44ae-b04a-0faac7d89cd4-8316722560","trial_id":16,"state":1,"values":[269.16794289703404],"datetime_complete":"2026-10-08T05:16:17.363182"}
{"op_code":4,"worker_id":"b9dbde97-b97d-44ae-b04a-0faac7d89cd4-8316722560","study_id":0,"datetime_start":"2026-10-08T05:17:05.361065"}
{"op_code":9,"worker_id":"b9dbde97-b97d-44ae-b04a-0faac7d89cd4-8316722560","trial_id":20,"system_attr":{"tpe:relative_params:0":"{\"batch\": 64, \"buffer\": 100000, \"episode_days\": 7, \"eps_decay_frac\": 0.39827798198975045, \"eps_end\": 0.05320565362158547, \"gamma\": 0.9824392163386994, \"hidden\": 128, \"lr\": 0.0004273302674380551, \"n_step\": 16, \"reward_scale\": 38.75736690682221, \"target_sync\": 500, \"update_every\": 4}"}}
{"op_code":5,"worker_id":"b9dbde97-b97d-44ae-b04a-0faac7d89cd4-8316722560","trial_id":20,"param_name":"lr","param_value_internal":0.0004273302674380551,"distribution":"{\"name\": \"FloatDistribution\", \"attributes\": {\"step\": null, \"low\": 0.0001, \"high\": 0.003, \"log\": true}}"}
{"op_code":5,"worker_id":"b9dbde97-b97d-44ae-b04a-0faac7d89cd4-8316722560","trial_id":20,"param_name":"gamma","param_value_internal":0.9824392163386994,"distribution":"{\"name\": \"FloatDistribution\", \"attributes\": {\"step\": null, \"low\": 0.98, \"high\": 0.999, \"log\": false}}"}
{"op_code":5,"worker_id":"b9dbde97-b97d-44ae-b04a-0faac7d89cd4-8316722560","trial_id":20,"param_name":"n_step","param_value_internal":4,"distribution":"{\"name\": \"CategoricalDistribution\", \"attributes\": {\"choices\": [1, 2, 4, 8, 16]}}"}
{"op_code":5,"worker_id":"b9dbde97-b97d-44ae-b04a-0faac7d89cd4-8316722560","trial_id":20,"param_name":"batch","param_value_internal":0,"distribution":"{\"name\": \"CategoricalDistribution\", \"attributes\": {\"choices\": [64, 128, 256]}}"}
{"op_code":5,"worker_id":"b9dbde97-b97d-44ae-b04a-0faac7d89cd4-8316722560","trial_id":20,"param_name":"hidden","param_value_internal":1,"distribution":"{\"name\": \"CategoricalDistribution\", \"attributes\": {\"choices\": [64, 128, 256]}}"}
{"op_code":5,"worker_id":"b9dbde97-b97d-44ae-b04a-0faac7d89cd4-8316722560","trial_id":20,"param_name":"target_sync","param_value_internal":0,"distribution":"{\"name\": \"CategoricalDistribution\", \"attributes\": {\"choices\": [500, 1000, 2000, 5000, 10000]}}"}
{"op_code":5,"worker_id":"b9dbde97-b97d-44ae-b04a-0faac7d89cd4-8316722560","trial_id":20,"param_name":"update_every","param_value_internal":2,"distribution":"{\"name\": \"CategoricalDistribution\", \"attributes\": {\"choices\": [1, 2, 4]}}"}
{"op_code":5,"worker_id":"b9dbde97-b97d-44ae-b04a-0faac7d89cd4-8316722560","trial_id":20,"param_name":"buffer","param_value_internal":1,"distribution":"{\"name\": \"CategoricalDistribution\", \"attributes\": {\"choices\": [50000, 100000, 200000, 400000]}}"}
{"op_code":5,"worker_id":"b9dbde97-b97d-44ae-b04a-0faac7d89cd4-8316722560","trial_id":20,"param_name":"eps_end","param_value_internal":0.05320565362158547,"distribution":"{\"name\": \"FloatDistribution\", \"attributes\": {\"step\": null, \"low\": 0.01, \"high\": 0.1, \"log\": false}}"}
{"op_code":5,"worker_id":"b9dbde97-b97d-44ae-b04a-0faac7d89cd4-8316722560","trial_id":20,"param_name":"eps_decay_frac","param_value_internal":0.39827798198975045,"distribution":"{\"name\": \"FloatDistribution\", \"attributes\": {\"step\": null, \"low\": 0.1, \"high\": 0.6, \"log\": false}}"}
{"op_code":5,"worker_id":"b9dbde97-b97d-44ae-b04a-0faac7d89cd4-8316722560","trial_id":20,"param_name":"reward_scale","param_value_internal":38.75736690682221,"distribution":"{\"name\": \"FloatDistribution\", \"attributes\": {\"step\": null, \"low\": 5.0, \"high\": 80.0, \"log\": true}}"}
{"op_code":5,"worker_id":"b9dbde97-b97d-44ae-b04a-0faac7d89cd4-8316722560","trial_id":20,"param_name":"episode_days","param_value_internal":1,"distribution":"{\"name\": \"CategoricalDistribution\", \"attributes\": {\"choices\": [3, 7, 14]}}"}
{"op_code":8,"worker_id":"b9dbde97-b97d-44ae-b04a-0faac7d89cd4-8316722560","trial_id":20,"user_attr":{"tag":"c28a51941ff9c"}}
{"op_code":8,"worker_id":"b9dbde97-b97d-44ae-b04a-0faac7d89cd4-8316722560","trial_id":20,"user_attr":{"overrides":{"gamma":0.9824392163386994,"n_step":16,"lr":0.0004273302674380551,"batch":64,"hidden":128,"target_sync":500,"update_every":4,"buffer":100000,"eps_end":0.05320565362158547,"eps_decay_frac":0.39827798198975045,"reward_scale":38.75736690682221,"episode_days":7}}}
{"op_code":7,"worker_id":"b9dbde97-b97d-44ae-b04a-0faac7d89cd4-8316722560","trial_id":19,"step":3,"intermediate_value":289.9141067672303}
{"op_code":7,"worker_id":"b9dbde97-b97d-44ae-b04a-0faac7d89cd4-8316722560","trial_id":20,"step":3,"intermediate_value":280.28982086152627}
{"op_code":8,"worker_id":"b9dbde97-b97d-44ae-b04a-0faac7d89cd4-8316722560","trial_id":20,"user_attr":{"hh_saving":{"254":306.4339785896385,"185":259.55054934109484,"230":274.88493465384545}}}
{"op_code":8,"worker_id":"b9dbde97-b97d-44ae-b04a-0faac7d89cd4-8316722560","trial_id":20,"user_attr":{"val_efc_mean":84.25202066666665}}
{"op_code":8,"worker_id":"b9dbde97-b97d-44ae-b04a-0faac7d89cd4-8316722560","trial_id":20,"user_attr":{"converged_share":1.0}}
{"op_code":8,"worker_id":"b9dbde97-b97d-44ae-b04a-0faac7d89cd4-8316722560","trial_id":20,"user_attr":{"wall_s":103.42678999900818}}
{"op_code":6,"worker_id":"b9dbde97-b97d-44ae-b04a-0faac7d89cd4-8316722560","trial_id":20,"state":2,"values":[280.28982086152627],"datetime_complete":"2026-10-08T05:18:48.796168"}
{"op_code":4,"worker_id":"b9dbde97-b97d-44ae-b04a-0faac7d89cd4-8316722560","study_id":0,"datetime_start":"2026-10-08T05:22:16.356754"}
{"op_code":9,"worker_id":"b9dbde97-b97d-44ae-b04a-0faac7d89cd4-8316722560","trial_id":21,"system_attr":{"tpe:relative_params:0":"{\"batch\": 64, \"buffer\": 400000, \"episode_days\": 14, \"eps_decay_frac\": 0.33574030863023496, \"eps_end\": 0.05339928977304037, \"gamma\": 0.9936339789567324, \"hidden\": 128, \"lr\": 0.00017001838444908208, \"n_step\": 16, \"reward_scale\": 13.403398002359983, \"target_sync\": 2000, \"update_every\": 2}"}}
{"op_code":5,"worker_id":"b9dbde97-b97d-44ae-b04a-0faac7d89cd4-8316722560","trial_id":21,"param_name":"lr","param_value_internal":0.00017001838444908208,"distribution":"{\"name\": \"FloatDistribution\", \"attributes\": {\"step\": null, \"low\": 0.0001, \"high\": 0.003, \"log\": true}}"}
{"op_code":5,"worker_id":"b9dbde97-b97d-44ae-b04a-0faac7d89cd4-8316722560","trial_id":21,"param_name":"gamma","param_value_internal":0.9936339789567324,"distribution":"{\"name\": \"FloatDistribution\", \"attributes\": {\"step\": null, \"low\": 0.98, \"high\": 0.999, \"log\": false}}"}
{"op_code":5,"worker_id":"b9dbde97-b97d-44ae-b04a-0faac7d89cd4-8316722560","trial_id":21,"param_name":"n_step","param_value_internal":4,"distribution":"{\"name\": \"CategoricalDistribution\", \"attributes\": {\"choices\": [1, 2, 4, 8, 16]}}"}
{"op_code":5,"worker_id":"b9dbde97-b97d-44ae-b04a-0faac7d89cd4-8316722560","trial_id":21,"param_name":"batch","param_value_internal":0,"distribution":"{\"name\": \"CategoricalDistribution\", \"attributes\": {\"choices\": [64, 128, 256]}}"}
{"op_code":5,"worker_id":"b9dbde97-b97d-44ae-b04a-0faac7d89cd4-8316722560","trial_id":21,"param_name":"hidden","param_value_internal":1,"distribution":"{\"name\": \"CategoricalDistribution\", \"attributes\": {\"choices\": [64, 128, 256]}}"}
{"op_code":5,"worker_id":"b9dbde97-b97d-44ae-b04a-0faac7d89cd4-8316722560","trial_id":21,"param_name":"target_sync","param_value_internal":2,"distribution":"{\"name\": \"CategoricalDistribution\", \"attributes\": {\"choices\": [500, 1000, 2000, 5000, 10000]}}"}
{"op_code":5,"worker_id":"b9dbde97-b97d-44ae-b04a-0faac7d89cd4-8316722560","trial_id":21,"param_name":"update_every","param_value_internal":1,"distribution":"{\"name\": \"CategoricalDistribution\", \"attributes\": {\"choices\": [1, 2, 4]}}"}
{"op_code":5,"worker_id":"b9dbde97-b97d-44ae-b04a-0faac7d89cd4-8316722560","trial_id":21,"param_name":"buffer","param_value_internal":3,"distribution":"{\"name\": \"CategoricalDistribution\", \"attributes\": {\"choices\": [50000, 100000, 200000, 400000]}}"}
{"op_code":5,"worker_id":"b9dbde97-b97d-44ae-b04a-0faac7d89cd4-8316722560","trial_id":21,"param_name":"eps_end","param_value_internal":0.05339928977304037,"distribution":"{\"name\": \"FloatDistribution\", \"attributes\": {\"step\": null, \"low\": 0.01, \"high\": 0.1, \"log\": false}}"}
{"op_code":5,"worker_id":"b9dbde97-b97d-44ae-b04a-0faac7d89cd4-8316722560","trial_id":21,"param_name":"eps_decay_frac","param_value_internal":0.33574030863023496,"distribution":"{\"name\": \"FloatDistribution\", \"attributes\": {\"step\": null, \"low\": 0.1, \"high\": 0.6, \"log\": false}}"}
{"op_code":5,"worker_id":"b9dbde97-b97d-44ae-b04a-0faac7d89cd4-8316722560","trial_id":21,"param_name":"reward_scale","param_value_internal":13.403398002359983,"distribution":"{\"name\": \"FloatDistribution\", \"attributes\": {\"step\": null, \"low\": 5.0, \"high\": 80.0, \"log\": true}}"}
{"op_code":5,"worker_id":"b9dbde97-b97d-44ae-b04a-0faac7d89cd4-8316722560","trial_id":21,"param_name":"episode_days","param_value_internal":2,"distribution":"{\"name\": \"CategoricalDistribution\", \"attributes\": {\"choices\": [3, 7, 14]}}"}
{"op_code":8,"worker_id":"b9dbde97-b97d-44ae-b04a-0faac7d89cd4-8316722560","trial_id":21,"user_attr":{"tag":"c9e4388813d1f"}}
{"op_code":8,"worker_id":"b9dbde97-b97d-44ae-b04a-0faac7d89cd4-8316722560","trial_id":21,"user_attr":{"overrides":{"gamma":0.9936339789567324,"n_step":16,"lr":0.00017001838444908208,"batch":64,"hidden":128,"target_sync":2000,"update_every":2,"buffer":400000,"eps_end":0.05339928977304037,"eps_decay_frac":0.33574030863023496,"reward_scale":13.403398002359983,"episode_days":14}}}
{"op_code":7,"worker_id":"b9dbde97-b97d-44ae-b04a-0faac7d89cd4-8316722560","trial_id":19,"step":8,"intermediate_value":271.69938301419677}
{"op_code":8,"worker_id":"b9dbde97-b97d-44ae-b04a-0faac7d89cd4-8316722560","trial_id":19,"user_attr":{"hh_saving":{"254":317.92101359734335,"185":276.05466845541196,"230":275.7666382489357,"266":136.82700509439604,"145":321.4135620500838,"229":151.69024635331468,"300":348.8393457484772,"69":345.0825845656113}}}
{"op_code":8,"worker_id":"b9dbde97-b97d-44ae-b04a-0faac7d89cd4-8316722560","trial_id":19,"user_attr":{"val_efc_mean":81.8654}}
{"op_code":8,"worker_id":"b9dbde97-b97d-44ae-b04a-0faac7d89cd4-8316722560","trial_id":19,"user_attr":{"converged_share":1.0}}
{"op_code":8,"worker_id":"b9dbde97-b97d-44ae-b04a-0faac7d89cd4-8316722560","trial_id":19,"user_attr":{"wall_s":449.23920011520386}}
{"op_code":6,"worker_id":"b9dbde97-b97d-44ae-b04a-0faac7d89cd4-8316722560","trial_id":19,"state":1,"values":[271.69938301419677],"datetime_complete":"2026-10-08T05:23:07.888066"}
{"op_code":4,"worker_id":"b9dbde97-b97d-44ae-b04a-0faac7d89cd4-8316722560","study_id":0,"datetime_start":"2026-10-08T05:24:26.788825"}
{"op_code":9,"worker_id":"b9dbde97-b97d-44ae-b04a-0faac7d89cd4-8316722560","trial_id":22,"system_attr":{"tpe:relative_params:0":"{\"batch\": 128, \"buffer\": 400000, \"episode_days\": 7, \"eps_decay_frac\": 0.46564216122976665, \"eps_end\": 0.06749715534844448, \"gamma\": 0.9989552878646577, \"hidden\": 128, \"lr\": 0.00016007073419227726, \"n_step\": 1, \"reward_scale\": 11.634911936383597, \"target_sync\": 10000, \"update_every\": 4}"}}
{"op_code":5,"worker_id":"b9dbde97-b97d-44ae-b04a-0faac7d89cd4-8316722560","trial_id":22,"param_name":"lr","param_value_internal":0.00016007073419227726,"distribution":"{\"name\": \"FloatDistribution\", \"attributes\": {\"step\": null, \"low\": 0.0001, \"high\": 0.003, \"log\": true}}"}
{"op_code":5,"worker_id":"b9dbde97-b97d-44ae-b04a-0faac7d89cd4-8316722560","trial_id":22,"param_name":"gamma","param_value_internal":0.9989552878646577,"distribution":"{\"name\": \"FloatDistribution\", \"attributes\": {\"step\": null, \"low\": 0.98, \"high\": 0.999, \"log\": false}}"}
{"op_code":5,"worker_id":"b9dbde97-b97d-44ae-b04a-0faac7d89cd4-8316722560","trial_id":22,"param_name":"n_step","param_value_internal":0,"distribution":"{\"name\": \"CategoricalDistribution\", \"attributes\": {\"choices\": [1, 2, 4, 8, 16]}}"}
{"op_code":5,"worker_id":"b9dbde97-b97d-44ae-b04a-0faac7d89cd4-8316722560","trial_id":22,"param_name":"batch","param_value_internal":1,"distribution":"{\"name\": \"CategoricalDistribution\", \"attributes\": {\"choices\": [64, 128, 256]}}"}
{"op_code":5,"worker_id":"b9dbde97-b97d-44ae-b04a-0faac7d89cd4-8316722560","trial_id":22,"param_name":"hidden","param_value_internal":1,"distribution":"{\"name\": \"CategoricalDistribution\", \"attributes\": {\"choices\": [64, 128, 256]}}"}
{"op_code":5,"worker_id":"b9dbde97-b97d-44ae-b04a-0faac7d89cd4-8316722560","trial_id":22,"param_name":"target_sync","param_value_internal":4,"distribution":"{\"name\": \"CategoricalDistribution\", \"attributes\": {\"choices\": [500, 1000, 2000, 5000, 10000]}}"}
{"op_code":5,"worker_id":"b9dbde97-b97d-44ae-b04a-0faac7d89cd4-8316722560","trial_id":22,"param_name":"update_every","param_value_internal":2,"distribution":"{\"name\": \"CategoricalDistribution\", \"attributes\": {\"choices\": [1, 2, 4]}}"}
{"op_code":5,"worker_id":"b9dbde97-b97d-44ae-b04a-0faac7d89cd4-8316722560","trial_id":22,"param_name":"buffer","param_value_internal":3,"distribution":"{\"name\": \"CategoricalDistribution\", \"attributes\": {\"choices\": [50000, 100000, 200000, 400000]}}"}
{"op_code":5,"worker_id":"b9dbde97-b97d-44ae-b04a-0faac7d89cd4-8316722560","trial_id":22,"param_name":"eps_end","param_value_internal":0.06749715534844448,"distribution":"{\"name\": \"FloatDistribution\", \"attributes\": {\"step\": null, \"low\": 0.01, \"high\": 0.1, \"log\": false}}"}
{"op_code":5,"worker_id":"b9dbde97-b97d-44ae-b04a-0faac7d89cd4-8316722560","trial_id":22,"param_name":"eps_decay_frac","param_value_internal":0.46564216122976665,"distribution":"{\"name\": \"FloatDistribution\", \"attributes\": {\"step\": null, \"low\": 0.1, \"high\": 0.6, \"log\": false}}"}
{"op_code":5,"worker_id":"b9dbde97-b97d-44ae-b04a-0faac7d89cd4-8316722560","trial_id":22,"param_name":"reward_scale","param_value_internal":11.634911936383597,"distribution":"{\"name\": \"FloatDistribution\", \"attributes\": {\"step\": null, \"low\": 5.0, \"high\": 80.0, \"log\": true}}"}
{"op_code":5,"worker_id":"b9dbde97-b97d-44ae-b04a-0faac7d89cd4-8316722560","trial_id":22,"param_name":"episode_days","param_value_internal":1,"distribution":"{\"name\": \"CategoricalDistribution\", \"attributes\": {\"choices\": [3, 7, 14]}}"}
{"op_code":8,"worker_id":"b9dbde97-b97d-44ae-b04a-0faac7d89cd4-8316722560","trial_id":22,"user_attr":{"tag":"cf01fa3744018"}}
{"op_code":8,"worker_id":"b9dbde97-b97d-44ae-b04a-0faac7d89cd4-8316722560","trial_id":22,"user_attr":{"overrides":{"gamma":0.9989552878646577,"n_step":1,"lr":0.00016007073419227726,"batch":128,"hidden":128,"target_sync":10000,"update_every":4,"buffer":400000,"eps_end":0.06749715534844448,"eps_decay_frac":0.46564216122976665,"reward_scale":11.634911936383597,"episode_days":7}}}
{"op_code":7,"worker_id":"b9dbde97-b97d-44ae-b04a-0faac7d89cd4-8316722560","trial_id":21,"step":3,"intermediate_value":285.1506002617391}
{"op_code":7,"worker_id":"b9dbde97-b97d-44ae-b04a-0faac7d89cd4-8316722560","trial_id":22,"step":3,"intermediate_value":280.2593643498674}
{"op_code":8,"worker_id":"b9dbde97-b97d-44ae-b04a-0faac7d89cd4-8316722560","trial_id":22,"user_attr":{"hh_saving":{"254":304.74650758194144,"185":263.6411092199929,"230":272.3904762476677}}}
{"op_code":8,"worker_id":"b9dbde97-b97d-44ae-b04a-0faac7d89cd4-8316722560","trial_id":22,"user_attr":{"val_efc_mean":86.53266866666667}}
{"op_code":8,"worker_id":"b9dbde97-b97d-44ae-b04a-0faac7d89cd4-8316722560","trial_id":22,"user_attr":{"converged_share":0.0}}
{"op_code":8,"worker_id":"b9dbde97-b97d-44ae-b04a-0faac7d89cd4-8316722560","trial_id":22,"user_attr":{"wall_s":168.18344688415527}}
{"op_code":6,"worker_id":"b9dbde97-b97d-44ae-b04a-0faac7d89cd4-8316722560","trial_id":22,"state":2,"values":[280.2593643498674],"datetime_complete":"2026-10-08T05:27:14.980748"}
{"op_code":4,"worker_id":"b9dbde97-b97d-44ae-b04a-0faac7d89cd4-8316722560","study_id":0,"datetime_start":"2026-10-08T05:30:52.325473"}
{"op_code":9,"worker_id":"b9dbde97-b97d-44ae-b04a-0faac7d89cd4-8316722560","trial_id":23,"system_attr":{"tpe:relative_params:0":"{\"batch\": 256, \"buffer\": 100000, \"episode_days\": 14, \"eps_decay_frac\": 0.36897216047661435, \"eps_end\": 0.043315814161680975, \"gamma\": 0.9852464308500531, \"hidden\": 128, \"lr\": 0.0002141104813394464, \"n_step\": 8, \"reward_scale\": 10.99402977302798, \"target_sync\": 500, \"update_every\": 4}"}}
{"op_code":5,"worker_id":"b9dbde97-b97d-44ae-b04a-0faac7d89cd4-8316722560","trial_id":23,"param_name":"lr","param_value_internal":0.0002141104813394464,"distribution":"{\"name\": \"FloatDistribution\", \"attributes\": {\"step\": null, \"low\": 0.0001, \"high\": 0.003, \"log\": true}}"}
{"op_code":5,"worker_id":"b9dbde97-b97d-44ae-b04a-0faac7d89cd4-8316722560","trial_id":23,"param_name":"gamma","param_value_internal":0.9852464308500531,"distribution":"{\"name\": \"FloatDistribution\", \"attributes\": {\"step\": null, \"low\": 0.98, \"high\": 0.999, \"log\": false}}"}
{"op_code":5,"worker_id":"b9dbde97-b97d-44ae-b04a-0faac7d89cd4-8316722560","trial_id":23,"param_name":"n_step","param_value_internal":3,"distribution":"{\"name\": \"CategoricalDistribution\", \"attributes\": {\"choices\": [1, 2, 4, 8, 16]}}"}
{"op_code":5,"worker_id":"b9dbde97-b97d-44ae-b04a-0faac7d89cd4-8316722560","trial_id":23,"param_name":"batch","param_value_internal":2,"distribution":"{\"name\": \"CategoricalDistribution\", \"attributes\": {\"choices\": [64, 128, 256]}}"}
{"op_code":5,"worker_id":"b9dbde97-b97d-44ae-b04a-0faac7d89cd4-8316722560","trial_id":23,"param_name":"hidden","param_value_internal":1,"distribution":"{\"name\": \"CategoricalDistribution\", \"attributes\": {\"choices\": [64, 128, 256]}}"}
{"op_code":5,"worker_id":"b9dbde97-b97d-44ae-b04a-0faac7d89cd4-8316722560","trial_id":23,"param_name":"target_sync","param_value_internal":0,"distribution":"{\"name\": \"CategoricalDistribution\", \"attributes\": {\"choices\": [500, 1000, 2000, 5000, 10000]}}"}
{"op_code":5,"worker_id":"b9dbde97-b97d-44ae-b04a-0faac7d89cd4-8316722560","trial_id":23,"param_name":"update_every","param_value_internal":2,"distribution":"{\"name\": \"CategoricalDistribution\", \"attributes\": {\"choices\": [1, 2, 4]}}"}
{"op_code":5,"worker_id":"b9dbde97-b97d-44ae-b04a-0faac7d89cd4-8316722560","trial_id":23,"param_name":"buffer","param_value_internal":1,"distribution":"{\"name\": \"CategoricalDistribution\", \"attributes\": {\"choices\": [50000, 100000, 200000, 400000]}}"}
{"op_code":5,"worker_id":"b9dbde97-b97d-44ae-b04a-0faac7d89cd4-8316722560","trial_id":23,"param_name":"eps_end","param_value_internal":0.043315814161680975,"distribution":"{\"name\": \"FloatDistribution\", \"attributes\": {\"step\": null, \"low\": 0.01, \"high\": 0.1, \"log\": false}}"}
{"op_code":5,"worker_id":"b9dbde97-b97d-44ae-b04a-0faac7d89cd4-8316722560","trial_id":23,"param_name":"eps_decay_frac","param_value_internal":0.36897216047661435,"distribution":"{\"name\": \"FloatDistribution\", \"attributes\": {\"step\": null, \"low\": 0.1, \"high\": 0.6, \"log\": false}}"}
{"op_code":5,"worker_id":"b9dbde97-b97d-44ae-b04a-0faac7d89cd4-8316722560","trial_id":23,"param_name":"reward_scale","param_value_internal":10.99402977302798,"distribution":"{\"name\": \"FloatDistribution\", \"attributes\": {\"step\": null, \"low\": 5.0, \"high\": 80.0, \"log\": true}}"}
{"op_code":5,"worker_id":"b9dbde97-b97d-44ae-b04a-0faac7d89cd4-8316722560","trial_id":23,"param_name":"episode_days","param_value_internal":2,"distribution":"{\"name\": \"CategoricalDistribution\", \"attributes\": {\"choices\": [3, 7, 14]}}"}
{"op_code":8,"worker_id":"b9dbde97-b97d-44ae-b04a-0faac7d89cd4-8316722560","trial_id":23,"user_attr":{"tag":"cb3b4dace0108"}}
{"op_code":8,"worker_id":"b9dbde97-b97d-44ae-b04a-0faac7d89cd4-8316722560","trial_id":23,"user_attr":{"overrides":{"gamma":0.9852464308500531,"n_step":8,"lr":0.0002141104813394464,"batch":256,"hidden":128,"target_sync":500,"update_every":4,"buffer":100000,"eps_end":0.043315814161680975,"eps_decay_frac":0.36897216047661435,"reward_scale":10.99402977302798,"episode_days":14}}}
{"op_code":7,"worker_id":"b9dbde97-b97d-44ae-b04a-0faac7d89cd4-8316722560","trial_id":21,"step":8,"intermediate_value":274.7602751572114}
{"op_code":8,"worker_id":"b9dbde97-b97d-44ae-b04a-0faac7d89cd4-8316722560","trial_id":21,"user_attr":{"hh_saving":{"254":311.16664282237576,"185":265.2462596689035,"230":279.0388982939381,"266":151.22192564413004,"145":317.07459062179817,"229":170.92124591245522,"300":354.4777489542417,"69":348.9348893398488}}}
{"op_code":8,"worker_id":"b9dbde97-b97d-44ae-b04a-0faac7d89cd4-8316722560","trial_id":21,"user_attr":{"val_efc_mean":82.50370043749999}}
{"op_code":8,"worker_id":"b9dbde97-b97d-44ae-b04a-0faac7d89cd4-8316722560","trial_id":21,"user_attr":{"converged_share":1.0}}
{"op_code":8,"worker_id":"b9dbde97-b97d-44ae-b04a-0faac7d89cd4-8316722560","trial_id":21,"user_attr":{"wall_s":556.5002391338348}}
{"op_code":6,"worker_id":"b9dbde97-b97d-44ae-b04a-0faac7d89cd4-8316722560","trial_id":21,"state":1,"values":[274.7602751572114],"datetime_complete":"2026-10-08T05:31:32.865324"}
{"op_code":4,"worker_id":"b9dbde97-b97d-44ae-b04a-0faac7d89cd4-8316722560","study_id":0,"datetime_start":"2026-10-08T05:33:04.979429"}
{"op_code":9,"worker_id":"b9dbde97-b97d-44ae-b04a-0faac7d89cd4-8316722560","trial_id":24,"system_attr":{"tpe:relative_params:0":"{\"batch\": 64, \"buffer\": 50000, \"episode_days\": 14, \"eps_decay_frac\": 0.2924999144495611, \"eps_end\": 0.060738656165042676, \"gamma\": 0.9970314080211659, \"hidden\": 128, \"lr\": 0.0001810127524198034, \"n_step\": 16, \"reward_scale\": 15.44468850664911, \"target_sync\": 2000, \"update_every\": 2}"}}
{"op_code":5,"worker_id":"b9dbde97-b97d-44ae-b04a-0faac7d89cd4-8316722560","trial_id":24,"param_name":"lr","param_value_internal":0.0001810127524198034,"distribution":"{\"name\": \"FloatDistribution\", \"attributes\": {\"step\": null, \"low\": 0.0001, \"high\": 0.003, \"log\": true}}"}
{"op_code":5,"worker_id":"b9dbde97-b97d-44ae-b04a-0faac7d89cd4-8316722560","trial_id":24,"param_name":"gamma","param_value_internal":0.9970314080211659,"distribution":"{\"name\": \"FloatDistribution\", \"attributes\": {\"step\": null, \"low\": 0.98, \"high\": 0.999, \"log\": false}}"}
{"op_code":5,"worker_id":"b9dbde97-b97d-44ae-b04a-0faac7d89cd4-8316722560","trial_id":24,"param_name":"n_step","param_value_internal":4,"distribution":"{\"name\": \"CategoricalDistribution\", \"attributes\": {\"choices\": [1, 2, 4, 8, 16]}}"}
{"op_code":5,"worker_id":"b9dbde97-b97d-44ae-b04a-0faac7d89cd4-8316722560","trial_id":24,"param_name":"batch","param_value_internal":0,"distribution":"{\"name\": \"CategoricalDistribution\", \"attributes\": {\"choices\": [64, 128, 256]}}"}
{"op_code":5,"worker_id":"b9dbde97-b97d-44ae-b04a-0faac7d89cd4-8316722560","trial_id":24,"param_name":"hidden","param_value_internal":1,"distribution":"{\"name\": \"CategoricalDistribution\", \"attributes\": {\"choices\": [64, 128, 256]}}"}
{"op_code":5,"worker_id":"b9dbde97-b97d-44ae-b04a-0faac7d89cd4-8316722560","trial_id":24,"param_name":"target_sync","param_value_internal":2,"distribution":"{\"name\": \"CategoricalDistribution\", \"attributes\": {\"choices\": [500, 1000, 2000, 5000, 10000]}}"}
{"op_code":5,"worker_id":"b9dbde97-b97d-44ae-b04a-0faac7d89cd4-8316722560","trial_id":24,"param_name":"update_every","param_value_internal":1,"distribution":"{\"name\": \"CategoricalDistribution\", \"attributes\": {\"choices\": [1, 2, 4]}}"}
{"op_code":5,"worker_id":"b9dbde97-b97d-44ae-b04a-0faac7d89cd4-8316722560","trial_id":24,"param_name":"buffer","param_value_internal":0,"distribution":"{\"name\": \"CategoricalDistribution\", \"attributes\": {\"choices\": [50000, 100000, 200000, 400000]}}"}
{"op_code":5,"worker_id":"b9dbde97-b97d-44ae-b04a-0faac7d89cd4-8316722560","trial_id":24,"param_name":"eps_end","param_value_internal":0.060738656165042676,"distribution":"{\"name\": \"FloatDistribution\", \"attributes\": {\"step\": null, \"low\": 0.01, \"high\": 0.1, \"log\": false}}"}
{"op_code":5,"worker_id":"b9dbde97-b97d-44ae-b04a-0faac7d89cd4-8316722560","trial_id":24,"param_name":"eps_decay_frac","param_value_internal":0.2924999144495611,"distribution":"{\"name\": \"FloatDistribution\", \"attributes\": {\"step\": null, \"low\": 0.1, \"high\": 0.6, \"log\": false}}"}
{"op_code":5,"worker_id":"b9dbde97-b97d-44ae-b04a-0faac7d89cd4-8316722560","trial_id":24,"param_name":"reward_scale","param_value_internal":15.44468850664911,"distribution":"{\"name\": \"FloatDistribution\", \"attributes\": {\"step\": null, \"low\": 5.0, \"high\": 80.0, \"log\": true}}"}
{"op_code":5,"worker_id":"b9dbde97-b97d-44ae-b04a-0faac7d89cd4-8316722560","trial_id":24,"param_name":"episode_days","param_value_internal":2,"distribution":"{\"name\": \"CategoricalDistribution\", \"attributes\": {\"choices\": [3, 7, 14]}}"}
{"op_code":8,"worker_id":"b9dbde97-b97d-44ae-b04a-0faac7d89cd4-8316722560","trial_id":24,"user_attr":{"tag":"c7947b4a0e0c3"}}
{"op_code":8,"worker_id":"b9dbde97-b97d-44ae-b04a-0faac7d89cd4-8316722560","trial_id":24,"user_attr":{"overrides":{"gamma":0.9970314080211659,"n_step":16,"lr":0.0001810127524198034,"batch":64,"hidden":128,"target_sync":2000,"update_every":2,"buffer":50000,"eps_end":0.060738656165042676,"eps_decay_frac":0.2924999144495611,"reward_scale":15.44468850664911,"episode_days":14}}}
{"op_code":7,"worker_id":"b9dbde97-b97d-44ae-b04a-0faac7d89cd4-8316722560","trial_id":23,"step":3,"intermediate_value":277.13442955002415}
{"op_code":8,"worker_id":"b9dbde97-b97d-44ae-b04a-0faac7d89cd4-8316722560","trial_id":23,"user_attr":{"hh_saving":{"254":303.6599322858283,"185":254.42854156311768,"230":273.3148148011264}}}
{"op_code":8,"worker_id":"b9dbde97-b97d-44ae-b04a-0faac7d89cd4-8316722560","trial_id":23,"user_attr":{"val_efc_mean":84.26592566666667}}
{"op_code":8,"worker_id":"b9dbde97-b97d-44ae-b04a-0faac7d89cd4-8316722560","trial_id":23,"user_attr":{"converged_share":1.0}}
{"op_code":8,"worker_id":"b9dbde97-b97d-44ae-b04a-0faac7d89cd4-8316722560","trial_id":23,"user_attr":{"wall_s":173.6215329170227}}
{"op_code":6,"worker_id":"b9dbde97-b97d-44ae-b04a-0faac7d89cd4-8316722560","trial_id":23,"state":2,"values":[277.13442955002415],"datetime_complete":"2026-10-08T05:33:45.956129"}
{"op_code":4,"worker_id":"b9dbde97-b97d-44ae-b04a-0faac7d89cd4-8316722560","study_id":0,"datetime_start":"2026-10-08T05:34:23.469691"}
{"op_code":9,"worker_id":"b9dbde97-b97d-44ae-b04a-0faac7d89cd4-8316722560","trial_id":25,"system_attr":{"tpe:relative_params:0":"{\"batch\": 128, \"buffer\": 100000, \"episode_days\": 3, \"eps_decay_frac\": 0.23944116430633805, \"eps_end\": 0.032606393685466806, \"gamma\": 0.991688320770992, \"hidden\": 128, \"lr\": 0.00013826962617239207, \"n_step\": 2, \"reward_scale\": 22.331511794638022, \"target_sync\": 500, \"update_every\": 4}"}}
{"op_code":5,"worker_id":"b9dbde97-b97d-44ae-b04a-0faac7d89cd4-8316722560","trial_id":25,"param_name":"lr","param_value_internal":0.00013826962617239207,"distribution":"{\"name\": \"FloatDistribution\", \"attributes\": {\"step\": null, \"low\": 0.0001, \"high\": 0.003, \"log\": true}}"}
{"op_code":5,"worker_id":"b9dbde97-b97d-44ae-b04a-0faac7d89cd4-8316722560","trial_id":25,"param_name":"gamma","param_value_internal":0.991688320770992,"distribution":"{\"name\": \"FloatDistribution\", \"attributes\": {\"step\": null, \"low\": 0.98, \"high\": 0.999, \"log\": false}}"}
{"op_code":5,"worker_id":"b9dbde97-b97d-44ae-b04a-0faac7d89cd4-8316722560","trial_id":25,"param_name":"n_step","param_value_internal":1,"distribution":"{\"name\": \"CategoricalDistribution\", \"attributes\": {\"choices\": [1, 2, 4, 8, 16]}}"}
{"op_code":5,"worker_id":"b9dbde97-b97d-44ae-b04a-0faac7d89cd4-8316722560","trial_id":25,"param_name":"batch","param_value_internal":1,"distribution":"{\"name\": \"CategoricalDistribution\", \"attributes\": {\"choices\": [64, 128, 256]}}"}
{"op_code":5,"worker_id":"b9dbde97-b97d-44ae-b04a-0faac7d89cd4-8316722560","trial_id":25,"param_name":"hidden","param_value_internal":1,"distribution":"{\"name\": \"CategoricalDistribution\", \"attributes\": {\"choices\": [64, 128, 256]}}"}
{"op_code":5,"worker_id":"b9dbde97-b97d-44ae-b04a-0faac7d89cd4-8316722560","trial_id":25,"param_name":"target_sync","param_value_internal":0,"distribution":"{\"name\": \"CategoricalDistribution\", \"attributes\": {\"choices\": [500, 1000, 2000, 5000, 10000]}}"}
{"op_code":5,"worker_id":"b9dbde97-b97d-44ae-b04a-0faac7d89cd4-8316722560","trial_id":25,"param_name":"update_every","param_value_internal":2,"distribution":"{\"name\": \"CategoricalDistribution\", \"attributes\": {\"choices\": [1, 2, 4]}}"}
{"op_code":5,"worker_id":"b9dbde97-b97d-44ae-b04a-0faac7d89cd4-8316722560","trial_id":25,"param_name":"buffer","param_value_internal":1,"distribution":"{\"name\": \"CategoricalDistribution\", \"attributes\": {\"choices\": [50000, 100000, 200000, 400000]}}"}
{"op_code":5,"worker_id":"b9dbde97-b97d-44ae-b04a-0faac7d89cd4-8316722560","trial_id":25,"param_name":"eps_end","param_value_internal":0.032606393685466806,"distribution":"{\"name\": \"FloatDistribution\", \"attributes\": {\"step\": null, \"low\": 0.01, \"high\": 0.1, \"log\": false}}"}
{"op_code":5,"worker_id":"b9dbde97-b97d-44ae-b04a-0faac7d89cd4-8316722560","trial_id":25,"param_name":"eps_decay_frac","param_value_internal":0.23944116430633805,"distribution":"{\"name\": \"FloatDistribution\", \"attributes\": {\"step\": null, \"low\": 0.1, \"high\": 0.6, \"log\": false}}"}
{"op_code":5,"worker_id":"b9dbde97-b97d-44ae-b04a-0faac7d89cd4-8316722560","trial_id":25,"param_name":"reward_scale","param_value_internal":22.331511794638022,"distribution":"{\"name\": \"FloatDistribution\", \"attributes\": {\"step\": null, \"low\": 5.0, \"high\": 80.0, \"log\": true}}"}
{"op_code":5,"worker_id":"b9dbde97-b97d-44ae-b04a-0faac7d89cd4-8316722560","trial_id":25,"param_name":"episode_days","param_value_internal":0,"distribution":"{\"name\": \"CategoricalDistribution\", \"attributes\": {\"choices\": [3, 7, 14]}}"}
{"op_code":8,"worker_id":"b9dbde97-b97d-44ae-b04a-0faac7d89cd4-8316722560","trial_id":25,"user_attr":{"tag":"c1d63264312e0"}}
{"op_code":8,"worker_id":"b9dbde97-b97d-44ae-b04a-0faac7d89cd4-8316722560","trial_id":25,"user_attr":{"overrides":{"gamma":0.991688320770992,"n_step":2,"lr":0.00013826962617239207,"batch":128,"hidden":128,"target_sync":500,"update_every":4,"buffer":100000,"eps_end":0.032606393685466806,"eps_decay_frac":0.23944116430633805,"reward_scale":22.331511794638022,"episode_days":3}}}
{"op_code":7,"worker_id":"b9dbde97-b97d-44ae-b04a-0faac7d89cd4-8316722560","trial_id":24,"step":3,"intermediate_value":283.33893842859675}
{"op_code":7,"worker_id":"b9dbde97-b97d-44ae-b04a-0faac7d89cd4-8316722560","trial_id":25,"step":3,"intermediate_value":287.6054550119036}
{"op_code":7,"worker_id":"b9dbde97-b97d-44ae-b04a-0faac7d89cd4-8316722560","trial_id":24,"step":8,"intermediate_value":271.76460988193526}
{"op_code":8,"worker_id":"b9dbde97-b97d-44ae-b04a-0faac7d89cd4-8316722560","trial_id":24,"user_attr":{"hh_saving":{"254":307.6188677787754,"185":266.44305037198046,"230":275.95489713503434,"266":161.39394623059792,"145":318.9782230765738,"229":157.13295003637455,"300":347.23106633066493,"69":339.3638780954807}}}
{"op_code":8,"worker_id":"b9dbde97-b97d-44ae-b04a-0faac7d89cd4-8316722560","trial_id":24,"user_attr":{"val_efc_mean":84.75143171874998}}
{"op_code":8,"worker_id":"b9dbde97-b97d-44ae-b04a-0faac7d89cd4-8316722560","trial_id":24,"user_attr":{"converged_share":1.0}}
{"op_code":8,"worker_id":"b9dbde97-b97d-44ae-b04a-0faac7d89cd4-8316722560","trial_id":24,"user_attr":{"wall_s":373.720419883728}}
{"op_code":6,"worker_id":"b9dbde97-b97d-44ae-b04a-0faac7d89cd4-8316722560","trial_id":24,"state":1,"values":[271.76460988193526],"datetime_complete":"2026-10-08T05:39:18.708453"}
{"op_code":4,"worker_id":"b9dbde97-b97d-44ae-b04a-0faac7d89cd4-8316722560","study_id":0,"datetime_start":"2026-10-08T05:41:40.377037"}
{"op_code":9,"worker_id":"b9dbde97-b97d-44ae-b04a-0faac7d89cd4-8316722560","trial_id":26,"system_attr":{"tpe:relative_params:0":"{\"batch\": 64, \"buffer\": 50000, \"episode_days\": 14, \"eps_decay_frac\": 0.4152194442233933, \"eps_end\": 0.06018894764692828, \"gamma\": 0.9970615922890949, \"hidden\": 128, \"lr\": 0.0001323943152141781, \"n_step\": 1, \"reward_scale\": 34.27149959545404, \"target_sync\": 2000, \"update_every\": 2}"}}
{"op_code":5,"worker_id":"b9dbde97-b97d-44ae-b04a-0faac7d89cd4-8316722560","trial_id":26,"param_name":"lr","param_value_internal":0.0001323943152141781,"distribution":"{\"name\": \"FloatDistribution\", \"attributes\": {\"step\": null, \"low\": 0.0001, \"high\": 0.003, \"log\": true}}"}
{"op_code":5,"worker_id":"b9dbde97-b97d-44ae-b04a-0faac7d89cd4-8316722560","trial_id":26,"param_name":"gamma","param_value_internal":0.9970615922890949,"distribution":"{\"name\": \"FloatDistribution\", \"attributes\": {\"step\": null, \"low\": 0.98, \"high\": 0.999, \"log\": false}}"}
{"op_code":5,"worker_id":"b9dbde97-b97d-44ae-b04a-0faac7d89cd4-8316722560","trial_id":26,"param_name":"n_step","param_value_internal":0,"distribution":"{\"name\": \"CategoricalDistribution\", \"attributes\": {\"choices\": [1, 2, 4, 8, 16]}}"}
{"op_code":5,"worker_id":"b9dbde97-b97d-44ae-b04a-0faac7d89cd4-8316722560","trial_id":26,"param_name":"batch","param_value_internal":0,"distribution":"{\"name\": \"CategoricalDistribution\", \"attributes\": {\"choices\": [64, 128, 256]}}"}
{"op_code":5,"worker_id":"b9dbde97-b97d-44ae-b04a-0faac7d89cd4-8316722560","trial_id":26,"param_name":"hidden","param_value_internal":1,"distribution":"{\"name\": \"CategoricalDistribution\", \"attributes\": {\"choices\": [64, 128, 256]}}"}
{"op_code":5,"worker_id":"b9dbde97-b97d-44ae-b04a-0faac7d89cd4-8316722560","trial_id":26,"param_name":"target_sync","param_value_internal":2,"distribution":"{\"name\": \"CategoricalDistribution\", \"attributes\": {\"choices\": [500, 1000, 2000, 5000, 10000]}}"}
{"op_code":5,"worker_id":"b9dbde97-b97d-44ae-b04a-0faac7d89cd4-8316722560","trial_id":26,"param_name":"update_every","param_value_internal":1,"distribution":"{\"name\": \"CategoricalDistribution\", \"attributes\": {\"choices\": [1, 2, 4]}}"}
{"op_code":5,"worker_id":"b9dbde97-b97d-44ae-b04a-0faac7d89cd4-8316722560","trial_id":26,"param_name":"buffer","param_value_internal":0,"distribution":"{\"name\": \"CategoricalDistribution\", \"attributes\": {\"choices\": [50000, 100000, 200000, 400000]}}"}
{"op_code":5,"worker_id":"b9dbde97-b97d-44ae-b04a-0faac7d89cd4-8316722560","trial_id":26,"param_name":"eps_end","param_value_internal":0.06018894764692828,"distribution":"{\"name\": \"FloatDistribution\", \"attributes\": {\"step\": null, \"low\": 0.01, \"high\": 0.1, \"log\": false}}"}
{"op_code":5,"worker_id":"b9dbde97-b97d-44ae-b04a-0faac7d89cd4-8316722560","trial_id":26,"param_name":"eps_decay_frac","param_value_internal":0.4152194442233933,"distribution":"{\"name\": \"FloatDistribution\", \"attributes\": {\"step\": null, \"low\": 0.1, \"high\": 0.6, \"log\": false}}"}
{"op_code":5,"worker_id":"b9dbde97-b97d-44ae-b04a-0faac7d89cd4-8316722560","trial_id":26,"param_name":"reward_scale","param_value_internal":34.27149959545404,"distribution":"{\"name\": \"FloatDistribution\", \"attributes\": {\"step\": null, \"low\": 5.0, \"high\": 80.0, \"log\": true}}"}
{"op_code":5,"worker_id":"b9dbde97-b97d-44ae-b04a-0faac7d89cd4-8316722560","trial_id":26,"param_name":"episode_days","param_value_internal":2,"distribution":"{\"name\": \"CategoricalDistribution\", \"attributes\": {\"choices\": [3, 7, 14]}}"}
{"op_code":8,"worker_id":"b9dbde97-b97d-44ae-b04a-0faac7d89cd4-8316722560","trial_id":26,"user_attr":{"tag":"c1e32ec6add71"}}
{"op_code":8,"worker_id":"b9dbde97-b97d-44ae-b04a-0faac7d89cd4-8316722560","trial_id":26,"user_attr":{"overrides":{"gamma":0.9970615922890949,"n_step":1,"lr":0.0001323943152141781,"batch":64,"hidden":128,"target_sync":2000,"update_every":2,"buffer":50000,"eps_end":0.06018894764692828,"eps_decay_frac":0.4152194442233933,"reward_scale":34.27149959545404,"episode_days":14}}}
{"op_code":7,"worker_id":"b9dbde97-b97d-44ae-b04a-0faac7d89cd4-8316722560","trial_id":25,"step":8,"intermediate_value":271.1932196208964}
{"op_code":8,"worker_id":"b9dbde97-b97d-44ae-b04a-0faac7d89cd4-8316722560","trial_id":25,"user_attr":{"hh_saving":{"254":309.6626923435323,"185":272.92871138863774,"230":280.2249613035408,"266":142.88621208869387,"145":316.47057116702143,"229":153.9471628550278,"300":347.4183698350547,"69":346.00707598566265}}}
{"op_code":8,"worker_id":"b9dbde97-b97d-44ae-b04a-0faac7d89cd4-8316722560","trial_id":25,"user_attr":{"val_efc_mean":83.7737446875}}
{"op_code":8,"worker_id":"b9dbde97-b97d-44ae-b04a-0faac7d89cd4-8316722560","trial_id":25,"user_attr":{"converged_share":0.875}}
{"op_code":8,"worker_id":"b9dbde97-b97d-44ae-b04a-0faac7d89cd4-8316722560","trial_id":25,"user_attr":{"wall_s":477.4187819957733}}
{"op_code":6,"worker_id":"b9dbde97-b97d-44ae-b04a-0faac7d89cd4-8316722560","trial_id":25,"state":1,"values":[271.1932196208964],"datetime_complete":"2026-10-08T05:42:20.897132"}
{"op_code":4,"worker_id":"b9dbde97-b97d-44ae-b04a-0faac7d89cd4-8316722560","study_id":0,"datetime_start":"2026-10-08T05:43:54.103942"}
{"op_code":9,"worker_id":"b9dbde97-b97d-44ae-b04a-0faac7d89cd4-8316722560","trial_id":27,"system_attr":{"tpe:relative_params:0":"{\"batch\": 64, \"buffer\": 400000, \"episode_days\": 14, \"eps_decay_frac\": 0.2645372324928386, \"eps_end\": 0.07472877955474637, \"gamma\": 0.996496668160204, \"hidden\": 64, \"lr\": 0.0002121594550990471, \"n_step\": 16, \"reward_scale\": 28.13422784906294, \"target_sync\": 2000, \"update_every\": 2}"}}
{"op_code":5,"worker_id":"b9dbde97-b97d-44ae-b04a-0faac7d89cd4-8316722560","trial_id":27,"param_name":"lr","param_value_internal":0.0002121594550990471,"distribution":"{\"name\": \"FloatDistribution\", \"attributes\": {\"step\": null, \"low\": 0.0001, \"high\": 0.003, \"log\": true}}"}
{"op_code":5,"worker_id":"b9dbde97-b97d-44ae-b04a-0faac7d89cd4-8316722560","trial_id":27,"param_name":"gamma","param_value_internal":0.996496668160204,"distribution":"{\"name\": \"FloatDistribution\", \"attributes\": {\"step\": null, \"low\": 0.98, \"high\": 0.999, \"log\": false}}"}
{"op_code":5,"worker_id":"b9dbde97-b97d-44ae-b04a-0faac7d89cd4-8316722560","trial_id":27,"param_name":"n_step","param_value_internal":4,"distribution":"{\"name\": \"CategoricalDistribution\", \"attributes\": {\"choices\": [1, 2, 4, 8, 16]}}"}
{"op_code":5,"worker_id":"b9dbde97-b97d-44ae-b04a-0faac7d89cd4-8316722560","trial_id":27,"param_name":"batch","param_value_internal":0,"distribution":"{\"name\": \"CategoricalDistribution\", \"attributes\": {\"choices\": [64, 128, 256]}}"}
{"op_code":5,"worker_id":"b9dbde97-b97d-44ae-b04a-0faac7d89cd4-8316722560","trial_id":27,"param_name":"hidden","param_value_internal":0,"distribution":"{\"name\": \"CategoricalDistribution\", \"attributes\": {\"choices\": [64, 128, 256]}}"}
{"op_code":5,"worker_id":"b9dbde97-b97d-44ae-b04a-0faac7d89cd4-8316722560","trial_id":27,"param_name":"target_sync","param_value_internal":2,"distribution":"{\"name\": \"CategoricalDistribution\", \"attributes\": {\"choices\": [500, 1000, 2000, 5000, 10000]}}"}
{"op_code":5,"worker_id":"b9dbde97-b97d-44ae-b04a-0faac7d89cd4-8316722560","trial_id":27,"param_name":"update_every","param_value_internal":1,"distribution":"{\"name\": \"CategoricalDistribution\", \"attributes\": {\"choices\": [1, 2, 4]}}"}
{"op_code":5,"worker_id":"b9dbde97-b97d-44ae-b04a-0faac7d89cd4-8316722560","trial_id":27,"param_name":"buffer","param_value_internal":3,"distribution":"{\"name\": \"CategoricalDistribution\", \"attributes\": {\"choices\": [50000, 100000, 200000, 400000]}}"}
{"op_code":5,"worker_id":"b9dbde97-b97d-44ae-b04a-0faac7d89cd4-8316722560","trial_id":27,"param_name":"eps_end","param_value_internal":0.07472877955474637,"distribution":"{\"name\": \"FloatDistribution\", \"attributes\": {\"step\": null, \"low\": 0.01, \"high\": 0.1, \"log\": false}}"}
{"op_code":5,"worker_id":"b9dbde97-b97d-44ae-b04a-0faac7d89cd4-8316722560","trial_id":27,"param_name":"eps_decay_frac","param_value_internal":0.2645372324928386,"distribution":"{\"name\": \"FloatDistribution\", \"attributes\": {\"step\": null, \"low\": 0.1, \"high\": 0.6, \"log\": false}}"}
{"op_code":5,"worker_id":"b9dbde97-b97d-44ae-b04a-0faac7d89cd4-8316722560","trial_id":27,"param_name":"reward_scale","param_value_internal":28.13422784906294,"distribution":"{\"name\": \"FloatDistribution\", \"attributes\": {\"step\": null, \"low\": 5.0, \"high\": 80.0, \"log\": true}}"}
{"op_code":5,"worker_id":"b9dbde97-b97d-44ae-b04a-0faac7d89cd4-8316722560","trial_id":27,"param_name":"episode_days","param_value_internal":2,"distribution":"{\"name\": \"CategoricalDistribution\", \"attributes\": {\"choices\": [3, 7, 14]}}"}
{"op_code":8,"worker_id":"b9dbde97-b97d-44ae-b04a-0faac7d89cd4-8316722560","trial_id":27,"user_attr":{"tag":"cf5e6fde5c200"}}
{"op_code":8,"worker_id":"b9dbde97-b97d-44ae-b04a-0faac7d89cd4-8316722560","trial_id":27,"user_attr":{"overrides":{"gamma":0.996496668160204,"n_step":16,"lr":0.0002121594550990471,"batch":64,"hidden":64,"target_sync":2000,"update_every":2,"buffer":400000,"eps_end":0.07472877955474637,"eps_decay_frac":0.2645372324928386,"reward_scale":28.13422784906294,"episode_days":14}}}
{"op_code":7,"worker_id":"b9dbde97-b97d-44ae-b04a-0faac7d89cd4-8316722560","trial_id":26,"step":3,"intermediate_value":290.13142926792284}
{"op_code":7,"worker_id":"b9dbde97-b97d-44ae-b04a-0faac7d89cd4-8316722560","trial_id":27,"step":3,"intermediate_value":286.35106828019394}
{"op_code":7,"worker_id":"b9dbde97-b97d-44ae-b04a-0faac7d89cd4-8316722560","trial_id":26,"step":8,"intermediate_value":274.5520775477513}
{"op_code":8,"worker_id":"b9dbde97-b97d-44ae-b04a-0faac7d89cd4-8316722560","trial_id":26,"user_attr":{"hh_saving":{"254":316.90461230579757,"185":273.40455071345315,"230":280.08512478451775,"266":140.99899114150392,"145":321.1604317385185,"229":161.66205183521632,"300":351.63872358819845,"69":350.5621342748046}}}
{"op_code":8,"worker_id":"b9dbde97-b97d-44ae-b04a-0faac7d89cd4-8316722560","trial_id":26,"user_attr":{"val_efc_mean":84.1672759375}}
{"op_code":8,"worker_id":"b9dbde97-b97d-44ae-b04a-0faac7d89cd4-8316722560","trial_id":26,"user_attr":{"converged_share":0.875}}
{"op_code":8,"worker_id":"b9dbde97-b97d-44ae-b04a-0faac7d89cd4-8316722560","trial_id":26,"user_attr":{"wall_s":437.3297779560089}}
{"op_code":6,"worker_id":"b9dbde97-b97d-44ae-b04a-0faac7d89cd4-8316722560","trial_id":26,"state":1,"values":[274.5520775477513],"datetime_complete":"2026-10-08T05:48:57.715534"}
{"op_code":4,"worker_id":"b9dbde97-b97d-44ae-b04a-0faac7d89cd4-8316722560","study_id":0,"datetime_start":"2026-10-08T05:50:39.703756"}
{"op_code":9,"worker_id":"b9dbde97-b97d-44ae-b04a-0faac7d89cd4-8316722560","trial_id":28,"system_attr":{"tpe:relative_params:0":"{\"batch\": 128, \"buffer\": 100000, \"episode_days\": 14, \"eps_decay_frac\": 0.5253640544107421, \"eps_end\": 0.03536445255828521, \"gamma\": 0.9961155691387676, \"hidden\": 128, \"lr\": 0.000103163947739498, \"n_step\": 1, \"reward_scale\": 23.289236264349498, \"target_sync\": 500, \"update_every\": 2}"}}
{"op_code":5,"worker_id":"b9dbde97-b97d-44ae-b04a-0faac7d89cd4-8316722560","trial_id":28,"param_name":"lr","param_value_internal":0.000103163947739498,"distribution":"{\"name\": \"FloatDistribution\", \"attributes\": {\"step\": null, \"low\": 0.0001, \"high\": 0.003, \"log\": true}}"}
{"op_code":5,"worker_id":"b9dbde97-b97d-44ae-b04a-0faac7d89cd4-8316722560","trial_id":28,"param_name":"gamma","param_value_internal":0.9961155691387676,"distribution":"{\"name\": \"FloatDistribution\", \"attributes\": {\"step\": null, \"low\": 0.98, \"high\": 0.999, \"log\": false}}"}
{"op_code":5,"worker_id":"b9dbde97-b97d-44ae-b04a-0faac7d89cd4-8316722560","trial_id":28,"param_name":"n_step","param_value_internal":0,"distribution":"{\"name\": \"CategoricalDistribution\", \"attributes\": {\"choices\": [1, 2, 4, 8, 16]}}"}
{"op_code":5,"worker_id":"b9dbde97-b97d-44ae-b04a-0faac7d89cd4-8316722560","trial_id":28,"param_name":"batch","param_value_internal":1,"distribution":"{\"name\": \"CategoricalDistribution\", \"attributes\": {\"choices\": [64, 128, 256]}}"}
{"op_code":5,"worker_id":"b9dbde97-b97d-44ae-b04a-0faac7d89cd4-8316722560","trial_id":28,"param_name":"hidden","param_value_internal":1,"distribution":"{\"name\": \"CategoricalDistribution\", \"attributes\": {\"choices\": [64, 128, 256]}}"}
{"op_code":5,"worker_id":"b9dbde97-b97d-44ae-b04a-0faac7d89cd4-8316722560","trial_id":28,"param_name":"target_sync","param_value_internal":0,"distribution":"{\"name\": \"CategoricalDistribution\", \"attributes\": {\"choices\": [500, 1000, 2000, 5000, 10000]}}"}
{"op_code":5,"worker_id":"b9dbde97-b97d-44ae-b04a-0faac7d89cd4-8316722560","trial_id":28,"param_name":"update_every","param_value_internal":1,"distribution":"{\"name\": \"CategoricalDistribution\", \"attributes\": {\"choices\": [1, 2, 4]}}"}
{"op_code":5,"worker_id":"b9dbde97-b97d-44ae-b04a-0faac7d89cd4-8316722560","trial_id":28,"param_name":"buffer","param_value_internal":1,"distribution":"{\"name\": \"CategoricalDistribution\", \"attributes\": {\"choices\": [50000, 100000, 200000, 400000]}}"}
{"op_code":5,"worker_id":"b9dbde97-b97d-44ae-b04a-0faac7d89cd4-8316722560","trial_id":28,"param_name":"eps_end","param_value_internal":0.03536445255828521,"distribution":"{\"name\": \"FloatDistribution\", \"attributes\": {\"step\": null, \"low\": 0.01, \"high\": 0.1, \"log\": false}}"}
{"op_code":5,"worker_id":"b9dbde97-b97d-44ae-b04a-0faac7d89cd4-8316722560","trial_id":28,"param_name":"eps_decay_frac","param_value_internal":0.5253640544107421,"distribution":"{\"name\": \"FloatDistribution\", \"attributes\": {\"step\": null, \"low\": 0.1, \"high\": 0.6, \"log\": false}}"}
{"op_code":5,"worker_id":"b9dbde97-b97d-44ae-b04a-0faac7d89cd4-8316722560","trial_id":28,"param_name":"reward_scale","param_value_internal":23.289236264349498,"distribution":"{\"name\": \"FloatDistribution\", \"attributes\": {\"step\": null, \"low\": 5.0, \"high\": 80.0, \"log\": true}}"}
{"op_code":5,"worker_id":"b9dbde97-b97d-44ae-b04a-0faac7d89cd4-8316722560","trial_id":28,"param_name":"episode_days","param_value_internal":2,"distribution":"{\"name\": \"CategoricalDistribution\", \"attributes\": {\"choices\": [3, 7, 14]}}"}
{"op_code":8,"worker_id":"b9dbde97-b97d-44ae-b04a-0faac7d89cd4-8316722560","trial_id":28,"user_attr":{"tag":"c3d1c2a8f0241"}}
{"op_code":8,"worker_id":"b9dbde97-b97d-44ae-b04a-0faac7d89cd4-8316722560","trial_id":28,"user_attr":{"overrides":{"gamma":0.9961155691387676,"n_step":1,"lr":0.000103163947739498,"batch":128,"hidden":128,"target_sync":500,"update_every":2,"buffer":100000,"eps_end":0.03536445255828521,"eps_decay_frac":0.5253640544107421,"reward_scale":23.289236264349498,"episode_days":14}}}
{"op_code":7,"worker_id":"b9dbde97-b97d-44ae-b04a-0faac7d89cd4-8316722560","trial_id":27,"step":8,"intermediate_value":272.0424049439748}
{"op_code":8,"worker_id":"b9dbde97-b97d-44ae-b04a-0faac7d89cd4-8316722560","trial_id":27,"user_attr":{"hh_saving":{"254":314.2095775415507,"185":267.3672948810565,"230":277.4763324179746,"266":152.2612295001891,"145":316.3139285538834,"229":162.3358681540709,"300":343.5880426002218,"69":342.7869659028512}}}
{"op_code":8,"worker_id":"b9dbde97-b97d-44ae-b04a-0faac7d89cd4-8316722560","trial_id":27,"user_attr":{"val_efc_mean":82.231495625}}
{"op_code":8,"worker_id":"b9dbde97-b97d-44ae-b04a-0faac7d89cd4-8316722560","trial_id":27,"user_attr":{"converged_share":0.75}}
{"op_code":8,"worker_id":"b9dbde97-b97d-44ae-b04a-0faac7d89cd4-8316722560","trial_id":27,"user_attr":{"wall_s":482.34232902526855}}
{"op_code":6,"worker_id":"b9dbde97-b97d-44ae-b04a-0faac7d89cd4-8316722560","trial_id":27,"state":1,"values":[272.0424049439748],"datetime_complete":"2026-10-08T05:51:56.455110"}
{"op_code":4,"worker_id":"b9dbde97-b97d-44ae-b04a-0faac7d89cd4-8316722560","study_id":0,"datetime_start":"2026-10-08T05:52:08.556659"}
{"op_code":9,"worker_id":"b9dbde97-b97d-44ae-b04a-0faac7d89cd4-8316722560","trial_id":29,"system_attr":{"tpe:relative_params:0":"{\"batch\": 256, \"buffer\": 400000, \"episode_days\": 14, \"eps_decay_frac\": 0.28557072473965717, \"eps_end\": 0.08620434069984391, \"gamma\": 0.9942142453024336, \"hidden\": 64, \"lr\": 0.00013614699938730609, \"n_step\": 16, \"reward_scale\": 20.08003867014104, \"target_sync\": 2000, \"update_every\": 2}"}}
{"op_code":5,"worker_id":"b9dbde97-b97d-44ae-b04a-0faac7d89cd4-8316722560","trial_id":29,"param_name":"lr","param_value_internal":0.00013614699938730609,"distribution":"{\"name\": \"FloatDistribution\", \"attributes\": {\"step\": null, \"low\": 0.0001, \"high\": 0.003, \"log\": true}}"}
{"op_code":5,"worker_id":"b9dbde97-b97d-44ae-b04a-0faac7d89cd4-8316722560","trial_id":29,"param_name":"gamma","param_value_internal":0.9942142453024336,"distribution":"{\"name\": \"FloatDistribution\", \"attributes\": {\"step\": null, \"low\": 0.98, \"high\": 0.999, \"log\": false}}"}
{"op_code":5,"worker_id":"b9dbde97-b97d-44ae-b04a-0faac7d89cd4-8316722560","trial_id":29,"param_name":"n_step","param_value_internal":4,"distribution":"{\"name\": \"CategoricalDistribution\", \"attributes\": {\"choices\": [1, 2, 4, 8, 16]}}"}
{"op_code":5,"worker_id":"b9dbde97-b97d-44ae-b04a-0faac7d89cd4-8316722560","trial_id":29,"param_name":"batch","param_value_internal":2,"distribution":"{\"name\": \"CategoricalDistribution\", \"attributes\": {\"choices\": [64, 128, 256]}}"}
{"op_code":5,"worker_id":"b9dbde97-b97d-44ae-b04a-0faac7d89cd4-8316722560","trial_id":29,"param_name":"hidden","param_value_internal":0,"distribution":"{\"name\": \"CategoricalDistribution\", \"attributes\": {\"choices\": [64, 128, 256]}}"}
{"op_code":5,"worker_id":"b9dbde97-b97d-44ae-b04a-0faac7d89cd4-8316722560","trial_id":29,"param_name":"target_sync","param_value_internal":2,"distribution":"{\"name\": \"CategoricalDistribution\", \"attributes\": {\"choices\": [500, 1000, 2000, 5000, 10000]}}"}
{"op_code":5,"worker_id":"b9dbde97-b97d-44ae-b04a-0faac7d89cd4-8316722560","trial_id":29,"param_name":"update_every","param_value_internal":1,"distribution":"{\"name\": \"CategoricalDistribution\", \"attributes\": {\"choices\": [1, 2, 4]}}"}
{"op_code":5,"worker_id":"b9dbde97-b97d-44ae-b04a-0faac7d89cd4-8316722560","trial_id":29,"param_name":"buffer","param_value_internal":3,"distribution":"{\"name\": \"CategoricalDistribution\", \"attributes\": {\"choices\": [50000, 100000, 200000, 400000]}}"}
{"op_code":5,"worker_id":"b9dbde97-b97d-44ae-b04a-0faac7d89cd4-8316722560","trial_id":29,"param_name":"eps_end","param_value_internal":0.08620434069984391,"distribution":"{\"name\": \"FloatDistribution\", \"attributes\": {\"step\": null, \"low\": 0.01, \"high\": 0.1, \"log\": false}}"}
{"op_code":5,"worker_id":"b9dbde97-b97d-44ae-b04a-0faac7d89cd4-8316722560","trial_id":29,"param_name":"eps_decay_frac","param_value_internal":0.28557072473965717,"distribution":"{\"name\": \"FloatDistribution\", \"attributes\": {\"step\": null, \"low\": 0.1, \"high\": 0.6, \"log\": false}}"}
{"op_code":5,"worker_id":"b9dbde97-b97d-44ae-b04a-0faac7d89cd4-8316722560","trial_id":29,"param_name":"reward_scale","param_value_internal":20.08003867014104,"distribution":"{\"name\": \"FloatDistribution\", \"attributes\": {\"step\": null, \"low\": 5.0, \"high\": 80.0, \"log\": true}}"}
{"op_code":5,"worker_id":"b9dbde97-b97d-44ae-b04a-0faac7d89cd4-8316722560","trial_id":29,"param_name":"episode_days","param_value_internal":2,"distribution":"{\"name\": \"CategoricalDistribution\", \"attributes\": {\"choices\": [3, 7, 14]}}"}
{"op_code":8,"worker_id":"b9dbde97-b97d-44ae-b04a-0faac7d89cd4-8316722560","trial_id":29,"user_attr":{"tag":"cabcb861c0ec3"}}
{"op_code":8,"worker_id":"b9dbde97-b97d-44ae-b04a-0faac7d89cd4-8316722560","trial_id":29,"user_attr":{"overrides":{"gamma":0.9942142453024336,"n_step":16,"lr":0.00013614699938730609,"batch":256,"hidden":64,"target_sync":2000,"update_every":2,"buffer":400000,"eps_end":0.08620434069984391,"eps_decay_frac":0.28557072473965717,"reward_scale":20.08003867014104,"episode_days":14}}}
{"op_code":7,"worker_id":"b9dbde97-b97d-44ae-b04a-0faac7d89cd4-8316722560","trial_id":28,"step":3,"intermediate_value":283.6797534865985}
{"op_code":7,"worker_id":"b9dbde97-b97d-44ae-b04a-0faac7d89cd4-8316722560","trial_id":29,"step":3,"intermediate_value":289.7866451015387}
{"op_code":7,"worker_id":"b9dbde97-b97d-44ae-b04a-0faac7d89cd4-8316722560","trial_id":28,"step":8,"intermediate_value":271.25902826229884}
{"op_code":8,"worker_id":"b9dbde97-b97d-44ae-b04a-0faac7d89cd4-8316722560","trial_id":28,"user_attr":{"hh_saving":{"254":312.1268914880599,"185":260.0500040350342,"230":278.86236493670145,"266":147.73074495021876,"145":314.38043439489263,"229":162.15168909417065,"300":347.27052029029466,"69":347.49957690901846}}}
{"op_code":8,"worker_id":"b9dbde97-b97d-44ae-b04a-0faac7d89cd4-8316722560","trial_id":28,"user_attr":{"val_efc_mean":82.30866449999999}}
{"op_code":8,"worker_id":"b9dbde97-b97d-44ae-b04a-0faac7d89cd4-8316722560","trial_id":28,"user_attr":{"converged_share":0.875}}
{"op_code":8,"worker_id":"b9dbde97-b97d-44ae-b04a-0faac7d89cd4-8316722560","trial_id":28,"user_attr":{"wall_s":367.474317073822}}
{"op_code":6,"worker_id":"b9dbde97-b97d-44ae-b04a-0faac7d89cd4-8316722560","trial_id":28,"state":1,"values":[271.25902826229884],"datetime_complete":"2026-10-08T05:56:47.186426"}
{"op_code":4,"worker_id":"b9dbde97-b97d-44ae-b04a-0faac7d89cd4-8316722560","study_id":0,"datetime_start":"2026-10-08T05:57:09.536001"}
{"op_code":9,"worker_id":"b9dbde97-b97d-44ae-b04a-0faac7d89cd4-8316722560","trial_id":30,"system_attr":{"tpe:relative_params:0":"{\"batch\": 64, \"buffer\": 50000, \"episode_days\": 14, \"eps_decay_frac\": 0.516649676773337, \"eps_end\": 0.07092940926806028, \"gamma\": 0.9916147855584427, \"hidden\": 128, \"lr\": 0.0001337912174736027, \"n_step\": 2, \"reward_scale\": 60.098768183002285, \"target_sync\": 2000, \"update_every\": 2}"}}
{"op_code":5,"worker_id":"b9dbde97-b97d-44ae-b04a-0faac7d89cd4-8316722560","trial_id":30,"param_name":"lr","param_value_internal":0.0001337912174736027,"distribution":"{\"name\": \"FloatDistribution\", \"attributes\": {\"step\": null, \"low\": 0.0001, \"high\": 0.003, \"log\": true}}"}
{"op_code":5,"worker_id":"b9dbde97-b97d-44ae-b04a-0faac7d89cd4-8316722560","trial_id":30,"param_name":"gamma","param_value_internal":0.9916147855584427,"distribution":"{\"name\": \"FloatDistribution\", \"attributes\": {\"step\": null, \"low\": 0.98, \"high\": 0.999, \"log\": false}}"}
{"op_code":5,"worker_id":"b9dbde97-b97d-44ae-b04a-0faac7d89cd4-8316722560","trial_id":30,"param_name":"n_step","param_value_internal":1,"distribution":"{\"name\": \"CategoricalDistribution\", \"attributes\": {\"choices\": [1, 2, 4, 8, 16]}}"}
{"op_code":5,"worker_id":"b9dbde97-b97d-44ae-b04a-0faac7d89cd4-8316722560","trial_id":30,"param_name":"batch","param_value_internal":0,"distribution":"{\"name\": \"CategoricalDistribution\", \"attributes\": {\"choices\": [64, 128, 256]}}"}
{"op_code":5,"worker_id":"b9dbde97-b97d-44ae-b04a-0faac7d89cd4-8316722560","trial_id":30,"param_name":"hidden","param_value_internal":1,"distribution":"{\"name\": \"CategoricalDistribution\", \"attributes\": {\"choices\": [64, 128, 256]}}"}
{"op_code":5,"worker_id":"b9dbde97-b97d-44ae-b04a-0faac7d89cd4-8316722560","trial_id":30,"param_name":"target_sync","param_value_internal":2,"distribution":"{\"name\": \"CategoricalDistribution\", \"attributes\": {\"choices\": [500, 1000, 2000, 5000, 10000]}}"}
{"op_code":5,"worker_id":"b9dbde97-b97d-44ae-b04a-0faac7d89cd4-8316722560","trial_id":30,"param_name":"update_every","param_value_internal":1,"distribution":"{\"name\": \"CategoricalDistribution\", \"attributes\": {\"choices\": [1, 2, 4]}}"}
{"op_code":5,"worker_id":"b9dbde97-b97d-44ae-b04a-0faac7d89cd4-8316722560","trial_id":30,"param_name":"buffer","param_value_internal":0,"distribution":"{\"name\": \"CategoricalDistribution\", \"attributes\": {\"choices\": [50000, 100000, 200000, 400000]}}"}
{"op_code":5,"worker_id":"b9dbde97-b97d-44ae-b04a-0faac7d89cd4-8316722560","trial_id":30,"param_name":"eps_end","param_value_internal":0.07092940926806028,"distribution":"{\"name\": \"FloatDistribution\", \"attributes\": {\"step\": null, \"low\": 0.01, \"high\": 0.1, \"log\": false}}"}
{"op_code":5,"worker_id":"b9dbde97-b97d-44ae-b04a-0faac7d89cd4-8316722560","trial_id":30,"param_name":"eps_decay_frac","param_value_internal":0.516649676773337,"distribution":"{\"name\": \"FloatDistribution\", \"attributes\": {\"step\": null, \"low\": 0.1, \"high\": 0.6, \"log\": false}}"}
{"op_code":5,"worker_id":"b9dbde97-b97d-44ae-b04a-0faac7d89cd4-8316722560","trial_id":30,"param_name":"reward_scale","param_value_internal":60.098768183002285,"distribution":"{\"name\": \"FloatDistribution\", \"attributes\": {\"step\": null, \"low\": 5.0, \"high\": 80.0, \"log\": true}}"}
{"op_code":5,"worker_id":"b9dbde97-b97d-44ae-b04a-0faac7d89cd4-8316722560","trial_id":30,"param_name":"episode_days","param_value_internal":2,"distribution":"{\"name\": \"CategoricalDistribution\", \"attributes\": {\"choices\": [3, 7, 14]}}"}
{"op_code":8,"worker_id":"b9dbde97-b97d-44ae-b04a-0faac7d89cd4-8316722560","trial_id":30,"user_attr":{"tag":"cc9c9bcc21b9d"}}
{"op_code":8,"worker_id":"b9dbde97-b97d-44ae-b04a-0faac7d89cd4-8316722560","trial_id":30,"user_attr":{"overrides":{"gamma":0.9916147855584427,"n_step":2,"lr":0.0001337912174736027,"batch":64,"hidden":128,"target_sync":2000,"update_every":2,"buffer":50000,"eps_end":0.07092940926806028,"eps_decay_frac":0.516649676773337,"reward_scale":60.098768183002285,"episode_days":14}}}
{"op_code":7,"worker_id":"b9dbde97-b97d-44ae-b04a-0faac7d89cd4-8316722560","trial_id":29,"step":8,"intermediate_value":276.3457853109145}
{"op_code":8,"worker_id":"b9dbde97-b97d-44ae-b04a-0faac7d89cd4-8316722560","trial_id":29,"user_attr":{"hh_saving":{"254":315.8596450299378,"185":268.8769768359677,"230":284.6233134387105,"266":156.77648458809082,"145":317.6603022751077,"229":167.85496510173206,"300":350.2720206251103,"69":348.8425745926591}}}
{"op_code":8,"worker_id":"b9dbde97-b97d-44ae-b04a-0faac7d89cd4-8316722560","trial_id":29,"user_attr":{"val_efc_mean":85.19026290625}}
{"op_code":8,"worker_id":"b9dbde97-b97d-44ae-b04a-0faac7d89cd4-8316722560","trial_id":29,"user_attr":{"converged_share":1.0}}
{"op_code":8,"worker_id":"b9dbde97-b97d-44ae-b04a-0faac7d89cd4-8316722560","trial_id":29,"user_attr":{"wall_s":429.5352518558502}}
{"op_code":6,"worker_id":"b9dbde97-b97d-44ae-b04a-0faac7d89cd4-8316722560","trial_id":29,"state":1,"values":[276.3457853109145],"datetime_complete":"2026-10-08T05:59:18.100621"}
{"op_code":4,"worker_id":"b9dbde97-b97d-44ae-b04a-0faac7d89cd4-8316722560","study_id":0,"datetime_start":"2026-10-08T05:59:18.101165"}
{"op_code":9,"worker_id":"b9dbde97-b97d-44ae-b04a-0faac7d89cd4-8316722560","trial_id":31,"system_attr":{"tpe:relative_params:0":"{\"batch\": 256, \"buffer\": 400000, \"episode_days\": 14, \"eps_decay_frac\": 0.3568000263823795, \"eps_end\": 0.04979402952374597, \"gamma\": 0.9914607255243614, \"hidden\": 128, \"lr\": 0.0001425622932991561, \"n_step\": 16, \"reward_scale\": 9.346818961109081, \"target_sync\": 2000, \"update_every\": 1}"}}
{"op_code":5,"worker_id":"b9dbde97-b97d-44ae-b04a-0faac7d89cd4-8316722560","trial_id":31,"param_name":"lr","param_value_internal":0.0001425622932991561,"distribution":"{\"name\": \"FloatDistribution\", \"attributes\": {\"step\": null, \"low\": 0.0001, \"high\": 0.003, \"log\": true}}"}
{"op_code":5,"worker_id":"b9dbde97-b97d-44ae-b04a-0faac7d89cd4-8316722560","trial_id":31,"param_name":"gamma","param_value_internal":0.9914607255243614,"distribution":"{\"name\": \"FloatDistribution\", \"attributes\": {\"step\": null, \"low\": 0.98, \"high\": 0.999, \"log\": false}}"}
{"op_code":5,"worker_id":"b9dbde97-b97d-44ae-b04a-0faac7d89cd4-8316722560","trial_id":31,"param_name":"n_step","param_value_internal":4,"distribution":"{\"name\": \"CategoricalDistribution\", \"attributes\": {\"choices\": [1, 2, 4, 8, 16]}}"}
{"op_code":5,"worker_id":"b9dbde97-b97d-44ae-b04a-0faac7d89cd4-8316722560","trial_id":31,"param_name":"batch","param_value_internal":2,"distribution":"{\"name\": \"CategoricalDistribution\", \"attributes\": {\"choices\": [64, 128, 256]}}"}
{"op_code":5,"worker_id":"b9dbde97-b97d-44ae-b04a-0faac7d89cd4-8316722560","trial_id":31,"param_name":"hidden","param_value_internal":1,"distribution":"{\"name\": \"CategoricalDistribution\", \"attributes\": {\"choices\": [64, 128, 256]}}"}
{"op_code":5,"worker_id":"b9dbde97-b97d-44ae-b04a-0faac7d89cd4-8316722560","trial_id":31,"param_name":"target_sync","param_value_internal":2,"distribution":"{\"name\": \"CategoricalDistribution\", \"attributes\": {\"choices\": [500, 1000, 2000, 5000, 10000]}}"}
{"op_code":5,"worker_id":"b9dbde97-b97d-44ae-b04a-0faac7d89cd4-8316722560","trial_id":31,"param_name":"update_every","param_value_internal":0,"distribution":"{\"name\": \"CategoricalDistribution\", \"attributes\": {\"choices\": [1, 2, 4]}}"}
{"op_code":5,"worker_id":"b9dbde97-b97d-44ae-b04a-0faac7d89cd4-8316722560","trial_id":31,"param_name":"buffer","param_value_internal":3,"distribution":"{\"name\": \"CategoricalDistribution\", \"attributes\": {\"choices\": [50000, 100000, 200000, 400000]}}"}
{"op_code":5,"worker_id":"b9dbde97-b97d-44ae-b04a-0faac7d89cd4-8316722560","trial_id":31,"param_name":"eps_end","param_value_internal":0.04979402952374597,"distribution":"{\"name\": \"FloatDistribution\", \"attributes\": {\"step\": null, \"low\": 0.01, \"high\": 0.1, \"log\": false}}"}
{"op_code":5,"worker_id":"b9dbde97-b97d-44ae-b04a-0faac7d89cd4-8316722560","trial_id":31,"param_name":"eps_decay_frac","param_value_internal":0.3568000263823795,"distribution":"{\"name\": \"FloatDistribution\", \"attributes\": {\"step\": null, \"low\": 0.1, \"high\": 0.6, \"log\": false}}"}
{"op_code":5,"worker_id":"b9dbde97-b97d-44ae-b04a-0faac7d89cd4-8316722560","trial_id":31,"param_name":"reward_scale","param_value_internal":9.346818961109081,"distribution":"{\"name\": \"FloatDistribution\", \"attributes\": {\"step\": null, \"low\": 5.0, \"high\": 80.0, \"log\": true}}"}
{"op_code":5,"worker_id":"b9dbde97-b97d-44ae-b04a-0faac7d89cd4-8316722560","trial_id":31,"param_name":"episode_days","param_value_internal":2,"distribution":"{\"name\": \"CategoricalDistribution\", \"attributes\": {\"choices\": [3, 7, 14]}}"}
{"op_code":8,"worker_id":"b9dbde97-b97d-44ae-b04a-0faac7d89cd4-8316722560","trial_id":31,"user_attr":{"tag":"c3aeb18143c4b"}}
{"op_code":8,"worker_id":"b9dbde97-b97d-44ae-b04a-0faac7d89cd4-8316722560","trial_id":31,"user_attr":{"overrides":{"gamma":0.9914607255243614,"n_step":16,"lr":0.0001425622932991561,"batch":256,"hidden":128,"target_sync":2000,"update_every":1,"buffer":400000,"eps_end":0.04979402952374597,"eps_decay_frac":0.3568000263823795,"reward_scale":9.346818961109081,"episode_days":14}}}
{"op_code":7,"worker_id":"b9dbde97-b97d-44ae-b04a-0faac7d89cd4-8316722560","trial_id":30,"step":3,"intermediate_value":289.41910272534267}
{"op_code":7,"worker_id":"b9dbde97-b97d-44ae-b04a-0faac7d89cd4-8316722560","trial_id":30,"step":8,"intermediate_value":272.7613041992866}
{"op_code":8,"worker_id":"b9dbde97-b97d-44ae-b04a-0faac7d89cd4-8316722560","trial_id":30,"user_attr":{"hh_saving":{"254":315.5499677800946,"185":275.6649474609454,"230":277.042392934988,"266":132.7426373452445,"145":320.3704157771262,"229":157.4048177816401,"300":353.3078719375528,"69":350.0073825767011}}}
{"op_code":8,"worker_id":"b9dbde97-b97d-44ae-b04a-0faac7d89cd4-8316722560","trial_id":30,"user_attr":{"val_efc_mean":81.12189925}}
{"op_code":8,"worker_id":"b9dbde97-b97d-44ae-b04a-0faac7d89cd4-8316722560","trial_id":30,"user_attr":{"converged_share":0.875}}
{"op_code":8,"worker_id":"b9dbde97-b97d-44ae-b04a-0faac7d89cd4-8316722560","trial_id":30,"user_attr":{"wall_s":414.34559321403503}}
{"op_code":6,"worker_id":"b9dbde97-b97d-44ae-b04a-0faac7d89cd4-8316722560","trial_id":30,"state":1,"values":[272.7613041992866],"datetime_complete":"2026-10-08T06:04:03.890088"}
{"op_code":4,"worker_id":"b9dbde97-b97d-44ae-b04a-0faac7d89cd4-8316722560","study_id":0,"datetime_start":"2026-10-08T06:04:03.890752"}
{"op_code":9,"worker_id":"b9dbde97-b97d-44ae-b04a-0faac7d89cd4-8316722560","trial_id":32,"system_attr":{"tpe:relative_params:0":"{\"batch\": 64, \"buffer\": 50000, \"episode_days\": 14, \"eps_decay_frac\": 0.5133881896327589, \"eps_end\": 0.07716445868094532, \"gamma\": 0.9886289646188514, \"hidden\": 128, \"lr\": 0.0005032909318147781, \"n_step\": 2, \"reward_scale\": 58.0075203366974, \"target_sync\": 2000, \"update_every\": 2}"}}
{"op_code":5,"worker_id":"b9dbde97-b97d-44ae-b04a-0faac7d89cd4-8316722560","trial_id":32,"param_name":"lr","param_value_internal":0.0005032909318147781,"distribution":"{\"name\": \"FloatDistribution\", \"attributes\": {\"step\": null, \"low\": 0.0001, \"high\": 0.003, \"log\": true}}"}
{"op_code":5,"worker_id":"b9dbde97-b97d-44ae-b04a-0faac7d89cd4-8316722560","trial_id":32,"param_name":"gamma","param_value_internal":0.9886289646188514,"distribution":"{\"name\": \"FloatDistribution\", \"attributes\": {\"step\": null, \"low\": 0.98, \"high\": 0.999, \"log\": false}}"}
{"op_code":5,"worker_id":"b9dbde97-b97d-44ae-b04a-0faac7d89cd4-8316722560","trial_id":32,"param_name":"n_step","param_value_internal":1,"distribution":"{\"name\": \"CategoricalDistribution\", \"attributes\": {\"choices\": [1, 2, 4, 8, 16]}}"}
{"op_code":5,"worker_id":"b9dbde97-b97d-44ae-b04a-0faac7d89cd4-8316722560","trial_id":32,"param_name":"batch","param_value_internal":0,"distribution":"{\"name\": \"CategoricalDistribution\", \"attributes\": {\"choices\": [64, 128, 256]}}"}
{"op_code":5,"worker_id":"b9dbde97-b97d-44ae-b04a-0faac7d89cd4-8316722560","trial_id":32,"param_name":"hidden","param_value_internal":1,"distribution":"{\"name\": \"CategoricalDistribution\", \"attributes\": {\"choices\": [64, 128, 256]}}"}
{"op_code":5,"worker_id":"b9dbde97-b97d-44ae-b04a-0faac7d89cd4-8316722560","trial_id":32,"param_name":"target_sync","param_value_internal":2,"distribution":"{\"name\": \"CategoricalDistribution\", \"attributes\": {\"choices\": [500, 1000, 2000, 5000, 10000]}}"}
{"op_code":5,"worker_id":"b9dbde97-b97d-44ae-b04a-0faac7d89cd4-8316722560","trial_id":32,"param_name":"update_every","param_value_internal":1,"distribution":"{\"name\": \"CategoricalDistribution\", \"attributes\": {\"choices\": [1, 2, 4]}}"}
{"op_code":5,"worker_id":"b9dbde97-b97d-44ae-b04a-0faac7d89cd4-8316722560","trial_id":32,"param_name":"buffer","param_value_internal":0,"distribution":"{\"name\": \"CategoricalDistribution\", \"attributes\": {\"choices\": [50000, 100000, 200000, 400000]}}"}
{"op_code":5,"worker_id":"b9dbde97-b97d-44ae-b04a-0faac7d89cd4-8316722560","trial_id":32,"param_name":"eps_end","param_value_internal":0.07716445868094532,"distribution":"{\"name\": \"FloatDistribution\", \"attributes\": {\"step\": null, \"low\": 0.01, \"high\": 0.1, \"log\": false}}"}
{"op_code":5,"worker_id":"b9dbde97-b97d-44ae-b04a-0faac7d89cd4-8316722560","trial_id":32,"param_name":"eps_decay_frac","param_value_internal":0.5133881896327589,"distribution":"{\"name\": \"FloatDistribution\", \"attributes\": {\"step\": null, \"low\": 0.1, \"high\": 0.6, \"log\": false}}"}
{"op_code":5,"worker_id":"b9dbde97-b97d-44ae-b04a-0faac7d89cd4-8316722560","trial_id":32,"param_name":"reward_scale","param_value_internal":58.0075203366974,"distribution":"{\"name\": \"FloatDistribution\", \"attributes\": {\"step\": null, \"low\": 5.0, \"high\": 80.0, \"log\": true}}"}
{"op_code":5,"worker_id":"b9dbde97-b97d-44ae-b04a-0faac7d89cd4-8316722560","trial_id":32,"param_name":"episode_days","param_value_internal":2,"distribution":"{\"name\": \"CategoricalDistribution\", \"attributes\": {\"choices\": [3, 7, 14]}}"}
{"op_code":8,"worker_id":"b9dbde97-b97d-44ae-b04a-0faac7d89cd4-8316722560","trial_id":32,"user_attr":{"tag":"cd76eaf7c4878"}}
{"op_code":8,"worker_id":"b9dbde97-b97d-44ae-b04a-0faac7d89cd4-8316722560","trial_id":32,"user_attr":{"overrides":{"gamma":0.9886289646188514,"n_step":2,"lr":0.0005032909318147781,"batch":64,"hidden":128,"target_sync":2000,"update_every":2,"buffer":50000,"eps_end":0.07716445868094532,"eps_decay_frac":0.5133881896327589,"reward_scale":58.0075203366974,"episode_days":14}}}
{"op_code":7,"worker_id":"b9dbde97-b97d-44ae-b04a-0faac7d89cd4-8316722560","trial_id":31,"step":3,"intermediate_value":282.1627334917933}
{"op_code":8,"worker_id":"b9dbde97-b97d-44ae-b04a-0faac7d89cd4-8316722560","trial_id":31,"user_attr":{"hh_saving":{"254":304.57389700548384,"185":265.4557921698118,"230":276.45851130008424}}}
{"op_code":8,"worker_id":"b9dbde97-b97d-44ae-b04a-0faac7d89cd4-8316722560","trial_id":31,"user_attr":{"val_efc_mean":90.35931716666666}}
{"op_code":8,"worker_id":"b9dbde97-b97d-44ae-b04a-0faac7d89cd4-8316722560","trial_id":31,"user_attr":{"converged_share":0.6666666666666666}}
{"op_code":8,"worker_id":"b9dbde97-b97d-44ae-b04a-0faac7d89cd4-8316722560","trial_id":31,"user_attr":{"wall_s":334.23964190483093}}
{"op_code":6,"worker_id":"b9dbde97-b97d-44ae-b04a-0faac7d89cd4-8316722560","trial_id":31,"state":2,"values":[282.1627334917933],"datetime_complete":"2026-10-08T06:04:52.348289"}
{"op_code":4,"worker_id":"b9dbde97-b97d-44ae-b04a-0faac7d89cd4-8316722560","study_id":0,"datetime_start":"2026-10-08T06:04:52.349016"}
{"op_code":9,"worker_id":"b9dbde97-b97d-44ae-b04a-0faac7d89cd4-8316722560","trial_id":33,"system_attr":{"tpe:relative_params:0":"{\"batch\": 256, \"buffer\": 400000, \"episode_days\": 3, \"eps_decay_frac\": 0.3229711621344046, \"eps_end\": 0.0986377969728588, \"gamma\": 0.9905824813928186, \"hidden\": 64, \"lr\": 0.00014897639644091863, \"n_step\": 16, \"reward_scale\": 15.234852684215529, \"target_sync\": 2000, \"update_every\": 2}"}}
{"op_code":5,"worker_id":"b9dbde97-b97d-44ae-b04a-0faac7d89cd4-8316722560","trial_id":33,"param_name":"lr","param_value_internal":0.00014897639644091863,"distribution":"{\"name\": \"FloatDistribution\", \"attributes\": {\"step\": null, \"low\": 0.0001, \"high\": 0.003, \"log\": true}}"}
{"op_code":5,"worker_id":"b9dbde97-b97d-44ae-b04a-0faac7d89cd4-8316722560","trial_id":33,"param_name":"gamma","param_value_internal":0.9905824813928186,"distribution":"{\"name\": \"FloatDistribution\", \"attributes\": {\"step\": null, \"low\": 0.98, \"high\": 0.999, \"log\": false}}"}
{"op_code":5,"worker_id":"b9dbde97-b97d-44ae-b04a-0faac7d89cd4-8316722560","trial_id":33,"param_name":"n_step","param_value_internal":4,"distribution":"{\"name\": \"CategoricalDistribution\", \"attributes\": {\"choices\": [1, 2, 4, 8, 16]}}"}
{"op_code":5,"worker_id":"b9dbde97-b97d-44ae-b04a-0faac7d89cd4-8316722560","trial_id":33,"param_name":"batch","param_value_internal":2,"distribution":"{\"name\": \"CategoricalDistribution\", \"attributes\": {\"choices\": [64, 128, 256]}}"}
{"op_code":5,"worker_id":"b9dbde97-b97d-44ae-b04a-0faac7d89cd4-8316722560","trial_id":33,"param_name":"hidden","param_value_internal":0,"distribution":"{\"name\": \"CategoricalDistribution\", \"attributes\": {\"choices\": [64, 128, 256]}}"}
{"op_code":5,"worker_id":"b9dbde97-b97d-44ae-b04a-0faac7d89cd4-8316722560","trial_id":33,"param_name":"target_sync","param_value_internal":2,"distribution":"{\"name\": \"CategoricalDistribution\", \"attributes\": {\"choices\": [500, 1000, 2000, 5000, 10000]}}"}
{"op_code":5,"worker_id":"b9dbde97-b97d-44ae-b04a-0faac7d89cd4-8316722560","trial_id":33,"param_name":"update_every","param_value_internal":1,"distribution":"{\"name\": \"CategoricalDistribution\", \"attributes\": {\"choices\": [1, 2, 4]}}"}
{"op_code":5,"worker_id":"b9dbde97-b97d-44ae-b04a-0faac7d89cd4-8316722560","trial_id":33,"param_name":"buffer","param_value_internal":3,"distribution":"{\"name\": \"CategoricalDistribution\", \"attributes\": {\"choices\": [50000, 100000, 200000, 400000]}}"}
{"op_code":5,"worker_id":"b9dbde97-b97d-44ae-b04a-0faac7d89cd4-8316722560","trial_id":33,"param_name":"eps_end","param_value_internal":0.0986377969728588,"distribution":"{\"name\": \"FloatDistribution\", \"attributes\": {\"step\": null, \"low\": 0.01, \"high\": 0.1, \"log\": false}}"}
{"op_code":5,"worker_id":"b9dbde97-b97d-44ae-b04a-0faac7d89cd4-8316722560","trial_id":33,"param_name":"eps_decay_frac","param_value_internal":0.3229711621344046,"distribution":"{\"name\": \"FloatDistribution\", \"attributes\": {\"step\": null, \"low\": 0.1, \"high\": 0.6, \"log\": false}}"}
{"op_code":5,"worker_id":"b9dbde97-b97d-44ae-b04a-0faac7d89cd4-8316722560","trial_id":33,"param_name":"reward_scale","param_value_internal":15.234852684215529,"distribution":"{\"name\": \"FloatDistribution\", \"attributes\": {\"step\": null, \"low\": 5.0, \"high\": 80.0, \"log\": true}}"}
{"op_code":5,"worker_id":"b9dbde97-b97d-44ae-b04a-0faac7d89cd4-8316722560","trial_id":33,"param_name":"episode_days","param_value_internal":0,"distribution":"{\"name\": \"CategoricalDistribution\", \"attributes\": {\"choices\": [3, 7, 14]}}"}
{"op_code":8,"worker_id":"b9dbde97-b97d-44ae-b04a-0faac7d89cd4-8316722560","trial_id":33,"user_attr":{"tag":"cd49ddf2130e8"}}
{"op_code":8,"worker_id":"b9dbde97-b97d-44ae-b04a-0faac7d89cd4-8316722560","trial_id":33,"user_attr":{"overrides":{"gamma":0.9905824813928186,"n_step":16,"lr":0.00014897639644091863,"batch":256,"hidden":64,"target_sync":2000,"update_every":2,"buffer":400000,"eps_end":0.0986377969728588,"eps_decay_frac":0.3229711621344046,"reward_scale":15.234852684215529,"episode_days":3}}}
{"op_code":7,"worker_id":"b9dbde97-b97d-44ae-b04a-0faac7d89cd4-8316722560","trial_id":32,"step":3,"intermediate_value":276.9228578229613}
{"op_code":8,"worker_id":"b9dbde97-b97d-44ae-b04a-0faac7d89cd4-8316722560","trial_id":32,"user_attr":{"hh_saving":{"254":305.15864288256336,"185":258.1202030872168,"230":267.4897274991038}}}
{"op_code":8,"worker_id":"b9dbde97-b97d-44ae-b04a-0faac7d89cd4-8316722560","trial_id":32,"user_attr":{"val_efc_mean":86.86868741666665}}
{"op_code":8,"worker_id":"b9dbde97-b97d-44ae-b04a-0faac7d89cd4-8316722560","trial_id":32,"user_attr":{"converged_share":0.6666666666666666}}
{"op_code":8,"worker_id":"b9dbde97-b97d-44ae-b04a-0faac7d89cd4-8316722560","trial_id":32,"user_attr":{"wall_s":139.5498480796814}}
{"op_code":6,"worker_id":"b9dbde97-b97d-44ae-b04a-0faac7d89cd4-8316722560","trial_id":32,"state":2,"values":[276.9228578229613],"datetime_complete":"2026-10-08T06:06:23.448557"}
{"op_code":4,"worker_id":"b9dbde97-b97d-44ae-b04a-0faac7d89cd4-8316722560","study_id":0,"datetime_start":"2026-10-08T06:06:23.449347"}
{"op_code":9,"worker_id":"b9dbde97-b97d-44ae-b04a-0faac7d89cd4-8316722560","trial_id":34,"system_attr":{"tpe:relative_params:0":"{\"batch\": 64, \"buffer\": 50000, \"episode_days\": 14, \"eps_decay_frac\": 0.5554333250535627, \"eps_end\": 0.0784946633499807, \"gamma\": 0.9932239258505907, \"hidden\": 64, \"lr\": 0.00013586686775323838, \"n_step\": 8, \"reward_scale\": 40.91266707623838, \"target_sync\": 10000, \"update_every\": 2}"}}
{"op_code":5,"worker_id":"b9dbde97-b97d-44ae-b04a-0faac7d89cd4-8316722560","trial_id":34,"param_name":"lr","param_value_internal":0.00013586686775323838,"distribution":"{\"name\": \"FloatDistribution\", \"attributes\": {\"step\": null, \"low\": 0.0001, \"high\": 0.003, \"log\": true}}"}
{"op_code":5,"worker_id":"b9dbde97-b97d-44ae-b04a-0faac7d89cd4-8316722560","trial_id":34,"param_name":"gamma","param_value_internal":0.9932239258505907,"distribution":"{\"name\": \"FloatDistribution\", \"attributes\": {\"step\": null, \"low\": 0.98, \"high\": 0.999, \"log\": false}}"}
{"op_code":5,"worker_id":"b9dbde97-b97d-44ae-b04a-0faac7d89cd4-8316722560","trial_id":34,"param_name":"n_step","param_value_internal":3,"distribution":"{\"name\": \"CategoricalDistribution\", \"attributes\": {\"choices\": [1, 2, 4, 8, 16]}}"}
{"op_code":5,"worker_id":"b9dbde97-b97d-44ae-b04a-0faac7d89cd4-8316722560","trial_id":34,"param_name":"batch","param_value_internal":0,"distribution":"{\"name\": \"CategoricalDistribution\", \"attributes\": {\"choices\": [64, 128, 256]}}"}
{"op_code":5,"worker_id":"b9dbde97-b97d-44ae-b04a-0faac7d89cd4-8316722560","trial_id":34,"param_name":"hidden","param_value_internal":0,"distribution":"{\"name\": \"CategoricalDistribution\", \"attributes\": {\"choices\": [64, 128, 256]}}"}
{"op_code":5,"worker_id":"b9dbde97-b97d-44ae-b04a-0faac7d89cd4-8316722560","trial_id":34,"param_name":"target_sync","param_value_internal":4,"distribution":"{\"name\": \"CategoricalDistribution\", \"attributes\": {\"choices\": [500, 1000, 2000, 5000, 10000]}}"}
{"op_code":5,"worker_id":"b9dbde97-b97d-44ae-b04a-0faac7d89cd4-8316722560","trial_id":34,"param_name":"update_every","param_value_internal":1,"distribution":"{\"name\": \"CategoricalDistribution\", \"attributes\": {\"choices\": [1, 2, 4]}}"}
{"op_code":5,"worker_id":"b9dbde97-b97d-44ae-b04a-0faac7d89cd4-8316722560","trial_id":34,"param_name":"buffer","param_value_internal":0,"distribution":"{\"name\": \"CategoricalDistribution\", \"attributes\": {\"choices\": [50000, 100000, 200000, 400000]}}"}
{"op_code":5,"worker_id":"b9dbde97-b97d-44ae-b04a-0faac7d89cd4-8316722560","trial_id":34,"param_name":"eps_end","param_value_internal":0.0784946633499807,"distribution":"{\"name\": \"FloatDistribution\", \"attributes\": {\"step\": null, \"low\": 0.01, \"high\": 0.1, \"log\": false}}"}
{"op_code":5,"worker_id":"b9dbde97-b97d-44ae-b04a-0faac7d89cd4-8316722560","trial_id":34,"param_name":"eps_decay_frac","param_value_internal":0.5554333250535627,"distribution":"{\"name\": \"FloatDistribution\", \"attributes\": {\"step\": null, \"low\": 0.1, \"high\": 0.6, \"log\": false}}"}
{"op_code":5,"worker_id":"b9dbde97-b97d-44ae-b04a-0faac7d89cd4-8316722560","trial_id":34,"param_name":"reward_scale","param_value_internal":40.91266707623838,"distribution":"{\"name\": \"FloatDistribution\", \"attributes\": {\"step\": null, \"low\": 5.0, \"high\": 80.0, \"log\": true}}"}
{"op_code":5,"worker_id":"b9dbde97-b97d-44ae-b04a-0faac7d89cd4-8316722560","trial_id":34,"param_name":"episode_days","param_value_internal":2,"distribution":"{\"name\": \"CategoricalDistribution\", \"attributes\": {\"choices\": [3, 7, 14]}}"}
{"op_code":8,"worker_id":"b9dbde97-b97d-44ae-b04a-0faac7d89cd4-8316722560","trial_id":34,"user_attr":{"tag":"c32546e8de1e6"}}
{"op_code":8,"worker_id":"b9dbde97-b97d-44ae-b04a-0faac7d89cd4-8316722560","trial_id":34,"user_attr":{"overrides":{"gamma":0.9932239258505907,"n_step":8,"lr":0.00013586686775323838,"batch":64,"hidden":64,"target_sync":10000,"update_every":2,"buffer":50000,"eps_end":0.0784946633499807,"eps_decay_frac":0.5554333250535627,"reward_scale":40.91266707623838,"episode_days":14}}}
{"op_code":7,"worker_id":"b9dbde97-b97d-44ae-b04a-0faac7d89cd4-8316722560","trial_id":33,"step":3,"intermediate_value":282.1014606807989}
{"op_code":8,"worker_id":"b9dbde97-b97d-44ae-b04a-0faac7d89cd4-8316722560","trial_id":33,"user_attr":{"hh_saving":{"254":306.55247221405847,"185":265.4502294237136,"230":274.30168040462456}}}
{"op_code":8,"worker_id":"b9dbde97-b97d-44ae-b04a-0faac7d89cd4-8316722560","trial_id":33,"user_attr":{"val_efc_mean":90.17872441666667}}
{"op_code":8,"worker_id":"b9dbde97-b97d-44ae-b04a-0faac7d89cd4-8316722560","trial_id":33,"user_attr":{"converged_share":0.3333333333333333}}
{"op_code":8,"worker_id":"b9dbde97-b97d-44ae-b04a-0faac7d89cd4-8316722560","trial_id":33,"user_attr":{"wall_s":193.32614088058472}}
{"op_code":6,"worker_id":"b9dbde97-b97d-44ae-b04a-0faac7d89cd4-8316722560","trial_id":33,"state":2,"values":[282.1014606807989],"datetime_complete":"2026-10-08T06:08:05.682831"}
{"op_code":4,"worker_id":"b9dbde97-b97d-44ae-b04a-0faac7d89cd4-8316722560","study_id":0,"datetime_start":"2026-10-08T06:08:09.401648"}
{"op_code":9,"worker_id":"b9dbde97-b97d-44ae-b04a-0faac7d89cd4-8316722560","trial_id":35,"system_attr":{"tpe:relative_params:0":"{\"batch\": 64, \"buffer\": 200000, \"episode_days\": 14, \"eps_decay_frac\": 0.3833572584885351, \"eps_end\": 0.06550220130589529, \"gamma\": 0.9963715284582887, \"hidden\": 128, \"lr\": 0.00015955112251690853, \"n_step\": 2, \"reward_scale\": 64.39015039372394, \"target_sync\": 2000, \"update_every\": 2}"}}
{"op_code":5,"worker_id":"b9dbde97-b97d-44ae-b04a-0faac7d89cd4-8316722560","trial_id":35,"param_name":"lr","param_value_internal":0.00015955112251690853,"distribution":"{\"name\": \"FloatDistribution\", \"attributes\": {\"step\": null, \"low\": 0.0001, \"high\": 0.003, \"log\": true}}"}
{"op_code":5,"worker_id":"b9dbde97-b97d-44ae-b04a-0faac7d89cd4-8316722560","trial_id":35,"param_name":"gamma","param_value_internal":0.9963715284582887,"distribution":"{\"name\": \"FloatDistribution\", \"attributes\": {\"step\": null, \"low\": 0.98, \"high\": 0.999, \"log\": false}}"}
{"op_code":5,"worker_id":"b9dbde97-b97d-44ae-b04a-0faac7d89cd4-8316722560","trial_id":35,"param_name":"n_step","param_value_internal":1,"distribution":"{\"name\": \"CategoricalDistribution\", \"attributes\": {\"choices\": [1, 2, 4, 8, 16]}}"}
{"op_code":5,"worker_id":"b9dbde97-b97d-44ae-b04a-0faac7d89cd4-8316722560","trial_id":35,"param_name":"batch","param_value_internal":0,"distribution":"{\"name\": \"CategoricalDistribution\", \"attributes\": {\"choices\": [64, 128, 256]}}"}
{"op_code":5,"worker_id":"b9dbde97-b97d-44ae-b04a-0faac7d89cd4-8316722560","trial_id":35,"param_name":"hidden","param_value_internal":1,"distribution":"{\"name\": \"CategoricalDistribution\", \"attributes\": {\"choices\": [64, 128, 256]}}"}
{"op_code":5,"worker_id":"b9dbde97-b97d-44ae-b04a-0faac7d89cd4-8316722560","trial_id":35,"param_name":"target_sync","param_value_internal":2,"distribution":"{\"name\": \"CategoricalDistribution\", \"attributes\": {\"choices\": [500, 1000, 2000, 5000, 10000]}}"}
{"op_code":5,"worker_id":"b9dbde97-b97d-44ae-b04a-0faac7d89cd4-8316722560","trial_id":35,"param_name":"update_every","param_value_internal":1,"distribution":"{\"name\": \"CategoricalDistribution\", \"attributes\": {\"choices\": [1, 2, 4]}}"}
{"op_code":5,"worker_id":"b9dbde97-b97d-44ae-b04a-0faac7d89cd4-8316722560","trial_id":35,"param_name":"buffer","param_value_internal":2,"distribution":"{\"name\": \"CategoricalDistribution\", \"attributes\": {\"choices\": [50000, 100000, 200000, 400000]}}"}
{"op_code":5,"worker_id":"b9dbde97-b97d-44ae-b04a-0faac7d89cd4-8316722560","trial_id":35,"param_name":"eps_end","param_value_internal":0.06550220130589529,"distribution":"{\"name\": \"FloatDistribution\", \"attributes\": {\"step\": null, \"low\": 0.01, \"high\": 0.1, \"log\": false}}"}
{"op_code":5,"worker_id":"b9dbde97-b97d-44ae-b04a-0faac7d89cd4-8316722560","trial_id":35,"param_name":"eps_decay_frac","param_value_internal":0.3833572584885351,"distribution":"{\"name\": \"FloatDistribution\", \"attributes\": {\"step\": null, \"low\": 0.1, \"high\": 0.6, \"log\": false}}"}
{"op_code":5,"worker_id":"b9dbde97-b97d-44ae-b04a-0faac7d89cd4-8316722560","trial_id":35,"param_name":"reward_scale","param_value_internal":64.39015039372394,"distribution":"{\"name\": \"FloatDistribution\", \"attributes\": {\"step\": null, \"low\": 5.0, \"high\": 80.0, \"log\": true}}"}
{"op_code":5,"worker_id":"b9dbde97-b97d-44ae-b04a-0faac7d89cd4-8316722560","trial_id":35,"param_name":"episode_days","param_value_internal":2,"distribution":"{\"name\": \"CategoricalDistribution\", \"attributes\": {\"choices\": [3, 7, 14]}}"}
{"op_code":8,"worker_id":"b9dbde97-b97d-44ae-b04a-0faac7d89cd4-8316722560","trial_id":35,"user_attr":{"tag":"c78ae359ca388"}}
{"op_code":8,"worker_id":"b9dbde97-b97d-44ae-b04a-0faac7d89cd4-8316722560","trial_id":35,"user_attr":{"overrides":{"gamma":0.9963715284582887,"n_step":2,"lr":0.00015955112251690853,"batch":64,"hidden":128,"target_sync":2000,"update_every":2,"buffer":200000,"eps_end":0.06550220130589529,"eps_decay_frac":0.3833572584885351,"reward_scale":64.39015039372394,"episode_days":14}}}
{"op_code":7,"worker_id":"b9dbde97-b97d-44ae-b04a-0faac7d89cd4-8316722560","trial_id":34,"step":3,"intermediate_value":282.98531883234074}
{"op_code":8,"worker_id":"b9dbde97-b97d-44ae-b04a-0faac7d89cd4-8316722560","trial_id":34,"user_attr":{"hh_saving":{"254":309.50976815179723,"185":260.8721253456128,"230":278.5740629996121}}}
{"op_code":8,"worker_id":"b9dbde97-b97d-44ae-b04a-0faac7d89cd4-8316722560","trial_id":34,"user_attr":{"val_efc_mean":91.71175850000002}}
{"op_code":8,"worker_id":"b9dbde97-b97d-44ae-b04a-0faac7d89cd4-8316722560","trial_id":34,"user_attr":{"converged_share":0.3333333333333333}}
{"op_code":8,"worker_id":"b9dbde97-b97d-44ae-b04a-0faac7d89cd4-8316722560","trial_id":34,"user_attr":{"wall_s":183.88485193252563}}
{"op_code":6,"worker_id":"b9dbde97-b97d-44ae-b04a-0faac7d89cd4-8316722560","trial_id":34,"state":2,"values":[282.98531883234074],"datetime_complete":"2026-10-08T06:09:27.341588"}
{"op_code":4,"worker_id":"b9dbde97-b97d-44ae-b04a-0faac7d89cd4-8316722560","study_id":0,"datetime_start":"2026-10-08T06:09:37.218031"}
{"op_code":9,"worker_id":"b9dbde97-b97d-44ae-b04a-0faac7d89cd4-8316722560","trial_id":36,"system_attr":{"tpe:relative_params:0":"{\"batch\": 64, \"buffer\": 50000, \"episode_days\": 3, \"eps_decay_frac\": 0.5444713788295246, \"eps_end\": 0.04422214790185158, \"gamma\": 0.9940459757242939, \"hidden\": 128, \"lr\": 0.00010899445244880065, \"n_step\": 1, \"reward_scale\": 24.287732731848923, \"target_sync\": 2000, \"update_every\": 2}"}}
{"op_code":5,"worker_id":"b9dbde97-b97d-44ae-b04a-0faac7d89cd4-8316722560","trial_id":36,"param_name":"lr","param_value_internal":0.00010899445244880065,"distribution":"{\"name\": \"FloatDistribution\", \"attributes\": {\"step\": null, \"low\": 0.0001, \"high\": 0.003, \"log\": true}}"}
{"op_code":5,"worker_id":"b9dbde97-b97d-44ae-b04a-0faac7d89cd4-8316722560","trial_id":36,"param_name":"gamma","param_value_internal":0.9940459757242939,"distribution":"{\"name\": \"FloatDistribution\", \"attributes\": {\"step\": null, \"low\": 0.98, \"high\": 0.999, \"log\": false}}"}
{"op_code":5,"worker_id":"b9dbde97-b97d-44ae-b04a-0faac7d89cd4-8316722560","trial_id":36,"param_name":"n_step","param_value_internal":0,"distribution":"{\"name\": \"CategoricalDistribution\", \"attributes\": {\"choices\": [1, 2, 4, 8, 16]}}"}
{"op_code":5,"worker_id":"b9dbde97-b97d-44ae-b04a-0faac7d89cd4-8316722560","trial_id":36,"param_name":"batch","param_value_internal":0,"distribution":"{\"name\": \"CategoricalDistribution\", \"attributes\": {\"choices\": [64, 128, 256]}}"}
{"op_code":5,"worker_id":"b9dbde97-b97d-44ae-b04a-0faac7d89cd4-8316722560","trial_id":36,"param_name":"hidden","param_value_internal":1,"distribution":"{\"name\": \"CategoricalDistribution\", \"attributes\": {\"choices\": [64, 128, 256]}}"}
{"op_code":5,"worker_id":"b9dbde97-b97d-44ae-b04a-0faac7d89cd4-8316722560","trial_id":36,"param_name":"target_sync","param_value_internal":2,"distribution":"{\"name\": \"CategoricalDistribution\", \"attributes\": {\"choices\": [500, 1000, 2000, 5000, 10000]}}"}
{"op_code":5,"worker_id":"b9dbde97-b97d-44ae-b04a-0faac7d89cd4-8316722560","trial_id":36,"param_name":"update_every","param_value_internal":1,"distribution":"{\"name\": \"CategoricalDistribution\", \"attributes\": {\"choices\": [1, 2, 4]}}"}
{"op_code":5,"worker_id":"b9dbde97-b97d-44ae-b04a-0faac7d89cd4-8316722560","trial_id":36,"param_name":"buffer","param_value_internal":0,"distribution":"{\"name\": \"CategoricalDistribution\", \"attributes\": {\"choices\": [50000, 100000, 200000, 400000]}}"}
{"op_code":5,"worker_id":"b9dbde97-b97d-44ae-b04a-0faac7d89cd4-8316722560","trial_id":36,"param_name":"eps_end","param_value_internal":0.04422214790185158,"distribution":"{\"name\": \"FloatDistribution\", \"attributes\": {\"step\": null, \"low\": 0.01, \"high\": 0.1, \"log\": false}}"}
{"op_code":5,"worker_id":"b9dbde97-b97d-44ae-b04a-0faac7d89cd4-8316722560","trial_id":36,"param_name":"eps_decay_frac","param_value_internal":0.5444713788295246,"distribution":"{\"name\": \"FloatDistribution\", \"attributes\": {\"step\": null, \"low\": 0.1, \"high\": 0.6, \"log\": false}}"}
{"op_code":5,"worker_id":"b9dbde97-b97d-44ae-b04a-0faac7d89cd4-8316722560","trial_id":36,"param_name":"reward_scale","param_value_internal":24.287732731848923,"distribution":"{\"name\": \"FloatDistribution\", \"attributes\": {\"step\": null, \"low\": 5.0, \"high\": 80.0, \"log\": true}}"}
{"op_code":5,"worker_id":"b9dbde97-b97d-44ae-b04a-0faac7d89cd4-8316722560","trial_id":36,"param_name":"episode_days","param_value_internal":0,"distribution":"{\"name\": \"CategoricalDistribution\", \"attributes\": {\"choices\": [3, 7, 14]}}"}
{"op_code":8,"worker_id":"b9dbde97-b97d-44ae-b04a-0faac7d89cd4-8316722560","trial_id":36,"user_attr":{"tag":"c2e983d8c66df"}}
{"op_code":8,"worker_id":"b9dbde97-b97d-44ae-b04a-0faac7d89cd4-8316722560","trial_id":36,"user_attr":{"overrides":{"gamma":0.9940459757242939,"n_step":1,"lr":0.00010899445244880065,"batch":64,"hidden":128,"target_sync":2000,"update_every":2,"buffer":50000,"eps_end":0.04422214790185158,"eps_decay_frac":0.5444713788295246,"reward_scale":24.287732731848923,"episode_days":3}}}
{"op_code":7,"worker_id":"b9dbde97-b97d-44ae-b04a-0faac7d89cd4-8316722560","trial_id":35,"step":3,"intermediate_value":290.13587439533393}
{"op_code":7,"worker_id":"b9dbde97-b97d-44ae-b04a-0faac7d89cd4-8316722560","trial_id":36,"step":3,"intermediate_value":286.30400662749963}
{"op_code":7,"worker_id":"b9dbde97-b97d-44ae-b04a-0faac7d89cd4-8316722560","trial_id":35,"step":8,"intermediate_value":274.198351793439}
{"op_code":8,"worker_id":"b9dbde97-b97d-44ae-b04a-0faac7d89cd4-8316722560","trial_id":35,"user_attr":{"hh_saving":{"254":314.73934655325417,"185":271.06963757529564,"230":284.598639057452,"266":138.7465796397603,"145":320.48270134610414,"229":162.03552661617584,"300":353.56143284890965,"69":348.35295071055987}}}
{"op_code":8,"worker_id":"b9dbde97-b97d-44ae-b04a-0faac7d89cd4-8316722560","trial_id":35,"user_attr":{"val_efc_mean":83.203157625}}
{"op_code":8,"worker_id":"b9dbde97-b97d-44ae-b04a-0faac7d89cd4-8316722560","trial_id":35,"user_attr":{"converged_share":1.0}}
{"op_code":8,"worker_id":"b9dbde97-b97d-44ae-b04a-0faac7d89cd4-8316722560","trial_id":35,"user_attr":{"wall_s":356.8996551036835}}
{"op_code":6,"worker_id":"b9dbde97-b97d-44ae-b04a-0faac7d89cd4-8316722560","trial_id":35,"state":1,"values":[274.198351793439],"datetime_complete":"2026-10-08T06:14:06.309902"}
{"op_code":4,"worker_id":"b9dbde97-b97d-44ae-b04a-0faac7d89cd4-8316722560","study_id":0,"datetime_start":"2026-10-08T06:14:06.310426"}
{"op_code":9,"worker_id":"b9dbde97-b97d-44ae-b04a-0faac7d89cd4-8316722560","trial_id":37,"system_attr":{"tpe:relative_params:0":"{\"batch\": 64, \"buffer\": 200000, \"episode_days\": 14, \"eps_decay_frac\": 0.36010770643185147, \"eps_end\": 0.06958329043755518, \"gamma\": 0.9970460321952433, \"hidden\": 128, \"lr\": 0.00024996669048945306, \"n_step\": 2, \"reward_scale\": 50.58860600311139, \"target_sync\": 2000, \"update_every\": 1}"}}
{"op_code":5,"worker_id":"b9dbde97-b97d-44ae-b04a-0faac7d89cd4-8316722560","trial_id":37,"param_name":"lr","param_value_internal":0.00024996669048945306,"distribution":"{\"name\": \"FloatDistribution\", \"attributes\": {\"step\": null, \"low\": 0.0001, \"high\": 0.003, \"log\": true}}"}
{"op_code":5,"worker_id":"b9dbde97-b97d-44ae-b04a-0faac7d89cd4-8316722560","trial_id":37,"param_name":"gamma","param_value_internal":0.9970460321952433,"distribution":"{\"name\": \"FloatDistribution\", \"attributes\": {\"step\": null, \"low\": 0.98, \"high\": 0.999, \"log\": false}}"}
{"op_code":5,"worker_id":"b9dbde97-b97d-44ae-b04a-0faac7d89cd4-8316722560","trial_id":37,"param_name":"n_step","param_value_internal":1,"distribution":"{\"name\": \"CategoricalDistribution\", \"attributes\": {\"choices\": [1, 2, 4, 8, 16]}}"}
{"op_code":5,"worker_id":"b9dbde97-b97d-44ae-b04a-0faac7d89cd4-8316722560","trial_id":37,"param_name":"batch","param_value_internal":0,"distribution":"{\"name\": \"CategoricalDistribution\", \"attributes\": {\"choices\": [64, 128, 256]}}"}
{"op_code":5,"worker_id":"b9dbde97-b97d-44ae-b04a-0faac7d89cd4-8316722560","trial_id":37,"param_name":"hidden","param_value_internal":1,"distribution":"{\"name\": \"CategoricalDistribution\", \"attributes\": {\"choices\": [64, 128, 256]}}"}
{"op_code":5,"worker_id":"b9dbde97-b97d-44ae-b04a-0faac7d89cd4-8316722560","trial_id":37,"param_name":"target_sync","param_value_internal":2,"distribution":"{\"name\": \"CategoricalDistribution\", \"attributes\": {\"choices\": [500, 1000, 2000, 5000, 10000]}}"}
{"op_code":5,"worker_id":"b9dbde97-b97d-44ae-b04a-0faac7d89cd4-8316722560","trial_id":37,"param_name":"update_every","param_value_internal":0,"distribution":"{\"name\": \"CategoricalDistribution\", \"attributes\": {\"choices\": [1, 2, 4]}}"}
{"op_code":5,"worker_id":"b9dbde97-b97d-44ae-b04a-0faac7d89cd4-8316722560","trial_id":37,"param_name":"buffer","param_value_internal":2,"distribution":"{\"name\": \"CategoricalDistribution\", \"attributes\": {\"choices\": [50000, 100000, 200000, 400000]}}"}
{"op_code":5,"worker_id":"b9dbde97-b97d-44ae-b04a-0faac7d89cd4-8316722560","trial_id":37,"param_name":"eps_end","param_value_internal":0.06958329043755518,"distribution":"{\"name\": \"FloatDistribution\", \"attributes\": {\"step\": null, \"low\": 0.01, \"high\": 0.1, \"log\": false}}"}
{"op_code":5,"worker_id":"b9dbde97-b97d-44ae-b04a-0faac7d89cd4-8316722560","trial_id":37,"param_name":"eps_decay_frac","param_value_internal":0.36010770643185147,"distribution":"{\"name\": \"FloatDistribution\", \"attributes\": {\"step\": null, \"low\": 0.1, \"high\": 0.6, \"log\": false}}"}
{"op_code":5,"worker_id":"b9dbde97-b97d-44ae-b04a-0faac7d89cd4-8316722560","trial_id":37,"param_name":"reward_scale","param_value_internal":50.58860600311139,"distribution":"{\"name\": \"FloatDistribution\", \"attributes\": {\"step\": null, \"low\": 5.0, \"high\": 80.0, \"log\": true}}"}
{"op_code":5,"worker_id":"b9dbde97-b97d-44ae-b04a-0faac7d89cd4-8316722560","trial_id":37,"param_name":"episode_days","param_value_internal":2,"distribution":"{\"name\": \"CategoricalDistribution\", \"attributes\": {\"choices\": [3, 7, 14]}}"}
{"op_code":8,"worker_id":"b9dbde97-b97d-44ae-b04a-0faac7d89cd4-8316722560","trial_id":37,"user_attr":{"tag":"cb4f9e2675e24"}}
{"op_code":8,"worker_id":"b9dbde97-b97d-44ae-b04a-0faac7d89cd4-8316722560","trial_id":37,"user_attr":{"overrides":{"gamma":0.9970460321952433,"n_step":2,"lr":0.00024996669048945306,"batch":64,"hidden":128,"target_sync":2000,"update_every":1,"buffer":200000,"eps_end":0.06958329043755518,"eps_decay_frac":0.36010770643185147,"reward_scale":50.58860600311139,"episode_days":14}}}
{"op_code":7,"worker_id":"b9dbde97-b97d-44ae-b04a-0faac7d89cd4-8316722560","trial_id":36,"step":8,"intermediate_value":270.75380034367146}
{"op_code":8,"worker_id":"b9dbde97-b97d-44ae-b04a-0faac7d89cd4-8316722560","trial_id":36,"user_attr":{"hh_saving":{"254":316.0331955154405,"185":267.9543704818594,"230":274.9244538851989,"266":132.48042875132433,"145":319.79624667837805,"229":157.26793413755772,"300":349.4132822808849,"69":348.1604910187276}}}
{"op_code":8,"worker_id":"b9dbde97-b97d-44ae-b04a-0faac7d89cd4-8316722560","trial_id":36,"user_attr":{"val_efc_mean":83.59414162499999}}
{"op_code":8,"worker_id":"b9dbde97-b97d-44ae-b04a-0faac7d89cd4-8316722560","trial_id":36,"user_attr":{"converged_share":0.625}}
{"op_code":8,"worker_id":"b9dbde97-b97d-44ae-b04a-0faac7d89cd4-8316722560","trial_id":36,"user_attr":{"wall_s":312.19419503211975}}
{"op_code":6,"worker_id":"b9dbde97-b97d-44ae-b04a-0faac7d89cd4-8316722560","trial_id":36,"state":1,"values":[270.75380034367146],"datetime_complete":"2026-10-08T06:14:49.420887"}
{"op_code":4,"worker_id":"b9dbde97-b97d-44ae-b04a-0faac7d89cd4-8316722560","study_id":0,"datetime_start":"2026-10-08T06:14:49.421605"}
{"op_code":9,"worker_id":"b9dbde97-b97d-44ae-b04a-0faac7d89cd4-8316722560","trial_id":38,"system_attr":{"tpe:relative_params:0":"{\"batch\": 256, \"buffer\": 200000, \"episode_days\": 14, \"eps_decay_frac\": 0.34736215432296025, \"eps_end\": 0.07772973754001813, \"gamma\": 0.9968299241282149, \"hidden\": 128, \"lr\": 0.00011307668659327487, \"n_step\": 1, \"reward_scale\": 44.800109829134264, \"target_sync\": 5000, \"update_every\": 2}"}}
{"op_code":5,"worker_id":"b9dbde97-b97d-44ae-b04a-0faac7d89cd4-8316722560","trial_id":38,"param_name":"lr","param_value_internal":0.00011307668659327487,"distribution":"{\"name\": \"FloatDistribution\", \"attributes\": {\"step\": null, \"low\": 0.0001, \"high\": 0.003, \"log\": true}}"}
{"op_code":5,"worker_id":"b9dbde97-b97d-44ae-b04a-0faac7d89cd4-8316722560","trial_id":38,"param_name":"gamma","param_value_internal":0.9968299241282149,"distribution":"{\"name\": \"FloatDistribution\", \"attributes\": {\"step\": null, \"low\": 0.98, \"high\": 0.999, \"log\": false}}"}
{"op_code":5,"worker_id":"b9dbde97-b97d-44ae-b04a-0faac7d89cd4-8316722560","trial_id":38,"param_name":"n_step","param_value_internal":0,"distribution":"{\"name\": \"CategoricalDistribution\", \"attributes\": {\"choices\": [1, 2, 4, 8, 16]}}"}
{"op_code":5,"worker_id":"b9dbde97-b97d-44ae-b04a-0faac7d89cd4-8316722560","trial_id":38,"param_name":"batch","param_value_internal":2,"distribution":"{\"name\": \"CategoricalDistribution\", \"attributes\": {\"choices\": [64, 128, 256]}}"}
{"op_code":5,"worker_id":"b9dbde97-b97d-44ae-b04a-0faac7d89cd4-8316722560","trial_id":38,"param_name":"hidden","param_value_internal":1,"distribution":"{\"name\": \"CategoricalDistribution\", \"attributes\": {\"choices\": [64, 128, 256]}}"}
{"op_code":5,"worker_id":"b9dbde97-b97d-44ae-b04a-0faac7d89cd4-8316722560","trial_id":38,"param_name":"target_sync","param_value_internal":3,"distribution":"{\"name\": \"CategoricalDistribution\", \"attributes\": {\"choices\": [500, 1000, 2000, 5000, 10000]}}"}
{"op_code":5,"worker_id":"b9dbde97-b97d-44ae-b04a-0faac7d89cd4-8316722560","trial_id":38,"param_name":"update_every","param_value_internal":1,"distribution":"{\"name\": \"CategoricalDistribution\", \"attributes\": {\"choices\": [1, 2, 4]}}"}
{"op_code":5,"worker_id":"b9dbde97-b97d-44ae-b04a-0faac7d89cd4-8316722560","trial_id":38,"param_name":"buffer","param_value_internal":2,"distribution":"{\"name\": \"CategoricalDistribution\", \"attributes\": {\"choices\": [50000, 100000, 200000, 400000]}}"}
{"op_code":5,"worker_id":"b9dbde97-b97d-44ae-b04a-0faac7d89cd4-8316722560","trial_id":38,"param_name":"eps_end","param_value_internal":0.07772973754001813,"distribution":"{\"name\": \"FloatDistribution\", \"attributes\": {\"step\": null, \"low\": 0.01, \"high\": 0.1, \"log\": false}}"}
{"op_code":5,"worker_id":"b9dbde97-b97d-44ae-b04a-0faac7d89cd4-8316722560","trial_id":38,"param_name":"eps_decay_frac","param_value_internal":0.34736215432296025,"distribution":"{\"name\": \"FloatDistribution\", \"attributes\": {\"step\": null, \"low\": 0.1, \"high\": 0.6, \"log\": false}}"}
{"op_code":5,"worker_id":"b9dbde97-b97d-44ae-b04a-0faac7d89cd4-8316722560","trial_id":38,"param_name":"reward_scale","param_value_internal":44.800109829134264,"distribution":"{\"name\": \"FloatDistribution\", \"attributes\": {\"step\": null, \"low\": 5.0, \"high\": 80.0, \"log\": true}}"}
{"op_code":5,"worker_id":"b9dbde97-b97d-44ae-b04a-0faac7d89cd4-8316722560","trial_id":38,"param_name":"episode_days","param_value_internal":2,"distribution":"{\"name\": \"CategoricalDistribution\", \"attributes\": {\"choices\": [3, 7, 14]}}"}
{"op_code":8,"worker_id":"b9dbde97-b97d-44ae-b04a-0faac7d89cd4-8316722560","trial_id":38,"user_attr":{"tag":"c236575058e57"}}
{"op_code":8,"worker_id":"b9dbde97-b97d-44ae-b04a-0faac7d89cd4-8316722560","trial_id":38,"user_attr":{"overrides":{"gamma":0.9968299241282149,"n_step":1,"lr":0.00011307668659327487,"batch":256,"hidden":128,"target_sync":5000,"update_every":2,"buffer":200000,"eps_end":0.07772973754001813,"eps_decay_frac":0.34736215432296025,"reward_scale":44.800109829134264,"episode_days":14}}}
{"op_code":7,"worker_id":"b9dbde97-b97d-44ae-b04a-0faac7d89cd4-8316722560","trial_id":38,"step":3,"intermediate_value":280.1108990301628}
{"op_code":8,"worker_id":"b9dbde97-b97d-44ae-b04a-0faac7d89cd4-8316722560","trial_id":38,"user_attr":{"hh_saving":{"254":300.02139293317504,"185":269.8297047585978,"230":270.4815993987156}}}
{"op_code":8,"worker_id":"b9dbde97-b97d-44ae-b04a-0faac7d89cd4-8316722560","trial_id":38,"user_attr":{"val_efc_mean":87.19764816666667}}
{"op_code":8,"worker_id":"b9dbde97-b97d-44ae-b04a-0faac7d89cd4-8316722560","trial_id":38,"user_attr":{"converged_share":0.6666666666666666}}
{"op_code":8,"worker_id":"b9dbde97-b97d-44ae-b04a-0faac7d89cd4-8316722560","trial_id":38,"user_attr":{"wall_s":168.23528695106506}}
{"op_code":6,"worker_id":"b9dbde97-b97d-44ae-b04a-0faac7d89cd4-8316722560","trial_id":38,"state":2,"values":[280.1108990301628],"datetime_complete":"2026-10-08T06:17:37.665141"}
{"op_code":4,"worker_id":"b9dbde97-b97d-44ae-b04a-0faac7d89cd4-8316722560","study_id":0,"datetime_start":"2026-10-08T06:17:37.665863"}
{"op_code":9,"worker_id":"b9dbde97-b97d-44ae-b04a-0faac7d89cd4-8316722560","trial_id":39,"system_attr":{"tpe:relative_params:0":"{\"batch\": 64, \"buffer\": 400000, \"episode_days\": 14, \"eps_decay_frac\": 0.3079883840357981, \"eps_end\": 0.04598814169113711, \"gamma\": 0.9948779063108028, \"hidden\": 256, \"lr\": 0.0001370397782679589, \"n_step\": 4, \"reward_scale\": 9.397956037454275, \"target_sync\": 2000, \"update_every\": 2}"}}
{"op_code":5,"worker_id":"b9dbde97-b97d-44ae-b04a-0faac7d89cd4-8316722560","trial_id":39,"param_name":"lr","param_value_internal":0.0001370397782679589,"distribution":"{\"name\": \"FloatDistribution\", \"attributes\": {\"step\": null, \"low\": 0.0001, \"high\": 0.003, \"log\": true}}"}
{"op_code":5,"worker_id":"b9dbde97-b97d-44ae-b04a-0faac7d89cd4-8316722560","trial_id":39,"param_name":"gamma","param_value_internal":0.9948779063108028,"distribution":"{\"name\": \"FloatDistribution\", \"attributes\": {\"step\": null, \"low\": 0.98, \"high\": 0.999, \"log\": false}}"}
{"op_code":5,"worker_id":"b9dbde97-b97d-44ae-b04a-0faac7d89cd4-8316722560","trial_id":39,"param_name":"n_step","param_value_internal":2,"distribution":"{\"name\": \"CategoricalDistribution\", \"attributes\": {\"choices\": [1, 2, 4, 8, 16]}}"}
{"op_code":5,"worker_id":"b9dbde97-b97d-44ae-b04a-0faac7d89cd4-8316722560","trial_id":39,"param_name":"batch","param_value_internal":0,"distribution":"{\"name\": \"CategoricalDistribution\", \"attributes\": {\"choices\": [64, 128, 256]}}"}
{"op_code":5,"worker_id":"b9dbde97-b97d-44ae-b04a-0faac7d89cd4-8316722560","trial_id":39,"param_name":"hidden","param_value_internal":2,"distribution":"{\"name\": \"CategoricalDistribution\", \"attributes\": {\"choices\": [64, 128, 256]}}"}
{"op_code":5,"worker_id":"b9dbde97-b97d-44ae-b04a-0faac7d89cd4-8316722560","trial_id":39,"param_name":"target_sync","param_value_internal":2,"distribution":"{\"name\": \"CategoricalDistribution\", \"attributes\": {\"choices\": [500, 1000, 2000, 5000, 10000]}}"}
{"op_code":5,"worker_id":"b9dbde97-b97d-44ae-b04a-0faac7d89cd4-8316722560","trial_id":39,"param_name":"update_every","param_value_internal":1,"distribution":"{\"name\": \"CategoricalDistribution\", \"attributes\": {\"choices\": [1, 2, 4]}}"}
{"op_code":5,"worker_id":"b9dbde97-b97d-44ae-b04a-0faac7d89cd4-8316722560","trial_id":39,"param_name":"buffer","param_value_internal":3,"distribution":"{\"name\": \"CategoricalDistribution\", \"attributes\": {\"choices\": [50000, 100000, 200000, 400000]}}"}
{"op_code":5,"worker_id":"b9dbde97-b97d-44ae-b04a-0faac7d89cd4-8316722560","trial_id":39,"param_name":"eps_end","param_value_internal":0.04598814169113711,"distribution":"{\"name\": \"FloatDistribution\", \"attributes\": {\"step\": null, \"low\": 0.01, \"high\": 0.1, \"log\": false}}"}
{"op_code":5,"worker_id":"b9dbde97-b97d-44ae-b04a-0faac7d89cd4-8316722560","trial_id":39,"param_name":"eps_decay_frac","param_value_internal":0.3079883840357981,"distribution":"{\"name\": \"FloatDistribution\", \"attributes\": {\"step\": null, \"low\": 0.1, \"high\": 0.6, \"log\": false}}"}
{"op_code":5,"worker_id":"b9dbde97-b97d-44ae-b04a-0faac7d89cd4-8316722560","trial_id":39,"param_name":"reward_scale","param_value_internal":9.397956037454275,"distribution":"{\"name\": \"FloatDistribution\", \"attributes\": {\"step\": null, \"low\": 5.0, \"high\": 80.0, \"log\": true}}"}
{"op_code":5,"worker_id":"b9dbde97-b97d-44ae-b04a-0faac7d89cd4-8316722560","trial_id":39,"param_name":"episode_days","param_value_internal":2,"distribution":"{\"name\": \"CategoricalDistribution\", \"attributes\": {\"choices\": [3, 7, 14]}}"}
{"op_code":8,"worker_id":"b9dbde97-b97d-44ae-b04a-0faac7d89cd4-8316722560","trial_id":39,"user_attr":{"tag":"c7d99001a02c0"}}
{"op_code":8,"worker_id":"b9dbde97-b97d-44ae-b04a-0faac7d89cd4-8316722560","trial_id":39,"user_attr":{"overrides":{"gamma":0.9948779063108028,"n_step":4,"lr":0.0001370397782679589,"batch":64,"hidden":256,"target_sync":2000,"update_every":2,"buffer":400000,"eps_end":0.04598814169113711,"eps_decay_frac":0.3079883840357981,"reward_scale":9.397956037454275,"episode_days":14}}}
{"op_code":7,"worker_id":"b9dbde97-b97d-44ae-b04a-0faac7d89cd4-8316722560","trial_id":37,"step":3,"intermediate_value":287.2409722936637}
{"op_code":7,"worker_id":"b9dbde97-b97d-44ae-b04a-0faac7d89cd4-8316722560","trial_id":39,"step":3,"intermediate_value":285.21410271650876}
{"op_code":7,"worker_id":"b9dbde97-b97d-44ae-b04a-0faac7d89cd4-8316722560","trial_id":37,"step":8,"intermediate_value":274.30602375054605}
{"op_code":8,"worker_id":"b9dbde97-b97d-44ae-b04a-0faac7d89cd4-8316722560","trial_id":37,"user_attr":{"hh_saving":{"254":307.6900338608624,"185":272.60427852352007,"230":281.4286044966085,"266":150.0686278366178,"145":317.9127839024521,"229":164.9483585471317,"300":350.8236428117003,"69":348.9718600254754}}}
{"op_code":8,"worker_id":"b9dbde97-b97d-44ae-b04a-0faac7d89cd4-8316722560","trial_id":37,"user_attr":{"val_efc_mean":84.18318256249998}}
{"op_code":8,"worker_id":"b9dbde97-b97d-44ae-b04a-0faac7d89cd4-8316722560","trial_id":37,"user_attr":{"converged_share":1.0}}
{"op_code":8,"worker_id":"b9dbde97-b97d-44ae-b04a-0faac7d89cd4-8316722560","trial_id":37,"user_attr":{"wall_s":458.20313119888306}}
{"op_code":6,"worker_id":"b9dbde97-b97d-44ae-b04a-0faac7d89cd4-8316722560","trial_id":37,"state":1,"values":[274.30602375054605],"datetime_complete":"2026-10-08T06:21:44.522056"}
{"op_code":7,"worker_id":"b9dbde97-b97d-44ae-b04a-0faac7d89cd4-8316722560","trial_id":39,"step":8,"intermediate_value":273.0569879667782}
{"op_code":8,"worker_id":"b9dbde97-b97d-44ae-b04a-0faac7d89cd4-8316722560","trial_id":39,"user_attr":{"hh_saving":{"254":311.523195964255,"185":266.5649961577323,"230":277.55411602753907,"266":156.9737319102932,"145":311.3206980951975,"229":163.34005633895023,"300":348.3689103330241,"69":348.8101989072342}}}
{"op_code":8,"worker_id":"b9dbde97-b97d-44ae-b04a-0faac7d89cd4-8316722560","trial_id":39,"user_attr":{"val_efc_mean":82.3687855625}}
{"op_code":8,"worker_id":"b9dbde97-b97d-44ae-b04a-0faac7d89cd4-8316722560","trial_id":39,"user_attr":{"converged_share":1.0}}
{"op_code":8,"worker_id":"b9dbde97-b97d-44ae-b04a-0faac7d89cd4-8316722560","trial_id":39,"user_attr":{"wall_s":315.0438139438629}}
{"op_code":6,"worker_id":"b9dbde97-b97d-44ae-b04a-0faac7d89cd4-8316722560","trial_id":39,"state":1,"values":[273.0569879667782],"datetime_complete":"2026-10-08T06:22:52.718355"}
