{"op_code":0,"worker_id":"f959fc9e-6564-4713-bc97-cf94a2bd32ad-8316722560","study_name":"AU_bc","directions":[2]}
{"op_code":4,"worker_id":"f959fc9e-6564-4713-bc97-cf94a2bd32ad-8316722560","study_id":0,"datetime_start":null,"state":4,"value":null,"values":null,"distributions":{},"params":{},"user_attrs":{"incumbent":true},"system_attrs":{"fixed_params":{"lr":0.001,"hidden":128,"clone_batch":512,"clone_weight_decay":0.0,"clone_class_power":1.0,"clone_label_smoothing":0.0,"clone_patience":10}},"intermediate_values":{}}
{"op_code":6,"worker_id":"f959fc9e-6564-4713-bc97-cf94a2bd32ad-8316722560","trial_id":0,"state":0,"values":null,"datetime_start":"2026-10-08T03:28:11.729627"}
{"op_code":5,"worker_id":"f959fc9e-6564-4713-bc97-cf94a2bd32ad-8316722560","trial_id":0,"param_name":"lr","param_value_internal":0.001,"distribution":"{\"name\": \"FloatDistribution\", \"attributes\": {\"step\": null, \"low\": 0.0001, \"high\": 0.01, \"log\": true}}"}
{"op_code":5,"worker_id":"f959fc9e-6564-4713-bc97-cf94a2bd32ad-8316722560","trial_id":0,"param_name":"hidden","param_value_internal":1,"distribution":"{\"name\": \"CategoricalDistribution\", \"attributes\": {\"choices\": [64, 128, 256]}}"}
{"op_code":5,"worker_id":"f959fc9e-6564-4713-bc97-cf94a2bd32ad-8316722560","trial_id":0,"param_name":"clone_batch","param_value_internal":2,"distribution":"{\"name\": \"CategoricalDistribution\", \"attributes\": {\"choices\": [128, 256, 512, 1024, 2048]}}"}
{"op_code":5,"worker_id":"f959fc9e-6564-4713-bc97-cf94a2bd32ad-8316722560","trial_id":0,"param_name":"clone_weight_decay","param_value_internal":0,"distribution":"{\"name\": \"CategoricalDistribution\", \"attributes\": {\"choices\": [0.0, 1e-06, 1e-05, 0.0001, 0.001]}}"}
{"op_code":5,"worker_id":"f959fc9e-6564-4713-bc97-cf94a2bd32ad-8316722560","trial_id":0,"param_name":"clone_class_power","param_value_internal":1.0,"distribution":"{\"name\": \"FloatDistribution\", \"attributes\": {\"step\": null, \"low\": 0.0, \"high\": 1.0, \"log\": false}}"}
{"op_code":5,"worker_id":"f959fc9e-6564-4713-bc97-cf94a2bd32ad-8316722560","trial_id":0,"param_name":"clone_label_smoothing","param_value_internal":0,"distribution":"{\"name\": \"CategoricalDistribution\", \"attributes\": {\"choices\": [0.0, 0.05, 0.1]}}"}
{"op_code":5,"worker_id":"f959fc9e-6564-4713-bc97-cf94a2bd32ad-8316722560","trial_id":0,"param_name":"clone_patience","param_value_internal":1,"distribution":"{\"name\": \"CategoricalDistribution\", \"attributes\": {\"choices\": [5, 10, 20]}}"}
{"op_code":8,"worker_id":"f959fc9e-6564-4713-bc97-cf94a2bd32ad-8316722560","trial_id":0,"user_attr":{"tag":"cae2eba3925f1"}}
{"op_code":8,"worker_id":"f959fc9e-6564-4713-bc97-cf94a2bd32ad-8316722560","trial_id":0,"user_attr":{"overrides":{"lr":0.001,"hidden":128,"clone_batch":512,"clone_weight_decay":0.0,"clone_class_power":1.0,"clone_label_smoothing":0.0,"clone_patience":10}}}
{"op_code":4,"worker_id":"f959fc9e-6564-4713-bc97-cf94a2bd32ad-8316722560","study_id":0,"datetime_start":"2026-10-08T03:28:11.732909"}
{"op_code":5,"worker_id":"f959fc9e-6564-4713-bc97-cf94a2bd32ad-8316722560","trial_id":1,"param_name":"lr","param_value_internal":0.0012520653814999472,"distribution":"{\"name\": \"FloatDistribution\", \"attributes\": {\"step\": null, \"low\": 0.0001, \"high\": 0.01, \"log\": true}}"}
{"op_code":5,"worker_id":"f959fc9e-6564-4713-bc97-cf94a2bd32ad-8316722560","trial_id":1,"param_name":"hidden","param_value_internal":0,"distribution":"{\"name\": \"CategoricalDistribution\", \"attributes\": {\"choices\": [64, 128, 256]}}"}
{"op_code":5,"worker_id":"f959fc9e-6564-4713-bc97-cf94a2bd32ad-8316722560","trial_id":1,"param_name":"clone_batch","param_value_internal":4,"distribution":"{\"name\": \"CategoricalDistribution\", \"attributes\": {\"choices\": [128, 256, 512, 1024, 2048]}}"}
{"op_code":5,"worker_id":"f959fc9e-6564-4713-bc97-cf94a2bd32ad-8316722560","trial_id":1,"param_name":"clone_weight_decay","param_value_internal":4,"distribution":"{\"name\": \"CategoricalDistribution\", \"attributes\": {\"choices\": [0.0, 1e-06, 1e-05, 0.0001, 0.001]}}"}
{"op_code":5,"worker_id":"f959fc9e-6564-4713-bc97-cf94a2bd32ad-8316722560","trial_id":1,"param_name":"clone_class_power","param_value_internal":0.07103605819788694,"distribution":"{\"name\": \"FloatDistribution\", \"attributes\": {\"step\": null, \"low\": 0.0, \"high\": 1.0, \"log\": false}}"}
{"op_code":5,"worker_id":"f959fc9e-6564-4713-bc97-cf94a2bd32ad-8316722560","trial_id":1,"param_name":"clone_label_smoothing","param_value_internal":2,"distribution":"{\"name\": \"CategoricalDistribution\", \"attributes\": {\"choices\": [0.0, 0.05, 0.1]}}"}
{"op_code":5,"worker_id":"f959fc9e-6564-4713-bc97-cf94a2bd32ad-8316722560","trial_id":1,"param_name":"clone_patience","param_value_internal":2,"distribution":"{\"name\": \"CategoricalDistribution\", \"attributes\": {\"choices\": [5, 10, 20]}}"}
{"op_code":8,"worker_id":"f959fc9e-6564-4713-bc97-cf94a2bd32ad-8316722560","trial_id":1,"user_attr":{"tag":"c7a6376b0b2ca"}}
{"op_code":8,"worker_id":"f959fc9e-6564-4713-bc97-cf94a2bd32ad-8316722560","trial_id":1,"user_attr":{"overrides":{"lr":0.0012520653814999472,"hidden":64,"clone_batch":2048,"clone_weight_decay":0.001,"clone_class_power":0.07103605819788694,"clone_label_smoothing":0.1,"clone_patience":20}}}
{"op_code":4,"worker_id":"f959fc9e-6564-4713-bc97-cf94a2bd32ad-8316722560","study_id":0,"datetime_start":"2026-10-08T03:28:11.736008"}
{"op_code":5,"worker_id":"f959fc9e-6564-4713-bc97-cf94a2bd32ad-8316722560","trial_id":2,"param_name":"lr","param_value_internal":0.00396567508177101,"distribution":"{\"name\": \"FloatDistribution\", \"attributes\": {\"step\": null, \"low\": 0.0001, \"high\": 0.01, \"log\": true}}"}
{"op_code":5,"worker_id":"f959fc9e-6564-4713-bc97-cf94a2bd32ad-8316722560","trial_id":2,"param_name":"hidden","param_value_internal":1,"distribution":"{\"name\": \"CategoricalDistribution\", \"attributes\": {\"choices\": [64, 128, 256]}}"}
{"op_code":5,"worker_id":"f959fc9e-6564-4713-bc97-cf94a2bd32ad-8316722560","trial_id":2,"param_name":"clone_batch","param_value_internal":2,"distribution":"{\"name\": \"CategoricalDistribution\", \"attributes\": {\"choices\": [128, 256, 512, 1024, 2048]}}"}
{"op_code":5,"worker_id":"f959fc9e-6564-4713-bc97-cf94a2bd32ad-8316722560","trial_id":2,"param_name":"clone_weight_decay","param_value_internal":1,"distribution":"{\"name\": \"CategoricalDistribution\", \"attributes\": {\"choices\": [0.0, 1e-06, 1e-05, 0.0001, 0.001]}}"}
{"op_code":5,"worker_id":"f959fc9e-6564-4713-bc97-cf94a2bd32ad-8316722560","trial_id":2,"param_name":"clone_class_power","param_value_internal":0.6176354970758771,"distribution":"{\"name\": \"FloatDistribution\", \"attributes\": {\"step\": null, \"low\": 0.0, \"high\": 1.0, \"log\": false}}"}
{"op_code":5,"worker_id":"f959fc9e-6564-4713-bc97-cf94a2bd32ad-8316722560","trial_id":2,"param_name":"clone_label_smoothing","param_value_internal":2,"distribution":"{\"name\": \"CategoricalDistribution\", \"attributes\": {\"choices\": [0.0, 0.05, 0.1]}}"}
{"op_code":5,"worker_id":"f959fc9e-6564-4713-bc97-cf94a2bd32ad-8316722560","trial_id":2,"param_name":"clone_patience","param_value_internal":0,"distribution":"{\"name\": \"CategoricalDistribution\", \"attributes\": {\"choices\": [5, 10, 20]}}"}
{"op_code":8,"worker_id":"f959fc9e-6564-4713-bc97-cf94a2bd32ad-8316722560","trial_id":2,"user_attr":{"tag":"ca1176f210940"}}
{"op_code":8,"worker_id":"f959fc9e-6564-4713-bc97-cf94a2bd32ad-8316722560","trial_id":2,"user_attr":{"overrides":{"lr":0.00396567508177101,"hidden":128,"clone_batch":512,"clone_weight_decay":1e-06,"clone_class_power":0.6176354970758771,"clone_label_smoothing":0.1,"clone_patience":5}}}
{"op_code":4,"worker_id":"f959fc9e-6564-4713-bc97-cf94a2bd32ad-8316722560","study_id":0,"datetime_start":"2026-10-08T03:28:11.738914"}
{"op_code":5,"worker_id":"f959fc9e-6564-4713-bc97-cf94a2bd32ad-8316722560","trial_id":3,"param_name":"lr","param_value_internal":0.00248463381689824,"distribution":"{\"name\": \"FloatDistribution\", \"attributes\": {\"step\": null, \"low\": 0.0001, \"high\": 0.01, \"log\": true}}"}
{"op_code":5,"worker_id":"f959fc9e-6564-4713-bc97-cf94a2bd32ad-8316722560","trial_id":3,"param_name":"hidden","param_value_internal":2,"distribution":"{\"name\": \"CategoricalDistribution\", \"attributes\": {\"choices\": [64, 128, 256]}}"}
{"op_code":5,"worker_id":"f959fc9e-6564-4713-bc97-cf94a2bd32ad-8316722560","trial_id":3,"param_name":"clone_batch","param_value_internal":4,"distribution":"{\"name\": \"CategoricalDistribution\", \"attributes\": {\"choices\": [128, 256, 512, 1024, 2048]}}"}
{"op_code":5,"worker_id":"f959fc9e-6564-4713-bc97-cf94a2bd32ad-8316722560","trial_id":3,"param_name":"clone_weight_decay","param_value_internal":1,"distribution":"{\"name\": \"CategoricalDistribution\", \"attributes\": {\"choices\": [0.0, 1e-06, 1e-05, 0.0001, 0.001]}}"}
{"op_code":5,"worker_id":"f959fc9e-6564-4713-bc97-cf94a2bd32ad-8316722560","trial_id":3,"param_name":"clone_class_power","param_value_internal":0.6531083254653984,"distribution":"{\"name\": \"FloatDistribution\", \"attributes\": {\"step\": null, \"low\": 0.0, \"high\": 1.0, \"log\": false}}"}
{"op_code":5,"worker_id":"f959fc9e-6564-4713-bc97-cf94a2bd32ad-8316722560","trial_id":3,"param_name":"clone_label_smoothing","param_value_internal":1,"distribution":"{\"name\": \"CategoricalDistribution\", \"attributes\": {\"choices\": [0.0, 0.05, 0.1]}}"}
{"op_code":5,"worker_id":"f959fc9e-6564-4713-bc97-cf94a2bd32ad-8316722560","trial_id":3,"param_name":"clone_patience","param_value_internal":2,"distribution":"{\"name\": \"CategoricalDistribution\", \"attributes\": {\"choices\": [5, 10, 20]}}"}
{"op_code":8,"worker_id":"f959fc9e-6564-4713-bc97-cf94a2bd32ad-8316722560","trial_id":3,"user_attr":{"tag":"c8c1ebb6a13f8"}}
{"op_code":8,"worker_id":"f959fc9e-6564-4713-bc97-cf94a2bd32ad-8316722560","trial_id":3,"user_attr":{"overrides":{"lr":0.00248463381689824,"hidden":256,"clone_batch":2048,"clone_weight_decay":1e-06,"clone_class_power":0.6531083254653984,"clone_label_smoothing":0.05,"clone_patience":20}}}
{"op_code":4,"worker_id":"f959fc9e-6564-4713-bc97-cf94a2bd32ad-8316722560","study_id":0,"datetime_start":"2026-10-08T03:28:11.741576"}
{"op_code":5,"worker_id":"f959fc9e-6564-4713-bc97-cf94a2bd32ad-8316722560","trial_id":4,"param_name":"lr","param_value_internal":0.00018895826938026032,"distribution":"{\"name\": \"FloatDistribution\", \"attributes\": {\"step\": null, \"low\": 0.0001, \"high\": 0.01, \"log\": true}}"}
{"op_code":5,"worker_id":"f959fc9e-6564-4713-bc97-cf94a2bd32ad-8316722560","trial_id":4,"param_name":"hidden","param_value_internal":2,"distribution":"{\"name\": \"CategoricalDistribution\", \"attributes\": {\"choices\": [64, 128, 256]}}"}
{"op_code":5,"worker_id":"f959fc9e-6564-4713-bc97-cf94a2bd32ad-8316722560","trial_id":4,"param_name":"clone_batch","param_value_internal":3,"distribution":"{\"name\": \"CategoricalDistribution\", \"attributes\": {\"choices\": [128, 256, 512, 1024, 2048]}}"}
{"op_code":5,"worker_id":"f959fc9e-6564-4713-bc97-cf94a2bd32ad-8316722560","trial_id":4,"param_name":"clone_weight_decay","param_value_internal":0,"distribution":"{\"name\": \"CategoricalDistribution\", \"attributes\": {\"choices\": [0.0, 1e-06, 1e-05, 0.0001, 0.001]}}"}
{"op_code":5,"worker_id":"f959fc9e-6564-4713-bc97-cf94a2bd32ad-8316722560","trial_id":4,"param_name":"clone_class_power","param_value_internal":0.1201965612131689,"distribution":"{\"name\": \"FloatDistribution\", \"attributes\": {\"step\": null, \"low\": 0.0, \"high\": 1.0, \"log\": false}}"}
{"op_code":5,"worker_id":"f959fc9e-6564-4713-bc97-cf94a2bd32ad-8316722560","trial_id":4,"param_name":"clone_label_smoothing","param_value_internal":2,"distribution":"{\"name\": \"CategoricalDistribution\", \"attributes\": {\"choices\": [0.0, 0.05, 0.1]}}"}
{"op_code":5,"worker_id":"f959fc9e-6564-4713-bc97-cf94a2bd32ad-8316722560","trial_id":4,"param_name":"clone_patience","param_value_internal":2,"distribution":"{\"name\": \"CategoricalDistribution\", \"attributes\": {\"choices\": [5, 10, 20]}}"}
{"op_code":8,"worker_id":"f959fc9e-6564-4713-bc97-cf94a2bd32ad-8316722560","trial_id":4,"user_attr":{"tag":"c1b9aac12f7b8"}}
{"op_code":8,"worker_id":"f959fc9e-6564-4713-bc97-cf94a2bd32ad-8316722560","trial_id":4,"user_attr":{"overrides":{"lr":0.00018895826938026032,"hidden":256,"clone_batch":1024,"clone_weight_decay":0.0,"clone_class_power":0.1201965612131689,"clone_label_smoothing":0.1,"clone_patience":20}}}
{"op_code":4,"worker_id":"f959fc9e-6564-4713-bc97-cf94a2bd32ad-8316722560","study_id":0,"datetime_start":"2026-10-08T03:28:11.744293"}
{"op_code":5,"worker_id":"f959fc9e-6564-4713-bc97-cf94a2bd32ad-8316722560","trial_id":5,"param_name":"lr","param_value_internal":0.0013589482177682008,"distribution":"{\"name\": \"FloatDistribution\", \"attributes\": {\"step\": null, \"low\": 0.0001, \"high\": 0.01, \"log\": true}}"}
{"op_code":5,"worker_id":"f959fc9e-6564-4713-bc97-cf94a2bd32ad-8316722560","trial_id":5,"param_name":"hidden","param_value_internal":1,"distribution":"{\"name\": \"CategoricalDistribution\", \"attributes\": {\"choices\": [64, 128, 256]}}"}
{"op_code":5,"worker_id":"f959fc9e-6564-4713-bc97-cf94a2bd32ad-8316722560","trial_id":5,"param_name":"clone_batch","param_value_internal":1,"distribution":"{\"name\": \"CategoricalDistribution\", \"attributes\": {\"choices\": [128, 256, 512, 1024, 2048]}}"}
{"op_code":5,"worker_id":"f959fc9e-6564-4713-bc97-cf94a2bd32ad-8316722560","trial_id":5,"param_name":"clone_weight_decay","param_value_internal":0,"distribution":"{\"name\": \"CategoricalDistribution\", \"attributes\": {\"choices\": [0.0, 1e-06, 1e-05, 0.0001, 0.001]}}"}
{"op_code":5,"worker_id":"f959fc9e-6564-4713-bc97-cf94a2bd32ad-8316722560","trial_id":5,"param_name":"clone_class_power","param_value_internal":0.8289400292173631,"distribution":"{\"name\": \"FloatDistribution\", \"attributes\": {\"step\": null, \"low\": 0.0, \"high\": 1.0, \"log\": false}}"}
{"op_code":5,"worker_id":"f959fc9e-6564-4713-bc97-cf94a2bd32ad-8316722560","trial_id":5,"param_name":"clone_label_smoothing","param_value_internal":1,"distribution":"{\"name\": \"CategoricalDistribution\", \"attributes\": {\"choices\": [0.0, 0.05, 0.1]}}"}
{"op_code":5,"worker_id":"f959fc9e-6564-4713-bc97-cf94a2bd32ad-8316722560","trial_id":5,"param_name":"clone_patience","param_value_internal":1,"distribution":"{\"name\": \"CategoricalDistribution\", \"attributes\": {\"choices\": [5, 10, 20]}}"}
{"op_code":8,"worker_id":"f959fc9e-6564-4713-bc97-cf94a2bd32ad-8316722560","trial_id":5,"user_attr":{"tag":"cf4fac2130b29"}}
{"op_code":8,"worker_id":"f959fc9e-6564-4713-bc97-cf94a2bd32ad-8316722560","trial_id":5,"user_attr":{"overrides":{"lr":0.0013589482177682008,"hidden":128,"clone_batch":256,"clone_weight_decay":0.0,"clone_class_power":0.8289400292173631,"clone_label_smoothing":0.05,"clone_patience":10}}}
{"op_code":4,"worker_id":"f959fc9e-6564-4713-bc97-cf94a2bd32ad-8316722560","study_id":0,"datetime_start":"2026-10-08T03:28:11.747416"}
{"op_code":5,"worker_id":"f959fc9e-6564-4713-bc97-cf94a2bd32ad-8316722560","trial_id":6,"param_name":"lr","param_value_internal":0.0014200860749035516,"distribution":"{\"name\": \"FloatDistribution\", \"attributes\": {\"step\": null, \"low\": 0.0001, \"high\": 0.01, \"log\": true}}"}
{"op_code":5,"worker_id":"f959fc9e-6564-4713-bc97-cf94a2bd32ad-8316722560","trial_id":6,"param_name":"hidden","param_value_internal":0,"distribution":"{\"name\": \"CategoricalDistribution\", \"attributes\": {\"choices\": [64, 128, 256]}}"}
{"op_code":5,"worker_id":"f959fc9e-6564-4713-bc97-cf94a2bd32ad-8316722560","trial_id":6,"param_name":"clone_batch","param_value_internal":0,"distribution":"{\"name\": \"CategoricalDistribution\", \"attributes\": {\"choices\": [128, 256, 512, 1024, 2048]}}"}
{"op_code":5,"worker_id":"f959fc9e-6564-4713-bc97-cf94a2bd32ad-8316722560","trial_id":6,"param_name":"clone_weight_decay","param_value_internal":4,"distribution":"{\"name\": \"CategoricalDistribution\", \"attributes\": {\"choices\": [0.0, 1e-06, 1e-05, 0.0001, 0.001]}}"}
{"op_code":5,"worker_id":"f959fc9e-6564-4713-bc97-cf94a2bd32ad-8316722560","trial_id":6,"param_name":"clone_class_power","param_value_internal":0.6925315900777659,"distribution":"{\"name\": \"FloatDistribution\", \"attributes\": {\"step\": null, \"low\": 0.0, \"high\": 1.0, \"log\": false}}"}
{"op_code":5,"worker_id":"f959fc9e-6564-4713-bc97-cf94a2bd32ad-8316722560","trial_id":6,"param_name":"clone_label_smoothing","param_value_internal":2,"distribution":"{\"name\": \"CategoricalDistribution\", \"attributes\": {\"choices\": [0.0, 0.05, 0.1]}}"}
{"op_code":5,"worker_id":"f959fc9e-6564-4713-bc97-cf94a2bd32ad-8316722560","trial_id":6,"param_name":"clone_patience","param_value_internal":0,"distribution":"{\"name\": \"CategoricalDistribution\", \"attributes\": {\"choices\": [5, 10, 20]}}"}
{"op_code":8,"worker_id":"f959fc9e-6564-4713-bc97-cf94a2bd32ad-8316722560","trial_id":6,"user_attr":{"tag":"cfd72c2cfbd5d"}}
{"op_code":8,"worker_id":"f959fc9e-6564-4713-bc97-cf94a2bd32ad-8316722560","trial_id":6,"user_attr":{"overrides":{"lr":0.0014200860749035516,"hidden":64,"clone_batch":128,"clone_weight_decay":0.001,"clone_class_power":0.6925315900777659,"clone_label_smoothing":0.1,"clone_patience":5}}}
{"op_code":4,"worker_id":"f959fc9e-6564-4713-bc97-cf94a2bd32ad-8316722560","study_id":0,"datetime_start":"2026-10-08T03:28:11.750390"}
{"op_code":5,"worker_id":"f959fc9e-6564-4713-bc97-cf94a2bd32ad-8316722560","trial_id":7,"param_name":"lr","param_value_internal":0.00010924118351371684,"distribution":"{\"name\": \"FloatDistribution\", \"attributes\": {\"step\": null, \"low\": 0.0001, \"high\": 0.01, \"log\": true}}"}
{"op_code":5,"worker_id":"f959fc9e-6564-4713-bc97-cf94a2bd32ad-8316722560","trial_id":7,"param_name":"hidden","param_value_internal":1,"distribution":"{\"name\": \"CategoricalDistribution\", \"attributes\": {\"choices\": [64, 128, 256]}}"}
{"op_code":5,"worker_id":"f959fc9e-6564-4713-bc97-cf94a2bd32ad-8316722560","trial_id":7,"param_name":"clone_batch","param_value_internal":0,"distribution":"{\"name\": \"CategoricalDistribution\", \"attributes\": {\"choices\": [128, 256, 512, 1024, 2048]}}"}
{"op_code":5,"worker_id":"f959fc9e-6564-4713-bc97-cf94a2bd32ad-8316722560","trial_id":7,"param_name":"clone_weight_decay","param_value_internal":2,"distribution":"{\"name\": \"CategoricalDistribution\", \"attributes\": {\"choices\": [0.0, 1e-06, 1e-05, 0.0001, 0.001]}}"}
{"op_code":5,"worker_id":"f959fc9e-6564-4713-bc97-cf94a2bd32ad-8316722560","trial_id":7,"param_name":"clone_class_power","param_value_internal":0.896546595851063,"distribution":"{\"name\": \"FloatDistribution\", \"attributes\": {\"step\": null, \"low\": 0.0, \"high\": 1.0, \"log\": false}}"}
{"op_code":5,"worker_id":"f959fc9e-6564-4713-bc97-cf94a2bd32ad-8316722560","trial_id":7,"param_name":"clone_label_smoothing","param_value_internal":2,"distribution":"{\"name\": \"CategoricalDistribution\", \"attributes\": {\"choices\": [0.0, 0.05, 0.1]}}"}
{"op_code":5,"worker_id":"f959fc9e-6564-4713-bc97-cf94a2bd32ad-8316722560","trial_id":7,"param_name":"clone_patience","param_value_internal":0,"distribution":"{\"name\": \"CategoricalDistribution\", \"attributes\": {\"choices\": [5, 10, 20]}}"}
{"op_code":8,"worker_id":"f959fc9e-6564-4713-bc97-cf94a2bd32ad-8316722560","trial_id":7,"user_attr":{"tag":"c15ab28ed3093"}}
{"op_code":8,"worker_id":"f959fc9e-6564-4713-bc97-cf94a2bd32ad-8316722560","trial_id":7,"user_attr":{"overrides":{"lr":0.00010924118351371684,"hidden":128,"clone_batch":128,"clone_weight_decay":1e-05,"clone_class_power":0.896546595851063,"clone_label_smoothing":0.1,"clone_patience":5}}}
{"op_code":4,"worker_id":"f959fc9e-6564-4713-bc97-cf94a2bd32ad-8316722560","study_id":0,"datetime_start":"2026-10-08T03:28:11.753201"}
{"op_code":5,"worker_id":"f959fc9e-6564-4713-bc97-cf94a2bd32ad-8316722560","trial_id":8,"param_name":"lr","param_value_internal":0.0069018454085371375,"distribution":"{\"name\": \"FloatDistribution\", \"attributes\": {\"step\": null, \"low\": 0.0001, \"high\": 0.01, \"log\": true}}"}
{"op_code":5,"worker_id":"f959fc9e-6564-4713-bc97-cf94a2bd32ad-8316722560","trial_id":8,"param_name":"hidden","param_value_internal":1,"distribution":"{\"name\": \"CategoricalDistribution\", \"attributes\": {\"choices\": [64, 128, 256]}}"}
{"op_code":5,"worker_id":"f959fc9e-6564-4713-bc97-cf94a2bd32ad-8316722560","trial_id":8,"param_name":"clone_batch","param_value_internal":0,"distribution":"{\"name\": \"CategoricalDistribution\", \"attributes\": {\"choices\": [128, 256, 512, 1024, 2048]}}"}
{"op_code":5,"worker_id":"f959fc9e-6564-4713-bc97-cf94a2bd32ad-8316722560","trial_id":8,"param_name":"clone_weight_decay","param_value_internal":0,"distribution":"{\"name\": \"CategoricalDistribution\", \"attributes\": {\"choices\": [0.0, 1e-06, 1e-05, 0.0001, 0.001]}}"}
{"op_code":5,"worker_id":"f959fc9e-6564-4713-bc97-cf94a2bd32ad-8316722560","trial_id":8,"param_name":"clone_class_power","param_value_internal":0.45354268267806885,"distribution":"{\"name\": \"FloatDistribution\", \"attributes\": {\"step\": null, \"low\": 0.0, \"high\": 1.0, \"log\": false}}"}
{"op_code":5,"worker_id":"f959fc9e-6564-4713-bc97-cf94a2bd32ad-8316722560","trial_id":8,"param_name":"clone_label_smoothing","param_value_internal":2,"distribution":"{\"name\": \"CategoricalDistribution\", \"attributes\": {\"choices\": [0.0, 0.05, 0.1]}}"}
{"op_code":5,"worker_id":"f959fc9e-6564-4713-bc97-cf94a2bd32ad-8316722560","trial_id":8,"param_name":"clone_patience","param_value_internal":0,"distribution":"{\"name\": \"CategoricalDistribution\", \"attributes\": {\"choices\": [5, 10, 20]}}"}
{"op_code":8,"worker_id":"f959fc9e-6564-4713-bc97-cf94a2bd32ad-8316722560","trial_id":8,"user_attr":{"tag":"c8fb176e471e8"}}
{"op_code":8,"worker_id":"f959fc9e-6564-4713-bc97-cf94a2bd32ad-8316722560","trial_id":8,"user_attr":{"overrides":{"lr":0.0069018454085371375,"hidden":128,"clone_batch":128,"clone_weight_decay":0.0,"clone_class_power":0.45354268267806885,"clone_label_smoothing":0.1,"clone_patience":5}}}
{"op_code":4,"worker_id":"f959fc9e-6564-4713-bc97-cf94a2bd32ad-8316722560","study_id":0,"datetime_start":"2026-10-08T03:28:11.755841"}
{"op_code":5,"worker_id":"f959fc9e-6564-4713-bc97-cf94a2bd32ad-8316722560","trial_id":9,"param_name":"lr","param_value_internal":0.002883906161101797,"distribution":"{\"name\": \"FloatDistribution\", \"attributes\": {\"step\": null, \"low\": 0.0001, \"high\": 0.01, \"log\": true}}"}
{"op_code":5,"worker_id":"f959fc9e-6564-4713-bc97-cf94a2bd32ad-8316722560","trial_id":9,"param_name":"hidden","param_value_internal":1,"distribution":"{\"name\": \"CategoricalDistribution\", \"attributes\": {\"choices\": [64, 128, 256]}}"}
{"op_code":5,"worker_id":"f959fc9e-6564-4713-bc97-cf94a2bd32ad-8316722560","trial_id":9,"param_name":"clone_batch","param_value_internal":2,"distribution":"{\"name\": \"CategoricalDistribution\", \"attributes\": {\"choices\": [128, 256, 512, 1024, 2048]}}"}
{"op_code":5,"worker_id":"f959fc9e-6564-4713-bc97-cf94a2bd32ad-8316722560","trial_id":9,"param_name":"clone_weight_decay","param_value_internal":0,"distribution":"{\"name\": \"CategoricalDistribution\", \"attributes\": {\"choices\": [0.0, 1e-06, 1e-05, 0.0001, 0.001]}}"}
{"op_code":5,"worker_id":"f959fc9e-6564-4713-bc97-cf94a2bd32ad-8316722560","trial_id":9,"param_name":"clone_class_power","param_value_internal":0.5772285886041676,"distribution":"{\"name\": \"FloatDistribution\", \"attributes\": {\"step\": null, \"low\": 0.0, \"high\": 1.0, \"log\": false}}"}
{"op_code":5,"worker_id":"f959fc9e-6564-4713-bc97-cf94a2bd32ad-8316722560","trial_id":9,"param_name":"clone_label_smoothing","param_value_internal":1,"distribution":"{\"name\": \"CategoricalDistribution\", \"attributes\": {\"choices\": [0.0, 0.05, 0.1]}}"}
{"op_code":5,"worker_id":"f959fc9e-6564-4713-bc97-cf94a2bd32ad-8316722560","trial_id":9,"param_name":"clone_patience","param_value_internal":2,"distribution":"{\"name\": \"CategoricalDistribution\", \"attributes\": {\"choices\": [5, 10, 20]}}"}
{"op_code":8,"worker_id":"f959fc9e-6564-4713-bc97-cf94a2bd32ad-8316722560","trial_id":9,"user_attr":{"tag":"cfc15de1b1e20"}}
{"op_code":8,"worker_id":"f959fc9e-6564-4713-bc97-cf94a2bd32ad-8316722560","trial_id":9,"user_attr":{"overrides":{"lr":0.002883906161101797,"hidden":128,"clone_batch":512,"clone_weight_decay":0.0,"clone_class_power":0.5772285886041676,"clone_label_smoothing":0.05,"clone_patience":20}}}
{"op_code":4,"worker_id":"f959fc9e-6564-4713-bc97-cf94a2bd32ad-8316722560","study_id":0,"datetime_start":"2026-10-08T03:28:11.758916"}
{"op_code":5,"worker_id":"f959fc9e-6564-4713-bc97-cf94a2bd32ad-8316722560","trial_id":10,"param_name":"lr","param_value_internal":0.00042062006964770077,"distribution":"{\"name\": \"FloatDistribution\", \"attributes\": {\"step\": null, \"low\": 0.0001, \"high\": 0.01, \"log\": true}}"}
{"op_code":5,"worker_id":"f959fc9e-6564-4713-bc97-cf94a2bd32ad-8316722560","trial_id":10,"param_name":"hidden","param_value_internal":0,"distribution":"{\"name\": \"CategoricalDistribution\", \"attributes\": {\"choices\": [64, 128, 256]}}"}
{"op_code":5,"worker_id":"f959fc9e-6564-4713-bc97-cf94a2bd32ad-8316722560","trial_id":10,"param_name":"clone_batch","param_value_internal":0,"distribution":"{\"name\": \"CategoricalDistribution\", \"attributes\": {\"choices\": [128, 256, 512, 1024, 2048]}}"}
{"op_code":5,"worker_id":"f959fc9e-6564-4713-bc97-cf94a2bd32ad-8316722560","trial_id":10,"param_name":"clone_weight_decay","param_value_internal":3,"distribution":"{\"name\": \"CategoricalDistribution\", \"attributes\": {\"choices\": [0.0, 1e-06, 1e-05, 0.0001, 0.001]}}"}
{"op_code":5,"worker_id":"f959fc9e-6564-4713-bc97-cf94a2bd32ad-8316722560","trial_id":10,"param_name":"clone_class_power","param_value_internal":0.1796036775596348,"distribution":"{\"name\": \"FloatDistribution\", \"attributes\": {\"step\": null, \"low\": 0.0, \"high\": 1.0, \"log\": false}}"}
{"op_code":5,"worker_id":"f959fc9e-6564-4713-bc97-cf94a2bd32ad-8316722560","trial_id":10,"param_name":"clone_label_smoothing","param_value_internal":2,"distribution":"{\"name\": \"CategoricalDistribution\", \"attributes\": {\"choices\": [0.0, 0.05, 0.1]}}"}
{"op_code":5,"worker_id":"f959fc9e-6564-4713-bc97-cf94a2bd32ad-8316722560","trial_id":10,"param_name":"clone_patience","param_value_internal":2,"distribution":"{\"name\": \"CategoricalDistribution\", \"attributes\": {\"choices\": [5, 10, 20]}}"}
{"op_code":8,"worker_id":"f959fc9e-6564-4713-bc97-cf94a2bd32ad-8316722560","trial_id":10,"user_attr":{"tag":"cc8dfc1475c65"}}
{"op_code":8,"worker_id":"f959fc9e-6564-4713-bc97-cf94a2bd32ad-8316722560","trial_id":10,"user_attr":{"overrides":{"lr":0.00042062006964770077,"hidden":64,"clone_batch":128,"clone_weight_decay":0.0001,"clone_class_power":0.1796036775596348,"clone_label_smoothing":0.1,"clone_patience":20}}}
{"op_code":4,"worker_id":"f959fc9e-6564-4713-bc97-cf94a2bd32ad-8316722560","study_id":0,"datetime_start":"2026-10-08T03:28:11.762751"}
{"op_code":5,"worker_id":"f959fc9e-6564-4713-bc97-cf94a2bd32ad-8316722560","trial_id":11,"param_name":"lr","param_value_internal":0.009564844079220338,"distribution":"{\"name\": \"FloatDistribution\", \"attributes\": {\"step\": null, \"low\": 0.0001, \"high\": 0.01, \"log\": true}}"}
{"op_code":5,"worker_id":"f959fc9e-6564-4713-bc97-cf94a2bd32ad-8316722560","trial_id":11,"param_name":"hidden","param_value_internal":1,"distribution":"{\"name\": \"CategoricalDistribution\", \"attributes\": {\"choices\": [64, 128, 256]}}"}
{"op_code":5,"worker_id":"f959fc9e-6564-4713-bc97-cf94a2bd32ad-8316722560","trial_id":11,"param_name":"clone_batch","param_value_internal":1,"distribution":"{\"name\": \"CategoricalDistribution\", \"attributes\": {\"choices\": [128, 256, 512, 1024, 2048]}}"}
{"op_code":5,"worker_id":"f959fc9e-6564-4713-bc97-cf94a2bd32ad-8316722560","trial_id":11,"param_name":"clone_weight_decay","param_value_internal":2,"distribution":"{\"name\": \"CategoricalDistribution\", \"attributes\": {\"choices\": [0.0, 1e-06, 1e-05, 0.0001, 0.001]}}"}
{"op_code":5,"worker_id":"f959fc9e-6564-4713-bc97-cf94a2bd32ad-8316722560","trial_id":11,"param_name":"clone_class_power","param_value_internal":0.1856359443059522,"distribution":"{\"name\": \"FloatDistribution\", \"attributes\": {\"step\": null, \"low\": 0.0, \"high\": 1.0, \"log\": false}}"}
{"op_code":5,"worker_id":"f959fc9e-6564-4713-bc97-cf94a2bd32ad-8316722560","trial_id":11,"param_name":"clone_label_smoothing","param_value_internal":0,"distribution":"{\"name\": \"CategoricalDistribution\", \"attributes\": {\"choices\": [0.0, 0.05, 0.1]}}"}
{"op_code":5,"worker_id":"f959fc9e-6564-4713-bc97-cf94a2bd32ad-8316722560","trial_id":11,"param_name":"clone_patience","param_value_internal":0,"distribution":"{\"name\": \"CategoricalDistribution\", \"attributes\": {\"choices\": [5, 10, 20]}}"}
{"op_code":8,"worker_id":"f959fc9e-6564-4713-bc97-cf94a2bd32ad-8316722560","trial_id":11,"user_attr":{"tag":"cafc76ce15dac"}}
{"op_code":8,"worker_id":"f959fc9e-6564-4713-bc97-cf94a2bd32ad-8316722560","trial_id":11,"user_attr":{"overrides":{"lr":0.009564844079220338,"hidden":128,"clone_batch":256,"clone_weight_decay":1e-05,"clone_class_power":0.1856359443059522,"clone_label_smoothing":0.0,"clone_patience":5}}}
{"op_code":4,"worker_id":"f959fc9e-6564-4713-bc97-cf94a2bd32ad-8316722560","study_id":0,"datetime_start":"2026-10-08T03:28:11.765145"}
{"op_code":5,"worker_id":"f959fc9e-6564-4713-bc97-cf94a2bd32ad-8316722560","trial_id":12,"param_name":"lr","param_value_internal":0.000267069291771691,"distribution":"{\"name\": \"FloatDistribution\", \"attributes\": {\"step\": null, \"low\": 0.0001, \"high\": 0.01, \"log\": true}}"}
{"op_code":5,"worker_id":"f959fc9e-6564-4713-bc97-cf94a2bd32ad-8316722560","trial_id":12,"param_name":"hidden","param_value_internal":0,"distribution":"{\"name\": \"CategoricalDistribution\", \"attributes\": {\"choices\": [64, 128, 256]}}"}
{"op_code":5,"worker_id":"f959fc9e-6564-4713-bc97-cf94a2bd32ad-8316722560","trial_id":12,"param_name":"clone_batch","param_value_internal":4,"distribution":"{\"name\": \"CategoricalDistribution\", \"attributes\": {\"choices\": [128, 256, 512, 1024, 2048]}}"}
{"op_code":5,"worker_id":"f959fc9e-6564-4713-bc97-cf94a2bd32ad-8316722560","trial_id":12,"param_name":"clone_weight_decay","param_value_internal":0,"distribution":"{\"name\": \"CategoricalDistribution\", \"attributes\": {\"choices\": [0.0, 1e-06, 1e-05, 0.0001, 0.001]}}"}
{"op_code":5,"worker_id":"f959fc9e-6564-4713-bc97-cf94a2bd32ad-8316722560","trial_id":12,"param_name":"clone_class_power","param_value_internal":0.39605970280729375,"distribution":"{\"name\": \"FloatDistribution\", \"attributes\": {\"step\": null, \"low\": 0.0, \"high\": 1.0, \"log\": false}}"}
{"op_code":5,"worker_id":"f959fc9e-6564-4713-bc97-cf94a2bd32ad-8316722560","trial_id":12,"param_name":"clone_label_smoothing","param_value_internal":0,"distribution":"{\"name\": \"CategoricalDistribution\", \"attributes\": {\"choices\": [0.0, 0.05, 0.1]}}"}
{"op_code":5,"worker_id":"f959fc9e-6564-4713-bc97-cf94a2bd32ad-8316722560","trial_id":12,"param_name":"clone_patience","param_value_internal":2,"distribution":"{\"name\": \"CategoricalDistribution\", \"attributes\": {\"choices\": [5, 10, 20]}}"}
{"op_code":8,"worker_id":"f959fc9e-6564-4713-bc97-cf94a2bd32ad-8316722560","trial_id":12,"user_attr":{"tag":"c3cd40eaa463b"}}
{"op_code":8,"worker_id":"f959fc9e-6564-4713-bc97-cf94a2bd32ad-8316722560","trial_id":12,"user_attr":{"overrides":{"lr":0.000267069291771691,"hidden":64,"clone_batch":2048,"clone_weight_decay":0.0,"clone_class_power":0.39605970280729375,"clone_label_smoothing":0.0,"clone_patience":20}}}
{"op_code":4,"worker_id":"f959fc9e-6564-4713-bc97-cf94a2bd32ad-8316722560","study_id":0,"datetime_start":"2026-10-08T03:28:11.767609"}
{"op_code":5,"worker_id":"f959fc9e-6564-4713-bc97-cf94a2bd32ad-8316722560","trial_id":13,"param_name":"lr","param_value_internal":0.003393520738623788,"distribution":"{\"name\": \"FloatDistribution\", \"attributes\": {\"step\": null, \"low\": 0.0001, \"high\": 0.01, \"log\": true}}"}
{"op_code":5,"worker_id":"f959fc9e-6564-4713-bc97-cf94a2bd32ad-8316722560","trial_id":13,"param_name":"hidden","param_value_internal":1,"distribution":"{\"name\": \"CategoricalDistribution\", \"attributes\": {\"choices\": [64, 128, 256]}}"}
{"op_code":5,"worker_id":"f959fc9e-6564-4713-bc97-cf94a2bd32ad-8316722560","trial_id":13,"param_name":"clone_batch","param_value_internal":2,"distribution":"{\"name\": \"CategoricalDistribution\", \"attributes\": {\"choices\": [128, 256, 512, 1024, 2048]}}"}
{"op_code":5,"worker_id":"f959fc9e-6564-4713-bc97-cf94a2bd32ad-8316722560","trial_id":13,"param_name":"clone_weight_decay","param_value_internal":2,"distribution":"{\"name\": \"CategoricalDistribution\", \"attributes\": {\"choices\": [0.0, 1e-06, 1e-05, 0.0001, 0.001]}}"}
{"op_code":5,"worker_id":"f959fc9e-6564-4713-bc97-cf94a2bd32ad-8316722560","trial_id":13,"param_name":"clone_class_power","param_value_internal":0.2817301057539491,"distribution":"{\"name\": \"FloatDistribution\", \"attributes\": {\"step\": null, \"low\": 0.0, \"high\": 1.0, \"log\": false}}"}
{"op_code":5,"worker_id":"f959fc9e-6564-4713-bc97-cf94a2bd32ad-8316722560","trial_id":13,"param_name":"clone_label_smoothing","param_value_internal":0,"distribution":"{\"name\": \"CategoricalDistribution\", \"attributes\": {\"choices\": [0.0, 0.05, 0.1]}}"}
{"op_code":5,"worker_id":"f959fc9e-6564-4713-bc97-cf94a2bd32ad-8316722560","trial_id":13,"param_name":"clone_patience","param_value_internal":0,"distribution":"{\"name\": \"CategoricalDistribution\", \"attributes\": {\"choices\": [5, 10, 20]}}"}
{"op_code":8,"worker_id":"f959fc9e-6564-4713-bc97-cf94a2bd32ad-8316722560","trial_id":13,"user_attr":{"tag":"c73a38017dde8"}}
{"op_code":8,"worker_id":"f959fc9e-6564-4713-bc97-cf94a2bd32ad-8316722560","trial_id":13,"user_attr":{"overrides":{"lr":0.003393520738623788,"hidden":128,"clone_batch":512,"clone_weight_decay":1e-05,"clone_class_power":0.2817301057539491,"clone_label_smoothing":0.0,"clone_patience":5}}}
{"op_code":4,"worker_id":"f959fc9e-6564-4713-bc97-cf94a2bd32ad-8316722560","study_id":0,"datetime_start":"2026-10-08T03:28:11.770005"}
{"op_code":5,"worker_id":"f959fc9e-6564-4713-bc97-cf94a2bd32ad-8316722560","trial_id":14,"param_name":"lr","param_value_internal":0.008377999094435281,"distribution":"{\"name\": \"FloatDistribution\", \"attributes\": {\"step\": null, \"low\": 0.0001, \"high\": 0.01, \"log\": true}}"}
{"op_code":5,"worker_id":"f959fc9e-6564-4713-bc97-cf94a2bd32ad-8316722560","trial_id":14,"param_name":"hidden","param_value_internal":1,"distribution":"{\"name\": \"CategoricalDistribution\", \"attributes\": {\"choices\": [64, 128, 256]}}"}
{"op_code":5,"worker_id":"f959fc9e-6564-4713-bc97-cf94a2bd32ad-8316722560","trial_id":14,"param_name":"clone_batch","param_value_internal":2,"distribution":"{\"name\": \"CategoricalDistribution\", \"attributes\": {\"choices\": [128, 256, 512, 1024, 2048]}}"}
{"op_code":5,"worker_id":"f959fc9e-6564-4713-bc97-cf94a2bd32ad-8316722560","trial_id":14,"param_name":"clone_weight_decay","param_value_internal":4,"distribution":"{\"name\": \"CategoricalDistribution\", \"attributes\": {\"choices\": [0.0, 1e-06, 1e-05, 0.0001, 0.001]}}"}
{"op_code":5,"worker_id":"f959fc9e-6564-4713-bc97-cf94a2bd32ad-8316722560","trial_id":14,"param_name":"clone_class_power","param_value_internal":0.47837030703998806,"distribution":"{\"name\": \"FloatDistribution\", \"attributes\": {\"step\": null, \"low\": 0.0, \"high\": 1.0, \"log\": false}}"}
{"op_code":5,"worker_id":"f959fc9e-6564-4713-bc97-cf94a2bd32ad-8316722560","trial_id":14,"param_name":"clone_label_smoothing","param_value_internal":1,"distribution":"{\"name\": \"CategoricalDistribution\", \"attributes\": {\"choices\": [0.0, 0.05, 0.1]}}"}
{"op_code":5,"worker_id":"f959fc9e-6564-4713-bc97-cf94a2bd32ad-8316722560","trial_id":14,"param_name":"clone_patience","param_value_internal":1,"distribution":"{\"name\": \"CategoricalDistribution\", \"attributes\": {\"choices\": [5, 10, 20]}}"}
{"op_code":8,"worker_id":"f959fc9e-6564-4713-bc97-cf94a2bd32ad-8316722560","trial_id":14,"user_attr":{"tag":"ce7d4fc3b8959"}}
{"op_code":8,"worker_id":"f959fc9e-6564-4713-bc97-cf94a2bd32ad-8316722560","trial_id":14,"user_attr":{"overrides":{"lr":0.008377999094435281,"hidden":128,"clone_batch":512,"clone_weight_decay":0.001,"clone_class_power":0.47837030703998806,"clone_label_smoothing":0.05,"clone_patience":10}}}
{"op_code":4,"worker_id":"f959fc9e-6564-4713-bc97-cf94a2bd32ad-8316722560","study_id":0,"datetime_start":"2026-10-08T03:28:11.772246"}
{"op_code":5,"worker_id":"f959fc9e-6564-4713-bc97-cf94a2bd32ad-8316722560","trial_id":15,"param_name":"lr","param_value_internal":0.0010535083086675825,"distribution":"{\"name\": \"FloatDistribution\", \"attributes\": {\"step\": null, \"low\": 0.0001, \"high\": 0.01, \"log\": true}}"}
{"op_code":5,"worker_id":"f959fc9e-6564-4713-bc97-cf94a2bd32ad-8316722560","trial_id":15,"param_name":"hidden","param_value_internal":2,"distribution":"{\"name\": \"CategoricalDistribution\", \"attributes\": {\"choices\": [64, 128, 256]}}"}
{"op_code":5,"worker_id":"f959fc9e-6564-4713-bc97-cf94a2bd32ad-8316722560","trial_id":15,"param_name":"clone_batch","param_value_internal":0,"distribution":"{\"name\": \"CategoricalDistribution\", \"attributes\": {\"choices\": [128, 256, 512, 1024, 2048]}}"}
{"op_code":5,"worker_id":"f959fc9e-6564-4713-bc97-cf94a2bd32ad-8316722560","trial_id":15,"param_name":"clone_weight_decay","param_value_internal":1,"distribution":"{\"name\": \"CategoricalDistribution\", \"attributes\": {\"choices\": [0.0, 1e-06, 1e-05, 0.0001, 0.001]}}"}
{"op_code":5,"worker_id":"f959fc9e-6564-4713-bc97-cf94a2bd32ad-8316722560","trial_id":15,"param_name":"clone_class_power","param_value_internal":0.7255943642105788,"distribution":"{\"name\": \"FloatDistribution\", \"attributes\": {\"step\": null, \"low\": 0.0, \"high\": 1.0, \"log\": false}}"}
{"op_code":5,"worker_id":"f959fc9e-6564-4713-bc97-cf94a2bd32ad-8316722560","trial_id":15,"param_name":"clone_label_smoothing","param_value_internal":1,"distribution":"{\"name\": \"CategoricalDistribution\", \"attributes\": {\"choices\": [0.0, 0.05, 0.1]}}"}
{"op_code":5,"worker_id":"f959fc9e-6564-4713-bc97-cf94a2bd32ad-8316722560","trial_id":15,"param_name":"clone_patience","param_value_internal":2,"distribution":"{\"name\": \"CategoricalDistribution\", \"attributes\": {\"choices\": [5, 10, 20]}}"}
{"op_code":8,"worker_id":"f959fc9e-6564-4713-bc97-cf94a2bd32ad-8316722560","trial_id":15,"user_attr":{"tag":"c0e92e38d95fb"}}
{"op_code":8,"worker_id":"f959fc9e-6564-4713-bc97-cf94a2bd32ad-8316722560","trial_id":15,"user_attr":{"overrides":{"lr":0.0010535083086675825,"hidden":256,"clone_batch":128,"clone_weight_decay":1e-06,"clone_class_power":0.7255943642105788,"clone_label_smoothing":0.05,"clone_patience":20}}}
{"op_code":4,"worker_id":"f959fc9e-6564-4713-bc97-cf94a2bd32ad-8316722560","study_id":0,"datetime_start":"2026-10-08T03:28:11.774559"}
{"op_code":5,"worker_id":"f959fc9e-6564-4713-bc97-cf94a2bd32ad-8316722560","trial_id":16,"param_name":"lr","param_value_internal":0.0003095525740601861,"distribution":"{\"name\": \"FloatDistribution\", \"attributes\": {\"step\": null, \"low\": 0.0001, \"high\": 0.01, \"log\": true}}"}
{"op_code":5,"worker_id":"f959fc9e-6564-4713-bc97-cf94a2bd32ad-8316722560","trial_id":16,"param_name":"hidden","param_value_internal":2,"distribution":"{\"name\": \"CategoricalDistribution\", \"attributes\": {\"choices\": [64, 128, 256]}}"}
{"op_code":5,"worker_id":"f959fc9e-6564-4713-bc97-cf94a2bd32ad-8316722560","trial_id":16,"param_name":"clone_batch","param_value_internal":0,"distribution":"{\"name\": \"CategoricalDistribution\", \"attributes\": {\"choices\": [128, 256, 512, 1024, 2048]}}"}
{"op_code":5,"worker_id":"f959fc9e-6564-4713-bc97-cf94a2bd32ad-8316722560","trial_id":16,"param_name":"clone_weight_decay","param_value_internal":3,"distribution":"{\"name\": \"CategoricalDistribution\", \"attributes\": {\"choices\": [0.0, 1e-06, 1e-05, 0.0001, 0.001]}}"}
{"op_code":5,"worker_id":"f959fc9e-6564-4713-bc97-cf94a2bd32ad-8316722560","trial_id":16,"param_name":"clone_class_power","param_value_internal":0.3799269559001205,"distribution":"{\"name\": \"FloatDistribution\", \"attributes\": {\"step\": null, \"low\": 0.0, \"high\": 1.0, \"log\": false}}"}
{"op_code":5,"worker_id":"f959fc9e-6564-4713-bc97-cf94a2bd32ad-8316722560","trial_id":16,"param_name":"clone_label_smoothing","param_value_internal":1,"distribution":"{\"name\": \"CategoricalDistribution\", \"attributes\": {\"choices\": [0.0, 0.05, 0.1]}}"}
{"op_code":5,"worker_id":"f959fc9e-6564-4713-bc97-cf94a2bd32ad-8316722560","trial_id":16,"param_name":"clone_patience","param_value_internal":1,"distribution":"{\"name\": \"CategoricalDistribution\", \"attributes\": {\"choices\": [5, 10, 20]}}"}
{"op_code":8,"worker_id":"f959fc9e-6564-4713-bc97-cf94a2bd32ad-8316722560","trial_id":16,"user_attr":{"tag":"cf442912e7573"}}
{"op_code":8,"worker_id":"f959fc9e-6564-4713-bc97-cf94a2bd32ad-8316722560","trial_id":16,"user_attr":{"overrides":{"lr":0.0003095525740601861,"hidden":256,"clone_batch":128,"clone_weight_decay":0.0001,"clone_class_power":0.3799269559001205,"clone_label_smoothing":0.05,"clone_patience":10}}}
{"op_code":4,"worker_id":"f959fc9e-6564-4713-bc97-cf94a2bd32ad-8316722560","study_id":0,"datetime_start":"2026-10-08T03:28:11.777141"}
{"op_code":5,"worker_id":"f959fc9e-6564-4713-bc97-cf94a2bd32ad-8316722560","trial_id":17,"param_name":"lr","param_value_internal":0.0003302517508188941,"distribution":"{\"name\": \"FloatDistribution\", \"attributes\": {\"step\": null, \"low\": 0.0001, \"high\": 0.01, \"log\": true}}"}
{"op_code":5,"worker_id":"f959fc9e-6564-4713-bc97-cf94a2bd32ad-8316722560","trial_id":17,"param_name":"hidden","param_value_internal":1,"distribution":"{\"name\": \"CategoricalDistribution\", \"attributes\": {\"choices\": [64, 128, 256]}}"}
{"op_code":5,"worker_id":"f959fc9e-6564-4713-bc97-cf94a2bd32ad-8316722560","trial_id":17,"param_name":"clone_batch","param_value_internal":4,"distribution":"{\"name\": \"CategoricalDistribution\", \"attributes\": {\"choices\": [128, 256, 512, 1024, 2048]}}"}
{"op_code":5,"worker_id":"f959fc9e-6564-4713-bc97-cf94a2bd32ad-8316722560","trial_id":17,"param_name":"clone_weight_decay","param_value_internal":4,"distribution":"{\"name\": \"CategoricalDistribution\", \"attributes\": {\"choices\": [0.0, 1e-06, 1e-05, 0.0001, 0.001]}}"}
{"op_code":5,"worker_id":"f959fc9e-6564-4713-bc97-cf94a2bd32ad-8316722560","trial_id":17,"param_name":"clone_class_power","param_value_internal":0.6455702444560039,"distribution":"{\"name\": \"FloatDistribution\", \"attributes\": {\"step\": null, \"low\": 0.0, \"high\": 1.0, \"log\": false}}"}
{"op_code":5,"worker_id":"f959fc9e-6564-4713-bc97-cf94a2bd32ad-8316722560","trial_id":17,"param_name":"clone_label_smoothing","param_value_internal":2,"distribution":"{\"name\": \"CategoricalDistribution\", \"attributes\": {\"choices\": [0.0, 0.05, 0.1]}}"}
{"op_code":5,"worker_id":"f959fc9e-6564-4713-bc97-cf94a2bd32ad-8316722560","trial_id":17,"param_name":"clone_patience","param_value_internal":1,"distribution":"{\"name\": \"CategoricalDistribution\", \"attributes\": {\"choices\": [5, 10, 20]}}"}
{"op_code":8,"worker_id":"f959fc9e-6564-4713-bc97-cf94a2bd32ad-8316722560","trial_id":17,"user_attr":{"tag":"c36e6a6777286"}}
{"op_code":8,"worker_id":"f959fc9e-6564-4713-bc97-cf94a2bd32ad-8316722560","trial_id":17,"user_attr":{"overrides":{"lr":0.0003302517508188941,"hidden":128,"clone_batch":2048,"clone_weight_decay":0.001,"clone_class_power":0.6455702444560039,"clone_label_smoothing":0.1,"clone_patience":10}}}
{"op_code":4,"worker_id":"f959fc9e-6564-4713-bc97-cf94a2bd32ad-8316722560","study_id":0,"datetime_start":"2026-10-08T03:28:11.779497"}
{"op_code":5,"worker_id":"f959fc9e-6564-4713-bc97-cf94a2bd32ad-8316722560","trial_id":18,"param_name":"lr","param_value_internal":0.00018101773687027132,"distribution":"{\"name\": \"FloatDistribution\", \"attributes\": {\"step\": null, \"low\": 0.0001, \"high\": 0.01, \"log\": true}}"}
{"op_code":5,"worker_id":"f959fc9e-6564-4713-bc97-cf94a2bd32ad-8316722560","trial_id":18,"param_name":"hidden","param_value_internal":1,"distribution":"{\"name\": \"CategoricalDistribution\", \"attributes\": {\"choices\": [64, 128, 256]}}"}
{"op_code":5,"worker_id":"f959fc9e-6564-4713-bc97-cf94a2bd32ad-8316722560","trial_id":18,"param_name":"clone_batch","param_value_internal":0,"distribution":"{\"name\": \"CategoricalDistribution\", \"attributes\": {\"choices\": [128, 256, 512, 1024, 2048]}}"}
{"op_code":5,"worker_id":"f959fc9e-6564-4713-bc97-cf94a2bd32ad-8316722560","trial_id":18,"param_name":"clone_weight_decay","param_value_internal":2,"distribution":"{\"name\": \"CategoricalDistribution\", \"attributes\": {\"choices\": [0.0, 1e-06, 1e-05, 0.0001, 0.001]}}"}
{"op_code":5,"worker_id":"f959fc9e-6564-4713-bc97-cf94a2bd32ad-8316722560","trial_id":18,"param_name":"clone_class_power","param_value_internal":0.3277204015571189,"distribution":"{\"name\": \"FloatDistribution\", \"attributes\": {\"step\": null, \"low\": 0.0, \"high\": 1.0, \"log\": false}}"}
{"op_code":5,"worker_id":"f959fc9e-6564-4713-bc97-cf94a2bd32ad-8316722560","trial_id":18,"param_name":"clone_label_smoothing","param_value_internal":0,"distribution":"{\"name\": \"CategoricalDistribution\", \"attributes\": {\"choices\": [0.0, 0.05, 0.1]}}"}
{"op_code":5,"worker_id":"f959fc9e-6564-4713-bc97-cf94a2bd32ad-8316722560","trial_id":18,"param_name":"clone_patience","param_value_internal":2,"distribution":"{\"name\": \"CategoricalDistribution\", \"attributes\": {\"choices\": [5, 10, 20]}}"}
{"op_code":8,"worker_id":"f959fc9e-6564-4713-bc97-cf94a2bd32ad-8316722560","trial_id":18,"user_attr":{"tag":"c4b018ac4b698"}}
{"op_code":8,"worker_id":"f959fc9e-6564-4713-bc97-cf94a2bd32ad-8316722560","trial_id":18,"user_attr":{"overrides":{"lr":0.00018101773687027132,"hidden":128,"clone_batch":128,"clone_weight_decay":1e-05,"clone_class_power":0.3277204015571189,"clone_label_smoothing":0.0,"clone_patience":20}}}
{"op_code":4,"worker_id":"f959fc9e-6564-4713-bc97-cf94a2bd32ad-8316722560","study_id":0,"datetime_start":"2026-10-08T03:28:11.782347"}
{"op_code":5,"worker_id":"f959fc9e-6564-4713-bc97-cf94a2bd32ad-8316722560","trial_id":19,"param_name":"lr","param_value_internal":0.0008246651740586803,"distribution":"{\"name\": \"FloatDistribution\", \"attributes\": {\"step\": null, \"low\": 0.0001, \"high\": 0.01, \"log\": true}}"}
{"op_code":5,"worker_id":"f959fc9e-6564-4713-bc97-cf94a2bd32ad-8316722560","trial_id":19,"param_name":"hidden","param_value_internal":1,"distribution":"{\"name\": \"CategoricalDistribution\", \"attributes\": {\"choices\": [64, 128, 256]}}"}
{"op_code":5,"worker_id":"f959fc9e-6564-4713-bc97-cf94a2bd32ad-8316722560","trial_id":19,"param_name":"clone_batch","param_value_internal":0,"distribution":"{\"name\": \"CategoricalDistribution\", \"attributes\": {\"choices\": [128, 256, 512, 1024, 2048]}}"}
{"op_code":5,"worker_id":"f959fc9e-6564-4713-bc97-cf94a2bd32ad-8316722560","trial_id":19,"param_name":"clone_weight_decay","param_value_internal":1,"distribution":"{\"name\": \"CategoricalDistribution\", \"attributes\": {\"choices\": [0.0, 1e-06, 1e-05, 0.0001, 0.001]}}"}
{"op_code":5,"worker_id":"f959fc9e-6564-4713-bc97-cf94a2bd32ad-8316722560","trial_id":19,"param_name":"clone_class_power","param_value_internal":0.2586840668894077,"distribution":"{\"name\": \"FloatDistribution\", \"attributes\": {\"step\": null, \"low\": 0.0, \"high\": 1.0, \"log\": false}}"}
{"op_code":5,"worker_id":"f959fc9e-6564-4713-bc97-cf94a2bd32ad-8316722560","trial_id":19,"param_name":"clone_label_smoothing","param_value_internal":2,"distribution":"{\"name\": \"CategoricalDistribution\", \"attributes\": {\"choices\": [0.0, 0.05, 0.1]}}"}
{"op_code":5,"worker_id":"f959fc9e-6564-4713-bc97-cf94a2bd32ad-8316722560","trial_id":19,"param_name":"clone_patience","param_value_internal":1,"distribution":"{\"name\": \"CategoricalDistribution\", \"attributes\": {\"choices\": [5, 10, 20]}}"}
{"op_code":8,"worker_id":"f959fc9e-6564-4713-bc97-cf94a2bd32ad-8316722560","trial_id":19,"user_attr":{"tag":"c079a27c9c1c0"}}
{"op_code":8,"worker_id":"f959fc9e-6564-4713-bc97-cf94a2bd32ad-8316722560","trial_id":19,"user_attr":{"overrides":{"lr":0.0008246651740586803,"hidden":128,"clone_batch":128,"clone_weight_decay":1e-06,"clone_class_power":0.2586840668894077,"clone_label_smoothing":0.1,"clone_patience":10}}}
{"op_code":4,"worker_id":"f959fc9e-6564-4713-bc97-cf94a2bd32ad-8316722560","study_id":0,"datetime_start":"2026-10-08T03:28:11.785442"}
{"op_code":5,"worker_id":"f959fc9e-6564-4713-bc97-cf94a2bd32ad-8316722560","trial_id":20,"param_name":"lr","param_value_internal":0.0002346738241460136,"distribution":"{\"name\": \"FloatDistribution\", \"attributes\": {\"step\": null, \"low\": 0.0001, \"high\": 0.01, \"log\": true}}"}
{"op_code":5,"worker_id":"f959fc9e-6564-4713-bc97-cf94a2bd32ad-8316722560","trial_id":20,"param_name":"hidden","param_value_internal":1,"distribution":"{\"name\": \"CategoricalDistribution\", \"attributes\": {\"choices\": [64, 128, 256]}}"}
{"op_code":5,"worker_id":"f959fc9e-6564-4713-bc97-cf94a2bd32ad-8316722560","trial_id":20,"param_name":"clone_batch","param_value_internal":0,"distribution":"{\"name\": \"CategoricalDistribution\", \"attributes\": {\"choices\": [128, 256, 512, 1024, 2048]}}"}
{"op_code":5,"worker_id":"f959fc9e-6564-4713-bc97-cf94a2bd32ad-8316722560","trial_id":20,"param_name":"clone_weight_decay","param_value_internal":0,"distribution":"{\"name\": \"CategoricalDistribution\", \"attributes\": {\"choices\": [0.0, 1e-06, 1e-05, 0.0001, 0.001]}}"}
{"op_code":5,"worker_id":"f959fc9e-6564-4713-bc97-cf94a2bd32ad-8316722560","trial_id":20,"param_name":"clone_class_power","param_value_internal":0.2519409882460929,"distribution":"{\"name\": \"FloatDistribution\", \"attributes\": {\"step\": null, \"low\": 0.0, \"high\": 1.0, \"log\": false}}"}
{"op_code":5,"worker_id":"f959fc9e-6564-4713-bc97-cf94a2bd32ad-8316722560","trial_id":20,"param_name":"clone_label_smoothing","param_value_internal":1,"distribution":"{\"name\": \"CategoricalDistribution\", \"attributes\": {\"choices\": [0.0, 0.05, 0.1]}}"}
{"op_code":5,"worker_id":"f959fc9e-6564-4713-bc97-cf94a2bd32ad-8316722560","trial_id":20,"param_name":"clone_patience","param_value_internal":2,"distribution":"{\"name\": \"CategoricalDistribution\", \"attributes\": {\"choices\": [5, 10, 20]}}"}
{"op_code":8,"worker_id":"f959fc9e-6564-4713-bc97-cf94a2bd32ad-8316722560","trial_id":20,"user_attr":{"tag":"c4ef8a60360db"}}
{"op_code":8,"worker_id":"f959fc9e-6564-4713-bc97-cf94a2bd32ad-8316722560","trial_id":20,"user_attr":{"overrides":{"lr":0.0002346738241460136,"hidden":128,"clone_batch":128,"clone_weight_decay":0.0,"clone_class_power":0.2519409882460929,"clone_label_smoothing":0.05,"clone_patience":20}}}
{"op_code":4,"worker_id":"f959fc9e-6564-4713-bc97-cf94a2bd32ad-8316722560","study_id":0,"datetime_start":"2026-10-08T03:28:11.788985"}
{"op_code":5,"worker_id":"f959fc9e-6564-4713-bc97-cf94a2bd32ad-8316722560","trial_id":21,"param_name":"lr","param_value_internal":0.008882033884178733,"distribution":"{\"name\": \"FloatDistribution\", \"attributes\": {\"step\": null, \"low\": 0.0001, \"high\": 0.01, \"log\": true}}"}
{"op_code":5,"worker_id":"f959fc9e-6564-4713-bc97-cf94a2bd32ad-8316722560","trial_id":21,"param_name":"hidden","param_value_internal":0,"distribution":"{\"name\": \"CategoricalDistribution\", \"attributes\": {\"choices\": [64, 128, 256]}}"}
{"op_code":5,"worker_id":"f959fc9e-6564-4713-bc97-cf94a2bd32ad-8316722560","trial_id":21,"param_name":"clone_batch","param_value_internal":2,"distribution":"{\"name\": \"CategoricalDistribution\", \"attributes\": {\"choices\": [128, 256, 512, 1024, 2048]}}"}
{"op_code":5,"worker_id":"f959fc9e-6564-4713-bc97-cf94a2bd32ad-8316722560","trial_id":21,"param_name":"clone_weight_decay","param_value_internal":4,"distribution":"{\"name\": \"CategoricalDistribution\", \"attributes\": {\"choices\": [0.0, 1e-06, 1e-05, 0.0001, 0.001]}}"}
{"op_code":5,"worker_id":"f959fc9e-6564-4713-bc97-cf94a2bd32ad-8316722560","trial_id":21,"param_name":"clone_class_power","param_value_internal":0.5173085172022888,"distribution":"{\"name\": \"FloatDistribution\", \"attributes\": {\"step\": null, \"low\": 0.0, \"high\": 1.0, \"log\": false}}"}
{"op_code":5,"worker_id":"f959fc9e-6564-4713-bc97-cf94a2bd32ad-8316722560","trial_id":21,"param_name":"clone_label_smoothing","param_value_internal":1,"distribution":"{\"name\": \"CategoricalDistribution\", \"attributes\": {\"choices\": [0.0, 0.05, 0.1]}}"}
{"op_code":5,"worker_id":"f959fc9e-6564-4713-bc97-cf94a2bd32ad-8316722560","trial_id":21,"param_name":"clone_patience","param_value_internal":0,"distribution":"{\"name\": \"CategoricalDistribution\", \"attributes\": {\"choices\": [5, 10, 20]}}"}
{"op_code":8,"worker_id":"f959fc9e-6564-4713-bc97-cf94a2bd32ad-8316722560","trial_id":21,"user_attr":{"tag":"cc25b8c37379f"}}
{"op_code":8,"worker_id":"f959fc9e-6564-4713-bc97-cf94a2bd32ad-8316722560","trial_id":21,"user_attr":{"overrides":{"lr":0.008882033884178733,"hidden":64,"clone_batch":512,"clone_weight_decay":0.001,"clone_class_power":0.5173085172022888,"clone_label_smoothing":0.05,"clone_patience":5}}}
{"op_code":4,"worker_id":"f959fc9e-6564-4713-bc97-cf94a2bd32ad-8316722560","study_id":0,"datetime_start":"2026-10-08T03:28:11.791411"}
{"op_code":5,"worker_id":"f959fc9e-6564-4713-bc97-cf94a2bd32ad-8316722560","trial_id":22,"param_name":"lr","param_value_internal":0.0045426976168700395,"distribution":"{\"name\": \"FloatDistribution\", \"attributes\": {\"step\": null, \"low\": 0.0001, \"high\": 0.01, \"log\": true}}"}
{"op_code":5,"worker_id":"f959fc9e-6564-4713-bc97-cf94a2bd32ad-8316722560","trial_id":22,"param_name":"hidden","param_value_internal":0,"distribution":"{\"name\": \"CategoricalDistribution\", \"attributes\": {\"choices\": [64, 128, 256]}}"}
{"op_code":5,"worker_id":"f959fc9e-6564-4713-bc97-cf94a2bd32ad-8316722560","trial_id":22,"param_name":"clone_batch","param_value_internal":2,"distribution":"{\"name\": \"CategoricalDistribution\", \"attributes\": {\"choices\": [128, 256, 512, 1024, 2048]}}"}
{"op_code":5,"worker_id":"f959fc9e-6564-4713-bc97-cf94a2bd32ad-8316722560","trial_id":22,"param_name":"clone_weight_decay","param_value_internal":1,"distribution":"{\"name\": \"CategoricalDistribution\", \"attributes\": {\"choices\": [0.0, 1e-06, 1e-05, 0.0001, 0.001]}}"}
{"op_code":5,"worker_id":"f959fc9e-6564-4713-bc97-cf94a2bd32ad-8316722560","trial_id":22,"param_name":"clone_class_power","param_value_internal":0.2334202554680963,"distribution":"{\"name\": \"FloatDistribution\", \"attributes\": {\"step\": null, \"low\": 0.0, \"high\": 1.0, \"log\": false}}"}
{"op_code":5,"worker_id":"f959fc9e-6564-4713-bc97-cf94a2bd32ad-8316722560","trial_id":22,"param_name":"clone_label_smoothing","param_value_internal":2,"distribution":"{\"name\": \"CategoricalDistribution\", \"attributes\": {\"choices\": [0.0, 0.05, 0.1]}}"}
{"op_code":5,"worker_id":"f959fc9e-6564-4713-bc97-cf94a2bd32ad-8316722560","trial_id":22,"param_name":"clone_patience","param_value_internal":0,"distribution":"{\"name\": \"CategoricalDistribution\", \"attributes\": {\"choices\": [5, 10, 20]}}"}
{"op_code":8,"worker_id":"f959fc9e-6564-4713-bc97-cf94a2bd32ad-8316722560","trial_id":22,"user_attr":{"tag":"c046308b86646"}}
{"op_code":8,"worker_id":"f959fc9e-6564-4713-bc97-cf94a2bd32ad-8316722560","trial_id":22,"user_attr":{"overrides":{"lr":0.0045426976168700395,"hidden":64,"clone_batch":512,"clone_weight_decay":1e-06,"clone_class_power":0.2334202554680963,"clone_label_smoothing":0.1,"clone_patience":5}}}
{"op_code":4,"worker_id":"f959fc9e-6564-4713-bc97-cf94a2bd32ad-8316722560","study_id":0,"datetime_start":"2026-10-08T03:28:11.793784"}
{"op_code":5,"worker_id":"f959fc9e-6564-4713-bc97-cf94a2bd32ad-8316722560","trial_id":23,"param_name":"lr","param_value_internal":0.0005605216175760003,"distribution":"{\"name\": \"FloatDistribution\", \"attributes\": {\"step\": null, \"low\": 0.0001, \"high\": 0.01, \"log\": true}}"}
{"op_code":5,"worker_id":"f959fc9e-6564-4713-bc97-cf94a2bd32ad-8316722560","trial_id":23,"param_name":"hidden","param_value_internal":0,"distribution":"{\"name\": \"CategoricalDistribution\", \"attributes\": {\"choices\": [64, 128, 256]}}"}
{"op_code":5,"worker_id":"f959fc9e-6564-4713-bc97-cf94a2bd32ad-8316722560","trial_id":23,"param_name":"clone_batch","param_value_internal":2,"distribution":"{\"name\": \"CategoricalDistribution\", \"attributes\": {\"choices\": [128, 256, 512, 1024, 2048]}}"}
{"op_code":5,"worker_id":"f959fc9e-6564-4713-bc97-cf94a2bd32ad-8316722560","trial_id":23,"param_name":"clone_weight_decay","param_value_internal":0,"distribution":"{\"name\": \"CategoricalDistribution\", \"attributes\": {\"choices\": [0.0, 1e-06, 1e-05, 0.0001, 0.001]}}"}
{"op_code":5,"worker_id":"f959fc9e-6564-4713-bc97-cf94a2bd32ad-8316722560","trial_id":23,"param_name":"clone_class_power","param_value_internal":0.6995750602247514,"distribution":"{\"name\": \"FloatDistribution\", \"attributes\": {\"step\": null, \"low\": 0.0, \"high\": 1.0, \"log\": false}}"}
{"op_code":5,"worker_id":"f959fc9e-6564-4713-bc97-cf94a2bd32ad-8316722560","trial_id":23,"param_name":"clone_label_smoothing","param_value_internal":1,"distribution":"{\"name\": \"CategoricalDistribution\", \"attributes\": {\"choices\": [0.0, 0.05, 0.1]}}"}
{"op_code":5,"worker_id":"f959fc9e-6564-4713-bc97-cf94a2bd32ad-8316722560","trial_id":23,"param_name":"clone_patience","param_value_internal":1,"distribution":"{\"name\": \"CategoricalDistribution\", \"attributes\": {\"choices\": [5, 10, 20]}}"}
{"op_code":8,"worker_id":"f959fc9e-6564-4713-bc97-cf94a2bd32ad-8316722560","trial_id":23,"user_attr":{"tag":"cb1981685d95a"}}
{"op_code":8,"worker_id":"f959fc9e-6564-4713-bc97-cf94a2bd32ad-8316722560","trial_id":23,"user_attr":{"overrides":{"lr":0.0005605216175760003,"hidden":64,"clone_batch":512,"clone_weight_decay":0.0,"clone_class_power":0.6995750602247514,"clone_label_smoothing":0.05,"clone_patience":10}}}
{"op_code":4,"worker_id":"f959fc9e-6564-4713-bc97-cf94a2bd32ad-8316722560","study_id":0,"datetime_start":"2026-10-08T03:31:49.537756"}
{"op_code":5,"worker_id":"f959fc9e-6564-4713-bc97-cf94a2bd32ad-8316722560","trial_id":24,"param_name":"lr","param_value_internal":0.0006838687356454345,"distribution":"{\"name\": \"FloatDistribution\", \"attributes\": {\"step\": null, \"low\": 0.0001, \"high\": 0.01, \"log\": true}}"}
{"op_code":5,"worker_id":"f959fc9e-6564-4713-bc97-cf94a2bd32ad-8316722560","trial_id":24,"param_name":"hidden","param_value_internal":1,"distribution":"{\"name\": \"CategoricalDistribution\", \"attributes\": {\"choices\": [64, 128, 256]}}"}
{"op_code":5,"worker_id":"f959fc9e-6564-4713-bc97-cf94a2bd32ad-8316722560","trial_id":24,"param_name":"clone_batch","param_value_internal":1,"distribution":"{\"name\": \"CategoricalDistribution\", \"attributes\": {\"choices\": [128, 256, 512, 1024, 2048]}}"}
{"op_code":5,"worker_id":"f959fc9e-6564-4713-bc97-cf94a2bd32ad-8316722560","trial_id":24,"param_name":"clone_weight_decay","param_value_internal":0,"distribution":"{\"name\": \"CategoricalDistribution\", \"attributes\": {\"choices\": [0.0, 1e-06, 1e-05, 0.0001, 0.001]}}"}
{"op_code":5,"worker_id":"f959fc9e-6564-4713-bc97-cf94a2bd32ad-8316722560","trial_id":24,"param_name":"clone_class_power","param_value_internal":0.40171353537959864,"distribution":"{\"name\": \"FloatDistribution\", \"attributes\": {\"step\": null, \"low\": 0.0, \"high\": 1.0, \"log\": false}}"}
{"op_code":5,"worker_id":"f959fc9e-6564-4713-bc97-cf94a2bd32ad-8316722560","trial_id":24,"param_name":"clone_label_smoothing","param_value_internal":1,"distribution":"{\"name\": \"CategoricalDistribution\", \"attributes\": {\"choices\": [0.0, 0.05, 0.1]}}"}
{"op_code":5,"worker_id":"f959fc9e-6564-4713-bc97-cf94a2bd32ad-8316722560","trial_id":24,"param_name":"clone_patience","param_value_internal":2,"distribution":"{\"name\": \"CategoricalDistribution\", \"attributes\": {\"choices\": [5, 10, 20]}}"}
{"op_code":8,"worker_id":"f959fc9e-6564-4713-bc97-cf94a2bd32ad-8316722560","trial_id":24,"user_attr":{"tag":"c37c76b9c0811"}}
{"op_code":8,"worker_id":"f959fc9e-6564-4713-bc97-cf94a2bd32ad-8316722560","trial_id":24,"user_attr":{"overrides":{"lr":0.0006838687356454345,"hidden":128,"clone_batch":256,"clone_weight_decay":0.0,"clone_class_power":0.40171353537959864,"clone_label_smoothing":0.05,"clone_patience":20}}}
{"op_code":4,"worker_id":"f959fc9e-6564-4713-bc97-cf94a2bd32ad-8316722560","study_id":0,"datetime_start":"2026-10-08T03:31:49.543010"}
{"op_code":5,"worker_id":"f959fc9e-6564-4713-bc97-cf94a2bd32ad-8316722560","trial_id":25,"param_name":"lr","param_value_internal":0.00046453124610817796,"distribution":"{\"name\": \"FloatDistribution\", \"attributes\": {\"step\": null, \"low\": 0.0001, \"high\": 0.01, \"log\": true}}"}
{"op_code":5,"worker_id":"f959fc9e-6564-4713-bc97-cf94a2bd32ad-8316722560","trial_id":25,"param_name":"hidden","param_value_internal":0,"distribution":"{\"name\": \"CategoricalDistribution\", \"attributes\": {\"choices\": [64, 128, 256]}}"}
{"op_code":5,"worker_id":"f959fc9e-6564-4713-bc97-cf94a2bd32ad-8316722560","trial_id":25,"param_name":"clone_batch","param_value_internal":4,"distribution":"{\"name\": \"CategoricalDistribution\", \"attributes\": {\"choices\": [128, 256, 512, 1024, 2048]}}"}
{"op_code":5,"worker_id":"f959fc9e-6564-4713-bc97-cf94a2bd32ad-8316722560","trial_id":25,"param_name":"clone_weight_decay","param_value_internal":2,"distribution":"{\"name\": \"CategoricalDistribution\", \"attributes\": {\"choices\": [0.0, 1e-06, 1e-05, 0.0001, 0.001]}}"}
{"op_code":5,"worker_id":"f959fc9e-6564-4713-bc97-cf94a2bd32ad-8316722560","trial_id":25,"param_name":"clone_class_power","param_value_internal":0.6762424822774629,"distribution":"{\"name\": \"FloatDistribution\", \"attributes\": {\"step\": null, \"low\": 0.0, \"high\": 1.0, \"log\": false}}"}
{"op_code":5,"worker_id":"f959fc9e-6564-4713-bc97-cf94a2bd32ad-8316722560","trial_id":25,"param_name":"clone_label_smoothing","param_value_internal":0,"distribution":"{\"name\": \"CategoricalDistribution\", \"attributes\": {\"choices\": [0.0, 0.05, 0.1]}}"}
{"op_code":5,"worker_id":"f959fc9e-6564-4713-bc97-cf94a2bd32ad-8316722560","trial_id":25,"param_name":"clone_patience","param_value_internal":1,"distribution":"{\"name\": \"CategoricalDistribution\", \"attributes\": {\"choices\": [5, 10, 20]}}"}
{"op_code":8,"worker_id":"f959fc9e-6564-4713-bc97-cf94a2bd32ad-8316722560","trial_id":25,"user_attr":{"tag":"c8d9145dd3559"}}
{"op_code":8,"worker_id":"f959fc9e-6564-4713-bc97-cf94a2bd32ad-8316722560","trial_id":25,"user_attr":{"overrides":{"lr":0.00046453124610817796,"hidden":64,"clone_batch":2048,"clone_weight_decay":1e-05,"clone_class_power":0.6762424822774629,"clone_label_smoothing":0.0,"clone_patience":10}}}
{"op_code":4,"worker_id":"f959fc9e-6564-4713-bc97-cf94a2bd32ad-8316722560","study_id":0,"datetime_start":"2026-10-08T03:31:49.547367"}
{"op_code":5,"worker_id":"f959fc9e-6564-4713-bc97-cf94a2bd32ad-8316722560","trial_id":26,"param_name":"lr","param_value_internal":0.000556362871120205,"distribution":"{\"name\": \"FloatDistribution\", \"attributes\": {\"step\": null, \"low\": 0.0001, \"high\": 0.01, \"log\": true}}"}
{"op_code":5,"worker_id":"f959fc9e-6564-4713-bc97-cf94a2bd32ad-8316722560","trial_id":26,"param_name":"hidden","param_value_internal":1,"distribution":"{\"name\": \"CategoricalDistribution\", \"attributes\": {\"choices\": [64, 128, 256]}}"}
{"op_code":5,"worker_id":"f959fc9e-6564-4713-bc97-cf94a2bd32ad-8316722560","trial_id":26,"param_name":"clone_batch","param_value_internal":3,"distribution":"{\"name\": \"CategoricalDistribution\", \"attributes\": {\"choices\": [128, 256, 512, 1024, 2048]}}"}
{"op_code":5,"worker_id":"f959fc9e-6564-4713-bc97-cf94a2bd32ad-8316722560","trial_id":26,"param_name":"clone_weight_decay","param_value_internal":3,"distribution":"{\"name\": \"CategoricalDistribution\", \"attributes\": {\"choices\": [0.0, 1e-06, 1e-05, 0.0001, 0.001]}}"}
{"op_code":5,"worker_id":"f959fc9e-6564-4713-bc97-cf94a2bd32ad-8316722560","trial_id":26,"param_name":"clone_class_power","param_value_internal":0.9488610207205074,"distribution":"{\"name\": \"FloatDistribution\", \"attributes\": {\"step\": null, \"low\": 0.0, \"high\": 1.0, \"log\": false}}"}
{"op_code":5,"worker_id":"f959fc9e-6564-4713-bc97-cf94a2bd32ad-8316722560","trial_id":26,"param_name":"clone_label_smoothing","param_value_internal":1,"distribution":"{\"name\": \"CategoricalDistribution\", \"attributes\": {\"choices\": [0.0, 0.05, 0.1]}}"}
{"op_code":5,"worker_id":"f959fc9e-6564-4713-bc97-cf94a2bd32ad-8316722560","trial_id":26,"param_name":"clone_patience","param_value_internal":1,"distribution":"{\"name\": \"CategoricalDistribution\", \"attributes\": {\"choices\": [5, 10, 20]}}"}
{"op_code":8,"worker_id":"f959fc9e-6564-4713-bc97-cf94a2bd32ad-8316722560","trial_id":26,"user_attr":{"tag":"c191b9bfa16e8"}}
{"op_code":8,"worker_id":"f959fc9e-6564-4713-bc97-cf94a2bd32ad-8316722560","trial_id":26,"user_attr":{"overrides":{"lr":0.000556362871120205,"hidden":128,"clone_batch":1024,"clone_weight_decay":0.0001,"clone_class_power":0.9488610207205074,"clone_label_smoothing":0.05,"clone_patience":10}}}
{"op_code":4,"worker_id":"f959fc9e-6564-4713-bc97-cf94a2bd32ad-8316722560","study_id":0,"datetime_start":"2026-10-08T03:31:49.550762"}
{"op_code":5,"worker_id":"f959fc9e-6564-4713-bc97-cf94a2bd32ad-8316722560","trial_id":27,"param_name":"lr","param_value_internal":0.002471524166870036,"distribution":"{\"name\": \"FloatDistribution\", \"attributes\": {\"step\": null, \"low\": 0.0001, \"high\": 0.01, \"log\": true}}"}
{"op_code":5,"worker_id":"f959fc9e-6564-4713-bc97-cf94a2bd32ad-8316722560","trial_id":27,"param_name":"hidden","param_value_internal":0,"distribution":"{\"name\": \"CategoricalDistribution\", \"attributes\": {\"choices\": [64, 128, 256]}}"}
{"op_code":5,"worker_id":"f959fc9e-6564-4713-bc97-cf94a2bd32ad-8316722560","trial_id":27,"param_name":"clone_batch","param_value_internal":0,"distribution":"{\"name\": \"CategoricalDistribution\", \"attributes\": {\"choices\": [128, 256, 512, 1024, 2048]}}"}
{"op_code":5,"worker_id":"f959fc9e-6564-4713-bc97-cf94a2bd32ad-8316722560","trial_id":27,"param_name":"clone_weight_decay","param_value_internal":4,"distribution":"{\"name\": \"CategoricalDistribution\", \"attributes\": {\"choices\": [0.0, 1e-06, 1e-05, 0.0001, 0.001]}}"}
{"op_code":5,"worker_id":"f959fc9e-6564-4713-bc97-cf94a2bd32ad-8316722560","trial_id":27,"param_name":"clone_class_power","param_value_internal":0.6188261682413765,"distribution":"{\"name\": \"FloatDistribution\", \"attributes\": {\"step\": null, \"low\": 0.0, \"high\": 1.0, \"log\": false}}"}
{"op_code":5,"worker_id":"f959fc9e-6564-4713-bc97-cf94a2bd32ad-8316722560","trial_id":27,"param_name":"clone_label_smoothing","param_value_internal":1,"distribution":"{\"name\": \"CategoricalDistribution\", \"attributes\": {\"choices\": [0.0, 0.05, 0.1]}}"}
{"op_code":5,"worker_id":"f959fc9e-6564-4713-bc97-cf94a2bd32ad-8316722560","trial_id":27,"param_name":"clone_patience","param_value_internal":1,"distribution":"{\"name\": \"CategoricalDistribution\", \"attributes\": {\"choices\": [5, 10, 20]}}"}
{"op_code":8,"worker_id":"f959fc9e-6564-4713-bc97-cf94a2bd32ad-8316722560","trial_id":27,"user_attr":{"tag":"cd1e3df2f56bb"}}
{"op_code":8,"worker_id":"f959fc9e-6564-4713-bc97-cf94a2bd32ad-8316722560","trial_id":27,"user_attr":{"overrides":{"lr":0.002471524166870036,"hidden":64,"clone_batch":128,"clone_weight_decay":0.001,"clone_class_power":0.6188261682413765,"clone_label_smoothing":0.05,"clone_patience":10}}}
{"op_code":4,"worker_id":"f959fc9e-6564-4713-bc97-cf94a2bd32ad-8316722560","study_id":0,"datetime_start":"2026-10-08T03:31:49.554143"}
{"op_code":5,"worker_id":"f959fc9e-6564-4713-bc97-cf94a2bd32ad-8316722560","trial_id":28,"param_name":"lr","param_value_internal":0.007024446930675157,"distribution":"{\"name\": \"FloatDistribution\", \"attributes\": {\"step\": null, \"low\": 0.0001, \"high\": 0.01, \"log\": true}}"}
{"op_code":5,"worker_id":"f959fc9e-6564-4713-bc97-cf94a2bd32ad-8316722560","trial_id":28,"param_name":"hidden","param_value_internal":1,"distribution":"{\"name\": \"CategoricalDistribution\", \"attributes\": {\"choices\": [64, 128, 256]}}"}
{"op_code":5,"worker_id":"f959fc9e-6564-4713-bc97-cf94a2bd32ad-8316722560","trial_id":28,"param_name":"clone_batch","param_value_internal":3,"distribution":"{\"name\": \"CategoricalDistribution\", \"attributes\": {\"choices\": [128, 256, 512, 1024, 2048]}}"}
{"op_code":5,"worker_id":"f959fc9e-6564-4713-bc97-cf94a2bd32ad-8316722560","trial_id":28,"param_name":"clone_weight_decay","param_value_internal":3,"distribution":"{\"name\": \"CategoricalDistribution\", \"attributes\": {\"choices\": [0.0, 1e-06, 1e-05, 0.0001, 0.001]}}"}
{"op_code":5,"worker_id":"f959fc9e-6564-4713-bc97-cf94a2bd32ad-8316722560","trial_id":28,"param_name":"clone_class_power","param_value_internal":0.6611175115080995,"distribution":"{\"name\": \"FloatDistribution\", \"attributes\": {\"step\": null, \"low\": 0.0, \"high\": 1.0, \"log\": false}}"}
{"op_code":5,"worker_id":"f959fc9e-6564-4713-bc97-cf94a2bd32ad-8316722560","trial_id":28,"param_name":"clone_label_smoothing","param_value_internal":2,"distribution":"{\"name\": \"CategoricalDistribution\", \"attributes\": {\"choices\": [0.0, 0.05, 0.1]}}"}
{"op_code":5,"worker_id":"f959fc9e-6564-4713-bc97-cf94a2bd32ad-8316722560","trial_id":28,"param_name":"clone_patience","param_value_internal":0,"distribution":"{\"name\": \"CategoricalDistribution\", \"attributes\": {\"choices\": [5, 10, 20]}}"}
{"op_code":8,"worker_id":"f959fc9e-6564-4713-bc97-cf94a2bd32ad-8316722560","trial_id":28,"user_attr":{"tag":"c6503da4e1e59"}}
{"op_code":8,"worker_id":"f959fc9e-6564-4713-bc97-cf94a2bd32ad-8316722560","trial_id":28,"user_attr":{"overrides":{"lr":0.007024446930675157,"hidden":128,"clone_batch":1024,"clone_weight_decay":0.0001,"clone_class_power":0.6611175115080995,"clone_label_smoothing":0.1,"clone_patience":5}}}
{"op_code":4,"worker_id":"f959fc9e-6564-4713-bc97-cf94a2bd32ad-8316722560","study_id":0,"datetime_start":"2026-10-08T03:31:49.557763"}
{"op_code":5,"worker_id":"f959fc9e-6564-4713-bc97-cf94a2bd32ad-8316722560","trial_id":29,"param_name":"lr","param_value_internal":0.0001324820605112304,"distribution":"{\"name\": \"FloatDistribution\", \"attributes\": {\"step\": null, \"low\": 0.0001, \"high\": 0.01, \"log\": true}}"}
{"op_code":5,"worker_id":"f959fc9e-6564-4713-bc97-cf94a2bd32ad-8316722560","trial_id":29,"param_name":"hidden","param_value_internal":0,"distribution":"{\"name\": \"CategoricalDistribution\", \"attributes\": {\"choices\": [64, 128, 256]}}"}
{"op_code":5,"worker_id":"f959fc9e-6564-4713-bc97-cf94a2bd32ad-8316722560","trial_id":29,"param_name":"clone_batch","param_value_internal":3,"distribution":"{\"name\": \"CategoricalDistribution\", \"attributes\": {\"choices\": [128, 256, 512, 1024, 2048]}}"}
{"op_code":5,"worker_id":"f959fc9e-6564-4713-bc97-cf94a2bd32ad-8316722560","trial_id":29,"param_name":"clone_weight_decay","param_value_internal":2,"distribution":"{\"name\": \"CategoricalDistribution\", \"attributes\": {\"choices\": [0.0, 1e-06, 1e-05, 0.0001, 0.001]}}"}
{"op_code":5,"worker_id":"f959fc9e-6564-4713-bc97-cf94a2bd32ad-8316722560","trial_id":29,"param_name":"clone_class_power","param_value_internal":0.6803486660150015,"distribution":"{\"name\": \"FloatDistribution\", \"attributes\": {\"step\": null, \"low\": 0.0, \"high\": 1.0, \"log\": false}}"}
{"op_code":5,"worker_id":"f959fc9e-6564-4713-bc97-cf94a2bd32ad-8316722560","trial_id":29,"param_name":"clone_label_smoothing","param_value_internal":1,"distribution":"{\"name\": \"CategoricalDistribution\", \"attributes\": {\"choices\": [0.0, 0.05, 0.1]}}"}
{"op_code":5,"worker_id":"f959fc9e-6564-4713-bc97-cf94a2bd32ad-8316722560","trial_id":29,"param_name":"clone_patience","param_value_internal":2,"distribution":"{\"name\": \"CategoricalDistribution\", \"attributes\": {\"choices\": [5, 10, 20]}}"}
{"op_code":8,"worker_id":"f959fc9e-6564-4713-bc97-cf94a2bd32ad-8316722560","trial_id":29,"user_attr":{"tag":"cdf61e9d56716"}}
{"op_code":8,"worker_id":"f959fc9e-6564-4713-bc97-cf94a2bd32ad-8316722560","trial_id":29,"user_attr":{"overrides":{"lr":0.0001324820605112304,"hidden":64,"clone_batch":1024,"clone_weight_decay":1e-05,"clone_class_power":0.6803486660150015,"clone_label_smoothing":0.05,"clone_patience":20}}}
{"op_code":4,"worker_id":"f959fc9e-6564-4713-bc97-cf94a2bd32ad-8316722560","study_id":0,"datetime_start":"2026-10-08T03:31:49.561259"}
{"op_code":5,"worker_id":"f959fc9e-6564-4713-bc97-cf94a2bd32ad-8316722560","trial_id":30,"param_name":"lr","param_value_internal":0.0005443210893337426,"distribution":"{\"name\": \"FloatDistribution\", \"attributes\": {\"step\": null, \"low\": 0.0001, \"high\": 0.01, \"log\": true}}"}
{"op_code":5,"worker_id":"f959fc9e-6564-4713-bc97-cf94a2bd32ad-8316722560","trial_id":30,"param_name":"hidden","param_value_internal":2,"distribution":"{\"name\": \"CategoricalDistribution\", \"attributes\": {\"choices\": [64, 128, 256]}}"}
{"op_code":5,"worker_id":"f959fc9e-6564-4713-bc97-cf94a2bd32ad-8316722560","trial_id":30,"param_name":"clone_batch","param_value_internal":4,"distribution":"{\"name\": \"CategoricalDistribution\", \"attributes\": {\"choices\": [128, 256, 512, 1024, 2048]}}"}
{"op_code":5,"worker_id":"f959fc9e-6564-4713-bc97-cf94a2bd32ad-8316722560","trial_id":30,"param_name":"clone_weight_decay","param_value_internal":1,"distribution":"{\"name\": \"CategoricalDistribution\", \"attributes\": {\"choices\": [0.0, 1e-06, 1e-05, 0.0001, 0.001]}}"}
{"op_code":5,"worker_id":"f959fc9e-6564-4713-bc97-cf94a2bd32ad-8316722560","trial_id":30,"param_name":"clone_class_power","param_value_internal":0.8130538632474607,"distribution":"{\"name\": \"FloatDistribution\", \"attributes\": {\"step\": null, \"low\": 0.0, \"high\": 1.0, \"log\": false}}"}
{"op_code":5,"worker_id":"f959fc9e-6564-4713-bc97-cf94a2bd32ad-8316722560","trial_id":30,"param_name":"clone_label_smoothing","param_value_internal":0,"distribution":"{\"name\": \"CategoricalDistribution\", \"attributes\": {\"choices\": [0.0, 0.05, 0.1]}}"}
{"op_code":5,"worker_id":"f959fc9e-6564-4713-bc97-cf94a2bd32ad-8316722560","trial_id":30,"param_name":"clone_patience","param_value_internal":0,"distribution":"{\"name\": \"CategoricalDistribution\", \"attributes\": {\"choices\": [5, 10, 20]}}"}
{"op_code":8,"worker_id":"f959fc9e-6564-4713-bc97-cf94a2bd32ad-8316722560","trial_id":30,"user_attr":{"tag":"cab05941d0c9a"}}
{"op_code":8,"worker_id":"f959fc9e-6564-4713-bc97-cf94a2bd32ad-8316722560","trial_id":30,"user_attr":{"overrides":{"lr":0.0005443210893337426,"hidden":256,"clone_batch":2048,"clone_weight_decay":1e-06,"clone_class_power":0.8130538632474607,"clone_label_smoothing":0.0,"clone_patience":5}}}
{"op_code":4,"worker_id":"f959fc9e-6564-4713-bc97-cf94a2bd32ad-8316722560","study_id":0,"datetime_start":"2026-10-08T03:31:49.564818"}
{"op_code":5,"worker_id":"f959fc9e-6564-4713-bc97-cf94a2bd32ad-8316722560","trial_id":31,"param_name":"lr","param_value_internal":0.00013343569012282092,"distribution":"{\"name\": \"FloatDistribution\", \"attributes\": {\"step\": null, \"low\": 0.0001, \"high\": 0.01, \"log\": true}}"}
{"op_code":5,"worker_id":"f959fc9e-6564-4713-bc97-cf94a2bd32ad-8316722560","trial_id":31,"param_name":"hidden","param_value_internal":2,"distribution":"{\"name\": \"CategoricalDistribution\", \"attributes\": {\"choices\": [64, 128, 256]}}"}
{"op_code":5,"worker_id":"f959fc9e-6564-4713-bc97-cf94a2bd32ad-8316722560","trial_id":31,"param_name":"clone_batch","param_value_internal":1,"distribution":"{\"name\": \"CategoricalDistribution\", \"attributes\": {\"choices\": [128, 256, 512, 1024, 2048]}}"}
{"op_code":5,"worker_id":"f959fc9e-6564-4713-bc97-cf94a2bd32ad-8316722560","trial_id":31,"param_name":"clone_weight_decay","param_value_internal":3,"distribution":"{\"name\": \"CategoricalDistribution\", \"attributes\": {\"choices\": [0.0, 1e-06, 1e-05, 0.0001, 0.001]}}"}
{"op_code":5,"worker_id":"f959fc9e-6564-4713-bc97-cf94a2bd32ad-8316722560","trial_id":31,"param_name":"clone_class_power","param_value_internal":0.3803351835275731,"distribution":"{\"name\": \"FloatDistribution\", \"attributes\": {\"step\": null, \"low\": 0.0, \"high\": 1.0, \"log\": false}}"}
{"op_code":5,"worker_id":"f959fc9e-6564-4713-bc97-cf94a2bd32ad-8316722560","trial_id":31,"param_name":"clone_label_smoothing","param_value_internal":1,"distribution":"{\"name\": \"CategoricalDistribution\", \"attributes\": {\"choices\": [0.0, 0.05, 0.1]}}"}
{"op_code":5,"worker_id":"f959fc9e-6564-4713-bc97-cf94a2bd32ad-8316722560","trial_id":31,"param_name":"clone_patience","param_value_internal":0,"distribution":"{\"name\": \"CategoricalDistribution\", \"attributes\": {\"choices\": [5, 10, 20]}}"}
{"op_code":8,"worker_id":"f959fc9e-6564-4713-bc97-cf94a2bd32ad-8316722560","trial_id":31,"user_attr":{"tag":"c36f9f9a586de"}}
{"op_code":8,"worker_id":"f959fc9e-6564-4713-bc97-cf94a2bd32ad-8316722560","trial_id":31,"user_attr":{"overrides":{"lr":0.00013343569012282092,"hidden":256,"clone_batch":256,"clone_weight_decay":0.0001,"clone_class_power":0.3803351835275731,"clone_label_smoothing":0.05,"clone_patience":5}}}
{"op_code":4,"worker_id":"f959fc9e-6564-4713-bc97-cf94a2bd32ad-8316722560","study_id":0,"datetime_start":"2026-10-08T03:31:49.568176"}
{"op_code":5,"worker_id":"f959fc9e-6564-4713-bc97-cf94a2bd32ad-8316722560","trial_id":32,"param_name":"lr","param_value_internal":0.0014526596027927075,"distribution":"{\"name\": \"FloatDistribution\", \"attributes\": {\"step\": null, \"low\": 0.0001, \"high\": 0.01, \"log\": true}}"}
{"op_code":5,"worker_id":"f959fc9e-6564-4713-bc97-cf94a2bd32ad-8316722560","trial_id":32,"param_name":"hidden","param_value_internal":2,"distribution":"{\"name\": \"CategoricalDistribution\", \"attributes\": {\"choices\": [64, 128, 256]}}"}
{"op_code":5,"worker_id":"f959fc9e-6564-4713-bc97-cf94a2bd32ad-8316722560","trial_id":32,"param_name":"clone_batch","param_value_internal":4,"distribution":"{\"name\": \"CategoricalDistribution\", \"attributes\": {\"choices\": [128, 256, 512, 1024, 2048]}}"}
{"op_code":5,"worker_id":"f959fc9e-6564-4713-bc97-cf94a2bd32ad-8316722560","trial_id":32,"param_name":"clone_weight_decay","param_value_internal":1,"distribution":"{\"name\": \"CategoricalDistribution\", \"attributes\": {\"choices\": [0.0, 1e-06, 1e-05, 0.0001, 0.001]}}"}
{"op_code":5,"worker_id":"f959fc9e-6564-4713-bc97-cf94a2bd32ad-8316722560","trial_id":32,"param_name":"clone_class_power","param_value_internal":0.39981214000933074,"distribution":"{\"name\": \"FloatDistribution\", \"attributes\": {\"step\": null, \"low\": 0.0, \"high\": 1.0, \"log\": false}}"}
{"op_code":5,"worker_id":"f959fc9e-6564-4713-bc97-cf94a2bd32ad-8316722560","trial_id":32,"param_name":"clone_label_smoothing","param_value_internal":2,"distribution":"{\"name\": \"CategoricalDistribution\", \"attributes\": {\"choices\": [0.0, 0.05, 0.1]}}"}
{"op_code":5,"worker_id":"f959fc9e-6564-4713-bc97-cf94a2bd32ad-8316722560","trial_id":32,"param_name":"clone_patience","param_value_internal":0,"distribution":"{\"name\": \"CategoricalDistribution\", \"attributes\": {\"choices\": [5, 10, 20]}}"}
{"op_code":8,"worker_id":"f959fc9e-6564-4713-bc97-cf94a2bd32ad-8316722560","trial_id":32,"user_attr":{"tag":"c4ca09932a70e"}}
{"op_code":8,"worker_id":"f959fc9e-6564-4713-bc97-cf94a2bd32ad-8316722560","trial_id":32,"user_attr":{"overrides":{"lr":0.0014526596027927075,"hidden":256,"clone_batch":2048,"clone_weight_decay":1e-06,"clone_class_power":0.39981214000933074,"clone_label_smoothing":0.1,"clone_patience":5}}}
{"op_code":4,"worker_id":"f959fc9e-6564-4713-bc97-cf94a2bd32ad-8316722560","study_id":0,"datetime_start":"2026-10-08T03:31:49.571919"}
{"op_code":5,"worker_id":"f959fc9e-6564-4713-bc97-cf94a2bd32ad-8316722560","trial_id":33,"param_name":"lr","param_value_internal":0.0016945539479288462,"distribution":"{\"name\": \"FloatDistribution\", \"attributes\": {\"step\": null, \"low\": 0.0001, \"high\": 0.01, \"log\": true}}"}
{"op_code":5,"worker_id":"f959fc9e-6564-4713-bc97-cf94a2bd32ad-8316722560","trial_id":33,"param_name":"hidden","param_value_internal":1,"distribution":"{\"name\": \"CategoricalDistribution\", \"attributes\": {\"choices\": [64, 128, 256]}}"}
{"op_code":5,"worker_id":"f959fc9e-6564-4713-bc97-cf94a2bd32ad-8316722560","trial_id":33,"param_name":"clone_batch","param_value_internal":0,"distribution":"{\"name\": \"CategoricalDistribution\", \"attributes\": {\"choices\": [128, 256, 512, 1024, 2048]}}"}
{"op_code":5,"worker_id":"f959fc9e-6564-4713-bc97-cf94a2bd32ad-8316722560","trial_id":33,"param_name":"clone_weight_decay","param_value_internal":2,"distribution":"{\"name\": \"CategoricalDistribution\", \"attributes\": {\"choices\": [0.0, 1e-06, 1e-05, 0.0001, 0.001]}}"}
{"op_code":5,"worker_id":"f959fc9e-6564-4713-bc97-cf94a2bd32ad-8316722560","trial_id":33,"param_name":"clone_class_power","param_value_internal":0.7032174964672158,"distribution":"{\"name\": \"FloatDistribution\", \"attributes\": {\"step\": null, \"low\": 0.0, \"high\": 1.0, \"log\": false}}"}
{"op_code":5,"worker_id":"f959fc9e-6564-4713-bc97-cf94a2bd32ad-8316722560","trial_id":33,"param_name":"clone_label_smoothing","param_value_internal":1,"distribution":"{\"name\": \"CategoricalDistribution\", \"attributes\": {\"choices\": [0.0, 0.05, 0.1]}}"}
{"op_code":5,"worker_id":"f959fc9e-6564-4713-bc97-cf94a2bd32ad-8316722560","trial_id":33,"param_name":"clone_patience","param_value_internal":0,"distribution":"{\"name\": \"CategoricalDistribution\", \"attributes\": {\"choices\": [5, 10, 20]}}"}
{"op_code":8,"worker_id":"f959fc9e-6564-4713-bc97-cf94a2bd32ad-8316722560","trial_id":33,"user_attr":{"tag":"cbeefd6acfe51"}}
{"op_code":8,"worker_id":"f959fc9e-6564-4713-bc97-cf94a2bd32ad-8316722560","trial_id":33,"user_attr":{"overrides":{"lr":0.0016945539479288462,"hidden":128,"clone_batch":128,"clone_weight_decay":1e-05,"clone_class_power":0.7032174964672158,"clone_label_smoothing":0.05,"clone_patience":5}}}
{"op_code":4,"worker_id":"f959fc9e-6564-4713-bc97-cf94a2bd32ad-8316722560","study_id":0,"datetime_start":"2026-10-08T03:31:49.576255"}
{"op_code":5,"worker_id":"f959fc9e-6564-4713-bc97-cf94a2bd32ad-8316722560","trial_id":34,"param_name":"lr","param_value_internal":0.0006434091546131844,"distribution":"{\"name\": \"FloatDistribution\", \"attributes\": {\"step\": null, \"low\": 0.0001, \"high\": 0.01, \"log\": true}}"}
{"op_code":5,"worker_id":"f959fc9e-6564-4713-bc97-cf94a2bd32ad-8316722560","trial_id":34,"param_name":"hidden","param_value_internal":0,"distribution":"{\"name\": \"CategoricalDistribution\", \"attributes\": {\"choices\": [64, 128, 256]}}"}
{"op_code":5,"worker_id":"f959fc9e-6564-4713-bc97-cf94a2bd32ad-8316722560","trial_id":34,"param_name":"clone_batch","param_value_internal":2,"distribution":"{\"name\": \"CategoricalDistribution\", \"attributes\": {\"choices\": [128, 256, 512, 1024, 2048]}}"}
{"op_code":5,"worker_id":"f959fc9e-6564-4713-bc97-cf94a2bd32ad-8316722560","trial_id":34,"param_name":"clone_weight_decay","param_value_internal":4,"distribution":"{\"name\": \"CategoricalDistribution\", \"attributes\": {\"choices\": [0.0, 1e-06, 1e-05, 0.0001, 0.001]}}"}
{"op_code":5,"worker_id":"f959fc9e-6564-4713-bc97-cf94a2bd32ad-8316722560","trial_id":34,"param_name":"clone_class_power","param_value_internal":0.06614946211695472,"distribution":"{\"name\": \"FloatDistribution\", \"attributes\": {\"step\": null, \"low\": 0.0, \"high\": 1.0, \"log\": false}}"}
{"op_code":5,"worker_id":"f959fc9e-6564-4713-bc97-cf94a2bd32ad-8316722560","trial_id":34,"param_name":"clone_label_smoothing","param_value_internal":1,"distribution":"{\"name\": \"CategoricalDistribution\", \"attributes\": {\"choices\": [0.0, 0.05, 0.1]}}"}
{"op_code":5,"worker_id":"f959fc9e-6564-4713-bc97-cf94a2bd32ad-8316722560","trial_id":34,"param_name":"clone_patience","param_value_internal":1,"distribution":"{\"name\": \"CategoricalDistribution\", \"attributes\": {\"choices\": [5, 10, 20]}}"}
{"op_code":8,"worker_id":"f959fc9e-6564-4713-bc97-cf94a2bd32ad-8316722560","trial_id":34,"user_attr":{"tag":"c0cc05633f076"}}
{"op_code":8,"worker_id":"f959fc9e-6564-4713-bc97-cf94a2bd32ad-8316722560","trial_id":34,"user_attr":{"overrides":{"lr":0.0006434091546131844,"hidden":64,"clone_batch":512,"clone_weight_decay":0.001,"clone_class_power":0.06614946211695472,"clone_label_smoothing":0.05,"clone_patience":10}}}
{"op_code":4,"worker_id":"f959fc9e-6564-4713-bc97-cf94a2bd32ad-8316722560","study_id":0,"datetime_start":"2026-10-08T03:31:49.581380"}
{"op_code":5,"worker_id":"f959fc9e-6564-4713-bc97-cf94a2bd32ad-8316722560","trial_id":35,"param_name":"lr","param_value_internal":0.00020264586936434337,"distribution":"{\"name\": \"FloatDistribution\", \"attributes\": {\"step\": null, \"low\": 0.0001, \"high\": 0.01, \"log\": true}}"}
{"op_code":5,"worker_id":"f959fc9e-6564-4713-bc97-cf94a2bd32ad-8316722560","trial_id":35,"param_name":"hidden","param_value_internal":2,"distribution":"{\"name\": \"CategoricalDistribution\", \"attributes\": {\"choices\": [64, 128, 256]}}"}
{"op_code":5,"worker_id":"f959fc9e-6564-4713-bc97-cf94a2bd32ad-8316722560","trial_id":35,"param_name":"clone_batch","param_value_internal":3,"distribution":"{\"name\": \"CategoricalDistribution\", \"attributes\": {\"choices\": [128, 256, 512, 1024, 2048]}}"}
{"op_code":5,"worker_id":"f959fc9e-6564-4713-bc97-cf94a2bd32ad-8316722560","trial_id":35,"param_name":"clone_weight_decay","param_value_internal":4,"distribution":"{\"name\": \"CategoricalDistribution\", \"attributes\": {\"choices\": [0.0, 1e-06, 1e-05, 0.0001, 0.001]}}"}
{"op_code":5,"worker_id":"f959fc9e-6564-4713-bc97-cf94a2bd32ad-8316722560","trial_id":35,"param_name":"clone_class_power","param_value_internal":0.7592824517166681,"distribution":"{\"name\": \"FloatDistribution\", \"attributes\": {\"step\": null, \"low\": 0.0, \"high\": 1.0, \"log\": false}}"}
{"op_code":5,"worker_id":"f959fc9e-6564-4713-bc97-cf94a2bd32ad-8316722560","trial_id":35,"param_name":"clone_label_smoothing","param_value_internal":1,"distribution":"{\"name\": \"CategoricalDistribution\", \"attributes\": {\"choices\": [0.0, 0.05, 0.1]}}"}
{"op_code":5,"worker_id":"f959fc9e-6564-4713-bc97-cf94a2bd32ad-8316722560","trial_id":35,"param_name":"clone_patience","param_value_internal":2,"distribution":"{\"name\": \"CategoricalDistribution\", \"attributes\": {\"choices\": [5, 10, 20]}}"}
{"op_code":8,"worker_id":"f959fc9e-6564-4713-bc97-cf94a2bd32ad-8316722560","trial_id":35,"user_attr":{"tag":"cdb96461a411d"}}
{"op_code":8,"worker_id":"f959fc9e-6564-4713-bc97-cf94a2bd32ad-8316722560","trial_id":35,"user_attr":{"overrides":{"lr":0.00020264586936434337,"hidden":256,"clone_batch":1024,"clone_weight_decay":0.001,"clone_class_power":0.7592824517166681,"clone_label_smoothing":0.05,"clone_patience":20}}}
{"op_code":4,"worker_id":"f959fc9e-6564-4713-bc97-cf94a2bd32ad-8316722560","study_id":0,"datetime_start":"2026-10-08T03:31:49.585225"}
{"op_code":5,"worker_id":"f959fc9e-6564-4713-bc97-cf94a2bd32ad-8316722560","trial_id":36,"param_name":"lr","param_value_internal":0.00230929752519108,"distribution":"{\"name\": \"FloatDistribution\", \"attributes\": {\"step\": null, \"low\": 0.0001, \"high\": 0.01, \"log\": true}}"}
{"op_code":5,"worker_id":"f959fc9e-6564-4713-bc97-cf94a2bd32ad-8316722560","trial_id":36,"param_name":"hidden","param_value_internal":1,"distribution":"{\"name\": \"CategoricalDistribution\", \"attributes\": {\"choices\": [64, 128, 256]}}"}
{"op_code":5,"worker_id":"f959fc9e-6564-4713-bc97-cf94a2bd32ad-8316722560","trial_id":36,"param_name":"clone_batch","param_value_internal":2,"distribution":"{\"name\": \"CategoricalDistribution\", \"attributes\": {\"choices\": [128, 256, 512, 1024, 2048]}}"}
{"op_code":5,"worker_id":"f959fc9e-6564-4713-bc97-cf94a2bd32ad-8316722560","trial_id":36,"param_name":"clone_weight_decay","param_value_internal":4,"distribution":"{\"name\": \"CategoricalDistribution\", \"attributes\": {\"choices\": [0.0, 1e-06, 1e-05, 0.0001, 0.001]}}"}
{"op_code":5,"worker_id":"f959fc9e-6564-4713-bc97-cf94a2bd32ad-8316722560","trial_id":36,"param_name":"clone_class_power","param_value_internal":0.5076355472407649,"distribution":"{\"name\": \"FloatDistribution\", \"attributes\": {\"step\": null, \"low\": 0.0, \"high\": 1.0, \"log\": false}}"}
{"op_code":5,"worker_id":"f959fc9e-6564-4713-bc97-cf94a2bd32ad-8316722560","trial_id":36,"param_name":"clone_label_smoothing","param_value_internal":2,"distribution":"{\"name\": \"CategoricalDistribution\", \"attributes\": {\"choices\": [0.0, 0.05, 0.1]}}"}
{"op_code":5,"worker_id":"f959fc9e-6564-4713-bc97-cf94a2bd32ad-8316722560","trial_id":36,"param_name":"clone_patience","param_value_internal":2,"distribution":"{\"name\": \"CategoricalDistribution\", \"attributes\": {\"choices\": [5, 10, 20]}}"}
{"op_code":8,"worker_id":"f959fc9e-6564-4713-bc97-cf94a2bd32ad-8316722560","trial_id":36,"user_attr":{"tag":"cc678b5338e80"}}
{"op_code":8,"worker_id":"f959fc9e-6564-4713-bc97-cf94a2bd32ad-8316722560","trial_id":36,"user_attr":{"overrides":{"lr":0.00230929752519108,"hidden":128,"clone_batch":512,"clone_weight_decay":0.001,"clone_class_power":0.5076355472407649,"clone_label_smoothing":0.1,"clone_patience":20}}}
{"op_code":4,"worker_id":"f959fc9e-6564-4713-bc97-cf94a2bd32ad-8316722560","study_id":0,"datetime_start":"2026-10-08T03:31:49.588792"}
{"op_code":5,"worker_id":"f959fc9e-6564-4713-bc97-cf94a2bd32ad-8316722560","trial_id":37,"param_name":"lr","param_value_internal":0.0005544182236337375,"distribution":"{\"name\": \"FloatDistribution\", \"attributes\": {\"step\": null, \"low\": 0.0001, \"high\": 0.01, \"log\": true}}"}
{"op_code":5,"worker_id":"f959fc9e-6564-4713-bc97-cf94a2bd32ad-8316722560","trial_id":37,"param_name":"hidden","param_value_internal":2,"distribution":"{\"name\": \"CategoricalDistribution\", \"attributes\": {\"choices\": [64, 128, 256]}}"}
{"op_code":5,"worker_id":"f959fc9e-6564-4713-bc97-cf94a2bd32ad-8316722560","trial_id":37,"param_name":"clone_batch","param_value_internal":4,"distribution":"{\"name\": \"CategoricalDistribution\", \"attributes\": {\"choices\": [128, 256, 512, 1024, 2048]}}"}
{"op_code":5,"worker_id":"f959fc9e-6564-4713-bc97-cf94a2bd32ad-8316722560","trial_id":37,"param_name":"clone_weight_decay","param_value_internal":1,"distribution":"{\"name\": \"CategoricalDistribution\", \"attributes\": {\"choices\": [0.0, 1e-06, 1e-05, 0.0001, 0.001]}}"}
{"op_code":5,"worker_id":"f959fc9e-6564-4713-bc97-cf94a2bd32ad-8316722560","trial_id":37,"param_name":"clone_class_power","param_value_internal":0.6756891476442668,"distribution":"{\"name\": \"FloatDistribution\", \"attributes\": {\"step\": null, \"low\": 0.0, \"high\": 1.0, \"log\": false}}"}
{"op_code":5,"worker_id":"f959fc9e-6564-4713-bc97-cf94a2bd32ad-8316722560","trial_id":37,"param_name":"clone_label_smoothing","param_value_internal":0,"distribution":"{\"name\": \"CategoricalDistribution\", \"attributes\": {\"choices\": [0.0, 0.05, 0.1]}}"}
{"op_code":5,"worker_id":"f959fc9e-6564-4713-bc97-cf94a2bd32ad-8316722560","trial_id":37,"param_name":"clone_patience","param_value_internal":0,"distribution":"{\"name\": \"CategoricalDistribution\", \"attributes\": {\"choices\": [5, 10, 20]}}"}
{"op_code":8,"worker_id":"f959fc9e-6564-4713-bc97-cf94a2bd32ad-8316722560","trial_id":37,"user_attr":{"tag":"c78fdcb657ed8"}}
{"op_code":8,"worker_id":"f959fc9e-6564-4713-bc97-cf94a2bd32ad-8316722560","trial_id":37,"user_attr":{"overrides":{"lr":0.0005544182236337375,"hidden":256,"clone_batch":2048,"clone_weight_decay":1e-06,"clone_class_power":0.6756891476442668,"clone_label_smoothing":0.0,"clone_patience":5}}}
{"op_code":4,"worker_id":"f959fc9e-6564-4713-bc97-cf94a2bd32ad-8316722560","study_id":0,"datetime_start":"2026-10-08T03:31:49.592235"}
{"op_code":5,"worker_id":"f959fc9e-6564-4713-bc97-cf94a2bd32ad-8316722560","trial_id":38,"param_name":"lr","param_value_internal":0.0009725583524397942,"distribution":"{\"name\": \"FloatDistribution\", \"attributes\": {\"step\": null, \"low\": 0.0001, \"high\": 0.01, \"log\": true}}"}
{"op_code":5,"worker_id":"f959fc9e-6564-4713-bc97-cf94a2bd32ad-8316722560","trial_id":38,"param_name":"hidden","param_value_internal":1,"distribution":"{\"name\": \"CategoricalDistribution\", \"attributes\": {\"choices\": [64, 128, 256]}}"}
{"op_code":5,"worker_id":"f959fc9e-6564-4713-bc97-cf94a2bd32ad-8316722560","trial_id":38,"param_name":"clone_batch","param_value_internal":1,"distribution":"{\"name\": \"CategoricalDistribution\", \"attributes\": {\"choices\": [128, 256, 512, 1024, 2048]}}"}
{"op_code":5,"worker_id":"f959fc9e-6564-4713-bc97-cf94a2bd32ad-8316722560","trial_id":38,"param_name":"clone_weight_decay","param_value_internal":4,"distribution":"{\"name\": \"CategoricalDistribution\", \"attributes\": {\"choices\": [0.0, 1e-06, 1e-05, 0.0001, 0.001]}}"}
{"op_code":5,"worker_id":"f959fc9e-6564-4713-bc97-cf94a2bd32ad-8316722560","trial_id":38,"param_name":"clone_class_power","param_value_internal":0.24655693981115612,"distribution":"{\"name\": \"FloatDistribution\", \"attributes\": {\"step\": null, \"low\": 0.0, \"high\": 1.0, \"log\": false}}"}
{"op_code":5,"worker_id":"f959fc9e-6564-4713-bc97-cf94a2bd32ad-8316722560","trial_id":38,"param_name":"clone_label_smoothing","param_value_internal":2,"distribution":"{\"name\": \"CategoricalDistribution\", \"attributes\": {\"choices\": [0.0, 0.05, 0.1]}}"}
{"op_code":5,"worker_id":"f959fc9e-6564-4713-bc97-cf94a2bd32ad-8316722560","trial_id":38,"param_name":"clone_patience","param_value_internal":0,"distribution":"{\"name\": \"CategoricalDistribution\", \"attributes\": {\"choices\": [5, 10, 20]}}"}
{"op_code":8,"worker_id":"f959fc9e-6564-4713-bc97-cf94a2bd32ad-8316722560","trial_id":38,"user_attr":{"tag":"cd3471e70533e"}}
{"op_code":8,"worker_id":"f959fc9e-6564-4713-bc97-cf94a2bd32ad-8316722560","trial_id":38,"user_attr":{"overrides":{"lr":0.0009725583524397942,"hidden":128,"clone_batch":256,"clone_weight_decay":0.001,"clone_class_power":0.24655693981115612,"clone_label_smoothing":0.1,"clone_patience":5}}}
{"op_code":4,"worker_id":"f959fc9e-6564-4713-bc97-cf94a2bd32ad-8316722560","study_id":0,"datetime_start":"2026-10-08T03:31:49.595998"}
{"op_code":5,"worker_id":"f959fc9e-6564-4713-bc97-cf94a2bd32ad-8316722560","trial_id":39,"param_name":"lr","param_value_internal":0.0003168082085545792,"distribution":"{\"name\": \"FloatDistribution\", \"attributes\": {\"step\": null, \"low\": 0.0001, \"high\": 0.01, \"log\": true}}"}
{"op_code":5,"worker_id":"f959fc9e-6564-4713-bc97-cf94a2bd32ad-8316722560","trial_id":39,"param_name":"hidden","param_value_internal":2,"distribution":"{\"name\": \"CategoricalDistribution\", \"attributes\": {\"choices\": [64, 128, 256]}}"}
{"op_code":5,"worker_id":"f959fc9e-6564-4713-bc97-cf94a2bd32ad-8316722560","trial_id":39,"param_name":"clone_batch","param_value_internal":4,"distribution":"{\"name\": \"CategoricalDistribution\", \"attributes\": {\"choices\": [128, 256, 512, 1024, 2048]}}"}
{"op_code":5,"worker_id":"f959fc9e-6564-4713-bc97-cf94a2bd32ad-8316722560","trial_id":39,"param_name":"clone_weight_decay","param_value_internal":1,"distribution":"{\"name\": \"CategoricalDistribution\", \"attributes\": {\"choices\": [0.0, 1e-06, 1e-05, 0.0001, 0.001]}}"}
{"op_code":5,"worker_id":"f959fc9e-6564-4713-bc97-cf94a2bd32ad-8316722560","trial_id":39,"param_name":"clone_class_power","param_value_internal":0.2885699576516956,"distribution":"{\"name\": \"FloatDistribution\", \"attributes\": {\"step\": null, \"low\": 0.0, \"high\": 1.0, \"log\": false}}"}
{"op_code":5,"worker_id":"f959fc9e-6564-4713-bc97-cf94a2bd32ad-8316722560","trial_id":39,"param_name":"clone_label_smoothing","param_value_internal":0,"distribution":"{\"name\": \"CategoricalDistribution\", \"attributes\": {\"choices\": [0.0, 0.05, 0.1]}}"}
{"op_code":5,"worker_id":"f959fc9e-6564-4713-bc97-cf94a2bd32ad-8316722560","trial_id":39,"param_name":"clone_patience","param_value_internal":2,"distribution":"{\"name\": \"CategoricalDistribution\", \"attributes\": {\"choices\": [5, 10, 20]}}"}
{"op_code":8,"worker_id":"f959fc9e-6564-4713-bc97-cf94a2bd32ad-8316722560","trial_id":39,"user_attr":{"tag":"cee34827f6616"}}
{"op_code":8,"worker_id":"f959fc9e-6564-4713-bc97-cf94a2bd32ad-8316722560","trial_id":39,"user_attr":{"overrides":{"lr":0.0003168082085545792,"hidden":256,"clone_batch":2048,"clone_weight_decay":1e-06,"clone_class_power":0.2885699576516956,"clone_label_smoothing":0.0,"clone_patience":20}}}
{"op_code":4,"worker_id":"f959fc9e-6564-4713-bc97-cf94a2bd32ad-8316722560","study_id":0,"datetime_start":"2026-10-08T03:31:49.599541"}
{"op_code":5,"worker_id":"f959fc9e-6564-4713-bc97-cf94a2bd32ad-8316722560","trial_id":40,"param_name":"lr","param_value_internal":0.0011319178224716007,"distribution":"{\"name\": \"FloatDistribution\", \"attributes\": {\"step\": null, \"low\": 0.0001, \"high\": 0.01, \"log\": true}}"}
{"op_code":5,"worker_id":"f959fc9e-6564-4713-bc97-cf94a2bd32ad-8316722560","trial_id":40,"param_name":"hidden","param_value_internal":0,"distribution":"{\"name\": \"CategoricalDistribution\", \"attributes\": {\"choices\": [64, 128, 256]}}"}
{"op_code":5,"worker_id":"f959fc9e-6564-4713-bc97-cf94a2bd32ad-8316722560","trial_id":40,"param_name":"clone_batch","param_value_internal":2,"distribution":"{\"name\": \"CategoricalDistribution\", \"attributes\": {\"choices\": [128, 256, 512, 1024, 2048]}}"}
{"op_code":5,"worker_id":"f959fc9e-6564-4713-bc97-cf94a2bd32ad-8316722560","trial_id":40,"param_name":"clone_weight_decay","param_value_internal":0,"distribution":"{\"name\": \"CategoricalDistribution\", \"attributes\": {\"choices\": [0.0, 1e-06, 1e-05, 0.0001, 0.001]}}"}
{"op_code":5,"worker_id":"f959fc9e-6564-4713-bc97-cf94a2bd32ad-8316722560","trial_id":40,"param_name":"clone_class_power","param_value_internal":0.6374622773722066,"distribution":"{\"name\": \"FloatDistribution\", \"attributes\": {\"step\": null, \"low\": 0.0, \"high\": 1.0, \"log\": false}}"}
{"op_code":5,"worker_id":"f959fc9e-6564-4713-bc97-cf94a2bd32ad-8316722560","trial_id":40,"param_name":"clone_label_smoothing","param_value_internal":2,"distribution":"{\"name\": \"CategoricalDistribution\", \"attributes\": {\"choices\": [0.0, 0.05, 0.1]}}"}
{"op_code":5,"worker_id":"f959fc9e-6564-4713-bc97-cf94a2bd32ad-8316722560","trial_id":40,"param_name":"clone_patience","param_value_internal":2,"distribution":"{\"name\": \"CategoricalDistribution\", \"attributes\": {\"choices\": [5, 10, 20]}}"}
{"op_code":8,"worker_id":"f959fc9e-6564-4713-bc97-cf94a2bd32ad-8316722560","trial_id":40,"user_attr":{"tag":"c6a0cf9e66600"}}
{"op_code":8,"worker_id":"f959fc9e-6564-4713-bc97-cf94a2bd32ad-8316722560","trial_id":40,"user_attr":{"overrides":{"lr":0.0011319178224716007,"hidden":64,"clone_batch":512,"clone_weight_decay":0.0,"clone_class_power":0.6374622773722066,"clone_label_smoothing":0.1,"clone_patience":20}}}
{"op_code":4,"worker_id":"f959fc9e-6564-4713-bc97-cf94a2bd32ad-8316722560","study_id":0,"datetime_start":"2026-10-08T03:31:49.602983"}
{"op_code":5,"worker_id":"f959fc9e-6564-4713-bc97-cf94a2bd32ad-8316722560","trial_id":41,"param_name":"lr","param_value_internal":0.0006858330717111838,"distribution":"{\"name\": \"FloatDistribution\", \"attributes\": {\"step\": null, \"low\": 0.0001, \"high\": 0.01, \"log\": true}}"}
{"op_code":5,"worker_id":"f959fc9e-6564-4713-bc97-cf94a2bd32ad-8316722560","trial_id":41,"param_name":"hidden","param_value_internal":2,"distribution":"{\"name\": \"CategoricalDistribution\", \"attributes\": {\"choices\": [64, 128, 256]}}"}
{"op_code":5,"worker_id":"f959fc9e-6564-4713-bc97-cf94a2bd32ad-8316722560","trial_id":41,"param_name":"clone_batch","param_value_internal":1,"distribution":"{\"name\": \"CategoricalDistribution\", \"attributes\": {\"choices\": [128, 256, 512, 1024, 2048]}}"}
{"op_code":5,"worker_id":"f959fc9e-6564-4713-bc97-cf94a2bd32ad-8316722560","trial_id":41,"param_name":"clone_weight_decay","param_value_internal":1,"distribution":"{\"name\": \"CategoricalDistribution\", \"attributes\": {\"choices\": [0.0, 1e-06, 1e-05, 0.0001, 0.001]}}"}
{"op_code":5,"worker_id":"f959fc9e-6564-4713-bc97-cf94a2bd32ad-8316722560","trial_id":41,"param_name":"clone_class_power","param_value_internal":0.9195074069058207,"distribution":"{\"name\": \"FloatDistribution\", \"attributes\": {\"step\": null, \"low\": 0.0, \"high\": 1.0, \"log\": false}}"}
{"op_code":5,"worker_id":"f959fc9e-6564-4713-bc97-cf94a2bd32ad-8316722560","trial_id":41,"param_name":"clone_label_smoothing","param_value_internal":0,"distribution":"{\"name\": \"CategoricalDistribution\", \"attributes\": {\"choices\": [0.0, 0.05, 0.1]}}"}
{"op_code":5,"worker_id":"f959fc9e-6564-4713-bc97-cf94a2bd32ad-8316722560","trial_id":41,"param_name":"clone_patience","param_value_internal":2,"distribution":"{\"name\": \"CategoricalDistribution\", \"attributes\": {\"choices\": [5, 10, 20]}}"}
{"op_code":8,"worker_id":"f959fc9e-6564-4713-bc97-cf94a2bd32ad-8316722560","trial_id":41,"user_attr":{"tag":"c646545b07e57"}}
{"op_code":8,"worker_id":"f959fc9e-6564-4713-bc97-cf94a2bd32ad-8316722560","trial_id":41,"user_attr":{"overrides":{"lr":0.0006858330717111838,"hidden":256,"clone_batch":256,"clone_weight_decay":1e-06,"clone_class_power":0.9195074069058207,"clone_label_smoothing":0.0,"clone_patience":20}}}
{"op_code":4,"worker_id":"f959fc9e-6564-4713-bc97-cf94a2bd32ad-8316722560","study_id":0,"datetime_start":"2026-10-08T03:31:49.606298"}
{"op_code":5,"worker_id":"f959fc9e-6564-4713-bc97-cf94a2bd32ad-8316722560","trial_id":42,"param_name":"lr","param_value_internal":0.007024422334960494,"distribution":"{\"name\": \"FloatDistribution\", \"attributes\": {\"step\": null, \"low\": 0.0001, \"high\": 0.01, \"log\": true}}"}
{"op_code":5,"worker_id":"f959fc9e-6564-4713-bc97-cf94a2bd32ad-8316722560","trial_id":42,"param_name":"hidden","param_value_internal":2,"distribution":"{\"name\": \"CategoricalDistribution\", \"attributes\": {\"choices\": [64, 128, 256]}}"}
{"op_code":5,"worker_id":"f959fc9e-6564-4713-bc97-cf94a2bd32ad-8316722560","trial_id":42,"param_name":"clone_batch","param_value_internal":0,"distribution":"{\"name\": \"CategoricalDistribution\", \"attributes\": {\"choices\": [128, 256, 512, 1024, 2048]}}"}
{"op_code":5,"worker_id":"f959fc9e-6564-4713-bc97-cf94a2bd32ad-8316722560","trial_id":42,"param_name":"clone_weight_decay","param_value_internal":0,"distribution":"{\"name\": \"CategoricalDistribution\", \"attributes\": {\"choices\": [0.0, 1e-06, 1e-05, 0.0001, 0.001]}}"}
{"op_code":5,"worker_id":"f959fc9e-6564-4713-bc97-cf94a2bd32ad-8316722560","trial_id":42,"param_name":"clone_class_power","param_value_internal":0.44687696394619913,"distribution":"{\"name\": \"FloatDistribution\", \"attributes\": {\"step\": null, \"low\": 0.0, \"high\": 1.0, \"log\": false}}"}
{"op_code":5,"worker_id":"f959fc9e-6564-4713-bc97-cf94a2bd32ad-8316722560","trial_id":42,"param_name":"clone_label_smoothing","param_value_internal":2,"distribution":"{\"name\": \"CategoricalDistribution\", \"attributes\": {\"choices\": [0.0, 0.05, 0.1]}}"}
{"op_code":5,"worker_id":"f959fc9e-6564-4713-bc97-cf94a2bd32ad-8316722560","trial_id":42,"param_name":"clone_patience","param_value_internal":0,"distribution":"{\"name\": \"CategoricalDistribution\", \"attributes\": {\"choices\": [5, 10, 20]}}"}
{"op_code":8,"worker_id":"f959fc9e-6564-4713-bc97-cf94a2bd32ad-8316722560","trial_id":42,"user_attr":{"tag":"c5259416210a8"}}
{"op_code":8,"worker_id":"f959fc9e-6564-4713-bc97-cf94a2bd32ad-8316722560","trial_id":42,"user_attr":{"overrides":{"lr":0.007024422334960494,"hidden":256,"clone_batch":128,"clone_weight_decay":0.0,"clone_class_power":0.44687696394619913,"clone_label_smoothing":0.1,"clone_patience":5}}}
{"op_code":4,"worker_id":"f959fc9e-6564-4713-bc97-cf94a2bd32ad-8316722560","study_id":0,"datetime_start":"2026-10-08T03:31:49.610850"}
{"op_code":5,"worker_id":"f959fc9e-6564-4713-bc97-cf94a2bd32ad-8316722560","trial_id":43,"param_name":"lr","param_value_internal":0.0014302726980584006,"distribution":"{\"name\": \"FloatDistribution\", \"attributes\": {\"step\": null, \"low\": 0.0001, \"high\": 0.01, \"log\": true}}"}
{"op_code":5,"worker_id":"f959fc9e-6564-4713-bc97-cf94a2bd32ad-8316722560","trial_id":43,"param_name":"hidden","param_value_internal":1,"distribution":"{\"name\": \"CategoricalDistribution\", \"attributes\": {\"choices\": [64, 128, 256]}}"}
{"op_code":5,"worker_id":"f959fc9e-6564-4713-bc97-cf94a2bd32ad-8316722560","trial_id":43,"param_name":"clone_batch","param_value_internal":3,"distribution":"{\"name\": \"CategoricalDistribution\", \"attributes\": {\"choices\": [128, 256, 512, 1024, 2048]}}"}
{"op_code":5,"worker_id":"f959fc9e-6564-4713-bc97-cf94a2bd32ad-8316722560","trial_id":43,"param_name":"clone_weight_decay","param_value_internal":3,"distribution":"{\"name\": \"CategoricalDistribution\", \"attributes\": {\"choices\": [0.0, 1e-06, 1e-05, 0.0001, 0.001]}}"}
{"op_code":5,"worker_id":"f959fc9e-6564-4713-bc97-cf94a2bd32ad-8316722560","trial_id":43,"param_name":"clone_class_power","param_value_internal":0.8667885432590956,"distribution":"{\"name\": \"FloatDistribution\", \"attributes\": {\"step\": null, \"low\": 0.0, \"high\": 1.0, \"log\": false}}"}
{"op_code":5,"worker_id":"f959fc9e-6564-4713-bc97-cf94a2bd32ad-8316722560","trial_id":43,"param_name":"clone_label_smoothing","param_value_internal":0,"distribution":"{\"name\": \"CategoricalDistribution\", \"attributes\": {\"choices\": [0.0, 0.05, 0.1]}}"}
{"op_code":5,"worker_id":"f959fc9e-6564-4713-bc97-cf94a2bd32ad-8316722560","trial_id":43,"param_name":"clone_patience","param_value_internal":0,"distribution":"{\"name\": \"CategoricalDistribution\", \"attributes\": {\"choices\": [5, 10, 20]}}"}
{"op_code":8,"worker_id":"f959fc9e-6564-4713-bc97-cf94a2bd32ad-8316722560","trial_id":43,"user_attr":{"tag":"c900b196df2db"}}
{"op_code":8,"worker_id":"f959fc9e-6564-4713-bc97-cf94a2bd32ad-8316722560","trial_id":43,"user_attr":{"overrides":{"lr":0.0014302726980584006,"hidden":128,"clone_batch":1024,"clone_weight_decay":0.0001,"clone_class_power":0.8667885432590956,"clone_label_smoothing":0.0,"clone_patience":5}}}
{"op_code":4,"worker_id":"f959fc9e-6564-4713-bc97-cf94a2bd32ad-8316722560","study_id":0,"datetime_start":"2026-10-08T03:31:49.616650"}
{"op_code":5,"worker_id":"f959fc9e-6564-4713-bc97-cf94a2bd32ad-8316722560","trial_id":44,"param_name":"lr","param_value_internal":0.00013145175115772452,"distribution":"{\"name\": \"FloatDistribution\", \"attributes\": {\"step\": null, \"low\": 0.0001, \"high\": 0.01, \"log\": true}}"}
{"op_code":5,"worker_id":"f959fc9e-6564-4713-bc97-cf94a2bd32ad-8316722560","trial_id":44,"param_name":"hidden","param_value_internal":1,"distribution":"{\"name\": \"CategoricalDistribution\", \"attributes\": {\"choices\": [64, 128, 256]}}"}
{"op_code":5,"worker_id":"f959fc9e-6564-4713-bc97-cf94a2bd32ad-8316722560","trial_id":44,"param_name":"clone_batch","param_value_internal":3,"distribution":"{\"name\": \"CategoricalDistribution\", \"attributes\": {\"choices\": [128, 256, 512, 1024, 2048]}}"}
{"op_code":5,"worker_id":"f959fc9e-6564-4713-bc97-cf94a2bd32ad-8316722560","trial_id":44,"param_name":"clone_weight_decay","param_value_internal":0,"distribution":"{\"name\": \"CategoricalDistribution\", \"attributes\": {\"choices\": [0.0, 1e-06, 1e-05, 0.0001, 0.001]}}"}
{"op_code":5,"worker_id":"f959fc9e-6564-4713-bc97-cf94a2bd32ad-8316722560","trial_id":44,"param_name":"clone_class_power","param_value_internal":0.3423423766251579,"distribution":"{\"name\": \"FloatDistribution\", \"attributes\": {\"step\": null, \"low\": 0.0, \"high\": 1.0, \"log\": false}}"}
{"op_code":5,"worker_id":"f959fc9e-6564-4713-bc97-cf94a2bd32ad-8316722560","trial_id":44,"param_name":"clone_label_smoothing","param_value_internal":0,"distribution":"{\"name\": \"CategoricalDistribution\", \"attributes\": {\"choices\": [0.0, 0.05, 0.1]}}"}
{"op_code":5,"worker_id":"f959fc9e-6564-4713-bc97-cf94a2bd32ad-8316722560","trial_id":44,"param_name":"clone_patience","param_value_internal":2,"distribution":"{\"name\": \"CategoricalDistribution\", \"attributes\": {\"choices\": [5, 10, 20]}}"}
{"op_code":8,"worker_id":"f959fc9e-6564-4713-bc97-cf94a2bd32ad-8316722560","trial_id":44,"user_attr":{"tag":"c3ce360c0909e"}}
{"op_code":8,"worker_id":"f959fc9e-6564-4713-bc97-cf94a2bd32ad-8316722560","trial_id":44,"user_attr":{"overrides":{"lr":0.00013145175115772452,"hidden":128,"clone_batch":1024,"clone_weight_decay":0.0,"clone_class_power":0.3423423766251579,"clone_label_smoothing":0.0,"clone_patience":20}}}
{"op_code":4,"worker_id":"f959fc9e-6564-4713-bc97-cf94a2bd32ad-8316722560","study_id":0,"datetime_start":"2026-10-08T03:31:49.620378"}
{"op_code":5,"worker_id":"f959fc9e-6564-4713-bc97-cf94a2bd32ad-8316722560","trial_id":45,"param_name":"lr","param_value_internal":0.0012861455435104025,"distribution":"{\"name\": \"FloatDistribution\", \"attributes\": {\"step\": null, \"low\": 0.0001, \"high\": 0.01, \"log\": true}}"}
{"op_code":5,"worker_id":"f959fc9e-6564-4713-bc97-cf94a2bd32ad-8316722560","trial_id":45,"param_name":"hidden","param_value_internal":0,"distribution":"{\"name\": \"CategoricalDistribution\", \"attributes\": {\"choices\": [64, 128, 256]}}"}
{"op_code":5,"worker_id":"f959fc9e-6564-4713-bc97-cf94a2bd32ad-8316722560","trial_id":45,"param_name":"clone_batch","param_value_internal":2,"distribution":"{\"name\": \"CategoricalDistribution\", \"attributes\": {\"choices\": [128, 256, 512, 1024, 2048]}}"}
{"op_code":5,"worker_id":"f959fc9e-6564-4713-bc97-cf94a2bd32ad-8316722560","trial_id":45,"param_name":"clone_weight_decay","param_value_internal":2,"distribution":"{\"name\": \"CategoricalDistribution\", \"attributes\": {\"choices\": [0.0, 1e-06, 1e-05, 0.0001, 0.001]}}"}
{"op_code":5,"worker_id":"f959fc9e-6564-4713-bc97-cf94a2bd32ad-8316722560","trial_id":45,"param_name":"clone_class_power","param_value_internal":0.3302670356968992,"distribution":"{\"name\": \"FloatDistribution\", \"attributes\": {\"step\": null, \"low\": 0.0, \"high\": 1.0, \"log\": false}}"}
{"op_code":5,"worker_id":"f959fc9e-6564-4713-bc97-cf94a2bd32ad-8316722560","trial_id":45,"param_name":"clone_label_smoothing","param_value_internal":0,"distribution":"{\"name\": \"CategoricalDistribution\", \"attributes\": {\"choices\": [0.0, 0.05, 0.1]}}"}
{"op_code":5,"worker_id":"f959fc9e-6564-4713-bc97-cf94a2bd32ad-8316722560","trial_id":45,"param_name":"clone_patience","param_value_internal":1,"distribution":"{\"name\": \"CategoricalDistribution\", \"attributes\": {\"choices\": [5, 10, 20]}}"}
{"op_code":8,"worker_id":"f959fc9e-6564-4713-bc97-cf94a2bd32ad-8316722560","trial_id":45,"user_attr":{"tag":"c5ca5dba41ae8"}}
{"op_code":8,"worker_id":"f959fc9e-6564-4713-bc97-cf94a2bd32ad-8316722560","trial_id":45,"user_attr":{"overrides":{"lr":0.0012861455435104025,"hidden":64,"clone_batch":512,"clone_weight_decay":1e-05,"clone_class_power":0.3302670356968992,"clone_label_smoothing":0.0,"clone_patience":10}}}
{"op_code":4,"worker_id":"f959fc9e-6564-4713-bc97-cf94a2bd32ad-8316722560","study_id":0,"datetime_start":"2026-10-08T03:31:49.623946"}
{"op_code":5,"worker_id":"f959fc9e-6564-4713-bc97-cf94a2bd32ad-8316722560","trial_id":46,"param_name":"lr","param_value_internal":0.00041848505622280974,"distribution":"{\"name\": \"FloatDistribution\", \"attributes\": {\"step\": null, \"low\": 0.0001, \"high\": 0.01, \"log\": true}}"}
{"op_code":5,"worker_id":"f959fc9e-6564-4713-bc97-cf94a2bd32ad-8316722560","trial_id":46,"param_name":"hidden","param_value_internal":2,"distribution":"{\"name\": \"CategoricalDistribution\", \"attributes\": {\"choices\": [64, 128, 256]}}"}
{"op_code":5,"worker_id":"f959fc9e-6564-4713-bc97-cf94a2bd32ad-8316722560","trial_id":46,"param_name":"clone_batch","param_value_internal":2,"distribution":"{\"name\": \"CategoricalDistribution\", \"attributes\": {\"choices\": [128, 256, 512, 1024, 2048]}}"}
{"op_code":5,"worker_id":"f959fc9e-6564-4713-bc97-cf94a2bd32ad-8316722560","trial_id":46,"param_name":"clone_weight_decay","param_value_internal":4,"distribution":"{\"name\": \"CategoricalDistribution\", \"attributes\": {\"choices\": [0.0, 1e-06, 1e-05, 0.0001, 0.001]}}"}
{"op_code":5,"worker_id":"f959fc9e-6564-4713-bc97-cf94a2bd32ad-8316722560","trial_id":46,"param_name":"clone_class_power","param_value_internal":0.8894479088158666,"distribution":"{\"name\": \"FloatDistribution\", \"attributes\": {\"step\": null, \"low\": 0.0, \"high\": 1.0, \"log\": false}}"}
{"op_code":5,"worker_id":"f959fc9e-6564-4713-bc97-cf94a2bd32ad-8316722560","trial_id":46,"param_name":"clone_label_smoothing","param_value_internal":1,"distribution":"{\"name\": \"CategoricalDistribution\", \"attributes\": {\"choices\": [0.0, 0.05, 0.1]}}"}
{"op_code":5,"worker_id":"f959fc9e-6564-4713-bc97-cf94a2bd32ad-8316722560","trial_id":46,"param_name":"clone_patience","param_value_internal":0,"distribution":"{\"name\": \"CategoricalDistribution\", \"attributes\": {\"choices\": [5, 10, 20]}}"}
{"op_code":8,"worker_id":"f959fc9e-6564-4713-bc97-cf94a2bd32ad-8316722560","trial_id":46,"user_attr":{"tag":"c60a1f53f13d9"}}
{"op_code":8,"worker_id":"f959fc9e-6564-4713-bc97-cf94a2bd32ad-8316722560","trial_id":46,"user_attr":{"overrides":{"lr":0.00041848505622280974,"hidden":256,"clone_batch":512,"clone_weight_decay":0.001,"clone_class_power":0.8894479088158666,"clone_label_smoothing":0.05,"clone_patience":5}}}
{"op_code":4,"worker_id":"f959fc9e-6564-4713-bc97-cf94a2bd32ad-8316722560","study_id":0,"datetime_start":"2026-10-08T03:31:49.627946"}
{"op_code":5,"worker_id":"f959fc9e-6564-4713-bc97-cf94a2bd32ad-8316722560","trial_id":47,"param_name":"lr","param_value_internal":0.0009229294057945574,"distribution":"{\"name\": \"FloatDistribution\", \"attributes\": {\"step\": null, \"low\": 0.0001, \"high\": 0.01, \"log\": true}}"}
{"op_code":5,"worker_id":"f959fc9e-6564-4713-bc97-cf94a2bd32ad-8316722560","trial_id":47,"param_name":"hidden","param_value_internal":2,"distribution":"{\"name\": \"CategoricalDistribution\", \"attributes\": {\"choices\": [64, 128, 256]}}"}
{"op_code":5,"worker_id":"f959fc9e-6564-4713-bc97-cf94a2bd32ad-8316722560","trial_id":47,"param_name":"clone_batch","param_value_internal":4,"distribution":"{\"name\": \"CategoricalDistribution\", \"attributes\": {\"choices\": [128, 256, 512, 1024, 2048]}}"}
{"op_code":5,"worker_id":"f959fc9e-6564-4713-bc97-cf94a2bd32ad-8316722560","trial_id":47,"param_name":"clone_weight_decay","param_value_internal":4,"distribution":"{\"name\": \"CategoricalDistribution\", \"attributes\": {\"choices\": [0.0, 1e-06, 1e-05, 0.0001, 0.001]}}"}
{"op_code":5,"worker_id":"f959fc9e-6564-4713-bc97-cf94a2bd32ad-8316722560","trial_id":47,"param_name":"clone_class_power","param_value_internal":0.9217190668708333,"distribution":"{\"name\": \"FloatDistribution\", \"attributes\": {\"step\": null, \"low\": 0.0, \"high\": 1.0, \"log\": false}}"}
{"op_code":5,"worker_id":"f959fc9e-6564-4713-bc97-cf94a2bd32ad-8316722560","trial_id":47,"param_name":"clone_label_smoothing","param_value_internal":0,"distribution":"{\"name\": \"CategoricalDistribution\", \"attributes\": {\"choices\": [0.0, 0.05, 0.1]}}"}
{"op_code":5,"worker_id":"f959fc9e-6564-4713-bc97-cf94a2bd32ad-8316722560","trial_id":47,"param_name":"clone_patience","param_value_internal":0,"distribution":"{\"name\": \"CategoricalDistribution\", \"attributes\": {\"choices\": [5, 10, 20]}}"}
{"op_code":8,"worker_id":"f959fc9e-6564-4713-bc97-cf94a2bd32ad-8316722560","trial_id":47,"user_attr":{"tag":"c7f385b4fcf97"}}
{"op_code":8,"worker_id":"f959fc9e-6564-4713-bc97-cf94a2bd32ad-8316722560","trial_id":47,"user_attr":{"overrides":{"lr":0.0009229294057945574,"hidden":256,"clone_batch":2048,"clone_weight_decay":0.001,"clone_class_power":0.9217190668708333,"clone_label_smoothing":0.0,"clone_patience":5}}}
{"op_code":7,"worker_id":"f959fc9e-6564-4713-bc97-cf94a2bd32ad-8316722560","trial_id":0,"step":16,"intermediate_value":255.3747283890145}
{"op_code":8,"worker_id":"f959fc9e-6564-4713-bc97-cf94a2bd32ad-8316722560","trial_id":0,"user_attr":{"hh_saving":{"254":322.2853634604025,"185":274.4190150126277,"230":287.77556759602277,"266":169.49982563864793,"145":320.4199085099946,"229":171.5153458652498,"300":307.7760752855666,"69":352.1292439873776,"136":236.7854610365327,"56":272.57007975842214,"72":207.24952446310317,"26":198.2754720250934,"45":195.46427406586088,"208":278.4932709771832,"40":214.56189911376612,"173":276.77532742838105}}}
{"op_code":8,"worker_id":"f959fc9e-6564-4713-bc97-cf94a2bd32ad-8316722560","trial_id":0,"user_attr":{"val_efc_mean":83.454304640625}}
{"op_code":8,"worker_id":"f959fc9e-6564-4713-bc97-cf94a2bd32ad-8316722560","trial_id":0,"user_attr":{"converged_share":1.0}}
{"op_code":8,"worker_id":"f959fc9e-6564-4713-bc97-cf94a2bd32ad-8316722560","trial_id":0,"user_attr":{"wall_s":311.5072979927063}}
{"op_code":6,"worker_id":"f959fc9e-6564-4713-bc97-cf94a2bd32ad-8316722560","trial_id":0,"state":1,"values":[255.3747283890145],"datetime_complete":"2026-10-08T03:33:23.240444"}
{"op_code":7,"worker_id":"f959fc9e-6564-4713-bc97-cf94a2bd32ad-8316722560","trial_id":1,"step":16,"intermediate_value":265.6335447547422}
{"op_code":8,"worker_id":"f959fc9e-6564-4713-bc97-cf94a2bd32ad-8316722560","trial_id":1,"user_attr":{"hh_saving":{"254":323.3582245835196,"185":282.187627638802,"230":290.0273250832206,"266":169.73932116021064,"145":321.11322178450104,"229":181.87183505798612,"300":350.5731778085079,"69":352.2143304518448,"136":251.73694450464566,"56":282.65613500836173,"72":208.646218128282,"26":207.4655891998774,"45":214.36108485122827,"208":281.5765701741643,"40":223.06063138789546,"173":309.5484792528279}}}
{"op_code":8,"worker_id":"f959fc9e-6564-4713-bc97-cf94a2bd32ad-8316722560","trial_id":1,"user_attr":{"val_efc_mean":82.961240390625}}
{"op_code":8,"worker_id":"f959fc9e-6564-4713-bc97-cf94a2bd32ad-8316722560","trial_id":1,"user_attr":{"converged_share":0.6875}}
{"op_code":8,"worker_id":"f959fc9e-6564-4713-bc97-cf94a2bd32ad-8316722560","trial_id":1,"user_attr":{"wall_s":311.50693011283875}}
{"op_code":6,"worker_id":"f959fc9e-6564-4713-bc97-cf94a2bd32ad-8316722560","trial_id":1,"state":1,"values":[265.6335447547422],"datetime_complete":"2026-10-08T03:33:23.243213"}
{"op_code":7,"worker_id":"f959fc9e-6564-4713-bc97-cf94a2bd32ad-8316722560","trial_id":2,"step":16,"intermediate_value":0.2201870057641085}
{"op_code":8,"worker_id":"f959fc9e-6564-4713-bc97-cf94a2bd32ad-8316722560","trial_id":2,"user_attr":{"hh_saving":{"254":0.5352716112897886,"185":0.6760347645832009,"230":0.0,"266":0.32030971404546044,"145":0.21368625803518576,"229":-0.3112799153749677,"300":-0.47672761953110204,"69":0.18412714206818595,"136":0.5063831903018061,"56":0.7161378407524767,"72":0.12148920223475759,"26":0.07601257133618487,"45":0.37755686802079885,"208":0.4534344480282816,"40":0.10667988757341261,"173":0.023876128862265693}}}
{"op_code":8,"worker_id":"f959fc9e-6564-4713-bc97-cf94a2bd32ad-8316722560","trial_id":2,"user_attr":{"val_efc_mean":0.3268749999999999}}
{"op_code":8,"worker_id":"f959fc9e-6564-4713-bc97-cf94a2bd32ad-8316722560","trial_id":2,"user_attr":{"converged_share":1.0}}
{"op_code":8,"worker_id":"f959fc9e-6564-4713-bc97-cf94a2bd32ad-8316722560","trial_id":2,"user_attr":{"wall_s":311.5063192844391}}
{"op_code":6,"worker_id":"f959fc9e-6564-4713-bc97-cf94a2bd32ad-8316722560","trial_id":2,"state":1,"values":[0.2201870057641085],"datetime_complete":"2026-10-08T03:33:23.245416"}
{"op_code":7,"worker_id":"f959fc9e-6564-4713-bc97-cf94a2bd32ad-8316722560","trial_id":3,"step":16,"intermediate_value":0.10544245736932659}
{"op_code":8,"worker_id":"f959fc9e-6564-4713-bc97-cf94a2bd32ad-8316722560","trial_id":3,"user_attr":{"hh_saving":{"254":0.5352716112897886,"185":0.6760347645832009,"230":0.0,"266":0.29477537113755503,"145":0.21368625803518576,"229":-1.7832480832891195,"300":-0.47672761953110204,"69":0.1398242596352008,"136":0.9745673281837871,"56":-0.034173591268877805,"72":0.12623012893251534,"26":0.07601257133618487,"45":0.16133369436246678,"208":0.8791789912758016,"40":-0.032973039050594774,"173":-0.06271332772276748}}}
{"op_code":8,"worker_id":"f959fc9e-6564-4713-bc97-cf94a2bd32ad-8316722560","trial_id":3,"user_attr":{"val_efc_mean":0.35999999999999993}}
{"op_code":8,"worker_id":"f959fc9e-6564-4713-bc97-cf94a2bd32ad-8316722560","trial_id":3,"user_attr":{"converged_share":1.0}}
{"op_code":8,"worker_id":"f959fc9e-6564-4713-bc97-cf94a2bd32ad-8316722560","trial_id":3,"user_attr":{"wall_s":311.50587487220764}}
{"op_code":6,"worker_id":"f959fc9e-6564-4713-bc97-cf94a2bd32ad-8316722560","trial_id":3,"state":1,"values":[0.10544245736932659],"datetime_complete":"2026-10-08T03:33:23.247704"}
{"op_code":7,"worker_id":"f959fc9e-6564-4713-bc97-cf94a2bd32ad-8316722560","trial_id":4,"step":16,"intermediate_value":266.18060201501}
{"op_code":8,"worker_id":"f959fc9e-6564-4713-bc97-cf94a2bd32ad-8316722560","trial_id":4,"user_attr":{"hh_saving":{"254":322.88439510843926,"185":283.24568174260935,"230":289.9090112459183,"266":173.67353914884774,"145":322.746339512249,"229":184.0051862421007,"300":351.90382173192296,"69":352.7684562500711,"136":251.0195131129686,"56":282.0167939878041,"72":209.54828476991796,"26":207.56428654398903,"45":213.72081691093348,"208":281.4902108861334,"40":223.45050680658517,"173":308.94278823966994}}}
{"op_code":8,"worker_id":"f959fc9e-6564-4713-bc97-cf94a2bd32ad-8316722560","trial_id":4,"user_attr":{"val_efc_mean":83.38797640624999}}
{"op_code":8,"worker_id":"f959fc9e-6564-4713-bc97-cf94a2bd32ad-8316722560","trial_id":4,"user_attr":{"converged_share":0.8125}}
{"op_code":8,"worker_id":"f959fc9e-6564-4713-bc97-cf94a2bd32ad-8316722560","trial_id":4,"user_attr":{"wall_s":311.5053222179413}}
{"op_code":6,"worker_id":"f959fc9e-6564-4713-bc97-cf94a2bd32ad-8316722560","trial_id":4,"state":1,"values":[266.18060201501],"datetime_complete":"2026-10-08T03:33:23.249798"}
{"op_code":7,"worker_id":"f959fc9e-6564-4713-bc97-cf94a2bd32ad-8316722560","trial_id":5,"step":16,"intermediate_value":0.33718446511683187}
{"op_code":8,"worker_id":"f959fc9e-6564-4713-bc97-cf94a2bd32ad-8316722560","trial_id":5,"user_attr":{"hh_saving":{"254":0.539354065350681,"185":1.0546685910881795,"230":0.0,"266":0.3156158965980893,"145":0.5130830429592379,"229":-0.6106232838602637,"300":0.08093519343520127,"69":0.7876048755174919,"136":1.0974360915459809,"56":0.06116447764684706,"72":0.21522198483396998,"26":0.07601257133618487,"45":0.11436470660645373,"208":0.9960268466872902,"40":0.10667988757341261,"173":0.047406494550553395}}}
{"op_code":8,"worker_id":"f959fc9e-6564-4713-bc97-cf94a2bd32ad-8316722560","trial_id":5,"user_attr":{"val_efc_mean":0.31156249999999996}}
{"op_code":8,"worker_id":"f959fc9e-6564-4713-bc97-cf94a2bd32ad-8316722560","trial_id":5,"user_attr":{"converged_share":1.0}}
{"op_code":8,"worker_id":"f959fc9e-6564-4713-bc97-cf94a2bd32ad-8316722560","trial_id":5,"user_attr":{"wall_s":311.5042972564697}}
{"op_code":6,"worker_id":"f959fc9e-6564-4713-bc97-cf94a2bd32ad-8316722560","trial_id":5,"state":1,"values":[0.33718446511683187],"datetime_complete":"2026-10-08T03:33:23.251879"}
{"op_code":7,"worker_id":"f959fc9e-6564-4713-bc97-cf94a2bd32ad-8316722560","trial_id":6,"step":16,"intermediate_value":0.35264597309382034}
{"op_code":8,"worker_id":"f959fc9e-6564-4713-bc97-cf94a2bd32ad-8316722560","trial_id":6,"user_attr":{"hh_saving":{"254":0.5352716112897886,"185":0.6252158259570179,"230":0.0,"266":0.32030971404546044,"145":0.21368625803518576,"229":0.3363909022644001,"300":0.0,"69":0.2615373868442999,"136":0.9745673281837871,"56":0.8079684735462292,"72":0.5341251574991353,"26":0.07601257133618487,"45":0.0,"208":0.5496882224477437,"40":0.08093519343505307,"173":0.3266269246168402}}}
{"op_code":8,"worker_id":"f959fc9e-6564-4713-bc97-cf94a2bd32ad-8316722560","trial_id":6,"user_attr":{"val_efc_mean":0.25531249999999994}}
{"op_code":8,"worker_id":"f959fc9e-6564-4713-bc97-cf94a2bd32ad-8316722560","trial_id":6,"user_attr":{"converged_share":1.0}}
{"op_code":8,"worker_id":"f959fc9e-6564-4713-bc97-cf94a2bd32ad-8316722560","trial_id":6,"user_attr":{"wall_s":311.5031008720398}}
{"op_code":6,"worker_id":"f959fc9e-6564-4713-bc97-cf94a2bd32ad-8316722560","trial_id":6,"state":1,"values":[0.35264597309382034],"datetime_complete":"2026-10-08T03:33:23.253635"}
{"op_code":7,"worker_id":"f959fc9e-6564-4713-bc97-cf94a2bd32ad-8316722560","trial_id":7,"step":16,"intermediate_value":0.09343356449698285}
{"op_code":8,"worker_id":"f959fc9e-6564-4713-bc97-cf94a2bd32ad-8316722560","trial_id":7,"user_attr":{"hh_saving":{"254":0.0,"185":0.0,"230":0.0,"266":0.4341212106623849,"145":0.0,"229":0.0,"300":0.0,"69":0.0,"136":0.0,"56":0.0,"72":0.3412287355501015,"26":0.2936050097846622,"45":0.3412287355501015,"208":0.0,"40":0.0,"173":0.08475334040447535}}}
{"op_code":8,"worker_id":"f959fc9e-6564-4713-bc97-cf94a2bd32ad-8316722560","trial_id":7,"user_attr":{"val_efc_mean":0.046875}}
{"op_code":8,"worker_id":"f959fc9e-6564-4713-bc97-cf94a2bd32ad-8316722560","trial_id":7,"user_attr":{"converged_share":1.0}}
{"op_code":8,"worker_id":"f959fc9e-6564-4713-bc97-cf94a2bd32ad-8316722560","trial_id":7,"user_attr":{"wall_s":311.50201416015625}}
{"op_code":6,"worker_id":"f959fc9e-6564-4713-bc97-cf94a2bd32ad-8316722560","trial_id":7,"state":1,"values":[0.09343356449698285],"datetime_complete":"2026-10-08T03:33:23.255420"}
{"op_code":7,"worker_id":"f959fc9e-6564-4713-bc97-cf94a2bd32ad-8316722560","trial_id":8,"step":16,"intermediate_value":6.474614344180245}
{"op_code":8,"worker_id":"f959fc9e-6564-4713-bc97-cf94a2bd32ad-8316722560","trial_id":8,"user_attr":{"hh_saving":{"254":2.5418668408784697,"185":2.508058943999125,"230":1.4292793753307973,"266":5.826993796766991,"145":8.035620841523487,"229":6.694020034950017,"300":18.416775508974823,"69":7.668902588653305,"136":0.1868656374727696,"56":1.6388321562441084,"72":6.564578862682201,"26":7.295915337170082,"45":7.695578551077889,"208":6.368609688428878,"40":8.272065045654035,"173":12.449866297076937}}}
{"op_code":8,"worker_id":"f959fc9e-6564-4713-bc97-cf94a2bd32ad-8316722560","trial_id":8,"user_attr":{"val_efc_mean":0.6245252499999999}}
{"op_code":8,"worker_id":"f959fc9e-6564-4713-bc97-cf94a2bd32ad-8316722560","trial_id":8,"user_attr":{"converged_share":1.0}}
{"op_code":8,"worker_id":"f959fc9e-6564-4713-bc97-cf94a2bd32ad-8316722560","trial_id":8,"user_attr":{"wall_s":311.5012731552124}}
{"op_code":6,"worker_id":"f959fc9e-6564-4713-bc97-cf94a2bd32ad-8316722560","trial_id":8,"state":1,"values":[6.474614344180245],"datetime_complete":"2026-10-08T03:33:23.257272"}
{"op_code":7,"worker_id":"f959fc9e-6564-4713-bc97-cf94a2bd32ad-8316722560","trial_id":9,"step":16,"intermediate_value":1.2988884020450542}
{"op_code":8,"worker_id":"f959fc9e-6564-4713-bc97-cf94a2bd32ad-8316722560","trial_id":9,"user_attr":{"hh_saving":{"254":0.6469475655446948,"185":0.6760347645832009,"230":0.0,"266":9.464139516298957,"145":0.500934050521855,"229":-2.7972874814880666,"300":1.636056982235177,"69":0.16298644117175748,"136":0.5922812102650263,"56":-0.034173591268877805,"72":0.9893896083962395,"26":0.07601257133618487,"45":4.471185957341035,"208":0.8662374317383674,"40":0.1754104483650971,"173":3.35605895768022}}}
{"op_code":8,"worker_id":"f959fc9e-6564-4713-bc97-cf94a2bd32ad-8316722560","trial_id":9,"user_attr":{"val_efc_mean":0.4933398437499999}}
{"op_code":8,"worker_id":"f959fc9e-6564-4713-bc97-cf94a2bd32ad-8316722560","trial_id":9,"user_attr":{"converged_share":1.0}}
{"op_code":8,"worker_id":"f959fc9e-6564-4713-bc97-cf94a2bd32ad-8316722560","trial_id":9,"user_attr":{"wall_s":311.4999008178711}}
{"op_code":6,"worker_id":"f959fc9e-6564-4713-bc97-cf94a2bd32ad-8316722560","trial_id":9,"state":1,"values":[1.2988884020450542],"datetime_complete":"2026-10-08T03:33:23.258931"}
{"op_code":7,"worker_id":"f959fc9e-6564-4713-bc97-cf94a2bd32ad-8316722560","trial_id":10,"step":16,"intermediate_value":266.27065893775614}
{"op_code":8,"worker_id":"f959fc9e-6564-4713-bc97-cf94a2bd32ad-8316722560","trial_id":10,"user_attr":{"hh_saving":{"254":323.0851973673329,"185":282.54540431635115,"230":290.8671120180156,"266":174.82649059871295,"145":323.1257012795489,"229":185.2985854730419,"300":348.83044155848256,"69":352.3895085256964,"136":251.81622750941975,"56":282.36733850713864,"72":210.14490539991752,"26":206.51204791599002,"45":214.85552050932876,"208":280.80906198507853,"40":223.10603121052688,"173":309.7509688295162}}}
{"op_code":8,"worker_id":"f959fc9e-6564-4713-bc97-cf94a2bd32ad-8316722560","trial_id":10,"user_attr":{"val_efc_mean":83.83968553125}}
{"op_code":8,"worker_id":"f959fc9e-6564-4713-bc97-cf94a2bd32ad-8316722560","trial_id":10,"user_attr":{"converged_share":0.9375}}
{"op_code":8,"worker_id":"f959fc9e-6564-4713-bc97-cf94a2bd32ad-8316722560","trial_id":10,"user_attr":{"wall_s":311.49792671203613}}
{"op_code":6,"worker_id":"f959fc9e-6564-4713-bc97-cf94a2bd32ad-8316722560","trial_id":10,"state":1,"values":[266.27065893775614],"datetime_complete":"2026-10-08T03:33:23.260731"}
{"op_code":7,"worker_id":"f959fc9e-6564-4713-bc97-cf94a2bd32ad-8316722560","trial_id":11,"step":16,"intermediate_value":264.0967467842102}
{"op_code":8,"worker_id":"f959fc9e-6564-4713-bc97-cf94a2bd32ad-8316722560","trial_id":11,"user_attr":{"hh_saving":{"254":321.85055157645957,"185":282.249548635871,"230":288.36394729357227,"266":168.38391753148684,"145":323.0342804839897,"229":177.44657535686292,"300":346.89591088205395,"69":350.74978653276173,"136":249.8211435835636,"56":281.07300928429356,"72":208.5001252469825,"26":205.3931181042144,"45":212.00741340806374,"208":280.8967132007567,"40":222.65208609249177,"173":306.2298213339395}}}
{"op_code":8,"worker_id":"f959fc9e-6564-4713-bc97-cf94a2bd32ad-8316722560","trial_id":11,"user_attr":{"val_efc_mean":83.241568734375}}
{"op_code":8,"worker_id":"f959fc9e-6564-4713-bc97-cf94a2bd32ad-8316722560","trial_id":11,"user_attr":{"converged_share":1.0}}
{"op_code":8,"worker_id":"f959fc9e-6564-4713-bc97-cf94a2bd32ad-8316722560","trial_id":11,"user_attr":{"wall_s":311.4974408149719}}
{"op_code":6,"worker_id":"f959fc9e-6564-4713-bc97-cf94a2bd32ad-8316722560","trial_id":11,"state":1,"values":[264.0967467842102],"datetime_complete":"2026-10-08T03:33:23.262763"}
{"op_code":7,"worker_id":"f959fc9e-6564-4713-bc97-cf94a2bd32ad-8316722560","trial_id":12,"step":16,"intermediate_value":264.99803130772926}
{"op_code":8,"worker_id":"f959fc9e-6564-4713-bc97-cf94a2bd32ad-8316722560","trial_id":12,"user_attr":{"hh_saving":{"254":321.3627604556486,"185":281.1050921332028,"230":290.7902390922658,"266":177.0367398757986,"145":321.0223078482019,"229":183.74564556450298,"300":345.2118245206409,"69":349.99217626002184,"136":250.2569652336116,"56":280.9814395101361,"72":209.23624663027934,"26":206.7180928133208,"45":215.80154715888642,"208":279.51500758875375,"40":222.00472581901406,"173":305.1876904193829}}}
{"op_code":8,"worker_id":"f959fc9e-6564-4713-bc97-cf94a2bd32ad-8316722560","trial_id":12,"user_attr":{"val_efc_mean":83.542461828125}}
{"op_code":8,"worker_id":"f959fc9e-6564-4713-bc97-cf94a2bd32ad-8316722560","trial_id":12,"user_attr":{"converged_share":0.0625}}
{"op_code":8,"worker_id":"f959fc9e-6564-4713-bc97-cf94a2bd32ad-8316722560","trial_id":12,"user_attr":{"wall_s":311.4968662261963}}
{"op_code":6,"worker_id":"f959fc9e-6564-4713-bc97-cf94a2bd32ad-8316722560","trial_id":12,"state":1,"values":[264.99803130772926],"datetime_complete":"2026-10-08T03:33:23.264616"}
{"op_code":7,"worker_id":"f959fc9e-6564-4713-bc97-cf94a2bd32ad-8316722560","trial_id":13,"step":16,"intermediate_value":265.2028116797912}
{"op_code":8,"worker_id":"f959fc9e-6564-4713-bc97-cf94a2bd32ad-8316722560","trial_id":13,"user_attr":{"hh_saving":{"254":321.5822911518616,"185":281.2110868270066,"230":290.2406535278871,"266":171.68085046708757,"145":323.1883255102202,"229":180.97123809685397,"300":350.7112087245608,"69":349.8839988780716,"136":251.2817184243975,"56":281.2817482304845,"72":210.89079171800768,"26":207.5905881326841,"45":214.20587503018683,"208":281.5153585919665,"40":222.27189638980997,"173":304.7373571755722}}}
{"op_code":8,"worker_id":"f959fc9e-6564-4713-bc97-cf94a2bd32ad-8316722560","trial_id":13,"user_attr":{"val_efc_mean":84.120321515625}}
{"op_code":8,"worker_id":"f959fc9e-6564-4713-bc97-cf94a2bd32ad-8316722560","trial_id":13,"user_attr":{"converged_share":1.0}}
{"op_code":8,"worker_id":"f959fc9e-6564-4713-bc97-cf94a2bd32ad-8316722560","trial_id":13,"user_attr":{"wall_s":311.4961779117584}}
{"op_code":6,"worker_id":"f959fc9e-6564-4713-bc97-cf94a2bd32ad-8316722560","trial_id":13,"state":1,"values":[265.2028116797912],"datetime_complete":"2026-10-08T03:33:23.266348"}
{"op_code":7,"worker_id":"f959fc9e-6564-4713-bc97-cf94a2bd32ad-8316722560","trial_id":14,"step":16,"intermediate_value":169.4184526558771}
{"op_code":8,"worker_id":"f959fc9e-6564-4713-bc97-cf94a2bd32ad-8316722560","trial_id":14,"user_attr":{"hh_saving":{"254":297.5809982426508,"185":256.85571284306434,"230":266.57404996527544,"266":105.00012602432275,"145":290.69690141739665,"229":20.845665559198356,"300":275.71706717784394,"69":331.2798716934337,"136":180.08399803494174,"56":265.5968565408153,"72":18.838346730332,"26":180.75571536841926,"45":49.673220126477766,"208":46.6351667467634,"40":13.815286709407731,"173":110.74625931369064}}}
{"op_code":8,"worker_id":"f959fc9e-6564-4713-bc97-cf94a2bd32ad-8316722560","trial_id":14,"user_attr":{"val_efc_mean":50.177237796875005}}
{"op_code":8,"worker_id":"f959fc9e-6564-4713-bc97-cf94a2bd32ad-8316722560","trial_id":14,"user_attr":{"converged_share":1.0}}
{"op_code":8,"worker_id":"f959fc9e-6564-4713-bc97-cf94a2bd32ad-8316722560","trial_id":14,"user_attr":{"wall_s":311.49592304229736}}
{"op_code":6,"worker_id":"f959fc9e-6564-4713-bc97-cf94a2bd32ad-8316722560","trial_id":14,"state":1,"values":[169.4184526558771],"datetime_complete":"2026-10-08T03:33:23.268383"}
{"op_code":7,"worker_id":"f959fc9e-6564-4713-bc97-cf94a2bd32ad-8316722560","trial_id":15,"step":16,"intermediate_value":0.2266198040602564}
{"op_code":8,"worker_id":"f959fc9e-6564-4713-bc97-cf94a2bd32ad-8316722560","trial_id":15,"user_attr":{"hh_saving":{"254":0.5352716112897886,"185":0.6760347645832009,"230":0.0,"266":0.29477537113755503,"145":0.21368625803518576,"229":-0.873716246333497,"300":-0.47290947256167976,"69":0.7607411151706458,"136":1.0101090409119788,"56":0.06116447764684706,"72":0.12148920223475759,"26":0.07601257133618487,"45":0.2619818348124546,"208":0.8471735181290521,"40":0.10667988757341261,"173":0.007422930998215195}}}
{"op_code":8,"worker_id":"f959fc9e-6564-4713-bc97-cf94a2bd32ad-8316722560","trial_id":15,"user_attr":{"val_efc_mean":0.34093749999999995}}
{"op_code":8,"worker_id":"f959fc9e-6564-4713-bc97-cf94a2bd32ad-8316722560","trial_id":15,"user_attr":{"converged_share":1.0}}
{"op_code":8,"worker_id":"f959fc9e-6564-4713-bc97-cf94a2bd32ad-8316722560","trial_id":15,"user_attr":{"wall_s":311.4954628944397}}
{"op_code":6,"worker_id":"f959fc9e-6564-4713-bc97-cf94a2bd32ad-8316722560","trial_id":15,"state":1,"values":[0.2266198040602564],"datetime_complete":"2026-10-08T03:33:23.270247"}
{"op_code":7,"worker_id":"f959fc9e-6564-4713-bc97-cf94a2bd32ad-8316722560","trial_id":16,"step":16,"intermediate_value":265.6278370910263}
{"op_code":8,"worker_id":"f959fc9e-6564-4713-bc97-cf94a2bd32ad-8316722560","trial_id":16,"user_attr":{"hh_saving":{"254":323.6265397022764,"185":282.0386556809362,"230":289.3693254380893,"266":179.23475182484606,"145":322.3639361216348,"229":179.6775001003156,"300":348.9296497543634,"69":351.8894679636626,"136":250.49583007718488,"56":280.67036256377895,"72":209.06122341562445,"26":207.08127554610385,"45":214.6827065230267,"208":281.4415744171526,"40":222.2953478856009,"173":307.1872464418246}}}
{"op_code":8,"worker_id":"f959fc9e-6564-4713-bc97-cf94a2bd32ad-8316722560","trial_id":16,"user_attr":{"val_efc_mean":84.08641190624999}}
{"op_code":8,"worker_id":"f959fc9e-6564-4713-bc97-cf94a2bd32ad-8316722560","trial_id":16,"user_attr":{"converged_share":1.0}}
{"op_code":8,"worker_id":"f959fc9e-6564-4713-bc97-cf94a2bd32ad-8316722560","trial_id":16,"user_attr":{"wall_s":311.4949760437012}}
{"op_code":6,"worker_id":"f959fc9e-6564-4713-bc97-cf94a2bd32ad-8316722560","trial_id":16,"state":1,"values":[265.6278370910263],"datetime_complete":"2026-10-08T03:33:23.272198"}
{"op_code":7,"worker_id":"f959fc9e-6564-4713-bc97-cf94a2bd32ad-8316722560","trial_id":17,"step":16,"intermediate_value":0.36878511147122006}
{"op_code":8,"worker_id":"f959fc9e-6564-4713-bc97-cf94a2bd32ad-8316722560","trial_id":17,"user_attr":{"hh_saving":{"254":0.5352716112897886,"185":1.0546685910881795,"230":0.0,"266":0.05198759449427216,"145":0.21368625803518576,"229":-0.12110350821245472,"300":0.08093519343520127,"69":0.8650151202936058,"136":1.0974360915459809,"56":0.5823922487453217,"72":0.21522198483396998,"26":0.21945853080088235,"45":0.3455513948741234,"208":0.6459378537438373,"40":0.10667988757341261,"173":0.007422930998215195}}}
{"op_code":8,"worker_id":"f959fc9e-6564-4713-bc97-cf94a2bd32ad-8316722560","trial_id":17,"user_attr":{"val_efc_mean":0.3209375}}
{"op_code":8,"worker_id":"f959fc9e-6564-4713-bc97-cf94a2bd32ad-8316722560","trial_id":17,"user_attr":{"converged_share":0.1875}}
{"op_code":8,"worker_id":"f959fc9e-6564-4713-bc97-cf94a2bd32ad-8316722560","trial_id":17,"user_attr":{"wall_s":311.49437522888184}}
{"op_code":6,"worker_id":"f959fc9e-6564-4713-bc97-cf94a2bd32ad-8316722560","trial_id":17,"state":1,"values":[0.36878511147122006],"datetime_complete":"2026-10-08T03:33:23.274032"}
{"op_code":7,"worker_id":"f959fc9e-6564-4713-bc97-cf94a2bd32ad-8316722560","trial_id":18,"step":16,"intermediate_value":265.5308160604006}
{"op_code":8,"worker_id":"f959fc9e-6564-4713-bc97-cf94a2bd32ad-8316722560","trial_id":18,"user_attr":{"hh_saving":{"254":322.43220562271046,"185":281.26871892068056,"230":289.2630711297703,"266":177.14327793672874,"145":323.3695459926969,"229":182.47228312353732,"300":348.66048055810245,"69":351.0996843406583,"136":251.45107263613343,"56":281.44886341219143,"72":208.3114184549163,"26":206.76927544772852,"45":214.35273593285538,"208":281.1173997099706,"40":222.5360892613336,"173":306.7969344863951}}}
{"op_code":8,"worker_id":"f959fc9e-6564-4713-bc97-cf94a2bd32ad-8316722560","trial_id":18,"user_attr":{"val_efc_mean":83.91855454687499}}
{"op_code":8,"worker_id":"f959fc9e-6564-4713-bc97-cf94a2bd32ad-8316722560","trial_id":18,"user_attr":{"converged_share":1.0}}
{"op_code":8,"worker_id":"f959fc9e-6564-4713-bc97-cf94a2bd32ad-8316722560","trial_id":18,"user_attr":{"wall_s":311.4933350086212}}
{"op_code":6,"worker_id":"f959fc9e-6564-4713-bc97-cf94a2bd32ad-8316722560","trial_id":18,"state":1,"values":[265.5308160604006],"datetime_complete":"2026-10-08T03:33:23.275866"}
{"op_code":7,"worker_id":"f959fc9e-6564-4713-bc97-cf94a2bd32ad-8316722560","trial_id":19,"step":16,"intermediate_value":266.39580968371723}
{"op_code":8,"worker_id":"f959fc9e-6564-4713-bc97-cf94a2bd32ad-8316722560","trial_id":19,"user_attr":{"hh_saving":{"254":322.8398638903107,"185":283.4558329762038,"230":291.101234982683,"266":177.31891974882322,"145":322.5827697347529,"229":185.83673491885364,"300":351.36391285861777,"69":352.68509932614916,"136":252.3162294200897,"56":280.58459604800584,"72":208.8569722638558,"26":205.94322900003758,"45":214.46579313657392,"208":283.0429887741107,"40":223.08977028966467,"173":306.84900757074314}}}
{"op_code":8,"worker_id":"f959fc9e-6564-4713-bc97-cf94a2bd32ad-8316722560","trial_id":19,"user_attr":{"val_efc_mean":84.17333596875}}
{"op_code":8,"worker_id":"f959fc9e-6564-4713-bc97-cf94a2bd32ad-8316722560","trial_id":19,"user_attr":{"converged_share":1.0}}
{"op_code":8,"worker_id":"f959fc9e-6564-4713-bc97-cf94a2bd32ad-8316722560","trial_id":19,"user_attr":{"wall_s":311.49243211746216}}
{"op_code":6,"worker_id":"f959fc9e-6564-4713-bc97-cf94a2bd32ad-8316722560","trial_id":19,"state":1,"values":[266.39580968371723],"datetime_complete":"2026-10-08T03:33:23.278062"}
{"op_code":7,"worker_id":"f959fc9e-6564-4713-bc97-cf94a2bd32ad-8316722560","trial_id":20,"step":16,"intermediate_value":266.308565850221}
{"op_code":8,"worker_id":"f959fc9e-6564-4713-bc97-cf94a2bd32ad-8316722560","trial_id":20,"user_attr":{"hh_saving":{"254":322.1279819088951,"185":283.4350162832008,"230":290.9236132480028,"266":174.24614234463624,"145":322.8738512086675,"229":183.79481862187345,"300":351.0268930314469,"69":352.6760235536132,"136":251.70226793251433,"56":281.57894144581246,"72":210.64505912339357,"26":207.6906585247839,"45":214.31898664172158,"208":282.3110867993596,"40":222.98877740778045,"173":308.59693552783364}}}
{"op_code":8,"worker_id":"f959fc9e-6564-4713-bc97-cf94a2bd32ad-8316722560","trial_id":20,"user_attr":{"val_efc_mean":83.99865184375}}
{"op_code":8,"worker_id":"f959fc9e-6564-4713-bc97-cf94a2bd32ad-8316722560","trial_id":20,"user_attr":{"converged_share":1.0}}
{"op_code":8,"worker_id":"f959fc9e-6564-4713-bc97-cf94a2bd32ad-8316722560","trial_id":20,"user_attr":{"wall_s":311.49169516563416}}
{"op_code":6,"worker_id":"f959fc9e-6564-4713-bc97-cf94a2bd32ad-8316722560","trial_id":20,"state":1,"values":[266.308565850221],"datetime_complete":"2026-10-08T03:33:23.280905"}
{"op_code":7,"worker_id":"f959fc9e-6564-4713-bc97-cf94a2bd32ad-8316722560","trial_id":21,"step":16,"intermediate_value":11.89304561525655}
{"op_code":8,"worker_id":"f959fc9e-6564-4713-bc97-cf94a2bd32ad-8316722560","trial_id":21,"user_attr":{"hh_saving":{"254":12.970639746790688,"185":3.197184696360842,"230":12.073748133392398,"266":5.834835174764695,"145":16.314876117880164,"229":7.180404555296712,"300":28.55707331581594,"69":17.967418362886434,"136":12.270580351217083,"56":3.565877454153914,"72":12.797594560347397,"26":9.717043481156175,"45":6.357609970582631,"208":13.414603343578746,"40":13.403094246811754,"173":14.666146333069245}}}
{"op_code":8,"worker_id":"f959fc9e-6564-4713-bc97-cf94a2bd32ad-8316722560","trial_id":21,"user_attr":{"val_efc_mean":1.240036984375}}
{"op_code":8,"worker_id":"f959fc9e-6564-4713-bc97-cf94a2bd32ad-8316722560","trial_id":21,"user_attr":{"converged_share":1.0}}
{"op_code":8,"worker_id":"f959fc9e-6564-4713-bc97-cf94a2bd32ad-8316722560","trial_id":21,"user_attr":{"wall_s":311.4917161464691}}
{"op_code":6,"worker_id":"f959fc9e-6564-4713-bc97-cf94a2bd32ad-8316722560","trial_id":21,"state":1,"values":[11.89304561525655],"datetime_complete":"2026-10-08T03:33:23.283359"}
{"op_code":7,"worker_id":"f959fc9e-6564-4713-bc97-cf94a2bd32ad-8316722560","trial_id":22,"step":16,"intermediate_value":266.7957748776479}
{"op_code":8,"worker_id":"f959fc9e-6564-4713-bc97-cf94a2bd32ad-8316722560","trial_id":22,"user_attr":{"hh_saving":{"254":324.66023465306546,"185":281.83588487528954,"230":291.91759539531654,"266":174.64257944332584,"145":324.4158625815525,"229":186.27595697281924,"300":351.7120573414127,"69":351.04881523340816,"136":251.26512110274572,"56":282.2426784385418,"72":210.85327689553773,"26":206.23845596019072,"45":217.5553898956764,"208":282.31724110977285,"40":223.3013748083094,"173":308.4498733354006}}}
{"op_code":8,"worker_id":"f959fc9e-6564-4713-bc97-cf94a2bd32ad-8316722560","trial_id":22,"user_attr":{"val_efc_mean":83.78960159374999}}
{"op_code":8,"worker_id":"f959fc9e-6564-4713-bc97-cf94a2bd32ad-8316722560","trial_id":22,"user_attr":{"converged_share":1.0}}
{"op_code":8,"worker_id":"f959fc9e-6564-4713-bc97-cf94a2bd32ad-8316722560","trial_id":22,"user_attr":{"wall_s":311.49142384529114}}
{"op_code":6,"worker_id":"f959fc9e-6564-4713-bc97-cf94a2bd32ad-8316722560","trial_id":22,"state":1,"values":[266.7957748776479],"datetime_complete":"2026-10-08T03:33:23.285356"}
{"op_code":7,"worker_id":"f959fc9e-6564-4713-bc97-cf94a2bd32ad-8316722560","trial_id":23,"step":16,"intermediate_value":0.24119268212947526}
{"op_code":8,"worker_id":"f959fc9e-6564-4713-bc97-cf94a2bd32ad-8316722560","trial_id":23,"user_attr":{"hh_saving":{"254":0.539354065350681,"185":1.0546685910881795,"230":0.0,"266":0.07937432639414713,"145":0.5130830429592379,"229":-0.6888242974250127,"300":-0.2689009203392508,"69":0.2615373868442999,"136":0.9745673281837871,"56":0.15489726024605943,"72":0.21522198483396998,"26":0.21945853080088235,"45":-0.06553033458118104,"208":0.7509238868329585,"40":0.10667988757341261,"173":0.012572175309433728}}}
{"op_code":8,"worker_id":"f959fc9e-6564-4713-bc97-cf94a2bd32ad-8316722560","trial_id":23,"user_attr":{"val_efc_mean":0.34531249999999997}}
{"op_code":8,"worker_id":"f959fc9e-6564-4713-bc97-cf94a2bd32ad-8316722560","trial_id":23,"user_attr":{"converged_share":1.0}}
{"op_code":8,"worker_id":"f959fc9e-6564-4713-bc97-cf94a2bd32ad-8316722560","trial_id":23,"user_attr":{"wall_s":311.49096488952637}}
{"op_code":6,"worker_id":"f959fc9e-6564-4713-bc97-cf94a2bd32ad-8316722560","trial_id":23,"state":1,"values":[0.24119268212947526],"datetime_complete":"2026-10-08T03:33:23.287260"}
{"op_code":4,"worker_id":"f959fc9e-6564-4713-bc97-cf94a2bd32ad-8316722560","study_id":0,"datetime_start":"2026-10-08T03:36:16.269501"}
{"op_code":9,"worker_id":"f959fc9e-6564-4713-bc97-cf94a2bd32ad-8316722560","trial_id":48,"system_attr":{"tpe:relative_params:0":"{\"clone_batch\": 2048, \"clone_class_power\": 0.24121412068653794, \"clone_label_smoothing\": 0.1, \"clone_patience\": 10, \"clone_weight_decay\": 1e-06, \"hidden\": 128, \"lr\": 0.000993030345531762}"}}
{"op_code":5,"worker_id":"f959fc9e-6564-4713-bc97-cf94a2bd32ad-8316722560","trial_id":48,"param_name":"lr","param_value_internal":0.000993030345531762,"distribution":"{\"name\": \"FloatDistribution\", \"attributes\": {\"step\": null, \"low\": 0.0001, \"high\": 0.01, \"log\": true}}"}
{"op_code":5,"worker_id":"f959fc9e-6564-4713-bc97-cf94a2bd32ad-8316722560","trial_id":48,"param_name":"hidden","param_value_internal":1,"distribution":"{\"name\": \"CategoricalDistribution\", \"attributes\": {\"choices\": [64, 128, 256]}}"}
{"op_code":5,"worker_id":"f959fc9e-6564-4713-bc97-cf94a2bd32ad-8316722560","trial_id":48,"param_name":"clone_batch","param_value_internal":4,"distribution":"{\"name\": \"CategoricalDistribution\", \"attributes\": {\"choices\": [128, 256, 512, 1024, 2048]}}"}
{"op_code":5,"worker_id":"f959fc9e-6564-4713-bc97-cf94a2bd32ad-8316722560","trial_id":48,"param_name":"clone_weight_decay","param_value_internal":1,"distribution":"{\"name\": \"CategoricalDistribution\", \"attributes\": {\"choices\": [0.0, 1e-06, 1e-05, 0.0001, 0.001]}}"}
{"op_code":5,"worker_id":"f959fc9e-6564-4713-bc97-cf94a2bd32ad-8316722560","trial_id":48,"param_name":"clone_class_power","param_value_internal":0.24121412068653794,"distribution":"{\"name\": \"FloatDistribution\", \"attributes\": {\"step\": null, \"low\": 0.0, \"high\": 1.0, \"log\": false}}"}
{"op_code":5,"worker_id":"f959fc9e-6564-4713-bc97-cf94a2bd32ad-8316722560","trial_id":48,"param_name":"clone_label_smoothing","param_value_internal":2,"distribution":"{\"name\": \"CategoricalDistribution\", \"attributes\": {\"choices\": [0.0, 0.05, 0.1]}}"}
{"op_code":5,"worker_id":"f959fc9e-6564-4713-bc97-cf94a2bd32ad-8316722560","trial_id":48,"param_name":"clone_patience","param_value_internal":1,"distribution":"{\"name\": \"CategoricalDistribution\", \"attributes\": {\"choices\": [5, 10, 20]}}"}
{"op_code":8,"worker_id":"f959fc9e-6564-4713-bc97-cf94a2bd32ad-8316722560","trial_id":48,"user_attr":{"tag":"c01cc96ad909c"}}
{"op_code":8,"worker_id":"f959fc9e-6564-4713-bc97-cf94a2bd32ad-8316722560","trial_id":48,"user_attr":{"overrides":{"lr":0.000993030345531762,"hidden":128,"clone_batch":2048,"clone_weight_decay":1e-06,"clone_class_power":0.24121412068653794,"clone_label_smoothing":0.1,"clone_patience":10}}}
{"op_code":4,"worker_id":"f959fc9e-6564-4713-bc97-cf94a2bd32ad-8316722560","study_id":0,"datetime_start":"2026-10-08T03:36:16.277404"}
{"op_code":9,"worker_id":"f959fc9e-6564-4713-bc97-cf94a2bd32ad-8316722560","trial_id":49,"system_attr":{"tpe:relative_params:0":"{\"clone_batch\": 512, \"clone_class_power\": 0.23323454186821044, \"clone_label_smoothing\": 0.1, \"clone_patience\": 5, \"clone_weight_decay\": 1e-06, \"hidden\": 64, \"lr\": 0.0063268853796978565}"}}
{"op_code":5,"worker_id":"f959fc9e-6564-4713-bc97-cf94a2bd32ad-8316722560","trial_id":49,"param_name":"lr","param_value_internal":0.0063268853796978565,"distribution":"{\"name\": \"FloatDistribution\", \"attributes\": {\"step\": null, \"low\": 0.0001, \"high\": 0.01, \"log\": true}}"}
{"op_code":5,"worker_id":"f959fc9e-6564-4713-bc97-cf94a2bd32ad-8316722560","trial_id":49,"param_name":"hidden","param_value_internal":0,"distribution":"{\"name\": \"CategoricalDistribution\", \"attributes\": {\"choices\": [64, 128, 256]}}"}
{"op_code":5,"worker_id":"f959fc9e-6564-4713-bc97-cf94a2bd32ad-8316722560","trial_id":49,"param_name":"clone_batch","param_value_internal":2,"distribution":"{\"name\": \"CategoricalDistribution\", \"attributes\": {\"choices\": [128, 256, 512, 1024, 2048]}}"}
{"op_code":5,"worker_id":"f959fc9e-6564-4713-bc97-cf94a2bd32ad-8316722560","trial_id":49,"param_name":"clone_weight_decay","param_value_internal":1,"distribution":"{\"name\": \"CategoricalDistribution\", \"attributes\": {\"choices\": [0.0, 1e-06, 1e-05, 0.0001, 0.001]}}"}
{"op_code":5,"worker_id":"f959fc9e-6564-4713-bc97-cf94a2bd32ad-8316722560","trial_id":49,"param_name":"clone_class_power","param_value_internal":0.23323454186821044,"distribution":"{\"name\": \"FloatDistribution\", \"attributes\": {\"step\": null, \"low\": 0.0, \"high\": 1.0, \"log\": false}}"}
{"op_code":5,"worker_id":"f959fc9e-6564-4713-bc97-cf94a2bd32ad-8316722560","trial_id":49,"param_name":"clone_label_smoothing","param_value_internal":2,"distribution":"{\"name\": \"CategoricalDistribution\", \"attributes\": {\"choices\": [0.0, 0.05, 0.1]}}"}
{"op_code":5,"worker_id":"f959fc9e-6564-4713-bc97-cf94a2bd32ad-8316722560","trial_id":49,"param_name":"clone_patience","param_value_internal":0,"distribution":"{\"name\": \"CategoricalDistribution\", \"attributes\": {\"choices\": [5, 10, 20]}}"}
{"op_code":8,"worker_id":"f959fc9e-6564-4713-bc97-cf94a2bd32ad-8316722560","trial_id":49,"user_attr":{"tag":"cd86263f6ee9b"}}
{"op_code":8,"worker_id":"f959fc9e-6564-4713-bc97-cf94a2bd32ad-8316722560","trial_id":49,"user_attr":{"overrides":{"lr":0.0063268853796978565,"hidden":64,"clone_batch":512,"clone_weight_decay":1e-06,"clone_class_power":0.23323454186821044,"clone_label_smoothing":0.1,"clone_patience":5}}}
{"op_code":4,"worker_id":"f959fc9e-6564-4713-bc97-cf94a2bd32ad-8316722560","study_id":0,"datetime_start":"2026-10-08T03:36:16.283304"}
{"op_code":9,"worker_id":"f959fc9e-6564-4713-bc97-cf94a2bd32ad-8316722560","trial_id":50,"system_attr":{"tpe:relative_params:0":"{\"clone_batch\": 128, \"clone_class_power\": 0.1769991759429668, \"clone_label_smoothing\": 0.05, \"clone_patience\": 20, \"clone_weight_decay\": 1e-06, \"hidden\": 128, \"lr\": 0.00024281898820881608}"}}
{"op_code":5,"worker_id":"f959fc9e-6564-4713-bc97-cf94a2bd32ad-8316722560","trial_id":50,"param_name":"lr","param_value_internal":0.00024281898820881608,"distribution":"{\"name\": \"FloatDistribution\", \"attributes\": {\"step\": null, \"low\": 0.0001, \"high\": 0.01, \"log\": true}}"}
{"op_code":5,"worker_id":"f959fc9e-6564-4713-bc97-cf94a2bd32ad-8316722560","trial_id":50,"param_name":"hidden","param_value_internal":1,"distribution":"{\"name\": \"CategoricalDistribution\", \"attributes\": {\"choices\": [64, 128, 256]}}"}
{"op_code":5,"worker_id":"f959fc9e-6564-4713-bc97-cf94a2bd32ad-8316722560","trial_id":50,"param_name":"clone_batch","param_value_internal":0,"distribution":"{\"name\": \"CategoricalDistribution\", \"attributes\": {\"choices\": [128, 256, 512, 1024, 2048]}}"}
{"op_code":5,"worker_id":"f959fc9e-6564-4713-bc97-cf94a2bd32ad-8316722560","trial_id":50,"param_name":"clone_weight_decay","param_value_internal":1,"distribution":"{\"name\": \"CategoricalDistribution\", \"attributes\": {\"choices\": [0.0, 1e-06, 1e-05, 0.0001, 0.001]}}"}
{"op_code":5,"worker_id":"f959fc9e-6564-4713-bc97-cf94a2bd32ad-8316722560","trial_id":50,"param_name":"clone_class_power","param_value_internal":0.1769991759429668,"distribution":"{\"name\": \"FloatDistribution\", \"attributes\": {\"step\": null, \"low\": 0.0, \"high\": 1.0, \"log\": false}}"}
{"op_code":5,"worker_id":"f959fc9e-6564-4713-bc97-cf94a2bd32ad-8316722560","trial_id":50,"param_name":"clone_label_smoothing","param_value_internal":1,"distribution":"{\"name\": \"CategoricalDistribution\", \"attributes\": {\"choices\": [0.0, 0.05, 0.1]}}"}
{"op_code":5,"worker_id":"f959fc9e-6564-4713-bc97-cf94a2bd32ad-8316722560","trial_id":50,"param_name":"clone_patience","param_value_internal":2,"distribution":"{\"name\": \"CategoricalDistribution\", \"attributes\": {\"choices\": [5, 10, 20]}}"}
{"op_code":8,"worker_id":"f959fc9e-6564-4713-bc97-cf94a2bd32ad-8316722560","trial_id":50,"user_attr":{"tag":"c8f0eb3e2811b"}}
{"op_code":8,"worker_id":"f959fc9e-6564-4713-bc97-cf94a2bd32ad-8316722560","trial_id":50,"user_attr":{"overrides":{"lr":0.00024281898820881608,"hidden":128,"clone_batch":128,"clone_weight_decay":1e-06,"clone_class_power":0.1769991759429668,"clone_label_smoothing":0.05,"clone_patience":20}}}
{"op_code":4,"worker_id":"f959fc9e-6564-4713-bc97-cf94a2bd32ad-8316722560","study_id":0,"datetime_start":"2026-10-08T03:36:16.288819"}
{"op_code":9,"worker_id":"f959fc9e-6564-4713-bc97-cf94a2bd32ad-8316722560","trial_id":51,"system_attr":{"tpe:relative_params:0":"{\"clone_batch\": 128, \"clone_class_power\": 0.28375209001440477, \"clone_label_smoothing\": 0.1, \"clone_patience\": 10, \"clone_weight_decay\": 0.0, \"hidden\": 128, \"lr\": 0.00047468550493506866}"}}
{"op_code":5,"worker_id":"f959fc9e-6564-4713-bc97-cf94a2bd32ad-8316722560","trial_id":51,"param_name":"lr","param_value_internal":0.00047468550493506866,"distribution":"{\"name\": \"FloatDistribution\", \"attributes\": {\"step\": null, \"low\": 0.0001, \"high\": 0.01, \"log\": true}}"}
{"op_code":5,"worker_id":"f959fc9e-6564-4713-bc97-cf94a2bd32ad-8316722560","trial_id":51,"param_name":"hidden","param_value_internal":1,"distribution":"{\"name\": \"CategoricalDistribution\", \"attributes\": {\"choices\": [64, 128, 256]}}"}
{"op_code":5,"worker_id":"f959fc9e-6564-4713-bc97-cf94a2bd32ad-8316722560","trial_id":51,"param_name":"clone_batch","param_value_internal":0,"distribution":"{\"name\": \"CategoricalDistribution\", \"attributes\": {\"choices\": [128, 256, 512, 1024, 2048]}}"}
{"op_code":5,"worker_id":"f959fc9e-6564-4713-bc97-cf94a2bd32ad-8316722560","trial_id":51,"param_name":"clone_weight_decay","param_value_internal":0,"distribution":"{\"name\": \"CategoricalDistribution\", \"attributes\": {\"choices\": [0.0, 1e-06, 1e-05, 0.0001, 0.001]}}"}
{"op_code":5,"worker_id":"f959fc9e-6564-4713-bc97-cf94a2bd32ad-8316722560","trial_id":51,"param_name":"clone_class_power","param_value_internal":0.28375209001440477,"distribution":"{\"name\": \"FloatDistribution\", \"attributes\": {\"step\": null, \"low\": 0.0, \"high\": 1.0, \"log\": false}}"}
{"op_code":5,"worker_id":"f959fc9e-6564-4713-bc97-cf94a2bd32ad-8316722560","trial_id":51,"param_name":"clone_label_smoothing","param_value_internal":2,"distribution":"{\"name\": \"CategoricalDistribution\", \"attributes\": {\"choices\": [0.0, 0.05, 0.1]}}"}
{"op_code":5,"worker_id":"f959fc9e-6564-4713-bc97-cf94a2bd32ad-8316722560","trial_id":51,"param_name":"clone_patience","param_value_internal":1,"distribution":"{\"name\": \"CategoricalDistribution\", \"attributes\": {\"choices\": [5, 10, 20]}}"}
{"op_code":8,"worker_id":"f959fc9e-6564-4713-bc97-cf94a2bd32ad-8316722560","trial_id":51,"user_attr":{"tag":"ce55d31635698"}}
{"op_code":8,"worker_id":"f959fc9e-6564-4713-bc97-cf94a2bd32ad-8316722560","trial_id":51,"user_attr":{"overrides":{"lr":0.00047468550493506866,"hidden":128,"clone_batch":128,"clone_weight_decay":0.0,"clone_class_power":0.28375209001440477,"clone_label_smoothing":0.1,"clone_patience":10}}}
{"op_code":4,"worker_id":"f959fc9e-6564-4713-bc97-cf94a2bd32ad-8316722560","study_id":0,"datetime_start":"2026-10-08T03:36:16.294194"}
{"op_code":9,"worker_id":"f959fc9e-6564-4713-bc97-cf94a2bd32ad-8316722560","trial_id":52,"system_attr":{"tpe:relative_params:0":"{\"clone_batch\": 128, \"clone_class_power\": 0.3527350786640582, \"clone_label_smoothing\": 0.05, \"clone_patience\": 20, \"clone_weight_decay\": 0.0, \"hidden\": 256, \"lr\": 0.0002359653576969233}"}}
{"op_code":5,"worker_id":"f959fc9e-6564-4713-bc97-cf94a2bd32ad-8316722560","trial_id":52,"param_name":"lr","param_value_internal":0.0002359653576969233,"distribution":"{\"name\": \"FloatDistribution\", \"attributes\": {\"step\": null, \"low\": 0.0001, \"high\": 0.01, \"log\": true}}"}
{"op_code":5,"worker_id":"f959fc9e-6564-4713-bc97-cf94a2bd32ad-8316722560","trial_id":52,"param_name":"hidden","param_value_internal":2,"distribution":"{\"name\": \"CategoricalDistribution\", \"attributes\": {\"choices\": [64, 128, 256]}}"}
{"op_code":5,"worker_id":"f959fc9e-6564-4713-bc97-cf94a2bd32ad-8316722560","trial_id":52,"param_name":"clone_batch","param_value_internal":0,"distribution":"{\"name\": \"CategoricalDistribution\", \"attributes\": {\"choices\": [128, 256, 512, 1024, 2048]}}"}
{"op_code":5,"worker_id":"f959fc9e-6564-4713-bc97-cf94a2bd32ad-8316722560","trial_id":52,"param_name":"clone_weight_decay","param_value_internal":0,"distribution":"{\"name\": \"CategoricalDistribution\", \"attributes\": {\"choices\": [0.0, 1e-06, 1e-05, 0.0001, 0.001]}}"}
{"op_code":5,"worker_id":"f959fc9e-6564-4713-bc97-cf94a2bd32ad-8316722560","trial_id":52,"param_name":"clone_class_power","param_value_internal":0.3527350786640582,"distribution":"{\"name\": \"FloatDistribution\", \"attributes\": {\"step\": null, \"low\": 0.0, \"high\": 1.0, \"log\": false}}"}
{"op_code":5,"worker_id":"f959fc9e-6564-4713-bc97-cf94a2bd32ad-8316722560","trial_id":52,"param_name":"clone_label_smoothing","param_value_internal":1,"distribution":"{\"name\": \"CategoricalDistribution\", \"attributes\": {\"choices\": [0.0, 0.05, 0.1]}}"}
{"op_code":5,"worker_id":"f959fc9e-6564-4713-bc97-cf94a2bd32ad-8316722560","trial_id":52,"param_name":"clone_patience","param_value_internal":2,"distribution":"{\"name\": \"CategoricalDistribution\", \"attributes\": {\"choices\": [5, 10, 20]}}"}
{"op_code":8,"worker_id":"f959fc9e-6564-4713-bc97-cf94a2bd32ad-8316722560","trial_id":52,"user_attr":{"tag":"c02b921bc7cdf"}}
{"op_code":8,"worker_id":"f959fc9e-6564-4713-bc97-cf94a2bd32ad-8316722560","trial_id":52,"user_attr":{"overrides":{"lr":0.0002359653576969233,"hidden":256,"clone_batch":128,"clone_weight_decay":0.0,"clone_class_power":0.3527350786640582,"clone_label_smoothing":0.05,"clone_patience":20}}}
{"op_code":4,"worker_id":"f959fc9e-6564-4713-bc97-cf94a2bd32ad-8316722560","study_id":0,"datetime_start":"2026-10-08T03:36:16.299414"}
{"op_code":9,"worker_id":"f959fc9e-6564-4713-bc97-cf94a2bd32ad-8316722560","trial_id":53,"system_attr":{"tpe:relative_params:0":"{\"clone_batch\": 128, \"clone_class_power\": 0.6259108679116905, \"clone_label_smoothing\": 0.1, \"clone_patience\": 10, \"clone_weight_decay\": 1e-06, \"hidden\": 64, \"lr\": 0.0005138593194030642}"}}
{"op_code":5,"worker_id":"f959fc9e-6564-4713-bc97-cf94a2bd32ad-8316722560","trial_id":53,"param_name":"lr","param_value_internal":0.0005138593194030642,"distribution":"{\"name\": \"FloatDistribution\", \"attributes\": {\"step\": null, \"low\": 0.0001, \"high\": 0.01, \"log\": true}}"}
{"op_code":5,"worker_id":"f959fc9e-6564-4713-bc97-cf94a2bd32ad-8316722560","trial_id":53,"param_name":"hidden","param_value_internal":0,"distribution":"{\"name\": \"CategoricalDistribution\", \"attributes\": {\"choices\": [64, 128, 256]}}"}
{"op_code":5,"worker_id":"f959fc9e-6564-4713-bc97-cf94a2bd32ad-8316722560","trial_id":53,"param_name":"clone_batch","param_value_internal":0,"distribution":"{\"name\": \"CategoricalDistribution\", \"attributes\": {\"choices\": [128, 256, 512, 1024, 2048]}}"}
{"op_code":5,"worker_id":"f959fc9e-6564-4713-bc97-cf94a2bd32ad-8316722560","trial_id":53,"param_name":"clone_weight_decay","param_value_internal":1,"distribution":"{\"name\": \"CategoricalDistribution\", \"attributes\": {\"choices\": [0.0, 1e-06, 1e-05, 0.0001, 0.001]}}"}
{"op_code":5,"worker_id":"f959fc9e-6564-4713-bc97-cf94a2bd32ad-8316722560","trial_id":53,"param_name":"clone_class_power","param_value_internal":0.6259108679116905,"distribution":"{\"name\": \"FloatDistribution\", \"attributes\": {\"step\": null, \"low\": 0.0, \"high\": 1.0, \"log\": false}}"}
{"op_code":5,"worker_id":"f959fc9e-6564-4713-bc97-cf94a2bd32ad-8316722560","trial_id":53,"param_name":"clone_label_smoothing","param_value_internal":2,"distribution":"{\"name\": \"CategoricalDistribution\", \"attributes\": {\"choices\": [0.0, 0.05, 0.1]}}"}
{"op_code":5,"worker_id":"f959fc9e-6564-4713-bc97-cf94a2bd32ad-8316722560","trial_id":53,"param_name":"clone_patience","param_value_internal":1,"distribution":"{\"name\": \"CategoricalDistribution\", \"attributes\": {\"choices\": [5, 10, 20]}}"}
{"op_code":8,"worker_id":"f959fc9e-6564-4713-bc97-cf94a2bd32ad-8316722560","trial_id":53,"user_attr":{"tag":"c14b206afd12c"}}
{"op_code":8,"worker_id":"f959fc9e-6564-4713-bc97-cf94a2bd32ad-8316722560","trial_id":53,"user_attr":{"overrides":{"lr":0.0005138593194030642,"hidden":64,"clone_batch":128,"clone_weight_decay":1e-06,"clone_class_power":0.6259108679116905,"clone_label_smoothing":0.1,"clone_patience":10}}}
{"op_code":4,"worker_id":"f959fc9e-6564-4713-bc97-cf94a2bd32ad-8316722560","study_id":0,"datetime_start":"2026-10-08T03:36:16.304344"}
{"op_code":9,"worker_id":"f959fc9e-6564-4713-bc97-cf94a2bd32ad-8316722560","trial_id":54,"system_attr":{"tpe:relative_params:0":"{\"clone_batch\": 128, \"clone_class_power\": 0.576273721935238, \"clone_label_smoothing\": 0.1, \"clone_patience\": 10, \"clone_weight_decay\": 0.0001, \"hidden\": 128, \"lr\": 0.0028539428548971253}"}}
{"op_code":5,"worker_id":"f959fc9e-6564-4713-bc97-cf94a2bd32ad-8316722560","trial_id":54,"param_name":"lr","param_value_internal":0.0028539428548971253,"distribution":"{\"name\": \"FloatDistribution\", \"attributes\": {\"step\": null, \"low\": 0.0001, \"high\": 0.01, \"log\": true}}"}
{"op_code":5,"worker_id":"f959fc9e-6564-4713-bc97-cf94a2bd32ad-8316722560","trial_id":54,"param_name":"hidden","param_value_internal":1,"distribution":"{\"name\": \"CategoricalDistribution\", \"attributes\": {\"choices\": [64, 128, 256]}}"}
{"op_code":5,"worker_id":"f959fc9e-6564-4713-bc97-cf94a2bd32ad-8316722560","trial_id":54,"param_name":"clone_batch","param_value_internal":0,"distribution":"{\"name\": \"CategoricalDistribution\", \"attributes\": {\"choices\": [128, 256, 512, 1024, 2048]}}"}
{"op_code":5,"worker_id":"f959fc9e-6564-4713-bc97-cf94a2bd32ad-8316722560","trial_id":54,"param_name":"clone_weight_decay","param_value_internal":3,"distribution":"{\"name\": \"CategoricalDistribution\", \"attributes\": {\"choices\": [0.0, 1e-06, 1e-05, 0.0001, 0.001]}}"}
{"op_code":5,"worker_id":"f959fc9e-6564-4713-bc97-cf94a2bd32ad-8316722560","trial_id":54,"param_name":"clone_class_power","param_value_internal":0.576273721935238,"distribution":"{\"name\": \"FloatDistribution\", \"attributes\": {\"step\": null, \"low\": 0.0, \"high\": 1.0, \"log\": false}}"}
{"op_code":5,"worker_id":"f959fc9e-6564-4713-bc97-cf94a2bd32ad-8316722560","trial_id":54,"param_name":"clone_label_smoothing","param_value_internal":2,"distribution":"{\"name\": \"CategoricalDistribution\", \"attributes\": {\"choices\": [0.0, 0.05, 0.1]}}"}
{"op_code":5,"worker_id":"f959fc9e-6564-4713-bc97-cf94a2bd32ad-8316722560","trial_id":54,"param_name":"clone_patience","param_value_internal":1,"distribution":"{\"name\": \"CategoricalDistribution\", \"attributes\": {\"choices\": [5, 10, 20]}}"}
{"op_code":8,"worker_id":"f959fc9e-6564-4713-bc97-cf94a2bd32ad-8316722560","trial_id":54,"user_attr":{"tag":"cc5d6322b69e6"}}
{"op_code":8,"worker_id":"f959fc9e-6564-4713-bc97-cf94a2bd32ad-8316722560","trial_id":54,"user_attr":{"overrides":{"lr":0.0028539428548971253,"hidden":128,"clone_batch":128,"clone_weight_decay":0.0001,"clone_class_power":0.576273721935238,"clone_label_smoothing":0.1,"clone_patience":10}}}
{"op_code":4,"worker_id":"f959fc9e-6564-4713-bc97-cf94a2bd32ad-8316722560","study_id":0,"datetime_start":"2026-10-08T03:36:16.309328"}
{"op_code":9,"worker_id":"f959fc9e-6564-4713-bc97-cf94a2bd32ad-8316722560","trial_id":55,"system_attr":{"tpe:relative_params:0":"{\"clone_batch\": 128, \"clone_class_power\": 0.15572418858619053, \"clone_label_smoothing\": 0.1, \"clone_patience\": 20, \"clone_weight_decay\": 1e-06, \"hidden\": 128, \"lr\": 0.0014997416177975934}"}}
{"op_code":5,"worker_id":"f959fc9e-6564-4713-bc97-cf94a2bd32ad-8316722560","trial_id":55,"param_name":"lr","param_value_internal":0.0014997416177975934,"distribution":"{\"name\": \"FloatDistribution\", \"attributes\": {\"step\": null, \"low\": 0.0001, \"high\": 0.01, \"log\": true}}"}
{"op_code":5,"worker_id":"f959fc9e-6564-4713-bc97-cf94a2bd32ad-8316722560","trial_id":55,"param_name":"hidden","param_value_internal":1,"distribution":"{\"name\": \"CategoricalDistribution\", \"attributes\": {\"choices\": [64, 128, 256]}}"}
{"op_code":5,"worker_id":"f959fc9e-6564-4713-bc97-cf94a2bd32ad-8316722560","trial_id":55,"param_name":"clone_batch","param_value_internal":0,"distribution":"{\"name\": \"CategoricalDistribution\", \"attributes\": {\"choices\": [128, 256, 512, 1024, 2048]}}"}
{"op_code":5,"worker_id":"f959fc9e-6564-4713-bc97-cf94a2bd32ad-8316722560","trial_id":55,"param_name":"clone_weight_decay","param_value_internal":1,"distribution":"{\"name\": \"CategoricalDistribution\", \"attributes\": {\"choices\": [0.0, 1e-06, 1e-05, 0.0001, 0.001]}}"}
{"op_code":5,"worker_id":"f959fc9e-6564-4713-bc97-cf94a2bd32ad-8316722560","trial_id":55,"param_name":"clone_class_power","param_value_internal":0.15572418858619053,"distribution":"{\"name\": \"FloatDistribution\", \"attributes\": {\"step\": null, \"low\": 0.0, \"high\": 1.0, \"log\": false}}"}
{"op_code":5,"worker_id":"f959fc9e-6564-4713-bc97-cf94a2bd32ad-8316722560","trial_id":55,"param_name":"clone_label_smoothing","param_value_internal":2,"distribution":"{\"name\": \"CategoricalDistribution\", \"attributes\": {\"choices\": [0.0, 0.05, 0.1]}}"}
{"op_code":5,"worker_id":"f959fc9e-6564-4713-bc97-cf94a2bd32ad-8316722560","trial_id":55,"param_name":"clone_patience","param_value_internal":2,"distribution":"{\"name\": \"CategoricalDistribution\", \"attributes\": {\"choices\": [5, 10, 20]}}"}
{"op_code":8,"worker_id":"f959fc9e-6564-4713-bc97-cf94a2bd32ad-8316722560","trial_id":55,"user_attr":{"tag":"c168e5fad973c"}}
{"op_code":8,"worker_id":"f959fc9e-6564-4713-bc97-cf94a2bd32ad-8316722560","trial_id":55,"user_attr":{"overrides":{"lr":0.0014997416177975934,"hidden":128,"clone_batch":128,"clone_weight_decay":1e-06,"clone_class_power":0.15572418858619053,"clone_label_smoothing":0.1,"clone_patience":20}}}
{"op_code":4,"worker_id":"f959fc9e-6564-4713-bc97-cf94a2bd32ad-8316722560","study_id":0,"datetime_start":"2026-10-08T03:36:16.314415"}
{"op_code":9,"worker_id":"f959fc9e-6564-4713-bc97-cf94a2bd32ad-8316722560","trial_id":56,"system_attr":{"tpe:relative_params:0":"{\"clone_batch\": 128, \"clone_class_power\": 0.2856794921274154, \"clone_label_smoothing\": 0.05, \"clone_patience\": 5, \"clone_weight_decay\": 0.0, \"hidden\": 128, \"lr\": 0.0006695673092992536}"}}
{"op_code":5,"worker_id":"f959fc9e-6564-4713-bc97-cf94a2bd32ad-8316722560","trial_id":56,"param_name":"lr","param_value_internal":0.0006695673092992536,"distribution":"{\"name\": \"FloatDistribution\", \"attributes\": {\"step\": null, \"low\": 0.0001, \"high\": 0.01, \"log\": true}}"}
{"op_code":5,"worker_id":"f959fc9e-6564-4713-bc97-cf94a2bd32ad-8316722560","trial_id":56,"param_name":"hidden","param_value_internal":1,"distribution":"{\"name\": \"CategoricalDistribution\", \"attributes\": {\"choices\": [64, 128, 256]}}"}
{"op_code":5,"worker_id":"f959fc9e-6564-4713-bc97-cf94a2bd32ad-8316722560","trial_id":56,"param_name":"clone_batch","param_value_internal":0,"distribution":"{\"name\": \"CategoricalDistribution\", \"attributes\": {\"choices\": [128, 256, 512, 1024, 2048]}}"}
{"op_code":5,"worker_id":"f959fc9e-6564-4713-bc97-cf94a2bd32ad-8316722560","trial_id":56,"param_name":"clone_weight_decay","param_value_internal":0,"distribution":"{\"name\": \"CategoricalDistribution\", \"attributes\": {\"choices\": [0.0, 1e-06, 1e-05, 0.0001, 0.001]}}"}
{"op_code":5,"worker_id":"f959fc9e-6564-4713-bc97-cf94a2bd32ad-8316722560","trial_id":56,"param_name":"clone_class_power","param_value_internal":0.2856794921274154,"distribution":"{\"name\": \"FloatDistribution\", \"attributes\": {\"step\": null, \"low\": 0.0, \"high\": 1.0, \"log\": false}}"}
{"op_code":5,"worker_id":"f959fc9e-6564-4713-bc97-cf94a2bd32ad-8316722560","trial_id":56,"param_name":"clone_label_smoothing","param_value_internal":1,"distribution":"{\"name\": \"CategoricalDistribution\", \"attributes\": {\"choices\": [0.0, 0.05, 0.1]}}"}
{"op_code":5,"worker_id":"f959fc9e-6564-4713-bc97-cf94a2bd32ad-8316722560","trial_id":56,"param_name":"clone_patience","param_value_internal":0,"distribution":"{\"name\": \"CategoricalDistribution\", \"attributes\": {\"choices\": [5, 10, 20]}}"}
{"op_code":8,"worker_id":"f959fc9e-6564-4713-bc97-cf94a2bd32ad-8316722560","trial_id":56,"user_attr":{"tag":"c45c49bba682d"}}
{"op_code":8,"worker_id":"f959fc9e-6564-4713-bc97-cf94a2bd32ad-8316722560","trial_id":56,"user_attr":{"overrides":{"lr":0.0006695673092992536,"hidden":128,"clone_batch":128,"clone_weight_decay":0.0,"clone_class_power":0.2856794921274154,"clone_label_smoothing":0.05,"clone_patience":5}}}
{"op_code":4,"worker_id":"f959fc9e-6564-4713-bc97-cf94a2bd32ad-8316722560","study_id":0,"datetime_start":"2026-10-08T03:36:16.319562"}
{"op_code":9,"worker_id":"f959fc9e-6564-4713-bc97-cf94a2bd32ad-8316722560","trial_id":57,"system_attr":{"tpe:relative_params:0":"{\"clone_batch\": 512, \"clone_class_power\": 0.3800318139276688, \"clone_label_smoothing\": 0.05, \"clone_patience\": 20, \"clone_weight_decay\": 0.0001, \"hidden\": 128, \"lr\": 0.00042399994341925357}"}}
{"op_code":5,"worker_id":"f959fc9e-6564-4713-bc97-cf94a2bd32ad-8316722560","trial_id":57,"param_name":"lr","param_value_internal":0.00042399994341925357,"distribution":"{\"name\": \"FloatDistribution\", \"attributes\": {\"step\": null, \"low\": 0.0001, \"high\": 0.01, \"log\": true}}"}
{"op_code":5,"worker_id":"f959fc9e-6564-4713-bc97-cf94a2bd32ad-8316722560","trial_id":57,"param_name":"hidden","param_value_internal":1,"distribution":"{\"name\": \"CategoricalDistribution\", \"attributes\": {\"choices\": [64, 128, 256]}}"}
{"op_code":5,"worker_id":"f959fc9e-6564-4713-bc97-cf94a2bd32ad-8316722560","trial_id":57,"param_name":"clone_batch","param_value_internal":2,"distribution":"{\"name\": \"CategoricalDistribution\", \"attributes\": {\"choices\": [128, 256, 512, 1024, 2048]}}"}
{"op_code":5,"worker_id":"f959fc9e-6564-4713-bc97-cf94a2bd32ad-8316722560","trial_id":57,"param_name":"clone_weight_decay","param_value_internal":3,"distribution":"{\"name\": \"CategoricalDistribution\", \"attributes\": {\"choices\": [0.0, 1e-06, 1e-05, 0.0001, 0.001]}}"}
{"op_code":5,"worker_id":"f959fc9e-6564-4713-bc97-cf94a2bd32ad-8316722560","trial_id":57,"param_name":"clone_class_power","param_value_internal":0.3800318139276688,"distribution":"{\"name\": \"FloatDistribution\", \"attributes\": {\"step\": null, \"low\": 0.0, \"high\": 1.0, \"log\": false}}"}
{"op_code":5,"worker_id":"f959fc9e-6564-4713-bc97-cf94a2bd32ad-8316722560","trial_id":57,"param_name":"clone_label_smoothing","param_value_internal":1,"distribution":"{\"name\": \"CategoricalDistribution\", \"attributes\": {\"choices\": [0.0, 0.05, 0.1]}}"}
{"op_code":5,"worker_id":"f959fc9e-6564-4713-bc97-cf94a2bd32ad-8316722560","trial_id":57,"param_name":"clone_patience","param_value_internal":2,"distribution":"{\"name\": \"CategoricalDistribution\", \"attributes\": {\"choices\": [5, 10, 20]}}"}
{"op_code":8,"worker_id":"f959fc9e-6564-4713-bc97-cf94a2bd32ad-8316722560","trial_id":57,"user_attr":{"tag":"c4d0b118e91f2"}}
{"op_code":8,"worker_id":"f959fc9e-6564-4713-bc97-cf94a2bd32ad-8316722560","trial_id":57,"user_attr":{"overrides":{"lr":0.00042399994341925357,"hidden":128,"clone_batch":512,"clone_weight_decay":0.0001,"clone_class_power":0.3800318139276688,"clone_label_smoothing":0.05,"clone_patience":20}}}
{"op_code":4,"worker_id":"f959fc9e-6564-4713-bc97-cf94a2bd32ad-8316722560","study_id":0,"datetime_start":"2026-10-08T03:36:16.326335"}
{"op_code":9,"worker_id":"f959fc9e-6564-4713-bc97-cf94a2bd32ad-8316722560","trial_id":58,"system_attr":{"tpe:relative_params:0":"{\"clone_batch\": 128, \"clone_class_power\": 0.026132850515178885, \"clone_label_smoothing\": 0.1, \"clone_patience\": 10, \"clone_weight_decay\": 1e-06, \"hidden\": 256, \"lr\": 0.0007830400645550979}"}}
{"op_code":5,"worker_id":"f959fc9e-6564-4713-bc97-cf94a2bd32ad-8316722560","trial_id":58,"param_name":"lr","param_value_internal":0.0007830400645550979,"distribution":"{\"name\": \"FloatDistribution\", \"attributes\": {\"step\": null, \"low\": 0.0001, \"high\": 0.01, \"log\": true}}"}
{"op_code":5,"worker_id":"f959fc9e-6564-4713-bc97-cf94a2bd32ad-8316722560","trial_id":58,"param_name":"hidden","param_value_internal":2,"distribution":"{\"name\": \"CategoricalDistribution\", \"attributes\": {\"choices\": [64, 128, 256]}}"}
{"op_code":5,"worker_id":"f959fc9e-6564-4713-bc97-cf94a2bd32ad-8316722560","trial_id":58,"param_name":"clone_batch","param_value_internal":0,"distribution":"{\"name\": \"CategoricalDistribution\", \"attributes\": {\"choices\": [128, 256, 512, 1024, 2048]}}"}
{"op_code":5,"worker_id":"f959fc9e-6564-4713-bc97-cf94a2bd32ad-8316722560","trial_id":58,"param_name":"clone_weight_decay","param_value_internal":1,"distribution":"{\"name\": \"CategoricalDistribution\", \"attributes\": {\"choices\": [0.0, 1e-06, 1e-05, 0.0001, 0.001]}}"}
{"op_code":5,"worker_id":"f959fc9e-6564-4713-bc97-cf94a2bd32ad-8316722560","trial_id":58,"param_name":"clone_class_power","param_value_internal":0.026132850515178885,"distribution":"{\"name\": \"FloatDistribution\", \"attributes\": {\"step\": null, \"low\": 0.0, \"high\": 1.0, \"log\": false}}"}
{"op_code":5,"worker_id":"f959fc9e-6564-4713-bc97-cf94a2bd32ad-8316722560","trial_id":58,"param_name":"clone_label_smoothing","param_value_internal":2,"distribution":"{\"name\": \"CategoricalDistribution\", \"attributes\": {\"choices\": [0.0, 0.05, 0.1]}}"}
{"op_code":5,"worker_id":"f959fc9e-6564-4713-bc97-cf94a2bd32ad-8316722560","trial_id":58,"param_name":"clone_patience","param_value_internal":1,"distribution":"{\"name\": \"CategoricalDistribution\", \"attributes\": {\"choices\": [5, 10, 20]}}"}
{"op_code":8,"worker_id":"f959fc9e-6564-4713-bc97-cf94a2bd32ad-8316722560","trial_id":58,"user_attr":{"tag":"c1308a577e4c8"}}
{"op_code":8,"worker_id":"f959fc9e-6564-4713-bc97-cf94a2bd32ad-8316722560","trial_id":58,"user_attr":{"overrides":{"lr":0.0007830400645550979,"hidden":256,"clone_batch":128,"clone_weight_decay":1e-06,"clone_class_power":0.026132850515178885,"clone_label_smoothing":0.1,"clone_patience":10}}}
{"op_code":4,"worker_id":"f959fc9e-6564-4713-bc97-cf94a2bd32ad-8316722560","study_id":0,"datetime_start":"2026-10-08T03:36:16.332018"}
{"op_code":9,"worker_id":"f959fc9e-6564-4713-bc97-cf94a2bd32ad-8316722560","trial_id":59,"system_attr":{"tpe:relative_params:0":"{\"clone_batch\": 1024, \"clone_class_power\": 0.27707187207140493, \"clone_label_smoothing\": 0.1, \"clone_patience\": 5, \"clone_weight_decay\": 0.001, \"hidden\": 64, \"lr\": 0.002347101864674007}"}}
{"op_code":5,"worker_id":"f959fc9e-6564-4713-bc97-cf94a2bd32ad-8316722560","trial_id":59,"param_name":"lr","param_value_internal":0.002347101864674007,"distribution":"{\"name\": \"FloatDistribution\", \"attributes\": {\"step\": null, \"low\": 0.0001, \"high\": 0.01, \"log\": true}}"}
{"op_code":5,"worker_id":"f959fc9e-6564-4713-bc97-cf94a2bd32ad-8316722560","trial_id":59,"param_name":"hidden","param_value_internal":0,"distribution":"{\"name\": \"CategoricalDistribution\", \"attributes\": {\"choices\": [64, 128, 256]}}"}
{"op_code":5,"worker_id":"f959fc9e-6564-4713-bc97-cf94a2bd32ad-8316722560","trial_id":59,"param_name":"clone_batch","param_value_internal":3,"distribution":"{\"name\": \"CategoricalDistribution\", \"attributes\": {\"choices\": [128, 256, 512, 1024, 2048]}}"}
{"op_code":5,"worker_id":"f959fc9e-6564-4713-bc97-cf94a2bd32ad-8316722560","trial_id":59,"param_name":"clone_weight_decay","param_value_internal":4,"distribution":"{\"name\": \"CategoricalDistribution\", \"attributes\": {\"choices\": [0.0, 1e-06, 1e-05, 0.0001, 0.001]}}"}
{"op_code":5,"worker_id":"f959fc9e-6564-4713-bc97-cf94a2bd32ad-8316722560","trial_id":59,"param_name":"clone_class_power","param_value_internal":0.27707187207140493,"distribution":"{\"name\": \"FloatDistribution\", \"attributes\": {\"step\": null, \"low\": 0.0, \"high\": 1.0, \"log\": false}}"}
{"op_code":5,"worker_id":"f959fc9e-6564-4713-bc97-cf94a2bd32ad-8316722560","trial_id":59,"param_name":"clone_label_smoothing","param_value_internal":2,"distribution":"{\"name\": \"CategoricalDistribution\", \"attributes\": {\"choices\": [0.0, 0.05, 0.1]}}"}
{"op_code":5,"worker_id":"f959fc9e-6564-4713-bc97-cf94a2bd32ad-8316722560","trial_id":59,"param_name":"clone_patience","param_value_internal":0,"distribution":"{\"name\": \"CategoricalDistribution\", \"attributes\": {\"choices\": [5, 10, 20]}}"}
{"op_code":8,"worker_id":"f959fc9e-6564-4713-bc97-cf94a2bd32ad-8316722560","trial_id":59,"user_attr":{"tag":"c8b78b766a299"}}
{"op_code":8,"worker_id":"f959fc9e-6564-4713-bc97-cf94a2bd32ad-8316722560","trial_id":59,"user_attr":{"overrides":{"lr":0.002347101864674007,"hidden":64,"clone_batch":1024,"clone_weight_decay":0.001,"clone_class_power":0.27707187207140493,"clone_label_smoothing":0.1,"clone_patience":5}}}
{"op_code":4,"worker_id":"f959fc9e-6564-4713-bc97-cf94a2bd32ad-8316722560","study_id":0,"datetime_start":"2026-10-08T03:36:16.337910"}
{"op_code":9,"worker_id":"f959fc9e-6564-4713-bc97-cf94a2bd32ad-8316722560","trial_id":60,"system_attr":{"tpe:relative_params:0":"{\"clone_batch\": 128, \"clone_class_power\": 0.22552397066351382, \"clone_label_smoothing\": 0.1, \"clone_patience\": 5, \"clone_weight_decay\": 1e-05, \"hidden\": 64, \"lr\": 0.003111817300506523}"}}
{"op_code":5,"worker_id":"f959fc9e-6564-4713-bc97-cf94a2bd32ad-8316722560","trial_id":60,"param_name":"lr","param_value_internal":0.003111817300506523,"distribution":"{\"name\": \"FloatDistribution\", \"attributes\": {\"step\": null, \"low\": 0.0001, \"high\": 0.01, \"log\": true}}"}
{"op_code":5,"worker_id":"f959fc9e-6564-4713-bc97-cf94a2bd32ad-8316722560","trial_id":60,"param_name":"hidden","param_value_internal":0,"distribution":"{\"name\": \"CategoricalDistribution\", \"attributes\": {\"choices\": [64, 128, 256]}}"}
{"op_code":5,"worker_id":"f959fc9e-6564-4713-bc97-cf94a2bd32ad-8316722560","trial_id":60,"param_name":"clone_batch","param_value_internal":0,"distribution":"{\"name\": \"CategoricalDistribution\", \"attributes\": {\"choices\": [128, 256, 512, 1024, 2048]}}"}
{"op_code":5,"worker_id":"f959fc9e-6564-4713-bc97-cf94a2bd32ad-8316722560","trial_id":60,"param_name":"clone_weight_decay","param_value_internal":2,"distribution":"{\"name\": \"CategoricalDistribution\", \"attributes\": {\"choices\": [0.0, 1e-06, 1e-05, 0.0001, 0.001]}}"}
{"op_code":5,"worker_id":"f959fc9e-6564-4713-bc97-cf94a2bd32ad-8316722560","trial_id":60,"param_name":"clone_class_power","param_value_internal":0.22552397066351382,"distribution":"{\"name\": \"FloatDistribution\", \"attributes\": {\"step\": null, \"low\": 0.0, \"high\": 1.0, \"log\": false}}"}
{"op_code":5,"worker_id":"f959fc9e-6564-4713-bc97-cf94a2bd32ad-8316722560","trial_id":60,"param_name":"clone_label_smoothing","param_value_internal":2,"distribution":"{\"name\": \"CategoricalDistribution\", \"attributes\": {\"choices\": [0.0, 0.05, 0.1]}}"}
{"op_code":5,"worker_id":"f959fc9e-6564-4713-bc97-cf94a2bd32ad-8316722560","trial_id":60,"param_name":"clone_patience","param_value_internal":0,"distribution":"{\"name\": \"CategoricalDistribution\", \"attributes\": {\"choices\": [5, 10, 20]}}"}
{"op_code":8,"worker_id":"f959fc9e-6564-4713-bc97-cf94a2bd32ad-8316722560","trial_id":60,"user_attr":{"tag":"c8a686a8a7717"}}
{"op_code":8,"worker_id":"f959fc9e-6564-4713-bc97-cf94a2bd32ad-8316722560","trial_id":60,"user_attr":{"overrides":{"lr":0.003111817300506523,"hidden":64,"clone_batch":128,"clone_weight_decay":1e-05,"clone_class_power":0.22552397066351382,"clone_label_smoothing":0.1,"clone_patience":5}}}
{"op_code":4,"worker_id":"f959fc9e-6564-4713-bc97-cf94a2bd32ad-8316722560","study_id":0,"datetime_start":"2026-10-08T03:36:16.343243"}
{"op_code":9,"worker_id":"f959fc9e-6564-4713-bc97-cf94a2bd32ad-8316722560","trial_id":61,"system_attr":{"tpe:relative_params:0":"{\"clone_batch\": 1024, \"clone_class_power\": 0.21532501285428834, \"clone_label_smoothing\": 0.1, \"clone_patience\": 20, \"clone_weight_decay\": 1e-06, \"hidden\": 64, \"lr\": 0.0028074005187924815}"}}
{"op_code":5,"worker_id":"f959fc9e-6564-4713-bc97-cf94a2bd32ad-8316722560","trial_id":61,"param_name":"lr","param_value_internal":0.0028074005187924815,"distribution":"{\"name\": \"FloatDistribution\", \"attributes\": {\"step\": null, \"low\": 0.0001, \"high\": 0.01, \"log\": true}}"}
{"op_code":5,"worker_id":"f959fc9e-6564-4713-bc97-cf94a2bd32ad-8316722560","trial_id":61,"param_name":"hidden","param_value_internal":0,"distribution":"{\"name\": \"CategoricalDistribution\", \"attributes\": {\"choices\": [64, 128, 256]}}"}
{"op_code":5,"worker_id":"f959fc9e-6564-4713-bc97-cf94a2bd32ad-8316722560","trial_id":61,"param_name":"clone_batch","param_value_internal":3,"distribution":"{\"name\": \"CategoricalDistribution\", \"attributes\": {\"choices\": [128, 256, 512, 1024, 2048]}}"}
{"op_code":5,"worker_id":"f959fc9e-6564-4713-bc97-cf94a2bd32ad-8316722560","trial_id":61,"param_name":"clone_weight_decay","param_value_internal":1,"distribution":"{\"name\": \"CategoricalDistribution\", \"attributes\": {\"choices\": [0.0, 1e-06, 1e-05, 0.0001, 0.001]}}"}
{"op_code":5,"worker_id":"f959fc9e-6564-4713-bc97-cf94a2bd32ad-8316722560","trial_id":61,"param_name":"clone_class_power","param_value_internal":0.21532501285428834,"distribution":"{\"name\": \"FloatDistribution\", \"attributes\": {\"step\": null, \"low\": 0.0, \"high\": 1.0, \"log\": false}}"}
{"op_code":5,"worker_id":"f959fc9e-6564-4713-bc97-cf94a2bd32ad-8316722560","trial_id":61,"param_name":"clone_label_smoothing","param_value_internal":2,"distribution":"{\"name\": \"CategoricalDistribution\", \"attributes\": {\"choices\": [0.0, 0.05, 0.1]}}"}
{"op_code":5,"worker_id":"f959fc9e-6564-4713-bc97-cf94a2bd32ad-8316722560","trial_id":61,"param_name":"clone_patience","param_value_internal":2,"distribution":"{\"name\": \"CategoricalDistribution\", \"attributes\": {\"choices\": [5, 10, 20]}}"}
{"op_code":8,"worker_id":"f959fc9e-6564-4713-bc97-cf94a2bd32ad-8316722560","trial_id":61,"user_attr":{"tag":"c8116090f4e6b"}}
{"op_code":8,"worker_id":"f959fc9e-6564-4713-bc97-cf94a2bd32ad-8316722560","trial_id":61,"user_attr":{"overrides":{"lr":0.0028074005187924815,"hidden":64,"clone_batch":1024,"clone_weight_decay":1e-06,"clone_class_power":0.21532501285428834,"clone_label_smoothing":0.1,"clone_patience":20}}}
{"op_code":4,"worker_id":"f959fc9e-6564-4713-bc97-cf94a2bd32ad-8316722560","study_id":0,"datetime_start":"2026-10-08T03:36:16.348537"}
{"op_code":9,"worker_id":"f959fc9e-6564-4713-bc97-cf94a2bd32ad-8316722560","trial_id":62,"system_attr":{"tpe:relative_params:0":"{\"clone_batch\": 128, \"clone_class_power\": 0.1360762311589595, \"clone_label_smoothing\": 0.0, \"clone_patience\": 20, \"clone_weight_decay\": 0.0, \"hidden\": 128, \"lr\": 0.001161673306613619}"}}
{"op_code":5,"worker_id":"f959fc9e-6564-4713-bc97-cf94a2bd32ad-8316722560","trial_id":62,"param_name":"lr","param_value_internal":0.001161673306613619,"distribution":"{\"name\": \"FloatDistribution\", \"attributes\": {\"step\": null, \"low\": 0.0001, \"high\": 0.01, \"log\": true}}"}
{"op_code":5,"worker_id":"f959fc9e-6564-4713-bc97-cf94a2bd32ad-8316722560","trial_id":62,"param_name":"hidden","param_value_internal":1,"distribution":"{\"name\": \"CategoricalDistribution\", \"attributes\": {\"choices\": [64, 128, 256]}}"}
{"op_code":5,"worker_id":"f959fc9e-6564-4713-bc97-cf94a2bd32ad-8316722560","trial_id":62,"param_name":"clone_batch","param_value_internal":0,"distribution":"{\"name\": \"CategoricalDistribution\", \"attributes\": {\"choices\": [128, 256, 512, 1024, 2048]}}"}
{"op_code":5,"worker_id":"f959fc9e-6564-4713-bc97-cf94a2bd32ad-8316722560","trial_id":62,"param_name":"clone_weight_decay","param_value_internal":0,"distribution":"{\"name\": \"CategoricalDistribution\", \"attributes\": {\"choices\": [0.0, 1e-06, 1e-05, 0.0001, 0.001]}}"}
{"op_code":5,"worker_id":"f959fc9e-6564-4713-bc97-cf94a2bd32ad-8316722560","trial_id":62,"param_name":"clone_class_power","param_value_internal":0.1360762311589595,"distribution":"{\"name\": \"FloatDistribution\", \"attributes\": {\"step\": null, \"low\": 0.0, \"high\": 1.0, \"log\": false}}"}
{"op_code":5,"worker_id":"f959fc9e-6564-4713-bc97-cf94a2bd32ad-8316722560","trial_id":62,"param_name":"clone_label_smoothing","param_value_internal":0,"distribution":"{\"name\": \"CategoricalDistribution\", \"attributes\": {\"choices\": [0.0, 0.05, 0.1]}}"}
{"op_code":5,"worker_id":"f959fc9e-6564-4713-bc97-cf94a2bd32ad-8316722560","trial_id":62,"param_name":"clone_patience","param_value_internal":2,"distribution":"{\"name\": \"CategoricalDistribution\", \"attributes\": {\"choices\": [5, 10, 20]}}"}
{"op_code":8,"worker_id":"f959fc9e-6564-4713-bc97-cf94a2bd32ad-8316722560","trial_id":62,"user_attr":{"tag":"c19966e69a37d"}}
{"op_code":8,"worker_id":"f959fc9e-6564-4713-bc97-cf94a2bd32ad-8316722560","trial_id":62,"user_attr":{"overrides":{"lr":0.001161673306613619,"hidden":128,"clone_batch":128,"clone_weight_decay":0.0,"clone_class_power":0.1360762311589595,"clone_label_smoothing":0.0,"clone_patience":20}}}
{"op_code":4,"worker_id":"f959fc9e-6564-4713-bc97-cf94a2bd32ad-8316722560","study_id":0,"datetime_start":"2026-10-08T03:36:16.354125"}
{"op_code":9,"worker_id":"f959fc9e-6564-4713-bc97-cf94a2bd32ad-8316722560","trial_id":63,"system_attr":{"tpe:relative_params:0":"{\"clone_batch\": 256, \"clone_class_power\": 0.17600611379714481, \"clone_label_smoothing\": 0.1, \"clone_patience\": 5, \"clone_weight_decay\": 0.0, \"hidden\": 64, \"lr\": 0.0068877109000993605}"}}
{"op_code":5,"worker_id":"f959fc9e-6564-4713-bc97-cf94a2bd32ad-8316722560","trial_id":63,"param_name":"lr","param_value_internal":0.0068877109000993605,"distribution":"{\"name\": \"FloatDistribution\", \"attributes\": {\"step\": null, \"low\": 0.0001, \"high\": 0.01, \"log\": true}}"}
{"op_code":5,"worker_id":"f959fc9e-6564-4713-bc97-cf94a2bd32ad-8316722560","trial_id":63,"param_name":"hidden","param_value_internal":0,"distribution":"{\"name\": \"CategoricalDistribution\", \"attributes\": {\"choices\": [64, 128, 256]}}"}
{"op_code":5,"worker_id":"f959fc9e-6564-4713-bc97-cf94a2bd32ad-8316722560","trial_id":63,"param_name":"clone_batch","param_value_internal":1,"distribution":"{\"name\": \"CategoricalDistribution\", \"attributes\": {\"choices\": [128, 256, 512, 1024, 2048]}}"}
{"op_code":5,"worker_id":"f959fc9e-6564-4713-bc97-cf94a2bd32ad-8316722560","trial_id":63,"param_name":"clone_weight_decay","param_value_internal":0,"distribution":"{\"name\": \"CategoricalDistribution\", \"attributes\": {\"choices\": [0.0, 1e-06, 1e-05, 0.0001, 0.001]}}"}
{"op_code":5,"worker_id":"f959fc9e-6564-4713-bc97-cf94a2bd32ad-8316722560","trial_id":63,"param_name":"clone_class_power","param_value_internal":0.17600611379714481,"distribution":"{\"name\": \"FloatDistribution\", \"attributes\": {\"step\": null, \"low\": 0.0, \"high\": 1.0, \"log\": false}}"}
{"op_code":5,"worker_id":"f959fc9e-6564-4713-bc97-cf94a2bd32ad-8316722560","trial_id":63,"param_name":"clone_label_smoothing","param_value_internal":2,"distribution":"{\"name\": \"CategoricalDistribution\", \"attributes\": {\"choices\": [0.0, 0.05, 0.1]}}"}
{"op_code":5,"worker_id":"f959fc9e-6564-4713-bc97-cf94a2bd32ad-8316722560","trial_id":63,"param_name":"clone_patience","param_value_internal":0,"distribution":"{\"name\": \"CategoricalDistribution\", \"attributes\": {\"choices\": [5, 10, 20]}}"}
{"op_code":8,"worker_id":"f959fc9e-6564-4713-bc97-cf94a2bd32ad-8316722560","trial_id":63,"user_attr":{"tag":"c2f783e580431"}}
{"op_code":8,"worker_id":"f959fc9e-6564-4713-bc97-cf94a2bd32ad-8316722560","trial_id":63,"user_attr":{"overrides":{"lr":0.0068877109000993605,"hidden":64,"clone_batch":256,"clone_weight_decay":0.0,"clone_class_power":0.17600611379714481,"clone_label_smoothing":0.1,"clone_patience":5}}}
{"op_code":4,"worker_id":"f959fc9e-6564-4713-bc97-cf94a2bd32ad-8316722560","study_id":0,"datetime_start":"2026-10-08T03:36:16.359674"}
{"op_code":9,"worker_id":"f959fc9e-6564-4713-bc97-cf94a2bd32ad-8316722560","trial_id":64,"system_attr":{"tpe:relative_params:0":"{\"clone_batch\": 128, \"clone_class_power\": 0.15681119315284026, \"clone_label_smoothing\": 0.05, \"clone_patience\": 10, \"clone_weight_decay\": 1e-06, \"hidden\": 128, \"lr\": 0.004695925322859376}"}}
{"op_code":5,"worker_id":"f959fc9e-6564-4713-bc97-cf94a2bd32ad-8316722560","trial_id":64,"param_name":"lr","param_value_internal":0.004695925322859376,"distribution":"{\"name\": \"FloatDistribution\", \"attributes\": {\"step\": null, \"low\": 0.0001, \"high\": 0.01, \"log\": true}}"}
{"op_code":5,"worker_id":"f959fc9e-6564-4713-bc97-cf94a2bd32ad-8316722560","trial_id":64,"param_name":"hidden","param_value_internal":1,"distribution":"{\"name\": \"CategoricalDistribution\", \"attributes\": {\"choices\": [64, 128, 256]}}"}
{"op_code":5,"worker_id":"f959fc9e-6564-4713-bc97-cf94a2bd32ad-8316722560","trial_id":64,"param_name":"clone_batch","param_value_internal":0,"distribution":"{\"name\": \"CategoricalDistribution\", \"attributes\": {\"choices\": [128, 256, 512, 1024, 2048]}}"}
{"op_code":5,"worker_id":"f959fc9e-6564-4713-bc97-cf94a2bd32ad-8316722560","trial_id":64,"param_name":"clone_weight_decay","param_value_internal":1,"distribution":"{\"name\": \"CategoricalDistribution\", \"attributes\": {\"choices\": [0.0, 1e-06, 1e-05, 0.0001, 0.001]}}"}
{"op_code":5,"worker_id":"f959fc9e-6564-4713-bc97-cf94a2bd32ad-8316722560","trial_id":64,"param_name":"clone_class_power","param_value_internal":0.15681119315284026,"distribution":"{\"name\": \"FloatDistribution\", \"attributes\": {\"step\": null, \"low\": 0.0, \"high\": 1.0, \"log\": false}}"}
{"op_code":5,"worker_id":"f959fc9e-6564-4713-bc97-cf94a2bd32ad-8316722560","trial_id":64,"param_name":"clone_label_smoothing","param_value_internal":1,"distribution":"{\"name\": \"CategoricalDistribution\", \"attributes\": {\"choices\": [0.0, 0.05, 0.1]}}"}
{"op_code":5,"worker_id":"f959fc9e-6564-4713-bc97-cf94a2bd32ad-8316722560","trial_id":64,"param_name":"clone_patience","param_value_internal":1,"distribution":"{\"name\": \"CategoricalDistribution\", \"attributes\": {\"choices\": [5, 10, 20]}}"}
{"op_code":8,"worker_id":"f959fc9e-6564-4713-bc97-cf94a2bd32ad-8316722560","trial_id":64,"user_attr":{"tag":"c97fe6d2d1ee7"}}
{"op_code":8,"worker_id":"f959fc9e-6564-4713-bc97-cf94a2bd32ad-8316722560","trial_id":64,"user_attr":{"overrides":{"lr":0.004695925322859376,"hidden":128,"clone_batch":128,"clone_weight_decay":1e-06,"clone_class_power":0.15681119315284026,"clone_label_smoothing":0.05,"clone_patience":10}}}
{"op_code":4,"worker_id":"f959fc9e-6564-4713-bc97-cf94a2bd32ad-8316722560","study_id":0,"datetime_start":"2026-10-08T03:36:16.365210"}
{"op_code":9,"worker_id":"f959fc9e-6564-4713-bc97-cf94a2bd32ad-8316722560","trial_id":65,"system_attr":{"tpe:relative_params:0":"{\"clone_batch\": 128, \"clone_class_power\": 0.6010994598789636, \"clone_label_smoothing\": 0.05, \"clone_patience\": 20, \"clone_weight_decay\": 0.0, \"hidden\": 128, \"lr\": 0.00035114728469662376}"}}
{"op_code":5,"worker_id":"f959fc9e-6564-4713-bc97-cf94a2bd32ad-8316722560","trial_id":65,"param_name":"lr","param_value_internal":0.00035114728469662376,"distribution":"{\"name\": \"FloatDistribution\", \"attributes\": {\"step\": null, \"low\": 0.0001, \"high\": 0.01, \"log\": true}}"}
{"op_code":5,"worker_id":"f959fc9e-6564-4713-bc97-cf94a2bd32ad-8316722560","trial_id":65,"param_name":"hidden","param_value_internal":1,"distribution":"{\"name\": \"CategoricalDistribution\", \"attributes\": {\"choices\": [64, 128, 256]}}"}
{"op_code":5,"worker_id":"f959fc9e-6564-4713-bc97-cf94a2bd32ad-8316722560","trial_id":65,"param_name":"clone_batch","param_value_internal":0,"distribution":"{\"name\": \"CategoricalDistribution\", \"attributes\": {\"choices\": [128, 256, 512, 1024, 2048]}}"}
{"op_code":5,"worker_id":"f959fc9e-6564-4713-bc97-cf94a2bd32ad-8316722560","trial_id":65,"param_name":"clone_weight_decay","param_value_internal":0,"distribution":"{\"name\": \"CategoricalDistribution\", \"attributes\": {\"choices\": [0.0, 1e-06, 1e-05, 0.0001, 0.001]}}"}
{"op_code":5,"worker_id":"f959fc9e-6564-4713-bc97-cf94a2bd32ad-8316722560","trial_id":65,"param_name":"clone_class_power","param_value_internal":0.6010994598789636,"distribution":"{\"name\": \"FloatDistribution\", \"attributes\": {\"step\": null, \"low\": 0.0, \"high\": 1.0, \"log\": false}}"}
{"op_code":5,"worker_id":"f959fc9e-6564-4713-bc97-cf94a2bd32ad-8316722560","trial_id":65,"param_name":"clone_label_smoothing","param_value_internal":1,"distribution":"{\"name\": \"CategoricalDistribution\", \"attributes\": {\"choices\": [0.0, 0.05, 0.1]}}"}
{"op_code":5,"worker_id":"f959fc9e-6564-4713-bc97-cf94a2bd32ad-8316722560","trial_id":65,"param_name":"clone_patience","param_value_internal":2,"distribution":"{\"name\": \"CategoricalDistribution\", \"attributes\": {\"choices\": [5, 10, 20]}}"}
{"op_code":8,"worker_id":"f959fc9e-6564-4713-bc97-cf94a2bd32ad-8316722560","trial_id":65,"user_attr":{"tag":"c9640aa2f6e95"}}
{"op_code":8,"worker_id":"f959fc9e-6564-4713-bc97-cf94a2bd32ad-8316722560","trial_id":65,"user_attr":{"overrides":{"lr":0.00035114728469662376,"hidden":128,"clone_batch":128,"clone_weight_decay":0.0,"clone_class_power":0.6010994598789636,"clone_label_smoothing":0.05,"clone_patience":20}}}
{"op_code":4,"worker_id":"f959fc9e-6564-4713-bc97-cf94a2bd32ad-8316722560","study_id":0,"datetime_start":"2026-10-08T03:36:16.371396"}
{"op_code":9,"worker_id":"f959fc9e-6564-4713-bc97-cf94a2bd32ad-8316722560","trial_id":66,"system_attr":{"tpe:relative_params:0":"{\"clone_batch\": 128, \"clone_class_power\": 0.1588283689301749, \"clone_label_smoothing\": 0.05, \"clone_patience\": 10, \"clone_weight_decay\": 1e-05, \"hidden\": 128, \"lr\": 0.00019769560898284615}"}}
{"op_code":5,"worker_id":"f959fc9e-6564-4713-bc97-cf94a2bd32ad-8316722560","trial_id":66,"param_name":"lr","param_value_internal":0.00019769560898284615,"distribution":"{\"name\": \"FloatDistribution\", \"attributes\": {\"step\": null, \"low\": 0.0001, \"high\": 0.01, \"log\": true}}"}
{"op_code":5,"worker_id":"f959fc9e-6564-4713-bc97-cf94a2bd32ad-8316722560","trial_id":66,"param_name":"hidden","param_value_internal":1,"distribution":"{\"name\": \"CategoricalDistribution\", \"attributes\": {\"choices\": [64, 128, 256]}}"}
{"op_code":5,"worker_id":"f959fc9e-6564-4713-bc97-cf94a2bd32ad-8316722560","trial_id":66,"param_name":"clone_batch","param_value_internal":0,"distribution":"{\"name\": \"CategoricalDistribution\", \"attributes\": {\"choices\": [128, 256, 512, 1024, 2048]}}"}
{"op_code":5,"worker_id":"f959fc9e-6564-4713-bc97-cf94a2bd32ad-8316722560","trial_id":66,"param_name":"clone_weight_decay","param_value_internal":2,"distribution":"{\"name\": \"CategoricalDistribution\", \"attributes\": {\"choices\": [0.0, 1e-06, 1e-05, 0.0001, 0.001]}}"}
{"op_code":5,"worker_id":"f959fc9e-6564-4713-bc97-cf94a2bd32ad-8316722560","trial_id":66,"param_name":"clone_class_power","param_value_internal":0.1588283689301749,"distribution":"{\"name\": \"FloatDistribution\", \"attributes\": {\"step\": null, \"low\": 0.0, \"high\": 1.0, \"log\": false}}"}
{"op_code":5,"worker_id":"f959fc9e-6564-4713-bc97-cf94a2bd32ad-8316722560","trial_id":66,"param_name":"clone_label_smoothing","param_value_internal":1,"distribution":"{\"name\": \"CategoricalDistribution\", \"attributes\": {\"choices\": [0.0, 0.05, 0.1]}}"}
{"op_code":5,"worker_id":"f959fc9e-6564-4713-bc97-cf94a2bd32ad-8316722560","trial_id":66,"param_name":"clone_patience","param_value_internal":1,"distribution":"{\"name\": \"CategoricalDistribution\", \"attributes\": {\"choices\": [5, 10, 20]}}"}
{"op_code":8,"worker_id":"f959fc9e-6564-4713-bc97-cf94a2bd32ad-8316722560","trial_id":66,"user_attr":{"tag":"c35157850fdf8"}}
{"op_code":8,"worker_id":"f959fc9e-6564-4713-bc97-cf94a2bd32ad-8316722560","trial_id":66,"user_attr":{"overrides":{"lr":0.00019769560898284615,"hidden":128,"clone_batch":128,"clone_weight_decay":1e-05,"clone_class_power":0.1588283689301749,"clone_label_smoothing":0.05,"clone_patience":10}}}
{"op_code":4,"worker_id":"f959fc9e-6564-4713-bc97-cf94a2bd32ad-8316722560","study_id":0,"datetime_start":"2026-10-08T03:36:16.378179"}
{"op_code":9,"worker_id":"f959fc9e-6564-4713-bc97-cf94a2bd32ad-8316722560","trial_id":67,"system_attr":{"tpe:relative_params:0":"{\"clone_batch\": 512, \"clone_class_power\": 0.4613636974094988, \"clone_label_smoothing\": 0.0, \"clone_patience\": 10, \"clone_weight_decay\": 1e-06, \"hidden\": 128, \"lr\": 0.0004456691273379535}"}}
{"op_code":5,"worker_id":"f959fc9e-6564-4713-bc97-cf94a2bd32ad-8316722560","trial_id":67,"param_name":"lr","param_value_internal":0.0004456691273379535,"distribution":"{\"name\": \"FloatDistribution\", \"attributes\": {\"step\": null, \"low\": 0.0001, \"high\": 0.01, \"log\": true}}"}
{"op_code":5,"worker_id":"f959fc9e-6564-4713-bc97-cf94a2bd32ad-8316722560","trial_id":67,"param_name":"hidden","param_value_internal":1,"distribution":"{\"name\": \"CategoricalDistribution\", \"attributes\": {\"choices\": [64, 128, 256]}}"}
{"op_code":5,"worker_id":"f959fc9e-6564-4713-bc97-cf94a2bd32ad-8316722560","trial_id":67,"param_name":"clone_batch","param_value_internal":2,"distribution":"{\"name\": \"CategoricalDistribution\", \"attributes\": {\"choices\": [128, 256, 512, 1024, 2048]}}"}
{"op_code":5,"worker_id":"f959fc9e-6564-4713-bc97-cf94a2bd32ad-8316722560","trial_id":67,"param_name":"clone_weight_decay","param_value_internal":1,"distribution":"{\"name\": \"CategoricalDistribution\", \"attributes\": {\"choices\": [0.0, 1e-06, 1e-05, 0.0001, 0.001]}}"}
{"op_code":5,"worker_id":"f959fc9e-6564-4713-bc97-cf94a2bd32ad-8316722560","trial_id":67,"param_name":"clone_class_power","param_value_internal":0.4613636974094988,"distribution":"{\"name\": \"FloatDistribution\", \"attributes\": {\"step\": null, \"low\": 0.0, \"high\": 1.0, \"log\": false}}"}
{"op_code":5,"worker_id":"f959fc9e-6564-4713-bc97-cf94a2bd32ad-8316722560","trial_id":67,"param_name":"clone_label_smoothing","param_value_internal":0,"distribution":"{\"name\": \"CategoricalDistribution\", \"attributes\": {\"choices\": [0.0, 0.05, 0.1]}}"}
{"op_code":5,"worker_id":"f959fc9e-6564-4713-bc97-cf94a2bd32ad-8316722560","trial_id":67,"param_name":"clone_patience","param_value_internal":1,"distribution":"{\"name\": \"CategoricalDistribution\", \"attributes\": {\"choices\": [5, 10, 20]}}"}
{"op_code":8,"worker_id":"f959fc9e-6564-4713-bc97-cf94a2bd32ad-8316722560","trial_id":67,"user_attr":{"tag":"c8f88f630c66d"}}
{"op_code":8,"worker_id":"f959fc9e-6564-4713-bc97-cf94a2bd32ad-8316722560","trial_id":67,"user_attr":{"overrides":{"lr":0.0004456691273379535,"hidden":128,"clone_batch":512,"clone_weight_decay":1e-06,"clone_class_power":0.4613636974094988,"clone_label_smoothing":0.0,"clone_patience":10}}}
{"op_code":4,"worker_id":"f959fc9e-6564-4713-bc97-cf94a2bd32ad-8316722560","study_id":0,"datetime_start":"2026-10-08T03:36:16.383512"}
{"op_code":9,"worker_id":"f959fc9e-6564-4713-bc97-cf94a2bd32ad-8316722560","trial_id":68,"system_attr":{"tpe:relative_params:0":"{\"clone_batch\": 1024, \"clone_class_power\": 0.045997098120004326, \"clone_label_smoothing\": 0.05, \"clone_patience\": 20, \"clone_weight_decay\": 0.0, \"hidden\": 128, \"lr\": 0.00020110199576269205}"}}
{"op_code":5,"worker_id":"f959fc9e-6564-4713-bc97-cf94a2bd32ad-8316722560","trial_id":68,"param_name":"lr","param_value_internal":0.00020110199576269205,"distribution":"{\"name\": \"FloatDistribution\", \"attributes\": {\"step\": null, \"low\": 0.0001, \"high\": 0.01, \"log\": true}}"}
{"op_code":5,"worker_id":"f959fc9e-6564-4713-bc97-cf94a2bd32ad-8316722560","trial_id":68,"param_name":"hidden","param_value_internal":1,"distribution":"{\"name\": \"CategoricalDistribution\", \"attributes\": {\"choices\": [64, 128, 256]}}"}
{"op_code":5,"worker_id":"f959fc9e-6564-4713-bc97-cf94a2bd32ad-8316722560","trial_id":68,"param_name":"clone_batch","param_value_internal":3,"distribution":"{\"name\": \"CategoricalDistribution\", \"attributes\": {\"choices\": [128, 256, 512, 1024, 2048]}}"}
{"op_code":5,"worker_id":"f959fc9e-6564-4713-bc97-cf94a2bd32ad-8316722560","trial_id":68,"param_name":"clone_weight_decay","param_value_internal":0,"distribution":"{\"name\": \"CategoricalDistribution\", \"attributes\": {\"choices\": [0.0, 1e-06, 1e-05, 0.0001, 0.001]}}"}
{"op_code":5,"worker_id":"f959fc9e-6564-4713-bc97-cf94a2bd32ad-8316722560","trial_id":68,"param_name":"clone_class_power","param_value_internal":0.045997098120004326,"distribution":"{\"name\": \"FloatDistribution\", \"attributes\": {\"step\": null, \"low\": 0.0, \"high\": 1.0, \"log\": false}}"}
{"op_code":5,"worker_id":"f959fc9e-6564-4713-bc97-cf94a2bd32ad-8316722560","trial_id":68,"param_name":"clone_label_smoothing","param_value_internal":1,"distribution":"{\"name\": \"CategoricalDistribution\", \"attributes\": {\"choices\": [0.0, 0.05, 0.1]}}"}
{"op_code":5,"worker_id":"f959fc9e-6564-4713-bc97-cf94a2bd32ad-8316722560","trial_id":68,"param_name":"clone_patience","param_value_internal":2,"distribution":"{\"name\": \"CategoricalDistribution\", \"attributes\": {\"choices\": [5, 10, 20]}}"}
{"op_code":8,"worker_id":"f959fc9e-6564-4713-bc97-cf94a2bd32ad-8316722560","trial_id":68,"user_attr":{"tag":"c4e58cf135fac"}}
{"op_code":8,"worker_id":"f959fc9e-6564-4713-bc97-cf94a2bd32ad-8316722560","trial_id":68,"user_attr":{"overrides":{"lr":0.00020110199576269205,"hidden":128,"clone_batch":1024,"clone_weight_decay":0.0,"clone_class_power":0.045997098120004326,"clone_label_smoothing":0.05,"clone_patience":20}}}
{"op_code":4,"worker_id":"f959fc9e-6564-4713-bc97-cf94a2bd32ad-8316722560","study_id":0,"datetime_start":"2026-10-08T03:36:16.388898"}
{"op_code":9,"worker_id":"f959fc9e-6564-4713-bc97-cf94a2bd32ad-8316722560","trial_id":69,"system_attr":{"tpe:relative_params:0":"{\"clone_batch\": 2048, \"clone_class_power\": 0.5450514098521047, \"clone_label_smoothing\": 0.1, \"clone_patience\": 10, \"clone_weight_decay\": 1e-06, \"hidden\": 64, \"lr\": 0.005626015191313024}"}}
{"op_code":5,"worker_id":"f959fc9e-6564-4713-bc97-cf94a2bd32ad-8316722560","trial_id":69,"param_name":"lr","param_value_internal":0.005626015191313024,"distribution":"{\"name\": \"FloatDistribution\", \"attributes\": {\"step\": null, \"low\": 0.0001, \"high\": 0.01, \"log\": true}}"}
{"op_code":5,"worker_id":"f959fc9e-6564-4713-bc97-cf94a2bd32ad-8316722560","trial_id":69,"param_name":"hidden","param_value_internal":0,"distribution":"{\"name\": \"CategoricalDistribution\", \"attributes\": {\"choices\": [64, 128, 256]}}"}
{"op_code":5,"worker_id":"f959fc9e-6564-4713-bc97-cf94a2bd32ad-8316722560","trial_id":69,"param_name":"clone_batch","param_value_internal":4,"distribution":"{\"name\": \"CategoricalDistribution\", \"attributes\": {\"choices\": [128, 256, 512, 1024, 2048]}}"}
{"op_code":5,"worker_id":"f959fc9e-6564-4713-bc97-cf94a2bd32ad-8316722560","trial_id":69,"param_name":"clone_weight_decay","param_value_internal":1,"distribution":"{\"name\": \"CategoricalDistribution\", \"attributes\": {\"choices\": [0.0, 1e-06, 1e-05, 0.0001, 0.001]}}"}
{"op_code":5,"worker_id":"f959fc9e-6564-4713-bc97-cf94a2bd32ad-8316722560","trial_id":69,"param_name":"clone_class_power","param_value_internal":0.5450514098521047,"distribution":"{\"name\": \"FloatDistribution\", \"attributes\": {\"step\": null, \"low\": 0.0, \"high\": 1.0, \"log\": false}}"}
{"op_code":5,"worker_id":"f959fc9e-6564-4713-bc97-cf94a2bd32ad-8316722560","trial_id":69,"param_name":"clone_label_smoothing","param_value_internal":2,"distribution":"{\"name\": \"CategoricalDistribution\", \"attributes\": {\"choices\": [0.0, 0.05, 0.1]}}"}
{"op_code":5,"worker_id":"f959fc9e-6564-4713-bc97-cf94a2bd32ad-8316722560","trial_id":69,"param_name":"clone_patience","param_value_internal":1,"distribution":"{\"name\": \"CategoricalDistribution\", \"attributes\": {\"choices\": [5, 10, 20]}}"}
{"op_code":8,"worker_id":"f959fc9e-6564-4713-bc97-cf94a2bd32ad-8316722560","trial_id":69,"user_attr":{"tag":"ca8dc885f7289"}}
{"op_code":8,"worker_id":"f959fc9e-6564-4713-bc97-cf94a2bd32ad-8316722560","trial_id":69,"user_attr":{"overrides":{"lr":0.005626015191313024,"hidden":64,"clone_batch":2048,"clone_weight_decay":1e-06,"clone_class_power":0.5450514098521047,"clone_label_smoothing":0.1,"clone_patience":10}}}
{"op_code":4,"worker_id":"f959fc9e-6564-4713-bc97-cf94a2bd32ad-8316722560","study_id":0,"datetime_start":"2026-10-08T03:36:16.394277"}
{"op_code":9,"worker_id":"f959fc9e-6564-4713-bc97-cf94a2bd32ad-8316722560","trial_id":70,"system_attr":{"tpe:relative_params:0":"{\"clone_batch\": 128, \"clone_class_power\": 0.3436491823985193, \"clone_label_smoothing\": 0.1, \"clone_patience\": 10, \"clone_weight_decay\": 1e-06, \"hidden\": 128, \"lr\": 0.0011879226516012217}"}}
{"op_code":5,"worker_id":"f959fc9e-6564-4713-bc97-cf94a2bd32ad-8316722560","trial_id":70,"param_name":"lr","param_value_internal":0.0011879226516012217,"distribution":"{\"name\": \"FloatDistribution\", \"attributes\": {\"step\": null, \"low\": 0.0001, \"high\": 0.01, \"log\": true}}"}
{"op_code":5,"worker_id":"f959fc9e-6564-4713-bc97-cf94a2bd32ad-8316722560","trial_id":70,"param_name":"hidden","param_value_internal":1,"distribution":"{\"name\": \"CategoricalDistribution\", \"attributes\": {\"choices\": [64, 128, 256]}}"}
{"op_code":5,"worker_id":"f959fc9e-6564-4713-bc97-cf94a2bd32ad-8316722560","trial_id":70,"param_name":"clone_batch","param_value_internal":0,"distribution":"{\"name\": \"CategoricalDistribution\", \"attributes\": {\"choices\": [128, 256, 512, 1024, 2048]}}"}
{"op_code":5,"worker_id":"f959fc9e-6564-4713-bc97-cf94a2bd32ad-8316722560","trial_id":70,"param_name":"clone_weight_decay","param_value_internal":1,"distribution":"{\"name\": \"CategoricalDistribution\", \"attributes\": {\"choices\": [0.0, 1e-06, 1e-05, 0.0001, 0.001]}}"}
{"op_code":5,"worker_id":"f959fc9e-6564-4713-bc97-cf94a2bd32ad-8316722560","trial_id":70,"param_name":"clone_class_power","param_value_internal":0.3436491823985193,"distribution":"{\"name\": \"FloatDistribution\", \"attributes\": {\"step\": null, \"low\": 0.0, \"high\": 1.0, \"log\": false}}"}
{"op_code":5,"worker_id":"f959fc9e-6564-4713-bc97-cf94a2bd32ad-8316722560","trial_id":70,"param_name":"clone_label_smoothing","param_value_internal":2,"distribution":"{\"name\": \"CategoricalDistribution\", \"attributes\": {\"choices\": [0.0, 0.05, 0.1]}}"}
{"op_code":5,"worker_id":"f959fc9e-6564-4713-bc97-cf94a2bd32ad-8316722560","trial_id":70,"param_name":"clone_patience","param_value_internal":1,"distribution":"{\"name\": \"CategoricalDistribution\", \"attributes\": {\"choices\": [5, 10, 20]}}"}
{"op_code":8,"worker_id":"f959fc9e-6564-4713-bc97-cf94a2bd32ad-8316722560","trial_id":70,"user_attr":{"tag":"cde1a3173b0f5"}}
{"op_code":8,"worker_id":"f959fc9e-6564-4713-bc97-cf94a2bd32ad-8316722560","trial_id":70,"user_attr":{"overrides":{"lr":0.0011879226516012217,"hidden":128,"clone_batch":128,"clone_weight_decay":1e-06,"clone_class_power":0.3436491823985193,"clone_label_smoothing":0.1,"clone_patience":10}}}
{"op_code":4,"worker_id":"f959fc9e-6564-4713-bc97-cf94a2bd32ad-8316722560","study_id":0,"datetime_start":"2026-10-08T03:36:16.399807"}
{"op_code":9,"worker_id":"f959fc9e-6564-4713-bc97-cf94a2bd32ad-8316722560","trial_id":71,"system_attr":{"tpe:relative_params:0":"{\"clone_batch\": 1024, \"clone_class_power\": 0.09991267937338269, \"clone_label_smoothing\": 0.1, \"clone_patience\": 10, \"clone_weight_decay\": 1e-05, \"hidden\": 128, \"lr\": 0.0006776894274622603}"}}
{"op_code":5,"worker_id":"f959fc9e-6564-4713-bc97-cf94a2bd32ad-8316722560","trial_id":71,"param_name":"lr","param_value_internal":0.0006776894274622603,"distribution":"{\"name\": \"FloatDistribution\", \"attributes\": {\"step\": null, \"low\": 0.0001, \"high\": 0.01, \"log\": true}}"}
{"op_code":5,"worker_id":"f959fc9e-6564-4713-bc97-cf94a2bd32ad-8316722560","trial_id":71,"param_name":"hidden","param_value_internal":1,"distribution":"{\"name\": \"CategoricalDistribution\", \"attributes\": {\"choices\": [64, 128, 256]}}"}
{"op_code":5,"worker_id":"f959fc9e-6564-4713-bc97-cf94a2bd32ad-8316722560","trial_id":71,"param_name":"clone_batch","param_value_internal":3,"distribution":"{\"name\": \"CategoricalDistribution\", \"attributes\": {\"choices\": [128, 256, 512, 1024, 2048]}}"}
{"op_code":5,"worker_id":"f959fc9e-6564-4713-bc97-cf94a2bd32ad-8316722560","trial_id":71,"param_name":"clone_weight_decay","param_value_internal":2,"distribution":"{\"name\": \"CategoricalDistribution\", \"attributes\": {\"choices\": [0.0, 1e-06, 1e-05, 0.0001, 0.001]}}"}
{"op_code":5,"worker_id":"f959fc9e-6564-4713-bc97-cf94a2bd32ad-8316722560","trial_id":71,"param_name":"clone_class_power","param_value_internal":0.09991267937338269,"distribution":"{\"name\": \"FloatDistribution\", \"attributes\": {\"step\": null, \"low\": 0.0, \"high\": 1.0, \"log\": false}}"}
{"op_code":5,"worker_id":"f959fc9e-6564-4713-bc97-cf94a2bd32ad-8316722560","trial_id":71,"param_name":"clone_label_smoothing","param_value_internal":2,"distribution":"{\"name\": \"CategoricalDistribution\", \"attributes\": {\"choices\": [0.0, 0.05, 0.1]}}"}
{"op_code":5,"worker_id":"f959fc9e-6564-4713-bc97-cf94a2bd32ad-8316722560","trial_id":71,"param_name":"clone_patience","param_value_internal":1,"distribution":"{\"name\": \"CategoricalDistribution\", \"attributes\": {\"choices\": [5, 10, 20]}}"}
{"op_code":8,"worker_id":"f959fc9e-6564-4713-bc97-cf94a2bd32ad-8316722560","trial_id":71,"user_attr":{"tag":"cb5e3ee824714"}}
{"op_code":8,"worker_id":"f959fc9e-6564-4713-bc97-cf94a2bd32ad-8316722560","trial_id":71,"user_attr":{"overrides":{"lr":0.0006776894274622603,"hidden":128,"clone_batch":1024,"clone_weight_decay":1e-05,"clone_class_power":0.09991267937338269,"clone_label_smoothing":0.1,"clone_patience":10}}}
{"op_code":7,"worker_id":"f959fc9e-6564-4713-bc97-cf94a2bd32ad-8316722560","trial_id":24,"step":16,"intermediate_value":264.9517745348377}
{"op_code":8,"worker_id":"f959fc9e-6564-4713-bc97-cf94a2bd32ad-8316722560","trial_id":24,"user_attr":{"hh_saving":{"254":322.4580540504124,"185":282.3210246273063,"230":290.8557083099466,"266":174.4967279670844,"145":320.7150711606157,"229":179.27980281390285,"300":348.965067861716,"69":351.50437988987545,"136":250.84945261156784,"56":280.4974858535042,"72":207.68902026986112,"26":206.40696096740294,"45":214.90070720587778,"208":280.70981976563843,"40":222.64463103011477,"173":304.93447817257675}}}
{"op_code":8,"worker_id":"f959fc9e-6564-4713-bc97-cf94a2bd32ad-8316722560","trial_id":24,"user_attr":{"val_efc_mean":83.599863375}}
{"op_code":8,"worker_id":"f959fc9e-6564-4713-bc97-cf94a2bd32ad-8316722560","trial_id":24,"user_attr":{"converged_share":1.0}}
{"op_code":8,"worker_id":"f959fc9e-6564-4713-bc97-cf94a2bd32ad-8316722560","trial_id":24,"user_attr":{"wall_s":341.9433579444885}}
{"op_code":6,"worker_id":"f959fc9e-6564-4713-bc97-cf94a2bd32ad-8316722560","trial_id":24,"state":1,"values":[264.9517745348377],"datetime_complete":"2026-10-08T03:37:31.486621"}
{"op_code":7,"worker_id":"f959fc9e-6564-4713-bc97-cf94a2bd32ad-8316722560","trial_id":25,"step":16,"intermediate_value":263.3246523789}
{"op_code":8,"worker_id":"f959fc9e-6564-4713-bc97-cf94a2bd32ad-8316722560","trial_id":25,"user_attr":{"hh_saving":{"254":321.7752534147064,"185":278.82335454791865,"230":290.1394432343145,"266":175.4864456737483,"145":322.20644356932877,"229":179.24347104725084,"300":340.196807070926,"69":349.5117800469269,"136":248.00749807812707,"56":280.00236246438425,"72":209.64873847048804,"26":204.8788003034312,"45":212.90101789119853,"208":278.6060470739835,"40":221.09662533939698,"173":300.67034983627}}}
{"op_code":8,"worker_id":"f959fc9e-6564-4713-bc97-cf94a2bd32ad-8316722560","trial_id":25,"user_attr":{"val_efc_mean":83.90878940625}}
{"op_code":8,"worker_id":"f959fc9e-6564-4713-bc97-cf94a2bd32ad-8316722560","trial_id":25,"user_attr":{"converged_share":0.875}}
{"op_code":8,"worker_id":"f959fc9e-6564-4713-bc97-cf94a2bd32ad-8316722560","trial_id":25,"user_attr":{"wall_s":341.9418570995331}}
{"op_code":6,"worker_id":"f959fc9e-6564-4713-bc97-cf94a2bd32ad-8316722560","trial_id":25,"state":1,"values":[263.3246523789],"datetime_complete":"2026-10-08T03:37:31.489455"}
{"op_code":7,"worker_id":"f959fc9e-6564-4713-bc97-cf94a2bd32ad-8316722560","trial_id":26,"step":16,"intermediate_value":0.36966956501470194}
{"op_code":8,"worker_id":"f959fc9e-6564-4713-bc97-cf94a2bd32ad-8316722560","trial_id":26,"user_attr":{"hh_saving":{"254":0.539354065350681,"185":0.9544419195737289,"230":0.0,"266":0.6003553008362132,"145":0.21368625803518576,"229":0.1610739753291475,"300":0.07285538108595395,"69":0.47321250231279677,"136":1.0427000520867702,"56":0.8079684735462292,"72":0.21522198483396998,"26":0.07601257133618487,"45":0.3412287355501015,"208":0.3571848167321881,"40":0.10667988757341261,"173":-0.04726288394733201}}}
{"op_code":8,"worker_id":"f959fc9e-6564-4713-bc97-cf94a2bd32ad-8316722560","trial_id":26,"user_attr":{"val_efc_mean":0.25968749999999996}}
{"op_code":8,"worker_id":"f959fc9e-6564-4713-bc97-cf94a2bd32ad-8316722560","trial_id":26,"user_attr":{"converged_share":0.9375}}
{"op_code":8,"worker_id":"f959fc9e-6564-4713-bc97-cf94a2bd32ad-8316722560","trial_id":26,"user_attr":{"wall_s":341.9406929016113}}
{"op_code":6,"worker_id":"f959fc9e-6564-4713-bc97-cf94a2bd32ad-8316722560","trial_id":26,"state":1,"values":[0.36966956501470194],"datetime_complete":"2026-10-08T03:37:31.491687"}
{"op_code":7,"worker_id":"f959fc9e-6564-4713-bc97-cf94a2bd32ad-8316722560","trial_id":27,"step":16,"intermediate_value":-0.06517959151600637}
{"op_code":8,"worker_id":"f959fc9e-6564-4713-bc97-cf94a2bd32ad-8316722560","trial_id":27,"user_attr":{"hh_saving":{"254":0.5352716112897886,"185":0.13145676192836828,"230":0.0,"266":-0.05276661504967909,"145":0.358105628132498,"229":-1.671201879644816,"300":-0.33486695130607863,"69":0.16298644117175748,"136":0.5922812102650263,"56":0.03316148015576914,"72":0.10898793154055397,"26":0.07601257133618487,"45":-0.9667825549120194,"208":0.6622539371970382,"40":0.0060295582286593275,"173":-0.683802594589153}}}
{"op_code":8,"worker_id":"f959fc9e-6564-4713-bc97-cf94a2bd32ad-8316722560","trial_id":27,"user_attr":{"val_efc_mean":0.4028124999999999}}
{"op_code":8,"worker_id":"f959fc9e-6564-4713-bc97-cf94a2bd32ad-8316722560","trial_id":27,"user_attr":{"converged_share":1.0}}
{"op_code":8,"worker_id":"f959fc9e-6564-4713-bc97-cf94a2bd32ad-8316722560","trial_id":27,"user_attr":{"wall_s":341.9394266605377}}
{"op_code":6,"worker_id":"f959fc9e-6564-4713-bc97-cf94a2bd32ad-8316722560","trial_id":27,"state":1,"values":[-0.06517959151600637],"datetime_complete":"2026-10-08T03:37:31.493816"}
{"op_code":7,"worker_id":"f959fc9e-6564-4713-bc97-cf94a2bd32ad-8316722560","trial_id":28,"step":16,"intermediate_value":0.2595970902675322}
{"op_code":8,"worker_id":"f959fc9e-6564-4713-bc97-cf94a2bd32ad-8316722560","trial_id":28,"user_attr":{"hh_saving":{"254":0.5352716112897886,"185":1.0708370543953631,"230":0.0,"266":0.32030971404546044,"145":0.21368625803518576,"229":-0.02938488119277492,"300":0.08475334040462355,"69":0.16298644117175748,"136":0.5922812102650263,"56":0.06116447764684706,"72":0.12148920223475759,"26":0.07601257133618487,"45":0.39332584429438605,"208":0.6459378537438373,"40":0.10667988757341261,"173":-0.20179714096334017}}}
{"op_code":8,"worker_id":"f959fc9e-6564-4713-bc97-cf94a2bd32ad-8316722560","trial_id":28,"user_attr":{"val_efc_mean":0.31249999999999994}}
{"op_code":8,"worker_id":"f959fc9e-6564-4713-bc97-cf94a2bd32ad-8316722560","trial_id":28,"user_attr":{"converged_share":1.0}}
{"op_code":8,"worker_id":"f959fc9e-6564-4713-bc97-cf94a2bd32ad-8316722560","trial_id":28,"user_attr":{"wall_s":341.938010931015}}
{"op_code":6,"worker_id":"f959fc9e-6564-4713-bc97-cf94a2bd32ad-8316722560","trial_id":28,"state":1,"values":[0.2595970902675322],"datetime_complete":"2026-10-08T03:37:31.495959"}
{"op_code":7,"worker_id":"f959fc9e-6564-4713-bc97-cf94a2bd32ad-8316722560","trial_id":29,"step":16,"intermediate_value":0.18614457897462555}
{"op_code":8,"worker_id":"f959fc9e-6564-4713-bc97-cf94a2bd32ad-8316722560","trial_id":29,"user_attr":{"hh_saving":{"254":0.5352716112897886,"185":1.0546685910881795,"230":0.0,"266":0.012572175309433728,"145":0.21368625803518576,"229":-0.8571824930379738,"300":0.08093519343520127,"69":0.2615373868442999,"136":0.6457510883468964,"56":0.15489726024605943,"72":0.21522198483396998,"26":0.07601257133618487,"45":-0.37494132806434116,"208":0.8471735181290521,"40":0.10667988757341261,"173":0.0060295582286593275}}}
{"op_code":8,"worker_id":"f959fc9e-6564-4713-bc97-cf94a2bd32ad-8316722560","trial_id":29,"user_attr":{"val_efc_mean":0.3309375}}
{"op_code":8,"worker_id":"f959fc9e-6564-4713-bc97-cf94a2bd32ad-8316722560","trial_id":29,"user_attr":{"converged_share":0.0}}
{"op_code":8,"worker_id":"f959fc9e-6564-4713-bc97-cf94a2bd32ad-8316722560","trial_id":29,"user_attr":{"wall_s":341.93671774864197}}
{"op_code":6,"worker_id":"f959fc9e-6564-4713-bc97-cf94a2bd32ad-8316722560","trial_id":29,"state":1,"values":[0.18614457897462555],"datetime_complete":"2026-10-08T03:37:31.498099"}
{"op_code":7,"worker_id":"f959fc9e-6564-4713-bc97-cf94a2bd32ad-8316722560","trial_id":30,"step":16,"intermediate_value":259.4063496002361}
{"op_code":8,"worker_id":"f959fc9e-6564-4713-bc97-cf94a2bd32ad-8316722560","trial_id":30,"user_attr":{"hh_saving":{"254":322.45833277744487,"185":273.87790211475686,"230":289.4076887486136,"266":171.5998042379368,"145":319.73228474588217,"229":174.9039990903912,"300":332.37297915087186,"69":348.4614970869725,"136":244.64199436575998,"56":277.92841761197525,"72":207.22302612267666,"26":203.07444251006774,"45":200.70398819475125,"208":277.75695886450666,"40":218.43635279113298,"173":287.92192519003726}}}
{"op_code":8,"worker_id":"f959fc9e-6564-4713-bc97-cf94a2bd32ad-8316722560","trial_id":30,"user_attr":{"val_efc_mean":83.22084418749999}}
{"op_code":8,"worker_id":"f959fc9e-6564-4713-bc97-cf94a2bd32ad-8316722560","trial_id":30,"user_attr":{"converged_share":1.0}}
{"op_code":8,"worker_id":"f959fc9e-6564-4713-bc97-cf94a2bd32ad-8316722560","trial_id":30,"user_attr":{"wall_s":341.9351830482483}}
{"op_code":6,"worker_id":"f959fc9e-6564-4713-bc97-cf94a2bd32ad-8316722560","trial_id":30,"state":1,"values":[259.4063496002361],"datetime_complete":"2026-10-08T03:37:31.500200"}
{"op_code":7,"worker_id":"f959fc9e-6564-4713-bc97-cf94a2bd32ad-8316722560","trial_id":31,"step":16,"intermediate_value":264.9182853591341}
{"op_code":8,"worker_id":"f959fc9e-6564-4713-bc97-cf94a2bd32ad-8316722560","trial_id":31,"user_attr":{"hh_saving":{"254":322.5443847302248,"185":282.22240811166165,"230":290.4651362191606,"266":174.32597315271823,"145":322.4578937046496,"229":181.83437649867344,"300":345.81372549312755,"69":349.6932232427481,"136":250.52508354222346,"56":281.62512639715237,"72":209.6528298199922,"26":206.4857305502003,"45":211.7920411762248,"208":280.4548831630667,"40":221.87937730708094,"173":306.9203726372405}}}
{"op_code":8,"worker_id":"f959fc9e-6564-4713-bc97-cf94a2bd32ad-8316722560","trial_id":31,"user_attr":{"val_efc_mean":83.32250328125}}
{"op_code":8,"worker_id":"f959fc9e-6564-4713-bc97-cf94a2bd32ad-8316722560","trial_id":31,"user_attr":{"converged_share":1.0}}
{"op_code":8,"worker_id":"f959fc9e-6564-4713-bc97-cf94a2bd32ad-8316722560","trial_id":31,"user_attr":{"wall_s":341.93382024765015}}
{"op_code":6,"worker_id":"f959fc9e-6564-4713-bc97-cf94a2bd32ad-8316722560","trial_id":31,"state":1,"values":[264.9182853591341],"datetime_complete":"2026-10-08T03:37:31.502160"}
{"op_code":7,"worker_id":"f959fc9e-6564-4713-bc97-cf94a2bd32ad-8316722560","trial_id":32,"step":16,"intermediate_value":181.17363886583087}
{"op_code":8,"worker_id":"f959fc9e-6564-4713-bc97-cf94a2bd32ad-8316722560","trial_id":32,"user_attr":{"hh_saving":{"254":279.19906774544444,"185":243.88841930666698,"230":223.88991644305642,"266":60.99292956786051,"145":267.8221151920641,"229":83.54253850518346,"300":256.31252505358316,"69":334.87334582472477,"136":225.8863348951241,"56":261.1627725979897,"72":82.47242298318561,"26":134.15048618884407,"45":75.78948424182333,"208":166.8004428601193,"40":62.308206192247546,"173":139.6872142553766}}}
{"op_code":8,"worker_id":"f959fc9e-6564-4713-bc97-cf94a2bd32ad-8316722560","trial_id":32,"user_attr":{"val_efc_mean":58.655465765624996}}
{"op_code":8,"worker_id":"f959fc9e-6564-4713-bc97-cf94a2bd32ad-8316722560","trial_id":32,"user_attr":{"converged_share":1.0}}
{"op_code":8,"worker_id":"f959fc9e-6564-4713-bc97-cf94a2bd32ad-8316722560","trial_id":32,"user_attr":{"wall_s":341.9321098327637}}
{"op_code":6,"worker_id":"f959fc9e-6564-4713-bc97-cf94a2bd32ad-8316722560","trial_id":32,"state":1,"values":[181.17363886583087],"datetime_complete":"2026-10-08T03:37:31.504117"}
{"op_code":7,"worker_id":"f959fc9e-6564-4713-bc97-cf94a2bd32ad-8316722560","trial_id":33,"step":16,"intermediate_value":0.18644969813811565}
{"op_code":8,"worker_id":"f959fc9e-6564-4713-bc97-cf94a2bd32ad-8316722560","trial_id":33,"user_attr":{"hh_saving":{"254":0.5352716112897886,"185":0.7729878701159814,"230":0.0,"266":0.4281165033779339,"145":0.21368625803518576,"229":-0.4449406892660294,"300":-0.5383420705239246,"69":0.16298644117175748,"136":0.6433711715506425,"56":0.06116447764684706,"72":0.12148920223475759,"26":0.07601257133618487,"45":0.39332584429438605,"208":0.8662374317383674,"40":-0.05448744121129932,"173":-0.2536840115807288}}}
{"op_code":8,"worker_id":"f959fc9e-6564-4713-bc97-cf94a2bd32ad-8316722560","trial_id":33,"user_attr":{"val_efc_mean":0.34124999999999994}}
{"op_code":8,"worker_id":"f959fc9e-6564-4713-bc97-cf94a2bd32ad-8316722560","trial_id":33,"user_attr":{"converged_share":1.0}}
{"op_code":8,"worker_id":"f959fc9e-6564-4713-bc97-cf94a2bd32ad-8316722560","trial_id":33,"user_attr":{"wall_s":341.9298689365387}}
{"op_code":6,"worker_id":"f959fc9e-6564-4713-bc97-cf94a2bd32ad-8316722560","trial_id":33,"state":1,"values":[0.18644969813811565],"datetime_complete":"2026-10-08T03:37:31.506175"}
{"op_code":7,"worker_id":"f959fc9e-6564-4713-bc97-cf94a2bd32ad-8316722560","trial_id":34,"step":16,"intermediate_value":265.98381220656256}
{"op_code":8,"worker_id":"f959fc9e-6564-4713-bc97-cf94a2bd32ad-8316722560","trial_id":34,"user_attr":{"hh_saving":{"254":324.09051823978814,"185":282.52330037272884,"230":289.92272753633097,"266":173.0565567102831,"145":323.01728290236366,"229":183.42645900625462,"300":351.79337505696066,"69":350.4155705437756,"136":250.78885164849433,"56":282.7342320242207,"72":208.97407340254153,"26":206.8739237060042,"45":215.89114621983717,"208":280.99394404390034,"40":221.95150114341922,"173":309.28753274809816}}}
{"op_code":8,"worker_id":"f959fc9e-6564-4713-bc97-cf94a2bd32ad-8316722560","trial_id":34,"user_attr":{"val_efc_mean":83.06170442187499}}
{"op_code":8,"worker_id":"f959fc9e-6564-4713-bc97-cf94a2bd32ad-8316722560","trial_id":34,"user_attr":{"converged_share":1.0}}
{"op_code":8,"worker_id":"f959fc9e-6564-4713-bc97-cf94a2bd32ad-8316722560","trial_id":34,"user_attr":{"wall_s":341.9265470504761}}
{"op_code":6,"worker_id":"f959fc9e-6564-4713-bc97-cf94a2bd32ad-8316722560","trial_id":34,"state":1,"values":[265.98381220656256],"datetime_complete":"2026-10-08T03:37:31.508092"}
{"op_code":7,"worker_id":"f959fc9e-6564-4713-bc97-cf94a2bd32ad-8316722560","trial_id":35,"step":16,"intermediate_value":0.3290439450765498}
{"op_code":8,"worker_id":"f959fc9e-6564-4713-bc97-cf94a2bd32ad-8316722560","trial_id":35,"user_attr":{"hh_saving":{"254":0.5352716112897886,"185":1.0708370543953631,"230":0.0,"266":0.29477537113755503,"145":0.21368625803518576,"229":-0.36213124436204885,"300":-0.2037228655081427,"69":0.19564359579751617,"136":0.8700929136468899,"56":0.36190668869403453,"72":0.21522198483396998,"26":0.21945853080088235,"45":0.37520650266779093,"208":0.8791789912758016,"40":0.586705553210777,"173":0.012572175309433728}}}
{"op_code":8,"worker_id":"f959fc9e-6564-4713-bc97-cf94a2bd32ad-8316722560","trial_id":35,"user_attr":{"val_efc_mean":0.3268749999999999}}
{"op_code":8,"worker_id":"f959fc9e-6564-4713-bc97-cf94a2bd32ad-8316722560","trial_id":35,"user_attr":{"converged_share":0.5}}
{"op_code":8,"worker_id":"f959fc9e-6564-4713-bc97-cf94a2bd32ad-8316722560","trial_id":35,"user_attr":{"wall_s":341.9246699810028}}
{"op_code":6,"worker_id":"f959fc9e-6564-4713-bc97-cf94a2bd32ad-8316722560","trial_id":35,"state":1,"values":[0.3290439450765498],"datetime_complete":"2026-10-08T03:37:31.510010"}
{"op_code":7,"worker_id":"f959fc9e-6564-4713-bc97-cf94a2bd32ad-8316722560","trial_id":36,"step":16,"intermediate_value":0.15848018970780764}
{"op_code":8,"worker_id":"f959fc9e-6564-4713-bc97-cf94a2bd32ad-8316722560","trial_id":36,"user_attr":{"hh_saving":{"254":0.5352716112897886,"185":1.0708370543953631,"230":0.0,"266":0.29477537113755503,"145":0.358105628132498,"229":-1.231309159681814,"300":-0.47672761953110204,"69":0.16298644117175748,"136":0.41115830408923515,"56":0.06116447764684706,"72":0.12148920223475759,"26":0.07601257133618487,"45":1.077429838310265,"208":0.6622539371970382,"40":-0.05448744121129932,"173":-0.5332771811921526}}}
{"op_code":8,"worker_id":"f959fc9e-6564-4713-bc97-cf94a2bd32ad-8316722560","trial_id":36,"user_attr":{"val_efc_mean":0.37906249999999997}}
{"op_code":8,"worker_id":"f959fc9e-6564-4713-bc97-cf94a2bd32ad-8316722560","trial_id":36,"user_attr":{"converged_share":1.0}}
{"op_code":8,"worker_id":"f959fc9e-6564-4713-bc97-cf94a2bd32ad-8316722560","trial_id":36,"user_attr":{"wall_s":341.9229209423065}}
{"op_code":6,"worker_id":"f959fc9e-6564-4713-bc97-cf94a2bd32ad-8316722560","trial_id":36,"state":1,"values":[0.15848018970780764],"datetime_complete":"2026-10-08T03:37:31.511950"}
{"op_code":7,"worker_id":"f959fc9e-6564-4713-bc97-cf94a2bd32ad-8316722560","trial_id":37,"step":16,"intermediate_value":261.9810878393604}
{"op_code":8,"worker_id":"f959fc9e-6564-4713-bc97-cf94a2bd32ad-8316722560","trial_id":37,"user_attr":{"hh_saving":{"254":321.3660507673151,"185":278.13351179091507,"230":289.338961100847,"266":173.82195677723402,"145":321.11115479182774,"229":178.52969959196687,"300":334.9957484020099,"69":348.8784830242733,"136":248.09759600442916,"56":278.749035737922,"72":208.90191583559894,"26":205.42735631016703,"45":207.01105019513003,"208":279.1222167764324,"40":220.26994712351913,"173":297.94272120017877}}}
{"op_code":8,"worker_id":"f959fc9e-6564-4713-bc97-cf94a2bd32ad-8316722560","trial_id":37,"user_attr":{"val_efc_mean":83.913902}}
{"op_code":8,"worker_id":"f959fc9e-6564-4713-bc97-cf94a2bd32ad-8316722560","trial_id":37,"user_attr":{"converged_share":1.0}}
{"op_code":8,"worker_id":"f959fc9e-6564-4713-bc97-cf94a2bd32ad-8316722560","trial_id":37,"user_attr":{"wall_s":341.92159485816956}}
{"op_code":6,"worker_id":"f959fc9e-6564-4713-bc97-cf94a2bd32ad-8316722560","trial_id":37,"state":1,"values":[261.9810878393604],"datetime_complete":"2026-10-08T03:37:31.513942"}
{"op_code":7,"worker_id":"f959fc9e-6564-4713-bc97-cf94a2bd32ad-8316722560","trial_id":38,"step":16,"intermediate_value":266.41839031946563}
{"op_code":8,"worker_id":"f959fc9e-6564-4713-bc97-cf94a2bd32ad-8316722560","trial_id":38,"user_attr":{"hh_saving":{"254":324.0765256576359,"185":282.2311077891296,"230":291.32745249703225,"266":175.71188532227472,"145":322.4841003737602,"229":183.53990468147202,"300":350.05402471609335,"69":352.4829449149565,"136":251.00176104526463,"56":282.50721768378827,"72":208.85419237946317,"26":207.3380554467839,"45":217.75029988441574,"208":281.9727449144701,"40":222.84422553074035,"173":308.51780227416924}}}
{"op_code":8,"worker_id":"f959fc9e-6564-4713-bc97-cf94a2bd32ad-8316722560","trial_id":38,"user_attr":{"val_efc_mean":83.6647249375}}
{"op_code":8,"worker_id":"f959fc9e-6564-4713-bc97-cf94a2bd32ad-8316722560","trial_id":38,"user_attr":{"converged_share":1.0}}
{"op_code":8,"worker_id":"f959fc9e-6564-4713-bc97-cf94a2bd32ad-8316722560","trial_id":38,"user_attr":{"wall_s":341.9199650287628}}
{"op_code":6,"worker_id":"f959fc9e-6564-4713-bc97-cf94a2bd32ad-8316722560","trial_id":38,"state":1,"values":[266.41839031946563],"datetime_complete":"2026-10-08T03:37:31.516029"}
{"op_code":7,"worker_id":"f959fc9e-6564-4713-bc97-cf94a2bd32ad-8316722560","trial_id":39,"step":16,"intermediate_value":265.44216795538625}
{"op_code":8,"worker_id":"f959fc9e-6564-4713-bc97-cf94a2bd32ad-8316722560","trial_id":39,"user_attr":{"hh_saving":{"254":322.9469983595522,"185":281.9744984671862,"230":289.0709407209374,"266":178.0088970452672,"145":322.0116236483388,"229":182.491895654987,"300":348.23284493169456,"69":352.26970980351064,"136":251.23678757610375,"56":280.7502481758232,"72":208.58116115373178,"26":207.70862681297376,"45":213.35195082415717,"208":280.1722346708596,"40":222.38054022359347,"173":305.8857292174625}}}
{"op_code":8,"worker_id":"f959fc9e-6564-4713-bc97-cf94a2bd32ad-8316722560","trial_id":39,"user_attr":{"val_efc_mean":83.72930081249999}}
{"op_code":8,"worker_id":"f959fc9e-6564-4713-bc97-cf94a2bd32ad-8316722560","trial_id":39,"user_attr":{"converged_share":0.9375}}
{"op_code":8,"worker_id":"f959fc9e-6564-4713-bc97-cf94a2bd32ad-8316722560","trial_id":39,"user_attr":{"wall_s":341.91833901405334}}
{"op_code":6,"worker_id":"f959fc9e-6564-4713-bc97-cf94a2bd32ad-8316722560","trial_id":39,"state":1,"values":[265.44216795538625],"datetime_complete":"2026-10-08T03:37:31.517959"}
{"op_code":7,"worker_id":"f959fc9e-6564-4713-bc97-cf94a2bd32ad-8316722560","trial_id":40,"step":16,"intermediate_value":0.1850170831863031}
{"op_code":8,"worker_id":"f959fc9e-6564-4713-bc97-cf94a2bd32ad-8316722560","trial_id":40,"user_attr":{"hh_saving":{"254":0.960999198377002,"185":0.9544419195737289,"230":0.0,"266":-0.2520874698724092,"145":0.21368625803518576,"229":-1.2360870186438473,"300":-0.2665387173166006,"69":0.7607411151706458,"136":0.28367399881209315,"56":0.06116447764684706,"72":0.21522198483396998,"26":0.21945853080088235,"45":0.2760506807190676,"208":0.3571848167321881,"40":0.10667988757341261,"173":0.3056836685386831}}}
{"op_code":8,"worker_id":"f959fc9e-6564-4713-bc97-cf94a2bd32ad-8316722560","trial_id":40,"user_attr":{"val_efc_mean":0.28843749999999996}}
{"op_code":8,"worker_id":"f959fc9e-6564-4713-bc97-cf94a2bd32ad-8316722560","trial_id":40,"user_attr":{"converged_share":0.9375}}
{"op_code":8,"worker_id":"f959fc9e-6564-4713-bc97-cf94a2bd32ad-8316722560","trial_id":40,"user_attr":{"wall_s":341.91670203208923}}
{"op_code":6,"worker_id":"f959fc9e-6564-4713-bc97-cf94a2bd32ad-8316722560","trial_id":40,"state":1,"values":[0.1850170831863031],"datetime_complete":"2026-10-08T03:37:31.519897"}
{"op_code":7,"worker_id":"f959fc9e-6564-4713-bc97-cf94a2bd32ad-8316722560","trial_id":41,"step":16,"intermediate_value":259.8055726636841}
{"op_code":8,"worker_id":"f959fc9e-6564-4713-bc97-cf94a2bd32ad-8316722560","trial_id":41,"user_attr":{"hh_saving":{"254":322.13642696431975,"185":279.96056658830435,"230":287.884363629557,"266":167.940601161549,"145":320.22972152989286,"229":173.57470626992475,"300":326.77677568258764,"69":350.87720753384417,"136":245.927461971837,"56":279.3500833247194,"72":203.22128808355833,"26":205.20230304705132,"45":201.08435266064,"208":277.37287728559653,"40":218.338791013261,"173":297.01163587230224}}}
{"op_code":8,"worker_id":"f959fc9e-6564-4713-bc97-cf94a2bd32ad-8316722560","trial_id":41,"user_attr":{"val_efc_mean":84.86370406249998}}
{"op_code":8,"worker_id":"f959fc9e-6564-4713-bc97-cf94a2bd32ad-8316722560","trial_id":41,"user_attr":{"converged_share":1.0}}
{"op_code":8,"worker_id":"f959fc9e-6564-4713-bc97-cf94a2bd32ad-8316722560","trial_id":41,"user_attr":{"wall_s":341.91530108451843}}
{"op_code":6,"worker_id":"f959fc9e-6564-4713-bc97-cf94a2bd32ad-8316722560","trial_id":41,"state":1,"values":[259.8055726636841],"datetime_complete":"2026-10-08T03:37:31.521797"}
{"op_code":7,"worker_id":"f959fc9e-6564-4713-bc97-cf94a2bd32ad-8316722560","trial_id":42,"step":16,"intermediate_value":8.804742056174817}
{"op_code":8,"worker_id":"f959fc9e-6564-4713-bc97-cf94a2bd32ad-8316722560","trial_id":42,"user_attr":{"hh_saving":{"254":9.107520746199397,"185":9.99023200776956,"230":11.54440073061455,"266":9.517003431775636,"145":10.54938137706901,"229":3.865466018932898,"300":6.222394000260382,"69":6.911661824262298,"136":3.7008279770840113,"56":9.017061876333967,"72":13.607450863778856,"26":11.04343431832589,"45":6.4031293567528085,"208":5.1278431655655226,"40":11.882071499839341,"173":12.38599370423294}}}
{"op_code":8,"worker_id":"f959fc9e-6564-4713-bc97-cf94a2bd32ad-8316722560","trial_id":42,"user_attr":{"val_efc_mean":0.9906675468749998}}
{"op_code":8,"worker_id":"f959fc9e-6564-4713-bc97-cf94a2bd32ad-8316722560","trial_id":42,"user_attr":{"converged_share":1.0}}
{"op_code":8,"worker_id":"f959fc9e-6564-4713-bc97-cf94a2bd32ad-8316722560","trial_id":42,"user_attr":{"wall_s":341.9128727912903}}
{"op_code":6,"worker_id":"f959fc9e-6564-4713-bc97-cf94a2bd32ad-8316722560","trial_id":42,"state":1,"values":[8.804742056174817],"datetime_complete":"2026-10-08T03:37:31.523761"}
{"op_code":7,"worker_id":"f959fc9e-6564-4713-bc97-cf94a2bd32ad-8316722560","trial_id":43,"step":16,"intermediate_value":257.07687149423055}
{"op_code":8,"worker_id":"f959fc9e-6564-4713-bc97-cf94a2bd32ad-8316722560","trial_id":43,"user_attr":{"hh_saving":{"254":322.24994330062844,"185":273.8575837307435,"230":289.16653604401927,"266":169.73572047878866,"145":319.04537721745544,"229":171.92743884389964,"300":303.17279107987093,"69":349.3909649751133,"136":239.00147743143862,"56":278.24976726635185,"72":208.16290585655022,"26":199.08875342918708,"45":201.46575389411075,"208":280.0556237428094,"40":218.96635306685457,"173":289.69295354986616}}}
{"op_code":8,"worker_id":"f959fc9e-6564-4713-bc97-cf94a2bd32ad-8316722560","trial_id":43,"user_attr":{"val_efc_mean":82.96425509374998}}
{"op_code":8,"worker_id":"f959fc9e-6564-4713-bc97-cf94a2bd32ad-8316722560","trial_id":43,"user_attr":{"converged_share":1.0}}
{"op_code":8,"worker_id":"f959fc9e-6564-4713-bc97-cf94a2bd32ad-8316722560","trial_id":43,"user_attr":{"wall_s":341.90941405296326}}
{"op_code":6,"worker_id":"f959fc9e-6564-4713-bc97-cf94a2bd32ad-8316722560","trial_id":43,"state":1,"values":[257.07687149423055],"datetime_complete":"2026-10-08T03:37:31.526224"}
{"op_code":7,"worker_id":"f959fc9e-6564-4713-bc97-cf94a2bd32ad-8316722560","trial_id":44,"step":16,"intermediate_value":265.0138571421163}
{"op_code":8,"worker_id":"f959fc9e-6564-4713-bc97-cf94a2bd32ad-8316722560","trial_id":44,"user_attr":{"hh_saving":{"254":322.55942518504776,"185":280.719516845222,"230":288.8251372212425,"266":176.467970489306,"145":321.80267106292894,"229":182.75587143885147,"300":347.1362250378678,"69":351.1148607041102,"136":251.0896118241043,"56":280.26412891819433,"72":208.43844933517437,"26":206.4808919379402,"45":213.65998614328848,"208":280.99147473275247,"40":221.8553191136576,"173":306.0601742841724}}}
{"op_code":8,"worker_id":"f959fc9e-6564-4713-bc97-cf94a2bd32ad-8316722560","trial_id":44,"user_attr":{"val_efc_mean":83.61182381249999}}
{"op_code":8,"worker_id":"f959fc9e-6564-4713-bc97-cf94a2bd32ad-8316722560","trial_id":44,"user_attr":{"converged_share":0.0625}}
{"op_code":8,"worker_id":"f959fc9e-6564-4713-bc97-cf94a2bd32ad-8316722560","trial_id":44,"user_attr":{"wall_s":341.90801882743835}}
{"op_code":6,"worker_id":"f959fc9e-6564-4713-bc97-cf94a2bd32ad-8316722560","trial_id":44,"state":1,"values":[265.0138571421163],"datetime_complete":"2026-10-08T03:37:31.528654"}
{"op_code":7,"worker_id":"f959fc9e-6564-4713-bc97-cf94a2bd32ad-8316722560","trial_id":45,"step":16,"intermediate_value":265.45964915619817}
{"op_code":8,"worker_id":"f959fc9e-6564-4713-bc97-cf94a2bd32ad-8316722560","trial_id":45,"user_attr":{"hh_saving":{"254":322.103334883059,"185":280.53353469172714,"230":289.89976005208405,"266":177.22264532155873,"145":322.9966502277608,"229":182.99264582445852,"300":349.29463065428826,"69":349.82365448603315,"136":250.46722509922972,"56":282.11981229104947,"72":208.7772474047204,"26":207.35228894051806,"45":216.69087738896647,"208":278.9888936741265,"40":222.59772313871346,"173":305.4934624208768}}}
{"op_code":8,"worker_id":"f959fc9e-6564-4713-bc97-cf94a2bd32ad-8316722560","trial_id":45,"user_attr":{"val_efc_mean":83.74116278124998}}
{"op_code":8,"worker_id":"f959fc9e-6564-4713-bc97-cf94a2bd32ad-8316722560","trial_id":45,"user_attr":{"converged_share":1.0}}
{"op_code":8,"worker_id":"f959fc9e-6564-4713-bc97-cf94a2bd32ad-8316722560","trial_id":45,"user_attr":{"wall_s":341.90694093704224}}
{"op_code":6,"worker_id":"f959fc9e-6564-4713-bc97-cf94a2bd32ad-8316722560","trial_id":45,"state":1,"values":[265.45964915619817],"datetime_complete":"2026-10-08T03:37:31.530930"}
{"op_code":7,"worker_id":"f959fc9e-6564-4713-bc97-cf94a2bd32ad-8316722560","trial_id":46,"step":16,"intermediate_value":0.4017394059447406}
{"op_code":8,"worker_id":"f959fc9e-6564-4713-bc97-cf94a2bd32ad-8316722560","trial_id":46,"user_attr":{"hh_saving":{"254":0.5352716112897886,"185":0.9544419195737289,"230":0.0,"266":0.3970966463674423,"145":0.21368625803518576,"229":-0.6943530596112006,"300":0.08475334040462355,"69":0.47321250231279677,"136":1.1216957586663179,"56":0.989315134284506,"72":0.42698347113695995,"26":0.5105644769835871,"45":0.3412287355501015,"208":0.5496882224477437,"40":0.5715083616216005,"173":-0.04726288394733201}}}
{"op_code":8,"worker_id":"f959fc9e-6564-4713-bc97-cf94a2bd32ad-8316722560","trial_id":46,"user_attr":{"val_efc_mean":0.27874999999999994}}
{"op_code":8,"worker_id":"f959fc9e-6564-4713-bc97-cf94a2bd32ad-8316722560","trial_id":46,"user_attr":{"converged_share":1.0}}
{"op_code":8,"worker_id":"f959fc9e-6564-4713-bc97-cf94a2bd32ad-8316722560","trial_id":46,"user_attr":{"wall_s":341.9047529697418}}
{"op_code":6,"worker_id":"f959fc9e-6564-4713-bc97-cf94a2bd32ad-8316722560","trial_id":46,"state":1,"values":[0.4017394059447406],"datetime_complete":"2026-10-08T03:37:31.532893"}
{"op_code":7,"worker_id":"f959fc9e-6564-4713-bc97-cf94a2bd32ad-8316722560","trial_id":47,"step":16,"intermediate_value":256.38870303753015}
{"op_code":8,"worker_id":"f959fc9e-6564-4713-bc97-cf94a2bd32ad-8316722560","trial_id":47,"user_attr":{"hh_saving":{"254":323.24927316659006,"185":261.88484054277205,"230":290.27218331913286,"266":168.96271258777418,"145":317.28693239222105,"229":169.24853210762262,"300":320.4806658205535,"69":350.24615711800067,"136":241.89566498079492,"56":278.51744909728575,"72":203.57012829021144,"26":201.181109228681,"45":204.60349881219364,"208":277.1991976660446,"40":216.5205973947192,"173":277.1003060758843}}}
{"op_code":8,"worker_id":"f959fc9e-6564-4713-bc97-cf94a2bd32ad-8316722560","trial_id":47,"user_attr":{"val_efc_mean":82.93091429687499}}
{"op_code":8,"worker_id":"f959fc9e-6564-4713-bc97-cf94a2bd32ad-8316722560","trial_id":47,"user_attr":{"converged_share":1.0}}
{"op_code":8,"worker_id":"f959fc9e-6564-4713-bc97-cf94a2bd32ad-8316722560","trial_id":47,"user_attr":{"wall_s":341.90307211875916}}
{"op_code":6,"worker_id":"f959fc9e-6564-4713-bc97-cf94a2bd32ad-8316722560","trial_id":47,"state":1,"values":[256.38870303753015],"datetime_complete":"2026-10-08T03:37:31.534851"}
{"op_code":4,"worker_id":"f959fc9e-6564-4713-bc97-cf94a2bd32ad-8316722560","study_id":0,"datetime_start":"2026-10-08T03:40:28.482046"}
{"op_code":9,"worker_id":"f959fc9e-6564-4713-bc97-cf94a2bd32ad-8316722560","trial_id":72,"system_attr":{"tpe:relative_params:0":"{\"clone_batch\": 128, \"clone_class_power\": 0.021736466378172087, \"clone_label_smoothing\": 0.1, \"clone_patience\": 20, \"clone_weight_decay\": 0.0001, \"hidden\": 64, \"lr\": 0.0002593677440417483}"}}
{"op_code":5,"worker_id":"f959fc9e-6564-4713-bc97-cf94a2bd32ad-8316722560","trial_id":72,"param_name":"lr","param_value_internal":0.0002593677440417483,"distribution":"{\"name\": \"FloatDistribution\", \"attributes\": {\"step\": null, \"low\": 0.0001, \"high\": 0.01, \"log\": true}}"}
{"op_code":5,"worker_id":"f959fc9e-6564-4713-bc97-cf94a2bd32ad-8316722560","trial_id":72,"param_name":"hidden","param_value_internal":0,"distribution":"{\"name\": \"CategoricalDistribution\", \"attributes\": {\"choices\": [64, 128, 256]}}"}
{"op_code":5,"worker_id":"f959fc9e-6564-4713-bc97-cf94a2bd32ad-8316722560","trial_id":72,"param_name":"clone_batch","param_value_internal":0,"distribution":"{\"name\": \"CategoricalDistribution\", \"attributes\": {\"choices\": [128, 256, 512, 1024, 2048]}}"}
{"op_code":5,"worker_id":"f959fc9e-6564-4713-bc97-cf94a2bd32ad-8316722560","trial_id":72,"param_name":"clone_weight_decay","param_value_internal":3,"distribution":"{\"name\": \"CategoricalDistribution\", \"attributes\": {\"choices\": [0.0, 1e-06, 1e-05, 0.0001, 0.001]}}"}
{"op_code":5,"worker_id":"f959fc9e-6564-4713-bc97-cf94a2bd32ad-8316722560","trial_id":72,"param_name":"clone_class_power","param_value_internal":0.021736466378172087,"distribution":"{\"name\": \"FloatDistribution\", \"attributes\": {\"step\": null, \"low\": 0.0, \"high\": 1.0, \"log\": false}}"}
{"op_code":5,"worker_id":"f959fc9e-6564-4713-bc97-cf94a2bd32ad-8316722560","trial_id":72,"param_name":"clone_label_smoothing","param_value_internal":2,"distribution":"{\"name\": \"CategoricalDistribution\", \"attributes\": {\"choices\": [0.0, 0.05, 0.1]}}"}
{"op_code":5,"worker_id":"f959fc9e-6564-4713-bc97-cf94a2bd32ad-8316722560","trial_id":72,"param_name":"clone_patience","param_value_internal":2,"distribution":"{\"name\": \"CategoricalDistribution\", \"attributes\": {\"choices\": [5, 10, 20]}}"}
{"op_code":8,"worker_id":"f959fc9e-6564-4713-bc97-cf94a2bd32ad-8316722560","trial_id":72,"user_attr":{"tag":"c896365f92f4d"}}
{"op_code":8,"worker_id":"f959fc9e-6564-4713-bc97-cf94a2bd32ad-8316722560","trial_id":72,"user_attr":{"overrides":{"lr":0.0002593677440417483,"hidden":64,"clone_batch":128,"clone_weight_decay":0.0001,"clone_class_power":0.021736466378172087,"clone_label_smoothing":0.1,"clone_patience":20}}}
{"op_code":4,"worker_id":"f959fc9e-6564-4713-bc97-cf94a2bd32ad-8316722560","study_id":0,"datetime_start":"2026-10-08T03:40:28.488566"}
{"op_code":9,"worker_id":"f959fc9e-6564-4713-bc97-cf94a2bd32ad-8316722560","trial_id":73,"system_attr":{"tpe:relative_params:0":"{\"clone_batch\": 256, \"clone_class_power\": 0.2742951250922721, \"clone_label_smoothing\": 0.1, \"clone_patience\": 20, \"clone_weight_decay\": 0.0001, \"hidden\": 256, \"lr\": 0.00124634500315656}"}}
{"op_code":5,"worker_id":"f959fc9e-6564-4713-bc97-cf94a2bd32ad-8316722560","trial_id":73,"param_name":"lr","param_value_internal":0.00124634500315656,"distribution":"{\"name\": \"FloatDistribution\", \"attributes\": {\"step\": null, \"low\": 0.0001, \"high\": 0.01, \"log\": true}}"}
{"op_code":5,"worker_id":"f959fc9e-6564-4713-bc97-cf94a2bd32ad-8316722560","trial_id":73,"param_name":"hidden","param_value_internal":2,"distribution":"{\"name\": \"CategoricalDistribution\", \"attributes\": {\"choices\": [64, 128, 256]}}"}
{"op_code":5,"worker_id":"f959fc9e-6564-4713-bc97-cf94a2bd32ad-8316722560","trial_id":73,"param_name":"clone_batch","param_value_internal":1,"distribution":"{\"name\": \"CategoricalDistribution\", \"attributes\": {\"choices\": [128, 256, 512, 1024, 2048]}}"}
{"op_code":5,"worker_id":"f959fc9e-6564-4713-bc97-cf94a2bd32ad-8316722560","trial_id":73,"param_name":"clone_weight_decay","param_value_internal":3,"distribution":"{\"name\": \"CategoricalDistribution\", \"attributes\": {\"choices\": [0.0, 1e-06, 1e-05, 0.0001, 0.001]}}"}
{"op_code":5,"worker_id":"f959fc9e-6564-4713-bc97-cf94a2bd32ad-8316722560","trial_id":73,"param_name":"clone_class_power","param_value_internal":0.2742951250922721,"distribution":"{\"name\": \"FloatDistribution\", \"attributes\": {\"step\": null, \"low\": 0.0, \"high\": 1.0, \"log\": false}}"}
{"op_code":5,"worker_id":"f959fc9e-6564-4713-bc97-cf94a2bd32ad-8316722560","trial_id":73,"param_name":"clone_label_smoothing","param_value_internal":2,"distribution":"{\"name\": \"CategoricalDistribution\", \"attributes\": {\"choices\": [0.0, 0.05, 0.1]}}"}
{"op_code":5,"worker_id":"f959fc9e-6564-4713-bc97-cf94a2bd32ad-8316722560","trial_id":73,"param_name":"clone_patience","param_value_internal":2,"distribution":"{\"name\": \"CategoricalDistribution\", \"attributes\": {\"choices\": [5, 10, 20]}}"}
{"op_code":8,"worker_id":"f959fc9e-6564-4713-bc97-cf94a2bd32ad-8316722560","trial_id":73,"user_attr":{"tag":"cc2ce621ce949"}}
{"op_code":8,"worker_id":"f959fc9e-6564-4713-bc97-cf94a2bd32ad-8316722560","trial_id":73,"user_attr":{"overrides":{"lr":0.00124634500315656,"hidden":256,"clone_batch":256,"clone_weight_decay":0.0001,"clone_class_power":0.2742951250922721,"clone_label_smoothing":0.1,"clone_patience":20}}}
{"op_code":4,"worker_id":"f959fc9e-6564-4713-bc97-cf94a2bd32ad-8316722560","study_id":0,"datetime_start":"2026-10-08T03:40:28.494117"}
{"op_code":9,"worker_id":"f959fc9e-6564-4713-bc97-cf94a2bd32ad-8316722560","trial_id":74,"system_attr":{"tpe:relative_params:0":"{\"clone_batch\": 256, \"clone_class_power\": 0.6242534344225205, \"clone_label_smoothing\": 0.1, \"clone_patience\": 5, \"clone_weight_decay\": 0.001, \"hidden\": 128, \"lr\": 0.0012982086653001202}"}}
{"op_code":5,"worker_id":"f959fc9e-6564-4713-bc97-cf94a2bd32ad-8316722560","trial_id":74,"param_name":"lr","param_value_internal":0.0012982086653001202,"distribution":"{\"name\": \"FloatDistribution\", \"attributes\": {\"step\": null, \"low\": 0.0001, \"high\": 0.01, \"log\": true}}"}
{"op_code":5,"worker_id":"f959fc9e-6564-4713-bc97-cf94a2bd32ad-8316722560","trial_id":74,"param_name":"hidden","param_value_internal":1,"distribution":"{\"name\": \"CategoricalDistribution\", \"attributes\": {\"choices\": [64, 128, 256]}}"}
{"op_code":5,"worker_id":"f959fc9e-6564-4713-bc97-cf94a2bd32ad-8316722560","trial_id":74,"param_name":"clone_batch","param_value_internal":1,"distribution":"{\"name\": \"CategoricalDistribution\", \"attributes\": {\"choices\": [128, 256, 512, 1024, 2048]}}"}
{"op_code":5,"worker_id":"f959fc9e-6564-4713-bc97-cf94a2bd32ad-8316722560","trial_id":74,"param_name":"clone_weight_decay","param_value_internal":4,"distribution":"{\"name\": \"CategoricalDistribution\", \"attributes\": {\"choices\": [0.0, 1e-06, 1e-05, 0.0001, 0.001]}}"}
{"op_code":5,"worker_id":"f959fc9e-6564-4713-bc97-cf94a2bd32ad-8316722560","trial_id":74,"param_name":"clone_class_power","param_value_internal":0.6242534344225205,"distribution":"{\"name\": \"FloatDistribution\", \"attributes\": {\"step\": null, \"low\": 0.0, \"high\": 1.0, \"log\": false}}"}
{"op_code":5,"worker_id":"f959fc9e-6564-4713-bc97-cf94a2bd32ad-8316722560","trial_id":74,"param_name":"clone_label_smoothing","param_value_internal":2,"distribution":"{\"name\": \"CategoricalDistribution\", \"attributes\": {\"choices\": [0.0, 0.05, 0.1]}}"}
{"op_code":5,"worker_id":"f959fc9e-6564-4713-bc97-cf94a2bd32ad-8316722560","trial_id":74,"param_name":"clone_patience","param_value_internal":0,"distribution":"{\"name\": \"CategoricalDistribution\", \"attributes\": {\"choices\": [5, 10, 20]}}"}
{"op_code":8,"worker_id":"f959fc9e-6564-4713-bc97-cf94a2bd32ad-8316722560","trial_id":74,"user_attr":{"tag":"ca74b5626e5f2"}}
{"op_code":8,"worker_id":"f959fc9e-6564-4713-bc97-cf94a2bd32ad-8316722560","trial_id":74,"user_attr":{"overrides":{"lr":0.0012982086653001202,"hidden":128,"clone_batch":256,"clone_weight_decay":0.001,"clone_class_power":0.6242534344225205,"clone_label_smoothing":0.1,"clone_patience":5}}}
{"op_code":4,"worker_id":"f959fc9e-6564-4713-bc97-cf94a2bd32ad-8316722560","study_id":0,"datetime_start":"2026-10-08T03:40:28.499935"}
{"op_code":9,"worker_id":"f959fc9e-6564-4713-bc97-cf94a2bd32ad-8316722560","trial_id":75,"system_attr":{"tpe:relative_params:0":"{\"clone_batch\": 256, \"clone_class_power\": 0.26566388133598173, \"clone_label_smoothing\": 0.1, \"clone_patience\": 20, \"clone_weight_decay\": 0.001, \"hidden\": 128, \"lr\": 0.0005167742169612859}"}}
{"op_code":5,"worker_id":"f959fc9e-6564-4713-bc97-cf94a2bd32ad-8316722560","trial_id":75,"param_name":"lr","param_value_internal":0.0005167742169612859,"distribution":"{\"name\": \"FloatDistribution\", \"attributes\": {\"step\": null, \"low\": 0.0001, \"high\": 0.01, \"log\": true}}"}
{"op_code":5,"worker_id":"f959fc9e-6564-4713-bc97-cf94a2bd32ad-8316722560","trial_id":75,"param_name":"hidden","param_value_internal":1,"distribution":"{\"name\": \"CategoricalDistribution\", \"attributes\": {\"choices\": [64, 128, 256]}}"}
{"op_code":5,"worker_id":"f959fc9e-6564-4713-bc97-cf94a2bd32ad-8316722560","trial_id":75,"param_name":"clone_batch","param_value_internal":1,"distribution":"{\"name\": \"CategoricalDistribution\", \"attributes\": {\"choices\": [128, 256, 512, 1024, 2048]}}"}
{"op_code":5,"worker_id":"f959fc9e-6564-4713-bc97-cf94a2bd32ad-8316722560","trial_id":75,"param_name":"clone_weight_decay","param_value_internal":4,"distribution":"{\"name\": \"CategoricalDistribution\", \"attributes\": {\"choices\": [0.0, 1e-06, 1e-05, 0.0001, 0.001]}}"}
{"op_code":5,"worker_id":"f959fc9e-6564-4713-bc97-cf94a2bd32ad-8316722560","trial_id":75,"param_name":"clone_class_power","param_value_internal":0.26566388133598173,"distribution":"{\"name\": \"FloatDistribution\", \"attributes\": {\"step\": null, \"low\": 0.0, \"high\": 1.0, \"log\": false}}"}
{"op_code":5,"worker_id":"f959fc9e-6564-4713-bc97-cf94a2bd32ad-8316722560","trial_id":75,"param_name":"clone_label_smoothing","param_value_internal":2,"distribution":"{\"name\": \"CategoricalDistribution\", \"attributes\": {\"choices\": [0.0, 0.05, 0.1]}}"}
{"op_code":5,"worker_id":"f959fc9e-6564-4713-bc97-cf94a2bd32ad-8316722560","trial_id":75,"param_name":"clone_patience","param_value_internal":2,"distribution":"{\"name\": \"CategoricalDistribution\", \"attributes\": {\"choices\": [5, 10, 20]}}"}
{"op_code":8,"worker_id":"f959fc9e-6564-4713-bc97-cf94a2bd32ad-8316722560","trial_id":75,"user_attr":{"tag":"c5a250e6fdfac"}}
{"op_code":8,"worker_id":"f959fc9e-6564-4713-bc97-cf94a2bd32ad-8316722560","trial_id":75,"user_attr":{"overrides":{"lr":0.0005167742169612859,"hidden":128,"clone_batch":256,"clone_weight_decay":0.001,"clone_class_power":0.26566388133598173,"clone_label_smoothing":0.1,"clone_patience":20}}}
{"op_code":4,"worker_id":"f959fc9e-6564-4713-bc97-cf94a2bd32ad-8316722560","study_id":0,"datetime_start":"2026-10-08T03:40:28.504992"}
{"op_code":9,"worker_id":"f959fc9e-6564-4713-bc97-cf94a2bd32ad-8316722560","trial_id":76,"system_attr":{"tpe:relative_params:0":"{\"clone_batch\": 2048, \"clone_class_power\": 0.17053763112433165, \"clone_label_smoothing\": 0.1, \"clone_patience\": 5, \"clone_weight_decay\": 0.001, \"hidden\": 128, \"lr\": 0.00460851962778905}"}}
{"op_code":5,"worker_id":"f959fc9e-6564-4713-bc97-cf94a2bd32ad-8316722560","trial_id":76,"param_name":"lr","param_value_internal":0.00460851962778905,"distribution":"{\"name\": \"FloatDistribution\", \"attributes\": {\"step\": null, \"low\": 0.0001, \"high\": 0.01, \"log\": true}}"}
{"op_code":5,"worker_id":"f959fc9e-6564-4713-bc97-cf94a2bd32ad-8316722560","trial_id":76,"param_name":"hidden","param_value_internal":1,"distribution":"{\"name\": \"CategoricalDistribution\", \"attributes\": {\"choices\": [64, 128, 256]}}"}
{"op_code":5,"worker_id":"f959fc9e-6564-4713-bc97-cf94a2bd32ad-8316722560","trial_id":76,"param_name":"clone_batch","param_value_internal":4,"distribution":"{\"name\": \"CategoricalDistribution\", \"attributes\": {\"choices\": [128, 256, 512, 1024, 2048]}}"}
{"op_code":5,"worker_id":"f959fc9e-6564-4713-bc97-cf94a2bd32ad-8316722560","trial_id":76,"param_name":"clone_weight_decay","param_value_internal":4,"distribution":"{\"name\": \"CategoricalDistribution\", \"attributes\": {\"choices\": [0.0, 1e-06, 1e-05, 0.0001, 0.001]}}"}
{"op_code":5,"worker_id":"f959fc9e-6564-4713-bc97-cf94a2bd32ad-8316722560","trial_id":76,"param_name":"clone_class_power","param_value_internal":0.17053763112433165,"distribution":"{\"name\": \"FloatDistribution\", \"attributes\": {\"step\": null, \"low\": 0.0, \"high\": 1.0, \"log\": false}}"}
{"op_code":5,"worker_id":"f959fc9e-6564-4713-bc97-cf94a2bd32ad-8316722560","trial_id":76,"param_name":"clone_label_smoothing","param_value_internal":2,"distribution":"{\"name\": \"CategoricalDistribution\", \"attributes\": {\"choices\": [0.0, 0.05, 0.1]}}"}
{"op_code":5,"worker_id":"f959fc9e-6564-4713-bc97-cf94a2bd32ad-8316722560","trial_id":76,"param_name":"clone_patience","param_value_internal":0,"distribution":"{\"name\": \"CategoricalDistribution\", \"attributes\": {\"choices\": [5, 10, 20]}}"}
{"op_code":8,"worker_id":"f959fc9e-6564-4713-bc97-cf94a2bd32ad-8316722560","trial_id":76,"user_attr":{"tag":"c10a178c49e84"}}
{"op_code":8,"worker_id":"f959fc9e-6564-4713-bc97-cf94a2bd32ad-8316722560","trial_id":76,"user_attr":{"overrides":{"lr":0.00460851962778905,"hidden":128,"clone_batch":2048,"clone_weight_decay":0.001,"clone_class_power":0.17053763112433165,"clone_label_smoothing":0.1,"clone_patience":5}}}
{"op_code":4,"worker_id":"f959fc9e-6564-4713-bc97-cf94a2bd32ad-8316722560","study_id":0,"datetime_start":"2026-10-08T03:40:28.510305"}
{"op_code":9,"worker_id":"f959fc9e-6564-4713-bc97-cf94a2bd32ad-8316722560","trial_id":77,"system_attr":{"tpe:relative_params:0":"{\"clone_batch\": 256, \"clone_class_power\": 0.309124839104729, \"clone_label_smoothing\": 0.1, \"clone_patience\": 5, \"clone_weight_decay\": 1e-06, \"hidden\": 128, \"lr\": 0.000376842395093}"}}
{"op_code":5,"worker_id":"f959fc9e-6564-4713-bc97-cf94a2bd32ad-8316722560","trial_id":77,"param_name":"lr","param_value_internal":0.000376842395093,"distribution":"{\"name\": \"FloatDistribution\", \"attributes\": {\"step\": null, \"low\": 0.0001, \"high\": 0.01, \"log\": true}}"}
{"op_code":5,"worker_id":"f959fc9e-6564-4713-bc97-cf94a2bd32ad-8316722560","trial_id":77,"param_name":"hidden","param_value_internal":1,"distribution":"{\"name\": \"CategoricalDistribution\", \"attributes\": {\"choices\": [64, 128, 256]}}"}
{"op_code":5,"worker_id":"f959fc9e-6564-4713-bc97-cf94a2bd32ad-8316722560","trial_id":77,"param_name":"clone_batch","param_value_internal":1,"distribution":"{\"name\": \"CategoricalDistribution\", \"attributes\": {\"choices\": [128, 256, 512, 1024, 2048]}}"}
{"op_code":5,"worker_id":"f959fc9e-6564-4713-bc97-cf94a2bd32ad-8316722560","trial_id":77,"param_name":"clone_weight_decay","param_value_internal":1,"distribution":"{\"name\": \"CategoricalDistribution\", \"attributes\": {\"choices\": [0.0, 1e-06, 1e-05, 0.0001, 0.001]}}"}
{"op_code":5,"worker_id":"f959fc9e-6564-4713-bc97-cf94a2bd32ad-8316722560","trial_id":77,"param_name":"clone_class_power","param_value_internal":0.309124839104729,"distribution":"{\"name\": \"FloatDistribution\", \"attributes\": {\"step\": null, \"low\": 0.0, \"high\": 1.0, \"log\": false}}"}
{"op_code":5,"worker_id":"f959fc9e-6564-4713-bc97-cf94a2bd32ad-8316722560","trial_id":77,"param_name":"clone_label_smoothing","param_value_internal":2,"distribution":"{\"name\": \"CategoricalDistribution\", \"attributes\": {\"choices\": [0.0, 0.05, 0.1]}}"}
{"op_code":5,"worker_id":"f959fc9e-6564-4713-bc97-cf94a2bd32ad-8316722560","trial_id":77,"param_name":"clone_patience","param_value_internal":0,"distribution":"{\"name\": \"CategoricalDistribution\", \"attributes\": {\"choices\": [5, 10, 20]}}"}
{"op_code":8,"worker_id":"f959fc9e-6564-4713-bc97-cf94a2bd32ad-8316722560","trial_id":77,"user_attr":{"tag":"ce1c6f06cd937"}}
{"op_code":8,"worker_id":"f959fc9e-6564-4713-bc97-cf94a2bd32ad-8316722560","trial_id":77,"user_attr":{"overrides":{"lr":0.000376842395093,"hidden":128,"clone_batch":256,"clone_weight_decay":1e-06,"clone_class_power":0.309124839104729,"clone_label_smoothing":0.1,"clone_patience":5}}}
{"op_code":4,"worker_id":"f959fc9e-6564-4713-bc97-cf94a2bd32ad-8316722560","study_id":0,"datetime_start":"2026-10-08T03:40:28.515515"}
{"op_code":9,"worker_id":"f959fc9e-6564-4713-bc97-cf94a2bd32ad-8316722560","trial_id":78,"system_attr":{"tpe:relative_params:0":"{\"clone_batch\": 128, \"clone_class_power\": 0.5696168256186463, \"clone_label_smoothing\": 0.1, \"clone_patience\": 20, \"clone_weight_decay\": 0.0001, \"hidden\": 64, \"lr\": 0.0008539658281764895}"}}
{"op_code":5,"worker_id":"f959fc9e-6564-4713-bc97-cf94a2bd32ad-8316722560","trial_id":78,"param_name":"lr","param_value_internal":0.0008539658281764895,"distribution":"{\"name\": \"FloatDistribution\", \"attributes\": {\"step\": null, \"low\": 0.0001, \"high\": 0.01, \"log\": true}}"}
{"op_code":5,"worker_id":"f959fc9e-6564-4713-bc97-cf94a2bd32ad-8316722560","trial_id":78,"param_name":"hidden","param_value_internal":0,"distribution":"{\"name\": \"CategoricalDistribution\", \"attributes\": {\"choices\": [64, 128, 256]}}"}
{"op_code":5,"worker_id":"f959fc9e-6564-4713-bc97-cf94a2bd32ad-8316722560","trial_id":78,"param_name":"clone_batch","param_value_internal":0,"distribution":"{\"name\": \"CategoricalDistribution\", \"attributes\": {\"choices\": [128, 256, 512, 1024, 2048]}}"}
{"op_code":5,"worker_id":"f959fc9e-6564-4713-bc97-cf94a2bd32ad-8316722560","trial_id":78,"param_name":"clone_weight_decay","param_value_internal":3,"distribution":"{\"name\": \"CategoricalDistribution\", \"attributes\": {\"choices\": [0.0, 1e-06, 1e-05, 0.0001, 0.001]}}"}
{"op_code":5,"worker_id":"f959fc9e-6564-4713-bc97-cf94a2bd32ad-8316722560","trial_id":78,"param_name":"clone_class_power","param_value_internal":0.5696168256186463,"distribution":"{\"name\": \"FloatDistribution\", \"attributes\": {\"step\": null, \"low\": 0.0, \"high\": 1.0, \"log\": false}}"}
{"op_code":5,"worker_id":"f959fc9e-6564-4713-bc97-cf94a2bd32ad-8316722560","trial_id":78,"param_name":"clone_label_smoothing","param_value_internal":2,"distribution":"{\"name\": \"CategoricalDistribution\", \"attributes\": {\"choices\": [0.0, 0.05, 0.1]}}"}
{"op_code":5,"worker_id":"f959fc9e-6564-4713-bc97-cf94a2bd32ad-8316722560","trial_id":78,"param_name":"clone_patience","param_value_internal":2,"distribution":"{\"name\": \"CategoricalDistribution\", \"attributes\": {\"choices\": [5, 10, 20]}}"}
{"op_code":8,"worker_id":"f959fc9e-6564-4713-bc97-cf94a2bd32ad-8316722560","trial_id":78,"user_attr":{"tag":"c13e4a5400885"}}
{"op_code":8,"worker_id":"f959fc9e-6564-4713-bc97-cf94a2bd32ad-8316722560","trial_id":78,"user_attr":{"overrides":{"lr":0.0008539658281764895,"hidden":64,"clone_batch":128,"clone_weight_decay":0.0001,"clone_class_power":0.5696168256186463,"clone_label_smoothing":0.1,"clone_patience":20}}}
{"op_code":4,"worker_id":"f959fc9e-6564-4713-bc97-cf94a2bd32ad-8316722560","study_id":0,"datetime_start":"2026-10-08T03:40:28.520637"}
{"op_code":9,"worker_id":"f959fc9e-6564-4713-bc97-cf94a2bd32ad-8316722560","trial_id":79,"system_attr":{"tpe:relative_params:0":"{\"clone_batch\": 128, \"clone_class_power\": 0.3295981961584211, \"clone_label_smoothing\": 0.1, \"clone_patience\": 20, \"clone_weight_decay\": 0.001, \"hidden\": 64, \"lr\": 0.000597949132775687}"}}
{"op_code":5,"worker_id":"f959fc9e-6564-4713-bc97-cf94a2bd32ad-8316722560","trial_id":79,"param_name":"lr","param_value_internal":0.000597949132775687,"distribution":"{\"name\": \"FloatDistribution\", \"attributes\": {\"step\": null, \"low\": 0.0001, \"high\": 0.01, \"log\": true}}"}
{"op_code":5,"worker_id":"f959fc9e-6564-4713-bc97-cf94a2bd32ad-8316722560","trial_id":79,"param_name":"hidden","param_value_internal":0,"distribution":"{\"name\": \"CategoricalDistribution\", \"attributes\": {\"choices\": [64, 128, 256]}}"}
{"op_code":5,"worker_id":"f959fc9e-6564-4713-bc97-cf94a2bd32ad-8316722560","trial_id":79,"param_name":"clone_batch","param_value_internal":0,"distribution":"{\"name\": \"CategoricalDistribution\", \"attributes\": {\"choices\": [128, 256, 512, 1024, 2048]}}"}
{"op_code":5,"worker_id":"f959fc9e-6564-4713-bc97-cf94a2bd32ad-8316722560","trial_id":79,"param_name":"clone_weight_decay","param_value_internal":4,"distribution":"{\"name\": \"CategoricalDistribution\", \"attributes\": {\"choices\": [0.0, 1e-06, 1e-05, 0.0001, 0.001]}}"}
{"op_code":5,"worker_id":"f959fc9e-6564-4713-bc97-cf94a2bd32ad-8316722560","trial_id":79,"param_name":"clone_class_power","param_value_internal":0.3295981961584211,"distribution":"{\"name\": \"FloatDistribution\", \"attributes\": {\"step\": null, \"low\": 0.0, \"high\": 1.0, \"log\": false}}"}
{"op_code":5,"worker_id":"f959fc9e-6564-4713-bc97-cf94a2bd32ad-8316722560","trial_id":79,"param_name":"clone_label_smoothing","param_value_internal":2,"distribution":"{\"name\": \"CategoricalDistribution\", \"attributes\": {\"choices\": [0.0, 0.05, 0.1]}}"}
{"op_code":5,"worker_id":"f959fc9e-6564-4713-bc97-cf94a2bd32ad-8316722560","trial_id":79,"param_name":"clone_patience","param_value_internal":2,"distribution":"{\"name\": \"CategoricalDistribution\", \"attributes\": {\"choices\": [5, 10, 20]}}"}
{"op_code":8,"worker_id":"f959fc9e-6564-4713-bc97-cf94a2bd32ad-8316722560","trial_id":79,"user_attr":{"tag":"c24d6336a7c7c"}}
{"op_code":8,"worker_id":"f959fc9e-6564-4713-bc97-cf94a2bd32ad-8316722560","trial_id":79,"user_attr":{"overrides":{"lr":0.000597949132775687,"hidden":64,"clone_batch":128,"clone_weight_decay":0.001,"clone_class_power":0.3295981961584211,"clone_label_smoothing":0.1,"clone_patience":20}}}
{"op_code":4,"worker_id":"f959fc9e-6564-4713-bc97-cf94a2bd32ad-8316722560","study_id":0,"datetime_start":"2026-10-08T03:40:28.525703"}
{"op_code":9,"worker_id":"f959fc9e-6564-4713-bc97-cf94a2bd32ad-8316722560","trial_id":80,"system_attr":{"tpe:relative_params:0":"{\"clone_batch\": 512, \"clone_class_power\": 0.06642387577420297, \"clone_label_smoothing\": 0.1, \"clone_patience\": 5, \"clone_weight_decay\": 0.001, \"hidden\": 128, \"lr\": 0.0002754097268784794}"}}
{"op_code":5,"worker_id":"f959fc9e-6564-4713-bc97-cf94a2bd32ad-8316722560","trial_id":80,"param_name":"lr","param_value_internal":0.0002754097268784794,"distribution":"{\"name\": \"FloatDistribution\", \"attributes\": {\"step\": null, \"low\": 0.0001, \"high\": 0.01, \"log\": true}}"}
{"op_code":5,"worker_id":"f959fc9e-6564-4713-bc97-cf94a2bd32ad-8316722560","trial_id":80,"param_name":"hidden","param_value_internal":1,"distribution":"{\"name\": \"CategoricalDistribution\", \"attributes\": {\"choices\": [64, 128, 256]}}"}
{"op_code":5,"worker_id":"f959fc9e-6564-4713-bc97-cf94a2bd32ad-8316722560","trial_id":80,"param_name":"clone_batch","param_value_internal":2,"distribution":"{\"name\": \"CategoricalDistribution\", \"attributes\": {\"choices\": [128, 256, 512, 1024, 2048]}}"}
{"op_code":5,"worker_id":"f959fc9e-6564-4713-bc97-cf94a2bd32ad-8316722560","trial_id":80,"param_name":"clone_weight_decay","param_value_internal":4,"distribution":"{\"name\": \"CategoricalDistribution\", \"attributes\": {\"choices\": [0.0, 1e-06, 1e-05, 0.0001, 0.001]}}"}
{"op_code":5,"worker_id":"f959fc9e-6564-4713-bc97-cf94a2bd32ad-8316722560","trial_id":80,"param_name":"clone_class_power","param_value_internal":0.06642387577420297,"distribution":"{\"name\": \"FloatDistribution\", \"attributes\": {\"step\": null, \"low\": 0.0, \"high\": 1.0, \"log\": false}}"}
{"op_code":5,"worker_id":"f959fc9e-6564-4713-bc97-cf94a2bd32ad-8316722560","trial_id":80,"param_name":"clone_label_smoothing","param_value_internal":2,"distribution":"{\"name\": \"CategoricalDistribution\", \"attributes\": {\"choices\": [0.0, 0.05, 0.1]}}"}
{"op_code":5,"worker_id":"f959fc9e-6564-4713-bc97-cf94a2bd32ad-8316722560","trial_id":80,"param_name":"clone_patience","param_value_internal":0,"distribution":"{\"name\": \"CategoricalDistribution\", \"attributes\": {\"choices\": [5, 10, 20]}}"}
{"op_code":8,"worker_id":"f959fc9e-6564-4713-bc97-cf94a2bd32ad-8316722560","trial_id":80,"user_attr":{"tag":"c600d72a46d9d"}}
{"op_code":8,"worker_id":"f959fc9e-6564-4713-bc97-cf94a2bd32ad-8316722560","trial_id":80,"user_attr":{"overrides":{"lr":0.0002754097268784794,"hidden":128,"clone_batch":512,"clone_weight_decay":0.001,"clone_class_power":0.06642387577420297,"clone_label_smoothing":0.1,"clone_patience":5}}}
{"op_code":4,"worker_id":"f959fc9e-6564-4713-bc97-cf94a2bd32ad-8316722560","study_id":0,"datetime_start":"2026-10-08T03:40:28.530650"}
{"op_code":9,"worker_id":"f959fc9e-6564-4713-bc97-cf94a2bd32ad-8316722560","trial_id":81,"system_attr":{"tpe:relative_params:0":"{\"clone_batch\": 512, \"clone_class_power\": 0.19024186027023288, \"clone_label_smoothing\": 0.1, \"clone_patience\": 5, \"clone_weight_decay\": 0.0001, \"hidden\": 64, \"lr\": 0.0005635307451639981}"}}
{"op_code":5,"worker_id":"f959fc9e-6564-4713-bc97-cf94a2bd32ad-8316722560","trial_id":81,"param_name":"lr","param_value_internal":0.0005635307451639981,"distribution":"{\"name\": \"FloatDistribution\", \"attributes\": {\"step\": null, \"low\": 0.0001, \"high\": 0.01, \"log\": true}}"}
{"op_code":5,"worker_id":"f959fc9e-6564-4713-bc97-cf94a2bd32ad-8316722560","trial_id":81,"param_name":"hidden","param_value_internal":0,"distribution":"{\"name\": \"CategoricalDistribution\", \"attributes\": {\"choices\": [64, 128, 256]}}"}
{"op_code":5,"worker_id":"f959fc9e-6564-4713-bc97-cf94a2bd32ad-8316722560","trial_id":81,"param_name":"clone_batch","param_value_internal":2,"distribution":"{\"name\": \"CategoricalDistribution\", \"attributes\": {\"choices\": [128, 256, 512, 1024, 2048]}}"}
{"op_code":5,"worker_id":"f959fc9e-6564-4713-bc97-cf94a2bd32ad-8316722560","trial_id":81,"param_name":"clone_weight_decay","param_value_internal":3,"distribution":"{\"name\": \"CategoricalDistribution\", \"attributes\": {\"choices\": [0.0, 1e-06, 1e-05, 0.0001, 0.001]}}"}
{"op_code":5,"worker_id":"f959fc9e-6564-4713-bc97-cf94a2bd32ad-8316722560","trial_id":81,"param_name":"clone_class_power","param_value_internal":0.19024186027023288,"distribution":"{\"name\": \"FloatDistribution\", \"attributes\": {\"step\": null, \"low\": 0.0, \"high\": 1.0, \"log\": false}}"}
{"op_code":5,"worker_id":"f959fc9e-6564-4713-bc97-cf94a2bd32ad-8316722560","trial_id":81,"param_name":"clone_label_smoothing","param_value_internal":2,"distribution":"{\"name\": \"CategoricalDistribution\", \"attributes\": {\"choices\": [0.0, 0.05, 0.1]}}"}
{"op_code":5,"worker_id":"f959fc9e-6564-4713-bc97-cf94a2bd32ad-8316722560","trial_id":81,"param_name":"clone_patience","param_value_internal":0,"distribution":"{\"name\": \"CategoricalDistribution\", \"attributes\": {\"choices\": [5, 10, 20]}}"}
{"op_code":8,"worker_id":"f959fc9e-6564-4713-bc97-cf94a2bd32ad-8316722560","trial_id":81,"user_attr":{"tag":"c06e7477b92db"}}
{"op_code":8,"worker_id":"f959fc9e-6564-4713-bc97-cf94a2bd32ad-8316722560","trial_id":81,"user_attr":{"overrides":{"lr":0.0005635307451639981,"hidden":64,"clone_batch":512,"clone_weight_decay":0.0001,"clone_class_power":0.19024186027023288,"clone_label_smoothing":0.1,"clone_patience":5}}}
{"op_code":4,"worker_id":"f959fc9e-6564-4713-bc97-cf94a2bd32ad-8316722560","study_id":0,"datetime_start":"2026-10-08T03:40:28.536417"}
{"op_code":9,"worker_id":"f959fc9e-6564-4713-bc97-cf94a2bd32ad-8316722560","trial_id":82,"system_attr":{"tpe:relative_params:0":"{\"clone_batch\": 512, \"clone_class_power\": 0.3841479085023251, \"clone_label_smoothing\": 0.05, \"clone_patience\": 5, \"clone_weight_decay\": 1e-06, \"hidden\": 64, \"lr\": 0.001445033411849916}"}}
{"op_code":5,"worker_id":"f959fc9e-6564-4713-bc97-cf94a2bd32ad-8316722560","trial_id":82,"param_name":"lr","param_value_internal":0.001445033411849916,"distribution":"{\"name\": \"FloatDistribution\", \"attributes\": {\"step\": null, \"low\": 0.0001, \"high\": 0.01, \"log\": true}}"}
{"op_code":5,"worker_id":"f959fc9e-6564-4713-bc97-cf94a2bd32ad-8316722560","trial_id":82,"param_name":"hidden","param_value_internal":0,"distribution":"{\"name\": \"CategoricalDistribution\", \"attributes\": {\"choices\": [64, 128, 256]}}"}
{"op_code":5,"worker_id":"f959fc9e-6564-4713-bc97-cf94a2bd32ad-8316722560","trial_id":82,"param_name":"clone_batch","param_value_internal":2,"distribution":"{\"name\": \"CategoricalDistribution\", \"attributes\": {\"choices\": [128, 256, 512, 1024, 2048]}}"}
{"op_code":5,"worker_id":"f959fc9e-6564-4713-bc97-cf94a2bd32ad-8316722560","trial_id":82,"param_name":"clone_weight_decay","param_value_internal":1,"distribution":"{\"name\": \"CategoricalDistribution\", \"attributes\": {\"choices\": [0.0, 1e-06, 1e-05, 0.0001, 0.001]}}"}
{"op_code":5,"worker_id":"f959fc9e-6564-4713-bc97-cf94a2bd32ad-8316722560","trial_id":82,"param_name":"clone_class_power","param_value_internal":0.3841479085023251,"distribution":"{\"name\": \"FloatDistribution\", \"attributes\": {\"step\": null, \"low\": 0.0, \"high\": 1.0, \"log\": false}}"}
{"op_code":5,"worker_id":"f959fc9e-6564-4713-bc97-cf94a2bd32ad-8316722560","trial_id":82,"param_name":"clone_label_smoothing","param_value_internal":1,"distribution":"{\"name\": \"CategoricalDistribution\", \"attributes\": {\"choices\": [0.0, 0.05, 0.1]}}"}
{"op_code":5,"worker_id":"f959fc9e-6564-4713-bc97-cf94a2bd32ad-8316722560","trial_id":82,"param_name":"clone_patience","param_value_internal":0,"distribution":"{\"name\": \"CategoricalDistribution\", \"attributes\": {\"choices\": [5, 10, 20]}}"}
{"op_code":8,"worker_id":"f959fc9e-6564-4713-bc97-cf94a2bd32ad-8316722560","trial_id":82,"user_attr":{"tag":"c54c042efe5e3"}}
{"op_code":8,"worker_id":"f959fc9e-6564-4713-bc97-cf94a2bd32ad-8316722560","trial_id":82,"user_attr":{"overrides":{"lr":0.001445033411849916,"hidden":64,"clone_batch":512,"clone_weight_decay":1e-06,"clone_class_power":0.3841479085023251,"clone_label_smoothing":0.05,"clone_patience":5}}}
{"op_code":4,"worker_id":"f959fc9e-6564-4713-bc97-cf94a2bd32ad-8316722560","study_id":0,"datetime_start":"2026-10-08T03:40:28.549945"}
{"op_code":9,"worker_id":"f959fc9e-6564-4713-bc97-cf94a2bd32ad-8316722560","trial_id":83,"system_attr":{"tpe:relative_params:0":"{\"clone_batch\": 256, \"clone_class_power\": 0.12587011817785126, \"clone_label_smoothing\": 0.0, \"clone_patience\": 5, \"clone_weight_decay\": 0.001, \"hidden\": 128, \"lr\": 0.000876544510759949}"}}
{"op_code":5,"worker_id":"f959fc9e-6564-4713-bc97-cf94a2bd32ad-8316722560","trial_id":83,"param_name":"lr","param_value_internal":0.000876544510759949,"distribution":"{\"name\": \"FloatDistribution\", \"attributes\": {\"step\": null, \"low\": 0.0001, \"high\": 0.01, \"log\": true}}"}
{"op_code":5,"worker_id":"f959fc9e-6564-4713-bc97-cf94a2bd32ad-8316722560","trial_id":83,"param_name":"hidden","param_value_internal":1,"distribution":"{\"name\": \"CategoricalDistribution\", \"attributes\": {\"choices\": [64, 128, 256]}}"}
{"op_code":5,"worker_id":"f959fc9e-6564-4713-bc97-cf94a2bd32ad-8316722560","trial_id":83,"param_name":"clone_batch","param_value_internal":1,"distribution":"{\"name\": \"CategoricalDistribution\", \"attributes\": {\"choices\": [128, 256, 512, 1024, 2048]}}"}
{"op_code":5,"worker_id":"f959fc9e-6564-4713-bc97-cf94a2bd32ad-8316722560","trial_id":83,"param_name":"clone_weight_decay","param_value_internal":4,"distribution":"{\"name\": \"CategoricalDistribution\", \"attributes\": {\"choices\": [0.0, 1e-06, 1e-05, 0.0001, 0.001]}}"}
{"op_code":5,"worker_id":"f959fc9e-6564-4713-bc97-cf94a2bd32ad-8316722560","trial_id":83,"param_name":"clone_class_power","param_value_internal":0.12587011817785126,"distribution":"{\"name\": \"FloatDistribution\", \"attributes\": {\"step\": null, \"low\": 0.0, \"high\": 1.0, \"log\": false}}"}
{"op_code":5,"worker_id":"f959fc9e-6564-4713-bc97-cf94a2bd32ad-8316722560","trial_id":83,"param_name":"clone_label_smoothing","param_value_internal":0,"distribution":"{\"name\": \"CategoricalDistribution\", \"attributes\": {\"choices\": [0.0, 0.05, 0.1]}}"}
{"op_code":5,"worker_id":"f959fc9e-6564-4713-bc97-cf94a2bd32ad-8316722560","trial_id":83,"param_name":"clone_patience","param_value_internal":0,"distribution":"{\"name\": \"CategoricalDistribution\", \"attributes\": {\"choices\": [5, 10, 20]}}"}
{"op_code":8,"worker_id":"f959fc9e-6564-4713-bc97-cf94a2bd32ad-8316722560","trial_id":83,"user_attr":{"tag":"c164e2320ccfb"}}
{"op_code":8,"worker_id":"f959fc9e-6564-4713-bc97-cf94a2bd32ad-8316722560","trial_id":83,"user_attr":{"overrides":{"lr":0.000876544510759949,"hidden":128,"clone_batch":256,"clone_weight_decay":0.001,"clone_class_power":0.12587011817785126,"clone_label_smoothing":0.0,"clone_patience":5}}}
{"op_code":4,"worker_id":"f959fc9e-6564-4713-bc97-cf94a2bd32ad-8316722560","study_id":0,"datetime_start":"2026-10-08T03:40:28.556207"}
{"op_code":9,"worker_id":"f959fc9e-6564-4713-bc97-cf94a2bd32ad-8316722560","trial_id":84,"system_attr":{"tpe:relative_params:0":"{\"clone_batch\": 512, \"clone_class_power\": 0.4817295240758504, \"clone_label_smoothing\": 0.1, \"clone_patience\": 10, \"clone_weight_decay\": 1e-06, \"hidden\": 256, \"lr\": 0.00032531983829890855}"}}
{"op_code":5,"worker_id":"f959fc9e-6564-4713-bc97-cf94a2bd32ad-8316722560","trial_id":84,"param_name":"lr","param_value_internal":0.00032531983829890855,"distribution":"{\"name\": \"FloatDistribution\", \"attributes\": {\"step\": null, \"low\": 0.0001, \"high\": 0.01, \"log\": true}}"}
{"op_code":5,"worker_id":"f959fc9e-6564-4713-bc97-cf94a2bd32ad-8316722560","trial_id":84,"param_name":"hidden","param_value_internal":2,"distribution":"{\"name\": \"CategoricalDistribution\", \"attributes\": {\"choices\": [64, 128, 256]}}"}
{"op_code":5,"worker_id":"f959fc9e-6564-4713-bc97-cf94a2bd32ad-8316722560","trial_id":84,"param_name":"clone_batch","param_value_internal":2,"distribution":"{\"name\": \"CategoricalDistribution\", \"attributes\": {\"choices\": [128, 256, 512, 1024, 2048]}}"}
{"op_code":5,"worker_id":"f959fc9e-6564-4713-bc97-cf94a2bd32ad-8316722560","trial_id":84,"param_name":"clone_weight_decay","param_value_internal":1,"distribution":"{\"name\": \"CategoricalDistribution\", \"attributes\": {\"choices\": [0.0, 1e-06, 1e-05, 0.0001, 0.001]}}"}
{"op_code":5,"worker_id":"f959fc9e-6564-4713-bc97-cf94a2bd32ad-8316722560","trial_id":84,"param_name":"clone_class_power","param_value_internal":0.4817295240758504,"distribution":"{\"name\": \"FloatDistribution\", \"attributes\": {\"step\": null, \"low\": 0.0, \"high\": 1.0, \"log\": false}}"}
{"op_code":5,"worker_id":"f959fc9e-6564-4713-bc97-cf94a2bd32ad-8316722560","trial_id":84,"param_name":"clone_label_smoothing","param_value_internal":2,"distribution":"{\"name\": \"CategoricalDistribution\", \"attributes\": {\"choices\": [0.0, 0.05, 0.1]}}"}
{"op_code":5,"worker_id":"f959fc9e-6564-4713-bc97-cf94a2bd32ad-8316722560","trial_id":84,"param_name":"clone_patience","param_value_internal":1,"distribution":"{\"name\": \"CategoricalDistribution\", \"attributes\": {\"choices\": [5, 10, 20]}}"}
{"op_code":8,"worker_id":"f959fc9e-6564-4713-bc97-cf94a2bd32ad-8316722560","trial_id":84,"user_attr":{"tag":"c60d2c523ec67"}}
{"op_code":8,"worker_id":"f959fc9e-6564-4713-bc97-cf94a2bd32ad-8316722560","trial_id":84,"user_attr":{"overrides":{"lr":0.00032531983829890855,"hidden":256,"clone_batch":512,"clone_weight_decay":1e-06,"clone_class_power":0.4817295240758504,"clone_label_smoothing":0.1,"clone_patience":10}}}
{"op_code":4,"worker_id":"f959fc9e-6564-4713-bc97-cf94a2bd32ad-8316722560","study_id":0,"datetime_start":"2026-10-08T03:40:28.561229"}
{"op_code":9,"worker_id":"f959fc9e-6564-4713-bc97-cf94a2bd32ad-8316722560","trial_id":85,"system_attr":{"tpe:relative_params:0":"{\"clone_batch\": 256, \"clone_class_power\": 0.2561152056924021, \"clone_label_smoothing\": 0.0, \"clone_patience\": 20, \"clone_weight_decay\": 0.0001, \"hidden\": 64, \"lr\": 0.0005987863444601153}"}}
{"op_code":5,"worker_id":"f959fc9e-6564-4713-bc97-cf94a2bd32ad-8316722560","trial_id":85,"param_name":"lr","param_value_internal":0.0005987863444601153,"distribution":"{\"name\": \"FloatDistribution\", \"attributes\": {\"step\": null, \"low\": 0.0001, \"high\": 0.01, \"log\": true}}"}
{"op_code":5,"worker_id":"f959fc9e-6564-4713-bc97-cf94a2bd32ad-8316722560","trial_id":85,"param_name":"hidden","param_value_internal":0,"distribution":"{\"name\": \"CategoricalDistribution\", \"attributes\": {\"choices\": [64, 128, 256]}}"}
{"op_code":5,"worker_id":"f959fc9e-6564-4713-bc97-cf94a2bd32ad-8316722560","trial_id":85,"param_name":"clone_batch","param_value_internal":1,"distribution":"{\"name\": \"CategoricalDistribution\", \"attributes\": {\"choices\": [128, 256, 512, 1024, 2048]}}"}
{"op_code":5,"worker_id":"f959fc9e-6564-4713-bc97-cf94a2bd32ad-8316722560","trial_id":85,"param_name":"clone_weight_decay","param_value_internal":3,"distribution":"{\"name\": \"CategoricalDistribution\", \"attributes\": {\"choices\": [0.0, 1e-06, 1e-05, 0.0001, 0.001]}}"}
{"op_code":5,"worker_id":"f959fc9e-6564-4713-bc97-cf94a2bd32ad-8316722560","trial_id":85,"param_name":"clone_class_power","param_value_internal":0.2561152056924021,"distribution":"{\"name\": \"FloatDistribution\", \"attributes\": {\"step\": null, \"low\": 0.0, \"high\": 1.0, \"log\": false}}"}
{"op_code":5,"worker_id":"f959fc9e-6564-4713-bc97-cf94a2bd32ad-8316722560","trial_id":85,"param_name":"clone_label_smoothing","param_value_internal":0,"distribution":"{\"name\": \"CategoricalDistribution\", \"attributes\": {\"choices\": [0.0, 0.05, 0.1]}}"}
{"op_code":5,"worker_id":"f959fc9e-6564-4713-bc97-cf94a2bd32ad-8316722560","trial_id":85,"param_name":"clone_patience","param_value_internal":2,"distribution":"{\"name\": \"CategoricalDistribution\", \"attributes\": {\"choices\": [5, 10, 20]}}"}
{"op_code":8,"worker_id":"f959fc9e-6564-4713-bc97-cf94a2bd32ad-8316722560","trial_id":85,"user_attr":{"tag":"c9c44e4d57b73"}}
{"op_code":8,"worker_id":"f959fc9e-6564-4713-bc97-cf94a2bd32ad-8316722560","trial_id":85,"user_attr":{"overrides":{"lr":0.0005987863444601153,"hidden":64,"clone_batch":256,"clone_weight_decay":0.0001,"clone_class_power":0.2561152056924021,"clone_label_smoothing":0.0,"clone_patience":20}}}
{"op_code":4,"worker_id":"f959fc9e-6564-4713-bc97-cf94a2bd32ad-8316722560","study_id":0,"datetime_start":"2026-10-08T03:40:28.566557"}
{"op_code":9,"worker_id":"f959fc9e-6564-4713-bc97-cf94a2bd32ad-8316722560","trial_id":86,"system_attr":{"tpe:relative_params:0":"{\"clone_batch\": 128, \"clone_class_power\": 0.008366366250398244, \"clone_label_smoothing\": 0.05, \"clone_patience\": 20, \"clone_weight_decay\": 0.0, \"hidden\": 64, \"lr\": 0.0002744792439075898}"}}
{"op_code":5,"worker_id":"f959fc9e-6564-4713-bc97-cf94a2bd32ad-8316722560","trial_id":86,"param_name":"lr","param_value_internal":0.0002744792439075898,"distribution":"{\"name\": \"FloatDistribution\", \"attributes\": {\"step\": null, \"low\": 0.0001, \"high\": 0.01, \"log\": true}}"}
{"op_code":5,"worker_id":"f959fc9e-6564-4713-bc97-cf94a2bd32ad-8316722560","trial_id":86,"param_name":"hidden","param_value_internal":0,"distribution":"{\"name\": \"CategoricalDistribution\", \"attributes\": {\"choices\": [64, 128, 256]}}"}
{"op_code":5,"worker_id":"f959fc9e-6564-4713-bc97-cf94a2bd32ad-8316722560","trial_id":86,"param_name":"clone_batch","param_value_internal":0,"distribution":"{\"name\": \"CategoricalDistribution\", \"attributes\": {\"choices\": [128, 256, 512, 1024, 2048]}}"}
{"op_code":5,"worker_id":"f959fc9e-6564-4713-bc97-cf94a2bd32ad-8316722560","trial_id":86,"param_name":"clone_weight_decay","param_value_internal":0,"distribution":"{\"name\": \"CategoricalDistribution\", \"attributes\": {\"choices\": [0.0, 1e-06, 1e-05, 0.0001, 0.001]}}"}
{"op_code":5,"worker_id":"f959fc9e-6564-4713-bc97-cf94a2bd32ad-8316722560","trial_id":86,"param_name":"clone_class_power","param_value_internal":0.008366366250398244,"distribution":"{\"name\": \"FloatDistribution\", \"attributes\": {\"step\": null, \"low\": 0.0, \"high\": 1.0, \"log\": false}}"}
{"op_code":5,"worker_id":"f959fc9e-6564-4713-bc97-cf94a2bd32ad-8316722560","trial_id":86,"param_name":"clone_label_smoothing","param_value_internal":1,"distribution":"{\"name\": \"CategoricalDistribution\", \"attributes\": {\"choices\": [0.0, 0.05, 0.1]}}"}
{"op_code":5,"worker_id":"f959fc9e-6564-4713-bc97-cf94a2bd32ad-8316722560","trial_id":86,"param_name":"clone_patience","param_value_internal":2,"distribution":"{\"name\": \"CategoricalDistribution\", \"attributes\": {\"choices\": [5, 10, 20]}}"}
{"op_code":8,"worker_id":"f959fc9e-6564-4713-bc97-cf94a2bd32ad-8316722560","trial_id":86,"user_attr":{"tag":"c27051fc4e4ad"}}
{"op_code":8,"worker_id":"f959fc9e-6564-4713-bc97-cf94a2bd32ad-8316722560","trial_id":86,"user_attr":{"overrides":{"lr":0.0002744792439075898,"hidden":64,"clone_batch":128,"clone_weight_decay":0.0,"clone_class_power":0.008366366250398244,"clone_label_smoothing":0.05,"clone_patience":20}}}
{"op_code":4,"worker_id":"f959fc9e-6564-4713-bc97-cf94a2bd32ad-8316722560","study_id":0,"datetime_start":"2026-10-08T03:40:28.571507"}
{"op_code":9,"worker_id":"f959fc9e-6564-4713-bc97-cf94a2bd32ad-8316722560","trial_id":87,"system_attr":{"tpe:relative_params:0":"{\"clone_batch\": 256, \"clone_class_power\": 0.08377570458133793, \"clone_label_smoothing\": 0.1, \"clone_patience\": 5, \"clone_weight_decay\": 1e-06, \"hidden\": 256, \"lr\": 0.0043759212705099795}"}}
{"op_code":5,"worker_id":"f959fc9e-6564-4713-bc97-cf94a2bd32ad-8316722560","trial_id":87,"param_name":"lr","param_value_internal":0.0043759212705099795,"distribution":"{\"name\": \"FloatDistribution\", \"attributes\": {\"step\": null, \"low\": 0.0001, \"high\": 0.01, \"log\": true}}"}
{"op_code":5,"worker_id":"f959fc9e-6564-4713-bc97-cf94a2bd32ad-8316722560","trial_id":87,"param_name":"hidden","param_value_internal":2,"distribution":"{\"name\": \"CategoricalDistribution\", \"attributes\": {\"choices\": [64, 128, 256]}}"}
{"op_code":5,"worker_id":"f959fc9e-6564-4713-bc97-cf94a2bd32ad-8316722560","trial_id":87,"param_name":"clone_batch","param_value_internal":1,"distribution":"{\"name\": \"CategoricalDistribution\", \"attributes\": {\"choices\": [128, 256, 512, 1024, 2048]}}"}
{"op_code":5,"worker_id":"f959fc9e-6564-4713-bc97-cf94a2bd32ad-8316722560","trial_id":87,"param_name":"clone_weight_decay","param_value_internal":1,"distribution":"{\"name\": \"CategoricalDistribution\", \"attributes\": {\"choices\": [0.0, 1e-06, 1e-05, 0.0001, 0.001]}}"}
{"op_code":5,"worker_id":"f959fc9e-6564-4713-bc97-cf94a2bd32ad-8316722560","trial_id":87,"param_name":"clone_class_power","param_value_internal":0.08377570458133793,"distribution":"{\"name\": \"FloatDistribution\", \"attributes\": {\"step\": null, \"low\": 0.0, \"high\": 1.0, \"log\": false}}"}
{"op_code":5,"worker_id":"f959fc9e-6564-4713-bc97-cf94a2bd32ad-8316722560","trial_id":87,"param_name":"clone_label_smoothing","param_value_internal":2,"distribution":"{\"name\": \"CategoricalDistribution\", \"attributes\": {\"choices\": [0.0, 0.05, 0.1]}}"}
{"op_code":5,"worker_id":"f959fc9e-6564-4713-bc97-cf94a2bd32ad-8316722560","trial_id":87,"param_name":"clone_patience","param_value_internal":0,"distribution":"{\"name\": \"CategoricalDistribution\", \"attributes\": {\"choices\": [5, 10, 20]}}"}
{"op_code":8,"worker_id":"f959fc9e-6564-4713-bc97-cf94a2bd32ad-8316722560","trial_id":87,"user_attr":{"tag":"cf49f7fb04127"}}
{"op_code":8,"worker_id":"f959fc9e-6564-4713-bc97-cf94a2bd32ad-8316722560","trial_id":87,"user_attr":{"overrides":{"lr":0.0043759212705099795,"hidden":256,"clone_batch":256,"clone_weight_decay":1e-06,"clone_class_power":0.08377570458133793,"clone_label_smoothing":0.1,"clone_patience":5}}}
{"op_code":4,"worker_id":"f959fc9e-6564-4713-bc97-cf94a2bd32ad-8316722560","study_id":0,"datetime_start":"2026-10-08T03:40:28.576494"}
{"op_code":9,"worker_id":"f959fc9e-6564-4713-bc97-cf94a2bd32ad-8316722560","trial_id":88,"system_attr":{"tpe:relative_params:0":"{\"clone_batch\": 2048, \"clone_class_power\": 0.27591102772415255, \"clone_label_smoothing\": 0.1, \"clone_patience\": 10, \"clone_weight_decay\": 0.0001, \"hidden\": 64, \"lr\": 0.00031160756066714746}"}}
{"op_code":5,"worker_id":"f959fc9e-6564-4713-bc97-cf94a2bd32ad-8316722560","trial_id":88,"param_name":"lr","param_value_internal":0.00031160756066714746,"distribution":"{\"name\": \"FloatDistribution\", \"attributes\": {\"step\": null, \"low\": 0.0001, \"high\": 0.01, \"log\": true}}"}
{"op_code":5,"worker_id":"f959fc9e-6564-4713-bc97-cf94a2bd32ad-8316722560","trial_id":88,"param_name":"hidden","param_value_internal":0,"distribution":"{\"name\": \"CategoricalDistribution\", \"attributes\": {\"choices\": [64, 128, 256]}}"}
{"op_code":5,"worker_id":"f959fc9e-6564-4713-bc97-cf94a2bd32ad-8316722560","trial_id":88,"param_name":"clone_batch","param_value_internal":4,"distribution":"{\"name\": \"CategoricalDistribution\", \"attributes\": {\"choices\": [128, 256, 512, 1024, 2048]}}"}
{"op_code":5,"worker_id":"f959fc9e-6564-4713-bc97-cf94a2bd32ad-8316722560","trial_id":88,"param_name":"clone_weight_decay","param_value_internal":3,"distribution":"{\"name\": \"CategoricalDistribution\", \"attributes\": {\"choices\": [0.0, 1e-06, 1e-05, 0.0001, 0.001]}}"}
{"op_code":5,"worker_id":"f959fc9e-6564-4713-bc97-cf94a2bd32ad-8316722560","trial_id":88,"param_name":"clone_class_power","param_value_internal":0.27591102772415255,"distribution":"{\"name\": \"FloatDistribution\", \"attributes\": {\"step\": null, \"low\": 0.0, \"high\": 1.0, \"log\": false}}"}
{"op_code":5,"worker_id":"f959fc9e-6564-4713-bc97-cf94a2bd32ad-8316722560","trial_id":88,"param_name":"clone_label_smoothing","param_value_internal":2,"distribution":"{\"name\": \"CategoricalDistribution\", \"attributes\": {\"choices\": [0.0, 0.05, 0.1]}}"}
{"op_code":5,"worker_id":"f959fc9e-6564-4713-bc97-cf94a2bd32ad-8316722560","trial_id":88,"param_name":"clone_patience","param_value_internal":1,"distribution":"{\"name\": \"CategoricalDistribution\", \"attributes\": {\"choices\": [5, 10, 20]}}"}
{"op_code":8,"worker_id":"f959fc9e-6564-4713-bc97-cf94a2bd32ad-8316722560","trial_id":88,"user_attr":{"tag":"ca5039a6f220b"}}
{"op_code":8,"worker_id":"f959fc9e-6564-4713-bc97-cf94a2bd32ad-8316722560","trial_id":88,"user_attr":{"overrides":{"lr":0.00031160756066714746,"hidden":64,"clone_batch":2048,"clone_weight_decay":0.0001,"clone_class_power":0.27591102772415255,"clone_label_smoothing":0.1,"clone_patience":10}}}
{"op_code":4,"worker_id":"f959fc9e-6564-4713-bc97-cf94a2bd32ad-8316722560","study_id":0,"datetime_start":"2026-10-08T03:40:28.581388"}
{"op_code":9,"worker_id":"f959fc9e-6564-4713-bc97-cf94a2bd32ad-8316722560","trial_id":89,"system_attr":{"tpe:relative_params:0":"{\"clone_batch\": 256, \"clone_class_power\": 0.2948334493096217, \"clone_label_smoothing\": 0.05, \"clone_patience\": 5, \"clone_weight_decay\": 1e-06, \"hidden\": 128, \"lr\": 0.0030304263772997857}"}}
{"op_code":5,"worker_id":"f959fc9e-6564-4713-bc97-cf94a2bd32ad-8316722560","trial_id":89,"param_name":"lr","param_value_internal":0.0030304263772997857,"distribution":"{\"name\": \"FloatDistribution\", \"attributes\": {\"step\": null, \"low\": 0.0001, \"high\": 0.01, \"log\": true}}"}
{"op_code":5,"worker_id":"f959fc9e-6564-4713-bc97-cf94a2bd32ad-8316722560","trial_id":89,"param_name":"hidden","param_value_internal":1,"distribution":"{\"name\": \"CategoricalDistribution\", \"attributes\": {\"choices\": [64, 128, 256]}}"}
{"op_code":5,"worker_id":"f959fc9e-6564-4713-bc97-cf94a2bd32ad-8316722560","trial_id":89,"param_name":"clone_batch","param_value_internal":1,"distribution":"{\"name\": \"CategoricalDistribution\", \"attributes\": {\"choices\": [128, 256, 512, 1024, 2048]}}"}
{"op_code":5,"worker_id":"f959fc9e-6564-4713-bc97-cf94a2bd32ad-8316722560","trial_id":89,"param_name":"clone_weight_decay","param_value_internal":1,"distribution":"{\"name\": \"CategoricalDistribution\", \"attributes\": {\"choices\": [0.0, 1e-06, 1e-05, 0.0001, 0.001]}}"}
{"op_code":5,"worker_id":"f959fc9e-6564-4713-bc97-cf94a2bd32ad-8316722560","trial_id":89,"param_name":"clone_class_power","param_value_internal":0.2948334493096217,"distribution":"{\"name\": \"FloatDistribution\", \"attributes\": {\"step\": null, \"low\": 0.0, \"high\": 1.0, \"log\": false}}"}
{"op_code":5,"worker_id":"f959fc9e-6564-4713-bc97-cf94a2bd32ad-8316722560","trial_id":89,"param_name":"clone_label_smoothing","param_value_internal":1,"distribution":"{\"name\": \"CategoricalDistribution\", \"attributes\": {\"choices\": [0.0, 0.05, 0.1]}}"}
{"op_code":5,"worker_id":"f959fc9e-6564-4713-bc97-cf94a2bd32ad-8316722560","trial_id":89,"param_name":"clone_patience","param_value_internal":0,"distribution":"{\"name\": \"CategoricalDistribution\", \"attributes\": {\"choices\": [5, 10, 20]}}"}
{"op_code":8,"worker_id":"f959fc9e-6564-4713-bc97-cf94a2bd32ad-8316722560","trial_id":89,"user_attr":{"tag":"c06049455138a"}}
{"op_code":8,"worker_id":"f959fc9e-6564-4713-bc97-cf94a2bd32ad-8316722560","trial_id":89,"user_attr":{"overrides":{"lr":0.0030304263772997857,"hidden":128,"clone_batch":256,"clone_weight_decay":1e-06,"clone_class_power":0.2948334493096217,"clone_label_smoothing":0.05,"clone_patience":5}}}
{"op_code":4,"worker_id":"f959fc9e-6564-4713-bc97-cf94a2bd32ad-8316722560","study_id":0,"datetime_start":"2026-10-08T03:40:28.587263"}
{"op_code":9,"worker_id":"f959fc9e-6564-4713-bc97-cf94a2bd32ad-8316722560","trial_id":90,"system_attr":{"tpe:relative_params:0":"{\"clone_batch\": 256, \"clone_class_power\": 0.10916896968475717, \"clone_label_smoothing\": 0.1, \"clone_patience\": 5, \"clone_weight_decay\": 0.001, \"hidden\": 256, \"lr\": 0.0007346584007753963}"}}
{"op_code":5,"worker_id":"f959fc9e-6564-4713-bc97-cf94a2bd32ad-8316722560","trial_id":90,"param_name":"lr","param_value_internal":0.0007346584007753963,"distribution":"{\"name\": \"FloatDistribution\", \"attributes\": {\"step\": null, \"low\": 0.0001, \"high\": 0.01, \"log\": true}}"}
{"op_code":5,"worker_id":"f959fc9e-6564-4713-bc97-cf94a2bd32ad-8316722560","trial_id":90,"param_name":"hidden","param_value_internal":2,"distribution":"{\"name\": \"CategoricalDistribution\", \"attributes\": {\"choices\": [64, 128, 256]}}"}
{"op_code":5,"worker_id":"f959fc9e-6564-4713-bc97-cf94a2bd32ad-8316722560","trial_id":90,"param_name":"clone_batch","param_value_internal":1,"distribution":"{\"name\": \"CategoricalDistribution\", \"attributes\": {\"choices\": [128, 256, 512, 1024, 2048]}}"}
{"op_code":5,"worker_id":"f959fc9e-6564-4713-bc97-cf94a2bd32ad-8316722560","trial_id":90,"param_name":"clone_weight_decay","param_value_internal":4,"distribution":"{\"name\": \"CategoricalDistribution\", \"attributes\": {\"choices\": [0.0, 1e-06, 1e-05, 0.0001, 0.001]}}"}
{"op_code":5,"worker_id":"f959fc9e-6564-4713-bc97-cf94a2bd32ad-8316722560","trial_id":90,"param_name":"clone_class_power","param_value_internal":0.10916896968475717,"distribution":"{\"name\": \"FloatDistribution\", \"attributes\": {\"step\": null, \"low\": 0.0, \"high\": 1.0, \"log\": false}}"}
{"op_code":5,"worker_id":"f959fc9e-6564-4713-bc97-cf94a2bd32ad-8316722560","trial_id":90,"param_name":"clone_label_smoothing","param_value_internal":2,"distribution":"{\"name\": \"CategoricalDistribution\", \"attributes\": {\"choices\": [0.0, 0.05, 0.1]}}"}
{"op_code":5,"worker_id":"f959fc9e-6564-4713-bc97-cf94a2bd32ad-8316722560","trial_id":90,"param_name":"clone_patience","param_value_internal":0,"distribution":"{\"name\": \"CategoricalDistribution\", \"attributes\": {\"choices\": [5, 10, 20]}}"}
{"op_code":8,"worker_id":"f959fc9e-6564-4713-bc97-cf94a2bd32ad-8316722560","trial_id":90,"user_attr":{"tag":"cf34c860e524b"}}
{"op_code":8,"worker_id":"f959fc9e-6564-4713-bc97-cf94a2bd32ad-8316722560","trial_id":90,"user_attr":{"overrides":{"lr":0.0007346584007753963,"hidden":256,"clone_batch":256,"clone_weight_decay":0.001,"clone_class_power":0.10916896968475717,"clone_label_smoothing":0.1,"clone_patience":5}}}
{"op_code":4,"worker_id":"f959fc9e-6564-4713-bc97-cf94a2bd32ad-8316722560","study_id":0,"datetime_start":"2026-10-08T03:40:28.592870"}
{"op_code":9,"worker_id":"f959fc9e-6564-4713-bc97-cf94a2bd32ad-8316722560","trial_id":91,"system_attr":{"tpe:relative_params:0":"{\"clone_batch\": 512, \"clone_class_power\": 0.31275958715703067, \"clone_label_smoothing\": 0.1, \"clone_patience\": 5, \"clone_weight_decay\": 0.0, \"hidden\": 128, \"lr\": 0.003770508310643371}"}}
{"op_code":5,"worker_id":"f959fc9e-6564-4713-bc97-cf94a2bd32ad-8316722560","trial_id":91,"param_name":"lr","param_value_internal":0.003770508310643371,"distribution":"{\"name\": \"FloatDistribution\", \"attributes\": {\"step\": null, \"low\": 0.0001, \"high\": 0.01, \"log\": true}}"}
{"op_code":5,"worker_id":"f959fc9e-6564-4713-bc97-cf94a2bd32ad-8316722560","trial_id":91,"param_name":"hidden","param_value_internal":1,"distribution":"{\"name\": \"CategoricalDistribution\", \"attributes\": {\"choices\": [64, 128, 256]}}"}
{"op_code":5,"worker_id":"f959fc9e-6564-4713-bc97-cf94a2bd32ad-8316722560","trial_id":91,"param_name":"clone_batch","param_value_internal":2,"distribution":"{\"name\": \"CategoricalDistribution\", \"attributes\": {\"choices\": [128, 256, 512, 1024, 2048]}}"}
{"op_code":5,"worker_id":"f959fc9e-6564-4713-bc97-cf94a2bd32ad-8316722560","trial_id":91,"param_name":"clone_weight_decay","param_value_internal":0,"distribution":"{\"name\": \"CategoricalDistribution\", \"attributes\": {\"choices\": [0.0, 1e-06, 1e-05, 0.0001, 0.001]}}"}
{"op_code":5,"worker_id":"f959fc9e-6564-4713-bc97-cf94a2bd32ad-8316722560","trial_id":91,"param_name":"clone_class_power","param_value_internal":0.31275958715703067,"distribution":"{\"name\": \"FloatDistribution\", \"attributes\": {\"step\": null, \"low\": 0.0, \"high\": 1.0, \"log\": false}}"}
{"op_code":5,"worker_id":"f959fc9e-6564-4713-bc97-cf94a2bd32ad-8316722560","trial_id":91,"param_name":"clone_label_smoothing","param_value_internal":2,"distribution":"{\"name\": \"CategoricalDistribution\", \"attributes\": {\"choices\": [0.0, 0.05, 0.1]}}"}
{"op_code":5,"worker_id":"f959fc9e-6564-4713-bc97-cf94a2bd32ad-8316722560","trial_id":91,"param_name":"clone_patience","param_value_internal":0,"distribution":"{\"name\": \"CategoricalDistribution\", \"attributes\": {\"choices\": [5, 10, 20]}}"}
{"op_code":8,"worker_id":"f959fc9e-6564-4713-bc97-cf94a2bd32ad-8316722560","trial_id":91,"user_attr":{"tag":"c7b264ae01adc"}}
{"op_code":8,"worker_id":"f959fc9e-6564-4713-bc97-cf94a2bd32ad-8316722560","trial_id":91,"user_attr":{"overrides":{"lr":0.003770508310643371,"hidden":128,"clone_batch":512,"clone_weight_decay":0.0,"clone_class_power":0.31275958715703067,"clone_label_smoothing":0.1,"clone_patience":5}}}
{"op_code":4,"worker_id":"f959fc9e-6564-4713-bc97-cf94a2bd32ad-8316722560","study_id":0,"datetime_start":"2026-10-08T03:40:28.597747"}
{"op_code":9,"worker_id":"f959fc9e-6564-4713-bc97-cf94a2bd32ad-8316722560","trial_id":92,"system_attr":{"tpe:relative_params:0":"{\"clone_batch\": 128, \"clone_class_power\": 0.3262936868132839, \"clone_label_smoothing\": 0.05, \"clone_patience\": 20, \"clone_weight_decay\": 0.0, \"hidden\": 128, \"lr\": 0.00010007717537749417}"}}
{"op_code":5,"worker_id":"f959fc9e-6564-4713-bc97-cf94a2bd32ad-8316722560","trial_id":92,"param_name":"lr","param_value_internal":0.00010007717537749417,"distribution":"{\"name\": \"FloatDistribution\", \"attributes\": {\"step\": null, \"low\": 0.0001, \"high\": 0.01, \"log\": true}}"}
{"op_code":5,"worker_id":"f959fc9e-6564-4713-bc97-cf94a2bd32ad-8316722560","trial_id":92,"param_name":"hidden","param_value_internal":1,"distribution":"{\"name\": \"CategoricalDistribution\", \"attributes\": {\"choices\": [64, 128, 256]}}"}
{"op_code":5,"worker_id":"f959fc9e-6564-4713-bc97-cf94a2bd32ad-8316722560","trial_id":92,"param_name":"clone_batch","param_value_internal":0,"distribution":"{\"name\": \"CategoricalDistribution\", \"attributes\": {\"choices\": [128, 256, 512, 1024, 2048]}}"}
{"op_code":5,"worker_id":"f959fc9e-6564-4713-bc97-cf94a2bd32ad-8316722560","trial_id":92,"param_name":"clone_weight_decay","param_value_internal":0,"distribution":"{\"name\": \"CategoricalDistribution\", \"attributes\": {\"choices\": [0.0, 1e-06, 1e-05, 0.0001, 0.001]}}"}
{"op_code":5,"worker_id":"f959fc9e-6564-4713-bc97-cf94a2bd32ad-8316722560","trial_id":92,"param_name":"clone_class_power","param_value_internal":0.3262936868132839,"distribution":"{\"name\": \"FloatDistribution\", \"attributes\": {\"step\": null, \"low\": 0.0, \"high\": 1.0, \"log\": false}}"}
{"op_code":5,"worker_id":"f959fc9e-6564-4713-bc97-cf94a2bd32ad-8316722560","trial_id":92,"param_name":"clone_label_smoothing","param_value_internal":1,"distribution":"{\"name\": \"CategoricalDistribution\", \"attributes\": {\"choices\": [0.0, 0.05, 0.1]}}"}
{"op_code":5,"worker_id":"f959fc9e-6564-4713-bc97-cf94a2bd32ad-8316722560","trial_id":92,"param_name":"clone_patience","param_value_internal":2,"distribution":"{\"name\": \"CategoricalDistribution\", \"attributes\": {\"choices\": [5, 10, 20]}}"}
{"op_code":8,"worker_id":"f959fc9e-6564-4713-bc97-cf94a2bd32ad-8316722560","trial_id":92,"user_attr":{"tag":"c262e11acc453"}}
{"op_code":8,"worker_id":"f959fc9e-6564-4713-bc97-cf94a2bd32ad-8316722560","trial_id":92,"user_attr":{"overrides":{"lr":0.00010007717537749417,"hidden":128,"clone_batch":128,"clone_weight_decay":0.0,"clone_class_power":0.3262936868132839,"clone_label_smoothing":0.05,"clone_patience":20}}}
{"op_code":4,"worker_id":"f959fc9e-6564-4713-bc97-cf94a2bd32ad-8316722560","study_id":0,"datetime_start":"2026-10-08T03:40:28.602416"}
{"op_code":9,"worker_id":"f959fc9e-6564-4713-bc97-cf94a2bd32ad-8316722560","trial_id":93,"system_attr":{"tpe:relative_params:0":"{\"clone_batch\": 256, \"clone_class_power\": 0.051649434716101866, \"clone_label_smoothing\": 0.1, \"clone_patience\": 10, \"clone_weight_decay\": 1e-06, \"hidden\": 128, \"lr\": 0.0012043380723507128}"}}
{"op_code":5,"worker_id":"f959fc9e-6564-4713-bc97-cf94a2bd32ad-8316722560","trial_id":93,"param_name":"lr","param_value_internal":0.0012043380723507128,"distribution":"{\"name\": \"FloatDistribution\", \"attributes\": {\"step\": null, \"low\": 0.0001, \"high\": 0.01, \"log\": true}}"}
{"op_code":5,"worker_id":"f959fc9e-6564-4713-bc97-cf94a2bd32ad-8316722560","trial_id":93,"param_name":"hidden","param_value_internal":1,"distribution":"{\"name\": \"CategoricalDistribution\", \"attributes\": {\"choices\": [64, 128, 256]}}"}
{"op_code":5,"worker_id":"f959fc9e-6564-4713-bc97-cf94a2bd32ad-8316722560","trial_id":93,"param_name":"clone_batch","param_value_internal":1,"distribution":"{\"name\": \"CategoricalDistribution\", \"attributes\": {\"choices\": [128, 256, 512, 1024, 2048]}}"}
{"op_code":5,"worker_id":"f959fc9e-6564-4713-bc97-cf94a2bd32ad-8316722560","trial_id":93,"param_name":"clone_weight_decay","param_value_internal":1,"distribution":"{\"name\": \"CategoricalDistribution\", \"attributes\": {\"choices\": [0.0, 1e-06, 1e-05, 0.0001, 0.001]}}"}
{"op_code":5,"worker_id":"f959fc9e-6564-4713-bc97-cf94a2bd32ad-8316722560","trial_id":93,"param_name":"clone_class_power","param_value_internal":0.051649434716101866,"distribution":"{\"name\": \"FloatDistribution\", \"attributes\": {\"step\": null, \"low\": 0.0, \"high\": 1.0, \"log\": false}}"}
{"op_code":5,"worker_id":"f959fc9e-6564-4713-bc97-cf94a2bd32ad-8316722560","trial_id":93,"param_name":"clone_label_smoothing","param_value_internal":2,"distribution":"{\"name\": \"CategoricalDistribution\", \"attributes\": {\"choices\": [0.0, 0.05, 0.1]}}"}
{"op_code":5,"worker_id":"f959fc9e-6564-4713-bc97-cf94a2bd32ad-8316722560","trial_id":93,"param_name":"clone_patience","param_value_internal":1,"distribution":"{\"name\": \"CategoricalDistribution\", \"attributes\": {\"choices\": [5, 10, 20]}}"}
{"op_code":8,"worker_id":"f959fc9e-6564-4713-bc97-cf94a2bd32ad-8316722560","trial_id":93,"user_attr":{"tag":"cf438f320705b"}}
{"op_code":8,"worker_id":"f959fc9e-6564-4713-bc97-cf94a2bd32ad-8316722560","trial_id":93,"user_attr":{"overrides":{"lr":0.0012043380723507128,"hidden":128,"clone_batch":256,"clone_weight_decay":1e-06,"clone_class_power":0.051649434716101866,"clone_label_smoothing":0.1,"clone_patience":10}}}
{"op_code":4,"worker_id":"f959fc9e-6564-4713-bc97-cf94a2bd32ad-8316722560","study_id":0,"datetime_start":"2026-10-08T03:40:28.607082"}
{"op_code":9,"worker_id":"f959fc9e-6564-4713-bc97-cf94a2bd32ad-8316722560","trial_id":94,"system_attr":{"tpe:relative_params:0":"{\"clone_batch\": 512, \"clone_class_power\": 0.07098293679248424, \"clone_label_smoothing\": 0.1, \"clone_patience\": 10, \"clone_weight_decay\": 0.001, \"hidden\": 64, \"lr\": 0.006167230431307787}"}}
{"op_code":5,"worker_id":"f959fc9e-6564-4713-bc97-cf94a2bd32ad-8316722560","trial_id":94,"param_name":"lr","param_value_internal":0.006167230431307787,"distribution":"{\"name\": \"FloatDistribution\", \"attributes\": {\"step\": null, \"low\": 0.0001, \"high\": 0.01, \"log\": true}}"}
{"op_code":5,"worker_id":"f959fc9e-6564-4713-bc97-cf94a2bd32ad-8316722560","trial_id":94,"param_name":"hidden","param_value_internal":0,"distribution":"{\"name\": \"CategoricalDistribution\", \"attributes\": {\"choices\": [64, 128, 256]}}"}
{"op_code":5,"worker_id":"f959fc9e-6564-4713-bc97-cf94a2bd32ad-8316722560","trial_id":94,"param_name":"clone_batch","param_value_internal":2,"distribution":"{\"name\": \"CategoricalDistribution\", \"attributes\": {\"choices\": [128, 256, 512, 1024, 2048]}}"}
{"op_code":5,"worker_id":"f959fc9e-6564-4713-bc97-cf94a2bd32ad-8316722560","trial_id":94,"param_name":"clone_weight_decay","param_value_internal":4,"distribution":"{\"name\": \"CategoricalDistribution\", \"attributes\": {\"choices\": [0.0, 1e-06, 1e-05, 0.0001, 0.001]}}"}
{"op_code":5,"worker_id":"f959fc9e-6564-4713-bc97-cf94a2bd32ad-8316722560","trial_id":94,"param_name":"clone_class_power","param_value_internal":0.07098293679248424,"distribution":"{\"name\": \"FloatDistribution\", \"attributes\": {\"step\": null, \"low\": 0.0, \"high\": 1.0, \"log\": false}}"}
{"op_code":5,"worker_id":"f959fc9e-6564-4713-bc97-cf94a2bd32ad-8316722560","trial_id":94,"param_name":"clone_label_smoothing","param_value_internal":2,"distribution":"{\"name\": \"CategoricalDistribution\", \"attributes\": {\"choices\": [0.0, 0.05, 0.1]}}"}
{"op_code":5,"worker_id":"f959fc9e-6564-4713-bc97-cf94a2bd32ad-8316722560","trial_id":94,"param_name":"clone_patience","param_value_internal":1,"distribution":"{\"name\": \"CategoricalDistribution\", \"attributes\": {\"choices\": [5, 10, 20]}}"}
{"op_code":8,"worker_id":"f959fc9e-6564-4713-bc97-cf94a2bd32ad-8316722560","trial_id":94,"user_attr":{"tag":"c467d7cbbbb0e"}}
{"op_code":8,"worker_id":"f959fc9e-6564-4713-bc97-cf94a2bd32ad-8316722560","trial_id":94,"user_attr":{"overrides":{"lr":0.006167230431307787,"hidden":64,"clone_batch":512,"clone_weight_decay":0.001,"clone_class_power":0.07098293679248424,"clone_label_smoothing":0.1,"clone_patience":10}}}
{"op_code":4,"worker_id":"f959fc9e-6564-4713-bc97-cf94a2bd32ad-8316722560","study_id":0,"datetime_start":"2026-10-08T03:40:28.611927"}
{"op_code":9,"worker_id":"f959fc9e-6564-4713-bc97-cf94a2bd32ad-8316722560","trial_id":95,"system_attr":{"tpe:relative_params:0":"{\"clone_batch\": 128, \"clone_class_power\": 0.25472087083517503, \"clone_label_smoothing\": 0.0, \"clone_patience\": 10, \"clone_weight_decay\": 0.001, \"hidden\": 128, \"lr\": 0.0005670746444689465}"}}
{"op_code":5,"worker_id":"f959fc9e-6564-4713-bc97-cf94a2bd32ad-8316722560","trial_id":95,"param_name":"lr","param_value_internal":0.0005670746444689465,"distribution":"{\"name\": \"FloatDistribution\", \"attributes\": {\"step\": null, \"low\": 0.0001, \"high\": 0.01, \"log\": true}}"}
{"op_code":5,"worker_id":"f959fc9e-6564-4713-bc97-cf94a2bd32ad-8316722560","trial_id":95,"param_name":"hidden","param_value_internal":1,"distribution":"{\"name\": \"CategoricalDistribution\", \"attributes\": {\"choices\": [64, 128, 256]}}"}
{"op_code":5,"worker_id":"f959fc9e-6564-4713-bc97-cf94a2bd32ad-8316722560","trial_id":95,"param_name":"clone_batch","param_value_internal":0,"distribution":"{\"name\": \"CategoricalDistribution\", \"attributes\": {\"choices\": [128, 256, 512, 1024, 2048]}}"}
{"op_code":5,"worker_id":"f959fc9e-6564-4713-bc97-cf94a2bd32ad-8316722560","trial_id":95,"param_name":"clone_weight_decay","param_value_internal":4,"distribution":"{\"name\": \"CategoricalDistribution\", \"attributes\": {\"choices\": [0.0, 1e-06, 1e-05, 0.0001, 0.001]}}"}
{"op_code":5,"worker_id":"f959fc9e-6564-4713-bc97-cf94a2bd32ad-8316722560","trial_id":95,"param_name":"clone_class_power","param_value_internal":0.25472087083517503,"distribution":"{\"name\": \"FloatDistribution\", \"attributes\": {\"step\": null, \"low\": 0.0, \"high\": 1.0, \"log\": false}}"}
{"op_code":5,"worker_id":"f959fc9e-6564-4713-bc97-cf94a2bd32ad-8316722560","trial_id":95,"param_name":"clone_label_smoothing","param_value_internal":0,"distribution":"{\"name\": \"CategoricalDistribution\", \"attributes\": {\"choices\": [0.0, 0.05, 0.1]}}"}
{"op_code":5,"worker_id":"f959fc9e-6564-4713-bc97-cf94a2bd32ad-8316722560","trial_id":95,"param_name":"clone_patience","param_value_internal":1,"distribution":"{\"name\": \"CategoricalDistribution\", \"attributes\": {\"choices\": [5, 10, 20]}}"}
{"op_code":8,"worker_id":"f959fc9e-6564-4713-bc97-cf94a2bd32ad-8316722560","trial_id":95,"user_attr":{"tag":"cd008274b41f8"}}
{"op_code":8,"worker_id":"f959fc9e-6564-4713-bc97-cf94a2bd32ad-8316722560","trial_id":95,"user_attr":{"overrides":{"lr":0.0005670746444689465,"hidden":128,"clone_batch":128,"clone_weight_decay":0.001,"clone_class_power":0.25472087083517503,"clone_label_smoothing":0.0,"clone_patience":10}}}
{"op_code":7,"worker_id":"f959fc9e-6564-4713-bc97-cf94a2bd32ad-8316722560","trial_id":48,"step":16,"intermediate_value":266.1756778251776}
{"op_code":8,"worker_id":"f959fc9e-6564-4713-bc97-cf94a2bd32ad-8316722560","trial_id":48,"user_attr":{"hh_saving":{"254":321.59284206696344,"185":282.3394011294107,"230":290.96829580390596,"266":176.78345650331894,"145":322.95417256740654,"229":182.5555292386978,"300":351.57029579056046,"69":351.4491034367511,"136":251.52368144301275,"56":281.57944056326113,"72":209.87225111629922,"26":206.9030917118736,"45":215.64285698361684,"208":281.21236563974065,"40":223.31140667670425,"173":308.5526545313183}}}
{"op_code":8,"worker_id":"f959fc9e-6564-4713-bc97-cf94a2bd32ad-8316722560","trial_id":48,"user_attr":{"val_efc_mean":83.57467903124999}}
{"op_code":8,"worker_id":"f959fc9e-6564-4713-bc97-cf94a2bd32ad-8316722560","trial_id":48,"user_attr":{"converged_share":1.0}}
{"op_code":8,"worker_id":"f959fc9e-6564-4713-bc97-cf94a2bd32ad-8316722560","trial_id":48,"user_attr":{"wall_s":350.265429019928}}
{"op_code":6,"worker_id":"f959fc9e-6564-4713-bc97-cf94a2bd32ad-8316722560","trial_id":48,"state":1,"values":[266.1756778251776],"datetime_complete":"2026-10-08T03:42:06.542989"}
{"op_code":7,"worker_id":"f959fc9e-6564-4713-bc97-cf94a2bd32ad-8316722560","trial_id":49,"step":16,"intermediate_value":266.423075635666}
{"op_code":8,"worker_id":"f959fc9e-6564-4713-bc97-cf94a2bd32ad-8316722560","trial_id":49,"user_attr":{"hh_saving":{"254":324.61319614400793,"185":282.67024740731,"230":290.1615122008826,"266":170.26304754522565,"145":323.8374009036434,"229":185.73733689556113,"300":353.3428820968474,"69":351.93578868143055,"136":251.0101756711256,"56":280.1717860555468,"72":210.6872618937524,"26":208.22794600314725,"45":217.79158776718276,"208":280.7887587381904,"40":222.77156452703258,"173":308.75871763976994}}}
{"op_code":8,"worker_id":"f959fc9e-6564-4713-bc97-cf94a2bd32ad-8316722560","trial_id":49,"user_attr":{"val_efc_mean":83.80088871874999}}
{"op_code":8,"worker_id":"f959fc9e-6564-4713-bc97-cf94a2bd32ad-8316722560","trial_id":49,"user_attr":{"converged_share":1.0}}
{"op_code":8,"worker_id":"f959fc9e-6564-4713-bc97-cf94a2bd32ad-8316722560","trial_id":49,"user_attr":{"wall_s":350.26208901405334}}
{"op_code":6,"worker_id":"f959fc9e-6564-4713-bc97-cf94a2bd32ad-8316722560","trial_id":49,"state":1,"values":[266.423075635666],"datetime_complete":"2026-10-08T03:42:06.545669"}
{"op_code":7,"worker_id":"f959fc9e-6564-4713-bc97-cf94a2bd32ad-8316722560","trial_id":50,"step":16,"intermediate_value":266.13323412813656}
{"op_code":8,"worker_id":"f959fc9e-6564-4713-bc97-cf94a2bd32ad-8316722560","trial_id":50,"user_attr":{"hh_saving":{"254":321.67235722343565,"185":283.68926127195675,"230":291.3107594957632,"266":174.19046148622323,"145":323.4815547364184,"229":182.87839649938383,"300":348.40947697458637,"69":352.09894804698234,"136":251.81872638568868,"56":281.9399685769434,"72":210.02912128962262,"26":207.94061112755824,"45":214.94041083788548,"208":281.1473876533133,"40":223.61668534605425,"173":308.96761909836914}}}
{"op_code":8,"worker_id":"f959fc9e-6564-4713-bc97-cf94a2bd32ad-8316722560","trial_id":50,"user_attr":{"val_efc_mean":83.62043543749999}}
{"op_code":8,"worker_id":"f959fc9e-6564-4713-bc97-cf94a2bd32ad-8316722560","trial_id":50,"user_attr":{"converged_share":0.9375}}
{"op_code":8,"worker_id":"f959fc9e-6564-4713-bc97-cf94a2bd32ad-8316722560","trial_id":50,"user_attr":{"wall_s":350.2593629360199}}
{"op_code":6,"worker_id":"f959fc9e-6564-4713-bc97-cf94a2bd32ad-8316722560","trial_id":50,"state":1,"values":[266.13323412813656],"datetime_complete":"2026-10-08T03:42:06.548393"}
{"op_code":7,"worker_id":"f959fc9e-6564-4713-bc97-cf94a2bd32ad-8316722560","trial_id":51,"step":16,"intermediate_value":265.7469962272235}
{"op_code":8,"worker_id":"f959fc9e-6564-4713-bc97-cf94a2bd32ad-8316722560","trial_id":51,"user_attr":{"hh_saving":{"254":323.42361812639945,"185":282.76146067794184,"230":290.6005990907452,"266":174.89069645969477,"145":322.99254522480857,"229":182.09180369043872,"300":350.0582815724131,"69":351.5378595972017,"136":251.94212102665136,"56":281.56219176165877,"72":208.20867286930962,"26":207.87771194469775,"45":215.30324308489816,"208":281.8902360516775,"40":223.54633873573817,"173":303.2645597213016}}}
{"op_code":8,"worker_id":"f959fc9e-6564-4713-bc97-cf94a2bd32ad-8316722560","trial_id":51,"user_attr":{"val_efc_mean":83.941854578125}}
{"op_code":8,"worker_id":"f959fc9e-6564-4713-bc97-cf94a2bd32ad-8316722560","trial_id":51,"user_attr":{"converged_share":1.0}}
{"op_code":8,"worker_id":"f959fc9e-6564-4713-bc97-cf94a2bd32ad-8316722560","trial_id":51,"user_attr":{"wall_s":350.2563991546631}}
{"op_code":6,"worker_id":"f959fc9e-6564-4713-bc97-cf94a2bd32ad-8316722560","trial_id":51,"state":1,"values":[265.7469962272235],"datetime_complete":"2026-10-08T03:42:06.550750"}
{"op_code":7,"worker_id":"f959fc9e-6564-4713-bc97-cf94a2bd32ad-8316722560","trial_id":52,"step":16,"intermediate_value":265.9192693908516}
{"op_code":8,"worker_id":"f959fc9e-6564-4713-bc97-cf94a2bd32ad-8316722560","trial_id":52,"user_attr":{"hh_saving":{"254":321.8682795670724,"185":282.8066445703953,"230":290.6146899022237,"266":178.20025670315746,"145":323.2559336777277,"229":183.1731273815059,"300":350.1383839311207,"69":351.459080203518,"136":250.91176087084827,"56":281.7415657171186,"72":209.9955996240457,"26":207.2943185517409,"45":214.45576826992863,"208":279.371056662535,"40":221.88236422636425,"173":307.5394803943225}}}
{"op_code":8,"worker_id":"f959fc9e-6564-4713-bc97-cf94a2bd32ad-8316722560","trial_id":52,"user_attr":{"val_efc_mean":84.08934990624999}}
{"op_code":8,"worker_id":"f959fc9e-6564-4713-bc97-cf94a2bd32ad-8316722560","trial_id":52,"user_attr":{"converged_share":1.0}}
{"op_code":8,"worker_id":"f959fc9e-6564-4713-bc97-cf94a2bd32ad-8316722560","trial_id":52,"user_attr":{"wall_s":350.25321793556213}}
{"op_code":6,"worker_id":"f959fc9e-6564-4713-bc97-cf94a2bd32ad-8316722560","trial_id":52,"state":1,"values":[265.9192693908516],"datetime_complete":"2026-10-08T03:42:06.552740"}
{"op_code":7,"worker_id":"f959fc9e-6564-4713-bc97-cf94a2bd32ad-8316722560","trial_id":53,"step":16,"intermediate_value":0.263123693351882}
{"op_code":8,"worker_id":"f959fc9e-6564-4713-bc97-cf94a2bd32ad-8316722560","trial_id":53,"user_attr":{"hh_saving":{"254":0.539354065350681,"185":1.0708370543953631,"230":0.0,"266":0.30873398817743897,"145":0.21368625803518576,"229":-0.40106571207414277,"300":0.06903723411653166,"69":0.8650151202936058,"136":0.21891899193778386,"56":0.15489726024605943,"72":0.12148920223475759,"26":0.21945853080088235,"45":0.3274320532475282,"208":0.3571848167321881,"40":0.10667988757341261,"173":0.03832034256283683}}}
{"op_code":8,"worker_id":"f959fc9e-6564-4713-bc97-cf94a2bd32ad-8316722560","trial_id":53,"user_attr":{"val_efc_mean":0.298125}}
{"op_code":8,"worker_id":"f959fc9e-6564-4713-bc97-cf94a2bd32ad-8316722560","trial_id":53,"user_attr":{"converged_share":1.0}}
{"op_code":8,"worker_id":"f959fc9e-6564-4713-bc97-cf94a2bd32ad-8316722560","trial_id":53,"user_attr":{"wall_s":350.25031089782715}}
{"op_code":6,"worker_id":"f959fc9e-6564-4713-bc97-cf94a2bd32ad-8316722560","trial_id":53,"state":1,"values":[0.263123693351882],"datetime_complete":"2026-10-08T03:42:06.554795"}
{"op_code":7,"worker_id":"f959fc9e-6564-4713-bc97-cf94a2bd32ad-8316722560","trial_id":54,"step":16,"intermediate_value":0.164927529536274}
{"op_code":8,"worker_id":"f959fc9e-6564-4713-bc97-cf94a2bd32ad-8316722560","trial_id":54,"user_attr":{"hh_saving":{"254":0.5352716112897886,"185":0.6760347645832009,"230":0.0,"266":-0.4186826289073033,"145":0.21368625803518576,"229":-0.8844552467751002,"300":-0.1999047185387204,"69":0.16298644117175748,"136":0.5922812102650263,"56":0.7161378407524767,"72":0.12148920223475759,"26":0.07601257133618487,"45":-0.18703389562593437,"208":0.8111525197566688,"40":0.10667988757341261,"173":0.31718465542898244}}}
{"op_code":8,"worker_id":"f959fc9e-6564-4713-bc97-cf94a2bd32ad-8316722560","trial_id":54,"user_attr":{"val_efc_mean":0.3459375}}
{"op_code":8,"worker_id":"f959fc9e-6564-4713-bc97-cf94a2bd32ad-8316722560","trial_id":54,"user_attr":{"converged_share":1.0}}
{"op_code":8,"worker_id":"f959fc9e-6564-4713-bc97-cf94a2bd32ad-8316722560","trial_id":54,"user_attr":{"wall_s":350.24740290641785}}
{"op_code":6,"worker_id":"f959fc9e-6564-4713-bc97-cf94a2bd32ad-8316722560","trial_id":54,"state":1,"values":[0.164927529536274],"datetime_complete":"2026-10-08T03:42:06.556937"}
{"op_code":7,"worker_id":"f959fc9e-6564-4713-bc97-cf94a2bd32ad-8316722560","trial_id":55,"step":16,"intermediate_value":266.05145026596216}
{"op_code":8,"worker_id":"f959fc9e-6564-4713-bc97-cf94a2bd32ad-8316722560","trial_id":55,"user_attr":{"hh_saving":{"254":323.80169430983176,"185":281.57419369893995,"230":289.72445456254513,"266":173.4393910246738,"145":321.3031392434137,"229":181.63562879250514,"300":351.23228747940965,"69":352.30783286792814,"136":250.27313150156297,"56":281.42550333469654,"72":210.03161666642674,"26":207.38307005722476,"45":218.5322478877996,"208":284.0367695985343,"40":222.20101624248846,"173":307.92122698741395}}}
{"op_code":8,"worker_id":"f959fc9e-6564-4713-bc97-cf94a2bd32ad-8316722560","trial_id":55,"user_attr":{"val_efc_mean":83.754683515625}}
{"op_code":8,"worker_id":"f959fc9e-6564-4713-bc97-cf94a2bd32ad-8316722560","trial_id":55,"user_attr":{"converged_share":1.0}}
{"op_code":8,"worker_id":"f959fc9e-6564-4713-bc97-cf94a2bd32ad-8316722560","trial_id":55,"user_attr":{"wall_s":350.2446081638336}}
{"op_code":6,"worker_id":"f959fc9e-6564-4713-bc97-cf94a2bd32ad-8316722560","trial_id":55,"state":1,"values":[266.05145026596216],"datetime_complete":"2026-10-08T03:42:06.559189"}
{"op_code":7,"worker_id":"f959fc9e-6564-4713-bc97-cf94a2bd32ad-8316722560","trial_id":56,"step":16,"intermediate_value":265.68849376393285}
{"op_code":8,"worker_id":"f959fc9e-6564-4713-bc97-cf94a2bd32ad-8316722560","trial_id":56,"user_attr":{"hh_saving":{"254":322.72506578661825,"185":283.35095535423073,"230":290.33749580426604,"266":170.70610096305856,"145":322.5991978781869,"229":183.3211530555333,"300":350.8333264110442,"69":351.05793840537154,"136":251.642376008978,"56":281.97602897151194,"72":210.11534953331974,"26":206.1202244997374,"45":215.50213043514592,"208":280.5641844610282,"40":223.0840206934733,"173":307.08035196142174}}}
{"op_code":8,"worker_id":"f959fc9e-6564-4713-bc97-cf94a2bd32ad-8316722560","trial_id":56,"user_attr":{"val_efc_mean":83.86398568749999}}
{"op_code":8,"worker_id":"f959fc9e-6564-4713-bc97-cf94a2bd32ad-8316722560","trial_id":56,"user_attr":{"converged_share":1.0}}
{"op_code":8,"worker_id":"f959fc9e-6564-4713-bc97-cf94a2bd32ad-8316722560","trial_id":56,"user_attr":{"wall_s":350.24157905578613}}
{"op_code":6,"worker_id":"f959fc9e-6564-4713-bc97-cf94a2bd32ad-8316722560","trial_id":56,"state":1,"values":[265.68849376393285],"datetime_complete":"2026-10-08T03:42:06.561269"}
{"op_code":7,"worker_id":"f959fc9e-6564-4713-bc97-cf94a2bd32ad-8316722560","trial_id":57,"step":16,"intermediate_value":265.46918449644346}
{"op_code":8,"worker_id":"f959fc9e-6564-4713-bc97-cf94a2bd32ad-8316722560","trial_id":57,"user_attr":{"hh_saving":{"254":321.63941276255,"185":283.07110267776187,"230":290.9347101326842,"266":174.8748830149681,"145":323.280724927807,"229":181.1849064697678,"300":345.78896032225197,"69":351.8361643842053,"136":251.2036965646321,"56":281.2419543835169,"72":210.04584621421478,"26":205.48932163545678,"45":215.98851149692098,"208":281.33655005771783,"40":222.64750701413575,"173":306.9426998845044}}}
{"op_code":8,"worker_id":"f959fc9e-6564-4713-bc97-cf94a2bd32ad-8316722560","trial_id":57,"user_attr":{"val_efc_mean":84.107716890625}}
{"op_code":8,"worker_id":"f959fc9e-6564-4713-bc97-cf94a2bd32ad-8316722560","trial_id":57,"user_attr":{"converged_share":0.9375}}
{"op_code":8,"worker_id":"f959fc9e-6564-4713-bc97-cf94a2bd32ad-8316722560","trial_id":57,"user_attr":{"wall_s":350.2369792461395}}
{"op_code":6,"worker_id":"f959fc9e-6564-4713-bc97-cf94a2bd32ad-8316722560","trial_id":57,"state":1,"values":[265.46918449644346],"datetime_complete":"2026-10-08T03:42:06.563257"}
{"op_code":7,"worker_id":"f959fc9e-6564-4713-bc97-cf94a2bd32ad-8316722560","trial_id":58,"step":16,"intermediate_value":266.28905415711563}
{"op_code":8,"worker_id":"f959fc9e-6564-4713-bc97-cf94a2bd32ad-8316722560","trial_id":58,"user_attr":{"hh_saving":{"254":322.2138946763145,"185":282.07567806656334,"230":290.5185397590492,"266":176.14328480687084,"145":324.6126120499269,"229":184.65944170386243,"300":350.12753173886364,"69":352.35923509796544,"136":250.94577478451097,"56":282.0696973216313,"72":209.17045675128463,"26":208.63917122318182,"45":215.42958261898764,"208":281.3544049165076,"40":222.4004228814393,"173":307.90513811689027}}}
{"op_code":8,"worker_id":"f959fc9e-6564-4713-bc97-cf94a2bd32ad-8316722560","trial_id":58,"user_attr":{"val_efc_mean":83.35096753124998}}
{"op_code":8,"worker_id":"f959fc9e-6564-4713-bc97-cf94a2bd32ad-8316722560","trial_id":58,"user_attr":{"converged_share":1.0}}
{"op_code":8,"worker_id":"f959fc9e-6564-4713-bc97-cf94a2bd32ad-8316722560","trial_id":58,"user_attr":{"wall_s":350.2331471443176}}
{"op_code":6,"worker_id":"f959fc9e-6564-4713-bc97-cf94a2bd32ad-8316722560","trial_id":58,"state":1,"values":[266.28905415711563],"datetime_complete":"2026-10-08T03:42:06.565193"}
{"op_code":7,"worker_id":"f959fc9e-6564-4713-bc97-cf94a2bd32ad-8316722560","trial_id":59,"step":16,"intermediate_value":265.8737294196305}
{"op_code":8,"worker_id":"f959fc9e-6564-4713-bc97-cf94a2bd32ad-8316722560","trial_id":59,"user_attr":{"hh_saving":{"254":322.65481692416046,"185":283.3024438766573,"230":291.1367122195779,"266":175.60796384630763,"145":320.16415109789347,"229":184.44852465831175,"300":350.2920383187136,"69":351.44293916204487,"136":250.58714882662238,"56":281.9078928338101,"72":209.62357936978393,"26":206.8223745807592,"45":216.02153560856073,"208":280.16533633780773,"40":222.553245053819,"173":307.24896799925756}}}
{"op_code":8,"worker_id":"f959fc9e-6564-4713-bc97-cf94a2bd32ad-8316722560","trial_id":59,"user_attr":{"val_efc_mean":83.64303823437498}}
{"op_code":8,"worker_id":"f959fc9e-6564-4713-bc97-cf94a2bd32ad-8316722560","trial_id":59,"user_attr":{"converged_share":1.0}}
{"op_code":8,"worker_id":"f959fc9e-6564-4713-bc97-cf94a2bd32ad-8316722560","trial_id":59,"user_attr":{"wall_s":350.2291431427002}}
{"op_code":6,"worker_id":"f959fc9e-6564-4713-bc97-cf94a2bd32ad-8316722560","trial_id":59,"state":1,"values":[265.8737294196305],"datetime_complete":"2026-10-08T03:42:06.567300"}
{"op_code":7,"worker_id":"f959fc9e-6564-4713-bc97-cf94a2bd32ad-8316722560","trial_id":60,"step":16,"intermediate_value":266.5834466147103}
{"op_code":8,"worker_id":"f959fc9e-6564-4713-bc97-cf94a2bd32ad-8316722560","trial_id":60,"user_attr":{"hh_saving":{"254":324.08101542903677,"185":282.7197859719843,"230":290.1113236238259,"266":173.5571143855878,"145":322.41078027790707,"229":183.22701873859947,"300":351.29980580323246,"69":352.9702771143641,"136":250.6693106672913,"56":282.3733315121979,"72":209.89411576527397,"26":209.5229206470987,"45":219.8724650219222,"208":280.3760079058411,"40":222.4796545852891,"173":309.77021838591304}}}
{"op_code":8,"worker_id":"f959fc9e-6564-4713-bc97-cf94a2bd32ad-8316722560","trial_id":60,"user_attr":{"val_efc_mean":84.370963109375}}
{"op_code":8,"worker_id":"f959fc9e-6564-4713-bc97-cf94a2bd32ad-8316722560","trial_id":60,"user_attr":{"converged_share":1.0}}
{"op_code":8,"worker_id":"f959fc9e-6564-4713-bc97-cf94a2bd32ad-8316722560","trial_id":60,"user_attr":{"wall_s":350.22589802742004}}
{"op_code":6,"worker_id":"f959fc9e-6564-4713-bc97-cf94a2bd32ad-8316722560","trial_id":60,"state":1,"values":[266.5834466147103],"datetime_complete":"2026-10-08T03:42:06.569302"}
{"op_code":7,"worker_id":"f959fc9e-6564-4713-bc97-cf94a2bd32ad-8316722560","trial_id":61,"step":16,"intermediate_value":266.2723056632839}
{"op_code":8,"worker_id":"f959fc9e-6564-4713-bc97-cf94a2bd32ad-8316722560","trial_id":61,"user_attr":{"hh_saving":{"254":324.03819787755737,"185":282.6154127704914,"230":289.93105232821637,"266":175.2099078681568,"145":323.69386216857527,"229":182.2177941506192,"300":351.02448324842965,"69":350.8937456209398,"136":250.81423527719826,"56":281.4268119852454,"72":210.38592081616673,"26":207.86252682347998,"45":216.64406556990463,"208":281.5284017320494,"40":223.04948543017477,"173":309.02098694533703}}}
{"op_code":8,"worker_id":"f959fc9e-6564-4713-bc97-cf94a2bd32ad-8316722560","trial_id":61,"user_attr":{"val_efc_mean":83.73368309374999}}
{"op_code":8,"worker_id":"f959fc9e-6564-4713-bc97-cf94a2bd32ad-8316722560","trial_id":61,"user_attr":{"converged_share":1.0}}
{"op_code":8,"worker_id":"f959fc9e-6564-4713-bc97-cf94a2bd32ad-8316722560","trial_id":61,"user_attr":{"wall_s":350.2225637435913}}
{"op_code":6,"worker_id":"f959fc9e-6564-4713-bc97-cf94a2bd32ad-8316722560","trial_id":61,"state":1,"values":[266.2723056632839],"datetime_complete":"2026-10-08T03:42:06.571178"}
{"op_code":7,"worker_id":"f959fc9e-6564-4713-bc97-cf94a2bd32ad-8316722560","trial_id":62,"step":16,"intermediate_value":265.8162248630574}
{"op_code":8,"worker_id":"f959fc9e-6564-4713-bc97-cf94a2bd32ad-8316722560","trial_id":62,"user_attr":{"hh_saving":{"254":321.27480118363627,"185":283.0104862748047,"230":291.47335093618557,"266":171.52258191310455,"145":323.09958194830017,"229":183.51892179088864,"300":348.81323925675326,"69":351.90734867875864,"136":252.18515963987593,"56":281.4925230816688,"72":209.15430319735967,"26":204.84204758534435,"45":216.48974999730189,"208":281.4841287318785,"40":223.86299536961465,"173":308.9283782234429}}}
{"op_code":8,"worker_id":"f959fc9e-6564-4713-bc97-cf94a2bd32ad-8316722560","trial_id":62,"user_attr":{"val_efc_mean":83.849690984375}}
{"op_code":8,"worker_id":"f959fc9e-6564-4713-bc97-cf94a2bd32ad-8316722560","trial_id":62,"user_attr":{"converged_share":1.0}}
{"op_code":8,"worker_id":"f959fc9e-6564-4713-bc97-cf94a2bd32ad-8316722560","trial_id":62,"user_attr":{"wall_s":350.2188217639923}}
{"op_code":6,"worker_id":"f959fc9e-6564-4713-bc97-cf94a2bd32ad-8316722560","trial_id":62,"state":1,"values":[265.8162248630574],"datetime_complete":"2026-10-08T03:42:06.573153"}
{"op_code":7,"worker_id":"f959fc9e-6564-4713-bc97-cf94a2bd32ad-8316722560","trial_id":63,"step":16,"intermediate_value":266.9471743414449}
{"op_code":8,"worker_id":"f959fc9e-6564-4713-bc97-cf94a2bd32ad-8316722560","trial_id":63,"user_attr":{"hh_saving":{"254":322.99896928355355,"185":284.0782435805793,"230":291.1531770399338,"266":178.72125645935503,"145":322.50494088251634,"229":187.42034691398786,"300":352.68899840357153,"69":350.91068103734426,"136":251.4184009360625,"56":282.6435655432565,"72":208.55961911462026,"26":206.94051781920956,"45":216.4635631454295,"208":282.64648718716114,"40":223.5876192040063,"173":308.41840291253067}}}
{"op_code":8,"worker_id":"f959fc9e-6564-4713-bc97-cf94a2bd32ad-8316722560","trial_id":63,"user_attr":{"val_efc_mean":83.85005140625}}
{"op_code":8,"worker_id":"f959fc9e-6564-4713-bc97-cf94a2bd32ad-8316722560","trial_id":63,"user_attr":{"converged_share":1.0}}
{"op_code":8,"worker_id":"f959fc9e-6564-4713-bc97-cf94a2bd32ad-8316722560","trial_id":63,"user_attr":{"wall_s":350.215213060379}}
{"op_code":6,"worker_id":"f959fc9e-6564-4713-bc97-cf94a2bd32ad-8316722560","trial_id":63,"state":1,"values":[266.9471743414449],"datetime_complete":"2026-10-08T03:42:06.574936"}
{"op_code":7,"worker_id":"f959fc9e-6564-4713-bc97-cf94a2bd32ad-8316722560","trial_id":64,"step":16,"intermediate_value":265.58878365996463}
{"op_code":8,"worker_id":"f959fc9e-6564-4713-bc97-cf94a2bd32ad-8316722560","trial_id":64,"user_attr":{"hh_saving":{"254":323.85904774178437,"185":281.28342081942515,"230":291.73298001743717,"266":168.92766805428045,"145":320.64550951279887,"229":184.80706073186838,"300":347.9425322415329,"69":350.210547342697,"136":251.54356979323836,"56":282.1144287479249,"72":210.08697554401795,"26":207.19866294092412,"45":219.55608464575198,"208":281.1797706550872,"40":222.39284752601793,"173":305.9394322446474}}}
{"op_code":8,"worker_id":"f959fc9e-6564-4713-bc97-cf94a2bd32ad-8316722560","trial_id":64,"user_attr":{"val_efc_mean":83.59410065624999}}
{"op_code":8,"worker_id":"f959fc9e-6564-4713-bc97-cf94a2bd32ad-8316722560","trial_id":64,"user_attr":{"converged_share":1.0}}
{"op_code":8,"worker_id":"f959fc9e-6564-4713-bc97-cf94a2bd32ad-8316722560","trial_id":64,"user_attr":{"wall_s":350.2115240097046}}
{"op_code":6,"worker_id":"f959fc9e-6564-4713-bc97-cf94a2bd32ad-8316722560","trial_id":64,"state":1,"values":[265.58878365996463],"datetime_complete":"2026-10-08T03:42:06.576927"}
{"op_code":7,"worker_id":"f959fc9e-6564-4713-bc97-cf94a2bd32ad-8316722560","trial_id":65,"step":16,"intermediate_value":0.746968913924104}
{"op_code":8,"worker_id":"f959fc9e-6564-4713-bc97-cf94a2bd32ad-8316722560","trial_id":65,"user_attr":{"hh_saving":{"254":0.6469475655446948,"185":1.0708370543953631,"230":0.0,"266":5.07779244678698,"145":0.5130830429592379,"229":0.77672601646235,"300":-1.9270050807662256,"69":0.2615373868442999,"136":0.7251200217353073,"56":-0.4868109454144656,"72":0.407147236529457,"26":0.07601257133618487,"45":2.140575844283015,"208":0.8111525197566688,"40":0.683268256080465,"173":1.1751186862523306}}}
{"op_code":8,"worker_id":"f959fc9e-6564-4713-bc97-cf94a2bd32ad-8316722560","trial_id":65,"user_attr":{"val_efc_mean":0.5461444218749999}}
{"op_code":8,"worker_id":"f959fc9e-6564-4713-bc97-cf94a2bd32ad-8316722560","trial_id":65,"user_attr":{"converged_share":1.0}}
{"op_code":8,"worker_id":"f959fc9e-6564-4713-bc97-cf94a2bd32ad-8316722560","trial_id":65,"user_attr":{"wall_s":350.2074439525604}}
{"op_code":6,"worker_id":"f959fc9e-6564-4713-bc97-cf94a2bd32ad-8316722560","trial_id":65,"state":1,"values":[0.746968913924104],"datetime_complete":"2026-10-08T03:42:06.579023"}
{"op_code":7,"worker_id":"f959fc9e-6564-4713-bc97-cf94a2bd32ad-8316722560","trial_id":66,"step":16,"intermediate_value":266.1227468299749}
{"op_code":8,"worker_id":"f959fc9e-6564-4713-bc97-cf94a2bd32ad-8316722560","trial_id":66,"user_attr":{"hh_saving":{"254":323.6666208639027,"185":283.00565747073654,"230":291.365331360485,"266":174.44879659250375,"145":323.5063562468734,"229":182.28010993716654,"300":347.9835842739,"69":352.0903287816939,"136":251.61450339822056,"56":282.6493073739697,"72":209.95322337500465,"26":207.4285057324081,"45":214.67420410085066,"208":281.822722063244,"40":222.90899687156184,"173":308.56570083707726}}}
{"op_code":8,"worker_id":"f959fc9e-6564-4713-bc97-cf94a2bd32ad-8316722560","trial_id":66,"user_attr":{"val_efc_mean":83.590670109375}}
{"op_code":8,"worker_id":"f959fc9e-6564-4713-bc97-cf94a2bd32ad-8316722560","trial_id":66,"user_attr":{"converged_share":1.0}}
{"op_code":8,"worker_id":"f959fc9e-6564-4713-bc97-cf94a2bd32ad-8316722560","trial_id":66,"user_attr":{"wall_s":350.2029070854187}}
{"op_code":6,"worker_id":"f959fc9e-6564-4713-bc97-cf94a2bd32ad-8316722560","trial_id":66,"state":1,"values":[266.1227468299749],"datetime_complete":"2026-10-08T03:42:06.581152"}
{"op_code":7,"worker_id":"f959fc9e-6564-4713-bc97-cf94a2bd32ad-8316722560","trial_id":67,"step":16,"intermediate_value":264.54475069623095}
{"op_code":8,"worker_id":"f959fc9e-6564-4713-bc97-cf94a2bd32ad-8316722560","trial_id":67,"user_attr":{"hh_saving":{"254":322.52125086256194,"185":279.23453595161766,"230":288.932643477895,"266":176.0742943690248,"145":323.2363891040932,"229":181.22309167826322,"300":344.7377778772207,"69":350.7586942195012,"136":249.07746329350687,"56":280.67362420126045,"72":208.5661671454262,"26":206.4174697922452,"45":214.72473055720002,"208":278.89969576336205,"40":221.946280945427,"173":305.6919019010898}}}
{"op_code":8,"worker_id":"f959fc9e-6564-4713-bc97-cf94a2bd32ad-8316722560","trial_id":67,"user_attr":{"val_efc_mean":83.932991203125}}
{"op_code":8,"worker_id":"f959fc9e-6564-4713-bc97-cf94a2bd32ad-8316722560","trial_id":67,"user_attr":{"converged_share":1.0}}
{"op_code":8,"worker_id":"f959fc9e-6564-4713-bc97-cf94a2bd32ad-8316722560","trial_id":67,"user_attr":{"wall_s":350.2000470161438}}
{"op_code":6,"worker_id":"f959fc9e-6564-4713-bc97-cf94a2bd32ad-8316722560","trial_id":67,"state":1,"values":[264.54475069623095],"datetime_complete":"2026-10-08T03:42:06.583785"}
{"op_code":7,"worker_id":"f959fc9e-6564-4713-bc97-cf94a2bd32ad-8316722560","trial_id":68,"step":16,"intermediate_value":266.16736771656014}
{"op_code":8,"worker_id":"f959fc9e-6564-4713-bc97-cf94a2bd32ad-8316722560","trial_id":68,"user_attr":{"hh_saving":{"254":322.4672955177116,"185":283.1582455370506,"230":291.41681432872707,"266":173.29859672179907,"145":323.5880792234963,"229":182.59663741756813,"300":350.8414669223099,"69":351.79124515620185,"136":251.09107108401014,"56":281.71479968700106,"72":209.6392951922218,"26":207.4106035469517,"45":214.45724412915337,"208":281.6839975792201,"40":223.02324186092588,"173":310.4992495606138}}}
{"op_code":8,"worker_id":"f959fc9e-6564-4713-bc97-cf94a2bd32ad-8316722560","trial_id":68,"user_attr":{"val_efc_mean":83.147888703125}}
{"op_code":8,"worker_id":"f959fc9e-6564-4713-bc97-cf94a2bd32ad-8316722560","trial_id":68,"user_attr":{"converged_share":0.3125}}
{"op_code":8,"worker_id":"f959fc9e-6564-4713-bc97-cf94a2bd32ad-8316722560","trial_id":68,"user_attr":{"wall_s":350.1972689628601}}
{"op_code":6,"worker_id":"f959fc9e-6564-4713-bc97-cf94a2bd32ad-8316722560","trial_id":68,"state":1,"values":[266.16736771656014],"datetime_complete":"2026-10-08T03:42:06.586369"}
{"op_code":7,"worker_id":"f959fc9e-6564-4713-bc97-cf94a2bd32ad-8316722560","trial_id":69,"step":16,"intermediate_value":0.16666075580495776}
{"op_code":8,"worker_id":"f959fc9e-6564-4713-bc97-cf94a2bd32ad-8316722560","trial_id":69,"user_attr":{"hh_saving":{"254":0.5352716112897886,"185":1.0708370543953631,"230":0.0,"266":0.19352484820125987,"145":0.5130830429592379,"229":-1.7832480832891195,"300":-1.0458981195050419,"69":0.16298644117175748,"136":0.9745673281837871,"56":0.6666849843313604,"72":0.12148920223475759,"26":0.07601257133618487,"45":0.16459039572807757,"208":0.7509238868329585,"40":-0.05448744121129932,"173":0.3202343702202524}}}
{"op_code":8,"worker_id":"f959fc9e-6564-4713-bc97-cf94a2bd32ad-8316722560","trial_id":69,"user_attr":{"val_efc_mean":0.36906249999999996}}
{"op_code":8,"worker_id":"f959fc9e-6564-4713-bc97-cf94a2bd32ad-8316722560","trial_id":69,"user_attr":{"converged_share":1.0}}
{"op_code":8,"worker_id":"f959fc9e-6564-4713-bc97-cf94a2bd32ad-8316722560","trial_id":69,"user_attr":{"wall_s":350.19441390037537}}
{"op_code":6,"worker_id":"f959fc9e-6564-4713-bc97-cf94a2bd32ad-8316722560","trial_id":69,"state":1,"values":[0.16666075580495776],"datetime_complete":"2026-10-08T03:42:06.588921"}
{"op_code":7,"worker_id":"f959fc9e-6564-4713-bc97-cf94a2bd32ad-8316722560","trial_id":70,"step":16,"intermediate_value":262.5447913923484}
{"op_code":8,"worker_id":"f959fc9e-6564-4713-bc97-cf94a2bd32ad-8316722560","trial_id":70,"user_attr":{"hh_saving":{"254":318.4766162947239,"185":279.5641430939527,"230":290.1847786676066,"266":174.16203770926637,"145":319.3052331333777,"229":178.28402771224415,"300":341.28443674929105,"69":348.3665480331199,"136":250.47683991523309,"56":279.00466636405014,"72":205.91178243864744,"26":204.0558777915092,"45":209.90384579519437,"208":278.8782428977243,"40":221.0498533003121,"173":301.8077323813212}}}
{"op_code":8,"worker_id":"f959fc9e-6564-4713-bc97-cf94a2bd32ad-8316722560","trial_id":70,"user_attr":{"val_efc_mean":82.099412671875}}
{"op_code":8,"worker_id":"f959fc9e-6564-4713-bc97-cf94a2bd32ad-8316722560","trial_id":70,"user_attr":{"converged_share":1.0}}
{"op_code":8,"worker_id":"f959fc9e-6564-4713-bc97-cf94a2bd32ad-8316722560","trial_id":70,"user_attr":{"wall_s":350.19145703315735}}
{"op_code":6,"worker_id":"f959fc9e-6564-4713-bc97-cf94a2bd32ad-8316722560","trial_id":70,"state":1,"values":[262.5447913923484],"datetime_complete":"2026-10-08T03:42:06.591439"}
{"op_code":7,"worker_id":"f959fc9e-6564-4713-bc97-cf94a2bd32ad-8316722560","trial_id":71,"step":16,"intermediate_value":266.4326674294947}
{"op_code":8,"worker_id":"f959fc9e-6564-4713-bc97-cf94a2bd32ad-8316722560","trial_id":71,"user_attr":{"hh_saving":{"254":323.3848398222467,"185":282.7231071107016,"230":292.5050476822403,"266":174.74882936688888,"145":323.92239551774975,"229":182.82310626367823,"300":352.68011418437663,"69":353.0078596679414,"136":251.6737672246318,"56":281.4465581492336,"72":210.47251417578127,"26":206.92980506236742,"45":212.95056517733553,"208":281.56725251673896,"40":223.22752898186525,"173":308.8593879681371}}}
{"op_code":8,"worker_id":"f959fc9e-6564-4713-bc97-cf94a2bd32ad-8316722560","trial_id":71,"user_attr":{"val_efc_mean":83.539221265625}}
{"op_code":8,"worker_id":"f959fc9e-6564-4713-bc97-cf94a2bd32ad-8316722560","trial_id":71,"user_attr":{"converged_share":1.0}}
{"op_code":8,"worker_id":"f959fc9e-6564-4713-bc97-cf94a2bd32ad-8316722560","trial_id":71,"user_attr":{"wall_s":350.18791580200195}}
{"op_code":6,"worker_id":"f959fc9e-6564-4713-bc97-cf94a2bd32ad-8316722560","trial_id":71,"state":1,"values":[266.4326674294947],"datetime_complete":"2026-10-08T03:42:06.593359"}
{"op_code":4,"worker_id":"f959fc9e-6564-4713-bc97-cf94a2bd32ad-8316722560","study_id":0,"datetime_start":"2026-10-08T03:45:29.837471"}
{"op_code":9,"worker_id":"f959fc9e-6564-4713-bc97-cf94a2bd32ad-8316722560","trial_id":96,"system_attr":{"tpe:relative_params:0":"{\"clone_batch\": 256, \"clone_class_power\": 0.1992811051473486, \"clone_label_smoothing\": 0.1, \"clone_patience\": 5, \"clone_weight_decay\": 0.0, \"hidden\": 64, \"lr\": 0.007200121824565179}"}}
{"op_code":5,"worker_id":"f959fc9e-6564-4713-bc97-cf94a2bd32ad-8316722560","trial_id":96,"param_name":"lr","param_value_internal":0.007200121824565179,"distribution":"{\"name\": \"FloatDistribution\", \"attributes\": {\"step\": null, \"low\": 0.0001, \"high\": 0.01, \"log\": true}}"}
{"op_code":5,"worker_id":"f959fc9e-6564-4713-bc97-cf94a2bd32ad-8316722560","trial_id":96,"param_name":"hidden","param_value_internal":0,"distribution":"{\"name\": \"CategoricalDistribution\", \"attributes\": {\"choices\": [64, 128, 256]}}"}
{"op_code":5,"worker_id":"f959fc9e-6564-4713-bc97-cf94a2bd32ad-8316722560","trial_id":96,"param_name":"clone_batch","param_value_internal":1,"distribution":"{\"name\": \"CategoricalDistribution\", \"attributes\": {\"choices\": [128, 256, 512, 1024, 2048]}}"}
{"op_code":5,"worker_id":"f959fc9e-6564-4713-bc97-cf94a2bd32ad-8316722560","trial_id":96,"param_name":"clone_weight_decay","param_value_internal":0,"distribution":"{\"name\": \"CategoricalDistribution\", \"attributes\": {\"choices\": [0.0, 1e-06, 1e-05, 0.0001, 0.001]}}"}
{"op_code":5,"worker_id":"f959fc9e-6564-4713-bc97-cf94a2bd32ad-8316722560","trial_id":96,"param_name":"clone_class_power","param_value_internal":0.1992811051473486,"distribution":"{\"name\": \"FloatDistribution\", \"attributes\": {\"step\": null, \"low\": 0.0, \"high\": 1.0, \"log\": false}}"}
{"op_code":5,"worker_id":"f959fc9e-6564-4713-bc97-cf94a2bd32ad-8316722560","trial_id":96,"param_name":"clone_label_smoothing","param_value_internal":2,"distribution":"{\"name\": \"CategoricalDistribution\", \"attributes\": {\"choices\": [0.0, 0.05, 0.1]}}"}
{"op_code":5,"worker_id":"f959fc9e-6564-4713-bc97-cf94a2bd32ad-8316722560","trial_id":96,"param_name":"clone_patience","param_value_internal":0,"distribution":"{\"name\": \"CategoricalDistribution\", \"attributes\": {\"choices\": [5, 10, 20]}}"}
{"op_code":8,"worker_id":"f959fc9e-6564-4713-bc97-cf94a2bd32ad-8316722560","trial_id":96,"user_attr":{"tag":"ca0441b52e721"}}
{"op_code":8,"worker_id":"f959fc9e-6564-4713-bc97-cf94a2bd32ad-8316722560","trial_id":96,"user_attr":{"overrides":{"lr":0.007200121824565179,"hidden":64,"clone_batch":256,"clone_weight_decay":0.0,"clone_class_power":0.1992811051473486,"clone_label_smoothing":0.1,"clone_patience":5}}}
{"op_code":4,"worker_id":"f959fc9e-6564-4713-bc97-cf94a2bd32ad-8316722560","study_id":0,"datetime_start":"2026-10-08T03:45:29.844702"}
{"op_code":9,"worker_id":"f959fc9e-6564-4713-bc97-cf94a2bd32ad-8316722560","trial_id":97,"system_attr":{"tpe:relative_params:0":"{\"clone_batch\": 128, \"clone_class_power\": 0.16598517556686704, \"clone_label_smoothing\": 0.1, \"clone_patience\": 5, \"clone_weight_decay\": 1e-05, \"hidden\": 64, \"lr\": 0.0027187786901469776}"}}
{"op_code":5,"worker_id":"f959fc9e-6564-4713-bc97-cf94a2bd32ad-8316722560","trial_id":97,"param_name":"lr","param_value_internal":0.0027187786901469776,"distribution":"{\"name\": \"FloatDistribution\", \"attributes\": {\"step\": null, \"low\": 0.0001, \"high\": 0.01, \"log\": true}}"}
{"op_code":5,"worker_id":"f959fc9e-6564-4713-bc97-cf94a2bd32ad-8316722560","trial_id":97,"param_name":"hidden","param_value_internal":0,"distribution":"{\"name\": \"CategoricalDistribution\", \"attributes\": {\"choices\": [64, 128, 256]}}"}
{"op_code":5,"worker_id":"f959fc9e-6564-4713-bc97-cf94a2bd32ad-8316722560","trial_id":97,"param_name":"clone_batch","param_value_internal":0,"distribution":"{\"name\": \"CategoricalDistribution\", \"attributes\": {\"choices\": [128, 256, 512, 1024, 2048]}}"}
{"op_code":5,"worker_id":"f959fc9e-6564-4713-bc97-cf94a2bd32ad-8316722560","trial_id":97,"param_name":"clone_weight_decay","param_value_internal":2,"distribution":"{\"name\": \"CategoricalDistribution\", \"attributes\": {\"choices\": [0.0, 1e-06, 1e-05, 0.0001, 0.001]}}"}
{"op_code":5,"worker_id":"f959fc9e-6564-4713-bc97-cf94a2bd32ad-8316722560","trial_id":97,"param_name":"clone_class_power","param_value_internal":0.16598517556686704,"distribution":"{\"name\": \"FloatDistribution\", \"attributes\": {\"step\": null, \"low\": 0.0, \"high\": 1.0, \"log\": false}}"}
{"op_code":5,"worker_id":"f959fc9e-6564-4713-bc97-cf94a2bd32ad-8316722560","trial_id":97,"param_name":"clone_label_smoothing","param_value_internal":2,"distribution":"{\"name\": \"CategoricalDistribution\", \"attributes\": {\"choices\": [0.0, 0.05, 0.1]}}"}
{"op_code":5,"worker_id":"f959fc9e-6564-4713-bc97-cf94a2bd32ad-8316722560","trial_id":97,"param_name":"clone_patience","param_value_internal":0,"distribution":"{\"name\": \"CategoricalDistribution\", \"attributes\": {\"choices\": [5, 10, 20]}}"}
{"op_code":8,"worker_id":"f959fc9e-6564-4713-bc97-cf94a2bd32ad-8316722560","trial_id":97,"user_attr":{"tag":"c7d17a5b36304"}}
{"op_code":8,"worker_id":"f959fc9e-6564-4713-bc97-cf94a2bd32ad-8316722560","trial_id":97,"user_attr":{"overrides":{"lr":0.0027187786901469776,"hidden":64,"clone_batch":128,"clone_weight_decay":1e-05,"clone_class_power":0.16598517556686704,"clone_label_smoothing":0.1,"clone_patience":5}}}
{"op_code":4,"worker_id":"f959fc9e-6564-4713-bc97-cf94a2bd32ad-8316722560","study_id":0,"datetime_start":"2026-10-08T03:45:29.850844"}
{"op_code":9,"worker_id":"f959fc9e-6564-4713-bc97-cf94a2bd32ad-8316722560","trial_id":98,"system_attr":{"tpe:relative_params:0":"{\"clone_batch\": 1024, \"clone_class_power\": 0.3558382768096533, \"clone_label_smoothing\": 0.1, \"clone_patience\": 10, \"clone_weight_decay\": 1e-05, \"hidden\": 128, \"lr\": 0.0007180372696295824}"}}
{"op_code":5,"worker_id":"f959fc9e-6564-4713-bc97-cf94a2bd32ad-8316722560","trial_id":98,"param_name":"lr","param_value_internal":0.0007180372696295824,"distribution":"{\"name\": \"FloatDistribution\", \"attributes\": {\"step\": null, \"low\": 0.0001, \"high\": 0.01, \"log\": true}}"}
{"op_code":5,"worker_id":"f959fc9e-6564-4713-bc97-cf94a2bd32ad-8316722560","trial_id":98,"param_name":"hidden","param_value_internal":1,"distribution":"{\"name\": \"CategoricalDistribution\", \"attributes\": {\"choices\": [64, 128, 256]}}"}
{"op_code":5,"worker_id":"f959fc9e-6564-4713-bc97-cf94a2bd32ad-8316722560","trial_id":98,"param_name":"clone_batch","param_value_internal":3,"distribution":"{\"name\": \"CategoricalDistribution\", \"attributes\": {\"choices\": [128, 256, 512, 1024, 2048]}}"}
{"op_code":5,"worker_id":"f959fc9e-6564-4713-bc97-cf94a2bd32ad-8316722560","trial_id":98,"param_name":"clone_weight_decay","param_value_internal":2,"distribution":"{\"name\": \"CategoricalDistribution\", \"attributes\": {\"choices\": [0.0, 1e-06, 1e-05, 0.0001, 0.001]}}"}
{"op_code":5,"worker_id":"f959fc9e-6564-4713-bc97-cf94a2bd32ad-8316722560","trial_id":98,"param_name":"clone_class_power","param_value_internal":0.3558382768096533,"distribution":"{\"name\": \"FloatDistribution\", \"attributes\": {\"step\": null, \"low\": 0.0, \"high\": 1.0, \"log\": false}}"}
{"op_code":5,"worker_id":"f959fc9e-6564-4713-bc97-cf94a2bd32ad-8316722560","trial_id":98,"param_name":"clone_label_smoothing","param_value_internal":2,"distribution":"{\"name\": \"CategoricalDistribution\", \"attributes\": {\"choices\": [0.0, 0.05, 0.1]}}"}
{"op_code":5,"worker_id":"f959fc9e-6564-4713-bc97-cf94a2bd32ad-8316722560","trial_id":98,"param_name":"clone_patience","param_value_internal":1,"distribution":"{\"name\": \"CategoricalDistribution\", \"attributes\": {\"choices\": [5, 10, 20]}}"}
{"op_code":8,"worker_id":"f959fc9e-6564-4713-bc97-cf94a2bd32ad-8316722560","trial_id":98,"user_attr":{"tag":"c84f9763f7272"}}
{"op_code":8,"worker_id":"f959fc9e-6564-4713-bc97-cf94a2bd32ad-8316722560","trial_id":98,"user_attr":{"overrides":{"lr":0.0007180372696295824,"hidden":128,"clone_batch":1024,"clone_weight_decay":1e-05,"clone_class_power":0.3558382768096533,"clone_label_smoothing":0.1,"clone_patience":10}}}
{"op_code":4,"worker_id":"f959fc9e-6564-4713-bc97-cf94a2bd32ad-8316722560","study_id":0,"datetime_start":"2026-10-08T03:45:29.856349"}
{"op_code":9,"worker_id":"f959fc9e-6564-4713-bc97-cf94a2bd32ad-8316722560","trial_id":99,"system_attr":{"tpe:relative_params:0":"{\"clone_batch\": 512, \"clone_class_power\": 0.08937437576386967, \"clone_label_smoothing\": 0.1, \"clone_patience\": 5, \"clone_weight_decay\": 1e-06, \"hidden\": 64, \"lr\": 0.002793326932045448}"}}
{"op_code":5,"worker_id":"f959fc9e-6564-4713-bc97-cf94a2bd32ad-8316722560","trial_id":99,"param_name":"lr","param_value_internal":0.002793326932045448,"distribution":"{\"name\": \"FloatDistribution\", \"attributes\": {\"step\": null, \"low\": 0.0001, \"high\": 0.01, \"log\": true}}"}
{"op_code":5,"worker_id":"f959fc9e-6564-4713-bc97-cf94a2bd32ad-8316722560","trial_id":99,"param_name":"hidden","param_value_internal":0,"distribution":"{\"name\": \"CategoricalDistribution\", \"attributes\": {\"choices\": [64, 128, 256]}}"}
{"op_code":5,"worker_id":"f959fc9e-6564-4713-bc97-cf94a2bd32ad-8316722560","trial_id":99,"param_name":"clone_batch","param_value_internal":2,"distribution":"{\"name\": \"CategoricalDistribution\", \"attributes\": {\"choices\": [128, 256, 512, 1024, 2048]}}"}
{"op_code":5,"worker_id":"f959fc9e-6564-4713-bc97-cf94a2bd32ad-8316722560","trial_id":99,"param_name":"clone_weight_decay","param_value_internal":1,"distribution":"{\"name\": \"CategoricalDistribution\", \"attributes\": {\"choices\": [0.0, 1e-06, 1e-05, 0.0001, 0.001]}}"}
{"op_code":5,"worker_id":"f959fc9e-6564-4713-bc97-cf94a2bd32ad-8316722560","trial_id":99,"param_name":"clone_class_power","param_value_internal":0.08937437576386967,"distribution":"{\"name\": \"FloatDistribution\", \"attributes\": {\"step\": null, \"low\": 0.0, \"high\": 1.0, \"log\": false}}"}
{"op_code":5,"worker_id":"f959fc9e-6564-4713-bc97-cf94a2bd32ad-8316722560","trial_id":99,"param_name":"clone_label_smoothing","param_value_internal":2,"distribution":"{\"name\": \"CategoricalDistribution\", \"attributes\": {\"choices\": [0.0, 0.05, 0.1]}}"}
{"op_code":5,"worker_id":"f959fc9e-6564-4713-bc97-cf94a2bd32ad-8316722560","trial_id":99,"param_name":"clone_patience","param_value_internal":0,"distribution":"{\"name\": \"CategoricalDistribution\", \"attributes\": {\"choices\": [5, 10, 20]}}"}
{"op_code":8,"worker_id":"f959fc9e-6564-4713-bc97-cf94a2bd32ad-8316722560","trial_id":99,"user_attr":{"tag":"c877ccc4d8ee3"}}
{"op_code":8,"worker_id":"f959fc9e-6564-4713-bc97-cf94a2bd32ad-8316722560","trial_id":99,"user_attr":{"overrides":{"lr":0.002793326932045448,"hidden":64,"clone_batch":512,"clone_weight_decay":1e-06,"clone_class_power":0.08937437576386967,"clone_label_smoothing":0.1,"clone_patience":5}}}
{"op_code":4,"worker_id":"f959fc9e-6564-4713-bc97-cf94a2bd32ad-8316722560","study_id":0,"datetime_start":"2026-10-08T03:45:29.861688"}
{"op_code":9,"worker_id":"f959fc9e-6564-4713-bc97-cf94a2bd32ad-8316722560","trial_id":100,"system_attr":{"tpe:relative_params:0":"{\"clone_batch\": 128, \"clone_class_power\": 0.5058159365906174, \"clone_label_smoothing\": 0.1, \"clone_patience\": 5, \"clone_weight_decay\": 1e-06, \"hidden\": 64, \"lr\": 0.00446131286816361}"}}
{"op_code":5,"worker_id":"f959fc9e-6564-4713-bc97-cf94a2bd32ad-8316722560","trial_id":100,"param_name":"lr","param_value_internal":0.00446131286816361,"distribution":"{\"name\": \"FloatDistribution\", \"attributes\": {\"step\": null, \"low\": 0.0001, \"high\": 0.01, \"log\": true}}"}
{"op_code":5,"worker_id":"f959fc9e-6564-4713-bc97-cf94a2bd32ad-8316722560","trial_id":100,"param_name":"hidden","param_value_internal":0,"distribution":"{\"name\": \"CategoricalDistribution\", \"attributes\": {\"choices\": [64, 128, 256]}}"}
{"op_code":5,"worker_id":"f959fc9e-6564-4713-bc97-cf94a2bd32ad-8316722560","trial_id":100,"param_name":"clone_batch","param_value_internal":0,"distribution":"{\"name\": \"CategoricalDistribution\", \"attributes\": {\"choices\": [128, 256, 512, 1024, 2048]}}"}
{"op_code":5,"worker_id":"f959fc9e-6564-4713-bc97-cf94a2bd32ad-8316722560","trial_id":100,"param_name":"clone_weight_decay","param_value_internal":1,"distribution":"{\"name\": \"CategoricalDistribution\", \"attributes\": {\"choices\": [0.0, 1e-06, 1e-05, 0.0001, 0.001]}}"}
{"op_code":5,"worker_id":"f959fc9e-6564-4713-bc97-cf94a2bd32ad-8316722560","trial_id":100,"param_name":"clone_class_power","param_value_internal":0.5058159365906174,"distribution":"{\"name\": \"FloatDistribution\", \"attributes\": {\"step\": null, \"low\": 0.0, \"high\": 1.0, \"log\": false}}"}
{"op_code":5,"worker_id":"f959fc9e-6564-4713-bc97-cf94a2bd32ad-8316722560","trial_id":100,"param_name":"clone_label_smoothing","param_value_internal":2,"distribution":"{\"name\": \"CategoricalDistribution\", \"attributes\": {\"choices\": [0.0, 0.05, 0.1]}}"}
{"op_code":5,"worker_id":"f959fc9e-6564-4713-bc97-cf94a2bd32ad-8316722560","trial_id":100,"param_name":"clone_patience","param_value_internal":0,"distribution":"{\"name\": \"CategoricalDistribution\", \"attributes\": {\"choices\": [5, 10, 20]}}"}
{"op_code":8,"worker_id":"f959fc9e-6564-4713-bc97-cf94a2bd32ad-8316722560","trial_id":100,"user_attr":{"tag":"cfeb01716275e"}}
{"op_code":8,"worker_id":"f959fc9e-6564-4713-bc97-cf94a2bd32ad-8316722560","trial_id":100,"user_attr":{"overrides":{"lr":0.00446131286816361,"hidden":64,"clone_batch":128,"clone_weight_decay":1e-06,"clone_class_power":0.5058159365906174,"clone_label_smoothing":0.1,"clone_patience":5}}}
{"op_code":4,"worker_id":"f959fc9e-6564-4713-bc97-cf94a2bd32ad-8316722560","study_id":0,"datetime_start":"2026-10-08T03:45:29.867171"}
{"op_code":9,"worker_id":"f959fc9e-6564-4713-bc97-cf94a2bd32ad-8316722560","trial_id":101,"system_attr":{"tpe:relative_params:0":"{\"clone_batch\": 128, \"clone_class_power\": 0.4125295471197781, \"clone_label_smoothing\": 0.0, \"clone_patience\": 5, \"clone_weight_decay\": 1e-05, \"hidden\": 64, \"lr\": 0.006227926819804591}"}}
{"op_code":5,"worker_id":"f959fc9e-6564-4713-bc97-cf94a2bd32ad-8316722560","trial_id":101,"param_name":"lr","param_value_internal":0.006227926819804591,"distribution":"{\"name\": \"FloatDistribution\", \"attributes\": {\"step\": null, \"low\": 0.0001, \"high\": 0.01, \"log\": true}}"}
{"op_code":5,"worker_id":"f959fc9e-6564-4713-bc97-cf94a2bd32ad-8316722560","trial_id":101,"param_name":"hidden","param_value_internal":0,"distribution":"{\"name\": \"CategoricalDistribution\", \"attributes\": {\"choices\": [64, 128, 256]}}"}
{"op_code":5,"worker_id":"f959fc9e-6564-4713-bc97-cf94a2bd32ad-8316722560","trial_id":101,"param_name":"clone_batch","param_value_internal":0,"distribution":"{\"name\": \"CategoricalDistribution\", \"attributes\": {\"choices\": [128, 256, 512, 1024, 2048]}}"}
{"op_code":5,"worker_id":"f959fc9e-6564-4713-bc97-cf94a2bd32ad-8316722560","trial_id":101,"param_name":"clone_weight_decay","param_value_internal":2,"distribution":"{\"name\": \"CategoricalDistribution\", \"attributes\": {\"choices\": [0.0, 1e-06, 1e-05, 0.0001, 0.001]}}"}
{"op_code":5,"worker_id":"f959fc9e-6564-4713-bc97-cf94a2bd32ad-8316722560","trial_id":101,"param_name":"clone_class_power","param_value_internal":0.4125295471197781,"distribution":"{\"name\": \"FloatDistribution\", \"attributes\": {\"step\": null, \"low\": 0.0, \"high\": 1.0, \"log\": false}}"}
{"op_code":5,"worker_id":"f959fc9e-6564-4713-bc97-cf94a2bd32ad-8316722560","trial_id":101,"param_name":"clone_label_smoothing","param_value_internal":0,"distribution":"{\"name\": \"CategoricalDistribution\", \"attributes\": {\"choices\": [0.0, 0.05, 0.1]}}"}
{"op_code":5,"worker_id":"f959fc9e-6564-4713-bc97-cf94a2bd32ad-8316722560","trial_id":101,"param_name":"clone_patience","param_value_internal":0,"distribution":"{\"name\": \"CategoricalDistribution\", \"attributes\": {\"choices\": [5, 10, 20]}}"}
{"op_code":8,"worker_id":"f959fc9e-6564-4713-bc97-cf94a2bd32ad-8316722560","trial_id":101,"user_attr":{"tag":"ceb3fba8ed9e6"}}
{"op_code":8,"worker_id":"f959fc9e-6564-4713-bc97-cf94a2bd32ad-8316722560","trial_id":101,"user_attr":{"overrides":{"lr":0.006227926819804591,"hidden":64,"clone_batch":128,"clone_weight_decay":1e-05,"clone_class_power":0.4125295471197781,"clone_label_smoothing":0.0,"clone_patience":5}}}
{"op_code":4,"worker_id":"f959fc9e-6564-4713-bc97-cf94a2bd32ad-8316722560","study_id":0,"datetime_start":"2026-10-08T03:45:29.872421"}
{"op_code":9,"worker_id":"f959fc9e-6564-4713-bc97-cf94a2bd32ad-8316722560","trial_id":102,"system_attr":{"tpe:relative_params:0":"{\"clone_batch\": 256, \"clone_class_power\": 0.17822818603710233, \"clone_label_smoothing\": 0.1, \"clone_patience\": 10, \"clone_weight_decay\": 0.0, \"hidden\": 64, \"lr\": 0.001437842787038373}"}}
{"op_code":5,"worker_id":"f959fc9e-6564-4713-bc97-cf94a2bd32ad-8316722560","trial_id":102,"param_name":"lr","param_value_internal":0.001437842787038373,"distribution":"{\"name\": \"FloatDistribution\", \"attributes\": {\"step\": null, \"low\": 0.0001, \"high\": 0.01, \"log\": true}}"}
{"op_code":5,"worker_id":"f959fc9e-6564-4713-bc97-cf94a2bd32ad-8316722560","trial_id":102,"param_name":"hidden","param_value_internal":0,"distribution":"{\"name\": \"CategoricalDistribution\", \"attributes\": {\"choices\": [64, 128, 256]}}"}
{"op_code":5,"worker_id":"f959fc9e-6564-4713-bc97-cf94a2bd32ad-8316722560","trial_id":102,"param_name":"clone_batch","param_value_internal":1,"distribution":"{\"name\": \"CategoricalDistribution\", \"attributes\": {\"choices\": [128, 256, 512, 1024, 2048]}}"}
{"op_code":5,"worker_id":"f959fc9e-6564-4713-bc97-cf94a2bd32ad-8316722560","trial_id":102,"param_name":"clone_weight_decay","param_value_internal":0,"distribution":"{\"name\": \"CategoricalDistribution\", \"attributes\": {\"choices\": [0.0, 1e-06, 1e-05, 0.0001, 0.001]}}"}
{"op_code":5,"worker_id":"f959fc9e-6564-4713-bc97-cf94a2bd32ad-8316722560","trial_id":102,"param_name":"clone_class_power","param_value_internal":0.17822818603710233,"distribution":"{\"name\": \"FloatDistribution\", \"attributes\": {\"step\": null, \"low\": 0.0, \"high\": 1.0, \"log\": false}}"}
{"op_code":5,"worker_id":"f959fc9e-6564-4713-bc97-cf94a2bd32ad-8316722560","trial_id":102,"param_name":"clone_label_smoothing","param_value_internal":2,"distribution":"{\"name\": \"CategoricalDistribution\", \"attributes\": {\"choices\": [0.0, 0.05, 0.1]}}"}
{"op_code":5,"worker_id":"f959fc9e-6564-4713-bc97-cf94a2bd32ad-8316722560","trial_id":102,"param_name":"clone_patience","param_value_internal":1,"distribution":"{\"name\": \"CategoricalDistribution\", \"attributes\": {\"choices\": [5, 10, 20]}}"}
{"op_code":8,"worker_id":"f959fc9e-6564-4713-bc97-cf94a2bd32ad-8316722560","trial_id":102,"user_attr":{"tag":"c2a521f1e3ffa"}}
{"op_code":8,"worker_id":"f959fc9e-6564-4713-bc97-cf94a2bd32ad-8316722560","trial_id":102,"user_attr":{"overrides":{"lr":0.001437842787038373,"hidden":64,"clone_batch":256,"clone_weight_decay":0.0,"clone_class_power":0.17822818603710233,"clone_label_smoothing":0.1,"clone_patience":10}}}
{"op_code":4,"worker_id":"f959fc9e-6564-4713-bc97-cf94a2bd32ad-8316722560","study_id":0,"datetime_start":"2026-10-08T03:45:29.878316"}
{"op_code":9,"worker_id":"f959fc9e-6564-4713-bc97-cf94a2bd32ad-8316722560","trial_id":103,"system_attr":{"tpe:relative_params:0":"{\"clone_batch\": 512, \"clone_class_power\": 0.4004438523065072, \"clone_label_smoothing\": 0.1, \"clone_patience\": 5, \"clone_weight_decay\": 1e-05, \"hidden\": 64, \"lr\": 0.006345429084582755}"}}
{"op_code":5,"worker_id":"f959fc9e-6564-4713-bc97-cf94a2bd32ad-8316722560","trial_id":103,"param_name":"lr","param_value_internal":0.006345429084582755,"distribution":"{\"name\": \"FloatDistribution\", \"attributes\": {\"step\": null, \"low\": 0.0001, \"high\": 0.01, \"log\": true}}"}
{"op_code":5,"worker_id":"f959fc9e-6564-4713-bc97-cf94a2bd32ad-8316722560","trial_id":103,"param_name":"hidden","param_value_internal":0,"distribution":"{\"name\": \"CategoricalDistribution\", \"attributes\": {\"choices\": [64, 128, 256]}}"}
{"op_code":5,"worker_id":"f959fc9e-6564-4713-bc97-cf94a2bd32ad-8316722560","trial_id":103,"param_name":"clone_batch","param_value_internal":2,"distribution":"{\"name\": \"CategoricalDistribution\", \"attributes\": {\"choices\": [128, 256, 512, 1024, 2048]}}"}
{"op_code":5,"worker_id":"f959fc9e-6564-4713-bc97-cf94a2bd32ad-8316722560","trial_id":103,"param_name":"clone_weight_decay","param_value_internal":2,"distribution":"{\"name\": \"CategoricalDistribution\", \"attributes\": {\"choices\": [0.0, 1e-06, 1e-05, 0.0001, 0.001]}}"}
{"op_code":5,"worker_id":"f959fc9e-6564-4713-bc97-cf94a2bd32ad-8316722560","trial_id":103,"param_name":"clone_class_power","param_value_internal":0.4004438523065072,"distribution":"{\"name\": \"FloatDistribution\", \"attributes\": {\"step\": null, \"low\": 0.0, \"high\": 1.0, \"log\": false}}"}
{"op_code":5,"worker_id":"f959fc9e-6564-4713-bc97-cf94a2bd32ad-8316722560","trial_id":103,"param_name":"clone_label_smoothing","param_value_internal":2,"distribution":"{\"name\": \"CategoricalDistribution\", \"attributes\": {\"choices\": [0.0, 0.05, 0.1]}}"}
{"op_code":5,"worker_id":"f959fc9e-6564-4713-bc97-cf94a2bd32ad-8316722560","trial_id":103,"param_name":"clone_patience","param_value_internal":0,"distribution":"{\"name\": \"CategoricalDistribution\", \"attributes\": {\"choices\": [5, 10, 20]}}"}
{"op_code":8,"worker_id":"f959fc9e-6564-4713-bc97-cf94a2bd32ad-8316722560","trial_id":103,"user_attr":{"tag":"c9aaf74b28fec"}}
{"op_code":8,"worker_id":"f959fc9e-6564-4713-bc97-cf94a2bd32ad-8316722560","trial_id":103,"user_attr":{"overrides":{"lr":0.006345429084582755,"hidden":64,"clone_batch":512,"clone_weight_decay":1e-05,"clone_class_power":0.4004438523065072,"clone_label_smoothing":0.1,"clone_patience":5}}}
{"op_code":4,"worker_id":"f959fc9e-6564-4713-bc97-cf94a2bd32ad-8316722560","study_id":0,"datetime_start":"2026-10-08T03:45:29.883860"}
{"op_code":9,"worker_id":"f959fc9e-6564-4713-bc97-cf94a2bd32ad-8316722560","trial_id":104,"system_attr":{"tpe:relative_params:0":"{\"clone_batch\": 512, \"clone_class_power\": 0.30309040442415197, \"clone_label_smoothing\": 0.1, \"clone_patience\": 20, \"clone_weight_decay\": 0.0, \"hidden\": 64, \"lr\": 0.008612828876627253}"}}
{"op_code":5,"worker_id":"f959fc9e-6564-4713-bc97-cf94a2bd32ad-8316722560","trial_id":104,"param_name":"lr","param_value_internal":0.008612828876627253,"distribution":"{\"name\": \"FloatDistribution\", \"attributes\": {\"step\": null, \"low\": 0.0001, \"high\": 0.01, \"log\": true}}"}
{"op_code":5,"worker_id":"f959fc9e-6564-4713-bc97-cf94a2bd32ad-8316722560","trial_id":104,"param_name":"hidden","param_value_internal":0,"distribution":"{\"name\": \"CategoricalDistribution\", \"attributes\": {\"choices\": [64, 128, 256]}}"}
{"op_code":5,"worker_id":"f959fc9e-6564-4713-bc97-cf94a2bd32ad-8316722560","trial_id":104,"param_name":"clone_batch","param_value_internal":2,"distribution":"{\"name\": \"CategoricalDistribution\", \"attributes\": {\"choices\": [128, 256, 512, 1024, 2048]}}"}
{"op_code":5,"worker_id":"f959fc9e-6564-4713-bc97-cf94a2bd32ad-8316722560","trial_id":104,"param_name":"clone_weight_decay","param_value_internal":0,"distribution":"{\"name\": \"CategoricalDistribution\", \"attributes\": {\"choices\": [0.0, 1e-06, 1e-05, 0.0001, 0.001]}}"}
{"op_code":5,"worker_id":"f959fc9e-6564-4713-bc97-cf94a2bd32ad-8316722560","trial_id":104,"param_name":"clone_class_power","param_value_internal":0.30309040442415197,"distribution":"{\"name\": \"FloatDistribution\", \"attributes\": {\"step\": null, \"low\": 0.0, \"high\": 1.0, \"log\": false}}"}
{"op_code":5,"worker_id":"f959fc9e-6564-4713-bc97-cf94a2bd32ad-8316722560","trial_id":104,"param_name":"clone_label_smoothing","param_value_internal":2,"distribution":"{\"name\": \"CategoricalDistribution\", \"attributes\": {\"choices\": [0.0, 0.05, 0.1]}}"}
{"op_code":5,"worker_id":"f959fc9e-6564-4713-bc97-cf94a2bd32ad-8316722560","trial_id":104,"param_name":"clone_patience","param_value_internal":2,"distribution":"{\"name\": \"CategoricalDistribution\", \"attributes\": {\"choices\": [5, 10, 20]}}"}
{"op_code":8,"worker_id":"f959fc9e-6564-4713-bc97-cf94a2bd32ad-8316722560","trial_id":104,"user_attr":{"tag":"cc58a50d64a27"}}
{"op_code":8,"worker_id":"f959fc9e-6564-4713-bc97-cf94a2bd32ad-8316722560","trial_id":104,"user_attr":{"overrides":{"lr":0.008612828876627253,"hidden":64,"clone_batch":512,"clone_weight_decay":0.0,"clone_class_power":0.30309040442415197,"clone_label_smoothing":0.1,"clone_patience":20}}}
{"op_code":4,"worker_id":"f959fc9e-6564-4713-bc97-cf94a2bd32ad-8316722560","study_id":0,"datetime_start":"2026-10-08T03:45:29.890213"}
{"op_code":9,"worker_id":"f959fc9e-6564-4713-bc97-cf94a2bd32ad-8316722560","trial_id":105,"system_attr":{"tpe:relative_params:0":"{\"clone_batch\": 1024, \"clone_class_power\": 0.002265503412075806, \"clone_label_smoothing\": 0.1, \"clone_patience\": 5, \"clone_weight_decay\": 1e-05, \"hidden\": 128, \"lr\": 0.0006675548520301322}"}}
{"op_code":5,"worker_id":"f959fc9e-6564-4713-bc97-cf94a2bd32ad-8316722560","trial_id":105,"param_name":"lr","param_value_internal":0.0006675548520301322,"distribution":"{\"name\": \"FloatDistribution\", \"attributes\": {\"step\": null, \"low\": 0.0001, \"high\": 0.01, \"log\": true}}"}
{"op_code":5,"worker_id":"f959fc9e-6564-4713-bc97-cf94a2bd32ad-8316722560","trial_id":105,"param_name":"hidden","param_value_internal":1,"distribution":"{\"name\": \"CategoricalDistribution\", \"attributes\": {\"choices\": [64, 128, 256]}}"}
{"op_code":5,"worker_id":"f959fc9e-6564-4713-bc97-cf94a2bd32ad-8316722560","trial_id":105,"param_name":"clone_batch","param_value_internal":3,"distribution":"{\"name\": \"CategoricalDistribution\", \"attributes\": {\"choices\": [128, 256, 512, 1024, 2048]}}"}
{"op_code":5,"worker_id":"f959fc9e-6564-4713-bc97-cf94a2bd32ad-8316722560","trial_id":105,"param_name":"clone_weight_decay","param_value_internal":2,"distribution":"{\"name\": \"CategoricalDistribution\", \"attributes\": {\"choices\": [0.0, 1e-06, 1e-05, 0.0001, 0.001]}}"}
{"op_code":5,"worker_id":"f959fc9e-6564-4713-bc97-cf94a2bd32ad-8316722560","trial_id":105,"param_name":"clone_class_power","param_value_internal":0.002265503412075806,"distribution":"{\"name\": \"FloatDistribution\", \"attributes\": {\"step\": null, \"low\": 0.0, \"high\": 1.0, \"log\": false}}"}
{"op_code":5,"worker_id":"f959fc9e-6564-4713-bc97-cf94a2bd32ad-8316722560","trial_id":105,"param_name":"clone_label_smoothing","param_value_internal":2,"distribution":"{\"name\": \"CategoricalDistribution\", \"attributes\": {\"choices\": [0.0, 0.05, 0.1]}}"}
{"op_code":5,"worker_id":"f959fc9e-6564-4713-bc97-cf94a2bd32ad-8316722560","trial_id":105,"param_name":"clone_patience","param_value_internal":0,"distribution":"{\"name\": \"CategoricalDistribution\", \"attributes\": {\"choices\": [5, 10, 20]}}"}
{"op_code":8,"worker_id":"f959fc9e-6564-4713-bc97-cf94a2bd32ad-8316722560","trial_id":105,"user_attr":{"tag":"c0cc4ab447152"}}
{"op_code":8,"worker_id":"f959fc9e-6564-4713-bc97-cf94a2bd32ad-8316722560","trial_id":105,"user_attr":{"overrides":{"lr":0.0006675548520301322,"hidden":128,"clone_batch":1024,"clone_weight_decay":1e-05,"clone_class_power":0.002265503412075806,"clone_label_smoothing":0.1,"clone_patience":5}}}
{"op_code":4,"worker_id":"f959fc9e-6564-4713-bc97-cf94a2bd32ad-8316722560","study_id":0,"datetime_start":"2026-10-08T03:45:29.896793"}
{"op_code":9,"worker_id":"f959fc9e-6564-4713-bc97-cf94a2bd32ad-8316722560","trial_id":106,"system_attr":{"tpe:relative_params:0":"{\"clone_batch\": 512, \"clone_class_power\": 0.018308972406933854, \"clone_label_smoothing\": 0.0, \"clone_patience\": 20, \"clone_weight_decay\": 1e-06, \"hidden\": 64, \"lr\": 0.007685232833393612}"}}
{"op_code":5,"worker_id":"f959fc9e-6564-4713-bc97-cf94a2bd32ad-8316722560","trial_id":106,"param_name":"lr","param_value_internal":0.007685232833393612,"distribution":"{\"name\": \"FloatDistribution\", \"attributes\": {\"step\": null, \"low\": 0.0001, \"high\": 0.01, \"log\": true}}"}
{"op_code":5,"worker_id":"f959fc9e-6564-4713-bc97-cf94a2bd32ad-8316722560","trial_id":106,"param_name":"hidden","param_value_internal":0,"distribution":"{\"name\": \"CategoricalDistribution\", \"attributes\": {\"choices\": [64, 128, 256]}}"}
{"op_code":5,"worker_id":"f959fc9e-6564-4713-bc97-cf94a2bd32ad-8316722560","trial_id":106,"param_name":"clone_batch","param_value_internal":2,"distribution":"{\"name\": \"CategoricalDistribution\", \"attributes\": {\"choices\": [128, 256, 512, 1024, 2048]}}"}
{"op_code":5,"worker_id":"f959fc9e-6564-4713-bc97-cf94a2bd32ad-8316722560","trial_id":106,"param_name":"clone_weight_decay","param_value_internal":1,"distribution":"{\"name\": \"CategoricalDistribution\", \"attributes\": {\"choices\": [0.0, 1e-06, 1e-05, 0.0001, 0.001]}}"}
{"op_code":5,"worker_id":"f959fc9e-6564-4713-bc97-cf94a2bd32ad-8316722560","trial_id":106,"param_name":"clone_class_power","param_value_internal":0.018308972406933854,"distribution":"{\"name\": \"FloatDistribution\", \"attributes\": {\"step\": null, \"low\": 0.0, \"high\": 1.0, \"log\": false}}"}
{"op_code":5,"worker_id":"f959fc9e-6564-4713-bc97-cf94a2bd32ad-8316722560","trial_id":106,"param_name":"clone_label_smoothing","param_value_internal":0,"distribution":"{\"name\": \"CategoricalDistribution\", \"attributes\": {\"choices\": [0.0, 0.05, 0.1]}}"}
{"op_code":5,"worker_id":"f959fc9e-6564-4713-bc97-cf94a2bd32ad-8316722560","trial_id":106,"param_name":"clone_patience","param_value_internal":2,"distribution":"{\"name\": \"CategoricalDistribution\", \"attributes\": {\"choices\": [5, 10, 20]}}"}
{"op_code":8,"worker_id":"f959fc9e-6564-4713-bc97-cf94a2bd32ad-8316722560","trial_id":106,"user_attr":{"tag":"cbd8e456446f9"}}
{"op_code":8,"worker_id":"f959fc9e-6564-4713-bc97-cf94a2bd32ad-8316722560","trial_id":106,"user_attr":{"overrides":{"lr":0.007685232833393612,"hidden":64,"clone_batch":512,"clone_weight_decay":1e-06,"clone_class_power":0.018308972406933854,"clone_label_smoothing":0.0,"clone_patience":20}}}
{"op_code":4,"worker_id":"f959fc9e-6564-4713-bc97-cf94a2bd32ad-8316722560","study_id":0,"datetime_start":"2026-10-08T03:45:29.902657"}
{"op_code":9,"worker_id":"f959fc9e-6564-4713-bc97-cf94a2bd32ad-8316722560","trial_id":107,"system_attr":{"tpe:relative_params:0":"{\"clone_batch\": 256, \"clone_class_power\": 0.18059497032856367, \"clone_label_smoothing\": 0.1, \"clone_patience\": 5, \"clone_weight_decay\": 0.001, \"hidden\": 128, \"lr\": 0.0005938910123912251}"}}
{"op_code":5,"worker_id":"f959fc9e-6564-4713-bc97-cf94a2bd32ad-8316722560","trial_id":107,"param_name":"lr","param_value_internal":0.0005938910123912251,"distribution":"{\"name\": \"FloatDistribution\", \"attributes\": {\"step\": null, \"low\": 0.0001, \"high\": 0.01, \"log\": true}}"}
{"op_code":5,"worker_id":"f959fc9e-6564-4713-bc97-cf94a2bd32ad-8316722560","trial_id":107,"param_name":"hidden","param_value_internal":1,"distribution":"{\"name\": \"CategoricalDistribution\", \"attributes\": {\"choices\": [64, 128, 256]}}"}
{"op_code":5,"worker_id":"f959fc9e-6564-4713-bc97-cf94a2bd32ad-8316722560","trial_id":107,"param_name":"clone_batch","param_value_internal":1,"distribution":"{\"name\": \"CategoricalDistribution\", \"attributes\": {\"choices\": [128, 256, 512, 1024, 2048]}}"}
{"op_code":5,"worker_id":"f959fc9e-6564-4713-bc97-cf94a2bd32ad-8316722560","trial_id":107,"param_name":"clone_weight_decay","param_value_internal":4,"distribution":"{\"name\": \"CategoricalDistribution\", \"attributes\": {\"choices\": [0.0, 1e-06, 1e-05, 0.0001, 0.001]}}"}
{"op_code":5,"worker_id":"f959fc9e-6564-4713-bc97-cf94a2bd32ad-8316722560","trial_id":107,"param_name":"clone_class_power","param_value_internal":0.18059497032856367,"distribution":"{\"name\": \"FloatDistribution\", \"attributes\": {\"step\": null, \"low\": 0.0, \"high\": 1.0, \"log\": false}}"}
{"op_code":5,"worker_id":"f959fc9e-6564-4713-bc97-cf94a2bd32ad-8316722560","trial_id":107,"param_name":"clone_label_smoothing","param_value_internal":2,"distribution":"{\"name\": \"CategoricalDistribution\", \"attributes\": {\"choices\": [0.0, 0.05, 0.1]}}"}
{"op_code":5,"worker_id":"f959fc9e-6564-4713-bc97-cf94a2bd32ad-8316722560","trial_id":107,"param_name":"clone_patience","param_value_internal":0,"distribution":"{\"name\": \"CategoricalDistribution\", \"attributes\": {\"choices\": [5, 10, 20]}}"}
{"op_code":8,"worker_id":"f959fc9e-6564-4713-bc97-cf94a2bd32ad-8316722560","trial_id":107,"user_attr":{"tag":"ce83e84c9454e"}}
{"op_code":8,"worker_id":"f959fc9e-6564-4713-bc97-cf94a2bd32ad-8316722560","trial_id":107,"user_attr":{"overrides":{"lr":0.0005938910123912251,"hidden":128,"clone_batch":256,"clone_weight_decay":0.001,"clone_class_power":0.18059497032856367,"clone_label_smoothing":0.1,"clone_patience":5}}}
{"op_code":4,"worker_id":"f959fc9e-6564-4713-bc97-cf94a2bd32ad-8316722560","study_id":0,"datetime_start":"2026-10-08T03:45:29.907955"}
{"op_code":9,"worker_id":"f959fc9e-6564-4713-bc97-cf94a2bd32ad-8316722560","trial_id":108,"system_attr":{"tpe:relative_params:0":"{\"clone_batch\": 1024, \"clone_class_power\": 0.1859313259643165, \"clone_label_smoothing\": 0.1, \"clone_patience\": 10, \"clone_weight_decay\": 1e-05, \"hidden\": 256, \"lr\": 0.0037231935629846976}"}}
{"op_code":5,"worker_id":"f959fc9e-6564-4713-bc97-cf94a2bd32ad-8316722560","trial_id":108,"param_name":"lr","param_value_internal":0.0037231935629846976,"distribution":"{\"name\": \"FloatDistribution\", \"attributes\": {\"step\": null, \"low\": 0.0001, \"high\": 0.01, \"log\": true}}"}
{"op_code":5,"worker_id":"f959fc9e-6564-4713-bc97-cf94a2bd32ad-8316722560","trial_id":108,"param_name":"hidden","param_value_internal":2,"distribution":"{\"name\": \"CategoricalDistribution\", \"attributes\": {\"choices\": [64, 128, 256]}}"}
{"op_code":5,"worker_id":"f959fc9e-6564-4713-bc97-cf94a2bd32ad-8316722560","trial_id":108,"param_name":"clone_batch","param_value_internal":3,"distribution":"{\"name\": \"CategoricalDistribution\", \"attributes\": {\"choices\": [128, 256, 512, 1024, 2048]}}"}
{"op_code":5,"worker_id":"f959fc9e-6564-4713-bc97-cf94a2bd32ad-8316722560","trial_id":108,"param_name":"clone_weight_decay","param_value_internal":2,"distribution":"{\"name\": \"CategoricalDistribution\", \"attributes\": {\"choices\": [0.0, 1e-06, 1e-05, 0.0001, 0.001]}}"}
{"op_code":5,"worker_id":"f959fc9e-6564-4713-bc97-cf94a2bd32ad-8316722560","trial_id":108,"param_name":"clone_class_power","param_value_internal":0.1859313259643165,"distribution":"{\"name\": \"FloatDistribution\", \"attributes\": {\"step\": null, \"low\": 0.0, \"high\": 1.0, \"log\": false}}"}
{"op_code":5,"worker_id":"f959fc9e-6564-4713-bc97-cf94a2bd32ad-8316722560","trial_id":108,"param_name":"clone_label_smoothing","param_value_internal":2,"distribution":"{\"name\": \"CategoricalDistribution\", \"attributes\": {\"choices\": [0.0, 0.05, 0.1]}}"}
{"op_code":5,"worker_id":"f959fc9e-6564-4713-bc97-cf94a2bd32ad-8316722560","trial_id":108,"param_name":"clone_patience","param_value_internal":1,"distribution":"{\"name\": \"CategoricalDistribution\", \"attributes\": {\"choices\": [5, 10, 20]}}"}
{"op_code":8,"worker_id":"f959fc9e-6564-4713-bc97-cf94a2bd32ad-8316722560","trial_id":108,"user_attr":{"tag":"c83ccc5d7fc2b"}}
{"op_code":8,"worker_id":"f959fc9e-6564-4713-bc97-cf94a2bd32ad-8316722560","trial_id":108,"user_attr":{"overrides":{"lr":0.0037231935629846976,"hidden":256,"clone_batch":1024,"clone_weight_decay":1e-05,"clone_class_power":0.1859313259643165,"clone_label_smoothing":0.1,"clone_patience":10}}}
{"op_code":4,"worker_id":"f959fc9e-6564-4713-bc97-cf94a2bd32ad-8316722560","study_id":0,"datetime_start":"2026-10-08T03:45:29.913585"}
{"op_code":9,"worker_id":"f959fc9e-6564-4713-bc97-cf94a2bd32ad-8316722560","trial_id":109,"system_attr":{"tpe:relative_params:0":"{\"clone_batch\": 512, \"clone_class_power\": 0.05992314587035952, \"clone_label_smoothing\": 0.1, \"clone_patience\": 10, \"clone_weight_decay\": 1e-05, \"hidden\": 128, \"lr\": 0.000469880737603511}"}}
{"op_code":5,"worker_id":"f959fc9e-6564-4713-bc97-cf94a2bd32ad-8316722560","trial_id":109,"param_name":"lr","param_value_internal":0.000469880737603511,"distribution":"{\"name\": \"FloatDistribution\", \"attributes\": {\"step\": null, \"low\": 0.0001, \"high\": 0.01, \"log\": true}}"}
{"op_code":5,"worker_id":"f959fc9e-6564-4713-bc97-cf94a2bd32ad-8316722560","trial_id":109,"param_name":"hidden","param_value_internal":1,"distribution":"{\"name\": \"CategoricalDistribution\", \"attributes\": {\"choices\": [64, 128, 256]}}"}
{"op_code":5,"worker_id":"f959fc9e-6564-4713-bc97-cf94a2bd32ad-8316722560","trial_id":109,"param_name":"clone_batch","param_value_internal":2,"distribution":"{\"name\": \"CategoricalDistribution\", \"attributes\": {\"choices\": [128, 256, 512, 1024, 2048]}}"}
{"op_code":5,"worker_id":"f959fc9e-6564-4713-bc97-cf94a2bd32ad-8316722560","trial_id":109,"param_name":"clone_weight_decay","param_value_internal":2,"distribution":"{\"name\": \"CategoricalDistribution\", \"attributes\": {\"choices\": [0.0, 1e-06, 1e-05, 0.0001, 0.001]}}"}
{"op_code":5,"worker_id":"f959fc9e-6564-4713-bc97-cf94a2bd32ad-8316722560","trial_id":109,"param_name":"clone_class_power","param_value_internal":0.05992314587035952,"distribution":"{\"name\": \"FloatDistribution\", \"attributes\": {\"step\": null, \"low\": 0.0, \"high\": 1.0, \"log\": false}}"}
{"op_code":5,"worker_id":"f959fc9e-6564-4713-bc97-cf94a2bd32ad-8316722560","trial_id":109,"param_name":"clone_label_smoothing","param_value_internal":2,"distribution":"{\"name\": \"CategoricalDistribution\", \"attributes\": {\"choices\": [0.0, 0.05, 0.1]}}"}
{"op_code":5,"worker_id":"f959fc9e-6564-4713-bc97-cf94a2bd32ad-8316722560","trial_id":109,"param_name":"clone_patience","param_value_internal":1,"distribution":"{\"name\": \"CategoricalDistribution\", \"attributes\": {\"choices\": [5, 10, 20]}}"}
{"op_code":8,"worker_id":"f959fc9e-6564-4713-bc97-cf94a2bd32ad-8316722560","trial_id":109,"user_attr":{"tag":"cfa4327a8ded9"}}
{"op_code":8,"worker_id":"f959fc9e-6564-4713-bc97-cf94a2bd32ad-8316722560","trial_id":109,"user_attr":{"overrides":{"lr":0.000469880737603511,"hidden":128,"clone_batch":512,"clone_weight_decay":1e-05,"clone_class_power":0.05992314587035952,"clone_label_smoothing":0.1,"clone_patience":10}}}
{"op_code":4,"worker_id":"f959fc9e-6564-4713-bc97-cf94a2bd32ad-8316722560","study_id":0,"datetime_start":"2026-10-08T03:45:29.918896"}
{"op_code":9,"worker_id":"f959fc9e-6564-4713-bc97-cf94a2bd32ad-8316722560","trial_id":110,"system_attr":{"tpe:relative_params:0":"{\"clone_batch\": 1024, \"clone_class_power\": 0.1866718515205663, \"clone_label_smoothing\": 0.1, \"clone_patience\": 10, \"clone_weight_decay\": 0.0001, \"hidden\": 128, \"lr\": 0.002763756545717704}"}}
{"op_code":5,"worker_id":"f959fc9e-6564-4713-bc97-cf94a2bd32ad-8316722560","trial_id":110,"param_name":"lr","param_value_internal":0.002763756545717704,"distribution":"{\"name\": \"FloatDistribution\", \"attributes\": {\"step\": null, \"low\": 0.0001, \"high\": 0.01, \"log\": true}}"}
{"op_code":5,"worker_id":"f959fc9e-6564-4713-bc97-cf94a2bd32ad-8316722560","trial_id":110,"param_name":"hidden","param_value_internal":1,"distribution":"{\"name\": \"CategoricalDistribution\", \"attributes\": {\"choices\": [64, 128, 256]}}"}
{"op_code":5,"worker_id":"f959fc9e-6564-4713-bc97-cf94a2bd32ad-8316722560","trial_id":110,"param_name":"clone_batch","param_value_internal":3,"distribution":"{\"name\": \"CategoricalDistribution\", \"attributes\": {\"choices\": [128, 256, 512, 1024, 2048]}}"}
{"op_code":5,"worker_id":"f959fc9e-6564-4713-bc97-cf94a2bd32ad-8316722560","trial_id":110,"param_name":"clone_weight_decay","param_value_internal":3,"distribution":"{\"name\": \"CategoricalDistribution\", \"attributes\": {\"choices\": [0.0, 1e-06, 1e-05, 0.0001, 0.001]}}"}
{"op_code":5,"worker_id":"f959fc9e-6564-4713-bc97-cf94a2bd32ad-8316722560","trial_id":110,"param_name":"clone_class_power","param_value_internal":0.1866718515205663,"distribution":"{\"name\": \"FloatDistribution\", \"attributes\": {\"step\": null, \"low\": 0.0, \"high\": 1.0, \"log\": false}}"}
{"op_code":5,"worker_id":"f959fc9e-6564-4713-bc97-cf94a2bd32ad-8316722560","trial_id":110,"param_name":"clone_label_smoothing","param_value_internal":2,"distribution":"{\"name\": \"CategoricalDistribution\", \"attributes\": {\"choices\": [0.0, 0.05, 0.1]}}"}
{"op_code":5,"worker_id":"f959fc9e-6564-4713-bc97-cf94a2bd32ad-8316722560","trial_id":110,"param_name":"clone_patience","param_value_internal":1,"distribution":"{\"name\": \"CategoricalDistribution\", \"attributes\": {\"choices\": [5, 10, 20]}}"}
{"op_code":8,"worker_id":"f959fc9e-6564-4713-bc97-cf94a2bd32ad-8316722560","trial_id":110,"user_attr":{"tag":"cc8f9a791448b"}}
{"op_code":8,"worker_id":"f959fc9e-6564-4713-bc97-cf94a2bd32ad-8316722560","trial_id":110,"user_attr":{"overrides":{"lr":0.002763756545717704,"hidden":128,"clone_batch":1024,"clone_weight_decay":0.0001,"clone_class_power":0.1866718515205663,"clone_label_smoothing":0.1,"clone_patience":10}}}
{"op_code":4,"worker_id":"f959fc9e-6564-4713-bc97-cf94a2bd32ad-8316722560","study_id":0,"datetime_start":"2026-10-08T03:45:29.924523"}
{"op_code":9,"worker_id":"f959fc9e-6564-4713-bc97-cf94a2bd32ad-8316722560","trial_id":111,"system_attr":{"tpe:relative_params:0":"{\"clone_batch\": 2048, \"clone_class_power\": 0.3138667375624468, \"clone_label_smoothing\": 0.1, \"clone_patience\": 5, \"clone_weight_decay\": 0.0001, \"hidden\": 64, \"lr\": 0.008579317652007746}"}}
{"op_code":5,"worker_id":"f959fc9e-6564-4713-bc97-cf94a2bd32ad-8316722560","trial_id":111,"param_name":"lr","param_value_internal":0.008579317652007746,"distribution":"{\"name\": \"FloatDistribution\", \"attributes\": {\"step\": null, \"low\": 0.0001, \"high\": 0.01, \"log\": true}}"}
{"op_code":5,"worker_id":"f959fc9e-6564-4713-bc97-cf94a2bd32ad-8316722560","trial_id":111,"param_name":"hidden","param_value_internal":0,"distribution":"{\"name\": \"CategoricalDistribution\", \"attributes\": {\"choices\": [64, 128, 256]}}"}
{"op_code":5,"worker_id":"f959fc9e-6564-4713-bc97-cf94a2bd32ad-8316722560","trial_id":111,"param_name":"clone_batch","param_value_internal":4,"distribution":"{\"name\": \"CategoricalDistribution\", \"attributes\": {\"choices\": [128, 256, 512, 1024, 2048]}}"}
{"op_code":5,"worker_id":"f959fc9e-6564-4713-bc97-cf94a2bd32ad-8316722560","trial_id":111,"param_name":"clone_weight_decay","param_value_internal":3,"distribution":"{\"name\": \"CategoricalDistribution\", \"attributes\": {\"choices\": [0.0, 1e-06, 1e-05, 0.0001, 0.001]}}"}
{"op_code":5,"worker_id":"f959fc9e-6564-4713-bc97-cf94a2bd32ad-8316722560","trial_id":111,"param_name":"clone_class_power","param_value_internal":0.3138667375624468,"distribution":"{\"name\": \"FloatDistribution\", \"attributes\": {\"step\": null, \"low\": 0.0, \"high\": 1.0, \"log\": false}}"}
{"op_code":5,"worker_id":"f959fc9e-6564-4713-bc97-cf94a2bd32ad-8316722560","trial_id":111,"param_name":"clone_label_smoothing","param_value_internal":2,"distribution":"{\"name\": \"CategoricalDistribution\", \"attributes\": {\"choices\": [0.0, 0.05, 0.1]}}"}
{"op_code":5,"worker_id":"f959fc9e-6564-4713-bc97-cf94a2bd32ad-8316722560","trial_id":111,"param_name":"clone_patience","param_value_internal":0,"distribution":"{\"name\": \"CategoricalDistribution\", \"attributes\": {\"choices\": [5, 10, 20]}}"}
{"op_code":8,"worker_id":"f959fc9e-6564-4713-bc97-cf94a2bd32ad-8316722560","trial_id":111,"user_attr":{"tag":"cf791bba8b7cc"}}
{"op_code":8,"worker_id":"f959fc9e-6564-4713-bc97-cf94a2bd32ad-8316722560","trial_id":111,"user_attr":{"overrides":{"lr":0.008579317652007746,"hidden":64,"clone_batch":2048,"clone_weight_decay":0.0001,"clone_class_power":0.3138667375624468,"clone_label_smoothing":0.1,"clone_patience":5}}}
{"op_code":4,"worker_id":"f959fc9e-6564-4713-bc97-cf94a2bd32ad-8316722560","study_id":0,"datetime_start":"2026-10-08T03:45:29.930422"}
{"op_code":9,"worker_id":"f959fc9e-6564-4713-bc97-cf94a2bd32ad-8316722560","trial_id":112,"system_attr":{"tpe:relative_params:0":"{\"clone_batch\": 1024, \"clone_class_power\": 0.030658292114734045, \"clone_label_smoothing\": 0.1, \"clone_patience\": 10, \"clone_weight_decay\": 0.0, \"hidden\": 128, \"lr\": 0.0006235895930928733}"}}
{"op_code":5,"worker_id":"f959fc9e-6564-4713-bc97-cf94a2bd32ad-8316722560","trial_id":112,"param_name":"lr","param_value_internal":0.0006235895930928733,"distribution":"{\"name\": \"FloatDistribution\", \"attributes\": {\"step\": null, \"low\": 0.0001, \"high\": 0.01, \"log\": true}}"}
{"op_code":5,"worker_id":"f959fc9e-6564-4713-bc97-cf94a2bd32ad-8316722560","trial_id":112,"param_name":"hidden","param_value_internal":1,"distribution":"{\"name\": \"CategoricalDistribution\", \"attributes\": {\"choices\": [64, 128, 256]}}"}
{"op_code":5,"worker_id":"f959fc9e-6564-4713-bc97-cf94a2bd32ad-8316722560","trial_id":112,"param_name":"clone_batch","param_value_internal":3,"distribution":"{\"name\": \"CategoricalDistribution\", \"attributes\": {\"choices\": [128, 256, 512, 1024, 2048]}}"}
{"op_code":5,"worker_id":"f959fc9e-6564-4713-bc97-cf94a2bd32ad-8316722560","trial_id":112,"param_name":"clone_weight_decay","param_value_internal":0,"distribution":"{\"name\": \"CategoricalDistribution\", \"attributes\": {\"choices\": [0.0, 1e-06, 1e-05, 0.0001, 0.001]}}"}
{"op_code":5,"worker_id":"f959fc9e-6564-4713-bc97-cf94a2bd32ad-8316722560","trial_id":112,"param_name":"clone_class_power","param_value_internal":0.030658292114734045,"distribution":"{\"name\": \"FloatDistribution\", \"attributes\": {\"step\": null, \"low\": 0.0, \"high\": 1.0, \"log\": false}}"}
{"op_code":5,"worker_id":"f959fc9e-6564-4713-bc97-cf94a2bd32ad-8316722560","trial_id":112,"param_name":"clone_label_smoothing","param_value_internal":2,"distribution":"{\"name\": \"CategoricalDistribution\", \"attributes\": {\"choices\": [0.0, 0.05, 0.1]}}"}
{"op_code":5,"worker_id":"f959fc9e-6564-4713-bc97-cf94a2bd32ad-8316722560","trial_id":112,"param_name":"clone_patience","param_value_internal":1,"distribution":"{\"name\": \"CategoricalDistribution\", \"attributes\": {\"choices\": [5, 10, 20]}}"}
{"op_code":8,"worker_id":"f959fc9e-6564-4713-bc97-cf94a2bd32ad-8316722560","trial_id":112,"user_attr":{"tag":"c946f2344914f"}}
{"op_code":8,"worker_id":"f959fc9e-6564-4713-bc97-cf94a2bd32ad-8316722560","trial_id":112,"user_attr":{"overrides":{"lr":0.0006235895930928733,"hidden":128,"clone_batch":1024,"clone_weight_decay":0.0,"clone_class_power":0.030658292114734045,"clone_label_smoothing":0.1,"clone_patience":10}}}
{"op_code":4,"worker_id":"f959fc9e-6564-4713-bc97-cf94a2bd32ad-8316722560","study_id":0,"datetime_start":"2026-10-08T03:45:29.936016"}
{"op_code":9,"worker_id":"f959fc9e-6564-4713-bc97-cf94a2bd32ad-8316722560","trial_id":113,"system_attr":{"tpe:relative_params:0":"{\"clone_batch\": 512, \"clone_class_power\": 0.14233204784109885, \"clone_label_smoothing\": 0.05, \"clone_patience\": 5, \"clone_weight_decay\": 1e-06, \"hidden\": 64, \"lr\": 0.008560895148821893}"}}
{"op_code":5,"worker_id":"f959fc9e-6564-4713-bc97-cf94a2bd32ad-8316722560","trial_id":113,"param_name":"lr","param_value_internal":0.008560895148821893,"distribution":"{\"name\": \"FloatDistribution\", \"attributes\": {\"step\": null, \"low\": 0.0001, \"high\": 0.01, \"log\": true}}"}
{"op_code":5,"worker_id":"f959fc9e-6564-4713-bc97-cf94a2bd32ad-8316722560","trial_id":113,"param_name":"hidden","param_value_internal":0,"distribution":"{\"name\": \"CategoricalDistribution\", \"attributes\": {\"choices\": [64, 128, 256]}}"}
{"op_code":5,"worker_id":"f959fc9e-6564-4713-bc97-cf94a2bd32ad-8316722560","trial_id":113,"param_name":"clone_batch","param_value_internal":2,"distribution":"{\"name\": \"CategoricalDistribution\", \"attributes\": {\"choices\": [128, 256, 512, 1024, 2048]}}"}
{"op_code":5,"worker_id":"f959fc9e-6564-4713-bc97-cf94a2bd32ad-8316722560","trial_id":113,"param_name":"clone_weight_decay","param_value_internal":1,"distribution":"{\"name\": \"CategoricalDistribution\", \"attributes\": {\"choices\": [0.0, 1e-06, 1e-05, 0.0001, 0.001]}}"}
{"op_code":5,"worker_id":"f959fc9e-6564-4713-bc97-cf94a2bd32ad-8316722560","trial_id":113,"param_name":"clone_class_power","param_value_internal":0.14233204784109885,"distribution":"{\"name\": \"FloatDistribution\", \"attributes\": {\"step\": null, \"low\": 0.0, \"high\": 1.0, \"log\": false}}"}
{"op_code":5,"worker_id":"f959fc9e-6564-4713-bc97-cf94a2bd32ad-8316722560","trial_id":113,"param_name":"clone_label_smoothing","param_value_internal":1,"distribution":"{\"name\": \"CategoricalDistribution\", \"attributes\": {\"choices\": [0.0, 0.05, 0.1]}}"}
{"op_code":5,"worker_id":"f959fc9e-6564-4713-bc97-cf94a2bd32ad-8316722560","trial_id":113,"param_name":"clone_patience","param_value_internal":0,"distribution":"{\"name\": \"CategoricalDistribution\", \"attributes\": {\"choices\": [5, 10, 20]}}"}
{"op_code":8,"worker_id":"f959fc9e-6564-4713-bc97-cf94a2bd32ad-8316722560","trial_id":113,"user_attr":{"tag":"c77b0bda8ee04"}}
{"op_code":8,"worker_id":"f959fc9e-6564-4713-bc97-cf94a2bd32ad-8316722560","trial_id":113,"user_attr":{"overrides":{"lr":0.008560895148821893,"hidden":64,"clone_batch":512,"clone_weight_decay":1e-06,"clone_class_power":0.14233204784109885,"clone_label_smoothing":0.05,"clone_patience":5}}}
{"op_code":4,"worker_id":"f959fc9e-6564-4713-bc97-cf94a2bd32ad-8316722560","study_id":0,"datetime_start":"2026-10-08T03:45:29.941883"}
{"op_code":9,"worker_id":"f959fc9e-6564-4713-bc97-cf94a2bd32ad-8316722560","trial_id":114,"system_attr":{"tpe:relative_params:0":"{\"clone_batch\": 512, \"clone_class_power\": 0.46550706160241706, \"clone_label_smoothing\": 0.1, \"clone_patience\": 5, \"clone_weight_decay\": 1e-06, \"hidden\": 64, \"lr\": 0.0031171519701933656}"}}
{"op_code":5,"worker_id":"f959fc9e-6564-4713-bc97-cf94a2bd32ad-8316722560","trial_id":114,"param_name":"lr","param_value_internal":0.0031171519701933656,"distribution":"{\"name\": \"FloatDistribution\", \"attributes\": {\"step\": null, \"low\": 0.0001, \"high\": 0.01, \"log\": true}}"}
{"op_code":5,"worker_id":"f959fc9e-6564-4713-bc97-cf94a2bd32ad-8316722560","trial_id":114,"param_name":"hidden","param_value_internal":0,"distribution":"{\"name\": \"CategoricalDistribution\", \"attributes\": {\"choices\": [64, 128, 256]}}"}
{"op_code":5,"worker_id":"f959fc9e-6564-4713-bc97-cf94a2bd32ad-8316722560","trial_id":114,"param_name":"clone_batch","param_value_internal":2,"distribution":"{\"name\": \"CategoricalDistribution\", \"attributes\": {\"choices\": [128, 256, 512, 1024, 2048]}}"}
{"op_code":5,"worker_id":"f959fc9e-6564-4713-bc97-cf94a2bd32ad-8316722560","trial_id":114,"param_name":"clone_weight_decay","param_value_internal":1,"distribution":"{\"name\": \"CategoricalDistribution\", \"attributes\": {\"choices\": [0.0, 1e-06, 1e-05, 0.0001, 0.001]}}"}
{"op_code":5,"worker_id":"f959fc9e-6564-4713-bc97-cf94a2bd32ad-8316722560","trial_id":114,"param_name":"clone_class_power","param_value_internal":0.46550706160241706,"distribution":"{\"name\": \"FloatDistribution\", \"attributes\": {\"step\": null, \"low\": 0.0, \"high\": 1.0, \"log\": false}}"}
{"op_code":5,"worker_id":"f959fc9e-6564-4713-bc97-cf94a2bd32ad-8316722560","trial_id":114,"param_name":"clone_label_smoothing","param_value_internal":2,"distribution":"{\"name\": \"CategoricalDistribution\", \"attributes\": {\"choices\": [0.0, 0.05, 0.1]}}"}
{"op_code":5,"worker_id":"f959fc9e-6564-4713-bc97-cf94a2bd32ad-8316722560","trial_id":114,"param_name":"clone_patience","param_value_internal":0,"distribution":"{\"name\": \"CategoricalDistribution\", \"attributes\": {\"choices\": [5, 10, 20]}}"}
{"op_code":8,"worker_id":"f959fc9e-6564-4713-bc97-cf94a2bd32ad-8316722560","trial_id":114,"user_attr":{"tag":"cb4b1fad91a2e"}}
{"op_code":8,"worker_id":"f959fc9e-6564-4713-bc97-cf94a2bd32ad-8316722560","trial_id":114,"user_attr":{"overrides":{"lr":0.0031171519701933656,"hidden":64,"clone_batch":512,"clone_weight_decay":1e-06,"clone_class_power":0.46550706160241706,"clone_label_smoothing":0.1,"clone_patience":5}}}
{"op_code":4,"worker_id":"f959fc9e-6564-4713-bc97-cf94a2bd32ad-8316722560","study_id":0,"datetime_start":"2026-10-08T03:45:29.948203"}
{"op_code":9,"worker_id":"f959fc9e-6564-4713-bc97-cf94a2bd32ad-8316722560","trial_id":115,"system_attr":{"tpe:relative_params:0":"{\"clone_batch\": 1024, \"clone_class_power\": 0.24017161918818114, \"clone_label_smoothing\": 0.05, \"clone_patience\": 10, \"clone_weight_decay\": 1e-05, \"hidden\": 64, \"lr\": 0.0008084531085126425}"}}
{"op_code":5,"worker_id":"f959fc9e-6564-4713-bc97-cf94a2bd32ad-8316722560","trial_id":115,"param_name":"lr","param_value_internal":0.0008084531085126425,"distribution":"{\"name\": \"FloatDistribution\", \"attributes\": {\"step\": null, \"low\": 0.0001, \"high\": 0.01, \"log\": true}}"}
{"op_code":5,"worker_id":"f959fc9e-6564-4713-bc97-cf94a2bd32ad-8316722560","trial_id":115,"param_name":"hidden","param_value_internal":0,"distribution":"{\"name\": \"CategoricalDistribution\", \"attributes\": {\"choices\": [64, 128, 256]}}"}
{"op_code":5,"worker_id":"f959fc9e-6564-4713-bc97-cf94a2bd32ad-8316722560","trial_id":115,"param_name":"clone_batch","param_value_internal":3,"distribution":"{\"name\": \"CategoricalDistribution\", \"attributes\": {\"choices\": [128, 256, 512, 1024, 2048]}}"}
{"op_code":5,"worker_id":"f959fc9e-6564-4713-bc97-cf94a2bd32ad-8316722560","trial_id":115,"param_name":"clone_weight_decay","param_value_internal":2,"distribution":"{\"name\": \"CategoricalDistribution\", \"attributes\": {\"choices\": [0.0, 1e-06, 1e-05, 0.0001, 0.001]}}"}
{"op_code":5,"worker_id":"f959fc9e-6564-4713-bc97-cf94a2bd32ad-8316722560","trial_id":115,"param_name":"clone_class_power","param_value_internal":0.24017161918818114,"distribution":"{\"name\": \"FloatDistribution\", \"attributes\": {\"step\": null, \"low\": 0.0, \"high\": 1.0, \"log\": false}}"}
{"op_code":5,"worker_id":"f959fc9e-6564-4713-bc97-cf94a2bd32ad-8316722560","trial_id":115,"param_name":"clone_label_smoothing","param_value_internal":1,"distribution":"{\"name\": \"CategoricalDistribution\", \"attributes\": {\"choices\": [0.0, 0.05, 0.1]}}"}
{"op_code":5,"worker_id":"f959fc9e-6564-4713-bc97-cf94a2bd32ad-8316722560","trial_id":115,"param_name":"clone_patience","param_value_internal":1,"distribution":"{\"name\": \"CategoricalDistribution\", \"attributes\": {\"choices\": [5, 10, 20]}}"}
{"op_code":8,"worker_id":"f959fc9e-6564-4713-bc97-cf94a2bd32ad-8316722560","trial_id":115,"user_attr":{"tag":"cfd4ebd1a3f64"}}
{"op_code":8,"worker_id":"f959fc9e-6564-4713-bc97-cf94a2bd32ad-8316722560","trial_id":115,"user_attr":{"overrides":{"lr":0.0008084531085126425,"hidden":64,"clone_batch":1024,"clone_weight_decay":1e-05,"clone_class_power":0.24017161918818114,"clone_label_smoothing":0.05,"clone_patience":10}}}
{"op_code":4,"worker_id":"f959fc9e-6564-4713-bc97-cf94a2bd32ad-8316722560","study_id":0,"datetime_start":"2026-10-08T03:45:29.953610"}
{"op_code":9,"worker_id":"f959fc9e-6564-4713-bc97-cf94a2bd32ad-8316722560","trial_id":116,"system_attr":{"tpe:relative_params:0":"{\"clone_batch\": 128, \"clone_class_power\": 0.04925008005927892, \"clone_label_smoothing\": 0.1, \"clone_patience\": 5, \"clone_weight_decay\": 1e-06, \"hidden\": 128, \"lr\": 0.0070230070328827264}"}}
{"op_code":5,"worker_id":"f959fc9e-6564-4713-bc97-cf94a2bd32ad-8316722560","trial_id":116,"param_name":"lr","param_value_internal":0.0070230070328827264,"distribution":"{\"name\": \"FloatDistribution\", \"attributes\": {\"step\": null, \"low\": 0.0001, \"high\": 0.01, \"log\": true}}"}
{"op_code":5,"worker_id":"f959fc9e-6564-4713-bc97-cf94a2bd32ad-8316722560","trial_id":116,"param_name":"hidden","param_value_internal":1,"distribution":"{\"name\": \"CategoricalDistribution\", \"attributes\": {\"choices\": [64, 128, 256]}}"}
{"op_code":5,"worker_id":"f959fc9e-6564-4713-bc97-cf94a2bd32ad-8316722560","trial_id":116,"param_name":"clone_batch","param_value_internal":0,"distribution":"{\"name\": \"CategoricalDistribution\", \"attributes\": {\"choices\": [128, 256, 512, 1024, 2048]}}"}
{"op_code":5,"worker_id":"f959fc9e-6564-4713-bc97-cf94a2bd32ad-8316722560","trial_id":116,"param_name":"clone_weight_decay","param_value_internal":1,"distribution":"{\"name\": \"CategoricalDistribution\", \"attributes\": {\"choices\": [0.0, 1e-06, 1e-05, 0.0001, 0.001]}}"}
{"op_code":5,"worker_id":"f959fc9e-6564-4713-bc97-cf94a2bd32ad-8316722560","trial_id":116,"param_name":"clone_class_power","param_value_internal":0.04925008005927892,"distribution":"{\"name\": \"FloatDistribution\", \"attributes\": {\"step\": null, \"low\": 0.0, \"high\": 1.0, \"log\": false}}"}
{"op_code":5,"worker_id":"f959fc9e-6564-4713-bc97-cf94a2bd32ad-8316722560","trial_id":116,"param_name":"clone_label_smoothing","param_value_internal":2,"distribution":"{\"name\": \"CategoricalDistribution\", \"attributes\": {\"choices\": [0.0, 0.05, 0.1]}}"}
{"op_code":5,"worker_id":"f959fc9e-6564-4713-bc97-cf94a2bd32ad-8316722560","trial_id":116,"param_name":"clone_patience","param_value_internal":0,"distribution":"{\"name\": \"CategoricalDistribution\", \"attributes\": {\"choices\": [5, 10, 20]}}"}
{"op_code":8,"worker_id":"f959fc9e-6564-4713-bc97-cf94a2bd32ad-8316722560","trial_id":116,"user_attr":{"tag":"c87e667b1a040"}}
{"op_code":8,"worker_id":"f959fc9e-6564-4713-bc97-cf94a2bd32ad-8316722560","trial_id":116,"user_attr":{"overrides":{"lr":0.0070230070328827264,"hidden":128,"clone_batch":128,"clone_weight_decay":1e-06,"clone_class_power":0.04925008005927892,"clone_label_smoothing":0.1,"clone_patience":5}}}
{"op_code":4,"worker_id":"f959fc9e-6564-4713-bc97-cf94a2bd32ad-8316722560","study_id":0,"datetime_start":"2026-10-08T03:45:29.959649"}
{"op_code":9,"worker_id":"f959fc9e-6564-4713-bc97-cf94a2bd32ad-8316722560","trial_id":117,"system_attr":{"tpe:relative_params:0":"{\"clone_batch\": 128, \"clone_class_power\": 0.15040077769898932, \"clone_label_smoothing\": 0.1, \"clone_patience\": 20, \"clone_weight_decay\": 1e-05, \"hidden\": 64, \"lr\": 0.008866343681898755}"}}
{"op_code":5,"worker_id":"f959fc9e-6564-4713-bc97-cf94a2bd32ad-8316722560","trial_id":117,"param_name":"lr","param_value_internal":0.008866343681898755,"distribution":"{\"name\": \"FloatDistribution\", \"attributes\": {\"step\": null, \"low\": 0.0001, \"high\": 0.01, \"log\": true}}"}
{"op_code":5,"worker_id":"f959fc9e-6564-4713-bc97-cf94a2bd32ad-8316722560","trial_id":117,"param_name":"hidden","param_value_internal":0,"distribution":"{\"name\": \"CategoricalDistribution\", \"attributes\": {\"choices\": [64, 128, 256]}}"}
{"op_code":5,"worker_id":"f959fc9e-6564-4713-bc97-cf94a2bd32ad-8316722560","trial_id":117,"param_name":"clone_batch","param_value_internal":0,"distribution":"{\"name\": \"CategoricalDistribution\", \"attributes\": {\"choices\": [128, 256, 512, 1024, 2048]}}"}
{"op_code":5,"worker_id":"f959fc9e-6564-4713-bc97-cf94a2bd32ad-8316722560","trial_id":117,"param_name":"clone_weight_decay","param_value_internal":2,"distribution":"{\"name\": \"CategoricalDistribution\", \"attributes\": {\"choices\": [0.0, 1e-06, 1e-05, 0.0001, 0.001]}}"}
{"op_code":5,"worker_id":"f959fc9e-6564-4713-bc97-cf94a2bd32ad-8316722560","trial_id":117,"param_name":"clone_class_power","param_value_internal":0.15040077769898932,"distribution":"{\"name\": \"FloatDistribution\", \"attributes\": {\"step\": null, \"low\": 0.0, \"high\": 1.0, \"log\": false}}"}
{"op_code":5,"worker_id":"f959fc9e-6564-4713-bc97-cf94a2bd32ad-8316722560","trial_id":117,"param_name":"clone_label_smoothing","param_value_internal":2,"distribution":"{\"name\": \"CategoricalDistribution\", \"attributes\": {\"choices\": [0.0, 0.05, 0.1]}}"}
{"op_code":5,"worker_id":"f959fc9e-6564-4713-bc97-cf94a2bd32ad-8316722560","trial_id":117,"param_name":"clone_patience","param_value_internal":2,"distribution":"{\"name\": \"CategoricalDistribution\", \"attributes\": {\"choices\": [5, 10, 20]}}"}
{"op_code":8,"worker_id":"f959fc9e-6564-4713-bc97-cf94a2bd32ad-8316722560","trial_id":117,"user_attr":{"tag":"c86f0ffc0164b"}}
{"op_code":8,"worker_id":"f959fc9e-6564-4713-bc97-cf94a2bd32ad-8316722560","trial_id":117,"user_attr":{"overrides":{"lr":0.008866343681898755,"hidden":64,"clone_batch":128,"clone_weight_decay":1e-05,"clone_class_power":0.15040077769898932,"clone_label_smoothing":0.1,"clone_patience":20}}}
{"op_code":4,"worker_id":"f959fc9e-6564-4713-bc97-cf94a2bd32ad-8316722560","study_id":0,"datetime_start":"2026-10-08T03:45:29.964566"}
{"op_code":9,"worker_id":"f959fc9e-6564-4713-bc97-cf94a2bd32ad-8316722560","trial_id":118,"system_attr":{"tpe:relative_params:0":"{\"clone_batch\": 128, \"clone_class_power\": 0.18849137135566912, \"clone_label_smoothing\": 0.1, \"clone_patience\": 10, \"clone_weight_decay\": 1e-06, \"hidden\": 128, \"lr\": 0.0001441467228881983}"}}
{"op_code":5,"worker_id":"f959fc9e-6564-4713-bc97-cf94a2bd32ad-8316722560","trial_id":118,"param_name":"lr","param_value_internal":0.0001441467228881983,"distribution":"{\"name\": \"FloatDistribution\", \"attributes\": {\"step\": null, \"low\": 0.0001, \"high\": 0.01, \"log\": true}}"}
{"op_code":5,"worker_id":"f959fc9e-6564-4713-bc97-cf94a2bd32ad-8316722560","trial_id":118,"param_name":"hidden","param_value_internal":1,"distribution":"{\"name\": \"CategoricalDistribution\", \"attributes\": {\"choices\": [64, 128, 256]}}"}
{"op_code":5,"worker_id":"f959fc9e-6564-4713-bc97-cf94a2bd32ad-8316722560","trial_id":118,"param_name":"clone_batch","param_value_internal":0,"distribution":"{\"name\": \"CategoricalDistribution\", \"attributes\": {\"choices\": [128, 256, 512, 1024, 2048]}}"}
{"op_code":5,"worker_id":"f959fc9e-6564-4713-bc97-cf94a2bd32ad-8316722560","trial_id":118,"param_name":"clone_weight_decay","param_value_internal":1,"distribution":"{\"name\": \"CategoricalDistribution\", \"attributes\": {\"choices\": [0.0, 1e-06, 1e-05, 0.0001, 0.001]}}"}
{"op_code":5,"worker_id":"f959fc9e-6564-4713-bc97-cf94a2bd32ad-8316722560","trial_id":118,"param_name":"clone_class_power","param_value_internal":0.18849137135566912,"distribution":"{\"name\": \"FloatDistribution\", \"attributes\": {\"step\": null, \"low\": 0.0, \"high\": 1.0, \"log\": false}}"}
{"op_code":5,"worker_id":"f959fc9e-6564-4713-bc97-cf94a2bd32ad-8316722560","trial_id":118,"param_name":"clone_label_smoothing","param_value_internal":2,"distribution":"{\"name\": \"CategoricalDistribution\", \"attributes\": {\"choices\": [0.0, 0.05, 0.1]}}"}
{"op_code":5,"worker_id":"f959fc9e-6564-4713-bc97-cf94a2bd32ad-8316722560","trial_id":118,"param_name":"clone_patience","param_value_internal":1,"distribution":"{\"name\": \"CategoricalDistribution\", \"attributes\": {\"choices\": [5, 10, 20]}}"}
{"op_code":8,"worker_id":"f959fc9e-6564-4713-bc97-cf94a2bd32ad-8316722560","trial_id":118,"user_attr":{"tag":"c9d71eecec716"}}
{"op_code":8,"worker_id":"f959fc9e-6564-4713-bc97-cf94a2bd32ad-8316722560","trial_id":118,"user_attr":{"overrides":{"lr":0.0001441467228881983,"hidden":128,"clone_batch":128,"clone_weight_decay":1e-06,"clone_class_power":0.18849137135566912,"clone_label_smoothing":0.1,"clone_patience":10}}}
{"op_code":4,"worker_id":"f959fc9e-6564-4713-bc97-cf94a2bd32ad-8316722560","study_id":0,"datetime_start":"2026-10-08T03:45:29.970017"}
{"op_code":9,"worker_id":"f959fc9e-6564-4713-bc97-cf94a2bd32ad-8316722560","trial_id":119,"system_attr":{"tpe:relative_params:0":"{\"clone_batch\": 1024, \"clone_class_power\": 0.05316929193817133, \"clone_label_smoothing\": 0.1, \"clone_patience\": 10, \"clone_weight_decay\": 1e-05, \"hidden\": 128, \"lr\": 0.00013454623862288128}"}}
{"op_code":5,"worker_id":"f959fc9e-6564-4713-bc97-cf94a2bd32ad-8316722560","trial_id":119,"param_name":"lr","param_value_internal":0.00013454623862288128,"distribution":"{\"name\": \"FloatDistribution\", \"attributes\": {\"step\": null, \"low\": 0.0001, \"high\": 0.01, \"log\": true}}"}
{"op_code":5,"worker_id":"f959fc9e-6564-4713-bc97-cf94a2bd32ad-8316722560","trial_id":119,"param_name":"hidden","param_value_internal":1,"distribution":"{\"name\": \"CategoricalDistribution\", \"attributes\": {\"choices\": [64, 128, 256]}}"}
{"op_code":5,"worker_id":"f959fc9e-6564-4713-bc97-cf94a2bd32ad-8316722560","trial_id":119,"param_name":"clone_batch","param_value_internal":3,"distribution":"{\"name\": \"CategoricalDistribution\", \"attributes\": {\"choices\": [128, 256, 512, 1024, 2048]}}"}
{"op_code":5,"worker_id":"f959fc9e-6564-4713-bc97-cf94a2bd32ad-8316722560","trial_id":119,"param_name":"clone_weight_decay","param_value_internal":2,"distribution":"{\"name\": \"CategoricalDistribution\", \"attributes\": {\"choices\": [0.0, 1e-06, 1e-05, 0.0001, 0.001]}}"}
{"op_code":5,"worker_id":"f959fc9e-6564-4713-bc97-cf94a2bd32ad-8316722560","trial_id":119,"param_name":"clone_class_power","param_value_internal":0.05316929193817133,"distribution":"{\"name\": \"FloatDistribution\", \"attributes\": {\"step\": null, \"low\": 0.0, \"high\": 1.0, \"log\": false}}"}
{"op_code":5,"worker_id":"f959fc9e-6564-4713-bc97-cf94a2bd32ad-8316722560","trial_id":119,"param_name":"clone_label_smoothing","param_value_internal":2,"distribution":"{\"name\": \"CategoricalDistribution\", \"attributes\": {\"choices\": [0.0, 0.05, 0.1]}}"}
{"op_code":5,"worker_id":"f959fc9e-6564-4713-bc97-cf94a2bd32ad-8316722560","trial_id":119,"param_name":"clone_patience","param_value_internal":1,"distribution":"{\"name\": \"CategoricalDistribution\", \"attributes\": {\"choices\": [5, 10, 20]}}"}
{"op_code":8,"worker_id":"f959fc9e-6564-4713-bc97-cf94a2bd32ad-8316722560","trial_id":119,"user_attr":{"tag":"ce94ea7f09766"}}
{"op_code":8,"worker_id":"f959fc9e-6564-4713-bc97-cf94a2bd32ad-8316722560","trial_id":119,"user_attr":{"overrides":{"lr":0.00013454623862288128,"hidden":128,"clone_batch":1024,"clone_weight_decay":1e-05,"clone_class_power":0.05316929193817133,"clone_label_smoothing":0.1,"clone_patience":10}}}
{"op_code":7,"worker_id":"f959fc9e-6564-4713-bc97-cf94a2bd32ad-8316722560","trial_id":72,"step":16,"intermediate_value":265.67309868552564}
{"op_code":8,"worker_id":"f959fc9e-6564-4713-bc97-cf94a2bd32ad-8316722560","trial_id":72,"user_attr":{"hh_saving":{"254":322.3837305380417,"185":282.24199013836727,"230":291.10995647234057,"266":170.42206748154013,"145":322.2997279323404,"229":183.8337153874995,"300":348.70507777990906,"69":351.43181260678256,"136":251.46425003162554,"56":282.65950743821986,"72":210.3078069530015,"26":206.8779809558649,"45":214.94936732173787,"208":280.96253965618786,"40":222.5477609452566,"173":308.5722873296949}}}
{"op_code":8,"worker_id":"f959fc9e-6564-4713-bc97-cf94a2bd32ad-8316722560","trial_id":72,"user_attr":{"val_efc_mean":83.2758993125}}
{"op_code":8,"worker_id":"f959fc9e-6564-4713-bc97-cf94a2bd32ad-8316722560","trial_id":72,"user_attr":{"converged_share":0.8125}}
{"op_code":8,"worker_id":"f959fc9e-6564-4713-bc97-cf94a2bd32ad-8316722560","trial_id":72,"user_attr":{"wall_s":396.1916871070862}}
{"op_code":6,"worker_id":"f959fc9e-6564-4713-bc97-cf94a2bd32ad-8316722560","trial_id":72,"state":1,"values":[265.67309868552564],"datetime_complete":"2026-10-08T03:47:04.680360"}
{"op_code":7,"worker_id":"f959fc9e-6564-4713-bc97-cf94a2bd32ad-8316722560","trial_id":73,"step":16,"intermediate_value":266.1369811791952}
{"op_code":8,"worker_id":"f959fc9e-6564-4713-bc97-cf94a2bd32ad-8316722560","trial_id":73,"user_attr":{"hh_saving":{"254":324.3208493432974,"185":282.4437319990156,"230":289.6994864947606,"266":178.35630849500114,"145":322.45984069792297,"229":183.70126512900424,"300":349.25433815454556,"69":352.4694812816171,"136":251.60362692758764,"56":281.10553047341506,"72":209.5583484985375,"26":208.7280356477593,"45":215.39826909690456,"208":280.0420537358568,"40":222.97048228009544,"173":306.08005061180165}}}
{"op_code":8,"worker_id":"f959fc9e-6564-4713-bc97-cf94a2bd32ad-8316722560","trial_id":73,"user_attr":{"val_efc_mean":84.18209040625}}
{"op_code":8,"worker_id":"f959fc9e-6564-4713-bc97-cf94a2bd32ad-8316722560","trial_id":73,"user_attr":{"converged_share":1.0}}
{"op_code":8,"worker_id":"f959fc9e-6564-4713-bc97-cf94a2bd32ad-8316722560","trial_id":73,"user_attr":{"wall_s":396.1881971359253}}
{"op_code":6,"worker_id":"f959fc9e-6564-4713-bc97-cf94a2bd32ad-8316722560","trial_id":73,"state":1,"values":[266.1369811791952],"datetime_complete":"2026-10-08T03:47:04.682484"}
{"op_code":7,"worker_id":"f959fc9e-6564-4713-bc97-cf94a2bd32ad-8316722560","trial_id":74,"step":16,"intermediate_value":0.3154195278116008}
{"op_code":8,"worker_id":"f959fc9e-6564-4713-bc97-cf94a2bd32ad-8316722560","trial_id":74,"user_attr":{"hh_saving":{"254":0.3412287355501015,"185":0.6760347645832009,"230":0.0,"266":0.32030971404546044,"145":0.21368625803518576,"229":-0.34495399425531,"300":0.07285538108595395,"69":0.18282037693409084,"136":0.6457510883468964,"56":0.8079684735462292,"72":0.21522198483396998,"26":0.07601257133618487,"45":0.39332584429438605,"208":0.8471735181290521,"40":0.586705553210777,"173":0.012572175309433728}}}
{"op_code":8,"worker_id":"f959fc9e-6564-4713-bc97-cf94a2bd32ad-8316722560","trial_id":74,"user_attr":{"val_efc_mean":0.28843749999999996}}
{"op_code":8,"worker_id":"f959fc9e-6564-4713-bc97-cf94a2bd32ad-8316722560","trial_id":74,"user_attr":{"converged_share":1.0}}
{"op_code":8,"worker_id":"f959fc9e-6564-4713-bc97-cf94a2bd32ad-8316722560","trial_id":74,"user_attr":{"wall_s":396.18415999412537}}
{"op_code":6,"worker_id":"f959fc9e-6564-4713-bc97-cf94a2bd32ad-8316722560","trial_id":74,"state":1,"values":[0.3154195278116008],"datetime_complete":"2026-10-08T03:47:04.684278"}
{"op_code":7,"worker_id":"f959fc9e-6564-4713-bc97-cf94a2bd32ad-8316722560","trial_id":75,"step":16,"intermediate_value":266.0822178072125}
{"op_code":8,"worker_id":"f959fc9e-6564-4713-bc97-cf94a2bd32ad-8316722560","trial_id":75,"user_attr":{"hh_saving":{"254":324.21869761846176,"185":282.01216185749286,"230":290.9094743342542,"266":174.32502068992667,"145":322.0198581854458,"229":182.8225310147077,"300":351.63100148571726,"69":352.0064089905649,"136":251.59301966227068,"56":283.1054231875096,"72":209.93368721679676,"26":206.94815284388932,"45":215.1776381689706,"208":280.93602091184306,"40":223.78678305870258,"173":305.8896056888457}}}
{"op_code":8,"worker_id":"f959fc9e-6564-4713-bc97-cf94a2bd32ad-8316722560","trial_id":75,"user_attr":{"val_efc_mean":83.64026271875}}
{"op_code":8,"worker_id":"f959fc9e-6564-4713-bc97-cf94a2bd32ad-8316722560","trial_id":75,"user_attr":{"converged_share":0.9375}}
{"op_code":8,"worker_id":"f959fc9e-6564-4713-bc97-cf94a2bd32ad-8316722560","trial_id":75,"user_attr":{"wall_s":396.1812741756439}}
{"op_code":6,"worker_id":"f959fc9e-6564-4713-bc97-cf94a2bd32ad-8316722560","trial_id":75,"state":1,"values":[266.0822178072125],"datetime_complete":"2026-10-08T03:47:04.686406"}
{"op_code":7,"worker_id":"f959fc9e-6564-4713-bc97-cf94a2bd32ad-8316722560","trial_id":76,"step":16,"intermediate_value":265.58468248828297}
{"op_code":8,"worker_id":"f959fc9e-6564-4713-bc97-cf94a2bd32ad-8316722560","trial_id":76,"user_attr":{"hh_saving":{"254":322.9805931008184,"185":282.3595943901197,"230":290.5999735192128,"266":176.11932504840985,"145":320.47345252762443,"229":182.66796489245075,"300":348.595045604079,"69":352.030101683749,"136":251.17602022469862,"56":280.6651127637301,"72":209.09303224546895,"26":206.13440589570288,"45":216.67809893202437,"208":279.8688188548175,"40":222.82081077568895,"173":307.0925693539321}}}
{"op_code":8,"worker_id":"f959fc9e-6564-4713-bc97-cf94a2bd32ad-8316722560","trial_id":76,"user_attr":{"val_efc_mean":83.01404142187499}}
{"op_code":8,"worker_id":"f959fc9e-6564-4713-bc97-cf94a2bd32ad-8316722560","trial_id":76,"user_attr":{"converged_share":1.0}}
{"op_code":8,"worker_id":"f959fc9e-6564-4713-bc97-cf94a2bd32ad-8316722560","trial_id":76,"user_attr":{"wall_s":396.1779429912567}}
{"op_code":6,"worker_id":"f959fc9e-6564-4713-bc97-cf94a2bd32ad-8316722560","trial_id":76,"state":1,"values":[265.58468248828297],"datetime_complete":"2026-10-08T03:47:04.688363"}
{"op_code":7,"worker_id":"f959fc9e-6564-4713-bc97-cf94a2bd32ad-8316722560","trial_id":77,"step":16,"intermediate_value":265.5228374150522}
{"op_code":8,"worker_id":"f959fc9e-6564-4713-bc97-cf94a2bd32ad-8316722560","trial_id":77,"user_attr":{"hh_saving":{"254":323.2170601322503,"185":282.2261846228052,"230":291.3621212552514,"266":173.68274153088487,"145":322.50067426584945,"229":183.1664798539335,"300":350.51401032801976,"69":351.03292554537245,"136":251.41538007253038,"56":280.4388090090526,"72":208.7452966999579,"26":207.2544255067874,"45":213.46622972809638,"208":281.6997902398163,"40":222.53769239451822,"173":305.10557745570964}}}
{"op_code":8,"worker_id":"f959fc9e-6564-4713-bc97-cf94a2bd32ad-8316722560","trial_id":77,"user_attr":{"val_efc_mean":83.525344390625}}
{"op_code":8,"worker_id":"f959fc9e-6564-4713-bc97-cf94a2bd32ad-8316722560","trial_id":77,"user_attr":{"converged_share":1.0}}
{"op_code":8,"worker_id":"f959fc9e-6564-4713-bc97-cf94a2bd32ad-8316722560","trial_id":77,"user_attr":{"wall_s":396.17449617385864}}
{"op_code":6,"worker_id":"f959fc9e-6564-4713-bc97-cf94a2bd32ad-8316722560","trial_id":77,"state":1,"values":[265.5228374150522],"datetime_complete":"2026-10-08T03:47:04.690099"}
{"op_code":7,"worker_id":"f959fc9e-6564-4713-bc97-cf94a2bd32ad-8316722560","trial_id":78,"step":16,"intermediate_value":0.2634662409935603}
{"op_code":8,"worker_id":"f959fc9e-6564-4713-bc97-cf94a2bd32ad-8316722560","trial_id":78,"user_attr":{"hh_saving":{"254":1.0194361625511834,"185":1.0708370543953631,"230":0.0,"266":0.29477537113755503,"145":0.21368625803518576,"229":-0.6888242974250127,"300":0.07285538108595395,"69":0.16298644117175748,"136":0.9745673281837871,"56":0.06116447764684706,"72":0.21522198483396998,"26":0.21945853080088235,"45":0.34527923127008364,"208":0.3571848167321881,"40":0.5715083616216005,"173":-0.6746772461443798}}}
{"op_code":8,"worker_id":"f959fc9e-6564-4713-bc97-cf94a2bd32ad-8316722560","trial_id":78,"user_attr":{"val_efc_mean":0.32218749999999996}}
{"op_code":8,"worker_id":"f959fc9e-6564-4713-bc97-cf94a2bd32ad-8316722560","trial_id":78,"user_attr":{"converged_share":1.0}}
{"op_code":8,"worker_id":"f959fc9e-6564-4713-bc97-cf94a2bd32ad-8316722560","trial_id":78,"user_attr":{"wall_s":396.1714837551117}}
{"op_code":6,"worker_id":"f959fc9e-6564-4713-bc97-cf94a2bd32ad-8316722560","trial_id":78,"state":1,"values":[0.2634662409935603],"datetime_complete":"2026-10-08T03:47:04.692240"}
{"op_code":7,"worker_id":"f959fc9e-6564-4713-bc97-cf94a2bd32ad-8316722560","trial_id":79,"step":16,"intermediate_value":264.56999092853556}
{"op_code":8,"worker_id":"f959fc9e-6564-4713-bc97-cf94a2bd32ad-8316722560","trial_id":79,"user_attr":{"hh_saving":{"254":321.76882561919524,"185":281.13105336326254,"230":290.6823864705699,"266":171.72827217474784,"145":319.58061695180925,"229":181.4784580378636,"300":347.2981904984973,"69":349.82054001861,"136":250.23855247192697,"56":280.522192303881,"72":210.40758833519055,"26":206.2747435791746,"45":215.53120044785038,"208":278.14702629606495,"40":222.57062324708806,"173":305.93958504083656}}}
{"op_code":8,"worker_id":"f959fc9e-6564-4713-bc97-cf94a2bd32ad-8316722560","trial_id":79,"user_attr":{"val_efc_mean":82.58396689062499}}
{"op_code":8,"worker_id":"f959fc9e-6564-4713-bc97-cf94a2bd32ad-8316722560","trial_id":79,"user_attr":{"converged_share":0.9375}}
{"op_code":8,"worker_id":"f959fc9e-6564-4713-bc97-cf94a2bd32ad-8316722560","trial_id":79,"user_attr":{"wall_s":396.168377161026}}
{"op_code":6,"worker_id":"f959fc9e-6564-4713-bc97-cf94a2bd32ad-8316722560","trial_id":79,"state":1,"values":[264.56999092853556],"datetime_complete":"2026-10-08T03:47:04.694083"}
{"op_code":7,"worker_id":"f959fc9e-6564-4713-bc97-cf94a2bd32ad-8316722560","trial_id":80,"step":16,"intermediate_value":265.9512600163523}
{"op_code":8,"worker_id":"f959fc9e-6564-4713-bc97-cf94a2bd32ad-8316722560","trial_id":80,"user_attr":{"hh_saving":{"254":322.7933059414892,"185":282.3656888217631,"230":292.7001329220945,"266":173.6953090812497,"145":322.2250378086328,"229":184.24056162584736,"300":349.04878445139633,"69":351.0437227044242,"136":251.34310088773776,"56":282.0008773305838,"72":208.37211480092148,"26":206.74829567600491,"45":214.6747455600157,"208":282.2215161383501,"40":221.05916348226415,"173":310.68780302886177}}}
{"op_code":8,"worker_id":"f959fc9e-6564-4713-bc97-cf94a2bd32ad-8316722560","trial_id":80,"user_attr":{"val_efc_mean":82.868097609375}}
{"op_code":8,"worker_id":"f959fc9e-6564-4713-bc97-cf94a2bd32ad-8316722560","trial_id":80,"user_attr":{"converged_share":1.0}}
{"op_code":8,"worker_id":"f959fc9e-6564-4713-bc97-cf94a2bd32ad-8316722560","trial_id":80,"user_attr":{"wall_s":396.16507387161255}}
{"op_code":6,"worker_id":"f959fc9e-6564-4713-bc97-cf94a2bd32ad-8316722560","trial_id":80,"state":1,"values":[265.9512600163523],"datetime_complete":"2026-10-08T03:47:04.695866"}
{"op_code":7,"worker_id":"f959fc9e-6564-4713-bc97-cf94a2bd32ad-8316722560","trial_id":81,"step":16,"intermediate_value":266.0063405316717}
{"op_code":8,"worker_id":"f959fc9e-6564-4713-bc97-cf94a2bd32ad-8316722560","trial_id":81,"user_attr":{"hh_saving":{"254":323.54276535483865,"185":282.8795419811752,"230":290.0621990308389,"266":174.54488229905854,"145":322.53209659370117,"229":184.58760105667756,"300":351.44798717617624,"69":351.5780067926773,"136":251.41401134189945,"56":280.3532615910481,"72":209.6834313023115,"26":206.59719226099074,"45":214.3340658548432,"208":280.1865498069283,"40":222.74921892639003,"173":309.60863713719226}}}
{"op_code":8,"worker_id":"f959fc9e-6564-4713-bc97-cf94a2bd32ad-8316722560","trial_id":81,"user_attr":{"val_efc_mean":83.17514078125}}
{"op_code":8,"worker_id":"f959fc9e-6564-4713-bc97-cf94a2bd32ad-8316722560","trial_id":81,"user_attr":{"converged_share":1.0}}
{"op_code":8,"worker_id":"f959fc9e-6564-4713-bc97-cf94a2bd32ad-8316722560","trial_id":81,"user_attr":{"wall_s":396.16138792037964}}
{"op_code":6,"worker_id":"f959fc9e-6564-4713-bc97-cf94a2bd32ad-8316722560","trial_id":81,"state":1,"values":[266.0063405316717],"datetime_complete":"2026-10-08T03:47:04.697757"}
{"op_code":7,"worker_id":"f959fc9e-6564-4713-bc97-cf94a2bd32ad-8316722560","trial_id":82,"step":16,"intermediate_value":265.455596079148}
{"op_code":8,"worker_id":"f959fc9e-6564-4713-bc97-cf94a2bd32ad-8316722560","trial_id":82,"user_attr":{"hh_saving":{"254":322.4150776519816,"185":282.1170786874512,"230":290.3337105195878,"266":174.83347660969508,"145":322.3633566661099,"229":182.03001476402983,"300":349.20858757390135,"69":351.6815808224153,"136":250.70646692242033,"56":281.67043752132173,"72":208.84914269528463,"26":206.60990155148698,"45":215.82534892776872,"208":280.31290238070136,"40":221.9597599154116,"173":306.3726940568007}}}
{"op_code":8,"worker_id":"f959fc9e-6564-4713-bc97-cf94a2bd32ad-8316722560","trial_id":82,"user_attr":{"val_efc_mean":83.74705320312499}}
{"op_code":8,"worker_id":"f959fc9e-6564-4713-bc97-cf94a2bd32ad-8316722560","trial_id":82,"user_attr":{"converged_share":1.0}}
{"op_code":8,"worker_id":"f959fc9e-6564-4713-bc97-cf94a2bd32ad-8316722560","trial_id":82,"user_attr":{"wall_s":396.1495428085327}}
{"op_code":6,"worker_id":"f959fc9e-6564-4713-bc97-cf94a2bd32ad-8316722560","trial_id":82,"state":1,"values":[265.455596079148],"datetime_complete":"2026-10-08T03:47:04.699632"}
{"op_code":7,"worker_id":"f959fc9e-6564-4713-bc97-cf94a2bd32ad-8316722560","trial_id":83,"step":16,"intermediate_value":265.63415037161434}
{"op_code":8,"worker_id":"f959fc9e-6564-4713-bc97-cf94a2bd32ad-8316722560","trial_id":83,"user_attr":{"hh_saving":{"254":323.25874760508543,"185":282.70786889211325,"230":289.8937953848302,"266":171.03511466232635,"145":321.90030947609205,"229":182.65895429593238,"300":350.0575268609452,"69":351.06687600337347,"136":250.75427258051673,"56":280.09929383943876,"72":209.08496543450534,"26":207.15780802199671,"45":217.28331289812908,"208":281.66618655911617,"40":222.75369512009533,"173":308.7676783113332}}}
{"op_code":8,"worker_id":"f959fc9e-6564-4713-bc97-cf94a2bd32ad-8316722560","trial_id":83,"user_attr":{"val_efc_mean":83.351457453125}}
{"op_code":8,"worker_id":"f959fc9e-6564-4713-bc97-cf94a2bd32ad-8316722560","trial_id":83,"user_attr":{"converged_share":1.0}}
{"op_code":8,"worker_id":"f959fc9e-6564-4713-bc97-cf94a2bd32ad-8316722560","trial_id":83,"user_attr":{"wall_s":396.14518189430237}}
{"op_code":6,"worker_id":"f959fc9e-6564-4713-bc97-cf94a2bd32ad-8316722560","trial_id":83,"state":1,"values":[265.63415037161434],"datetime_complete":"2026-10-08T03:47:04.701568"}
{"op_code":7,"worker_id":"f959fc9e-6564-4713-bc97-cf94a2bd32ad-8316722560","trial_id":84,"step":16,"intermediate_value":1.7415380002190957}
{"op_code":8,"worker_id":"f959fc9e-6564-4713-bc97-cf94a2bd32ad-8316722560","trial_id":84,"user_attr":{"hh_saving":{"254":1.5724330837588323,"185":0.7384494297213361,"230":0.1616483933492329,"266":5.119240006372691,"145":0.2368931706799446,"229":2.4381794275236937,"300":-0.33087465219132844,"69":-1.266524449961756,"136":1.1932133972911632,"56":-3.3160103231525113,"72":3.5718841203253047,"26":0.6703484061236143,"45":4.822299962741228,"208":1.6004314783057711,"40":3.703611389010977,"173":6.94938516360734}}}
{"op_code":8,"worker_id":"f959fc9e-6564-4713-bc97-cf94a2bd32ad-8316722560","trial_id":84,"user_attr":{"val_efc_mean":1.5177068281249997}}
{"op_code":8,"worker_id":"f959fc9e-6564-4713-bc97-cf94a2bd32ad-8316722560","trial_id":84,"user_attr":{"converged_share":1.0}}
{"op_code":8,"worker_id":"f959fc9e-6564-4713-bc97-cf94a2bd32ad-8316722560","trial_id":84,"user_attr":{"wall_s":396.14204025268555}}
{"op_code":6,"worker_id":"f959fc9e-6564-4713-bc97-cf94a2bd32ad-8316722560","trial_id":84,"state":1,"values":[1.7415380002190957],"datetime_complete":"2026-10-08T03:47:04.703396"}
{"op_code":7,"worker_id":"f959fc9e-6564-4713-bc97-cf94a2bd32ad-8316722560","trial_id":85,"step":16,"intermediate_value":265.0918297002362}
{"op_code":8,"worker_id":"f959fc9e-6564-4713-bc97-cf94a2bd32ad-8316722560","trial_id":85,"user_attr":{"hh_saving":{"254":323.3454487594365,"185":280.96563603739827,"230":289.9304591330451,"266":171.12741258619837,"145":321.99096836548034,"229":182.79560734260136,"300":348.8773017593082,"69":351.42325382578565,"136":251.0759144209465,"56":281.7349234655497,"72":209.75380786452376,"26":206.227647288736,"45":212.5678418754863,"208":280.40583063920076,"40":222.1328409040566,"173":307.1143809360261}}}
{"op_code":8,"worker_id":"f959fc9e-6564-4713-bc97-cf94a2bd32ad-8316722560","trial_id":85,"user_attr":{"val_efc_mean":83.756565796875}}
{"op_code":8,"worker_id":"f959fc9e-6564-4713-bc97-cf94a2bd32ad-8316722560","trial_id":85,"user_attr":{"converged_share":1.0}}
{"op_code":8,"worker_id":"f959fc9e-6564-4713-bc97-cf94a2bd32ad-8316722560","trial_id":85,"user_attr":{"wall_s":396.13866686820984}}
{"op_code":6,"worker_id":"f959fc9e-6564-4713-bc97-cf94a2bd32ad-8316722560","trial_id":85,"state":1,"values":[265.0918297002362],"datetime_complete":"2026-10-08T03:47:04.705293"}
{"op_code":7,"worker_id":"f959fc9e-6564-4713-bc97-cf94a2bd32ad-8316722560","trial_id":86,"step":16,"intermediate_value":265.9481094627064}
{"op_code":8,"worker_id":"f959fc9e-6564-4713-bc97-cf94a2bd32ad-8316722560","trial_id":86,"user_attr":{"hh_saving":{"254":322.71638212613135,"185":282.5072741682031,"230":289.50330161318715,"266":169.25417506240328,"145":323.7815590594203,"229":183.35214894492594,"300":351.11278790432544,"69":351.6083691985866,"136":251.53775070002345,"56":281.9051094525514,"72":211.6124551527296,"26":207.30559904069048,"45":215.50165394490372,"208":281.3191037718333,"40":222.55666345185713,"173":309.59541781152967}}}
{"op_code":8,"worker_id":"f959fc9e-6564-4713-bc97-cf94a2bd32ad-8316722560","trial_id":86,"user_attr":{"val_efc_mean":83.33159303125}}
{"op_code":8,"worker_id":"f959fc9e-6564-4713-bc97-cf94a2bd32ad-8316722560","trial_id":86,"user_attr":{"converged_share":0.9375}}
{"op_code":8,"worker_id":"f959fc9e-6564-4713-bc97-cf94a2bd32ad-8316722560","trial_id":86,"user_attr":{"wall_s":396.13557600975037}}
{"op_code":6,"worker_id":"f959fc9e-6564-4713-bc97-cf94a2bd32ad-8316722560","trial_id":86,"state":1,"values":[265.9481094627064],"datetime_complete":"2026-10-08T03:47:04.707202"}
{"op_code":7,"worker_id":"f959fc9e-6564-4713-bc97-cf94a2bd32ad-8316722560","trial_id":87,"step":16,"intermediate_value":266.1356849132411}
{"op_code":8,"worker_id":"f959fc9e-6564-4713-bc97-cf94a2bd32ad-8316722560","trial_id":87,"user_attr":{"hh_saving":{"254":322.5758978714083,"185":282.4971365789727,"230":290.4310360574165,"266":168.1255693165372,"145":324.9908937873691,"229":180.29844169128367,"300":351.76130246038093,"69":353.16475863210763,"136":250.73396705553444,"56":281.54913075492544,"72":208.5536228384572,"26":207.87638807935414,"45":217.3118147740986,"208":283.6406544425554,"40":222.86123306257974,"173":311.79911120887624}}}
{"op_code":8,"worker_id":"f959fc9e-6564-4713-bc97-cf94a2bd32ad-8316722560","trial_id":87,"user_attr":{"val_efc_mean":83.69157151562499}}
{"op_code":8,"worker_id":"f959fc9e-6564-4713-bc97-cf94a2bd32ad-8316722560","trial_id":87,"user_attr":{"converged_share":1.0}}
{"op_code":8,"worker_id":"f959fc9e-6564-4713-bc97-cf94a2bd32ad-8316722560","trial_id":87,"user_attr":{"wall_s":396.13250494003296}}
{"op_code":6,"worker_id":"f959fc9e-6564-4713-bc97-cf94a2bd32ad-8316722560","trial_id":87,"state":1,"values":[266.1356849132411],"datetime_complete":"2026-10-08T03:47:04.709027"}
{"op_code":7,"worker_id":"f959fc9e-6564-4713-bc97-cf94a2bd32ad-8316722560","trial_id":88,"step":16,"intermediate_value":265.82044357847855}
{"op_code":8,"worker_id":"f959fc9e-6564-4713-bc97-cf94a2bd32ad-8316722560","trial_id":88,"user_attr":{"hh_saving":{"254":322.2859591358823,"185":282.49005090439283,"230":290.73628497640925,"266":172.6199154781157,"145":322.0199656072602,"229":184.56789124867893,"300":352.37973835087206,"69":350.7913055129281,"136":251.23815481971397,"56":280.93120506271015,"72":209.6255134504947,"26":206.77483841586061,"45":214.79051079699897,"208":282.47176995910587,"40":222.590746562923,"173":306.81324697331047}}}
{"op_code":8,"worker_id":"f959fc9e-6564-4713-bc97-cf94a2bd32ad-8316722560","trial_id":88,"user_attr":{"val_efc_mean":83.476126015625}}
{"op_code":8,"worker_id":"f959fc9e-6564-4713-bc97-cf94a2bd32ad-8316722560","trial_id":88,"user_attr":{"converged_share":0.0}}
{"op_code":8,"worker_id":"f959fc9e-6564-4713-bc97-cf94a2bd32ad-8316722560","trial_id":88,"user_attr":{"wall_s":396.1293213367462}}
{"op_code":6,"worker_id":"f959fc9e-6564-4713-bc97-cf94a2bd32ad-8316722560","trial_id":88,"state":1,"values":[265.82044357847855],"datetime_complete":"2026-10-08T03:47:04.710731"}
{"op_code":7,"worker_id":"f959fc9e-6564-4713-bc97-cf94a2bd32ad-8316722560","trial_id":89,"step":16,"intermediate_value":265.35388448385993}
{"op_code":8,"worker_id":"f959fc9e-6564-4713-bc97-cf94a2bd32ad-8316722560","trial_id":89,"user_attr":{"hh_saving":{"254":321.2283879214862,"185":283.46468063541334,"230":288.8710490835794,"266":173.02641061638573,"145":322.6611693430169,"229":180.48775584386124,"300":347.2788927150377,"69":353.74637283176975,"136":251.92701486347568,"56":282.43738988152023,"72":209.14223912276415,"26":207.44837581242595,"45":215.67392811065426,"208":280.52613947078777,"40":222.10737115183346,"173":305.6349743377473}}}
{"op_code":8,"worker_id":"f959fc9e-6564-4713-bc97-cf94a2bd32ad-8316722560","trial_id":89,"user_attr":{"val_efc_mean":83.88021809374999}}
{"op_code":8,"worker_id":"f959fc9e-6564-4713-bc97-cf94a2bd32ad-8316722560","trial_id":89,"user_attr":{"converged_share":1.0}}
{"op_code":8,"worker_id":"f959fc9e-6564-4713-bc97-cf94a2bd32ad-8316722560","trial_id":89,"user_attr":{"wall_s":396.1253778934479}}
{"op_code":6,"worker_id":"f959fc9e-6564-4713-bc97-cf94a2bd32ad-8316722560","trial_id":89,"state":1,"values":[265.35388448385993],"datetime_complete":"2026-10-08T03:47:04.712677"}
{"op_code":7,"worker_id":"f959fc9e-6564-4713-bc97-cf94a2bd32ad-8316722560","trial_id":90,"step":16,"intermediate_value":266.26865502143863}
{"op_code":8,"worker_id":"f959fc9e-6564-4713-bc97-cf94a2bd32ad-8316722560","trial_id":90,"user_attr":{"hh_saving":{"254":323.58760927891467,"185":280.79952098338515,"230":291.03895493845005,"266":170.35004094726517,"145":323.10811003638827,"229":183.4512407026088,"300":354.2117038758575,"69":352.08542729208494,"136":251.1779395213332,"56":282.55172756653184,"72":209.81006182185658,"26":208.63781174936682,"45":216.02583714289085,"208":280.0812282195528,"40":221.739284641153,"173":311.6419816253783}}}
{"op_code":8,"worker_id":"f959fc9e-6564-4713-bc97-cf94a2bd32ad-8316722560","trial_id":90,"user_attr":{"val_efc_mean":83.214094203125}}
{"op_code":8,"worker_id":"f959fc9e-6564-4713-bc97-cf94a2bd32ad-8316722560","trial_id":90,"user_attr":{"converged_share":1.0}}
{"op_code":8,"worker_id":"f959fc9e-6564-4713-bc97-cf94a2bd32ad-8316722560","trial_id":90,"user_attr":{"wall_s":396.1215171813965}}
{"op_code":6,"worker_id":"f959fc9e-6564-4713-bc97-cf94a2bd32ad-8316722560","trial_id":90,"state":1,"values":[266.26865502143863],"datetime_complete":"2026-10-08T03:47:04.714604"}
{"op_code":7,"worker_id":"f959fc9e-6564-4713-bc97-cf94a2bd32ad-8316722560","trial_id":91,"step":16,"intermediate_value":265.4750336685198}
{"op_code":8,"worker_id":"f959fc9e-6564-4713-bc97-cf94a2bd32ad-8316722560","trial_id":91,"user_attr":{"hh_saving":{"254":321.31388043087077,"185":282.99708420736204,"230":291.844646957451,"266":175.84155825794997,"145":323.341327977239,"229":180.19693316289445,"300":349.00713019375263,"69":350.5904110023788,"136":251.5756479784774,"56":281.58744722965287,"72":210.19192602773128,"26":207.17415218641105,"45":211.73576681985375,"208":281.9407528728774,"40":222.91249387429914,"173":305.3493795171149}}}
{"op_code":8,"worker_id":"f959fc9e-6564-4713-bc97-cf94a2bd32ad-8316722560","trial_id":91,"user_attr":{"val_efc_mean":83.81871959374999}}
{"op_code":8,"worker_id":"f959fc9e-6564-4713-bc97-cf94a2bd32ad-8316722560","trial_id":91,"user_attr":{"converged_share":1.0}}
{"op_code":8,"worker_id":"f959fc9e-6564-4713-bc97-cf94a2bd32ad-8316722560","trial_id":91,"user_attr":{"wall_s":396.11953687667847}}
{"op_code":6,"worker_id":"f959fc9e-6564-4713-bc97-cf94a2bd32ad-8316722560","trial_id":91,"state":1,"values":[265.4750336685198],"datetime_complete":"2026-10-08T03:47:04.717643"}
{"op_code":7,"worker_id":"f959fc9e-6564-4713-bc97-cf94a2bd32ad-8316722560","trial_id":92,"step":16,"intermediate_value":265.8463260363244}
{"op_code":8,"worker_id":"f959fc9e-6564-4713-bc97-cf94a2bd32ad-8316722560","trial_id":92,"user_attr":{"hh_saving":{"254":322.2739752410199,"185":283.1459199596108,"230":289.9685331546283,"266":174.41944820752727,"145":322.7155221728846,"229":182.60419698318128,"300":351.2318926299155,"69":351.8777443107406,"136":251.73169582611456,"56":281.0110007724628,"72":209.5285237398892,"26":206.3314120938868,"45":214.19915362116404,"208":282.23198832895224,"40":222.99819377781586,"173":307.2720157613967}}}
{"op_code":8,"worker_id":"f959fc9e-6564-4713-bc97-cf94a2bd32ad-8316722560","trial_id":92,"user_attr":{"val_efc_mean":83.97295774999999}}
{"op_code":8,"worker_id":"f959fc9e-6564-4713-bc97-cf94a2bd32ad-8316722560","trial_id":92,"user_attr":{"converged_share":0.5625}}
{"op_code":8,"worker_id":"f959fc9e-6564-4713-bc97-cf94a2bd32ad-8316722560","trial_id":92,"user_attr":{"wall_s":396.117712020874}}
{"op_code":6,"worker_id":"f959fc9e-6564-4713-bc97-cf94a2bd32ad-8316722560","trial_id":92,"state":1,"values":[265.8463260363244],"datetime_complete":"2026-10-08T03:47:04.720432"}
{"op_code":7,"worker_id":"f959fc9e-6564-4713-bc97-cf94a2bd32ad-8316722560","trial_id":93,"step":16,"intermediate_value":266.5710195833202}
{"op_code":8,"worker_id":"f959fc9e-6564-4713-bc97-cf94a2bd32ad-8316722560","trial_id":93,"user_attr":{"hh_saving":{"254":323.25579098962356,"185":283.7407786845444,"230":289.80226870999,"266":171.42429030095482,"145":323.8633796305676,"229":184.1112355027199,"300":351.9202163909093,"69":352.56078065623643,"136":251.48077599122476,"56":283.26651881545683,"72":209.20529596378609,"26":208.01355711069948,"45":216.61303719463191,"208":283.6747181065887,"40":223.50884846376118,"173":308.69482082142787}}}
{"op_code":8,"worker_id":"f959fc9e-6564-4713-bc97-cf94a2bd32ad-8316722560","trial_id":93,"user_attr":{"val_efc_mean":83.8212345}}
{"op_code":8,"worker_id":"f959fc9e-6564-4713-bc97-cf94a2bd32ad-8316722560","trial_id":93,"user_attr":{"converged_share":1.0}}
{"op_code":8,"worker_id":"f959fc9e-6564-4713-bc97-cf94a2bd32ad-8316722560","trial_id":93,"user_attr":{"wall_s":396.1156358718872}}
{"op_code":6,"worker_id":"f959fc9e-6564-4713-bc97-cf94a2bd32ad-8316722560","trial_id":93,"state":1,"values":[266.5710195833202],"datetime_complete":"2026-10-08T03:47:04.722951"}
{"op_code":7,"worker_id":"f959fc9e-6564-4713-bc97-cf94a2bd32ad-8316722560","trial_id":94,"step":16,"intermediate_value":265.93437510146435}
{"op_code":8,"worker_id":"f959fc9e-6564-4713-bc97-cf94a2bd32ad-8316722560","trial_id":94,"user_attr":{"hh_saving":{"254":322.6363784871498,"185":283.6470115632763,"230":288.1266065774147,"266":171.11725526347905,"145":321.45656146635804,"229":185.65005483035003,"300":354.03934760530046,"69":350.97739114114233,"136":250.48097956877973,"56":282.47856996533864,"72":207.47909851978324,"26":208.1377789829868,"45":216.73620696671065,"208":281.4468835690216,"40":222.03721836468094,"173":308.5026587516577}}}
{"op_code":8,"worker_id":"f959fc9e-6564-4713-bc97-cf94a2bd32ad-8316722560","trial_id":94,"user_attr":{"val_efc_mean":83.105632796875}}
{"op_code":8,"worker_id":"f959fc9e-6564-4713-bc97-cf94a2bd32ad-8316722560","trial_id":94,"user_attr":{"converged_share":1.0}}
{"op_code":8,"worker_id":"f959fc9e-6564-4713-bc97-cf94a2bd32ad-8316722560","trial_id":94,"user_attr":{"wall_s":396.112774848938}}
{"op_code":6,"worker_id":"f959fc9e-6564-4713-bc97-cf94a2bd32ad-8316722560","trial_id":94,"state":1,"values":[265.93437510146435],"datetime_complete":"2026-10-08T03:47:04.724789"}
{"op_code":7,"worker_id":"f959fc9e-6564-4713-bc97-cf94a2bd32ad-8316722560","trial_id":95,"step":16,"intermediate_value":265.619298341295}
{"op_code":8,"worker_id":"f959fc9e-6564-4713-bc97-cf94a2bd32ad-8316722560","trial_id":95,"user_attr":{"hh_saving":{"254":321.99267488942365,"185":281.93497142183276,"230":290.7010782860412,"266":174.71791607117405,"145":321.97061379180946,"229":183.154286644776,"300":349.08452448130294,"69":350.3753380690218,"136":251.31089038185357,"56":280.0460996156064,"72":210.51632398184952,"26":205.61534113173636,"45":215.73633526015226,"208":282.2491931480274,"40":223.11882875351284,"173":307.3843575326}}}
{"op_code":8,"worker_id":"f959fc9e-6564-4713-bc97-cf94a2bd32ad-8316722560","trial_id":95,"user_attr":{"val_efc_mean":83.70143074999999}}
{"op_code":8,"worker_id":"f959fc9e-6564-4713-bc97-cf94a2bd32ad-8316722560","trial_id":95,"user_attr":{"converged_share":1.0}}
{"op_code":8,"worker_id":"f959fc9e-6564-4713-bc97-cf94a2bd32ad-8316722560","trial_id":95,"user_attr":{"wall_s":396.1099441051483}}
{"op_code":6,"worker_id":"f959fc9e-6564-4713-bc97-cf94a2bd32ad-8316722560","trial_id":95,"state":1,"values":[265.619298341295],"datetime_complete":"2026-10-08T03:47:04.726706"}
{"op_code":4,"worker_id":"f959fc9e-6564-4713-bc97-cf94a2bd32ad-8316722560","study_id":0,"datetime_start":"2026-10-08T03:49:13.310484"}
{"op_code":9,"worker_id":"f959fc9e-6564-4713-bc97-cf94a2bd32ad-8316722560","trial_id":120,"system_attr":{"tpe:relative_params:0":"{\"clone_batch\": 128, \"clone_class_power\": 0.013163102047562991, \"clone_label_smoothing\": 0.1, \"clone_patience\": 10, \"clone_weight_decay\": 1e-06, \"hidden\": 256, \"lr\": 0.0004363919160488315}"}}
{"op_code":5,"worker_id":"f959fc9e-6564-4713-bc97-cf94a2bd32ad-8316722560","trial_id":120,"param_name":"lr","param_value_internal":0.0004363919160488315,"distribution":"{\"name\": \"FloatDistribution\", \"attributes\": {\"step\": null, \"low\": 0.0001, \"high\": 0.01, \"log\": true}}"}
{"op_code":5,"worker_id":"f959fc9e-6564-4713-bc97-cf94a2bd32ad-8316722560","trial_id":120,"param_name":"hidden","param_value_internal":2,"distribution":"{\"name\": \"CategoricalDistribution\", \"attributes\": {\"choices\": [64, 128, 256]}}"}
{"op_code":5,"worker_id":"f959fc9e-6564-4713-bc97-cf94a2bd32ad-8316722560","trial_id":120,"param_name":"clone_batch","param_value_internal":0,"distribution":"{\"name\": \"CategoricalDistribution\", \"attributes\": {\"choices\": [128, 256, 512, 1024, 2048]}}"}
{"op_code":5,"worker_id":"f959fc9e-6564-4713-bc97-cf94a2bd32ad-8316722560","trial_id":120,"param_name":"clone_weight_decay","param_value_internal":1,"distribution":"{\"name\": \"CategoricalDistribution\", \"attributes\": {\"choices\": [0.0, 1e-06, 1e-05, 0.0001, 0.001]}}"}
{"op_code":5,"worker_id":"f959fc9e-6564-4713-bc97-cf94a2bd32ad-8316722560","trial_id":120,"param_name":"clone_class_power","param_value_internal":0.013163102047562991,"distribution":"{\"name\": \"FloatDistribution\", \"attributes\": {\"step\": null, \"low\": 0.0, \"high\": 1.0, \"log\": false}}"}
{"op_code":5,"worker_id":"f959fc9e-6564-4713-bc97-cf94a2bd32ad-8316722560","trial_id":120,"param_name":"clone_label_smoothing","param_value_internal":2,"distribution":"{\"name\": \"CategoricalDistribution\", \"attributes\": {\"choices\": [0.0, 0.05, 0.1]}}"}
{"op_code":5,"worker_id":"f959fc9e-6564-4713-bc97-cf94a2bd32ad-8316722560","trial_id":120,"param_name":"clone_patience","param_value_internal":1,"distribution":"{\"name\": \"CategoricalDistribution\", \"attributes\": {\"choices\": [5, 10, 20]}}"}
{"op_code":8,"worker_id":"f959fc9e-6564-4713-bc97-cf94a2bd32ad-8316722560","trial_id":120,"user_attr":{"tag":"c72f2ae25e9ef"}}
{"op_code":8,"worker_id":"f959fc9e-6564-4713-bc97-cf94a2bd32ad-8316722560","trial_id":120,"user_attr":{"overrides":{"lr":0.0004363919160488315,"hidden":256,"clone_batch":128,"clone_weight_decay":1e-06,"clone_class_power":0.013163102047562991,"clone_label_smoothing":0.1,"clone_patience":10}}}
{"op_code":4,"worker_id":"f959fc9e-6564-4713-bc97-cf94a2bd32ad-8316722560","study_id":0,"datetime_start":"2026-10-08T03:49:13.317709"}
{"op_code":9,"worker_id":"f959fc9e-6564-4713-bc97-cf94a2bd32ad-8316722560","trial_id":121,"system_attr":{"tpe:relative_params:0":"{\"clone_batch\": 256, \"clone_class_power\": 0.13730023428592147, \"clone_label_smoothing\": 0.1, \"clone_patience\": 10, \"clone_weight_decay\": 1e-06, \"hidden\": 128, \"lr\": 0.0025379494077979623}"}}
{"op_code":5,"worker_id":"f959fc9e-6564-4713-bc97-cf94a2bd32ad-8316722560","trial_id":121,"param_name":"lr","param_value_internal":0.0025379494077979623,"distribution":"{\"name\": \"FloatDistribution\", \"attributes\": {\"step\": null, \"low\": 0.0001, \"high\": 0.01, \"log\": true}}"}
{"op_code":5,"worker_id":"f959fc9e-6564-4713-bc97-cf94a2bd32ad-8316722560","trial_id":121,"param_name":"hidden","param_value_internal":1,"distribution":"{\"name\": \"CategoricalDistribution\", \"attributes\": {\"choices\": [64, 128, 256]}}"}
{"op_code":5,"worker_id":"f959fc9e-6564-4713-bc97-cf94a2bd32ad-8316722560","trial_id":121,"param_name":"clone_batch","param_value_internal":1,"distribution":"{\"name\": \"CategoricalDistribution\", \"attributes\": {\"choices\": [128, 256, 512, 1024, 2048]}}"}
{"op_code":5,"worker_id":"f959fc9e-6564-4713-bc97-cf94a2bd32ad-8316722560","trial_id":121,"param_name":"clone_weight_decay","param_value_internal":1,"distribution":"{\"name\": \"CategoricalDistribution\", \"attributes\": {\"choices\": [0.0, 1e-06, 1e-05, 0.0001, 0.001]}}"}
{"op_code":5,"worker_id":"f959fc9e-6564-4713-bc97-cf94a2bd32ad-8316722560","trial_id":121,"param_name":"clone_class_power","param_value_internal":0.13730023428592147,"distribution":"{\"name\": \"FloatDistribution\", \"attributes\": {\"step\": null, \"low\": 0.0, \"high\": 1.0, \"log\": false}}"}
{"op_code":5,"worker_id":"f959fc9e-6564-4713-bc97-cf94a2bd32ad-8316722560","trial_id":121,"param_name":"clone_label_smoothing","param_value_internal":2,"distribution":"{\"name\": \"CategoricalDistribution\", \"attributes\": {\"choices\": [0.0, 0.05, 0.1]}}"}
{"op_code":5,"worker_id":"f959fc9e-6564-4713-bc97-cf94a2bd32ad-8316722560","trial_id":121,"param_name":"clone_patience","param_value_internal":1,"distribution":"{\"name\": \"CategoricalDistribution\", \"attributes\": {\"choices\": [5, 10, 20]}}"}
{"op_code":8,"worker_id":"f959fc9e-6564-4713-bc97-cf94a2bd32ad-8316722560","trial_id":121,"user_attr":{"tag":"cbb614e19783d"}}
{"op_code":8,"worker_id":"f959fc9e-6564-4713-bc97-cf94a2bd32ad-8316722560","trial_id":121,"user_attr":{"overrides":{"lr":0.0025379494077979623,"hidden":128,"clone_batch":256,"clone_weight_decay":1e-06,"clone_class_power":0.13730023428592147,"clone_label_smoothing":0.1,"clone_patience":10}}}
{"op_code":4,"worker_id":"f959fc9e-6564-4713-bc97-cf94a2bd32ad-8316722560","study_id":0,"datetime_start":"2026-10-08T03:49:13.323621"}
{"op_code":9,"worker_id":"f959fc9e-6564-4713-bc97-cf94a2bd32ad-8316722560","trial_id":122,"system_attr":{"tpe:relative_params:0":"{\"clone_batch\": 512, \"clone_class_power\": 0.06582584779318675, \"clone_label_smoothing\": 0.1, \"clone_patience\": 10, \"clone_weight_decay\": 1e-06, \"hidden\": 256, \"lr\": 0.0013884345177586506}"}}
{"op_code":5,"worker_id":"f959fc9e-6564-4713-bc97-cf94a2bd32ad-8316722560","trial_id":122,"param_name":"lr","param_value_internal":0.0013884345177586506,"distribution":"{\"name\": \"FloatDistribution\", \"attributes\": {\"step\": null, \"low\": 0.0001, \"high\": 0.01, \"log\": true}}"}
{"op_code":5,"worker_id":"f959fc9e-6564-4713-bc97-cf94a2bd32ad-8316722560","trial_id":122,"param_name":"hidden","param_value_internal":2,"distribution":"{\"name\": \"CategoricalDistribution\", \"attributes\": {\"choices\": [64, 128, 256]}}"}
{"op_code":5,"worker_id":"f959fc9e-6564-4713-bc97-cf94a2bd32ad-8316722560","trial_id":122,"param_name":"clone_batch","param_value_internal":2,"distribution":"{\"name\": \"CategoricalDistribution\", \"attributes\": {\"choices\": [128, 256, 512, 1024, 2048]}}"}
{"op_code":5,"worker_id":"f959fc9e-6564-4713-bc97-cf94a2bd32ad-8316722560","trial_id":122,"param_name":"clone_weight_decay","param_value_internal":1,"distribution":"{\"name\": \"CategoricalDistribution\", \"attributes\": {\"choices\": [0.0, 1e-06, 1e-05, 0.0001, 0.001]}}"}
{"op_code":5,"worker_id":"f959fc9e-6564-4713-bc97-cf94a2bd32ad-8316722560","trial_id":122,"param_name":"clone_class_power","param_value_internal":0.06582584779318675,"distribution":"{\"name\": \"FloatDistribution\", \"attributes\": {\"step\": null, \"low\": 0.0, \"high\": 1.0, \"log\": false}}"}
{"op_code":5,"worker_id":"f959fc9e-6564-4713-bc97-cf94a2bd32ad-8316722560","trial_id":122,"param_name":"clone_label_smoothing","param_value_internal":2,"distribution":"{\"name\": \"CategoricalDistribution\", \"attributes\": {\"choices\": [0.0, 0.05, 0.1]}}"}
{"op_code":5,"worker_id":"f959fc9e-6564-4713-bc97-cf94a2bd32ad-8316722560","trial_id":122,"param_name":"clone_patience","param_value_internal":1,"distribution":"{\"name\": \"CategoricalDistribution\", \"attributes\": {\"choices\": [5, 10, 20]}}"}
{"op_code":8,"worker_id":"f959fc9e-6564-4713-bc97-cf94a2bd32ad-8316722560","trial_id":122,"user_attr":{"tag":"c931672692253"}}
{"op_code":8,"worker_id":"f959fc9e-6564-4713-bc97-cf94a2bd32ad-8316722560","trial_id":122,"user_attr":{"overrides":{"lr":0.0013884345177586506,"hidden":256,"clone_batch":512,"clone_weight_decay":1e-06,"clone_class_power":0.06582584779318675,"clone_label_smoothing":0.1,"clone_patience":10}}}
{"op_code":4,"worker_id":"f959fc9e-6564-4713-bc97-cf94a2bd32ad-8316722560","study_id":0,"datetime_start":"2026-10-08T03:49:13.329229"}
{"op_code":9,"worker_id":"f959fc9e-6564-4713-bc97-cf94a2bd32ad-8316722560","trial_id":123,"system_attr":{"tpe:relative_params:0":"{\"clone_batch\": 128, \"clone_class_power\": 0.13447405151594258, \"clone_label_smoothing\": 0.1, \"clone_patience\": 10, \"clone_weight_decay\": 1e-06, \"hidden\": 256, \"lr\": 0.003214694966255906}"}}
{"op_code":5,"worker_id":"f959fc9e-6564-4713-bc97-cf94a2bd32ad-8316722560","trial_id":123,"param_name":"lr","param_value_internal":0.003214694966255906,"distribution":"{\"name\": \"FloatDistribution\", \"attributes\": {\"step\": null, \"low\": 0.0001, \"high\": 0.01, \"log\": true}}"}
{"op_code":5,"worker_id":"f959fc9e-6564-4713-bc97-cf94a2bd32ad-8316722560","trial_id":123,"param_name":"hidden","param_value_internal":2,"distribution":"{\"name\": \"CategoricalDistribution\", \"attributes\": {\"choices\": [64, 128, 256]}}"}
{"op_code":5,"worker_id":"f959fc9e-6564-4713-bc97-cf94a2bd32ad-8316722560","trial_id":123,"param_name":"clone_batch","param_value_internal":0,"distribution":"{\"name\": \"CategoricalDistribution\", \"attributes\": {\"choices\": [128, 256, 512, 1024, 2048]}}"}
{"op_code":5,"worker_id":"f959fc9e-6564-4713-bc97-cf94a2bd32ad-8316722560","trial_id":123,"param_name":"clone_weight_decay","param_value_internal":1,"distribution":"{\"name\": \"CategoricalDistribution\", \"attributes\": {\"choices\": [0.0, 1e-06, 1e-05, 0.0001, 0.001]}}"}
{"op_code":5,"worker_id":"f959fc9e-6564-4713-bc97-cf94a2bd32ad-8316722560","trial_id":123,"param_name":"clone_class_power","param_value_internal":0.13447405151594258,"distribution":"{\"name\": \"FloatDistribution\", \"attributes\": {\"step\": null, \"low\": 0.0, \"high\": 1.0, \"log\": false}}"}
{"op_code":5,"worker_id":"f959fc9e-6564-4713-bc97-cf94a2bd32ad-8316722560","trial_id":123,"param_name":"clone_label_smoothing","param_value_internal":2,"distribution":"{\"name\": \"CategoricalDistribution\", \"attributes\": {\"choices\": [0.0, 0.05, 0.1]}}"}
{"op_code":5,"worker_id":"f959fc9e-6564-4713-bc97-cf94a2bd32ad-8316722560","trial_id":123,"param_name":"clone_patience","param_value_internal":1,"distribution":"{\"name\": \"CategoricalDistribution\", \"attributes\": {\"choices\": [5, 10, 20]}}"}
{"op_code":8,"worker_id":"f959fc9e-6564-4713-bc97-cf94a2bd32ad-8316722560","trial_id":123,"user_attr":{"tag":"c4a2d57fb734b"}}
{"op_code":8,"worker_id":"f959fc9e-6564-4713-bc97-cf94a2bd32ad-8316722560","trial_id":123,"user_attr":{"overrides":{"lr":0.003214694966255906,"hidden":256,"clone_batch":128,"clone_weight_decay":1e-06,"clone_class_power":0.13447405151594258,"clone_label_smoothing":0.1,"clone_patience":10}}}
{"op_code":4,"worker_id":"f959fc9e-6564-4713-bc97-cf94a2bd32ad-8316722560","study_id":0,"datetime_start":"2026-10-08T03:49:13.334493"}
{"op_code":9,"worker_id":"f959fc9e-6564-4713-bc97-cf94a2bd32ad-8316722560","trial_id":124,"system_attr":{"tpe:relative_params:0":"{\"clone_batch\": 2048, \"clone_class_power\": 0.0995718397638432, \"clone_label_smoothing\": 0.0, \"clone_patience\": 10, \"clone_weight_decay\": 1e-06, \"hidden\": 256, \"lr\": 0.0009242731865585044}"}}
{"op_code":5,"worker_id":"f959fc9e-6564-4713-bc97-cf94a2bd32ad-8316722560","trial_id":124,"param_name":"lr","param_value_internal":0.0009242731865585044,"distribution":"{\"name\": \"FloatDistribution\", \"attributes\": {\"step\": null, \"low\": 0.0001, \"high\": 0.01, \"log\": true}}"}
{"op_code":5,"worker_id":"f959fc9e-6564-4713-bc97-cf94a2bd32ad-8316722560","trial_id":124,"param_name":"hidden","param_value_internal":2,"distribution":"{\"name\": \"CategoricalDistribution\", \"attributes\": {\"choices\": [64, 128, 256]}}"}
{"op_code":5,"worker_id":"f959fc9e-6564-4713-bc97-cf94a2bd32ad-8316722560","trial_id":124,"param_name":"clone_batch","param_value_internal":4,"distribution":"{\"name\": \"CategoricalDistribution\", \"attributes\": {\"choices\": [128, 256, 512, 1024, 2048]}}"}
{"op_code":5,"worker_id":"f959fc9e-6564-4713-bc97-cf94a2bd32ad-8316722560","trial_id":124,"param_name":"clone_weight_decay","param_value_internal":1,"distribution":"{\"name\": \"CategoricalDistribution\", \"attributes\": {\"choices\": [0.0, 1e-06, 1e-05, 0.0001, 0.001]}}"}
{"op_code":5,"worker_id":"f959fc9e-6564-4713-bc97-cf94a2bd32ad-8316722560","trial_id":124,"param_name":"clone_class_power","param_value_internal":0.0995718397638432,"distribution":"{\"name\": \"FloatDistribution\", \"attributes\": {\"step\": null, \"low\": 0.0, \"high\": 1.0, \"log\": false}}"}
{"op_code":5,"worker_id":"f959fc9e-6564-4713-bc97-cf94a2bd32ad-8316722560","trial_id":124,"param_name":"clone_label_smoothing","param_value_internal":0,"distribution":"{\"name\": \"CategoricalDistribution\", \"attributes\": {\"choices\": [0.0, 0.05, 0.1]}}"}
{"op_code":5,"worker_id":"f959fc9e-6564-4713-bc97-cf94a2bd32ad-8316722560","trial_id":124,"param_name":"clone_patience","param_value_internal":1,"distribution":"{\"name\": \"CategoricalDistribution\", \"attributes\": {\"choices\": [5, 10, 20]}}"}
{"op_code":8,"worker_id":"f959fc9e-6564-4713-bc97-cf94a2bd32ad-8316722560","trial_id":124,"user_attr":{"tag":"c6c239eeb5462"}}
{"op_code":8,"worker_id":"f959fc9e-6564-4713-bc97-cf94a2bd32ad-8316722560","trial_id":124,"user_attr":{"overrides":{"lr":0.0009242731865585044,"hidden":256,"clone_batch":2048,"clone_weight_decay":1e-06,"clone_class_power":0.0995718397638432,"clone_label_smoothing":0.0,"clone_patience":10}}}
{"op_code":4,"worker_id":"f959fc9e-6564-4713-bc97-cf94a2bd32ad-8316722560","study_id":0,"datetime_start":"2026-10-08T03:49:13.339912"}
{"op_code":9,"worker_id":"f959fc9e-6564-4713-bc97-cf94a2bd32ad-8316722560","trial_id":125,"system_attr":{"tpe:relative_params:0":"{\"clone_batch\": 128, \"clone_class_power\": 0.05954256262864057, \"clone_label_smoothing\": 0.1, \"clone_patience\": 10, \"clone_weight_decay\": 0.0001, \"hidden\": 256, \"lr\": 0.000881154012841319}"}}
{"op_code":5,"worker_id":"f959fc9e-6564-4713-bc97-cf94a2bd32ad-8316722560","trial_id":125,"param_name":"lr","param_value_internal":0.000881154012841319,"distribution":"{\"name\": \"FloatDistribution\", \"attributes\": {\"step\": null, \"low\": 0.0001, \"high\": 0.01, \"log\": true}}"}
{"op_code":5,"worker_id":"f959fc9e-6564-4713-bc97-cf94a2bd32ad-8316722560","trial_id":125,"param_name":"hidden","param_value_internal":2,"distribution":"{\"name\": \"CategoricalDistribution\", \"attributes\": {\"choices\": [64, 128, 256]}}"}
{"op_code":5,"worker_id":"f959fc9e-6564-4713-bc97-cf94a2bd32ad-8316722560","trial_id":125,"param_name":"clone_batch","param_value_internal":0,"distribution":"{\"name\": \"CategoricalDistribution\", \"attributes\": {\"choices\": [128, 256, 512, 1024, 2048]}}"}
{"op_code":5,"worker_id":"f959fc9e-6564-4713-bc97-cf94a2bd32ad-8316722560","trial_id":125,"param_name":"clone_weight_decay","param_value_internal":3,"distribution":"{\"name\": \"CategoricalDistribution\", \"attributes\": {\"choices\": [0.0, 1e-06, 1e-05, 0.0001, 0.001]}}"}
{"op_code":5,"worker_id":"f959fc9e-6564-4713-bc97-cf94a2bd32ad-8316722560","trial_id":125,"param_name":"clone_class_power","param_value_internal":0.05954256262864057,"distribution":"{\"name\": \"FloatDistribution\", \"attributes\": {\"step\": null, \"low\": 0.0, \"high\": 1.0, \"log\": false}}"}
{"op_code":5,"worker_id":"f959fc9e-6564-4713-bc97-cf94a2bd32ad-8316722560","trial_id":125,"param_name":"clone_label_smoothing","param_value_internal":2,"distribution":"{\"name\": \"CategoricalDistribution\", \"attributes\": {\"choices\": [0.0, 0.05, 0.1]}}"}
{"op_code":5,"worker_id":"f959fc9e-6564-4713-bc97-cf94a2bd32ad-8316722560","trial_id":125,"param_name":"clone_patience","param_value_internal":1,"distribution":"{\"name\": \"CategoricalDistribution\", \"attributes\": {\"choices\": [5, 10, 20]}}"}
{"op_code":8,"worker_id":"f959fc9e-6564-4713-bc97-cf94a2bd32ad-8316722560","trial_id":125,"user_attr":{"tag":"c506bf13685ec"}}
{"op_code":8,"worker_id":"f959fc9e-6564-4713-bc97-cf94a2bd32ad-8316722560","trial_id":125,"user_attr":{"overrides":{"lr":0.000881154012841319,"hidden":256,"clone_batch":128,"clone_weight_decay":0.0001,"clone_class_power":0.05954256262864057,"clone_label_smoothing":0.1,"clone_patience":10}}}
{"op_code":4,"worker_id":"f959fc9e-6564-4713-bc97-cf94a2bd32ad-8316722560","study_id":0,"datetime_start":"2026-10-08T03:49:13.346277"}
{"op_code":9,"worker_id":"f959fc9e-6564-4713-bc97-cf94a2bd32ad-8316722560","trial_id":126,"system_attr":{"tpe:relative_params:0":"{\"clone_batch\": 2048, \"clone_class_power\": 0.11198738025220112, \"clone_label_smoothing\": 0.1, \"clone_patience\": 5, \"clone_weight_decay\": 0.0, \"hidden\": 64, \"lr\": 0.0028989425157890845}"}}
{"op_code":5,"worker_id":"f959fc9e-6564-4713-bc97-cf94a2bd32ad-8316722560","trial_id":126,"param_name":"lr","param_value_internal":0.0028989425157890845,"distribution":"{\"name\": \"FloatDistribution\", \"attributes\": {\"step\": null, \"low\": 0.0001, \"high\": 0.01, \"log\": true}}"}
{"op_code":5,"worker_id":"f959fc9e-6564-4713-bc97-cf94a2bd32ad-8316722560","trial_id":126,"param_name":"hidden","param_value_internal":0,"distribution":"{\"name\": \"CategoricalDistribution\", \"attributes\": {\"choices\": [64, 128, 256]}}"}
{"op_code":5,"worker_id":"f959fc9e-6564-4713-bc97-cf94a2bd32ad-8316722560","trial_id":126,"param_name":"clone_batch","param_value_internal":4,"distribution":"{\"name\": \"CategoricalDistribution\", \"attributes\": {\"choices\": [128, 256, 512, 1024, 2048]}}"}
{"op_code":5,"worker_id":"f959fc9e-6564-4713-bc97-cf94a2bd32ad-8316722560","trial_id":126,"param_name":"clone_weight_decay","param_value_internal":0,"distribution":"{\"name\": \"CategoricalDistribution\", \"attributes\": {\"choices\": [0.0, 1e-06, 1e-05, 0.0001, 0.001]}}"}
{"op_code":5,"worker_id":"f959fc9e-6564-4713-bc97-cf94a2bd32ad-8316722560","trial_id":126,"param_name":"clone_class_power","param_value_internal":0.11198738025220112,"distribution":"{\"name\": \"FloatDistribution\", \"attributes\": {\"step\": null, \"low\": 0.0, \"high\": 1.0, \"log\": false}}"}
{"op_code":5,"worker_id":"f959fc9e-6564-4713-bc97-cf94a2bd32ad-8316722560","trial_id":126,"param_name":"clone_label_smoothing","param_value_internal":2,"distribution":"{\"name\": \"CategoricalDistribution\", \"attributes\": {\"choices\": [0.0, 0.05, 0.1]}}"}
{"op_code":5,"worker_id":"f959fc9e-6564-4713-bc97-cf94a2bd32ad-8316722560","trial_id":126,"param_name":"clone_patience","param_value_internal":0,"distribution":"{\"name\": \"CategoricalDistribution\", \"attributes\": {\"choices\": [5, 10, 20]}}"}
{"op_code":8,"worker_id":"f959fc9e-6564-4713-bc97-cf94a2bd32ad-8316722560","trial_id":126,"user_attr":{"tag":"c5a0fca6867ac"}}
{"op_code":8,"worker_id":"f959fc9e-6564-4713-bc97-cf94a2bd32ad-8316722560","trial_id":126,"user_attr":{"overrides":{"lr":0.0028989425157890845,"hidden":64,"clone_batch":2048,"clone_weight_decay":0.0,"clone_class_power":0.11198738025220112,"clone_label_smoothing":0.1,"clone_patience":5}}}
{"op_code":4,"worker_id":"f959fc9e-6564-4713-bc97-cf94a2bd32ad-8316722560","study_id":0,"datetime_start":"2026-10-08T03:49:13.352060"}
{"op_code":9,"worker_id":"f959fc9e-6564-4713-bc97-cf94a2bd32ad-8316722560","trial_id":127,"system_attr":{"tpe:relative_params:0":"{\"clone_batch\": 256, \"clone_class_power\": 0.02477641543618131, \"clone_label_smoothing\": 0.05, \"clone_patience\": 10, \"clone_weight_decay\": 1e-06, \"hidden\": 64, \"lr\": 0.0012798812794667794}"}}
{"op_code":5,"worker_id":"f959fc9e-6564-4713-bc97-cf94a2bd32ad-8316722560","trial_id":127,"param_name":"lr","param_value_internal":0.0012798812794667794,"distribution":"{\"name\": \"FloatDistribution\", \"attributes\": {\"step\": null, \"low\": 0.0001, \"high\": 0.01, \"log\": true}}"}
{"op_code":5,"worker_id":"f959fc9e-6564-4713-bc97-cf94a2bd32ad-8316722560","trial_id":127,"param_name":"hidden","param_value_internal":0,"distribution":"{\"name\": \"CategoricalDistribution\", \"attributes\": {\"choices\": [64, 128, 256]}}"}
{"op_code":5,"worker_id":"f959fc9e-6564-4713-bc97-cf94a2bd32ad-8316722560","trial_id":127,"param_name":"clone_batch","param_value_internal":1,"distribution":"{\"name\": \"CategoricalDistribution\", \"attributes\": {\"choices\": [128, 256, 512, 1024, 2048]}}"}
{"op_code":5,"worker_id":"f959fc9e-6564-4713-bc97-cf94a2bd32ad-8316722560","trial_id":127,"param_name":"clone_weight_decay","param_value_internal":1,"distribution":"{\"name\": \"CategoricalDistribution\", \"attributes\": {\"choices\": [0.0, 1e-06, 1e-05, 0.0001, 0.001]}}"}
{"op_code":5,"worker_id":"f959fc9e-6564-4713-bc97-cf94a2bd32ad-8316722560","trial_id":127,"param_name":"clone_class_power","param_value_internal":0.02477641543618131,"distribution":"{\"name\": \"FloatDistribution\", \"attributes\": {\"step\": null, \"low\": 0.0, \"high\": 1.0, \"log\": false}}"}
{"op_code":5,"worker_id":"f959fc9e-6564-4713-bc97-cf94a2bd32ad-8316722560","trial_id":127,"param_name":"clone_label_smoothing","param_value_internal":1,"distribution":"{\"name\": \"CategoricalDistribution\", \"attributes\": {\"choices\": [0.0, 0.05, 0.1]}}"}
{"op_code":5,"worker_id":"f959fc9e-6564-4713-bc97-cf94a2bd32ad-8316722560","trial_id":127,"param_name":"clone_patience","param_value_internal":1,"distribution":"{\"name\": \"CategoricalDistribution\", \"attributes\": {\"choices\": [5, 10, 20]}}"}
{"op_code":8,"worker_id":"f959fc9e-6564-4713-bc97-cf94a2bd32ad-8316722560","trial_id":127,"user_attr":{"tag":"c24bae5f65192"}}
{"op_code":8,"worker_id":"f959fc9e-6564-4713-bc97-cf94a2bd32ad-8316722560","trial_id":127,"user_attr":{"overrides":{"lr":0.0012798812794667794,"hidden":64,"clone_batch":256,"clone_weight_decay":1e-06,"clone_class_power":0.02477641543618131,"clone_label_smoothing":0.05,"clone_patience":10}}}
{"op_code":4,"worker_id":"f959fc9e-6564-4713-bc97-cf94a2bd32ad-8316722560","study_id":0,"datetime_start":"2026-10-08T03:49:13.357255"}
{"op_code":9,"worker_id":"f959fc9e-6564-4713-bc97-cf94a2bd32ad-8316722560","trial_id":128,"system_attr":{"tpe:relative_params:0":"{\"clone_batch\": 128, \"clone_class_power\": 0.16166377601746038, \"clone_label_smoothing\": 0.05, \"clone_patience\": 10, \"clone_weight_decay\": 1e-05, \"hidden\": 256, \"lr\": 0.00135803774781962}"}}
{"op_code":5,"worker_id":"f959fc9e-6564-4713-bc97-cf94a2bd32ad-8316722560","trial_id":128,"param_name":"lr","param_value_internal":0.00135803774781962,"distribution":"{\"name\": \"FloatDistribution\", \"attributes\": {\"step\": null, \"low\": 0.0001, \"high\": 0.01, \"log\": true}}"}
{"op_code":5,"worker_id":"f959fc9e-6564-4713-bc97-cf94a2bd32ad-8316722560","trial_id":128,"param_name":"hidden","param_value_internal":2,"distribution":"{\"name\": \"CategoricalDistribution\", \"attributes\": {\"choices\": [64, 128, 256]}}"}
{"op_code":5,"worker_id":"f959fc9e-6564-4713-bc97-cf94a2bd32ad-8316722560","trial_id":128,"param_name":"clone_batch","param_value_internal":0,"distribution":"{\"name\": \"CategoricalDistribution\", \"attributes\": {\"choices\": [128, 256, 512, 1024, 2048]}}"}
{"op_code":5,"worker_id":"f959fc9e-6564-4713-bc97-cf94a2bd32ad-8316722560","trial_id":128,"param_name":"clone_weight_decay","param_value_internal":2,"distribution":"{\"name\": \"CategoricalDistribution\", \"attributes\": {\"choices\": [0.0, 1e-06, 1e-05, 0.0001, 0.001]}}"}
{"op_code":5,"worker_id":"f959fc9e-6564-4713-bc97-cf94a2bd32ad-8316722560","trial_id":128,"param_name":"clone_class_power","param_value_internal":0.16166377601746038,"distribution":"{\"name\": \"FloatDistribution\", \"attributes\": {\"step\": null, \"low\": 0.0, \"high\": 1.0, \"log\": false}}"}
{"op_code":5,"worker_id":"f959fc9e-6564-4713-bc97-cf94a2bd32ad-8316722560","trial_id":128,"param_name":"clone_label_smoothing","param_value_internal":1,"distribution":"{\"name\": \"CategoricalDistribution\", \"attributes\": {\"choices\": [0.0, 0.05, 0.1]}}"}
{"op_code":5,"worker_id":"f959fc9e-6564-4713-bc97-cf94a2bd32ad-8316722560","trial_id":128,"param_name":"clone_patience","param_value_internal":1,"distribution":"{\"name\": \"CategoricalDistribution\", \"attributes\": {\"choices\": [5, 10, 20]}}"}
{"op_code":8,"worker_id":"f959fc9e-6564-4713-bc97-cf94a2bd32ad-8316722560","trial_id":128,"user_attr":{"tag":"cdd2ccac82d3d"}}
{"op_code":8,"worker_id":"f959fc9e-6564-4713-bc97-cf94a2bd32ad-8316722560","trial_id":128,"user_attr":{"overrides":{"lr":0.00135803774781962,"hidden":256,"clone_batch":128,"clone_weight_decay":1e-05,"clone_class_power":0.16166377601746038,"clone_label_smoothing":0.05,"clone_patience":10}}}
{"op_code":4,"worker_id":"f959fc9e-6564-4713-bc97-cf94a2bd32ad-8316722560","study_id":0,"datetime_start":"2026-10-08T03:49:13.362881"}
{"op_code":9,"worker_id":"f959fc9e-6564-4713-bc97-cf94a2bd32ad-8316722560","trial_id":129,"system_attr":{"tpe:relative_params:0":"{\"clone_batch\": 512, \"clone_class_power\": 0.23405447919934413, \"clone_label_smoothing\": 0.0, \"clone_patience\": 5, \"clone_weight_decay\": 1e-06, \"hidden\": 256, \"lr\": 0.003457864716319354}"}}
{"op_code":5,"worker_id":"f959fc9e-6564-4713-bc97-cf94a2bd32ad-8316722560","trial_id":129,"param_name":"lr","param_value_internal":0.003457864716319354,"distribution":"{\"name\": \"FloatDistribution\", \"attributes\": {\"step\": null, \"low\": 0.0001, \"high\": 0.01, \"log\": true}}"}
{"op_code":5,"worker_id":"f959fc9e-6564-4713-bc97-cf94a2bd32ad-8316722560","trial_id":129,"param_name":"hidden","param_value_internal":2,"distribution":"{\"name\": \"CategoricalDistribution\", \"attributes\": {\"choices\": [64, 128, 256]}}"}
{"op_code":5,"worker_id":"f959fc9e-6564-4713-bc97-cf94a2bd32ad-8316722560","trial_id":129,"param_name":"clone_batch","param_value_internal":2,"distribution":"{\"name\": \"CategoricalDistribution\", \"attributes\": {\"choices\": [128, 256, 512, 1024, 2048]}}"}
{"op_code":5,"worker_id":"f959fc9e-6564-4713-bc97-cf94a2bd32ad-8316722560","trial_id":129,"param_name":"clone_weight_decay","param_value_internal":1,"distribution":"{\"name\": \"CategoricalDistribution\", \"attributes\": {\"choices\": [0.0, 1e-06, 1e-05, 0.0001, 0.001]}}"}
{"op_code":5,"worker_id":"f959fc9e-6564-4713-bc97-cf94a2bd32ad-8316722560","trial_id":129,"param_name":"clone_class_power","param_value_internal":0.23405447919934413,"distribution":"{\"name\": \"FloatDistribution\", \"attributes\": {\"step\": null, \"low\": 0.0, \"high\": 1.0, \"log\": false}}"}
{"op_code":5,"worker_id":"f959fc9e-6564-4713-bc97-cf94a2bd32ad-8316722560","trial_id":129,"param_name":"clone_label_smoothing","param_value_internal":0,"distribution":"{\"name\": \"CategoricalDistribution\", \"attributes\": {\"choices\": [0.0, 0.05, 0.1]}}"}
{"op_code":5,"worker_id":"f959fc9e-6564-4713-bc97-cf94a2bd32ad-8316722560","trial_id":129,"param_name":"clone_patience","param_value_internal":0,"distribution":"{\"name\": \"CategoricalDistribution\", \"attributes\": {\"choices\": [5, 10, 20]}}"}
{"op_code":8,"worker_id":"f959fc9e-6564-4713-bc97-cf94a2bd32ad-8316722560","trial_id":129,"user_attr":{"tag":"c05d44fe3df75"}}
{"op_code":8,"worker_id":"f959fc9e-6564-4713-bc97-cf94a2bd32ad-8316722560","trial_id":129,"user_attr":{"overrides":{"lr":0.003457864716319354,"hidden":256,"clone_batch":512,"clone_weight_decay":1e-06,"clone_class_power":0.23405447919934413,"clone_label_smoothing":0.0,"clone_patience":5}}}
{"op_code":4,"worker_id":"f959fc9e-6564-4713-bc97-cf94a2bd32ad-8316722560","study_id":0,"datetime_start":"2026-10-08T03:49:13.368364"}
{"op_code":9,"worker_id":"f959fc9e-6564-4713-bc97-cf94a2bd32ad-8316722560","trial_id":130,"system_attr":{"tpe:relative_params:0":"{\"clone_batch\": 256, \"clone_class_power\": 0.13911270222256888, \"clone_label_smoothing\": 0.0, \"clone_patience\": 10, \"clone_weight_decay\": 1e-06, \"hidden\": 128, \"lr\": 0.0007990277981918929}"}}
{"op_code":5,"worker_id":"f959fc9e-6564-4713-bc97-cf94a2bd32ad-8316722560","trial_id":130,"param_name":"lr","param_value_internal":0.0007990277981918929,"distribution":"{\"name\": \"FloatDistribution\", \"attributes\": {\"step\": null, \"low\": 0.0001, \"high\": 0.01, \"log\": true}}"}
{"op_code":5,"worker_id":"f959fc9e-6564-4713-bc97-cf94a2bd32ad-8316722560","trial_id":130,"param_name":"hidden","param_value_internal":1,"distribution":"{\"name\": \"CategoricalDistribution\", \"attributes\": {\"choices\": [64, 128, 256]}}"}
{"op_code":5,"worker_id":"f959fc9e-6564-4713-bc97-cf94a2bd32ad-8316722560","trial_id":130,"param_name":"clone_batch","param_value_internal":1,"distribution":"{\"name\": \"CategoricalDistribution\", \"attributes\": {\"choices\": [128, 256, 512, 1024, 2048]}}"}
{"op_code":5,"worker_id":"f959fc9e-6564-4713-bc97-cf94a2bd32ad-8316722560","trial_id":130,"param_name":"clone_weight_decay","param_value_internal":1,"distribution":"{\"name\": \"CategoricalDistribution\", \"attributes\": {\"choices\": [0.0, 1e-06, 1e-05, 0.0001, 0.001]}}"}
{"op_code":5,"worker_id":"f959fc9e-6564-4713-bc97-cf94a2bd32ad-8316722560","trial_id":130,"param_name":"clone_class_power","param_value_internal":0.13911270222256888,"distribution":"{\"name\": \"FloatDistribution\", \"attributes\": {\"step\": null, \"low\": 0.0, \"high\": 1.0, \"log\": false}}"}
{"op_code":5,"worker_id":"f959fc9e-6564-4713-bc97-cf94a2bd32ad-8316722560","trial_id":130,"param_name":"clone_label_smoothing","param_value_internal":0,"distribution":"{\"name\": \"CategoricalDistribution\", \"attributes\": {\"choices\": [0.0, 0.05, 0.1]}}"}
{"op_code":5,"worker_id":"f959fc9e-6564-4713-bc97-cf94a2bd32ad-8316722560","trial_id":130,"param_name":"clone_patience","param_value_internal":1,"distribution":"{\"name\": \"CategoricalDistribution\", \"attributes\": {\"choices\": [5, 10, 20]}}"}
{"op_code":8,"worker_id":"f959fc9e-6564-4713-bc97-cf94a2bd32ad-8316722560","trial_id":130,"user_attr":{"tag":"c17bd02236c65"}}
{"op_code":8,"worker_id":"f959fc9e-6564-4713-bc97-cf94a2bd32ad-8316722560","trial_id":130,"user_attr":{"overrides":{"lr":0.0007990277981918929,"hidden":128,"clone_batch":256,"clone_weight_decay":1e-06,"clone_class_power":0.13911270222256888,"clone_label_smoothing":0.0,"clone_patience":10}}}
{"op_code":4,"worker_id":"f959fc9e-6564-4713-bc97-cf94a2bd32ad-8316722560","study_id":0,"datetime_start":"2026-10-08T03:49:13.373726"}
{"op_code":9,"worker_id":"f959fc9e-6564-4713-bc97-cf94a2bd32ad-8316722560","trial_id":131,"system_attr":{"tpe:relative_params:0":"{\"clone_batch\": 256, \"clone_class_power\": 0.03275321991002672, \"clone_label_smoothing\": 0.05, \"clone_patience\": 10, \"clone_weight_decay\": 0.0001, \"hidden\": 128, \"lr\": 0.0022648682169447605}"}}
{"op_code":5,"worker_id":"f959fc9e-6564-4713-bc97-cf94a2bd32ad-8316722560","trial_id":131,"param_name":"lr","param_value_internal":0.0022648682169447605,"distribution":"{\"name\": \"FloatDistribution\", \"attributes\": {\"step\": null, \"low\": 0.0001, \"high\": 0.01, \"log\": true}}"}
{"op_code":5,"worker_id":"f959fc9e-6564-4713-bc97-cf94a2bd32ad-8316722560","trial_id":131,"param_name":"hidden","param_value_internal":1,"distribution":"{\"name\": \"CategoricalDistribution\", \"attributes\": {\"choices\": [64, 128, 256]}}"}
{"op_code":5,"worker_id":"f959fc9e-6564-4713-bc97-cf94a2bd32ad-8316722560","trial_id":131,"param_name":"clone_batch","param_value_internal":1,"distribution":"{\"name\": \"CategoricalDistribution\", \"attributes\": {\"choices\": [128, 256, 512, 1024, 2048]}}"}
{"op_code":5,"worker_id":"f959fc9e-6564-4713-bc97-cf94a2bd32ad-8316722560","trial_id":131,"param_name":"clone_weight_decay","param_value_internal":3,"distribution":"{\"name\": \"CategoricalDistribution\", \"attributes\": {\"choices\": [0.0, 1e-06, 1e-05, 0.0001, 0.001]}}"}
{"op_code":5,"worker_id":"f959fc9e-6564-4713-bc97-cf94a2bd32ad-8316722560","trial_id":131,"param_name":"clone_class_power","param_value_internal":0.03275321991002672,"distribution":"{\"name\": \"FloatDistribution\", \"attributes\": {\"step\": null, \"low\": 0.0, \"high\": 1.0, \"log\": false}}"}
{"op_code":5,"worker_id":"f959fc9e-6564-4713-bc97-cf94a2bd32ad-8316722560","trial_id":131,"param_name":"clone_label_smoothing","param_value_internal":1,"distribution":"{\"name\": \"CategoricalDistribution\", \"attributes\": {\"choices\": [0.0, 0.05, 0.1]}}"}
{"op_code":5,"worker_id":"f959fc9e-6564-4713-bc97-cf94a2bd32ad-8316722560","trial_id":131,"param_name":"clone_patience","param_value_internal":1,"distribution":"{\"name\": \"CategoricalDistribution\", \"attributes\": {\"choices\": [5, 10, 20]}}"}
{"op_code":8,"worker_id":"f959fc9e-6564-4713-bc97-cf94a2bd32ad-8316722560","trial_id":131,"user_attr":{"tag":"c8a520d74c993"}}
{"op_code":8,"worker_id":"f959fc9e-6564-4713-bc97-cf94a2bd32ad-8316722560","trial_id":131,"user_attr":{"overrides":{"lr":0.0022648682169447605,"hidden":128,"clone_batch":256,"clone_weight_decay":0.0001,"clone_class_power":0.03275321991002672,"clone_label_smoothing":0.05,"clone_patience":10}}}
{"op_code":4,"worker_id":"f959fc9e-6564-4713-bc97-cf94a2bd32ad-8316722560","study_id":0,"datetime_start":"2026-10-08T03:49:13.378787"}
{"op_code":9,"worker_id":"f959fc9e-6564-4713-bc97-cf94a2bd32ad-8316722560","trial_id":132,"system_attr":{"tpe:relative_params:0":"{\"clone_batch\": 256, \"clone_class_power\": 0.0654025762452841, \"clone_label_smoothing\": 0.05, \"clone_patience\": 5, \"clone_weight_decay\": 0.0, \"hidden\": 64, \"lr\": 0.0028706168389892764}"}}
{"op_code":5,"worker_id":"f959fc9e-6564-4713-bc97-cf94a2bd32ad-8316722560","trial_id":132,"param_name":"lr","param_value_internal":0.0028706168389892764,"distribution":"{\"name\": \"FloatDistribution\", \"attributes\": {\"step\": null, \"low\": 0.0001, \"high\": 0.01, \"log\": true}}"}
{"op_code":5,"worker_id":"f959fc9e-6564-4713-bc97-cf94a2bd32ad-8316722560","trial_id":132,"param_name":"hidden","param_value_internal":0,"distribution":"{\"name\": \"CategoricalDistribution\", \"attributes\": {\"choices\": [64, 128, 256]}}"}
{"op_code":5,"worker_id":"f959fc9e-6564-4713-bc97-cf94a2bd32ad-8316722560","trial_id":132,"param_name":"clone_batch","param_value_internal":1,"distribution":"{\"name\": \"CategoricalDistribution\", \"attributes\": {\"choices\": [128, 256, 512, 1024, 2048]}}"}
{"op_code":5,"worker_id":"f959fc9e-6564-4713-bc97-cf94a2bd32ad-8316722560","trial_id":132,"param_name":"clone_weight_decay","param_value_internal":0,"distribution":"{\"name\": \"CategoricalDistribution\", \"attributes\": {\"choices\": [0.0, 1e-06, 1e-05, 0.0001, 0.001]}}"}
{"op_code":5,"worker_id":"f959fc9e-6564-4713-bc97-cf94a2bd32ad-8316722560","trial_id":132,"param_name":"clone_class_power","param_value_internal":0.0654025762452841,"distribution":"{\"name\": \"FloatDistribution\", \"attributes\": {\"step\": null, \"low\": 0.0, \"high\": 1.0, \"log\": false}}"}
{"op_code":5,"worker_id":"f959fc9e-6564-4713-bc97-cf94a2bd32ad-8316722560","trial_id":132,"param_name":"clone_label_smoothing","param_value_internal":1,"distribution":"{\"name\": \"CategoricalDistribution\", \"attributes\": {\"choices\": [0.0, 0.05, 0.1]}}"}
{"op_code":5,"worker_id":"f959fc9e-6564-4713-bc97-cf94a2bd32ad-8316722560","trial_id":132,"param_name":"clone_patience","param_value_internal":0,"distribution":"{\"name\": \"CategoricalDistribution\", \"attributes\": {\"choices\": [5, 10, 20]}}"}
{"op_code":8,"worker_id":"f959fc9e-6564-4713-bc97-cf94a2bd32ad-8316722560","trial_id":132,"user_attr":{"tag":"cc99b9c638675"}}
{"op_code":8,"worker_id":"f959fc9e-6564-4713-bc97-cf94a2bd32ad-8316722560","trial_id":132,"user_attr":{"overrides":{"lr":0.0028706168389892764,"hidden":64,"clone_batch":256,"clone_weight_decay":0.0,"clone_class_power":0.0654025762452841,"clone_label_smoothing":0.05,"clone_patience":5}}}
{"op_code":4,"worker_id":"f959fc9e-6564-4713-bc97-cf94a2bd32ad-8316722560","study_id":0,"datetime_start":"2026-10-08T03:49:13.383722"}
{"op_code":9,"worker_id":"f959fc9e-6564-4713-bc97-cf94a2bd32ad-8316722560","trial_id":133,"system_attr":{"tpe:relative_params:0":"{\"clone_batch\": 128, \"clone_class_power\": 0.16595767807250728, \"clone_label_smoothing\": 0.1, \"clone_patience\": 10, \"clone_weight_decay\": 0.001, \"hidden\": 128, \"lr\": 0.0012678289673450835}"}}
{"op_code":5,"worker_id":"f959fc9e-6564-4713-bc97-cf94a2bd32ad-8316722560","trial_id":133,"param_name":"lr","param_value_internal":0.0012678289673450835,"distribution":"{\"name\": \"FloatDistribution\", \"attributes\": {\"step\": null, \"low\": 0.0001, \"high\": 0.01, \"log\": true}}"}
{"op_code":5,"worker_id":"f959fc9e-6564-4713-bc97-cf94a2bd32ad-8316722560","trial_id":133,"param_name":"hidden","param_value_internal":1,"distribution":"{\"name\": \"CategoricalDistribution\", \"attributes\": {\"choices\": [64, 128, 256]}}"}
{"op_code":5,"worker_id":"f959fc9e-6564-4713-bc97-cf94a2bd32ad-8316722560","trial_id":133,"param_name":"clone_batch","param_value_internal":0,"distribution":"{\"name\": \"CategoricalDistribution\", \"attributes\": {\"choices\": [128, 256, 512, 1024, 2048]}}"}
{"op_code":5,"worker_id":"f959fc9e-6564-4713-bc97-cf94a2bd32ad-8316722560","trial_id":133,"param_name":"clone_weight_decay","param_value_internal":4,"distribution":"{\"name\": \"CategoricalDistribution\", \"attributes\": {\"choices\": [0.0, 1e-06, 1e-05, 0.0001, 0.001]}}"}
{"op_code":5,"worker_id":"f959fc9e-6564-4713-bc97-cf94a2bd32ad-8316722560","trial_id":133,"param_name":"clone_class_power","param_value_internal":0.16595767807250728,"distribution":"{\"name\": \"FloatDistribution\", \"attributes\": {\"step\": null, \"low\": 0.0, \"high\": 1.0, \"log\": false}}"}
{"op_code":5,"worker_id":"f959fc9e-6564-4713-bc97-cf94a2bd32ad-8316722560","trial_id":133,"param_name":"clone_label_smoothing","param_value_internal":2,"distribution":"{\"name\": \"CategoricalDistribution\", \"attributes\": {\"choices\": [0.0, 0.05, 0.1]}}"}
{"op_code":5,"worker_id":"f959fc9e-6564-4713-bc97-cf94a2bd32ad-8316722560","trial_id":133,"param_name":"clone_patience","param_value_internal":1,"distribution":"{\"name\": \"CategoricalDistribution\", \"attributes\": {\"choices\": [5, 10, 20]}}"}
{"op_code":8,"worker_id":"f959fc9e-6564-4713-bc97-cf94a2bd32ad-8316722560","trial_id":133,"user_attr":{"tag":"cac9d3f85135f"}}
{"op_code":8,"worker_id":"f959fc9e-6564-4713-bc97-cf94a2bd32ad-8316722560","trial_id":133,"user_attr":{"overrides":{"lr":0.0012678289673450835,"hidden":128,"clone_batch":128,"clone_weight_decay":0.001,"clone_class_power":0.16595767807250728,"clone_label_smoothing":0.1,"clone_patience":10}}}
{"op_code":4,"worker_id":"f959fc9e-6564-4713-bc97-cf94a2bd32ad-8316722560","study_id":0,"datetime_start":"2026-10-08T03:49:13.388679"}
{"op_code":9,"worker_id":"f959fc9e-6564-4713-bc97-cf94a2bd32ad-8316722560","trial_id":134,"system_attr":{"tpe:relative_params:0":"{\"clone_batch\": 512, \"clone_class_power\": 0.2413959398582461, \"clone_label_smoothing\": 0.05, \"clone_patience\": 20, \"clone_weight_decay\": 0.0, \"hidden\": 128, \"lr\": 0.00020867645801502403}"}}
{"op_code":5,"worker_id":"f959fc9e-6564-4713-bc97-cf94a2bd32ad-8316722560","trial_id":134,"param_name":"lr","param_value_internal":0.00020867645801502403,"distribution":"{\"name\": \"FloatDistribution\", \"attributes\": {\"step\": null, \"low\": 0.0001, \"high\": 0.01, \"log\": true}}"}
{"op_code":5,"worker_id":"f959fc9e-6564-4713-bc97-cf94a2bd32ad-8316722560","trial_id":134,"param_name":"hidden","param_value_internal":1,"distribution":"{\"name\": \"CategoricalDistribution\", \"attributes\": {\"choices\": [64, 128, 256]}}"}
{"op_code":5,"worker_id":"f959fc9e-6564-4713-bc97-cf94a2bd32ad-8316722560","trial_id":134,"param_name":"clone_batch","param_value_internal":2,"distribution":"{\"name\": \"CategoricalDistribution\", \"attributes\": {\"choices\": [128, 256, 512, 1024, 2048]}}"}
{"op_code":5,"worker_id":"f959fc9e-6564-4713-bc97-cf94a2bd32ad-8316722560","trial_id":134,"param_name":"clone_weight_decay","param_value_internal":0,"distribution":"{\"name\": \"CategoricalDistribution\", \"attributes\": {\"choices\": [0.0, 1e-06, 1e-05, 0.0001, 0.001]}}"}
{"op_code":5,"worker_id":"f959fc9e-6564-4713-bc97-cf94a2bd32ad-8316722560","trial_id":134,"param_name":"clone_class_power","param_value_internal":0.2413959398582461,"distribution":"{\"name\": \"FloatDistribution\", \"attributes\": {\"step\": null, \"low\": 0.0, \"high\": 1.0, \"log\": false}}"}
{"op_code":5,"worker_id":"f959fc9e-6564-4713-bc97-cf94a2bd32ad-8316722560","trial_id":134,"param_name":"clone_label_smoothing","param_value_internal":1,"distribution":"{\"name\": \"CategoricalDistribution\", \"attributes\": {\"choices\": [0.0, 0.05, 0.1]}}"}
{"op_code":5,"worker_id":"f959fc9e-6564-4713-bc97-cf94a2bd32ad-8316722560","trial_id":134,"param_name":"clone_patience","param_value_internal":2,"distribution":"{\"name\": \"CategoricalDistribution\", \"attributes\": {\"choices\": [5, 10, 20]}}"}
{"op_code":8,"worker_id":"f959fc9e-6564-4713-bc97-cf94a2bd32ad-8316722560","trial_id":134,"user_attr":{"tag":"cae01949b918b"}}
{"op_code":8,"worker_id":"f959fc9e-6564-4713-bc97-cf94a2bd32ad-8316722560","trial_id":134,"user_attr":{"overrides":{"lr":0.00020867645801502403,"hidden":128,"clone_batch":512,"clone_weight_decay":0.0,"clone_class_power":0.2413959398582461,"clone_label_smoothing":0.05,"clone_patience":20}}}
{"op_code":4,"worker_id":"f959fc9e-6564-4713-bc97-cf94a2bd32ad-8316722560","study_id":0,"datetime_start":"2026-10-08T03:49:13.394411"}
{"op_code":9,"worker_id":"f959fc9e-6564-4713-bc97-cf94a2bd32ad-8316722560","trial_id":135,"system_attr":{"tpe:relative_params:0":"{\"clone_batch\": 128, \"clone_class_power\": 0.13569395684118885, \"clone_label_smoothing\": 0.05, \"clone_patience\": 5, \"clone_weight_decay\": 0.0001, \"hidden\": 64, \"lr\": 0.0035623781604653747}"}}
{"op_code":5,"worker_id":"f959fc9e-6564-4713-bc97-cf94a2bd32ad-8316722560","trial_id":135,"param_name":"lr","param_value_internal":0.0035623781604653747,"distribution":"{\"name\": \"FloatDistribution\", \"attributes\": {\"step\": null, \"low\": 0.0001, \"high\": 0.01, \"log\": true}}"}
{"op_code":5,"worker_id":"f959fc9e-6564-4713-bc97-cf94a2bd32ad-8316722560","trial_id":135,"param_name":"hidden","param_value_internal":0,"distribution":"{\"name\": \"CategoricalDistribution\", \"attributes\": {\"choices\": [64, 128, 256]}}"}
{"op_code":5,"worker_id":"f959fc9e-6564-4713-bc97-cf94a2bd32ad-8316722560","trial_id":135,"param_name":"clone_batch","param_value_internal":0,"distribution":"{\"name\": \"CategoricalDistribution\", \"attributes\": {\"choices\": [128, 256, 512, 1024, 2048]}}"}
{"op_code":5,"worker_id":"f959fc9e-6564-4713-bc97-cf94a2bd32ad-8316722560","trial_id":135,"param_name":"clone_weight_decay","param_value_internal":3,"distribution":"{\"name\": \"CategoricalDistribution\", \"attributes\": {\"choices\": [0.0, 1e-06, 1e-05, 0.0001, 0.001]}}"}
{"op_code":5,"worker_id":"f959fc9e-6564-4713-bc97-cf94a2bd32ad-8316722560","trial_id":135,"param_name":"clone_class_power","param_value_internal":0.13569395684118885,"distribution":"{\"name\": \"FloatDistribution\", \"attributes\": {\"step\": null, \"low\": 0.0, \"high\": 1.0, \"log\": false}}"}
{"op_code":5,"worker_id":"f959fc9e-6564-4713-bc97-cf94a2bd32ad-8316722560","trial_id":135,"param_name":"clone_label_smoothing","param_value_internal":1,"distribution":"{\"name\": \"CategoricalDistribution\", \"attributes\": {\"choices\": [0.0, 0.05, 0.1]}}"}
{"op_code":5,"worker_id":"f959fc9e-6564-4713-bc97-cf94a2bd32ad-8316722560","trial_id":135,"param_name":"clone_patience","param_value_internal":0,"distribution":"{\"name\": \"CategoricalDistribution\", \"attributes\": {\"choices\": [5, 10, 20]}}"}
{"op_code":8,"worker_id":"f959fc9e-6564-4713-bc97-cf94a2bd32ad-8316722560","trial_id":135,"user_attr":{"tag":"c99af3b3510cc"}}
{"op_code":8,"worker_id":"f959fc9e-6564-4713-bc97-cf94a2bd32ad-8316722560","trial_id":135,"user_attr":{"overrides":{"lr":0.0035623781604653747,"hidden":64,"clone_batch":128,"clone_weight_decay":0.0001,"clone_class_power":0.13569395684118885,"clone_label_smoothing":0.05,"clone_patience":5}}}
{"op_code":4,"worker_id":"f959fc9e-6564-4713-bc97-cf94a2bd32ad-8316722560","study_id":0,"datetime_start":"2026-10-08T03:49:13.399990"}
{"op_code":9,"worker_id":"f959fc9e-6564-4713-bc97-cf94a2bd32ad-8316722560","trial_id":136,"system_attr":{"tpe:relative_params:0":"{\"clone_batch\": 256, \"clone_class_power\": 0.13287363335915803, \"clone_label_smoothing\": 0.1, \"clone_patience\": 10, \"clone_weight_decay\": 1e-05, \"hidden\": 128, \"lr\": 0.0008126645282032558}"}}
{"op_code":5,"worker_id":"f959fc9e-6564-4713-bc97-cf94a2bd32ad-8316722560","trial_id":136,"param_name":"lr","param_value_internal":0.0008126645282032558,"distribution":"{\"name\": \"FloatDistribution\", \"attributes\": {\"step\": null, \"low\": 0.0001, \"high\": 0.01, \"log\": true}}"}
{"op_code":5,"worker_id":"f959fc9e-6564-4713-bc97-cf94a2bd32ad-8316722560","trial_id":136,"param_name":"hidden","param_value_internal":1,"distribution":"{\"name\": \"CategoricalDistribution\", \"attributes\": {\"choices\": [64, 128, 256]}}"}
{"op_code":5,"worker_id":"f959fc9e-6564-4713-bc97-cf94a2bd32ad-8316722560","trial_id":136,"param_name":"clone_batch","param_value_internal":1,"distribution":"{\"name\": \"CategoricalDistribution\", \"attributes\": {\"choices\": [128, 256, 512, 1024, 2048]}}"}
{"op_code":5,"worker_id":"f959fc9e-6564-4713-bc97-cf94a2bd32ad-8316722560","trial_id":136,"param_name":"clone_weight_decay","param_value_internal":2,"distribution":"{\"name\": \"CategoricalDistribution\", \"attributes\": {\"choices\": [0.0, 1e-06, 1e-05, 0.0001, 0.001]}}"}
{"op_code":5,"worker_id":"f959fc9e-6564-4713-bc97-cf94a2bd32ad-8316722560","trial_id":136,"param_name":"clone_class_power","param_value_internal":0.13287363335915803,"distribution":"{\"name\": \"FloatDistribution\", \"attributes\": {\"step\": null, \"low\": 0.0, \"high\": 1.0, \"log\": false}}"}
{"op_code":5,"worker_id":"f959fc9e-6564-4713-bc97-cf94a2bd32ad-8316722560","trial_id":136,"param_name":"clone_label_smoothing","param_value_internal":2,"distribution":"{\"name\": \"CategoricalDistribution\", \"attributes\": {\"choices\": [0.0, 0.05, 0.1]}}"}
{"op_code":5,"worker_id":"f959fc9e-6564-4713-bc97-cf94a2bd32ad-8316722560","trial_id":136,"param_name":"clone_patience","param_value_internal":1,"distribution":"{\"name\": \"CategoricalDistribution\", \"attributes\": {\"choices\": [5, 10, 20]}}"}
{"op_code":8,"worker_id":"f959fc9e-6564-4713-bc97-cf94a2bd32ad-8316722560","trial_id":136,"user_attr":{"tag":"c3b13f5059302"}}
{"op_code":8,"worker_id":"f959fc9e-6564-4713-bc97-cf94a2bd32ad-8316722560","trial_id":136,"user_attr":{"overrides":{"lr":0.0008126645282032558,"hidden":128,"clone_batch":256,"clone_weight_decay":1e-05,"clone_class_power":0.13287363335915803,"clone_label_smoothing":0.1,"clone_patience":10}}}
{"op_code":4,"worker_id":"f959fc9e-6564-4713-bc97-cf94a2bd32ad-8316722560","study_id":0,"datetime_start":"2026-10-08T03:49:13.405061"}
{"op_code":9,"worker_id":"f959fc9e-6564-4713-bc97-cf94a2bd32ad-8316722560","trial_id":137,"system_attr":{"tpe:relative_params:0":"{\"clone_batch\": 2048, \"clone_class_power\": 0.3039548182552686, \"clone_label_smoothing\": 0.05, \"clone_patience\": 10, \"clone_weight_decay\": 0.0, \"hidden\": 128, \"lr\": 0.0002684339781624809}"}}
{"op_code":5,"worker_id":"f959fc9e-6564-4713-bc97-cf94a2bd32ad-8316722560","trial_id":137,"param_name":"lr","param_value_internal":0.0002684339781624809,"distribution":"{\"name\": \"FloatDistribution\", \"attributes\": {\"step\": null, \"low\": 0.0001, \"high\": 0.01, \"log\": true}}"}
{"op_code":5,"worker_id":"f959fc9e-6564-4713-bc97-cf94a2bd32ad-8316722560","trial_id":137,"param_name":"hidden","param_value_internal":1,"distribution":"{\"name\": \"CategoricalDistribution\", \"attributes\": {\"choices\": [64, 128, 256]}}"}
{"op_code":5,"worker_id":"f959fc9e-6564-4713-bc97-cf94a2bd32ad-8316722560","trial_id":137,"param_name":"clone_batch","param_value_internal":4,"distribution":"{\"name\": \"CategoricalDistribution\", \"attributes\": {\"choices\": [128, 256, 512, 1024, 2048]}}"}
{"op_code":5,"worker_id":"f959fc9e-6564-4713-bc97-cf94a2bd32ad-8316722560","trial_id":137,"param_name":"clone_weight_decay","param_value_internal":0,"distribution":"{\"name\": \"CategoricalDistribution\", \"attributes\": {\"choices\": [0.0, 1e-06, 1e-05, 0.0001, 0.001]}}"}
{"op_code":5,"worker_id":"f959fc9e-6564-4713-bc97-cf94a2bd32ad-8316722560","trial_id":137,"param_name":"clone_class_power","param_value_internal":0.3039548182552686,"distribution":"{\"name\": \"FloatDistribution\", \"attributes\": {\"step\": null, \"low\": 0.0, \"high\": 1.0, \"log\": false}}"}
{"op_code":5,"worker_id":"f959fc9e-6564-4713-bc97-cf94a2bd32ad-8316722560","trial_id":137,"param_name":"clone_label_smoothing","param_value_internal":1,"distribution":"{\"name\": \"CategoricalDistribution\", \"attributes\": {\"choices\": [0.0, 0.05, 0.1]}}"}
{"op_code":5,"worker_id":"f959fc9e-6564-4713-bc97-cf94a2bd32ad-8316722560","trial_id":137,"param_name":"clone_patience","param_value_internal":1,"distribution":"{\"name\": \"CategoricalDistribution\", \"attributes\": {\"choices\": [5, 10, 20]}}"}
{"op_code":8,"worker_id":"f959fc9e-6564-4713-bc97-cf94a2bd32ad-8316722560","trial_id":137,"user_attr":{"tag":"c5a99a8d157f4"}}
{"op_code":8,"worker_id":"f959fc9e-6564-4713-bc97-cf94a2bd32ad-8316722560","trial_id":137,"user_attr":{"overrides":{"lr":0.0002684339781624809,"hidden":128,"clone_batch":2048,"clone_weight_decay":0.0,"clone_class_power":0.3039548182552686,"clone_label_smoothing":0.05,"clone_patience":10}}}
{"op_code":4,"worker_id":"f959fc9e-6564-4713-bc97-cf94a2bd32ad-8316722560","study_id":0,"datetime_start":"2026-10-08T03:49:13.410869"}
{"op_code":9,"worker_id":"f959fc9e-6564-4713-bc97-cf94a2bd32ad-8316722560","trial_id":138,"system_attr":{"tpe:relative_params:0":"{\"clone_batch\": 1024, \"clone_class_power\": 0.3885618412297152, \"clone_label_smoothing\": 0.1, \"clone_patience\": 5, \"clone_weight_decay\": 0.001, \"hidden\": 128, \"lr\": 0.0006733669982466689}"}}
{"op_code":5,"worker_id":"f959fc9e-6564-4713-bc97-cf94a2bd32ad-8316722560","trial_id":138,"param_name":"lr","param_value_internal":0.0006733669982466689,"distribution":"{\"name\": \"FloatDistribution\", \"attributes\": {\"step\": null, \"low\": 0.0001, \"high\": 0.01, \"log\": true}}"}
{"op_code":5,"worker_id":"f959fc9e-6564-4713-bc97-cf94a2bd32ad-8316722560","trial_id":138,"param_name":"hidden","param_value_internal":1,"distribution":"{\"name\": \"CategoricalDistribution\", \"attributes\": {\"choices\": [64, 128, 256]}}"}
{"op_code":5,"worker_id":"f959fc9e-6564-4713-bc97-cf94a2bd32ad-8316722560","trial_id":138,"param_name":"clone_batch","param_value_internal":3,"distribution":"{\"name\": \"CategoricalDistribution\", \"attributes\": {\"choices\": [128, 256, 512, 1024, 2048]}}"}
{"op_code":5,"worker_id":"f959fc9e-6564-4713-bc97-cf94a2bd32ad-8316722560","trial_id":138,"param_name":"clone_weight_decay","param_value_internal":4,"distribution":"{\"name\": \"CategoricalDistribution\", \"attributes\": {\"choices\": [0.0, 1e-06, 1e-05, 0.0001, 0.001]}}"}
{"op_code":5,"worker_id":"f959fc9e-6564-4713-bc97-cf94a2bd32ad-8316722560","trial_id":138,"param_name":"clone_class_power","param_value_internal":0.3885618412297152,"distribution":"{\"name\": \"FloatDistribution\", \"attributes\": {\"step\": null, \"low\": 0.0, \"high\": 1.0, \"log\": false}}"}
{"op_code":5,"worker_id":"f959fc9e-6564-4713-bc97-cf94a2bd32ad-8316722560","trial_id":138,"param_name":"clone_label_smoothing","param_value_internal":2,"distribution":"{\"name\": \"CategoricalDistribution\", \"attributes\": {\"choices\": [0.0, 0.05, 0.1]}}"}
{"op_code":5,"worker_id":"f959fc9e-6564-4713-bc97-cf94a2bd32ad-8316722560","trial_id":138,"param_name":"clone_patience","param_value_internal":0,"distribution":"{\"name\": \"CategoricalDistribution\", \"attributes\": {\"choices\": [5, 10, 20]}}"}
{"op_code":8,"worker_id":"f959fc9e-6564-4713-bc97-cf94a2bd32ad-8316722560","trial_id":138,"user_attr":{"tag":"c938d6cb9493f"}}
{"op_code":8,"worker_id":"f959fc9e-6564-4713-bc97-cf94a2bd32ad-8316722560","trial_id":138,"user_attr":{"overrides":{"lr":0.0006733669982466689,"hidden":128,"clone_batch":1024,"clone_weight_decay":0.001,"clone_class_power":0.3885618412297152,"clone_label_smoothing":0.1,"clone_patience":5}}}
{"op_code":4,"worker_id":"f959fc9e-6564-4713-bc97-cf94a2bd32ad-8316722560","study_id":0,"datetime_start":"2026-10-08T03:49:13.416957"}
{"op_code":9,"worker_id":"f959fc9e-6564-4713-bc97-cf94a2bd32ad-8316722560","trial_id":139,"system_attr":{"tpe:relative_params:0":"{\"clone_batch\": 256, \"clone_class_power\": 0.06887760993068252, \"clone_label_smoothing\": 0.1, \"clone_patience\": 20, \"clone_weight_decay\": 0.0, \"hidden\": 64, \"lr\": 0.006034919303868443}"}}
{"op_code":5,"worker_id":"f959fc9e-6564-4713-bc97-cf94a2bd32ad-8316722560","trial_id":139,"param_name":"lr","param_value_internal":0.006034919303868443,"distribution":"{\"name\": \"FloatDistribution\", \"attributes\": {\"step\": null, \"low\": 0.0001, \"high\": 0.01, \"log\": true}}"}
{"op_code":5,"worker_id":"f959fc9e-6564-4713-bc97-cf94a2bd32ad-8316722560","trial_id":139,"param_name":"hidden","param_value_internal":0,"distribution":"{\"name\": \"CategoricalDistribution\", \"attributes\": {\"choices\": [64, 128, 256]}}"}
{"op_code":5,"worker_id":"f959fc9e-6564-4713-bc97-cf94a2bd32ad-8316722560","trial_id":139,"param_name":"clone_batch","param_value_internal":1,"distribution":"{\"name\": \"CategoricalDistribution\", \"attributes\": {\"choices\": [128, 256, 512, 1024, 2048]}}"}
{"op_code":5,"worker_id":"f959fc9e-6564-4713-bc97-cf94a2bd32ad-8316722560","trial_id":139,"param_name":"clone_weight_decay","param_value_internal":0,"distribution":"{\"name\": \"CategoricalDistribution\", \"attributes\": {\"choices\": [0.0, 1e-06, 1e-05, 0.0001, 0.001]}}"}
{"op_code":5,"worker_id":"f959fc9e-6564-4713-bc97-cf94a2bd32ad-8316722560","trial_id":139,"param_name":"clone_class_power","param_value_internal":0.06887760993068252,"distribution":"{\"name\": \"FloatDistribution\", \"attributes\": {\"step\": null, \"low\": 0.0, \"high\": 1.0, \"log\": false}}"}
{"op_code":5,"worker_id":"f959fc9e-6564-4713-bc97-cf94a2bd32ad-8316722560","trial_id":139,"param_name":"clone_label_smoothing","param_value_internal":2,"distribution":"{\"name\": \"CategoricalDistribution\", \"attributes\": {\"choices\": [0.0, 0.05, 0.1]}}"}
{"op_code":5,"worker_id":"f959fc9e-6564-4713-bc97-cf94a2bd32ad-8316722560","trial_id":139,"param_name":"clone_patience","param_value_internal":2,"distribution":"{\"name\": \"CategoricalDistribution\", \"attributes\": {\"choices\": [5, 10, 20]}}"}
{"op_code":8,"worker_id":"f959fc9e-6564-4713-bc97-cf94a2bd32ad-8316722560","trial_id":139,"user_attr":{"tag":"cc0fae2e9bec4"}}
{"op_code":8,"worker_id":"f959fc9e-6564-4713-bc97-cf94a2bd32ad-8316722560","trial_id":139,"user_attr":{"overrides":{"lr":0.006034919303868443,"hidden":64,"clone_batch":256,"clone_weight_decay":0.0,"clone_class_power":0.06887760993068252,"clone_label_smoothing":0.1,"clone_patience":20}}}
{"op_code":4,"worker_id":"f959fc9e-6564-4713-bc97-cf94a2bd32ad-8316722560","study_id":0,"datetime_start":"2026-10-08T03:49:13.422277"}
{"op_code":9,"worker_id":"f959fc9e-6564-4713-bc97-cf94a2bd32ad-8316722560","trial_id":140,"system_attr":{"tpe:relative_params:0":"{\"clone_batch\": 256, \"clone_class_power\": 0.012652428848001038, \"clone_label_smoothing\": 0.1, \"clone_patience\": 10, \"clone_weight_decay\": 1e-06, \"hidden\": 128, \"lr\": 0.00031651090883414606}"}}
{"op_code":5,"worker_id":"f959fc9e-6564-4713-bc97-cf94a2bd32ad-8316722560","trial_id":140,"param_name":"lr","param_value_internal":0.00031651090883414606,"distribution":"{\"name\": \"FloatDistribution\", \"attributes\": {\"step\": null, \"low\": 0.0001, \"high\": 0.01, \"log\": true}}"}
{"op_code":5,"worker_id":"f959fc9e-6564-4713-bc97-cf94a2bd32ad-8316722560","trial_id":140,"param_name":"hidden","param_value_internal":1,"distribution":"{\"name\": \"CategoricalDistribution\", \"attributes\": {\"choices\": [64, 128, 256]}}"}
{"op_code":5,"worker_id":"f959fc9e-6564-4713-bc97-cf94a2bd32ad-8316722560","trial_id":140,"param_name":"clone_batch","param_value_internal":1,"distribution":"{\"name\": \"CategoricalDistribution\", \"attributes\": {\"choices\": [128, 256, 512, 1024, 2048]}}"}
{"op_code":5,"worker_id":"f959fc9e-6564-4713-bc97-cf94a2bd32ad-8316722560","trial_id":140,"param_name":"clone_weight_decay","param_value_internal":1,"distribution":"{\"name\": \"CategoricalDistribution\", \"attributes\": {\"choices\": [0.0, 1e-06, 1e-05, 0.0001, 0.001]}}"}
{"op_code":5,"worker_id":"f959fc9e-6564-4713-bc97-cf94a2bd32ad-8316722560","trial_id":140,"param_name":"clone_class_power","param_value_internal":0.012652428848001038,"distribution":"{\"name\": \"FloatDistribution\", \"attributes\": {\"step\": null, \"low\": 0.0, \"high\": 1.0, \"log\": false}}"}
{"op_code":5,"worker_id":"f959fc9e-6564-4713-bc97-cf94a2bd32ad-8316722560","trial_id":140,"param_name":"clone_label_smoothing","param_value_internal":2,"distribution":"{\"name\": \"CategoricalDistribution\", \"attributes\": {\"choices\": [0.0, 0.05, 0.1]}}"}
{"op_code":5,"worker_id":"f959fc9e-6564-4713-bc97-cf94a2bd32ad-8316722560","trial_id":140,"param_name":"clone_patience","param_value_internal":1,"distribution":"{\"name\": \"CategoricalDistribution\", \"attributes\": {\"choices\": [5, 10, 20]}}"}
{"op_code":8,"worker_id":"f959fc9e-6564-4713-bc97-cf94a2bd32ad-8316722560","trial_id":140,"user_attr":{"tag":"c8c5581debbbf"}}
{"op_code":8,"worker_id":"f959fc9e-6564-4713-bc97-cf94a2bd32ad-8316722560","trial_id":140,"user_attr":{"overrides":{"lr":0.00031651090883414606,"hidden":128,"clone_batch":256,"clone_weight_decay":1e-06,"clone_class_power":0.012652428848001038,"clone_label_smoothing":0.1,"clone_patience":10}}}
{"op_code":4,"worker_id":"f959fc9e-6564-4713-bc97-cf94a2bd32ad-8316722560","study_id":0,"datetime_start":"2026-10-08T03:49:13.427673"}
{"op_code":9,"worker_id":"f959fc9e-6564-4713-bc97-cf94a2bd32ad-8316722560","trial_id":141,"system_attr":{"tpe:relative_params:0":"{\"clone_batch\": 512, \"clone_class_power\": 0.05118604318301259, \"clone_label_smoothing\": 0.1, \"clone_patience\": 5, \"clone_weight_decay\": 0.0001, \"hidden\": 64, \"lr\": 0.008888833800443061}"}}
{"op_code":5,"worker_id":"f959fc9e-6564-4713-bc97-cf94a2bd32ad-8316722560","trial_id":141,"param_name":"lr","param_value_internal":0.008888833800443061,"distribution":"{\"name\": \"FloatDistribution\", \"attributes\": {\"step\": null, \"low\": 0.0001, \"high\": 0.01, \"log\": true}}"}
{"op_code":5,"worker_id":"f959fc9e-6564-4713-bc97-cf94a2bd32ad-8316722560","trial_id":141,"param_name":"hidden","param_value_internal":0,"distribution":"{\"name\": \"CategoricalDistribution\", \"attributes\": {\"choices\": [64, 128, 256]}}"}
{"op_code":5,"worker_id":"f959fc9e-6564-4713-bc97-cf94a2bd32ad-8316722560","trial_id":141,"param_name":"clone_batch","param_value_internal":2,"distribution":"{\"name\": \"CategoricalDistribution\", \"attributes\": {\"choices\": [128, 256, 512, 1024, 2048]}}"}
{"op_code":5,"worker_id":"f959fc9e-6564-4713-bc97-cf94a2bd32ad-8316722560","trial_id":141,"param_name":"clone_weight_decay","param_value_internal":3,"distribution":"{\"name\": \"CategoricalDistribution\", \"attributes\": {\"choices\": [0.0, 1e-06, 1e-05, 0.0001, 0.001]}}"}
{"op_code":5,"worker_id":"f959fc9e-6564-4713-bc97-cf94a2bd32ad-8316722560","trial_id":141,"param_name":"clone_class_power","param_value_internal":0.05118604318301259,"distribution":"{\"name\": \"FloatDistribution\", \"attributes\": {\"step\": null, \"low\": 0.0, \"high\": 1.0, \"log\": false}}"}
{"op_code":5,"worker_id":"f959fc9e-6564-4713-bc97-cf94a2bd32ad-8316722560","trial_id":141,"param_name":"clone_label_smoothing","param_value_internal":2,"distribution":"{\"name\": \"CategoricalDistribution\", \"attributes\": {\"choices\": [0.0, 0.05, 0.1]}}"}
{"op_code":5,"worker_id":"f959fc9e-6564-4713-bc97-cf94a2bd32ad-8316722560","trial_id":141,"param_name":"clone_patience","param_value_internal":0,"distribution":"{\"name\": \"CategoricalDistribution\", \"attributes\": {\"choices\": [5, 10, 20]}}"}
{"op_code":8,"worker_id":"f959fc9e-6564-4713-bc97-cf94a2bd32ad-8316722560","trial_id":141,"user_attr":{"tag":"c7c1f08c455af"}}
{"op_code":8,"worker_id":"f959fc9e-6564-4713-bc97-cf94a2bd32ad-8316722560","trial_id":141,"user_attr":{"overrides":{"lr":0.008888833800443061,"hidden":64,"clone_batch":512,"clone_weight_decay":0.0001,"clone_class_power":0.05118604318301259,"clone_label_smoothing":0.1,"clone_patience":5}}}
{"op_code":4,"worker_id":"f959fc9e-6564-4713-bc97-cf94a2bd32ad-8316722560","study_id":0,"datetime_start":"2026-10-08T03:49:13.432740"}
{"op_code":9,"worker_id":"f959fc9e-6564-4713-bc97-cf94a2bd32ad-8316722560","trial_id":142,"system_attr":{"tpe:relative_params:0":"{\"clone_batch\": 1024, \"clone_class_power\": 0.231577291780548, \"clone_label_smoothing\": 0.0, \"clone_patience\": 10, \"clone_weight_decay\": 1e-05, \"hidden\": 128, \"lr\": 0.002608739081558919}"}}
{"op_code":5,"worker_id":"f959fc9e-6564-4713-bc97-cf94a2bd32ad-8316722560","trial_id":142,"param_name":"lr","param_value_internal":0.002608739081558919,"distribution":"{\"name\": \"FloatDistribution\", \"attributes\": {\"step\": null, \"low\": 0.0001, \"high\": 0.01, \"log\": true}}"}
{"op_code":5,"worker_id":"f959fc9e-6564-4713-bc97-cf94a2bd32ad-8316722560","trial_id":142,"param_name":"hidden","param_value_internal":1,"distribution":"{\"name\": \"CategoricalDistribution\", \"attributes\": {\"choices\": [64, 128, 256]}}"}
{"op_code":5,"worker_id":"f959fc9e-6564-4713-bc97-cf94a2bd32ad-8316722560","trial_id":142,"param_name":"clone_batch","param_value_internal":3,"distribution":"{\"name\": \"CategoricalDistribution\", \"attributes\": {\"choices\": [128, 256, 512, 1024, 2048]}}"}
{"op_code":5,"worker_id":"f959fc9e-6564-4713-bc97-cf94a2bd32ad-8316722560","trial_id":142,"param_name":"clone_weight_decay","param_value_internal":2,"distribution":"{\"name\": \"CategoricalDistribution\", \"attributes\": {\"choices\": [0.0, 1e-06, 1e-05, 0.0001, 0.001]}}"}
{"op_code":5,"worker_id":"f959fc9e-6564-4713-bc97-cf94a2bd32ad-8316722560","trial_id":142,"param_name":"clone_class_power","param_value_internal":0.231577291780548,"distribution":"{\"name\": \"FloatDistribution\", \"attributes\": {\"step\": null, \"low\": 0.0, \"high\": 1.0, \"log\": false}}"}
{"op_code":5,"worker_id":"f959fc9e-6564-4713-bc97-cf94a2bd32ad-8316722560","trial_id":142,"param_name":"clone_label_smoothing","param_value_internal":0,"distribution":"{\"name\": \"CategoricalDistribution\", \"attributes\": {\"choices\": [0.0, 0.05, 0.1]}}"}
{"op_code":5,"worker_id":"f959fc9e-6564-4713-bc97-cf94a2bd32ad-8316722560","trial_id":142,"param_name":"clone_patience","param_value_internal":1,"distribution":"{\"name\": \"CategoricalDistribution\", \"attributes\": {\"choices\": [5, 10, 20]}}"}
{"op_code":8,"worker_id":"f959fc9e-6564-4713-bc97-cf94a2bd32ad-8316722560","trial_id":142,"user_attr":{"tag":"ce6b31f6dc97a"}}
{"op_code":8,"worker_id":"f959fc9e-6564-4713-bc97-cf94a2bd32ad-8316722560","trial_id":142,"user_attr":{"overrides":{"lr":0.002608739081558919,"hidden":128,"clone_batch":1024,"clone_weight_decay":1e-05,"clone_class_power":0.231577291780548,"clone_label_smoothing":0.0,"clone_patience":10}}}
{"op_code":4,"worker_id":"f959fc9e-6564-4713-bc97-cf94a2bd32ad-8316722560","study_id":0,"datetime_start":"2026-10-08T03:49:13.438447"}
{"op_code":9,"worker_id":"f959fc9e-6564-4713-bc97-cf94a2bd32ad-8316722560","trial_id":143,"system_attr":{"tpe:relative_params:0":"{\"clone_batch\": 128, \"clone_class_power\": 0.02090296489445175, \"clone_label_smoothing\": 0.05, \"clone_patience\": 5, \"clone_weight_decay\": 1e-06, \"hidden\": 256, \"lr\": 0.0006193040536989181}"}}
{"op_code":5,"worker_id":"f959fc9e-6564-4713-bc97-cf94a2bd32ad-8316722560","trial_id":143,"param_name":"lr","param_value_internal":0.0006193040536989181,"distribution":"{\"name\": \"FloatDistribution\", \"attributes\": {\"step\": null, \"low\": 0.0001, \"high\": 0.01, \"log\": true}}"}
{"op_code":5,"worker_id":"f959fc9e-6564-4713-bc97-cf94a2bd32ad-8316722560","trial_id":143,"param_name":"hidden","param_value_internal":2,"distribution":"{\"name\": \"CategoricalDistribution\", \"attributes\": {\"choices\": [64, 128, 256]}}"}
{"op_code":5,"worker_id":"f959fc9e-6564-4713-bc97-cf94a2bd32ad-8316722560","trial_id":143,"param_name":"clone_batch","param_value_internal":0,"distribution":"{\"name\": \"CategoricalDistribution\", \"attributes\": {\"choices\": [128, 256, 512, 1024, 2048]}}"}
{"op_code":5,"worker_id":"f959fc9e-6564-4713-bc97-cf94a2bd32ad-8316722560","trial_id":143,"param_name":"clone_weight_decay","param_value_internal":1,"distribution":"{\"name\": \"CategoricalDistribution\", \"attributes\": {\"choices\": [0.0, 1e-06, 1e-05, 0.0001, 0.001]}}"}
{"op_code":5,"worker_id":"f959fc9e-6564-4713-bc97-cf94a2bd32ad-8316722560","trial_id":143,"param_name":"clone_class_power","param_value_internal":0.02090296489445175,"distribution":"{\"name\": \"FloatDistribution\", \"attributes\": {\"step\": null, \"low\": 0.0, \"high\": 1.0, \"log\": false}}"}
{"op_code":5,"worker_id":"f959fc9e-6564-4713-bc97-cf94a2bd32ad-8316722560","trial_id":143,"param_name":"clone_label_smoothing","param_value_internal":1,"distribution":"{\"name\": \"CategoricalDistribution\", \"attributes\": {\"choices\": [0.0, 0.05, 0.1]}}"}
{"op_code":5,"worker_id":"f959fc9e-6564-4713-bc97-cf94a2bd32ad-8316722560","trial_id":143,"param_name":"clone_patience","param_value_internal":0,"distribution":"{\"name\": \"CategoricalDistribution\", \"attributes\": {\"choices\": [5, 10, 20]}}"}
{"op_code":8,"worker_id":"f959fc9e-6564-4713-bc97-cf94a2bd32ad-8316722560","trial_id":143,"user_attr":{"tag":"c5cf5a12ac0b1"}}
{"op_code":8,"worker_id":"f959fc9e-6564-4713-bc97-cf94a2bd32ad-8316722560","trial_id":143,"user_attr":{"overrides":{"lr":0.0006193040536989181,"hidden":256,"clone_batch":128,"clone_weight_decay":1e-06,"clone_class_power":0.02090296489445175,"clone_label_smoothing":0.05,"clone_patience":5}}}
{"op_code":7,"worker_id":"f959fc9e-6564-4713-bc97-cf94a2bd32ad-8316722560","trial_id":96,"step":16,"intermediate_value":265.7845076104402}
{"op_code":8,"worker_id":"f959fc9e-6564-4713-bc97-cf94a2bd32ad-8316722560","trial_id":96,"user_attr":{"hh_saving":{"254":323.18182028018435,"185":283.2581318895297,"230":291.9065731743114,"266":168.93304324720086,"145":319.31666971445793,"229":181.16801781969733,"300":351.5630757497894,"69":351.8200980539915,"136":251.35947012003655,"56":282.87692920014115,"72":211.52919975893843,"26":206.5770172497289,"45":217.10740421717296,"208":280.54777379477235,"40":223.46782138369645,"173":307.939076113394}}}
{"op_code":8,"worker_id":"f959fc9e-6564-4713-bc97-cf94a2bd32ad-8316722560","trial_id":96,"user_attr":{"val_efc_mean":83.45742687499998}}
{"op_code":8,"worker_id":"f959fc9e-6564-4713-bc97-cf94a2bd32ad-8316722560","trial_id":96,"user_attr":{"converged_share":1.0}}
{"op_code":8,"worker_id":"f959fc9e-6564-4713-bc97-cf94a2bd32ad-8316722560","trial_id":96,"user_attr":{"wall_s":286.23602294921875}}
{"op_code":6,"worker_id":"f959fc9e-6564-4713-bc97-cf94a2bd32ad-8316722560","trial_id":96,"state":1,"values":[265.7845076104402],"datetime_complete":"2026-10-08T03:50:16.080756"}
{"op_code":7,"worker_id":"f959fc9e-6564-4713-bc97-cf94a2bd32ad-8316722560","trial_id":97,"step":16,"intermediate_value":266.2674440043079}
{"op_code":8,"worker_id":"f959fc9e-6564-4713-bc97-cf94a2bd32ad-8316722560","trial_id":97,"user_attr":{"hh_saving":{"254":325.10542699296184,"185":283.33830518386867,"230":289.96639725981083,"266":170.74168944137227,"145":322.9939119353938,"229":183.480806789614,"300":350.139779678279,"69":352.64744184737594,"136":251.39781041729069,"56":282.1667704218592,"72":210.77061368407868,"26":207.32365899270332,"45":217.89121869840938,"208":281.2167951958216,"40":223.13380004039192,"173":307.96467748969565}}}
{"op_code":8,"worker_id":"f959fc9e-6564-4713-bc97-cf94a2bd32ad-8316722560","trial_id":97,"user_attr":{"val_efc_mean":83.990206484375}}
{"op_code":8,"worker_id":"f959fc9e-6564-4713-bc97-cf94a2bd32ad-8316722560","trial_id":97,"user_attr":{"converged_share":1.0}}
{"op_code":8,"worker_id":"f959fc9e-6564-4713-bc97-cf94a2bd32ad-8316722560","trial_id":97,"user_attr":{"wall_s":286.2320511341095}}
{"op_code":6,"worker_id":"f959fc9e-6564-4713-bc97-cf94a2bd32ad-8316722560","trial_id":97,"state":1,"values":[266.2674440043079],"datetime_complete":"2026-10-08T03:50:16.083033"}
{"op_code":7,"worker_id":"f959fc9e-6564-4713-bc97-cf94a2bd32ad-8316722560","trial_id":98,"step":16,"intermediate_value":260.76646099745636}
{"op_code":8,"worker_id":"f959fc9e-6564-4713-bc97-cf94a2bd32ad-8316722560","trial_id":98,"user_attr":{"hh_saving":{"254":318.8844448941348,"185":279.8872381936077,"230":287.09501762304734,"266":170.6752276815305,"145":317.46648929886743,"229":173.760687645655,"300":339.65388807750907,"69":347.7740461698409,"136":248.9339858071453,"56":279.09270901146493,"72":208.52229870006948,"26":202.605277590713,"45":207.52820405222047,"208":274.0316422861778,"40":220.9043198310202,"173":295.44789909629833}}}
{"op_code":8,"worker_id":"f959fc9e-6564-4713-bc97-cf94a2bd32ad-8316722560","trial_id":98,"user_attr":{"val_efc_mean":80.66424968749999}}
{"op_code":8,"worker_id":"f959fc9e-6564-4713-bc97-cf94a2bd32ad-8316722560","trial_id":98,"user_attr":{"converged_share":1.0}}
{"op_code":8,"worker_id":"f959fc9e-6564-4713-bc97-cf94a2bd32ad-8316722560","trial_id":98,"user_attr":{"wall_s":286.22846722602844}}
{"op_code":6,"worker_id":"f959fc9e-6564-4713-bc97-cf94a2bd32ad-8316722560","trial_id":98,"state":1,"values":[260.76646099745636],"datetime_complete":"2026-10-08T03:50:16.085056"}
{"op_code":7,"worker_id":"f959fc9e-6564-4713-bc97-cf94a2bd32ad-8316722560","trial_id":99,"step":16,"intermediate_value":265.89674339093136}
{"op_code":8,"worker_id":"f959fc9e-6564-4713-bc97-cf94a2bd32ad-8316722560","trial_id":99,"user_attr":{"hh_saving":{"254":324.0961522324791,"185":282.669899093362,"230":288.79025601568884,"266":173.12683250401378,"145":322.2490779607669,"229":182.10886972932153,"300":348.6194900664164,"69":352.666224629068,"136":251.77247055691498,"56":283.33594152035505,"72":209.81663502094702,"26":207.9199881655289,"45":216.04375917919955,"208":282.3966259459615,"40":223.2161407271216,"173":305.51953090775686}}}
{"op_code":8,"worker_id":"f959fc9e-6564-4713-bc97-cf94a2bd32ad-8316722560","trial_id":99,"user_attr":{"val_efc_mean":83.4140373125}}
{"op_code":8,"worker_id":"f959fc9e-6564-4713-bc97-cf94a2bd32ad-8316722560","trial_id":99,"user_attr":{"converged_share":1.0}}
{"op_code":8,"worker_id":"f959fc9e-6564-4713-bc97-cf94a2bd32ad-8316722560","trial_id":99,"user_attr":{"wall_s":286.2256200313568}}
{"op_code":6,"worker_id":"f959fc9e-6564-4713-bc97-cf94a2bd32ad-8316722560","trial_id":99,"state":1,"values":[265.89674339093136],"datetime_complete":"2026-10-08T03:50:16.087364"}
{"op_code":7,"worker_id":"f959fc9e-6564-4713-bc97-cf94a2bd32ad-8316722560","trial_id":100,"step":16,"intermediate_value":0.11231832235831798}
{"op_code":8,"worker_id":"f959fc9e-6564-4713-bc97-cf94a2bd32ad-8316722560","trial_id":100,"user_attr":{"hh_saving":{"254":0.5352716112897886,"185":1.0708370543953631,"230":0.0,"266":0.6024464130363774,"145":0.0,"229":-1.7997414082871026,"300":0.1668963851806333,"69":0.24247347323513274,"136":0.5922812102650263,"56":-0.04993938025955507,"72":0.12148920223475759,"26":0.022924657795089485,"45":0.16133369436246678,"208":0.5496882224477437,"40":-0.05448744121129932,"173":-0.36438053675133475}}}
{"op_code":8,"worker_id":"f959fc9e-6564-4713-bc97-cf94a2bd32ad-8316722560","trial_id":100,"user_attr":{"val_efc_mean":0.34531249999999997}}
{"op_code":8,"worker_id":"f959fc9e-6564-4713-bc97-cf94a2bd32ad-8316722560","trial_id":100,"user_attr":{"converged_share":1.0}}
{"op_code":8,"worker_id":"f959fc9e-6564-4713-bc97-cf94a2bd32ad-8316722560","trial_id":100,"user_attr":{"wall_s":286.2220983505249}}
{"op_code":6,"worker_id":"f959fc9e-6564-4713-bc97-cf94a2bd32ad-8316722560","trial_id":100,"state":1,"values":[0.11231832235831798],"datetime_complete":"2026-10-08T03:50:16.089443"}
{"op_code":7,"worker_id":"f959fc9e-6564-4713-bc97-cf94a2bd32ad-8316722560","trial_id":101,"step":16,"intermediate_value":264.6446572892976}
{"op_code":8,"worker_id":"f959fc9e-6564-4713-bc97-cf94a2bd32ad-8316722560","trial_id":101,"user_attr":{"hh_saving":{"254":323.2350612905214,"185":281.38986674537125,"230":289.6543360266797,"266":177.53229377014176,"145":321.1277359262392,"229":180.55857897837032,"300":348.5664816301883,"69":351.1587556358805,"136":249.7127812699911,"56":280.4393392429274,"72":208.7342138778706,"26":205.34594037801165,"45":213.3742046635495,"208":278.60282041091915,"40":222.05354991281726,"173":302.8285568692821}}}
{"op_code":8,"worker_id":"f959fc9e-6564-4713-bc97-cf94a2bd32ad-8316722560","trial_id":101,"user_attr":{"val_efc_mean":84.29434229687499}}
{"op_code":8,"worker_id":"f959fc9e-6564-4713-bc97-cf94a2bd32ad-8316722560","trial_id":101,"user_attr":{"converged_share":1.0}}
{"op_code":8,"worker_id":"f959fc9e-6564-4713-bc97-cf94a2bd32ad-8316722560","trial_id":101,"user_attr":{"wall_s":286.2189910411835}}
{"op_code":6,"worker_id":"f959fc9e-6564-4713-bc97-cf94a2bd32ad-8316722560","trial_id":101,"state":1,"values":[264.6446572892976],"datetime_complete":"2026-10-08T03:50:16.091489"}
{"op_code":7,"worker_id":"f959fc9e-6564-4713-bc97-cf94a2bd32ad-8316722560","trial_id":102,"step":16,"intermediate_value":266.40786013681895}
{"op_code":8,"worker_id":"f959fc9e-6564-4713-bc97-cf94a2bd32ad-8316722560","trial_id":102,"user_attr":{"hh_saving":{"254":325.45669637053953,"185":283.28383330871986,"230":290.5438130970756,"266":176.0784614810661,"145":324.2100393674274,"229":184.36581330607487,"300":348.91523925125813,"69":351.0663807629794,"136":251.89521501508634,"56":281.87116667686314,"72":208.268673409726,"26":207.07121131801486,"45":215.95338143730544,"208":280.93368220908786,"40":223.16852969579875,"173":309.4436254820795}}}
{"op_code":8,"worker_id":"f959fc9e-6564-4713-bc97-cf94a2bd32ad-8316722560","trial_id":102,"user_attr":{"val_efc_mean":84.06402228124999}}
{"op_code":8,"worker_id":"f959fc9e-6564-4713-bc97-cf94a2bd32ad-8316722560","trial_id":102,"user_attr":{"converged_share":1.0}}
{"op_code":8,"worker_id":"f959fc9e-6564-4713-bc97-cf94a2bd32ad-8316722560","trial_id":102,"user_attr":{"wall_s":286.2152030467987}}
{"op_code":6,"worker_id":"f959fc9e-6564-4713-bc97-cf94a2bd32ad-8316722560","trial_id":102,"state":1,"values":[266.40786013681895],"datetime_complete":"2026-10-08T03:50:16.093563"}
{"op_code":7,"worker_id":"f959fc9e-6564-4713-bc97-cf94a2bd32ad-8316722560","trial_id":103,"step":16,"intermediate_value":156.84849110136537}
{"op_code":8,"worker_id":"f959fc9e-6564-4713-bc97-cf94a2bd32ad-8316722560","trial_id":103,"user_attr":{"hh_saving":{"254":297.0003657725073,"185":253.58724667830919,"230":232.10579006431848,"266":92.18824543462763,"145":287.8178838212971,"229":37.77660460377505,"300":249.75506546830593,"69":335.9515478300961,"136":42.109151659927534,"56":261.12036606943786,"72":35.3689678654054,"26":92.51229733726443,"45":39.53147710044437,"208":35.9617886901186,"40":13.53019026803301,"173":203.25886895797825}}}
{"op_code":8,"worker_id":"f959fc9e-6564-4713-bc97-cf94a2bd32ad-8316722560","trial_id":103,"user_attr":{"val_efc_mean":44.572510875}}
{"op_code":8,"worker_id":"f959fc9e-6564-4713-bc97-cf94a2bd32ad-8316722560","trial_id":103,"user_attr":{"converged_share":1.0}}
{"op_code":8,"worker_id":"f959fc9e-6564-4713-bc97-cf94a2bd32ad-8316722560","trial_id":103,"user_attr":{"wall_s":286.21141505241394}}
{"op_code":6,"worker_id":"f959fc9e-6564-4713-bc97-cf94a2bd32ad-8316722560","trial_id":103,"state":1,"values":[156.84849110136537],"datetime_complete":"2026-10-08T03:50:16.095431"}
{"op_code":7,"worker_id":"f959fc9e-6564-4713-bc97-cf94a2bd32ad-8316722560","trial_id":104,"step":16,"intermediate_value":265.9388156723942}
{"op_code":8,"worker_id":"f959fc9e-6564-4713-bc97-cf94a2bd32ad-8316722560","trial_id":104,"user_attr":{"hh_saving":{"254":324.55623025767466,"185":281.2558394926277,"230":290.9824488430612,"266":177.53355301744665,"145":324.0842594054613,"229":180.98748378547944,"300":347.15951734701406,"69":352.81121362650345,"136":251.36360639162314,"56":282.22147352703576,"72":207.1812474478101,"26":207.30749216238158,"45":213.97536544640175,"208":279.7353174984467,"40":223.86995413951624,"173":309.9960483698235}}}
{"op_code":8,"worker_id":"f959fc9e-6564-4713-bc97-cf94a2bd32ad-8316722560","trial_id":104,"user_attr":{"val_efc_mean":84.31860704687499}}
{"op_code":8,"worker_id":"f959fc9e-6564-4713-bc97-cf94a2bd32ad-8316722560","trial_id":104,"user_attr":{"converged_share":1.0}}
{"op_code":8,"worker_id":"f959fc9e-6564-4713-bc97-cf94a2bd32ad-8316722560","trial_id":104,"user_attr":{"wall_s":286.20704197883606}}
{"op_code":6,"worker_id":"f959fc9e-6564-4713-bc97-cf94a2bd32ad-8316722560","trial_id":104,"state":1,"values":[265.9388156723942],"datetime_complete":"2026-10-08T03:50:16.097335"}
{"op_code":7,"worker_id":"f959fc9e-6564-4713-bc97-cf94a2bd32ad-8316722560","trial_id":105,"step":16,"intermediate_value":265.78183722376014}
{"op_code":8,"worker_id":"f959fc9e-6564-4713-bc97-cf94a2bd32ad-8316722560","trial_id":105,"user_attr":{"hh_saving":{"254":323.10769093871244,"185":282.34596367504224,"230":291.0380393114455,"266":169.80828390081464,"145":321.8427340540423,"229":182.22840901904993,"300":350.1400693917107,"69":351.7620794635177,"136":251.47992384694007,"56":281.9409497684772,"72":208.77454141292753,"26":207.68321108064433,"45":215.5025805463265,"208":281.8569247394706,"40":222.61544209829424,"173":310.38255233274583}}}
{"op_code":8,"worker_id":"f959fc9e-6564-4713-bc97-cf94a2bd32ad-8316722560","trial_id":105,"user_attr":{"val_efc_mean":82.8780504375}}
{"op_code":8,"worker_id":"f959fc9e-6564-4713-bc97-cf94a2bd32ad-8316722560","trial_id":105,"user_attr":{"converged_share":1.0}}
{"op_code":8,"worker_id":"f959fc9e-6564-4713-bc97-cf94a2bd32ad-8316722560","trial_id":105,"user_attr":{"wall_s":286.2024939060211}}
{"op_code":6,"worker_id":"f959fc9e-6564-4713-bc97-cf94a2bd32ad-8316722560","trial_id":105,"state":1,"values":[265.78183722376014],"datetime_complete":"2026-10-08T03:50:16.099409"}
{"op_code":7,"worker_id":"f959fc9e-6564-4713-bc97-cf94a2bd32ad-8316722560","trial_id":106,"step":16,"intermediate_value":265.39488847659663}
{"op_code":8,"worker_id":"f959fc9e-6564-4713-bc97-cf94a2bd32ad-8316722560","trial_id":106,"user_attr":{"hh_saving":{"254":321.4740354045745,"185":280.732704452331,"230":290.57725531845296,"266":173.67038647312395,"145":320.14486735489834,"229":181.33420836929307,"300":349.9120536319338,"69":350.5352760920537,"136":251.67661631199735,"56":282.71146840672486,"72":207.243336227919,"26":206.80795696149116,"45":213.417156126804,"208":284.2374686993075,"40":222.9930004122317,"173":308.8504253824086}}}
{"op_code":8,"worker_id":"f959fc9e-6564-4713-bc97-cf94a2bd32ad-8316722560","trial_id":106,"user_attr":{"val_efc_mean":83.20082970312498}}
{"op_code":8,"worker_id":"f959fc9e-6564-4713-bc97-cf94a2bd32ad-8316722560","trial_id":106,"user_attr":{"converged_share":1.0}}
{"op_code":8,"worker_id":"f959fc9e-6564-4713-bc97-cf94a2bd32ad-8316722560","trial_id":106,"user_attr":{"wall_s":286.1986527442932}}
{"op_code":6,"worker_id":"f959fc9e-6564-4713-bc97-cf94a2bd32ad-8316722560","trial_id":106,"state":1,"values":[265.39488847659663],"datetime_complete":"2026-10-08T03:50:16.101402"}
{"op_code":7,"worker_id":"f959fc9e-6564-4713-bc97-cf94a2bd32ad-8316722560","trial_id":107,"step":16,"intermediate_value":265.885221620049}
{"op_code":8,"worker_id":"f959fc9e-6564-4713-bc97-cf94a2bd32ad-8316722560","trial_id":107,"user_attr":{"hh_saving":{"254":323.8902327203459,"185":282.7657439492654,"230":291.89130226321015,"266":175.9481529078664,"145":322.6334514720677,"229":182.23924314775078,"300":351.3803945276805,"69":351.91447361303193,"136":251.36295581359778,"56":280.95203651358077,"72":209.6844047599929,"26":206.6911200453177,"45":213.80115280176582,"208":279.69316225666023,"40":222.21798893454206,"173":307.0977301941076}}}
{"op_code":8,"worker_id":"f959fc9e-6564-4713-bc97-cf94a2bd32ad-8316722560","trial_id":107,"user_attr":{"val_efc_mean":83.28698534374999}}
{"op_code":8,"worker_id":"f959fc9e-6564-4713-bc97-cf94a2bd32ad-8316722560","trial_id":107,"user_attr":{"converged_share":1.0}}
{"op_code":8,"worker_id":"f959fc9e-6564-4713-bc97-cf94a2bd32ad-8316722560","trial_id":107,"user_attr":{"wall_s":286.19525599479675}}
{"op_code":6,"worker_id":"f959fc9e-6564-4713-bc97-cf94a2bd32ad-8316722560","trial_id":107,"state":1,"values":[265.885221620049],"datetime_complete":"2026-10-08T03:50:16.103303"}
{"op_code":7,"worker_id":"f959fc9e-6564-4713-bc97-cf94a2bd32ad-8316722560","trial_id":108,"step":16,"intermediate_value":266.1355280029873}
{"op_code":8,"worker_id":"f959fc9e-6564-4713-bc97-cf94a2bd32ad-8316722560","trial_id":108,"user_attr":{"hh_saving":{"254":323.8113767811485,"185":281.2598548273301,"230":291.34256544879764,"266":172.22017920653707,"145":323.85862226591667,"229":183.36733941702863,"300":351.6024744123688,"69":352.6033967504046,"136":251.25658137430588,"56":279.67831711063343,"72":208.34901717231156,"26":208.25008373956777,"45":217.49306816784625,"208":280.1326312504972,"40":223.27665982506738,"173":309.66628029803564}}}
{"op_code":8,"worker_id":"f959fc9e-6564-4713-bc97-cf94a2bd32ad-8316722560","trial_id":108,"user_attr":{"val_efc_mean":83.51406534374999}}
{"op_code":8,"worker_id":"f959fc9e-6564-4713-bc97-cf94a2bd32ad-8316722560","trial_id":108,"user_attr":{"converged_share":1.0}}
{"op_code":8,"worker_id":"f959fc9e-6564-4713-bc97-cf94a2bd32ad-8316722560","trial_id":108,"user_attr":{"wall_s":286.1915080547333}}
{"op_code":6,"worker_id":"f959fc9e-6564-4713-bc97-cf94a2bd32ad-8316722560","trial_id":108,"state":1,"values":[266.1355280029873],"datetime_complete":"2026-10-08T03:50:16.105124"}
{"op_code":7,"worker_id":"f959fc9e-6564-4713-bc97-cf94a2bd32ad-8316722560","trial_id":109,"step":16,"intermediate_value":266.34344474382436}
{"op_code":8,"worker_id":"f959fc9e-6564-4713-bc97-cf94a2bd32ad-8316722560","trial_id":109,"user_attr":{"hh_saving":{"254":322.7324909819574,"185":281.9484865750232,"230":290.8791059995308,"266":176.20772427505514,"145":323.97816649318634,"229":182.1364643529336,"300":350.78944186266824,"69":352.61124286341544,"136":251.53173737956448,"56":281.8610592823274,"72":209.62531108796875,"26":207.10642037738828,"45":214.95670201184117,"208":282.23547284127426,"40":222.6920239696275,"173":310.2032655474282}}}
{"op_code":8,"worker_id":"f959fc9e-6564-4713-bc97-cf94a2bd32ad-8316722560","trial_id":109,"user_attr":{"val_efc_mean":83.40810268749999}}
{"op_code":8,"worker_id":"f959fc9e-6564-4713-bc97-cf94a2bd32ad-8316722560","trial_id":109,"user_attr":{"converged_share":1.0}}
{"op_code":8,"worker_id":"f959fc9e-6564-4713-bc97-cf94a2bd32ad-8316722560","trial_id":109,"user_attr":{"wall_s":286.1879758834839}}
{"op_code":6,"worker_id":"f959fc9e-6564-4713-bc97-cf94a2bd32ad-8316722560","trial_id":109,"state":1,"values":[266.34344474382436],"datetime_complete":"2026-10-08T03:50:16.106979"}
{"op_code":7,"worker_id":"f959fc9e-6564-4713-bc97-cf94a2bd32ad-8316722560","trial_id":110,"step":16,"intermediate_value":266.5818511902769}
{"op_code":8,"worker_id":"f959fc9e-6564-4713-bc97-cf94a2bd32ad-8316722560","trial_id":110,"user_attr":{"hh_saving":{"254":321.7832833938968,"185":283.54535498192445,"230":289.9097413225386,"266":180.98536592247078,"145":324.63458413756024,"229":182.7876596204043,"300":350.7978053025569,"69":352.42464456457753,"136":251.41937960675946,"56":281.2757366264667,"72":209.36322762368698,"26":206.8301272543892,"45":215.01681172145135,"208":283.2390650609809,"40":222.78953092776862,"173":308.5073009769976}}}
{"op_code":8,"worker_id":"f959fc9e-6564-4713-bc97-cf94a2bd32ad-8316722560","trial_id":110,"user_attr":{"val_efc_mean":83.70365675}}
{"op_code":8,"worker_id":"f959fc9e-6564-4713-bc97-cf94a2bd32ad-8316722560","trial_id":110,"user_attr":{"converged_share":1.0}}
{"op_code":8,"worker_id":"f959fc9e-6564-4713-bc97-cf94a2bd32ad-8316722560","trial_id":110,"user_attr":{"wall_s":286.1841850280762}}
{"op_code":6,"worker_id":"f959fc9e-6564-4713-bc97-cf94a2bd32ad-8316722560","trial_id":110,"state":1,"values":[266.5818511902769],"datetime_complete":"2026-10-08T03:50:16.108857"}
{"op_code":7,"worker_id":"f959fc9e-6564-4713-bc97-cf94a2bd32ad-8316722560","trial_id":111,"step":16,"intermediate_value":265.5077078105676}
{"op_code":8,"worker_id":"f959fc9e-6564-4713-bc97-cf94a2bd32ad-8316722560","trial_id":111,"user_attr":{"hh_saving":{"254":322.880109288094,"185":281.0491717804935,"230":289.94809370452793,"266":171.9795401513312,"145":322.76758118203884,"229":183.4819823006564,"300":351.0681775535095,"69":351.3413383596372,"136":251.22472210485887,"56":280.57141513435016,"72":209.47967610985393,"26":206.69509726106403,"45":216.42558281577917,"208":281.0760936566173,"40":222.70486369843985,"173":305.42987986782924}}}
{"op_code":8,"worker_id":"f959fc9e-6564-4713-bc97-cf94a2bd32ad-8316722560","trial_id":111,"user_attr":{"val_efc_mean":83.68051098437499}}
{"op_code":8,"worker_id":"f959fc9e-6564-4713-bc97-cf94a2bd32ad-8316722560","trial_id":111,"user_attr":{"converged_share":1.0}}
{"op_code":8,"worker_id":"f959fc9e-6564-4713-bc97-cf94a2bd32ad-8316722560","trial_id":111,"user_attr":{"wall_s":286.1801118850708}}
{"op_code":6,"worker_id":"f959fc9e-6564-4713-bc97-cf94a2bd32ad-8316722560","trial_id":111,"state":1,"values":[265.5077078105676],"datetime_complete":"2026-10-08T03:50:16.110644"}
{"op_code":7,"worker_id":"f959fc9e-6564-4713-bc97-cf94a2bd32ad-8316722560","trial_id":112,"step":16,"intermediate_value":266.15586094424293}
{"op_code":8,"worker_id":"f959fc9e-6564-4713-bc97-cf94a2bd32ad-8316722560","trial_id":112,"user_attr":{"hh_saving":{"254":322.56658828294377,"185":282.61702138168124,"230":291.7020352091407,"266":172.41031183041332,"145":323.7719629302444,"229":182.6728357381079,"300":351.11577069225206,"69":352.1091453657132,"136":251.23276934429455,"56":281.1255646878221,"72":209.93362705216944,"26":208.2527406372066,"45":213.75293423925322,"208":282.2046136352974,"40":223.65232018896108,"173":309.3735338923858}}}
{"op_code":8,"worker_id":"f959fc9e-6564-4713-bc97-cf94a2bd32ad-8316722560","trial_id":112,"user_attr":{"val_efc_mean":83.251239421875}}
{"op_code":8,"worker_id":"f959fc9e-6564-4713-bc97-cf94a2bd32ad-8316722560","trial_id":112,"user_attr":{"converged_share":1.0}}
{"op_code":8,"worker_id":"f959fc9e-6564-4713-bc97-cf94a2bd32ad-8316722560","trial_id":112,"user_attr":{"wall_s":286.1762762069702}}
{"op_code":6,"worker_id":"f959fc9e-6564-4713-bc97-cf94a2bd32ad-8316722560","trial_id":112,"state":1,"values":[266.15586094424293],"datetime_complete":"2026-10-08T03:50:16.112421"}
{"op_code":7,"worker_id":"f959fc9e-6564-4713-bc97-cf94a2bd32ad-8316722560","trial_id":113,"step":16,"intermediate_value":265.7443644322542}
{"op_code":8,"worker_id":"f959fc9e-6564-4713-bc97-cf94a2bd32ad-8316722560","trial_id":113,"user_attr":{"hh_saving":{"254":324.1407924688781,"185":284.0122094905035,"230":288.9514814361677,"266":173.1687538668879,"145":322.30714531769286,"229":181.1874359435025,"300":351.5333767606805,"69":348.5511719338034,"136":251.82510578009456,"56":282.81639563454394,"72":209.84952780234428,"26":206.15884114824334,"45":214.12138583632,"208":280.64844694557536,"40":223.22478222960282,"173":309.41297832122683}}}
{"op_code":8,"worker_id":"f959fc9e-6564-4713-bc97-cf94a2bd32ad-8316722560","trial_id":113,"user_attr":{"val_efc_mean":83.484670015625}}
{"op_code":8,"worker_id":"f959fc9e-6564-4713-bc97-cf94a2bd32ad-8316722560","trial_id":113,"user_attr":{"converged_share":1.0}}
{"op_code":8,"worker_id":"f959fc9e-6564-4713-bc97-cf94a2bd32ad-8316722560","trial_id":113,"user_attr":{"wall_s":286.1723620891571}}
{"op_code":6,"worker_id":"f959fc9e-6564-4713-bc97-cf94a2bd32ad-8316722560","trial_id":113,"state":1,"values":[265.7443644322542],"datetime_complete":"2026-10-08T03:50:16.114224"}
{"op_code":7,"worker_id":"f959fc9e-6564-4713-bc97-cf94a2bd32ad-8316722560","trial_id":114,"step":16,"intermediate_value":3.750611031996133}
{"op_code":8,"worker_id":"f959fc9e-6564-4713-bc97-cf94a2bd32ad-8316722560","trial_id":114,"user_attr":{"hh_saving":{"254":0.007285205151548878,"185":1.1117231677033277,"230":0.0,"266":9.23533958070805,"145":1.167954174530353,"229":7.463187877180791,"300":12.411169392479946,"69":2.3205479115871617,"136":0.5922812102650263,"56":0.045585548388091625,"72":5.040919302405956,"26":0.07601257133618487,"45":5.680186571919698,"208":1.072512471697211,"40":1.1762693992986522,"173":12.608802127286125}}}
{"op_code":8,"worker_id":"f959fc9e-6564-4713-bc97-cf94a2bd32ad-8316722560","trial_id":114,"user_attr":{"val_efc_mean":0.8120291093750001}}
{"op_code":8,"worker_id":"f959fc9e-6564-4713-bc97-cf94a2bd32ad-8316722560","trial_id":114,"user_attr":{"converged_share":1.0}}
{"op_code":8,"worker_id":"f959fc9e-6564-4713-bc97-cf94a2bd32ad-8316722560","trial_id":114,"user_attr":{"wall_s":286.16786885261536}}
{"op_code":6,"worker_id":"f959fc9e-6564-4713-bc97-cf94a2bd32ad-8316722560","trial_id":114,"state":1,"values":[3.750611031996133],"datetime_complete":"2026-10-08T03:50:16.116113"}
{"op_code":7,"worker_id":"f959fc9e-6564-4713-bc97-cf94a2bd32ad-8316722560","trial_id":115,"step":16,"intermediate_value":266.24773666262547}
{"op_code":8,"worker_id":"f959fc9e-6564-4713-bc97-cf94a2bd32ad-8316722560","trial_id":115,"user_attr":{"hh_saving":{"254":322.75109477371865,"185":283.07722572399126,"230":290.39597040860286,"266":171.5077643741305,"145":322.06771310541285,"229":183.22427458703547,"300":351.5363839415676,"69":352.66344591649,"136":251.57001619321164,"56":283.9340982864257,"72":210.51359086205161,"26":206.58984329043156,"45":215.03736518126078,"208":282.42603151097245,"40":223.1558557054652,"173":309.5131127412387}}}
{"op_code":8,"worker_id":"f959fc9e-6564-4713-bc97-cf94a2bd32ad-8316722560","trial_id":115,"user_attr":{"val_efc_mean":83.80942467187498}}
{"op_code":8,"worker_id":"f959fc9e-6564-4713-bc97-cf94a2bd32ad-8316722560","trial_id":115,"user_attr":{"converged_share":0.9375}}
{"op_code":8,"worker_id":"f959fc9e-6564-4713-bc97-cf94a2bd32ad-8316722560","trial_id":115,"user_attr":{"wall_s":286.1646099090576}}
{"op_code":6,"worker_id":"f959fc9e-6564-4713-bc97-cf94a2bd32ad-8316722560","trial_id":115,"state":1,"values":[266.24773666262547],"datetime_complete":"2026-10-08T03:50:16.118357"}
{"op_code":7,"worker_id":"f959fc9e-6564-4713-bc97-cf94a2bd32ad-8316722560","trial_id":116,"step":16,"intermediate_value":264.9456287983556}
{"op_code":8,"worker_id":"f959fc9e-6564-4713-bc97-cf94a2bd32ad-8316722560","trial_id":116,"user_attr":{"hh_saving":{"254":323.0697506100212,"185":279.4283894717685,"230":290.9951880526463,"266":165.65652799750498,"145":322.82796687418124,"229":186.08875148149116,"300":348.0994009689351,"69":351.34785523956515,"136":251.0672876954202,"56":280.5983537465189,"72":206.36618410298783,"26":207.76667645760708,"45":213.9218253576132,"208":282.20345324992104,"40":221.8957769424806,"173":307.7966725250272}}}
{"op_code":8,"worker_id":"f959fc9e-6564-4713-bc97-cf94a2bd32ad-8316722560","trial_id":116,"user_attr":{"val_efc_mean":82.677336421875}}
{"op_code":8,"worker_id":"f959fc9e-6564-4713-bc97-cf94a2bd32ad-8316722560","trial_id":116,"user_attr":{"converged_share":1.0}}
{"op_code":8,"worker_id":"f959fc9e-6564-4713-bc97-cf94a2bd32ad-8316722560","trial_id":116,"user_attr":{"wall_s":286.16137290000916}}
{"op_code":6,"worker_id":"f959fc9e-6564-4713-bc97-cf94a2bd32ad-8316722560","trial_id":116,"state":1,"values":[264.9456287983556],"datetime_complete":"2026-10-08T03:50:16.121484"}
{"op_code":7,"worker_id":"f959fc9e-6564-4713-bc97-cf94a2bd32ad-8316722560","trial_id":117,"step":16,"intermediate_value":266.2480807969614}
{"op_code":8,"worker_id":"f959fc9e-6564-4713-bc97-cf94a2bd32ad-8316722560","trial_id":117,"user_attr":{"hh_saving":{"254":324.59960682982165,"185":282.1674379607326,"230":290.4977808880803,"266":177.67742639899615,"145":324.01772827117543,"229":183.0968295978437,"300":346.85084209247265,"69":350.5095159048712,"136":248.10845429553385,"56":281.37233097335485,"72":210.6617985281778,"26":207.9993945205218,"45":216.03920487303282,"208":282.3249508372251,"40":221.66875140992403,"173":312.37723936961794}}}
{"op_code":8,"worker_id":"f959fc9e-6564-4713-bc97-cf94a2bd32ad-8316722560","trial_id":117,"user_attr":{"val_efc_mean":83.68635248437499}}
{"op_code":8,"worker_id":"f959fc9e-6564-4713-bc97-cf94a2bd32ad-8316722560","trial_id":117,"user_attr":{"converged_share":1.0}}
{"op_code":8,"worker_id":"f959fc9e-6564-4713-bc97-cf94a2bd32ad-8316722560","trial_id":117,"user_attr":{"wall_s":286.1591999530792}}
{"op_code":6,"worker_id":"f959fc9e-6564-4713-bc97-cf94a2bd32ad-8316722560","trial_id":117,"state":1,"values":[266.2480807969614],"datetime_complete":"2026-10-08T03:50:16.123860"}
{"op_code":7,"worker_id":"f959fc9e-6564-4713-bc97-cf94a2bd32ad-8316722560","trial_id":118,"step":16,"intermediate_value":266.3610764854763}
{"op_code":8,"worker_id":"f959fc9e-6564-4713-bc97-cf94a2bd32ad-8316722560","trial_id":118,"user_attr":{"hh_saving":{"254":323.12501915479874,"185":283.25852922427936,"230":291.2915056265754,"266":176.51471423286458,"145":322.3885990401772,"229":182.88391210828635,"300":350.0565513007457,"69":352.96072521058977,"136":251.81107914665657,"56":282.52512842402604,"72":209.6535183581898,"26":206.74367657744543,"45":215.73102643891903,"208":282.02675903055285,"40":223.0243955623087,"173":307.78208433120534}}}
{"op_code":8,"worker_id":"f959fc9e-6564-4713-bc97-cf94a2bd32ad-8316722560","trial_id":118,"user_attr":{"val_efc_mean":83.66771742187498}}
{"op_code":8,"worker_id":"f959fc9e-6564-4713-bc97-cf94a2bd32ad-8316722560","trial_id":118,"user_attr":{"converged_share":1.0}}
{"op_code":8,"worker_id":"f959fc9e-6564-4713-bc97-cf94a2bd32ad-8316722560","trial_id":118,"user_attr":{"wall_s":286.15555000305176}}
{"op_code":6,"worker_id":"f959fc9e-6564-4713-bc97-cf94a2bd32ad-8316722560","trial_id":118,"state":1,"values":[266.3610764854763],"datetime_complete":"2026-10-08T03:50:16.125838"}
{"op_code":7,"worker_id":"f959fc9e-6564-4713-bc97-cf94a2bd32ad-8316722560","trial_id":119,"step":16,"intermediate_value":266.0491247552461}
{"op_code":8,"worker_id":"f959fc9e-6564-4713-bc97-cf94a2bd32ad-8316722560","trial_id":119,"user_attr":{"hh_saving":{"254":321.6845762410297,"185":283.0943022675034,"230":291.52160020821754,"266":173.89626443549912,"145":322.7791827935707,"229":183.85305436905355,"300":350.28853482446743,"69":351.3552259637637,"136":251.2999899361158,"56":282.2680446922947,"72":208.41059397670875,"26":207.61026922266817,"45":214.05515957217762,"208":281.68903905822094,"40":222.61870929312798,"173":310.36144922951894}}}
{"op_code":8,"worker_id":"f959fc9e-6564-4713-bc97-cf94a2bd32ad-8316722560","trial_id":119,"user_attr":{"val_efc_mean":83.0635239375}}
{"op_code":8,"worker_id":"f959fc9e-6564-4713-bc97-cf94a2bd32ad-8316722560","trial_id":119,"user_attr":{"converged_share":0.4375}}
{"op_code":8,"worker_id":"f959fc9e-6564-4713-bc97-cf94a2bd32ad-8316722560","trial_id":119,"user_attr":{"wall_s":286.15259885787964}}
{"op_code":6,"worker_id":"f959fc9e-6564-4713-bc97-cf94a2bd32ad-8316722560","trial_id":119,"state":1,"values":[266.0491247552461],"datetime_complete":"2026-10-08T03:50:16.127809"}
{"op_code":7,"worker_id":"f959fc9e-6564-4713-bc97-cf94a2bd32ad-8316722560","trial_id":120,"step":16,"intermediate_value":265.9509399335498}
{"op_code":8,"worker_id":"f959fc9e-6564-4713-bc97-cf94a2bd32ad-8316722560","trial_id":120,"user_attr":{"hh_saving":{"254":324.06239142357157,"185":283.0499823809504,"230":290.8494491391178,"266":169.36896276279955,"145":323.4270099837904,"229":184.55206648287057,"300":351.35099807840453,"69":353.5335169992733,"136":251.27823045995885,"56":279.2480164229176,"72":208.81971418766034,"26":207.46198296293255,"45":214.59889608447395,"208":280.43423070515837,"40":223.33236882256338,"173":309.8472220403541}}}
{"op_code":8,"worker_id":"f959fc9e-6564-4713-bc97-cf94a2bd32ad-8316722560","trial_id":120,"user_attr":{"val_efc_mean":83.20382578125}}
{"op_code":8,"worker_id":"f959fc9e-6564-4713-bc97-cf94a2bd32ad-8316722560","trial_id":120,"user_attr":{"converged_share":1.0}}
{"op_code":8,"worker_id":"f959fc9e-6564-4713-bc97-cf94a2bd32ad-8316722560","trial_id":120,"user_attr":{"wall_s":299.2932369709015}}
{"op_code":6,"worker_id":"f959fc9e-6564-4713-bc97-cf94a2bd32ad-8316722560","trial_id":120,"state":1,"values":[265.9509399335498],"datetime_complete":"2026-10-08T03:54:12.611096"}
{"op_code":7,"worker_id":"f959fc9e-6564-4713-bc97-cf94a2bd32ad-8316722560","trial_id":121,"step":16,"intermediate_value":266.1266272049412}
{"op_code":8,"worker_id":"f959fc9e-6564-4713-bc97-cf94a2bd32ad-8316722560","trial_id":121,"user_attr":{"hh_saving":{"254":321.02893417341306,"185":283.402769352701,"230":288.6567226243499,"266":173.38736194382852,"145":323.674885251067,"229":182.13720806784823,"300":349.9141164731666,"69":352.6341443053001,"136":251.71174209306278,"56":282.7253248882016,"72":210.06181456874504,"26":208.08575154095954,"45":215.68151471227512,"208":282.8127419851863,"40":222.2332240063761,"173":309.87777929257874}}}
{"op_code":8,"worker_id":"f959fc9e-6564-4713-bc97-cf94a2bd32ad-8316722560","trial_id":121,"user_attr":{"val_efc_mean":83.47081884374998}}
{"op_code":8,"worker_id":"f959fc9e-6564-4713-bc97-cf94a2bd32ad-8316722560","trial_id":121,"user_attr":{"converged_share":1.0}}
{"op_code":8,"worker_id":"f959fc9e-6564-4713-bc97-cf94a2bd32ad-8316722560","trial_id":121,"user_attr":{"wall_s":299.2895140647888}}
{"op_code":6,"worker_id":"f959fc9e-6564-4713-bc97-cf94a2bd32ad-8316722560","trial_id":121,"state":1,"values":[266.1266272049412],"datetime_complete":"2026-10-08T03:54:12.613298"}
{"op_code":7,"worker_id":"f959fc9e-6564-4713-bc97-cf94a2bd32ad-8316722560","trial_id":122,"step":16,"intermediate_value":266.66755354789086}
{"op_code":8,"worker_id":"f959fc9e-6564-4713-bc97-cf94a2bd32ad-8316722560","trial_id":122,"user_attr":{"hh_saving":{"254":322.268747440268,"185":283.15756278870845,"230":290.67431922791525,"266":177.82662188215215,"145":324.2325231282228,"229":183.61548193737315,"300":350.7297118375192,"69":352.5479732599441,"136":251.0786117838568,"56":281.7706096478843,"72":210.85057829435786,"26":208.47876372071164,"45":215.8703939806491,"208":279.6477195291094,"40":223.93468930462697,"173":309.9965490029548}}}
{"op_code":8,"worker_id":"f959fc9e-6564-4713-bc97-cf94a2bd32ad-8316722560","trial_id":122,"user_attr":{"val_efc_mean":83.504859546875}}
{"op_code":8,"worker_id":"f959fc9e-6564-4713-bc97-cf94a2bd32ad-8316722560","trial_id":122,"user_attr":{"converged_share":1.0}}
{"op_code":8,"worker_id":"f959fc9e-6564-4713-bc97-cf94a2bd32ad-8316722560","trial_id":122,"user_attr":{"wall_s":299.2858729362488}}
{"op_code":6,"worker_id":"f959fc9e-6564-4713-bc97-cf94a2bd32ad-8316722560","trial_id":122,"state":1,"values":[266.66755354789086],"datetime_complete":"2026-10-08T03:54:12.615353"}
{"op_code":7,"worker_id":"f959fc9e-6564-4713-bc97-cf94a2bd32ad-8316722560","trial_id":123,"step":16,"intermediate_value":265.8271053182224}
{"op_code":8,"worker_id":"f959fc9e-6564-4713-bc97-cf94a2bd32ad-8316722560","trial_id":123,"user_attr":{"hh_saving":{"254":325.06649141019034,"185":282.7230871791144,"230":289.6686121570809,"266":170.10823257069188,"145":322.49236327946454,"229":184.21909541780357,"300":351.059467245642,"69":352.36813094044214,"136":251.32046398631027,"56":281.2977174424289,"72":209.27109676086832,"26":207.25333308753213,"45":214.41387389918157,"208":280.17090671008344,"40":223.60113877967774,"173":308.19967422504595}}}
{"op_code":8,"worker_id":"f959fc9e-6564-4713-bc97-cf94a2bd32ad-8316722560","trial_id":123,"user_attr":{"val_efc_mean":83.6466908125}}
{"op_code":8,"worker_id":"f959fc9e-6564-4713-bc97-cf94a2bd32ad-8316722560","trial_id":123,"user_attr":{"converged_share":1.0}}
{"op_code":8,"worker_id":"f959fc9e-6564-4713-bc97-cf94a2bd32ad-8316722560","trial_id":123,"user_attr":{"wall_s":299.28276228904724}}
{"op_code":6,"worker_id":"f959fc9e-6564-4713-bc97-cf94a2bd32ad-8316722560","trial_id":123,"state":1,"values":[265.8271053182224],"datetime_complete":"2026-10-08T03:54:12.617362"}
{"op_code":7,"worker_id":"f959fc9e-6564-4713-bc97-cf94a2bd32ad-8316722560","trial_id":124,"step":16,"intermediate_value":265.746638063948}
{"op_code":8,"worker_id":"f959fc9e-6564-4713-bc97-cf94a2bd32ad-8316722560","trial_id":124,"user_attr":{"hh_saving":{"254":321.97658359933,"185":281.94548391433625,"230":288.58503664700737,"266":175.53701471047958,"145":324.3507770218525,"229":184.45665914136828,"300":350.80736166017715,"69":352.2148510271742,"136":251.2354021872534,"56":280.57793407603003,"72":209.71238513044716,"26":207.43078184718075,"45":212.70826625601228,"208":281.17837156814096,"40":221.86005449954854,"173":307.3692457368293}}}
{"op_code":8,"worker_id":"f959fc9e-6564-4713-bc97-cf94a2bd32ad-8316722560","trial_id":124,"user_attr":{"val_efc_mean":83.4716253125}}
{"op_code":8,"worker_id":"f959fc9e-6564-4713-bc97-cf94a2bd32ad-8316722560","trial_id":124,"user_attr":{"converged_share":1.0}}
{"op_code":8,"worker_id":"f959fc9e-6564-4713-bc97-cf94a2bd32ad-8316722560","trial_id":124,"user_attr":{"wall_s":299.2791590690613}}
{"op_code":6,"worker_id":"f959fc9e-6564-4713-bc97-cf94a2bd32ad-8316722560","trial_id":124,"state":1,"values":[265.746638063948],"datetime_complete":"2026-10-08T03:54:12.619267"}
{"op_code":7,"worker_id":"f959fc9e-6564-4713-bc97-cf94a2bd32ad-8316722560","trial_id":125,"step":16,"intermediate_value":266.5105225773595}
{"op_code":8,"worker_id":"f959fc9e-6564-4713-bc97-cf94a2bd32ad-8316722560","trial_id":125,"user_attr":{"hh_saving":{"254":322.6177908912676,"185":283.60142969446554,"230":289.9264019196408,"266":174.31313616143706,"145":323.7419853544957,"229":185.05538127168415,"300":351.09544710660595,"69":351.8562893000421,"136":251.4277473029659,"56":283.457602850873,"72":209.29100154503766,"26":207.3020599659389,"45":215.79871991955318,"208":281.94564513154137,"40":222.63630710244666,"173":310.10141571975646}}}
{"op_code":8,"worker_id":"f959fc9e-6564-4713-bc97-cf94a2bd32ad-8316722560","trial_id":125,"user_attr":{"val_efc_mean":83.56433942187499}}
{"op_code":8,"worker_id":"f959fc9e-6564-4713-bc97-cf94a2bd32ad-8316722560","trial_id":125,"user_attr":{"converged_share":1.0}}
{"op_code":8,"worker_id":"f959fc9e-6564-4713-bc97-cf94a2bd32ad-8316722560","trial_id":125,"user_attr":{"wall_s":299.27524614334106}}
{"op_code":6,"worker_id":"f959fc9e-6564-4713-bc97-cf94a2bd32ad-8316722560","trial_id":125,"state":1,"values":[266.5105225773595],"datetime_complete":"2026-10-08T03:54:12.621671"}
{"op_code":7,"worker_id":"f959fc9e-6564-4713-bc97-cf94a2bd32ad-8316722560","trial_id":126,"step":16,"intermediate_value":265.9079100792232}
{"op_code":8,"worker_id":"f959fc9e-6564-4713-bc97-cf94a2bd32ad-8316722560","trial_id":126,"user_attr":{"hh_saving":{"254":322.72863056753334,"185":281.0558735944708,"230":288.1858956118452,"266":174.68049186476955,"145":323.35782011515266,"229":185.611277294242,"300":349.9940971170984,"69":352.35811536124385,"136":250.5346539558164,"56":282.3044099893728,"72":210.45114368709724,"26":206.59927611323423,"45":216.25071218110284,"208":280.92613470093806,"40":221.77481397587505,"173":307.7132151377789}}}
{"op_code":8,"worker_id":"f959fc9e-6564-4713-bc97-cf94a2bd32ad-8316722560","trial_id":126,"user_attr":{"val_efc_mean":83.229634390625}}
{"op_code":8,"worker_id":"f959fc9e-6564-4713-bc97-cf94a2bd32ad-8316722560","trial_id":126,"user_attr":{"converged_share":1.0}}
{"op_code":8,"worker_id":"f959fc9e-6564-4713-bc97-cf94a2bd32ad-8316722560","trial_id":126,"user_attr":{"wall_s":299.2714149951935}}
{"op_code":6,"worker_id":"f959fc9e-6564-4713-bc97-cf94a2bd32ad-8316722560","trial_id":126,"state":1,"values":[265.9079100792232],"datetime_complete":"2026-10-08T03:54:12.623503"}
{"op_code":7,"worker_id":"f959fc9e-6564-4713-bc97-cf94a2bd32ad-8316722560","trial_id":127,"step":16,"intermediate_value":265.78545470994936}
{"op_code":8,"worker_id":"f959fc9e-6564-4713-bc97-cf94a2bd32ad-8316722560","trial_id":127,"user_attr":{"hh_saving":{"254":324.5888346765114,"185":283.9884494471718,"230":289.86381771936436,"266":169.20350612442036,"145":323.42607744822425,"229":180.3858344618116,"300":349.8681632401423,"69":353.2572364511588,"136":251.1365271106182,"56":283.6716017059927,"72":209.03175544672752,"26":207.59894180187413,"45":214.78231320771437,"208":281.6816221404185,"40":223.17970036748338,"173":306.90289400955675}}}
{"op_code":8,"worker_id":"f959fc9e-6564-4713-bc97-cf94a2bd32ad-8316722560","trial_id":127,"user_attr":{"val_efc_mean":83.281722}}
{"op_code":8,"worker_id":"f959fc9e-6564-4713-bc97-cf94a2bd32ad-8316722560","trial_id":127,"user_attr":{"converged_share":1.0}}
{"op_code":8,"worker_id":"f959fc9e-6564-4713-bc97-cf94a2bd32ad-8316722560","trial_id":127,"user_attr":{"wall_s":299.2679932117462}}
{"op_code":6,"worker_id":"f959fc9e-6564-4713-bc97-cf94a2bd32ad-8316722560","trial_id":127,"state":1,"values":[265.78545470994936],"datetime_complete":"2026-10-08T03:54:12.625312"}
{"op_code":7,"worker_id":"f959fc9e-6564-4713-bc97-cf94a2bd32ad-8316722560","trial_id":128,"step":16,"intermediate_value":265.85815326223394}
{"op_code":8,"worker_id":"f959fc9e-6564-4713-bc97-cf94a2bd32ad-8316722560","trial_id":128,"user_attr":{"hh_saving":{"254":324.8424818595896,"185":283.72908431643333,"230":290.28623520216047,"266":174.66407282797286,"145":323.2735503989801,"229":182.90511213026744,"300":346.6975870544713,"69":351.36494156212433,"136":251.48889678039043,"56":281.8623738644558,"72":208.03331142466504,"26":207.95136191358642,"45":216.11181178421742,"208":280.23925053234655,"40":222.72027039569502,"173":307.5601101483875}}}
{"op_code":8,"worker_id":"f959fc9e-6564-4713-bc97-cf94a2bd32ad-8316722560","trial_id":128,"user_attr":{"val_efc_mean":83.5469715}}
{"op_code":8,"worker_id":"f959fc9e-6564-4713-bc97-cf94a2bd32ad-8316722560","trial_id":128,"user_attr":{"converged_share":1.0}}
{"op_code":8,"worker_id":"f959fc9e-6564-4713-bc97-cf94a2bd32ad-8316722560","trial_id":128,"user_attr":{"wall_s":299.26399779319763}}
{"op_code":6,"worker_id":"f959fc9e-6564-4713-bc97-cf94a2bd32ad-8316722560","trial_id":128,"state":1,"values":[265.85815326223394],"datetime_complete":"2026-10-08T03:54:12.626969"}
{"op_code":7,"worker_id":"f959fc9e-6564-4713-bc97-cf94a2bd32ad-8316722560","trial_id":129,"step":16,"intermediate_value":265.13013183360886}
{"op_code":8,"worker_id":"f959fc9e-6564-4713-bc97-cf94a2bd32ad-8316722560","trial_id":129,"user_attr":{"hh_saving":{"254":322.3858055266458,"185":283.2257528145788,"230":289.97641491018055,"266":174.26392164038907,"145":322.56995973449403,"229":181.07501036486266,"300":346.6557291871173,"69":351.20154723125944,"136":249.7508698734027,"56":281.54329467954796,"72":208.92116242024355,"26":205.9845325154122,"45":214.49418288504054,"208":278.8481467285509,"40":223.2344154666256,"173":307.951363359391}}}
{"op_code":8,"worker_id":"f959fc9e-6564-4713-bc97-cf94a2bd32ad-8316722560","trial_id":129,"user_attr":{"val_efc_mean":83.59770490624999}}
{"op_code":8,"worker_id":"f959fc9e-6564-4713-bc97-cf94a2bd32ad-8316722560","trial_id":129,"user_attr":{"converged_share":1.0}}
{"op_code":8,"worker_id":"f959fc9e-6564-4713-bc97-cf94a2bd32ad-8316722560","trial_id":129,"user_attr":{"wall_s":299.26024198532104}}
{"op_code":6,"worker_id":"f959fc9e-6564-4713-bc97-cf94a2bd32ad-8316722560","trial_id":129,"state":1,"values":[265.13013183360886],"datetime_complete":"2026-10-08T03:54:12.628661"}
{"op_code":7,"worker_id":"f959fc9e-6564-4713-bc97-cf94a2bd32ad-8316722560","trial_id":130,"step":16,"intermediate_value":266.2230364577498}
{"op_code":8,"worker_id":"f959fc9e-6564-4713-bc97-cf94a2bd32ad-8316722560","trial_id":130,"user_attr":{"hh_saving":{"254":320.9757407012625,"185":282.23911083347724,"230":290.5704798583438,"266":178.14319324858502,"145":322.1757760706285,"229":183.01186209156435,"300":352.73048180082543,"69":351.54725865635834,"136":251.2631259803018,"56":279.57674597159485,"72":209.51732371010795,"26":208.0127311772989,"45":215.34715961121864,"208":282.865704026425,"40":223.45724454016212,"173":308.1346450458422}}}
{"op_code":8,"worker_id":"f959fc9e-6564-4713-bc97-cf94a2bd32ad-8316722560","trial_id":130,"user_attr":{"val_efc_mean":83.61571532812499}}
{"op_code":8,"worker_id":"f959fc9e-6564-4713-bc97-cf94a2bd32ad-8316722560","trial_id":130,"user_attr":{"converged_share":1.0}}
{"op_code":8,"worker_id":"f959fc9e-6564-4713-bc97-cf94a2bd32ad-8316722560","trial_id":130,"user_attr":{"wall_s":299.25663709640503}}
{"op_code":6,"worker_id":"f959fc9e-6564-4713-bc97-cf94a2bd32ad-8316722560","trial_id":130,"state":1,"values":[266.2230364577498],"datetime_complete":"2026-10-08T03:54:12.630515"}
{"op_code":7,"worker_id":"f959fc9e-6564-4713-bc97-cf94a2bd32ad-8316722560","trial_id":131,"step":16,"intermediate_value":266.0167823933078}
{"op_code":8,"worker_id":"f959fc9e-6564-4713-bc97-cf94a2bd32ad-8316722560","trial_id":131,"user_attr":{"hh_saving":{"254":323.3217452500079,"185":282.03211356378023,"230":289.3549447161406,"266":169.00958120234571,"145":323.63009515196563,"229":183.10006067565467,"300":350.55237852519247,"69":353.01593356613853,"136":251.5635739224716,"56":282.0927935723552,"72":210.06417898553246,"26":208.24205878968596,"45":215.53602186859504,"208":281.6443759562714,"40":222.98276570496992,"173":310.1258968418173}}}
{"op_code":8,"worker_id":"f959fc9e-6564-4713-bc97-cf94a2bd32ad-8316722560","trial_id":131,"user_attr":{"val_efc_mean":83.57658632812499}}
{"op_code":8,"worker_id":"f959fc9e-6564-4713-bc97-cf94a2bd32ad-8316722560","trial_id":131,"user_attr":{"converged_share":1.0}}
{"op_code":8,"worker_id":"f959fc9e-6564-4713-bc97-cf94a2bd32ad-8316722560","trial_id":131,"user_attr":{"wall_s":299.2533760070801}}
{"op_code":6,"worker_id":"f959fc9e-6564-4713-bc97-cf94a2bd32ad-8316722560","trial_id":131,"state":1,"values":[266.0167823933078],"datetime_complete":"2026-10-08T03:54:12.632201"}
{"op_code":7,"worker_id":"f959fc9e-6564-4713-bc97-cf94a2bd32ad-8316722560","trial_id":132,"step":16,"intermediate_value":266.0669649250509}
{"op_code":8,"worker_id":"f959fc9e-6564-4713-bc97-cf94a2bd32ad-8316722560","trial_id":132,"user_attr":{"hh_saving":{"254":321.44570685571614,"185":282.8445119263465,"230":291.2525111354489,"266":173.67149427944446,"145":323.92271717467565,"229":182.73663849328355,"300":350.5075146838419,"69":352.581888715861,"136":251.3558011145399,"56":280.07081994814934,"72":209.07178872585385,"26":207.16217747877542,"45":218.8346634506408,"208":281.20781739631207,"40":222.29703926694322,"173":308.1083481549819}}}
{"op_code":8,"worker_id":"f959fc9e-6564-4713-bc97-cf94a2bd32ad-8316722560","trial_id":132,"user_attr":{"val_efc_mean":83.585279671875}}
{"op_code":8,"worker_id":"f959fc9e-6564-4713-bc97-cf94a2bd32ad-8316722560","trial_id":132,"user_attr":{"converged_share":1.0}}
{"op_code":8,"worker_id":"f959fc9e-6564-4713-bc97-cf94a2bd32ad-8316722560","trial_id":132,"user_attr":{"wall_s":299.2498722076416}}
{"op_code":6,"worker_id":"f959fc9e-6564-4713-bc97-cf94a2bd32ad-8316722560","trial_id":132,"state":1,"values":[266.0669649250509],"datetime_complete":"2026-10-08T03:54:12.633703"}
{"op_code":7,"worker_id":"f959fc9e-6564-4713-bc97-cf94a2bd32ad-8316722560","trial_id":133,"step":16,"intermediate_value":266.0696621629238}
{"op_code":8,"worker_id":"f959fc9e-6564-4713-bc97-cf94a2bd32ad-8316722560","trial_id":133,"user_attr":{"hh_saving":{"254":323.4442266724736,"185":282.7494802480028,"230":290.1208512016477,"266":173.4979886608182,"145":320.3377239540143,"229":185.04314299621123,"300":351.6536516959624,"69":351.00176931340445,"136":251.72744633407112,"56":281.65949608604825,"72":208.75614378311116,"26":207.52946771236117,"45":215.96440889346027,"208":283.0050333247348,"40":222.15876227844475,"173":308.4650014520148}}}
{"op_code":8,"worker_id":"f959fc9e-6564-4713-bc97-cf94a2bd32ad-8316722560","trial_id":133,"user_attr":{"val_efc_mean":83.251181}}
{"op_code":8,"worker_id":"f959fc9e-6564-4713-bc97-cf94a2bd32ad-8316722560","trial_id":133,"user_attr":{"converged_share":1.0}}
{"op_code":8,"worker_id":"f959fc9e-6564-4713-bc97-cf94a2bd32ad-8316722560","trial_id":133,"user_attr":{"wall_s":299.246456861496}}
{"op_code":6,"worker_id":"f959fc9e-6564-4713-bc97-cf94a2bd32ad-8316722560","trial_id":133,"state":1,"values":[266.0696621629238],"datetime_complete":"2026-10-08T03:54:12.635297"}
{"op_code":7,"worker_id":"f959fc9e-6564-4713-bc97-cf94a2bd32ad-8316722560","trial_id":134,"step":16,"intermediate_value":266.2622470907245}
{"op_code":8,"worker_id":"f959fc9e-6564-4713-bc97-cf94a2bd32ad-8316722560","trial_id":134,"user_attr":{"hh_saving":{"254":322.69356070226985,"185":283.573369951251,"230":291.3970665473928,"266":174.29643356585984,"145":323.2830350838422,"229":183.3580877322676,"300":352.62645780069374,"69":352.51320853201236,"136":251.66059617129437,"56":281.4329099492458,"72":209.27509842607859,"26":207.0866112551053,"45":214.90926674672832,"208":281.93727036441317,"40":222.81511105501363,"173":307.3378695681236}}}
{"op_code":8,"worker_id":"f959fc9e-6564-4713-bc97-cf94a2bd32ad-8316722560","trial_id":134,"user_attr":{"val_efc_mean":83.81637493749999}}
{"op_code":8,"worker_id":"f959fc9e-6564-4713-bc97-cf94a2bd32ad-8316722560","trial_id":134,"user_attr":{"converged_share":0.625}}
{"op_code":8,"worker_id":"f959fc9e-6564-4713-bc97-cf94a2bd32ad-8316722560","trial_id":134,"user_attr":{"wall_s":299.24270009994507}}
{"op_code":6,"worker_id":"f959fc9e-6564-4713-bc97-cf94a2bd32ad-8316722560","trial_id":134,"state":1,"values":[266.2622470907245],"datetime_complete":"2026-10-08T03:54:12.637083"}
{"op_code":7,"worker_id":"f959fc9e-6564-4713-bc97-cf94a2bd32ad-8316722560","trial_id":135,"step":16,"intermediate_value":266.97194190523993}
{"op_code":8,"worker_id":"f959fc9e-6564-4713-bc97-cf94a2bd32ad-8316722560","trial_id":135,"user_attr":{"hh_saving":{"254":325.5137803190859,"185":283.49645015865195,"230":290.55009077166056,"266":177.0768786704789,"145":322.8078688072342,"229":183.92304210232842,"300":347.95093171916477,"69":352.20092895410573,"136":250.94698008607563,"56":282.4729801262954,"72":210.19532974080528,"26":208.39442391054396,"45":220.67610491093814,"208":281.88936711598114,"40":223.89853778910052,"173":309.5573753013882}}}
{"op_code":8,"worker_id":"f959fc9e-6564-4713-bc97-cf94a2bd32ad-8316722560","trial_id":135,"user_attr":{"val_efc_mean":84.031353921875}}
{"op_code":8,"worker_id":"f959fc9e-6564-4713-bc97-cf94a2bd32ad-8316722560","trial_id":135,"user_attr":{"converged_share":1.0}}
{"op_code":8,"worker_id":"f959fc9e-6564-4713-bc97-cf94a2bd32ad-8316722560","trial_id":135,"user_attr":{"wall_s":299.23881101608276}}
{"op_code":6,"worker_id":"f959fc9e-6564-4713-bc97-cf94a2bd32ad-8316722560","trial_id":135,"state":1,"values":[266.97194190523993],"datetime_complete":"2026-10-08T03:54:12.638778"}
{"op_code":7,"worker_id":"f959fc9e-6564-4713-bc97-cf94a2bd32ad-8316722560","trial_id":136,"step":16,"intermediate_value":266.2849238156624}
{"op_code":8,"worker_id":"f959fc9e-6564-4713-bc97-cf94a2bd32ad-8316722560","trial_id":136,"user_attr":{"hh_saving":{"254":322.8029370770641,"185":283.5135115504522,"230":289.6608417546406,"266":174.73021086670178,"145":322.82431662150015,"229":181.3335938297764,"300":350.5554261130277,"69":352.81335919964516,"136":251.11376841062935,"56":282.01885843423435,"72":209.5043447085762,"26":207.6930565870092,"45":216.58945145664333,"208":282.74376545576496,"40":223.55219545725464,"173":309.109143527678}}}
{"op_code":8,"worker_id":"f959fc9e-6564-4713-bc97-cf94a2bd32ad-8316722560","trial_id":136,"user_attr":{"val_efc_mean":83.8130501875}}
{"op_code":8,"worker_id":"f959fc9e-6564-4713-bc97-cf94a2bd32ad-8316722560","trial_id":136,"user_attr":{"converged_share":1.0}}
{"op_code":8,"worker_id":"f959fc9e-6564-4713-bc97-cf94a2bd32ad-8316722560","trial_id":136,"user_attr":{"wall_s":299.2352261543274}}
{"op_code":6,"worker_id":"f959fc9e-6564-4713-bc97-cf94a2bd32ad-8316722560","trial_id":136,"state":1,"values":[266.2849238156624],"datetime_complete":"2026-10-08T03:54:12.640328"}
{"op_code":7,"worker_id":"f959fc9e-6564-4713-bc97-cf94a2bd32ad-8316722560","trial_id":137,"step":16,"intermediate_value":265.75473903887814}
{"op_code":8,"worker_id":"f959fc9e-6564-4713-bc97-cf94a2bd32ad-8316722560","trial_id":137,"user_attr":{"hh_saving":{"254":322.1942876718425,"185":282.6885842472974,"230":291.09572839768265,"266":174.08169162650265,"145":322.3494789429936,"229":183.637856415704,"300":350.4464120039786,"69":351.06224080469934,"136":251.29354797585756,"56":281.3214109062016,"72":210.16097365777637,"26":206.94029764750178,"45":214.28731570772285,"208":280.9929244008091,"40":222.56682031578598,"173":306.9562538996941}}}
{"op_code":8,"worker_id":"f959fc9e-6564-4713-bc97-cf94a2bd32ad-8316722560","trial_id":137,"user_attr":{"val_efc_mean":83.642039296875}}
{"op_code":8,"worker_id":"f959fc9e-6564-4713-bc97-cf94a2bd32ad-8316722560","trial_id":137,"user_attr":{"converged_share":0.5}}
{"op_code":8,"worker_id":"f959fc9e-6564-4713-bc97-cf94a2bd32ad-8316722560","trial_id":137,"user_attr":{"wall_s":299.2311089038849}}
{"op_code":6,"worker_id":"f959fc9e-6564-4713-bc97-cf94a2bd32ad-8316722560","trial_id":137,"state":1,"values":[265.75473903887814],"datetime_complete":"2026-10-08T03:54:12.641970"}
{"op_code":7,"worker_id":"f959fc9e-6564-4713-bc97-cf94a2bd32ad-8316722560","trial_id":138,"step":16,"intermediate_value":231.6859526758767}
{"op_code":8,"worker_id":"f959fc9e-6564-4713-bc97-cf94a2bd32ad-8316722560","trial_id":138,"user_attr":{"hh_saving":{"254":304.0721516470737,"185":258.30003241021956,"230":275.9243528268564,"266":148.07543307514544,"145":296.1426051953474,"229":126.8412825966979,"300":289.2055139880809,"69":334.7433827600436,"136":241.24109162419077,"56":269.1226314896383,"72":174.2958109145756,"26":187.42498088064764,"45":146.9331138982864,"208":233.81486272543057,"40":196.8407994145296,"173":223.99719736726334}}}
{"op_code":8,"worker_id":"f959fc9e-6564-4713-bc97-cf94a2bd32ad-8316722560","trial_id":138,"user_attr":{"val_efc_mean":68.35871}}
{"op_code":8,"worker_id":"f959fc9e-6564-4713-bc97-cf94a2bd32ad-8316722560","trial_id":138,"user_attr":{"converged_share":1.0}}
{"op_code":8,"worker_id":"f959fc9e-6564-4713-bc97-cf94a2bd32ad-8316722560","trial_id":138,"user_attr":{"wall_s":299.2268371582031}}
{"op_code":6,"worker_id":"f959fc9e-6564-4713-bc97-cf94a2bd32ad-8316722560","trial_id":138,"state":1,"values":[231.6859526758767],"datetime_complete":"2026-10-08T03:54:12.643847"}
{"op_code":7,"worker_id":"f959fc9e-6564-4713-bc97-cf94a2bd32ad-8316722560","trial_id":139,"step":16,"intermediate_value":265.68862014484125}
{"op_code":8,"worker_id":"f959fc9e-6564-4713-bc97-cf94a2bd32ad-8316722560","trial_id":139,"user_attr":{"hh_saving":{"254":323.1304038618478,"185":283.20500072228174,"230":290.09152466364617,"266":165.93244643441852,"145":323.5014785929816,"229":181.40777352302365,"300":347.5592642784895,"69":351.5116983279669,"136":251.09560529985268,"56":281.8973630803744,"72":209.70299260762292,"26":209.32606044029384,"45":215.96870983946428,"208":284.1192852288284,"40":223.62622939457447,"173":308.94208602179293}}}
{"op_code":8,"worker_id":"f959fc9e-6564-4713-bc97-cf94a2bd32ad-8316722560","trial_id":139,"user_attr":{"val_efc_mean":83.38370196875}}
{"op_code":8,"worker_id":"f959fc9e-6564-4713-bc97-cf94a2bd32ad-8316722560","trial_id":139,"user_attr":{"converged_share":1.0}}
{"op_code":8,"worker_id":"f959fc9e-6564-4713-bc97-cf94a2bd32ad-8316722560","trial_id":139,"user_attr":{"wall_s":299.22302889823914}}
{"op_code":6,"worker_id":"f959fc9e-6564-4713-bc97-cf94a2bd32ad-8316722560","trial_id":139,"state":1,"values":[265.68862014484125],"datetime_complete":"2026-10-08T03:54:12.645496"}
{"op_code":7,"worker_id":"f959fc9e-6564-4713-bc97-cf94a2bd32ad-8316722560","trial_id":140,"step":16,"intermediate_value":266.05466474853716}
{"op_code":8,"worker_id":"f959fc9e-6564-4713-bc97-cf94a2bd32ad-8316722560","trial_id":140,"user_attr":{"hh_saving":{"254":322.62558449999307,"185":283.36103574599673,"230":290.96317417602387,"266":171.85293330718557,"145":322.20279677916733,"229":180.95979490950245,"300":351.87730647047493,"69":352.9718791952736,"136":251.63201898048328,"56":281.79507678942747,"72":209.20458096154258,"26":207.4030281951792,"45":214.60988809836832,"208":282.56825767496906,"40":222.9703094641511,"173":309.8769707288561}}}
{"op_code":8,"worker_id":"f959fc9e-6564-4713-bc97-cf94a2bd32ad-8316722560","trial_id":140,"user_attr":{"val_efc_mean":83.22612928125}}
{"op_code":8,"worker_id":"f959fc9e-6564-4713-bc97-cf94a2bd32ad-8316722560","trial_id":140,"user_attr":{"converged_share":1.0}}
{"op_code":8,"worker_id":"f959fc9e-6564-4713-bc97-cf94a2bd32ad-8316722560","trial_id":140,"user_attr":{"wall_s":299.21987104415894}}
{"op_code":6,"worker_id":"f959fc9e-6564-4713-bc97-cf94a2bd32ad-8316722560","trial_id":140,"state":1,"values":[266.05466474853716],"datetime_complete":"2026-10-08T03:54:12.647730"}
{"op_code":7,"worker_id":"f959fc9e-6564-4713-bc97-cf94a2bd32ad-8316722560","trial_id":141,"step":16,"intermediate_value":265.6400053993517}
{"op_code":8,"worker_id":"f959fc9e-6564-4713-bc97-cf94a2bd32ad-8316722560","trial_id":141,"user_attr":{"hh_saving":{"254":323.8196304932714,"185":283.46634061648217,"230":290.19227962166207,"266":166.0174496640221,"145":322.18429650184765,"229":184.53108813541584,"300":351.30914314636976,"69":351.31876242711826,"136":251.0193526136046,"56":283.343537625308,"72":207.75171388552332,"26":206.70057735175004,"45":213.33747006770548,"208":283.78879171197116,"40":223.67492644491668,"173":307.78472608265884}}}
{"op_code":8,"worker_id":"f959fc9e-6564-4713-bc97-cf94a2bd32ad-8316722560","trial_id":141,"user_attr":{"val_efc_mean":82.97395424999999}}
{"op_code":8,"worker_id":"f959fc9e-6564-4713-bc97-cf94a2bd32ad-8316722560","trial_id":141,"user_attr":{"converged_share":1.0}}
{"op_code":8,"worker_id":"f959fc9e-6564-4713-bc97-cf94a2bd32ad-8316722560","trial_id":141,"user_attr":{"wall_s":299.2171788215637}}
{"op_code":6,"worker_id":"f959fc9e-6564-4713-bc97-cf94a2bd32ad-8316722560","trial_id":141,"state":1,"values":[265.6400053993517],"datetime_complete":"2026-10-08T03:54:12.650050"}
{"op_code":7,"worker_id":"f959fc9e-6564-4713-bc97-cf94a2bd32ad-8316722560","trial_id":142,"step":16,"intermediate_value":264.98491875165337}
{"op_code":8,"worker_id":"f959fc9e-6564-4713-bc97-cf94a2bd32ad-8316722560","trial_id":142,"user_attr":{"hh_saving":{"254":321.5824801350133,"185":280.5974382064503,"230":289.5758405065241,"266":173.32234913832636,"145":323.35514546692804,"229":182.01489965667224,"300":348.0982681058065,"69":351.90545156905466,"136":251.02210228167522,"56":280.73154577298084,"72":208.50347709637626,"26":205.47075414376596,"45":212.6518352193435,"208":280.37017734814464,"40":221.96273272223956,"173":308.5942026571521}}}
{"op_code":8,"worker_id":"f959fc9e-6564-4713-bc97-cf94a2bd32ad-8316722560","trial_id":142,"user_attr":{"val_efc_mean":83.660140796875}}
{"op_code":8,"worker_id":"f959fc9e-6564-4713-bc97-cf94a2bd32ad-8316722560","trial_id":142,"user_attr":{"converged_share":1.0}}
{"op_code":8,"worker_id":"f959fc9e-6564-4713-bc97-cf94a2bd32ad-8316722560","trial_id":142,"user_attr":{"wall_s":299.21360325813293}}
{"op_code":6,"worker_id":"f959fc9e-6564-4713-bc97-cf94a2bd32ad-8316722560","trial_id":142,"state":1,"values":[264.98491875165337],"datetime_complete":"2026-10-08T03:54:12.652233"}
{"op_code":7,"worker_id":"f959fc9e-6564-4713-bc97-cf94a2bd32ad-8316722560","trial_id":143,"step":16,"intermediate_value":265.548654012324}
{"op_code":8,"worker_id":"f959fc9e-6564-4713-bc97-cf94a2bd32ad-8316722560","trial_id":143,"user_attr":{"hh_saving":{"254":322.080495829905,"185":282.50234660587944,"230":288.77670843305566,"266":172.27631980078473,"145":323.95528330259697,"229":183.95843001693618,"300":348.43102068921763,"69":352.6402133320052,"136":251.03732828395638,"56":281.2177012966266,"72":207.9731711119652,"26":208.28262158392636,"45":215.30583867371908,"208":278.1294912462048,"40":223.23602097244435,"173":308.97547301796027}}}
{"op_code":8,"worker_id":"f959fc9e-6564-4713-bc97-cf94a2bd32ad-8316722560","trial_id":143,"user_attr":{"val_efc_mean":83.18973884374999}}
{"op_code":8,"worker_id":"f959fc9e-6564-4713-bc97-cf94a2bd32ad-8316722560","trial_id":143,"user_attr":{"converged_share":1.0}}
{"op_code":8,"worker_id":"f959fc9e-6564-4713-bc97-cf94a2bd32ad-8316722560","trial_id":143,"user_attr":{"wall_s":299.21027517318726}}
{"op_code":6,"worker_id":"f959fc9e-6564-4713-bc97-cf94a2bd32ad-8316722560","trial_id":143,"state":1,"values":[265.548654012324],"datetime_complete":"2026-10-08T03:54:12.654466"}
