{"op_code":0,"worker_id":"783ecce1-a686-4a5d-8e34-a7488920e629-8316722560","study_name":"SI_dqn","directions":[2]}
{"op_code":4,"worker_id":"783ecce1-a686-4a5d-8e34-a7488920e629-8316722560","study_id":0,"datetime_start":null,"state":4,"value":null,"values":null,"distributions":{},"params":{},"user_attrs":{"incumbent":true},"system_attrs":{"fixed_params":{"lr":0.001,"gamma":0.997,"n_step":1,"batch":128,"hidden":128,"target_sync":2000,"update_every":2,"buffer":200000,"eps_end":0.05,"eps_decay_frac":0.4,"reward_scale":20.0,"episode_days":7}},"intermediate_values":{}}
{"op_code":6,"worker_id":"783ecce1-a686-4a5d-8e34-a7488920e629-8316722560","trial_id":0,"state":0,"values":null,"datetime_start":"2026-10-08T03:55:59.087290"}
{"op_code":5,"worker_id":"783ecce1-a686-4a5d-8e34-a7488920e629-8316722560","trial_id":0,"param_name":"lr","param_value_internal":0.001,"distribution":"{\"name\": \"FloatDistribution\", \"attributes\": {\"step\": null, \"low\": 0.0001, \"high\": 0.003, \"log\": true}}"}
{"op_code":5,"worker_id":"783ecce1-a686-4a5d-8e34-a7488920e629-8316722560","trial_id":0,"param_name":"gamma","param_value_internal":0.997,"distribution":"{\"name\": \"FloatDistribution\", \"attributes\": {\"step\": null, \"low\": 0.98, \"high\": 0.999, \"log\": false}}"}
{"op_code":5,"worker_id":"783ecce1-a686-4a5d-8e34-a7488920e629-8316722560","trial_id":0,"param_name":"n_step","param_value_internal":0,"distribution":"{\"name\": \"CategoricalDistribution\", \"attributes\": {\"choices\": [1, 2, 4, 8, 16]}}"}
{"op_code":5,"worker_id":"783ecce1-a686-4a5d-8e34-a7488920e629-8316722560","trial_id":0,"param_name":"batch","param_value_internal":1,"distribution":"{\"name\": \"CategoricalDistribution\", \"attributes\": {\"choices\": [64, 128, 256]}}"}
{"op_code":5,"worker_id":"783ecce1-a686-4a5d-8e34-a7488920e629-8316722560","trial_id":0,"param_name":"hidden","param_value_internal":1,"distribution":"{\"name\": \"CategoricalDistribution\", \"attributes\": {\"choices\": [64, 128, 256]}}"}
{"op_code":5,"worker_id":"783ecce1-a686-4a5d-8e34-a7488920e629-8316722560","trial_id":0,"param_name":"target_sync","param_value_internal":2,"distribution":"{\"name\": \"CategoricalDistribution\", \"attributes\": {\"choices\": [500, 1000, 2000, 5000, 10000]}}"}
{"op_code":5,"worker_id":"783ecce1-a686-4a5d-8e34-a7488920e629-8316722560","trial_id":0,"param_name":"update_every","param_value_internal":1,"distribution":"{\"name\": \"CategoricalDistribution\", \"attributes\": {\"choices\": [1, 2, 4]}}"}
{"op_code":5,"worker_id":"783ecce1-a686-4a5d-8e34-a7488920e629-8316722560","trial_id":0,"param_name":"buffer","param_value_internal":2,"distribution":"{\"name\": \"CategoricalDistribution\", \"attributes\": {\"choices\": [50000, 100000, 200000, 400000]}}"}
{"op_code":5,"worker_id":"783ecce1-a686-4a5d-8e34-a7488920e629-8316722560","trial_id":0,"param_name":"eps_end","param_value_internal":0.05,"distribution":"{\"name\": \"FloatDistribution\", \"attributes\": {\"step\": null, \"low\": 0.01, \"high\": 0.1, \"log\": false}}"}
{"op_code":5,"worker_id":"783ecce1-a686-4a5d-8e34-a7488920e629-8316722560","trial_id":0,"param_name":"eps_decay_frac","param_value_internal":0.4,"distribution":"{\"name\": \"FloatDistribution\", \"attributes\": {\"step\": null, \"low\": 0.1, \"high\": 0.6, \"log\": false}}"}
{"op_code":5,"worker_id":"783ecce1-a686-4a5d-8e34-a7488920e629-8316722560","trial_id":0,"param_name":"reward_scale","param_value_internal":20.0,"distribution":"{\"name\": \"FloatDistribution\", \"attributes\": {\"step\": null, \"low\": 5.0, \"high\": 80.0, \"log\": true}}"}
{"op_code":5,"worker_id":"783ecce1-a686-4a5d-8e34-a7488920e629-8316722560","trial_id":0,"param_name":"episode_days","param_value_internal":1,"distribution":"{\"name\": \"CategoricalDistribution\", \"attributes\": {\"choices\": [3, 7, 14]}}"}
{"op_code":8,"worker_id":"783ecce1-a686-4a5d-8e34-a7488920e629-8316722560","trial_id":0,"user_attr":{"tag":"c786e19681740"}}
{"op_code":8,"worker_id":"783ecce1-a686-4a5d-8e34-a7488920e629-8316722560","trial_id":0,"user_attr":{"overrides":{"gamma":0.997,"n_step":1,"lr":0.001,"batch":128,"hidden":128,"target_sync":2000,"update_every":2,"buffer":200000,"eps_end":0.05,"eps_decay_frac":0.4,"reward_scale":20.0,"episode_days":7}}}
{"op_code":4,"worker_id":"783ecce1-a686-4a5d-8e34-a7488920e629-8316722560","study_id":0,"datetime_start":"2026-10-08T03:57:38.565235"}
{"op_code":5,"worker_id":"783ecce1-a686-4a5d-8e34-a7488920e629-8316722560","trial_id":1,"param_name":"lr","param_value_internal":0.0006466422717414558,"distribution":"{\"name\": \"FloatDistribution\", \"attributes\": {\"step\": null, \"low\": 0.0001, \"high\": 0.003, \"log\": true}}"}
{"op_code":5,"worker_id":"783ecce1-a686-4a5d-8e34-a7488920e629-8316722560","trial_id":1,"param_name":"gamma","param_value_internal":0.993588597961076,"distribution":"{\"name\": \"FloatDistribution\", \"attributes\": {\"step\": null, \"low\": 0.98, \"high\": 0.999, \"log\": false}}"}
{"op_code":5,"worker_id":"783ecce1-a686-4a5d-8e34-a7488920e629-8316722560","trial_id":1,"param_name":"n_step","param_value_internal":3,"distribution":"{\"name\": \"CategoricalDistribution\", \"attributes\": {\"choices\": [1, 2, 4, 8, 16]}}"}
{"op_code":5,"worker_id":"783ecce1-a686-4a5d-8e34-a7488920e629-8316722560","trial_id":1,"param_name":"batch","param_value_internal":1,"distribution":"{\"name\": \"CategoricalDistribution\", \"attributes\": {\"choices\": [64, 128, 256]}}"}
{"op_code":5,"worker_id":"783ecce1-a686-4a5d-8e34-a7488920e629-8316722560","trial_id":1,"param_name":"hidden","param_value_internal":0,"distribution":"{\"name\": \"CategoricalDistribution\", \"attributes\": {\"choices\": [64, 128, 256]}}"}
{"op_code":5,"worker_id":"783ecce1-a686-4a5d-8e34-a7488920e629-8316722560","trial_id":1,"param_name":"target_sync","param_value_internal":0,"distribution":"{\"name\": \"CategoricalDistribution\", \"attributes\": {\"choices\": [500, 1000, 2000, 5000, 10000]}}"}
{"op_code":5,"worker_id":"783ecce1-a686-4a5d-8e34-a7488920e629-8316722560","trial_id":1,"param_name":"update_every","param_value_internal":2,"distribution":"{\"name\": \"CategoricalDistribution\", \"attributes\": {\"choices\": [1, 2, 4]}}"}
{"op_code":5,"worker_id":"783ecce1-a686-4a5d-8e34-a7488920e629-8316722560","trial_id":1,"param_name":"buffer","param_value_internal":0,"distribution":"{\"name\": \"CategoricalDistribution\", \"attributes\": {\"choices\": [50000, 100000, 200000, 400000]}}"}
{"op_code":5,"worker_id":"783ecce1-a686-4a5d-8e34-a7488920e629-8316722560","trial_id":1,"param_name":"eps_end","param_value_internal":0.06759289191947715,"distribution":"{\"name\": \"FloatDistribution\", \"attributes\": {\"step\": null, \"low\": 0.01, \"high\": 0.1, \"log\": false}}"}
{"op_code":5,"worker_id":"783ecce1-a686-4a5d-8e34-a7488920e629-8316722560","trial_id":1,"param_name":"eps_decay_frac","param_value_internal":0.1716766437045232,"distribution":"{\"name\": \"FloatDistribution\", \"attributes\": {\"step\": null, \"low\": 0.1, \"high\": 0.6, \"log\": false}}"}
{"op_code":5,"worker_id":"783ecce1-a686-4a5d-8e34-a7488920e629-8316722560","trial_id":1,"param_name":"reward_scale","param_value_internal":68.62221376260533,"distribution":"{\"name\": \"FloatDistribution\", \"attributes\": {\"step\": null, \"low\": 5.0, \"high\": 80.0, \"log\": true}}"}
{"op_code":5,"worker_id":"783ecce1-a686-4a5d-8e34-a7488920e629-8316722560","trial_id":1,"param_name":"episode_days","param_value_internal":0,"distribution":"{\"name\": \"CategoricalDistribution\", \"attributes\": {\"choices\": [3, 7, 14]}}"}
{"op_code":8,"worker_id":"783ecce1-a686-4a5d-8e34-a7488920e629-8316722560","trial_id":1,"user_attr":{"tag":"c55454b7f9364"}}
{"op_code":8,"worker_id":"783ecce1-a686-4a5d-8e34-a7488920e629-8316722560","trial_id":1,"user_attr":{"overrides":{"gamma":0.993588597961076,"n_step":8,"lr":0.0006466422717414558,"batch":128,"hidden":64,"target_sync":500,"update_every":4,"buffer":50000,"eps_end":0.06759289191947715,"eps_decay_frac":0.1716766437045232,"reward_scale":68.62221376260533,"episode_days":3}}}
{"op_code":7,"worker_id":"783ecce1-a686-4a5d-8e34-a7488920e629-8316722560","trial_id":0,"step":3,"intermediate_value":31.36091911620386}
{"op_code":7,"worker_id":"783ecce1-a686-4a5d-8e34-a7488920e629-8316722560","trial_id":1,"step":3,"intermediate_value":23.322625625523926}
{"op_code":7,"worker_id":"783ecce1-a686-4a5d-8e34-a7488920e629-8316722560","trial_id":0,"step":8,"intermediate_value":36.455936068774804}
{"op_code":8,"worker_id":"783ecce1-a686-4a5d-8e34-a7488920e629-8316722560","trial_id":0,"user_attr":{"hh_saving":{"254":31.016082076238913,"185":29.565740181754354,"230":33.50093509061831,"266":36.21004484176879,"145":41.26543771402541,"229":26.246094637968927,"300":65.06866834574431,"69":28.77448566207945}}}
{"op_code":8,"worker_id":"783ecce1-a686-4a5d-8e34-a7488920e629-8316722560","trial_id":0,"user_attr":{"val_efc_mean":37.82869284375}}
{"op_code":8,"worker_id":"783ecce1-a686-4a5d-8e34-a7488920e629-8316722560","trial_id":0,"user_attr":{"converged_share":0.875}}
{"op_code":8,"worker_id":"783ecce1-a686-4a5d-8e34-a7488920e629-8316722560","trial_id":0,"user_attr":{"wall_s":430.37726378440857}}
{"op_code":6,"worker_id":"783ecce1-a686-4a5d-8e34-a7488920e629-8316722560","trial_id":0,"state":1,"values":[36.455936068774804],"datetime_complete":"2026-10-08T04:03:09.469734"}
{"op_code":4,"worker_id":"783ecce1-a686-4a5d-8e34-a7488920e629-8316722560","study_id":0,"datetime_start":"2026-10-08T04:04:08.182422"}
{"op_code":5,"worker_id":"783ecce1-a686-4a5d-8e34-a7488920e629-8316722560","trial_id":2,"param_name":"lr","param_value_internal":0.001391992959827487,"distribution":"{\"name\": \"FloatDistribution\", \"attributes\": {\"step\": null, \"low\": 0.0001, \"high\": 0.003, \"log\": true}}"}
{"op_code":5,"worker_id":"783ecce1-a686-4a5d-8e34-a7488920e629-8316722560","trial_id":2,"param_name":"gamma","param_value_internal":0.9886668563121144,"distribution":"{\"name\": \"FloatDistribution\", \"attributes\": {\"step\": null, \"low\": 0.98, \"high\": 0.999, \"log\": false}}"}
{"op_code":5,"worker_id":"783ecce1-a686-4a5d-8e34-a7488920e629-8316722560","trial_id":2,"param_name":"n_step","param_value_internal":2,"distribution":"{\"name\": \"CategoricalDistribution\", \"attributes\": {\"choices\": [1, 2, 4, 8, 16]}}"}
{"op_code":5,"worker_id":"783ecce1-a686-4a5d-8e34-a7488920e629-8316722560","trial_id":2,"param_name":"batch","param_value_internal":0,"distribution":"{\"name\": \"CategoricalDistribution\", \"attributes\": {\"choices\": [64, 128, 256]}}"}
{"op_code":5,"worker_id":"783ecce1-a686-4a5d-8e34-a7488920e629-8316722560","trial_id":2,"param_name":"hidden","param_value_internal":1,"distribution":"{\"name\": \"CategoricalDistribution\", \"attributes\": {\"choices\": [64, 128, 256]}}"}
{"op_code":5,"worker_id":"783ecce1-a686-4a5d-8e34-a7488920e629-8316722560","trial_id":2,"param_name":"target_sync","param_value_internal":1,"distribution":"{\"name\": \"CategoricalDistribution\", \"attributes\": {\"choices\": [500, 1000, 2000, 5000, 10000]}}"}
{"op_code":5,"worker_id":"783ecce1-a686-4a5d-8e34-a7488920e629-8316722560","trial_id":2,"param_name":"update_every","param_value_internal":1,"distribution":"{\"name\": \"CategoricalDistribution\", \"attributes\": {\"choices\": [1, 2, 4]}}"}
{"op_code":5,"worker_id":"783ecce1-a686-4a5d-8e34-a7488920e629-8316722560","trial_id":2,"param_name":"buffer","param_value_internal":0,"distribution":"{\"name\": \"CategoricalDistribution\", \"attributes\": {\"choices\": [50000, 100000, 200000, 400000]}}"}
{"op_code":5,"worker_id":"783ecce1-a686-4a5d-8e34-a7488920e629-8316722560","trial_id":2,"param_name":"eps_end","param_value_internal":0.06877974929188586,"distribution":"{\"name\": \"FloatDistribution\", \"attributes\": {\"step\": null, \"low\": 0.01, \"high\": 0.1, \"log\": false}}"}
{"op_code":5,"worker_id":"783ecce1-a686-4a5d-8e34-a7488920e629-8316722560","trial_id":2,"param_name":"eps_decay_frac","param_value_internal":0.22664580126989106,"distribution":"{\"name\": \"FloatDistribution\", \"attributes\": {\"step\": null, \"low\": 0.1, \"high\": 0.6, \"log\": false}}"}
{"op_code":5,"worker_id":"783ecce1-a686-4a5d-8e34-a7488920e629-8316722560","trial_id":2,"param_name":"reward_scale","param_value_internal":18.21646585379769,"distribution":"{\"name\": \"FloatDistribution\", \"attributes\": {\"step\": null, \"low\": 5.0, \"high\": 80.0, \"log\": true}}"}
{"op_code":5,"worker_id":"783ecce1-a686-4a5d-8e34-a7488920e629-8316722560","trial_id":2,"param_name":"episode_days","param_value_internal":0,"distribution":"{\"name\": \"CategoricalDistribution\", \"attributes\": {\"choices\": [3, 7, 14]}}"}
{"op_code":8,"worker_id":"783ecce1-a686-4a5d-8e34-a7488920e629-8316722560","trial_id":2,"user_attr":{"tag":"c7d491876936b"}}
{"op_code":8,"worker_id":"783ecce1-a686-4a5d-8e34-a7488920e629-8316722560","trial_id":2,"user_attr":{"overrides":{"gamma":0.9886668563121144,"n_step":4,"lr":0.001391992959827487,"batch":64,"hidden":128,"target_sync":1000,"update_every":2,"buffer":50000,"eps_end":0.06877974929188586,"eps_decay_frac":0.22664580126989106,"reward_scale":18.21646585379769,"episode_days":3}}}
{"op_code":7,"worker_id":"783ecce1-a686-4a5d-8e34-a7488920e629-8316722560","trial_id":1,"step":8,"intermediate_value":34.32857210792459}
{"op_code":8,"worker_id":"783ecce1-a686-4a5d-8e34-a7488920e629-8316722560","trial_id":1,"user_attr":{"hh_saving":{"254":30.838142676121645,"185":9.502642695591199,"230":29.627091504858935,"266":36.27469658578829,"145":42.38864534615618,"229":26.381048814777547,"300":69.75263934572658,"69":29.863669894376375}}}
{"op_code":8,"worker_id":"783ecce1-a686-4a5d-8e34-a7488920e629-8316722560","trial_id":1,"user_attr":{"val_efc_mean":35.57026498632812}}
{"op_code":8,"worker_id":"783ecce1-a686-4a5d-8e34-a7488920e629-8316722560","trial_id":1,"user_attr":{"converged_share":1.0}}
{"op_code":8,"worker_id":"783ecce1-a686-4a5d-8e34-a7488920e629-8316722560","trial_id":1,"user_attr":{"wall_s":430.7296209335327}}
{"op_code":6,"worker_id":"783ecce1-a686-4a5d-8e34-a7488920e629-8316722560","trial_id":1,"state":1,"values":[34.32857210792459],"datetime_complete":"2026-10-08T04:04:49.301827"}
{"op_code":4,"worker_id":"783ecce1-a686-4a5d-8e34-a7488920e629-8316722560","study_id":0,"datetime_start":"2026-10-08T04:05:30.320735"}
{"op_code":5,"worker_id":"783ecce1-a686-4a5d-8e34-a7488920e629-8316722560","trial_id":3,"param_name":"lr","param_value_internal":0.0009321340801728939,"distribution":"{\"name\": \"FloatDistribution\", \"attributes\": {\"step\": null, \"low\": 0.0001, \"high\": 0.003, \"log\": true}}"}
{"op_code":5,"worker_id":"783ecce1-a686-4a5d-8e34-a7488920e629-8316722560","trial_id":3,"param_name":"gamma","param_value_internal":0.9826254760756237,"distribution":"{\"name\": \"FloatDistribution\", \"attributes\": {\"step\": null, \"low\": 0.98, \"high\": 0.999, \"log\": false}}"}
{"op_code":5,"worker_id":"783ecce1-a686-4a5d-8e34-a7488920e629-8316722560","trial_id":3,"param_name":"n_step","param_value_internal":4,"distribution":"{\"name\": \"CategoricalDistribution\", \"attributes\": {\"choices\": [1, 2, 4, 8, 16]}}"}
{"op_code":5,"worker_id":"783ecce1-a686-4a5d-8e34-a7488920e629-8316722560","trial_id":3,"param_name":"batch","param_value_internal":1,"distribution":"{\"name\": \"CategoricalDistribution\", \"attributes\": {\"choices\": [64, 128, 256]}}"}
{"op_code":5,"worker_id":"783ecce1-a686-4a5d-8e34-a7488920e629-8316722560","trial_id":3,"param_name":"hidden","param_value_internal":0,"distribution":"{\"name\": \"CategoricalDistribution\", \"attributes\": {\"choices\": [64, 128, 256]}}"}
{"op_code":5,"worker_id":"783ecce1-a686-4a5d-8e34-a7488920e629-8316722560","trial_id":3,"param_name":"target_sync","param_value_internal":3,"distribution":"{\"name\": \"CategoricalDistribution\", \"attributes\": {\"choices\": [500, 1000, 2000, 5000, 10000]}}"}
{"op_code":5,"worker_id":"783ecce1-a686-4a5d-8e34-a7488920e629-8316722560","trial_id":3,"param_name":"update_every","param_value_internal":1,"distribution":"{\"name\": \"CategoricalDistribution\", \"attributes\": {\"choices\": [1, 2, 4]}}"}
{"op_code":5,"worker_id":"783ecce1-a686-4a5d-8e34-a7488920e629-8316722560","trial_id":3,"param_name":"buffer","param_value_internal":0,"distribution":"{\"name\": \"CategoricalDistribution\", \"attributes\": {\"choices\": [50000, 100000, 200000, 400000]}}"}
{"op_code":5,"worker_id":"783ecce1-a686-4a5d-8e34-a7488920e629-8316722560","trial_id":3,"param_name":"eps_end","param_value_internal":0.018454645968259752,"distribution":"{\"name\": \"FloatDistribution\", \"attributes\": {\"step\": null, \"low\": 0.01, \"high\": 0.1, \"log\": false}}"}
{"op_code":5,"worker_id":"783ecce1-a686-4a5d-8e34-a7488920e629-8316722560","trial_id":3,"param_name":"eps_decay_frac","param_value_internal":0.3879732477780896,"distribution":"{\"name\": \"FloatDistribution\", \"attributes\": {\"step\": null, \"low\": 0.1, \"high\": 0.6, \"log\": false}}"}
{"op_code":5,"worker_id":"783ecce1-a686-4a5d-8e34-a7488920e629-8316722560","trial_id":3,"param_name":"reward_scale","param_value_internal":65.75883728840533,"distribution":"{\"name\": \"FloatDistribution\", \"attributes\": {\"step\": null, \"low\": 5.0, \"high\": 80.0, \"log\": true}}"}
{"op_code":5,"worker_id":"783ecce1-a686-4a5d-8e34-a7488920e629-8316722560","trial_id":3,"param_name":"episode_days","param_value_internal":1,"distribution":"{\"name\": \"CategoricalDistribution\", \"attributes\": {\"choices\": [3, 7, 14]}}"}
{"op_code":8,"worker_id":"783ecce1-a686-4a5d-8e34-a7488920e629-8316722560","trial_id":3,"user_attr":{"tag":"ca0467119e602"}}
{"op_code":8,"worker_id":"783ecce1-a686-4a5d-8e34-a7488920e629-8316722560","trial_id":3,"user_attr":{"overrides":{"gamma":0.9826254760756237,"n_step":16,"lr":0.0009321340801728939,"batch":128,"hidden":64,"target_sync":5000,"update_every":2,"buffer":50000,"eps_end":0.018454645968259752,"eps_decay_frac":0.3879732477780896,"reward_scale":65.75883728840533,"episode_days":7}}}
{"op_code":7,"worker_id":"783ecce1-a686-4a5d-8e34-a7488920e629-8316722560","trial_id":2,"step":3,"intermediate_value":21.18566256408135}
{"op_code":7,"worker_id":"783ecce1-a686-4a5d-8e34-a7488920e629-8316722560","trial_id":3,"step":3,"intermediate_value":22.88786618609541}
{"op_code":7,"worker_id":"783ecce1-a686-4a5d-8e34-a7488920e629-8316722560","trial_id":2,"step":8,"intermediate_value":31.35904753227849}
{"op_code":8,"worker_id":"783ecce1-a686-4a5d-8e34-a7488920e629-8316722560","trial_id":2,"user_attr":{"hh_saving":{"254":28.10749271492923,"185":11.792354787013704,"230":23.657140190301124,"266":31.58756383874218,"145":39.31790139600893,"229":23.240161647384895,"300":67.55052425575539,"69":25.61924142809245}}}
{"op_code":8,"worker_id":"783ecce1-a686-4a5d-8e34-a7488920e629-8316722560","trial_id":2,"user_attr":{"val_efc_mean":28.286963568749997}}
{"op_code":8,"worker_id":"783ecce1-a686-4a5d-8e34-a7488920e629-8316722560","trial_id":2,"user_attr":{"converged_share":1.0}}
{"op_code":8,"worker_id":"783ecce1-a686-4a5d-8e34-a7488920e629-8316722560","trial_id":2,"user_attr":{"wall_s":405.5973060131073}}
{"op_code":6,"worker_id":"783ecce1-a686-4a5d-8e34-a7488920e629-8316722560","trial_id":2,"state":1,"values":[31.35904753227849],"datetime_complete":"2026-10-08T04:10:53.786710"}
{"op_code":4,"worker_id":"783ecce1-a686-4a5d-8e34-a7488920e629-8316722560","study_id":0,"datetime_start":"2026-10-08T04:12:45.697070"}
{"op_code":5,"worker_id":"783ecce1-a686-4a5d-8e34-a7488920e629-8316722560","trial_id":4,"param_name":"lr","param_value_internal":0.001143147151581591,"distribution":"{\"name\": \"FloatDistribution\", \"attributes\": {\"step\": null, \"low\": 0.0001, \"high\": 0.003, \"log\": true}}"}
{"op_code":5,"worker_id":"783ecce1-a686-4a5d-8e34-a7488920e629-8316722560","trial_id":4,"param_name":"gamma","param_value_internal":0.9854987157659968,"distribution":"{\"name\": \"FloatDistribution\", \"attributes\": {\"step\": null, \"low\": 0.98, \"high\": 0.999, \"log\": false}}"}
{"op_code":5,"worker_id":"783ecce1-a686-4a5d-8e34-a7488920e629-8316722560","trial_id":4,"param_name":"n_step","param_value_internal":3,"distribution":"{\"name\": \"CategoricalDistribution\", \"attributes\": {\"choices\": [1, 2, 4, 8, 16]}}"}
{"op_code":5,"worker_id":"783ecce1-a686-4a5d-8e34-a7488920e629-8316722560","trial_id":4,"param_name":"batch","param_value_internal":2,"distribution":"{\"name\": \"CategoricalDistribution\", \"attributes\": {\"choices\": [64, 128, 256]}}"}
{"op_code":5,"worker_id":"783ecce1-a686-4a5d-8e34-a7488920e629-8316722560","trial_id":4,"param_name":"hidden","param_value_internal":0,"distribution":"{\"name\": \"CategoricalDistribution\", \"attributes\": {\"choices\": [64, 128, 256]}}"}
{"op_code":5,"worker_id":"783ecce1-a686-4a5d-8e34-a7488920e629-8316722560","trial_id":4,"param_name":"target_sync","param_value_internal":3,"distribution":"{\"name\": \"CategoricalDistribution\", \"attributes\": {\"choices\": [500, 1000, 2000, 5000, 10000]}}"}
{"op_code":5,"worker_id":"783ecce1-a686-4a5d-8e34-a7488920e629-8316722560","trial_id":4,"param_name":"update_every","param_value_internal":0,"distribution":"{\"name\": \"CategoricalDistribution\", \"attributes\": {\"choices\": [1, 2, 4]}}"}
{"op_code":5,"worker_id":"783ecce1-a686-4a5d-8e34-a7488920e629-8316722560","trial_id":4,"param_name":"buffer","param_value_internal":2,"distribution":"{\"name\": \"CategoricalDistribution\", \"attributes\": {\"choices\": [50000, 100000, 200000, 400000]}}"}
{"op_code":5,"worker_id":"783ecce1-a686-4a5d-8e34-a7488920e629-8316722560","trial_id":4,"param_name":"eps_end","param_value_internal":0.08935618256693677,"distribution":"{\"name\": \"FloatDistribution\", \"attributes\": {\"step\": null, \"low\": 0.01, \"high\": 0.1, \"log\": false}}"}
{"op_code":5,"worker_id":"783ecce1-a686-4a5d-8e34-a7488920e629-8316722560","trial_id":4,"param_name":"eps_decay_frac","param_value_internal":0.446265795038883,"distribution":"{\"name\": \"FloatDistribution\", \"attributes\": {\"step\": null, \"low\": 0.1, \"high\": 0.6, \"log\": false}}"}
{"op_code":5,"worker_id":"783ecce1-a686-4a5d-8e34-a7488920e629-8316722560","trial_id":4,"param_name":"reward_scale","param_value_internal":37.34764096780105,"distribution":"{\"name\": \"FloatDistribution\", \"attributes\": {\"step\": null, \"low\": 5.0, \"high\": 80.0, \"log\": true}}"}
{"op_code":5,"worker_id":"783ecce1-a686-4a5d-8e34-a7488920e629-8316722560","trial_id":4,"param_name":"episode_days","param_value_internal":1,"distribution":"{\"name\": \"CategoricalDistribution\", \"attributes\": {\"choices\": [3, 7, 14]}}"}
{"op_code":8,"worker_id":"783ecce1-a686-4a5d-8e34-a7488920e629-8316722560","trial_id":4,"user_attr":{"tag":"cbdf108ea9349"}}
{"op_code":8,"worker_id":"783ecce1-a686-4a5d-8e34-a7488920e629-8316722560","trial_id":4,"user_attr":{"overrides":{"gamma":0.9854987157659968,"n_step":8,"lr":0.001143147151581591,"batch":256,"hidden":64,"target_sync":5000,"update_every":1,"buffer":200000,"eps_end":0.08935618256693677,"eps_decay_frac":0.446265795038883,"reward_scale":37.34764096780105,"episode_days":7}}}
{"op_code":7,"worker_id":"783ecce1-a686-4a5d-8e34-a7488920e629-8316722560","trial_id":3,"step":8,"intermediate_value":33.13010027439583}
{"op_code":8,"worker_id":"783ecce1-a686-4a5d-8e34-a7488920e629-8316722560","trial_id":3,"user_attr":{"hh_saving":{"254":30.323499258493797,"185":11.327182887208217,"230":27.012916412584207,"266":37.86083024308282,"145":41.34983282097794,"229":19.367196086169,"300":70.33057070172579,"69":27.468773784924867}}}
{"op_code":8,"worker_id":"783ecce1-a686-4a5d-8e34-a7488920e629-8316722560","trial_id":3,"user_attr":{"val_efc_mean":30.080414631249994}}
{"op_code":8,"worker_id":"783ecce1-a686-4a5d-8e34-a7488920e629-8316722560","trial_id":3,"user_attr":{"converged_share":1.0}}
{"op_code":8,"worker_id":"783ecce1-a686-4a5d-8e34-a7488920e629-8316722560","trial_id":3,"user_attr":{"wall_s":512.9786021709442}}
{"op_code":6,"worker_id":"783ecce1-a686-4a5d-8e34-a7488920e629-8316722560","trial_id":3,"state":1,"values":[33.13010027439583],"datetime_complete":"2026-10-08T04:14:03.306504"}
{"op_code":4,"worker_id":"783ecce1-a686-4a5d-8e34-a7488920e629-8316722560","study_id":0,"datetime_start":"2026-10-08T04:14:57.833907"}
{"op_code":5,"worker_id":"783ecce1-a686-4a5d-8e34-a7488920e629-8316722560","trial_id":5,"param_name":"lr","param_value_internal":0.00042275164009130105,"distribution":"{\"name\": \"FloatDistribution\", \"attributes\": {\"step\": null, \"low\": 0.0001, \"high\": 0.003, \"log\": true}}"}
{"op_code":5,"worker_id":"783ecce1-a686-4a5d-8e34-a7488920e629-8316722560","trial_id":5,"param_name":"gamma","param_value_internal":0.9915214710684306,"distribution":"{\"name\": \"FloatDistribution\", \"attributes\": {\"step\": null, \"low\": 0.98, \"high\": 0.999, \"log\": false}}"}
{"op_code":5,"worker_id":"783ecce1-a686-4a5d-8e34-a7488920e629-8316722560","trial_id":5,"param_name":"n_step","param_value_internal":2,"distribution":"{\"name\": \"CategoricalDistribution\", \"attributes\": {\"choices\": [1, 2, 4, 8, 16]}}"}
{"op_code":5,"worker_id":"783ecce1-a686-4a5d-8e34-a7488920e629-8316722560","trial_id":5,"param_name":"batch","param_value_internal":0,"distribution":"{\"name\": \"CategoricalDistribution\", \"attributes\": {\"choices\": [64, 128, 256]}}"}
{"op_code":5,"worker_id":"783ecce1-a686-4a5d-8e34-a7488920e629-8316722560","trial_id":5,"param_name":"hidden","param_value_internal":1,"distribution":"{\"name\": \"CategoricalDistribution\", \"attributes\": {\"choices\": [64, 128, 256]}}"}
{"op_code":5,"worker_id":"783ecce1-a686-4a5d-8e34-a7488920e629-8316722560","trial_id":5,"param_name":"target_sync","param_value_internal":3,"distribution":"{\"name\": \"CategoricalDistribution\", \"attributes\": {\"choices\": [500, 1000, 2000, 5000, 10000]}}"}
{"op_code":5,"worker_id":"783ecce1-a686-4a5d-8e34-a7488920e629-8316722560","trial_id":5,"param_name":"update_every","param_value_internal":1,"distribution":"{\"name\": \"CategoricalDistribution\", \"attributes\": {\"choices\": [1, 2, 4]}}"}
{"op_code":5,"worker_id":"783ecce1-a686-4a5d-8e34-a7488920e629-8316722560","trial_id":5,"param_name":"buffer","param_value_internal":2,"distribution":"{\"name\": \"CategoricalDistribution\", \"attributes\": {\"choices\": [50000, 100000, 200000, 400000]}}"}
{"op_code":5,"worker_id":"783ecce1-a686-4a5d-8e34-a7488920e629-8316722560","trial_id":5,"param_name":"eps_end","param_value_internal":0.099896230591108,"distribution":"{\"name\": \"FloatDistribution\", \"attributes\": {\"step\": null, \"low\": 0.01, \"high\": 0.1, \"log\": false}}"}
{"op_code":5,"worker_id":"783ecce1-a686-4a5d-8e34-a7488920e629-8316722560","trial_id":5,"param_name":"eps_decay_frac","param_value_internal":0.17472415232899688,"distribution":"{\"name\": \"FloatDistribution\", \"attributes\": {\"step\": null, \"low\": 0.1, \"high\": 0.6, \"log\": false}}"}
{"op_code":5,"worker_id":"783ecce1-a686-4a5d-8e34-a7488920e629-8316722560","trial_id":5,"param_name":"reward_scale","param_value_internal":55.5006331378049,"distribution":"{\"name\": \"FloatDistribution\", \"attributes\": {\"step\": null, \"low\": 5.0, \"high\": 80.0, \"log\": true}}"}
{"op_code":5,"worker_id":"783ecce1-a686-4a5d-8e34-a7488920e629-8316722560","trial_id":5,"param_name":"episode_days","param_value_internal":1,"distribution":"{\"name\": \"CategoricalDistribution\", \"attributes\": {\"choices\": [3, 7, 14]}}"}
{"op_code":8,"worker_id":"783ecce1-a686-4a5d-8e34-a7488920e629-8316722560","trial_id":5,"user_attr":{"tag":"cc57cce42a4ab"}}
{"op_code":8,"worker_id":"783ecce1-a686-4a5d-8e34-a7488920e629-8316722560","trial_id":5,"user_attr":{"overrides":{"gamma":0.9915214710684306,"n_step":4,"lr":0.00042275164009130105,"batch":64,"hidden":128,"target_sync":5000,"update_every":2,"buffer":200000,"eps_end":0.099896230591108,"eps_decay_frac":0.17472415232899688,"reward_scale":55.5006331378049,"episode_days":7}}}
{"op_code":7,"worker_id":"783ecce1-a686-4a5d-8e34-a7488920e629-8316722560","trial_id":4,"step":3,"intermediate_value":25.557738506809937}
{"op_code":7,"worker_id":"783ecce1-a686-4a5d-8e34-a7488920e629-8316722560","trial_id":5,"step":3,"intermediate_value":30.304940506838268}
{"op_code":7,"worker_id":"783ecce1-a686-4a5d-8e34-a7488920e629-8316722560","trial_id":4,"step":8,"intermediate_value":35.29766060950435}
{"op_code":8,"worker_id":"783ecce1-a686-4a5d-8e34-a7488920e629-8316722560","trial_id":4,"user_attr":{"hh_saving":{"254":30.014849681619463,"185":20.28670083809816,"230":26.371665000712177,"266":38.44333363875067,"145":42.93155928470337,"229":22.71244511864745,"300":71.20058945960874,"69":30.42014185389477}}}
{"op_code":8,"worker_id":"783ecce1-a686-4a5d-8e34-a7488920e629-8316722560","trial_id":4,"user_attr":{"val_efc_mean":32.869799659375}}
{"op_code":8,"worker_id":"783ecce1-a686-4a5d-8e34-a7488920e629-8316722560","trial_id":4,"user_attr":{"converged_share":0.875}}
{"op_code":8,"worker_id":"783ecce1-a686-4a5d-8e34-a7488920e629-8316722560","trial_id":4,"user_attr":{"wall_s":782.8012192249298}}
{"op_code":6,"worker_id":"783ecce1-a686-4a5d-8e34-a7488920e629-8316722560","trial_id":4,"state":1,"values":[35.29766060950435],"datetime_complete":"2026-10-08T04:25:48.505148"}
{"op_code":4,"worker_id":"783ecce1-a686-4a5d-8e34-a7488920e629-8316722560","study_id":0,"datetime_start":"2026-10-08T04:26:28.483823"}
{"op_code":5,"worker_id":"783ecce1-a686-4a5d-8e34-a7488920e629-8316722560","trial_id":6,"param_name":"lr","param_value_internal":0.0017890026328340875,"distribution":"{\"name\": \"FloatDistribution\", \"attributes\": {\"step\": null, \"low\": 0.0001, \"high\": 0.003, \"log\": true}}"}
{"op_code":5,"worker_id":"783ecce1-a686-4a5d-8e34-a7488920e629-8316722560","trial_id":6,"param_name":"gamma","param_value_internal":0.9953390602157752,"distribution":"{\"name\": \"FloatDistribution\", \"attributes\": {\"step\": null, \"low\": 0.98, \"high\": 0.999, \"log\": false}}"}
{"op_code":5,"worker_id":"783ecce1-a686-4a5d-8e34-a7488920e629-8316722560","trial_id":6,"param_name":"n_step","param_value_internal":3,"distribution":"{\"name\": \"CategoricalDistribution\", \"attributes\": {\"choices\": [1, 2, 4, 8, 16]}}"}
{"op_code":5,"worker_id":"783ecce1-a686-4a5d-8e34-a7488920e629-8316722560","trial_id":6,"param_name":"batch","param_value_internal":2,"distribution":"{\"name\": \"CategoricalDistribution\", \"attributes\": {\"choices\": [64, 128, 256]}}"}
{"op_code":5,"worker_id":"783ecce1-a686-4a5d-8e34-a7488920e629-8316722560","trial_id":6,"param_name":"hidden","param_value_internal":0,"distribution":"{\"name\": \"CategoricalDistribution\", \"attributes\": {\"choices\": [64, 128, 256]}}"}
{"op_code":5,"worker_id":"783ecce1-a686-4a5d-8e34-a7488920e629-8316722560","trial_id":6,"param_name":"target_sync","param_value_internal":0,"distribution":"{\"name\": \"CategoricalDistribution\", \"attributes\": {\"choices\": [500, 1000, 2000, 5000, 10000]}}"}
{"op_code":5,"worker_id":"783ecce1-a686-4a5d-8e34-a7488920e629-8316722560","trial_id":6,"param_name":"update_every","param_value_internal":1,"distribution":"{\"name\": \"CategoricalDistribution\", \"attributes\": {\"choices\": [1, 2, 4]}}"}
{"op_code":5,"worker_id":"783ecce1-a686-4a5d-8e34-a7488920e629-8316722560","trial_id":6,"param_name":"buffer","param_value_internal":1,"distribution":"{\"name\": \"CategoricalDistribution\", \"attributes\": {\"choices\": [50000, 100000, 200000, 400000]}}"}
{"op_code":5,"worker_id":"783ecce1-a686-4a5d-8e34-a7488920e629-8316722560","trial_id":6,"param_name":"eps_end","param_value_internal":0.024822474084812148,"distribution":"{\"name\": \"FloatDistribution\", \"attributes\": {\"step\": null, \"low\": 0.01, \"high\": 0.1, \"log\": false}}"}
{"op_code":5,"worker_id":"783ecce1-a686-4a5d-8e34-a7488920e629-8316722560","trial_id":6,"param_name":"eps_decay_frac","param_value_internal":0.4107392007498818,"distribution":"{\"name\": \"FloatDistribution\", \"attributes\": {\"step\": null, \"low\": 0.1, \"high\": 0.6, \"log\": false}}"}
{"op_code":5,"worker_id":"783ecce1-a686-4a5d-8e34-a7488920e629-8316722560","trial_id":6,"param_name":"reward_scale","param_value_internal":24.775503114411453,"distribution":"{\"name\": \"FloatDistribution\", \"attributes\": {\"step\": null, \"low\": 5.0, \"high\": 80.0, \"log\": true}}"}
{"op_code":5,"worker_id":"783ecce1-a686-4a5d-8e34-a7488920e629-8316722560","trial_id":6,"param_name":"episode_days","param_value_internal":1,"distribution":"{\"name\": \"CategoricalDistribution\", \"attributes\": {\"choices\": [3, 7, 14]}}"}
{"op_code":8,"worker_id":"783ecce1-a686-4a5d-8e34-a7488920e629-8316722560","trial_id":6,"user_attr":{"tag":"c1c19ec15746d"}}
{"op_code":8,"worker_id":"783ecce1-a686-4a5d-8e34-a7488920e629-8316722560","trial_id":6,"user_attr":{"overrides":{"gamma":0.9953390602157752,"n_step":8,"lr":0.0017890026328340875,"batch":256,"hidden":64,"target_sync":500,"update_every":2,"buffer":100000,"eps_end":0.024822474084812148,"eps_decay_frac":0.4107392007498818,"reward_scale":24.775503114411453,"episode_days":7}}}
{"op_code":7,"worker_id":"783ecce1-a686-4a5d-8e34-a7488920e629-8316722560","trial_id":5,"step":8,"intermediate_value":38.964023164366075}
{"op_code":8,"worker_id":"783ecce1-a686-4a5d-8e34-a7488920e629-8316722560","trial_id":5,"user_attr":{"hh_saving":{"254":36.60633416077753,"185":21.32659009631358,"230":32.98189726342369,"266":42.337875840120425,"145":43.564201223240595,"229":26.087052980633857,"300":75.32402482585563,"69":33.484208924563276}}}
{"op_code":8,"worker_id":"783ecce1-a686-4a5d-8e34-a7488920e629-8316722560","trial_id":5,"user_attr":{"val_efc_mean":42.023472943749994}}
{"op_code":8,"worker_id":"783ecce1-a686-4a5d-8e34-a7488920e629-8316722560","trial_id":5,"user_attr":{"converged_share":0.875}}
{"op_code":8,"worker_id":"783ecce1-a686-4a5d-8e34-a7488920e629-8316722560","trial_id":5,"user_attr":{"wall_s":746.5413091182709}}
{"op_code":6,"worker_id":"783ecce1-a686-4a5d-8e34-a7488920e629-8316722560","trial_id":5,"state":1,"values":[38.964023164366075],"datetime_complete":"2026-10-08T04:27:24.381495"}
{"op_code":4,"worker_id":"783ecce1-a686-4a5d-8e34-a7488920e629-8316722560","study_id":0,"datetime_start":"2026-10-08T04:27:46.168877"}
{"op_code":5,"worker_id":"783ecce1-a686-4a5d-8e34-a7488920e629-8316722560","trial_id":7,"param_name":"lr","param_value_internal":0.0006182933821259282,"distribution":"{\"name\": \"FloatDistribution\", \"attributes\": {\"step\": null, \"low\": 0.0001, \"high\": 0.003, \"log\": true}}"}
{"op_code":5,"worker_id":"783ecce1-a686-4a5d-8e34-a7488920e629-8316722560","trial_id":7,"param_name":"gamma","param_value_internal":0.9912082895507368,"distribution":"{\"name\": \"FloatDistribution\", \"attributes\": {\"step\": null, \"low\": 0.98, \"high\": 0.999, \"log\": false}}"}
{"op_code":5,"worker_id":"783ecce1-a686-4a5d-8e34-a7488920e629-8316722560","trial_id":7,"param_name":"n_step","param_value_internal":0,"distribution":"{\"name\": \"CategoricalDistribution\", \"attributes\": {\"choices\": [1, 2, 4, 8, 16]}}"}
{"op_code":5,"worker_id":"783ecce1-a686-4a5d-8e34-a7488920e629-8316722560","trial_id":7,"param_name":"batch","param_value_internal":0,"distribution":"{\"name\": \"CategoricalDistribution\", \"attributes\": {\"choices\": [64, 128, 256]}}"}
{"op_code":5,"worker_id":"783ecce1-a686-4a5d-8e34-a7488920e629-8316722560","trial_id":7,"param_name":"hidden","param_value_internal":1,"distribution":"{\"name\": \"CategoricalDistribution\", \"attributes\": {\"choices\": [64, 128, 256]}}"}
{"op_code":5,"worker_id":"783ecce1-a686-4a5d-8e34-a7488920e629-8316722560","trial_id":7,"param_name":"target_sync","param_value_internal":2,"distribution":"{\"name\": \"CategoricalDistribution\", \"attributes\": {\"choices\": [500, 1000, 2000, 5000, 10000]}}"}
{"op_code":5,"worker_id":"783ecce1-a686-4a5d-8e34-a7488920e629-8316722560","trial_id":7,"param_name":"update_every","param_value_internal":2,"distribution":"{\"name\": \"CategoricalDistribution\", \"attributes\": {\"choices\": [1, 2, 4]}}"}
{"op_code":5,"worker_id":"783ecce1-a686-4a5d-8e34-a7488920e629-8316722560","trial_id":7,"param_name":"buffer","param_value_internal":3,"distribution":"{\"name\": \"CategoricalDistribution\", \"attributes\": {\"choices\": [50000, 100000, 200000, 400000]}}"}
{"op_code":5,"worker_id":"783ecce1-a686-4a5d-8e34-a7488920e629-8316722560","trial_id":7,"param_name":"eps_end","param_value_internal":0.029520728595862657,"distribution":"{\"name\": \"FloatDistribution\", \"attributes\": {\"step\": null, \"low\": 0.01, \"high\": 0.1, \"log\": false}}"}
{"op_code":5,"worker_id":"783ecce1-a686-4a5d-8e34-a7488920e629-8316722560","trial_id":7,"param_name":"eps_decay_frac","param_value_internal":0.4315391015500504,"distribution":"{\"name\": \"FloatDistribution\", \"attributes\": {\"step\": null, \"low\": 0.1, \"high\": 0.6, \"log\": false}}"}
{"op_code":5,"worker_id":"783ecce1-a686-4a5d-8e34-a7488920e629-8316722560","trial_id":7,"param_name":"reward_scale","param_value_internal":10.376281374733137,"distribution":"{\"name\": \"FloatDistribution\", \"attributes\": {\"step\": null, \"low\": 5.0, \"high\": 80.0, \"log\": true}}"}
{"op_code":5,"worker_id":"783ecce1-a686-4a5d-8e34-a7488920e629-8316722560","trial_id":7,"param_name":"episode_days","param_value_internal":1,"distribution":"{\"name\": \"CategoricalDistribution\", \"attributes\": {\"choices\": [3, 7, 14]}}"}
{"op_code":8,"worker_id":"783ecce1-a686-4a5d-8e34-a7488920e629-8316722560","trial_id":7,"user_attr":{"tag":"ca43555758671"}}
{"op_code":8,"worker_id":"783ecce1-a686-4a5d-8e34-a7488920e629-8316722560","trial_id":7,"user_attr":{"overrides":{"gamma":0.9912082895507368,"n_step":1,"lr":0.0006182933821259282,"batch":64,"hidden":128,"target_sync":2000,"update_every":4,"buffer":400000,"eps_end":0.029520728595862657,"eps_decay_frac":0.4315391015500504,"reward_scale":10.376281374733137,"episode_days":7}}}
{"op_code":7,"worker_id":"783ecce1-a686-4a5d-8e34-a7488920e629-8316722560","trial_id":6,"step":3,"intermediate_value":21.79037076704918}
{"op_code":8,"worker_id":"783ecce1-a686-4a5d-8e34-a7488920e629-8316722560","trial_id":6,"user_attr":{"hh_saving":{"254":26.745897907633054,"185":9.900589500010383,"230":28.724624893504096}}}
{"op_code":8,"worker_id":"783ecce1-a686-4a5d-8e34-a7488920e629-8316722560","trial_id":6,"user_attr":{"val_efc_mean":23.78082041666666}}
{"op_code":8,"worker_id":"783ecce1-a686-4a5d-8e34-a7488920e629-8316722560","trial_id":6,"user_attr":{"converged_share":1.0}}
{"op_code":8,"worker_id":"783ecce1-a686-4a5d-8e34-a7488920e629-8316722560","trial_id":6,"user_attr":{"wall_s":172.90139079093933}}
{"op_code":6,"worker_id":"783ecce1-a686-4a5d-8e34-a7488920e629-8316722560","trial_id":6,"state":2,"values":[21.79037076704918],"datetime_complete":"2026-10-08T04:29:21.392256"}
{"op_code":4,"worker_id":"783ecce1-a686-4a5d-8e34-a7488920e629-8316722560","study_id":0,"datetime_start":"2026-10-08T04:29:25.829608"}
{"op_code":5,"worker_id":"783ecce1-a686-4a5d-8e34-a7488920e629-8316722560","trial_id":8,"param_name":"lr","param_value_internal":0.0003684874222698001,"distribution":"{\"name\": \"FloatDistribution\", \"attributes\": {\"step\": null, \"low\": 0.0001, \"high\": 0.003, \"log\": true}}"}
{"op_code":5,"worker_id":"783ecce1-a686-4a5d-8e34-a7488920e629-8316722560","trial_id":8,"param_name":"gamma","param_value_internal":0.9911780251575185,"distribution":"{\"name\": \"FloatDistribution\", \"attributes\": {\"step\": null, \"low\": 0.98, \"high\": 0.999, \"log\": false}}"}
{"op_code":5,"worker_id":"783ecce1-a686-4a5d-8e34-a7488920e629-8316722560","trial_id":8,"param_name":"n_step","param_value_internal":2,"distribution":"{\"name\": \"CategoricalDistribution\", \"attributes\": {\"choices\": [1, 2, 4, 8, 16]}}"}
{"op_code":5,"worker_id":"783ecce1-a686-4a5d-8e34-a7488920e629-8316722560","trial_id":8,"param_name":"batch","param_value_internal":1,"distribution":"{\"name\": \"CategoricalDistribution\", \"attributes\": {\"choices\": [64, 128, 256]}}"}
{"op_code":5,"worker_id":"783ecce1-a686-4a5d-8e34-a7488920e629-8316722560","trial_id":8,"param_name":"hidden","param_value_internal":1,"distribution":"{\"name\": \"CategoricalDistribution\", \"attributes\": {\"choices\": [64, 128, 256]}}"}
{"op_code":5,"worker_id":"783ecce1-a686-4a5d-8e34-a7488920e629-8316722560","trial_id":8,"param_name":"target_sync","param_value_internal":2,"distribution":"{\"name\": \"CategoricalDistribution\", \"attributes\": {\"choices\": [500, 1000, 2000, 5000, 10000]}}"}
{"op_code":5,"worker_id":"783ecce1-a686-4a5d-8e34-a7488920e629-8316722560","trial_id":8,"param_name":"update_every","param_value_internal":2,"distribution":"{\"name\": \"CategoricalDistribution\", \"attributes\": {\"choices\": [1, 2, 4]}}"}
{"op_code":5,"worker_id":"783ecce1-a686-4a5d-8e34-a7488920e629-8316722560","trial_id":8,"param_name":"buffer","param_value_internal":2,"distribution":"{\"name\": \"CategoricalDistribution\", \"attributes\": {\"choices\": [50000, 100000, 200000, 400000]}}"}
{"op_code":5,"worker_id":"783ecce1-a686-4a5d-8e34-a7488920e629-8316722560","trial_id":8,"param_name":"eps_end","param_value_internal":0.05656411964387028,"distribution":"{\"name\": \"FloatDistribution\", \"attributes\": {\"step\": null, \"low\": 0.01, \"high\": 0.1, \"log\": false}}"}
{"op_code":5,"worker_id":"783ecce1-a686-4a5d-8e34-a7488920e629-8316722560","trial_id":8,"param_name":"eps_decay_frac","param_value_internal":0.16603405317257666,"distribution":"{\"name\": \"FloatDistribution\", \"attributes\": {\"step\": null, \"low\": 0.1, \"high\": 0.6, \"log\": false}}"}
{"op_code":5,"worker_id":"783ecce1-a686-4a5d-8e34-a7488920e629-8316722560","trial_id":8,"param_name":"reward_scale","param_value_internal":36.488421093204195,"distribution":"{\"name\": \"FloatDistribution\", \"attributes\": {\"step\": null, \"low\": 5.0, \"high\": 80.0, \"log\": true}}"}
{"op_code":5,"worker_id":"783ecce1-a686-4a5d-8e34-a7488920e629-8316722560","trial_id":8,"param_name":"episode_days","param_value_internal":1,"distribution":"{\"name\": \"CategoricalDistribution\", \"attributes\": {\"choices\": [3, 7, 14]}}"}
{"op_code":8,"worker_id":"783ecce1-a686-4a5d-8e34-a7488920e629-8316722560","trial_id":8,"user_attr":{"tag":"cefa3567b7d53"}}
{"op_code":8,"worker_id":"783ecce1-a686-4a5d-8e34-a7488920e629-8316722560","trial_id":8,"user_attr":{"overrides":{"gamma":0.9911780251575185,"n_step":4,"lr":0.0003684874222698001,"batch":128,"hidden":128,"target_sync":2000,"update_every":4,"buffer":200000,"eps_end":0.05656411964387028,"eps_decay_frac":0.16603405317257666,"reward_scale":36.488421093204195,"episode_days":7}}}
{"op_code":7,"worker_id":"783ecce1-a686-4a5d-8e34-a7488920e629-8316722560","trial_id":7,"step":3,"intermediate_value":23.72128670570849}
{"op_code":8,"worker_id":"783ecce1-a686-4a5d-8e34-a7488920e629-8316722560","trial_id":7,"user_attr":{"hh_saving":{"254":30.220269749889958,"185":11.90797795008923,"230":29.03561241714628}}}
{"op_code":8,"worker_id":"783ecce1-a686-4a5d-8e34-a7488920e629-8316722560","trial_id":7,"user_attr":{"val_efc_mean":30.822627116666666}}
{"op_code":8,"worker_id":"783ecce1-a686-4a5d-8e34-a7488920e629-8316722560","trial_id":7,"user_attr":{"converged_share":1.0}}
{"op_code":8,"worker_id":"783ecce1-a686-4a5d-8e34-a7488920e629-8316722560","trial_id":7,"user_attr":{"wall_s":144.69477891921997}}
{"op_code":6,"worker_id":"783ecce1-a686-4a5d-8e34-a7488920e629-8316722560","trial_id":7,"state":2,"values":[23.72128670570849],"datetime_complete":"2026-10-08T04:30:10.870129"}
{"op_code":4,"worker_id":"783ecce1-a686-4a5d-8e34-a7488920e629-8316722560","study_id":0,"datetime_start":"2026-10-08T04:31:02.795336"}
{"op_code":5,"worker_id":"783ecce1-a686-4a5d-8e34-a7488920e629-8316722560","trial_id":9,"param_name":"lr","param_value_internal":0.0001636657119494122,"distribution":"{\"name\": \"FloatDistribution\", \"attributes\": {\"step\": null, \"low\": 0.0001, \"high\": 0.003, \"log\": true}}"}
{"op_code":5,"worker_id":"783ecce1-a686-4a5d-8e34-a7488920e629-8316722560","trial_id":9,"param_name":"gamma","param_value_internal":0.9892730693323302,"distribution":"{\"name\": \"FloatDistribution\", \"attributes\": {\"step\": null, \"low\": 0.98, \"high\": 0.999, \"log\": false}}"}
{"op_code":5,"worker_id":"783ecce1-a686-4a5d-8e34-a7488920e629-8316722560","trial_id":9,"param_name":"n_step","param_value_internal":1,"distribution":"{\"name\": \"CategoricalDistribution\", \"attributes\": {\"choices\": [1, 2, 4, 8, 16]}}"}
{"op_code":5,"worker_id":"783ecce1-a686-4a5d-8e34-a7488920e629-8316722560","trial_id":9,"param_name":"batch","param_value_internal":2,"distribution":"{\"name\": \"CategoricalDistribution\", \"attributes\": {\"choices\": [64, 128, 256]}}"}
{"op_code":5,"worker_id":"783ecce1-a686-4a5d-8e34-a7488920e629-8316722560","trial_id":9,"param_name":"hidden","param_value_internal":0,"distribution":"{\"name\": \"CategoricalDistribution\", \"attributes\": {\"choices\": [64, 128, 256]}}"}
{"op_code":5,"worker_id":"783ecce1-a686-4a5d-8e34-a7488920e629-8316722560","trial_id":9,"param_name":"target_sync","param_value_internal":2,"distribution":"{\"name\": \"CategoricalDistribution\", \"attributes\": {\"choices\": [500, 1000, 2000, 5000, 10000]}}"}
{"op_code":5,"worker_id":"783ecce1-a686-4a5d-8e34-a7488920e629-8316722560","trial_id":9,"param_name":"update_every","param_value_internal":1,"distribution":"{\"name\": \"CategoricalDistribution\", \"attributes\": {\"choices\": [1, 2, 4]}}"}
{"op_code":5,"worker_id":"783ecce1-a686-4a5d-8e34-a7488920e629-8316722560","trial_id":9,"param_name":"buffer","param_value_internal":1,"distribution":"{\"name\": \"CategoricalDistribution\", \"attributes\": {\"choices\": [50000, 100000, 200000, 400000]}}"}
{"op_code":5,"worker_id":"783ecce1-a686-4a5d-8e34-a7488920e629-8316722560","trial_id":9,"param_name":"eps_end","param_value_internal":0.09654131390873488,"distribution":"{\"name\": \"FloatDistribution\", \"attributes\": {\"step\": null, \"low\": 0.01, \"high\": 0.1, \"log\": false}}"}
{"op_code":5,"worker_id":"783ecce1-a686-4a5d-8e34-a7488920e629-8316722560","trial_id":9,"param_name":"eps_decay_frac","param_value_internal":0.21585081323560226,"distribution":"{\"name\": \"FloatDistribution\", \"attributes\": {\"step\": null, \"low\": 0.1, \"high\": 0.6, \"log\": false}}"}
{"op_code":5,"worker_id":"783ecce1-a686-4a5d-8e34-a7488920e629-8316722560","trial_id":9,"param_name":"reward_scale","param_value_internal":69.51263768772179,"distribution":"{\"name\": \"FloatDistribution\", \"attributes\": {\"step\": null, \"low\": 5.0, \"high\": 80.0, \"log\": true}}"}
{"op_code":5,"worker_id":"783ecce1-a686-4a5d-8e34-a7488920e629-8316722560","trial_id":9,"param_name":"episode_days","param_value_internal":0,"distribution":"{\"name\": \"CategoricalDistribution\", \"attributes\": {\"choices\": [3, 7, 14]}}"}
{"op_code":8,"worker_id":"783ecce1-a686-4a5d-8e34-a7488920e629-8316722560","trial_id":9,"user_attr":{"tag":"c2919abf11355"}}
{"op_code":8,"worker_id":"783ecce1-a686-4a5d-8e34-a7488920e629-8316722560","trial_id":9,"user_attr":{"overrides":{"gamma":0.9892730693323302,"n_step":2,"lr":0.0001636657119494122,"batch":256,"hidden":64,"target_sync":2000,"update_every":2,"buffer":100000,"eps_end":0.09654131390873488,"eps_decay_frac":0.21585081323560226,"reward_scale":69.51263768772179,"episode_days":3}}}
{"op_code":7,"worker_id":"783ecce1-a686-4a5d-8e34-a7488920e629-8316722560","trial_id":8,"step":3,"intermediate_value":27.443435869036538}
{"op_code":7,"worker_id":"783ecce1-a686-4a5d-8e34-a7488920e629-8316722560","trial_id":9,"step":3,"intermediate_value":22.755613893644053}
{"op_code":8,"worker_id":"783ecce1-a686-4a5d-8e34-a7488920e629-8316722560","trial_id":9,"user_attr":{"hh_saving":{"254":31.168732627177853,"185":8.806461699033076,"230":28.29164735472124}}}
{"op_code":8,"worker_id":"783ecce1-a686-4a5d-8e34-a7488920e629-8316722560","trial_id":9,"user_attr":{"val_efc_mean":31.529376666666664}}
{"op_code":8,"worker_id":"783ecce1-a686-4a5d-8e34-a7488920e629-8316722560","trial_id":9,"user_attr":{"converged_share":1.0}}
{"op_code":8,"worker_id":"783ecce1-a686-4a5d-8e34-a7488920e629-8316722560","trial_id":9,"user_attr":{"wall_s":183.09032082557678}}
{"op_code":6,"worker_id":"783ecce1-a686-4a5d-8e34-a7488920e629-8316722560","trial_id":9,"state":2,"values":[22.755613893644053],"datetime_complete":"2026-10-08T04:34:05.893013"}
{"op_code":4,"worker_id":"783ecce1-a686-4a5d-8e34-a7488920e629-8316722560","study_id":0,"datetime_start":"2026-10-08T04:35:42.205084"}
{"op_code":5,"worker_id":"783ecce1-a686-4a5d-8e34-a7488920e629-8316722560","trial_id":10,"param_name":"lr","param_value_internal":0.001956272447321155,"distribution":"{\"name\": \"FloatDistribution\", \"attributes\": {\"step\": null, \"low\": 0.0001, \"high\": 0.003, \"log\": true}}"}
{"op_code":5,"worker_id":"783ecce1-a686-4a5d-8e34-a7488920e629-8316722560","trial_id":10,"param_name":"gamma","param_value_internal":0.9855673854056481,"distribution":"{\"name\": \"FloatDistribution\", \"attributes\": {\"step\": null, \"low\": 0.98, \"high\": 0.999, \"log\": false}}"}
{"op_code":5,"worker_id":"783ecce1-a686-4a5d-8e34-a7488920e629-8316722560","trial_id":10,"param_name":"n_step","param_value_internal":0,"distribution":"{\"name\": \"CategoricalDistribution\", \"attributes\": {\"choices\": [1, 2, 4, 8, 16]}}"}
{"op_code":5,"worker_id":"783ecce1-a686-4a5d-8e34-a7488920e629-8316722560","trial_id":10,"param_name":"batch","param_value_internal":0,"distribution":"{\"name\": \"CategoricalDistribution\", \"attributes\": {\"choices\": [64, 128, 256]}}"}
{"op_code":5,"worker_id":"783ecce1-a686-4a5d-8e34-a7488920e629-8316722560","trial_id":10,"param_name":"hidden","param_value_internal":0,"distribution":"{\"name\": \"CategoricalDistribution\", \"attributes\": {\"choices\": [64, 128, 256]}}"}
{"op_code":5,"worker_id":"783ecce1-a686-4a5d-8e34-a7488920e629-8316722560","trial_id":10,"param_name":"target_sync","param_value_internal":0,"distribution":"{\"name\": \"CategoricalDistribution\", \"attributes\": {\"choices\": [500, 1000, 2000, 5000, 10000]}}"}
{"op_code":5,"worker_id":"783ecce1-a686-4a5d-8e34-a7488920e629-8316722560","trial_id":10,"param_name":"update_every","param_value_internal":1,"distribution":"{\"name\": \"CategoricalDistribution\", \"attributes\": {\"choices\": [1, 2, 4]}}"}
{"op_code":5,"worker_id":"783ecce1-a686-4a5d-8e34-a7488920e629-8316722560","trial_id":10,"param_name":"buffer","param_value_internal":0,"distribution":"{\"name\": \"CategoricalDistribution\", \"attributes\": {\"choices\": [50000, 100000, 200000, 400000]}}"}
{"op_code":5,"worker_id":"783ecce1-a686-4a5d-8e34-a7488920e629-8316722560","trial_id":10,"param_name":"eps_end","param_value_internal":0.046651705427242667,"distribution":"{\"name\": \"FloatDistribution\", \"attributes\": {\"step\": null, \"low\": 0.01, \"high\": 0.1, \"log\": false}}"}
{"op_code":5,"worker_id":"783ecce1-a686-4a5d-8e34-a7488920e629-8316722560","trial_id":10,"param_name":"eps_decay_frac","param_value_internal":0.21611707108547137,"distribution":"{\"name\": \"FloatDistribution\", \"attributes\": {\"step\": null, \"low\": 0.1, \"high\": 0.6, \"log\": false}}"}
{"op_code":5,"worker_id":"783ecce1-a686-4a5d-8e34-a7488920e629-8316722560","trial_id":10,"param_name":"reward_scale","param_value_internal":7.219398465457858,"distribution":"{\"name\": \"FloatDistribution\", \"attributes\": {\"step\": null, \"low\": 5.0, \"high\": 80.0, \"log\": true}}"}
{"op_code":5,"worker_id":"783ecce1-a686-4a5d-8e34-a7488920e629-8316722560","trial_id":10,"param_name":"episode_days","param_value_internal":1,"distribution":"{\"name\": \"CategoricalDistribution\", \"attributes\": {\"choices\": [3, 7, 14]}}"}
{"op_code":8,"worker_id":"783ecce1-a686-4a5d-8e34-a7488920e629-8316722560","trial_id":10,"user_attr":{"tag":"cd1feefa78986"}}
{"op_code":8,"worker_id":"783ecce1-a686-4a5d-8e34-a7488920e629-8316722560","trial_id":10,"user_attr":{"overrides":{"gamma":0.9855673854056481,"n_step":1,"lr":0.001956272447321155,"batch":64,"hidden":64,"target_sync":500,"update_every":2,"buffer":50000,"eps_end":0.046651705427242667,"eps_decay_frac":0.21611707108547137,"reward_scale":7.219398465457858,"episode_days":7}}}
{"op_code":7,"worker_id":"783ecce1-a686-4a5d-8e34-a7488920e629-8316722560","trial_id":8,"step":8,"intermediate_value":37.36662799202172}
{"op_code":8,"worker_id":"783ecce1-a686-4a5d-8e34-a7488920e629-8316722560","trial_id":8,"user_attr":{"hh_saving":{"254":32.104080181284736,"185":12.972267024651778,"230":37.2539604011731,"266":42.406355010152666,"145":43.08392672114698,"229":26.706356404851288,"300":70.03157194814595,"69":34.374506244767296}}}
{"op_code":8,"worker_id":"783ecce1-a686-4a5d-8e34-a7488920e629-8316722560","trial_id":8,"user_attr":{"val_efc_mean":37.249649756249994}}
{"op_code":8,"worker_id":"783ecce1-a686-4a5d-8e34-a7488920e629-8316722560","trial_id":8,"user_attr":{"converged_share":0.875}}
{"op_code":8,"worker_id":"783ecce1-a686-4a5d-8e34-a7488920e629-8316722560","trial_id":8,"user_attr":{"wall_s":418.46672201156616}}
{"op_code":6,"worker_id":"783ecce1-a686-4a5d-8e34-a7488920e629-8316722560","trial_id":8,"state":1,"values":[37.36662799202172],"datetime_complete":"2026-10-08T04:36:24.302778"}
{"op_code":4,"worker_id":"783ecce1-a686-4a5d-8e34-a7488920e629-8316722560","study_id":0,"datetime_start":"2026-10-08T04:37:27.509094"}
{"op_code":9,"worker_id":"783ecce1-a686-4a5d-8e34-a7488920e629-8316722560","trial_id":11,"system_attr":{"tpe:relative_params:0":"{\"batch\": 64, \"buffer\": 400000, \"episode_days\": 7, \"eps_decay_frac\": 0.16586071099824204, \"eps_end\": 0.08551746812295594, \"gamma\": 0.9938158011698393, \"hidden\": 128, \"lr\": 0.00013469848670518897, \"n_step\": 4, \"reward_scale\": 60.66200358972303, \"target_sync\": 5000, \"update_every\": 1}"}}
{"op_code":5,"worker_id":"783ecce1-a686-4a5d-8e34-a7488920e629-8316722560","trial_id":11,"param_name":"lr","param_value_internal":0.00013469848670518897,"distribution":"{\"name\": \"FloatDistribution\", \"attributes\": {\"step\": null, \"low\": 0.0001, \"high\": 0.003, \"log\": true}}"}
{"op_code":5,"worker_id":"783ecce1-a686-4a5d-8e34-a7488920e629-8316722560","trial_id":11,"param_name":"gamma","param_value_internal":0.9938158011698393,"distribution":"{\"name\": \"FloatDistribution\", \"attributes\": {\"step\": null, \"low\": 0.98, \"high\": 0.999, \"log\": false}}"}
{"op_code":5,"worker_id":"783ecce1-a686-4a5d-8e34-a7488920e629-8316722560","trial_id":11,"param_name":"n_step","param_value_internal":2,"distribution":"{\"name\": \"CategoricalDistribution\", \"attributes\": {\"choices\": [1, 2, 4, 8, 16]}}"}
{"op_code":5,"worker_id":"783ecce1-a686-4a5d-8e34-a7488920e629-8316722560","trial_id":11,"param_name":"batch","param_value_internal":0,"distribution":"{\"name\": \"CategoricalDistribution\", \"attributes\": {\"choices\": [64, 128, 256]}}"}
{"op_code":5,"worker_id":"783ecce1-a686-4a5d-8e34-a7488920e629-8316722560","trial_id":11,"param_name":"hidden","param_value_internal":1,"distribution":"{\"name\": \"CategoricalDistribution\", \"attributes\": {\"choices\": [64, 128, 256]}}"}
{"op_code":5,"worker_id":"783ecce1-a686-4a5d-8e34-a7488920e629-8316722560","trial_id":11,"param_name":"target_sync","param_value_internal":3,"distribution":"{\"name\": \"CategoricalDistribution\", \"attributes\": {\"choices\": [500, 1000, 2000, 5000, 10000]}}"}
{"op_code":5,"worker_id":"783ecce1-a686-4a5d-8e34-a7488920e629-8316722560","trial_id":11,"param_name":"update_every","param_value_internal":0,"distribution":"{\"name\": \"CategoricalDistribution\", \"attributes\": {\"choices\": [1, 2, 4]}}"}
{"op_code":5,"worker_id":"783ecce1-a686-4a5d-8e34-a7488920e629-8316722560","trial_id":11,"param_name":"buffer","param_value_internal":3,"distribution":"{\"name\": \"CategoricalDistribution\", \"attributes\": {\"choices\": [50000, 100000, 200000, 400000]}}"}
{"op_code":5,"worker_id":"783ecce1-a686-4a5d-8e34-a7488920e629-8316722560","trial_id":11,"param_name":"eps_end","param_value_internal":0.08551746812295594,"distribution":"{\"name\": \"FloatDistribution\", \"attributes\": {\"step\": null, \"low\": 0.01, \"high\": 0.1, \"log\": false}}"}
{"op_code":5,"worker_id":"783ecce1-a686-4a5d-8e34-a7488920e629-8316722560","trial_id":11,"param_name":"eps_decay_frac","param_value_internal":0.16586071099824204,"distribution":"{\"name\": \"FloatDistribution\", \"attributes\": {\"step\": null, \"low\": 0.1, \"high\": 0.6, \"log\": false}}"}
{"op_code":5,"worker_id":"783ecce1-a686-4a5d-8e34-a7488920e629-8316722560","trial_id":11,"param_name":"reward_scale","param_value_internal":60.66200358972303,"distribution":"{\"name\": \"FloatDistribution\", \"attributes\": {\"step\": null, \"low\": 5.0, \"high\": 80.0, \"log\": true}}"}
{"op_code":5,"worker_id":"783ecce1-a686-4a5d-8e34-a7488920e629-8316722560","trial_id":11,"param_name":"episode_days","param_value_internal":1,"distribution":"{\"name\": \"CategoricalDistribution\", \"attributes\": {\"choices\": [3, 7, 14]}}"}
{"op_code":8,"worker_id":"783ecce1-a686-4a5d-8e34-a7488920e629-8316722560","trial_id":11,"user_attr":{"tag":"cfc6e751e5c2f"}}
{"op_code":8,"worker_id":"783ecce1-a686-4a5d-8e34-a7488920e629-8316722560","trial_id":11,"user_attr":{"overrides":{"gamma":0.9938158011698393,"n_step":4,"lr":0.00013469848670518897,"batch":64,"hidden":128,"target_sync":5000,"update_every":1,"buffer":400000,"eps_end":0.08551746812295594,"eps_decay_frac":0.16586071099824204,"reward_scale":60.66200358972303,"episode_days":7}}}
{"op_code":7,"worker_id":"783ecce1-a686-4a5d-8e34-a7488920e629-8316722560","trial_id":10,"step":3,"intermediate_value":16.035269062097214}
{"op_code":8,"worker_id":"783ecce1-a686-4a5d-8e34-a7488920e629-8316722560","trial_id":10,"user_attr":{"hh_saving":{"254":23.039162001215953,"185":6.381844808564007,"230":18.684800376511678}}}
{"op_code":8,"worker_id":"783ecce1-a686-4a5d-8e34-a7488920e629-8316722560","trial_id":10,"user_attr":{"val_efc_mean":13.111804833333336}}
{"op_code":8,"worker_id":"783ecce1-a686-4a5d-8e34-a7488920e629-8316722560","trial_id":10,"user_attr":{"converged_share":1.0}}
{"op_code":8,"worker_id":"783ecce1-a686-4a5d-8e34-a7488920e629-8316722560","trial_id":10,"user_attr":{"wall_s":144.6019959449768}}
{"op_code":6,"worker_id":"783ecce1-a686-4a5d-8e34-a7488920e629-8316722560","trial_id":10,"state":2,"values":[16.035269062097214],"datetime_complete":"2026-10-08T04:38:06.814177"}
{"op_code":4,"worker_id":"783ecce1-a686-4a5d-8e34-a7488920e629-8316722560","study_id":0,"datetime_start":"2026-10-08T04:38:49.828085"}
{"op_code":9,"worker_id":"783ecce1-a686-4a5d-8e34-a7488920e629-8316722560","trial_id":12,"system_attr":{"tpe:relative_params:0":"{\"batch\": 128, \"buffer\": 200000, \"episode_days\": 7, \"eps_decay_frac\": 0.20141657076887626, \"eps_end\": 0.043814324210321956, \"gamma\": 0.9899174006551081, \"hidden\": 128, \"lr\": 0.0005455819262533858, \"n_step\": 4, \"reward_scale\": 31.569176096343284, \"target_sync\": 2000, \"update_every\": 4}"}}
{"op_code":5,"worker_id":"783ecce1-a686-4a5d-8e34-a7488920e629-8316722560","trial_id":12,"param_name":"lr","param_value_internal":0.0005455819262533858,"distribution":"{\"name\": \"FloatDistribution\", \"attributes\": {\"step\": null, \"low\": 0.0001, \"high\": 0.003, \"log\": true}}"}
{"op_code":5,"worker_id":"783ecce1-a686-4a5d-8e34-a7488920e629-8316722560","trial_id":12,"param_name":"gamma","param_value_internal":0.9899174006551081,"distribution":"{\"name\": \"FloatDistribution\", \"attributes\": {\"step\": null, \"low\": 0.98, \"high\": 0.999, \"log\": false}}"}
{"op_code":5,"worker_id":"783ecce1-a686-4a5d-8e34-a7488920e629-8316722560","trial_id":12,"param_name":"n_step","param_value_internal":2,"distribution":"{\"name\": \"CategoricalDistribution\", \"attributes\": {\"choices\": [1, 2, 4, 8, 16]}}"}
{"op_code":5,"worker_id":"783ecce1-a686-4a5d-8e34-a7488920e629-8316722560","trial_id":12,"param_name":"batch","param_value_internal":1,"distribution":"{\"name\": \"CategoricalDistribution\", \"attributes\": {\"choices\": [64, 128, 256]}}"}
{"op_code":5,"worker_id":"783ecce1-a686-4a5d-8e34-a7488920e629-8316722560","trial_id":12,"param_name":"hidden","param_value_internal":1,"distribution":"{\"name\": \"CategoricalDistribution\", \"attributes\": {\"choices\": [64, 128, 256]}}"}
{"op_code":5,"worker_id":"783ecce1-a686-4a5d-8e34-a7488920e629-8316722560","trial_id":12,"param_name":"target_sync","param_value_internal":2,"distribution":"{\"name\": \"CategoricalDistribution\", \"attributes\": {\"choices\": [500, 1000, 2000, 5000, 10000]}}"}
{"op_code":5,"worker_id":"783ecce1-a686-4a5d-8e34-a7488920e629-8316722560","trial_id":12,"param_name":"update_every","param_value_internal":2,"distribution":"{\"name\": \"CategoricalDistribution\", \"attributes\": {\"choices\": [1, 2, 4]}}"}
{"op_code":5,"worker_id":"783ecce1-a686-4a5d-8e34-a7488920e629-8316722560","trial_id":12,"param_name":"buffer","param_value_internal":2,"distribution":"{\"name\": \"CategoricalDistribution\", \"attributes\": {\"choices\": [50000, 100000, 200000, 400000]}}"}
{"op_code":5,"worker_id":"783ecce1-a686-4a5d-8e34-a7488920e629-8316722560","trial_id":12,"param_name":"eps_end","param_value_internal":0.043814324210321956,"distribution":"{\"name\": \"FloatDistribution\", \"attributes\": {\"step\": null, \"low\": 0.01, \"high\": 0.1, \"log\": false}}"}
{"op_code":5,"worker_id":"783ecce1-a686-4a5d-8e34-a7488920e629-8316722560","trial_id":12,"param_name":"eps_decay_frac","param_value_internal":0.20141657076887626,"distribution":"{\"name\": \"FloatDistribution\", \"attributes\": {\"step\": null, \"low\": 0.1, \"high\": 0.6, \"log\": false}}"}
{"op_code":5,"worker_id":"783ecce1-a686-4a5d-8e34-a7488920e629-8316722560","trial_id":12,"param_name":"reward_scale","param_value_internal":31.569176096343284,"distribution":"{\"name\": \"FloatDistribution\", \"attributes\": {\"step\": null, \"low\": 5.0, \"high\": 80.0, \"log\": true}}"}
{"op_code":5,"worker_id":"783ecce1-a686-4a5d-8e34-a7488920e629-8316722560","trial_id":12,"param_name":"episode_days","param_value_internal":1,"distribution":"{\"name\": \"CategoricalDistribution\", \"attributes\": {\"choices\": [3, 7, 14]}}"}
{"op_code":8,"worker_id":"783ecce1-a686-4a5d-8e34-a7488920e629-8316722560","trial_id":12,"user_attr":{"tag":"c9ec790f6e455"}}
{"op_code":8,"worker_id":"783ecce1-a686-4a5d-8e34-a7488920e629-8316722560","trial_id":12,"user_attr":{"overrides":{"gamma":0.9899174006551081,"n_step":4,"lr":0.0005455819262533858,"batch":128,"hidden":128,"target_sync":2000,"update_every":4,"buffer":200000,"eps_end":0.043814324210321956,"eps_decay_frac":0.20141657076887626,"reward_scale":31.569176096343284,"episode_days":7}}}
{"op_code":7,"worker_id":"783ecce1-a686-4a5d-8e34-a7488920e629-8316722560","trial_id":12,"step":3,"intermediate_value":26.034016482114094}
{"op_code":7,"worker_id":"783ecce1-a686-4a5d-8e34-a7488920e629-8316722560","trial_id":11,"step":3,"intermediate_value":34.35091031571533}
{"op_code":7,"worker_id":"783ecce1-a686-4a5d-8e34-a7488920e629-8316722560","trial_id":12,"step":8,"intermediate_value":35.86253501160839}
{"op_code":8,"worker_id":"783ecce1-a686-4a5d-8e34-a7488920e629-8316722560","trial_id":12,"user_attr":{"hh_saving":{"254":31.376651561681438,"185":13.393299879949081,"230":33.33209800471177,"266":39.54028642183964,"145":42.65279090708021,"229":27.001635140605917,"300":69.70899606805347,"69":29.894522108945576}}}
{"op_code":8,"worker_id":"783ecce1-a686-4a5d-8e34-a7488920e629-8316722560","trial_id":12,"user_attr":{"val_efc_mean":34.88483385625}}
{"op_code":8,"worker_id":"783ecce1-a686-4a5d-8e34-a7488920e629-8316722560","trial_id":12,"user_attr":{"converged_share":1.0}}
{"op_code":8,"worker_id":"783ecce1-a686-4a5d-8e34-a7488920e629-8316722560","trial_id":12,"user_attr":{"wall_s":343.25972723960876}}
{"op_code":6,"worker_id":"783ecce1-a686-4a5d-8e34-a7488920e629-8316722560","trial_id":12,"state":1,"values":[35.86253501160839],"datetime_complete":"2026-10-08T04:44:33.096485"}
{"op_code":4,"worker_id":"783ecce1-a686-4a5d-8e34-a7488920e629-8316722560","study_id":0,"datetime_start":"2026-10-08T04:47:08.751128"}
{"op_code":9,"worker_id":"783ecce1-a686-4a5d-8e34-a7488920e629-8316722560","trial_id":13,"system_attr":{"tpe:relative_params:0":"{\"batch\": 64, \"buffer\": 200000, \"episode_days\": 7, \"eps_decay_frac\": 0.10014816795650867, \"eps_end\": 0.09665729741985714, \"gamma\": 0.9911328370316062, \"hidden\": 256, \"lr\": 0.0005033222184267051, \"n_step\": 4, \"reward_scale\": 34.02917150510122, \"target_sync\": 1000, \"update_every\": 2}"}}
{"op_code":5,"worker_id":"783ecce1-a686-4a5d-8e34-a7488920e629-8316722560","trial_id":13,"param_name":"lr","param_value_internal":0.0005033222184267051,"distribution":"{\"name\": \"FloatDistribution\", \"attributes\": {\"step\": null, \"low\": 0.0001, \"high\": 0.003, \"log\": true}}"}
{"op_code":5,"worker_id":"783ecce1-a686-4a5d-8e34-a7488920e629-8316722560","trial_id":13,"param_name":"gamma","param_value_internal":0.9911328370316062,"distribution":"{\"name\": \"FloatDistribution\", \"attributes\": {\"step\": null, \"low\": 0.98, \"high\": 0.999, \"log\": false}}"}
{"op_code":5,"worker_id":"783ecce1-a686-4a5d-8e34-a7488920e629-8316722560","trial_id":13,"param_name":"n_step","param_value_internal":2,"distribution":"{\"name\": \"CategoricalDistribution\", \"attributes\": {\"choices\": [1, 2, 4, 8, 16]}}"}
{"op_code":5,"worker_id":"783ecce1-a686-4a5d-8e34-a7488920e629-8316722560","trial_id":13,"param_name":"batch","param_value_internal":0,"distribution":"{\"name\": \"CategoricalDistribution\", \"attributes\": {\"choices\": [64, 128, 256]}}"}
{"op_code":5,"worker_id":"783ecce1-a686-4a5d-8e34-a7488920e629-8316722560","trial_id":13,"param_name":"hidden","param_value_internal":2,"distribution":"{\"name\": \"CategoricalDistribution\", \"attributes\": {\"choices\": [64, 128, 256]}}"}
{"op_code":5,"worker_id":"783ecce1-a686-4a5d-8e34-a7488920e629-8316722560","trial_id":13,"param_name":"target_sync","param_value_internal":1,"distribution":"{\"name\": \"CategoricalDistribution\", \"attributes\": {\"choices\": [500, 1000, 2000, 5000, 10000]}}"}
{"op_code":5,"worker_id":"783ecce1-a686-4a5d-8e34-a7488920e629-8316722560","trial_id":13,"param_name":"update_every","param_value_internal":1,"distribution":"{\"name\": \"CategoricalDistribution\", \"attributes\": {\"choices\": [1, 2, 4]}}"}
{"op_code":5,"worker_id":"783ecce1-a686-4a5d-8e34-a7488920e629-8316722560","trial_id":13,"param_name":"buffer","param_value_internal":2,"distribution":"{\"name\": \"CategoricalDistribution\", \"attributes\": {\"choices\": [50000, 100000, 200000, 400000]}}"}
{"op_code":5,"worker_id":"783ecce1-a686-4a5d-8e34-a7488920e629-8316722560","trial_id":13,"param_name":"eps_end","param_value_internal":0.09665729741985714,"distribution":"{\"name\": \"FloatDistribution\", \"attributes\": {\"step\": null, \"low\": 0.01, \"high\": 0.1, \"log\": false}}"}
{"op_code":5,"worker_id":"783ecce1-a686-4a5d-8e34-a7488920e629-8316722560","trial_id":13,"param_name":"eps_decay_frac","param_value_internal":0.10014816795650867,"distribution":"{\"name\": \"FloatDistribution\", \"attributes\": {\"step\": null, \"low\": 0.1, \"high\": 0.6, \"log\": false}}"}
{"op_code":5,"worker_id":"783ecce1-a686-4a5d-8e34-a7488920e629-8316722560","trial_id":13,"param_name":"reward_scale","param_value_internal":34.02917150510122,"distribution":"{\"name\": \"FloatDistribution\", \"attributes\": {\"step\": null, \"low\": 5.0, \"high\": 80.0, \"log\": true}}"}
{"op_code":5,"worker_id":"783ecce1-a686-4a5d-8e34-a7488920e629-8316722560","trial_id":13,"param_name":"episode_days","param_value_internal":1,"distribution":"{\"name\": \"CategoricalDistribution\", \"attributes\": {\"choices\": [3, 7, 14]}}"}
{"op_code":8,"worker_id":"783ecce1-a686-4a5d-8e34-a7488920e629-8316722560","trial_id":13,"user_attr":{"tag":"cea768e8e9946"}}
{"op_code":8,"worker_id":"783ecce1-a686-4a5d-8e34-a7488920e629-8316722560","trial_id":13,"user_attr":{"overrides":{"gamma":0.9911328370316062,"n_step":4,"lr":0.0005033222184267051,"batch":64,"hidden":256,"target_sync":1000,"update_every":2,"buffer":200000,"eps_end":0.09665729741985714,"eps_decay_frac":0.10014816795650867,"reward_scale":34.02917150510122,"episode_days":7}}}
{"op_code":7,"worker_id":"783ecce1-a686-4a5d-8e34-a7488920e629-8316722560","trial_id":11,"step":8,"intermediate_value":41.29827094427523}
{"op_code":8,"worker_id":"783ecce1-a686-4a5d-8e34-a7488920e629-8316722560","trial_id":11,"user_attr":{"hh_saving":{"254":35.98369100366457,"185":31.866800696144992,"230":35.20223924733643,"266":42.515245399502945,"145":45.64506733516916,"229":29.02953231568493,"300":75.68387068791229,"69":34.459720868786505}}}
{"op_code":8,"worker_id":"783ecce1-a686-4a5d-8e34-a7488920e629-8316722560","trial_id":11,"user_attr":{"val_efc_mean":43.8389123625}}
{"op_code":8,"worker_id":"783ecce1-a686-4a5d-8e34-a7488920e629-8316722560","trial_id":11,"user_attr":{"converged_share":0.625}}
{"op_code":8,"worker_id":"783ecce1-a686-4a5d-8e34-a7488920e629-8316722560","trial_id":11,"user_attr":{"wall_s":733.8782436847687}}
{"op_code":6,"worker_id":"783ecce1-a686-4a5d-8e34-a7488920e629-8316722560","trial_id":11,"state":1,"values":[41.29827094427523],"datetime_complete":"2026-10-08T04:49:41.396087"}
{"op_code":4,"worker_id":"783ecce1-a686-4a5d-8e34-a7488920e629-8316722560","study_id":0,"datetime_start":"2026-10-08T04:49:50.717035"}
{"op_code":9,"worker_id":"783ecce1-a686-4a5d-8e34-a7488920e629-8316722560","trial_id":14,"system_attr":{"tpe:relative_params:0":"{\"batch\": 64, \"buffer\": 400000, \"episode_days\": 7, \"eps_decay_frac\": 0.21533903413115327, \"eps_end\": 0.07291492850535715, \"gamma\": 0.9936271607782907, \"hidden\": 64, \"lr\": 0.000223679681704548, \"n_step\": 1, \"reward_scale\": 24.875529789859897, \"target_sync\": 5000, \"update_every\": 1}"}}
{"op_code":5,"worker_id":"783ecce1-a686-4a5d-8e34-a7488920e629-8316722560","trial_id":14,"param_name":"lr","param_value_internal":0.000223679681704548,"distribution":"{\"name\": \"FloatDistribution\", \"attributes\": {\"step\": null, \"low\": 0.0001, \"high\": 0.003, \"log\": true}}"}
{"op_code":5,"worker_id":"783ecce1-a686-4a5d-8e34-a7488920e629-8316722560","trial_id":14,"param_name":"gamma","param_value_internal":0.9936271607782907,"distribution":"{\"name\": \"FloatDistribution\", \"attributes\": {\"step\": null, \"low\": 0.98, \"high\": 0.999, \"log\": false}}"}
{"op_code":5,"worker_id":"783ecce1-a686-4a5d-8e34-a7488920e629-8316722560","trial_id":14,"param_name":"n_step","param_value_internal":0,"distribution":"{\"name\": \"CategoricalDistribution\", \"attributes\": {\"choices\": [1, 2, 4, 8, 16]}}"}
{"op_code":5,"worker_id":"783ecce1-a686-4a5d-8e34-a7488920e629-8316722560","trial_id":14,"param_name":"batch","param_value_internal":0,"distribution":"{\"name\": \"CategoricalDistribution\", \"attributes\": {\"choices\": [64, 128, 256]}}"}
{"op_code":5,"worker_id":"783ecce1-a686-4a5d-8e34-a7488920e629-8316722560","trial_id":14,"param_name":"hidden","param_value_internal":0,"distribution":"{\"name\": \"CategoricalDistribution\", \"attributes\": {\"choices\": [64, 128, 256]}}"}
{"op_code":5,"worker_id":"783ecce1-a686-4a5d-8e34-a7488920e629-8316722560","trial_id":14,"param_name":"target_sync","param_value_internal":3,"distribution":"{\"name\": \"CategoricalDistribution\", \"attributes\": {\"choices\": [500, 1000, 2000, 5000, 10000]}}"}
{"op_code":5,"worker_id":"783ecce1-a686-4a5d-8e34-a7488920e629-8316722560","trial_id":14,"param_name":"update_every","param_value_internal":0,"distribution":"{\"name\": \"CategoricalDistribution\", \"attributes\": {\"choices\": [1, 2, 4]}}"}
{"op_code":5,"worker_id":"783ecce1-a686-4a5d-8e34-a7488920e629-8316722560","trial_id":14,"param_name":"buffer","param_value_internal":3,"distribution":"{\"name\": \"CategoricalDistribution\", \"attributes\": {\"choices\": [50000, 100000, 200000, 400000]}}"}
{"op_code":5,"worker_id":"783ecce1-a686-4a5d-8e34-a7488920e629-8316722560","trial_id":14,"param_name":"eps_end","param_value_internal":0.07291492850535715,"distribution":"{\"name\": \"FloatDistribution\", \"attributes\": {\"step\": null, \"low\": 0.01, \"high\": 0.1, \"log\": false}}"}
{"op_code":5,"worker_id":"783ecce1-a686-4a5d-8e34-a7488920e629-8316722560","trial_id":14,"param_name":"eps_decay_frac","param_value_internal":0.21533903413115327,"distribution":"{\"name\": \"FloatDistribution\", \"attributes\": {\"step\": null, \"low\": 0.1, \"high\": 0.6, \"log\": false}}"}
{"op_code":5,"worker_id":"783ecce1-a686-4a5d-8e34-a7488920e629-8316722560","trial_id":14,"param_name":"reward_scale","param_value_internal":24.875529789859897,"distribution":"{\"name\": \"FloatDistribution\", \"attributes\": {\"step\": null, \"low\": 5.0, \"high\": 80.0, \"log\": true}}"}
{"op_code":5,"worker_id":"783ecce1-a686-4a5d-8e34-a7488920e629-8316722560","trial_id":14,"param_name":"episode_days","param_value_internal":1,"distribution":"{\"name\": \"CategoricalDistribution\", \"attributes\": {\"choices\": [3, 7, 14]}}"}
{"op_code":8,"worker_id":"783ecce1-a686-4a5d-8e34-a7488920e629-8316722560","trial_id":14,"user_attr":{"tag":"cbd26caecc247"}}
{"op_code":8,"worker_id":"783ecce1-a686-4a5d-8e34-a7488920e629-8316722560","trial_id":14,"user_attr":{"overrides":{"gamma":0.9936271607782907,"n_step":1,"lr":0.000223679681704548,"batch":64,"hidden":64,"target_sync":5000,"update_every":1,"buffer":400000,"eps_end":0.07291492850535715,"eps_decay_frac":0.21533903413115327,"reward_scale":24.875529789859897,"episode_days":7}}}
{"op_code":7,"worker_id":"783ecce1-a686-4a5d-8e34-a7488920e629-8316722560","trial_id":13,"step":3,"intermediate_value":28.591848875675918}
{"op_code":7,"worker_id":"783ecce1-a686-4a5d-8e34-a7488920e629-8316722560","trial_id":14,"step":3,"intermediate_value":32.54768731585306}
{"op_code":7,"worker_id":"783ecce1-a686-4a5d-8e34-a7488920e629-8316722560","trial_id":13,"step":8,"intermediate_value":36.86434557009022}
{"op_code":8,"worker_id":"783ecce1-a686-4a5d-8e34-a7488920e629-8316722560","trial_id":13,"user_attr":{"hh_saving":{"254":31.376851092125026,"185":20.681863024965615,"230":33.716832509937106,"266":38.663211063485505,"145":42.31678955887481,"229":28.952925480057125,"300":69.67012639722685,"69":29.536165434049767}}}
{"op_code":8,"worker_id":"783ecce1-a686-4a5d-8e34-a7488920e629-8316722560","trial_id":13,"user_attr":{"val_efc_mean":35.291259491093754}}
{"op_code":8,"worker_id":"783ecce1-a686-4a5d-8e34-a7488920e629-8316722560","trial_id":13,"user_attr":{"converged_share":1.0}}
{"op_code":8,"worker_id":"783ecce1-a686-4a5d-8e34-a7488920e629-8316722560","trial_id":13,"user_attr":{"wall_s":530.633749961853}}
{"op_code":6,"worker_id":"783ecce1-a686-4a5d-8e34-a7488920e629-8316722560","trial_id":13,"state":1,"values":[36.86434557009022],"datetime_complete":"2026-10-08T04:55:59.392663"}
{"op_code":4,"worker_id":"783ecce1-a686-4a5d-8e34-a7488920e629-8316722560","study_id":0,"datetime_start":"2026-10-08T04:57:53.366007"}
{"op_code":9,"worker_id":"783ecce1-a686-4a5d-8e34-a7488920e629-8316722560","trial_id":15,"system_attr":{"tpe:relative_params:0":"{\"batch\": 64, \"buffer\": 50000, \"episode_days\": 7, \"eps_decay_frac\": 0.24050079233552918, \"eps_end\": 0.09207862079827059, \"gamma\": 0.9929407946629514, \"hidden\": 128, \"lr\": 0.0002203104294374151, \"n_step\": 4, \"reward_scale\": 79.83806565438104, \"target_sync\": 500, \"update_every\": 1}"}}
{"op_code":5,"worker_id":"783ecce1-a686-4a5d-8e34-a7488920e629-8316722560","trial_id":15,"param_name":"lr","param_value_internal":0.0002203104294374151,"distribution":"{\"name\": \"FloatDistribution\", \"attributes\": {\"step\": null, \"low\": 0.0001, \"high\": 0.003, \"log\": true}}"}
{"op_code":5,"worker_id":"783ecce1-a686-4a5d-8e34-a7488920e629-8316722560","trial_id":15,"param_name":"gamma","param_value_internal":0.9929407946629514,"distribution":"{\"name\": \"FloatDistribution\", \"attributes\": {\"step\": null, \"low\": 0.98, \"high\": 0.999, \"log\": false}}"}
{"op_code":5,"worker_id":"783ecce1-a686-4a5d-8e34-a7488920e629-8316722560","trial_id":15,"param_name":"n_step","param_value_internal":2,"distribution":"{\"name\": \"CategoricalDistribution\", \"attributes\": {\"choices\": [1, 2, 4, 8, 16]}}"}
{"op_code":5,"worker_id":"783ecce1-a686-4a5d-8e34-a7488920e629-8316722560","trial_id":15,"param_name":"batch","param_value_internal":0,"distribution":"{\"name\": \"CategoricalDistribution\", \"attributes\": {\"choices\": [64, 128, 256]}}"}
{"op_code":5,"worker_id":"783ecce1-a686-4a5d-8e34-a7488920e629-8316722560","trial_id":15,"param_name":"hidden","param_value_internal":1,"distribution":"{\"name\": \"CategoricalDistribution\", \"attributes\": {\"choices\": [64, 128, 256]}}"}
{"op_code":5,"worker_id":"783ecce1-a686-4a5d-8e34-a7488920e629-8316722560","trial_id":15,"param_name":"target_sync","param_value_internal":0,"distribution":"{\"name\": \"CategoricalDistribution\", \"attributes\": {\"choices\": [500, 1000, 2000, 5000, 10000]}}"}
{"op_code":5,"worker_id":"783ecce1-a686-4a5d-8e34-a7488920e629-8316722560","trial_id":15,"param_name":"update_every","param_value_internal":0,"distribution":"{\"name\": \"CategoricalDistribution\", \"attributes\": {\"choices\": [1, 2, 4]}}"}
{"op_code":5,"worker_id":"783ecce1-a686-4a5d-8e34-a7488920e629-8316722560","trial_id":15,"param_name":"buffer","param_value_internal":0,"distribution":"{\"name\": \"CategoricalDistribution\", \"attributes\": {\"choices\": [50000, 100000, 200000, 400000]}}"}
{"op_code":5,"worker_id":"783ecce1-a686-4a5d-8e34-a7488920e629-8316722560","trial_id":15,"param_name":"eps_end","param_value_internal":0.09207862079827059,"distribution":"{\"name\": \"FloatDistribution\", \"attributes\": {\"step\": null, \"low\": 0.01, \"high\": 0.1, \"log\": false}}"}
{"op_code":5,"worker_id":"783ecce1-a686-4a5d-8e34-a7488920e629-8316722560","trial_id":15,"param_name":"eps_decay_frac","param_value_internal":0.24050079233552918,"distribution":"{\"name\": \"FloatDistribution\", \"attributes\": {\"step\": null, \"low\": 0.1, \"high\": 0.6, \"log\": false}}"}
{"op_code":5,"worker_id":"783ecce1-a686-4a5d-8e34-a7488920e629-8316722560","trial_id":15,"param_name":"reward_scale","param_value_internal":79.83806565438104,"distribution":"{\"name\": \"FloatDistribution\", \"attributes\": {\"step\": null, \"low\": 5.0, \"high\": 80.0, \"log\": true}}"}
{"op_code":5,"worker_id":"783ecce1-a686-4a5d-8e34-a7488920e629-8316722560","trial_id":15,"param_name":"episode_days","param_value_internal":1,"distribution":"{\"name\": \"CategoricalDistribution\", \"attributes\": {\"choices\": [3, 7, 14]}}"}
{"op_code":8,"worker_id":"783ecce1-a686-4a5d-8e34-a7488920e629-8316722560","trial_id":15,"user_attr":{"tag":"c6c02fb829156"}}
{"op_code":8,"worker_id":"783ecce1-a686-4a5d-8e34-a7488920e629-8316722560","trial_id":15,"user_attr":{"overrides":{"gamma":0.9929407946629514,"n_step":4,"lr":0.0002203104294374151,"batch":64,"hidden":128,"target_sync":500,"update_every":1,"buffer":50000,"eps_end":0.09207862079827059,"eps_decay_frac":0.24050079233552918,"reward_scale":79.83806565438104,"episode_days":7}}}
{"op_code":7,"worker_id":"783ecce1-a686-4a5d-8e34-a7488920e629-8316722560","trial_id":14,"step":8,"intermediate_value":39.75344618985328}
{"op_code":8,"worker_id":"783ecce1-a686-4a5d-8e34-a7488920e629-8316722560","trial_id":14,"user_attr":{"hh_saving":{"254":36.9312405404679,"185":21.865890973558905,"230":38.84593043353237,"266":41.86162872986832,"145":45.1956191526063,"229":26.72492940425225,"300":71.55227762747312,"69":35.05005265706706}}}
{"op_code":8,"worker_id":"783ecce1-a686-4a5d-8e34-a7488920e629-8316722560","trial_id":14,"user_attr":{"val_efc_mean":38.72469447499999}}
{"op_code":8,"worker_id":"783ecce1-a686-4a5d-8e34-a7488920e629-8316722560","trial_id":14,"user_attr":{"converged_share":0.875}}
{"op_code":8,"worker_id":"783ecce1-a686-4a5d-8e34-a7488920e629-8316722560","trial_id":14,"user_attr":{"wall_s":685.3431358337402}}
{"op_code":6,"worker_id":"783ecce1-a686-4a5d-8e34-a7488920e629-8316722560","trial_id":14,"state":1,"values":[39.75344618985328],"datetime_complete":"2026-10-08T05:01:16.068924"}
{"op_code":4,"worker_id":"783ecce1-a686-4a5d-8e34-a7488920e629-8316722560","study_id":0,"datetime_start":"2026-10-08T05:01:16.081633"}
{"op_code":9,"worker_id":"783ecce1-a686-4a5d-8e34-a7488920e629-8316722560","trial_id":16,"system_attr":{"tpe:relative_params:0":"{\"batch\": 64, \"buffer\": 400000, \"episode_days\": 7, \"eps_decay_frac\": 0.13655770956138763, \"eps_end\": 0.049603668197613804, \"gamma\": 0.9984445507740313, \"hidden\": 128, \"lr\": 0.0004452885541518526, \"n_step\": 8, \"reward_scale\": 22.207256538996965, \"target_sync\": 5000, \"update_every\": 1}"}}
{"op_code":5,"worker_id":"783ecce1-a686-4a5d-8e34-a7488920e629-8316722560","trial_id":16,"param_name":"lr","param_value_internal":0.0004452885541518526,"distribution":"{\"name\": \"FloatDistribution\", \"attributes\": {\"step\": null, \"low\": 0.0001, \"high\": 0.003, \"log\": true}}"}
{"op_code":5,"worker_id":"783ecce1-a686-4a5d-8e34-a7488920e629-8316722560","trial_id":16,"param_name":"gamma","param_value_internal":0.9984445507740313,"distribution":"{\"name\": \"FloatDistribution\", \"attributes\": {\"step\": null, \"low\": 0.98, \"high\": 0.999, \"log\": false}}"}
{"op_code":5,"worker_id":"783ecce1-a686-4a5d-8e34-a7488920e629-8316722560","trial_id":16,"param_name":"n_step","param_value_internal":3,"distribution":"{\"name\": \"CategoricalDistribution\", \"attributes\": {\"choices\": [1, 2, 4, 8, 16]}}"}
{"op_code":5,"worker_id":"783ecce1-a686-4a5d-8e34-a7488920e629-8316722560","trial_id":16,"param_name":"batch","param_value_internal":0,"distribution":"{\"name\": \"CategoricalDistribution\", \"attributes\": {\"choices\": [64, 128, 256]}}"}
{"op_code":5,"worker_id":"783ecce1-a686-4a5d-8e34-a7488920e629-8316722560","trial_id":16,"param_name":"hidden","param_value_internal":1,"distribution":"{\"name\": \"CategoricalDistribution\", \"attributes\": {\"choices\": [64, 128, 256]}}"}
{"op_code":5,"worker_id":"783ecce1-a686-4a5d-8e34-a7488920e629-8316722560","trial_id":16,"param_name":"target_sync","param_value_internal":3,"distribution":"{\"name\": \"CategoricalDistribution\", \"attributes\": {\"choices\": [500, 1000, 2000, 5000, 10000]}}"}
{"op_code":5,"worker_id":"783ecce1-a686-4a5d-8e34-a7488920e629-8316722560","trial_id":16,"param_name":"update_every","param_value_internal":0,"distribution":"{\"name\": \"CategoricalDistribution\", \"attributes\": {\"choices\": [1, 2, 4]}}"}
{"op_code":5,"worker_id":"783ecce1-a686-4a5d-8e34-a7488920e629-8316722560","trial_id":16,"param_name":"buffer","param_value_internal":3,"distribution":"{\"name\": \"CategoricalDistribution\", \"attributes\": {\"choices\": [50000, 100000, 200000, 400000]}}"}
{"op_code":5,"worker_id":"783ecce1-a686-4a5d-8e34-a7488920e629-8316722560","trial_id":16,"param_name":"eps_end","param_value_internal":0.049603668197613804,"distribution":"{\"name\": \"FloatDistribution\", \"attributes\": {\"step\": null, \"low\": 0.01, \"high\": 0.1, \"log\": false}}"}
{"op_code":5,"worker_id":"783ecce1-a686-4a5d-8e34-a7488920e629-8316722560","trial_id":16,"param_name":"eps_decay_frac","param_value_internal":0.13655770956138763,"distribution":"{\"name\": \"FloatDistribution\", \"attributes\": {\"step\": null, \"low\": 0.1, \"high\": 0.6, \"log\": false}}"}
{"op_code":5,"worker_id":"783ecce1-a686-4a5d-8e34-a7488920e629-8316722560","trial_id":16,"param_name":"reward_scale","param_value_internal":22.207256538996965,"distribution":"{\"name\": \"FloatDistribution\", \"attributes\": {\"step\": null, \"low\": 5.0, \"high\": 80.0, \"log\": true}}"}
{"op_code":5,"worker_id":"783ecce1-a686-4a5d-8e34-a7488920e629-8316722560","trial_id":16,"param_name":"episode_days","param_value_internal":1,"distribution":"{\"name\": \"CategoricalDistribution\", \"attributes\": {\"choices\": [3, 7, 14]}}"}
{"op_code":8,"worker_id":"783ecce1-a686-4a5d-8e34-a7488920e629-8316722560","trial_id":16,"user_attr":{"tag":"c4a9dd7d120ad"}}
{"op_code":8,"worker_id":"783ecce1-a686-4a5d-8e34-a7488920e629-8316722560","trial_id":16,"user_attr":{"overrides":{"gamma":0.9984445507740313,"n_step":8,"lr":0.0004452885541518526,"batch":64,"hidden":128,"target_sync":5000,"update_every":1,"buffer":400000,"eps_end":0.049603668197613804,"eps_decay_frac":0.13655770956138763,"reward_scale":22.207256538996965,"episode_days":7}}}
{"op_code":7,"worker_id":"783ecce1-a686-4a5d-8e34-a7488920e629-8316722560","trial_id":15,"step":3,"intermediate_value":25.28093222290863}
{"op_code":8,"worker_id":"783ecce1-a686-4a5d-8e34-a7488920e629-8316722560","trial_id":15,"user_attr":{"hh_saving":{"254":33.080032030310534,"185":12.135477690543029,"230":30.627286947872317}}}
{"op_code":8,"worker_id":"783ecce1-a686-4a5d-8e34-a7488920e629-8316722560","trial_id":15,"user_attr":{"val_efc_mean":29.697227916666662}}
{"op_code":8,"worker_id":"783ecce1-a686-4a5d-8e34-a7488920e629-8316722560","trial_id":15,"user_attr":{"converged_share":1.0}}
{"op_code":8,"worker_id":"783ecce1-a686-4a5d-8e34-a7488920e629-8316722560","trial_id":15,"user_attr":{"wall_s":223.3836030960083}}
{"op_code":6,"worker_id":"783ecce1-a686-4a5d-8e34-a7488920e629-8316722560","trial_id":15,"state":2,"values":[25.28093222290863],"datetime_complete":"2026-10-08T05:01:36.757882"}
{"op_code":4,"worker_id":"783ecce1-a686-4a5d-8e34-a7488920e629-8316722560","study_id":0,"datetime_start":"2026-10-08T05:03:22.203763"}
{"op_code":9,"worker_id":"783ecce1-a686-4a5d-8e34-a7488920e629-8316722560","trial_id":17,"system_attr":{"tpe:relative_params:0":"{\"batch\": 128, \"buffer\": 400000, \"episode_days\": 14, \"eps_decay_frac\": 0.21068669537069473, \"eps_end\": 0.07474334557531392, \"gamma\": 0.9920346116859692, \"hidden\": 128, \"lr\": 0.00022141639189359233, \"n_step\": 4, \"reward_scale\": 78.77606328875738, \"target_sync\": 5000, \"update_every\": 1}"}}
{"op_code":5,"worker_id":"783ecce1-a686-4a5d-8e34-a7488920e629-8316722560","trial_id":17,"param_name":"lr","param_value_internal":0.00022141639189359233,"distribution":"{\"name\": \"FloatDistribution\", \"attributes\": {\"step\": null, \"low\": 0.0001, \"high\": 0.003, \"log\": true}}"}
{"op_code":5,"worker_id":"783ecce1-a686-4a5d-8e34-a7488920e629-8316722560","trial_id":17,"param_name":"gamma","param_value_internal":0.9920346116859692,"distribution":"{\"name\": \"FloatDistribution\", \"attributes\": {\"step\": null, \"low\": 0.98, \"high\": 0.999, \"log\": false}}"}
{"op_code":5,"worker_id":"783ecce1-a686-4a5d-8e34-a7488920e629-8316722560","trial_id":17,"param_name":"n_step","param_value_internal":2,"distribution":"{\"name\": \"CategoricalDistribution\", \"attributes\": {\"choices\": [1, 2, 4, 8, 16]}}"}
{"op_code":5,"worker_id":"783ecce1-a686-4a5d-8e34-a7488920e629-8316722560","trial_id":17,"param_name":"batch","param_value_internal":1,"distribution":"{\"name\": \"CategoricalDistribution\", \"attributes\": {\"choices\": [64, 128, 256]}}"}
{"op_code":5,"worker_id":"783ecce1-a686-4a5d-8e34-a7488920e629-8316722560","trial_id":17,"param_name":"hidden","param_value_internal":1,"distribution":"{\"name\": \"CategoricalDistribution\", \"attributes\": {\"choices\": [64, 128, 256]}}"}
{"op_code":5,"worker_id":"783ecce1-a686-4a5d-8e34-a7488920e629-8316722560","trial_id":17,"param_name":"target_sync","param_value_internal":3,"distribution":"{\"name\": \"CategoricalDistribution\", \"attributes\": {\"choices\": [500, 1000, 2000, 5000, 10000]}}"}
{"op_code":5,"worker_id":"783ecce1-a686-4a5d-8e34-a7488920e629-8316722560","trial_id":17,"param_name":"update_every","param_value_internal":0,"distribution":"{\"name\": \"CategoricalDistribution\", \"attributes\": {\"choices\": [1, 2, 4]}}"}
{"op_code":5,"worker_id":"783ecce1-a686-4a5d-8e34-a7488920e629-8316722560","trial_id":17,"param_name":"buffer","param_value_internal":3,"distribution":"{\"name\": \"CategoricalDistribution\", \"attributes\": {\"choices\": [50000, 100000, 200000, 400000]}}"}
{"op_code":5,"worker_id":"783ecce1-a686-4a5d-8e34-a7488920e629-8316722560","trial_id":17,"param_name":"eps_end","param_value_internal":0.07474334557531392,"distribution":"{\"name\": \"FloatDistribution\", \"attributes\": {\"step\": null, \"low\": 0.01, \"high\": 0.1, \"log\": false}}"}
{"op_code":5,"worker_id":"783ecce1-a686-4a5d-8e34-a7488920e629-8316722560","trial_id":17,"param_name":"eps_decay_frac","param_value_internal":0.21068669537069473,"distribution":"{\"name\": \"FloatDistribution\", \"attributes\": {\"step\": null, \"low\": 0.1, \"high\": 0.6, \"log\": false}}"}
{"op_code":5,"worker_id":"783ecce1-a686-4a5d-8e34-a7488920e629-8316722560","trial_id":17,"param_name":"reward_scale","param_value_internal":78.77606328875738,"distribution":"{\"name\": \"FloatDistribution\", \"attributes\": {\"step\": null, \"low\": 5.0, \"high\": 80.0, \"log\": true}}"}
{"op_code":5,"worker_id":"783ecce1-a686-4a5d-8e34-a7488920e629-8316722560","trial_id":17,"param_name":"episode_days","param_value_internal":2,"distribution":"{\"name\": \"CategoricalDistribution\", \"attributes\": {\"choices\": [3, 7, 14]}}"}
{"op_code":8,"worker_id":"783ecce1-a686-4a5d-8e34-a7488920e629-8316722560","trial_id":17,"user_attr":{"tag":"c459b4821c0f5"}}
{"op_code":8,"worker_id":"783ecce1-a686-4a5d-8e34-a7488920e629-8316722560","trial_id":17,"user_attr":{"overrides":{"gamma":0.9920346116859692,"n_step":4,"lr":0.00022141639189359233,"batch":128,"hidden":128,"target_sync":5000,"update_every":1,"buffer":400000,"eps_end":0.07474334557531392,"eps_decay_frac":0.21068669537069473,"reward_scale":78.77606328875738,"episode_days":14}}}
{"op_code":7,"worker_id":"783ecce1-a686-4a5d-8e34-a7488920e629-8316722560","trial_id":16,"step":3,"intermediate_value":35.78856527623416}
{"op_code":7,"worker_id":"783ecce1-a686-4a5d-8e34-a7488920e629-8316722560","trial_id":17,"step":3,"intermediate_value":32.78660417213461}
{"op_code":7,"worker_id":"783ecce1-a686-4a5d-8e34-a7488920e629-8316722560","trial_id":16,"step":8,"intermediate_value":39.84514853705646}
{"op_code":8,"worker_id":"783ecce1-a686-4a5d-8e34-a7488920e629-8316722560","trial_id":16,"user_attr":{"hh_saving":{"254":36.41878749842695,"185":35.603228970598686,"230":35.34367935967686,"266":36.88593608967965,"145":40.702764252615175,"229":36.33984911216298,"300":68.78723587936582,"69":28.679707133925554}}}
{"op_code":8,"worker_id":"783ecce1-a686-4a5d-8e34-a7488920e629-8316722560","trial_id":16,"user_attr":{"val_efc_mean":45.425950099999994}}
{"op_code":8,"worker_id":"783ecce1-a686-4a5d-8e34-a7488920e629-8316722560","trial_id":16,"user_attr":{"converged_share":0.875}}
{"op_code":8,"worker_id":"783ecce1-a686-4a5d-8e34-a7488920e629-8316722560","trial_id":16,"user_attr":{"wall_s":598.0360441207886}}
{"op_code":6,"worker_id":"783ecce1-a686-4a5d-8e34-a7488920e629-8316722560","trial_id":16,"state":1,"values":[39.84514853705646],"datetime_complete":"2026-10-08T05:11:14.125145"}
{"op_code":4,"worker_id":"783ecce1-a686-4a5d-8e34-a7488920e629-8316722560","study_id":0,"datetime_start":"2026-10-08T05:14:01.359461"}
{"op_code":9,"worker_id":"783ecce1-a686-4a5d-8e34-a7488920e629-8316722560","trial_id":18,"system_attr":{"tpe:relative_params:0":"{\"batch\": 64, \"buffer\": 400000, \"episode_days\": 7, \"eps_decay_frac\": 0.13639278936894253, \"eps_end\": 0.041584170129998016, \"gamma\": 0.9978338850057041, \"hidden\": 128, \"lr\": 0.0003572951589832279, \"n_step\": 8, \"reward_scale\": 7.422459526663485, \"target_sync\": 2000, \"update_every\": 1}"}}
{"op_code":5,"worker_id":"783ecce1-a686-4a5d-8e34-a7488920e629-8316722560","trial_id":18,"param_name":"lr","param_value_internal":0.0003572951589832279,"distribution":"{\"name\": \"FloatDistribution\", \"attributes\": {\"step\": null, \"low\": 0.0001, \"high\": 0.003, \"log\": true}}"}
{"op_code":5,"worker_id":"783ecce1-a686-4a5d-8e34-a7488920e629-8316722560","trial_id":18,"param_name":"gamma","param_value_internal":0.9978338850057041,"distribution":"{\"name\": \"FloatDistribution\", \"attributes\": {\"step\": null, \"low\": 0.98, \"high\": 0.999, \"log\": false}}"}
{"op_code":5,"worker_id":"783ecce1-a686-4a5d-8e34-a7488920e629-8316722560","trial_id":18,"param_name":"n_step","param_value_internal":3,"distribution":"{\"name\": \"CategoricalDistribution\", \"attributes\": {\"choices\": [1, 2, 4, 8, 16]}}"}
{"op_code":5,"worker_id":"783ecce1-a686-4a5d-8e34-a7488920e629-8316722560","trial_id":18,"param_name":"batch","param_value_internal":0,"distribution":"{\"name\": \"CategoricalDistribution\", \"attributes\": {\"choices\": [64, 128, 256]}}"}
{"op_code":5,"worker_id":"783ecce1-a686-4a5d-8e34-a7488920e629-8316722560","trial_id":18,"param_name":"hidden","param_value_internal":1,"distribution":"{\"name\": \"CategoricalDistribution\", \"attributes\": {\"choices\": [64, 128, 256]}}"}
{"op_code":5,"worker_id":"783ecce1-a686-4a5d-8e34-a7488920e629-8316722560","trial_id":18,"param_name":"target_sync","param_value_internal":2,"distribution":"{\"name\": \"CategoricalDistribution\", \"attributes\": {\"choices\": [500, 1000, 2000, 5000, 10000]}}"}
{"op_code":5,"worker_id":"783ecce1-a686-4a5d-8e34-a7488920e629-8316722560","trial_id":18,"param_name":"update_every","param_value_internal":0,"distribution":"{\"name\": \"CategoricalDistribution\", \"attributes\": {\"choices\": [1, 2, 4]}}"}
{"op_code":5,"worker_id":"783ecce1-a686-4a5d-8e34-a7488920e629-8316722560","trial_id":18,"param_name":"buffer","param_value_internal":3,"distribution":"{\"name\": \"CategoricalDistribution\", \"attributes\": {\"choices\": [50000, 100000, 200000, 400000]}}"}
{"op_code":5,"worker_id":"783ecce1-a686-4a5d-8e34-a7488920e629-8316722560","trial_id":18,"param_name":"eps_end","param_value_internal":0.041584170129998016,"distribution":"{\"name\": \"FloatDistribution\", \"attributes\": {\"step\": null, \"low\": 0.01, \"high\": 0.1, \"log\": false}}"}
{"op_code":5,"worker_id":"783ecce1-a686-4a5d-8e34-a7488920e629-8316722560","trial_id":18,"param_name":"eps_decay_frac","param_value_internal":0.13639278936894253,"distribution":"{\"name\": \"FloatDistribution\", \"attributes\": {\"step\": null, \"low\": 0.1, \"high\": 0.6, \"log\": false}}"}
{"op_code":5,"worker_id":"783ecce1-a686-4a5d-8e34-a7488920e629-8316722560","trial_id":18,"param_name":"reward_scale","param_value_internal":7.422459526663485,"distribution":"{\"name\": \"FloatDistribution\", \"attributes\": {\"step\": null, \"low\": 5.0, \"high\": 80.0, \"log\": true}}"}
{"op_code":5,"worker_id":"783ecce1-a686-4a5d-8e34-a7488920e629-8316722560","trial_id":18,"param_name":"episode_days","param_value_internal":1,"distribution":"{\"name\": \"CategoricalDistribution\", \"attributes\": {\"choices\": [3, 7, 14]}}"}
{"op_code":8,"worker_id":"783ecce1-a686-4a5d-8e34-a7488920e629-8316722560","trial_id":18,"user_attr":{"tag":"c75a985719871"}}
{"op_code":8,"worker_id":"783ecce1-a686-4a5d-8e34-a7488920e629-8316722560","trial_id":18,"user_attr":{"overrides":{"gamma":0.9978338850057041,"n_step":8,"lr":0.0003572951589832279,"batch":64,"hidden":128,"target_sync":2000,"update_every":1,"buffer":400000,"eps_end":0.041584170129998016,"eps_decay_frac":0.13639278936894253,"reward_scale":7.422459526663485,"episode_days":7}}}
{"op_code":7,"worker_id":"783ecce1-a686-4a5d-8e34-a7488920e629-8316722560","trial_id":17,"step":8,"intermediate_value":40.677479317758525}
{"op_code":8,"worker_id":"783ecce1-a686-4a5d-8e34-a7488920e629-8316722560","trial_id":17,"user_attr":{"hh_saving":{"254":34.171477817134445,"185":33.181688402743205,"230":31.006646296526164,"266":42.84509237541328,"145":45.35659352625889,"229":31.618505640887204,"300":73.88532919940157,"69":33.35450128370343}}}
{"op_code":8,"worker_id":"783ecce1-a686-4a5d-8e34-a7488920e629-8316722560","trial_id":17,"user_attr":{"val_efc_mean":38.296767537499996}}
{"op_code":8,"worker_id":"783ecce1-a686-4a5d-8e34-a7488920e629-8316722560","trial_id":17,"user_attr":{"converged_share":0.75}}
{"op_code":8,"worker_id":"783ecce1-a686-4a5d-8e34-a7488920e629-8316722560","trial_id":17,"user_attr":{"wall_s":819.3676879405975}}
{"op_code":6,"worker_id":"783ecce1-a686-4a5d-8e34-a7488920e629-8316722560","trial_id":17,"state":1,"values":[40.677479317758525],"datetime_complete":"2026-10-08T05:17:01.579721"}
{"op_code":4,"worker_id":"783ecce1-a686-4a5d-8e34-a7488920e629-8316722560","study_id":0,"datetime_start":"2026-10-08T05:17:13.013673"}
{"op_code":9,"worker_id":"783ecce1-a686-4a5d-8e34-a7488920e629-8316722560","trial_id":19,"system_attr":{"tpe:relative_params:0":"{\"batch\": 256, \"buffer\": 400000, \"episode_days\": 14, \"eps_decay_frac\": 0.26043120104818396, \"eps_end\": 0.05694442611927372, \"gamma\": 0.9934196667028656, \"hidden\": 128, \"lr\": 0.0001553474237785059, \"n_step\": 4, \"reward_scale\": 58.10608178924807, \"target_sync\": 5000, \"update_every\": 1}"}}
{"op_code":5,"worker_id":"783ecce1-a686-4a5d-8e34-a7488920e629-8316722560","trial_id":19,"param_name":"lr","param_value_internal":0.0001553474237785059,"distribution":"{\"name\": \"FloatDistribution\", \"attributes\": {\"step\": null, \"low\": 0.0001, \"high\": 0.003, \"log\": true}}"}
{"op_code":5,"worker_id":"783ecce1-a686-4a5d-8e34-a7488920e629-8316722560","trial_id":19,"param_name":"gamma","param_value_internal":0.9934196667028656,"distribution":"{\"name\": \"FloatDistribution\", \"attributes\": {\"step\": null, \"low\": 0.98, \"high\": 0.999, \"log\": false}}"}
{"op_code":5,"worker_id":"783ecce1-a686-4a5d-8e34-a7488920e629-8316722560","trial_id":19,"param_name":"n_step","param_value_internal":2,"distribution":"{\"name\": \"CategoricalDistribution\", \"attributes\": {\"choices\": [1, 2, 4, 8, 16]}}"}
{"op_code":5,"worker_id":"783ecce1-a686-4a5d-8e34-a7488920e629-8316722560","trial_id":19,"param_name":"batch","param_value_internal":2,"distribution":"{\"name\": \"CategoricalDistribution\", \"attributes\": {\"choices\": [64, 128, 256]}}"}
{"op_code":5,"worker_id":"783ecce1-a686-4a5d-8e34-a7488920e629-8316722560","trial_id":19,"param_name":"hidden","param_value_internal":1,"distribution":"{\"name\": \"CategoricalDistribution\", \"attributes\": {\"choices\": [64, 128, 256]}}"}
{"op_code":5,"worker_id":"783ecce1-a686-4a5d-8e34-a7488920e629-8316722560","trial_id":19,"param_name":"target_sync","param_value_internal":3,"distribution":"{\"name\": \"CategoricalDistribution\", \"attributes\": {\"choices\": [500, 1000, 2000, 5000, 10000]}}"}
{"op_code":5,"worker_id":"783ecce1-a686-4a5d-8e34-a7488920e629-8316722560","trial_id":19,"param_name":"update_every","param_value_internal":0,"distribution":"{\"name\": \"CategoricalDistribution\", \"attributes\": {\"choices\": [1, 2, 4]}}"}
{"op_code":5,"worker_id":"783ecce1-a686-4a5d-8e34-a7488920e629-8316722560","trial_id":19,"param_name":"buffer","param_value_internal":3,"distribution":"{\"name\": \"CategoricalDistribution\", \"attributes\": {\"choices\": [50000, 100000, 200000, 400000]}}"}
{"op_code":5,"worker_id":"783ecce1-a686-4a5d-8e34-a7488920e629-8316722560","trial_id":19,"param_name":"eps_end","param_value_internal":0.05694442611927372,"distribution":"{\"name\": \"FloatDistribution\", \"attributes\": {\"step\": null, \"low\": 0.01, \"high\": 0.1, \"log\": false}}"}
{"op_code":5,"worker_id":"783ecce1-a686-4a5d-8e34-a7488920e629-8316722560","trial_id":19,"param_name":"eps_decay_frac","param_value_internal":0.26043120104818396,"distribution":"{\"name\": \"FloatDistribution\", \"attributes\": {\"step\": null, \"low\": 0.1, \"high\": 0.6, \"log\": false}}"}
{"op_code":5,"worker_id":"783ecce1-a686-4a5d-8e34-a7488920e629-8316722560","trial_id":19,"param_name":"reward_scale","param_value_internal":58.10608178924807,"distribution":"{\"name\": \"FloatDistribution\", \"attributes\": {\"step\": null, \"low\": 5.0, \"high\": 80.0, \"log\": true}}"}
{"op_code":5,"worker_id":"783ecce1-a686-4a5d-8e34-a7488920e629-8316722560","trial_id":19,"param_name":"episode_days","param_value_internal":2,"distribution":"{\"name\": \"CategoricalDistribution\", \"attributes\": {\"choices\": [3, 7, 14]}}"}
{"op_code":8,"worker_id":"783ecce1-a686-4a5d-8e34-a7488920e629-8316722560","trial_id":19,"user_attr":{"tag":"ca17ec1ebeeae"}}
{"op_code":8,"worker_id":"783ecce1-a686-4a5d-8e34-a7488920e629-8316722560","trial_id":19,"user_attr":{"overrides":{"gamma":0.9934196667028656,"n_step":4,"lr":0.0001553474237785059,"batch":256,"hidden":128,"target_sync":5000,"update_every":1,"buffer":400000,"eps_end":0.05694442611927372,"eps_decay_frac":0.26043120104818396,"reward_scale":58.10608178924807,"episode_days":14}}}
{"op_code":7,"worker_id":"783ecce1-a686-4a5d-8e34-a7488920e629-8316722560","trial_id":18,"step":3,"intermediate_value":24.053987661727206}
{"op_code":8,"worker_id":"783ecce1-a686-4a5d-8e34-a7488920e629-8316722560","trial_id":18,"user_attr":{"hh_saving":{"254":27.93322373096346,"185":15.314442940073429,"230":28.914296314144732}}}
{"op_code":8,"worker_id":"783ecce1-a686-4a5d-8e34-a7488920e629-8316722560","trial_id":18,"user_attr":{"val_efc_mean":38.17518903333334}}
{"op_code":8,"worker_id":"783ecce1-a686-4a5d-8e34-a7488920e629-8316722560","trial_id":18,"user_attr":{"converged_share":1.0}}
{"op_code":8,"worker_id":"783ecce1-a686-4a5d-8e34-a7488920e629-8316722560","trial_id":18,"user_attr":{"wall_s":221.4264941215515}}
{"op_code":6,"worker_id":"783ecce1-a686-4a5d-8e34-a7488920e629-8316722560","trial_id":18,"state":2,"values":[24.053987661727206],"datetime_complete":"2026-10-08T05:17:42.794154"}
{"op_code":4,"worker_id":"783ecce1-a686-4a5d-8e34-a7488920e629-8316722560","study_id":0,"datetime_start":"2026-10-08T05:18:48.796910"}
{"op_code":9,"worker_id":"783ecce1-a686-4a5d-8e34-a7488920e629-8316722560","trial_id":20,"system_attr":{"tpe:relative_params:0":"{\"batch\": 128, \"buffer\": 400000, \"episode_days\": 14, \"eps_decay_frac\": 0.2181245160628616, \"eps_end\": 0.09606530997360158, \"gamma\": 0.9871002983722039, \"hidden\": 256, \"lr\": 0.0002460119844395661, \"n_step\": 2, \"reward_scale\": 66.26882265228686, \"target_sync\": 5000, \"update_every\": 1}"}}
{"op_code":5,"worker_id":"783ecce1-a686-4a5d-8e34-a7488920e629-8316722560","trial_id":20,"param_name":"lr","param_value_internal":0.0002460119844395661,"distribution":"{\"name\": \"FloatDistribution\", \"attributes\": {\"step\": null, \"low\": 0.0001, \"high\": 0.003, \"log\": true}}"}
{"op_code":5,"worker_id":"783ecce1-a686-4a5d-8e34-a7488920e629-8316722560","trial_id":20,"param_name":"gamma","param_value_internal":0.9871002983722039,"distribution":"{\"name\": \"FloatDistribution\", \"attributes\": {\"step\": null, \"low\": 0.98, \"high\": 0.999, \"log\": false}}"}
{"op_code":5,"worker_id":"783ecce1-a686-4a5d-8e34-a7488920e629-8316722560","trial_id":20,"param_name":"n_step","param_value_internal":1,"distribution":"{\"name\": \"CategoricalDistribution\", \"attributes\": {\"choices\": [1, 2, 4, 8, 16]}}"}
{"op_code":5,"worker_id":"783ecce1-a686-4a5d-8e34-a7488920e629-8316722560","trial_id":20,"param_name":"batch","param_value_internal":1,"distribution":"{\"name\": \"CategoricalDistribution\", \"attributes\": {\"choices\": [64, 128, 256]}}"}
{"op_code":5,"worker_id":"783ecce1-a686-4a5d-8e34-a7488920e629-8316722560","trial_id":20,"param_name":"hidden","param_value_internal":2,"distribution":"{\"name\": \"CategoricalDistribution\", \"attributes\": {\"choices\": [64, 128, 256]}}"}
{"op_code":5,"worker_id":"783ecce1-a686-4a5d-8e34-a7488920e629-8316722560","trial_id":20,"param_name":"target_sync","param_value_internal":3,"distribution":"{\"name\": \"CategoricalDistribution\", \"attributes\": {\"choices\": [500, 1000, 2000, 5000, 10000]}}"}
{"op_code":5,"worker_id":"783ecce1-a686-4a5d-8e34-a7488920e629-8316722560","trial_id":20,"param_name":"update_every","param_value_internal":0,"distribution":"{\"name\": \"CategoricalDistribution\", \"attributes\": {\"choices\": [1, 2, 4]}}"}
{"op_code":5,"worker_id":"783ecce1-a686-4a5d-8e34-a7488920e629-8316722560","trial_id":20,"param_name":"buffer","param_value_internal":3,"distribution":"{\"name\": \"CategoricalDistribution\", \"attributes\": {\"choices\": [50000, 100000, 200000, 400000]}}"}
{"op_code":5,"worker_id":"783ecce1-a686-4a5d-8e34-a7488920e629-8316722560","trial_id":20,"param_name":"eps_end","param_value_internal":0.09606530997360158,"distribution":"{\"name\": \"FloatDistribution\", \"attributes\": {\"step\": null, \"low\": 0.01, \"high\": 0.1, \"log\": false}}"}
{"op_code":5,"worker_id":"783ecce1-a686-4a5d-8e34-a7488920e629-8316722560","trial_id":20,"param_name":"eps_decay_frac","param_value_internal":0.2181245160628616,"distribution":"{\"name\": \"FloatDistribution\", \"attributes\": {\"step\": null, \"low\": 0.1, \"high\": 0.6, \"log\": false}}"}
{"op_code":5,"worker_id":"783ecce1-a686-4a5d-8e34-a7488920e629-8316722560","trial_id":20,"param_name":"reward_scale","param_value_internal":66.26882265228686,"distribution":"{\"name\": \"FloatDistribution\", \"attributes\": {\"step\": null, \"low\": 5.0, \"high\": 80.0, \"log\": true}}"}
{"op_code":5,"worker_id":"783ecce1-a686-4a5d-8e34-a7488920e629-8316722560","trial_id":20,"param_name":"episode_days","param_value_internal":2,"distribution":"{\"name\": \"CategoricalDistribution\", \"attributes\": {\"choices\": [3, 7, 14]}}"}
{"op_code":8,"worker_id":"783ecce1-a686-4a5d-8e34-a7488920e629-8316722560","trial_id":20,"user_attr":{"tag":"c485e7053438e"}}
{"op_code":8,"worker_id":"783ecce1-a686-4a5d-8e34-a7488920e629-8316722560","trial_id":20,"user_attr":{"overrides":{"gamma":0.9871002983722039,"n_step":2,"lr":0.0002460119844395661,"batch":128,"hidden":256,"target_sync":5000,"update_every":1,"buffer":400000,"eps_end":0.09606530997360158,"eps_decay_frac":0.2181245160628616,"reward_scale":66.26882265228686,"episode_days":14}}}
{"op_code":7,"worker_id":"783ecce1-a686-4a5d-8e34-a7488920e629-8316722560","trial_id":19,"step":3,"intermediate_value":32.362211889434256}
{"op_code":7,"worker_id":"783ecce1-a686-4a5d-8e34-a7488920e629-8316722560","trial_id":20,"step":3,"intermediate_value":32.04517143950314}
{"op_code":7,"worker_id":"783ecce1-a686-4a5d-8e34-a7488920e629-8316722560","trial_id":19,"step":8,"intermediate_value":40.12207820413501}
{"op_code":8,"worker_id":"783ecce1-a686-4a5d-8e34-a7488920e629-8316722560","trial_id":19,"user_attr":{"hh_saving":{"254":33.8558234973407,"185":24.909737097994274,"230":38.321075072967794,"266":40.93783631739909,"145":43.62320486836261,"229":31.842750468160084,"300":73.74005103957656,"69":33.74614727127895}}}
{"op_code":8,"worker_id":"783ecce1-a686-4a5d-8e34-a7488920e629-8316722560","trial_id":19,"user_attr":{"val_efc_mean":41.086558337499994}}
{"op_code":8,"worker_id":"783ecce1-a686-4a5d-8e34-a7488920e629-8316722560","trial_id":19,"user_attr":{"converged_share":1.0}}
{"op_code":8,"worker_id":"783ecce1-a686-4a5d-8e34-a7488920e629-8316722560","trial_id":19,"user_attr":{"wall_s":724.3569839000702}}
{"op_code":6,"worker_id":"783ecce1-a686-4a5d-8e34-a7488920e629-8316722560","trial_id":19,"state":1,"values":[40.12207820413501],"datetime_complete":"2026-10-08T05:29:17.379025"}
{"op_code":4,"worker_id":"783ecce1-a686-4a5d-8e34-a7488920e629-8316722560","study_id":0,"datetime_start":"2026-10-08T05:30:00.346813"}
{"op_code":9,"worker_id":"783ecce1-a686-4a5d-8e34-a7488920e629-8316722560","trial_id":21,"system_attr":{"tpe:relative_params:0":"{\"batch\": 64, \"buffer\": 400000, \"episode_days\": 7, \"eps_decay_frac\": 0.34168620542086836, \"eps_end\": 0.09931998913545328, \"gamma\": 0.9866998900162172, \"hidden\": 128, \"lr\": 0.00011368687229276368, \"n_step\": 8, \"reward_scale\": 38.18046013323264, \"target_sync\": 5000, \"update_every\": 1}"}}
{"op_code":5,"worker_id":"783ecce1-a686-4a5d-8e34-a7488920e629-8316722560","trial_id":21,"param_name":"lr","param_value_internal":0.00011368687229276368,"distribution":"{\"name\": \"FloatDistribution\", \"attributes\": {\"step\": null, \"low\": 0.0001, \"high\": 0.003, \"log\": true}}"}
{"op_code":5,"worker_id":"783ecce1-a686-4a5d-8e34-a7488920e629-8316722560","trial_id":21,"param_name":"gamma","param_value_internal":0.9866998900162172,"distribution":"{\"name\": \"FloatDistribution\", \"attributes\": {\"step\": null, \"low\": 0.98, \"high\": 0.999, \"log\": false}}"}
{"op_code":5,"worker_id":"783ecce1-a686-4a5d-8e34-a7488920e629-8316722560","trial_id":21,"param_name":"n_step","param_value_internal":3,"distribution":"{\"name\": \"CategoricalDistribution\", \"attributes\": {\"choices\": [1, 2, 4, 8, 16]}}"}
{"op_code":5,"worker_id":"783ecce1-a686-4a5d-8e34-a7488920e629-8316722560","trial_id":21,"param_name":"batch","param_value_internal":0,"distribution":"{\"name\": \"CategoricalDistribution\", \"attributes\": {\"choices\": [64, 128, 256]}}"}
{"op_code":5,"worker_id":"783ecce1-a686-4a5d-8e34-a7488920e629-8316722560","trial_id":21,"param_name":"hidden","param_value_internal":1,"distribution":"{\"name\": \"CategoricalDistribution\", \"attributes\": {\"choices\": [64, 128, 256]}}"}
{"op_code":5,"worker_id":"783ecce1-a686-4a5d-8e34-a7488920e629-8316722560","trial_id":21,"param_name":"target_sync","param_value_internal":3,"distribution":"{\"name\": \"CategoricalDistribution\", \"attributes\": {\"choices\": [500, 1000, 2000, 5000, 10000]}}"}
{"op_code":5,"worker_id":"783ecce1-a686-4a5d-8e34-a7488920e629-8316722560","trial_id":21,"param_name":"update_every","param_value_internal":0,"distribution":"{\"name\": \"CategoricalDistribution\", \"attributes\": {\"choices\": [1, 2, 4]}}"}
{"op_code":5,"worker_id":"783ecce1-a686-4a5d-8e34-a7488920e629-8316722560","trial_id":21,"param_name":"buffer","param_value_internal":3,"distribution":"{\"name\": \"CategoricalDistribution\", \"attributes\": {\"choices\": [50000, 100000, 200000, 400000]}}"}
{"op_code":5,"worker_id":"783ecce1-a686-4a5d-8e34-a7488920e629-8316722560","trial_id":21,"param_name":"eps_end","param_value_internal":0.09931998913545328,"distribution":"{\"name\": \"FloatDistribution\", \"attributes\": {\"step\": null, \"low\": 0.01, \"high\": 0.1, \"log\": false}}"}
{"op_code":5,"worker_id":"783ecce1-a686-4a5d-8e34-a7488920e629-8316722560","trial_id":21,"param_name":"eps_decay_frac","param_value_internal":0.34168620542086836,"distribution":"{\"name\": \"FloatDistribution\", \"attributes\": {\"step\": null, \"low\": 0.1, \"high\": 0.6, \"log\": false}}"}
{"op_code":5,"worker_id":"783ecce1-a686-4a5d-8e34-a7488920e629-8316722560","trial_id":21,"param_name":"reward_scale","param_value_internal":38.18046013323264,"distribution":"{\"name\": \"FloatDistribution\", \"attributes\": {\"step\": null, \"low\": 5.0, \"high\": 80.0, \"log\": true}}"}
{"op_code":5,"worker_id":"783ecce1-a686-4a5d-8e34-a7488920e629-8316722560","trial_id":21,"param_name":"episode_days","param_value_internal":1,"distribution":"{\"name\": \"CategoricalDistribution\", \"attributes\": {\"choices\": [3, 7, 14]}}"}
{"op_code":8,"worker_id":"783ecce1-a686-4a5d-8e34-a7488920e629-8316722560","trial_id":21,"user_attr":{"tag":"c9e9e2a447df5"}}
{"op_code":8,"worker_id":"783ecce1-a686-4a5d-8e34-a7488920e629-8316722560","trial_id":21,"user_attr":{"overrides":{"gamma":0.9866998900162172,"n_step":8,"lr":0.00011368687229276368,"batch":64,"hidden":128,"target_sync":5000,"update_every":1,"buffer":400000,"eps_end":0.09931998913545328,"eps_decay_frac":0.34168620542086836,"reward_scale":38.18046013323264,"episode_days":7}}}
{"op_code":7,"worker_id":"783ecce1-a686-4a5d-8e34-a7488920e629-8316722560","trial_id":20,"step":8,"intermediate_value":39.45003965939823}
{"op_code":8,"worker_id":"783ecce1-a686-4a5d-8e34-a7488920e629-8316722560","trial_id":20,"user_attr":{"hh_saving":{"254":34.45788971022781,"185":24.176891801435712,"230":37.5007328068459,"266":40.67796480855998,"145":42.924929518797896,"229":32.66541797597209,"300":70.8526697371475,"69":32.343820916198915}}}
{"op_code":8,"worker_id":"783ecce1-a686-4a5d-8e34-a7488920e629-8316722560","trial_id":20,"user_attr":{"val_efc_mean":39.69659588671874}}
{"op_code":8,"worker_id":"783ecce1-a686-4a5d-8e34-a7488920e629-8316722560","trial_id":20,"user_attr":{"converged_share":0.625}}
{"op_code":8,"worker_id":"783ecce1-a686-4a5d-8e34-a7488920e629-8316722560","trial_id":20,"user_attr":{"wall_s":925.9815189838409}}
{"op_code":6,"worker_id":"783ecce1-a686-4a5d-8e34-a7488920e629-8316722560","trial_id":20,"state":1,"values":[39.45003965939823],"datetime_complete":"2026-10-08T05:34:14.786250"}
{"op_code":4,"worker_id":"783ecce1-a686-4a5d-8e34-a7488920e629-8316722560","study_id":0,"datetime_start":"2026-10-08T05:34:23.898261"}
{"op_code":9,"worker_id":"783ecce1-a686-4a5d-8e34-a7488920e629-8316722560","trial_id":22,"system_attr":{"tpe:relative_params:0":"{\"batch\": 128, \"buffer\": 50000, \"episode_days\": 14, \"eps_decay_frac\": 0.18435576301452458, \"eps_end\": 0.063784376006936, \"gamma\": 0.9889637045033004, \"hidden\": 128, \"lr\": 0.0002584777502294681, \"n_step\": 4, \"reward_scale\": 64.04480493538468, \"target_sync\": 5000, \"update_every\": 1}"}}
{"op_code":5,"worker_id":"783ecce1-a686-4a5d-8e34-a7488920e629-8316722560","trial_id":22,"param_name":"lr","param_value_internal":0.0002584777502294681,"distribution":"{\"name\": \"FloatDistribution\", \"attributes\": {\"step\": null, \"low\": 0.0001, \"high\": 0.003, \"log\": true}}"}
{"op_code":5,"worker_id":"783ecce1-a686-4a5d-8e34-a7488920e629-8316722560","trial_id":22,"param_name":"gamma","param_value_internal":0.9889637045033004,"distribution":"{\"name\": \"FloatDistribution\", \"attributes\": {\"step\": null, \"low\": 0.98, \"high\": 0.999, \"log\": false}}"}
{"op_code":5,"worker_id":"783ecce1-a686-4a5d-8e34-a7488920e629-8316722560","trial_id":22,"param_name":"n_step","param_value_internal":2,"distribution":"{\"name\": \"CategoricalDistribution\", \"attributes\": {\"choices\": [1, 2, 4, 8, 16]}}"}
{"op_code":5,"worker_id":"783ecce1-a686-4a5d-8e34-a7488920e629-8316722560","trial_id":22,"param_name":"batch","param_value_internal":1,"distribution":"{\"name\": \"CategoricalDistribution\", \"attributes\": {\"choices\": [64, 128, 256]}}"}
{"op_code":5,"worker_id":"783ecce1-a686-4a5d-8e34-a7488920e629-8316722560","trial_id":22,"param_name":"hidden","param_value_internal":1,"distribution":"{\"name\": \"CategoricalDistribution\", \"attributes\": {\"choices\": [64, 128, 256]}}"}
{"op_code":5,"worker_id":"783ecce1-a686-4a5d-8e34-a7488920e629-8316722560","trial_id":22,"param_name":"target_sync","param_value_internal":3,"distribution":"{\"name\": \"CategoricalDistribution\", \"attributes\": {\"choices\": [500, 1000, 2000, 5000, 10000]}}"}
{"op_code":5,"worker_id":"783ecce1-a686-4a5d-8e34-a7488920e629-8316722560","trial_id":22,"param_name":"update_every","param_value_internal":0,"distribution":"{\"name\": \"CategoricalDistribution\", \"attributes\": {\"choices\": [1, 2, 4]}}"}
{"op_code":5,"worker_id":"783ecce1-a686-4a5d-8e34-a7488920e629-8316722560","trial_id":22,"param_name":"buffer","param_value_internal":0,"distribution":"{\"name\": \"CategoricalDistribution\", \"attributes\": {\"choices\": [50000, 100000, 200000, 400000]}}"}
{"op_code":5,"worker_id":"783ecce1-a686-4a5d-8e34-a7488920e629-8316722560","trial_id":22,"param_name":"eps_end","param_value_internal":0.063784376006936,"distribution":"{\"name\": \"FloatDistribution\", \"attributes\": {\"step\": null, \"low\": 0.01, \"high\": 0.1, \"log\": false}}"}
{"op_code":5,"worker_id":"783ecce1-a686-4a5d-8e34-a7488920e629-8316722560","trial_id":22,"param_name":"eps_decay_frac","param_value_internal":0.18435576301452458,"distribution":"{\"name\": \"FloatDistribution\", \"attributes\": {\"step\": null, \"low\": 0.1, \"high\": 0.6, \"log\": false}}"}
{"op_code":5,"worker_id":"783ecce1-a686-4a5d-8e34-a7488920e629-8316722560","trial_id":22,"param_name":"reward_scale","param_value_internal":64.04480493538468,"distribution":"{\"name\": \"FloatDistribution\", \"attributes\": {\"step\": null, \"low\": 5.0, \"high\": 80.0, \"log\": true}}"}
{"op_code":5,"worker_id":"783ecce1-a686-4a5d-8e34-a7488920e629-8316722560","trial_id":22,"param_name":"episode_days","param_value_internal":2,"distribution":"{\"name\": \"CategoricalDistribution\", \"attributes\": {\"choices\": [3, 7, 14]}}"}
{"op_code":8,"worker_id":"783ecce1-a686-4a5d-8e34-a7488920e629-8316722560","trial_id":22,"user_attr":{"tag":"ccad30ba91d79"}}
{"op_code":8,"worker_id":"783ecce1-a686-4a5d-8e34-a7488920e629-8316722560","trial_id":22,"user_attr":{"overrides":{"gamma":0.9889637045033004,"n_step":4,"lr":0.0002584777502294681,"batch":128,"hidden":128,"target_sync":5000,"update_every":1,"buffer":50000,"eps_end":0.063784376006936,"eps_decay_frac":0.18435576301452458,"reward_scale":64.04480493538468,"episode_days":14}}}
{"op_code":7,"worker_id":"783ecce1-a686-4a5d-8e34-a7488920e629-8316722560","trial_id":21,"step":3,"intermediate_value":31.06171148790838}
{"op_code":7,"worker_id":"783ecce1-a686-4a5d-8e34-a7488920e629-8316722560","trial_id":22,"step":3,"intermediate_value":28.94421295005438}
{"op_code":8,"worker_id":"783ecce1-a686-4a5d-8e34-a7488920e629-8316722560","trial_id":22,"user_attr":{"hh_saving":{"254":30.24777172822043,"185":22.29684317327864,"230":34.28802394866407}}}
{"op_code":8,"worker_id":"783ecce1-a686-4a5d-8e34-a7488920e629-8316722560","trial_id":22,"user_attr":{"val_efc_mean":31.705667483333325}}
{"op_code":8,"worker_id":"783ecce1-a686-4a5d-8e34-a7488920e629-8316722560","trial_id":22,"user_attr":{"converged_share":0.6666666666666666}}
{"op_code":8,"worker_id":"783ecce1-a686-4a5d-8e34-a7488920e629-8316722560","trial_id":22,"user_attr":{"wall_s":332.63665199279785}}
{"op_code":6,"worker_id":"783ecce1-a686-4a5d-8e34-a7488920e629-8316722560","trial_id":22,"state":2,"values":[28.94421295005438],"datetime_complete":"2026-10-08T05:39:56.542562"}
{"op_code":4,"worker_id":"783ecce1-a686-4a5d-8e34-a7488920e629-8316722560","study_id":0,"datetime_start":"2026-10-08T05:39:56.543375"}
{"op_code":9,"worker_id":"783ecce1-a686-4a5d-8e34-a7488920e629-8316722560","trial_id":23,"system_attr":{"tpe:relative_params:0":"{\"batch\": 256, \"buffer\": 400000, \"episode_days\": 14, \"eps_decay_frac\": 0.24967695942682577, \"eps_end\": 0.05863717377022182, \"gamma\": 0.993180659881582, \"hidden\": 128, \"lr\": 0.0007644460907084312, \"n_step\": 4, \"reward_scale\": 33.01557570583556, \"target_sync\": 2000, \"update_every\": 1}"}}
{"op_code":5,"worker_id":"783ecce1-a686-4a5d-8e34-a7488920e629-8316722560","trial_id":23,"param_name":"lr","param_value_internal":0.0007644460907084312,"distribution":"{\"name\": \"FloatDistribution\", \"attributes\": {\"step\": null, \"low\": 0.0001, \"high\": 0.003, \"log\": true}}"}
{"op_code":5,"worker_id":"783ecce1-a686-4a5d-8e34-a7488920e629-8316722560","trial_id":23,"param_name":"gamma","param_value_internal":0.993180659881582,"distribution":"{\"name\": \"FloatDistribution\", \"attributes\": {\"step\": null, \"low\": 0.98, \"high\": 0.999, \"log\": false}}"}
{"op_code":5,"worker_id":"783ecce1-a686-4a5d-8e34-a7488920e629-8316722560","trial_id":23,"param_name":"n_step","param_value_internal":2,"distribution":"{\"name\": \"CategoricalDistribution\", \"attributes\": {\"choices\": [1, 2, 4, 8, 16]}}"}
{"op_code":5,"worker_id":"783ecce1-a686-4a5d-8e34-a7488920e629-8316722560","trial_id":23,"param_name":"batch","param_value_internal":2,"distribution":"{\"name\": \"CategoricalDistribution\", \"attributes\": {\"choices\": [64, 128, 256]}}"}
{"op_code":5,"worker_id":"783ecce1-a686-4a5d-8e34-a7488920e629-8316722560","trial_id":23,"param_name":"hidden","param_value_internal":1,"distribution":"{\"name\": \"CategoricalDistribution\", \"attributes\": {\"choices\": [64, 128, 256]}}"}
{"op_code":5,"worker_id":"783ecce1-a686-4a5d-8e34-a7488920e629-8316722560","trial_id":23,"param_name":"target_sync","param_value_internal":2,"distribution":"{\"name\": \"CategoricalDistribution\", \"attributes\": {\"choices\": [500, 1000, 2000, 5000, 10000]}}"}
{"op_code":5,"worker_id":"783ecce1-a686-4a5d-8e34-a7488920e629-8316722560","trial_id":23,"param_name":"update_every","param_value_internal":0,"distribution":"{\"name\": \"CategoricalDistribution\", \"attributes\": {\"choices\": [1, 2, 4]}}"}
{"op_code":5,"worker_id":"783ecce1-a686-4a5d-8e34-a7488920e629-8316722560","trial_id":23,"param_name":"buffer","param_value_internal":3,"distribution":"{\"name\": \"CategoricalDistribution\", \"attributes\": {\"choices\": [50000, 100000, 200000, 400000]}}"}
{"op_code":5,"worker_id":"783ecce1-a686-4a5d-8e34-a7488920e629-8316722560","trial_id":23,"param_name":"eps_end","param_value_internal":0.05863717377022182,"distribution":"{\"name\": \"FloatDistribution\", \"attributes\": {\"step\": null, \"low\": 0.01, \"high\": 0.1, \"log\": false}}"}
{"op_code":5,"worker_id":"783ecce1-a686-4a5d-8e34-a7488920e629-8316722560","trial_id":23,"param_name":"eps_decay_frac","param_value_internal":0.24967695942682577,"distribution":"{\"name\": \"FloatDistribution\", \"attributes\": {\"step\": null, \"low\": 0.1, \"high\": 0.6, \"log\": false}}"}
{"op_code":5,"worker_id":"783ecce1-a686-4a5d-8e34-a7488920e629-8316722560","trial_id":23,"param_name":"reward_scale","param_value_internal":33.01557570583556,"distribution":"{\"name\": \"FloatDistribution\", \"attributes\": {\"step\": null, \"low\": 5.0, \"high\": 80.0, \"log\": true}}"}
{"op_code":5,"worker_id":"783ecce1-a686-4a5d-8e34-a7488920e629-8316722560","trial_id":23,"param_name":"episode_days","param_value_internal":2,"distribution":"{\"name\": \"CategoricalDistribution\", \"attributes\": {\"choices\": [3, 7, 14]}}"}
{"op_code":8,"worker_id":"783ecce1-a686-4a5d-8e34-a7488920e629-8316722560","trial_id":23,"user_attr":{"tag":"c9fbb2c08f576"}}
{"op_code":8,"worker_id":"783ecce1-a686-4a5d-8e34-a7488920e629-8316722560","trial_id":23,"user_attr":{"overrides":{"gamma":0.993180659881582,"n_step":4,"lr":0.0007644460907084312,"batch":256,"hidden":128,"target_sync":2000,"update_every":1,"buffer":400000,"eps_end":0.05863717377022182,"eps_decay_frac":0.24967695942682577,"reward_scale":33.01557570583556,"episode_days":14}}}
{"op_code":7,"worker_id":"783ecce1-a686-4a5d-8e34-a7488920e629-8316722560","trial_id":21,"step":8,"intermediate_value":39.0082633546484}
{"op_code":8,"worker_id":"783ecce1-a686-4a5d-8e34-a7488920e629-8316722560","trial_id":21,"user_attr":{"hh_saving":{"254":32.677566544147176,"185":22.52788346771451,"230":37.97968445186345,"266":43.72408838400798,"145":43.980738719817964,"229":23.887800572772065,"300":74.68488084430346,"69":32.60346385256056}}}
{"op_code":8,"worker_id":"783ecce1-a686-4a5d-8e34-a7488920e629-8316722560","trial_id":21,"user_attr":{"val_efc_mean":35.67786570515625}}
{"op_code":8,"worker_id":"783ecce1-a686-4a5d-8e34-a7488920e629-8316722560","trial_id":21,"user_attr":{"converged_share":0.75}}
{"op_code":8,"worker_id":"783ecce1-a686-4a5d-8e34-a7488920e629-8316722560","trial_id":21,"user_attr":{"wall_s":752.0770270824432}}
{"op_code":6,"worker_id":"783ecce1-a686-4a5d-8e34-a7488920e629-8316722560","trial_id":21,"state":1,"values":[39.0082633546484],"datetime_complete":"2026-10-08T05:42:32.432553"}
{"op_code":4,"worker_id":"783ecce1-a686-4a5d-8e34-a7488920e629-8316722560","study_id":0,"datetime_start":"2026-10-08T05:42:32.433350"}
{"op_code":9,"worker_id":"783ecce1-a686-4a5d-8e34-a7488920e629-8316722560","trial_id":24,"system_attr":{"tpe:relative_params:0":"{\"batch\": 64, \"buffer\": 400000, \"episode_days\": 14, \"eps_decay_frac\": 0.2171325530409579, \"eps_end\": 0.0658886059356853, \"gamma\": 0.9927612875247448, \"hidden\": 128, \"lr\": 0.0002838892568937267, \"n_step\": 2, \"reward_scale\": 70.49846043370347, \"target_sync\": 1000, \"update_every\": 1}"}}
{"op_code":5,"worker_id":"783ecce1-a686-4a5d-8e34-a7488920e629-8316722560","trial_id":24,"param_name":"lr","param_value_internal":0.0002838892568937267,"distribution":"{\"name\": \"FloatDistribution\", \"attributes\": {\"step\": null, \"low\": 0.0001, \"high\": 0.003, \"log\": true}}"}
{"op_code":5,"worker_id":"783ecce1-a686-4a5d-8e34-a7488920e629-8316722560","trial_id":24,"param_name":"gamma","param_value_internal":0.9927612875247448,"distribution":"{\"name\": \"FloatDistribution\", \"attributes\": {\"step\": null, \"low\": 0.98, \"high\": 0.999, \"log\": false}}"}
{"op_code":5,"worker_id":"783ecce1-a686-4a5d-8e34-a7488920e629-8316722560","trial_id":24,"param_name":"n_step","param_value_internal":1,"distribution":"{\"name\": \"CategoricalDistribution\", \"attributes\": {\"choices\": [1, 2, 4, 8, 16]}}"}
{"op_code":5,"worker_id":"783ecce1-a686-4a5d-8e34-a7488920e629-8316722560","trial_id":24,"param_name":"batch","param_value_internal":0,"distribution":"{\"name\": \"CategoricalDistribution\", \"attributes\": {\"choices\": [64, 128, 256]}}"}
{"op_code":5,"worker_id":"783ecce1-a686-4a5d-8e34-a7488920e629-8316722560","trial_id":24,"param_name":"hidden","param_value_internal":1,"distribution":"{\"name\": \"CategoricalDistribution\", \"attributes\": {\"choices\": [64, 128, 256]}}"}
{"op_code":5,"worker_id":"783ecce1-a686-4a5d-8e34-a7488920e629-8316722560","trial_id":24,"param_name":"target_sync","param_value_internal":1,"distribution":"{\"name\": \"CategoricalDistribution\", \"attributes\": {\"choices\": [500, 1000, 2000, 5000, 10000]}}"}
{"op_code":5,"worker_id":"783ecce1-a686-4a5d-8e34-a7488920e629-8316722560","trial_id":24,"param_name":"update_every","param_value_internal":0,"distribution":"{\"name\": \"CategoricalDistribution\", \"attributes\": {\"choices\": [1, 2, 4]}}"}
{"op_code":5,"worker_id":"783ecce1-a686-4a5d-8e34-a7488920e629-8316722560","trial_id":24,"param_name":"buffer","param_value_internal":3,"distribution":"{\"name\": \"CategoricalDistribution\", \"attributes\": {\"choices\": [50000, 100000, 200000, 400000]}}"}
{"op_code":5,"worker_id":"783ecce1-a686-4a5d-8e34-a7488920e629-8316722560","trial_id":24,"param_name":"eps_end","param_value_internal":0.0658886059356853,"distribution":"{\"name\": \"FloatDistribution\", \"attributes\": {\"step\": null, \"low\": 0.01, \"high\": 0.1, \"log\": false}}"}
{"op_code":5,"worker_id":"783ecce1-a686-4a5d-8e34-a7488920e629-8316722560","trial_id":24,"param_name":"eps_decay_frac","param_value_internal":0.2171325530409579,"distribution":"{\"name\": \"FloatDistribution\", \"attributes\": {\"step\": null, \"low\": 0.1, \"high\": 0.6, \"log\": false}}"}
{"op_code":5,"worker_id":"783ecce1-a686-4a5d-8e34-a7488920e629-8316722560","trial_id":24,"param_name":"reward_scale","param_value_internal":70.49846043370347,"distribution":"{\"name\": \"FloatDistribution\", \"attributes\": {\"step\": null, \"low\": 5.0, \"high\": 80.0, \"log\": true}}"}
{"op_code":5,"worker_id":"783ecce1-a686-4a5d-8e34-a7488920e629-8316722560","trial_id":24,"param_name":"episode_days","param_value_internal":2,"distribution":"{\"name\": \"CategoricalDistribution\", \"attributes\": {\"choices\": [3, 7, 14]}}"}
{"op_code":8,"worker_id":"783ecce1-a686-4a5d-8e34-a7488920e629-8316722560","trial_id":24,"user_attr":{"tag":"c6ce57bbe2724"}}
{"op_code":8,"worker_id":"783ecce1-a686-4a5d-8e34-a7488920e629-8316722560","trial_id":24,"user_attr":{"overrides":{"gamma":0.9927612875247448,"n_step":2,"lr":0.0002838892568937267,"batch":64,"hidden":128,"target_sync":1000,"update_every":1,"buffer":400000,"eps_end":0.0658886059356853,"eps_decay_frac":0.2171325530409579,"reward_scale":70.49846043370347,"episode_days":14}}}
{"op_code":7,"worker_id":"783ecce1-a686-4a5d-8e34-a7488920e629-8316722560","trial_id":23,"step":3,"intermediate_value":30.500932427138945}
{"op_code":8,"worker_id":"783ecce1-a686-4a5d-8e34-a7488920e629-8316722560","trial_id":23,"user_attr":{"hh_saving":{"254":32.25156426976418,"185":28.116048362160175,"230":31.13518464949247}}}
{"op_code":8,"worker_id":"783ecce1-a686-4a5d-8e34-a7488920e629-8316722560","trial_id":23,"user_attr":{"val_efc_mean":34.85721118333333}}
{"op_code":8,"worker_id":"783ecce1-a686-4a5d-8e34-a7488920e629-8316722560","trial_id":23,"user_attr":{"converged_share":1.0}}
{"op_code":8,"worker_id":"783ecce1-a686-4a5d-8e34-a7488920e629-8316722560","trial_id":23,"user_attr":{"wall_s":344.8591296672821}}
{"op_code":6,"worker_id":"783ecce1-a686-4a5d-8e34-a7488920e629-8316722560","trial_id":23,"state":2,"values":[30.500932427138945],"datetime_complete":"2026-10-08T05:45:41.409709"}
{"op_code":4,"worker_id":"783ecce1-a686-4a5d-8e34-a7488920e629-8316722560","study_id":0,"datetime_start":"2026-10-08T05:46:03.141341"}
{"op_code":9,"worker_id":"783ecce1-a686-4a5d-8e34-a7488920e629-8316722560","trial_id":25,"system_attr":{"tpe:relative_params:0":"{\"batch\": 64, \"buffer\": 400000, \"episode_days\": 7, \"eps_decay_frac\": 0.28480655199101484, \"eps_end\": 0.08584804078023715, \"gamma\": 0.9956121245407707, \"hidden\": 128, \"lr\": 0.00017660153523456159, \"n_step\": 16, \"reward_scale\": 77.26077819485246, \"target_sync\": 5000, \"update_every\": 4}"}}
{"op_code":5,"worker_id":"783ecce1-a686-4a5d-8e34-a7488920e629-8316722560","trial_id":25,"param_name":"lr","param_value_internal":0.00017660153523456159,"distribution":"{\"name\": \"FloatDistribution\", \"attributes\": {\"step\": null, \"low\": 0.0001, \"high\": 0.003, \"log\": true}}"}
{"op_code":5,"worker_id":"783ecce1-a686-4a5d-8e34-a7488920e629-8316722560","trial_id":25,"param_name":"gamma","param_value_internal":0.9956121245407707,"distribution":"{\"name\": \"FloatDistribution\", \"attributes\": {\"step\": null, \"low\": 0.98, \"high\": 0.999, \"log\": false}}"}
{"op_code":5,"worker_id":"783ecce1-a686-4a5d-8e34-a7488920e629-8316722560","trial_id":25,"param_name":"n_step","param_value_internal":4,"distribution":"{\"name\": \"CategoricalDistribution\", \"attributes\": {\"choices\": [1, 2, 4, 8, 16]}}"}
{"op_code":5,"worker_id":"783ecce1-a686-4a5d-8e34-a7488920e629-8316722560","trial_id":25,"param_name":"batch","param_value_internal":0,"distribution":"{\"name\": \"CategoricalDistribution\", \"attributes\": {\"choices\": [64, 128, 256]}}"}
{"op_code":5,"worker_id":"783ecce1-a686-4a5d-8e34-a7488920e629-8316722560","trial_id":25,"param_name":"hidden","param_value_internal":1,"distribution":"{\"name\": \"CategoricalDistribution\", \"attributes\": {\"choices\": [64, 128, 256]}}"}
{"op_code":5,"worker_id":"783ecce1-a686-4a5d-8e34-a7488920e629-8316722560","trial_id":25,"param_name":"target_sync","param_value_internal":3,"distribution":"{\"name\": \"CategoricalDistribution\", \"attributes\": {\"choices\": [500, 1000, 2000, 5000, 10000]}}"}
{"op_code":5,"worker_id":"783ecce1-a686-4a5d-8e34-a7488920e629-8316722560","trial_id":25,"param_name":"update_every","param_value_internal":2,"distribution":"{\"name\": \"CategoricalDistribution\", \"attributes\": {\"choices\": [1, 2, 4]}}"}
{"op_code":5,"worker_id":"783ecce1-a686-4a5d-8e34-a7488920e629-8316722560","trial_id":25,"param_name":"buffer","param_value_internal":3,"distribution":"{\"name\": \"CategoricalDistribution\", \"attributes\": {\"choices\": [50000, 100000, 200000, 400000]}}"}
{"op_code":5,"worker_id":"783ecce1-a686-4a5d-8e34-a7488920e629-8316722560","trial_id":25,"param_name":"eps_end","param_value_internal":0.08584804078023715,"distribution":"{\"name\": \"FloatDistribution\", \"attributes\": {\"step\": null, \"low\": 0.01, \"high\": 0.1, \"log\": false}}"}
{"op_code":5,"worker_id":"783ecce1-a686-4a5d-8e34-a7488920e629-8316722560","trial_id":25,"param_name":"eps_decay_frac","param_value_internal":0.28480655199101484,"distribution":"{\"name\": \"FloatDistribution\", \"attributes\": {\"step\": null, \"low\": 0.1, \"high\": 0.6, \"log\": false}}"}
{"op_code":5,"worker_id":"783ecce1-a686-4a5d-8e34-a7488920e629-8316722560","trial_id":25,"param_name":"reward_scale","param_value_internal":77.26077819485246,"distribution":"{\"name\": \"FloatDistribution\", \"attributes\": {\"step\": null, \"low\": 5.0, \"high\": 80.0, \"log\": true}}"}
{"op_code":5,"worker_id":"783ecce1-a686-4a5d-8e34-a7488920e629-8316722560","trial_id":25,"param_name":"episode_days","param_value_internal":1,"distribution":"{\"name\": \"CategoricalDistribution\", \"attributes\": {\"choices\": [3, 7, 14]}}"}
{"op_code":8,"worker_id":"783ecce1-a686-4a5d-8e34-a7488920e629-8316722560","trial_id":25,"user_attr":{"tag":"c4a53d6a435f5"}}
{"op_code":8,"worker_id":"783ecce1-a686-4a5d-8e34-a7488920e629-8316722560","trial_id":25,"user_attr":{"overrides":{"gamma":0.9956121245407707,"n_step":16,"lr":0.00017660153523456159,"batch":64,"hidden":128,"target_sync":5000,"update_every":4,"buffer":400000,"eps_end":0.08584804078023715,"eps_decay_frac":0.28480655199101484,"reward_scale":77.26077819485246,"episode_days":7}}}
{"op_code":7,"worker_id":"783ecce1-a686-4a5d-8e34-a7488920e629-8316722560","trial_id":24,"step":3,"intermediate_value":33.700859721626074}
{"op_code":7,"worker_id":"783ecce1-a686-4a5d-8e34-a7488920e629-8316722560","trial_id":25,"step":3,"intermediate_value":35.018352632607126}
{"op_code":7,"worker_id":"783ecce1-a686-4a5d-8e34-a7488920e629-8316722560","trial_id":24,"step":8,"intermediate_value":39.52918831859079}
{"op_code":8,"worker_id":"783ecce1-a686-4a5d-8e34-a7488920e629-8316722560","trial_id":24,"user_attr":{"hh_saving":{"254":33.4735173529522,"185":33.92415656825305,"230":33.704905243672975,"266":41.39409513584105,"145":43.83756614116759,"229":25.65333823093535,"300":70.81998697622218,"69":33.42594089968188}}}
{"op_code":8,"worker_id":"783ecce1-a686-4a5d-8e34-a7488920e629-8316722560","trial_id":24,"user_attr":{"val_efc_mean":39.3749376375}}
{"op_code":8,"worker_id":"783ecce1-a686-4a5d-8e34-a7488920e629-8316722560","trial_id":24,"user_attr":{"converged_share":0.875}}
{"op_code":8,"worker_id":"783ecce1-a686-4a5d-8e34-a7488920e629-8316722560","trial_id":24,"user_attr":{"wall_s":673.8682730197906}}
{"op_code":6,"worker_id":"783ecce1-a686-4a5d-8e34-a7488920e629-8316722560","trial_id":24,"state":1,"values":[39.52918831859079],"datetime_complete":"2026-10-08T05:53:46.309838"}
{"op_code":4,"worker_id":"783ecce1-a686-4a5d-8e34-a7488920e629-8316722560","study_id":0,"datetime_start":"2026-10-08T05:53:46.310601"}
{"op_code":9,"worker_id":"783ecce1-a686-4a5d-8e34-a7488920e629-8316722560","trial_id":26,"system_attr":{"tpe:relative_params:0":"{\"batch\": 256, \"buffer\": 400000, \"episode_days\": 3, \"eps_decay_frac\": 0.3261659386320365, \"eps_end\": 0.05332571311333261, \"gamma\": 0.9869419785781862, \"hidden\": 128, \"lr\": 0.00016890843559942296, \"n_step\": 4, \"reward_scale\": 46.86845253614031, \"target_sync\": 5000, \"update_every\": 2}"}}
{"op_code":5,"worker_id":"783ecce1-a686-4a5d-8e34-a7488920e629-8316722560","trial_id":26,"param_name":"lr","param_value_internal":0.00016890843559942296,"distribution":"{\"name\": \"FloatDistribution\", \"attributes\": {\"step\": null, \"low\": 0.0001, \"high\": 0.003, \"log\": true}}"}
{"op_code":5,"worker_id":"783ecce1-a686-4a5d-8e34-a7488920e629-8316722560","trial_id":26,"param_name":"gamma","param_value_internal":0.9869419785781862,"distribution":"{\"name\": \"FloatDistribution\", \"attributes\": {\"step\": null, \"low\": 0.98, \"high\": 0.999, \"log\": false}}"}
{"op_code":5,"worker_id":"783ecce1-a686-4a5d-8e34-a7488920e629-8316722560","trial_id":26,"param_name":"n_step","param_value_internal":2,"distribution":"{\"name\": \"CategoricalDistribution\", \"attributes\": {\"choices\": [1, 2, 4, 8, 16]}}"}
{"op_code":5,"worker_id":"783ecce1-a686-4a5d-8e34-a7488920e629-8316722560","trial_id":26,"param_name":"batch","param_value_internal":2,"distribution":"{\"name\": \"CategoricalDistribution\", \"attributes\": {\"choices\": [64, 128, 256]}}"}
{"op_code":5,"worker_id":"783ecce1-a686-4a5d-8e34-a7488920e629-8316722560","trial_id":26,"param_name":"hidden","param_value_internal":1,"distribution":"{\"name\": \"CategoricalDistribution\", \"attributes\": {\"choices\": [64, 128, 256]}}"}
{"op_code":5,"worker_id":"783ecce1-a686-4a5d-8e34-a7488920e629-8316722560","trial_id":26,"param_name":"target_sync","param_value_internal":3,"distribution":"{\"name\": \"CategoricalDistribution\", \"attributes\": {\"choices\": [500, 1000, 2000, 5000, 10000]}}"}
{"op_code":5,"worker_id":"783ecce1-a686-4a5d-8e34-a7488920e629-8316722560","trial_id":26,"param_name":"update_every","param_value_internal":1,"distribution":"{\"name\": \"CategoricalDistribution\", \"attributes\": {\"choices\": [1, 2, 4]}}"}
{"op_code":5,"worker_id":"783ecce1-a686-4a5d-8e34-a7488920e629-8316722560","trial_id":26,"param_name":"buffer","param_value_internal":3,"distribution":"{\"name\": \"CategoricalDistribution\", \"attributes\": {\"choices\": [50000, 100000, 200000, 400000]}}"}
{"op_code":5,"worker_id":"783ecce1-a686-4a5d-8e34-a7488920e629-8316722560","trial_id":26,"param_name":"eps_end","param_value_internal":0.05332571311333261,"distribution":"{\"name\": \"FloatDistribution\", \"attributes\": {\"step\": null, \"low\": 0.01, \"high\": 0.1, \"log\": false}}"}
{"op_code":5,"worker_id":"783ecce1-a686-4a5d-8e34-a7488920e629-8316722560","trial_id":26,"param_name":"eps_decay_frac","param_value_internal":0.3261659386320365,"distribution":"{\"name\": \"FloatDistribution\", \"attributes\": {\"step\": null, \"low\": 0.1, \"high\": 0.6, \"log\": false}}"}
{"op_code":5,"worker_id":"783ecce1-a686-4a5d-8e34-a7488920e629-8316722560","trial_id":26,"param_name":"reward_scale","param_value_internal":46.86845253614031,"distribution":"{\"name\": \"FloatDistribution\", \"attributes\": {\"step\": null, \"low\": 5.0, \"high\": 80.0, \"log\": true}}"}
{"op_code":5,"worker_id":"783ecce1-a686-4a5d-8e34-a7488920e629-8316722560","trial_id":26,"param_name":"episode_days","param_value_internal":0,"distribution":"{\"name\": \"CategoricalDistribution\", \"attributes\": {\"choices\": [3, 7, 14]}}"}
{"op_code":8,"worker_id":"783ecce1-a686-4a5d-8e34-a7488920e629-8316722560","trial_id":26,"user_attr":{"tag":"c0ebb7e1a87da"}}
{"op_code":8,"worker_id":"783ecce1-a686-4a5d-8e34-a7488920e629-8316722560","trial_id":26,"user_attr":{"overrides":{"gamma":0.9869419785781862,"n_step":4,"lr":0.00016890843559942296,"batch":256,"hidden":128,"target_sync":5000,"update_every":2,"buffer":400000,"eps_end":0.05332571311333261,"eps_decay_frac":0.3261659386320365,"reward_scale":46.86845253614031,"episode_days":3}}}
{"op_code":7,"worker_id":"783ecce1-a686-4a5d-8e34-a7488920e629-8316722560","trial_id":25,"step":8,"intermediate_value":43.54197192462043}
{"op_code":8,"worker_id":"783ecce1-a686-4a5d-8e34-a7488920e629-8316722560","trial_id":25,"user_attr":{"hh_saving":{"254":38.59526070525205,"185":26.288883907686017,"230":40.17091328488329,"266":43.39111857618843,"145":45.251318982177885,"229":41.56284169951667,"300":76.7489438521691,"69":36.32649438908997}}}
{"op_code":8,"worker_id":"783ecce1-a686-4a5d-8e34-a7488920e629-8316722560","trial_id":25,"user_attr":{"val_efc_mean":45.76445914999999}}
{"op_code":8,"worker_id":"783ecce1-a686-4a5d-8e34-a7488920e629-8316722560","trial_id":25,"user_attr":{"converged_share":0.625}}
{"op_code":8,"worker_id":"783ecce1-a686-4a5d-8e34-a7488920e629-8316722560","trial_id":25,"user_attr":{"wall_s":520.1396069526672}}
{"op_code":6,"worker_id":"783ecce1-a686-4a5d-8e34-a7488920e629-8316722560","trial_id":25,"state":1,"values":[43.54197192462043],"datetime_complete":"2026-10-08T05:54:43.289388"}
{"op_code":4,"worker_id":"783ecce1-a686-4a5d-8e34-a7488920e629-8316722560","study_id":0,"datetime_start":"2026-10-08T05:55:44.169645"}
{"op_code":9,"worker_id":"783ecce1-a686-4a5d-8e34-a7488920e629-8316722560","trial_id":27,"system_attr":{"tpe:relative_params:0":"{\"batch\": 64, \"buffer\": 400000, \"episode_days\": 7, \"eps_decay_frac\": 0.43547954446364434, \"eps_end\": 0.08975995930352526, \"gamma\": 0.9973880159876491, \"hidden\": 128, \"lr\": 0.0004114443121479448, \"n_step\": 4, \"reward_scale\": 63.2656562336885, \"target_sync\": 2000, \"update_every\": 4}"}}
{"op_code":5,"worker_id":"783ecce1-a686-4a5d-8e34-a7488920e629-8316722560","trial_id":27,"param_name":"lr","param_value_internal":0.0004114443121479448,"distribution":"{\"name\": \"FloatDistribution\", \"attributes\": {\"step\": null, \"low\": 0.0001, \"high\": 0.003, \"log\": true}}"}
{"op_code":5,"worker_id":"783ecce1-a686-4a5d-8e34-a7488920e629-8316722560","trial_id":27,"param_name":"gamma","param_value_internal":0.9973880159876491,"distribution":"{\"name\": \"FloatDistribution\", \"attributes\": {\"step\": null, \"low\": 0.98, \"high\": 0.999, \"log\": false}}"}
{"op_code":5,"worker_id":"783ecce1-a686-4a5d-8e34-a7488920e629-8316722560","trial_id":27,"param_name":"n_step","param_value_internal":2,"distribution":"{\"name\": \"CategoricalDistribution\", \"attributes\": {\"choices\": [1, 2, 4, 8, 16]}}"}
{"op_code":5,"worker_id":"783ecce1-a686-4a5d-8e34-a7488920e629-8316722560","trial_id":27,"param_name":"batch","param_value_internal":0,"distribution":"{\"name\": \"CategoricalDistribution\", \"attributes\": {\"choices\": [64, 128, 256]}}"}
{"op_code":5,"worker_id":"783ecce1-a686-4a5d-8e34-a7488920e629-8316722560","trial_id":27,"param_name":"hidden","param_value_internal":1,"distribution":"{\"name\": \"CategoricalDistribution\", \"attributes\": {\"choices\": [64, 128, 256]}}"}
{"op_code":5,"worker_id":"783ecce1-a686-4a5d-8e34-a7488920e629-8316722560","trial_id":27,"param_name":"target_sync","param_value_internal":2,"distribution":"{\"name\": \"CategoricalDistribution\", \"attributes\": {\"choices\": [500, 1000, 2000, 5000, 10000]}}"}
{"op_code":5,"worker_id":"783ecce1-a686-4a5d-8e34-a7488920e629-8316722560","trial_id":27,"param_name":"update_every","param_value_internal":2,"distribution":"{\"name\": \"CategoricalDistribution\", \"attributes\": {\"choices\": [1, 2, 4]}}"}
{"op_code":5,"worker_id":"783ecce1-a686-4a5d-8e34-a7488920e629-8316722560","trial_id":27,"param_name":"buffer","param_value_internal":3,"distribution":"{\"name\": \"CategoricalDistribution\", \"attributes\": {\"choices\": [50000, 100000, 200000, 400000]}}"}
{"op_code":5,"worker_id":"783ecce1-a686-4a5d-8e34-a7488920e629-8316722560","trial_id":27,"param_name":"eps_end","param_value_internal":0.08975995930352526,"distribution":"{\"name\": \"FloatDistribution\", \"attributes\": {\"step\": null, \"low\": 0.01, \"high\": 0.1, \"log\": false}}"}
{"op_code":5,"worker_id":"783ecce1-a686-4a5d-8e34-a7488920e629-8316722560","trial_id":27,"param_name":"eps_decay_frac","param_value_internal":0.43547954446364434,"distribution":"{\"name\": \"FloatDistribution\", \"attributes\": {\"step\": null, \"low\": 0.1, \"high\": 0.6, \"log\": false}}"}
{"op_code":5,"worker_id":"783ecce1-a686-4a5d-8e34-a7488920e629-8316722560","trial_id":27,"param_name":"reward_scale","param_value_internal":63.2656562336885,"distribution":"{\"name\": \"FloatDistribution\", \"attributes\": {\"step\": null, \"low\": 5.0, \"high\": 80.0, \"log\": true}}"}
{"op_code":5,"worker_id":"783ecce1-a686-4a5d-8e34-a7488920e629-8316722560","trial_id":27,"param_name":"episode_days","param_value_internal":1,"distribution":"{\"name\": \"CategoricalDistribution\", \"attributes\": {\"choices\": [3, 7, 14]}}"}
{"op_code":8,"worker_id":"783ecce1-a686-4a5d-8e34-a7488920e629-8316722560","trial_id":27,"user_attr":{"tag":"c6ca027624ad2"}}
{"op_code":8,"worker_id":"783ecce1-a686-4a5d-8e34-a7488920e629-8316722560","trial_id":27,"user_attr":{"overrides":{"gamma":0.9973880159876491,"n_step":4,"lr":0.0004114443121479448,"batch":64,"hidden":128,"target_sync":2000,"update_every":4,"buffer":400000,"eps_end":0.08975995930352526,"eps_decay_frac":0.43547954446364434,"reward_scale":63.2656562336885,"episode_days":7}}}
{"op_code":7,"worker_id":"783ecce1-a686-4a5d-8e34-a7488920e629-8316722560","trial_id":27,"step":3,"intermediate_value":35.45134214246681}
{"op_code":7,"worker_id":"783ecce1-a686-4a5d-8e34-a7488920e629-8316722560","trial_id":26,"step":3,"intermediate_value":26.189660632161374}
{"op_code":8,"worker_id":"783ecce1-a686-4a5d-8e34-a7488920e629-8316722560","trial_id":26,"user_attr":{"hh_saving":{"254":34.2510470076985,"185":11.068299229270902,"230":33.24963565951471}}}
{"op_code":8,"worker_id":"783ecce1-a686-4a5d-8e34-a7488920e629-8316722560","trial_id":26,"user_attr":{"val_efc_mean":30.391816749999993}}
{"op_code":8,"worker_id":"783ecce1-a686-4a5d-8e34-a7488920e629-8316722560","trial_id":26,"user_attr":{"converged_share":0.3333333333333333}}
{"op_code":8,"worker_id":"783ecce1-a686-4a5d-8e34-a7488920e629-8316722560","trial_id":26,"user_attr":{"wall_s":261.41647005081177}}
{"op_code":6,"worker_id":"783ecce1-a686-4a5d-8e34-a7488920e629-8316722560","trial_id":26,"state":2,"values":[26.189660632161374],"datetime_complete":"2026-10-08T05:58:07.734456"}
{"op_code":4,"worker_id":"783ecce1-a686-4a5d-8e34-a7488920e629-8316722560","study_id":0,"datetime_start":"2026-10-08T05:58:48.543749"}
{"op_code":9,"worker_id":"783ecce1-a686-4a5d-8e34-a7488920e629-8316722560","trial_id":28,"system_attr":{"tpe:relative_params:0":"{\"batch\": 64, \"buffer\": 100000, \"episode_days\": 7, \"eps_decay_frac\": 0.17320316335832003, \"eps_end\": 0.08717364339016012, \"gamma\": 0.9979671777806308, \"hidden\": 128, \"lr\": 0.00011333118496474983, \"n_step\": 16, \"reward_scale\": 73.99178216743174, \"target_sync\": 5000, \"update_every\": 4}"}}
{"op_code":5,"worker_id":"783ecce1-a686-4a5d-8e34-a7488920e629-8316722560","trial_id":28,"param_name":"lr","param_value_internal":0.00011333118496474983,"distribution":"{\"name\": \"FloatDistribution\", \"attributes\": {\"step\": null, \"low\": 0.0001, \"high\": 0.003, \"log\": true}}"}
{"op_code":5,"worker_id":"783ecce1-a686-4a5d-8e34-a7488920e629-8316722560","trial_id":28,"param_name":"gamma","param_value_internal":0.9979671777806308,"distribution":"{\"name\": \"FloatDistribution\", \"attributes\": {\"step\": null, \"low\": 0.98, \"high\": 0.999, \"log\": false}}"}
{"op_code":5,"worker_id":"783ecce1-a686-4a5d-8e34-a7488920e629-8316722560","trial_id":28,"param_name":"n_step","param_value_internal":4,"distribution":"{\"name\": \"CategoricalDistribution\", \"attributes\": {\"choices\": [1, 2, 4, 8, 16]}}"}
{"op_code":5,"worker_id":"783ecce1-a686-4a5d-8e34-a7488920e629-8316722560","trial_id":28,"param_name":"batch","param_value_internal":0,"distribution":"{\"name\": \"CategoricalDistribution\", \"attributes\": {\"choices\": [64, 128, 256]}}"}
{"op_code":5,"worker_id":"783ecce1-a686-4a5d-8e34-a7488920e629-8316722560","trial_id":28,"param_name":"hidden","param_value_internal":1,"distribution":"{\"name\": \"CategoricalDistribution\", \"attributes\": {\"choices\": [64, 128, 256]}}"}
{"op_code":5,"worker_id":"783ecce1-a686-4a5d-8e34-a7488920e629-8316722560","trial_id":28,"param_name":"target_sync","param_value_internal":3,"distribution":"{\"name\": \"CategoricalDistribution\", \"attributes\": {\"choices\": [500, 1000, 2000, 5000, 10000]}}"}
{"op_code":5,"worker_id":"783ecce1-a686-4a5d-8e34-a7488920e629-8316722560","trial_id":28,"param_name":"update_every","param_value_internal":2,"distribution":"{\"name\": \"CategoricalDistribution\", \"attributes\": {\"choices\": [1, 2, 4]}}"}
{"op_code":5,"worker_id":"783ecce1-a686-4a5d-8e34-a7488920e629-8316722560","trial_id":28,"param_name":"buffer","param_value_internal":1,"distribution":"{\"name\": \"CategoricalDistribution\", \"attributes\": {\"choices\": [50000, 100000, 200000, 400000]}}"}
{"op_code":5,"worker_id":"783ecce1-a686-4a5d-8e34-a7488920e629-8316722560","trial_id":28,"param_name":"eps_end","param_value_internal":0.08717364339016012,"distribution":"{\"name\": \"FloatDistribution\", \"attributes\": {\"step\": null, \"low\": 0.01, \"high\": 0.1, \"log\": false}}"}
{"op_code":5,"worker_id":"783ecce1-a686-4a5d-8e34-a7488920e629-8316722560","trial_id":28,"param_name":"eps_decay_frac","param_value_internal":0.17320316335832003,"distribution":"{\"name\": \"FloatDistribution\", \"attributes\": {\"step\": null, \"low\": 0.1, \"high\": 0.6, \"log\": false}}"}
{"op_code":5,"worker_id":"783ecce1-a686-4a5d-8e34-a7488920e629-8316722560","trial_id":28,"param_name":"reward_scale","param_value_internal":73.99178216743174,"distribution":"{\"name\": \"FloatDistribution\", \"attributes\": {\"step\": null, \"low\": 5.0, \"high\": 80.0, \"log\": true}}"}
{"op_code":5,"worker_id":"783ecce1-a686-4a5d-8e34-a7488920e629-8316722560","trial_id":28,"param_name":"episode_days","param_value_internal":1,"distribution":"{\"name\": \"CategoricalDistribution\", \"attributes\": {\"choices\": [3, 7, 14]}}"}
{"op_code":8,"worker_id":"783ecce1-a686-4a5d-8e34-a7488920e629-8316722560","trial_id":28,"user_attr":{"tag":"c00b244f271a4"}}
{"op_code":8,"worker_id":"783ecce1-a686-4a5d-8e34-a7488920e629-8316722560","trial_id":28,"user_attr":{"overrides":{"gamma":0.9979671777806308,"n_step":16,"lr":0.00011333118496474983,"batch":64,"hidden":128,"target_sync":5000,"update_every":4,"buffer":100000,"eps_end":0.08717364339016012,"eps_decay_frac":0.17320316335832003,"reward_scale":73.99178216743174,"episode_days":7}}}
{"op_code":7,"worker_id":"783ecce1-a686-4a5d-8e34-a7488920e629-8316722560","trial_id":27,"step":8,"intermediate_value":42.748043691434376}
{"op_code":8,"worker_id":"783ecce1-a686-4a5d-8e34-a7488920e629-8316722560","trial_id":27,"user_attr":{"hh_saving":{"254":33.893369298884885,"185":33.93694529873891,"230":38.52371182977662,"266":42.01539059469757,"145":43.78537200930567,"229":38.836097958936094,"300":73.8902981229012,"69":37.10316441823403}}}
{"op_code":8,"worker_id":"783ecce1-a686-4a5d-8e34-a7488920e629-8316722560","trial_id":27,"user_attr":{"val_efc_mean":41.10443135}}
{"op_code":8,"worker_id":"783ecce1-a686-4a5d-8e34-a7488920e629-8316722560","trial_id":27,"user_attr":{"converged_share":0.875}}
{"op_code":8,"worker_id":"783ecce1-a686-4a5d-8e34-a7488920e629-8316722560","trial_id":27,"user_attr":{"wall_s":271.18440794944763}}
{"op_code":6,"worker_id":"783ecce1-a686-4a5d-8e34-a7488920e629-8316722560","trial_id":27,"state":1,"values":[42.748043691434376],"datetime_complete":"2026-10-08T06:00:15.362720"}
{"op_code":4,"worker_id":"783ecce1-a686-4a5d-8e34-a7488920e629-8316722560","study_id":0,"datetime_start":"2026-10-08T06:00:29.543226"}
{"op_code":9,"worker_id":"783ecce1-a686-4a5d-8e34-a7488920e629-8316722560","trial_id":29,"system_attr":{"tpe:relative_params:0":"{\"batch\": 64, \"buffer\": 400000, \"episode_days\": 7, \"eps_decay_frac\": 0.29992989353809413, \"eps_end\": 0.07807268772445605, \"gamma\": 0.9921711543510752, \"hidden\": 64, \"lr\": 0.00014300457491795706, \"n_step\": 16, \"reward_scale\": 51.439927656409665, \"target_sync\": 2000, \"update_every\": 4}"}}
{"op_code":5,"worker_id":"783ecce1-a686-4a5d-8e34-a7488920e629-8316722560","trial_id":29,"param_name":"lr","param_value_internal":0.00014300457491795706,"distribution":"{\"name\": \"FloatDistribution\", \"attributes\": {\"step\": null, \"low\": 0.0001, \"high\": 0.003, \"log\": true}}"}
{"op_code":5,"worker_id":"783ecce1-a686-4a5d-8e34-a7488920e629-8316722560","trial_id":29,"param_name":"gamma","param_value_internal":0.9921711543510752,"distribution":"{\"name\": \"FloatDistribution\", \"attributes\": {\"step\": null, \"low\": 0.98, \"high\": 0.999, \"log\": false}}"}
{"op_code":5,"worker_id":"783ecce1-a686-4a5d-8e34-a7488920e629-8316722560","trial_id":29,"param_name":"n_step","param_value_internal":4,"distribution":"{\"name\": \"CategoricalDistribution\", \"attributes\": {\"choices\": [1, 2, 4, 8, 16]}}"}
{"op_code":5,"worker_id":"783ecce1-a686-4a5d-8e34-a7488920e629-8316722560","trial_id":29,"param_name":"batch","param_value_internal":0,"distribution":"{\"name\": \"CategoricalDistribution\", \"attributes\": {\"choices\": [64, 128, 256]}}"}
{"op_code":5,"worker_id":"783ecce1-a686-4a5d-8e34-a7488920e629-8316722560","trial_id":29,"param_name":"hidden","param_value_internal":0,"distribution":"{\"name\": \"CategoricalDistribution\", \"attributes\": {\"choices\": [64, 128, 256]}}"}
{"op_code":5,"worker_id":"783ecce1-a686-4a5d-8e34-a7488920e629-8316722560","trial_id":29,"param_name":"target_sync","param_value_internal":2,"distribution":"{\"name\": \"CategoricalDistribution\", \"attributes\": {\"choices\": [500, 1000, 2000, 5000, 10000]}}"}
{"op_code":5,"worker_id":"783ecce1-a686-4a5d-8e34-a7488920e629-8316722560","trial_id":29,"param_name":"update_every","param_value_internal":2,"distribution":"{\"name\": \"CategoricalDistribution\", \"attributes\": {\"choices\": [1, 2, 4]}}"}
{"op_code":5,"worker_id":"783ecce1-a686-4a5d-8e34-a7488920e629-8316722560","trial_id":29,"param_name":"buffer","param_value_internal":3,"distribution":"{\"name\": \"CategoricalDistribution\", \"attributes\": {\"choices\": [50000, 100000, 200000, 400000]}}"}
{"op_code":5,"worker_id":"783ecce1-a686-4a5d-8e34-a7488920e629-8316722560","trial_id":29,"param_name":"eps_end","param_value_internal":0.07807268772445605,"distribution":"{\"name\": \"FloatDistribution\", \"attributes\": {\"step\": null, \"low\": 0.01, \"high\": 0.1, \"log\": false}}"}
{"op_code":5,"worker_id":"783ecce1-a686-4a5d-8e34-a7488920e629-8316722560","trial_id":29,"param_name":"eps_decay_frac","param_value_internal":0.29992989353809413,"distribution":"{\"name\": \"FloatDistribution\", \"attributes\": {\"step\": null, \"low\": 0.1, \"high\": 0.6, \"log\": false}}"}
{"op_code":5,"worker_id":"783ecce1-a686-4a5d-8e34-a7488920e629-8316722560","trial_id":29,"param_name":"reward_scale","param_value_internal":51.439927656409665,"distribution":"{\"name\": \"FloatDistribution\", \"attributes\": {\"step\": null, \"low\": 5.0, \"high\": 80.0, \"log\": true}}"}
{"op_code":5,"worker_id":"783ecce1-a686-4a5d-8e34-a7488920e629-8316722560","trial_id":29,"param_name":"episode_days","param_value_internal":1,"distribution":"{\"name\": \"CategoricalDistribution\", \"attributes\": {\"choices\": [3, 7, 14]}}"}
{"op_code":8,"worker_id":"783ecce1-a686-4a5d-8e34-a7488920e629-8316722560","trial_id":29,"user_attr":{"tag":"c6b1f34c8bb00"}}
{"op_code":8,"worker_id":"783ecce1-a686-4a5d-8e34-a7488920e629-8316722560","trial_id":29,"user_attr":{"overrides":{"gamma":0.9921711543510752,"n_step":16,"lr":0.00014300457491795706,"batch":64,"hidden":64,"target_sync":2000,"update_every":4,"buffer":400000,"eps_end":0.07807268772445605,"eps_decay_frac":0.29992989353809413,"reward_scale":51.439927656409665,"episode_days":7}}}
{"op_code":7,"worker_id":"783ecce1-a686-4a5d-8e34-a7488920e629-8316722560","trial_id":28,"step":3,"intermediate_value":30.458315128062832}
{"op_code":8,"worker_id":"783ecce1-a686-4a5d-8e34-a7488920e629-8316722560","trial_id":28,"user_attr":{"hh_saving":{"254":30.808694640083573,"185":22.003943704121614,"230":38.56230703998332}}}
{"op_code":8,"worker_id":"783ecce1-a686-4a5d-8e34-a7488920e629-8316722560","trial_id":28,"user_attr":{"val_efc_mean":35.868903749999994}}
{"op_code":8,"worker_id":"783ecce1-a686-4a5d-8e34-a7488920e629-8316722560","trial_id":28,"user_attr":{"converged_share":1.0}}
{"op_code":8,"worker_id":"783ecce1-a686-4a5d-8e34-a7488920e629-8316722560","trial_id":28,"user_attr":{"wall_s":118.0851719379425}}
{"op_code":6,"worker_id":"783ecce1-a686-4a5d-8e34-a7488920e629-8316722560","trial_id":28,"state":2,"values":[30.458315128062832],"datetime_complete":"2026-10-08T06:00:46.637783"}
{"op_code":4,"worker_id":"783ecce1-a686-4a5d-8e34-a7488920e629-8316722560","study_id":0,"datetime_start":"2026-10-08T06:01:47.065778"}
{"op_code":9,"worker_id":"783ecce1-a686-4a5d-8e34-a7488920e629-8316722560","trial_id":30,"system_attr":{"tpe:relative_params:0":"{\"batch\": 64, \"buffer\": 400000, \"episode_days\": 3, \"eps_decay_frac\": 0.5252556152740123, \"eps_end\": 0.07914964024866412, \"gamma\": 0.995997222014113, \"hidden\": 128, \"lr\": 0.00025393749677942714, \"n_step\": 4, \"reward_scale\": 29.55231673057678, \"target_sync\": 2000, \"update_every\": 4}"}}
{"op_code":5,"worker_id":"783ecce1-a686-4a5d-8e34-a7488920e629-8316722560","trial_id":30,"param_name":"lr","param_value_internal":0.00025393749677942714,"distribution":"{\"name\": \"FloatDistribution\", \"attributes\": {\"step\": null, \"low\": 0.0001, \"high\": 0.003, \"log\": true}}"}
{"op_code":5,"worker_id":"783ecce1-a686-4a5d-8e34-a7488920e629-8316722560","trial_id":30,"param_name":"gamma","param_value_internal":0.995997222014113,"distribution":"{\"name\": \"FloatDistribution\", \"attributes\": {\"step\": null, \"low\": 0.98, \"high\": 0.999, \"log\": false}}"}
{"op_code":5,"worker_id":"783ecce1-a686-4a5d-8e34-a7488920e629-8316722560","trial_id":30,"param_name":"n_step","param_value_internal":2,"distribution":"{\"name\": \"CategoricalDistribution\", \"attributes\": {\"choices\": [1, 2, 4, 8, 16]}}"}
{"op_code":5,"worker_id":"783ecce1-a686-4a5d-8e34-a7488920e629-8316722560","trial_id":30,"param_name":"batch","param_value_internal":0,"distribution":"{\"name\": \"CategoricalDistribution\", \"attributes\": {\"choices\": [64, 128, 256]}}"}
{"op_code":5,"worker_id":"783ecce1-a686-4a5d-8e34-a7488920e629-8316722560","trial_id":30,"param_name":"hidden","param_value_internal":1,"distribution":"{\"name\": \"CategoricalDistribution\", \"attributes\": {\"choices\": [64, 128, 256]}}"}
{"op_code":5,"worker_id":"783ecce1-a686-4a5d-8e34-a7488920e629-8316722560","trial_id":30,"param_name":"target_sync","param_value_internal":2,"distribution":"{\"name\": \"CategoricalDistribution\", \"attributes\": {\"choices\": [500, 1000, 2000, 5000, 10000]}}"}
{"op_code":5,"worker_id":"783ecce1-a686-4a5d-8e34-a7488920e629-8316722560","trial_id":30,"param_name":"update_every","param_value_internal":2,"distribution":"{\"name\": \"CategoricalDistribution\", \"attributes\": {\"choices\": [1, 2, 4]}}"}
{"op_code":5,"worker_id":"783ecce1-a686-4a5d-8e34-a7488920e629-8316722560","trial_id":30,"param_name":"buffer","param_value_internal":3,"distribution":"{\"name\": \"CategoricalDistribution\", \"attributes\": {\"choices\": [50000, 100000, 200000, 400000]}}"}
{"op_code":5,"worker_id":"783ecce1-a686-4a5d-8e34-a7488920e629-8316722560","trial_id":30,"param_name":"eps_end","param_value_internal":0.07914964024866412,"distribution":"{\"name\": \"FloatDistribution\", \"attributes\": {\"step\": null, \"low\": 0.01, \"high\": 0.1, \"log\": false}}"}
{"op_code":5,"worker_id":"783ecce1-a686-4a5d-8e34-a7488920e629-8316722560","trial_id":30,"param_name":"eps_decay_frac","param_value_internal":0.5252556152740123,"distribution":"{\"name\": \"FloatDistribution\", \"attributes\": {\"step\": null, \"low\": 0.1, \"high\": 0.6, \"log\": false}}"}
{"op_code":5,"worker_id":"783ecce1-a686-4a5d-8e34-a7488920e629-8316722560","trial_id":30,"param_name":"reward_scale","param_value_internal":29.55231673057678,"distribution":"{\"name\": \"FloatDistribution\", \"attributes\": {\"step\": null, \"low\": 5.0, \"high\": 80.0, \"log\": true}}"}
{"op_code":5,"worker_id":"783ecce1-a686-4a5d-8e34-a7488920e629-8316722560","trial_id":30,"param_name":"episode_days","param_value_internal":0,"distribution":"{\"name\": \"CategoricalDistribution\", \"attributes\": {\"choices\": [3, 7, 14]}}"}
{"op_code":8,"worker_id":"783ecce1-a686-4a5d-8e34-a7488920e629-8316722560","trial_id":30,"user_attr":{"tag":"c5b26a038149d"}}
{"op_code":8,"worker_id":"783ecce1-a686-4a5d-8e34-a7488920e629-8316722560","trial_id":30,"user_attr":{"overrides":{"gamma":0.995997222014113,"n_step":4,"lr":0.00025393749677942714,"batch":64,"hidden":128,"target_sync":2000,"update_every":4,"buffer":400000,"eps_end":0.07914964024866412,"eps_decay_frac":0.5252556152740123,"reward_scale":29.55231673057678,"episode_days":3}}}
{"op_code":7,"worker_id":"783ecce1-a686-4a5d-8e34-a7488920e629-8316722560","trial_id":29,"step":3,"intermediate_value":30.102652111944817}
{"op_code":8,"worker_id":"783ecce1-a686-4a5d-8e34-a7488920e629-8316722560","trial_id":29,"user_attr":{"hh_saving":{"254":31.077640547040176,"185":21.52183574013622,"230":37.70848004865805}}}
{"op_code":8,"worker_id":"783ecce1-a686-4a5d-8e34-a7488920e629-8316722560","trial_id":29,"user_attr":{"val_efc_mean":34.91600693333333}}
{"op_code":8,"worker_id":"783ecce1-a686-4a5d-8e34-a7488920e629-8316722560","trial_id":29,"user_attr":{"converged_share":0.6666666666666666}}
{"op_code":8,"worker_id":"783ecce1-a686-4a5d-8e34-a7488920e629-8316722560","trial_id":29,"user_attr":{"wall_s":113.67862010002136}}
{"op_code":6,"worker_id":"783ecce1-a686-4a5d-8e34-a7488920e629-8316722560","trial_id":29,"state":2,"values":[30.102652111944817],"datetime_complete":"2026-10-08T06:02:23.230473"}
{"op_code":4,"worker_id":"783ecce1-a686-4a5d-8e34-a7488920e629-8316722560","study_id":0,"datetime_start":"2026-10-08T06:02:35.139345"}
{"op_code":9,"worker_id":"783ecce1-a686-4a5d-8e34-a7488920e629-8316722560","trial_id":31,"system_attr":{"tpe:relative_params:0":"{\"batch\": 64, \"buffer\": 400000, \"episode_days\": 7, \"eps_decay_frac\": 0.35006612975968526, \"eps_end\": 0.09018978986790027, \"gamma\": 0.9982963904067271, \"hidden\": 128, \"lr\": 0.000584977047048173, \"n_step\": 4, \"reward_scale\": 67.94627996654852, \"target_sync\": 2000, \"update_every\": 2}"}}
{"op_code":5,"worker_id":"783ecce1-a686-4a5d-8e34-a7488920e629-8316722560","trial_id":31,"param_name":"lr","param_value_internal":0.000584977047048173,"distribution":"{\"name\": \"FloatDistribution\", \"attributes\": {\"step\": null, \"low\": 0.0001, \"high\": 0.003, \"log\": true}}"}
{"op_code":5,"worker_id":"783ecce1-a686-4a5d-8e34-a7488920e629-8316722560","trial_id":31,"param_name":"gamma","param_value_internal":0.9982963904067271,"distribution":"{\"name\": \"FloatDistribution\", \"attributes\": {\"step\": null, \"low\": 0.98, \"high\": 0.999, \"log\": false}}"}
{"op_code":5,"worker_id":"783ecce1-a686-4a5d-8e34-a7488920e629-8316722560","trial_id":31,"param_name":"n_step","param_value_internal":2,"distribution":"{\"name\": \"CategoricalDistribution\", \"attributes\": {\"choices\": [1, 2, 4, 8, 16]}}"}
{"op_code":5,"worker_id":"783ecce1-a686-4a5d-8e34-a7488920e629-8316722560","trial_id":31,"param_name":"batch","param_value_internal":0,"distribution":"{\"name\": \"CategoricalDistribution\", \"attributes\": {\"choices\": [64, 128, 256]}}"}
{"op_code":5,"worker_id":"783ecce1-a686-4a5d-8e34-a7488920e629-8316722560","trial_id":31,"param_name":"hidden","param_value_internal":1,"distribution":"{\"name\": \"CategoricalDistribution\", \"attributes\": {\"choices\": [64, 128, 256]}}"}
{"op_code":5,"worker_id":"783ecce1-a686-4a5d-8e34-a7488920e629-8316722560","trial_id":31,"param_name":"target_sync","param_value_internal":2,"distribution":"{\"name\": \"CategoricalDistribution\", \"attributes\": {\"choices\": [500, 1000, 2000, 5000, 10000]}}"}
{"op_code":5,"worker_id":"783ecce1-a686-4a5d-8e34-a7488920e629-8316722560","trial_id":31,"param_name":"update_every","param_value_internal":1,"distribution":"{\"name\": \"CategoricalDistribution\", \"attributes\": {\"choices\": [1, 2, 4]}}"}
{"op_code":5,"worker_id":"783ecce1-a686-4a5d-8e34-a7488920e629-8316722560","trial_id":31,"param_name":"buffer","param_value_internal":3,"distribution":"{\"name\": \"CategoricalDistribution\", \"attributes\": {\"choices\": [50000, 100000, 200000, 400000]}}"}
{"op_code":5,"worker_id":"783ecce1-a686-4a5d-8e34-a7488920e629-8316722560","trial_id":31,"param_name":"eps_end","param_value_internal":0.09018978986790027,"distribution":"{\"name\": \"FloatDistribution\", \"attributes\": {\"step\": null, \"low\": 0.01, \"high\": 0.1, \"log\": false}}"}
{"op_code":5,"worker_id":"783ecce1-a686-4a5d-8e34-a7488920e629-8316722560","trial_id":31,"param_name":"eps_decay_frac","param_value_internal":0.35006612975968526,"distribution":"{\"name\": \"FloatDistribution\", \"attributes\": {\"step\": null, \"low\": 0.1, \"high\": 0.6, \"log\": false}}"}
{"op_code":5,"worker_id":"783ecce1-a686-4a5d-8e34-a7488920e629-8316722560","trial_id":31,"param_name":"reward_scale","param_value_internal":67.94627996654852,"distribution":"{\"name\": \"FloatDistribution\", \"attributes\": {\"step\": null, \"low\": 5.0, \"high\": 80.0, \"log\": true}}"}
{"op_code":5,"worker_id":"783ecce1-a686-4a5d-8e34-a7488920e629-8316722560","trial_id":31,"param_name":"episode_days","param_value_internal":1,"distribution":"{\"name\": \"CategoricalDistribution\", \"attributes\": {\"choices\": [3, 7, 14]}}"}
{"op_code":8,"worker_id":"783ecce1-a686-4a5d-8e34-a7488920e629-8316722560","trial_id":31,"user_attr":{"tag":"c2f4c972b47b4"}}
{"op_code":8,"worker_id":"783ecce1-a686-4a5d-8e34-a7488920e629-8316722560","trial_id":31,"user_attr":{"overrides":{"gamma":0.9982963904067271,"n_step":4,"lr":0.000584977047048173,"batch":64,"hidden":128,"target_sync":2000,"update_every":2,"buffer":400000,"eps_end":0.09018978986790027,"eps_decay_frac":0.35006612975968526,"reward_scale":67.94627996654852,"episode_days":7}}}
{"op_code":7,"worker_id":"783ecce1-a686-4a5d-8e34-a7488920e629-8316722560","trial_id":30,"step":3,"intermediate_value":31.556724597019212}
{"op_code":7,"worker_id":"783ecce1-a686-4a5d-8e34-a7488920e629-8316722560","trial_id":31,"step":3,"intermediate_value":37.67197283373125}
{"op_code":7,"worker_id":"783ecce1-a686-4a5d-8e34-a7488920e629-8316722560","trial_id":30,"step":8,"intermediate_value":39.885696805748}
{"op_code":8,"worker_id":"783ecce1-a686-4a5d-8e34-a7488920e629-8316722560","trial_id":30,"user_attr":{"hh_saving":{"254":34.60156609224784,"185":25.003260667747725,"230":35.06534703106207,"266":44.61221335019626,"145":44.3284617448603,"229":32.20687294710826,"300":71.14074388322439,"69":32.12710872953711}}}
{"op_code":8,"worker_id":"783ecce1-a686-4a5d-8e34-a7488920e629-8316722560","trial_id":30,"user_attr":{"val_efc_mean":40.04552741249999}}
{"op_code":8,"worker_id":"783ecce1-a686-4a5d-8e34-a7488920e629-8316722560","trial_id":30,"user_attr":{"converged_share":0.625}}
{"op_code":8,"worker_id":"783ecce1-a686-4a5d-8e34-a7488920e629-8316722560","trial_id":30,"user_attr":{"wall_s":343.58331394195557}}
{"op_code":6,"worker_id":"783ecce1-a686-4a5d-8e34-a7488920e629-8316722560","trial_id":30,"state":1,"values":[39.885696805748],"datetime_complete":"2026-10-08T06:07:30.659100"}
{"op_code":4,"worker_id":"783ecce1-a686-4a5d-8e34-a7488920e629-8316722560","study_id":0,"datetime_start":"2026-10-08T06:08:14.811272"}
{"op_code":9,"worker_id":"783ecce1-a686-4a5d-8e34-a7488920e629-8316722560","trial_id":32,"system_attr":{"tpe:relative_params:0":"{\"batch\": 128, \"buffer\": 200000, \"episode_days\": 14, \"eps_decay_frac\": 0.3691054412085257, \"eps_end\": 0.0777000513283416, \"gamma\": 0.9976778837011899, \"hidden\": 128, \"lr\": 0.00017964643377757402, \"n_step\": 4, \"reward_scale\": 69.44018513428276, \"target_sync\": 5000, \"update_every\": 4}"}}
{"op_code":5,"worker_id":"783ecce1-a686-4a5d-8e34-a7488920e629-8316722560","trial_id":32,"param_name":"lr","param_value_internal":0.00017964643377757402,"distribution":"{\"name\": \"FloatDistribution\", \"attributes\": {\"step\": null, \"low\": 0.0001, \"high\": 0.003, \"log\": true}}"}
{"op_code":5,"worker_id":"783ecce1-a686-4a5d-8e34-a7488920e629-8316722560","trial_id":32,"param_name":"gamma","param_value_internal":0.9976778837011899,"distribution":"{\"name\": \"FloatDistribution\", \"attributes\": {\"step\": null, \"low\": 0.98, \"high\": 0.999, \"log\": false}}"}
{"op_code":5,"worker_id":"783ecce1-a686-4a5d-8e34-a7488920e629-8316722560","trial_id":32,"param_name":"n_step","param_value_internal":2,"distribution":"{\"name\": \"CategoricalDistribution\", \"attributes\": {\"choices\": [1, 2, 4, 8, 16]}}"}
{"op_code":5,"worker_id":"783ecce1-a686-4a5d-8e34-a7488920e629-8316722560","trial_id":32,"param_name":"batch","param_value_internal":1,"distribution":"{\"name\": \"CategoricalDistribution\", \"attributes\": {\"choices\": [64, 128, 256]}}"}
{"op_code":5,"worker_id":"783ecce1-a686-4a5d-8e34-a7488920e629-8316722560","trial_id":32,"param_name":"hidden","param_value_internal":1,"distribution":"{\"name\": \"CategoricalDistribution\", \"attributes\": {\"choices\": [64, 128, 256]}}"}
{"op_code":5,"worker_id":"783ecce1-a686-4a5d-8e34-a7488920e629-8316722560","trial_id":32,"param_name":"target_sync","param_value_internal":3,"distribution":"{\"name\": \"CategoricalDistribution\", \"attributes\": {\"choices\": [500, 1000, 2000, 5000, 10000]}}"}
{"op_code":5,"worker_id":"783ecce1-a686-4a5d-8e34-a7488920e629-8316722560","trial_id":32,"param_name":"update_every","param_value_internal":2,"distribution":"{\"name\": \"CategoricalDistribution\", \"attributes\": {\"choices\": [1, 2, 4]}}"}
{"op_code":5,"worker_id":"783ecce1-a686-4a5d-8e34-a7488920e629-8316722560","trial_id":32,"param_name":"buffer","param_value_internal":2,"distribution":"{\"name\": \"CategoricalDistribution\", \"attributes\": {\"choices\": [50000, 100000, 200000, 400000]}}"}
{"op_code":5,"worker_id":"783ecce1-a686-4a5d-8e34-a7488920e629-8316722560","trial_id":32,"param_name":"eps_end","param_value_internal":0.0777000513283416,"distribution":"{\"name\": \"FloatDistribution\", \"attributes\": {\"step\": null, \"low\": 0.01, \"high\": 0.1, \"log\": false}}"}
{"op_code":5,"worker_id":"783ecce1-a686-4a5d-8e34-a7488920e629-8316722560","trial_id":32,"param_name":"eps_decay_frac","param_value_internal":0.3691054412085257,"distribution":"{\"name\": \"FloatDistribution\", \"attributes\": {\"step\": null, \"low\": 0.1, \"high\": 0.6, \"log\": false}}"}
{"op_code":5,"worker_id":"783ecce1-a686-4a5d-8e34-a7488920e629-8316722560","trial_id":32,"param_name":"reward_scale","param_value_internal":69.44018513428276,"distribution":"{\"name\": \"FloatDistribution\", \"attributes\": {\"step\": null, \"low\": 5.0, \"high\": 80.0, \"log\": true}}"}
{"op_code":5,"worker_id":"783ecce1-a686-4a5d-8e34-a7488920e629-8316722560","trial_id":32,"param_name":"episode_days","param_value_internal":2,"distribution":"{\"name\": \"CategoricalDistribution\", \"attributes\": {\"choices\": [3, 7, 14]}}"}
{"op_code":8,"worker_id":"783ecce1-a686-4a5d-8e34-a7488920e629-8316722560","trial_id":32,"user_attr":{"tag":"c6906251bc198"}}
{"op_code":8,"worker_id":"783ecce1-a686-4a5d-8e34-a7488920e629-8316722560","trial_id":32,"user_attr":{"overrides":{"gamma":0.9976778837011899,"n_step":4,"lr":0.00017964643377757402,"batch":128,"hidden":128,"target_sync":5000,"update_every":4,"buffer":200000,"eps_end":0.0777000513283416,"eps_decay_frac":0.3691054412085257,"reward_scale":69.44018513428276,"episode_days":14}}}
{"op_code":7,"worker_id":"783ecce1-a686-4a5d-8e34-a7488920e629-8316722560","trial_id":31,"step":8,"intermediate_value":43.283600564527575}
{"op_code":8,"worker_id":"783ecce1-a686-4a5d-8e34-a7488920e629-8316722560","trial_id":31,"user_attr":{"hh_saving":{"254":35.601442847342085,"185":38.75804763561628,"230":38.656428018235395,"266":44.57567550301111,"145":44.09090589767139,"229":38.6654972994917,"300":72.55910671979996,"69":33.3617005950527}}}
{"op_code":8,"worker_id":"783ecce1-a686-4a5d-8e34-a7488920e629-8316722560","trial_id":31,"user_attr":{"val_efc_mean":36.33356420625}}
{"op_code":8,"worker_id":"783ecce1-a686-4a5d-8e34-a7488920e629-8316722560","trial_id":31,"user_attr":{"converged_share":1.0}}
{"op_code":8,"worker_id":"783ecce1-a686-4a5d-8e34-a7488920e629-8316722560","trial_id":31,"user_attr":{"wall_s":427.9731991291046}}
{"op_code":6,"worker_id":"783ecce1-a686-4a5d-8e34-a7488920e629-8316722560","trial_id":31,"state":1,"values":[43.283600564527575],"datetime_complete":"2026-10-08T06:09:43.120999"}
{"op_code":4,"worker_id":"783ecce1-a686-4a5d-8e34-a7488920e629-8316722560","study_id":0,"datetime_start":"2026-10-08T06:09:43.121651"}
{"op_code":9,"worker_id":"783ecce1-a686-4a5d-8e34-a7488920e629-8316722560","trial_id":33,"system_attr":{"tpe:relative_params:0":"{\"batch\": 64, \"buffer\": 400000, \"episode_days\": 7, \"eps_decay_frac\": 0.40583107856017114, \"eps_end\": 0.07605617541131832, \"gamma\": 0.9963932642665677, \"hidden\": 128, \"lr\": 0.0005049634745726348, \"n_step\": 4, \"reward_scale\": 75.4671648978254, \"target_sync\": 500, \"update_every\": 2}"}}
{"op_code":5,"worker_id":"783ecce1-a686-4a5d-8e34-a7488920e629-8316722560","trial_id":33,"param_name":"lr","param_value_internal":0.0005049634745726348,"distribution":"{\"name\": \"FloatDistribution\", \"attributes\": {\"step\": null, \"low\": 0.0001, \"high\": 0.003, \"log\": true}}"}
{"op_code":5,"worker_id":"783ecce1-a686-4a5d-8e34-a7488920e629-8316722560","trial_id":33,"param_name":"gamma","param_value_internal":0.9963932642665677,"distribution":"{\"name\": \"FloatDistribution\", \"attributes\": {\"step\": null, \"low\": 0.98, \"high\": 0.999, \"log\": false}}"}
{"op_code":5,"worker_id":"783ecce1-a686-4a5d-8e34-a7488920e629-8316722560","trial_id":33,"param_name":"n_step","param_value_internal":2,"distribution":"{\"name\": \"CategoricalDistribution\", \"attributes\": {\"choices\": [1, 2, 4, 8, 16]}}"}
{"op_code":5,"worker_id":"783ecce1-a686-4a5d-8e34-a7488920e629-8316722560","trial_id":33,"param_name":"batch","param_value_internal":0,"distribution":"{\"name\": \"CategoricalDistribution\", \"attributes\": {\"choices\": [64, 128, 256]}}"}
{"op_code":5,"worker_id":"783ecce1-a686-4a5d-8e34-a7488920e629-8316722560","trial_id":33,"param_name":"hidden","param_value_internal":1,"distribution":"{\"name\": \"CategoricalDistribution\", \"attributes\": {\"choices\": [64, 128, 256]}}"}
{"op_code":5,"worker_id":"783ecce1-a686-4a5d-8e34-a7488920e629-8316722560","trial_id":33,"param_name":"target_sync","param_value_internal":0,"distribution":"{\"name\": \"CategoricalDistribution\", \"attributes\": {\"choices\": [500, 1000, 2000, 5000, 10000]}}"}
{"op_code":5,"worker_id":"783ecce1-a686-4a5d-8e34-a7488920e629-8316722560","trial_id":33,"param_name":"update_every","param_value_internal":1,"distribution":"{\"name\": \"CategoricalDistribution\", \"attributes\": {\"choices\": [1, 2, 4]}}"}
{"op_code":5,"worker_id":"783ecce1-a686-4a5d-8e34-a7488920e629-8316722560","trial_id":33,"param_name":"buffer","param_value_internal":3,"distribution":"{\"name\": \"CategoricalDistribution\", \"attributes\": {\"choices\": [50000, 100000, 200000, 400000]}}"}
{"op_code":5,"worker_id":"783ecce1-a686-4a5d-8e34-a7488920e629-8316722560","trial_id":33,"param_name":"eps_end","param_value_internal":0.07605617541131832,"distribution":"{\"name\": \"FloatDistribution\", \"attributes\": {\"step\": null, \"low\": 0.01, \"high\": 0.1, \"log\": false}}"}
{"op_code":5,"worker_id":"783ecce1-a686-4a5d-8e34-a7488920e629-8316722560","trial_id":33,"param_name":"eps_decay_frac","param_value_internal":0.40583107856017114,"distribution":"{\"name\": \"FloatDistribution\", \"attributes\": {\"step\": null, \"low\": 0.1, \"high\": 0.6, \"log\": false}}"}
{"op_code":5,"worker_id":"783ecce1-a686-4a5d-8e34-a7488920e629-8316722560","trial_id":33,"param_name":"reward_scale","param_value_internal":75.4671648978254,"distribution":"{\"name\": \"FloatDistribution\", \"attributes\": {\"step\": null, \"low\": 5.0, \"high\": 80.0, \"log\": true}}"}
{"op_code":5,"worker_id":"783ecce1-a686-4a5d-8e34-a7488920e629-8316722560","trial_id":33,"param_name":"episode_days","param_value_internal":1,"distribution":"{\"name\": \"CategoricalDistribution\", \"attributes\": {\"choices\": [3, 7, 14]}}"}
{"op_code":8,"worker_id":"783ecce1-a686-4a5d-8e34-a7488920e629-8316722560","trial_id":33,"user_attr":{"tag":"cd63e28f23a05"}}
{"op_code":8,"worker_id":"783ecce1-a686-4a5d-8e34-a7488920e629-8316722560","trial_id":33,"user_attr":{"overrides":{"gamma":0.9963932642665677,"n_step":4,"lr":0.0005049634745726348,"batch":64,"hidden":128,"target_sync":500,"update_every":2,"buffer":400000,"eps_end":0.07605617541131832,"eps_decay_frac":0.40583107856017114,"reward_scale":75.4671648978254,"episode_days":7}}}
{"op_code":7,"worker_id":"783ecce1-a686-4a5d-8e34-a7488920e629-8316722560","trial_id":32,"step":3,"intermediate_value":34.70948457218923}
{"op_code":7,"worker_id":"783ecce1-a686-4a5d-8e34-a7488920e629-8316722560","trial_id":33,"step":3,"intermediate_value":33.28050735110975}
{"op_code":7,"worker_id":"783ecce1-a686-4a5d-8e34-a7488920e629-8316722560","trial_id":32,"step":8,"intermediate_value":41.41194718853323}
{"op_code":8,"worker_id":"783ecce1-a686-4a5d-8e34-a7488920e629-8316722560","trial_id":32,"user_attr":{"hh_saving":{"254":37.896472942616796,"185":25.828940438528534,"230":40.403040335422354,"266":42.11191453849497,"145":44.34871429442681,"229":30.827015043789117,"300":72.90129337856452,"69":36.978186536422776}}}
{"op_code":8,"worker_id":"783ecce1-a686-4a5d-8e34-a7488920e629-8316722560","trial_id":32,"user_attr":{"val_efc_mean":51.60219046249999}}
{"op_code":8,"worker_id":"783ecce1-a686-4a5d-8e34-a7488920e629-8316722560","trial_id":32,"user_attr":{"converged_share":0.75}}
{"op_code":8,"worker_id":"783ecce1-a686-4a5d-8e34-a7488920e629-8316722560","trial_id":32,"user_attr":{"wall_s":319.2099289894104}}
{"op_code":6,"worker_id":"783ecce1-a686-4a5d-8e34-a7488920e629-8316722560","trial_id":32,"state":1,"values":[41.41194718853323],"datetime_complete":"2026-10-08T06:13:34.030936"}
{"op_code":4,"worker_id":"783ecce1-a686-4a5d-8e34-a7488920e629-8316722560","study_id":0,"datetime_start":"2026-10-08T06:13:43.793103"}
{"op_code":9,"worker_id":"783ecce1-a686-4a5d-8e34-a7488920e629-8316722560","trial_id":34,"system_attr":{"tpe:relative_params:0":"{\"batch\": 128, \"buffer\": 200000, \"episode_days\": 14, \"eps_decay_frac\": 0.29819306398289275, \"eps_end\": 0.09313675928094435, \"gamma\": 0.9986892101114858, \"hidden\": 256, \"lr\": 0.00011837059141634215, \"n_step\": 4, \"reward_scale\": 79.08254001666096, \"target_sync\": 5000, \"update_every\": 4}"}}
{"op_code":5,"worker_id":"783ecce1-a686-4a5d-8e34-a7488920e629-8316722560","trial_id":34,"param_name":"lr","param_value_internal":0.00011837059141634215,"distribution":"{\"name\": \"FloatDistribution\", \"attributes\": {\"step\": null, \"low\": 0.0001, \"high\": 0.003, \"log\": true}}"}
{"op_code":5,"worker_id":"783ecce1-a686-4a5d-8e34-a7488920e629-8316722560","trial_id":34,"param_name":"gamma","param_value_internal":0.9986892101114858,"distribution":"{\"name\": \"FloatDistribution\", \"attributes\": {\"step\": null, \"low\": 0.98, \"high\": 0.999, \"log\": false}}"}
{"op_code":5,"worker_id":"783ecce1-a686-4a5d-8e34-a7488920e629-8316722560","trial_id":34,"param_name":"n_step","param_value_internal":2,"distribution":"{\"name\": \"CategoricalDistribution\", \"attributes\": {\"choices\": [1, 2, 4, 8, 16]}}"}
{"op_code":5,"worker_id":"783ecce1-a686-4a5d-8e34-a7488920e629-8316722560","trial_id":34,"param_name":"batch","param_value_internal":1,"distribution":"{\"name\": \"CategoricalDistribution\", \"attributes\": {\"choices\": [64, 128, 256]}}"}
{"op_code":5,"worker_id":"783ecce1-a686-4a5d-8e34-a7488920e629-8316722560","trial_id":34,"param_name":"hidden","param_value_internal":2,"distribution":"{\"name\": \"CategoricalDistribution\", \"attributes\": {\"choices\": [64, 128, 256]}}"}
{"op_code":5,"worker_id":"783ecce1-a686-4a5d-8e34-a7488920e629-8316722560","trial_id":34,"param_name":"target_sync","param_value_internal":3,"distribution":"{\"name\": \"CategoricalDistribution\", \"attributes\": {\"choices\": [500, 1000, 2000, 5000, 10000]}}"}
{"op_code":5,"worker_id":"783ecce1-a686-4a5d-8e34-a7488920e629-8316722560","trial_id":34,"param_name":"update_every","param_value_internal":2,"distribution":"{\"name\": \"CategoricalDistribution\", \"attributes\": {\"choices\": [1, 2, 4]}}"}
{"op_code":5,"worker_id":"783ecce1-a686-4a5d-8e34-a7488920e629-8316722560","trial_id":34,"param_name":"buffer","param_value_internal":2,"distribution":"{\"name\": \"CategoricalDistribution\", \"attributes\": {\"choices\": [50000, 100000, 200000, 400000]}}"}
{"op_code":5,"worker_id":"783ecce1-a686-4a5d-8e34-a7488920e629-8316722560","trial_id":34,"param_name":"eps_end","param_value_internal":0.09313675928094435,"distribution":"{\"name\": \"FloatDistribution\", \"attributes\": {\"step\": null, \"low\": 0.01, \"high\": 0.1, \"log\": false}}"}
{"op_code":5,"worker_id":"783ecce1-a686-4a5d-8e34-a7488920e629-8316722560","trial_id":34,"param_name":"eps_decay_frac","param_value_internal":0.29819306398289275,"distribution":"{\"name\": \"FloatDistribution\", \"attributes\": {\"step\": null, \"low\": 0.1, \"high\": 0.6, \"log\": false}}"}
{"op_code":5,"worker_id":"783ecce1-a686-4a5d-8e34-a7488920e629-8316722560","trial_id":34,"param_name":"reward_scale","param_value_internal":79.08254001666096,"distribution":"{\"name\": \"FloatDistribution\", \"attributes\": {\"step\": null, \"low\": 5.0, \"high\": 80.0, \"log\": true}}"}
{"op_code":5,"worker_id":"783ecce1-a686-4a5d-8e34-a7488920e629-8316722560","trial_id":34,"param_name":"episode_days","param_value_internal":2,"distribution":"{\"name\": \"CategoricalDistribution\", \"attributes\": {\"choices\": [3, 7, 14]}}"}
{"op_code":8,"worker_id":"783ecce1-a686-4a5d-8e34-a7488920e629-8316722560","trial_id":34,"user_attr":{"tag":"ceb4ac863dee9"}}
{"op_code":8,"worker_id":"783ecce1-a686-4a5d-8e34-a7488920e629-8316722560","trial_id":34,"user_attr":{"overrides":{"gamma":0.9986892101114858,"n_step":4,"lr":0.00011837059141634215,"batch":128,"hidden":256,"target_sync":5000,"update_every":4,"buffer":200000,"eps_end":0.09313675928094435,"eps_decay_frac":0.29819306398289275,"reward_scale":79.08254001666096,"episode_days":14}}}
{"op_code":7,"worker_id":"783ecce1-a686-4a5d-8e34-a7488920e629-8316722560","trial_id":33,"step":8,"intermediate_value":41.68794527621699}
{"op_code":8,"worker_id":"783ecce1-a686-4a5d-8e34-a7488920e629-8316722560","trial_id":33,"user_attr":{"hh_saving":{"254":33.36403619535686,"185":30.03159883462405,"230":36.445887023348334,"266":44.2629662913596,"145":44.148230257588466,"229":38.337729419653215,"300":73.13510348354015,"69":33.77801070426532}}}
{"op_code":8,"worker_id":"783ecce1-a686-4a5d-8e34-a7488920e629-8316722560","trial_id":33,"user_attr":{"val_efc_mean":35.00779700625}}
{"op_code":8,"worker_id":"783ecce1-a686-4a5d-8e34-a7488920e629-8316722560","trial_id":33,"user_attr":{"converged_share":0.625}}
{"op_code":8,"worker_id":"783ecce1-a686-4a5d-8e34-a7488920e629-8316722560","trial_id":33,"user_attr":{"wall_s":369.2466161251068}}
{"op_code":6,"worker_id":"783ecce1-a686-4a5d-8e34-a7488920e629-8316722560","trial_id":33,"state":1,"values":[41.68794527621699],"datetime_complete":"2026-10-08T06:15:52.376182"}
{"op_code":4,"worker_id":"783ecce1-a686-4a5d-8e34-a7488920e629-8316722560","study_id":0,"datetime_start":"2026-10-08T06:15:52.376821"}
{"op_code":9,"worker_id":"783ecce1-a686-4a5d-8e34-a7488920e629-8316722560","trial_id":35,"system_attr":{"tpe:relative_params:0":"{\"batch\": 64, \"buffer\": 400000, \"episode_days\": 7, \"eps_decay_frac\": 0.3894878413281309, \"eps_end\": 0.08711029525845233, \"gamma\": 0.9971426973885589, \"hidden\": 128, \"lr\": 0.001317791270478674, \"n_step\": 4, \"reward_scale\": 65.32307098261028, \"target_sync\": 2000, \"update_every\": 2}"}}
{"op_code":5,"worker_id":"783ecce1-a686-4a5d-8e34-a7488920e629-8316722560","trial_id":35,"param_name":"lr","param_value_internal":0.001317791270478674,"distribution":"{\"name\": \"FloatDistribution\", \"attributes\": {\"step\": null, \"low\": 0.0001, \"high\": 0.003, \"log\": true}}"}
{"op_code":5,"worker_id":"783ecce1-a686-4a5d-8e34-a7488920e629-8316722560","trial_id":35,"param_name":"gamma","param_value_internal":0.9971426973885589,"distribution":"{\"name\": \"FloatDistribution\", \"attributes\": {\"step\": null, \"low\": 0.98, \"high\": 0.999, \"log\": false}}"}
{"op_code":5,"worker_id":"783ecce1-a686-4a5d-8e34-a7488920e629-8316722560","trial_id":35,"param_name":"n_step","param_value_internal":2,"distribution":"{\"name\": \"CategoricalDistribution\", \"attributes\": {\"choices\": [1, 2, 4, 8, 16]}}"}
{"op_code":5,"worker_id":"783ecce1-a686-4a5d-8e34-a7488920e629-8316722560","trial_id":35,"param_name":"batch","param_value_internal":0,"distribution":"{\"name\": \"CategoricalDistribution\", \"attributes\": {\"choices\": [64, 128, 256]}}"}
{"op_code":5,"worker_id":"783ecce1-a686-4a5d-8e34-a7488920e629-8316722560","trial_id":35,"param_name":"hidden","param_value_internal":1,"distribution":"{\"name\": \"CategoricalDistribution\", \"attributes\": {\"choices\": [64, 128, 256]}}"}
{"op_code":5,"worker_id":"783ecce1-a686-4a5d-8e34-a7488920e629-8316722560","trial_id":35,"param_name":"target_sync","param_value_internal":2,"distribution":"{\"name\": \"CategoricalDistribution\", \"attributes\": {\"choices\": [500, 1000, 2000, 5000, 10000]}}"}
{"op_code":5,"worker_id":"783ecce1-a686-4a5d-8e34-a7488920e629-8316722560","trial_id":35,"param_name":"update_every","param_value_internal":1,"distribution":"{\"name\": \"CategoricalDistribution\", \"attributes\": {\"choices\": [1, 2, 4]}}"}
{"op_code":5,"worker_id":"783ecce1-a686-4a5d-8e34-a7488920e629-8316722560","trial_id":35,"param_name":"buffer","param_value_internal":3,"distribution":"{\"name\": \"CategoricalDistribution\", \"attributes\": {\"choices\": [50000, 100000, 200000, 400000]}}"}
{"op_code":5,"worker_id":"783ecce1-a686-4a5d-8e34-a7488920e629-8316722560","trial_id":35,"param_name":"eps_end","param_value_internal":0.08711029525845233,"distribution":"{\"name\": \"FloatDistribution\", \"attributes\": {\"step\": null, \"low\": 0.01, \"high\": 0.1, \"log\": false}}"}
{"op_code":5,"worker_id":"783ecce1-a686-4a5d-8e34-a7488920e629-8316722560","trial_id":35,"param_name":"eps_decay_frac","param_value_internal":0.3894878413281309,"distribution":"{\"name\": \"FloatDistribution\", \"attributes\": {\"step\": null, \"low\": 0.1, \"high\": 0.6, \"log\": false}}"}
{"op_code":5,"worker_id":"783ecce1-a686-4a5d-8e34-a7488920e629-8316722560","trial_id":35,"param_name":"reward_scale","param_value_internal":65.32307098261028,"distribution":"{\"name\": \"FloatDistribution\", \"attributes\": {\"step\": null, \"low\": 5.0, \"high\": 80.0, \"log\": true}}"}
{"op_code":5,"worker_id":"783ecce1-a686-4a5d-8e34-a7488920e629-8316722560","trial_id":35,"param_name":"episode_days","param_value_internal":1,"distribution":"{\"name\": \"CategoricalDistribution\", \"attributes\": {\"choices\": [3, 7, 14]}}"}
{"op_code":8,"worker_id":"783ecce1-a686-4a5d-8e34-a7488920e629-8316722560","trial_id":35,"user_attr":{"tag":"cfd054f13b331"}}
{"op_code":8,"worker_id":"783ecce1-a686-4a5d-8e34-a7488920e629-8316722560","trial_id":35,"user_attr":{"overrides":{"gamma":0.9971426973885589,"n_step":4,"lr":0.001317791270478674,"batch":64,"hidden":128,"target_sync":2000,"update_every":2,"buffer":400000,"eps_end":0.08711029525845233,"eps_decay_frac":0.3894878413281309,"reward_scale":65.32307098261028,"episode_days":7}}}
{"op_code":7,"worker_id":"783ecce1-a686-4a5d-8e34-a7488920e629-8316722560","trial_id":34,"step":3,"intermediate_value":39.650123269366354}
{"op_code":7,"worker_id":"783ecce1-a686-4a5d-8e34-a7488920e629-8316722560","trial_id":35,"step":3,"intermediate_value":34.66742623459703}
{"op_code":7,"worker_id":"783ecce1-a686-4a5d-8e34-a7488920e629-8316722560","trial_id":34,"step":8,"intermediate_value":46.79184409716785}
{"op_code":8,"worker_id":"783ecce1-a686-4a5d-8e34-a7488920e629-8316722560","trial_id":34,"user_attr":{"hh_saving":{"254":38.47839828601219,"185":39.31514170888464,"230":41.156829813202236,"266":44.07898396473392,"145":48.8606938955889,"229":47.685782724019745,"300":75.5829141150222,"69":39.17600826987898}}}
{"op_code":8,"worker_id":"783ecce1-a686-4a5d-8e34-a7488920e629-8316722560","trial_id":34,"user_attr":{"val_efc_mean":58.56716943124999}}
{"op_code":8,"worker_id":"783ecce1-a686-4a5d-8e34-a7488920e629-8316722560","trial_id":34,"user_attr":{"converged_share":1.0}}
{"op_code":8,"worker_id":"783ecce1-a686-4a5d-8e34-a7488920e629-8316722560","trial_id":34,"user_attr":{"wall_s":299.2716689109802}}
{"op_code":6,"worker_id":"783ecce1-a686-4a5d-8e34-a7488920e629-8316722560","trial_id":34,"state":1,"values":[46.79184409716785],"datetime_complete":"2026-10-08T06:18:43.073369"}
{"op_code":4,"worker_id":"783ecce1-a686-4a5d-8e34-a7488920e629-8316722560","study_id":0,"datetime_start":"2026-10-08T06:19:29.046804"}
{"op_code":9,"worker_id":"783ecce1-a686-4a5d-8e34-a7488920e629-8316722560","trial_id":36,"system_attr":{"tpe:relative_params:0":"{\"batch\": 128, \"buffer\": 200000, \"episode_days\": 14, \"eps_decay_frac\": 0.28011286290422066, \"eps_end\": 0.0993803551906546, \"gamma\": 0.9958045714300262, \"hidden\": 256, \"lr\": 0.00023835199917381273, \"n_step\": 8, \"reward_scale\": 54.4911698158342, \"target_sync\": 5000, \"update_every\": 2}"}}
{"op_code":5,"worker_id":"783ecce1-a686-4a5d-8e34-a7488920e629-8316722560","trial_id":36,"param_name":"lr","param_value_internal":0.00023835199917381273,"distribution":"{\"name\": \"FloatDistribution\", \"attributes\": {\"step\": null, \"low\": 0.0001, \"high\": 0.003, \"log\": true}}"}
{"op_code":5,"worker_id":"783ecce1-a686-4a5d-8e34-a7488920e629-8316722560","trial_id":36,"param_name":"gamma","param_value_internal":0.9958045714300262,"distribution":"{\"name\": \"FloatDistribution\", \"attributes\": {\"step\": null, \"low\": 0.98, \"high\": 0.999, \"log\": false}}"}
{"op_code":5,"worker_id":"783ecce1-a686-4a5d-8e34-a7488920e629-8316722560","trial_id":36,"param_name":"n_step","param_value_internal":3,"distribution":"{\"name\": \"CategoricalDistribution\", \"attributes\": {\"choices\": [1, 2, 4, 8, 16]}}"}
{"op_code":5,"worker_id":"783ecce1-a686-4a5d-8e34-a7488920e629-8316722560","trial_id":36,"param_name":"batch","param_value_internal":1,"distribution":"{\"name\": \"CategoricalDistribution\", \"attributes\": {\"choices\": [64, 128, 256]}}"}
{"op_code":5,"worker_id":"783ecce1-a686-4a5d-8e34-a7488920e629-8316722560","trial_id":36,"param_name":"hidden","param_value_internal":2,"distribution":"{\"name\": \"CategoricalDistribution\", \"attributes\": {\"choices\": [64, 128, 256]}}"}
{"op_code":5,"worker_id":"783ecce1-a686-4a5d-8e34-a7488920e629-8316722560","trial_id":36,"param_name":"target_sync","param_value_internal":3,"distribution":"{\"name\": \"CategoricalDistribution\", \"attributes\": {\"choices\": [500, 1000, 2000, 5000, 10000]}}"}
{"op_code":5,"worker_id":"783ecce1-a686-4a5d-8e34-a7488920e629-8316722560","trial_id":36,"param_name":"update_every","param_value_internal":1,"distribution":"{\"name\": \"CategoricalDistribution\", \"attributes\": {\"choices\": [1, 2, 4]}}"}
{"op_code":5,"worker_id":"783ecce1-a686-4a5d-8e34-a7488920e629-8316722560","trial_id":36,"param_name":"buffer","param_value_internal":2,"distribution":"{\"name\": \"CategoricalDistribution\", \"attributes\": {\"choices\": [50000, 100000, 200000, 400000]}}"}
{"op_code":5,"worker_id":"783ecce1-a686-4a5d-8e34-a7488920e629-8316722560","trial_id":36,"param_name":"eps_end","param_value_internal":0.0993803551906546,"distribution":"{\"name\": \"FloatDistribution\", \"attributes\": {\"step\": null, \"low\": 0.01, \"high\": 0.1, \"log\": false}}"}
{"op_code":5,"worker_id":"783ecce1-a686-4a5d-8e34-a7488920e629-8316722560","trial_id":36,"param_name":"eps_decay_frac","param_value_internal":0.28011286290422066,"distribution":"{\"name\": \"FloatDistribution\", \"attributes\": {\"step\": null, \"low\": 0.1, \"high\": 0.6, \"log\": false}}"}
{"op_code":5,"worker_id":"783ecce1-a686-4a5d-8e34-a7488920e629-8316722560","trial_id":36,"param_name":"reward_scale","param_value_internal":54.4911698158342,"distribution":"{\"name\": \"FloatDistribution\", \"attributes\": {\"step\": null, \"low\": 5.0, \"high\": 80.0, \"log\": true}}"}
{"op_code":5,"worker_id":"783ecce1-a686-4a5d-8e34-a7488920e629-8316722560","trial_id":36,"param_name":"episode_days","param_value_internal":2,"distribution":"{\"name\": \"CategoricalDistribution\", \"attributes\": {\"choices\": [3, 7, 14]}}"}
{"op_code":8,"worker_id":"783ecce1-a686-4a5d-8e34-a7488920e629-8316722560","trial_id":36,"user_attr":{"tag":"ca3e05cec9e8d"}}
{"op_code":8,"worker_id":"783ecce1-a686-4a5d-8e34-a7488920e629-8316722560","trial_id":36,"user_attr":{"overrides":{"gamma":0.9958045714300262,"n_step":8,"lr":0.00023835199917381273,"batch":128,"hidden":256,"target_sync":5000,"update_every":2,"buffer":200000,"eps_end":0.0993803551906546,"eps_decay_frac":0.28011286290422066,"reward_scale":54.4911698158342,"episode_days":14}}}
{"op_code":7,"worker_id":"783ecce1-a686-4a5d-8e34-a7488920e629-8316722560","trial_id":35,"step":8,"intermediate_value":42.31957346291525}
{"op_code":8,"worker_id":"783ecce1-a686-4a5d-8e34-a7488920e629-8316722560","trial_id":35,"user_attr":{"hh_saving":{"254":33.06956489900832,"185":33.485268749734914,"230":37.44744505504786,"266":39.45096668103078,"145":44.085476484129074,"229":41.129614534231784,"300":73.74515692258146,"69":36.14309437755784}}}
{"op_code":8,"worker_id":"783ecce1-a686-4a5d-8e34-a7488920e629-8316722560","trial_id":35,"user_attr":{"val_efc_mean":36.7128203125}}
{"op_code":8,"worker_id":"783ecce1-a686-4a5d-8e34-a7488920e629-8316722560","trial_id":35,"user_attr":{"converged_share":0.875}}
{"op_code":8,"worker_id":"783ecce1-a686-4a5d-8e34-a7488920e629-8316722560","trial_id":35,"user_attr":{"wall_s":324.2949287891388}}
{"op_code":6,"worker_id":"783ecce1-a686-4a5d-8e34-a7488920e629-8316722560","trial_id":35,"state":1,"values":[42.31957346291525],"datetime_complete":"2026-10-08T06:21:16.679035"}
{"op_code":4,"worker_id":"783ecce1-a686-4a5d-8e34-a7488920e629-8316722560","study_id":0,"datetime_start":"2026-10-08T06:21:16.679725"}
{"op_code":9,"worker_id":"783ecce1-a686-4a5d-8e34-a7488920e629-8316722560","trial_id":37,"system_attr":{"tpe:relative_params:0":"{\"batch\": 128, \"buffer\": 50000, \"episode_days\": 14, \"eps_decay_frac\": 0.3141032145929914, \"eps_end\": 0.0958883397828513, \"gamma\": 0.9988746129853165, \"hidden\": 256, \"lr\": 0.00016207149033328324, \"n_step\": 4, \"reward_scale\": 68.55472185431292, \"target_sync\": 5000, \"update_every\": 4}"}}
{"op_code":5,"worker_id":"783ecce1-a686-4a5d-8e34-a7488920e629-8316722560","trial_id":37,"param_name":"lr","param_value_internal":0.00016207149033328324,"distribution":"{\"name\": \"FloatDistribution\", \"attributes\": {\"step\": null, \"low\": 0.0001, \"high\": 0.003, \"log\": true}}"}
{"op_code":5,"worker_id":"783ecce1-a686-4a5d-8e34-a7488920e629-8316722560","trial_id":37,"param_name":"gamma","param_value_internal":0.9988746129853165,"distribution":"{\"name\": \"FloatDistribution\", \"attributes\": {\"step\": null, \"low\": 0.98, \"high\": 0.999, \"log\": false}}"}
{"op_code":5,"worker_id":"783ecce1-a686-4a5d-8e34-a7488920e629-8316722560","trial_id":37,"param_name":"n_step","param_value_internal":2,"distribution":"{\"name\": \"CategoricalDistribution\", \"attributes\": {\"choices\": [1, 2, 4, 8, 16]}}"}
{"op_code":5,"worker_id":"783ecce1-a686-4a5d-8e34-a7488920e629-8316722560","trial_id":37,"param_name":"batch","param_value_internal":1,"distribution":"{\"name\": \"CategoricalDistribution\", \"attributes\": {\"choices\": [64, 128, 256]}}"}
{"op_code":5,"worker_id":"783ecce1-a686-4a5d-8e34-a7488920e629-8316722560","trial_id":37,"param_name":"hidden","param_value_internal":2,"distribution":"{\"name\": \"CategoricalDistribution\", \"attributes\": {\"choices\": [64, 128, 256]}}"}
{"op_code":5,"worker_id":"783ecce1-a686-4a5d-8e34-a7488920e629-8316722560","trial_id":37,"param_name":"target_sync","param_value_internal":3,"distribution":"{\"name\": \"CategoricalDistribution\", \"attributes\": {\"choices\": [500, 1000, 2000, 5000, 10000]}}"}
{"op_code":5,"worker_id":"783ecce1-a686-4a5d-8e34-a7488920e629-8316722560","trial_id":37,"param_name":"update_every","param_value_internal":2,"distribution":"{\"name\": \"CategoricalDistribution\", \"attributes\": {\"choices\": [1, 2, 4]}}"}
{"op_code":5,"worker_id":"783ecce1-a686-4a5d-8e34-a7488920e629-8316722560","trial_id":37,"param_name":"buffer","param_value_internal":0,"distribution":"{\"name\": \"CategoricalDistribution\", \"attributes\": {\"choices\": [50000, 100000, 200000, 400000]}}"}
{"op_code":5,"worker_id":"783ecce1-a686-4a5d-8e34-a7488920e629-8316722560","trial_id":37,"param_name":"eps_end","param_value_internal":0.0958883397828513,"distribution":"{\"name\": \"FloatDistribution\", \"attributes\": {\"step\": null, \"low\": 0.01, \"high\": 0.1, \"log\": false}}"}
{"op_code":5,"worker_id":"783ecce1-a686-4a5d-8e34-a7488920e629-8316722560","trial_id":37,"param_name":"eps_decay_frac","param_value_internal":0.3141032145929914,"distribution":"{\"name\": \"FloatDistribution\", \"attributes\": {\"step\": null, \"low\": 0.1, \"high\": 0.6, \"log\": false}}"}
{"op_code":5,"worker_id":"783ecce1-a686-4a5d-8e34-a7488920e629-8316722560","trial_id":37,"param_name":"reward_scale","param_value_internal":68.55472185431292,"distribution":"{\"name\": \"FloatDistribution\", \"attributes\": {\"step\": null, \"low\": 5.0, \"high\": 80.0, \"log\": true}}"}
{"op_code":5,"worker_id":"783ecce1-a686-4a5d-8e34-a7488920e629-8316722560","trial_id":37,"param_name":"episode_days","param_value_internal":2,"distribution":"{\"name\": \"CategoricalDistribution\", \"attributes\": {\"choices\": [3, 7, 14]}}"}
{"op_code":8,"worker_id":"783ecce1-a686-4a5d-8e34-a7488920e629-8316722560","trial_id":37,"user_attr":{"tag":"cf5f91ac35952"}}
{"op_code":8,"worker_id":"783ecce1-a686-4a5d-8e34-a7488920e629-8316722560","trial_id":37,"user_attr":{"overrides":{"gamma":0.9988746129853165,"n_step":4,"lr":0.00016207149033328324,"batch":128,"hidden":256,"target_sync":5000,"update_every":4,"buffer":50000,"eps_end":0.0958883397828513,"eps_decay_frac":0.3141032145929914,"reward_scale":68.55472185431292,"episode_days":14}}}
{"op_code":7,"worker_id":"783ecce1-a686-4a5d-8e34-a7488920e629-8316722560","trial_id":37,"step":3,"intermediate_value":37.17250071228731}
{"op_code":7,"worker_id":"783ecce1-a686-4a5d-8e34-a7488920e629-8316722560","trial_id":36,"step":3,"intermediate_value":36.652900861137816}
{"op_code":7,"worker_id":"783ecce1-a686-4a5d-8e34-a7488920e629-8316722560","trial_id":37,"step":8,"intermediate_value":42.56593001580704}
{"op_code":8,"worker_id":"783ecce1-a686-4a5d-8e34-a7488920e629-8316722560","trial_id":37,"user_attr":{"hh_saving":{"254":34.129481539713176,"185":38.41670405287219,"230":38.97131654427656,"266":41.72642575933644,"145":45.78432291651479,"229":33.72830807239827,"300":73.06628104155226,"69":34.7046001997926}}}
{"op_code":8,"worker_id":"783ecce1-a686-4a5d-8e34-a7488920e629-8316722560","trial_id":37,"user_attr":{"val_efc_mean":50.62523625}}
{"op_code":8,"worker_id":"783ecce1-a686-4a5d-8e34-a7488920e629-8316722560","trial_id":37,"user_attr":{"converged_share":0.875}}
{"op_code":8,"worker_id":"783ecce1-a686-4a5d-8e34-a7488920e629-8316722560","trial_id":37,"user_attr":{"wall_s":212.14570879936218}}
{"op_code":6,"worker_id":"783ecce1-a686-4a5d-8e34-a7488920e629-8316722560","trial_id":37,"state":1,"values":[42.56593001580704],"datetime_complete":"2026-10-08T06:24:48.832909"}
{"op_code":4,"worker_id":"783ecce1-a686-4a5d-8e34-a7488920e629-8316722560","study_id":0,"datetime_start":"2026-10-08T06:24:48.833453"}
{"op_code":9,"worker_id":"783ecce1-a686-4a5d-8e34-a7488920e629-8316722560","trial_id":38,"system_attr":{"tpe:relative_params:0":"{\"batch\": 64, \"buffer\": 50000, \"episode_days\": 7, \"eps_decay_frac\": 0.4297387234750284, \"eps_end\": 0.08269036279672083, \"gamma\": 0.9985228490953363, \"hidden\": 64, \"lr\": 0.00022263626106924252, \"n_step\": 4, \"reward_scale\": 74.11051941489474, \"target_sync\": 2000, \"update_every\": 2}"}}
{"op_code":5,"worker_id":"783ecce1-a686-4a5d-8e34-a7488920e629-8316722560","trial_id":38,"param_name":"lr","param_value_internal":0.00022263626106924252,"distribution":"{\"name\": \"FloatDistribution\", \"attributes\": {\"step\": null, \"low\": 0.0001, \"high\": 0.003, \"log\": true}}"}
{"op_code":5,"worker_id":"783ecce1-a686-4a5d-8e34-a7488920e629-8316722560","trial_id":38,"param_name":"gamma","param_value_internal":0.9985228490953363,"distribution":"{\"name\": \"FloatDistribution\", \"attributes\": {\"step\": null, \"low\": 0.98, \"high\": 0.999, \"log\": false}}"}
{"op_code":5,"worker_id":"783ecce1-a686-4a5d-8e34-a7488920e629-8316722560","trial_id":38,"param_name":"n_step","param_value_internal":2,"distribution":"{\"name\": \"CategoricalDistribution\", \"attributes\": {\"choices\": [1, 2, 4, 8, 16]}}"}
{"op_code":5,"worker_id":"783ecce1-a686-4a5d-8e34-a7488920e629-8316722560","trial_id":38,"param_name":"batch","param_value_internal":0,"distribution":"{\"name\": \"CategoricalDistribution\", \"attributes\": {\"choices\": [64, 128, 256]}}"}
{"op_code":5,"worker_id":"783ecce1-a686-4a5d-8e34-a7488920e629-8316722560","trial_id":38,"param_name":"hidden","param_value_internal":0,"distribution":"{\"name\": \"CategoricalDistribution\", \"attributes\": {\"choices\": [64, 128, 256]}}"}
{"op_code":5,"worker_id":"783ecce1-a686-4a5d-8e34-a7488920e629-8316722560","trial_id":38,"param_name":"target_sync","param_value_internal":2,"distribution":"{\"name\": \"CategoricalDistribution\", \"attributes\": {\"choices\": [500, 1000, 2000, 5000, 10000]}}"}
{"op_code":5,"worker_id":"783ecce1-a686-4a5d-8e34-a7488920e629-8316722560","trial_id":38,"param_name":"update_every","param_value_internal":1,"distribution":"{\"name\": \"CategoricalDistribution\", \"attributes\": {\"choices\": [1, 2, 4]}}"}
{"op_code":5,"worker_id":"783ecce1-a686-4a5d-8e34-a7488920e629-8316722560","trial_id":38,"param_name":"buffer","param_value_internal":0,"distribution":"{\"name\": \"CategoricalDistribution\", \"attributes\": {\"choices\": [50000, 100000, 200000, 400000]}}"}
{"op_code":5,"worker_id":"783ecce1-a686-4a5d-8e34-a7488920e629-8316722560","trial_id":38,"param_name":"eps_end","param_value_internal":0.08269036279672083,"distribution":"{\"name\": \"FloatDistribution\", \"attributes\": {\"step\": null, \"low\": 0.01, \"high\": 0.1, \"log\": false}}"}
{"op_code":5,"worker_id":"783ecce1-a686-4a5d-8e34-a7488920e629-8316722560","trial_id":38,"param_name":"eps_decay_frac","param_value_internal":0.4297387234750284,"distribution":"{\"name\": \"FloatDistribution\", \"attributes\": {\"step\": null, \"low\": 0.1, \"high\": 0.6, \"log\": false}}"}
{"op_code":5,"worker_id":"783ecce1-a686-4a5d-8e34-a7488920e629-8316722560","trial_id":38,"param_name":"reward_scale","param_value_internal":74.11051941489474,"distribution":"{\"name\": \"FloatDistribution\", \"attributes\": {\"step\": null, \"low\": 5.0, \"high\": 80.0, \"log\": true}}"}
{"op_code":5,"worker_id":"783ecce1-a686-4a5d-8e34-a7488920e629-8316722560","trial_id":38,"param_name":"episode_days","param_value_internal":1,"distribution":"{\"name\": \"CategoricalDistribution\", \"attributes\": {\"choices\": [3, 7, 14]}}"}
{"op_code":8,"worker_id":"783ecce1-a686-4a5d-8e34-a7488920e629-8316722560","trial_id":38,"user_attr":{"tag":"c0c771dc201b3"}}
{"op_code":8,"worker_id":"783ecce1-a686-4a5d-8e34-a7488920e629-8316722560","trial_id":38,"user_attr":{"overrides":{"gamma":0.9985228490953363,"n_step":4,"lr":0.00022263626106924252,"batch":64,"hidden":64,"target_sync":2000,"update_every":2,"buffer":50000,"eps_end":0.08269036279672083,"eps_decay_frac":0.4297387234750284,"reward_scale":74.11051941489474,"episode_days":7}}}
{"op_code":7,"worker_id":"783ecce1-a686-4a5d-8e34-a7488920e629-8316722560","trial_id":36,"step":8,"intermediate_value":42.750526461187974}
{"op_code":8,"worker_id":"783ecce1-a686-4a5d-8e34-a7488920e629-8316722560","trial_id":36,"user_attr":{"hh_saving":{"254":35.20697479081636,"185":35.25215496187536,"230":39.49957283072173,"266":40.69386775309111,"145":46.29081475225337,"229":35.142060155024375,"300":74.06290715189321,"69":35.85585929382823}}}
{"op_code":8,"worker_id":"783ecce1-a686-4a5d-8e34-a7488920e629-8316722560","trial_id":36,"user_attr":{"val_efc_mean":46.78240975195312}}
{"op_code":8,"worker_id":"783ecce1-a686-4a5d-8e34-a7488920e629-8316722560","trial_id":36,"user_attr":{"converged_share":0.875}}
{"op_code":8,"worker_id":"783ecce1-a686-4a5d-8e34-a7488920e629-8316722560","trial_id":36,"user_attr":{"wall_s":410.2202980518341}}
{"op_code":6,"worker_id":"783ecce1-a686-4a5d-8e34-a7488920e629-8316722560","trial_id":36,"state":1,"values":[42.750526461187974],"datetime_complete":"2026-10-08T06:26:19.275379"}
{"op_code":4,"worker_id":"783ecce1-a686-4a5d-8e34-a7488920e629-8316722560","study_id":0,"datetime_start":"2026-10-08T06:26:19.275895"}
{"op_code":9,"worker_id":"783ecce1-a686-4a5d-8e34-a7488920e629-8316722560","trial_id":39,"system_attr":{"tpe:relative_params:0":"{\"batch\": 128, \"buffer\": 200000, \"episode_days\": 14, \"eps_decay_frac\": 0.40367401179591805, \"eps_end\": 0.07629194675404453, \"gamma\": 0.9968868247257472, \"hidden\": 256, \"lr\": 0.00034661862603421804, \"n_step\": 8, \"reward_scale\": 74.41516557517397, \"target_sync\": 5000, \"update_every\": 2}"}}
{"op_code":5,"worker_id":"783ecce1-a686-4a5d-8e34-a7488920e629-8316722560","trial_id":39,"param_name":"lr","param_value_internal":0.00034661862603421804,"distribution":"{\"name\": \"FloatDistribution\", \"attributes\": {\"step\": null, \"low\": 0.0001, \"high\": 0.003, \"log\": true}}"}
{"op_code":5,"worker_id":"783ecce1-a686-4a5d-8e34-a7488920e629-8316722560","trial_id":39,"param_name":"gamma","param_value_internal":0.9968868247257472,"distribution":"{\"name\": \"FloatDistribution\", \"attributes\": {\"step\": null, \"low\": 0.98, \"high\": 0.999, \"log\": false}}"}
{"op_code":5,"worker_id":"783ecce1-a686-4a5d-8e34-a7488920e629-8316722560","trial_id":39,"param_name":"n_step","param_value_internal":3,"distribution":"{\"name\": \"CategoricalDistribution\", \"attributes\": {\"choices\": [1, 2, 4, 8, 16]}}"}
{"op_code":5,"worker_id":"783ecce1-a686-4a5d-8e34-a7488920e629-8316722560","trial_id":39,"param_name":"batch","param_value_internal":1,"distribution":"{\"name\": \"CategoricalDistribution\", \"attributes\": {\"choices\": [64, 128, 256]}}"}
{"op_code":5,"worker_id":"783ecce1-a686-4a5d-8e34-a7488920e629-8316722560","trial_id":39,"param_name":"hidden","param_value_internal":2,"distribution":"{\"name\": \"CategoricalDistribution\", \"attributes\": {\"choices\": [64, 128, 256]}}"}
{"op_code":5,"worker_id":"783ecce1-a686-4a5d-8e34-a7488920e629-8316722560","trial_id":39,"param_name":"target_sync","param_value_internal":3,"distribution":"{\"name\": \"CategoricalDistribution\", \"attributes\": {\"choices\": [500, 1000, 2000, 5000, 10000]}}"}
{"op_code":5,"worker_id":"783ecce1-a686-4a5d-8e34-a7488920e629-8316722560","trial_id":39,"param_name":"update_every","param_value_internal":1,"distribution":"{\"name\": \"CategoricalDistribution\", \"attributes\": {\"choices\": [1, 2, 4]}}"}
{"op_code":5,"worker_id":"783ecce1-a686-4a5d-8e34-a7488920e629-8316722560","trial_id":39,"param_name":"buffer","param_value_internal":2,"distribution":"{\"name\": \"CategoricalDistribution\", \"attributes\": {\"choices\": [50000, 100000, 200000, 400000]}}"}
{"op_code":5,"worker_id":"783ecce1-a686-4a5d-8e34-a7488920e629-8316722560","trial_id":39,"param_name":"eps_end","param_value_internal":0.07629194675404453,"distribution":"{\"name\": \"FloatDistribution\", \"attributes\": {\"step\": null, \"low\": 0.01, \"high\": 0.1, \"log\": false}}"}
{"op_code":5,"worker_id":"783ecce1-a686-4a5d-8e34-a7488920e629-8316722560","trial_id":39,"param_name":"eps_decay_frac","param_value_internal":0.40367401179591805,"distribution":"{\"name\": \"FloatDistribution\", \"attributes\": {\"step\": null, \"low\": 0.1, \"high\": 0.6, \"log\": false}}"}
{"op_code":5,"worker_id":"783ecce1-a686-4a5d-8e34-a7488920e629-8316722560","trial_id":39,"param_name":"reward_scale","param_value_internal":74.41516557517397,"distribution":"{\"name\": \"FloatDistribution\", \"attributes\": {\"step\": null, \"low\": 5.0, \"high\": 80.0, \"log\": true}}"}
{"op_code":5,"worker_id":"783ecce1-a686-4a5d-8e34-a7488920e629-8316722560","trial_id":39,"param_name":"episode_days","param_value_internal":2,"distribution":"{\"name\": \"CategoricalDistribution\", \"attributes\": {\"choices\": [3, 7, 14]}}"}
{"op_code":8,"worker_id":"783ecce1-a686-4a5d-8e34-a7488920e629-8316722560","trial_id":39,"user_attr":{"tag":"ccb4a04c6a4b0"}}
{"op_code":8,"worker_id":"783ecce1-a686-4a5d-8e34-a7488920e629-8316722560","trial_id":39,"user_attr":{"overrides":{"gamma":0.9968868247257472,"n_step":8,"lr":0.00034661862603421804,"batch":128,"hidden":256,"target_sync":5000,"update_every":2,"buffer":200000,"eps_end":0.07629194675404453,"eps_decay_frac":0.40367401179591805,"reward_scale":74.41516557517397,"episode_days":14}}}
{"op_code":7,"worker_id":"783ecce1-a686-4a5d-8e34-a7488920e629-8316722560","trial_id":38,"step":3,"intermediate_value":32.089542342610926}
{"op_code":8,"worker_id":"783ecce1-a686-4a5d-8e34-a7488920e629-8316722560","trial_id":38,"user_attr":{"hh_saving":{"254":36.4830215093223,"185":26.726906612443216,"230":33.058698906067264}}}
{"op_code":8,"worker_id":"783ecce1-a686-4a5d-8e34-a7488920e629-8316722560","trial_id":38,"user_attr":{"val_efc_mean":41.609963516666674}}
{"op_code":8,"worker_id":"783ecce1-a686-4a5d-8e34-a7488920e629-8316722560","trial_id":38,"user_attr":{"converged_share":1.0}}
{"op_code":8,"worker_id":"783ecce1-a686-4a5d-8e34-a7488920e629-8316722560","trial_id":38,"user_attr":{"wall_s":91.46792984008789}}
{"op_code":6,"worker_id":"783ecce1-a686-4a5d-8e34-a7488920e629-8316722560","trial_id":38,"state":2,"values":[32.089542342610926],"datetime_complete":"2026-10-08T06:26:20.309730"}
{"op_code":7,"worker_id":"783ecce1-a686-4a5d-8e34-a7488920e629-8316722560","trial_id":39,"step":3,"intermediate_value":38.58208287917679}
{"op_code":7,"worker_id":"783ecce1-a686-4a5d-8e34-a7488920e629-8316722560","trial_id":39,"step":8,"intermediate_value":44.67918255189761}
{"op_code":8,"worker_id":"783ecce1-a686-4a5d-8e34-a7488920e629-8316722560","trial_id":39,"user_attr":{"hh_saving":{"254":37.96875505149754,"185":42.76768434956722,"230":35.00980923646561,"266":41.77120777914703,"145":48.708667626868,"229":35.98268801134446,"300":74.59546913170904,"69":40.62917922858196}}}
{"op_code":8,"worker_id":"783ecce1-a686-4a5d-8e34-a7488920e629-8316722560","trial_id":39,"user_attr":{"val_efc_mean":48.705549899999994}}
{"op_code":8,"worker_id":"783ecce1-a686-4a5d-8e34-a7488920e629-8316722560","trial_id":39,"user_attr":{"converged_share":0.875}}
{"op_code":8,"worker_id":"783ecce1-a686-4a5d-8e34-a7488920e629-8316722560","trial_id":39,"user_attr":{"wall_s":346.13009786605835}}
{"op_code":6,"worker_id":"783ecce1-a686-4a5d-8e34-a7488920e629-8316722560","trial_id":39,"state":1,"values":[44.67918255189761],"datetime_complete":"2026-10-08T06:32:05.412499"}
