{"op_code":0,"worker_id":"1a6df335-b3e2-4bc3-8490-a03bb1a78343-8316722560","study_name":"SI_bc_dqn","directions":[2]}
{"op_code":4,"worker_id":"1a6df335-b3e2-4bc3-8490-a03bb1a78343-8316722560","study_id":0,"datetime_start":null,"state":4,"value":null,"values":null,"distributions":{},"params":{},"user_attrs":{"incumbent":true},"system_attrs":{"fixed_params":{"lr":0.001,"gamma":0.99,"n_step":8,"batch":128,"target_sync":2000,"eps_decay_frac":0.4,"reward_scale":20.0,"bc_reg":1.0,"bc_reg_decay_frac":0.5,"bc_guide_prob":0.5}},"intermediate_values":{}}
{"op_code":6,"worker_id":"1a6df335-b3e2-4bc3-8490-a03bb1a78343-8316722560","trial_id":0,"state":0,"values":null,"datetime_start":"2026-10-08T03:55:59.102040"}
{"op_code":5,"worker_id":"1a6df335-b3e2-4bc3-8490-a03bb1a78343-8316722560","trial_id":0,"param_name":"lr","param_value_internal":0.001,"distribution":"{\"name\": \"FloatDistribution\", \"attributes\": {\"step\": null, \"low\": 0.0001, \"high\": 0.003, \"log\": true}}"}
{"op_code":5,"worker_id":"1a6df335-b3e2-4bc3-8490-a03bb1a78343-8316722560","trial_id":0,"param_name":"gamma","param_value_internal":0.99,"distribution":"{\"name\": \"FloatDistribution\", \"attributes\": {\"step\": null, \"low\": 0.98, \"high\": 0.999, \"log\": false}}"}
{"op_code":5,"worker_id":"1a6df335-b3e2-4bc3-8490-a03bb1a78343-8316722560","trial_id":0,"param_name":"n_step","param_value_internal":3,"distribution":"{\"name\": \"CategoricalDistribution\", \"attributes\": {\"choices\": [1, 2, 4, 8, 16]}}"}
{"op_code":5,"worker_id":"1a6df335-b3e2-4bc3-8490-a03bb1a78343-8316722560","trial_id":0,"param_name":"batch","param_value_internal":1,"distribution":"{\"name\": \"CategoricalDistribution\", \"attributes\": {\"choices\": [64, 128, 256]}}"}
{"op_code":5,"worker_id":"1a6df335-b3e2-4bc3-8490-a03bb1a78343-8316722560","trial_id":0,"param_name":"target_sync","param_value_internal":2,"distribution":"{\"name\": \"CategoricalDistribution\", \"attributes\": {\"choices\": [500, 1000, 2000, 5000, 10000]}}"}
{"op_code":5,"worker_id":"1a6df335-b3e2-4bc3-8490-a03bb1a78343-8316722560","trial_id":0,"param_name":"eps_decay_frac","param_value_internal":0.4,"distribution":"{\"name\": \"FloatDistribution\", \"attributes\": {\"step\": null, \"low\": 0.1, \"high\": 0.6, \"log\": false}}"}
{"op_code":5,"worker_id":"1a6df335-b3e2-4bc3-8490-a03bb1a78343-8316722560","trial_id":0,"param_name":"reward_scale","param_value_internal":20.0,"distribution":"{\"name\": \"FloatDistribution\", \"attributes\": {\"step\": null, \"low\": 5.0, \"high\": 80.0, \"log\": true}}"}
{"op_code":5,"worker_id":"1a6df335-b3e2-4bc3-8490-a03bb1a78343-8316722560","trial_id":0,"param_name":"bc_reg","param_value_internal":1.0,"distribution":"{\"name\": \"FloatDistribution\", \"attributes\": {\"step\": null, \"low\": 0.0, \"high\": 3.0, \"log\": false}}"}
{"op_code":5,"worker_id":"1a6df335-b3e2-4bc3-8490-a03bb1a78343-8316722560","trial_id":0,"param_name":"bc_reg_decay_frac","param_value_internal":0.5,"distribution":"{\"name\": \"FloatDistribution\", \"attributes\": {\"step\": null, \"low\": 0.1, \"high\": 1.0, \"log\": false}}"}
{"op_code":5,"worker_id":"1a6df335-b3e2-4bc3-8490-a03bb1a78343-8316722560","trial_id":0,"param_name":"bc_guide_prob","param_value_internal":0.5,"distribution":"{\"name\": \"FloatDistribution\", \"attributes\": {\"step\": null, \"low\": 0.0, \"high\": 1.0, \"log\": false}}"}
{"op_code":8,"worker_id":"1a6df335-b3e2-4bc3-8490-a03bb1a78343-8316722560","trial_id":0,"user_attr":{"tag":"c3daba5e22b23"}}
{"op_code":8,"worker_id":"1a6df335-b3e2-4bc3-8490-a03bb1a78343-8316722560","trial_id":0,"user_attr":{"overrides":{"gamma":0.99,"bc_reg":1.0,"hidden":64,"clone_lr":0.0003072447290580936,"clone_batch":1024,"clone_weight_decay":1e-06,"clone_class_power":0.09069586676111847,"clone_label_smoothing":0.1,"clone_patience":20,"lr":0.001,"n_step":8,"batch":128,"target_sync":2000,"eps_decay_frac":0.4,"reward_scale":20.0,"bc_reg_decay_frac":0.5,"bc_guide_prob":0.5}}}
{"op_code":4,"worker_id":"1a6df335-b3e2-4bc3-8490-a03bb1a78343-8316722560","study_id":0,"datetime_start":"2026-10-08T03:57:42.305321"}
{"op_code":5,"worker_id":"1a6df335-b3e2-4bc3-8490-a03bb1a78343-8316722560","trial_id":1,"param_name":"lr","param_value_internal":0.0006466422717414558,"distribution":"{\"name\": \"FloatDistribution\", \"attributes\": {\"step\": null, \"low\": 0.0001, \"high\": 0.003, \"log\": true}}"}
{"op_code":5,"worker_id":"1a6df335-b3e2-4bc3-8490-a03bb1a78343-8316722560","trial_id":1,"param_name":"gamma","param_value_internal":0.993588597961076,"distribution":"{\"name\": \"FloatDistribution\", \"attributes\": {\"step\": null, \"low\": 0.98, \"high\": 0.999, \"log\": false}}"}
{"op_code":5,"worker_id":"1a6df335-b3e2-4bc3-8490-a03bb1a78343-8316722560","trial_id":1,"param_name":"n_step","param_value_internal":3,"distribution":"{\"name\": \"CategoricalDistribution\", \"attributes\": {\"choices\": [1, 2, 4, 8, 16]}}"}
{"op_code":5,"worker_id":"1a6df335-b3e2-4bc3-8490-a03bb1a78343-8316722560","trial_id":1,"param_name":"batch","param_value_internal":1,"distribution":"{\"name\": \"CategoricalDistribution\", \"attributes\": {\"choices\": [64, 128, 256]}}"}
{"op_code":5,"worker_id":"1a6df335-b3e2-4bc3-8490-a03bb1a78343-8316722560","trial_id":1,"param_name":"target_sync","param_value_internal":3,"distribution":"{\"name\": \"CategoricalDistribution\", \"attributes\": {\"choices\": [500, 1000, 2000, 5000, 10000]}}"}
{"op_code":5,"worker_id":"1a6df335-b3e2-4bc3-8490-a03bb1a78343-8316722560","trial_id":1,"param_name":"eps_decay_frac","param_value_internal":0.14356464985077036,"distribution":"{\"name\": \"FloatDistribution\", \"attributes\": {\"step\": null, \"low\": 0.1, \"high\": 0.6, \"log\": false}}"}
{"op_code":5,"worker_id":"1a6df335-b3e2-4bc3-8490-a03bb1a78343-8316722560","trial_id":1,"param_name":"reward_scale","param_value_internal":5.288291432933611,"distribution":"{\"name\": \"FloatDistribution\", \"attributes\": {\"step\": null, \"low\": 5.0, \"high\": 80.0, \"log\": true}}"}
{"op_code":5,"worker_id":"1a6df335-b3e2-4bc3-8490-a03bb1a78343-8316722560","trial_id":1,"param_name":"bc_reg","param_value_internal":2.497859536643814,"distribution":"{\"name\": \"FloatDistribution\", \"attributes\": {\"step\": null, \"low\": 0.0, \"high\": 3.0, \"log\": false}}"}
{"op_code":5,"worker_id":"1a6df335-b3e2-4bc3-8490-a03bb1a78343-8316722560","trial_id":1,"param_name":"bc_reg_decay_frac","param_value_internal":0.8003410758548655,"distribution":"{\"name\": \"FloatDistribution\", \"attributes\": {\"step\": null, \"low\": 0.1, \"high\": 1.0, \"log\": false}}"}
{"op_code":5,"worker_id":"1a6df335-b3e2-4bc3-8490-a03bb1a78343-8316722560","trial_id":1,"param_name":"bc_guide_prob","param_value_internal":0.8700121482468192,"distribution":"{\"name\": \"FloatDistribution\", \"attributes\": {\"step\": null, \"low\": 0.0, \"high\": 1.0, \"log\": false}}"}
{"op_code":8,"worker_id":"1a6df335-b3e2-4bc3-8490-a03bb1a78343-8316722560","trial_id":1,"user_attr":{"tag":"c2cb0eab6581c"}}
{"op_code":8,"worker_id":"1a6df335-b3e2-4bc3-8490-a03bb1a78343-8316722560","trial_id":1,"user_attr":{"overrides":{"gamma":0.993588597961076,"bc_reg":2.497859536643814,"hidden":64,"clone_lr":0.0003072447290580936,"clone_batch":1024,"clone_weight_decay":1e-06,"clone_class_power":0.09069586676111847,"clone_label_smoothing":0.1,"clone_patience":20,"lr":0.0006466422717414558,"n_step":8,"batch":128,"target_sync":5000,"eps_decay_frac":0.14356464985077036,"reward_scale":5.288291432933611,"bc_reg_decay_frac":0.8003410758548655,"bc_guide_prob":0.8700121482468192}}}
{"op_code":7,"worker_id":"1a6df335-b3e2-4bc3-8490-a03bb1a78343-8316722560","trial_id":0,"step":3,"intermediate_value":43.09098826474284}
{"op_code":7,"worker_id":"1a6df335-b3e2-4bc3-8490-a03bb1a78343-8316722560","trial_id":1,"step":3,"intermediate_value":43.17233261723849}
{"op_code":7,"worker_id":"1a6df335-b3e2-4bc3-8490-a03bb1a78343-8316722560","trial_id":0,"step":8,"intermediate_value":49.64892928082662}
{"op_code":8,"worker_id":"1a6df335-b3e2-4bc3-8490-a03bb1a78343-8316722560","trial_id":0,"user_attr":{"hh_saving":{"254":43.11840950006465,"185":40.25253489912392,"230":45.90202039503996,"266":49.709491202679374,"145":47.76171624703197,"229":49.90407977619548,"300":73.12496026646818,"69":47.41822196000943}}}
{"op_code":8,"worker_id":"1a6df335-b3e2-4bc3-8490-a03bb1a78343-8316722560","trial_id":0,"user_attr":{"val_efc_mean":62.80472631874999}}
{"op_code":8,"worker_id":"1a6df335-b3e2-4bc3-8490-a03bb1a78343-8316722560","trial_id":0,"user_attr":{"converged_share":1.0}}
{"op_code":8,"worker_id":"1a6df335-b3e2-4bc3-8490-a03bb1a78343-8316722560","trial_id":0,"user_attr":{"wall_s":416.8693709373474}}
{"op_code":6,"worker_id":"1a6df335-b3e2-4bc3-8490-a03bb1a78343-8316722560","trial_id":0,"state":1,"values":[49.64892928082662],"datetime_complete":"2026-10-08T04:02:55.975446"}
{"op_code":4,"worker_id":"1a6df335-b3e2-4bc3-8490-a03bb1a78343-8316722560","study_id":0,"datetime_start":"2026-10-08T04:03:52.076120"}
{"op_code":5,"worker_id":"1a6df335-b3e2-4bc3-8490-a03bb1a78343-8316722560","trial_id":2,"param_name":"lr","param_value_internal":0.0027895744302956853,"distribution":"{\"name\": \"FloatDistribution\", \"attributes\": {\"step\": null, \"low\": 0.0001, \"high\": 0.003, \"log\": true}}"}
{"op_code":5,"worker_id":"1a6df335-b3e2-4bc3-8490-a03bb1a78343-8316722560","trial_id":2,"param_name":"gamma","param_value_internal":0.9951840127201177,"distribution":"{\"name\": \"FloatDistribution\", \"attributes\": {\"step\": null, \"low\": 0.98, \"high\": 0.999, \"log\": false}}"}
{"op_code":5,"worker_id":"1a6df335-b3e2-4bc3-8490-a03bb1a78343-8316722560","trial_id":2,"param_name":"n_step","param_value_internal":1,"distribution":"{\"name\": \"CategoricalDistribution\", \"attributes\": {\"choices\": [1, 2, 4, 8, 16]}}"}
{"op_code":5,"worker_id":"1a6df335-b3e2-4bc3-8490-a03bb1a78343-8316722560","trial_id":2,"param_name":"batch","param_value_internal":0,"distribution":"{\"name\": \"CategoricalDistribution\", \"attributes\": {\"choices\": [64, 128, 256]}}"}
{"op_code":5,"worker_id":"1a6df335-b3e2-4bc3-8490-a03bb1a78343-8316722560","trial_id":2,"param_name":"target_sync","param_value_internal":1,"distribution":"{\"name\": \"CategoricalDistribution\", \"attributes\": {\"choices\": [500, 1000, 2000, 5000, 10000]}}"}
{"op_code":5,"worker_id":"1a6df335-b3e2-4bc3-8490-a03bb1a78343-8316722560","trial_id":2,"param_name":"eps_decay_frac","param_value_internal":0.4088177485379385,"distribution":"{\"name\": \"FloatDistribution\", \"attributes\": {\"step\": null, \"low\": 0.1, \"high\": 0.6, \"log\": false}}"}
{"op_code":5,"worker_id":"1a6df335-b3e2-4bc3-8490-a03bb1a78343-8316722560","trial_id":2,"param_name":"reward_scale","param_value_internal":27.290198548168842,"distribution":"{\"name\": \"FloatDistribution\", \"attributes\": {\"step\": null, \"low\": 5.0, \"high\": 80.0, \"log\": true}}"}
{"op_code":5,"worker_id":"1a6df335-b3e2-4bc3-8490-a03bb1a78343-8316722560","trial_id":2,"param_name":"bc_reg","param_value_internal":1.8508019906242708,"distribution":"{\"name\": \"FloatDistribution\", \"attributes\": {\"step\": null, \"low\": 0.0, \"high\": 3.0, \"log\": false}}"}
{"op_code":5,"worker_id":"1a6df335-b3e2-4bc3-8490-a03bb1a78343-8316722560","trial_id":2,"param_name":"bc_reg_decay_frac","param_value_internal":0.9493732706631618,"distribution":"{\"name\": \"FloatDistribution\", \"attributes\": {\"step\": null, \"low\": 0.1, \"high\": 1.0, \"log\": false}}"}
{"op_code":5,"worker_id":"1a6df335-b3e2-4bc3-8490-a03bb1a78343-8316722560","trial_id":2,"param_name":"bc_guide_prob","param_value_internal":0.6818202991034834,"distribution":"{\"name\": \"FloatDistribution\", \"attributes\": {\"step\": null, \"low\": 0.0, \"high\": 1.0, \"log\": false}}"}
{"op_code":8,"worker_id":"1a6df335-b3e2-4bc3-8490-a03bb1a78343-8316722560","trial_id":2,"user_attr":{"tag":"cc8666079bf11"}}
{"op_code":8,"worker_id":"1a6df335-b3e2-4bc3-8490-a03bb1a78343-8316722560","trial_id":2,"user_attr":{"overrides":{"gamma":0.9951840127201177,"bc_reg":1.8508019906242708,"hidden":64,"clone_lr":0.0003072447290580936,"clone_batch":1024,"clone_weight_decay":1e-06,"clone_class_power":0.09069586676111847,"clone_label_smoothing":0.1,"clone_patience":20,"lr":0.0027895744302956853,"n_step":2,"batch":64,"target_sync":1000,"eps_decay_frac":0.4088177485379385,"reward_scale":27.290198548168842,"bc_reg_decay_frac":0.9493732706631618,"bc_guide_prob":0.6818202991034834}}}
{"op_code":7,"worker_id":"1a6df335-b3e2-4bc3-8490-a03bb1a78343-8316722560","trial_id":1,"step":8,"intermediate_value":48.93325509478834}
{"op_code":8,"worker_id":"1a6df335-b3e2-4bc3-8490-a03bb1a78343-8316722560","trial_id":1,"user_attr":{"hh_saving":{"254":43.28275622646418,"185":40.1354522864601,"230":46.09878933879121,"266":48.753848988880975,"145":47.45248267445214,"229":51.435247109978015,"300":68.18076578422924,"69":46.12669834905092}}}
{"op_code":8,"worker_id":"1a6df335-b3e2-4bc3-8490-a03bb1a78343-8316722560","trial_id":1,"user_attr":{"val_efc_mean":63.66291503125}}
{"op_code":8,"worker_id":"1a6df335-b3e2-4bc3-8490-a03bb1a78343-8316722560","trial_id":1,"user_attr":{"converged_share":0.875}}
{"op_code":8,"worker_id":"1a6df335-b3e2-4bc3-8490-a03bb1a78343-8316722560","trial_id":1,"user_attr":{"wall_s":517.5580801963806}}
{"op_code":6,"worker_id":"1a6df335-b3e2-4bc3-8490-a03bb1a78343-8316722560","trial_id":1,"state":1,"values":[48.93325509478834],"datetime_complete":"2026-10-08T04:06:19.869703"}
{"op_code":4,"worker_id":"1a6df335-b3e2-4bc3-8490-a03bb1a78343-8316722560","study_id":0,"datetime_start":"2026-10-08T04:06:32.179256"}
{"op_code":5,"worker_id":"1a6df335-b3e2-4bc3-8490-a03bb1a78343-8316722560","trial_id":3,"param_name":"lr","param_value_internal":0.00033965402163917304,"distribution":"{\"name\": \"FloatDistribution\", \"attributes\": {\"step\": null, \"low\": 0.0001, \"high\": 0.003, \"log\": true}}"}
{"op_code":5,"worker_id":"1a6df335-b3e2-4bc3-8490-a03bb1a78343-8316722560","trial_id":3,"param_name":"gamma","param_value_internal":0.9883036071221875,"distribution":"{\"name\": \"FloatDistribution\", \"attributes\": {\"step\": null, \"low\": 0.98, \"high\": 0.999, \"log\": false}}"}
{"op_code":5,"worker_id":"1a6df335-b3e2-4bc3-8490-a03bb1a78343-8316722560","trial_id":3,"param_name":"n_step","param_value_internal":0,"distribution":"{\"name\": \"CategoricalDistribution\", \"attributes\": {\"choices\": [1, 2, 4, 8, 16]}}"}
{"op_code":5,"worker_id":"1a6df335-b3e2-4bc3-8490-a03bb1a78343-8316722560","trial_id":3,"param_name":"batch","param_value_internal":2,"distribution":"{\"name\": \"CategoricalDistribution\", \"attributes\": {\"choices\": [64, 128, 256]}}"}
{"op_code":5,"worker_id":"1a6df335-b3e2-4bc3-8490-a03bb1a78343-8316722560","trial_id":3,"param_name":"target_sync","param_value_internal":2,"distribution":"{\"name\": \"CategoricalDistribution\", \"attributes\": {\"choices\": [500, 1000, 2000, 5000, 10000]}}"}
{"op_code":5,"worker_id":"1a6df335-b3e2-4bc3-8490-a03bb1a78343-8316722560","trial_id":3,"param_name":"eps_decay_frac","param_value_internal":0.18065475894249813,"distribution":"{\"name\": \"FloatDistribution\", \"attributes\": {\"step\": null, \"low\": 0.1, \"high\": 0.6, \"log\": false}}"}
{"op_code":5,"worker_id":"1a6df335-b3e2-4bc3-8490-a03bb1a78343-8316722560","trial_id":3,"param_name":"reward_scale","param_value_internal":30.57671250622815,"distribution":"{\"name\": \"FloatDistribution\", \"attributes\": {\"step\": null, \"low\": 5.0, \"high\": 80.0, \"log\": true}}"}
{"op_code":5,"worker_id":"1a6df335-b3e2-4bc3-8490-a03bb1a78343-8316722560","trial_id":3,"param_name":"bc_reg","param_value_internal":0.7598748076193463,"distribution":"{\"name\": \"FloatDistribution\", \"attributes\": {\"step\": null, \"low\": 0.0, \"high\": 3.0, \"log\": false}}"}
{"op_code":5,"worker_id":"1a6df335-b3e2-4bc3-8490-a03bb1a78343-8316722560","trial_id":3,"param_name":"bc_reg_decay_frac","param_value_internal":0.5196796955706757,"distribution":"{\"name\": \"FloatDistribution\", \"attributes\": {\"step\": null, \"low\": 0.1, \"high\": 1.0, \"log\": false}}"}
{"op_code":5,"worker_id":"1a6df335-b3e2-4bc3-8490-a03bb1a78343-8316722560","trial_id":3,"param_name":"bc_guide_prob","param_value_internal":0.24442559200160274,"distribution":"{\"name\": \"FloatDistribution\", \"attributes\": {\"step\": null, \"low\": 0.0, \"high\": 1.0, \"log\": false}}"}
{"op_code":8,"worker_id":"1a6df335-b3e2-4bc3-8490-a03bb1a78343-8316722560","trial_id":3,"user_attr":{"tag":"c52af52b6705e"}}
{"op_code":8,"worker_id":"1a6df335-b3e2-4bc3-8490-a03bb1a78343-8316722560","trial_id":3,"user_attr":{"overrides":{"gamma":0.9883036071221875,"bc_reg":0.7598748076193463,"hidden":64,"clone_lr":0.0003072447290580936,"clone_batch":1024,"clone_weight_decay":1e-06,"clone_class_power":0.09069586676111847,"clone_label_smoothing":0.1,"clone_patience":20,"lr":0.00033965402163917304,"n_step":1,"batch":256,"target_sync":2000,"eps_decay_frac":0.18065475894249813,"reward_scale":30.57671250622815,"bc_reg_decay_frac":0.5196796955706757,"bc_guide_prob":0.24442559200160274}}}
{"op_code":7,"worker_id":"1a6df335-b3e2-4bc3-8490-a03bb1a78343-8316722560","trial_id":2,"step":3,"intermediate_value":42.793499649196825}
{"op_code":7,"worker_id":"1a6df335-b3e2-4bc3-8490-a03bb1a78343-8316722560","trial_id":3,"step":3,"intermediate_value":42.32777038766637}
{"op_code":7,"worker_id":"1a6df335-b3e2-4bc3-8490-a03bb1a78343-8316722560","trial_id":2,"step":8,"intermediate_value":48.853016133703676}
{"op_code":8,"worker_id":"1a6df335-b3e2-4bc3-8490-a03bb1a78343-8316722560","trial_id":2,"user_attr":{"hh_saving":{"254":42.27168380900482,"185":40.056630213170074,"230":46.05218492541559,"266":49.03568977574437,"145":47.74087726710212,"229":50.380282379474515,"300":67.34617958365644,"69":47.94060111606143}}}
{"op_code":8,"worker_id":"1a6df335-b3e2-4bc3-8490-a03bb1a78343-8316722560","trial_id":2,"user_attr":{"val_efc_mean":62.5552767875}}
{"op_code":8,"worker_id":"1a6df335-b3e2-4bc3-8490-a03bb1a78343-8316722560","trial_id":2,"user_attr":{"converged_share":0.875}}
{"op_code":8,"worker_id":"1a6df335-b3e2-4bc3-8490-a03bb1a78343-8316722560","trial_id":2,"user_attr":{"wall_s":570.5293478965759}}
{"op_code":6,"worker_id":"1a6df335-b3e2-4bc3-8490-a03bb1a78343-8316722560","trial_id":2,"state":1,"values":[48.853016133703676],"datetime_complete":"2026-10-08T04:13:22.611883"}
{"op_code":4,"worker_id":"1a6df335-b3e2-4bc3-8490-a03bb1a78343-8316722560","study_id":0,"datetime_start":"2026-10-08T04:13:44.281573"}
{"op_code":5,"worker_id":"1a6df335-b3e2-4bc3-8490-a03bb1a78343-8316722560","trial_id":4,"param_name":"lr","param_value_internal":0.00017171860465888458,"distribution":"{\"name\": \"FloatDistribution\", \"attributes\": {\"step\": null, \"low\": 0.0001, \"high\": 0.003, \"log\": true}}"}
{"op_code":5,"worker_id":"1a6df335-b3e2-4bc3-8490-a03bb1a78343-8316722560","trial_id":4,"param_name":"gamma","param_value_internal":0.9820971276821218,"distribution":"{\"name\": \"FloatDistribution\", \"attributes\": {\"step\": null, \"low\": 0.98, \"high\": 0.999, \"log\": false}}"}
{"op_code":5,"worker_id":"1a6df335-b3e2-4bc3-8490-a03bb1a78343-8316722560","trial_id":4,"param_name":"n_step","param_value_internal":4,"distribution":"{\"name\": \"CategoricalDistribution\", \"attributes\": {\"choices\": [1, 2, 4, 8, 16]}}"}
{"op_code":5,"worker_id":"1a6df335-b3e2-4bc3-8490-a03bb1a78343-8316722560","trial_id":4,"param_name":"batch","param_value_internal":1,"distribution":"{\"name\": \"CategoricalDistribution\", \"attributes\": {\"choices\": [64, 128, 256]}}"}
{"op_code":5,"worker_id":"1a6df335-b3e2-4bc3-8490-a03bb1a78343-8316722560","trial_id":4,"param_name":"target_sync","param_value_internal":2,"distribution":"{\"name\": \"CategoricalDistribution\", \"attributes\": {\"choices\": [500, 1000, 2000, 5000, 10000]}}"}
{"op_code":5,"worker_id":"1a6df335-b3e2-4bc3-8490-a03bb1a78343-8316722560","trial_id":4,"param_name":"eps_decay_frac","param_value_internal":0.11959389612716034,"distribution":"{\"name\": \"FloatDistribution\", \"attributes\": {\"step\": null, \"low\": 0.1, \"high\": 0.6, \"log\": false}}"}
{"op_code":5,"worker_id":"1a6df335-b3e2-4bc3-8490-a03bb1a78343-8316722560","trial_id":4,"param_name":"reward_scale","param_value_internal":10.952254302458504,"distribution":"{\"name\": \"FloatDistribution\", \"attributes\": {\"step\": null, \"low\": 5.0, \"high\": 80.0, \"log\": true}}"}
{"op_code":5,"worker_id":"1a6df335-b3e2-4bc3-8490-a03bb1a78343-8316722560","trial_id":4,"param_name":"bc_reg","param_value_internal":0.3605896836395067,"distribution":"{\"name\": \"FloatDistribution\", \"attributes\": {\"step\": null, \"low\": 0.0, \"high\": 3.0, \"log\": false}}"}
{"op_code":5,"worker_id":"1a6df335-b3e2-4bc3-8490-a03bb1a78343-8316722560","trial_id":4,"param_name":"bc_reg_decay_frac","param_value_internal":0.36652617776993046,"distribution":"{\"name\": \"FloatDistribution\", \"attributes\": {\"step\": null, \"low\": 0.1, \"high\": 1.0, \"log\": false}}"}
{"op_code":5,"worker_id":"1a6df335-b3e2-4bc3-8490-a03bb1a78343-8316722560","trial_id":4,"param_name":"bc_guide_prob","param_value_internal":0.11872771895424405,"distribution":"{\"name\": \"FloatDistribution\", \"attributes\": {\"step\": null, \"low\": 0.0, \"high\": 1.0, \"log\": false}}"}
{"op_code":8,"worker_id":"1a6df335-b3e2-4bc3-8490-a03bb1a78343-8316722560","trial_id":4,"user_attr":{"tag":"c82ea63d2174a"}}
{"op_code":8,"worker_id":"1a6df335-b3e2-4bc3-8490-a03bb1a78343-8316722560","trial_id":4,"user_attr":{"overrides":{"gamma":0.9820971276821218,"bc_reg":0.3605896836395067,"hidden":64,"clone_lr":0.0003072447290580936,"clone_batch":1024,"clone_weight_decay":1e-06,"clone_class_power":0.09069586676111847,"clone_label_smoothing":0.1,"clone_patience":20,"lr":0.00017171860465888458,"n_step":16,"batch":128,"target_sync":2000,"eps_decay_frac":0.11959389612716034,"reward_scale":10.952254302458504,"bc_reg_decay_frac":0.36652617776993046,"bc_guide_prob":0.11872771895424405}}}
{"op_code":7,"worker_id":"1a6df335-b3e2-4bc3-8490-a03bb1a78343-8316722560","trial_id":3,"step":8,"intermediate_value":48.5869583848427}
{"op_code":8,"worker_id":"1a6df335-b3e2-4bc3-8490-a03bb1a78343-8316722560","trial_id":3,"user_attr":{"hh_saving":{"254":41.6165642065569,"185":39.344600903236895,"230":46.02214605320531,"266":49.88838684351497,"145":47.98700239635345,"229":47.246716125129915,"300":74.5579186149479,"69":42.032331935796314}}}
{"op_code":8,"worker_id":"1a6df335-b3e2-4bc3-8490-a03bb1a78343-8316722560","trial_id":3,"user_attr":{"val_efc_mean":60.763530562499994}}
{"op_code":8,"worker_id":"1a6df335-b3e2-4bc3-8490-a03bb1a78343-8316722560","trial_id":3,"user_attr":{"converged_share":1.0}}
{"op_code":8,"worker_id":"1a6df335-b3e2-4bc3-8490-a03bb1a78343-8316722560","trial_id":3,"user_attr":{"wall_s":505.647794008255}}
{"op_code":6,"worker_id":"1a6df335-b3e2-4bc3-8490-a03bb1a78343-8316722560","trial_id":3,"state":1,"values":[48.5869583848427],"datetime_complete":"2026-10-08T04:14:57.833138"}
{"op_code":4,"worker_id":"1a6df335-b3e2-4bc3-8490-a03bb1a78343-8316722560","study_id":0,"datetime_start":"2026-10-08T04:16:11.208020"}
{"op_code":5,"worker_id":"1a6df335-b3e2-4bc3-8490-a03bb1a78343-8316722560","trial_id":5,"param_name":"lr","param_value_internal":0.000294916935807158,"distribution":"{\"name\": \"FloatDistribution\", \"attributes\": {\"step\": null, \"low\": 0.0001, \"high\": 0.003, \"log\": true}}"}
{"op_code":5,"worker_id":"1a6df335-b3e2-4bc3-8490-a03bb1a78343-8316722560","trial_id":5,"param_name":"gamma","param_value_internal":0.9878709968957787,"distribution":"{\"name\": \"FloatDistribution\", \"attributes\": {\"step\": null, \"low\": 0.98, \"high\": 0.999, \"log\": false}}"}
{"op_code":5,"worker_id":"1a6df335-b3e2-4bc3-8490-a03bb1a78343-8316722560","trial_id":5,"param_name":"n_step","param_value_internal":1,"distribution":"{\"name\": \"CategoricalDistribution\", \"attributes\": {\"choices\": [1, 2, 4, 8, 16]}}"}
{"op_code":5,"worker_id":"1a6df335-b3e2-4bc3-8490-a03bb1a78343-8316722560","trial_id":5,"param_name":"batch","param_value_internal":2,"distribution":"{\"name\": \"CategoricalDistribution\", \"attributes\": {\"choices\": [64, 128, 256]}}"}
{"op_code":5,"worker_id":"1a6df335-b3e2-4bc3-8490-a03bb1a78343-8316722560","trial_id":5,"param_name":"target_sync","param_value_internal":3,"distribution":"{\"name\": \"CategoricalDistribution\", \"attributes\": {\"choices\": [500, 1000, 2000, 5000, 10000]}}"}
{"op_code":5,"worker_id":"1a6df335-b3e2-4bc3-8490-a03bb1a78343-8316722560","trial_id":5,"param_name":"eps_decay_frac","param_value_internal":0.19159568100355842,"distribution":"{\"name\": \"FloatDistribution\", \"attributes\": {\"step\": null, \"low\": 0.1, \"high\": 0.6, \"log\": false}}"}
{"op_code":5,"worker_id":"1a6df335-b3e2-4bc3-8490-a03bb1a78343-8316722560","trial_id":5,"param_name":"reward_scale","param_value_internal":25.421545460325902,"distribution":"{\"name\": \"FloatDistribution\", \"attributes\": {\"step\": null, \"low\": 5.0, \"high\": 80.0, \"log\": true}}"}
{"op_code":5,"worker_id":"1a6df335-b3e2-4bc3-8490-a03bb1a78343-8316722560","trial_id":5,"param_name":"bc_reg","param_value_internal":0.06032263856248066,"distribution":"{\"name\": \"FloatDistribution\", \"attributes\": {\"step\": null, \"low\": 0.0, \"high\": 3.0, \"log\": false}}"}
{"op_code":5,"worker_id":"1a6df335-b3e2-4bc3-8490-a03bb1a78343-8316722560","trial_id":5,"param_name":"bc_reg_decay_frac","param_value_internal":0.8460460262956269,"distribution":"{\"name\": \"FloatDistribution\", \"attributes\": {\"step\": null, \"low\": 0.1, \"high\": 1.0, \"log\": false}}"}
{"op_code":5,"worker_id":"1a6df335-b3e2-4bc3-8490-a03bb1a78343-8316722560","trial_id":5,"param_name":"bc_guide_prob","param_value_internal":0.004695476192547066,"distribution":"{\"name\": \"FloatDistribution\", \"attributes\": {\"step\": null, \"low\": 0.0, \"high\": 1.0, \"log\": false}}"}
{"op_code":8,"worker_id":"1a6df335-b3e2-4bc3-8490-a03bb1a78343-8316722560","trial_id":5,"user_attr":{"tag":"cf3388e0290bf"}}
{"op_code":8,"worker_id":"1a6df335-b3e2-4bc3-8490-a03bb1a78343-8316722560","trial_id":5,"user_attr":{"overrides":{"gamma":0.9878709968957787,"bc_reg":0.06032263856248066,"hidden":64,"clone_lr":0.0003072447290580936,"clone_batch":1024,"clone_weight_decay":1e-06,"clone_class_power":0.09069586676111847,"clone_label_smoothing":0.1,"clone_patience":20,"lr":0.000294916935807158,"n_step":2,"batch":256,"target_sync":5000,"eps_decay_frac":0.19159568100355842,"reward_scale":25.421545460325902,"bc_reg_decay_frac":0.8460460262956269,"bc_guide_prob":0.004695476192547066}}}
{"op_code":7,"worker_id":"1a6df335-b3e2-4bc3-8490-a03bb1a78343-8316722560","trial_id":4,"step":3,"intermediate_value":41.78403837967978}
{"op_code":7,"worker_id":"1a6df335-b3e2-4bc3-8490-a03bb1a78343-8316722560","trial_id":5,"step":3,"intermediate_value":28.73551160183869}
{"op_code":7,"worker_id":"1a6df335-b3e2-4bc3-8490-a03bb1a78343-8316722560","trial_id":4,"step":8,"intermediate_value":49.068078308684804}
{"op_code":8,"worker_id":"1a6df335-b3e2-4bc3-8490-a03bb1a78343-8316722560","trial_id":4,"user_attr":{"hh_saving":{"254":40.32148587775836,"185":39.14150254100739,"230":45.8891267202736,"266":48.56499502286521,"145":46.90891197262378,"229":49.617202873085766,"300":75.22996971858414,"69":46.87143174328014}}}
{"op_code":8,"worker_id":"1a6df335-b3e2-4bc3-8490-a03bb1a78343-8316722560","trial_id":4,"user_attr":{"val_efc_mean":59.1843025375}}
{"op_code":8,"worker_id":"1a6df335-b3e2-4bc3-8490-a03bb1a78343-8316722560","trial_id":4,"user_attr":{"converged_share":1.0}}
{"op_code":8,"worker_id":"1a6df335-b3e2-4bc3-8490-a03bb1a78343-8316722560","trial_id":4,"user_attr":{"wall_s":523.5213210582733}}
{"op_code":6,"worker_id":"1a6df335-b3e2-4bc3-8490-a03bb1a78343-8316722560","trial_id":4,"state":1,"values":[49.068078308684804],"datetime_complete":"2026-10-08T04:22:27.809472"}
{"op_code":4,"worker_id":"1a6df335-b3e2-4bc3-8490-a03bb1a78343-8316722560","study_id":0,"datetime_start":"2026-10-08T04:25:21.867716"}
{"op_code":5,"worker_id":"1a6df335-b3e2-4bc3-8490-a03bb1a78343-8316722560","trial_id":6,"param_name":"lr","param_value_internal":0.001002806668544501,"distribution":"{\"name\": \"FloatDistribution\", \"attributes\": {\"step\": null, \"low\": 0.0001, \"high\": 0.003, \"log\": true}}"}
{"op_code":5,"worker_id":"1a6df335-b3e2-4bc3-8490-a03bb1a78343-8316722560","trial_id":6,"param_name":"gamma","param_value_internal":0.9851301514906511,"distribution":"{\"name\": \"FloatDistribution\", \"attributes\": {\"step\": null, \"low\": 0.98, \"high\": 0.999, \"log\": false}}"}
{"op_code":5,"worker_id":"1a6df335-b3e2-4bc3-8490-a03bb1a78343-8316722560","trial_id":6,"param_name":"n_step","param_value_internal":1,"distribution":"{\"name\": \"CategoricalDistribution\", \"attributes\": {\"choices\": [1, 2, 4, 8, 16]}}"}
{"op_code":5,"worker_id":"1a6df335-b3e2-4bc3-8490-a03bb1a78343-8316722560","trial_id":6,"param_name":"batch","param_value_internal":2,"distribution":"{\"name\": \"CategoricalDistribution\", \"attributes\": {\"choices\": [64, 128, 256]}}"}
{"op_code":5,"worker_id":"1a6df335-b3e2-4bc3-8490-a03bb1a78343-8316722560","trial_id":6,"param_name":"target_sync","param_value_internal":1,"distribution":"{\"name\": \"CategoricalDistribution\", \"attributes\": {\"choices\": [500, 1000, 2000, 5000, 10000]}}"}
{"op_code":5,"worker_id":"1a6df335-b3e2-4bc3-8490-a03bb1a78343-8316722560","trial_id":6,"param_name":"eps_decay_frac","param_value_internal":0.29825287042349236,"distribution":"{\"name\": \"FloatDistribution\", \"attributes\": {\"step\": null, \"low\": 0.1, \"high\": 0.6, \"log\": false}}"}
{"op_code":5,"worker_id":"1a6df335-b3e2-4bc3-8490-a03bb1a78343-8316722560","trial_id":6,"param_name":"reward_scale","param_value_internal":57.533920745492274,"distribution":"{\"name\": \"FloatDistribution\", \"attributes\": {\"step\": null, \"low\": 5.0, \"high\": 80.0, \"log\": true}}"}
{"op_code":5,"worker_id":"1a6df335-b3e2-4bc3-8490-a03bb1a78343-8316722560","trial_id":6,"param_name":"bc_reg","param_value_internal":1.743818617907576,"distribution":"{\"name\": \"FloatDistribution\", \"attributes\": {\"step\": null, \"low\": 0.0, \"high\": 3.0, \"log\": false}}"}
{"op_code":5,"worker_id":"1a6df335-b3e2-4bc3-8490-a03bb1a78343-8316722560","trial_id":6,"param_name":"bc_reg_decay_frac","param_value_internal":0.8935618256693676,"distribution":"{\"name\": \"FloatDistribution\", \"attributes\": {\"step\": null, \"low\": 0.1, \"high\": 1.0, \"log\": false}}"}
{"op_code":5,"worker_id":"1a6df335-b3e2-4bc3-8490-a03bb1a78343-8316722560","trial_id":6,"param_name":"bc_guide_prob","param_value_internal":0.6925315900777659,"distribution":"{\"name\": \"FloatDistribution\", \"attributes\": {\"step\": null, \"low\": 0.0, \"high\": 1.0, \"log\": false}}"}
{"op_code":8,"worker_id":"1a6df335-b3e2-4bc3-8490-a03bb1a78343-8316722560","trial_id":6,"user_attr":{"tag":"cf53abc241b49"}}
{"op_code":8,"worker_id":"1a6df335-b3e2-4bc3-8490-a03bb1a78343-8316722560","trial_id":6,"user_attr":{"overrides":{"gamma":0.9851301514906511,"bc_reg":1.743818617907576,"hidden":64,"clone_lr":0.0003072447290580936,"clone_batch":1024,"clone_weight_decay":1e-06,"clone_class_power":0.09069586676111847,"clone_label_smoothing":0.1,"clone_patience":20,"lr":0.001002806668544501,"n_step":2,"batch":256,"target_sync":1000,"eps_decay_frac":0.29825287042349236,"reward_scale":57.533920745492274,"bc_reg_decay_frac":0.8935618256693676,"bc_guide_prob":0.6925315900777659}}}
{"op_code":7,"worker_id":"1a6df335-b3e2-4bc3-8490-a03bb1a78343-8316722560","trial_id":5,"step":8,"intermediate_value":38.31971744058926}
{"op_code":8,"worker_id":"1a6df335-b3e2-4bc3-8490-a03bb1a78343-8316722560","trial_id":5,"user_attr":{"hh_saving":{"254":35.7748357918453,"185":11.908553114504695,"230":38.523145899166074,"266":43.14442405500846,"145":42.91094871771121,"229":27.662244003545293,"300":73.34159810753324,"69":33.291989835399775}}}
{"op_code":8,"worker_id":"1a6df335-b3e2-4bc3-8490-a03bb1a78343-8316722560","trial_id":5,"user_attr":{"val_efc_mean":43.29972620624999}}
{"op_code":8,"worker_id":"1a6df335-b3e2-4bc3-8490-a03bb1a78343-8316722560","trial_id":5,"user_attr":{"converged_share":1.0}}
{"op_code":8,"worker_id":"1a6df335-b3e2-4bc3-8490-a03bb1a78343-8316722560","trial_id":5,"user_attr":{"wall_s":694.9540202617645}}
{"op_code":6,"worker_id":"1a6df335-b3e2-4bc3-8490-a03bb1a78343-8316722560","trial_id":5,"state":1,"values":[38.31971744058926],"datetime_complete":"2026-10-08T04:27:46.168148"}
{"op_code":4,"worker_id":"1a6df335-b3e2-4bc3-8490-a03bb1a78343-8316722560","study_id":0,"datetime_start":"2026-10-08T04:28:14.179613"}
{"op_code":5,"worker_id":"1a6df335-b3e2-4bc3-8490-a03bb1a78343-8316722560","trial_id":7,"param_name":"lr","param_value_internal":0.0011783885441240178,"distribution":"{\"name\": \"FloatDistribution\", \"attributes\": {\"step\": null, \"low\": 0.0001, \"high\": 0.003, \"log\": true}}"}
{"op_code":5,"worker_id":"1a6df335-b3e2-4bc3-8490-a03bb1a78343-8316722560","trial_id":7,"param_name":"gamma","param_value_internal":0.9895251632566073,"distribution":"{\"name\": \"FloatDistribution\", \"attributes\": {\"step\": null, \"low\": 0.98, \"high\": 0.999, \"log\": false}}"}
{"op_code":5,"worker_id":"1a6df335-b3e2-4bc3-8490-a03bb1a78343-8316722560","trial_id":7,"param_name":"n_step","param_value_internal":0,"distribution":"{\"name\": \"CategoricalDistribution\", \"attributes\": {\"choices\": [1, 2, 4, 8, 16]}}"}
{"op_code":5,"worker_id":"1a6df335-b3e2-4bc3-8490-a03bb1a78343-8316722560","trial_id":7,"param_name":"batch","param_value_internal":1,"distribution":"{\"name\": \"CategoricalDistribution\", \"attributes\": {\"choices\": [64, 128, 256]}}"}
{"op_code":5,"worker_id":"1a6df335-b3e2-4bc3-8490-a03bb1a78343-8316722560","trial_id":7,"param_name":"target_sync","param_value_internal":0,"distribution":"{\"name\": \"CategoricalDistribution\", \"attributes\": {\"choices\": [500, 1000, 2000, 5000, 10000]}}"}
{"op_code":5,"worker_id":"1a6df335-b3e2-4bc3-8490-a03bb1a78343-8316722560","trial_id":7,"param_name":"eps_decay_frac","param_value_internal":0.3954363806240866,"distribution":"{\"name\": \"FloatDistribution\", \"attributes\": {\"step\": null, \"low\": 0.1, \"high\": 0.6, \"log\": false}}"}
{"op_code":5,"worker_id":"1a6df335-b3e2-4bc3-8490-a03bb1a78343-8316722560","trial_id":7,"param_name":"reward_scale","param_value_internal":24.57686664679821,"distribution":"{\"name\": \"FloatDistribution\", \"attributes\": {\"step\": null, \"low\": 5.0, \"high\": 80.0, \"log\": true}}"}
{"op_code":5,"worker_id":"1a6df335-b3e2-4bc3-8490-a03bb1a78343-8316722560","trial_id":7,"param_name":"bc_reg","param_value_internal":1.9596024595714008,"distribution":"{\"name\": \"FloatDistribution\", \"attributes\": {\"step\": null, \"low\": 0.0, \"high\": 3.0, \"log\": false}}"}
{"op_code":5,"worker_id":"1a6df335-b3e2-4bc3-8490-a03bb1a78343-8316722560","trial_id":7,"param_name":"bc_reg_decay_frac","param_value_internal":0.68689294300152,"distribution":"{\"name\": \"FloatDistribution\", \"attributes\": {\"step\": null, \"low\": 0.1, \"high\": 1.0, \"log\": false}}"}
{"op_code":5,"worker_id":"1a6df335-b3e2-4bc3-8490-a03bb1a78343-8316722560","trial_id":7,"param_name":"bc_guide_prob","param_value_internal":0.43141843543397396,"distribution":"{\"name\": \"FloatDistribution\", \"attributes\": {\"step\": null, \"low\": 0.0, \"high\": 1.0, \"log\": false}}"}
{"op_code":8,"worker_id":"1a6df335-b3e2-4bc3-8490-a03bb1a78343-8316722560","trial_id":7,"user_attr":{"tag":"c25469ee3c045"}}
{"op_code":8,"worker_id":"1a6df335-b3e2-4bc3-8490-a03bb1a78343-8316722560","trial_id":7,"user_attr":{"overrides":{"gamma":0.9895251632566073,"bc_reg":1.9596024595714008,"hidden":64,"clone_lr":0.0003072447290580936,"clone_batch":1024,"clone_weight_decay":1e-06,"clone_class_power":0.09069586676111847,"clone_label_smoothing":0.1,"clone_patience":20,"lr":0.0011783885441240178,"n_step":1,"batch":128,"target_sync":500,"eps_decay_frac":0.3954363806240866,"reward_scale":24.57686664679821,"bc_reg_decay_frac":0.68689294300152,"bc_guide_prob":0.43141843543397396}}}
{"op_code":7,"worker_id":"1a6df335-b3e2-4bc3-8490-a03bb1a78343-8316722560","trial_id":6,"step":3,"intermediate_value":43.12348489178505}
{"op_code":7,"worker_id":"1a6df335-b3e2-4bc3-8490-a03bb1a78343-8316722560","trial_id":7,"step":3,"intermediate_value":43.29935570596913}
{"op_code":7,"worker_id":"1a6df335-b3e2-4bc3-8490-a03bb1a78343-8316722560","trial_id":6,"step":8,"intermediate_value":48.790002885671456}
{"op_code":8,"worker_id":"1a6df335-b3e2-4bc3-8490-a03bb1a78343-8316722560","trial_id":6,"user_attr":{"hh_saving":{"254":43.057680441524916,"185":40.23332880760919,"230":46.07944542622105,"266":49.7215715409777,"145":48.309241190515756,"229":49.78788204878019,"300":71.89189305856075,"69":41.238980571182104}}}
{"op_code":8,"worker_id":"1a6df335-b3e2-4bc3-8490-a03bb1a78343-8316722560","trial_id":6,"user_attr":{"val_efc_mean":62.584573299999995}}
{"op_code":8,"worker_id":"1a6df335-b3e2-4bc3-8490-a03bb1a78343-8316722560","trial_id":6,"user_attr":{"converged_share":1.0}}
{"op_code":8,"worker_id":"1a6df335-b3e2-4bc3-8490-a03bb1a78343-8316722560","trial_id":6,"user_attr":{"wall_s":536.6880869865417}}
{"op_code":6,"worker_id":"1a6df335-b3e2-4bc3-8490-a03bb1a78343-8316722560","trial_id":6,"state":1,"values":[48.790002885671456],"datetime_complete":"2026-10-08T04:34:18.562225"}
{"op_code":4,"worker_id":"1a6df335-b3e2-4bc3-8490-a03bb1a78343-8316722560","study_id":0,"datetime_start":"2026-10-08T04:35:31.043709"}
{"op_code":5,"worker_id":"1a6df335-b3e2-4bc3-8490-a03bb1a78343-8316722560","trial_id":8,"param_name":"lr","param_value_internal":0.0021101242697139136,"distribution":"{\"name\": \"FloatDistribution\", \"attributes\": {\"step\": null, \"low\": 0.0001, \"high\": 0.003, \"log\": true}}"}
{"op_code":5,"worker_id":"1a6df335-b3e2-4bc3-8490-a03bb1a78343-8316722560","trial_id":8,"param_name":"gamma","param_value_internal":0.98698367553091,"distribution":"{\"name\": \"FloatDistribution\", \"attributes\": {\"step\": null, \"low\": 0.98, \"high\": 0.999, \"log\": false}}"}
{"op_code":5,"worker_id":"1a6df335-b3e2-4bc3-8490-a03bb1a78343-8316722560","trial_id":8,"param_name":"n_step","param_value_internal":1,"distribution":"{\"name\": \"CategoricalDistribution\", \"attributes\": {\"choices\": [1, 2, 4, 8, 16]}}"}
{"op_code":5,"worker_id":"1a6df335-b3e2-4bc3-8490-a03bb1a78343-8316722560","trial_id":8,"param_name":"batch","param_value_internal":2,"distribution":"{\"name\": \"CategoricalDistribution\", \"attributes\": {\"choices\": [64, 128, 256]}}"}
{"op_code":5,"worker_id":"1a6df335-b3e2-4bc3-8490-a03bb1a78343-8316722560","trial_id":8,"param_name":"target_sync","param_value_internal":1,"distribution":"{\"name\": \"CategoricalDistribution\", \"attributes\": {\"choices\": [500, 1000, 2000, 5000, 10000]}}"}
{"op_code":5,"worker_id":"1a6df335-b3e2-4bc3-8490-a03bb1a78343-8316722560","trial_id":8,"param_name":"eps_decay_frac","param_value_internal":0.5240041146611172,"distribution":"{\"name\": \"FloatDistribution\", \"attributes\": {\"step\": null, \"low\": 0.1, \"high\": 0.6, \"log\": false}}"}
{"op_code":5,"worker_id":"1a6df335-b3e2-4bc3-8490-a03bb1a78343-8316722560","trial_id":8,"param_name":"reward_scale","param_value_internal":46.889855557637496,"distribution":"{\"name\": \"FloatDistribution\", \"attributes\": {\"step\": null, \"low\": 5.0, \"high\": 80.0, \"log\": true}}"}
{"op_code":5,"worker_id":"1a6df335-b3e2-4bc3-8490-a03bb1a78343-8316722560","trial_id":8,"param_name":"bc_reg","param_value_internal":1.70730221584378,"distribution":"{\"name\": \"FloatDistribution\", \"attributes\": {\"step\": null, \"low\": 0.0, \"high\": 3.0, \"log\": false}}"}
{"op_code":5,"worker_id":"1a6df335-b3e2-4bc3-8490-a03bb1a78343-8316722560","trial_id":8,"param_name":"bc_reg_decay_frac","param_value_internal":0.4664649675033997,"distribution":"{\"name\": \"FloatDistribution\", \"attributes\": {\"step\": null, \"low\": 0.1, \"high\": 1.0, \"log\": false}}"}
{"op_code":5,"worker_id":"1a6df335-b3e2-4bc3-8490-a03bb1a78343-8316722560","trial_id":8,"param_name":"bc_guide_prob","param_value_internal":0.06916699545513805,"distribution":"{\"name\": \"FloatDistribution\", \"attributes\": {\"step\": null, \"low\": 0.0, \"high\": 1.0, \"log\": false}}"}
{"op_code":8,"worker_id":"1a6df335-b3e2-4bc3-8490-a03bb1a78343-8316722560","trial_id":8,"user_attr":{"tag":"caf5d43ab3099"}}
{"op_code":8,"worker_id":"1a6df335-b3e2-4bc3-8490-a03bb1a78343-8316722560","trial_id":8,"user_attr":{"overrides":{"gamma":0.98698367553091,"bc_reg":1.70730221584378,"hidden":64,"clone_lr":0.0003072447290580936,"clone_batch":1024,"clone_weight_decay":1e-06,"clone_class_power":0.09069586676111847,"clone_label_smoothing":0.1,"clone_patience":20,"lr":0.0021101242697139136,"n_step":2,"batch":256,"target_sync":1000,"eps_decay_frac":0.5240041146611172,"reward_scale":46.889855557637496,"bc_reg_decay_frac":0.4664649675033997,"bc_guide_prob":0.06916699545513805}}}
{"op_code":7,"worker_id":"1a6df335-b3e2-4bc3-8490-a03bb1a78343-8316722560","trial_id":7,"step":8,"intermediate_value":48.948864801530505}
{"op_code":8,"worker_id":"1a6df335-b3e2-4bc3-8490-a03bb1a78343-8316722560","trial_id":7,"user_attr":{"hh_saving":{"254":43.52058086482999,"185":40.00923121393244,"230":46.36825503914495,"266":48.96919978944345,"145":47.342347708354886,"229":49.838415884260655,"300":69.08462663511062,"69":46.458261277167075}}}
{"op_code":8,"worker_id":"1a6df335-b3e2-4bc3-8490-a03bb1a78343-8316722560","trial_id":7,"user_attr":{"val_efc_mean":62.704746443750004}}
{"op_code":8,"worker_id":"1a6df335-b3e2-4bc3-8490-a03bb1a78343-8316722560","trial_id":7,"user_attr":{"converged_share":1.0}}
{"op_code":8,"worker_id":"1a6df335-b3e2-4bc3-8490-a03bb1a78343-8316722560","trial_id":7,"user_attr":{"wall_s":495.33571600914}}
{"op_code":6,"worker_id":"1a6df335-b3e2-4bc3-8490-a03bb1a78343-8316722560","trial_id":7,"state":1,"values":[48.948864801530505],"datetime_complete":"2026-10-08T04:36:29.521441"}
{"op_code":4,"worker_id":"1a6df335-b3e2-4bc3-8490-a03bb1a78343-8316722560","study_id":0,"datetime_start":"2026-10-08T04:36:59.752956"}
{"op_code":5,"worker_id":"1a6df335-b3e2-4bc3-8490-a03bb1a78343-8316722560","trial_id":9,"param_name":"lr","param_value_internal":0.0010719804484767977,"distribution":"{\"name\": \"FloatDistribution\", \"attributes\": {\"step\": null, \"low\": 0.0001, \"high\": 0.003, \"log\": true}}"}
{"op_code":5,"worker_id":"1a6df335-b3e2-4bc3-8490-a03bb1a78343-8316722560","trial_id":9,"param_name":"gamma","param_value_internal":0.9886173109708833,"distribution":"{\"name\": \"FloatDistribution\", \"attributes\": {\"step\": null, \"low\": 0.98, \"high\": 0.999, \"log\": false}}"}
{"op_code":5,"worker_id":"1a6df335-b3e2-4bc3-8490-a03bb1a78343-8316722560","trial_id":9,"param_name":"n_step","param_value_internal":2,"distribution":"{\"name\": \"CategoricalDistribution\", \"attributes\": {\"choices\": [1, 2, 4, 8, 16]}}"}
{"op_code":5,"worker_id":"1a6df335-b3e2-4bc3-8490-a03bb1a78343-8316722560","trial_id":9,"param_name":"batch","param_value_internal":1,"distribution":"{\"name\": \"CategoricalDistribution\", \"attributes\": {\"choices\": [64, 128, 256]}}"}
{"op_code":5,"worker_id":"1a6df335-b3e2-4bc3-8490-a03bb1a78343-8316722560","trial_id":9,"param_name":"target_sync","param_value_internal":4,"distribution":"{\"name\": \"CategoricalDistribution\", \"attributes\": {\"choices\": [500, 1000, 2000, 5000, 10000]}}"}
{"op_code":5,"worker_id":"1a6df335-b3e2-4bc3-8490-a03bb1a78343-8316722560","trial_id":9,"param_name":"eps_decay_frac","param_value_internal":0.21196234403019007,"distribution":"{\"name\": \"FloatDistribution\", \"attributes\": {\"step\": null, \"low\": 0.1, \"high\": 0.6, \"log\": false}}"}
{"op_code":5,"worker_id":"1a6df335-b3e2-4bc3-8490-a03bb1a78343-8316722560","trial_id":9,"param_name":"reward_scale","param_value_internal":13.026113683825711,"distribution":"{\"name\": \"FloatDistribution\", \"attributes\": {\"step\": null, \"low\": 5.0, \"high\": 80.0, \"log\": true}}"}
{"op_code":5,"worker_id":"1a6df335-b3e2-4bc3-8490-a03bb1a78343-8316722560","trial_id":9,"param_name":"bc_reg","param_value_internal":2.7842438803967724,"distribution":"{\"name\": \"FloatDistribution\", \"attributes\": {\"step\": null, \"low\": 0.0, \"high\": 3.0, \"log\": false}}"}
{"op_code":5,"worker_id":"1a6df335-b3e2-4bc3-8490-a03bb1a78343-8316722560","trial_id":9,"param_name":"bc_reg_decay_frac","param_value_internal":0.7339729617311795,"distribution":"{\"name\": \"FloatDistribution\", \"attributes\": {\"step\": null, \"low\": 0.1, \"high\": 1.0, \"log\": false}}"}
{"op_code":5,"worker_id":"1a6df335-b3e2-4bc3-8490-a03bb1a78343-8316722560","trial_id":9,"param_name":"bc_guide_prob","param_value_internal":0.03183892953130785,"distribution":"{\"name\": \"FloatDistribution\", \"attributes\": {\"step\": null, \"low\": 0.0, \"high\": 1.0, \"log\": false}}"}
{"op_code":8,"worker_id":"1a6df335-b3e2-4bc3-8490-a03bb1a78343-8316722560","trial_id":9,"user_attr":{"tag":"c9a452c7d2dd4"}}
{"op_code":8,"worker_id":"1a6df335-b3e2-4bc3-8490-a03bb1a78343-8316722560","trial_id":9,"user_attr":{"overrides":{"gamma":0.9886173109708833,"bc_reg":2.7842438803967724,"hidden":64,"clone_lr":0.0003072447290580936,"clone_batch":1024,"clone_weight_decay":1e-06,"clone_class_power":0.09069586676111847,"clone_label_smoothing":0.1,"clone_patience":20,"lr":0.0010719804484767977,"n_step":4,"batch":128,"target_sync":10000,"eps_decay_frac":0.21196234403019007,"reward_scale":13.026113683825711,"bc_reg_decay_frac":0.7339729617311795,"bc_guide_prob":0.03183892953130785}}}
{"op_code":7,"worker_id":"1a6df335-b3e2-4bc3-8490-a03bb1a78343-8316722560","trial_id":8,"step":3,"intermediate_value":42.535908033329314}
{"op_code":8,"worker_id":"1a6df335-b3e2-4bc3-8490-a03bb1a78343-8316722560","trial_id":8,"user_attr":{"hh_saving":{"254":41.51337489401158,"185":39.67678821367507,"230":46.41756099230128}}}
{"op_code":8,"worker_id":"1a6df335-b3e2-4bc3-8490-a03bb1a78343-8316722560","trial_id":8,"user_attr":{"val_efc_mean":65.58386956666665}}
{"op_code":8,"worker_id":"1a6df335-b3e2-4bc3-8490-a03bb1a78343-8316722560","trial_id":8,"user_attr":{"converged_share":1.0}}
{"op_code":8,"worker_id":"1a6df335-b3e2-4bc3-8490-a03bb1a78343-8316722560","trial_id":8,"user_attr":{"wall_s":211.40382266044617}}
{"op_code":6,"worker_id":"1a6df335-b3e2-4bc3-8490-a03bb1a78343-8316722560","trial_id":8,"state":2,"values":[42.535908033329314],"datetime_complete":"2026-10-08T04:39:02.453846"}
{"op_code":4,"worker_id":"1a6df335-b3e2-4bc3-8490-a03bb1a78343-8316722560","study_id":0,"datetime_start":"2026-10-08T04:39:07.257229"}
{"op_code":5,"worker_id":"1a6df335-b3e2-4bc3-8490-a03bb1a78343-8316722560","trial_id":10,"param_name":"lr","param_value_internal":0.00017509479620199023,"distribution":"{\"name\": \"FloatDistribution\", \"attributes\": {\"step\": null, \"low\": 0.0001, \"high\": 0.003, \"log\": true}}"}
{"op_code":5,"worker_id":"1a6df335-b3e2-4bc3-8490-a03bb1a78343-8316722560","trial_id":10,"param_name":"gamma","param_value_internal":0.9918080896284955,"distribution":"{\"name\": \"FloatDistribution\", \"attributes\": {\"step\": null, \"low\": 0.98, \"high\": 0.999, \"log\": false}}"}
{"op_code":5,"worker_id":"1a6df335-b3e2-4bc3-8490-a03bb1a78343-8316722560","trial_id":10,"param_name":"n_step","param_value_internal":2,"distribution":"{\"name\": \"CategoricalDistribution\", \"attributes\": {\"choices\": [1, 2, 4, 8, 16]}}"}
{"op_code":5,"worker_id":"1a6df335-b3e2-4bc3-8490-a03bb1a78343-8316722560","trial_id":10,"param_name":"batch","param_value_internal":1,"distribution":"{\"name\": \"CategoricalDistribution\", \"attributes\": {\"choices\": [64, 128, 256]}}"}
{"op_code":5,"worker_id":"1a6df335-b3e2-4bc3-8490-a03bb1a78343-8316722560","trial_id":10,"param_name":"target_sync","param_value_internal":3,"distribution":"{\"name\": \"CategoricalDistribution\", \"attributes\": {\"choices\": [500, 1000, 2000, 5000, 10000]}}"}
{"op_code":5,"worker_id":"1a6df335-b3e2-4bc3-8490-a03bb1a78343-8316722560","trial_id":10,"param_name":"eps_decay_frac","param_value_internal":0.34522940430878357,"distribution":"{\"name\": \"FloatDistribution\", \"attributes\": {\"step\": null, \"low\": 0.1, \"high\": 0.6, \"log\": false}}"}
{"op_code":5,"worker_id":"1a6df335-b3e2-4bc3-8490-a03bb1a78343-8316722560","trial_id":10,"param_name":"reward_scale","param_value_internal":9.3930038907027,"distribution":"{\"name\": \"FloatDistribution\", \"attributes\": {\"step\": null, \"low\": 5.0, \"high\": 80.0, \"log\": true}}"}
{"op_code":5,"worker_id":"1a6df335-b3e2-4bc3-8490-a03bb1a78343-8316722560","trial_id":10,"param_name":"bc_reg","param_value_internal":0.7630694453111788,"distribution":"{\"name\": \"FloatDistribution\", \"attributes\": {\"step\": null, \"low\": 0.0, \"high\": 3.0, \"log\": false}}"}
{"op_code":5,"worker_id":"1a6df335-b3e2-4bc3-8490-a03bb1a78343-8316722560","trial_id":10,"param_name":"bc_reg_decay_frac","param_value_internal":0.15222624429148807,"distribution":"{\"name\": \"FloatDistribution\", \"attributes\": {\"step\": null, \"low\": 0.1, \"high\": 1.0, \"log\": false}}"}
{"op_code":5,"worker_id":"1a6df335-b3e2-4bc3-8490-a03bb1a78343-8316722560","trial_id":10,"param_name":"bc_guide_prob","param_value_internal":0.4344166255581208,"distribution":"{\"name\": \"FloatDistribution\", \"attributes\": {\"step\": null, \"low\": 0.0, \"high\": 1.0, \"log\": false}}"}
{"op_code":8,"worker_id":"1a6df335-b3e2-4bc3-8490-a03bb1a78343-8316722560","trial_id":10,"user_attr":{"tag":"c926b073946d4"}}
{"op_code":8,"worker_id":"1a6df335-b3e2-4bc3-8490-a03bb1a78343-8316722560","trial_id":10,"user_attr":{"overrides":{"gamma":0.9918080896284955,"bc_reg":0.7630694453111788,"hidden":64,"clone_lr":0.0003072447290580936,"clone_batch":1024,"clone_weight_decay":1e-06,"clone_class_power":0.09069586676111847,"clone_label_smoothing":0.1,"clone_patience":20,"lr":0.00017509479620199023,"n_step":4,"batch":128,"target_sync":5000,"eps_decay_frac":0.34522940430878357,"reward_scale":9.3930038907027,"bc_reg_decay_frac":0.15222624429148807,"bc_guide_prob":0.4344166255581208}}}
{"op_code":7,"worker_id":"1a6df335-b3e2-4bc3-8490-a03bb1a78343-8316722560","trial_id":9,"step":3,"intermediate_value":42.863538140325204}
{"op_code":8,"worker_id":"1a6df335-b3e2-4bc3-8490-a03bb1a78343-8316722560","trial_id":9,"user_attr":{"hh_saving":{"254":42.84774417532486,"185":39.8162208507356,"230":45.926649394915145}}}
{"op_code":8,"worker_id":"1a6df335-b3e2-4bc3-8490-a03bb1a78343-8316722560","trial_id":9,"user_attr":{"val_efc_mean":68.52248038333333}}
{"op_code":8,"worker_id":"1a6df335-b3e2-4bc3-8490-a03bb1a78343-8316722560","trial_id":9,"user_attr":{"converged_share":1.0}}
{"op_code":8,"worker_id":"1a6df335-b3e2-4bc3-8490-a03bb1a78343-8316722560","trial_id":9,"user_attr":{"wall_s":158.54537200927734}}
{"op_code":6,"worker_id":"1a6df335-b3e2-4bc3-8490-a03bb1a78343-8316722560","trial_id":9,"state":2,"values":[42.863538140325204],"datetime_complete":"2026-10-08T04:39:38.304857"}
{"op_code":4,"worker_id":"1a6df335-b3e2-4bc3-8490-a03bb1a78343-8316722560","study_id":0,"datetime_start":"2026-10-08T04:40:53.309764"}
{"op_code":9,"worker_id":"1a6df335-b3e2-4bc3-8490-a03bb1a78343-8316722560","trial_id":11,"system_attr":{"tpe:relative_params:0":"{\"batch\": 128, \"bc_guide_prob\": 0.5553842406371469, \"bc_reg\": 0.7365742449373366, \"bc_reg_decay_frac\": 0.5925957318431205, \"eps_decay_frac\": 0.5550366290064281, \"gamma\": 0.9926059274819397, \"lr\": 0.0025486336738201527, \"n_step\": 2, \"reward_scale\": 19.52620769369877, \"target_sync\": 2000}"}}
{"op_code":5,"worker_id":"1a6df335-b3e2-4bc3-8490-a03bb1a78343-8316722560","trial_id":11,"param_name":"lr","param_value_internal":0.0025486336738201527,"distribution":"{\"name\": \"FloatDistribution\", \"attributes\": {\"step\": null, \"low\": 0.0001, \"high\": 0.003, \"log\": true}}"}
{"op_code":5,"worker_id":"1a6df335-b3e2-4bc3-8490-a03bb1a78343-8316722560","trial_id":11,"param_name":"gamma","param_value_internal":0.9926059274819397,"distribution":"{\"name\": \"FloatDistribution\", \"attributes\": {\"step\": null, \"low\": 0.98, \"high\": 0.999, \"log\": false}}"}
{"op_code":5,"worker_id":"1a6df335-b3e2-4bc3-8490-a03bb1a78343-8316722560","trial_id":11,"param_name":"n_step","param_value_internal":1,"distribution":"{\"name\": \"CategoricalDistribution\", \"attributes\": {\"choices\": [1, 2, 4, 8, 16]}}"}
{"op_code":5,"worker_id":"1a6df335-b3e2-4bc3-8490-a03bb1a78343-8316722560","trial_id":11,"param_name":"batch","param_value_internal":1,"distribution":"{\"name\": \"CategoricalDistribution\", \"attributes\": {\"choices\": [64, 128, 256]}}"}
{"op_code":5,"worker_id":"1a6df335-b3e2-4bc3-8490-a03bb1a78343-8316722560","trial_id":11,"param_name":"target_sync","param_value_internal":2,"distribution":"{\"name\": \"CategoricalDistribution\", \"attributes\": {\"choices\": [500, 1000, 2000, 5000, 10000]}}"}
{"op_code":5,"worker_id":"1a6df335-b3e2-4bc3-8490-a03bb1a78343-8316722560","trial_id":11,"param_name":"eps_decay_frac","param_value_internal":0.5550366290064281,"distribution":"{\"name\": \"FloatDistribution\", \"attributes\": {\"step\": null, \"low\": 0.1, \"high\": 0.6, \"log\": false}}"}
{"op_code":5,"worker_id":"1a6df335-b3e2-4bc3-8490-a03bb1a78343-8316722560","trial_id":11,"param_name":"reward_scale","param_value_internal":19.52620769369877,"distribution":"{\"name\": \"FloatDistribution\", \"attributes\": {\"step\": null, \"low\": 5.0, \"high\": 80.0, \"log\": true}}"}
{"op_code":5,"worker_id":"1a6df335-b3e2-4bc3-8490-a03bb1a78343-8316722560","trial_id":11,"param_name":"bc_reg","param_value_internal":0.7365742449373366,"distribution":"{\"name\": \"FloatDistribution\", \"attributes\": {\"step\": null, \"low\": 0.0, \"high\": 3.0, \"log\": false}}"}
{"op_code":5,"worker_id":"1a6df335-b3e2-4bc3-8490-a03bb1a78343-8316722560","trial_id":11,"param_name":"bc_reg_decay_frac","param_value_internal":0.5925957318431205,"distribution":"{\"name\": \"FloatDistribution\", \"attributes\": {\"step\": null, \"low\": 0.1, \"high\": 1.0, \"log\": false}}"}
{"op_code":5,"worker_id":"1a6df335-b3e2-4bc3-8490-a03bb1a78343-8316722560","trial_id":11,"param_name":"bc_guide_prob","param_value_internal":0.5553842406371469,"distribution":"{\"name\": \"FloatDistribution\", \"attributes\": {\"step\": null, \"low\": 0.0, \"high\": 1.0, \"log\": false}}"}
{"op_code":8,"worker_id":"1a6df335-b3e2-4bc3-8490-a03bb1a78343-8316722560","trial_id":11,"user_attr":{"tag":"ccaa89bb55f40"}}
{"op_code":8,"worker_id":"1a6df335-b3e2-4bc3-8490-a03bb1a78343-8316722560","trial_id":11,"user_attr":{"overrides":{"gamma":0.9926059274819397,"bc_reg":0.7365742449373366,"hidden":64,"clone_lr":0.0003072447290580936,"clone_batch":1024,"clone_weight_decay":1e-06,"clone_class_power":0.09069586676111847,"clone_label_smoothing":0.1,"clone_patience":20,"lr":0.0025486336738201527,"n_step":2,"batch":128,"target_sync":2000,"eps_decay_frac":0.5550366290064281,"reward_scale":19.52620769369877,"bc_reg_decay_frac":0.5925957318431205,"bc_guide_prob":0.5553842406371469}}}
{"op_code":7,"worker_id":"1a6df335-b3e2-4bc3-8490-a03bb1a78343-8316722560","trial_id":10,"step":3,"intermediate_value":42.27652008731919}
{"op_code":8,"worker_id":"1a6df335-b3e2-4bc3-8490-a03bb1a78343-8316722560","trial_id":10,"user_attr":{"hh_saving":{"254":41.667272224396605,"185":39.415084102280794,"230":45.74720393528017}}}
{"op_code":8,"worker_id":"1a6df335-b3e2-4bc3-8490-a03bb1a78343-8316722560","trial_id":10,"user_attr":{"val_efc_mean":67.41137796666665}}
{"op_code":8,"worker_id":"1a6df335-b3e2-4bc3-8490-a03bb1a78343-8316722560","trial_id":10,"user_attr":{"converged_share":1.0}}
{"op_code":8,"worker_id":"1a6df335-b3e2-4bc3-8490-a03bb1a78343-8316722560","trial_id":10,"user_attr":{"wall_s":189.2011981010437}}
{"op_code":6,"worker_id":"1a6df335-b3e2-4bc3-8490-a03bb1a78343-8316722560","trial_id":10,"state":2,"values":[42.27652008731919],"datetime_complete":"2026-10-08T04:42:16.464825"}
{"op_code":4,"worker_id":"1a6df335-b3e2-4bc3-8490-a03bb1a78343-8316722560","study_id":0,"datetime_start":"2026-10-08T04:42:43.509219"}
{"op_code":9,"worker_id":"1a6df335-b3e2-4bc3-8490-a03bb1a78343-8316722560","trial_id":12,"system_attr":{"tpe:relative_params:0":"{\"batch\": 128, \"bc_guide_prob\": 0.2019292361613383, \"bc_reg\": 0.5274736032971816, \"bc_reg_decay_frac\": 0.2735191938707175, \"eps_decay_frac\": 0.15097319629742703, \"gamma\": 0.9830991856448509, \"lr\": 0.0002733863696474093, \"n_step\": 16, \"reward_scale\": 11.273880803295397, \"target_sync\": 1000}"}}
{"op_code":5,"worker_id":"1a6df335-b3e2-4bc3-8490-a03bb1a78343-8316722560","trial_id":12,"param_name":"lr","param_value_internal":0.0002733863696474093,"distribution":"{\"name\": \"FloatDistribution\", \"attributes\": {\"step\": null, \"low\": 0.0001, \"high\": 0.003, \"log\": true}}"}
{"op_code":5,"worker_id":"1a6df335-b3e2-4bc3-8490-a03bb1a78343-8316722560","trial_id":12,"param_name":"gamma","param_value_internal":0.9830991856448509,"distribution":"{\"name\": \"FloatDistribution\", \"attributes\": {\"step\": null, \"low\": 0.98, \"high\": 0.999, \"log\": false}}"}
{"op_code":5,"worker_id":"1a6df335-b3e2-4bc3-8490-a03bb1a78343-8316722560","trial_id":12,"param_name":"n_step","param_value_internal":4,"distribution":"{\"name\": \"CategoricalDistribution\", \"attributes\": {\"choices\": [1, 2, 4, 8, 16]}}"}
{"op_code":5,"worker_id":"1a6df335-b3e2-4bc3-8490-a03bb1a78343-8316722560","trial_id":12,"param_name":"batch","param_value_internal":1,"distribution":"{\"name\": \"CategoricalDistribution\", \"attributes\": {\"choices\": [64, 128, 256]}}"}
{"op_code":5,"worker_id":"1a6df335-b3e2-4bc3-8490-a03bb1a78343-8316722560","trial_id":12,"param_name":"target_sync","param_value_internal":1,"distribution":"{\"name\": \"CategoricalDistribution\", \"attributes\": {\"choices\": [500, 1000, 2000, 5000, 10000]}}"}
{"op_code":5,"worker_id":"1a6df335-b3e2-4bc3-8490-a03bb1a78343-8316722560","trial_id":12,"param_name":"eps_decay_frac","param_value_internal":0.15097319629742703,"distribution":"{\"name\": \"FloatDistribution\", \"attributes\": {\"step\": null, \"low\": 0.1, \"high\": 0.6, \"log\": false}}"}
{"op_code":5,"worker_id":"1a6df335-b3e2-4bc3-8490-a03bb1a78343-8316722560","trial_id":12,"param_name":"reward_scale","param_value_internal":11.273880803295397,"distribution":"{\"name\": \"FloatDistribution\", \"attributes\": {\"step\": null, \"low\": 5.0, \"high\": 80.0, \"log\": true}}"}
{"op_code":5,"worker_id":"1a6df335-b3e2-4bc3-8490-a03bb1a78343-8316722560","trial_id":12,"param_name":"bc_reg","param_value_internal":0.5274736032971816,"distribution":"{\"name\": \"FloatDistribution\", \"attributes\": {\"step\": null, \"low\": 0.0, \"high\": 3.0, \"log\": false}}"}
{"op_code":5,"worker_id":"1a6df335-b3e2-4bc3-8490-a03bb1a78343-8316722560","trial_id":12,"param_name":"bc_reg_decay_frac","param_value_internal":0.2735191938707175,"distribution":"{\"name\": \"FloatDistribution\", \"attributes\": {\"step\": null, \"low\": 0.1, \"high\": 1.0, \"log\": false}}"}
{"op_code":5,"worker_id":"1a6df335-b3e2-4bc3-8490-a03bb1a78343-8316722560","trial_id":12,"param_name":"bc_guide_prob","param_value_internal":0.2019292361613383,"distribution":"{\"name\": \"FloatDistribution\", \"attributes\": {\"step\": null, \"low\": 0.0, \"high\": 1.0, \"log\": false}}"}
{"op_code":8,"worker_id":"1a6df335-b3e2-4bc3-8490-a03bb1a78343-8316722560","trial_id":12,"user_attr":{"tag":"c86625ea62ccf"}}
{"op_code":8,"worker_id":"1a6df335-b3e2-4bc3-8490-a03bb1a78343-8316722560","trial_id":12,"user_attr":{"overrides":{"gamma":0.9830991856448509,"bc_reg":0.5274736032971816,"hidden":64,"clone_lr":0.0003072447290580936,"clone_batch":1024,"clone_weight_decay":1e-06,"clone_class_power":0.09069586676111847,"clone_label_smoothing":0.1,"clone_patience":20,"lr":0.0002733863696474093,"n_step":16,"batch":128,"target_sync":1000,"eps_decay_frac":0.15097319629742703,"reward_scale":11.273880803295397,"bc_reg_decay_frac":0.2735191938707175,"bc_guide_prob":0.2019292361613383}}}
{"op_code":7,"worker_id":"1a6df335-b3e2-4bc3-8490-a03bb1a78343-8316722560","trial_id":11,"step":3,"intermediate_value":42.10647456856203}
{"op_code":8,"worker_id":"1a6df335-b3e2-4bc3-8490-a03bb1a78343-8316722560","trial_id":11,"user_attr":{"hh_saving":{"254":40.85718655731579,"185":39.62766946792661,"230":45.83456768044368}}}
{"op_code":8,"worker_id":"1a6df335-b3e2-4bc3-8490-a03bb1a78343-8316722560","trial_id":11,"user_attr":{"val_efc_mean":67.46146991666666}}
{"op_code":8,"worker_id":"1a6df335-b3e2-4bc3-8490-a03bb1a78343-8316722560","trial_id":11,"user_attr":{"converged_share":1.0}}
{"op_code":8,"worker_id":"1a6df335-b3e2-4bc3-8490-a03bb1a78343-8316722560","trial_id":11,"user_attr":{"wall_s":193.5044538974762}}
{"op_code":6,"worker_id":"1a6df335-b3e2-4bc3-8490-a03bb1a78343-8316722560","trial_id":11,"state":2,"values":[42.10647456856203],"datetime_complete":"2026-10-08T04:44:06.821795"}
{"op_code":4,"worker_id":"1a6df335-b3e2-4bc3-8490-a03bb1a78343-8316722560","study_id":0,"datetime_start":"2026-10-08T04:44:06.822557"}
{"op_code":9,"worker_id":"1a6df335-b3e2-4bc3-8490-a03bb1a78343-8316722560","trial_id":13,"system_attr":{"tpe:relative_params:0":"{\"batch\": 128, \"bc_guide_prob\": 0.25517509327044885, \"bc_reg\": 0.4802916008261753, \"bc_reg_decay_frac\": 0.5267613690524903, \"eps_decay_frac\": 0.30221356244503306, \"gamma\": 0.9950258401119726, \"lr\": 0.0009170960023064919, \"n_step\": 8, \"reward_scale\": 10.638986573549497, \"target_sync\": 2000}"}}
{"op_code":5,"worker_id":"1a6df335-b3e2-4bc3-8490-a03bb1a78343-8316722560","trial_id":13,"param_name":"lr","param_value_internal":0.0009170960023064919,"distribution":"{\"name\": \"FloatDistribution\", \"attributes\": {\"step\": null, \"low\": 0.0001, \"high\": 0.003, \"log\": true}}"}
{"op_code":5,"worker_id":"1a6df335-b3e2-4bc3-8490-a03bb1a78343-8316722560","trial_id":13,"param_name":"gamma","param_value_internal":0.9950258401119726,"distribution":"{\"name\": \"FloatDistribution\", \"attributes\": {\"step\": null, \"low\": 0.98, \"high\": 0.999, \"log\": false}}"}
{"op_code":5,"worker_id":"1a6df335-b3e2-4bc3-8490-a03bb1a78343-8316722560","trial_id":13,"param_name":"n_step","param_value_internal":3,"distribution":"{\"name\": \"CategoricalDistribution\", \"attributes\": {\"choices\": [1, 2, 4, 8, 16]}}"}
{"op_code":5,"worker_id":"1a6df335-b3e2-4bc3-8490-a03bb1a78343-8316722560","trial_id":13,"param_name":"batch","param_value_internal":1,"distribution":"{\"name\": \"CategoricalDistribution\", \"attributes\": {\"choices\": [64, 128, 256]}}"}
{"op_code":5,"worker_id":"1a6df335-b3e2-4bc3-8490-a03bb1a78343-8316722560","trial_id":13,"param_name":"target_sync","param_value_internal":2,"distribution":"{\"name\": \"CategoricalDistribution\", \"attributes\": {\"choices\": [500, 1000, 2000, 5000, 10000]}}"}
{"op_code":5,"worker_id":"1a6df335-b3e2-4bc3-8490-a03bb1a78343-8316722560","trial_id":13,"param_name":"eps_decay_frac","param_value_internal":0.30221356244503306,"distribution":"{\"name\": \"FloatDistribution\", \"attributes\": {\"step\": null, \"low\": 0.1, \"high\": 0.6, \"log\": false}}"}
{"op_code":5,"worker_id":"1a6df335-b3e2-4bc3-8490-a03bb1a78343-8316722560","trial_id":13,"param_name":"reward_scale","param_value_internal":10.638986573549497,"distribution":"{\"name\": \"FloatDistribution\", \"attributes\": {\"step\": null, \"low\": 5.0, \"high\": 80.0, \"log\": true}}"}
{"op_code":5,"worker_id":"1a6df335-b3e2-4bc3-8490-a03bb1a78343-8316722560","trial_id":13,"param_name":"bc_reg","param_value_internal":0.4802916008261753,"distribution":"{\"name\": \"FloatDistribution\", \"attributes\": {\"step\": null, \"low\": 0.0, \"high\": 3.0, \"log\": false}}"}
{"op_code":5,"worker_id":"1a6df335-b3e2-4bc3-8490-a03bb1a78343-8316722560","trial_id":13,"param_name":"bc_reg_decay_frac","param_value_internal":0.5267613690524903,"distribution":"{\"name\": \"FloatDistribution\", \"attributes\": {\"step\": null, \"low\": 0.1, \"high\": 1.0, \"log\": false}}"}
{"op_code":5,"worker_id":"1a6df335-b3e2-4bc3-8490-a03bb1a78343-8316722560","trial_id":13,"param_name":"bc_guide_prob","param_value_internal":0.25517509327044885,"distribution":"{\"name\": \"FloatDistribution\", \"attributes\": {\"step\": null, \"low\": 0.0, \"high\": 1.0, \"log\": false}}"}
{"op_code":8,"worker_id":"1a6df335-b3e2-4bc3-8490-a03bb1a78343-8316722560","trial_id":13,"user_attr":{"tag":"cfd8abfcbf212"}}
{"op_code":8,"worker_id":"1a6df335-b3e2-4bc3-8490-a03bb1a78343-8316722560","trial_id":13,"user_attr":{"overrides":{"gamma":0.9950258401119726,"bc_reg":0.4802916008261753,"hidden":64,"clone_lr":0.0003072447290580936,"clone_batch":1024,"clone_weight_decay":1e-06,"clone_class_power":0.09069586676111847,"clone_label_smoothing":0.1,"clone_patience":20,"lr":0.0009170960023064919,"n_step":8,"batch":128,"target_sync":2000,"eps_decay_frac":0.30221356244503306,"reward_scale":10.638986573549497,"bc_reg_decay_frac":0.5267613690524903,"bc_guide_prob":0.25517509327044885}}}
{"op_code":7,"worker_id":"1a6df335-b3e2-4bc3-8490-a03bb1a78343-8316722560","trial_id":12,"step":3,"intermediate_value":44.60150128354784}
{"op_code":7,"worker_id":"1a6df335-b3e2-4bc3-8490-a03bb1a78343-8316722560","trial_id":13,"step":3,"intermediate_value":43.07695746067767}
{"op_code":7,"worker_id":"1a6df335-b3e2-4bc3-8490-a03bb1a78343-8316722560","trial_id":12,"step":8,"intermediate_value":50.1244046369477}
{"op_code":8,"worker_id":"1a6df335-b3e2-4bc3-8490-a03bb1a78343-8316722560","trial_id":12,"user_attr":{"hh_saving":{"254":42.61398792009931,"185":44.68866391736011,"230":46.5018520131841,"266":48.71276220790069,"145":47.763794294639325,"229":49.79968403045638,"300":74.29425890474475,"69":46.62023380719698}}}
{"op_code":8,"worker_id":"1a6df335-b3e2-4bc3-8490-a03bb1a78343-8316722560","trial_id":12,"user_attr":{"val_efc_mean":61.23174029374999}}
{"op_code":8,"worker_id":"1a6df335-b3e2-4bc3-8490-a03bb1a78343-8316722560","trial_id":12,"user_attr":{"converged_share":1.0}}
{"op_code":8,"worker_id":"1a6df335-b3e2-4bc3-8490-a03bb1a78343-8316722560","trial_id":12,"user_attr":{"wall_s":449.49816393852234}}
{"op_code":6,"worker_id":"1a6df335-b3e2-4bc3-8490-a03bb1a78343-8316722560","trial_id":12,"state":1,"values":[50.1244046369477],"datetime_complete":"2026-10-08T04:50:13.014707"}
{"op_code":4,"worker_id":"1a6df335-b3e2-4bc3-8490-a03bb1a78343-8316722560","study_id":0,"datetime_start":"2026-10-08T04:52:02.813642"}
{"op_code":9,"worker_id":"1a6df335-b3e2-4bc3-8490-a03bb1a78343-8316722560","trial_id":14,"system_attr":{"tpe:relative_params:0":"{\"batch\": 256, \"bc_guide_prob\": 0.2262030939849101, \"bc_reg\": 1.6046636260817713, \"bc_reg_decay_frac\": 0.2633919703002783, \"eps_decay_frac\": 0.1377491109408763, \"gamma\": 0.9810040986099909, \"lr\": 0.0005281247673129498, \"n_step\": 16, \"reward_scale\": 18.338986882941402, \"target_sync\": 1000}"}}
{"op_code":5,"worker_id":"1a6df335-b3e2-4bc3-8490-a03bb1a78343-8316722560","trial_id":14,"param_name":"lr","param_value_internal":0.0005281247673129498,"distribution":"{\"name\": \"FloatDistribution\", \"attributes\": {\"step\": null, \"low\": 0.0001, \"high\": 0.003, \"log\": true}}"}
{"op_code":5,"worker_id":"1a6df335-b3e2-4bc3-8490-a03bb1a78343-8316722560","trial_id":14,"param_name":"gamma","param_value_internal":0.9810040986099909,"distribution":"{\"name\": \"FloatDistribution\", \"attributes\": {\"step\": null, \"low\": 0.98, \"high\": 0.999, \"log\": false}}"}
{"op_code":5,"worker_id":"1a6df335-b3e2-4bc3-8490-a03bb1a78343-8316722560","trial_id":14,"param_name":"n_step","param_value_internal":4,"distribution":"{\"name\": \"CategoricalDistribution\", \"attributes\": {\"choices\": [1, 2, 4, 8, 16]}}"}
{"op_code":5,"worker_id":"1a6df335-b3e2-4bc3-8490-a03bb1a78343-8316722560","trial_id":14,"param_name":"batch","param_value_internal":2,"distribution":"{\"name\": \"CategoricalDistribution\", \"attributes\": {\"choices\": [64, 128, 256]}}"}
{"op_code":5,"worker_id":"1a6df335-b3e2-4bc3-8490-a03bb1a78343-8316722560","trial_id":14,"param_name":"target_sync","param_value_internal":1,"distribution":"{\"name\": \"CategoricalDistribution\", \"attributes\": {\"choices\": [500, 1000, 2000, 5000, 10000]}}"}
{"op_code":5,"worker_id":"1a6df335-b3e2-4bc3-8490-a03bb1a78343-8316722560","trial_id":14,"param_name":"eps_decay_frac","param_value_internal":0.1377491109408763,"distribution":"{\"name\": \"FloatDistribution\", \"attributes\": {\"step\": null, \"low\": 0.1, \"high\": 0.6, \"log\": false}}"}
{"op_code":5,"worker_id":"1a6df335-b3e2-4bc3-8490-a03bb1a78343-8316722560","trial_id":14,"param_name":"reward_scale","param_value_internal":18.338986882941402,"distribution":"{\"name\": \"FloatDistribution\", \"attributes\": {\"step\": null, \"low\": 5.0, \"high\": 80.0, \"log\": true}}"}
{"op_code":5,"worker_id":"1a6df335-b3e2-4bc3-8490-a03bb1a78343-8316722560","trial_id":14,"param_name":"bc_reg","param_value_internal":1.6046636260817713,"distribution":"{\"name\": \"FloatDistribution\", \"attributes\": {\"step\": null, \"low\": 0.0, \"high\": 3.0, \"log\": false}}"}
{"op_code":5,"worker_id":"1a6df335-b3e2-4bc3-8490-a03bb1a78343-8316722560","trial_id":14,"param_name":"bc_reg_decay_frac","param_value_internal":0.2633919703002783,"distribution":"{\"name\": \"FloatDistribution\", \"attributes\": {\"step\": null, \"low\": 0.1, \"high\": 1.0, \"log\": false}}"}
{"op_code":5,"worker_id":"1a6df335-b3e2-4bc3-8490-a03bb1a78343-8316722560","trial_id":14,"param_name":"bc_guide_prob","param_value_internal":0.2262030939849101,"distribution":"{\"name\": \"FloatDistribution\", \"attributes\": {\"step\": null, \"low\": 0.0, \"high\": 1.0, \"log\": false}}"}
{"op_code":8,"worker_id":"1a6df335-b3e2-4bc3-8490-a03bb1a78343-8316722560","trial_id":14,"user_attr":{"tag":"cf4cefebfd9e2"}}
{"op_code":8,"worker_id":"1a6df335-b3e2-4bc3-8490-a03bb1a78343-8316722560","trial_id":14,"user_attr":{"overrides":{"gamma":0.9810040986099909,"bc_reg":1.6046636260817713,"hidden":64,"clone_lr":0.0003072447290580936,"clone_batch":1024,"clone_weight_decay":1e-06,"clone_class_power":0.09069586676111847,"clone_label_smoothing":0.1,"clone_patience":20,"lr":0.0005281247673129498,"n_step":16,"batch":256,"target_sync":1000,"eps_decay_frac":0.1377491109408763,"reward_scale":18.338986882941402,"bc_reg_decay_frac":0.2633919703002783,"bc_guide_prob":0.2262030939849101}}}
{"op_code":7,"worker_id":"1a6df335-b3e2-4bc3-8490-a03bb1a78343-8316722560","trial_id":13,"step":8,"intermediate_value":49.148897708251184}
{"op_code":8,"worker_id":"1a6df335-b3e2-4bc3-8490-a03bb1a78343-8316722560","trial_id":13,"user_attr":{"hh_saving":{"254":43.04506391407635,"185":39.87442336215975,"230":46.31138510579689,"266":49.558299942919525,"145":48.28055131601505,"229":50.49006583401877,"300":69.01824177573774,"69":46.61315041528543}}}
{"op_code":8,"worker_id":"1a6df335-b3e2-4bc3-8490-a03bb1a78343-8316722560","trial_id":13,"user_attr":{"val_efc_mean":61.63031664374999}}
{"op_code":8,"worker_id":"1a6df335-b3e2-4bc3-8490-a03bb1a78343-8316722560","trial_id":13,"user_attr":{"converged_share":1.0}}
{"op_code":8,"worker_id":"1a6df335-b3e2-4bc3-8490-a03bb1a78343-8316722560","trial_id":13,"user_attr":{"wall_s":550.511636018753}}
{"op_code":6,"worker_id":"1a6df335-b3e2-4bc3-8490-a03bb1a78343-8316722560","trial_id":13,"state":1,"values":[49.148897708251184],"datetime_complete":"2026-10-08T04:53:17.341579"}
{"op_code":4,"worker_id":"1a6df335-b3e2-4bc3-8490-a03bb1a78343-8316722560","study_id":0,"datetime_start":"2026-10-08T04:53:51.631854"}
{"op_code":9,"worker_id":"1a6df335-b3e2-4bc3-8490-a03bb1a78343-8316722560","trial_id":15,"system_attr":{"tpe:relative_params:0":"{\"batch\": 128, \"bc_guide_prob\": 0.5815645221839575, \"bc_reg\": 0.951195155839452, \"bc_reg_decay_frac\": 0.6987629973543397, \"eps_decay_frac\": 0.24421826377192984, \"gamma\": 0.9846719914049303, \"lr\": 0.000992549412976481, \"n_step\": 8, \"reward_scale\": 34.319066276348714, \"target_sync\": 2000}"}}
{"op_code":5,"worker_id":"1a6df335-b3e2-4bc3-8490-a03bb1a78343-8316722560","trial_id":15,"param_name":"lr","param_value_internal":0.000992549412976481,"distribution":"{\"name\": \"FloatDistribution\", \"attributes\": {\"step\": null, \"low\": 0.0001, \"high\": 0.003, \"log\": true}}"}
{"op_code":5,"worker_id":"1a6df335-b3e2-4bc3-8490-a03bb1a78343-8316722560","trial_id":15,"param_name":"gamma","param_value_internal":0.9846719914049303,"distribution":"{\"name\": \"FloatDistribution\", \"attributes\": {\"step\": null, \"low\": 0.98, \"high\": 0.999, \"log\": false}}"}
{"op_code":5,"worker_id":"1a6df335-b3e2-4bc3-8490-a03bb1a78343-8316722560","trial_id":15,"param_name":"n_step","param_value_internal":3,"distribution":"{\"name\": \"CategoricalDistribution\", \"attributes\": {\"choices\": [1, 2, 4, 8, 16]}}"}
{"op_code":5,"worker_id":"1a6df335-b3e2-4bc3-8490-a03bb1a78343-8316722560","trial_id":15,"param_name":"batch","param_value_internal":1,"distribution":"{\"name\": \"CategoricalDistribution\", \"attributes\": {\"choices\": [64, 128, 256]}}"}
{"op_code":5,"worker_id":"1a6df335-b3e2-4bc3-8490-a03bb1a78343-8316722560","trial_id":15,"param_name":"target_sync","param_value_internal":2,"distribution":"{\"name\": \"CategoricalDistribution\", \"attributes\": {\"choices\": [500, 1000, 2000, 5000, 10000]}}"}
{"op_code":5,"worker_id":"1a6df335-b3e2-4bc3-8490-a03bb1a78343-8316722560","trial_id":15,"param_name":"eps_decay_frac","param_value_internal":0.24421826377192984,"distribution":"{\"name\": \"FloatDistribution\", \"attributes\": {\"step\": null, \"low\": 0.1, \"high\": 0.6, \"log\": false}}"}
{"op_code":5,"worker_id":"1a6df335-b3e2-4bc3-8490-a03bb1a78343-8316722560","trial_id":15,"param_name":"reward_scale","param_value_internal":34.319066276348714,"distribution":"{\"name\": \"FloatDistribution\", \"attributes\": {\"step\": null, \"low\": 5.0, \"high\": 80.0, \"log\": true}}"}
{"op_code":5,"worker_id":"1a6df335-b3e2-4bc3-8490-a03bb1a78343-8316722560","trial_id":15,"param_name":"bc_reg","param_value_internal":0.951195155839452,"distribution":"{\"name\": \"FloatDistribution\", \"attributes\": {\"step\": null, \"low\": 0.0, \"high\": 3.0, \"log\": false}}"}
{"op_code":5,"worker_id":"1a6df335-b3e2-4bc3-8490-a03bb1a78343-8316722560","trial_id":15,"param_name":"bc_reg_decay_frac","param_value_internal":0.6987629973543397,"distribution":"{\"name\": \"FloatDistribution\", \"attributes\": {\"step\": null, \"low\": 0.1, \"high\": 1.0, \"log\": false}}"}
{"op_code":5,"worker_id":"1a6df335-b3e2-4bc3-8490-a03bb1a78343-8316722560","trial_id":15,"param_name":"bc_guide_prob","param_value_internal":0.5815645221839575,"distribution":"{\"name\": \"FloatDistribution\", \"attributes\": {\"step\": null, \"low\": 0.0, \"high\": 1.0, \"log\": false}}"}
{"op_code":8,"worker_id":"1a6df335-b3e2-4bc3-8490-a03bb1a78343-8316722560","trial_id":15,"user_attr":{"tag":"cf8d2c788496b"}}
{"op_code":8,"worker_id":"1a6df335-b3e2-4bc3-8490-a03bb1a78343-8316722560","trial_id":15,"user_attr":{"overrides":{"gamma":0.9846719914049303,"bc_reg":0.951195155839452,"hidden":64,"clone_lr":0.0003072447290580936,"clone_batch":1024,"clone_weight_decay":1e-06,"clone_class_power":0.09069586676111847,"clone_label_smoothing":0.1,"clone_patience":20,"lr":0.000992549412976481,"n_step":8,"batch":128,"target_sync":2000,"eps_decay_frac":0.24421826377192984,"reward_scale":34.319066276348714,"bc_reg_decay_frac":0.6987629973543397,"bc_guide_prob":0.5815645221839575}}}
{"op_code":7,"worker_id":"1a6df335-b3e2-4bc3-8490-a03bb1a78343-8316722560","trial_id":14,"step":3,"intermediate_value":42.71996941172375}
{"op_code":8,"worker_id":"1a6df335-b3e2-4bc3-8490-a03bb1a78343-8316722560","trial_id":14,"user_attr":{"hh_saving":{"254":42.50236865315922,"185":39.778165493391704,"230":45.87937408862034}}}
{"op_code":8,"worker_id":"1a6df335-b3e2-4bc3-8490-a03bb1a78343-8316722560","trial_id":14,"user_attr":{"val_efc_mean":67.32260283333333}}
{"op_code":8,"worker_id":"1a6df335-b3e2-4bc3-8490-a03bb1a78343-8316722560","trial_id":14,"user_attr":{"converged_share":1.0}}
{"op_code":8,"worker_id":"1a6df335-b3e2-4bc3-8490-a03bb1a78343-8316722560","trial_id":14,"user_attr":{"wall_s":176.11552596092224}}
{"op_code":6,"worker_id":"1a6df335-b3e2-4bc3-8490-a03bb1a78343-8316722560","trial_id":14,"state":2,"values":[42.71996941172375],"datetime_complete":"2026-10-08T04:54:58.936029"}
{"op_code":4,"worker_id":"1a6df335-b3e2-4bc3-8490-a03bb1a78343-8316722560","study_id":0,"datetime_start":"2026-10-08T04:55:26.008082"}
{"op_code":9,"worker_id":"1a6df335-b3e2-4bc3-8490-a03bb1a78343-8316722560","trial_id":16,"system_attr":{"tpe:relative_params:0":"{\"batch\": 128, \"bc_guide_prob\": 0.16638444262623625, \"bc_reg\": 0.8144556889158687, \"bc_reg_decay_frac\": 0.24371635516387147, \"eps_decay_frac\": 0.2478452619629715, \"gamma\": 0.9905871537502792, \"lr\": 0.0002635478574138047, \"n_step\": 16, \"reward_scale\": 18.804909325138933, \"target_sync\": 1000}"}}
{"op_code":5,"worker_id":"1a6df335-b3e2-4bc3-8490-a03bb1a78343-8316722560","trial_id":16,"param_name":"lr","param_value_internal":0.0002635478574138047,"distribution":"{\"name\": \"FloatDistribution\", \"attributes\": {\"step\": null, \"low\": 0.0001, \"high\": 0.003, \"log\": true}}"}
{"op_code":5,"worker_id":"1a6df335-b3e2-4bc3-8490-a03bb1a78343-8316722560","trial_id":16,"param_name":"gamma","param_value_internal":0.9905871537502792,"distribution":"{\"name\": \"FloatDistribution\", \"attributes\": {\"step\": null, \"low\": 0.98, \"high\": 0.999, \"log\": false}}"}
{"op_code":5,"worker_id":"1a6df335-b3e2-4bc3-8490-a03bb1a78343-8316722560","trial_id":16,"param_name":"n_step","param_value_internal":4,"distribution":"{\"name\": \"CategoricalDistribution\", \"attributes\": {\"choices\": [1, 2, 4, 8, 16]}}"}
{"op_code":5,"worker_id":"1a6df335-b3e2-4bc3-8490-a03bb1a78343-8316722560","trial_id":16,"param_name":"batch","param_value_internal":1,"distribution":"{\"name\": \"CategoricalDistribution\", \"attributes\": {\"choices\": [64, 128, 256]}}"}
{"op_code":5,"worker_id":"1a6df335-b3e2-4bc3-8490-a03bb1a78343-8316722560","trial_id":16,"param_name":"target_sync","param_value_internal":1,"distribution":"{\"name\": \"CategoricalDistribution\", \"attributes\": {\"choices\": [500, 1000, 2000, 5000, 10000]}}"}
{"op_code":5,"worker_id":"1a6df335-b3e2-4bc3-8490-a03bb1a78343-8316722560","trial_id":16,"param_name":"eps_decay_frac","param_value_internal":0.2478452619629715,"distribution":"{\"name\": \"FloatDistribution\", \"attributes\": {\"step\": null, \"low\": 0.1, \"high\": 0.6, \"log\": false}}"}
{"op_code":5,"worker_id":"1a6df335-b3e2-4bc3-8490-a03bb1a78343-8316722560","trial_id":16,"param_name":"reward_scale","param_value_internal":18.804909325138933,"distribution":"{\"name\": \"FloatDistribution\", \"attributes\": {\"step\": null, \"low\": 5.0, \"high\": 80.0, \"log\": true}}"}
{"op_code":5,"worker_id":"1a6df335-b3e2-4bc3-8490-a03bb1a78343-8316722560","trial_id":16,"param_name":"bc_reg","param_value_internal":0.8144556889158687,"distribution":"{\"name\": \"FloatDistribution\", \"attributes\": {\"step\": null, \"low\": 0.0, \"high\": 3.0, \"log\": false}}"}
{"op_code":5,"worker_id":"1a6df335-b3e2-4bc3-8490-a03bb1a78343-8316722560","trial_id":16,"param_name":"bc_reg_decay_frac","param_value_internal":0.24371635516387147,"distribution":"{\"name\": \"FloatDistribution\", \"attributes\": {\"step\": null, \"low\": 0.1, \"high\": 1.0, \"log\": false}}"}
{"op_code":5,"worker_id":"1a6df335-b3e2-4bc3-8490-a03bb1a78343-8316722560","trial_id":16,"param_name":"bc_guide_prob","param_value_internal":0.16638444262623625,"distribution":"{\"name\": \"FloatDistribution\", \"attributes\": {\"step\": null, \"low\": 0.0, \"high\": 1.0, \"log\": false}}"}
{"op_code":8,"worker_id":"1a6df335-b3e2-4bc3-8490-a03bb1a78343-8316722560","trial_id":16,"user_attr":{"tag":"ca59dc164e336"}}
{"op_code":8,"worker_id":"1a6df335-b3e2-4bc3-8490-a03bb1a78343-8316722560","trial_id":16,"user_attr":{"overrides":{"gamma":0.9905871537502792,"bc_reg":0.8144556889158687,"hidden":64,"clone_lr":0.0003072447290580936,"clone_batch":1024,"clone_weight_decay":1e-06,"clone_class_power":0.09069586676111847,"clone_label_smoothing":0.1,"clone_patience":20,"lr":0.0002635478574138047,"n_step":16,"batch":128,"target_sync":1000,"eps_decay_frac":0.2478452619629715,"reward_scale":18.804909325138933,"bc_reg_decay_frac":0.24371635516387147,"bc_guide_prob":0.16638444262623625}}}
{"op_code":7,"worker_id":"1a6df335-b3e2-4bc3-8490-a03bb1a78343-8316722560","trial_id":15,"step":3,"intermediate_value":42.91149179002803}
{"op_code":8,"worker_id":"1a6df335-b3e2-4bc3-8490-a03bb1a78343-8316722560","trial_id":15,"user_attr":{"hh_saving":{"254":42.179342675613796,"185":39.95347591611043,"230":46.601656778359846}}}
{"op_code":8,"worker_id":"1a6df335-b3e2-4bc3-8490-a03bb1a78343-8316722560","trial_id":15,"user_attr":{"val_efc_mean":66.42409356666667}}
{"op_code":8,"worker_id":"1a6df335-b3e2-4bc3-8490-a03bb1a78343-8316722560","trial_id":15,"user_attr":{"converged_share":1.0}}
{"op_code":8,"worker_id":"1a6df335-b3e2-4bc3-8490-a03bb1a78343-8316722560","trial_id":15,"user_attr":{"wall_s":202.0251488685608}}
{"op_code":6,"worker_id":"1a6df335-b3e2-4bc3-8490-a03bb1a78343-8316722560","trial_id":15,"state":2,"values":[42.91149179002803],"datetime_complete":"2026-10-08T04:57:13.664998"}
{"op_code":4,"worker_id":"1a6df335-b3e2-4bc3-8490-a03bb1a78343-8316722560","study_id":0,"datetime_start":"2026-10-08T04:57:21.714707"}
{"op_code":9,"worker_id":"1a6df335-b3e2-4bc3-8490-a03bb1a78343-8316722560","trial_id":17,"system_attr":{"tpe:relative_params:0":"{\"batch\": 128, \"bc_guide_prob\": 0.6746446501807524, \"bc_reg\": 0.5371735542760832, \"bc_reg_decay_frac\": 0.3783982350705086, \"eps_decay_frac\": 0.4727827275103983, \"gamma\": 0.9906275301694444, \"lr\": 0.0006550313779797757, \"n_step\": 8, \"reward_scale\": 33.108767151766216, \"target_sync\": 1000}"}}
{"op_code":5,"worker_id":"1a6df335-b3e2-4bc3-8490-a03bb1a78343-8316722560","trial_id":17,"param_name":"lr","param_value_internal":0.0006550313779797757,"distribution":"{\"name\": \"FloatDistribution\", \"attributes\": {\"step\": null, \"low\": 0.0001, \"high\": 0.003, \"log\": true}}"}
{"op_code":5,"worker_id":"1a6df335-b3e2-4bc3-8490-a03bb1a78343-8316722560","trial_id":17,"param_name":"gamma","param_value_internal":0.9906275301694444,"distribution":"{\"name\": \"FloatDistribution\", \"attributes\": {\"step\": null, \"low\": 0.98, \"high\": 0.999, \"log\": false}}"}
{"op_code":5,"worker_id":"1a6df335-b3e2-4bc3-8490-a03bb1a78343-8316722560","trial_id":17,"param_name":"n_step","param_value_internal":3,"distribution":"{\"name\": \"CategoricalDistribution\", \"attributes\": {\"choices\": [1, 2, 4, 8, 16]}}"}
{"op_code":5,"worker_id":"1a6df335-b3e2-4bc3-8490-a03bb1a78343-8316722560","trial_id":17,"param_name":"batch","param_value_internal":1,"distribution":"{\"name\": \"CategoricalDistribution\", \"attributes\": {\"choices\": [64, 128, 256]}}"}
{"op_code":5,"worker_id":"1a6df335-b3e2-4bc3-8490-a03bb1a78343-8316722560","trial_id":17,"param_name":"target_sync","param_value_internal":1,"distribution":"{\"name\": \"CategoricalDistribution\", \"attributes\": {\"choices\": [500, 1000, 2000, 5000, 10000]}}"}
{"op_code":5,"worker_id":"1a6df335-b3e2-4bc3-8490-a03bb1a78343-8316722560","trial_id":17,"param_name":"eps_decay_frac","param_value_internal":0.4727827275103983,"distribution":"{\"name\": \"FloatDistribution\", \"attributes\": {\"step\": null, \"low\": 0.1, \"high\": 0.6, \"log\": false}}"}
{"op_code":5,"worker_id":"1a6df335-b3e2-4bc3-8490-a03bb1a78343-8316722560","trial_id":17,"param_name":"reward_scale","param_value_internal":33.108767151766216,"distribution":"{\"name\": \"FloatDistribution\", \"attributes\": {\"step\": null, \"low\": 5.0, \"high\": 80.0, \"log\": true}}"}
{"op_code":5,"worker_id":"1a6df335-b3e2-4bc3-8490-a03bb1a78343-8316722560","trial_id":17,"param_name":"bc_reg","param_value_internal":0.5371735542760832,"distribution":"{\"name\": \"FloatDistribution\", \"attributes\": {\"step\": null, \"low\": 0.0, \"high\": 3.0, \"log\": false}}"}
{"op_code":5,"worker_id":"1a6df335-b3e2-4bc3-8490-a03bb1a78343-8316722560","trial_id":17,"param_name":"bc_reg_decay_frac","param_value_internal":0.3783982350705086,"distribution":"{\"name\": \"FloatDistribution\", \"attributes\": {\"step\": null, \"low\": 0.1, \"high\": 1.0, \"log\": false}}"}
{"op_code":5,"worker_id":"1a6df335-b3e2-4bc3-8490-a03bb1a78343-8316722560","trial_id":17,"param_name":"bc_guide_prob","param_value_internal":0.6746446501807524,"distribution":"{\"name\": \"FloatDistribution\", \"attributes\": {\"step\": null, \"low\": 0.0, \"high\": 1.0, \"log\": false}}"}
{"op_code":8,"worker_id":"1a6df335-b3e2-4bc3-8490-a03bb1a78343-8316722560","trial_id":17,"user_attr":{"tag":"c4f382c036368"}}
{"op_code":8,"worker_id":"1a6df335-b3e2-4bc3-8490-a03bb1a78343-8316722560","trial_id":17,"user_attr":{"overrides":{"gamma":0.9906275301694444,"bc_reg":0.5371735542760832,"hidden":64,"clone_lr":0.0003072447290580936,"clone_batch":1024,"clone_weight_decay":1e-06,"clone_class_power":0.09069586676111847,"clone_label_smoothing":0.1,"clone_patience":20,"lr":0.0006550313779797757,"n_step":8,"batch":128,"target_sync":1000,"eps_decay_frac":0.4727827275103983,"reward_scale":33.108767151766216,"bc_reg_decay_frac":0.3783982350705086,"bc_guide_prob":0.6746446501807524}}}
{"op_code":7,"worker_id":"1a6df335-b3e2-4bc3-8490-a03bb1a78343-8316722560","trial_id":16,"step":3,"intermediate_value":42.24963065258793}
{"op_code":8,"worker_id":"1a6df335-b3e2-4bc3-8490-a03bb1a78343-8316722560","trial_id":16,"user_attr":{"hh_saving":{"254":41.091976031550566,"185":39.64099156936135,"230":46.01592435685188}}}
{"op_code":8,"worker_id":"1a6df335-b3e2-4bc3-8490-a03bb1a78343-8316722560","trial_id":16,"user_attr":{"val_efc_mean":68.52722065}}
{"op_code":8,"worker_id":"1a6df335-b3e2-4bc3-8490-a03bb1a78343-8316722560","trial_id":16,"user_attr":{"converged_share":1.0}}
{"op_code":8,"worker_id":"1a6df335-b3e2-4bc3-8490-a03bb1a78343-8316722560","trial_id":16,"user_attr":{"wall_s":180.28586411476135}}
{"op_code":6,"worker_id":"1a6df335-b3e2-4bc3-8490-a03bb1a78343-8316722560","trial_id":16,"state":2,"values":[42.24963065258793],"datetime_complete":"2026-10-08T04:58:26.302171"}
{"op_code":4,"worker_id":"1a6df335-b3e2-4bc3-8490-a03bb1a78343-8316722560","study_id":0,"datetime_start":"2026-10-08T04:59:08.049561"}
{"op_code":9,"worker_id":"1a6df335-b3e2-4bc3-8490-a03bb1a78343-8316722560","trial_id":18,"system_attr":{"tpe:relative_params:0":"{\"batch\": 128, \"bc_guide_prob\": 0.675974115546336, \"bc_reg\": 0.5284880835035812, \"bc_reg_decay_frac\": 0.29906418866131695, \"eps_decay_frac\": 0.13129009650057127, \"gamma\": 0.9873270821288949, \"lr\": 0.00014851243834587425, \"n_step\": 4, \"reward_scale\": 16.791050369683955, \"target_sync\": 1000}"}}
{"op_code":5,"worker_id":"1a6df335-b3e2-4bc3-8490-a03bb1a78343-8316722560","trial_id":18,"param_name":"lr","param_value_internal":0.00014851243834587425,"distribution":"{\"name\": \"FloatDistribution\", \"attributes\": {\"step\": null, \"low\": 0.0001, \"high\": 0.003, \"log\": true}}"}
{"op_code":5,"worker_id":"1a6df335-b3e2-4bc3-8490-a03bb1a78343-8316722560","trial_id":18,"param_name":"gamma","param_value_internal":0.9873270821288949,"distribution":"{\"name\": \"FloatDistribution\", \"attributes\": {\"step\": null, \"low\": 0.98, \"high\": 0.999, \"log\": false}}"}
{"op_code":5,"worker_id":"1a6df335-b3e2-4bc3-8490-a03bb1a78343-8316722560","trial_id":18,"param_name":"n_step","param_value_internal":2,"distribution":"{\"name\": \"CategoricalDistribution\", \"attributes\": {\"choices\": [1, 2, 4, 8, 16]}}"}
{"op_code":5,"worker_id":"1a6df335-b3e2-4bc3-8490-a03bb1a78343-8316722560","trial_id":18,"param_name":"batch","param_value_internal":1,"distribution":"{\"name\": \"CategoricalDistribution\", \"attributes\": {\"choices\": [64, 128, 256]}}"}
{"op_code":5,"worker_id":"1a6df335-b3e2-4bc3-8490-a03bb1a78343-8316722560","trial_id":18,"param_name":"target_sync","param_value_internal":1,"distribution":"{\"name\": \"CategoricalDistribution\", \"attributes\": {\"choices\": [500, 1000, 2000, 5000, 10000]}}"}
{"op_code":5,"worker_id":"1a6df335-b3e2-4bc3-8490-a03bb1a78343-8316722560","trial_id":18,"param_name":"eps_decay_frac","param_value_internal":0.13129009650057127,"distribution":"{\"name\": \"FloatDistribution\", \"attributes\": {\"step\": null, \"low\": 0.1, \"high\": 0.6, \"log\": false}}"}
{"op_code":5,"worker_id":"1a6df335-b3e2-4bc3-8490-a03bb1a78343-8316722560","trial_id":18,"param_name":"reward_scale","param_value_internal":16.791050369683955,"distribution":"{\"name\": \"FloatDistribution\", \"attributes\": {\"step\": null, \"low\": 5.0, \"high\": 80.0, \"log\": true}}"}
{"op_code":5,"worker_id":"1a6df335-b3e2-4bc3-8490-a03bb1a78343-8316722560","trial_id":18,"param_name":"bc_reg","param_value_internal":0.5284880835035812,"distribution":"{\"name\": \"FloatDistribution\", \"attributes\": {\"step\": null, \"low\": 0.0, \"high\": 3.0, \"log\": false}}"}
{"op_code":5,"worker_id":"1a6df335-b3e2-4bc3-8490-a03bb1a78343-8316722560","trial_id":18,"param_name":"bc_reg_decay_frac","param_value_internal":0.29906418866131695,"distribution":"{\"name\": \"FloatDistribution\", \"attributes\": {\"step\": null, \"low\": 0.1, \"high\": 1.0, \"log\": false}}"}
{"op_code":5,"worker_id":"1a6df335-b3e2-4bc3-8490-a03bb1a78343-8316722560","trial_id":18,"param_name":"bc_guide_prob","param_value_internal":0.675974115546336,"distribution":"{\"name\": \"FloatDistribution\", \"attributes\": {\"step\": null, \"low\": 0.0, \"high\": 1.0, \"log\": false}}"}
{"op_code":8,"worker_id":"1a6df335-b3e2-4bc3-8490-a03bb1a78343-8316722560","trial_id":18,"user_attr":{"tag":"c00050b28f3fb"}}
{"op_code":8,"worker_id":"1a6df335-b3e2-4bc3-8490-a03bb1a78343-8316722560","trial_id":18,"user_attr":{"overrides":{"gamma":0.9873270821288949,"bc_reg":0.5284880835035812,"hidden":64,"clone_lr":0.0003072447290580936,"clone_batch":1024,"clone_weight_decay":1e-06,"clone_class_power":0.09069586676111847,"clone_label_smoothing":0.1,"clone_patience":20,"lr":0.00014851243834587425,"n_step":4,"batch":128,"target_sync":1000,"eps_decay_frac":0.13129009650057127,"reward_scale":16.791050369683955,"bc_reg_decay_frac":0.29906418866131695,"bc_guide_prob":0.675974115546336}}}
{"op_code":7,"worker_id":"1a6df335-b3e2-4bc3-8490-a03bb1a78343-8316722560","trial_id":17,"step":3,"intermediate_value":42.25447051136512}
{"op_code":8,"worker_id":"1a6df335-b3e2-4bc3-8490-a03bb1a78343-8316722560","trial_id":17,"user_attr":{"hh_saving":{"254":42.21551302473368,"185":39.65761818548697,"230":44.8902803238747}}}
{"op_code":8,"worker_id":"1a6df335-b3e2-4bc3-8490-a03bb1a78343-8316722560","trial_id":17,"user_attr":{"val_efc_mean":64.23900601666666}}
{"op_code":8,"worker_id":"1a6df335-b3e2-4bc3-8490-a03bb1a78343-8316722560","trial_id":17,"user_attr":{"converged_share":1.0}}
{"op_code":8,"worker_id":"1a6df335-b3e2-4bc3-8490-a03bb1a78343-8316722560","trial_id":17,"user_attr":{"wall_s":200.0384397506714}}
{"op_code":6,"worker_id":"1a6df335-b3e2-4bc3-8490-a03bb1a78343-8316722560","trial_id":17,"state":2,"values":[42.25447051136512],"datetime_complete":"2026-10-08T05:00:41.760864"}
{"op_code":4,"worker_id":"1a6df335-b3e2-4bc3-8490-a03bb1a78343-8316722560","study_id":0,"datetime_start":"2026-10-08T05:00:47.676376"}
{"op_code":9,"worker_id":"1a6df335-b3e2-4bc3-8490-a03bb1a78343-8316722560","trial_id":19,"system_attr":{"tpe:relative_params:0":"{\"batch\": 128, \"bc_guide_prob\": 0.4450672722969422, \"bc_reg\": 0.009988220230875311, \"bc_reg_decay_frac\": 0.6987843490472764, \"eps_decay_frac\": 0.10349327494333832, \"gamma\": 0.9823773265678021, \"lr\": 0.000825715245919599, \"n_step\": 16, \"reward_scale\": 10.410916449141107, \"target_sync\": 1000}"}}
{"op_code":5,"worker_id":"1a6df335-b3e2-4bc3-8490-a03bb1a78343-8316722560","trial_id":19,"param_name":"lr","param_value_internal":0.000825715245919599,"distribution":"{\"name\": \"FloatDistribution\", \"attributes\": {\"step\": null, \"low\": 0.0001, \"high\": 0.003, \"log\": true}}"}
{"op_code":5,"worker_id":"1a6df335-b3e2-4bc3-8490-a03bb1a78343-8316722560","trial_id":19,"param_name":"gamma","param_value_internal":0.9823773265678021,"distribution":"{\"name\": \"FloatDistribution\", \"attributes\": {\"step\": null, \"low\": 0.98, \"high\": 0.999, \"log\": false}}"}
{"op_code":5,"worker_id":"1a6df335-b3e2-4bc3-8490-a03bb1a78343-8316722560","trial_id":19,"param_name":"n_step","param_value_internal":4,"distribution":"{\"name\": \"CategoricalDistribution\", \"attributes\": {\"choices\": [1, 2, 4, 8, 16]}}"}
{"op_code":5,"worker_id":"1a6df335-b3e2-4bc3-8490-a03bb1a78343-8316722560","trial_id":19,"param_name":"batch","param_value_internal":1,"distribution":"{\"name\": \"CategoricalDistribution\", \"attributes\": {\"choices\": [64, 128, 256]}}"}
{"op_code":5,"worker_id":"1a6df335-b3e2-4bc3-8490-a03bb1a78343-8316722560","trial_id":19,"param_name":"target_sync","param_value_internal":1,"distribution":"{\"name\": \"CategoricalDistribution\", \"attributes\": {\"choices\": [500, 1000, 2000, 5000, 10000]}}"}
{"op_code":5,"worker_id":"1a6df335-b3e2-4bc3-8490-a03bb1a78343-8316722560","trial_id":19,"param_name":"eps_decay_frac","param_value_internal":0.10349327494333832,"distribution":"{\"name\": \"FloatDistribution\", \"attributes\": {\"step\": null, \"low\": 0.1, \"high\": 0.6, \"log\": false}}"}
{"op_code":5,"worker_id":"1a6df335-b3e2-4bc3-8490-a03bb1a78343-8316722560","trial_id":19,"param_name":"reward_scale","param_value_internal":10.410916449141107,"distribution":"{\"name\": \"FloatDistribution\", \"attributes\": {\"step\": null, \"low\": 5.0, \"high\": 80.0, \"log\": true}}"}
{"op_code":5,"worker_id":"1a6df335-b3e2-4bc3-8490-a03bb1a78343-8316722560","trial_id":19,"param_name":"bc_reg","param_value_internal":0.009988220230875311,"distribution":"{\"name\": \"FloatDistribution\", \"attributes\": {\"step\": null, \"low\": 0.0, \"high\": 3.0, \"log\": false}}"}
{"op_code":5,"worker_id":"1a6df335-b3e2-4bc3-8490-a03bb1a78343-8316722560","trial_id":19,"param_name":"bc_reg_decay_frac","param_value_internal":0.6987843490472764,"distribution":"{\"name\": \"FloatDistribution\", \"attributes\": {\"step\": null, \"low\": 0.1, \"high\": 1.0, \"log\": false}}"}
{"op_code":5,"worker_id":"1a6df335-b3e2-4bc3-8490-a03bb1a78343-8316722560","trial_id":19,"param_name":"bc_guide_prob","param_value_internal":0.4450672722969422,"distribution":"{\"name\": \"FloatDistribution\", \"attributes\": {\"step\": null, \"low\": 0.0, \"high\": 1.0, \"log\": false}}"}
{"op_code":8,"worker_id":"1a6df335-b3e2-4bc3-8490-a03bb1a78343-8316722560","trial_id":19,"user_attr":{"tag":"c14e67e3c873d"}}
{"op_code":8,"worker_id":"1a6df335-b3e2-4bc3-8490-a03bb1a78343-8316722560","trial_id":19,"user_attr":{"overrides":{"gamma":0.9823773265678021,"bc_reg":0.009988220230875311,"hidden":64,"clone_lr":0.0003072447290580936,"clone_batch":1024,"clone_weight_decay":1e-06,"clone_class_power":0.09069586676111847,"clone_label_smoothing":0.1,"clone_patience":20,"lr":0.000825715245919599,"n_step":16,"batch":128,"target_sync":1000,"eps_decay_frac":0.10349327494333832,"reward_scale":10.410916449141107,"bc_reg_decay_frac":0.6987843490472764,"bc_guide_prob":0.4450672722969422}}}
{"op_code":7,"worker_id":"1a6df335-b3e2-4bc3-8490-a03bb1a78343-8316722560","trial_id":18,"step":3,"intermediate_value":42.71346217225616}
{"op_code":8,"worker_id":"1a6df335-b3e2-4bc3-8490-a03bb1a78343-8316722560","trial_id":18,"user_attr":{"hh_saving":{"254":42.791737472552924,"185":39.45443987728616,"230":45.894209166929386}}}
{"op_code":8,"worker_id":"1a6df335-b3e2-4bc3-8490-a03bb1a78343-8316722560","trial_id":18,"user_attr":{"val_efc_mean":65.94432818333333}}
{"op_code":8,"worker_id":"1a6df335-b3e2-4bc3-8490-a03bb1a78343-8316722560","trial_id":18,"user_attr":{"converged_share":1.0}}
{"op_code":8,"worker_id":"1a6df335-b3e2-4bc3-8490-a03bb1a78343-8316722560","trial_id":18,"user_attr":{"wall_s":170.631982088089}}
{"op_code":6,"worker_id":"1a6df335-b3e2-4bc3-8490-a03bb1a78343-8316722560","trial_id":18,"state":2,"values":[42.71346217225616],"datetime_complete":"2026-10-08T05:01:58.688629"}
{"op_code":4,"worker_id":"1a6df335-b3e2-4bc3-8490-a03bb1a78343-8316722560","study_id":0,"datetime_start":"2026-10-08T05:02:19.425440"}
{"op_code":9,"worker_id":"1a6df335-b3e2-4bc3-8490-a03bb1a78343-8316722560","trial_id":20,"system_attr":{"tpe:relative_params:0":"{\"batch\": 128, \"bc_guide_prob\": 0.27391658668531527, \"bc_reg\": 0.2545486913402868, \"bc_reg_decay_frac\": 0.19840968317515226, \"eps_decay_frac\": 0.17498729626991677, \"gamma\": 0.9834416959986102, \"lr\": 0.0005862912263551451, \"n_step\": 4, \"reward_scale\": 22.092253547543766, \"target_sync\": 500}"}}
{"op_code":5,"worker_id":"1a6df335-b3e2-4bc3-8490-a03bb1a78343-8316722560","trial_id":20,"param_name":"lr","param_value_internal":0.0005862912263551451,"distribution":"{\"name\": \"FloatDistribution\", \"attributes\": {\"step\": null, \"low\": 0.0001, \"high\": 0.003, \"log\": true}}"}
{"op_code":5,"worker_id":"1a6df335-b3e2-4bc3-8490-a03bb1a78343-8316722560","trial_id":20,"param_name":"gamma","param_value_internal":0.9834416959986102,"distribution":"{\"name\": \"FloatDistribution\", \"attributes\": {\"step\": null, \"low\": 0.98, \"high\": 0.999, \"log\": false}}"}
{"op_code":5,"worker_id":"1a6df335-b3e2-4bc3-8490-a03bb1a78343-8316722560","trial_id":20,"param_name":"n_step","param_value_internal":2,"distribution":"{\"name\": \"CategoricalDistribution\", \"attributes\": {\"choices\": [1, 2, 4, 8, 16]}}"}
{"op_code":5,"worker_id":"1a6df335-b3e2-4bc3-8490-a03bb1a78343-8316722560","trial_id":20,"param_name":"batch","param_value_internal":1,"distribution":"{\"name\": \"CategoricalDistribution\", \"attributes\": {\"choices\": [64, 128, 256]}}"}
{"op_code":5,"worker_id":"1a6df335-b3e2-4bc3-8490-a03bb1a78343-8316722560","trial_id":20,"param_name":"target_sync","param_value_internal":0,"distribution":"{\"name\": \"CategoricalDistribution\", \"attributes\": {\"choices\": [500, 1000, 2000, 5000, 10000]}}"}
{"op_code":5,"worker_id":"1a6df335-b3e2-4bc3-8490-a03bb1a78343-8316722560","trial_id":20,"param_name":"eps_decay_frac","param_value_internal":0.17498729626991677,"distribution":"{\"name\": \"FloatDistribution\", \"attributes\": {\"step\": null, \"low\": 0.1, \"high\": 0.6, \"log\": false}}"}
{"op_code":5,"worker_id":"1a6df335-b3e2-4bc3-8490-a03bb1a78343-8316722560","trial_id":20,"param_name":"reward_scale","param_value_internal":22.092253547543766,"distribution":"{\"name\": \"FloatDistribution\", \"attributes\": {\"step\": null, \"low\": 5.0, \"high\": 80.0, \"log\": true}}"}
{"op_code":5,"worker_id":"1a6df335-b3e2-4bc3-8490-a03bb1a78343-8316722560","trial_id":20,"param_name":"bc_reg","param_value_internal":0.2545486913402868,"distribution":"{\"name\": \"FloatDistribution\", \"attributes\": {\"step\": null, \"low\": 0.0, \"high\": 3.0, \"log\": false}}"}
{"op_code":5,"worker_id":"1a6df335-b3e2-4bc3-8490-a03bb1a78343-8316722560","trial_id":20,"param_name":"bc_reg_decay_frac","param_value_internal":0.19840968317515226,"distribution":"{\"name\": \"FloatDistribution\", \"attributes\": {\"step\": null, \"low\": 0.1, \"high\": 1.0, \"log\": false}}"}
{"op_code":5,"worker_id":"1a6df335-b3e2-4bc3-8490-a03bb1a78343-8316722560","trial_id":20,"param_name":"bc_guide_prob","param_value_internal":0.27391658668531527,"distribution":"{\"name\": \"FloatDistribution\", \"attributes\": {\"step\": null, \"low\": 0.0, \"high\": 1.0, \"log\": false}}"}
{"op_code":8,"worker_id":"1a6df335-b3e2-4bc3-8490-a03bb1a78343-8316722560","trial_id":20,"user_attr":{"tag":"c49fa552b3011"}}
{"op_code":8,"worker_id":"1a6df335-b3e2-4bc3-8490-a03bb1a78343-8316722560","trial_id":20,"user_attr":{"overrides":{"gamma":0.9834416959986102,"bc_reg":0.2545486913402868,"hidden":64,"clone_lr":0.0003072447290580936,"clone_batch":1024,"clone_weight_decay":1e-06,"clone_class_power":0.09069586676111847,"clone_label_smoothing":0.1,"clone_patience":20,"lr":0.0005862912263551451,"n_step":4,"batch":128,"target_sync":500,"eps_decay_frac":0.17498729626991677,"reward_scale":22.092253547543766,"bc_reg_decay_frac":0.19840968317515226,"bc_guide_prob":0.27391658668531527}}}
{"op_code":7,"worker_id":"1a6df335-b3e2-4bc3-8490-a03bb1a78343-8316722560","trial_id":19,"step":3,"intermediate_value":23.88240738750007}
{"op_code":8,"worker_id":"1a6df335-b3e2-4bc3-8490-a03bb1a78343-8316722560","trial_id":19,"user_attr":{"hh_saving":{"254":28.663801601810082,"185":17.261352043115423,"230":25.722068517574716}}}
{"op_code":8,"worker_id":"1a6df335-b3e2-4bc3-8490-a03bb1a78343-8316722560","trial_id":19,"user_attr":{"val_efc_mean":26.818899116666667}}
{"op_code":8,"worker_id":"1a6df335-b3e2-4bc3-8490-a03bb1a78343-8316722560","trial_id":19,"user_attr":{"converged_share":1.0}}
{"op_code":8,"worker_id":"1a6df335-b3e2-4bc3-8490-a03bb1a78343-8316722560","trial_id":19,"user_attr":{"wall_s":165.18949580192566}}
{"op_code":6,"worker_id":"1a6df335-b3e2-4bc3-8490-a03bb1a78343-8316722560","trial_id":19,"state":2,"values":[23.88240738750007],"datetime_complete":"2026-10-08T05:03:32.873542"}
{"op_code":4,"worker_id":"1a6df335-b3e2-4bc3-8490-a03bb1a78343-8316722560","study_id":0,"datetime_start":"2026-10-08T05:04:40.134340"}
{"op_code":9,"worker_id":"1a6df335-b3e2-4bc3-8490-a03bb1a78343-8316722560","trial_id":21,"system_attr":{"tpe:relative_params:0":"{\"batch\": 128, \"bc_guide_prob\": 0.23194944671474105, \"bc_reg\": 0.5670853588619482, \"bc_reg_decay_frac\": 0.4819169012098466, \"eps_decay_frac\": 0.4200176706291276, \"gamma\": 0.9873144607917054, \"lr\": 0.0017504418175157538, \"n_step\": 8, \"reward_scale\": 27.994434050922877, \"target_sync\": 5000}"}}
{"op_code":5,"worker_id":"1a6df335-b3e2-4bc3-8490-a03bb1a78343-8316722560","trial_id":21,"param_name":"lr","param_value_internal":0.0017504418175157538,"distribution":"{\"name\": \"FloatDistribution\", \"attributes\": {\"step\": null, \"low\": 0.0001, \"high\": 0.003, \"log\": true}}"}
{"op_code":5,"worker_id":"1a6df335-b3e2-4bc3-8490-a03bb1a78343-8316722560","trial_id":21,"param_name":"gamma","param_value_internal":0.9873144607917054,"distribution":"{\"name\": \"FloatDistribution\", \"attributes\": {\"step\": null, \"low\": 0.98, \"high\": 0.999, \"log\": false}}"}
{"op_code":5,"worker_id":"1a6df335-b3e2-4bc3-8490-a03bb1a78343-8316722560","trial_id":21,"param_name":"n_step","param_value_internal":3,"distribution":"{\"name\": \"CategoricalDistribution\", \"attributes\": {\"choices\": [1, 2, 4, 8, 16]}}"}
{"op_code":5,"worker_id":"1a6df335-b3e2-4bc3-8490-a03bb1a78343-8316722560","trial_id":21,"param_name":"batch","param_value_internal":1,"distribution":"{\"name\": \"CategoricalDistribution\", \"attributes\": {\"choices\": [64, 128, 256]}}"}
{"op_code":5,"worker_id":"1a6df335-b3e2-4bc3-8490-a03bb1a78343-8316722560","trial_id":21,"param_name":"target_sync","param_value_internal":3,"distribution":"{\"name\": \"CategoricalDistribution\", \"attributes\": {\"choices\": [500, 1000, 2000, 5000, 10000]}}"}
{"op_code":5,"worker_id":"1a6df335-b3e2-4bc3-8490-a03bb1a78343-8316722560","trial_id":21,"param_name":"eps_decay_frac","param_value_internal":0.4200176706291276,"distribution":"{\"name\": \"FloatDistribution\", \"attributes\": {\"step\": null, \"low\": 0.1, \"high\": 0.6, \"log\": false}}"}
{"op_code":5,"worker_id":"1a6df335-b3e2-4bc3-8490-a03bb1a78343-8316722560","trial_id":21,"param_name":"reward_scale","param_value_internal":27.994434050922877,"distribution":"{\"name\": \"FloatDistribution\", \"attributes\": {\"step\": null, \"low\": 5.0, \"high\": 80.0, \"log\": true}}"}
{"op_code":5,"worker_id":"1a6df335-b3e2-4bc3-8490-a03bb1a78343-8316722560","trial_id":21,"param_name":"bc_reg","param_value_internal":0.5670853588619482,"distribution":"{\"name\": \"FloatDistribution\", \"attributes\": {\"step\": null, \"low\": 0.0, \"high\": 3.0, \"log\": false}}"}
{"op_code":5,"worker_id":"1a6df335-b3e2-4bc3-8490-a03bb1a78343-8316722560","trial_id":21,"param_name":"bc_reg_decay_frac","param_value_internal":0.4819169012098466,"distribution":"{\"name\": \"FloatDistribution\", \"attributes\": {\"step\": null, \"low\": 0.1, \"high\": 1.0, \"log\": false}}"}
{"op_code":5,"worker_id":"1a6df335-b3e2-4bc3-8490-a03bb1a78343-8316722560","trial_id":21,"param_name":"bc_guide_prob","param_value_internal":0.23194944671474105,"distribution":"{\"name\": \"FloatDistribution\", \"attributes\": {\"step\": null, \"low\": 0.0, \"high\": 1.0, \"log\": false}}"}
{"op_code":8,"worker_id":"1a6df335-b3e2-4bc3-8490-a03bb1a78343-8316722560","trial_id":21,"user_attr":{"tag":"c6bf2fbe618d8"}}
{"op_code":8,"worker_id":"1a6df335-b3e2-4bc3-8490-a03bb1a78343-8316722560","trial_id":21,"user_attr":{"overrides":{"gamma":0.9873144607917054,"bc_reg":0.5670853588619482,"hidden":64,"clone_lr":0.0003072447290580936,"clone_batch":1024,"clone_weight_decay":1e-06,"clone_class_power":0.09069586676111847,"clone_label_smoothing":0.1,"clone_patience":20,"lr":0.0017504418175157538,"n_step":8,"batch":128,"target_sync":5000,"eps_decay_frac":0.4200176706291276,"reward_scale":27.994434050922877,"bc_reg_decay_frac":0.4819169012098466,"bc_guide_prob":0.23194944671474105}}}
{"op_code":7,"worker_id":"1a6df335-b3e2-4bc3-8490-a03bb1a78343-8316722560","trial_id":20,"step":3,"intermediate_value":38.44504780555661}
{"op_code":8,"worker_id":"1a6df335-b3e2-4bc3-8490-a03bb1a78343-8316722560","trial_id":20,"user_attr":{"hh_saving":{"254":38.71731760871021,"185":35.04853905279491,"230":41.569286755164704}}}
{"op_code":8,"worker_id":"1a6df335-b3e2-4bc3-8490-a03bb1a78343-8316722560","trial_id":20,"user_attr":{"val_efc_mean":53.95421515}}
{"op_code":8,"worker_id":"1a6df335-b3e2-4bc3-8490-a03bb1a78343-8316722560","trial_id":20,"user_attr":{"converged_share":1.0}}
{"op_code":8,"worker_id":"1a6df335-b3e2-4bc3-8490-a03bb1a78343-8316722560","trial_id":20,"user_attr":{"wall_s":167.61343383789062}}
{"op_code":6,"worker_id":"1a6df335-b3e2-4bc3-8490-a03bb1a78343-8316722560","trial_id":20,"state":2,"values":[38.44504780555661],"datetime_complete":"2026-10-08T05:05:07.046916"}
{"op_code":4,"worker_id":"1a6df335-b3e2-4bc3-8490-a03bb1a78343-8316722560","study_id":0,"datetime_start":"2026-10-08T05:06:13.726929"}
{"op_code":9,"worker_id":"1a6df335-b3e2-4bc3-8490-a03bb1a78343-8316722560","trial_id":22,"system_attr":{"tpe:relative_params:0":"{\"batch\": 128, \"bc_guide_prob\": 0.13916105636878393, \"bc_reg\": 0.10664593154829388, \"bc_reg_decay_frac\": 0.5696227263083927, \"eps_decay_frac\": 0.38722066400293836, \"gamma\": 0.9959043481767683, \"lr\": 0.00029284239397946724, \"n_step\": 4, \"reward_scale\": 8.74429987741787, \"target_sync\": 2000}"}}
{"op_code":5,"worker_id":"1a6df335-b3e2-4bc3-8490-a03bb1a78343-8316722560","trial_id":22,"param_name":"lr","param_value_internal":0.00029284239397946724,"distribution":"{\"name\": \"FloatDistribution\", \"attributes\": {\"step\": null, \"low\": 0.0001, \"high\": 0.003, \"log\": true}}"}
{"op_code":5,"worker_id":"1a6df335-b3e2-4bc3-8490-a03bb1a78343-8316722560","trial_id":22,"param_name":"gamma","param_value_internal":0.9959043481767683,"distribution":"{\"name\": \"FloatDistribution\", \"attributes\": {\"step\": null, \"low\": 0.98, \"high\": 0.999, \"log\": false}}"}
{"op_code":5,"worker_id":"1a6df335-b3e2-4bc3-8490-a03bb1a78343-8316722560","trial_id":22,"param_name":"n_step","param_value_internal":2,"distribution":"{\"name\": \"CategoricalDistribution\", \"attributes\": {\"choices\": [1, 2, 4, 8, 16]}}"}
{"op_code":5,"worker_id":"1a6df335-b3e2-4bc3-8490-a03bb1a78343-8316722560","trial_id":22,"param_name":"batch","param_value_internal":1,"distribution":"{\"name\": \"CategoricalDistribution\", \"attributes\": {\"choices\": [64, 128, 256]}}"}
{"op_code":5,"worker_id":"1a6df335-b3e2-4bc3-8490-a03bb1a78343-8316722560","trial_id":22,"param_name":"target_sync","param_value_internal":2,"distribution":"{\"name\": \"CategoricalDistribution\", \"attributes\": {\"choices\": [500, 1000, 2000, 5000, 10000]}}"}
{"op_code":5,"worker_id":"1a6df335-b3e2-4bc3-8490-a03bb1a78343-8316722560","trial_id":22,"param_name":"eps_decay_frac","param_value_internal":0.38722066400293836,"distribution":"{\"name\": \"FloatDistribution\", \"attributes\": {\"step\": null, \"low\": 0.1, \"high\": 0.6, \"log\": false}}"}
{"op_code":5,"worker_id":"1a6df335-b3e2-4bc3-8490-a03bb1a78343-8316722560","trial_id":22,"param_name":"reward_scale","param_value_internal":8.74429987741787,"distribution":"{\"name\": \"FloatDistribution\", \"attributes\": {\"step\": null, \"low\": 5.0, \"high\": 80.0, \"log\": true}}"}
{"op_code":5,"worker_id":"1a6df335-b3e2-4bc3-8490-a03bb1a78343-8316722560","trial_id":22,"param_name":"bc_reg","param_value_internal":0.10664593154829388,"distribution":"{\"name\": \"FloatDistribution\", \"attributes\": {\"step\": null, \"low\": 0.0, \"high\": 3.0, \"log\": false}}"}
{"op_code":5,"worker_id":"1a6df335-b3e2-4bc3-8490-a03bb1a78343-8316722560","trial_id":22,"param_name":"bc_reg_decay_frac","param_value_internal":0.5696227263083927,"distribution":"{\"name\": \"FloatDistribution\", \"attributes\": {\"step\": null, \"low\": 0.1, \"high\": 1.0, \"log\": false}}"}
{"op_code":5,"worker_id":"1a6df335-b3e2-4bc3-8490-a03bb1a78343-8316722560","trial_id":22,"param_name":"bc_guide_prob","param_value_internal":0.13916105636878393,"distribution":"{\"name\": \"FloatDistribution\", \"attributes\": {\"step\": null, \"low\": 0.0, \"high\": 1.0, \"log\": false}}"}
{"op_code":8,"worker_id":"1a6df335-b3e2-4bc3-8490-a03bb1a78343-8316722560","trial_id":22,"user_attr":{"tag":"c0ff8efacc4ba"}}
{"op_code":8,"worker_id":"1a6df335-b3e2-4bc3-8490-a03bb1a78343-8316722560","trial_id":22,"user_attr":{"overrides":{"gamma":0.9959043481767683,"bc_reg":0.10664593154829388,"hidden":64,"clone_lr":0.0003072447290580936,"clone_batch":1024,"clone_weight_decay":1e-06,"clone_class_power":0.09069586676111847,"clone_label_smoothing":0.1,"clone_patience":20,"lr":0.00029284239397946724,"n_step":4,"batch":128,"target_sync":2000,"eps_decay_frac":0.38722066400293836,"reward_scale":8.74429987741787,"bc_reg_decay_frac":0.5696227263083927,"bc_guide_prob":0.13916105636878393}}}
{"op_code":7,"worker_id":"1a6df335-b3e2-4bc3-8490-a03bb1a78343-8316722560","trial_id":21,"step":3,"intermediate_value":41.84598366917424}
{"op_code":8,"worker_id":"1a6df335-b3e2-4bc3-8490-a03bb1a78343-8316722560","trial_id":21,"user_attr":{"hh_saving":{"254":39.771219772226544,"185":39.31312181121186,"230":46.453609424084306}}}
{"op_code":8,"worker_id":"1a6df335-b3e2-4bc3-8490-a03bb1a78343-8316722560","trial_id":21,"user_attr":{"val_efc_mean":62.15408928333333}}
{"op_code":8,"worker_id":"1a6df335-b3e2-4bc3-8490-a03bb1a78343-8316722560","trial_id":21,"user_attr":{"converged_share":1.0}}
{"op_code":8,"worker_id":"1a6df335-b3e2-4bc3-8490-a03bb1a78343-8316722560","trial_id":21,"user_attr":{"wall_s":170.0148410797119}}
{"op_code":6,"worker_id":"1a6df335-b3e2-4bc3-8490-a03bb1a78343-8316722560","trial_id":21,"state":2,"values":[41.84598366917424],"datetime_complete":"2026-10-08T05:07:30.157013"}
{"op_code":4,"worker_id":"1a6df335-b3e2-4bc3-8490-a03bb1a78343-8316722560","study_id":0,"datetime_start":"2026-10-08T05:08:03.872593"}
{"op_code":9,"worker_id":"1a6df335-b3e2-4bc3-8490-a03bb1a78343-8316722560","trial_id":23,"system_attr":{"tpe:relative_params:0":"{\"batch\": 128, \"bc_guide_prob\": 0.0801900970361405, \"bc_reg\": 0.2912062337241999, \"bc_reg_decay_frac\": 0.5258826553320936, \"eps_decay_frac\": 0.13805546968564036, \"gamma\": 0.994763599081636, \"lr\": 0.002584203134626583, \"n_step\": 16, \"reward_scale\": 6.689963109214596, \"target_sync\": 2000}"}}
{"op_code":5,"worker_id":"1a6df335-b3e2-4bc3-8490-a03bb1a78343-8316722560","trial_id":23,"param_name":"lr","param_value_internal":0.002584203134626583,"distribution":"{\"name\": \"FloatDistribution\", \"attributes\": {\"step\": null, \"low\": 0.0001, \"high\": 0.003, \"log\": true}}"}
{"op_code":5,"worker_id":"1a6df335-b3e2-4bc3-8490-a03bb1a78343-8316722560","trial_id":23,"param_name":"gamma","param_value_internal":0.994763599081636,"distribution":"{\"name\": \"FloatDistribution\", \"attributes\": {\"step\": null, \"low\": 0.98, \"high\": 0.999, \"log\": false}}"}
{"op_code":5,"worker_id":"1a6df335-b3e2-4bc3-8490-a03bb1a78343-8316722560","trial_id":23,"param_name":"n_step","param_value_internal":4,"distribution":"{\"name\": \"CategoricalDistribution\", \"attributes\": {\"choices\": [1, 2, 4, 8, 16]}}"}
{"op_code":5,"worker_id":"1a6df335-b3e2-4bc3-8490-a03bb1a78343-8316722560","trial_id":23,"param_name":"batch","param_value_internal":1,"distribution":"{\"name\": \"CategoricalDistribution\", \"attributes\": {\"choices\": [64, 128, 256]}}"}
{"op_code":5,"worker_id":"1a6df335-b3e2-4bc3-8490-a03bb1a78343-8316722560","trial_id":23,"param_name":"target_sync","param_value_internal":2,"distribution":"{\"name\": \"CategoricalDistribution\", \"attributes\": {\"choices\": [500, 1000, 2000, 5000, 10000]}}"}
{"op_code":5,"worker_id":"1a6df335-b3e2-4bc3-8490-a03bb1a78343-8316722560","trial_id":23,"param_name":"eps_decay_frac","param_value_internal":0.13805546968564036,"distribution":"{\"name\": \"FloatDistribution\", \"attributes\": {\"step\": null, \"low\": 0.1, \"high\": 0.6, \"log\": false}}"}
{"op_code":5,"worker_id":"1a6df335-b3e2-4bc3-8490-a03bb1a78343-8316722560","trial_id":23,"param_name":"reward_scale","param_value_internal":6.689963109214596,"distribution":"{\"name\": \"FloatDistribution\", \"attributes\": {\"step\": null, \"low\": 5.0, \"high\": 80.0, \"log\": true}}"}
{"op_code":5,"worker_id":"1a6df335-b3e2-4bc3-8490-a03bb1a78343-8316722560","trial_id":23,"param_name":"bc_reg","param_value_internal":0.2912062337241999,"distribution":"{\"name\": \"FloatDistribution\", \"attributes\": {\"step\": null, \"low\": 0.0, \"high\": 3.0, \"log\": false}}"}
{"op_code":5,"worker_id":"1a6df335-b3e2-4bc3-8490-a03bb1a78343-8316722560","trial_id":23,"param_name":"bc_reg_decay_frac","param_value_internal":0.5258826553320936,"distribution":"{\"name\": \"FloatDistribution\", \"attributes\": {\"step\": null, \"low\": 0.1, \"high\": 1.0, \"log\": false}}"}
{"op_code":5,"worker_id":"1a6df335-b3e2-4bc3-8490-a03bb1a78343-8316722560","trial_id":23,"param_name":"bc_guide_prob","param_value_internal":0.0801900970361405,"distribution":"{\"name\": \"FloatDistribution\", \"attributes\": {\"step\": null, \"low\": 0.0, \"high\": 1.0, \"log\": false}}"}
{"op_code":8,"worker_id":"1a6df335-b3e2-4bc3-8490-a03bb1a78343-8316722560","trial_id":23,"user_attr":{"tag":"cf91d4cf1c3ef"}}
{"op_code":8,"worker_id":"1a6df335-b3e2-4bc3-8490-a03bb1a78343-8316722560","trial_id":23,"user_attr":{"overrides":{"gamma":0.994763599081636,"bc_reg":0.2912062337241999,"hidden":64,"clone_lr":0.0003072447290580936,"clone_batch":1024,"clone_weight_decay":1e-06,"clone_class_power":0.09069586676111847,"clone_label_smoothing":0.1,"clone_patience":20,"lr":0.002584203134626583,"n_step":16,"batch":128,"target_sync":2000,"eps_decay_frac":0.13805546968564036,"reward_scale":6.689963109214596,"bc_reg_decay_frac":0.5258826553320936,"bc_guide_prob":0.0801900970361405}}}
{"op_code":7,"worker_id":"1a6df335-b3e2-4bc3-8490-a03bb1a78343-8316722560","trial_id":22,"step":3,"intermediate_value":39.52068913595275}
{"op_code":8,"worker_id":"1a6df335-b3e2-4bc3-8490-a03bb1a78343-8316722560","trial_id":22,"user_attr":{"hh_saving":{"254":38.81770780103417,"185":36.91949767532458,"230":42.824861931499505}}}
{"op_code":8,"worker_id":"1a6df335-b3e2-4bc3-8490-a03bb1a78343-8316722560","trial_id":22,"user_attr":{"val_efc_mean":61.72784781666666}}
{"op_code":8,"worker_id":"1a6df335-b3e2-4bc3-8490-a03bb1a78343-8316722560","trial_id":22,"user_attr":{"converged_share":1.0}}
{"op_code":8,"worker_id":"1a6df335-b3e2-4bc3-8490-a03bb1a78343-8316722560","trial_id":22,"user_attr":{"wall_s":195.58384108543396}}
{"op_code":6,"worker_id":"1a6df335-b3e2-4bc3-8490-a03bb1a78343-8316722560","trial_id":22,"state":2,"values":[39.52068913595275],"datetime_complete":"2026-10-08T05:09:29.318832"}
{"op_code":4,"worker_id":"1a6df335-b3e2-4bc3-8490-a03bb1a78343-8316722560","study_id":0,"datetime_start":"2026-10-08T05:10:22.687165"}
{"op_code":9,"worker_id":"1a6df335-b3e2-4bc3-8490-a03bb1a78343-8316722560","trial_id":24,"system_attr":{"tpe:relative_params:0":"{\"batch\": 256, \"bc_guide_prob\": 0.1158681342611548, \"bc_reg\": 0.4323545753393747, \"bc_reg_decay_frac\": 0.3395655751584191, \"eps_decay_frac\": 0.3940541019495434, \"gamma\": 0.9899146357290145, \"lr\": 0.0014347367339666189, \"n_step\": 8, \"reward_scale\": 5.029061217851748, \"target_sync\": 2000}"}}
{"op_code":5,"worker_id":"1a6df335-b3e2-4bc3-8490-a03bb1a78343-8316722560","trial_id":24,"param_name":"lr","param_value_internal":0.0014347367339666189,"distribution":"{\"name\": \"FloatDistribution\", \"attributes\": {\"step\": null, \"low\": 0.0001, \"high\": 0.003, \"log\": true}}"}
{"op_code":5,"worker_id":"1a6df335-b3e2-4bc3-8490-a03bb1a78343-8316722560","trial_id":24,"param_name":"gamma","param_value_internal":0.9899146357290145,"distribution":"{\"name\": \"FloatDistribution\", \"attributes\": {\"step\": null, \"low\": 0.98, \"high\": 0.999, \"log\": false}}"}
{"op_code":5,"worker_id":"1a6df335-b3e2-4bc3-8490-a03bb1a78343-8316722560","trial_id":24,"param_name":"n_step","param_value_internal":3,"distribution":"{\"name\": \"CategoricalDistribution\", \"attributes\": {\"choices\": [1, 2, 4, 8, 16]}}"}
{"op_code":5,"worker_id":"1a6df335-b3e2-4bc3-8490-a03bb1a78343-8316722560","trial_id":24,"param_name":"batch","param_value_internal":2,"distribution":"{\"name\": \"CategoricalDistribution\", \"attributes\": {\"choices\": [64, 128, 256]}}"}
{"op_code":5,"worker_id":"1a6df335-b3e2-4bc3-8490-a03bb1a78343-8316722560","trial_id":24,"param_name":"target_sync","param_value_internal":2,"distribution":"{\"name\": \"CategoricalDistribution\", \"attributes\": {\"choices\": [500, 1000, 2000, 5000, 10000]}}"}
{"op_code":5,"worker_id":"1a6df335-b3e2-4bc3-8490-a03bb1a78343-8316722560","trial_id":24,"param_name":"eps_decay_frac","param_value_internal":0.3940541019495434,"distribution":"{\"name\": \"FloatDistribution\", \"attributes\": {\"step\": null, \"low\": 0.1, \"high\": 0.6, \"log\": false}}"}
{"op_code":5,"worker_id":"1a6df335-b3e2-4bc3-8490-a03bb1a78343-8316722560","trial_id":24,"param_name":"reward_scale","param_value_internal":5.029061217851748,"distribution":"{\"name\": \"FloatDistribution\", \"attributes\": {\"step\": null, \"low\": 5.0, \"high\": 80.0, \"log\": true}}"}
{"op_code":5,"worker_id":"1a6df335-b3e2-4bc3-8490-a03bb1a78343-8316722560","trial_id":24,"param_name":"bc_reg","param_value_internal":0.4323545753393747,"distribution":"{\"name\": \"FloatDistribution\", \"attributes\": {\"step\": null, \"low\": 0.0, \"high\": 3.0, \"log\": false}}"}
{"op_code":5,"worker_id":"1a6df335-b3e2-4bc3-8490-a03bb1a78343-8316722560","trial_id":24,"param_name":"bc_reg_decay_frac","param_value_internal":0.3395655751584191,"distribution":"{\"name\": \"FloatDistribution\", \"attributes\": {\"step\": null, \"low\": 0.1, \"high\": 1.0, \"log\": false}}"}
{"op_code":5,"worker_id":"1a6df335-b3e2-4bc3-8490-a03bb1a78343-8316722560","trial_id":24,"param_name":"bc_guide_prob","param_value_internal":0.1158681342611548,"distribution":"{\"name\": \"FloatDistribution\", \"attributes\": {\"step\": null, \"low\": 0.0, \"high\": 1.0, \"log\": false}}"}
{"op_code":8,"worker_id":"1a6df335-b3e2-4bc3-8490-a03bb1a78343-8316722560","trial_id":24,"user_attr":{"tag":"cd7146ccfdea3"}}
{"op_code":8,"worker_id":"1a6df335-b3e2-4bc3-8490-a03bb1a78343-8316722560","trial_id":24,"user_attr":{"overrides":{"gamma":0.9899146357290145,"bc_reg":0.4323545753393747,"hidden":64,"clone_lr":0.0003072447290580936,"clone_batch":1024,"clone_weight_decay":1e-06,"clone_class_power":0.09069586676111847,"clone_label_smoothing":0.1,"clone_patience":20,"lr":0.0014347367339666189,"n_step":8,"batch":256,"target_sync":2000,"eps_decay_frac":0.3940541019495434,"reward_scale":5.029061217851748,"bc_reg_decay_frac":0.3395655751584191,"bc_guide_prob":0.1158681342611548}}}
{"op_code":7,"worker_id":"1a6df335-b3e2-4bc3-8490-a03bb1a78343-8316722560","trial_id":23,"step":3,"intermediate_value":42.22507384491271}
{"op_code":8,"worker_id":"1a6df335-b3e2-4bc3-8490-a03bb1a78343-8316722560","trial_id":23,"user_attr":{"hh_saving":{"254":42.62202506029224,"185":38.98594575811479,"230":45.0672507163311}}}
{"op_code":8,"worker_id":"1a6df335-b3e2-4bc3-8490-a03bb1a78343-8316722560","trial_id":23,"user_attr":{"val_efc_mean":64.87823589999999}}
{"op_code":8,"worker_id":"1a6df335-b3e2-4bc3-8490-a03bb1a78343-8316722560","trial_id":23,"user_attr":{"converged_share":1.0}}
{"op_code":8,"worker_id":"1a6df335-b3e2-4bc3-8490-a03bb1a78343-8316722560","trial_id":23,"user_attr":{"wall_s":189.98809909820557}}
{"op_code":6,"worker_id":"1a6df335-b3e2-4bc3-8490-a03bb1a78343-8316722560","trial_id":23,"state":2,"values":[42.22507384491271],"datetime_complete":"2026-10-08T05:11:13.868379"}
{"op_code":4,"worker_id":"1a6df335-b3e2-4bc3-8490-a03bb1a78343-8316722560","study_id":0,"datetime_start":"2026-10-08T05:13:21.639034"}
{"op_code":9,"worker_id":"1a6df335-b3e2-4bc3-8490-a03bb1a78343-8316722560","trial_id":25,"system_attr":{"tpe:relative_params:0":"{\"batch\": 64, \"bc_guide_prob\": 0.030962431548542002, \"bc_reg\": 0.5681956434263291, \"bc_reg_decay_frac\": 0.10004330100649764, \"eps_decay_frac\": 0.214916812205932, \"gamma\": 0.982805653079902, \"lr\": 0.0001452986144537382, \"n_step\": 4, \"reward_scale\": 8.901721692185271, \"target_sync\": 1000}"}}
{"op_code":5,"worker_id":"1a6df335-b3e2-4bc3-8490-a03bb1a78343-8316722560","trial_id":25,"param_name":"lr","param_value_internal":0.0001452986144537382,"distribution":"{\"name\": \"FloatDistribution\", \"attributes\": {\"step\": null, \"low\": 0.0001, \"high\": 0.003, \"log\": true}}"}
{"op_code":5,"worker_id":"1a6df335-b3e2-4bc3-8490-a03bb1a78343-8316722560","trial_id":25,"param_name":"gamma","param_value_internal":0.982805653079902,"distribution":"{\"name\": \"FloatDistribution\", \"attributes\": {\"step\": null, \"low\": 0.98, \"high\": 0.999, \"log\": false}}"}
{"op_code":5,"worker_id":"1a6df335-b3e2-4bc3-8490-a03bb1a78343-8316722560","trial_id":25,"param_name":"n_step","param_value_internal":2,"distribution":"{\"name\": \"CategoricalDistribution\", \"attributes\": {\"choices\": [1, 2, 4, 8, 16]}}"}
{"op_code":5,"worker_id":"1a6df335-b3e2-4bc3-8490-a03bb1a78343-8316722560","trial_id":25,"param_name":"batch","param_value_internal":0,"distribution":"{\"name\": \"CategoricalDistribution\", \"attributes\": {\"choices\": [64, 128, 256]}}"}
{"op_code":5,"worker_id":"1a6df335-b3e2-4bc3-8490-a03bb1a78343-8316722560","trial_id":25,"param_name":"target_sync","param_value_internal":1,"distribution":"{\"name\": \"CategoricalDistribution\", \"attributes\": {\"choices\": [500, 1000, 2000, 5000, 10000]}}"}
{"op_code":5,"worker_id":"1a6df335-b3e2-4bc3-8490-a03bb1a78343-8316722560","trial_id":25,"param_name":"eps_decay_frac","param_value_internal":0.214916812205932,"distribution":"{\"name\": \"FloatDistribution\", \"attributes\": {\"step\": null, \"low\": 0.1, \"high\": 0.6, \"log\": false}}"}
{"op_code":5,"worker_id":"1a6df335-b3e2-4bc3-8490-a03bb1a78343-8316722560","trial_id":25,"param_name":"reward_scale","param_value_internal":8.901721692185271,"distribution":"{\"name\": \"FloatDistribution\", \"attributes\": {\"step\": null, \"low\": 5.0, \"high\": 80.0, \"log\": true}}"}
{"op_code":5,"worker_id":"1a6df335-b3e2-4bc3-8490-a03bb1a78343-8316722560","trial_id":25,"param_name":"bc_reg","param_value_internal":0.5681956434263291,"distribution":"{\"name\": \"FloatDistribution\", \"attributes\": {\"step\": null, \"low\": 0.0, \"high\": 3.0, \"log\": false}}"}
{"op_code":5,"worker_id":"1a6df335-b3e2-4bc3-8490-a03bb1a78343-8316722560","trial_id":25,"param_name":"bc_reg_decay_frac","param_value_internal":0.10004330100649764,"distribution":"{\"name\": \"FloatDistribution\", \"attributes\": {\"step\": null, \"low\": 0.1, \"high\": 1.0, \"log\": false}}"}
{"op_code":5,"worker_id":"1a6df335-b3e2-4bc3-8490-a03bb1a78343-8316722560","trial_id":25,"param_name":"bc_guide_prob","param_value_internal":0.030962431548542002,"distribution":"{\"name\": \"FloatDistribution\", \"attributes\": {\"step\": null, \"low\": 0.0, \"high\": 1.0, \"log\": false}}"}
{"op_code":8,"worker_id":"1a6df335-b3e2-4bc3-8490-a03bb1a78343-8316722560","trial_id":25,"user_attr":{"tag":"c3b4726b61fc6"}}
{"op_code":8,"worker_id":"1a6df335-b3e2-4bc3-8490-a03bb1a78343-8316722560","trial_id":25,"user_attr":{"overrides":{"gamma":0.982805653079902,"bc_reg":0.5681956434263291,"hidden":64,"clone_lr":0.0003072447290580936,"clone_batch":1024,"clone_weight_decay":1e-06,"clone_class_power":0.09069586676111847,"clone_label_smoothing":0.1,"clone_patience":20,"lr":0.0001452986144537382,"n_step":4,"batch":64,"target_sync":1000,"eps_decay_frac":0.214916812205932,"reward_scale":8.901721692185271,"bc_reg_decay_frac":0.10004330100649764,"bc_guide_prob":0.030962431548542002}}}
{"op_code":7,"worker_id":"1a6df335-b3e2-4bc3-8490-a03bb1a78343-8316722560","trial_id":24,"step":3,"intermediate_value":42.66574648151137}
{"op_code":8,"worker_id":"1a6df335-b3e2-4bc3-8490-a03bb1a78343-8316722560","trial_id":24,"user_attr":{"hh_saving":{"254":42.460912765133436,"185":39.223400892519805,"230":46.31292578688086}}}
{"op_code":8,"worker_id":"1a6df335-b3e2-4bc3-8490-a03bb1a78343-8316722560","trial_id":24,"user_attr":{"val_efc_mean":68.02492008333333}}
{"op_code":8,"worker_id":"1a6df335-b3e2-4bc3-8490-a03bb1a78343-8316722560","trial_id":24,"user_attr":{"converged_share":1.0}}
{"op_code":8,"worker_id":"1a6df335-b3e2-4bc3-8490-a03bb1a78343-8316722560","trial_id":24,"user_attr":{"wall_s":252.76010584831238}}
{"op_code":6,"worker_id":"1a6df335-b3e2-4bc3-8490-a03bb1a78343-8316722560","trial_id":24,"state":2,"values":[42.66574648151137],"datetime_complete":"2026-10-08T05:14:35.454803"}
{"op_code":4,"worker_id":"1a6df335-b3e2-4bc3-8490-a03bb1a78343-8316722560","study_id":0,"datetime_start":"2026-10-08T05:15:31.451507"}
{"op_code":9,"worker_id":"1a6df335-b3e2-4bc3-8490-a03bb1a78343-8316722560","trial_id":26,"system_attr":{"tpe:relative_params:0":"{\"batch\": 64, \"bc_guide_prob\": 0.0763154624797123, \"bc_reg\": 1.0618817566487828, \"bc_reg_decay_frac\": 0.6269663712974978, \"eps_decay_frac\": 0.301712647867418, \"gamma\": 0.9948515172783527, \"lr\": 0.0007932861992892349, \"n_step\": 8, \"reward_scale\": 13.540019063338253, \"target_sync\": 500}"}}
{"op_code":5,"worker_id":"1a6df335-b3e2-4bc3-8490-a03bb1a78343-8316722560","trial_id":26,"param_name":"lr","param_value_internal":0.0007932861992892349,"distribution":"{\"name\": \"FloatDistribution\", \"attributes\": {\"step\": null, \"low\": 0.0001, \"high\": 0.003, \"log\": true}}"}
{"op_code":5,"worker_id":"1a6df335-b3e2-4bc3-8490-a03bb1a78343-8316722560","trial_id":26,"param_name":"gamma","param_value_internal":0.9948515172783527,"distribution":"{\"name\": \"FloatDistribution\", \"attributes\": {\"step\": null, \"low\": 0.98, \"high\": 0.999, \"log\": false}}"}
{"op_code":5,"worker_id":"1a6df335-b3e2-4bc3-8490-a03bb1a78343-8316722560","trial_id":26,"param_name":"n_step","param_value_internal":3,"distribution":"{\"name\": \"CategoricalDistribution\", \"attributes\": {\"choices\": [1, 2, 4, 8, 16]}}"}
{"op_code":5,"worker_id":"1a6df335-b3e2-4bc3-8490-a03bb1a78343-8316722560","trial_id":26,"param_name":"batch","param_value_internal":0,"distribution":"{\"name\": \"CategoricalDistribution\", \"attributes\": {\"choices\": [64, 128, 256]}}"}
{"op_code":5,"worker_id":"1a6df335-b3e2-4bc3-8490-a03bb1a78343-8316722560","trial_id":26,"param_name":"target_sync","param_value_internal":0,"distribution":"{\"name\": \"CategoricalDistribution\", \"attributes\": {\"choices\": [500, 1000, 2000, 5000, 10000]}}"}
{"op_code":5,"worker_id":"1a6df335-b3e2-4bc3-8490-a03bb1a78343-8316722560","trial_id":26,"param_name":"eps_decay_frac","param_value_internal":0.301712647867418,"distribution":"{\"name\": \"FloatDistribution\", \"attributes\": {\"step\": null, \"low\": 0.1, \"high\": 0.6, \"log\": false}}"}
{"op_code":5,"worker_id":"1a6df335-b3e2-4bc3-8490-a03bb1a78343-8316722560","trial_id":26,"param_name":"reward_scale","param_value_internal":13.540019063338253,"distribution":"{\"name\": \"FloatDistribution\", \"attributes\": {\"step\": null, \"low\": 5.0, \"high\": 80.0, \"log\": true}}"}
{"op_code":5,"worker_id":"1a6df335-b3e2-4bc3-8490-a03bb1a78343-8316722560","trial_id":26,"param_name":"bc_reg","param_value_internal":1.0618817566487828,"distribution":"{\"name\": \"FloatDistribution\", \"attributes\": {\"step\": null, \"low\": 0.0, \"high\": 3.0, \"log\": false}}"}
{"op_code":5,"worker_id":"1a6df335-b3e2-4bc3-8490-a03bb1a78343-8316722560","trial_id":26,"param_name":"bc_reg_decay_frac","param_value_internal":0.6269663712974978,"distribution":"{\"name\": \"FloatDistribution\", \"attributes\": {\"step\": null, \"low\": 0.1, \"high\": 1.0, \"log\": false}}"}
{"op_code":5,"worker_id":"1a6df335-b3e2-4bc3-8490-a03bb1a78343-8316722560","trial_id":26,"param_name":"bc_guide_prob","param_value_internal":0.0763154624797123,"distribution":"{\"name\": \"FloatDistribution\", \"attributes\": {\"step\": null, \"low\": 0.0, \"high\": 1.0, \"log\": false}}"}
{"op_code":8,"worker_id":"1a6df335-b3e2-4bc3-8490-a03bb1a78343-8316722560","trial_id":26,"user_attr":{"tag":"c05405578c9c4"}}
{"op_code":8,"worker_id":"1a6df335-b3e2-4bc3-8490-a03bb1a78343-8316722560","trial_id":26,"user_attr":{"overrides":{"gamma":0.9948515172783527,"bc_reg":1.0618817566487828,"hidden":64,"clone_lr":0.0003072447290580936,"clone_batch":1024,"clone_weight_decay":1e-06,"clone_class_power":0.09069586676111847,"clone_label_smoothing":0.1,"clone_patience":20,"lr":0.0007932861992892349,"n_step":8,"batch":64,"target_sync":500,"eps_decay_frac":0.301712647867418,"reward_scale":13.540019063338253,"bc_reg_decay_frac":0.6269663712974978,"bc_guide_prob":0.0763154624797123}}}
{"op_code":7,"worker_id":"1a6df335-b3e2-4bc3-8490-a03bb1a78343-8316722560","trial_id":25,"step":3,"intermediate_value":41.336867628318515}
{"op_code":8,"worker_id":"1a6df335-b3e2-4bc3-8490-a03bb1a78343-8316722560","trial_id":25,"user_attr":{"hh_saving":{"254":40.63325639745516,"185":38.01780670113025,"230":45.35953978637014}}}
{"op_code":8,"worker_id":"1a6df335-b3e2-4bc3-8490-a03bb1a78343-8316722560","trial_id":25,"user_attr":{"val_efc_mean":65.74584058333333}}
{"op_code":8,"worker_id":"1a6df335-b3e2-4bc3-8490-a03bb1a78343-8316722560","trial_id":25,"user_attr":{"converged_share":1.0}}
{"op_code":8,"worker_id":"1a6df335-b3e2-4bc3-8490-a03bb1a78343-8316722560","trial_id":25,"user_attr":{"wall_s":171.64513301849365}}
{"op_code":6,"worker_id":"1a6df335-b3e2-4bc3-8490-a03bb1a78343-8316722560","trial_id":25,"state":2,"values":[41.336867628318515],"datetime_complete":"2026-10-08T05:16:13.291721"}
{"op_code":4,"worker_id":"1a6df335-b3e2-4bc3-8490-a03bb1a78343-8316722560","study_id":0,"datetime_start":"2026-10-08T05:17:01.580539"}
{"op_code":9,"worker_id":"1a6df335-b3e2-4bc3-8490-a03bb1a78343-8316722560","trial_id":27,"system_attr":{"tpe:relative_params:0":"{\"batch\": 128, \"bc_guide_prob\": 0.5896494992542853, \"bc_reg\": 0.8371742344557791, \"bc_reg_decay_frac\": 0.6372924766487963, \"eps_decay_frac\": 0.2616968049437923, \"gamma\": 0.9979746490571836, \"lr\": 0.00043612166043261504, \"n_step\": 8, \"reward_scale\": 13.187370787860226, \"target_sync\": 1000}"}}
{"op_code":5,"worker_id":"1a6df335-b3e2-4bc3-8490-a03bb1a78343-8316722560","trial_id":27,"param_name":"lr","param_value_internal":0.00043612166043261504,"distribution":"{\"name\": \"FloatDistribution\", \"attributes\": {\"step\": null, \"low\": 0.0001, \"high\": 0.003, \"log\": true}}"}
{"op_code":5,"worker_id":"1a6df335-b3e2-4bc3-8490-a03bb1a78343-8316722560","trial_id":27,"param_name":"gamma","param_value_internal":0.9979746490571836,"distribution":"{\"name\": \"FloatDistribution\", \"attributes\": {\"step\": null, \"low\": 0.98, \"high\": 0.999, \"log\": false}}"}
{"op_code":5,"worker_id":"1a6df335-b3e2-4bc3-8490-a03bb1a78343-8316722560","trial_id":27,"param_name":"n_step","param_value_internal":3,"distribution":"{\"name\": \"CategoricalDistribution\", \"attributes\": {\"choices\": [1, 2, 4, 8, 16]}}"}
{"op_code":5,"worker_id":"1a6df335-b3e2-4bc3-8490-a03bb1a78343-8316722560","trial_id":27,"param_name":"batch","param_value_internal":1,"distribution":"{\"name\": \"CategoricalDistribution\", \"attributes\": {\"choices\": [64, 128, 256]}}"}
{"op_code":5,"worker_id":"1a6df335-b3e2-4bc3-8490-a03bb1a78343-8316722560","trial_id":27,"param_name":"target_sync","param_value_internal":1,"distribution":"{\"name\": \"CategoricalDistribution\", \"attributes\": {\"choices\": [500, 1000, 2000, 5000, 10000]}}"}
{"op_code":5,"worker_id":"1a6df335-b3e2-4bc3-8490-a03bb1a78343-8316722560","trial_id":27,"param_name":"eps_decay_frac","param_value_internal":0.2616968049437923,"distribution":"{\"name\": \"FloatDistribution\", \"attributes\": {\"step\": null, \"low\": 0.1, \"high\": 0.6, \"log\": false}}"}
{"op_code":5,"worker_id":"1a6df335-b3e2-4bc3-8490-a03bb1a78343-8316722560","trial_id":27,"param_name":"reward_scale","param_value_internal":13.187370787860226,"distribution":"{\"name\": \"FloatDistribution\", \"attributes\": {\"step\": null, \"low\": 5.0, \"high\": 80.0, \"log\": true}}"}
{"op_code":5,"worker_id":"1a6df335-b3e2-4bc3-8490-a03bb1a78343-8316722560","trial_id":27,"param_name":"bc_reg","param_value_internal":0.8371742344557791,"distribution":"{\"name\": \"FloatDistribution\", \"attributes\": {\"step\": null, \"low\": 0.0, \"high\": 3.0, \"log\": false}}"}
{"op_code":5,"worker_id":"1a6df335-b3e2-4bc3-8490-a03bb1a78343-8316722560","trial_id":27,"param_name":"bc_reg_decay_frac","param_value_internal":0.6372924766487963,"distribution":"{\"name\": \"FloatDistribution\", \"attributes\": {\"step\": null, \"low\": 0.1, \"high\": 1.0, \"log\": false}}"}
{"op_code":5,"worker_id":"1a6df335-b3e2-4bc3-8490-a03bb1a78343-8316722560","trial_id":27,"param_name":"bc_guide_prob","param_value_internal":0.5896494992542853,"distribution":"{\"name\": \"FloatDistribution\", \"attributes\": {\"step\": null, \"low\": 0.0, \"high\": 1.0, \"log\": false}}"}
{"op_code":8,"worker_id":"1a6df335-b3e2-4bc3-8490-a03bb1a78343-8316722560","trial_id":27,"user_attr":{"tag":"c0534b549b2be"}}
{"op_code":8,"worker_id":"1a6df335-b3e2-4bc3-8490-a03bb1a78343-8316722560","trial_id":27,"user_attr":{"overrides":{"gamma":0.9979746490571836,"bc_reg":0.8371742344557791,"hidden":64,"clone_lr":0.0003072447290580936,"clone_batch":1024,"clone_weight_decay":1e-06,"clone_class_power":0.09069586676111847,"clone_label_smoothing":0.1,"clone_patience":20,"lr":0.00043612166043261504,"n_step":8,"batch":128,"target_sync":1000,"eps_decay_frac":0.2616968049437923,"reward_scale":13.187370787860226,"bc_reg_decay_frac":0.6372924766487963,"bc_guide_prob":0.5896494992542853}}}
{"op_code":7,"worker_id":"1a6df335-b3e2-4bc3-8490-a03bb1a78343-8316722560","trial_id":26,"step":3,"intermediate_value":42.49065524681081}
{"op_code":8,"worker_id":"1a6df335-b3e2-4bc3-8490-a03bb1a78343-8316722560","trial_id":26,"user_attr":{"hh_saving":{"254":42.72446776085686,"185":39.38321519983168,"230":45.36428277974388}}}
{"op_code":8,"worker_id":"1a6df335-b3e2-4bc3-8490-a03bb1a78343-8316722560","trial_id":26,"user_attr":{"val_efc_mean":67.62549888333332}}
{"op_code":8,"worker_id":"1a6df335-b3e2-4bc3-8490-a03bb1a78343-8316722560","trial_id":26,"user_attr":{"converged_share":1.0}}
{"op_code":8,"worker_id":"1a6df335-b3e2-4bc3-8490-a03bb1a78343-8316722560","trial_id":26,"user_attr":{"wall_s":171.769593000412}}
{"op_code":6,"worker_id":"1a6df335-b3e2-4bc3-8490-a03bb1a78343-8316722560","trial_id":26,"state":2,"values":[42.49065524681081],"datetime_complete":"2026-10-08T05:18:23.227703"}
{"op_code":4,"worker_id":"1a6df335-b3e2-4bc3-8490-a03bb1a78343-8316722560","study_id":0,"datetime_start":"2026-10-08T05:18:32.867858"}
{"op_code":9,"worker_id":"1a6df335-b3e2-4bc3-8490-a03bb1a78343-8316722560","trial_id":28,"system_attr":{"tpe:relative_params:0":"{\"batch\": 128, \"bc_guide_prob\": 0.5102643182710133, \"bc_reg\": 0.04158707161258901, \"bc_reg_decay_frac\": 0.13069663371524096, \"eps_decay_frac\": 0.3241653274102906, \"gamma\": 0.9822303504862528, \"lr\": 0.00046929139684554014, \"n_step\": 16, \"reward_scale\": 13.818262253765765, \"target_sync\": 1000}"}}
{"op_code":5,"worker_id":"1a6df335-b3e2-4bc3-8490-a03bb1a78343-8316722560","trial_id":28,"param_name":"lr","param_value_internal":0.00046929139684554014,"distribution":"{\"name\": \"FloatDistribution\", \"attributes\": {\"step\": null, \"low\": 0.0001, \"high\": 0.003, \"log\": true}}"}
{"op_code":5,"worker_id":"1a6df335-b3e2-4bc3-8490-a03bb1a78343-8316722560","trial_id":28,"param_name":"gamma","param_value_internal":0.9822303504862528,"distribution":"{\"name\": \"FloatDistribution\", \"attributes\": {\"step\": null, \"low\": 0.98, \"high\": 0.999, \"log\": false}}"}
{"op_code":5,"worker_id":"1a6df335-b3e2-4bc3-8490-a03bb1a78343-8316722560","trial_id":28,"param_name":"n_step","param_value_internal":4,"distribution":"{\"name\": \"CategoricalDistribution\", \"attributes\": {\"choices\": [1, 2, 4, 8, 16]}}"}
{"op_code":5,"worker_id":"1a6df335-b3e2-4bc3-8490-a03bb1a78343-8316722560","trial_id":28,"param_name":"batch","param_value_internal":1,"distribution":"{\"name\": \"CategoricalDistribution\", \"attributes\": {\"choices\": [64, 128, 256]}}"}
{"op_code":5,"worker_id":"1a6df335-b3e2-4bc3-8490-a03bb1a78343-8316722560","trial_id":28,"param_name":"target_sync","param_value_internal":1,"distribution":"{\"name\": \"CategoricalDistribution\", \"attributes\": {\"choices\": [500, 1000, 2000, 5000, 10000]}}"}
{"op_code":5,"worker_id":"1a6df335-b3e2-4bc3-8490-a03bb1a78343-8316722560","trial_id":28,"param_name":"eps_decay_frac","param_value_internal":0.3241653274102906,"distribution":"{\"name\": \"FloatDistribution\", \"attributes\": {\"step\": null, \"low\": 0.1, \"high\": 0.6, \"log\": false}}"}
{"op_code":5,"worker_id":"1a6df335-b3e2-4bc3-8490-a03bb1a78343-8316722560","trial_id":28,"param_name":"reward_scale","param_value_internal":13.818262253765765,"distribution":"{\"name\": \"FloatDistribution\", \"attributes\": {\"step\": null, \"low\": 5.0, \"high\": 80.0, \"log\": true}}"}
{"op_code":5,"worker_id":"1a6df335-b3e2-4bc3-8490-a03bb1a78343-8316722560","trial_id":28,"param_name":"bc_reg","param_value_internal":0.04158707161258901,"distribution":"{\"name\": \"FloatDistribution\", \"attributes\": {\"step\": null, \"low\": 0.0, \"high\": 3.0, \"log\": false}}"}
{"op_code":5,"worker_id":"1a6df335-b3e2-4bc3-8490-a03bb1a78343-8316722560","trial_id":28,"param_name":"bc_reg_decay_frac","param_value_internal":0.13069663371524096,"distribution":"{\"name\": \"FloatDistribution\", \"attributes\": {\"step\": null, \"low\": 0.1, \"high\": 1.0, \"log\": false}}"}
{"op_code":5,"worker_id":"1a6df335-b3e2-4bc3-8490-a03bb1a78343-8316722560","trial_id":28,"param_name":"bc_guide_prob","param_value_internal":0.5102643182710133,"distribution":"{\"name\": \"FloatDistribution\", \"attributes\": {\"step\": null, \"low\": 0.0, \"high\": 1.0, \"log\": false}}"}
{"op_code":8,"worker_id":"1a6df335-b3e2-4bc3-8490-a03bb1a78343-8316722560","trial_id":28,"user_attr":{"tag":"cfa3866435384"}}
{"op_code":8,"worker_id":"1a6df335-b3e2-4bc3-8490-a03bb1a78343-8316722560","trial_id":28,"user_attr":{"overrides":{"gamma":0.9822303504862528,"bc_reg":0.04158707161258901,"hidden":64,"clone_lr":0.0003072447290580936,"clone_batch":1024,"clone_weight_decay":1e-06,"clone_class_power":0.09069586676111847,"clone_label_smoothing":0.1,"clone_patience":20,"lr":0.00046929139684554014,"n_step":16,"batch":128,"target_sync":1000,"eps_decay_frac":0.3241653274102906,"reward_scale":13.818262253765765,"bc_reg_decay_frac":0.13069663371524096,"bc_guide_prob":0.5102643182710133}}}
{"op_code":7,"worker_id":"1a6df335-b3e2-4bc3-8490-a03bb1a78343-8316722560","trial_id":27,"step":3,"intermediate_value":43.19828445293732}
{"op_code":7,"worker_id":"1a6df335-b3e2-4bc3-8490-a03bb1a78343-8316722560","trial_id":28,"step":3,"intermediate_value":26.676212138463836}
{"op_code":8,"worker_id":"1a6df335-b3e2-4bc3-8490-a03bb1a78343-8316722560","trial_id":28,"user_attr":{"hh_saving":{"254":29.702043051743306,"185":21.578336277392776,"230":28.74825708625542}}}
{"op_code":8,"worker_id":"1a6df335-b3e2-4bc3-8490-a03bb1a78343-8316722560","trial_id":28,"user_attr":{"val_efc_mean":33.589264933333325}}
{"op_code":8,"worker_id":"1a6df335-b3e2-4bc3-8490-a03bb1a78343-8316722560","trial_id":28,"user_attr":{"converged_share":0.6666666666666666}}
{"op_code":8,"worker_id":"1a6df335-b3e2-4bc3-8490-a03bb1a78343-8316722560","trial_id":28,"user_attr":{"wall_s":230.47134804725647}}
{"op_code":6,"worker_id":"1a6df335-b3e2-4bc3-8490-a03bb1a78343-8316722560","trial_id":28,"state":2,"values":[26.676212138463836],"datetime_complete":"2026-10-08T05:22:23.347575"}
{"op_code":4,"worker_id":"1a6df335-b3e2-4bc3-8490-a03bb1a78343-8316722560","study_id":0,"datetime_start":"2026-10-08T05:24:23.471351"}
{"op_code":9,"worker_id":"1a6df335-b3e2-4bc3-8490-a03bb1a78343-8316722560","trial_id":29,"system_attr":{"tpe:relative_params:0":"{\"batch\": 128, \"bc_guide_prob\": 0.3269630929956284, \"bc_reg\": 1.430757454099786, \"bc_reg_decay_frac\": 0.5788437417113053, \"eps_decay_frac\": 0.33106058915383996, \"gamma\": 0.9922526563516997, \"lr\": 0.0016747003125555187, \"n_step\": 4, \"reward_scale\": 11.206440555280166, \"target_sync\": 2000}"}}
{"op_code":5,"worker_id":"1a6df335-b3e2-4bc3-8490-a03bb1a78343-8316722560","trial_id":29,"param_name":"lr","param_value_internal":0.0016747003125555187,"distribution":"{\"name\": \"FloatDistribution\", \"attributes\": {\"step\": null, \"low\": 0.0001, \"high\": 0.003, \"log\": true}}"}
{"op_code":5,"worker_id":"1a6df335-b3e2-4bc3-8490-a03bb1a78343-8316722560","trial_id":29,"param_name":"gamma","param_value_internal":0.9922526563516997,"distribution":"{\"name\": \"FloatDistribution\", \"attributes\": {\"step\": null, \"low\": 0.98, \"high\": 0.999, \"log\": false}}"}
{"op_code":5,"worker_id":"1a6df335-b3e2-4bc3-8490-a03bb1a78343-8316722560","trial_id":29,"param_name":"n_step","param_value_internal":2,"distribution":"{\"name\": \"CategoricalDistribution\", \"attributes\": {\"choices\": [1, 2, 4, 8, 16]}}"}
{"op_code":5,"worker_id":"1a6df335-b3e2-4bc3-8490-a03bb1a78343-8316722560","trial_id":29,"param_name":"batch","param_value_internal":1,"distribution":"{\"name\": \"CategoricalDistribution\", \"attributes\": {\"choices\": [64, 128, 256]}}"}
{"op_code":5,"worker_id":"1a6df335-b3e2-4bc3-8490-a03bb1a78343-8316722560","trial_id":29,"param_name":"target_sync","param_value_internal":2,"distribution":"{\"name\": \"CategoricalDistribution\", \"attributes\": {\"choices\": [500, 1000, 2000, 5000, 10000]}}"}
{"op_code":5,"worker_id":"1a6df335-b3e2-4bc3-8490-a03bb1a78343-8316722560","trial_id":29,"param_name":"eps_decay_frac","param_value_internal":0.33106058915383996,"distribution":"{\"name\": \"FloatDistribution\", \"attributes\": {\"step\": null, \"low\": 0.1, \"high\": 0.6, \"log\": false}}"}
{"op_code":5,"worker_id":"1a6df335-b3e2-4bc3-8490-a03bb1a78343-8316722560","trial_id":29,"param_name":"reward_scale","param_value_internal":11.206440555280166,"distribution":"{\"name\": \"FloatDistribution\", \"attributes\": {\"step\": null, \"low\": 5.0, \"high\": 80.0, \"log\": true}}"}
{"op_code":5,"worker_id":"1a6df335-b3e2-4bc3-8490-a03bb1a78343-8316722560","trial_id":29,"param_name":"bc_reg","param_value_internal":1.430757454099786,"distribution":"{\"name\": \"FloatDistribution\", \"attributes\": {\"step\": null, \"low\": 0.0, \"high\": 3.0, \"log\": false}}"}
{"op_code":5,"worker_id":"1a6df335-b3e2-4bc3-8490-a03bb1a78343-8316722560","trial_id":29,"param_name":"bc_reg_decay_frac","param_value_internal":0.5788437417113053,"distribution":"{\"name\": \"FloatDistribution\", \"attributes\": {\"step\": null, \"low\": 0.1, \"high\": 1.0, \"log\": false}}"}
{"op_code":5,"worker_id":"1a6df335-b3e2-4bc3-8490-a03bb1a78343-8316722560","trial_id":29,"param_name":"bc_guide_prob","param_value_internal":0.3269630929956284,"distribution":"{\"name\": \"FloatDistribution\", \"attributes\": {\"step\": null, \"low\": 0.0, \"high\": 1.0, \"log\": false}}"}
{"op_code":8,"worker_id":"1a6df335-b3e2-4bc3-8490-a03bb1a78343-8316722560","trial_id":29,"user_attr":{"tag":"cb526c345da6f"}}
{"op_code":8,"worker_id":"1a6df335-b3e2-4bc3-8490-a03bb1a78343-8316722560","trial_id":29,"user_attr":{"overrides":{"gamma":0.9922526563516997,"bc_reg":1.430757454099786,"hidden":64,"clone_lr":0.0003072447290580936,"clone_batch":1024,"clone_weight_decay":1e-06,"clone_class_power":0.09069586676111847,"clone_label_smoothing":0.1,"clone_patience":20,"lr":0.0016747003125555187,"n_step":4,"batch":128,"target_sync":2000,"eps_decay_frac":0.33106058915383996,"reward_scale":11.206440555280166,"bc_reg_decay_frac":0.5788437417113053,"bc_guide_prob":0.3269630929956284}}}
{"op_code":7,"worker_id":"1a6df335-b3e2-4bc3-8490-a03bb1a78343-8316722560","trial_id":27,"step":8,"intermediate_value":48.931337941209875}
{"op_code":8,"worker_id":"1a6df335-b3e2-4bc3-8490-a03bb1a78343-8316722560","trial_id":27,"user_attr":{"hh_saving":{"254":44.48728092952703,"185":39.667651253707156,"230":45.43992117557778,"266":49.07210708076639,"145":47.64848244293341,"229":49.251720907978765,"300":69.69477946993374,"69":46.18876026925474}}}
{"op_code":8,"worker_id":"1a6df335-b3e2-4bc3-8490-a03bb1a78343-8316722560","trial_id":27,"user_attr":{"val_efc_mean":62.756387312499996}}
{"op_code":8,"worker_id":"1a6df335-b3e2-4bc3-8490-a03bb1a78343-8316722560","trial_id":27,"user_attr":{"converged_share":1.0}}
{"op_code":8,"worker_id":"1a6df335-b3e2-4bc3-8490-a03bb1a78343-8316722560","trial_id":27,"user_attr":{"wall_s":500.58829712867737}}
{"op_code":6,"worker_id":"1a6df335-b3e2-4bc3-8490-a03bb1a78343-8316722560","trial_id":27,"state":1,"values":[48.931337941209875],"datetime_complete":"2026-10-08T05:25:22.176041"}
{"op_code":4,"worker_id":"1a6df335-b3e2-4bc3-8490-a03bb1a78343-8316722560","study_id":0,"datetime_start":"2026-10-08T05:26:43.777650"}
{"op_code":9,"worker_id":"1a6df335-b3e2-4bc3-8490-a03bb1a78343-8316722560","trial_id":30,"system_attr":{"tpe:relative_params:0":"{\"batch\": 128, \"bc_guide_prob\": 0.2489336114094407, \"bc_reg\": 0.5054909274989747, \"bc_reg_decay_frac\": 0.5189089829912733, \"eps_decay_frac\": 0.29482733555240354, \"gamma\": 0.990301749851642, \"lr\": 0.0007742165610149796, \"n_step\": 8, \"reward_scale\": 14.64186527181274, \"target_sync\": 2000}"}}
{"op_code":5,"worker_id":"1a6df335-b3e2-4bc3-8490-a03bb1a78343-8316722560","trial_id":30,"param_name":"lr","param_value_internal":0.0007742165610149796,"distribution":"{\"name\": \"FloatDistribution\", \"attributes\": {\"step\": null, \"low\": 0.0001, \"high\": 0.003, \"log\": true}}"}
{"op_code":5,"worker_id":"1a6df335-b3e2-4bc3-8490-a03bb1a78343-8316722560","trial_id":30,"param_name":"gamma","param_value_internal":0.990301749851642,"distribution":"{\"name\": \"FloatDistribution\", \"attributes\": {\"step\": null, \"low\": 0.98, \"high\": 0.999, \"log\": false}}"}
{"op_code":5,"worker_id":"1a6df335-b3e2-4bc3-8490-a03bb1a78343-8316722560","trial_id":30,"param_name":"n_step","param_value_internal":3,"distribution":"{\"name\": \"CategoricalDistribution\", \"attributes\": {\"choices\": [1, 2, 4, 8, 16]}}"}
{"op_code":5,"worker_id":"1a6df335-b3e2-4bc3-8490-a03bb1a78343-8316722560","trial_id":30,"param_name":"batch","param_value_internal":1,"distribution":"{\"name\": \"CategoricalDistribution\", \"attributes\": {\"choices\": [64, 128, 256]}}"}
{"op_code":5,"worker_id":"1a6df335-b3e2-4bc3-8490-a03bb1a78343-8316722560","trial_id":30,"param_name":"target_sync","param_value_internal":2,"distribution":"{\"name\": \"CategoricalDistribution\", \"attributes\": {\"choices\": [500, 1000, 2000, 5000, 10000]}}"}
{"op_code":5,"worker_id":"1a6df335-b3e2-4bc3-8490-a03bb1a78343-8316722560","trial_id":30,"param_name":"eps_decay_frac","param_value_internal":0.29482733555240354,"distribution":"{\"name\": \"FloatDistribution\", \"attributes\": {\"step\": null, \"low\": 0.1, \"high\": 0.6, \"log\": false}}"}
{"op_code":5,"worker_id":"1a6df335-b3e2-4bc3-8490-a03bb1a78343-8316722560","trial_id":30,"param_name":"reward_scale","param_value_internal":14.64186527181274,"distribution":"{\"name\": \"FloatDistribution\", \"attributes\": {\"step\": null, \"low\": 5.0, \"high\": 80.0, \"log\": true}}"}
{"op_code":5,"worker_id":"1a6df335-b3e2-4bc3-8490-a03bb1a78343-8316722560","trial_id":30,"param_name":"bc_reg","param_value_internal":0.5054909274989747,"distribution":"{\"name\": \"FloatDistribution\", \"attributes\": {\"step\": null, \"low\": 0.0, \"high\": 3.0, \"log\": false}}"}
{"op_code":5,"worker_id":"1a6df335-b3e2-4bc3-8490-a03bb1a78343-8316722560","trial_id":30,"param_name":"bc_reg_decay_frac","param_value_internal":0.5189089829912733,"distribution":"{\"name\": \"FloatDistribution\", \"attributes\": {\"step\": null, \"low\": 0.1, \"high\": 1.0, \"log\": false}}"}
{"op_code":5,"worker_id":"1a6df335-b3e2-4bc3-8490-a03bb1a78343-8316722560","trial_id":30,"param_name":"bc_guide_prob","param_value_internal":0.2489336114094407,"distribution":"{\"name\": \"FloatDistribution\", \"attributes\": {\"step\": null, \"low\": 0.0, \"high\": 1.0, \"log\": false}}"}
{"op_code":8,"worker_id":"1a6df335-b3e2-4bc3-8490-a03bb1a78343-8316722560","trial_id":30,"user_attr":{"tag":"cca98eec37223"}}
{"op_code":8,"worker_id":"1a6df335-b3e2-4bc3-8490-a03bb1a78343-8316722560","trial_id":30,"user_attr":{"overrides":{"gamma":0.990301749851642,"bc_reg":0.5054909274989747,"hidden":64,"clone_lr":0.0003072447290580936,"clone_batch":1024,"clone_weight_decay":1e-06,"clone_class_power":0.09069586676111847,"clone_label_smoothing":0.1,"clone_patience":20,"lr":0.0007742165610149796,"n_step":8,"batch":128,"target_sync":2000,"eps_decay_frac":0.29482733555240354,"reward_scale":14.64186527181274,"bc_reg_decay_frac":0.5189089829912733,"bc_guide_prob":0.2489336114094407}}}
{"op_code":7,"worker_id":"1a6df335-b3e2-4bc3-8490-a03bb1a78343-8316722560","trial_id":29,"step":3,"intermediate_value":42.87035314109659}
{"op_code":8,"worker_id":"1a6df335-b3e2-4bc3-8490-a03bb1a78343-8316722560","trial_id":29,"user_attr":{"hh_saving":{"254":42.53023577838895,"185":40.11306317223257,"230":45.967760472668225}}}
{"op_code":8,"worker_id":"1a6df335-b3e2-4bc3-8490-a03bb1a78343-8316722560","trial_id":29,"user_attr":{"val_efc_mean":69.00972264999997}}
{"op_code":8,"worker_id":"1a6df335-b3e2-4bc3-8490-a03bb1a78343-8316722560","trial_id":29,"user_attr":{"converged_share":1.0}}
{"op_code":8,"worker_id":"1a6df335-b3e2-4bc3-8490-a03bb1a78343-8316722560","trial_id":29,"user_attr":{"wall_s":212.48950719833374}}
{"op_code":6,"worker_id":"1a6df335-b3e2-4bc3-8490-a03bb1a78343-8316722560","trial_id":29,"state":2,"values":[42.87035314109659],"datetime_complete":"2026-10-08T05:27:55.968955"}
{"op_code":4,"worker_id":"1a6df335-b3e2-4bc3-8490-a03bb1a78343-8316722560","study_id":0,"datetime_start":"2026-10-08T05:28:56.362222"}
{"op_code":9,"worker_id":"1a6df335-b3e2-4bc3-8490-a03bb1a78343-8316722560","trial_id":31,"system_attr":{"tpe:relative_params:0":"{\"batch\": 256, \"bc_guide_prob\": 0.5932164348959832, \"bc_reg\": 1.2171602454938812, \"bc_reg_decay_frac\": 0.6465268139329343, \"eps_decay_frac\": 0.5025029119022646, \"gamma\": 0.992100570568302, \"lr\": 0.0011420147243908366, \"n_step\": 8, \"reward_scale\": 19.61932952464123, \"target_sync\": 2000}"}}
{"op_code":5,"worker_id":"1a6df335-b3e2-4bc3-8490-a03bb1a78343-8316722560","trial_id":31,"param_name":"lr","param_value_internal":0.0011420147243908366,"distribution":"{\"name\": \"FloatDistribution\", \"attributes\": {\"step\": null, \"low\": 0.0001, \"high\": 0.003, \"log\": true}}"}
{"op_code":5,"worker_id":"1a6df335-b3e2-4bc3-8490-a03bb1a78343-8316722560","trial_id":31,"param_name":"gamma","param_value_internal":0.992100570568302,"distribution":"{\"name\": \"FloatDistribution\", \"attributes\": {\"step\": null, \"low\": 0.98, \"high\": 0.999, \"log\": false}}"}
{"op_code":5,"worker_id":"1a6df335-b3e2-4bc3-8490-a03bb1a78343-8316722560","trial_id":31,"param_name":"n_step","param_value_internal":3,"distribution":"{\"name\": \"CategoricalDistribution\", \"attributes\": {\"choices\": [1, 2, 4, 8, 16]}}"}
{"op_code":5,"worker_id":"1a6df335-b3e2-4bc3-8490-a03bb1a78343-8316722560","trial_id":31,"param_name":"batch","param_value_internal":2,"distribution":"{\"name\": \"CategoricalDistribution\", \"attributes\": {\"choices\": [64, 128, 256]}}"}
{"op_code":5,"worker_id":"1a6df335-b3e2-4bc3-8490-a03bb1a78343-8316722560","trial_id":31,"param_name":"target_sync","param_value_internal":2,"distribution":"{\"name\": \"CategoricalDistribution\", \"attributes\": {\"choices\": [500, 1000, 2000, 5000, 10000]}}"}
{"op_code":5,"worker_id":"1a6df335-b3e2-4bc3-8490-a03bb1a78343-8316722560","trial_id":31,"param_name":"eps_decay_frac","param_value_internal":0.5025029119022646,"distribution":"{\"name\": \"FloatDistribution\", \"attributes\": {\"step\": null, \"low\": 0.1, \"high\": 0.6, \"log\": false}}"}
{"op_code":5,"worker_id":"1a6df335-b3e2-4bc3-8490-a03bb1a78343-8316722560","trial_id":31,"param_name":"reward_scale","param_value_internal":19.61932952464123,"distribution":"{\"name\": \"FloatDistribution\", \"attributes\": {\"step\": null, \"low\": 5.0, \"high\": 80.0, \"log\": true}}"}
{"op_code":5,"worker_id":"1a6df335-b3e2-4bc3-8490-a03bb1a78343-8316722560","trial_id":31,"param_name":"bc_reg","param_value_internal":1.2171602454938812,"distribution":"{\"name\": \"FloatDistribution\", \"attributes\": {\"step\": null, \"low\": 0.0, \"high\": 3.0, \"log\": false}}"}
{"op_code":5,"worker_id":"1a6df335-b3e2-4bc3-8490-a03bb1a78343-8316722560","trial_id":31,"param_name":"bc_reg_decay_frac","param_value_internal":0.6465268139329343,"distribution":"{\"name\": \"FloatDistribution\", \"attributes\": {\"step\": null, \"low\": 0.1, \"high\": 1.0, \"log\": false}}"}
{"op_code":5,"worker_id":"1a6df335-b3e2-4bc3-8490-a03bb1a78343-8316722560","trial_id":31,"param_name":"bc_guide_prob","param_value_internal":0.5932164348959832,"distribution":"{\"name\": \"FloatDistribution\", \"attributes\": {\"step\": null, \"low\": 0.0, \"high\": 1.0, \"log\": false}}"}
{"op_code":8,"worker_id":"1a6df335-b3e2-4bc3-8490-a03bb1a78343-8316722560","trial_id":31,"user_attr":{"tag":"c02b32abf0c08"}}
{"op_code":8,"worker_id":"1a6df335-b3e2-4bc3-8490-a03bb1a78343-8316722560","trial_id":31,"user_attr":{"overrides":{"gamma":0.992100570568302,"bc_reg":1.2171602454938812,"hidden":64,"clone_lr":0.0003072447290580936,"clone_batch":1024,"clone_weight_decay":1e-06,"clone_class_power":0.09069586676111847,"clone_label_smoothing":0.1,"clone_patience":20,"lr":0.0011420147243908366,"n_step":8,"batch":256,"target_sync":2000,"eps_decay_frac":0.5025029119022646,"reward_scale":19.61932952464123,"bc_reg_decay_frac":0.6465268139329343,"bc_guide_prob":0.5932164348959832}}}
{"op_code":7,"worker_id":"1a6df335-b3e2-4bc3-8490-a03bb1a78343-8316722560","trial_id":30,"step":3,"intermediate_value":43.04936549613058}
{"op_code":8,"worker_id":"1a6df335-b3e2-4bc3-8490-a03bb1a78343-8316722560","trial_id":30,"user_attr":{"hh_saving":{"254":42.85717691628314,"185":39.88620887460051,"230":46.40471069750807}}}
{"op_code":8,"worker_id":"1a6df335-b3e2-4bc3-8490-a03bb1a78343-8316722560","trial_id":30,"user_attr":{"val_efc_mean":66.29891748333334}}
{"op_code":8,"worker_id":"1a6df335-b3e2-4bc3-8490-a03bb1a78343-8316722560","trial_id":30,"user_attr":{"converged_share":1.0}}
{"op_code":8,"worker_id":"1a6df335-b3e2-4bc3-8490-a03bb1a78343-8316722560","trial_id":30,"user_attr":{"wall_s":183.9939501285553}}
{"op_code":6,"worker_id":"1a6df335-b3e2-4bc3-8490-a03bb1a78343-8316722560","trial_id":30,"state":2,"values":[43.04936549613058],"datetime_complete":"2026-10-08T05:29:47.779703"}
{"op_code":4,"worker_id":"1a6df335-b3e2-4bc3-8490-a03bb1a78343-8316722560","study_id":0,"datetime_start":"2026-10-08T05:31:32.866156"}
{"op_code":9,"worker_id":"1a6df335-b3e2-4bc3-8490-a03bb1a78343-8316722560","trial_id":32,"system_attr":{"tpe:relative_params:0":"{\"batch\": 128, \"bc_guide_prob\": 0.021933858091038136, \"bc_reg\": 0.18745140327253257, \"bc_reg_decay_frac\": 0.1560283007119439, \"eps_decay_frac\": 0.2464040015416326, \"gamma\": 0.9816808297567536, \"lr\": 0.00019267167645711382, \"n_step\": 16, \"reward_scale\": 8.755144942224852, \"target_sync\": 2000}"}}
{"op_code":5,"worker_id":"1a6df335-b3e2-4bc3-8490-a03bb1a78343-8316722560","trial_id":32,"param_name":"lr","param_value_internal":0.00019267167645711382,"distribution":"{\"name\": \"FloatDistribution\", \"attributes\": {\"step\": null, \"low\": 0.0001, \"high\": 0.003, \"log\": true}}"}
{"op_code":5,"worker_id":"1a6df335-b3e2-4bc3-8490-a03bb1a78343-8316722560","trial_id":32,"param_name":"gamma","param_value_internal":0.9816808297567536,"distribution":"{\"name\": \"FloatDistribution\", \"attributes\": {\"step\": null, \"low\": 0.98, \"high\": 0.999, \"log\": false}}"}
{"op_code":5,"worker_id":"1a6df335-b3e2-4bc3-8490-a03bb1a78343-8316722560","trial_id":32,"param_name":"n_step","param_value_internal":4,"distribution":"{\"name\": \"CategoricalDistribution\", \"attributes\": {\"choices\": [1, 2, 4, 8, 16]}}"}
{"op_code":5,"worker_id":"1a6df335-b3e2-4bc3-8490-a03bb1a78343-8316722560","trial_id":32,"param_name":"batch","param_value_internal":1,"distribution":"{\"name\": \"CategoricalDistribution\", \"attributes\": {\"choices\": [64, 128, 256]}}"}
{"op_code":5,"worker_id":"1a6df335-b3e2-4bc3-8490-a03bb1a78343-8316722560","trial_id":32,"param_name":"target_sync","param_value_internal":2,"distribution":"{\"name\": \"CategoricalDistribution\", \"attributes\": {\"choices\": [500, 1000, 2000, 5000, 10000]}}"}
{"op_code":5,"worker_id":"1a6df335-b3e2-4bc3-8490-a03bb1a78343-8316722560","trial_id":32,"param_name":"eps_decay_frac","param_value_internal":0.2464040015416326,"distribution":"{\"name\": \"FloatDistribution\", \"attributes\": {\"step\": null, \"low\": 0.1, \"high\": 0.6, \"log\": false}}"}
{"op_code":5,"worker_id":"1a6df335-b3e2-4bc3-8490-a03bb1a78343-8316722560","trial_id":32,"param_name":"reward_scale","param_value_internal":8.755144942224852,"distribution":"{\"name\": \"FloatDistribution\", \"attributes\": {\"step\": null, \"low\": 5.0, \"high\": 80.0, \"log\": true}}"}
{"op_code":5,"worker_id":"1a6df335-b3e2-4bc3-8490-a03bb1a78343-8316722560","trial_id":32,"param_name":"bc_reg","param_value_internal":0.18745140327253257,"distribution":"{\"name\": \"FloatDistribution\", \"attributes\": {\"step\": null, \"low\": 0.0, \"high\": 3.0, \"log\": false}}"}
{"op_code":5,"worker_id":"1a6df335-b3e2-4bc3-8490-a03bb1a78343-8316722560","trial_id":32,"param_name":"bc_reg_decay_frac","param_value_internal":0.1560283007119439,"distribution":"{\"name\": \"FloatDistribution\", \"attributes\": {\"step\": null, \"low\": 0.1, \"high\": 1.0, \"log\": false}}"}
{"op_code":5,"worker_id":"1a6df335-b3e2-4bc3-8490-a03bb1a78343-8316722560","trial_id":32,"param_name":"bc_guide_prob","param_value_internal":0.021933858091038136,"distribution":"{\"name\": \"FloatDistribution\", \"attributes\": {\"step\": null, \"low\": 0.0, \"high\": 1.0, \"log\": false}}"}
{"op_code":8,"worker_id":"1a6df335-b3e2-4bc3-8490-a03bb1a78343-8316722560","trial_id":32,"user_attr":{"tag":"cd5869d3d345e"}}
{"op_code":8,"worker_id":"1a6df335-b3e2-4bc3-8490-a03bb1a78343-8316722560","trial_id":32,"user_attr":{"overrides":{"gamma":0.9816808297567536,"bc_reg":0.18745140327253257,"hidden":64,"clone_lr":0.0003072447290580936,"clone_batch":1024,"clone_weight_decay":1e-06,"clone_class_power":0.09069586676111847,"clone_label_smoothing":0.1,"clone_patience":20,"lr":0.00019267167645711382,"n_step":16,"batch":128,"target_sync":2000,"eps_decay_frac":0.2464040015416326,"reward_scale":8.755144942224852,"bc_reg_decay_frac":0.1560283007119439,"bc_guide_prob":0.021933858091038136}}}
{"op_code":7,"worker_id":"1a6df335-b3e2-4bc3-8490-a03bb1a78343-8316722560","trial_id":31,"step":3,"intermediate_value":42.220043833410855}
{"op_code":8,"worker_id":"1a6df335-b3e2-4bc3-8490-a03bb1a78343-8316722560","trial_id":31,"user_attr":{"hh_saving":{"254":40.95015354228398,"185":39.826344458595266,"230":45.88363349935332}}}
{"op_code":8,"worker_id":"1a6df335-b3e2-4bc3-8490-a03bb1a78343-8316722560","trial_id":31,"user_attr":{"val_efc_mean":67.53639301666665}}
{"op_code":8,"worker_id":"1a6df335-b3e2-4bc3-8490-a03bb1a78343-8316722560","trial_id":31,"user_attr":{"converged_share":1.0}}
{"op_code":8,"worker_id":"1a6df335-b3e2-4bc3-8490-a03bb1a78343-8316722560","trial_id":31,"user_attr":{"wall_s":253.33881187438965}}
{"op_code":6,"worker_id":"1a6df335-b3e2-4bc3-8490-a03bb1a78343-8316722560","trial_id":31,"state":2,"values":[42.220043833410855],"datetime_complete":"2026-10-08T05:33:09.708964"}
{"op_code":4,"worker_id":"1a6df335-b3e2-4bc3-8490-a03bb1a78343-8316722560","study_id":0,"datetime_start":"2026-10-08T05:33:09.709719"}
{"op_code":9,"worker_id":"1a6df335-b3e2-4bc3-8490-a03bb1a78343-8316722560","trial_id":33,"system_attr":{"tpe:relative_params:0":"{\"batch\": 128, \"bc_guide_prob\": 0.14404786358897262, \"bc_reg\": 0.31909702259914974, \"bc_reg_decay_frac\": 0.568679792810663, \"eps_decay_frac\": 0.12480044275708771, \"gamma\": 0.9844289833639268, \"lr\": 0.00022943406188562777, \"n_step\": 8, \"reward_scale\": 13.329347511231562, \"target_sync\": 1000}"}}
{"op_code":5,"worker_id":"1a6df335-b3e2-4bc3-8490-a03bb1a78343-8316722560","trial_id":33,"param_name":"lr","param_value_internal":0.00022943406188562777,"distribution":"{\"name\": \"FloatDistribution\", \"attributes\": {\"step\": null, \"low\": 0.0001, \"high\": 0.003, \"log\": true}}"}
{"op_code":5,"worker_id":"1a6df335-b3e2-4bc3-8490-a03bb1a78343-8316722560","trial_id":33,"param_name":"gamma","param_value_internal":0.9844289833639268,"distribution":"{\"name\": \"FloatDistribution\", \"attributes\": {\"step\": null, \"low\": 0.98, \"high\": 0.999, \"log\": false}}"}
{"op_code":5,"worker_id":"1a6df335-b3e2-4bc3-8490-a03bb1a78343-8316722560","trial_id":33,"param_name":"n_step","param_value_internal":3,"distribution":"{\"name\": \"CategoricalDistribution\", \"attributes\": {\"choices\": [1, 2, 4, 8, 16]}}"}
{"op_code":5,"worker_id":"1a6df335-b3e2-4bc3-8490-a03bb1a78343-8316722560","trial_id":33,"param_name":"batch","param_value_internal":1,"distribution":"{\"name\": \"CategoricalDistribution\", \"attributes\": {\"choices\": [64, 128, 256]}}"}
{"op_code":5,"worker_id":"1a6df335-b3e2-4bc3-8490-a03bb1a78343-8316722560","trial_id":33,"param_name":"target_sync","param_value_internal":1,"distribution":"{\"name\": \"CategoricalDistribution\", \"attributes\": {\"choices\": [500, 1000, 2000, 5000, 10000]}}"}
{"op_code":5,"worker_id":"1a6df335-b3e2-4bc3-8490-a03bb1a78343-8316722560","trial_id":33,"param_name":"eps_decay_frac","param_value_internal":0.12480044275708771,"distribution":"{\"name\": \"FloatDistribution\", \"attributes\": {\"step\": null, \"low\": 0.1, \"high\": 0.6, \"log\": false}}"}
{"op_code":5,"worker_id":"1a6df335-b3e2-4bc3-8490-a03bb1a78343-8316722560","trial_id":33,"param_name":"reward_scale","param_value_internal":13.329347511231562,"distribution":"{\"name\": \"FloatDistribution\", \"attributes\": {\"step\": null, \"low\": 5.0, \"high\": 80.0, \"log\": true}}"}
{"op_code":5,"worker_id":"1a6df335-b3e2-4bc3-8490-a03bb1a78343-8316722560","trial_id":33,"param_name":"bc_reg","param_value_internal":0.31909702259914974,"distribution":"{\"name\": \"FloatDistribution\", \"attributes\": {\"step\": null, \"low\": 0.0, \"high\": 3.0, \"log\": false}}"}
{"op_code":5,"worker_id":"1a6df335-b3e2-4bc3-8490-a03bb1a78343-8316722560","trial_id":33,"param_name":"bc_reg_decay_frac","param_value_internal":0.568679792810663,"distribution":"{\"name\": \"FloatDistribution\", \"attributes\": {\"step\": null, \"low\": 0.1, \"high\": 1.0, \"log\": false}}"}
{"op_code":5,"worker_id":"1a6df335-b3e2-4bc3-8490-a03bb1a78343-8316722560","trial_id":33,"param_name":"bc_guide_prob","param_value_internal":0.14404786358897262,"distribution":"{\"name\": \"FloatDistribution\", \"attributes\": {\"step\": null, \"low\": 0.0, \"high\": 1.0, \"log\": false}}"}
{"op_code":8,"worker_id":"1a6df335-b3e2-4bc3-8490-a03bb1a78343-8316722560","trial_id":33,"user_attr":{"tag":"cd0d9817d4508"}}
{"op_code":8,"worker_id":"1a6df335-b3e2-4bc3-8490-a03bb1a78343-8316722560","trial_id":33,"user_attr":{"overrides":{"gamma":0.9844289833639268,"bc_reg":0.31909702259914974,"hidden":64,"clone_lr":0.0003072447290580936,"clone_batch":1024,"clone_weight_decay":1e-06,"clone_class_power":0.09069586676111847,"clone_label_smoothing":0.1,"clone_patience":20,"lr":0.00022943406188562777,"n_step":8,"batch":128,"target_sync":1000,"eps_decay_frac":0.12480044275708771,"reward_scale":13.329347511231562,"bc_reg_decay_frac":0.568679792810663,"bc_guide_prob":0.14404786358897262}}}
{"op_code":7,"worker_id":"1a6df335-b3e2-4bc3-8490-a03bb1a78343-8316722560","trial_id":32,"step":3,"intermediate_value":32.5914972015089}
{"op_code":8,"worker_id":"1a6df335-b3e2-4bc3-8490-a03bb1a78343-8316722560","trial_id":32,"user_attr":{"hh_saving":{"254":35.17265861872375,"185":27.28517502029934,"230":35.31665796550361}}}
{"op_code":8,"worker_id":"1a6df335-b3e2-4bc3-8490-a03bb1a78343-8316722560","trial_id":32,"user_attr":{"val_efc_mean":50.93709376666666}}
{"op_code":8,"worker_id":"1a6df335-b3e2-4bc3-8490-a03bb1a78343-8316722560","trial_id":32,"user_attr":{"converged_share":1.0}}
{"op_code":8,"worker_id":"1a6df335-b3e2-4bc3-8490-a03bb1a78343-8316722560","trial_id":32,"user_attr":{"wall_s":173.50396180152893}}
{"op_code":6,"worker_id":"1a6df335-b3e2-4bc3-8490-a03bb1a78343-8316722560","trial_id":32,"state":2,"values":[32.5914972015089],"datetime_complete":"2026-10-08T05:34:26.377629"}
{"op_code":4,"worker_id":"1a6df335-b3e2-4bc3-8490-a03bb1a78343-8316722560","study_id":0,"datetime_start":"2026-10-08T05:34:30.911815"}
{"op_code":9,"worker_id":"1a6df335-b3e2-4bc3-8490-a03bb1a78343-8316722560","trial_id":34,"system_attr":{"tpe:relative_params:0":"{\"batch\": 64, \"bc_guide_prob\": 0.43566002356286937, \"bc_reg\": 0.814495394703601, \"bc_reg_decay_frac\": 0.23895722258907498, \"eps_decay_frac\": 0.14655683933706884, \"gamma\": 0.9831374232479403, \"lr\": 0.00023037046192437218, \"n_step\": 16, \"reward_scale\": 19.596108651423233, \"target_sync\": 5000}"}}
{"op_code":5,"worker_id":"1a6df335-b3e2-4bc3-8490-a03bb1a78343-8316722560","trial_id":34,"param_name":"lr","param_value_internal":0.00023037046192437218,"distribution":"{\"name\": \"FloatDistribution\", \"attributes\": {\"step\": null, \"low\": 0.0001, \"high\": 0.003, \"log\": true}}"}
{"op_code":5,"worker_id":"1a6df335-b3e2-4bc3-8490-a03bb1a78343-8316722560","trial_id":34,"param_name":"gamma","param_value_internal":0.9831374232479403,"distribution":"{\"name\": \"FloatDistribution\", \"attributes\": {\"step\": null, \"low\": 0.98, \"high\": 0.999, \"log\": false}}"}
{"op_code":5,"worker_id":"1a6df335-b3e2-4bc3-8490-a03bb1a78343-8316722560","trial_id":34,"param_name":"n_step","param_value_internal":4,"distribution":"{\"name\": \"CategoricalDistribution\", \"attributes\": {\"choices\": [1, 2, 4, 8, 16]}}"}
{"op_code":5,"worker_id":"1a6df335-b3e2-4bc3-8490-a03bb1a78343-8316722560","trial_id":34,"param_name":"batch","param_value_internal":0,"distribution":"{\"name\": \"CategoricalDistribution\", \"attributes\": {\"choices\": [64, 128, 256]}}"}
{"op_code":5,"worker_id":"1a6df335-b3e2-4bc3-8490-a03bb1a78343-8316722560","trial_id":34,"param_name":"target_sync","param_value_internal":3,"distribution":"{\"name\": \"CategoricalDistribution\", \"attributes\": {\"choices\": [500, 1000, 2000, 5000, 10000]}}"}
{"op_code":5,"worker_id":"1a6df335-b3e2-4bc3-8490-a03bb1a78343-8316722560","trial_id":34,"param_name":"eps_decay_frac","param_value_internal":0.14655683933706884,"distribution":"{\"name\": \"FloatDistribution\", \"attributes\": {\"step\": null, \"low\": 0.1, \"high\": 0.6, \"log\": false}}"}
{"op_code":5,"worker_id":"1a6df335-b3e2-4bc3-8490-a03bb1a78343-8316722560","trial_id":34,"param_name":"reward_scale","param_value_internal":19.596108651423233,"distribution":"{\"name\": \"FloatDistribution\", \"attributes\": {\"step\": null, \"low\": 5.0, \"high\": 80.0, \"log\": true}}"}
{"op_code":5,"worker_id":"1a6df335-b3e2-4bc3-8490-a03bb1a78343-8316722560","trial_id":34,"param_name":"bc_reg","param_value_internal":0.814495394703601,"distribution":"{\"name\": \"FloatDistribution\", \"attributes\": {\"step\": null, \"low\": 0.0, \"high\": 3.0, \"log\": false}}"}
{"op_code":5,"worker_id":"1a6df335-b3e2-4bc3-8490-a03bb1a78343-8316722560","trial_id":34,"param_name":"bc_reg_decay_frac","param_value_internal":0.23895722258907498,"distribution":"{\"name\": \"FloatDistribution\", \"attributes\": {\"step\": null, \"low\": 0.1, \"high\": 1.0, \"log\": false}}"}
{"op_code":5,"worker_id":"1a6df335-b3e2-4bc3-8490-a03bb1a78343-8316722560","trial_id":34,"param_name":"bc_guide_prob","param_value_internal":0.43566002356286937,"distribution":"{\"name\": \"FloatDistribution\", \"attributes\": {\"step\": null, \"low\": 0.0, \"high\": 1.0, \"log\": false}}"}
{"op_code":8,"worker_id":"1a6df335-b3e2-4bc3-8490-a03bb1a78343-8316722560","trial_id":34,"user_attr":{"tag":"cc84ed5d4b1b6"}}
{"op_code":8,"worker_id":"1a6df335-b3e2-4bc3-8490-a03bb1a78343-8316722560","trial_id":34,"user_attr":{"overrides":{"gamma":0.9831374232479403,"bc_reg":0.814495394703601,"hidden":64,"clone_lr":0.0003072447290580936,"clone_batch":1024,"clone_weight_decay":1e-06,"clone_class_power":0.09069586676111847,"clone_label_smoothing":0.1,"clone_patience":20,"lr":0.00023037046192437218,"n_step":16,"batch":64,"target_sync":5000,"eps_decay_frac":0.14655683933706884,"reward_scale":19.596108651423233,"bc_reg_decay_frac":0.23895722258907498,"bc_guide_prob":0.43566002356286937}}}
{"op_code":7,"worker_id":"1a6df335-b3e2-4bc3-8490-a03bb1a78343-8316722560","trial_id":33,"step":3,"intermediate_value":42.483914411454805}
{"op_code":8,"worker_id":"1a6df335-b3e2-4bc3-8490-a03bb1a78343-8316722560","trial_id":33,"user_attr":{"hh_saving":{"254":42.55800984072197,"185":38.968801534485664,"230":45.924931859156764}}}
{"op_code":8,"worker_id":"1a6df335-b3e2-4bc3-8490-a03bb1a78343-8316722560","trial_id":33,"user_attr":{"val_efc_mean":65.21665189999999}}
{"op_code":8,"worker_id":"1a6df335-b3e2-4bc3-8490-a03bb1a78343-8316722560","trial_id":33,"user_attr":{"converged_share":1.0}}
{"op_code":8,"worker_id":"1a6df335-b3e2-4bc3-8490-a03bb1a78343-8316722560","trial_id":33,"user_attr":{"wall_s":143.02233910560608}}
{"op_code":6,"worker_id":"1a6df335-b3e2-4bc3-8490-a03bb1a78343-8316722560","trial_id":33,"state":2,"values":[42.483914411454805],"datetime_complete":"2026-10-08T05:35:32.739318"}
{"op_code":4,"worker_id":"1a6df335-b3e2-4bc3-8490-a03bb1a78343-8316722560","study_id":0,"datetime_start":"2026-10-08T05:36:11.156284"}
{"op_code":9,"worker_id":"1a6df335-b3e2-4bc3-8490-a03bb1a78343-8316722560","trial_id":35,"system_attr":{"tpe:relative_params:0":"{\"batch\": 64, \"bc_guide_prob\": 0.1542982569226038, \"bc_reg\": 1.1902941522158197, \"bc_reg_decay_frac\": 0.5013744049550708, \"eps_decay_frac\": 0.13810820816570737, \"gamma\": 0.9826613500780103, \"lr\": 0.00016321552056663388, \"n_step\": 16, \"reward_scale\": 13.228702716050687, \"target_sync\": 2000}"}}
{"op_code":5,"worker_id":"1a6df335-b3e2-4bc3-8490-a03bb1a78343-8316722560","trial_id":35,"param_name":"lr","param_value_internal":0.00016321552056663388,"distribution":"{\"name\": \"FloatDistribution\", \"attributes\": {\"step\": null, \"low\": 0.0001, \"high\": 0.003, \"log\": true}}"}
{"op_code":5,"worker_id":"1a6df335-b3e2-4bc3-8490-a03bb1a78343-8316722560","trial_id":35,"param_name":"gamma","param_value_internal":0.9826613500780103,"distribution":"{\"name\": \"FloatDistribution\", \"attributes\": {\"step\": null, \"low\": 0.98, \"high\": 0.999, \"log\": false}}"}
{"op_code":5,"worker_id":"1a6df335-b3e2-4bc3-8490-a03bb1a78343-8316722560","trial_id":35,"param_name":"n_step","param_value_internal":4,"distribution":"{\"name\": \"CategoricalDistribution\", \"attributes\": {\"choices\": [1, 2, 4, 8, 16]}}"}
{"op_code":5,"worker_id":"1a6df335-b3e2-4bc3-8490-a03bb1a78343-8316722560","trial_id":35,"param_name":"batch","param_value_internal":0,"distribution":"{\"name\": \"CategoricalDistribution\", \"attributes\": {\"choices\": [64, 128, 256]}}"}
{"op_code":5,"worker_id":"1a6df335-b3e2-4bc3-8490-a03bb1a78343-8316722560","trial_id":35,"param_name":"target_sync","param_value_internal":2,"distribution":"{\"name\": \"CategoricalDistribution\", \"attributes\": {\"choices\": [500, 1000, 2000, 5000, 10000]}}"}
{"op_code":5,"worker_id":"1a6df335-b3e2-4bc3-8490-a03bb1a78343-8316722560","trial_id":35,"param_name":"eps_decay_frac","param_value_internal":0.13810820816570737,"distribution":"{\"name\": \"FloatDistribution\", \"attributes\": {\"step\": null, \"low\": 0.1, \"high\": 0.6, \"log\": false}}"}
{"op_code":5,"worker_id":"1a6df335-b3e2-4bc3-8490-a03bb1a78343-8316722560","trial_id":35,"param_name":"reward_scale","param_value_internal":13.228702716050687,"distribution":"{\"name\": \"FloatDistribution\", \"attributes\": {\"step\": null, \"low\": 5.0, \"high\": 80.0, \"log\": true}}"}
{"op_code":5,"worker_id":"1a6df335-b3e2-4bc3-8490-a03bb1a78343-8316722560","trial_id":35,"param_name":"bc_reg","param_value_internal":1.1902941522158197,"distribution":"{\"name\": \"FloatDistribution\", \"attributes\": {\"step\": null, \"low\": 0.0, \"high\": 3.0, \"log\": false}}"}
{"op_code":5,"worker_id":"1a6df335-b3e2-4bc3-8490-a03bb1a78343-8316722560","trial_id":35,"param_name":"bc_reg_decay_frac","param_value_internal":0.5013744049550708,"distribution":"{\"name\": \"FloatDistribution\", \"attributes\": {\"step\": null, \"low\": 0.1, \"high\": 1.0, \"log\": false}}"}
{"op_code":5,"worker_id":"1a6df335-b3e2-4bc3-8490-a03bb1a78343-8316722560","trial_id":35,"param_name":"bc_guide_prob","param_value_internal":0.1542982569226038,"distribution":"{\"name\": \"FloatDistribution\", \"attributes\": {\"step\": null, \"low\": 0.0, \"high\": 1.0, \"log\": false}}"}
{"op_code":8,"worker_id":"1a6df335-b3e2-4bc3-8490-a03bb1a78343-8316722560","trial_id":35,"user_attr":{"tag":"c23f672f35131"}}
{"op_code":8,"worker_id":"1a6df335-b3e2-4bc3-8490-a03bb1a78343-8316722560","trial_id":35,"user_attr":{"overrides":{"gamma":0.9826613500780103,"bc_reg":1.1902941522158197,"hidden":64,"clone_lr":0.0003072447290580936,"clone_batch":1024,"clone_weight_decay":1e-06,"clone_class_power":0.09069586676111847,"clone_label_smoothing":0.1,"clone_patience":20,"lr":0.00016321552056663388,"n_step":16,"batch":64,"target_sync":2000,"eps_decay_frac":0.13810820816570737,"reward_scale":13.228702716050687,"bc_reg_decay_frac":0.5013744049550708,"bc_guide_prob":0.1542982569226038}}}
{"op_code":7,"worker_id":"1a6df335-b3e2-4bc3-8490-a03bb1a78343-8316722560","trial_id":34,"step":3,"intermediate_value":41.897851046158884}
{"op_code":8,"worker_id":"1a6df335-b3e2-4bc3-8490-a03bb1a78343-8316722560","trial_id":34,"user_attr":{"hh_saving":{"254":42.122095393273,"185":39.39953347806255,"230":44.171924267141115}}}
{"op_code":8,"worker_id":"1a6df335-b3e2-4bc3-8490-a03bb1a78343-8316722560","trial_id":34,"user_attr":{"val_efc_mean":66.84660376666666}}
{"op_code":8,"worker_id":"1a6df335-b3e2-4bc3-8490-a03bb1a78343-8316722560","trial_id":34,"user_attr":{"converged_share":1.0}}
{"op_code":8,"worker_id":"1a6df335-b3e2-4bc3-8490-a03bb1a78343-8316722560","trial_id":34,"user_attr":{"wall_s":145.76302313804626}}
{"op_code":6,"worker_id":"1a6df335-b3e2-4bc3-8490-a03bb1a78343-8316722560","trial_id":34,"state":2,"values":[41.897851046158884],"datetime_complete":"2026-10-08T05:36:56.682588"}
{"op_code":4,"worker_id":"1a6df335-b3e2-4bc3-8490-a03bb1a78343-8316722560","study_id":0,"datetime_start":"2026-10-08T05:37:54.369056"}
{"op_code":9,"worker_id":"1a6df335-b3e2-4bc3-8490-a03bb1a78343-8316722560","trial_id":36,"system_attr":{"tpe:relative_params:0":"{\"batch\": 128, \"bc_guide_prob\": 0.2729046044012492, \"bc_reg\": 0.5935017085136978, \"bc_reg_decay_frac\": 0.18263963148485268, \"eps_decay_frac\": 0.11472268456824884, \"gamma\": 0.9819739944008065, \"lr\": 0.00014907767783343764, \"n_step\": 2, \"reward_scale\": 8.599620055891823, \"target_sync\": 500}"}}
{"op_code":5,"worker_id":"1a6df335-b3e2-4bc3-8490-a03bb1a78343-8316722560","trial_id":36,"param_name":"lr","param_value_internal":0.00014907767783343764,"distribution":"{\"name\": \"FloatDistribution\", \"attributes\": {\"step\": null, \"low\": 0.0001, \"high\": 0.003, \"log\": true}}"}
{"op_code":5,"worker_id":"1a6df335-b3e2-4bc3-8490-a03bb1a78343-8316722560","trial_id":36,"param_name":"gamma","param_value_internal":0.9819739944008065,"distribution":"{\"name\": \"FloatDistribution\", \"attributes\": {\"step\": null, \"low\": 0.98, \"high\": 0.999, \"log\": false}}"}
{"op_code":5,"worker_id":"1a6df335-b3e2-4bc3-8490-a03bb1a78343-8316722560","trial_id":36,"param_name":"n_step","param_value_internal":1,"distribution":"{\"name\": \"CategoricalDistribution\", \"attributes\": {\"choices\": [1, 2, 4, 8, 16]}}"}
{"op_code":5,"worker_id":"1a6df335-b3e2-4bc3-8490-a03bb1a78343-8316722560","trial_id":36,"param_name":"batch","param_value_internal":1,"distribution":"{\"name\": \"CategoricalDistribution\", \"attributes\": {\"choices\": [64, 128, 256]}}"}
{"op_code":5,"worker_id":"1a6df335-b3e2-4bc3-8490-a03bb1a78343-8316722560","trial_id":36,"param_name":"target_sync","param_value_internal":0,"distribution":"{\"name\": \"CategoricalDistribution\", \"attributes\": {\"choices\": [500, 1000, 2000, 5000, 10000]}}"}
{"op_code":5,"worker_id":"1a6df335-b3e2-4bc3-8490-a03bb1a78343-8316722560","trial_id":36,"param_name":"eps_decay_frac","param_value_internal":0.11472268456824884,"distribution":"{\"name\": \"FloatDistribution\", \"attributes\": {\"step\": null, \"low\": 0.1, \"high\": 0.6, \"log\": false}}"}
{"op_code":5,"worker_id":"1a6df335-b3e2-4bc3-8490-a03bb1a78343-8316722560","trial_id":36,"param_name":"reward_scale","param_value_internal":8.599620055891823,"distribution":"{\"name\": \"FloatDistribution\", \"attributes\": {\"step\": null, \"low\": 5.0, \"high\": 80.0, \"log\": true}}"}
{"op_code":5,"worker_id":"1a6df335-b3e2-4bc3-8490-a03bb1a78343-8316722560","trial_id":36,"param_name":"bc_reg","param_value_internal":0.5935017085136978,"distribution":"{\"name\": \"FloatDistribution\", \"attributes\": {\"step\": null, \"low\": 0.0, \"high\": 3.0, \"log\": false}}"}
{"op_code":5,"worker_id":"1a6df335-b3e2-4bc3-8490-a03bb1a78343-8316722560","trial_id":36,"param_name":"bc_reg_decay_frac","param_value_internal":0.18263963148485268,"distribution":"{\"name\": \"FloatDistribution\", \"attributes\": {\"step\": null, \"low\": 0.1, \"high\": 1.0, \"log\": false}}"}
{"op_code":5,"worker_id":"1a6df335-b3e2-4bc3-8490-a03bb1a78343-8316722560","trial_id":36,"param_name":"bc_guide_prob","param_value_internal":0.2729046044012492,"distribution":"{\"name\": \"FloatDistribution\", \"attributes\": {\"step\": null, \"low\": 0.0, \"high\": 1.0, \"log\": false}}"}
{"op_code":8,"worker_id":"1a6df335-b3e2-4bc3-8490-a03bb1a78343-8316722560","trial_id":36,"user_attr":{"tag":"c29abb6b10246"}}
{"op_code":8,"worker_id":"1a6df335-b3e2-4bc3-8490-a03bb1a78343-8316722560","trial_id":36,"user_attr":{"overrides":{"gamma":0.9819739944008065,"bc_reg":0.5935017085136978,"hidden":64,"clone_lr":0.0003072447290580936,"clone_batch":1024,"clone_weight_decay":1e-06,"clone_class_power":0.09069586676111847,"clone_label_smoothing":0.1,"clone_patience":20,"lr":0.00014907767783343764,"n_step":2,"batch":128,"target_sync":500,"eps_decay_frac":0.11472268456824884,"reward_scale":8.599620055891823,"bc_reg_decay_frac":0.18263963148485268,"bc_guide_prob":0.2729046044012492}}}
{"op_code":7,"worker_id":"1a6df335-b3e2-4bc3-8490-a03bb1a78343-8316722560","trial_id":35,"step":3,"intermediate_value":42.88077239162883}
{"op_code":8,"worker_id":"1a6df335-b3e2-4bc3-8490-a03bb1a78343-8316722560","trial_id":35,"user_attr":{"hh_saving":{"254":42.932463374020074,"185":40.06924163656981,"230":45.64061216429663}}}
{"op_code":8,"worker_id":"1a6df335-b3e2-4bc3-8490-a03bb1a78343-8316722560","trial_id":35,"user_attr":{"val_efc_mean":67.99605718333333}}
{"op_code":8,"worker_id":"1a6df335-b3e2-4bc3-8490-a03bb1a78343-8316722560","trial_id":35,"user_attr":{"converged_share":1.0}}
{"op_code":8,"worker_id":"1a6df335-b3e2-4bc3-8490-a03bb1a78343-8316722560","trial_id":35,"user_attr":{"wall_s":157.5516722202301}}
{"op_code":6,"worker_id":"1a6df335-b3e2-4bc3-8490-a03bb1a78343-8316722560","trial_id":35,"state":2,"values":[42.88077239162883],"datetime_complete":"2026-10-08T05:38:48.715587"}
{"op_code":4,"worker_id":"1a6df335-b3e2-4bc3-8490-a03bb1a78343-8316722560","study_id":0,"datetime_start":"2026-10-08T05:39:39.589618"}
{"op_code":9,"worker_id":"1a6df335-b3e2-4bc3-8490-a03bb1a78343-8316722560","trial_id":37,"system_attr":{"tpe:relative_params:0":"{\"batch\": 256, \"bc_guide_prob\": 0.4333015339668493, \"bc_reg\": 0.0032783145533473723, \"bc_reg_decay_frac\": 0.5199449964895058, \"eps_decay_frac\": 0.23446743418688315, \"gamma\": 0.9952322930594524, \"lr\": 0.00110665464896581, \"n_step\": 1, \"reward_scale\": 11.480176750379187, \"target_sync\": 2000}"}}
{"op_code":5,"worker_id":"1a6df335-b3e2-4bc3-8490-a03bb1a78343-8316722560","trial_id":37,"param_name":"lr","param_value_internal":0.00110665464896581,"distribution":"{\"name\": \"FloatDistribution\", \"attributes\": {\"step\": null, \"low\": 0.0001, \"high\": 0.003, \"log\": true}}"}
{"op_code":5,"worker_id":"1a6df335-b3e2-4bc3-8490-a03bb1a78343-8316722560","trial_id":37,"param_name":"gamma","param_value_internal":0.9952322930594524,"distribution":"{\"name\": \"FloatDistribution\", \"attributes\": {\"step\": null, \"low\": 0.98, \"high\": 0.999, \"log\": false}}"}
{"op_code":5,"worker_id":"1a6df335-b3e2-4bc3-8490-a03bb1a78343-8316722560","trial_id":37,"param_name":"n_step","param_value_internal":0,"distribution":"{\"name\": \"CategoricalDistribution\", \"attributes\": {\"choices\": [1, 2, 4, 8, 16]}}"}
{"op_code":5,"worker_id":"1a6df335-b3e2-4bc3-8490-a03bb1a78343-8316722560","trial_id":37,"param_name":"batch","param_value_internal":2,"distribution":"{\"name\": \"CategoricalDistribution\", \"attributes\": {\"choices\": [64, 128, 256]}}"}
{"op_code":5,"worker_id":"1a6df335-b3e2-4bc3-8490-a03bb1a78343-8316722560","trial_id":37,"param_name":"target_sync","param_value_internal":2,"distribution":"{\"name\": \"CategoricalDistribution\", \"attributes\": {\"choices\": [500, 1000, 2000, 5000, 10000]}}"}
{"op_code":5,"worker_id":"1a6df335-b3e2-4bc3-8490-a03bb1a78343-8316722560","trial_id":37,"param_name":"eps_decay_frac","param_value_internal":0.23446743418688315,"distribution":"{\"name\": \"FloatDistribution\", \"attributes\": {\"step\": null, \"low\": 0.1, \"high\": 0.6, \"log\": false}}"}
{"op_code":5,"worker_id":"1a6df335-b3e2-4bc3-8490-a03bb1a78343-8316722560","trial_id":37,"param_name":"reward_scale","param_value_internal":11.480176750379187,"distribution":"{\"name\": \"FloatDistribution\", \"attributes\": {\"step\": null, \"low\": 5.0, \"high\": 80.0, \"log\": true}}"}
{"op_code":5,"worker_id":"1a6df335-b3e2-4bc3-8490-a03bb1a78343-8316722560","trial_id":37,"param_name":"bc_reg","param_value_internal":0.0032783145533473723,"distribution":"{\"name\": \"FloatDistribution\", \"attributes\": {\"step\": null, \"low\": 0.0, \"high\": 3.0, \"log\": false}}"}
{"op_code":5,"worker_id":"1a6df335-b3e2-4bc3-8490-a03bb1a78343-8316722560","trial_id":37,"param_name":"bc_reg_decay_frac","param_value_internal":0.5199449964895058,"distribution":"{\"name\": \"FloatDistribution\", \"attributes\": {\"step\": null, \"low\": 0.1, \"high\": 1.0, \"log\": false}}"}
{"op_code":5,"worker_id":"1a6df335-b3e2-4bc3-8490-a03bb1a78343-8316722560","trial_id":37,"param_name":"bc_guide_prob","param_value_internal":0.4333015339668493,"distribution":"{\"name\": \"FloatDistribution\", \"attributes\": {\"step\": null, \"low\": 0.0, \"high\": 1.0, \"log\": false}}"}
{"op_code":8,"worker_id":"1a6df335-b3e2-4bc3-8490-a03bb1a78343-8316722560","trial_id":37,"user_attr":{"tag":"c58d9a5afd50f"}}
{"op_code":8,"worker_id":"1a6df335-b3e2-4bc3-8490-a03bb1a78343-8316722560","trial_id":37,"user_attr":{"overrides":{"gamma":0.9952322930594524,"bc_reg":0.0032783145533473723,"hidden":64,"clone_lr":0.0003072447290580936,"clone_batch":1024,"clone_weight_decay":1e-06,"clone_class_power":0.09069586676111847,"clone_label_smoothing":0.1,"clone_patience":20,"lr":0.00110665464896581,"n_step":1,"batch":256,"target_sync":2000,"eps_decay_frac":0.23446743418688315,"reward_scale":11.480176750379187,"bc_reg_decay_frac":0.5199449964895058,"bc_guide_prob":0.4333015339668493}}}
{"op_code":7,"worker_id":"1a6df335-b3e2-4bc3-8490-a03bb1a78343-8316722560","trial_id":36,"step":3,"intermediate_value":42.353337799548335}
{"op_code":8,"worker_id":"1a6df335-b3e2-4bc3-8490-a03bb1a78343-8316722560","trial_id":36,"user_attr":{"hh_saving":{"254":41.69635136021995,"185":39.24618968379247,"230":46.11747235463258}}}
{"op_code":8,"worker_id":"1a6df335-b3e2-4bc3-8490-a03bb1a78343-8316722560","trial_id":36,"user_attr":{"val_efc_mean":68.30946941666666}}
{"op_code":8,"worker_id":"1a6df335-b3e2-4bc3-8490-a03bb1a78343-8316722560","trial_id":36,"user_attr":{"converged_share":1.0}}
{"op_code":8,"worker_id":"1a6df335-b3e2-4bc3-8490-a03bb1a78343-8316722560","trial_id":36,"user_attr":{"wall_s":140.68536400794983}}
{"op_code":6,"worker_id":"1a6df335-b3e2-4bc3-8490-a03bb1a78343-8316722560","trial_id":36,"state":2,"values":[42.353337799548335],"datetime_complete":"2026-10-08T05:40:15.061861"}
{"op_code":4,"worker_id":"1a6df335-b3e2-4bc3-8490-a03bb1a78343-8316722560","study_id":0,"datetime_start":"2026-10-08T05:41:16.457279"}
{"op_code":9,"worker_id":"1a6df335-b3e2-4bc3-8490-a03bb1a78343-8316722560","trial_id":38,"system_attr":{"tpe:relative_params:0":"{\"batch\": 128, \"bc_guide_prob\": 0.2573719963982844, \"bc_reg\": 2.2223449329145586, \"bc_reg_decay_frac\": 0.2262682519927921, \"eps_decay_frac\": 0.49505721980594136, \"gamma\": 0.9948625726188222, \"lr\": 0.0009872767615864942, \"n_step\": 8, \"reward_scale\": 31.04940169722158, \"target_sync\": 2000}"}}
{"op_code":5,"worker_id":"1a6df335-b3e2-4bc3-8490-a03bb1a78343-8316722560","trial_id":38,"param_name":"lr","param_value_internal":0.0009872767615864942,"distribution":"{\"name\": \"FloatDistribution\", \"attributes\": {\"step\": null, \"low\": 0.0001, \"high\": 0.003, \"log\": true}}"}
{"op_code":5,"worker_id":"1a6df335-b3e2-4bc3-8490-a03bb1a78343-8316722560","trial_id":38,"param_name":"gamma","param_value_internal":0.9948625726188222,"distribution":"{\"name\": \"FloatDistribution\", \"attributes\": {\"step\": null, \"low\": 0.98, \"high\": 0.999, \"log\": false}}"}
{"op_code":5,"worker_id":"1a6df335-b3e2-4bc3-8490-a03bb1a78343-8316722560","trial_id":38,"param_name":"n_step","param_value_internal":3,"distribution":"{\"name\": \"CategoricalDistribution\", \"attributes\": {\"choices\": [1, 2, 4, 8, 16]}}"}
{"op_code":5,"worker_id":"1a6df335-b3e2-4bc3-8490-a03bb1a78343-8316722560","trial_id":38,"param_name":"batch","param_value_internal":1,"distribution":"{\"name\": \"CategoricalDistribution\", \"attributes\": {\"choices\": [64, 128, 256]}}"}
{"op_code":5,"worker_id":"1a6df335-b3e2-4bc3-8490-a03bb1a78343-8316722560","trial_id":38,"param_name":"target_sync","param_value_internal":2,"distribution":"{\"name\": \"CategoricalDistribution\", \"attributes\": {\"choices\": [500, 1000, 2000, 5000, 10000]}}"}
{"op_code":5,"worker_id":"1a6df335-b3e2-4bc3-8490-a03bb1a78343-8316722560","trial_id":38,"param_name":"eps_decay_frac","param_value_internal":0.49505721980594136,"distribution":"{\"name\": \"FloatDistribution\", \"attributes\": {\"step\": null, \"low\": 0.1, \"high\": 0.6, \"log\": false}}"}
{"op_code":5,"worker_id":"1a6df335-b3e2-4bc3-8490-a03bb1a78343-8316722560","trial_id":38,"param_name":"reward_scale","param_value_internal":31.04940169722158,"distribution":"{\"name\": \"FloatDistribution\", \"attributes\": {\"step\": null, \"low\": 5.0, \"high\": 80.0, \"log\": true}}"}
{"op_code":5,"worker_id":"1a6df335-b3e2-4bc3-8490-a03bb1a78343-8316722560","trial_id":38,"param_name":"bc_reg","param_value_internal":2.2223449329145586,"distribution":"{\"name\": \"FloatDistribution\", \"attributes\": {\"step\": null, \"low\": 0.0, \"high\": 3.0, \"log\": false}}"}
{"op_code":5,"worker_id":"1a6df335-b3e2-4bc3-8490-a03bb1a78343-8316722560","trial_id":38,"param_name":"bc_reg_decay_frac","param_value_internal":0.2262682519927921,"distribution":"{\"name\": \"FloatDistribution\", \"attributes\": {\"step\": null, \"low\": 0.1, \"high\": 1.0, \"log\": false}}"}
{"op_code":5,"worker_id":"1a6df335-b3e2-4bc3-8490-a03bb1a78343-8316722560","trial_id":38,"param_name":"bc_guide_prob","param_value_internal":0.2573719963982844,"distribution":"{\"name\": \"FloatDistribution\", \"attributes\": {\"step\": null, \"low\": 0.0, \"high\": 1.0, \"log\": false}}"}
{"op_code":8,"worker_id":"1a6df335-b3e2-4bc3-8490-a03bb1a78343-8316722560","trial_id":38,"user_attr":{"tag":"ce3e3758207c2"}}
{"op_code":8,"worker_id":"1a6df335-b3e2-4bc3-8490-a03bb1a78343-8316722560","trial_id":38,"user_attr":{"overrides":{"gamma":0.9948625726188222,"bc_reg":2.2223449329145586,"hidden":64,"clone_lr":0.0003072447290580936,"clone_batch":1024,"clone_weight_decay":1e-06,"clone_class_power":0.09069586676111847,"clone_label_smoothing":0.1,"clone_patience":20,"lr":0.0009872767615864942,"n_step":8,"batch":128,"target_sync":2000,"eps_decay_frac":0.49505721980594136,"reward_scale":31.04940169722158,"bc_reg_decay_frac":0.2262682519927921,"bc_guide_prob":0.2573719963982844}}}
{"op_code":7,"worker_id":"1a6df335-b3e2-4bc3-8490-a03bb1a78343-8316722560","trial_id":37,"step":3,"intermediate_value":28.649466236419332}
{"op_code":8,"worker_id":"1a6df335-b3e2-4bc3-8490-a03bb1a78343-8316722560","trial_id":37,"user_attr":{"hh_saving":{"254":35.06937691513238,"185":20.123287910583787,"230":30.755733883541836}}}
{"op_code":8,"worker_id":"1a6df335-b3e2-4bc3-8490-a03bb1a78343-8316722560","trial_id":37,"user_attr":{"val_efc_mean":37.66782166666666}}
{"op_code":8,"worker_id":"1a6df335-b3e2-4bc3-8490-a03bb1a78343-8316722560","trial_id":37,"user_attr":{"converged_share":1.0}}
{"op_code":8,"worker_id":"1a6df335-b3e2-4bc3-8490-a03bb1a78343-8316722560","trial_id":37,"user_attr":{"wall_s":209.7058961391449}}
{"op_code":6,"worker_id":"1a6df335-b3e2-4bc3-8490-a03bb1a78343-8316722560","trial_id":37,"state":2,"values":[28.649466236419332],"datetime_complete":"2026-10-08T05:43:09.303616"}
{"op_code":4,"worker_id":"1a6df335-b3e2-4bc3-8490-a03bb1a78343-8316722560","study_id":0,"datetime_start":"2026-10-08T05:43:48.261156"}
{"op_code":9,"worker_id":"1a6df335-b3e2-4bc3-8490-a03bb1a78343-8316722560","trial_id":39,"system_attr":{"tpe:relative_params:0":"{\"batch\": 64, \"bc_guide_prob\": 0.5952599612555585, \"bc_reg\": 1.1158864283681948, \"bc_reg_decay_frac\": 0.5012651950599186, \"eps_decay_frac\": 0.263770544205163, \"gamma\": 0.9923900125024796, \"lr\": 0.0009582823876436663, \"n_step\": 16, \"reward_scale\": 27.877360041661923, \"target_sync\": 2000}"}}
{"op_code":5,"worker_id":"1a6df335-b3e2-4bc3-8490-a03bb1a78343-8316722560","trial_id":39,"param_name":"lr","param_value_internal":0.0009582823876436663,"distribution":"{\"name\": \"FloatDistribution\", \"attributes\": {\"step\": null, \"low\": 0.0001, \"high\": 0.003, \"log\": true}}"}
{"op_code":5,"worker_id":"1a6df335-b3e2-4bc3-8490-a03bb1a78343-8316722560","trial_id":39,"param_name":"gamma","param_value_internal":0.9923900125024796,"distribution":"{\"name\": \"FloatDistribution\", \"attributes\": {\"step\": null, \"low\": 0.98, \"high\": 0.999, \"log\": false}}"}
{"op_code":5,"worker_id":"1a6df335-b3e2-4bc3-8490-a03bb1a78343-8316722560","trial_id":39,"param_name":"n_step","param_value_internal":4,"distribution":"{\"name\": \"CategoricalDistribution\", \"attributes\": {\"choices\": [1, 2, 4, 8, 16]}}"}
{"op_code":5,"worker_id":"1a6df335-b3e2-4bc3-8490-a03bb1a78343-8316722560","trial_id":39,"param_name":"batch","param_value_internal":0,"distribution":"{\"name\": \"CategoricalDistribution\", \"attributes\": {\"choices\": [64, 128, 256]}}"}
{"op_code":5,"worker_id":"1a6df335-b3e2-4bc3-8490-a03bb1a78343-8316722560","trial_id":39,"param_name":"target_sync","param_value_internal":2,"distribution":"{\"name\": \"CategoricalDistribution\", \"attributes\": {\"choices\": [500, 1000, 2000, 5000, 10000]}}"}
{"op_code":5,"worker_id":"1a6df335-b3e2-4bc3-8490-a03bb1a78343-8316722560","trial_id":39,"param_name":"eps_decay_frac","param_value_internal":0.263770544205163,"distribution":"{\"name\": \"FloatDistribution\", \"attributes\": {\"step\": null, \"low\": 0.1, \"high\": 0.6, \"log\": false}}"}
{"op_code":5,"worker_id":"1a6df335-b3e2-4bc3-8490-a03bb1a78343-8316722560","trial_id":39,"param_name":"reward_scale","param_value_internal":27.877360041661923,"distribution":"{\"name\": \"FloatDistribution\", \"attributes\": {\"step\": null, \"low\": 5.0, \"high\": 80.0, \"log\": true}}"}
{"op_code":5,"worker_id":"1a6df335-b3e2-4bc3-8490-a03bb1a78343-8316722560","trial_id":39,"param_name":"bc_reg","param_value_internal":1.1158864283681948,"distribution":"{\"name\": \"FloatDistribution\", \"attributes\": {\"step\": null, \"low\": 0.0, \"high\": 3.0, \"log\": false}}"}
{"op_code":5,"worker_id":"1a6df335-b3e2-4bc3-8490-a03bb1a78343-8316722560","trial_id":39,"param_name":"bc_reg_decay_frac","param_value_internal":0.5012651950599186,"distribution":"{\"name\": \"FloatDistribution\", \"attributes\": {\"step\": null, \"low\": 0.1, \"high\": 1.0, \"log\": false}}"}
{"op_code":5,"worker_id":"1a6df335-b3e2-4bc3-8490-a03bb1a78343-8316722560","trial_id":39,"param_name":"bc_guide_prob","param_value_internal":0.5952599612555585,"distribution":"{\"name\": \"FloatDistribution\", \"attributes\": {\"step\": null, \"low\": 0.0, \"high\": 1.0, \"log\": false}}"}
{"op_code":8,"worker_id":"1a6df335-b3e2-4bc3-8490-a03bb1a78343-8316722560","trial_id":39,"user_attr":{"tag":"c3f6d1c11ef35"}}
{"op_code":8,"worker_id":"1a6df335-b3e2-4bc3-8490-a03bb1a78343-8316722560","trial_id":39,"user_attr":{"overrides":{"gamma":0.9923900125024796,"bc_reg":1.1158864283681948,"hidden":64,"clone_lr":0.0003072447290580936,"clone_batch":1024,"clone_weight_decay":1e-06,"clone_class_power":0.09069586676111847,"clone_label_smoothing":0.1,"clone_patience":20,"lr":0.0009582823876436663,"n_step":16,"batch":64,"target_sync":2000,"eps_decay_frac":0.263770544205163,"reward_scale":27.877360041661923,"bc_reg_decay_frac":0.5012651950599186,"bc_guide_prob":0.5952599612555585}}}
{"op_code":7,"worker_id":"1a6df335-b3e2-4bc3-8490-a03bb1a78343-8316722560","trial_id":38,"step":3,"intermediate_value":42.92349308504175}
{"op_code":8,"worker_id":"1a6df335-b3e2-4bc3-8490-a03bb1a78343-8316722560","trial_id":38,"user_attr":{"hh_saving":{"254":42.8812629472409,"185":40.18749476039376,"230":45.701721547490585}}}
{"op_code":8,"worker_id":"1a6df335-b3e2-4bc3-8490-a03bb1a78343-8316722560","trial_id":38,"user_attr":{"val_efc_mean":68.55691346666667}}
{"op_code":8,"worker_id":"1a6df335-b3e2-4bc3-8490-a03bb1a78343-8316722560","trial_id":38,"user_attr":{"converged_share":1.0}}
{"op_code":8,"worker_id":"1a6df335-b3e2-4bc3-8490-a03bb1a78343-8316722560","trial_id":38,"user_attr":{"wall_s":228.78718423843384}}
{"op_code":6,"worker_id":"1a6df335-b3e2-4bc3-8490-a03bb1a78343-8316722560","trial_id":38,"state":2,"values":[42.92349308504175],"datetime_complete":"2026-10-08T05:45:05.252196"}
{"op_code":7,"worker_id":"1a6df335-b3e2-4bc3-8490-a03bb1a78343-8316722560","trial_id":39,"step":3,"intermediate_value":43.236252827405345}
{"op_code":7,"worker_id":"1a6df335-b3e2-4bc3-8490-a03bb1a78343-8316722560","trial_id":39,"step":8,"intermediate_value":49.9343731263188}
{"op_code":8,"worker_id":"1a6df335-b3e2-4bc3-8490-a03bb1a78343-8316722560","trial_id":39,"user_attr":{"hh_saving":{"254":42.69773401198442,"185":40.35472009500122,"230":46.65630437523041,"266":49.51173733582191,"145":46.83366763021509,"229":50.95504999991834,"300":75.52049898713942,"69":46.94527257523959}}}
{"op_code":8,"worker_id":"1a6df335-b3e2-4bc3-8490-a03bb1a78343-8316722560","trial_id":39,"user_attr":{"val_efc_mean":62.36036125}}
{"op_code":8,"worker_id":"1a6df335-b3e2-4bc3-8490-a03bb1a78343-8316722560","trial_id":39,"user_attr":{"converged_share":1.0}}
{"op_code":8,"worker_id":"1a6df335-b3e2-4bc3-8490-a03bb1a78343-8316722560","trial_id":39,"user_attr":{"wall_s":407.30548787117004}}
{"op_code":6,"worker_id":"1a6df335-b3e2-4bc3-8490-a03bb1a78343-8316722560","trial_id":39,"state":1,"values":[49.9343731263188],"datetime_complete":"2026-10-08T05:50:35.574547"}
