Timestamp,Price_SMP,Buy_Rate_USD_kWh,Sell_Rate_USD_kWh,Solar_Gen,Consumption,SoC_kWh,SoC_Planned,SoC_Deviation,Charge_kW,Discharge_kW,Buy_kW,Sell_kW,Step_Cost_USD,Reoptimized
2012-06-30 00:30:00+00:00,0.019557,0.0795683676425,0.020334879675,0.0,0.39,4.794736842105263,4.7947368,0.0,0.0,0.39,0.0,-0.0,0.0,1
2012-06-30 01:00:00+00:00,0.0191019,0.07904784587975,0.0198616780725,0.0,0.411,4.578421052631579,4.5784211,0.21631574210526328,0.0,0.411,0.0,-0.0,0.0,1
2012-06-30 01:30:00+00:00,0.0182901,0.07811934760025001,0.0190175887275,0.0,0.356,4.4375,4.4375,0.14092105263157872,0.0,0.26775,0.08825,0.0,0.0034470162128610315,1
2012-06-30 02:00:00+00:00,0.01545495,0.074876637699875,0.01606967063625,0.0,0.266,4.4375,4.4375,0.0,0.0,0.0,0.266,0.0,0.009958592814083376,1
2012-06-30 02:30:00+00:00,0.0112791,0.07010049882275,0.011727726202499998,0.0,0.265,5.15,5.15,0.7125000000000004,1.5,0.0,1.7650000000000001,0.0,0.061863690211076884,1
2012-06-30 03:00:00+00:00,0.0105534,0.0692704776335,0.010973161484999997,0.0,0.261,5.862500000000001,5.8625,0.7124999999999995,1.5,0.0,1.7610000000000001,0.0,0.06099265555629675,1
2012-06-30 03:30:00+00:00,0.01114995,0.069952783187375,0.01159343926125,0.0,0.26,6.575000000000001,6.575,0.7124999999999995,1.5,0.0,1.76,0.0,0.061558449204889995,1
2012-06-30 04:00:00+00:00,0.01064565,0.06937598880162502,0.011069080728749998,0.0,0.262,7.287500000000001,7.2875,0.7124999999999986,1.5,0.0,1.762,0.0,0.06112024613423164,1
2012-06-30 04:30:00+00:00,0.0095325,0.06810282070625,0.009911655187499998,0.0,0.226,8.0,8.0,0.7124999999999986,1.5,0.0,1.726,0.0,0.05877273426949375,1
2012-06-30 05:00:00+00:00,0.0081918,0.29646939172950004,0.008517628845,0.0,0.232,7.877894736842105,7.8778947,0.1221053000000003,0.0,0.232,0.0,-0.0,0.0,1
2012-06-30 05:30:00+00:00,0.0119925,0.30081645185625006,0.012469501687499999,0.0,0.238,7.752631578947368,7.7526316,0.1252631368421051,0.0,0.238,0.0,-0.0,0.0,1
2012-06-30 06:00:00+00:00,0.01367145,0.3027367551161251,0.01421523192375,0.006,0.212,7.644210526315789,7.6442105,0.10842107894736852,0.0,0.206,0.0,-0.0,0.0,1
2012-06-30 06:30:00+00:00,0.01389285,0.302989981919625,0.01444543810875,0.0,0.234,7.521052631578947,7.5210526,0.12315792631578937,0.0,0.234,0.0,-0.0,0.0,1
2012-06-30 07:00:00+00:00,0.0148953,0.30413653661325,0.015487760557499999,0.0,0.444,7.287368421052632,7.2873684,0.23368423157894735,0.0,0.444,0.0,-0.0,0.0,1
2012-06-30 07:30:00+00:00,0.0171954,0.30676728173850004,0.017879347034999996,0.0,0.8,6.866315789473684,6.8663158,0.42105262105263197,0.0,0.8,0.0,-0.0,0.0,1
2012-06-30 08:00:00+00:00,0.018204,0.30792087051,0.0189280641,0.006,1.128,6.27578947368421,6.2757895,0.5905262894736838,0.0,1.122,0.0,2.220446049250313e-16,-2.101437257540084e-18,1
2012-06-30 08:30:00+00:00,0.0197415,0.30967938997875005,0.0205267181625,0.025,1.063,5.729473684210525,5.7294737,0.5463157736842099,0.0,1.038,0.0,-0.0,0.0,1
2012-06-30 09:00:00+00:00,0.0208485,0.31094552399625003,0.021677749087499996,0.025,0.793,5.325263157894736,5.3252632,0.40421048421052497,0.0,0.768,0.0,-0.0,0.0,1
2012-06-30 09:30:00+00:00,0.0212544,0.31140977313600005,0.022099793759999996,0.056,1.157,4.7457894736842094,4.7457895,0.5794736578947361,0.0,1.101,0.0,-0.0,0.0,1
2012-06-30 10:00:00+00:00,0.0207747,0.31086111506175,0.021601013692499997,0.288,1.036,4.352105263157894,4.3521053,0.3936841736842096,0.0,0.748,0.0,-0.0,0.0,1
2012-06-30 10:30:00+00:00,0.0196431,0.30956684473275003,0.0204244043025,0.413,0.357,4.378705263157894,4.3787053,0.026600036842106434,0.056,0.0,0.0,-0.0,0.0,1
2012-06-30 11:00:00+00:00,0.0194463,0.12894175424075,0.020219776582499998,0.419,0.518,4.326599999999999,4.3266,0.052105263157893766,0.0,0.099,2.7755575615628914e-17,0.0,1.7894263049204883e-18,1
2012-06-30 11:30:00+00:00,0.02021505,0.129821013975125,0.02101910361375,0.413,0.291,4.384549999999999,4.38455,0.057950000000000834,0.122,0.0,0.0,-0.0,0.0,1
2012-06-30 12:00:00+00:00,0.0196677,0.12919498104425,0.0204499827675,0.406,0.3,4.434899999999999,4.4349,0.05035000000000078,0.106,0.0,0.0,5.551115123125783e-17,-5.676010430416545e-19,1
2012-06-30 12:30:00+00:00,0.0190404,0.12847750510099998,0.019797731909999998,0.394,0.499,4.3796368421052625,4.3796368,0.05526319999999885,0.0,0.105,0.0,1.3877787807814457e-17,-1.373743612614886e-19,1
2012-06-30 13:00:00+00:00,0.0184746,0.12783036993650002,0.019209427214999998,0.35,0.59,4.2710526315789465,4.2710526,0.10858424210526252,0.0,0.20631,0.03369,0.0,0.0021533025815803426,1
2012-06-30 13:30:00+00:00,0.01866525,0.128048426350625,0.01940766031875,0.294,0.302,4.266842105263157,4.2668421,0.004210531578946686,0.0,0.008,6.938893903907228e-18,0.0,4.442572225046327e-19,1
2012-06-30 14:00:00+00:00,0.0198645,0.12942007153625001,0.0206546104875,0.3,0.335,4.248421052631578,4.2484211,0.018421005263157042,0.0,0.035,2.7755575615628914e-17,0.0,1.7960642908522453e-18,1
2012-06-30 14:30:00+00:00,0.0195201,0.12902616317525,0.020296511977499997,0.231,0.374,4.173157894736841,4.1731579,0.07526315263157812,0.0,0.143,0.0,-0.0,0.0,1
2012-06-30 15:00:00+00:00,0.0200367,0.12961702571675,0.0208336597425,0.144,0.308,4.086842105263156,4.0868421,0.0863157947368407,0.0,0.164,0.0,-0.0,0.0,1
2012-06-30 15:30:00+00:00,0.0200121,0.12958888940525,0.0208080812775,0.044,0.311,3.9463157894736827,3.9463158,0.14052630526315646,0.0,0.267,0.0,-0.0,0.0,1
2012-06-30 16:00:00+00:00,0.0202212,0.129828048053,0.021025498230000002,0.025,0.266,3.8194736842105246,3.8194737,0.12684208947368258,0.0,0.241,2.7755575615628914e-17,0.0,1.8017261023822727e-18,1
2012-06-30 16:30:00+00:00,0.02293335,0.13293007639587498,0.02384552399625,0.006,0.309,3.6599999999999984,3.66,0.15947368421052444,0.0,0.303,0.0,-0.0,0.0,1
2012-06-30 17:00:00+00:00,0.02726295,0.137882067219875,0.02834733383625,0.0,0.515,3.388947368421051,3.3889474,0.2710525999999982,0.0,0.515,0.0,-0.0,0.0,1
2012-06-30 17:30:00+00:00,0.02936625,0.140287721853125,0.030534292593749998,0.0,0.451,3.1515789473684195,3.1515789,0.23736846842105086,0.0,0.451,0.0,-0.0,0.0,1
2012-06-30 18:00:00+00:00,0.0328164,0.144233839541,0.03412167231,0.0,0.311,2.9878947368421036,2.9878947,0.16368424736841947,0.0,0.311,0.0,-0.0,0.0,1
2012-06-30 18:30:00+00:00,0.0324105,0.14376959040124998,0.0336996276375,0.0,0.364,2.7963157894736828,2.7963158,0.1915789368421037,0.0,0.364,0.0,-0.0,0.0,1
2012-06-30 19:00:00+00:00,0.0291879,0.14008373359475002,0.030348848722499995,0.0,0.367,2.6031578947368406,2.6031579,0.19315788947368295,0.0,0.367,0.0,-0.0,0.0,1
2012-06-30 19:30:00+00:00,0.0254979,0.13586328686975,0.0265120789725,0.0,0.307,2.4415789473684195,2.4415789,0.16157899473684045,0.0,0.307,0.0,-0.0,0.0,1
2012-06-30 20:00:00+00:00,0.0254241,0.13577887793525,0.0264353435775,0.0,0.338,2.263684210526314,2.2636842,0.17789474736841937,0.0,0.338,0.0,-0.0,0.0,1
2012-06-30 20:30:00+00:00,0.0259284,0.136355672321,0.02695970211,0.0,0.325,2.092631578947367,2.0926316,0.17105261052631437,0.0,0.325,0.0,-0.0,0.0,1
2012-06-30 21:00:00+00:00,0.0259284,0.136355672321,0.02695970211,0.0,0.352,1.90736842105263,1.9073684,0.18526317894736688,0.0,0.352,0.0,-0.0,0.0,1
2012-06-30 21:30:00+00:00,0.02373285,0.133844506519625,0.02467682410875,0.0,0.328,1.7347368421052616,1.7347368,0.17263162105262997,0.0,0.328,0.0,-0.0,0.0,1
2012-06-30 22:00:00+00:00,0.0270354,0.13762180633850002,0.028110733035,0.0,0.353,1.548947368421051,1.5489474,0.1857894421052615,0.0,0.353,0.0,-0.0,0.0,1
2012-06-30 22:30:00+00:00,0.0303318,0.1413920720795,0.031538247345,0.0,0.358,1.360526315789472,1.3605263,0.188421068421051,0.0,0.358,0.0,-0.0,0.0,1
2012-06-30 23:00:00+00:00,0.02718915,0.137797658285375,0.028270598441249996,0.0,0.326,1.188947368421051,1.1889474,0.17157891578947204,0.0,0.326,0.0,-0.0,0.0,1
2012-06-30 23:30:00+00:00,0.02936625,0.140287721853125,0.030534292593749998,0.0,0.359,1.0,1.0,0.18894736842105098,0.0,0.359,0.0,-0.0,0.0,1
2012-07-01 00:00:00+00:00,0.03199845,0.093798307183625,0.03327118834875,0.0,0.367,1.7125,1.7125,0.7124999999999999,1.5,0.0,1.867,0.0,0.08756071975591394,1
2012-07-01 00:30:00+00:00,0.0350796,0.09732238019900001,0.03647489109,0.0,0.312,1.7516223684749999,1.7516224,0.0,0.082362881,0.0,0.394362881,0.0,0.0191901671205275,1
2012-07-01 01:00:00+00:00,0.03301935,0.09496596411087499,0.034332694646249995,0.0,0.36,2.4641223684749995,2.4641224,0.7125000315250001,1.5,0.0,1.8599999999999999,0.0,0.08831834662311373,1
2012-07-01 01:30:00+00:00,0.0319431,0.09373500048275,0.0332136368025,0.0,0.482,3.1766223684749995,3.1766224,0.7125000315250003,1.5,0.0,1.982,0.0,0.09289138547840525,1
2012-07-01 02:00:00+00:00,0.03205995,0.093868647962375,0.03333513451124999,0.0,0.313,3.8891223684749994,3.8891224,0.7125000315250007,1.5,0.0,1.813,0.0,0.08509192937789294,1
2012-07-01 02:30:00+00:00,0.0291756,0.09056966543900001,0.030336059489999997,0.006,0.286,4.601622368474999,4.6016224,0.7125000315250007,1.5,0.0,1.78,0.0,0.08060700224071,1
2012-07-01 03:00:00+00:00,0.02827155,0.089535655991375,0.029396050901249995,0.0,0.283,5.314122368474999,5.3141224,0.7125000315250007,1.5,0.0,1.783,0.0,0.07982103731631081,1
2012-07-01 03:30:00+00:00,0.02577465,0.086679820374125,0.026799836703749996,0.0,0.25,6.0266223684749995,6.0266224,0.7125000315250007,1.5,0.0,1.75,0.0,0.07584484282735937,1
2012-07-01 04:00:00+00:00,0.0211683,0.08141129604575001,0.0220102691325,0.0,0.261,6.739122368475,6.7391224,0.7125000315250007,1.5,0.0,1.7610000000000001,0.0,0.07168264616828289,1
2012-07-01 04:30:00+00:00,0.02878815,0.090126518532875,0.029933198666249994,0.0,0.279,7.451622368475,7.4516224,0.7125000315249999,1.5,0.0,1.779,0.0,0.0801675382349923,1
2012-07-01 05:00:00+00:00,0.03078075,0.322305559764375,0.03200505433125,0.0,0.251,7.3195171053171055,7.3195171,0.1321052684750006,0.0,0.251,0.0,-0.0,0.0,1
2012-07-01 05:30:00+00:00,0.03236745,0.32412035185612503,0.03365486532375,0.0,0.273,7.17583289479079,7.1758329,0.1436842053171059,0.0,0.273,0.0,-0.0,0.0,1
2012-07-01 06:00:00+00:00,0.03164175,0.323290330666875,0.03290030060625,0.0,0.281,7.027938157948684,7.0279382,0.14789469479078932,0.0,0.281,0.0,-0.0,0.0,1
2012-07-01 06:30:00+00:00,0.0311559,0.32273463851475004,0.0323951259225,0.0,0.247,6.897938157948684,6.8979382,0.12999995794868457,0.0,0.247,0.0,-0.0,0.0,1
2012-07-01 07:00:00+00:00,0.03225675,0.323993738454375,0.03353976223125,0.0,0.434,6.669517105317105,6.6695171,0.22842105794868406,0.0,0.434,0.0,-0.0,0.0,1
2012-07-01 07:30:00+00:00,0.0322875,0.3240289088437501,0.033571735312499996,0.0,0.815,6.240569736896052,6.2405697,0.4289474053171052,0.0,0.815,0.0,-0.0,0.0,1
2012-07-01 08:00:00+00:00,0.0338496,0.325815564624,0.03519596784,0.0,0.745,5.848464473738158,5.8484645,0.39210523689605203,0.0,0.745,0.0,-0.0,0.0,1
2012-07-01 08:30:00+00:00,0.033948,0.32592810987000004,0.035298281699999996,0.031,0.737,5.4768855263697365,5.4768855,0.37157897373815807,0.0,0.706,0.0,-0.0,0.0,1
2012-07-01 09:00:00+00:00,0.03614355,0.328439275671375,0.03758115970125,0.044,0.742,5.109517105317105,5.1095171,0.36736842636973677,0.0,0.698,0.0,-0.0,0.0,1
2012-07-01 09:30:00+00:00,0.03720135,0.329649137065875,0.03868103369625,0.088,1.285,4.479517105317105,4.4795171,0.6300000053171049,0.0,1.197,0.0,2.220446049250313e-16,-4.294457422587827e-18,1
2012-07-01 10:00:00+00:00,0.037146,0.32958583036500005,0.03862348214999999,0.181,0.592,4.26320131584342,4.2632013,0.21631580531710437,0.0,0.411,0.0,-0.0,0.0,1
2012-07-01 10:30:00+00:00,0.0373059,0.32976871638975,0.0387897421725,0.381,0.372,4.26747631584342,4.2674763,0.004274984156579897,0.009,0.0,0.0,-0.0,0.0,1
2012-07-01 11:00:00+00:00,0.0351903,0.14694899360074998,0.036589994182499995,0.388,0.204,4.35487631584342,4.3548763,0.08739998415657979,0.184,0.0,0.0,-0.0,0.0,1
2012-07-01 11:30:00+00:00,0.0360759,0.14796190081475,0.037510818922499994,0.319,0.212,4.4057013158434195,4.4057013,0.05082498415657977,0.107,0.0,0.0,-0.0,0.0,1
2012-07-01 12:00:00+00:00,0.036285,0.1482010594625,0.037728235874999995,0.05,0.292,4.278332894790788,4.2783329,0.12736841584341985,0.0,0.242,0.0,-0.0,0.0,1
2012-07-01 12:30:00+00:00,0.0356577,0.14748358351925,0.0370759850175,0.181,0.212,4.262017105317104,4.2620171,0.016315794790788374,0.0,0.031,0.0,-0.0,0.0,1
2012-07-01 13:00:00+00:00,0.0360882,0.14797596897049997,0.03752360815499999,0.269,0.182,4.303342105317103,4.3033421,0.04132499468289641,0.087,0.0,0.0,-0.0,0.0,1
2012-07-01 13:30:00+00:00,0.03589755,0.14775791255637502,0.03732537505125,0.338,0.198,4.369842105317103,4.3698421,0.06649999468289636,0.14,0.0,0.0,-0.0,0.0,1
2012-07-01 14:00:00+00:00,0.0355224,0.147328833806,0.03693530346,0.231,0.217,4.376492105317102,4.3764921,0.006649994682897287,0.014,0.0,0.0,-0.0,0.0,1
2012-07-01 14:30:00+00:00,0.0350427,0.14678017573175,0.0364365233925,0.194,0.188,4.379342105317102,4.3793421,0.002849994682897261,0.006,0.0,0.0,-0.0,0.0,1
2012-07-01 15:00:00+00:00,0.0361866,0.1480885142165,0.03762592201499999,0.156,0.193,4.359868421106576,4.3598684,0.01947370531710213,0.0,0.037,6.938893903907228e-18,0.0,5.1378524426777535e-19,1
2012-07-01 15:30:00+00:00,0.0343047,0.14593608638674999,0.035669169442499996,0.081,0.179,4.308289473738155,4.3082895,0.051578921106576026,0.0,0.098,0.0,1.3877787807814457e-17,-2.475045824019972e-19,1
2012-07-01 16:00:00+00:00,0.03511035,0.146857550588375,0.03650686417124999,0.019,0.199,4.213552631632892,4.2135526,0.09473687373815487,0.0,0.18,2.7755575615628914e-17,0.0,2.0380579250408452e-18,1
2012-07-01 16:30:00+00:00,0.0376134,0.1497204202835,0.039109472985,0.0,0.223,4.09618421058026,4.0961842,0.11736843163289201,0.0,0.223,0.0,-0.0,0.0,1
2012-07-01 17:00:00+00:00,0.04039935,0.152906857560875,0.042006234146249995,0.0,0.177,4.003026315843417,4.0030263,0.0931579105802598,0.0,0.177,0.0,-0.0,0.0,1
2012-07-01 17:30:00+00:00,0.04091595,0.153497720102375,0.04254338191124999,0.0,0.243,3.8751315790013123,3.8751316,0.12789471584341738,0.0,0.243,0.0,-0.0,0.0,1
2012-07-01 18:00:00+00:00,0.04894785,0.16268422580712502,0.050894750733749994,0.0,0.287,3.724078947422365,3.7240789,0.15105267900131247,0.0,0.287,0.0,-0.0,0.0,1
2012-07-01 18:30:00+00:00,0.04686915,0.16030670748537498,0.04873337044124999,0.0,0.266,3.584078947422365,3.5840789,0.14000004742236483,0.0,0.266,0.0,-0.0,0.0,1
2012-07-01 19:00:00+00:00,0.0437142,0.1566982255355,0.045452932305,0.0,0.312,3.4198684211065755,3.4198684,0.16421054742236496,0.0,0.312,0.0,-0.0,0.0,1
2012-07-01 19:30:00+00:00,0.0425457,0.15536175073925,0.04423795521749999,0.0,0.295,3.2646052632118385,3.2646053,0.15526312110657559,0.0,0.295,0.0,-0.0,0.0,1
2012-07-01 20:00:00+00:00,0.04017795,0.152653630757375,0.04177602796124999,0.0,0.298,3.1077631579486806,3.1077632,0.15684206321183858,0.0,0.298,0.0,-0.0,0.0,1
2012-07-01 20:30:00+00:00,0.03956295,0.151950222969875,0.04113656633625,0.0,0.34,2.928815789527628,2.9288158,0.17894735794868044,0.0,0.34,0.0,-0.0,0.0,1
2012-07-01 21:00:00+00:00,0.0385974,0.1508458727435,0.040132611585,0.0,0.351,2.7440789474223646,2.7440789,0.184736889527628,0.0,0.351,0.0,-0.0,0.0,1
2012-07-01 21:30:00+00:00,0.03905865,0.151373428584125,0.04061220780375,0.0,0.705,2.373026315843417,2.3730263,0.37105264742236477,0.0,0.705,0.0,-0.0,0.0,1
2012-07-01 22:00:00+00:00,0.0388311,0.15111316770275,0.040375607002499994,0.0,0.308,2.2109210526855225,2.2109211,0.16210521584341686,0.0,0.308,0.0,-0.0,0.0,1
2012-07-01 22:30:00+00:00,0.0409467,0.15353289049175,0.0425753549925,0.0,0.318,2.043552631632891,2.0435526,0.16736845268552258,0.0,0.318,0.0,-0.0,0.0,1
2012-07-01 23:00:00+00:00,0.0375396,0.14963601134899998,0.03903273759,0.0,0.314,1.8782894737381541,1.8782895,0.16526313163289097,0.0,0.314,0.0,-0.0,0.0,1
2012-07-01 23:30:00+00:00,0.03880035,0.15107799731337498,0.04034363392125,0.0,0.315,1.7125000000539436,1.7125,0.16578947373815422,0.0,0.315,0.0,-0.0,0.0,1
2012-07-02 00:00:00+00:00,0.037515,0.10010787503749999,0.039007159124999996,0.0,0.32,1.7125000000539436,1.7125,5.394373836509203e-11,0.0,0.0,0.32,0.0,0.016017260005999998,1
2012-07-02 00:30:00+00:00,0.03439695,0.096541597554875,0.03576508868625,0.0,0.315,2.2999999975539436,2.3,0.5874999999460562,1.2368421,0.0,1.5518421,0.0,0.07490865774345604,1
2012-07-02 01:00:00+00:00,0.03362205,0.09565530374262503,0.03495936703875,0.0,0.218,3.0124999975539435,3.0125,0.7125000024460566,1.5,0.0,1.718,0.0,0.0821679059149149,1
2012-07-02 01:30:00+00:00,0.03406485,0.09616175734962502,0.03541977940875,0.006,0.207,3.7249999975539434,3.725,0.7125000024460566,1.5,0.0,1.701,0.0,0.08178557462585609,1
2012-07-02 02:00:00+00:00,0.0337266,0.09577488306650002,0.035068075515,0.0,0.207,4.437499997553943,4.4375,0.7125000024460566,1.5,0.0,1.707,0.0,0.08174386269725777,1
2012-07-02 02:30:00+00:00,0.03308085,0.09503630488962501,0.03439664080875,0.0,0.209,5.149999997553943,5.15,0.712500002446057,1.5,0.0,1.709,0.0,0.08120852252818458,1
2012-07-02 03:00:00+00:00,0.0331239,0.09508554343475002,0.0344414031225,0.0,0.2,5.862499997553943,5.8625,0.712500002446057,1.5,0.0,1.7,0.0,0.08082271191953752,1
2012-07-02 03:30:00+00:00,0.0331485,0.09511367974625,0.034466981587499994,0.0,0.215,6.5749999975539435,6.575,0.712500002446057,1.5,0.0,1.715,0.0,0.08155998038240937,1
2012-07-02 04:00:00+00:00,0.03313005,0.09509257751262501,0.034447797738749994,0.0,0.232,7.287499997553944,7.2875,0.7125000024460562,1.5,0.0,1.732,0.0,0.08235017212593326,1
2012-07-02 04:30:00+00:00,0.0331485,0.09511367974625,0.034466981587499994,0.0,0.186,7.999999997553944,8.0,0.7125000024460562,1.5,0.0,1.686,0.0,0.08018083202608875,1
2012-07-02 05:00:00+00:00,0.03326535,0.325147327225875,0.034588479296249995,0.0,0.229,7.879473681764471,7.8794737,0.12052629755394406,0.0,0.229,0.0,-0.0,0.0,1
2012-07-02 05:30:00+00:00,0.0354117,0.32760222040425,0.03682020036749999,0.0,0.193,7.77789473439605,7.7778947,0.10157898176447056,0.0,0.193,0.0,-0.0,0.0,1
2012-07-02 06:00:00+00:00,0.03721365,0.32966320522162507,0.03869382292875,0.0,0.194,7.675789471238155,7.6757895,0.10210523439605002,0.0,0.194,0.0,-0.0,0.0,1
2012-07-02 06:30:00+00:00,0.04154325,0.334615196045625,0.04319563276874999,0.0,0.222,7.558947365974997,7.5589474,0.11684207123815504,0.0,0.222,0.0,-0.0,0.0,1
2012-07-02 07:00:00+00:00,0.04940295,0.3436047475698751,0.051367952336249995,0.0,0.366,7.366315787027628,7.3663158,0.1926315659749971,0.0,0.366,0.0,-0.0,0.0,1
2012-07-02 07:30:00+00:00,0.04357275,0.33693644174437504,0.04530585613125,0.0,0.86,6.91368420808026,6.9136842,0.4526315870276285,0.0,0.86,0.0,-0.0,0.0,1
2012-07-02 08:00:00+00:00,0.05431065,0.34921794171412507,0.056470856103749995,0.013,0.96,6.415263155448681,6.4152632,0.4984210080802596,0.0,0.947,0.0,-0.0,0.0,1
2012-07-02 08:30:00+00:00,0.0599625,0.35568225928125,0.0623475084375,0.038,0.827,5.999999997553944,6.0,0.415263155448681,0.0,0.789,0.0,1.1102230246251565e-16,-3.4609819697661857e-18,1
2012-07-02 09:00:00+00:00,0.05511015,0.35013237183787504,0.05730215621625,0.025,0.779,5.6031578922907865,5.6031579,0.39684209755394395,0.0,0.754,0.0,-0.0,0.0,1
2012-07-02 09:30:00+00:00,0.0512418,0.3457079368545001,0.05327994259499999,0.056,0.717,5.255263155448681,5.2552632,0.3478946922907866,0.0,0.661,0.0,1.1102230246251565e-16,-2.95763095098378e-18,1
2012-07-02 10:00:00+00:00,0.0551163,0.35013940591575,0.05730855083249999,0.3,0.512,5.14368420808026,5.1436842,0.1115789554486808,0.0,0.212,2.7755575615628914e-17,0.0,4.859160378452992e-18,1
2012-07-02 10:30:00+00:00,0.0485481,0.34262701074525004,0.05047910067749999,0.438,0.232,5.24153420808026,5.2415342,0.0978499919197402,0.206,0.0,0.0,-0.0,0.0,1
2012-07-02 11:00:00+00:00,0.04616805,0.15950482260762502,0.04800438418875,0.438,0.261,5.325609208080261,5.3256092,0.08407499191973944,0.177,0.0,0.0,-0.0,0.0,1
2012-07-02 11:30:00+00:00,0.05245335,0.16669365019587498,0.05453968199625,0.444,0.253,5.416334208080261,5.4163342,0.09072499191973904,0.191,0.0,0.0,-0.0,0.0,1
2012-07-02 12:00:00+00:00,0.0549687,0.16957058804675,0.057155080042499994,0.4,0.226,5.498984208080261,5.4989842,0.08264999191973921,0.174,0.0,0.0,-0.0,0.0,1
2012-07-02 12:30:00+00:00,-0.0364572,0.065001986357,-0.03790728513,0.394,0.239,6.211484208080261,6.2114842,0.7124999919197395,1.5,0.0,1.3449999999999998,0.0,0.04371383582508249,1
2012-07-02 13:00:00+00:00,0.04337595,0.15631135125237502,0.04510122841125,0.206,0.212,6.208326313343419,6.2083263,0.0031579080802606185,0.0,0.006,5.204170427930421e-18,0.0,4.0673545586872744e-19,1
2012-07-02 13:30:00+00:00,0.05314215,0.167481466917875,0.055255879016249995,0.156,0.27,6.14832631334342,6.1483263,0.06000001334341931,0.0,0.114,1.3877787807814457e-17,0.0,1.162136129813883e-18,1
2012-07-02 14:00:00+00:00,0.04459365,0.157704098671625,0.046367362428749996,0.144,0.282,6.075694734396051,6.0756947,0.07263161334341994,0.0,0.138,0.0,2.7755575615628914e-17,-6.434764169942208e-19,1
2012-07-02 14:30:00+00:00,0.0519921,0.16616609435525,0.054060085777499996,0.094,0.397,5.916221050185524,5.9162211,0.15947363439605144,0.0,0.303,5.551115123125783e-17,0.0,4.6120355966308704e-18,1
2012-07-02 15:00:00+00:00,0.0559281,0.17066790419525002,0.0581526401775,0.106,0.306,5.810957892290787,5.8109579,0.10526315018552435,0.0,0.2,0.0,-0.0,0.0,1
2012-07-02 15:30:00+00:00,0.0566907,0.17154012985175,0.05894557259249999,0.063,0.243,5.716221050185524,5.7162211,0.09473679229078691,0.0,0.18,0.0,-0.0,0.0,1
2012-07-02 16:00:00+00:00,0.0589047,0.17407239788675,0.0612476344425,0.019,0.249,5.595168418606577,5.5951684,0.1210526501855238,0.0,0.23,0.0,-0.0,0.0,1
2012-07-02 16:30:00+00:00,0.06386775,0.179748898731875,0.06640808975625,0.0,0.277,5.449378944922366,5.4493789,0.14578951860657696,0.0,0.277,0.0,-0.0,0.0,1
2012-07-02 17:00:00+00:00,0.06529455,0.181380804798875,0.06789164072625001,0.0,0.219,5.3341157870276295,5.3341158,0.11526314492236622,0.0,0.219,0.0,-0.0,0.0,1
2012-07-02 17:30:00+00:00,0.10175175,0.223078818441875,0.10579892585624999,0.0,0.375,5.136747365974998,5.1367474,0.1973683870276295,0.0,0.375,0.0,-0.0,0.0,1
2012-07-02 18:00:00+00:00,0.1472556,0.275123960639,0.15311269148999998,0.0,0.436,4.347273681764471,4.3472737,0.7894736659749979,0.0,1.5,0.0,1.064,-0.08145595187268,1
2012-07-02 18:30:00+00:00,0.14934045,0.27750851303862506,0.15528046639874998,0.0,0.258,3.5577999975539445,3.5578,0.7894736817644712,0.0,1.5,0.0,1.242,-0.09642916963362375,1
2012-07-02 19:00:00+00:00,0.14467875,0.272176682009375,0.15043334728125,0.0,0.235,2.768326313343418,2.7683263,0.7894736975539445,0.0,1.5,0.0,1.2650000000000001,-0.09514909215539062,1
2012-07-02 19:30:00+00:00,0.08417505,0.202975423875125,0.08752311261375,0.0,0.431,2.54148420808026,2.5414842,0.22684211334341775,0.0,0.431,0.0,-0.0,0.0,1
2012-07-02 20:00:00+00:00,0.07554045,0.193099578538625,0.07854507139874999,0.0,0.286,2.3909578922907864,2.3909579,0.15052630808026013,0.0,0.286,0.0,-0.0,0.0,1
2012-07-02 20:30:00+00:00,0.13397775,0.259937386506875,0.13930671500624997,0.0,0.32,2.2225368396592073,2.2225368,0.1684210922907865,0.0,0.32,0.0,-0.0,0.0,1
2012-07-02 21:00:00+00:00,0.07683195,0.19457673489237498,0.07988794081124999,0.0,0.326,2.0509578922907865,2.0509579,0.17157893965920756,0.0,0.326,0.0,-0.0,0.0,1
2012-07-02 21:30:00+00:00,0.0691629,0.18580523978225,0.0719138543475,0.0,0.313,1.8862210501855234,1.8862211,0.16473679229078653,0.0,0.313,0.0,-0.0,0.0,1
2012-07-02 22:00:00+00:00,0.06993165,0.186684499516625,0.07271318137874999,0.0,0.291,1.7330631554486813,1.7330632,0.15315785018552353,0.0,0.291,0.0,-0.0,0.0,1
2012-07-02 22:30:00+00:00,0.13854105,0.26515667229012496,0.14405152026374998,0.0,0.28,1.4920328922907866,1.4920329,0.22155655544868136,0.0,0.4579575,0.0,0.1779575,-0.012817524208668144,1
2012-07-02 23:00:00+00:00,0.0775515,0.19539972200375,0.08063611091249999,0.0,0.29,1.3394013133434182,1.3394013,0.1526315922907866,0.0,0.29,0.0,-0.0,0.0,1
2012-07-02 23:30:00+00:00,0.06964875,0.18636093193437497,0.07241902903124998,0.0,0.261,1.2020328922907866,1.2020329,0.1373684133434181,0.0,0.261,0.0,-0.0,0.0,1
2012-07-03 00:00:00+00:00,0.05408925,0.119064714910625,0.056240649918749996,0.0,0.307,1.9145328922907865,1.9145329,0.7125000077092134,1.5,0.0,1.807,0.0,0.10757496992174968,1
2012-07-03 00:30:00+00:00,0.05709045,0.12249734491362502,0.059361222648749996,0.0,0.298,2.6270328922907864,2.6270329,0.7125000077092136,1.5,0.0,1.798,0.0,0.11012511307734889,1
2012-07-03 01:00:00+00:00,0.06643845,0.133189143283625,0.06908103934874998,0.0,0.219,2.6270328922907864,2.6270329,7.709213711848406e-09,0.0,0.0,0.219,0.0,0.014584211189556938,1
2012-07-03 01:30:00+00:00,0.06637695,0.133118802504875,0.06901709318625,0.0,0.247,2.6270328922907864,2.6270329,0.08265390770921366,0.0,0.0,0.247,0.0,0.016440172109352065,1
2012-07-03 02:00:00+00:00,0.06015315,0.126000315695375,0.06254574154124999,0.0,0.181,3.2201539447907863,3.2201539,0.5931210077092137,1.2486759,0.0,1.4296759,0.0,0.0900698073710347,1
2012-07-03 02:30:00+00:00,0.0517461,0.11638473124025,0.0538043011275,0.0,0.199,3.9326539447907862,3.9326539,0.7124999552092137,1.5,0.0,1.699,0.0,0.09886882918859238,1
2012-07-03 03:00:00+00:00,0.04996875,0.11435188273437501,0.051956257031249994,0.0,0.202,4.645153944790787,4.6451539,0.7124999552092142,1.5,0.0,1.702,0.0,0.09731345220695313,1
2012-07-03 03:30:00+00:00,0.0471213,0.11109510467825,0.048995549707499995,0.0,0.224,5.357653944790787,5.3576539,0.7124999552092133,1.5,0.0,1.724,0.0,0.0957639802326515,1
2012-07-03 04:00:00+00:00,0.0444522,0.10804231488049999,0.04622028625499999,0.0,0.216,6.070153944790787,6.0701539,0.7124999552092133,1.5,0.0,1.716,0.0,0.092700306167469,1
2012-07-03 04:30:00+00:00,0.03800085,0.10066356718962502,0.03951233380875,0.0,0.193,6.782653944790788,6.7826539,0.7124999552092124,1.5,0.0,1.693,0.0,0.08521170962601758,1
2012-07-03 05:00:00+00:00,0.0400857,0.33294811958925,0.0416801087175,0.0,0.22,6.666864471106577,6.6668645,0.11578944479078768,0.0,0.22,0.0,-0.0,0.0,1
2012-07-03 05:30:00+00:00,0.04244115,0.33564217141537506,0.044129246741249996,0.0,0.184,6.570022365843419,6.5700224,0.09684207110657717,0.0,0.184,0.0,-0.0,0.0,1
2012-07-03 06:00:00+00:00,0.0469614,0.34081221865350003,0.04882928968499999,0.0,0.218,6.455285523738156,6.4552855,0.1147368658434198,0.0,0.218,0.0,-0.0,0.0,1
2012-07-03 06:30:00+00:00,0.05444595,0.34937269142737504,0.056611537661249996,0.0,0.197,6.35160131321184,6.3516013,0.10368422373815633,0.0,0.197,0.0,-0.0,0.0,1
2012-07-03 07:00:00+00:00,0.05514705,0.35017457630512505,0.057340523913750004,0.0,0.446,6.1168644711065765,6.1168645,0.23473681321183992,0.0,0.446,0.0,-0.0,0.0,1
2012-07-03 07:30:00+00:00,0.04983345,0.34409713302112505,0.05181557547374999,0.0,0.802,5.694759207948682,5.6947592,0.4221052711065765,0.0,0.802,0.0,-0.0,0.0,1
2012-07-03 08:00:00+00:00,0.05495025,0.349949485813125,0.057135896193749994,0.006,0.77,5.292653944790787,5.2926539,0.4021053079486814,0.0,0.764,0.0,-0.0,0.0,1
2012-07-03 08:30:00+00:00,0.0611556,0.357046870389,0.06358806399,0.05,0.801,4.89739078689605,4.8973908,0.3952631447907873,0.0,0.751,0.0,-0.0,0.0,1
2012-07-03 09:00:00+00:00,0.0548211,0.34980177017775,0.05700160925249999,0.05,0.782,4.512127629001314,4.5121276,0.3852631868960499,0.0,0.732,0.0,-0.0,0.0,1
2012-07-03 09:30:00+00:00,0.05316675,0.3479096032293751,0.05528145748125,0.063,0.8,4.124232892159208,4.1242329,0.3878947290013137,0.0,0.737,1.1102230246251565e-16,0.0,1.9312862599672747e-17,1
2012-07-03 10:00:00+00:00,0.05043,0.34477943857500004,0.05243585325,0.306,0.508,4.017917102685524,4.0179171,0.10631579215920794,0.0,0.202,0.0,-0.0,0.0,1
2012-07-03 10:30:00+00:00,0.04451985,0.338019689737125,0.04629062703375,0.438,0.34,4.064467102685524,4.0644671,0.046549997314476066,0.098,0.0,5.551115123125783e-17,0.0,9.381931058070197e-18,1
2012-07-03 11:00:00+00:00,0.044772,0.15790808693000002,0.0465528063,0.431,0.288,4.1323921026855235,4.1323921,0.06792499731447599,0.143,0.0,0.0,5.551115123125783e-17,-1.292099935379376e-18,1
2012-07-03 11:30:00+00:00,0.0444522,0.1575423148805,0.04622028625499999,0.438,0.239,4.2269171026855235,4.2269171,0.09452499731447617,0.199,0.0,0.0,-0.0,0.0,1
2012-07-03 12:00:00+00:00,0.04022715,0.152709903380375,0.04182718489125,0.425,0.247,4.311467102685524,4.3114671,0.08454999731447632,0.178,0.0,0.0,-0.0,0.0,1
2012-07-03 12:30:00+00:00,0.03839445,0.150613748173625,0.03992158924874999,0.406,0.244,4.388417102685524,4.3884171,0.07694999731447627,0.162,0.0,0.0,-0.0,0.0,1
2012-07-03 13:00:00+00:00,0.03786555,0.15000881747637498,0.03937165225124999,0.4,0.277,4.446842102685523,4.4468421,0.058424997314475924,0.123,0.0,0.0,-0.0,0.0,1
2012-07-03 13:30:00+00:00,0.0387204,0.150986554301,0.040260503909999995,0.219,0.298,4.405263155317102,4.4052632,0.04157890268552311,0.0,0.079,0.0,1.3877787807814457e-17,-2.793633651493321e-19,1
2012-07-03 14:00:00+00:00,0.0381669,0.15035348729225,0.03968498844749999,0.15,0.251,4.3521052605802595,4.3521053,0.053157855317102154,0.0,0.101,0.0,-0.0,0.0,1
2012-07-03 14:30:00+00:00,0.03929235,0.151640723543375,0.04085520322124999,0.163,0.269,4.296315786896049,4.2963158,0.05578946058025913,0.0,0.106,1.3877787807814457e-17,0.0,1.052218892179206e-18,1
2012-07-03 15:00:00+00:00,0.0391386,0.1514648715965,0.040695337815,0.106,0.264,4.213157892159207,4.2131579,0.08315788689604897,0.0,0.158,2.7755575615628914e-17,0.0,2.1019973483540898e-18,1
2012-07-03 15:30:00+00:00,0.0386712,0.15093028167800002,0.040209346980000005,0.056,0.298,4.085789471106575,4.0857895,0.12736839215920703,0.0,0.242,0.0,-0.0,0.0,1
2012-07-03 16:00:00+00:00,0.04126035,0.153891628463375,0.04290148042125,0.019,0.266,3.9557894711065753,3.9557895,0.12999997110657535,0.0,0.247,2.7755575615628914e-17,0.0,2.135675365213738e-18,1
2012-07-03 16:30:00+00:00,0.04187535,0.15459503625087498,0.043540942046249996,0.0,0.269,3.8142105237381543,3.8142105,0.14157897110657514,0.0,0.269,0.0,-0.0,0.0,1
2012-07-03 17:00:00+00:00,0.0499134,0.1637885760335,0.051898705484999995,0.0,0.279,3.667368418474996,3.6673684,0.1468421237381543,0.0,0.279,0.0,-0.0,0.0,1
2012-07-03 17:30:00+00:00,0.0535419,0.16793868197975,0.0556715290725,0.0,0.285,3.5173684184749963,3.5173684,0.1500000184749961,0.0,0.285,0.0,-0.0,0.0,1
2012-07-03 18:00:00+00:00,0.06712725,0.18347696000562497,0.06979723636874999,0.0,0.823,3.0842105237381543,3.0842105,0.4331579184749961,0.0,0.823,0.0,-0.0,0.0,1
2012-07-03 18:30:00+00:00,0.0740583,0.19140436577075,0.0770039688825,0.0,0.581,2.778421050053944,2.7784211,0.3057894237381542,0.0,0.581,0.0,-0.0,0.0,1
2012-07-03 19:00:00+00:00,0.06561435,0.181746576848375,0.06822416077124999,0.0,0.37,2.583684207948681,2.5836842,0.19473685005394392,0.0,0.37,0.0,-0.0,0.0,1
2012-07-03 19:30:00+00:00,0.052275,0.1664896619375,0.054354238124999996,0.0,0.382,2.382631576369733,2.3826316,0.20105260794868096,0.0,0.382,0.0,-0.0,0.0,1
2012-07-03 20:00:00+00:00,0.0460758,0.15939931143949998,0.04790846494499999,0.0,0.381,2.1821052605802596,2.1821053,0.2005262763697333,0.0,0.381,0.0,-0.0,0.0,1
2012-07-03 20:30:00+00:00,0.0493476,0.163141440869,0.05131040078999999,0.0,0.311,2.0184210500539437,2.0184211,0.1636841605802597,0.0,0.311,0.0,-0.0,0.0,1
2012-07-03 21:00:00+00:00,0.0465801,0.15997610582525001,0.0484328234775,0.0,0.259,1.8821052605802595,1.8821053,0.13631575005394359,0.0,0.259,0.0,-0.0,0.0,1
2012-07-03 21:30:00+00:00,0.0453132,0.15852708578299998,0.04711553253,0.006,0.262,1.7473684184749962,1.7473684,0.13473686058025947,0.0,0.256,0.0,-0.0,0.0,1
2012-07-03 22:00:00+00:00,0.043296,0.15621990824,0.0450180984,0.0,0.254,1.6136842079486804,1.6136842,0.13368421847499623,0.0,0.254,0.0,-0.0,0.0,1
2012-07-03 22:30:00+00:00,0.04878795,0.162501339782375,0.05072849071125,0.0,0.35,1.429473681632891,1.4294737,0.18421050794868044,0.0,0.35,0.0,-0.0,0.0,1
2012-07-03 23:00:00+00:00,0.04317915,0.156086260760375,0.044896600691249997,0.0,0.374,1.232631576369733,1.2326316,0.19684208163289107,0.0,0.374,0.0,-0.0,0.0,1
2012-07-03 23:30:00+00:00,0.0406884,0.15323745922100002,0.04230678111,0.0,0.442,1.0,1.0,0.23263157636973308,0.0,0.442,0.0,-0.0,0.0,1
2012-07-04 00:00:00+00:00,0.03747195,0.100058636492375,0.038962396811249994,0.0,0.513,1.0,1.0,0.0,0.0,0.0,0.513,0.0,0.025665040260294186,1
2012-07-04 00:30:00+00:00,0.03650025,0.098947252188125,0.03795204744374999,0.0,0.528,1.037126315875,1.0371263,0.037126299999999945,0.078160665,0.0,0.606160665,0.0,0.029988966093138277,1
2012-07-04 01:00:00+00:00,0.03599595,0.09837045780237501,0.03742768891124999,0.0,0.234,1.7496263158749998,1.7496263,0.7124999841250002,1.5,0.0,1.734,0.0,0.08528718691465913,1
2012-07-04 01:30:00+00:00,0.0363711,0.09879953655275002,0.0378177605025,0.0,0.195,2.4621263158749995,2.4621263,0.7124999841250002,1.5,0.0,1.695,0.0,0.08373260722845564,1
2012-07-04 02:00:00+00:00,0.03486435,0.097076187473375,0.03625107952125,0.0,0.219,3.1746263158749994,3.1746263,0.7124999841250004,1.5,0.0,1.719,0.0,0.08343698313336581,1
2012-07-04 02:30:00+00:00,0.033579,0.09560606519749999,0.03491460472499999,0.0,0.184,3.8871263158749993,3.8871263,0.7124999841250004,1.5,0.0,1.684,0.0,0.08050030689629499,1
2012-07-04 03:00:00+00:00,0.03375735,0.09581005345587501,0.03510004859625,0.0,0.226,4.599626315875,4.5996263,0.7124999841250004,1.5,0.0,1.726,0.0,0.08268407613242014,1
2012-07-04 03:30:00+00:00,0.03375735,0.09581005345587501,0.03510004859625,0.0,0.194,5.312126315875,5.3121263,0.7124999841250004,1.5,0.0,1.694,0.0,0.08115111527712614,1
2012-07-04 04:00:00+00:00,0.0337635,0.09581708753375,0.0351064432125,0.0,0.2,6.024626315875,6.0246263,0.7124999841250004,1.5,0.0,1.7,0.0,0.08144452440368749,1
2012-07-04 04:30:00+00:00,0.0338742,0.09594370093550002,0.035221546305,0.0,0.183,6.737126315875001,6.7371263,0.7124999841249995,1.5,0.0,1.683,0.0,0.08073662433722327,1
2012-07-04 05:00:00+00:00,0.0338742,0.3258437009355001,0.035221546305,0.0,0.214,6.624494736927632,6.6244947,0.11263161587500115,0.0,0.214,0.0,-0.0,0.0,1
2012-07-04 05:30:00+00:00,0.03388035,0.325850735013375,0.03522794092124999,0.0,0.2,6.519231579032895,6.5192316,0.10526313692763178,0.0,0.2,0.0,-0.0,0.0,1
2012-07-04 06:00:00+00:00,0.03415095,0.326160234439875,0.035509304036249995,0.0,0.188,6.420284210611842,6.4202842,0.09894737903289474,0.0,0.188,0.0,-0.0,0.0,1
2012-07-04 06:30:00+00:00,0.0454485,0.33908183549625004,0.0472562140875,0.0,0.227,6.300810526401316,6.3008105,0.11947371061184242,0.0,0.227,0.0,-0.0,0.0,1
2012-07-04 07:00:00+00:00,0.048216,0.34224717054000003,0.0501337914,0.0,0.404,6.088178947453947,6.0881789,0.21263162640131572,0.0,0.404,0.0,-0.0,0.0,1
2012-07-04 07:30:00+00:00,0.0472197,0.34110764992425,0.049097863567500004,0.0,0.809,5.6623894737697364,5.6623895,0.42578944745394764,0.0,0.809,0.0,-0.0,0.0,1
2012-07-04 08:00:00+00:00,0.06583575,0.362399803651875,0.06845436695624998,0.006,0.786,5.251863157980263,5.2518632,0.4105262737697366,0.0,0.78,0.0,-0.0,0.0,1
2012-07-04 08:30:00+00:00,0.07097715,0.36828029275537505,0.07380026614124999,0.038,0.763,4.870284210611842,4.8702842,0.3815789579802624,0.0,0.725,0.0,-0.0,0.0,1
2012-07-04 09:00:00+00:00,0.05513475,0.350160508149375,0.05732773468124999,0.056,0.802,4.477652631664473,4.4776526,0.3926316106118417,0.0,0.746,0.0,-0.0,0.0,1
2012-07-04 09:30:00+00:00,0.0513279,0.3458064139447501,0.053369467222499994,0.113,0.806,4.112915789559209,4.1129158,0.364736831664473,0.0,0.693,1.1102230246251565e-16,0.0,1.9196112141225968e-17,1
2012-07-04 10:00:00+00:00,0.05169075,0.346221424539375,0.053746749581249996,0.244,0.497,3.979757894822367,3.9797579,0.13315788955920915,0.0,0.253,0.0,-0.0,0.0,1
2012-07-04 10:30:00+00:00,0.0548088,0.34978770202200005,0.05698882001999999,0.294,0.269,3.991632894822367,3.9916329,0.011875005177632847,0.025,0.0,5.551115123125783e-17,0.0,9.708559012888697e-18,1
2012-07-04 11:00:00+00:00,0.0440955,0.15713433836375,0.04584939851249999,0.306,0.276,4.005882894822367,4.0058829,0.01425000517763264,0.03,0.0,5.551115123125783e-17,0.0,4.361354010266882e-18,1
2012-07-04 11:30:00+00:00,0.04545465,0.158688869574125,0.04726260870374999,0.194,0.269,3.966409210611841,3.9664092,0.039473694822366845,0.0,0.075,1.3877787807814457e-17,0.0,1.1011252297058253e-18,1
2012-07-04 12:00:00+00:00,0.0400734,0.15253405143350002,0.041667319485,0.394,0.272,4.024359210611841,4.0243592,0.057949989388159207,0.122,0.0,0.0,-0.0,0.0,1
2012-07-04 12:30:00+00:00,0.0370107,0.14903108065175,0.0384828005925,0.275,0.304,4.009096052717105,4.0090961,0.01526311061184149,0.0,0.029,0.0,3.122502256758253e-17,-6.008131584822953e-19,1
2012-07-04 13:00:00+00:00,0.03663555,0.148602001901375,0.03809272900125,0.313,0.352,3.9885697369276314,3.9885697,0.02052635271710468,0.0,0.039,0.0,2.0816681711721685e-17,-3.964821075749456e-19,1
2012-07-04 13:30:00+00:00,0.038007,0.1501706012675,0.039518728424999996,0.294,0.225,4.021344736927631,4.0213447,0.03277496307236882,0.069,0.0,5.551115123125783e-17,0.0,4.168071478724556e-18,1
2012-07-04 14:00:00+00:00,0.03902175,0.151331224116875,0.04057384010625,0.319,0.221,4.067894736927631,4.0678947,0.04654996307236914,0.098,0.0,0.0,-0.0,0.0,1
2012-07-04 14:30:00+00:00,0.0379332,0.150086192333,0.03944199303,0.206,0.207,4.067368421138157,4.0673684,0.0005263369276304886,0.0,0.001,8.673617379884035e-19,0.0,6.508951031500634e-20,1
2012-07-04 15:00:00+00:00,0.0390894,0.1514085989735,0.040644180885,0.113,0.229,4.00631578955921,4.0063158,0.061052621138157015,0.0,0.116,0.0,-0.0,0.0,1
2012-07-04 15:30:00+00:00,0.0392124,0.151549280531,0.04077207321,0.019,0.29,3.8636842106118414,3.8636842,0.14263158955921007,0.0,0.271,0.0,5.551115123125783e-17,-1.131652360986113e-18,1
2012-07-04 16:00:00+00:00,0.0459405,0.15924456172625,0.0477677833875,0.019,0.231,3.75210526324342,3.7521053,0.11157891061184122,0.0,0.212,2.7755575615628914e-17,0.0,2.209962237185309e-18,1
2012-07-04 16:30:00+00:00,0.04490115,0.158055802565375,0.04668709324125,0.013,0.21,3.6484210527171044,3.6484211,0.10368416324342,0.0,0.197,0.0,2.7755575615628914e-17,-6.4791357336571595e-19,1
2012-07-04 17:00:00+00:00,0.04602045,0.159336004738625,0.04785091339874999,0.0,0.303,3.488947368506578,3.4889474,0.15947365271710456,0.0,0.303,0.0,-0.0,0.0,1
2012-07-04 17:30:00+00:00,0.04818525,0.161812000150625,0.05010181831874999,0.0,0.359,3.3000000000855256,3.3,0.18894736850657834,0.0,0.359,0.0,-0.0,0.0,1
2012-07-04 18:00:00+00:00,0.06098955,0.176456950286375,0.06341540935125,0.0,0.34,3.121052631664473,3.1210526,0.17894740008552557,0.0,0.34,0.0,-0.0,0.0,1
2012-07-04 18:30:00+00:00,0.0607989,0.17623889387225,0.06321717624749999,0.0,0.356,2.9336842106118413,2.9336842,0.1873684316644728,0.0,0.356,0.0,-0.0,0.0,1
2012-07-04 19:00:00+00:00,0.05932905,0.174557749260125,0.06168886296375,0.0,0.465,2.688947368506578,2.6889474,0.24473681061184127,0.0,0.465,0.0,-0.0,0.0,1
2012-07-04 19:30:00+00:00,0.05729955,0.172236503561375,0.05957863960124999,0.0,0.673,2.3347368421907886,2.3347368,0.35421056850657795,0.0,0.673,0.0,-0.0,0.0,1
2012-07-04 20:00:00+00:00,0.05124795,0.165314970932375,0.05328633721125,0.0,0.324,2.1642105264013147,2.1642105,0.17052634219078877,0.0,0.324,0.0,-0.0,0.0,1
2012-07-04 20:30:00+00:00,0.05274855,0.16703128593387498,0.054846623576249996,0.0,0.274,2.0200000000855254,2.02,0.1442105264013147,0.0,0.274,0.0,-0.0,0.0,1
2012-07-04 21:00:00+00:00,0.04281015,0.155664216087875,0.04451292371624999,0.0,0.252,1.887368421138157,1.8873684,0.13263160008552544,0.0,0.252,0.0,-0.0,0.0,1
2012-07-04 21:30:00+00:00,0.04341285,0.156353555719625,0.04513959610875,0.0,0.231,1.765789473769736,1.7657895,0.12157892113815705,0.0,0.231,0.0,-0.0,0.0,1
2012-07-04 22:00:00+00:00,0.040959,0.1535469586475,0.042588144225,0.0,0.293,1.6115789474539466,1.6115789,0.1542105737697359,0.0,0.293,0.0,-0.0,0.0,1
2012-07-04 22:30:00+00:00,0.04599585,0.159307868427125,0.04782533493375,0.0,0.316,1.4452631579802624,1.4452632,0.1663157474539465,0.0,0.316,0.0,-0.0,0.0,1
2012-07-04 23:00:00+00:00,0.03850515,0.150740361575375,0.04003669234125,0.0,0.473,1.1963157895592098,1.1963158,0.24894735798026235,0.0,0.473,0.0,-0.0,0.0,1
2012-07-04 23:30:00+00:00,0.0381669,0.15035348729225,0.03968498844749999,0.0,0.373,1.0000000000855256,1.0,0.1963157895592098,0.0,0.373,0.0,-0.0,0.0,1
2012-07-05 00:00:00+00:00,0.0353379,0.09761781146975,0.036743464972499994,0.0,0.258,1.7125000000855255,1.7125,0.7124999999144743,1.5,0.0,1.758,0.0,0.08580605628191025,1
2012-07-05 00:30:00+00:00,0.03552855,0.097835867883875,0.03694169807625,0.006,0.246,2.2999999975855254,2.3,0.5874999999144743,1.2368421,0.0,1.4768421,0.0,0.07224406429047225,1
2012-07-05 01:00:00+00:00,0.0345384,0.09670338134600001,0.03591216485999999,0.0,0.263,3.0124999975855253,3.0125,0.7125000024144748,1.5,0.0,1.763,0.0,0.085244030656499,1
2012-07-05 01:30:00+00:00,0.03459375,0.09676668804687502,0.03596971640625,0.0,0.259,3.7249999975855252,3.725,0.7125000024144748,1.5,0.0,1.759,0.0,0.08510630213722657,1
2012-07-05 02:00:00+00:00,0.0339111,0.09598590540275,0.0352599140025,0.0,0.215,4.437499997585525,4.4375,0.7125000024144748,1.5,0.0,1.715,0.0,0.08230791388285813,1
2012-07-05 02:30:00+00:00,0.03369585,0.09573971267712503,0.03503610243375,0.0,0.187,5.149999997585525,5.15,0.7125000024144752,1.5,0.0,1.687,0.0,0.08075644764315497,1
2012-07-05 03:00:00+00:00,0.03346215,0.09547241771787501,0.03479310701625,0.0,0.194,5.862499997585525,5.8625,0.7125000024144752,1.5,0.0,1.694,0.0,0.08086513780704013,1
2012-07-05 03:30:00+00:00,0.03356055,0.095584962963875,0.03489542087625,0.0,0.169,6.574999997585525,6.575,0.7125000024144752,1.5,0.0,1.669,0.0,0.07976565159335369,1
2012-07-05 04:00:00+00:00,0.033825,0.0958874283125,0.035170389375,0.0,0.222,7.287499997585526,7.2875,0.7125000024144743,1.5,0.0,1.722,0.0,0.0825590757770625,1
2012-07-05 04:30:00+00:00,0.0338004,0.09585929200100002,0.03514481091,0.0,0.211,7.999999997585526,8.0,0.7125000024144743,1.5,0.0,1.711,0.0,0.08200762430685551,1
2012-07-05 05:00:00+00:00,0.03385575,0.325822598701875,0.03520236245624999,0.0,0.189,7.900526313375,7.9005263,0.09947369758552593,0.0,0.189,0.0,-0.0,0.0,1
2012-07-05 05:30:00+00:00,0.0338865,0.32585776909125,0.0352343355375,0.0,0.223,7.783157892322368,7.7831579,0.11736841337499992,0.0,0.223,0.0,-0.0,0.0,1
2012-07-05 06:00:00+00:00,0.03447075,0.3265260064893751,0.03584182408125,0.0,0.165,7.69631578705921,7.6963158,0.08684209232236828,0.0,0.165,0.0,-0.0,0.0,1
2012-07-05 06:30:00+00:00,0.04122345,0.334249423996125,0.04286311272375,0.0,0.193,7.594736839690789,7.5947368,0.10157898705921031,0.0,0.193,0.0,-0.0,0.0,1
2012-07-05 07:00:00+00:00,0.0492,0.34337262300000004,0.051156929999999996,0.0,0.388,7.390526313374999,7.3905263,0.20421053969078873,0.0,0.388,0.0,-0.0,0.0,1
2012-07-05 07:30:00+00:00,0.04524555,0.338849710926375,0.04704519175125,0.0,0.791,6.974210523901315,6.9742105,0.41631581337499934,0.0,0.791,0.0,-0.0,0.0,1
2012-07-05 08:00:00+00:00,0.05340045,0.348176898188625,0.05552445289874999,0.013,0.758,6.58210526074342,6.5821053,0.3921052239013143,0.0,0.745,0.0,-0.0,0.0,1
2012-07-05 08:30:00+00:00,0.05373255,0.348556738393875,0.05586976217624999,0.025,0.844,6.1510526291644725,6.1510526,0.4310526607434202,0.0,0.819,0.0,-0.0,0.0,1
2012-07-05 09:00:00+00:00,0.0533574,0.34812765964350006,0.055479690585,0.063,0.787,5.769999997585525,5.77,0.3810526291644729,0.0,0.724,0.0,-0.0,0.0,1
2012-07-05 09:30:00+00:00,0.05337585,0.34814876187712507,0.055498874433750005,0.131,0.791,5.422631576532893,5.4226316,0.34736839758552485,0.0,0.66,0.0,-0.0,0.0,1
2012-07-05 10:00:00+00:00,0.05039925,0.34474426818562504,0.05240388016875,0.063,0.535,5.174210523901315,5.1742105,0.24842107653289336,0.0,0.472,5.551115123125783e-17,0.0,9.568575603680769e-18,1
2012-07-05 10:30:00+00:00,0.04915695,0.34332338445487504,0.051112167686249994,0.194,0.294,5.121578944953947,5.1215789,0.052631623901314484,0.0,0.1,0.0,2.7755575615628914e-17,-7.093238175472082e-19,1
2012-07-05 11:00:00+00:00,0.0477732,0.161340716933,0.04967337903,0.15,0.364,5.008947366006578,5.0089474,0.11263154495394634,0.0,0.214,0.0,-0.0,0.0,1
2012-07-05 11:30:00+00:00,0.0425211,0.15533361442774998,0.0442123767525,0.175,0.279,4.954210523901315,4.9542105,0.05473686600657768,0.0,0.104,4.163336342344337e-17,0.0,3.233530410673771e-18,1
2012-07-05 12:00:00+00:00,0.04063305,0.153174152520125,0.04224922956375,0.4,0.281,5.010735523901315,5.0107355,0.05652497609868501,0.119,0.0,0.0,-0.0,0.0,1
2012-07-05 12:30:00+00:00,0.04057155,0.15310381174137502,0.042185283401249996,0.438,0.276,5.087685523901315,5.0876855,0.07694997609868537,0.162,0.0,5.551115123125783e-17,0.0,4.249484423828748e-18,1
2012-07-05 13:00:00+00:00,0.03764415,0.149755590672875,0.039141446066249995,0.244,0.28,5.079665789690789,5.0796658,0.00801972390131489,0.0,0.015237495,0.020762505000000032,0.0,0.0015546506000617627,1
2012-07-05 13:30:00+00:00,0.03646335,0.148405047720875,0.03791367974624999,0.188,0.243,5.079665789690789,5.0796658,1.0309211262438112e-08,0.0,0.0,0.05499999999999999,0.0,0.004081138812324062,1
2012-07-05 14:00:00+00:00,0.0361005,0.14799003712625,0.037536397387499996,0.225,0.211,5.086315789690788,5.0863158,0.006650010309211751,0.014,0.0,0.0,-0.0,0.0,1
2012-07-05 14:30:00+00:00,0.03651255,0.148461320343875,0.037964836676249995,0.213,0.286,5.086315789690788,5.0863158,1.0309212150616531e-08,0.0,0.0,0.07299999999999998,0.0,0.005418838192551436,1
2012-07-05 15:00:00+00:00,0.03648795,0.14843318403237502,0.03793925821124999,0.156,0.197,5.086315789690788,5.0863158,1.0309212150616531e-08,0.0,0.0,0.04100000000000001,0.0,0.0030428802726636885,1
2012-07-05 15:30:00+00:00,0.03629115,0.14820809354037498,0.03773463049125,0.05,0.229,5.086315789690788,5.0863158,1.0309212150616531e-08,0.0,0.0,0.179,0.0,0.01326462437186356,1
2012-07-05 16:00:00+00:00,0.0368508,0.14884819462700002,0.03831654057,0.05,0.226,5.086315789690788,5.0863158,1.0309212150616531e-08,0.0,0.0,0.176,0.0,0.013098641127176002,1
2012-07-05 16:30:00+00:00,0.0373797,0.14945312532425,0.0388664775675,0.044,0.186,5.086315789690788,5.0863158,1.0309212150616531e-08,0.0,0.0,0.14200000000000002,0.0,0.010611171898021752,1
2012-07-05 17:00:00+00:00,0.04022715,0.152709903380375,0.04182718489125,0.0,0.337,4.908947368638157,4.9089474,0.1773683896907885,0.0,0.337,0.0,-0.0,0.0,1
2012-07-05 17:30:00+00:00,0.04754565,0.161080456051625,0.04943677822875,0.0,0.337,4.731578947585525,4.7315789,0.17736846863815714,0.0,0.337,0.0,-0.0,0.0,1
2012-07-05 18:00:00+00:00,0.05485185,0.16943694056712502,0.05703358233375,0.0,0.362,4.541052631796052,4.5410526,0.190526347585525,0.0,0.362,0.0,-0.0,0.0,1
2012-07-05 18:30:00+00:00,0.0773424,0.19516056335600002,0.08041869396000001,0.0,0.337,4.36368421074342,4.3636842,0.17736843179605177,0.0,0.337,0.0,-0.0,0.0,1
2012-07-05 19:00:00+00:00,0.08218245,0.20069638264362502,0.08545125694875,0.0,0.34,4.184736842322367,4.1847368,0.17894741074342058,0.0,0.34,0.0,-0.0,0.0,1
2012-07-05 19:30:00+00:00,0.0534312,0.16781206857800002,0.05555642598,0.006,0.349,4.004210526532893,4.0042105,0.1805263423223673,0.0,0.343,0.0,5.551115123125783e-17,-1.5420005822219806e-18,1
2012-07-05 20:00:00+00:00,0.05203515,0.16621533290037502,0.05410484809125,0.0,0.333,3.8289473686381563,3.8289474,0.17526312653289322,0.0,0.333,0.0,-0.0,0.0,1
2012-07-05 20:30:00+00:00,0.054489,0.1690219299725,0.056656299975,0.0,0.379,3.62947368442763,3.6294737,0.1994736686381562,0.0,0.379,0.0,-0.0,0.0,1
2012-07-05 21:00:00+00:00,0.05265015,0.16691874068787502,0.054744309716249995,0.0,0.366,3.436842105480262,3.4368421,0.1926315844276303,0.0,0.366,0.0,-0.0,0.0,1
2012-07-05 21:30:00+00:00,0.049077,0.16283194144250002,0.051029037675,0.0,0.325,3.2657894739013145,3.2657895,0.1710526054802619,0.0,0.325,0.0,-0.0,0.0,1
2012-07-05 22:00:00+00:00,0.04015335,0.152625494445875,0.041750449496249994,0.0,0.857,2.8147368423223673,2.8147368,0.45105267390131454,0.0,0.857,0.0,-0.0,0.0,1
2012-07-05 22:30:00+00:00,0.0531483,0.16748850099575,0.0552622736325,0.0,1.246,2.158947368638157,2.1589474,0.6557894423223671,0.0,1.246,0.0,-0.0,0.0,1
2012-07-05 23:00:00+00:00,0.04363425,0.156606782523125,0.04536980229374999,0.0,1.044,1.6094736844276305,1.6094737,0.5494736686381569,0.0,1.044,0.0,-0.0,0.0,1
2012-07-05 23:30:00+00:00,0.04577445,0.159054641623625,0.04759512874875,0.0,1.158,1.0000000002171041,1.0,0.6094736844276305,0.0,1.158,0.0,-0.0,0.0,1
2012-07-06 00:00:00+00:00,0.03957525,0.10246429112562502,0.04114935556875,0.0,1.143,1.5874999977171043,1.5875,0.5874999997828958,1.2368421,0.0,2.3798421000000003,0.0,0.12192441688370942,1
2012-07-06 00:30:00+00:00,0.03648795,0.09893318403237499,0.03793925821124999,0.0,1.024,2.299999997717104,2.3,0.7125000022828956,1.5,0.0,2.524,0.0,0.12485367824885724,1
2012-07-06 01:00:00+00:00,0.03683235,0.099327092393375,0.038297356721249995,0.0,0.948,3.012499997717104,3.0125,0.712500002282896,1.5,0.0,2.448,0.0,0.121576361089491,1
2012-07-06 01:30:00+00:00,0.03705375,0.099580319196875,0.03852756290625,0.0,0.286,3.724999997717104,3.725,0.712500002282896,1.5,0.0,1.786,0.0,0.08892522504280938,1
2012-07-06 02:00:00+00:00,0.0355347,0.09784290196175002,0.0369480926925,0.0,0.217,4.437499997717104,4.4375,0.712500002282896,1.5,0.0,1.717,0.0,0.0839981313341624,1
2012-07-06 02:30:00+00:00,0.03434775,0.096485324931875,0.035713931756250004,0.0,0.332,5.149999997717105,5.15,0.712500002282896,1.5,0.0,1.832,0.0,0.08838055763759751,1
2012-07-06 03:00:00+00:00,0.0338619,0.09592963277975002,0.0352087570725,0.0,0.253,5.862499997717105,5.8625,0.7125000022828951,1.5,0.0,1.7530000000000001,0.0,0.08408232313145089,1
2012-07-06 03:30:00+00:00,0.0338742,0.09594370093550002,0.035221546305,0.0,0.215,6.574999997717105,6.575,0.7125000022828951,1.5,0.0,1.715,0.0,0.08227172355219127,1
2012-07-06 04:00:00+00:00,0.03386805,0.095936666857625,0.035215151688749995,0.0,0.232,7.287499997717106,7.2875,0.7125000022828942,1.5,0.0,1.732,0.0,0.08308115349870325,1
2012-07-06 04:30:00+00:00,0.0336528,0.09569047413199999,0.03499134011999999,0.0,0.22,7.999999997717106,8.0,0.7125000022828942,1.5,0.0,1.72,0.0,0.08229380775351999,1
2012-07-06 05:00:00+00:00,0.03319155,0.325062918291375,0.034511743901249996,0.0,0.231,7.878421050348685,7.8784211,0.1215788977171064,0.0,0.231,0.0,-0.0,0.0,1
2012-07-06 05:30:00+00:00,0.0338619,0.32582963277975,0.0352087570725,0.0,0.255,7.744210524032895,7.7442105,0.13421055034868434,0.0,0.255,0.0,-0.0,0.0,1
2012-07-06 06:00:00+00:00,0.03432315,0.326357188620375,0.035688353291249995,0.0,0.217,7.629999997717106,7.63,0.11421052403289522,0.0,0.217,0.0,-0.0,0.0,1
2012-07-06 06:30:00+00:00,0.03536865,0.327552981859125,0.03677543805375,0.0,0.215,7.516842102980264,7.5168421,0.11315789771710616,0.0,0.215,0.0,-0.0,0.0,1
2012-07-06 07:00:00+00:00,0.03814845,0.33073238505862507,0.03966580459875,0.0,0.412,7.299999997717106,7.3,0.21684210298026407,0.0,0.412,0.0,-0.0,0.0,1
2012-07-06 07:30:00+00:00,0.04169085,0.33478401391462503,0.04334910355875,0.0,0.784,6.8873684187697375,6.8873684,0.4126315977171062,0.0,0.784,0.0,-0.0,0.0,1
2012-07-06 08:00:00+00:00,0.04980885,0.34406899670962504,0.05178999700874999,0.031,0.827,6.4684210503486845,6.4684211,0.4189473187697379,0.0,0.796,0.0,1.1102230246251565e-16,-2.8749223562191112e-18,1
2012-07-06 08:30:00+00:00,0.0541692,0.34905615792300004,0.05632377993,0.025,0.799,6.061052629296053,6.0610526,0.4073684503486845,0.0,0.774,0.0,-0.0,0.0,1
2012-07-06 09:00:00+00:00,0.0558789,0.35101163157225,0.058101483247499995,0.019,0.762,5.669999997717105,5.67,0.3910526292960528,0.0,0.743,0.0,-0.0,0.0,1
2012-07-06 09:30:00+00:00,0.0567153,0.35196826616325005,0.0589711510575,0.069,0.77,5.301052629296053,5.3010526,0.36894739771710494,0.0,0.701,1.1102230246251565e-16,0.0,1.953816365159178e-17,1
2012-07-06 10:00:00+00:00,0.05379405,0.34862707917262503,0.05593370833875,0.313,0.511,5.196842102980264,5.1968421,0.10421052929605334,0.0,0.198,0.0,-0.0,0.0,1
2012-07-06 10:30:00+00:00,0.0507744,0.34517334693600005,0.05279395175999999,0.244,0.281,5.1773684187697375,5.1773684,0.01947370298026385,0.0,0.037,3.469446951953614e-17,0.0,5.987803082113664e-18,1
2012-07-06 11:00:00+00:00,0.0436035,0.15657161213375,0.0453378292125,0.044,0.302,5.041578945085527,5.0415789,0.13578951876973733,0.0,0.258,0.0,-0.0,0.0,1
2012-07-06 11:30:00+00:00,0.04346205,0.156409828342625,0.04519075303875,0.038,0.253,4.9284210503486845,4.9284211,0.11315784508552618,0.0,0.215,0.0,-0.0,0.0,1
2012-07-06 12:00:00+00:00,0.0408483,0.15342034524575,0.04247304113249999,0.131,0.265,4.857894734559211,4.8578947,0.07052635034868437,0.0,0.134,0.0,-0.0,0.0,1
2012-07-06 12:30:00+00:00,0.0403071,0.15280134639275,0.041910314902499995,0.231,0.268,4.838421050348685,4.8384211,0.019473634559211028,0.0,0.037,6.938893903907228e-18,0.0,5.301361654967349e-19,1
2012-07-06 13:00:00+00:00,0.0380931,0.15026907835775,0.03960825305249999,0.394,0.418,4.838421050348685,4.8384211,4.96513150594069e-08,0.0,0.0,0.023999999999999966,0.0,0.0018032289402929974,1
2012-07-06 13:30:00+00:00,0.044526,0.157626723815,0.04629702165,0.35,0.471,4.774736839822369,4.7747368,0.0636842503486843,0.0,0.121,0.0,-0.0,0.0,1
2012-07-06 14:00:00+00:00,0.04315455,0.15605812444887499,0.044871022226249994,0.288,0.264,4.786136839822369,4.7861368,0.011399960177631563,0.024,0.0,5.551115123125783e-17,0.0,4.331483073573977e-18,1
2012-07-06 14:30:00+00:00,0.0376257,0.14973448843925,0.039122262217499995,0.219,0.248,4.786136839822369,4.7861368,3.9822368513853235e-08,0.0,0.0,0.028999999999999998,0.0,0.0021711500823691247,1
2012-07-06 15:00:00+00:00,0.0387327,0.15100062245674997,0.04027329314249999,0.156,0.239,4.742452629296053,4.7424526,0.04368423982236891,0.0,0.083,0.0,1.3877787807814457e-17,-2.79452108276762e-19,1
2012-07-06 15:30:00+00:00,0.03865275,0.15090917944437499,0.04019016313125,0.081,0.271,4.642452629296053,4.6424526,0.10000002929605234,0.0,0.19,0.0,-0.0,0.0,1
2012-07-06 16:00:00+00:00,0.0404793,0.15299830057324998,0.042089364157499996,0.031,0.252,4.526136839822369,4.5261368,0.11631582929605333,0.0,0.221,0.0,-0.0,0.0,1
2012-07-06 16:30:00+00:00,0.0404055,0.15291389163875,0.0420126287625,0.0,0.264,4.387189471401316,4.3871895,0.1389473398223693,0.0,0.264,0.0,-0.0,0.0,1
2012-07-06 17:00:00+00:00,0.0414018,0.1540534122545,0.043048556594999995,0.0,0.362,4.1966631556118426,4.1966632,0.19052627140131673,0.0,0.362,0.0,-0.0,0.0,1
2012-07-06 17:30:00+00:00,0.0453624,0.15858335840600002,0.047166689459999994,0.0,0.338,4.018768418769738,4.0187684,0.17789475561184265,0.0,0.338,0.0,-0.0,0.0,1
2012-07-06 18:00:00+00:00,0.05326515,0.16762214847537502,0.05538377134125,0.0,0.343,3.838242102980264,3.8382421,0.18052631876973768,0.0,0.343,0.0,-0.0,0.0,1
2012-07-06 18:30:00+00:00,0.04825905,0.161896409085125,0.05017855371374999,0.0,0.277,3.6924526292960533,3.6924526,0.14578950298026383,0.0,0.277,0.0,-0.0,0.0,1
2012-07-06 19:00:00+00:00,0.0486096,0.16229735152400002,0.050543046839999994,0.0,0.202,3.586136839822369,3.5861368,0.10631582929605354,0.0,0.202,0.0,-0.0,0.0,1
2012-07-06 19:30:00+00:00,0.04193685,0.154665377029625,0.04360488820874999,0.0,0.19,3.486136839822369,3.4861368,0.10000003982236905,0.0,0.19,0.0,-0.0,0.0,1
2012-07-06 20:00:00+00:00,0.0382161,0.15040975991525,0.0397361453775,0.0,0.61,3.213157892453948,3.2131579,0.272978939822369,0.0,0.51866,0.09133999999999998,0.0,0.006869213735329466,1
2012-07-06 20:30:00+00:00,0.0453747,0.15859742656175,0.04717947869249999,0.0,0.351,3.0284210503486846,3.0284211,0.1847367924539478,0.0,0.351,0.0,-0.0,0.0,1
2012-07-06 21:00:00+00:00,0.0452394,0.1584426768485,0.047038797135,0.0,0.285,2.8784210503486847,2.8784211,0.1499999503486844,0.0,0.285,0.0,-0.0,0.0,1
2012-07-06 21:30:00+00:00,0.03977205,0.152189381617625,0.04135398328875,0.0,0.263,2.739999997717106,2.74,0.13842105034868446,0.0,0.263,0.0,-0.0,0.0,1
2012-07-06 22:00:00+00:00,0.0400365,0.15249184696624998,0.0416289517875,0.0,0.271,2.5973684187697375,2.5973684,0.14263159771710576,0.0,0.271,0.0,-0.0,0.0,1
2012-07-06 22:30:00+00:00,0.04797,0.16156580742499999,0.049878006749999995,0.0,0.722,2.2173684187697376,2.2173684,0.38000001876973766,0.0,0.722,0.0,-0.0,0.0,1
2012-07-06 23:00:00+00:00,0.0398028,0.152224552007,0.04138595637,0.0,1.544,1.4278947345592112,1.4278947,0.7894737187697376,0.0,1.5,0.04400000000000004,0.0,0.003348940144154003,1
2012-07-06 23:30:00+00:00,0.0452886,0.1584989494715,0.047089954064999995,0.006,0.819,1.0,1.0,0.42789473455921123,0.0,0.813,0.0,-0.0,0.0,1
2012-07-07 00:00:00+00:00,0.0423366,0.10562259209150002,0.044020538265,0.0,0.669,1.5874999975000001,1.5875,0.5874999999999999,1.2368421,0.0,1.9058421,0.0,0.1006499913595539,1
2012-07-07 00:30:00+00:00,0.03867735,0.10143731575587499,0.04021574159624999,0.0,0.634,2.2999999975,2.3,0.7125000024999997,1.5,0.0,2.134,0.0,0.1082336159115186,1
2012-07-07 01:00:00+00:00,0.0371091,0.09964362589775001,0.03858511445249999,0.0,0.594,3.0124999975,3.0125,0.7125000025000001,1.5,0.0,2.094,0.0,0.10432687631494425,1
2012-07-07 01:30:00+00:00,0.0364572,0.09889801364300002,0.03790728513,0.0,0.479,3.7249999975,3.725,0.7125000025000001,1.5,0.0,1.979,0.0,0.09785958449974852,1
2012-07-07 02:00:00+00:00,0.03541785,0.09770925448212502,0.03682659498375,0.0,0.291,4.4374999975,4.4375,0.7125000025000001,1.5,0.0,1.791,0.0,0.08749863738874294,1
2012-07-07 02:30:00+00:00,0.03379425,0.095852257923125,0.03513841629375,0.0,0.23,5.1499999975,5.15,0.7125000025000006,1.5,0.0,1.73,0.0,0.08291220310350313,1
2012-07-07 03:00:00+00:00,0.03386805,0.095936666857625,0.035215151688749995,0.0,0.215,5.8624999975000005,5.8625,0.7125000024999997,1.5,0.0,1.715,0.0,0.08226569183041345,1
2012-07-07 03:30:00+00:00,0.03383115,0.09589446239037501,0.035176783991249995,0.0,0.247,6.574999997500001,6.575,0.7125000024999997,1.5,0.0,1.7469999999999999,0.0,0.08376381289799256,1
2012-07-07 04:00:00+00:00,0.03384345,0.09590853054612498,0.03518957322374999,0.0,0.212,7.287499997500001,7.2875,0.7125000024999988,1.5,0.0,1.712,0.0,0.08209770214748298,1
2012-07-07 04:30:00+00:00,0.0331116,0.09507147527900002,0.034428613889999994,0.0,0.309,7.999999997500002,8.0,0.7125000024999988,1.5,0.0,1.809,0.0,0.08599214938985551,1
2012-07-07 05:00:00+00:00,0.0331608,0.325027747902,0.03447977082,0.0,0.258,7.864210523815791,7.8642105,0.13578949750000113,0.0,0.258,0.0,-0.0,0.0,1
2012-07-07 05:30:00+00:00,0.03328995,0.32517546353737503,0.03461405776125,0.0,0.237,7.739473681710527,7.7394737,0.1247368238157911,0.0,0.237,0.0,-0.0,0.0,1
2012-07-07 06:00:00+00:00,0.03182625,0.323501353003125,0.03309213909375,0.0,0.226,7.620526313289475,7.6205263,0.11894738171052754,0.0,0.226,0.0,-0.0,0.0,1
2012-07-07 06:30:00+00:00,0.03295785,0.324795623332125,0.03426874848374999,0.0,0.228,7.500526313289475,7.5005263,0.1200000132894754,0.0,0.228,0.0,-0.0,0.0,1
2012-07-07 07:00:00+00:00,0.0326688,0.32446502167200003,0.03396820151999999,0.0,0.403,7.28842105013158,7.2884211,0.21210521328947518,0.0,0.403,0.0,-0.0,0.0,1
2012-07-07 07:30:00+00:00,0.0339603,0.32594217802575004,0.0353110709325,0.0,0.759,6.888947365921054,6.8889474,0.3994736501315801,0.0,0.759,0.0,-0.0,0.0,1
2012-07-07 08:00:00+00:00,0.0345507,0.32661744950175003,0.035924954092499996,0.025,0.96,6.396842102763159,6.3968421,0.4921052659210545,0.0,0.935,0.0,1.1102230246251565e-16,-1.994235559604762e-18,1
2012-07-07 08:30:00+00:00,0.038499,0.3311333274975,0.040030297725,0.006,1.23,5.75263157644737,5.7526316,0.6442105027631593,0.0,1.224,0.0,-0.0,0.0,1
2012-07-07 09:00:00+00:00,0.04545465,0.33908886957412504,0.04726260870374999,0.019,1.152,5.1563157869736855,5.1563158,0.5963157764473701,0.0,1.133,0.0,-0.0,0.0,1
2012-07-07 09:30:00+00:00,0.04822215,0.34225420461787504,0.05014018601624999,0.069,1.207,4.557368418552633,4.5573684,0.5989473869736859,0.0,1.138,2.220446049250313e-16,0.0,3.7997849824153444e-17,1
2012-07-07 10:00:00+00:00,0.04519635,0.338793438303375,0.04699403482125,0.1,0.905,4.133684208026317,4.1336842,0.4236842185526326,0.0,0.805,0.0,-0.0,0.0,1
2012-07-07 10:30:00+00:00,0.0423612,0.335550728403,0.044046116729999994,0.113,0.689,3.8305263132894747,3.8305263,0.3031579080263169,0.0,0.576,0.0,-0.0,0.0,1
2012-07-07 11:00:00+00:00,0.03755805,0.149657113582625,0.03905192143875,0.125,0.658,3.8305263132894747,3.8305263,1.3289474853905858e-08,0.0,0.0,0.533,0.0,0.03988362076976957,1
2012-07-07 11:30:00+00:00,0.0361497,0.14804630974925,0.037587554317499994,0.094,0.637,3.8305263132894747,3.8305263,1.3289474853905858e-08,0.0,0.0,0.543,0.0,0.04019457309692138,1
2012-07-07 12:00:00+00:00,0.03559005,0.147406208662625,0.03700564423874999,0.138,0.57,3.8305263132894747,3.8305263,1.3289474853905858e-08,0.0,0.0,0.43199999999999994,0.0,0.03183974107112699,1
2012-07-07 12:30:00+00:00,0.0348336,0.146541017084,0.036219106439999996,0.175,0.402,3.8305263132894747,3.8305263,1.3289474853905858e-08,0.0,0.0,0.22700000000000004,0.0,0.016632405439034003,1
2012-07-07 13:00:00+00:00,0.0351165,0.14686458466625002,0.0365132587875,0.069,0.417,3.8305263132894747,3.8305263,1.3289474853905858e-08,0.0,0.0,0.348,0.0,0.0255544377319275,1
2012-07-07 13:30:00+00:00,0.0346491,0.14632999474775002,0.0360272679525,0.088,0.379,3.8305263132894747,3.8305263,1.3289474853905858e-08,0.0,0.0,0.29100000000000004,0.0,0.021291014235797632,1
2012-07-07 14:00:00+00:00,0.03389265,0.145464803169125,0.03524073015375,0.088,0.41,3.8305263132894747,3.8305263,1.3289474853905858e-08,0.0,0.0,0.32199999999999995,0.0,0.02341983331022912,1
2012-07-07 14:30:00+00:00,0.0339726,0.1455562461815,0.035323860165,0.056,0.396,3.8305263132894747,3.8305263,1.3289474853905858e-08,0.0,0.0,0.34,0.0,0.024744561850855003,1
2012-07-07 15:00:00+00:00,0.03395415,0.14553514394787498,0.03530467631625,0.063,0.362,3.8305263132894747,3.8305263,1.3289474853905858e-08,0.0,0.0,0.299,0.0,0.02175750402020731,1
2012-07-07 15:30:00+00:00,0.0353625,0.14714594778125,0.036769043437499996,0.044,0.398,3.8305263132894747,3.8305263,1.3289474853905858e-08,0.0,0.0,0.35400000000000004,0.0,0.026044832757281255,1
2012-07-07 16:00:00+00:00,0.0366294,0.14859496782349998,0.038086334385,0.025,0.38,3.8305263132894747,3.8305263,1.3289474853905858e-08,0.0,0.0,0.355,0.0,0.026375606788671246,1
2012-07-07 16:30:00+00:00,0.03818535,0.15037458952587499,0.03970417229625,0.013,0.464,3.5931578922368432,3.5931579,0.23736841328947467,0.0,0.451,0.0,-0.0,0.0,1
2012-07-07 17:00:00+00:00,0.04407705,0.15711323613012498,0.045830214663749994,0.0,0.479,3.3410526290789484,3.3410526,0.2521052922368434,0.0,0.479,0.0,-0.0,0.0,1
2012-07-07 17:30:00+00:00,0.05060835,0.164583426833375,0.05262129712125,0.0,0.39,3.1357894711842116,3.1357895,0.2052631290789484,0.0,0.39,0.0,-0.0,0.0,1
2012-07-07 18:00:00+00:00,0.0596181,0.17488835092025,0.061989409927499996,0.0,0.266,2.9957894711842115,2.9957895,0.1399999711842117,0.0,0.266,0.0,-0.0,0.0,1
2012-07-07 18:30:00+00:00,0.06343725,0.179256513280625,0.06596046661874999,0.0,0.283,2.846842102763159,2.8468421,0.14894737118421153,0.0,0.283,0.0,-0.0,0.0,1
2012-07-07 19:00:00+00:00,0.0563463,0.17114622149074998,0.0585874740825,0.0,0.363,2.6557894711842116,2.6557895,0.19105260276315894,0.0,0.363,0.0,-0.0,0.0,1
2012-07-07 19:30:00+00:00,0.0528039,0.16709459263475,0.0549041751225,0.0,0.356,2.46842105013158,2.4684211,0.18736837118421157,0.0,0.356,0.0,-0.0,0.0,1
2012-07-07 20:00:00+00:00,0.0481914,0.1618190342285,0.050108212935,0.0,0.329,2.295263155394738,2.2952632,0.17315785013158003,0.0,0.329,0.0,-0.0,0.0,1
2012-07-07 20:30:00+00:00,0.04465515,0.15777443945037498,0.04643130859124999,0.0,0.43,2.0689473659210535,2.0689474,0.22631575539473792,0.0,0.43,0.0,-0.0,0.0,1
2012-07-07 21:00:00+00:00,0.0430377,0.15592447696925002,0.0447495245175,0.0,0.789,1.6536842080263168,1.6536842,0.4152631659210535,0.0,0.789,0.0,-0.0,0.0,1
2012-07-07 21:30:00+00:00,0.0379209,0.15007212417725,0.03942920379749999,0.0,0.414,1.4357894711842114,1.4357895,0.21789470802631672,0.0,0.414,0.0,-0.0,0.0,1
2012-07-07 22:00:00+00:00,0.03721365,0.149263205221625,0.03869382292875,0.0,0.359,1.4357894711842114,1.4357895,2.881578864410983e-08,0.0,0.0,0.359,0.0,0.02679274533728169,1
2012-07-07 22:30:00+00:00,0.0395076,0.151886916269,0.04107901479,0.0,0.379,1.2363157869736852,1.2363158,0.19947367118421133,0.0,0.379,0.0,-0.0,0.0,1
2012-07-07 23:00:00+00:00,0.03797625,0.150135430878125,0.03948675534375,0.0,0.387,1.0326315764473692,1.0326316,0.20368418697368518,0.0,0.387,0.0,-0.0,0.0,1
2012-07-07 23:30:00+00:00,0.0375765,0.14967821581625002,0.0390711052875,0.0,0.364,1.0000000001315799,1.0,0.03263157644736925,0.0,0.061999995,0.302000005,0.0,0.022601410962449293,1
2012-07-08 00:00:00+00:00,0.0359037,0.09826494663425002,0.037331769667499994,0.0,0.401,1.0000000001315799,1.0,1.3157985812028983e-10,0.0,0.0,0.401,0.0,0.01970212180016713,1
2012-07-08 00:30:00+00:00,0.03378195,0.095838189767375,0.03512562706124999,0.0,0.364,1.7125000001315798,1.7125,0.71249999986842,1.5,0.0,1.8639999999999999,0.0,0.0893211928631935,1
2012-07-08 01:00:00+00:00,0.0338619,0.09592963277975002,0.0352087570725,0.0,0.371,2.42500000013158,2.425,0.71249999986842,1.5,0.0,1.871,0.0,0.08974217146545614,1
2012-07-08 01:30:00+00:00,0.0339972,0.09608438249300001,0.03534943863,0.0,0.371,3.13750000013158,3.1375,0.7124999998684203,1.5,0.0,1.871,0.0,0.08988693982220151,1
2012-07-08 02:00:00+00:00,0.0341694,0.09628133667350001,0.035528487885,0.0,0.359,3.2609802638815797,3.2609803,0.12348029986842013,0.25995845,0.0,0.61895845,0.0,0.029797073455678866,1
2012-07-08 02:30:00+00:00,0.0336405,0.09567640597625002,0.034978550887499994,0.0,0.397,3.9734802638815796,3.9734803,0.7125000361184202,1.5,0.0,1.897,0.0,0.09074907106847314,1
2012-07-08 03:00:00+00:00,0.0320415,0.09384754572875001,0.033315950662499996,0.0,0.377,4.6859802638815795,4.6859803,0.7125000361184202,1.5,0.0,1.877,0.0,0.08807592166643188,1
2012-07-08 03:30:00+00:00,0.03112515,0.09279946812537503,0.03236315284125,0.0,0.361,5.398480263881579,5.3984803,0.7125000361184206,1.5,0.0,1.861,0.0,0.08634990509066146,1
2012-07-08 04:00:00+00:00,0.0311559,0.09283463851475002,0.0323951259225,0.0,0.371,6.110980263881579,6.1109803,0.7125000361184206,1.5,0.0,1.871,0.0,0.08684680433054864,1
2012-07-08 04:30:00+00:00,0.03067005,0.09227894636262501,0.03188995123875,0.0,0.359,6.82348026388158,6.8234803,0.7125000361184206,1.5,0.0,1.859,0.0,0.08577328064405995,1
2012-07-08 05:00:00+00:00,0.03075615,0.322277423452875,0.031979475866249996,0.0,0.366,6.630848684934211,6.6308487,0.1926315638815801,0.0,0.366,0.0,-0.0,0.0,1
2012-07-08 05:30:00+00:00,0.03037485,0.321841310624625,0.031583009658749994,0.0,0.399,6.420848684934211,6.4208487,0.20999998493421135,0.0,0.399,0.0,-0.0,0.0,1
2012-07-08 06:00:00+00:00,0.0302211,0.32166545867775004,0.0314231442525,0.0,0.297,6.264532895460527,6.2645329,0.15631578493421117,0.0,0.297,0.0,-0.0,0.0,1
2012-07-08 06:30:00+00:00,0.0305778,0.3220734351945,0.031794031995,0.0,0.279,6.117690790197369,6.1176908,0.14684209546052696,0.0,0.279,0.0,-0.0,0.0,1
2012-07-08 07:00:00+00:00,0.03124815,0.32284014968287505,0.032491045166249996,0.0,0.428,5.892427632302632,5.8924276,0.22526319019736896,0.0,0.428,0.0,-0.0,0.0,1
2012-07-08 07:30:00+00:00,0.0334068,0.32530911101700005,0.03473555546999999,0.0,0.865,5.437164474407895,5.4371645,0.4552631323026324,0.0,0.865,0.0,-0.0,0.0,1
2012-07-08 08:00:00+00:00,0.03404025,0.32603362103812505,0.035394200943749995,0.019,0.765,5.044532895460527,5.0445329,0.3926315744078952,0.0,0.746,0.0,-0.0,0.0,1
2012-07-08 08:30:00+00:00,0.03488895,0.32700432378487504,0.036276657986249995,0.025,0.769,4.652953948092106,4.6529539,0.3915789954605273,0.0,0.744,0.0,-0.0,0.0,1
2012-07-08 09:00:00+00:00,0.03495045,0.32707466456362505,0.03634060414875,0.025,0.763,4.264532895460527,4.2645329,0.3884210480921064,0.0,0.738,0.0,-0.0,0.0,1
2012-07-08 09:30:00+00:00,0.034686,0.326772199215,0.03606563565,0.063,0.729,3.9140065796710535,3.9140066,0.35052629546052705,0.0,0.666,0.0,1.1102230246251565e-16,-2.0020449548185935e-18,1
2012-07-08 10:00:00+00:00,0.03563925,0.327862481285625,0.03705680116874999,0.313,0.482,3.825059211250001,3.8250592,0.08894737967105337,0.0,0.169,0.0,2.7755575615628914e-17,-5.142664234562832e-19,1
2012-07-08 10:30:00+00:00,0.03544245,0.3276373907936251,0.03685217344875,0.419,0.235,3.912459211250001,3.9124592,0.08739998874999877,0.184,0.0,0.0,-0.0,0.0,1
2012-07-08 11:00:00+00:00,0.03433545,0.145971256776125,0.03570114252375,0.413,0.299,3.966609211250001,3.9666092,0.05414998874999899,0.114,0.0,0.0,-0.0,0.0,1
2012-07-08 11:30:00+00:00,0.03444615,0.146097870177875,0.03581624561625,0.4,0.266,4.0302592112500015,4.0302592,0.06364998874999861,0.134,0.0,0.0,-0.0,0.0,1
2012-07-08 12:00:00+00:00,0.03442155,0.146069733866375,0.035790667151250004,0.375,0.341,4.046409211250001,4.0464092,0.016149988749998734,0.034,0.0,0.0,-0.0,0.0,1
2012-07-08 12:30:00+00:00,0.03444615,0.146097870177875,0.03581624561625,0.381,0.26,4.103884211250001,4.1038842,0.057474988749999234,0.121,0.0,0.0,-0.0,0.0,1
2012-07-08 13:00:00+00:00,0.03381885,0.145380394234625,0.03516399475874999,0.275,0.239,4.1209842112500015,4.1209842,0.017099988749998296,0.036,0.0,0.0,5.551115123125783e-17,-9.759969154740642e-19,1
2012-07-08 13:30:00+00:00,0.033825,0.1453874283125,0.035170389375,0.188,0.276,4.074668421776317,4.0746684,0.04631581125000128,0.0,0.088,2.7755575615628914e-17,0.0,2.017655880044711e-18,1
2012-07-08 14:00:00+00:00,0.03381885,0.145380394234625,0.03516399475874999,0.35,0.218,4.137368421776317,4.1373684,0.06269997822368278,0.132,0.0,0.0,-0.0,0.0,1
2012-07-08 14:30:00+00:00,0.03375735,0.145310053455875,0.03510004859625,0.094,0.238,4.061578948092107,4.0615789,0.07578952177631759,0.0,0.144,0.0,-0.0,0.0,1
2012-07-08 15:00:00+00:00,0.03384345,0.14540853054612501,0.03518957322374999,0.044,0.258,3.9489473691447383,3.9489474,0.11263154809210674,0.0,0.214,2.7755575615628914e-17,0.0,2.0179487323652297e-18,1
2012-07-08 15:30:00+00:00,0.03444615,0.146097870177875,0.03581624561625,0.019,0.232,3.8368421059868436,3.8368421,0.11210526914473817,0.0,0.213,2.7755575615628914e-17,0.0,2.027515241502173e-18,1
2012-07-08 16:00:00+00:00,0.0344154,0.1460626997885,0.035784272534999995,0.013,0.232,3.7215789480921067,3.7215789,0.1152632059868437,0.0,0.219,0.0,-0.0,0.0,1
2012-07-08 16:30:00+00:00,0.0351165,0.14686458466625002,0.0365132587875,0.0,0.264,3.582631579671054,3.5826316,0.13894734809210663,0.0,0.264,0.0,-0.0,0.0,1
2012-07-08 17:00:00+00:00,0.04011645,0.152583289978625,0.041712081798749995,0.0,0.264,3.4436842112500012,3.4436842,0.13894737967105408,0.0,0.264,0.0,-0.0,0.0,1
2012-07-08 17:30:00+00:00,0.0465309,0.15991983320225,0.0483816665475,0.0,0.279,3.296842105986843,3.2968421,0.14684211125000113,0.0,0.279,0.0,-0.0,0.0,1
2012-07-08 18:00:00+00:00,0.05857875,0.173699591759375,0.060908719781249995,0.0,0.251,3.1647368428289484,3.1647368,0.1321053059868431,0.0,0.251,0.0,-0.0,0.0,1
2012-07-08 18:30:00+00:00,0.0590646,0.1742552839115,0.061413894465,0.0,0.24,3.0384210533552642,3.0384211,0.12631574282894853,0.0,0.24,0.0,-0.0,0.0,1
2012-07-08 19:00:00+00:00,0.05600805,0.170759347207625,0.05823577018874999,0.0,0.244,2.9100000007236853,2.91,0.1284210533552641,0.0,0.244,0.0,-0.0,0.0,1
2012-07-08 19:30:00+00:00,0.051168,0.16522352792,0.05320320719999999,0.0,0.264,2.7710526323026325,2.7710526,0.13894740072368528,0.0,0.264,0.0,-0.0,0.0,1
2012-07-08 20:00:00+00:00,0.04977195,0.163626792242375,0.05175162931125,0.0,0.335,2.594736842828948,2.5947368,0.17631583230263237,0.0,0.335,0.0,-0.0,0.0,1
2012-07-08 20:30:00+00:00,0.0468753,0.16031374156325,0.048739765057499995,0.0,0.378,2.3957894744078954,2.3957895,0.19894734282894833,0.0,0.378,0.0,-0.0,0.0,1
2012-07-08 21:00:00+00:00,0.04126035,0.153891628463375,0.04290148042125,0.0,0.391,2.1900000007236846,2.19,0.2057894744078954,0.0,0.391,0.0,-0.0,0.0,1
2012-07-08 21:30:00+00:00,0.0430254,0.15591040881350002,0.044736735284999996,0.0,0.702,1.8205263165131584,1.8205263,0.3694737007236846,0.0,0.702,0.0,-0.0,0.0,1
2012-07-08 22:00:00+00:00,0.0392493,0.15159148499825,0.0408104409075,0.0,0.449,1.5842105270394742,1.5842105,0.23631581651315847,0.0,0.449,0.0,-0.0,0.0,1
2012-07-08 22:30:00+00:00,0.0363711,0.14829953655275,0.0378177605025,0.0,0.393,1.3773684217763162,1.3773684,0.20684212703947424,0.0,0.393,0.0,-0.0,0.0,1
2012-07-08 23:00:00+00:00,0.03563925,0.147462481285625,0.03705680116874999,0.0,0.342,1.1973684217763163,1.1973684,0.18000002177631624,0.0,0.342,0.0,-0.0,0.0,1
2012-07-08 23:30:00+00:00,0.0360759,0.14796190081475,0.037510818922499994,0.0,0.375,1.0000000007236847,1.0,0.1973684217763163,0.0,0.375,0.0,-0.0,0.0,1
2012-07-09 00:00:00+00:00,0.03561465,0.09793434497412501,0.03703122270374999,0.0,0.34,1.5874999982236848,1.5875,0.5874999992763152,1.2368421,0.0,1.5768421000000001,0.0,0.07721349909556187,1
2012-07-09 00:30:00+00:00,0.03374505,0.09579598530012501,0.03508725936375,0.0,0.357,2.2999999982236847,2.3,0.712500001776315,1.5,0.0,1.857,0.0,0.08894657235116607,1
2012-07-09 01:00:00+00:00,0.03391725,0.09599293948062503,0.03526630861875,0.0,0.366,3.0124999982236846,3.0125,0.7125000017763155,1.5,0.0,1.866,0.0,0.08956141253542316,1
2012-07-09 01:30:00+00:00,0.0341202,0.09622506405050002,0.035477330955000004,0.0,0.287,3.7249999982236845,3.725,0.7125000017763155,1.5,0.0,1.787,0.0,0.08597709472912177,1
2012-07-09 02:00:00+00:00,0.0338496,0.09591556462400001,0.03519596784,0.0,0.324,4.437499998223684,4.4375,0.7125000017763155,1.5,0.0,1.824,0.0,0.08747499493708802,1
2012-07-09 02:30:00+00:00,0.03370815,0.095753780832875,0.03504889166625,0.006,0.315,5.149999998223684,5.15,0.7125000017763163,1.5,0.0,1.809,0.0,0.08660929476333544,1
2012-07-09 03:00:00+00:00,0.0326688,0.09456502167199998,0.03396820151999999,0.0,0.248,5.862499998223685,5.8625,0.7125000017763155,1.5,0.0,1.748,0.0,0.08264982894132798,1
2012-07-09 03:30:00+00:00,0.03153105,0.093263717265125,0.032785197513749996,0.0,0.243,6.574999998223685,6.575,0.7125000017763155,1.5,0.0,1.7429999999999999,0.0,0.08127932959655643,1
2012-07-09 04:00:00+00:00,0.0311928,0.092876842982,0.032433493619999997,0.0,0.264,7.287499998223685,7.2875,0.7125000017763146,1.5,0.0,1.764,0.0,0.081917375510124,1
2012-07-09 04:30:00+00:00,0.03178935,0.09355914853587502,0.03305377139625,0.0,0.215,7.999999998223686,8.0,0.7125000017763146,1.5,0.0,1.715,0.0,0.08022696986951283,1
2012-07-09 05:00:00+00:00,0.03415095,0.326160234439875,0.035509304036249995,0.0,0.229,7.879473682434212,7.8794737,0.12052629822368566,0.0,0.229,0.0,-0.0,0.0,1
2012-07-09 05:30:00+00:00,0.0344892,0.3265471087230001,0.035861007929999994,0.0,0.231,7.757894735065791,7.7578947,0.12157898243421261,0.0,0.231,0.0,-0.0,0.0,1
2012-07-09 06:00:00+00:00,0.03604515,0.328326730425375,0.03747884584125,0.0,0.188,7.658947366644738,7.6589474,0.09894733506579101,0.0,0.188,0.0,-0.0,0.0,1
2012-07-09 06:30:00+00:00,0.04057155,0.33350381174137506,0.042185283401249996,0.0,0.216,7.5452631561184225,7.5452632,0.11368416664473813,0.0,0.216,0.0,-0.0,0.0,1
2012-07-09 07:00:00+00:00,0.0448581,0.33840656402025,0.046642330927499996,0.0,0.4,7.334736840328949,7.3347368,0.21052635611842252,0.0,0.4,0.0,-0.0,0.0,1
2012-07-09 07:30:00+00:00,0.04326525,0.33658473785062504,0.044986125318749993,0.0,0.729,6.951052629802633,6.9510526,0.3836842403289493,0.0,0.729,0.0,-0.0,0.0,1
2012-07-09 08:00:00+00:00,0.0521028,0.34669270775700006,0.05417518886999999,0.013,0.775,6.549999998223686,6.55,0.4010526298026331,0.0,0.762,0.0,-0.0,0.0,1
2012-07-09 08:30:00+00:00,0.0554484,0.35051924612100005,0.05765386011,0.038,0.731,6.185263156118422,6.1852632,0.364736798223686,0.0,0.693,0.0,-0.0,0.0,1
2012-07-09 09:00:00+00:00,0.0549933,0.34999872435825,0.057180658507499996,0.044,0.876,5.747368419276317,5.7473684,0.4378947561184221,0.0,0.832,0.0,-0.0,0.0,1
2012-07-09 09:30:00+00:00,0.0552762,0.3503222919405,0.057474810854999996,0.069,0.795,5.365263156118422,5.3652632,0.38210521927631635,0.0,0.726,0.0,-0.0,0.0,1
2012-07-09 10:00:00+00:00,0.0532221,0.34797290993025004,0.0553390090275,0.306,0.534,5.245263156118422,5.2452632,0.11999995611842174,0.0,0.228,2.7755575615628914e-17,0.0,4.829094206879742e-18,1
2012-07-09 10:30:00+00:00,0.04862805,0.342718453757625,0.050562230688749994,0.419,0.301,5.301313156118422,5.3013132,0.056050043881578304,0.118,0.0,0.0,-0.0,0.0,1
2012-07-09 11:00:00+00:00,0.04844355,0.162107431421375,0.050370392201249996,0.419,0.309,5.353563156118422,5.3535632,0.05225004388157828,0.11,0.0,0.0,-0.0,0.0,1
2012-07-09 11:30:00+00:00,0.0465924,0.159990173981,0.048445612709999995,0.394,0.264,5.415313156118422,5.4153132,0.06175004388157834,0.13,0.0,0.0,-0.0,0.0,1
2012-07-09 12:00:00+00:00,0.04737345,0.160883501871125,0.04925772897374999,0.381,0.276,5.465188156118422,5.4651882,0.049875043881578485,0.105,0.0,0.0,-0.0,0.0,1
2012-07-09 12:30:00+00:00,0.0466908,0.160102719227,0.04854792656999999,0.375,0.442,5.429924998223685,5.429925,0.03526315611842179,0.0,0.067,0.0,-0.0,0.0,1
2012-07-09 13:00:00+00:00,0.0467646,0.1601871281615,0.048624661964999996,0.331,0.22,5.4826499982236845,5.48265,0.052725001776314784,0.111,0.0,0.0,-0.0,0.0,1
2012-07-09 13:30:00+00:00,0.04620495,0.159547027074875,0.04804275188625,0.325,0.277,5.505449998223685,5.50545,0.02280000177631525,0.048,0.0,0.0,-0.0,0.0,1
2012-07-09 14:00:00+00:00,0.0457437,0.15901947123425,0.047563155667499996,0.238,0.272,5.487555261381579,5.4875553,0.01789469822368428,0.0,0.034,2.7755575615628914e-17,0.0,2.2068384790997764e-18,1
2012-07-09 14:30:00+00:00,0.0430992,0.155994817748,0.044813470679999995,0.219,1.225,4.958081577171052,4.9580816,0.5294736613815791,0.0,1.006,0.0,-0.0,0.0,1
2012-07-09 15:00:00+00:00,0.0410943,0.15370170836075,0.0427288257825,0.156,0.37,4.845449998223684,4.84545,0.11263157717105265,0.0,0.214,0.0,-0.0,0.0,1
2012-07-09 15:30:00+00:00,0.0409344,0.15351882233599998,0.04256256576,0.088,0.359,4.757894735065789,4.7578947,0.08755529822368402,0.0,0.166355,0.10464500000000002,0.0,0.00803248858167536,1
2012-07-09 16:00:00+00:00,0.04148175,0.15414485526687502,0.04313168660625,0.031,0.304,4.614210524539473,4.6142105,0.14368423506578853,0.0,0.273,0.0,-0.0,0.0,1
2012-07-09 16:30:00+00:00,0.0406515,0.15319525475375,0.0422684134125,0.0,0.254,4.614210524539473,4.6142105,2.4539472676110563e-08,0.0,0.0,0.254,0.0,0.01945579735372625,1
2012-07-09 17:00:00+00:00,0.04199835,0.154735717808375,0.04366883437124999,0.0,0.24,4.4878947350657885,4.4878947,0.1263158245394731,0.0,0.24,0.0,-0.0,0.0,1
2012-07-09 17:30:00+00:00,0.0454608,0.158695903652,0.04726900332,0.0,0.282,4.3394736824342095,4.3394737,0.1484210350657884,0.0,0.282,0.0,-0.0,0.0,1
2012-07-09 18:00:00+00:00,0.08497455,0.203889853998875,0.08835441272624998,0.0,0.25,4.207894735065788,4.2078947,0.13157898243420973,0.0,0.25,0.0,-0.0,0.0,1
2012-07-09 18:30:00+00:00,0.14653605,0.27430097352762495,0.15236452138874998,0.0,0.734,3.821578945592104,3.8215789,0.38631583506578826,0.0,0.734,0.0,-0.0,0.0,1
2012-07-09 19:00:00+00:00,0.0823731,0.20091443905775003,0.0856494900525,0.0,0.937,3.328421050855262,3.3284211,0.49315784559210396,0.0,0.937,0.0,-0.0,0.0,1
2012-07-09 19:30:00+00:00,0.05312985,0.167467398762125,0.05524308978375,0.0,0.908,2.8505263140131567,2.8505263,0.477894750855262,0.0,0.908,0.0,-0.0,0.0,1
2012-07-09 20:00:00+00:00,0.0465924,0.159990173981,0.048445612709999995,0.0,0.804,2.4273684192763145,2.4273684,0.4231579140131565,0.0,0.804,0.0,-0.0,0.0,1
2012-07-09 20:30:00+00:00,0.0482775,0.16191751131874998,0.0501977375625,0.0,0.753,2.0310526298026303,2.0310526,0.3963158192763143,0.0,0.753,0.0,-0.0,0.0,1
2012-07-09 21:00:00+00:00,0.0465924,0.159990173981,0.048445612709999995,0.0,0.589,1.7210526298026303,1.7210526,0.3100000298026304,0.0,0.589,0.0,-0.0,0.0,1
2012-07-09 21:30:00+00:00,0.04085445,0.153427379323625,0.04247943574875,0.0,0.492,1.7210526298026303,1.7210526,2.9802630363562344e-08,0.0,0.0,0.492,0.0,0.037743135313611745,1
2012-07-09 22:00:00+00:00,0.0380685,0.15024094204625,0.03958267458749999,0.0,0.734,1.7210526298026303,1.7210526,2.9802630363562344e-08,0.0,0.0,0.734,0.0,0.055138425730973745,1
2012-07-09 22:30:00+00:00,0.05354805,0.16794571605762498,0.05567792368874999,0.0,0.554,1.4294736824342091,1.4294737,0.29157892980263034,0.0,0.554,0.0,-0.0,0.0,1
2012-07-09 23:00:00+00:00,0.0442431,0.15730315623274999,0.04600286930249999,0.0,0.398,1.2199999982236829,1.22,0.20947368243420916,0.0,0.398,0.0,-0.0,0.0,1
2012-07-09 23:30:00+00:00,0.04609425,0.159420413673125,0.04792764879375,0.0,0.418,1.0,1.0,0.21999999822368288,0.0,0.418,0.0,-0.0,0.0,1
2012-07-10 00:00:00+00:00,0.0440955,0.10763433836375,0.04584939851249999,0.0,0.399,1.5874999975000001,1.5875,0.5874999999999999,1.2368421,0.0,1.6358421,0.0,0.08803639105053368,1
2012-07-10 00:30:00+00:00,0.04249035,0.105798444038375,0.04418040367125,0.0,0.281,2.2999999975,2.3,0.7125000024999997,1.5,0.0,1.7810000000000001,0.0,0.09421351441617294,1
2012-07-10 01:00:00+00:00,0.04246575,0.105770307726875,0.04415482520625,0.0,0.299,3.0124999975,3.0125,0.7125000025000001,1.5,0.0,1.799,0.0,0.09514039180032406,1
2012-07-10 01:30:00+00:00,0.04379415,0.10728966854787501,0.045536062316249994,0.0,0.318,3.7249999975,3.725,0.7125000025000001,1.5,0.0,1.818,0.0,0.0975263087100184,1
2012-07-10 02:00:00+00:00,0.04001805,0.10297074473262502,0.04160976793874999,0.0,0.269,4.4374999975,4.4375,0.7125000025000001,1.5,0.0,1.7690000000000001,0.0,0.09107762371600683,1
2012-07-10 02:30:00+00:00,0.03590985,0.098271980712125,0.037338164283749996,0.0,0.29,5.1499999975,5.15,0.7125000025000006,1.5,0.0,1.79,0.0,0.08795342273735188,1
2012-07-10 03:00:00+00:00,0.0353748,0.09766001593700001,0.03678183266999999,0.0,0.305,5.8624999975000005,5.8625,0.7125000024999997,1.5,0.0,1.805,0.0,0.08813816438314251,1
2012-07-10 03:30:00+00:00,0.0349443,0.09716763048574999,0.036334209532499995,0.0,0.244,6.574999997500001,6.575,0.7125000024999997,1.5,0.0,1.744,0.0,0.08473017378357399,1
2012-07-10 04:00:00+00:00,0.03388035,0.095950735013375,0.03522794092124999,0.0,0.255,7.287499997500001,7.2875,0.7125000024999988,1.5,0.0,1.755,0.0,0.08419676997423656,1
2012-07-10 04:30:00+00:00,0.03444615,0.09659787017787502,0.03581624561625,0.0,0.269,7.999999997500002,8.0,0.7125000024999988,1.5,0.0,1.7690000000000001,0.0,0.08544081617233046,1
2012-07-10 05:00:00+00:00,0.03495045,0.32707466456362505,0.03634060414875,0.0,0.226,7.881052629078949,7.8810526,0.11894739750000127,0.0,0.226,0.0,-0.0,0.0,1
2012-07-10 05:30:00+00:00,0.03749655,0.329986772803875,0.03898797527624999,0.006,0.26,7.747368418552633,7.7473684,0.13368422907894928,0.0,0.254,0.0,-0.0,0.0,1
2012-07-10 06:00:00+00:00,0.0397044,0.332512006761,0.041283642509999996,0.0,0.239,7.621578944868423,7.6215789,0.12578951855263298,0.0,0.239,0.0,-0.0,0.0,1
2012-07-10 06:30:00+00:00,0.0424473,0.33564920549325,0.0441356413575,0.0,0.236,7.497368418552633,7.4973684,0.12421054486842298,0.0,0.236,0.0,-0.0,0.0,1
2012-07-10 07:00:00+00:00,0.0454977,0.33913810811925005,0.0473073710175,0.0,0.425,7.273684208026317,7.2736842,0.22368421855263332,0.0,0.425,0.0,-0.0,0.0,1
2012-07-10 07:30:00+00:00,0.0415125,0.33458002565625006,0.043163659687499994,0.0,0.79,6.857894734342107,6.8578947,0.4157895080263172,0.0,0.79,0.0,-0.0,0.0,1
2012-07-10 08:00:00+00:00,0.04995645,0.344237814578625,0.05194346779875,0.019,0.769,6.463157892236844,6.4631579,0.3947368343421074,0.0,0.75,0.0,-0.0,0.0,1
2012-07-10 08:30:00+00:00,0.05535615,0.35041373495287503,0.05755794086625,0.044,0.751,6.091052629078949,6.0910526,0.37210529223684397,0.0,0.707,0.0,-0.0,0.0,1
2012-07-10 09:00:00+00:00,0.05650005,0.351722073437625,0.05874733948875,0.094,0.731,5.755789471184213,5.7557895,0.3352631290789496,0.0,0.637,0.0,-0.0,0.0,1
2012-07-10 09:30:00+00:00,0.05739795,0.35274904880737507,0.05968095346125,0.1,0.784,5.395789471184212,5.3957895,0.35999997118421234,0.0,0.684,0.0,-0.0,0.0,1
2012-07-10 10:00:00+00:00,0.0528777,0.34757900156925003,0.0549809105175,0.269,0.499,5.274736839605265,5.2747368,0.12105267118421192,0.0,0.23,0.0,2.7755575615628914e-17,-7.630134096422992e-19,1
2012-07-10 10:30:00+00:00,0.0541815,0.34907022607875005,0.056336569162499996,0.313,0.601,5.123157892236844,5.1231579,0.15157893960526536,0.0,0.288,0.0,-0.0,0.0,1
2012-07-10 11:00:00+00:00,0.05367105,0.168086397615125,0.055805816013749995,0.194,0.562,4.929473681710529,4.9294737,0.1936841922368444,0.0,0.368,5.551115123125783e-17,0.0,4.6653347189652696e-18,1
2012-07-10 11:30:00+00:00,0.0571212,0.172032515303,0.059393195729999994,0.206,0.612,4.7157894711842125,4.7157895,0.21368418171052905,0.0,0.406,0.0,-0.0,0.0,1
2012-07-10 12:00:00+00:00,0.05330205,0.167664352942625,0.05542213903875,0.381,0.379,4.716739471184212,4.7167395,0.0009500288157875403,0.002,0.0,0.0,-0.0,0.0,1
2012-07-10 12:30:00+00:00,0.05365875,0.168072329459375,0.05579302678124999,0.219,0.234,4.708844734342107,4.7088447,0.00789477118421189,0.0,0.015,1.3877787807814457e-17,0.0,1.1662360623011445e-18,1
2012-07-10 13:00:00+00:00,0.05022705,0.164147314005125,0.05222483091375,0.3,0.226,4.743994734342107,4.7439947,0.03514996565789286,0.074,0.0,0.0,-0.0,0.0,1
2012-07-10 13:30:00+00:00,0.0530253,0.16734781943825,0.055134381307499994,0.163,0.257,4.694521050131581,4.6945211,0.04947363434210672,0.0,0.094,0.0,-0.0,0.0,1
2012-07-10 14:00:00+00:00,0.05400315,0.168466237820375,0.05615112529125,0.144,0.261,4.63294210276316,4.6329421,0.061578950131580434,0.0,0.117,1.3877787807814457e-17,0.0,1.1689693506259855e-18,1
2012-07-10 14:30:00+00:00,0.05324055,0.167594012163875,0.05535819287625,0.081,0.227,4.556099997500001,4.5561,0.07684210276315984,0.0,0.146,2.7755575615628914e-17,0.0,2.3258341386705324e-18,1
2012-07-10 15:00:00+00:00,0.0515247,0.16563150443675,0.0535740949425,0.069,0.298,4.435573681710528,4.4355737,0.12052629750000143,0.0,0.229,0.0,2.7755575615628914e-17,-7.434899216077206e-19,1
2012-07-10 15:30:00+00:00,0.05509785,0.16971830368212498,0.057289366983749986,0.025,0.278,4.302415786973686,4.3024158,0.13315788171052745,0.0,0.253,0.0,-0.0,0.0,1
2012-07-10 16:00:00+00:00,0.05747175,0.17243345774187502,0.05975768885625,0.006,0.267,4.165047365921055,4.1650474,0.13736838697368636,0.0,0.261,0.0,-0.0,0.0,1
2012-07-10 16:30:00+00:00,0.05959965,0.17486724868662498,0.06197022607874999,0.0,0.278,4.018731576447371,4.0187316,0.146315765921055,0.0,0.278,0.0,-0.0,0.0,1
2012-07-10 17:00:00+00:00,0.0533574,0.1677276596435,0.055479690585,0.0,0.34,3.839784208026318,3.8397842,0.17894737644737058,0.0,0.34,0.0,-0.0,0.0,1
2012-07-10 17:30:00+00:00,0.05918145,0.174388931391125,0.061535392173749995,0.0,0.406,3.626099997500002,3.6261,0.2136842080263177,0.0,0.406,0.0,-0.0,0.0,1
2012-07-10 18:00:00+00:00,0.0989781,0.21990644932025002,0.1029149539275,0.0,0.262,3.488205260657897,3.4882053,0.13789469750000194,0.0,0.262,0.0,-0.0,0.0,1
2012-07-10 18:30:00+00:00,0.11472825,0.23792072275812498,0.11929156614374999,0.0,0.264,2.8021052606578967,2.8021053,0.6860999606578968,0.0,1.30359,0.0,1.03959,-0.06200715962369052,1
2012-07-10 19:00:00+00:00,0.05653695,0.171364277904875,0.05878570718625,0.0,0.279,2.6552631553947386,2.6552632,0.14684206065789684,0.0,0.279,0.0,-0.0,0.0,1
2012-07-10 19:30:00+00:00,0.04469205,0.157816643917625,0.04646967628874999,0.0,0.29,2.5026315764473703,2.5026316,0.1526315553947386,0.0,0.29,0.0,-0.0,0.0,1
2012-07-10 20:00:00+00:00,0.042189,0.1549537742225,0.043867067475,0.0,0.29,2.349999997500002,2.35,0.15263157644737024,0.0,0.29,0.0,-0.0,0.0,1
2012-07-10 20:30:00+00:00,0.0427671,0.15561497754275,0.0444681614025,0.0,0.273,2.2063157869736862,2.2063158,0.14368419750000205,0.0,0.273,0.0,-0.0,0.0,1
2012-07-10 21:00:00+00:00,0.043419,0.15636058979749998,0.045145990724999994,0.0,0.73,1.8221052606578967,1.8221053,0.3842104869736862,0.0,0.73,0.0,-0.0,0.0,1
2012-07-10 21:30:00+00:00,0.04191225,0.154637240718125,0.043579309743749996,0.0,0.404,1.6094736817105282,1.6094737,0.2126315606578968,0.0,0.404,0.0,-0.0,0.0,1
2012-07-10 22:00:00+00:00,0.03757035,0.149671181738375,0.039064710671249996,0.0,0.308,1.4473684185526334,1.4473684,0.16210528171052818,0.0,0.308,0.0,-0.0,0.0,1
2012-07-10 22:30:00+00:00,0.0511311,0.16518132345275,0.05316483950249999,0.0,0.295,1.2921052606578967,1.2921053,0.15526311855263342,0.0,0.295,0.0,-0.0,0.0,1
2012-07-10 23:00:00+00:00,0.03969825,0.152104972683125,0.041277247893749994,0.0,0.288,1.1405263132894756,1.1405263,0.15157896065789656,0.0,0.288,0.0,-0.0,0.0,1
2012-07-10 23:30:00+00:00,0.04455675,0.157661894204375,0.046328994731249996,0.0,0.267,1.0,1.0,0.14052631328947562,0.0,0.267,0.0,-0.0,0.0,1
2012-07-11 00:00:00+00:00,0.037023,0.09954514880750001,0.038495589824999996,0.0,0.308,1.0,1.0,0.0,0.0,0.0,0.308,0.0,0.015329952916355001,1
2012-07-11 00:30:00+00:00,0.0363219,0.09874326392975,0.037766603572499995,0.0,0.288,1.7125,1.7125,0.7124999999999999,1.5,0.0,1.788,0.0,0.0882764779531965,1
2012-07-11 01:00:00+00:00,0.03642645,0.098862843253625,0.03787531204875,0.0,0.279,2.06181842,2.0618184,0.34931840000000003,0.7354072,0.0,1.0144072,0.0,0.05014359000447431,1
2012-07-11 01:30:00+00:00,0.036654,0.09912310413500001,0.03811191285,0.0,0.246,2.06181842,2.0618184,1.999999987845058e-08,0.0,0.0,0.246,0.0,0.012192141808605002,1
2012-07-11 02:00:00+00:00,0.03508575,0.097329414276875,0.03648128570625,0.0,0.244,2.7743184199999997,2.7743184,0.71249998,1.5,0.0,1.744,0.0,0.084871249249435,1
2012-07-11 02:30:00+00:00,0.0342678,0.09639388191949999,0.035630801744999996,0.0,0.27,3.4868184199999996,3.4868184,0.7124999800000005,1.5,0.0,1.77,0.0,0.08530858549875749,1
2012-07-11 03:00:00+00:00,0.0337389,0.09578895122225002,0.0350808647475,0.0,0.245,4.199318419999999,4.1993184,0.7124999800000005,1.5,0.0,1.745,0.0,0.08357585994141314,1
2012-07-11 03:30:00+00:00,0.03357285,0.095599031119625,0.03490821010875,0.0,0.22,4.9118184199999995,4.9118184,0.7124999800000005,1.5,0.0,1.72,0.0,0.0822151667628775,1
2012-07-11 04:00:00+00:00,0.03322845,0.09520512275862501,0.034550111598749995,0.0,0.253,5.62431842,5.6243184,0.7124999800000005,1.5,0.0,1.7530000000000001,0.0,0.08344729009793483,1
2012-07-11 04:30:00+00:00,0.0325335,0.09441027195875,0.0338275199625,0.0,0.25,6.33681842,6.3368184,0.7124999800000005,1.5,0.0,1.75,0.0,0.08260898796390626,1
2012-07-11 05:00:00+00:00,0.033456,0.32536538364,0.034786712399999996,0.0,0.206,6.228397367368421,6.2283974,0.10842101999999976,0.0,0.206,0.0,-0.0,0.0,1
2012-07-11 05:30:00+00:00,0.03412635,0.32613209812837507,0.03548372557125,0.0,0.242,6.10102894631579,6.1010289,0.127368467368421,0.0,0.242,0.0,-0.0,0.0,1
2012-07-11 06:00:00+00:00,0.0354855,0.32768662933875,0.0368969357625,0.0,0.203,5.994186841052632,5.9941868,0.10684214631579003,0.0,0.203,0.0,-0.0,0.0,1
2012-07-11 06:30:00+00:00,0.03806235,0.33063390796837505,0.03957627997125,0.0,0.22,5.8783973673684216,5.8783974,0.11578944105263211,0.0,0.22,0.0,-0.0,0.0,1
2012-07-11 07:00:00+00:00,0.04124805,0.334277560307625,0.042888691188749994,0.0,0.442,5.645765788421053,5.6457658,0.23263156736842117,0.0,0.442,0.0,-0.0,0.0,1
2012-07-11 07:30:00+00:00,0.03568845,0.327918753908625,0.03710795809874999,0.0,0.726,5.263660525263158,5.2636605,0.3821052884210525,0.0,0.726,0.0,-0.0,0.0,1
2012-07-11 08:00:00+00:00,0.0405162,0.33344050504050005,0.042127731854999996,0.013,0.756,4.8726078936842105,4.8726079,0.39105262526315787,0.0,0.743,0.0,-0.0,0.0,1
2012-07-11 08:30:00+00:00,0.0424104,0.33560700102600005,0.04409727366,0.025,0.78,4.4752394726315785,4.4752395,0.39736839368421073,0.0,0.755,0.0,-0.0,0.0,1
2012-07-11 09:00:00+00:00,0.0420783,0.33522716082075005,0.0437519643825,0.031,0.764,4.089449998947368,4.08945,0.38578947263157826,0.0,0.733,0.0,-0.0,0.0,1
2012-07-11 09:30:00+00:00,0.0422259,0.33539597868975,0.0439054351725,0.069,0.789,3.710502630526315,3.7105026,0.37894739894736773,0.0,0.72,0.0,-0.0,0.0,1
2012-07-11 10:00:00+00:00,0.0397905,0.33261048385125,0.04137316713749999,0.319,0.666,3.5278710515789466,3.5278711,0.1826315305263151,0.0,0.347,5.551115123125783e-17,0.0,9.23179543508429e-18,1
2012-07-11 10:30:00+00:00,0.0403932,0.333299823483,0.04199983953,0.438,0.259,3.6128960515789466,3.6128961,0.0850250484210533,0.179,0.0,0.0,-0.0,0.0,1
2012-07-11 11:00:00+00:00,0.0371091,0.14914362589775,0.03858511445249999,0.425,0.295,3.6746460515789465,3.6746461,0.06175004842105336,0.13,0.0,0.0,-0.0,0.0,1
2012-07-11 11:30:00+00:00,0.036654,0.148623104135,0.03811191285,0.425,0.3,3.7340210515789467,3.7340211,0.05937504842105357,0.125,0.0,0.0,-0.0,0.0,1
2012-07-11 12:00:00+00:00,0.0368262,0.14882005831550002,0.038290962105000007,0.425,0.286,3.8000460515789465,3.8000461,0.06602504842105317,0.139,0.0,0.0,-0.0,0.0,1
2012-07-11 12:30:00+00:00,0.0359529,0.14782121925725003,0.037382926597500005,0.4,0.29,3.8522960515789464,3.8522961,0.0522500484210533,0.11,0.0,0.0,5.551115123125783e-17,-1.0375846459104167e-18,1
2012-07-11 13:00:00+00:00,0.03482745,0.146533983006125,0.03621271182375,0.381,0.343,3.8703460515789465,3.8703461,0.01805004842105351,0.038,0.0,0.0,-0.0,0.0,1
2012-07-11 13:30:00+00:00,0.03444615,0.146097870177875,0.03581624561625,0.331,0.314,3.8784210515789463,3.8784211,0.008075048421053665,0.017,0.0,0.0,-0.0,0.0,1
2012-07-11 14:00:00+00:00,0.03417555,0.145788370751375,0.03553488250125,0.256,0.31,3.8499999989473674,3.85,0.028421051578946255,0.0,0.054,0.0,6.938893903907228e-18,-1.2328638978199162e-19,1
2012-07-11 14:30:00+00:00,0.0338496,0.145415564624,0.03519596784,0.213,0.295,3.806842104210525,3.8068421,0.043157898947367546,0.0,0.082,0.0,1.3877787807814457e-17,-2.4422108668709087e-19,1
2012-07-11 15:00:00+00:00,0.0338619,0.14542963277975,0.0352087570725,0.156,0.289,3.7368421042105253,3.7368421,0.0700000042105251,0.0,0.133,0.0,2.7755575615628914e-17,-4.886196596290415e-19,1
2012-07-11 15:30:00+00:00,0.034071,0.1456687914275,0.035426174025,0.081,0.346,3.597368419999999,3.5973684,0.13947370421052518,0.0,0.265,0.0,5.551115123125783e-17,-9.832738519233164e-19,1
2012-07-11 16:00:00+00:00,0.03416325,0.14577430259562502,0.03552209326875,0.025,0.308,3.4484210515789466,3.4484211,0.1489473199999991,0.0,0.283,0.0,-0.0,0.0,1
2012-07-11 16:30:00+00:00,0.03293325,0.14436748702062502,0.03424317001874999,0.013,0.286,3.3047368410526308,3.3047368,0.1436842515789465,0.0,0.273,0.0,5.551115123125783e-17,-9.504388947742523e-19,1
2012-07-11 17:00:00+00:00,0.03360975,0.145141235586875,0.03494657780625,0.0,0.318,3.137368419999999,3.1373684,0.1673684410526306,0.0,0.318,0.0,-0.0,0.0,1
2012-07-11 17:30:00+00:00,0.0387819,0.15105689507975,0.0403244500725,0.0,0.337,2.9599999989473678,2.96,0.1773684199999992,0.0,0.337,0.0,-0.0,0.0,1
2012-07-11 18:00:00+00:00,0.0401964,0.15267473299099998,0.041795211809999996,0.0,0.323,2.789999998947368,2.79,0.16999999894736773,0.0,0.323,0.0,-0.0,0.0,1
2012-07-11 18:30:00+00:00,0.0384621,0.15069112303025,0.0399919300275,0.0,0.276,2.644736841052631,2.6447368,0.14526319894736783,0.0,0.276,0.0,-0.0,0.0,1
2012-07-11 19:00:00+00:00,0.0383145,0.15052230516125,0.0398384592375,0.0,0.239,2.5189473673684204,2.5189474,0.125789441052631,0.0,0.239,0.0,-0.0,0.0,1
2012-07-11 19:30:00+00:00,0.035793,0.14763833323249997,0.037216666574999994,0.0,0.29,2.366315788421052,2.3663158,0.1526315673684202,0.0,0.29,0.0,-0.0,0.0,1
2012-07-11 20:00:00+00:00,0.03487665,0.146590255629125,0.03626386875375,0.0,0.333,2.191052630526315,2.1910526,0.17526318842105226,0.0,0.333,0.0,-0.0,0.0,1
2012-07-11 20:30:00+00:00,0.0381177,0.15029721466925,0.039633831517499996,0.0,0.403,1.9789473673684204,1.9789474,0.21210523052631514,0.0,0.403,0.0,-0.0,0.0,1
2012-07-11 21:00:00+00:00,0.03531945,0.147096709236125,0.03672428112375,0.0,0.369,1.784736841052631,1.7847368,0.19421056736842046,0.0,0.369,0.0,-0.0,0.0,1
2012-07-11 21:30:00+00:00,0.03493815,0.146660596407875,0.03632781491625,0.0,0.313,1.619999998947368,1.62,0.16473684105263087,0.0,0.313,0.0,-0.0,0.0,1
2012-07-11 22:00:00+00:00,0.03444,0.14609083609999998,0.035809851,0.0,0.304,1.459999998947368,1.46,0.15999999894736794,0.0,0.304,0.0,-0.0,0.0,1
2012-07-11 22:30:00+00:00,0.0399135,0.15235116540875002,0.041501059462499996,0.0,0.305,1.2994736831578944,1.2994737,0.16052629894736792,0.0,0.305,0.0,-0.0,0.0,1
2012-07-11 23:00:00+00:00,0.03520875,0.146970095834375,0.036609178031249995,0.0,0.307,1.1378947357894733,1.1378947,0.16157898315789443,0.0,0.307,0.0,-0.0,0.0,1
2012-07-11 23:30:00+00:00,0.03613125,0.14802520751562498,0.037568370468749994,0.0,0.262,1.0,1.0,0.1378947357894733,0.0,0.262,0.0,-0.0,0.0,1
2012-07-12 00:00:00+00:00,0.03514725,0.097399755055625,0.03654523186874999,0.0,0.278,1.2206578965000001,1.2206579,0.1490788999999999,0.46454294,0.0,0.7425429400000001,0.0,0.036161750237141826,1
2012-07-12 00:30:00+00:00,0.03385575,0.095922598701875,0.03520236245624999,0.0,0.298,1.9331578965,1.9331579,0.7125000035,1.5,0.0,1.798,0.0,0.08623441623298563,1
2012-07-12 01:00:00+00:00,0.0340833,0.09618285958325001,0.0354389632575,0.0,0.298,2.6456578965,2.6456579,0.7125000034999998,1.5,0.0,1.798,0.0,0.08646839076534177,1
2012-07-12 01:30:00+00:00,0.03406485,0.09616175734962502,0.03541977940875,0.0,0.245,3.3581578965,3.3581579,0.7125000035000002,1.5,0.0,1.745,0.0,0.08390113328754784,1
2012-07-12 02:00:00+00:00,0.0325458,0.0944243401145,0.033840309194999994,0.0,0.215,4.0706578965,4.0706579,0.7125000034999998,1.5,0.0,1.715,0.0,0.08096887164818375,1
2012-07-12 02:30:00+00:00,0.0317463,0.09350990999075001,0.03300900908249999,0.006,0.215,4.783157896500001,4.7831579,0.7125000034999998,1.5,0.0,1.709,0.0,0.07990421808709589,1
2012-07-12 03:00:00+00:00,0.03055935,0.09215233296087501,0.03177484814625,0.0,0.205,5.495657896500001,5.4956579,0.7125000034999998,1.5,0.0,1.705,0.0,0.07855986384914594,1
2012-07-12 03:30:00+00:00,0.02845605,0.089746678327625,0.029587889388749997,0.0,0.258,6.208157896500001,6.2081579,0.7125000034999989,1.5,0.0,1.758,0.0,0.07888733024998239,1
2012-07-12 04:00:00+00:00,0.02682015,0.08787561361287502,0.02788692146625,0.0,0.207,6.920657896500002,6.9206579,0.7125000034999989,1.5,0.0,1.707,0.0,0.07500183621858883,1
2012-07-12 04:30:00+00:00,0.0270969,0.08819214711725,0.028174679197499997,0.0,0.204,7.633157896500002,7.6331579,0.712500003499998,1.5,0.0,1.704,0.0,0.075139709343897,1
2012-07-12 05:00:00+00:00,0.02929245,0.32060331291862504,0.03045755719875,0.0,0.211,7.522105264921055,7.5221053,0.11105259650000221,0.0,0.211,0.0,-0.0,0.0,1
2012-07-12 05:30:00+00:00,0.03046095,0.321939787714875,0.03167253428625,0.0,0.208,7.412631580710529,7.4126316,0.10947366492105459,0.0,0.208,0.0,-0.0,0.0,1
2012-07-12 06:00:00+00:00,0.0319677,0.3236631367942501,0.0332392152675,0.0,0.241,7.285789475447371,7.2857895,0.12684208071052883,0.0,0.241,0.0,-0.0,0.0,1
2012-07-12 06:30:00+00:00,0.03502425,0.327159073498125,0.036417339543749996,0.0,0.228,7.1657894754473705,7.1657895,0.11999997544737084,0.0,0.228,0.0,-0.0,0.0,1
2012-07-12 07:00:00+00:00,0.0364572,0.32879801364300004,0.03790728513,0.0,0.415,6.947368422815791,6.9473684,0.21842107544737033,0.0,0.415,0.0,-0.0,0.0,1
2012-07-12 07:30:00+00:00,0.0335667,0.32549199704175,0.034901815492499995,0.0,0.751,6.552105264921054,6.5521053,0.39526312281579123,0.0,0.751,0.0,-0.0,0.0,1
2012-07-12 08:00:00+00:00,0.0362604,0.32857292315100006,0.03770265740999999,0.006,0.752,6.159473685973685,6.1594737,0.39263156492105367,0.0,0.746,0.0,-0.0,0.0,1
2012-07-12 08:30:00+00:00,0.0450795,0.33865979082375003,0.046872537112499994,0.044,0.702,5.813157896500001,5.8131579,0.34631578597368495,0.0,0.658,0.0,1.1102230246251565e-16,-2.6019484962447322e-18,1
2012-07-12 09:00:00+00:00,0.0447474,0.3382799506185001,0.046527227835,0.056,0.824,5.408947370184212,5.4089474,0.40421049650000107,0.0,0.768,0.0,1.1102230246251565e-16,-2.5827799807198735e-18,1
2012-07-12 09:30:00+00:00,0.04535625,0.338976324328125,0.04716029484374999,0.131,0.712,5.103157896500001,5.1031579,0.30578947018421143,0.0,0.581,0.0,-0.0,0.0,1
2012-07-12 10:00:00+00:00,0.0457929,0.33947574385725005,0.0476143125975,0.106,0.497,4.8973684228157905,4.8973684,0.20578949650000045,0.0,0.391,0.0,-0.0,0.0,1
2012-07-12 10:30:00+00:00,0.04817295,0.342197931994875,0.05008902908624999,0.088,0.286,4.793157896500001,4.7931579,0.1042105228157908,0.0,0.198,0.0,2.7755575615628914e-17,-6.951249171584239e-19,1
2012-07-12 11:00:00+00:00,0.04900935,0.162754566585875,0.050958696896249996,0.075,0.374,4.635789475447369,4.6357895,0.15736839650000167,0.0,0.299,0.0,-0.0,0.0,1
2012-07-12 11:30:00+00:00,0.04677075,0.16019416223937502,0.04863105658125,0.031,0.276,4.5068421070263165,4.5068421,0.12894737544736934,0.0,0.245,2.7755575615628914e-17,0.0,2.2231405916086497e-18,1
2012-07-12 12:00:00+00:00,0.0453255,0.15854115393874998,0.047128321762499994,0.031,0.299,4.365789475447369,4.3657895,0.1410526070263165,0.0,0.268,0.0,-0.0,0.0,1
2012-07-12 12:30:00+00:00,0.0460758,0.15939931143949998,0.04790846494499999,0.131,0.271,4.292105264921053,4.2921053,0.07368417544736872,0.0,0.14,0.0,-0.0,0.0,1
2012-07-12 13:00:00+00:00,0.04673385,0.160151957772125,0.04859268888375,0.119,0.359,4.165789475447369,4.1657895,0.12631576492105356,0.0,0.24,0.0,-0.0,0.0,1
2012-07-12 13:30:00+00:00,0.04584825,0.159139050558125,0.04767186414375,0.075,0.291,4.052105264921053,4.0521053,0.11368417544736875,0.0,0.216,0.0,2.7755575615628914e-17,-6.615800149899209e-19,1
2012-07-12 14:00:00+00:00,0.04690605,0.16034891195262502,0.04877173813874999,0.069,0.303,3.9289473701842113,3.9289474,0.12315786492105296,0.0,0.234,0.0,2.7755575615628914e-17,-6.76843832907864e-19,1
2012-07-12 14:30:00+00:00,0.04896015,0.162698293962875,0.05090753996624999,0.056,0.258,3.822631580710527,3.8226316,0.10631577018421146,0.0,0.202,0.0,-0.0,0.0,1
2012-07-12 15:00:00+00:00,0.0440832,0.157120270208,0.045836609279999996,0.038,0.526,3.565789475447369,3.5657895,0.25684208071052694,0.0,0.488,5.551115123125783e-17,0.0,4.360963540506191e-18,1
2012-07-12 15:30:00+00:00,0.0434559,0.15640279426475,0.045184358422499994,0.019,0.269,3.434210528078948,3.4342105,0.1315789754473693,0.0,0.25,0.0,-0.0,0.0,1
2012-07-12 16:00:00+00:00,0.04865265,0.16234659006912502,0.050587809153749996,0.013,0.302,3.282105264921053,3.2821053,0.15210522807894788,0.0,0.289,0.0,-0.0,0.0,1
2012-07-12 16:30:00+00:00,0.0466785,0.16008865107125,0.0485351373375,0.006,0.294,3.130526317552632,3.1305263,0.15157896492105305,0.0,0.288,0.0,-0.0,0.0,1
2012-07-12 17:00:00+00:00,0.0426564,0.15548836414099998,0.04435305830999999,0.0,0.235,3.006842107026316,3.0068421,0.12368421755263181,0.0,0.235,0.0,-0.0,0.0,1
2012-07-12 17:30:00+00:00,0.047478,0.161003081195,0.04936643745,0.0,0.211,2.8957894754473688,2.8957895,0.11105260702631625,0.0,0.211,0.0,-0.0,0.0,1
2012-07-12 18:00:00+00:00,0.06528225,0.181366736643125,0.06787885149374999,0.0,0.255,2.761578949131579,2.7615789,0.1342105754473688,0.0,0.255,0.0,-0.0,0.0,1
2012-07-12 18:30:00+00:00,0.0595566,0.17481801014149997,0.061925463764999994,0.006,0.268,2.623684212289474,2.6236842,0.13789474913157918,0.0,0.262,0.0,-0.0,0.0,1
2012-07-12 19:00:00+00:00,0.04814835,0.161769795683375,0.05006345062124999,0.0,0.219,2.508421054394737,2.5084211,0.11526311228947383,0.0,0.219,0.0,-0.0,0.0,1
2012-07-12 19:30:00+00:00,0.0417585,0.15446138877124999,0.043419444337499995,0.0,0.262,2.3705263175526317,2.3705263,0.13789475439473708,0.0,0.262,0.0,-0.0,0.0,1
2012-07-12 20:00:00+00:00,0.03849285,0.15072629341962498,0.040023903108749995,0.0,0.242,2.2431578965,2.2431579,0.12736841755263173,0.0,0.242,0.0,-0.0,0.0,1
2012-07-12 20:30:00+00:00,0.04064535,0.153188220675875,0.042262018796249995,0.0,0.249,2.1121052649210528,2.1121053,0.1310525965,0.0,0.249,0.0,-0.0,0.0,1
2012-07-12 21:00:00+00:00,0.03972285,0.152133108994625,0.041302826358749996,0.0,0.263,1.9736842122894738,1.9736842,0.13842106492105266,0.0,0.263,0.0,-0.0,0.0,1
2012-07-12 21:30:00+00:00,0.0361374,0.1480322415935,0.037574765084999996,0.0,0.242,1.8463157912368422,1.8463158,0.12736841228947382,0.0,0.242,0.0,-0.0,0.0,1
2012-07-12 22:00:00+00:00,0.0351042,0.14685051651050002,0.036500469555000005,0.0,0.222,1.7294736859736843,1.7294737,0.1168420912368422,0.0,0.222,0.0,-0.0,0.0,1
2012-07-12 22:30:00+00:00,0.0412788,0.153912730697,0.04292066427,0.0,0.269,1.5878947386052633,1.5878947,0.14157898597368423,0.0,0.269,0.0,-0.0,0.0,1
2012-07-12 23:00:00+00:00,0.03574995,0.14758909468737502,0.03717190426125,0.0,0.719,1.2094736859736843,1.2094737,0.3784210386052633,0.0,0.719,0.0,-0.0,0.0,1
2012-07-12 23:30:00+00:00,0.03543015,0.14722332263787502,0.03683938421625,0.0,0.398,1.000000001763158,1.0,0.20947368597368432,0.0,0.398,0.0,-0.0,0.0,1
2012-07-13 00:00:00+00:00,0.0348582,0.09706915339550001,0.036244684905,0.0,0.313,1.000000001763158,1.0,1.7631580639942968e-09,0.0,0.0,0.313,0.0,0.015191322506395752,1
2012-07-13 00:30:00+00:00,0.03461835,0.096794824358375,0.03599529487125,0.0,0.367,1.488313159263158,1.4883132,0.48831319823684183,1.0280277,0.0,1.3950277,0.0,0.06751573059828392,1
2012-07-13 01:00:00+00:00,0.03440925,0.096555665710625,0.03577787791875,0.0,0.311,2.200813159263158,2.2008132,0.7125000407368418,1.5,0.0,1.811,0.0,0.08743115530097094,1
2012-07-13 01:30:00+00:00,0.034932,0.09715356233000001,0.0363214203,0.0,0.329,2.200813159263158,2.2008132,4.073684189975779e-08,0.0,0.0,0.329,0.0,0.015981761003285,1
2012-07-13 02:00:00+00:00,0.0341694,0.09628133667350001,0.035528487885,0.0,0.274,2.913313159263158,2.9133132,0.7125000407368423,1.5,0.0,1.774,0.0,0.08540154562939452,1
2012-07-13 02:30:00+00:00,0.0335175,0.09553572441875,0.03485065856249999,0.0,0.262,3.6258131592631577,3.6258132,0.7125000407368423,1.5,0.0,1.762,0.0,0.08416697321291874,1
2012-07-13 03:00:00+00:00,0.03287175,0.09479714624187499,0.034179223856249996,0.0,0.257,4.338313159263158,4.3383132,0.7125000407368423,1.5,0.0,1.7570000000000001,0.0,0.08327929297348718,1
2012-07-13 03:30:00+00:00,0.02996895,0.09147706148487501,0.03116096498625,0.0,0.268,5.050813159263157,5.0508132,0.7125000407368427,1.5,0.0,1.768,0.0,0.08086572235262951,1
2012-07-13 04:00:00+00:00,0.030504,0.09208902626,0.0317172966,0.0,0.28,5.7633131592631575,5.7633132,0.7125000407368427,1.5,0.0,1.78,0.0,0.0819592333714,1
2012-07-13 04:30:00+00:00,0.03149415,0.09322151279787502,0.032746829816249996,0.0,0.249,6.475813159263158,6.4758132,0.7125000407368427,1.5,0.0,1.749,0.0,0.08152221294174171,1
2012-07-13 05:00:00+00:00,0.0327672,0.32457756691800005,0.03407051538,0.0,0.198,6.3716026329473685,6.3716026,0.1042105592631577,0.0,0.198,0.0,-0.0,0.0,1
2012-07-13 05:30:00+00:00,0.0338619,0.32582963277975,0.0352087570725,0.0,0.233,6.248971054,6.2489711,0.12263153294736817,0.0,0.233,0.0,-0.0,0.0,1
2012-07-13 06:00:00+00:00,0.0333822,0.32528097470550005,0.034709977004999996,0.0,0.235,6.125286843473685,6.1252868,0.1236842540000005,0.0,0.235,0.0,-0.0,0.0,1
2012-07-13 06:30:00+00:00,0.03375735,0.325710053455875,0.03510004859625,0.0,0.197,6.021602632947369,6.0216026,0.1036842434736851,0.0,0.197,0.0,-0.0,0.0,1
2012-07-13 07:00:00+00:00,0.0360513,0.32833376450325,0.03748524045749999,0.0,0.454,5.7826552645263165,5.7826553,0.2389473329473688,0.0,0.454,0.0,-0.0,0.0,1
2012-07-13 07:30:00+00:00,0.0341694,0.3261813366735001,0.035528487885,0.0,0.766,5.379497369789474,5.3794974,0.4031578645263165,0.0,0.766,0.0,-0.0,0.0,1
2012-07-13 08:00:00+00:00,0.03726285,0.3297194778446251,0.03874497985875,0.006,0.775,4.974760527684211,4.9747605,0.404736869789474,0.0,0.769,0.0,-0.0,0.0,1
2012-07-13 08:30:00+00:00,0.0396183,0.33241352967075005,0.0411941178825,0.013,0.858,4.530023685578947,4.5300237,0.44473682768421074,0.0,0.845,0.0,-0.0,0.0,1
2012-07-13 09:00:00+00:00,0.0389664,0.33166791741600005,0.040516288559999995,0.056,0.778,4.150023685578947,4.1500237,0.3799999855789471,0.0,0.722,0.0,-0.0,0.0,1
2012-07-13 09:30:00+00:00,0.03974745,0.332561245306125,0.04132840482375,0.05,0.708,3.803707896105263,3.8037079,0.3463157855789474,0.0,0.658,0.0,1.1102230246251565e-16,-2.2941873303178316e-18,1
2012-07-13 10:00:00+00:00,0.040221,0.33310286930250005,0.041820790275,0.056,0.544,3.546865790842105,3.5468658,0.2568420961052631,0.0,0.488,5.551115123125783e-17,0.0,9.245461876708495e-18,1
2012-07-13 10:30:00+00:00,0.0403932,0.333299823483,0.04199983953,0.263,0.233,3.561115790842105,3.5611158,0.014250009157894983,0.03,0.0,0.0,-0.0,0.0,1
2012-07-13 11:00:00+00:00,0.0397782,0.15219641569550002,0.041360377904999995,0.363,0.288,3.596740790842105,3.5967408,0.035625009157894905,0.075,0.0,0.0,-0.0,0.0,1
2012-07-13 11:30:00+00:00,0.0386343,0.15088807721075,0.040170979282500005,0.35,0.305,3.618115790842105,3.6181158,0.02137500915789481,0.045,0.0,0.0,-0.0,0.0,1
2012-07-13 12:00:00+00:00,0.03836985,0.15058561186212502,0.03989601078374999,0.394,0.262,3.680815790842105,3.6808158,0.06270000915789486,0.132,0.0,0.0,-0.0,0.0,1
2012-07-13 12:30:00+00:00,0.0380193,0.15018466942325,0.039531517657499994,0.375,0.267,3.732115790842105,3.7321158,0.05130000915789479,0.108,0.0,0.0,-0.0,0.0,1
2012-07-13 13:00:00+00:00,0.0378225,0.14995957893125,0.0393268899375,0.35,0.335,3.739240790842105,3.7392408,0.007125009157895157,0.015,0.0,5.551115123125783e-17,0.0,4.162214432314182e-18,1
2012-07-13 13:30:00+00:00,0.03747195,0.149558636492375,0.038962396811249994,0.263,0.27,3.735556580315789,3.7355566,0.0036841908421050285,0.0,0.007,6.071532165918825e-18,0.0,4.540250360772078e-19,1
2012-07-13 14:00:00+00:00,0.03695535,0.14896777395087502,0.03842524904625,0.275,0.218,3.762631580315789,3.7626316,0.02707501968421111,0.057,0.0,0.0,-0.0,0.0,1
2012-07-13 14:30:00+00:00,0.03605745,0.147940798581125,0.037491635073749995,0.138,0.418,3.6152631592631574,3.6152632,0.14736838031578925,0.0,0.28,0.0,5.551115123125783e-17,-1.040601912243033e-18,1
2012-07-13 15:00:00+00:00,0.0361251,0.14801817343775,0.03756197585249999,0.063,0.256,3.5136842118947365,3.5136842,0.1015789592631573,0.0,0.193,0.0,-0.0,0.0,1
2012-07-13 15:30:00+00:00,0.03502425,0.146759073498125,0.036417339543749996,0.063,0.231,3.4252631592631575,3.4252632,0.08842101189473661,0.0,0.168,0.0,-0.0,0.0,1
2012-07-13 16:00:00+00:00,0.03600825,0.14788452595812498,0.03744047814375,0.044,0.223,3.331052632947368,3.3310526,0.09421055926315747,0.0,0.179,0.0,-0.0,0.0,1
2012-07-13 16:30:00+00:00,0.03766875,0.149783726984375,0.03916702453125,0.0,0.177,3.237894738210526,3.2378947,0.09315793294736796,0.0,0.177,0.0,-0.0,0.0,1
2012-07-13 17:00:00+00:00,0.03852975,0.15076849788687502,0.040062270806249994,0.0,0.277,3.092105264526315,3.0921053,0.1457894382105258,0.0,0.277,0.0,-0.0,0.0,1
2012-07-13 17:30:00+00:00,0.039975,0.1524215061875,0.04156500562499999,0.0,0.241,2.965263159263157,2.9652632,0.1268420645263153,0.0,0.241,0.0,-0.0,0.0,1
2012-07-13 18:00:00+00:00,0.04064535,0.153188220675875,0.042262018796249995,0.0,0.201,2.8594736855789464,2.8594737,0.10578945926315697,0.0,0.201,0.0,-0.0,0.0,1
2012-07-13 18:30:00+00:00,0.03878805,0.15106392915762498,0.04033084468874999,0.0,0.208,2.75000000136842,2.75,0.10947368557894643,0.0,0.208,0.0,-0.0,0.0,1
2012-07-13 19:00:00+00:00,0.0368139,0.14880599015975,0.038278172872499995,0.0,0.235,2.626315790842104,2.6263158,0.12368420136842007,0.0,0.235,0.0,-0.0,0.0,1
2012-07-13 19:30:00+00:00,0.0352149,0.14697712991225,0.0366155726475,0.0,0.299,2.468947369789473,2.4689474,0.1573683908421044,0.0,0.299,0.0,-0.0,0.0,1
2012-07-13 20:00:00+00:00,0.0363465,0.14827140024125,0.0377921820375,0.0,0.321,2.3000000013684203,2.3,0.168947369789473,0.0,0.321,0.0,-0.0,0.0,1
2012-07-13 20:30:00+00:00,0.0359652,0.147835287413,0.03739571583,0.0,0.234,2.1768421066315784,2.1768421,0.12315790136842031,0.0,0.234,0.0,-0.0,0.0,1
2012-07-13 21:00:00+00:00,0.03636495,0.14829250247487502,0.037811365886250003,0.0,0.291,2.0236842118947362,2.0236842,0.15315790663157847,0.0,0.291,0.0,-0.0,0.0,1
2012-07-13 21:30:00+00:00,0.03460605,0.146280756202625,0.03598250563875,0.0,0.265,1.8842105276842098,1.8842105,0.13947371189473623,0.0,0.265,0.0,-0.0,0.0,1
2012-07-13 22:00:00+00:00,0.0340218,0.1456125188045,0.035375017094999996,0.0,0.225,1.7657894750526308,1.7657895,0.11842102768420992,0.0,0.225,0.0,-0.0,0.0,1
2012-07-13 22:30:00+00:00,0.0387819,0.15105689507975,0.0403244500725,0.0,0.287,1.6147368434736835,1.6147368,0.15105267505263087,0.0,0.287,0.0,-0.0,0.0,1
2012-07-13 23:00:00+00:00,0.03570075,0.14753282206437499,0.037120747331249995,0.0,0.623,1.2868421066315783,1.2868421,0.3278947434736834,0.0,0.623,0.0,-0.0,0.0,1
2012-07-13 23:30:00+00:00,0.0363957,0.14832767286425003,0.0378433389675,0.0,0.545,1.0000000013684203,1.0,0.2868421066315783,0.0,0.545,0.0,-0.0,0.0,1
2012-07-14 00:00:00+00:00,0.03524565,0.09751230030162501,0.03664754572875,0.0,0.338,1.5874999988684202,1.5875,0.5874999986315796,1.2368421,0.0,1.5748421000000001,0.0,0.07678323789142089,1
2012-07-14 00:30:00+00:00,0.03427395,0.096400915997375,0.03563719636125,0.0,0.227,2.29999999886842,2.3,0.7125000011315796,1.5,0.0,1.727,0.0,0.08324219096373332,1
2012-07-14 01:00:00+00:00,0.03424935,0.096372779685875,0.035611617896249996,0.0,0.209,3.01249999886842,3.0125,0.7125000011315801,1.5,0.0,1.709,0.0,0.08235054024158019,1
2012-07-14 01:30:00+00:00,0.03421245,0.09633057521862502,0.035573250198749996,0.0,0.216,3.72499999886842,3.725,0.7125000011315801,1.5,0.0,1.716,0.0,0.08265163353758027,1
2012-07-14 02:00:00+00:00,0.03256425,0.09444544234812502,0.03385949304375,0.0,0.198,4.43749999886842,4.4375,0.7125000011315801,1.5,0.0,1.698,0.0,0.08018418055355814,1
2012-07-14 02:30:00+00:00,0.03261345,0.09450171497112501,0.03391064997375,0.006,0.198,5.14999999886842,5.15,0.7125000011315805,1.5,0.0,1.692,0.0,0.07994845086557176,1
2012-07-14 03:00:00+00:00,0.03209685,0.09391085242962502,0.033373502208749996,0.0,0.202,5.8624999988684205,5.8625,0.7125000011315796,1.5,0.0,1.702,0.0,0.07991813541761089,1
2012-07-14 03:30:00+00:00,0.03190005,0.093685761937625,0.03316887448875,0.0,0.224,6.574999998868421,6.575,0.7125000011315796,1.5,0.0,1.724,0.0,0.08075712679023275,1
2012-07-14 04:00:00+00:00,0.0313281,0.09303159269524999,0.0325741751775,0.0,0.191,7.287499998868421,7.2875,0.7125000011315787,1.5,0.0,1.691,0.0,0.07865821162383387,1
2012-07-14 04:30:00+00:00,0.0312174,0.09290497929350001,0.032459072085,0.0,0.192,7.999999998868422,8.0,0.7125000011315787,1.5,0.0,1.692,0.0,0.07859761248230102,1
2012-07-14 05:00:00+00:00,0.0310452,0.322608025113,0.03228002283,0.0,0.203,7.893157893605264,7.8931579,0.10684209886842133,0.0,0.203,0.0,-0.0,0.0,1
2012-07-14 05:30:00+00:00,0.03129735,0.32289642230587506,0.03254220209625,0.0,0.217,7.778947367289475,7.7789474,0.11421049360526414,0.0,0.217,0.0,-0.0,0.0,1
2012-07-14 06:00:00+00:00,0.0308484,0.32238293462100004,0.03207539511,0.0,0.253,7.645789472552633,7.6457895,0.13315786728947465,0.0,0.253,0.0,-0.0,0.0,1
2012-07-14 06:30:00+00:00,0.02969835,0.32106756205837506,0.030879601871249995,0.0,0.244,7.517368419921055,7.5173684,0.12842107255263358,0.0,0.244,0.0,-0.0,0.0,1
2012-07-14 07:00:00+00:00,0.0318693,0.32355059154825005,0.0331369014075,0.0,0.417,7.297894735710528,7.2978947,0.21947371992105502,0.0,0.417,0.0,-0.0,0.0,1
2012-07-14 07:30:00+00:00,0.03356055,0.325484962963875,0.03489542087625,0.0,0.815,6.868947367289476,6.8689474,0.4289473357105287,0.0,0.815,0.0,-0.0,0.0,1
2012-07-14 08:00:00+00:00,0.0344646,0.3265189724115001,0.03583542946499999,0.013,0.864,6.42105263044737,6.4210526,0.4478947672894753,0.0,0.851,0.0,-0.0,0.0,1
2012-07-14 08:30:00+00:00,0.0344646,0.3265189724115001,0.03583542946499999,0.038,0.75,6.046315788342107,6.0463158,0.37473683044736994,0.0,0.712,0.0,-0.0,0.0,1
2012-07-14 09:00:00+00:00,0.03439695,0.32644159755487506,0.03576508868625,0.038,0.768,5.6621052620263175,5.6621053,0.3842104883421067,0.0,0.73,0.0,-0.0,0.0,1
2012-07-14 09:30:00+00:00,0.0359283,0.32819308294575006,0.0373573481325,0.094,0.717,5.334210525184212,5.3342105,0.3278947620263173,0.0,0.623,0.0,-0.0,0.0,1
2012-07-14 10:00:00+00:00,0.0372567,0.3297124437667501,0.03873858524249999,0.344,0.482,5.261578946236844,5.2615789,0.07263162518421229,0.0,0.138,0.0,-0.0,0.0,1
2012-07-14 10:30:00+00:00,0.0358176,0.32806646954400004,0.03724224504,0.413,0.223,5.351828946236844,5.3518289,0.09024995376315648,0.19,0.0,5.551115123125783e-17,0.0,9.105673702380913e-18,1
2012-07-14 11:00:00+00:00,0.03442155,0.146069733866375,0.035790667151250004,0.444,0.668,5.2339342093947385,5.2339342,0.1178947462368436,0.0,0.224,2.7755575615628914e-17,0.0,2.0271247717414815e-18,1
2012-07-14 11:30:00+00:00,0.0344154,0.1460626997885,0.035784272534999995,0.413,0.28,5.297109209394739,5.2971092,0.06317499060526188,0.133,0.0,5.551115123125783e-17,0.0,4.054054308602617e-18,1
2012-07-14 12:00:00+00:00,0.03433545,0.145971256776125,0.03570114252375,0.225,0.217,5.300909209394739,5.3009092,0.003799990605261705,0.008,0.0,0.0,-0.0,0.0,1
2012-07-14 12:30:00+00:00,0.0343908,0.146034563477,0.03575869406999999,0.125,0.288,5.300909209394739,5.3009092,9.394738320622764e-09,0.0,0.0,0.16299999999999998,0.0,0.011901816923375498,1
2012-07-14 13:00:00+00:00,0.03439695,0.14604159755487503,0.03576508868625,0.281,0.368,5.256842105184212,5.2568421,0.04406710939473868,0.0,0.083727498,0.003272501999999969,0.0,0.00023896071004075954,1
2012-07-14 13:30:00+00:00,0.0340095,0.14559845064875,0.0353622278625,0.356,0.632,5.256842105184212,5.2568421,5.18421217066134e-09,0.0,0.0,0.276,0.0,0.0200925861895275,1
2012-07-14 14:00:00+00:00,0.03390495,0.145478871324875,0.03525351938625,0.294,0.622,5.256842105184212,5.2568421,5.18421217066134e-09,0.0,0.0,0.328,0.0,0.0238585348972795,1
2012-07-14 14:30:00+00:00,0.0339357,0.14551404171425,0.0352854924675,0.231,0.317,5.256842105184212,5.2568421,5.18421217066134e-09,0.0,0.0,0.086,0.0,0.00625710379371275,1
2012-07-14 15:00:00+00:00,0.03394185,0.145521075792125,0.03529188708375,0.156,0.218,5.256842105184212,5.2568421,5.18421217066134e-09,0.0,0.0,0.062,0.0,0.004511153349555875,1
2012-07-14 15:30:00+00:00,0.03394185,0.145521075792125,0.03529188708375,0.088,0.265,5.256842105184212,5.2568421,5.18421217066134e-09,0.0,0.0,0.17700000000000002,0.0,0.012878615207603064,1
2012-07-14 16:00:00+00:00,0.03404025,0.145633621038125,0.035394200943749995,0.031,0.242,5.256842105184212,5.2568421,5.18421217066134e-09,0.0,0.0,0.211,0.0,0.015364347019522186,1
2012-07-14 16:30:00+00:00,0.03464295,0.146322960669875,0.03602087333625,0.0,0.28,5.109473684131581,5.1094737,0.14736840518421257,0.0,0.28,0.0,-0.0,0.0,1
2012-07-14 17:00:00+00:00,0.03672165,0.148700478991625,0.038182253628749996,0.0,0.342,4.929473684131581,4.9294737,0.17999998413158114,0.0,0.342,0.0,-0.0,0.0,1
2012-07-14 17:30:00+00:00,0.03729975,0.149361682311875,0.03878334755625,0.0,0.523,4.654210526236844,4.6542105,0.2752631841315818,0.0,0.523,0.0,-0.0,0.0,1
2012-07-14 18:00:00+00:00,0.04129725,0.153933832930625,0.04293984811875,0.0,0.984,4.136315789394739,4.1363158,0.5178947262368441,0.0,0.984,0.0,-0.0,0.0,1
2012-07-14 18:30:00+00:00,0.0409836,0.153575094959,0.04261372269,0.0,0.769,3.7315789472894756,3.7315789,0.4047368893947385,0.0,0.769,0.0,-0.0,0.0,1
2012-07-14 19:00:00+00:00,0.03967365,0.152076836371625,0.04125166942875,0.0,0.672,3.3778947367631598,3.3778947,0.35368424728947545,0.0,0.672,0.0,-0.0,0.0,1
2012-07-14 19:30:00+00:00,0.03729975,0.149361682311875,0.03878334755625,0.0,0.573,3.0763157893947386,3.0763158,0.3015789367631596,0.0,0.573,0.0,-0.0,0.0,1
2012-07-14 20:00:00+00:00,0.03451995,0.146182279112375,0.03589298101125,0.0,1.233,2.4273684209736857,2.4273684,0.6489473893947384,0.0,1.233,0.0,-0.0,0.0,1
2012-07-14 20:30:00+00:00,0.0345753,0.14624558581325,0.0359505325575,0.0,1.236,1.7768421051842118,1.7768421,0.6505263209736856,0.0,1.236,0.0,-0.0,0.0,1
2012-07-14 21:00:00+00:00,0.03439695,0.14604159755487503,0.03576508868625,0.0,0.897,1.304736842026317,1.3047368,0.4721053051842119,0.0,0.897,0.0,-0.0,0.0,1
2012-07-14 21:30:00+00:00,0.0343908,0.146034563477,0.03575869406999999,0.0,0.401,1.304736842026317,1.3047368,4.202631709304683e-08,0.0,0.0,0.401,0.0,0.0292799299771385,1
2012-07-14 22:00:00+00:00,0.0342924,0.14592201823099998,0.03565638021,0.0,0.425,1.304736842026317,1.3047368,4.202631709304683e-08,0.0,0.0,0.425,0.0,0.031008428874087494,1
2012-07-14 22:30:00+00:00,0.03444615,0.146097870177875,0.03581624561625,0.0,0.372,1.1089473683421065,1.1089474,0.1957894420263171,0.0,0.372,0.0,-0.0,0.0,1
2012-07-14 23:00:00+00:00,0.0343785,0.14602049532125,0.035745904837499995,0.0,0.247,1.1089473683421065,1.1089474,3.165789341785796e-08,0.0,0.0,0.247,0.0,0.018033531172174374,1
2012-07-14 23:30:00+00:00,0.03447075,0.14612600648937502,0.03584182408125,0.0,0.207,1.0,1.0,0.1089473683421065,0.0,0.207,0.0,-0.0,0.0,1
2012-07-15 00:00:00+00:00,0.03451995,0.09668227911237502,0.03589298101125,0.0,0.214,1.5874999975000001,1.5875,0.5874999999999999,1.2368421,0.0,1.4508421,0.0,0.07013536043009216,1
2012-07-15 00:30:00+00:00,0.0343785,0.09652049532125001,0.035745904837499995,0.0,0.528,2.2999999975,2.3,0.7125000024999997,1.5,0.0,2.028,0.0,0.09787178225574751,1
2012-07-15 01:00:00+00:00,0.0342555,0.09637981376375002,0.035618012512500005,0.0,0.251,3.0124999975,3.0125,0.7125000025000001,1.5,0.0,1.751,0.0,0.08438052695016314,1
2012-07-15 01:30:00+00:00,0.03381885,0.09588039423462501,0.03516399475874999,0.0,0.198,3.7249999975,3.725,0.7125000025000001,1.5,0.0,1.698,0.0,0.08140245470519662,1
2012-07-15 02:00:00+00:00,0.03326535,0.095247327225875,0.034588479296249995,0.0,0.235,4.4374999975,4.4375,0.7125000025000001,1.5,0.0,1.7349999999999999,0.0,0.08262705636844656,1
2012-07-15 02:30:00+00:00,0.0311313,0.09280650220325001,0.032369547457499995,0.0,0.218,5.1499999975,5.15,0.7125000025000006,1.5,0.0,1.718,0.0,0.07972078539259175,1
2012-07-15 03:00:00+00:00,0.03159255,0.093334058043875,0.03284914367625,0.0,0.206,5.8624999975000005,5.8625,0.7125000024999997,1.5,0.0,1.706,0.0,0.07961395151142538,1
2012-07-15 03:30:00+00:00,0.0308361,0.09246886646525002,0.0320626058775,0.0,0.221,6.574999997500001,6.575,0.7125000024999997,1.5,0.0,1.721,0.0,0.07956945959334764,1
2012-07-15 04:00:00+00:00,0.0300612,0.091582572653,0.03125688423,0.006,0.23,7.287499997500001,7.2875,0.7125000024999988,1.5,0.0,1.724,0.0,0.078944177626886,1
2012-07-15 04:30:00+00:00,0.03046095,0.09203978771487499,0.03167253428625,0.0,0.19,7.999999997500002,8.0,0.7125000024999988,1.5,0.0,1.69,0.0,0.07777362061906937,1
2012-07-15 05:00:00+00:00,0.02870205,0.31992804144262504,0.029843674038749997,0.0,0.186,7.902105260657896,7.9021053,0.0978946975000019,0.0,0.186,0.0,-0.0,0.0,1
2012-07-15 05:30:00+00:00,0.03016575,0.32160215197687503,0.03136559270625,0.0,0.196,7.7989473659210535,7.7989474,0.10315786065789556,0.0,0.196,0.0,-0.0,0.0,1
2012-07-15 06:00:00+00:00,0.0262113,0.31707923990325004,0.027253854457499997,0.0,0.299,7.641578944868422,7.6415789,0.1573684659210537,0.0,0.299,0.0,-0.0,0.0,1
2012-07-15 06:30:00+00:00,0.027921,0.3190347135525,0.029031557774999998,0.0,0.277,7.495789471184211,7.4957895,0.14578944486842182,0.0,0.277,0.0,-0.0,0.0,1
2012-07-15 07:00:00+00:00,0.030996,0.32255175249000007,0.0322288659,0.0,0.462,7.252631576447369,7.2526316,0.24315787118421106,0.0,0.462,0.0,-0.0,0.0,1
2012-07-15 07:30:00+00:00,0.0313773,0.3229878653182501,0.032625332107499995,0.0,0.852,6.80421052381579,6.8042105,0.44842107644736906,0.0,0.852,0.0,-0.0,0.0,1
2012-07-15 08:00:00+00:00,0.03223215,0.323965602142875,0.03351418376625,0.006,0.799,6.386842102763159,6.3868421,0.4173684238157902,0.0,0.793,0.0,-0.0,0.0,1
2012-07-15 08:30:00+00:00,0.03445845,0.326511938333625,0.035829034848750003,0.013,0.844,5.949473681710527,5.9494737,0.43736840276315814,0.0,0.831,0.0,-0.0,0.0,1
2012-07-15 09:00:00+00:00,0.03411405,0.326118029972625,0.035470936338749995,0.031,0.779,5.5557894711842115,5.5557895,0.393684181710527,0.0,0.748,0.0,-0.0,0.0,1
2012-07-15 09:30:00+00:00,0.0344646,0.3265189724115001,0.03583542946499999,0.088,0.785,5.188947365921053,5.1889474,0.3668420711842115,0.0,0.697,1.1102230246251565e-16,0.0,1.8125444057409683e-17,1
2012-07-15 10:00:00+00:00,0.03451995,0.32658227911237503,0.03589298101125,0.356,0.494,5.116315786973685,5.1163158,0.07263156592105346,0.0,0.138,0.0,-0.0,0.0,1
2012-07-15 10:30:00+00:00,0.0344523,0.32650490425575,0.035822640232499994,0.45,0.431,5.125340786973685,5.1253408,0.00902501302631542,0.019,0.0,0.0,-0.0,0.0,1
2012-07-15 11:00:00+00:00,0.03443385,0.146083802022125,0.03580345638375,0.45,0.626,5.032709208026317,5.0327092,0.09263158697368468,0.0,0.176,0.0,-0.0,0.0,1
2012-07-15 11:30:00+00:00,0.03417555,0.145788370751375,0.03553488250125,0.444,0.252,5.123909208026316,5.1239092,0.09119999197368323,0.192,0.0,0.0,-0.0,0.0,1
2012-07-15 12:00:00+00:00,0.0341202,0.1457250640505,0.035477330955000004,0.438,0.679,4.997067102763158,4.9970671,0.12684210802631668,0.0,0.241,5.551115123125783e-17,0.0,4.04468303434602e-18,1
2012-07-15 12:30:00+00:00,0.03394185,0.145521075792125,0.03529188708375,0.425,0.683,4.919053944868422,4.9190539,0.0780132027631586,0.0,0.148225,0.10977500000000007,0.0,0.007987288047540266,1
2012-07-15 13:00:00+00:00,0.03388035,0.145450735013375,0.03522794092124999,0.388,0.312,4.955153944868422,4.9551539,0.036099955131578376,0.076,0.0,0.0,-0.0,0.0,1
2012-07-15 13:30:00+00:00,0.03360975,0.145141235586875,0.03494657780625,0.35,0.229,5.012628944868422,5.0126289,0.0574749551315783,0.121,0.0,0.0,-0.0,0.0,1
2012-07-15 14:00:00+00:00,0.0338865,0.14545776909125002,0.0352343355375,0.294,0.212,5.051578944868422,5.0515789,0.03894995513157795,0.082,0.0,0.0,-0.0,0.0,1
2012-07-15 14:30:00+00:00,0.0332961,0.14478249761525003,0.0346204523775,0.238,0.291,5.051578944868422,5.0515789,4.486842186679496e-08,0.0,0.0,0.05299999999999999,0.0,0.003836736186804125,1
2012-07-15 15:00:00+00:00,0.0336036,0.145134201509,0.034940183189999995,0.163,0.723,5.051578944868422,5.0515789,4.486842186679496e-08,0.0,0.0,0.5599999999999999,0.0,0.04063757642251999,1
2012-07-15 15:30:00+00:00,0.0340464,0.14564065511600002,0.03540059556,0.094,0.385,4.89842105013158,4.8984211,0.15315784486842166,0.0,0.291,5.551115123125783e-17,0.0,4.0423402157818706e-18,1
2012-07-15 16:00:00+00:00,0.03431085,0.14594312046462501,0.03567556405875,0.038,0.417,4.698947365921053,4.6989474,0.19947365013157992,0.0,0.379,0.0,-0.0,0.0,1
2012-07-15 16:30:00+00:00,0.0344523,0.14610490425574998,0.035822640232499994,0.0,0.678,4.342105260657895,4.3421053,0.35684206592105294,0.0,0.678,0.0,-0.0,0.0,1
2012-07-15 17:00:00+00:00,0.03677085,0.148756751614625,0.03823341055875,0.0,0.664,3.992631576447369,3.9926316,0.3494736606578952,0.0,0.664,0.0,-0.0,0.0,1
2012-07-15 17:30:00+00:00,0.04092825,0.153511788258125,0.042556171143749995,0.0,0.648,3.651578944868422,3.6515789,0.34105267644736914,0.0,0.648,0.0,-0.0,0.0,1
2012-07-15 18:00:00+00:00,0.0563094,0.1711040170235,0.058549106385,0.0,0.547,3.3636842080263167,3.3636842,0.28789474486842215,0.0,0.547,0.0,-0.0,0.0,1
2012-07-15 18:30:00+00:00,0.05283465,0.167129763024125,0.05493614820374999,0.0,0.674,3.0089473659210535,3.0089474,0.3547368080263169,0.0,0.674,0.0,-0.0,0.0,1
2012-07-15 19:00:00+00:00,0.04690605,0.16034891195262502,0.04877173813874999,0.0,0.619,2.683157892236843,2.6831579,0.3257894659210536,0.0,0.619,0.0,-0.0,0.0,1
2012-07-15 19:30:00+00:00,0.0440217,0.15704992942924997,0.04577266311749999,0.0,0.637,2.3478947343421064,2.3478947,0.3352631922368432,0.0,0.637,0.0,-0.0,0.0,1
2012-07-15 20:00:00+00:00,0.04156785,0.154243332357125,0.04322121123375,0.0,0.398,2.13842105013158,2.1384211,0.20947363434210642,0.0,0.398,0.0,-0.0,0.0,1
2012-07-15 20:30:00+00:00,0.0418815,0.15460207032875,0.0435473366625,0.0,0.266,1.9984210501315798,1.9984211,0.13999995013157984,0.0,0.266,0.0,-0.0,0.0,1
2012-07-15 21:00:00+00:00,0.0406146,0.1531530502865,0.042230045715,0.0,0.266,1.8584210501315797,1.8584211,0.13999995013157984,0.0,0.266,0.0,-0.0,0.0,1
2012-07-15 21:30:00+00:00,0.03806235,0.150233907968375,0.03957627997125,0.0,0.281,1.7105263132894744,1.7105263,0.1478947501315797,0.0,0.281,0.0,-0.0,0.0,1
2012-07-15 22:00:00+00:00,0.0350058,0.1467379712645,0.036398155695,0.0,0.32,1.5421052606578953,1.5421053,0.16842101328947434,0.0,0.32,0.0,-0.0,0.0,1
2012-07-15 22:30:00+00:00,0.0370968,0.14912955774199999,0.038572325219999995,0.0,0.354,1.3557894711842111,1.3557895,0.18631576065789535,0.0,0.354,0.0,-0.0,0.0,1
2012-07-15 23:00:00+00:00,0.0357807,0.14762426507675,0.0372038773425,0.0,0.336,1.1789473659210532,1.1789474,0.17684207118421114,0.0,0.336,0.0,-0.0,0.0,1
2012-07-15 23:30:00+00:00,0.0349566,0.14668169864150002,0.036346998765,0.0,0.34,1.0,1.0,0.1789473659210532,0.0,0.34,0.0,-0.0,0.0,1
2012-07-16 00:00:00+00:00,0.03432315,0.096457188620375,0.035688353291249995,0.0,0.481,1.0,1.0,0.0,0.0,0.0,0.481,0.0,0.023197953863200185,1
2012-07-16 00:30:00+00:00,0.03391725,0.09599293948062503,0.03526630861875,0.0,0.333,1.6548723825,1.6548724,0.6548723999999999,1.3786787,0.0,1.7116787,0.0,0.08215453492968745,1
2012-07-16 01:00:00+00:00,0.0343293,0.09646422269825002,0.0356947479075,0.0,0.322,1.6548723825,1.6548724,1.7499999893644258e-08,0.0,0.0,0.322,0.0,0.015530739854418253,1
2012-07-16 01:30:00+00:00,0.033948,0.09602810987000002,0.035298281699999996,0.0,0.263,2.309744765,2.3097448,0.6548724174999998,1.3786787,0.0,1.6416787,0.0,0.07882365128741939,1
2012-07-16 02:00:00+00:00,0.03330225,0.09528953169312501,0.034626846993749995,0.0,0.248,3.022244765,3.0222448,0.7125000350000001,1.5,0.0,1.748,0.0,0.08328305069979126,1
2012-07-16 02:30:00+00:00,0.0323613,0.09421331777825001,0.0336484707075,0.0,0.23,3.734744765,3.7347448,0.7125000350000001,1.5,0.0,1.73,0.0,0.08149451987818626,1
2012-07-16 03:00:00+00:00,0.0321276,0.09394602281900001,0.03340547529,0.0,0.235,4.447244765,4.4472448,0.7125000350000001,1.5,0.0,1.7349999999999999,0.0,0.0814981747954825,1
2012-07-16 03:30:00+00:00,0.0312912,0.09298938822800001,0.03253580748,0.0,0.214,5.159744764999999,5.1597448,0.7125000350000006,1.5,0.0,1.714,0.0,0.079691905711396,1
2012-07-16 04:00:00+00:00,0.03089145,0.09253217316612501,0.03212015742375,0.0,0.183,5.872244765,5.8722448,0.7125000350000006,1.5,0.0,1.683,0.0,0.0778658237192942,1
2012-07-16 04:30:00+00:00,0.0330747,0.09502927081175,0.034390246192499994,0.0,0.211,6.584744765,6.5847448,0.7125000350000006,1.5,0.0,1.711,0.0,0.08129754117945213,1
2012-07-16 05:00:00+00:00,0.034071,0.3260687914275,0.035426174025,0.0,0.182,6.488955291315789,6.4889553,0.09578946500000018,0.0,0.182,0.0,-0.0,0.0,1
2012-07-16 05:30:00+00:00,0.0347721,0.32687067630525,0.0361551602775,0.0,0.182,6.393165817631578,6.3931658,0.09578949131578884,0.0,0.182,0.0,-0.0,0.0,1
2012-07-16 06:00:00+00:00,0.0349935,0.32712390310875006,0.0363853664625,0.0,0.186,6.2952710807894725,6.2952711,0.09789471763157831,0.0,0.186,0.0,-0.0,0.0,1
2012-07-16 06:30:00+00:00,0.03774255,0.33026813591887505,0.039243759926249996,0.0,0.172,6.204744764999999,6.2047448,0.09052628078947222,0.0,0.172,0.0,-0.0,0.0,1
2012-07-16 07:00:00+00:00,0.042804,0.33605718201,0.0445065291,0.0,0.389,6.000007922894736,6.0000079,0.2047368649999992,0.0,0.389,0.0,-0.0,0.0,1
2012-07-16 07:30:00+00:00,0.04277325,0.33602201162062506,0.04447455601874999,0.0,0.722,5.620007922894736,5.6200079,0.3800000228947358,0.0,0.722,0.0,-0.0,0.0,1
2012-07-16 08:00:00+00:00,0.04704135,0.34090366166587505,0.04891241969625,0.013,0.87,5.168955291315789,5.1689553,0.4510526228947356,0.0,0.857,0.0,-0.0,0.0,1
2012-07-16 08:30:00+00:00,0.0483267,0.34237378394175005,0.0502488944925,0.025,0.762,4.781060554473683,4.7810606,0.3878946913157888,0.0,0.737,0.0,-0.0,0.0,1
2012-07-16 09:00:00+00:00,0.04705365,0.34091772982162505,0.04892520892875,0.038,0.773,4.394218449210525,4.3942184,0.3868421544736833,0.0,0.735,0.0,-0.0,0.0,1
2012-07-16 09:30:00+00:00,0.0467646,0.3405871281615,0.048624661964999996,0.094,0.851,3.995797396578946,3.9957974,0.39842104921052535,0.0,0.757,0.0,-0.0,0.0,1
2012-07-16 10:00:00+00:00,0.04634025,0.34010177678812503,0.04818343344374999,0.363,0.449,3.9505342386842095,3.9505342,0.045263196578946285,0.0,0.086,2.7755575615628914e-17,0.0,4.719860291326275e-18,1
2012-07-16 10:30:00+00:00,0.0456576,0.3393209941440001,0.04747363104,0.425,0.221,4.047434238684209,4.0474342,0.09689996131579015,0.204,0.0,0.0,-0.0,0.0,1
2012-07-16 11:00:00+00:00,0.0416601,0.15434884352525,0.04331713047749999,0.425,0.349,4.0835342386842095,4.0835342,0.03609996131579063,0.076,0.0,0.0,-0.0,0.0,1
2012-07-16 11:30:00+00:00,0.04076835,0.153328902233375,0.04238991112125,0.419,0.222,4.17710923868421,4.1771092,0.0935749613157908,0.197,0.0,5.551115123125783e-17,0.0,4.255731939999813e-18,1
2012-07-16 12:00:00+00:00,0.03978435,0.152203449773375,0.041366772521250005,0.4,0.163,4.28968423868421,4.2896842,0.11257496131579003,0.237,0.0,0.0,-0.0,0.0,1
2012-07-16 12:30:00+00:00,0.03605745,0.147940798581125,0.037491635073749995,0.381,0.209,4.371384238684209,4.3713842,0.08169996131579005,0.172,0.0,0.0,-0.0,0.0,1
2012-07-16 13:00:00+00:00,0.0344892,0.14614710872300002,0.035861007929999994,0.369,0.211,4.446434238684209,4.4464342,0.07504996131579045,0.158,0.0,0.0,-0.0,0.0,1
2012-07-16 13:30:00+00:00,0.0347721,0.14647067630525,0.0361551602775,0.325,0.198,4.506759238684209,4.5067592,0.060324961315791015,0.127,0.0,0.0,-0.0,0.0,1
2012-07-16 14:00:00+00:00,0.0346245,0.14630185843625002,0.0360016894875,0.281,0.275,4.509609238684209,4.5096092,0.00284996131579085,0.006,0.0,0.0,-0.0,0.0,1
2012-07-16 14:30:00+00:00,0.0342555,0.14587981376375,0.035618012512500005,0.219,0.245,4.495925028157893,4.495925,0.013684238684208871,0.0,0.026,0.0,3.469446951953614e-18,-6.178740247306942e-20,1
2012-07-16 15:00:00+00:00,0.034194,0.14580947298500002,0.03555406635,0.156,0.286,4.427503975526314,4.427504,0.06842102815789275,0.0,0.13,0.0,2.7755575615628914e-17,-4.934117885102563e-19,1
2012-07-16 15:30:00+00:00,0.0340587,0.14565472327175,0.035413384792499995,0.088,0.276,4.328556607105261,4.3285566,0.09894737552631394,0.0,0.188,2.7755575615628914e-17,0.0,2.0213653427712807e-18,1
2012-07-16 16:00:00+00:00,0.034686,0.146372199215,0.03606563565,0.031,0.257,4.209609238684209,4.2096092,0.11894740710526097,0.0,0.226,0.0,-0.0,0.0,1
2012-07-16 16:30:00+00:00,0.0368262,0.14882005831550002,0.038290962105000007,0.0,0.252,4.076977659736841,4.0769777,0.13263153868420918,0.0,0.252,0.0,-0.0,0.0,1
2012-07-16 17:00:00+00:00,0.0376257,0.14973448843925,0.039122262217499995,0.0,0.374,3.8801355544736826,3.8801356,0.19684205973684055,0.0,0.374,0.0,-0.0,0.0,1
2012-07-16 17:30:00+00:00,0.0412665,0.15389866254125,0.042907875037499994,0.0,0.366,3.6875039755263144,3.687504,0.19263155447368252,0.0,0.366,0.0,-0.0,0.0,1
2012-07-16 18:00:00+00:00,0.0482898,0.16193157947450001,0.050210526795,0.0,0.373,3.4911881860526304,3.4911882,0.19631577552631452,0.0,0.373,0.0,-0.0,0.0,1
2012-07-16 18:30:00+00:00,0.04855425,0.162234044823125,0.050485495293749995,0.0,0.385,3.288556607105262,3.2885566,0.2026315860526302,0.0,0.385,0.0,-0.0,0.0,1
2012-07-16 19:00:00+00:00,0.047355,0.1608623996375,0.049238545125,0.0,0.322,3.1190829228947354,3.1190829,0.16947370710526188,0.0,0.322,0.0,-0.0,0.0,1
2012-07-16 19:30:00+00:00,0.0408114,0.1533781407785,0.042434673434999994,0.0,0.282,2.9706618702631564,2.9706619,0.14842102289473535,0.0,0.282,0.0,-0.0,0.0,1
2012-07-16 20:00:00+00:00,0.0407376,0.153293731844,0.042357938039999994,0.0,0.259,2.834346080789472,2.8343461,0.13631577026315655,0.0,0.259,0.0,-0.0,0.0,1
2012-07-16 20:30:00+00:00,0.0414387,0.15409561672175,0.043086924292499995,0.0,0.35,2.6501355544736827,2.6501356,0.184210480789472,0.0,0.35,0.0,-0.0,0.0,1
2012-07-16 21:00:00+00:00,0.0408114,0.1533781407785,0.042434673434999994,0.0,0.387,2.4464513439473667,2.4464513,0.20368425447368255,0.0,0.387,0.0,-0.0,0.0,1
2012-07-16 21:30:00+00:00,0.0380439,0.15021280573475002,0.039557096122499996,0.0,0.416,2.227503975526314,2.227504,0.2189473439473666,0.0,0.416,0.0,-0.0,0.0,1
2012-07-16 22:00:00+00:00,0.03562695,0.147448413129875,0.03704401193624999,0.0,0.339,2.049082922894735,2.0490829,0.1784210755263138,0.0,0.339,0.0,-0.0,0.0,1
2012-07-16 22:30:00+00:00,0.0438864,0.156895179716,0.04563198156,0.0,0.225,1.9306618702631562,1.9306619,0.1184210228947351,0.0,0.225,0.0,-0.0,0.0,1
2012-07-16 23:00:00+00:00,0.0363465,0.14827140024125,0.0377921820375,0.0,0.267,1.7901355544736826,1.7901356,0.14052627026315623,0.0,0.267,0.0,-0.0,0.0,1
2012-07-16 23:30:00+00:00,0.0352641,0.14703340253525,0.036666729577499994,0.0,0.257,1.6548723965789458,1.6548724,0.13526315447368265,0.0,0.257,0.0,-0.0,0.0,1
2012-07-17 00:00:00+00:00,0.0357192,0.098053924298,0.037139931179999995,0.0,0.246,1.6548723965789458,1.6548724,3.421054106667043e-09,0.0,0.0,0.246,0.0,0.012060632688654,1
2012-07-17 00:30:00+00:00,0.03433545,0.096471256776125,0.03570114252375,0.006,0.278,1.6548723965789458,1.6548724,3.421054106667043e-09,0.0,0.0,0.272,0.0,0.013120090921553001,1
2012-07-17 01:00:00+00:00,0.03436005,0.09649939308762502,0.03572672098875,0.0,0.241,1.6548723965789458,1.6548724,3.421054106667043e-09,0.0,0.0,0.241,0.0,0.011628176867058814,1
2012-07-17 01:30:00+00:00,0.0342801,0.09640795007524999,0.03564359097749999,0.0,0.27,1.6548723965789458,1.6548724,3.421054106667043e-09,0.0,0.0,0.27,0.0,0.01301507326015875,1
2012-07-17 02:00:00+00:00,0.03406485,0.09616175734962502,0.03541977940875,0.0,0.243,1.7042776310789458,1.7042776,0.049405203421054145,0.10401102,0.0,0.34701102,0.0,0.01668459475144294,1
2012-07-17 02:30:00+00:00,0.03343755,0.09544428140637501,0.03476752855125,0.0,0.224,2.4167776310789457,2.4167776,0.7124999689210543,1.5,0.0,1.724,0.0,0.08227297057229525,1
2012-07-17 03:00:00+00:00,0.0328779,0.09480418031975,0.0341856184725,0.0,0.257,3.1292776310789456,3.1292776,0.7124999689210543,1.5,0.0,1.7570000000000001,0.0,0.08328547241090038,1
2012-07-17 03:30:00+00:00,0.03204765,0.093854579806625,0.03332234527874999,0.0,0.224,3.8417776310789455,3.8417776,0.7124999689210543,1.5,0.0,1.724,0.0,0.08090264779331074,1
2012-07-17 04:00:00+00:00,0.0319431,0.09373500048275,0.0332136368025,0.0,0.25,4.5542776310789455,4.5542776,0.7124999689210543,1.5,0.0,1.75,0.0,0.08201812542240626,1
2012-07-17 04:30:00+00:00,0.0319062,0.09369279601550001,0.033175269105,0.0,0.22,5.266777631078945,5.2667776,0.7124999689210547,1.5,0.0,1.72,0.0,0.08057580457333001,1
2012-07-17 05:00:00+00:00,0.03293325,0.324767487020625,0.03424317001874999,0.0,0.179,5.172567104763155,5.1725671,0.09421053107894473,0.0,0.179,0.0,-0.0,0.0,1
2012-07-17 05:30:00+00:00,0.0340095,0.32599845064875,0.0353622278625,0.0,0.201,5.066777631078945,5.0667776,0.1057895047631554,0.0,0.201,0.0,-0.0,0.0,1
2012-07-17 06:00:00+00:00,0.03223215,0.323965602142875,0.03351418376625,0.0,0.191,4.966251315289471,4.9662513,0.10052633107894504,0.0,0.191,0.0,-0.0,0.0,1
2012-07-17 06:30:00+00:00,0.03589755,0.32815791255637505,0.03732537505125,0.0,0.201,4.86046184160526,4.8604618,0.10578951528947034,0.0,0.201,0.0,-0.0,0.0,1
2012-07-17 07:00:00+00:00,0.041574,0.33465036643500007,0.043227605849999996,0.0,0.378,4.661514473184208,4.6615145,0.19894734160526006,0.0,0.378,0.0,-0.0,0.0,1
2012-07-17 07:30:00+00:00,0.04426155,0.337724258466375,0.04602205315124999,0.0,0.775,4.253619736342102,4.2536197,0.40789477318420797,0.0,0.775,0.0,-0.0,0.0,1
2012-07-17 08:00:00+00:00,0.0523365,0.34696000271625005,0.0544181842875,0.013,0.769,3.855724999499997,3.855725,0.3978947363421024,0.0,0.756,0.0,-0.0,0.0,1
2012-07-17 08:30:00+00:00,0.05092815,0.345349198882875,0.05295381716624999,0.031,0.719,3.493619736342102,3.4936197,0.3621052994999969,0.0,0.688,0.0,-0.0,0.0,1
2012-07-17 09:00:00+00:00,0.04312995,0.336429988137375,0.04484544376125,0.044,0.754,3.1199355258157864,3.1199355,0.37368423634210224,0.0,0.71,0.0,-0.0,0.0,1
2012-07-17 09:30:00+00:00,0.0414387,0.33449561672175004,0.043086924292499995,0.1,0.721,2.7930934205526285,2.7930934,0.3268421258157863,0.0,0.621,0.0,-0.0,0.0,1
2012-07-17 10:00:00+00:00,0.04076835,0.33372890223337504,0.04238991112125,0.363,0.45,2.747303946868418,2.7473039,0.04578952055262864,0.0,0.087,2.7755575615628914e-17,0.0,4.631418890529635e-18,1
2012-07-17 10:30:00+00:00,0.04025175,0.333138039691875,0.041852763356249996,0.425,0.245,2.832803946868418,2.8328039,0.0854999531315821,0.18,0.0,0.0,-0.0,0.0,1
2012-07-17 11:00:00+00:00,0.03562695,0.147448413129875,0.03704401193624999,0.419,0.332,2.874128946868418,2.8741289,0.04132495313158202,0.087,0.0,5.551115123125783e-17,0.0,4.092515580030737e-18,1
2012-07-17 11:30:00+00:00,0.03449535,0.146154142800875,0.03586740254625,0.425,0.222,2.970553946868418,2.9705539,0.09642495313158195,0.203,0.0,5.551115123125783e-17,0.0,4.056592362047112e-18,1
2012-07-17 12:00:00+00:00,0.0344769,0.14613304056725002,0.035848218697499996,0.413,0.209,3.067453946868418,3.0674539,0.09689995313158173,0.204,0.0,0.0,-0.0,0.0,1
2012-07-17 12:30:00+00:00,0.03442155,0.146069733866375,0.035790667151250004,0.394,0.208,3.155803946868418,3.1558039,0.08834995313158212,0.186,0.0,0.0,-0.0,0.0,1
2012-07-17 13:00:00+00:00,0.0336651,0.14520454228775,0.035004129352499996,0.375,0.256,3.212328946868418,3.2123289,0.05652495313158212,0.119,0.0,0.0,-0.0,0.0,1
2012-07-17 13:30:00+00:00,0.03364665,0.14518344005412498,0.034984945503749997,0.344,0.222,3.270278946868418,3.2702789,0.05794995313158191,0.122,0.0,0.0,-0.0,0.0,1
2012-07-17 14:00:00+00:00,0.03343755,0.144944281406375,0.03476752855125,0.294,0.227,3.302103946868418,3.3021039,0.03182495313158196,0.067,0.0,5.551115123125783e-17,0.0,4.023011962627637e-18,1
2012-07-17 14:30:00+00:00,0.0330501,0.14450113450025,0.0343646677275,0.231,0.19,3.321578946868418,3.3215789,0.019474953131581874,0.041,0.0,0.0,-0.0,0.0,1
2012-07-17 15:00:00+00:00,0.03287175,0.144297146241875,0.034179223856249996,0.169,0.34,3.231578946868418,3.2315789,0.0900000468684179,0.0,0.171,0.0,-0.0,0.0,1
2012-07-17 15:30:00+00:00,0.0331485,0.14461367974624997,0.034466981587499994,0.088,0.216,3.1642105258157867,3.1642105,0.06736844686841836,0.0,0.128,0.0,-0.0,0.0,1
2012-07-17 16:00:00+00:00,0.03376965,0.145324121611625,0.03511283782875,0.031,0.187,3.0821052626578918,3.0821053,0.08210522581578683,0.0,0.156,0.0,-0.0,0.0,1
2012-07-17 16:30:00+00:00,0.0342678,0.1458938819195,0.035630801744999996,0.006,0.216,2.971578946868418,2.9715789,0.11052636265789184,0.0,0.21,0.0,-0.0,0.0,1
2012-07-17 17:00:00+00:00,0.03568845,0.14751875390862498,0.03710795809874999,0.0,0.266,2.831578946868418,2.8315789,0.14000004686841816,0.0,0.266,0.0,-0.0,0.0,1
2012-07-17 17:30:00+00:00,0.0417093,0.15440511614825,0.04336828740749999,0.0,0.22,2.7157894731842074,2.7157895,0.11578944686841774,0.0,0.22,0.0,-0.0,0.0,1
2012-07-17 18:00:00+00:00,0.0576747,0.17266558231174997,0.059968711192499996,0.0,0.302,2.5568421047631547,2.5568421,0.15894737318420749,0.0,0.302,0.0,-0.0,0.0,1
2012-07-17 18:30:00+00:00,0.0560142,0.1707663812855,0.058242164804999996,0.0,0.433,2.3289473679210495,2.3289474,0.22789470476315454,0.0,0.433,0.0,-0.0,0.0,1
2012-07-17 19:00:00+00:00,0.04940295,0.16320474756987502,0.051367952336249995,0.0,0.348,2.1457894731842075,2.1457895,0.1831578679210497,0.0,0.348,0.0,-0.0,0.0,1
2012-07-17 19:30:00+00:00,0.0443907,0.15747197410174998,0.04615634009249999,0.0,0.256,2.0110526310789445,2.0110526,0.13473687318420735,0.0,0.256,0.0,-0.0,0.0,1
2012-07-17 20:00:00+00:00,0.0453747,0.15859742656175,0.04717947869249999,0.0,0.243,1.8831578942368392,1.8831579,0.12789473107894445,0.0,0.243,0.0,-0.0,0.0,1
2012-07-17 20:30:00+00:00,0.04322835,0.156142533383375,0.044947757621249994,0.0,0.227,1.7636842100263128,1.7636842,0.11947369423683929,0.0,0.227,0.0,-0.0,0.0,1
2012-07-17 21:00:00+00:00,0.04156785,0.154243332357125,0.04322121123375,0.0,0.247,1.633684210026313,1.6336842,0.13000001002631278,0.0,0.247,0.0,-0.0,0.0,1
2012-07-17 21:30:00+00:00,0.03694305,0.148953705795125,0.038412459813749994,0.0,0.255,1.4994736837105234,1.4994737,0.1342105100263129,0.0,0.255,0.0,-0.0,0.0,1
2012-07-17 22:00:00+00:00,0.03463065,0.146308892514125,0.03600808410375,0.0,0.216,1.3857894731842075,1.3857895,0.11368418371052336,0.0,0.216,0.0,-0.0,0.0,1
2012-07-17 22:30:00+00:00,0.03715215,0.149192864442875,0.03862987676625,0.0,0.221,1.2694736837105234,1.2694737,0.1163157731842075,0.0,0.221,0.0,-0.0,0.0,1
2012-07-17 23:00:00+00:00,0.0346614,0.14634406290350002,0.036040057185,0.0,0.2,1.1642105258157864,1.1642105,0.10526318371052334,0.0,0.2,0.0,-0.0,0.0,1
2012-07-17 23:30:00+00:00,0.03543015,0.14722332263787502,0.03683938421625,0.0,0.312,1.0,1.0,0.16421052581578643,0.0,0.312,0.0,-0.0,0.0,1
2012-07-18 00:00:00+00:00,0.03347445,0.09548648587362503,0.03480589624875,0.0,0.39,1.0,1.0,0.0,0.0,0.0,0.39,0.0,0.01861986474535688,1
2012-07-18 00:30:00+00:00,0.0337143,0.09576081491075002,0.0350552862825,0.0,0.327,1.0,1.0,0.0,0.0,0.0,0.327,0.0,0.01565689323790763,1
2012-07-18 01:00:00+00:00,0.03404025,0.096133621038125,0.035394200943749995,0.0,0.364,1.0,1.0,0.0,0.0,0.0,0.364,0.0,0.01749631902893875,1
2012-07-18 01:30:00+00:00,0.0332469,0.09522622499225,0.0345692954475,0.0,0.352,1.51898291,1.5189829,0.5189828999999999,1.0925956,0.0,1.4445956,0.0,0.0687816928142072,1
2012-07-18 02:00:00+00:00,0.0324351,0.09429772671275001,0.0337252061025,0.0,0.221,2.23148291,2.2314829,0.71249999,1.5,0.0,1.721,0.0,0.08114319383632139,1
2012-07-18 02:30:00+00:00,0.03215835,0.09398119320837502,0.03343744837125,0.0,0.21,2.94398291,2.9439829,0.71249999,1.5,0.0,1.71,0.0,0.08035392019316064,1
2012-07-18 03:00:00+00:00,0.0310944,0.09276429773600002,0.03233117976,0.0,0.213,3.65648291,3.6564829,0.71249999,1.5,0.0,1.713,0.0,0.07945262101088402,1
2012-07-18 03:30:00+00:00,0.0311559,0.09283463851475002,0.0323951259225,0.0,0.191,4.36898291,4.3689829,0.71249999,1.5,0.0,1.691,0.0,0.07849168686422114,1
2012-07-18 04:00:00+00:00,0.0305901,0.09218750335025,0.0318068212275,0.0,0.21,5.08148291,5.0814829,0.7124999900000004,1.5,0.0,1.71,0.0,0.07882031536446375,1
2012-07-18 04:30:00+00:00,0.03075,0.092370389375,0.03197308124999999,0.0,0.174,5.79398291,5.7939829,0.7124999899999995,1.5,0.0,1.674,0.0,0.07731401590687499,1
2012-07-18 05:00:00+00:00,0.0313896,0.323001933474,0.03263812133999999,0.0,0.196,5.690825015263158,5.690825,0.10315791000000019,0.0,0.196,0.0,-0.0,0.0,1
2012-07-18 05:30:00+00:00,0.03364665,0.325583440054125,0.034984945503749997,0.0,0.196,5.587667120526316,5.5876671,0.1031579152631581,0.0,0.196,0.0,-0.0,0.0,1
2012-07-18 06:00:00+00:00,0.03060855,0.32210860558387505,0.031826005076250004,0.0,0.211,5.4766144889473685,5.4766145,0.11105262052631559,0.0,0.211,0.0,-0.0,0.0,1
2012-07-18 06:30:00+00:00,0.0343539,0.32639235900975005,0.03572032637249999,0.0,0.207,5.367667120526316,5.3676671,0.10894738894736822,0.0,0.207,0.0,-0.0,0.0,1
2012-07-18 07:00:00+00:00,0.0379947,0.33055653311175004,0.03950593919249999,0.0,0.369,5.173456594210527,5.1734566,0.19421052052631627,0.0,0.369,0.0,-0.0,0.0,1
2012-07-18 07:30:00+00:00,0.0374289,0.32990939794725005,0.0389176344975,0.006,0.724,4.795561857368422,4.7955619,0.3778946942105268,0.0,0.718,0.0,-0.0,0.0,1
2012-07-18 08:00:00+00:00,0.04058385,0.333517879897125,0.04219807263374999,0.025,0.882,4.344509225789475,4.3445092,0.4510526573684217,0.0,0.857,0.0,-0.0,0.0,1
2012-07-18 08:30:00+00:00,0.04054695,0.333475675429875,0.04215970493624999,0.05,0.889,3.902930278421054,3.9029303,0.44157892578947466,0.0,0.839,0.0,-0.0,0.0,1
2012-07-18 09:00:00+00:00,0.0392001,0.33193521237525003,0.0407592839775,0.094,0.889,3.4845092257894748,3.4845092,0.4184210784210536,0.0,0.795,0.0,-0.0,0.0,1
2012-07-18 09:30:00+00:00,0.0391755,0.33190707606375003,0.0407337055125,0.138,0.721,3.177667120526317,3.1776671,0.3068421257894749,0.0,0.583,0.0,-0.0,0.0,1
2012-07-18 10:00:00+00:00,0.03686925,0.329269296860625,0.038335724418749995,0.356,0.483,3.110825015263159,3.110825,0.06684212052631677,0.0,0.127,0.0,-0.0,0.0,1
2012-07-18 10:30:00+00:00,0.034563,0.32663151765750004,0.035937743325,0.431,0.219,3.2115250152631587,3.211525,0.10069998473684105,0.212,0.0,0.0,-0.0,0.0,1
2012-07-18 11:00:00+00:00,0.0347598,0.14645660814949998,0.036142371044999996,0.444,0.256,3.300825015263159,3.300825,0.08929998473684142,0.188,0.0,0.0,-0.0,0.0,1
2012-07-18 11:30:00+00:00,0.03437235,0.146013461243375,0.03573951022125,0.444,0.282,3.377775015263159,3.377775,0.07694998473684134,0.162,0.0,0.0,5.551115123125783e-17,-9.919706784114468e-19,1
2012-07-18 12:00:00+00:00,0.03381885,0.145380394234625,0.03516399475874999,0.431,0.291,3.444275015263159,3.444275,0.06649998473684127,0.14,0.0,0.0,-0.0,0.0,1
2012-07-18 12:30:00+00:00,0.03284715,0.144269009930375,0.03415364539125,0.413,0.247,3.523125015263159,3.523125,0.0788499847368409,0.166,0.0,5.551115123125783e-17,0.0,4.004269414114442e-18,1
2012-07-18 13:00:00+00:00,0.03164175,0.142890330666875,0.03290030060625,0.388,0.247,3.590100015263159,3.5901,0.06697498473684105,0.141,0.0,0.0,-0.0,0.0,1
2012-07-18 13:30:00+00:00,0.0330132,0.144458930033,0.03432630003,0.338,0.257,3.628575015263159,3.628575,0.0384749847368413,0.081,0.0,0.0,-0.0,0.0,1
2012-07-18 14:00:00+00:00,0.0318078,0.14308025076949998,0.033072955244999994,0.294,0.291,3.6300000152631586,3.63,0.0014249847368410506,0.003,0.0,0.0,-0.0,0.0,1
2012-07-18 14:30:00+00:00,0.03156795,0.142805921732375,0.032823565211249996,0.231,0.266,3.6115789626315795,3.611579,0.018421015263158758,0.0,0.035,0.0,-0.0,0.0,1
2012-07-18 15:00:00+00:00,0.0314757,0.14270041056425,0.0327276459675,0.163,0.248,3.5668421205263163,3.5668421,0.04473686263157939,0.0,0.085,0.0,1.3877787807814457e-17,-2.2709366309311976e-19,1
2012-07-18 15:30:00+00:00,0.03220755,0.143537465831375,0.033488605301249995,0.094,0.241,3.4894736994736846,3.4894737,0.07736842052631632,0.0,0.147,0.0,-0.0,0.0,1
2012-07-18 16:00:00+00:00,0.0330009,0.14444486187724997,0.034313510797499995,0.031,0.241,3.3789473836842108,3.3789474,0.11052629947368464,0.0,0.21,0.0,-0.0,0.0,1
2012-07-18 16:30:00+00:00,0.03485205,0.146562119317625,0.036238290288749996,0.0,0.352,3.193684225789474,3.1936842,0.1852631836842109,0.0,0.352,0.0,-0.0,0.0,1
2012-07-18 17:00:00+00:00,0.03492585,0.14664652825212499,0.036315025683749995,0.0,0.438,2.9631579100000005,2.9631579,0.23052632578947385,0.0,0.438,0.0,-0.0,0.0,1
2012-07-18 17:30:00+00:00,0.0414879,0.15415188934475,0.04313808122249999,0.0,0.327,2.7910526468421057,2.7910526,0.1721053100000005,0.0,0.327,0.0,-0.0,0.0,1
2012-07-18 18:00:00+00:00,0.04959975,0.163429838061875,0.05157258005625,0.0,0.328,2.6184210678947375,2.6184211,0.1726315468421058,0.0,0.328,0.0,-0.0,0.0,1
2012-07-18 18:30:00+00:00,0.05277315,0.167059422245375,0.05487220204124999,0.0,0.275,2.4736842257894742,2.4736842,0.1447368678947374,0.0,0.275,0.0,-0.0,0.0,1
2012-07-18 19:00:00+00:00,0.04889865,0.162627953184125,0.050843593803750003,0.0,0.228,2.353684225789474,2.3536842,0.12000002578947422,0.0,0.228,0.0,-0.0,0.0,1
2012-07-18 19:30:00+00:00,0.0419922,0.1547286837305,0.043662439755,0.0,0.245,2.2247368573684216,2.2247369,0.1289473257894742,0.0,0.245,0.0,-0.0,0.0,1
2012-07-18 20:00:00+00:00,0.03984585,0.152273790552125,0.04143071868375,0.0,0.326,2.0531579100000004,2.0531579,0.17157895736842166,0.0,0.326,0.0,-0.0,0.0,1
2012-07-18 20:30:00+00:00,0.039729,0.15214014307249998,0.041309220975,0.0,0.303,1.8936842257894742,1.8936842,0.15947371000000032,0.0,0.303,0.0,-0.0,0.0,1
2012-07-18 21:00:00+00:00,0.03919395,0.151528178297375,0.040752889361249996,0.0,0.28,1.7463158047368426,1.7463158,0.14736842578947407,0.0,0.28,0.0,-0.0,0.0,1
2012-07-18 21:30:00+00:00,0.0363342,0.1482573320855,0.03777939280499999,0.0,0.278,1.6000000152631584,1.6,0.14631580473684247,0.0,0.278,0.0,-0.0,0.0,1
2012-07-18 22:00:00+00:00,0.03428625,0.145914984153125,0.035649985593749996,0.0,0.283,1.4510526468421057,1.4510526,0.14894741526315847,0.0,0.283,0.0,-0.0,0.0,1
2012-07-18 22:30:00+00:00,0.0449073,0.15806283664325002,0.0466934878575,0.0,0.281,1.3031579100000004,1.3031579,0.14789474684210568,0.0,0.281,0.0,-0.0,0.0,1
2012-07-18 23:00:00+00:00,0.03631575,0.148236229851875,0.03776020895625,0.0,0.279,1.1563158047368425,1.1563158,0.14684211000000036,0.0,0.279,0.0,-0.0,0.0,1
2012-07-18 23:30:00+00:00,0.03770565,0.149825931451625,0.03920539222875,0.0,0.297,1.0000000152631583,1.0,0.15631580473684248,0.0,0.297,0.0,-0.0,0.0,1
2012-07-19 00:00:00+00:00,0.03556545,0.09787807235112501,0.03698006577375,0.0,0.272,1.5875000127631584,1.5875,0.5874999847368416,1.2368421,0.0,1.5088421,0.0,0.07384127811511171,1
2012-07-19 00:30:00+00:00,0.0338127,0.09587336015675002,0.0351576001425,0.006,0.244,2.3000000127631584,2.3,0.7124999872368414,1.5,0.0,1.738,0.0,0.08331394997621577,1
2012-07-19 01:00:00+00:00,0.0328164,0.09473383954100002,0.03412167231,0.0,0.289,3.0125000127631583,3.0125,0.7124999872368418,1.5,0.0,1.789,0.0,0.08473941946942452,1
2012-07-19 01:30:00+00:00,0.0342186,0.09633760929650001,0.035579644815000006,0.0,0.223,3.725000012763158,3.725,0.7124999872368418,1.5,0.0,1.723,0.0,0.08299485040893476,1
2012-07-19 02:00:00+00:00,0.0335421,0.09556386073025,0.03487623702749999,0.0,0.23,4.437500012763158,4.4375,0.7124999872368418,1.5,0.0,1.73,0.0,0.08266273953166625,1
2012-07-19 02:30:00+00:00,0.03338835,0.09538800878337499,0.03471637162124999,0.0,0.22,5.150000012763158,5.15,0.7124999872368427,1.5,0.0,1.72,0.0,0.08203368755370248,1
2012-07-19 03:00:00+00:00,0.032103,0.0939178865075,0.033379896825,0.0,0.188,5.862500012763158,5.8625,0.7124999872368418,1.5,0.0,1.688,0.0,0.07926669621233,1
2012-07-19 03:30:00+00:00,0.03182625,0.093601353003125,0.03309213909375,0.0,0.218,6.575000012763159,6.575,0.7124999872368418,1.5,0.0,1.718,0.0,0.08040356222968437,1
2012-07-19 04:00:00+00:00,0.0319185,0.09370686417125001,0.0331880583375,0.0,0.221,7.287500012763159,7.2875,0.7124999872368409,1.5,0.0,1.721,0.0,0.08063475661936065,1
2012-07-19 04:30:00+00:00,0.03321615,0.09519105460287501,0.03453732236625,0.0,0.187,8.0,8.0,0.7124999872368409,1.5,0.0,1.687,0.0,0.08029365455752507,1
2012-07-19 05:00:00+00:00,0.0334068,0.32530911101700005,0.03473555546999999,0.0,0.214,7.887368421052631,7.8873684,0.11263160000000028,0.0,0.214,0.0,-0.0,0.0,1
2012-07-19 05:30:00+00:00,0.0367647,0.32914971753675004,0.0382270159425,0.0,0.192,7.786315789473684,7.7863158,0.10105262105263169,0.0,0.192,0.0,-0.0,0.0,1
2012-07-19 06:00:00+00:00,0.0343908,0.326434563477,0.03575869406999999,0.0,0.203,7.679473684210526,7.6794737,0.1068420894736839,0.0,0.203,0.0,-0.0,0.0,1
2012-07-19 06:30:00+00:00,0.0408852,0.333862549713,0.04251140882999999,0.0,0.2,7.574210526315789,7.5742105,0.10526318421052583,0.0,0.2,0.0,-0.0,0.0,1
2012-07-19 07:00:00+00:00,0.04289625,0.336162693178125,0.04460244834374999,0.0,0.378,7.375263157894737,7.3752632,0.19894732631578904,0.0,0.378,0.0,-0.0,0.0,1
2012-07-19 07:30:00+00:00,0.04001805,0.332870744732625,0.04160976793874999,0.0,0.754,6.978421052631579,6.9784211,0.3968420578947365,0.0,0.754,0.0,-0.0,0.0,1
2012-07-19 08:00:00+00:00,0.0460635,0.33978524328375,0.047895675712499995,0.006,0.74,6.592105263157895,6.5921053,0.386315752631579,0.0,0.734,0.0,-0.0,0.0,1
2012-07-19 08:30:00+00:00,0.0430254,0.33631040881350005,0.044736735284999996,0.038,0.775,6.204210526315789,6.2042105,0.3878947631578944,0.0,0.737,0.0,-0.0,0.0,1
2012-07-19 09:00:00+00:00,0.0413157,0.33435493516425,0.0429590319675,0.056,0.87,5.77578947368421,5.7757895,0.4284210263157888,0.0,0.814,0.0,-0.0,0.0,1
2012-07-19 09:30:00+00:00,0.04081755,0.33378517485637504,0.04244106805125,0.106,0.763,5.429999999999999,5.43,0.34578947368421,0.0,0.657,0.0,-0.0,0.0,1
2012-07-19 10:00:00+00:00,0.0396921,0.33249793860525007,0.0412708532775,0.175,0.531,5.242631578947368,5.2426316,0.18736839999999866,0.0,0.356,5.551115123125783e-17,0.0,9.228671676998758e-18,1
2012-07-19 10:30:00+00:00,0.0357684,0.32801019692100003,0.03719108811,0.306,0.251,5.268756578947368,5.2687566,0.026125021052632036,0.055,0.0,0.0,-0.0,0.0,1
2012-07-19 11:00:00+00:00,0.0346737,0.14635813105925,0.0360528464175,0.294,0.276,5.277306578947368,5.2773066,0.00855002105263214,0.018,0.0,5.551115123125783e-17,0.0,4.06225417357714e-18,1
2012-07-19 11:30:00+00:00,0.03440925,0.146055665710625,0.03577787791875,0.256,0.286,5.277306578947368,5.2773066,2.105263252616396e-08,0.0,0.0,0.02999999999999997,0.0,0.002190834985659373,1
2012-07-19 12:00:00+00:00,0.03410175,0.14570396181687498,0.03545814710625,0.131,0.289,5.277306578947368,5.2773066,2.105263252616396e-08,0.0,0.0,0.15799999999999997,0.0,0.011510612983533121,1
2012-07-19 12:30:00+00:00,0.03368355,0.145225644521375,0.03502331320125,0.063,0.262,5.277306578947368,5.2773066,2.105263252616396e-08,0.0,0.0,0.199,0.0,0.014449951629876815,1
2012-07-19 13:00:00+00:00,0.0344031,0.14604863163275,0.0357714833025,0.113,0.266,5.277306578947368,5.2773066,2.105263252616396e-08,0.0,0.0,0.15300000000000002,0.0,0.011172720319905377,1
2012-07-19 13:30:00+00:00,0.03445845,0.146111938333625,0.035829034848750003,0.138,0.267,5.277306578947368,5.2773066,2.105263252616396e-08,0.0,0.0,0.129,0.0,0.009424220022518814,1
2012-07-19 14:00:00+00:00,0.03415095,0.145760234439875,0.035509304036249995,0.081,0.24,5.277306578947368,5.2773066,2.105263252616396e-08,0.0,0.0,0.15899999999999997,0.0,0.011587938637970061,1
2012-07-19 14:30:00+00:00,0.03388035,0.145450735013375,0.03522794092124999,0.156,0.273,5.277306578947368,5.2773066,2.105263252616396e-08,0.0,0.0,0.11700000000000002,0.0,0.00850886799828244,1
2012-07-19 15:00:00+00:00,0.0334314,0.1449372473285,0.034761133934999994,0.181,0.259,5.277306578947368,5.2773066,2.105263252616396e-08,0.0,0.0,0.07800000000000001,0.0,0.0056525526458115006,1
2012-07-19 15:30:00+00:00,0.0339357,0.14551404171425,0.0352854924675,0.088,0.311,5.277306578947368,5.2773066,2.105263252616396e-08,0.0,0.0,0.223,0.0,0.016224815651138876,1
2012-07-19 16:00:00+00:00,0.0343293,0.14596422269825002,0.0356947479075,0.031,0.285,5.277306578947368,5.2773066,2.105263252616396e-08,0.0,0.0,0.254,0.0,0.018537456282677753,1
2012-07-19 16:30:00+00:00,0.03479055,0.146491778538875,0.03617434412625,0.0,0.271,5.277306578947368,5.2773066,2.105263252616396e-08,0.0,0.0,0.271,0.0,0.019849635992017563,1
2012-07-19 17:00:00+00:00,0.03363435,0.145169371898375,0.03497215627125,0.0,0.848,5.277306578947368,5.2773066,2.105263252616396e-08,0.0,0.0,0.848,0.0,0.061551813684911,1
2012-07-19 17:30:00+00:00,0.0381669,0.15035348729225,0.03968498844749999,0.0,1.296,4.595201315789473,4.5952013,0.6821052789473674,0.0,1.296,0.0,-0.0,0.0,1
2012-07-19 18:00:00+00:00,0.0493845,0.16318364533625,0.05134876848749999,0.0,1.133,3.9988855263157888,3.9988855,0.596315815789473,0.0,1.133,0.0,-0.0,0.0,1
2012-07-19 18:30:00+00:00,0.04718895,0.160672479534875,0.04906589048624999,0.0,1.41,3.256780263157894,3.2567803,0.7421052263157888,0.0,1.41,0.0,-0.0,0.0,1
2012-07-19 19:00:00+00:00,0.04605735,0.159378209205875,0.04788928109624999,0.0,1.274,2.5862539473684203,2.5862539,0.6705263631578942,0.0,1.274,0.0,-0.0,0.0,1
2012-07-19 19:30:00+00:00,0.0390525,0.15136639450625,0.04060581318749999,0.006,0.767,2.1857276315789465,2.1857276,0.4005263473684204,0.0,0.761,0.0,-0.0,0.0,1
2012-07-19 20:00:00+00:00,0.0391509,0.15147893975225,0.0407081270475,0.0,0.467,1.939938157894736,1.9399382,0.2457894315789464,0.0,0.467,0.0,-0.0,0.0,1
2012-07-19 20:30:00+00:00,0.0434436,0.156388726109,0.04517156919,0.0,0.361,1.749938157894736,1.7499382,0.18999995789473578,0.0,0.361,0.0,-0.0,0.0,1
2012-07-19 21:00:00+00:00,0.0420783,0.15482716082075,0.0437519643825,0.0,0.304,1.589938157894736,1.5899382,0.15999995789473598,0.0,0.304,0.0,-0.0,0.0,1
2012-07-19 21:30:00+00:00,0.0376134,0.1497204202835,0.039109472985,0.0,0.327,1.4178328947368413,1.4178329,0.17210525789473596,0.0,0.327,0.0,-0.0,0.0,1
2012-07-19 22:00:00+00:00,0.03324075,0.14471919091437502,0.03456290083124999,0.0,0.385,1.4178328947368413,1.4178329,5.263158797674805e-09,0.0,0.0,0.385,0.0,0.027858444251017193,1
2012-07-19 22:30:00+00:00,0.03814845,0.150332385058625,0.03966580459875,0.0,0.312,1.253622368421052,1.2536224,0.16421049473684124,0.0,0.312,0.0,-0.0,0.0,1
2012-07-19 23:00:00+00:00,0.0348459,0.14655508523975,0.0362318956725,0.0,0.375,1.1968421052631573,1.1968421,0.05678026842105188,0.0,0.1078825,0.2671175,0.0,0.01957371399076446,1
2012-07-19 23:30:00+00:00,0.03560235,0.147420276818375,0.037018433471249994,0.0,0.374,1.0,1.0,0.19684210526315726,0.0,0.374,0.0,-0.0,0.0,1
2012-07-20 00:00:00+00:00,0.0339357,0.09601404171425001,0.0352854924675,0.0,0.325,1.0109605262,1.0109605,0.09517109999999995,0.023074792,0.0,0.348074792,0.0,0.01671003379938345,1
2012-07-20 00:30:00+00:00,0.03405255,0.09614768919387501,0.03540699017625,0.0,0.262,1.2392894732000002,1.2392895,2.6200000169396276e-08,0.48069252,0.0,0.7426925200000001,0.0,0.035704084789787906,1
2012-07-20 01:00:00+00:00,0.03422475,0.096344643374375,0.035586039431249994,0.0,0.281,1.2392894732000002,1.2392895,2.679999977495129e-08,0.0,0.0,0.281,0.0,0.013536422394099688,1
2012-07-20 01:30:00+00:00,0.034194,0.09630947298500002,0.03555406635,0.0,0.262,1.4676184202000002,1.4676184,0.22832892679999994,0.48069252,0.0,0.7426925200000001,0.0,0.0357641625955508,1
2012-07-20 02:00:00+00:00,0.03325305,0.09523325907012499,0.03457569006375,0.0,0.24,2.1801184202000004,2.1801184,0.7124999797999998,1.5,0.0,1.74,0.0,0.08285293539100874,1
2012-07-20 02:30:00+00:00,0.0319431,0.09373500048275,0.0332136368025,0.0,0.253,2.8926184202000003,2.8926184,0.7124999797999996,1.5,0.0,1.7530000000000001,0.0,0.08215872792313038,1
2012-07-20 03:00:00+00:00,0.03204765,0.093854579806625,0.03332234527874999,0.0,0.251,3.6051184202,3.6051184,0.7124999797999996,1.5,0.0,1.751,0.0,0.08216968462070018,1
2012-07-20 03:30:00+00:00,0.0312543,0.09294718376075,0.0324974397825,0.0,0.227,4.3176184202000005,4.3176184,0.7124999797999996,1.5,0.0,1.727,0.0,0.08025989317740763,1
2012-07-20 04:00:00+00:00,0.03138345,0.093094899396125,0.03263172672375,0.0,0.272,5.030118420200001,5.0301184,0.7124999797999996,1.5,0.0,1.772,0.0,0.08248208086496675,1
2012-07-20 04:30:00+00:00,0.0323367,0.09418518146675,0.0336228922425,0.0,0.238,5.742618420200001,5.7426184,0.7124999797999987,1.5,0.0,1.738,0.0,0.08184692269460575,1
2012-07-20 05:00:00+00:00,0.03283485,0.32465494177462506,0.034140856158749996,0.0,0.269,5.60103947283158,5.6010395,0.1415789202000015,0.0,0.269,0.0,-0.0,0.0,1
2012-07-20 05:30:00+00:00,0.03225675,0.323993738454375,0.03353976223125,0.0,0.269,5.459460525463159,5.4594605,0.1415789728315806,0.0,0.269,0.0,-0.0,0.0,1
2012-07-20 06:00:00+00:00,0.0346983,0.32678626737075006,0.0360784248825,0.0,0.223,5.342092104410527,5.3420921,0.11736842546315884,0.0,0.223,0.0,-0.0,0.0,1
2012-07-20 06:30:00+00:00,0.0381423,0.33072535098075007,0.03965940998249999,0.0,0.253,5.208934209673686,5.2089342,0.13315790441052755,0.0,0.253,0.0,-0.0,0.0,1
2012-07-20 07:00:00+00:00,0.04455675,0.33806189420437505,0.046328994731249996,0.0,0.435,4.979986841252633,4.9799868,0.22894740967368588,0.0,0.435,0.0,-0.0,0.0,1
2012-07-20 07:30:00+00:00,0.0421029,0.33525529713225005,0.043777542847499996,0.0,0.784,4.567355262305265,4.5673553,0.4126315412526331,0.0,0.784,0.0,-0.0,0.0,1
2012-07-20 08:00:00+00:00,0.0507375,0.34513114246875,0.05275558406249999,0.013,0.805,4.1505131570421065,4.1505132,0.4168420623052649,0.0,0.792,0.0,-0.0,0.0,1
2012-07-20 08:30:00+00:00,0.04978425,0.3440408603981251,0.05176441854375,0.044,0.799,3.753144735989475,3.7531447,0.39736845704210655,0.0,0.755,0.0,-0.0,0.0,1
2012-07-20 09:00:00+00:00,0.0410697,0.33407357204925,0.0427032473175,0.05,0.829,3.343144735989475,3.3431447,0.4100000359894751,0.0,0.779,0.0,1.1102230246251565e-16,-2.3705064199075475e-18,1
2012-07-20 09:30:00+00:00,0.0396429,0.33244166598225006,0.041219696347499994,0.119,0.771,2.9999868412526327,2.9999868,0.34315793598947497,0.0,0.652,0.0,-0.0,0.0,1
2012-07-20 10:00:00+00:00,0.03971055,0.33251904083887507,0.04129003712625,0.369,0.658,2.847881578094738,2.8478816,0.1521052412526327,0.0,0.289,5.551115123125783e-17,0.0,9.229257381639796e-18,1
2012-07-20 10:30:00+00:00,0.03832065,0.330929339239125,0.039844853853749994,0.425,0.356,2.880656578094738,2.8806566,0.03277502190526205,0.069,0.0,0.0,-0.0,0.0,1
2012-07-20 11:00:00+00:00,0.03707835,0.149108455508375,0.03855314137125,0.431,0.202,2.989431578094738,2.9894316,0.10877502190526211,0.229,0.0,5.551115123125783e-17,0.0,4.138591011792342e-18,1
2012-07-20 11:30:00+00:00,0.0348582,0.1465691533955,0.036244684905,0.425,0.248,3.073506578094738,3.0735066,0.08407502190526195,0.177,0.0,0.0,-0.0,0.0,1
2012-07-20 12:00:00+00:00,0.03449535,0.146154142800875,0.03586740254625,0.444,0.206,3.186556578094738,3.1865566,0.11305002190526192,0.238,0.0,0.0,5.551115123125783e-17,-9.95520403508643e-19,1
2012-07-20 12:30:00+00:00,0.03444615,0.146097870177875,0.03581624561625,0.425,0.191,3.2977065780947377,3.2977066,0.11115002190526235,0.234,0.0,5.551115123125783e-17,0.0,4.055030483004346e-18,1
2012-07-20 13:00:00+00:00,0.03376965,0.145324121611625,0.03511283782875,0.394,0.175,3.4017315780947377,3.4017316,0.10402502190526253,0.219,0.0,0.0,-0.0,0.0,1
2012-07-20 13:30:00+00:00,0.03413865,0.145746166284125,0.03549651480375,0.35,0.196,3.4748815780947377,3.4748816,0.0731500219052621,0.154,0.0,0.0,-0.0,0.0,1
2012-07-20 14:00:00+00:00,0.03326535,0.144747327225875,0.034588479296249995,0.306,0.178,3.5356815780947377,3.5356816,0.06080002190526246,0.128,0.0,0.0,-0.0,0.0,1
2012-07-20 14:30:00+00:00,0.0337758,0.1453311556895,0.035119232445,0.238,0.216,3.546131578094738,3.5461316,0.010450021905262119,0.022,0.0,0.0,-0.0,0.0,1
2012-07-20 15:00:00+00:00,0.0338373,0.14540149646824999,0.0351831786075,0.163,0.229,3.511394735989475,3.5113947,0.03473687809473791,0.0,0.066,0.0,-0.0,0.0,1
2012-07-20 15:30:00+00:00,0.03375735,0.145310053455875,0.03510004859625,0.1,0.198,3.4598157886210537,3.4598158,0.05157893598947494,0.0,0.098,0.0,-0.0,0.0,1
2012-07-20 16:00:00+00:00,0.0343416,0.14597829085400002,0.035707537139999995,0.031,0.563,3.1798157886210534,3.1798158,0.2799999886210536,0.0,0.532,0.0,1.1102230246251565e-16,-1.9821664942742953e-18,1
2012-07-20 16:30:00+00:00,0.0360144,0.14789156003599999,0.03744687275999999,0.0,0.458,2.9387631570421062,2.9387632,0.2410525886210535,0.0,0.458,0.0,-0.0,0.0,1
2012-07-20 17:00:00+00:00,0.0369615,0.14897480802875,0.038431643662499994,0.0,0.197,2.8350789465157904,2.8350789,0.10368425704210615,0.0,0.197,0.0,-0.0,0.0,1
2012-07-20 17:30:00+00:00,0.0392739,0.15161962130974999,0.0408360193725,0.0,0.191,2.734552630726317,2.7345526,0.10052634651579018,0.0,0.191,0.0,-0.0,0.0,1
2012-07-20 18:00:00+00:00,0.04533165,0.158548188016625,0.047134716378750004,0.0,0.195,2.6319210517789484,2.6319211,0.10263153072631681,0.0,0.195,0.0,-0.0,0.0,1
2012-07-20 18:30:00+00:00,0.0476994,0.16125630799850002,0.049596643635,0.006,0.19,2.5350789465157906,2.5350789,0.09684215177894862,0.0,0.184,0.0,-0.0,0.0,1
2012-07-20 19:00:00+00:00,0.0468384,0.160271537096,0.048701397359999996,0.0,0.205,2.427184209673685,2.4271842,0.10789474651579045,0.0,0.205,0.0,-0.0,0.0,1
2012-07-20 19:30:00+00:00,0.0394215,0.15178843917874998,0.040989490162499996,0.0,0.217,2.3129736833578955,2.3129737,0.11421050967368496,0.0,0.217,0.0,-0.0,0.0,1
2012-07-20 20:00:00+00:00,0.0399996,0.152449642499,0.04159058409,0.0,0.178,2.21928947283158,2.2192895,0.09368418335789563,0.0,0.178,0.0,-0.0,0.0,1
2012-07-20 20:30:00+00:00,0.0476256,0.161171899064,0.049519908239999993,0.0,0.192,2.1182368412526325,2.1182368,0.10105267283157993,0.0,0.192,0.0,-0.0,0.0,1
2012-07-20 21:00:00+00:00,0.05068215,0.164667835767875,0.05269803251625,0.0,0.204,2.010868420200001,2.0108684,0.10736844125263234,0.0,0.204,0.0,-0.0,0.0,1
2012-07-20 21:30:00+00:00,0.04137105,0.154018241865125,0.04301658351375,0.0,0.195,1.9082368412526325,1.9082368,0.10263162020000083,0.0,0.195,0.0,-0.0,0.0,1
2012-07-20 22:00:00+00:00,0.03951375,0.151893950346875,0.041085409406249995,0.0,0.202,1.8019210517789483,1.8019211,0.10631574125263255,0.0,0.202,0.0,-0.0,0.0,1
2012-07-20 22:30:00+00:00,0.05103885,0.165075812284625,0.05306892025874999,0.0,0.177,1.7087631570421062,1.7087632,0.09315785177894842,0.0,0.177,0.0,-0.0,0.0,1
2012-07-20 23:00:00+00:00,0.0418323,0.15454579770575003,0.0434961797325,0.0,0.265,1.5692894728315798,1.5692895,0.13947365704210624,0.0,0.265,0.0,-0.0,0.0,1
2012-07-20 23:30:00+00:00,0.0454485,0.15868183549625,0.0472562140875,0.0,0.214,1.4566578938842114,1.4566579,0.11263157283157987,0.0,0.214,0.0,-0.0,0.0,1
2012-07-21 00:00:00+00:00,0.04404015,0.10757103166287499,0.045791846966249994,0.0,0.413,1.5875000021342114,1.5875,0.1308421061157885,0.27545707,0.0,0.68845707,0.0,0.03702901863775007,1
2012-07-21 00:30:00+00:00,0.04097745,0.10406806088112501,0.04260732807374999,0.0,0.923,2.3000000021342113,2.3,0.7124999978657884,1.5,0.0,2.423,0.0,0.12607845575748294,1
2012-07-21 01:00:00+00:00,0.03978435,0.102703449773375,0.041366772521250005,0.0,0.678,3.012500002134211,3.0125,0.7124999978657889,1.5,0.0,2.178,0.0,0.11184405680320537,1
2012-07-21 01:30:00+00:00,0.0404793,0.10349830057325,0.042089364157499996,0.0,0.455,3.725000002134211,3.725,0.7124999978657889,1.5,0.0,1.955,0.0,0.10116958881035189,1
2012-07-21 02:00:00+00:00,0.03814845,0.10083238505862502,0.03966580459875,0.0,0.446,4.437500002134211,4.4375,0.7124999978657889,1.5,0.0,1.946,0.0,0.09810991066204214,1
2012-07-21 02:30:00+00:00,0.03590985,0.098271980712125,0.037338164283749996,0.0,0.399,5.150000002134211,5.15,0.7124999978657893,1.5,0.0,1.899,0.0,0.0933092456861627,1
2012-07-21 03:00:00+00:00,0.0346122,0.09678779028050001,0.035988900255,0.0,0.275,5.862500002134212,5.8625,0.7124999978657884,1.5,0.0,1.775,0.0,0.08589916387394375,1
2012-07-21 03:30:00+00:00,0.0339603,0.09604217802575002,0.0353110709325,0.0,0.172,6.575000002134212,6.575,0.7124999978657884,1.5,0.0,1.672,0.0,0.080291260829527,1
2012-07-21 04:00:00+00:00,0.0331977,0.09516995236925002,0.0345181385175,0.0,0.196,7.2875000021342125,7.2875,0.7124999978657875,1.5,0.0,1.696,0.0,0.08070411960912402,1
2012-07-21 04:30:00+00:00,0.03337605,0.09537394062762501,0.034703582388749994,0.0,0.204,8.0,8.0,0.7124999978657875,1.5,0.0,1.704,0.0,0.08125859741473651,1
2012-07-21 05:00:00+00:00,0.03379425,0.32575225792312507,0.03513841629375,0.0,0.174,7.908421052631579,7.9084211,0.09157890000000002,0.0,0.174,0.0,-0.0,0.0,1
2012-07-21 05:30:00+00:00,0.0343416,0.326378290854,0.035707537139999995,0.0,0.207,7.799473684210526,7.7994737,0.10894735263157873,0.0,0.207,0.0,-0.0,0.0,1
2012-07-21 06:00:00+00:00,0.0339849,0.32597031433725,0.035336649397499996,0.0,0.197,7.6957894736842105,7.6957895,0.10368418421052628,0.0,0.197,0.0,-0.0,0.0,1
2012-07-21 06:30:00+00:00,0.03434775,0.326385324931875,0.035713931756250004,0.0,0.19,7.595789473684211,7.5957895,0.0999999736842101,0.0,0.19,0.0,-0.0,0.0,1
2012-07-21 07:00:00+00:00,0.0346737,0.32675813105925006,0.0360528464175,0.0,0.353,7.41,7.41,0.18578947368421073,0.0,0.353,0.0,-0.0,0.0,1
2012-07-21 07:30:00+00:00,0.03615585,0.32845334382712504,0.03759394893375,0.0,0.737,7.022105263157895,7.0221053,0.38789470000000037,0.0,0.737,0.0,-0.0,0.0,1
2012-07-21 08:00:00+00:00,0.03556545,0.32777807235112505,0.03698006577375,0.0,0.723,6.641578947368422,6.6415789,0.38052636315789545,0.0,0.723,0.0,-0.0,0.0,1
2012-07-21 08:30:00+00:00,0.0397659,0.33258234753975,0.0413475886725,0.006,0.676,6.288947368421053,6.2889474,0.3526315473684223,0.0,0.67,0.0,-0.0,0.0,1
2012-07-21 09:00:00+00:00,0.0436527,0.33702788475675,0.0453889861425,0.019,0.727,5.916315789473685,5.9163158,0.3726315684210535,0.0,0.708,0.0,-0.0,0.0,1
2012-07-21 09:30:00+00:00,0.04400325,0.33742882719562506,0.045753479268749994,0.05,0.684,5.582631578947369,5.5826316,0.3336841894736846,0.0,0.634,0.0,-0.0,0.0,1
2012-07-21 10:00:00+00:00,0.04229355,0.33547335354637503,0.04397577595125,0.056,0.611,5.290526315789474,5.2905263,0.2921052789473695,0.0,0.555,0.0,1.1102230246251565e-16,-2.4411459493417496e-18,1
2012-07-21 10:30:00+00:00,0.0402333,0.33311693745825005,0.041833579507499996,0.119,0.612,5.031052631578948,5.0310526,0.25947371578947465,0.0,0.493,0.0,-0.0,0.0,1
2012-07-21 11:00:00+00:00,0.0390771,0.15139453081775,0.040631391652499994,0.131,0.311,4.936315789473685,4.9363158,0.09473683157894808,0.0,0.18,0.0,-0.0,0.0,1
2012-07-21 11:30:00+00:00,0.03629115,0.14820809354037498,0.03773463049125,0.163,0.182,4.926315789473685,4.9263158,0.009999989473684856,0.0,0.019,0.0,1.0408340855860843e-17,-1.963774481114448e-19,1
2012-07-21 12:00:00+00:00,0.03830835,0.15051527108337498,0.03983206462124999,0.119,0.18,4.89421052631579,4.8942105,0.03210528947368552,0.0,0.061,0.0,-0.0,0.0,1
2012-07-21 12:30:00+00:00,0.0378471,0.14998771524274998,0.03935246840249999,0.088,0.259,4.80421052631579,4.8042105,0.0900000263157903,0.0,0.171,0.0,-0.0,0.0,1
2012-07-21 13:00:00+00:00,0.0346614,0.14634406290350002,0.036040057185,0.094,0.238,4.72842105263158,4.7284211,0.07578942631579011,0.0,0.144,0.0,-0.0,0.0,1
2012-07-21 13:30:00+00:00,0.0348951,0.14661135786274998,0.0362830526025,0.05,0.377,4.556315789473685,4.5563158,0.17210525263157983,0.0,0.327,0.0,-0.0,0.0,1
2012-07-21 14:00:00+00:00,0.0346737,0.14635813105925,0.0360528464175,0.05,0.344,4.401578947368422,4.4015789,0.15473688947368558,0.0,0.294,0.0,-0.0,0.0,1
2012-07-21 14:30:00+00:00,0.0344154,0.1460626997885,0.035784272534999995,0.081,0.337,4.378947368421053,4.3789474,0.022631547368421323,0.0,0.043,0.21300000000000002,0.0,0.015555677527475253,1
2012-07-21 15:00:00+00:00,0.03444615,0.146097870177875,0.03581624561625,0.094,0.239,4.302631578947369,4.3026316,0.07631576842105314,0.0,0.145,0.0,-0.0,0.0,1
2012-07-21 15:30:00+00:00,0.0347352,0.146428471838,0.03611679258,0.056,0.278,4.185789473684211,4.1857895,0.11684207894736875,0.0,0.222,2.7755575615628914e-17,0.0,2.032103261190299e-18,1
2012-07-21 16:00:00+00:00,0.0377733,0.14990330630825,0.0392757330075,0.019,0.228,4.07578947368421,4.0757895,0.10999997368421077,0.0,0.209,2.7755575615628914e-17,0.0,2.0803262766357077e-18,1
2012-07-21 16:30:00+00:00,0.0390279,0.15133825819475002,0.0405802347225,0.0,0.248,3.9452631578947366,3.9452632,0.13052627368421055,0.0,0.248,0.0,-0.0,0.0,1
2012-07-21 17:00:00+00:00,0.0407868,0.15335000446699998,0.04240909496999999,0.0,0.235,3.8215789473684207,3.8215789,0.12368425789473658,0.0,0.235,0.0,-0.0,0.0,1
2012-07-21 17:30:00+00:00,0.0440955,0.15713433836375,0.04584939851249999,0.0,0.238,3.696315789473684,3.6963158,0.12526314736842092,0.0,0.238,0.0,-0.0,0.0,1
2012-07-21 18:00:00+00:00,0.05033775,0.164273927406875,0.05233993400625,0.0,0.5,3.433157894736842,3.4331579,0.2631578894736841,0.0,0.5,0.0,-0.0,0.0,1
2012-07-21 18:30:00+00:00,0.0507006,0.1646889380015,0.05271721636499999,0.0,0.412,3.216315789473684,3.2163158,0.21684209473684213,0.0,0.412,0.0,-0.0,0.0,1
2012-07-21 19:00:00+00:00,0.0454977,0.15873810811925002,0.0473073710175,0.0,0.427,2.9915789473684207,2.9915789,0.2247368894736841,0.0,0.427,0.0,-0.0,0.0,1
2012-07-21 19:30:00+00:00,0.0404178,0.1529279597945,0.042025417994999995,0.0,0.437,2.7615789473684207,2.7615789,0.23000004736842072,0.0,0.437,0.0,-0.0,0.0,1
2012-07-21 20:00:00+00:00,0.0397044,0.152112006761,0.041283642509999996,0.0,0.438,2.531052631578947,2.5310526,0.23052634736842048,0.0,0.438,0.0,-0.0,0.0,1
2012-07-21 20:30:00+00:00,0.03958755,0.15197835928137501,0.041162144801249995,0.0,0.525,2.254736842105263,2.2547368,0.27631583157894735,0.0,0.525,0.0,-0.0,0.0,1
2012-07-21 21:00:00+00:00,0.0396183,0.15201352967075002,0.0411941178825,0.0,0.456,2.014736842105263,2.0147368,0.24000004210526305,0.0,0.456,0.0,-0.0,0.0,1
2012-07-21 21:30:00+00:00,0.04233045,0.15511555801362498,0.04401414364875,0.0,0.373,1.8184210526315787,1.8184211,0.19631574210526304,0.0,0.373,0.0,-0.0,0.0,1
2012-07-21 22:00:00+00:00,0.0389541,0.15125384926024998,0.04050349932749999,0.0,0.402,1.6068421052631576,1.6068421,0.21157895263157878,0.0,0.402,0.0,-0.0,0.0,1
2012-07-21 22:30:00+00:00,0.0410451,0.15364543573775,0.042677668852499996,0.006,0.423,1.3873684210526314,1.3873684,0.21947370526315768,0.0,0.417,0.0,-0.0,0.0,1
2012-07-21 23:00:00+00:00,0.0407622,0.1533218681555,0.042383516504999996,0.0,0.413,1.1699999999999997,1.17,0.21736842105263143,0.0,0.413,0.0,-0.0,0.0,1
2012-07-21 23:30:00+00:00,0.04180155,0.15451062731637502,0.043464206651250004,0.0,0.323,1.0,1.0,0.1699999999999997,0.0,0.323,0.0,-0.0,0.0,1
2012-07-22 00:00:00+00:00,0.04090365,0.10398365194662501,0.04253059267874999,0.0,0.265,1.0,1.0,0.0,0.0,0.0,0.265,0.0,0.013777833882927814,1
2012-07-22 00:30:00+00:00,0.0393231,0.10217589393275002,0.0408871763025,0.0,0.199,1.0,1.0,0.0,0.0,0.0,0.199,0.0,0.010166501446308627,1
2012-07-22 01:00:00+00:00,0.03894795,0.10174681518237501,0.04049710471125,0.0,0.207,1.0,1.0,0.0,0.0,0.0,0.207,0.0,0.010530795371375813,1
2012-07-22 01:30:00+00:00,0.0395076,0.10238691626900001,0.04107901479,0.0,0.192,1.0,1.0,0.0,0.0,0.0,0.192,0.0,0.009829143961824001,1
2012-07-22 02:00:00+00:00,0.0382653,0.10096603253825003,0.0397873023075,0.0,0.305,1.608186865,1.6081868,0.6081867999999999,1.2803934,0.0,1.5853933999999998,0.0,0.08003544080516341,1
2012-07-22 02:30:00+00:00,0.0359898,0.09836342372450002,0.037421294295000004,0.0,0.208,2.320686865,2.3206868,0.7124999349999999,1.5,0.0,1.708,0.0,0.08400236386072302,1
2012-07-22 03:00:00+00:00,0.03567,0.097997651675,0.03708877425,0.0,0.2,3.033186865,3.0331868,0.7124999350000003,1.5,0.0,1.7,0.0,0.08329800392375,1
2012-07-22 03:30:00+00:00,0.0342432,0.09636574560800001,0.035605223279999994,0.0,0.172,3.7456868649999997,3.7456869,0.7124999350000003,1.5,0.0,1.672,0.0,0.080561763328288,1
2012-07-22 04:00:00+00:00,0.0342432,0.09636574560800001,0.035605223279999994,0.0,0.206,4.458186865,4.4581869,0.7125000350000006,1.5,0.0,1.706,0.0,0.08219998100362401,1
2012-07-22 04:30:00+00:00,0.03444615,0.09659787017787502,0.03581624561625,0.0,0.199,5.170686865,5.1706868,0.7124999350000003,1.5,0.0,1.699,0.0,0.08205989071610484,1
2012-07-22 05:00:00+00:00,0.03444615,0.32649787017787507,0.03581624561625,0.0,0.201,5.06489739131579,5.0648974,0.10578946499999997,0.0,0.201,0.0,-0.0,0.0,1
2012-07-22 05:30:00+00:00,0.0343416,0.326378290854,0.035707537139999995,0.0,0.296,4.909107917631579,4.9091079,0.15578949131578934,0.0,0.296,0.0,-0.0,0.0,1
2012-07-22 06:00:00+00:00,0.0340464,0.326040655116,0.03540059556,0.0,0.175,4.817002654473685,4.8170027,0.09210521763157953,0.0,0.175,0.0,-0.0,0.0,1
2012-07-22 06:30:00+00:00,0.0345876,0.32665965396900004,0.03596332179,0.0,0.193,4.715423707105264,4.7154237,0.10157895447368492,0.0,0.193,0.0,-0.0,0.0,1
2012-07-22 07:00:00+00:00,0.0345753,0.32664558581325004,0.0359505325575,0.0,0.367,4.522265812368421,4.5222658,0.19315790710526404,0.0,0.367,0.0,-0.0,0.0,1
2012-07-22 07:30:00+00:00,0.0342555,0.32627981376375004,0.035618012512500005,0.0,0.76,4.122265812368421,4.1222658,0.4000000123684213,0.0,0.76,0.0,-0.0,0.0,1
2012-07-22 08:00:00+00:00,0.03447075,0.3265260064893751,0.03584182408125,0.013,0.726,3.7470026544736843,3.7470027,0.37526311236842114,0.0,0.713,0.0,-0.0,0.0,1
2012-07-22 08:30:00+00:00,0.0387081,0.33137248614525,0.0402477146775,0.038,0.703,3.397002654473684,3.3970027,0.3499999544736845,0.0,0.665,0.0,1.1102230246251565e-16,-2.2341969761752177e-18,1
2012-07-22 09:00:00+00:00,0.0407622,0.33372186815550003,0.042383516504999996,0.05,0.696,3.0570026544736844,3.0570027,0.33999995447368425,0.0,0.646,0.0,1.1102230246251565e-16,-2.352757794421567e-18,1
2012-07-22 09:30:00+00:00,0.04335135,0.33668321494087505,0.04507564994625,0.125,0.699,2.7548973913157897,2.7548974,0.3021052544736844,0.0,0.574,0.0,-0.0,0.0,1
2012-07-22 10:00:00+00:00,0.0427548,0.33600090938700006,0.04445537217,0.219,0.413,2.652792128157895,2.6527921,0.1021052913157896,0.0,0.194,0.0,2.7755575615628914e-17,-6.169422218926801e-19,1
2012-07-22 10:30:00+00:00,0.042189,0.33535377422250007,0.043867067475,0.069,0.237,2.564371075526316,2.5643711,0.08842102815789499,0.0,0.168,0.0,2.7755575615628914e-17,-6.087778541691291e-19,1
2012-07-22 11:00:00+00:00,0.03940305,0.151767336945125,0.040970306313749996,0.2,0.167,2.5800460755263157,2.5800461,0.015675024473684296,0.033,0.0,0.0,-0.0,0.0,1
2012-07-22 11:30:00+00:00,0.0390525,0.15136639450625,0.04060581318749999,0.163,0.199,2.561098707105263,2.5610987,0.018947375526315646,0.0,0.036,6.938893903907228e-18,0.0,5.251576760479174e-19,1
2012-07-22 12:00:00+00:00,0.03795165,0.15010729456662503,0.039461176878750004,0.363,0.185,2.6456487071052632,2.6456487,0.08454999289473708,0.178,0.0,0.0,-0.0,0.0,1
2012-07-22 12:30:00+00:00,0.03741045,0.14948829571362499,0.03889845064874999,0.206,0.189,2.653723707105263,2.6537237,0.008074992894736788,0.017,0.0,2.7755575615628914e-17,0.0,2.074566847665507e-18,1
2012-07-22 13:00:00+00:00,0.0355224,0.147328833806,0.03693530346,0.225,0.226,2.6531973913157896,2.6531974,0.0005263071052632462,0.0,0.001,8.673617379884035e-19,0.0,6.389369667288842e-20,1
2012-07-22 13:30:00+00:00,0.0343416,0.14597829085400002,0.035707537139999995,0.356,0.183,2.7353723913157895,2.7353724,0.08217500868421057,0.173,0.0,0.0,-0.0,0.0,1
2012-07-22 14:00:00+00:00,0.03444615,0.146097870177875,0.03581624561625,0.288,0.195,2.7795473913157895,2.7795474,0.044175008684210315,0.093,0.0,5.551115123125783e-17,0.0,4.055030483004346e-18,1
2012-07-22 14:30:00+00:00,0.0342432,0.145865745608,0.035605223279999994,0.281,0.177,2.8289473913157894,2.8289474,0.04940000868421057,0.104,0.0,0.0,5.551115123125783e-17,-9.882434670593907e-19,1
2012-07-22 15:00:00+00:00,0.0344646,0.1461189724115,0.03583542946499999,0.119,0.233,2.7689473913157894,2.7689474,0.05999999131578937,0.0,0.114,1.3877787807814457e-17,0.0,1.0139040469113457e-18,1
2012-07-22 15:30:00+00:00,0.03463065,0.146308892514125,0.03600808410375,0.063,0.192,2.701052654473684,2.7010527,0.0678946913157894,0.0,0.129,0.0,-0.0,0.0,1
2012-07-22 16:00:00+00:00,0.03618045,0.14808148013862502,0.03761952739875,0.025,0.183,2.6178947597368416,2.6178948,0.08315785447368373,0.0,0.158,0.0,-0.0,0.0,1
2012-07-22 16:30:00+00:00,0.03727515,0.149333546000375,0.03875776909125,0.006,0.207,2.512105286052631,2.5121053,0.10578945973684162,0.0,0.201,0.0,2.7755575615628914e-17,-5.378720953526372e-19,1
2012-07-22 17:00:00+00:00,0.04019025,0.152667698913125,0.041788817193749994,0.006,0.176,2.4226316018421046,2.4226316,0.08947368605263106,0.0,0.17,0.0,2.7755575615628914e-17,-5.799363377544108e-19,1
2012-07-22 17:30:00+00:00,0.04504875,0.158224620434375,0.04684056403125,0.0,0.248,2.2921052860526308,2.2921053,0.13052630184210479,0.0,0.248,0.0,-0.0,0.0,1
2012-07-22 18:00:00+00:00,0.0552147,0.16985195116175,0.057410864692499994,0.0,0.203,2.1852631807894727,2.1852632,0.10684208605263068,0.0,0.203,0.0,-0.0,0.0,1
2012-07-22 18:30:00+00:00,0.059532,0.17478987383,0.0618998853,0.0,0.188,2.08631581236842,2.0863158,0.09894738078947274,0.0,0.188,0.0,-0.0,0.0,1
2012-07-22 19:00:00+00:00,0.05362185,0.168030124992125,0.05575465908374999,0.0,0.202,1.9800000228947359,1.98,0.10631581236842003,0.0,0.202,0.0,-0.0,0.0,1
2012-07-22 19:30:00+00:00,0.0438126,0.1568107707815,0.045555246165,0.0,0.22,1.8642105492105254,1.8642105,0.11578952289473587,0.0,0.22,0.0,-0.0,0.0,1
2012-07-22 20:00:00+00:00,0.0455961,0.15885065336525,0.0474096848775,0.0,0.232,1.7421052860526307,1.7421053,0.12210524921052546,0.0,0.232,0.0,-0.0,0.0,1
2012-07-22 20:30:00+00:00,0.049938,0.163816712345,0.051924283950000004,0.006,0.197,1.641578970263157,1.641579,0.10052628605263081,0.0,0.191,0.0,-0.0,0.0,1
2012-07-22 21:00:00+00:00,0.0460389,0.15935710697225,0.04787009724749999,0.0,0.213,1.5294737071052622,1.5294737,0.11210527026315686,0.0,0.213,0.0,-0.0,0.0,1
2012-07-22 21:30:00+00:00,0.0422628,0.15503818315700002,0.04394380287000001,0.0,0.208,1.4200000228947358,1.42,0.10947370710526227,0.0,0.208,0.0,-0.0,0.0,1
2012-07-22 22:00:00+00:00,0.03838215,0.150599680017875,0.03990880001624999,0.0,0.208,1.3105263386842094,1.3105263,0.10947372289473578,0.0,0.208,0.0,-0.0,0.0,1
2012-07-22 22:30:00+00:00,0.03865275,0.15090917944437499,0.04019016313125,0.0,0.217,1.1963158123684199,1.1963158,0.11421053868420938,0.0,0.217,0.0,-0.0,0.0,1
2012-07-22 23:00:00+00:00,0.0369,0.14890446725,0.038367697500000006,0.0,0.183,1.1000000228947358,1.1,0.0963158123684198,0.0,0.183,0.0,-0.0,0.0,1
2012-07-22 23:30:00+00:00,0.03555315,0.147364004195375,0.03696727654124999,0.0,0.19,1.0000000228947357,1.0,0.10000002289473575,0.0,0.19,0.0,-0.0,0.0,1
2012-07-23 00:00:00+00:00,0.0345015,0.09666117687874999,0.03587379716249999,0.0,0.218,1.5595197178947355,1.5595197,0.5495197771052642,1.1779362,0.0,1.3959362,0.0,0.06746641796982505,1
2012-07-23 00:30:00+00:00,0.0342432,0.09636574560800001,0.035605223279999994,0.0,0.204,2.2720197178947354,2.2720197,0.7124999821052644,1.5,0.0,1.704,0.0,0.08210361525801602,1
2012-07-23 01:00:00+00:00,0.0338988,0.095971837247,0.03524712477,0.0,0.199,2.9845197178947354,2.9845197,0.7124999821052644,1.5,0.0,1.699,0.0,0.08152807574132649,1
2012-07-23 01:30:00+00:00,0.0353748,0.09766001593700001,0.03678183266999999,0.0,0.193,3.6970197178947353,3.6970197,0.7124999821052644,1.5,0.0,1.693,0.0,0.08266920349067051,1
2012-07-23 02:00:00+00:00,0.03406485,0.09616175734962502,0.03541977940875,0.0,0.194,4.409519717894735,4.4095197,0.7124999821052644,1.5,0.0,1.694,0.0,0.0814490084751324,1
2012-07-23 02:30:00+00:00,0.03413865,0.09624616628412502,0.03549651480375,0.0,0.199,5.1220197178947355,5.1220197,0.7124999821052649,1.5,0.0,1.699,0.0,0.08176111825836421,1
2012-07-23 03:00:00+00:00,0.0329763,0.09491672556575002,0.0342879323325,0.0,0.227,5.834519717894736,5.8345197,0.7124999821052649,1.5,0.0,1.727,0.0,0.08196059252602515,1
2012-07-23 03:30:00+00:00,0.03310545,0.09506444120112499,0.03442221927375,0.0,0.231,6.547019717894736,6.5470197,0.712499982105264,1.5,0.0,1.731,0.0,0.08227827385957369,1
2012-07-23 04:00:00+00:00,0.03314235,0.09510664566837501,0.03446058697125,0.0,0.172,7.259519717894737,7.2595197,0.712499982105264,1.5,0.0,1.672,0.0,0.07950915577876151,1
2012-07-23 04:30:00+00:00,0.0337881,0.09584522384525002,0.0351320216775,0.0,0.217,7.972019717894737,7.9720197,0.7124999821052631,1.5,0.0,1.717,0.0,0.08228312467114714,1
2012-07-23 05:00:00+00:00,0.0341079,0.32611099589475007,0.0354645417225,0.0,0.185,7.874651296842106,7.8746513,0.09736841789473694,0.0,0.185,0.0,-0.0,0.0,1
2012-07-23 05:30:00+00:00,0.0359529,0.32822121925725,0.037382926597500005,0.0,0.303,7.715177612631579,7.7151776,0.159473696842106,0.0,0.303,0.0,-0.0,0.0,1
2012-07-23 06:00:00+00:00,0.03689385,0.32929743317212506,0.03836130288375,0.0,0.213,7.603072349473684,7.6030723,0.11210531263157897,0.0,0.213,0.0,-0.0,0.0,1
2012-07-23 06:30:00+00:00,0.0450795,0.33865979082375003,0.046872537112499994,0.0,0.195,7.500440770526315,7.5004408,0.10263154947368403,0.0,0.195,0.0,-0.0,0.0,1
2012-07-23 07:00:00+00:00,0.0590031,0.3545849431327501,0.0613499483025,0.0,0.363,7.309388138947368,7.3093881,0.19105267052631536,0.0,0.363,0.0,-0.0,0.0,1
2012-07-23 07:30:00+00:00,0.0505407,0.34490605197675006,0.052550956342499996,0.013,0.742,6.9257039284210515,6.9257039,0.38368423894736736,0.0,0.729,0.0,-0.0,0.0,1
2012-07-23 08:00:00+00:00,0.06026385,0.356026929097125,0.06266084463374999,0.025,0.731,6.55412498105263,6.554125,0.37157892842105156,0.0,0.706,0.0,-0.0,0.0,1
2012-07-23 08:30:00+00:00,0.05822205,0.35369161524262505,0.060537832038749996,0.063,0.727,6.204651296842104,6.2046513,0.34947368105263,0.0,0.664,0.0,1.1102230246251565e-16,-3.3605247495155364e-18,1
2012-07-23 09:00:00+00:00,0.05273625,0.34741721777812506,0.05483383434374999,0.094,0.683,5.894651296842104,5.8946513,0.30999999684210433,0.0,0.589,1.1102230246251565e-16,0.0,1.9285529716424336e-17,1
2012-07-23 09:30:00+00:00,0.0538371,0.34867631771775004,0.055978470652499994,0.106,0.671,5.597282875789473,5.5972829,0.2973683968421046,0.0,0.565,1.1102230246251565e-16,0.0,1.9355423803588125e-17,1
2012-07-23 10:00:00+00:00,0.04546695,0.33910293772987504,0.04727539793624999,0.188,0.387,5.49254603368421,5.492546,0.10473687578947288,0.0,0.199,0.0,-0.0,0.0,1
2012-07-23 10:30:00+00:00,0.04547925,0.33911700588562504,0.047288187168749996,0.131,0.222,5.444651296842105,5.4446513,0.04789473368420971,0.0,0.091,0.0,-0.0,0.0,1
2012-07-23 11:00:00+00:00,0.0443661,0.15744383779025,0.046130761627499996,0.1,0.2,5.392019717894737,5.3920197,0.05263159684210539,0.0,0.1,0.0,-0.0,0.0,1
2012-07-23 11:30:00+00:00,0.04340055,0.156339487563875,0.04512680687625,0.356,0.174,5.478469717894737,5.4784697,0.08644998210526289,0.182,0.0,0.0,-0.0,0.0,1
2012-07-23 12:00:00+00:00,0.0401349,0.15260439221225,0.0417312656475,0.225,0.218,5.481794717894737,5.4817947,0.003324982105262997,0.007,0.0,0.0,-0.0,0.0,1
2012-07-23 12:30:00+00:00,0.03950145,0.151879882191125,0.04107262017375,0.275,0.205,5.515044717894737,5.5150447,0.03324998210526253,0.07,0.0,0.0,-0.0,0.0,1
2012-07-23 13:00:00+00:00,0.0377979,0.14993144261975,0.0393013114725,0.288,0.201,5.556369717894737,5.5563697,0.04132498210526325,0.087,0.0,5.551115123125783e-17,0.0,4.161433492792799e-18,1
2012-07-23 13:30:00+00:00,0.03760725,0.149713386205625,0.039103078368749995,0.225,0.218,5.559694717894737,5.5596947,0.003324982105262997,0.007,0.0,0.0,-0.0,0.0,1
2012-07-23 14:00:00+00:00,0.03856665,0.150810702354125,0.040100638503749994,0.319,0.173,5.629044717894737,5.6290447,0.06934998210526278,0.146,0.0,0.0,5.551115123125783e-17,-1.1130163042258333e-18,1
2012-07-23 14:30:00+00:00,0.03702915,0.149052182885375,0.03850198444125,0.269,0.203,5.660394717894737,5.6603947,0.03134998210526341,0.066,0.0,0.0,-0.0,0.0,1
2012-07-23 15:00:00+00:00,0.0354486,0.1472444248715,0.03685856806499999,0.081,0.232,5.58092103368421,5.580921,0.07947371789473667,0.0,0.151,2.7755575615628914e-17,0.0,2.0434268842503544e-18,1
2012-07-23 15:30:00+00:00,0.0343416,0.14597829085400002,0.035707537139999995,0.094,0.194,5.528289454736842,5.5282895,0.052631533684210474,0.0,0.1,0.0,-0.0,0.0,1
2012-07-23 16:00:00+00:00,0.0371337,0.14917176220925002,0.038610692917499995,0.044,0.211,5.440394717894737,5.4403947,0.08789475473684227,0.0,0.167,0.0,2.7755575615628914e-17,-5.358310034217494e-19,1
2012-07-23 16:30:00+00:00,0.04073145,0.15328669776612502,0.04235154342375,0.013,0.194,5.3451315600000004,5.3451316,0.09526311789473674,0.0,0.181,0.0,-0.0,0.0,1
2012-07-23 17:00:00+00:00,0.05256405,0.166820263597625,0.05465478508875,0.0,0.242,5.217763138947369,5.2177631,0.12736846000000046,0.0,0.242,0.0,-0.0,0.0,1
2012-07-23 17:30:00+00:00,0.0541938,0.16868429423450002,0.05634935839499999,0.0,0.19,5.117763138947369,5.1177631,0.10000003894736853,0.0,0.19,0.0,-0.0,0.0,1
2012-07-23 18:00:00+00:00,0.15277215,0.281433528492875,0.15884866226624997,0.0,0.219,4.328289454736843,4.3282895,0.7894736389473689,0.0,1.5,0.0,1.281,-0.1017425681815331,1
2012-07-23 18:30:00+00:00,0.1793709,0.31185591530225004,0.1865053775475,0.0,0.207,3.538815770526316,3.5388158,0.7894736547368426,0.0,1.5,0.0,1.293,-0.12057572658445874,1
2012-07-23 19:00:00+00:00,0.16905735,0.30005976670587503,0.17578160609625,0.0,0.197,2.7493420863157896,2.7493421,0.7894736705263163,0.0,1.5,0.0,1.303,-0.11452171637170686,1
2012-07-23 19:30:00+00:00,0.1021884,0.22357823797100002,0.10625294361,0.0,0.263,2.610921033684211,2.610921,0.13842108631578975,0.0,0.263,0.0,-0.0,0.0,1
2012-07-23 20:00:00+00:00,0.0748947,0.19236100036175,0.07787363669249998,0.0,0.191,2.5103947178947372,2.5103947,0.10052633368421082,0.0,0.191,0.0,-0.0,0.0,1
2012-07-23 20:30:00+00:00,0.06224415,0.17789190217287498,0.06471991106625,0.0,0.221,2.394078928421053,2.3940789,0.11631581789473744,0.0,0.221,0.0,-0.0,0.0,1
2012-07-23 21:00:00+00:00,0.0587448,0.173889511862,0.061081374419999994,0.0,0.221,2.2777631389473685,2.2777631,0.11631582842105281,0.0,0.221,0.0,-0.0,0.0,1
2012-07-23 21:30:00+00:00,0.04490115,0.158055802565375,0.04668709324125,0.0,0.208,2.168289454736842,2.1682895,0.10947363894736828,0.0,0.208,0.0,-0.0,0.0,1
2012-07-23 22:00:00+00:00,0.038499,0.1507333274975,0.040030297725,0.0,0.243,2.040394717894737,2.0403947,0.1278947547368423,0.0,0.243,0.0,-0.0,0.0,1
2012-07-23 22:30:00+00:00,0.05167845,0.16580735638362498,0.05373396034874999,0.0,0.206,1.931973665263158,1.9319737,0.10842101789473713,0.0,0.206,0.0,-0.0,0.0,1
2012-07-23 23:00:00+00:00,0.04092825,0.153511788258125,0.042556171143749995,0.0,0.208,1.8224999810526317,1.8225,0.10947366526315805,0.0,0.208,0.0,-0.0,0.0,1
2012-07-23 23:30:00+00:00,0.04037475,0.152878721249375,0.04198065568125,0.0,0.209,1.7124999810526316,1.7125,0.10999998105263176,0.0,0.209,0.0,-0.0,0.0,1
2012-07-24 00:00:00+00:00,0.03860355,0.10135290682137499,0.040139006201249994,0.0,0.211,2.1001499795526315,2.10015,0.3350184189473684,0.81610526,0.0,1.0271052600000001,0.0,0.052050051856262075,1
2012-07-24 00:30:00+00:00,0.03898485,0.10178901964962503,0.04053547240875,0.0,0.221,2.1001499795526315,2.10015,2.0447368687115386e-08,0.0,0.0,0.221,0.0,0.011247686671283565,1
2012-07-24 01:00:00+00:00,0.0371091,0.09964362589775001,0.03858511445249999,0.0,0.186,2.8126499795526314,2.81265,0.7125000204473686,1.5,0.0,1.686,0.0,0.08399957663180325,1
2012-07-24 01:30:00+00:00,0.0377241,0.10034703368525001,0.039224576077500004,0.0,0.215,2.8126499795526314,2.81265,2.0447368687115386e-08,0.0,0.0,0.215,0.0,0.010787306121164375,1
2012-07-24 02:00:00+00:00,0.0342801,0.09640795007524999,0.03564359097749999,0.0,0.198,3.5251499795526313,3.52515,0.7125000204473686,1.5,0.0,1.698,0.0,0.08185034961388724,1
2012-07-24 02:30:00+00:00,0.0343908,0.09653456347700001,0.03575869406999999,0.0,0.197,4.237649979552631,4.23765,0.712500020447369,1.5,0.0,1.697,0.0,0.08190957711023451,1
2012-07-24 03:00:00+00:00,0.03384345,0.09590853054612498,0.03518957322374999,0.0,0.246,4.950149979552631,4.95015,0.7125000204473686,1.5,0.0,1.746,0.0,0.08372814716676712,1
2012-07-24 03:30:00+00:00,0.0326196,0.094508749049,0.033917044589999994,0.0,0.178,5.662649979552631,5.66265,0.7125000204473695,1.5,0.0,1.678,0.0,0.079292840452111,1
2012-07-24 04:00:00+00:00,0.0322014,0.09403043175350001,0.033482210685,0.0,0.21,6.375149979552631,6.37515,0.7125000204473686,1.5,0.0,1.71,0.0,0.0803960191492425,1
2012-07-24 04:30:00+00:00,0.0339234,0.09599997355850001,0.035272703235,0.0,0.206,7.087649979552632,7.08765,0.7125000204473686,1.5,0.0,1.706,0.0,0.08188797744540051,1
2012-07-24 05:00:00+00:00,0.0343416,0.326378290854,0.035707537139999995,0.0,0.191,6.987123663763158,6.9871237,0.10052627955263205,0.0,0.191,0.0,-0.0,0.0,1
2012-07-24 05:30:00+00:00,0.03567,0.32789765167500007,0.03708877425,0.0,0.27,6.845018400605263,6.8450184,0.1421052637631579,0.0,0.27,0.0,-0.0,0.0,1
2012-07-24 06:00:00+00:00,0.03683235,0.32922709239337505,0.038297356721249995,0.0,0.191,6.744492084815789,6.7444921,0.1005263006052628,0.0,0.191,0.0,-0.0,0.0,1
2012-07-24 06:30:00+00:00,0.0418938,0.33501613848450007,0.043560125895,0.0,0.205,6.636597347973684,6.6365973,0.10789478481578918,0.0,0.205,0.0,-0.0,0.0,1
2012-07-24 07:00:00+00:00,0.0567399,0.35199640247475006,0.0589967295225,0.0,0.37,6.44186050586842,6.4418605,0.19473684797368396,0.0,0.37,0.0,-0.0,0.0,1
2012-07-24 07:30:00+00:00,0.04920615,0.34337965707787504,0.05116332461624999,0.0,0.74,6.052386821657894,6.0523868,0.38947370586842034,0.0,0.74,0.0,-0.0,0.0,1
2012-07-24 08:00:00+00:00,0.06111255,0.35699763184387506,0.06354330167625,0.006,0.738,5.6671236637631575,5.6671237,0.38526312165789367,0.0,0.732,0.0,-0.0,0.0,1
2012-07-24 08:30:00+00:00,0.0608973,0.35675143911825,0.0633194901075,0.006,0.727,5.287649979552631,5.28765,0.3794736637631573,0.0,0.721,0.0,-0.0,0.0,1
2012-07-24 09:00:00+00:00,0.0558297,0.35095535894925006,0.0580503263175,0.05,0.751,4.918702611131579,4.9187026,0.36894737955263146,0.0,0.701,0.0,-0.0,0.0,1
2012-07-24 09:30:00+00:00,0.05989485,0.35560488442462507,0.06227716765874999,0.063,0.708,4.579228926921052,4.5792289,0.3394737111315784,0.0,0.645,0.0,-0.0,0.0,1
2012-07-24 10:00:00+00:00,0.04843125,0.3424933632656251,0.05035760296875,0.056,0.528,4.330807874289474,4.3308079,0.2484210269210525,0.0,0.472,5.551115123125783e-17,0.0,9.506100441970119e-18,1
2012-07-24 10:30:00+00:00,0.04841895,0.342479295109875,0.05034481373625,0.119,0.225,4.275018400605263,4.2750184,0.05578947428947334,0.0,0.106,1.3877787807814457e-17,0.0,2.3764274930523564e-18,1
2012-07-24 11:00:00+00:00,0.0448458,0.1579924958645,0.046629541695,0.088,0.234,4.198176295342105,4.1981763,0.07684210060526286,0.0,0.146,2.7755575615628914e-17,0.0,2.1925863328345342e-18,1
2012-07-24 11:30:00+00:00,0.04341285,0.156353555719625,0.04513959610875,0.075,0.191,4.137123663763157,4.1371237,0.06105259534210461,0.0,0.116,0.0,-0.0,0.0,1
2012-07-24 12:00:00+00:00,0.0467769,0.16020119631725,0.048637451197499994,0.219,0.224,4.134492084815789,4.1344921,0.0026315637631570965,0.0,0.005,4.336808689942018e-18,0.0,3.473809701638785e-19,1
2012-07-24 12:30:00+00:00,0.04420005,0.157253917687625,0.04595810698875,0.206,0.18,4.1468420848157885,4.1468421,0.01235001518421086,0.026,0.0,0.0,-0.0,0.0,1
2012-07-24 13:00:00+00:00,0.0420537,0.15479902450925,0.0437263859175,0.144,0.212,4.111052611131578,4.1110526,0.0357894848157887,0.0,0.068,0.0,-0.0,0.0,1
2012-07-24 13:30:00+00:00,0.03975975,0.15217531346187502,0.04134119405625,0.175,0.243,4.075263137447368,4.0752631,0.035789511131578244,0.0,0.068,0.0,-0.0,0.0,1
2012-07-24 14:00:00+00:00,0.0399504,0.152393369876,0.041539427159999996,0.025,0.207,3.9794736637631574,3.9794737,0.09578943744736801,0.0,0.182,0.0,-0.0,0.0,1
2012-07-24 14:30:00+00:00,0.03963675,0.152034631904375,0.04121330173125,0.025,0.211,3.881578926921052,3.8815789,0.09789476376315731,0.0,0.186,0.0,-0.0,0.0,1
2012-07-24 15:00:00+00:00,0.03921855,0.15155631460887498,0.04077846782624999,0.038,0.194,3.799473663763157,3.7994737,0.08210522692105204,0.0,0.156,0.0,-0.0,0.0,1
2012-07-24 15:30:00+00:00,0.03832065,0.15052933923912498,0.039844853853749994,0.006,0.218,3.687894716394736,3.6878947,0.11157896376315701,0.0,0.212,0.0,-0.0,0.0,1
2012-07-24 16:00:00+00:00,0.04282245,0.155678284243625,0.04452571294874999,0.006,0.222,3.5742105058684204,3.5742105,0.11368421639473603,0.0,0.216,0.0,-0.0,0.0,1
2012-07-24 16:30:00+00:00,0.04619265,0.159532958919125,0.04802996265375,0.0,0.209,3.4642105058684205,3.4642105,0.11000000586842029,0.0,0.209,0.0,-0.0,0.0,1
2012-07-24 17:00:00+00:00,0.05923065,0.17444520401412503,0.06158654910375,0.0,0.214,3.351578926921052,3.3515789,0.11263160586842069,0.0,0.214,0.0,-0.0,0.0,1
2012-07-24 17:30:00+00:00,0.06388005,0.179762966887625,0.06642087898874999,0.0,0.188,3.252631558499999,3.2526316,0.0989473269210519,0.0,0.188,0.0,-0.0,0.0,1
2012-07-24 18:00:00+00:00,0.14461725,0.272106341230625,0.15036940111875,0.0,0.249,2.4631578742894726,2.4631579,0.7894736584999991,0.0,1.5,0.0,1.251,-0.09405606039977811,1
2012-07-24 18:30:00+00:00,0.08916885,0.208687095109625,0.09271554100875,0.0,0.205,2.355263137447367,2.3552631,0.10789477428947247,0.0,0.205,0.0,-0.0,0.0,1
2012-07-24 19:00:00+00:00,0.08916885,0.208687095109625,0.09271554100875,0.0,0.214,2.2426315584999985,2.2426316,0.11263153744736698,0.0,0.214,0.0,-0.0,0.0,1
2012-07-24 19:30:00+00:00,0.0704667,0.18729646429175,0.0732695129925,0.0,0.239,2.116842084815788,2.1168421,0.12578945849999856,0.0,0.239,0.0,-0.0,0.0,1
2012-07-24 20:00:00+00:00,0.0515862,0.1657018452155,0.05363804110499999,0.0,0.189,2.0173684006052617,2.0173684,0.09947368481578778,0.0,0.189,0.0,-0.0,0.0,1
2012-07-24 20:30:00+00:00,0.05164155,0.165765151916375,0.05369559265124999,0.0,0.262,1.8794736637631564,1.8794737,0.13789470060526177,0.0,0.262,0.0,-0.0,0.0,1
2012-07-24 21:00:00+00:00,0.0505653,0.16453418828825,0.0525765348075,0.0,0.215,1.7663157690263143,1.7663158,0.11315786376315629,0.0,0.215,0.0,-0.0,0.0,1
2012-07-24 21:30:00+00:00,0.04417545,0.157225781376125,0.045932528523749995,0.0,0.208,1.6568420848157879,1.6568421,0.10947366902631428,0.0,0.208,0.0,-0.0,0.0,1
2012-07-24 22:00:00+00:00,0.03567615,0.14750468575287498,0.03709516886624999,0.0,0.211,1.5457894532368406,1.5457895,0.11105258481578795,0.0,0.211,0.0,-0.0,0.0,1
2012-07-24 22:30:00+00:00,0.04900935,0.162754566585875,0.050958696896249996,0.0,0.333,1.3705262953421038,1.3705263,0.1752631532368405,0.0,0.333,0.0,-0.0,0.0,1
2012-07-24 23:00:00+00:00,0.04035015,0.152850584937875,0.04195507721625,0.0,0.395,1.1626315584999984,1.1626316,0.2078946953421037,0.0,0.395,0.0,-0.0,0.0,1
2012-07-24 23:30:00+00:00,0.03929235,0.151640723543375,0.04085520322124999,0.0,0.309,1.0000000006052616,1.0,0.16263157849999843,0.0,0.30899996,3.9999999978945766e-08,0.0,3.0328144692711603e-09,1
2012-07-25 00:00:00+00:00,0.03525795,0.09752636845737502,0.03666033496125,0.0,0.247,1.7125000006052615,1.7125,0.7124999993947383,1.5,0.0,1.7469999999999999,0.0,0.08518928284751708,1
2012-07-25 00:30:00+00:00,0.0334929,0.09550758810725002,0.034825080097499996,0.0,0.247,2.4250000006052614,2.425,0.7124999993947383,1.5,0.0,1.7469999999999999,0.0,0.08342587821168289,1
2012-07-25 01:00:00+00:00,0.0365187,0.09896835442175002,0.0379712312925,0.0,0.213,2.8760421073552616,2.8760421,0.4510420993947384,0.94956233,0.0,1.16256233,0.0,0.05752844035640776,1
2012-07-25 01:30:00+00:00,0.0371091,0.09964362589775001,0.03858511445249999,0.0,0.266,2.8760421073552616,2.8760421,7.3552617330108205e-09,0.0,0.0,0.266,0.0,0.013252602244400752,1
2012-07-25 02:00:00+00:00,0.03381885,0.09588039423462501,0.03516399475874999,0.0,0.247,3.5885421073552615,3.5885421,0.7124999926447386,1.5,0.0,1.7469999999999999,0.0,0.08375152436394494,1
2012-07-25 02:30:00+00:00,0.0325581,0.09443840827025,0.03385309842749999,0.0,0.232,4.301042107355261,4.3010421,0.7124999926447386,1.5,0.0,1.732,0.0,0.08178366156203651,1
2012-07-25 03:00:00+00:00,0.0321522,0.09397415913049999,0.033431053754999995,0.0,0.258,5.013542107355262,5.0135421,0.7124999926447382,1.5,0.0,1.758,0.0,0.08260328587570949,1
2012-07-25 03:30:00+00:00,0.03226905,0.094107806610125,0.03355255146375,0.0,0.185,5.726042107355262,5.7260421,0.7124999926447382,1.5,0.0,1.685,0.0,0.07928582706903031,1
2012-07-25 04:00:00+00:00,0.03228135,0.094121874765875,0.033565340696249994,0.0,0.193,6.4385421073552624,6.4385421,0.7124999926447382,1.5,0.0,1.693,0.0,0.07967416698931319,1
2012-07-25 04:30:00+00:00,0.032349,0.09419924962250001,0.033635681475000005,0.0,0.221,7.151042107355263,7.1510421,0.7124999926447373,1.5,0.0,1.721,0.0,0.08105845430016126,1
2012-07-25 05:00:00+00:00,0.0324105,0.32416959040125004,0.0336996276375,0.0,0.186,7.053147370513157,7.0531474,0.09789470735526251,0.0,0.186,0.0,-0.0,0.0,1
2012-07-25 05:30:00+00:00,0.03349905,0.325414622185125,0.03483147471375,0.0,0.191,6.952621054723683,6.9526211,0.1005262705131571,0.0,0.191,0.0,-0.0,0.0,1
2012-07-25 06:00:00+00:00,0.03595905,0.328228253335125,0.03738932121374999,0.006,0.191,6.855252633671052,6.8552526,0.09736845472368305,0.0,0.185,0.0,-0.0,0.0,1
2012-07-25 06:30:00+00:00,0.0416601,0.33474884352525,0.04331713047749999,0.0,0.216,6.741568423144736,6.7415684,0.11368423367105152,0.0,0.216,0.0,-0.0,0.0,1
2012-07-25 07:00:00+00:00,0.0406515,0.33359525475375,0.0422684134125,0.0,0.397,6.532621054723683,6.5326211,0.20894732314473607,0.0,0.397,0.0,-0.0,0.0,1
2012-07-25 07:30:00+00:00,0.04009185,0.332955153667125,0.04168650333374999,0.0,0.871,6.0742000020921045,6.0742,0.4584210547236829,0.0,0.871,0.0,-0.0,0.0,1
2012-07-25 08:00:00+00:00,0.0489663,0.34310532804075,0.050913934582499994,0.006,0.803,5.654726317881578,5.6547263,0.41947370209210444,0.0,0.797,0.0,-0.0,0.0,1
2012-07-25 08:30:00+00:00,0.04742265,0.341339774494125,0.049308885903749995,0.031,0.779,5.261042107355262,5.2610421,0.39368421788157804,0.0,0.748,0.0,-0.0,0.0,1
2012-07-25 09:00:00+00:00,0.04392945,0.337344418261125,0.045676743873749995,0.05,0.806,4.863147370513157,4.8631474,0.39789470735526233,0.0,0.756,0.0,-0.0,0.0,1
2012-07-25 09:30:00+00:00,0.0431976,0.336507362994,0.044915784539999996,0.088,0.844,4.465252633671051,4.4652526,0.39789477051315636,0.0,0.756,0.0,-0.0,0.0,1
2012-07-25 10:00:00+00:00,0.0397044,0.332512006761,0.041283642509999996,0.113,0.513,4.254726317881578,4.2547263,0.21052633367105145,0.0,0.4,0.0,-0.0,0.0,1
2012-07-25 10:30:00+00:00,0.0396183,0.33241352967075005,0.0411941178825,0.338,0.31,4.268026317881578,4.2680263,0.013299982118422093,0.028,0.0,0.0,-0.0,0.0,1
2012-07-25 11:00:00+00:00,0.03929235,0.151640723543375,0.04085520322124999,0.444,0.257,4.356851317881578,4.3568513,0.08882498211842194,0.187,0.0,0.0,-0.0,0.0,1
2012-07-25 11:30:00+00:00,0.0385851,0.15083180458774997,0.040119822352499994,0.431,0.334,4.402926317881578,4.4029263,0.04607498211842209,0.097,0.0,5.551115123125783e-17,0.0,4.1864235574770585e-18,1
2012-07-25 12:00:00+00:00,0.0350919,0.14683644835475002,0.0364876803225,0.419,0.269,4.474176317881578,4.4741763,0.07124998211842204,0.15,0.0,5.551115123125783e-17,0.0,4.075530145440654e-18,1
2012-07-25 12:30:00+00:00,0.0346122,0.14628779028049999,0.035988900255,0.406,0.247,4.549701317881578,4.5497013,0.07552498211842185,0.159,0.0,0.0,-0.0,0.0,1
2012-07-25 13:00:00+00:00,0.03444,0.14609083609999998,0.035809851,0.381,0.376,4.5520763178815775,4.5520763,0.002374982118422686,0.005,0.0,0.0,-0.0,0.0,1
2012-07-25 13:30:00+00:00,0.0343416,0.14597829085400002,0.035707537139999995,0.356,0.324,4.567276317881578,4.5672763,0.015199982118422106,0.032,0.0,0.0,-0.0,0.0,1
2012-07-25 14:00:00+00:00,0.03383115,0.145394462390375,0.035176783991249995,0.306,0.236,4.600526317881577,4.6005263,0.03324998211842267,0.07,0.0,0.0,-0.0,0.0,1
2012-07-25 14:30:00+00:00,0.03383115,0.145394462390375,0.035176783991249995,0.244,0.25,4.597368423144736,4.5973684,0.00315791788157771,0.0,0.006,5.204170427930421e-18,0.0,3.7832878077841574e-19,1
2012-07-25 15:00:00+00:00,0.0343416,0.14597829085400002,0.035707537139999995,0.175,0.285,4.53947368630263,4.5394737,0.057894723144735316,0.0,0.11,0.0,1.3877787807814457e-17,-2.477708117842869e-19,1
2012-07-25 15:30:00+00:00,0.03444615,0.146097870177875,0.03581624561625,0.1,0.215,4.478947370513156,4.4789474,0.060526286302629906,0.0,0.115,0.0,1.3877787807814457e-17,-2.485251283674411e-19,1
2012-07-25 16:00:00+00:00,0.03469215,0.14637923329287497,0.03607203026624999,0.038,0.685,4.138421054723683,4.1384211,0.34052627051315554,0.0,0.647,0.0,-0.0,0.0,1
2012-07-25 16:30:00+00:00,0.03437235,0.146013461243375,0.03573951022125,0.006,0.361,3.951578949460525,3.9515789,0.1868421547236827,0.0,0.355,0.0,-0.0,0.0,1
2012-07-25 17:00:00+00:00,0.03736125,0.149432023090625,0.038847293718749995,0.0,0.431,3.724736844197367,3.7247368,0.22684214946052483,0.0,0.431,0.0,-0.0,0.0,1
2012-07-25 17:30:00+00:00,0.03736125,0.149432023090625,0.038847293718749995,0.0,0.435,3.4957894757763146,3.4957895,0.2289473441973673,0.0,0.435,0.0,-0.0,0.0,1
2012-07-25 18:00:00+00:00,0.0452886,0.1584989494715,0.047089954064999995,0.0,0.307,3.3342105284078936,3.3342105,0.16157897577631442,0.0,0.307,0.0,-0.0,0.0,1
2012-07-25 18:30:00+00:00,0.0454977,0.15873810811925002,0.0473073710175,0.0,0.272,3.1910526336710516,3.1910526,0.14315792840789365,0.0,0.272,0.0,-0.0,0.0,1
2012-07-25 19:00:00+00:00,0.0441324,0.157176542831,0.04588776620999999,0.0,0.327,3.018947370513157,3.0189474,0.17210523367105157,0.0,0.327,0.0,-0.0,0.0,1
2012-07-25 19:30:00+00:00,0.03971055,0.152119040838875,0.04129003712625,0.0,0.463,2.775263159986841,2.7752632,0.24368417051315694,0.0,0.463,0.0,-0.0,0.0,1
2012-07-25 20:00:00+00:00,0.04014105,0.152611426290125,0.04173766026374999,0.0,0.892,2.3057894757763147,2.3057895,0.469473659986841,0.0,0.892,0.0,-0.0,0.0,1
2012-07-25 20:30:00+00:00,0.0413526,0.1539971396315,0.042997399665000005,0.0,0.596,1.9921052652499989,1.9921053,0.3136841757763147,0.0,0.596,0.0,-0.0,0.0,1
2012-07-25 21:00:00+00:00,0.0407499,0.15330779999975,0.04237072727249999,0.0,0.357,1.8042105284078935,1.8042105,0.18789476524999893,0.0,0.357,0.0,-0.0,0.0,1
2012-07-25 21:30:00+00:00,0.0360267,0.14790562819175002,0.037459661992500004,0.0,0.322,1.6347368441973673,1.6347368,0.16947372840789354,0.0,0.322,0.0,-0.0,0.0,1
2012-07-25 22:00:00+00:00,0.03423705,0.145858711530125,0.03559882866375,0.0,0.337,1.4573684231447357,1.4573684,0.1773684441973673,0.0,0.337,0.0,-0.0,0.0,1
2012-07-25 22:30:00+00:00,0.03801315,0.150177635345375,0.03952512304125,0.0,0.288,1.3057894757763147,1.3057895,0.15157892314473576,0.0,0.288,0.0,-0.0,0.0,1
2012-07-25 23:00:00+00:00,0.0337512,0.14530301937800003,0.03509365398,0.0,0.271,1.1631578968289462,1.1631579,0.14263157577631458,0.0,0.271,0.0,-0.0,0.0,1
2012-07-25 23:30:00+00:00,0.0345384,0.146203381346,0.03591216485999999,0.0,0.31,1.000000002092104,1.0,0.16315789682894621,0.0,0.31,0.0,-0.0,0.0,1
2012-07-26 00:00:00+00:00,0.0336774,0.0957186104435,0.035016918585,0.0,0.313,1.712500002092104,1.7125,0.7124999979078959,1.5,0.0,1.813,0.0,0.08676892036703275,1
2012-07-26 00:30:00+00:00,0.0339603,0.09604217802575002,0.0353110709325,0.0,0.266,2.425000002092104,2.425,0.7124999979078959,1.5,0.0,1.766,0.0,0.08480524319673727,1
2012-07-26 01:00:00+00:00,0.03451995,0.09668227911237502,0.03589298101125,0.0,0.306,3.0124999995921042,3.0125,0.5874999979078961,1.2368421,0.0,1.5428421,0.0,0.07458274526926141,1
2012-07-26 01:30:00+00:00,0.03390495,0.09597887132487501,0.03525351938625,0.0,0.276,3.724999999592104,3.725,0.7125000004078959,1.5,0.0,1.776,0.0,0.08522923773648901,1
2012-07-26 02:00:00+00:00,0.03255195,0.09443137419237502,0.033846703811250003,0.0,0.288,4.437499999592104,4.4375,0.7125000004078959,1.5,0.0,1.788,0.0,0.08442164852798327,1
2012-07-26 02:30:00+00:00,0.03132195,0.093024558617375,0.032567780561249995,0.0,0.336,5.149999999592104,5.15,0.7125000004078963,1.5,0.0,1.836,0.0,0.08539654481075026,1
2012-07-26 03:00:00+00:00,0.030504,0.09208902626,0.0317172966,0.0,0.268,5.862499999592105,5.8625,0.7125000004078954,1.5,0.0,1.768,0.0,0.08140669921384,1
2012-07-26 03:30:00+00:00,0.0296061,0.09106205089025,0.030783682627499996,0.0,0.276,6.574999999592105,6.575,0.7125000004078954,1.5,0.0,1.776,0.0,0.080863101190542,1
2012-07-26 04:00:00+00:00,0.0262851,0.08726364883775001,0.027330589852499997,0.0,0.304,7.2874999995921055,7.2875,0.7125000004078945,1.5,0.0,1.804,0.0,0.07871181125165051,1
2012-07-26 04:30:00+00:00,0.02763195,0.08880411189237501,0.02873101081125,0.0,0.26,7.999999999592106,8.0,0.7125000004078945,1.5,0.0,1.76,0.0,0.07814761846529002,1
2012-07-26 05:00:00+00:00,0.03023955,0.321686560911375,0.03144232810124999,0.0,0.301,7.841578946960527,7.8415789,0.15842109959210582,0.0,0.301,0.0,-0.0,0.0,1
2012-07-26 05:30:00+00:00,0.0331854,0.3250558842135,0.034505349284999993,0.0,0.318,7.674210525907895,7.6742105,0.167368446960527,0.0,0.318,0.0,-0.0,0.0,1
2012-07-26 06:00:00+00:00,0.0336528,0.32559047413200004,0.03499134011999999,0.0,0.292,7.52052631538158,7.5205263,0.1536842259078952,0.0,0.292,0.0,-0.0,0.0,1
2012-07-26 06:30:00+00:00,0.03750885,0.33000084095962506,0.03900076450875,0.0,0.289,7.368421052223685,7.3684211,0.15210521538157984,0.0,0.289,0.0,-0.0,0.0,1
2012-07-26 07:00:00+00:00,0.04011645,0.332983289978625,0.041712081798749995,0.0,0.664,7.018947368013158,7.0189474,0.34947365222368454,0.0,0.664,0.0,-0.0,0.0,1
2012-07-26 07:30:00+00:00,0.0389295,0.33162571294875004,0.040477920862499996,0.006,0.541,6.737368420644738,6.7373684,0.2815789680131582,0.0,0.535,0.0,-0.0,0.0,1
2012-07-26 08:00:00+00:00,0.04278555,0.336036079776375,0.04448734525124999,0.019,0.567,6.448947368013159,6.4489474,0.28842102064473796,0.0,0.548,0.0,1.1102230246251565e-16,-2.469543750119318e-18,1
2012-07-26 08:30:00+00:00,0.04170315,0.33479808207037504,0.04336189279125,0.081,0.425,6.2678947364342115,6.2678947,0.18105266801315878,0.0,0.344,0.0,-0.0,0.0,1
2012-07-26 09:00:00+00:00,0.03966135,0.332462768215875,0.041238880196249994,0.081,0.345,6.128947368013159,6.1289474,0.1389473364342111,0.0,0.264,0.0,5.551115123125783e-17,-1.1446088575908784e-18,1
2012-07-26 09:30:00+00:00,0.0396183,0.33241352967075005,0.0411941178825,0.144,0.31,6.041578946960527,6.0415789,0.08736846801315856,0.0,0.166,0.0,-0.0,0.0,1
2012-07-26 10:00:00+00:00,0.03958755,0.33237835928137505,0.041162144801249995,0.069,0.38,5.877894736434212,5.8778947,0.16368424696052752,0.0,0.311,0.0,-0.0,0.0,1
2012-07-26 10:30:00+00:00,0.03956295,0.33235022296987504,0.04113656633625,0.1,1.911,5.088421052223685,5.0884211,0.7894736364342121,0.0,1.5,0.31099999999999994,0.0,0.05168045967181556,1
2012-07-26 11:00:00+00:00,0.03674625,0.14872861530312498,0.03820783209375,0.119,1.858,4.298947368013159,4.2989474,0.7894736522236849,0.0,1.5,0.2390000000000001,0.0,0.017773069528723442,1
2012-07-26 11:30:00+00:00,0.03440925,0.146055665710625,0.03577787791875,0.138,1.411,3.6589473680131586,3.6589474,0.6399999680131585,0.0,1.216,0.05700000000000016,0.0,0.004162586472752824,1
2012-07-26 12:00:00+00:00,0.03442155,0.146069733866375,0.035790667151250004,0.119,0.332,3.546842104855264,3.5468421,0.11210526801315845,0.0,0.213,2.7755575615628914e-17,0.0,2.0271247717414815e-18,1
2012-07-26 12:30:00+00:00,0.0344646,0.1461189724115,0.03583542946499999,0.231,0.297,3.512105262750001,3.5121053,0.03473680485526387,0.0,0.066,0.0,2.7755575615628914e-17,-4.973164861171718e-19,1
2012-07-26 13:00:00+00:00,0.0343416,0.14597829085400002,0.035707537139999995,0.125,0.442,3.512105262750001,3.5121053,3.724999908527593e-08,0.0,0.0,0.317,0.0,0.023137559100359004,1
2012-07-26 13:30:00+00:00,0.03412635,0.145732098128375,0.03548372557125,0.056,0.333,3.512105262750001,3.5121053,3.724999908527593e-08,0.0,0.0,0.277,0.0,0.02018389559077994,1
2012-07-26 14:00:00+00:00,0.0338988,0.14547183724700002,0.03524712477,0.038,0.279,3.512105262750001,3.5121053,3.724999908527593e-08,0.0,0.0,0.24100000000000002,0.0,0.017529356388263504,1
2012-07-26 14:30:00+00:00,0.0337389,0.14528895122225002,0.0350808647475,0.075,0.287,3.512105262750001,3.5121053,3.724999908527593e-08,0.0,0.0,0.21199999999999997,0.0,0.0154006288295585,1
2012-07-26 15:00:00+00:00,0.033825,0.1453874283125,0.035170389375,0.113,0.29,3.512105262750001,3.5121053,3.724999908527593e-08,0.0,0.0,0.177,0.0,0.012866787405656251,1
2012-07-26 15:30:00+00:00,0.0339849,0.14557031433724998,0.035336649397499996,0.119,0.263,3.512105262750001,3.5121053,3.724999908527593e-08,0.0,0.0,0.14400000000000002,0.0,0.010481062632282,1
2012-07-26 16:00:00+00:00,0.03418785,0.145802438907125,0.035547671733749994,0.038,0.297,3.512105262750001,3.5121053,3.724999908527593e-08,0.0,0.0,0.259,0.0,0.018881415838472686,1
2012-07-26 16:30:00+00:00,0.0365187,0.14846835442175,0.0379712312925,0.0,0.266,3.3721052627500008,3.3721053,0.13999996275000104,0.0,0.266,0.0,-0.0,0.0,1
2012-07-26 17:00:00+00:00,0.0378225,0.14995957893125,0.0393268899375,0.006,0.259,3.2389473680131586,3.2389474,0.13315786275000097,0.0,0.253,0.0,-0.0,0.0,1
2012-07-26 17:30:00+00:00,0.03880035,0.15107799731337498,0.04034363392125,0.0,0.33,3.065263157486843,3.0652632,0.17368416801315867,0.0,0.33,0.0,-0.0,0.0,1
2012-07-26 18:00:00+00:00,0.0475272,0.161059353818,0.04941759438,0.0,0.3,2.9073684206447377,2.9073684,0.15789475748684278,0.0,0.3,0.0,-0.0,0.0,1
2012-07-26 18:30:00+00:00,0.0481545,0.16177682976125002,0.0500698452375,0.0,0.31,2.7442105259078957,2.7442105,0.16315792064473778,0.0,0.31,0.0,-0.0,0.0,1
2012-07-26 19:00:00+00:00,0.0477978,0.16136885324449998,0.049698957494999994,0.0,0.34,2.565263157486843,2.5652632,0.17894732590789575,0.0,0.34,0.0,-0.0,0.0,1
2012-07-26 19:30:00+00:00,0.04213365,0.154890467521625,0.04380951592875,0.0,0.32,2.396842104855264,2.3968421,0.16842105748684277,0.0,0.32,0.0,-0.0,0.0,1
2012-07-26 20:00:00+00:00,0.0396675,0.15206980229375,0.041245274812499996,0.0,0.386,2.193684210118422,2.1936842,0.20315790485526408,0.0,0.386,0.0,-0.0,0.0,1
2012-07-26 20:30:00+00:00,0.04620495,0.159547027074875,0.04804275188625,0.0,0.313,2.0289473680131587,2.0289474,0.16473681011842212,0.0,0.313,0.0,-0.0,0.0,1
2012-07-26 21:00:00+00:00,0.04458135,0.157690030515875,0.04635457319624999,0.0,0.263,1.8905263153815797,1.8905263,0.13842106801315857,0.0,0.263,0.0,-0.0,0.0,1
2012-07-26 21:30:00+00:00,0.03966135,0.152062768215875,0.041238880196249994,0.0,0.292,1.7368421048552638,1.7368421,0.15368421538157961,0.0,0.292,0.0,-0.0,0.0,1
2012-07-26 22:00:00+00:00,0.03634035,0.14826436616337502,0.03778578742125,0.0,0.362,1.5463157890657901,1.5463158,0.1905263048552639,0.0,0.362,0.0,-0.0,0.0,1
2012-07-26 22:30:00+00:00,0.04311765,0.156015919981625,0.044832654528749995,0.0,0.326,1.374736841697369,1.3747368,0.17157898906579017,0.0,0.326,0.0,-0.0,0.0,1
2012-07-26 23:00:00+00:00,0.03659865,0.14855979743412498,0.03805436130375,0.0,0.356,1.1873684206447375,1.1873684,0.1873684416973691,0.0,0.356,0.0,-0.0,0.0,1
2012-07-26 23:30:00+00:00,0.0362973,0.14821512761825,0.03774102510749999,0.0,0.356,1.0,1.0,0.18736842064473747,0.0,0.356,0.0,-0.0,0.0,1
2012-07-27 00:00:00+00:00,0.0342555,0.09637981376375002,0.035618012512500005,0.0,0.352,1.7125,1.7125,0.7124999999999999,1.5,0.0,1.8519999999999999,0.0,0.08924770754523251,1
2012-07-27 00:30:00+00:00,0.0339234,0.09599997355850001,0.035272703235,0.0,0.354,2.425,2.425,0.7124999999999999,1.5,0.0,1.854,0.0,0.08899197548872952,1
2012-07-27 01:00:00+00:00,0.03822225,0.10091679399312502,0.03974253999375,0.0,0.32,2.67917105125,2.6791711,0.2541711000000002,0.53509695,0.0,0.8550969500000001,0.0,0.043146821373649766,1
2012-07-27 01:30:00+00:00,0.03846825,0.10119815710812499,0.03999832464375,0.0,0.335,2.67917105125,2.6791711,4.87500000367902e-08,0.0,0.0,0.335,0.0,0.016950691315610937,1
2012-07-27 02:00:00+00:00,0.03443385,0.09658380202212502,0.03580345638375,0.0,0.328,3.39167105125,3.3916711,0.71250004875,1.5,0.0,1.828,0.0,0.08827759504822227,1
2012-07-27 02:30:00+00:00,0.03321,0.09518402052500002,0.03453092775,0.0,0.328,4.10417105125,4.1041711,0.7125000487500004,1.5,0.0,1.828,0.0,0.08699819475985003,1
2012-07-27 03:00:00+00:00,0.032349,0.09419924962250001,0.033635681475000005,0.0,0.365,4.816671051249999,4.8166711,0.71250004875,1.5,0.0,1.865,0.0,0.08784080027298126,1
2012-07-27 03:30:00+00:00,0.03140805,0.09312303570762501,0.03265730518875,0.0,0.321,5.52917105125,5.5291711,0.7125000487500008,1.5,0.0,1.821,0.0,0.08478852401179257,1
2012-07-27 04:00:00+00:00,0.031734,0.09349584183500001,0.032996219849999994,0.0,0.333,6.24167105125,6.2416711,0.71250004875,1.5,0.0,1.833,0.0,0.0856889390417775,1
2012-07-27 04:30:00+00:00,0.0318324,0.09360838708100001,0.033098533709999996,0.0,0.333,6.95417105125,6.9541711,0.71250004875,1.5,0.0,1.833,0.0,0.08579208675973651,1
2012-07-27 05:00:00+00:00,0.03279795,0.324612737307375,0.03410248846125,0.0,0.309,6.791539472302632,6.7915395,0.1626315512500005,0.0,0.309,0.0,-0.0,0.0,1
2012-07-27 05:30:00+00:00,0.0343908,0.326434563477,0.03575869406999999,0.0,0.368,6.597855261776316,6.5978553,0.1936841723026319,0.0,0.368,0.0,-0.0,0.0,1
2012-07-27 06:00:00+00:00,0.03678315,0.32917081977037504,0.03824619979125,0.0,0.351,6.413118419671053,6.4131184,0.1847368617763161,0.0,0.351,0.0,-0.0,0.0,1
2012-07-27 06:30:00+00:00,0.03937845,0.33213920063362506,0.04094472784875,0.0,0.304,6.253118419671053,6.2531184,0.16000001967105337,0.0,0.304,0.0,-0.0,0.0,1
2012-07-27 07:00:00+00:00,0.04959975,0.343829838061875,0.05157258005625,0.0,0.326,6.081539472302632,6.0815395,0.17157891967105332,0.0,0.326,0.0,-0.0,0.0,1
2012-07-27 07:30:00+00:00,0.0414756,0.334537821189,0.043125291989999995,0.006,0.301,5.926276314407895,5.9262763,0.1552631723026323,0.0,0.295,0.0,-0.0,0.0,1
2012-07-27 08:00:00+00:00,0.0498765,0.34414637156625005,0.051860337787499995,0.013,0.332,5.75838157756579,5.7583816,0.16789471440789505,0.0,0.319,0.0,-0.0,0.0,1
2012-07-27 08:30:00+00:00,0.0499872,0.344272984968,0.05197544088,0.025,0.357,5.583644735460527,5.5836447,0.17473687756579004,0.0,0.332,0.0,5.551115123125783e-17,-1.4426082795004902e-18,1
2012-07-27 09:00:00+00:00,0.0388557,0.33154130401425,0.040401185467499996,0.031,0.387,5.396276314407896,5.3962763,0.1873684354605265,0.0,0.356,0.0,-0.0,0.0,1
2012-07-27 09:30:00+00:00,0.03950145,0.33227988219112503,0.04107262017375,0.188,0.398,5.285749998618422,5.28575,0.1105263144078954,0.0,0.21,2.7755575615628914e-17,0.0,4.611309697854019e-18,1
2012-07-27 10:00:00+00:00,0.0373797,0.32985312532425004,0.0388664775675,0.425,0.335,5.328499998618422,5.3285,0.04275000138157825,0.09,0.0,5.551115123125783e-17,0.0,9.155263361988742e-18,1
2012-07-27 10:30:00+00:00,0.0342924,0.32632201823100004,0.03565638021,0.444,0.294,5.399749998618422,5.39975,0.07125000138157844,0.15,0.0,0.0,5.551115123125783e-17,-9.896633570982693e-19,1
2012-07-27 11:00:00+00:00,0.03443385,0.146083802022125,0.03580345638375,0.456,0.324,5.462449998618422,5.46245,0.06270000138157794,0.132,0.0,0.0,-0.0,0.0,1
2012-07-27 11:30:00+00:00,0.03447075,0.14612600648937502,0.03584182408125,0.45,0.392,5.489999998618422,5.49,0.02755000138157815,0.058,0.0,0.0,-0.0,0.0,1
2012-07-27 12:00:00+00:00,0.0343662,0.1460064271655,0.035733115605,0.456,0.801,5.308421051250001,5.3084211,0.18157889861842147,0.0,0.345,5.551115123125783e-17,0.0,4.052492429559851e-18,1
2012-07-27 12:30:00+00:00,0.0344646,0.1461189724115,0.03583542946499999,0.431,0.807,5.110526314407895,5.1105263,0.19789475125000067,0.0,0.376,5.551115123125783e-17,0.0,4.055616187645383e-18,1
2012-07-27 13:00:00+00:00,0.0339603,0.14554217802575,0.0353110709325,0.381,0.842,4.867894735460527,4.8678947,0.2426316144078955,0.0,0.461,0.0,5.551115123125783e-17,-9.8007909933584e-19,1
2012-07-27 13:30:00+00:00,0.03378195,0.14533818976737498,0.03512562706124999,0.369,0.943,4.565789472302632,4.5657895,0.3021052354605267,0.0,0.574,0.0,-0.0,0.0,1
2012-07-27 14:00:00+00:00,0.0330009,0.14444486187724997,0.034313510797499995,0.169,0.842,4.211578945986843,4.2115789,0.3542105723026321,0.0,0.673,0.0,1.1102230246251565e-16,-1.9047824871554206e-18,1
2012-07-27 14:30:00+00:00,0.03276105,0.144170532840125,0.03406412076375,0.119,0.433,4.046315788092106,4.0463158,0.16526314598684255,0.0,0.314,0.0,-0.0,0.0,1
2012-07-27 15:00:00+00:00,0.0325335,0.14391027195875,0.0338275199625,0.181,0.322,3.9721052617763166,3.9721053,0.07421048809210617,0.0,0.141,2.7755575615628914e-17,0.0,1.9971562176084035e-18,1
2012-07-27 15:30:00+00:00,0.03390495,0.145478871324875,0.03525351938625,0.069,0.328,3.8357894723026322,3.8357895,0.13631576177631644,0.0,0.259,0.0,-0.0,0.0,1
2012-07-27 16:00:00+00:00,0.03396645,0.145549212103625,0.035317465548749996,0.006,0.357,3.651052630197369,3.6510526,0.18473687230263236,0.0,0.351,0.0,-0.0,0.0,1
2012-07-27 16:30:00+00:00,0.0350181,0.14675203942025,0.0364109449275,0.006,0.321,3.485263156513158,3.4852632,0.16578943019736903,0.0,0.315,0.0,-0.0,0.0,1
2012-07-27 17:00:00+00:00,0.0331977,0.14466995236925,0.0345181385175,0.0,0.322,3.3157894723026318,3.3157895,0.16947365651315804,0.0,0.322,0.0,-0.0,0.0,1
2012-07-27 17:30:00+00:00,0.03408945,0.145689893661125,0.03544535787375,0.0,0.449,3.0794736828289477,3.0794737,0.2363157723026319,0.0,0.449,0.0,-0.0,0.0,1
2012-07-27 18:00:00+00:00,0.03893565,0.15123274702662498,0.04048431547875,0.0,0.462,2.8363157880921057,2.8363158,0.2431578828289478,0.0,0.462,0.0,-0.0,0.0,1
2012-07-27 18:30:00+00:00,0.0387819,0.15105689507975,0.0403244500725,0.0,0.363,2.6452631565131584,2.6452632,0.19105258809210568,0.0,0.363,0.0,-0.0,0.0,1
2012-07-27 19:00:00+00:00,0.03929235,0.151640723543375,0.04085520322124999,0.0,0.313,2.480526314407895,2.4805263,0.16473685651315817,0.0,0.313,0.0,-0.0,0.0,1
2012-07-27 19:30:00+00:00,0.03571305,0.147546890220125,0.03713353656375,0.0,0.309,2.3178947354605266,2.3178947,0.16263161440789498,0.0,0.309,0.0,-0.0,0.0,1
2012-07-27 20:00:00+00:00,0.0341448,0.145753200362,0.035502909420000006,0.0,0.311,2.1542105249342107,2.1542105,0.16368423546052657,0.0,0.311,0.0,-0.0,0.0,1
2012-07-27 20:30:00+00:00,0.0420537,0.15479902450925,0.0437263859175,0.0,0.31,1.9910526301973686,1.9910526,0.16315792493421077,0.0,0.31,0.0,-0.0,0.0,1
2012-07-27 21:00:00+00:00,0.03867735,0.15093731575587502,0.04021574159624999,0.0,0.328,1.81842105125,1.8184211,0.17263153019736865,0.0,0.328,0.0,-0.0,0.0,1
2012-07-27 21:30:00+00:00,0.03670935,0.148686410835875,0.03816946439625,0.0,0.342,1.6384210512500001,1.6384211,0.17999995125000012,0.0,0.342,0.0,-0.0,0.0,1
2012-07-27 22:00:00+00:00,0.03388035,0.145450735013375,0.03522794092124999,0.0,0.295,1.4831578933552634,1.4831579,0.15526315125000023,0.0,0.295,0.0,-0.0,0.0,1
2012-07-27 22:30:00+00:00,0.04082985,0.153399243012125,0.04245385728375,0.0,0.305,1.3226315775657898,1.3226316,0.16052629335526336,0.0,0.305,0.0,-0.0,0.0,1
2012-07-27 23:00:00+00:00,0.03603285,0.14791266226962502,0.03746605660874999,0.0,0.305,1.1621052617763161,1.1621053,0.16052627756578985,0.0,0.305,0.0,-0.0,0.0,1
2012-07-27 23:30:00+00:00,0.0399504,0.152393369876,0.041539427159999996,0.0,0.308,1.0,1.0,0.16210526177631612,0.0,0.308,0.0,-0.0,0.0,1
2012-07-28 00:00:00+00:00,0.03801315,0.100677635345375,0.03952512304125,0.0,0.397,1.0,1.0,0.0,0.0,0.0,0.397,0.0,0.01998451061605694,1
2012-07-28 00:30:00+00:00,0.03745965,0.10004456833662499,0.03894960757874999,0.0,0.463,1.0,1.0,0.0,0.0,0.0,0.463,0.0,0.023160317569928687,1
2012-07-28 01:00:00+00:00,0.0363711,0.09879953655275002,0.0378177605025,0.0,0.436,1.6744855125,1.6744855,0.6744855000000001,1.4199695,0.0,1.8559695,0.0,0.0916844632280196,1
2012-07-28 01:30:00+00:00,0.0353379,0.09761781146975,0.036743464972499994,0.0,0.38,2.3869855125,2.3869855,0.7124999875000002,1.5,0.0,1.88,0.0,0.091760742781565,1
2012-07-28 02:00:00+00:00,0.03336375,0.09535987247187501,0.03469079315625,0.0,0.303,3.0994855125,3.0994855,0.7124999875000002,1.5,0.0,1.803,0.0,0.08596692503339531,1
2012-07-28 02:30:00+00:00,0.03380655,0.095866326078875,0.03515120552624999,0.0,0.274,3.8119855124999997,3.8119855,0.7124999875000002,1.5,0.0,1.774,0.0,0.08503343123196214,1
2012-07-28 03:00:00+00:00,0.0342186,0.09633760929650001,0.035579644815000006,0.006,0.344,4.5244855125,4.5244855,0.7124999875000002,1.5,0.0,1.8379999999999999,0.0,0.0885342629434835,1
2012-07-28 03:30:00+00:00,0.03411405,0.096218029972625,0.035470936338749995,0.0,0.299,5.2369855125,5.2369855,0.7124999875000002,1.5,0.0,1.799,0.0,0.08654811796037619,1
2012-07-28 04:00:00+00:00,0.0326934,0.0945931579835,0.03399377998499999,0.0,0.278,5.949485512500001,5.9494855,0.7124999874999993,1.5,0.0,1.778,0.0,0.0840933174473315,1
2012-07-28 04:30:00+00:00,0.03085455,0.092489968698875,0.03208178972625,0.0,0.307,6.661985512500001,6.6619855,0.7124999874999993,1.5,0.0,1.807,0.0,0.08356468671943357,1
2012-07-28 05:00:00+00:00,0.0314634,0.32308634240850004,0.032714856735000006,0.0,0.268,6.520932880921054,6.5209329,0.14105261250000112,0.0,0.268,0.0,-0.0,0.0,1
2012-07-28 05:30:00+00:00,0.03207225,0.32378271611812504,0.033347923743749994,0.0,0.285,6.370932880921053,6.3709329,0.14999998092105393,0.0,0.285,0.0,-0.0,0.0,1
2012-07-28 06:00:00+00:00,0.03209685,0.32381085242962504,0.033373502208749996,0.0,0.323,6.200932880921053,6.2009329,0.1699999809210535,0.0,0.323,0.0,-0.0,0.0,1
2012-07-28 06:30:00+00:00,0.03385575,0.325822598701875,0.03520236245624999,0.0,0.3,6.043038144078948,6.0430381,0.1578947809210529,0.0,0.3,0.0,-0.0,0.0,1
2012-07-28 07:00:00+00:00,0.0340341,0.32602658696025005,0.0353878063275,0.0,0.286,5.892511828289474,5.8925118,0.15052634407894772,0.0,0.286,0.0,-0.0,0.0,1
2012-07-28 07:30:00+00:00,0.0335544,0.325477928886,0.03488902625999999,0.0,0.307,5.730932880921053,5.7309329,0.16157892828947418,0.0,0.307,0.0,-0.0,0.0,1
2012-07-28 08:00:00+00:00,0.0350919,0.32723644835475,0.0364876803225,0.013,0.315,5.5719855125,5.5719855,0.15894738092105243,0.0,0.302,0.0,-0.0,0.0,1
2012-07-28 08:30:00+00:00,0.0360759,0.32836190081475,0.037510818922499994,0.038,0.309,5.4293539335526315,5.4293539,0.14263161250000067,0.0,0.271,0.0,-0.0,0.0,1
2012-07-28 09:00:00+00:00,0.03802545,0.33059170350112504,0.03953791227375,0.044,0.32,5.284090775657894,5.2840908,0.1452631335526311,0.0,0.276,0.0,-0.0,0.0,1
2012-07-28 09:30:00+00:00,0.03870195,0.331365452067375,0.040241320061249995,0.194,0.356,5.198827617763158,5.1988276,0.08526317565789387,0.0,0.162,0.0,2.7755575615628914e-17,-5.584605009163745e-19,1
2012-07-28 10:00:00+00:00,0.03634035,0.328664366163375,0.03778578742125,0.425,0.475,5.1725118282894735,5.1725118,0.026315817763157945,0.0,0.05,0.0,1.3877787807814457e-17,-2.6219156999164607e-19,1
2012-07-28 10:30:00+00:00,0.03688155,0.32928336501637506,0.03834851365125,0.456,0.379,5.209086828289474,5.2090868,0.03657497171052615,0.077,0.0,0.0,-0.0,0.0,1
2012-07-28 11:00:00+00:00,0.0352641,0.14703340253525,0.036666729577499994,0.4,0.362,5.227136828289473,5.2271368,0.01804997171052669,0.038,0.0,0.0,5.551115123125783e-17,-1.0177061853661183e-18,1
2012-07-28 11:30:00+00:00,0.034563,0.1462315176575,0.035937743325,0.431,0.613,5.131347354605262,5.1313474,0.09578942828947312,0.0,0.182,0.0,-0.0,0.0,1
2012-07-28 12:00:00+00:00,0.0342309,0.14585167745225,0.0355924340475,0.45,0.866,4.91239998618421,4.9124,0.2189473546052625,0.0,0.416,0.0,-0.0,0.0,1
2012-07-28 12:30:00+00:00,0.03373275,0.145281917144375,0.03507447013125,0.331,0.875,4.626084196710526,4.6260842,0.2863157861842094,0.0,0.544,0.0,-0.0,0.0,1
2012-07-28 13:00:00+00:00,0.03217065,0.143495261364125,0.033450237603749995,0.263,0.813,4.336610512499999,4.3366105,0.2894736967105258,0.0,0.55,0.0,1.1102230246251565e-16,-1.8568611983432734e-18,1
2012-07-28 13:30:00+00:00,0.0320907,0.14340381835175,0.0333671075925,0.238,0.82,4.030294723026315,4.0302947,0.3063158124999994,0.0,0.582,0.0,-0.0,0.0,1
2012-07-28 14:00:00+00:00,0.03169095,0.142946603289875,0.03295145753625,0.25,0.77,3.756610512499999,3.7566105,0.273684223026315,0.0,0.52,0.0,-0.0,0.0,1
2012-07-28 14:30:00+00:00,0.03110055,0.142271331813875,0.03233757437625,0.213,0.465,3.623978933552631,3.6239789,0.1326316124999991,0.0,0.252,0.0,-0.0,0.0,1
2012-07-28 15:00:00+00:00,0.03204765,0.14335457980662497,0.03332234527874999,0.163,0.163,3.623978933552631,3.6239789,3.355263089588334e-08,0.0,0.0,0.0,-0.0,0.0,1
2012-07-28 15:30:00+00:00,0.0327795,0.14419163507375,0.0340833046125,0.081,0.068,3.6301539335526307,3.6301539,0.006174966447368924,0.013,0.0,0.0,-0.0,0.0,1
2012-07-28 16:00:00+00:00,0.0335667,0.14509199704175,0.034901815492499995,0.081,0.078,3.6315789335526305,3.6315789,0.0014249664473693358,0.003,0.0,0.0,-0.0,0.0,1
2012-07-28 16:30:00+00:00,0.03417555,0.145788370751375,0.03553488250125,0.019,0.238,3.5163157756578935,3.5163158,0.1152631335526304,0.0,0.219,0.0,-0.0,0.0,1
2012-07-28 17:00:00+00:00,0.0352149,0.14697712991225,0.0366155726475,0.0,0.212,3.4047368282894723,3.4047368,0.11157897565789376,0.0,0.212,0.0,-0.0,0.0,1
2012-07-28 17:30:00+00:00,0.0359283,0.14779308294575,0.0373573481325,0.0,0.247,3.2747368282894724,3.2747368,0.13000002828947244,0.0,0.247,0.0,-0.0,0.0,1
2012-07-28 18:00:00+00:00,0.04289625,0.155762693178125,0.04460244834374999,0.006,0.332,3.103157880921051,3.1031579,0.17157892828947263,0.0,0.326,0.0,-0.0,0.0,1
2012-07-28 18:30:00+00:00,0.04833285,0.161980818019625,0.05025528910874999,0.0,0.731,2.718421038815788,2.718421,0.38473688092105096,0.0,0.731,0.0,-0.0,0.0,1
2012-07-28 19:00:00+00:00,0.04327755,0.156198806006375,0.04499891455125,0.0,0.562,2.4226315651315775,2.4226316,0.29578943881578823,0.0,0.562,0.0,-0.0,0.0,1
2012-07-28 19:30:00+00:00,0.03909555,0.15141563305137498,0.04065057550125,0.0,0.366,2.2299999861842092,2.23,0.19263156513157753,0.0,0.366,0.0,-0.0,0.0,1
2012-07-28 20:00:00+00:00,0.038745,0.1510146906125,0.040286082375,0.0,0.34,2.0510526177631565,2.0510526,0.17894738618420947,0.0,0.34,0.0,-0.0,0.0,1
2012-07-28 20:30:00+00:00,0.04130955,0.15394790108637502,0.042952637351249996,0.0,0.34,1.8721052493421038,1.8721052,0.17894741776315648,0.0,0.34,0.0,-0.0,0.0,1
2012-07-28 21:00:00+00:00,0.0401964,0.15267473299099998,0.041795211809999996,0.0,0.239,1.7463157756578933,1.7463158,0.12578944934210368,0.0,0.239,0.0,-0.0,0.0,1
2012-07-28 21:30:00+00:00,0.03635265,0.14827843431912502,0.03779857665375,0.0,0.281,1.598421038815788,1.598421,0.14789477565789322,0.0,0.281,0.0,-0.0,0.0,1
2012-07-28 22:00:00+00:00,0.03533175,0.147110777391875,0.03673707035625,0.0,0.249,1.4673684072368407,1.4673684,0.131052638815788,0.0,0.249,0.0,-0.0,0.0,1
2012-07-28 22:30:00+00:00,0.03881265,0.15109206546912501,0.040356423153749994,0.0,0.243,1.3394736703947354,1.3394737,0.1278947072368406,0.0,0.243,0.0,-0.0,0.0,1
2012-07-28 23:00:00+00:00,0.0366786,0.14865124044650002,0.038137491315,0.0,0.246,1.209999986184209,1.21,0.12947367039473545,0.0,0.246,0.0,-0.0,0.0,1
2012-07-28 23:30:00+00:00,0.0375396,0.14963601134899998,0.03903273759,0.0,0.399,1.0000000019736828,1.0,0.20999999618420906,0.0,0.39899997,3.0000000039720476e-08,0.0,2.2445401732068067e-09,1
2012-07-29 00:00:00+00:00,0.03634035,0.09876436616337503,0.03778578742125,0.0,0.351,1.0000000019736828,1.0,1.9736827727712125e-09,0.0,0.0,0.351,0.0,0.017333146261672316,1
2012-07-29 00:30:00+00:00,0.03504885,0.09728720980962502,0.03644291800875,0.0,0.232,1.0000000019736828,1.0,1.9736827727712125e-09,0.0,0.0,0.232,0.0,0.011285316337916502,1
2012-07-29 01:00:00+00:00,0.0351411,0.09739272097775001,0.036538837252500005,0.0,0.216,1.0000000019736828,1.0,1.9736827727712125e-09,0.0,0.0,0.216,0.0,0.010518413865597001,1
2012-07-29 01:30:00+00:00,0.03469215,0.096879233292875,0.03607203026624999,0.0,0.229,1.4948157669736828,1.4948158,0.49481579802631726,1.0417174,0.0,1.2707174,0.0,0.06155306372195778,1
2012-07-29 02:00:00+00:00,0.03370815,0.095753780832875,0.03504889166625,0.0,0.266,2.2073157669736827,2.2073158,0.7125000330263171,1.5,0.0,1.766,0.0,0.08455058847542862,1
2012-07-29 02:30:00+00:00,0.0342432,0.09636574560800001,0.035605223279999994,0.0,0.213,2.9198157669736826,2.9198158,0.7125000330263171,1.5,0.0,1.713,0.0,0.08253726111325202,1
2012-07-29 03:00:00+00:00,0.033825,0.0958874283125,0.035170389375,0.0,0.217,3.6323157669736825,3.6323158,0.7125000330263176,1.5,0.0,1.717,0.0,0.08231935720628125,1
2012-07-29 03:30:00+00:00,0.0324597,0.09432586302425003,0.033750784567500004,0.0,0.225,4.344815766973682,4.3448158,0.7125000330263176,1.5,0.0,1.725,0.0,0.08135605685841565,1
2012-07-29 04:00:00+00:00,0.03161715,0.093362194355375,0.03287472214124999,0.0,0.181,5.057315766973682,5.0573158,0.7125000330263171,1.5,0.0,1.681,0.0,0.0784709243556927,1
2012-07-29 04:30:00+00:00,0.0321399,0.09396009097475001,0.0334182645225,0.0,0.227,5.769815766973682,5.7698158,0.712500033026318,1.5,0.0,1.727,0.0,0.08113453855669664,1
2012-07-29 05:00:00+00:00,0.03321615,0.3250910546028751,0.03453732236625,0.0,0.196,5.66665787223684,5.6666579,0.10315786697368257,0.0,0.196,0.0,-0.0,0.0,1
2012-07-29 05:30:00+00:00,0.0314142,0.32303006978550003,0.032663699805,0.0,0.195,5.564026293289471,5.5640263,0.10263157223683983,0.0,0.195,0.0,-0.0,0.0,1
2012-07-29 06:00:00+00:00,0.03121125,0.32279794521562505,0.032452677468749996,0.0,0.202,5.457710503815787,5.4577105,0.10631579328947094,0.0,0.202,0.0,-0.0,0.0,1
2012-07-29 06:30:00+00:00,0.0321153,0.32383195466325004,0.033392686057499996,0.0,0.158,5.374552609078945,5.3745526,0.08315790381578658,0.0,0.158,0.0,-0.0,0.0,1
2012-07-29 07:00:00+00:00,0.03311775,0.324978509356875,0.034435008506249996,0.0,0.208,5.265078924868419,5.2650789,0.10947370907894527,0.0,0.208,0.0,-0.0,0.0,1
2012-07-29 07:30:00+00:00,0.03274875,0.32455646468437505,0.03405133153125,0.0,0.189,5.165605240657893,5.1656052,0.09947372486841921,0.0,0.189,0.0,-0.0,0.0,1
2012-07-29 08:00:00+00:00,0.0345138,0.32657524503450003,0.035886586394999996,0.019,0.169,5.086657872236841,5.0866579,0.07894734065789333,0.0,0.15,2.7755575615628914e-17,0.0,4.532141953873803e-18,1
2012-07-29 08:30:00+00:00,0.0341694,0.3261813366735001,0.035528487885,0.031,0.181,5.0077105038157885,5.0077105,0.07894737223684078,0.0,0.15,0.0,-0.0,0.0,1
2012-07-29 09:00:00+00:00,0.03605745,0.328340798581125,0.037491635073749995,0.031,0.183,4.9277105038157885,4.9277105,0.08000000381578865,0.0,0.152,0.0,-0.0,0.0,1
2012-07-29 09:30:00+00:00,0.03813615,0.330718316902875,0.03965301536625,0.206,0.21,4.925605240657894,4.9256052,0.0021053038157887727,0.0,0.004,3.469446951953614e-18,0.0,5.737048282669546e-19,1
2012-07-29 10:00:00+00:00,0.0379332,0.33048619233300003,0.03944199303,0.431,0.229,5.021555240657894,5.0215552,0.09594995934210626,0.202,0.0,5.551115123125783e-17,0.0,9.172834501219863e-18,1
2012-07-29 10:30:00+00:00,0.03769335,0.33021186329587504,0.03919260299625,0.438,0.232,5.119405240657894,5.1194052,0.09784995934210627,0.206,0.0,0.0,-0.0,0.0,1
2012-07-29 11:00:00+00:00,0.03813615,0.150318316902875,0.03965301536625,0.444,0.312,5.1821052406578945,5.1821052,0.0626999593421056,0.132,0.0,0.0,-0.0,0.0,1
2012-07-29 11:30:00+00:00,0.0374535,0.14953753425875002,0.0389432129625,0.463,0.466,5.1821052406578945,5.1821052,4.065789482865512e-08,0.0,0.0,0.0030000000000000027,0.0,0.00022430630138812522,1
2012-07-29 12:00:00+00:00,0.0359898,0.1478634237245,0.037421294295000004,0.256,0.735,5.1821052406578945,5.1821052,4.065789482865512e-08,0.0,0.0,0.479,0.0,0.03541328998201775,1
2012-07-29 12:30:00+00:00,0.0350796,0.146822380199,0.03647489109,0.113,0.719,5.1821052406578945,5.1821052,4.065789482865512e-08,0.0,0.0,0.606,0.0,0.044487181200297,1
2012-07-29 13:00:00+00:00,0.0352518,0.14701933437950002,0.036653940345,0.194,0.709,5.1821052406578945,5.1821052,4.065789482865512e-08,0.0,0.0,0.5149999999999999,0.0,0.03785747860272125,1
2012-07-29 13:30:00+00:00,0.03449535,0.146154142800875,0.03586740254625,0.1,0.691,5.1821052406578945,5.1821052,4.065789482865512e-08,0.0,0.0,0.591,0.0,0.043188549197658556,1
2012-07-29 14:00:00+00:00,0.0344769,0.14613304056725002,0.035848218697499996,0.1,0.672,5.1821052406578945,5.1821052,4.065789482865512e-08,0.0,0.0,0.5720000000000001,0.0,0.04179404960223351,1
2012-07-29 14:30:00+00:00,0.03444,0.14609083609999998,0.035809851,0.094,0.411,5.618026292407895,5.6180263,0.4359210593421059,0.91772853,0.0,1.23472853,0.0,0.09019126165211196,1
2012-07-29 15:00:00+00:00,0.03445845,0.146111938333625,0.035829034848750003,0.194,0.259,6.053947344157895,6.0539473,7.592105610854105e-09,0.91772853,0.0,0.9827285300000002,0.0,0.07179418518702699,1
2012-07-29 15:30:00+00:00,0.0346737,0.14635813105925,0.0360528464175,0.138,0.208,6.489868395907895,6.4898684,4.4157895118246415e-08,0.91772853,0.0,0.9877285299999999,0.0,0.07228105082235016,1
2012-07-29 16:00:00+00:00,0.03685695,0.148855228704875,0.03832293518625,0.044,0.204,6.489868395907895,6.4898684,4.092104433084387e-09,0.0,0.0,0.15999999999999998,0.0,0.011908418296389998,1
2012-07-29 16:30:00+00:00,0.04052235,0.153047539118375,0.04213412647125,0.006,0.211,6.489868395907895,6.4898684,4.092104433084387e-09,0.0,0.0,0.205,0.0,0.015687372759633434,1
2012-07-29 17:00:00+00:00,0.0446736,0.157795541684,0.04645049244,0.0,0.233,6.489868395907895,6.4898684,4.092104433084387e-09,0.0,0.0,0.233,0.0,0.018383180606186003,1
2012-07-29 17:30:00+00:00,0.04028865,0.152780244159125,0.041891131053749996,0.0,0.253,6.489868395907895,6.4898684,4.092104433084387e-09,0.0,0.0,0.253,0.0,0.01932670088612931,1
2012-07-29 18:00:00+00:00,0.06819735,0.18470088955587502,0.07090989959625,0.0,0.183,6.393552606434211,6.3935526,0.09631579590789574,0.0,0.183,0.0,-0.0,0.0,1
2012-07-29 18:30:00+00:00,0.0773916,0.195216835979,0.08046985088999999,0.0,0.187,6.295131553802632,6.2951316,0.09842100643421059,0.0,0.187,0.0,-0.0,0.0,1
2012-07-29 19:00:00+00:00,0.07482705,0.192283625505125,0.07780329591375,0.0,0.266,6.155131553802632,6.1551316,0.13999995380263197,0.0,0.266,0.0,-0.0,0.0,1
2012-07-29 19:30:00+00:00,0.06155535,0.177104085450875,0.06400371404625,0.0,0.459,5.913552606434211,5.9135526,0.24157895380263206,0.0,0.459,0.0,-0.0,0.0,1
2012-07-29 20:00:00+00:00,0.05044845,0.164400540808625,0.05245503709875,0.0,0.628,5.583026290644738,5.5830263,0.3305263064342112,0.0,0.628,0.0,-0.0,0.0,1
2012-07-29 20:30:00+00:00,0.05602035,0.170773415363375,0.05824855942124999,0.0,0.459,5.341447343276317,5.3414473,0.2415789906447383,0.0,0.459,0.0,-0.0,0.0,1
2012-07-29 21:00:00+00:00,0.04338825,0.15632541940812503,0.045114017643750004,0.0,0.381,5.1409210274868435,5.140921,0.20052634327631758,0.0,0.381,0.0,-0.0,0.0,1
2012-07-29 21:30:00+00:00,0.0393231,0.15167589393275002,0.0408871763025,0.0,0.335,4.964605238013159,4.9646052,0.17631582748684327,0.0,0.335,0.0,-0.0,0.0,1
2012-07-29 22:00:00+00:00,0.03642645,0.148362843253625,0.03787531204875,0.0,0.253,4.831447343276317,4.8314473,0.13315793801315934,0.0,0.253,0.0,-0.0,0.0,1
2012-07-29 22:30:00+00:00,0.03573765,0.14757502653162502,0.037159115028749995,0.0,0.321,4.6624999748552645,4.6625,0.16894734327631777,0.0,0.321,0.0,-0.0,0.0,1
2012-07-29 23:00:00+00:00,0.0353625,0.14714594778125,0.036769043437499996,0.0,0.213,4.550394711697369,4.5503947,0.11210527485526445,0.0,0.213,0.0,-0.0,0.0,1
2012-07-29 23:30:00+00:00,0.0356577,0.14748358351925,0.0370759850175,0.0,0.192,4.449342080118422,4.4493421,0.10105261169736934,0.0,0.192,0.0,-0.0,0.0,1
2012-07-30 00:00:00+00:00,0.0341817,0.09629540482925002,0.035541277117500006,0.006,0.196,4.449342080118422,4.4493421,0.10105261988157821,0.0,0.0,0.19,0.0,0.009148063458778753,1
