Timestamp,Price_SMP,Buy_Rate_USD_kWh,Sell_Rate_USD_kWh,Solar_Gen,Consumption,SoC_kWh,SoC_Planned,SoC_Deviation,Charge_kW,Discharge_kW,Buy_kW,Sell_kW,Step_Cost_USD,Reoptimized
2012-06-30 00:30:00+00:00,0.019557,0.0795683676425,0.020334879675,0.0,0.052,4.972631578947368,4.9726316,0.0,0.0,0.052,0.0,-0.0,0.0,1
2012-06-30 01:00:00+00:00,0.0191019,0.07904784587975,0.0198616780725,0.0,0.054,4.944210526315789,4.9442105,0.02842107894736845,0.0,0.054,0.0,-0.0,0.0,1
2012-06-30 01:30:00+00:00,0.0182901,0.07811934760025001,0.0190175887275,0.0,0.095,4.894210526315789,4.8942105,0.05000002631578937,0.0,0.095,0.0,-0.0,0.0,1
2012-06-30 02:00:00+00:00,0.01545495,0.074876637699875,0.01606967063625,0.0,0.073,4.894210526315789,4.8942105,2.6315789547481927e-08,0.0,0.0,0.073,0.0,0.0027329972760454374,1
2012-06-30 02:30:00+00:00,0.0112791,0.07010049882275,0.011727726202499998,0.0,0.067,5.15000000231579,5.15,0.255789473684211,0.53850416,0.0,0.60550416,0.0,0.021223071827625114,1
2012-06-30 03:00:00+00:00,0.0105534,0.0692704776335,0.010973161484999997,0.0,0.07,5.862500002315789,5.8625,0.7124999976842101,1.5,0.0,1.57,0.0,0.0543773249422975,1
2012-06-30 03:30:00+00:00,0.01114995,0.069952783187375,0.01159343926125,0.0,0.066,6.5750000023157895,6.575,0.712499997684211,1.5,0.0,1.566,0.0,0.05477302923571462,1
2012-06-30 04:00:00+00:00,0.01064565,0.06937598880162502,0.011069080728749998,0.0,0.079,7.28750000231579,7.2875,0.7124999976842101,1.5,0.0,1.579,0.0,0.05477234315888295,1
2012-06-30 04:30:00+00:00,0.0095325,0.06810282070625,0.009911655187499998,0.006,0.051,8.0,8.0,0.7124999976842101,1.5,0.0,1.545,0.0,0.05260942899557812,1
2012-06-30 05:00:00+00:00,0.0081918,0.29646939172950004,0.008517628845,0.0,0.069,7.963684210526316,7.9636842,0.036315799999999676,0.0,0.069,0.0,-0.0,0.0,1
2012-06-30 05:30:00+00:00,0.0119925,0.30081645185625006,0.012469501687499999,0.0,0.053,7.935789473684211,7.9357895,0.02789471052631587,0.0,0.053,0.0,-0.0,0.0,1
2012-06-30 06:00:00+00:00,0.01367145,0.3027367551161251,0.01421523192375,0.0,0.093,7.886842105263158,7.8868421,0.04894737368421076,0.0,0.093,0.0,-0.0,0.0,1
2012-06-30 06:30:00+00:00,0.01389285,0.302989981919625,0.01444543810875,0.0,0.051,7.86,7.86,0.026842105263157556,0.0,0.051,0.0,-0.0,0.0,1
2012-06-30 07:00:00+00:00,0.0148953,0.30413653661325,0.015487760557499999,0.0,0.772,7.453684210526316,7.4536842,0.40631580000000067,0.0,0.772,0.0,-0.0,0.0,1
2012-06-30 07:30:00+00:00,0.0171954,0.30676728173850004,0.017879347034999996,0.0,1.432,6.7,6.7,0.7536842105263162,0.0,1.432,0.0,-0.0,0.0,1
2012-06-30 08:00:00+00:00,0.018204,0.30792087051,0.0189280641,0.006,1.466,5.931578947368421,5.9315789,0.7684211000000003,0.0,1.46,0.0,-0.0,0.0,1
2012-06-30 08:30:00+00:00,0.0197415,0.30967938997875005,0.0205267181625,0.013,1.36,5.222631578947368,5.2226316,0.7089473473684214,0.0,1.347,2.220446049250313e-16,0.0,3.438131890062813e-17,1
2012-06-30 09:00:00+00:00,0.0208485,0.31094552399625003,0.021677749087499996,0.019,1.37,4.51157894736842,4.5115789,0.7110526789473681,0.0,1.351,2.220446049250313e-16,0.0,3.452188801447709e-17,1
2012-06-30 09:30:00+00:00,0.0212544,0.31140977313600005,0.022099793759999996,0.019,1.022,3.983684210526315,3.9836842,0.5278947473684203,0.0,1.003,2.220446049250313e-16,0.0,3.457343002288838e-17,1
2012-06-30 10:00:00+00:00,0.0207747,0.31086111506175,0.021601013692499997,0.025,0.12,3.933684210526315,3.9336842,0.05000001052631475,0.0,0.095,0.0,-0.0,0.0,1
2012-06-30 10:30:00+00:00,0.0196431,0.30956684473275003,0.0204244043025,0.031,0.072,3.912105263157894,3.9121053,0.02157891052631511,0.0,0.041,0.0,6.938893903907228e-18,-7.086138725277691e-20,1
2012-06-30 11:00:00+00:00,0.0194463,0.12894175424075,0.020219776582499998,0.044,0.076,3.912105263157894,3.9121053,3.684210581056391e-08,0.0,0.0,0.032,0.0,0.002063068067852,1
2012-06-30 11:30:00+00:00,0.02021505,0.129821013975125,0.02101910361375,0.069,0.091,3.912105263157894,3.9121053,3.684210581056391e-08,0.0,0.0,0.021999999999999992,0.0,0.0014280311537263745,1
2012-06-30 12:00:00+00:00,0.0196677,0.12919498104425,0.0204499827675,0.056,0.068,3.912105263157894,3.9121053,3.684210581056391e-08,0.0,0.0,0.012000000000000004,0.0,0.0007751698862655003,1
2012-06-30 12:30:00+00:00,0.0190404,0.12847750510099998,0.019797731909999998,0.05,0.055,3.912105263157894,3.9121053,3.684210581056391e-08,0.0,0.0,0.0049999999999999975,0.0,0.0003211937627524998,1
2012-06-30 13:00:00+00:00,0.0184746,0.12783036993650002,0.019209427214999998,0.081,0.109,3.912105263157894,3.9121053,3.684210581056391e-08,0.0,0.0,0.027999999999999997,0.0,0.001789625179111,1
2012-06-30 13:30:00+00:00,0.01866525,0.128048426350625,0.01940766031875,0.075,0.071,3.914005263157894,3.9140053,0.0019000368421058234,0.004,0.0,0.0,-0.0,0.0,1
2012-06-30 14:00:00+00:00,0.0198645,0.12942007153625001,0.0206546104875,0.15,0.055,3.959130263157894,3.9591303,0.04512503684210589,0.095,0.0,0.0,-0.0,0.0,1
2012-06-30 14:30:00+00:00,0.0195201,0.12902616317525,0.020296511977499997,0.194,0.08,4.0132802631578945,4.0132803,0.05415003684210573,0.114,0.0,0.0,-0.0,0.0,1
2012-06-30 15:00:00+00:00,0.0200367,0.12961702571675,0.0208336597425,0.081,0.085,4.0132802631578945,4.0132803,3.68421053664747e-08,0.0,0.0,0.0040000000000000036,0.0,0.0002592340514335002,1
2012-06-30 15:30:00+00:00,0.0200121,0.12958888940525,0.0208080812775,0.075,0.206,4.0132802631578945,4.0132803,3.68421053664747e-08,0.0,0.0,0.131,0.0,0.008488072256043876,1
2012-06-30 16:00:00+00:00,0.0202212,0.129828048053,0.021025498230000002,0.056,0.24,4.0132802631578945,4.0132803,3.68421053664747e-08,0.0,0.0,0.184,0.0,0.011944180420876,1
2012-06-30 16:30:00+00:00,0.02293335,0.13293007639587498,0.02384552399625,0.019,0.254,4.0132802631578945,4.0132803,3.68421053664747e-08,0.0,0.0,0.23500000000000001,0.0,0.01561928397651531,1
2012-06-30 17:00:00+00:00,0.02726295,0.137882067219875,0.02834733383625,0.0,1.146,3.410122368421052,3.4101224,0.6031578631578944,0.0,1.146,0.0,-0.0,0.0,1
2012-06-30 17:30:00+00:00,0.02936625,0.140287721853125,0.030534292593749998,0.0,1.079,2.8422276315789468,2.8422276,0.567894768421052,0.0,1.079,0.0,-0.0,0.0,1
2012-06-30 18:00:00+00:00,0.0328164,0.144233839541,0.03412167231,0.0,0.97,2.331701315789473,2.3317013,0.5105263315789466,0.0,0.97,0.0,-0.0,0.0,1
2012-06-30 18:30:00+00:00,0.0324105,0.14376959040124998,0.0336996276375,0.0,1.029,1.790122368421052,1.7901224,0.541578915789473,0.0,1.029,0.0,-0.0,0.0,1
2012-06-30 19:00:00+00:00,0.0291879,0.14008373359475002,0.030348848722499995,0.0,0.812,1.3627539473684205,1.3627539,0.42736846842105214,0.0,0.812,0.0,-0.0,0.0,1
2012-06-30 19:30:00+00:00,0.0254979,0.13586328686975,0.0265120789725,0.0,0.537,1.3627539473684205,1.3627539,4.7368420519333654e-08,0.0,0.0,0.537,0.0,0.036479292524527876,1
2012-06-30 20:00:00+00:00,0.0254241,0.13577887793525,0.0264353435775,0.0,0.389,1.3627539473684205,1.3627539,4.7368420519333654e-08,0.0,0.0,0.389,0.0,0.026408991758406126,1
2012-06-30 20:30:00+00:00,0.0259284,0.136355672321,0.02695970211,0.0,0.589,1.3627539473684205,1.3627539,4.7368420519333654e-08,0.0,0.0,0.589,0.0,0.04015674549853449,1
2012-06-30 21:00:00+00:00,0.0259284,0.136355672321,0.02695970211,0.0,0.576,1.3627539473684205,1.3627539,4.7368420519333654e-08,0.0,0.0,0.576,0.0,0.039270433628447995,1
2012-06-30 21:30:00+00:00,0.02373285,0.133844506519625,0.02467682410875,0.0,0.553,1.3627539473684205,1.3627539,4.7368420519333654e-08,0.0,0.0,0.553,0.0,0.03700800605267632,1
2012-06-30 22:00:00+00:00,0.0270354,0.13762180633850002,0.028110733035,0.0,0.64,1.3094736842105257,1.3094737,0.05328024736842041,0.0,0.1012325,0.5387675000000001,0.0,0.037073078273238906,1
2012-06-30 22:30:00+00:00,0.0303318,0.1413920720795,0.031538247345,0.0,0.477,1.0584210526315783,1.0584211,0.2510525842105258,0.0,0.477,0.0,-0.0,0.0,1
2012-06-30 23:00:00+00:00,0.02718915,0.137797658285375,0.028270598441249996,0.0,0.048,1.0331578947368414,1.0331579,0.0252631526315783,0.0,0.048,0.0,-0.0,0.0,1
2012-06-30 23:30:00+00:00,0.02936625,0.140287721853125,0.030534292593749998,0.0,0.063,1.0,1.0,0.03315789473684139,0.0,0.063,0.0,-0.0,0.0,1
2012-07-01 00:00:00+00:00,0.03199845,0.093798307183625,0.03327118834875,0.0,0.076,1.7125,1.7125,0.7124999999999999,1.5,0.0,1.576,0.0,0.0739130660606965,1
2012-07-01 00:30:00+00:00,0.0350796,0.09732238019900001,0.03647489109,0.0,0.068,2.2999999975,2.3,0.5874999999999999,1.2368421,0.0,1.3048421000000001,0.0,0.0634951694779308,1
2012-07-01 01:00:00+00:00,0.03301935,0.09496596411087499,0.034332694646249995,0.006,0.048,3.0124999975,3.0125,0.7125000025000001,1.5,0.0,1.542,0.0,0.07321875832948462,1
2012-07-01 01:30:00+00:00,0.0319431,0.09373500048275,0.0332136368025,0.0,0.065,3.7249999975,3.725,0.7125000025000001,1.5,0.0,1.565,0.0,0.07334763787775188,1
2012-07-01 02:00:00+00:00,0.03205995,0.093868647962375,0.03333513451124999,0.0,0.074,4.4374999975,4.4375,0.7125000025000001,1.5,0.0,1.574,0.0,0.07387462594638913,1
2012-07-01 02:30:00+00:00,0.0291756,0.09056966543900001,0.030336059489999997,0.0,0.08,5.1499999975,5.15,0.7125000025000006,1.5,0.0,1.58,0.0,0.07155003569681001,1
2012-07-01 03:00:00+00:00,0.02827155,0.089535655991375,0.029396050901249995,0.0,0.049,5.8624999975000005,5.8625,0.7125000024999997,1.5,0.0,1.549,0.0,0.06934536556531994,1
2012-07-01 03:30:00+00:00,0.02577465,0.086679820374125,0.026799836703749996,0.0,0.065,6.574999997500001,6.575,0.7125000024999997,1.5,0.0,1.565,0.0,0.06782695944275281,1
2012-07-01 04:00:00+00:00,0.0211683,0.08141129604575001,0.0220102691325,0.0,0.057,7.287499997500001,7.2875,0.7125000024999988,1.5,0.0,1.557,0.0,0.06337869397161638,1
2012-07-01 04:30:00+00:00,0.02878815,0.090126518532875,0.029933198666249994,0.0,0.081,7.999999997500002,8.0,0.7125000024999988,1.5,0.0,1.581,0.0,0.07124501290023769,1
2012-07-01 05:00:00+00:00,0.03078075,0.322305559764375,0.03200505433125,0.0,0.055,7.971052629078949,7.9710526,0.028947397500001415,0.0,0.055,0.0,-0.0,0.0,1
2012-07-01 05:30:00+00:00,0.03236745,0.32412035185612503,0.03365486532375,0.0,0.058,7.9405263132894754,7.9405263,0.030526329078949033,0.0,0.058,0.0,-0.0,0.0,1
2012-07-01 06:00:00+00:00,0.03164175,0.323290330666875,0.03290030060625,0.0,0.085,7.895789471184212,7.8957895,0.04473681328947521,0.0,0.085,0.0,-0.0,0.0,1
2012-07-01 06:30:00+00:00,0.0311559,0.32273463851475004,0.0323951259225,0.0,0.414,7.677894734342107,7.6778947,0.21789477118421186,0.0,0.414,0.0,-0.0,0.0,1
2012-07-01 07:00:00+00:00,0.03225675,0.323993738454375,0.03353976223125,0.0,0.3,7.519999997500002,7.52,0.15789473434210777,0.0,0.3,0.0,-0.0,0.0,1
2012-07-01 07:30:00+00:00,0.0322875,0.3240289088437501,0.033571735312499996,0.0,1.177,6.900526313289475,6.9005263,0.6194736975000019,0.0,1.177,0.0,-0.0,0.0,1
2012-07-01 08:00:00+00:00,0.0338496,0.325815564624,0.03519596784,0.006,1.338,6.199473681710528,6.1994737,0.701052613289475,0.0,1.332,0.0,-0.0,0.0,1
2012-07-01 08:30:00+00:00,0.033948,0.32592810987000004,0.035298281699999996,0.025,1.604,5.409999997500002,5.41,0.7894736817105281,0.0,1.5,0.07900000000000018,0.0,0.012874160339865031,1
2012-07-01 09:00:00+00:00,0.03614355,0.328439275671375,0.03758115970125,0.031,0.879,4.963684208026318,4.9636842,0.4463157975000014,0.0,0.848,0.0,-0.0,0.0,1
2012-07-01 09:30:00+00:00,0.03720135,0.329649137065875,0.03868103369625,0.081,0.746,4.613684208026318,4.6136842,0.3500000080263179,0.0,0.665,0.0,-0.0,0.0,1
2012-07-01 10:00:00+00:00,0.037146,0.32958583036500005,0.03862348214999999,0.163,0.561,4.404210523815792,4.4042105,0.20947370802631848,0.0,0.398,0.0,-0.0,0.0,1
2012-07-01 10:30:00+00:00,0.0373059,0.32976871638975,0.0387897421725,0.163,0.232,4.367894734342108,4.3678947,0.03631582381579168,0.0,0.069,0.0,-0.0,0.0,1
2012-07-01 11:00:00+00:00,0.0351903,0.14694899360074998,0.036589994182499995,0.188,0.054,4.431544734342108,4.4315447,0.06364996565789216,0.134,0.0,0.0,-0.0,0.0,1
2012-07-01 11:30:00+00:00,0.0360759,0.14796190081475,0.037510818922499994,0.231,0.225,4.434394734342107,4.4343947,0.002849965657892639,0.006,0.0,0.0,-0.0,0.0,1
2012-07-01 12:00:00+00:00,0.036285,0.1482010594625,0.037728235874999995,0.306,0.11,4.527494734342107,4.5274947,0.0930999656578928,0.196,0.0,0.0,-0.0,0.0,1
2012-07-01 12:30:00+00:00,0.0356577,0.14748358351925,0.0370759850175,0.206,0.187,4.536519734342107,4.5365197,0.009024965657893347,0.019,0.0,0.0,-0.0,0.0,1
2012-07-01 13:00:00+00:00,0.0360882,0.14797596897049997,0.03752360815499999,0.15,0.24,4.536519734342107,4.5365197,3.434210693598061e-08,0.0,0.0,0.09,0.0,0.006658918603672498,1
2012-07-01 13:30:00+00:00,0.03589755,0.14775791255637502,0.03732537505125,0.188,0.373,4.536519734342107,4.5365197,3.434210693598061e-08,0.0,0.0,0.185,0.0,0.013667606911464689,1
2012-07-01 14:00:00+00:00,0.0355224,0.147328833806,0.03693530346,0.194,0.42,4.536519734342107,4.5365197,3.434210693598061e-08,0.0,0.0,0.22599999999999998,0.0,0.016648158220078,1
2012-07-01 14:30:00+00:00,0.0350427,0.14678017573175,0.0364365233925,0.144,0.152,4.536519734342107,4.5365197,3.434210693598061e-08,0.0,0.0,0.008000000000000007,0.0,0.0005871207029270006,1
2012-07-01 15:00:00+00:00,0.0361866,0.1480885142165,0.03762592201499999,0.194,0.239,4.536519734342107,4.5365197,3.434210693598061e-08,0.0,0.0,0.044999999999999984,0.0,0.0033319915698712486,1
2012-07-01 15:30:00+00:00,0.0343047,0.14593608638674999,0.035669169442499996,0.131,0.098,4.552194734342107,4.5521947,0.015674965657892947,0.033,0.0,0.0,-0.0,0.0,1
2012-07-01 16:00:00+00:00,0.03511035,0.146857550588375,0.03650686417124999,0.019,0.063,4.552194734342107,4.5521947,3.434210693598061e-08,0.0,0.0,0.044,0.0,0.0032308661129442496,1
2012-07-01 16:30:00+00:00,0.0376134,0.1497204202835,0.039109472985,0.006,0.146,4.552194734342107,4.5521947,3.434210693598061e-08,0.0,0.0,0.13999999999999999,0.0,0.010480429419844998,1
2012-07-01 17:00:00+00:00,0.04039935,0.152906857560875,0.042006234146249995,0.0,1.8,4.552194734342107,4.5521947,3.434210693598061e-08,0.0,0.0,1.8,0.0,0.1376161718047875,1
2012-07-01 17:30:00+00:00,0.04091595,0.153497720102375,0.04254338191124999,0.0,1.337,3.874736839605265,3.8747368,0.6774579343421072,0.0,1.28717,0.04983000000000004,0.0,0.0038243956963506763,1
2012-07-01 18:00:00+00:00,0.04894785,0.16268422580712502,0.050894750733749994,0.0,1.487,3.0921052606578963,3.0921053,0.7826315396052648,0.0,1.487,0.0,-0.0,0.0,1
2012-07-01 18:30:00+00:00,0.04686915,0.16030670748537498,0.04873337044124999,0.0,1.429,2.3399999975000014,2.34,0.7521052606578964,0.0,1.429,0.0,-0.0,0.0,1
2012-07-01 19:00:00+00:00,0.0437142,0.1566982255355,0.045452932305,0.0,1.473,1.5647368396052646,1.5647368,0.7752631975000015,0.0,1.473,0.0,-0.0,0.0,1
2012-07-01 19:30:00+00:00,0.0425457,0.15536175073925,0.04423795521749999,0.0,0.902,1.0899999975000014,1.09,0.47473683960526447,0.0,0.902,0.0,-0.0,0.0,1
2012-07-01 20:00:00+00:00,0.04017795,0.152653630757375,0.04177602796124999,0.0,1.076,1.0899999975000014,1.09,2.499998652538693e-09,0.0,0.0,1.076,0.0,0.08212765334746776,1
2012-07-01 20:30:00+00:00,0.03956295,0.151950222969875,0.04113656633625,0.0,1.253,1.0899999975000014,1.09,2.499998652538693e-09,0.0,0.0,1.253,0.0,0.09519681469062669,1
2012-07-01 21:00:00+00:00,0.0385974,0.1508458727435,0.040132611585,0.0,1.161,1.0899999975000014,1.09,2.499998652538693e-09,0.0,0.0,1.161,0.0,0.08756602912760175,1
2012-07-01 21:30:00+00:00,0.03905865,0.151373428584125,0.04061220780375,0.0,1.197,1.0899999975000014,1.09,2.499998652538693e-09,0.0,0.0,1.197,0.0,0.09059699700759882,1
2012-07-01 22:00:00+00:00,0.0388311,0.15111316770275,0.040375607002499994,0.0,0.78,1.0899999975000014,1.09,2.499998652538693e-09,0.0,0.0,0.78,0.0,0.058934135404072496,1
2012-07-01 22:30:00+00:00,0.0409467,0.15353289049175,0.0425753549925,0.0,0.171,1.0,1.0,0.08999999750000143,0.0,0.171,0.0,-0.0,0.0,1
2012-07-01 23:00:00+00:00,0.0375396,0.14963601134899998,0.03903273759,0.0,0.049,1.0,1.0,0.0,0.0,0.0,0.049,0.0,0.0036660822780504995,1
2012-07-01 23:30:00+00:00,0.03880035,0.15107799731337498,0.04034363392125,0.0,0.061,1.0,1.0,0.0,0.0,0.0,0.061,0.0,0.004607878918057937,1
2012-07-02 00:00:00+00:00,0.037515,0.10010787503749999,0.039007159124999996,0.0,0.154,1.5874999975000001,1.5875,0.5874999999999999,1.2368421,0.0,1.3908421,0.0,0.06961712357184703,1
2012-07-02 00:30:00+00:00,0.03439695,0.096541597554875,0.03576508868625,0.0,0.1,2.2999999975,2.3,0.7125000024999997,1.5,0.0,1.6,0.0,0.07723327804390001,1
2012-07-02 01:00:00+00:00,0.03362205,0.09565530374262503,0.03495936703875,0.0,0.098,3.0124999975,3.0125,0.7125000025000001,1.5,0.0,1.598,0.0,0.0764285876903574,1
2012-07-02 01:30:00+00:00,0.03406485,0.09616175734962502,0.03541977940875,0.0,0.05,3.7249999975,3.725,0.7125000025000001,1.5,0.0,1.55,0.0,0.07452536194595939,1
2012-07-02 02:00:00+00:00,0.0337266,0.09577488306650002,0.035068075515,0.0,0.064,4.4374999975,4.4375,0.7125000025000001,1.5,0.0,1.564,0.0,0.07489595855800302,1
2012-07-02 02:30:00+00:00,0.03308085,0.09503630488962501,0.03439664080875,0.0,0.082,5.1499999975,5.15,0.7125000025000006,1.5,0.0,1.582,0.0,0.07517371716769339,1
2012-07-02 03:00:00+00:00,0.0331239,0.09508554343475002,0.0344414031225,0.0,0.082,5.8624999975000005,5.8625,0.7125000024999997,1.5,0.0,1.582,0.0,0.07521266485688727,1
2012-07-02 03:30:00+00:00,0.0331485,0.09511367974625,0.034466981587499994,0.0,0.048,6.574999997500001,6.575,0.7125000024999997,1.5,0.0,1.548,0.0,0.0736179881235975,1
2012-07-02 04:00:00+00:00,0.03313005,0.09509257751262501,0.034447797738749994,0.0,0.064,7.287499997500001,7.2875,0.7125000024999988,1.5,0.0,1.564,0.0,0.07436239561487276,1
2012-07-02 04:30:00+00:00,0.0331485,0.09511367974625,0.034466981587499994,0.0,0.047,7.999999997500002,8.0,0.7125000024999988,1.5,0.0,1.547,0.0,0.07357043128372437,1
2012-07-02 05:00:00+00:00,0.03326535,0.325147327225875,0.034588479296249995,0.0,0.09,7.95263157644737,7.9526316,0.047368397500001436,0.0,0.09,0.0,-0.0,0.0,1
2012-07-02 05:30:00+00:00,0.0354117,0.32760222040425,0.03682020036749999,0.0,0.063,7.919473681710528,7.9194737,0.033157876447369894,0.0,0.063,0.0,-0.0,0.0,1
2012-07-02 06:00:00+00:00,0.03721365,0.32966320522162507,0.03869382292875,0.0,0.065,7.885263155394738,7.8852632,0.03421048171052821,0.0,0.065,0.0,-0.0,0.0,1
2012-07-02 06:30:00+00:00,0.04154325,0.334615196045625,0.04319563276874999,0.006,0.048,7.863157892236844,7.8631579,0.022105255394738066,0.0,0.042,0.0,-0.0,0.0,1
2012-07-02 07:00:00+00:00,0.04940295,0.3436047475698751,0.051367952336249995,0.0,0.049,7.837368418552633,7.8373684,0.025789492236843792,0.0,0.049,0.0,-0.0,0.0,1
2012-07-02 07:30:00+00:00,0.04357275,0.33693644174437504,0.04530585613125,0.0,0.093,7.78842105013158,7.7884211,0.048947318552633234,0.0,0.093,0.0,-0.0,0.0,1
2012-07-02 08:00:00+00:00,0.05431065,0.34921794171412507,0.056470856103749995,0.006,1.737,6.998947365921054,6.9989474,0.7894736501315807,0.0,1.5,0.2310000000000001,0.0,0.04033467226798146,1
2012-07-02 08:30:00+00:00,0.0599625,0.35568225928125,0.0623475084375,0.013,1.229,6.358947365921054,6.3589474,0.6399999659210538,0.0,1.216,2.220446049250313e-16,0.0,3.9488663370473856e-17,1
2012-07-02 09:00:00+00:00,0.05511015,0.35013237183787504,0.05730215621625,0.019,0.967,5.859999997500001,5.86,0.4989473659210537,0.0,0.948,0.0,-0.0,0.0,1
2012-07-02 09:30:00+00:00,0.0512418,0.3457079368545001,0.05327994259499999,0.019,0.874,5.409999997500001,5.41,0.44999999750000086,0.0,0.855,0.0,-0.0,0.0,1
2012-07-02 10:00:00+00:00,0.0551163,0.35013940591575,0.05730855083249999,0.025,0.245,5.29421052381579,5.2942105,0.11578949750000067,0.0,0.22,0.0,-0.0,0.0,1
2012-07-02 10:30:00+00:00,0.0485481,0.34262701074525004,0.05047910067749999,0.031,0.146,5.233684208026316,5.2336842,0.060526323815790484,0.0,0.115,0.0,1.3877787807814457e-17,-3.5026912396582394e-19,1
2012-07-02 11:00:00+00:00,0.04616805,0.15950482260762502,0.04800438418875,0.038,0.096,5.446593420026316,5.4465934,0.21290919197368385,0.44822992,0.0,0.50622992,0.0,0.0403730567941361,1
2012-07-02 11:30:00+00:00,0.05245335,0.16669365019587498,0.05453968199625,0.069,0.215,5.446593420026316,5.4465934,2.0026315716847876e-08,0.0,0.0,0.146,0.0,0.012168636464298874,1
2012-07-02 12:00:00+00:00,0.0549687,0.16957058804675,0.057155080042499994,0.075,0.052,5.457518420026316,5.4575184,0.01092497997368369,0.023,0.0,0.0,-0.0,0.0,1
2012-07-02 12:30:00+00:00,-0.0364572,0.065001986357,-0.03790728513,0.069,0.233,6.170018420026317,6.1700184,0.7124999799736838,1.5,0.0,1.6640000000000001,0.0,0.054081652649024,1
2012-07-02 13:00:00+00:00,0.04337595,0.15631135125237502,0.04510122841125,0.106,0.22,6.882518420026317,6.8825184,0.7124999799736838,1.5,0.0,1.6139999999999999,0.0,0.12614326046066662,1
2012-07-02 13:30:00+00:00,0.05314215,0.167481466917875,0.055255879016249995,0.1,0.36,6.882518420026317,6.8825184,2.0026316605026295e-08,0.0,0.0,0.26,0.0,0.02177259069932375,1
2012-07-02 14:00:00+00:00,0.04459365,0.157704098671625,0.046367362428749996,0.075,0.237,7.595018420026317,7.5950184,0.7124999799736829,1.5,0.0,1.6620000000000001,0.0,0.13105210599612038,1
2012-07-02 14:30:00+00:00,0.0519921,0.16616609435525,0.054060085777499996,0.169,0.254,7.595018420026317,7.5950184,2.0026317493204715e-08,0.0,0.0,0.08499999999999999,0.0,0.0070620590100981245,1
2012-07-02 15:00:00+00:00,0.0559281,0.17066790419525002,0.0581526401775,0.206,0.18,7.607368420026317,7.6073684,0.012349979973683034,0.026,0.0,0.0,-0.0,0.0,1
2012-07-02 15:30:00+00:00,0.0566907,0.17154012985175,0.05894557259249999,0.081,0.265,7.607368420026317,7.6073684,2.0026316605026295e-08,0.0,0.0,0.184,0.0,0.015781691946361,1
2012-07-02 16:00:00+00:00,0.0589047,0.17407239788675,0.0612476344425,0.031,0.136,7.607368420026317,7.6073684,2.0026316605026295e-08,0.0,0.0,0.10500000000000001,0.0,0.009138800889054376,1
2012-07-02 16:30:00+00:00,0.06386775,0.179748898731875,0.06640808975625,0.0,0.069,7.571052630552633,7.5710526,0.03631582002631717,0.0,0.069,0.0,-0.0,0.0,1
2012-07-02 17:00:00+00:00,0.06529455,0.181380804798875,0.06789164072625001,0.0,0.604,7.253157893710528,7.2531579,0.3178947305526334,0.0,0.604,0.0,-0.0,0.0,1
2012-07-02 17:30:00+00:00,0.10175175,0.223078818441875,0.10579892585624999,0.0,1.284,6.577368420026317,6.5773684,0.6757894937105275,0.0,1.284,0.0,-0.0,0.0,1
2012-07-02 18:00:00+00:00,0.1472556,0.275123960639,0.15311269148999998,0.0,1.22,5.935263156868422,5.9352632,0.6421052200263171,0.0,1.22,0.0,-0.0,0.0,1
2012-07-02 18:30:00+00:00,0.14934045,0.27750851303862506,0.15528046639874998,0.0,1.596,5.145789472657896,5.1457895,0.789473656868422,0.0,1.5,0.09600000000000009,0.0,0.013320408625854015,1
2012-07-02 19:00:00+00:00,0.14467875,0.272176682009375,0.15043334728125,0.0,2.162,4.356315788447369,4.3563158,0.7894736726578957,0.0,1.5,0.6619999999999999,0.0,0.09009048174510312,1
2012-07-02 19:30:00+00:00,0.08417505,0.202975423875125,0.08752311261375,0.0,1.15,3.7510526305526324,3.7510526,0.6052631884473691,0.0,1.15,0.0,-0.0,0.0,1
2012-07-02 20:00:00+00:00,0.07554045,0.193099578538625,0.07854507139874999,0.0,1.016,3.2163157884473694,3.2163158,0.5347368305526325,0.0,1.016,0.0,-0.0,0.0,1
2012-07-02 20:30:00+00:00,0.13397775,0.259937386506875,0.13930671500624997,0.0,0.861,2.7631578937105274,2.7631579,0.4531578884473695,0.0,0.861,0.0,-0.0,0.0,1
2012-07-02 21:00:00+00:00,0.07683195,0.19457673489237498,0.07988794081124999,0.0,0.753,2.3668421042368433,2.3668421,0.3963157937105275,0.0,0.753,0.0,-0.0,0.0,1
2012-07-02 21:30:00+00:00,0.0691629,0.18580523978225,0.0719138543475,0.006,0.758,1.9710526305526328,1.9710526,0.39578950423684334,0.0,0.752,0.0,-0.0,0.0,1
2012-07-02 22:00:00+00:00,0.06993165,0.186684499516625,0.07271318137874999,0.0,0.985,1.452631577921054,1.4526316,0.5184210305526329,0.0,0.985,0.0,-0.0,0.0,1
2012-07-02 22:30:00+00:00,0.13854105,0.26515667229012496,0.14405152026374998,0.0,0.658,1.1063157884473696,1.1063158,0.34631577792105395,0.0,0.658,0.0,-0.0,0.0,1
2012-07-02 23:00:00+00:00,0.0775515,0.19539972200375,0.08063611091249999,0.0,0.153,1.0257894726578958,1.0257895,0.08052628844736964,0.0,0.153,0.0,-0.0,0.0,1
2012-07-02 23:30:00+00:00,0.06964875,0.18636093193437497,0.07241902903124998,0.0,0.049,1.0000000000263167,1.0,0.025789472657895773,0.0,0.048999998,1.9999999989472883e-09,0.0,1.863609318362828e-10,1
2012-07-03 00:00:00+00:00,0.05408925,0.119064714910625,0.056240649918749996,0.0,0.069,1.7125000000263166,1.7125,0.7124999999736832,1.5,0.0,1.569,0.0,0.0934062688473853,1
2012-07-03 00:30:00+00:00,0.05709045,0.12249734491362502,0.059361222648749996,0.0,0.088,2.4250000000263165,2.425,0.7124999999736832,1.5,0.0,1.588,0.0,0.09726289186141827,1
2012-07-03 01:00:00+00:00,0.06643845,0.133189143283625,0.06908103934874998,0.0,0.05,3.0124999975263167,3.0125,0.5874999999736836,1.2368421,0.0,1.2868421,0.0,0.08569669842015044,1
2012-07-03 01:30:00+00:00,0.06637695,0.133118802504875,0.06901709318625,0.0,0.049,3.7249999975263166,3.725,0.7125000024736834,1.5,0.0,1.549,0.0,0.1031005125400257,1
2012-07-03 02:00:00+00:00,0.06015315,0.126000315695375,0.06254574154124999,0.0,0.048,4.4374999975263165,4.4375,0.7125000024736834,1.5,0.0,1.548,0.0,0.09752424434822025,1
2012-07-03 02:30:00+00:00,0.0517461,0.11638473124025,0.0538043011275,0.0,0.092,5.149999997526317,5.15,0.7125000024736838,1.5,0.0,1.592,0.0,0.092642246067239,1
2012-07-03 03:00:00+00:00,0.04996875,0.11435188273437501,0.051956257031249994,0.0,0.081,5.862499997526317,5.8625,0.712500002473683,1.5,0.0,1.581,0.0,0.09039516330152345,1
2012-07-03 03:30:00+00:00,0.0471213,0.11109510467825,0.048995549707499995,0.0,0.048,6.574999997526318,6.575,0.712500002473683,1.5,0.0,1.548,0.0,0.0859876110209655,1
2012-07-03 04:00:00+00:00,0.0444522,0.10804231488049999,0.04622028625499999,0.0,0.048,7.287499997526318,7.2875,0.7125000024736821,1.5,0.0,1.548,0.0,0.083624751717507,1
2012-07-03 04:30:00+00:00,0.03800085,0.10066356718962502,0.03951233380875,0.0,0.051,7.999999997526318,8.0,0.7125000024736821,1.5,0.0,1.551,0.0,0.0780645963555542,1
2012-07-03 05:00:00+00:00,0.0400857,0.33294811958925,0.0416801087175,0.0,0.102,7.946315787000002,7.9463158,0.05368419752631848,0.0,0.102,0.0,-0.0,0.0,1
2012-07-03 05:30:00+00:00,0.04244115,0.33564217141537506,0.044129246741249996,0.0,0.048,7.921052629105265,7.9210526,0.025263187000001963,0.0,0.048,0.0,-0.0,0.0,1
2012-07-03 06:00:00+00:00,0.0469614,0.34081221865350003,0.04882928968499999,0.0,0.049,7.895263155421055,7.8952632,0.025789429105265604,0.0,0.049,0.0,-0.0,0.0,1
2012-07-03 06:30:00+00:00,0.05444595,0.34937269142737504,0.056611537661249996,0.0,0.048,7.8699999975263175,7.87,0.025263155421054506,0.0,0.048,0.0,-0.0,0.0,1
2012-07-03 07:00:00+00:00,0.05514705,0.35017457630512505,0.057340523913750004,0.0,0.238,7.744736839631581,7.7447368,0.12526319752631743,0.0,0.238,0.0,-0.0,0.0,1
2012-07-03 07:30:00+00:00,0.04983345,0.34409713302112505,0.05181557547374999,0.0,2.283,6.955263155421054,6.9552632,0.7894736396315807,0.0,1.5,0.7829999999999999,0.0,0.13471402757777043,1
2012-07-03 08:00:00+00:00,0.05495025,0.349949485813125,0.057135896193749994,0.006,2.101,6.165789471210528,6.1657895,0.7894736554210544,0.0,1.5,0.5950000000000002,0.0,0.10410997202940472,1
2012-07-03 08:30:00+00:00,0.0611556,0.357046870389,0.06358806399,0.019,1.231,5.527894734368422,5.5278947,0.6378947712105276,0.0,1.212,2.220446049250313e-16,0.0,3.9640165637622184e-17,1
2012-07-03 09:00:00+00:00,0.0548211,0.34980177017775,0.05700160925249999,0.019,0.187,5.4394736817368425,5.4394737,0.08842103436842219,0.0,0.168,0.0,-0.0,0.0,1
2012-07-03 09:30:00+00:00,0.05316675,0.3479096032293751,0.05528145748125,0.019,0.114,5.389473681736843,5.3894737,0.049999981736842614,0.0,0.095,0.0,-0.0,0.0,1
2012-07-03 10:00:00+00:00,0.05043,0.34477943857500004,0.05243585325,0.025,0.053,5.37473683963158,5.3747368,0.014736881736842733,0.0,0.028,0.0,3.469446951953614e-18,-9.096170561564975e-20,1
2012-07-03 10:30:00+00:00,0.04451985,0.338019689737125,0.04629062703375,0.038,0.053,5.366842102789475,5.3668421,0.007894739631579384,0.0,0.015,0.0,-0.0,0.0,1
2012-07-03 11:00:00+00:00,0.044772,0.15790808693000002,0.0465528063,0.044,0.067,5.366842102789475,5.3668421,2.7894744292211726e-09,0.0,0.0,0.023000000000000007,0.0,0.001815942999695001,1
2012-07-03 11:30:00+00:00,0.0444522,0.1575423148805,0.04622028625499999,0.063,0.087,5.366842102789475,5.3668421,2.7894744292211726e-09,0.0,0.0,0.023999999999999994,0.0,0.0018905077785659995,1
2012-07-03 12:00:00+00:00,0.04022715,0.152709903380375,0.04182718489125,0.05,0.066,5.366842102789475,5.3668421,2.7894744292211726e-09,0.0,0.0,0.016,0.0,0.0012216792270429999,1
2012-07-03 12:30:00+00:00,0.03839445,0.150613748173625,0.03992158924874999,0.044,0.073,5.366842102789475,5.3668421,2.7894744292211726e-09,0.0,0.0,0.028999999999999998,0.0,0.0021838993485175625,1
2012-07-03 13:00:00+00:00,0.03786555,0.15000881747637498,0.03937165225124999,0.044,0.055,5.366842102789475,5.3668421,2.7894744292211726e-09,0.0,0.0,0.011000000000000003,0.0,0.0008250484961200627,1
2012-07-03 13:30:00+00:00,0.0387204,0.150986554301,0.040260503909999995,0.013,0.13,5.366842102789475,5.3668421,2.7894744292211726e-09,0.0,0.0,0.117,0.0,0.008832713426608501,1
2012-07-03 14:00:00+00:00,0.0381669,0.15035348729225,0.03968498844749999,0.038,0.563,5.366842102789475,5.3668421,2.7894744292211726e-09,0.0,0.0,0.5249999999999999,0.0,0.03946779041421562,1
2012-07-03 14:30:00+00:00,0.03929235,0.151640723543375,0.04085520322124999,0.125,0.265,5.366842102789475,5.3668421,2.7894744292211726e-09,0.0,0.0,0.14,0.0,0.01061485064803625,1
2012-07-03 15:00:00+00:00,0.0391386,0.1514648715965,0.040695337815,0.194,0.196,5.366842102789475,5.3668421,2.7894744292211726e-09,0.0,0.0,0.0020000000000000018,0.0,0.00015146487159650013,1
2012-07-03 15:30:00+00:00,0.0386712,0.15093028167800002,0.040209346980000005,0.144,0.683,5.366842102789475,5.3668421,2.7894744292211726e-09,0.0,0.0,0.539,0.0,0.040675710912221004,1
2012-07-03 16:00:00+00:00,0.04126035,0.153891628463375,0.04290148042125,0.019,0.483,5.366842102789475,5.3668421,2.7894744292211726e-09,0.0,0.0,0.46399999999999997,0.0,0.035702857803503,1
2012-07-03 16:30:00+00:00,0.04187535,0.15459503625087498,0.043540942046249996,0.006,0.253,5.366842102789475,5.3668421,2.7894744292211726e-09,0.0,0.0,0.247,0.0,0.01909248697698306,1
2012-07-03 17:00:00+00:00,0.0499134,0.1637885760335,0.051898705484999995,0.0,0.197,5.263157892263159,5.2631579,0.10368420278947443,0.0,0.197,0.0,-0.0,0.0,1
2012-07-03 17:30:00+00:00,0.0535419,0.16793868197975,0.0556715290725,0.0,1.867,4.4736842080526324,4.4736842,0.7894736922631589,0.0,1.5,0.367,0.0,0.030816748143284126,1
2012-07-03 18:00:00+00:00,0.06712725,0.18347696000562497,0.06979723636874999,0.0,1.587,3.684210523842106,3.6842105,0.7894737080526326,0.0,1.5,0.08699999999999997,0.0,0.007981247760244684,1
2012-07-03 18:30:00+00:00,0.0740583,0.19140436577075,0.0770039688825,0.0,1.704,2.8947368396315794,2.8947368,0.7894737238421059,0.0,1.5,0.20399999999999996,0.0,0.0195232453086165,1
2012-07-03 19:00:00+00:00,0.06561435,0.181746576848375,0.06822416077124999,0.0,1.422,2.1463157870000003,2.1463158,0.7484210396315794,0.0,1.422,0.0,-0.0,0.0,1
2012-07-03 19:30:00+00:00,0.052275,0.1664896619375,0.054354238124999996,0.0,0.262,2.008421050157895,2.0084211,0.13789468700000018,0.0,0.262,0.0,-0.0,0.0,1
2012-07-03 20:00:00+00:00,0.0460758,0.15939931143949998,0.04790846494499999,0.0,1.224,2.008421050157895,2.0084211,4.984210510983189e-08,0.0,0.0,1.224,0.0,0.09755237860097399,1
2012-07-03 20:30:00+00:00,0.0493476,0.163141440869,0.05131040078999999,0.0,0.991,1.486842102789474,1.4868421,0.5215789501578949,0.0,0.991,0.0,-0.0,0.0,1
2012-07-03 21:00:00+00:00,0.0465801,0.15997610582525001,0.0484328234775,0.0,0.972,1.095263155421053,1.0952632,0.39157890278947405,0.0,0.744,0.22799999999999998,0.0,0.0182372760640785,1
2012-07-03 21:30:00+00:00,0.0453132,0.15852708578299998,0.04711553253,0.0,1.003,1.095263155421053,1.0952632,4.45789469782909e-08,0.0,0.0,1.003,0.0,0.07950133352017448,1
2012-07-03 22:00:00+00:00,0.043296,0.15621990824,0.0450180984,0.0,0.208,1.095263155421053,1.0952632,4.45789469782909e-08,0.0,0.0,0.208,0.0,0.01624687045696,1
2012-07-03 22:30:00+00:00,0.04878795,0.162501339782375,0.05072849071125,0.0,0.181,1.0,1.0,0.09526315542105301,0.0,0.181,0.0,-0.0,0.0,1
2012-07-03 23:00:00+00:00,0.04317915,0.156086260760375,0.044896600691249997,0.0,0.119,1.0,1.0,0.0,0.0,0.0,0.119,0.0,0.00928713251524231,1
2012-07-03 23:30:00+00:00,0.0406884,0.15323745922100002,0.04230678111,0.0,0.02,1.0,1.0,0.0,0.0,0.0,0.02,0.0,0.0015323745922100002,1
2012-07-04 00:00:00+00:00,0.03747195,0.100058636492375,0.038962396811249994,0.0,0.018,1.5874999975000001,1.5875,0.5874999999999999,1.2368421,0.0,1.2548421,0.0,0.06277889476961424,1
2012-07-04 00:30:00+00:00,0.03650025,0.098947252188125,0.03795204744374999,0.0,0.072,2.2999999975,2.3,0.7125000024999997,1.5,0.0,1.572,0.0,0.07777254021986625,1
2012-07-04 01:00:00+00:00,0.03599595,0.09837045780237501,0.03742768891124999,0.0,0.025,3.0124999975,3.0125,0.7125000025000001,1.5,0.0,1.525,0.0,0.07500747407431094,1
2012-07-04 01:30:00+00:00,0.0363711,0.09879953655275002,0.0378177605025,0.0,0.018,3.7249999975,3.725,0.7125000025000001,1.5,0.0,1.518,0.0,0.07498884824353727,1
2012-07-04 02:00:00+00:00,0.03486435,0.097076187473375,0.03625107952125,0.0,0.017,4.4374999975,4.4375,0.7125000025000001,1.5,0.0,1.517,0.0,0.07363228819855493,1
2012-07-04 02:30:00+00:00,0.033579,0.09560606519749999,0.03491460472499999,0.0,0.043,5.1499999975,5.15,0.7125000025000006,1.5,0.0,1.543,0.0,0.07376007929987125,1
2012-07-04 03:00:00+00:00,0.03375735,0.09581005345587501,0.03510004859625,0.0,0.053,5.8624999975000005,5.8625,0.7125000024999997,1.5,0.0,1.553,0.0,0.07439650650848695,1
2012-07-04 03:30:00+00:00,0.03375735,0.09581005345587501,0.03510004859625,0.0,0.022,6.574999997500001,6.575,0.7125000024999997,1.5,0.0,1.522,0.0,0.07291145067992089,1
2012-07-04 04:00:00+00:00,0.0337635,0.09581708753375,0.0351064432125,0.0,0.022,7.287499997500001,7.2875,0.7125000024999988,1.5,0.0,1.522,0.0,0.07291680361318376,1
2012-07-04 04:30:00+00:00,0.0338742,0.09594370093550002,0.035221546305,0.0,0.039,7.999999997500002,8.0,0.7125000024999988,1.5,0.0,1.539,0.0,0.07382867786986726,1
2012-07-04 05:00:00+00:00,0.0338742,0.3258437009355001,0.035221546305,0.0,0.031,7.983684208026317,7.9836842,0.016315797500001672,0.0,0.031,0.0,-0.0,0.0,1
2012-07-04 05:30:00+00:00,0.03388035,0.325850735013375,0.03522794092124999,0.0,0.061,7.951578944868422,7.9515789,0.03210530802631695,0.0,0.061,0.0,-0.0,0.0,1
2012-07-04 06:00:00+00:00,0.03415095,0.326160234439875,0.035509304036249995,0.0,0.021,7.940526313289475,7.9405263,0.011052644868422057,0.0,0.021,0.0,-0.0,0.0,1
2012-07-04 06:30:00+00:00,0.0454485,0.33908183549625004,0.0472562140875,0.0,0.038,7.920526313289475,7.9205263,0.02000001328947487,0.0,0.038,0.0,-0.0,0.0,1
2012-07-04 07:00:00+00:00,0.048216,0.34224717054000003,0.0501337914,0.006,0.025,7.910526313289475,7.9105263,0.010000013289475085,0.0,0.019,3.469446951953614e-18,0.0,5.9370420132237595e-19,1
2012-07-04 07:30:00+00:00,0.0472197,0.34110764992425,0.049097863567500004,0.0,1.83,7.121052629078949,7.1210526,0.7894737132894756,0.0,1.5,0.33000000000000007,0.0,0.05628276223750127,1
2012-07-04 08:00:00+00:00,0.06583575,0.362399803651875,0.06845436695624998,0.013,1.781,6.331578944868422,6.3315789,0.7894737290789484,0.0,1.5,0.268,0.0,0.04856157368935125,1
2012-07-04 08:30:00+00:00,0.07097715,0.36828029275537505,0.07380026614124999,0.025,1.414,5.600526313289475,5.6005263,0.7310526448684218,0.0,1.389,0.0,-0.0,0.0,1
2012-07-04 09:00:00+00:00,0.05513475,0.350160508149375,0.05732773468124999,0.019,1.019,5.074210523815791,5.0742105,0.5263158132894743,0.0,1.0,0.0,1.1102230246251565e-16,-3.1823285496362925e-18,1
2012-07-04 09:30:00+00:00,0.0513279,0.3458064139447501,0.053369467222499994,0.031,0.751,4.695263155394738,4.6952632,0.3789473238157903,0.0,0.72,0.0,-0.0,0.0,1
2012-07-04 10:00:00+00:00,0.05169075,0.346221424539375,0.053746749581249996,0.013,0.881,4.2384210501315795,4.2384211,0.45684205539473766,0.0,0.868,0.0,-0.0,0.0,1
2012-07-04 10:30:00+00:00,0.0548088,0.34978770202200005,0.05698882001999999,0.038,0.333,4.083157892236843,4.0831579,0.15526315013157976,0.0,0.295,5.551115123125783e-17,0.0,9.708559012888697e-18,1
2012-07-04 11:00:00+00:00,0.0440955,0.15713433836375,0.04584939851249999,0.056,0.477,4.083157892236843,4.0831579,7.763157228168893e-09,0.0,0.0,0.421,0.0,0.03307677822556937,1
2012-07-04 11:30:00+00:00,0.04545465,0.158688869574125,0.04726260870374999,0.113,0.037,4.119257892236843,4.1192579,0.03610000776315747,0.076,0.0,0.0,1.3877787807814457e-17,-3.2795022741720354e-19,1
2012-07-04 12:00:00+00:00,0.0400734,0.15253405143350002,0.041667319485,0.081,0.029,4.143957892236843,4.1439579,0.024700007763157394,0.052,0.0,0.0,-0.0,0.0,1
2012-07-04 12:30:00+00:00,0.0370107,0.14903108065175,0.0384828005925,0.075,0.051,4.1568776314618425,4.1568776,0.012919707763156651,0.027199451,0.0,0.003199451000000006,0.0,0.00023840882001116152,1
2012-07-04 13:00:00+00:00,0.03663555,0.148602001901375,0.03809272900125,0.125,0.149,4.869377631461843,4.8693776,0.7124999685381574,1.5,0.0,1.524,0.0,0.11323472544884776,1
2012-07-04 13:30:00+00:00,0.038007,0.1501706012675,0.039518728424999996,0.156,0.106,4.893127631461843,4.8931276,0.023749968538156807,0.05,0.0,0.0,-0.0,0.0,1
2012-07-04 14:00:00+00:00,0.03902175,0.151331224116875,0.04057384010625,0.113,0.091,4.903577631461842,4.9035776,0.010449968538157606,0.022,0.0,0.0,1.3877787807814457e-17,-2.8153757177136475e-19,1
2012-07-04 14:30:00+00:00,0.0379332,0.150086192333,0.03944199303,0.131,0.093,4.921627631461842,4.9216276,0.018049968538157657,0.038,0.0,0.0,-0.0,0.0,1
2012-07-04 15:00:00+00:00,0.0390894,0.1514085989735,0.040644180885,0.113,0.03,4.9610526314618415,4.9610526,0.03942496853815847,0.083,0.0,0.0,-0.0,0.0,1
2012-07-04 15:30:00+00:00,0.0392124,0.151549280531,0.04077207321,0.094,0.202,4.9610526314618415,4.9610526,3.146184113234085e-08,0.0,0.0,0.10800000000000001,0.0,0.008183661148674,1
2012-07-04 16:00:00+00:00,0.0459405,0.15924456172625,0.0477677833875,0.075,0.106,4.9610526314618415,4.9610526,3.146184113234085e-08,0.0,0.0,0.031,0.0,0.002468290706756875,1
2012-07-04 16:30:00+00:00,0.04490115,0.158055802565375,0.04668709324125,0.025,0.065,4.9610526314618415,4.9610526,3.146184113234085e-08,0.0,0.0,0.04,0.0,0.0031611160513074998,1
2012-07-04 17:00:00+00:00,0.04602045,0.159336004738625,0.04785091339874999,0.0,1.052,4.9610526314618415,4.9610526,3.146184113234085e-08,0.0,0.0,1.052,0.0,0.08381073849251676,1
2012-07-04 17:30:00+00:00,0.04818525,0.161812000150625,0.05010181831874999,0.0,1.289,4.9610526314618415,4.9610526,3.146184113234085e-08,0.0,0.0,1.289,0.0,0.1042878340970778,1
2012-07-04 18:00:00+00:00,0.06098955,0.176456950286375,0.06341540935125,0.0,1.22,4.318947368303947,4.3189474,0.6421052314618416,0.0,1.22,0.0,-0.0,0.0,1
2012-07-04 18:30:00+00:00,0.0607989,0.17623889387225,0.06321717624749999,0.0,1.759,3.5294736840934204,3.5294737,0.7894736683039469,0.0,1.5,0.2589999999999999,0.0,0.022822936756456365,1
2012-07-04 19:00:00+00:00,0.05932905,0.174557749260125,0.06168886296375,0.0,1.797,2.739999999882894,2.74,0.7894736840934202,0.0,1.5,0.29699999999999993,0.0,0.025921825765128553,1
2012-07-04 19:30:00+00:00,0.05729955,0.172236503561375,0.05957863960124999,0.0,0.995,2.216315789356578,2.2163158,0.523684199882894,0.0,0.995,0.0,-0.0,0.0,1
2012-07-04 20:00:00+00:00,0.05124795,0.165314970932375,0.05328633721125,0.0,1.137,1.6178947367249992,1.6178947,0.5984210893565782,0.0,1.137,0.0,-0.0,0.0,1
2012-07-04 20:30:00+00:00,0.05274855,0.16703128593387498,0.054846623576249996,0.0,1.174,1.0,1.0,0.6178947367249992,0.0,1.174,0.0,-0.0,0.0,1
2012-07-04 21:00:00+00:00,0.04281015,0.155664216087875,0.04451292371624999,0.0,1.219,1.0,1.0,0.0,0.0,0.0,1.219,0.0,0.09487733970555982,1
2012-07-04 21:30:00+00:00,0.04341285,0.156353555719625,0.04513959610875,0.0,1.18,1.0,1.0,0.0,0.0,0.0,1.18,0.0,0.09224859787457874,1
2012-07-04 22:00:00+00:00,0.040959,0.1535469586475,0.042588144225,0.0,0.504,1.0,1.0,0.0,0.0,0.0,0.504,0.0,0.03869383357917,1
2012-07-04 22:30:00+00:00,0.04599585,0.159307868427125,0.04782533493375,0.0,0.342,1.0,1.0,0.0,0.0,0.0,0.342,0.0,0.027241645501038376,1
2012-07-04 23:00:00+00:00,0.03850515,0.150740361575375,0.04003669234125,0.0,0.091,1.0,1.0,0.0,0.0,0.0,0.091,0.0,0.006858686451679562,1
2012-07-04 23:30:00+00:00,0.0381669,0.15035348729225,0.03968498844749999,0.0,0.019,1.0,1.0,0.0,0.0,0.0,0.019,0.0,0.001428358129276375,1
2012-07-05 00:00:00+00:00,0.0353379,0.09761781146975,0.036743464972499994,0.0,0.043,1.7125,1.7125,0.7124999999999999,1.5,0.0,1.543,0.0,0.07531214154891212,1
2012-07-05 00:30:00+00:00,0.03552855,0.097835867883875,0.03694169807625,0.0,0.056,2.2999999975,2.3,0.5874999999999999,1.2368421,0.0,1.2928421,0.0,0.06324316444515575,1
2012-07-05 01:00:00+00:00,0.0345384,0.09670338134600001,0.03591216485999999,0.0,0.018,3.0124999975,3.0125,0.7125000025000001,1.5,0.0,1.518,0.0,0.07339786644161402,1
2012-07-05 01:30:00+00:00,0.03459375,0.09676668804687502,0.03596971640625,0.0,0.022,3.7249999975,3.725,0.7125000025000001,1.5,0.0,1.522,0.0,0.07363944960367189,1
2012-07-05 02:00:00+00:00,0.0339111,0.09598590540275,0.0352599140025,0.0,0.061,4.4374999975,4.4375,0.7125000025000001,1.5,0.0,1.561,0.0,0.07491699916684637,1
2012-07-05 02:30:00+00:00,0.03369585,0.09573971267712503,0.03503610243375,0.0,0.045,5.1499999975,5.15,0.7125000025000006,1.5,0.0,1.545,0.0,0.07395892804307908,1
2012-07-05 03:00:00+00:00,0.03346215,0.09547241771787501,0.03479310701625,0.0,0.018,5.8624999975000005,5.8625,0.7125000024999997,1.5,0.0,1.518,0.0,0.07246356504786713,1
2012-07-05 03:30:00+00:00,0.03356055,0.095584962963875,0.03489542087625,0.0,0.06,6.574999997500001,6.575,0.7125000024999997,1.5,0.0,1.56,0.0,0.0745562711118225,1
2012-07-05 04:00:00+00:00,0.033825,0.0958874283125,0.035170389375,0.006,0.056,7.287499997500001,7.2875,0.7125000024999988,1.5,0.0,1.55,0.0,0.0743127569421875,1
2012-07-05 04:30:00+00:00,0.0338004,0.09585929200100002,0.03514481091,0.0,0.051,7.999999997500002,8.0,0.7125000024999988,1.5,0.0,1.551,0.0,0.07433888094677552,1
2012-07-05 05:00:00+00:00,0.03385575,0.325822598701875,0.03520236245624999,0.0,0.018,7.990526313289475,7.9905263,0.009473697500001599,0.0,0.018,0.0,-0.0,0.0,1
2012-07-05 05:30:00+00:00,0.0338865,0.32585776909125,0.0352343355375,0.0,0.037,7.971052629078949,7.9710526,0.019473713289475114,0.0,0.037,0.0,-0.0,0.0,1
2012-07-05 06:00:00+00:00,0.03447075,0.3265260064893751,0.03584182408125,0.0,0.018,7.961578944868423,7.9615789,0.009473729078949056,0.0,0.018,0.0,-0.0,0.0,1
2012-07-05 06:30:00+00:00,0.04122345,0.334249423996125,0.04286311272375,0.0,0.615,7.637894734342107,7.6378947,0.3236842448684225,0.0,0.615,0.0,-0.0,0.0,1
2012-07-05 07:00:00+00:00,0.0492,0.34337262300000004,0.051156929999999996,0.0,1.412,6.894736839605265,6.8947368,0.7431579343421069,0.0,1.412,0.0,-0.0,0.0,1
2012-07-05 07:30:00+00:00,0.04524555,0.338849710926375,0.04704519175125,0.013,1.421,6.153684208026318,6.1536842,0.7410526396052655,0.0,1.408,2.220446049250313e-16,0.0,3.7619875095804e-17,1
2012-07-05 08:00:00+00:00,0.05340045,0.348176898188625,0.05552445289874999,0.019,0.62,5.837368418552634,5.8373684,0.3163158080263182,0.0,0.601,0.0,-0.0,0.0,1
2012-07-05 08:30:00+00:00,0.05373255,0.348556738393875,0.05586976217624999,0.006,0.555,5.548421050131581,5.5484211,0.28894731855263434,0.0,0.549,0.0,-0.0,0.0,1
2012-07-05 09:00:00+00:00,0.0533574,0.34812765964350006,0.055479690585,0.081,0.67,5.238421050131581,5.2384211,0.3099999501315809,0.0,0.589,1.1102230246251565e-16,0.0,1.9324967162254184e-17,1
2012-07-05 09:30:00+00:00,0.05337585,0.34814876187712507,0.055498874433750005,0.05,0.781,4.853684208026318,4.8536842,0.3847368501315813,0.0,0.731,0.0,-0.0,0.0,1
2012-07-05 10:00:00+00:00,0.05039925,0.34474426818562504,0.05240388016875,0.038,0.34,4.694736839605266,4.6947368,0.15894740802631802,0.0,0.302,5.551115123125783e-17,0.0,9.568575603680769e-18,1
2012-07-05 10:30:00+00:00,0.04915695,0.34332338445487504,0.051112167686249994,0.056,0.085,4.67947368171053,4.6794737,0.01526313960526604,0.0,0.029,3.469446951953614e-18,0.0,5.955711348656825e-19,1
2012-07-05 11:00:00+00:00,0.0477732,0.161340716933,0.04967337903,0.1,0.026,4.714623681710529,4.7146237,0.035150018289470175,0.074,0.0,0.0,1.3877787807814457e-17,-3.4467830693774015e-19,1
2012-07-05 11:30:00+00:00,0.0425211,0.15533361442774998,0.0442123767525,0.2,0.019,4.80059868171053,4.8005987,0.08597501828947074,0.181,0.0,0.0,2.7755575615628914e-17,-6.135699830503438e-19,1
2012-07-05 12:00:00+00:00,0.04063305,0.153174152520125,0.04224922956375,0.15,0.099,4.82482368171053,4.8248237,0.02422501828946988,0.051,0.0,0.0,-0.0,0.0,1
2012-07-05 12:30:00+00:00,0.04057155,0.15310381174137502,0.042185283401249996,0.175,0.076,4.87184868171053,4.8718487,0.04702501828947003,0.099,0.0,0.0,-0.0,0.0,1
2012-07-05 13:00:00+00:00,0.03764415,0.149755590672875,0.039141446066249995,0.213,0.042,4.95307368171053,4.9530737,0.08122501828947026,0.171,0.0,2.7755575615628914e-17,0.0,2.078276310392077e-18,1
2012-07-05 13:30:00+00:00,0.03646335,0.148405047720875,0.03791367974624999,0.106,0.024,4.9920236817105295,4.9920237,0.0389500182894702,0.082,0.0,1.3877787807814457e-17,0.0,1.029766880939441e-18,1
2012-07-05 14:00:00+00:00,0.0361005,0.14799003712625,0.037536397387499996,0.088,0.098,4.9920236817105295,4.9920237,1.8289470382626405e-08,0.0,0.0,0.010000000000000009,0.0,0.0007399501856312507,1
2012-07-05 14:30:00+00:00,0.03651255,0.148461320343875,0.037964836676249995,0.156,0.054,5.040473681710529,5.0404737,0.048450018289470265,0.102,0.0,0.0,-0.0,0.0,1
2012-07-05 15:00:00+00:00,0.03648795,0.14843318403237502,0.03793925821124999,0.181,0.035,5.109823681710529,5.1098237,0.0693500182894704,0.146,0.0,0.0,-0.0,0.0,1
2012-07-05 15:30:00+00:00,0.03629115,0.14820809354037498,0.03773463049125,0.1,0.261,5.109823681710529,5.1098237,1.8289470382626405e-08,0.0,0.0,0.161,0.0,0.011930751530000186,1
2012-07-05 16:00:00+00:00,0.0368508,0.14884819462700002,0.03831654057,0.056,0.088,5.109823681710529,5.1098237,1.8289470382626405e-08,0.0,0.0,0.031999999999999994,0.0,0.002381571114032,1
2012-07-05 16:30:00+00:00,0.0373797,0.14945312532425,0.0388664775675,0.031,0.198,5.109823681710529,5.1098237,1.8289470382626405e-08,0.0,0.0,0.167,0.0,0.012479335964574876,1
2012-07-05 17:00:00+00:00,0.04022715,0.152709903380375,0.04182718489125,0.013,1.437,5.109823681710529,5.1098237,1.8289470382626405e-08,0.0,0.0,1.4240000000000002,0.0,0.108729451206827,1
2012-07-05 17:30:00+00:00,0.04754565,0.161080456051625,0.04943677822875,0.0,1.305,4.743157892236845,4.7431579,0.36666578171052944,0.0,0.696665,0.608335,0.0,0.048995439616082645,1
2012-07-05 18:00:00+00:00,0.05485185,0.16943694056712502,0.05703358233375,0.0,1.312,4.0526315764473715,4.0526316,0.6905262922368456,0.0,1.312,0.0,-0.0,0.0,1
2012-07-05 18:30:00+00:00,0.0773424,0.19516056335600002,0.08041869396000001,0.0,1.388,3.3221052606578976,3.3221053,0.7305262764473714,0.0,1.388,0.0,-0.0,0.0,1
2012-07-05 19:00:00+00:00,0.08218245,0.20069638264362502,0.08545125694875,0.0,1.381,2.59526315539474,2.5952632,0.7268420606578974,0.0,1.381,0.0,-0.0,0.0,1
2012-07-05 19:30:00+00:00,0.0534312,0.16781206857800002,0.05555642598,0.0,0.732,2.209999997500003,2.21,0.3852631553947399,0.0,0.732,0.0,-0.0,0.0,1
2012-07-05 20:00:00+00:00,0.05203515,0.16621533290037502,0.05410484809125,0.0,0.506,1.9436842080263186,1.9436842,0.2663157975000028,0.0,0.506,0.0,-0.0,0.0,1
2012-07-05 20:30:00+00:00,0.054489,0.1690219299725,0.056656299975,0.0,0.485,1.6884210501315817,1.6884211,0.2552631080263186,0.0,0.485,0.0,-0.0,0.0,1
2012-07-05 21:00:00+00:00,0.05265015,0.16691874068787502,0.054744309716249995,0.0,0.534,1.4073684185526343,1.4073684,0.28105265013158176,0.0,0.534,0.0,-0.0,0.0,1
2012-07-05 21:30:00+00:00,0.049077,0.16283194144250002,0.051029037675,0.0,0.527,1.1299999975000028,1.13,0.2773684185526344,0.0,0.527,0.0,-0.0,0.0,1
2012-07-05 22:00:00+00:00,0.04015335,0.152625494445875,0.041750449496249994,0.0,0.639,1.1299999975000028,1.13,2.4999970982264585e-09,0.0,0.0,0.639,0.0,0.04876384547545706,1
2012-07-05 22:30:00+00:00,0.0531483,0.16748850099575,0.0552622736325,0.0,0.247,1.0,1.0,0.1299999975000028,0.0,0.247,0.0,-0.0,0.0,1
2012-07-05 23:00:00+00:00,0.04363425,0.156606782523125,0.04536980229374999,0.0,0.078,1.0,1.0,0.0,0.0,0.0,0.078,0.0,0.006107664518401875,1
2012-07-05 23:30:00+00:00,0.04577445,0.159054641623625,0.04759512874875,0.0,0.085,1.0,1.0,0.0,0.0,0.0,0.085,0.0,0.006759822269004063,1
2012-07-06 00:00:00+00:00,0.03957525,0.10246429112562502,0.04114935556875,0.0,0.128,1.5874999975000001,1.5875,0.5874999999999999,1.2368421,0.0,1.3648421000000002,0.0,0.06992378913745471,1
2012-07-06 00:30:00+00:00,0.03648795,0.09893318403237499,0.03793925821124999,0.0,0.085,2.2999999975,2.3,0.7125000024999997,1.5,0.0,1.585,0.0,0.07840454834565717,1
2012-07-06 01:00:00+00:00,0.03683235,0.099327092393375,0.038297356721249995,0.0,0.032,3.0124999975,3.0125,0.7125000025000001,1.5,0.0,1.532,0.0,0.07608455277332525,1
2012-07-06 01:30:00+00:00,0.03705375,0.099580319196875,0.03852756290625,0.0,0.028,3.7249999975,3.725,0.7125000025000001,1.5,0.0,1.528,0.0,0.07607936386641251,1
2012-07-06 02:00:00+00:00,0.0355347,0.09784290196175002,0.0369480926925,0.0,0.045,4.4374999975,4.4375,0.7125000025000001,1.5,0.0,1.545,0.0,0.07558364176545189,1
2012-07-06 02:30:00+00:00,0.03434775,0.096485324931875,0.035713931756250004,0.0,0.05,5.1499999975,5.15,0.7125000025000006,1.5,0.0,1.55,0.0,0.07477612682220314,1
2012-07-06 03:00:00+00:00,0.0338619,0.09592963277975002,0.0352087570725,0.0,0.017,5.8624999975000005,5.8625,0.7125000024999997,1.5,0.0,1.517,0.0,0.07276262646344038,1
2012-07-06 03:30:00+00:00,0.0338742,0.09594370093550002,0.035221546305,0.0,0.04,6.574999997500001,6.575,0.7125000024999997,1.5,0.0,1.54,0.0,0.07387664972033502,1
2012-07-06 04:00:00+00:00,0.03386805,0.095936666857625,0.035215151688749995,0.0,0.03,7.287499997500001,7.2875,0.7125000024999988,1.5,0.0,1.53,0.0,0.07339155014608313,1
2012-07-06 04:30:00+00:00,0.0336528,0.09569047413199999,0.03499134011999999,0.0,0.061,7.999999997500002,8.0,0.7125000024999988,1.5,0.0,1.561,0.0,0.07468641506002599,1
2012-07-06 05:00:00+00:00,0.03319155,0.325062918291375,0.034511743901249996,0.0,0.041,7.978421050131581,7.9784211,0.021578897500001304,0.0,0.041,0.0,-0.0,0.0,1
2012-07-06 05:30:00+00:00,0.0338619,0.32582963277975,0.0352087570725,0.006,0.033,7.964210523815791,7.9642105,0.014210550131580568,0.0,0.027,3.469446951953614e-18,0.0,5.652243131519346e-19,1
2012-07-06 06:00:00+00:00,0.03432315,0.326357188620375,0.035688353291249995,0.0,0.017,7.955263155394738,7.9552632,0.008947323815791108,0.0,0.017,0.0,-0.0,0.0,1
2012-07-06 06:30:00+00:00,0.03536865,0.327552981859125,0.03677543805375,0.0,0.069,7.9189473659210545,7.9189474,0.03631575539473797,0.0,0.069,0.0,-0.0,0.0,1
2012-07-06 07:00:00+00:00,0.03814845,0.33073238505862507,0.03966580459875,0.0,0.026,7.905263155394739,7.9052632,0.013684165921054259,0.0,0.026,0.0,-0.0,0.0,1
2012-07-06 07:30:00+00:00,0.04169085,0.33478401391462503,0.04334910355875,0.0,0.617,7.580526313289475,7.5805263,0.32473685539473873,0.0,0.617,0.0,-0.0,0.0,1
2012-07-06 08:00:00+00:00,0.04980885,0.34406899670962504,0.05178999700874999,0.019,1.743,6.791052629078949,6.7910526,0.7894737132894747,0.0,1.5,0.2240000000000002,0.0,0.03853572763147804,1
2012-07-06 08:30:00+00:00,0.0541692,0.34905615792300004,0.05632377993,0.031,1.469,6.034210523815791,6.0342105,0.7568421290789482,0.0,1.438,2.220446049250313e-16,0.0,3.875301834133094e-17,1
2012-07-06 09:00:00+00:00,0.0558789,0.35101163157225,0.058101483247499995,0.125,0.795,5.681578944868422,5.6815789,0.3526316238157907,0.0,0.67,0.0,-0.0,0.0,1
2012-07-06 09:30:00+00:00,0.0567153,0.35196826616325005,0.0589711510575,0.119,0.495,5.483684208026316,5.4836842,0.19789474486842185,0.0,0.376,0.0,-0.0,0.0,1
2012-07-06 10:00:00+00:00,0.05379405,0.34862707917262503,0.05593370833875,0.175,0.249,5.444736839605263,5.4447368,0.03894740802631613,0.0,0.074,1.3877787807814457e-17,0.0,2.4190863144079105e-18,1
2012-07-06 10:30:00+00:00,0.0507744,0.34517334693600005,0.05279395175999999,0.113,0.165,5.417368418552631,5.4173684,0.02736843960526336,0.0,0.052,6.938893903907228e-18,0.0,1.1975606164227328e-18,1
2012-07-06 11:00:00+00:00,0.0436035,0.15657161213375,0.0453378292125,0.169,0.195,5.403684208026315,5.4036842,0.013684218552631577,0.0,0.026,0.0,3.469446951953614e-18,-7.864859668475083e-20,1
2012-07-06 11:30:00+00:00,0.04346205,0.156409828342625,0.04519075303875,0.213,0.201,5.4093842080263155,5.4093842,0.005699991973684426,0.012,0.0,2.7755575615628914e-17,0.0,2.1706224087956335e-18,1
2012-07-06 12:00:00+00:00,0.0408483,0.15342034524575,0.04247304113249999,0.169,0.148,5.419359208026315,5.4193592,0.009974991973684233,0.021,0.0,0.0,2.7755575615628914e-17,-5.894318523894103e-19,1
2012-07-06 12:30:00+00:00,0.0403071,0.15280134639275,0.041910314902499995,0.125,0.161,5.419359208026315,5.4193592,8.026315612141843e-09,0.0,0.0,0.036000000000000004,0.0,0.0027504242350695003,1
2012-07-06 13:00:00+00:00,0.0380931,0.15026907835775,0.03960825305249999,0.188,0.248,5.419359208026315,5.4193592,8.026315612141843e-09,0.0,0.0,0.06,0.0,0.0045080723507325,1
2012-07-06 13:30:00+00:00,0.044526,0.157626723815,0.04629702165,0.113,0.08,5.435034208026315,5.4350342,0.01567499197368427,0.033,0.0,0.0,-0.0,0.0,1
2012-07-06 14:00:00+00:00,0.04315455,0.15605812444887499,0.044871022226249994,0.106,0.02,5.475884208026315,5.4758842,0.04084999197368511,0.086,0.0,0.0,-0.0,0.0,1
2012-07-06 14:30:00+00:00,0.0376257,0.14973448843925,0.039122262217499995,0.113,0.121,5.475884208026315,5.4758842,8.026314723963424e-09,0.0,0.0,0.007999999999999993,0.0,0.0005989379537569995,1
2012-07-06 15:00:00+00:00,0.0387327,0.15100062245674997,0.04027329314249999,0.025,0.181,5.475884208026315,5.4758842,8.026314723963424e-09,0.0,0.0,0.156,0.0,0.011778048551626497,1
2012-07-06 15:30:00+00:00,0.03865275,0.15090917944437499,0.04019016313125,0.056,0.174,5.475884208026315,5.4758842,8.026314723963424e-09,0.0,0.0,0.118,0.0,0.008903641587218123,1
2012-07-06 16:00:00+00:00,0.0404793,0.15299830057324998,0.042089364157499996,0.038,1.029,5.462105263289473,5.4621053,0.013778908026314873,0.0,0.026179995,0.9648200049999999,0.0,0.07380791056203727,1
2012-07-06 16:30:00+00:00,0.0404055,0.15291389163875,0.0420126287625,0.006,0.992,5.462105263289473,5.4621053,3.671052706266664e-08,0.0,0.0,0.986,0.0,0.07538654857790375,1
2012-07-06 17:00:00+00:00,0.0414018,0.1540534122545,0.043048556594999995,0.0,1.049,4.9100000001315784,4.91,0.552105263289473,0.0,1.049,0.0,-0.0,0.0,1
2012-07-06 17:30:00+00:00,0.0453624,0.15858335840600002,0.047166689459999994,0.0,1.55,4.120526315921052,4.1205263,0.7894737001315786,0.0,1.5,0.050000000000000044,0.0,0.003964583960150004,1
2012-07-06 18:00:00+00:00,0.05326515,0.16762214847537502,0.05538377134125,0.0,1.17,3.5047368422368415,3.5047368,0.615789515921052,0.0,1.17,0.0,-0.0,0.0,1
2012-07-06 18:30:00+00:00,0.04825905,0.161896409085125,0.05017855371374999,0.0,1.122,2.9142105264473677,2.9142105,0.5905263422368416,0.0,1.122,0.0,-0.0,0.0,1
2012-07-06 19:00:00+00:00,0.0486096,0.16229735152400002,0.050543046839999994,0.0,0.727,2.531578947499999,2.5315789,0.3826316264473677,0.0,0.727,0.0,-0.0,0.0,1
2012-07-06 19:30:00+00:00,0.04193685,0.154665377029625,0.04360488820874999,0.0,0.757,2.13315789486842,2.1331579,0.39842104749999896,0.0,0.757,0.0,-0.0,0.0,1
2012-07-06 20:00:00+00:00,0.0382161,0.15040975991525,0.0397361453775,0.0,0.867,2.13315789486842,2.1331579,5.13158004977754e-09,0.0,0.0,0.867,0.0,0.06520263092326087,1
2012-07-06 20:30:00+00:00,0.0453747,0.15859742656175,0.04717947869249999,0.0,0.905,1.6568421053947358,1.6568421,0.47631579486842,0.0,0.905,0.0,-0.0,0.0,1
2012-07-06 21:00:00+00:00,0.0452394,0.1584426768485,0.047038797135,0.0,0.907,1.179473684342104,1.1794737,0.4773684053947358,0.0,0.907,0.0,-0.0,0.0,1
2012-07-06 21:30:00+00:00,0.03977205,0.152189381617625,0.04135398328875,0.0,0.828,1.179473684342104,1.1794737,1.565789586877031e-08,0.0,0.0,0.828,0.0,0.06300640398969674,1
2012-07-06 22:00:00+00:00,0.0400365,0.15249184696624998,0.0416289517875,0.0,0.73,1.179473684342104,1.1794737,1.565789586877031e-08,0.0,0.0,0.73,0.0,0.055659524142681244,1
2012-07-06 22:30:00+00:00,0.04797,0.16156580742499999,0.049878006749999995,0.0,0.234,1.056315789605262,1.0563158,0.12315788434210417,0.0,0.234,0.0,-0.0,0.0,1
2012-07-06 23:00:00+00:00,0.0398028,0.152224552007,0.04138595637,0.0,0.102,1.056315789605262,1.0563158,1.0394737959273925e-08,0.0,0.0,0.102,0.0,0.007763452152356999,1
2012-07-06 23:30:00+00:00,0.0452886,0.1584989494715,0.047089954064999995,0.0,0.107,1.0000000001315776,1.0,0.05631578960526196,0.0,0.107,0.0,-0.0,0.0,1
2012-07-07 00:00:00+00:00,0.0423366,0.10562259209150002,0.044020538265,0.0,0.165,1.5874999976315776,1.5875,0.5874999998684223,1.2368421,0.0,1.4018421,0.0,0.0740330981524959,1
2012-07-07 00:30:00+00:00,0.03867735,0.10143731575587499,0.04021574159624999,0.0,0.103,2.2999999976315775,2.3,0.7125000023684223,1.5,0.0,1.603,0.0,0.0813020085783338,1
2012-07-07 01:00:00+00:00,0.0371091,0.09964362589775001,0.03858511445249999,0.0,0.104,3.0124999976315774,3.0125,0.7125000023684227,1.5,0.0,1.604,0.0,0.07991418796999551,1
2012-07-07 01:30:00+00:00,0.0364572,0.09889801364300002,0.03790728513,0.0,0.102,3.7249999976315773,3.725,0.7125000023684227,1.5,0.0,1.602,0.0,0.07921730892804302,1
2012-07-07 02:00:00+00:00,0.03541785,0.09770925448212502,0.03682659498375,0.0,0.163,4.437499997631577,4.4375,0.7125000023684227,1.5,0.0,1.663,0.0,0.08124524510188695,1
2012-07-07 02:30:00+00:00,0.03379425,0.095852257923125,0.03513841629375,0.0,0.101,5.149999997631577,5.15,0.7125000023684231,1.5,0.0,1.601,0.0,0.07672973246746156,1
2012-07-07 03:00:00+00:00,0.03386805,0.095936666857625,0.035215151688749995,0.0,0.115,5.862499997631577,5.8625,0.7125000023684231,1.5,0.0,1.615,0.0,0.07746885848753218,1
2012-07-07 03:30:00+00:00,0.03383115,0.09589446239037501,0.035176783991249995,0.0,0.115,6.574999997631577,6.575,0.7125000023684231,1.5,0.0,1.615,0.0,0.07743477838022782,1
2012-07-07 04:00:00+00:00,0.03384345,0.09590853054612498,0.03518957322374999,0.0,0.148,7.287499997631578,7.2875,0.7125000023684223,1.5,0.0,1.648,0.0,0.07902862917000698,1
2012-07-07 04:30:00+00:00,0.0331116,0.09507147527900002,0.034428613889999994,0.0,0.118,7.999999997631578,8.0,0.7125000023684223,1.5,0.0,1.6179999999999999,0.0,0.076912823500711,1
2012-07-07 05:00:00+00:00,0.0331608,0.325027747902,0.03447977082,0.0,0.1,7.94736841868421,7.9473684,0.052631597631577876,0.0,0.1,0.0,-0.0,0.0,1
2012-07-07 05:30:00+00:00,0.03328995,0.32517546353737503,0.03461405776125,0.0,0.133,7.87736841868421,7.8773684,0.07000001868421002,0.0,0.133,0.0,-0.0,0.0,1
2012-07-07 06:00:00+00:00,0.03182625,0.323501353003125,0.03309213909375,0.0,0.115,7.816842102894736,7.8168421,0.06052631868420999,0.0,0.115,0.0,-0.0,0.0,1
2012-07-07 06:30:00+00:00,0.03295785,0.324795623332125,0.03426874848374999,0.0,0.208,7.70736841868421,7.7073684,0.10947370289473568,0.0,0.208,0.0,-0.0,0.0,1
2012-07-07 07:00:00+00:00,0.0326688,0.32446502167200003,0.03396820151999999,0.0,0.159,7.623684208157894,7.6236842,0.08368421868421017,0.0,0.159,0.0,-0.0,0.0,1
2012-07-07 07:30:00+00:00,0.0339603,0.32594217802575004,0.0353110709325,0.0,0.461,7.381052629210526,7.3810526,0.24263160815789409,0.0,0.461,0.0,-0.0,0.0,1
2012-07-07 08:00:00+00:00,0.0345507,0.32661744950175003,0.035924954092499996,0.013,1.871,6.591578944999999,6.5915789,0.7894737292105258,0.0,1.5,0.3580000000000001,0.0,0.058464523460813274,1
2012-07-07 08:30:00+00:00,0.038499,0.3311333274975,0.040030297725,0.025,1.531,5.802105260789473,5.8021053,0.7894736449999993,0.0,1.5,0.006000000000000005,0.0,0.000993399982492501,1
2012-07-07 09:00:00+00:00,0.04545465,0.33908886957412504,0.04726260870374999,0.031,1.072,5.254210523947368,5.2542105,0.5478947607894726,0.0,1.041,2.220446049250313e-16,0.0,3.764642703953103e-17,1
2012-07-07 09:30:00+00:00,0.04822215,0.34225420461787504,0.05014018601624999,0.031,0.464,5.026315787105262,5.0263158,0.22789472394736787,0.0,0.433,5.551115123125783e-17,0.0,9.499462456038361e-18,1
2012-07-07 10:00:00+00:00,0.04519635,0.338793438303375,0.04699403482125,0.038,0.385,4.843684208157894,4.8436842,0.18263158710526195,0.0,0.347,5.551115123125783e-17,0.0,9.403406894908234e-18,1
2012-07-07 10:30:00+00:00,0.0423612,0.335550728403,0.044046116729999994,0.044,0.238,4.741578945,4.7415789,0.10210530815789376,0.0,0.194,0.0,-0.0,0.0,1
2012-07-07 11:00:00+00:00,0.03755805,0.149657113582625,0.03905192143875,0.05,0.275,4.741578945,4.7415789,4.4999999282424596e-08,0.0,0.0,0.22500000000000003,0.0,0.016836425278045318,1
2012-07-07 11:30:00+00:00,0.0361497,0.14804630974925,0.037587554317499994,0.1,0.365,4.741578945,4.7415789,4.4999999282424596e-08,0.0,0.0,0.265,0.0,0.019616136041775627,1
2012-07-07 12:00:00+00:00,0.03559005,0.147406208662625,0.03700564423874999,0.213,0.205,4.745378945,4.7453789,0.003799955000000743,0.008,0.0,0.0,-0.0,0.0,1
2012-07-07 12:30:00+00:00,0.0348336,0.146541017084,0.036219106439999996,0.2,0.125,4.781003944999999,4.7810039,0.03562495500000029,0.075,0.0,0.0,-0.0,0.0,1
2012-07-07 13:00:00+00:00,0.0351165,0.14686458466625002,0.0365132587875,0.213,0.099,4.835153944999999,4.8351539,0.05414995500000064,0.114,0.0,2.7755575615628914e-17,0.0,2.0381555424810185e-18,1
2012-07-07 13:30:00+00:00,0.0346491,0.14632999474775002,0.0360272679525,0.175,0.137,4.853203944999999,4.8532039,0.018049955000000395,0.038,0.0,2.7755575615628914e-17,0.0,2.0307366170278787e-18,1
2012-07-07 14:00:00+00:00,0.03389265,0.145464803169125,0.03524073015375,0.1,0.124,4.853203944999999,4.8532039,4.4999999282424596e-08,0.0,0.0,0.023999999999999994,0.0,0.0017455776380294996,1
2012-07-07 14:30:00+00:00,0.0339726,0.1455562461815,0.035323860165,0.063,0.099,4.853203944999999,4.8532039,4.4999999282424596e-08,0.0,0.0,0.036000000000000004,0.0,0.0026200124312670005,1
2012-07-07 15:00:00+00:00,0.03395415,0.14553514394787498,0.03530467631625,0.013,0.688,4.853203944999999,4.8532039,4.4999999282424596e-08,0.0,0.0,0.6749999999999999,0.0,0.0491181110824078,1
2012-07-07 15:30:00+00:00,0.0353625,0.14714594778125,0.036769043437499996,0.069,1.072,4.853203944999999,4.8532039,4.4999999282424596e-08,0.0,0.0,1.0030000000000001,0.0,0.07379369281229689,1
2012-07-07 16:00:00+00:00,0.0366294,0.14859496782349998,0.038086334385,0.013,1.033,4.853203944999999,4.8532039,4.4999999282424596e-08,0.0,0.0,1.02,0.0,0.07578343358998499,1
2012-07-07 16:30:00+00:00,0.03818535,0.15037458952587499,0.03970417229625,0.013,1.0,4.853203944999999,4.8532039,4.4999999282424596e-08,0.0,0.0,0.987,0.0,0.0742098599310193,1
2012-07-07 17:00:00+00:00,0.04407705,0.15711323613012498,0.045830214663749994,0.0,1.31,4.163730260789473,4.1637303,0.6894736449999987,0.0,1.31,0.0,-0.0,0.0,1
2012-07-07 17:30:00+00:00,0.05060835,0.164583426833375,0.05262129712125,0.0,0.981,3.6474144713157886,3.6474145,0.5163157607894728,0.0,0.981,0.0,-0.0,0.0,1
2012-07-07 18:00:00+00:00,0.0596181,0.17488835092025,0.061989409927499996,0.0,0.528,3.369519734473683,3.3695197,0.27789477131578844,0.0,0.528,0.0,-0.0,0.0,1
2012-07-07 18:30:00+00:00,0.06343725,0.179256513280625,0.06596046661874999,0.0,0.897,2.8974144713157886,2.8974145,0.47210523447368313,0.0,0.897,0.0,-0.0,0.0,1
2012-07-07 19:00:00+00:00,0.0563463,0.17114622149074998,0.0585874740825,0.0,0.615,2.573730260789473,2.5737303,0.32368417131578875,0.0,0.615,0.0,-0.0,0.0,1
2012-07-07 19:30:00+00:00,0.0528039,0.16709459263475,0.0549041751225,0.0,0.733,2.1879407871052625,2.1879408,0.3857894607894732,0.0,0.733,0.0,-0.0,0.0,1
2012-07-07 20:00:00+00:00,0.0481914,0.1618190342285,0.050108212935,0.0,0.716,1.8110986818421047,1.8110987,0.37684208710526246,0.0,0.716,0.0,-0.0,0.0,1
2012-07-07 20:30:00+00:00,0.04465515,0.15777443945037498,0.04643130859124999,0.0,0.68,1.4532039449999994,1.4532039,0.35789478184210455,0.0,0.68,0.0,-0.0,0.0,1
2012-07-07 21:00:00+00:00,0.0430377,0.15592447696925002,0.0447495245175,0.0,0.67,1.100572366052631,1.1005724,0.3526315449999995,0.0,0.67,0.0,-0.0,0.0,1
2012-07-07 21:30:00+00:00,0.0379209,0.15007212417725,0.03942920379749999,0.0,0.751,1.100572366052631,1.1005724,3.3947368915931975e-08,0.0,0.0,0.751,0.0,0.05635208262855737,1
2012-07-07 22:00:00+00:00,0.03721365,0.149263205221625,0.03869382292875,0.0,0.802,1.100572366052631,1.1005724,3.3947368915931975e-08,0.0,0.0,0.802,0.0,0.05985454529387163,1
2012-07-07 22:30:00+00:00,0.0395076,0.151886916269,0.04107901479,0.0,0.357,1.0,1.0,0.10057236605263098,0.0,0.1910875,0.1659125,0.0,0.01259996899774023,1
2012-07-07 23:00:00+00:00,0.03797625,0.150135430878125,0.03948675534375,0.0,0.293,1.0,1.0,0.0,0.0,0.0,0.293,0.0,0.02199484062364531,1
2012-07-07 23:30:00+00:00,0.0375765,0.14967821581625002,0.0390711052875,0.0,0.426,1.0,1.0,0.0,0.0,0.0,0.426,0.0,0.03188145996886125,1
2012-07-08 00:00:00+00:00,0.0359037,0.09826494663425002,0.037331769667499994,0.006,0.522,1.5874999975000001,1.5875,0.5874999999999999,1.2368421,0.0,1.7528421,0.0,0.08612146770738337,1
2012-07-08 00:30:00+00:00,0.03378195,0.095838189767375,0.03512562706124999,0.0,0.05,2.2999999975,2.3,0.7125000024999997,1.5,0.0,1.55,0.0,0.07427459706971563,1
2012-07-08 01:00:00+00:00,0.0338619,0.09592963277975002,0.0352087570725,0.0,0.065,3.0124999975,3.0125,0.7125000025000001,1.5,0.0,1.565,0.0,0.07506493765015439,1
2012-07-08 01:30:00+00:00,0.0339972,0.09608438249300001,0.03534943863,0.0,0.107,3.7249999975,3.725,0.7125000025000001,1.5,0.0,1.607,0.0,0.0772038013331255,1
2012-07-08 02:00:00+00:00,0.0341694,0.09628133667350001,0.035528487885,0.0,0.048,4.4374999975,4.4375,0.7125000025000001,1.5,0.0,1.548,0.0,0.07452175458528901,1
2012-07-08 02:30:00+00:00,0.0336405,0.09567640597625002,0.034978550887499994,0.0,0.048,5.1499999975,5.15,0.7125000025000006,1.5,0.0,1.548,0.0,0.07405353822561751,1
2012-07-08 03:00:00+00:00,0.0320415,0.09384754572875001,0.033315950662499996,0.0,0.049,5.8624999975000005,5.8625,0.7125000024999997,1.5,0.0,1.549,0.0,0.07268492416691688,1
2012-07-08 03:30:00+00:00,0.03112515,0.09279946812537503,0.03236315284125,0.0,0.089,6.574999997500001,6.575,0.7125000024999997,1.5,0.0,1.589,0.0,0.07372917742561046,1
2012-07-08 04:00:00+00:00,0.0311559,0.09283463851475002,0.0323951259225,0.0,0.066,7.287499997500001,7.2875,0.7125000024999988,1.5,0.0,1.566,0.0,0.07268952195704927,1
2012-07-08 04:30:00+00:00,0.03067005,0.09227894636262501,0.03188995123875,0.0,0.063,7.999999997500002,8.0,0.7125000024999988,1.5,0.0,1.563,0.0,0.07211599658239144,1
2012-07-08 05:00:00+00:00,0.03075615,0.322277423452875,0.031979475866249996,0.0,0.048,7.9747368396052645,7.9747368,0.025263197500001944,0.0,0.048,0.0,-0.0,0.0,1
2012-07-08 05:30:00+00:00,0.03037485,0.321841310624625,0.031583009658749994,0.0,0.066,7.939999997500001,7.94,0.03473683960526408,0.0,0.066,0.0,-0.0,0.0,1
2012-07-08 06:00:00+00:00,0.0302211,0.32166545867775004,0.0314231442525,0.0,0.093,7.891052629078948,7.8910526,0.04894739750000099,0.0,0.093,0.0,-0.0,0.0,1
2012-07-08 06:30:00+00:00,0.0305778,0.3220734351945,0.031794031995,0.0,0.08,7.848947365921053,7.8489474,0.04210522907894809,0.0,0.08,0.0,-0.0,0.0,1
2012-07-08 07:00:00+00:00,0.03124815,0.32284014968287505,0.032491045166249996,0.0,0.048,7.823684208026316,7.8236842,0.0252631659210536,0.0,0.048,0.0,-0.0,0.0,1
2012-07-08 07:30:00+00:00,0.0334068,0.32530911101700005,0.03473555546999999,0.0,0.189,7.72421052381579,7.7242105,0.09947370802631639,0.0,0.189,0.0,-0.0,0.0,1
2012-07-08 08:00:00+00:00,0.03404025,0.32603362103812505,0.035394200943749995,0.006,1.961,6.9347368396052635,6.9347368,0.7894737238157905,0.0,1.5,0.45500000000000007,0.0,0.07417264878617347,1
2012-07-08 08:30:00+00:00,0.03488895,0.32700432378487504,0.036276657986249995,0.013,1.625,6.145263155394737,6.1452632,0.789473639605264,0.0,1.5,0.1120000000000001,0.0,0.018312242131953017,1
2012-07-08 09:00:00+00:00,0.03495045,0.32707466456362505,0.03634060414875,0.019,1.093,5.5799999975,5.58,0.5652631553947369,0.0,1.074,0.0,-0.0,0.0,1
2012-07-08 09:30:00+00:00,0.034686,0.326772199215,0.03606563565,0.025,0.376,5.395263155394737,5.3952632,0.18473679750000027,0.0,0.351,0.0,-0.0,0.0,1
2012-07-08 10:00:00+00:00,0.03563925,0.327862481285625,0.03705680116874999,0.025,0.328,5.23578947118421,5.2357895,0.1594736553947369,0.0,0.303,0.0,-0.0,0.0,1
2012-07-08 10:30:00+00:00,0.03544245,0.3276373907936251,0.03685217344875,0.038,0.141,5.181578944868421,5.1815789,0.054210571184210465,0.0,0.103,0.0,1.3877787807814457e-17,-2.557133216892632e-19,1
2012-07-08 11:00:00+00:00,0.03433545,0.145971256776125,0.03570114252375,0.05,0.098,5.181578944868421,5.1815789,4.486842097861654e-08,0.0,0.0,0.048,0.0,0.003503310162627,1
2012-07-08 11:30:00+00:00,0.03444615,0.146097870177875,0.03581624561625,0.094,0.065,5.195353944868421,5.1953539,0.013774955131578892,0.029,0.0,0.0,-0.0,0.0,1
2012-07-08 12:00:00+00:00,0.03442155,0.146069733866375,0.035790667151250004,0.106,0.062,5.216253944868421,5.2162539,0.020899955131579162,0.044,0.0,0.0,-0.0,0.0,1
2012-07-08 12:30:00+00:00,0.03444615,0.146097870177875,0.03581624561625,0.075,0.201,5.216253944868421,5.2162539,4.486842097861654e-08,0.0,0.0,0.126,0.0,0.009204165821206126,1
2012-07-08 13:00:00+00:00,0.03381885,0.145380394234625,0.03516399475874999,0.113,0.417,5.216253944868421,5.2162539,4.486842097861654e-08,0.0,0.0,0.304,0.0,0.022097819923663,1
2012-07-08 13:30:00+00:00,0.033825,0.1453874283125,0.035170389375,0.069,0.161,5.216253944868421,5.2162539,4.486842097861654e-08,0.0,0.0,0.092,0.0,0.006687821702375,1
2012-07-08 14:00:00+00:00,0.03381885,0.145380394234625,0.03516399475874999,0.044,0.799,5.216253944868421,5.2162539,4.486842097861654e-08,0.0,0.0,0.755,0.0,0.054881098823570944,1
2012-07-08 14:30:00+00:00,0.03375735,0.145310053455875,0.03510004859625,0.138,0.27,5.216253944868421,5.2162539,4.486842097861654e-08,0.0,0.0,0.132,0.0,0.009590463528087751,1
2012-07-08 15:00:00+00:00,0.03384345,0.14540853054612501,0.03518957322374999,0.219,0.247,5.216253944868421,5.2162539,4.486842097861654e-08,0.0,0.0,0.027999999999999997,0.0,0.00203571942764575,1
2012-07-08 15:30:00+00:00,0.03444615,0.146097870177875,0.03581624561625,0.144,0.158,5.216253944868421,5.2162539,4.486842097861654e-08,0.0,0.0,0.014000000000000012,0.0,0.001022685091245126,1
2012-07-08 16:00:00+00:00,0.0344154,0.1460626997885,0.035784272534999995,0.019,0.173,5.216253944868421,5.2162539,4.486842097861654e-08,0.0,0.0,0.154,0.0,0.0112468278837145,1
2012-07-08 16:30:00+00:00,0.0351165,0.14686458466625002,0.0365132587875,0.006,1.656,5.216253944868421,5.2162539,4.486842097861654e-08,0.0,0.0,1.65,0.0,0.12116328234965626,1
2012-07-08 17:00:00+00:00,0.04011645,0.152583289978625,0.041712081798749995,0.0,1.139,5.216253944868421,5.2162539,4.486842097861654e-08,0.0,0.0,1.139,0.0,0.08689618364282693,1
2012-07-08 17:30:00+00:00,0.0465309,0.15991983320225,0.0483816665475,0.0,0.699,4.848359208026316,4.8483592,0.3678947448684209,0.0,0.699,0.0,-0.0,0.0,1
2012-07-08 18:00:00+00:00,0.05857875,0.173699591759375,0.060908719781249995,0.0,1.535,4.058885523815789,4.0588855,0.7894737080263159,0.0,1.5,0.03499999999999992,0.0,0.0030397428557890553,1
2012-07-08 18:30:00+00:00,0.0590646,0.1742552839115,0.061413894465,0.0,1.197,3.428885523815789,3.4288855,0.6300000238157892,0.0,1.197,0.0,-0.0,0.0,1
2012-07-08 19:00:00+00:00,0.05600805,0.170759347207625,0.05823577018874999,0.0,1.15,2.8236223659210524,2.8236224,0.6052631238157891,0.0,1.15,0.0,-0.0,0.0,1
2012-07-08 19:30:00+00:00,0.051168,0.16522352792,0.05320320719999999,0.0,0.867,2.367306576447368,2.3673066,0.4563157659210524,0.0,0.867,0.0,-0.0,0.0,1
2012-07-08 20:00:00+00:00,0.04977195,0.163626792242375,0.05175162931125,0.0,0.92,1.8830960501315785,1.8830961,0.48421047644736825,0.0,0.92,0.0,-0.0,0.0,1
2012-07-08 20:30:00+00:00,0.0468753,0.16031374156325,0.048739765057499995,0.006,0.822,1.4536223659210523,1.4536224,0.42947365013157857,0.0,0.816,0.0,-0.0,0.0,1
2012-07-08 21:00:00+00:00,0.04126035,0.153891628463375,0.04290148042125,0.0,0.769,1.4300000001315787,1.43,0.02362236592105238,0.0,0.044882495,0.724117505,0.0,0.055717811021643054,1
2012-07-08 21:30:00+00:00,0.0430254,0.15591040881350002,0.044736735284999996,0.0,0.817,1.0000000001315787,1.0,0.4300000001315787,0.0,0.817,0.0,-0.0,0.0,1
2012-07-08 22:00:00+00:00,0.0392493,0.15159148499825,0.0408104409075,0.0,0.74,1.0000000001315787,1.0,1.315787478972652e-10,0.0,0.0,0.74,0.0,0.0560888494493525,1
2012-07-08 22:30:00+00:00,0.0363711,0.14829953655275,0.0378177605025,0.0,0.648,1.0000000001315787,1.0,1.315787478972652e-10,0.0,0.0,0.648,0.0,0.048049049843090996,1
2012-07-08 23:00:00+00:00,0.03563925,0.147462481285625,0.03705680116874999,0.0,0.703,1.0000000001315787,1.0,1.315787478972652e-10,0.0,0.0,0.703,0.0,0.05183306217189718,1
2012-07-08 23:30:00+00:00,0.0360759,0.14796190081475,0.037510818922499994,0.0,0.715,1.0000000001315787,1.0,1.315787478972652e-10,0.0,0.0,0.715,0.0,0.052896379541273124,1
2012-07-09 00:00:00+00:00,0.03561465,0.09793434497412501,0.03703122270374999,0.0,0.418,1.587499997631579,1.5875,0.5874999998684212,1.2368421,0.0,1.6548421,0.0,0.08103293854955274,1
2012-07-09 00:30:00+00:00,0.03374505,0.09579598530012501,0.03508725936375,0.0,0.111,2.299999997631579,2.3,0.7125000023684209,1.5,0.0,1.611,0.0,0.07716366615925069,1
2012-07-09 01:00:00+00:00,0.03391725,0.09599293948062503,0.03526630861875,0.0,0.071,3.0124999976315787,3.0125,0.7125000023684214,1.5,0.0,1.571,0.0,0.07540245396203095,1
2012-07-09 01:30:00+00:00,0.0341202,0.09622506405050002,0.035477330955000004,0.0,0.065,3.7249999976315786,3.725,0.7125000023684214,1.5,0.0,1.565,0.0,0.07529611261951626,1
2012-07-09 02:00:00+00:00,0.0338496,0.09591556462400001,0.03519596784,0.0,0.063,4.437499997631578,4.4375,0.7125000023684214,1.5,0.0,1.563,0.0,0.074958013753656,1
2012-07-09 02:30:00+00:00,0.03370815,0.095753780832875,0.03504889166625,0.0,0.088,5.1499999976315785,5.15,0.7125000023684223,1.5,0.0,1.588,0.0,0.07602850198130276,1
2012-07-09 03:00:00+00:00,0.0326688,0.09456502167199998,0.03396820151999999,0.0,0.052,5.862499997631579,5.8625,0.7125000023684214,1.5,0.0,1.552,0.0,0.07338245681747199,1
2012-07-09 03:30:00+00:00,0.03153105,0.093263717265125,0.032785197513749996,0.0,0.07,6.574999997631579,6.575,0.7125000023684214,1.5,0.0,1.57,0.0,0.07321201805312313,1
2012-07-09 04:00:00+00:00,0.0311928,0.092876842982,0.032433493619999997,0.0,0.047,7.2874999976315795,7.2875,0.7125000023684205,1.5,0.0,1.547,0.0,0.07184023804657699,1
2012-07-09 04:30:00+00:00,0.03178935,0.09355914853587502,0.03305377139625,0.0,0.092,7.99999999763158,8.0,0.7125000023684205,1.5,0.0,1.592,0.0,0.07447308223455652,1
2012-07-09 05:00:00+00:00,0.03415095,0.326160234439875,0.035509304036249995,0.0,0.06,7.968421050263159,7.9684211,0.03157889763158028,0.0,0.06,0.0,-0.0,0.0,1
2012-07-09 05:30:00+00:00,0.0344892,0.3265471087230001,0.035861007929999994,0.0,0.065,7.934210523947369,7.9342105,0.034210550263159334,0.0,0.065,0.0,-0.0,0.0,1
2012-07-09 06:00:00+00:00,0.03604515,0.328326730425375,0.03747884584125,0.0,0.047,7.9094736818421065,7.9094737,0.02473682394736887,0.0,0.047,0.0,-0.0,0.0,1
2012-07-09 06:30:00+00:00,0.04057155,0.33350381174137506,0.042185283401249996,0.0,0.063,7.8763157871052645,7.8763158,0.03315788184210611,0.0,0.063,0.0,-0.0,0.0,1
2012-07-09 07:00:00+00:00,0.0448581,0.33840656402025,0.046642330927499996,0.0,1.27,7.207894734473685,7.2078947,0.6684210871052647,0.0,1.27,0.0,-0.0,0.0,1
2012-07-09 07:30:00+00:00,0.04326525,0.33658473785062504,0.044986125318749993,0.0,1.812,6.4184210502631585,6.4184211,0.7894736344736852,0.0,1.5,0.31200000000000006,0.0,0.052507219104697515,1
2012-07-09 08:00:00+00:00,0.0521028,0.34669270775700006,0.05417518886999999,0.006,1.254,5.761578945,5.7615789,0.6568421502631585,0.0,1.248,0.0,-0.0,0.0,1
2012-07-09 08:30:00+00:00,0.0554484,0.35051924612100005,0.05765386011,0.019,0.888,5.3042105239473685,5.3042105,0.4573684450000002,0.0,0.869,0.0,-0.0,0.0,1
2012-07-09 09:00:00+00:00,0.0549933,0.34999872435825,0.057180658507499996,0.025,0.343,5.136842102894737,5.1368421,0.1673684239473685,0.0,0.318,0.0,-0.0,0.0,1
2012-07-09 09:30:00+00:00,0.0552762,0.3503222919405,0.057474810854999996,0.013,0.43,4.917368418684211,4.9173684,0.2194737028947369,0.0,0.417,0.0,-0.0,0.0,1
2012-07-09 10:00:00+00:00,0.0532221,0.34797290993025004,0.0553390090275,0.013,0.41,4.708421050263158,4.7084211,0.2089473186842108,0.0,0.397,0.0,5.551115123125783e-17,-1.5359660495567472e-18,1
2012-07-09 10:30:00+00:00,0.04862805,0.342718453757625,0.050562230688749994,0.044,0.213,4.619473681842105,4.6194737,0.08894735026315725,0.0,0.169,0.0,2.7755575615628914e-17,-7.016919085882366e-19,1
2012-07-09 11:00:00+00:00,0.04844355,0.162107431421375,0.050370392201249996,0.075,0.119,4.5963157871052625,4.5963158,0.023157881842104544,0.0,0.044,0.0,-0.0,0.0,1
2012-07-09 11:30:00+00:00,0.0465924,0.159990173981,0.048445612709999995,0.088,0.247,4.512631576578947,4.5126316,0.08368418710526271,0.0,0.159,0.0,-0.0,0.0,1
2012-07-09 12:00:00+00:00,0.04737345,0.160883501871125,0.04925772897374999,0.106,0.185,4.471052629210526,4.4710526,0.041578976578946936,0.0,0.079,0.0,-0.0,0.0,1
2012-07-09 12:30:00+00:00,0.0466908,0.160102719227,0.04854792656999999,0.094,0.194,4.418421050263158,4.4184211,0.05263152921052594,0.0,0.1,0.0,-0.0,0.0,1
2012-07-09 13:00:00+00:00,0.0467646,0.1601871281615,0.048624661964999996,0.094,0.267,4.32736841868421,4.3273684,0.09105265026315745,0.0,0.173,2.7755575615628914e-17,0.0,2.2230429741684764e-18,1
2012-07-09 13:30:00+00:00,0.04620495,0.159547027074875,0.04804275188625,0.056,0.146,4.279999997631578,4.28,0.0473684186842096,0.0,0.09,0.0,-0.0,0.0,1
2012-07-09 14:00:00+00:00,0.0457437,0.15901947123425,0.047563155667499996,0.063,0.084,4.279999997631578,4.28,2.368421903042872e-09,0.0,0.0,0.021000000000000005,0.0,0.0016697044479596255,1
2012-07-09 14:30:00+00:00,0.0430992,0.155994817748,0.044813470679999995,0.15,0.075,4.315624997631578,4.315625,0.03562500236842148,0.075,0.0,0.0,-0.0,0.0,1
2012-07-09 15:00:00+00:00,0.0410943,0.15370170836075,0.0427288257825,0.213,0.083,4.377374997631578,4.377375,0.061750002368421875,0.13,0.0,2.7755575615628914e-17,0.0,2.1330396943290698e-18,1
2012-07-09 15:30:00+00:00,0.0409344,0.15351882233599998,0.04256256576,0.15,0.085,4.408249997631578,4.40825,0.03087500236842189,0.065,0.0,2.7755575615628914e-17,0.0,2.130501640884574e-18,1
2012-07-09 16:00:00+00:00,0.04148175,0.15414485526687502,0.04313168660625,0.025,0.292,4.408249997631578,4.40825,2.368421903042872e-09,0.0,0.0,0.26699999999999996,0.0,0.020578338178127813,1
2012-07-09 16:30:00+00:00,0.0406515,0.15319525475375,0.0422684134125,0.006,1.559,4.408249997631578,4.40825,2.368421903042872e-09,0.0,0.0,1.553,0.0,0.11895611531628687,1
2012-07-09 17:00:00+00:00,0.04199835,0.154735717808375,0.04366883437124999,0.0,0.988,4.408249997631578,4.40825,2.368421903042872e-09,0.0,0.0,0.988,0.0,0.07643944459733724,1
2012-07-09 17:30:00+00:00,0.0454608,0.158695903652,0.04726900332,0.0,1.296,4.408249997631578,4.40825,2.368421903042872e-09,0.0,0.0,1.296,0.0,0.10283494556649601,1
2012-07-09 18:00:00+00:00,0.08497455,0.203889853998875,0.08835441272624998,0.0,1.139,3.8087763134210517,3.8087763,0.599473697631578,0.0,1.139,0.0,-0.0,0.0,1
2012-07-09 18:30:00+00:00,0.14653605,0.27430097352762495,0.15236452138874998,0.0,1.215,3.1693026292105255,3.1693026,0.6394737134210517,0.0,1.215,0.0,-0.0,0.0,1
2012-07-09 19:00:00+00:00,0.0823731,0.20091443905775003,0.0856494900525,0.0,0.785,2.7561447344736836,2.7561447,0.4131579292105254,0.0,0.785,0.0,-0.0,0.0,1
2012-07-09 19:30:00+00:00,0.05312985,0.167467398762125,0.05524308978375,0.0,0.376,2.5582499976315782,2.55825,0.19789473447368344,0.0,0.376,0.0,-0.0,0.0,1
2012-07-09 20:00:00+00:00,0.0465924,0.159990173981,0.048445612709999995,0.0,0.514,2.2877236818421043,2.2877237,0.2705262976315783,0.0,0.514,0.0,-0.0,0.0,1
2012-07-09 20:30:00+00:00,0.0482775,0.16191751131874998,0.0501977375625,0.0,0.59,1.9771973660526305,1.9771974,0.3105262818421042,0.0,0.59,0.0,-0.0,0.0,1
2012-07-09 21:00:00+00:00,0.0465924,0.159990173981,0.048445612709999995,0.0,0.824,1.5435131555263149,1.5435132,0.4336841660526305,0.0,0.824,0.0,-0.0,0.0,1
2012-07-09 21:30:00+00:00,0.04085445,0.153427379323625,0.04247943574875,0.0,0.791,1.5435131555263149,1.5435132,4.4473685179013955e-08,0.0,0.0,0.791,0.0,0.060680528522493685,1
2012-07-09 22:00:00+00:00,0.0380685,0.15024094204625,0.03958267458749999,0.0,0.821,1.5435131555263149,1.5435132,4.4473685179013955e-08,0.0,0.0,0.821,0.0,0.06167390670998562,1
2012-07-09 22:30:00+00:00,0.05354805,0.16794571605762498,0.05567792368874999,0.0,0.683,1.1840394713157885,1.1840395,0.35947365552631494,0.0,0.683,0.0,-0.0,0.0,1
2012-07-09 23:00:00+00:00,0.0442431,0.15730315623274999,0.04600286930249999,0.0,0.496,1.1840394713157885,1.1840395,2.86842114505248e-08,0.0,0.0,0.496,0.0,0.039011182745721996,1
2012-07-09 23:30:00+00:00,0.04609425,0.159420413673125,0.04792764879375,0.0,0.57,1.0,1.0,0.18403947131578846,0.0,0.349675,0.22032499999999994,0.0,0.01756215132126563,1
2012-07-10 00:00:00+00:00,0.0440955,0.10763433836375,0.04584939851249999,0.0,0.218,1.5874999975000001,1.5875,0.5874999999999999,1.2368421,0.0,1.4548421,0.0,0.07829548342861431,1
2012-07-10 00:30:00+00:00,0.04249035,0.105798444038375,0.04418040367125,0.0,0.115,2.2999999975,2.3,0.7125000024999997,1.5,0.0,1.615,0.0,0.08543224356098782,1
2012-07-10 01:00:00+00:00,0.04246575,0.105770307726875,0.04415482520625,0.0,0.049,3.0124999975,3.0125,0.7125000025000001,1.5,0.0,1.549,0.0,0.08191910333446469,1
2012-07-10 01:30:00+00:00,0.04379415,0.10728966854787501,0.045536062316249994,0.0,0.066,3.7249999975,3.725,0.7125000025000001,1.5,0.0,1.566,0.0,0.08400781047298614,1
2012-07-10 02:00:00+00:00,0.04001805,0.10297074473262502,0.04160976793874999,0.0,0.089,4.4374999975,4.4375,0.7125000025000001,1.5,0.0,1.589,0.0,0.08181025669007058,1
2012-07-10 02:30:00+00:00,0.03590985,0.098271980712125,0.037338164283749996,0.0,0.049,5.1499999975,5.15,0.7125000025000006,1.5,0.0,1.549,0.0,0.07611164906154082,1
2012-07-10 03:00:00+00:00,0.0353748,0.09766001593700001,0.03678183266999999,0.0,0.047,5.8624999975000005,5.8625,0.7125000024999997,1.5,0.0,1.547,0.0,0.0755400223272695,1
2012-07-10 03:30:00+00:00,0.0349443,0.09716763048574999,0.036334209532499995,0.0,0.065,6.574999997500001,6.575,0.7125000024999997,1.5,0.0,1.565,0.0,0.07603367085509936,1
2012-07-10 04:00:00+00:00,0.03388035,0.095950735013375,0.03522794092124999,0.0,0.088,7.287499997500001,7.2875,0.7125000024999988,1.5,0.0,1.588,0.0,0.07618488360061976,1
2012-07-10 04:30:00+00:00,0.03444615,0.09659787017787502,0.03581624561625,0.006,0.063,7.999999997500002,8.0,0.7125000024999988,1.5,0.0,1.557,0.0,0.07520144193347571,1
2012-07-10 05:00:00+00:00,0.03495045,0.32707466456362505,0.03634060414875,0.0,0.048,7.9747368396052645,7.9747368,0.025263197500001944,0.0,0.048,0.0,-0.0,0.0,1
2012-07-10 05:30:00+00:00,0.03749655,0.329986772803875,0.03898797527624999,0.0,0.083,7.931052629078948,7.9310526,0.04368423960526435,0.0,0.083,0.0,-0.0,0.0,1
2012-07-10 06:00:00+00:00,0.0397044,0.332512006761,0.041283642509999996,0.0,0.068,7.895263155394738,7.8952632,0.035789429078948665,0.0,0.068,0.0,-0.0,0.0,1
2012-07-10 06:30:00+00:00,0.0424473,0.33564920549325,0.0441356413575,0.0,0.067,7.859999997500001,7.86,0.035263155394737566,0.0,0.067,0.0,-0.0,0.0,1
2012-07-10 07:00:00+00:00,0.0454977,0.33913810811925005,0.0473073710175,0.0,0.063,7.826842102763159,7.8268421,0.033157897500000644,0.0,0.063,0.0,-0.0,0.0,1
2012-07-10 07:30:00+00:00,0.0415125,0.33458002565625006,0.043163659687499994,0.0,1.049,7.274736839605264,7.2747368,0.5521053027631586,0.0,1.049,0.0,-0.0,0.0,1
2012-07-10 08:00:00+00:00,0.04995645,0.344237814578625,0.05194346779875,0.025,1.846,6.485263155394738,6.4852632,0.789473639605264,0.0,1.5,0.3210000000000002,0.0,0.05525016923986934,1
2012-07-10 08:30:00+00:00,0.05535615,0.35041373495287503,0.05755794086625,0.044,1.337,5.804736839605264,5.8047368,0.680526355394738,0.0,1.293,0.0,-0.0,0.0,1
2012-07-10 09:00:00+00:00,0.05650005,0.351722073437625,0.05874733948875,0.069,0.805,5.417368418552632,5.4173684,0.3873684396052637,0.0,0.736,0.0,-0.0,0.0,1
2012-07-10 09:30:00+00:00,0.05739795,0.35274904880737507,0.05968095346125,0.1,0.583,5.163157892236843,5.1631579,0.25421051855263244,0.0,0.483,0.0,-0.0,0.0,1
2012-07-10 10:00:00+00:00,0.0528777,0.34757900156925003,0.0549809105175,0.106,0.053,5.188332892236843,5.1883329,0.025175007763157176,0.053,0.0,0.0,-0.0,0.0,1
2012-07-10 10:30:00+00:00,0.0541815,0.34907022607875005,0.056336569162499996,0.163,0.087,5.224432892236843,5.2244329,0.03610000776315747,0.076,0.0,0.0,2.7755575615628914e-17,-7.818269526574383e-19,1
2012-07-10 11:00:00+00:00,0.05367105,0.168086397615125,0.055805816013749995,0.194,0.169,5.236307892236843,5.2363079,0.011875007763157086,0.025,0.0,0.0,-0.0,0.0,1
2012-07-10 11:30:00+00:00,0.0571212,0.172032515303,0.059393195729999994,0.181,0.063,5.292357892236843,5.2923579,0.05605000776315716,0.118,0.0,0.0,-0.0,0.0,1
2012-07-10 12:00:00+00:00,0.05330205,0.167664352942625,0.05542213903875,0.219,0.096,5.350782892236842,5.3507829,0.058425007763156955,0.123,0.0,0.0,-0.0,0.0,1
2012-07-10 12:30:00+00:00,0.05365875,0.168072329459375,0.05579302678124999,0.194,0.091,5.399707892236842,5.3997079,0.04892500776315778,0.103,0.0,0.0,-0.0,0.0,1
2012-07-10 13:00:00+00:00,0.05022705,0.164147314005125,0.05222483091375,0.181,0.584,5.187602629078947,5.1876026,0.21210529223684205,0.0,0.403,0.0,5.551115123125783e-17,-1.4495302434400225e-18,1
2012-07-10 13:30:00+00:00,0.0530253,0.16734781943825,0.055134381307499994,0.075,0.361,5.037076313289473,5.0370763,0.15052632907894736,0.0,0.286,0.0,-0.0,0.0,1
2012-07-10 14:00:00+00:00,0.05400315,0.168466237820375,0.05615112529125,0.05,0.202,4.957076313289473,4.9570763,0.08000001328947359,0.0,0.152,2.7755575615628914e-17,0.0,2.337938701251971e-18,1
2012-07-10 14:30:00+00:00,0.05324055,0.167594012163875,0.05535819287625,0.088,0.111,4.944971050131579,4.9449711,0.012105213289473227,0.0,0.023,6.938893903907228e-18,0.0,5.814585346676331e-19,1
2012-07-10 15:00:00+00:00,0.0515247,0.16563150443675,0.0535740949425,0.081,0.257,4.8523394711842105,4.8523395,0.09263155013157842,0.0,0.176,0.0,-0.0,0.0,1
2012-07-10 15:30:00+00:00,0.05509785,0.16971830368212498,0.057289366983749986,0.025,0.125,4.799707892236842,4.7997079,0.05263157118421091,0.0,0.1,0.0,-0.0,0.0,1
2012-07-10 16:00:00+00:00,0.05747175,0.17243345774187502,0.05975768885625,0.019,0.19,4.7097078922368425,4.7097079,0.08999999223684263,0.0,0.171,0.0,-0.0,0.0,1
2012-07-10 16:30:00+00:00,0.05959965,0.17486724868662498,0.06197022607874999,0.013,0.575,4.413918418552632,4.4139184,0.2957894922368425,0.0,0.562,0.0,1.1102230246251565e-16,-3.4400385916927284e-18,1
2012-07-10 17:00:00+00:00,0.0533574,0.1677276596435,0.055479690585,0.0,1.168,3.7991815764473693,3.7991816,0.6147368185526325,0.0,1.168,0.0,-0.0,0.0,1
2012-07-10 17:30:00+00:00,0.05918145,0.174388931391125,0.061535392173749995,0.0,0.8,3.378128944868422,3.3781289,0.4210526764473692,0.0,0.8,0.0,-0.0,0.0,1
2012-07-10 18:00:00+00:00,0.0989781,0.21990644932025002,0.1029149539275,0.0,0.69,3.01497105013158,3.0149711,0.36315784486842206,0.0,0.69,0.0,-0.0,0.0,1
2012-07-10 18:30:00+00:00,0.11472825,0.23792072275812498,0.11929156614374999,0.0,1.016,2.4802342080263164,2.4802342,0.5347368501315799,0.0,1.016,0.0,-0.0,0.0,1
2012-07-10 19:00:00+00:00,0.05653695,0.171364277904875,0.05878570718625,0.0,1.048,1.9286552606578953,1.9286553,0.5515789080263165,0.0,1.048,0.0,-0.0,0.0,1
2012-07-10 19:30:00+00:00,0.04469205,0.157816643917625,0.04646967628874999,0.0,0.74,1.539181576447369,1.5391816,0.38947366065789524,0.0,0.74,0.0,-0.0,0.0,1
2012-07-10 20:00:00+00:00,0.042189,0.1549537742225,0.043867067475,0.0,0.572,1.539181576447369,1.5391816,2.355263095665805e-08,0.0,0.0,0.572,0.0,0.044316779427635,1
2012-07-10 20:30:00+00:00,0.0427671,0.15561497754275,0.0444681614025,0.0,0.629,1.539181576447369,1.5391816,2.355263095665805e-08,0.0,0.0,0.629,0.0,0.048940910437194875,1
2012-07-10 21:00:00+00:00,0.043419,0.15636058979749998,0.045145990724999994,0.0,0.557,1.3931578922368428,1.3931579,0.14602367644736902,0.0,0.277445,0.27955500000000005,0.0,0.021855692340420056,1
2012-07-10 21:30:00+00:00,0.04191225,0.154637240718125,0.043579309743749996,0.0,0.563,1.3931578922368428,1.3931579,7.763157228168893e-09,0.0,0.0,0.563,0.0,0.04353038326215219,1
2012-07-10 22:00:00+00:00,0.03757035,0.149671181738375,0.039064710671249996,0.0,0.705,1.3931578922368428,1.3931579,7.763157228168893e-09,0.0,0.0,0.705,0.0,0.05275909156277718,1
2012-07-10 22:30:00+00:00,0.0511311,0.16518132345275,0.05316483950249999,0.0,0.285,1.243157892236843,1.2431579,0.1499999922368429,0.0,0.285,0.0,-0.0,0.0,1
2012-07-10 23:00:00+00:00,0.03969825,0.152104972683125,0.041277247893749994,0.0,0.472,1.243157892236843,1.2431579,7.763157006124288e-09,0.0,0.0,0.472,0.0,0.0358967735532175,1
2012-07-10 23:30:00+00:00,0.04455675,0.157661894204375,0.046328994731249996,0.0,0.462,1.0,1.0,0.24315789223684292,0.0,0.462,0.0,-0.0,0.0,1
2012-07-11 00:00:00+00:00,0.037023,0.09954514880750001,0.038495589824999996,0.0,0.166,1.5874999975000001,1.5875,0.5874999999999999,1.2368421,0.0,1.4028421,0.0,0.0698230627989629,1
2012-07-11 00:30:00+00:00,0.0363219,0.09874326392975,0.037766603572499995,0.0,0.051,2.2999999975,2.3,0.7125000024999997,1.5,0.0,1.551,0.0,0.07657540117752112,1
2012-07-11 01:00:00+00:00,0.03642645,0.098862843253625,0.03787531204875,0.0,0.071,3.0124999975,3.0125,0.7125000025000001,1.5,0.0,1.571,0.0,0.07765676337572244,1
2012-07-11 01:30:00+00:00,0.036654,0.09912310413500001,0.03811191285,0.0,0.082,3.7249999975,3.725,0.7125000025000001,1.5,0.0,1.582,0.0,0.07840637537078501,1
2012-07-11 02:00:00+00:00,0.03508575,0.097329414276875,0.03648128570625,0.0,0.062,4.4374999975,4.4375,0.7125000025000001,1.5,0.0,1.562,0.0,0.07601427255023938,1
2012-07-11 02:30:00+00:00,0.0342678,0.09639388191949999,0.035630801744999996,0.0,0.086,5.1499999975,5.15,0.7125000025000006,1.5,0.0,1.586,0.0,0.0764403483621635,1
2012-07-11 03:00:00+00:00,0.0337389,0.09578895122225002,0.0350808647475,0.0,0.05,5.8624999975000005,5.8625,0.7125000024999997,1.5,0.0,1.55,0.0,0.07423643719724377,1
2012-07-11 03:30:00+00:00,0.03357285,0.095599031119625,0.03490821010875,0.0,0.097,6.574999997500001,6.575,0.7125000024999997,1.5,0.0,1.597,0.0,0.07633582634902057,1
2012-07-11 04:00:00+00:00,0.03322845,0.09520512275862501,0.034550111598749995,0.0,0.162,7.287499997500001,7.2875,0.7125000024999988,1.5,0.0,1.662,0.0,0.07911545701241739,1
2012-07-11 04:30:00+00:00,0.0325335,0.09441027195875,0.0338275199625,0.0,0.099,7.999999997500002,8.0,0.7125000024999988,1.5,0.0,1.599,0.0,0.07548101243102062,1
2012-07-11 05:00:00+00:00,0.033456,0.32536538364,0.034786712399999996,0.0,0.064,7.966315786973686,7.9663158,0.03368419750000129,0.0,0.064,0.0,-0.0,0.0,1
2012-07-11 05:30:00+00:00,0.03412635,0.32613209812837507,0.03548372557125,0.0,0.058,7.935789471184212,7.9357895,0.030526286973685757,0.0,0.058,0.0,-0.0,0.0,1
2012-07-11 06:00:00+00:00,0.0354855,0.32768662933875,0.0368969357625,0.0,0.083,7.892105260657896,7.8921053,0.04368417118421242,0.0,0.083,0.0,-0.0,0.0,1
2012-07-11 06:30:00+00:00,0.03806235,0.33063390796837505,0.03957627997125,0.0,0.068,7.856315786973686,7.8563158,0.03578946065789612,0.0,0.068,0.0,-0.0,0.0,1
2012-07-11 07:00:00+00:00,0.04124805,0.334277560307625,0.042888691188749994,0.0,0.048,7.831052629078949,7.8310526,0.025263186973686125,0.0,0.048,0.0,-0.0,0.0,1
2012-07-11 07:30:00+00:00,0.03568845,0.327918753908625,0.03710795809874999,0.0,0.068,7.795263155394738,7.7952632,0.035789429078948665,0.0,0.068,0.0,-0.0,0.0,1
2012-07-11 08:00:00+00:00,0.0405162,0.33344050504050005,0.042127731854999996,0.006,0.135,7.727368418552633,7.7273684,0.06789475539473866,0.0,0.129,0.0,-0.0,0.0,1
2012-07-11 08:30:00+00:00,0.0424104,0.33560700102600005,0.04409727366,0.013,0.309,7.571578944868422,7.5715789,0.15578951855263323,0.0,0.296,0.0,-0.0,0.0,1
2012-07-11 09:00:00+00:00,0.0420783,0.33522716082075005,0.0437519643825,0.019,1.026,7.041578944868422,7.0415789,0.5300000448684221,0.0,1.007,2.220446049250313e-16,0.0,3.721769124229169e-17,1
2012-07-11 09:30:00+00:00,0.0422259,0.33539597868975,0.0439054351725,0.075,0.735,6.694210523815791,6.6942105,0.34736844486842244,0.0,0.66,0.0,-0.0,0.0,1
2012-07-11 10:00:00+00:00,0.0397905,0.33261048385125,0.04137316713749999,0.069,0.578,6.426315786973685,6.4263158,0.2678947238157905,0.0,0.509,0.0,1.1102230246251565e-16,-2.2966721378858686e-18,1
2012-07-11 10:30:00+00:00,0.0403932,0.333299823483,0.04199983953,0.063,0.576,6.1563157869736855,6.1563158,0.2699999869736853,0.0,0.513,0.0,1.1102230246251565e-16,-2.3314594438383906e-18,1
2012-07-11 11:00:00+00:00,0.0371091,0.14914362589775,0.03858511445249999,0.125,0.466,5.976842102763159,5.9768421,0.1794736869736857,0.0,0.341,0.0,-0.0,0.0,1
2012-07-11 11:30:00+00:00,0.036654,0.148623104135,0.03811191285,0.088,0.413,5.8057894711842115,5.8057895,0.17105260276315892,0.0,0.325,0.0,5.551115123125783e-17,-1.0578180789644342e-18,1
2012-07-11 12:00:00+00:00,0.0368262,0.14882005831550002,0.038290962105000007,0.219,0.555,5.628947365921054,5.6289474,0.17684207118421114,0.0,0.336,5.551115123125783e-17,0.0,4.130586381698165e-18,1
2012-07-11 12:30:00+00:00,0.0359529,0.14782121925725003,0.037382926597500005,0.206,0.862,5.283684208026317,5.2836842,0.3452631659210539,0.0,0.656,0.0,-0.0,0.0,1
2012-07-11 13:00:00+00:00,0.03482745,0.146533983006125,0.03621271182375,0.144,0.648,5.283684208026317,5.2836842,8.026317388498683e-09,0.0,0.0,0.504,0.0,0.0369265637175435,1
2012-07-11 13:30:00+00:00,0.03444615,0.146097870177875,0.03581624561625,0.063,0.409,5.283684208026317,5.2836842,8.026317388498683e-09,0.0,0.0,0.346,0.0,0.025274931540772375,1
2012-07-11 14:00:00+00:00,0.03417555,0.145788370751375,0.03553488250125,0.094,0.351,5.283684208026317,5.2836842,8.026317388498683e-09,0.0,0.0,0.257,0.0,0.018733805641551686,1
2012-07-11 14:30:00+00:00,0.0338496,0.145415564624,0.03519596784,0.194,0.307,5.283684208026317,5.2836842,8.026317388498683e-09,0.0,0.0,0.11299999999999999,0.0,0.008215979401255999,1
2012-07-11 15:00:00+00:00,0.0338619,0.14542963277975,0.0352087570725,0.213,0.164,5.306959208026317,5.3069592,0.023274991973682546,0.049,0.0,2.7755575615628914e-17,0.0,2.018241584685748e-18,1
2012-07-11 15:30:00+00:00,0.034071,0.1456687914275,0.035426174025,0.138,0.239,5.306959208026317,5.3069592,8.026317388498683e-09,0.0,0.0,0.10099999999999998,0.0,0.0073562739670887485,1
2012-07-11 16:00:00+00:00,0.03416325,0.14577430259562502,0.03552209326875,0.038,0.132,5.306959208026317,5.3069592,8.026317388498683e-09,0.0,0.0,0.094,0.0,0.0068513922219943756,1
2012-07-11 16:30:00+00:00,0.03293325,0.14436748702062502,0.03424317001874999,0.025,0.198,5.306959208026317,5.3069592,8.026317388498683e-09,0.0,0.0,0.17300000000000001,0.0,0.012487787627284065,1
2012-07-11 17:00:00+00:00,0.03360975,0.145141235586875,0.03494657780625,0.006,0.889,5.306959208026317,5.3069592,8.026317388498683e-09,0.0,0.0,0.883,0.0,0.06407985551160532,1
2012-07-11 17:30:00+00:00,0.0387819,0.15105689507975,0.0403244500725,0.0,0.967,4.798011839605264,4.7980118,0.5089474080263168,0.0,0.967,0.0,-0.0,0.0,1
2012-07-11 18:00:00+00:00,0.0401964,0.15267473299099998,0.041795211809999996,0.0,0.607,4.478538155394738,4.4785382,0.3194736396052642,0.0,0.607,0.0,-0.0,0.0,1
2012-07-11 18:30:00+00:00,0.0384621,0.15069112303025,0.0399919300275,0.0,1.363,3.761169734342107,3.7611697,0.7173684553947384,0.0,1.363,0.0,-0.0,0.0,1
2012-07-11 19:00:00+00:00,0.0383145,0.15052230516125,0.0398384592375,0.0,1.24,3.108538155394738,3.1085382,0.652631534342107,0.0,1.24,0.0,-0.0,0.0,1
2012-07-11 19:30:00+00:00,0.035793,0.14763833323249997,0.037216666574999994,0.0,0.741,2.718538155394738,2.7185382,0.3899999553947384,0.0,0.741,0.0,-0.0,0.0,1
2012-07-11 20:00:00+00:00,0.03487665,0.146590255629125,0.03626386875375,0.0,0.699,2.718538155394738,2.7185382,4.460526170646517e-08,0.0,0.0,0.699,0.0,0.051233294342379186,1
2012-07-11 20:30:00+00:00,0.0381177,0.15029721466925,0.039633831517499996,0.0,0.66,2.3711697343421063,2.3711697,0.34736845539473826,0.0,0.66,0.0,-0.0,0.0,1
2012-07-11 21:00:00+00:00,0.03531945,0.147096709236125,0.03672428112375,0.0,0.84,1.9290644711842115,1.9290645,0.44210523434210636,0.0,0.84,0.0,-0.0,0.0,1
2012-07-11 21:30:00+00:00,0.03493815,0.146660596407875,0.03632781491625,0.0,0.805,1.5310526290789483,1.5310526,0.39801187118421155,0.0,0.7562225,0.04877750000000003,0.0,0.0035768686206425634,1
2012-07-11 22:00:00+00:00,0.03444,0.14609083609999998,0.035809851,0.0,0.684,1.5310526290789483,1.5310526,2.907894836035041e-08,0.0,0.0,0.684,0.0,0.049963065946199994,1
2012-07-11 22:30:00+00:00,0.0399135,0.15235116540875002,0.041501059462499996,0.0,0.698,1.1636842080263168,1.1636842,0.3673684290789483,0.0,0.698,0.0,-0.0,0.0,1
2012-07-11 23:00:00+00:00,0.03520875,0.146970095834375,0.036609178031249995,0.0,0.262,1.0257894711842115,1.0257895,0.13789470802631687,0.0,0.262,0.0,-0.0,0.0,1
2012-07-11 23:30:00+00:00,0.03613125,0.14802520751562498,0.037568370468749994,0.0,0.049,1.0000000001315799,1.0,0.025789471184211488,0.0,0.048999995,5.000000004307115e-09,0.0,3.7006301910784324e-10,1
2012-07-12 00:00:00+00:00,0.03514725,0.097399755055625,0.03654523186874999,0.0,0.057,1.5874999976315798,1.5875,0.58749999986842,1.2368421,0.0,1.2938421,0.0,0.06300995181032773,1
2012-07-12 00:30:00+00:00,0.03385575,0.095922598701875,0.03520236245624999,0.0,0.156,2.2999999976315797,2.3,0.71250000236842,1.5,0.0,1.656,0.0,0.0794239117251525,1
2012-07-12 01:00:00+00:00,0.0340833,0.09618285958325001,0.0354389632575,0.0,0.107,3.0124999976315796,3.0125,0.7125000023684205,1.5,0.0,1.607,0.0,0.07728292767514139,1
2012-07-12 01:30:00+00:00,0.03406485,0.09616175734962502,0.03541977940875,0.0,0.09,3.7249999976315795,3.725,0.7125000023684205,1.5,0.0,1.59,0.0,0.0764485970929519,1
2012-07-12 02:00:00+00:00,0.0325458,0.0944243401145,0.033840309194999994,0.0,0.068,4.43749999763158,4.4375,0.7125000023684205,1.5,0.0,1.568,0.0,0.074028682649768,1
2012-07-12 02:30:00+00:00,0.0317463,0.09350990999075001,0.03300900908249999,0.0,0.06,5.14999999763158,5.15,0.7125000023684205,1.5,0.0,1.56,0.0,0.07293772979278501,1
2012-07-12 03:00:00+00:00,0.03055935,0.09215233296087501,0.03177484814625,0.0,0.081,5.862499997631581,5.8625,0.7125000023684196,1.5,0.0,1.581,0.0,0.0728464192055717,1
2012-07-12 03:30:00+00:00,0.02845605,0.089746678327625,0.029587889388749997,0.0,0.061,6.574999997631581,6.575,0.7125000023684196,1.5,0.0,1.561,0.0,0.07004728243471131,1
2012-07-12 04:00:00+00:00,0.02682015,0.08787561361287502,0.02788692146625,0.0,0.054,7.287499997631581,7.2875,0.7125000023684187,1.5,0.0,1.554,0.0,0.06827935177720389,1
2012-07-12 04:30:00+00:00,0.0270969,0.08819214711725,0.028174679197499997,0.0,0.107,7.999999997631582,8.0,0.7125000023684187,1.5,0.0,1.607,0.0,0.07086239020871038,1
2012-07-12 05:00:00+00:00,0.02929245,0.32060331291862504,0.03045755719875,0.0,0.066,7.965263155526318,7.9652632,0.03473679763158177,0.0,0.066,0.0,-0.0,0.0,1
2012-07-12 05:30:00+00:00,0.03046095,0.321939787714875,0.03167253428625,0.0,0.067,7.929999997631581,7.93,0.035263155526318535,0.0,0.067,0.0,-0.0,0.0,1
2012-07-12 06:00:00+00:00,0.0319677,0.3236631367942501,0.0332392152675,0.0,0.047,7.905263155526319,7.9052632,0.024736797631581098,0.0,0.047,0.0,-0.0,0.0,1
2012-07-12 06:30:00+00:00,0.03502425,0.327159073498125,0.036417339543749996,0.0,0.088,7.858947366052634,7.8589474,0.046315755526318725,0.0,0.088,0.0,-0.0,0.0,1
2012-07-12 07:00:00+00:00,0.0364572,0.32879801364300004,0.03790728513,0.0,0.072,7.821052629210529,7.8210526,0.03789476605263431,0.0,0.072,0.0,-0.0,0.0,1
2012-07-12 07:30:00+00:00,0.0335667,0.32549199704175,0.034901815492499995,0.006,0.053,7.796315787105266,7.7963158,0.024736829210528555,0.0,0.047,0.0,-0.0,0.0,1
2012-07-12 08:00:00+00:00,0.0362604,0.32857292315100006,0.03770265740999999,0.013,1.68,7.00684210289474,7.0068421,0.7894736871052661,0.0,1.5,0.16700000000000004,0.0,0.02743583908310851,1
2012-07-12 08:30:00+00:00,0.0450795,0.33865979082375003,0.046872537112499994,0.056,0.978,6.521578945000003,6.5215789,0.4852632028947399,0.0,0.922,0.0,1.1102230246251565e-16,-2.6019484962447322e-18,1
2012-07-12 09:00:00+00:00,0.0447474,0.3382799506185001,0.046527227835,0.063,0.613,6.232105260789476,6.2321053,0.28947364500000283,0.0,0.55,0.0,-0.0,0.0,1
2012-07-12 09:30:00+00:00,0.04535625,0.338976324328125,0.04716029484374999,0.019,0.815,5.813157892368423,5.8131579,0.4189473607894758,0.0,0.796,0.0,1.1102230246251565e-16,-2.6179222591821145e-18,1
2012-07-12 10:00:00+00:00,0.0457929,0.33947574385725005,0.0476143125975,0.056,0.442,5.609999997631581,5.61,0.20315789236842274,0.0,0.386,0.0,-0.0,0.0,1
2012-07-12 10:30:00+00:00,0.04817295,0.342197931994875,0.05008902908624999,0.069,0.301,5.487894734473686,5.4878947,0.12210529763158107,0.0,0.232,0.0,2.7755575615628914e-17,-6.951249171584239e-19,1
2012-07-12 11:00:00+00:00,0.04900935,0.162754566585875,0.050958696896249996,0.031,0.061,5.472105260789475,5.4721053,0.015789434473686192,0.0,0.03,0.0,-0.0,0.0,1
2012-07-12 11:30:00+00:00,0.04677075,0.16019416223937502,0.04863105658125,0.025,0.092,5.4368421028947385,5.4368421,0.035263160789475556,0.0,0.067,0.0,-0.0,0.0,1
2012-07-12 12:00:00+00:00,0.0453255,0.15854115393874998,0.047128321762499994,0.038,0.073,5.418421050263159,5.4184211,0.01842100289473869,0.0,0.035,0.0,6.938893903907228e-18,-1.635092122895948e-19,1
2012-07-12 12:30:00+00:00,0.0460758,0.15939931143949998,0.04790846494499999,0.075,0.052,5.42934605026316,5.4293461,0.01092504973684072,0.023,0.0,0.0,-0.0,0.0,1
2012-07-12 13:00:00+00:00,0.04673385,0.160151957772125,0.04859268888375,0.056,0.056,5.42934605026316,5.4293461,4.973684042397508e-08,0.0,0.0,0.0,-0.0,0.0,1
2012-07-12 13:30:00+00:00,0.04584825,0.159139050558125,0.04767186414375,0.156,0.152,5.43124605026316,5.4312461,0.0019000497368404368,0.004,0.0,0.0,-0.0,0.0,1
2012-07-12 14:00:00+00:00,0.04690605,0.16034891195262502,0.04877173813874999,0.163,0.868,5.060193418684213,5.0601934,0.3710526502631595,0.0,0.705,0.0,-0.0,0.0,1
2012-07-12 14:30:00+00:00,0.04896015,0.162698293962875,0.05090753996624999,0.138,0.582,4.826509208157897,4.8265092,0.2336842186842123,0.0,0.444,0.0,5.551115123125783e-17,-1.4129680749389026e-18,1
2012-07-12 15:00:00+00:00,0.0440832,0.157120270208,0.045836609279999996,0.063,0.379,4.660193418684212,4.6601934,0.16631580815789704,0.0,0.316,0.0,-0.0,0.0,1
2012-07-12 15:30:00+00:00,0.0434559,0.15640279426475,0.045184358422499994,0.025,0.166,4.585982892368423,4.5859829,0.07421051868421191,0.0,0.141,2.7755575615628914e-17,0.0,2.1705247913554605e-18,1
2012-07-12 16:00:00+00:00,0.04865265,0.16234659006912502,0.050587809153749996,0.025,0.13,4.530719734473687,4.5307197,0.055263192368423475,0.0,0.105,1.3877787807814457e-17,0.0,1.1265057641507774e-18,1
2012-07-12 16:30:00+00:00,0.0466785,0.16008865107125,0.0485351373375,0.013,0.128,4.470193418684213,4.4701934,0.06052633447368638,0.0,0.115,0.0,-0.0,0.0,1
2012-07-12 17:00:00+00:00,0.0426564,0.15548836414099998,0.04435305830999999,0.006,0.147,4.395982892368424,4.3959829,0.0742105186842128,0.0,0.141,0.0,-0.0,0.0,1
2012-07-12 17:30:00+00:00,0.047478,0.161003081195,0.04936643745,0.0,1.211,3.758614471315792,3.7586145,0.6373683923684235,0.0,1.211,0.0,-0.0,0.0,1
2012-07-12 18:00:00+00:00,0.06528225,0.181366736643125,0.06787885149374999,0.0,1.225,3.1138776292105286,3.1138776,0.6447368713157919,0.0,1.225,0.0,-0.0,0.0,1
2012-07-12 18:30:00+00:00,0.0595566,0.17481801014149997,0.061925463764999994,0.0,1.528,2.324403945000002,2.3244039,0.7894737292105285,0.0,1.5,0.028000000000000025,0.0,0.0024474521419810017,1
2012-07-12 19:00:00+00:00,0.04814835,0.161769795683375,0.05006345062124999,0.0,0.859,1.8722986818421072,1.8722987,0.45210524500000204,0.0,0.859,0.0,-0.0,0.0,1
2012-07-12 19:30:00+00:00,0.0417585,0.15446138877124999,0.043419444337499995,0.0,0.76,1.472298681842107,1.4722987,0.39999998184210717,0.0,0.76,0.0,-0.0,0.0,1
2012-07-12 20:00:00+00:00,0.03849285,0.15072629341962498,0.040023903108749995,0.0,0.707,1.472298681842107,1.4722987,1.815789296699677e-08,0.0,0.0,0.707,0.0,0.053281744723837426,1
2012-07-12 20:30:00+00:00,0.04064535,0.153188220675875,0.042262018796249995,0.0,0.863,1.1421052607894755,1.1421053,0.330193381842107,0.0,0.6273675,0.23563250000000002,0.0,0.01804806170420406,1
2012-07-12 21:00:00+00:00,0.03972285,0.152133108994625,0.041302826358749996,0.0,1.01,1.1421052607894755,1.1421053,3.921052460498231e-08,0.0,0.0,1.01,0.0,0.07682722004228563,1
2012-07-12 21:30:00+00:00,0.0361374,0.1480322415935,0.037574765084999996,0.0,0.665,1.1421052607894755,1.1421053,3.921052460498231e-08,0.0,0.0,0.665,0.0,0.049220720329838756,1
2012-07-12 22:00:00+00:00,0.0351042,0.14685051651050002,0.036500469555000005,0.0,0.568,1.1421052607894755,1.1421053,3.921052460498231e-08,0.0,0.0,0.568,0.0,0.041705546688982,1
2012-07-12 22:30:00+00:00,0.0412788,0.153912730697,0.04292066427,0.0,0.27,1.0,1.0,0.1421052607894755,0.0,0.27,0.0,-0.0,0.0,1
2012-07-12 23:00:00+00:00,0.03574995,0.14758909468737502,0.03717190426125,0.0,0.048,1.0,1.0,0.0,0.0,0.0,0.048,0.0,0.0035421382724970005,1
2012-07-12 23:30:00+00:00,0.03543015,0.14722332263787502,0.03683938421625,0.0,0.049,1.0,1.0,0.0,0.0,0.0,0.049,0.0,0.003606971404627938,1
2012-07-13 00:00:00+00:00,0.0348582,0.09706915339550001,0.036244684905,0.0,0.118,1.7125,1.7125,0.7124999999999999,1.5,0.0,1.6179999999999999,0.0,0.0785289450969595,1
2012-07-13 00:30:00+00:00,0.03461835,0.096794824358375,0.03599529487125,0.0,0.054,2.425,2.425,0.7124999999999999,1.5,0.0,1.554,0.0,0.07520957852645738,1
2012-07-13 01:00:00+00:00,0.03440925,0.096555665710625,0.03577787791875,0.0,0.048,3.1374999999999997,3.1375,0.7125000000000004,1.5,0.0,1.548,0.0,0.07473408526002376,1
2012-07-13 01:30:00+00:00,0.034932,0.09715356233000001,0.0363214203,0.0,0.063,3.7249999975,3.725,0.5875000000000004,1.2368421,0.0,1.2998421,0.0,0.06314214524075405,1
2012-07-13 02:00:00+00:00,0.0341694,0.09628133667350001,0.035528487885,0.0,0.165,4.4374999975,4.4375,0.7125000025000001,1.5,0.0,1.665,0.0,0.08015421278068877,1
2012-07-13 02:30:00+00:00,0.0335175,0.09553572441875,0.03485065856249999,0.0,0.1,5.1499999975,5.15,0.7125000025000006,1.5,0.0,1.6,0.0,0.076428579535,1
2012-07-13 03:00:00+00:00,0.03287175,0.09479714624187499,0.034179223856249996,0.0,0.09,5.8624999975000005,5.8625,0.7125000024999997,1.5,0.0,1.59,0.0,0.07536373126229062,1
2012-07-13 03:30:00+00:00,0.02996895,0.09147706148487501,0.03116096498625,0.0,0.069,6.574999997500001,6.575,0.7125000024999997,1.5,0.0,1.569,0.0,0.07176375473488444,1
2012-07-13 04:00:00+00:00,0.030504,0.09208902626,0.0317172966,0.0,0.047,7.287499997500001,7.2875,0.7125000024999988,1.5,0.0,1.547,0.0,0.07123086181211,1
2012-07-13 04:30:00+00:00,0.03149415,0.09322151279787502,0.032746829816249996,0.0,0.063,7.999999997500002,8.0,0.7125000024999988,1.5,0.0,1.563,0.0,0.07285261225153933,1
2012-07-13 05:00:00+00:00,0.0327672,0.32457756691800005,0.03407051538,0.0,0.134,7.929473681710528,7.9294737,0.07052629750000161,0.0,0.134,0.0,-0.0,0.0,1
2012-07-13 05:30:00+00:00,0.0338619,0.32582963277975,0.0352087570725,0.0,0.047,7.904736839605265,7.9047368,0.02473688171052757,0.0,0.047,0.0,-0.0,0.0,1
2012-07-13 06:00:00+00:00,0.0333822,0.32528097470550005,0.034709977004999996,0.0,0.048,7.879473681710528,7.8794737,0.02526313960526494,0.0,0.048,0.0,-0.0,0.0,1
2012-07-13 06:30:00+00:00,0.03375735,0.325710053455875,0.03510004859625,0.0,0.069,7.843157892236844,7.8431579,0.036315781710528405,0.0,0.069,0.0,-0.0,0.0,1
2012-07-13 07:00:00+00:00,0.0360513,0.32833376450325,0.03748524045749999,0.0,0.729,7.459473681710528,7.4594737,0.3836841922368439,0.0,0.729,0.0,-0.0,0.0,1
2012-07-13 07:30:00+00:00,0.0341694,0.3261813366735001,0.035528487885,0.0,1.219,6.817894734342107,6.8178947,0.641578981710528,0.0,1.219,0.0,-0.0,0.0,1
2012-07-13 08:00:00+00:00,0.03726285,0.3297194778446251,0.03874497985875,0.006,0.825,6.3868421027631594,6.3868421,0.43105263434210705,0.0,0.819,0.0,-0.0,0.0,1
2012-07-13 08:30:00+00:00,0.0396183,0.33241352967075005,0.0411941178825,0.006,0.659,6.043157892236843,6.0431579,0.3436842027631597,0.0,0.653,0.0,-0.0,0.0,1
2012-07-13 09:00:00+00:00,0.0389664,0.33166791741600005,0.040516288559999995,0.025,0.623,5.728421050131581,5.7284211,0.31473679223684314,0.0,0.598,0.0,-0.0,0.0,1
2012-07-13 09:30:00+00:00,0.03974745,0.332561245306125,0.04132840482375,0.006,0.569,5.432105260657896,5.4321053,0.29631575013158074,0.0,0.563,0.0,-0.0,0.0,1
2012-07-13 10:00:00+00:00,0.040221,0.33310286930250005,0.041820790275,0.031,0.437,5.21842105013158,5.2184211,0.21368416065789653,0.0,0.406,0.0,-0.0,0.0,1
2012-07-13 10:30:00+00:00,0.0403932,0.333299823483,0.04199983953,0.044,0.223,5.1242105238157905,5.1242105,0.09421055013157975,0.0,0.179,0.0,-0.0,0.0,1
2012-07-13 11:00:00+00:00,0.0397782,0.15219641569550002,0.041360377904999995,0.069,0.249,5.029473681710527,5.0294737,0.09473682381579085,0.0,0.18,0.0,-0.0,0.0,1
2012-07-13 11:30:00+00:00,0.0386343,0.15088807721075,0.040170979282500005,0.106,0.257,4.949999997500001,4.95,0.07947368171052727,0.0,0.151,2.7755575615628914e-17,0.0,2.093992718259913e-18,1
2012-07-13 12:00:00+00:00,0.03836985,0.15058561186212502,0.03989601078374999,0.15,0.153,4.9484210501315795,4.9484211,0.001578897500000842,0.0,0.003,2.6020852139652106e-18,0.0,1.9591829703116986e-19,1
2012-07-13 12:30:00+00:00,0.0380193,0.15018466942325,0.039531517657499994,0.163,0.291,4.8810526290789475,4.8810526,0.06736845013157922,0.0,0.128,0.0,2.7755575615628914e-17,-5.486100137716553e-19,1
2012-07-13 13:00:00+00:00,0.0378225,0.14995957893125,0.0393268899375,0.088,0.182,4.831578944868421,4.8315789,0.049473729078947315,0.0,0.094,0.0,-0.0,0.0,1
2012-07-13 13:30:00+00:00,0.03747195,0.149558636492375,0.038962396811249994,0.106,0.061,4.852953944868421,4.8529539,0.021374955131578943,0.045,0.0,0.0,-0.0,0.0,1
2012-07-13 14:00:00+00:00,0.03695535,0.14896777395087502,0.03842524904625,0.15,0.089,4.881928944868421,4.8819289,0.028974955131578994,0.061,0.0,0.0,-0.0,0.0,1
2012-07-13 14:30:00+00:00,0.03605745,0.147940798581125,0.037491635073749995,0.106,0.095,4.887153944868421,4.8871539,0.005224955131579279,0.011,0.0,0.0,-0.0,0.0,1
2012-07-13 15:00:00+00:00,0.0361251,0.14801817343775,0.03756197585249999,0.125,0.061,4.917553944868422,4.9175539,0.030399955131578338,0.064,0.0,0.0,-0.0,0.0,1
2012-07-13 15:30:00+00:00,0.03502425,0.146759073498125,0.036417339543749996,0.075,0.278,4.810711839605264,4.8107118,0.10684214486842158,0.0,0.203,0.0,-0.0,0.0,1
2012-07-13 16:00:00+00:00,0.03600825,0.14788452595812498,0.03744047814375,0.038,0.162,4.745448681710527,4.7454487,0.06526313960526409,0.0,0.124,0.0,-0.0,0.0,1
2012-07-13 16:30:00+00:00,0.03766875,0.149783726984375,0.03916702453125,0.013,0.298,4.5954486817105265,4.5954487,0.14999998171052642,0.0,0.285,0.0,-0.0,0.0,1
2012-07-13 17:00:00+00:00,0.03852975,0.15076849788687502,0.040062270806249994,0.006,0.865,4.143343418552631,4.1433434,0.45210528171052644,0.0,0.859,0.0,-0.0,0.0,1
2012-07-13 17:30:00+00:00,0.039975,0.1524215061875,0.04156500562499999,0.0,0.791,3.7270276290789472,3.7270276,0.41631581855263144,0.0,0.791,0.0,-0.0,0.0,1
2012-07-13 18:00:00+00:00,0.04064535,0.153188220675875,0.042262018796249995,0.0,0.858,3.275448681710526,3.2754487,0.45157892907894714,0.0,0.858,0.0,-0.0,0.0,1
2012-07-13 18:30:00+00:00,0.03878805,0.15106392915762498,0.04033084468874999,0.0,0.408,3.060711839605263,3.0607118,0.21473688171052618,0.0,0.408,0.0,-0.0,0.0,1
2012-07-13 19:00:00+00:00,0.0368139,0.14880599015975,0.038278172872499995,0.0,1.143,2.459132892236842,2.4591329,0.6015789396052629,0.0,1.143,0.0,-0.0,0.0,1
2012-07-13 19:30:00+00:00,0.0352149,0.14697712991225,0.0366155726475,0.0,0.46,2.2170276290789475,2.2170276,0.24210529223684185,0.0,0.46,0.0,-0.0,0.0,1
2012-07-13 20:00:00+00:00,0.0363465,0.14827140024125,0.0377921820375,0.0,0.402,2.0054486817105266,2.0054487,0.21157892907894738,0.0,0.402,0.0,-0.0,0.0,1
2012-07-13 20:30:00+00:00,0.0359652,0.147835287413,0.03739571583,0.0,0.541,1.7207118396052634,1.7207118,0.2847368817105267,0.0,0.541,0.0,-0.0,0.0,1
2012-07-13 21:00:00+00:00,0.03636495,0.14829250247487502,0.037811365886250003,0.0,0.425,1.4970276290789477,1.4970276,0.2236842396052634,0.0,0.425,0.0,-0.0,0.0,1
2012-07-13 21:30:00+00:00,0.03460605,0.146280756202625,0.03598250563875,0.0,0.297,1.3407118396052635,1.3407118,0.1563158290789477,0.0,0.297,0.0,-0.0,0.0,1
2012-07-13 22:00:00+00:00,0.0340218,0.1456125188045,0.035375017094999996,0.0,0.185,1.24421052381579,1.2442105,0.09650133960526341,0.0,0.1833525,0.0016474999999999962,0.0,0.00011994831236520659,1
2012-07-13 22:30:00+00:00,0.0387819,0.15105689507975,0.0403244500725,0.0,0.236,1.1199999975000003,1.12,0.12421052381578979,0.0,0.236,0.0,-0.0,0.0,1
2012-07-13 23:00:00+00:00,0.03570075,0.14753282206437499,0.037120747331249995,0.0,0.166,1.0326315764473688,1.0326316,0.08736839750000036,0.0,0.166,0.0,-0.0,0.0,1
2012-07-13 23:30:00+00:00,0.0363957,0.14832767286425003,0.0378433389675,0.0,0.062,1.0000000001315794,1.0,0.032631576447368804,0.0,0.061999995,4.999999997368221e-09,0.0,3.7081918196544223e-10,1
2012-07-14 00:00:00+00:00,0.03524565,0.09751230030162501,0.03664754572875,0.0,0.062,1.5874999976315793,1.5875,0.5874999998684205,1.2368421,0.0,1.2988421,0.0,0.06332654044979663,1
2012-07-14 00:30:00+00:00,0.03427395,0.096400915997375,0.03563719636125,0.0,0.104,2.2999999976315793,2.3,0.7125000023684205,1.5,0.0,1.604,0.0,0.07731353462989476,1
2012-07-14 01:00:00+00:00,0.03424935,0.096372779685875,0.035611617896249996,0.0,0.048,3.012499997631579,3.0125,0.7125000023684209,1.5,0.0,1.548,0.0,0.07459253147686726,1
2012-07-14 01:30:00+00:00,0.03421245,0.09633057521862502,0.035573250198749996,0.0,0.053,3.724999997631579,3.725,0.7125000023684209,1.5,0.0,1.553,0.0,0.07480069165726233,1
2012-07-14 02:00:00+00:00,0.03256425,0.09444544234812502,0.03385949304375,0.0,0.065,4.437499997631579,4.4375,0.7125000023684209,1.5,0.0,1.565,0.0,0.07390355863740783,1
2012-07-14 02:30:00+00:00,0.03261345,0.09450171497112501,0.03391064997375,0.0,0.095,5.1499999976315785,5.15,0.7125000023684214,1.5,0.0,1.595,0.0,0.0753651176894722,1
2012-07-14 03:00:00+00:00,0.03209685,0.09391085242962502,0.033373502208749996,0.0,0.063,5.862499997631579,5.8625,0.7125000023684214,1.5,0.0,1.563,0.0,0.07339133117375195,1
2012-07-14 03:30:00+00:00,0.03190005,0.093685761937625,0.03316887448875,0.0,0.068,6.574999997631579,6.575,0.7125000023684214,1.5,0.0,1.568,0.0,0.073449637359098,1
2012-07-14 04:00:00+00:00,0.0313281,0.09303159269524999,0.0325741751775,0.0,0.048,7.2874999976315795,7.2875,0.7125000023684205,1.5,0.0,1.548,0.0,0.0720064527461235,1
2012-07-14 04:30:00+00:00,0.0312174,0.09290497929350001,0.032459072085,0.0,0.076,7.99999999763158,8.0,0.7125000023684205,1.5,0.0,1.576,0.0,0.07320912368327802,1
2012-07-14 05:00:00+00:00,0.0310452,0.322608025113,0.03228002283,0.0,0.1,7.947368418684212,7.9473684,0.05263159763157965,0.0,0.1,0.0,-0.0,0.0,1
2012-07-14 05:30:00+00:00,0.03129735,0.32289642230587506,0.03254220209625,0.0,0.049,7.921578945000001,7.9215789,0.025789518684211643,0.0,0.049,0.0,-0.0,0.0,1
2012-07-14 06:00:00+00:00,0.0308484,0.32238293462100004,0.03207539511,0.0,0.046,7.897368418684212,7.8973684,0.02421054500000075,0.0,0.046,0.0,-0.0,0.0,1
2012-07-14 06:30:00+00:00,0.02969835,0.32106756205837506,0.030879601871249995,0.0,0.051,7.870526313421054,7.8705263,0.026842118684212046,0.0,0.051,0.0,-0.0,0.0,1
2012-07-14 07:00:00+00:00,0.0318693,0.32355059154825005,0.0331369014075,0.0,0.393,7.663684208157896,7.6636842,0.20684211342105474,0.0,0.393,0.0,-0.0,0.0,1
2012-07-14 07:30:00+00:00,0.03356055,0.325484962963875,0.03489542087625,0.0,1.662,6.87421052394737,6.8742105,0.789473708157896,0.0,1.5,0.16199999999999992,0.0,0.026364282000073864,1
2012-07-14 08:00:00+00:00,0.0344646,0.3265189724115001,0.03583542946499999,0.006,1.486,6.095263155526317,6.0952632,0.7789473239473699,0.0,1.48,0.0,-0.0,0.0,1
2012-07-14 08:30:00+00:00,0.0344646,0.3265189724115001,0.03583542946499999,0.013,0.619,5.776315787105265,5.7763158,0.31894735552631737,0.0,0.606,0.0,-0.0,0.0,1
2012-07-14 09:00:00+00:00,0.03439695,0.32644159755487506,0.03576508868625,0.019,0.704,5.415789471315791,5.4157895,0.360526287105265,0.0,0.685,0.0,1.1102230246251565e-16,-1.985361246861772e-18,1
2012-07-14 09:30:00+00:00,0.0359283,0.32819308294575006,0.0373573481325,0.025,0.728,5.045789471315791,5.0457895,0.3699999713157913,0.0,0.703,0.0,-0.0,0.0,1
2012-07-14 10:00:00+00:00,0.0372567,0.3297124437667501,0.03873858524249999,0.025,0.125,4.993157892368423,4.9931579,0.05263157131579099,0.0,0.1,0.0,-0.0,0.0,1
2012-07-14 10:30:00+00:00,0.0358176,0.32806646954400004,0.03724224504,0.038,0.06,4.981578945000002,4.9815789,0.01157899236842308,0.0,0.022,0.0,-0.0,0.0,1
2012-07-14 11:00:00+00:00,0.03442155,0.146069733866375,0.035790667151250004,0.131,0.068,5.011503945000002,5.0115039,0.029924954999998477,0.063,0.0,0.0,-0.0,0.0,1
2012-07-14 11:30:00+00:00,0.0344154,0.1460626997885,0.035784272534999995,0.106,0.232,5.011503945000002,5.0115039,4.5000001946959856e-08,0.0,0.0,0.126,0.0,0.0092019500866755,1
2012-07-14 12:00:00+00:00,0.03433545,0.145971256776125,0.03570114252375,0.106,0.202,5.011503945000002,5.0115039,4.5000001946959856e-08,0.0,0.0,0.09600000000000002,0.0,0.007006620325254001,1
2012-07-14 12:30:00+00:00,0.0343908,0.146034563477,0.03575869406999999,0.063,0.165,5.011503945000002,5.0115039,4.5000001946959856e-08,0.0,0.0,0.10200000000000001,0.0,0.007447762737327001,1
2012-07-14 13:00:00+00:00,0.03439695,0.14604159755487503,0.03576508868625,0.063,0.337,5.011503945000002,5.0115039,4.5000001946959856e-08,0.0,0.0,0.274,0.0,0.02000769886501788,1
2012-07-14 13:30:00+00:00,0.0340095,0.14559845064875,0.0353622278625,0.044,0.497,5.011503945000002,5.0115039,4.5000001946959856e-08,0.0,0.0,0.453,0.0,0.03297804907194187,1
2012-07-14 14:00:00+00:00,0.03390495,0.145478871324875,0.03525351938625,0.094,0.35,5.011503945000002,5.0115039,4.5000001946959856e-08,0.0,0.0,0.256,0.0,0.018621295529584,1
2012-07-14 14:30:00+00:00,0.0339357,0.14551404171425,0.0352854924675,0.213,0.278,5.011503945000002,5.0115039,4.5000001946959856e-08,0.0,0.0,0.06500000000000003,0.0,0.004729206355713127,1
2012-07-14 15:00:00+00:00,0.03394185,0.145521075792125,0.03529188708375,0.181,0.298,5.011503945000002,5.0115039,4.5000001946959856e-08,0.0,0.0,0.11699999999999999,0.0,0.008512982933839312,1
2012-07-14 15:30:00+00:00,0.03394185,0.145521075792125,0.03529188708375,0.125,0.4,5.011503945000002,5.0115039,4.5000001946959856e-08,0.0,0.0,0.275,0.0,0.02000914792141719,1
2012-07-14 16:00:00+00:00,0.03404025,0.145633621038125,0.035394200943749995,0.013,0.86,5.011503945000002,5.0115039,4.5000001946959856e-08,0.0,0.0,0.847,0.0,0.06167583850964593,1
2012-07-14 16:30:00+00:00,0.03464295,0.146322960669875,0.03602087333625,0.019,1.015,4.487293418684213,4.4872934,0.5242105450000016,0.0,0.996,0.0,1.1102230246251565e-16,-1.9995601472505565e-18,1
2012-07-14 17:00:00+00:00,0.03672165,0.148700478991625,0.038182253628749996,0.006,0.652,4.147293418684213,4.1472934,0.34000001868421315,0.0,0.646,0.0,-0.0,0.0,1
2012-07-14 17:30:00+00:00,0.03729975,0.149361682311875,0.03878334755625,0.0,0.757,3.748872366052634,3.7488724,0.39842101868421276,0.0,0.757,0.0,-0.0,0.0,1
2012-07-14 18:00:00+00:00,0.04129725,0.153933832930625,0.04293984811875,0.0,0.69,3.385714471315792,3.3857145,0.3631578660526338,0.0,0.69,0.0,-0.0,0.0,1
2012-07-14 18:30:00+00:00,0.0409836,0.153575094959,0.04261372269,0.0,1.667,2.5962407871052653,2.5962408,0.7894736713157919,0.0,1.5,0.16700000000000004,0.0,0.012823520429076503,1
2012-07-14 19:00:00+00:00,0.03967365,0.152076836371625,0.04125166942875,0.0,1.043,2.0472934186842124,2.0472934,0.5489473871052652,0.0,1.043,0.0,-0.0,0.0,1
2012-07-14 19:30:00+00:00,0.03729975,0.149361682311875,0.03878334755625,0.0,0.7,1.6788723660526335,1.6788724,0.3684210186842125,0.0,0.7,0.0,-0.0,0.0,1
2012-07-14 20:00:00+00:00,0.03451995,0.146182279112375,0.03589298101125,0.0,0.343,1.4983460502631598,1.4983461,0.18052626605263344,0.0,0.343,0.0,-0.0,0.0,1
2012-07-14 20:30:00+00:00,0.0345753,0.14624558581325,0.0359505325575,0.0,0.913,1.0178197344736861,1.0178197,0.4805263502631598,0.0,0.913,0.0,-0.0,0.0,1
2012-07-14 21:00:00+00:00,0.03439695,0.14604159755487503,0.03576508868625,0.0,0.805,1.0178197344736861,1.0178197,3.4473686127967085e-08,0.0,0.0,0.805,0.0,0.058781743015837204,1
2012-07-14 21:30:00+00:00,0.0343908,0.146034563477,0.03575869406999999,0.0,0.772,1.0178197344736861,1.0178197,3.4473686127967085e-08,0.0,0.0,0.772,0.0,0.056369341502122,1
2012-07-14 22:00:00+00:00,0.0342924,0.14592201823099998,0.03565638021,0.0,0.489,1.0178197344736861,1.0178197,3.4473686127967085e-08,0.0,0.0,0.489,0.0,0.035677933457479494,1
2012-07-14 22:30:00+00:00,0.03444615,0.146097870177875,0.03581624561625,0.0,0.497,1.0178197344736861,1.0178197,3.4473686127967085e-08,0.0,0.0,0.497,0.0,0.03630532073920194,1
2012-07-14 23:00:00+00:00,0.0343785,0.14602049532125,0.035745904837499995,0.0,0.542,1.0178197344736861,1.0178197,3.4473686127967085e-08,0.0,0.0,0.542,0.0,0.03957155423205875,1
2012-07-14 23:30:00+00:00,0.03447075,0.14612600648937502,0.03584182408125,0.0,0.414,1.0,1.0,0.017819734473686122,0.0,0.033857496,0.380142504,0.0,0.027774353003195633,1
2012-07-15 00:00:00+00:00,0.03451995,0.09668227911237502,0.03589298101125,0.0,0.565,1.5874999975000001,1.5875,0.5874999999999999,1.2368421,0.0,1.8018421,0.0,0.08710310041431397,1
2012-07-15 00:30:00+00:00,0.0343785,0.09652049532125001,0.035745904837499995,0.0,0.15,2.2999999975,2.3,0.7125000024999997,1.5,0.0,1.65,0.0,0.07962940864003125,1
2012-07-15 01:00:00+00:00,0.0342555,0.09637981376375002,0.035618012512500005,0.0,0.146,3.0124999975,3.0125,0.7125000025000001,1.5,0.0,1.646,0.0,0.07932058672756626,1
2012-07-15 01:30:00+00:00,0.03381885,0.09588039423462501,0.03516399475874999,0.0,0.135,3.7249999975,3.725,0.7125000025000001,1.5,0.0,1.635,0.0,0.07838222228680594,1
2012-07-15 02:00:00+00:00,0.03326535,0.095247327225875,0.034588479296249995,0.0,0.116,4.4374999975,4.4375,0.7125000025000001,1.5,0.0,1.616,0.0,0.076959840398507,1
2012-07-15 02:30:00+00:00,0.0311313,0.09280650220325001,0.032369547457499995,0.0,0.127,5.1499999975,5.15,0.7125000025000006,1.5,0.0,1.627,0.0,0.07549808954234388,1
2012-07-15 03:00:00+00:00,0.03159255,0.093334058043875,0.03284914367625,0.006,0.176,5.8624999975000005,5.8625,0.7125000024999997,1.5,0.0,1.67,0.0,0.07793393846663563,1
2012-07-15 03:30:00+00:00,0.0308361,0.09246886646525002,0.0320626058775,0.0,0.125,6.574999997500001,6.575,0.7125000024999997,1.5,0.0,1.625,0.0,0.07513095400301564,1
2012-07-15 04:00:00+00:00,0.0300612,0.091582572653,0.03125688423,0.0,0.118,7.287499997500001,7.2875,0.7125000024999988,1.5,0.0,1.6179999999999999,0.0,0.074090301276277,1
2012-07-15 04:30:00+00:00,0.03046095,0.09203978771487499,0.03167253428625,0.0,0.116,7.999999997500002,8.0,0.7125000024999988,1.5,0.0,1.616,0.0,0.074368148473619,1
2012-07-15 05:00:00+00:00,0.02870205,0.31992804144262504,0.029843674038749997,0.0,0.169,7.911052629078949,7.9110526,0.08894739750000191,0.0,0.169,0.0,-0.0,0.0,1
2012-07-15 05:30:00+00:00,0.03016575,0.32160215197687503,0.03136559270625,0.0,0.122,7.846842102763159,7.8468421,0.06421052907894875,0.0,0.122,0.0,-0.0,0.0,1
2012-07-15 06:00:00+00:00,0.0262113,0.31707923990325004,0.027253854457499997,0.0,0.144,7.771052629078949,7.7710526,0.07578950276315943,0.0,0.144,0.0,-0.0,0.0,1
2012-07-15 06:30:00+00:00,0.027921,0.3190347135525,0.029031557774999998,0.0,0.118,7.708947365921055,7.7089474,0.06210522907894944,0.0,0.118,0.0,-0.0,0.0,1
2012-07-15 07:00:00+00:00,0.030996,0.32255175249000007,0.0322288659,0.0,0.122,7.644736839605265,7.6447368,0.06421056592105412,0.0,0.122,0.0,-0.0,0.0,1
2012-07-15 07:30:00+00:00,0.0313773,0.3229878653182501,0.032625332107499995,0.0,0.162,7.559473681710529,7.5594737,0.08526313960526544,0.0,0.162,0.0,-0.0,0.0,1
2012-07-15 08:00:00+00:00,0.03223215,0.323965602142875,0.03351418376625,0.006,0.719,7.184210523815792,7.1842105,0.37526318171052875,0.0,0.713,0.0,-0.0,0.0,1
2012-07-15 08:30:00+00:00,0.03445845,0.326511938333625,0.035829034848750003,0.013,1.069,6.628421050131581,6.6284211,0.5557894238157921,0.0,1.056,0.0,-0.0,0.0,1
2012-07-15 09:00:00+00:00,0.03411405,0.326118029972625,0.035470936338749995,0.019,0.756,6.240526313289475,6.2405263,0.38789475013158103,0.0,0.737,0.0,-0.0,0.0,1
2012-07-15 09:30:00+00:00,0.0344646,0.3265189724115001,0.03583542946499999,0.019,0.95,5.750526313289475,5.7505263,0.4900000132894755,0.0,0.931,0.0,1.1102230246251565e-16,-1.9892659444686873e-18,1
2012-07-15 10:00:00+00:00,0.03451995,0.32658227911237503,0.03589298101125,0.025,0.785,5.350526313289475,5.3505263,0.40000001328947477,0.0,0.76,0.0,-0.0,0.0,1
2012-07-15 10:30:00+00:00,0.0344523,0.32650490425575,0.035822640232499994,0.038,0.599,5.055263155394738,5.0552632,0.29526311328947497,0.0,0.561,0.0,1.1102230246251565e-16,-1.9885559994492482e-18,1
2012-07-15 11:00:00+00:00,0.03443385,0.146083802022125,0.03580345638375,0.05,0.201,5.055263155394738,5.0552632,4.460526170646517e-08,0.0,0.0,0.15100000000000002,0.0,0.01102932705267044,1
2012-07-15 11:30:00+00:00,0.03417555,0.145788370751375,0.03553488250125,0.063,0.143,5.055263155394738,5.0552632,4.460526170646517e-08,0.0,0.0,0.07999999999999999,0.0,0.005831534830054999,1
2012-07-15 12:00:00+00:00,0.0341202,0.1457250640505,0.035477330955000004,0.075,0.122,5.055263155394738,5.0552632,4.460526170646517e-08,0.0,0.0,0.047,0.0,0.00342453900518675,1
2012-07-15 12:30:00+00:00,0.03394185,0.145521075792125,0.03529188708375,0.05,0.172,5.055263155394738,5.0552632,4.460526170646517e-08,0.0,0.0,0.12199999999999998,0.0,0.008876785623319623,1
2012-07-15 13:00:00+00:00,0.03388035,0.145450735013375,0.03522794092124999,0.081,0.134,5.055263155394738,5.0552632,4.460526170646517e-08,0.0,0.0,0.053000000000000005,0.0,0.0038544444778544377,1
2012-07-15 13:30:00+00:00,0.03360975,0.145141235586875,0.03494657780625,0.031,0.126,5.055263155394738,5.0552632,4.460526170646517e-08,0.0,0.0,0.095,0.0,0.006894208690376563,1
2012-07-15 14:00:00+00:00,0.0338865,0.14545776909125002,0.0352343355375,0.044,0.136,5.055263155394738,5.0552632,4.460526170646517e-08,0.0,0.0,0.09200000000000001,0.0,0.006691057378197502,1
2012-07-15 14:30:00+00:00,0.0332961,0.14478249761525003,0.0346204523775,0.156,0.139,5.063338155394738,5.0633382,0.008075044605261539,0.017,0.0,2.7755575615628914e-17,0.0,2.0092607801898425e-18,1
2012-07-15 15:00:00+00:00,0.0336036,0.145134201509,0.034940183189999995,0.213,0.164,5.086613155394738,5.0866132,0.02327504460526253,0.049,0.0,2.7755575615628914e-17,0.0,2.0141416521984867e-18,1
2012-07-15 15:30:00+00:00,0.0340464,0.14564065511600002,0.03540059556,0.15,0.154,5.086613155394738,5.0866132,4.460526259464359e-08,0.0,0.0,0.0040000000000000036,0.0,0.0002912813102320003,1
2012-07-15 16:00:00+00:00,0.03431085,0.14594312046462501,0.03567556405875,0.025,0.122,5.086613155394738,5.0866132,4.460526259464359e-08,0.0,0.0,0.097,0.0,0.007078241342534313,1
2012-07-15 16:30:00+00:00,0.0344523,0.14610490425574998,0.035822640232499994,0.013,0.464,5.086613155394738,5.0866132,4.460526259464359e-08,0.0,0.0,0.451,0.0,0.03294665590967162,1
2012-07-15 17:00:00+00:00,0.03677085,0.148756751614625,0.03823341055875,0.0,0.978,5.086613155394738,5.0866132,4.460526259464359e-08,0.0,0.0,0.978,0.0,0.07274205153955163,1
2012-07-15 17:30:00+00:00,0.04092825,0.153511788258125,0.042556171143749995,0.0,1.225,4.441876313289475,4.4418763,0.6447368553947381,0.0,1.225,0.0,-0.0,0.0,1
2012-07-15 18:00:00+00:00,0.0563094,0.1711040170235,0.058549106385,0.0,1.17,3.8260868396052645,3.8260868,0.6157895132894748,0.0,1.17,0.0,-0.0,0.0,1
2012-07-15 18:30:00+00:00,0.05283465,0.167129763024125,0.05493614820374999,0.0,1.08,3.2576657869736856,3.2576658,0.5684210396052647,0.0,1.08,0.0,-0.0,0.0,1
2012-07-15 19:00:00+00:00,0.04690605,0.16034891195262502,0.04877173813874999,0.0,1.529,2.468192102763159,2.4681921,0.7894736869736856,0.0,1.5,0.028999999999999915,0.0,0.002325059223313056,1
2012-07-15 19:30:00+00:00,0.0440217,0.15704992942924997,0.04577266311749999,0.0,0.585,2.160297365921054,2.1602974,0.3078947027631589,0.0,0.585,0.0,-0.0,0.0,1
2012-07-15 20:00:00+00:00,0.04156785,0.154243332357125,0.04322121123375,0.0,0.603,1.8429289448684223,1.8429289,0.31736846592105383,0.0,0.603,0.0,-0.0,0.0,1
2012-07-15 20:30:00+00:00,0.0418815,0.15460207032875,0.0435473366625,0.0,0.643,1.5045078922368433,1.5045079,0.3384210448684224,0.0,0.643,0.0,-0.0,0.0,1
2012-07-15 21:00:00+00:00,0.0406146,0.1531530502865,0.042230045715,0.0,0.708,1.131876313289475,1.1318763,0.3726315922368433,0.0,0.708,0.0,-0.0,0.0,1
2012-07-15 21:30:00+00:00,0.03806235,0.150233907968375,0.03957627997125,0.0,0.741,1.0,1.0,0.1318763132894749,0.0,0.250565,0.490435,0.0,0.036839983327234996,1
2012-07-15 22:00:00+00:00,0.0350058,0.1467379712645,0.036398155695,0.0,0.683,1.0,1.0,0.0,0.0,0.0,0.683,0.0,0.050111017186826756,1
2012-07-15 22:30:00+00:00,0.0370968,0.14912955774199999,0.038572325219999995,0.0,0.436,1.0,1.0,0.0,0.0,0.0,0.436,0.0,0.032510243587756,1
2012-07-15 23:00:00+00:00,0.0357807,0.14762426507675,0.0372038773425,0.0,0.167,1.0,1.0,0.0,0.0,0.0,0.167,0.0,0.012326626133908626,1
2012-07-15 23:30:00+00:00,0.0349566,0.14668169864150002,0.036346998765,0.0,0.123,1.0,1.0,0.0,0.0,0.0,0.123,0.0,0.009020924466452251,1
2012-07-16 00:00:00+00:00,0.03432315,0.096457188620375,0.035688353291249995,0.0,0.115,1.7125,1.7125,0.7124999999999999,1.5,0.0,1.615,0.0,0.07788917981095281,1
2012-07-16 00:30:00+00:00,0.03391725,0.09599293948062503,0.03526630861875,0.0,0.159,2.425,2.425,0.7124999999999999,1.5,0.0,1.659,0.0,0.07962614329917846,1
2012-07-16 01:00:00+00:00,0.0343293,0.09646422269825002,0.0356947479075,0.0,0.135,3.0124999975,3.0125,0.5875000000000004,1.2368421,0.0,1.3718421,0.0,0.06616684092061749,1
2012-07-16 01:30:00+00:00,0.033948,0.09602810987000002,0.035298281699999996,0.0,0.121,3.7249999975,3.725,0.7125000025000001,1.5,0.0,1.621,0.0,0.07783078304963502,1
2012-07-16 02:00:00+00:00,0.03330225,0.09528953169312501,0.034626846993749995,0.0,0.115,4.4374999975,4.4375,0.7125000025000001,1.5,0.0,1.615,0.0,0.07694629684219845,1
2012-07-16 02:30:00+00:00,0.0323613,0.09421331777825001,0.0336484707075,0.0,0.128,5.1499999975,5.15,0.7125000025000006,1.5,0.0,1.6280000000000001,0.0,0.07668964067149552,1
2012-07-16 03:00:00+00:00,0.0321276,0.09394602281900001,0.03340547529,0.0,0.159,5.8624999975000005,5.8625,0.7125000024999997,1.5,0.0,1.659,0.0,0.07792822592836052,1
2012-07-16 03:30:00+00:00,0.0312912,0.09298938822800001,0.03253580748,0.0,0.114,6.574999997500001,6.575,0.7125000024999997,1.5,0.0,1.614,0.0,0.07504243629999602,1
2012-07-16 04:00:00+00:00,0.03089145,0.09253217316612501,0.03212015742375,0.0,0.115,7.287499997500001,7.2875,0.7125000024999988,1.5,0.0,1.615,0.0,0.07471972983164595,1
2012-07-16 04:30:00+00:00,0.0330747,0.09502927081175,0.034390246192499994,0.0,0.133,7.999999997500002,8.0,0.7125000024999988,1.5,0.0,1.633,0.0,0.07759139961779388,1
2012-07-16 05:00:00+00:00,0.034071,0.3260687914275,0.035426174025,0.0,0.144,7.924210523815791,7.9242105,0.07578949750000152,0.0,0.144,0.0,-0.0,0.0,1
2012-07-16 05:30:00+00:00,0.0347721,0.32687067630525,0.0361551602775,0.0,0.144,7.848421050131581,7.8484211,0.07578942381579079,0.0,0.144,0.0,-0.0,0.0,1
2012-07-16 06:00:00+00:00,0.0349935,0.32712390310875006,0.0363853664625,0.0,0.114,7.788421050131581,7.7884211,0.05999995013158088,0.0,0.114,0.0,-0.0,0.0,1
2012-07-16 06:30:00+00:00,0.03774255,0.33026813591887505,0.039243759926249996,0.0,0.115,7.727894734342107,7.7278947,0.06052635013158092,0.0,0.115,0.0,-0.0,0.0,1
2012-07-16 07:00:00+00:00,0.042804,0.33605718201,0.0445065291,0.0,0.132,7.658421050131581,7.6584211,0.06947363434210718,0.0,0.132,0.0,-0.0,0.0,1
2012-07-16 07:30:00+00:00,0.04277325,0.33602201162062506,0.04447455601874999,0.0,0.152,7.578421050131581,7.5784211,0.07999995013158134,0.0,0.152,0.0,-0.0,0.0,1
2012-07-16 08:00:00+00:00,0.04704135,0.34090366166587505,0.04891241969625,0.013,1.684,6.788947365921055,6.7889474,0.7894736501315816,0.0,1.5,0.17100000000000004,0.0,0.029147263072432324,1
2012-07-16 08:30:00+00:00,0.0483267,0.34237378394175005,0.0502488944925,0.013,1.826,5.999473681710528,5.9994737,0.7894736659210544,0.0,1.5,0.31300000000000017,0.0,0.05358149718688391,1
2012-07-16 09:00:00+00:00,0.04705365,0.34091772982162505,0.04892520892875,0.019,1.223,5.365789471184212,5.3657895,0.6336841817105281,0.0,1.204,2.220446049250313e-16,0.0,3.784947131509065e-17,1
2012-07-16 09:30:00+00:00,0.0467646,0.3405871281615,0.048624661964999996,0.019,0.702,5.006315786973686,5.0063158,0.3594736711842117,0.0,0.683,0.0,1.1102230246251565e-16,-2.699210963907905e-18,1
2012-07-16 10:00:00+00:00,0.04634025,0.34010177678812503,0.04818343344374999,0.025,0.485,4.764210523815791,4.7642105,0.24210528697368616,0.0,0.46,0.0,5.551115123125783e-17,-1.337358930368626e-18,1
2012-07-16 10:30:00+00:00,0.0456576,0.3393209941440001,0.04747363104,0.038,0.284,4.634736839605265,4.6347368,0.12947372381579125,0.0,0.246,0.0,2.7755575615628914e-17,-6.588289780395939e-19,1
2012-07-16 11:00:00+00:00,0.0416601,0.15434884352525,0.04331713047749999,0.075,0.207,4.565263155394739,4.5652632,0.0694736396052642,0.0,0.132,0.0,-0.0,0.0,1
2012-07-16 11:30:00+00:00,0.04076835,0.153328902233375,0.04238991112125,0.069,0.154,4.565263155394739,4.5652632,4.460526170646517e-08,0.0,0.0,0.08499999999999999,0.0,0.006516478344918437,1
2012-07-16 12:00:00+00:00,0.03978435,0.152203449773375,0.041366772521250005,0.088,0.26,4.565263155394739,4.5652632,4.460526170646517e-08,0.0,0.0,0.17200000000000001,0.0,0.01308949668051025,1
2012-07-16 12:30:00+00:00,0.03605745,0.147940798581125,0.037491635073749995,0.063,0.28,4.565263155394739,4.5652632,4.460526170646517e-08,0.0,0.0,0.21700000000000003,0.0,0.016051576646052064,1
2012-07-16 13:00:00+00:00,0.0344892,0.14614710872300002,0.035861007929999994,0.156,0.456,4.565263155394739,4.5652632,4.460526170646517e-08,0.0,0.0,0.30000000000000004,0.0,0.021922066308450006,1
2012-07-16 13:30:00+00:00,0.0347721,0.14647067630525,0.0361551602775,0.031,0.211,4.565263155394739,4.5652632,4.460526170646517e-08,0.0,0.0,0.18,0.0,0.0131823608674725,1
2012-07-16 14:00:00+00:00,0.0346245,0.14630185843625002,0.0360016894875,0.044,0.175,4.565263155394739,4.5652632,4.460526170646517e-08,0.0,0.0,0.131,0.0,0.009582771727574376,1
2012-07-16 14:30:00+00:00,0.0342555,0.14587981376375,0.035618012512500005,0.156,0.075,4.603738155394739,4.6037382,0.038475044605260855,0.081,0.0,0.0,-0.0,0.0,1
2012-07-16 15:00:00+00:00,0.034194,0.14580947298500002,0.03555406635,0.244,0.099,4.672613155394739,4.6726132,0.06887504460526106,0.145,0.0,0.0,-0.0,0.0,1
2012-07-16 15:30:00+00:00,0.0340587,0.14565472327175,0.035413384792499995,0.15,0.073,4.709188155394739,4.7091882,0.03657504460526084,0.077,0.0,0.0,-0.0,0.0,1
2012-07-16 16:00:00+00:00,0.034686,0.146372199215,0.03606563565,0.025,0.138,4.709188155394739,4.7091882,4.460526081828675e-08,0.0,0.0,0.11300000000000002,0.0,0.008270029255647501,1
2012-07-16 16:30:00+00:00,0.0368262,0.14882005831550002,0.038290962105000007,0.006,0.115,4.709188155394739,4.7091882,4.460526081828675e-08,0.0,0.0,0.109,0.0,0.008110693178194751,1
2012-07-16 17:00:00+00:00,0.0376257,0.14973448843925,0.039122262217499995,0.0,1.249,4.709188155394739,4.7091882,4.460526081828675e-08,0.0,0.0,1.249,0.0,0.09350918803031164,1
2012-07-16 17:30:00+00:00,0.0412665,0.15389866254125,0.042907875037499994,0.0,1.485,3.927609208026318,3.9276092,0.781578955394739,0.0,1.485,0.0,-0.0,0.0,1
2012-07-16 18:00:00+00:00,0.0482898,0.16193157947450001,0.050210526795,0.0,0.989,3.4070828922368444,3.4070829,0.520526308026318,0.0,0.989,0.0,-0.0,0.0,1
2012-07-16 18:30:00+00:00,0.04855425,0.162234044823125,0.050485495293749995,0.0,1.149,2.802346050131581,2.8023461,0.6047367922368445,0.0,1.149,0.0,-0.0,0.0,1
2012-07-16 19:00:00+00:00,0.047355,0.1608623996375,0.049238545125,0.0,1.104,2.2212934185526336,2.2212934,0.5810526501315811,0.0,1.104,0.0,-0.0,0.0,1
2012-07-16 19:30:00+00:00,0.0408114,0.1533781407785,0.042434673434999994,0.0,0.633,1.9478947343421074,1.9478947,0.27339871855263365,0.0,0.5194575,0.11354249999999999,0.0,0.008707468774671418,1
2012-07-16 20:00:00+00:00,0.0407376,0.153293731844,0.042357938039999994,0.0,0.547,1.9478947343421074,1.9478947,3.434210738006982e-08,0.0,0.0,0.547,0.0,0.041925835659334006,1
2012-07-16 20:30:00+00:00,0.0414387,0.15409561672175,0.043086924292499995,0.0,0.55,1.658421050131581,1.6584211,0.2894736343421074,0.0,0.55,0.0,-0.0,0.0,1
2012-07-16 21:00:00+00:00,0.0408114,0.1533781407785,0.042434673434999994,0.0,0.601,1.3421052606578967,1.3421053,0.316315750131581,0.0,0.601,0.0,-0.0,0.0,1
2012-07-16 21:30:00+00:00,0.0380439,0.15021280573475002,0.039557096122499996,0.0,0.755,1.3421052606578967,1.3421053,3.9342103352879576e-08,0.0,0.0,0.755,0.0,0.05670533416486813,1
2012-07-16 22:00:00+00:00,0.03562695,0.147448413129875,0.03704401193624999,0.0,0.637,1.3421052606578967,1.3421053,3.9342103352879576e-08,0.0,0.0,0.637,0.0,0.04696231958186519,1
2012-07-16 22:30:00+00:00,0.0438864,0.156895179716,0.04563198156,0.0,0.65,1.0,1.0,0.3421052606578967,0.0,0.65,0.0,-0.0,0.0,1
2012-07-16 23:00:00+00:00,0.0363465,0.14827140024125,0.0377921820375,0.0,0.539,1.0,1.0,0.0,0.0,0.0,0.539,0.0,0.039959142365016874,1
2012-07-16 23:30:00+00:00,0.0352641,0.14703340253525,0.036666729577499994,0.0,0.135,1.0,1.0,0.0,0.0,0.0,0.135,0.0,0.009924754671129375,1
2012-07-17 00:00:00+00:00,0.0357192,0.098053924298,0.037139931179999995,0.0,0.046,1.5874999975000001,1.5875,0.5874999999999999,1.2368421,0.0,1.2828421,0.0,0.06289385107984367,1
2012-07-17 00:30:00+00:00,0.03433545,0.096471256776125,0.03570114252375,0.0,0.065,2.2999999975,2.3,0.7125000024999997,1.5,0.0,1.565,0.0,0.07548875842731781,1
2012-07-17 01:00:00+00:00,0.03436005,0.09649939308762502,0.03572672098875,0.0,0.071,3.0124999975,3.0125,0.7125000025000001,1.5,0.0,1.571,0.0,0.07580027327032945,1
2012-07-17 01:30:00+00:00,0.0342801,0.09640795007524999,0.03564359097749999,0.0,0.073,3.7249999975,3.725,0.7125000025000001,1.5,0.0,1.573,0.0,0.07582485273418411,1
2012-07-17 02:00:00+00:00,0.03406485,0.09616175734962502,0.03541977940875,0.006,0.047,4.4374999975,4.4375,0.7125000025000001,1.5,0.0,1.541,0.0,0.07409263403788607,1
2012-07-17 02:30:00+00:00,0.03343755,0.09544428140637501,0.03476752855125,0.0,0.063,5.1499999975,5.15,0.7125000025000006,1.5,0.0,1.563,0.0,0.07458970591908207,1
2012-07-17 03:00:00+00:00,0.0328779,0.09480418031975,0.0341856184725,0.0,0.046,5.8624999975000005,5.8625,0.7125000024999997,1.5,0.0,1.546,0.0,0.07328363138716676,1
2012-07-17 03:30:00+00:00,0.03204765,0.093854579806625,0.03332234527874999,0.0,0.151,6.574999997500001,6.575,0.7125000024999997,1.5,0.0,1.651,0.0,0.07747695563036894,1
2012-07-17 04:00:00+00:00,0.0319431,0.09373500048275,0.0332136368025,0.0,0.105,7.287499997500001,7.2875,0.7125000024999988,1.5,0.0,1.605,0.0,0.07522233788740688,1
2012-07-17 04:30:00+00:00,0.0319062,0.09369279601550001,0.033175269105,0.0,0.088,7.999999997500002,8.0,0.7125000024999988,1.5,0.0,1.588,0.0,0.07439208003630701,1
2012-07-17 05:00:00+00:00,0.03293325,0.324767487020625,0.03424317001874999,0.0,0.048,7.9747368396052645,7.9747368,0.025263197500001944,0.0,0.048,0.0,-0.0,0.0,1
2012-07-17 05:30:00+00:00,0.0340095,0.32599845064875,0.0353622278625,0.0,0.049,7.948947365921054,7.9489474,0.025789439605264697,0.0,0.049,0.0,-0.0,0.0,1
2012-07-17 06:00:00+00:00,0.03223215,0.323965602142875,0.03351418376625,0.0,0.055,7.9199999975000015,7.92,0.028947365921053958,0.0,0.055,0.0,-0.0,0.0,1
2012-07-17 06:30:00+00:00,0.03589755,0.32815791255637505,0.03732537505125,0.0,0.107,7.863684208026317,7.8636842,0.05631579750000171,0.0,0.107,0.0,-0.0,0.0,1
2012-07-17 07:00:00+00:00,0.041574,0.33465036643500007,0.043227605849999996,0.0,0.056,7.834210523815791,7.8342105,0.02947370802631699,0.0,0.056,0.0,-0.0,0.0,1
2012-07-17 07:30:00+00:00,0.04426155,0.337724258466375,0.04602205315124999,0.0,1.022,7.296315786973686,7.2963158,0.537894723815791,0.0,1.022,0.0,-0.0,0.0,1
2012-07-17 08:00:00+00:00,0.0523365,0.34696000271625005,0.0544181842875,0.006,1.683,6.5068421027631596,6.5068421,0.789473686973686,0.0,1.5,0.17700000000000005,0.0,0.030705960240388137,1
2012-07-17 08:30:00+00:00,0.05092815,0.345349198882875,0.05295381716624999,0.019,1.356,5.803157892236844,5.8031579,0.7036842027631591,0.0,1.337,2.220446049250313e-16,0.0,3.8341463213562024e-17,1
2012-07-17 09:00:00+00:00,0.04312995,0.336429988137375,0.04484544376125,0.019,0.463,5.569473681710528,5.5694737,0.23368419223684445,0.0,0.444,0.0,-0.0,0.0,1
2012-07-17 09:30:00+00:00,0.0414387,0.33449561672175004,0.043086924292499995,0.019,0.124,5.514210523815792,5.5142105,0.055263181710528464,0.0,0.105,0.0,-0.0,0.0,1
2012-07-17 10:00:00+00:00,0.04076835,0.33372890223337504,0.04238991112125,0.025,0.087,5.481578944868423,5.4815789,0.03263162381579221,0.0,0.062,0.0,6.938893903907228e-18,-1.4706954793320542e-19,1
2012-07-17 10:30:00+00:00,0.04025175,0.333138039691875,0.041852763356249996,0.038,0.06,5.469999997500002,5.47,0.01157894486842359,0.0,0.022,0.0,-0.0,0.0,1
2012-07-17 11:00:00+00:00,0.03562695,0.147448413129875,0.03704401193624999,0.069,0.062,5.4733249975000025,5.473325,0.0033250024999977867,0.007,0.0,0.0,-0.0,0.0,1
2012-07-17 11:30:00+00:00,0.03449535,0.146154142800875,0.03586740254625,0.075,0.051,5.4847249975000025,5.484725,0.011400002499997619,0.024,0.0,0.0,-0.0,0.0,1
2012-07-17 12:00:00+00:00,0.0344769,0.14613304056725002,0.035848218697499996,0.075,0.108,5.4847249975000025,5.484725,2.4999975423156684e-09,0.0,0.0,0.033,0.0,0.0024111951693596254,1
2012-07-17 12:30:00+00:00,0.03442155,0.146069733866375,0.035790667151250004,0.063,0.062,5.485199997500002,5.4852,0.00047500249999732347,0.001,0.0,0.0,-0.0,0.0,1
2012-07-17 13:00:00+00:00,0.0336651,0.14520454228775,0.035004129352499996,0.131,0.052,5.522724997500002,5.522725,0.03752500249999802,0.079,0.0,0.0,-0.0,0.0,1
2012-07-17 13:30:00+00:00,0.03364665,0.14518344005412498,0.034984945503749997,0.038,0.076,5.522724997500002,5.522725,2.499998430494088e-09,0.0,0.0,0.038,0.0,0.0027584853610283745,1
2012-07-17 14:00:00+00:00,0.03343755,0.144944281406375,0.03476752855125,0.038,0.072,5.522724997500002,5.522725,2.499998430494088e-09,0.0,0.0,0.033999999999999996,0.0,0.002464052783908375,1
2012-07-17 14:30:00+00:00,0.0330501,0.14450113450025,0.0343646677275,0.156,0.074,5.561674997500002,5.561675,0.03895000249999825,0.082,0.0,0.0,-0.0,0.0,1
2012-07-17 15:00:00+00:00,0.03287175,0.144297146241875,0.034179223856249996,0.25,0.108,5.629124997500002,5.629125,0.06745000249999844,0.142,0.0,0.0,-0.0,0.0,1
2012-07-17 15:30:00+00:00,0.0331485,0.14461367974624997,0.034466981587499994,0.15,0.062,5.670924997500002,5.670925,0.04180000249999871,0.088,0.0,0.0,-0.0,0.0,1
2012-07-17 16:00:00+00:00,0.03376965,0.145324121611625,0.03511283782875,0.025,0.253,5.670924997500002,5.670925,2.499998430494088e-09,0.0,0.0,0.228,0.0,0.016566949863725252,1
2012-07-17 16:30:00+00:00,0.0342678,0.1458938819195,0.035630801744999996,0.006,0.405,5.670924997500002,5.670925,2.499998430494088e-09,0.0,0.0,0.399,0.0,0.029105829442940254,1
2012-07-17 17:00:00+00:00,0.03568845,0.14751875390862498,0.03710795809874999,0.0,1.54,4.8814513132894755,4.8814513,0.7894736975000018,0.0,1.5,0.040000000000000036,0.0,0.002950375078172502,1
2012-07-17 17:30:00+00:00,0.0417093,0.15440511614825,0.04336828740749999,0.0,0.926,4.394082892236844,4.3940829,0.48736841328947555,0.0,0.926,0.0,-0.0,0.0,1
2012-07-17 18:00:00+00:00,0.0576747,0.17266558231174997,0.059968711192499996,0.0,1.041,3.8461881553947386,3.8461882,0.5478946922368437,0.0,1.041,0.0,-0.0,0.0,1
2012-07-17 18:30:00+00:00,0.0560142,0.1707663812855,0.058242164804999996,0.0,1.0,3.3198723659210545,3.3198724,0.5263157553947386,0.0,1.0,0.0,-0.0,0.0,1
2012-07-17 19:00:00+00:00,0.04940295,0.16320474756987502,0.051367952336249995,0.0,0.7,2.9514513132894757,2.9514513,0.3684210659210545,0.0,0.7,0.0,-0.0,0.0,1
2012-07-17 19:30:00+00:00,0.0443907,0.15747197410174998,0.04615634009249999,0.0,0.728,2.5682934185526336,2.5682934,0.3831579132894758,0.0,0.728,0.0,-0.0,0.0,1
2012-07-17 20:00:00+00:00,0.0453747,0.15859742656175,0.04717947869249999,0.0,0.776,2.159872365921055,2.1598724,0.4084210185526338,0.0,0.776,0.0,-0.0,0.0,1
2012-07-17 20:30:00+00:00,0.04322835,0.156142533383375,0.044947757621249994,0.0,0.514,1.889346050131581,1.8893461,0.2705262659210548,0.0,0.514,0.0,-0.0,0.0,1
2012-07-17 21:00:00+00:00,0.04156785,0.154243332357125,0.04322121123375,0.0,0.697,1.5225039448684232,1.5225039,0.36684215013158106,0.0,0.697,0.0,-0.0,0.0,1
2012-07-17 21:30:00+00:00,0.03694305,0.148953705795125,0.038412459813749994,0.0,0.648,1.1814513132894757,1.1814513,0.34105264486842324,0.0,0.648,0.0,-0.0,0.0,1
2012-07-17 22:00:00+00:00,0.03463065,0.146308892514125,0.03600808410375,0.0,0.578,1.1710526317105283,1.1710526,0.010398713289475614,0.0,0.019757495,0.5582425049999999,0.0,0.04083792133043044,1
2012-07-17 22:30:00+00:00,0.03715215,0.149192864442875,0.03862987676625,0.0,0.189,1.071578947500002,1.0715789,0.09947373171052831,0.0,0.189,0.0,-0.0,0.0,1
2012-07-17 23:00:00+00:00,0.0346614,0.14634406290350002,0.036040057185,0.0,0.064,1.0378947369736862,1.0378947,0.033684247500001874,0.0,0.064,0.0,-0.0,0.0,1
2012-07-17 23:30:00+00:00,0.03543015,0.14722332263787502,0.03683938421625,0.0,0.072,1.000000000131581,1.0,0.03789473697368617,0.0,0.072,0.0,-0.0,0.0,1
2012-07-18 00:00:00+00:00,0.03347445,0.09548648587362503,0.03480589624875,0.0,0.066,1.7125000001315809,1.7125,0.7124999998684189,1.5,0.0,1.566,0.0,0.0747659184390484,1
2012-07-18 00:30:00+00:00,0.0337143,0.09576081491075002,0.0350552862825,0.006,0.061,2.425000000131581,2.425,0.7124999998684189,1.5,0.0,1.555,0.0,0.07445403359310813,1
2012-07-18 01:00:00+00:00,0.03404025,0.096133621038125,0.035394200943749995,0.0,0.053,3.012499997631581,3.0125,0.5874999998684194,1.2368421,0.0,1.2898421,0.0,0.06199859582020967,1
2012-07-18 01:30:00+00:00,0.0332469,0.09522622499225,0.0345692954475,0.0,0.072,3.724999997631581,3.725,0.7125000023684191,1.5,0.0,1.572,0.0,0.0748478128439085,1
2012-07-18 02:00:00+00:00,0.0324351,0.09429772671275001,0.0337252061025,0.0,0.08,4.437499997631581,4.4375,0.7125000023684191,1.5,0.0,1.58,0.0,0.07449520410307252,1
2012-07-18 02:30:00+00:00,0.03215835,0.09398119320837502,0.03343744837125,0.0,0.065,5.14999999763158,5.15,0.7125000023684196,1.5,0.0,1.565,0.0,0.07354028368555345,1
2012-07-18 03:00:00+00:00,0.0310944,0.09276429773600002,0.03233117976,0.0,0.05,5.862499997631581,5.8625,0.7125000023684196,1.5,0.0,1.55,0.0,0.07189233074540002,1
2012-07-18 03:30:00+00:00,0.0311559,0.09283463851475002,0.0323951259225,0.0,0.055,6.574999997631581,6.575,0.7125000023684196,1.5,0.0,1.555,0.0,0.07217893144521814,1
2012-07-18 04:00:00+00:00,0.0305901,0.09218750335025,0.0318068212275,0.0,0.081,7.287499997631581,7.2875,0.7125000023684187,1.5,0.0,1.581,0.0,0.07287422139837263,1
2012-07-18 04:30:00+00:00,0.03075,0.092370389375,0.03197308124999999,0.0,0.078,7.999999997631582,8.0,0.7125000023684187,1.5,0.0,1.578,0.0,0.072880237216875,1
2012-07-18 05:00:00+00:00,0.0313896,0.323001933474,0.03263812133999999,0.0,0.049,7.974210523947371,7.9742105,0.02578949763158178,0.0,0.049,0.0,-0.0,0.0,1
2012-07-18 05:30:00+00:00,0.03364665,0.325583440054125,0.034984945503749997,0.0,0.049,7.9484210502631605,7.9484211,0.02578942394737105,0.0,0.049,0.0,-0.0,0.0,1
2012-07-18 06:00:00+00:00,0.03060855,0.32210860558387505,0.031826005076250004,0.0,0.05,7.922105260789476,7.9221053,0.026315750263160353,0.0,0.05,0.0,-0.0,0.0,1
2012-07-18 06:30:00+00:00,0.0343539,0.32639235900975005,0.03572032637249999,0.0,0.11,7.864210523947371,7.8642105,0.057894760789475974,0.0,0.11,0.0,-0.0,0.0,1
2012-07-18 07:00:00+00:00,0.0379947,0.33055653311175004,0.03950593919249999,0.0,0.046,7.8399999976315815,7.84,0.024210523947370888,0.0,0.046,0.0,-0.0,0.0,1
2012-07-18 07:30:00+00:00,0.0374289,0.32990939794725005,0.0389176344975,0.0,0.816,7.410526313421055,7.4105263,0.4294736976315816,0.0,0.816,0.0,-0.0,0.0,1
2012-07-18 08:00:00+00:00,0.04058385,0.333517879897125,0.04219807263374999,0.038,1.604,6.621052629210529,6.6210526,0.7894737134210557,0.0,1.5,0.06600000000000006,0.0,0.011006090036605135,1
2012-07-18 08:30:00+00:00,0.04054695,0.333475675429875,0.04215970493624999,0.075,1.42,5.913157892368424,5.9131579,0.7078947292105289,0.0,1.345,0.0,-0.0,0.0,1
2012-07-18 09:00:00+00:00,0.0392001,0.33193521237525003,0.0407592839775,0.094,0.679,5.605263155526318,5.6052632,0.30789469236842404,0.0,0.585,1.1102230246251565e-16,0.0,1.842610577314219e-17,1
2012-07-18 09:30:00+00:00,0.0391755,0.33190707606375003,0.0407337055125,0.119,0.33,5.494210523947371,5.4942105,0.1110526555263176,0.0,0.211,2.7755575615628914e-17,0.0,4.606135973524856e-18,1
2012-07-18 10:00:00+00:00,0.03686925,0.329269296860625,0.038335724418749995,0.15,0.252,5.440526313421055,5.4405263,0.05368422394737049,0.0,0.102,1.3877787807814457e-17,0.0,2.2847647167300103e-18,1
2012-07-18 10:30:00+00:00,0.034563,0.32663151765750004,0.035937743325,0.181,0.056,5.499901313421055,5.4999013,0.05937498657894569,0.125,0.0,0.0,-0.0,0.0,1
2012-07-18 11:00:00+00:00,0.0347598,0.14645660814949998,0.036142371044999996,0.113,0.291,5.499901313421055,5.4999013,1.3421054489981543e-08,0.0,0.0,0.178,0.0,0.013034638125305498,1
2012-07-18 11:30:00+00:00,0.03437235,0.146013461243375,0.03573951022125,0.069,0.318,5.499901313421055,5.4999013,1.3421054489981543e-08,0.0,0.0,0.249,0.0,0.018178675924800186,1
2012-07-18 12:00:00+00:00,0.03381885,0.145380394234625,0.03516399475874999,0.081,0.114,5.499901313421055,5.4999013,1.3421054489981543e-08,0.0,0.0,0.033,0.0,0.0023987765048713128,1
2012-07-18 12:30:00+00:00,0.03284715,0.144269009930375,0.03415364539125,0.075,0.173,5.499901313421055,5.4999013,1.3421054489981543e-08,0.0,0.0,0.09799999999999999,0.0,0.0070691814865883745,1
2012-07-18 13:00:00+00:00,0.03164175,0.142890330666875,0.03290030060625,0.213,0.458,5.499901313421055,5.4999013,1.3421054489981543e-08,0.0,0.0,0.24500000000000002,0.0,0.01750406550669219,1
2012-07-18 13:30:00+00:00,0.0330132,0.144458930033,0.03432630003,0.169,0.307,5.499901313421055,5.4999013,1.3421054489981543e-08,0.0,0.0,0.13799999999999998,0.0,0.009967666172277,1
2012-07-18 14:00:00+00:00,0.0318078,0.14308025076949998,0.033072955244999994,0.063,0.466,5.499901313421055,5.4999013,1.3421054489981543e-08,0.0,0.0,0.403,0.0,0.02883067053005425,1
2012-07-18 14:30:00+00:00,0.03156795,0.142805921732375,0.032823565211249996,0.188,0.618,5.499901313421055,5.4999013,1.3421054489981543e-08,0.0,0.0,0.43,0.0,0.030703273172460625,1
2012-07-18 15:00:00+00:00,0.0314757,0.14270041056425,0.0327276459675,0.213,0.266,5.499901313421055,5.4999013,1.3421054489981543e-08,0.0,0.0,0.05300000000000002,0.0,0.0037815608799526266,1
2012-07-18 15:30:00+00:00,0.03220755,0.143537465831375,0.033488605301249995,0.144,0.147,5.499901313421055,5.4999013,1.3421054489981543e-08,0.0,0.0,0.0030000000000000027,0.0,0.0002153061987470627,1
2012-07-18 16:00:00+00:00,0.0330009,0.14444486187724997,0.034313510797499995,0.025,0.181,5.499901313421055,5.4999013,1.3421054489981543e-08,0.0,0.0,0.156,0.0,0.011266699226425498,1
2012-07-18 16:30:00+00:00,0.03485205,0.146562119317625,0.036238290288749996,0.019,0.116,5.499901313421055,5.4999013,1.3421054489981543e-08,0.0,0.0,0.097,0.0,0.007108262786904813,1
2012-07-18 17:00:00+00:00,0.03492585,0.14664652825212499,0.036315025683749995,0.006,0.089,5.458421052894739,5.4584211,0.04148021342105501,0.0,0.078812495,0.004187504999999994,0.0,0.00030704153514420686,1
2012-07-18 17:30:00+00:00,0.0414879,0.15415188934475,0.04313808122249999,0.0,0.222,5.3415789476315805,5.3415789,0.11684215289473876,0.0,0.222,0.0,-0.0,0.0,1
2012-07-18 18:00:00+00:00,0.04959975,0.163429838061875,0.05157258005625,0.0,1.202,4.708947368684212,4.7089474,0.6326315476315809,0.0,1.202,0.0,-0.0,0.0,1
2012-07-18 18:30:00+00:00,0.05277315,0.167059422245375,0.05487220204124999,0.0,1.354,3.996315789736844,3.9963158,0.7126315686842122,0.0,1.354,0.0,-0.0,0.0,1
2012-07-18 19:00:00+00:00,0.04889865,0.162627953184125,0.050843593803750003,0.0,0.984,3.478421052894739,3.4784211,0.5178946897368442,0.0,0.984,0.0,-0.0,0.0,1
2012-07-18 19:30:00+00:00,0.0419922,0.1547286837305,0.043662439755,0.0,0.916,2.996315789736844,2.9963158,0.4821052528947387,0.0,0.916,0.0,-0.0,0.0,1
2012-07-18 20:00:00+00:00,0.03984585,0.152273790552125,0.04143071868375,0.0,0.617,2.671578947631581,2.6715789,0.3247368897368439,0.0,0.617,0.0,-0.0,0.0,1
2012-07-18 20:30:00+00:00,0.039729,0.15214014307249998,0.041309220975,0.0,0.489,2.4142105265789495,2.4142105,0.2573684476315812,0.0,0.489,0.0,-0.0,0.0,1
2012-07-18 21:00:00+00:00,0.03919395,0.151528178297375,0.040752889361249996,0.0,0.562,2.118421052894739,2.1184211,0.2957894265789496,0.0,0.562,0.0,-0.0,0.0,1
2012-07-18 21:30:00+00:00,0.0363342,0.1482573320855,0.03777939280499999,0.0,0.631,1.7863157897368442,1.7863158,0.332105252894739,0.0,0.631,0.0,-0.0,0.0,1
2012-07-18 22:00:00+00:00,0.03428625,0.145914984153125,0.035649985593749996,0.0,0.813,1.7863157897368442,1.7863158,1.0263155658662981e-08,0.0,0.0,0.813,0.0,0.059314441058245314,1
2012-07-18 22:30:00+00:00,0.0449073,0.15806283664325002,0.0466934878575,0.0,0.58,1.4810526318421073,1.4810526,0.3052631897368443,0.0,0.58,0.0,-0.0,0.0,1
2012-07-18 23:00:00+00:00,0.03631575,0.148236229851875,0.03776020895625,0.0,0.326,1.3094736844736863,1.3094737,0.17157893184210726,0.0,0.326,0.0,-0.0,0.0,1
2012-07-18 23:30:00+00:00,0.03770565,0.149825931451625,0.03920539222875,0.0,0.588,1.00000000026316,1.0,0.3094736844736863,0.0,0.588,0.0,-0.0,0.0,1
2012-07-19 00:00:00+00:00,0.03556545,0.09787807235112501,0.03698006577375,0.0,0.401,1.5874999977631599,1.5875,0.58749999973684,1.2368421,0.0,1.6378421,0.0,0.08015441378175928,1
2012-07-19 00:30:00+00:00,0.0338127,0.09587336015675002,0.0351576001425,0.0,0.112,2.2999999977631598,2.3,0.71250000223684,1.5,0.0,1.612,0.0,0.07727392828634053,1
2012-07-19 01:00:00+00:00,0.0328164,0.09473383954100002,0.03412167231,0.0,0.05,3.0124999977631597,3.0125,0.7125000022368404,1.5,0.0,1.55,0.0,0.07341872564427503,1
2012-07-19 01:30:00+00:00,0.0342186,0.09633760929650001,0.035579644815000006,0.0,0.049,3.7249999977631596,3.725,0.7125000022368404,1.5,0.0,1.549,0.0,0.07461347840013925,1
2012-07-19 02:00:00+00:00,0.0335421,0.09556386073025,0.03487623702749999,0.0,0.072,4.43749999776316,4.4375,0.7125000022368404,1.5,0.0,1.572,0.0,0.0751131945339765,1
2012-07-19 02:30:00+00:00,0.03338835,0.09538800878337499,0.03471637162124999,0.0,0.107,5.14999999776316,5.15,0.7125000022368404,1.5,0.0,1.607,0.0,0.0766442650574418,1
2012-07-19 03:00:00+00:00,0.032103,0.0939178865075,0.033379896825,0.0,0.052,5.862499997763161,5.8625,0.7125000022368395,1.5,0.0,1.552,0.0,0.07288027992982,1
2012-07-19 03:30:00+00:00,0.03182625,0.093601353003125,0.03309213909375,0.0,0.049,6.574999997763161,6.575,0.7125000022368395,1.5,0.0,1.549,0.0,0.07249424790092031,1
2012-07-19 04:00:00+00:00,0.0319185,0.09370686417125001,0.0331880583375,0.0,0.049,7.287499997763161,7.2875,0.7125000022368386,1.5,0.0,1.549,0.0,0.07257596630063314,1
2012-07-19 04:30:00+00:00,0.03321615,0.09519105460287501,0.03453732236625,0.0,0.079,7.999999997763162,8.0,0.7125000022368386,1.5,0.0,1.579,0.0,0.07515333760896982,1
2012-07-19 05:00:00+00:00,0.0334068,0.32530911101700005,0.03473555546999999,0.0,0.092,7.951578945131582,7.9515789,0.04842109776316139,0.0,0.092,0.0,-0.0,0.0,1
2012-07-19 05:30:00+00:00,0.0367647,0.32914971753675004,0.0382270159425,0.0,0.049,7.925789471447372,7.9257895,0.025789445131582767,0.0,0.049,0.0,-0.0,0.0,1
2012-07-19 06:00:00+00:00,0.0343908,0.326434563477,0.03575869406999999,0.0,0.05,7.899473681973688,7.8994737,0.02631577144737207,0.0,0.05,0.0,-0.0,0.0,1
2012-07-19 06:30:00+00:00,0.0408852,0.333862549713,0.04251140882999999,0.0,0.067,7.864210524078951,7.8642105,0.035263181973687274,0.0,0.067,0.0,-0.0,0.0,1
2012-07-19 07:00:00+00:00,0.04289625,0.336162693178125,0.04460244834374999,0.0,0.084,7.819999997763161,7.82,0.04421052407895054,0.0,0.084,0.0,-0.0,0.0,1
2012-07-19 07:30:00+00:00,0.04001805,0.332870744732625,0.04160976793874999,0.0,1.874,7.030526313552635,7.0305263,0.7894736977631611,0.0,1.5,0.3740000000000001,0.0,0.06224682926500089,1
2012-07-19 08:00:00+00:00,0.0460635,0.33978524328375,0.047895675712499995,0.013,1.821,6.241052629342108,6.2410526,0.7894737135526348,0.0,1.5,0.30800000000000005,0.0,0.052326927465697504,1
2012-07-19 08:30:00+00:00,0.0430254,0.33631040881350005,0.044736735284999996,0.019,1.089,5.677894734605266,5.6778947,0.5631579293421076,0.0,1.07,0.0,-0.0,0.0,1
2012-07-19 09:00:00+00:00,0.0413157,0.33435493516425,0.0429590319675,0.019,1.135,5.090526313552634,5.0905263,0.5873684346052661,0.0,1.116,0.0,-0.0,0.0,1
2012-07-19 09:30:00+00:00,0.04081755,0.33378517485637504,0.04244106805125,0.031,0.808,4.681578945131582,4.6815789,0.4089474135526343,0.0,0.777,0.0,-0.0,0.0,1
2012-07-19 10:00:00+00:00,0.0396921,0.33249793860525007,0.0412708532775,0.031,0.344,4.516842103026319,4.5168421,0.16473684513158204,0.0,0.313,0.0,5.551115123125783e-17,-1.1454962888651776e-18,1
2012-07-19 10:30:00+00:00,0.0357684,0.32801019692100003,0.03719108811,0.044,0.15,4.461052629342108,4.4610526,0.05578950302631824,0.0,0.106,0.0,-0.0,0.0,1
2012-07-19 11:00:00+00:00,0.0346737,0.14635813105925,0.0360528464175,0.075,0.053,4.471502629342107,4.4715026,0.010449970657892216,0.022,0.0,0.0,-0.0,0.0,1
2012-07-19 11:30:00+00:00,0.03440925,0.146055665710625,0.03577787791875,0.1,0.051,4.494777629342107,4.4947776,0.023274970657892524,0.049,0.0,0.0,-0.0,0.0,1
2012-07-19 12:00:00+00:00,0.03410175,0.14570396181687498,0.03545814710625,0.2,0.107,4.538952629342107,4.5389526,0.044174970657892665,0.093,0.0,0.0,-0.0,0.0,1
2012-07-19 12:30:00+00:00,0.03368355,0.145225644521375,0.03502331320125,0.188,0.061,4.599277629342107,4.5992776,0.06032497065789233,0.127,0.0,0.0,-0.0,0.0,1
2012-07-19 13:00:00+00:00,0.0344031,0.14604863163275,0.0357714833025,0.219,0.051,4.679077629342107,4.6790776,0.07979997065789313,0.168,0.0,0.0,-0.0,0.0,1
2012-07-19 13:30:00+00:00,0.03445845,0.146111938333625,0.035829034848750003,0.206,0.075,4.741302629342107,4.7413026,0.06222497065789323,0.131,0.0,2.7755575615628914e-17,0.0,2.027710476382519e-18,1
2012-07-19 14:00:00+00:00,0.03415095,0.145760234439875,0.035509304036249995,0.094,0.067,4.754127629342107,4.7541276,0.012824970657893786,0.027,0.0,0.0,-0.0,0.0,1
2012-07-19 14:30:00+00:00,0.03388035,0.145450735013375,0.03522794092124999,0.138,0.077,4.783102629342107,4.7831026,0.02897497065789345,0.061,0.0,0.0,-0.0,0.0,1
2012-07-19 15:00:00+00:00,0.0334314,0.1449372473285,0.034761133934999994,0.2,0.092,4.834402629342107,4.8344026,0.051299970657892935,0.108,0.0,0.0,-0.0,0.0,1
2012-07-19 15:30:00+00:00,0.0339357,0.14551404171425,0.0352854924675,0.2,0.113,4.875727629342107,4.8757276,0.04132497065789309,0.087,0.0,0.0,-0.0,0.0,1
2012-07-19 16:00:00+00:00,0.0343293,0.14596422269825002,0.0356947479075,0.106,0.117,4.875727629342107,4.8757276,2.9342106522278755e-08,0.0,0.0,0.01100000000000001,0.0,0.0008028032248403759,1
2012-07-19 16:30:00+00:00,0.03479055,0.146491778538875,0.03617434412625,0.038,1.431,4.875727629342107,4.8757276,2.9342106522278755e-08,0.0,0.0,1.393,0.0,0.10203152375232644,1
2012-07-19 17:00:00+00:00,0.03363435,0.145169371898375,0.03497215627125,0.0,1.427,4.875727629342107,4.8757276,2.9342106522278755e-08,0.0,0.0,1.427,0.0,0.10357834684949056,1
2012-07-19 17:30:00+00:00,0.0381669,0.15035348729225,0.03968498844749999,0.006,1.237,4.846315789342107,4.8463158,0.02941182934210662,0.0,0.055882496,1.1751175040000001,0.0,0.08834150735228229,1
2012-07-19 18:00:00+00:00,0.0493845,0.16318364533625,0.05134876848749999,0.0,1.12,4.256842105131581,4.2568421,0.5894736893421069,0.0,1.12,0.0,-0.0,0.0,1
2012-07-19 18:30:00+00:00,0.04718895,0.160672479534875,0.04906589048624999,0.0,1.188,3.631578947236844,3.6315789,0.6252632051315805,0.0,1.188,0.0,-0.0,0.0,1
2012-07-19 19:00:00+00:00,0.04605735,0.159378209205875,0.04788928109624999,0.0,1.003,3.1036842103947384,3.1036842,0.5278947472368438,0.0,1.003,0.0,-0.0,0.0,1
2012-07-19 19:30:00+00:00,0.0390525,0.15136639450625,0.04060581318749999,0.0,0.735,2.7168421051315805,2.7168421,0.38684211039473837,0.0,0.735,0.0,-0.0,0.0,1
2012-07-19 20:00:00+00:00,0.0391509,0.15147893975225,0.0407081270475,0.0,1.322,2.02105263144737,2.0210526,0.6957895051315806,0.0,1.322,0.0,-0.0,0.0,1
2012-07-19 20:30:00+00:00,0.0434436,0.156388726109,0.04517156919,0.0,1.059,1.4636842103947383,1.4636842,0.5573684314473699,0.0,1.059,0.0,-0.0,0.0,1
2012-07-19 21:00:00+00:00,0.0420783,0.15482716082075,0.0437519643825,0.0,0.881,1.0,1.0,0.4636842103947383,0.0,0.881,0.0,-0.0,0.0,1
2012-07-19 21:30:00+00:00,0.0376134,0.1497204202835,0.039109472985,0.0,0.655,1.0,1.0,0.0,0.0,0.0,0.655,0.0,0.04903343764284625,1
2012-07-19 22:00:00+00:00,0.03324075,0.14471919091437502,0.03456290083124999,0.0,0.632,1.0,1.0,0.0,0.0,0.0,0.632,0.0,0.045731264328942506,1
2012-07-19 22:30:00+00:00,0.03814845,0.150332385058625,0.03966580459875,0.0,0.683,1.0,1.0,0.0,0.0,0.0,0.683,0.0,0.051338509497520446,1
2012-07-19 23:00:00+00:00,0.0348459,0.14655508523975,0.0362318956725,0.0,0.28,1.0,1.0,0.0,0.0,0.0,0.28,0.0,0.020517711933565,1
2012-07-19 23:30:00+00:00,0.03560235,0.147420276818375,0.037018433471249994,0.0,0.072,1.0,1.0,0.0,0.0,0.0,0.072,0.0,0.0053071299654615,1
2012-07-20 00:00:00+00:00,0.0339357,0.09601404171425001,0.0352854924675,0.0,0.097,1.7125,1.7125,0.7124999999999999,1.5,0.0,1.597,0.0,0.07666721230882864,1
2012-07-20 00:30:00+00:00,0.03405255,0.09614768919387501,0.03540699017625,0.0,0.049,2.425,2.425,0.7124999999999999,1.5,0.0,1.549,0.0,0.07446638528065619,1
2012-07-20 01:00:00+00:00,0.03422475,0.096344643374375,0.035586039431249994,0.0,0.068,3.0124999975,3.0125,0.5875000000000004,1.2368421,0.0,1.3048421000000001,0.0,0.06285727339218529,1
2012-07-20 01:30:00+00:00,0.034194,0.09630947298500002,0.03555406635,0.0,0.089,3.7249999975,3.725,0.7125000025000001,1.5,0.0,1.589,0.0,0.07651787628658252,1
2012-07-20 02:00:00+00:00,0.03325305,0.09523325907012499,0.03457569006375,0.0,0.053,4.4374999975,4.4375,0.7125000025000001,1.5,0.0,1.553,0.0,0.07394862566795204,1
2012-07-20 02:30:00+00:00,0.0319431,0.09373500048275,0.0332136368025,0.0,0.058,5.1499999975,5.15,0.7125000025000006,1.5,0.0,1.558,0.0,0.07301956537606226,1
2012-07-20 03:00:00+00:00,0.03204765,0.093854579806625,0.03332234527874999,0.0,0.066,5.8624999975000005,5.8625,0.7125000024999997,1.5,0.0,1.566,0.0,0.07348813598858737,1
2012-07-20 03:30:00+00:00,0.0312543,0.09294718376075,0.0324974397825,0.0,0.078,6.574999997500001,6.575,0.7125000024999997,1.5,0.0,1.578,0.0,0.07333532798723175,1
2012-07-20 04:00:00+00:00,0.03138345,0.093094899396125,0.03263172672375,0.0,0.048,7.287499997500001,7.2875,0.7125000024999988,1.5,0.0,1.548,0.0,0.07205545213260076,1
2012-07-20 04:30:00+00:00,0.0323367,0.09418518146675,0.0336228922425,0.0,0.057,7.999999997500002,8.0,0.7125000024999988,1.5,0.0,1.557,0.0,0.07332316377186487,1
2012-07-20 05:00:00+00:00,0.03283485,0.32465494177462506,0.034140856158749996,0.0,0.058,7.969473681710528,7.9694737,0.030526297500001576,0.0,0.058,0.0,-0.0,0.0,1
2012-07-20 05:30:00+00:00,0.03225675,0.323993738454375,0.03353976223125,0.0,0.082,7.926315786973686,7.9263158,0.04315788171052759,0.0,0.082,0.0,-0.0,0.0,1
2012-07-20 06:00:00+00:00,0.0346983,0.32678626737075006,0.0360784248825,0.0,0.064,7.8926315764473705,7.8926316,0.03368418697368636,0.0,0.064,0.0,-0.0,0.0,1
2012-07-20 06:30:00+00:00,0.0381423,0.33072535098075007,0.03965940998249999,0.0,0.063,7.859473681710528,7.8594737,0.03315787644737078,0.0,0.063,0.0,-0.0,0.0,1
2012-07-20 07:00:00+00:00,0.04455675,0.33806189420437505,0.046328994731249996,0.0,0.066,7.824736839605265,7.8247368,0.034736881710528245,0.0,0.066,0.0,-0.0,0.0,1
2012-07-20 07:30:00+00:00,0.0421029,0.33525529713225005,0.043777542847499996,0.0,0.387,7.6210526290789495,7.6210526,0.20368423960526538,0.0,0.387,0.0,-0.0,0.0,1
2012-07-20 08:00:00+00:00,0.0507375,0.34513114246875,0.05275558406249999,0.013,1.865,6.831578944868423,6.8315789,0.7894737290789493,0.0,1.5,0.3520000000000001,0.0,0.060743081074500015,1
2012-07-20 08:30:00+00:00,0.04978425,0.3440408603981251,0.05176441854375,0.019,1.35,6.131052629078949,6.1310526,0.7005263448684227,0.0,1.331,2.220446049250313e-16,0.0,3.819620846258477e-17,1
2012-07-20 09:00:00+00:00,0.0410697,0.33407357204925,0.0427032473175,0.025,0.824,5.710526313289476,5.7105263,0.4205263290789496,0.0,0.799,0.0,1.1102230246251565e-16,-2.3705064199075475e-18,1
2012-07-20 09:30:00+00:00,0.0396429,0.33244166598225006,0.041219696347499994,0.019,0.617,5.395789471184213,5.3957895,0.31473681328947567,0.0,0.598,0.0,-0.0,0.0,1
2012-07-20 10:00:00+00:00,0.03971055,0.33251904083887507,0.04129003712625,0.031,0.269,5.270526313289476,5.2705263,0.12526317118421293,0.0,0.238,2.7755575615628914e-17,0.0,4.614628690819898e-18,1
2012-07-20 10:30:00+00:00,0.03832065,0.330929339239125,0.039844853853749994,0.106,0.396,5.117894734342108,5.1178947,0.1526316132894765,0.0,0.29,5.551115123125783e-17,0.0,9.185134298681646e-18,1
2012-07-20 11:00:00+00:00,0.03707835,0.149108455508375,0.03855314137125,0.131,0.141,5.117894734342108,5.1178947,3.434210782415903e-08,0.0,0.0,0.009999999999999981,0.0,0.0007455422775418737,1
2012-07-20 11:30:00+00:00,0.0348582,0.1465691533955,0.036244684905,0.144,0.063,5.156369734342108,5.1563697,0.03847496565789221,0.081,0.0,2.7755575615628914e-17,0.0,2.0340556099937568e-18,1
2012-07-20 12:00:00+00:00,0.03449535,0.146154142800875,0.03586740254625,0.138,0.105,5.172044734342108,5.1720447,0.01567496565789206,0.033,0.0,0.0,-0.0,0.0,1
2012-07-20 12:30:00+00:00,0.03444615,0.146097870177875,0.03581624561625,0.206,0.058,5.242344734342107,5.2423447,0.07029996565789265,0.148,0.0,0.0,-0.0,0.0,1
2012-07-20 13:00:00+00:00,0.03376965,0.145324121611625,0.03511283782875,0.156,0.052,5.291744734342108,5.2917447,0.04939996565789251,0.104,0.0,0.0,-0.0,0.0,1
2012-07-20 13:30:00+00:00,0.03413865,0.145746166284125,0.03549651480375,0.081,0.089,5.291744734342108,5.2917447,3.434210782415903e-08,0.0,0.0,0.007999999999999993,0.0,0.0005829846651364995,1
2012-07-20 14:00:00+00:00,0.03326535,0.144747327225875,0.034588479296249995,0.075,0.083,5.291744734342108,5.2917447,3.434210782415903e-08,0.0,0.0,0.008000000000000007,0.0,0.0005789893089035005,1
2012-07-20 14:30:00+00:00,0.0337758,0.1453311556895,0.035119232445,0.131,0.051,5.329744734342108,5.3297447,0.03799996565789243,0.08,0.0,0.0,-0.0,0.0,1
2012-07-20 15:00:00+00:00,0.0338373,0.14540149646824999,0.0351831786075,0.194,0.779,5.329744734342108,5.3297447,3.434210782415903e-08,0.0,0.0,0.585,0.0,0.04252993771696312,1
2012-07-20 15:30:00+00:00,0.03375735,0.145310053455875,0.03510004859625,0.125,1.409,5.329744734342108,5.3297447,3.434210782415903e-08,0.0,0.0,1.284,0.0,0.09328905431867175,1
2012-07-20 16:00:00+00:00,0.0343416,0.14597829085400002,0.035707537139999995,0.025,1.354,5.329744734342108,5.3297447,3.434210782415903e-08,0.0,0.0,1.3290000000000002,0.0,0.09700257427248303,1
2012-07-20 16:30:00+00:00,0.0360144,0.14789156003599999,0.03744687275999999,0.013,0.885,5.329744734342108,5.3297447,3.434210782415903e-08,0.0,0.0,0.872,0.0,0.06448072017569599,1
2012-07-20 17:00:00+00:00,0.0369615,0.14897480802875,0.038431643662499994,0.006,0.982,5.329744734342108,5.3297447,3.434210782415903e-08,0.0,0.0,0.976,0.0,0.07269970631803,1
2012-07-20 17:30:00+00:00,0.0392739,0.15161962130974999,0.0408360193725,0.0,1.359,5.02684210276316,5.0268421,0.3029026343421082,0.0,0.575515,0.783485,0.0,0.05939584950093473,1
2012-07-20 18:00:00+00:00,0.04533165,0.158548188016625,0.047134716378750004,0.0,1.165,4.413684208026318,4.4136842,0.6131579027631604,0.0,1.165,0.0,-0.0,0.0,1
2012-07-20 18:30:00+00:00,0.0476994,0.16125630799850002,0.049596643635,0.0,1.102,3.833684208026318,3.8336842,0.5800000080263179,0.0,1.102,0.0,-0.0,0.0,1
2012-07-20 19:00:00+00:00,0.0468384,0.160271537096,0.048701397359999996,0.0,0.856,3.383157892236844,3.3831579,0.45052630802631777,0.0,0.856,0.0,-0.0,0.0,1
2012-07-20 19:30:00+00:00,0.0394215,0.15178843917874998,0.040989490162499996,0.0,0.702,3.013684208026318,3.0136842,0.369473692236844,0.0,0.702,0.0,-0.0,0.0,1
2012-07-20 20:00:00+00:00,0.0399996,0.152449642499,0.04159058409,0.0,0.864,2.5589473659210547,2.5589474,0.4547368080263179,0.0,0.864,0.0,-0.0,0.0,1
2012-07-20 20:30:00+00:00,0.0476256,0.161171899064,0.049519908239999993,0.0,0.797,2.139473681710528,2.1394737,0.41947366592105473,0.0,0.797,0.0,-0.0,0.0,1
2012-07-20 21:00:00+00:00,0.05068215,0.164667835767875,0.05269803251625,0.0,0.599,1.8242105238157913,1.8242105,0.31526318171052825,0.0,0.599,0.0,-0.0,0.0,1
2012-07-20 21:30:00+00:00,0.04137105,0.154018241865125,0.04301658351375,0.0,0.637,1.4889473659210544,1.4889474,0.33526312381579126,0.0,0.637,0.0,-0.0,0.0,1
2012-07-20 22:00:00+00:00,0.03951375,0.151893950346875,0.041085409406249995,0.0,0.518,1.216315786973686,1.2163158,0.2726315659210543,0.0,0.518,0.0,-0.0,0.0,1
2012-07-20 22:30:00+00:00,0.05103885,0.165075812284625,0.05306892025874999,0.0,0.291,1.0631578922368439,1.0631579,0.15315788697368604,0.0,0.291,0.0,-0.0,0.0,1
2012-07-20 23:00:00+00:00,0.0418323,0.15454579770575003,0.0434961797325,0.0,0.071,1.0257894711842124,1.0257895,0.03736839223684396,0.0,0.071,0.0,-0.0,0.0,1
2012-07-20 23:30:00+00:00,0.0454485,0.15868183549625,0.0472562140875,0.0,0.049,1.0000000001315807,1.0,0.025789471184212376,0.0,0.048999995,5.000000004307115e-09,0.0,3.9670458908235546e-10,1
2012-07-21 00:00:00+00:00,0.04404015,0.10757103166287499,0.045791846966249994,0.0,0.115,1.5874999976315807,1.5875,0.5874999998684192,1.2368421,0.0,1.3518421,0.0,0.07270952467115371,1
2012-07-21 00:30:00+00:00,0.04097745,0.10406806088112501,0.04260732807374999,0.0,0.049,2.2999999976315806,2.3,0.7125000023684191,1.5,0.0,1.549,0.0,0.08060071315243132,1
2012-07-21 01:00:00+00:00,0.03978435,0.102703449773375,0.041366772521250005,0.0,0.073,3.0124999976315805,3.0125,0.7125000023684196,1.5,0.0,1.573,0.0,0.08077626324675943,1
2012-07-21 01:30:00+00:00,0.0404793,0.10349830057325,0.042089364157499996,0.0,0.051,3.7249999976315804,3.725,0.7125000023684196,1.5,0.0,1.551,0.0,0.08026293209455537,1
2012-07-21 02:00:00+00:00,0.03814845,0.10083238505862502,0.03966580459875,0.0,0.111,4.43749999763158,4.4375,0.7125000023684196,1.5,0.0,1.611,0.0,0.08122048616472245,1
2012-07-21 02:30:00+00:00,0.03590985,0.098271980712125,0.037338164283749996,0.0,0.049,5.14999999763158,5.15,0.7125000023684205,1.5,0.0,1.549,0.0,0.07611164906154082,1
2012-07-21 03:00:00+00:00,0.0346122,0.09678779028050001,0.035988900255,0.0,0.065,5.862499997631581,5.8625,0.7125000023684196,1.5,0.0,1.565,0.0,0.07573644589449126,1
2012-07-21 03:30:00+00:00,0.0339603,0.09604217802575002,0.0353110709325,0.0,0.063,6.574999997631581,6.575,0.7125000023684196,1.5,0.0,1.563,0.0,0.07505696212712364,1
2012-07-21 04:00:00+00:00,0.0331977,0.09516995236925002,0.0345181385175,0.0,0.166,7.287499997631581,7.2875,0.7125000023684187,1.5,0.0,1.666,0.0,0.07927657032358526,1
2012-07-21 04:30:00+00:00,0.03337605,0.09537394062762501,0.034703582388749994,0.0,0.141,7.999999997631582,8.0,0.7125000023684187,1.5,0.0,1.641,0.0,0.07825431828496632,1
2012-07-21 05:00:00+00:00,0.03379425,0.32575225792312507,0.03513841629375,0.0,0.048,7.9747368397368446,7.9747368,0.025263197631582024,0.0,0.048,0.0,-0.0,0.0,1
2012-07-21 05:30:00+00:00,0.0343416,0.326378290854,0.035707537139999995,0.0,0.072,7.936842102894739,7.9368421,0.03789473973684476,0.0,0.072,0.0,-0.0,0.0,1
2012-07-21 06:00:00+00:00,0.0339849,0.32597031433725,0.035336649397499996,0.0,0.08,7.8947368397368445,7.8947368,0.042105302894738905,0.0,0.08,0.0,-0.0,0.0,1
2012-07-21 06:30:00+00:00,0.03434775,0.326385324931875,0.035713931756250004,0.0,0.064,7.861052629210529,7.8610526,0.033684239736844646,0.0,0.064,0.0,-0.0,0.0,1
2012-07-21 07:00:00+00:00,0.0346737,0.32675813105925006,0.0360528464175,0.0,0.065,7.826842102894739,7.8268421,0.034210529210528584,0.0,0.065,0.0,-0.0,0.0,1
2012-07-21 07:30:00+00:00,0.03615585,0.32845334382712504,0.03759394893375,0.006,0.047,7.805263155526318,7.8052632,0.021578902894739294,0.0,0.041,0.0,-0.0,0.0,1
2012-07-21 08:00:00+00:00,0.03556545,0.32777807235112505,0.03698006577375,0.019,0.16,7.731052629210529,7.7310526,0.07421055552631817,0.0,0.141,2.7755575615628914e-17,0.0,4.548834536143368e-18,1
2012-07-21 08:30:00+00:00,0.0397659,0.33258234753975,0.0413475886725,0.031,0.067,7.7121052607894764,7.7121053,0.018947329210528885,0.0,0.036,6.938893903907228e-18,0.0,1.1538768119453633e-18,1
2012-07-21 09:00:00+00:00,0.0436527,0.33702788475675,0.0453889861425,0.063,1.635,6.92263157657895,6.9226316,0.7894736607894766,0.0,1.5,0.07200000000000006,0.0,0.01213300385124301,1
2012-07-21 09:30:00+00:00,0.04400325,0.33742882719562506,0.045753479268749994,0.131,0.785,6.57842105026316,6.5784211,0.34421047657895,0.0,0.654,0.0,-0.0,0.0,1
2012-07-21 10:00:00+00:00,0.04229355,0.33547335354637503,0.04397577595125,0.063,0.372,6.415789471315792,6.4157895,0.16263155026316056,0.0,0.309,0.0,-0.0,0.0,1
2012-07-21 10:30:00+00:00,0.0402333,0.33311693745825005,0.041833579507499996,0.094,0.275,6.320526313421055,6.3205263,0.09526317131579187,0.0,0.181,2.7755575615628914e-17,0.0,4.6229261732345935e-18,1
2012-07-21 11:00:00+00:00,0.0390771,0.15139453081775,0.040631391652499994,0.169,0.194,6.307368418684213,6.3073684,0.013157913421055767,0.0,0.025,0.0,6.938893903907228e-18,-1.4096845792239963e-19,1
2012-07-21 11:30:00+00:00,0.03629115,0.14820809354037498,0.03773463049125,0.206,0.917,6.307368418684213,6.3073684,1.8684213287656348e-08,0.0,0.0,0.7110000000000001,0.0,0.05268797725360331,1
2012-07-21 12:00:00+00:00,0.03830835,0.15051527108337498,0.03983206462124999,0.125,0.649,6.031578945000002,6.0315789,0.27578951868421253,0.0,0.524,0.0,-0.0,0.0,1
2012-07-21 12:30:00+00:00,0.0378471,0.14998771524274998,0.03935246840249999,0.15,0.702,5.894210523947371,5.8942105,0.13736844500000256,0.0,0.261,0.2909999999999999,0.0,0.021823212567820115,1
2012-07-21 13:00:00+00:00,0.0346614,0.14634406290350002,0.036040057185,0.156,0.874,5.894210523947371,5.8942105,2.3947371197152734e-08,0.0,0.0,0.718,0.0,0.05253751858235651,1
2012-07-21 13:30:00+00:00,0.0348951,0.14661135786274998,0.0362830526025,0.238,0.739,5.894210523947371,5.8942105,2.3947371197152734e-08,0.0,0.0,0.501,0.0,0.03672614514461887,1
2012-07-21 14:00:00+00:00,0.0346737,0.14635813105925,0.0360528464175,0.2,0.622,5.894210523947371,5.8942105,2.3947371197152734e-08,0.0,0.0,0.422,0.0,0.03088156565350175,1
2012-07-21 14:30:00+00:00,0.0344154,0.1460626997885,0.035784272534999995,0.056,0.403,5.894210523947371,5.8942105,2.3947371197152734e-08,0.0,0.0,0.34700000000000003,0.0,0.025341878413304753,1
2012-07-21 15:00:00+00:00,0.03444615,0.146097870177875,0.03581624561625,0.031,0.48,5.894210523947371,5.8942105,2.3947371197152734e-08,0.0,0.0,0.44899999999999995,0.0,0.03279897185493294,1
2012-07-21 15:30:00+00:00,0.0347352,0.146428471838,0.03611679258,0.044,0.477,5.894210523947371,5.8942105,2.3947371197152734e-08,0.0,0.0,0.433,0.0,0.031701764152927005,1
2012-07-21 16:00:00+00:00,0.0377733,0.14990330630825,0.0392757330075,0.019,0.974,5.894210523947371,5.8942105,2.3947371197152734e-08,0.0,0.0,0.955,0.0,0.07157882876218936,1
2012-07-21 16:30:00+00:00,0.0390279,0.15133825819475002,0.0405802347225,0.0,0.902,5.419473681842108,5.4194737,0.4747368239473708,0.0,0.902,0.0,-0.0,0.0,1
2012-07-21 17:00:00+00:00,0.0407868,0.15335000446699998,0.04240909496999999,0.006,0.618,5.097368418684213,5.0973684,0.3221052818421084,0.0,0.612,0.0,-0.0,0.0,1
2012-07-21 17:30:00+00:00,0.0440955,0.15713433836375,0.04584939851249999,0.0,0.738,4.708947366052634,4.7089474,0.3884210186842134,0.0,0.738,0.0,-0.0,0.0,1
2012-07-21 18:00:00+00:00,0.05033775,0.164273927406875,0.05233993400625,0.0,0.953,4.207368418684212,4.2073684,0.5015789660526337,0.0,0.953,0.0,-0.0,0.0,1
2012-07-21 18:30:00+00:00,0.0507006,0.1646889380015,0.05271721636499999,0.0,0.804,3.7842105239473702,3.7842105,0.4231579186842125,0.0,0.804,0.0,-0.0,0.0,1
2012-07-21 19:00:00+00:00,0.0454977,0.15873810811925002,0.0473073710175,0.0,0.668,3.4326315765789492,3.4326316,0.3515789239473701,0.0,0.668,0.0,-0.0,0.0,1
2012-07-21 19:30:00+00:00,0.0404178,0.1529279597945,0.042025417994999995,0.0,0.556,3.139999997631581,3.14,0.2926315765789491,0.0,0.556,0.0,-0.0,0.0,1
2012-07-21 20:00:00+00:00,0.0397044,0.152112006761,0.041283642509999996,0.0,0.587,2.8310526292105282,2.8310526,0.30894739763158086,0.0,0.587,0.0,-0.0,0.0,1
2012-07-21 20:30:00+00:00,0.03958755,0.15197835928137501,0.041162144801249995,0.0,0.53,2.5521052607894754,2.5521053,0.2789473292105282,0.0,0.53,0.0,-0.0,0.0,1
2012-07-21 21:00:00+00:00,0.0396183,0.15201352967075002,0.0411941178825,0.0,0.717,2.174736839736844,2.1747368,0.3773684607894756,0.0,0.717,0.0,-0.0,0.0,1
2012-07-21 21:30:00+00:00,0.04233045,0.15511555801362498,0.04401414364875,0.0,0.506,1.9084210502631596,1.9084211,0.26631573973684386,0.0,0.506,0.0,-0.0,0.0,1
2012-07-21 22:00:00+00:00,0.0389541,0.15125384926024998,0.04050349932749999,0.0,0.465,1.6636842081578964,1.6636842,0.2447368502631595,0.0,0.465,0.0,-0.0,0.0,1
2012-07-21 22:30:00+00:00,0.0410451,0.15364543573775,0.042677668852499996,0.0,0.213,1.5515789450000017,1.5515789,0.11210530815789643,0.0,0.213,0.0,-0.0,0.0,1
2012-07-21 23:00:00+00:00,0.0407622,0.1533218681555,0.042383516504999996,0.0,0.493,1.2921052607894754,1.2921053,0.2594736450000017,0.0,0.493,0.0,-0.0,0.0,1
2012-07-21 23:30:00+00:00,0.04180155,0.15451062731637502,0.043464206651250004,0.0,0.555,1.0,1.0,0.2921052607894754,0.0,0.555,0.0,-0.0,0.0,1
2012-07-22 00:00:00+00:00,0.04090365,0.10398365194662501,0.04253059267874999,0.0,0.055,1.5874999975000001,1.5875,0.5874999999999999,1.2368421,0.0,1.2918421,0.0,0.06716522964819857,1
2012-07-22 00:30:00+00:00,0.0393231,0.10217589393275002,0.0408871763025,0.0,0.049,2.2999999975,2.3,0.7125000024999997,1.5,0.0,1.549,0.0,0.07913522985091488,1
2012-07-22 01:00:00+00:00,0.03894795,0.10174681518237501,0.04049710471125,0.0,0.07,3.0124999975,3.0125,0.7125000025000001,1.5,0.0,1.57,0.0,0.07987124991816438,1
2012-07-22 01:30:00+00:00,0.0395076,0.10238691626900001,0.04107901479,0.0,0.083,3.7249999975,3.725,0.7125000025000001,1.5,0.0,1.583,0.0,0.08103924422691351,1
2012-07-22 02:00:00+00:00,0.0382653,0.10096603253825003,0.0397873023075,0.0,0.065,4.4374999975,4.4375,0.7125000025000001,1.5,0.0,1.565,0.0,0.07900592046118064,1
2012-07-22 02:30:00+00:00,0.0359898,0.09836342372450002,0.037421294295000004,0.0,0.069,5.1499999975,5.15,0.7125000025000006,1.5,0.0,1.569,0.0,0.07716610591187026,1
2012-07-22 03:00:00+00:00,0.03567,0.097997651675,0.03708877425,0.0,0.053,5.8624999975000005,5.8625,0.7125000024999997,1.5,0.0,1.553,0.0,0.0760951765256375,1
2012-07-22 03:30:00+00:00,0.0342432,0.09636574560800001,0.035605223279999994,0.0,0.051,6.574999997500001,6.575,0.7125000024999997,1.5,0.0,1.551,0.0,0.07473163571900401,1
2012-07-22 04:00:00+00:00,0.0342432,0.09636574560800001,0.035605223279999994,0.0,0.099,7.287499997500001,7.2875,0.7125000024999988,1.5,0.0,1.599,0.0,0.07704441361359601,1
2012-07-22 04:30:00+00:00,0.03444615,0.09659787017787502,0.03581624561625,0.0,0.061,7.999999997500002,8.0,0.7125000024999988,1.5,0.0,1.561,0.0,0.07539463767383145,1
2012-07-22 05:00:00+00:00,0.03444615,0.32649787017787507,0.03581624561625,0.0,0.048,7.9747368396052645,7.9747368,0.025263197500001944,0.0,0.048,0.0,-0.0,0.0,1
2012-07-22 05:30:00+00:00,0.0343416,0.326378290854,0.035707537139999995,0.0,0.048,7.949473681710527,7.9494737,0.02526313960526405,0.0,0.048,0.0,-0.0,0.0,1
2012-07-22 06:00:00+00:00,0.0340464,0.326040655116,0.03540059556,0.0,0.083,7.905789471184211,7.9057895,0.04368418171052735,0.0,0.083,0.0,-0.0,0.0,1
2012-07-22 06:30:00+00:00,0.0345876,0.32665965396900004,0.03596332179,0.0,0.076,7.865789471184211,7.8657895,0.03999997118421117,0.0,0.076,0.0,-0.0,0.0,1
2012-07-22 07:00:00+00:00,0.0345753,0.32664558581325004,0.0359505325575,0.0,0.063,7.832631576447369,7.8326316,0.033157871184211096,0.0,0.063,0.0,-0.0,0.0,1
2012-07-22 07:30:00+00:00,0.0342555,0.32627981376375004,0.035618012512500005,0.0,0.064,7.7989473659210535,7.7989474,0.03368417644736876,0.0,0.064,0.0,-0.0,0.0,1
2012-07-22 08:00:00+00:00,0.03447075,0.3265260064893751,0.03584182408125,0.006,0.053,7.774210523815791,7.7742105,0.02473686592105384,0.0,0.047,0.0,-0.0,0.0,1
2012-07-22 08:30:00+00:00,0.0387081,0.33137248614525,0.0402477146775,0.031,1.296,7.1084210501315805,7.1084211,0.6657894238157906,0.0,1.265,2.220446049250313e-16,0.0,3.6789736384573724e-17,1
2012-07-22 09:00:00+00:00,0.0407622,0.33372186815550003,0.042383516504999996,0.081,0.844,6.70684210276316,6.7068421,0.4015789501315803,0.0,0.763,0.0,-0.0,0.0,1
2012-07-22 09:30:00+00:00,0.04335135,0.33668321494087505,0.04507564994625,0.088,0.773,6.346315786973686,6.3463158,0.36052630276315956,0.0,0.685,0.0,-0.0,0.0,1
2012-07-22 10:00:00+00:00,0.0427548,0.33600090938700006,0.04445537217,0.125,0.395,6.204210523815791,6.2042105,0.14210528697368563,0.0,0.27,0.0,-0.0,0.0,1
2012-07-22 10:30:00+00:00,0.042189,0.33535377422250007,0.043867067475,0.069,0.122,6.176315786973686,6.1763158,0.027894723815791167,0.0,0.053,0.0,6.938893903907228e-18,-1.5219446354228228e-19,1
2012-07-22 11:00:00+00:00,0.03940305,0.151767336945125,0.040970306313749996,0.081,0.847,5.773157892236844,5.7731579,0.4031578869736858,0.0,0.766,0.0,-0.0,0.0,1
2012-07-22 11:30:00+00:00,0.0390525,0.15136639450625,0.04060581318749999,0.088,1.086,5.273684208026317,5.2736842,0.4994736922368439,0.0,0.949,0.049000000000000155,0.0,0.0037084766654031367,1
2012-07-22 12:00:00+00:00,0.03795165,0.15010729456662503,0.039461176878750004,0.088,0.967,5.273684208026317,5.2736842,8.026317388498683e-09,0.0,0.0,0.879,0.0,0.0659721559620317,1
2012-07-22 12:30:00+00:00,0.03741045,0.14948829571362499,0.03889845064874999,0.2,0.797,5.273684208026317,5.2736842,8.026317388498683e-09,0.0,0.0,0.597,0.0,0.04462225627051706,1
2012-07-22 13:00:00+00:00,0.0355224,0.147328833806,0.03693530346,0.069,0.795,5.273684208026317,5.2736842,8.026317388498683e-09,0.0,0.0,0.726,0.0,0.053480366671578,1
2012-07-22 13:30:00+00:00,0.0343416,0.14597829085400002,0.035707537139999995,0.175,1.167,5.273684208026317,5.2736842,8.026317388498683e-09,0.0,0.0,0.992,0.0,0.07240523226358402,1
2012-07-22 14:00:00+00:00,0.03444615,0.146097870177875,0.03581624561625,0.194,0.705,5.273684208026317,5.2736842,8.026317388498683e-09,0.0,0.0,0.5109999999999999,0.0,0.037328005830447056,1
2012-07-22 14:30:00+00:00,0.0342432,0.145865745608,0.035605223279999994,0.206,0.677,5.273684208026317,5.2736842,8.026317388498683e-09,0.0,0.0,0.4710000000000001,0.0,0.03435138309068401,1
2012-07-22 15:00:00+00:00,0.0344646,0.1461189724115,0.03583542946499999,0.113,0.638,5.273684208026317,5.2736842,8.026317388498683e-09,0.0,0.0,0.525,0.0,0.03835623025801875,1
2012-07-22 15:30:00+00:00,0.03463065,0.146308892514125,0.03600808410375,0.125,0.661,5.273684208026317,5.2736842,8.026317388498683e-09,0.0,0.0,0.536,0.0,0.0392107831937855,1
2012-07-22 16:00:00+00:00,0.03618045,0.14808148013862502,0.03761952739875,0.044,0.654,5.273684208026317,5.2736842,8.026317388498683e-09,0.0,0.0,0.61,0.0,0.04516485144228063,1
2012-07-22 16:30:00+00:00,0.03727515,0.149333546000375,0.03875776909125,0.019,0.418,5.273684208026317,5.2736842,8.026317388498683e-09,0.0,0.0,0.39899999999999997,0.0,0.029792042427074807,1
2012-07-22 17:00:00+00:00,0.04019025,0.152667698913125,0.041788817193749994,0.013,0.913,4.799999997500001,4.8,0.4736842080263175,0.0,0.9,0.0,-0.0,0.0,1
2012-07-22 17:30:00+00:00,0.04504875,0.158224620434375,0.04684056403125,0.0,1.097,4.22263157644737,4.2226316,0.5773683975000017,0.0,1.097,0.0,-0.0,0.0,1
2012-07-22 18:00:00+00:00,0.0552147,0.16985195116175,0.057410864692499994,0.0,1.042,3.6742105238157907,3.6742105,0.5484210764473696,0.0,1.042,0.0,-0.0,0.0,1
2012-07-22 18:30:00+00:00,0.059532,0.17478987383,0.0618998853,0.0,1.32,2.9794736817105276,2.9794737,0.6947368238157909,0.0,1.32,0.0,-0.0,0.0,1
2012-07-22 19:00:00+00:00,0.05362185,0.168030124992125,0.05575465908374999,0.0,0.815,2.550526313289475,2.5505263,0.4289473817105276,0.0,0.815,0.0,-0.0,0.0,1
2012-07-22 19:30:00+00:00,0.0438126,0.1568107707815,0.045555246165,0.0,0.679,2.1931578922368433,2.1931579,0.3573684132894748,0.0,0.679,0.0,-0.0,0.0,1
2012-07-22 20:00:00+00:00,0.0455961,0.15885065336525,0.0474096848775,0.0,0.543,1.9073684185526327,1.9073684,0.28578949223684336,0.0,0.543,0.0,-0.0,0.0,1
2012-07-22 20:30:00+00:00,0.049938,0.163816712345,0.051924283950000004,0.0,0.647,1.566842102763159,1.5668421,0.3405263185526328,0.0,0.647,0.0,-0.0,0.0,1
2012-07-22 21:00:00+00:00,0.0460389,0.15935710697225,0.04787009724749999,0.0,0.585,1.2589473659210537,1.2589474,0.3078947027631589,0.0,0.585,0.0,-0.0,0.0,1
2012-07-22 21:30:00+00:00,0.0422628,0.15503818315700002,0.04394380287000001,0.0,0.492,1.0,1.0,0.2589473659210537,0.0,0.492,0.0,-0.0,0.0,1
2012-07-22 22:00:00+00:00,0.03838215,0.150599680017875,0.03990880001624999,0.0,0.502,1.0,1.0,0.0,0.0,0.0,0.502,0.0,0.037800519684486625,1
2012-07-22 22:30:00+00:00,0.03865275,0.15090917944437499,0.04019016313125,0.0,0.47,1.0,1.0,0.0,0.0,0.0,0.47,0.0,0.03546365716942812,1
2012-07-22 23:00:00+00:00,0.0369,0.14890446725,0.038367697500000006,0.0,0.309,1.0,1.0,0.0,0.0,0.0,0.309,0.0,0.023005740190125,1
2012-07-22 23:30:00+00:00,0.03555315,0.147364004195375,0.03696727654124999,0.006,0.09,1.0,1.0,0.0,0.0,0.0,0.08399999999999999,0.0,0.006189288176205749,1
2012-07-23 00:00:00+00:00,0.0345015,0.09666117687874999,0.03587379716249999,0.0,0.083,1.7125,1.7125,0.7124999999999999,1.5,0.0,1.583,0.0,0.07650732149953061,1
2012-07-23 00:30:00+00:00,0.0342432,0.09636574560800001,0.035605223279999994,0.0,0.066,2.425,2.425,0.7124999999999999,1.5,0.0,1.566,0.0,0.07545437881106401,1
2012-07-23 01:00:00+00:00,0.0338988,0.095971837247,0.03524712477,0.0,0.051,3.1374999999999997,3.1375,0.7125000000000004,1.5,0.0,1.551,0.0,0.07442615978504849,1
2012-07-23 01:30:00+00:00,0.0353748,0.09766001593700001,0.03678183266999999,0.0,0.077,3.7249999975,3.725,0.5875000000000004,1.2368421,0.0,1.3138421,0.0,0.06415492021235078,1
2012-07-23 02:00:00+00:00,0.03406485,0.09616175734962502,0.03541977940875,0.0,0.067,4.4374999975,4.4375,0.7125000025000001,1.5,0.0,1.567,0.0,0.07534273688343121,1
2012-07-23 02:30:00+00:00,0.03413865,0.09624616628412502,0.03549651480375,0.0,0.119,5.1499999975,5.15,0.7125000025000006,1.5,0.0,1.619,0.0,0.0779112716069992,1
2012-07-23 03:00:00+00:00,0.0329763,0.09491672556575002,0.0342879323325,0.0,0.084,5.8624999975000005,5.8625,0.7125000024999997,1.5,0.0,1.584,0.0,0.07517404664807402,1
2012-07-23 03:30:00+00:00,0.03310545,0.09506444120112499,0.03442221927375,0.0,0.074,6.574999997500001,6.575,0.7125000024999997,1.5,0.0,1.574,0.0,0.07481571522528536,1
2012-07-23 04:00:00+00:00,0.03314235,0.09510664566837501,0.03446058697125,0.0,0.067,7.287499997500001,7.2875,0.7125000024999988,1.5,0.0,1.567,0.0,0.07451605688117181,1
2012-07-23 04:30:00+00:00,0.0337881,0.09584522384525002,0.0351320216775,0.0,0.071,7.999999997500002,8.0,0.7125000024999988,1.5,0.0,1.571,0.0,0.07528642333044389,1
2012-07-23 05:00:00+00:00,0.0341079,0.32611099589475007,0.0354645417225,0.0,0.147,7.92263157644737,7.9226316,0.07736839750000168,0.0,0.147,0.0,-0.0,0.0,1
2012-07-23 05:30:00+00:00,0.0359529,0.32822121925725,0.037382926597500005,0.0,0.068,7.8868421027631594,7.8868421,0.03578947644736985,0.0,0.068,0.0,-0.0,0.0,1
2012-07-23 06:00:00+00:00,0.03689385,0.32929743317212506,0.03836130288375,0.0,0.069,7.850526313289476,7.8505263,0.036315802763159155,0.0,0.069,0.0,-0.0,0.0,1
2012-07-23 06:30:00+00:00,0.0450795,0.33865979082375003,0.046872537112499994,0.0,0.083,7.806842102763159,7.8068421,0.04368421328947569,0.0,0.083,0.0,-0.0,0.0,1
2012-07-23 07:00:00+00:00,0.0590031,0.3545849431327501,0.0613499483025,0.0,0.077,7.766315786973686,7.7663158,0.04052630276315927,0.0,0.077,0.0,-0.0,0.0,1
2012-07-23 07:30:00+00:00,0.0505407,0.34490605197675006,0.052550956342499996,0.0,0.117,7.704736839605265,7.7047368,0.0615789869736858,0.0,0.117,0.0,-0.0,0.0,1
2012-07-23 08:00:00+00:00,0.06026385,0.356026929097125,0.06266084463374999,0.013,1.232,7.063157892236844,7.0631579,0.6415789396052647,0.0,1.219,0.0,-0.0,0.0,1
2012-07-23 08:30:00+00:00,0.05822205,0.35369161524262505,0.060537832038749996,0.025,1.217,6.435789471184212,6.4357895,0.6273683922368436,0.0,1.192,2.220446049250313e-16,0.0,3.926765748592243e-17,1
2012-07-23 09:00:00+00:00,0.05273625,0.34741721777812506,0.05483383434374999,0.094,0.589,6.175263155394738,6.1752632,0.26052627118421245,0.0,0.495,0.0,-0.0,0.0,1
2012-07-23 09:30:00+00:00,0.0538371,0.34867631771775004,0.055978470652499994,0.106,0.536,5.948947365921054,5.9489474,0.22631575539473836,0.0,0.43,5.551115123125783e-17,0.0,9.677711901794063e-18,1
2012-07-23 10:00:00+00:00,0.04546695,0.33910293772987504,0.04727539793624999,0.138,0.45,5.784736839605264,5.7847368,0.16421056592105376,0.0,0.312,0.0,-0.0,0.0,1
2012-07-23 10:30:00+00:00,0.04547925,0.33911700588562504,0.047288187168749996,0.094,0.23,5.713157892236843,5.7131579,0.0715789396052644,0.0,0.136,0.0,-0.0,0.0,1
2012-07-23 11:00:00+00:00,0.0443661,0.15744383779025,0.046130761627499996,0.113,0.104,5.717432892236843,5.7174329,0.004275007763157035,0.009,0.0,0.0,1.3877787807814457e-17,-3.200964606396572e-19,1
2012-07-23 11:30:00+00:00,0.04340055,0.156339487563875,0.04512680687625,0.225,0.1,5.776807892236843,5.7768079,0.05937500776315652,0.125,0.0,0.0,-0.0,0.0,1
2012-07-23 12:00:00+00:00,0.0401349,0.15260439221225,0.0417312656475,0.231,0.194,5.794382892236843,5.7943829,0.017575007763156236,0.037,0.0,0.0,-0.0,0.0,1
2012-07-23 12:30:00+00:00,0.03950145,0.151879882191125,0.04107262017375,0.213,0.51,5.794382892236843,5.7943829,7.763156339990473e-09,0.0,0.0,0.29700000000000004,0.0,0.022554162505382065,1
2012-07-23 13:00:00+00:00,0.0377979,0.14993144261975,0.0393013114725,0.2,0.242,5.794382892236843,5.7943829,7.763156339990473e-09,0.0,0.0,0.04199999999999998,0.0,0.0031485602950147486,1
2012-07-23 13:30:00+00:00,0.03760725,0.149713386205625,0.039103078368749995,0.188,0.177,5.7996078922368435,5.7996079,0.005225007763156597,0.011,0.0,0.0,-0.0,0.0,1
2012-07-23 14:00:00+00:00,0.03856665,0.150810702354125,0.040100638503749994,0.163,0.098,5.8304828922368435,5.8304829,0.030875007763156326,0.065,0.0,0.0,-0.0,0.0,1
2012-07-23 14:30:00+00:00,0.03702915,0.149052182885375,0.03850198444125,0.244,0.085,5.906007892236843,5.9060079,0.07552500776315618,0.159,0.0,0.0,-0.0,0.0,1
2012-07-23 15:00:00+00:00,0.0354486,0.1472444248715,0.03685856806499999,0.125,0.059,5.937357892236843,5.9373579,0.031350007763156995,0.066,0.0,0.0,-0.0,0.0,1
2012-07-23 15:30:00+00:00,0.0343416,0.14597829085400002,0.035707537139999995,0.175,0.265,5.937357892236843,5.9373579,7.763157228168893e-09,0.0,0.0,0.09000000000000002,0.0,0.006569023088430002,1
2012-07-23 16:00:00+00:00,0.0371337,0.14917176220925002,0.038610692917499995,0.031,0.865,5.937357892236843,5.9373579,7.763157228168893e-09,0.0,0.0,0.834,0.0,0.06220462484125726,1
2012-07-23 16:30:00+00:00,0.04073145,0.15328669776612502,0.04235154342375,0.025,0.991,5.937357892236843,5.9373579,7.763157228168893e-09,0.0,0.0,0.966,0.0,0.07403747502103838,1
2012-07-23 17:00:00+00:00,0.05256405,0.166820263597625,0.05465478508875,0.025,0.628,5.619989471184211,5.6199895,0.3173683922368431,0.0,0.603,0.0,-0.0,0.0,1
2012-07-23 17:30:00+00:00,0.0541938,0.16868429423450002,0.05634935839499999,0.0,0.763,5.21841052381579,5.2184105,0.40157897118421104,0.0,0.763,0.0,-0.0,0.0,1
2012-07-23 18:00:00+00:00,0.15277215,0.281433528492875,0.15884866226624997,0.0,0.618,4.676842102763159,4.6768421,0.5415684238157903,0.0,1.02898,0.0,0.41098,-0.03264181160909171,1
2012-07-23 18:30:00+00:00,0.1793709,0.31185591530225004,0.1865053775475,0.0,1.092,3.887368418552632,3.8873684,0.7894737027631584,0.0,1.5,0.0,0.4079999999999999,-0.03804709701968999,1
2012-07-23 19:00:00+00:00,0.16905735,0.30005976670587503,0.17578160609625,0.0,1.245,3.0978947343421055,3.0978947,0.7894737185526322,0.0,1.5,0.0,0.2549999999999999,-0.022412154777271865,1
2012-07-23 19:30:00+00:00,0.1021884,0.22357823797100002,0.10625294361,0.0,0.677,2.7415789448684214,2.7415789,0.35631583434210556,0.0,0.677,0.0,-0.0,0.0,1
2012-07-23 20:00:00+00:00,0.0748947,0.19236100036175,0.07787363669249998,0.0,0.825,2.307368418552632,2.3073684,0.43421054486842126,0.0,0.825,0.0,-0.0,0.0,1
2012-07-23 20:30:00+00:00,0.06224415,0.17789190217287498,0.06471991106625,0.0,0.826,1.8726315764473689,1.8726316,0.4347368185526319,0.0,0.826,0.0,-0.0,0.0,1
2012-07-23 21:00:00+00:00,0.0587448,0.173889511862,0.061081374419999994,0.0,0.777,1.4636842080263162,1.4636842,0.4089473764473688,0.0,0.777,0.0,-0.0,0.0,1
2012-07-23 21:30:00+00:00,0.04490115,0.158055802565375,0.04668709324125,0.0,0.679,1.4636842080263162,1.4636842,8.026316056231053e-09,0.0,0.0,0.679,0.0,0.05365994497094481,1
2012-07-23 22:00:00+00:00,0.038499,0.1507333274975,0.040030297725,0.0,1.087,1.4636842080263162,1.4636842,8.026316056231053e-09,0.0,0.0,1.087,0.0,0.08192356349489126,1
2012-07-23 22:30:00+00:00,0.05167845,0.16580735638362498,0.05373396034874999,0.0,0.881,1.0,1.0,0.46368420802631616,0.0,0.881,0.0,-0.0,0.0,1
2012-07-23 23:00:00+00:00,0.04092825,0.153511788258125,0.042556171143749995,0.0,0.444,1.0,1.0,0.0,0.0,0.0,0.444,0.0,0.03407961699330375,1
2012-07-23 23:30:00+00:00,0.04037475,0.152878721249375,0.04198065568125,0.0,0.111,1.0,1.0,0.0,0.0,0.0,0.111,0.0,0.008484769029340313,1
2012-07-24 00:00:00+00:00,0.03860355,0.10135290682137499,0.040139006201249994,0.0,0.079,1.7125,1.7125,0.7124999999999999,1.5,0.0,1.579,0.0,0.08001811993547556,1
2012-07-24 00:30:00+00:00,0.03898485,0.10178901964962503,0.04053547240875,0.0,0.059,2.2999999975,2.3,0.5874999999999999,1.2368421,0.0,1.2958421,0.0,0.06595124848985567,1
2012-07-24 01:00:00+00:00,0.0371091,0.09964362589775001,0.03858511445249999,0.0,0.048,3.0124999975,3.0125,0.7125000025000001,1.5,0.0,1.548,0.0,0.0771241664448585,1
2012-07-24 01:30:00+00:00,0.0377241,0.10034703368525001,0.039224576077500004,0.0,0.088,3.7249999975,3.725,0.7125000025000001,1.5,0.0,1.588,0.0,0.07967554474608851,1
2012-07-24 02:00:00+00:00,0.0342801,0.09640795007524999,0.03564359097749999,0.0,0.079,4.4374999975,4.4375,0.7125000025000001,1.5,0.0,1.579,0.0,0.07611407658440987,1
2012-07-24 02:30:00+00:00,0.0343908,0.09653456347700001,0.03575869406999999,0.0,0.048,5.1499999975,5.15,0.7125000025000006,1.5,0.0,1.548,0.0,0.07471775213119801,1
2012-07-24 03:00:00+00:00,0.03384345,0.09590853054612498,0.03518957322374999,0.0,0.048,5.8624999975000005,5.8625,0.7125000024999997,1.5,0.0,1.548,0.0,0.07423320264270074,1
2012-07-24 03:30:00+00:00,0.0326196,0.094508749049,0.033917044589999994,0.0,0.079,6.574999997500001,6.575,0.7125000024999997,1.5,0.0,1.579,0.0,0.0746146573741855,1
2012-07-24 04:00:00+00:00,0.0322014,0.09403043175350001,0.033482210685,0.0,0.078,7.287499997500001,7.2875,0.7125000024999988,1.5,0.0,1.578,0.0,0.07419001065351151,1
2012-07-24 04:30:00+00:00,0.0339234,0.09599997355850001,0.035272703235,0.0,0.064,7.999999997500002,8.0,0.7125000024999988,1.5,0.0,1.564,0.0,0.075071979322747,1
2012-07-24 05:00:00+00:00,0.0343416,0.326378290854,0.035707537139999995,0.0,0.048,7.9747368396052645,7.9747368,0.025263197500001944,0.0,0.048,0.0,-0.0,0.0,1
2012-07-24 05:30:00+00:00,0.03567,0.32789765167500007,0.03708877425,0.0,0.072,7.936842102763159,7.9368421,0.03789473960526468,0.0,0.072,0.0,-0.0,0.0,1
2012-07-24 06:00:00+00:00,0.03683235,0.32922709239337505,0.038297356721249995,0.0,1.161,7.325789471184212,7.3257895,0.6110526027631593,0.0,1.161,0.0,-0.0,0.0,1
2012-07-24 06:30:00+00:00,0.0418938,0.33501613848450007,0.043560125895,0.0,1.439,6.5684210501315805,6.5684211,0.7573683711842119,0.0,1.439,0.0,-0.0,0.0,1
2012-07-24 07:00:00+00:00,0.0567399,0.35199640247475006,0.0589967295225,0.0,1.442,5.809473681710528,5.8094737,0.7589473501315807,0.0,1.442,0.0,-0.0,0.0,1
2012-07-24 07:30:00+00:00,0.04920615,0.34337965707787504,0.05116332461624999,0.0,1.619,5.019999997500001,5.02,0.7894736817105281,0.0,1.5,0.119,0.0,0.020431089596133566,1
2012-07-24 08:00:00+00:00,0.06111255,0.35699763184387506,0.06354330167625,0.019,1.833,4.230526313289475,4.2305263,0.789473697500001,0.0,1.5,0.31400000000000006,0.0,0.056048628199488394,1
2012-07-24 08:30:00+00:00,0.0608973,0.35675143911825,0.0633194901075,0.063,1.092,3.6889473659210537,3.6889474,0.5415789132894746,0.0,1.029,2.220446049250313e-16,0.0,3.9607366177724093e-17,1
2012-07-24 09:00:00+00:00,0.0558297,0.35095535894925006,0.0580503263175,0.044,0.863,3.2578947343421065,3.2578947,0.4310526659210536,0.0,0.819,0.0,-0.0,0.0,1
2012-07-24 09:30:00+00:00,0.05989485,0.35560488442462507,0.06227716765874999,0.106,0.49,3.055789471184212,3.0557895,0.2021052343421066,0.0,0.384,0.0,-0.0,0.0,1
2012-07-24 10:00:00+00:00,0.04843125,0.3424933632656251,0.05035760296875,0.081,0.378,2.8994736817105276,2.8994737,0.1563157711842118,0.0,0.297,0.0,-0.0,0.0,1
2012-07-24 10:30:00+00:00,0.04841895,0.342479295109875,0.05034481373625,0.05,0.88,2.46263157644737,2.4626316,0.43684208171052763,0.0,0.83,0.0,-0.0,0.0,1
2012-07-24 11:00:00+00:00,0.0448458,0.1579924958645,0.046629541695,0.019,0.479,2.46263157644737,2.4626316,2.355263006847963e-08,0.0,0.0,0.45999999999999996,0.0,0.036338274048835,1
2012-07-24 11:30:00+00:00,0.04341285,0.156353555719625,0.04513959610875,0.231,0.406,2.46263157644737,2.4626316,2.355263006847963e-08,0.0,0.0,0.17500000000000002,0.0,0.01368093612546719,1
2012-07-24 12:00:00+00:00,0.0467769,0.16020119631725,0.048637451197499994,0.219,0.3,2.46263157644737,2.4626316,2.355263006847963e-08,0.0,0.0,0.08099999999999999,0.0,0.006488148450848624,1
2012-07-24 12:30:00+00:00,0.04420005,0.157253917687625,0.04595810698875,0.188,0.356,2.46263157644737,2.4626316,2.355263006847963e-08,0.0,0.0,0.16799999999999998,0.0,0.0132093290857605,1
2012-07-24 13:00:00+00:00,0.0420537,0.15479902450925,0.0437263859175,0.169,0.463,2.46263157644737,2.4626316,2.355263006847963e-08,0.0,0.0,0.29400000000000004,0.0,0.022755456602859755,1
2012-07-24 13:30:00+00:00,0.03975975,0.15217531346187502,0.04134119405625,0.219,0.186,2.4783065764473697,2.4783066,0.015675023552629952,0.033,0.0,0.0,-0.0,0.0,1
2012-07-24 14:00:00+00:00,0.0399504,0.152393369876,0.041539427159999996,0.219,0.375,2.4783065764473697,2.4783066,2.355263006847963e-08,0.0,0.0,0.156,0.0,0.011886682850328,1
2012-07-24 14:30:00+00:00,0.03963675,0.152034631904375,0.04121330173125,0.188,0.305,2.4783065764473697,2.4783066,2.355263006847963e-08,0.0,0.0,0.11699999999999999,0.0,0.008894025966405936,1
2012-07-24 15:00:00+00:00,0.03921855,0.15155631460887498,0.04077846782624999,0.138,0.407,2.91013157969737,2.9101316,0.4318250235526304,0.90910527,0.0,1.17810527,0.0,0.0892746464712468,1
2012-07-24 15:30:00+00:00,0.03832065,0.15052933923912498,0.039844853853749994,0.044,0.921,3.62263157969737,3.6226316,0.7125000203026302,1.5,0.0,2.3770000000000002,0.0,0.17890411968570005,1
2012-07-24 16:00:00+00:00,0.04282245,0.155678284243625,0.04452571294874999,0.038,0.469,3.62263157969737,3.6226316,2.0302630243662634e-08,0.0,0.0,0.431,0.0,0.03354867025450119,1
2012-07-24 16:30:00+00:00,0.04619265,0.159532958919125,0.04802996265375,0.013,0.947,3.62263157969737,3.6226316,2.0302630243662634e-08,0.0,0.0,0.9339999999999999,0.0,0.07450189181523137,1
2012-07-24 17:00:00+00:00,0.05923065,0.17444520401412503,0.06158654910375,0.006,0.537,3.3431578954868435,3.3431579,0.2794736796973698,0.0,0.531,0.0,-0.0,0.0,1
2012-07-24 17:30:00+00:00,0.06388005,0.179762966887625,0.06642087898874999,0.0,0.894,2.87263157969737,2.8726316,0.47052629548684344,0.0,0.894,0.0,-0.0,0.0,1
2012-07-24 18:00:00+00:00,0.14461725,0.272106341230625,0.15036940111875,0.0,0.854,2.4231578954868436,2.4231579,0.44947367969736973,0.0,0.854,0.0,-0.0,0.0,1
2012-07-24 18:30:00+00:00,0.08916885,0.208687095109625,0.09271554100875,0.0,1.221,1.7805263165394751,1.7805263,0.6426315954868436,0.0,1.221,0.0,-0.0,0.0,1
2012-07-24 19:00:00+00:00,0.08916885,0.208687095109625,0.09271554100875,0.0,0.663,1.4315789481184225,1.4315789,0.34894741653947503,0.0,0.663,0.0,-0.0,0.0,1
2012-07-24 19:30:00+00:00,0.0704667,0.18729646429175,0.0732695129925,0.0,0.82,1.0000000007500014,1.0,0.43157894811842246,0.0,0.82,0.0,-0.0,0.0,1
2012-07-24 20:00:00+00:00,0.0515862,0.1657018452155,0.05363804110499999,0.0,0.748,1.0000000007500014,1.0,7.500013943229078e-10,0.0,0.0,0.748,0.0,0.061972490110596995,1
2012-07-24 20:30:00+00:00,0.05164155,0.165765151916375,0.05369559265124999,0.0,0.604,1.0000000007500014,1.0,7.500013943229078e-10,0.0,0.0,0.604,0.0,0.05006107587874525,1
2012-07-24 21:00:00+00:00,0.0505653,0.16453418828825,0.0525765348075,0.0,0.546,1.0000000007500014,1.0,7.500013943229078e-10,0.0,0.0,0.546,0.0,0.04491783340269225,1
2012-07-24 21:30:00+00:00,0.04417545,0.157225781376125,0.045932528523749995,0.0,0.672,1.0000000007500014,1.0,7.500013943229078e-10,0.0,0.0,0.672,0.0,0.05282786254237801,1
2012-07-24 22:00:00+00:00,0.03567615,0.14750468575287498,0.03709516886624999,0.0,0.827,1.0000000007500014,1.0,7.500013943229078e-10,0.0,0.0,0.827,0.0,0.0609931875588138,1
2012-07-24 22:30:00+00:00,0.04900935,0.162754566585875,0.050958696896249996,0.0,0.719,1.0000000007500014,1.0,7.500013943229078e-10,0.0,0.0,0.719,0.0,0.05851026668762206,1
2012-07-24 23:00:00+00:00,0.04035015,0.152850584937875,0.04195507721625,0.0,0.577,1.0000000007500014,1.0,7.500013943229078e-10,0.0,0.0,0.577,0.0,0.044097393754576934,1
2012-07-24 23:30:00+00:00,0.03929235,0.151640723543375,0.04085520322124999,0.0,0.321,1.0000000007500014,1.0,7.500013943229078e-10,0.0,0.0,0.321,0.0,0.024338336128711686,1
2012-07-25 00:00:00+00:00,0.03525795,0.09752636845737502,0.03666033496125,0.0,0.506,1.7125000007500013,1.7125,0.7124999992499985,1.5,0.0,2.0060000000000002,0.0,0.09781894756274716,1
2012-07-25 00:30:00+00:00,0.0334929,0.09550758810725002,0.034825080097499996,0.0,0.145,2.425000000750001,2.425,0.7124999992499985,1.5,0.0,1.645,0.0,0.07855499121821315,1
2012-07-25 01:00:00+00:00,0.0365187,0.09896835442175002,0.0379712312925,0.0,0.48,3.137500000750001,3.1375,0.712499999249999,1.5,0.0,1.98,0.0,0.09797867087753252,1
2012-07-25 01:30:00+00:00,0.0371091,0.09964362589775001,0.03858511445249999,0.0,0.083,3.7249999982500013,3.725,0.587499999249999,1.2368421,0.0,1.3198421,0.0,0.06575692622825038,1
2012-07-25 02:00:00+00:00,0.03381885,0.09588039423462501,0.03516399475874999,0.0,0.049,4.437499998250001,4.4375,0.7125000017499987,1.5,0.0,1.549,0.0,0.07425936533471707,1
2012-07-25 02:30:00+00:00,0.0325581,0.09443840827025,0.03385309842749999,0.0,0.07,5.149999998250001,5.15,0.7125000017499996,1.5,0.0,1.57,0.0,0.07413415049214625,1
2012-07-25 03:00:00+00:00,0.0321522,0.09397415913049999,0.033431053754999995,0.0,0.065,5.8624999982500015,5.8625,0.7125000017499987,1.5,0.0,1.565,0.0,0.07353477951961623,1
2012-07-25 03:30:00+00:00,0.03226905,0.094107806610125,0.03355255146375,0.0,0.096,6.574999998250002,6.575,0.7125000017499987,1.5,0.0,1.596,0.0,0.07509802967487975,1
2012-07-25 04:00:00+00:00,0.03228135,0.094121874765875,0.033565340696249994,0.0,0.055,7.287499998250002,7.2875,0.7125000017499978,1.5,0.0,1.555,0.0,0.0731797576304678,1
2012-07-25 04:30:00+00:00,0.032349,0.09419924962250001,0.033635681475000005,0.0,0.061,7.9999999982500025,8.0,0.7125000017499978,1.5,0.0,1.561,0.0,0.07352251433036125,1
2012-07-25 05:00:00+00:00,0.0324105,0.32416959040125004,0.0336996276375,0.0,0.049,7.974210524565792,7.9742105,0.02578949825000265,0.0,0.049,0.0,-0.0,0.0,1
2012-07-25 05:30:00+00:00,0.03349905,0.325414622185125,0.03483147471375,0.0,0.068,7.938421050881582,7.9384211,0.035789424565791705,0.0,0.068,0.0,-0.0,0.0,1
2012-07-25 06:00:00+00:00,0.03595905,0.328228253335125,0.03738932121374999,0.0,0.794,7.5205263140394765,7.5205263,0.41789475088158134,0.0,0.794,0.0,-0.0,0.0,1
2012-07-25 06:30:00+00:00,0.0416601,0.33474884352525,0.04331713047749999,0.0,0.973,7.008421050881582,7.0084211,0.5121052140394768,0.0,0.973,0.0,-0.0,0.0,1
2012-07-25 07:00:00+00:00,0.0406515,0.33359525475375,0.0422684134125,0.0,0.959,6.503684208776319,6.5036842,0.5047368508815815,0.0,0.959,0.0,-0.0,0.0,1
2012-07-25 07:30:00+00:00,0.04009185,0.332955153667125,0.04168650333374999,0.006,0.852,6.058421050881582,6.0584211,0.44526310877631836,0.0,0.846,0.0,-0.0,0.0,1
2012-07-25 08:00:00+00:00,0.0489663,0.34310532804075,0.050913934582499994,0.013,0.4,5.854736840355266,5.8547368,0.20368425088158126,0.0,0.387,0.0,-0.0,0.0,1
2012-07-25 08:30:00+00:00,0.04742265,0.341339774494125,0.049308885903749995,0.019,0.309,5.7021052614078975,5.7021053,0.15263154035526583,0.0,0.29,0.0,-0.0,0.0,1
2012-07-25 09:00:00+00:00,0.04392945,0.337344418261125,0.045676743873749995,0.019,0.349,5.528421050881581,5.5284211,0.17368416140789744,0.0,0.33,0.0,5.551115123125783e-17,-1.2677843184635827e-18,1
2012-07-25 09:30:00+00:00,0.0431976,0.336507362994,0.044915784539999996,0.025,0.221,5.425263156144739,5.4252632,0.10315785088158158,0.0,0.196,0.0,-0.0,0.0,1
2012-07-25 10:00:00+00:00,0.0397044,0.332512006761,0.041283642509999996,0.025,0.276,5.293157892986844,5.2931579,0.13210525614473934,0.0,0.251,0.0,-0.0,0.0,1
2012-07-25 10:30:00+00:00,0.0396183,0.33241352967075005,0.0411941178825,0.05,0.212,5.207894735092108,5.2078947,0.0852631929868446,0.0,0.162,0.0,2.7755575615628914e-17,-5.7168322690343e-19,1
2012-07-25 11:00:00+00:00,0.03929235,0.151640723543375,0.04085520322124999,0.075,0.354,5.06105262982895,5.0610526,0.14684213509210764,0.0,0.279,0.0,5.551115123125783e-17,-1.13395968229929e-18,1
2012-07-25 11:30:00+00:00,0.0385851,0.15083180458774997,0.040119822352499994,0.113,0.153,5.0399999982500026,5.04,0.021052629828949954,0.0,0.04,0.0,6.938893903907228e-18,-1.3919359537380158e-19,1
2012-07-25 12:00:00+00:00,0.0350919,0.14683644835475002,0.0364876803225,0.15,0.126,5.051399998250003,5.0514,0.011400001749997557,0.024,0.0,0.0,-0.0,0.0,1
2012-07-25 12:30:00+00:00,0.0346122,0.14628779028049999,0.035988900255,0.119,0.052,5.083224998250003,5.083225,0.03182500174999703,0.067,0.0,0.0,-0.0,0.0,1
2012-07-25 13:00:00+00:00,0.03444,0.14609083609999998,0.035809851,0.094,0.131,5.083224998250003,5.083225,1.7499965920819704e-09,0.0,0.0,0.037000000000000005,0.0,0.00270268046785,1
2012-07-25 13:30:00+00:00,0.0343416,0.14597829085400002,0.035707537139999995,0.038,0.119,5.083224998250003,5.083225,1.7499965920819704e-09,0.0,0.0,0.08099999999999999,0.0,0.005912120779587,1
2012-07-25 14:00:00+00:00,0.03383115,0.145394462390375,0.035176783991249995,0.063,0.165,5.083224998250003,5.083225,1.7499965920819704e-09,0.0,0.0,0.10200000000000001,0.0,0.0074151175819091265,1
2012-07-25 14:30:00+00:00,0.03383115,0.145394462390375,0.035176783991249995,0.225,0.119,5.133574998250003,5.133575,0.050350001749997375,0.106,0.0,0.0,2.7755575615628914e-17,-4.881759439918919e-19,1
2012-07-25 15:00:00+00:00,0.0343416,0.14597829085400002,0.035707537139999995,0.263,0.188,5.1691999982500025,5.1692,0.035625001749997054,0.075,0.0,0.0,-0.0,0.0,1
2012-07-25 15:30:00+00:00,0.03444615,0.146097870177875,0.03581624561625,0.15,0.175,5.1691999982500025,5.1692,1.7499974802603901e-09,0.0,0.0,0.024999999999999994,0.0,0.0018262233772234372,1
2012-07-25 16:00:00+00:00,0.03469215,0.14637923329287497,0.03607203026624999,0.013,0.188,5.1691999982500025,5.1692,1.7499974802603901e-09,0.0,0.0,0.175,0.0,0.01280818291312656,1
2012-07-25 16:30:00+00:00,0.03437235,0.146013461243375,0.03573951022125,0.013,0.116,5.1691999982500025,5.1692,1.7499974802603901e-09,0.0,0.0,0.10300000000000001,0.0,0.007519693254033813,1
2012-07-25 17:00:00+00:00,0.03736125,0.149432023090625,0.038847293718749995,0.006,0.078,5.131305261407897,5.1313053,0.03789469825000236,0.0,0.072,0.0,-0.0,0.0,1
2012-07-25 17:30:00+00:00,0.03736125,0.149432023090625,0.038847293718749995,0.0,0.325,4.9602526298289495,4.9602526,0.17105266140789777,0.0,0.325,0.0,-0.0,0.0,1
2012-07-25 18:00:00+00:00,0.0452886,0.1584989494715,0.047089954064999995,0.0,1.211,4.322884208776318,4.3228842,0.6373684298289497,0.0,1.211,0.0,-0.0,0.0,1
2012-07-25 18:30:00+00:00,0.0454977,0.15873810811925002,0.0473073710175,0.0,1.362,3.6060421035131602,3.6060421,0.7168421087763184,0.0,1.362,0.0,-0.0,0.0,1
2012-07-25 19:00:00+00:00,0.0441324,0.157176542831,0.04588776620999999,0.0,0.87,3.148147366671055,3.1481474,0.4578947035131602,0.0,0.87,0.0,-0.0,0.0,1
2012-07-25 19:30:00+00:00,0.03971055,0.152119040838875,0.04129003712625,0.0,0.865,2.6928842087763183,2.6928842,0.45526316667105515,0.0,0.865,0.0,-0.0,0.0,1
2012-07-25 20:00:00+00:00,0.04014105,0.152611426290125,0.04173766026374999,0.0,0.825,2.258673682460529,2.2586737,0.43421050877631817,0.0,0.825,0.0,-0.0,0.0,1
2012-07-25 20:30:00+00:00,0.0413526,0.1539971396315,0.042997399665000005,0.0,0.786,1.844989471934213,1.8449895,0.41368418246052885,0.0,0.786,0.0,-0.0,0.0,1
2012-07-25 21:00:00+00:00,0.0407499,0.15330779999975,0.04237072727249999,0.0,0.772,1.4386736824605288,1.4386737,0.406315771934213,0.0,0.772,0.0,-0.0,0.0,1
2012-07-25 21:30:00+00:00,0.0360267,0.14790562819175002,0.037459661992500004,0.0,0.847,1.414736841934213,1.4147368,0.02393688246052883,0.0,0.045479997,0.8015200029999999,0.0,0.05927465977598417,1
2012-07-25 22:00:00+00:00,0.03423705,0.145858711530125,0.03559882866375,0.0,0.779,1.414736841934213,1.4147368,4.1934212990923925e-08,0.0,0.0,0.779,0.0,0.05681196814098369,1
2012-07-25 22:30:00+00:00,0.03801315,0.150177635345375,0.03952512304125,0.0,0.788,1.0,1.0,0.414736841934213,0.0,0.788,0.0,-0.0,0.0,1
2012-07-25 23:00:00+00:00,0.0337512,0.14530301937800003,0.03509365398,0.0,0.334,1.0,1.0,0.0,0.0,0.0,0.334,0.0,0.024265604236126007,1
2012-07-25 23:30:00+00:00,0.0345384,0.146203381346,0.03591216485999999,0.0,0.148,1.0,1.0,0.0,0.0,0.0,0.148,0.0,0.010819050219604,1
2012-07-26 00:00:00+00:00,0.0336774,0.0957186104435,0.035016918585,0.0,0.108,1.7125,1.7125,0.7124999999999999,1.5,0.0,1.608,0.0,0.076957762796574,1
2012-07-26 00:30:00+00:00,0.0339603,0.09604217802575002,0.0353110709325,0.0,0.055,2.40721581,2.4072158,0.0,1.4625596,0.0,1.5175596,0.0,0.07287486463394299,1
2012-07-26 01:00:00+00:00,0.03451995,0.09668227911237502,0.03589298101125,0.0,0.048,2.40721581,2.4072158,9.99999993922529e-09,0.0,0.0,0.048,0.0,0.0023203746986970005,1
2012-07-26 01:30:00+00:00,0.03390495,0.09597887132487501,0.03525351938625,0.0,0.073,3.1197158099999998,3.1197158,0.71249999,1.5,0.0,1.573,0.0,0.0754873822970142,1
2012-07-26 02:00:00+00:00,0.03255195,0.09443137419237502,0.033846703811250003,0.0,0.096,3.8322158099999997,3.8322158,0.7124999900000004,1.5,0.0,1.596,0.0,0.07535623660551527,1
2012-07-26 02:30:00+00:00,0.03132195,0.093024558617375,0.032567780561249995,0.0,0.05,4.54471581,4.5447158,0.71249999,1.5,0.0,1.55,0.0,0.07209403292846563,1
2012-07-26 03:00:00+00:00,0.030504,0.09208902626,0.0317172966,0.0,0.06,5.25721581,5.2572158,0.7124999900000004,1.5,0.0,1.56,0.0,0.0718294404828,1
2012-07-26 03:30:00+00:00,0.0296061,0.09106205089025,0.030783682627499996,0.0,0.057,5.96971581,5.9697158,0.7124999900000004,1.5,0.0,1.557,0.0,0.07089180661805962,1
2012-07-26 04:00:00+00:00,0.0262851,0.08726364883775001,0.027330589852499997,0.0,0.055,6.682215810000001,6.6822158,0.7124999899999995,1.5,0.0,1.555,0.0,0.06784748697135062,1
2012-07-26 04:30:00+00:00,0.02763195,0.08880411189237501,0.02873101081125,0.0,0.088,7.394715810000001,7.3947158,0.7124999899999995,1.5,0.0,1.588,0.0,0.07051046484254576,1
2012-07-26 05:00:00+00:00,0.03023955,0.321686560911375,0.03144232810124999,0.0,0.065,7.360505283684211,7.3605053,0.03421051000000119,0.0,0.065,0.0,-0.0,0.0,1
2012-07-26 05:30:00+00:00,0.0331854,0.3250558842135,0.034505349284999993,0.0,0.048,7.335242125789474,7.3352421,0.025263183684210766,0.0,0.048,0.0,-0.0,0.0,1
2012-07-26 06:00:00+00:00,0.0336528,0.32559047413200004,0.03499134011999999,0.0,0.08,7.293136862631579,7.2931369,0.04210522578947362,0.0,0.08,0.0,-0.0,0.0,1
2012-07-26 06:30:00+00:00,0.03750885,0.33000084095962506,0.03900076450875,0.0,0.048,7.267873704736842,7.2678737,0.025263162631579128,0.0,0.048,0.0,-0.0,0.0,1
2012-07-26 07:00:00+00:00,0.04011645,0.332983289978625,0.041712081798749995,0.0,0.111,7.209452652105263,7.2094527,0.058421004736842086,0.0,0.111,0.0,-0.0,0.0,1
2012-07-26 07:30:00+00:00,0.0389295,0.33162571294875004,0.040477920862499996,0.006,0.048,7.1873473889473685,7.1873474,0.022105252105262707,0.0,0.042,0.0,-0.0,0.0,1
2012-07-26 08:00:00+00:00,0.04278555,0.336036079776375,0.04448734525124999,0.019,0.786,6.783663178421053,6.7836632,0.4036841889473681,0.0,0.767,0.0,-0.0,0.0,1
2012-07-26 08:30:00+00:00,0.04170315,0.33479808207037504,0.04336189279125,0.038,0.837,6.363136862631579,6.3631369,0.42052627842105306,0.0,0.799,0.0,1.1102230246251565e-16,-2.4070685884086674e-18,1
2012-07-26 09:00:00+00:00,0.03966135,0.332462768215875,0.041238880196249994,0.044,0.983,5.8689263363157895,5.8689263,0.49421056263157936,0.0,0.939,0.0,-0.0,0.0,1
2012-07-26 09:30:00+00:00,0.0396183,0.33241352967075005,0.0411941178825,0.106,1.036,5.379452652105263,5.3794527,0.48947363631578966,0.0,0.93,0.0,-0.0,0.0,1
2012-07-26 10:00:00+00:00,0.03958755,0.33237835928137505,0.041162144801249995,0.106,0.168,5.346821073157894,5.3468211,0.03263155210526314,0.0,0.062,1.3877787807814457e-17,0.0,2.30633817100822e-18,1
2012-07-26 10:30:00+00:00,0.03956295,0.33235022296987504,0.04113656633625,0.094,0.098,5.344715809999999,5.3447158,0.0021052731578938833,0.0,0.004,3.469446951953614e-18,0.0,5.765357340319685e-19,1
2012-07-26 11:00:00+00:00,0.03674625,0.14872861530312498,0.03820783209375,0.15,0.062,5.38651581,5.3865158,0.04179999000000034,0.088,0.0,0.0,-0.0,0.0,1
2012-07-26 11:30:00+00:00,0.03440925,0.146055665710625,0.03577787791875,0.3,0.051,5.504790809999999,5.5047908,0.11827499000000063,0.249,0.0,0.0,-0.0,0.0,1
2012-07-26 12:00:00+00:00,0.03442155,0.146069733866375,0.035790667151250004,0.15,0.067,5.544215809999999,5.5442158,0.03942499000000055,0.083,0.0,2.7755575615628914e-17,0.0,2.0271247717414815e-18,1
2012-07-26 12:30:00+00:00,0.0344646,0.1461189724115,0.03583542946499999,0.113,0.102,5.549440809999999,5.5494408,0.005224990000001206,0.011,0.0,0.0,1.3877787807814457e-17,-2.486582430585859e-19,1
2012-07-26 13:00:00+00:00,0.0343416,0.14597829085400002,0.035707537139999995,0.094,0.053,5.568915809999999,5.5689158,0.019474990000000858,0.041,0.0,0.0,-0.0,0.0,1
2012-07-26 13:30:00+00:00,0.03412635,0.145732098128375,0.03548372557125,0.05,0.073,5.5568105468421045,5.5568105,0.012105309999999037,0.0,0.023,0.0,6.938893903907228e-18,-1.2310890352713183e-19,1
2012-07-26 14:00:00+00:00,0.0338988,0.14547183724700002,0.03524712477,0.125,0.051,5.591960546842104,5.5919605,0.035149953157895375,0.074,0.0,0.0,-0.0,0.0,1
2012-07-26 14:30:00+00:00,0.0337389,0.14528895122225002,0.0350808647475,0.069,0.064,5.594335546842104,5.5943355,0.0023749531578953764,0.005,0.0,0.0,-0.0,0.0,1
2012-07-26 15:00:00+00:00,0.033825,0.1453874283125,0.035170389375,0.013,0.107,5.544861862631578,5.5448619,0.0494736468421042,0.0,0.094,0.0,-0.0,0.0,1
2012-07-26 15:30:00+00:00,0.0339849,0.14557031433724998,0.035336649397499996,0.031,0.051,5.5343355468421045,5.5343355,0.01052636263157769,0.0,0.02,0.0,3.469446951953614e-18,-6.129931527220494e-20,1
2012-07-26 16:00:00+00:00,0.03418785,0.145802438907125,0.035547671733749994,0.056,0.051,5.536710546842104,5.5367105,0.0023749531578953764,0.005,0.0,0.0,6.938893903907228e-18,-1.2333076134570657e-19,1
2012-07-26 16:30:00+00:00,0.0365187,0.14846835442175,0.0379712312925,0.031,0.253,5.419868441578946,5.4198684,0.11684214684210392,0.0,0.222,0.0,-0.0,0.0,1
2012-07-26 17:00:00+00:00,0.0378225,0.14995957893125,0.0393268899375,0.006,0.162,5.337763178421051,5.3377632,0.08210524157894561,0.0,0.156,0.0,-0.0,0.0,1
2012-07-26 17:30:00+00:00,0.03880035,0.15107799731337498,0.04034363392125,0.0,0.23,5.216710546842104,5.2167105,0.1210526784210515,0.0,0.23,0.0,-0.0,0.0,1
2012-07-26 18:00:00+00:00,0.0475272,0.161059353818,0.04941759438,0.0,0.244,5.0882894942105255,5.0882895,0.12842104684210387,0.0,0.244,0.0,-0.0,0.0,1
2012-07-26 18:30:00+00:00,0.0481545,0.16177682976125002,0.0500698452375,0.0,1.37,4.367236862631578,4.3672369,0.7210525942105255,0.0,1.37,0.0,-0.0,0.0,1
2012-07-26 19:00:00+00:00,0.0477978,0.16136885324449998,0.049698957494999994,0.0,1.489,3.583552652105262,3.5835527,0.783684162631578,0.0,1.489,0.0,-0.0,0.0,1
2012-07-26 19:30:00+00:00,0.04213365,0.154890467521625,0.04380951592875,0.0,1.041,3.0356579152631564,3.0356579,0.547894752105262,0.0,1.041,0.0,-0.0,0.0,1
2012-07-26 20:00:00+00:00,0.0396675,0.15206980229375,0.041245274812499996,0.0,0.811,2.6088158099999985,2.6088158,0.4268421152631565,0.0,0.811,0.0,-0.0,0.0,1
2012-07-26 20:30:00+00:00,0.04620495,0.159547027074875,0.04804275188625,0.0,0.506,2.3425000205263142,2.3425,0.2663158099999987,0.0,0.506,0.0,-0.0,0.0,1
2012-07-26 21:00:00+00:00,0.04458135,0.157690030515875,0.04635457319624999,0.0,0.394,2.1351315994736826,2.1351316,0.20736842052631443,0.0,0.394,0.0,-0.0,0.0,1
2012-07-26 21:30:00+00:00,0.03966135,0.152062768215875,0.041238880196249994,0.0,0.165,2.0482894942105245,2.0482895,0.08684209947368249,0.0,0.165,0.0,-0.0,0.0,1
2012-07-26 22:00:00+00:00,0.03634035,0.14826436616337502,0.03778578742125,0.0,0.214,1.9356579152631561,1.9356579,0.11263159421052449,0.0,0.214,0.0,-0.0,0.0,1
2012-07-26 22:30:00+00:00,0.04311765,0.156015919981625,0.044832654528749995,0.0,0.231,1.814078967894735,1.814079,0.12157891526315612,0.0,0.231,0.0,-0.0,0.0,1
2012-07-26 23:00:00+00:00,0.03659865,0.14855979743412498,0.03805436130375,0.0,0.144,1.7382894942105245,1.7382895,0.07578946789473506,0.0,0.144,0.0,-0.0,0.0,1
2012-07-26 23:30:00+00:00,0.0362973,0.14821512761825,0.03774102510749999,0.0,0.049,1.712500020526314,1.7125,0.025789494210524566,0.0,0.049,0.0,-0.0,0.0,1
2012-07-27 00:00:00+00:00,0.0342555,0.09637981376375002,0.035618012512500005,0.0,0.048,2.425000020526314,2.425,0.7124999794736859,1.5,0.0,1.548,0.0,0.07459797585314251,1
2012-07-27 00:30:00+00:00,0.0339234,0.09599997355850001,0.035272703235,0.0,0.082,3.1375000205263137,3.1375,0.7124999794736864,1.5,0.0,1.582,0.0,0.07593597908477351,1
2012-07-27 01:00:00+00:00,0.03822225,0.10091679399312502,0.03974253999375,0.0,0.099,3.725000018026314,3.725,0.5874999794736864,1.2368421,0.0,1.3358421,0.0,0.06740445100652176,1
2012-07-27 01:30:00+00:00,0.03846825,0.10119815710812499,0.03999832464375,0.0,0.048,3.725000018026314,3.725,1.8026313775010294e-08,0.0,0.0,0.048,0.0,0.002428755770595,1
2012-07-27 02:00:00+00:00,0.03443385,0.09658380202212502,0.03580345638375,0.0,0.063,4.437500018026314,4.4375,0.7124999819736861,1.5,0.0,1.563,0.0,0.0754802412802907,1
2012-07-27 02:30:00+00:00,0.03321,0.09518402052500002,0.03453092775,0.0,0.051,5.150000018026313,5.15,0.7124999819736866,1.5,0.0,1.551,0.0,0.07381520791713751,1
2012-07-27 03:00:00+00:00,0.032349,0.09419924962250001,0.033635681475000005,0.0,0.056,5.862500018026314,5.8625,0.7124999819736866,1.5,0.0,1.556,0.0,0.07328701620630501,1
2012-07-27 03:30:00+00:00,0.03140805,0.09312303570762501,0.03265730518875,0.0,0.087,6.575000018026314,6.575,0.7124999819736866,1.5,0.0,1.587,0.0,0.07389312883400044,1
2012-07-27 04:00:00+00:00,0.031734,0.09349584183500001,0.032996219849999994,0.0,0.081,7.287500018026314,7.2875,0.7124999819736857,1.5,0.0,1.581,0.0,0.07390846297056751,1
2012-07-27 04:30:00+00:00,0.0318324,0.09360838708100001,0.033098533709999996,0.0,0.047,8.0,8.0,0.7124999819736857,1.5,0.0,1.547,0.0,0.07240608740715351,1
2012-07-27 05:00:00+00:00,0.03279795,0.324612737307375,0.03410248846125,0.0,0.058,7.969473684210526,7.9694737,0.030526300000000006,0.0,0.058,0.0,-0.0,0.0,1
2012-07-27 05:30:00+00:00,0.0343908,0.326434563477,0.03575869406999999,0.0,0.061,7.937368421052631,7.9373684,0.03210528421052583,0.0,0.061,0.0,-0.0,0.0,1
2012-07-27 06:00:00+00:00,0.03678315,0.32917081977037504,0.03824619979125,0.0,0.121,7.873684210526315,7.8736842,0.0636842210526316,0.0,0.121,0.0,-0.0,0.0,1
2012-07-27 06:30:00+00:00,0.03937845,0.33213920063362506,0.04094472784875,0.0,0.048,7.848421052631578,7.8484211,0.025263110526315025,0.0,0.048,0.0,-0.0,0.0,1
2012-07-27 07:00:00+00:00,0.04959975,0.343829838061875,0.05157258005625,0.0,0.049,7.822631578947368,7.8226316,0.025789452631578058,0.0,0.049,0.0,-0.0,0.0,1
2012-07-27 07:30:00+00:00,0.0414756,0.334537821189,0.043125291989999995,0.006,1.96,7.033157894736841,7.0331579,0.7894736789473678,0.0,1.5,0.45399999999999996,0.0,0.07594008540990299,1
2012-07-27 08:00:00+00:00,0.0498765,0.34414637156625005,0.051860337787499995,0.013,1.227,6.3942105263157885,6.3942105,0.6389473947368414,0.0,1.214,2.220446049250313e-16,0.0,3.820792255540551e-17,1
2012-07-27 08:30:00+00:00,0.0499872,0.344272984968,0.05197544088,0.019,0.596,6.0905263157894725,6.0905263,0.30368422631578884,0.0,0.577,0.0,-0.0,0.0,1
2012-07-27 09:00:00+00:00,0.0388557,0.33154130401425,0.040401185467499996,0.019,0.333,5.925263157894736,5.9252632,0.16526311578947261,0.0,0.314,0.0,-0.0,0.0,1
2012-07-27 09:30:00+00:00,0.03950145,0.33227988219112503,0.04107262017375,0.019,0.432,5.707894736842104,5.7078947,0.2173684578947359,0.0,0.413,0.0,-0.0,0.0,1
2012-07-27 10:00:00+00:00,0.0373797,0.32985312532425004,0.0388664775675,0.025,0.191,5.620526315789473,5.6205263,0.08736843684210438,0.0,0.166,0.0,-0.0,0.0,1
2012-07-27 10:30:00+00:00,0.0342924,0.32632201823100004,0.03565638021,0.056,0.186,5.552105263157894,5.5521053,0.06842101578947268,0.0,0.13,0.0,-0.0,0.0,1
2012-07-27 11:00:00+00:00,0.03443385,0.146083802022125,0.03580345638375,0.094,0.376,5.52806842105263,5.5280684,0.02403686315789333,0.0,0.04567,0.23633000000000004,0.0,0.017261992465944405,1
2012-07-27 11:30:00+00:00,0.03447075,0.14612600648937502,0.03584182408125,0.244,0.258,5.520699999999999,5.5207,0.0073684210526305804,0.0,0.014,1.214306433183765e-17,0.0,8.872087486775033e-19,1
2012-07-27 12:00:00+00:00,0.0343662,0.1460064271655,0.035733115605,0.219,0.199,5.530199999999999,5.5302,0.009500000000000952,0.02,0.0,0.0,-0.0,0.0,1
2012-07-27 12:30:00+00:00,0.0344646,0.1461189724115,0.03583542946499999,0.163,0.175,5.523884210526314,5.5238842,0.006315799999998539,0.0,0.012,0.0,1.734723475976807e-17,-3.108228038232324e-19,1
2012-07-27 13:00:00+00:00,0.0339603,0.14554217802575,0.0353110709325,0.113,0.13,5.523884210526314,5.5238842,1.0526314042635931e-08,0.0,0.0,0.017,0.0,0.0012371085132188752,1
2012-07-27 13:30:00+00:00,0.03378195,0.14533818976737498,0.03512562706124999,0.05,0.125,5.523884210526314,5.5238842,1.0526314042635931e-08,0.0,0.0,0.075,0.0,0.005450182116276562,1
2012-07-27 14:00:00+00:00,0.0330009,0.14444486187724997,0.034313510797499995,0.1,0.132,5.523884210526314,5.5238842,1.0526314042635931e-08,0.0,0.0,0.032,0.0,0.002311117790036,1
2012-07-27 14:30:00+00:00,0.03276105,0.144170532840125,0.03406412076375,0.25,0.111,5.589909210526314,5.5899092,0.06602498947368574,0.139,0.0,0.0,-0.0,0.0,1
2012-07-27 15:00:00+00:00,0.0325335,0.14391027195875,0.0338275199625,0.138,0.109,5.603684210526314,5.6036842,0.013774989473685828,0.029,0.0,0.0,-0.0,0.0,1
2012-07-27 15:30:00+00:00,0.03390495,0.145478871324875,0.03525351938625,0.144,0.151,5.603684210526314,5.6036842,1.0526314042635931e-08,0.0,0.0,0.007000000000000006,0.0,0.000509176049637063,1
2012-07-27 16:00:00+00:00,0.03396645,0.145549212103625,0.035317465548749996,0.056,0.495,5.603684210526314,5.6036842,1.0526314042635931e-08,0.0,0.0,0.439,0.0,0.03194805205674569,1
2012-07-27 16:30:00+00:00,0.0350181,0.14675203942025,0.0364109449275,0.013,1.467,4.838421052631578,4.8384211,0.7652631105263143,0.0,1.454,2.220446049250313e-16,0.0,1.6292749307506016e-17,1
2012-07-27 17:00:00+00:00,0.0331977,0.14466995236925,0.0345181385175,0.006,1.388,4.838421052631578,4.8384211,4.736842207364589e-08,0.0,0.0,1.382,0.0,0.09996693708715175,1
2012-07-27 17:30:00+00:00,0.03408945,0.145689893661125,0.03544535787375,0.0,1.673,4.838421052631578,4.8384211,4.736842207364589e-08,0.0,0.0,1.673,0.0,0.12186959604753107,1
2012-07-27 18:00:00+00:00,0.03893565,0.15123274702662498,0.04048431547875,0.0,0.955,4.335789473684209,4.3357895,0.5026315526315779,0.0,0.955,0.0,-0.0,0.0,1
2012-07-27 18:30:00+00:00,0.0387819,0.15105689507975,0.0403244500725,0.0,0.937,3.8426315789473673,3.8426316,0.4931578736842095,0.0,0.937,0.0,-0.0,0.0,1
2012-07-27 19:00:00+00:00,0.03929235,0.151640723543375,0.04085520322124999,0.0,0.684,3.4826315789473674,3.4826316,0.35999997894736735,0.0,0.684,0.0,-0.0,0.0,1
2012-07-27 19:30:00+00:00,0.03571305,0.147546890220125,0.03713353656375,0.0,0.923,2.996842105263157,2.9968421,0.48578947894736757,0.0,0.923,0.0,-0.0,0.0,1
2012-07-27 20:00:00+00:00,0.0341448,0.145753200362,0.035502909420000006,0.0,0.734,2.996842105263157,2.9968421,5.263157021317966e-09,0.0,0.0,0.734,0.0,0.05349142453285401,1
2012-07-27 20:30:00+00:00,0.0420537,0.15479902450925,0.0437263859175,0.0,0.689,2.6342105263157887,2.6342105,0.36263160526315685,0.0,0.689,0.0,-0.0,0.0,1
2012-07-27 21:00:00+00:00,0.03867735,0.15093731575587502,0.04021574159624999,0.0,0.724,2.2531578947368414,2.2531579,0.3810526263157885,0.0,0.724,0.0,-0.0,0.0,1
2012-07-27 21:30:00+00:00,0.03670935,0.148686410835875,0.03816946439625,0.0,0.846,1.8078947368421046,1.8078947,0.4452631947368413,0.0,0.846,0.0,-0.0,0.0,1
2012-07-27 22:00:00+00:00,0.03388035,0.145450735013375,0.03522794092124999,0.0,0.564,1.8078947368421046,1.8078947,3.684210447829628e-08,0.0,0.0,0.564,0.0,0.041017107273771745,1
2012-07-27 22:30:00+00:00,0.04082985,0.153399243012125,0.04245385728375,0.0,0.583,1.5010526315789465,1.5010526,0.3068421368421046,0.0,0.583,0.0,-0.0,0.0,1
2012-07-27 23:00:00+00:00,0.03603285,0.14791266226962502,0.03746605660874999,0.0,0.584,1.193684210526315,1.1936842,0.30736843157894644,0.0,0.584,0.0,-0.0,0.0,1
2012-07-27 23:30:00+00:00,0.0399504,0.152393369876,0.041539427159999996,0.0,0.368,1.0,1.0,0.19368421052631501,0.0,0.368,0.0,-0.0,0.0,1
2012-07-28 00:00:00+00:00,0.03801315,0.100677635345375,0.03952512304125,0.0,0.235,1.5874999975000001,1.5875,0.5874999999999999,1.2368421,0.0,1.4718421,0.0,0.07409079111488548,1
2012-07-28 00:30:00+00:00,0.03745965,0.10004456833662499,0.03894960757874999,0.0,0.476,2.2999999975,2.3,0.7125000024999997,1.5,0.0,1.976,0.0,0.0988440335165855,1
2012-07-28 01:00:00+00:00,0.0363711,0.09879953655275002,0.0378177605025,0.0,0.519,3.0124999975,3.0125,0.7125000025000001,1.5,0.0,2.019,0.0,0.09973813215000116,1
2012-07-28 01:30:00+00:00,0.0353379,0.09761781146975,0.036743464972499994,0.0,0.07,3.7249999975,3.725,0.7125000025000001,1.5,0.0,1.57,0.0,0.07662998200375376,1
2012-07-28 02:00:00+00:00,0.03336375,0.09535987247187501,0.03469079315625,0.0,0.056,4.4374999975,4.4375,0.7125000025000001,1.5,0.0,1.556,0.0,0.07418998078311875,1
2012-07-28 02:30:00+00:00,0.03380655,0.095866326078875,0.03515120552624999,0.0,0.102,5.1499999975,5.15,0.7125000025000006,1.5,0.0,1.602,0.0,0.07678892718917889,1
2012-07-28 03:00:00+00:00,0.0342186,0.09633760929650001,0.035579644815000006,0.0,0.049,5.8624999975000005,5.8625,0.7125000024999997,1.5,0.0,1.549,0.0,0.07461347840013925,1
2012-07-28 03:30:00+00:00,0.03411405,0.096218029972625,0.035470936338749995,0.0,0.065,6.574999997500001,6.575,0.7125000024999997,1.5,0.0,1.565,0.0,0.07529060845357906,1
2012-07-28 04:00:00+00:00,0.0326934,0.0945931579835,0.03399377998499999,0.0,0.066,7.287499997500001,7.2875,0.7125000024999988,1.5,0.0,1.566,0.0,0.07406644270108051,1
2012-07-28 04:30:00+00:00,0.03085455,0.092489968698875,0.03208178972625,0.0,0.048,7.999999997500002,8.0,0.7125000024999988,1.5,0.0,1.548,0.0,0.07158723577292926,1
2012-07-28 05:00:00+00:00,0.0314634,0.32308634240850004,0.032714856735000006,0.0,0.057,7.969999997500001,7.97,0.029999997500001818,0.0,0.057,0.0,-0.0,0.0,1
2012-07-28 05:30:00+00:00,0.03207225,0.32378271611812504,0.033347923743749994,0.0,0.111,7.911578944868422,7.9115789,0.05842109750000102,0.0,0.111,0.0,-0.0,0.0,1
2012-07-28 06:00:00+00:00,0.03209685,0.32381085242962504,0.033373502208749996,0.0,0.051,7.884736839605265,7.8847368,0.026842144868422402,0.0,0.051,0.0,-0.0,0.0,1
2012-07-28 06:30:00+00:00,0.03385575,0.325822598701875,0.03520236245624999,0.0,0.064,7.851052629078949,7.8510526,0.033684239605264565,0.0,0.064,0.0,-0.0,0.0,1
2012-07-28 07:00:00+00:00,0.0340341,0.32602658696025005,0.0353878063275,0.0,0.06,7.819473681710528,7.8194737,0.031578929078949436,0.0,0.06,0.0,-0.0,0.0,1
2012-07-28 07:30:00+00:00,0.0335544,0.325477928886,0.03488902625999999,0.006,1.687,7.029999997500002,7.03,0.7894736817105281,0.0,1.5,0.18100000000000005,0.0,0.02945575256418301,1
2012-07-28 08:00:00+00:00,0.0350919,0.32723644835475,0.0364876803225,0.013,1.675,6.240526313289475,6.2405263,0.7894736975000018,0.0,1.5,0.16200000000000014,0.0,0.026506152316734775,1
2012-07-28 08:30:00+00:00,0.0360759,0.32836190081475,0.037510818922499994,0.013,1.297,5.564736839605264,5.5647368,0.6757895132894749,0.0,1.284,0.0,-0.0,0.0,1
2012-07-28 09:00:00+00:00,0.03802545,0.33059170350112504,0.03953791227375,0.025,0.383,5.376315786973685,5.3763158,0.1884210396052639,0.0,0.358,0.0,-0.0,0.0,1
2012-07-28 09:30:00+00:00,0.03870195,0.331365452067375,0.040241320061249995,0.019,0.131,5.317368418552633,5.3173684,0.058947386973684957,0.0,0.112,0.0,-0.0,0.0,1
2012-07-28 10:00:00+00:00,0.03634035,0.328664366163375,0.03778578742125,0.006,0.214,5.207894734342107,5.2078947,0.10947371855263288,0.0,0.208,0.0,-0.0,0.0,1
2012-07-28 10:30:00+00:00,0.03688155,0.32928336501637506,0.03834851365125,0.038,0.11,5.1699999975000015,5.17,0.03789473434210677,0.0,0.072,1.3877787807814457e-17,0.0,2.2848623341701836e-18,1
2012-07-28 11:00:00+00:00,0.0352641,0.14703340253525,0.036666729577499994,0.075,0.086,5.1699999975000015,5.17,2.499998430494088e-09,0.0,0.0,0.010999999999999996,0.0,0.0008086837139438747,1
2012-07-28 11:30:00+00:00,0.034563,0.1462315176575,0.035937743325,0.338,0.179,5.245524997500001,5.245525,0.07552500249999827,0.159,0.0,0.0,5.551115123125783e-17,-9.974727523121008e-19,1
2012-07-28 12:00:00+00:00,0.0342309,0.14585167745225,0.0355924340475,0.231,0.223,5.249324997500001,5.249325,0.003800002499998456,0.008,0.0,0.0,-0.0,0.0,1
2012-07-28 12:30:00+00:00,0.03373275,0.145281917144375,0.03507447013125,0.156,0.101,5.275449997500002,5.27545,0.02612500249999883,0.055,0.0,0.0,-0.0,0.0,1
2012-07-28 13:00:00+00:00,0.03217065,0.143495261364125,0.033450237603749995,0.15,0.277,5.275449997500002,5.27545,2.499998430494088e-09,0.0,0.0,0.12700000000000003,0.0,0.009111949096621939,1
2012-07-28 13:30:00+00:00,0.0320907,0.14340381835175,0.0333671075925,0.106,0.226,5.275449997500002,5.27545,2.499998430494088e-09,0.0,0.0,0.12000000000000001,0.0,0.008604229101105,1
2012-07-28 14:00:00+00:00,0.03169095,0.142946603289875,0.03295145753625,0.144,0.205,5.275449997500002,5.27545,2.499998430494088e-09,0.0,0.0,0.061,0.0,0.004359871400341187,1
2012-07-28 14:30:00+00:00,0.03110055,0.142271331813875,0.03233757437625,0.313,0.241,5.309649997500002,5.30965,0.03420000249999866,0.072,0.0,0.0,-0.0,0.0,1
2012-07-28 15:00:00+00:00,0.03204765,0.14335457980662497,0.03332234527874999,0.269,0.219,5.333399997500002,5.3334,0.023750002499998146,0.05,0.0,0.0,-0.0,0.0,1
2012-07-28 15:30:00+00:00,0.0327795,0.14419163507375,0.0340833046125,0.125,0.174,5.333399997500002,5.3334,2.499998430494088e-09,0.0,0.0,0.04899999999999999,0.0,0.003532695059306874,1
2012-07-28 16:00:00+00:00,0.0335667,0.14509199704175,0.034901815492499995,0.044,0.357,5.333399997500002,5.3334,2.499998430494088e-09,0.0,0.0,0.313,0.0,0.022706897537033872,1
2012-07-28 16:30:00+00:00,0.03417555,0.145788370751375,0.03553488250125,0.019,0.899,5.333399997500002,5.3334,2.499998430494088e-09,0.0,0.0,0.88,0.0,0.064146883130605,1
2012-07-28 17:00:00+00:00,0.0352149,0.14697712991225,0.0366155726475,0.006,0.81,5.333399997500002,5.3334,2.499998430494088e-09,0.0,0.0,0.804,0.0,0.059084806224724506,1
2012-07-28 17:30:00+00:00,0.0359283,0.14779308294575,0.0373573481325,0.0,0.835,4.928947365921054,4.9289474,0.4044525975000015,0.0,0.76846,0.06653999999999993,0.0,0.004917075869605097,1
2012-07-28 18:00:00+00:00,0.04289625,0.155762693178125,0.04460244834374999,0.0,1.01,4.397368418552634,4.3973684,0.5315789659210539,0.0,1.01,0.0,-0.0,0.0,1
2012-07-28 18:30:00+00:00,0.04833285,0.161980818019625,0.05025528910874999,0.0,0.974,3.884736839605265,3.8847368,0.5126316185526334,0.0,0.974,0.0,-0.0,0.0,1
2012-07-28 19:00:00+00:00,0.04327755,0.156198806006375,0.04499891455125,0.0,1.003,3.35684210276316,3.3568421,0.5278947396052649,0.0,1.003,0.0,-0.0,0.0,1
2012-07-28 19:30:00+00:00,0.03909555,0.15141563305137498,0.04065057550125,0.0,0.981,2.840526313289476,2.8405263,0.51631580276316,0.0,0.981,0.0,-0.0,0.0,1
2012-07-28 20:00:00+00:00,0.038745,0.1510146906125,0.040286082375,0.0,0.814,2.412105260657897,2.4121053,0.4284210132894759,0.0,0.814,0.0,-0.0,0.0,1
2012-07-28 20:30:00+00:00,0.04130955,0.15394790108637502,0.042952637351249996,0.0,0.787,1.9978947343421074,1.9978947,0.41421056065789696,0.0,0.787,0.0,-0.0,0.0,1
2012-07-28 21:00:00+00:00,0.0401964,0.15267473299099998,0.041795211809999996,0.0,0.873,1.5384210501315811,1.5384211,0.4594736343421073,0.0,0.873,0.0,-0.0,0.0,1
2012-07-28 21:30:00+00:00,0.03635265,0.14827843431912502,0.03779857665375,0.0,0.812,1.1110526290789495,1.1110526,0.4273684501315811,0.0,0.812,0.0,-0.0,0.0,1
2012-07-28 22:00:00+00:00,0.03533175,0.147110777391875,0.03673707035625,0.0,0.137,1.1110526290789495,1.1110526,2.9078949470573434e-08,0.0,0.0,0.137,0.0,0.010077088251343439,1
2012-07-28 22:30:00+00:00,0.03881265,0.15109206546912501,0.040356423153749994,0.0,0.049,1.085263155394739,1.0852632,0.025789429078949544,0.0,0.049,0.0,-0.0,0.0,1
2012-07-28 23:00:00+00:00,0.0366786,0.14865124044650002,0.038137491315,0.0,0.067,1.049999997500002,1.05,0.0352631553947389,0.0,0.067,0.0,-0.0,0.0,1
2012-07-28 23:30:00+00:00,0.0375396,0.14963601134899998,0.03903273759,0.0,0.095,1.000000000131581,1.0,0.04999999750000206,0.0,0.094999995,4.999999997368221e-09,0.0,3.740900281755955e-10,1
2012-07-29 00:00:00+00:00,0.03634035,0.09876436616337503,0.03778578742125,0.0,0.048,1.5874999976315811,1.5875,0.5874999998684189,1.2368421,0.0,1.2848421,0.0,0.06344830781325986,1
2012-07-29 00:30:00+00:00,0.03504885,0.09728720980962502,0.03644291800875,0.0,0.048,2.299999997631581,2.3,0.7125000023684187,1.5,0.0,1.548,0.0,0.07530030039264976,1
2012-07-29 01:00:00+00:00,0.0351411,0.09739272097775001,0.036538837252500005,0.0,0.066,3.012499997631581,3.0125,0.7125000023684191,1.5,0.0,1.566,0.0,0.07625850052557825,1
2012-07-29 01:30:00+00:00,0.03469215,0.096879233292875,0.03607203026624999,0.0,0.062,3.724999997631581,3.725,0.7125000023684191,1.5,0.0,1.562,0.0,0.07566268120173537,1
2012-07-29 02:00:00+00:00,0.03370815,0.095753780832875,0.03504889166625,0.0,0.076,4.437499997631581,4.4375,0.7125000023684191,1.5,0.0,1.576,0.0,0.0754539792963055,1
2012-07-29 02:30:00+00:00,0.0342432,0.09636574560800001,0.035605223279999994,0.0,0.063,5.14999999763158,5.15,0.7125000023684196,1.5,0.0,1.563,0.0,0.07530983019265201,1
2012-07-29 03:00:00+00:00,0.033825,0.0958874283125,0.035170389375,0.0,0.065,5.862499997631581,5.8625,0.7125000023684196,1.5,0.0,1.565,0.0,0.07503191265453124,1
2012-07-29 03:30:00+00:00,0.0324597,0.09432586302425003,0.033750784567500004,0.0,0.051,6.574999997631581,6.575,0.7125000023684196,1.5,0.0,1.551,0.0,0.0731497067753059,1
2012-07-29 04:00:00+00:00,0.03161715,0.093362194355375,0.03287472214124999,0.0,0.054,7.287499997631581,7.2875,0.7125000023684187,1.5,0.0,1.554,0.0,0.07254242501412637,1
2012-07-29 04:30:00+00:00,0.0321399,0.09396009097475001,0.0334182645225,0.0,0.082,7.999999997631582,8.0,0.7125000023684187,1.5,0.0,1.582,0.0,0.07432243196102727,1
2012-07-29 05:00:00+00:00,0.03321615,0.3250910546028751,0.03453732236625,0.0,0.069,7.963684208157898,7.9636842,0.036315797631581326,0.0,0.069,0.0,-0.0,0.0,1
2012-07-29 05:30:00+00:00,0.0314142,0.32303006978550003,0.032663699805,0.0,0.047,7.938947366052635,7.9389474,0.024736808157897805,0.0,0.047,0.0,-0.0,0.0,1
2012-07-29 06:00:00+00:00,0.03121125,0.32279794521562505,0.032452677468749996,0.0,0.047,7.914210523947372,7.9142105,0.02473686605263481,0.0,0.047,0.0,-0.0,0.0,1
2012-07-29 06:30:00+00:00,0.0321153,0.32383195466325004,0.033392686057499996,0.0,0.047,7.88947368184211,7.8894737,0.02473682394737242,0.0,0.047,0.0,-0.0,0.0,1
2012-07-29 07:00:00+00:00,0.03311775,0.324978509356875,0.034435008506249996,0.0,0.101,7.836315787105267,7.8363158,0.053157881842109234,0.0,0.101,0.0,-0.0,0.0,1
2012-07-29 07:30:00+00:00,0.03274875,0.32455646468437505,0.03405133153125,0.006,0.522,7.564736839736846,7.5647368,0.27157898710526673,0.0,0.516,0.0,-0.0,0.0,1
2012-07-29 08:00:00+00:00,0.0345138,0.32657524503450003,0.035886586394999996,0.006,1.677,6.77526315552632,6.7752632,0.7894736397368458,0.0,1.5,0.17100000000000004,0.0,0.02792218345044976,1
2012-07-29 08:30:00+00:00,0.0341694,0.3261813366735001,0.035528487885,0.019,1.486,6.003157892368424,6.0031579,0.7721052555263199,0.0,1.467,0.0,-0.0,0.0,1
2012-07-29 09:00:00+00:00,0.03605745,0.328340798581125,0.037491635073749995,0.025,1.474,5.240526313421056,5.2405263,0.7626315923684244,0.0,1.449,0.0,-0.0,0.0,1
2012-07-29 09:30:00+00:00,0.03813615,0.330718316902875,0.03965301536625,0.019,0.603,4.933157892368425,4.9331579,0.3073684134210559,0.0,0.584,0.0,-0.0,0.0,1
2012-07-29 10:00:00+00:00,0.0379332,0.33048619233300003,0.03944199303,0.031,0.344,4.768421050263162,4.7684211,0.16473679236842464,0.0,0.313,0.0,5.551115123125783e-17,-1.0947352199752735e-18,1
2012-07-29 10:30:00+00:00,0.03769335,0.33021186329587504,0.03919260299625,0.038,0.151,4.7089473660526355,4.7089474,0.05947365026316209,0.0,0.113,0.0,1.3877787807814457e-17,-2.719533140089353e-19,1
2012-07-29 11:00:00+00:00,0.03813615,0.150318316902875,0.03965301536625,0.094,0.111,4.7089473660526355,4.7089474,3.3947364030950666e-08,0.0,0.0,0.017,0.0,0.0012777056936744376,1
2012-07-29 11:30:00+00:00,0.0374535,0.14953753425875002,0.0389432129625,0.388,0.078,4.856197366052635,4.8561974,0.14725003394736458,0.31,0.0,0.0,-0.0,0.0,1
2012-07-29 12:00:00+00:00,0.0359898,0.1478634237245,0.037421294295000004,0.3,0.174,4.916047366052635,4.9160474,0.05985003394736488,0.126,0.0,0.0,-0.0,0.0,1
2012-07-29 12:30:00+00:00,0.0350796,0.146822380199,0.03647489109,0.219,0.258,4.916047366052635,4.9160474,3.3947364919129086e-08,0.0,0.0,0.03900000000000001,0.0,0.002863036413880501,1
2012-07-29 13:00:00+00:00,0.0352518,0.14701933437950002,0.036653940345,0.244,0.22,4.927447366052635,4.9274474,0.011400033947364996,0.024,0.0,0.0,-0.0,0.0,1
2012-07-29 13:30:00+00:00,0.03449535,0.146154142800875,0.03586740254625,0.113,0.277,4.927447366052635,4.9274474,3.3947364919129086e-08,0.0,0.0,0.16400000000000003,0.0,0.011984639709671752,1
2012-07-29 14:00:00+00:00,0.0344769,0.14613304056725002,0.035848218697499996,0.106,0.248,5.450781561052636,5.4507816,0.5233342339473648,1.1017562,0.0,1.2437562,0.0,0.09087693761518437,1
2012-07-29 14:30:00+00:00,0.03444,0.14609083609999998,0.035809851,0.163,0.276,6.163281561052635,6.1632816,0.7125000389473648,1.5,0.0,1.613,0.0,0.11782225931464999,1
2012-07-29 15:00:00+00:00,0.03445845,0.146111938333625,0.035829034848750003,0.156,0.219,6.875781561052635,6.8757816,0.7125000389473648,1.5,0.0,1.5630000000000002,0.0,0.11418647980772796,1
2012-07-29 15:30:00+00:00,0.0346737,0.14635813105925,0.0360528464175,0.169,0.163,7.588281561052636,7.5882816,0.7125000389473648,1.5,0.0,1.494,0.0,0.10932952390125975,1
2012-07-29 16:00:00+00:00,0.03685695,0.148855228704875,0.03832293518625,0.069,0.146,7.588281561052636,7.5882816,3.894736444465252e-08,0.0,0.0,0.07699999999999999,0.0,0.005730926305137687,1
2012-07-29 16:30:00+00:00,0.04052235,0.153047539118375,0.04213412647125,0.019,0.171,7.588281561052636,7.5882816,3.894736444465252e-08,0.0,0.0,0.15200000000000002,0.0,0.0116316129729965,1
2012-07-29 17:00:00+00:00,0.0446736,0.157795541684,0.04645049244,0.006,1.526,7.588281561052636,7.5882816,3.894736444465252e-08,0.0,0.0,1.52,0.0,0.11992461167984,1
2012-07-29 17:30:00+00:00,0.04028865,0.152780244159125,0.041891131053749996,0.0,1.978,7.588281561052636,7.5882816,3.894736444465252e-08,0.0,0.0,1.978,0.0,0.1510996614733746,1
2012-07-29 18:00:00+00:00,0.06819735,0.18470088955587502,0.07090989959625,0.0,1.547,6.798807876842109,6.7988079,0.7894736610526358,0.0,1.5,0.04699999999999993,0.0,0.004340470904563056,1
2012-07-29 18:30:00+00:00,0.0773916,0.195216835979,0.08046985088999999,0.0,1.197,6.168807876842109,6.1688079,0.6299999768421092,0.0,1.197,0.0,-0.0,0.0,1
2012-07-29 19:00:00+00:00,0.07482705,0.192283625505125,0.07780329591375,0.0,0.671,5.815649982105267,5.81565,0.35315787684210953,0.0,0.671,0.0,-0.0,0.0,1
2012-07-29 19:30:00+00:00,0.06155535,0.177104085450875,0.06400371404625,0.0,0.569,5.516176297894741,5.5161763,0.29947368210526726,0.0,0.569,0.0,-0.0,0.0,1
2012-07-29 20:00:00+00:00,0.05044845,0.164400540808625,0.05245503709875,0.0,0.545,5.229334192631582,5.2293342,0.28684209789474036,0.0,0.545,0.0,-0.0,0.0,1
2012-07-29 20:30:00+00:00,0.05602035,0.170773415363375,0.05824855942124999,0.0,0.579,4.924597350526319,4.9245974,0.3047367926315827,0.0,0.579,0.0,-0.0,0.0,1
2012-07-29 21:00:00+00:00,0.04338825,0.15632541940812503,0.045114017643750004,0.0,0.556,4.631965771578951,4.6319658,0.29263155052631973,0.0,0.556,0.0,-0.0,0.0,1
2012-07-29 21:30:00+00:00,0.0393231,0.15167589393275002,0.0408871763025,0.0,0.55,4.3424920873684245,4.3424921,0.28947367157895076,0.0,0.55,0.0,-0.0,0.0,1
2012-07-29 22:00:00+00:00,0.03642645,0.148362843253625,0.03787531204875,0.0,0.54,4.058281561052635,4.0582816,0.2842104873684246,0.0,0.54,0.0,-0.0,0.0,1
2012-07-29 22:30:00+00:00,0.03573765,0.14757502653162502,0.037159115028749995,0.0,0.238,3.933018403157898,3.9330184,0.1252631610526347,0.0,0.238,0.0,-0.0,0.0,1
2012-07-29 23:00:00+00:00,0.0353625,0.14714594778125,0.036769043437499996,0.0,0.12,3.8698605084210556,3.8698605,0.06315790315789771,0.0,0.12,0.0,-0.0,0.0,1
2012-07-29 23:30:00+00:00,0.0356577,0.14748358351925,0.0370759850175,0.0,0.111,3.8114394557894764,3.8114395,0.058421008421055465,0.0,0.111,0.0,-0.0,0.0,1
2012-07-30 00:00:00+00:00,0.0341817,0.09629540482925002,0.035541277117500006,0.0,0.125,3.8114394557894764,3.8114395,0.05842104421052374,0.0,0.0,0.125,0.0,0.006018462801828126,1
