Timestamp,Price_SMP,Buy_Rate_USD_kWh,Sell_Rate_USD_kWh,Solar_Gen,Consumption,SoC_kWh,SoC_Planned,SoC_Deviation,Charge_kW,Discharge_kW,Buy_kW,Sell_kW,Step_Cost_USD,Reoptimized
2012-06-30 00:30:00+00:00,0.019557,0.0795683676425,0.020334879675,0.0,0.039,4.979473684210526,4.9794737,0.0,0.0,0.039,0.0,-0.0,0.0,1
2012-06-30 01:00:00+00:00,0.0191019,0.07904784587975,0.0198616780725,0.0,0.018,4.97,4.97,0.0094736842105263,0.0,0.018,0.0,-0.0,0.0,1
2012-06-30 01:30:00+00:00,0.0182901,0.07811934760025001,0.0190175887275,0.0,0.036,4.951052631578947,4.9510526,0.01894740000000006,0.0,0.036,0.0,-0.0,0.0,1
2012-06-30 02:00:00+00:00,0.01545495,0.074876637699875,0.01606967063625,0.0,0.032,4.951052631578947,4.9510526,3.157894745697831e-08,0.0,0.0,0.032,0.0,0.0011980262031980001,1
2012-06-30 02:30:00+00:00,0.0112791,0.07010049882275,0.011727726202499998,0.0,0.018,5.150000002328947,5.15,0.1989473684210532,0.41883657,0.0,0.43683657000000004,0.0,0.015311230730509577,1
2012-06-30 03:00:00+00:00,0.0105534,0.0692704776335,0.010973161484999997,0.0,0.035,5.862500002328947,5.8625,0.7124999976710527,1.5,0.0,1.535,0.0,0.053165091583711244,1
2012-06-30 03:30:00+00:00,0.01114995,0.069952783187375,0.01159343926125,0.0,0.033,6.575000002328947,6.575,0.7124999976710535,1.5,0.0,1.533,0.0,0.053618808313122934,1
2012-06-30 04:00:00+00:00,0.01064565,0.06937598880162502,0.011069080728749998,0.0,0.045,7.287500002328947,7.2875,0.7124999976710527,1.5,0.0,1.545,0.0,0.05359295134925532,1
2012-06-30 04:30:00+00:00,0.0095325,0.06810282070625,0.009911655187499998,0.0,0.033,8.0,8.0,0.7124999976710527,1.5,0.0,1.533,0.0,0.05220081207134062,1
2012-06-30 05:00:00+00:00,0.0081918,0.29646939172950004,0.008517628845,0.0,0.05,7.973684210526316,7.9736842,0.02631579999999989,0.0,0.05,0.0,-0.0,0.0,1
2012-06-30 05:30:00+00:00,0.0119925,0.30081645185625006,0.012469501687499999,0.0,0.026,7.96,7.96,0.013684210526315965,0.0,0.026,0.0,-0.0,0.0,1
2012-06-30 06:00:00+00:00,0.01367145,0.3027367551161251,0.01421523192375,0.0,0.026,7.946315789473684,7.9463158,0.013684200000000146,0.0,0.026,0.0,-0.0,0.0,1
2012-06-30 06:30:00+00:00,0.01389285,0.302989981919625,0.01444543810875,0.0,0.055,7.917368421052632,7.9173684,0.028947389473684026,0.0,0.055,0.0,-0.0,0.0,1
2012-06-30 07:00:00+00:00,0.0148953,0.30413653661325,0.015487760557499999,0.0,1.493,7.131578947368421,7.1315789,0.7857895210526316,0.0,1.493,0.0,-0.0,0.0,1
2012-06-30 07:30:00+00:00,0.0171954,0.30676728173850004,0.017879347034999996,0.0,1.924,6.342105263157895,6.3421053,0.7894736473684212,0.0,1.5,0.42399999999999993,0.0,0.065034663728562,1
2012-06-30 08:00:00+00:00,0.018204,0.30792087051,0.0189280641,0.0,2.129,5.552631578947368,5.5526316,0.7894736631578949,0.0,1.5,0.629,0.0,0.096841113775395,1
2012-06-30 08:30:00+00:00,0.0197415,0.30967938997875005,0.0205267181625,0.006,2.093,4.763157894736842,4.7631579,0.7894736789473678,0.0,1.5,0.5870000000000002,0.0,0.09089090095876316,1
2012-06-30 09:00:00+00:00,0.0208485,0.31094552399625003,0.021677749087499996,0.019,1.025,4.233684210526315,4.2336842,0.5294736947368417,0.0,1.006,0.0,-0.0,0.0,1
2012-06-30 09:30:00+00:00,0.0212544,0.31140977313600005,0.022099793759999996,0.05,0.459,4.018421052631578,4.0184211,0.21526311052631453,0.0,0.409,5.551115123125783e-17,0.0,8.643357505722095e-18,1
2012-06-30 10:00:00+00:00,0.0207747,0.31086111506175,0.021601013692499997,0.094,0.147,3.990526315789473,3.9905263,0.027894752631578257,0.0,0.053,0.0,6.938893903907228e-18,-7.49435711145524e-20,1
2012-06-30 10:30:00+00:00,0.0196431,0.30956684473275003,0.0204244043025,0.131,0.051,4.028526315789473,4.0285263,0.037999984210527415,0.08,0.0,0.0,-0.0,0.0,1
2012-06-30 11:00:00+00:00,0.0194463,0.12894175424075,0.020219776582499998,0.175,0.019,4.102626315789473,4.1026263,0.07409998421052677,0.156,0.0,0.0,-0.0,0.0,1
2012-06-30 11:30:00+00:00,0.02021505,0.129821013975125,0.02101910361375,0.2,0.036,4.180526315789472,4.1805263,0.07789998421052768,0.164,0.0,0.0,-0.0,0.0,1
2012-06-30 12:00:00+00:00,0.0196677,0.12919498104425,0.0204499827675,0.225,0.033,4.271726315789472,4.2717263,0.09119998421052777,0.192,0.0,0.0,-0.0,0.0,1
2012-06-30 12:30:00+00:00,0.0190404,0.12847750510099998,0.019797731909999998,0.244,0.063,4.357701315789472,4.3577013,0.0859749842105284,0.181,0.0,0.0,-0.0,0.0,1
2012-06-30 13:00:00+00:00,0.0184746,0.12783036993650002,0.019209427214999998,0.256,0.169,4.399026315789472,4.3990263,0.04132498421052766,0.087,0.0,0.0,-0.0,0.0,1
2012-06-30 13:30:00+00:00,0.01866525,0.128048426350625,0.01940766031875,0.138,0.193,4.399026315789472,4.3990263,1.5789471952132317e-08,0.0,0.0,0.05499999999999999,0.0,0.003521331724642187,1
2012-06-30 14:00:00+00:00,0.0198645,0.12942007153625001,0.0206546104875,0.169,0.542,4.399026315789472,4.3990263,1.5789471952132317e-08,0.0,0.0,0.373,0.0,0.024136843341510627,1
2012-06-30 14:30:00+00:00,0.0195201,0.12902616317525,0.020296511977499997,0.181,0.045,4.463626315789472,4.4636263,0.0645999842105276,0.136,0.0,0.0,-0.0,0.0,1
2012-06-30 15:00:00+00:00,0.0200367,0.12961702571675,0.0208336597425,0.094,0.042,4.488326315789473,4.4883263,0.024699984210527326,0.052,0.0,0.0,-0.0,0.0,1
2012-06-30 15:30:00+00:00,0.0200121,0.12958888940525,0.0208080812775,0.056,0.548,4.488326315789473,4.4883263,1.5789472840310737e-08,0.0,0.0,0.49200000000000005,0.0,0.03187886679369151,1
2012-06-30 16:00:00+00:00,0.0202212,0.129828048053,0.021025498230000002,0.081,0.386,4.488326315789473,4.4883263,1.5789472840310737e-08,0.0,0.0,0.305,0.0,0.0197987773280825,1
2012-06-30 16:30:00+00:00,0.02293335,0.13293007639587498,0.02384552399625,0.05,0.373,4.462631578947367,4.4626316,0.02569471578947269,0.0,0.04882,0.27418,0.0,0.0182233841731105,1
2012-06-30 17:00:00+00:00,0.02726295,0.137882067219875,0.02834733383625,0.0,0.312,4.298421052631578,4.2984211,0.16421047894736773,0.0,0.312,0.0,-0.0,0.0,1
2012-06-30 17:30:00+00:00,0.02936625,0.140287721853125,0.030534292593749998,0.0,0.928,3.8099999999999987,3.81,0.48842105263157753,0.0,0.928,0.0,-0.0,0.0,1
2012-06-30 18:00:00+00:00,0.0328164,0.144233839541,0.03412167231,0.0,0.684,3.449999999999999,3.45,0.35999999999999854,0.0,0.684,0.0,-0.0,0.0,1
2012-06-30 18:30:00+00:00,0.0324105,0.14376959040124998,0.0336996276375,0.0,0.453,3.21157894736842,3.2115789,0.23842109999999872,0.0,0.453,0.0,-0.0,0.0,1
2012-06-30 19:00:00+00:00,0.0291879,0.14008373359475002,0.030348848722499995,0.0,0.456,2.9715789473684198,2.9715789,0.24000004736842007,0.0,0.456,0.0,-0.0,0.0,1
2012-06-30 19:30:00+00:00,0.0254979,0.13586328686975,0.0265120789725,0.0,0.589,2.6615789473684197,2.6615789,0.3100000473684199,0.0,0.589,0.0,-0.0,0.0,1
2012-06-30 20:00:00+00:00,0.0254241,0.13577887793525,0.0264353435775,0.0,0.449,2.4252631578947357,2.4252632,0.23631574736841987,0.0,0.449,0.0,-0.0,0.0,1
2012-06-30 20:30:00+00:00,0.0259284,0.136355672321,0.02695970211,0.0,0.492,2.166315789473683,2.1663158,0.25894735789473566,0.0,0.492,0.0,-0.0,0.0,1
2012-06-30 21:00:00+00:00,0.0259284,0.136355672321,0.02695970211,0.0,1.88,1.3768421052631565,1.3768421,0.7894736894736829,0.0,1.5,0.3799999999999999,0.0,0.02590757774098999,1
2012-06-30 21:30:00+00:00,0.02373285,0.133844506519625,0.02467682410875,0.0,0.43,1.1505263157894723,1.1505263,0.22631580526315664,0.0,0.43,0.0,-0.0,0.0,1
2012-06-30 22:00:00+00:00,0.0270354,0.13762180633850002,0.028110733035,0.0,0.194,1.0484210526315776,1.0484211,0.10210521578947218,0.0,0.194,0.0,-0.0,0.0,1
2012-06-30 22:30:00+00:00,0.0303318,0.1413920720795,0.031538247345,0.0,0.022,1.0368421052631565,1.0368421,0.011578952631577488,0.0,0.022,0.0,-0.0,0.0,1
2012-06-30 23:00:00+00:00,0.02718915,0.137797658285375,0.028270598441249996,0.0,0.026,1.0231578947368407,1.0231579,0.013684205263156501,0.0,0.026,0.0,-0.0,0.0,1
2012-06-30 23:30:00+00:00,0.02936625,0.140287721853125,0.030534292593749998,0.0,0.044,1.0,1.0,0.023157894736840712,0.0,0.044,0.0,-0.0,0.0,1
2012-07-01 00:00:00+00:00,0.03199845,0.093798307183625,0.03327118834875,0.0,0.018,1.7125,1.7125,0.7124999999999999,1.5,0.0,1.518,0.0,0.07119291515237137,1
2012-07-01 00:30:00+00:00,0.0350796,0.09732238019900001,0.03647489109,0.0,0.04,2.2999999975,2.3,0.5874999999999999,1.2368421,0.0,1.2768421,0.0,0.0621326561551448,1
2012-07-01 01:00:00+00:00,0.03301935,0.09496596411087499,0.034332694646249995,0.0,0.029,3.0124999975,3.0125,0.7125000025000001,1.5,0.0,1.529,0.0,0.07260147956276393,1
2012-07-01 01:30:00+00:00,0.0319431,0.09373500048275,0.0332136368025,0.0,0.019,3.7249999975,3.725,0.7125000025000001,1.5,0.0,1.519,0.0,0.07119173286664862,1
2012-07-01 02:00:00+00:00,0.03205995,0.093868647962375,0.03333513451124999,0.0,0.087,4.4374999975,4.4375,0.7125000025000001,1.5,0.0,1.587,0.0,0.07448477215814456,1
2012-07-01 02:30:00+00:00,0.0291756,0.09056966543900001,0.030336059489999997,0.0,0.02,5.1499999975,5.15,0.7125000025000006,1.5,0.0,1.52,0.0,0.06883294573364,1
2012-07-01 03:00:00+00:00,0.02827155,0.089535655991375,0.029396050901249995,0.0,0.018,5.8624999975000005,5.8625,0.7125000024999997,1.5,0.0,1.518,0.0,0.06795756289745362,1
2012-07-01 03:30:00+00:00,0.02577465,0.086679820374125,0.026799836703749996,0.0,0.048,6.574999997500001,6.575,0.7125000024999997,1.5,0.0,1.548,0.0,0.06709018096957275,1
2012-07-01 04:00:00+00:00,0.0211683,0.08141129604575001,0.0220102691325,0.0,0.018,7.287499997500001,7.2875,0.7125000024999988,1.5,0.0,1.518,0.0,0.06179117369872426,1
2012-07-01 04:30:00+00:00,0.02878815,0.090126518532875,0.029933198666249994,0.0,0.018,7.999999997500002,8.0,0.7125000024999988,1.5,0.0,1.518,0.0,0.06840602756645213,1
2012-07-01 05:00:00+00:00,0.03078075,0.322305559764375,0.03200505433125,0.0,0.042,7.977894734342107,7.9778947,0.022105297500001342,0.0,0.042,0.0,-0.0,0.0,1
2012-07-01 05:30:00+00:00,0.03236745,0.32412035185612503,0.03365486532375,0.0,0.024,7.965263155394739,7.9652632,0.012631534342107287,0.0,0.024,0.0,-0.0,0.0,1
2012-07-01 06:00:00+00:00,0.03164175,0.323290330666875,0.03290030060625,0.0,0.046,7.94105262907895,7.9410526,0.024210555394739153,0.0,0.046,0.0,-0.0,0.0,1
2012-07-01 06:30:00+00:00,0.0311559,0.32273463851475004,0.0323951259225,0.0,0.826,7.506315786973687,7.5063158,0.4347368290789495,0.0,0.826,0.0,-0.0,0.0,1
2012-07-01 07:00:00+00:00,0.03225675,0.323993738454375,0.03353976223125,0.0,1.075,6.940526313289476,6.9405263,0.5657894869736868,0.0,1.075,0.0,-0.0,0.0,1
2012-07-01 07:30:00+00:00,0.0322875,0.3240289088437501,0.033571735312499996,0.0,2.011,6.15105262907895,6.1510526,0.7894737132894765,0.0,1.5,0.5110000000000001,0.0,0.08278938620957817,1
2012-07-01 08:00:00+00:00,0.0338496,0.325815564624,0.03519596784,0.006,2.155,5.361578944868423,5.3615789,0.7894737290789502,0.0,1.5,0.649,0.0,0.10572715072048801,1
2012-07-01 08:30:00+00:00,0.033948,0.32592810987000004,0.035298281699999996,0.013,2.708,4.572105260657897,4.5721053,0.7894736448684236,0.0,1.5,1.1950000000000003,0.0,0.19474204564732506,1
2012-07-01 09:00:00+00:00,0.03614355,0.328439275671375,0.03758115970125,0.038,2.524,3.78263157644737,3.7826316,0.7894736606578965,0.0,1.5,0.9860000000000002,0.0,0.1619205629059879,1
2012-07-01 09:30:00+00:00,0.03720135,0.329649137065875,0.03868103369625,0.05,1.371,3.087368418552633,3.0873684,0.6952631764473702,0.0,1.321,0.0,-0.0,0.0,1
2012-07-01 10:00:00+00:00,0.037146,0.32958583036500005,0.03862348214999999,0.081,0.642,2.7921052606578964,2.7921053,0.2952631185526333,0.0,0.561,0.0,-0.0,0.0,1
2012-07-01 10:30:00+00:00,0.0373059,0.32976871638975,0.0387897421725,0.094,0.577,2.5378947343421068,2.5378947,0.2542105606578966,0.0,0.483,0.0,-0.0,0.0,1
2012-07-01 11:00:00+00:00,0.0351903,0.14694899360074998,0.036589994182499995,0.1,0.479,2.5378947343421068,2.5378947,3.434210693598061e-08,0.0,0.0,0.379,0.0,0.02784683428734212,1
2012-07-01 11:30:00+00:00,0.0360759,0.14796190081475,0.037510818922499994,0.125,0.344,2.5378947343421068,2.5378947,3.434210693598061e-08,0.0,0.0,0.21899999999999997,0.0,0.016201828139215124,1
2012-07-01 12:00:00+00:00,0.036285,0.1482010594625,0.037728235874999995,0.163,0.408,2.5378947343421068,2.5378947,3.434210693598061e-08,0.0,0.0,0.24499999999999997,0.0,0.01815462978415625,1
2012-07-01 12:30:00+00:00,0.0356577,0.14748358351925,0.0370759850175,0.156,0.349,2.5378947343421068,2.5378947,3.434210693598061e-08,0.0,0.0,0.19299999999999998,0.0,0.014232165809607624,1
2012-07-01 13:00:00+00:00,0.0360882,0.14797596897049997,0.03752360815499999,0.081,0.684,2.5378947343421068,2.5378947,3.434210693598061e-08,0.0,0.0,0.6030000000000001,0.0,0.04461475464460575,1
2012-07-01 13:30:00+00:00,0.03589755,0.14775791255637502,0.03732537505125,0.15,0.43,2.5378947343421068,2.5378947,3.434210693598061e-08,0.0,0.0,0.28,0.0,0.020686107757892504,1
2012-07-01 14:00:00+00:00,0.0355224,0.147328833806,0.03693530346,0.181,0.403,2.5378947343421068,2.5378947,3.434210693598061e-08,0.0,0.0,0.22200000000000003,0.0,0.016353500552466003,1
2012-07-01 14:30:00+00:00,0.0350427,0.14678017573175,0.0364365233925,0.1,0.39,2.5378947343421068,2.5378947,3.434210693598061e-08,0.0,0.0,0.29000000000000004,0.0,0.021283125481103754,1
2012-07-01 15:00:00+00:00,0.0361866,0.1480885142165,0.03762592201499999,0.181,0.35,2.5378947343421068,2.5378947,3.434210693598061e-08,0.0,0.0,0.16899999999999998,0.0,0.012513479451294248,1
2012-07-01 15:30:00+00:00,0.0343047,0.14593608638674999,0.035669169442499996,0.2,0.382,2.5378947343421068,2.5378947,3.434210693598061e-08,0.0,0.0,0.182,0.0,0.013280183861194249,1
2012-07-01 16:00:00+00:00,0.03511035,0.146857550588375,0.03650686417124999,0.131,0.434,2.5378947343421068,2.5378947,3.434210693598061e-08,0.0,0.0,0.303,0.0,0.02224891891413881,1
2012-07-01 16:30:00+00:00,0.0376134,0.1497204202835,0.039109472985,0.075,0.415,2.5378947343421068,2.5378947,3.434210693598061e-08,0.0,0.0,0.33999999999999997,0.0,0.025452471448194996,1
2012-07-01 17:00:00+00:00,0.04039935,0.152906857560875,0.042006234146249995,0.0,0.574,2.5378947343421068,2.5378947,3.434210693598061e-08,0.0,0.0,0.574,0.0,0.04388426811997112,1
2012-07-01 17:30:00+00:00,0.04091595,0.153497720102375,0.04254338191124999,0.0,0.792,2.516315789605265,2.5163158,0.02157893434210667,0.0,0.040999995,0.7510000050000001,0.0,0.05763839428218612,1
2012-07-01 18:00:00+00:00,0.04894785,0.16268422580712502,0.050894750733749994,0.0,0.701,2.147368421184212,2.1473684,0.36894738960526485,0.0,0.701,0.0,-0.0,0.0,1
2012-07-01 18:30:00+00:00,0.04686915,0.16030670748537498,0.04873337044124999,0.0,0.714,1.7715789475000017,1.7715789,0.37578952118421216,0.0,0.714,0.0,-0.0,0.0,1
2012-07-01 19:00:00+00:00,0.0437142,0.1566982255355,0.045452932305,0.0,0.639,1.4352631580263173,1.4352632,0.3363157475000016,0.0,0.639,0.0,-0.0,0.0,1
2012-07-01 19:30:00+00:00,0.0425457,0.15536175073925,0.04423795521749999,0.0,0.748,1.0415789475000015,1.0415789,0.39368425802631735,0.0,0.748,0.0,-0.0,0.0,1
2012-07-01 20:00:00+00:00,0.04017795,0.152653630757375,0.04177602796124999,0.0,0.889,1.0415789475000015,1.0415789,4.750000148767697e-08,0.0,0.0,0.889,0.0,0.06785453887165319,1
2012-07-01 20:30:00+00:00,0.03956295,0.151950222969875,0.04113656633625,0.0,0.817,1.0415789475000015,1.0415789,4.750000148767697e-08,0.0,0.0,0.817,0.0,0.062071666083193935,1
2012-07-01 21:00:00+00:00,0.0385974,0.1508458727435,0.040132611585,0.0,0.786,1.0415789475000015,1.0415789,4.750000148767697e-08,0.0,0.0,0.786,0.0,0.0592824279881955,1
2012-07-01 21:30:00+00:00,0.03905865,0.151373428584125,0.04061220780375,0.0,0.682,1.0415789475000015,1.0415789,4.750000148767697e-08,0.0,0.0,0.682,0.0,0.05161833914718663,1
2012-07-01 22:00:00+00:00,0.0388311,0.15111316770275,0.040375607002499994,0.0,1.292,1.0415789475000015,1.0415789,4.750000148767697e-08,0.0,0.0,1.292,0.0,0.0976191063359765,1
2012-07-01 22:30:00+00:00,0.0409467,0.15353289049175,0.0425753549925,0.0,0.079,1.0000000001315803,1.0,0.04157894750000146,0.0,0.079,0.0,-0.0,0.0,1
2012-07-01 23:00:00+00:00,0.0375396,0.14963601134899998,0.03903273759,0.0,0.019,1.0000000001315803,1.0,1.3158030220949968e-10,0.0,0.0,0.019,0.0,0.0014215421078154998,1
2012-07-01 23:30:00+00:00,0.03880035,0.15107799731337498,0.04034363392125,0.0,0.039,1.0000000001315803,1.0,1.3158030220949968e-10,0.0,0.0,0.039,0.0,0.002946020947610812,1
2012-07-02 00:00:00+00:00,0.037515,0.10010787503749999,0.039007159124999996,0.0,0.033,1.5874999976315802,1.5875,0.5874999998684196,1.2368421,0.0,1.2698421,0.0,0.06356059713207828,1
2012-07-02 00:30:00+00:00,0.03439695,0.096541597554875,0.03576508868625,0.0,0.018,2.29999999763158,2.3,0.7125000023684196,1.5,0.0,1.518,0.0,0.07327507254415012,1
2012-07-02 01:00:00+00:00,0.03362205,0.09565530374262503,0.03495936703875,0.0,0.051,3.01249999763158,3.0125,0.71250000236842,1.5,0.0,1.551,0.0,0.0741806880524057,1
2012-07-02 01:30:00+00:00,0.03406485,0.09616175734962502,0.03541977940875,0.0,0.019,3.72499999763158,3.725,0.71250000236842,1.5,0.0,1.519,0.0,0.0730348547070402,1
2012-07-02 02:00:00+00:00,0.0337266,0.09577488306650002,0.035068075515,0.0,0.018,4.43749999763158,4.4375,0.71250000236842,1.5,0.0,1.518,0.0,0.07269313624747352,1
2012-07-02 02:30:00+00:00,0.03308085,0.09503630488962501,0.03439664080875,0.0,0.049,5.14999999763158,5.15,0.7125000023684205,1.5,0.0,1.549,0.0,0.07360561813701456,1
2012-07-02 03:00:00+00:00,0.0331239,0.09508554343475002,0.0344414031225,0.0,0.018,5.862499997631581,5.8625,0.7125000023684196,1.5,0.0,1.518,0.0,0.07216992746697527,1
2012-07-02 03:30:00+00:00,0.0331485,0.09511367974625,0.034466981587499994,0.0,0.048,6.574999997631581,6.575,0.7125000023684196,1.5,0.0,1.548,0.0,0.0736179881235975,1
2012-07-02 04:00:00+00:00,0.03313005,0.09509257751262501,0.034447797738749994,0.0,0.072,7.287499997631581,7.2875,0.7125000023684187,1.5,0.0,1.572,0.0,0.07474276592492327,1
2012-07-02 04:30:00+00:00,0.0331485,0.09511367974625,0.034466981587499994,0.0,0.027,7.999999997631582,8.0,0.7125000023684187,1.5,0.0,1.527,0.0,0.07261929448626187,1
2012-07-02 05:00:00+00:00,0.03326535,0.325147327225875,0.034588479296249995,0.0,0.026,7.986315787105266,7.9863158,0.013684197631581796,0.0,0.026,0.0,-0.0,0.0,1
2012-07-02 05:30:00+00:00,0.0354117,0.32760222040425,0.03682020036749999,0.0,0.041,7.964736839736845,7.9647368,0.021578987105265846,0.0,0.041,0.0,-0.0,0.0,1
2012-07-02 06:00:00+00:00,0.03721365,0.32966320522162507,0.03869382292875,0.0,0.04,7.943684208157897,7.9436842,0.021052639736844903,0.0,0.04,0.0,-0.0,0.0,1
2012-07-02 06:30:00+00:00,0.04154325,0.334615196045625,0.04319563276874999,0.0,1.775,7.154210523947371,7.1542105,0.7894737081578977,0.0,1.5,0.2749999999999999,0.0,0.046009589456273425,1
2012-07-02 07:00:00+00:00,0.04940295,0.3436047475698751,0.051367952336249995,0.0,1.803,6.364736839736844,6.3647368,0.7894737239473706,0.0,1.5,0.30299999999999994,0.0,0.052056119256836064,1
2012-07-02 07:30:00+00:00,0.04357275,0.33693644174437504,0.04530585613125,0.0,3.036,5.575263155526318,5.5752632,0.789473639736844,0.0,1.5,1.536,0.0,0.25876718725968,1
2012-07-02 08:00:00+00:00,0.05431065,0.34921794171412507,0.056470856103749995,0.0,1.668,4.785789471315791,4.7857895,0.7894736555263178,0.0,1.5,0.16799999999999993,0.0,0.029334307103986493,1
2012-07-02 08:30:00+00:00,0.0599625,0.35568225928125,0.0623475084375,0.006,0.679,4.431578945000002,4.4315789,0.35421057131579126,0.0,0.673,0.0,-0.0,0.0,1
2012-07-02 09:00:00+00:00,0.05511015,0.35013237183787504,0.05730215621625,0.013,0.018,4.4289473660526335,4.4289474,0.0026315450000016227,0.0,0.005,0.0,8.673617379884035e-19,-2.48508489031048e-20,1
2012-07-02 09:30:00+00:00,0.0512418,0.3457079368545001,0.05327994259499999,0.05,0.027,4.439872366052634,4.4398724,0.010925033947366103,0.023,0.0,0.0,-0.0,0.0,1
2012-07-02 10:00:00+00:00,0.0551163,0.35013940591575,0.05730855083249999,0.094,0.041,4.465047366052634,4.4650474,0.025175033947366643,0.053,0.0,0.0,-0.0,0.0,1
2012-07-02 10:30:00+00:00,0.0485481,0.34262701074525004,0.05047910067749999,0.131,0.019,4.518247366052634,4.5182474,0.053200033947366165,0.112,0.0,0.0,-0.0,0.0,1
2012-07-02 11:00:00+00:00,0.04616805,0.15950482260762502,0.04800438418875,0.181,0.031,4.589497366052634,4.5894974,0.07125003394736584,0.15,0.0,0.0,-0.0,0.0,1
2012-07-02 11:30:00+00:00,0.05245335,0.16669365019587498,0.05453968199625,0.2,0.037,4.666922366052634,4.6669224,0.07742503394736566,0.163,0.0,0.0,-0.0,0.0,1
2012-07-02 12:00:00+00:00,0.0549687,0.16957058804675,0.057155080042499994,0.238,0.024,4.768572366052634,4.7685724,0.10165003394736605,0.214,0.0,0.0,-0.0,0.0,1
2012-07-02 12:30:00+00:00,-0.0364572,0.065001986357,-0.03790728513,0.244,0.229,5.481072366052635,5.4810724,0.7125000339473662,1.5,0.0,1.485,0.0,0.0482639748700725,1
2012-07-02 13:00:00+00:00,0.04337595,0.15631135125237502,0.04510122841125,0.163,0.259,5.950589474302634,5.9505895,0.46951713394736583,0.98845707,0.0,1.08445707,0.0,0.08475647499344573,1
2012-07-02 13:30:00+00:00,0.05314215,0.167481466917875,0.055255879016249995,0.113,0.081,5.9657894743026345,5.9657895,0.015200025697365227,0.032,0.0,0.0,-0.0,0.0,1
2012-07-02 14:00:00+00:00,0.04459365,0.157704098671625,0.046367362428749996,0.188,0.052,6.030389474302635,6.0303895,0.06460002569736556,0.136,0.0,0.0,-0.0,0.0,1
2012-07-02 14:30:00+00:00,0.0519921,0.16616609435525,0.054060085777499996,0.213,0.113,6.077889474302635,6.0778895,0.047500025697365444,0.1,0.0,2.7755575615628914e-17,0.0,2.3060177983154352e-18,1
2012-07-02 15:00:00+00:00,0.0559281,0.17066790419525002,0.0581526401775,0.188,0.024,6.155789474302635,6.1557895,0.07790002569736476,0.164,0.0,0.0,-0.0,0.0,1
2012-07-02 15:30:00+00:00,0.0566907,0.17154012985175,0.05894557259249999,0.15,0.232,6.155789474302635,6.1557895,2.5697365124699445e-08,0.0,0.0,0.08200000000000002,0.0,0.007033145323921751,1
2012-07-02 16:00:00+00:00,0.0589047,0.17407239788675,0.0612476344425,0.05,0.502,5.9178947374605295,5.9178947,0.23789477430263517,0.0,0.452,0.0,-0.0,0.0,1
2012-07-02 16:30:00+00:00,0.06386775,0.179748898731875,0.06640808975625,0.0,0.89,5.44947368482895,5.4494737,0.4684210374605291,0.0,0.89,0.0,-0.0,0.0,1
2012-07-02 17:00:00+00:00,0.06529455,0.181380804798875,0.06789164072625001,0.0,0.813,5.021578947986845,5.0215789,0.4278947848289505,0.0,0.813,0.0,-0.0,0.0,1
2012-07-02 17:30:00+00:00,0.10175175,0.223078818441875,0.10579892585624999,0.0,0.787,4.6073684216710555,4.6073684,0.414210547986845,0.0,0.787,0.0,-0.0,0.0,1
2012-07-02 18:00:00+00:00,0.1472556,0.275123960639,0.15311269148999998,0.0,1.155,3.99947368482895,3.9994737,0.6078947216710557,0.0,1.155,0.0,-0.0,0.0,1
2012-07-02 18:30:00+00:00,0.14934045,0.27750851303862506,0.15528046639874998,0.0,0.551,3.70947368482895,3.7094737,0.28999998482894984,0.0,0.551,0.0,-0.0,0.0,1
2012-07-02 19:00:00+00:00,0.14467875,0.272176682009375,0.15043334728125,0.0,0.577,3.405789474302634,3.4057895,0.30368418482895,0.0,0.577,0.0,-0.0,0.0,1
2012-07-02 19:30:00+00:00,0.08417505,0.202975423875125,0.08752311261375,0.0,0.944,2.9089473690394763,2.9089474,0.49684207430263383,0.0,0.944,0.0,-0.0,0.0,1
2012-07-02 20:00:00+00:00,0.07554045,0.193099578538625,0.07854507139874999,0.0,1.208,2.273157895355266,2.2731579,0.6357894690394761,0.0,1.208,0.0,-0.0,0.0,1
2012-07-02 20:30:00+00:00,0.13397775,0.259937386506875,0.13930671500624997,0.0,0.865,1.817894737460529,1.8178947,0.4552631953552657,0.0,0.865,0.0,-0.0,0.0,1
2012-07-02 21:00:00+00:00,0.07683195,0.19457673489237498,0.07988794081124999,0.0,1.309,1.1289473690394765,1.1289474,0.688947337460529,0.0,1.309,0.0,-0.0,0.0,1
2012-07-02 21:30:00+00:00,0.0691629,0.18580523978225,0.0719138543475,0.0,0.108,1.0721052637763187,1.0721053,0.05684206903947642,0.0,0.108,0.0,-0.0,0.0,1
2012-07-02 22:00:00+00:00,0.06993165,0.186684499516625,0.07271318137874999,0.0,0.042,1.0500000006184238,1.05,0.022105263776318607,0.0,0.042,0.0,-0.0,0.0,1
2012-07-02 22:30:00+00:00,0.13854105,0.26515667229012496,0.14405152026374998,0.0,0.023,1.037894737460529,1.0378947,0.012105300618423742,0.0,0.023,0.0,-0.0,0.0,1
2012-07-02 23:00:00+00:00,0.0775515,0.19539972200375,0.08063611091249999,0.0,0.052,1.0105263164078975,1.0105263,0.02736843746052897,0.0,0.052,0.0,-0.0,0.0,1
2012-07-02 23:30:00+00:00,0.06964875,0.18636093193437497,0.07241902903124998,0.0,0.02,1.0000000006184238,1.0,0.010526316407897474,0.0,0.02,0.0,-0.0,0.0,1
2012-07-03 00:00:00+00:00,0.05408925,0.119064714910625,0.056240649918749996,0.0,0.02,1.7125000006184237,1.7125,0.7124999993815762,1.5,0.0,1.52,0.0,0.090489183332075,1
2012-07-03 00:30:00+00:00,0.05709045,0.12249734491362502,0.059361222648749996,0.0,0.05,2.4250000006184234,2.425,0.7124999993815762,1.5,0.0,1.55,0.0,0.09493544230805939,1
2012-07-03 01:00:00+00:00,0.06643845,0.133189143283625,0.06908103934874998,0.0,0.02,3.0124999981184235,3.0125,0.5874999993815768,1.2368421,0.0,1.2568421,0.0,0.08369886127089607,1
2012-07-03 01:30:00+00:00,0.06637695,0.133118802504875,0.06901709318625,0.0,0.019,3.7249999981184234,3.725,0.7125000018815766,1.5,0.0,1.519,0.0,0.10110373050245257,1
2012-07-03 02:00:00+00:00,0.06015315,0.126000315695375,0.06254574154124999,0.0,0.036,4.437499998118423,4.4375,0.7125000018815766,1.5,0.0,1.536,0.0,0.09676824245404801,1
2012-07-03 02:30:00+00:00,0.0517461,0.11638473124025,0.0538043011275,0.0,0.033,5.149999998118423,5.15,0.712500001881577,1.5,0.0,1.533,0.0,0.08920889649565163,1
2012-07-03 03:00:00+00:00,0.04996875,0.11435188273437501,0.051956257031249994,0.0,0.019,5.862499998118423,5.8625,0.712500001881577,1.5,0.0,1.519,0.0,0.08685025493675781,1
2012-07-03 03:30:00+00:00,0.0471213,0.11109510467825,0.048995549707499995,0.0,0.019,6.5749999981184235,6.575,0.712500001881577,1.5,0.0,1.519,0.0,0.08437673200313087,1
2012-07-03 04:00:00+00:00,0.0444522,0.10804231488049999,0.04622028625499999,0.0,0.124,7.287499998118424,7.2875,0.7125000018815761,1.5,0.0,1.624,0.0,0.087730359682966,1
2012-07-03 04:30:00+00:00,0.03800085,0.10066356718962502,0.03951233380875,0.0,0.083,7.999999998118424,8.0,0.7125000018815761,1.5,0.0,1.583,0.0,0.0796752134305882,1
2012-07-03 05:00:00+00:00,0.0400857,0.33294811958925,0.0416801087175,0.0,0.027,7.985789471802635,7.9857895,0.01421049811842412,0.0,0.027,0.0,-0.0,0.0,1
2012-07-03 05:30:00+00:00,0.04244115,0.33564217141537506,0.044129246741249996,0.0,0.019,7.975789471802635,7.9757895,0.009999971802634455,0.0,0.019,0.0,-0.0,0.0,1
2012-07-03 06:00:00+00:00,0.0469614,0.34081221865350003,0.04882928968499999,0.0,0.922,7.490526313907898,7.4905263,0.485263171802635,0.0,0.922,0.0,-0.0,0.0,1
2012-07-03 06:30:00+00:00,0.05444595,0.34937269142737504,0.056611537661249996,0.0,1.701,6.701052629697371,6.7010526,0.7894737139078982,0.0,1.5,0.20100000000000007,0.0,0.0351119554884512,1
2012-07-03 07:00:00+00:00,0.05514705,0.35017457630512505,0.057340523913750004,0.0,2.548,5.911578945486845,5.9115789,0.7894737296973711,0.0,1.5,1.048,0.0,0.18349147798388554,1
2012-07-03 07:30:00+00:00,0.04983345,0.34409713302112505,0.05181557547374999,0.0,3.358,5.122105261276318,5.1221053,0.7894736454868445,0.0,1.5,1.858,0.0,0.3196662365766252,1
2012-07-03 08:00:00+00:00,0.05495025,0.349949485813125,0.057135896193749994,0.0,2.94,4.332631577065792,4.3326316,0.7894736612763182,0.0,1.5,1.44,0.0,0.25196362978545,1
2012-07-03 08:30:00+00:00,0.0611556,0.357046870389,0.06358806399,0.006,1.619,3.543157892855265,3.5431579,0.7894736770657915,0.0,1.5,0.11299999999999999,0.0,0.0201731481769785,1
2012-07-03 09:00:00+00:00,0.0548211,0.34980177017775,0.05700160925249999,0.013,0.34,3.3710526296973704,3.3710526,0.1721052928552651,0.0,0.327,0.0,-0.0,0.0,1
2012-07-03 09:30:00+00:00,0.05316675,0.3479096032293751,0.05528145748125,0.05,0.045,3.37342762969737,3.3734276,0.0023749703026294533,0.005,0.0,0.0,6.938893903907228e-18,-1.9179608415787613e-19,1
2012-07-03 10:00:00+00:00,0.05043,0.34477943857500004,0.05243585325,0.094,0.061,3.38910262969737,3.3891026,0.015674970302629987,0.033,0.0,0.0,-0.0,0.0,1
2012-07-03 10:30:00+00:00,0.04451985,0.338019689737125,0.04629062703375,0.138,0.101,3.40667762969737,3.4066776,0.01757497030263,0.037,0.0,0.0,-0.0,0.0,1
2012-07-03 11:00:00+00:00,0.044772,0.15790808693000002,0.0465528063,0.175,0.018,3.48125262969737,3.4812526,0.07457497030262994,0.157,0.0,0.0,-0.0,0.0,1
2012-07-03 11:30:00+00:00,0.0444522,0.1575423148805,0.04622028625499999,0.206,0.036,3.56200262969737,3.5620026,0.0807499703026302,0.17,0.0,2.7755575615628914e-17,0.0,2.186338816663469e-18,1
2012-07-03 12:00:00+00:00,0.04022715,0.152709903380375,0.04182718489125,0.238,0.035,3.65842762969737,3.6584276,0.09642497030263009,0.203,0.0,2.7755575615628914e-17,0.0,2.1192756352646917e-18,1
2012-07-03 12:30:00+00:00,0.03839445,0.150613748173625,0.03992158924874999,0.256,0.159,3.70450262969737,3.7045026,0.04607497030263019,0.097,0.0,0.0,-0.0,0.0,1
2012-07-03 13:00:00+00:00,0.03786555,0.15000881747637498,0.03937165225124999,0.263,0.048,3.80662762969737,3.8066276,0.10212497030263012,0.215,0.0,0.0,-0.0,0.0,1
2012-07-03 13:30:00+00:00,0.0387204,0.150986554301,0.040260503909999995,0.269,0.022,3.92395262969737,3.9239526,0.11732497030262978,0.247,0.0,0.0,-0.0,0.0,1
2012-07-03 14:00:00+00:00,0.0381669,0.15035348729225,0.03968498844749999,0.263,0.028,4.03557762969737,4.0355776,0.11162497030262974,0.235,0.0,0.0,-0.0,0.0,1
2012-07-03 14:30:00+00:00,0.03929235,0.151640723543375,0.04085520322124999,0.25,0.037,4.136752629697369,4.1367526,0.10117497030263056,0.213,0.0,0.0,-0.0,0.0,1
2012-07-03 15:00:00+00:00,0.0391386,0.1514648715965,0.040695337815,0.231,0.019,4.237452629697369,4.2374526,0.10069997030263078,0.212,0.0,0.0,2.7755575615628914e-17,-5.647612629638977e-19,1
2012-07-03 15:30:00+00:00,0.0386712,0.15093028167800002,0.040209346980000005,0.206,0.539,4.237452629697369,4.2374526,2.9697369008374608e-08,0.0,0.0,0.3330000000000001,0.0,0.025129891899387007,1
2012-07-03 16:00:00+00:00,0.04126035,0.153891628463375,0.04290148042125,0.138,0.425,4.237452629697369,4.2374526,2.9697369008374608e-08,0.0,0.0,0.287,0.0,0.02208344868449431,1
2012-07-03 16:30:00+00:00,0.04187535,0.15459503625087498,0.043540942046249996,0.075,0.356,4.237452629697369,4.2374526,2.9697369008374608e-08,0.0,0.0,0.28099999999999997,0.0,0.021720602593247932,1
2012-07-03 17:00:00+00:00,0.0499134,0.1637885760335,0.051898705484999995,0.0,0.435,4.008505261276317,4.0085053,0.22894732969736875,0.0,0.435,0.0,-0.0,0.0,1
2012-07-03 17:30:00+00:00,0.0535419,0.16793868197975,0.0556715290725,0.0,0.598,3.6937684191710534,3.6937684,0.3147368612763164,0.0,0.598,0.0,-0.0,0.0,1
2012-07-03 18:00:00+00:00,0.06712725,0.18347696000562497,0.06979723636874999,0.0,1.183,3.071136840223685,3.0711368,0.6226316191710533,0.0,1.183,0.0,-0.0,0.0,1
2012-07-03 18:30:00+00:00,0.0740583,0.19140436577075,0.0770039688825,0.0,0.729,2.6874526296973693,2.6874526,0.3836842402236851,0.0,0.729,0.0,-0.0,0.0,1
2012-07-03 19:00:00+00:00,0.06561435,0.181746576848375,0.06822416077124999,0.0,0.661,2.339557892855264,2.3395579,0.34789472969736934,0.0,0.661,0.0,-0.0,0.0,1
2012-07-03 19:30:00+00:00,0.052275,0.1664896619375,0.054354238124999996,0.0,1.123,1.7485052612763168,1.7485053,0.5910525928552641,0.0,1.123,0.0,-0.0,0.0,1
2012-07-03 20:00:00+00:00,0.0460758,0.15939931143949998,0.04790846494499999,0.0,1.075,1.7485052612763168,1.7485053,3.872368314894459e-08,0.0,0.0,1.075,0.0,0.08567712989873123,1
2012-07-03 20:30:00+00:00,0.0493476,0.163141440869,0.05131040078999999,0.0,2.104,1.0,1.0,0.7485052612763168,0.0,1.42216,0.68184,0.0,0.055618180021059484,1
2012-07-03 21:00:00+00:00,0.0465801,0.15997610582525001,0.0484328234775,0.0,1.439,1.0,1.0,0.0,0.0,0.0,1.439,0.0,0.11510280814126739,1
2012-07-03 21:30:00+00:00,0.0453132,0.15852708578299998,0.04711553253,0.0,0.569,1.0,1.0,0.0,0.0,0.0,0.569,0.0,0.045100955905263494,1
2012-07-03 22:00:00+00:00,0.043296,0.15621990824,0.0450180984,0.0,0.066,1.0,1.0,0.0,0.0,0.0,0.066,0.0,0.005155256971920001,1
2012-07-03 22:30:00+00:00,0.04878795,0.162501339782375,0.05072849071125,0.0,0.022,1.0,1.0,0.0,0.0,0.0,0.022,0.0,0.0017875147376061249,1
2012-07-03 23:00:00+00:00,0.04317915,0.156086260760375,0.044896600691249997,0.0,0.037,1.0,1.0,0.0,0.0,0.0,0.037,0.0,0.0028875958240669373,1
2012-07-03 23:30:00+00:00,0.0406884,0.15323745922100002,0.04230678111,0.0,0.033,1.0,1.0,0.0,0.0,0.0,0.033,0.0,0.0025284180771465003,1
2012-07-04 00:00:00+00:00,0.03747195,0.100058636492375,0.038962396811249994,0.0,0.018,1.5874999975000001,1.5875,0.5874999999999999,1.2368421,0.0,1.2548421,0.0,0.06277889476961424,1
2012-07-04 00:30:00+00:00,0.03650025,0.098947252188125,0.03795204744374999,0.0,0.034,2.2999999975,2.3,0.7125000024999997,1.5,0.0,1.534,0.0,0.07589254242829188,1
2012-07-04 01:00:00+00:00,0.03599595,0.09837045780237501,0.03742768891124999,0.0,0.033,3.0124999975,3.0125,0.7125000025000001,1.5,0.0,1.533,0.0,0.07540095590552044,1
2012-07-04 01:30:00+00:00,0.0363711,0.09879953655275002,0.0378177605025,0.0,0.019,3.7249999975,3.725,0.7125000025000001,1.5,0.0,1.519,0.0,0.07503824801181364,1
2012-07-04 02:00:00+00:00,0.03486435,0.097076187473375,0.03625107952125,0.0,0.033,4.4374999975,4.4375,0.7125000025000001,1.5,0.0,1.533,0.0,0.07440889769834193,1
2012-07-04 02:30:00+00:00,0.033579,0.09560606519749999,0.03491460472499999,0.0,0.053,5.1499999975,5.15,0.7125000025000006,1.5,0.0,1.553,0.0,0.07423810962585874,1
2012-07-04 03:00:00+00:00,0.03375735,0.09581005345587501,0.03510004859625,0.0,0.027,5.8624999975000005,5.8625,0.7125000024999997,1.5,0.0,1.527,0.0,0.07315097581356057,1
2012-07-04 03:30:00+00:00,0.03375735,0.09581005345587501,0.03510004859625,0.0,0.027,6.574999997500001,6.575,0.7125000024999997,1.5,0.0,1.527,0.0,0.07315097581356057,1
2012-07-04 04:00:00+00:00,0.0337635,0.09581708753375,0.0351064432125,0.0,0.056,7.287499997500001,7.2875,0.7125000024999988,1.5,0.0,1.556,0.0,0.0745456941012575,1
2012-07-04 04:30:00+00:00,0.0338742,0.09594370093550002,0.035221546305,0.0,0.026,7.999999997500002,8.0,0.7125000024999988,1.5,0.0,1.526,0.0,0.07320504381378651,1
2012-07-04 05:00:00+00:00,0.0338742,0.3258437009355001,0.035221546305,0.0,0.027,7.985789471184212,7.9857895,0.014210497500001473,0.0,0.027,0.0,-0.0,0.0,1
2012-07-04 05:30:00+00:00,0.03388035,0.325850735013375,0.03522794092124999,0.0,0.034,7.9678947343421065,7.9678947,0.017894771184211677,0.0,0.034,0.0,-0.0,0.0,1
2012-07-04 06:00:00+00:00,0.03415095,0.326160234439875,0.035509304036249995,0.0,0.324,7.797368418552633,7.7973684,0.17052633434210662,0.0,0.324,0.0,-0.0,0.0,1
2012-07-04 06:30:00+00:00,0.0454485,0.33908183549625004,0.0472562140875,0.0,0.198,7.693157892236844,7.6931579,0.10421051855263297,0.0,0.198,0.0,-0.0,0.0,1
2012-07-04 07:00:00+00:00,0.048216,0.34224717054000003,0.0501337914,0.0,1.1,7.114210523815791,7.1142105,0.5789473922368433,0.0,1.1,0.0,-0.0,0.0,1
2012-07-04 07:30:00+00:00,0.0472197,0.34110764992425,0.049097863567500004,0.0,1.12,6.524736839605264,6.5247368,0.5894737238157903,0.0,1.12,0.0,-0.0,0.0,1
2012-07-04 08:00:00+00:00,0.06583575,0.362399803651875,0.06845436695624998,0.006,2.134,5.735263155394738,5.7352632,0.789473639605264,0.0,1.5,0.6280000000000001,0.0,0.11379353834668877,1
2012-07-04 08:30:00+00:00,0.07097715,0.36828029275537505,0.07380026614124999,0.013,3.035,4.945789471184211,4.9457895,0.7894736553947377,0.0,1.5,1.5220000000000002,0.0,0.28026130278684047,1
2012-07-04 09:00:00+00:00,0.05513475,0.350160508149375,0.05732773468124999,0.013,1.31,4.263157892236843,4.2631579,0.6826315711842108,0.0,1.297,2.220446049250313e-16,0.0,3.887562584618809e-17,1
2012-07-04 09:30:00+00:00,0.0513279,0.3458064139447501,0.053369467222499994,0.05,0.742,3.8989473659210536,3.8989474,0.3642104922368432,0.0,0.692,0.0,-0.0,0.0,1
2012-07-04 10:00:00+00:00,0.05169075,0.346221424539375,0.053746749581249996,0.088,0.447,3.709999997500001,3.71,0.18894736592105366,0.0,0.359,0.0,-0.0,0.0,1
2012-07-04 10:30:00+00:00,0.0548088,0.34978770202200005,0.05698882001999999,0.138,0.204,3.675263155394738,3.6752632,0.03473679750000125,0.0,0.066,0.0,2.7755575615628914e-17,-7.908787516552883e-19,1
2012-07-04 11:00:00+00:00,0.0440955,0.15713433836375,0.04584939851249999,0.175,0.125,3.6990131553947383,3.6990132,0.023750044605261866,0.05,0.0,0.0,-0.0,0.0,1
2012-07-04 11:30:00+00:00,0.04545465,0.158688869574125,0.04726260870374999,0.213,0.128,3.7393881553947383,3.7393882,0.040375044605261756,0.085,0.0,2.7755575615628914e-17,0.0,2.2022504594116505e-18,1
2012-07-04 12:00:00+00:00,0.0400734,0.15253405143350002,0.041667319485,0.238,0.095,3.807313155394738,3.8073132,0.0679250446052615,0.143,0.0,0.0,-0.0,0.0,1
2012-07-04 12:30:00+00:00,0.0370107,0.14903108065175,0.0384828005925,0.25,0.047,3.903738155394738,3.9037382,0.09642504460526169,0.203,0.0,0.0,-0.0,0.0,1
2012-07-04 13:00:00+00:00,0.03663555,0.148602001901375,0.03809272900125,0.219,0.219,4.527853955394738,4.5278539,0.6241157446052621,1.313928,0.0,1.313928,0.0,0.09762616557713494,1
2012-07-04 13:30:00+00:00,0.038007,0.1501706012675,0.039518728424999996,0.15,0.203,4.527853955394738,4.527854,5.539473768578773e-08,0.0,0.0,0.05300000000000002,0.0,0.003979520933588752,1
2012-07-04 14:00:00+00:00,0.03902175,0.151331224116875,0.04057384010625,0.231,0.728,4.527853955394738,4.527854,4.460526170646517e-08,0.0,0.0,0.497,0.0,0.03760580919304344,1
2012-07-04 14:30:00+00:00,0.0379332,0.150086192333,0.03944199303,0.144,0.181,4.527853955394738,4.527854,4.460526170646517e-08,0.0,0.0,0.037000000000000005,0.0,0.0027765945581605003,1
2012-07-04 15:00:00+00:00,0.0390894,0.1514085989735,0.040644180885,0.119,0.048,4.5615789553947375,4.561579,0.033725044605262156,0.071,0.0,0.0,-0.0,0.0,1
2012-07-04 15:30:00+00:00,0.0392124,0.151549280531,0.04077207321,0.069,0.137,4.5615789553947375,4.561579,4.460526259464359e-08,0.0,0.0,0.068,0.0,0.0051526755380540004,1
2012-07-04 16:00:00+00:00,0.0459405,0.15924456172625,0.0477677833875,0.075,0.602,4.5615789553947375,4.561579,4.460526259464359e-08,0.0,0.0,0.527,0.0,0.04196094201486688,1
2012-07-04 16:30:00+00:00,0.04490115,0.158055802565375,0.04668709324125,0.05,0.446,4.5615789553947375,4.561579,4.460526259464359e-08,0.0,0.0,0.396,0.0,0.031295048907944246,1
2012-07-04 17:00:00+00:00,0.04602045,0.159336004738625,0.04785091339874999,0.006,0.533,4.5615789553947375,4.561579,4.460526259464359e-08,0.0,0.0,0.527,0.0,0.04198503724862769,1
2012-07-04 17:30:00+00:00,0.04818525,0.161812000150625,0.05010181831874999,0.0,0.502,4.561578947368264,4.5615789,5.539473768578773e-08,0.0,1.52503e-08,0.5019999847497,0.0,0.040614810803966096,1
2012-07-04 18:00:00+00:00,0.06098955,0.176456950286375,0.06341540935125,0.0,1.291,3.8821052631577375,3.8821053,0.6794736473682637,0.0,1.291,0.0,-0.0,0.0,1
2012-07-04 18:30:00+00:00,0.0607989,0.17623889387225,0.06321717624749999,0.0,0.667,3.53105263157879,3.5310526,0.3510526631577373,0.0,0.667,0.0,-0.0,0.0,1
2012-07-04 19:00:00+00:00,0.05932905,0.174557749260125,0.06168886296375,0.0,0.876,3.0699999999998426,3.07,0.4610526315787902,0.0,0.876,0.0,-0.0,0.0,1
2012-07-04 19:30:00+00:00,0.05729955,0.172236503561375,0.05957863960124999,0.0,1.186,2.4457894736840533,2.4457895,0.6242104999998426,0.0,1.186,0.0,-0.0,0.0,1
2012-07-04 20:00:00+00:00,0.05124795,0.165314970932375,0.05328633721125,0.0,1.247,1.789473684210369,1.7894737,0.6563157736840532,0.0,1.247,0.0,-0.0,0.0,1
2012-07-04 20:30:00+00:00,0.05274855,0.16703128593387498,0.054846623576249996,0.0,1.751,1.0,1.0,0.7894736842103689,0.0,1.5,0.2509999999999999,0.0,0.0209624263847013,1
2012-07-04 21:00:00+00:00,0.04281015,0.155664216087875,0.04451292371624999,0.0,0.828,1.0,1.0,0.0,0.0,0.0,0.828,0.0,0.06444498546038024,1
2012-07-04 21:30:00+00:00,0.04341285,0.156353555719625,0.04513959610875,0.0,0.048,1.0,1.0,0.0,0.0,0.0,0.048,0.0,0.003752485337271,1
2012-07-04 22:00:00+00:00,0.040959,0.1535469586475,0.042588144225,0.0,0.06,1.0,1.0,0.0,0.0,0.0,0.06,0.0,0.0046064087594250005,1
2012-07-04 22:30:00+00:00,0.04599585,0.159307868427125,0.04782533493375,0.0,0.021,1.0,1.0,0.0,0.0,0.0,0.021,0.0,0.0016727326184848125,1
2012-07-04 23:00:00+00:00,0.03850515,0.150740361575375,0.04003669234125,0.0,0.036,1.0,1.0,0.0,0.0,0.0,0.036,0.0,0.0027133265083567498,1
2012-07-04 23:30:00+00:00,0.0381669,0.15035348729225,0.03968498844749999,0.0,0.029,1.0,1.0,0.0,0.0,0.0,0.029,0.0,0.0021801255657376254,1
2012-07-05 00:00:00+00:00,0.0353379,0.09761781146975,0.036743464972499994,0.0,0.017,1.7125,1.7125,0.7124999999999999,1.5,0.0,1.517,0.0,0.07404310999980537,1
2012-07-05 00:30:00+00:00,0.03552855,0.097835867883875,0.03694169807625,0.0,0.045,2.2999999975,2.3,0.5874999999999999,1.2368421,0.0,1.2818421,0.0,0.06270506717179444,1
2012-07-05 01:00:00+00:00,0.0345384,0.09670338134600001,0.03591216485999999,0.0,0.02,3.0124999975,3.0125,0.7125000025000001,1.5,0.0,1.52,0.0,0.07349456982296002,1
2012-07-05 01:30:00+00:00,0.03459375,0.09676668804687502,0.03596971640625,0.0,0.018,3.7249999975,3.725,0.7125000025000001,1.5,0.0,1.518,0.0,0.07344591622757814,1
2012-07-05 02:00:00+00:00,0.0339111,0.09598590540275,0.0352599140025,0.0,0.045,4.4374999975,4.4375,0.7125000025000001,1.5,0.0,1.545,0.0,0.07414911192362438,1
2012-07-05 02:30:00+00:00,0.03369585,0.09573971267712503,0.03503610243375,0.0,0.02,5.1499999975,5.15,0.7125000025000006,1.5,0.0,1.52,0.0,0.07276218163461502,1
2012-07-05 03:00:00+00:00,0.03346215,0.09547241771787501,0.03479310701625,0.0,0.018,5.8624999975000005,5.8625,0.7125000024999997,1.5,0.0,1.518,0.0,0.07246356504786713,1
2012-07-05 03:30:00+00:00,0.03356055,0.095584962963875,0.03489542087625,0.0,0.091,6.574999997500001,6.575,0.7125000024999997,1.5,0.0,1.591,0.0,0.07603783803776257,1
2012-07-05 04:00:00+00:00,0.033825,0.0958874283125,0.035170389375,0.0,0.036,7.287499997500001,7.2875,0.7125000024999988,1.5,0.0,1.536,0.0,0.07364154494399999,1
2012-07-05 04:30:00+00:00,0.0338004,0.09585929200100002,0.03514481091,0.0,0.026,7.999999997500002,8.0,0.7125000024999988,1.5,0.0,1.526,0.0,0.07314063979676301,1
2012-07-05 05:00:00+00:00,0.03385575,0.325822598701875,0.03520236245624999,0.0,0.033,7.98263157644737,7.9826316,0.017368397500001187,0.0,0.033,0.0,-0.0,0.0,1
2012-07-05 05:30:00+00:00,0.0338865,0.32585776909125,0.0352343355375,0.0,0.234,7.859473681710528,7.8594737,0.12315787644737064,0.0,0.234,0.0,-0.0,0.0,1
2012-07-05 06:00:00+00:00,0.03447075,0.3265260064893751,0.03584182408125,0.0,0.699,7.491578944868423,7.4915789,0.36789478171052803,0.0,0.699,0.0,-0.0,0.0,1
2012-07-05 06:30:00+00:00,0.04122345,0.334249423996125,0.04286311272375,0.0,1.303,6.805789471184212,6.8057895,0.6857894448684227,0.0,1.303,0.0,-0.0,0.0,1
2012-07-05 07:00:00+00:00,0.0492,0.34337262300000004,0.051156929999999996,0.0,2.693,6.016315786973686,6.0163158,0.7894736711842123,0.0,1.5,1.193,0.0,0.20482176961950005,1
2012-07-05 07:30:00+00:00,0.04524555,0.338849710926375,0.04704519175125,0.006,1.764,5.226842102763159,5.2268421,0.789473686973686,0.0,1.5,0.258,0.0,0.04371161270950238,1
2012-07-05 08:00:00+00:00,0.05340045,0.348176898188625,0.05552445289874999,0.013,0.865,4.7784210501315805,4.7784211,0.4484210027631592,0.0,0.852,0.0,-0.0,0.0,1
2012-07-05 08:30:00+00:00,0.05373255,0.348556738393875,0.05586976217624999,0.019,0.027,4.774210523815791,4.7742105,0.004210550131580781,0.0,0.008,0.0,-0.0,0.0,1
2012-07-05 09:00:00+00:00,0.0533574,0.34812765964350006,0.055479690585,0.031,0.018,4.780385523815791,4.7803855,0.006174976184209591,0.013,0.0,0.0,-0.0,0.0,1
2012-07-05 09:30:00+00:00,0.05337585,0.34814876187712507,0.055498874433750005,0.056,0.049,4.783710523815791,4.7837105,0.0033249761842091274,0.007,0.0,0.0,-0.0,0.0,1
2012-07-05 10:00:00+00:00,0.05039925,0.34474426818562504,0.05240388016875,0.094,0.018,4.819810523815791,4.8198105,0.036099976184209126,0.076,0.0,0.0,-0.0,0.0,1
2012-07-05 10:30:00+00:00,0.04915695,0.34332338445487504,0.051112167686249994,0.138,0.018,4.8768105238157915,4.8768105,0.05699997618420927,0.12,0.0,0.0,2.7755575615628914e-17,-7.093238175472082e-19,1
2012-07-05 11:00:00+00:00,0.0477732,0.161340716933,0.04967337903,0.181,0.049,4.939510523815792,4.9395105,0.06269997618420842,0.132,0.0,0.0,-0.0,0.0,1
2012-07-05 11:30:00+00:00,0.0425211,0.15533361442774998,0.0442123767525,0.156,0.077,4.9770355238157915,4.9770355,0.03752497618420847,0.079,0.0,0.0,-0.0,0.0,1
2012-07-05 12:00:00+00:00,0.04063305,0.153174152520125,0.04224922956375,0.219,0.069,5.0482855238157915,5.0482855,0.07124997618420892,0.15,0.0,0.0,-0.0,0.0,1
2012-07-05 12:30:00+00:00,0.04057155,0.15310381174137502,0.042185283401249996,0.113,0.253,4.974601313289476,4.9746013,0.07368422381579176,0.0,0.14,0.0,-0.0,0.0,1
2012-07-05 13:00:00+00:00,0.03764415,0.149755590672875,0.039141446066249995,0.15,0.926,4.70105262907895,4.7010526,0.2735487132894763,0.0,0.5197425,0.2562575,0.0,0.019187996638427133,1
2012-07-05 13:30:00+00:00,0.03646335,0.148405047720875,0.03791367974624999,0.069,0.366,4.70105262907895,4.7010526,2.9078949914662644e-08,0.0,0.0,0.297,0.0,0.022038149586549937,1
2012-07-05 14:00:00+00:00,0.0361005,0.14799003712625,0.037536397387499996,0.05,0.217,4.70105262907895,4.7010526,2.9078949914662644e-08,0.0,0.0,0.16699999999999998,0.0,0.012357168100041874,1
2012-07-05 14:30:00+00:00,0.03651255,0.148461320343875,0.037964836676249995,0.169,0.34,4.70105262907895,4.7010526,2.9078949914662644e-08,0.0,0.0,0.171,0.0,0.012693442889401312,1
2012-07-05 15:00:00+00:00,0.03648795,0.14843318403237502,0.03793925821124999,0.175,0.624,4.70105262907895,4.7010526,2.9078949914662644e-08,0.0,0.0,0.449,0.0,0.03332324981526819,1
2012-07-05 15:30:00+00:00,0.03629115,0.14820809354037498,0.03773463049125,0.15,0.566,4.70105262907895,4.7010526,2.9078949914662644e-08,0.0,0.0,0.4159999999999999,0.0,0.03082728345639799,1
2012-07-05 16:00:00+00:00,0.0368508,0.14884819462700002,0.03831654057,0.106,0.85,4.70105262907895,4.7010526,2.9078949914662644e-08,0.0,0.0,0.744,0.0,0.055371528401244006,1
2012-07-05 16:30:00+00:00,0.0373797,0.14945312532425,0.0388664775675,0.081,0.474,4.70105262907895,4.7010526,2.9078949914662644e-08,0.0,0.0,0.39299999999999996,0.0,0.029367539126215123,1
2012-07-05 17:00:00+00:00,0.04022715,0.152709903380375,0.04182718489125,0.013,0.421,4.4863157869736865,4.4863158,0.21473682907894975,0.0,0.408,0.0,-0.0,0.0,1
2012-07-05 17:30:00+00:00,0.04754565,0.161080456051625,0.04943677822875,0.0,0.376,4.288421050131581,4.2884211,0.19789468697368662,0.0,0.376,0.0,-0.0,0.0,1
2012-07-05 18:00:00+00:00,0.05485185,0.16943694056712502,0.05703358233375,0.0,1.022,3.750526313289476,3.7505263,0.537894750131581,0.0,1.022,0.0,-0.0,0.0,1
2012-07-05 18:30:00+00:00,0.0773424,0.19516056335600002,0.08041869396000001,0.0,0.844,3.3063157869736863,3.3063158,0.4442105132894758,0.0,0.844,0.0,-0.0,0.0,1
2012-07-05 19:00:00+00:00,0.08218245,0.20069638264362502,0.08545125694875,0.0,0.483,3.0521052606578967,3.0521053,0.2542104869736863,0.0,0.483,0.0,-0.0,0.0,1
2012-07-05 19:30:00+00:00,0.0534312,0.16781206857800002,0.05555642598,0.0,0.55,2.7626315764473706,2.7626316,0.2894736606578965,0.0,0.55,0.0,-0.0,0.0,1
2012-07-05 20:00:00+00:00,0.05203515,0.16621533290037502,0.05410484809125,0.0,0.74,2.3731578922368444,2.3731579,0.38947367644737074,0.0,0.74,0.0,-0.0,0.0,1
2012-07-05 20:30:00+00:00,0.054489,0.1690219299725,0.056656299975,0.0,1.217,1.7326315764473708,1.7326316,0.6405262922368444,0.0,1.217,0.0,-0.0,0.0,1
2012-07-05 21:00:00+00:00,0.05265015,0.16691874068787502,0.054744309716249995,0.0,0.986,1.2136842080263182,1.2136842,0.5189473764473707,0.0,0.986,0.0,-0.0,0.0,1
2012-07-05 21:30:00+00:00,0.049077,0.16283194144250002,0.051029037675,0.0,0.267,1.0731578922368445,1.0731579,0.14052630802631816,0.0,0.267,0.0,-0.0,0.0,1
2012-07-05 22:00:00+00:00,0.04015335,0.152625494445875,0.041750449496249994,0.0,0.038,1.0531578922368445,1.0531579,0.019999992236844566,0.0,0.038,0.0,-0.0,0.0,1
2012-07-05 22:30:00+00:00,0.0531483,0.16748850099575,0.0552622736325,0.0,0.035,1.0347368396052656,1.0347368,0.018421092236844627,0.0,0.035,0.0,-0.0,0.0,1
2012-07-05 23:00:00+00:00,0.04363425,0.156606782523125,0.04536980229374999,0.0,0.049,1.008947365921055,1.0089474,0.025789439605265585,0.0,0.049,0.0,-0.0,0.0,1
2012-07-05 23:30:00+00:00,0.04577445,0.159054641623625,0.04759512874875,0.0,0.017,1.0000000001315814,1.0,0.00894736592105505,0.0,0.016999995,5.000000000837668e-09,0.0,3.9763660412568e-10,1
2012-07-06 00:00:00+00:00,0.03957525,0.10246429112562502,0.04114935556875,0.0,0.046,1.5874999976315816,1.5875,0.5874999998684185,1.2368421,0.0,1.2828421,0.0,0.0657227532013041,1
2012-07-06 00:30:00+00:00,0.03648795,0.09893318403237499,0.03793925821124999,0.0,0.028,2.2999999976315815,2.3,0.7125000023684183,1.5,0.0,1.528,0.0,0.07558495260073449,1
2012-07-06 01:00:00+00:00,0.03683235,0.099327092393375,0.038297356721249995,0.0,0.018,3.0124999976315814,3.0125,0.7125000023684187,1.5,0.0,1.518,0.0,0.07538926312657163,1
2012-07-06 01:30:00+00:00,0.03705375,0.099580319196875,0.03852756290625,0.0,0.052,3.7249999976315813,3.725,0.7125000023684187,1.5,0.0,1.552,0.0,0.077274327696775,1
2012-07-06 02:00:00+00:00,0.0355347,0.09784290196175002,0.0369480926925,0.0,0.019,4.437499997631582,4.4375,0.7125000023684187,1.5,0.0,1.519,0.0,0.07431168403994914,1
2012-07-06 02:30:00+00:00,0.03434775,0.096485324931875,0.035713931756250004,0.0,0.018,5.149999997631582,5.15,0.7125000023684187,1.5,0.0,1.518,0.0,0.07323236162329314,1
2012-07-06 03:00:00+00:00,0.0338619,0.09592963277975002,0.0352087570725,0.0,0.076,5.862499997631582,5.8625,0.7125000023684178,1.5,0.0,1.576,0.0,0.07559255063044301,1
2012-07-06 03:30:00+00:00,0.0338742,0.09594370093550002,0.035221546305,0.0,0.026,6.574999997631583,6.575,0.7125000023684178,1.5,0.0,1.526,0.0,0.07320504381378651,1
2012-07-06 04:00:00+00:00,0.03386805,0.095936666857625,0.035215151688749995,0.0,0.026,7.287499997631583,7.2875,0.7125000023684169,1.5,0.0,1.526,0.0,0.07319967681236787,1
2012-07-06 04:30:00+00:00,0.0336528,0.09569047413199999,0.03499134011999999,0.0,0.055,7.999999997631583,8.0,0.7125000023684169,1.5,0.0,1.555,0.0,0.07439934363763,1
2012-07-06 05:00:00+00:00,0.03319155,0.325062918291375,0.034511743901249996,0.0,0.029,7.984736839736847,7.9847368,0.015263197631583125,0.0,0.029,0.0,-0.0,0.0,1
2012-07-06 05:30:00+00:00,0.0338619,0.32582963277975,0.0352087570725,0.0,0.026,7.971052629210531,7.9710526,0.013684239736846848,0.0,0.026,0.0,-0.0,0.0,1
2012-07-06 06:00:00+00:00,0.03432315,0.326357188620375,0.035688353291249995,0.0,0.187,7.872631576578952,7.8726316,0.09842102921053097,0.0,0.187,0.0,-0.0,0.0,1
2012-07-06 06:30:00+00:00,0.03536865,0.327552981859125,0.03677543805375,0.0,1.669,7.083157892368425,7.0831579,0.7894736765789521,0.0,1.5,0.16900000000000004,0.0,0.02767822696709607,1
2012-07-06 07:00:00+00:00,0.03814845,0.33073238505862507,0.03966580459875,0.0,2.111,6.293684208157899,6.2936842,0.7894736923684249,0.0,1.5,0.6110000000000002,0.0,0.10103874363540999,1
2012-07-06 07:30:00+00:00,0.04169085,0.33478401391462503,0.04334910355875,0.0,1.541,5.504210523947372,5.5042105,0.7894737081578986,0.0,1.5,0.040999999999999925,0.0,0.006863072285249801,1
2012-07-06 08:00:00+00:00,0.04980885,0.34406899670962504,0.05178999700874999,0.013,1.08,4.942631576578951,4.9426316,0.5615789239473719,0.0,1.067,2.220446049250313e-16,0.0,3.8199332220670295e-17,1
2012-07-06 08:30:00+00:00,0.0541692,0.34905615792300004,0.05632377993,0.019,0.762,4.551578945000004,4.5515789,0.39105267657895126,0.0,0.743,0.0,-0.0,0.0,1
2012-07-06 09:00:00+00:00,0.0558789,0.35101163157225,0.058101483247499995,0.038,0.62,4.245263155526319,4.2452632,0.3063157450000036,0.0,0.582,0.0,-0.0,0.0,1
2012-07-06 09:30:00+00:00,0.0567153,0.35196826616325005,0.0589711510575,0.063,0.368,4.084736839736846,4.0847368,0.16052635552631944,0.0,0.305,0.0,-0.0,0.0,1
2012-07-06 10:00:00+00:00,0.05379405,0.34862707917262503,0.05593370833875,0.119,0.031,4.126536839736846,4.1265368,0.04179996026315447,0.088,0.0,0.0,-0.0,0.0,1
2012-07-06 10:30:00+00:00,0.0507744,0.34517334693600005,0.05279395175999999,0.131,0.114,4.134611839736846,4.1346118,0.008074960263154018,0.017,0.0,0.0,-0.0,0.0,1
2012-07-06 11:00:00+00:00,0.0436035,0.15657161213375,0.0453378292125,0.144,0.027,4.190186839736846,4.1901868,0.05557496026315434,0.117,0.0,2.7755575615628914e-17,0.0,2.17286760991961e-18,1
2012-07-06 11:30:00+00:00,0.04346205,0.156409828342625,0.04519075303875,0.194,0.141,4.215361839736846,4.2153618,0.025174960263154134,0.053,0.0,0.0,2.7755575615628914e-17,-6.271476815471189e-19,1
2012-07-06 12:00:00+00:00,0.0408483,0.15342034524575,0.04247304113249999,0.094,0.426,4.215361839736846,4.2153618,3.973684581382031e-08,0.0,0.0,0.33199999999999996,0.0,0.025467777310794495,1
2012-07-06 12:30:00+00:00,0.0403071,0.15280134639275,0.041910314902499995,0.056,0.391,4.215361839736846,4.2153618,3.973684581382031e-08,0.0,0.0,0.335,0.0,0.025594225520785628,1
2012-07-06 13:00:00+00:00,0.0380931,0.15026907835775,0.03960825305249999,0.1,0.709,4.215361839736846,4.2153618,3.973684581382031e-08,0.0,0.0,0.609,0.0,0.04575693435993487,1
2012-07-06 13:30:00+00:00,0.044526,0.157626723815,0.04629702165,0.088,0.406,4.062105260789478,4.0621053,0.15325653973684616,0.0,0.2911875,0.026812500000000072,0.0,0.0021131832661448495,1
2012-07-06 14:00:00+00:00,0.04315455,0.15605812444887499,0.044871022226249994,0.25,0.414,4.062105260789478,4.0621053,3.921052194044705e-08,0.0,0.0,0.16399999999999998,0.0,0.012796766204807747,1
2012-07-06 14:30:00+00:00,0.0376257,0.14973448843925,0.039122262217499995,0.088,0.199,4.062105260789478,4.0621053,3.921052194044705e-08,0.0,0.0,0.11100000000000002,0.0,0.008310264108378375,1
2012-07-06 15:00:00+00:00,0.0387327,0.15100062245674997,0.04027329314249999,0.013,0.031,4.062105260789478,4.0621053,3.921052194044705e-08,0.0,0.0,0.018000000000000002,0.0,0.0013590056021107499,1
2012-07-06 15:30:00+00:00,0.03865275,0.15090917944437499,0.04019016313125,0.025,0.303,4.062105260789478,4.0621053,3.921052194044705e-08,0.0,0.0,0.27799999999999997,0.0,0.02097637594276812,1
2012-07-06 16:00:00+00:00,0.0404793,0.15299830057324998,0.042089364157499996,0.038,0.244,4.062105260789478,4.0621053,3.921052194044705e-08,0.0,0.0,0.206,0.0,0.015758824959044748,1
2012-07-06 16:30:00+00:00,0.0404055,0.15291389163875,0.0420126287625,0.006,0.695,4.062105260789478,4.0621053,3.921052194044705e-08,0.0,0.0,0.689,0.0,0.05267883566954937,1
2012-07-06 17:00:00+00:00,0.0414018,0.1540534122545,0.043048556594999995,0.0,0.752,4.062105260789478,4.0621053,3.921052194044705e-08,0.0,0.0,0.752,0.0,0.057924083007692,1
2012-07-06 17:30:00+00:00,0.0453624,0.15858335840600002,0.047166689459999994,0.0,0.792,3.6452631555263197,3.6452632,0.41684206078947783,0.0,0.792,0.0,-0.0,0.0,1
2012-07-06 18:00:00+00:00,0.05326515,0.16762214847537502,0.05538377134125,0.0,1.196,3.0157894713157933,3.0157895,0.6294736555263198,0.0,1.196,0.0,-0.0,0.0,1
2012-07-06 18:30:00+00:00,0.04825905,0.161896409085125,0.05017855371374999,0.0,0.72,2.636842102894741,2.6368421,0.37894737131579337,0.0,0.72,0.0,-0.0,0.0,1
2012-07-06 19:00:00+00:00,0.0486096,0.16229735152400002,0.050543046839999994,0.0,0.6,2.3210526292105302,2.3210526,0.31578950289474106,0.0,0.6,0.0,-0.0,0.0,1
2012-07-06 19:30:00+00:00,0.04193685,0.154665377029625,0.04360488820874999,0.0,0.922,2.3210526292105302,2.3210526,2.921053043891675e-08,0.0,0.0,0.922,0.0,0.07130073881065713,1
2012-07-06 20:00:00+00:00,0.0382161,0.15040975991525,0.0397361453775,0.0,1.047,2.3210526292105302,2.3210526,2.921053043891675e-08,0.0,0.0,1.047,0.0,0.07873950931563337,1
2012-07-06 20:30:00+00:00,0.0453747,0.15859742656175,0.04717947869249999,0.0,1.213,1.6826315765789512,1.6826316,0.6384210292105303,0.0,1.213,0.0,-0.0,0.0,1
2012-07-06 21:00:00+00:00,0.0452394,0.1584426768485,0.047038797135,0.0,1.182,1.0605263134210565,1.0605263,0.6221052765789512,0.0,1.182,0.0,-0.0,0.0,1
2012-07-06 21:30:00+00:00,0.03977205,0.152189381617625,0.04135398328875,0.0,0.603,1.0605263134210565,1.0605263,1.3421056488382987e-08,0.0,0.0,0.603,0.0,0.04588509855771394,1
2012-07-06 22:00:00+00:00,0.0400365,0.15249184696624998,0.0416289517875,0.0,0.119,1.0605263134210565,1.0605263,1.3421056488382987e-08,0.0,0.0,0.119,0.0,0.009073264894491874,1
2012-07-06 22:30:00+00:00,0.04797,0.16156580742499999,0.049878006749999995,0.0,0.058,1.0299999976315828,1.03,0.030526313421056495,0.0,0.058,0.0,-0.0,0.0,1
2012-07-06 23:00:00+00:00,0.0398028,0.152224552007,0.04138595637,0.0,0.018,1.0299999976315828,1.03,2.3684172401061687e-09,0.0,0.0,0.018,0.0,0.0013700209680629998,1
2012-07-06 23:30:00+00:00,0.0452886,0.1584989494715,0.047089954064999995,0.0,0.057,1.0,1.0,0.029999997631582787,0.0,0.056999996,4.0000000048334705e-09,0.0,3.1699789932605e-10,1
2012-07-07 00:00:00+00:00,0.0423366,0.10562259209150002,0.044020538265,0.0,0.019,1.5874999975000001,1.5875,0.5874999999999999,1.2368421,0.0,1.2558421,0.0,0.06632264892981639,1
2012-07-07 00:30:00+00:00,0.03867735,0.10143731575587499,0.04021574159624999,0.0,0.019,2.2999999975,2.3,0.7125000024999997,1.5,0.0,1.519,0.0,0.07704164131658704,1
2012-07-07 01:00:00+00:00,0.0371091,0.09964362589775001,0.03858511445249999,0.0,0.052,3.0124999975,3.0125,0.7125000025000001,1.5,0.0,1.552,0.0,0.07732345369665401,1
2012-07-07 01:30:00+00:00,0.0364572,0.09889801364300002,0.03790728513,0.0,0.018,3.7249999975,3.725,0.7125000025000001,1.5,0.0,1.518,0.0,0.07506359235503701,1
2012-07-07 02:00:00+00:00,0.03541785,0.09770925448212502,0.03682659498375,0.0,0.032,4.4374999975,4.4375,0.7125000025000001,1.5,0.0,1.532,0.0,0.07484528893330776,1
2012-07-07 02:30:00+00:00,0.03379425,0.095852257923125,0.03513841629375,0.0,0.036,5.1499999975,5.15,0.7125000025000006,1.5,0.0,1.536,0.0,0.07361453408496,1
2012-07-07 03:00:00+00:00,0.03386805,0.095936666857625,0.035215151688749995,0.0,0.058,5.8624999975000005,5.8625,0.7125000024999997,1.5,0.0,1.558,0.0,0.07473466348208987,1
2012-07-07 03:30:00+00:00,0.03383115,0.09589446239037501,0.035176783991249995,0.0,0.043,6.574999997500001,6.575,0.7125000024999997,1.5,0.0,1.543,0.0,0.07398257773417431,1
2012-07-07 04:00:00+00:00,0.03384345,0.09590853054612498,0.03518957322374999,0.0,0.04,7.287499997500001,7.2875,0.7125000024999988,1.5,0.0,1.54,0.0,0.07384956852051625,1
2012-07-07 04:30:00+00:00,0.0331116,0.09507147527900002,0.034428613889999994,0.0,0.027,7.999999997500002,8.0,0.7125000024999988,1.5,0.0,1.527,0.0,0.07258707137551651,1
2012-07-07 05:00:00+00:00,0.0331608,0.325027747902,0.03447977082,0.0,0.041,7.978421050131581,7.9784211,0.021578897500001304,0.0,0.041,0.0,-0.0,0.0,1
2012-07-07 05:30:00+00:00,0.03328995,0.32517546353737503,0.03461405776125,0.0,0.04,7.957368418552633,7.9573684,0.02105265013158064,0.0,0.04,0.0,-0.0,0.0,1
2012-07-07 06:00:00+00:00,0.03182625,0.323501353003125,0.03309213909375,0.0,0.026,7.943684208026317,7.9436842,0.013684218552633354,0.0,0.026,0.0,-0.0,0.0,1
2012-07-07 06:30:00+00:00,0.03295785,0.324795623332125,0.03426874848374999,0.0,0.344,7.76263157644737,7.7626316,0.1810526080263175,0.0,0.344,0.0,-0.0,0.0,1
2012-07-07 07:00:00+00:00,0.0326688,0.32446502167200003,0.03396820151999999,0.0,1.248,7.105789471184211,7.1057895,0.6568420764473695,0.0,1.248,0.0,-0.0,0.0,1
2012-07-07 07:30:00+00:00,0.0339603,0.32594217802575004,0.0353110709325,0.0,1.483,6.325263155394738,6.3252632,0.7805262711842111,0.0,1.483,0.0,-0.0,0.0,1
2012-07-07 08:00:00+00:00,0.0345507,0.32661744950175003,0.035924954092499996,0.006,2.203,5.535789471184211,5.5357895,0.7894736553947377,0.0,1.5,0.6970000000000001,0.0,0.1138261811513599,1
2012-07-07 08:30:00+00:00,0.038499,0.3311333274975,0.040030297725,0.013,1.706,4.7463157869736845,4.7463158,0.7894736711842114,0.0,1.5,0.19300000000000006,0.0,0.03195436610350876,1
2012-07-07 09:00:00+00:00,0.04545465,0.33908886957412504,0.04726260870374999,0.025,1.246,4.103684208026316,4.1036842,0.6426315869736845,0.0,1.221,0.0,-0.0,0.0,1
2012-07-07 09:30:00+00:00,0.04822215,0.34225420461787504,0.05014018601624999,0.031,0.871,3.661578944868421,3.6615789,0.44210530802631576,0.0,0.84,0.0,-0.0,0.0,1
2012-07-07 10:00:00+00:00,0.04519635,0.338793438303375,0.04699403482125,0.056,0.208,3.5815789448684208,3.5815789,0.08000004486842105,0.0,0.152,0.0,-0.0,0.0,1
2012-07-07 10:30:00+00:00,0.0423612,0.335550728403,0.044046116729999994,0.138,0.128,3.586328944868421,3.5863289,0.004749955131579053,0.01,0.0,0.0,-0.0,0.0,1
2012-07-07 11:00:00+00:00,0.03755805,0.149657113582625,0.03905192143875,0.169,0.034,3.650453944868421,3.6504539,0.06412495513157923,0.135,0.0,0.0,-0.0,0.0,1
2012-07-07 11:30:00+00:00,0.0361497,0.14804630974925,0.037587554317499994,0.169,0.14,3.664228944868421,3.6642289,0.013774955131578892,0.029,0.0,0.0,-0.0,0.0,1
2012-07-07 12:00:00+00:00,0.03559005,0.147406208662625,0.03700564423874999,0.175,0.399,3.664228944868421,3.6642289,4.486842097861654e-08,0.0,0.0,0.22400000000000003,0.0,0.016509495370214,1
2012-07-07 12:30:00+00:00,0.0348336,0.146541017084,0.036219106439999996,0.175,0.319,3.664228944868421,3.6642289,4.486842097861654e-08,0.0,0.0,0.14400000000000002,0.0,0.010550953230048002,1
2012-07-07 13:00:00+00:00,0.0351165,0.14686458466625002,0.0365132587875,0.163,0.485,3.664228944868421,3.6642289,4.486842097861654e-08,0.0,0.0,0.32199999999999995,0.0,0.02364519813126625,1
2012-07-07 13:30:00+00:00,0.0346491,0.14632999474775002,0.0360272679525,0.175,0.266,3.664228944868421,3.6642289,4.486842097861654e-08,0.0,0.0,0.09100000000000003,0.0,0.006658014761022628,1
2012-07-07 14:00:00+00:00,0.03389265,0.145464803169125,0.03524073015375,0.163,0.636,3.664228944868421,3.6642289,4.486842097861654e-08,0.0,0.0,0.473,0.0,0.03440242594949806,1
2012-07-07 14:30:00+00:00,0.0339726,0.1455562461815,0.035323860165,0.175,0.689,3.664228944868421,3.6642289,4.486842097861654e-08,0.0,0.0,0.514,0.0,0.0374079552686455,1
2012-07-07 15:00:00+00:00,0.03395415,0.14553514394787498,0.03530467631625,0.044,0.51,3.664228944868421,3.6642289,4.486842097861654e-08,0.0,0.0,0.466,0.0,0.03390968853985487,1
2012-07-07 15:30:00+00:00,0.0353625,0.14714594778125,0.036769043437499996,0.038,0.873,3.664228944868421,3.6642289,4.486842097861654e-08,0.0,0.0,0.835,0.0,0.06143343319867187,1
2012-07-07 16:00:00+00:00,0.0366294,0.14859496782349998,0.038086334385,0.069,0.799,3.664228944868421,3.6642289,4.486842097861654e-08,0.0,0.0,0.73,0.0,0.054237163255577495,1
2012-07-07 16:30:00+00:00,0.03818535,0.15037458952587499,0.03970417229625,0.075,0.764,3.664228944868421,3.6642289,4.486842097861654e-08,0.0,0.0,0.6890000000000001,0.0,0.05180404609166394,1
2012-07-07 17:00:00+00:00,0.04407705,0.15711323613012498,0.045830214663749994,0.0,0.591,3.664228944868421,3.6642289,4.486842097861654e-08,0.0,0.0,0.591,0.0,0.046426961276451933,1
2012-07-07 17:30:00+00:00,0.05060835,0.164583426833375,0.05262129712125,0.0,0.575,3.3615973659210523,3.3615974,0.3026315448684209,0.0,0.575,0.0,-0.0,0.0,1
2012-07-07 18:00:00+00:00,0.0596181,0.17488835092025,0.061989409927499996,0.0,0.877,2.900018418552631,2.9000184,0.4615789659210523,0.0,0.877,0.0,-0.0,0.0,1
2012-07-07 18:30:00+00:00,0.06343725,0.179256513280625,0.06596046661874999,0.0,0.936,2.4073868396052625,2.4073868,0.49263161855263116,0.0,0.936,0.0,-0.0,0.0,1
2012-07-07 19:00:00+00:00,0.0563463,0.17114622149074998,0.0585874740825,0.0,0.895,1.936334208026315,1.9363342,0.47105263960526256,0.0,0.895,0.0,-0.0,0.0,1
2012-07-07 19:30:00+00:00,0.0528039,0.16709459263475,0.0549041751225,0.0,0.793,1.5189657869736835,1.5189658,0.41736840802631514,0.0,0.793,0.0,-0.0,0.0,1
2012-07-07 20:00:00+00:00,0.0481914,0.1618190342285,0.050108212935,0.0,0.701,1.1500184185526308,1.1500184,0.36894738697368346,0.0,0.701,0.0,-0.0,0.0,1
2012-07-07 20:30:00+00:00,0.04465515,0.15777443945037498,0.04643130859124999,0.0,0.779,1.0,1.0,0.15001841855263076,0.0,0.285035,0.49396500000000004,0.0,0.03896752549155224,1
2012-07-07 21:00:00+00:00,0.0430377,0.15592447696925002,0.0447495245175,0.0,0.454,1.0,1.0,0.0,0.0,0.0,0.454,0.0,0.035394856272019756,1
2012-07-07 21:30:00+00:00,0.0379209,0.15007212417725,0.03942920379749999,0.0,0.778,1.0,1.0,0.0,0.0,0.0,0.778,0.0,0.05837805630495025,1
2012-07-07 22:00:00+00:00,0.03721365,0.149263205221625,0.03869382292875,0.0,0.066,1.0,1.0,0.0,0.0,0.0,0.066,0.0,0.004925685772313625,1
2012-07-07 22:30:00+00:00,0.0395076,0.151886916269,0.04107901479,0.0,0.022,1.0,1.0,0.0,0.0,0.0,0.022,0.0,0.001670756078959,1
2012-07-07 23:00:00+00:00,0.03797625,0.150135430878125,0.03948675534375,0.0,0.037,1.0,1.0,0.0,0.0,0.0,0.037,0.0,0.0027775054712453123,1
2012-07-07 23:30:00+00:00,0.0375765,0.14967821581625002,0.0390711052875,0.0,0.031,1.0,1.0,0.0,0.0,0.0,0.031,0.0,0.002320012345151875,1
2012-07-08 00:00:00+00:00,0.0359037,0.09826494663425002,0.037331769667499994,0.0,0.019,1.5874999975000001,1.5875,0.5874999999999999,1.2368421,0.0,1.2558421,0.0,0.06170262846877224,1
2012-07-08 00:30:00+00:00,0.03378195,0.095838189767375,0.03512562706124999,0.0,0.085,2.2999999975,2.3,0.7125000024999997,1.5,0.0,1.585,0.0,0.07595176539064469,1
2012-07-08 01:00:00+00:00,0.0338619,0.09592963277975002,0.0352087570725,0.0,0.085,3.0124999975,3.0125,0.7125000025000001,1.5,0.0,1.585,0.0,0.07602423397795188,1
2012-07-08 01:30:00+00:00,0.0339972,0.09608438249300001,0.03534943863,0.0,0.045,3.7249999975,3.725,0.7125000025000001,1.5,0.0,1.545,0.0,0.0742251854758425,1
2012-07-08 02:00:00+00:00,0.0341694,0.09628133667350001,0.035528487885,0.0,0.019,4.4374999975,4.4375,0.7125000025000001,1.5,0.0,1.519,0.0,0.07312567520352325,1
2012-07-08 02:30:00+00:00,0.0336405,0.09567640597625002,0.034978550887499994,0.0,0.052,5.1499999975,5.15,0.7125000025000006,1.5,0.0,1.552,0.0,0.07424489103757001,1
2012-07-08 03:00:00+00:00,0.0320415,0.09384754572875001,0.033315950662499996,0.0,0.019,5.8624999975000005,5.8625,0.7125000024999997,1.5,0.0,1.519,0.0,0.07127721098098563,1
2012-07-08 03:30:00+00:00,0.03112515,0.09279946812537503,0.03236315284125,0.0,0.019,6.574999997500001,6.575,0.7125000024999997,1.5,0.0,1.519,0.0,0.07048119604122233,1
2012-07-08 04:00:00+00:00,0.0311559,0.09283463851475002,0.0323951259225,0.0,0.049,7.287499997500001,7.2875,0.7125000024999988,1.5,0.0,1.549,0.0,0.07190042752967389,1
2012-07-08 04:30:00+00:00,0.03067005,0.09227894636262501,0.03188995123875,0.0,0.019,7.999999997500002,8.0,0.7125000024999988,1.5,0.0,1.519,0.0,0.07008585976241369,1
2012-07-08 05:00:00+00:00,0.03075615,0.322277423452875,0.031979475866249996,0.0,0.019,7.989999997500002,7.99,0.009999997500001356,0.0,0.019,0.0,-0.0,0.0,1
2012-07-08 05:30:00+00:00,0.03037485,0.321841310624625,0.031583009658749994,0.0,0.041,7.968421050131581,7.9684211,0.021578897500002192,0.0,0.041,0.0,-0.0,0.0,1
2012-07-08 06:00:00+00:00,0.0302211,0.32166545867775004,0.0314231442525,0.0,0.756,7.570526313289475,7.5705263,0.3978947501315808,0.0,0.756,0.0,-0.0,0.0,1
2012-07-08 06:30:00+00:00,0.0305778,0.3220734351945,0.031794031995,0.0,1.841,6.781052629078949,6.7810526,0.7894737132894756,0.0,1.5,0.34099999999999997,0.0,0.054913520700662244,1
2012-07-08 07:00:00+00:00,0.03124815,0.32284014968287505,0.032491045166249996,0.0,2.861,5.991578944868422,5.9915789,0.7894737290789484,0.0,1.5,1.3610000000000002,0.0,0.2196927218591965,1
2012-07-08 07:30:00+00:00,0.0334068,0.32530911101700005,0.03473555546999999,0.0,2.518,5.202105260657896,5.2021053,0.7894736448684219,0.0,1.5,1.0179999999999998,0.0,0.165582337507653,1
2012-07-08 08:00:00+00:00,0.03404025,0.32603362103812505,0.035394200943749995,0.006,1.243,4.551052629078948,4.5510526,0.6510526606578955,0.0,1.237,0.0,-0.0,0.0,1
2012-07-08 08:30:00+00:00,0.03488895,0.32700432378487504,0.036276657986249995,0.006,1.096,3.9773684185526323,3.9773684,0.5736842290789483,0.0,1.09,0.0,-0.0,0.0,1
2012-07-08 09:00:00+00:00,0.03495045,0.32707466456362505,0.03634060414875,0.013,0.072,3.946315786973685,3.9463158,0.031052618552632527,0.0,0.059,0.0,-0.0,0.0,1
2012-07-08 09:30:00+00:00,0.034686,0.326772199215,0.03606563565,0.05,0.052,3.9452631553947377,3.9452632,0.0010525869736852655,0.0,0.002,0.0,5.204170427930421e-18,-9.384585725712157e-20,1
2012-07-08 10:00:00+00:00,0.03563925,0.327862481285625,0.03705680116874999,0.094,0.027,3.9770881553947377,3.9770882,0.03182504460526214,0.067,0.0,0.0,-0.0,0.0,1
2012-07-08 10:30:00+00:00,0.03544245,0.3276373907936251,0.03685217344875,0.138,0.052,4.017938155394738,4.0179382,0.04085004460526198,0.086,0.0,0.0,2.7755575615628914e-17,-5.114266433785264e-19,1
2012-07-08 11:00:00+00:00,0.03433545,0.145971256776125,0.03570114252375,0.175,0.033,4.085388155394738,4.0853882,0.06745004460526172,0.142,0.0,0.0,-0.0,0.0,1
2012-07-08 11:30:00+00:00,0.03444615,0.146097870177875,0.03581624561625,0.2,0.028,4.167088155394738,4.1670882,0.08170004460526226,0.172,0.0,0.0,2.7755575615628914e-17,-4.970502567348822e-19,1
2012-07-08 12:00:00+00:00,0.03442155,0.146069733866375,0.035790667151250004,0.238,0.056,4.253538155394738,4.2535382,0.08645004460526273,0.182,0.0,0.0,-0.0,0.0,1
2012-07-08 12:30:00+00:00,0.03444615,0.146097870177875,0.03581624561625,0.275,0.135,4.320038155394737,4.3200382,0.06650004460526215,0.14,0.0,0.0,-0.0,0.0,1
2012-07-08 13:00:00+00:00,0.03381885,0.145380394234625,0.03516399475874999,0.1,0.081,4.329063155394738,4.3290632,0.009025044605262877,0.019,0.0,0.0,-0.0,0.0,1
2012-07-08 13:30:00+00:00,0.033825,0.1453874283125,0.035170389375,0.163,0.131,4.344263155394738,4.3442632,0.015200044605262697,0.032,0.0,0.0,-0.0,0.0,1
2012-07-08 14:00:00+00:00,0.03381885,0.145380394234625,0.03516399475874999,0.256,0.03,4.451613155394738,4.4516132,0.10735004460526198,0.226,0.0,0.0,-0.0,0.0,1
2012-07-08 14:30:00+00:00,0.03375735,0.145310053455875,0.03510004859625,0.25,0.05,4.546613155394738,4.5466132,0.09500004460526235,0.2,0.0,0.0,-0.0,0.0,1
2012-07-08 15:00:00+00:00,0.03384345,0.14540853054612501,0.03518957322374999,0.188,0.053,4.6107381553947375,4.6107382,0.06412504460526236,0.135,0.0,0.0,-0.0,0.0,1
2012-07-08 15:30:00+00:00,0.03444615,0.146097870177875,0.03581624561625,0.2,0.027,4.692913155394738,4.6929132,0.08217504460526204,0.173,0.0,0.0,2.7755575615628914e-17,-4.970502567348822e-19,1
2012-07-08 16:00:00+00:00,0.0344154,0.1460626997885,0.035784272534999995,0.15,0.041,4.744688155394738,4.7446882,0.05177504460526183,0.109,0.0,0.0,-0.0,0.0,1
2012-07-08 16:30:00+00:00,0.0351165,0.14686458466625002,0.0365132587875,0.063,0.042,4.754663155394738,4.7546632,0.00997504460526244,0.021,0.0,0.0,-0.0,0.0,1
2012-07-08 17:00:00+00:00,0.04011645,0.152583289978625,0.041712081798749995,0.0,0.059,4.754663155394738,4.7546632,4.460526259464359e-08,0.0,0.0,0.059,0.0,0.004501207054369437,1
2012-07-08 17:30:00+00:00,0.0465309,0.15991983320225,0.0483816665475,0.0,1.29,4.075715786973685,4.0757158,0.6789473553947376,0.0,1.29,0.0,-0.0,0.0,1
2012-07-08 18:00:00+00:00,0.05857875,0.173699591759375,0.060908719781249995,0.0,1.07,3.512557892236843,3.5125579,0.5631578869736851,0.0,1.07,0.0,-0.0,0.0,1
2012-07-08 18:30:00+00:00,0.0590646,0.1742552839115,0.061413894465,0.0,1.054,2.95782105013158,2.9578211,0.5547367922368429,0.0,1.054,0.0,-0.0,0.0,1
2012-07-08 19:00:00+00:00,0.05600805,0.170759347207625,0.05823577018874999,0.0,0.794,2.5399263132894747,2.5399263,0.41789475013157995,0.0,0.794,0.0,-0.0,0.0,1
2012-07-08 19:30:00+00:00,0.051168,0.16522352792,0.05320320719999999,0.0,0.698,2.172557892236843,2.1725579,0.36736841328947456,0.0,0.698,0.0,-0.0,0.0,1
2012-07-08 20:00:00+00:00,0.04977195,0.163626792242375,0.05175162931125,0.0,0.893,1.702557892236843,1.7025579,0.46999999223684297,0.0,0.893,0.0,-0.0,0.0,1
2012-07-08 20:30:00+00:00,0.0468753,0.16031374156325,0.048739765057499995,0.0,0.675,1.347294734342106,1.3472947,0.355263192236843,0.0,0.675,0.0,-0.0,0.0,1
2012-07-08 21:00:00+00:00,0.04126035,0.153891628463375,0.04290148042125,0.0,1.728,1.312631579078948,1.3126316,0.034663134342105995,0.0,0.065859995,1.662140005,0.0,0.12789471605178612,1
2012-07-08 21:30:00+00:00,0.0430254,0.15591040881350002,0.044736735284999996,0.0,0.594,1.0000000001315796,1.0,0.312631579078948,0.0,0.594,0.0,-0.0,0.0,1
2012-07-08 22:00:00+00:00,0.0392493,0.15159148499825,0.0408104409075,0.0,0.516,1.0000000001315796,1.0,1.315796360756849e-10,0.0,0.0,0.516,0.0,0.039110603129548505,1
2012-07-08 22:30:00+00:00,0.0363711,0.14829953655275,0.0378177605025,0.0,0.053,1.0000000001315796,1.0,1.315796360756849e-10,0.0,0.0,0.053,0.0,0.003929937718647874,1
2012-07-08 23:00:00+00:00,0.03563925,0.147462481285625,0.03705680116874999,0.0,0.018,1.0000000001315796,1.0,1.315796360756849e-10,0.0,0.0,0.018,0.0,0.001327162331570625,1
2012-07-08 23:30:00+00:00,0.0360759,0.14796190081475,0.037510818922499994,0.0,0.023,1.0000000001315796,1.0,1.315796360756849e-10,0.0,0.0,0.023,0.0,0.001701561859369625,1
2012-07-09 00:00:00+00:00,0.03561465,0.09793434497412501,0.03703122270374999,0.0,0.042,1.5874999976315798,1.5875,0.5874999998684203,1.2368421,0.0,1.2788421,0.0,0.06262128169441725,1
2012-07-09 00:30:00+00:00,0.03374505,0.09579598530012501,0.03508725936375,0.0,0.018,2.2999999976315797,2.3,0.71250000236842,1.5,0.0,1.518,0.0,0.07270915284279489,1
2012-07-09 01:00:00+00:00,0.03391725,0.09599293948062503,0.03526630861875,0.0,0.02,3.0124999976315796,3.0125,0.7125000023684205,1.5,0.0,1.52,0.0,0.07295463400527502,1
2012-07-09 01:30:00+00:00,0.0341202,0.09622506405050002,0.035477330955000004,0.0,0.044,3.7249999976315795,3.725,0.7125000023684205,1.5,0.0,1.544,0.0,0.07428574944698602,1
2012-07-09 02:00:00+00:00,0.0338496,0.09591556462400001,0.03519596784,0.0,0.018,4.43749999763158,4.4375,0.7125000023684205,1.5,0.0,1.518,0.0,0.07279991354961601,1
2012-07-09 02:30:00+00:00,0.03370815,0.095753780832875,0.03504889166625,0.0,0.018,5.14999999763158,5.15,0.7125000023684205,1.5,0.0,1.518,0.0,0.07267711965215212,1
2012-07-09 03:00:00+00:00,0.0326688,0.09456502167199998,0.03396820151999999,0.0,0.046,5.862499997631581,5.8625,0.7125000023684196,1.5,0.0,1.546,0.0,0.07309876175245598,1
2012-07-09 03:30:00+00:00,0.03153105,0.093263717265125,0.032785197513749996,0.0,0.017,6.574999997631581,6.575,0.7125000023684196,1.5,0.0,1.517,0.0,0.07074052954559731,1
2012-07-09 04:00:00+00:00,0.0311928,0.092876842982,0.032433493619999997,0.0,0.017,7.287499997631581,7.2875,0.7125000023684187,1.5,0.0,1.517,0.0,0.07044708540184699,1
2012-07-09 04:30:00+00:00,0.03178935,0.09355914853587502,0.03305377139625,0.0,0.038,7.999999997631582,8.0,0.7125000023684187,1.5,0.0,1.538,0.0,0.07194698522408789,1
2012-07-09 05:00:00+00:00,0.03415095,0.326160234439875,0.035509304036249995,0.0,0.139,7.92684210289474,7.9268421,0.07315789763158165,0.0,0.139,0.0,-0.0,0.0,1
2012-07-09 05:30:00+00:00,0.0344892,0.3265471087230001,0.035861007929999994,0.0,0.034,7.908947366052634,7.9089474,0.017894702894739822,0.0,0.034,0.0,-0.0,0.0,1
2012-07-09 06:00:00+00:00,0.03604515,0.328326730425375,0.03747884584125,0.0,0.035,7.890526313421055,7.8905263,0.018421066052633606,0.0,0.035,0.0,-0.0,0.0,1
2012-07-09 06:30:00+00:00,0.04057155,0.33350381174137506,0.042185283401249996,0.0,0.421,7.668947366052634,7.6689474,0.2215789134210544,0.0,0.421,0.0,-0.0,0.0,1
2012-07-09 07:00:00+00:00,0.0448581,0.33840656402025,0.046642330927499996,0.0,3.222,6.879473681842107,6.8794737,0.7894736660526336,0.0,1.5,1.722,0.0,0.29136805162143525,1
2012-07-09 07:30:00+00:00,0.04326525,0.33658473785062504,0.044986125318749993,0.0,3.432,6.089999997631581,6.09,0.7894736818421073,0.0,1.5,1.932,0.0,0.3251408567637038,1
2012-07-09 08:00:00+00:00,0.0521028,0.34669270775700006,0.05417518886999999,0.0,1.438,5.333157892368423,5.3331579,0.7568420976315808,0.0,1.438,0.0,-0.0,0.0,1
2012-07-09 08:30:00+00:00,0.0554484,0.35051924612100005,0.05765386011,0.013,1.218,4.698947366052633,4.6989474,0.6342104923684229,0.0,1.205,0.0,-0.0,0.0,1
2012-07-09 09:00:00+00:00,0.0549933,0.34999872435825,0.057180658507499996,0.019,0.181,4.613684208157896,4.6136842,0.08526316605263329,0.0,0.162,0.0,-0.0,0.0,1
2012-07-09 09:30:00+00:00,0.0552762,0.3503222919405,0.057474810854999996,0.05,0.048,4.614634208157896,4.6146342,0.00094999184210387,0.002,0.0,0.0,-0.0,0.0,1
2012-07-09 10:00:00+00:00,0.0532221,0.34797290993025004,0.0553390090275,0.1,0.036,4.645034208157896,4.6450342,0.030399991842103624,0.064,0.0,0.0,-0.0,0.0,1
2012-07-09 10:30:00+00:00,0.04862805,0.342718453757625,0.050562230688749994,0.138,0.177,4.624507892368422,4.6245079,0.02052630815789591,0.0,0.039,0.0,2.0816681711721685e-17,-5.262689314411775e-19,1
2012-07-09 11:00:00+00:00,0.04844355,0.162107431421375,0.050370392201249996,0.175,0.217,4.602402629210528,4.6024026,0.022105292368422624,0.0,0.042,6.938893903907228e-18,0.0,5.62423133833919e-19,1
2012-07-09 11:30:00+00:00,0.0465924,0.159990173981,0.048445612709999995,0.206,0.231,4.589244734473685,4.5892447,0.013157929210527719,0.0,0.025,2.0816681711721685e-17,0.0,1.6652322643827264e-18,1
2012-07-09 12:00:00+00:00,0.04737345,0.160883501871125,0.04925772897374999,0.219,0.166,4.614419734473685,4.6144197,0.025174965526314708,0.053,0.0,0.0,-0.0,0.0,1
2012-07-09 12:30:00+00:00,0.0466908,0.160102719227,0.04854792656999999,0.238,0.303,4.580209208157895,4.5802092,0.034210534473685605,0.0,0.065,0.0,-0.0,0.0,1
2012-07-09 13:00:00+00:00,0.0467646,0.1601871281615,0.048624661964999996,0.244,0.094,4.651459208157895,4.6514592,0.07124999184210434,0.15,0.0,0.0,-0.0,0.0,1
2012-07-09 13:30:00+00:00,0.04620495,0.159547027074875,0.04804275188625,0.244,0.052,4.742659208157895,4.7426592,0.09119999184210492,0.192,0.0,0.0,-0.0,0.0,1
2012-07-09 14:00:00+00:00,0.0457437,0.15901947123425,0.047563155667499996,0.238,0.022,4.845259208157895,4.8452592,0.102599991842105,0.216,0.0,0.0,-0.0,0.0,1
2012-07-09 14:30:00+00:00,0.0430992,0.155994817748,0.044813470679999995,0.25,0.054,4.938359208157895,4.9383592,0.09309999184210493,0.196,0.0,0.0,-0.0,0.0,1
2012-07-09 15:00:00+00:00,0.0410943,0.15370170836075,0.0427288257825,0.219,0.625,4.893157895,4.8931579,0.04520130815789436,0.0,0.085882495,0.320117505,0.0,0.024601303697340468,1
2012-07-09 15:30:00+00:00,0.0409344,0.15351882233599998,0.04256256576,0.2,0.902,4.893157895,4.8931579,5.000000413701855e-09,0.0,0.0,0.702,0.0,0.05388510663993599,1
2012-07-09 16:00:00+00:00,0.04148175,0.15414485526687502,0.04313168660625,0.156,0.579,4.670526316052632,4.6705263,0.22263159500000018,0.0,0.423,0.0,5.551115123125783e-17,-1.1971447890293806e-18,1
2012-07-09 16:30:00+00:00,0.0406515,0.15319525475375,0.0422684134125,0.081,0.394,4.670526316052632,4.6705263,1.6052632112462106e-08,0.0,0.0,0.313,0.0,0.023975057368961876,1
2012-07-09 17:00:00+00:00,0.04199835,0.154735717808375,0.04366883437124999,0.0,0.382,4.469473684473685,4.4694737,0.2010526160526318,0.0,0.382,0.0,-0.0,0.0,1
2012-07-09 17:30:00+00:00,0.0454608,0.158695903652,0.04726900332,0.0,0.38,4.2694736844736845,4.2694737,0.19999998447368483,0.0,0.38,0.0,-0.0,0.0,1
2012-07-09 18:00:00+00:00,0.08497455,0.203889853998875,0.08835441272624998,0.0,1.177,3.650000000263158,3.65,0.6194736844736846,0.0,1.177,0.0,-0.0,0.0,1
2012-07-09 18:30:00+00:00,0.14653605,0.27430097352762495,0.15236452138874998,0.0,0.736,3.2626315792105265,3.2626316,0.38736840026315766,0.0,0.736,0.0,-0.0,0.0,1
2012-07-09 19:00:00+00:00,0.0823731,0.20091443905775003,0.0856494900525,0.0,0.648,2.921578947631579,2.9215789,0.3410526792105264,0.0,0.648,0.0,-0.0,0.0,1
2012-07-09 19:30:00+00:00,0.05312985,0.167467398762125,0.05524308978375,0.0,0.78,2.5110526318421056,2.5110526,0.410526347631579,0.0,0.78,0.0,-0.0,0.0,1
2012-07-09 20:00:00+00:00,0.0465924,0.159990173981,0.048445612709999995,0.0,0.643,2.1726315792105266,2.1726316,0.3384210318421057,0.0,0.643,0.0,-0.0,0.0,1
2012-07-09 20:30:00+00:00,0.0482775,0.16191751131874998,0.0501977375625,0.0,0.698,1.805263158157895,1.8052632,0.3673683792105267,0.0,0.698,0.0,-0.0,0.0,1
2012-07-09 21:00:00+00:00,0.0465924,0.159990173981,0.048445612709999995,0.0,1.419,1.058421052894737,1.0584211,0.7468420581578952,0.0,1.419,0.0,-0.0,0.0,1
2012-07-09 21:30:00+00:00,0.04085445,0.153427379323625,0.04247943574875,0.0,0.224,1.058421052894737,1.0584211,4.710526280149452e-08,0.0,0.0,0.224,0.0,0.017183866484246,1
2012-07-09 22:00:00+00:00,0.0380685,0.15024094204625,0.03958267458749999,0.0,0.046,1.058421052894737,1.0584211,4.710526280149452e-08,0.0,0.0,0.046,0.0,0.0034555416670637496,1
2012-07-09 22:30:00+00:00,0.05354805,0.16794571605762498,0.05567792368874999,0.0,0.045,1.0347368423684213,1.0347368,0.02368425289473719,0.0,0.045,0.0,-0.0,0.0,1
2012-07-09 23:00:00+00:00,0.0442431,0.15730315623274999,0.04600286930249999,0.0,0.043,1.012105263421053,1.0121053,0.022631542368421353,0.0,0.043,0.0,-0.0,0.0,1
2012-07-09 23:30:00+00:00,0.04609425,0.159420413673125,0.04792764879375,0.0,0.023,1.0000000002631582,1.0,0.012105263421053003,0.0,0.023,0.0,-0.0,0.0,1
2012-07-10 00:00:00+00:00,0.0440955,0.10763433836375,0.04584939851249999,0.0,0.051,1.587499997763158,1.5875,0.5874999997368417,1.2368421,0.0,1.2878421,0.0,0.06930801617524118,1
2012-07-10 00:30:00+00:00,0.04249035,0.105798444038375,0.04418040367125,0.0,0.026,2.299999997763158,2.3,0.7125000022368417,1.5,0.0,1.526,0.0,0.08072421280128013,1
2012-07-10 01:00:00+00:00,0.04246575,0.105770307726875,0.04415482520625,0.0,0.022,3.012499997763158,3.0125,0.7125000022368422,1.5,0.0,1.522,0.0,0.08049120418015188,1
2012-07-10 01:30:00+00:00,0.04379415,0.10728966854787501,0.045536062316249994,0.0,0.053,3.724999997763158,3.725,0.7125000022368422,1.5,0.0,1.553,0.0,0.08331042762742495,1
2012-07-10 02:00:00+00:00,0.04001805,0.10297074473262502,0.04160976793874999,0.0,0.022,4.437499997763158,4.4375,0.7125000022368422,1.5,0.0,1.522,0.0,0.07836073674152765,1
2012-07-10 02:30:00+00:00,0.03590985,0.098271980712125,0.037338164283749996,0.0,0.022,5.1499999977631585,5.15,0.7125000022368422,1.5,0.0,1.522,0.0,0.07478497732192713,1
2012-07-10 03:00:00+00:00,0.0353748,0.09766001593700001,0.03678183266999999,0.0,0.049,5.862499997763159,5.8625,0.7125000022368413,1.5,0.0,1.549,0.0,0.0756376823432065,1
2012-07-10 03:30:00+00:00,0.0349443,0.09716763048574999,0.036334209532499995,0.0,0.024,6.574999997763159,6.575,0.7125000022368413,1.5,0.0,1.524,0.0,0.07404173443014149,1
2012-07-10 04:00:00+00:00,0.03388035,0.095950735013375,0.03522794092124999,0.0,0.077,7.28749999776316,7.2875,0.7125000022368404,1.5,0.0,1.577,0.0,0.07565715455804618,1
2012-07-10 04:30:00+00:00,0.03444615,0.09659787017787502,0.03581624561625,0.0,0.046,7.99999999776316,8.0,0.7125000022368404,1.5,0.0,1.546,0.0,0.07467015364749739,1
2012-07-10 05:00:00+00:00,0.03495045,0.32707466456362505,0.03634060414875,0.0,0.043,7.977368418815791,7.9773684,0.02263159776316037,0.0,0.043,0.0,-0.0,0.0,1
2012-07-10 05:30:00+00:00,0.03749655,0.329986772803875,0.03898797527624999,0.0,0.707,7.605263155657896,7.6052632,0.3721052188157916,0.0,0.707,0.0,-0.0,0.0,1
2012-07-10 06:00:00+00:00,0.0397044,0.332512006761,0.041283642509999996,0.0,1.099,7.0268421030263175,7.0268421,0.5784210556578966,0.0,1.099,0.0,-0.0,0.0,1
2012-07-10 06:30:00+00:00,0.0424473,0.33564920549325,0.0441356413575,0.0,1.124,6.435263155657896,6.4352632,0.5915789030263179,0.0,1.124,0.0,-0.0,0.0,1
2012-07-10 07:00:00+00:00,0.0454977,0.33913810811925005,0.0473073710175,0.0,1.283,5.75999999776316,5.76,0.6752631556578965,0.0,1.283,0.0,-0.0,0.0,1
2012-07-10 07:30:00+00:00,0.0415125,0.33458002565625006,0.043163659687499994,0.0,2.893,4.970526313552633,4.9705263,0.7894736977631593,0.0,1.5,1.3929999999999998,0.0,0.23303498786957813,1
2012-07-10 08:00:00+00:00,0.04995645,0.344237814578625,0.05194346779875,0.013,1.784,4.181052629342107,4.1810526,0.7894737135526331,0.0,1.5,0.27100000000000013,0.0,0.04664422387540371,1
2012-07-10 08:30:00+00:00,0.05535615,0.35041373495287503,0.05755794086625,0.025,1.286,3.5173684188157908,3.5173684,0.6636842293421066,0.0,1.261,2.220446049250313e-16,0.0,3.8903739668957886e-17,1
2012-07-10 09:00:00+00:00,0.05650005,0.351722073437625,0.05874733948875,0.038,1.091,2.9631578925000013,2.9631579,0.5542105188157906,0.0,1.053,0.0,-0.0,0.0,1
2012-07-10 09:30:00+00:00,0.05739795,0.35274904880737507,0.05968095346125,0.05,0.957,2.4857894714473696,2.4857895,0.4773683925000012,0.0,0.907,0.0,1.1102230246251565e-16,-3.312958433213109e-18,1
2012-07-10 10:00:00+00:00,0.0528777,0.34757900156925003,0.0549809105175,0.069,0.252,2.3894736819736853,2.3894737,0.09631577144736969,0.0,0.183,0.0,-0.0,0.0,1
2012-07-10 10:30:00+00:00,0.0541815,0.34907022607875005,0.056336569162499996,0.088,0.163,2.349999997763159,2.35,0.03947368197368517,0.0,0.075,1.3877787807814457e-17,0.0,2.4221612637733567e-18,1
2012-07-10 11:00:00+00:00,0.05367105,0.168086397615125,0.055805816013749995,0.138,0.021,2.4055749977631593,2.405575,0.05557500223684064,0.117,0.0,0.0,-0.0,0.0,1
2012-07-10 11:30:00+00:00,0.0571212,0.172032515303,0.059393195729999994,0.15,0.023,2.4658999977631595,2.4659,0.060325002236840675,0.127,0.0,0.0,-0.0,0.0,1
2012-07-10 12:00:00+00:00,0.05330205,0.167664352942625,0.05542213903875,0.169,0.048,2.5233749977631597,2.523375,0.057475002236840655,0.121,0.0,0.0,2.7755575615628914e-17,-7.691366854349624e-19,1
2012-07-10 12:30:00+00:00,0.05365875,0.168072329459375,0.05579302678124999,0.2,0.019,2.6093499977631596,2.60935,0.0859750022368404,0.181,0.0,0.0,2.7755575615628914e-17,-7.742837868258966e-19,1
2012-07-10 13:00:00+00:00,0.05022705,0.164147314005125,0.05222483091375,0.238,0.031,2.7076749977631596,2.707675,0.09832500223684049,0.207,0.0,0.0,-0.0,0.0,1
2012-07-10 13:30:00+00:00,0.0530253,0.16734781943825,0.055134381307499994,0.244,0.042,2.8036249977631598,2.803625,0.09595000223684025,0.202,0.0,2.7755575615628914e-17,0.0,2.322417528264481e-18,1
2012-07-10 14:00:00+00:00,0.05400315,0.168466237820375,0.05615112529125,0.238,0.02,2.9071749977631596,2.907175,0.1035500022368403,0.218,0.0,0.0,-0.0,0.0,1
2012-07-10 14:30:00+00:00,0.05324055,0.167594012163875,0.05535819287625,0.113,0.069,2.9280749977631597,2.928075,0.02090000223684063,0.044,0.0,0.0,-0.0,0.0,1
2012-07-10 15:00:00+00:00,0.0515247,0.16563150443675,0.0535740949425,0.05,0.037,2.9342499977631595,2.93425,0.00617500223684031,0.013,0.0,0.0,6.938893903907228e-18,-1.8587248040193015e-19,1
2012-07-10 15:30:00+00:00,0.05509785,0.16971830368212498,0.057289366983749986,0.013,0.035,2.9226710503947384,2.9226711,0.011578897763159457,0.0,0.022,6.938893903907228e-18,0.0,5.888286514006864e-19,1
2012-07-10 16:00:00+00:00,0.05747175,0.17243345774187502,0.05975768885625,0.006,0.031,2.9095131556578964,2.9095132,0.013157850394738269,0.0,0.025,0.0,-0.0,0.0,1
2012-07-10 16:30:00+00:00,0.05959965,0.17486724868662498,0.06197022607874999,0.006,0.037,2.893197366184212,2.8931974,0.016315755657896336,0.0,0.031,0.0,-0.0,0.0,1
2012-07-10 17:00:00+00:00,0.0533574,0.1677276596435,0.055479690585,0.0,0.024,2.8805657872368435,2.8805658,0.01263156618421224,0.0,0.024,0.0,-0.0,0.0,1
2012-07-10 17:30:00+00:00,0.05918145,0.174388931391125,0.061535392173749995,0.0,0.028,2.8658289451315806,2.8658289,0.014736887236843632,0.0,0.028,0.0,-0.0,0.0,1
2012-07-10 18:00:00+00:00,0.0989781,0.21990644932025002,0.1029149539275,0.0,0.039,2.845302629342107,2.8453026,0.02052634513158047,0.0,0.039,0.0,-0.0,0.0,1
2012-07-10 18:30:00+00:00,0.11472825,0.23792072275812498,0.11929156614374999,0.0,0.023,2.8331973661842125,2.8331974,0.012105229342107116,0.0,0.023,0.0,-0.0,0.0,1
2012-07-10 19:00:00+00:00,0.05653695,0.171364277904875,0.05878570718625,0.0,0.506,2.566881576710528,2.5668816,0.2663157661842126,0.0,0.506,0.0,-0.0,0.0,1
2012-07-10 19:30:00+00:00,0.04469205,0.157816643917625,0.04646967628874999,0.0,0.827,2.1316184188157914,2.1316184,0.4352631767105284,0.0,0.827,0.0,-0.0,0.0,1
2012-07-10 20:00:00+00:00,0.042189,0.1549537742225,0.043867067475,0.0,0.752,1.8305263135526335,1.8305263,0.30109211881579134,0.0,0.572075,0.179925,0.0,0.013940028913491657,1
2012-07-10 20:30:00+00:00,0.0427671,0.15561497754275,0.0444681614025,0.0,0.862,1.3768421030263176,1.3768421,0.45368421355263355,0.0,0.862,0.0,-0.0,0.0,1
2012-07-10 21:00:00+00:00,0.043419,0.15636058979749998,0.045145990724999994,0.0,0.584,1.069473681973686,1.0694737,0.3073684030263175,0.0,0.584,0.0,-0.0,0.0,1
2012-07-10 21:30:00+00:00,0.04191225,0.154637240718125,0.043579309743749996,0.0,0.844,1.069473681973686,1.0694737,1.80263139970549e-08,0.0,0.0,0.844,0.0,0.06525691558304875,1
2012-07-10 22:00:00+00:00,0.03757035,0.149671181738375,0.039064710671249996,0.0,0.255,1.069473681973686,1.0694737,1.80263139970549e-08,0.0,0.0,0.255,0.0,0.019083075671642812,1
2012-07-10 22:30:00+00:00,0.0511311,0.16518132345275,0.05316483950249999,0.0,0.077,1.0289473661842123,1.0289474,0.04052628197368602,0.0,0.077,0.0,-0.0,0.0,1
2012-07-10 23:00:00+00:00,0.03969825,0.152104972683125,0.041277247893749994,0.0,0.021,1.0289473661842123,1.0289474,3.3815787725544055e-08,0.0,0.0,0.021,0.0,0.0015971022131728127,1
2012-07-10 23:30:00+00:00,0.04455675,0.157661894204375,0.046328994731249996,0.0,0.055,1.0,1.0,0.028947366184212342,0.0,0.054999996,3.999999997894577e-09,0.0,3.153237882427775e-10,1
2012-07-11 00:00:00+00:00,0.037023,0.09954514880750001,0.038495589824999996,0.0,0.018,1.5874999975000001,1.5875,0.5874999999999999,1.2368421,0.0,1.2548421,0.0,0.06245672178720791,1
2012-07-11 00:30:00+00:00,0.0363219,0.09874326392975,0.037766603572499995,0.0,0.036,2.2999999975,2.3,0.7125000024999997,1.5,0.0,1.536,0.0,0.075834826698048,1
2012-07-11 01:00:00+00:00,0.03642645,0.098862843253625,0.03787531204875,0.0,0.033,3.0124999975,3.0125,0.7125000025000001,1.5,0.0,1.533,0.0,0.07577836935390356,1
2012-07-11 01:30:00+00:00,0.036654,0.09912310413500001,0.03811191285,0.0,0.018,3.7249999975,3.725,0.7125000025000001,1.5,0.0,1.518,0.0,0.07523443603846501,1
2012-07-11 02:00:00+00:00,0.03508575,0.097329414276875,0.03648128570625,0.0,0.046,4.4374999975,4.4375,0.7125000025000001,1.5,0.0,1.546,0.0,0.07523563723602437,1
2012-07-11 02:30:00+00:00,0.0342678,0.09639388191949999,0.035630801744999996,0.0,0.022,5.1499999975,5.15,0.7125000025000006,1.5,0.0,1.522,0.0,0.07335574414073949,1
2012-07-11 03:00:00+00:00,0.0337389,0.09578895122225002,0.0350808647475,0.0,0.018,5.8624999975000005,5.8625,0.7125000024999997,1.5,0.0,1.518,0.0,0.07270381397768777,1
2012-07-11 03:30:00+00:00,0.03357285,0.095599031119625,0.03490821010875,0.0,0.048,6.574999997500001,6.575,0.7125000024999997,1.5,0.0,1.548,0.0,0.07399365008658976,1
2012-07-11 04:00:00+00:00,0.03322845,0.09520512275862501,0.034550111598749995,0.0,0.019,7.287499997500001,7.2875,0.7125000024999988,1.5,0.0,1.519,0.0,0.0723082907351757,1
2012-07-11 04:30:00+00:00,0.0325335,0.09441027195875,0.0338275199625,0.0,0.026,7.999999997500002,8.0,0.7125000024999988,1.5,0.0,1.526,0.0,0.07203503750452625,1
2012-07-11 05:00:00+00:00,0.033456,0.32536538364,0.034786712399999996,0.0,0.044,7.976842102763159,7.9768421,0.023157897500001745,0.0,0.044,0.0,-0.0,0.0,1
2012-07-11 05:30:00+00:00,0.03412635,0.32613209812837507,0.03548372557125,0.0,0.022,7.965263155394738,7.9652632,0.011578902763159427,0.0,0.022,0.0,-0.0,0.0,1
2012-07-11 06:00:00+00:00,0.0354855,0.32768662933875,0.0368969357625,0.0,1.032,7.422105260657896,7.4221053,0.543157855394738,0.0,1.032,0.0,-0.0,0.0,1
2012-07-11 06:30:00+00:00,0.03806235,0.33063390796837505,0.03957627997125,0.0,1.389,6.691052629078949,6.6910526,0.7310526606578964,0.0,1.389,0.0,-0.0,0.0,1
2012-07-11 07:00:00+00:00,0.04124805,0.334277560307625,0.042888691188749994,0.0,2.879,5.901578944868422,5.9015789,0.7894737290789493,0.0,1.5,1.379,0.0,0.23048437783210746,1
2012-07-11 07:30:00+00:00,0.03568845,0.327918753908625,0.03710795809874999,0.0,1.517,5.112105260657896,5.1121053,0.7894736448684228,0.0,1.5,0.016999999999999904,0.0,0.0027873094082232967,1
2012-07-11 08:00:00+00:00,0.0405162,0.33344050504050005,0.042127731854999996,0.0,0.877,4.6505263132894745,4.6505263,0.4615789606578957,0.0,0.877,0.0,-0.0,0.0,1
2012-07-11 08:30:00+00:00,0.0424104,0.33560700102600005,0.04409727366,0.006,0.583,4.3468421027631585,4.3468421,0.3036842132894746,0.0,0.577,0.0,-0.0,0.0,1
2012-07-11 09:00:00+00:00,0.0420783,0.33522716082075005,0.0437519643825,0.013,0.351,4.168947365921054,4.1689474,0.1778947027631581,0.0,0.338,0.0,5.551115123125783e-17,-1.2143609557507818e-18,1
2012-07-11 09:30:00+00:00,0.0422259,0.33539597868975,0.0439054351725,0.069,0.189,4.105789471184211,4.1057895,0.06315786592105344,0.0,0.12,0.0,-0.0,0.0,1
2012-07-11 10:00:00+00:00,0.0397905,0.33261048385125,0.04137316713749999,0.075,0.035,4.1247894711842115,4.1247895,0.019000028815788994,0.04,0.0,1.3877787807814457e-17,0.0,2.3079488587710724e-18,1
2012-07-11 10:30:00+00:00,0.0403932,0.333299823483,0.04199983953,0.094,0.074,4.1342894711842115,4.1342895,0.00950002881578893,0.02,0.0,0.0,-0.0,0.0,1
2012-07-11 11:00:00+00:00,0.0371091,0.14914362589775,0.03858511445249999,0.1,0.019,4.172764471184212,4.1727645,0.0384750288157889,0.081,0.0,0.0,-0.0,0.0,1
2012-07-11 11:30:00+00:00,0.036654,0.148623104135,0.03811191285,0.2,0.028,4.254464471184211,4.2544645,0.08170002881578853,0.172,0.0,0.0,2.7755575615628914e-17,-5.289090394822171e-19,1
2012-07-11 12:00:00+00:00,0.0368262,0.14882005831550002,0.038290962105000007,0.188,0.075,4.308139471184211,4.3081395,0.053675028815789005,0.113,0.0,0.0,-0.0,0.0,1
2012-07-11 12:30:00+00:00,0.0359529,0.14782121925725003,0.037382926597500005,0.163,0.337,4.21656052381579,4.2165605,0.09157897118421143,0.0,0.174,2.7755575615628914e-17,0.0,2.051431514344532e-18,1
2012-07-11 13:00:00+00:00,0.03482745,0.146533983006125,0.03621271182375,0.269,0.505,4.21656052381579,4.2165605,2.381579022880942e-08,0.0,0.0,0.236,0.0,0.017291009994722748,1
2012-07-11 13:30:00+00:00,0.03444615,0.146097870177875,0.03581624561625,0.269,0.321,4.21656052381579,4.2165605,2.381579022880942e-08,0.0,0.0,0.05199999999999999,0.0,0.0037985446246247495,1
2012-07-11 14:00:00+00:00,0.03417555,0.145788370751375,0.03553488250125,0.219,0.05,4.2968355238157905,4.2968355,0.08027497618421009,0.169,0.0,2.7755575615628914e-17,0.0,2.0232200741345656e-18,1
2012-07-11 14:30:00+00:00,0.0338496,0.145415564624,0.03519596784,0.244,0.034,4.396585523815791,4.3965855,0.09974997618420911,0.21,0.0,0.0,-0.0,0.0,1
2012-07-11 15:00:00+00:00,0.0338619,0.14542963277975,0.0352087570725,0.225,0.019,4.494435523815791,4.4944355,0.0978499761842091,0.206,0.0,0.0,2.7755575615628914e-17,-4.886196596290415e-19,1
2012-07-11 15:30:00+00:00,0.034071,0.1456687914275,0.035426174025,0.175,0.193,4.494435523815791,4.4944355,2.381579111698784e-08,0.0,0.0,0.018000000000000016,0.0,0.0013110191228475011,1
2012-07-11 16:00:00+00:00,0.03416325,0.14577430259562502,0.03552209326875,0.1,0.069,4.509160523815791,4.5091605,0.014724976184209204,0.031,0.0,0.0,-0.0,0.0,1
2012-07-11 16:30:00+00:00,0.03293325,0.14436748702062502,0.03424317001874999,0.038,0.064,4.509160523815791,4.5091605,2.381579111698784e-08,0.0,0.0,0.026000000000000002,0.0,0.0018767773312681254,1
2012-07-11 17:00:00+00:00,0.03360975,0.145141235586875,0.03494657780625,0.006,0.35,4.509160523815791,4.5091605,2.381579111698784e-08,0.0,0.0,0.344,0.0,0.024964292520942497,1
2012-07-11 17:30:00+00:00,0.0387819,0.15105689507975,0.0403244500725,0.0,0.561,4.213897365921055,4.2138974,0.2952631238157917,0.0,0.561,0.0,-0.0,0.0,1
2012-07-11 18:00:00+00:00,0.0401964,0.15267473299099998,0.041795211809999996,0.0,1.636,3.424423681710528,3.4244237,0.7894736659210544,0.0,1.5,0.1359999999999999,0.0,0.01038188184338799,1
2012-07-11 18:30:00+00:00,0.0384621,0.15069112303025,0.0399919300275,0.0,0.612,3.1023184185526334,3.1023184,0.3221052817105279,0.0,0.612,0.0,-0.0,0.0,1
2012-07-11 19:00:00+00:00,0.0383145,0.15052230516125,0.0398384592375,0.0,0.488,2.8454763132894754,2.8454763,0.2568421185526333,0.0,0.488,0.0,-0.0,0.0,1
2012-07-11 19:30:00+00:00,0.035793,0.14763833323249997,0.037216666574999994,0.0,0.908,2.36758157644737,2.3675816,0.4778947132894755,0.0,0.908,0.0,-0.0,0.0,1
2012-07-11 20:00:00+00:00,0.03487665,0.146590255629125,0.03626386875375,0.0,0.431,2.32421052644737,2.3242105,0.04337107644737026,0.0,0.082404995,0.348595005,0.0,0.025550315446993054,1
2012-07-11 20:30:00+00:00,0.0381177,0.15029721466925,0.039633831517499996,0.0,0.952,1.8231578948684226,1.8231579,0.50105262644737,0.0,0.952,0.0,-0.0,0.0,1
2012-07-11 21:00:00+00:00,0.03531945,0.147096709236125,0.03672428112375,0.0,0.555,1.5310526317105277,1.5310526,0.2921052948684226,0.0,0.555,0.0,-0.0,0.0,1
2012-07-11 21:30:00+00:00,0.03493815,0.146660596407875,0.03632781491625,0.0,0.745,1.138947368552633,1.1389474,0.3921052317105278,0.0,0.745,0.0,-0.0,0.0,1
2012-07-11 22:00:00+00:00,0.03444,0.14609083609999998,0.035809851,0.0,0.045,1.138947368552633,1.1389474,3.144736693272421e-08,0.0,0.0,0.045,0.0,0.0032870438122499994,1
2012-07-11 22:30:00+00:00,0.0399135,0.15235116540875002,0.041501059462499996,0.0,0.054,1.110526315921054,1.1105263,0.028421068552632933,0.0,0.054,0.0,-0.0,0.0,1
2012-07-11 23:00:00+00:00,0.03520875,0.146970095834375,0.036609178031249995,0.0,0.132,1.0410526317105278,1.0410526,0.06947371592105411,0.0,0.132,0.0,-0.0,0.0,1
2012-07-11 23:30:00+00:00,0.03613125,0.14802520751562498,0.037568370468749994,0.0,0.078,1.0000000001315803,1.0,0.041052631710527754,0.0,0.078,0.0,-0.0,0.0,1
2012-07-12 00:00:00+00:00,0.03514725,0.097399755055625,0.03654523186874999,0.0,0.027,1.5874999976315802,1.5875,0.5874999998684196,1.2368421,0.0,1.2638421,0.0,0.06154895548449335,1
2012-07-12 00:30:00+00:00,0.03385575,0.095922598701875,0.03520236245624999,0.0,0.044,2.29999999763158,2.3,0.7125000023684196,1.5,0.0,1.544,0.0,0.0740522461978475,1
2012-07-12 01:00:00+00:00,0.0340833,0.09618285958325001,0.0354389632575,0.0,0.046,3.01249999763158,3.0125,0.71250000236842,1.5,0.0,1.546,0.0,0.07434935045785226,1
2012-07-12 01:30:00+00:00,0.03406485,0.09616175734962502,0.03541977940875,0.0,0.018,3.72499999763158,3.725,0.71250000236842,1.5,0.0,1.518,0.0,0.0729867738283654,1
2012-07-12 02:00:00+00:00,0.0325458,0.0944243401145,0.033840309194999994,0.0,0.038,4.43749999763158,4.4375,0.71250000236842,1.5,0.0,1.538,0.0,0.0726123175480505,1
2012-07-12 02:30:00+00:00,0.0317463,0.09350990999075001,0.03300900908249999,0.0,0.032,5.14999999763158,5.15,0.7125000023684205,1.5,0.0,1.532,0.0,0.07162859105291451,1
2012-07-12 03:00:00+00:00,0.03055935,0.09215233296087501,0.03177484814625,0.0,0.018,5.862499997631581,5.8625,0.7125000023684196,1.5,0.0,1.518,0.0,0.06994362071730413,1
2012-07-12 03:30:00+00:00,0.02845605,0.089746678327625,0.029587889388749997,0.0,0.03,6.574999997631581,6.575,0.7125000023684196,1.5,0.0,1.53,0.0,0.06865620892063314,1
2012-07-12 04:00:00+00:00,0.02682015,0.08787561361287502,0.02788692146625,0.0,0.038,7.287499997631581,7.2875,0.7125000023684187,1.5,0.0,1.538,0.0,0.06757634686830088,1
2012-07-12 04:30:00+00:00,0.0270969,0.08819214711725,0.028174679197499997,0.0,0.018,7.999999997631582,8.0,0.7125000023684187,1.5,0.0,1.518,0.0,0.06693783966199275,1
2012-07-12 05:00:00+00:00,0.02929245,0.32060331291862504,0.03045755719875,0.0,0.025,7.986842102894739,7.9868421,0.013157897631582038,0.0,0.025,0.0,-0.0,0.0,1
2012-07-12 05:30:00+00:00,0.03046095,0.321939787714875,0.03167253428625,0.0,0.112,7.9278947344736865,7.9278947,0.058947402894738765,0.0,0.112,0.0,-0.0,0.0,1
2012-07-12 06:00:00+00:00,0.0319677,0.3236631367942501,0.0332392152675,0.0,0.312,7.763684208157897,7.7636842,0.1642105344736864,0.0,0.312,0.0,-0.0,0.0,1
2012-07-12 06:30:00+00:00,0.03502425,0.327159073498125,0.036417339543749996,0.0,1.721,6.97421052394737,6.9742105,0.7894737081578969,0.0,1.5,0.22100000000000009,0.0,0.03615107762154283,1
2012-07-12 07:00:00+00:00,0.0364572,0.32879801364300004,0.03790728513,0.0,1.533,6.184736839736844,6.1847368,0.7894737239473706,0.0,1.5,0.03299999999999992,0.0,0.005425167225109487,1
2012-07-12 07:30:00+00:00,0.0335667,0.32549199704175,0.034901815492499995,0.0,2.232,5.395263155526317,5.3952632,0.789473639736844,0.0,1.5,0.7320000000000002,0.0,0.11913007091728055,1
2012-07-12 08:00:00+00:00,0.0362604,0.32857292315100006,0.03770265740999999,0.006,1.768,4.6057894713157905,4.6057895,0.7894736555263169,0.0,1.5,0.262,0.0,0.04304305293278101,1
2012-07-12 08:30:00+00:00,0.0450795,0.33865979082375003,0.046872537112499994,0.031,0.749,4.2278947344736855,4.2278947,0.3778947713157903,0.0,0.718,0.0,-0.0,0.0,1
2012-07-12 09:00:00+00:00,0.0447474,0.3382799506185001,0.046527227835,0.031,0.66,3.896842102894738,3.8968421,0.33105263447368527,0.0,0.629,0.0,-0.0,0.0,1
2012-07-12 09:30:00+00:00,0.04535625,0.338976324328125,0.04716029484374999,0.025,0.598,3.595263155526317,3.5952632,0.30157890289473777,0.0,0.573,0.0,-0.0,0.0,1
2012-07-12 10:00:00+00:00,0.0457929,0.33947574385725005,0.0476143125975,0.044,0.482,3.3647368397368433,3.3647368,0.23052635552631662,0.0,0.438,0.0,-0.0,0.0,1
2012-07-12 10:30:00+00:00,0.04817295,0.342197931994875,0.05008902908624999,0.031,0.434,3.1526315765789485,3.1526316,0.21210523973684348,0.0,0.403,0.0,-0.0,0.0,1
2012-07-12 11:00:00+00:00,0.04900935,0.162754566585875,0.050958696896249996,0.019,0.353,2.976842102894738,2.9768421,0.17578947657894872,0.0,0.334,0.0,5.551115123125783e-17,-1.4143879649777812e-18,1
2012-07-12 11:30:00+00:00,0.04677075,0.16019416223937502,0.04863105658125,0.019,0.3,2.828947366052633,2.8289474,0.14789470289473794,0.0,0.281,0.0,5.551115123125783e-17,-1.3497829682088125e-18,1
2012-07-12 12:00:00+00:00,0.0453255,0.15854115393874998,0.047128321762499994,0.019,0.361,2.828947366052633,2.8289474,3.3947367139575135e-08,0.0,0.0,0.34199999999999997,0.0,0.027110537323526245,1
2012-07-12 12:30:00+00:00,0.0460758,0.15939931143949998,0.04790846494499999,0.044,0.541,2.828947366052633,2.8289474,3.3947367139575135e-08,0.0,0.0,0.49700000000000005,0.0,0.039610728892715746,1
2012-07-12 13:00:00+00:00,0.04673385,0.160151957772125,0.04859268888375,0.031,0.363,2.65421052394737,2.6542105,0.17473686605263294,0.0,0.332,0.0,5.551115123125783e-17,-1.3487180506796536e-18,1
2012-07-12 13:30:00+00:00,0.04584825,0.159139050558125,0.04767186414375,0.094,0.318,2.65421052394737,2.6542105,2.3947369864885104e-08,0.0,0.0,0.224,0.0,0.01782357366251,1
2012-07-12 14:00:00+00:00,0.04690605,0.16034891195262502,0.04877173813874999,0.119,0.348,2.5336842081578963,2.5336842,0.12052632394736973,0.0,0.229,0.0,2.7755575615628914e-17,-6.76843832907864e-19,1
2012-07-12 14:30:00+00:00,0.04896015,0.162698293962875,0.05090753996624999,0.081,0.262,2.4384210502631594,2.4384211,0.09526310815789651,0.0,0.181,0.0,-0.0,0.0,1
2012-07-12 15:00:00+00:00,0.0440832,0.157120270208,0.045836609279999996,0.038,0.212,2.4384210502631594,2.4384211,4.973684042397508e-08,0.0,0.0,0.174,0.0,0.013669463508096,1
2012-07-12 15:30:00+00:00,0.0434559,0.15640279426475,0.045184358422499994,0.013,0.396,2.4384210502631594,2.4384211,4.973684042397508e-08,0.0,0.0,0.383,0.0,0.029951135101699628,1
2012-07-12 16:00:00+00:00,0.04865265,0.16234659006912502,0.050587809153749996,0.013,0.216,2.3315789450000013,2.3315789,0.10684215026315957,0.0,0.203,0.0,2.7755575615628914e-17,-7.020468810979563e-19,1
2012-07-12 16:30:00+00:00,0.0466785,0.16008865107125,0.0485351373375,0.013,0.235,2.313684210789475,2.3136842,0.017894745000001322,0.0,0.033999995,0.18800000499999997,0.0,0.015048333600919126,1
2012-07-12 17:00:00+00:00,0.0426564,0.15548836414099998,0.04435305830999999,0.0,0.299,2.313684210789475,2.3136842,1.078947509114414e-08,0.0,0.0,0.299,0.0,0.023245510439079495,1
2012-07-12 17:30:00+00:00,0.047478,0.161003081195,0.04936643745,0.0,0.924,1.8273684213157908,1.8273684,0.48631581078947517,0.0,0.924,0.0,-0.0,0.0,1
2012-07-12 18:00:00+00:00,0.06528225,0.181366736643125,0.06787885149374999,0.0,0.658,1.4810526318421067,1.4810526,0.34631582131579086,0.0,0.658,0.0,-0.0,0.0,1
2012-07-12 18:30:00+00:00,0.0595566,0.17481801014149997,0.061925463764999994,0.0,0.441,1.2489473686842119,1.2489474,0.23210523184210663,0.0,0.441,0.0,-0.0,0.0,1
2012-07-12 19:00:00+00:00,0.04814835,0.161769795683375,0.05006345062124999,0.0,0.473,1.0000000002631593,1.0,0.24894736868421186,0.0,0.473,0.0,-0.0,0.0,1
2012-07-12 19:30:00+00:00,0.0417585,0.15446138877124999,0.043419444337499995,0.0,0.501,1.0000000002631593,1.0,2.631592721513698e-10,0.0,0.0,0.501,0.0,0.03869257788719812,1
2012-07-12 20:00:00+00:00,0.03849285,0.15072629341962498,0.040023903108749995,0.0,0.353,1.0000000002631593,1.0,2.631592721513698e-10,0.0,0.0,0.353,0.0,0.026603190788563807,1
2012-07-12 20:30:00+00:00,0.04064535,0.153188220675875,0.042262018796249995,0.0,0.875,1.0000000002631593,1.0,2.631592721513698e-10,0.0,0.0,0.875,0.0,0.06701984654569532,1
2012-07-12 21:00:00+00:00,0.03972285,0.152133108994625,0.041302826358749996,0.0,0.126,1.0000000002631593,1.0,2.631592721513698e-10,0.0,0.0,0.126,0.0,0.009584385866661375,1
2012-07-12 21:30:00+00:00,0.0361374,0.1480322415935,0.037574765084999996,0.0,0.103,1.0000000002631593,1.0,2.631592721513698e-10,0.0,0.0,0.103,0.0,0.00762366044206525,1
2012-07-12 22:00:00+00:00,0.0351042,0.14685051651050002,0.036500469555000005,0.0,0.124,1.0000000002631593,1.0,2.631592721513698e-10,0.0,0.0,0.124,0.0,0.009104732023651,1
2012-07-12 22:30:00+00:00,0.0412788,0.153912730697,0.04292066427,0.0,0.057,1.0000000002631593,1.0,2.631592721513698e-10,0.0,0.0,0.057,0.0,0.004386512824864501,1
2012-07-12 23:00:00+00:00,0.03574995,0.14758909468737502,0.03717190426125,0.0,0.019,1.0000000002631593,1.0,2.631592721513698e-10,0.0,0.0,0.019,0.0,0.0014020963995300627,1
2012-07-12 23:30:00+00:00,0.03543015,0.14722332263787502,0.03683938421625,0.0,0.019,1.0000000002631593,1.0,2.631592721513698e-10,0.0,0.0,0.019,0.0,0.0013986215650598126,1
2012-07-13 00:00:00+00:00,0.0348582,0.09706915339550001,0.036244684905,0.0,0.053,1.7125000002631592,1.7125,0.7124999997368406,1.5,0.0,1.553,0.0,0.07537419761160576,1
2012-07-13 00:30:00+00:00,0.03461835,0.096794824358375,0.03599529487125,0.0,0.019,2.425000000263159,2.425,0.7124999997368406,1.5,0.0,1.519,0.0,0.07351566910018581,1
2012-07-13 01:00:00+00:00,0.03440925,0.096555665710625,0.03577787791875,0.0,0.019,3.137500000263159,3.1375,0.7124999997368411,1.5,0.0,1.519,0.0,0.07333402810721969,1
2012-07-13 01:30:00+00:00,0.034932,0.09715356233000001,0.0363214203,0.0,0.051,3.724999997763159,3.725,0.5874999997368411,1.2368421,0.0,1.2878421,0.0,0.06255922386677405,1
2012-07-13 02:00:00+00:00,0.0341694,0.09628133667350001,0.035528487885,0.0,0.019,4.437499997763159,4.4375,0.7125000022368408,1.5,0.0,1.519,0.0,0.07312567520352325,1
2012-07-13 02:30:00+00:00,0.0335175,0.09553572441875,0.03485065856249999,0.0,0.018,5.1499999977631585,5.15,0.7125000022368413,1.5,0.0,1.518,0.0,0.07251161483383124,1
2012-07-13 03:00:00+00:00,0.03287175,0.09479714624187499,0.034179223856249996,0.0,0.057,5.862499997763159,5.8625,0.7125000022368413,1.5,0.0,1.557,0.0,0.07379957834929968,1
2012-07-13 03:30:00+00:00,0.02996895,0.09147706148487501,0.03116096498625,0.0,0.065,6.574999997763159,6.575,0.7125000022368413,1.5,0.0,1.565,0.0,0.0715808006119147,1
2012-07-13 04:00:00+00:00,0.030504,0.09208902626,0.0317172966,0.0,0.09,7.28749999776316,7.2875,0.7125000022368404,1.5,0.0,1.59,0.0,0.0732107758767,1
2012-07-13 04:30:00+00:00,0.03149415,0.09322151279787502,0.032746829816249996,0.0,0.077,7.99999999776316,8.0,0.7125000022368404,1.5,0.0,1.577,0.0,0.07350516284112445,1
2012-07-13 05:00:00+00:00,0.0327672,0.32457756691800005,0.03407051538,0.0,0.018,7.990526313552634,7.9905263,0.009473697763159983,0.0,0.018,0.0,-0.0,0.0,1
2012-07-13 05:30:00+00:00,0.0338619,0.32582963277975,0.0352087570725,0.0,0.038,7.970526313552634,7.9705263,0.020000013552633256,0.0,0.038,0.0,-0.0,0.0,1
2012-07-13 06:00:00+00:00,0.0333822,0.32528097470550005,0.034709977004999996,0.0,0.453,7.732105260921055,7.7321053,0.23842101355263434,0.0,0.453,0.0,-0.0,0.0,1
2012-07-13 06:30:00+00:00,0.03375735,0.325710053455875,0.03510004859625,0.0,0.469,7.485263155657897,7.4852632,0.24684206092105487,0.0,0.469,0.0,-0.0,0.0,1
2012-07-13 07:00:00+00:00,0.0360513,0.32833376450325,0.03748524045749999,0.0,0.474,7.2357894714473705,7.2357895,0.24947365565789692,0.0,0.474,0.0,-0.0,0.0,1
2012-07-13 07:30:00+00:00,0.0341694,0.3261813366735001,0.035528487885,0.0,2.857,6.446315787236844,6.4463158,0.7894736714473707,0.0,1.5,1.3570000000000002,0.0,0.22131403693296983,1
2012-07-13 08:00:00+00:00,0.03726285,0.3297194778446251,0.03874497985875,0.0,1.078,5.878947366184212,5.8789474,0.5673683872368436,0.0,1.078,0.0,-0.0,0.0,1
2012-07-13 08:30:00+00:00,0.0396183,0.33241352967075005,0.0411941178825,0.0,0.766,5.47578947144737,5.4757895,0.4031578661842117,0.0,0.766,0.0,-0.0,0.0,1
2012-07-13 09:00:00+00:00,0.0389664,0.33166791741600005,0.040516288559999995,0.019,1.047,4.934736839868423,4.9347368,0.5410526714473702,0.0,1.028,0.0,-0.0,0.0,1
2012-07-13 09:30:00+00:00,0.03974745,0.332561245306125,0.04132840482375,0.0,0.841,4.492105260921054,4.4921053,0.4426315398684224,0.0,0.841,0.0,-0.0,0.0,1
2012-07-13 10:00:00+00:00,0.040221,0.33310286930250005,0.041820790275,0.019,0.272,4.358947366184212,4.3589474,0.1331578609210542,0.0,0.253,0.0,-0.0,0.0,1
2012-07-13 10:30:00+00:00,0.0403932,0.333299823483,0.04199983953,0.031,0.287,4.224210524078949,4.2242105,0.13473686618421254,0.0,0.256,0.0,-0.0,0.0,1
2012-07-13 11:00:00+00:00,0.0397782,0.15219641569550002,0.041360377904999995,0.038,0.384,4.042105260921055,4.0421053,0.18210522407894913,0.0,0.346,5.551115123125783e-17,0.0,4.224299124264142e-18,1
2012-07-13 11:30:00+00:00,0.0386343,0.15088807721075,0.040170979282500005,0.044,0.235,3.9415789451315812,3.9415789,0.10052636092105471,0.0,0.191,0.0,-0.0,0.0,1
2012-07-13 12:00:00+00:00,0.03836985,0.15058561186212502,0.03989601078374999,0.088,0.25,3.8563157872368445,3.8563158,0.08526314513158129,0.0,0.162,0.0,-0.0,0.0,1
2012-07-13 12:30:00+00:00,0.0380193,0.15018466942325,0.039531517657499994,0.194,0.456,3.7184210503947392,3.7184211,0.1378946872368445,0.0,0.262,0.0,-0.0,0.0,1
2012-07-13 13:00:00+00:00,0.0378225,0.14995957893125,0.0393268899375,0.206,0.567,3.5284210503947393,3.5284211,0.18999995039473916,0.0,0.361,0.0,-0.0,0.0,1
2012-07-13 13:30:00+00:00,0.03747195,0.149558636492375,0.038962396811249994,0.175,0.147,3.5417210503947394,3.5417211,0.013300049605260877,0.028,0.0,0.0,-0.0,0.0,1
2012-07-13 14:00:00+00:00,0.03695535,0.14896777395087502,0.03842524904625,0.219,0.066,3.614396050394739,3.6143961,0.07267504960526061,0.153,0.0,0.0,-0.0,0.0,1
2012-07-13 14:30:00+00:00,0.03605745,0.147940798581125,0.037491635073749995,0.144,0.023,3.6718710503947394,3.6718711,0.05747504960526095,0.121,0.0,0.0,-0.0,0.0,1
2012-07-13 15:00:00+00:00,0.0361251,0.14801817343775,0.03756197585249999,0.1,0.053,3.6941960503947393,3.6941961,0.022325049605260716,0.047,0.0,0.0,-0.0,0.0,1
2012-07-13 15:30:00+00:00,0.03502425,0.146759073498125,0.036417339543749996,0.044,0.147,3.63998552407895,3.6399855,0.05421055039473943,0.0,0.103,0.0,-0.0,0.0,1
2012-07-13 16:00:00+00:00,0.03600825,0.14788452595812498,0.03744047814375,0.031,0.392,3.44998552407895,3.4499855,0.1900000240789499,0.0,0.361,0.0,-0.0,0.0,1
2012-07-13 16:30:00+00:00,0.03766875,0.149783726984375,0.03916702453125,0.006,0.314,3.287880260921055,3.2878803,0.16210522407895,0.0,0.308,0.0,-0.0,0.0,1
2012-07-13 17:00:00+00:00,0.03852975,0.15076849788687502,0.040062270806249994,0.0,0.291,3.1347223661842127,3.1347224,0.1531578609210551,0.0,0.291,0.0,-0.0,0.0,1
2012-07-13 17:30:00+00:00,0.039975,0.1524215061875,0.04156500562499999,0.0,0.348,2.9515644714473708,2.9515645,0.18315786618421281,0.0,0.348,0.0,-0.0,0.0,1
2012-07-13 18:00:00+00:00,0.04064535,0.153188220675875,0.042262018796249995,0.0,0.34,2.772617103026318,2.7726171,0.1789473714473706,0.0,0.34,0.0,-0.0,0.0,1
2012-07-13 18:30:00+00:00,0.03878805,0.15106392915762498,0.04033084468874999,0.0,0.433,2.544722366184213,2.5447224,0.2278947030263181,0.0,0.433,0.0,-0.0,0.0,1
2012-07-13 19:00:00+00:00,0.0368139,0.14880599015975,0.038278172872499995,0.0,0.37,2.34998552407895,2.3499855,0.19473686618421304,0.0,0.37,0.0,-0.0,0.0,1
2012-07-13 19:30:00+00:00,0.0352149,0.14697712991225,0.0366155726475,0.0,0.335,2.1736697346052654,2.1736697,0.17631582407894975,0.0,0.335,0.0,-0.0,0.0,1
2012-07-13 20:00:00+00:00,0.0363465,0.14827140024125,0.0377921820375,0.0,0.359,1.9847223661842128,1.9847224,0.18894733460526525,0.0,0.359,0.0,-0.0,0.0,1
2012-07-13 20:30:00+00:00,0.0359652,0.147835287413,0.03739571583,0.0,0.444,1.751038155657897,1.7510382,0.23368416618421284,0.0,0.444,0.0,-0.0,0.0,1
2012-07-13 21:00:00+00:00,0.03636495,0.14829250247487502,0.037811365886250003,0.0,0.447,1.5157749977631603,1.515775,0.23526315565789702,0.0,0.447,0.0,-0.0,0.0,1
2012-07-13 21:30:00+00:00,0.03460605,0.146280756202625,0.03598250563875,0.0,0.072,1.477880260921055,1.4778803,0.037894697763160234,0.0,0.072,0.0,-0.0,0.0,1
2012-07-13 22:00:00+00:00,0.0340218,0.1456125188045,0.035375017094999996,0.0,0.048,1.4526171030263182,1.4526171,0.02526316092105496,0.0,0.048,0.0,-0.0,0.0,1
2012-07-13 22:30:00+00:00,0.0387819,0.15105689507975,0.0403244500725,0.0,0.042,1.4305118398684233,1.4305118,0.0221053030263183,0.0,0.042,0.0,-0.0,0.0,1
2012-07-13 23:00:00+00:00,0.03570075,0.14753282206437499,0.037120747331249995,0.0,0.017,1.4215644714473707,1.4215645,0.008947339868423443,0.0,0.017,0.0,-0.0,0.0,1
2012-07-13 23:30:00+00:00,0.0363957,0.14832767286425003,0.0378433389675,0.0,0.045,1.397880260921055,1.3978803,0.023684171447370783,0.0,0.045,0.0,-0.0,0.0,1
2012-07-14 00:00:00+00:00,0.03524565,0.09751230030162501,0.03664754572875,0.0,0.023,1.587499999671055,1.5875,0.18961973907894492,0.39919945,0.0,0.42219945000000003,0.0,0.020584819777790458,1
2012-07-14 00:30:00+00:00,0.03427395,0.096400915997375,0.03563719636125,0.0,0.018,2.299999999671055,2.3,0.7125000003289448,1.5,0.0,1.518,0.0,0.07316829524200763,1
2012-07-14 01:00:00+00:00,0.03424935,0.096372779685875,0.035611617896249996,0.0,0.051,3.012499999671055,3.0125,0.7125000003289452,1.5,0.0,1.551,0.0,0.07473709064639605,1
2012-07-14 01:30:00+00:00,0.03421245,0.09633057521862502,0.035573250198749996,0.0,0.018,3.7249999996710548,3.725,0.7125000003289452,1.5,0.0,1.518,0.0,0.07311490659093639,1
2012-07-14 02:00:00+00:00,0.03256425,0.09444544234812502,0.03385949304375,0.0,0.038,4.437499999671054,4.4375,0.7125000003289452,1.5,0.0,1.538,0.0,0.07262854516570814,1
2012-07-14 02:30:00+00:00,0.03261345,0.09450171497112501,0.03391064997375,0.0,0.059,5.149999999671055,5.15,0.7125000003289461,1.5,0.0,1.559,0.0,0.07366408681999194,1
2012-07-14 03:00:00+00:00,0.03209685,0.09391085242962502,0.033373502208749996,0.0,0.026,5.862499999671055,5.8625,0.7125000003289452,1.5,0.0,1.526,0.0,0.07165398040380389,1
2012-07-14 03:30:00+00:00,0.03190005,0.093685761937625,0.03316887448875,0.0,0.031,6.574999999671055,6.575,0.7125000003289452,1.5,0.0,1.531,0.0,0.07171645076325193,1
2012-07-14 04:00:00+00:00,0.0313281,0.09303159269524999,0.0325741751775,0.0,0.056,7.287499999671056,7.2875,0.7125000003289443,1.5,0.0,1.556,0.0,0.0723785791169045,1
2012-07-14 04:30:00+00:00,0.0312174,0.09290497929350001,0.032459072085,0.0,0.028,7.999999999671056,8.0,0.7125000003289443,1.5,0.0,1.528,0.0,0.07097940418023402,1
2012-07-14 05:00:00+00:00,0.0310452,0.322608025113,0.03228002283,0.0,0.026,7.98631578914474,7.9863158,0.013684199671056163,0.0,0.026,0.0,-0.0,0.0,1
2012-07-14 05:30:00+00:00,0.03129735,0.32289642230587506,0.03254220209625,0.0,0.047,7.961578947039477,7.9615789,0.024736889144739926,0.0,0.047,0.0,-0.0,0.0,1
2012-07-14 06:00:00+00:00,0.0308484,0.32238293462100004,0.03207539511,0.0,0.035,7.943157894407898,7.9431579,0.018421047039477223,0.0,0.035,0.0,-0.0,0.0,1
2012-07-14 06:30:00+00:00,0.02969835,0.32106756205837506,0.030879601871249995,0.0,1.425,7.193157894407898,7.1931579,0.7499999944078981,0.0,1.425,0.0,-0.0,0.0,1
2012-07-14 07:00:00+00:00,0.0318693,0.32355059154825005,0.0331369014075,0.0,1.925,6.403684210197372,6.4036842,0.7894736944078984,0.0,1.5,0.42500000000000004,0.0,0.06875450070400314,1
2012-07-14 07:30:00+00:00,0.03356055,0.325484962963875,0.03489542087625,0.0,1.66,5.614210525986845,5.6142105,0.7894737101973712,0.0,1.5,0.15999999999999992,0.0,0.026038797037109988,1
2012-07-14 08:00:00+00:00,0.0344646,0.3265189724115001,0.03583542946499999,0.0,0.983,5.096842104934214,5.0968421,0.5173684259868452,0.0,0.983,0.0,-0.0,0.0,1
2012-07-14 08:30:00+00:00,0.0344646,0.3265189724115001,0.03583542946499999,0.006,0.469,4.853157894407898,4.8531579,0.2436842049342136,0.0,0.463,0.0,5.551115123125783e-17,-9.946329722343437e-19,1
2012-07-14 09:00:00+00:00,0.03439695,0.32644159755487506,0.03576508868625,0.019,0.082,4.819999999671056,4.82,0.03315789440789807,0.0,0.063,0.0,-0.0,0.0,1
2012-07-14 09:30:00+00:00,0.0359283,0.32819308294575006,0.0373573481325,0.05,0.04,4.824749999671056,4.82475,0.004750000328943571,0.01,0.0,0.0,-0.0,0.0,1
2012-07-14 10:00:00+00:00,0.0372567,0.3297124437667501,0.03873858524249999,0.1,0.02,4.862749999671056,4.86275,0.03800000032894424,0.08,0.0,0.0,-0.0,0.0,1
2012-07-14 10:30:00+00:00,0.0358176,0.32806646954400004,0.03724224504,0.138,0.053,4.903124999671056,4.903125,0.04037500032894403,0.085,0.0,0.0,-0.0,0.0,1
2012-07-14 11:00:00+00:00,0.03442155,0.146069733866375,0.035790667151250004,0.188,0.018,4.983874999671056,4.983875,0.08075000032894408,0.17,0.0,0.0,-0.0,0.0,1
2012-07-14 11:30:00+00:00,0.0344154,0.1460626997885,0.035784272534999995,0.231,0.061,5.064624999671056,5.064625,0.08075000032894408,0.17,0.0,0.0,-0.0,0.0,1
2012-07-14 12:00:00+00:00,0.03433545,0.145971256776125,0.03570114252375,0.238,0.067,5.145849999671056,5.14585,0.08122500032894386,0.171,0.0,2.7755575615628914e-17,0.0,2.025758127579061e-18,1
2012-07-14 12:30:00+00:00,0.0343908,0.146034563477,0.03575869406999999,0.231,0.223,5.149649999671056,5.14965,0.0038000003289440087,0.008,0.0,0.0,-0.0,0.0,1
2012-07-14 13:00:00+00:00,0.03439695,0.14604159755487503,0.03576508868625,0.263,0.061,5.2455999996710565,5.2456,0.0959500003289433,0.202,0.0,0.0,-0.0,0.0,1
2012-07-14 13:30:00+00:00,0.0340095,0.14559845064875,0.0353622278625,0.275,0.02,5.366724999671057,5.366725,0.12112500032894324,0.255,0.0,0.0,-0.0,0.0,1
2012-07-14 14:00:00+00:00,0.03390495,0.145478871324875,0.03525351938625,0.269,0.025,5.4826249996710565,5.482625,0.11590000032894299,0.244,0.0,0.0,-0.0,0.0,1
2012-07-14 14:30:00+00:00,0.0339357,0.14551404171425,0.0352854924675,0.206,0.625,5.262098683881582,5.2620987,0.2205262996710564,0.0,0.419,5.551115123125783e-17,0.0,4.038825987935646e-18,1
2012-07-14 15:00:00+00:00,0.03394185,0.145521075792125,0.03529188708375,0.213,0.1,5.315773683881583,5.3157737,0.05367501611841785,0.113,0.0,2.7755575615628914e-17,0.0,2.019510611407996e-18,1
2012-07-14 15:30:00+00:00,0.03394185,0.145521075792125,0.03529188708375,0.163,0.566,5.103668420723688,5.1036684,0.21210528388158245,0.0,0.403,0.0,1.1102230246251565e-16,-1.959093281142521e-18,1
2012-07-14 16:00:00+00:00,0.03404025,0.145633621038125,0.035394200943749995,0.069,0.548,4.851563157565793,4.8515632,0.2521052207236876,0.0,0.479,5.551115123125783e-17,0.0,4.042144980901524e-18,1
2012-07-14 16:30:00+00:00,0.03464295,0.146322960669875,0.03602087333625,0.05,0.568,4.578931578618424,4.5789316,0.27263155756579316,0.0,0.518,0.0,1.1102230246251565e-16,-1.9995601472505565e-18,1
2012-07-14 17:00:00+00:00,0.03672165,0.148700478991625,0.038182253628749996,0.006,0.65,4.239984210197371,4.2399842,0.33894737861842383,0.0,0.644,0.0,-0.0,0.0,1
2012-07-14 17:30:00+00:00,0.03729975,0.149361682311875,0.03878334755625,0.0,0.616,3.9157736838815818,3.9157737,0.32421051019737135,0.0,0.616,0.0,-0.0,0.0,1
2012-07-14 18:00:00+00:00,0.04129725,0.153933832930625,0.04293984811875,0.0,0.489,3.6584052628289503,3.6584053,0.2573683838815817,0.0,0.489,0.0,-0.0,0.0,1
2012-07-14 18:30:00+00:00,0.0409836,0.153575094959,0.04261372269,0.0,1.063,3.0989315786184237,3.0989316,0.5594736628289505,0.0,1.063,0.0,-0.0,0.0,1
2012-07-14 19:00:00+00:00,0.03967365,0.152076836371625,0.04125166942875,0.0,0.487,2.8426157891447397,2.8426158,0.2563157786184238,0.0,0.487,0.0,-0.0,0.0,1
2012-07-14 19:30:00+00:00,0.03729975,0.149361682311875,0.03878334755625,0.0,0.527,2.565247368092108,2.5652474,0.2773683891447396,0.0,0.527,0.0,-0.0,0.0,1
2012-07-14 20:00:00+00:00,0.03451995,0.146182279112375,0.03589298101125,0.0,0.701,2.1962999996710555,2.1963,0.36894736809210826,0.0,0.701,0.0,-0.0,0.0,1
2012-07-14 20:30:00+00:00,0.0345753,0.14624558581325,0.0359505325575,0.0,1.039,1.6494578944078975,1.6494579,0.5468420996710555,0.0,1.039,0.0,-0.0,0.0,1
2012-07-14 21:00:00+00:00,0.03439695,0.14604159755487503,0.03576508868625,0.0,0.399,1.4394578944078975,1.4394579,0.2099999944078974,0.0,0.399,0.0,-0.0,0.0,1
2012-07-14 21:30:00+00:00,0.0343908,0.146034563477,0.03575869406999999,0.0,0.072,1.4015631575657923,1.4015632,0.0378946944078975,0.0,0.072,0.0,-0.0,0.0,1
2012-07-14 22:00:00+00:00,0.0342924,0.14592201823099998,0.03565638021,0.0,0.028,1.3868263154605291,1.3868263,0.014736857565792238,0.0,0.028,0.0,-0.0,0.0,1
2012-07-14 22:30:00+00:00,0.03444615,0.146097870177875,0.03581624561625,0.0,0.034,1.368931578618424,1.3689316,0.01789471546052912,0.0,0.034,0.0,-0.0,0.0,1
2012-07-14 23:00:00+00:00,0.0343785,0.14602049532125,0.035745904837499995,0.0,0.036,1.3499842101973714,1.3499842,0.018947378618423993,0.0,0.036,0.0,-0.0,0.0,1
2012-07-14 23:30:00+00:00,0.03447075,0.14612600648937502,0.03584182408125,0.0,0.017,1.3410368417763188,1.3410368,0.008947410197371441,0.0,0.017,0.0,-0.0,0.0,1
2012-07-15 00:00:00+00:00,0.03451995,0.09668227911237502,0.03589298101125,0.0,0.038,1.5875000015263188,1.5875,0.24646315822368114,0.51886981,0.0,0.55686981,0.0,0.026919721199837626,1
2012-07-15 00:30:00+00:00,0.0343785,0.09652049532125001,0.035745904837499995,0.0,0.027,2.3000000015263184,2.3,0.7124999984736811,1.5,0.0,1.527,0.0,0.07369339817777439,1
2012-07-15 01:00:00+00:00,0.0342555,0.09637981376375002,0.035618012512500005,0.0,0.018,3.0125000015263184,3.0125,0.7124999984736817,1.5,0.0,1.518,0.0,0.07315227864668626,1
2012-07-15 01:30:00+00:00,0.03381885,0.09588039423462501,0.03516399475874999,0.0,0.035,3.7250000015263183,3.725,0.7124999984736817,1.5,0.0,1.535,0.0,0.07358820257507469,1
2012-07-15 02:00:00+00:00,0.03326535,0.095247327225875,0.034588479296249995,0.0,0.031,4.437500001526319,4.4375,0.7124999984736817,1.5,0.0,1.531,0.0,0.07291182899140732,1
2012-07-15 02:30:00+00:00,0.0311313,0.09280650220325001,0.032369547457499995,0.0,0.018,5.150000001526319,5.15,0.7124999984736817,1.5,0.0,1.518,0.0,0.07044013517226676,1
2012-07-15 03:00:00+00:00,0.03159255,0.093334058043875,0.03284914367625,0.0,0.024,5.862500001526319,5.8625,0.7124999984736808,1.5,0.0,1.524,0.0,0.07112055222943275,1
2012-07-15 03:30:00+00:00,0.0308361,0.09246886646525002,0.0320626058775,0.0,0.052,6.57500000152632,6.575,0.7124999984736808,1.5,0.0,1.552,0.0,0.07175584037703402,1
2012-07-15 04:00:00+00:00,0.0300612,0.091582572653,0.03125688423,0.0,0.026,7.28750000152632,7.2875,0.71249999847368,1.5,0.0,1.526,0.0,0.069877502934239,1
2012-07-15 04:30:00+00:00,0.03046095,0.09203978771487499,0.03167253428625,0.0,0.026,8.0,8.0,0.71249999847368,1.5,0.0,1.526,0.0,0.07022635802644962,1
2012-07-15 05:00:00+00:00,0.02870205,0.31992804144262504,0.029843674038749997,0.0,0.061,7.967894736842105,7.9678947,0.03210529999999956,0.0,0.061,0.0,-0.0,0.0,1
2012-07-15 05:30:00+00:00,0.03016575,0.32160215197687503,0.03136559270625,0.0,0.017,7.958947368421052,7.9589474,0.008947336842105358,0.0,0.017,0.0,-0.0,0.0,1
2012-07-15 06:00:00+00:00,0.0262113,0.31707923990325004,0.027253854457499997,0.0,1.165,7.34578947368421,7.3457895,0.6131578684210517,0.0,1.165,0.0,-0.0,0.0,1
2012-07-15 06:30:00+00:00,0.027921,0.3190347135525,0.029031557774999998,0.0,2.215,6.556315789473683,6.5563158,0.7894736736842098,0.0,1.5,0.7149999999999999,0.0,0.11405491009501874,1
2012-07-15 07:00:00+00:00,0.030996,0.32255175249000007,0.0322288659,0.0,1.613,5.766842105263157,5.7668421,0.7894736894736836,0.0,1.5,0.11299999999999999,0.0,0.018224174015685,1
2012-07-15 07:30:00+00:00,0.0313773,0.3229878653182501,0.032625332107499995,0.0,1.717,4.97736842105263,4.9773684,0.7894737052631573,0.0,1.5,0.21700000000000008,0.0,0.035044183387030144,1
2012-07-15 08:00:00+00:00,0.03223215,0.323965602142875,0.03351418376625,0.0,1.768,4.187894736842104,4.1878947,0.7894737210526301,0.0,1.5,0.268,0.0,0.04341139068714525,1
2012-07-15 08:30:00+00:00,0.03445845,0.326511938333625,0.035829034848750003,0.006,2.867,3.3984210526315772,3.3984211,0.7894736368421036,0.0,1.5,1.3610000000000002,0.0,0.22219137403603187,1
2012-07-15 09:00:00+00:00,0.03411405,0.326118029972625,0.035470936338749995,0.013,0.67,3.052631578947367,3.0526316,0.34578945263157745,0.0,0.657,0.0,-0.0,0.0,1
2012-07-15 09:30:00+00:00,0.0344646,0.3265189724115001,0.03583542946499999,0.056,0.724,2.701052631578946,2.7010526,0.35157897894736667,0.0,0.668,0.0,1.1102230246251565e-16,-1.9892659444686873e-18,1
2012-07-15 10:00:00+00:00,0.03451995,0.32658227911237503,0.03589298101125,0.094,0.758,2.3515789473684197,2.3515789,0.349473731578946,0.0,0.664,0.0,-0.0,0.0,1
2012-07-15 10:30:00+00:00,0.0344523,0.32650490425575,0.035822640232499994,0.144,0.66,2.0799999999999987,2.08,0.2715789473684196,0.0,0.516,0.0,-0.0,0.0,1
2012-07-15 11:00:00+00:00,0.03443385,0.146083802022125,0.03580345638375,0.181,0.55,2.0799999999999987,2.08,1.3322676295501878e-15,0.0,0.0,0.36900000000000005,0.0,0.026952461473082067,1
2012-07-15 11:30:00+00:00,0.03417555,0.145788370751375,0.03553488250125,0.219,0.473,2.0799999999999987,2.08,1.3322676295501878e-15,0.0,0.0,0.254,0.0,0.018515123085424624,1
2012-07-15 12:00:00+00:00,0.0341202,0.1457250640505,0.035477330955000004,0.238,0.512,2.0799999999999987,2.08,1.3322676295501878e-15,0.0,0.0,0.274,0.0,0.0199643337749185,1
2012-07-15 12:30:00+00:00,0.03394185,0.145521075792125,0.03529188708375,0.263,0.297,2.0799999999999987,2.08,1.3322676295501878e-15,0.0,0.0,0.033999999999999975,0.0,0.002473858288466123,1
2012-07-15 13:00:00+00:00,0.03388035,0.145450735013375,0.03522794092124999,0.269,0.044,2.186874999999999,2.186875,0.10687500000000139,0.225,0.0,0.0,-0.0,0.0,1
2012-07-15 13:30:00+00:00,0.03360975,0.145141235586875,0.03494657780625,0.275,0.119,2.260974999999999,2.260975,0.07410000000000139,0.156,0.0,0.0,-0.0,0.0,1
2012-07-15 14:00:00+00:00,0.0338865,0.14545776909125002,0.0352343355375,0.263,0.07,2.352649999999999,2.35265,0.09167500000000128,0.193,0.0,0.0,-0.0,0.0,1
2012-07-15 14:30:00+00:00,0.0332961,0.14478249761525003,0.0346204523775,0.263,0.958,2.352649999999999,2.35265,1.3322676295501878e-15,0.0,0.0,0.695,0.0,0.05031191792129938,1
2012-07-15 15:00:00+00:00,0.0336036,0.145134201509,0.034940183189999995,0.244,1.076,2.352649999999999,2.35265,1.3322676295501878e-15,0.0,0.0,0.8320000000000001,0.0,0.060375827827744005,1
2012-07-15 15:30:00+00:00,0.0340464,0.14564065511600002,0.03540059556,0.213,0.729,2.352649999999999,2.35265,1.3322676295501878e-15,0.0,0.0,0.516,0.0,0.03757528901992801,1
2012-07-15 16:00:00+00:00,0.03431085,0.14594312046462501,0.03567556405875,0.181,0.495,2.352649999999999,2.35265,1.3322676295501878e-15,0.0,0.0,0.314,0.0,0.022913069912946126,1
2012-07-15 16:30:00+00:00,0.0344523,0.14610490425574998,0.035822640232499994,0.113,0.567,2.352649999999999,2.35265,1.3322676295501878e-15,0.0,0.0,0.45399999999999996,0.0,0.03316581326605524,1
2012-07-15 17:00:00+00:00,0.03677085,0.148756751614625,0.03823341055875,0.0,0.31,2.352649999999999,2.35265,1.3322676295501878e-15,0.0,0.0,0.31,0.0,0.023057296500266878,1
2012-07-15 17:30:00+00:00,0.04092825,0.153511788258125,0.042556171143749995,0.0,0.948,2.352649999999999,2.35265,1.3322676295501878e-15,0.0,0.0,0.948,0.0,0.07276458763435124,1
2012-07-15 18:00:00+00:00,0.0563094,0.1711040170235,0.058549106385,0.0,0.562,2.056860526315788,2.0568605,0.2957894999999988,0.0,0.562,0.0,-0.0,0.0,1
2012-07-15 18:30:00+00:00,0.05283465,0.167129763024125,0.05493614820374999,0.0,0.773,1.6500184210526303,1.6500184,0.4068421263157882,0.0,0.773,0.0,-0.0,0.0,1
2012-07-15 19:00:00+00:00,0.04690605,0.16034891195262502,0.04877173813874999,0.0,0.478,1.3984394736842092,1.3984395,0.25157892105263024,0.0,0.478,0.0,-0.0,0.0,1
2012-07-15 19:30:00+00:00,0.0440217,0.15704992942924997,0.04577266311749999,0.0,0.475,1.1484394736842092,1.1484395,0.24999997368420912,0.0,0.475,0.0,-0.0,0.0,1
2012-07-15 20:00:00+00:00,0.04156785,0.154243332357125,0.04322121123375,0.0,0.551,1.1484394736842092,1.1484395,2.6315790879749557e-08,0.0,0.0,0.551,0.0,0.042494038064387944,1
2012-07-15 20:30:00+00:00,0.0418815,0.15460207032875,0.0435473366625,0.0,0.534,1.0,1.0,0.14843947368420918,0.0,0.282035,0.25196500000000005,0.0,0.01947715532519175,1
2012-07-15 21:00:00+00:00,0.0406146,0.1531530502865,0.042230045715,0.0,0.613,1.0,1.0,0.0,0.0,0.0,0.613,0.0,0.04694140991281225,1
2012-07-15 21:30:00+00:00,0.03806235,0.150233907968375,0.03957627997125,0.0,0.884,1.0,1.0,0.0,0.0,0.0,0.884,0.0,0.06640338732202175,1
2012-07-15 22:00:00+00:00,0.0350058,0.1467379712645,0.036398155695,0.0,0.09,1.0,1.0,0.0,0.0,0.0,0.09,0.0,0.006603208706902499,1
2012-07-15 22:30:00+00:00,0.0370968,0.14912955774199999,0.038572325219999995,0.0,0.043,1.0,1.0,0.0,0.0,0.0,0.043,0.0,0.0032062854914529995,1
2012-07-15 23:00:00+00:00,0.0357807,0.14762426507675,0.0372038773425,0.0,0.021,1.0,1.0,0.0,0.0,0.0,0.021,0.0,0.0015500547833058752,1
2012-07-15 23:30:00+00:00,0.0349566,0.14668169864150002,0.036346998765,0.0,0.05,1.0,1.0,0.0,0.0,0.0,0.05,0.0,0.003667042466037501,1
2012-07-16 00:00:00+00:00,0.03432315,0.096457188620375,0.035688353291249995,0.0,0.02,1.7125,1.7125,0.7124999999999999,1.5,0.0,1.52,0.0,0.073307463351485,1
2012-07-16 00:30:00+00:00,0.03391725,0.09599293948062503,0.03526630861875,0.0,0.018,2.425,2.425,0.7124999999999999,1.5,0.0,1.518,0.0,0.0728586410657944,1
2012-07-16 01:00:00+00:00,0.0343293,0.09646422269825002,0.0356947479075,0.0,0.048,3.0124999975,3.0125,0.5875000000000004,1.2368421,0.0,1.2848421,0.0,0.061970647233243616,1
2012-07-16 01:30:00+00:00,0.033948,0.09602810987000002,0.035298281699999996,0.0,0.019,3.7249999975,3.725,0.7125000025000001,1.5,0.0,1.519,0.0,0.072933349446265,1
2012-07-16 02:00:00+00:00,0.03330225,0.09528953169312501,0.034626846993749995,0.0,0.019,4.4374999975,4.4375,0.7125000025000001,1.5,0.0,1.519,0.0,0.07237239932092844,1
2012-07-16 02:30:00+00:00,0.0323613,0.09421331777825001,0.0336484707075,0.0,0.047,5.1499999975,5.15,0.7125000025000006,1.5,0.0,1.547,0.0,0.07287400130147638,1
2012-07-16 03:00:00+00:00,0.0321276,0.09394602281900001,0.03340547529,0.0,0.019,5.8624999975000005,5.8625,0.7125000024999997,1.5,0.0,1.519,0.0,0.0713520043310305,1
2012-07-16 03:30:00+00:00,0.0312912,0.09298938822800001,0.03253580748,0.0,0.02,6.574999997500001,6.575,0.7125000024999997,1.5,0.0,1.52,0.0,0.07067193505328001,1
2012-07-16 04:00:00+00:00,0.03089145,0.09253217316612501,0.03212015742375,0.0,0.052,7.287499997500001,7.2875,0.7125000024999988,1.5,0.0,1.552,0.0,0.07180496637691301,1
2012-07-16 04:30:00+00:00,0.0330747,0.09502927081175,0.034390246192499994,0.0,0.031,7.999999997500002,8.0,0.7125000024999988,1.5,0.0,1.531,0.0,0.07274490680639462,1
2012-07-16 05:00:00+00:00,0.034071,0.3260687914275,0.035426174025,0.0,0.027,7.985789471184212,7.9857895,0.014210497500001473,0.0,0.027,0.0,-0.0,0.0,1
2012-07-16 05:30:00+00:00,0.0347721,0.32687067630525,0.0361551602775,0.0,0.613,7.6631578922368435,7.6631579,0.32263157118421226,0.0,0.613,0.0,-0.0,0.0,1
2012-07-16 06:00:00+00:00,0.0349935,0.32712390310875006,0.0363853664625,0.0,1.264,6.997894734342107,6.9978947,0.6652631922368437,0.0,1.264,0.0,-0.0,0.0,1
2012-07-16 06:30:00+00:00,0.03774255,0.33026813591887505,0.039243759926249996,0.0,1.509,6.20842105013158,6.2084211,0.7894736343421069,0.0,1.5,0.008999999999999897,0.0,0.0014862066116349208,1
2012-07-16 07:00:00+00:00,0.042804,0.33605718201,0.0445065291,0.0,3.271,5.418947365921054,5.4189474,0.7894736501315798,0.0,1.5,1.771,0.0,0.297578634669855,1
2012-07-16 07:30:00+00:00,0.04277325,0.33602201162062506,0.04447455601874999,0.0,2.348,4.629473681710527,4.6294737,0.7894736659210535,0.0,1.5,0.8479999999999999,0.0,0.142473332927145,1
2012-07-16 08:00:00+00:00,0.04704135,0.34090366166587505,0.04891241969625,0.0,1.125,4.037368418552632,4.0373684,0.592105281710527,0.0,1.125,0.0,-0.0,0.0,1
2012-07-16 08:30:00+00:00,0.0483267,0.34237378394175005,0.0502488944925,0.006,0.554,3.7489473659210533,3.7489474,0.28842101855263236,0.0,0.548,0.0,-0.0,0.0,1
2012-07-16 09:00:00+00:00,0.04705365,0.34091772982162505,0.04892520892875,0.019,0.027,3.7447368396052636,3.7447368,0.004210565921053178,0.0,0.008,0.0,-0.0,0.0,1
2012-07-16 09:30:00+00:00,0.0467646,0.3405871281615,0.048624661964999996,0.056,0.162,3.688947365921053,3.6889474,0.05578943960526361,0.0,0.106,1.3877787807814457e-17,0.0,2.3632979473491022e-18,1
2012-07-16 10:00:00+00:00,0.04634025,0.34010177678812503,0.04818343344374999,0.1,0.072,3.7022473659210533,3.7022474,0.013300034078946865,0.028,0.0,0.0,1.3877787807814457e-17,-3.343397325921565e-19,1
2012-07-16 10:30:00+00:00,0.0456576,0.3393209941440001,0.04747363104,0.138,0.031,3.7530723659210534,3.7530724,0.050825034078946896,0.107,0.0,0.0,-0.0,0.0,1
2012-07-16 11:00:00+00:00,0.0416601,0.15434884352525,0.04331713047749999,0.181,0.06,3.8105473659210536,3.8105474,0.057475034078946496,0.121,0.0,0.0,-0.0,0.0,1
2012-07-16 11:30:00+00:00,0.04076835,0.153328902233375,0.04238991112125,0.213,0.03,3.8974723659210535,3.8974724,0.08692503407894625,0.183,0.0,0.0,-0.0,0.0,1
2012-07-16 12:00:00+00:00,0.03978435,0.152203449773375,0.041366772521250005,0.238,0.028,3.9972223659210533,3.9972224,0.09975003407894656,0.21,0.0,0.0,-0.0,0.0,1
2012-07-16 12:30:00+00:00,0.03605745,0.147940798581125,0.037491635073749995,0.25,0.059,4.087947365921053,4.0879474,0.09072503407894672,0.191,0.0,0.0,-0.0,0.0,1
2012-07-16 13:00:00+00:00,0.0344892,0.14614710872300002,0.035861007929999994,0.263,0.028,4.199572365921053,4.1995724,0.11162503407894686,0.235,0.0,0.0,-0.0,0.0,1
2012-07-16 13:30:00+00:00,0.0347721,0.14647067630525,0.0361551602775,0.263,0.029,4.310722365921054,4.3107224,0.11115003407894708,0.234,0.0,0.0,-0.0,0.0,1
2012-07-16 14:00:00+00:00,0.0346245,0.14630185843625002,0.0360016894875,0.263,0.058,4.408097365921053,4.4080974,0.09737503407894632,0.205,0.0,0.0,-0.0,0.0,1
2012-07-16 14:30:00+00:00,0.0342555,0.14587981376375,0.035618012512500005,0.25,0.033,4.511172365921053,4.5111724,0.10307503407894725,0.217,0.0,0.0,-0.0,0.0,1
2012-07-16 15:00:00+00:00,0.034194,0.14580947298500002,0.03555406635,0.238,0.039,4.605697365921053,4.6056974,0.09452503407894763,0.199,0.0,2.7755575615628914e-17,0.0,2.0235129264550847e-18,1
2012-07-16 15:30:00+00:00,0.0340587,0.14565472327175,0.035413384792499995,0.206,0.267,4.573592102763158,4.5735921,0.032105265921052784,0.0,0.061,2.7755575615628914e-17,0.0,2.0213653427712807e-18,1
2012-07-16 16:00:00+00:00,0.034686,0.146372199215,0.03606563565,0.175,0.478,4.414118418552631,4.4141184,0.1594737027631572,0.0,0.303,0.0,-0.0,0.0,1
2012-07-16 16:30:00+00:00,0.0368262,0.14882005831550002,0.038290962105000007,0.113,0.179,4.379381576447368,4.3793816,0.034736818552630666,0.0,0.066,0.0,1.3877787807814457e-17,-2.6569692352512724e-19,1
2012-07-16 17:00:00+00:00,0.0376257,0.14973448843925,0.039122262217499995,0.0,0.043,4.356749997499999,4.35675,0.022631576447367685,0.0,0.043,0.0,-0.0,0.0,1
2012-07-16 17:30:00+00:00,0.0412665,0.15389866254125,0.042907875037499994,0.0,0.028,4.342013155394736,4.3420132,0.014736797499998566,0.0,0.028,0.0,-0.0,0.0,1
2012-07-16 18:00:00+00:00,0.0482898,0.16193157947450001,0.050210526795,0.0,0.053,4.3141184185526305,4.3141184,0.02789475539473596,0.0,0.053,0.0,-0.0,0.0,1
2012-07-16 18:30:00+00:00,0.04855425,0.162234044823125,0.050485495293749995,0.0,0.27,4.172013155394736,4.1720132,0.14210521855263014,0.0,0.27,0.0,-0.0,0.0,1
2012-07-16 19:00:00+00:00,0.047355,0.1608623996375,0.049238545125,0.0,1.195,3.543065786973683,3.5430658,0.628947355394736,0.0,1.195,0.0,-0.0,0.0,1
2012-07-16 19:30:00+00:00,0.0408114,0.1533781407785,0.042434673434999994,0.0,0.786,3.129381576447367,3.1293816,0.41368418697368314,0.0,0.786,0.0,-0.0,0.0,1
2012-07-16 20:00:00+00:00,0.0407376,0.153293731844,0.042357938039999994,0.0,0.715,2.753065786973683,2.7530658,0.37631577644736725,0.0,0.715,0.0,-0.0,0.0,1
2012-07-16 20:30:00+00:00,0.0414387,0.15409561672175,0.043086924292499995,0.0,0.689,2.3904342080263143,2.3904342,0.3626315869736829,0.0,0.689,0.0,-0.0,0.0,1
2012-07-16 21:00:00+00:00,0.0408114,0.1533781407785,0.042434673434999994,0.0,0.641,2.053065786973683,2.0530658,0.3373684080263142,0.0,0.641,0.0,-0.0,0.0,1
2012-07-16 21:30:00+00:00,0.0380439,0.15021280573475002,0.039557096122499996,0.0,1.168,1.4383289448684198,1.4383289,0.6147368869736829,0.0,1.168,0.0,-0.0,0.0,1
2012-07-16 22:00:00+00:00,0.03562695,0.147448413129875,0.03704401193624999,0.0,0.198,1.3341184185526302,1.3341184,0.10421054486841985,0.0,0.198,0.0,-0.0,0.0,1
2012-07-16 22:30:00+00:00,0.0438864,0.156895179716,0.04563198156,0.0,0.033,1.3167499974999988,1.31675,0.01736841855263016,0.0,0.033,0.0,-0.0,0.0,1
2012-07-16 23:00:00+00:00,0.0363465,0.14827140024125,0.0377921820375,0.0,0.039,1.296223681710525,1.2962237,0.02052629749999868,0.0,0.039,0.0,-0.0,0.0,1
2012-07-16 23:30:00+00:00,0.0352641,0.14703340253525,0.036666729577499994,0.0,0.04,1.2751710501315776,1.2751711,0.021052581710525153,0.0,0.04,0.0,-0.0,0.0,1
2012-07-17 00:00:00+00:00,0.0357192,0.098053924298,0.037139931179999995,0.0,0.018,1.5874999993815777,1.5875,0.3123289498684223,0.65753463,0.0,0.67553463,0.0,0.03311941073534872,1
2012-07-17 00:30:00+00:00,0.03433545,0.096471256776125,0.03570114252375,0.0,0.036,2.2999999993815776,2.3,0.7125000006184221,1.5,0.0,1.536,0.0,0.074089925204064,1
2012-07-17 01:00:00+00:00,0.03436005,0.09649939308762502,0.03572672098875,0.0,0.033,3.0124999993815775,3.0125,0.7125000006184226,1.5,0.0,1.533,0.0,0.07396678480166458,1
2012-07-17 01:30:00+00:00,0.0342801,0.09640795007524999,0.03564359097749999,0.0,0.019,3.7249999993815774,3.725,0.7125000006184226,1.5,0.0,1.519,0.0,0.07322183808215237,1
2012-07-17 02:00:00+00:00,0.03406485,0.09616175734962502,0.03541977940875,0.0,0.025,4.437499999381577,4.4375,0.7125000006184226,1.5,0.0,1.525,0.0,0.07332333997908907,1
2012-07-17 02:30:00+00:00,0.03343755,0.09544428140637501,0.03476752855125,0.0,0.042,5.149999999381578,5.15,0.712500000618423,1.5,0.0,1.542,0.0,0.07358754096431513,1
2012-07-17 03:00:00+00:00,0.0328779,0.09480418031975,0.0341856184725,0.0,0.019,5.862499999381578,5.8625,0.7125000006184221,1.5,0.0,1.519,0.0,0.07200377495285012,1
2012-07-17 03:30:00+00:00,0.03204765,0.093854579806625,0.03332234527874999,0.0,0.045,6.574999999381578,6.575,0.7125000006184221,1.5,0.0,1.545,0.0,0.07250266290061781,1
2012-07-17 04:00:00+00:00,0.0319431,0.09373500048275,0.0332136368025,0.0,0.056,7.287499999381579,7.2875,0.7125000006184212,1.5,0.0,1.556,0.0,0.07292583037557951,1
2012-07-17 04:30:00+00:00,0.0319062,0.09369279601550001,0.033175269105,0.0,0.027,7.999999999381579,8.0,0.7125000006184212,1.5,0.0,1.527,0.0,0.07153444975783425,1
2012-07-17 05:00:00+00:00,0.03293325,0.324767487020625,0.03424317001874999,0.0,0.027,7.98578947306579,7.9857895,0.014210499381579034,0.0,0.027,0.0,-0.0,0.0,1
2012-07-17 05:30:00+00:00,0.0340095,0.32599845064875,0.0353622278625,0.0,0.546,7.698421052013158,7.6984211,0.28736837306578966,0.0,0.546,0.0,-0.0,0.0,1
2012-07-17 06:00:00+00:00,0.03223215,0.323965602142875,0.03351418376625,0.0,0.558,7.404736841486842,7.4047368,0.29368425201315773,0.0,0.558,0.0,-0.0,0.0,1
2012-07-17 06:30:00+00:00,0.03589755,0.32815791255637505,0.03732537505125,0.0,0.585,7.096842104644736,7.0968421,0.3078947414868418,0.0,0.585,0.0,-0.0,0.0,1
2012-07-17 07:00:00+00:00,0.041574,0.33465036643500007,0.043227605849999996,0.0,2.491,6.3073684204342095,6.3073684,0.7894737046447364,0.0,1.5,0.9910000000000001,0.0,0.16581925656854254,1
2012-07-17 07:30:00+00:00,0.04426155,0.337724258466375,0.04602205315124999,0.0,2.945,5.517894736223683,5.5178947,0.7894737204342093,0.0,1.5,1.4449999999999998,0.0,0.2440057767419559,1
2012-07-17 08:00:00+00:00,0.0523365,0.34696000271625005,0.0544181842875,0.0,2.171,4.728421052013156,4.7284211,0.7894736362236827,0.0,1.5,0.6709999999999998,0.0,0.11640508091130186,1
2012-07-17 08:30:00+00:00,0.05092815,0.345349198882875,0.05295381716624999,0.006,1.336,4.028421052013156,4.0284211,0.6999999520131563,0.0,1.33,0.0,-0.0,0.0,1
2012-07-17 09:00:00+00:00,0.04312995,0.336429988137375,0.04484544376125,0.019,0.736,3.6510526309605247,3.6510526,0.3773684520131564,0.0,0.717,0.0,-0.0,0.0,1
2012-07-17 09:30:00+00:00,0.0414387,0.33449561672175004,0.043086924292499995,0.056,0.369,3.4863157888552614,3.4863158,0.16473683096052483,0.0,0.313,0.0,-0.0,0.0,1
2012-07-17 10:00:00+00:00,0.04076835,0.33372890223337504,0.04238991112125,0.106,0.052,3.5119657888552616,3.5119658,0.025650011144738638,0.054,0.0,0.0,-0.0,0.0,1
2012-07-17 10:30:00+00:00,0.04025175,0.333138039691875,0.041852763356249996,0.144,0.019,3.5713407888552617,3.5713408,0.05937501114473864,0.125,0.0,0.0,-0.0,0.0,1
2012-07-17 11:00:00+00:00,0.03562695,0.147448413129875,0.03704401193624999,0.181,0.019,3.648290788855262,3.6482908,0.0769500111447381,0.162,0.0,0.0,-0.0,0.0,1
2012-07-17 11:30:00+00:00,0.03449535,0.146154142800875,0.03586740254625,0.206,0.05,3.722390788855262,3.7223908,0.07410001114473808,0.156,0.0,2.7755575615628914e-17,0.0,2.028296181023556e-18,1
2012-07-17 12:00:00+00:00,0.0344769,0.14613304056725002,0.035848218697499996,0.238,0.019,3.826415788855262,3.8264158,0.10402501114473806,0.219,0.0,0.0,-0.0,0.0,1
2012-07-17 12:30:00+00:00,0.03442155,0.146069733866375,0.035790667151250004,0.256,0.02,3.9385157888552618,3.9385158,0.11210001114473789,0.236,0.0,0.0,-0.0,0.0,1
2012-07-17 13:00:00+00:00,0.0336651,0.14520454228775,0.035004129352499996,0.269,0.051,4.042065788855262,4.0420658,0.10355001114473783,0.218,0.0,0.0,-0.0,0.0,1
2012-07-17 13:30:00+00:00,0.03364665,0.14518344005412498,0.034984945503749997,0.269,0.019,4.160815788855262,4.1608158,0.11875001114473793,0.25,0.0,0.0,-0.0,0.0,1
2012-07-17 14:00:00+00:00,0.03343755,0.144944281406375,0.03476752855125,0.269,0.087,4.2472657888552625,4.2472658,0.08645001114473772,0.182,0.0,0.0,-0.0,0.0,1
2012-07-17 14:30:00+00:00,0.0330501,0.14450113450025,0.0343646677275,0.256,0.128,4.308065788855263,4.3080658,0.0608000111447371,0.128,0.0,0.0,-0.0,0.0,1
2012-07-17 15:00:00+00:00,0.03287175,0.144297146241875,0.034179223856249996,0.244,0.085,4.383590788855263,4.3835908,0.07552501114473742,0.159,0.0,0.0,-0.0,0.0,1
2012-07-17 15:30:00+00:00,0.0331485,0.14461367974624997,0.034466981587499994,0.213,0.022,4.474315788855263,4.4743158,0.09072501114473752,0.191,0.0,0.0,-0.0,0.0,1
2012-07-17 16:00:00+00:00,0.03376965,0.145324121611625,0.03511283782875,0.175,0.474,4.474315788855263,4.4743158,1.1144737577239994e-08,0.0,0.0,0.299,0.0,0.021725956180937936,1
2012-07-17 16:30:00+00:00,0.0342678,0.1458938819195,0.035630801744999996,0.119,0.34,4.474315788855263,4.4743158,1.1144737577239994e-08,0.0,0.0,0.22100000000000003,0.0,0.016121273952104755,1
2012-07-17 17:00:00+00:00,0.03568845,0.14751875390862498,0.03710795809874999,0.006,0.497,4.474315788855263,4.4743158,1.1144737577239994e-08,0.0,0.0,0.491,0.0,0.036215854084567435,1
2012-07-17 17:30:00+00:00,0.0417093,0.15440511614825,0.04336828740749999,0.0,0.449,4.237999999381579,4.238,0.23631578885526228,0.0,0.449,0.0,-0.0,0.0,1
2012-07-17 18:00:00+00:00,0.0576747,0.17266558231174997,0.059968711192499996,0.0,0.683,3.8785263151710523,3.8785263,0.3594736993815788,0.0,0.683,0.0,-0.0,0.0,1
2012-07-17 18:30:00+00:00,0.0560142,0.1707663812855,0.058242164804999996,0.0,0.432,3.6511578941184206,3.6511579,0.22736841517105244,0.0,0.432,0.0,-0.0,0.0,1
2012-07-17 19:00:00+00:00,0.04940295,0.16320474756987502,0.051367952336249995,0.0,0.501,3.3874736835921047,3.3874737,0.2636841941184205,0.0,0.501,0.0,-0.0,0.0,1
2012-07-17 19:30:00+00:00,0.0443907,0.15747197410174998,0.04615634009249999,0.0,0.902,2.9127368414868413,2.9127368,0.47473688359210486,0.0,0.902,0.0,-0.0,0.0,1
2012-07-17 20:00:00+00:00,0.0453747,0.15859742656175,0.04717947869249999,0.0,1.058,2.3558947362236835,2.3558947,0.5568421414868414,0.0,1.058,0.0,-0.0,0.0,1
2012-07-17 20:30:00+00:00,0.04322835,0.156142533383375,0.044947757621249994,0.0,1.09,1.7822105256973675,1.7822105,0.5736842362236836,0.0,1.09,0.0,-0.0,0.0,1
2012-07-17 21:00:00+00:00,0.04156785,0.154243332357125,0.04322121123375,0.0,2.173,1.0,1.0,0.7822105256973675,0.0,1.4862,0.6868000000000001,0.0,0.05296716033143673,1
2012-07-17 21:30:00+00:00,0.03694305,0.148953705795125,0.038412459813749994,0.0,0.787,1.0,1.0,0.0,0.0,0.0,0.787,0.0,0.058613283230381695,1
2012-07-17 22:00:00+00:00,0.03463065,0.146308892514125,0.03600808410375,0.0,0.043,1.0,1.0,0.0,0.0,0.0,0.043,0.0,0.003145641189053687,1
2012-07-17 22:30:00+00:00,0.03715215,0.149192864442875,0.03862987676625,0.0,0.045,1.0,1.0,0.0,0.0,0.0,0.045,0.0,0.0033568394499646874,1
2012-07-17 23:00:00+00:00,0.0346614,0.14634406290350002,0.036040057185,0.0,0.031,1.0,1.0,0.0,0.0,0.0,0.031,0.0,0.00226833297500425,1
2012-07-17 23:30:00+00:00,0.03543015,0.14722332263787502,0.03683938421625,0.0,0.021,1.0,1.0,0.0,0.0,0.0,0.021,0.0,0.0015458448876976877,1
2012-07-18 00:00:00+00:00,0.03347445,0.09548648587362503,0.03480589624875,0.0,0.049,1.7125,1.7125,0.7124999999999999,1.5,0.0,1.549,0.0,0.07395428330912258,1
2012-07-18 00:30:00+00:00,0.0337143,0.09576081491075002,0.0350552862825,0.0,0.022,2.425,2.425,0.7124999999999999,1.5,0.0,1.522,0.0,0.07287398014708077,1
2012-07-18 01:00:00+00:00,0.03404025,0.096133621038125,0.035394200943749995,0.0,0.022,3.0124999975,3.0125,0.5875000000000004,1.2368421,0.0,1.2588421,0.0,0.060508524694118736,1
2012-07-18 01:30:00+00:00,0.0332469,0.09522622499225,0.0345692954475,0.0,0.05,3.7249999975,3.725,0.7125000025000001,1.5,0.0,1.55,0.0,0.07380032436899375,1
2012-07-18 02:00:00+00:00,0.0324351,0.09429772671275001,0.0337252061025,0.0,0.022,4.4374999975,4.4375,0.7125000025000001,1.5,0.0,1.522,0.0,0.07176057002840276,1
2012-07-18 02:30:00+00:00,0.03215835,0.09398119320837502,0.03343744837125,0.0,0.022,5.1499999975,5.15,0.7125000025000006,1.5,0.0,1.522,0.0,0.0715196880315734,1
2012-07-18 03:00:00+00:00,0.0310944,0.09276429773600002,0.03233117976,0.0,0.05,5.8624999975000005,5.8625,0.7125000024999997,1.5,0.0,1.55,0.0,0.07189233074540002,1
2012-07-18 03:30:00+00:00,0.0311559,0.09283463851475002,0.0323951259225,0.0,0.052,6.574999997500001,6.575,0.7125000024999997,1.5,0.0,1.552,0.0,0.07203967948744601,1
2012-07-18 04:00:00+00:00,0.0305901,0.09218750335025,0.0318068212275,0.0,0.164,7.287499997500001,7.2875,0.7125000024999988,1.5,0.0,1.664,0.0,0.07670000278740799,1
2012-07-18 04:30:00+00:00,0.03075,0.092370389375,0.03197308124999999,0.0,0.05,7.999999997500002,8.0,0.7125000024999988,1.5,0.0,1.55,0.0,0.071587051765625,1
2012-07-18 05:00:00+00:00,0.0313896,0.323001933474,0.03263812133999999,0.0,0.04,7.978947365921054,7.9789474,0.021052597500001546,0.0,0.04,0.0,-0.0,0.0,1
2012-07-18 05:30:00+00:00,0.03364665,0.325583440054125,0.034984945503749997,0.0,0.03,7.963157892236843,7.9631579,0.015789465921054457,0.0,0.03,0.0,-0.0,0.0,1
2012-07-18 06:00:00+00:00,0.03060855,0.32210860558387505,0.031826005076250004,0.0,0.031,7.946842102763159,7.9468421,0.016315792236843762,0.0,0.031,0.0,-0.0,0.0,1
2012-07-18 06:30:00+00:00,0.0343539,0.32639235900975005,0.03572032637249999,0.0,0.838,7.505789471184212,7.5057895,0.4410526027631594,0.0,0.838,0.0,-0.0,0.0,1
2012-07-18 07:00:00+00:00,0.0379947,0.33055653311175004,0.03950593919249999,0.0,1.928,6.716315786973685,6.7163158,0.7894736711842114,0.0,1.5,0.42799999999999994,0.0,0.0707390980859145,1
2012-07-18 07:30:00+00:00,0.0374289,0.32990939794725005,0.0389176344975,0.0,1.55,5.926842102763159,5.9268421,0.7894736869736851,0.0,1.5,0.050000000000000044,0.0,0.008247734948681258,1
2012-07-18 08:00:00+00:00,0.04058385,0.333517879897125,0.04219807263374999,0.019,2.063,5.137368418552632,5.1373684,0.7894737027631589,0.0,1.5,0.544,0.0,0.090716863332018,1
2012-07-18 08:30:00+00:00,0.04054695,0.333475675429875,0.04215970493624999,0.038,1.538,4.3478947343421055,4.3478947,0.7894737185526317,0.0,1.5,0.0,-0.0,0.0,1
2012-07-18 09:00:00+00:00,0.0392001,0.33193521237525003,0.0407592839775,0.063,0.629,4.0499999975000005,4.05,0.29789473434210567,0.0,0.566,1.1102230246251565e-16,0.0,1.842610577314219e-17,1
2012-07-18 09:30:00+00:00,0.0391755,0.33190707606375003,0.0407337055125,0.056,0.439,3.8484210501315794,3.8484211,0.20157889750000058,0.0,0.383,0.0,-0.0,0.0,1
2012-07-18 10:00:00+00:00,0.03686925,0.329269296860625,0.038335724418749995,0.1,0.344,3.7199999975000004,3.72,0.12842105013157923,0.0,0.244,0.0,2.7755575615628914e-17,-5.320150489422636e-19,1
2012-07-18 10:30:00+00:00,0.034563,0.32663151765750004,0.035937743325,0.113,0.193,3.6778947343421056,3.6778947,0.04210529750000047,0.0,0.08,0.0,-0.0,0.0,1
2012-07-18 11:00:00+00:00,0.0347598,0.14645660814949998,0.036142371044999996,0.156,0.058,3.7244447343421054,3.7244447,0.046549965657894266,0.098,0.0,0.0,-0.0,0.0,1
2012-07-18 11:30:00+00:00,0.03437235,0.146013461243375,0.03573951022125,0.206,0.03,3.8080447343421056,3.8080447,0.08359996565789451,0.176,0.0,0.0,-0.0,0.0,1
2012-07-18 12:00:00+00:00,0.03381885,0.145380394234625,0.03516399475874999,0.238,0.021,3.9111197343421056,3.9111197,0.10307496565789442,0.217,0.0,0.0,-0.0,0.0,1
2012-07-18 12:30:00+00:00,0.03284715,0.144269009930375,0.03415364539125,0.256,0.058,4.005169734342106,4.0051697,0.09404996565789414,0.198,0.0,0.0,-0.0,0.0,1
2012-07-18 13:00:00+00:00,0.03164175,0.142890330666875,0.03290030060625,0.144,0.032,4.058369734342106,4.0583697,0.05319996565789431,0.112,0.0,2.7755575615628914e-17,0.0,1.983001688783334e-18,1
2012-07-18 13:30:00+00:00,0.0330132,0.144458930033,0.03432630003,0.106,0.097,4.062644734342106,4.0626447,0.004274965657893759,0.009,0.0,0.0,-0.0,0.0,1
2012-07-18 14:00:00+00:00,0.0318078,0.14308025076949998,0.033072955244999994,0.25,0.02,4.171894734342106,4.1718947,0.10924996565789424,0.23,0.0,0.0,-0.0,0.0,1
2012-07-18 14:30:00+00:00,0.03156795,0.142805921732375,0.032823565211249996,0.256,0.213,4.192319734342107,4.1923197,0.020424965657893424,0.043,0.0,0.0,-0.0,0.0,1
2012-07-18 15:00:00+00:00,0.0314757,0.14270041056425,0.0327276459675,0.213,0.175,4.210369734342106,4.2103697,0.01804996565789363,0.038,0.0,0.0,-0.0,0.0,1
2012-07-18 15:30:00+00:00,0.03220755,0.143537465831375,0.033488605301249995,0.219,0.148,4.244094734342106,4.2440947,0.03372496565789351,0.071,0.0,0.0,2.7755575615628914e-17,-4.647477583503978e-19,1
2012-07-18 16:00:00+00:00,0.0330009,0.14444486187724997,0.034313510797499995,0.175,0.18,4.2414631553947375,4.2414632,0.0026315343421057236,0.0,0.005,4.336808689942018e-18,0.0,3.132148661033661e-19,1
2012-07-18 16:30:00+00:00,0.03485205,0.146562119317625,0.036238290288749996,0.125,0.398,4.097778944868422,4.0977789,0.14368425539473773,0.0,0.273,0.0,-0.0,0.0,1
2012-07-18 17:00:00+00:00,0.03492585,0.14664652825212499,0.036315025683749995,0.006,0.265,3.9614631553947373,3.9614632,0.1363157448684218,0.0,0.259,0.0,-0.0,0.0,1
2012-07-18 17:30:00+00:00,0.0414879,0.15415188934475,0.04313808122249999,0.0,0.369,3.7672526290789476,3.7672526,0.1942105553947373,0.0,0.369,0.0,-0.0,0.0,1
2012-07-18 18:00:00+00:00,0.04959975,0.163429838061875,0.05157258005625,0.0,0.883,3.3025157869736845,3.3025158,0.46473682907894753,0.0,0.883,0.0,-0.0,0.0,1
2012-07-18 18:30:00+00:00,0.05277315,0.167059422245375,0.05487220204124999,0.0,0.475,3.0525157869736845,3.0525158,0.24999998697368442,0.0,0.475,0.0,-0.0,0.0,1
2012-07-18 19:00:00+00:00,0.04889865,0.162627953184125,0.050843593803750003,0.0,0.379,2.8530421027631583,2.8530421,0.1994736869736844,0.0,0.379,0.0,-0.0,0.0,1
2012-07-18 19:30:00+00:00,0.0419922,0.1547286837305,0.043662439755,0.0,0.399,2.6430421027631583,2.6430421,0.2100000027631581,0.0,0.399,0.0,-0.0,0.0,1
2012-07-18 20:00:00+00:00,0.03984585,0.152273790552125,0.04143071868375,0.0,0.533,2.3625157869736846,2.3625158,0.28052630276315815,0.0,0.533,0.0,-0.0,0.0,1
2012-07-18 20:30:00+00:00,0.039729,0.15214014307249998,0.041309220975,0.0,0.586,2.0540947343421054,2.0540947,0.30842108697368475,0.0,0.586,0.0,-0.0,0.0,1
2012-07-18 21:00:00+00:00,0.03919395,0.151528178297375,0.040752889361249996,0.0,1.945,1.264621050131579,1.2646211,0.7894736343421054,0.0,1.5,0.44500000000000006,0.0,0.03371501967116594,1
2012-07-18 21:30:00+00:00,0.0363342,0.1482573320855,0.03777939280499999,0.0,0.08,1.2225157869736845,1.2225158,0.042105250131579064,0.0,0.08,0.0,-0.0,0.0,1
2012-07-18 22:00:00+00:00,0.03428625,0.145914984153125,0.035649985593749996,0.0,0.079,1.1809368396052633,1.1809368,0.04157898697368445,0.0,0.079,0.0,-0.0,0.0,1
2012-07-18 22:30:00+00:00,0.0449073,0.15806283664325002,0.0466934878575,0.0,0.022,1.1693578922368422,1.1693579,0.011578939605263239,0.0,0.022,0.0,-0.0,0.0,1
2012-07-18 23:00:00+00:00,0.03631575,0.148236229851875,0.03776020895625,0.0,0.018,1.1598842080263159,1.1598842,0.009473692236842135,0.0,0.018,0.0,-0.0,0.0,1
2012-07-18 23:30:00+00:00,0.03770565,0.149825931451625,0.03920539222875,0.0,0.049,1.1340947343421053,1.1340947,0.025789508026315966,0.0,0.049,0.0,-0.0,0.0,1
2012-07-19 00:00:00+00:00,0.03556545,0.09787807235112501,0.03698006577375,0.0,0.018,1.5874999993421053,1.5875,0.45340526565789463,0.9545374,0.0,0.9725374,0.0,0.0475950430006875,1
2012-07-19 00:30:00+00:00,0.0338127,0.09587336015675002,0.0351576001425,0.0,0.018,2.299999999342105,2.3,0.7125000006578945,1.5,0.0,1.518,0.0,0.07276788035897326,1
2012-07-19 01:00:00+00:00,0.0328164,0.09473383954100002,0.03412167231,0.0,0.049,3.012499999342105,3.0125,0.712500000657895,1.5,0.0,1.549,0.0,0.07337135872450451,1
2012-07-19 01:30:00+00:00,0.0342186,0.09633760929650001,0.035579644815000006,0.0,0.018,3.724999999342105,3.725,0.712500000657895,1.5,0.0,1.518,0.0,0.07312024545604351,1
2012-07-19 02:00:00+00:00,0.0335421,0.09556386073025,0.03487623702749999,0.0,0.018,4.437499999342105,4.4375,0.712500000657895,1.5,0.0,1.518,0.0,0.07253297029425974,1
2012-07-19 02:30:00+00:00,0.03338835,0.09538800878337499,0.03471637162124999,0.0,0.048,5.149999999342105,5.15,0.7125000006578954,1.5,0.0,1.548,0.0,0.07383031879833224,1
2012-07-19 03:00:00+00:00,0.032103,0.0939178865075,0.033379896825,0.0,0.018,5.862499999342106,5.8625,0.7125000006578945,1.5,0.0,1.518,0.0,0.0712836758591925,1
2012-07-19 03:30:00+00:00,0.03182625,0.093601353003125,0.03309213909375,0.0,0.031,6.574999999342106,6.575,0.7125000006578945,1.5,0.0,1.531,0.0,0.07165183572389218,1
2012-07-19 04:00:00+00:00,0.0319185,0.09370686417125001,0.0331880583375,0.0,0.041,7.287499999342106,7.2875,0.7125000006578937,1.5,0.0,1.541,0.0,0.07220113884394813,1
2012-07-19 04:30:00+00:00,0.03321615,0.09519105460287501,0.03453732236625,0.0,0.041,7.999999999342107,8.0,0.7125000006578937,1.5,0.0,1.541,0.0,0.07334470757151519,1
2012-07-19 05:00:00+00:00,0.0334068,0.32530911101700005,0.03473555546999999,0.0,0.025,7.986842104605264,7.9868421,0.013157899342107093,0.0,0.025,0.0,-0.0,0.0,1
2012-07-19 05:30:00+00:00,0.0367647,0.32914971753675004,0.0382270159425,0.0,0.033,7.969473683552633,7.9694737,0.01736840460526423,0.0,0.033,0.0,-0.0,0.0,1
2012-07-19 06:00:00+00:00,0.0343908,0.326434563477,0.03575869406999999,0.0,2.778,7.179999999342106,7.18,0.7894736835526333,0.0,1.5,1.278,0.0,0.208591686061803,1
2012-07-19 06:30:00+00:00,0.0408852,0.333862549713,0.04251140882999999,0.0,2.356,6.39052631513158,6.3905263,0.7894736993421061,0.0,1.5,0.8559999999999999,0.0,0.14289317127716397,1
2012-07-19 07:00:00+00:00,0.04289625,0.336162693178125,0.04460244834374999,0.0,1.873,5.601052630921053,5.6010526,0.7894737151315798,0.0,1.5,0.373,0.0,0.06269434227772032,1
2012-07-19 07:30:00+00:00,0.04001805,0.332870744732625,0.04160976793874999,0.0,2.825,4.811578946710527,4.8115789,0.7894737309210536,0.0,1.5,1.3250000000000002,0.0,0.2205268683853641,1
2012-07-19 08:00:00+00:00,0.0460635,0.33978524328375,0.047895675712499995,0.006,0.888,4.347368420394737,4.3473684,0.4642105467105271,0.0,0.882,0.0,-0.0,0.0,1
2012-07-19 08:30:00+00:00,0.0430254,0.33631040881350005,0.044736735284999996,0.006,0.017,4.341578946710527,4.3415789,0.005789520394737124,0.0,0.011,1.734723475976807e-18,0.0,2.917027806920679e-19,1
2012-07-19 09:00:00+00:00,0.0413157,0.33435493516425,0.0429590319675,0.019,0.05,4.325263157236843,4.3252632,0.016315746710526824,0.0,0.031,3.469446951953614e-18,0.0,5.800133553381278e-19,1
2012-07-19 09:30:00+00:00,0.04081755,0.33378517485637504,0.04244106805125,0.056,0.017,4.343788157236843,4.3437882,0.018525042763156918,0.039,0.0,0.0,-0.0,0.0,1
2012-07-19 10:00:00+00:00,0.0396921,0.33249793860525007,0.0412708532775,0.1,0.018,4.382738157236843,4.3827382,0.03895004276315728,0.082,0.0,0.0,-0.0,0.0,1
2012-07-19 10:30:00+00:00,0.0357684,0.32801019692100003,0.03719108811,0.144,0.049,4.4278631572368425,4.4278632,0.0451250427631571,0.095,0.0,2.7755575615628914e-17,0.0,4.552055911669073e-18,1
2012-07-19 11:00:00+00:00,0.0346737,0.14635813105925,0.0360528464175,0.181,0.018,4.505288157236842,4.5052882,0.07742504276315731,0.163,0.0,0.0,-0.0,0.0,1
2012-07-19 11:30:00+00:00,0.03440925,0.146055665710625,0.03577787791875,0.219,0.02,4.599813157236842,4.5998132,0.09452504276315743,0.199,0.0,0.0,-0.0,0.0,1
2012-07-19 12:00:00+00:00,0.03410175,0.14570396181687498,0.03545814710625,0.213,0.995,4.599813157236842,4.5998132,4.276315745954662e-08,0.0,0.0,0.782,0.0,0.05697024907039812,1
2012-07-19 12:30:00+00:00,0.03368355,0.145225644521375,0.03502331320125,0.119,0.354,4.599813157236842,4.5998132,4.276315745954662e-08,0.0,0.0,0.235,0.0,0.017064013231261565,1
2012-07-19 13:00:00+00:00,0.0344031,0.14604863163275,0.0357714833025,0.138,0.533,4.391918420394737,4.3919184,0.2078947572368426,0.0,0.395,0.0,-0.0,0.0,1
2012-07-19 13:30:00+00:00,0.03445845,0.146111938333625,0.035829034848750003,0.131,0.35,4.2766552625,4.2766553,0.1152631203947374,0.0,0.219,0.0,2.7755575615628914e-17,-4.972277429897421e-19,1
2012-07-19 14:00:00+00:00,0.03415095,0.145760234439875,0.035509304036249995,0.063,0.307,4.208421051973684,4.2084211,0.06823416250000047,0.0,0.129645,0.11435499999999998,0.0,0.008334205804685952,1
2012-07-19 14:30:00+00:00,0.03388035,0.145450735013375,0.03522794092124999,0.088,0.328,4.208421051973684,4.2084211,4.8026315369043004e-08,0.0,0.0,0.24000000000000002,0.0,0.017454088201605,1
2012-07-19 15:00:00+00:00,0.0334314,0.1449372473285,0.034761133934999994,0.144,0.333,4.208421051973684,4.2084211,4.8026315369043004e-08,0.0,0.0,0.18900000000000003,0.0,0.013696569872543252,1
2012-07-19 15:30:00+00:00,0.0339357,0.14551404171425,0.0352854924675,0.131,0.473,4.208421051973684,4.2084211,4.8026315369043004e-08,0.0,0.0,0.34199999999999997,0.0,0.024882901133136747,1
2012-07-19 16:00:00+00:00,0.0343293,0.14596422269825002,0.0356947479075,0.156,0.408,4.075789473026316,4.0757895,0.13263155197368448,0.0,0.252,0.0,-0.0,0.0,1
2012-07-19 16:30:00+00:00,0.03479055,0.146491778538875,0.03617434412625,0.131,0.396,3.93631578881579,3.9363158,0.1394736730263162,0.0,0.265,0.0,-0.0,0.0,1
2012-07-19 17:00:00+00:00,0.03363435,0.145169371898375,0.03497215627125,0.013,0.484,3.93631578881579,3.9363158,1.1184210002568307e-08,0.0,0.0,0.471,0.0,0.03418738708206731,1
2012-07-19 17:30:00+00:00,0.0381669,0.15035348729225,0.03968498844749999,0.0,0.692,3.5721052625000005,3.5721053,0.36421048881579,0.0,0.692,0.0,-0.0,0.0,1
2012-07-19 18:00:00+00:00,0.0493845,0.16318364533625,0.05134876848749999,0.0,0.587,3.263157894078948,3.2631579,0.30894736250000054,0.0,0.587,0.0,-0.0,0.0,1
2012-07-19 18:30:00+00:00,0.04718895,0.160672479534875,0.04906589048624999,0.0,0.883,2.7984210519736847,2.7984211,0.46473679407894775,0.0,0.883,0.0,-0.0,0.0,1
2012-07-19 19:00:00+00:00,0.04605735,0.159378209205875,0.04788928109624999,0.0,0.76,2.398421051973685,2.3984211,0.39999995197368454,0.0,0.76,0.0,-0.0,0.0,1
2012-07-19 19:30:00+00:00,0.0390525,0.15136639450625,0.04060581318749999,0.0,0.75,2.0036842098684216,2.0036842,0.3947368519736849,0.0,0.75,0.0,-0.0,0.0,1
2012-07-19 20:00:00+00:00,0.0391509,0.15147893975225,0.0407081270475,0.0,0.849,1.5568421046052636,1.5568421,0.44684210986842166,0.0,0.849,0.0,-0.0,0.0,1
2012-07-19 20:30:00+00:00,0.0434436,0.156388726109,0.04517156919,0.0,0.812,1.129473683552632,1.1294737,0.4273684046052637,0.0,0.812,0.0,-0.0,0.0,1
2012-07-19 21:00:00+00:00,0.0420783,0.15482716082075,0.0437519643825,0.0,0.115,1.0689473677631582,1.0689474,0.0605262835526319,0.0,0.115,0.0,-0.0,0.0,1
2012-07-19 21:30:00+00:00,0.0376134,0.1497204202835,0.039109472985,0.0,0.04,1.0478947361842108,1.0478947,0.021052667763158173,0.0,0.04,0.0,-0.0,0.0,1
2012-07-19 22:00:00+00:00,0.03324075,0.14471919091437502,0.03456290083124999,0.0,0.054,1.0478947361842108,1.0478947,3.618421073880995e-08,0.0,0.0,0.054,0.0,0.003907418154688125,1
2012-07-19 22:30:00+00:00,0.03814845,0.150332385058625,0.03966580459875,0.0,0.026,1.034210525657895,1.0342105,0.013684236184210885,0.0,0.026,0.0,-0.0,0.0,1
2012-07-19 23:00:00+00:00,0.0348459,0.14655508523975,0.0362318956725,0.0,0.018,1.0247368414473688,1.0247368,0.009473725657895171,0.0,0.018,0.0,-0.0,0.0,1
2012-07-19 23:30:00+00:00,0.03560235,0.147420276818375,0.037018433471249994,0.0,0.047,1.0,1.0,0.024736841447368763,0.0,0.046999999,9.999999994736442e-10,0.0,7.371013837038974e-11,1
2012-07-20 00:00:00+00:00,0.0339357,0.09601404171425001,0.0352854924675,0.0,0.018,1.7125,1.7125,0.7124999999999999,1.5,0.0,1.518,0.0,0.07287465766111577,1
2012-07-20 00:30:00+00:00,0.03405255,0.09614768919387501,0.03540699017625,0.0,0.018,2.425,2.425,0.7124999999999999,1.5,0.0,1.518,0.0,0.07297609609815113,1
2012-07-20 01:00:00+00:00,0.03422475,0.096344643374375,0.035586039431249994,0.0,0.047,3.0124999975,3.0125,0.5875000000000004,1.2368421,0.0,1.2838421,0.0,0.061845654636754344,1
2012-07-20 01:30:00+00:00,0.034194,0.09630947298500002,0.03555406635,0.0,0.018,3.7249999975,3.725,0.7125000025000001,1.5,0.0,1.518,0.0,0.07309888999561502,1
2012-07-20 02:00:00+00:00,0.03325305,0.09523325907012499,0.03457569006375,0.0,0.032,4.4374999975,4.4375,0.7125000025000001,1.5,0.0,1.532,0.0,0.07294867644771574,1
2012-07-20 02:30:00+00:00,0.0319431,0.09373500048275,0.0332136368025,0.0,0.044,5.1499999975,5.15,0.7125000025000006,1.5,0.0,1.544,0.0,0.07236342037268301,1
2012-07-20 03:00:00+00:00,0.03204765,0.093854579806625,0.03332234527874999,0.0,0.037,5.8624999975000005,5.8625,0.7125000024999997,1.5,0.0,1.537,0.0,0.0721272445813913,1
2012-07-20 03:30:00+00:00,0.0312543,0.09294718376075,0.0324974397825,0.0,0.026,6.574999997500001,6.575,0.7125000024999997,1.5,0.0,1.526,0.0,0.07091870120945225,1
2012-07-20 04:00:00+00:00,0.03138345,0.093094899396125,0.03263172672375,0.0,0.026,7.287499997500001,7.2875,0.7125000024999988,1.5,0.0,1.526,0.0,0.07103140823924338,1
2012-07-20 04:30:00+00:00,0.0323367,0.09418518146675,0.0336228922425,0.0,0.555,7.999999997500002,8.0,0.7125000024999988,1.5,0.0,2.055,0.0,0.09677527395708564,1
2012-07-20 05:00:00+00:00,0.03283485,0.32465494177462506,0.034140856158749996,0.0,0.026,7.986315786973686,7.9863158,0.013684197500001716,0.0,0.026,0.0,-0.0,0.0,1
2012-07-20 05:30:00+00:00,0.03225675,0.323993738454375,0.03353976223125,0.0,0.026,7.97263157644737,7.9726316,0.013684186973685897,0.0,0.026,0.0,-0.0,0.0,1
2012-07-20 06:00:00+00:00,0.0346983,0.32678626737075006,0.0360784248825,0.0,0.05,7.946315786973686,7.9463158,0.02631577644736982,0.0,0.05,0.0,-0.0,0.0,1
2012-07-20 06:30:00+00:00,0.0381423,0.33072535098075007,0.03965940998249999,0.0,0.03,7.930526313289475,7.9305263,0.015789486973685207,0.0,0.03,0.0,-0.0,0.0,1
2012-07-20 07:00:00+00:00,0.04455675,0.33806189420437505,0.046328994731249996,0.0,1.458,7.1631578922368435,7.1631579,0.7673684132894749,0.0,1.458,0.0,-0.0,0.0,1
2012-07-20 07:30:00+00:00,0.0421029,0.33525529713225005,0.043777542847499996,0.0,2.069,6.373684208026317,6.3736842,0.7894736922368439,0.0,1.5,0.569,0.0,0.09538013203412513,1
2012-07-20 08:00:00+00:00,0.0507375,0.34513114246875,0.05275558406249999,0.006,2.559,5.58421052381579,5.5842105,0.7894737080263168,0.0,1.5,1.0530000000000004,0.0,0.18171154650979693,1
2012-07-20 08:30:00+00:00,0.04978425,0.3440408603981251,0.05176441854375,0.006,0.986,5.06842105013158,5.0684211,0.5157894238157903,0.0,0.98,0.0,-0.0,0.0,1
2012-07-20 09:00:00+00:00,0.0410697,0.33407357204925,0.0427032473175,0.019,0.343,4.897894734342106,4.8978947,0.17052635013157946,0.0,0.324,0.0,-0.0,0.0,1
2012-07-20 09:30:00+00:00,0.0396429,0.33244166598225006,0.041219696347499994,0.056,0.017,4.9164197343421066,4.9164197,0.01852496565789341,0.039,0.0,0.0,-0.0,0.0,1
2012-07-20 10:00:00+00:00,0.03971055,0.33251904083887507,0.04129003712625,0.1,0.028,4.950619734342107,4.9506197,0.034199965657893294,0.072,0.0,0.0,1.3877787807814457e-17,-2.8650718690743925e-19,1
2012-07-20 10:30:00+00:00,0.03832065,0.330929339239125,0.039844853853749994,0.156,0.039,5.006194734342107,5.0061947,0.055574965657893216,0.117,0.0,0.0,-0.0,0.0,1
2012-07-20 11:00:00+00:00,0.03707835,0.149108455508375,0.03855314137125,0.144,0.114,5.020444734342107,5.0204447,0.014249965657892716,0.03,0.0,2.7755575615628914e-17,0.0,2.069295505896171e-18,1
2012-07-20 11:30:00+00:00,0.0348582,0.1465691533955,0.036244684905,0.213,0.048,5.098819734342107,5.0988197,0.07837496565789337,0.165,0.0,2.7755575615628914e-17,0.0,2.0340556099937568e-18,1
2012-07-20 12:00:00+00:00,0.03449535,0.146154142800875,0.03586740254625,0.238,0.019,5.202844734342107,5.2028447,0.1040249656578931,0.219,0.0,0.0,-0.0,0.0,1
2012-07-20 12:30:00+00:00,0.03444615,0.146097870177875,0.03581624561625,0.219,0.02,5.297369734342107,5.2973697,0.09452496565789303,0.199,0.0,0.0,-0.0,0.0,1
2012-07-20 13:00:00+00:00,0.03376965,0.145324121611625,0.03511283782875,0.244,0.061,5.384294734342107,5.3842947,0.08692496565789298,0.183,0.0,0.0,-0.0,0.0,1
2012-07-20 13:30:00+00:00,0.03413865,0.145746166284125,0.03549651480375,0.225,0.03,5.476919734342107,5.4769197,0.09262496565789302,0.195,0.0,0.0,-0.0,0.0,1
2012-07-20 14:00:00+00:00,0.03326535,0.144747327225875,0.034588479296249995,0.256,0.406,5.397972365921055,5.3979724,0.07894733434210721,0.0,0.15,2.7755575615628914e-17,0.0,2.0087726929889776e-18,1
2012-07-20 14:30:00+00:00,0.0337758,0.1453311556895,0.035119232445,0.225,0.47,5.269024997500002,5.269025,0.1289473659210545,0.0,0.245,0.0,2.7755575615628914e-17,-4.873772558450229e-19,1
2012-07-20 15:00:00+00:00,0.0338373,0.14540149646824999,0.0351831786075,0.181,0.018,5.3464499975000015,5.34645,0.07742500249999829,0.163,0.0,0.0,-0.0,0.0,1
2012-07-20 15:30:00+00:00,0.03375735,0.145310053455875,0.03510004859625,0.156,0.038,5.402499997500001,5.4025,0.056050002499998364,0.118,0.0,0.0,-0.0,0.0,1
2012-07-20 16:00:00+00:00,0.0343416,0.14597829085400002,0.035707537139999995,0.094,0.024,5.435749997500001,5.43575,0.03325000249999821,0.07,0.0,0.0,-0.0,0.0,1
2012-07-20 16:30:00+00:00,0.0360144,0.14789156003599999,0.03744687275999999,0.081,0.811,5.051539471184212,5.0515395,0.3842104975000016,0.0,0.73,1.1102230246251565e-16,0.0,8.209630754985041e-18,1
2012-07-20 17:00:00+00:00,0.0369615,0.14897480802875,0.038431643662499994,0.013,0.648,4.717328944868422,4.7173289,0.3342105711842116,0.0,0.635,0.0,-0.0,0.0,1
2012-07-20 17:30:00+00:00,0.0392739,0.15161962130974999,0.0408360193725,0.0,0.489,4.4599605238157904,4.4599605,0.2573684448684217,0.0,0.489,0.0,-0.0,0.0,1
2012-07-20 18:00:00+00:00,0.04533165,0.158548188016625,0.047134716378750004,0.0,0.638,4.12417105013158,4.1241711,0.3357894238157906,0.0,0.638,0.0,-0.0,0.0,1
2012-07-20 18:30:00+00:00,0.0476994,0.16125630799850002,0.049596643635,0.0,0.772,3.717855260657896,3.7178553,0.40631575013158017,0.0,0.772,0.0,-0.0,0.0,1
2012-07-20 19:00:00+00:00,0.0468384,0.160271537096,0.048701397359999996,0.0,0.457,3.477328944868422,3.4773289,0.240526360657896,0.0,0.457,0.0,-0.0,0.0,1
2012-07-20 19:30:00+00:00,0.0394215,0.15178843917874998,0.040989490162499996,0.0,0.393,3.2704868396052644,3.2704868,0.20684214486842212,0.0,0.393,0.0,-0.0,0.0,1
2012-07-20 20:00:00+00:00,0.0399996,0.152449642499,0.04159058409,0.0,0.731,2.8857499975000014,2.88575,0.3847368396052646,0.0,0.731,0.0,-0.0,0.0,1
2012-07-20 20:30:00+00:00,0.0476256,0.161171899064,0.049519908239999993,0.0,0.823,2.4525921027631594,2.4525921,0.43315789750000144,0.0,0.823,0.0,-0.0,0.0,1
2012-07-20 21:00:00+00:00,0.05068215,0.164667835767875,0.05269803251625,0.0,1.624,1.663118418552633,1.6631184,0.7894737027631593,0.0,1.5,0.12400000000000011,0.0,0.010209405817608258,1
2012-07-20 21:30:00+00:00,0.04137105,0.154018241865125,0.04301658351375,0.0,0.277,1.5173289448684226,1.5173289,0.145789518552633,0.0,0.277,0.0,-0.0,0.0,1
2012-07-20 22:00:00+00:00,0.03951375,0.151893950346875,0.041085409406249995,0.0,0.364,1.3257499975000016,1.32575,0.19157894486842264,0.0,0.364,0.0,-0.0,0.0,1
2012-07-20 22:30:00+00:00,0.05103885,0.165075812284625,0.05306892025874999,0.0,0.031,1.3094342080263173,1.3094342,0.01631579750000145,0.0,0.031,0.0,-0.0,0.0,1
2012-07-20 23:00:00+00:00,0.0418323,0.15454579770575003,0.0434961797325,0.0,0.017,1.3004868396052647,1.3004868,0.008947408026317216,0.0,0.017,0.0,-0.0,0.0,1
2012-07-20 23:30:00+00:00,0.0454485,0.15868183549625,0.0472562140875,0.0,0.046,1.2762763132894752,1.2762763,0.024210539605264758,0.0,0.046,0.0,-0.0,0.0,1
2012-07-21 00:00:00+00:00,0.04404015,0.10757103166287499,0.045791846966249994,0.0,0.017,1.4910671047894752,1.4910671,0.23005398671052468,0.45219114,0.0,0.46919114,0.0,0.025235687488440205,1
2012-07-21 00:30:00+00:00,0.04097745,0.10406806088112501,0.04260732807374999,0.0,0.018,1.9272907885394752,1.9272908,0.7124999952105247,0.91836565,0.0,0.93636565,0.0,0.0487228787355971,1
2012-07-21 01:00:00+00:00,0.03978435,0.102703449773375,0.041366772521250005,0.0,0.046,2.639790788539475,2.6397908,0.7125000114605249,1.5,0.0,1.546,0.0,0.07938976667481888,1
2012-07-21 01:30:00+00:00,0.0404793,0.10349830057325,0.042089364157499996,0.0,0.018,3.352290788539475,3.3522908,0.7125000114605249,1.5,0.0,1.518,0.0,0.07855521013509675,1
2012-07-21 02:00:00+00:00,0.03814845,0.10083238505862502,0.03966580459875,0.0,0.04,4.064790788539475,4.0647908,0.7125000114605249,1.5,0.0,1.54,0.0,0.07764093649514127,1
2012-07-21 02:30:00+00:00,0.03590985,0.098271980712125,0.037338164283749996,0.0,0.129,4.777290788539474,4.7772908,0.7125000114605253,1.5,0.0,1.629,0.0,0.08004252829002582,1
2012-07-21 03:00:00+00:00,0.0346122,0.09678779028050001,0.035988900255,0.0,0.076,5.489790788539475,5.4897908,0.7125000114605253,1.5,0.0,1.576,0.0,0.07626877874103401,1
2012-07-21 03:30:00+00:00,0.0339603,0.09604217802575002,0.0353110709325,0.0,0.286,6.202290788539475,6.2022908,0.7125000114605253,1.5,0.0,1.786,0.0,0.08576566497699477,1
2012-07-21 04:00:00+00:00,0.0331977,0.09516995236925002,0.0345181385175,0.0,0.047,6.9147907885394755,6.9147908,0.7125000114605244,1.5,0.0,1.547,0.0,0.07361395815761489,1
2012-07-21 04:30:00+00:00,0.03337605,0.09537394062762501,0.034703582388749994,0.0,0.035,7.627290788539476,7.6272908,0.7125000114605244,1.5,0.0,1.535,0.0,0.07319949943170219,1
2012-07-21 05:00:00+00:00,0.03379425,0.32575225792312507,0.03513841629375,0.0,0.027,7.613080262223686,7.6130803,0.014210488539475818,0.0,0.027,0.0,-0.0,0.0,1
2012-07-21 05:30:00+00:00,0.0343416,0.326378290854,0.035707537139999995,0.0,0.054,7.5846592095921075,7.5846592,0.028421062223686455,0.0,0.054,0.0,-0.0,0.0,1
2012-07-21 06:00:00+00:00,0.0339849,0.32597031433725,0.035336649397499996,0.0,0.026,7.5709749990657915,7.570975,0.013684209592107699,0.0,0.026,0.0,-0.0,0.0,1
2012-07-21 06:30:00+00:00,0.03434775,0.326385324931875,0.035713931756250004,0.0,0.323,7.400974999065792,7.400975,0.16999999906579166,0.0,0.323,0.0,-0.0,0.0,1
2012-07-21 07:00:00+00:00,0.0346737,0.32675813105925006,0.0360528464175,0.0,1.542,6.611501314855265,6.6115013,0.789473699065792,0.0,1.5,0.04200000000000004,0.0,0.006861920752244257,1
2012-07-21 07:30:00+00:00,0.03615585,0.32845334382712504,0.03759394893375,0.0,1.06,6.053606578013159,6.0536066,0.5578947148552649,0.0,1.06,0.0,-0.0,0.0,1
2012-07-21 08:00:00+00:00,0.03556545,0.32777807235112505,0.03698006577375,0.006,2.095,5.264132893802633,5.2641329,0.7894736780131595,0.0,1.5,0.5890000000000004,0.0,0.09653064230740639,1
2012-07-21 08:30:00+00:00,0.0397659,0.33258234753975,0.0413475886725,0.019,1.032,4.730974999065791,4.730975,0.5331578938026329,0.0,1.013,2.220446049250313e-16,0.0,3.6924057982251626e-17,1
2012-07-21 09:00:00+00:00,0.0436527,0.33702788475675,0.0453889861425,0.025,0.551,4.454132893802633,4.4541329,0.2768420990657905,0.0,0.526,0.0,-0.0,0.0,1
2012-07-21 09:30:00+00:00,0.04400325,0.33742882719562506,0.045753479268749994,0.056,0.438,4.253080262223686,4.2530803,0.20105259380263352,0.0,0.382,0.0,-0.0,0.0,1
2012-07-21 10:00:00+00:00,0.04229355,0.33547335354637503,0.04397577595125,0.056,0.392,4.076238156960528,4.0762382,0.17684206222368637,0.0,0.336,0.0,-0.0,0.0,1
2012-07-21 10:30:00+00:00,0.0402333,0.33311693745825005,0.041833579507499996,0.05,0.048,4.077188156960528,4.0771882,0.0009500430394719928,0.002,0.0,0.0,-0.0,0.0,1
2012-07-21 11:00:00+00:00,0.0390771,0.15139453081775,0.040631391652499994,0.088,0.102,4.069819735907896,4.0698197,0.007368456960527681,0.0,0.014,0.0,1.734723475976807e-18,-3.524211448059991e-20,1
2012-07-21 11:30:00+00:00,0.03629115,0.14820809354037498,0.03773463049125,0.113,0.337,3.951924999065791,3.951925,0.11789473590789612,0.0,0.224,2.7755575615628914e-17,0.0,2.0568004735540404e-18,1
2012-07-21 12:00:00+00:00,0.03830835,0.15051527108337498,0.03983206462124999,0.081,0.266,3.854556578013159,3.8545566,0.09736839906579098,0.0,0.185,0.0,-0.0,0.0,1
2012-07-21 12:30:00+00:00,0.0378471,0.14998771524274998,0.03935246840249999,0.113,0.201,3.808240788539475,3.8082408,0.046315778013159115,0.0,0.088,1.3877787807814457e-17,0.0,1.0407488429588911e-18,1
2012-07-21 13:00:00+00:00,0.0346614,0.14634406290350002,0.036040057185,0.181,0.267,3.7629776306447384,3.7629776,0.045263188539474974,0.0,0.086,2.7755575615628914e-17,0.0,2.0309318519082245e-18,1
2012-07-21 13:30:00+00:00,0.0348951,0.14661135786274998,0.0362830526025,0.219,0.223,3.7608723674868436,3.7608724,0.002105230644738665,0.0,0.004,3.469446951953614e-18,0.0,2.5433016432934923e-19,1
2012-07-21 14:00:00+00:00,0.0346737,0.14635813105925,0.0360528464175,0.163,0.146,3.7689473674868434,3.7689474,0.008075032513156444,0.017,0.0,0.0,2.7755575615628914e-17,-5.003337524497886e-19,1
2012-07-21 14:30:00+00:00,0.0344154,0.1460626997885,0.035784272534999995,0.038,0.168,3.7005263148552645,3.7005263,0.06842106748684351,0.0,0.13,0.0,-0.0,0.0,1
2012-07-21 15:00:00+00:00,0.03444615,0.146097870177875,0.03581624561625,0.019,0.341,3.531052630644738,3.5310526,0.1694737148552643,0.0,0.322,0.0,-0.0,0.0,1
2012-07-21 15:30:00+00:00,0.0347352,0.146428471838,0.03611679258,0.031,0.201,3.4415789464342117,3.4415789,0.08947373064473796,0.0,0.17,0.0,-0.0,0.0,1
2012-07-21 16:00:00+00:00,0.0377733,0.14990330630825,0.0392757330075,0.025,0.212,3.343157893802633,3.3431579,0.09842104643421168,0.0,0.187,0.0,-0.0,0.0,1
2012-07-21 16:30:00+00:00,0.0390279,0.15133825819475002,0.0405802347225,0.006,0.445,3.1121052622236856,3.1121053,0.23105259380263288,0.0,0.439,0.0,-0.0,0.0,1
2012-07-21 17:00:00+00:00,0.0407868,0.15335000446699998,0.04240909496999999,0.0,0.392,2.9057894727500013,2.9057895,0.20631576222368553,0.0,0.392,0.0,-0.0,0.0,1
2012-07-21 17:30:00+00:00,0.0440955,0.15713433836375,0.04584939851249999,0.0,0.343,2.7252631569605277,2.7252632,0.18052627275000122,0.0,0.343,0.0,-0.0,0.0,1
2012-07-21 18:00:00+00:00,0.05033775,0.164273927406875,0.05233993400625,0.0,0.396,2.5168421043289486,2.5168421,0.20842105696052782,0.0,0.396,0.0,-0.0,0.0,1
2012-07-21 18:30:00+00:00,0.0507006,0.1646889380015,0.05271721636499999,0.0,0.418,2.2968421043289484,2.2968421,0.2200000043289485,0.0,0.418,0.0,-0.0,0.0,1
2012-07-21 19:00:00+00:00,0.0454977,0.15873810811925002,0.0473073710175,0.0,0.408,2.0821052622236853,2.0821053,0.2147368043289486,0.0,0.408,0.0,-0.0,0.0,1
2012-07-21 19:30:00+00:00,0.0404178,0.1529279597945,0.042025417994999995,0.0,0.565,1.7847368411710538,1.7847368,0.2973684622236854,0.0,0.565,0.0,-0.0,0.0,1
2012-07-21 20:00:00+00:00,0.0397044,0.152112006761,0.041283642509999996,0.0,0.421,1.5631578938026327,1.5631579,0.2215789411710538,0.0,0.421,0.0,-0.0,0.0,1
2012-07-21 20:30:00+00:00,0.03958755,0.15197835928137501,0.041162144801249995,0.0,0.87,1.1052631569605273,1.1052632,0.4578946938026327,0.0,0.87,0.0,-0.0,0.0,1
2012-07-21 21:00:00+00:00,0.0396183,0.15201352967075002,0.0411941178825,0.0,0.029,1.0899999990657905,1.09,0.015263156960527269,0.0,0.029,0.0,-0.0,0.0,1
2012-07-21 21:30:00+00:00,0.04233045,0.15511555801362498,0.04401414364875,0.0,0.058,1.0594736832763167,1.0594737,0.030526299065790408,0.0,0.058,0.0,-0.0,0.0,1
2012-07-21 22:00:00+00:00,0.0389541,0.15125384926024998,0.04050349932749999,0.0,0.028,1.0447368411710536,1.0447368,0.014736883276316837,0.0,0.028,0.0,-0.0,0.0,1
2012-07-21 22:30:00+00:00,0.0410451,0.15364543573775,0.042677668852499996,0.0,0.038,1.0247368411710536,1.0247368,0.020000041171053695,0.0,0.038,0.0,-0.0,0.0,1
2012-07-21 23:00:00+00:00,0.0407622,0.1533218681555,0.042383516504999996,0.0,0.03,1.008947367486843,1.0089474,0.01578944117105352,0.0,0.03,0.0,-0.0,0.0,1
2012-07-21 23:30:00+00:00,0.04180155,0.15451062731637502,0.043464206651250004,0.0,0.017,1.000000000118422,1.0,0.008947367486842994,0.0,0.016999998,2.0000000024167353e-09,0.0,1.5451062750308065e-10,1
2012-07-22 00:00:00+00:00,0.04090365,0.10398365194662501,0.04253059267874999,0.0,0.046,1.5874999976184219,1.5875,0.587499999881578,1.2368421,0.0,1.2828421,0.0,0.06669730321443876,1
2012-07-22 00:30:00+00:00,0.0393231,0.10217589393275002,0.0408871763025,0.0,0.018,2.2999999976184218,2.3,0.712500002381578,1.5,0.0,1.518,0.0,0.07755150349495726,1
2012-07-22 01:00:00+00:00,0.03894795,0.10174681518237501,0.04049710471125,0.0,0.019,3.0124999976184217,3.0125,0.7125000023815784,1.5,0.0,1.519,0.0,0.07727670613101381,1
2012-07-22 01:30:00+00:00,0.0395076,0.10238691626900001,0.04107901479,0.0,0.046,3.7249999976184216,3.725,0.7125000023815784,1.5,0.0,1.546,0.0,0.07914508627593701,1
2012-07-22 02:00:00+00:00,0.0382653,0.10096603253825003,0.0397873023075,0.0,0.018,4.4374999976184215,4.4375,0.7125000023815784,1.5,0.0,1.518,0.0,0.07663321869653177,1
2012-07-22 02:30:00+00:00,0.0359898,0.09836342372450002,0.037421294295000004,0.0,0.018,5.149999997618421,5.15,0.7125000023815788,1.5,0.0,1.518,0.0,0.07465783860689551,1
2012-07-22 03:00:00+00:00,0.03567,0.097997651675,0.03708877425,0.0,0.045,5.862499997618421,5.8625,0.7125000023815788,1.5,0.0,1.545,0.0,0.0757031859189375,1
2012-07-22 03:30:00+00:00,0.0342432,0.09636574560800001,0.035605223279999994,0.0,0.018,6.574999997618422,6.575,0.7125000023815788,1.5,0.0,1.518,0.0,0.07314160091647201,1
2012-07-22 04:00:00+00:00,0.0342432,0.09636574560800001,0.035605223279999994,0.0,0.048,7.287499997618422,7.2875,0.712500002381578,1.5,0.0,1.548,0.0,0.07458708710059202,1
2012-07-22 04:30:00+00:00,0.03444615,0.09659787017787502,0.03581624561625,0.0,0.122,7.999999997618422,8.0,0.712500002381578,1.5,0.0,1.6219999999999999,0.0,0.07834087271425663,1
2012-07-22 05:00:00+00:00,0.03444615,0.32649787017787507,0.03581624561625,0.0,0.026,7.986315787092106,7.9863158,0.013684197618422544,0.0,0.026,0.0,-0.0,0.0,1
2012-07-22 05:30:00+00:00,0.0343416,0.326378290854,0.035707537139999995,0.0,0.026,7.9726315765657905,7.9726316,0.013684187092106725,0.0,0.026,0.0,-0.0,0.0,1
2012-07-22 06:00:00+00:00,0.0340464,0.326040655116,0.03540059556,0.0,0.053,7.944736839723685,7.9447368,0.027894776565790202,0.0,0.053,0.0,-0.0,0.0,1
2012-07-22 06:30:00+00:00,0.0345876,0.32665965396900004,0.03596332179,0.0,0.026,7.931052629197369,7.9310526,0.013684239723684932,0.0,0.026,0.0,-0.0,0.0,1
2012-07-22 07:00:00+00:00,0.0345753,0.32664558581325004,0.0359505325575,0.0,0.026,7.917368418671053,7.9173684,0.013684229197369113,0.0,0.026,0.0,-0.0,0.0,1
2012-07-22 07:30:00+00:00,0.0342555,0.32627981376375004,0.035618012512500005,0.0,1.855,7.127894734460527,7.1278947,0.7894737186710534,0.0,1.5,0.355,0.0,0.05791466694306563,1
2012-07-22 08:00:00+00:00,0.03447075,0.3265260064893751,0.03584182408125,0.006,2.519,6.33842105025,6.3384211,0.7894736344605269,0.0,1.5,1.0130000000000003,0.0,0.16538542228686853,1
2012-07-22 08:30:00+00:00,0.0387081,0.33137248614525,0.0402477146775,0.019,2.29,5.5489473660394735,5.5489474,0.7894736502499997,0.0,1.5,0.7709999999999999,0.0,0.12774409340899387,1
2012-07-22 09:00:00+00:00,0.0407622,0.33372186815550003,0.042383516504999996,0.05,0.691,5.211578944986842,5.2115789,0.33736846603947335,0.0,0.641,0.0,1.1102230246251565e-16,-2.352757794421567e-18,1
2012-07-22 09:30:00+00:00,0.04335135,0.33668321494087505,0.04507564994625,0.069,0.308,5.085789471302632,5.0857895,0.1257894449868422,0.0,0.239,0.0,-0.0,0.0,1
2012-07-22 10:00:00+00:00,0.0427548,0.33600090938700006,0.04445537217,0.069,0.54,4.8378947344605265,4.8378947,0.24789477130263204,0.0,0.471,5.551115123125783e-17,0.0,9.325898647410959e-18,1
2012-07-22 10:30:00+00:00,0.042189,0.33535377422250007,0.043867067475,0.038,0.695,4.492105260776316,4.4921053,0.3457894344605261,0.0,0.657,0.0,1.1102230246251565e-16,-2.4351114166765164e-18,1
2012-07-22 11:00:00+00:00,0.03940305,0.151767336945125,0.040970306313749996,0.15,0.572,4.269999997618421,4.27,0.2221052607763161,0.0,0.422,0.0,5.551115123125783e-17,-1.1371544348867667e-18,1
2012-07-22 11:30:00+00:00,0.0390525,0.15136639450625,0.04060581318749999,0.069,0.69,3.9431578923552633,3.9431579,0.326842097618421,0.0,0.621,0.0,-0.0,0.0,1
2012-07-22 12:00:00+00:00,0.03795165,0.15010729456662503,0.039461176878750004,0.031,0.581,3.7467855239342107,3.7467855,0.19637239235526316,0.0,0.3731075,0.17689249999999995,0.0,0.013276427302063356,1
2012-07-22 12:30:00+00:00,0.03741045,0.14948829571362499,0.03889845064874999,0.088,0.578,3.7467855239342107,3.7467855,2.3934210613418827e-08,0.0,0.0,0.49,0.0,0.03662463244983812,1
2012-07-22 13:00:00+00:00,0.0355224,0.147328833806,0.03693530346,0.075,0.426,3.7467855239342107,3.7467855,2.3934210613418827e-08,0.0,0.0,0.351,0.0,0.025856210332953,1
2012-07-22 13:30:00+00:00,0.0343416,0.14597829085400002,0.035707537139999995,0.119,0.263,3.7467855239342107,3.7467855,2.3934210613418827e-08,0.0,0.0,0.14400000000000002,0.0,0.010510436941488002,1
2012-07-22 14:00:00+00:00,0.03444615,0.146097870177875,0.03581624561625,0.075,0.094,3.7467855239342107,3.7467855,2.3934210613418827e-08,0.0,0.0,0.019000000000000003,0.0,0.0013879297666898128,1
2012-07-22 14:30:00+00:00,0.0342432,0.145865745608,0.035605223279999994,0.131,0.045,3.7876355239342105,3.7876355,0.04084997606578922,0.086,0.0,0.0,-0.0,0.0,1
2012-07-22 15:00:00+00:00,0.0344646,0.1461189724115,0.03583542946499999,0.05,0.023,3.8004605239342104,3.8004605,0.012824976065789251,0.027,0.0,0.0,-0.0,0.0,1
2012-07-22 15:30:00+00:00,0.03463065,0.146308892514125,0.03600808410375,0.094,0.044,3.8242105239342106,3.8242105,0.023749976065789546,0.05,0.0,0.0,-0.0,0.0,1
2012-07-22 16:00:00+00:00,0.03618045,0.14808148013862502,0.03761952739875,0.025,0.524,3.8242105239342106,3.8242105,2.3934210613418827e-08,0.0,0.0,0.499,0.0,0.03694632929458694,1
2012-07-22 16:30:00+00:00,0.03727515,0.149333546000375,0.03875776909125,0.013,0.37,3.8242105239342106,3.8242105,2.3934210613418827e-08,0.0,0.0,0.357,0.0,0.026656037961066935,1
2012-07-22 17:00:00+00:00,0.04019025,0.152667698913125,0.041788817193749994,0.006,0.362,3.636842102881579,3.6368421,0.1873684239342106,0.0,0.356,0.0,-0.0,0.0,1
2012-07-22 17:30:00+00:00,0.04504875,0.158224620434375,0.04684056403125,0.0,0.557,3.3436842081447367,3.3436842,0.2931579028815787,0.0,0.557,0.0,-0.0,0.0,1
2012-07-22 18:00:00+00:00,0.0552147,0.16985195116175,0.057410864692499994,0.0,0.572,3.0426315765657894,3.0426316,0.30105260814473667,0.0,0.572,0.0,-0.0,0.0,1
2012-07-22 18:30:00+00:00,0.059532,0.17478987383,0.0618998853,0.0,0.71,2.6689473660394736,2.6689474,0.37368417656578945,0.0,0.71,0.0,-0.0,0.0,1
2012-07-22 19:00:00+00:00,0.05362185,0.168030124992125,0.05575465908374999,0.0,0.787,2.254736839723684,2.2547368,0.4142105660394737,0.0,0.787,0.0,-0.0,0.0,1
2012-07-22 19:30:00+00:00,0.0438126,0.1568107707815,0.045555246165,0.0,0.81,1.82842105025,1.8284211,0.4263157397236843,0.0,0.81,0.0,-0.0,0.0,1
2012-07-22 20:00:00+00:00,0.0455961,0.15885065336525,0.0474096848775,0.0,0.684,1.46842105025,1.4684211,0.35999995025,0.0,0.684,0.0,-0.0,0.0,1
2012-07-22 20:30:00+00:00,0.049938,0.163816712345,0.051924283950000004,0.0,0.71,1.094736839723684,1.0947368,0.37368425024999996,0.0,0.71,0.0,-0.0,0.0,1
2012-07-22 21:00:00+00:00,0.0460389,0.15935710697225,0.04787009724749999,0.0,0.073,1.0563157870921052,1.0563158,0.03842103972368416,0.0,0.073,0.0,-0.0,0.0,1
2012-07-22 21:30:00+00:00,0.0422628,0.15503818315700002,0.04394380287000001,0.0,0.027,1.0421052607763157,1.0421053,0.01421048709210515,0.0,0.027,0.0,-0.0,0.0,1
2012-07-22 22:00:00+00:00,0.03838215,0.150599680017875,0.03990880001624999,0.0,0.059,1.0110526291973683,1.0110526,0.031052660776315744,0.0,0.059,0.0,-0.0,0.0,1
2012-07-22 22:30:00+00:00,0.03865275,0.15090917944437499,0.04019016313125,0.0,0.021,1.0000000002499998,1.0,0.011052629197368269,0.0,0.020999995,5.000000000837668e-09,0.0,3.7727294867414336e-10,1
2012-07-22 23:00:00+00:00,0.0369,0.14890446725,0.038367697500000006,0.0,0.024,1.0000000002499998,1.0,2.499997986404878e-10,0.0,0.0,0.024,0.0,0.001786853607,1
2012-07-22 23:30:00+00:00,0.03555315,0.147364004195375,0.03696727654124999,0.0,0.041,1.0000000002499998,1.0,2.499997986404878e-10,0.0,0.0,0.041,0.0,0.003020962086005187,1
2012-07-23 00:00:00+00:00,0.0345015,0.09666117687874999,0.03587379716249999,0.0,0.017,1.7125000002499997,1.7125,0.7124999997500001,1.5,0.0,1.517,0.0,0.07331750266253187,1
2012-07-23 00:30:00+00:00,0.0342432,0.09636574560800001,0.035605223279999994,0.0,0.039,2.42500000025,2.425,0.7124999997500001,1.5,0.0,1.539,0.0,0.07415344124535601,1
2012-07-23 01:00:00+00:00,0.0338988,0.095971837247,0.03524712477,0.0,0.046,3.1375000002499998,3.1375,0.7124999997500003,1.5,0.0,1.546,0.0,0.07418623019193099,1
2012-07-23 01:30:00+00:00,0.0353748,0.09766001593700001,0.03678183266999999,0.0,0.105,3.72499999775,3.725,0.5874999997500003,1.2368421,0.0,1.3418421,0.0,0.06552216043546878,1
2012-07-23 02:00:00+00:00,0.03406485,0.09616175734962502,0.03541977940875,0.0,0.046,4.43749999775,4.4375,0.7125000022500001,1.5,0.0,1.546,0.0,0.07433303843126014,1
2012-07-23 02:30:00+00:00,0.03413865,0.09624616628412502,0.03549651480375,0.0,0.017,5.149999997749999,5.15,0.7125000022500005,1.5,0.0,1.517,0.0,0.07300271712650883,1
2012-07-23 03:00:00+00:00,0.0329763,0.09491672556575002,0.0342879323325,0.0,0.018,5.86249999775,5.8625,0.7125000022500005,1.5,0.0,1.518,0.0,0.07204179470440426,1
2012-07-23 03:30:00+00:00,0.03310545,0.09506444120112499,0.03442221927375,0.0,0.045,6.57499999775,6.575,0.7125000022500005,1.5,0.0,1.545,0.0,0.07343728082786906,1
2012-07-23 04:00:00+00:00,0.03314235,0.09510664566837501,0.03446058697125,0.0,0.018,7.28749999775,7.2875,0.7125000022499997,1.5,0.0,1.518,0.0,0.07218594406229663,1
2012-07-23 04:30:00+00:00,0.0337881,0.09584522384525002,0.0351320216775,0.0,0.057,7.999999997750001,8.0,0.7125000022499997,1.5,0.0,1.557,0.0,0.07461550676352713,1
2012-07-23 05:00:00+00:00,0.0341079,0.32611099589475007,0.0354645417225,0.0,0.09,7.952631576697369,7.9526316,0.04736839775000057,0.0,0.09,0.0,-0.0,0.0,1
2012-07-23 05:30:00+00:00,0.0359529,0.32822121925725,0.037382926597500005,0.0,0.043,7.92999999775,7.93,0.022631576697369482,0.0,0.043,0.0,-0.0,0.0,1
2012-07-23 06:00:00+00:00,0.03689385,0.32929743317212506,0.03836130288375,0.0,0.026,7.9163157872236845,7.9163158,0.013684197750000848,0.0,0.026,0.0,-0.0,0.0,1
2012-07-23 06:30:00+00:00,0.0450795,0.33865979082375003,0.046872537112499994,0.0,0.052,7.8889473661710525,7.8889474,0.027368387223684287,0.0,0.052,0.0,-0.0,0.0,1
2012-07-23 07:00:00+00:00,0.0590031,0.3545849431327501,0.0613499483025,0.0,0.027,7.874736839855263,7.8747368,0.014210566171052541,0.0,0.027,0.0,-0.0,0.0,1
2012-07-23 07:30:00+00:00,0.0505407,0.34490605197675006,0.052550956342499996,0.0,1.867,7.0852631556447365,7.0852632,0.7894736398552631,0.0,1.5,0.367,0.0,0.06329026053773364,1
2012-07-23 08:00:00+00:00,0.06026385,0.356026929097125,0.06266084463374999,0.006,1.847,6.29578947143421,6.2957895,0.7894736556447368,0.0,1.5,0.34099999999999997,0.0,0.06070259141105981,1
2012-07-23 08:30:00+00:00,0.05822205,0.35369161524262505,0.060537832038749996,0.013,1.959,5.506315787223683,5.5063158,0.7894736714342097,0.0,1.5,0.4460000000000002,0.0,0.07887323019910542,1
2012-07-23 09:00:00+00:00,0.05273625,0.34741721777812506,0.05483383434374999,0.056,0.845,5.091052629328947,5.0910526,0.41526318722368316,0.0,0.789,0.0,1.1102230246251565e-16,-3.043889270845645e-18,1
2012-07-23 09:30:00+00:00,0.0538371,0.34867631771775004,0.055978470652499994,0.063,0.387,4.920526313539473,4.9205263,0.17052632932894696,0.0,0.324,0.0,-0.0,0.0,1
2012-07-23 10:00:00+00:00,0.04546695,0.33910293772987504,0.04727539793624999,0.069,0.302,4.797894734592105,4.7978947,0.1226316135394736,0.0,0.233,0.0,2.7755575615628914e-17,-6.560779410892669e-19,1
2012-07-23 10:30:00+00:00,0.04547925,0.33911700588562504,0.047288187168749996,0.05,0.346,4.642105260907894,4.6421053,0.15578943459210493,0.0,0.296,0.0,-0.0,0.0,1
2012-07-23 11:00:00+00:00,0.0443661,0.15744383779025,0.046130761627499996,0.075,0.282,4.642105260907894,4.6421053,3.909210555264053e-08,0.0,0.0,0.20699999999999996,0.0,0.016295437211290873,1
2012-07-23 11:30:00+00:00,0.04340055,0.156339487563875,0.04512680687625,0.119,0.36,4.642105260907894,4.6421053,3.909210555264053e-08,0.0,0.0,0.241,0.0,0.018838908251446938,1
2012-07-23 12:00:00+00:00,0.0401349,0.15260439221225,0.0417312656475,0.15,0.289,4.642105260907894,4.6421053,3.909210555264053e-08,0.0,0.0,0.13899999999999998,0.0,0.010606005258751374,1
2012-07-23 12:30:00+00:00,0.03950145,0.151879882191125,0.04107262017375,0.15,0.284,4.642105260907894,4.6421053,3.909210555264053e-08,0.0,0.0,0.13399999999999998,0.0,0.010175952106805374,1
2012-07-23 13:00:00+00:00,0.0377979,0.14993144261975,0.0393013114725,0.15,0.253,4.642105260907894,4.6421053,3.909210555264053e-08,0.0,0.0,0.10300000000000001,0.0,0.007721469294917125,1
2012-07-23 13:30:00+00:00,0.03760725,0.149713386205625,0.039103078368749995,0.138,0.271,4.642105260907894,4.6421053,3.909210555264053e-08,0.0,0.0,0.133,0.0,0.009955940182674063,1
2012-07-23 14:00:00+00:00,0.03856665,0.150810702354125,0.040100638503749994,0.119,0.259,4.642105260907894,4.6421053,3.909210555264053e-08,0.0,0.0,0.14,0.0,0.010556749164788751,1
2012-07-23 14:30:00+00:00,0.03702915,0.149052182885375,0.03850198444125,0.119,0.49,4.642105260907894,4.6421053,3.909210555264053e-08,0.0,0.0,0.371,0.0,0.027649179925237063,1
2012-07-23 15:00:00+00:00,0.0354486,0.1472444248715,0.03685856806499999,0.113,0.411,4.642105260907894,4.6421053,3.909210555264053e-08,0.0,0.0,0.298,0.0,0.021939419305853497,1
2012-07-23 15:30:00+00:00,0.0343416,0.14597829085400002,0.035707537139999995,0.206,0.304,5.052105263407895,5.0521053,0.4100000390921057,0.8631579,0.0,0.9611579000000001,0.0,0.07015409374140995,1
2012-07-23 16:00:00+00:00,0.0371337,0.14917176220925002,0.038610692917499995,0.131,0.345,5.052105263407895,5.0521053,3.6592105345789605e-08,0.0,0.0,0.21399999999999997,0.0,0.01596137855638975,1
2012-07-23 16:30:00+00:00,0.04073145,0.15328669776612502,0.04235154342375,0.125,0.363,5.052105263407895,5.0521053,3.6592105345789605e-08,0.0,0.0,0.238,0.0,0.018241117034168877,1
2012-07-23 17:00:00+00:00,0.05256405,0.166820263597625,0.05465478508875,0.019,0.327,4.89000000025,4.89,0.162105263407895,0.0,0.308,0.0,-0.0,0.0,1
2012-07-23 17:30:00+00:00,0.0541938,0.16868429423450002,0.05634935839499999,0.0,0.413,4.672631579197368,4.6726316,0.21736840024999982,0.0,0.413,0.0,-0.0,0.0,1
2012-07-23 18:00:00+00:00,0.15277215,0.281433528492875,0.15884866226624997,0.0,0.64,4.33578947393421,4.3357895,0.3368420791973685,0.0,0.64,0.0,-0.0,0.0,1
2012-07-23 18:30:00+00:00,0.1793709,0.31185591530225004,0.1865053775475,0.0,0.706,3.5463157897236837,3.5463158,0.7894736739342103,0.0,1.5,0.0,0.794,-0.0740426348863575,1
2012-07-23 19:00:00+00:00,0.16905735,0.30005976670587503,0.17578160609625,0.0,0.707,2.756842105513157,2.7568421,0.7894736897236836,0.0,1.5,0.0,0.793,-0.06969740681716312,1
2012-07-23 19:30:00+00:00,0.1021884,0.22357823797100002,0.10625294361,0.0,0.609,2.4363157897236833,2.4363158,0.3205263055131571,0.0,0.609,0.0,-0.0,0.0,1
2012-07-23 20:00:00+00:00,0.0748947,0.19236100036175,0.07787363669249998,0.0,0.543,2.150526316039473,2.1505263,0.28578948972368323,0.0,0.543,0.0,-0.0,0.0,1
2012-07-23 20:30:00+00:00,0.06224415,0.17789190217287498,0.06471991106625,0.0,1.13,1.55578947393421,1.5557895,0.594736816039473,0.0,1.13,0.0,-0.0,0.0,1
2012-07-23 21:00:00+00:00,0.0587448,0.173889511862,0.061081374419999994,0.0,1.019,1.0194736844605257,1.0194737,0.5363157739342099,0.0,1.019,0.0,-0.0,0.0,1
2012-07-23 21:30:00+00:00,0.04490115,0.158055802565375,0.04668709324125,0.0,0.068,1.0194736844605257,1.0194737,1.5539474373937878e-08,0.0,0.0,0.068,0.0,0.00537389728722275,1
2012-07-23 22:00:00+00:00,0.038499,0.1507333274975,0.040030297725,0.0,0.033,1.0194736844605257,1.0194737,1.5539474373937878e-08,0.0,0.0,0.033,0.0,0.00248709990370875,1
2012-07-23 22:30:00+00:00,0.05167845,0.16580735638362498,0.05373396034874999,0.0,0.037,1.0000000002499994,1.0,0.019473684460525664,0.0,0.037,0.0,-0.0,0.0,1
2012-07-23 23:00:00+00:00,0.04092825,0.153511788258125,0.042556171143749995,0.0,0.038,1.0000000002499994,1.0,2.49999354551278e-10,0.0,0.0,0.038,0.0,0.002916723976904375,1
2012-07-23 23:30:00+00:00,0.04037475,0.152878721249375,0.04198065568125,0.0,0.018,1.0000000002499994,1.0,2.49999354551278e-10,0.0,0.0,0.018,0.0,0.0013759084912443747,1
2012-07-24 00:00:00+00:00,0.03860355,0.10135290682137499,0.040139006201249994,0.0,0.05,1.7125000002499993,1.7125,0.7124999997500006,1.5,0.0,1.55,0.0,0.07854850278656562,1
2012-07-24 00:30:00+00:00,0.03898485,0.10178901964962503,0.04053547240875,0.0,0.018,2.299999997749999,2.3,0.5874999997500006,1.2368421,0.0,1.2548421,0.0,0.06386457358703837,1
2012-07-24 01:00:00+00:00,0.0371091,0.09964362589775001,0.03858511445249999,0.0,0.018,3.012499997749999,3.0125,0.712500002250001,1.5,0.0,1.518,0.0,0.07562951205639226,1
2012-07-24 01:30:00+00:00,0.0377241,0.10034703368525001,0.039224576077500004,0.0,0.049,3.724999997749999,3.725,0.712500002250001,1.5,0.0,1.549,0.0,0.07771877758922613,1
2012-07-24 02:00:00+00:00,0.0342801,0.09640795007524999,0.03564359097749999,0.0,0.019,4.437499997749999,4.4375,0.712500002250001,1.5,0.0,1.519,0.0,0.07322183808215237,1
2012-07-24 02:30:00+00:00,0.0343908,0.09653456347700001,0.03575869406999999,0.0,0.028,5.149999997749999,5.15,0.7125000022500014,1.5,0.0,1.528,0.0,0.07375240649642802,1
2012-07-24 03:00:00+00:00,0.03384345,0.09590853054612498,0.03518957322374999,0.0,0.038,5.86249999775,5.8625,0.7125000022500005,1.5,0.0,1.538,0.0,0.07375365998997012,1
2012-07-24 03:30:00+00:00,0.0326196,0.094508749049,0.033917044589999994,0.0,0.065,6.57499999775,6.575,0.7125000022500005,1.5,0.0,1.565,0.0,0.0739530961308425,1
2012-07-24 04:00:00+00:00,0.0322014,0.09403043175350001,0.033482210685,0.0,0.031,7.28749999775,7.2875,0.7125000022499997,1.5,0.0,1.531,0.0,0.07198029550730425,1
2012-07-24 04:30:00+00:00,0.0339234,0.09599997355850001,0.035272703235,0.0,0.033,7.999999997750001,8.0,0.7125000022499997,1.5,0.0,1.533,0.0,0.07358397973259026,1
2012-07-24 05:00:00+00:00,0.0343416,0.326378290854,0.035707537139999995,0.0,0.019,7.989999997750001,7.99,0.009999997750000489,0.0,0.019,0.0,-0.0,0.0,1
2012-07-24 05:30:00+00:00,0.03567,0.32789765167500007,0.03708877425,0.0,0.03,7.97421052406579,7.9742105,0.015789497750001047,0.0,0.03,0.0,-0.0,0.0,1
2012-07-24 06:00:00+00:00,0.03683235,0.32922709239337505,0.038297356721249995,0.0,0.214,7.8615789451184215,7.8615789,0.11263162406579053,0.0,0.214,0.0,-0.0,0.0,1
2012-07-24 06:30:00+00:00,0.0418938,0.33501613848450007,0.043560125895,0.0,1.177,7.242105260907895,7.2421053,0.6194736451184211,0.0,1.177,0.0,-0.0,0.0,1
2012-07-24 07:00:00+00:00,0.0567399,0.35199640247475006,0.0589967295225,0.0,1.314,6.550526313539474,6.5505263,0.6915789609078953,0.0,1.314,0.0,-0.0,0.0,1
2012-07-24 07:30:00+00:00,0.04920615,0.34337965707787504,0.05116332461624999,0.0,1.255,5.88999999775,5.89,0.6605263135394743,0.0,1.255,0.0,-0.0,0.0,1
2012-07-24 08:00:00+00:00,0.06111255,0.35699763184387506,0.06354330167625,0.006,2.3,5.100526313539474,5.1005263,0.7894736977500001,0.0,1.5,0.794,0.0,0.14172805984201842,1
2012-07-24 08:30:00+00:00,0.0608973,0.35675143911825,0.0633194901075,0.038,1.368,4.400526313539474,4.4005263,0.7000000135394737,0.0,1.33,0.0,-0.0,0.0,1
2012-07-24 09:00:00+00:00,0.0558297,0.35095535894925006,0.0580503263175,0.031,0.426,4.1926315766973685,4.1926316,0.2078947135394733,0.0,0.395,0.0,-0.0,0.0,1
2012-07-24 09:30:00+00:00,0.05989485,0.35560488442462507,0.06227716765874999,0.069,0.567,3.930526313539474,3.9305263,0.2621052766973686,0.0,0.498,0.0,5.551115123125783e-17,-1.728538636079635e-18,1
2012-07-24 10:00:00+00:00,0.04843125,0.3424933632656251,0.05035760296875,0.038,0.194,3.848421050381579,3.8484211,0.08210521353947398,0.0,0.156,0.0,-0.0,0.0,1
2012-07-24 10:30:00+00:00,0.04841895,0.342479295109875,0.05034481373625,0.05,0.379,3.675263155644737,3.6752632,0.17315785038157916,0.0,0.329,0.0,-0.0,0.0,1
2012-07-24 11:00:00+00:00,0.0448458,0.1579924958645,0.046629541695,0.081,0.638,3.675263155644737,3.6752632,4.435526301804771e-08,0.0,0.0,0.557,0.0,0.044000910098263256,1
2012-07-24 11:30:00+00:00,0.04341285,0.156353555719625,0.04513959610875,0.163,0.396,3.675263155644737,3.6752632,4.435526301804771e-08,0.0,0.0,0.233,0.0,0.018215189241336315,1
2012-07-24 12:00:00+00:00,0.0467769,0.16020119631725,0.048637451197499994,0.131,0.058,3.709938155644737,3.7099382,0.03467504435526303,0.073,0.0,0.0,-0.0,0.0,1
2012-07-24 12:30:00+00:00,0.04420005,0.157253917687625,0.04595810698875,0.113,0.262,3.709938155644737,3.7099382,4.435526301804771e-08,0.0,0.0,0.14900000000000002,0.0,0.011715416867728064,1
2012-07-24 13:00:00+00:00,0.0420537,0.15479902450925,0.0437263859175,0.113,0.13,3.709938155644737,3.7099382,4.435526301804771e-08,0.0,0.0,0.017,0.0,0.001315791708328625,1
2012-07-24 13:30:00+00:00,0.03975975,0.15217531346187502,0.04134119405625,0.131,0.393,3.709938155644737,3.7099382,4.435526301804771e-08,0.0,0.0,0.262,0.0,0.01993496606350563,1
2012-07-24 14:00:00+00:00,0.0399504,0.152393369876,0.041539427159999996,0.175,0.216,3.709938155644737,3.7099382,4.435526301804771e-08,0.0,0.0,0.04100000000000001,0.0,0.0031240640824580007,1
2012-07-24 14:30:00+00:00,0.03963675,0.152034631904375,0.04121330173125,0.113,0.202,3.709938155644737,3.7099382,4.435526301804771e-08,0.0,0.0,0.08900000000000001,0.0,0.006765541119744688,1
2012-07-24 15:00:00+00:00,0.03921855,0.15155631460887498,0.04077846782624999,0.125,0.367,3.709938155644737,3.7099382,4.435526301804771e-08,0.0,0.0,0.242,0.0,0.01833831406767387,1
2012-07-24 15:30:00+00:00,0.03832065,0.15052933923912498,0.039844853853749994,0.019,0.205,3.709938155644737,3.7099382,4.435526301804771e-08,0.0,0.0,0.186,0.0,0.013999228549238624,1
2012-07-24 16:00:00+00:00,0.04282245,0.155678284243625,0.04452571294874999,0.025,0.256,3.709938155644737,3.7099382,4.435526301804771e-08,0.0,0.0,0.231,0.0,0.017980841830138688,1
2012-07-24 16:30:00+00:00,0.04619265,0.159532958919125,0.04802996265375,0.013,0.262,3.709938155644737,3.7099382,4.435526301804771e-08,0.0,0.0,0.249,0.0,0.01986185338543106,1
2012-07-24 17:00:00+00:00,0.05923065,0.17444520401412503,0.06158654910375,0.006,0.43,3.486780260907895,3.4867803,0.2231578556447369,0.0,0.424,0.0,-0.0,0.0,1
2012-07-24 17:30:00+00:00,0.06388005,0.179762966887625,0.06642087898874999,0.0,0.637,3.151517103013158,3.1515171,0.3352631609078949,0.0,0.637,0.0,-0.0,0.0,1
2012-07-24 18:00:00+00:00,0.14461725,0.272106341230625,0.15036940111875,0.0,1.352,2.439938155644737,2.4399382,0.7115789030131583,0.0,1.352,0.0,-0.0,0.0,1
2012-07-24 18:30:00+00:00,0.08916885,0.208687095109625,0.09271554100875,0.0,0.405,2.2267802609078946,2.2267803,0.21315785564473666,0.0,0.405,0.0,-0.0,0.0,1
2012-07-24 19:00:00+00:00,0.08916885,0.208687095109625,0.09271554100875,0.0,0.353,2.040990787223684,2.0409908,0.18578946090789472,0.0,0.353,0.0,-0.0,0.0,1
2012-07-24 19:30:00+00:00,0.0704667,0.18729646429175,0.0732695129925,0.0,0.611,1.7194118398552627,1.7194118,0.32157898722368383,0.0,0.611,0.0,-0.0,0.0,1
2012-07-24 20:00:00+00:00,0.0515862,0.1657018452155,0.05363804110499999,0.0,0.795,1.3178947345921048,1.3178947,0.4015171398552626,0.0,0.7628825,0.03211750000000002,0.0,0.002660964506854412,1
2012-07-24 20:30:00+00:00,0.05164155,0.165765151916375,0.05369559265124999,0.0,0.604,1.0,1.0,0.3178947345921048,0.0,0.604,0.0,-0.0,0.0,1
2012-07-24 21:00:00+00:00,0.0505653,0.16453418828825,0.0525765348075,0.0,0.738,1.0,1.0,0.0,0.0,0.0,0.738,0.0,0.06071311547836425,1
2012-07-24 21:30:00+00:00,0.04417545,0.157225781376125,0.045932528523749995,0.0,0.566,1.0,1.0,0.0,0.0,0.0,0.566,0.0,0.04449489612944337,1
2012-07-24 22:00:00+00:00,0.03567615,0.14750468575287498,0.03709516886624999,0.0,0.053,1.0,1.0,0.0,0.0,0.0,0.053,0.0,0.003908874172451187,1
2012-07-24 22:30:00+00:00,0.04900935,0.162754566585875,0.050958696896249996,0.0,0.022,1.0,1.0,0.0,0.0,0.0,0.022,0.0,0.0017903002324446248,1
2012-07-24 23:00:00+00:00,0.04035015,0.152850584937875,0.04195507721625,0.0,0.049,1.0,1.0,0.0,0.0,0.0,0.049,0.0,0.003744839330977938,1
2012-07-24 23:30:00+00:00,0.03929235,0.151640723543375,0.04085520322124999,0.0,0.018,1.0,1.0,0.0,0.0,0.0,0.018,0.0,0.0013647665118903748,1
2012-07-25 00:00:00+00:00,0.03525795,0.09752636845737502,0.03666033496125,0.0,0.023,1.7125,1.7125,0.7124999999999999,1.5,0.0,1.523,0.0,0.07426632958029107,1
2012-07-25 00:30:00+00:00,0.0334929,0.09550758810725002,0.034825080097499996,0.0,0.042,2.425,2.425,0.7124999999999999,1.5,0.0,1.542,0.0,0.07363635043068976,1
2012-07-25 01:00:00+00:00,0.0365187,0.09896835442175002,0.0379712312925,0.0,0.018,3.1374999999999997,3.1375,0.7125000000000004,1.5,0.0,1.518,0.0,0.07511698100610827,1
2012-07-25 01:30:00+00:00,0.0371091,0.09964362589775001,0.03858511445249999,0.0,0.037,3.1724157893749996,3.1724158,0.034915800000000274,0.073506925,0.0,0.110506925,0.0,0.005505655346905359,1
2012-07-25 02:00:00+00:00,0.03381885,0.09588039423462501,0.03516399475874999,0.0,0.027,3.8849157893749995,3.8849158,0.7125000106250003,1.5,0.0,1.527,0.0,0.07320468099813619,1
2012-07-25 02:30:00+00:00,0.0325581,0.09443840827025,0.03385309842749999,0.0,0.019,4.597415789374999,4.5974158,0.7125000106250008,1.5,0.0,1.519,0.0,0.07172597108125488,1
2012-07-25 03:00:00+00:00,0.0321522,0.09397415913049999,0.033431053754999995,0.0,0.072,5.309915789374999,5.3099158,0.7125000106250008,1.5,0.0,1.572,0.0,0.073863689076573,1
2012-07-25 03:30:00+00:00,0.03226905,0.094107806610125,0.03355255146375,0.0,0.195,6.022415789375,6.0224158,0.7125000106250008,1.5,0.0,1.695,0.0,0.07975636610208094,1
2012-07-25 04:00:00+00:00,0.03228135,0.094121874765875,0.033565340696249994,0.0,0.041,6.734915789375,6.7349158,0.7125000106249999,1.5,0.0,1.541,0.0,0.07252090450710669,1
2012-07-25 04:30:00+00:00,0.032349,0.09419924962250001,0.033635681475000005,0.0,0.054,7.447415789375,7.4474158,0.7125000106249999,1.5,0.0,1.554,0.0,0.0731928169566825,1
2012-07-25 05:00:00+00:00,0.0324105,0.32416959040125004,0.0336996276375,0.0,0.026,7.433731578848684,7.4337316,0.0136841893750006,0.0,0.026,0.0,-0.0,0.0,1
2012-07-25 05:30:00+00:00,0.03349905,0.325414622185125,0.03483147471375,0.0,0.027,7.419521052532895,7.4195211,0.014210478848684538,0.0,0.027,0.0,-0.0,0.0,1
2012-07-25 06:00:00+00:00,0.03595905,0.328228253335125,0.03738932121374999,0.0,0.053,7.3916263156907895,7.3916263,0.02789475253289453,0.0,0.053,0.0,-0.0,0.0,1
2012-07-25 06:30:00+00:00,0.0416601,0.33474884352525,0.04331713047749999,0.0,1.289,6.71320526305921,6.7132053,0.6784210156907893,0.0,1.289,0.0,-0.0,0.0,1
2012-07-25 07:00:00+00:00,0.0406515,0.33359525475375,0.0422684134125,0.0,1.371,5.991626315690789,5.9916263,0.7215789630592102,0.0,1.371,0.0,-0.0,0.0,1
2012-07-25 07:30:00+00:00,0.04009185,0.332955153667125,0.04168650333374999,0.0,1.644,5.202152631480263,5.2021526,0.7894737156907894,0.0,1.5,0.1439999999999999,0.0,0.023972771064032988,1
2012-07-25 08:00:00+00:00,0.0489663,0.34310532804075,0.050913934582499994,0.0,1.309,4.51320526305921,4.5132053,0.6889473314802625,0.0,1.309,0.0,-0.0,0.0,1
2012-07-25 08:30:00+00:00,0.04742265,0.341339774494125,0.049308885903749995,0.013,0.646,4.180047368322368,4.1800474,0.3331578630592098,0.0,0.633,0.0,-0.0,0.0,1
2012-07-25 09:00:00+00:00,0.04392945,0.337344418261125,0.045676743873749995,0.025,0.503,3.9284684209539473,3.9284684,0.25157896832236837,0.0,0.478,0.0,-0.0,0.0,1
2012-07-25 09:30:00+00:00,0.0431976,0.336507362994,0.044915784539999996,0.063,0.483,3.707415789375,3.7074158,0.22105262095394718,0.0,0.42,0.0,-0.0,0.0,1
2012-07-25 10:00:00+00:00,0.0397044,0.332512006761,0.041283642509999996,0.106,0.124,3.697942105164474,3.6979421,0.009473689375000038,0.0,0.018,3.469446951953614e-18,0.0,5.768163841724655e-19,1
2012-07-25 10:30:00+00:00,0.0396183,0.33241352967075005,0.0411941178825,0.156,0.018,3.763492105164474,3.7634921,0.06554999483552626,0.138,0.0,0.0,-0.0,0.0,1
2012-07-25 11:00:00+00:00,0.03929235,0.151640723543375,0.04085520322124999,0.188,0.049,3.8295171051644736,3.8295171,0.06602499483552604,0.139,0.0,0.0,-0.0,0.0,1
2012-07-25 11:30:00+00:00,0.0385851,0.15083180458774997,0.040119822352499994,0.219,0.018,3.9249921051644736,3.9249921,0.09547499483552624,0.201,0.0,0.0,-0.0,0.0,1
2012-07-25 12:00:00+00:00,0.0350919,0.14683644835475002,0.0364876803225,0.25,0.144,3.9753421051644735,3.9753421,0.0503499948355266,0.106,0.0,0.0,-0.0,0.0,1
2012-07-25 12:30:00+00:00,0.0346122,0.14628779028049999,0.035988900255,0.256,0.071,4.063217105164473,4.0632171,0.08787499483552663,0.185,0.0,0.0,-0.0,0.0,1
2012-07-25 13:00:00+00:00,0.03444,0.14609083609999998,0.035809851,0.275,0.061,4.164867105164474,4.1648671,0.10164999483552695,0.214,0.0,0.0,-0.0,0.0,1
2012-07-25 13:30:00+00:00,0.0343416,0.14597829085400002,0.035707537139999995,0.281,0.082,4.259392105164474,4.2593921,0.09452499483552668,0.199,0.0,0.0,-0.0,0.0,1
2012-07-25 14:00:00+00:00,0.03383115,0.145394462390375,0.035176783991249995,0.275,0.123,4.331592105164473,4.3315921,0.0721999948355263,0.152,0.0,0.0,-0.0,0.0,1
2012-07-25 14:30:00+00:00,0.03383115,0.145394462390375,0.035176783991249995,0.263,0.021,4.446542105164474,4.4465421,0.11494999483552704,0.242,0.0,0.0,-0.0,0.0,1
2012-07-25 15:00:00+00:00,0.0343416,0.14597829085400002,0.035707537139999995,0.25,0.045,4.543917105164473,4.5439171,0.09737499483552625,0.205,0.0,0.0,-0.0,0.0,1
2012-07-25 15:30:00+00:00,0.03444615,0.146097870177875,0.03581624561625,0.219,0.022,4.6374921051644735,4.6374921,0.09357499483552711,0.197,0.0,0.0,-0.0,0.0,1
2012-07-25 16:00:00+00:00,0.03469215,0.14637923329287497,0.03607203026624999,0.188,0.042,4.7068421051644735,4.7068421,0.06934999483552673,0.146,0.0,0.0,-0.0,0.0,1
2012-07-25 16:30:00+00:00,0.03437235,0.146013461243375,0.03573951022125,0.131,0.372,4.5799999999013155,4.58,0.12684210516447347,0.0,0.241,0.0,-0.0,0.0,1
2012-07-25 17:00:00+00:00,0.03736125,0.149432023090625,0.038847293718749995,0.019,0.374,4.393157894638158,4.3931579,0.18684209990131517,0.0,0.355,0.0,-0.0,0.0,1
2012-07-25 17:30:00+00:00,0.03736125,0.149432023090625,0.038847293718749995,0.0,1.004,3.864736842006579,3.8647368,0.5284210946381576,0.0,1.004,0.0,-0.0,0.0,1
2012-07-25 18:00:00+00:00,0.0452886,0.1584989494715,0.047089954064999995,0.0,1.265,3.1989473683223686,3.1989474,0.6657894420065786,0.0,1.265,0.0,-0.0,0.0,1
2012-07-25 18:30:00+00:00,0.0454977,0.15873810811925002,0.0473073710175,0.0,0.615,2.875263157796053,2.8752632,0.32368416832236857,0.0,0.615,0.0,-0.0,0.0,1
2012-07-25 19:00:00+00:00,0.0441324,0.157176542831,0.04588776620999999,0.0,0.38,2.675263157796053,2.6752632,0.19999995779605317,0.0,0.38,0.0,-0.0,0.0,1
2012-07-25 19:30:00+00:00,0.03971055,0.152119040838875,0.04129003712625,0.0,0.671,2.3221052630592105,2.3221053,0.3531578577960528,0.0,0.671,0.0,-0.0,0.0,1
2012-07-25 20:00:00+00:00,0.04014105,0.152611426290125,0.04173766026374999,0.0,0.609,2.0015789472697367,2.0015789,0.32052636305921034,0.0,0.609,0.0,-0.0,0.0,1
2012-07-25 20:30:00+00:00,0.0413526,0.1539971396315,0.042997399665000005,0.0,1.375,1.2778947367434208,1.2778947,0.7236842472697367,0.0,1.375,0.0,-0.0,0.0,1
2012-07-25 21:00:00+00:00,0.0407499,0.15330779999975,0.04237072727249999,0.0,0.355,1.0910526314802629,1.0910526,0.18684213674342076,0.0,0.355,0.0,-0.0,0.0,1
2012-07-25 21:30:00+00:00,0.0360267,0.14790562819175002,0.037459661992500004,0.0,0.03,1.0752631577960523,1.0752632,0.015789431480262905,0.0,0.03,0.0,-0.0,0.0,1
2012-07-25 22:00:00+00:00,0.03423705,0.145858711530125,0.03559882866375,0.0,0.057,1.0452631577960523,1.0452632,0.029999957796052357,0.0,0.057,0.0,-0.0,0.0,1
2012-07-25 22:30:00+00:00,0.03801315,0.150177635345375,0.03952512304125,0.0,0.021,1.0342105262171049,1.0342105,0.011052657796052356,0.0,0.021,0.0,-0.0,0.0,1
2012-07-25 23:00:00+00:00,0.0337512,0.14530301937800003,0.03509365398,0.0,0.035,1.015789473585526,1.0157895,0.018421026217104952,0.0,0.035,0.0,-0.0,0.0,1
2012-07-25 23:30:00+00:00,0.0345384,0.146203381346,0.03591216485999999,0.0,0.03,1.0,1.0,0.01578947358552596,0.0,0.03,0.0,-0.0,0.0,1
2012-07-26 00:00:00+00:00,0.0336774,0.0957186104435,0.035016918585,0.0,0.017,1.7125,1.7125,0.7124999999999999,1.5,0.0,1.517,0.0,0.07260256602139474,1
2012-07-26 00:30:00+00:00,0.0339603,0.09604217802575002,0.0353110709325,0.0,0.04,2.425,2.425,0.7124999999999999,1.5,0.0,1.54,0.0,0.07395247707982752,1
2012-07-26 01:00:00+00:00,0.03451995,0.09668227911237502,0.03589298101125,0.0,0.025,3.0124999975,3.0125,0.5875000000000004,1.2368421,0.0,1.2618421,0.0,0.06099888505397272,1
2012-07-26 01:30:00+00:00,0.03390495,0.09597887132487501,0.03525351938625,0.0,0.018,3.7249999975,3.725,0.7125000025000001,1.5,0.0,1.518,0.0,0.07284796333558013,1
2012-07-26 02:00:00+00:00,0.03255195,0.09443137419237502,0.033846703811250003,0.0,0.038,4.4374999975,4.4375,0.7125000025000001,1.5,0.0,1.538,0.0,0.07261772675393639,1
2012-07-26 02:30:00+00:00,0.03132195,0.093024558617375,0.032567780561249995,0.0,0.03,5.1499999975,5.15,0.7125000025000006,1.5,0.0,1.53,0.0,0.07116378734229188,1
2012-07-26 03:00:00+00:00,0.030504,0.09208902626,0.0317172966,0.0,0.026,5.8624999975000005,5.8625,0.7125000024999997,1.5,0.0,1.526,0.0,0.07026392703638,1
2012-07-26 03:30:00+00:00,0.0296061,0.09106205089025,0.030783682627499996,0.0,0.036,6.574999997500001,6.575,0.7125000024999997,1.5,0.0,1.536,0.0,0.06993565508371201,1
2012-07-26 04:00:00+00:00,0.0262851,0.08726364883775001,0.027330589852499997,0.0,0.118,7.287499997500001,7.2875,0.7125000024999988,1.5,0.0,1.6179999999999999,0.0,0.07059629190973975,1
2012-07-26 04:30:00+00:00,0.02763195,0.08880411189237501,0.02873101081125,0.0,0.068,7.999999997500002,8.0,0.7125000024999988,1.5,0.0,1.568,0.0,0.06962242372362201,1
2012-07-26 05:00:00+00:00,0.03023955,0.321686560911375,0.03144232810124999,0.0,0.017,7.991052629078949,7.9910526,0.008947397500001841,0.0,0.017,0.0,-0.0,0.0,1
2012-07-26 05:30:00+00:00,0.0331854,0.3250558842135,0.034505349284999993,0.0,0.026,7.977368418552633,7.9773684,0.013684229078949173,0.0,0.026,0.0,-0.0,0.0,1
2012-07-26 06:00:00+00:00,0.0336528,0.32559047413200004,0.03499134011999999,0.0,0.038,7.957368418552633,7.9573684,0.02000001855263278,0.0,0.038,0.0,-0.0,0.0,1
2012-07-26 06:30:00+00:00,0.03750885,0.33000084095962506,0.03900076450875,0.0,0.673,7.603157892236844,7.6031579,0.35421051855263297,0.0,0.673,0.0,-0.0,0.0,1
2012-07-26 07:00:00+00:00,0.04011645,0.332983289978625,0.041712081798749995,0.0,1.281,6.928947365921054,6.9289474,0.6742104922368437,0.0,1.281,0.0,-0.0,0.0,1
2012-07-26 07:30:00+00:00,0.0389295,0.33162571294875004,0.040477920862499996,0.0,2.015,6.139473681710528,6.1394737,0.7894736659210544,0.0,1.5,0.5150000000000001,0.0,0.08539362108430315,1
2012-07-26 08:00:00+00:00,0.04278555,0.336036079776375,0.04448734525124999,0.013,2.621,5.349999997500001,5.35,0.7894736817105281,0.0,1.5,1.108,0.0,0.18616398819611177,1
2012-07-26 08:30:00+00:00,0.04170315,0.33479808207037504,0.04336189279125,0.025,1.264,4.697894734342106,4.6978947,0.6521052975000012,0.0,1.239,0.0,-0.0,0.0,1
2012-07-26 09:00:00+00:00,0.03966135,0.332462768215875,0.041238880196249994,0.025,0.656,4.365789471184211,4.3657895,0.33210523434210604,0.0,0.631,0.0,-0.0,0.0,1
2012-07-26 09:30:00+00:00,0.0396183,0.33241352967075005,0.0411941178825,0.069,0.628,4.071578944868421,4.0715789,0.29421057118421157,0.0,0.559,0.0,1.1102230246251565e-16,-2.28673290761372e-18,1
2012-07-26 10:00:00+00:00,0.03958755,0.33237835928137505,0.041162144801249995,0.088,0.275,3.9731578922368427,3.9731579,0.09842104486842151,0.0,0.187,2.7755575615628914e-17,0.0,4.61267634201644e-18,1
2012-07-26 10:30:00+00:00,0.03956295,0.33235022296987504,0.04113656633625,0.144,0.58,3.743684208026316,3.7436842,0.22947369223684255,0.0,0.436,0.0,5.551115123125783e-17,-1.1417690775131217e-18,1
2012-07-26 11:00:00+00:00,0.03674625,0.14872861530312498,0.03820783209375,0.175,0.547,3.5559368396052635,3.5559368,0.18774740802631618,0.0,0.35672,0.015280000000000071,0.0,0.0011362866209158802,1
2012-07-26 11:30:00+00:00,0.03440925,0.146055665710625,0.03577787791875,0.2,0.618,3.5559368396052635,3.5559368,3.9605263513209366e-08,0.0,0.0,0.418,0.0,0.030525634133520625,1
2012-07-26 12:00:00+00:00,0.03442155,0.146069733866375,0.035790667151250004,0.088,0.264,3.5559368396052635,3.5559368,3.9605263513209366e-08,0.0,0.0,0.17600000000000002,0.0,0.012854136580241001,1
2012-07-26 12:30:00+00:00,0.0344646,0.1461189724115,0.03583542946499999,0.069,0.586,3.5559368396052635,3.5559368,3.9605263513209366e-08,0.0,0.0,0.5169999999999999,0.0,0.03777175436837274,1
2012-07-26 13:00:00+00:00,0.0343416,0.14597829085400002,0.035707537139999995,0.056,0.499,3.5559368396052635,3.5559368,3.9605263513209366e-08,0.0,0.0,0.443,0.0,0.032334191424161,1
2012-07-26 13:30:00+00:00,0.03412635,0.145732098128375,0.03548372557125,0.038,0.527,3.5559368396052635,3.5559368,3.9605263513209366e-08,0.0,0.0,0.48900000000000005,0.0,0.03563149799238769,1
2012-07-26 14:00:00+00:00,0.0338988,0.14547183724700002,0.03524712477,0.075,0.421,3.5559368396052635,3.5559368,3.9605263513209366e-08,0.0,0.0,0.346,0.0,0.025166627843731002,1
2012-07-26 14:30:00+00:00,0.0337389,0.14528895122225002,0.0350808647475,0.05,0.223,3.5559368396052635,3.5559368,3.9605263513209366e-08,0.0,0.0,0.173,0.0,0.012567494280724626,1
2012-07-26 15:00:00+00:00,0.033825,0.1453874283125,0.035170389375,0.013,0.236,3.5559368396052635,3.5559368,3.9605263513209366e-08,0.0,0.0,0.22299999999999998,0.0,0.01621069825684375,1
2012-07-26 15:30:00+00:00,0.0339849,0.14557031433724998,0.035336649397499996,0.019,0.052,3.5559368396052635,3.5559368,3.9605263513209366e-08,0.0,0.0,0.033,0.0,0.002401910186564625,1
2012-07-26 16:00:00+00:00,0.03418785,0.145802438907125,0.035547671733749994,0.106,0.018,3.5977368396052634,3.5977368,0.041799960394736324,0.088,0.0,0.0,-0.0,0.0,1
2012-07-26 16:30:00+00:00,0.0365187,0.14846835442175,0.0379712312925,0.15,0.03,3.6547368396052633,3.6547368,0.056999960394736426,0.12,0.0,0.0,-0.0,0.0,1
2012-07-26 17:00:00+00:00,0.0378225,0.14995957893125,0.0393268899375,0.019,0.035,3.6463157869736844,3.6463158,0.008421039605263303,0.0,0.016,3.469446951953614e-18,0.0,2.6013840201963637e-19,1
2012-07-26 17:30:00+00:00,0.03880035,0.15107799731337498,0.04034363392125,0.0,0.217,3.532105260657895,3.5321053,0.11421048697368441,0.0,0.217,0.0,-0.0,0.0,1
2012-07-26 18:00:00+00:00,0.0475272,0.161059353818,0.04941759438,0.0,0.639,3.1957894711842108,3.1957895,0.3363157606578948,0.0,0.639,0.0,-0.0,0.0,1
2012-07-26 18:30:00+00:00,0.0481545,0.16177682976125002,0.0500698452375,0.0,0.475,2.9457894711842108,2.9457895,0.2499999711842107,0.0,0.475,0.0,-0.0,0.0,1
2012-07-26 19:00:00+00:00,0.0477978,0.16136885324449998,0.049698957494999994,0.0,0.439,2.7147368396052634,2.7147368,0.2310526711842109,0.0,0.439,0.0,-0.0,0.0,1
2012-07-26 19:30:00+00:00,0.04213365,0.154890467521625,0.04380951592875,0.0,0.589,2.4047368396052633,2.4047368,0.31000003960526357,0.0,0.589,0.0,-0.0,0.0,1
2012-07-26 20:00:00+00:00,0.0396675,0.15206980229375,0.041245274812499996,0.0,1.44,1.646842102763158,1.6468421,0.7578947396052633,0.0,1.44,0.0,-0.0,0.0,1
2012-07-26 20:30:00+00:00,0.04620495,0.159547027074875,0.04804275188625,0.0,0.76,1.246842102763158,1.2468421,0.40000000276315784,0.0,0.76,0.0,-0.0,0.0,1
2012-07-26 21:00:00+00:00,0.04458135,0.157690030515875,0.04635457319624999,0.0,0.333,1.0715789448684212,1.0715789,0.175263202763158,0.0,0.333,0.0,-0.0,0.0,1
2012-07-26 21:30:00+00:00,0.03966135,0.152062768215875,0.041238880196249994,0.0,0.114,1.0115789448684211,1.0115789,0.060000044868421254,0.0,0.114,0.0,-0.0,0.0,1
2012-07-26 22:00:00+00:00,0.03634035,0.14826436616337502,0.03778578742125,0.0,0.029,1.0115789448684211,1.0115789,4.4868421200661146e-08,0.0,0.0,0.029,0.0,0.002149833309368938,1
2012-07-26 22:30:00+00:00,0.04311765,0.156015919981625,0.044832654528749995,0.0,0.022,1.000000000131579,1.0,0.011578944868421148,0.0,0.021999995,4.999999997368221e-09,0.0,3.900397997487628e-10,1
2012-07-26 23:00:00+00:00,0.03659865,0.14855979743412498,0.03805436130375,0.0,0.2,1.000000000131579,1.0,1.3157896994187013e-10,0.0,0.0,0.2,0.0,0.014855979743412498,1
2012-07-26 23:30:00+00:00,0.0362973,0.14821512761825,0.03774102510749999,0.0,0.017,1.000000000131579,1.0,1.3157896994187013e-10,0.0,0.0,0.017,0.0,0.0012598285847551251,1
2012-07-27 00:00:00+00:00,0.0342555,0.09637981376375002,0.035618012512500005,0.0,0.031,1.7125000001315789,1.7125,0.7124999998684209,1.5,0.0,1.531,0.0,0.07377874743615064,1
2012-07-27 00:30:00+00:00,0.0339234,0.09599997355850001,0.035272703235,0.0,0.035,2.425000000131579,2.425,0.7124999998684209,1.5,0.0,1.535,0.0,0.07367997970614876,1
2012-07-27 01:00:00+00:00,0.03822225,0.10091679399312502,0.03974253999375,0.0,0.018,3.137500000131579,3.1375,0.7124999998684212,1.5,0.0,1.518,0.0,0.0765958466407819,1
2012-07-27 01:30:00+00:00,0.03846825,0.10119815710812499,0.03999832464375,0.0,0.039,3.497022370131579,3.4970224,0.35952239986842116,0.7568892,0.0,0.7958892000000001,0.0,0.04027126015112996,1
2012-07-27 02:00:00+00:00,0.03443385,0.09658380202212502,0.03580345638375,0.0,0.027,4.2095223701315785,4.2095224,0.712500029868421,1.5,0.0,1.527,0.0,0.07374173284389245,1
2012-07-27 02:30:00+00:00,0.03321,0.09518402052500002,0.03453092775,0.0,0.018,4.922022370131579,4.9220224,0.7125000298684219,1.5,0.0,1.518,0.0,0.07224467157847501,1
2012-07-27 03:00:00+00:00,0.032349,0.09419924962250001,0.033635681475000005,0.0,0.038,5.634522370131579,5.6345224,0.712500029868421,1.5,0.0,1.538,0.0,0.07243922295970251,1
2012-07-27 03:30:00+00:00,0.03140805,0.09312303570762501,0.03265730518875,0.0,0.027,6.3470223701315795,6.3470224,0.712500029868421,1.5,0.0,1.527,0.0,0.0710994377627717,1
2012-07-27 04:00:00+00:00,0.031734,0.09349584183500001,0.032996219849999994,0.0,0.017,7.05952237013158,7.0595224,0.7125000298684201,1.5,0.0,1.517,0.0,0.07091659603184751,1
2012-07-27 04:30:00+00:00,0.0318324,0.09360838708100001,0.033098533709999996,0.0,0.033,7.77202237013158,7.7720224,0.7125000298684201,1.5,0.0,1.533,0.0,0.0717508286975865,1
2012-07-27 05:00:00+00:00,0.03279795,0.324612737307375,0.03410248846125,0.0,0.031,7.755706580657896,7.7557066,0.016315770131580365,0.0,0.031,0.0,-0.0,0.0,1
2012-07-27 05:30:00+00:00,0.0343908,0.326434563477,0.03575869406999999,0.0,0.018,7.74623289644737,7.7462329,0.00947368065789611,0.0,0.018,0.0,-0.0,0.0,1
2012-07-27 06:00:00+00:00,0.03678315,0.32917081977037504,0.03824619979125,0.0,0.021,7.735180264868422,7.7351803,0.01105259644737,0.0,0.021,0.0,-0.0,0.0,1
2012-07-27 06:30:00+00:00,0.03937845,0.33213920063362506,0.04094472784875,0.0,0.043,7.712548685921053,7.7125487,0.022631564868421883,0.0,0.043,0.0,-0.0,0.0,1
2012-07-27 07:00:00+00:00,0.04959975,0.343829838061875,0.05157258005625,0.0,0.766,7.309390791184211,7.3093908,0.40315788592105317,0.0,0.766,0.0,-0.0,0.0,1
2012-07-27 07:30:00+00:00,0.0414756,0.334537821189,0.043125291989999995,0.0,2.159,6.5199171069736845,6.5199171,0.7894736911842113,0.0,1.5,0.6589999999999998,0.0,0.11023021208177547,1
2012-07-27 08:00:00+00:00,0.0498765,0.34414637156625005,0.051860337787499995,0.006,1.851,5.730443422763158,5.7304434,0.7894737069736841,0.0,1.5,0.345,0.0,0.05936524909517813,1
2012-07-27 08:30:00+00:00,0.0499872,0.344272984968,0.05197544088,0.006,0.798,5.3136013175,5.3136013,0.4168421227631578,0.0,0.792,0.0,-0.0,0.0,1
2012-07-27 09:00:00+00:00,0.0388557,0.33154130401425,0.040401185467499996,0.025,0.228,5.206759212236842,5.2067592,0.10684211750000028,0.0,0.203,0.0,-0.0,0.0,1
2012-07-27 09:30:00+00:00,0.03950145,0.33227988219112503,0.04107262017375,0.063,0.678,4.883075001710527,4.883075,0.3236842122368424,0.0,0.615,0.0,-0.0,0.0,1
2012-07-27 10:00:00+00:00,0.0373797,0.32985312532425004,0.0388664775675,0.113,0.477,4.691496054342106,4.6914961,0.1915789017105265,0.0,0.364,0.0,-0.0,0.0,1
2012-07-27 10:30:00+00:00,0.0342924,0.32632201823100004,0.03565638021,0.156,0.72,4.394653949078948,4.3946539,0.29684215434210603,0.0,0.564,0.0,-0.0,0.0,1
2012-07-27 11:00:00+00:00,0.03443385,0.146083802022125,0.03580345638375,0.194,0.648,4.155706580657895,4.1557066,0.23894734907894755,0.0,0.454,0.0,-0.0,0.0,1
2012-07-27 11:30:00+00:00,0.03447075,0.14612600648937502,0.03584182408125,0.225,0.667,3.923075001710527,3.923075,0.23263158065789558,0.0,0.442,5.551115123125783e-17,0.0,4.0558114225257296e-18,1
2012-07-27 12:00:00+00:00,0.0343662,0.1460064271655,0.035733115605,0.256,0.365,3.8657065806578954,3.8657066,0.05736840171052693,0.0,0.109,0.0,1.3877787807814457e-17,-2.4794829803914673e-19,1
2012-07-27 12:30:00+00:00,0.0344646,0.1461189724115,0.03583542946499999,0.275,0.043,3.9759065806578953,3.9759066,0.11020001934210466,0.232,0.0,0.0,-0.0,0.0,1
2012-07-27 13:00:00+00:00,0.0339603,0.14554217802575,0.0353110709325,0.288,0.089,4.070431580657895,4.0704316,0.09452501934210478,0.199,0.0,5.551115123125783e-17,0.0,4.039606927457029e-18,1
2012-07-27 13:30:00+00:00,0.03378195,0.14533818976737498,0.03512562706124999,0.294,0.579,3.9204315806578953,3.9204316,0.1499999806578951,0.0,0.285,0.0,-0.0,0.0,1
2012-07-27 14:00:00+00:00,0.0330009,0.14444486187724997,0.034313510797499995,0.3,0.068,4.030631580657896,4.0306316,0.1102000193421051,0.232,0.0,5.551115123125783e-17,0.0,4.009150286123086e-18,1
2012-07-27 14:30:00+00:00,0.03276105,0.144170532840125,0.03406412076375,0.238,0.38,3.9558947385526326,3.9558947,0.07473688065789563,0.0,0.142,2.7755575615628914e-17,0.0,2.0007680628948003e-18,1
2012-07-27 15:00:00+00:00,0.0325335,0.14391027195875,0.0338275199625,0.113,0.361,3.825368422763159,3.8253684,0.13052633855263274,0.0,0.248,0.0,-0.0,0.0,1
2012-07-27 15:30:00+00:00,0.03390495,0.145478871324875,0.03525351938625,0.163,0.042,3.882843422763159,3.8828434,0.05747497723684125,0.121,0.0,0.0,-0.0,0.0,1
2012-07-27 16:00:00+00:00,0.03396645,0.145549212103625,0.035317465548749996,0.188,0.027,3.959318422763159,3.9593184,0.07647497723684094,0.161,0.0,0.0,-0.0,0.0,1
2012-07-27 16:30:00+00:00,0.0350181,0.14675203942025,0.0364109449275,0.1,0.062,3.977368422763159,3.9773684,0.018049977236841208,0.038,0.0,0.0,-0.0,0.0,1
2012-07-27 17:00:00+00:00,0.0331977,0.14466995236925,0.0345181385175,0.025,0.031,3.9742105280263167,3.9742105,0.003157922763159071,0.0,0.006,0.0,1.734723475976807e-18,-2.9939712616663254e-20,1
2012-07-27 17:30:00+00:00,0.03408945,0.145689893661125,0.03544535787375,0.0,0.292,3.820526317500001,3.8205263,0.15368422802631665,0.0,0.292,0.0,-0.0,0.0,1
2012-07-27 18:00:00+00:00,0.03893565,0.15123274702662498,0.04048431547875,0.0,1.219,3.17894737013158,3.1789474,0.6415789175000008,0.0,1.219,0.0,-0.0,0.0,1
2012-07-27 18:30:00+00:00,0.0387819,0.15105689507975,0.0403244500725,0.0,0.908,2.701052633289475,2.7010526,0.4778947701315799,0.0,0.908,0.0,-0.0,0.0,1
2012-07-27 19:00:00+00:00,0.03929235,0.151640723543375,0.04085520322124999,0.0,0.609,2.380526317500001,2.3805263,0.3205263332894748,0.0,0.609,0.0,-0.0,0.0,1
2012-07-27 19:30:00+00:00,0.03571305,0.147546890220125,0.03713353656375,0.0,0.544,2.094210528026317,2.0942105,0.2863158175000011,0.0,0.544,0.0,-0.0,0.0,1
2012-07-27 20:00:00+00:00,0.0341448,0.145753200362,0.035502909420000006,0.0,0.657,1.7484210543421064,1.7484211,0.34578942802631674,0.0,0.657,0.0,-0.0,0.0,1
2012-07-27 20:30:00+00:00,0.0420537,0.15479902450925,0.0437263859175,0.0,1.166,1.1347368438157905,1.1347368,0.6136842543421064,0.0,1.166,0.0,-0.0,0.0,1
2012-07-27 21:00:00+00:00,0.03867735,0.15093731575587502,0.04021574159624999,0.0,0.087,1.08894737013158,1.0889474,0.04578944381579064,0.0,0.087,0.0,-0.0,0.0,1
2012-07-27 21:30:00+00:00,0.03670935,0.148686410835875,0.03816946439625,0.0,0.03,1.0731578964473694,1.0731579,0.01578947013157994,0.0,0.03,0.0,-0.0,0.0,1
2012-07-27 22:00:00+00:00,0.03388035,0.145450735013375,0.03522794092124999,0.0,0.056,1.043684212236843,1.0436842,0.029473696447369413,0.0,0.056,0.0,-0.0,0.0,1
2012-07-27 22:30:00+00:00,0.04082985,0.153399243012125,0.04245385728375,0.0,0.021,1.0326315806578956,1.0326316,0.011052612236843062,0.0,0.021,0.0,-0.0,0.0,1
2012-07-27 23:00:00+00:00,0.03603285,0.14791266226962502,0.03746605660874999,0.0,0.017,1.023684212236843,1.0236842,0.008947380657895687,0.0,0.017,0.0,-0.0,0.0,1
2012-07-27 23:30:00+00:00,0.0399504,0.152393369876,0.041539427159999996,0.0,0.045,1.0000000017105273,1.0,0.023684212236843027,0.0,0.045,0.0,-0.0,0.0,1
2012-07-28 00:00:00+00:00,0.03801315,0.100677635345375,0.03952512304125,0.0,0.017,1.5874999992105274,1.5875,0.5874999982894726,1.2368421,0.0,1.2538421,0.0,0.0631169288622396,1
2012-07-28 00:30:00+00:00,0.03745965,0.10004456833662499,0.03894960757874999,0.0,0.021,2.2999999992105273,2.3,0.7125000007894724,1.5,0.0,1.521,0.0,0.0760838942200033,1
2012-07-28 01:00:00+00:00,0.0363711,0.09879953655275002,0.0378177605025,0.0,0.042,3.0124999992105272,3.0125,0.7125000007894728,1.5,0.0,1.542,0.0,0.07617444268217027,1
2012-07-28 01:30:00+00:00,0.0353379,0.09761781146975,0.036743464972499994,0.0,0.018,3.724999999210527,3.725,0.7125000007894728,1.5,0.0,1.518,0.0,0.07409191890554025,1
2012-07-28 02:00:00+00:00,0.03336375,0.09535987247187501,0.03469079315625,0.0,0.134,4.437499999210527,4.4375,0.7125000007894728,1.5,0.0,1.634,0.0,0.07790901580952188,1
2012-07-28 02:30:00+00:00,0.03380655,0.095866326078875,0.03515120552624999,0.0,0.053,5.149999999210527,5.15,0.7125000007894737,1.5,0.0,1.553,0.0,0.07444020220024644,1
2012-07-28 03:00:00+00:00,0.0342186,0.09633760929650001,0.035579644815000006,0.0,0.026,5.862499999210527,5.8625,0.7125000007894728,1.5,0.0,1.526,0.0,0.07350559589322951,1
2012-07-28 03:30:00+00:00,0.03411405,0.096218029972625,0.035470936338749995,0.0,0.026,6.574999999210528,6.575,0.7125000007894728,1.5,0.0,1.526,0.0,0.07341435686911288,1
2012-07-28 04:00:00+00:00,0.0326934,0.0945931579835,0.03399377998499999,0.0,0.052,7.287499999210528,7.2875,0.712500000789472,1.5,0.0,1.552,0.0,0.073404290595196,1
2012-07-28 04:30:00+00:00,0.03085455,0.092489968698875,0.03208178972625,0.0,0.026,7.999999999210528,8.0,0.712500000789472,1.5,0.0,1.526,0.0,0.07056984611724162,1
2012-07-28 05:00:00+00:00,0.0314634,0.32308634240850004,0.032714856735000006,0.0,0.026,7.986315788684212,7.9863158,0.013684199210528547,0.0,0.026,0.0,-0.0,0.0,1
2012-07-28 05:30:00+00:00,0.03207225,0.32378271611812504,0.033347923743749994,0.0,0.052,7.9589473676315805,7.9589474,0.027368388684212874,0.0,0.052,0.0,-0.0,0.0,1
2012-07-28 06:00:00+00:00,0.03209685,0.32381085242962504,0.033373502208749996,0.0,0.026,7.9452631571052645,7.9452632,0.013684167631580202,0.0,0.026,0.0,-0.0,0.0,1
2012-07-28 06:30:00+00:00,0.03385575,0.325822598701875,0.03520236245624999,0.0,0.695,7.579473683421054,7.5794737,0.3657894571052642,0.0,0.695,0.0,-0.0,0.0,1
2012-07-28 07:00:00+00:00,0.0340341,0.32602658696025005,0.0353878063275,0.0,1.57,6.7899999992105275,6.79,0.7894736834210541,0.0,1.5,0.07000000000000006,0.0,0.011410930543608762,1
2012-07-28 07:30:00+00:00,0.0335544,0.325477928886,0.03488902625999999,0.0,2.845,6.000526315000001,6.0005263,0.7894736992105278,0.0,1.5,1.3450000000000002,0.0,0.21888390717583506,1
2012-07-28 08:00:00+00:00,0.0350919,0.32723644835475,0.0364876803225,0.0,2.187,5.2110526307894744,5.2110526,0.7894737150000006,0.0,1.5,0.6869999999999998,0.0,0.1124057200098566,1
2012-07-28 08:30:00+00:00,0.0360759,0.32836190081475,0.037510818922499994,0.013,0.816,4.788421051842106,4.7884211,0.4226315307894746,0.0,0.803,0.0,1.1102230246251565e-16,-2.082268742015225e-18,1
2012-07-28 09:00:00+00:00,0.03802545,0.33059170350112504,0.03953791227375,0.019,0.583,4.491578946578948,4.4915789,0.29684215184210583,0.0,0.564,0.0,-0.0,0.0,1
2012-07-28 09:30:00+00:00,0.03870195,0.331365452067375,0.040241320061249995,0.069,0.54,4.243684209736843,4.2436842,0.2478947465789485,0.0,0.471,5.551115123125783e-17,0.0,9.197238861263085e-18,1
2012-07-28 10:00:00+00:00,0.03634035,0.328664366163375,0.03778578742125,0.106,0.135,4.228421051842107,4.2284211,0.01526310973684275,0.0,0.029,1.0408340855860843e-17,0.0,1.710425375101932e-18,1
2012-07-28 10:30:00+00:00,0.03688155,0.32928336501637506,0.03834851365125,0.163,0.421,4.092631578157896,4.0926316,0.13578945184210678,0.0,0.258,0.0,-0.0,0.0,1
2012-07-28 11:00:00+00:00,0.0352641,0.14703340253525,0.036666729577499994,0.194,0.022,4.174331578157895,4.1743316,0.08170002184210468,0.172,0.0,0.0,2.7755575615628914e-17,-5.0885309268305915e-19,1
2012-07-28 11:30:00+00:00,0.034563,0.1462315176575,0.035937743325,0.231,0.023,4.273131578157895,4.2731316,0.09880002184210479,0.208,0.0,0.0,2.7755575615628914e-17,-4.987363761560504e-19,1
2012-07-28 12:00:00+00:00,0.0342309,0.14585167745225,0.0355924340475,0.256,0.044,4.373831578157895,4.3738316,0.1007000218421048,0.212,0.0,0.0,-0.0,0.0,1
2012-07-28 12:30:00+00:00,0.03373275,0.145281917144375,0.03507447013125,0.275,0.018,4.495906578157895,4.4959066,0.12207502184210473,0.257,0.0,0.0,-0.0,0.0,1
2012-07-28 13:00:00+00:00,0.03217065,0.143495261364125,0.033450237603749995,0.288,0.317,4.495906578157895,4.4959066,2.1842105013547553e-08,0.0,0.0,0.029000000000000026,0.0,0.0020806812897798143,1
2012-07-28 13:30:00+00:00,0.0320907,0.14340381835175,0.0333671075925,0.288,0.031,4.617981578157894,4.6179816,0.12207502184210561,0.257,0.0,5.551115123125783e-17,0.0,3.9802555238319106e-18,1
2012-07-28 14:00:00+00:00,0.03169095,0.142946603289875,0.03295145753625,0.3,0.017,4.752406578157895,4.7524066,0.13442502184210525,0.283,0.0,0.0,-0.0,0.0,1
2012-07-28 14:30:00+00:00,0.03110055,0.142271331813875,0.03233757437625,0.306,0.074,4.862606578157894,4.8626066,0.11020002184210576,0.232,0.0,0.0,-0.0,0.0,1
2012-07-28 15:00:00+00:00,0.03204765,0.14335457980662497,0.03332234527874999,0.25,0.061,4.952381578157895,4.9523816,0.0897750218421054,0.189,0.0,0.0,-0.0,0.0,1
2012-07-28 15:30:00+00:00,0.0327795,0.14419163507375,0.0340833046125,0.181,0.277,4.952381578157895,4.9523816,2.1842105013547553e-08,0.0,0.0,0.09600000000000003,0.0,0.006921198483540001,1
2012-07-28 16:00:00+00:00,0.0335667,0.14509199704175,0.034901815492499995,0.188,0.552,4.952381578157895,4.9523816,2.1842105013547553e-08,0.0,0.0,0.36400000000000005,0.0,0.026406743461598502,1
2012-07-28 16:30:00+00:00,0.03417555,0.145788370751375,0.03553488250125,0.131,0.313,4.952381578157895,4.9523816,2.1842105013547553e-08,0.0,0.0,0.182,0.0,0.013266741738375123,1
2012-07-28 17:00:00+00:00,0.0352149,0.14697712991225,0.0366155726475,0.019,0.448,4.758421051842105,4.7584211,0.1939604781578952,0.0,0.368525,0.060475,0.0,0.004444220965721659,1
2012-07-28 17:30:00+00:00,0.0359283,0.14779308294575,0.0373573481325,0.0,0.949,4.2589473676315786,4.2589474,0.4994736518421048,0.0,0.949,0.0,-0.0,0.0,1
2012-07-28 18:00:00+00:00,0.04289625,0.155762693178125,0.04460244834374999,0.0,0.706,3.8873684202631575,3.8873684,0.3715789676315784,0.0,0.706,0.0,-0.0,0.0,1
2012-07-28 18:30:00+00:00,0.04833285,0.161980818019625,0.05025528910874999,0.0,0.929,3.3984210518421047,3.3984211,0.48894732026315735,0.0,0.929,0.0,-0.0,0.0,1
2012-07-28 19:00:00+00:00,0.04327755,0.156198806006375,0.04499891455125,0.0,0.774,2.991052630789473,2.9910526,0.4073684518421046,0.0,0.774,0.0,-0.0,0.0,1
2012-07-28 19:30:00+00:00,0.03909555,0.15141563305137498,0.04065057550125,0.0,0.899,2.517894736052631,2.5178947,0.4731579307894731,0.0,0.899,0.0,-0.0,0.0,1
2012-07-28 20:00:00+00:00,0.038745,0.1510146906125,0.040286082375,0.0,1.491,1.7331578939473675,1.7331579,0.784736836052631,0.0,1.491,0.0,-0.0,0.0,1
2012-07-28 20:30:00+00:00,0.04130955,0.15394790108637502,0.042952637351249996,0.0,0.889,1.2652631571052622,1.2652632,0.4678946939473676,0.0,0.889,0.0,-0.0,0.0,1
2012-07-28 21:00:00+00:00,0.0401964,0.15267473299099998,0.041795211809999996,0.0,0.278,1.118947367631578,1.1189474,0.14631575710526223,0.0,0.278,0.0,-0.0,0.0,1
2012-07-28 21:30:00+00:00,0.03635265,0.14827843431912502,0.03779857665375,0.0,0.027,1.1047368413157885,1.1047368,0.01421056763157802,0.0,0.027,0.0,-0.0,0.0,1
2012-07-28 22:00:00+00:00,0.03533175,0.147110777391875,0.03673707035625,0.0,0.065,1.070526314999999,1.0705263,0.03421054131578849,0.0,0.065,0.0,-0.0,0.0,1
2012-07-28 22:30:00+00:00,0.03881265,0.15109206546912501,0.040356423153749994,0.0,0.021,1.0594736834210516,1.0594737,0.011052614999998989,0.0,0.021,0.0,-0.0,0.0,1
2012-07-28 23:00:00+00:00,0.0366786,0.14865124044650002,0.038137491315,0.0,0.022,1.0478947360526305,1.0478947,0.01157898342105157,0.0,0.022,0.0,-0.0,0.0,1
2012-07-28 23:30:00+00:00,0.0375396,0.14963601134899998,0.03903273759,0.0,0.091,1.0,1.0,0.047894736052630504,0.0,0.090999999,9.999999994736442e-10,0.0,7.48180056351191e-11,1
2012-07-29 00:00:00+00:00,0.03634035,0.09876436616337503,0.03778578742125,0.0,0.018,1.5874999975000001,1.5875,0.5874999999999999,1.2368421,0.0,1.2548421,0.0,0.061966842320809234,1
2012-07-29 00:30:00+00:00,0.03504885,0.09728720980962502,0.03644291800875,0.0,0.023,2.2999999975,2.3,0.7125000024999997,1.5,0.0,1.523,0.0,0.07408421027002945,1
2012-07-29 01:00:00+00:00,0.0351411,0.09739272097775001,0.036538837252500005,0.0,0.043,3.0124999975,3.0125,0.7125000025000001,1.5,0.0,1.543,0.0,0.07513848423433413,1
2012-07-29 01:30:00+00:00,0.03469215,0.096879233292875,0.03607203026624999,0.0,0.018,3.7249999975,3.725,0.7125000025000001,1.5,0.0,1.518,0.0,0.07353133806929213,1
2012-07-29 02:00:00+00:00,0.03370815,0.095753780832875,0.03504889166625,0.0,0.02,4.4374999975,4.4375,0.7125000025000001,1.5,0.0,1.52,0.0,0.072772873432985,1
2012-07-29 02:30:00+00:00,0.0342432,0.09636574560800001,0.035605223279999994,0.0,0.045,5.1499999975,5.15,0.7125000025000006,1.5,0.0,1.545,0.0,0.07444253848218,1
2012-07-29 03:00:00+00:00,0.033825,0.0958874283125,0.035170389375,0.0,0.236,5.8624999975000005,5.8625,0.7125000024999997,1.5,0.0,1.736,0.0,0.08323028777524999,1
2012-07-29 03:30:00+00:00,0.0324597,0.09432586302425003,0.033750784567500004,0.0,0.025,6.574999997500001,6.575,0.7125000024999997,1.5,0.0,1.525,0.0,0.07192347055599065,1
2012-07-29 04:00:00+00:00,0.03161715,0.093362194355375,0.03287472214124999,0.0,0.055,7.287499997500001,7.2875,0.7125000024999988,1.5,0.0,1.555,0.0,0.07258910611130406,1
2012-07-29 04:30:00+00:00,0.0321399,0.09396009097475001,0.0334182645225,0.0,0.024,7.999999997500002,8.0,0.7125000024999988,1.5,0.0,1.524,0.0,0.07159758932275952,1
2012-07-29 05:00:00+00:00,0.03321615,0.3250910546028751,0.03453732236625,0.0,0.018,7.990526313289475,7.9905263,0.009473697500001599,0.0,0.018,0.0,-0.0,0.0,1
2012-07-29 05:30:00+00:00,0.0314142,0.32303006978550003,0.032663699805,0.0,0.038,7.970526313289476,7.9705263,0.02000001328947487,0.0,0.038,0.0,-0.0,0.0,1
2012-07-29 06:00:00+00:00,0.03121125,0.32279794521562505,0.032452677468749996,0.0,0.025,7.957368418552633,7.9573684,0.013157913289475687,0.0,0.025,0.0,-0.0,0.0,1
2012-07-29 06:30:00+00:00,0.0321153,0.32383195466325004,0.033392686057499996,0.0,1.024,7.418421050131581,7.4184211,0.5389473185526334,0.0,1.024,0.0,-0.0,0.0,1
2012-07-29 07:00:00+00:00,0.03311775,0.324978509356875,0.034435008506249996,0.0,2.127,6.6289473659210545,6.6289474,0.7894736501315807,0.0,1.5,0.6269999999999998,0.0,0.10188076268338028,1
2012-07-29 07:30:00+00:00,0.03274875,0.32455646468437505,0.03405133153125,0.0,2.047,5.839473681710528,5.8394737,0.7894736659210544,0.0,1.5,0.5470000000000002,0.0,0.0887661930911766,1
2012-07-29 08:00:00+00:00,0.0345138,0.32657524503450003,0.035886586394999996,0.006,1.998,5.049999997500001,5.05,0.7894736817105281,0.0,1.5,0.492,0.0,0.08033751027848701,1
2012-07-29 08:30:00+00:00,0.0341694,0.3261813366735001,0.035528487885,0.006,1.538,4.260526313289475,4.2605263,0.789473697500001,0.0,1.5,0.03200000000000003,0.0,0.005218901386776006,1
2012-07-29 09:00:00+00:00,0.03605745,0.328340798581125,0.037491635073749995,0.019,0.632,3.9378947343421062,3.9378947,0.32263161328947465,0.0,0.613,0.0,-0.0,0.0,1
2012-07-29 09:30:00+00:00,0.03813615,0.330718316902875,0.03965301536625,0.069,0.386,3.771052629078948,3.7710526,0.16684213434210626,0.0,0.317,0.0,-0.0,0.0,1
2012-07-29 10:00:00+00:00,0.0379332,0.33048619233300003,0.03944199303,0.113,0.029,3.810952629078948,3.8109526,0.039899970921051686,0.084,0.0,0.0,-0.0,0.0,1
2012-07-29 10:30:00+00:00,0.03769335,0.33021186329587504,0.03919260299625,0.156,0.017,3.876977629078948,3.8769776,0.06602497092105208,0.139,0.0,2.7755575615628914e-17,0.0,4.582610170443189e-18,1
2012-07-29 11:00:00+00:00,0.03813615,0.150318316902875,0.03965301536625,0.2,0.124,3.913077629078948,3.9130776,0.03609997092105166,0.076,0.0,0.0,-0.0,0.0,1
2012-07-29 11:30:00+00:00,0.0374535,0.14953753425875002,0.0389432129625,0.206,0.021,4.000952629078948,4.0009526,0.08787497092105179,0.185,0.0,0.0,-0.0,0.0,1
2012-07-29 12:00:00+00:00,0.0359898,0.1478634237245,0.037421294295000004,0.25,0.045,4.098327629078948,4.0983276,0.0973749709210523,0.205,0.0,0.0,-0.0,0.0,1
2012-07-29 12:30:00+00:00,0.0350796,0.146822380199,0.03647489109,0.231,0.398,4.098327629078948,4.0983276,2.9078948138305805e-08,0.0,0.0,0.167,0.0,0.012259668746616503,1
2012-07-29 13:00:00+00:00,0.0352518,0.14701933437950002,0.036653940345,0.225,0.468,4.098327629078948,4.0983276,2.9078948138305805e-08,0.0,0.0,0.24300000000000002,0.0,0.017862849127109254,1
2012-07-29 13:30:00+00:00,0.03449535,0.146154142800875,0.03586740254625,0.125,0.303,4.098327629078948,4.0983276,2.9078948138305805e-08,0.0,0.0,0.178,0.0,0.013007718709277874,1
2012-07-29 14:00:00+00:00,0.0344769,0.14613304056725002,0.035848218697499996,0.069,0.244,4.098327629078948,4.0983276,2.9078948138305805e-08,0.0,0.0,0.175,0.0,0.012786641049634376,1
2012-07-29 14:30:00+00:00,0.03444,0.14609083609999998,0.035809851,0.188,0.246,4.810827629078949,4.8108276,0.7124999709210513,1.5,0.0,1.558,0.0,0.11380476132189998,1
2012-07-29 15:00:00+00:00,0.03445845,0.146111938333625,0.035829034848750003,0.181,0.057,5.523327629078949,5.5233276,0.18815787092105118,1.5,0.0,1.376,0.0,0.100525013573534,1
2012-07-29 15:30:00+00:00,0.0346737,0.14635813105925,0.0360528464175,0.206,0.476,6.235827629078949,6.2358276,0.18815787092105118,1.5,0.0,1.77,0.0,0.12952694598743625,1
2012-07-29 16:00:00+00:00,0.03685695,0.148855228704875,0.03832293518625,0.188,0.256,6.235827629078949,6.2358276,2.9078949026484224e-08,0.0,0.0,0.068,0.0,0.005061077775965751,1
2012-07-29 16:30:00+00:00,0.04052235,0.153047539118375,0.04213412647125,0.094,0.244,6.235827629078949,6.2358276,2.9078949026484224e-08,0.0,0.0,0.15,0.0,0.011478565433878124,1
2012-07-29 17:00:00+00:00,0.0446736,0.157795541684,0.04645049244,0.013,0.466,6.235827629078949,6.2358276,2.9078949026484224e-08,0.0,0.0,0.453,0.0,0.035740690191426006,1
2012-07-29 17:30:00+00:00,0.04028865,0.152780244159125,0.041891131053749996,0.0,0.349,6.235827629078949,6.2358276,2.9078949026484224e-08,0.0,0.0,0.349,0.0,0.02666015260576731,1
2012-07-29 18:00:00+00:00,0.06819735,0.18470088955587502,0.07090989959625,0.0,0.382,6.034774997500002,6.034775,0.2010526290789496,0.0,0.382,0.0,-0.0,0.0,1
2012-07-29 18:30:00+00:00,0.0773916,0.195216835979,0.08046985088999999,0.0,0.486,5.778985523815792,5.7789855,0.2557894975000021,0.0,0.486,0.0,-0.0,0.0,1
2012-07-29 19:00:00+00:00,0.07482705,0.192283625505125,0.07780329591375,0.0,0.627,5.448985523815792,5.4489855,0.3300000238157921,0.0,0.627,0.0,-0.0,0.0,1
2012-07-29 19:30:00+00:00,0.06155535,0.177104085450875,0.06400371404625,0.0,0.471,5.201090786973687,5.2010908,0.2478947238157918,0.0,0.471,0.0,-0.0,0.0,1
2012-07-29 20:00:00+00:00,0.05044845,0.164400540808625,0.05245503709875,0.0,0.441,4.9689855238157925,4.9689855,0.23210528697368726,0.0,0.441,0.0,-0.0,0.0,1
2012-07-29 20:30:00+00:00,0.05602035,0.170773415363375,0.05824855942124999,0.0,0.658,4.622669734342108,4.6226697,0.3463158238157922,0.0,0.658,0.0,-0.0,0.0,1
2012-07-29 21:00:00+00:00,0.04338825,0.15632541940812503,0.045114017643750004,0.0,2.173,3.9101697343421082,3.9101697,0.366184234342108,0.0,1.35375,0.81925,0.0,0.06403479992505322,1
2012-07-29 21:30:00+00:00,0.0393231,0.15167589393275002,0.0408871763025,0.0,0.154,3.8291171027631608,3.8291171,3.434210826824824e-08,0.0,0.154,0.0,-0.0,0.0,1
2012-07-29 22:00:00+00:00,0.03642645,0.148362843253625,0.03787531204875,0.0,0.522,3.5543802606578976,3.5543803,0.2747368027631607,0.0,0.522,0.0,-0.0,0.0,1
2012-07-29 22:30:00+00:00,0.03573765,0.14757502653162502,0.037159115028749995,0.0,0.021,3.5433276290789504,3.5433276,0.011052660657897562,0.0,0.021,0.0,-0.0,0.0,1
2012-07-29 23:00:00+00:00,0.0353625,0.14714594778125,0.036769043437499996,0.0,0.059,3.512274997500003,3.512275,0.031052629078950567,0.0,0.059,0.0,-0.0,0.0,1
2012-07-29 23:30:00+00:00,0.0356577,0.14748358351925,0.0370759850175,0.0,0.123,3.44753815539474,3.4475382,0.06473679750000327,0.0,0.123,0.0,-0.0,0.0,1
2012-07-30 00:00:00+00:00,0.0341817,0.09629540482925002,0.035541277117500006,0.0,0.051,3.44753815539474,3.4475382,0.06473684460525986,0.0,0.0,0.051,0.0,0.002455532823145875,1
