{"op_code":0,"worker_id":"08f24624-e3e2-44ef-a556-87dbb207cf37-8316722560","study_name":"AU_bc_dqn","directions":[2]}
{"op_code":4,"worker_id":"08f24624-e3e2-44ef-a556-87dbb207cf37-8316722560","study_id":0,"datetime_start":null,"state":4,"value":null,"values":null,"distributions":{},"params":{},"user_attrs":{"incumbent":true},"system_attrs":{"fixed_params":{"lr":0.001,"gamma":0.997,"n_step":8,"batch":128,"target_sync":2000,"eps_decay_frac":0.4,"reward_scale":20.0,"bc_reg":1.0,"bc_reg_decay_frac":0.5,"bc_guide_prob":0.5}},"intermediate_values":{}}
{"op_code":6,"worker_id":"08f24624-e3e2-44ef-a556-87dbb207cf37-8316722560","trial_id":0,"state":0,"values":null,"datetime_start":"2026-10-08T03:55:59.095310"}
{"op_code":5,"worker_id":"08f24624-e3e2-44ef-a556-87dbb207cf37-8316722560","trial_id":0,"param_name":"lr","param_value_internal":0.001,"distribution":"{\"name\": \"FloatDistribution\", \"attributes\": {\"step\": null, \"low\": 0.0001, \"high\": 0.003, \"log\": true}}"}
{"op_code":5,"worker_id":"08f24624-e3e2-44ef-a556-87dbb207cf37-8316722560","trial_id":0,"param_name":"gamma","param_value_internal":0.997,"distribution":"{\"name\": \"FloatDistribution\", \"attributes\": {\"step\": null, \"low\": 0.98, \"high\": 0.999, \"log\": false}}"}
{"op_code":5,"worker_id":"08f24624-e3e2-44ef-a556-87dbb207cf37-8316722560","trial_id":0,"param_name":"n_step","param_value_internal":3,"distribution":"{\"name\": \"CategoricalDistribution\", \"attributes\": {\"choices\": [1, 2, 4, 8, 16]}}"}
{"op_code":5,"worker_id":"08f24624-e3e2-44ef-a556-87dbb207cf37-8316722560","trial_id":0,"param_name":"batch","param_value_internal":1,"distribution":"{\"name\": \"CategoricalDistribution\", \"attributes\": {\"choices\": [64, 128, 256]}}"}
{"op_code":5,"worker_id":"08f24624-e3e2-44ef-a556-87dbb207cf37-8316722560","trial_id":0,"param_name":"target_sync","param_value_internal":2,"distribution":"{\"name\": \"CategoricalDistribution\", \"attributes\": {\"choices\": [500, 1000, 2000, 5000, 10000]}}"}
{"op_code":5,"worker_id":"08f24624-e3e2-44ef-a556-87dbb207cf37-8316722560","trial_id":0,"param_name":"eps_decay_frac","param_value_internal":0.4,"distribution":"{\"name\": \"FloatDistribution\", \"attributes\": {\"step\": null, \"low\": 0.1, \"high\": 0.6, \"log\": false}}"}
{"op_code":5,"worker_id":"08f24624-e3e2-44ef-a556-87dbb207cf37-8316722560","trial_id":0,"param_name":"reward_scale","param_value_internal":20.0,"distribution":"{\"name\": \"FloatDistribution\", \"attributes\": {\"step\": null, \"low\": 5.0, \"high\": 80.0, \"log\": true}}"}
{"op_code":5,"worker_id":"08f24624-e3e2-44ef-a556-87dbb207cf37-8316722560","trial_id":0,"param_name":"bc_reg","param_value_internal":1.0,"distribution":"{\"name\": \"FloatDistribution\", \"attributes\": {\"step\": null, \"low\": 0.0, \"high\": 3.0, \"log\": false}}"}
{"op_code":5,"worker_id":"08f24624-e3e2-44ef-a556-87dbb207cf37-8316722560","trial_id":0,"param_name":"bc_reg_decay_frac","param_value_internal":0.5,"distribution":"{\"name\": \"FloatDistribution\", \"attributes\": {\"step\": null, \"low\": 0.1, \"high\": 1.0, \"log\": false}}"}
{"op_code":5,"worker_id":"08f24624-e3e2-44ef-a556-87dbb207cf37-8316722560","trial_id":0,"param_name":"bc_guide_prob","param_value_internal":0.5,"distribution":"{\"name\": \"FloatDistribution\", \"attributes\": {\"step\": null, \"low\": 0.0, \"high\": 1.0, \"log\": false}}"}
{"op_code":8,"worker_id":"08f24624-e3e2-44ef-a556-87dbb207cf37-8316722560","trial_id":0,"user_attr":{"tag":"c5464553fee96"}}
{"op_code":8,"worker_id":"08f24624-e3e2-44ef-a556-87dbb207cf37-8316722560","trial_id":0,"user_attr":{"overrides":{"gamma":0.997,"bc_reg":1.0,"hidden":64,"clone_lr":0.0035623781604653747,"clone_batch":128,"clone_weight_decay":0.0001,"clone_class_power":0.13569395684118885,"clone_label_smoothing":0.05,"clone_patience":5,"lr":0.001,"n_step":8,"batch":128,"target_sync":2000,"eps_decay_frac":0.4,"reward_scale":20.0,"bc_reg_decay_frac":0.5,"bc_guide_prob":0.5}}}
{"op_code":7,"worker_id":"08f24624-e3e2-44ef-a556-87dbb207cf37-8316722560","trial_id":0,"step":3,"intermediate_value":299.8624330233313}
{"op_code":4,"worker_id":"08f24624-e3e2-44ef-a556-87dbb207cf37-8316722560","study_id":0,"datetime_start":"2026-10-08T03:59:36.431811"}
{"op_code":5,"worker_id":"08f24624-e3e2-44ef-a556-87dbb207cf37-8316722560","trial_id":1,"param_name":"lr","param_value_internal":0.0006466422717414558,"distribution":"{\"name\": \"FloatDistribution\", \"attributes\": {\"step\": null, \"low\": 0.0001, \"high\": 0.003, \"log\": true}}"}
{"op_code":5,"worker_id":"08f24624-e3e2-44ef-a556-87dbb207cf37-8316722560","trial_id":1,"param_name":"gamma","param_value_internal":0.993588597961076,"distribution":"{\"name\": \"FloatDistribution\", \"attributes\": {\"step\": null, \"low\": 0.98, \"high\": 0.999, \"log\": false}}"}
{"op_code":5,"worker_id":"08f24624-e3e2-44ef-a556-87dbb207cf37-8316722560","trial_id":1,"param_name":"n_step","param_value_internal":3,"distribution":"{\"name\": \"CategoricalDistribution\", \"attributes\": {\"choices\": [1, 2, 4, 8, 16]}}"}
{"op_code":5,"worker_id":"08f24624-e3e2-44ef-a556-87dbb207cf37-8316722560","trial_id":1,"param_name":"batch","param_value_internal":1,"distribution":"{\"name\": \"CategoricalDistribution\", \"attributes\": {\"choices\": [64, 128, 256]}}"}
{"op_code":5,"worker_id":"08f24624-e3e2-44ef-a556-87dbb207cf37-8316722560","trial_id":1,"param_name":"target_sync","param_value_internal":3,"distribution":"{\"name\": \"CategoricalDistribution\", \"attributes\": {\"choices\": [500, 1000, 2000, 5000, 10000]}}"}
{"op_code":5,"worker_id":"08f24624-e3e2-44ef-a556-87dbb207cf37-8316722560","trial_id":1,"param_name":"eps_decay_frac","param_value_internal":0.14356464985077036,"distribution":"{\"name\": \"FloatDistribution\", \"attributes\": {\"step\": null, \"low\": 0.1, \"high\": 0.6, \"log\": false}}"}
{"op_code":5,"worker_id":"08f24624-e3e2-44ef-a556-87dbb207cf37-8316722560","trial_id":1,"param_name":"reward_scale","param_value_internal":5.288291432933611,"distribution":"{\"name\": \"FloatDistribution\", \"attributes\": {\"step\": null, \"low\": 5.0, \"high\": 80.0, \"log\": true}}"}
{"op_code":5,"worker_id":"08f24624-e3e2-44ef-a556-87dbb207cf37-8316722560","trial_id":1,"param_name":"bc_reg","param_value_internal":2.497859536643814,"distribution":"{\"name\": \"FloatDistribution\", \"attributes\": {\"step\": null, \"low\": 0.0, \"high\": 3.0, \"log\": false}}"}
{"op_code":5,"worker_id":"08f24624-e3e2-44ef-a556-87dbb207cf37-8316722560","trial_id":1,"param_name":"bc_reg_decay_frac","param_value_internal":0.8003410758548655,"distribution":"{\"name\": \"FloatDistribution\", \"attributes\": {\"step\": null, \"low\": 0.1, \"high\": 1.0, \"log\": false}}"}
{"op_code":5,"worker_id":"08f24624-e3e2-44ef-a556-87dbb207cf37-8316722560","trial_id":1,"param_name":"bc_guide_prob","param_value_internal":0.8700121482468192,"distribution":"{\"name\": \"FloatDistribution\", \"attributes\": {\"step\": null, \"low\": 0.0, \"high\": 1.0, \"log\": false}}"}
{"op_code":8,"worker_id":"08f24624-e3e2-44ef-a556-87dbb207cf37-8316722560","trial_id":1,"user_attr":{"tag":"c66415d075727"}}
{"op_code":8,"worker_id":"08f24624-e3e2-44ef-a556-87dbb207cf37-8316722560","trial_id":1,"user_attr":{"overrides":{"gamma":0.993588597961076,"bc_reg":2.497859536643814,"hidden":64,"clone_lr":0.0035623781604653747,"clone_batch":128,"clone_weight_decay":0.0001,"clone_class_power":0.13569395684118885,"clone_label_smoothing":0.05,"clone_patience":5,"lr":0.0006466422717414558,"n_step":8,"batch":128,"target_sync":5000,"eps_decay_frac":0.14356464985077036,"reward_scale":5.288291432933611,"bc_reg_decay_frac":0.8003410758548655,"bc_guide_prob":0.8700121482468192}}}
{"op_code":7,"worker_id":"08f24624-e3e2-44ef-a556-87dbb207cf37-8316722560","trial_id":0,"step":8,"intermediate_value":286.12024427990247}
{"op_code":8,"worker_id":"08f24624-e3e2-44ef-a556-87dbb207cf37-8316722560","trial_id":0,"user_attr":{"hh_saving":{"254":325.1988419303293,"185":283.67079974841596,"230":290.7176573912487,"266":176.79197089918452,"145":323.3895914880064,"229":186.12484022543836,"300":351.09392246537186,"69":351.9743300912245}}}
{"op_code":8,"worker_id":"08f24624-e3e2-44ef-a556-87dbb207cf37-8316722560","trial_id":0,"user_attr":{"val_efc_mean":84.11778431249999}}
{"op_code":8,"worker_id":"08f24624-e3e2-44ef-a556-87dbb207cf37-8316722560","trial_id":0,"user_attr":{"converged_share":1.0}}
{"op_code":8,"worker_id":"08f24624-e3e2-44ef-a556-87dbb207cf37-8316722560","trial_id":0,"user_attr":{"wall_s":280.4497261047363}}
{"op_code":6,"worker_id":"08f24624-e3e2-44ef-a556-87dbb207cf37-8316722560","trial_id":0,"state":1,"values":[286.12024427990247],"datetime_complete":"2026-10-08T04:00:39.549068"}
{"op_code":4,"worker_id":"08f24624-e3e2-44ef-a556-87dbb207cf37-8316722560","study_id":0,"datetime_start":"2026-10-08T04:01:20.628133"}
{"op_code":5,"worker_id":"08f24624-e3e2-44ef-a556-87dbb207cf37-8316722560","trial_id":2,"param_name":"lr","param_value_internal":0.0027895744302956853,"distribution":"{\"name\": \"FloatDistribution\", \"attributes\": {\"step\": null, \"low\": 0.0001, \"high\": 0.003, \"log\": true}}"}
{"op_code":5,"worker_id":"08f24624-e3e2-44ef-a556-87dbb207cf37-8316722560","trial_id":2,"param_name":"gamma","param_value_internal":0.9951840127201177,"distribution":"{\"name\": \"FloatDistribution\", \"attributes\": {\"step\": null, \"low\": 0.98, \"high\": 0.999, \"log\": false}}"}
{"op_code":5,"worker_id":"08f24624-e3e2-44ef-a556-87dbb207cf37-8316722560","trial_id":2,"param_name":"n_step","param_value_internal":1,"distribution":"{\"name\": \"CategoricalDistribution\", \"attributes\": {\"choices\": [1, 2, 4, 8, 16]}}"}
{"op_code":5,"worker_id":"08f24624-e3e2-44ef-a556-87dbb207cf37-8316722560","trial_id":2,"param_name":"batch","param_value_internal":0,"distribution":"{\"name\": \"CategoricalDistribution\", \"attributes\": {\"choices\": [64, 128, 256]}}"}
{"op_code":5,"worker_id":"08f24624-e3e2-44ef-a556-87dbb207cf37-8316722560","trial_id":2,"param_name":"target_sync","param_value_internal":1,"distribution":"{\"name\": \"CategoricalDistribution\", \"attributes\": {\"choices\": [500, 1000, 2000, 5000, 10000]}}"}
{"op_code":5,"worker_id":"08f24624-e3e2-44ef-a556-87dbb207cf37-8316722560","trial_id":2,"param_name":"eps_decay_frac","param_value_internal":0.4088177485379385,"distribution":"{\"name\": \"FloatDistribution\", \"attributes\": {\"step\": null, \"low\": 0.1, \"high\": 0.6, \"log\": false}}"}
{"op_code":5,"worker_id":"08f24624-e3e2-44ef-a556-87dbb207cf37-8316722560","trial_id":2,"param_name":"reward_scale","param_value_internal":27.290198548168842,"distribution":"{\"name\": \"FloatDistribution\", \"attributes\": {\"step\": null, \"low\": 5.0, \"high\": 80.0, \"log\": true}}"}
{"op_code":5,"worker_id":"08f24624-e3e2-44ef-a556-87dbb207cf37-8316722560","trial_id":2,"param_name":"bc_reg","param_value_internal":1.8508019906242708,"distribution":"{\"name\": \"FloatDistribution\", \"attributes\": {\"step\": null, \"low\": 0.0, \"high\": 3.0, \"log\": false}}"}
{"op_code":5,"worker_id":"08f24624-e3e2-44ef-a556-87dbb207cf37-8316722560","trial_id":2,"param_name":"bc_reg_decay_frac","param_value_internal":0.9493732706631618,"distribution":"{\"name\": \"FloatDistribution\", \"attributes\": {\"step\": null, \"low\": 0.1, \"high\": 1.0, \"log\": false}}"}
{"op_code":5,"worker_id":"08f24624-e3e2-44ef-a556-87dbb207cf37-8316722560","trial_id":2,"param_name":"bc_guide_prob","param_value_internal":0.6818202991034834,"distribution":"{\"name\": \"FloatDistribution\", \"attributes\": {\"step\": null, \"low\": 0.0, \"high\": 1.0, \"log\": false}}"}
{"op_code":8,"worker_id":"08f24624-e3e2-44ef-a556-87dbb207cf37-8316722560","trial_id":2,"user_attr":{"tag":"cba8c6e7e9d14"}}
{"op_code":8,"worker_id":"08f24624-e3e2-44ef-a556-87dbb207cf37-8316722560","trial_id":2,"user_attr":{"overrides":{"gamma":0.9951840127201177,"bc_reg":1.8508019906242708,"hidden":64,"clone_lr":0.0035623781604653747,"clone_batch":128,"clone_weight_decay":0.0001,"clone_class_power":0.13569395684118885,"clone_label_smoothing":0.05,"clone_patience":5,"lr":0.0027895744302956853,"n_step":2,"batch":64,"target_sync":1000,"eps_decay_frac":0.4088177485379385,"reward_scale":27.290198548168842,"bc_reg_decay_frac":0.9493732706631618,"bc_guide_prob":0.6818202991034834}}}
{"op_code":7,"worker_id":"08f24624-e3e2-44ef-a556-87dbb207cf37-8316722560","trial_id":1,"step":3,"intermediate_value":300.33985025857487}
{"op_code":7,"worker_id":"08f24624-e3e2-44ef-a556-87dbb207cf37-8316722560","trial_id":2,"step":3,"intermediate_value":300.418638495378}
{"op_code":7,"worker_id":"08f24624-e3e2-44ef-a556-87dbb207cf37-8316722560","trial_id":1,"step":8,"intermediate_value":286.2928089852086}
{"op_code":8,"worker_id":"08f24624-e3e2-44ef-a556-87dbb207cf37-8316722560","trial_id":1,"user_attr":{"hh_saving":{"254":326.3338961225667,"185":283.84854883794463,"230":290.8371058152132,"266":175.15087744725972,"145":324.0632366251548,"229":186.53036447517388,"300":350.79637145409714,"69":352.78207110425836}}}
{"op_code":8,"worker_id":"08f24624-e3e2-44ef-a556-87dbb207cf37-8316722560","trial_id":1,"user_attr":{"val_efc_mean":84.4642136875}}
{"op_code":8,"worker_id":"08f24624-e3e2-44ef-a556-87dbb207cf37-8316722560","trial_id":1,"user_attr":{"converged_share":1.0}}
{"op_code":8,"worker_id":"08f24624-e3e2-44ef-a556-87dbb207cf37-8316722560","trial_id":1,"user_attr":{"wall_s":375.35463404655457}}
{"op_code":6,"worker_id":"08f24624-e3e2-44ef-a556-87dbb207cf37-8316722560","trial_id":1,"state":1,"values":[286.2928089852086],"datetime_complete":"2026-10-08T04:05:51.792886"}
{"op_code":4,"worker_id":"08f24624-e3e2-44ef-a556-87dbb207cf37-8316722560","study_id":0,"datetime_start":"2026-10-08T04:08:03.246386"}
{"op_code":5,"worker_id":"08f24624-e3e2-44ef-a556-87dbb207cf37-8316722560","trial_id":3,"param_name":"lr","param_value_internal":0.00033965402163917304,"distribution":"{\"name\": \"FloatDistribution\", \"attributes\": {\"step\": null, \"low\": 0.0001, \"high\": 0.003, \"log\": true}}"}
{"op_code":5,"worker_id":"08f24624-e3e2-44ef-a556-87dbb207cf37-8316722560","trial_id":3,"param_name":"gamma","param_value_internal":0.9883036071221875,"distribution":"{\"name\": \"FloatDistribution\", \"attributes\": {\"step\": null, \"low\": 0.98, \"high\": 0.999, \"log\": false}}"}
{"op_code":5,"worker_id":"08f24624-e3e2-44ef-a556-87dbb207cf37-8316722560","trial_id":3,"param_name":"n_step","param_value_internal":0,"distribution":"{\"name\": \"CategoricalDistribution\", \"attributes\": {\"choices\": [1, 2, 4, 8, 16]}}"}
{"op_code":5,"worker_id":"08f24624-e3e2-44ef-a556-87dbb207cf37-8316722560","trial_id":3,"param_name":"batch","param_value_internal":2,"distribution":"{\"name\": \"CategoricalDistribution\", \"attributes\": {\"choices\": [64, 128, 256]}}"}
{"op_code":5,"worker_id":"08f24624-e3e2-44ef-a556-87dbb207cf37-8316722560","trial_id":3,"param_name":"target_sync","param_value_internal":2,"distribution":"{\"name\": \"CategoricalDistribution\", \"attributes\": {\"choices\": [500, 1000, 2000, 5000, 10000]}}"}
{"op_code":5,"worker_id":"08f24624-e3e2-44ef-a556-87dbb207cf37-8316722560","trial_id":3,"param_name":"eps_decay_frac","param_value_internal":0.18065475894249813,"distribution":"{\"name\": \"FloatDistribution\", \"attributes\": {\"step\": null, \"low\": 0.1, \"high\": 0.6, \"log\": false}}"}
{"op_code":5,"worker_id":"08f24624-e3e2-44ef-a556-87dbb207cf37-8316722560","trial_id":3,"param_name":"reward_scale","param_value_internal":30.57671250622815,"distribution":"{\"name\": \"FloatDistribution\", \"attributes\": {\"step\": null, \"low\": 5.0, \"high\": 80.0, \"log\": true}}"}
{"op_code":5,"worker_id":"08f24624-e3e2-44ef-a556-87dbb207cf37-8316722560","trial_id":3,"param_name":"bc_reg","param_value_internal":0.7598748076193463,"distribution":"{\"name\": \"FloatDistribution\", \"attributes\": {\"step\": null, \"low\": 0.0, \"high\": 3.0, \"log\": false}}"}
{"op_code":5,"worker_id":"08f24624-e3e2-44ef-a556-87dbb207cf37-8316722560","trial_id":3,"param_name":"bc_reg_decay_frac","param_value_internal":0.5196796955706757,"distribution":"{\"name\": \"FloatDistribution\", \"attributes\": {\"step\": null, \"low\": 0.1, \"high\": 1.0, \"log\": false}}"}
{"op_code":5,"worker_id":"08f24624-e3e2-44ef-a556-87dbb207cf37-8316722560","trial_id":3,"param_name":"bc_guide_prob","param_value_internal":0.24442559200160274,"distribution":"{\"name\": \"FloatDistribution\", \"attributes\": {\"step\": null, \"low\": 0.0, \"high\": 1.0, \"log\": false}}"}
{"op_code":8,"worker_id":"08f24624-e3e2-44ef-a556-87dbb207cf37-8316722560","trial_id":3,"user_attr":{"tag":"c47a7ad6e29bf"}}
{"op_code":8,"worker_id":"08f24624-e3e2-44ef-a556-87dbb207cf37-8316722560","trial_id":3,"user_attr":{"overrides":{"gamma":0.9883036071221875,"bc_reg":0.7598748076193463,"hidden":64,"clone_lr":0.0035623781604653747,"clone_batch":128,"clone_weight_decay":0.0001,"clone_class_power":0.13569395684118885,"clone_label_smoothing":0.05,"clone_patience":5,"lr":0.00033965402163917304,"n_step":1,"batch":256,"target_sync":2000,"eps_decay_frac":0.18065475894249813,"reward_scale":30.57671250622815,"bc_reg_decay_frac":0.5196796955706757,"bc_guide_prob":0.24442559200160274}}}
{"op_code":7,"worker_id":"08f24624-e3e2-44ef-a556-87dbb207cf37-8316722560","trial_id":2,"step":8,"intermediate_value":286.3325547670175}
{"op_code":8,"worker_id":"08f24624-e3e2-44ef-a556-87dbb207cf37-8316722560","trial_id":2,"user_attr":{"hh_saving":{"254":326.4489580346871,"185":283.95717212095167,"230":290.8497853304953,"266":176.86212237190657,"145":324.3633582609224,"229":184.115683119707,"300":352.1092803587585,"69":351.95407853871114}}}
{"op_code":8,"worker_id":"08f24624-e3e2-44ef-a556-87dbb207cf37-8316722560","trial_id":2,"user_attr":{"val_efc_mean":84.230336}}
{"op_code":8,"worker_id":"08f24624-e3e2-44ef-a556-87dbb207cf37-8316722560","trial_id":2,"user_attr":{"converged_share":0.875}}
{"op_code":8,"worker_id":"08f24624-e3e2-44ef-a556-87dbb207cf37-8316722560","trial_id":2,"user_attr":{"wall_s":470.001601934433}}
{"op_code":6,"worker_id":"08f24624-e3e2-44ef-a556-87dbb207cf37-8316722560","trial_id":2,"state":1,"values":[286.3325547670175],"datetime_complete":"2026-10-08T04:09:10.636176"}
{"op_code":4,"worker_id":"08f24624-e3e2-44ef-a556-87dbb207cf37-8316722560","study_id":0,"datetime_start":"2026-10-08T04:09:38.061003"}
{"op_code":5,"worker_id":"08f24624-e3e2-44ef-a556-87dbb207cf37-8316722560","trial_id":4,"param_name":"lr","param_value_internal":0.00017171860465888458,"distribution":"{\"name\": \"FloatDistribution\", \"attributes\": {\"step\": null, \"low\": 0.0001, \"high\": 0.003, \"log\": true}}"}
{"op_code":5,"worker_id":"08f24624-e3e2-44ef-a556-87dbb207cf37-8316722560","trial_id":4,"param_name":"gamma","param_value_internal":0.9820971276821218,"distribution":"{\"name\": \"FloatDistribution\", \"attributes\": {\"step\": null, \"low\": 0.98, \"high\": 0.999, \"log\": false}}"}
{"op_code":5,"worker_id":"08f24624-e3e2-44ef-a556-87dbb207cf37-8316722560","trial_id":4,"param_name":"n_step","param_value_internal":4,"distribution":"{\"name\": \"CategoricalDistribution\", \"attributes\": {\"choices\": [1, 2, 4, 8, 16]}}"}
{"op_code":5,"worker_id":"08f24624-e3e2-44ef-a556-87dbb207cf37-8316722560","trial_id":4,"param_name":"batch","param_value_internal":1,"distribution":"{\"name\": \"CategoricalDistribution\", \"attributes\": {\"choices\": [64, 128, 256]}}"}
{"op_code":5,"worker_id":"08f24624-e3e2-44ef-a556-87dbb207cf37-8316722560","trial_id":4,"param_name":"target_sync","param_value_internal":2,"distribution":"{\"name\": \"CategoricalDistribution\", \"attributes\": {\"choices\": [500, 1000, 2000, 5000, 10000]}}"}
{"op_code":5,"worker_id":"08f24624-e3e2-44ef-a556-87dbb207cf37-8316722560","trial_id":4,"param_name":"eps_decay_frac","param_value_internal":0.11959389612716034,"distribution":"{\"name\": \"FloatDistribution\", \"attributes\": {\"step\": null, \"low\": 0.1, \"high\": 0.6, \"log\": false}}"}
{"op_code":5,"worker_id":"08f24624-e3e2-44ef-a556-87dbb207cf37-8316722560","trial_id":4,"param_name":"reward_scale","param_value_internal":10.952254302458504,"distribution":"{\"name\": \"FloatDistribution\", \"attributes\": {\"step\": null, \"low\": 5.0, \"high\": 80.0, \"log\": true}}"}
{"op_code":5,"worker_id":"08f24624-e3e2-44ef-a556-87dbb207cf37-8316722560","trial_id":4,"param_name":"bc_reg","param_value_internal":0.3605896836395067,"distribution":"{\"name\": \"FloatDistribution\", \"attributes\": {\"step\": null, \"low\": 0.0, \"high\": 3.0, \"log\": false}}"}
{"op_code":5,"worker_id":"08f24624-e3e2-44ef-a556-87dbb207cf37-8316722560","trial_id":4,"param_name":"bc_reg_decay_frac","param_value_internal":0.36652617776993046,"distribution":"{\"name\": \"FloatDistribution\", \"attributes\": {\"step\": null, \"low\": 0.1, \"high\": 1.0, \"log\": false}}"}
{"op_code":5,"worker_id":"08f24624-e3e2-44ef-a556-87dbb207cf37-8316722560","trial_id":4,"param_name":"bc_guide_prob","param_value_internal":0.11872771895424405,"distribution":"{\"name\": \"FloatDistribution\", \"attributes\": {\"step\": null, \"low\": 0.0, \"high\": 1.0, \"log\": false}}"}
{"op_code":8,"worker_id":"08f24624-e3e2-44ef-a556-87dbb207cf37-8316722560","trial_id":4,"user_attr":{"tag":"c662125f60001"}}
{"op_code":8,"worker_id":"08f24624-e3e2-44ef-a556-87dbb207cf37-8316722560","trial_id":4,"user_attr":{"overrides":{"gamma":0.9820971276821218,"bc_reg":0.3605896836395067,"hidden":64,"clone_lr":0.0035623781604653747,"clone_batch":128,"clone_weight_decay":0.0001,"clone_class_power":0.13569395684118885,"clone_label_smoothing":0.05,"clone_patience":5,"lr":0.00017171860465888458,"n_step":16,"batch":128,"target_sync":2000,"eps_decay_frac":0.11959389612716034,"reward_scale":10.952254302458504,"bc_reg_decay_frac":0.36652617776993046,"bc_guide_prob":0.11872771895424405}}}
{"op_code":7,"worker_id":"08f24624-e3e2-44ef-a556-87dbb207cf37-8316722560","trial_id":3,"step":3,"intermediate_value":299.60589649088354}
{"op_code":7,"worker_id":"08f24624-e3e2-44ef-a556-87dbb207cf37-8316722560","trial_id":4,"step":3,"intermediate_value":299.0949210022823}
{"op_code":7,"worker_id":"08f24624-e3e2-44ef-a556-87dbb207cf37-8316722560","trial_id":3,"step":8,"intermediate_value":284.9643807584405}
{"op_code":8,"worker_id":"08f24624-e3e2-44ef-a556-87dbb207cf37-8316722560","trial_id":3,"user_attr":{"hh_saving":{"254":324.28475423119517,"185":283.6528918178617,"230":290.88004342359375,"266":171.33355418710457,"145":323.6438189604302,"229":182.07566333308645,"300":352.41412605175844,"69":351.43019406249385}}}
{"op_code":8,"worker_id":"08f24624-e3e2-44ef-a556-87dbb207cf37-8316722560","trial_id":3,"user_attr":{"val_efc_mean":84.46403087499999}}
{"op_code":8,"worker_id":"08f24624-e3e2-44ef-a556-87dbb207cf37-8316722560","trial_id":3,"user_attr":{"converged_share":1.0}}
{"op_code":8,"worker_id":"08f24624-e3e2-44ef-a556-87dbb207cf37-8316722560","trial_id":3,"user_attr":{"wall_s":407.0143868923187}}
{"op_code":6,"worker_id":"08f24624-e3e2-44ef-a556-87dbb207cf37-8316722560","trial_id":3,"state":1,"values":[284.9643807584405],"datetime_complete":"2026-10-08T04:14:50.267419"}
{"op_code":4,"worker_id":"08f24624-e3e2-44ef-a556-87dbb207cf37-8316722560","study_id":0,"datetime_start":"2026-10-08T04:17:23.263482"}
{"op_code":5,"worker_id":"08f24624-e3e2-44ef-a556-87dbb207cf37-8316722560","trial_id":5,"param_name":"lr","param_value_internal":0.000294916935807158,"distribution":"{\"name\": \"FloatDistribution\", \"attributes\": {\"step\": null, \"low\": 0.0001, \"high\": 0.003, \"log\": true}}"}
{"op_code":5,"worker_id":"08f24624-e3e2-44ef-a556-87dbb207cf37-8316722560","trial_id":5,"param_name":"gamma","param_value_internal":0.9878709968957787,"distribution":"{\"name\": \"FloatDistribution\", \"attributes\": {\"step\": null, \"low\": 0.98, \"high\": 0.999, \"log\": false}}"}
{"op_code":5,"worker_id":"08f24624-e3e2-44ef-a556-87dbb207cf37-8316722560","trial_id":5,"param_name":"n_step","param_value_internal":1,"distribution":"{\"name\": \"CategoricalDistribution\", \"attributes\": {\"choices\": [1, 2, 4, 8, 16]}}"}
{"op_code":5,"worker_id":"08f24624-e3e2-44ef-a556-87dbb207cf37-8316722560","trial_id":5,"param_name":"batch","param_value_internal":2,"distribution":"{\"name\": \"CategoricalDistribution\", \"attributes\": {\"choices\": [64, 128, 256]}}"}
{"op_code":5,"worker_id":"08f24624-e3e2-44ef-a556-87dbb207cf37-8316722560","trial_id":5,"param_name":"target_sync","param_value_internal":3,"distribution":"{\"name\": \"CategoricalDistribution\", \"attributes\": {\"choices\": [500, 1000, 2000, 5000, 10000]}}"}
{"op_code":5,"worker_id":"08f24624-e3e2-44ef-a556-87dbb207cf37-8316722560","trial_id":5,"param_name":"eps_decay_frac","param_value_internal":0.19159568100355842,"distribution":"{\"name\": \"FloatDistribution\", \"attributes\": {\"step\": null, \"low\": 0.1, \"high\": 0.6, \"log\": false}}"}
{"op_code":5,"worker_id":"08f24624-e3e2-44ef-a556-87dbb207cf37-8316722560","trial_id":5,"param_name":"reward_scale","param_value_internal":25.421545460325902,"distribution":"{\"name\": \"FloatDistribution\", \"attributes\": {\"step\": null, \"low\": 5.0, \"high\": 80.0, \"log\": true}}"}
{"op_code":5,"worker_id":"08f24624-e3e2-44ef-a556-87dbb207cf37-8316722560","trial_id":5,"param_name":"bc_reg","param_value_internal":0.06032263856248066,"distribution":"{\"name\": \"FloatDistribution\", \"attributes\": {\"step\": null, \"low\": 0.0, \"high\": 3.0, \"log\": false}}"}
{"op_code":5,"worker_id":"08f24624-e3e2-44ef-a556-87dbb207cf37-8316722560","trial_id":5,"param_name":"bc_reg_decay_frac","param_value_internal":0.8460460262956269,"distribution":"{\"name\": \"FloatDistribution\", \"attributes\": {\"step\": null, \"low\": 0.1, \"high\": 1.0, \"log\": false}}"}
{"op_code":5,"worker_id":"08f24624-e3e2-44ef-a556-87dbb207cf37-8316722560","trial_id":5,"param_name":"bc_guide_prob","param_value_internal":0.004695476192547066,"distribution":"{\"name\": \"FloatDistribution\", \"attributes\": {\"step\": null, \"low\": 0.0, \"high\": 1.0, \"log\": false}}"}
{"op_code":8,"worker_id":"08f24624-e3e2-44ef-a556-87dbb207cf37-8316722560","trial_id":5,"user_attr":{"tag":"c4d18797ce71a"}}
{"op_code":8,"worker_id":"08f24624-e3e2-44ef-a556-87dbb207cf37-8316722560","trial_id":5,"user_attr":{"overrides":{"gamma":0.9878709968957787,"bc_reg":0.06032263856248066,"hidden":64,"clone_lr":0.0035623781604653747,"clone_batch":128,"clone_weight_decay":0.0001,"clone_class_power":0.13569395684118885,"clone_label_smoothing":0.05,"clone_patience":5,"lr":0.000294916935807158,"n_step":2,"batch":256,"target_sync":5000,"eps_decay_frac":0.19159568100355842,"reward_scale":25.421545460325902,"bc_reg_decay_frac":0.8460460262956269,"bc_guide_prob":0.004695476192547066}}}
{"op_code":7,"worker_id":"08f24624-e3e2-44ef-a556-87dbb207cf37-8316722560","trial_id":4,"step":8,"intermediate_value":285.20480228463055}
{"op_code":8,"worker_id":"08f24624-e3e2-44ef-a556-87dbb207cf37-8316722560","trial_id":4,"user_attr":{"hh_saving":{"254":323.59290730666106,"185":283.340796170477,"230":290.35105952970883,"266":171.98521124630454,"145":325.709771427499,"229":183.66155924959685,"300":349.9880588061944,"69":353.00905454060285}}}
{"op_code":8,"worker_id":"08f24624-e3e2-44ef-a556-87dbb207cf37-8316722560","trial_id":4,"user_attr":{"val_efc_mean":83.98610603124999}}
{"op_code":8,"worker_id":"08f24624-e3e2-44ef-a556-87dbb207cf37-8316722560","trial_id":4,"user_attr":{"converged_share":1.0}}
{"op_code":8,"worker_id":"08f24624-e3e2-44ef-a556-87dbb207cf37-8316722560","trial_id":4,"user_attr":{"wall_s":482.9882309436798}}
{"op_code":6,"worker_id":"08f24624-e3e2-44ef-a556-87dbb207cf37-8316722560","trial_id":4,"state":1,"values":[285.20480228463055],"datetime_complete":"2026-10-08T04:17:41.055565"}
{"op_code":4,"worker_id":"08f24624-e3e2-44ef-a556-87dbb207cf37-8316722560","study_id":0,"datetime_start":"2026-10-08T04:19:11.836021"}
{"op_code":5,"worker_id":"08f24624-e3e2-44ef-a556-87dbb207cf37-8316722560","trial_id":6,"param_name":"lr","param_value_internal":0.001002806668544501,"distribution":"{\"name\": \"FloatDistribution\", \"attributes\": {\"step\": null, \"low\": 0.0001, \"high\": 0.003, \"log\": true}}"}
{"op_code":5,"worker_id":"08f24624-e3e2-44ef-a556-87dbb207cf37-8316722560","trial_id":6,"param_name":"gamma","param_value_internal":0.9851301514906511,"distribution":"{\"name\": \"FloatDistribution\", \"attributes\": {\"step\": null, \"low\": 0.98, \"high\": 0.999, \"log\": false}}"}
{"op_code":5,"worker_id":"08f24624-e3e2-44ef-a556-87dbb207cf37-8316722560","trial_id":6,"param_name":"n_step","param_value_internal":1,"distribution":"{\"name\": \"CategoricalDistribution\", \"attributes\": {\"choices\": [1, 2, 4, 8, 16]}}"}
{"op_code":5,"worker_id":"08f24624-e3e2-44ef-a556-87dbb207cf37-8316722560","trial_id":6,"param_name":"batch","param_value_internal":2,"distribution":"{\"name\": \"CategoricalDistribution\", \"attributes\": {\"choices\": [64, 128, 256]}}"}
{"op_code":5,"worker_id":"08f24624-e3e2-44ef-a556-87dbb207cf37-8316722560","trial_id":6,"param_name":"target_sync","param_value_internal":1,"distribution":"{\"name\": \"CategoricalDistribution\", \"attributes\": {\"choices\": [500, 1000, 2000, 5000, 10000]}}"}
{"op_code":5,"worker_id":"08f24624-e3e2-44ef-a556-87dbb207cf37-8316722560","trial_id":6,"param_name":"eps_decay_frac","param_value_internal":0.29825287042349236,"distribution":"{\"name\": \"FloatDistribution\", \"attributes\": {\"step\": null, \"low\": 0.1, \"high\": 0.6, \"log\": false}}"}
{"op_code":5,"worker_id":"08f24624-e3e2-44ef-a556-87dbb207cf37-8316722560","trial_id":6,"param_name":"reward_scale","param_value_internal":57.533920745492274,"distribution":"{\"name\": \"FloatDistribution\", \"attributes\": {\"step\": null, \"low\": 5.0, \"high\": 80.0, \"log\": true}}"}
{"op_code":5,"worker_id":"08f24624-e3e2-44ef-a556-87dbb207cf37-8316722560","trial_id":6,"param_name":"bc_reg","param_value_internal":1.743818617907576,"distribution":"{\"name\": \"FloatDistribution\", \"attributes\": {\"step\": null, \"low\": 0.0, \"high\": 3.0, \"log\": false}}"}
{"op_code":5,"worker_id":"08f24624-e3e2-44ef-a556-87dbb207cf37-8316722560","trial_id":6,"param_name":"bc_reg_decay_frac","param_value_internal":0.8935618256693676,"distribution":"{\"name\": \"FloatDistribution\", \"attributes\": {\"step\": null, \"low\": 0.1, \"high\": 1.0, \"log\": false}}"}
{"op_code":5,"worker_id":"08f24624-e3e2-44ef-a556-87dbb207cf37-8316722560","trial_id":6,"param_name":"bc_guide_prob","param_value_internal":0.6925315900777659,"distribution":"{\"name\": \"FloatDistribution\", \"attributes\": {\"step\": null, \"low\": 0.0, \"high\": 1.0, \"log\": false}}"}
{"op_code":8,"worker_id":"08f24624-e3e2-44ef-a556-87dbb207cf37-8316722560","trial_id":6,"user_attr":{"tag":"c4c82657f25fb"}}
{"op_code":8,"worker_id":"08f24624-e3e2-44ef-a556-87dbb207cf37-8316722560","trial_id":6,"user_attr":{"overrides":{"gamma":0.9851301514906511,"bc_reg":1.743818617907576,"hidden":64,"clone_lr":0.0035623781604653747,"clone_batch":128,"clone_weight_decay":0.0001,"clone_class_power":0.13569395684118885,"clone_label_smoothing":0.05,"clone_patience":5,"lr":0.001002806668544501,"n_step":2,"batch":256,"target_sync":1000,"eps_decay_frac":0.29825287042349236,"reward_scale":57.533920745492274,"bc_reg_decay_frac":0.8935618256693676,"bc_guide_prob":0.6925315900777659}}}
{"op_code":7,"worker_id":"08f24624-e3e2-44ef-a556-87dbb207cf37-8316722560","trial_id":5,"step":3,"intermediate_value":282.13598204083195}
{"op_code":8,"worker_id":"08f24624-e3e2-44ef-a556-87dbb207cf37-8316722560","trial_id":5,"user_attr":{"hh_saving":{"254":304.50833086054547,"185":267.2847558399797,"230":274.6148594219706}}}
{"op_code":8,"worker_id":"08f24624-e3e2-44ef-a556-87dbb207cf37-8316722560","trial_id":5,"user_attr":{"val_efc_mean":84.47371316666666}}
{"op_code":8,"worker_id":"08f24624-e3e2-44ef-a556-87dbb207cf37-8316722560","trial_id":5,"user_attr":{"converged_share":1.0}}
{"op_code":8,"worker_id":"08f24624-e3e2-44ef-a556-87dbb207cf37-8316722560","trial_id":5,"user_attr":{"wall_s":178.6459720134735}}
{"op_code":6,"worker_id":"08f24624-e3e2-44ef-a556-87dbb207cf37-8316722560","trial_id":5,"state":2,"values":[282.13598204083195],"datetime_complete":"2026-10-08T04:20:21.915734"}
{"op_code":4,"worker_id":"08f24624-e3e2-44ef-a556-87dbb207cf37-8316722560","study_id":0,"datetime_start":"2026-10-08T04:22:19.237250"}
{"op_code":5,"worker_id":"08f24624-e3e2-44ef-a556-87dbb207cf37-8316722560","trial_id":7,"param_name":"lr","param_value_internal":0.0011783885441240178,"distribution":"{\"name\": \"FloatDistribution\", \"attributes\": {\"step\": null, \"low\": 0.0001, \"high\": 0.003, \"log\": true}}"}
{"op_code":5,"worker_id":"08f24624-e3e2-44ef-a556-87dbb207cf37-8316722560","trial_id":7,"param_name":"gamma","param_value_internal":0.9895251632566073,"distribution":"{\"name\": \"FloatDistribution\", \"attributes\": {\"step\": null, \"low\": 0.98, \"high\": 0.999, \"log\": false}}"}
{"op_code":5,"worker_id":"08f24624-e3e2-44ef-a556-87dbb207cf37-8316722560","trial_id":7,"param_name":"n_step","param_value_internal":0,"distribution":"{\"name\": \"CategoricalDistribution\", \"attributes\": {\"choices\": [1, 2, 4, 8, 16]}}"}
{"op_code":5,"worker_id":"08f24624-e3e2-44ef-a556-87dbb207cf37-8316722560","trial_id":7,"param_name":"batch","param_value_internal":1,"distribution":"{\"name\": \"CategoricalDistribution\", \"attributes\": {\"choices\": [64, 128, 256]}}"}
{"op_code":5,"worker_id":"08f24624-e3e2-44ef-a556-87dbb207cf37-8316722560","trial_id":7,"param_name":"target_sync","param_value_internal":0,"distribution":"{\"name\": \"CategoricalDistribution\", \"attributes\": {\"choices\": [500, 1000, 2000, 5000, 10000]}}"}
{"op_code":5,"worker_id":"08f24624-e3e2-44ef-a556-87dbb207cf37-8316722560","trial_id":7,"param_name":"eps_decay_frac","param_value_internal":0.3954363806240866,"distribution":"{\"name\": \"FloatDistribution\", \"attributes\": {\"step\": null, \"low\": 0.1, \"high\": 0.6, \"log\": false}}"}
{"op_code":5,"worker_id":"08f24624-e3e2-44ef-a556-87dbb207cf37-8316722560","trial_id":7,"param_name":"reward_scale","param_value_internal":24.57686664679821,"distribution":"{\"name\": \"FloatDistribution\", \"attributes\": {\"step\": null, \"low\": 5.0, \"high\": 80.0, \"log\": true}}"}
{"op_code":5,"worker_id":"08f24624-e3e2-44ef-a556-87dbb207cf37-8316722560","trial_id":7,"param_name":"bc_reg","param_value_internal":1.9596024595714008,"distribution":"{\"name\": \"FloatDistribution\", \"attributes\": {\"step\": null, \"low\": 0.0, \"high\": 3.0, \"log\": false}}"}
{"op_code":5,"worker_id":"08f24624-e3e2-44ef-a556-87dbb207cf37-8316722560","trial_id":7,"param_name":"bc_reg_decay_frac","param_value_internal":0.68689294300152,"distribution":"{\"name\": \"FloatDistribution\", \"attributes\": {\"step\": null, \"low\": 0.1, \"high\": 1.0, \"log\": false}}"}
{"op_code":5,"worker_id":"08f24624-e3e2-44ef-a556-87dbb207cf37-8316722560","trial_id":7,"param_name":"bc_guide_prob","param_value_internal":0.43141843543397396,"distribution":"{\"name\": \"FloatDistribution\", \"attributes\": {\"step\": null, \"low\": 0.0, \"high\": 1.0, \"log\": false}}"}
{"op_code":8,"worker_id":"08f24624-e3e2-44ef-a556-87dbb207cf37-8316722560","trial_id":7,"user_attr":{"tag":"cb9a3e20d0085"}}
{"op_code":8,"worker_id":"08f24624-e3e2-44ef-a556-87dbb207cf37-8316722560","trial_id":7,"user_attr":{"overrides":{"gamma":0.9895251632566073,"bc_reg":1.9596024595714008,"hidden":64,"clone_lr":0.0035623781604653747,"clone_batch":128,"clone_weight_decay":0.0001,"clone_class_power":0.13569395684118885,"clone_label_smoothing":0.05,"clone_patience":5,"lr":0.0011783885441240178,"n_step":1,"batch":128,"target_sync":500,"eps_decay_frac":0.3954363806240866,"reward_scale":24.57686664679821,"bc_reg_decay_frac":0.68689294300152,"bc_guide_prob":0.43141843543397396}}}
{"op_code":7,"worker_id":"08f24624-e3e2-44ef-a556-87dbb207cf37-8316722560","trial_id":6,"step":3,"intermediate_value":300.0989419199232}
{"op_code":7,"worker_id":"08f24624-e3e2-44ef-a556-87dbb207cf37-8316722560","trial_id":7,"step":3,"intermediate_value":300.39747746778494}
{"op_code":7,"worker_id":"08f24624-e3e2-44ef-a556-87dbb207cf37-8316722560","trial_id":6,"step":8,"intermediate_value":286.429815781095}
{"op_code":8,"worker_id":"08f24624-e3e2-44ef-a556-87dbb207cf37-8316722560","trial_id":6,"user_attr":{"hh_saving":{"254":325.3321344050356,"185":283.9706072869746,"230":290.99408406775956,"266":176.41104970837145,"145":323.87016906439715,"229":184.72578335300548,"300":353.2633876800476,"69":352.8713106831685}}}
{"op_code":8,"worker_id":"08f24624-e3e2-44ef-a556-87dbb207cf37-8316722560","trial_id":6,"user_attr":{"val_efc_mean":84.7097096875}}
{"op_code":8,"worker_id":"08f24624-e3e2-44ef-a556-87dbb207cf37-8316722560","trial_id":6,"user_attr":{"converged_share":1.0}}
{"op_code":8,"worker_id":"08f24624-e3e2-44ef-a556-87dbb207cf37-8316722560","trial_id":6,"user_attr":{"wall_s":613.9865682125092}}
{"op_code":6,"worker_id":"08f24624-e3e2-44ef-a556-87dbb207cf37-8316722560","trial_id":6,"state":1,"values":[286.429815781095],"datetime_complete":"2026-10-08T04:29:25.828883"}
{"op_code":4,"worker_id":"08f24624-e3e2-44ef-a556-87dbb207cf37-8316722560","study_id":0,"datetime_start":"2026-10-08T04:30:08.872327"}
{"op_code":5,"worker_id":"08f24624-e3e2-44ef-a556-87dbb207cf37-8316722560","trial_id":8,"param_name":"lr","param_value_internal":0.0021101242697139136,"distribution":"{\"name\": \"FloatDistribution\", \"attributes\": {\"step\": null, \"low\": 0.0001, \"high\": 0.003, \"log\": true}}"}
{"op_code":5,"worker_id":"08f24624-e3e2-44ef-a556-87dbb207cf37-8316722560","trial_id":8,"param_name":"gamma","param_value_internal":0.98698367553091,"distribution":"{\"name\": \"FloatDistribution\", \"attributes\": {\"step\": null, \"low\": 0.98, \"high\": 0.999, \"log\": false}}"}
{"op_code":5,"worker_id":"08f24624-e3e2-44ef-a556-87dbb207cf37-8316722560","trial_id":8,"param_name":"n_step","param_value_internal":1,"distribution":"{\"name\": \"CategoricalDistribution\", \"attributes\": {\"choices\": [1, 2, 4, 8, 16]}}"}
{"op_code":5,"worker_id":"08f24624-e3e2-44ef-a556-87dbb207cf37-8316722560","trial_id":8,"param_name":"batch","param_value_internal":2,"distribution":"{\"name\": \"CategoricalDistribution\", \"attributes\": {\"choices\": [64, 128, 256]}}"}
{"op_code":5,"worker_id":"08f24624-e3e2-44ef-a556-87dbb207cf37-8316722560","trial_id":8,"param_name":"target_sync","param_value_internal":1,"distribution":"{\"name\": \"CategoricalDistribution\", \"attributes\": {\"choices\": [500, 1000, 2000, 5000, 10000]}}"}
{"op_code":5,"worker_id":"08f24624-e3e2-44ef-a556-87dbb207cf37-8316722560","trial_id":8,"param_name":"eps_decay_frac","param_value_internal":0.5240041146611172,"distribution":"{\"name\": \"FloatDistribution\", \"attributes\": {\"step\": null, \"low\": 0.1, \"high\": 0.6, \"log\": false}}"}
{"op_code":5,"worker_id":"08f24624-e3e2-44ef-a556-87dbb207cf37-8316722560","trial_id":8,"param_name":"reward_scale","param_value_internal":46.889855557637496,"distribution":"{\"name\": \"FloatDistribution\", \"attributes\": {\"step\": null, \"low\": 5.0, \"high\": 80.0, \"log\": true}}"}
{"op_code":5,"worker_id":"08f24624-e3e2-44ef-a556-87dbb207cf37-8316722560","trial_id":8,"param_name":"bc_reg","param_value_internal":1.70730221584378,"distribution":"{\"name\": \"FloatDistribution\", \"attributes\": {\"step\": null, \"low\": 0.0, \"high\": 3.0, \"log\": false}}"}
{"op_code":5,"worker_id":"08f24624-e3e2-44ef-a556-87dbb207cf37-8316722560","trial_id":8,"param_name":"bc_reg_decay_frac","param_value_internal":0.4664649675033997,"distribution":"{\"name\": \"FloatDistribution\", \"attributes\": {\"step\": null, \"low\": 0.1, \"high\": 1.0, \"log\": false}}"}
{"op_code":5,"worker_id":"08f24624-e3e2-44ef-a556-87dbb207cf37-8316722560","trial_id":8,"param_name":"bc_guide_prob","param_value_internal":0.06916699545513805,"distribution":"{\"name\": \"FloatDistribution\", \"attributes\": {\"step\": null, \"low\": 0.0, \"high\": 1.0, \"log\": false}}"}
{"op_code":8,"worker_id":"08f24624-e3e2-44ef-a556-87dbb207cf37-8316722560","trial_id":8,"user_attr":{"tag":"cadca0f59e63d"}}
{"op_code":8,"worker_id":"08f24624-e3e2-44ef-a556-87dbb207cf37-8316722560","trial_id":8,"user_attr":{"overrides":{"gamma":0.98698367553091,"bc_reg":1.70730221584378,"hidden":64,"clone_lr":0.0035623781604653747,"clone_batch":128,"clone_weight_decay":0.0001,"clone_class_power":0.13569395684118885,"clone_label_smoothing":0.05,"clone_patience":5,"lr":0.0021101242697139136,"n_step":2,"batch":256,"target_sync":1000,"eps_decay_frac":0.5240041146611172,"reward_scale":46.889855557637496,"bc_reg_decay_frac":0.4664649675033997,"bc_guide_prob":0.06916699545513805}}}
{"op_code":7,"worker_id":"08f24624-e3e2-44ef-a556-87dbb207cf37-8316722560","trial_id":7,"step":8,"intermediate_value":286.42188692792047}
{"op_code":8,"worker_id":"08f24624-e3e2-44ef-a556-87dbb207cf37-8316722560","trial_id":7,"user_attr":{"hh_saving":{"254":325.6470664720636,"185":284.2599105319062,"230":291.28545539938494,"266":177.94297191546127,"145":324.08529350200706,"229":183.34180108089805,"300":353.4135462300775,"69":351.39905029156495}}}
{"op_code":8,"worker_id":"08f24624-e3e2-44ef-a556-87dbb207cf37-8316722560","trial_id":7,"user_attr":{"val_efc_mean":84.62684303125}}
{"op_code":8,"worker_id":"08f24624-e3e2-44ef-a556-87dbb207cf37-8316722560","trial_id":7,"user_attr":{"converged_share":1.0}}
{"op_code":8,"worker_id":"08f24624-e3e2-44ef-a556-87dbb207cf37-8316722560","trial_id":7,"user_attr":{"wall_s":536.2972531318665}}
{"op_code":6,"worker_id":"08f24624-e3e2-44ef-a556-87dbb207cf37-8316722560","trial_id":7,"state":1,"values":[286.42188692792047],"datetime_complete":"2026-10-08T04:31:15.541119"}
{"op_code":4,"worker_id":"08f24624-e3e2-44ef-a556-87dbb207cf37-8316722560","study_id":0,"datetime_start":"2026-10-08T04:31:36.621050"}
{"op_code":5,"worker_id":"08f24624-e3e2-44ef-a556-87dbb207cf37-8316722560","trial_id":9,"param_name":"lr","param_value_internal":0.0010719804484767977,"distribution":"{\"name\": \"FloatDistribution\", \"attributes\": {\"step\": null, \"low\": 0.0001, \"high\": 0.003, \"log\": true}}"}
{"op_code":5,"worker_id":"08f24624-e3e2-44ef-a556-87dbb207cf37-8316722560","trial_id":9,"param_name":"gamma","param_value_internal":0.9886173109708833,"distribution":"{\"name\": \"FloatDistribution\", \"attributes\": {\"step\": null, \"low\": 0.98, \"high\": 0.999, \"log\": false}}"}
{"op_code":5,"worker_id":"08f24624-e3e2-44ef-a556-87dbb207cf37-8316722560","trial_id":9,"param_name":"n_step","param_value_internal":2,"distribution":"{\"name\": \"CategoricalDistribution\", \"attributes\": {\"choices\": [1, 2, 4, 8, 16]}}"}
{"op_code":5,"worker_id":"08f24624-e3e2-44ef-a556-87dbb207cf37-8316722560","trial_id":9,"param_name":"batch","param_value_internal":1,"distribution":"{\"name\": \"CategoricalDistribution\", \"attributes\": {\"choices\": [64, 128, 256]}}"}
{"op_code":5,"worker_id":"08f24624-e3e2-44ef-a556-87dbb207cf37-8316722560","trial_id":9,"param_name":"target_sync","param_value_internal":4,"distribution":"{\"name\": \"CategoricalDistribution\", \"attributes\": {\"choices\": [500, 1000, 2000, 5000, 10000]}}"}
{"op_code":5,"worker_id":"08f24624-e3e2-44ef-a556-87dbb207cf37-8316722560","trial_id":9,"param_name":"eps_decay_frac","param_value_internal":0.21196234403019007,"distribution":"{\"name\": \"FloatDistribution\", \"attributes\": {\"step\": null, \"low\": 0.1, \"high\": 0.6, \"log\": false}}"}
{"op_code":5,"worker_id":"08f24624-e3e2-44ef-a556-87dbb207cf37-8316722560","trial_id":9,"param_name":"reward_scale","param_value_internal":13.026113683825711,"distribution":"{\"name\": \"FloatDistribution\", \"attributes\": {\"step\": null, \"low\": 5.0, \"high\": 80.0, \"log\": true}}"}
{"op_code":5,"worker_id":"08f24624-e3e2-44ef-a556-87dbb207cf37-8316722560","trial_id":9,"param_name":"bc_reg","param_value_internal":2.7842438803967724,"distribution":"{\"name\": \"FloatDistribution\", \"attributes\": {\"step\": null, \"low\": 0.0, \"high\": 3.0, \"log\": false}}"}
{"op_code":5,"worker_id":"08f24624-e3e2-44ef-a556-87dbb207cf37-8316722560","trial_id":9,"param_name":"bc_reg_decay_frac","param_value_internal":0.7339729617311795,"distribution":"{\"name\": \"FloatDistribution\", \"attributes\": {\"step\": null, \"low\": 0.1, \"high\": 1.0, \"log\": false}}"}
{"op_code":5,"worker_id":"08f24624-e3e2-44ef-a556-87dbb207cf37-8316722560","trial_id":9,"param_name":"bc_guide_prob","param_value_internal":0.03183892953130785,"distribution":"{\"name\": \"FloatDistribution\", \"attributes\": {\"step\": null, \"low\": 0.0, \"high\": 1.0, \"log\": false}}"}
{"op_code":8,"worker_id":"08f24624-e3e2-44ef-a556-87dbb207cf37-8316722560","trial_id":9,"user_attr":{"tag":"ca5c70726932c"}}
{"op_code":8,"worker_id":"08f24624-e3e2-44ef-a556-87dbb207cf37-8316722560","trial_id":9,"user_attr":{"overrides":{"gamma":0.9886173109708833,"bc_reg":2.7842438803967724,"hidden":64,"clone_lr":0.0035623781604653747,"clone_batch":128,"clone_weight_decay":0.0001,"clone_class_power":0.13569395684118885,"clone_label_smoothing":0.05,"clone_patience":5,"lr":0.0010719804484767977,"n_step":4,"batch":128,"target_sync":10000,"eps_decay_frac":0.21196234403019007,"reward_scale":13.026113683825711,"bc_reg_decay_frac":0.7339729617311795,"bc_guide_prob":0.03183892953130785}}}
{"op_code":7,"worker_id":"08f24624-e3e2-44ef-a556-87dbb207cf37-8316722560","trial_id":8,"step":3,"intermediate_value":300.54551474712275}
{"op_code":7,"worker_id":"08f24624-e3e2-44ef-a556-87dbb207cf37-8316722560","trial_id":9,"step":3,"intermediate_value":300.3546959980703}
{"op_code":7,"worker_id":"08f24624-e3e2-44ef-a556-87dbb207cf37-8316722560","trial_id":8,"step":8,"intermediate_value":286.3243982205431}
{"op_code":8,"worker_id":"08f24624-e3e2-44ef-a556-87dbb207cf37-8316722560","trial_id":8,"user_attr":{"hh_saving":{"254":326.25136474271716,"185":284.2307874905724,"230":291.1543920080787,"266":173.7990492324031,"145":324.3171925042748,"229":182.5000388919239,"300":354.56992920080916,"69":353.77243169356575}}}
{"op_code":8,"worker_id":"08f24624-e3e2-44ef-a556-87dbb207cf37-8316722560","trial_id":8,"user_attr":{"val_efc_mean":85.197720125}}
{"op_code":8,"worker_id":"08f24624-e3e2-44ef-a556-87dbb207cf37-8316722560","trial_id":8,"user_attr":{"converged_share":1.0}}
{"op_code":8,"worker_id":"08f24624-e3e2-44ef-a556-87dbb207cf37-8316722560","trial_id":8,"user_attr":{"wall_s":474.9388999938965}}
{"op_code":6,"worker_id":"08f24624-e3e2-44ef-a556-87dbb207cf37-8316722560","trial_id":8,"state":1,"values":[286.3243982205431],"datetime_complete":"2026-10-08T04:38:03.817738"}
{"op_code":4,"worker_id":"08f24624-e3e2-44ef-a556-87dbb207cf37-8316722560","study_id":0,"datetime_start":"2026-10-08T04:39:02.454604"}
{"op_code":5,"worker_id":"08f24624-e3e2-44ef-a556-87dbb207cf37-8316722560","trial_id":10,"param_name":"lr","param_value_internal":0.00017509479620199023,"distribution":"{\"name\": \"FloatDistribution\", \"attributes\": {\"step\": null, \"low\": 0.0001, \"high\": 0.003, \"log\": true}}"}
{"op_code":5,"worker_id":"08f24624-e3e2-44ef-a556-87dbb207cf37-8316722560","trial_id":10,"param_name":"gamma","param_value_internal":0.9918080896284955,"distribution":"{\"name\": \"FloatDistribution\", \"attributes\": {\"step\": null, \"low\": 0.98, \"high\": 0.999, \"log\": false}}"}
{"op_code":5,"worker_id":"08f24624-e3e2-44ef-a556-87dbb207cf37-8316722560","trial_id":10,"param_name":"n_step","param_value_internal":2,"distribution":"{\"name\": \"CategoricalDistribution\", \"attributes\": {\"choices\": [1, 2, 4, 8, 16]}}"}
{"op_code":5,"worker_id":"08f24624-e3e2-44ef-a556-87dbb207cf37-8316722560","trial_id":10,"param_name":"batch","param_value_internal":1,"distribution":"{\"name\": \"CategoricalDistribution\", \"attributes\": {\"choices\": [64, 128, 256]}}"}
{"op_code":5,"worker_id":"08f24624-e3e2-44ef-a556-87dbb207cf37-8316722560","trial_id":10,"param_name":"target_sync","param_value_internal":3,"distribution":"{\"name\": \"CategoricalDistribution\", \"attributes\": {\"choices\": [500, 1000, 2000, 5000, 10000]}}"}
{"op_code":5,"worker_id":"08f24624-e3e2-44ef-a556-87dbb207cf37-8316722560","trial_id":10,"param_name":"eps_decay_frac","param_value_internal":0.34522940430878357,"distribution":"{\"name\": \"FloatDistribution\", \"attributes\": {\"step\": null, \"low\": 0.1, \"high\": 0.6, \"log\": false}}"}
{"op_code":5,"worker_id":"08f24624-e3e2-44ef-a556-87dbb207cf37-8316722560","trial_id":10,"param_name":"reward_scale","param_value_internal":9.3930038907027,"distribution":"{\"name\": \"FloatDistribution\", \"attributes\": {\"step\": null, \"low\": 5.0, \"high\": 80.0, \"log\": true}}"}
{"op_code":5,"worker_id":"08f24624-e3e2-44ef-a556-87dbb207cf37-8316722560","trial_id":10,"param_name":"bc_reg","param_value_internal":0.7630694453111788,"distribution":"{\"name\": \"FloatDistribution\", \"attributes\": {\"step\": null, \"low\": 0.0, \"high\": 3.0, \"log\": false}}"}
{"op_code":5,"worker_id":"08f24624-e3e2-44ef-a556-87dbb207cf37-8316722560","trial_id":10,"param_name":"bc_reg_decay_frac","param_value_internal":0.15222624429148807,"distribution":"{\"name\": \"FloatDistribution\", \"attributes\": {\"step\": null, \"low\": 0.1, \"high\": 1.0, \"log\": false}}"}
{"op_code":5,"worker_id":"08f24624-e3e2-44ef-a556-87dbb207cf37-8316722560","trial_id":10,"param_name":"bc_guide_prob","param_value_internal":0.4344166255581208,"distribution":"{\"name\": \"FloatDistribution\", \"attributes\": {\"step\": null, \"low\": 0.0, \"high\": 1.0, \"log\": false}}"}
{"op_code":8,"worker_id":"08f24624-e3e2-44ef-a556-87dbb207cf37-8316722560","trial_id":10,"user_attr":{"tag":"cf7cd1809d8fb"}}
{"op_code":8,"worker_id":"08f24624-e3e2-44ef-a556-87dbb207cf37-8316722560","trial_id":10,"user_attr":{"overrides":{"gamma":0.9918080896284955,"bc_reg":0.7630694453111788,"hidden":64,"clone_lr":0.0035623781604653747,"clone_batch":128,"clone_weight_decay":0.0001,"clone_class_power":0.13569395684118885,"clone_label_smoothing":0.05,"clone_patience":5,"lr":0.00017509479620199023,"n_step":4,"batch":128,"target_sync":5000,"eps_decay_frac":0.34522940430878357,"reward_scale":9.3930038907027,"bc_reg_decay_frac":0.15222624429148807,"bc_guide_prob":0.4344166255581208}}}
{"op_code":7,"worker_id":"08f24624-e3e2-44ef-a556-87dbb207cf37-8316722560","trial_id":9,"step":8,"intermediate_value":286.5140340507556}
{"op_code":8,"worker_id":"08f24624-e3e2-44ef-a556-87dbb207cf37-8316722560","trial_id":9,"user_attr":{"hh_saving":{"254":326.6718109090996,"185":283.80400925938403,"230":290.5882678257273,"266":178.2323927454178,"145":324.47999903275166,"229":182.84591528611463,"300":352.4949999505805,"69":352.994877396969}}}
{"op_code":8,"worker_id":"08f24624-e3e2-44ef-a556-87dbb207cf37-8316722560","trial_id":9,"user_attr":{"val_efc_mean":84.70097409375}}
{"op_code":8,"worker_id":"08f24624-e3e2-44ef-a556-87dbb207cf37-8316722560","trial_id":9,"user_attr":{"converged_share":1.0}}
{"op_code":8,"worker_id":"08f24624-e3e2-44ef-a556-87dbb207cf37-8316722560","trial_id":9,"user_attr":{"wall_s":490.05927896499634}}
{"op_code":6,"worker_id":"08f24624-e3e2-44ef-a556-87dbb207cf37-8316722560","trial_id":9,"state":1,"values":[286.5140340507556],"datetime_complete":"2026-10-08T04:39:46.686480"}
{"op_code":4,"worker_id":"08f24624-e3e2-44ef-a556-87dbb207cf37-8316722560","study_id":0,"datetime_start":"2026-10-08T04:40:50.918941"}
{"op_code":9,"worker_id":"08f24624-e3e2-44ef-a556-87dbb207cf37-8316722560","trial_id":11,"system_attr":{"tpe:relative_params:0":"{\"batch\": 256, \"bc_guide_prob\": 0.005100561643242296, \"bc_reg\": 1.915956082908684, \"bc_reg_decay_frac\": 0.9227656655403542, \"eps_decay_frac\": 0.12913860594921492, \"gamma\": 0.9893259933498003, \"lr\": 0.0016448139517504208, \"n_step\": 4, \"reward_scale\": 7.354208134392578, \"target_sync\": 500}"}}
{"op_code":5,"worker_id":"08f24624-e3e2-44ef-a556-87dbb207cf37-8316722560","trial_id":11,"param_name":"lr","param_value_internal":0.0016448139517504208,"distribution":"{\"name\": \"FloatDistribution\", \"attributes\": {\"step\": null, \"low\": 0.0001, \"high\": 0.003, \"log\": true}}"}
{"op_code":5,"worker_id":"08f24624-e3e2-44ef-a556-87dbb207cf37-8316722560","trial_id":11,"param_name":"gamma","param_value_internal":0.9893259933498003,"distribution":"{\"name\": \"FloatDistribution\", \"attributes\": {\"step\": null, \"low\": 0.98, \"high\": 0.999, \"log\": false}}"}
{"op_code":5,"worker_id":"08f24624-e3e2-44ef-a556-87dbb207cf37-8316722560","trial_id":11,"param_name":"n_step","param_value_internal":2,"distribution":"{\"name\": \"CategoricalDistribution\", \"attributes\": {\"choices\": [1, 2, 4, 8, 16]}}"}
{"op_code":5,"worker_id":"08f24624-e3e2-44ef-a556-87dbb207cf37-8316722560","trial_id":11,"param_name":"batch","param_value_internal":2,"distribution":"{\"name\": \"CategoricalDistribution\", \"attributes\": {\"choices\": [64, 128, 256]}}"}
{"op_code":5,"worker_id":"08f24624-e3e2-44ef-a556-87dbb207cf37-8316722560","trial_id":11,"param_name":"target_sync","param_value_internal":0,"distribution":"{\"name\": \"CategoricalDistribution\", \"attributes\": {\"choices\": [500, 1000, 2000, 5000, 10000]}}"}
{"op_code":5,"worker_id":"08f24624-e3e2-44ef-a556-87dbb207cf37-8316722560","trial_id":11,"param_name":"eps_decay_frac","param_value_internal":0.12913860594921492,"distribution":"{\"name\": \"FloatDistribution\", \"attributes\": {\"step\": null, \"low\": 0.1, \"high\": 0.6, \"log\": false}}"}
{"op_code":5,"worker_id":"08f24624-e3e2-44ef-a556-87dbb207cf37-8316722560","trial_id":11,"param_name":"reward_scale","param_value_internal":7.354208134392578,"distribution":"{\"name\": \"FloatDistribution\", \"attributes\": {\"step\": null, \"low\": 5.0, \"high\": 80.0, \"log\": true}}"}
{"op_code":5,"worker_id":"08f24624-e3e2-44ef-a556-87dbb207cf37-8316722560","trial_id":11,"param_name":"bc_reg","param_value_internal":1.915956082908684,"distribution":"{\"name\": \"FloatDistribution\", \"attributes\": {\"step\": null, \"low\": 0.0, \"high\": 3.0, \"log\": false}}"}
{"op_code":5,"worker_id":"08f24624-e3e2-44ef-a556-87dbb207cf37-8316722560","trial_id":11,"param_name":"bc_reg_decay_frac","param_value_internal":0.9227656655403542,"distribution":"{\"name\": \"FloatDistribution\", \"attributes\": {\"step\": null, \"low\": 0.1, \"high\": 1.0, \"log\": false}}"}
{"op_code":5,"worker_id":"08f24624-e3e2-44ef-a556-87dbb207cf37-8316722560","trial_id":11,"param_name":"bc_guide_prob","param_value_internal":0.005100561643242296,"distribution":"{\"name\": \"FloatDistribution\", \"attributes\": {\"step\": null, \"low\": 0.0, \"high\": 1.0, \"log\": false}}"}
{"op_code":8,"worker_id":"08f24624-e3e2-44ef-a556-87dbb207cf37-8316722560","trial_id":11,"user_attr":{"tag":"c4cab925dc618"}}
{"op_code":8,"worker_id":"08f24624-e3e2-44ef-a556-87dbb207cf37-8316722560","trial_id":11,"user_attr":{"overrides":{"gamma":0.9893259933498003,"bc_reg":1.915956082908684,"hidden":64,"clone_lr":0.0035623781604653747,"clone_batch":128,"clone_weight_decay":0.0001,"clone_class_power":0.13569395684118885,"clone_label_smoothing":0.05,"clone_patience":5,"lr":0.0016448139517504208,"n_step":4,"batch":256,"target_sync":500,"eps_decay_frac":0.12913860594921492,"reward_scale":7.354208134392578,"bc_reg_decay_frac":0.9227656655403542,"bc_guide_prob":0.005100561643242296}}}
{"op_code":7,"worker_id":"08f24624-e3e2-44ef-a556-87dbb207cf37-8316722560","trial_id":10,"step":3,"intermediate_value":300.10720761766703}
{"op_code":8,"worker_id":"08f24624-e3e2-44ef-a556-87dbb207cf37-8316722560","trial_id":10,"user_attr":{"hh_saving":{"254":325.1303054583582,"185":284.30325224870273,"230":290.8880651459401}}}
{"op_code":8,"worker_id":"08f24624-e3e2-44ef-a556-87dbb207cf37-8316722560","trial_id":10,"user_attr":{"val_efc_mean":93.56716658333335}}
{"op_code":8,"worker_id":"08f24624-e3e2-44ef-a556-87dbb207cf37-8316722560","trial_id":10,"user_attr":{"converged_share":1.0}}
{"op_code":8,"worker_id":"08f24624-e3e2-44ef-a556-87dbb207cf37-8316722560","trial_id":10,"user_attr":{"wall_s":160.12831115722656}}
{"op_code":6,"worker_id":"08f24624-e3e2-44ef-a556-87dbb207cf37-8316722560","trial_id":10,"state":2,"values":[300.10720761766703],"datetime_complete":"2026-10-08T04:41:42.588451"}
{"op_code":4,"worker_id":"08f24624-e3e2-44ef-a556-87dbb207cf37-8316722560","study_id":0,"datetime_start":"2026-10-08T04:42:05.446578"}
{"op_code":9,"worker_id":"08f24624-e3e2-44ef-a556-87dbb207cf37-8316722560","trial_id":12,"system_attr":{"tpe:relative_params:0":"{\"batch\": 256, \"bc_guide_prob\": 0.8906014117331171, \"bc_reg\": 1.9398116927640463, \"bc_reg_decay_frac\": 0.5158804184030075, \"eps_decay_frac\": 0.32202423735335406, \"gamma\": 0.9836023954898213, \"lr\": 0.0003711863874276583, \"n_step\": 2, \"reward_scale\": 29.967554234339868, \"target_sync\": 1000}"}}
{"op_code":5,"worker_id":"08f24624-e3e2-44ef-a556-87dbb207cf37-8316722560","trial_id":12,"param_name":"lr","param_value_internal":0.0003711863874276583,"distribution":"{\"name\": \"FloatDistribution\", \"attributes\": {\"step\": null, \"low\": 0.0001, \"high\": 0.003, \"log\": true}}"}
{"op_code":5,"worker_id":"08f24624-e3e2-44ef-a556-87dbb207cf37-8316722560","trial_id":12,"param_name":"gamma","param_value_internal":0.9836023954898213,"distribution":"{\"name\": \"FloatDistribution\", \"attributes\": {\"step\": null, \"low\": 0.98, \"high\": 0.999, \"log\": false}}"}
{"op_code":5,"worker_id":"08f24624-e3e2-44ef-a556-87dbb207cf37-8316722560","trial_id":12,"param_name":"n_step","param_value_internal":1,"distribution":"{\"name\": \"CategoricalDistribution\", \"attributes\": {\"choices\": [1, 2, 4, 8, 16]}}"}
{"op_code":5,"worker_id":"08f24624-e3e2-44ef-a556-87dbb207cf37-8316722560","trial_id":12,"param_name":"batch","param_value_internal":2,"distribution":"{\"name\": \"CategoricalDistribution\", \"attributes\": {\"choices\": [64, 128, 256]}}"}
{"op_code":5,"worker_id":"08f24624-e3e2-44ef-a556-87dbb207cf37-8316722560","trial_id":12,"param_name":"target_sync","param_value_internal":1,"distribution":"{\"name\": \"CategoricalDistribution\", \"attributes\": {\"choices\": [500, 1000, 2000, 5000, 10000]}}"}
{"op_code":5,"worker_id":"08f24624-e3e2-44ef-a556-87dbb207cf37-8316722560","trial_id":12,"param_name":"eps_decay_frac","param_value_internal":0.32202423735335406,"distribution":"{\"name\": \"FloatDistribution\", \"attributes\": {\"step\": null, \"low\": 0.1, \"high\": 0.6, \"log\": false}}"}
{"op_code":5,"worker_id":"08f24624-e3e2-44ef-a556-87dbb207cf37-8316722560","trial_id":12,"param_name":"reward_scale","param_value_internal":29.967554234339868,"distribution":"{\"name\": \"FloatDistribution\", \"attributes\": {\"step\": null, \"low\": 5.0, \"high\": 80.0, \"log\": true}}"}
{"op_code":5,"worker_id":"08f24624-e3e2-44ef-a556-87dbb207cf37-8316722560","trial_id":12,"param_name":"bc_reg","param_value_internal":1.9398116927640463,"distribution":"{\"name\": \"FloatDistribution\", \"attributes\": {\"step\": null, \"low\": 0.0, \"high\": 3.0, \"log\": false}}"}
{"op_code":5,"worker_id":"08f24624-e3e2-44ef-a556-87dbb207cf37-8316722560","trial_id":12,"param_name":"bc_reg_decay_frac","param_value_internal":0.5158804184030075,"distribution":"{\"name\": \"FloatDistribution\", \"attributes\": {\"step\": null, \"low\": 0.1, \"high\": 1.0, \"log\": false}}"}
{"op_code":5,"worker_id":"08f24624-e3e2-44ef-a556-87dbb207cf37-8316722560","trial_id":12,"param_name":"bc_guide_prob","param_value_internal":0.8906014117331171,"distribution":"{\"name\": \"FloatDistribution\", \"attributes\": {\"step\": null, \"low\": 0.0, \"high\": 1.0, \"log\": false}}"}
{"op_code":8,"worker_id":"08f24624-e3e2-44ef-a556-87dbb207cf37-8316722560","trial_id":12,"user_attr":{"tag":"cb778f31f45a7"}}
{"op_code":8,"worker_id":"08f24624-e3e2-44ef-a556-87dbb207cf37-8316722560","trial_id":12,"user_attr":{"overrides":{"gamma":0.9836023954898213,"bc_reg":1.9398116927640463,"hidden":64,"clone_lr":0.0035623781604653747,"clone_batch":128,"clone_weight_decay":0.0001,"clone_class_power":0.13569395684118885,"clone_label_smoothing":0.05,"clone_patience":5,"lr":0.0003711863874276583,"n_step":2,"batch":256,"target_sync":1000,"eps_decay_frac":0.32202423735335406,"reward_scale":29.967554234339868,"bc_reg_decay_frac":0.5158804184030075,"bc_guide_prob":0.8906014117331171}}}
{"op_code":7,"worker_id":"08f24624-e3e2-44ef-a556-87dbb207cf37-8316722560","trial_id":11,"step":3,"intermediate_value":300.51598033967605}
{"op_code":7,"worker_id":"08f24624-e3e2-44ef-a556-87dbb207cf37-8316722560","trial_id":12,"step":3,"intermediate_value":300.04346976648117}
{"op_code":8,"worker_id":"08f24624-e3e2-44ef-a556-87dbb207cf37-8316722560","trial_id":12,"user_attr":{"hh_saving":{"254":326.19615236746955,"185":283.25891594973706,"230":290.6753409822369}}}
{"op_code":8,"worker_id":"08f24624-e3e2-44ef-a556-87dbb207cf37-8316722560","trial_id":12,"user_attr":{"val_efc_mean":93.40141558333333}}
{"op_code":8,"worker_id":"08f24624-e3e2-44ef-a556-87dbb207cf37-8316722560","trial_id":12,"user_attr":{"converged_share":1.0}}
{"op_code":8,"worker_id":"08f24624-e3e2-44ef-a556-87dbb207cf37-8316722560","trial_id":12,"user_attr":{"wall_s":197.5289158821106}}
{"op_code":6,"worker_id":"08f24624-e3e2-44ef-a556-87dbb207cf37-8316722560","trial_id":12,"state":2,"values":[300.04346976648117],"datetime_complete":"2026-10-08T04:45:22.982419"}
{"op_code":4,"worker_id":"08f24624-e3e2-44ef-a556-87dbb207cf37-8316722560","study_id":0,"datetime_start":"2026-10-08T04:46:20.780100"}
{"op_code":9,"worker_id":"08f24624-e3e2-44ef-a556-87dbb207cf37-8316722560","trial_id":13,"system_attr":{"tpe:relative_params:0":"{\"batch\": 256, \"bc_guide_prob\": 0.810575839879017, \"bc_reg\": 1.7051349144996364, \"bc_reg_decay_frac\": 0.928013862254137, \"eps_decay_frac\": 0.31119204026769837, \"gamma\": 0.9805014005786157, \"lr\": 0.002021793712223846, \"n_step\": 2, \"reward_scale\": 53.80000315110782, \"target_sync\": 2000}"}}
{"op_code":5,"worker_id":"08f24624-e3e2-44ef-a556-87dbb207cf37-8316722560","trial_id":13,"param_name":"lr","param_value_internal":0.002021793712223846,"distribution":"{\"name\": \"FloatDistribution\", \"attributes\": {\"step\": null, \"low\": 0.0001, \"high\": 0.003, \"log\": true}}"}
{"op_code":5,"worker_id":"08f24624-e3e2-44ef-a556-87dbb207cf37-8316722560","trial_id":13,"param_name":"gamma","param_value_internal":0.9805014005786157,"distribution":"{\"name\": \"FloatDistribution\", \"attributes\": {\"step\": null, \"low\": 0.98, \"high\": 0.999, \"log\": false}}"}
{"op_code":5,"worker_id":"08f24624-e3e2-44ef-a556-87dbb207cf37-8316722560","trial_id":13,"param_name":"n_step","param_value_internal":1,"distribution":"{\"name\": \"CategoricalDistribution\", \"attributes\": {\"choices\": [1, 2, 4, 8, 16]}}"}
{"op_code":5,"worker_id":"08f24624-e3e2-44ef-a556-87dbb207cf37-8316722560","trial_id":13,"param_name":"batch","param_value_internal":2,"distribution":"{\"name\": \"CategoricalDistribution\", \"attributes\": {\"choices\": [64, 128, 256]}}"}
{"op_code":5,"worker_id":"08f24624-e3e2-44ef-a556-87dbb207cf37-8316722560","trial_id":13,"param_name":"target_sync","param_value_internal":2,"distribution":"{\"name\": \"CategoricalDistribution\", \"attributes\": {\"choices\": [500, 1000, 2000, 5000, 10000]}}"}
{"op_code":5,"worker_id":"08f24624-e3e2-44ef-a556-87dbb207cf37-8316722560","trial_id":13,"param_name":"eps_decay_frac","param_value_internal":0.31119204026769837,"distribution":"{\"name\": \"FloatDistribution\", \"attributes\": {\"step\": null, \"low\": 0.1, \"high\": 0.6, \"log\": false}}"}
{"op_code":5,"worker_id":"08f24624-e3e2-44ef-a556-87dbb207cf37-8316722560","trial_id":13,"param_name":"reward_scale","param_value_internal":53.80000315110782,"distribution":"{\"name\": \"FloatDistribution\", \"attributes\": {\"step\": null, \"low\": 5.0, \"high\": 80.0, \"log\": true}}"}
{"op_code":5,"worker_id":"08f24624-e3e2-44ef-a556-87dbb207cf37-8316722560","trial_id":13,"param_name":"bc_reg","param_value_internal":1.7051349144996364,"distribution":"{\"name\": \"FloatDistribution\", \"attributes\": {\"step\": null, \"low\": 0.0, \"high\": 3.0, \"log\": false}}"}
{"op_code":5,"worker_id":"08f24624-e3e2-44ef-a556-87dbb207cf37-8316722560","trial_id":13,"param_name":"bc_reg_decay_frac","param_value_internal":0.928013862254137,"distribution":"{\"name\": \"FloatDistribution\", \"attributes\": {\"step\": null, \"low\": 0.1, \"high\": 1.0, \"log\": false}}"}
{"op_code":5,"worker_id":"08f24624-e3e2-44ef-a556-87dbb207cf37-8316722560","trial_id":13,"param_name":"bc_guide_prob","param_value_internal":0.810575839879017,"distribution":"{\"name\": \"FloatDistribution\", \"attributes\": {\"step\": null, \"low\": 0.0, \"high\": 1.0, \"log\": false}}"}
{"op_code":8,"worker_id":"08f24624-e3e2-44ef-a556-87dbb207cf37-8316722560","trial_id":13,"user_attr":{"tag":"cb69019d55eb3"}}
{"op_code":8,"worker_id":"08f24624-e3e2-44ef-a556-87dbb207cf37-8316722560","trial_id":13,"user_attr":{"overrides":{"gamma":0.9805014005786157,"bc_reg":1.7051349144996364,"hidden":64,"clone_lr":0.0035623781604653747,"clone_batch":128,"clone_weight_decay":0.0001,"clone_class_power":0.13569395684118885,"clone_label_smoothing":0.05,"clone_patience":5,"lr":0.002021793712223846,"n_step":2,"batch":256,"target_sync":2000,"eps_decay_frac":0.31119204026769837,"reward_scale":53.80000315110782,"bc_reg_decay_frac":0.928013862254137,"bc_guide_prob":0.810575839879017}}}
{"op_code":7,"worker_id":"08f24624-e3e2-44ef-a556-87dbb207cf37-8316722560","trial_id":11,"step":8,"intermediate_value":286.48785787806185}
{"op_code":8,"worker_id":"08f24624-e3e2-44ef-a556-87dbb207cf37-8316722560","trial_id":11,"user_attr":{"hh_saving":{"254":326.9072194414455,"185":283.74404908361936,"230":290.89667249396337,"266":178.650997733502,"145":324.88078808024983,"229":185.01220423320706,"300":349.0202977950034,"69":352.7906341635044}}}
{"op_code":8,"worker_id":"08f24624-e3e2-44ef-a556-87dbb207cf37-8316722560","trial_id":11,"user_attr":{"val_efc_mean":84.71644881249999}}
{"op_code":8,"worker_id":"08f24624-e3e2-44ef-a556-87dbb207cf37-8316722560","trial_id":11,"user_attr":{"converged_share":0.875}}
{"op_code":8,"worker_id":"08f24624-e3e2-44ef-a556-87dbb207cf37-8316722560","trial_id":11,"user_attr":{"wall_s":416.0991041660309}}
{"op_code":6,"worker_id":"08f24624-e3e2-44ef-a556-87dbb207cf37-8316722560","trial_id":11,"state":1,"values":[286.48785787806185],"datetime_complete":"2026-10-08T04:47:47.025728"}
{"op_code":4,"worker_id":"08f24624-e3e2-44ef-a556-87dbb207cf37-8316722560","study_id":0,"datetime_start":"2026-10-08T04:48:50.510461"}
{"op_code":9,"worker_id":"08f24624-e3e2-44ef-a556-87dbb207cf37-8316722560","trial_id":14,"system_attr":{"tpe:relative_params:0":"{\"batch\": 256, \"bc_guide_prob\": 0.138784782559166, \"bc_reg\": 2.6460727175097922, \"bc_reg_decay_frac\": 0.7438044750742518, \"eps_decay_frac\": 0.13300569944944893, \"gamma\": 0.983697506662781, \"lr\": 0.0019221517300923084, \"n_step\": 4, \"reward_scale\": 13.379740192960865, \"target_sync\": 500}"}}
{"op_code":5,"worker_id":"08f24624-e3e2-44ef-a556-87dbb207cf37-8316722560","trial_id":14,"param_name":"lr","param_value_internal":0.0019221517300923084,"distribution":"{\"name\": \"FloatDistribution\", \"attributes\": {\"step\": null, \"low\": 0.0001, \"high\": 0.003, \"log\": true}}"}
{"op_code":5,"worker_id":"08f24624-e3e2-44ef-a556-87dbb207cf37-8316722560","trial_id":14,"param_name":"gamma","param_value_internal":0.983697506662781,"distribution":"{\"name\": \"FloatDistribution\", \"attributes\": {\"step\": null, \"low\": 0.98, \"high\": 0.999, \"log\": false}}"}
{"op_code":5,"worker_id":"08f24624-e3e2-44ef-a556-87dbb207cf37-8316722560","trial_id":14,"param_name":"n_step","param_value_internal":2,"distribution":"{\"name\": \"CategoricalDistribution\", \"attributes\": {\"choices\": [1, 2, 4, 8, 16]}}"}
{"op_code":5,"worker_id":"08f24624-e3e2-44ef-a556-87dbb207cf37-8316722560","trial_id":14,"param_name":"batch","param_value_internal":2,"distribution":"{\"name\": \"CategoricalDistribution\", \"attributes\": {\"choices\": [64, 128, 256]}}"}
{"op_code":5,"worker_id":"08f24624-e3e2-44ef-a556-87dbb207cf37-8316722560","trial_id":14,"param_name":"target_sync","param_value_internal":0,"distribution":"{\"name\": \"CategoricalDistribution\", \"attributes\": {\"choices\": [500, 1000, 2000, 5000, 10000]}}"}
{"op_code":5,"worker_id":"08f24624-e3e2-44ef-a556-87dbb207cf37-8316722560","trial_id":14,"param_name":"eps_decay_frac","param_value_internal":0.13300569944944893,"distribution":"{\"name\": \"FloatDistribution\", \"attributes\": {\"step\": null, \"low\": 0.1, \"high\": 0.6, \"log\": false}}"}
{"op_code":5,"worker_id":"08f24624-e3e2-44ef-a556-87dbb207cf37-8316722560","trial_id":14,"param_name":"reward_scale","param_value_internal":13.379740192960865,"distribution":"{\"name\": \"FloatDistribution\", \"attributes\": {\"step\": null, \"low\": 5.0, \"high\": 80.0, \"log\": true}}"}
{"op_code":5,"worker_id":"08f24624-e3e2-44ef-a556-87dbb207cf37-8316722560","trial_id":14,"param_name":"bc_reg","param_value_internal":2.6460727175097922,"distribution":"{\"name\": \"FloatDistribution\", \"attributes\": {\"step\": null, \"low\": 0.0, \"high\": 3.0, \"log\": false}}"}
{"op_code":5,"worker_id":"08f24624-e3e2-44ef-a556-87dbb207cf37-8316722560","trial_id":14,"param_name":"bc_reg_decay_frac","param_value_internal":0.7438044750742518,"distribution":"{\"name\": \"FloatDistribution\", \"attributes\": {\"step\": null, \"low\": 0.1, \"high\": 1.0, \"log\": false}}"}
{"op_code":5,"worker_id":"08f24624-e3e2-44ef-a556-87dbb207cf37-8316722560","trial_id":14,"param_name":"bc_guide_prob","param_value_internal":0.138784782559166,"distribution":"{\"name\": \"FloatDistribution\", \"attributes\": {\"step\": null, \"low\": 0.0, \"high\": 1.0, \"log\": false}}"}
{"op_code":8,"worker_id":"08f24624-e3e2-44ef-a556-87dbb207cf37-8316722560","trial_id":14,"user_attr":{"tag":"cee8415027a48"}}
{"op_code":8,"worker_id":"08f24624-e3e2-44ef-a556-87dbb207cf37-8316722560","trial_id":14,"user_attr":{"overrides":{"gamma":0.983697506662781,"bc_reg":2.6460727175097922,"hidden":64,"clone_lr":0.0035623781604653747,"clone_batch":128,"clone_weight_decay":0.0001,"clone_class_power":0.13569395684118885,"clone_label_smoothing":0.05,"clone_patience":5,"lr":0.0019221517300923084,"n_step":4,"batch":256,"target_sync":500,"eps_decay_frac":0.13300569944944893,"reward_scale":13.379740192960865,"bc_reg_decay_frac":0.7438044750742518,"bc_guide_prob":0.138784782559166}}}
{"op_code":7,"worker_id":"08f24624-e3e2-44ef-a556-87dbb207cf37-8316722560","trial_id":13,"step":3,"intermediate_value":299.9588899133051}
{"op_code":8,"worker_id":"08f24624-e3e2-44ef-a556-87dbb207cf37-8316722560","trial_id":13,"user_attr":{"hh_saving":{"254":325.37267342642303,"185":283.7724942034414,"230":290.7315021100509}}}
{"op_code":8,"worker_id":"08f24624-e3e2-44ef-a556-87dbb207cf37-8316722560","trial_id":13,"user_attr":{"val_efc_mean":93.54835891666669}}
{"op_code":8,"worker_id":"08f24624-e3e2-44ef-a556-87dbb207cf37-8316722560","trial_id":13,"user_attr":{"converged_share":1.0}}
{"op_code":8,"worker_id":"08f24624-e3e2-44ef-a556-87dbb207cf37-8316722560","trial_id":13,"user_attr":{"wall_s":195.36398911476135}}
{"op_code":6,"worker_id":"08f24624-e3e2-44ef-a556-87dbb207cf37-8316722560","trial_id":13,"state":2,"values":[299.9588899133051],"datetime_complete":"2026-10-08T04:49:36.151823"}
{"op_code":4,"worker_id":"08f24624-e3e2-44ef-a556-87dbb207cf37-8316722560","study_id":0,"datetime_start":"2026-10-08T04:50:01.510191"}
{"op_code":9,"worker_id":"08f24624-e3e2-44ef-a556-87dbb207cf37-8316722560","trial_id":15,"system_attr":{"tpe:relative_params:0":"{\"batch\": 256, \"bc_guide_prob\": 0.34333854685590814, \"bc_reg\": 2.7166623767657945, \"bc_reg_decay_frac\": 0.7478544397516451, \"eps_decay_frac\": 0.2107704855742072, \"gamma\": 0.9965806108752284, \"lr\": 0.0008748221609357719, \"n_step\": 4, \"reward_scale\": 7.3294393934743125, \"target_sync\": 500}"}}
{"op_code":5,"worker_id":"08f24624-e3e2-44ef-a556-87dbb207cf37-8316722560","trial_id":15,"param_name":"lr","param_value_internal":0.0008748221609357719,"distribution":"{\"name\": \"FloatDistribution\", \"attributes\": {\"step\": null, \"low\": 0.0001, \"high\": 0.003, \"log\": true}}"}
{"op_code":5,"worker_id":"08f24624-e3e2-44ef-a556-87dbb207cf37-8316722560","trial_id":15,"param_name":"gamma","param_value_internal":0.9965806108752284,"distribution":"{\"name\": \"FloatDistribution\", \"attributes\": {\"step\": null, \"low\": 0.98, \"high\": 0.999, \"log\": false}}"}
{"op_code":5,"worker_id":"08f24624-e3e2-44ef-a556-87dbb207cf37-8316722560","trial_id":15,"param_name":"n_step","param_value_internal":2,"distribution":"{\"name\": \"CategoricalDistribution\", \"attributes\": {\"choices\": [1, 2, 4, 8, 16]}}"}
{"op_code":5,"worker_id":"08f24624-e3e2-44ef-a556-87dbb207cf37-8316722560","trial_id":15,"param_name":"batch","param_value_internal":2,"distribution":"{\"name\": \"CategoricalDistribution\", \"attributes\": {\"choices\": [64, 128, 256]}}"}
{"op_code":5,"worker_id":"08f24624-e3e2-44ef-a556-87dbb207cf37-8316722560","trial_id":15,"param_name":"target_sync","param_value_internal":0,"distribution":"{\"name\": \"CategoricalDistribution\", \"attributes\": {\"choices\": [500, 1000, 2000, 5000, 10000]}}"}
{"op_code":5,"worker_id":"08f24624-e3e2-44ef-a556-87dbb207cf37-8316722560","trial_id":15,"param_name":"eps_decay_frac","param_value_internal":0.2107704855742072,"distribution":"{\"name\": \"FloatDistribution\", \"attributes\": {\"step\": null, \"low\": 0.1, \"high\": 0.6, \"log\": false}}"}
{"op_code":5,"worker_id":"08f24624-e3e2-44ef-a556-87dbb207cf37-8316722560","trial_id":15,"param_name":"reward_scale","param_value_internal":7.3294393934743125,"distribution":"{\"name\": \"FloatDistribution\", \"attributes\": {\"step\": null, \"low\": 5.0, \"high\": 80.0, \"log\": true}}"}
{"op_code":5,"worker_id":"08f24624-e3e2-44ef-a556-87dbb207cf37-8316722560","trial_id":15,"param_name":"bc_reg","param_value_internal":2.7166623767657945,"distribution":"{\"name\": \"FloatDistribution\", \"attributes\": {\"step\": null, \"low\": 0.0, \"high\": 3.0, \"log\": false}}"}
{"op_code":5,"worker_id":"08f24624-e3e2-44ef-a556-87dbb207cf37-8316722560","trial_id":15,"param_name":"bc_reg_decay_frac","param_value_internal":0.7478544397516451,"distribution":"{\"name\": \"FloatDistribution\", \"attributes\": {\"step\": null, \"low\": 0.1, \"high\": 1.0, \"log\": false}}"}
{"op_code":5,"worker_id":"08f24624-e3e2-44ef-a556-87dbb207cf37-8316722560","trial_id":15,"param_name":"bc_guide_prob","param_value_internal":0.34333854685590814,"distribution":"{\"name\": \"FloatDistribution\", \"attributes\": {\"step\": null, \"low\": 0.0, \"high\": 1.0, \"log\": false}}"}
{"op_code":8,"worker_id":"08f24624-e3e2-44ef-a556-87dbb207cf37-8316722560","trial_id":15,"user_attr":{"tag":"c8b06a02f9cde"}}
{"op_code":8,"worker_id":"08f24624-e3e2-44ef-a556-87dbb207cf37-8316722560","trial_id":15,"user_attr":{"overrides":{"gamma":0.9965806108752284,"bc_reg":2.7166623767657945,"hidden":64,"clone_lr":0.0035623781604653747,"clone_batch":128,"clone_weight_decay":0.0001,"clone_class_power":0.13569395684118885,"clone_label_smoothing":0.05,"clone_patience":5,"lr":0.0008748221609357719,"n_step":4,"batch":256,"target_sync":500,"eps_decay_frac":0.2107704855742072,"reward_scale":7.3294393934743125,"bc_reg_decay_frac":0.7478544397516451,"bc_guide_prob":0.34333854685590814}}}
{"op_code":7,"worker_id":"08f24624-e3e2-44ef-a556-87dbb207cf37-8316722560","trial_id":14,"step":3,"intermediate_value":300.389259805162}
{"op_code":7,"worker_id":"08f24624-e3e2-44ef-a556-87dbb207cf37-8316722560","trial_id":15,"step":3,"intermediate_value":300.19367216492844}
{"op_code":8,"worker_id":"08f24624-e3e2-44ef-a556-87dbb207cf37-8316722560","trial_id":15,"user_attr":{"hh_saving":{"254":325.6804789449042,"185":283.95172944547613,"230":290.948808104405}}}
{"op_code":8,"worker_id":"08f24624-e3e2-44ef-a556-87dbb207cf37-8316722560","trial_id":15,"user_attr":{"val_efc_mean":93.61779158333331}}
{"op_code":8,"worker_id":"08f24624-e3e2-44ef-a556-87dbb207cf37-8316722560","trial_id":15,"user_attr":{"converged_share":1.0}}
{"op_code":8,"worker_id":"08f24624-e3e2-44ef-a556-87dbb207cf37-8316722560","trial_id":15,"user_attr":{"wall_s":194.36993598937988}}
{"op_code":6,"worker_id":"08f24624-e3e2-44ef-a556-87dbb207cf37-8316722560","trial_id":15,"state":2,"values":[300.19367216492844],"datetime_complete":"2026-10-08T04:53:15.887819"}
{"op_code":4,"worker_id":"08f24624-e3e2-44ef-a556-87dbb207cf37-8316722560","study_id":0,"datetime_start":"2026-10-08T04:54:28.809784"}
{"op_code":9,"worker_id":"08f24624-e3e2-44ef-a556-87dbb207cf37-8316722560","trial_id":16,"system_attr":{"tpe:relative_params:0":"{\"batch\": 128, \"bc_guide_prob\": 0.045744818359075, \"bc_reg\": 1.7346616151624614, \"bc_reg_decay_frac\": 0.7899980904074453, \"eps_decay_frac\": 0.2035458590005995, \"gamma\": 0.9899007528284004, \"lr\": 0.0022212458639265975, \"n_step\": 4, \"reward_scale\": 19.179426691155076, \"target_sync\": 10000}"}}
{"op_code":5,"worker_id":"08f24624-e3e2-44ef-a556-87dbb207cf37-8316722560","trial_id":16,"param_name":"lr","param_value_internal":0.0022212458639265975,"distribution":"{\"name\": \"FloatDistribution\", \"attributes\": {\"step\": null, \"low\": 0.0001, \"high\": 0.003, \"log\": true}}"}
{"op_code":5,"worker_id":"08f24624-e3e2-44ef-a556-87dbb207cf37-8316722560","trial_id":16,"param_name":"gamma","param_value_internal":0.9899007528284004,"distribution":"{\"name\": \"FloatDistribution\", \"attributes\": {\"step\": null, \"low\": 0.98, \"high\": 0.999, \"log\": false}}"}
{"op_code":5,"worker_id":"08f24624-e3e2-44ef-a556-87dbb207cf37-8316722560","trial_id":16,"param_name":"n_step","param_value_internal":2,"distribution":"{\"name\": \"CategoricalDistribution\", \"attributes\": {\"choices\": [1, 2, 4, 8, 16]}}"}
{"op_code":5,"worker_id":"08f24624-e3e2-44ef-a556-87dbb207cf37-8316722560","trial_id":16,"param_name":"batch","param_value_internal":1,"distribution":"{\"name\": \"CategoricalDistribution\", \"attributes\": {\"choices\": [64, 128, 256]}}"}
{"op_code":5,"worker_id":"08f24624-e3e2-44ef-a556-87dbb207cf37-8316722560","trial_id":16,"param_name":"target_sync","param_value_internal":4,"distribution":"{\"name\": \"CategoricalDistribution\", \"attributes\": {\"choices\": [500, 1000, 2000, 5000, 10000]}}"}
{"op_code":5,"worker_id":"08f24624-e3e2-44ef-a556-87dbb207cf37-8316722560","trial_id":16,"param_name":"eps_decay_frac","param_value_internal":0.2035458590005995,"distribution":"{\"name\": \"FloatDistribution\", \"attributes\": {\"step\": null, \"low\": 0.1, \"high\": 0.6, \"log\": false}}"}
{"op_code":5,"worker_id":"08f24624-e3e2-44ef-a556-87dbb207cf37-8316722560","trial_id":16,"param_name":"reward_scale","param_value_internal":19.179426691155076,"distribution":"{\"name\": \"FloatDistribution\", \"attributes\": {\"step\": null, \"low\": 5.0, \"high\": 80.0, \"log\": true}}"}
{"op_code":5,"worker_id":"08f24624-e3e2-44ef-a556-87dbb207cf37-8316722560","trial_id":16,"param_name":"bc_reg","param_value_internal":1.7346616151624614,"distribution":"{\"name\": \"FloatDistribution\", \"attributes\": {\"step\": null, \"low\": 0.0, \"high\": 3.0, \"log\": false}}"}
{"op_code":5,"worker_id":"08f24624-e3e2-44ef-a556-87dbb207cf37-8316722560","trial_id":16,"param_name":"bc_reg_decay_frac","param_value_internal":0.7899980904074453,"distribution":"{\"name\": \"FloatDistribution\", \"attributes\": {\"step\": null, \"low\": 0.1, \"high\": 1.0, \"log\": false}}"}
{"op_code":5,"worker_id":"08f24624-e3e2-44ef-a556-87dbb207cf37-8316722560","trial_id":16,"param_name":"bc_guide_prob","param_value_internal":0.045744818359075,"distribution":"{\"name\": \"FloatDistribution\", \"attributes\": {\"step\": null, \"low\": 0.0, \"high\": 1.0, \"log\": false}}"}
{"op_code":8,"worker_id":"08f24624-e3e2-44ef-a556-87dbb207cf37-8316722560","trial_id":16,"user_attr":{"tag":"cda56504e3ddf"}}
{"op_code":8,"worker_id":"08f24624-e3e2-44ef-a556-87dbb207cf37-8316722560","trial_id":16,"user_attr":{"overrides":{"gamma":0.9899007528284004,"bc_reg":1.7346616151624614,"hidden":64,"clone_lr":0.0035623781604653747,"clone_batch":128,"clone_weight_decay":0.0001,"clone_class_power":0.13569395684118885,"clone_label_smoothing":0.05,"clone_patience":5,"lr":0.0022212458639265975,"n_step":4,"batch":128,"target_sync":10000,"eps_decay_frac":0.2035458590005995,"reward_scale":19.179426691155076,"bc_reg_decay_frac":0.7899980904074453,"bc_guide_prob":0.045744818359075}}}
{"op_code":7,"worker_id":"08f24624-e3e2-44ef-a556-87dbb207cf37-8316722560","trial_id":14,"step":8,"intermediate_value":286.4988779559273}
{"op_code":8,"worker_id":"08f24624-e3e2-44ef-a556-87dbb207cf37-8316722560","trial_id":14,"user_attr":{"hh_saving":{"254":326.27161055171393,"185":284.03801062120135,"230":290.8581582425707,"266":178.82518933632306,"145":324.116986907056,"229":183.0861305327959,"300":351.9613964570782,"69":352.8335409986792}}}
{"op_code":8,"worker_id":"08f24624-e3e2-44ef-a556-87dbb207cf37-8316722560","trial_id":14,"user_attr":{"val_efc_mean":84.8184723125}}
{"op_code":8,"worker_id":"08f24624-e3e2-44ef-a556-87dbb207cf37-8316722560","trial_id":14,"user_attr":{"converged_share":1.0}}
{"op_code":8,"worker_id":"08f24624-e3e2-44ef-a556-87dbb207cf37-8316722560","trial_id":14,"user_attr":{"wall_s":428.96090817451477}}
{"op_code":6,"worker_id":"08f24624-e3e2-44ef-a556-87dbb207cf37-8316722560","trial_id":14,"state":1,"values":[286.4988779559273],"datetime_complete":"2026-10-08T04:55:59.478991"}
{"op_code":4,"worker_id":"08f24624-e3e2-44ef-a556-87dbb207cf37-8316722560","study_id":0,"datetime_start":"2026-10-08T04:56:40.920162"}
{"op_code":9,"worker_id":"08f24624-e3e2-44ef-a556-87dbb207cf37-8316722560","trial_id":17,"system_attr":{"tpe:relative_params:0":"{\"batch\": 256, \"bc_guide_prob\": 0.45228227890233524, \"bc_reg\": 2.2169271504528743, \"bc_reg_decay_frac\": 0.4523308257923555, \"eps_decay_frac\": 0.1296058586162858, \"gamma\": 0.9808733104823917, \"lr\": 0.002843695236933812, \"n_step\": 4, \"reward_scale\": 30.237141597920857, \"target_sync\": 5000}"}}
{"op_code":5,"worker_id":"08f24624-e3e2-44ef-a556-87dbb207cf37-8316722560","trial_id":17,"param_name":"lr","param_value_internal":0.002843695236933812,"distribution":"{\"name\": \"FloatDistribution\", \"attributes\": {\"step\": null, \"low\": 0.0001, \"high\": 0.003, \"log\": true}}"}
{"op_code":5,"worker_id":"08f24624-e3e2-44ef-a556-87dbb207cf37-8316722560","trial_id":17,"param_name":"gamma","param_value_internal":0.9808733104823917,"distribution":"{\"name\": \"FloatDistribution\", \"attributes\": {\"step\": null, \"low\": 0.98, \"high\": 0.999, \"log\": false}}"}
{"op_code":5,"worker_id":"08f24624-e3e2-44ef-a556-87dbb207cf37-8316722560","trial_id":17,"param_name":"n_step","param_value_internal":2,"distribution":"{\"name\": \"CategoricalDistribution\", \"attributes\": {\"choices\": [1, 2, 4, 8, 16]}}"}
{"op_code":5,"worker_id":"08f24624-e3e2-44ef-a556-87dbb207cf37-8316722560","trial_id":17,"param_name":"batch","param_value_internal":2,"distribution":"{\"name\": \"CategoricalDistribution\", \"attributes\": {\"choices\": [64, 128, 256]}}"}
{"op_code":5,"worker_id":"08f24624-e3e2-44ef-a556-87dbb207cf37-8316722560","trial_id":17,"param_name":"target_sync","param_value_internal":3,"distribution":"{\"name\": \"CategoricalDistribution\", \"attributes\": {\"choices\": [500, 1000, 2000, 5000, 10000]}}"}
{"op_code":5,"worker_id":"08f24624-e3e2-44ef-a556-87dbb207cf37-8316722560","trial_id":17,"param_name":"eps_decay_frac","param_value_internal":0.1296058586162858,"distribution":"{\"name\": \"FloatDistribution\", \"attributes\": {\"step\": null, \"low\": 0.1, \"high\": 0.6, \"log\": false}}"}
{"op_code":5,"worker_id":"08f24624-e3e2-44ef-a556-87dbb207cf37-8316722560","trial_id":17,"param_name":"reward_scale","param_value_internal":30.237141597920857,"distribution":"{\"name\": \"FloatDistribution\", \"attributes\": {\"step\": null, \"low\": 5.0, \"high\": 80.0, \"log\": true}}"}
{"op_code":5,"worker_id":"08f24624-e3e2-44ef-a556-87dbb207cf37-8316722560","trial_id":17,"param_name":"bc_reg","param_value_internal":2.2169271504528743,"distribution":"{\"name\": \"FloatDistribution\", \"attributes\": {\"step\": null, \"low\": 0.0, \"high\": 3.0, \"log\": false}}"}
{"op_code":5,"worker_id":"08f24624-e3e2-44ef-a556-87dbb207cf37-8316722560","trial_id":17,"param_name":"bc_reg_decay_frac","param_value_internal":0.4523308257923555,"distribution":"{\"name\": \"FloatDistribution\", \"attributes\": {\"step\": null, \"low\": 0.1, \"high\": 1.0, \"log\": false}}"}
{"op_code":5,"worker_id":"08f24624-e3e2-44ef-a556-87dbb207cf37-8316722560","trial_id":17,"param_name":"bc_guide_prob","param_value_internal":0.45228227890233524,"distribution":"{\"name\": \"FloatDistribution\", \"attributes\": {\"step\": null, \"low\": 0.0, \"high\": 1.0, \"log\": false}}"}
{"op_code":8,"worker_id":"08f24624-e3e2-44ef-a556-87dbb207cf37-8316722560","trial_id":17,"user_attr":{"tag":"c9c79c134dfe1"}}
{"op_code":8,"worker_id":"08f24624-e3e2-44ef-a556-87dbb207cf37-8316722560","trial_id":17,"user_attr":{"overrides":{"gamma":0.9808733104823917,"bc_reg":2.2169271504528743,"hidden":64,"clone_lr":0.0035623781604653747,"clone_batch":128,"clone_weight_decay":0.0001,"clone_class_power":0.13569395684118885,"clone_label_smoothing":0.05,"clone_patience":5,"lr":0.002843695236933812,"n_step":4,"batch":256,"target_sync":5000,"eps_decay_frac":0.1296058586162858,"reward_scale":30.237141597920857,"bc_reg_decay_frac":0.4523308257923555,"bc_guide_prob":0.45228227890233524}}}
{"op_code":7,"worker_id":"08f24624-e3e2-44ef-a556-87dbb207cf37-8316722560","trial_id":16,"step":3,"intermediate_value":300.575577067918}
{"op_code":7,"worker_id":"08f24624-e3e2-44ef-a556-87dbb207cf37-8316722560","trial_id":17,"step":3,"intermediate_value":299.9626042014657}
{"op_code":8,"worker_id":"08f24624-e3e2-44ef-a556-87dbb207cf37-8316722560","trial_id":17,"user_attr":{"hh_saving":{"254":325.82857918886145,"185":283.4690357205034,"230":290.5901976950321}}}
{"op_code":8,"worker_id":"08f24624-e3e2-44ef-a556-87dbb207cf37-8316722560","trial_id":17,"user_attr":{"val_efc_mean":93.47022666666668}}
{"op_code":8,"worker_id":"08f24624-e3e2-44ef-a556-87dbb207cf37-8316722560","trial_id":17,"user_attr":{"converged_share":1.0}}
{"op_code":8,"worker_id":"08f24624-e3e2-44ef-a556-87dbb207cf37-8316722560","trial_id":17,"user_attr":{"wall_s":147.12117218971252}}
{"op_code":6,"worker_id":"08f24624-e3e2-44ef-a556-87dbb207cf37-8316722560","trial_id":17,"state":2,"values":[299.9626042014657],"datetime_complete":"2026-10-08T04:59:08.048864"}
{"op_code":4,"worker_id":"08f24624-e3e2-44ef-a556-87dbb207cf37-8316722560","study_id":0,"datetime_start":"2026-10-08T05:00:55.597679"}
{"op_code":9,"worker_id":"08f24624-e3e2-44ef-a556-87dbb207cf37-8316722560","trial_id":18,"system_attr":{"tpe:relative_params:0":"{\"batch\": 128, \"bc_guide_prob\": 0.271847552949804, \"bc_reg\": 2.631256336140721, \"bc_reg_decay_frac\": 0.696375760276543, \"eps_decay_frac\": 0.1670763650623618, \"gamma\": 0.9809730369039561, \"lr\": 0.0006942557533522902, \"n_step\": 4, \"reward_scale\": 9.571840444533484, \"target_sync\": 500}"}}
{"op_code":5,"worker_id":"08f24624-e3e2-44ef-a556-87dbb207cf37-8316722560","trial_id":18,"param_name":"lr","param_value_internal":0.0006942557533522902,"distribution":"{\"name\": \"FloatDistribution\", \"attributes\": {\"step\": null, \"low\": 0.0001, \"high\": 0.003, \"log\": true}}"}
{"op_code":5,"worker_id":"08f24624-e3e2-44ef-a556-87dbb207cf37-8316722560","trial_id":18,"param_name":"gamma","param_value_internal":0.9809730369039561,"distribution":"{\"name\": \"FloatDistribution\", \"attributes\": {\"step\": null, \"low\": 0.98, \"high\": 0.999, \"log\": false}}"}
{"op_code":5,"worker_id":"08f24624-e3e2-44ef-a556-87dbb207cf37-8316722560","trial_id":18,"param_name":"n_step","param_value_internal":2,"distribution":"{\"name\": \"CategoricalDistribution\", \"attributes\": {\"choices\": [1, 2, 4, 8, 16]}}"}
{"op_code":5,"worker_id":"08f24624-e3e2-44ef-a556-87dbb207cf37-8316722560","trial_id":18,"param_name":"batch","param_value_internal":1,"distribution":"{\"name\": \"CategoricalDistribution\", \"attributes\": {\"choices\": [64, 128, 256]}}"}
{"op_code":5,"worker_id":"08f24624-e3e2-44ef-a556-87dbb207cf37-8316722560","trial_id":18,"param_name":"target_sync","param_value_internal":0,"distribution":"{\"name\": \"CategoricalDistribution\", \"attributes\": {\"choices\": [500, 1000, 2000, 5000, 10000]}}"}
{"op_code":5,"worker_id":"08f24624-e3e2-44ef-a556-87dbb207cf37-8316722560","trial_id":18,"param_name":"eps_decay_frac","param_value_internal":0.1670763650623618,"distribution":"{\"name\": \"FloatDistribution\", \"attributes\": {\"step\": null, \"low\": 0.1, \"high\": 0.6, \"log\": false}}"}
{"op_code":5,"worker_id":"08f24624-e3e2-44ef-a556-87dbb207cf37-8316722560","trial_id":18,"param_name":"reward_scale","param_value_internal":9.571840444533484,"distribution":"{\"name\": \"FloatDistribution\", \"attributes\": {\"step\": null, \"low\": 5.0, \"high\": 80.0, \"log\": true}}"}
{"op_code":5,"worker_id":"08f24624-e3e2-44ef-a556-87dbb207cf37-8316722560","trial_id":18,"param_name":"bc_reg","param_value_internal":2.631256336140721,"distribution":"{\"name\": \"FloatDistribution\", \"attributes\": {\"step\": null, \"low\": 0.0, \"high\": 3.0, \"log\": false}}"}
{"op_code":5,"worker_id":"08f24624-e3e2-44ef-a556-87dbb207cf37-8316722560","trial_id":18,"param_name":"bc_reg_decay_frac","param_value_internal":0.696375760276543,"distribution":"{\"name\": \"FloatDistribution\", \"attributes\": {\"step\": null, \"low\": 0.1, \"high\": 1.0, \"log\": false}}"}
{"op_code":5,"worker_id":"08f24624-e3e2-44ef-a556-87dbb207cf37-8316722560","trial_id":18,"param_name":"bc_guide_prob","param_value_internal":0.271847552949804,"distribution":"{\"name\": \"FloatDistribution\", \"attributes\": {\"step\": null, \"low\": 0.0, \"high\": 1.0, \"log\": false}}"}
{"op_code":8,"worker_id":"08f24624-e3e2-44ef-a556-87dbb207cf37-8316722560","trial_id":18,"user_attr":{"tag":"cfab847840182"}}
{"op_code":8,"worker_id":"08f24624-e3e2-44ef-a556-87dbb207cf37-8316722560","trial_id":18,"user_attr":{"overrides":{"gamma":0.9809730369039561,"bc_reg":2.631256336140721,"hidden":64,"clone_lr":0.0035623781604653747,"clone_batch":128,"clone_weight_decay":0.0001,"clone_class_power":0.13569395684118885,"clone_label_smoothing":0.05,"clone_patience":5,"lr":0.0006942557533522902,"n_step":4,"batch":128,"target_sync":500,"eps_decay_frac":0.1670763650623618,"reward_scale":9.571840444533484,"bc_reg_decay_frac":0.696375760276543,"bc_guide_prob":0.271847552949804}}}
{"op_code":7,"worker_id":"08f24624-e3e2-44ef-a556-87dbb207cf37-8316722560","trial_id":16,"step":8,"intermediate_value":286.92661776867874}
{"op_code":8,"worker_id":"08f24624-e3e2-44ef-a556-87dbb207cf37-8316722560","trial_id":16,"user_attr":{"hh_saving":{"254":326.6681970917354,"185":284.17309790605225,"230":290.8854362059664,"266":179.03425305458376,"145":324.7387769424909,"229":185.4269354332041,"300":351.6058250202941,"69":352.88042049510267}}}
{"op_code":8,"worker_id":"08f24624-e3e2-44ef-a556-87dbb207cf37-8316722560","trial_id":16,"user_attr":{"val_efc_mean":84.86624896875}}
{"op_code":8,"worker_id":"08f24624-e3e2-44ef-a556-87dbb207cf37-8316722560","trial_id":16,"user_attr":{"converged_share":1.0}}
{"op_code":8,"worker_id":"08f24624-e3e2-44ef-a556-87dbb207cf37-8316722560","trial_id":16,"user_attr":{"wall_s":473.7861099243164}}
{"op_code":6,"worker_id":"08f24624-e3e2-44ef-a556-87dbb207cf37-8316722560","trial_id":16,"state":1,"values":[286.92661776867874],"datetime_complete":"2026-10-08T05:02:22.603177"}
{"op_code":4,"worker_id":"08f24624-e3e2-44ef-a556-87dbb207cf37-8316722560","study_id":0,"datetime_start":"2026-10-08T05:02:48.224928"}
{"op_code":9,"worker_id":"08f24624-e3e2-44ef-a556-87dbb207cf37-8316722560","trial_id":19,"system_attr":{"tpe:relative_params:0":"{\"batch\": 128, \"bc_guide_prob\": 0.017430711464924427, \"bc_reg\": 2.35598311136255, \"bc_reg_decay_frac\": 0.7093878839133756, \"eps_decay_frac\": 0.38670470292323045, \"gamma\": 0.9930898510776406, \"lr\": 0.0010904169445451197, \"n_step\": 4, \"reward_scale\": 8.889198223499735, \"target_sync\": 10000}"}}
{"op_code":5,"worker_id":"08f24624-e3e2-44ef-a556-87dbb207cf37-8316722560","trial_id":19,"param_name":"lr","param_value_internal":0.0010904169445451197,"distribution":"{\"name\": \"FloatDistribution\", \"attributes\": {\"step\": null, \"low\": 0.0001, \"high\": 0.003, \"log\": true}}"}
{"op_code":5,"worker_id":"08f24624-e3e2-44ef-a556-87dbb207cf37-8316722560","trial_id":19,"param_name":"gamma","param_value_internal":0.9930898510776406,"distribution":"{\"name\": \"FloatDistribution\", \"attributes\": {\"step\": null, \"low\": 0.98, \"high\": 0.999, \"log\": false}}"}
{"op_code":5,"worker_id":"08f24624-e3e2-44ef-a556-87dbb207cf37-8316722560","trial_id":19,"param_name":"n_step","param_value_internal":2,"distribution":"{\"name\": \"CategoricalDistribution\", \"attributes\": {\"choices\": [1, 2, 4, 8, 16]}}"}
{"op_code":5,"worker_id":"08f24624-e3e2-44ef-a556-87dbb207cf37-8316722560","trial_id":19,"param_name":"batch","param_value_internal":1,"distribution":"{\"name\": \"CategoricalDistribution\", \"attributes\": {\"choices\": [64, 128, 256]}}"}
{"op_code":5,"worker_id":"08f24624-e3e2-44ef-a556-87dbb207cf37-8316722560","trial_id":19,"param_name":"target_sync","param_value_internal":4,"distribution":"{\"name\": \"CategoricalDistribution\", \"attributes\": {\"choices\": [500, 1000, 2000, 5000, 10000]}}"}
{"op_code":5,"worker_id":"08f24624-e3e2-44ef-a556-87dbb207cf37-8316722560","trial_id":19,"param_name":"eps_decay_frac","param_value_internal":0.38670470292323045,"distribution":"{\"name\": \"FloatDistribution\", \"attributes\": {\"step\": null, \"low\": 0.1, \"high\": 0.6, \"log\": false}}"}
{"op_code":5,"worker_id":"08f24624-e3e2-44ef-a556-87dbb207cf37-8316722560","trial_id":19,"param_name":"reward_scale","param_value_internal":8.889198223499735,"distribution":"{\"name\": \"FloatDistribution\", \"attributes\": {\"step\": null, \"low\": 5.0, \"high\": 80.0, \"log\": true}}"}
{"op_code":5,"worker_id":"08f24624-e3e2-44ef-a556-87dbb207cf37-8316722560","trial_id":19,"param_name":"bc_reg","param_value_internal":2.35598311136255,"distribution":"{\"name\": \"FloatDistribution\", \"attributes\": {\"step\": null, \"low\": 0.0, \"high\": 3.0, \"log\": false}}"}
{"op_code":5,"worker_id":"08f24624-e3e2-44ef-a556-87dbb207cf37-8316722560","trial_id":19,"param_name":"bc_reg_decay_frac","param_value_internal":0.7093878839133756,"distribution":"{\"name\": \"FloatDistribution\", \"attributes\": {\"step\": null, \"low\": 0.1, \"high\": 1.0, \"log\": false}}"}
{"op_code":5,"worker_id":"08f24624-e3e2-44ef-a556-87dbb207cf37-8316722560","trial_id":19,"param_name":"bc_guide_prob","param_value_internal":0.017430711464924427,"distribution":"{\"name\": \"FloatDistribution\", \"attributes\": {\"step\": null, \"low\": 0.0, \"high\": 1.0, \"log\": false}}"}
{"op_code":8,"worker_id":"08f24624-e3e2-44ef-a556-87dbb207cf37-8316722560","trial_id":19,"user_attr":{"tag":"c973d38a0d598"}}
{"op_code":8,"worker_id":"08f24624-e3e2-44ef-a556-87dbb207cf37-8316722560","trial_id":19,"user_attr":{"overrides":{"gamma":0.9930898510776406,"bc_reg":2.35598311136255,"hidden":64,"clone_lr":0.0035623781604653747,"clone_batch":128,"clone_weight_decay":0.0001,"clone_class_power":0.13569395684118885,"clone_label_smoothing":0.05,"clone_patience":5,"lr":0.0010904169445451197,"n_step":4,"batch":128,"target_sync":10000,"eps_decay_frac":0.38670470292323045,"reward_scale":8.889198223499735,"bc_reg_decay_frac":0.7093878839133756,"bc_guide_prob":0.017430711464924427}}}
{"op_code":7,"worker_id":"08f24624-e3e2-44ef-a556-87dbb207cf37-8316722560","trial_id":18,"step":3,"intermediate_value":300.45749339745777}
{"op_code":7,"worker_id":"08f24624-e3e2-44ef-a556-87dbb207cf37-8316722560","trial_id":19,"step":3,"intermediate_value":300.79224346310707}
{"op_code":7,"worker_id":"08f24624-e3e2-44ef-a556-87dbb207cf37-8316722560","trial_id":18,"step":8,"intermediate_value":286.3456724978348}
{"op_code":8,"worker_id":"08f24624-e3e2-44ef-a556-87dbb207cf37-8316722560","trial_id":18,"user_attr":{"hh_saving":{"254":326.48059925292523,"185":284.06480906182935,"230":290.82707187761883,"266":178.35792862610987,"145":324.1719839646928,"229":185.1903355230005,"300":348.8919145674743,"69":352.7807371090276}}}
{"op_code":8,"worker_id":"08f24624-e3e2-44ef-a556-87dbb207cf37-8316722560","trial_id":18,"user_attr":{"val_efc_mean":84.5606249375}}
{"op_code":8,"worker_id":"08f24624-e3e2-44ef-a556-87dbb207cf37-8316722560","trial_id":18,"user_attr":{"converged_share":1.0}}
{"op_code":8,"worker_id":"08f24624-e3e2-44ef-a556-87dbb207cf37-8316722560","trial_id":18,"user_attr":{"wall_s":462.72788977622986}}
{"op_code":6,"worker_id":"08f24624-e3e2-44ef-a556-87dbb207cf37-8316722560","trial_id":18,"state":1,"values":[286.3456724978348],"datetime_complete":"2026-10-08T05:08:38.333084"}
{"op_code":4,"worker_id":"08f24624-e3e2-44ef-a556-87dbb207cf37-8316722560","study_id":0,"datetime_start":"2026-10-08T05:11:59.275029"}
{"op_code":9,"worker_id":"08f24624-e3e2-44ef-a556-87dbb207cf37-8316722560","trial_id":20,"system_attr":{"tpe:relative_params:0":"{\"batch\": 128, \"bc_guide_prob\": 0.19151750035533122, \"bc_reg\": 0.9763196829692931, \"bc_reg_decay_frac\": 0.5649054805854282, \"eps_decay_frac\": 0.1995140614094793, \"gamma\": 0.9882932894609878, \"lr\": 0.0022487728515835997, \"n_step\": 4, \"reward_scale\": 34.58142311924291, \"target_sync\": 500}"}}
{"op_code":5,"worker_id":"08f24624-e3e2-44ef-a556-87dbb207cf37-8316722560","trial_id":20,"param_name":"lr","param_value_internal":0.0022487728515835997,"distribution":"{\"name\": \"FloatDistribution\", \"attributes\": {\"step\": null, \"low\": 0.0001, \"high\": 0.003, \"log\": true}}"}
{"op_code":5,"worker_id":"08f24624-e3e2-44ef-a556-87dbb207cf37-8316722560","trial_id":20,"param_name":"gamma","param_value_internal":0.9882932894609878,"distribution":"{\"name\": \"FloatDistribution\", \"attributes\": {\"step\": null, \"low\": 0.98, \"high\": 0.999, \"log\": false}}"}
{"op_code":5,"worker_id":"08f24624-e3e2-44ef-a556-87dbb207cf37-8316722560","trial_id":20,"param_name":"n_step","param_value_internal":2,"distribution":"{\"name\": \"CategoricalDistribution\", \"attributes\": {\"choices\": [1, 2, 4, 8, 16]}}"}
{"op_code":5,"worker_id":"08f24624-e3e2-44ef-a556-87dbb207cf37-8316722560","trial_id":20,"param_name":"batch","param_value_internal":1,"distribution":"{\"name\": \"CategoricalDistribution\", \"attributes\": {\"choices\": [64, 128, 256]}}"}
{"op_code":5,"worker_id":"08f24624-e3e2-44ef-a556-87dbb207cf37-8316722560","trial_id":20,"param_name":"target_sync","param_value_internal":0,"distribution":"{\"name\": \"CategoricalDistribution\", \"attributes\": {\"choices\": [500, 1000, 2000, 5000, 10000]}}"}
{"op_code":5,"worker_id":"08f24624-e3e2-44ef-a556-87dbb207cf37-8316722560","trial_id":20,"param_name":"eps_decay_frac","param_value_internal":0.1995140614094793,"distribution":"{\"name\": \"FloatDistribution\", \"attributes\": {\"step\": null, \"low\": 0.1, \"high\": 0.6, \"log\": false}}"}
{"op_code":5,"worker_id":"08f24624-e3e2-44ef-a556-87dbb207cf37-8316722560","trial_id":20,"param_name":"reward_scale","param_value_internal":34.58142311924291,"distribution":"{\"name\": \"FloatDistribution\", \"attributes\": {\"step\": null, \"low\": 5.0, \"high\": 80.0, \"log\": true}}"}
{"op_code":5,"worker_id":"08f24624-e3e2-44ef-a556-87dbb207cf37-8316722560","trial_id":20,"param_name":"bc_reg","param_value_internal":0.9763196829692931,"distribution":"{\"name\": \"FloatDistribution\", \"attributes\": {\"step\": null, \"low\": 0.0, \"high\": 3.0, \"log\": false}}"}
{"op_code":5,"worker_id":"08f24624-e3e2-44ef-a556-87dbb207cf37-8316722560","trial_id":20,"param_name":"bc_reg_decay_frac","param_value_internal":0.5649054805854282,"distribution":"{\"name\": \"FloatDistribution\", \"attributes\": {\"step\": null, \"low\": 0.1, \"high\": 1.0, \"log\": false}}"}
{"op_code":5,"worker_id":"08f24624-e3e2-44ef-a556-87dbb207cf37-8316722560","trial_id":20,"param_name":"bc_guide_prob","param_value_internal":0.19151750035533122,"distribution":"{\"name\": \"FloatDistribution\", \"attributes\": {\"step\": null, \"low\": 0.0, \"high\": 1.0, \"log\": false}}"}
{"op_code":8,"worker_id":"08f24624-e3e2-44ef-a556-87dbb207cf37-8316722560","trial_id":20,"user_attr":{"tag":"c1a587ee741b3"}}
{"op_code":8,"worker_id":"08f24624-e3e2-44ef-a556-87dbb207cf37-8316722560","trial_id":20,"user_attr":{"overrides":{"gamma":0.9882932894609878,"bc_reg":0.9763196829692931,"hidden":64,"clone_lr":0.0035623781604653747,"clone_batch":128,"clone_weight_decay":0.0001,"clone_class_power":0.13569395684118885,"clone_label_smoothing":0.05,"clone_patience":5,"lr":0.0022487728515835997,"n_step":4,"batch":128,"target_sync":500,"eps_decay_frac":0.1995140614094793,"reward_scale":34.58142311924291,"bc_reg_decay_frac":0.5649054805854282,"bc_guide_prob":0.19151750035533122}}}
{"op_code":7,"worker_id":"08f24624-e3e2-44ef-a556-87dbb207cf37-8316722560","trial_id":19,"step":8,"intermediate_value":286.76739874153344}
{"op_code":8,"worker_id":"08f24624-e3e2-44ef-a556-87dbb207cf37-8316722560","trial_id":19,"user_attr":{"hh_saving":{"254":327.48536207884484,"185":283.8840043249335,"230":291.0073639855428,"266":178.89617183324535,"145":324.7079826916552,"229":184.40992801914786,"300":350.78834325516857,"69":352.96003374372947}}}
{"op_code":8,"worker_id":"08f24624-e3e2-44ef-a556-87dbb207cf37-8316722560","trial_id":19,"user_attr":{"val_efc_mean":84.73730390624999}}
{"op_code":8,"worker_id":"08f24624-e3e2-44ef-a556-87dbb207cf37-8316722560","trial_id":19,"user_attr":{"converged_share":1.0}}
{"op_code":8,"worker_id":"08f24624-e3e2-44ef-a556-87dbb207cf37-8316722560","trial_id":19,"user_attr":{"wall_s":598.224632024765}}
{"op_code":6,"worker_id":"08f24624-e3e2-44ef-a556-87dbb207cf37-8316722560","trial_id":19,"state":1,"values":[286.76739874153344],"datetime_complete":"2026-10-08T05:12:46.457322"}
{"op_code":4,"worker_id":"08f24624-e3e2-44ef-a556-87dbb207cf37-8316722560","study_id":0,"datetime_start":"2026-10-08T05:14:46.978416"}
{"op_code":9,"worker_id":"08f24624-e3e2-44ef-a556-87dbb207cf37-8316722560","trial_id":21,"system_attr":{"tpe:relative_params:0":"{\"batch\": 128, \"bc_guide_prob\": 0.031269872847669786, \"bc_reg\": 2.328952958116326, \"bc_reg_decay_frac\": 0.877426542634109, \"eps_decay_frac\": 0.5850712013152706, \"gamma\": 0.9989988270393562, \"lr\": 0.0009199904338605031, \"n_step\": 4, \"reward_scale\": 5.656572597378852, \"target_sync\": 10000}"}}
{"op_code":5,"worker_id":"08f24624-e3e2-44ef-a556-87dbb207cf37-8316722560","trial_id":21,"param_name":"lr","param_value_internal":0.0009199904338605031,"distribution":"{\"name\": \"FloatDistribution\", \"attributes\": {\"step\": null, \"low\": 0.0001, \"high\": 0.003, \"log\": true}}"}
{"op_code":5,"worker_id":"08f24624-e3e2-44ef-a556-87dbb207cf37-8316722560","trial_id":21,"param_name":"gamma","param_value_internal":0.9989988270393562,"distribution":"{\"name\": \"FloatDistribution\", \"attributes\": {\"step\": null, \"low\": 0.98, \"high\": 0.999, \"log\": false}}"}
{"op_code":5,"worker_id":"08f24624-e3e2-44ef-a556-87dbb207cf37-8316722560","trial_id":21,"param_name":"n_step","param_value_internal":2,"distribution":"{\"name\": \"CategoricalDistribution\", \"attributes\": {\"choices\": [1, 2, 4, 8, 16]}}"}
{"op_code":5,"worker_id":"08f24624-e3e2-44ef-a556-87dbb207cf37-8316722560","trial_id":21,"param_name":"batch","param_value_internal":1,"distribution":"{\"name\": \"CategoricalDistribution\", \"attributes\": {\"choices\": [64, 128, 256]}}"}
{"op_code":5,"worker_id":"08f24624-e3e2-44ef-a556-87dbb207cf37-8316722560","trial_id":21,"param_name":"target_sync","param_value_internal":4,"distribution":"{\"name\": \"CategoricalDistribution\", \"attributes\": {\"choices\": [500, 1000, 2000, 5000, 10000]}}"}
{"op_code":5,"worker_id":"08f24624-e3e2-44ef-a556-87dbb207cf37-8316722560","trial_id":21,"param_name":"eps_decay_frac","param_value_internal":0.5850712013152706,"distribution":"{\"name\": \"FloatDistribution\", \"attributes\": {\"step\": null, \"low\": 0.1, \"high\": 0.6, \"log\": false}}"}
{"op_code":5,"worker_id":"08f24624-e3e2-44ef-a556-87dbb207cf37-8316722560","trial_id":21,"param_name":"reward_scale","param_value_internal":5.656572597378852,"distribution":"{\"name\": \"FloatDistribution\", \"attributes\": {\"step\": null, \"low\": 5.0, \"high\": 80.0, \"log\": true}}"}
{"op_code":5,"worker_id":"08f24624-e3e2-44ef-a556-87dbb207cf37-8316722560","trial_id":21,"param_name":"bc_reg","param_value_internal":2.328952958116326,"distribution":"{\"name\": \"FloatDistribution\", \"attributes\": {\"step\": null, \"low\": 0.0, \"high\": 3.0, \"log\": false}}"}
{"op_code":5,"worker_id":"08f24624-e3e2-44ef-a556-87dbb207cf37-8316722560","trial_id":21,"param_name":"bc_reg_decay_frac","param_value_internal":0.877426542634109,"distribution":"{\"name\": \"FloatDistribution\", \"attributes\": {\"step\": null, \"low\": 0.1, \"high\": 1.0, \"log\": false}}"}
{"op_code":5,"worker_id":"08f24624-e3e2-44ef-a556-87dbb207cf37-8316722560","trial_id":21,"param_name":"bc_guide_prob","param_value_internal":0.031269872847669786,"distribution":"{\"name\": \"FloatDistribution\", \"attributes\": {\"step\": null, \"low\": 0.0, \"high\": 1.0, \"log\": false}}"}
{"op_code":8,"worker_id":"08f24624-e3e2-44ef-a556-87dbb207cf37-8316722560","trial_id":21,"user_attr":{"tag":"cb1fa9c1df501"}}
{"op_code":8,"worker_id":"08f24624-e3e2-44ef-a556-87dbb207cf37-8316722560","trial_id":21,"user_attr":{"overrides":{"gamma":0.9989988270393562,"bc_reg":2.328952958116326,"hidden":64,"clone_lr":0.0035623781604653747,"clone_batch":128,"clone_weight_decay":0.0001,"clone_class_power":0.13569395684118885,"clone_label_smoothing":0.05,"clone_patience":5,"lr":0.0009199904338605031,"n_step":4,"batch":128,"target_sync":10000,"eps_decay_frac":0.5850712013152706,"reward_scale":5.656572597378852,"bc_reg_decay_frac":0.877426542634109,"bc_guide_prob":0.031269872847669786}}}
{"op_code":7,"worker_id":"08f24624-e3e2-44ef-a556-87dbb207cf37-8316722560","trial_id":20,"step":3,"intermediate_value":300.2031630626472}
{"op_code":8,"worker_id":"08f24624-e3e2-44ef-a556-87dbb207cf37-8316722560","trial_id":20,"user_attr":{"hh_saving":{"254":326.02230688088133,"185":283.6052626412658,"230":290.98191966579435}}}
{"op_code":8,"worker_id":"08f24624-e3e2-44ef-a556-87dbb207cf37-8316722560","trial_id":20,"user_attr":{"val_efc_mean":94.2689945}}
{"op_code":8,"worker_id":"08f24624-e3e2-44ef-a556-87dbb207cf37-8316722560","trial_id":20,"user_attr":{"converged_share":1.0}}
{"op_code":8,"worker_id":"08f24624-e3e2-44ef-a556-87dbb207cf37-8316722560","trial_id":20,"user_attr":{"wall_s":243.50798892974854}}
{"op_code":6,"worker_id":"08f24624-e3e2-44ef-a556-87dbb207cf37-8316722560","trial_id":20,"state":2,"values":[300.2031630626472],"datetime_complete":"2026-10-08T05:16:02.790885"}
{"op_code":4,"worker_id":"08f24624-e3e2-44ef-a556-87dbb207cf37-8316722560","study_id":0,"datetime_start":"2026-10-08T05:16:17.363807"}
{"op_code":9,"worker_id":"08f24624-e3e2-44ef-a556-87dbb207cf37-8316722560","trial_id":22,"system_attr":{"tpe:relative_params:0":"{\"batch\": 128, \"bc_guide_prob\": 0.032519410771859096, \"bc_reg\": 2.0002533192790266, \"bc_reg_decay_frac\": 0.6815665977167288, \"eps_decay_frac\": 0.3200585522010916, \"gamma\": 0.9893229440502245, \"lr\": 0.0005350911410854352, \"n_step\": 4, \"reward_scale\": 9.355704917369017, \"target_sync\": 10000}"}}
{"op_code":5,"worker_id":"08f24624-e3e2-44ef-a556-87dbb207cf37-8316722560","trial_id":22,"param_name":"lr","param_value_internal":0.0005350911410854352,"distribution":"{\"name\": \"FloatDistribution\", \"attributes\": {\"step\": null, \"low\": 0.0001, \"high\": 0.003, \"log\": true}}"}
{"op_code":5,"worker_id":"08f24624-e3e2-44ef-a556-87dbb207cf37-8316722560","trial_id":22,"param_name":"gamma","param_value_internal":0.9893229440502245,"distribution":"{\"name\": \"FloatDistribution\", \"attributes\": {\"step\": null, \"low\": 0.98, \"high\": 0.999, \"log\": false}}"}
{"op_code":5,"worker_id":"08f24624-e3e2-44ef-a556-87dbb207cf37-8316722560","trial_id":22,"param_name":"n_step","param_value_internal":2,"distribution":"{\"name\": \"CategoricalDistribution\", \"attributes\": {\"choices\": [1, 2, 4, 8, 16]}}"}
{"op_code":5,"worker_id":"08f24624-e3e2-44ef-a556-87dbb207cf37-8316722560","trial_id":22,"param_name":"batch","param_value_internal":1,"distribution":"{\"name\": \"CategoricalDistribution\", \"attributes\": {\"choices\": [64, 128, 256]}}"}
{"op_code":5,"worker_id":"08f24624-e3e2-44ef-a556-87dbb207cf37-8316722560","trial_id":22,"param_name":"target_sync","param_value_internal":4,"distribution":"{\"name\": \"CategoricalDistribution\", \"attributes\": {\"choices\": [500, 1000, 2000, 5000, 10000]}}"}
{"op_code":5,"worker_id":"08f24624-e3e2-44ef-a556-87dbb207cf37-8316722560","trial_id":22,"param_name":"eps_decay_frac","param_value_internal":0.3200585522010916,"distribution":"{\"name\": \"FloatDistribution\", \"attributes\": {\"step\": null, \"low\": 0.1, \"high\": 0.6, \"log\": false}}"}
{"op_code":5,"worker_id":"08f24624-e3e2-44ef-a556-87dbb207cf37-8316722560","trial_id":22,"param_name":"reward_scale","param_value_internal":9.355704917369017,"distribution":"{\"name\": \"FloatDistribution\", \"attributes\": {\"step\": null, \"low\": 5.0, \"high\": 80.0, \"log\": true}}"}
{"op_code":5,"worker_id":"08f24624-e3e2-44ef-a556-87dbb207cf37-8316722560","trial_id":22,"param_name":"bc_reg","param_value_internal":2.0002533192790266,"distribution":"{\"name\": \"FloatDistribution\", \"attributes\": {\"step\": null, \"low\": 0.0, \"high\": 3.0, \"log\": false}}"}
{"op_code":5,"worker_id":"08f24624-e3e2-44ef-a556-87dbb207cf37-8316722560","trial_id":22,"param_name":"bc_reg_decay_frac","param_value_internal":0.6815665977167288,"distribution":"{\"name\": \"FloatDistribution\", \"attributes\": {\"step\": null, \"low\": 0.1, \"high\": 1.0, \"log\": false}}"}
{"op_code":5,"worker_id":"08f24624-e3e2-44ef-a556-87dbb207cf37-8316722560","trial_id":22,"param_name":"bc_guide_prob","param_value_internal":0.032519410771859096,"distribution":"{\"name\": \"FloatDistribution\", \"attributes\": {\"step\": null, \"low\": 0.0, \"high\": 1.0, \"log\": false}}"}
{"op_code":8,"worker_id":"08f24624-e3e2-44ef-a556-87dbb207cf37-8316722560","trial_id":22,"user_attr":{"tag":"c85e2633b7c79"}}
{"op_code":8,"worker_id":"08f24624-e3e2-44ef-a556-87dbb207cf37-8316722560","trial_id":22,"user_attr":{"overrides":{"gamma":0.9893229440502245,"bc_reg":2.0002533192790266,"hidden":64,"clone_lr":0.0035623781604653747,"clone_batch":128,"clone_weight_decay":0.0001,"clone_class_power":0.13569395684118885,"clone_label_smoothing":0.05,"clone_patience":5,"lr":0.0005350911410854352,"n_step":4,"batch":128,"target_sync":10000,"eps_decay_frac":0.3200585522010916,"reward_scale":9.355704917369017,"bc_reg_decay_frac":0.6815665977167288,"bc_guide_prob":0.032519410771859096}}}
{"op_code":7,"worker_id":"08f24624-e3e2-44ef-a556-87dbb207cf37-8316722560","trial_id":21,"step":3,"intermediate_value":300.4396941727865}
{"op_code":7,"worker_id":"08f24624-e3e2-44ef-a556-87dbb207cf37-8316722560","trial_id":22,"step":3,"intermediate_value":300.55765972323377}
{"op_code":7,"worker_id":"08f24624-e3e2-44ef-a556-87dbb207cf37-8316722560","trial_id":21,"step":8,"intermediate_value":286.18084412141627}
{"op_code":8,"worker_id":"08f24624-e3e2-44ef-a556-87dbb207cf37-8316722560","trial_id":21,"user_attr":{"hh_saving":{"254":326.3072947262334,"185":284.0336885649478,"230":290.9780992271784,"266":175.29445430706195,"145":324.22707393451464,"229":185.51445215887344,"300":350.44291128032785,"69":352.6487787721929}}}
{"op_code":8,"worker_id":"08f24624-e3e2-44ef-a556-87dbb207cf37-8316722560","trial_id":21,"user_attr":{"val_efc_mean":84.64016184375001}}
{"op_code":8,"worker_id":"08f24624-e3e2-44ef-a556-87dbb207cf37-8316722560","trial_id":21,"user_attr":{"converged_share":0.75}}
{"op_code":8,"worker_id":"08f24624-e3e2-44ef-a556-87dbb207cf37-8316722560","trial_id":21,"user_attr":{"wall_s":524.2524988651276}}
{"op_code":6,"worker_id":"08f24624-e3e2-44ef-a556-87dbb207cf37-8316722560","trial_id":21,"state":1,"values":[286.18084412141627],"datetime_complete":"2026-10-08T05:23:31.238155"}
{"op_code":4,"worker_id":"08f24624-e3e2-44ef-a556-87dbb207cf37-8316722560","study_id":0,"datetime_start":"2026-10-08T05:25:38.117680"}
{"op_code":9,"worker_id":"08f24624-e3e2-44ef-a556-87dbb207cf37-8316722560","trial_id":23,"system_attr":{"tpe:relative_params:0":"{\"batch\": 128, \"bc_guide_prob\": 0.1043794362314223, \"bc_reg\": 2.689164774106669, \"bc_reg_decay_frac\": 0.8985767358306896, \"eps_decay_frac\": 0.1344509314821225, \"gamma\": 0.9908121720404843, \"lr\": 0.0010103721934292442, \"n_step\": 1, \"reward_scale\": 14.223020909959304, \"target_sync\": 10000}"}}
{"op_code":5,"worker_id":"08f24624-e3e2-44ef-a556-87dbb207cf37-8316722560","trial_id":23,"param_name":"lr","param_value_internal":0.0010103721934292442,"distribution":"{\"name\": \"FloatDistribution\", \"attributes\": {\"step\": null, \"low\": 0.0001, \"high\": 0.003, \"log\": true}}"}
{"op_code":5,"worker_id":"08f24624-e3e2-44ef-a556-87dbb207cf37-8316722560","trial_id":23,"param_name":"gamma","param_value_internal":0.9908121720404843,"distribution":"{\"name\": \"FloatDistribution\", \"attributes\": {\"step\": null, \"low\": 0.98, \"high\": 0.999, \"log\": false}}"}
{"op_code":5,"worker_id":"08f24624-e3e2-44ef-a556-87dbb207cf37-8316722560","trial_id":23,"param_name":"n_step","param_value_internal":0,"distribution":"{\"name\": \"CategoricalDistribution\", \"attributes\": {\"choices\": [1, 2, 4, 8, 16]}}"}
{"op_code":5,"worker_id":"08f24624-e3e2-44ef-a556-87dbb207cf37-8316722560","trial_id":23,"param_name":"batch","param_value_internal":1,"distribution":"{\"name\": \"CategoricalDistribution\", \"attributes\": {\"choices\": [64, 128, 256]}}"}
{"op_code":5,"worker_id":"08f24624-e3e2-44ef-a556-87dbb207cf37-8316722560","trial_id":23,"param_name":"target_sync","param_value_internal":4,"distribution":"{\"name\": \"CategoricalDistribution\", \"attributes\": {\"choices\": [500, 1000, 2000, 5000, 10000]}}"}
{"op_code":5,"worker_id":"08f24624-e3e2-44ef-a556-87dbb207cf37-8316722560","trial_id":23,"param_name":"eps_decay_frac","param_value_internal":0.1344509314821225,"distribution":"{\"name\": \"FloatDistribution\", \"attributes\": {\"step\": null, \"low\": 0.1, \"high\": 0.6, \"log\": false}}"}
{"op_code":5,"worker_id":"08f24624-e3e2-44ef-a556-87dbb207cf37-8316722560","trial_id":23,"param_name":"reward_scale","param_value_internal":14.223020909959304,"distribution":"{\"name\": \"FloatDistribution\", \"attributes\": {\"step\": null, \"low\": 5.0, \"high\": 80.0, \"log\": true}}"}
{"op_code":5,"worker_id":"08f24624-e3e2-44ef-a556-87dbb207cf37-8316722560","trial_id":23,"param_name":"bc_reg","param_value_internal":2.689164774106669,"distribution":"{\"name\": \"FloatDistribution\", \"attributes\": {\"step\": null, \"low\": 0.0, \"high\": 3.0, \"log\": false}}"}
{"op_code":5,"worker_id":"08f24624-e3e2-44ef-a556-87dbb207cf37-8316722560","trial_id":23,"param_name":"bc_reg_decay_frac","param_value_internal":0.8985767358306896,"distribution":"{\"name\": \"FloatDistribution\", \"attributes\": {\"step\": null, \"low\": 0.1, \"high\": 1.0, \"log\": false}}"}
{"op_code":5,"worker_id":"08f24624-e3e2-44ef-a556-87dbb207cf37-8316722560","trial_id":23,"param_name":"bc_guide_prob","param_value_internal":0.1043794362314223,"distribution":"{\"name\": \"FloatDistribution\", \"attributes\": {\"step\": null, \"low\": 0.0, \"high\": 1.0, \"log\": false}}"}
{"op_code":8,"worker_id":"08f24624-e3e2-44ef-a556-87dbb207cf37-8316722560","trial_id":23,"user_attr":{"tag":"c082d1a699a89"}}
{"op_code":8,"worker_id":"08f24624-e3e2-44ef-a556-87dbb207cf37-8316722560","trial_id":23,"user_attr":{"overrides":{"gamma":0.9908121720404843,"bc_reg":2.689164774106669,"hidden":64,"clone_lr":0.0035623781604653747,"clone_batch":128,"clone_weight_decay":0.0001,"clone_class_power":0.13569395684118885,"clone_label_smoothing":0.05,"clone_patience":5,"lr":0.0010103721934292442,"n_step":1,"batch":128,"target_sync":10000,"eps_decay_frac":0.1344509314821225,"reward_scale":14.223020909959304,"bc_reg_decay_frac":0.8985767358306896,"bc_guide_prob":0.1043794362314223}}}
{"op_code":7,"worker_id":"08f24624-e3e2-44ef-a556-87dbb207cf37-8316722560","trial_id":22,"step":8,"intermediate_value":286.45252852023873}
{"op_code":8,"worker_id":"08f24624-e3e2-44ef-a556-87dbb207cf37-8316722560","trial_id":22,"user_attr":{"hh_saving":{"254":326.9113106518755,"185":283.88873479746604,"230":290.8729337203598,"266":178.35619304092114,"145":324.0968992422323,"229":184.10346279829363,"300":350.6165351942352,"69":352.77415871652624}}}
{"op_code":8,"worker_id":"08f24624-e3e2-44ef-a556-87dbb207cf37-8316722560","trial_id":22,"user_attr":{"val_efc_mean":84.69942315624999}}
{"op_code":8,"worker_id":"08f24624-e3e2-44ef-a556-87dbb207cf37-8316722560","trial_id":22,"user_attr":{"converged_share":1.0}}
{"op_code":8,"worker_id":"08f24624-e3e2-44ef-a556-87dbb207cf37-8316722560","trial_id":22,"user_attr":{"wall_s":641.1465301513672}}
{"op_code":6,"worker_id":"08f24624-e3e2-44ef-a556-87dbb207cf37-8316722560","trial_id":22,"state":1,"values":[286.45252852023873],"datetime_complete":"2026-10-08T05:26:58.517559"}
{"op_code":4,"worker_id":"08f24624-e3e2-44ef-a556-87dbb207cf37-8316722560","study_id":0,"datetime_start":"2026-10-08T05:27:55.969743"}
{"op_code":9,"worker_id":"08f24624-e3e2-44ef-a556-87dbb207cf37-8316722560","trial_id":24,"system_attr":{"tpe:relative_params:0":"{\"batch\": 128, \"bc_guide_prob\": 0.07926256806132864, \"bc_reg\": 2.273146564122782, \"bc_reg_decay_frac\": 0.9605690642066737, \"eps_decay_frac\": 0.2713815606427175, \"gamma\": 0.9924629345229667, \"lr\": 0.0016219294108730494, \"n_step\": 4, \"reward_scale\": 52.803223510748175, \"target_sync\": 10000}"}}
{"op_code":5,"worker_id":"08f24624-e3e2-44ef-a556-87dbb207cf37-8316722560","trial_id":24,"param_name":"lr","param_value_internal":0.0016219294108730494,"distribution":"{\"name\": \"FloatDistribution\", \"attributes\": {\"step\": null, \"low\": 0.0001, \"high\": 0.003, \"log\": true}}"}
{"op_code":5,"worker_id":"08f24624-e3e2-44ef-a556-87dbb207cf37-8316722560","trial_id":24,"param_name":"gamma","param_value_internal":0.9924629345229667,"distribution":"{\"name\": \"FloatDistribution\", \"attributes\": {\"step\": null, \"low\": 0.98, \"high\": 0.999, \"log\": false}}"}
{"op_code":5,"worker_id":"08f24624-e3e2-44ef-a556-87dbb207cf37-8316722560","trial_id":24,"param_name":"n_step","param_value_internal":2,"distribution":"{\"name\": \"CategoricalDistribution\", \"attributes\": {\"choices\": [1, 2, 4, 8, 16]}}"}
{"op_code":5,"worker_id":"08f24624-e3e2-44ef-a556-87dbb207cf37-8316722560","trial_id":24,"param_name":"batch","param_value_internal":1,"distribution":"{\"name\": \"CategoricalDistribution\", \"attributes\": {\"choices\": [64, 128, 256]}}"}
{"op_code":5,"worker_id":"08f24624-e3e2-44ef-a556-87dbb207cf37-8316722560","trial_id":24,"param_name":"target_sync","param_value_internal":4,"distribution":"{\"name\": \"CategoricalDistribution\", \"attributes\": {\"choices\": [500, 1000, 2000, 5000, 10000]}}"}
{"op_code":5,"worker_id":"08f24624-e3e2-44ef-a556-87dbb207cf37-8316722560","trial_id":24,"param_name":"eps_decay_frac","param_value_internal":0.2713815606427175,"distribution":"{\"name\": \"FloatDistribution\", \"attributes\": {\"step\": null, \"low\": 0.1, \"high\": 0.6, \"log\": false}}"}
{"op_code":5,"worker_id":"08f24624-e3e2-44ef-a556-87dbb207cf37-8316722560","trial_id":24,"param_name":"reward_scale","param_value_internal":52.803223510748175,"distribution":"{\"name\": \"FloatDistribution\", \"attributes\": {\"step\": null, \"low\": 5.0, \"high\": 80.0, \"log\": true}}"}
{"op_code":5,"worker_id":"08f24624-e3e2-44ef-a556-87dbb207cf37-8316722560","trial_id":24,"param_name":"bc_reg","param_value_internal":2.273146564122782,"distribution":"{\"name\": \"FloatDistribution\", \"attributes\": {\"step\": null, \"low\": 0.0, \"high\": 3.0, \"log\": false}}"}
{"op_code":5,"worker_id":"08f24624-e3e2-44ef-a556-87dbb207cf37-8316722560","trial_id":24,"param_name":"bc_reg_decay_frac","param_value_internal":0.9605690642066737,"distribution":"{\"name\": \"FloatDistribution\", \"attributes\": {\"step\": null, \"low\": 0.1, \"high\": 1.0, \"log\": false}}"}
{"op_code":5,"worker_id":"08f24624-e3e2-44ef-a556-87dbb207cf37-8316722560","trial_id":24,"param_name":"bc_guide_prob","param_value_internal":0.07926256806132864,"distribution":"{\"name\": \"FloatDistribution\", \"attributes\": {\"step\": null, \"low\": 0.0, \"high\": 1.0, \"log\": false}}"}
{"op_code":8,"worker_id":"08f24624-e3e2-44ef-a556-87dbb207cf37-8316722560","trial_id":24,"user_attr":{"tag":"ceeab9dd9c997"}}
{"op_code":8,"worker_id":"08f24624-e3e2-44ef-a556-87dbb207cf37-8316722560","trial_id":24,"user_attr":{"overrides":{"gamma":0.9924629345229667,"bc_reg":2.273146564122782,"hidden":64,"clone_lr":0.0035623781604653747,"clone_batch":128,"clone_weight_decay":0.0001,"clone_class_power":0.13569395684118885,"clone_label_smoothing":0.05,"clone_patience":5,"lr":0.0016219294108730494,"n_step":4,"batch":128,"target_sync":10000,"eps_decay_frac":0.2713815606427175,"reward_scale":52.803223510748175,"bc_reg_decay_frac":0.9605690642066737,"bc_guide_prob":0.07926256806132864}}}
{"op_code":7,"worker_id":"08f24624-e3e2-44ef-a556-87dbb207cf37-8316722560","trial_id":23,"step":3,"intermediate_value":300.5937919699462}
{"op_code":7,"worker_id":"08f24624-e3e2-44ef-a556-87dbb207cf37-8316722560","trial_id":24,"step":3,"intermediate_value":300.80948728950676}
{"op_code":7,"worker_id":"08f24624-e3e2-44ef-a556-87dbb207cf37-8316722560","trial_id":23,"step":8,"intermediate_value":286.27761587276495}
{"op_code":8,"worker_id":"08f24624-e3e2-44ef-a556-87dbb207cf37-8316722560","trial_id":23,"user_attr":{"hh_saving":{"254":326.2034207957145,"185":284.20707383360696,"230":291.3708812805172,"266":175.6157642959627,"145":324.165807807712,"229":183.60954241431048,"300":351.908629278748,"69":353.13980727554804}}}
{"op_code":8,"worker_id":"08f24624-e3e2-44ef-a556-87dbb207cf37-8316722560","trial_id":23,"user_attr":{"val_efc_mean":84.68357540625}}
{"op_code":8,"worker_id":"08f24624-e3e2-44ef-a556-87dbb207cf37-8316722560","trial_id":23,"user_attr":{"converged_share":1.0}}
{"op_code":8,"worker_id":"08f24624-e3e2-44ef-a556-87dbb207cf37-8316722560","trial_id":23,"user_attr":{"wall_s":525.7725579738617}}
{"op_code":6,"worker_id":"08f24624-e3e2-44ef-a556-87dbb207cf37-8316722560","trial_id":23,"state":1,"values":[286.27761587276495],"datetime_complete":"2026-10-08T05:34:23.897549"}
{"op_code":4,"worker_id":"08f24624-e3e2-44ef-a556-87dbb207cf37-8316722560","study_id":0,"datetime_start":"2026-10-08T05:35:47.428359"}
{"op_code":9,"worker_id":"08f24624-e3e2-44ef-a556-87dbb207cf37-8316722560","trial_id":25,"system_attr":{"tpe:relative_params:0":"{\"batch\": 128, \"bc_guide_prob\": 0.14174763951889174, \"bc_reg\": 1.782113631451651, \"bc_reg_decay_frac\": 0.785039395719125, \"eps_decay_frac\": 0.2409537693070394, \"gamma\": 0.9915871279930254, \"lr\": 0.0020383627838756768, \"n_step\": 16, \"reward_scale\": 12.990082884999925, \"target_sync\": 5000}"}}
{"op_code":5,"worker_id":"08f24624-e3e2-44ef-a556-87dbb207cf37-8316722560","trial_id":25,"param_name":"lr","param_value_internal":0.0020383627838756768,"distribution":"{\"name\": \"FloatDistribution\", \"attributes\": {\"step\": null, \"low\": 0.0001, \"high\": 0.003, \"log\": true}}"}
{"op_code":5,"worker_id":"08f24624-e3e2-44ef-a556-87dbb207cf37-8316722560","trial_id":25,"param_name":"gamma","param_value_internal":0.9915871279930254,"distribution":"{\"name\": \"FloatDistribution\", \"attributes\": {\"step\": null, \"low\": 0.98, \"high\": 0.999, \"log\": false}}"}
{"op_code":5,"worker_id":"08f24624-e3e2-44ef-a556-87dbb207cf37-8316722560","trial_id":25,"param_name":"n_step","param_value_internal":4,"distribution":"{\"name\": \"CategoricalDistribution\", \"attributes\": {\"choices\": [1, 2, 4, 8, 16]}}"}
{"op_code":5,"worker_id":"08f24624-e3e2-44ef-a556-87dbb207cf37-8316722560","trial_id":25,"param_name":"batch","param_value_internal":1,"distribution":"{\"name\": \"CategoricalDistribution\", \"attributes\": {\"choices\": [64, 128, 256]}}"}
{"op_code":5,"worker_id":"08f24624-e3e2-44ef-a556-87dbb207cf37-8316722560","trial_id":25,"param_name":"target_sync","param_value_internal":3,"distribution":"{\"name\": \"CategoricalDistribution\", \"attributes\": {\"choices\": [500, 1000, 2000, 5000, 10000]}}"}
{"op_code":5,"worker_id":"08f24624-e3e2-44ef-a556-87dbb207cf37-8316722560","trial_id":25,"param_name":"eps_decay_frac","param_value_internal":0.2409537693070394,"distribution":"{\"name\": \"FloatDistribution\", \"attributes\": {\"step\": null, \"low\": 0.1, \"high\": 0.6, \"log\": false}}"}
{"op_code":5,"worker_id":"08f24624-e3e2-44ef-a556-87dbb207cf37-8316722560","trial_id":25,"param_name":"reward_scale","param_value_internal":12.990082884999925,"distribution":"{\"name\": \"FloatDistribution\", \"attributes\": {\"step\": null, \"low\": 5.0, \"high\": 80.0, \"log\": true}}"}
{"op_code":5,"worker_id":"08f24624-e3e2-44ef-a556-87dbb207cf37-8316722560","trial_id":25,"param_name":"bc_reg","param_value_internal":1.782113631451651,"distribution":"{\"name\": \"FloatDistribution\", \"attributes\": {\"step\": null, \"low\": 0.0, \"high\": 3.0, \"log\": false}}"}
{"op_code":5,"worker_id":"08f24624-e3e2-44ef-a556-87dbb207cf37-8316722560","trial_id":25,"param_name":"bc_reg_decay_frac","param_value_internal":0.785039395719125,"distribution":"{\"name\": \"FloatDistribution\", \"attributes\": {\"step\": null, \"low\": 0.1, \"high\": 1.0, \"log\": false}}"}
{"op_code":5,"worker_id":"08f24624-e3e2-44ef-a556-87dbb207cf37-8316722560","trial_id":25,"param_name":"bc_guide_prob","param_value_internal":0.14174763951889174,"distribution":"{\"name\": \"FloatDistribution\", \"attributes\": {\"step\": null, \"low\": 0.0, \"high\": 1.0, \"log\": false}}"}
{"op_code":8,"worker_id":"08f24624-e3e2-44ef-a556-87dbb207cf37-8316722560","trial_id":25,"user_attr":{"tag":"c8e0cab774ac9"}}
{"op_code":8,"worker_id":"08f24624-e3e2-44ef-a556-87dbb207cf37-8316722560","trial_id":25,"user_attr":{"overrides":{"gamma":0.9915871279930254,"bc_reg":1.782113631451651,"hidden":64,"clone_lr":0.0035623781604653747,"clone_batch":128,"clone_weight_decay":0.0001,"clone_class_power":0.13569395684118885,"clone_label_smoothing":0.05,"clone_patience":5,"lr":0.0020383627838756768,"n_step":16,"batch":128,"target_sync":5000,"eps_decay_frac":0.2409537693070394,"reward_scale":12.990082884999925,"bc_reg_decay_frac":0.785039395719125,"bc_guide_prob":0.14174763951889174}}}
{"op_code":7,"worker_id":"08f24624-e3e2-44ef-a556-87dbb207cf37-8316722560","trial_id":24,"step":8,"intermediate_value":287.22154510320746}
{"op_code":8,"worker_id":"08f24624-e3e2-44ef-a556-87dbb207cf37-8316722560","trial_id":24,"user_attr":{"hh_saving":{"254":326.3716374362156,"185":284.2175651434025,"230":291.8392592889022,"266":179.44791672169524,"145":324.90862750053725,"229":186.91901038944422,"300":351.2605709666948,"69":352.807773378768}}}
{"op_code":8,"worker_id":"08f24624-e3e2-44ef-a556-87dbb207cf37-8316722560","trial_id":24,"user_attr":{"val_efc_mean":85.11038009375}}
{"op_code":8,"worker_id":"08f24624-e3e2-44ef-a556-87dbb207cf37-8316722560","trial_id":24,"user_attr":{"converged_share":0.875}}
{"op_code":8,"worker_id":"08f24624-e3e2-44ef-a556-87dbb207cf37-8316722560","trial_id":24,"user_attr":{"wall_s":579.9687707424164}}
{"op_code":6,"worker_id":"08f24624-e3e2-44ef-a556-87dbb207cf37-8316722560","trial_id":24,"state":1,"values":[287.22154510320746],"datetime_complete":"2026-10-08T05:37:35.945570"}
{"op_code":4,"worker_id":"08f24624-e3e2-44ef-a556-87dbb207cf37-8316722560","study_id":0,"datetime_start":"2026-10-08T05:37:35.946196"}
{"op_code":9,"worker_id":"08f24624-e3e2-44ef-a556-87dbb207cf37-8316722560","trial_id":26,"system_attr":{"tpe:relative_params:0":"{\"batch\": 128, \"bc_guide_prob\": 0.24918819130122524, \"bc_reg\": 2.3794662522129344, \"bc_reg_decay_frac\": 0.827198680238987, \"eps_decay_frac\": 0.25607349473581764, \"gamma\": 0.9959681614992185, \"lr\": 0.001575430032972541, \"n_step\": 4, \"reward_scale\": 44.85196741079195, \"target_sync\": 2000}"}}
{"op_code":5,"worker_id":"08f24624-e3e2-44ef-a556-87dbb207cf37-8316722560","trial_id":26,"param_name":"lr","param_value_internal":0.001575430032972541,"distribution":"{\"name\": \"FloatDistribution\", \"attributes\": {\"step\": null, \"low\": 0.0001, \"high\": 0.003, \"log\": true}}"}
{"op_code":5,"worker_id":"08f24624-e3e2-44ef-a556-87dbb207cf37-8316722560","trial_id":26,"param_name":"gamma","param_value_internal":0.9959681614992185,"distribution":"{\"name\": \"FloatDistribution\", \"attributes\": {\"step\": null, \"low\": 0.98, \"high\": 0.999, \"log\": false}}"}
{"op_code":5,"worker_id":"08f24624-e3e2-44ef-a556-87dbb207cf37-8316722560","trial_id":26,"param_name":"n_step","param_value_internal":2,"distribution":"{\"name\": \"CategoricalDistribution\", \"attributes\": {\"choices\": [1, 2, 4, 8, 16]}}"}
{"op_code":5,"worker_id":"08f24624-e3e2-44ef-a556-87dbb207cf37-8316722560","trial_id":26,"param_name":"batch","param_value_internal":1,"distribution":"{\"name\": \"CategoricalDistribution\", \"attributes\": {\"choices\": [64, 128, 256]}}"}
{"op_code":5,"worker_id":"08f24624-e3e2-44ef-a556-87dbb207cf37-8316722560","trial_id":26,"param_name":"target_sync","param_value_internal":2,"distribution":"{\"name\": \"CategoricalDistribution\", \"attributes\": {\"choices\": [500, 1000, 2000, 5000, 10000]}}"}
{"op_code":5,"worker_id":"08f24624-e3e2-44ef-a556-87dbb207cf37-8316722560","trial_id":26,"param_name":"eps_decay_frac","param_value_internal":0.25607349473581764,"distribution":"{\"name\": \"FloatDistribution\", \"attributes\": {\"step\": null, \"low\": 0.1, \"high\": 0.6, \"log\": false}}"}
{"op_code":5,"worker_id":"08f24624-e3e2-44ef-a556-87dbb207cf37-8316722560","trial_id":26,"param_name":"reward_scale","param_value_internal":44.85196741079195,"distribution":"{\"name\": \"FloatDistribution\", \"attributes\": {\"step\": null, \"low\": 5.0, \"high\": 80.0, \"log\": true}}"}
{"op_code":5,"worker_id":"08f24624-e3e2-44ef-a556-87dbb207cf37-8316722560","trial_id":26,"param_name":"bc_reg","param_value_internal":2.3794662522129344,"distribution":"{\"name\": \"FloatDistribution\", \"attributes\": {\"step\": null, \"low\": 0.0, \"high\": 3.0, \"log\": false}}"}
{"op_code":5,"worker_id":"08f24624-e3e2-44ef-a556-87dbb207cf37-8316722560","trial_id":26,"param_name":"bc_reg_decay_frac","param_value_internal":0.827198680238987,"distribution":"{\"name\": \"FloatDistribution\", \"attributes\": {\"step\": null, \"low\": 0.1, \"high\": 1.0, \"log\": false}}"}
{"op_code":5,"worker_id":"08f24624-e3e2-44ef-a556-87dbb207cf37-8316722560","trial_id":26,"param_name":"bc_guide_prob","param_value_internal":0.24918819130122524,"distribution":"{\"name\": \"FloatDistribution\", \"attributes\": {\"step\": null, \"low\": 0.0, \"high\": 1.0, \"log\": false}}"}
{"op_code":8,"worker_id":"08f24624-e3e2-44ef-a556-87dbb207cf37-8316722560","trial_id":26,"user_attr":{"tag":"c4aebbf918642"}}
{"op_code":8,"worker_id":"08f24624-e3e2-44ef-a556-87dbb207cf37-8316722560","trial_id":26,"user_attr":{"overrides":{"gamma":0.9959681614992185,"bc_reg":2.3794662522129344,"hidden":64,"clone_lr":0.0035623781604653747,"clone_batch":128,"clone_weight_decay":0.0001,"clone_class_power":0.13569395684118885,"clone_label_smoothing":0.05,"clone_patience":5,"lr":0.001575430032972541,"n_step":4,"batch":128,"target_sync":2000,"eps_decay_frac":0.25607349473581764,"reward_scale":44.85196741079195,"bc_reg_decay_frac":0.827198680238987,"bc_guide_prob":0.24918819130122524}}}
{"op_code":7,"worker_id":"08f24624-e3e2-44ef-a556-87dbb207cf37-8316722560","trial_id":25,"step":3,"intermediate_value":300.33155469820787}
{"op_code":8,"worker_id":"08f24624-e3e2-44ef-a556-87dbb207cf37-8316722560","trial_id":25,"user_attr":{"hh_saving":{"254":326.2835323405873,"185":284.1441762122113,"230":290.5669555418251}}}
{"op_code":8,"worker_id":"08f24624-e3e2-44ef-a556-87dbb207cf37-8316722560","trial_id":25,"user_attr":{"val_efc_mean":93.97615691666665}}
{"op_code":8,"worker_id":"08f24624-e3e2-44ef-a556-87dbb207cf37-8316722560","trial_id":25,"user_attr":{"converged_share":1.0}}
{"op_code":8,"worker_id":"08f24624-e3e2-44ef-a556-87dbb207cf37-8316722560","trial_id":25,"user_attr":{"wall_s":159.0102150440216}}
{"op_code":6,"worker_id":"08f24624-e3e2-44ef-a556-87dbb207cf37-8316722560","trial_id":25,"state":2,"values":[300.33155469820787],"datetime_complete":"2026-10-08T05:38:26.446418"}
{"op_code":4,"worker_id":"08f24624-e3e2-44ef-a556-87dbb207cf37-8316722560","study_id":0,"datetime_start":"2026-10-08T05:39:37.727475"}
{"op_code":9,"worker_id":"08f24624-e3e2-44ef-a556-87dbb207cf37-8316722560","trial_id":27,"system_attr":{"tpe:relative_params:0":"{\"batch\": 64, \"bc_guide_prob\": 0.14999849816934963, \"bc_reg\": 2.9278367958835867, \"bc_reg_decay_frac\": 0.8965628788151043, \"eps_decay_frac\": 0.1340480529269449, \"gamma\": 0.985396638544259, \"lr\": 0.0009441597197366731, \"n_step\": 4, \"reward_scale\": 69.41521598010341, \"target_sync\": 10000}"}}
{"op_code":5,"worker_id":"08f24624-e3e2-44ef-a556-87dbb207cf37-8316722560","trial_id":27,"param_name":"lr","param_value_internal":0.0009441597197366731,"distribution":"{\"name\": \"FloatDistribution\", \"attributes\": {\"step\": null, \"low\": 0.0001, \"high\": 0.003, \"log\": true}}"}
{"op_code":5,"worker_id":"08f24624-e3e2-44ef-a556-87dbb207cf37-8316722560","trial_id":27,"param_name":"gamma","param_value_internal":0.985396638544259,"distribution":"{\"name\": \"FloatDistribution\", \"attributes\": {\"step\": null, \"low\": 0.98, \"high\": 0.999, \"log\": false}}"}
{"op_code":5,"worker_id":"08f24624-e3e2-44ef-a556-87dbb207cf37-8316722560","trial_id":27,"param_name":"n_step","param_value_internal":2,"distribution":"{\"name\": \"CategoricalDistribution\", \"attributes\": {\"choices\": [1, 2, 4, 8, 16]}}"}
{"op_code":5,"worker_id":"08f24624-e3e2-44ef-a556-87dbb207cf37-8316722560","trial_id":27,"param_name":"batch","param_value_internal":0,"distribution":"{\"name\": \"CategoricalDistribution\", \"attributes\": {\"choices\": [64, 128, 256]}}"}
{"op_code":5,"worker_id":"08f24624-e3e2-44ef-a556-87dbb207cf37-8316722560","trial_id":27,"param_name":"target_sync","param_value_internal":4,"distribution":"{\"name\": \"CategoricalDistribution\", \"attributes\": {\"choices\": [500, 1000, 2000, 5000, 10000]}}"}
{"op_code":5,"worker_id":"08f24624-e3e2-44ef-a556-87dbb207cf37-8316722560","trial_id":27,"param_name":"eps_decay_frac","param_value_internal":0.1340480529269449,"distribution":"{\"name\": \"FloatDistribution\", \"attributes\": {\"step\": null, \"low\": 0.1, \"high\": 0.6, \"log\": false}}"}
{"op_code":5,"worker_id":"08f24624-e3e2-44ef-a556-87dbb207cf37-8316722560","trial_id":27,"param_name":"reward_scale","param_value_internal":69.41521598010341,"distribution":"{\"name\": \"FloatDistribution\", \"attributes\": {\"step\": null, \"low\": 5.0, \"high\": 80.0, \"log\": true}}"}
{"op_code":5,"worker_id":"08f24624-e3e2-44ef-a556-87dbb207cf37-8316722560","trial_id":27,"param_name":"bc_reg","param_value_internal":2.9278367958835867,"distribution":"{\"name\": \"FloatDistribution\", \"attributes\": {\"step\": null, \"low\": 0.0, \"high\": 3.0, \"log\": false}}"}
{"op_code":5,"worker_id":"08f24624-e3e2-44ef-a556-87dbb207cf37-8316722560","trial_id":27,"param_name":"bc_reg_decay_frac","param_value_internal":0.8965628788151043,"distribution":"{\"name\": \"FloatDistribution\", \"attributes\": {\"step\": null, \"low\": 0.1, \"high\": 1.0, \"log\": false}}"}
{"op_code":5,"worker_id":"08f24624-e3e2-44ef-a556-87dbb207cf37-8316722560","trial_id":27,"param_name":"bc_guide_prob","param_value_internal":0.14999849816934963,"distribution":"{\"name\": \"FloatDistribution\", \"attributes\": {\"step\": null, \"low\": 0.0, \"high\": 1.0, \"log\": false}}"}
{"op_code":8,"worker_id":"08f24624-e3e2-44ef-a556-87dbb207cf37-8316722560","trial_id":27,"user_attr":{"tag":"ce387ca00308f"}}
{"op_code":8,"worker_id":"08f24624-e3e2-44ef-a556-87dbb207cf37-8316722560","trial_id":27,"user_attr":{"overrides":{"gamma":0.985396638544259,"bc_reg":2.9278367958835867,"hidden":64,"clone_lr":0.0035623781604653747,"clone_batch":128,"clone_weight_decay":0.0001,"clone_class_power":0.13569395684118885,"clone_label_smoothing":0.05,"clone_patience":5,"lr":0.0009441597197366731,"n_step":4,"batch":64,"target_sync":10000,"eps_decay_frac":0.1340480529269449,"reward_scale":69.41521598010341,"bc_reg_decay_frac":0.8965628788151043,"bc_guide_prob":0.14999849816934963}}}
{"op_code":7,"worker_id":"08f24624-e3e2-44ef-a556-87dbb207cf37-8316722560","trial_id":26,"step":3,"intermediate_value":300.2877029235644}
{"op_code":8,"worker_id":"08f24624-e3e2-44ef-a556-87dbb207cf37-8316722560","trial_id":26,"user_attr":{"hh_saving":{"254":326.0157675658567,"185":283.41075693142716,"230":291.4365842734091}}}
{"op_code":8,"worker_id":"08f24624-e3e2-44ef-a556-87dbb207cf37-8316722560","trial_id":26,"user_attr":{"val_efc_mean":93.91179916666665}}
{"op_code":8,"worker_id":"08f24624-e3e2-44ef-a556-87dbb207cf37-8316722560","trial_id":26,"user_attr":{"converged_share":1.0}}
{"op_code":8,"worker_id":"08f24624-e3e2-44ef-a556-87dbb207cf37-8316722560","trial_id":26,"user_attr":{"wall_s":177.40296292304993}}
{"op_code":6,"worker_id":"08f24624-e3e2-44ef-a556-87dbb207cf37-8316722560","trial_id":26,"state":2,"values":[300.2877029235644],"datetime_complete":"2026-10-08T05:40:33.356146"}
{"op_code":4,"worker_id":"08f24624-e3e2-44ef-a556-87dbb207cf37-8316722560","study_id":0,"datetime_start":"2026-10-08T05:41:15.643062"}
{"op_code":9,"worker_id":"08f24624-e3e2-44ef-a556-87dbb207cf37-8316722560","trial_id":28,"system_attr":{"tpe:relative_params:0":"{\"batch\": 256, \"bc_guide_prob\": 0.1619372574084318, \"bc_reg\": 2.223647695101748, \"bc_reg_decay_frac\": 0.9904672210048746, \"eps_decay_frac\": 0.29408307741918216, \"gamma\": 0.9932653078013979, \"lr\": 0.0015022687756600385, \"n_step\": 4, \"reward_scale\": 65.76495022613388, \"target_sync\": 10000}"}}
{"op_code":5,"worker_id":"08f24624-e3e2-44ef-a556-87dbb207cf37-8316722560","trial_id":28,"param_name":"lr","param_value_internal":0.0015022687756600385,"distribution":"{\"name\": \"FloatDistribution\", \"attributes\": {\"step\": null, \"low\": 0.0001, \"high\": 0.003, \"log\": true}}"}
{"op_code":5,"worker_id":"08f24624-e3e2-44ef-a556-87dbb207cf37-8316722560","trial_id":28,"param_name":"gamma","param_value_internal":0.9932653078013979,"distribution":"{\"name\": \"FloatDistribution\", \"attributes\": {\"step\": null, \"low\": 0.98, \"high\": 0.999, \"log\": false}}"}
{"op_code":5,"worker_id":"08f24624-e3e2-44ef-a556-87dbb207cf37-8316722560","trial_id":28,"param_name":"n_step","param_value_internal":2,"distribution":"{\"name\": \"CategoricalDistribution\", \"attributes\": {\"choices\": [1, 2, 4, 8, 16]}}"}
{"op_code":5,"worker_id":"08f24624-e3e2-44ef-a556-87dbb207cf37-8316722560","trial_id":28,"param_name":"batch","param_value_internal":2,"distribution":"{\"name\": \"CategoricalDistribution\", \"attributes\": {\"choices\": [64, 128, 256]}}"}
{"op_code":5,"worker_id":"08f24624-e3e2-44ef-a556-87dbb207cf37-8316722560","trial_id":28,"param_name":"target_sync","param_value_internal":4,"distribution":"{\"name\": \"CategoricalDistribution\", \"attributes\": {\"choices\": [500, 1000, 2000, 5000, 10000]}}"}
{"op_code":5,"worker_id":"08f24624-e3e2-44ef-a556-87dbb207cf37-8316722560","trial_id":28,"param_name":"eps_decay_frac","param_value_internal":0.29408307741918216,"distribution":"{\"name\": \"FloatDistribution\", \"attributes\": {\"step\": null, \"low\": 0.1, \"high\": 0.6, \"log\": false}}"}
{"op_code":5,"worker_id":"08f24624-e3e2-44ef-a556-87dbb207cf37-8316722560","trial_id":28,"param_name":"reward_scale","param_value_internal":65.76495022613388,"distribution":"{\"name\": \"FloatDistribution\", \"attributes\": {\"step\": null, \"low\": 5.0, \"high\": 80.0, \"log\": true}}"}
{"op_code":5,"worker_id":"08f24624-e3e2-44ef-a556-87dbb207cf37-8316722560","trial_id":28,"param_name":"bc_reg","param_value_internal":2.223647695101748,"distribution":"{\"name\": \"FloatDistribution\", \"attributes\": {\"step\": null, \"low\": 0.0, \"high\": 3.0, \"log\": false}}"}
{"op_code":5,"worker_id":"08f24624-e3e2-44ef-a556-87dbb207cf37-8316722560","trial_id":28,"param_name":"bc_reg_decay_frac","param_value_internal":0.9904672210048746,"distribution":"{\"name\": \"FloatDistribution\", \"attributes\": {\"step\": null, \"low\": 0.1, \"high\": 1.0, \"log\": false}}"}
{"op_code":5,"worker_id":"08f24624-e3e2-44ef-a556-87dbb207cf37-8316722560","trial_id":28,"param_name":"bc_guide_prob","param_value_internal":0.1619372574084318,"distribution":"{\"name\": \"FloatDistribution\", \"attributes\": {\"step\": null, \"low\": 0.0, \"high\": 1.0, \"log\": false}}"}
{"op_code":8,"worker_id":"08f24624-e3e2-44ef-a556-87dbb207cf37-8316722560","trial_id":28,"user_attr":{"tag":"cd4333a7fd3d6"}}
{"op_code":8,"worker_id":"08f24624-e3e2-44ef-a556-87dbb207cf37-8316722560","trial_id":28,"user_attr":{"overrides":{"gamma":0.9932653078013979,"bc_reg":2.223647695101748,"hidden":64,"clone_lr":0.0035623781604653747,"clone_batch":128,"clone_weight_decay":0.0001,"clone_class_power":0.13569395684118885,"clone_label_smoothing":0.05,"clone_patience":5,"lr":0.0015022687756600385,"n_step":4,"batch":256,"target_sync":10000,"eps_decay_frac":0.29408307741918216,"reward_scale":65.76495022613388,"bc_reg_decay_frac":0.9904672210048746,"bc_guide_prob":0.1619372574084318}}}
{"op_code":7,"worker_id":"08f24624-e3e2-44ef-a556-87dbb207cf37-8316722560","trial_id":27,"step":3,"intermediate_value":300.61634520274777}
{"op_code":7,"worker_id":"08f24624-e3e2-44ef-a556-87dbb207cf37-8316722560","trial_id":28,"step":3,"intermediate_value":300.98427271118516}
{"op_code":7,"worker_id":"08f24624-e3e2-44ef-a556-87dbb207cf37-8316722560","trial_id":27,"step":8,"intermediate_value":286.7107666210002}
{"op_code":8,"worker_id":"08f24624-e3e2-44ef-a556-87dbb207cf37-8316722560","trial_id":27,"user_attr":{"hh_saving":{"254":326.3478770526502,"185":284.27899983777957,"230":291.2221587178136,"266":177.8653601673095,"145":324.47884932838826,"229":184.08575940656402,"300":352.1796097781931,"69":353.2275186793033}}}
{"op_code":8,"worker_id":"08f24624-e3e2-44ef-a556-87dbb207cf37-8316722560","trial_id":27,"user_attr":{"val_efc_mean":84.84875465625001}}
{"op_code":8,"worker_id":"08f24624-e3e2-44ef-a556-87dbb207cf37-8316722560","trial_id":27,"user_attr":{"converged_share":1.0}}
{"op_code":8,"worker_id":"08f24624-e3e2-44ef-a556-87dbb207cf37-8316722560","trial_id":27,"user_attr":{"wall_s":437.2537651062012}}
{"op_code":6,"worker_id":"08f24624-e3e2-44ef-a556-87dbb207cf37-8316722560","trial_id":27,"state":1,"values":[286.7107666210002],"datetime_complete":"2026-10-08T05:46:54.988907"}
{"op_code":4,"worker_id":"08f24624-e3e2-44ef-a556-87dbb207cf37-8316722560","study_id":0,"datetime_start":"2026-10-08T05:48:55.355950"}
{"op_code":9,"worker_id":"08f24624-e3e2-44ef-a556-87dbb207cf37-8316722560","trial_id":29,"system_attr":{"tpe:relative_params:0":"{\"batch\": 128, \"bc_guide_prob\": 0.2168092319295303, \"bc_reg\": 2.624082465896805, \"bc_reg_decay_frac\": 0.9513525808539963, \"eps_decay_frac\": 0.4271234625677702, \"gamma\": 0.993714876016045, \"lr\": 0.0025343169119370467, \"n_step\": 1, \"reward_scale\": 29.9053984690715, \"target_sync\": 10000}"}}
{"op_code":5,"worker_id":"08f24624-e3e2-44ef-a556-87dbb207cf37-8316722560","trial_id":29,"param_name":"lr","param_value_internal":0.0025343169119370467,"distribution":"{\"name\": \"FloatDistribution\", \"attributes\": {\"step\": null, \"low\": 0.0001, \"high\": 0.003, \"log\": true}}"}
{"op_code":5,"worker_id":"08f24624-e3e2-44ef-a556-87dbb207cf37-8316722560","trial_id":29,"param_name":"gamma","param_value_internal":0.993714876016045,"distribution":"{\"name\": \"FloatDistribution\", \"attributes\": {\"step\": null, \"low\": 0.98, \"high\": 0.999, \"log\": false}}"}
{"op_code":5,"worker_id":"08f24624-e3e2-44ef-a556-87dbb207cf37-8316722560","trial_id":29,"param_name":"n_step","param_value_internal":0,"distribution":"{\"name\": \"CategoricalDistribution\", \"attributes\": {\"choices\": [1, 2, 4, 8, 16]}}"}
{"op_code":5,"worker_id":"08f24624-e3e2-44ef-a556-87dbb207cf37-8316722560","trial_id":29,"param_name":"batch","param_value_internal":1,"distribution":"{\"name\": \"CategoricalDistribution\", \"attributes\": {\"choices\": [64, 128, 256]}}"}
{"op_code":5,"worker_id":"08f24624-e3e2-44ef-a556-87dbb207cf37-8316722560","trial_id":29,"param_name":"target_sync","param_value_internal":4,"distribution":"{\"name\": \"CategoricalDistribution\", \"attributes\": {\"choices\": [500, 1000, 2000, 5000, 10000]}}"}
{"op_code":5,"worker_id":"08f24624-e3e2-44ef-a556-87dbb207cf37-8316722560","trial_id":29,"param_name":"eps_decay_frac","param_value_internal":0.4271234625677702,"distribution":"{\"name\": \"FloatDistribution\", \"attributes\": {\"step\": null, \"low\": 0.1, \"high\": 0.6, \"log\": false}}"}
{"op_code":5,"worker_id":"08f24624-e3e2-44ef-a556-87dbb207cf37-8316722560","trial_id":29,"param_name":"reward_scale","param_value_internal":29.9053984690715,"distribution":"{\"name\": \"FloatDistribution\", \"attributes\": {\"step\": null, \"low\": 5.0, \"high\": 80.0, \"log\": true}}"}
{"op_code":5,"worker_id":"08f24624-e3e2-44ef-a556-87dbb207cf37-8316722560","trial_id":29,"param_name":"bc_reg","param_value_internal":2.624082465896805,"distribution":"{\"name\": \"FloatDistribution\", \"attributes\": {\"step\": null, \"low\": 0.0, \"high\": 3.0, \"log\": false}}"}
{"op_code":5,"worker_id":"08f24624-e3e2-44ef-a556-87dbb207cf37-8316722560","trial_id":29,"param_name":"bc_reg_decay_frac","param_value_internal":0.9513525808539963,"distribution":"{\"name\": \"FloatDistribution\", \"attributes\": {\"step\": null, \"low\": 0.1, \"high\": 1.0, \"log\": false}}"}
{"op_code":5,"worker_id":"08f24624-e3e2-44ef-a556-87dbb207cf37-8316722560","trial_id":29,"param_name":"bc_guide_prob","param_value_internal":0.2168092319295303,"distribution":"{\"name\": \"FloatDistribution\", \"attributes\": {\"step\": null, \"low\": 0.0, \"high\": 1.0, \"log\": false}}"}
{"op_code":8,"worker_id":"08f24624-e3e2-44ef-a556-87dbb207cf37-8316722560","trial_id":29,"user_attr":{"tag":"c5fcb985faa60"}}
{"op_code":8,"worker_id":"08f24624-e3e2-44ef-a556-87dbb207cf37-8316722560","trial_id":29,"user_attr":{"overrides":{"gamma":0.993714876016045,"bc_reg":2.624082465896805,"hidden":64,"clone_lr":0.0035623781604653747,"clone_batch":128,"clone_weight_decay":0.0001,"clone_class_power":0.13569395684118885,"clone_label_smoothing":0.05,"clone_patience":5,"lr":0.0025343169119370467,"n_step":1,"batch":128,"target_sync":10000,"eps_decay_frac":0.4271234625677702,"reward_scale":29.9053984690715,"bc_reg_decay_frac":0.9513525808539963,"bc_guide_prob":0.2168092319295303}}}
{"op_code":7,"worker_id":"08f24624-e3e2-44ef-a556-87dbb207cf37-8316722560","trial_id":28,"step":8,"intermediate_value":287.3922581632618}
{"op_code":8,"worker_id":"08f24624-e3e2-44ef-a556-87dbb207cf37-8316722560","trial_id":28,"user_attr":{"hh_saving":{"254":326.8542882187315,"185":284.4848153818579,"230":291.6137145329661,"266":179.26838008808514,"145":324.32488629336643,"229":186.3702422939214,"300":353.5040519532538,"69":352.7176865439122}}}
{"op_code":8,"worker_id":"08f24624-e3e2-44ef-a556-87dbb207cf37-8316722560","trial_id":28,"user_attr":{"val_efc_mean":85.11063006250001}}
{"op_code":8,"worker_id":"08f24624-e3e2-44ef-a556-87dbb207cf37-8316722560","trial_id":28,"user_attr":{"converged_share":0.875}}
{"op_code":8,"worker_id":"08f24624-e3e2-44ef-a556-87dbb207cf37-8316722560","trial_id":28,"user_attr":{"wall_s":517.0618131160736}}
{"op_code":6,"worker_id":"08f24624-e3e2-44ef-a556-87dbb207cf37-8316722560","trial_id":28,"state":1,"values":[287.3922581632618],"datetime_complete":"2026-10-08T05:49:52.712636"}
{"op_code":4,"worker_id":"08f24624-e3e2-44ef-a556-87dbb207cf37-8316722560","study_id":0,"datetime_start":"2026-10-08T05:50:35.575132"}
{"op_code":9,"worker_id":"08f24624-e3e2-44ef-a556-87dbb207cf37-8316722560","trial_id":30,"system_attr":{"tpe:relative_params:0":"{\"batch\": 256, \"bc_guide_prob\": 0.3895822072746468, \"bc_reg\": 2.2339220043793264, \"bc_reg_decay_frac\": 0.9828645543671596, \"eps_decay_frac\": 0.36313223673046635, \"gamma\": 0.9944528897571566, \"lr\": 0.0011758183856660082, \"n_step\": 8, \"reward_scale\": 76.63679723003509, \"target_sync\": 10000}"}}
{"op_code":5,"worker_id":"08f24624-e3e2-44ef-a556-87dbb207cf37-8316722560","trial_id":30,"param_name":"lr","param_value_internal":0.0011758183856660082,"distribution":"{\"name\": \"FloatDistribution\", \"attributes\": {\"step\": null, \"low\": 0.0001, \"high\": 0.003, \"log\": true}}"}
{"op_code":5,"worker_id":"08f24624-e3e2-44ef-a556-87dbb207cf37-8316722560","trial_id":30,"param_name":"gamma","param_value_internal":0.9944528897571566,"distribution":"{\"name\": \"FloatDistribution\", \"attributes\": {\"step\": null, \"low\": 0.98, \"high\": 0.999, \"log\": false}}"}
{"op_code":5,"worker_id":"08f24624-e3e2-44ef-a556-87dbb207cf37-8316722560","trial_id":30,"param_name":"n_step","param_value_internal":3,"distribution":"{\"name\": \"CategoricalDistribution\", \"attributes\": {\"choices\": [1, 2, 4, 8, 16]}}"}
{"op_code":5,"worker_id":"08f24624-e3e2-44ef-a556-87dbb207cf37-8316722560","trial_id":30,"param_name":"batch","param_value_internal":2,"distribution":"{\"name\": \"CategoricalDistribution\", \"attributes\": {\"choices\": [64, 128, 256]}}"}
{"op_code":5,"worker_id":"08f24624-e3e2-44ef-a556-87dbb207cf37-8316722560","trial_id":30,"param_name":"target_sync","param_value_internal":4,"distribution":"{\"name\": \"CategoricalDistribution\", \"attributes\": {\"choices\": [500, 1000, 2000, 5000, 10000]}}"}
{"op_code":5,"worker_id":"08f24624-e3e2-44ef-a556-87dbb207cf37-8316722560","trial_id":30,"param_name":"eps_decay_frac","param_value_internal":0.36313223673046635,"distribution":"{\"name\": \"FloatDistribution\", \"attributes\": {\"step\": null, \"low\": 0.1, \"high\": 0.6, \"log\": false}}"}
{"op_code":5,"worker_id":"08f24624-e3e2-44ef-a556-87dbb207cf37-8316722560","trial_id":30,"param_name":"reward_scale","param_value_internal":76.63679723003509,"distribution":"{\"name\": \"FloatDistribution\", \"attributes\": {\"step\": null, \"low\": 5.0, \"high\": 80.0, \"log\": true}}"}
{"op_code":5,"worker_id":"08f24624-e3e2-44ef-a556-87dbb207cf37-8316722560","trial_id":30,"param_name":"bc_reg","param_value_internal":2.2339220043793264,"distribution":"{\"name\": \"FloatDistribution\", \"attributes\": {\"step\": null, \"low\": 0.0, \"high\": 3.0, \"log\": false}}"}
{"op_code":5,"worker_id":"08f24624-e3e2-44ef-a556-87dbb207cf37-8316722560","trial_id":30,"param_name":"bc_reg_decay_frac","param_value_internal":0.9828645543671596,"distribution":"{\"name\": \"FloatDistribution\", \"attributes\": {\"step\": null, \"low\": 0.1, \"high\": 1.0, \"log\": false}}"}
{"op_code":5,"worker_id":"08f24624-e3e2-44ef-a556-87dbb207cf37-8316722560","trial_id":30,"param_name":"bc_guide_prob","param_value_internal":0.3895822072746468,"distribution":"{\"name\": \"FloatDistribution\", \"attributes\": {\"step\": null, \"low\": 0.0, \"high\": 1.0, \"log\": false}}"}
{"op_code":8,"worker_id":"08f24624-e3e2-44ef-a556-87dbb207cf37-8316722560","trial_id":30,"user_attr":{"tag":"c522dd237e037"}}
{"op_code":8,"worker_id":"08f24624-e3e2-44ef-a556-87dbb207cf37-8316722560","trial_id":30,"user_attr":{"overrides":{"gamma":0.9944528897571566,"bc_reg":2.2339220043793264,"hidden":64,"clone_lr":0.0035623781604653747,"clone_batch":128,"clone_weight_decay":0.0001,"clone_class_power":0.13569395684118885,"clone_label_smoothing":0.05,"clone_patience":5,"lr":0.0011758183856660082,"n_step":8,"batch":256,"target_sync":10000,"eps_decay_frac":0.36313223673046635,"reward_scale":76.63679723003509,"bc_reg_decay_frac":0.9828645543671596,"bc_guide_prob":0.3895822072746468}}}
{"op_code":7,"worker_id":"08f24624-e3e2-44ef-a556-87dbb207cf37-8316722560","trial_id":29,"step":3,"intermediate_value":300.68279227099504}
{"op_code":7,"worker_id":"08f24624-e3e2-44ef-a556-87dbb207cf37-8316722560","trial_id":30,"step":3,"intermediate_value":299.93574158711095}
{"op_code":8,"worker_id":"08f24624-e3e2-44ef-a556-87dbb207cf37-8316722560","trial_id":30,"user_attr":{"hh_saving":{"254":325.97504187282124,"185":283.7074270301658,"230":290.1247558583458}}}
{"op_code":8,"worker_id":"08f24624-e3e2-44ef-a556-87dbb207cf37-8316722560","trial_id":30,"user_attr":{"val_efc_mean":93.81005441666667}}
{"op_code":8,"worker_id":"08f24624-e3e2-44ef-a556-87dbb207cf37-8316722560","trial_id":30,"user_attr":{"converged_share":1.0}}
{"op_code":8,"worker_id":"08f24624-e3e2-44ef-a556-87dbb207cf37-8316722560","trial_id":30,"user_attr":{"wall_s":195.30937099456787}}
{"op_code":6,"worker_id":"08f24624-e3e2-44ef-a556-87dbb207cf37-8316722560","trial_id":30,"state":2,"values":[299.93574158711095],"datetime_complete":"2026-10-08T05:53:50.893851"}
{"op_code":4,"worker_id":"08f24624-e3e2-44ef-a556-87dbb207cf37-8316722560","study_id":0,"datetime_start":"2026-10-08T05:53:50.894537"}
{"op_code":9,"worker_id":"08f24624-e3e2-44ef-a556-87dbb207cf37-8316722560","trial_id":31,"system_attr":{"tpe:relative_params:0":"{\"batch\": 256, \"bc_guide_prob\": 0.1694311973307611, \"bc_reg\": 0.8643834362163203, \"bc_reg_decay_frac\": 0.9351588903421945, \"eps_decay_frac\": 0.20211697890404315, \"gamma\": 0.9967451331144437, \"lr\": 0.0016451638696302466, \"n_step\": 4, \"reward_scale\": 41.066905484314034, \"target_sync\": 10000}"}}
{"op_code":5,"worker_id":"08f24624-e3e2-44ef-a556-87dbb207cf37-8316722560","trial_id":31,"param_name":"lr","param_value_internal":0.0016451638696302466,"distribution":"{\"name\": \"FloatDistribution\", \"attributes\": {\"step\": null, \"low\": 0.0001, \"high\": 0.003, \"log\": true}}"}
{"op_code":5,"worker_id":"08f24624-e3e2-44ef-a556-87dbb207cf37-8316722560","trial_id":31,"param_name":"gamma","param_value_internal":0.9967451331144437,"distribution":"{\"name\": \"FloatDistribution\", \"attributes\": {\"step\": null, \"low\": 0.98, \"high\": 0.999, \"log\": false}}"}
{"op_code":5,"worker_id":"08f24624-e3e2-44ef-a556-87dbb207cf37-8316722560","trial_id":31,"param_name":"n_step","param_value_internal":2,"distribution":"{\"name\": \"CategoricalDistribution\", \"attributes\": {\"choices\": [1, 2, 4, 8, 16]}}"}
{"op_code":5,"worker_id":"08f24624-e3e2-44ef-a556-87dbb207cf37-8316722560","trial_id":31,"param_name":"batch","param_value_internal":2,"distribution":"{\"name\": \"CategoricalDistribution\", \"attributes\": {\"choices\": [64, 128, 256]}}"}
{"op_code":5,"worker_id":"08f24624-e3e2-44ef-a556-87dbb207cf37-8316722560","trial_id":31,"param_name":"target_sync","param_value_internal":4,"distribution":"{\"name\": \"CategoricalDistribution\", \"attributes\": {\"choices\": [500, 1000, 2000, 5000, 10000]}}"}
{"op_code":5,"worker_id":"08f24624-e3e2-44ef-a556-87dbb207cf37-8316722560","trial_id":31,"param_name":"eps_decay_frac","param_value_internal":0.20211697890404315,"distribution":"{\"name\": \"FloatDistribution\", \"attributes\": {\"step\": null, \"low\": 0.1, \"high\": 0.6, \"log\": false}}"}
{"op_code":5,"worker_id":"08f24624-e3e2-44ef-a556-87dbb207cf37-8316722560","trial_id":31,"param_name":"reward_scale","param_value_internal":41.066905484314034,"distribution":"{\"name\": \"FloatDistribution\", \"attributes\": {\"step\": null, \"low\": 5.0, \"high\": 80.0, \"log\": true}}"}
{"op_code":5,"worker_id":"08f24624-e3e2-44ef-a556-87dbb207cf37-8316722560","trial_id":31,"param_name":"bc_reg","param_value_internal":0.8643834362163203,"distribution":"{\"name\": \"FloatDistribution\", \"attributes\": {\"step\": null, \"low\": 0.0, \"high\": 3.0, \"log\": false}}"}
{"op_code":5,"worker_id":"08f24624-e3e2-44ef-a556-87dbb207cf37-8316722560","trial_id":31,"param_name":"bc_reg_decay_frac","param_value_internal":0.9351588903421945,"distribution":"{\"name\": \"FloatDistribution\", \"attributes\": {\"step\": null, \"low\": 0.1, \"high\": 1.0, \"log\": false}}"}
{"op_code":5,"worker_id":"08f24624-e3e2-44ef-a556-87dbb207cf37-8316722560","trial_id":31,"param_name":"bc_guide_prob","param_value_internal":0.1694311973307611,"distribution":"{\"name\": \"FloatDistribution\", \"attributes\": {\"step\": null, \"low\": 0.0, \"high\": 1.0, \"log\": false}}"}
{"op_code":8,"worker_id":"08f24624-e3e2-44ef-a556-87dbb207cf37-8316722560","trial_id":31,"user_attr":{"tag":"c0287072125de"}}
{"op_code":8,"worker_id":"08f24624-e3e2-44ef-a556-87dbb207cf37-8316722560","trial_id":31,"user_attr":{"overrides":{"gamma":0.9967451331144437,"bc_reg":0.8643834362163203,"hidden":64,"clone_lr":0.0035623781604653747,"clone_batch":128,"clone_weight_decay":0.0001,"clone_class_power":0.13569395684118885,"clone_label_smoothing":0.05,"clone_patience":5,"lr":0.0016451638696302466,"n_step":4,"batch":256,"target_sync":10000,"eps_decay_frac":0.20211697890404315,"reward_scale":41.066905484314034,"bc_reg_decay_frac":0.9351588903421945,"bc_guide_prob":0.1694311973307611}}}
{"op_code":7,"worker_id":"08f24624-e3e2-44ef-a556-87dbb207cf37-8316722560","trial_id":29,"step":8,"intermediate_value":286.6732412353564}
{"op_code":8,"worker_id":"08f24624-e3e2-44ef-a556-87dbb207cf37-8316722560","trial_id":29,"user_attr":{"hh_saving":{"254":326.46441722624024,"185":283.9841557654694,"230":291.5998038212755,"266":176.50825131491814,"145":325.19073721397825,"229":183.79454935145927,"300":352.659677393603,"69":353.18433779590765}}}
{"op_code":8,"worker_id":"08f24624-e3e2-44ef-a556-87dbb207cf37-8316722560","trial_id":29,"user_attr":{"val_efc_mean":84.88295796875}}
{"op_code":8,"worker_id":"08f24624-e3e2-44ef-a556-87dbb207cf37-8316722560","trial_id":29,"user_attr":{"converged_share":1.0}}
{"op_code":8,"worker_id":"08f24624-e3e2-44ef-a556-87dbb207cf37-8316722560","trial_id":29,"user_attr":{"wall_s":414.0242280960083}}
{"op_code":6,"worker_id":"08f24624-e3e2-44ef-a556-87dbb207cf37-8316722560","trial_id":29,"state":1,"values":[286.6732412353564],"datetime_complete":"2026-10-08T05:55:49.387964"}
{"op_code":4,"worker_id":"08f24624-e3e2-44ef-a556-87dbb207cf37-8316722560","study_id":0,"datetime_start":"2026-10-08T05:55:56.555750"}
{"op_code":9,"worker_id":"08f24624-e3e2-44ef-a556-87dbb207cf37-8316722560","trial_id":32,"system_attr":{"tpe:relative_params:0":"{\"batch\": 128, \"bc_guide_prob\": 0.022691313284334717, \"bc_reg\": 1.521359481821443, \"bc_reg_decay_frac\": 0.886997938954145, \"eps_decay_frac\": 0.18780993815214775, \"gamma\": 0.9904498206356914, \"lr\": 0.0029630347392380005, \"n_step\": 4, \"reward_scale\": 19.376615648243646, \"target_sync\": 1000}"}}
{"op_code":5,"worker_id":"08f24624-e3e2-44ef-a556-87dbb207cf37-8316722560","trial_id":32,"param_name":"lr","param_value_internal":0.0029630347392380005,"distribution":"{\"name\": \"FloatDistribution\", \"attributes\": {\"step\": null, \"low\": 0.0001, \"high\": 0.003, \"log\": true}}"}
{"op_code":5,"worker_id":"08f24624-e3e2-44ef-a556-87dbb207cf37-8316722560","trial_id":32,"param_name":"gamma","param_value_internal":0.9904498206356914,"distribution":"{\"name\": \"FloatDistribution\", \"attributes\": {\"step\": null, \"low\": 0.98, \"high\": 0.999, \"log\": false}}"}
{"op_code":5,"worker_id":"08f24624-e3e2-44ef-a556-87dbb207cf37-8316722560","trial_id":32,"param_name":"n_step","param_value_internal":2,"distribution":"{\"name\": \"CategoricalDistribution\", \"attributes\": {\"choices\": [1, 2, 4, 8, 16]}}"}
{"op_code":5,"worker_id":"08f24624-e3e2-44ef-a556-87dbb207cf37-8316722560","trial_id":32,"param_name":"batch","param_value_internal":1,"distribution":"{\"name\": \"CategoricalDistribution\", \"attributes\": {\"choices\": [64, 128, 256]}}"}
{"op_code":5,"worker_id":"08f24624-e3e2-44ef-a556-87dbb207cf37-8316722560","trial_id":32,"param_name":"target_sync","param_value_internal":1,"distribution":"{\"name\": \"CategoricalDistribution\", \"attributes\": {\"choices\": [500, 1000, 2000, 5000, 10000]}}"}
{"op_code":5,"worker_id":"08f24624-e3e2-44ef-a556-87dbb207cf37-8316722560","trial_id":32,"param_name":"eps_decay_frac","param_value_internal":0.18780993815214775,"distribution":"{\"name\": \"FloatDistribution\", \"attributes\": {\"step\": null, \"low\": 0.1, \"high\": 0.6, \"log\": false}}"}
{"op_code":5,"worker_id":"08f24624-e3e2-44ef-a556-87dbb207cf37-8316722560","trial_id":32,"param_name":"reward_scale","param_value_internal":19.376615648243646,"distribution":"{\"name\": \"FloatDistribution\", \"attributes\": {\"step\": null, \"low\": 5.0, \"high\": 80.0, \"log\": true}}"}
{"op_code":5,"worker_id":"08f24624-e3e2-44ef-a556-87dbb207cf37-8316722560","trial_id":32,"param_name":"bc_reg","param_value_internal":1.521359481821443,"distribution":"{\"name\": \"FloatDistribution\", \"attributes\": {\"step\": null, \"low\": 0.0, \"high\": 3.0, \"log\": false}}"}
{"op_code":5,"worker_id":"08f24624-e3e2-44ef-a556-87dbb207cf37-8316722560","trial_id":32,"param_name":"bc_reg_decay_frac","param_value_internal":0.886997938954145,"distribution":"{\"name\": \"FloatDistribution\", \"attributes\": {\"step\": null, \"low\": 0.1, \"high\": 1.0, \"log\": false}}"}
{"op_code":5,"worker_id":"08f24624-e3e2-44ef-a556-87dbb207cf37-8316722560","trial_id":32,"param_name":"bc_guide_prob","param_value_internal":0.022691313284334717,"distribution":"{\"name\": \"FloatDistribution\", \"attributes\": {\"step\": null, \"low\": 0.0, \"high\": 1.0, \"log\": false}}"}
{"op_code":8,"worker_id":"08f24624-e3e2-44ef-a556-87dbb207cf37-8316722560","trial_id":32,"user_attr":{"tag":"c2d0aa52c58fa"}}
{"op_code":8,"worker_id":"08f24624-e3e2-44ef-a556-87dbb207cf37-8316722560","trial_id":32,"user_attr":{"overrides":{"gamma":0.9904498206356914,"bc_reg":1.521359481821443,"hidden":64,"clone_lr":0.0035623781604653747,"clone_batch":128,"clone_weight_decay":0.0001,"clone_class_power":0.13569395684118885,"clone_label_smoothing":0.05,"clone_patience":5,"lr":0.0029630347392380005,"n_step":4,"batch":128,"target_sync":1000,"eps_decay_frac":0.18780993815214775,"reward_scale":19.376615648243646,"bc_reg_decay_frac":0.886997938954145,"bc_guide_prob":0.022691313284334717}}}
{"op_code":7,"worker_id":"08f24624-e3e2-44ef-a556-87dbb207cf37-8316722560","trial_id":31,"step":3,"intermediate_value":299.9447115802554}
{"op_code":8,"worker_id":"08f24624-e3e2-44ef-a556-87dbb207cf37-8316722560","trial_id":31,"user_attr":{"hh_saving":{"254":325.7579434701697,"185":283.3292431053215,"230":290.746948165275}}}
{"op_code":8,"worker_id":"08f24624-e3e2-44ef-a556-87dbb207cf37-8316722560","trial_id":31,"user_attr":{"val_efc_mean":93.55940758333334}}
{"op_code":8,"worker_id":"08f24624-e3e2-44ef-a556-87dbb207cf37-8316722560","trial_id":31,"user_attr":{"converged_share":1.0}}
{"op_code":8,"worker_id":"08f24624-e3e2-44ef-a556-87dbb207cf37-8316722560","trial_id":31,"user_attr":{"wall_s":192.03482174873352}}
{"op_code":6,"worker_id":"08f24624-e3e2-44ef-a556-87dbb207cf37-8316722560","trial_id":31,"state":2,"values":[299.9447115802554],"datetime_complete":"2026-10-08T05:57:02.936225"}
{"op_code":4,"worker_id":"08f24624-e3e2-44ef-a556-87dbb207cf37-8316722560","study_id":0,"datetime_start":"2026-10-08T05:57:02.936761"}
{"op_code":9,"worker_id":"08f24624-e3e2-44ef-a556-87dbb207cf37-8316722560","trial_id":33,"system_attr":{"tpe:relative_params:0":"{\"batch\": 128, \"bc_guide_prob\": 0.22892329465397143, \"bc_reg\": 2.640678882025192, \"bc_reg_decay_frac\": 0.5146669825055175, \"eps_decay_frac\": 0.34858354248542156, \"gamma\": 0.9963106040116375, \"lr\": 0.001315869306773962, \"n_step\": 16, \"reward_scale\": 9.713910069531341, \"target_sync\": 10000}"}}
{"op_code":5,"worker_id":"08f24624-e3e2-44ef-a556-87dbb207cf37-8316722560","trial_id":33,"param_name":"lr","param_value_internal":0.001315869306773962,"distribution":"{\"name\": \"FloatDistribution\", \"attributes\": {\"step\": null, \"low\": 0.0001, \"high\": 0.003, \"log\": true}}"}
{"op_code":5,"worker_id":"08f24624-e3e2-44ef-a556-87dbb207cf37-8316722560","trial_id":33,"param_name":"gamma","param_value_internal":0.9963106040116375,"distribution":"{\"name\": \"FloatDistribution\", \"attributes\": {\"step\": null, \"low\": 0.98, \"high\": 0.999, \"log\": false}}"}
{"op_code":5,"worker_id":"08f24624-e3e2-44ef-a556-87dbb207cf37-8316722560","trial_id":33,"param_name":"n_step","param_value_internal":4,"distribution":"{\"name\": \"CategoricalDistribution\", \"attributes\": {\"choices\": [1, 2, 4, 8, 16]}}"}
{"op_code":5,"worker_id":"08f24624-e3e2-44ef-a556-87dbb207cf37-8316722560","trial_id":33,"param_name":"batch","param_value_internal":1,"distribution":"{\"name\": \"CategoricalDistribution\", \"attributes\": {\"choices\": [64, 128, 256]}}"}
{"op_code":5,"worker_id":"08f24624-e3e2-44ef-a556-87dbb207cf37-8316722560","trial_id":33,"param_name":"target_sync","param_value_internal":4,"distribution":"{\"name\": \"CategoricalDistribution\", \"attributes\": {\"choices\": [500, 1000, 2000, 5000, 10000]}}"}
{"op_code":5,"worker_id":"08f24624-e3e2-44ef-a556-87dbb207cf37-8316722560","trial_id":33,"param_name":"eps_decay_frac","param_value_internal":0.34858354248542156,"distribution":"{\"name\": \"FloatDistribution\", \"attributes\": {\"step\": null, \"low\": 0.1, \"high\": 0.6, \"log\": false}}"}
{"op_code":5,"worker_id":"08f24624-e3e2-44ef-a556-87dbb207cf37-8316722560","trial_id":33,"param_name":"reward_scale","param_value_internal":9.713910069531341,"distribution":"{\"name\": \"FloatDistribution\", \"attributes\": {\"step\": null, \"low\": 5.0, \"high\": 80.0, \"log\": true}}"}
{"op_code":5,"worker_id":"08f24624-e3e2-44ef-a556-87dbb207cf37-8316722560","trial_id":33,"param_name":"bc_reg","param_value_internal":2.640678882025192,"distribution":"{\"name\": \"FloatDistribution\", \"attributes\": {\"step\": null, \"low\": 0.0, \"high\": 3.0, \"log\": false}}"}
{"op_code":5,"worker_id":"08f24624-e3e2-44ef-a556-87dbb207cf37-8316722560","trial_id":33,"param_name":"bc_reg_decay_frac","param_value_internal":0.5146669825055175,"distribution":"{\"name\": \"FloatDistribution\", \"attributes\": {\"step\": null, \"low\": 0.1, \"high\": 1.0, \"log\": false}}"}
{"op_code":5,"worker_id":"08f24624-e3e2-44ef-a556-87dbb207cf37-8316722560","trial_id":33,"param_name":"bc_guide_prob","param_value_internal":0.22892329465397143,"distribution":"{\"name\": \"FloatDistribution\", \"attributes\": {\"step\": null, \"low\": 0.0, \"high\": 1.0, \"log\": false}}"}
{"op_code":8,"worker_id":"08f24624-e3e2-44ef-a556-87dbb207cf37-8316722560","trial_id":33,"user_attr":{"tag":"c8a27776b3d64"}}
{"op_code":8,"worker_id":"08f24624-e3e2-44ef-a556-87dbb207cf37-8316722560","trial_id":33,"user_attr":{"overrides":{"gamma":0.9963106040116375,"bc_reg":2.640678882025192,"hidden":64,"clone_lr":0.0035623781604653747,"clone_batch":128,"clone_weight_decay":0.0001,"clone_class_power":0.13569395684118885,"clone_label_smoothing":0.05,"clone_patience":5,"lr":0.001315869306773962,"n_step":16,"batch":128,"target_sync":10000,"eps_decay_frac":0.34858354248542156,"reward_scale":9.713910069531341,"bc_reg_decay_frac":0.5146669825055175,"bc_guide_prob":0.22892329465397143}}}
{"op_code":7,"worker_id":"08f24624-e3e2-44ef-a556-87dbb207cf37-8316722560","trial_id":32,"step":3,"intermediate_value":300.0716837837129}
{"op_code":8,"worker_id":"08f24624-e3e2-44ef-a556-87dbb207cf37-8316722560","trial_id":32,"user_attr":{"hh_saving":{"254":325.7919678111133,"185":284.00793064086866,"230":290.4151528991568}}}
{"op_code":8,"worker_id":"08f24624-e3e2-44ef-a556-87dbb207cf37-8316722560","trial_id":32,"user_attr":{"val_efc_mean":93.60548}}
{"op_code":8,"worker_id":"08f24624-e3e2-44ef-a556-87dbb207cf37-8316722560","trial_id":32,"user_attr":{"converged_share":1.0}}
{"op_code":8,"worker_id":"08f24624-e3e2-44ef-a556-87dbb207cf37-8316722560","trial_id":32,"user_attr":{"wall_s":169.48228669166565}}
{"op_code":6,"worker_id":"08f24624-e3e2-44ef-a556-87dbb207cf37-8316722560","trial_id":32,"state":2,"values":[300.0716837837129],"datetime_complete":"2026-10-08T05:58:46.046238"}
{"op_code":4,"worker_id":"08f24624-e3e2-44ef-a556-87dbb207cf37-8316722560","study_id":0,"datetime_start":"2026-10-08T05:58:46.046952"}
{"op_code":9,"worker_id":"08f24624-e3e2-44ef-a556-87dbb207cf37-8316722560","trial_id":34,"system_attr":{"tpe:relative_params:0":"{\"batch\": 256, \"bc_guide_prob\": 0.17689152499803804, \"bc_reg\": 2.7658022780828477, \"bc_reg_decay_frac\": 0.7709718309675453, \"eps_decay_frac\": 0.2959753021415447, \"gamma\": 0.9932494004358488, \"lr\": 0.001809027504178347, \"n_step\": 4, \"reward_scale\": 64.38713081521956, \"target_sync\": 5000}"}}
{"op_code":5,"worker_id":"08f24624-e3e2-44ef-a556-87dbb207cf37-8316722560","trial_id":34,"param_name":"lr","param_value_internal":0.001809027504178347,"distribution":"{\"name\": \"FloatDistribution\", \"attributes\": {\"step\": null, \"low\": 0.0001, \"high\": 0.003, \"log\": true}}"}
{"op_code":5,"worker_id":"08f24624-e3e2-44ef-a556-87dbb207cf37-8316722560","trial_id":34,"param_name":"gamma","param_value_internal":0.9932494004358488,"distribution":"{\"name\": \"FloatDistribution\", \"attributes\": {\"step\": null, \"low\": 0.98, \"high\": 0.999, \"log\": false}}"}
{"op_code":5,"worker_id":"08f24624-e3e2-44ef-a556-87dbb207cf37-8316722560","trial_id":34,"param_name":"n_step","param_value_internal":2,"distribution":"{\"name\": \"CategoricalDistribution\", \"attributes\": {\"choices\": [1, 2, 4, 8, 16]}}"}
{"op_code":5,"worker_id":"08f24624-e3e2-44ef-a556-87dbb207cf37-8316722560","trial_id":34,"param_name":"batch","param_value_internal":2,"distribution":"{\"name\": \"CategoricalDistribution\", \"attributes\": {\"choices\": [64, 128, 256]}}"}
{"op_code":5,"worker_id":"08f24624-e3e2-44ef-a556-87dbb207cf37-8316722560","trial_id":34,"param_name":"target_sync","param_value_internal":3,"distribution":"{\"name\": \"CategoricalDistribution\", \"attributes\": {\"choices\": [500, 1000, 2000, 5000, 10000]}}"}
{"op_code":5,"worker_id":"08f24624-e3e2-44ef-a556-87dbb207cf37-8316722560","trial_id":34,"param_name":"eps_decay_frac","param_value_internal":0.2959753021415447,"distribution":"{\"name\": \"FloatDistribution\", \"attributes\": {\"step\": null, \"low\": 0.1, \"high\": 0.6, \"log\": false}}"}
{"op_code":5,"worker_id":"08f24624-e3e2-44ef-a556-87dbb207cf37-8316722560","trial_id":34,"param_name":"reward_scale","param_value_internal":64.38713081521956,"distribution":"{\"name\": \"FloatDistribution\", \"attributes\": {\"step\": null, \"low\": 5.0, \"high\": 80.0, \"log\": true}}"}
{"op_code":5,"worker_id":"08f24624-e3e2-44ef-a556-87dbb207cf37-8316722560","trial_id":34,"param_name":"bc_reg","param_value_internal":2.7658022780828477,"distribution":"{\"name\": \"FloatDistribution\", \"attributes\": {\"step\": null, \"low\": 0.0, \"high\": 3.0, \"log\": false}}"}
{"op_code":5,"worker_id":"08f24624-e3e2-44ef-a556-87dbb207cf37-8316722560","trial_id":34,"param_name":"bc_reg_decay_frac","param_value_internal":0.7709718309675453,"distribution":"{\"name\": \"FloatDistribution\", \"attributes\": {\"step\": null, \"low\": 0.1, \"high\": 1.0, \"log\": false}}"}
{"op_code":5,"worker_id":"08f24624-e3e2-44ef-a556-87dbb207cf37-8316722560","trial_id":34,"param_name":"bc_guide_prob","param_value_internal":0.17689152499803804,"distribution":"{\"name\": \"FloatDistribution\", \"attributes\": {\"step\": null, \"low\": 0.0, \"high\": 1.0, \"log\": false}}"}
{"op_code":8,"worker_id":"08f24624-e3e2-44ef-a556-87dbb207cf37-8316722560","trial_id":34,"user_attr":{"tag":"c55f44f54cb5b"}}
{"op_code":8,"worker_id":"08f24624-e3e2-44ef-a556-87dbb207cf37-8316722560","trial_id":34,"user_attr":{"overrides":{"gamma":0.9932494004358488,"bc_reg":2.7658022780828477,"hidden":64,"clone_lr":0.0035623781604653747,"clone_batch":128,"clone_weight_decay":0.0001,"clone_class_power":0.13569395684118885,"clone_label_smoothing":0.05,"clone_patience":5,"lr":0.001809027504178347,"n_step":4,"batch":256,"target_sync":5000,"eps_decay_frac":0.2959753021415447,"reward_scale":64.38713081521956,"bc_reg_decay_frac":0.7709718309675453,"bc_guide_prob":0.17689152499803804}}}
{"op_code":7,"worker_id":"08f24624-e3e2-44ef-a556-87dbb207cf37-8316722560","trial_id":33,"step":3,"intermediate_value":300.1949464027004}
{"op_code":8,"worker_id":"08f24624-e3e2-44ef-a556-87dbb207cf37-8316722560","trial_id":33,"user_attr":{"hh_saving":{"254":325.8375507896215,"185":283.9532542821356,"230":290.79403413634395}}}
{"op_code":8,"worker_id":"08f24624-e3e2-44ef-a556-87dbb207cf37-8316722560","trial_id":33,"user_attr":{"val_efc_mean":93.63203266666666}}
{"op_code":8,"worker_id":"08f24624-e3e2-44ef-a556-87dbb207cf37-8316722560","trial_id":33,"user_attr":{"converged_share":1.0}}
{"op_code":8,"worker_id":"08f24624-e3e2-44ef-a556-87dbb207cf37-8316722560","trial_id":33,"user_attr":{"wall_s":145.99734210968018}}
{"op_code":6,"worker_id":"08f24624-e3e2-44ef-a556-87dbb207cf37-8316722560","trial_id":33,"state":2,"values":[300.1949464027004],"datetime_complete":"2026-10-08T05:59:28.941393"}
{"op_code":4,"worker_id":"08f24624-e3e2-44ef-a556-87dbb207cf37-8316722560","study_id":0,"datetime_start":"2026-10-08T05:59:28.942060"}
{"op_code":9,"worker_id":"08f24624-e3e2-44ef-a556-87dbb207cf37-8316722560","trial_id":35,"system_attr":{"tpe:relative_params:0":"{\"batch\": 128, \"bc_guide_prob\": 0.15472116518689913, \"bc_reg\": 1.934911646923233, \"bc_reg_decay_frac\": 0.7826844379434088, \"eps_decay_frac\": 0.28782594619710733, \"gamma\": 0.996607880443793, \"lr\": 0.0009624665467723388, \"n_step\": 16, \"reward_scale\": 72.95268884352379, \"target_sync\": 10000}"}}
{"op_code":5,"worker_id":"08f24624-e3e2-44ef-a556-87dbb207cf37-8316722560","trial_id":35,"param_name":"lr","param_value_internal":0.0009624665467723388,"distribution":"{\"name\": \"FloatDistribution\", \"attributes\": {\"step\": null, \"low\": 0.0001, \"high\": 0.003, \"log\": true}}"}
{"op_code":5,"worker_id":"08f24624-e3e2-44ef-a556-87dbb207cf37-8316722560","trial_id":35,"param_name":"gamma","param_value_internal":0.996607880443793,"distribution":"{\"name\": \"FloatDistribution\", \"attributes\": {\"step\": null, \"low\": 0.98, \"high\": 0.999, \"log\": false}}"}
{"op_code":5,"worker_id":"08f24624-e3e2-44ef-a556-87dbb207cf37-8316722560","trial_id":35,"param_name":"n_step","param_value_internal":4,"distribution":"{\"name\": \"CategoricalDistribution\", \"attributes\": {\"choices\": [1, 2, 4, 8, 16]}}"}
{"op_code":5,"worker_id":"08f24624-e3e2-44ef-a556-87dbb207cf37-8316722560","trial_id":35,"param_name":"batch","param_value_internal":1,"distribution":"{\"name\": \"CategoricalDistribution\", \"attributes\": {\"choices\": [64, 128, 256]}}"}
{"op_code":5,"worker_id":"08f24624-e3e2-44ef-a556-87dbb207cf37-8316722560","trial_id":35,"param_name":"target_sync","param_value_internal":4,"distribution":"{\"name\": \"CategoricalDistribution\", \"attributes\": {\"choices\": [500, 1000, 2000, 5000, 10000]}}"}
{"op_code":5,"worker_id":"08f24624-e3e2-44ef-a556-87dbb207cf37-8316722560","trial_id":35,"param_name":"eps_decay_frac","param_value_internal":0.28782594619710733,"distribution":"{\"name\": \"FloatDistribution\", \"attributes\": {\"step\": null, \"low\": 0.1, \"high\": 0.6, \"log\": false}}"}
{"op_code":5,"worker_id":"08f24624-e3e2-44ef-a556-87dbb207cf37-8316722560","trial_id":35,"param_name":"reward_scale","param_value_internal":72.95268884352379,"distribution":"{\"name\": \"FloatDistribution\", \"attributes\": {\"step\": null, \"low\": 5.0, \"high\": 80.0, \"log\": true}}"}
{"op_code":5,"worker_id":"08f24624-e3e2-44ef-a556-87dbb207cf37-8316722560","trial_id":35,"param_name":"bc_reg","param_value_internal":1.934911646923233,"distribution":"{\"name\": \"FloatDistribution\", \"attributes\": {\"step\": null, \"low\": 0.0, \"high\": 3.0, \"log\": false}}"}
{"op_code":5,"worker_id":"08f24624-e3e2-44ef-a556-87dbb207cf37-8316722560","trial_id":35,"param_name":"bc_reg_decay_frac","param_value_internal":0.7826844379434088,"distribution":"{\"name\": \"FloatDistribution\", \"attributes\": {\"step\": null, \"low\": 0.1, \"high\": 1.0, \"log\": false}}"}
{"op_code":5,"worker_id":"08f24624-e3e2-44ef-a556-87dbb207cf37-8316722560","trial_id":35,"param_name":"bc_guide_prob","param_value_internal":0.15472116518689913,"distribution":"{\"name\": \"FloatDistribution\", \"attributes\": {\"step\": null, \"low\": 0.0, \"high\": 1.0, \"log\": false}}"}
{"op_code":8,"worker_id":"08f24624-e3e2-44ef-a556-87dbb207cf37-8316722560","trial_id":35,"user_attr":{"tag":"c7534a2cd3b98"}}
{"op_code":8,"worker_id":"08f24624-e3e2-44ef-a556-87dbb207cf37-8316722560","trial_id":35,"user_attr":{"overrides":{"gamma":0.996607880443793,"bc_reg":1.934911646923233,"hidden":64,"clone_lr":0.0035623781604653747,"clone_batch":128,"clone_weight_decay":0.0001,"clone_class_power":0.13569395684118885,"clone_label_smoothing":0.05,"clone_patience":5,"lr":0.0009624665467723388,"n_step":16,"batch":128,"target_sync":10000,"eps_decay_frac":0.28782594619710733,"reward_scale":72.95268884352379,"bc_reg_decay_frac":0.7826844379434088,"bc_guide_prob":0.15472116518689913}}}
{"op_code":7,"worker_id":"08f24624-e3e2-44ef-a556-87dbb207cf37-8316722560","trial_id":34,"step":3,"intermediate_value":300.50507781520935}
{"op_code":7,"worker_id":"08f24624-e3e2-44ef-a556-87dbb207cf37-8316722560","trial_id":35,"step":3,"intermediate_value":300.1319591686079}
{"op_code":8,"worker_id":"08f24624-e3e2-44ef-a556-87dbb207cf37-8316722560","trial_id":35,"user_attr":{"hh_saving":{"254":326.07713538724755,"185":283.9565008404334,"230":290.3622412781428}}}
{"op_code":8,"worker_id":"08f24624-e3e2-44ef-a556-87dbb207cf37-8316722560","trial_id":35,"user_attr":{"val_efc_mean":93.87082308333333}}
{"op_code":8,"worker_id":"08f24624-e3e2-44ef-a556-87dbb207cf37-8316722560","trial_id":35,"user_attr":{"converged_share":1.0}}
{"op_code":8,"worker_id":"08f24624-e3e2-44ef-a556-87dbb207cf37-8316722560","trial_id":35,"user_attr":{"wall_s":164.74279022216797}}
{"op_code":6,"worker_id":"08f24624-e3e2-44ef-a556-87dbb207cf37-8316722560","trial_id":35,"state":2,"values":[300.1319591686079],"datetime_complete":"2026-10-08T06:02:13.691822"}
{"op_code":4,"worker_id":"08f24624-e3e2-44ef-a556-87dbb207cf37-8316722560","study_id":0,"datetime_start":"2026-10-08T06:03:19.175088"}
{"op_code":9,"worker_id":"08f24624-e3e2-44ef-a556-87dbb207cf37-8316722560","trial_id":36,"system_attr":{"tpe:relative_params:0":"{\"batch\": 64, \"bc_guide_prob\": 0.005164563270607563, \"bc_reg\": 1.3172694151012156, \"bc_reg_decay_frac\": 0.7776036483324156, \"eps_decay_frac\": 0.35102574017419735, \"gamma\": 0.9972324120164694, \"lr\": 0.001969002528416223, \"n_step\": 1, \"reward_scale\": 6.624549197287628, \"target_sync\": 10000}"}}
{"op_code":5,"worker_id":"08f24624-e3e2-44ef-a556-87dbb207cf37-8316722560","trial_id":36,"param_name":"lr","param_value_internal":0.001969002528416223,"distribution":"{\"name\": \"FloatDistribution\", \"attributes\": {\"step\": null, \"low\": 0.0001, \"high\": 0.003, \"log\": true}}"}
{"op_code":5,"worker_id":"08f24624-e3e2-44ef-a556-87dbb207cf37-8316722560","trial_id":36,"param_name":"gamma","param_value_internal":0.9972324120164694,"distribution":"{\"name\": \"FloatDistribution\", \"attributes\": {\"step\": null, \"low\": 0.98, \"high\": 0.999, \"log\": false}}"}
{"op_code":5,"worker_id":"08f24624-e3e2-44ef-a556-87dbb207cf37-8316722560","trial_id":36,"param_name":"n_step","param_value_internal":0,"distribution":"{\"name\": \"CategoricalDistribution\", \"attributes\": {\"choices\": [1, 2, 4, 8, 16]}}"}
{"op_code":5,"worker_id":"08f24624-e3e2-44ef-a556-87dbb207cf37-8316722560","trial_id":36,"param_name":"batch","param_value_internal":0,"distribution":"{\"name\": \"CategoricalDistribution\", \"attributes\": {\"choices\": [64, 128, 256]}}"}
{"op_code":5,"worker_id":"08f24624-e3e2-44ef-a556-87dbb207cf37-8316722560","trial_id":36,"param_name":"target_sync","param_value_internal":4,"distribution":"{\"name\": \"CategoricalDistribution\", \"attributes\": {\"choices\": [500, 1000, 2000, 5000, 10000]}}"}
{"op_code":5,"worker_id":"08f24624-e3e2-44ef-a556-87dbb207cf37-8316722560","trial_id":36,"param_name":"eps_decay_frac","param_value_internal":0.35102574017419735,"distribution":"{\"name\": \"FloatDistribution\", \"attributes\": {\"step\": null, \"low\": 0.1, \"high\": 0.6, \"log\": false}}"}
{"op_code":5,"worker_id":"08f24624-e3e2-44ef-a556-87dbb207cf37-8316722560","trial_id":36,"param_name":"reward_scale","param_value_internal":6.624549197287628,"distribution":"{\"name\": \"FloatDistribution\", \"attributes\": {\"step\": null, \"low\": 5.0, \"high\": 80.0, \"log\": true}}"}
{"op_code":5,"worker_id":"08f24624-e3e2-44ef-a556-87dbb207cf37-8316722560","trial_id":36,"param_name":"bc_reg","param_value_internal":1.3172694151012156,"distribution":"{\"name\": \"FloatDistribution\", \"attributes\": {\"step\": null, \"low\": 0.0, \"high\": 3.0, \"log\": false}}"}
{"op_code":5,"worker_id":"08f24624-e3e2-44ef-a556-87dbb207cf37-8316722560","trial_id":36,"param_name":"bc_reg_decay_frac","param_value_internal":0.7776036483324156,"distribution":"{\"name\": \"FloatDistribution\", \"attributes\": {\"step\": null, \"low\": 0.1, \"high\": 1.0, \"log\": false}}"}
{"op_code":5,"worker_id":"08f24624-e3e2-44ef-a556-87dbb207cf37-8316722560","trial_id":36,"param_name":"bc_guide_prob","param_value_internal":0.005164563270607563,"distribution":"{\"name\": \"FloatDistribution\", \"attributes\": {\"step\": null, \"low\": 0.0, \"high\": 1.0, \"log\": false}}"}
{"op_code":8,"worker_id":"08f24624-e3e2-44ef-a556-87dbb207cf37-8316722560","trial_id":36,"user_attr":{"tag":"c56fd34d25ae6"}}
{"op_code":8,"worker_id":"08f24624-e3e2-44ef-a556-87dbb207cf37-8316722560","trial_id":36,"user_attr":{"overrides":{"gamma":0.9972324120164694,"bc_reg":1.3172694151012156,"hidden":64,"clone_lr":0.0035623781604653747,"clone_batch":128,"clone_weight_decay":0.0001,"clone_class_power":0.13569395684118885,"clone_label_smoothing":0.05,"clone_patience":5,"lr":0.001969002528416223,"n_step":1,"batch":64,"target_sync":10000,"eps_decay_frac":0.35102574017419735,"reward_scale":6.624549197287628,"bc_reg_decay_frac":0.7776036483324156,"bc_guide_prob":0.005164563270607563}}}
{"op_code":7,"worker_id":"08f24624-e3e2-44ef-a556-87dbb207cf37-8316722560","trial_id":34,"step":8,"intermediate_value":287.15910436756394}
{"op_code":8,"worker_id":"08f24624-e3e2-44ef-a556-87dbb207cf37-8316722560","trial_id":34,"user_attr":{"hh_saving":{"254":326.3106338735052,"185":283.87902538456916,"230":291.3255741875537,"266":182.10788856591188,"145":324.0945767703253,"229":184.43410696843708,"300":352.82061815060314,"69":352.3004110396065}}}
{"op_code":8,"worker_id":"08f24624-e3e2-44ef-a556-87dbb207cf37-8316722560","trial_id":34,"user_attr":{"val_efc_mean":85.03366143749999}}
{"op_code":8,"worker_id":"08f24624-e3e2-44ef-a556-87dbb207cf37-8316722560","trial_id":34,"user_attr":{"converged_share":1.0}}
{"op_code":8,"worker_id":"08f24624-e3e2-44ef-a556-87dbb207cf37-8316722560","trial_id":34,"user_attr":{"wall_s":374.7346360683441}}
{"op_code":6,"worker_id":"08f24624-e3e2-44ef-a556-87dbb207cf37-8316722560","trial_id":34,"state":1,"values":[287.15910436756394],"datetime_complete":"2026-10-08T06:05:00.788761"}
{"op_code":4,"worker_id":"08f24624-e3e2-44ef-a556-87dbb207cf37-8316722560","study_id":0,"datetime_start":"2026-10-08T06:05:07.467846"}
{"op_code":9,"worker_id":"08f24624-e3e2-44ef-a556-87dbb207cf37-8316722560","trial_id":37,"system_attr":{"tpe:relative_params:0":"{\"batch\": 256, \"bc_guide_prob\": 0.4222385437904963, \"bc_reg\": 2.5813474401205045, \"bc_reg_decay_frac\": 0.5610196906474096, \"eps_decay_frac\": 0.3355815441515796, \"gamma\": 0.9924175529279421, \"lr\": 0.001288976792135476, \"n_step\": 4, \"reward_scale\": 41.09725139392532, \"target_sync\": 1000}"}}
{"op_code":5,"worker_id":"08f24624-e3e2-44ef-a556-87dbb207cf37-8316722560","trial_id":37,"param_name":"lr","param_value_internal":0.001288976792135476,"distribution":"{\"name\": \"FloatDistribution\", \"attributes\": {\"step\": null, \"low\": 0.0001, \"high\": 0.003, \"log\": true}}"}
{"op_code":5,"worker_id":"08f24624-e3e2-44ef-a556-87dbb207cf37-8316722560","trial_id":37,"param_name":"gamma","param_value_internal":0.9924175529279421,"distribution":"{\"name\": \"FloatDistribution\", \"attributes\": {\"step\": null, \"low\": 0.98, \"high\": 0.999, \"log\": false}}"}
{"op_code":5,"worker_id":"08f24624-e3e2-44ef-a556-87dbb207cf37-8316722560","trial_id":37,"param_name":"n_step","param_value_internal":2,"distribution":"{\"name\": \"CategoricalDistribution\", \"attributes\": {\"choices\": [1, 2, 4, 8, 16]}}"}
{"op_code":5,"worker_id":"08f24624-e3e2-44ef-a556-87dbb207cf37-8316722560","trial_id":37,"param_name":"batch","param_value_internal":2,"distribution":"{\"name\": \"CategoricalDistribution\", \"attributes\": {\"choices\": [64, 128, 256]}}"}
{"op_code":5,"worker_id":"08f24624-e3e2-44ef-a556-87dbb207cf37-8316722560","trial_id":37,"param_name":"target_sync","param_value_internal":1,"distribution":"{\"name\": \"CategoricalDistribution\", \"attributes\": {\"choices\": [500, 1000, 2000, 5000, 10000]}}"}
{"op_code":5,"worker_id":"08f24624-e3e2-44ef-a556-87dbb207cf37-8316722560","trial_id":37,"param_name":"eps_decay_frac","param_value_internal":0.3355815441515796,"distribution":"{\"name\": \"FloatDistribution\", \"attributes\": {\"step\": null, \"low\": 0.1, \"high\": 0.6, \"log\": false}}"}
{"op_code":5,"worker_id":"08f24624-e3e2-44ef-a556-87dbb207cf37-8316722560","trial_id":37,"param_name":"reward_scale","param_value_internal":41.09725139392532,"distribution":"{\"name\": \"FloatDistribution\", \"attributes\": {\"step\": null, \"low\": 5.0, \"high\": 80.0, \"log\": true}}"}
{"op_code":5,"worker_id":"08f24624-e3e2-44ef-a556-87dbb207cf37-8316722560","trial_id":37,"param_name":"bc_reg","param_value_internal":2.5813474401205045,"distribution":"{\"name\": \"FloatDistribution\", \"attributes\": {\"step\": null, \"low\": 0.0, \"high\": 3.0, \"log\": false}}"}
{"op_code":5,"worker_id":"08f24624-e3e2-44ef-a556-87dbb207cf37-8316722560","trial_id":37,"param_name":"bc_reg_decay_frac","param_value_internal":0.5610196906474096,"distribution":"{\"name\": \"FloatDistribution\", \"attributes\": {\"step\": null, \"low\": 0.1, \"high\": 1.0, \"log\": false}}"}
{"op_code":5,"worker_id":"08f24624-e3e2-44ef-a556-87dbb207cf37-8316722560","trial_id":37,"param_name":"bc_guide_prob","param_value_internal":0.4222385437904963,"distribution":"{\"name\": \"FloatDistribution\", \"attributes\": {\"step\": null, \"low\": 0.0, \"high\": 1.0, \"log\": false}}"}
{"op_code":8,"worker_id":"08f24624-e3e2-44ef-a556-87dbb207cf37-8316722560","trial_id":37,"user_attr":{"tag":"c3273d474e846"}}
{"op_code":8,"worker_id":"08f24624-e3e2-44ef-a556-87dbb207cf37-8316722560","trial_id":37,"user_attr":{"overrides":{"gamma":0.9924175529279421,"bc_reg":2.5813474401205045,"hidden":64,"clone_lr":0.0035623781604653747,"clone_batch":128,"clone_weight_decay":0.0001,"clone_class_power":0.13569395684118885,"clone_label_smoothing":0.05,"clone_patience":5,"lr":0.001288976792135476,"n_step":4,"batch":256,"target_sync":1000,"eps_decay_frac":0.3355815441515796,"reward_scale":41.09725139392532,"bc_reg_decay_frac":0.5610196906474096,"bc_guide_prob":0.4222385437904963}}}
{"op_code":7,"worker_id":"08f24624-e3e2-44ef-a556-87dbb207cf37-8316722560","trial_id":36,"step":3,"intermediate_value":300.6152889045217}
{"op_code":7,"worker_id":"08f24624-e3e2-44ef-a556-87dbb207cf37-8316722560","trial_id":37,"step":3,"intermediate_value":299.71572478930483}
{"op_code":8,"worker_id":"08f24624-e3e2-44ef-a556-87dbb207cf37-8316722560","trial_id":37,"user_attr":{"hh_saving":{"254":325.7927196474719,"185":283.02675187032156,"230":290.32770285012083}}}
{"op_code":8,"worker_id":"08f24624-e3e2-44ef-a556-87dbb207cf37-8316722560","trial_id":37,"user_attr":{"val_efc_mean":93.45773391666665}}
{"op_code":8,"worker_id":"08f24624-e3e2-44ef-a556-87dbb207cf37-8316722560","trial_id":37,"user_attr":{"converged_share":1.0}}
{"op_code":8,"worker_id":"08f24624-e3e2-44ef-a556-87dbb207cf37-8316722560","trial_id":37,"user_attr":{"wall_s":169.11909866333008}}
{"op_code":6,"worker_id":"08f24624-e3e2-44ef-a556-87dbb207cf37-8316722560","trial_id":37,"state":2,"values":[299.71572478930483],"datetime_complete":"2026-10-08T06:07:56.594560"}
{"op_code":4,"worker_id":"08f24624-e3e2-44ef-a556-87dbb207cf37-8316722560","study_id":0,"datetime_start":"2026-10-08T06:08:22.113371"}
{"op_code":9,"worker_id":"08f24624-e3e2-44ef-a556-87dbb207cf37-8316722560","trial_id":38,"system_attr":{"tpe:relative_params:0":"{\"batch\": 256, \"bc_guide_prob\": 0.2848934773801736, \"bc_reg\": 2.607633840054837, \"bc_reg_decay_frac\": 0.8926077606278755, \"eps_decay_frac\": 0.12873131514811437, \"gamma\": 0.9929453702078307, \"lr\": 0.0018144133048941346, \"n_step\": 16, \"reward_scale\": 58.492177658482134, \"target_sync\": 5000}"}}
{"op_code":5,"worker_id":"08f24624-e3e2-44ef-a556-87dbb207cf37-8316722560","trial_id":38,"param_name":"lr","param_value_internal":0.0018144133048941346,"distribution":"{\"name\": \"FloatDistribution\", \"attributes\": {\"step\": null, \"low\": 0.0001, \"high\": 0.003, \"log\": true}}"}
{"op_code":5,"worker_id":"08f24624-e3e2-44ef-a556-87dbb207cf37-8316722560","trial_id":38,"param_name":"gamma","param_value_internal":0.9929453702078307,"distribution":"{\"name\": \"FloatDistribution\", \"attributes\": {\"step\": null, \"low\": 0.98, \"high\": 0.999, \"log\": false}}"}
{"op_code":5,"worker_id":"08f24624-e3e2-44ef-a556-87dbb207cf37-8316722560","trial_id":38,"param_name":"n_step","param_value_internal":4,"distribution":"{\"name\": \"CategoricalDistribution\", \"attributes\": {\"choices\": [1, 2, 4, 8, 16]}}"}
{"op_code":5,"worker_id":"08f24624-e3e2-44ef-a556-87dbb207cf37-8316722560","trial_id":38,"param_name":"batch","param_value_internal":2,"distribution":"{\"name\": \"CategoricalDistribution\", \"attributes\": {\"choices\": [64, 128, 256]}}"}
{"op_code":5,"worker_id":"08f24624-e3e2-44ef-a556-87dbb207cf37-8316722560","trial_id":38,"param_name":"target_sync","param_value_internal":3,"distribution":"{\"name\": \"CategoricalDistribution\", \"attributes\": {\"choices\": [500, 1000, 2000, 5000, 10000]}}"}
{"op_code":5,"worker_id":"08f24624-e3e2-44ef-a556-87dbb207cf37-8316722560","trial_id":38,"param_name":"eps_decay_frac","param_value_internal":0.12873131514811437,"distribution":"{\"name\": \"FloatDistribution\", \"attributes\": {\"step\": null, \"low\": 0.1, \"high\": 0.6, \"log\": false}}"}
{"op_code":5,"worker_id":"08f24624-e3e2-44ef-a556-87dbb207cf37-8316722560","trial_id":38,"param_name":"reward_scale","param_value_internal":58.492177658482134,"distribution":"{\"name\": \"FloatDistribution\", \"attributes\": {\"step\": null, \"low\": 5.0, \"high\": 80.0, \"log\": true}}"}
{"op_code":5,"worker_id":"08f24624-e3e2-44ef-a556-87dbb207cf37-8316722560","trial_id":38,"param_name":"bc_reg","param_value_internal":2.607633840054837,"distribution":"{\"name\": \"FloatDistribution\", \"attributes\": {\"step\": null, \"low\": 0.0, \"high\": 3.0, \"log\": false}}"}
{"op_code":5,"worker_id":"08f24624-e3e2-44ef-a556-87dbb207cf37-8316722560","trial_id":38,"param_name":"bc_reg_decay_frac","param_value_internal":0.8926077606278755,"distribution":"{\"name\": \"FloatDistribution\", \"attributes\": {\"step\": null, \"low\": 0.1, \"high\": 1.0, \"log\": false}}"}
{"op_code":5,"worker_id":"08f24624-e3e2-44ef-a556-87dbb207cf37-8316722560","trial_id":38,"param_name":"bc_guide_prob","param_value_internal":0.2848934773801736,"distribution":"{\"name\": \"FloatDistribution\", \"attributes\": {\"step\": null, \"low\": 0.0, \"high\": 1.0, \"log\": false}}"}
{"op_code":8,"worker_id":"08f24624-e3e2-44ef-a556-87dbb207cf37-8316722560","trial_id":38,"user_attr":{"tag":"cb4e266708f04"}}
{"op_code":8,"worker_id":"08f24624-e3e2-44ef-a556-87dbb207cf37-8316722560","trial_id":38,"user_attr":{"overrides":{"gamma":0.9929453702078307,"bc_reg":2.607633840054837,"hidden":64,"clone_lr":0.0035623781604653747,"clone_batch":128,"clone_weight_decay":0.0001,"clone_class_power":0.13569395684118885,"clone_label_smoothing":0.05,"clone_patience":5,"lr":0.0018144133048941346,"n_step":16,"batch":256,"target_sync":5000,"eps_decay_frac":0.12873131514811437,"reward_scale":58.492177658482134,"bc_reg_decay_frac":0.8926077606278755,"bc_guide_prob":0.2848934773801736}}}
{"op_code":7,"worker_id":"08f24624-e3e2-44ef-a556-87dbb207cf37-8316722560","trial_id":36,"step":8,"intermediate_value":286.50715097582395}
{"op_code":8,"worker_id":"08f24624-e3e2-44ef-a556-87dbb207cf37-8316722560","trial_id":36,"user_attr":{"hh_saving":{"254":326.58192780491635,"185":284.16693567744926,"230":291.09700323119955,"266":176.52081522211736,"145":324.2439847802458,"229":183.61668309269135,"300":352.9560440736974,"69":352.87381392427494}}}
{"op_code":8,"worker_id":"08f24624-e3e2-44ef-a556-87dbb207cf37-8316722560","trial_id":36,"user_attr":{"val_efc_mean":84.62299390625}}
{"op_code":8,"worker_id":"08f24624-e3e2-44ef-a556-87dbb207cf37-8316722560","trial_id":36,"user_attr":{"converged_share":1.0}}
{"op_code":8,"worker_id":"08f24624-e3e2-44ef-a556-87dbb207cf37-8316722560","trial_id":36,"user_attr":{"wall_s":404.26382303237915}}
{"op_code":6,"worker_id":"08f24624-e3e2-44ef-a556-87dbb207cf37-8316722560","trial_id":36,"state":1,"values":[286.50715097582395],"datetime_complete":"2026-10-08T06:10:03.446843"}
{"op_code":4,"worker_id":"08f24624-e3e2-44ef-a556-87dbb207cf37-8316722560","study_id":0,"datetime_start":"2026-10-08T06:10:14.150777"}
{"op_code":9,"worker_id":"08f24624-e3e2-44ef-a556-87dbb207cf37-8316722560","trial_id":39,"system_attr":{"tpe:relative_params:0":"{\"batch\": 256, \"bc_guide_prob\": 0.013483190325450867, \"bc_reg\": 2.4902253660067304, \"bc_reg_decay_frac\": 0.6291949865585023, \"eps_decay_frac\": 0.21238050066319458, \"gamma\": 0.9881838741710418, \"lr\": 0.0013335506223687093, \"n_step\": 4, \"reward_scale\": 65.92290254913154, \"target_sync\": 5000}"}}
{"op_code":5,"worker_id":"08f24624-e3e2-44ef-a556-87dbb207cf37-8316722560","trial_id":39,"param_name":"lr","param_value_internal":0.0013335506223687093,"distribution":"{\"name\": \"FloatDistribution\", \"attributes\": {\"step\": null, \"low\": 0.0001, \"high\": 0.003, \"log\": true}}"}
{"op_code":5,"worker_id":"08f24624-e3e2-44ef-a556-87dbb207cf37-8316722560","trial_id":39,"param_name":"gamma","param_value_internal":0.9881838741710418,"distribution":"{\"name\": \"FloatDistribution\", \"attributes\": {\"step\": null, \"low\": 0.98, \"high\": 0.999, \"log\": false}}"}
{"op_code":5,"worker_id":"08f24624-e3e2-44ef-a556-87dbb207cf37-8316722560","trial_id":39,"param_name":"n_step","param_value_internal":2,"distribution":"{\"name\": \"CategoricalDistribution\", \"attributes\": {\"choices\": [1, 2, 4, 8, 16]}}"}
{"op_code":5,"worker_id":"08f24624-e3e2-44ef-a556-87dbb207cf37-8316722560","trial_id":39,"param_name":"batch","param_value_internal":2,"distribution":"{\"name\": \"CategoricalDistribution\", \"attributes\": {\"choices\": [64, 128, 256]}}"}
{"op_code":5,"worker_id":"08f24624-e3e2-44ef-a556-87dbb207cf37-8316722560","trial_id":39,"param_name":"target_sync","param_value_internal":3,"distribution":"{\"name\": \"CategoricalDistribution\", \"attributes\": {\"choices\": [500, 1000, 2000, 5000, 10000]}}"}
{"op_code":5,"worker_id":"08f24624-e3e2-44ef-a556-87dbb207cf37-8316722560","trial_id":39,"param_name":"eps_decay_frac","param_value_internal":0.21238050066319458,"distribution":"{\"name\": \"FloatDistribution\", \"attributes\": {\"step\": null, \"low\": 0.1, \"high\": 0.6, \"log\": false}}"}
{"op_code":5,"worker_id":"08f24624-e3e2-44ef-a556-87dbb207cf37-8316722560","trial_id":39,"param_name":"reward_scale","param_value_internal":65.92290254913154,"distribution":"{\"name\": \"FloatDistribution\", \"attributes\": {\"step\": null, \"low\": 5.0, \"high\": 80.0, \"log\": true}}"}
{"op_code":5,"worker_id":"08f24624-e3e2-44ef-a556-87dbb207cf37-8316722560","trial_id":39,"param_name":"bc_reg","param_value_internal":2.4902253660067304,"distribution":"{\"name\": \"FloatDistribution\", \"attributes\": {\"step\": null, \"low\": 0.0, \"high\": 3.0, \"log\": false}}"}
{"op_code":5,"worker_id":"08f24624-e3e2-44ef-a556-87dbb207cf37-8316722560","trial_id":39,"param_name":"bc_reg_decay_frac","param_value_internal":0.6291949865585023,"distribution":"{\"name\": \"FloatDistribution\", \"attributes\": {\"step\": null, \"low\": 0.1, \"high\": 1.0, \"log\": false}}"}
{"op_code":5,"worker_id":"08f24624-e3e2-44ef-a556-87dbb207cf37-8316722560","trial_id":39,"param_name":"bc_guide_prob","param_value_internal":0.013483190325450867,"distribution":"{\"name\": \"FloatDistribution\", \"attributes\": {\"step\": null, \"low\": 0.0, \"high\": 1.0, \"log\": false}}"}
{"op_code":8,"worker_id":"08f24624-e3e2-44ef-a556-87dbb207cf37-8316722560","trial_id":39,"user_attr":{"tag":"c2d80494f2d36"}}
{"op_code":8,"worker_id":"08f24624-e3e2-44ef-a556-87dbb207cf37-8316722560","trial_id":39,"user_attr":{"overrides":{"gamma":0.9881838741710418,"bc_reg":2.4902253660067304,"hidden":64,"clone_lr":0.0035623781604653747,"clone_batch":128,"clone_weight_decay":0.0001,"clone_class_power":0.13569395684118885,"clone_label_smoothing":0.05,"clone_patience":5,"lr":0.0013335506223687093,"n_step":4,"batch":256,"target_sync":5000,"eps_decay_frac":0.21238050066319458,"reward_scale":65.92290254913154,"bc_reg_decay_frac":0.6291949865585023,"bc_guide_prob":0.013483190325450867}}}
{"op_code":7,"worker_id":"08f24624-e3e2-44ef-a556-87dbb207cf37-8316722560","trial_id":38,"step":3,"intermediate_value":299.85308705492315}
{"op_code":8,"worker_id":"08f24624-e3e2-44ef-a556-87dbb207cf37-8316722560","trial_id":38,"user_attr":{"hh_saving":{"254":325.53465935456774,"185":283.40621196306097,"230":290.6183898471407}}}
{"op_code":8,"worker_id":"08f24624-e3e2-44ef-a556-87dbb207cf37-8316722560","trial_id":38,"user_attr":{"val_efc_mean":93.54077358333332}}
{"op_code":8,"worker_id":"08f24624-e3e2-44ef-a556-87dbb207cf37-8316722560","trial_id":38,"user_attr":{"converged_share":1.0}}
{"op_code":8,"worker_id":"08f24624-e3e2-44ef-a556-87dbb207cf37-8316722560","trial_id":38,"user_attr":{"wall_s":209.47284483909607}}
{"op_code":6,"worker_id":"08f24624-e3e2-44ef-a556-87dbb207cf37-8316722560","trial_id":38,"state":2,"values":[299.85308705492315],"datetime_complete":"2026-10-08T06:11:51.593895"}
{"op_code":7,"worker_id":"08f24624-e3e2-44ef-a556-87dbb207cf37-8316722560","trial_id":39,"step":3,"intermediate_value":300.20038066866266}
{"op_code":8,"worker_id":"08f24624-e3e2-44ef-a556-87dbb207cf37-8316722560","trial_id":39,"user_attr":{"hh_saving":{"254":325.7123200675349,"185":283.8629774524267,"230":291.02584448602636}}}
{"op_code":8,"worker_id":"08f24624-e3e2-44ef-a556-87dbb207cf37-8316722560","trial_id":39,"user_attr":{"val_efc_mean":93.94148141666669}}
{"op_code":8,"worker_id":"08f24624-e3e2-44ef-a556-87dbb207cf37-8316722560","trial_id":39,"user_attr":{"converged_share":1.0}}
{"op_code":8,"worker_id":"08f24624-e3e2-44ef-a556-87dbb207cf37-8316722560","trial_id":39,"user_attr":{"wall_s":123.6045732498169}}
{"op_code":6,"worker_id":"08f24624-e3e2-44ef-a556-87dbb207cf37-8316722560","trial_id":39,"state":2,"values":[300.20038066866266],"datetime_complete":"2026-10-08T06:12:17.763204"}
