Timestamp,Price_SMP,Buy_Rate_USD_kWh,Sell_Rate_USD_kWh,Solar_Gen,Consumption,SoC_kWh,SoC_Planned,SoC_Deviation,Charge_kW,Discharge_kW,Buy_kW,Sell_kW,Step_Cost_USD,Reoptimized
2012-06-30 00:30:00+00:00,0.019557,0.0795683676425,0.020334879675,0.0,0.241,4.873157894736842,4.8731579,0.0,0.0,0.241,0.0,-0.0,0.0,1
2012-06-30 01:00:00+00:00,0.0191019,0.07904784587975,0.0198616780725,0.0,0.263,4.734736842105263,4.7347368,0.1384210947368416,0.0,0.263,0.0,-0.0,0.0,1
2012-06-30 01:30:00+00:00,0.0182901,0.07811934760025001,0.0190175887275,0.0,0.17,4.645263157894736,4.6452632,0.0894736421052631,0.0,0.17,0.0,-0.0,0.0,1
2012-06-30 02:00:00+00:00,0.01545495,0.074876637699875,0.01606967063625,0.0,0.15,4.645263157894736,4.6452632,4.210526327597108e-08,0.0,0.0,0.15,0.0,0.0056157478274906246,1
2012-06-30 02:30:00+00:00,0.0112791,0.07010049882275,0.011727726202499998,0.0,0.159,5.150000010394736,5.15,0.504736842105264,1.0626039,0.0,1.2216039,0.0,0.04281752137690841,1
2012-06-30 03:00:00+00:00,0.0105534,0.0692704776335,0.010973161484999997,0.0,0.159,5.8625000103947364,5.8625,0.7124999896052637,1.5,0.0,1.659,0.0,0.05745986119698825,1
2012-06-30 03:30:00+00:00,0.01114995,0.069952783187375,0.01159343926125,0.0,0.143,6.575000010394737,6.575,0.7124999896052637,1.5,0.0,1.643,0.0,0.057466211388428556,1
2012-06-30 04:00:00+00:00,0.01064565,0.06937598880162502,0.011069080728749998,0.0,0.174,7.287500010394737,7.2875,0.7124999896052628,1.5,0.0,1.674,0.0,0.058067702626960135,1
2012-06-30 04:30:00+00:00,0.0095325,0.06810282070625,0.009911655187499998,0.0,0.14,8.0,8.0,0.7124999896052628,1.5,0.0,1.6400000000000001,0.0,0.055844312979125,1
2012-06-30 05:00:00+00:00,0.0081918,0.29646939172950004,0.008517628845,0.0,0.144,7.92421052631579,7.9242105,0.07578949999999995,0.0,0.144,0.0,-0.0,0.0,1
2012-06-30 05:30:00+00:00,0.0119925,0.30081645185625006,0.012469501687499999,0.0,0.172,7.833684210526316,7.8336842,0.09052632631578916,0.0,0.172,0.0,-0.0,0.0,1
2012-06-30 06:00:00+00:00,0.01367145,0.3027367551161251,0.01421523192375,0.0,0.147,7.7563157894736845,7.7563158,0.07736841052631593,0.0,0.147,0.0,-0.0,0.0,1
2012-06-30 06:30:00+00:00,0.01389285,0.302989981919625,0.01444543810875,0.0,0.141,7.682105263157895,7.6821053,0.07421048947368458,0.0,0.141,0.0,-0.0,0.0,1
2012-06-30 07:00:00+00:00,0.0148953,0.30413653661325,0.015487760557499999,0.0,0.173,7.591052631578948,7.5910526,0.09105266315789518,0.0,0.173,0.0,-0.0,0.0,1
2012-06-30 07:30:00+00:00,0.0171954,0.30676728173850004,0.017879347034999996,0.0,0.145,7.514736842105264,7.5147368,0.07631583157894806,0.0,0.145,0.0,-0.0,0.0,1
2012-06-30 08:00:00+00:00,0.018204,0.30792087051,0.0189280641,0.0,0.145,7.43842105263158,7.4384211,0.0763157421052636,0.0,0.145,0.0,-0.0,0.0,1
2012-06-30 08:30:00+00:00,0.0197415,0.30967938997875005,0.0205267181625,0.0,0.962,6.932105263157895,6.9321053,0.50631575263158,0.0,0.962,0.0,-0.0,0.0,1
2012-06-30 09:00:00+00:00,0.0208485,0.31094552399625003,0.021677749087499996,0.0,1.221,6.289473684210527,6.2894737,0.6426315631578952,0.0,1.221,0.0,-0.0,0.0,1
2012-06-30 09:30:00+00:00,0.0212544,0.31140977313600005,0.022099793759999996,0.006,0.999,5.766842105263159,5.7668421,0.5226315842105276,0.0,0.993,0.0,-0.0,0.0,1
2012-06-30 10:00:00+00:00,0.0207747,0.31086111506175,0.021601013692499997,0.0,0.777,5.357894736842106,5.3578947,0.40894740526315854,0.0,0.777,0.0,-0.0,0.0,1
2012-06-30 10:30:00+00:00,0.0196431,0.30956684473275003,0.0204244043025,0.013,0.575,5.062105263157896,5.0621053,0.29578943684210657,0.0,0.562,0.0,1.1102230246251565e-16,-1.1337821960444306e-18,1
2012-06-30 11:00:00+00:00,0.0194463,0.12894175424075,0.020219776582499998,0.006,0.438,4.834736842105265,4.8347368,0.22736846315789627,0.0,0.432,0.0,-0.0,0.0,1
2012-06-30 11:30:00+00:00,0.02021505,0.129821013975125,0.02101910361375,0.019,0.693,4.480000000000002,4.48,0.35473684210526457,0.0,0.674,0.0,1.1102230246251565e-16,-1.1667946394483541e-18,1
2012-06-30 12:00:00+00:00,0.0196677,0.12919498104425,0.0204499827675,0.038,0.665,4.150000000000002,4.15,0.33000000000000185,0.0,0.627,0.0,-0.0,0.0,1
2012-06-30 12:30:00+00:00,0.0190404,0.12847750510099998,0.019797731909999998,0.388,0.792,3.937368421052634,3.9373684,0.21263160000000214,0.0,0.404,0.0,-0.0,0.0,1
2012-06-30 13:00:00+00:00,0.0184746,0.12783036993650002,0.019209427214999998,0.494,0.163,4.094593421052634,4.0945934,0.1572249789473661,0.331,0.0,0.0,-0.0,0.0,1
2012-06-30 13:30:00+00:00,0.01866525,0.128048426350625,0.01940766031875,0.419,0.148,4.223318421052634,4.2233184,0.1287249789473659,0.271,0.0,5.551115123125783e-17,0.0,3.554057780037062e-18,1
2012-06-30 14:00:00+00:00,0.0198645,0.12942007153625001,0.0206546104875,0.275,0.168,4.274143421052634,4.2741434,0.050824978947365373,0.107,0.0,0.0,-0.0,0.0,1
2012-06-30 14:30:00+00:00,0.0195201,0.12902616317525,0.020296511977499997,0.381,0.155,4.381493421052634,4.3814934,0.10734997894736598,0.226,0.0,0.0,-0.0,0.0,1
2012-06-30 15:00:00+00:00,0.0200367,0.12961702571675,0.0208336597425,0.306,0.2,4.431843421052634,4.4318434,0.05034997894736559,0.106,0.0,0.0,-0.0,0.0,1
2012-06-30 15:30:00+00:00,0.0200121,0.12958888940525,0.0208080812775,0.213,0.224,4.426053947368424,4.4260539,0.005789521052633972,0.0,0.011,1.0408340855860843e-17,0.0,6.7440266603114795e-19,1
2012-06-30 16:00:00+00:00,0.0202212,0.129828048053,0.021025498230000002,0.163,0.166,4.424475000000003,4.424475,0.0015789473684240107,0.0,0.003,2.6020852139652106e-18,0.0,1.6891182209833808e-19,1
2012-06-30 16:30:00+00:00,0.02293335,0.13293007639587498,0.02384552399625,0.013,0.168,4.342896052631581,4.3428961,0.0815789000000029,0.0,0.155,0.0,-0.0,0.0,1
2012-06-30 17:00:00+00:00,0.02726295,0.137882067219875,0.02834733383625,0.0,0.196,4.239738157894739,4.2397382,0.10315785263158173,0.0,0.196,0.0,-0.0,0.0,1
2012-06-30 17:30:00+00:00,0.02936625,0.140287721853125,0.030534292593749998,0.0,0.173,4.148685526315791,4.1486855,0.09105265789473904,0.0,0.173,0.0,-0.0,0.0,1
2012-06-30 18:00:00+00:00,0.0328164,0.144233839541,0.03412167231,0.0,0.172,4.058159210526318,4.0581592,0.09052632631579094,0.0,0.172,0.0,-0.0,0.0,1
2012-06-30 18:30:00+00:00,0.0324105,0.14376959040124998,0.0336996276375,0.0,0.206,3.949738157894739,3.9497382,0.10842101052631792,0.0,0.206,0.0,-0.0,0.0,1
2012-06-30 19:00:00+00:00,0.0291879,0.14008373359475002,0.030348848722499995,0.0,0.173,3.8586855263157918,3.8586855,0.09105265789473904,0.0,0.173,0.0,-0.0,0.0,1
2012-06-30 19:30:00+00:00,0.0254979,0.13586328686975,0.0265120789725,0.0,0.178,3.765001315789476,3.7650013,0.09368422631579154,0.0,0.178,0.0,-0.0,0.0,1
2012-06-30 20:00:00+00:00,0.0254241,0.13577887793525,0.0264353435775,0.0,0.206,3.656580263157897,3.6565803,0.10842101578947627,0.0,0.206,0.0,-0.0,0.0,1
2012-06-30 20:30:00+00:00,0.0259284,0.136355672321,0.02695970211,0.0,0.174,3.565001315789476,3.5650013,0.09157896315789715,0.0,0.174,0.0,-0.0,0.0,1
2012-06-30 21:00:00+00:00,0.0259284,0.136355672321,0.02695970211,0.0,0.495,3.3044750000000023,3.304475,0.26052631578947594,0.0,0.495,0.0,-0.0,0.0,1
2012-06-30 21:30:00+00:00,0.02373285,0.133844506519625,0.02467682410875,0.0,0.732,2.9192118421052653,2.9192118,0.38526320000000247,0.0,0.732,0.0,-0.0,0.0,1
2012-06-30 22:00:00+00:00,0.0270354,0.13762180633850002,0.028110733035,0.0,0.171,2.8292118421052654,2.8292118,0.09000004210526535,0.0,0.171,0.0,-0.0,0.0,1
2012-06-30 22:30:00+00:00,0.0303318,0.1413920720795,0.031538247345,0.0,0.181,2.7339486842105285,2.7339487,0.09526314210526543,0.0,0.181,0.0,-0.0,0.0,1
2012-06-30 23:00:00+00:00,0.02718915,0.137797658285375,0.028270598441249996,0.0,0.186,2.6360539473684232,2.6360539,0.09789478421052866,0.0,0.186,0.0,-0.0,0.0,1
2012-06-30 23:30:00+00:00,0.02936625,0.140287721853125,0.030534292593749998,0.0,0.174,2.544475000000002,2.544475,0.09157894736842342,0.0,0.174,0.0,-0.0,0.0,1
2012-07-01 00:00:00+00:00,0.03199845,0.093798307183625,0.03327118834875,0.0,0.178,2.544475000000002,2.544475,2.220446049250313e-15,0.0,0.0,0.178,0.0,0.008348049339342625,1
2012-07-01 00:30:00+00:00,0.0350796,0.09732238019900001,0.03647489109,0.0,0.187,2.544475000000002,2.544475,2.220446049250313e-15,0.0,0.0,0.187,0.0,0.0090996425486065,1
2012-07-01 01:00:00+00:00,0.03301935,0.09496596411087499,0.034332694646249995,0.0,0.169,2.544475000000002,2.544475,2.220446049250313e-15,0.0,0.0,0.169,0.0,0.008024623967368937,1
2012-07-01 01:30:00+00:00,0.0319431,0.09373500048275,0.0332136368025,0.0,0.186,2.544475000000002,2.544475,2.220446049250313e-15,0.0,0.0,0.186,0.0,0.00871735504489575,1
2012-07-01 02:00:00+00:00,0.03205995,0.093868647962375,0.03333513451124999,0.0,0.176,2.544475000000002,2.544475,2.220446049250313e-15,0.0,0.0,0.176,0.0,0.008260441020689,1
2012-07-01 02:30:00+00:00,0.0291756,0.09056966543900001,0.030336059489999997,0.0,0.172,2.544475000000002,2.544475,2.220446049250313e-15,0.0,0.0,0.172,0.0,0.007788991227754,1
2012-07-01 03:00:00+00:00,0.02827155,0.089535655991375,0.029396050901249995,0.0,0.18,3.256975000000002,3.256975,0.7124999999999981,1.5,0.0,1.68,0.0,0.075209951032755,1
2012-07-01 03:30:00+00:00,0.02577465,0.086679820374125,0.026799836703749996,0.0,0.182,3.969475000000002,3.969475,0.7124999999999981,1.5,0.0,1.682,0.0,0.07289772893463912,1
2012-07-01 04:00:00+00:00,0.0211683,0.08141129604575001,0.0220102691325,0.0,0.161,4.681975000000001,4.681975,0.7124999999999986,1.5,0.0,1.661,0.0,0.06761208136599538,1
2012-07-01 04:30:00+00:00,0.02878815,0.090126518532875,0.029933198666249994,0.0,0.182,5.394475000000002,5.394475,0.7124999999999986,1.5,0.0,1.682,0.0,0.07579640208614787,1
2012-07-01 05:00:00+00:00,0.03078075,0.322305559764375,0.03200505433125,0.0,0.171,5.304475000000002,5.304475,0.09000000000000163,0.0,0.171,0.0,-0.0,0.0,1
2012-07-01 05:30:00+00:00,0.03236745,0.32412035185612503,0.03365486532375,0.0,0.167,5.216580263157897,5.2165803,0.08789470000000144,0.0,0.167,0.0,-0.0,0.0,1
2012-07-01 06:00:00+00:00,0.03164175,0.323290330666875,0.03290030060625,0.0,0.178,5.122896052631581,5.1228961,0.09368416315789663,0.0,0.178,0.0,-0.0,0.0,1
2012-07-01 06:30:00+00:00,0.0311559,0.32273463851475004,0.0323951259225,0.0,0.216,5.009211842105265,5.0092118,0.11368425263158066,0.0,0.216,0.0,-0.0,0.0,1
2012-07-01 07:00:00+00:00,0.03225675,0.323993738454375,0.03353976223125,0.0,0.264,4.8702644736842124,4.8702645,0.13894734210526494,0.0,0.264,0.0,-0.0,0.0,1
2012-07-01 07:30:00+00:00,0.0322875,0.3240289088437501,0.033571735312499996,0.0,0.213,4.758159210526317,4.7581592,0.11210527368421275,0.0,0.213,0.0,-0.0,0.0,1
2012-07-01 08:00:00+00:00,0.0338496,0.325815564624,0.03519596784,0.0,0.19,4.658159210526318,4.6581592,0.10000001052631724,0.0,0.19,0.0,-0.0,0.0,1
2012-07-01 08:30:00+00:00,0.033948,0.32592810987000004,0.035298281699999996,0.006,0.163,4.575527631578949,4.5755276,0.08263161052631762,0.0,0.157,0.0,-0.0,0.0,1
2012-07-01 09:00:00+00:00,0.03614355,0.328439275671375,0.03758115970125,0.019,0.166,4.4981592105263175,4.4981592,0.07736843157894935,0.0,0.147,2.7755575615628914e-17,0.0,4.558010575519619e-18,1
2012-07-01 09:30:00+00:00,0.03720135,0.329649137065875,0.03868103369625,0.05,0.177,4.43131710526316,4.4313171,0.06684211052631728,0.0,0.127,0.0,-0.0,0.0,1
2012-07-01 10:00:00+00:00,0.037146,0.32958583036500005,0.03862348214999999,0.081,0.163,4.388159210526318,4.3881592,0.04315790526316032,0.0,0.082,0.0,-0.0,0.0,1
2012-07-01 10:30:00+00:00,0.0373059,0.32976871638975,0.0387897421725,0.106,0.166,4.356580263157897,4.3565803,0.031578910526318005,0.0,0.06,1.3877787807814457e-17,0.0,2.288230135856148e-18,1
2012-07-01 11:00:00+00:00,0.0351903,0.14694899360074998,0.036589994182499995,0.125,0.186,4.324475000000002,4.324475,0.032105263157897745,0.0,0.061,0.0,-0.0,0.0,1
2012-07-01 11:30:00+00:00,0.0360759,0.14796190081475,0.037510818922499994,0.163,0.163,4.324475000000002,4.324475,2.6645352591003757e-15,0.0,0.0,0.0,-0.0,0.0,1
2012-07-01 12:00:00+00:00,0.036285,0.1482010594625,0.037728235874999995,0.181,0.163,4.333025000000002,4.333025,0.008549999999997837,0.018,0.0,0.0,-0.0,0.0,1
2012-07-01 12:30:00+00:00,0.0356577,0.14748358351925,0.0370759850175,0.225,0.189,4.350125000000002,4.350125,0.01709999999999834,0.036,0.0,0.0,-0.0,0.0,1
2012-07-01 13:00:00+00:00,0.0360882,0.14797596897049997,0.03752360815499999,0.094,0.164,4.313282894736844,4.3132829,0.0368421000000021,0.0,0.07,0.0,-0.0,0.0,1
2012-07-01 13:30:00+00:00,0.03589755,0.14775791255637502,0.03732537505125,0.175,0.162,4.319457894736844,4.3194579,0.006175005263155953,0.013,0.0,2.7755575615628914e-17,0.0,2.050552957382976e-18,1
2012-07-01 14:00:00+00:00,0.0355224,0.147328833806,0.03693530346,0.4,0.186,4.421107894736844,4.4211079,0.10165000526315637,0.214,0.0,0.0,-0.0,0.0,1
2012-07-01 14:30:00+00:00,0.0350427,0.14678017573175,0.0364365233925,0.45,0.163,4.557432894736844,4.5574329,0.13632500526315638,0.287,0.0,0.0,5.551115123125783e-17,-1.0113166801911656e-18,1
2012-07-01 15:00:00+00:00,0.0361866,0.1480885142165,0.03762592201499999,0.4,0.481,4.514801315789476,4.5148013,0.04263159473684386,0.0,0.081,0.0,4.163336342344337e-17,-7.832468426963167e-19,1
2012-07-01 15:30:00+00:00,0.0343047,0.14593608638674999,0.035669169442499996,0.338,0.752,4.296906578947371,4.2969066,0.21789471578947595,0.0,0.414,0.0,-0.0,0.0,1
2012-07-01 16:00:00+00:00,0.03511035,0.146857550588375,0.03650686417124999,0.25,0.208,4.3168565789473705,4.3168566,0.019950021052629552,0.042,0.0,0.0,-0.0,0.0,1
2012-07-01 16:30:00+00:00,0.0376134,0.1497204202835,0.039109472985,0.006,0.172,4.229488157894739,4.2294882,0.08736837894737093,0.0,0.166,0.0,2.7755575615628914e-17,-5.427529673612818e-19,1
2012-07-01 17:00:00+00:00,0.04039935,0.152906857560875,0.042006234146249995,0.0,0.19,4.129488157894739,4.1294882,0.09999995789473903,0.0,0.19,0.0,-0.0,0.0,1
2012-07-01 17:30:00+00:00,0.04091595,0.153497720102375,0.04254338191124999,0.0,0.169,4.0405407894736864,4.0405408,0.08894735789473973,0.0,0.169,0.0,-0.0,0.0,1
2012-07-01 18:00:00+00:00,0.04894785,0.16268422580712502,0.050894750733749994,0.0,0.17,3.95106710526316,3.9510671,0.0894736894736865,0.0,0.17,0.0,-0.0,0.0,1
2012-07-01 18:30:00+00:00,0.04686915,0.16030670748537498,0.04873337044124999,0.0,0.195,3.8484355263157917,3.8484355,0.10263160526316017,0.0,0.195,0.0,-0.0,0.0,1
2012-07-01 19:00:00+00:00,0.0437142,0.1566982255355,0.045452932305,0.0,0.17,3.7589618421052653,3.7589618,0.08947372631579187,0.0,0.17,0.0,-0.0,0.0,1
2012-07-01 19:30:00+00:00,0.0425457,0.15536175073925,0.04423795521749999,0.0,0.171,3.6689618421052654,3.6689618,0.09000004210526535,0.0,0.171,0.0,-0.0,0.0,1
2012-07-01 20:00:00+00:00,0.04017795,0.152653630757375,0.04177602796124999,0.0,0.194,3.5668565789473705,3.5668566,0.1021052421052655,0.0,0.194,0.0,-0.0,0.0,1
2012-07-01 20:30:00+00:00,0.03956295,0.151950222969875,0.04113656633625,0.0,0.166,3.479488157894739,3.4794882,0.08736837894737048,0.0,0.166,0.0,-0.0,0.0,1
2012-07-01 21:00:00+00:00,0.0385974,0.1508458727435,0.040132611585,0.0,0.171,3.389488157894739,3.3894882,0.0899999578947388,0.0,0.171,0.0,-0.0,0.0,1
2012-07-01 21:30:00+00:00,0.03905865,0.151373428584125,0.04061220780375,0.0,0.197,3.2858039473684233,3.2858039,0.10368425789473923,0.0,0.197,0.0,-0.0,0.0,1
2012-07-01 22:00:00+00:00,0.0388311,0.15111316770275,0.040375607002499994,0.0,0.164,3.199488157894739,3.1994882,0.08631574736842351,0.0,0.164,0.0,-0.0,0.0,1
2012-07-01 22:30:00+00:00,0.0409467,0.15353289049175,0.0425753549925,0.0,0.168,3.11106710526316,3.1110671,0.08842105789473909,0.0,0.168,0.0,-0.0,0.0,1
2012-07-01 23:00:00+00:00,0.0375396,0.14963601134899998,0.03903273759,0.0,0.193,3.0094881578947392,3.0094882,0.10157890526316038,0.0,0.193,0.0,-0.0,0.0,1
2012-07-01 23:30:00+00:00,0.03880035,0.15107799731337498,0.04034363392125,0.0,0.182,2.913698684210529,2.9136987,0.09578945789473936,0.0,0.182,0.0,-0.0,0.0,1
2012-07-02 00:00:00+00:00,0.037515,0.10010787503749999,0.039007159124999996,0.0,0.174,2.913698684210529,2.9136987,1.5789471063953897e-08,0.0,0.0,0.174,0.0,0.008709385128262498,1
2012-07-02 00:30:00+00:00,0.03439695,0.096541597554875,0.03576508868625,0.0,0.185,2.913698684210529,2.9136987,1.5789471063953897e-08,0.0,0.0,0.185,0.0,0.008930097773825937,1
2012-07-02 01:00:00+00:00,0.03362205,0.09565530374262503,0.03495936703875,0.0,0.168,3.6261986842105287,3.6261987,0.7125000157894714,1.5,0.0,1.668,0.0,0.07977652332134927,1
2012-07-02 01:30:00+00:00,0.03406485,0.09616175734962502,0.03541977940875,0.0,0.162,3.7249999999605286,3.725,0.09880131578947138,0.20800277,0.0,0.37000277000000004,0.0,0.01779005829371456,1
2012-07-02 02:00:00+00:00,0.0337266,0.09577488306650002,0.035068075515,0.0,0.182,4.4374999999605285,4.4375,0.7125000000394714,1.5,0.0,1.682,0.0,0.08054667665892651,1
2012-07-02 02:30:00+00:00,0.03308085,0.09503630488962501,0.03439664080875,0.0,0.177,5.149999999960528,5.15,0.7125000000394719,1.5,0.0,1.677,0.0,0.07968794164995058,1
2012-07-02 03:00:00+00:00,0.0331239,0.09508554343475002,0.0344414031225,0.0,0.174,5.862499999960528,5.8625,0.7125000000394719,1.5,0.0,1.674,0.0,0.07958659985488577,1
2012-07-02 03:30:00+00:00,0.0331485,0.09511367974625,0.034466981587499994,0.0,0.166,6.574999999960529,6.575,0.7125000000394719,1.5,0.0,1.666,0.0,0.07922969522862625,1
2012-07-02 04:00:00+00:00,0.03313005,0.09509257751262501,0.034447797738749994,0.0,0.187,7.287499999960529,7.2875,0.712500000039471,1.5,0.0,1.687,0.0,0.0802105891318992,1
2012-07-02 04:30:00+00:00,0.0331485,0.09511367974625,0.034466981587499994,0.0,0.158,7.999999999960529,8.0,0.712500000039471,1.5,0.0,1.658,0.0,0.07884924050964125,1
2012-07-02 05:00:00+00:00,0.03326535,0.325147327225875,0.034588479296249995,0.0,0.164,7.913684210486845,7.9136842,0.08631579996052974,0.0,0.164,0.0,-0.0,0.0,1
2012-07-02 05:30:00+00:00,0.0354117,0.32760222040425,0.03682020036749999,0.0,0.185,7.8163157894342135,7.8163158,0.09736841048684486,0.0,0.185,0.0,-0.0,0.0,1
2012-07-02 06:00:00+00:00,0.03721365,0.32966320522162507,0.03869382292875,0.0,0.166,7.728947368381582,7.7289474,0.08736838943421343,0.0,0.166,0.0,-0.0,0.0,1
2012-07-02 06:30:00+00:00,0.04154325,0.334615196045625,0.04319563276874999,0.0,0.159,7.6452631578552666,7.6452632,0.08368416838158232,0.0,0.159,0.0,-0.0,0.0,1
2012-07-02 07:00:00+00:00,0.04940295,0.3436047475698751,0.051367952336249995,0.0,0.185,7.547894736802635,7.5478947,0.09736845785526693,0.0,0.185,0.0,-0.0,0.0,1
2012-07-02 07:30:00+00:00,0.04357275,0.33693644174437504,0.04530585613125,0.0,0.162,7.4626315789078985,7.4626316,0.08526313680263531,0.0,0.162,0.0,-0.0,0.0,1
2012-07-02 08:00:00+00:00,0.05431065,0.34921794171412507,0.056470856103749995,0.0,0.252,7.32999999996053,7.33,0.13263157890789845,0.0,0.252,0.0,-0.0,0.0,1
2012-07-02 08:30:00+00:00,0.0599625,0.35568225928125,0.0623475084375,0.0,0.684,6.96999999996053,6.97,0.35999999996053056,0.0,0.684,0.0,-0.0,0.0,1
2012-07-02 09:00:00+00:00,0.05511015,0.35013237183787504,0.05730215621625,0.006,0.635,6.638947368381583,6.6389474,0.3310525999605298,0.0,0.629,0.0,-0.0,0.0,1
2012-07-02 09:30:00+00:00,0.0512418,0.3457079368545001,0.05327994259499999,0.0,0.163,6.553157894697373,6.5531579,0.08578946838158252,0.0,0.163,0.0,-0.0,0.0,1
2012-07-02 10:00:00+00:00,0.0551163,0.35013940591575,0.05730855083249999,0.006,0.158,6.473157894697373,6.4731579,0.0799999946973724,0.0,0.152,0.0,-0.0,0.0,1
2012-07-02 10:30:00+00:00,0.0485481,0.34262701074525004,0.05047910067749999,0.006,0.18,6.3815789473289515,6.3815789,0.09157899469737263,0.0,0.174,0.0,-0.0,0.0,1
2012-07-02 11:00:00+00:00,0.04616805,0.15950482260762502,0.04800438418875,0.013,0.163,6.302631578907899,6.3026316,0.0789473473289517,0.0,0.15,0.0,-0.0,0.0,1
2012-07-02 11:30:00+00:00,0.05245335,0.16669365019587498,0.05453968199625,0.013,0.16,6.2252631578552675,6.2252632,0.0773683789078996,0.0,0.147,0.0,-0.0,0.0,1
2012-07-02 12:00:00+00:00,0.0549687,0.16957058804675,0.057155080042499994,0.1,0.18,6.183157894697373,6.1831579,0.0421052578552672,0.0,0.08,0.0,1.3877787807814457e-17,-3.965930364842329e-19,1
2012-07-02 12:30:00+00:00,-0.0364572,0.065001986357,-0.03790728513,0.431,0.159,6.895657894697372,6.8956579,0.7125000053026271,1.5,0.0,1.228,0.0,0.039911219623198,1
2012-07-02 13:00:00+00:00,0.04337595,0.15631135125237502,0.04510122841125,0.481,0.158,7.0490828946973725,7.0490829,0.15342500530262804,0.323,0.0,0.0,-0.0,0.0,1
2012-07-02 13:30:00+00:00,0.05314215,0.167481466917875,0.055255879016249995,0.294,0.181,7.102757894697373,7.1027579,0.05367500530262781,0.113,0.0,0.0,-0.0,0.0,1
2012-07-02 14:00:00+00:00,0.04459365,0.157704098671625,0.046367362428749996,0.125,0.159,7.084863157855267,7.0848632,0.017894694697372593,0.0,0.034,0.0,-0.0,0.0,1
2012-07-02 14:30:00+00:00,0.0519921,0.16616609435525,0.054060085777499996,0.238,0.159,7.122388157855267,7.1223882,0.03752504214473262,0.079,0.0,0.0,-0.0,0.0,1
2012-07-02 15:00:00+00:00,0.0559281,0.17066790419525002,0.0581526401775,0.125,0.172,7.097651315750004,7.0976513,0.024736857855266692,0.0,0.047,0.0,1.3877787807814457e-17,-4.035150004237653e-19,1
2012-07-02 15:30:00+00:00,0.0566907,0.17154012985175,0.05894557259249999,0.044,0.172,7.030282894697372,7.0302829,0.0673684157500043,0.0,0.128,0.0,-0.0,0.0,1
2012-07-02 16:00:00+00:00,0.0589047,0.17407239788675,0.0612476344425,0.2,0.173,7.043107894697372,7.0431079,0.012825005302627979,0.027,0.0,0.0,2.7755575615628914e-17,-8.499816745236033e-19,1
2012-07-02 16:30:00+00:00,0.06386775,0.179748898731875,0.06640808975625,0.006,0.213,6.93416052627632,6.9341605,0.10894739469737225,0.0,0.207,0.0,-0.0,0.0,1
2012-07-02 17:00:00+00:00,0.06529455,0.181380804798875,0.06789164072625001,0.0,0.187,6.8357394736447405,6.8357395,0.09842102627631988,0.0,0.187,0.0,-0.0,0.0,1
2012-07-02 17:30:00+00:00,0.10175175,0.223078818441875,0.10579892585624999,0.0,0.162,6.750476315750004,6.7504763,0.08526317364474068,0.0,0.162,0.0,-0.0,0.0,1
2012-07-02 18:00:00+00:00,0.1472556,0.275123960639,0.15311269148999998,0.0,0.155,5.961002631539477,5.9610026,0.7894737157500042,0.0,1.5,0.0,1.345,-0.10296828502702499,1
2012-07-02 18:30:00+00:00,0.14934045,0.27750851303862506,0.15528046639874998,0.0,0.184,5.171528947328951,5.1715289,0.7894737315394771,0.0,1.5,0.0,1.316,-0.1021745468903775,1
2012-07-02 19:00:00+00:00,0.14467875,0.272176682009375,0.15043334728125,0.0,0.162,4.382055263118424,4.3820553,0.7894736473289505,0.0,1.5,0.0,1.338,-0.10063990933115625,1
2012-07-02 19:30:00+00:00,0.08417505,0.202975423875125,0.08752311261375,0.0,0.163,4.296265789434214,4.2962658,0.08578946311842461,0.0,0.163,0.0,-0.0,0.0,1
2012-07-02 20:00:00+00:00,0.07554045,0.193099578538625,0.07854507139874999,0.0,0.185,4.198897368381583,4.1988974,0.09736838943421411,0.0,0.185,0.0,-0.0,0.0,1
2012-07-02 20:30:00+00:00,0.13397775,0.259937386506875,0.13930671500624997,0.0,0.167,3.409423684171056,3.4094237,0.7894736683815826,0.0,1.5,0.0,1.333,-0.0928479255516656,1
2012-07-02 21:00:00+00:00,0.07683195,0.19457673489237498,0.07988794081124999,0.0,0.158,3.326265789434214,3.3262658,0.0831578841710563,0.0,0.158,0.0,-0.0,0.0,1
2012-07-02 21:30:00+00:00,0.0691629,0.18580523978225,0.0719138543475,0.0,0.186,3.2283710525921085,3.2283711,0.09789468943421387,0.0,0.186,0.0,-0.0,0.0,1
2012-07-02 22:00:00+00:00,0.06993165,0.186684499516625,0.07271318137874999,0.0,0.163,3.142581578907898,3.1425816,0.08578945259210835,0.0,0.163,0.0,-0.0,0.0,1
2012-07-02 22:30:00+00:00,0.13854105,0.26515667229012496,0.14405152026374998,0.0,0.165,2.353107894697372,2.3531079,0.789473678907898,0.0,1.5,0.0,1.335,-0.09615438977605312,1
2012-07-02 23:00:00+00:00,0.0775515,0.19539972200375,0.08063611091249999,0.0,0.175,2.261002631539477,2.2610026,0.09210529469737194,0.0,0.175,0.0,-0.0,0.0,1
2012-07-02 23:30:00+00:00,0.06964875,0.18636093193437497,0.07241902903124998,0.0,0.175,2.1688973683815824,2.1688974,0.09210523153947703,0.0,0.175,0.0,-0.0,0.0,1
2012-07-03 00:00:00+00:00,0.05408925,0.119064714910625,0.056240649918749996,0.0,0.16,2.1688973683815824,2.1688974,3.1618417661860576e-08,0.0,0.0,0.16,0.0,0.009525177192849999,1
2012-07-03 00:30:00+00:00,0.05709045,0.12249734491362502,0.059361222648749996,0.0,0.169,2.1688973683815824,2.1688974,3.1618417661860576e-08,0.0,0.0,0.169,0.0,0.010351025645201314,1
2012-07-03 01:00:00+00:00,0.06643845,0.133189143283625,0.06908103934874998,0.0,0.179,2.074686842065793,2.0746868,0.0942105683815826,0.0,0.179,0.0,-0.0,0.0,1
2012-07-03 01:30:00+00:00,0.06637695,0.133118802504875,0.06901709318625,0.0,0.298,1.917844736802635,1.9178447,0.15684214206579283,0.0,0.298,0.0,-0.0,0.0,1
2012-07-03 02:00:00+00:00,0.06015315,0.126000315695375,0.06254574154124999,0.0,0.663,1.5688973683815823,1.5688974,0.348947336802635,0.0,0.663,0.0,-0.0,0.0,1
2012-07-03 02:30:00+00:00,0.0517461,0.11638473124025,0.0538043011275,0.0,0.668,1.5688973683815823,1.5688974,3.1618417661860576e-08,0.0,0.0,0.668,0.0,0.038872500234243504,1
2012-07-03 03:00:00+00:00,0.04996875,0.11435188273437501,0.051956257031249994,0.0,0.157,1.5688973683815823,1.5688974,3.1618417661860576e-08,0.0,0.0,0.157,0.0,0.008976622794648437,1
2012-07-03 03:30:00+00:00,0.0471213,0.11109510467825,0.048995549707499995,0.0,0.163,2.0796039258815826,2.0796039,0.5107065316184176,1.0751717,0.0,1.2381717,0.0,0.06877740731057339,1
2012-07-03 04:00:00+00:00,0.0444522,0.10804231488049999,0.04622028625499999,0.0,0.178,2.7921039258815825,2.7921039,0.7124999741184173,1.5,0.0,1.678,0.0,0.09064750218473949,1
2012-07-03 04:30:00+00:00,0.03800085,0.10066356718962502,0.03951233380875,0.0,0.162,3.5046039258815824,3.5046039,0.7124999741184177,1.5,0.0,1.662,0.0,0.08365142433457838,1
2012-07-03 05:00:00+00:00,0.0400857,0.33294811958925,0.0416801087175,0.0,0.156,3.4224986627236875,3.4224987,0.08210522588158264,0.0,0.156,0.0,-0.0,0.0,1
2012-07-03 05:30:00+00:00,0.04244115,0.33564217141537506,0.044129246741249996,0.0,0.17,3.333024978513161,3.333025,0.0894736627236874,0.0,0.17,0.0,-0.0,0.0,1
2012-07-03 06:00:00+00:00,0.0469614,0.34081221865350003,0.04882928968499999,0.0,0.173,3.241972346934214,3.2419723,0.09105267851316112,0.0,0.173,0.0,-0.0,0.0,1
2012-07-03 06:30:00+00:00,0.05444595,0.34937269142737504,0.056611537661249996,0.0,0.163,3.1561828732500032,3.1561829,0.08578944693421375,0.0,0.163,0.0,-0.0,0.0,1
2012-07-03 07:00:00+00:00,0.05514705,0.35017457630512505,0.057340523913750004,0.0,0.156,3.0740776100921083,3.0740776,0.08210527325000339,0.0,0.156,0.0,-0.0,0.0,1
2012-07-03 07:30:00+00:00,0.04983345,0.34409713302112505,0.05181557547374999,0.0,0.183,2.977761820618424,2.9777618,0.09631581009210821,0.0,0.183,0.0,-0.0,0.0,1
2012-07-03 08:00:00+00:00,0.05495025,0.349949485813125,0.057135896193749994,0.0,0.161,2.8930249785131608,2.893025,0.0847368206184238,0.0,0.161,0.0,-0.0,0.0,1
2012-07-03 08:30:00+00:00,0.0611556,0.357046870389,0.06358806399,0.0,0.164,2.8067091890394766,2.8067092,0.08631577851316097,0.0,0.164,0.0,-0.0,0.0,1
2012-07-03 09:00:00+00:00,0.0548211,0.34980177017775,0.05700160925249999,0.0,0.18,2.7119723469342136,2.7119723,0.09473688903947686,0.0,0.18,0.0,-0.0,0.0,1
2012-07-03 09:30:00+00:00,0.05316675,0.3479096032293751,0.05528145748125,0.006,0.162,2.6298670837763187,2.6298671,0.08210524693421384,0.0,0.156,0.0,-0.0,0.0,1
2012-07-03 10:00:00+00:00,0.05043,0.34477943857500004,0.05243585325,0.006,0.166,2.5456565574605294,2.5456566,0.08421048377631868,0.0,0.16,0.0,-0.0,0.0,1
2012-07-03 10:30:00+00:00,0.04451985,0.338019689737125,0.04629062703375,0.006,0.172,2.458288136407898,2.4582881,0.08736845746052957,0.0,0.166,0.0,2.7755575615628914e-17,-6.42411499465062e-19,1
2012-07-03 11:00:00+00:00,0.044772,0.15790808693000002,0.0465528063,0.013,0.288,2.3135512943026346,2.3135513,0.14473683640789803,0.0,0.275,0.0,5.551115123125783e-17,-1.292099935379376e-18,1
2012-07-03 11:30:00+00:00,0.0444522,0.1575423148805,0.04622028625499999,0.013,0.207,2.2114460311447397,2.211446,0.1021052943026346,0.0,0.194,0.0,2.7755575615628914e-17,-6.41435325063333e-19,1
2012-07-03 12:00:00+00:00,0.04022715,0.152709903380375,0.04182718489125,0.063,0.156,2.162498662723687,2.1624987,0.0489473311447397,0.0,0.093,0.0,-0.0,0.0,1
2012-07-03 12:30:00+00:00,0.03839445,0.150613748173625,0.03992158924874999,0.431,0.176,2.283623662723687,2.2836237,0.1211250372763133,0.255,0.0,0.0,-0.0,0.0,1
2012-07-03 13:00:00+00:00,0.03786555,0.15000881747637498,0.03937165225124999,0.506,0.156,2.449873662723687,2.4498737,0.16625003727631293,0.35,0.0,0.0,-0.0,0.0,1
2012-07-03 13:30:00+00:00,0.0387204,0.150986554301,0.040260503909999995,0.506,0.156,2.6161236627236866,2.6161237,0.16625003727631338,0.35,0.0,0.0,-0.0,0.0,1
2012-07-03 14:00:00+00:00,0.0381669,0.15035348729225,0.03968498844749999,0.481,0.177,2.7605236627236867,2.7605237,0.14440003727631323,0.304,0.0,0.0,-0.0,0.0,1
2012-07-03 14:30:00+00:00,0.03929235,0.151640723543375,0.04085520322124999,0.425,0.161,2.8859236627236866,2.8859237,0.12540003727631355,0.264,0.0,5.551115123125783e-17,0.0,4.208875568716824e-18,1
2012-07-03 15:00:00+00:00,0.0391386,0.1514648715965,0.040695337815,0.269,0.159,2.9381736627236865,2.9381737,0.0522500372763135,0.11,0.0,0.0,-0.0,0.0,1
2012-07-03 15:30:00+00:00,0.0386712,0.15093028167800002,0.040209346980000005,0.188,0.166,2.9486236627236866,2.9486237,0.010450037276313662,0.022,0.0,0.0,-0.0,0.0,1
2012-07-03 16:00:00+00:00,0.04126035,0.153891628463375,0.04290148042125,0.256,0.17,2.9894736627236864,2.9894737,0.04085003727631342,0.086,0.0,0.0,-0.0,0.0,1
2012-07-03 16:30:00+00:00,0.04187535,0.15459503625087498,0.043540942046249996,0.006,0.175,2.900526294302634,2.9005263,0.08894736272368631,0.0,0.169,0.0,2.7755575615628914e-17,-6.04251954670204e-19,1
2012-07-03 17:00:00+00:00,0.0499134,0.1637885760335,0.051898705484999995,0.0,0.211,2.7894736627236867,2.7894737,0.11105259430263414,0.0,0.211,0.0,-0.0,0.0,1
2012-07-03 17:30:00+00:00,0.0535419,0.16793868197975,0.0556715290725,0.0,0.189,2.6899999785131605,2.69,0.09947366272368674,0.0,0.189,0.0,-0.0,0.0,1
2012-07-03 18:00:00+00:00,0.06712725,0.18347696000562497,0.06979723636874999,0.0,0.168,2.6015789258815816,2.6015789,0.08842107851316072,0.0,0.168,0.0,-0.0,0.0,1
2012-07-03 18:30:00+00:00,0.0740583,0.19140436577075,0.0770039688825,0.0,0.167,2.513684189039476,2.5136842,0.08789472588158143,0.0,0.167,0.0,-0.0,0.0,1
2012-07-03 19:00:00+00:00,0.06561435,0.181746576848375,0.06822416077124999,0.0,0.254,2.3799999785131605,2.38,0.1336841890394762,0.0,0.254,0.0,-0.0,0.0,1
2012-07-03 19:30:00+00:00,0.052275,0.1664896619375,0.054354238124999996,0.0,0.668,2.0284210311447395,2.028421,0.35157897851316067,0.0,0.668,0.0,-0.0,0.0,1
2012-07-03 20:00:00+00:00,0.0460758,0.15939931143949998,0.04790846494499999,0.0,0.687,1.6668420837763183,1.6668421,0.3615789311447395,0.0,0.687,0.0,-0.0,0.0,1
2012-07-03 20:30:00+00:00,0.0493476,0.163141440869,0.05131040078999999,0.0,0.246,1.5373683995657919,1.5373684,0.12947368377631818,0.0,0.246,0.0,-0.0,0.0,1
2012-07-03 21:00:00+00:00,0.0465801,0.15997610582525001,0.0484328234775,0.0,0.171,1.4473683995657918,1.4473684,0.08999999956579186,0.0,0.171,0.0,-0.0,0.0,1
2012-07-03 21:30:00+00:00,0.0453132,0.15852708578299998,0.04711553253,0.0,0.165,1.360526294302634,1.3605263,0.0868420995657917,0.0,0.165,0.0,-0.0,0.0,1
2012-07-03 22:00:00+00:00,0.043296,0.15621990824,0.0450180984,0.0,0.182,1.2647368206184235,1.2647368,0.09578949430263384,0.0,0.182,0.0,-0.0,0.0,1
2012-07-03 22:30:00+00:00,0.04878795,0.162501339782375,0.05072849071125,0.0,0.175,1.1726315574605288,1.1726316,0.09210522061842341,0.0,0.175,0.0,-0.0,0.0,1
2012-07-03 23:00:00+00:00,0.04317915,0.156086260760375,0.044896600691249997,0.0,0.168,1.0842105048289499,1.0842105,0.08842105746052886,0.0,0.168,0.0,-0.0,0.0,1
2012-07-03 23:30:00+00:00,0.0406884,0.15323745922100002,0.04230678111,0.0,0.16,1.0,1.0,0.08421052482894986,0.0,0.15999996,4.000000000670134e-08,0.0,3.0647491849334485e-09,1
2012-07-04 00:00:00+00:00,0.03747195,0.100058636492375,0.038962396811249994,0.0,0.188,1.0,1.0,0.0,0.0,0.0,0.188,0.0,0.00940551183028325,1
2012-07-04 00:30:00+00:00,0.03650025,0.098947252188125,0.03795204744374999,0.0,0.16,1.0,1.0,0.0,0.0,0.0,0.16,0.0,0.00791578017505,1
2012-07-04 01:00:00+00:00,0.03599595,0.09837045780237501,0.03742768891124999,0.0,0.165,1.0,1.0,0.0,0.0,0.0,0.165,0.0,0.008115562768695938,1
2012-07-04 01:30:00+00:00,0.0363711,0.09879953655275002,0.0378177605025,0.0,0.179,1.0,1.0,0.0,0.0,0.0,0.179,0.0,0.008842558521471127,1
2012-07-04 02:00:00+00:00,0.03486435,0.097076187473375,0.03625107952125,0.0,0.163,1.0,1.0,0.0,0.0,0.0,0.163,0.0,0.007911709279080062,1
2012-07-04 02:30:00+00:00,0.033579,0.09560606519749999,0.03491460472499999,0.0,0.157,1.7125,1.7125,0.7124999999999999,1.5,0.0,1.657,0.0,0.07920962501612874,1
2012-07-04 03:00:00+00:00,0.03375735,0.09581005345587501,0.03510004859625,0.0,0.176,2.425,2.425,0.7124999999999999,1.5,0.0,1.676,0.0,0.08028882479602326,1
2012-07-04 03:30:00+00:00,0.03375735,0.09581005345587501,0.03510004859625,0.0,0.165,3.1374999999999997,3.1375,0.7125000000000004,1.5,0.0,1.665,0.0,0.07976186950201594,1
2012-07-04 04:00:00+00:00,0.0337635,0.09581708753375,0.0351064432125,0.0,0.165,3.7046578849999996,3.7046579,0.5671579000000002,1.1940166,0.0,1.3590166000000001,0.0,0.06510850626100965,1
2012-07-04 04:30:00+00:00,0.0338742,0.09594370093550002,0.035221546305,0.0,0.155,3.7046578849999996,3.7046579,1.5000000352927145e-08,0.0,0.0,0.155,0.0,0.007435636822501251,1
2012-07-04 05:00:00+00:00,0.0338742,0.3258437009355001,0.035221546305,0.0,0.183,3.6083420955263152,3.6083421,0.09631578499999938,0.0,0.183,0.0,-0.0,0.0,1
2012-07-04 05:30:00+00:00,0.03388035,0.325850735013375,0.03522794092124999,0.0,0.162,3.5230789376315785,3.5230789,0.08526319552631545,0.0,0.162,0.0,-0.0,0.0,1
2012-07-04 06:00:00+00:00,0.03415095,0.326160234439875,0.035509304036249995,0.0,0.155,3.4414999902631576,3.4415,0.08157893763157853,0.0,0.155,0.0,-0.0,0.0,1
2012-07-04 06:30:00+00:00,0.0454485,0.33908183549625004,0.0472562140875,0.0,0.18,3.3467631481578946,3.3467631,0.09473689026315757,0.0,0.18,0.0,-0.0,0.0,1
2012-07-04 07:00:00+00:00,0.048216,0.34224717054000003,0.0501337914,0.0,0.16,3.2625526218421053,3.2625526,0.08421054815789475,0.0,0.16,0.0,-0.0,0.0,1
2012-07-04 07:30:00+00:00,0.0472197,0.34110764992425,0.049097863567500004,0.0,0.161,3.177815779736842,3.1778158,0.0847368218421054,0.0,0.161,0.0,-0.0,0.0,1
2012-07-04 08:00:00+00:00,0.06583575,0.362399803651875,0.06845436695624998,0.0,0.169,3.0888684113157896,3.0888684,0.08894737973684208,0.0,0.169,0.0,-0.0,0.0,1
2012-07-04 08:30:00+00:00,0.07097715,0.36828029275537505,0.07380026614124999,0.0,0.169,2.999921042894737,2.999921,0.08894741131578954,0.0,0.169,0.0,-0.0,0.0,1
2012-07-04 09:00:00+00:00,0.05513475,0.350160508149375,0.05732773468124999,0.0,0.164,2.913605253421053,2.9136053,0.0863157428947372,0.0,0.164,0.0,-0.0,0.0,1
2012-07-04 09:30:00+00:00,0.0513279,0.3458064139447501,0.053369467222499994,0.006,0.159,2.8330789376315795,2.8330789,0.08052635342105319,0.0,0.153,0.0,-0.0,0.0,1
2012-07-04 10:00:00+00:00,0.05169075,0.346221424539375,0.053746749581249996,0.013,0.18,2.745184200789474,2.7451842,0.08789473763157929,0.0,0.167,0.0,2.7755575615628914e-17,-7.45885986048328e-19,1
2012-07-04 10:30:00+00:00,0.0548088,0.34978770202200005,0.05698882001999999,0.019,0.165,2.668342095526316,2.6683421,0.07684210078947418,0.0,0.146,2.7755575615628914e-17,0.0,4.8542795064443484e-18,1
2012-07-04 11:00:00+00:00,0.0440955,0.15713433836375,0.04584939851249999,0.019,0.157,2.5957105165789476,2.5957105,0.07263159552631615,0.0,0.138,0.0,-0.0,0.0,1
2012-07-04 11:30:00+00:00,0.04545465,0.158688869574125,0.04726260870374999,0.031,0.17,2.5225526218421055,2.5225526,0.07315791657894755,0.0,0.139,0.0,-0.0,0.0,1
2012-07-04 12:00:00+00:00,0.0400734,0.15253405143350002,0.041667319485,0.094,0.161,2.4872894639473686,2.4872895,0.03526312184210534,0.0,0.067,0.0,-0.0,0.0,1
2012-07-04 12:30:00+00:00,0.0370107,0.14903108065175,0.0384828005925,0.438,0.626,2.388342095526316,2.3883421,0.09894736394736858,0.0,0.188,0.0,-0.0,0.0,1
2012-07-04 13:00:00+00:00,0.03663555,0.148602001901375,0.03809272900125,0.375,0.694,2.220447358684211,2.2204474,0.16789469552631608,0.0,0.319,0.0,5.551115123125783e-17,-1.0572856201998548e-18,1
2012-07-04 13:30:00+00:00,0.038007,0.1501706012675,0.039518728424999996,0.281,0.205,2.2565473586842106,2.2565474,0.036100041315789255,0.076,0.0,0.0,5.551115123125783e-17,-1.0968650550335911e-18,1
2012-07-04 14:00:00+00:00,0.03902175,0.151331224116875,0.04057384010625,0.281,0.155,2.3163973586842106,2.3163974,0.059850041315789415,0.126,0.0,0.0,-0.0,0.0,1
2012-07-04 14:30:00+00:00,0.0379332,0.150086192333,0.03944199303,0.413,0.155,2.4389473586842105,2.4389474,0.1225500413157894,0.258,0.0,5.551115123125783e-17,0.0,4.165728660160406e-18,1
2012-07-04 15:00:00+00:00,0.0390894,0.1514085989735,0.040644180885,0.15,0.178,2.424210516578947,2.4242105,0.014736858684210485,0.0,0.028,0.0,3.469446951953614e-18,-7.05064147430573e-20,1
2012-07-04 15:30:00+00:00,0.0392124,0.151549280531,0.04077207321,0.069,0.16,2.3763157797368417,2.3763158,0.04789471657894717,0.0,0.091,0.0,-0.0,0.0,1
2012-07-04 16:00:00+00:00,0.0459405,0.15924456172625,0.0477677833875,0.006,0.159,2.295789463947368,2.2957895,0.08052627973684157,0.0,0.153,0.0,-0.0,0.0,1
2012-07-04 16:30:00+00:00,0.04490115,0.158055802565375,0.04668709324125,0.0,0.188,2.1968420955263155,2.1968421,0.09894736394736814,0.0,0.188,0.0,-0.0,0.0,1
2012-07-04 17:00:00+00:00,0.04602045,0.159336004738625,0.04785091339874999,0.0,0.241,2.0699999902631574,2.07,0.12684209552631565,0.0,0.241,0.0,-0.0,0.0,1
2012-07-04 17:30:00+00:00,0.04818525,0.161812000150625,0.05010181831874999,0.0,0.189,1.970526306052631,1.9705263,0.09947369026315744,0.0,0.189,0.0,-0.0,0.0,1
2012-07-04 18:00:00+00:00,0.06098955,0.176456950286375,0.06341540935125,0.0,0.154,1.8894736744736838,1.8894737,0.0810526060526311,0.0,0.154,0.0,-0.0,0.0,1
2012-07-04 18:30:00+00:00,0.0607989,0.17623889387225,0.06321717624749999,0.0,0.157,1.8068420955263154,1.8068421,0.08263157447368386,0.0,0.157,0.0,-0.0,0.0,1
2012-07-04 19:00:00+00:00,0.05932905,0.174557749260125,0.06168886296375,0.0,0.147,1.7294736744736838,1.7294737,0.07736839552631536,0.0,0.147,0.0,-0.0,0.0,1
2012-07-04 19:30:00+00:00,0.05729955,0.172236503561375,0.05957863960124999,0.0,0.15,1.6505263060526312,1.6505263,0.07894737447368394,0.0,0.15,0.0,-0.0,0.0,1
2012-07-04 20:00:00+00:00,0.05124795,0.165314970932375,0.05328633721125,0.0,0.177,1.557368411315789,1.5573684,0.09315790605263108,0.0,0.177,0.0,-0.0,0.0,1
2012-07-04 20:30:00+00:00,0.05274855,0.16703128593387498,0.054846623576249996,0.0,0.149,1.4789473586842101,1.4789474,0.07842101131578905,0.0,0.149,0.0,-0.0,0.0,1
2012-07-04 21:00:00+00:00,0.04281015,0.155664216087875,0.04451292371624999,0.0,0.143,1.4036842007894732,1.4036842,0.07526315868421007,0.0,0.143,0.0,-0.0,0.0,1
2012-07-04 21:30:00+00:00,0.04341285,0.156353555719625,0.04513959610875,0.0,0.17,1.3142105165789468,1.3142105,0.08947370078947325,0.0,0.17,0.0,-0.0,0.0,1
2012-07-04 22:00:00+00:00,0.040959,0.1535469586475,0.042588144225,0.0,0.141,1.2399999902631573,1.24,0.07421051657894684,0.0,0.141,0.0,-0.0,0.0,1
2012-07-04 22:30:00+00:00,0.04599585,0.159307868427125,0.04782533493375,0.0,0.146,1.1631578849999995,1.1631579,0.07684209026315725,0.0,0.146,0.0,-0.0,0.0,1
2012-07-04 23:00:00+00:00,0.03850515,0.150740361575375,0.04003669234125,0.0,0.158,1.0799999902631574,1.08,0.08315788499999943,0.0,0.158,0.0,-0.0,0.0,1
2012-07-04 23:30:00+00:00,0.0381669,0.15035348729225,0.03968498844749999,0.0,0.152,1.0000000007894732,1.0,0.08000000026315746,0.0,0.15199998,1.9999999989472883e-08,0.0,1.5035348721311058e-09,1
2012-07-05 00:00:00+00:00,0.0353379,0.09761781146975,0.036743464972499994,0.0,0.14,1.696460533289473,1.6964605,0.24224999921052692,1.4662327,0.0,1.6062327,0.0,0.07839846044257376,1
2012-07-05 00:30:00+00:00,0.03552855,0.097835867883875,0.03694169807625,0.0,0.152,2.299999998289473,2.3,3.3289473178044204e-08,1.2706094,0.0,1.4226094,0.0,0.06959111265437934,1
2012-07-05 01:00:00+00:00,0.0345384,0.09670338134600001,0.03591216485999999,0.0,0.154,3.012499998289473,3.0125,0.7125000017105272,1.5,0.0,1.654,0.0,0.079973696373142,1
2012-07-05 01:30:00+00:00,0.03459375,0.09676668804687502,0.03596971640625,0.0,0.146,3.724999998289473,3.725,0.7125000017105272,1.5,0.0,1.646,0.0,0.07963898426257814,1
2012-07-05 02:00:00+00:00,0.0339111,0.09598590540275,0.0352599140025,0.0,0.137,4.437499998289473,4.4375,0.7125000017105272,1.5,0.0,1.637,0.0,0.07856446357215087,1
2012-07-05 02:30:00+00:00,0.03369585,0.09573971267712503,0.03503610243375,0.0,0.164,5.1499999982894735,5.15,0.7125000017105272,1.5,0.0,1.664,0.0,0.07965544094736803,1
2012-07-05 03:00:00+00:00,0.03346215,0.09547241771787501,0.03479310701625,0.0,0.14,5.862499998289474,5.8625,0.7125000017105263,1.5,0.0,1.6400000000000001,0.0,0.07828738252865752,1
2012-07-05 03:30:00+00:00,0.03356055,0.095584962963875,0.03489542087625,0.0,0.144,6.574999998289474,6.575,0.7125000017105263,1.5,0.0,1.644,0.0,0.07857083955630524,1
2012-07-05 04:00:00+00:00,0.033825,0.0958874283125,0.035170389375,0.0,0.162,7.287499998289475,7.2875,0.7125000017105254,1.5,0.0,1.662,0.0,0.0796824529276875,1
2012-07-05 04:30:00+00:00,0.0338004,0.09585929200100002,0.03514481091,0.0,0.145,7.999999998289475,8.0,0.7125000017105254,1.5,0.0,1.645,0.0,0.07884426767082252,1
2012-07-05 05:00:00+00:00,0.03385575,0.325822598701875,0.03520236245624999,0.0,0.137,7.92789473513158,7.9278947,0.07210529828947454,0.0,0.137,0.0,-0.0,0.0,1
2012-07-05 05:30:00+00:00,0.0338865,0.32585776909125,0.0352343355375,0.0,0.163,7.84210526144737,7.8421053,0.08578943513157977,0.0,0.163,0.0,-0.0,0.0,1
2012-07-05 06:00:00+00:00,0.03447075,0.3265260064893751,0.03584182408125,0.0,0.512,7.5726315772368435,7.5726316,0.2694736614473694,0.0,0.512,0.0,-0.0,0.0,1
2012-07-05 06:30:00+00:00,0.04122345,0.334249423996125,0.04286311272375,0.0,0.653,7.2289473667105275,7.2289474,0.3436841772368435,0.0,0.653,0.0,-0.0,0.0,1
2012-07-05 07:00:00+00:00,0.0492,0.34337262300000004,0.051156929999999996,0.0,0.352,7.04368420881579,7.0436842,0.18526316671052712,0.0,0.352,0.0,-0.0,0.0,1
2012-07-05 07:30:00+00:00,0.04524555,0.338849710926375,0.04704519175125,0.0,0.157,6.961052629868422,6.9610526,0.0826316088157899,0.0,0.157,0.0,-0.0,0.0,1
2012-07-05 08:00:00+00:00,0.05340045,0.348176898188625,0.05552445289874999,0.0,0.14,6.887368419342106,6.8873684,0.07368422986842216,0.0,0.14,0.0,-0.0,0.0,1
2012-07-05 08:30:00+00:00,0.05373255,0.348556738393875,0.05586976217624999,0.013,0.135,6.823157893026317,6.8231579,0.06421051934210631,0.0,0.122,1.3877787807814457e-17,0.0,2.418598227207046e-18,1
2012-07-05 09:00:00+00:00,0.0533574,0.34812765964350006,0.055479690585,0.025,0.158,6.753157893026317,6.7531579,0.06999999302631732,0.0,0.133,0.0,-0.0,0.0,1
2012-07-05 09:30:00+00:00,0.05337585,0.34814876187712507,0.055498874433750005,0.031,0.138,6.696842103552632,6.6968421,0.056315793026317174,0.0,0.107,1.3877787807814457e-17,0.0,2.4157673214420324e-18,1
2012-07-05 10:00:00+00:00,0.05039925,0.34474426818562504,0.05240388016875,0.081,0.136,6.66789473513158,6.6678947,0.0289474035526327,0.0,0.055,6.938893903907228e-18,0.0,1.1960719504600961e-18,1
2012-07-05 10:30:00+00:00,0.04915695,0.34332338445487504,0.051112167686249994,0.119,0.158,6.647368419342106,6.6473684,0.020526335131579643,0.0,0.039,6.938893903907228e-18,0.0,1.191142269731365e-18,1
2012-07-05 11:00:00+00:00,0.0477732,0.161340716933,0.04967337903,0.069,0.136,6.612105261447369,6.6121053,0.035263119342106464,0.0,0.067,0.0,-0.0,0.0,1
2012-07-05 11:30:00+00:00,0.0425211,0.15533361442774998,0.0442123767525,0.113,0.135,6.600526314078948,6.6005263,0.011578961447368918,0.0,0.022,6.938893903907228e-18,0.0,5.389217351122951e-19,1
2012-07-05 12:00:00+00:00,0.04063305,0.153174152520125,0.04224922956375,0.125,0.148,6.5884210509210535,6.5884211,0.012105214078948379,0.0,0.023,0.0,6.938893903907228e-18,-1.4658146073234095e-19,1
2012-07-05 12:30:00+00:00,0.04057155,0.15310381174137502,0.042185283401249996,0.225,0.144,6.6268960509210535,6.6268961,0.03847504907894628,0.081,0.0,0.0,2.7755575615628914e-17,-5.854384116550648e-19,1
2012-07-05 13:00:00+00:00,0.03764415,0.149755590672875,0.039141446066249995,0.35,0.135,6.7290210509210535,6.7290211,0.10212504907894626,0.215,0.0,0.0,-0.0,0.0,1
2012-07-05 13:30:00+00:00,0.03646335,0.148405047720875,0.03791367974624999,0.05,0.136,6.683757893026317,6.6837579,0.04526315092105371,0.0,0.086,1.3877787807814457e-17,0.0,1.029766880939441e-18,1
2012-07-05 14:00:00+00:00,0.0361005,0.14799003712625,0.037536397387499996,0.263,0.157,6.734107893026317,6.7341079,0.05035000697368286,0.106,0.0,0.0,-0.0,0.0,1
2012-07-05 14:30:00+00:00,0.03651255,0.148461320343875,0.037964836676249995,0.288,0.136,6.806307893026316,6.8063079,0.07220000697368345,0.152,0.0,5.551115123125783e-17,0.0,4.1206294028005295e-18,1
2012-07-05 15:00:00+00:00,0.03648795,0.14843318403237502,0.03793925821124999,0.363,0.227,6.870907893026317,6.8709079,0.0646000069736834,0.136,0.0,0.0,-0.0,0.0,1
2012-07-05 15:30:00+00:00,0.03629115,0.14820809354037498,0.03773463049125,0.175,0.226,6.844065787763159,6.8440658,0.026842093026316682,0.0,0.051,2.0816681711721685e-17,0.0,1.5426003551655302e-18,1
2012-07-05 16:00:00+00:00,0.0368508,0.14884819462700002,0.03831654057,0.081,0.152,6.8066973667105275,6.8066974,0.037368387763159205,0.0,0.071,0.0,-0.0,0.0,1
2012-07-05 16:30:00+00:00,0.0373797,0.14945312532425,0.0388664775675,0.019,0.143,6.74143420881579,6.7414342,0.0652631667105279,0.0,0.124,0.0,1.3877787807814457e-17,-2.696903642594728e-19,1
2012-07-05 17:00:00+00:00,0.04022715,0.152709903380375,0.04182718489125,0.0,0.177,6.648276314078949,6.6482763,0.09315790881579034,0.0,0.177,0.0,-0.0,0.0,1
2012-07-05 17:30:00+00:00,0.04754565,0.161080456051625,0.04943677822875,0.0,0.145,6.571960524605265,6.5719605,0.07631581407894839,0.0,0.145,0.0,-0.0,0.0,1
2012-07-05 18:00:00+00:00,0.05485185,0.16943694056712502,0.05703358233375,0.0,0.141,6.497749998289476,6.49775,0.0742105246052649,0.0,0.141,0.0,-0.0,0.0,1
2012-07-05 18:30:00+00:00,0.0773424,0.19516056335600002,0.08041869396000001,0.0,0.165,6.410907893026318,6.4109079,0.08684209828947598,0.0,0.165,0.0,-0.0,0.0,1
2012-07-05 19:00:00+00:00,0.08218245,0.20069638264362502,0.08545125694875,0.0,0.153,6.330381577236844,6.3303816,0.08052629302631775,0.0,0.153,0.0,-0.0,0.0,1
2012-07-05 19:30:00+00:00,0.0534312,0.16781206857800002,0.05555642598,0.0,0.147,6.253013156184212,6.2530132,0.07736837723684431,0.0,0.147,0.0,-0.0,0.0,1
2012-07-05 20:00:00+00:00,0.05203515,0.16621533290037502,0.05410484809125,0.0,0.157,6.170381577236844,6.1703816,0.08263155618421258,0.0,0.157,0.0,-0.0,0.0,1
2012-07-05 20:30:00+00:00,0.054489,0.1690219299725,0.056656299975,0.0,0.162,6.085118419342107,6.0851184,0.08526317723684418,0.0,0.162,0.0,-0.0,0.0,1
2012-07-05 21:00:00+00:00,0.05265015,0.16691874068787502,0.054744309716249995,0.0,1.8,5.295644735131581,5.2956447,0.7894737193421069,0.0,1.5,0.30000000000000004,0.0,0.025037811103181255,1
2012-07-05 21:30:00+00:00,0.049077,0.16283194144250002,0.051029037675,0.0,2.096,4.506171050921054,4.5061711,0.7894736351315803,0.0,1.5,0.5960000000000001,0.0,0.048523918549865014,1
2012-07-05 22:00:00+00:00,0.04015335,0.152625494445875,0.041750449496249994,0.0,2.057,3.7166973667105276,3.7166974,0.789473650921054,0.0,1.5,0.5569999999999999,0.0,0.042506200203176185,1
2012-07-05 22:30:00+00:00,0.0531483,0.16748850099575,0.0552622736325,0.0,2.001,2.927223682500001,2.9272237,0.7894736667105278,0.0,1.5,0.5009999999999999,0.0,0.04195586949943537,1
2012-07-05 23:00:00+00:00,0.04363425,0.156606782523125,0.04536980229374999,0.0,1.705,2.1377499982894745,2.13775,0.789473682500001,0.0,1.5,0.20500000000000007,0.0,0.016052195208620317,1
2012-07-05 23:30:00+00:00,0.04577445,0.159054641623625,0.04759512874875,0.0,1.015,1.603539471973685,1.6035395,0.5342104982894746,0.0,1.015,0.0,-0.0,0.0,1
2012-07-06 00:00:00+00:00,0.03957525,0.10246429112562502,0.04114935556875,0.0,0.357,1.603539471973685,1.6035395,2.802631482445861e-08,0.0,0.0,0.357,0.0,0.018289875965924067,1
2012-07-06 00:30:00+00:00,0.03648795,0.09893318403237499,0.03793925821124999,0.0,0.147,1.603539471973685,1.6035395,2.802631482445861e-08,0.0,0.0,0.147,0.0,0.007271589026379561,1
2012-07-06 01:00:00+00:00,0.03683235,0.099327092393375,0.038297356721249995,0.0,0.165,1.603539471973685,1.6035395,2.802631482445861e-08,0.0,0.0,0.165,0.0,0.008194485122453438,1
2012-07-06 01:30:00+00:00,0.03705375,0.099580319196875,0.03852756290625,0.0,0.145,1.603539471973685,1.6035395,2.802631482445861e-08,0.0,0.0,0.145,0.0,0.007219573141773438,1
2012-07-06 02:00:00+00:00,0.0355347,0.09784290196175002,0.0369480926925,0.0,0.136,2.179010521973685,2.1790105,0.5754710280263149,1.211518,0.0,1.347518,0.0,0.06592253578284674,1
2012-07-06 02:30:00+00:00,0.03434775,0.096485324931875,0.035713931756250004,0.0,0.167,2.891510521973685,2.8915105,0.7124999780263148,1.5,0.0,1.667,0.0,0.08042051833071782,1
2012-07-06 03:00:00+00:00,0.0338619,0.09592963277975002,0.0352087570725,0.0,0.137,3.604010521973685,3.6040105,0.7124999780263148,1.5,0.0,1.637,0.0,0.07851840443022538,1
2012-07-06 03:30:00+00:00,0.0338742,0.09594370093550002,0.035221546305,0.0,0.143,4.316510521973685,4.3165105,0.7124999780263148,1.5,0.0,1.643,0.0,0.07881775031851326,1
2012-07-06 04:00:00+00:00,0.03386805,0.095936666857625,0.035215151688749995,0.0,0.165,5.029010521973685,5.0290105,0.7124999780263153,1.5,0.0,1.665,0.0,0.07986727515897282,1
2012-07-06 04:30:00+00:00,0.0336528,0.09569047413199999,0.03499134011999999,0.0,0.153,5.7415105219736855,5.7415105,0.7124999780263153,1.5,0.0,1.653,0.0,0.07908817687009799,1
2012-07-06 05:00:00+00:00,0.03319155,0.325062918291375,0.034511743901249996,0.0,0.14,5.66782631144737,5.6678263,0.07368422197368574,0.0,0.14,0.0,-0.0,0.0,1
2012-07-06 05:30:00+00:00,0.0338619,0.32582963277975,0.0352087570725,0.0,0.166,5.580457890394738,5.5804579,0.08736841144737006,0.0,0.166,0.0,-0.0,0.0,1
2012-07-06 06:00:00+00:00,0.03432315,0.326357188620375,0.035688353291249995,0.0,0.142,5.505721048289475,5.505721,0.07473689039473808,0.0,0.142,0.0,-0.0,0.0,1
2012-07-06 06:30:00+00:00,0.03536865,0.327552981859125,0.03677543805375,0.0,0.143,5.430457890394738,5.4304579,0.07526314828947456,0.0,0.143,0.0,-0.0,0.0,1
2012-07-06 07:00:00+00:00,0.03814845,0.33073238505862507,0.03966580459875,0.0,0.164,5.3441421009210535,5.3441421,0.08631579039473802,0.0,0.164,0.0,-0.0,0.0,1
2012-07-06 07:30:00+00:00,0.04169085,0.33478401391462503,0.04334910355875,0.0,0.141,5.269931574605264,5.2699316,0.07421050092105386,0.0,0.141,0.0,-0.0,0.0,1
2012-07-06 08:00:00+00:00,0.04980885,0.34406899670962504,0.05178999700874999,0.0,0.134,5.199405258815791,5.1994053,0.07052627460526484,0.0,0.134,0.0,-0.0,0.0,1
2012-07-06 08:30:00+00:00,0.0541692,0.34905615792300004,0.05632377993,0.0,0.16,5.115194732500001,5.1151947,0.08421055881579065,0.0,0.16,0.0,-0.0,0.0,1
2012-07-06 09:00:00+00:00,0.0558789,0.35101163157225,0.058101483247499995,0.013,0.202,5.015721048289475,5.015721,0.0994737325000008,0.0,0.189,0.0,-0.0,0.0,1
2012-07-06 09:30:00+00:00,0.0567153,0.35196826616325005,0.0589711510575,0.044,0.147,4.961510521973685,4.9615105,0.05421054828947458,0.0,0.103,0.0,-0.0,0.0,1
2012-07-06 10:00:00+00:00,0.05379405,0.34862707917262503,0.05593370833875,0.069,0.16,4.91361578513158,4.9136158,0.047894721973685606,0.0,0.091,0.0,-0.0,0.0,1
2012-07-06 10:30:00+00:00,0.0507744,0.34517334693600005,0.05279395175999999,0.044,0.156,4.854668416710528,4.8546684,0.05894738513157982,0.0,0.112,0.0,-0.0,0.0,1
2012-07-06 11:00:00+00:00,0.0436035,0.15657161213375,0.0453378292125,0.075,0.15,4.815194732500001,4.8151947,0.03947371671052746,0.0,0.075,0.0,-0.0,0.0,1
2012-07-06 11:30:00+00:00,0.04346205,0.156409828342625,0.04519075303875,0.113,0.157,4.792036837763159,4.7920368,0.02315793250000109,0.0,0.044,0.0,-0.0,0.0,1
2012-07-06 12:00:00+00:00,0.0408483,0.15342034524575,0.04247304113249999,0.069,0.168,4.739931574605264,4.7399316,0.05210523776315856,0.0,0.099,0.0,-0.0,0.0,1
2012-07-06 12:30:00+00:00,0.0403071,0.15280134639275,0.041910314902499995,0.169,0.151,4.748481574605264,4.7484816,0.008550025394735705,0.018,0.0,0.0,2.7755575615628914e-17,-5.81622457175579e-19,1
2012-07-06 13:00:00+00:00,0.0380931,0.15026907835775,0.03960825305249999,0.431,0.15,4.8819565746052636,4.8819566,0.13347502539473588,0.281,0.0,5.551115123125783e-17,0.0,4.170804767049396e-18,1
2012-07-06 13:30:00+00:00,0.044526,0.157626723815,0.04629702165,0.294,0.171,4.940381574605263,4.9403816,0.05842502539473671,0.123,0.0,5.551115123125783e-17,0.0,4.3750204518910876e-18,1
2012-07-06 14:00:00+00:00,0.04315455,0.15605812444887499,0.044871022226249994,0.138,0.146,4.936171048289474,4.936171,0.004210574605263417,0.0,0.008,0.0,2.0816681711721685e-17,-4.670328938817177e-19,1
2012-07-06 14:30:00+00:00,0.0376257,0.14973448843925,0.039122262217499995,0.188,0.445,4.800907890394737,4.8009079,0.13526314828947328,0.0,0.257,0.0,-0.0,0.0,1
2012-07-06 15:00:00+00:00,0.0387327,0.15100062245674997,0.04027329314249999,0.275,0.882,4.481434206184211,4.4814342,0.3194736903947373,0.0,0.607,0.0,-0.0,0.0,1
2012-07-06 15:30:00+00:00,0.03865275,0.15090917944437499,0.04019016313125,0.044,0.64,4.167749995657895,4.16775,0.31368420618421133,0.0,0.596,0.0,-0.0,0.0,1
2012-07-06 16:00:00+00:00,0.0404793,0.15299830057324998,0.042089364157499996,0.0,0.663,3.8188026272368427,3.8188026,0.34894739565789523,0.0,0.663,0.0,-0.0,0.0,1
2012-07-06 16:30:00+00:00,0.0404055,0.15291389163875,0.0420126287625,0.0,0.693,3.4540657851315797,3.4540658,0.36473682723684275,0.0,0.693,0.0,-0.0,0.0,1
2012-07-06 17:00:00+00:00,0.0414018,0.1540534122545,0.043048556594999995,0.0,0.276,3.308802627236843,3.3088026,0.14526318513157976,0.0,0.276,0.0,-0.0,0.0,1
2012-07-06 17:30:00+00:00,0.0453624,0.15858335840600002,0.047166689459999994,0.0,0.152,3.228802627236843,3.2288026,0.08000002723684307,0.0,0.152,0.0,-0.0,0.0,1
2012-07-06 18:00:00+00:00,0.05326515,0.16762214847537502,0.05538377134125,0.0,0.173,3.1377499956578956,3.13775,0.09105262723684282,0.0,0.173,0.0,-0.0,0.0,1
2012-07-06 18:30:00+00:00,0.04825905,0.161896409085125,0.05017855371374999,0.0,0.184,3.0409078903947377,3.0409079,0.09684209565789548,0.0,0.184,0.0,-0.0,0.0,1
2012-07-06 19:00:00+00:00,0.0486096,0.16229735152400002,0.050543046839999994,0.0,0.229,2.920381574605264,2.9203816,0.12052629039473794,0.0,0.229,0.0,-0.0,0.0,1
2012-07-06 19:30:00+00:00,0.04193685,0.154665377029625,0.04360488820874999,0.0,0.633,2.587223679868422,2.5872237,0.33315787460526414,0.0,0.633,0.0,-0.0,0.0,1
2012-07-06 20:00:00+00:00,0.0382161,0.15040975991525,0.0397361453775,0.0,0.219,2.471960521973685,2.4719605,0.11526317986842205,0.0,0.219,0.0,-0.0,0.0,1
2012-07-06 20:30:00+00:00,0.0453747,0.15859742656175,0.04717947869249999,0.0,0.224,2.3540657851315796,2.3540658,0.117894721973685,0.0,0.224,0.0,-0.0,0.0,1
2012-07-06 21:00:00+00:00,0.0452394,0.1584426768485,0.047038797135,0.0,0.342,2.1740657851315794,2.1740658,0.17999998513157944,0.0,0.342,0.0,-0.0,0.0,1
2012-07-06 21:30:00+00:00,0.03977205,0.152189381617625,0.04135398328875,0.0,0.255,2.03985525881579,2.0398553,0.1342104851315793,0.0,0.255,0.0,-0.0,0.0,1
2012-07-06 22:00:00+00:00,0.0400365,0.15249184696624998,0.0416289517875,0.0,0.232,1.9177499956578952,1.91775,0.12210525881578982,0.0,0.232,0.0,-0.0,0.0,1
2012-07-06 22:30:00+00:00,0.04797,0.16156580742499999,0.049878006749999995,0.0,0.215,1.804592100921053,1.8045921,0.11315789565789514,0.0,0.215,0.0,-0.0,0.0,1
2012-07-06 23:00:00+00:00,0.0398028,0.152224552007,0.04138595637,0.0,0.191,1.7040657851315792,1.7040658,0.10052630092105308,0.0,0.191,0.0,-0.0,0.0,1
2012-07-06 23:30:00+00:00,0.0452886,0.1584989494715,0.047089954064999995,0.0,0.191,1.6035394693421057,1.6035395,0.10052628513157935,0.0,0.191,0.0,-0.0,0.0,1
2012-07-07 00:00:00+00:00,0.0423366,0.10562259209150002,0.044020538265,0.0,0.282,1.6035394693421057,1.6035395,3.065789422329601e-08,0.0,0.0,0.282,0.0,0.014892785484901501,1
2012-07-07 00:30:00+00:00,0.03867735,0.10143731575587499,0.04021574159624999,0.0,0.365,1.6035394693421057,1.6035395,3.065789422329601e-08,0.0,0.0,0.365,0.0,0.018512310125447184,1
2012-07-07 01:00:00+00:00,0.0371091,0.09964362589775001,0.03858511445249999,0.0,0.155,1.6035394693421057,1.6035395,3.065789422329601e-08,0.0,0.0,0.155,0.0,0.007722381007075626,1
2012-07-07 01:30:00+00:00,0.0364572,0.09889801364300002,0.03790728513,0.0,0.164,1.8980618418421056,1.8980618,0.29452233065789435,0.6200471,0.0,0.7840471,0.0,0.0387703503962773,1
2012-07-07 02:00:00+00:00,0.03541785,0.09770925448212502,0.03682659498375,0.0,0.146,2.6105618418421055,2.6105618,0.7124999581578946,1.5,0.0,1.646,0.0,0.08041471643878888,1
2012-07-07 02:30:00+00:00,0.03379425,0.095852257923125,0.03513841629375,0.0,0.144,3.3230618418421054,3.3230618,0.7124999581578946,1.5,0.0,1.644,0.0,0.07879055601280875,1
2012-07-07 03:00:00+00:00,0.03386805,0.095936666857625,0.035215151688749995,0.0,0.156,4.035561841842105,4.0355618,0.7124999581578946,1.5,0.0,1.656,0.0,0.0794355601581135,1
2012-07-07 03:30:00+00:00,0.03383115,0.09589446239037501,0.035176783991249995,0.0,0.148,4.748061841842105,4.7480618,0.7124999581578955,1.5,0.0,1.648,0.0,0.079017037009669,1
2012-07-07 04:00:00+00:00,0.03384345,0.09590853054612498,0.03518957322374999,0.0,0.137,5.460561841842106,5.4605618,0.7124999581578946,1.5,0.0,1.637,0.0,0.0785011322520033,1
2012-07-07 04:30:00+00:00,0.0331116,0.09507147527900002,0.034428613889999994,0.0,0.162,6.173061841842106,6.1730618,0.7124999581578946,1.5,0.0,1.662,0.0,0.07900439595684901,1
2012-07-07 05:00:00+00:00,0.0331608,0.325027747902,0.03447977082,0.0,0.143,6.097798683947369,6.0977987,0.0752631418421057,0.0,0.143,0.0,-0.0,0.0,1
2012-07-07 05:30:00+00:00,0.03328995,0.32517546353737503,0.03461405776125,0.0,0.144,6.022009210263159,6.0220092,0.07578948394736873,0.0,0.144,0.0,-0.0,0.0,1
2012-07-07 06:00:00+00:00,0.03182625,0.323501353003125,0.03309213909375,0.0,0.159,5.938324999736843,5.938325,0.08368421026315875,0.0,0.159,0.0,-0.0,0.0,1
2012-07-07 06:30:00+00:00,0.03295785,0.324795623332125,0.03426874848374999,0.0,0.153,5.85779868394737,5.8577987,0.08052629973684322,0.0,0.153,0.0,-0.0,0.0,1
2012-07-07 07:00:00+00:00,0.0326688,0.32446502167200003,0.03396820151999999,0.0,0.145,5.781482894473686,5.7814829,0.07631578394736938,0.0,0.145,0.0,-0.0,0.0,1
2012-07-07 07:30:00+00:00,0.0339603,0.32594217802575004,0.0353110709325,0.0,0.237,5.6567460523684225,5.6567461,0.12473679447368546,0.0,0.237,0.0,-0.0,0.0,1
2012-07-07 08:00:00+00:00,0.0345507,0.32661744950175003,0.035924954092499996,0.0,0.659,5.309903947105265,5.3099039,0.3468421523684224,0.0,0.659,0.0,-0.0,0.0,1
2012-07-07 08:30:00+00:00,0.038499,0.3311333274975,0.040030297725,0.0,0.491,5.051482894473685,5.0514829,0.2584210471052648,0.0,0.491,0.0,-0.0,0.0,1
2012-07-07 09:00:00+00:00,0.04545465,0.33908886957412504,0.04726260870374999,0.013,0.147,4.980956578684212,4.9809566,0.07052629447368552,0.0,0.134,0.0,2.7755575615628914e-17,-6.559004548344071e-19,1
2012-07-07 09:30:00+00:00,0.04822215,0.34225420461787504,0.05014018601624999,0.025,0.159,4.910430262894738,4.9104303,0.0705262786842118,0.0,0.134,0.0,-0.0,0.0,1
2012-07-07 10:00:00+00:00,0.04519635,0.338793438303375,0.04699403482125,0.038,0.137,4.858324999736843,4.858325,0.05210526289473805,0.0,0.099,0.0,-0.0,0.0,1
2012-07-07 10:30:00+00:00,0.0423612,0.335550728403,0.044046116729999994,0.031,0.368,4.680956578684212,4.6809566,0.17736839973684315,0.0,0.337,0.0,5.551115123125783e-17,-1.2225253234743326e-18,1
2012-07-07 11:00:00+00:00,0.03755805,0.149657113582625,0.03905192143875,0.019,0.338,4.513061841842107,4.5130618,0.16789477868421177,0.0,0.319,0.0,-0.0,0.0,1
2012-07-07 11:30:00+00:00,0.0361497,0.14804630974925,0.037587554317499994,0.019,0.416,4.304114473421054,4.3041145,0.20894734184210684,0.0,0.397,0.0,5.551115123125783e-17,-1.0432642060659301e-18,1
2012-07-07 12:00:00+00:00,0.03559005,0.147406208662625,0.03700564423874999,0.044,0.301,4.168851315526317,4.1688513,0.13526317342105365,0.0,0.257,0.0,-0.0,0.0,1
2012-07-07 12:30:00+00:00,0.0348336,0.146541017084,0.036219106439999996,0.4,0.363,4.186426315526317,4.1864263,0.017574984473682775,0.037,0.0,0.0,5.551115123125783e-17,-1.005282147525932e-18,1
2012-07-07 13:00:00+00:00,0.0351165,0.14686458466625002,0.0365132587875,0.475,0.242,4.297101315526317,4.2971013,0.11067498447368251,0.233,0.0,0.0,-0.0,0.0,1
2012-07-07 13:30:00+00:00,0.0346491,0.14632999474775002,0.0360272679525,0.45,0.142,4.443401315526317,4.4434013,0.14629998447368298,0.308,0.0,0.0,5.551115123125783e-17,-9.99957559880138e-19,1
2012-07-07 14:00:00+00:00,0.03389265,0.145464803169125,0.03524073015375,0.263,0.159,4.492801315526317,4.4928013,0.04939998447368321,0.104,0.0,0.0,-0.0,0.0,1
2012-07-07 14:30:00+00:00,0.0339726,0.1455562461815,0.035323860165,0.338,0.137,4.5882763155263175,4.5882763,0.0954749844736833,0.201,0.0,0.0,-0.0,0.0,1
2012-07-07 15:00:00+00:00,0.03395415,0.14553514394787498,0.03530467631625,0.4,0.138,4.712726315526318,4.7127263,0.12444998447368238,0.262,0.0,0.0,-0.0,0.0,1
2012-07-07 15:30:00+00:00,0.0353625,0.14714594778125,0.036769043437499996,0.4,0.161,4.826251315526318,4.8262513,0.11352498447368209,0.239,0.0,0.0,-0.0,0.0,1
2012-07-07 16:00:00+00:00,0.0366294,0.14859496782349998,0.038086334385,0.144,0.135,4.830526315526318,4.8305263,0.004274984473681798,0.009,0.0,2.7755575615628914e-17,0.0,2.0621694327635496e-18,1
2012-07-07 16:30:00+00:00,0.03818535,0.15037458952587499,0.03970417229625,0.025,0.14,4.769999999736844,4.77,0.060526315526318264,0.0,0.115,1.3877787807814457e-17,0.0,1.0434333225636457e-18,1
2012-07-07 17:00:00+00:00,0.04407705,0.15711323613012498,0.045830214663749994,0.0,0.174,4.678421052368423,4.6784211,0.09157889973684341,0.0,0.174,0.0,-0.0,0.0,1
2012-07-07 17:30:00+00:00,0.05060835,0.164583426833375,0.05262129712125,0.0,0.184,4.581578947105265,4.5815789,0.09684215236842242,0.0,0.184,0.0,-0.0,0.0,1
2012-07-07 18:00:00+00:00,0.0596181,0.17488835092025,0.061989409927499996,0.0,0.352,4.396315789210528,4.3963158,0.1852631471052648,0.0,0.352,0.0,-0.0,0.0,1
2012-07-07 18:30:00+00:00,0.06343725,0.179256513280625,0.06596046661874999,0.0,1.787,3.606842105000001,3.6068421,0.7894736892105274,0.0,1.5,0.2869999999999999,0.0,0.02572330965576968,1
2012-07-07 19:00:00+00:00,0.0563463,0.17114622149074998,0.0585874740825,0.0,1.987,2.8173684207894745,2.8173684,0.7894737050000011,0.0,1.5,0.4870000000000001,0.0,0.04167410493299763,1
2012-07-07 19:30:00+00:00,0.0528039,0.16709459263475,0.0549041751225,0.0,0.337,2.639999999736843,2.64,0.17736842078947435,0.0,0.337,0.0,-0.0,0.0,1
2012-07-07 20:00:00+00:00,0.0481914,0.1618190342285,0.050108212935,0.0,0.253,2.506842105000001,2.5068421,0.133157899736843,0.0,0.253,0.0,-0.0,0.0,1
2012-07-07 20:30:00+00:00,0.04465515,0.15777443945037498,0.04643130859124999,0.0,0.228,2.386842105000001,2.3868421,0.12000000500000096,0.0,0.228,0.0,-0.0,0.0,1
2012-07-07 21:00:00+00:00,0.0430377,0.15592447696925002,0.0447495245175,0.0,0.223,2.269473683947369,2.2694737,0.11736840500000101,0.0,0.223,0.0,-0.0,0.0,1
2012-07-07 21:30:00+00:00,0.0379209,0.15007212417725,0.03942920379749999,0.0,0.609,1.9489473681578953,1.9489474,0.32052628394736904,0.0,0.609,0.0,-0.0,0.0,1
2012-07-07 22:00:00+00:00,0.03721365,0.149263205221625,0.03869382292875,0.0,0.591,1.6378947365789478,1.6378947,0.31105266815789534,0.0,0.591,0.0,-0.0,0.0,1
2012-07-07 22:30:00+00:00,0.0395076,0.151886916269,0.04107901479,0.0,0.297,1.4815789471052636,1.4815789,0.15631583657894788,0.0,0.297,0.0,-0.0,0.0,1
2012-07-07 23:00:00+00:00,0.03797625,0.150135430878125,0.03948675534375,0.0,0.264,1.342631578684211,1.3426316,0.13894734710526357,0.0,0.264,0.0,-0.0,0.0,1
2012-07-07 23:30:00+00:00,0.0375765,0.14967821581625002,0.0390711052875,0.0,0.651,1.0,1.0,0.3426315786842109,0.0,0.651,0.0,-0.0,0.0,1
2012-07-08 00:00:00+00:00,0.0359037,0.09826494663425002,0.037331769667499994,0.0,0.462,1.0,1.0,0.21259739999999994,0.0,0.0,0.462,0.0,0.022699202672511756,1
2012-07-08 00:30:00+00:00,0.03378195,0.095838189767375,0.03512562706124999,0.0,0.18,1.7125,1.7125,0.7124999999999999,1.5,0.0,1.68,0.0,0.080504079404595,1
2012-07-08 01:00:00+00:00,0.0338619,0.09592963277975002,0.0352087570725,0.0,0.141,2.425,2.425,0.7124999999999999,1.5,0.0,1.641,0.0,0.07871026369578489,1
2012-07-08 01:30:00+00:00,0.0339972,0.09608438249300001,0.03534943863,0.0,0.143,3.1374999999999997,3.1375,0.7125000000000004,1.5,0.0,1.643,0.0,0.07893332021799951,1
2012-07-08 02:00:00+00:00,0.0341694,0.09628133667350001,0.035528487885,0.0,0.165,3.8157552549999996,3.8157553,0.6782553000000004,1.4279058,0.0,1.5929058,0.0,0.07668354980948544,1
2012-07-08 02:30:00+00:00,0.0336405,0.09567640597625002,0.034978550887499994,0.0,0.144,4.5282552549999995,4.5282553,0.7125000450000001,1.5,0.0,1.644,0.0,0.07864600571247751,1
2012-07-08 03:00:00+00:00,0.0320415,0.09384754572875001,0.033315950662499996,0.0,0.139,5.240755255,5.2407553,0.7125000450000005,1.5,0.0,1.639,0.0,0.07690806372471064,1
2012-07-08 03:30:00+00:00,0.03112515,0.09279946812537503,0.03236315284125,0.0,0.171,5.953255255,5.9532553,0.7125000450000005,1.5,0.0,1.671,0.0,0.07753395561875083,1
2012-07-08 04:00:00+00:00,0.0311559,0.09283463851475002,0.0323951259225,0.0,0.139,6.6657552550000005,6.6657553,0.7125000449999996,1.5,0.0,1.639,0.0,0.07607798626283764,1
2012-07-08 04:30:00+00:00,0.03067005,0.09227894636262501,0.03188995123875,0.0,0.146,7.378255255000001,7.3782553,0.7125000449999996,1.5,0.0,1.646,0.0,0.07594557285644038,1
2012-07-08 05:00:00+00:00,0.03075615,0.322277423452875,0.031979475866249996,0.0,0.532,7.098255255000001,7.0982553,0.27999995500000097,0.0,0.532,0.0,-0.0,0.0,1
2012-07-08 05:30:00+00:00,0.03037485,0.321841310624625,0.031583009658749994,0.0,0.663,6.749307886578948,6.7493079,0.34894735500000085,0.0,0.663,0.0,-0.0,0.0,1
2012-07-08 06:00:00+00:00,0.0302211,0.32166545867775004,0.0314231442525,0.0,0.332,6.574571044473685,6.574571,0.17473688657894826,0.0,0.332,0.0,-0.0,0.0,1
2012-07-08 06:30:00+00:00,0.0305778,0.3220734351945,0.031794031995,0.0,0.167,6.48667630763158,6.4866763,0.08789474447368484,0.0,0.167,0.0,-0.0,0.0,1
2012-07-08 07:00:00+00:00,0.03124815,0.32284014968287505,0.032491045166249996,0.0,0.141,6.412465781315791,6.4124658,0.07421050763158021,0.0,0.141,0.0,-0.0,0.0,1
2012-07-08 07:30:00+00:00,0.0334068,0.32530911101700005,0.03473555546999999,0.0,0.141,6.338255255000002,6.3382553,0.07421048131579067,0.0,0.141,0.0,-0.0,0.0,1
2012-07-08 08:00:00+00:00,0.03404025,0.32603362103812505,0.035394200943749995,0.0,0.167,6.250360518157897,6.2503605,0.08789475500000155,0.0,0.167,0.0,-0.0,0.0,1
2012-07-08 08:30:00+00:00,0.03488895,0.32700432378487504,0.036276657986249995,0.0,0.137,6.178255255000002,6.1782553,0.07210521815789672,0.0,0.137,0.0,-0.0,0.0,1
2012-07-08 09:00:00+00:00,0.03495045,0.32707466456362505,0.03634060414875,0.0,0.144,6.102465781315791,6.1024658,0.07578945500000156,0.0,0.144,0.0,-0.0,0.0,1
2012-07-08 09:30:00+00:00,0.034686,0.326772199215,0.03606563565,0.006,0.738,5.717202623421055,5.7172026,0.38526318131579096,0.0,0.732,0.0,-0.0,0.0,1
2012-07-08 10:00:00+00:00,0.03563925,0.327862481285625,0.03705680116874999,0.006,0.871,5.261939465526318,5.2619395,0.45526312342105424,0.0,0.865,0.0,-0.0,0.0,1
2012-07-08 10:30:00+00:00,0.03544245,0.3276373907936251,0.03685217344875,0.013,0.147,5.191413149736844,5.1914131,0.07052636552631775,0.0,0.134,0.0,2.7755575615628914e-17,-5.114266433785264e-19,1
2012-07-08 11:00:00+00:00,0.03433545,0.145971256776125,0.03570114252375,0.013,0.165,5.111413149736844,5.1114131,0.08000004973684405,0.0,0.152,0.0,-0.0,0.0,1
2012-07-08 11:30:00+00:00,0.03444615,0.146097870177875,0.03581624561625,0.019,0.139,5.048255255000002,5.0482553,0.06315784973684391,0.0,0.12,1.3877787807814457e-17,0.0,1.0137576207510866e-18,1
2012-07-08 12:00:00+00:00,0.03442155,0.146069733866375,0.035790667151250004,0.044,0.138,4.998781570789475,4.9987816,0.04947365500000167,0.0,0.094,1.3877787807814457e-17,0.0,1.0135623858707408e-18,1
2012-07-08 12:30:00+00:00,0.03444615,0.146097870177875,0.03581624561625,0.388,0.453,4.9645710444736855,4.964571,0.03421057078947509,0.0,0.065,0.0,-0.0,0.0,1
2012-07-08 13:00:00+00:00,0.03381885,0.145380394234625,0.03516399475874999,0.506,0.676,4.875097360263159,4.8750974,0.08947364447368589,0.0,0.17,2.7755575615628914e-17,0.0,2.017558262604538e-18,1
2012-07-08 13:30:00+00:00,0.033825,0.1453874283125,0.035170389375,0.5,0.583,4.831413149736843,4.8314131,0.0436842602631593,0.0,0.083,0.0,4.163336342344337e-17,-7.321308012966932e-19,1
2012-07-08 14:00:00+00:00,0.03381885,0.145380394234625,0.03516399475874999,0.463,0.383,4.869413149736843,4.8694131,0.03799995026315717,0.08,0.0,0.0,-0.0,0.0,1
2012-07-08 14:30:00+00:00,0.03375735,0.145310053455875,0.03510004859625,0.381,0.261,4.9264131497368435,4.9264131,0.056999950263157295,0.12,0.0,0.0,-0.0,0.0,1
2012-07-08 15:00:00+00:00,0.03384345,0.14540853054612501,0.03518957322374999,0.4,0.137,5.051338149736844,5.0513381,0.1249249502631562,0.263,0.0,0.0,-0.0,0.0,1
2012-07-08 15:30:00+00:00,0.03444615,0.146097870177875,0.03581624561625,0.344,0.161,5.138263149736844,5.1382631,0.08692495026315594,0.183,0.0,0.0,-0.0,0.0,1
2012-07-08 16:00:00+00:00,0.0344154,0.1460626997885,0.035784272534999995,0.256,0.136,5.195263149736844,5.1952631,0.05699995026315641,0.12,0.0,0.0,-0.0,0.0,1
2012-07-08 16:30:00+00:00,0.0351165,0.14686458466625002,0.0365132587875,0.013,0.149,5.123684202368423,5.1236842,0.07157894973684442,0.0,0.136,0.0,2.7755575615628914e-17,-5.067232576247416e-19,1
2012-07-08 17:00:00+00:00,0.04011645,0.152583289978625,0.041712081798749995,0.0,0.176,5.031052623421055,5.0310526,0.0926316023684235,0.0,0.176,0.0,-0.0,0.0,1
2012-07-08 17:30:00+00:00,0.0465309,0.15991983320225,0.0483816665475,0.0,0.474,4.781578939210529,4.7815789,0.24947372342105467,0.0,0.474,0.0,-0.0,0.0,1
2012-07-08 18:00:00+00:00,0.05857875,0.173699591759375,0.060908719781249995,0.0,1.377,4.056842097105266,4.0568421,0.7247368392105287,0.0,1.377,0.0,-0.0,0.0,1
2012-07-08 18:30:00+00:00,0.0590646,0.1742552839115,0.061413894465,0.0,0.733,3.671052623421055,3.6710526,0.3857894971052658,0.0,0.733,0.0,-0.0,0.0,1
2012-07-08 19:00:00+00:00,0.05600805,0.170759347207625,0.05823577018874999,0.0,0.716,3.294210518157897,3.2942105,0.37684212342105505,0.0,0.716,0.0,-0.0,0.0,1
2012-07-08 19:30:00+00:00,0.051168,0.16522352792,0.05320320719999999,0.0,0.201,3.1884210444736865,3.188421,0.10578951815789717,0.0,0.201,0.0,-0.0,0.0,1
2012-07-08 20:00:00+00:00,0.04977195,0.163626792242375,0.05175162931125,0.0,1.119,2.599473676052634,2.5994737,0.5889473444736866,0.0,1.119,0.0,-0.0,0.0,1
2012-07-08 20:30:00+00:00,0.0468753,0.16031374156325,0.048739765057499995,0.0,1.112,2.0142105181578973,2.0142105,0.5852631760526341,0.0,1.112,0.0,-0.0,0.0,1
2012-07-08 21:00:00+00:00,0.04126035,0.153891628463375,0.04290148042125,0.0,0.496,1.7531578865789499,1.7531579,0.2610526181578974,0.0,0.496,0.0,-0.0,0.0,1
2012-07-08 21:30:00+00:00,0.0430254,0.15591040881350002,0.044736735284999996,0.0,0.296,1.5973684128947394,1.5973684,0.15578948657894998,0.0,0.296,0.0,-0.0,0.0,1
2012-07-08 22:00:00+00:00,0.0392493,0.15159148499825,0.0408104409075,0.0,0.357,1.409473676052634,1.4094737,0.18789471289473947,0.0,0.357,0.0,-0.0,0.0,1
2012-07-08 22:30:00+00:00,0.0363711,0.14829953655275,0.0378177605025,0.0,0.331,1.2352631497368445,1.2352631,0.17421057605263401,0.0,0.331,0.0,-0.0,0.0,1
2012-07-08 23:00:00+00:00,0.03563925,0.147462481285625,0.03705680116874999,0.0,0.265,1.095789465526318,1.0957895,0.1394736497368445,0.0,0.265,0.0,-0.0,0.0,1
2012-07-08 23:30:00+00:00,0.0360759,0.14796190081475,0.037510818922499994,0.0,0.182,1.0000000023684232,1.0,0.09578947552631811,0.0,0.18199998,1.9999999989472883e-08,0.0,1.4796190073686938e-09,1
2012-07-09 00:00:00+00:00,0.03561465,0.09793434497412501,0.03703122270374999,0.0,0.163,1.0000000023684232,1.0,2.3684232353105017e-09,0.0,0.0,0.163,0.0,0.007981649115391188,1
2012-07-09 00:30:00+00:00,0.03374505,0.09579598530012501,0.03508725936375,0.0,0.165,1.7125000023684231,1.7125,0.7124999976315767,1.5,0.0,1.665,0.0,0.07975015776235407,1
2012-07-09 01:00:00+00:00,0.03391725,0.09599293948062503,0.03526630861875,0.0,0.148,2.425000002368423,2.425,0.7124999976315767,1.5,0.0,1.648,0.0,0.07909818213203501,1
2012-07-09 01:30:00+00:00,0.0341202,0.09622506405050002,0.035477330955000004,0.0,0.144,3.137500002368423,3.1375,0.7124999976315771,1.5,0.0,1.644,0.0,0.07909700264951101,1
2012-07-09 02:00:00+00:00,0.0338496,0.09591556462400001,0.03519596784,0.0,0.166,3.850000002368423,3.85,0.7124999976315771,1.5,0.0,1.666,0.0,0.079897665331792,1
2012-07-09 02:30:00+00:00,0.03370815,0.095753780832875,0.03504889166625,0.0,0.143,4.562500002368423,4.5625,0.7124999976315771,1.5,0.0,1.643,0.0,0.07866173095420681,1
2012-07-09 03:00:00+00:00,0.0326688,0.09456502167199998,0.03396820151999999,0.0,0.152,5.275000002368422,5.275,0.7124999976315776,1.5,0.0,1.652,0.0,0.07811070790107198,1
2012-07-09 03:30:00+00:00,0.03153105,0.093263717265125,0.032785197513749996,0.0,0.149,5.987500002368423,5.9875,0.7124999976315776,1.5,0.0,1.649,0.0,0.07689593488509557,1
2012-07-09 04:00:00+00:00,0.0311928,0.092876842982,0.032433493619999997,0.0,0.141,6.700000002368423,6.7,0.7124999976315776,1.5,0.0,1.641,0.0,0.076205449666731,1
2012-07-09 04:30:00+00:00,0.03178935,0.09355914853587502,0.03305377139625,0.0,0.143,7.412500002368423,7.4125,0.7124999976315767,1.5,0.0,1.643,0.0,0.07685884052222133,1
2012-07-09 05:00:00+00:00,0.03415095,0.326160234439875,0.035509304036249995,0.0,0.16,7.328289476052634,7.3282895,0.08421050236842298,0.0,0.16,0.0,-0.0,0.0,1
2012-07-09 05:30:00+00:00,0.0344892,0.3265471087230001,0.035861007929999994,0.0,0.384,7.126184212894739,7.1261842,0.20210527605263362,0.0,0.384,0.0,-0.0,0.0,1
2012-07-09 06:00:00+00:00,0.03604515,0.328326730425375,0.03747884584125,0.0,0.661,6.778289476052633,6.7782895,0.34789471289473894,0.0,0.661,0.0,-0.0,0.0,1
2012-07-09 06:30:00+00:00,0.04057155,0.33350381174137506,0.042185283401249996,0.0,0.416,6.55934210763158,6.5593421,0.2189473760526326,0.0,0.416,0.0,-0.0,0.0,1
2012-07-09 07:00:00+00:00,0.0448581,0.33840656402025,0.046642330927499996,0.0,0.639,6.2230263181578955,6.2230263,0.3363158076315802,0.0,0.639,0.0,-0.0,0.0,1
2012-07-09 07:30:00+00:00,0.04326525,0.33658473785062504,0.044986125318749993,0.0,0.507,5.956184212894738,5.9561842,0.2668421181578955,0.0,0.507,0.0,-0.0,0.0,1
2012-07-09 08:00:00+00:00,0.0521028,0.34669270775700006,0.05417518886999999,0.006,0.161,5.874605265526316,5.8746053,0.08157891289473795,0.0,0.155,0.0,-0.0,0.0,1
2012-07-09 08:30:00+00:00,0.0554484,0.35051924612100005,0.05765386011,0.0,0.133,5.804605265526316,5.8046053,0.06999996552631593,0.0,0.133,0.0,-0.0,0.0,1
2012-07-09 09:00:00+00:00,0.0549933,0.34999872435825,0.057180658507499996,0.006,0.134,5.737236844473684,5.7372368,0.06736846552631626,0.0,0.128,0.0,-0.0,0.0,1
2012-07-09 09:30:00+00:00,0.0552762,0.3503222919405,0.057474810854999996,0.013,0.164,5.6577631602631575,5.6577632,0.07947364447368432,0.0,0.151,0.0,-0.0,0.0,1
2012-07-09 10:00:00+00:00,0.0532221,0.34797290993025004,0.0553390090275,0.013,0.139,5.591447370789473,5.5914474,0.06631576026315766,0.0,0.126,0.0,-0.0,0.0,1
2012-07-09 10:30:00+00:00,0.04862805,0.342718453757625,0.050562230688749994,0.013,0.14,5.524605265526316,5.5246053,0.06684207078947324,0.0,0.127,0.0,-0.0,0.0,1
2012-07-09 11:00:00+00:00,0.04844355,0.162107431421375,0.050370392201249996,0.031,0.156,5.458815791842105,5.4588158,0.06578946552631582,0.0,0.125,0.0,-0.0,0.0,1
2012-07-09 11:30:00+00:00,0.0465924,0.159990173981,0.048445612709999995,0.038,0.133,5.408815791842105,5.4088158,0.04999999184210502,0.0,0.095,0.0,-0.0,0.0,1
2012-07-09 12:00:00+00:00,0.04737345,0.160883501871125,0.04925772897374999,0.063,0.132,5.3725000023684215,5.3725,0.03631579184210576,0.0,0.069,0.0,-0.0,0.0,1
2012-07-09 12:30:00+00:00,0.0466908,0.160102719227,0.04854792656999999,0.375,0.149,5.479850002368422,5.47985,0.10734999763157838,0.226,0.0,0.0,-0.0,0.0,1
2012-07-09 13:00:00+00:00,0.0467646,0.1601871281615,0.048624661964999996,0.481,0.142,5.640875002368422,5.640875,0.16102499763157851,0.339,0.0,0.0,-0.0,0.0,1
2012-07-09 13:30:00+00:00,0.04620495,0.159547027074875,0.04804275188625,0.494,0.133,5.812350002368422,5.81235,0.17147499763157814,0.361,0.0,0.0,-0.0,0.0,1
2012-07-09 14:00:00+00:00,0.0457437,0.15901947123425,0.047563155667499996,0.444,0.139,5.957225002368422,5.957225,0.14487499763157796,0.305,0.0,0.0,-0.0,0.0,1
2012-07-09 14:30:00+00:00,0.0430992,0.155994817748,0.044813470679999995,0.431,0.152,6.089750002368422,6.08975,0.13252499763157832,0.279,0.0,5.551115123125783e-17,0.0,4.329725959650865e-18,1
2012-07-09 15:00:00+00:00,0.0410943,0.15370170836075,0.0427288257825,0.394,0.134,6.213250002368422,6.21325,0.12349999763157804,0.26,0.0,0.0,-0.0,0.0,1
2012-07-09 15:30:00+00:00,0.0409344,0.15351882233599998,0.04256256576,0.35,0.139,6.313475002368422,6.313475,0.1002249976315781,0.211,0.0,0.0,-0.0,0.0,1
2012-07-09 16:00:00+00:00,0.04148175,0.15414485526687502,0.04313168660625,0.281,0.162,6.370000002368422,6.37,0.05652499763157781,0.119,0.0,0.0,-0.0,0.0,1
2012-07-09 16:30:00+00:00,0.0406515,0.15319525475375,0.0422684134125,0.019,0.141,6.305789476052633,6.3057895,0.06421050236842163,0.0,0.122,0.0,1.3877787807814457e-17,-2.9329603615582676e-19,1
2012-07-09 17:00:00+00:00,0.04199835,0.154735717808375,0.04366883437124999,0.0,0.147,6.228421055000001,6.2284211,0.07736837605263247,0.0,0.147,0.0,-0.0,0.0,1
2012-07-09 17:30:00+00:00,0.0454608,0.158695903652,0.04726900332,0.0,0.166,6.141052633947369,6.1410526,0.0873684550000009,0.0,0.166,0.0,-0.0,0.0,1
2012-07-09 18:00:00+00:00,0.08497455,0.203889853998875,0.08835441272624998,0.0,0.143,6.0657894760526325,6.0657895,0.07526313394736928,0.0,0.143,0.0,-0.0,0.0,1
2012-07-09 18:30:00+00:00,0.14653605,0.27430097352762495,0.15236452138874998,0.0,0.145,5.276315791842106,5.2763158,0.7894736760526326,0.0,1.5,0.0,1.355,-0.10322696324087811,1
2012-07-09 19:00:00+00:00,0.0823731,0.20091443905775003,0.0856494900525,0.0,0.168,5.1878947392105275,5.1878947,0.08842109184210578,0.0,0.168,0.0,-0.0,0.0,1
2012-07-09 19:30:00+00:00,0.05312985,0.167467398762125,0.05524308978375,0.0,0.648,4.84684210763158,4.8468421,0.34105263921052753,0.0,0.648,0.0,-0.0,0.0,1
2012-07-09 20:00:00+00:00,0.0465924,0.159990173981,0.048445612709999995,0.0,1.844,4.057368423421053,4.0573684,0.7894737076315801,0.0,1.5,0.3440000000000001,0.0,0.027518309924732004,1
2012-07-09 20:30:00+00:00,0.0482775,0.16191751131874998,0.0501977375625,0.0,1.012,3.5247368444736846,3.5247368,0.5326316234210533,0.0,1.012,0.0,-0.0,0.0,1
2012-07-09 21:00:00+00:00,0.0465924,0.159990173981,0.048445612709999995,0.0,0.754,3.1278947392105265,3.1278947,0.3968421444736845,0.0,0.754,0.0,-0.0,0.0,1
2012-07-09 21:30:00+00:00,0.04085445,0.153427379323625,0.04247943574875,0.0,0.836,2.6878947392105266,2.6878947,0.44000003921052633,0.0,0.836,0.0,-0.0,0.0,1
2012-07-09 22:00:00+00:00,0.0380685,0.15024094204625,0.03958267458749999,0.0,1.019,2.1515789497368423,2.1515789,0.5363158392105265,0.0,1.019,0.0,-0.0,0.0,1
2012-07-09 22:30:00+00:00,0.05354805,0.16794571605762498,0.05567792368874999,0.0,0.783,1.7394736865789475,1.7394737,0.41210524973684226,0.0,0.783,0.0,-0.0,0.0,1
2012-07-09 23:00:00+00:00,0.0442431,0.15730315623274999,0.04600286930249999,0.0,0.432,1.5121052655263159,1.5121053,0.22736838657894753,0.0,0.432,0.0,-0.0,0.0,1
2012-07-09 23:30:00+00:00,0.04609425,0.159420413673125,0.04792764879375,0.0,0.401,1.3010526339473685,1.3010526,0.21105266552631585,0.0,0.401,0.0,-0.0,0.0,1
2012-07-10 00:00:00+00:00,0.0440955,0.10763433836375,0.04584939851249999,0.0,1.016,1.3010526339473685,1.3010526,0.006202666052631534,0.0,0.0,1.016,0.0,0.054678243888785,1
2012-07-10 00:30:00+00:00,0.04249035,0.105798444038375,0.04418040367125,0.0,0.657,2.013552633947368,2.0135526,0.7124999660526317,1.5,0.0,2.157,0.0,0.11410362189538745,1
2012-07-10 01:00:00+00:00,0.04246575,0.105770307726875,0.04415482520625,0.0,0.784,2.726052633947368,2.7260526,0.7124999660526319,1.5,0.0,2.284,0.0,0.12078969142409124,1
2012-07-10 01:30:00+00:00,0.04379415,0.10728966854787501,0.045536062316249994,0.0,0.253,3.0126500019473683,3.01265,0.28659736605263175,0.60336288,0.0,0.85636288,0.0,0.04593944477595183,1
2012-07-10 02:00:00+00:00,0.04001805,0.10297074473262502,0.04160976793874999,0.0,0.249,3.7251500019473682,3.72515,0.7124999980526319,1.5,0.0,1.749,0.0,0.09004791626868058,1
2012-07-10 02:30:00+00:00,0.03590985,0.098271980712125,0.037338164283749996,0.0,0.278,4.437650001947368,4.43765,0.7124999980526314,1.5,0.0,1.778,0.0,0.08736379085307913,1
2012-07-10 03:00:00+00:00,0.0353748,0.09766001593700001,0.03678183266999999,0.0,0.242,5.1501500019473685,5.15015,0.7124999980526319,1.5,0.0,1.742,0.0,0.085061873881127,1
2012-07-10 03:30:00+00:00,0.0349443,0.09716763048574999,0.036334209532499995,0.0,0.248,5.862650001947369,5.86265,0.7124999980526319,1.5,0.0,1.748,0.0,0.08492450904454549,1
2012-07-10 04:00:00+00:00,0.03388035,0.095950735013375,0.03522794092124999,0.0,0.262,6.575150001947369,6.57515,0.712499998052631,1.5,0.0,1.762,0.0,0.08453259754678338,1
2012-07-10 04:30:00+00:00,0.03444615,0.09659787017787502,0.03581624561625,0.0,0.244,7.28765000194737,7.28765,0.712499998052631,1.5,0.0,1.744,0.0,0.08423334279510702,1
2012-07-10 05:00:00+00:00,0.03495045,0.32707466456362505,0.03634060414875,0.0,0.249,7.156597370368422,7.1565974,0.13105260194736967,0.0,0.249,0.0,-0.0,0.0,1
2012-07-10 05:30:00+00:00,0.03749655,0.329986772803875,0.03898797527624999,0.0,0.27,7.014492107210527,7.0144921,0.1421052703684218,0.0,0.27,0.0,-0.0,0.0,1
2012-07-10 06:00:00+00:00,0.0397044,0.332512006761,0.041283642509999996,0.0,0.573,6.712913159842106,6.7129132,0.30157890721052727,0.0,0.573,0.0,-0.0,0.0,1
2012-07-10 06:30:00+00:00,0.0424473,0.33564920549325,0.0441356413575,0.0,0.455,6.473439475631579,6.4734395,0.23947365984210656,0.0,0.455,0.0,-0.0,0.0,1
2012-07-10 07:00:00+00:00,0.0454977,0.33913810811925005,0.0473073710175,0.0,0.165,6.386597370368421,6.3865974,0.08684207563157909,0.0,0.165,0.0,-0.0,0.0,1
2012-07-10 07:30:00+00:00,0.0415125,0.33458002565625006,0.043163659687499994,0.0,0.147,6.30922894931579,6.3092289,0.07736847036842143,0.0,0.147,0.0,-0.0,0.0,1
2012-07-10 08:00:00+00:00,0.04995645,0.344237814578625,0.05194346779875,0.006,0.153,6.231860528263158,6.2318605,0.07736844931578979,0.0,0.147,0.0,-0.0,0.0,1
2012-07-10 08:30:00+00:00,0.05535615,0.35041373495287503,0.05755794086625,0.031,0.548,5.959755265105263,5.9597553,0.27210522826315753,0.0,0.517,0.0,-0.0,0.0,1
2012-07-10 09:00:00+00:00,0.05650005,0.351722073437625,0.05874733948875,0.038,0.64,5.642913159842106,5.6429132,0.3168420651052637,0.0,0.602,0.0,-0.0,0.0,1
2012-07-10 09:30:00+00:00,0.05739795,0.35274904880737507,0.05968095346125,0.044,0.14,5.5923868440526325,5.5923868,0.05052635984210596,0.0,0.096,1.3877787807814457e-17,0.0,2.4476882243785682e-18,1
2012-07-10 10:00:00+00:00,0.0528777,0.34757900156925003,0.0549809105175,0.063,0.153,5.545018423000001,5.5450184,0.04736844405263252,0.0,0.09,0.0,-0.0,0.0,1
2012-07-10 10:30:00+00:00,0.0541815,0.34907022607875005,0.056336569162499996,0.094,0.152,5.514492107210527,5.5144921,0.03052632300000102,0.0,0.058,0.0,6.938893903907228e-18,-1.9545673816435959e-19,1
2012-07-10 11:00:00+00:00,0.05367105,0.168086397615125,0.055805816013749995,0.113,0.14,5.500281580894738,5.5002816,0.01421050721052719,0.0,0.027,1.0408340855860843e-17,0.0,8.74750259805988e-19,1
2012-07-10 11:30:00+00:00,0.0571212,0.172032515303,0.059393195729999994,0.081,0.141,5.468702633526317,5.4687026,0.03157898089473754,0.0,0.06,0.0,1.3877787807814457e-17,-4.121230837844658e-19,1
2012-07-10 12:00:00+00:00,0.05330205,0.167664352942625,0.05542213903875,0.113,0.16,5.443965791421054,5.4439658,0.02473683352631717,0.0,0.047,0.0,-0.0,0.0,1
2012-07-10 12:30:00+00:00,0.05365875,0.168072329459375,0.05579302678124999,0.231,0.139,5.487665791421055,5.4876658,0.04370000857894585,0.092,0.0,0.0,-0.0,0.0,1
2012-07-10 13:00:00+00:00,0.05022705,0.164147314005125,0.05222483091375,0.231,0.139,5.531365791421055,5.5313658,0.04370000857894496,0.092,0.0,0.0,-0.0,0.0,1
2012-07-10 13:30:00+00:00,0.0530253,0.16734781943825,0.055134381307499994,0.444,0.167,5.662940791421055,5.6629408,0.13157500857894533,0.277,0.0,5.551115123125783e-17,0.0,4.644835056528962e-18,1
2012-07-10 14:00:00+00:00,0.05400315,0.168466237820375,0.05615112529125,0.463,0.145,5.8139907914210545,5.8139908,0.15105000857894524,0.318,0.0,0.0,5.551115123125783e-17,-1.5585068039239425e-18,1
2012-07-10 14:30:00+00:00,0.05324055,0.167594012163875,0.05535819287625,0.188,0.141,5.836315791421055,5.8363158,0.022325008578945926,0.047,0.0,0.0,-0.0,0.0,1
2012-07-10 15:00:00+00:00,0.0515247,0.16563150443675,0.0535740949425,0.038,0.168,5.767894738789476,5.7678947,0.06842109142105457,0.0,0.13,0.0,-0.0,0.0,1
2012-07-10 15:30:00+00:00,0.05509785,0.16971830368212498,0.057289366983749986,0.0,0.146,5.691052633526318,5.6910526,0.07684213878947599,0.0,0.146,0.0,-0.0,0.0,1
2012-07-10 16:00:00+00:00,0.05747175,0.17243345774187502,0.05975768885625,0.0,0.154,5.610000001947371,5.61,0.08105263352631731,0.0,0.154,0.0,-0.0,0.0,1
2012-07-10 16:30:00+00:00,0.05959965,0.17486724868662498,0.06197022607874999,0.0,0.172,5.519473686157897,5.5194737,0.09052630194737077,0.0,0.172,0.0,-0.0,0.0,1
2012-07-10 17:00:00+00:00,0.0533574,0.1677276596435,0.055479690585,0.0,0.151,5.440000001947371,5.44,0.07947368615789685,0.0,0.151,0.0,-0.0,0.0,1
2012-07-10 17:30:00+00:00,0.05918145,0.174388931391125,0.061535392173749995,0.0,0.147,5.362631580894739,5.3626316,0.07736840194737038,0.0,0.147,0.0,-0.0,0.0,1
2012-07-10 18:00:00+00:00,0.0989781,0.21990644932025002,0.1029149539275,0.0,0.174,5.271052633526318,5.2710526,0.09157898089473893,0.0,0.174,0.0,-0.0,0.0,1
2012-07-10 18:30:00+00:00,0.11472825,0.23792072275812498,0.11929156614374999,0.0,0.155,4.481578949315791,4.4815789,0.789473733526318,0.0,1.5,0.0,1.345,-0.08022357823167187,1
2012-07-10 19:00:00+00:00,0.05653695,0.171364277904875,0.05878570718625,0.0,0.155,4.40000000194737,4.4,0.0815789493157908,0.0,0.155,0.0,-0.0,0.0,1
2012-07-10 19:30:00+00:00,0.04469205,0.157816643917625,0.04646967628874999,0.0,0.707,4.027894738789475,4.0278947,0.3721053019473697,0.0,0.707,0.0,-0.0,0.0,1
2012-07-10 20:00:00+00:00,0.042189,0.1549537742225,0.043867067475,0.0,1.678,3.2384210545789482,3.2384211,0.7894736387894747,0.0,1.5,0.17799999999999994,0.0,0.013790885905802496,1
2012-07-10 20:30:00+00:00,0.0427671,0.15561497754275,0.0444681614025,0.0,0.715,2.862105265105264,2.8621053,0.37631575457894817,0.0,0.715,0.0,-0.0,0.0,1
2012-07-10 21:00:00+00:00,0.043419,0.15636058979749998,0.045145990724999994,0.0,0.74,2.472631580894738,2.4726316,0.38947366510526393,0.0,0.74,0.0,-0.0,0.0,1
2012-07-10 21:30:00+00:00,0.04191225,0.154637240718125,0.043579309743749996,0.0,2.66,1.6831578966842116,1.6831579,0.7894736808947378,0.0,1.5,1.1600000000000001,0.0,0.08968959961651252,1
2012-07-10 22:00:00+00:00,0.03757035,0.149671181738375,0.039064710671249996,0.0,0.56,1.3884210545789484,1.3884211,0.2947367966842116,0.0,0.56,0.0,-0.0,0.0,1
2012-07-10 22:30:00+00:00,0.0511311,0.16518132345275,0.05316483950249999,0.0,0.429,1.1626315808947378,1.1626316,0.22578945457894828,0.0,0.429,0.0,-0.0,0.0,1
2012-07-10 23:00:00+00:00,0.03969825,0.152104972683125,0.041277247893749994,0.0,0.157,1.0800000019473694,1.08,0.08263158089473777,0.0,0.157,0.0,-0.0,0.0,1
2012-07-10 23:30:00+00:00,0.04455675,0.157661894204375,0.046328994731249996,0.0,0.152,1.0000000019473694,1.0,0.08000000194736945,0.0,0.152,0.0,-0.0,0.0,1
2012-07-11 00:00:00+00:00,0.037023,0.09954514880750001,0.038495589824999996,0.0,0.175,1.0000000019473694,1.0,1.9473693768645717e-09,0.0,0.0,0.175,0.0,0.00871020052065625,1
2012-07-11 00:30:00+00:00,0.0363219,0.09874326392975,0.037766603572499995,0.0,0.156,1.7125000019473693,1.7125,0.7124999980526305,1.5,0.0,1.656,0.0,0.08175942253383299,1
2012-07-11 01:00:00+00:00,0.03642645,0.098862843253625,0.03787531204875,0.0,0.146,2.425000001947369,2.425,0.7124999980526305,1.5,0.0,1.646,0.0,0.08136411999773337,1
2012-07-11 01:30:00+00:00,0.036654,0.09912310413500001,0.03811191285,0.0,0.178,2.841277632947369,2.8412776,0.416277598052631,0.87637396,0.0,1.05437396,0.0,0.05225640991715617,1
2012-07-11 02:00:00+00:00,0.03508575,0.097329414276875,0.03648128570625,0.0,0.14,3.553777632947369,3.5537776,0.7124999670526311,1.5,0.0,1.6400000000000001,0.0,0.07981011970703751,1
2012-07-11 02:30:00+00:00,0.0342678,0.09639388191949999,0.035630801744999996,0.0,0.148,4.266277632947369,4.2662776,0.7124999670526306,1.5,0.0,1.648,0.0,0.07942855870166798,1
2012-07-11 03:00:00+00:00,0.0337389,0.09578895122225002,0.0350808647475,0.0,0.169,4.978777632947368,4.9787776,0.7124999670526311,1.5,0.0,1.669,0.0,0.07993587979496765,1
2012-07-11 03:30:00+00:00,0.03357285,0.095599031119625,0.03490821010875,0.0,0.145,5.691277632947369,5.6912776,0.712499967052632,1.5,0.0,1.645,0.0,0.07863020309589157,1
2012-07-11 04:00:00+00:00,0.03322845,0.09520512275862501,0.034550111598749995,0.0,0.143,6.403777632947369,6.4037776,0.7124999670526311,1.5,0.0,1.643,0.0,0.07821100834621045,1
2012-07-11 04:30:00+00:00,0.0325335,0.09441027195875,0.0338275199625,0.0,0.169,7.116277632947369,7.1162776,0.7124999670526311,1.5,0.0,1.669,0.0,0.07878537194957688,1
2012-07-11 05:00:00+00:00,0.033456,0.32536538364,0.034786712399999996,0.0,0.146,7.039435527684211,7.0394355,0.07684213294736963,0.0,0.146,0.0,-0.0,0.0,1
2012-07-11 05:30:00+00:00,0.03412635,0.32613209812837507,0.03548372557125,0.0,0.155,6.95785658031579,6.9578566,0.08157892768421071,0.0,0.155,0.0,-0.0,0.0,1
2012-07-11 06:00:00+00:00,0.0354855,0.32768662933875,0.0368969357625,0.0,0.163,6.8720671066315795,6.8720671,0.08578948031578992,0.0,0.163,0.0,-0.0,0.0,1
2012-07-11 06:30:00+00:00,0.03806235,0.33063390796837505,0.03957627997125,0.0,0.149,6.793646054000001,6.7936461,0.07842100663157936,0.0,0.149,0.0,-0.0,0.0,1
2012-07-11 07:00:00+00:00,0.04124805,0.334277560307625,0.042888691188749994,0.0,0.732,6.408382896105264,6.4083829,0.38526315400000044,0.0,0.732,0.0,-0.0,0.0,1
2012-07-11 07:30:00+00:00,0.03568845,0.327918753908625,0.03710795809874999,0.0,0.197,6.304698685578948,6.3046987,0.10368419610526391,0.0,0.197,0.0,-0.0,0.0,1
2012-07-11 08:00:00+00:00,0.0405162,0.33344050504050005,0.042127731854999996,0.0,0.264,6.165751317157896,6.1657513,0.13894738557894826,0.0,0.264,0.0,-0.0,0.0,1
2012-07-11 08:30:00+00:00,0.0424104,0.33560700102600005,0.04409727366,0.0,0.194,6.063646054000001,6.0636461,0.102105217157896,0.0,0.194,0.0,-0.0,0.0,1
2012-07-11 09:00:00+00:00,0.0420783,0.33522716082075005,0.0437519643825,0.0,0.168,5.975225001368422,5.975225,0.08842105400000122,0.0,0.168,0.0,-0.0,0.0,1
2012-07-11 09:30:00+00:00,0.0422259,0.33539597868975,0.0439054351725,0.019,0.152,5.9052250013684215,5.905225,0.0700000013684221,0.0,0.133,0.0,-0.0,0.0,1
2012-07-11 10:00:00+00:00,0.0397905,0.33261048385125,0.04137316713749999,0.013,0.157,5.829435527684211,5.8294355,0.07578950136842177,0.0,0.144,0.0,-0.0,0.0,1
2012-07-11 10:30:00+00:00,0.0403932,0.333299823483,0.04199983953,0.019,0.305,5.678909211894737,5.6789092,0.15052632768421148,0.0,0.286,0.0,-0.0,0.0,1
2012-07-11 11:00:00+00:00,0.0371091,0.14914362589775,0.03858511445249999,0.025,0.676,5.336277632947369,5.3362776,0.34263161189473745,0.0,0.651,0.0,-0.0,0.0,1
2012-07-11 11:30:00+00:00,0.036654,0.148623104135,0.03811191285,0.019,0.293,5.19206710663158,5.1920671,0.14421053294736907,0.0,0.274,0.0,5.551115123125783e-17,-1.0578180789644342e-18,1
2012-07-11 12:00:00+00:00,0.0368262,0.14882005831550002,0.038290962105000007,0.119,0.15,5.1757513171578955,5.1757513,0.016315806631579832,0.0,0.031,0.0,-0.0,0.0,1
2012-07-11 12:30:00+00:00,0.0359529,0.14782121925725003,0.037382926597500005,0.213,0.138,5.211376317157895,5.2113763,0.03562498284210491,0.075,0.0,2.7755575615628914e-17,0.0,2.051431514344532e-18,1
2012-07-11 13:00:00+00:00,0.03482745,0.146533983006125,0.03621271182375,0.494,0.152,5.373826317157895,5.3738263,0.1624499828421051,0.342,0.0,0.0,-0.0,0.0,1
2012-07-11 13:30:00+00:00,0.03444615,0.146097870177875,0.03581624561625,0.475,0.153,5.5267763171578945,5.5267763,0.15294998284210504,0.322,0.0,0.0,-0.0,0.0,1
2012-07-11 14:00:00+00:00,0.03417555,0.145788370751375,0.03553488250125,0.4,0.142,5.649326317157895,5.6493263,0.12254998284210572,0.258,0.0,0.0,-0.0,0.0,1
2012-07-11 14:30:00+00:00,0.0338496,0.145415564624,0.03519596784,0.394,0.156,5.762376317157895,5.7623763,0.11304998284210477,0.238,0.0,0.0,-0.0,0.0,1
2012-07-11 15:00:00+00:00,0.0338619,0.14542963277975,0.0352087570725,0.4,0.158,5.8773263171578956,5.8773263,0.11494998284210478,0.242,0.0,0.0,-0.0,0.0,1
2012-07-11 15:30:00+00:00,0.034071,0.1456687914275,0.035426174025,0.25,0.138,5.930526317157896,5.9305263,0.05319998284210481,0.112,0.0,0.0,-0.0,0.0,1
2012-07-11 16:00:00+00:00,0.03416325,0.14577430259562502,0.03552209326875,0.125,0.152,5.9163157908421065,5.9163158,0.01421051715789634,0.0,0.027,0.0,3.469446951953614e-18,-6.162100910913834e-20,1
2012-07-11 16:30:00+00:00,0.03293325,0.14436748702062502,0.03424317001874999,0.013,0.157,5.840526317157896,5.8405263,0.07578949084210684,0.0,0.144,0.0,-0.0,0.0,1
2012-07-11 17:00:00+00:00,0.03360975,0.145141235586875,0.03494657780625,0.0,0.143,5.765263159263159,5.7652632,0.07526311715789635,0.0,0.143,0.0,-0.0,0.0,1
2012-07-11 17:30:00+00:00,0.0387819,0.15105689507975,0.0403244500725,0.0,0.162,5.680000001368422,5.68,0.08526315926315942,0.0,0.162,0.0,-0.0,0.0,1
2012-07-11 18:00:00+00:00,0.0401964,0.15267473299099998,0.041795211809999996,0.0,0.158,5.5968421066315805,5.5968421,0.0831579013684225,0.0,0.158,0.0,-0.0,0.0,1
2012-07-11 18:30:00+00:00,0.0384621,0.15069112303025,0.0399919300275,0.0,0.155,5.515263159263159,5.5152632,0.08157890663158085,0.0,0.155,0.0,-0.0,0.0,1
2012-07-11 19:00:00+00:00,0.0383145,0.15052230516125,0.0398384592375,0.0,1.334,4.813157896105264,4.8131579,0.7021052592631589,0.0,1.334,0.0,-0.0,0.0,1
2012-07-11 19:30:00+00:00,0.035793,0.14763833323249997,0.037216666574999994,0.0,1.423,4.064210527684211,4.0642105,0.7489473961052644,0.0,1.423,0.0,-0.0,0.0,1
2012-07-11 20:00:00+00:00,0.03487665,0.146590255629125,0.03626386875375,0.0,0.753,3.667894738210527,3.6678947,0.3963158276842109,0.0,0.753,0.0,-0.0,0.0,1
2012-07-11 20:30:00+00:00,0.0381177,0.15029721466925,0.039633831517499996,0.0,1.742,2.8784210540000004,2.8784211,0.7894736382105267,0.0,1.5,0.242,0.0,0.01818596297497925,1
2012-07-11 21:00:00+00:00,0.03531945,0.147096709236125,0.03672428112375,0.0,1.839,2.088947369789474,2.0889474,0.7894736540000005,0.0,1.5,0.33899999999999997,0.0,0.024932892215523184,1
2012-07-11 21:30:00+00:00,0.03493815,0.146660596407875,0.03632781491625,0.0,0.787,1.6747368434736842,1.6747368,0.4142105697894738,0.0,0.787,0.0,-0.0,0.0,1
2012-07-11 22:00:00+00:00,0.03444,0.14609083609999998,0.035809851,0.0,0.356,1.4873684224210526,1.4873684,0.1873684434736842,0.0,0.356,0.0,-0.0,0.0,1
2012-07-11 22:30:00+00:00,0.0399135,0.15235116540875002,0.041501059462499996,0.0,0.588,1.1778947382105263,1.1778947,0.30947372242105264,0.0,0.588,0.0,-0.0,0.0,1
2012-07-11 23:00:00+00:00,0.03520875,0.146970095834375,0.036609178031249995,0.0,0.158,1.0947368434736842,1.0947368,0.0831579382105263,0.0,0.158,0.0,-0.0,0.0,1
2012-07-11 23:30:00+00:00,0.03613125,0.14802520751562498,0.037568370468749994,0.0,0.18,1.000000001368421,1.0,0.09473684347368416,0.0,0.18,0.0,-0.0,0.0,1
2012-07-12 00:00:00+00:00,0.03514725,0.097399755055625,0.03654523186874999,0.0,0.154,1.000000001368421,1.0,1.3684209321240814e-09,0.0,0.0,0.154,0.0,0.007499781139283125,1
2012-07-12 00:30:00+00:00,0.03385575,0.095922598701875,0.03520236245624999,0.0,0.544,1.7125000013684208,1.7125,0.712499998631579,1.5,0.0,2.044,0.0,0.09803289587331625,1
2012-07-12 01:00:00+00:00,0.0340833,0.09618285958325001,0.0354389632575,0.0,0.693,2.4250000013684208,2.425,0.21736839863157909,1.5,0.0,2.193,0.0,0.10546450553303365,1
2012-07-12 01:30:00+00:00,0.03406485,0.09616175734962502,0.03541977940875,0.0,0.777,3.1375000013684207,3.1375,0.7124999986315794,1.5,0.0,2.277,0.0,0.1094801607425481,1
2012-07-12 02:00:00+00:00,0.0325458,0.0944243401145,0.033840309194999994,0.0,0.145,3.8500000013684206,3.85,0.7124999986315794,1.5,0.0,1.645,0.0,0.07766401974417625,1
2012-07-12 02:30:00+00:00,0.0317463,0.09350990999075001,0.03300900908249999,0.0,0.165,4.56250000136842,4.5625,0.7124999986315794,1.5,0.0,1.665,0.0,0.07784700006729939,1
2012-07-12 03:00:00+00:00,0.03055935,0.09215233296087501,0.03177484814625,0.0,0.143,5.27500000136842,5.275,0.7124999986315803,1.5,0.0,1.643,0.0,0.07570314152735882,1
2012-07-12 03:30:00+00:00,0.02845605,0.089746678327625,0.029587889388749997,0.0,0.136,5.987500001368421,5.9875,0.7124999986315794,1.5,0.0,1.6360000000000001,0.0,0.07341278287199726,1
2012-07-12 04:00:00+00:00,0.02682015,0.08787561361287502,0.02788692146625,0.0,0.171,6.700000001368421,6.7,0.7124999986315794,1.5,0.0,1.671,0.0,0.07342007517355709,1
2012-07-12 04:30:00+00:00,0.0270969,0.08819214711725,0.028174679197499997,0.0,0.14,7.4125000013684215,7.4125,0.7124999986315785,1.5,0.0,1.6400000000000001,0.0,0.072317560636145,1
2012-07-12 05:00:00+00:00,0.02929245,0.32060331291862504,0.03045755719875,0.0,0.151,7.333026317157895,7.3330263,0.07947370136842125,0.0,0.151,0.0,-0.0,0.0,1
2012-07-12 05:30:00+00:00,0.03046095,0.321939787714875,0.03167253428625,0.0,0.168,7.2446052645263155,7.2446053,0.08842101715789497,0.0,0.168,0.0,-0.0,0.0,1
2012-07-12 06:00:00+00:00,0.0319677,0.3236631367942501,0.0332392152675,0.0,0.327,7.072500001368421,7.0725,0.1721052645263157,0.0,0.327,0.0,-0.0,0.0,1
2012-07-12 06:30:00+00:00,0.03502425,0.327159073498125,0.036417339543749996,0.0,0.209,6.96250000136842,6.9625,0.11000000136842036,0.0,0.209,0.0,-0.0,0.0,1
2012-07-12 07:00:00+00:00,0.0364572,0.32879801364300004,0.03790728513,0.0,0.16,6.878289475052631,6.8782895,0.08421050136842023,0.0,0.16,0.0,-0.0,0.0,1
2012-07-12 07:30:00+00:00,0.0335667,0.32549199704175,0.034901815492499995,0.0,0.141,6.804078948736842,6.8040789,0.07421057505263029,0.0,0.141,0.0,-0.0,0.0,1
2012-07-12 08:00:00+00:00,0.0362604,0.32857292315100006,0.03770265740999999,0.0,0.146,6.727236843473683,6.7272368,0.07684214873684159,0.0,0.146,0.0,-0.0,0.0,1
2012-07-12 08:30:00+00:00,0.0450795,0.33865979082375003,0.046872537112499994,0.019,0.163,6.651447369789473,6.6514474,0.075789443473683,0.0,0.144,2.7755575615628914e-17,0.0,4.6998487160908324e-18,1
2012-07-12 09:00:00+00:00,0.0447474,0.3382799506185001,0.046527227835,0.038,0.136,6.599868422421052,6.5998684,0.05157896978947285,0.0,0.098,0.0,-0.0,0.0,1
2012-07-12 09:30:00+00:00,0.04535625,0.338976324328125,0.04716029484374999,0.031,0.136,6.544605264526315,6.5446053,0.055263122421052024,0.0,0.105,1.3877787807814457e-17,0.0,2.3521207504493062e-18,1
2012-07-12 10:00:00+00:00,0.0457929,0.33947574385725005,0.0476143125975,0.025,0.159,6.4740789487368415,6.4740789,0.070526364526315,0.0,0.134,0.0,-0.0,0.0,1
2012-07-12 10:30:00+00:00,0.04817295,0.342197931994875,0.05008902908624999,0.025,0.591,6.1761842118947365,6.1761842,0.29789474873684174,0.0,0.566,0.0,-0.0,0.0,1
2012-07-12 11:00:00+00:00,0.04900935,0.162754566585875,0.050958696896249996,0.031,0.487,5.936184211894736,5.9361842,0.24000001189473696,0.0,0.456,0.0,5.551115123125783e-17,-1.4143879649777812e-18,1
2012-07-12 11:30:00+00:00,0.04677075,0.16019416223937502,0.04863105658125,0.006,0.161,5.854605264526315,5.8546053,0.0815789118947361,0.0,0.155,0.0,-0.0,0.0,1
2012-07-12 12:00:00+00:00,0.0453255,0.15854115393874998,0.047128321762499994,0.013,0.141,5.787236843473683,5.7872368,0.06736846452631529,0.0,0.128,0.0,2.7755575615628914e-17,-6.540368491583792e-19,1
2012-07-12 12:30:00+00:00,0.0460758,0.15939931143949998,0.04790846494499999,0.063,0.139,5.747236843473683,5.7472368,0.040000043473683355,0.0,0.076,1.3877787807814457e-17,0.0,1.1060549104345561e-18,1
2012-07-12 13:00:00+00:00,0.04673385,0.160151957772125,0.04859268888375,0.044,0.163,5.684605264526314,5.6846053,0.0626315434736826,0.0,0.119,1.3877787807814457e-17,0.0,1.111277443483806e-18,1
2012-07-12 13:30:00+00:00,0.04584825,0.159139050558125,0.04767186414375,0.063,0.139,5.644605264526314,5.6446053,0.039999964526313825,0.0,0.076,1.3877787807814457e-17,0.0,1.1042489877913577e-18,1
2012-07-12 14:00:00+00:00,0.04690605,0.16034891195262502,0.04877173813874999,0.113,0.139,5.630921053999998,5.6309211,0.013684164526313936,0.0,0.026,1.0408340855860843e-17,0.0,8.3448306573467e-19,1
2012-07-12 14:30:00+00:00,0.04896015,0.162698293962875,0.05090753996624999,0.044,0.165,5.567236843473682,5.5672368,0.06368425399999822,0.0,0.121,1.3877787807814457e-17,0.0,1.1289462001550995e-18,1
2012-07-12 15:00:00+00:00,0.0440832,0.157120270208,0.045836609279999996,0.013,0.147,5.4967105276842085,5.4967105,0.07052634347368247,0.0,0.134,0.0,2.7755575615628914e-17,-6.361107374175389e-19,1
2012-07-12 15:30:00+00:00,0.0434559,0.15640279426475,0.045184358422499994,0.006,0.143,5.424605264526313,5.4246053,0.0721052276842089,0.0,0.137,0.0,2.7755575615628914e-17,-6.270589384196889e-19,1
2012-07-12 16:00:00+00:00,0.04865265,0.16234659006912502,0.050587809153749996,0.006,0.166,5.340394738210524,5.3403947,0.08421056452631337,0.0,0.16,0.0,-0.0,0.0,1
2012-07-12 16:30:00+00:00,0.0466785,0.16008865107125,0.0485351373375,0.0,0.142,5.26565789610526,5.2656579,0.07473683821052379,0.0,0.142,0.0,-0.0,0.0,1
2012-07-12 17:00:00+00:00,0.0426564,0.15548836414099998,0.04435305830999999,0.0,0.149,5.1872368434736815,5.1872368,0.07842109610526027,0.0,0.149,0.0,-0.0,0.0,1
2012-07-12 17:30:00+00:00,0.047478,0.161003081195,0.04936643745,0.0,0.163,5.101447369789471,5.1014474,0.08578944347368189,0.0,0.163,0.0,-0.0,0.0,1
2012-07-12 18:00:00+00:00,0.06528225,0.181366736643125,0.06787885149374999,0.0,0.148,5.023552632947366,5.0235526,0.07789476978947096,0.0,0.148,0.0,-0.0,0.0,1
2012-07-12 18:30:00+00:00,0.0595566,0.17481801014149997,0.061925463764999994,0.0,0.147,4.946184211894734,4.9461842,0.07736843294736584,0.0,0.147,0.0,-0.0,0.0,1
2012-07-12 19:00:00+00:00,0.04814835,0.161769795683375,0.05006345062124999,0.0,0.175,4.85407894873684,4.8540789,0.09210531189473414,0.0,0.175,0.0,-0.0,0.0,1
2012-07-12 19:30:00+00:00,0.0417585,0.15446138877124999,0.043419444337499995,0.0,0.147,4.776710527684208,4.7767105,0.07736844873683957,0.0,0.147,0.0,-0.0,0.0,1
2012-07-12 20:00:00+00:00,0.03849285,0.15072629341962498,0.040023903108749995,0.0,0.55,4.487236843473681,4.4872368,0.2894737276842081,0.0,0.55,0.0,-0.0,0.0,1
2012-07-12 20:30:00+00:00,0.04064535,0.153188220675875,0.042262018796249995,0.0,1.258,3.8251315803157864,3.8251316,0.6621052434736812,0.0,1.258,0.0,-0.0,0.0,1
2012-07-12 21:00:00+00:00,0.03972285,0.152133108994625,0.041302826358749996,0.0,2.392,3.03565789610526,3.0356579,0.7894736803157865,0.0,1.5,0.8919999999999999,0.0,0.06785136661160275,1
2012-07-12 21:30:00+00:00,0.0361374,0.1480322415935,0.037574765084999996,0.0,2.252,2.2461842118947333,2.2461842,0.7894736961052597,0.0,1.5,0.7519999999999998,0.0,0.05566012283915599,1
2012-07-12 22:00:00+00:00,0.0351042,0.14685051651050002,0.036500469555000005,0.0,0.726,1.8640789487368385,1.8640789,0.3821053118947333,0.0,0.726,0.0,-0.0,0.0,1
2012-07-12 22:30:00+00:00,0.0412788,0.153912730697,0.04292066427,0.0,0.363,1.6730263171578912,1.6730263,0.19105264873683847,0.0,0.363,0.0,-0.0,0.0,1
2012-07-12 23:00:00+00:00,0.03574995,0.14758909468737502,0.03717190426125,0.0,0.149,1.5946052645263122,1.5946053,0.07842101715789118,0.0,0.149,0.0,-0.0,0.0,1
2012-07-12 23:30:00+00:00,0.03543015,0.14722332263787502,0.03683938421625,0.0,0.189,1.4951315803157859,1.4951316,0.09947366452631234,0.0,0.189,0.0,-0.0,0.0,1
2012-07-13 00:00:00+00:00,0.0348582,0.09706915339550001,0.036244684905,0.0,0.15,1.4951315803157859,1.4951316,1.9684214036530534e-08,0.0,0.0,0.15,0.0,0.0072801865046625,1
2012-07-13 00:30:00+00:00,0.03461835,0.096794824358375,0.03599529487125,0.0,0.161,1.4951315803157859,1.4951316,1.9684214036530534e-08,0.0,0.0,0.161,0.0,0.007791983360849188,1
2012-07-13 01:00:00+00:00,0.03440925,0.096555665710625,0.03577787791875,0.0,0.179,1.4951315803157859,1.4951316,1.9684214036530534e-08,0.0,0.0,0.179,0.0,0.008641732081100938,1
2012-07-13 01:30:00+00:00,0.034932,0.09715356233000001,0.0363214203,0.0,0.145,1.4951315803157859,1.4951316,1.9684214036530534e-08,0.0,0.0,0.145,0.0,0.007043633268925,1
2012-07-13 02:00:00+00:00,0.0341694,0.09628133667350001,0.035528487885,0.0,0.156,1.8664868415657858,1.8664868,0.37135521968421403,0.78180055,0.0,0.9378005500000001,0.0,0.045146345243571744,1
2012-07-13 02:30:00+00:00,0.0335175,0.09553572441875,0.03485065856249999,0.0,0.176,2.2378421028157858,2.2378421,0.7124999584342142,0.78180055,0.0,0.95780055,0.0,0.04575208469646359,1
2012-07-13 03:00:00+00:00,0.03287175,0.09479714624187499,0.034179223856249996,0.0,0.151,2.7963552728157857,2.7963553,0.7124999971842141,1.1758172,0.0,1.3268172,0.0,0.06288924207231755,1
2012-07-13 03:30:00+00:00,0.02996895,0.09147706148487501,0.03116096498625,0.0,0.14,3.5088552728157856,3.5088553,0.7125000271842143,1.5,0.0,1.6400000000000001,0.0,0.07501119041759752,1
2012-07-13 04:00:00+00:00,0.030504,0.09208902626,0.0317172966,0.0,0.17,4.221355272815785,4.2213553,0.7125000271842143,1.5,0.0,1.67,0.0,0.0768943369271,1
2012-07-13 04:30:00+00:00,0.03149415,0.09322151279787502,0.032746829816249996,0.0,0.136,4.933855272815785,4.9338553,0.7125000271842152,1.5,0.0,1.6360000000000001,0.0,0.07625519746866177,1
2012-07-13 05:00:00+00:00,0.0327672,0.32457756691800005,0.03407051538,0.0,0.149,4.855434220184207,4.8554342,0.07842107281578503,0.0,0.149,0.0,-0.0,0.0,1
2012-07-13 05:30:00+00:00,0.0338619,0.32582963277975,0.0352087570725,0.0,0.167,4.767539483342102,4.7675395,0.08789472018420685,0.0,0.167,0.0,-0.0,0.0,1
2012-07-13 06:00:00+00:00,0.0333822,0.32528097470550005,0.034709977004999996,0.0,0.149,4.689118430710523,4.6891184,0.07842108334210174,0.0,0.149,0.0,-0.0,0.0,1
2012-07-13 06:30:00+00:00,0.03375735,0.325710053455875,0.03510004859625,0.0,0.161,4.60438158860526,4.6043816,0.08473683071052296,0.0,0.161,0.0,-0.0,0.0,1
2012-07-13 07:00:00+00:00,0.0360513,0.32833376450325,0.03748524045749999,0.0,0.168,4.515960535973681,4.5159605,0.08842108860525943,0.0,0.168,0.0,-0.0,0.0,1
2012-07-13 07:30:00+00:00,0.0341694,0.3261813366735001,0.035528487885,0.0,0.177,4.422802641236839,4.4228026,0.09315793597368138,0.0,0.177,0.0,-0.0,0.0,1
2012-07-13 08:00:00+00:00,0.03726285,0.3297194778446251,0.03874497985875,0.0,0.192,4.321750009657891,4.32175,0.10105264123683888,0.0,0.192,0.0,-0.0,0.0,1
2012-07-13 08:30:00+00:00,0.0396183,0.33241352967075005,0.0411941178825,0.0,0.165,4.234907904394733,4.2349079,0.08684210965789152,0.0,0.165,0.0,-0.0,0.0,1
2012-07-13 09:00:00+00:00,0.0389664,0.33166791741600005,0.040516288559999995,0.006,0.137,4.165960535973681,4.1659605,0.06894740439473335,0.0,0.131,0.0,-0.0,0.0,1
2012-07-13 09:30:00+00:00,0.03974745,0.332561245306125,0.04132840482375,0.0,0.153,4.085434220184207,4.0854342,0.08052633597368075,0.0,0.153,0.0,-0.0,0.0,1
2012-07-13 10:00:00+00:00,0.040221,0.33310286930250005,0.041820790275,0.006,0.158,4.005434220184207,4.0054342,0.08000002018420727,0.0,0.152,0.0,-0.0,0.0,1
2012-07-13 10:30:00+00:00,0.0403932,0.333299823483,0.04199983953,0.006,0.142,3.933855272815786,3.9338553,0.0715789201842072,0.0,0.136,0.0,2.7755575615628914e-17,-5.828648609595977e-19,1
2012-07-13 11:00:00+00:00,0.0397782,0.15219641569550002,0.041360377904999995,0.056,0.147,3.8859605359736804,3.8859605,0.04789477281578591,0.0,0.091,0.0,-0.0,0.0,1
2012-07-13 11:30:00+00:00,0.0386343,0.15088807721075,0.040170979282500005,0.075,0.156,3.843328957026312,3.843329,0.04263153597368019,0.0,0.081,0.0,-0.0,0.0,1
2012-07-13 12:00:00+00:00,0.03836985,0.15058561186212502,0.03989601078374999,0.069,0.143,3.8043815886052594,3.8043816,0.03894735702631191,0.0,0.074,0.0,1.3877787807814457e-17,-2.7683418601757986e-19,1
2012-07-13 12:30:00+00:00,0.0380193,0.15018466942325,0.039531517657499994,0.244,0.153,3.8476065886052595,3.8476066,0.043225011394740775,0.091,0.0,0.0,-0.0,0.0,1
2012-07-13 13:00:00+00:00,0.0378225,0.14995957893125,0.0393268899375,0.488,0.519,3.831290799131575,3.8312908,0.016315788605259396,0.0,0.031,2.7755575615628914e-17,0.0,2.081107216157091e-18,1
2012-07-13 13:30:00+00:00,0.03747195,0.149558636492375,0.038962396811249994,0.338,0.528,3.731290799131575,3.7312908,0.0999999991315752,0.0,0.19,0.0,-0.0,0.0,1
2012-07-13 14:00:00+00:00,0.03695535,0.14896777395087502,0.03842524904625,0.25,0.148,3.779740799131575,3.7797408,0.04845000086842477,0.102,0.0,0.0,-0.0,0.0,1
2012-07-13 14:30:00+00:00,0.03605745,0.147940798581125,0.037491635073749995,0.231,0.154,3.816315799131575,3.8163158,0.03657500086842491,0.077,0.0,0.0,2.7755575615628914e-17,-5.203009561215165e-19,1
2012-07-13 15:00:00+00:00,0.0361251,0.14801817343775,0.03756197585249999,0.031,0.137,3.7605263254473646,3.7605263,0.05578949913157505,0.0,0.106,1.3877787807814457e-17,0.0,1.0270824013346864e-18,1
2012-07-13 15:30:00+00:00,0.03502425,0.146759073498125,0.036417339543749996,0.075,0.15,3.7210526412368385,3.7210526,0.039473725447364494,0.0,0.075,0.0,-0.0,0.0,1
2012-07-13 16:00:00+00:00,0.03600825,0.14788452595812498,0.03744047814375,0.006,0.158,3.6410526412368385,3.6410526,0.08000004123683846,0.0,0.152,0.0,-0.0,0.0,1
2012-07-13 16:30:00+00:00,0.03766875,0.149783726984375,0.03916702453125,0.006,0.142,3.5694736938684173,3.5694737,0.07157894123683839,0.0,0.136,0.0,2.7755575615628914e-17,-5.435516555081509e-19,1
2012-07-13 17:00:00+00:00,0.03852975,0.15076849788687502,0.040062270806249994,0.0,0.164,3.483157904394733,3.4831579,0.08631579386841715,0.0,0.164,0.0,-0.0,0.0,1
2012-07-13 17:30:00+00:00,0.039975,0.1524215061875,0.04156500562499999,0.0,0.168,3.394736851763154,3.3947369,0.08842100439473333,0.0,0.168,0.0,-0.0,0.0,1
2012-07-13 18:00:00+00:00,0.04064535,0.153188220675875,0.042262018796249995,0.0,0.469,3.1478947464999965,3.1478947,0.24684215176315405,0.0,0.469,0.0,-0.0,0.0,1
2012-07-13 18:30:00+00:00,0.03878805,0.15106392915762498,0.04033084468874999,0.0,1.073,2.5831579043947333,2.5831579,0.5647368464999967,0.0,1.073,0.0,-0.0,0.0,1
2012-07-13 19:00:00+00:00,0.0368139,0.14880599015975,0.038278172872499995,0.0,0.654,2.2389473780789437,2.2389474,0.34421050439473344,0.0,0.654,0.0,-0.0,0.0,1
2012-07-13 19:30:00+00:00,0.0352149,0.14697712991225,0.0366155726475,0.0,0.223,2.121578957026312,2.121579,0.11736837807894362,0.0,0.223,0.0,-0.0,0.0,1
2012-07-13 20:00:00+00:00,0.0363465,0.14827140024125,0.0377921820375,0.0,0.239,1.9957894833421015,1.9957895,0.12578945702631184,0.0,0.239,0.0,-0.0,0.0,1
2012-07-13 20:30:00+00:00,0.0359652,0.147835287413,0.03739571583,0.0,0.235,1.8721052728157856,1.8721053,0.1236841833421014,0.0,0.235,0.0,-0.0,0.0,1
2012-07-13 21:00:00+00:00,0.03636495,0.14829250247487502,0.037811365886250003,0.0,0.284,1.7226315886052594,1.7226316,0.14947367281578572,0.0,0.284,0.0,-0.0,0.0,1
2012-07-13 21:30:00+00:00,0.03460605,0.146280756202625,0.03598250563875,0.0,0.249,1.5915789570263121,1.591579,0.13105258860525937,0.0,0.249,0.0,-0.0,0.0,1
2012-07-13 22:00:00+00:00,0.0340218,0.1456125188045,0.035375017094999996,0.0,0.222,1.4747368517631543,1.4747369,0.11684205702631223,0.0,0.222,0.0,-0.0,0.0,1
2012-07-13 22:30:00+00:00,0.0387819,0.15105689507975,0.0403244500725,0.0,0.365,1.2826315886052595,1.2826316,0.1921052517631543,0.0,0.365,0.0,-0.0,0.0,1
2012-07-13 23:00:00+00:00,0.03570075,0.14753282206437499,0.037120747331249995,0.0,0.285,1.1326315886052596,1.1326316,0.14999998860525943,0.0,0.285,0.0,-0.0,0.0,1
2012-07-13 23:30:00+00:00,0.0363957,0.14832767286425003,0.0378433389675,0.0,0.252,1.0000000096578912,1.0,0.1326315886052596,0.0,0.252,0.0,-0.0,0.0,1
2012-07-14 00:00:00+00:00,0.03524565,0.09751230030162501,0.03664754572875,0.0,0.225,1.587500007157891,1.5875,0.4799394903421088,1.2368421,0.0,1.4618421000000001,0.0,0.07127379292437908,1
2012-07-14 00:30:00+00:00,0.03427395,0.096400915997375,0.03563719636125,0.0,0.632,2.300000007157891,2.3,0.7124999928421087,1.5,0.0,2.132,0.0,0.10276337645320176,1
2012-07-14 01:00:00+00:00,0.03424935,0.096372779685875,0.035611617896249996,0.0,0.69,3.012500007157891,3.0125,0.7124999928421092,1.5,0.0,2.19,0.0,0.10552819375603312,1
2012-07-14 01:30:00+00:00,0.03421245,0.09633057521862502,0.035573250198749996,0.0,0.386,3.725000007157891,3.725,0.7124999928421092,1.5,0.0,1.8860000000000001,0.0,0.0908397324311634,1
2012-07-14 02:00:00+00:00,0.03256425,0.09444544234812502,0.03385949304375,0.0,0.179,4.43750000715789,4.4375,0.7124999928421092,1.5,0.0,1.679,0.0,0.07928694885125095,1
2012-07-14 02:30:00+00:00,0.03261345,0.09450171497112501,0.03391064997375,0.0,0.143,5.150000007157891,5.15,0.7124999928421101,1.5,0.0,1.643,0.0,0.0776331588487792,1
2012-07-14 03:00:00+00:00,0.03209685,0.09391085242962502,0.033373502208749996,0.0,0.146,5.862500007157891,5.8625,0.7124999928421092,1.5,0.0,1.646,0.0,0.07728863154958139,1
2012-07-14 03:30:00+00:00,0.03190005,0.093685761937625,0.03316887448875,0.0,0.168,6.575000007157891,6.575,0.7124999928421092,1.5,0.0,1.668,0.0,0.07813392545597925,1
2012-07-14 04:00:00+00:00,0.0313281,0.09303159269524999,0.0325741751775,0.0,0.145,7.287500007157892,7.2875,0.7124999928421083,1.5,0.0,1.645,0.0,0.07651848499184312,1
2012-07-14 04:30:00+00:00,0.0312174,0.09290497929350001,0.032459072085,0.0,0.141,8.0,8.0,0.7124999928421083,1.5,0.0,1.641,0.0,0.07622853551031676,1
2012-07-14 05:00:00+00:00,0.0310452,0.322608025113,0.03228002283,0.0,0.177,7.9068421052631574,7.9068421,0.09315789999999957,0.0,0.177,0.0,-0.0,0.0,1
2012-07-14 05:30:00+00:00,0.03129735,0.32289642230587506,0.03254220209625,0.0,0.15,7.827894736842105,7.8278947,0.07894740526315758,0.0,0.15,0.0,-0.0,0.0,1
2012-07-14 06:00:00+00:00,0.0308484,0.32238293462100004,0.03207539511,0.0,0.151,7.748421052631579,7.7484211,0.0794736368421054,0.0,0.151,0.0,-0.0,0.0,1
2012-07-14 06:30:00+00:00,0.02969835,0.32106756205837506,0.030879601871249995,0.0,0.165,7.661578947368421,7.6615789,0.08684215263157835,0.0,0.165,0.0,-0.0,0.0,1
2012-07-14 07:00:00+00:00,0.0318693,0.32355059154825005,0.0331369014075,0.0,0.143,7.586315789473684,7.5863158,0.07526314736842021,0.0,0.143,0.0,-0.0,0.0,1
2012-07-14 07:30:00+00:00,0.03356055,0.325484962963875,0.03489542087625,0.0,0.152,7.506315789473684,7.5063158,0.07999998947368336,0.0,0.152,0.0,-0.0,0.0,1
2012-07-14 08:00:00+00:00,0.0344646,0.3265189724115001,0.03583542946499999,0.0,0.161,7.42157894736842,7.4215789,0.08473688947368352,0.0,0.161,0.0,-0.0,0.0,1
2012-07-14 08:30:00+00:00,0.0344646,0.3265189724115001,0.03583542946499999,0.006,0.138,7.3521052631578945,7.3521053,0.06947364736842054,0.0,0.132,0.0,-0.0,0.0,1
2012-07-14 09:00:00+00:00,0.03439695,0.32644159755487506,0.03576508868625,0.0,0.152,7.272105263157894,7.2721053,0.0799999631578947,0.0,0.152,0.0,-0.0,0.0,1
2012-07-14 09:30:00+00:00,0.0359283,0.32819308294575006,0.0373573481325,0.006,0.293,7.121052631578947,7.1210526,0.15105266315789478,0.0,0.287,0.0,-0.0,0.0,1
2012-07-14 10:00:00+00:00,0.0372567,0.3297124437667501,0.03873858524249999,0.006,0.485,6.868947368421052,6.8689474,0.2521052315789474,0.0,0.479,0.0,-0.0,0.0,1
2012-07-14 10:30:00+00:00,0.0358176,0.32806646954400004,0.03724224504,0.006,0.285,6.722105263157895,6.7221053,0.1468420684210523,0.0,0.279,0.0,5.551115123125783e-17,-1.0336799483035008e-18,1
2012-07-14 11:00:00+00:00,0.03442155,0.146069733866375,0.035790667151250004,0.044,0.213,6.633157894736842,6.6331579,0.08894736315789498,0.0,0.169,0.0,2.7755575615628914e-17,-4.966952842251627e-19,1
2012-07-14 11:30:00+00:00,0.0344154,0.1460626997885,0.035784272534999995,0.044,0.266,6.516315789473683,6.5163158,0.1168420947368416,0.0,0.222,2.7755575615628914e-17,0.0,2.0270271543013086e-18,1
2012-07-14 12:00:00+00:00,0.03433545,0.145971256776125,0.03570114252375,0.094,0.413,6.348421052631578,6.3484211,0.16789468947368302,0.0,0.319,0.0,5.551115123125783e-17,-9.90905760882288e-19,1
2012-07-14 12:30:00+00:00,0.0343908,0.146034563477,0.03575869406999999,0.219,0.336,6.286842105263157,6.2868421,0.06157895263157798,0.0,0.117,1.3877787807814457e-17,0.0,1.0133183422703085e-18,1
2012-07-14 13:00:00+00:00,0.03439695,0.14604159755487503,0.03576508868625,0.531,0.188,6.449767105263158,6.4497671,0.16292499473684252,0.343,0.0,0.0,-0.0,0.0,1
2012-07-14 13:30:00+00:00,0.0340095,0.14559845064875,0.0353622278625,0.444,0.311,6.512942105263158,6.5129421,0.0631749947368423,0.133,0.0,0.0,-0.0,0.0,1
2012-07-14 14:00:00+00:00,0.03390495,0.145478871324875,0.03525351938625,0.488,0.245,6.628367105263158,6.6283671,0.1154249947368422,0.243,0.0,0.0,-0.0,0.0,1
2012-07-14 14:30:00+00:00,0.0339357,0.14551404171425,0.0352854924675,0.425,0.178,6.745692105263158,6.7456921,0.11732499473684221,0.247,0.0,0.0,-0.0,0.0,1
2012-07-14 15:00:00+00:00,0.03394185,0.145521075792125,0.03529188708375,0.394,0.199,6.838317105263158,6.8383171,0.09262499473684205,0.195,0.0,0.0,-0.0,0.0,1
2012-07-14 15:30:00+00:00,0.03394185,0.145521075792125,0.03529188708375,0.344,0.319,6.850192105263158,6.8501921,0.011874994736841948,0.025,0.0,5.551115123125783e-17,0.0,4.039021222815992e-18,1
2012-07-14 16:00:00+00:00,0.03404025,0.145633621038125,0.035394200943749995,0.275,0.719,6.722631578947369,6.7226316,0.12756050526315832,0.0,0.242365,0.20163499999999995,0.0,0.014682417589011162,1
2012-07-14 16:30:00+00:00,0.03464295,0.146322960669875,0.03602087333625,0.044,0.43,6.519473684210527,6.5194737,0.20315787894736914,0.0,0.386,0.0,-0.0,0.0,1
2012-07-14 17:00:00+00:00,0.03672165,0.148700478991625,0.038182253628749996,0.0,0.362,6.328947368421053,6.3289474,0.1905262842105273,0.0,0.362,0.0,-0.0,0.0,1
2012-07-14 17:30:00+00:00,0.03729975,0.149361682311875,0.03878334755625,0.0,1.899,5.5394736842105265,5.5394737,0.7894736684210528,0.0,1.5,0.399,0.0,0.02979765562121906,1
2012-07-14 18:00:00+00:00,0.04129725,0.153933832930625,0.04293984811875,0.0,0.604,5.221578947368421,5.2215789,0.31789478421052664,0.0,0.604,0.0,-0.0,0.0,1
2012-07-14 18:30:00+00:00,0.0409836,0.153575094959,0.04261372269,0.0,1.348,4.512105263157895,4.5121053,0.7094736473684211,0.0,1.348,0.0,-0.0,0.0,1
2012-07-14 19:00:00+00:00,0.03967365,0.152076836371625,0.04125166942875,0.0,1.163,3.9,3.9,0.6121052631578947,0.0,1.163,0.0,-0.0,0.0,1
2012-07-14 19:30:00+00:00,0.03729975,0.149361682311875,0.03878334755625,0.0,1.233,3.251052631578947,3.2510526,0.6489474,0.0,1.233,0.0,-0.0,0.0,1
2012-07-14 20:00:00+00:00,0.03451995,0.146182279112375,0.03589298101125,0.0,0.894,2.7805263157894733,2.7805263,0.47052633157894697,0.0,0.894,0.0,-0.0,0.0,1
2012-07-14 20:30:00+00:00,0.0345753,0.14624558581325,0.0359505325575,0.0,0.208,2.671052631578947,2.6710526,0.1094737157894734,0.0,0.208,0.0,-0.0,0.0,1
2012-07-14 21:00:00+00:00,0.03439695,0.14604159755487503,0.03576508868625,0.0,0.222,2.554210526315789,2.5542105,0.11684213157894696,0.0,0.222,0.0,-0.0,0.0,1
2012-07-14 21:30:00+00:00,0.0343908,0.146034563477,0.03575869406999999,0.0,0.195,2.4515789473684206,2.4515789,0.10263162631578915,0.0,0.195,0.0,-0.0,0.0,1
2012-07-14 22:00:00+00:00,0.0342924,0.14592201823099998,0.03565638021,0.0,0.752,2.05578947368421,2.0557895,0.3957894473684207,0.0,0.752,0.0,-0.0,0.0,1
2012-07-14 22:30:00+00:00,0.03444615,0.146097870177875,0.03581624561625,0.0,0.679,1.6984210526315784,1.6984211,0.35736837368420993,0.0,0.679,0.0,-0.0,0.0,1
2012-07-14 23:00:00+00:00,0.0343785,0.14602049532125,0.035745904837499995,0.0,0.669,1.3463157894736837,1.3463158,0.35210525263157844,0.0,0.669,0.0,-0.0,0.0,1
2012-07-14 23:30:00+00:00,0.03447075,0.14612600648937502,0.03584182408125,0.0,0.658,1.0,1.0,0.3463157894736837,0.0,0.658,0.0,-0.0,0.0,1
2012-07-15 00:00:00+00:00,0.03451995,0.09668227911237502,0.03589298101125,0.0,0.374,1.0,1.0,0.08780919999999992,0.0,0.0,0.374,0.0,0.01807958619401413,1
2012-07-15 00:30:00+00:00,0.0343785,0.09652049532125001,0.035745904837499995,0.0,0.14,1.52978289,1.5297829,0.5297829000000001,1.1153324,0.0,1.2553324,0.0,0.06058265252040677,1
2012-07-15 01:00:00+00:00,0.0342555,0.09637981376375002,0.035618012512500005,0.0,0.143,2.24228289,2.2422829,0.7125000100000003,1.5,0.0,1.643,0.0,0.07917601700692065,1
2012-07-15 01:30:00+00:00,0.03381885,0.09588039423462501,0.03516399475874999,0.0,0.162,2.9547828899999997,2.9547829,0.7125000100000003,1.5,0.0,1.662,0.0,0.07967660760897338,1
2012-07-15 02:00:00+00:00,0.03326535,0.095247327225875,0.034588479296249995,0.0,0.146,3.6672828899999996,3.6672829,0.7125000100000003,1.5,0.0,1.646,0.0,0.07838855030689512,1
2012-07-15 02:30:00+00:00,0.0311313,0.09280650220325001,0.032369547457499995,0.0,0.144,4.3797828899999995,4.3797829,0.7125000100000007,1.5,0.0,1.644,0.0,0.07628694481107151,1
2012-07-15 03:00:00+00:00,0.03159255,0.093334058043875,0.03284914367625,0.0,0.172,5.09228289,5.0922829,0.7125000100000003,1.5,0.0,1.672,0.0,0.07802727252467949,1
2012-07-15 03:30:00+00:00,0.0308361,0.09246886646525002,0.0320626058775,0.0,0.253,5.80478289,5.8047829,0.7125000100000003,1.5,0.0,1.7530000000000001,0.0,0.08104896145679165,1
2012-07-15 04:00:00+00:00,0.0300612,0.091582572653,0.03125688423,0.0,0.192,6.517282890000001,6.5172829,0.7125000099999994,1.5,0.0,1.692,0.0,0.077478856464438,1
2012-07-15 04:30:00+00:00,0.03046095,0.09203978771487499,0.03167253428625,0.0,0.17,7.229782890000001,7.2297829,0.7125000099999994,1.5,0.0,1.67,0.0,0.07685322274192061,1
2012-07-15 05:00:00+00:00,0.02870205,0.31992804144262504,0.029843674038749997,0.0,0.151,7.150309205789474,7.1503092,0.07947369000000126,0.0,0.151,0.0,-0.0,0.0,1
2012-07-15 05:30:00+00:00,0.03016575,0.32160215197687503,0.03136559270625,0.0,1.097,6.572940784736843,6.5729408,0.5773684057894748,0.0,1.097,0.0,-0.0,0.0,1
2012-07-15 06:00:00+00:00,0.0262113,0.31707923990325004,0.027253854457499997,0.0,0.66,6.225572363684211,6.2255724,0.34736838473684273,0.0,0.66,0.0,-0.0,0.0,1
2012-07-15 06:30:00+00:00,0.027921,0.3190347135525,0.029031557774999998,0.0,0.553,5.934519732105264,5.9345197,0.29105266368421123,0.0,0.553,0.0,-0.0,0.0,1
2012-07-15 07:00:00+00:00,0.030996,0.32255175249000007,0.0322288659,0.0,0.139,5.861361837368422,5.8613618,0.07315793210526422,0.0,0.139,0.0,-0.0,0.0,1
2012-07-15 07:30:00+00:00,0.0313773,0.3229878653182501,0.032625332107499995,0.0,0.163,5.775572363684212,5.7755724,0.08578943736842248,0.0,0.163,0.0,-0.0,0.0,1
2012-07-15 08:00:00+00:00,0.03223215,0.323965602142875,0.03351418376625,0.0,0.142,5.700835521578949,5.7008355,0.07473686368421184,0.0,0.142,0.0,-0.0,0.0,1
2012-07-15 08:30:00+00:00,0.03445845,0.326511938333625,0.035829034848750003,0.0,0.135,5.629782890000001,5.6297829,0.0710526215789482,0.0,0.135,0.0,-0.0,0.0,1
2012-07-15 09:00:00+00:00,0.03411405,0.326118029972625,0.035470936338749995,0.0,0.166,5.54241446894737,5.5424145,0.08736839000000174,0.0,0.166,0.0,-0.0,0.0,1
2012-07-15 09:30:00+00:00,0.0344646,0.3265189724115001,0.03583542946499999,0.006,0.143,5.470309205789475,5.4703092,0.0721052689473698,0.0,0.137,0.0,2.7755575615628914e-17,-4.973164861171718e-19,1
2012-07-15 10:00:00+00:00,0.03451995,0.32658227911237503,0.03589298101125,0.006,0.138,5.400835521578949,5.4008355,0.06947370578947432,0.0,0.132,0.0,-0.0,0.0,1
2012-07-15 10:30:00+00:00,0.0344523,0.32650490425575,0.035822640232499994,0.006,0.162,5.318730258421054,5.3187303,0.0821052215789484,0.0,0.156,0.0,-0.0,0.0,1
2012-07-15 11:00:00+00:00,0.03443385,0.146083802022125,0.03580345638375,0.006,0.14,5.24820394263158,5.2482039,0.07052635842105381,0.0,0.134,0.0,-0.0,0.0,1
2012-07-15 11:30:00+00:00,0.03417555,0.145788370751375,0.03553488250125,0.019,0.141,5.183993416315791,5.1839934,0.06421054263157977,0.0,0.122,0.0,1.3877787807814457e-17,-2.4657277956398325e-19,1
2012-07-15 12:00:00+00:00,0.0341202,0.1457250640505,0.035477330955000004,0.056,0.158,5.130309205789475,5.1303092,0.05368421631579068,0.0,0.102,1.3877787807814457e-17,0.0,1.011170758586505e-18,1
2012-07-15 12:30:00+00:00,0.03394185,0.145521075792125,0.03529188708375,0.431,0.135,5.270909205789475,5.2709092,0.14059999421052538,0.296,0.0,0.0,-0.0,0.0,1
2012-07-15 13:00:00+00:00,0.03388035,0.145450735013375,0.03522794092124999,0.513,0.136,5.449984205789475,5.4499842,0.17907499421052542,0.377,0.0,0.0,-0.0,0.0,1
2012-07-15 13:30:00+00:00,0.03360975,0.145141235586875,0.03494657780625,0.506,0.151,5.6186092057894745,5.6186092,0.1686249942105249,0.355,0.0,0.0,-0.0,0.0,1
2012-07-15 14:00:00+00:00,0.0338865,0.14545776909125002,0.0352343355375,0.488,0.144,5.782009205789475,5.7820092,0.16339999421052553,0.344,0.0,0.0,-0.0,0.0,1
2012-07-15 14:30:00+00:00,0.0332961,0.14478249761525003,0.0346204523775,0.456,0.135,5.934484205789475,5.9344842,0.15247499421052524,0.321,0.0,0.0,-0.0,0.0,1
2012-07-15 15:00:00+00:00,0.0336036,0.145134201509,0.034940183189999995,0.419,0.147,6.063684205789475,6.0636842,0.1291999942105253,0.272,0.0,5.551115123125783e-17,0.0,4.0282833043969734e-18,1
2012-07-15 15:30:00+00:00,0.0340464,0.14564065511600002,0.03540059556,0.369,0.371,6.062631574210528,6.0626316,0.0010526057894750807,0.0,0.002,1.734723475976807e-18,0.0,1.2632313174318346e-19,1
2012-07-15 16:00:00+00:00,0.03431085,0.14594312046462501,0.03567556405875,0.3,0.815,5.79157894263158,5.7915789,0.2710526742105275,0.0,0.515,0.0,1.1102230246251565e-16,-1.9803916317256974e-18,1
2012-07-15 16:30:00+00:00,0.0344523,0.14610490425574998,0.035822640232499994,0.05,0.741,5.427894732105265,5.4278947,0.36368424263157983,0.0,0.691,0.0,-0.0,0.0,1
2012-07-15 17:00:00+00:00,0.03677085,0.148756751614625,0.03823341055875,0.0,1.276,4.756315784736843,4.7563158,0.6715789321052643,0.0,1.276,0.0,-0.0,0.0,1
2012-07-15 17:30:00+00:00,0.04092825,0.153511788258125,0.042556171143749995,0.0,1.265,4.090526311052633,4.0905263,0.6657894847368437,0.0,1.265,0.0,-0.0,0.0,1
2012-07-15 18:00:00+00:00,0.0563094,0.1711040170235,0.058549106385,0.0,1.084,3.5199999952631593,3.52,0.5705263110526331,0.0,1.084,0.0,-0.0,0.0,1
2012-07-15 18:30:00+00:00,0.05283465,0.167129763024125,0.05493614820374999,0.0,1.204,2.8863157847368432,2.8863158,0.6336841952631591,0.0,1.204,0.0,-0.0,0.0,1
2012-07-15 19:00:00+00:00,0.04690605,0.16034891195262502,0.04877173813874999,0.0,0.851,2.438421047894738,2.438421,0.4478947847368433,0.0,0.851,0.0,-0.0,0.0,1
2012-07-15 19:30:00+00:00,0.0440217,0.15704992942924997,0.04577266311749999,0.0,0.604,2.1205263110526325,2.1205263,0.31789474789473804,0.0,0.604,0.0,-0.0,0.0,1
2012-07-15 20:00:00+00:00,0.04156785,0.154243332357125,0.04322121123375,0.0,0.307,1.9589473636842114,1.9589474,0.16157891105263245,0.0,0.307,0.0,-0.0,0.0,1
2012-07-15 20:30:00+00:00,0.0418815,0.15460207032875,0.0435473366625,0.0,0.268,1.817894732105264,1.8178947,0.14105266368421132,0.0,0.268,0.0,-0.0,0.0,1
2012-07-15 21:00:00+00:00,0.0406146,0.1531530502865,0.042230045715,0.0,0.401,1.6068421005263167,1.6068421,0.21105263210526415,0.0,0.401,0.0,-0.0,0.0,1
2012-07-15 21:30:00+00:00,0.03806235,0.150233907968375,0.03957627997125,0.0,0.274,1.4626315742105271,1.4626316,0.1442105005263168,0.0,0.274,0.0,-0.0,0.0,1
2012-07-15 22:00:00+00:00,0.0350058,0.1467379712645,0.036398155695,0.0,0.255,1.3284210478947376,1.328421,0.13421057421052707,0.0,0.255,0.0,-0.0,0.0,1
2012-07-15 22:30:00+00:00,0.0370968,0.14912955774199999,0.038572325219999995,0.0,0.238,1.2031578900000008,1.2031579,0.1252631478947377,0.0,0.238,0.0,-0.0,0.0,1
2012-07-15 23:00:00+00:00,0.0357807,0.14762426507675,0.0372038773425,0.0,0.242,1.0757894689473693,1.0757895,0.1273683900000009,0.0,0.242,0.0,-0.0,0.0,1
2012-07-15 23:30:00+00:00,0.0349566,0.14668169864150002,0.036346998765,0.0,0.144,1.0000000005263165,1.0,0.07578946894736927,0.0,0.14399999,9.999999994736442e-09,0.0,7.334084928214663e-10,1
2012-07-16 00:00:00+00:00,0.03432315,0.096457188620375,0.035688353291249995,0.0,0.166,1.7125000005263165,1.7125,0.7124999994736834,1.5,0.0,1.666,0.0,0.08034883812077237,1
2012-07-16 00:30:00+00:00,0.03391725,0.09599293948062503,0.03526630861875,0.0,0.15,2.4250000005263166,2.425,0.7124999994736834,1.5,0.0,1.65,0.0,0.07919417507151565,1
2012-07-16 01:00:00+00:00,0.0343293,0.09646422269825002,0.0356947479075,0.0,0.147,3.0124999980263167,3.0125,0.5874999994736836,1.2368421,0.0,1.3838421,0.0,0.06674562625680698,1
2012-07-16 01:30:00+00:00,0.033948,0.09602810987000002,0.035298281699999996,0.0,0.159,3.7249999980263166,3.725,0.7125000019736834,1.5,0.0,1.659,0.0,0.07965531713716502,1
2012-07-16 02:00:00+00:00,0.03330225,0.09528953169312501,0.034626846993749995,0.0,0.156,4.437499998026317,4.4375,0.7125000019736834,1.5,0.0,1.656,0.0,0.07889973224190751,1
2012-07-16 02:30:00+00:00,0.0323613,0.09421331777825001,0.0336484707075,0.0,0.143,5.149999998026317,5.15,0.7125000019736838,1.5,0.0,1.643,0.0,0.07739624055483238,1
2012-07-16 03:00:00+00:00,0.0321276,0.09394602281900001,0.03340547529,0.0,0.168,5.862499998026317,5.8625,0.7125000019736829,1.5,0.0,1.668,0.0,0.07835098303104601,1
2012-07-16 03:30:00+00:00,0.0312912,0.09298938822800001,0.03253580748,0.0,0.142,6.574999998026318,6.575,0.7125000019736829,1.5,0.0,1.642,0.0,0.076344287735188,1
2012-07-16 04:00:00+00:00,0.03089145,0.09253217316612501,0.03212015742375,0.0,0.144,7.287499998026318,7.2875,0.712500001973682,1.5,0.0,1.644,0.0,0.07606144634255475,1
2012-07-16 04:30:00+00:00,0.0330747,0.09502927081175,0.034390246192499994,0.0,0.311,7.999999998026318,8.0,0.712500001973682,1.5,0.0,1.811,0.0,0.08604900472003962,1
2012-07-16 05:00:00+00:00,0.034071,0.3260687914275,0.035426174025,0.0,0.648,7.658947366447371,7.6589474,0.3410525980263186,0.0,0.648,0.0,-0.0,0.0,1
2012-07-16 05:30:00+00:00,0.0347721,0.32687067630525,0.0361551602775,0.0,0.566,7.361052629605266,7.3610526,0.2978947664473708,0.0,0.566,0.0,-0.0,0.0,1
2012-07-16 06:00:00+00:00,0.0349935,0.32712390310875006,0.0363853664625,0.0,0.161,7.276315787500002,7.2763158,0.08473682960526574,0.0,0.161,0.0,-0.0,0.0,1
2012-07-16 06:30:00+00:00,0.03774255,0.33026813591887505,0.039243759926249996,0.0,0.319,7.108421050657897,7.1084211,0.16789468750000225,0.0,0.319,0.0,-0.0,0.0,1
2012-07-16 07:00:00+00:00,0.042804,0.33605718201,0.0445065291,0.0,0.769,6.703684208552634,6.7036842,0.40473685065789766,0.0,0.769,0.0,-0.0,0.0,1
2012-07-16 07:30:00+00:00,0.04277325,0.33602201162062506,0.04447455601874999,0.0,0.893,6.233684208552634,6.2336842,0.4700000085526339,0.0,0.893,0.0,-0.0,0.0,1
2012-07-16 08:00:00+00:00,0.04704135,0.34090366166587505,0.04891241969625,0.0,0.975,5.720526313815792,5.7205263,0.5131579085526337,0.0,0.975,0.0,-0.0,0.0,1
2012-07-16 08:30:00+00:00,0.0483267,0.34237378394175005,0.0502488944925,0.0,0.643,5.382105261184213,5.3821053,0.3384210138157915,0.0,0.643,0.0,-0.0,0.0,1
2012-07-16 09:00:00+00:00,0.04705365,0.34091772982162505,0.04892520892875,0.0,0.661,5.034210524342107,5.0342105,0.3478947611842127,0.0,0.661,0.0,-0.0,0.0,1
2012-07-16 09:30:00+00:00,0.0467646,0.3405871281615,0.048624661964999996,0.006,0.684,4.67736841907895,4.6773684,0.3568421243421076,0.0,0.678,0.0,-0.0,0.0,1
2012-07-16 10:00:00+00:00,0.04634025,0.34010177678812503,0.04818343344374999,0.006,0.456,4.440526313815792,4.4405263,0.2368421190789496,0.0,0.45,0.0,-0.0,0.0,1
2012-07-16 10:30:00+00:00,0.0456576,0.3393209941440001,0.04747363104,0.006,0.135,4.372631576973687,4.3726316,0.06789471381579215,0.0,0.129,0.0,-0.0,0.0,1
2012-07-16 11:00:00+00:00,0.0416601,0.15434884352525,0.04331713047749999,0.013,0.166,4.292105261184213,4.2921053,0.08052627697368653,0.0,0.153,0.0,-0.0,0.0,1
2012-07-16 11:30:00+00:00,0.04076835,0.153328902233375,0.04238991112125,0.013,0.138,4.292105261184213,4.2921053,3.8815787029022886e-08,0.0,0.0,0.125,0.0,0.009583056389585938,1
2012-07-16 12:00:00+00:00,0.03978435,0.152203449773375,0.041366772521250005,0.044,0.136,4.292105261184213,4.2921053,3.8815787029022886e-08,0.0,0.0,0.09200000000000001,0.0,0.00700135868957525,1
2012-07-16 12:30:00+00:00,0.03605745,0.147940798581125,0.037491635073749995,0.413,0.161,4.411805261184213,4.4118053,0.11970003881578695,0.252,0.0,5.551115123125783e-17,0.0,4.1061820216549414e-18,1
2012-07-16 13:00:00+00:00,0.0344892,0.14614710872300002,0.035861007929999994,0.5,0.135,4.585180261184213,4.5851803,0.17337503881578709,0.365,0.0,0.0,-0.0,0.0,1
2012-07-16 13:30:00+00:00,0.0347721,0.14647067630525,0.0361551602775,0.494,0.134,4.756180261184213,4.7561803,0.1710000388157864,0.36,0.0,0.0,-0.0,0.0,1
2012-07-16 14:00:00+00:00,0.0346245,0.14630185843625002,0.0360016894875,0.475,0.161,4.905330261184213,4.9053303,0.1491500388157867,0.314,0.0,0.0,-0.0,0.0,1
2012-07-16 14:30:00+00:00,0.0342555,0.14587981376375,0.035618012512500005,0.45,0.136,5.054480261184213,5.0544803,0.1491500388157867,0.314,0.0,0.0,-0.0,0.0,1
2012-07-16 15:00:00+00:00,0.034194,0.14580947298500002,0.03555406635,0.413,0.137,5.185580261184213,5.1855803,0.13110003881578702,0.276,0.0,5.551115123125783e-17,0.0,4.0470258529101694e-18,1
2012-07-16 15:30:00+00:00,0.0340587,0.14565472327175,0.035413384792499995,0.363,0.163,5.2805802611842125,5.2805803,0.09500003881578678,0.2,0.0,0.0,-0.0,0.0,1
2012-07-16 16:00:00+00:00,0.034686,0.146372199215,0.03606563565,0.294,0.345,5.2805802611842125,5.2805803,3.8815787029022886e-08,0.0,0.0,0.05099999999999999,0.0,0.003732491079982499,1
2012-07-16 16:30:00+00:00,0.0368262,0.14882005831550002,0.038290962105000007,0.056,0.196,5.2805802611842125,5.2805803,3.8815787029022886e-08,0.0,0.0,0.14,0.0,0.010417404082085002,1
2012-07-16 17:00:00+00:00,0.0376257,0.14973448843925,0.039122262217499995,0.0,1.005,5.2805802611842125,5.2805803,3.8815787029022886e-08,0.0,0.0,1.005,0.0,0.07524158044072311,1
2012-07-16 17:30:00+00:00,0.0412665,0.15389866254125,0.042907875037499994,0.0,2.541,4.491106576973686,4.4911066,0.7894736611842124,0.0,1.5,1.041,0.0,0.08010425385272063,1
2012-07-16 18:00:00+00:00,0.0482898,0.16193157947450001,0.050210526795,0.0,4.223,3.7016328927631594,3.7016329,0.7894736769736861,0.0,1.5,2.723,0.0,0.22046984545453177,1
2012-07-16 18:30:00+00:00,0.04855425,0.162234044823125,0.050485495293749995,0.0,3.731,2.912159208552633,2.9121592,0.7894736927631594,0.0,1.5,2.231,0.0,0.18097207700019594,1
2012-07-16 19:00:00+00:00,0.047355,0.1608623996375,0.049238545125,0.0,1.814,2.1226855243421063,2.1226855,0.7894737085526331,0.0,1.5,0.31400000000000006,0.0,0.025255396743087504,1
2012-07-16 19:30:00+00:00,0.0408114,0.1533781407785,0.042434673434999994,0.0,0.507,2.1226855243421063,2.1226855,2.434210655266611e-08,0.0,0.0,0.507,0.0,0.03888135868734975,1
2012-07-16 20:00:00+00:00,0.0407376,0.153293731844,0.042357938039999994,0.0,1.232,2.1226855243421063,2.1226855,2.434210655266611e-08,0.0,0.0,1.232,0.0,0.094428938815904,1
2012-07-16 20:30:00+00:00,0.0414387,0.15409561672175,0.043086924292499995,0.0,0.484,1.8679486822368432,1.8679487,0.2547368243421064,0.0,0.484,0.0,-0.0,0.0,1
2012-07-16 21:00:00+00:00,0.0408114,0.1533781407785,0.042434673434999994,0.0,0.745,1.479999998026317,1.48,0.3879486822368432,0.0,0.7371025,0.007897500000000002,0.0,0.0006056519333991021,1
2012-07-16 21:30:00+00:00,0.0380439,0.15021280573475002,0.039557096122499996,0.0,0.705,1.479999998026317,1.48,1.9736829948158174e-09,0.0,0.0,0.705,0.0,0.052950014021499375,1
2012-07-16 22:00:00+00:00,0.03562695,0.147448413129875,0.03704401193624999,0.0,0.725,1.479999998026317,1.48,1.9736829948158174e-09,0.0,0.0,0.725,0.0,0.05345004975957968,1
2012-07-16 22:30:00+00:00,0.0438864,0.156895179716,0.04563198156,0.0,0.912,1.0,1.0,0.479999998026317,0.0,0.912,0.0,-0.0,0.0,1
2012-07-16 23:00:00+00:00,0.0363465,0.14827140024125,0.0377921820375,0.0,0.359,1.0,1.0,0.0,0.0,0.0,0.359,0.0,0.02661471634330437,1
2012-07-16 23:30:00+00:00,0.0352641,0.14703340253525,0.036666729577499994,0.0,0.146,1.0,1.0,0.0,0.0,0.0,0.146,0.0,0.010733438385073249,1
2012-07-17 00:00:00+00:00,0.0357192,0.098053924298,0.037139931179999995,0.0,0.166,1.5874999975000001,1.5875,0.5874999999999999,1.2368421,0.0,1.4028421,0.0,0.06877708653772367,1
2012-07-17 00:30:00+00:00,0.03433545,0.096471256776125,0.03570114252375,0.0,0.146,2.2999999975,2.3,0.7125000024999997,1.5,0.0,1.646,0.0,0.07939584432675087,1
2012-07-17 01:00:00+00:00,0.03436005,0.09649939308762502,0.03572672098875,0.0,0.145,3.0124999975,3.0125,0.7125000025000001,1.5,0.0,1.645,0.0,0.07937075081457158,1
2012-07-17 01:30:00+00:00,0.0342801,0.09640795007524999,0.03564359097749999,0.0,0.154,3.7249999975,3.725,0.7125000025000001,1.5,0.0,1.654,0.0,0.07972937471223174,1
2012-07-17 02:00:00+00:00,0.03406485,0.09616175734962502,0.03541977940875,0.0,0.147,4.4374999975,4.4375,0.7125000025000001,1.5,0.0,1.647,0.0,0.0791892071774162,1
2012-07-17 02:30:00+00:00,0.03343755,0.09544428140637501,0.03476752855125,0.0,0.133,5.1499999975,5.15,0.7125000025000006,1.5,0.0,1.633,0.0,0.0779302557683052,1
2012-07-17 03:00:00+00:00,0.0328779,0.09480418031975,0.0341856184725,0.0,0.16,5.8624999975000005,5.8625,0.7125000024999997,1.5,0.0,1.66,0.0,0.0786874696653925,1
2012-07-17 03:30:00+00:00,0.03204765,0.093854579806625,0.03332234527874999,0.0,0.145,6.574999997500001,6.575,0.7125000024999997,1.5,0.0,1.645,0.0,0.07719539189094907,1
2012-07-17 04:00:00+00:00,0.0319431,0.09373500048275,0.0332136368025,0.0,0.146,7.287499997500001,7.2875,0.7125000024999988,1.5,0.0,1.646,0.0,0.07714390539730324,1
2012-07-17 04:30:00+00:00,0.0319062,0.09369279601550001,0.033175269105,0.0,0.155,7.999999997500002,8.0,0.7125000024999988,1.5,0.0,1.655,0.0,0.07753078870282626,1
2012-07-17 05:00:00+00:00,0.03293325,0.324767487020625,0.03424317001874999,0.0,0.154,7.9189473659210545,7.9189474,0.08105259750000116,0.0,0.154,0.0,-0.0,0.0,1
2012-07-17 05:30:00+00:00,0.0340095,0.32599845064875,0.0353622278625,0.0,0.143,7.843684208026318,7.8436842,0.07526316592105431,0.0,0.143,0.0,-0.0,0.0,1
2012-07-17 06:00:00+00:00,0.03223215,0.323965602142875,0.03351418376625,0.0,0.154,7.762631576447371,7.7626316,0.08105260802631786,0.0,0.154,0.0,-0.0,0.0,1
2012-07-17 06:30:00+00:00,0.03589755,0.32815791255637505,0.03732537505125,0.0,1.644,6.973157892236844,6.9731579,0.7894736764473702,0.0,1.5,0.1439999999999999,0.0,0.023627369704058987,1
2012-07-17 07:00:00+00:00,0.041574,0.33465036643500007,0.043227605849999996,0.0,1.42,6.225789471184212,6.2257895,0.7473683922368437,0.0,1.42,0.0,-0.0,0.0,1
2012-07-17 07:30:00+00:00,0.04426155,0.337724258466375,0.04602205315124999,0.0,0.251,6.093684208026318,6.0936842,0.13210527118421211,0.0,0.251,0.0,-0.0,0.0,1
2012-07-17 08:00:00+00:00,0.0523365,0.34696000271625005,0.0544181842875,0.0,0.176,6.001052629078949,6.0010526,0.0926316080263172,0.0,0.176,0.0,-0.0,0.0,1
2012-07-17 08:30:00+00:00,0.05092815,0.345349198882875,0.05295381716624999,0.0,0.137,5.928947365921054,5.9289474,0.07210522907894923,0.0,0.137,0.0,-0.0,0.0,1
2012-07-17 09:00:00+00:00,0.04312995,0.336429988137375,0.04484544376125,0.0,0.144,5.853157892236844,5.8531579,0.07578946592105407,0.0,0.144,0.0,-0.0,0.0,1
2012-07-17 09:30:00+00:00,0.0414387,0.33449561672175004,0.043086924292499995,0.006,0.158,5.773157892236844,5.7731579,0.07999999223684373,0.0,0.152,0.0,-0.0,0.0,1
2012-07-17 10:00:00+00:00,0.04076835,0.33372890223337504,0.04238991112125,0.006,0.138,5.703684208026318,5.7036842,0.06947369223684419,0.0,0.132,0.0,-0.0,0.0,1
2012-07-17 10:30:00+00:00,0.04025175,0.333138039691875,0.041852763356249996,0.006,0.143,5.631578944868423,5.6315789,0.07210530802631787,0.0,0.137,0.0,2.7755575615628914e-17,-5.808237690287099e-19,1
2012-07-17 11:00:00+00:00,0.03562695,0.147448413129875,0.03704401193624999,0.013,0.155,5.59779605276316,5.5977961,0.03378284486842276,0.0,0.064187495,0.07781250499999999,0.0,0.005736665191955231,1
2012-07-17 11:30:00+00:00,0.03449535,0.146154142800875,0.03586740254625,0.013,0.133,5.59779605276316,5.5977961,4.7236840217124154e-08,0.0,0.0,0.12000000000000001,0.0,0.0087692485680525,1
2012-07-17 12:00:00+00:00,0.0344769,0.14613304056725002,0.035848218697499996,0.031,0.133,5.59779605276316,5.5977961,4.7236840217124154e-08,0.0,0.0,0.10200000000000001,0.0,0.007452785068929752,1
2012-07-17 12:30:00+00:00,0.03442155,0.146069733866375,0.035790667151250004,0.406,0.157,5.7160710527631595,5.7160711,0.1182750472368399,0.249,0.0,0.0,-0.0,0.0,1
2012-07-17 13:00:00+00:00,0.0336651,0.14520454228775,0.035004129352499996,0.5,0.134,5.889921052763159,5.8899211,0.17385004723684006,0.366,0.0,0.0,-0.0,0.0,1
2012-07-17 13:30:00+00:00,0.03364665,0.14518344005412498,0.034984945503749997,0.5,0.134,6.063771052763159,6.0637711,0.17385004723684094,0.366,0.0,0.0,-0.0,0.0,1
2012-07-17 14:00:00+00:00,0.03343755,0.144944281406375,0.03476752855125,0.475,0.58,6.063771052763159,6.0637711,4.7236841105302574e-08,0.0,0.0,0.10499999999999998,0.0,0.0076095747738346865,1
2012-07-17 14:30:00+00:00,0.0330501,0.14450113450025,0.0343646677275,0.456,0.465,6.063771052763159,6.0637711,4.7236841105302574e-08,0.0,0.0,0.009000000000000008,0.0,0.0006502551052511256,1
2012-07-17 15:00:00+00:00,0.03287175,0.144297146241875,0.034179223856249996,0.413,0.134,6.196296052763159,6.1962961,0.13252504723684044,0.279,0.0,5.551115123125783e-17,0.0,4.005050353635825e-18,1
2012-07-17 15:30:00+00:00,0.0331485,0.14461367974624997,0.034466981587499994,0.363,0.148,6.2984210527631594,6.2984211,0.10212504723684024,0.215,0.0,0.0,-0.0,0.0,1
2012-07-17 16:00:00+00:00,0.03376965,0.145324121611625,0.03511283782875,0.294,0.33,6.2984210527631594,6.2984211,4.7236840217124154e-08,0.0,0.0,0.03600000000000003,0.0,0.0026158341890092523,1
2012-07-17 16:30:00+00:00,0.0342678,0.1458938819195,0.035630801744999996,0.056,0.201,6.2984210527631594,6.2984211,4.7236840217124154e-08,0.0,0.0,0.14500000000000002,0.0,0.010577306439163752,1
2012-07-17 17:00:00+00:00,0.03568845,0.14751875390862498,0.03710795809874999,0.0,0.264,6.159473684342107,6.1594737,0.13894735276315906,0.0,0.264,0.0,-0.0,0.0,1
2012-07-17 17:30:00+00:00,0.0417093,0.15440511614825,0.04336828740749999,0.0,2.347,5.37000000013158,5.37,0.7894736843421066,0.0,1.5,0.847,0.0,0.06539056668878387,1
2012-07-17 18:00:00+00:00,0.0576747,0.17266558231174997,0.059968711192499996,0.0,2.371,4.580526315921054,4.5805263,0.7894737001315804,0.0,1.5,0.871,0.0,0.07519586109676711,1
2012-07-17 18:30:00+00:00,0.0560142,0.1707663812855,0.058242164804999996,0.0,2.022,3.791052631710527,3.7910526,0.7894737159210536,0.0,1.5,0.5219999999999998,0.0,0.044570025515515484,1
2012-07-17 19:00:00+00:00,0.04940295,0.16320474756987502,0.051367952336249995,0.0,0.396,3.582631579078948,3.5826316,0.20842103171052706,0.0,0.396,0.0,-0.0,0.0,1
2012-07-17 19:30:00+00:00,0.0443907,0.15747197410174998,0.04615634009249999,0.0,0.755,3.1852631580263164,3.1852632,0.39736837907894795,0.0,0.755,0.0,-0.0,0.0,1
2012-07-17 20:00:00+00:00,0.0453747,0.15859742656175,0.04717947869249999,0.0,0.917,2.702631579078948,2.7026316,0.4826315580263163,0.0,0.917,0.0,-0.0,0.0,1
2012-07-17 20:30:00+00:00,0.04322835,0.156142533383375,0.044947757621249994,0.0,0.737,2.314736842236843,2.3147368,0.3878947790789482,0.0,0.737,0.0,-0.0,0.0,1
2012-07-17 21:00:00+00:00,0.04156785,0.154243332357125,0.04322121123375,0.0,1.455,1.5489473685526323,1.5489474,0.7657894422368428,0.0,1.455,0.0,-0.0,0.0,1
2012-07-17 21:30:00+00:00,0.03694305,0.148953705795125,0.038412459813749994,0.0,0.723,1.1684210527631587,1.1684211,0.3805262685526323,0.0,0.723,0.0,-0.0,0.0,1
2012-07-17 22:00:00+00:00,0.03463065,0.146308892514125,0.03600808410375,0.0,0.469,1.1684210527631587,1.1684211,4.723684132734718e-08,0.0,0.0,0.469,0.0,0.034309435294562304,1
2012-07-17 22:30:00+00:00,0.03715215,0.149192864442875,0.03862987676625,0.0,0.32,1.0000000001315796,1.0,0.16842105276315866,0.0,0.32,0.0,-0.0,0.0,1
2012-07-17 23:00:00+00:00,0.0346614,0.14634406290350002,0.036040057185,0.0,0.178,1.0000000001315796,1.0,1.315796360756849e-10,0.0,0.0,0.178,0.0,0.013024621598411501,1
2012-07-17 23:30:00+00:00,0.03543015,0.14722332263787502,0.03683938421625,0.0,0.168,1.0000000001315796,1.0,1.315796360756849e-10,0.0,0.0,0.168,0.0,0.012366759101581502,1
2012-07-18 00:00:00+00:00,0.03347445,0.09548648587362503,0.03480589624875,0.0,0.142,1.7125000001315795,1.7125,0.7124999998684203,1.5,0.0,1.642,0.0,0.07839440490224614,1
2012-07-18 00:30:00+00:00,0.0337143,0.09576081491075002,0.0350552862825,0.0,0.153,2.4250000001315795,2.425,0.7124999998684203,1.5,0.0,1.653,0.0,0.07914631352373488,1
2012-07-18 01:00:00+00:00,0.03404025,0.096133621038125,0.035394200943749995,0.0,0.164,3.0124999976315796,3.0125,0.5874999998684207,1.2368421,0.0,1.4008421,0.0,0.06733401178782561,1
2012-07-18 01:30:00+00:00,0.0332469,0.09522622499225,0.0345692954475,0.0,0.141,3.7249999976315795,3.725,0.7125000023684205,1.5,0.0,1.641,0.0,0.07813311760614113,1
2012-07-18 02:00:00+00:00,0.0324351,0.09429772671275001,0.0337252061025,0.0,0.136,4.43749999763158,4.4375,0.7125000023684205,1.5,0.0,1.6360000000000001,0.0,0.07713554045102951,1
2012-07-18 02:30:00+00:00,0.03215835,0.09398119320837502,0.03343744837125,0.0,0.164,5.14999999763158,5.15,0.7125000023684205,1.5,0.0,1.664,0.0,0.078192352749368,1
2012-07-18 03:00:00+00:00,0.0310944,0.09276429773600002,0.03233117976,0.0,0.134,5.862499997631581,5.8625,0.7125000023684196,1.5,0.0,1.634,0.0,0.07578843125031201,1
2012-07-18 03:30:00+00:00,0.0311559,0.09283463851475002,0.0323951259225,0.0,0.14,6.574999997631581,6.575,0.7125000023684196,1.5,0.0,1.6400000000000001,0.0,0.07612440358209502,1
2012-07-18 04:00:00+00:00,0.0305901,0.09218750335025,0.0318068212275,0.0,0.16,7.287499997631581,7.2875,0.7125000023684187,1.5,0.0,1.66,0.0,0.0765156277807075,1
2012-07-18 04:30:00+00:00,0.03075,0.092370389375,0.03197308124999999,0.0,0.14,7.999999997631582,8.0,0.7125000023684187,1.5,0.0,1.6400000000000001,0.0,0.07574371928750001,1
2012-07-18 05:00:00+00:00,0.0313896,0.323001933474,0.03263812133999999,0.0,0.133,7.929999997631581,7.93,0.06999999763158193,0.0,0.133,0.0,-0.0,0.0,1
2012-07-18 05:30:00+00:00,0.03364665,0.325583440054125,0.034984945503749997,0.0,0.162,7.844736839736845,7.8447368,0.08526319763158163,0.0,0.162,0.0,-0.0,0.0,1
2012-07-18 06:00:00+00:00,0.03060855,0.32210860558387505,0.031826005076250004,0.0,0.14,7.771052629210529,7.7710526,0.07368423973684468,0.0,0.14,0.0,-0.0,0.0,1
2012-07-18 06:30:00+00:00,0.0343539,0.32639235900975005,0.03572032637249999,0.0,2.082,6.9815789450000025,6.9815789,0.7894737292105294,0.0,1.5,0.5819999999999999,0.0,0.09498017647183724,1
2012-07-18 07:00:00+00:00,0.0379947,0.33055653311175004,0.03950593919249999,0.0,0.955,6.478947366052634,6.4789474,0.5026315450000025,0.0,0.955,0.0,-0.0,0.0,1
2012-07-18 07:30:00+00:00,0.0374289,0.32990939794725005,0.0389176344975,0.0,0.146,6.402105260789476,6.4021053,0.07684206605263455,0.0,0.146,0.0,-0.0,0.0,1
2012-07-18 08:00:00+00:00,0.04058385,0.333517879897125,0.04219807263374999,0.006,0.261,6.267894734473686,6.2678947,0.13421056078947569,0.0,0.255,0.0,-0.0,0.0,1
2012-07-18 08:30:00+00:00,0.04054695,0.333475675429875,0.04215970493624999,0.013,0.2,6.169473681842107,6.1694737,0.09842103447368622,0.0,0.187,0.0,-0.0,0.0,1
2012-07-18 09:00:00+00:00,0.0392001,0.33193521237525003,0.0407592839775,0.038,0.147,6.112105260789476,6.1121053,0.057368381842107574,0.0,0.109,0.0,1.3877787807814457e-17,-2.828243471190983e-19,1
2012-07-18 09:30:00+00:00,0.0391755,0.33190707606375003,0.0407337055125,0.075,0.143,6.0763157871052655,6.0763158,0.0357894607894762,0.0,0.068,0.0,1.3877787807814457e-17,-2.8264686086423853e-19,1
2012-07-18 10:00:00+00:00,0.03686925,0.329269296860625,0.038335724418749995,0.05,0.164,6.016315787105266,6.0163158,0.05999998710526544,0.0,0.114,0.0,-0.0,0.0,1
2012-07-18 10:30:00+00:00,0.034563,0.32663151765750004,0.035937743325,0.044,0.141,5.965263155526318,5.9652632,0.051052587105266056,0.0,0.097,0.0,1.3877787807814457e-17,-2.493681880780252e-19,1
2012-07-18 11:00:00+00:00,0.0347598,0.14645660814949998,0.036142371044999996,0.019,0.136,5.965263155526318,5.9652632,4.4473681626300277e-08,0.0,0.0,0.117,0.0,0.008567711576745749,1
2012-07-18 11:30:00+00:00,0.03437235,0.146013461243375,0.03573951022125,0.013,0.324,5.965263155526318,5.9652632,4.4473681626300277e-08,0.0,0.0,0.311,0.0,0.02270509322334481,1
2012-07-18 12:00:00+00:00,0.03381885,0.145380394234625,0.03516399475874999,0.063,0.7,5.965263155526318,5.9652632,4.4473681626300277e-08,0.0,0.0,0.637,0.0,0.04630365556372806,1
2012-07-18 12:30:00+00:00,0.03284715,0.144269009930375,0.03415364539125,0.325,0.194,6.027488155526318,6.0274882,0.06222504447368138,0.131,0.0,0.0,-0.0,0.0,1
2012-07-18 13:00:00+00:00,0.03164175,0.142890330666875,0.03290030060625,0.194,0.135,6.055513155526318,6.0555132,0.028025044473682037,0.059,0.0,0.0,-0.0,0.0,1
2012-07-18 13:30:00+00:00,0.0330132,0.144458930033,0.03432630003,0.475,0.159,6.2056131555263185,6.2056132,0.15010004447368175,0.316,0.0,0.0,-0.0,0.0,1
2012-07-18 14:00:00+00:00,0.0318078,0.14308025076949998,0.033072955244999994,0.469,0.138,6.362838155526319,6.3628382,0.15722504447368113,0.331,0.0,5.551115123125783e-17,0.0,3.971274719336004e-18,1
2012-07-18 14:30:00+00:00,0.03156795,0.142805921732375,0.032823565211249996,0.45,0.14,6.510088155526319,6.5100882,0.14725004447368129,0.31,0.0,0.0,-0.0,0.0,1
2012-07-18 15:00:00+00:00,0.0314757,0.14270041056425,0.0327276459675,0.406,0.165,6.624563155526318,6.6245632,0.11447504447368129,0.241,0.0,0.0,-0.0,0.0,1
2012-07-18 15:30:00+00:00,0.03220755,0.143537465831375,0.033488605301249995,0.238,0.147,6.667788155526318,6.6677882,0.04322504447368214,0.091,0.0,0.0,-0.0,0.0,1
2012-07-18 16:00:00+00:00,0.0330009,0.14444486187724997,0.034313510797499995,0.163,0.343,6.667788155526318,6.6677882,4.4473682514478696e-08,0.0,0.0,0.18000000000000002,0.0,0.013000037568952499,1
2012-07-18 16:30:00+00:00,0.03485205,0.146562119317625,0.036238290288749996,0.044,0.26,6.667788155526318,6.6677882,4.4473682514478696e-08,0.0,0.0,0.21600000000000003,0.0,0.015828708886303503,1
2012-07-18 17:00:00+00:00,0.03492585,0.14664652825212499,0.036315025683749995,0.0,1.845,6.229473681842108,6.2294737,0.4383144555263181,0.0,0.8327975,1.0122025,0.0,0.07421799125656076,1
2012-07-18 17:30:00+00:00,0.0414879,0.15415188934475,0.04313808122249999,0.0,2.024,5.439999997631581,5.44,0.7894736818421073,0.0,1.5,0.524,0.0,0.0403877950083245,1
2012-07-18 18:00:00+00:00,0.04959975,0.163429838061875,0.05157258005625,0.0,2.073,4.650526313421055,4.6505263,0.789473697631581,0.0,1.5,0.573,0.0,0.046822648604727186,1
2012-07-18 18:30:00+00:00,0.05277315,0.167059422245375,0.05487220204124999,0.0,1.723,3.861052629210528,3.8610526,0.7894737134210548,0.0,1.5,0.2230000000000001,0.0,0.01862712558035932,1
2012-07-18 19:00:00+00:00,0.04889865,0.162627953184125,0.050843593803750003,0.0,0.897,3.3889473660526335,3.3889474,0.4721052292105279,0.0,0.897,0.0,-0.0,0.0,1
2012-07-18 19:30:00+00:00,0.0419922,0.1547286837305,0.043662439755,0.0,0.906,2.9121052607894757,2.9121053,0.4768420660526336,0.0,0.906,0.0,-0.0,0.0,1
2012-07-18 20:00:00+00:00,0.03984585,0.152273790552125,0.04143071868375,0.0,0.9,2.43842105026316,2.4384211,0.47368416078947595,0.0,0.9,0.0,-0.0,0.0,1
2012-07-18 20:30:00+00:00,0.039729,0.15214014307249998,0.041309220975,0.0,0.488,2.181578945000002,2.1815789,0.25684215026315993,0.0,0.488,0.0,-0.0,0.0,1
2012-07-18 21:00:00+00:00,0.03919395,0.151528178297375,0.040752889361249996,0.0,0.325,2.0105263134210545,2.0105263,0.17105264500000184,0.0,0.325,0.0,-0.0,0.0,1
2012-07-18 21:30:00+00:00,0.0363342,0.1482573320855,0.03777939280499999,0.0,0.209,1.9005263134210544,1.9005263,0.11000001342105459,0.0,0.209,0.0,-0.0,0.0,1
2012-07-18 22:00:00+00:00,0.03428625,0.145914984153125,0.035649985593749996,0.0,0.562,1.9005263134210544,1.9005263,1.3421054489981543e-08,0.0,0.0,0.562,0.0,0.04100211054702813,1
2012-07-18 22:30:00+00:00,0.0449073,0.15806283664325002,0.0466934878575,0.0,0.735,1.5136842081578965,1.5136842,0.38684211342105446,0.0,0.735,0.0,-0.0,0.0,1
2012-07-18 23:00:00+00:00,0.03631575,0.148236229851875,0.03776020895625,0.0,0.759,1.1142105239473703,1.1142105,0.3994737081578965,0.0,0.759,0.0,-0.0,0.0,1
2012-07-18 23:30:00+00:00,0.03770565,0.149825931451625,0.03920539222875,0.0,0.217,1.0,1.0,0.1142105239473703,0.0,0.217,0.0,-0.0,0.0,1
2012-07-19 00:00:00+00:00,0.03556545,0.09787807235112501,0.03698006577375,0.0,0.175,1.5874999975000001,1.5875,0.5874999999999999,1.2368421,0.0,1.4118421,0.0,0.06909419160608214,1
2012-07-19 00:30:00+00:00,0.0338127,0.09587336015675002,0.0351576001425,0.0,0.152,2.2999999975,2.3,0.7125000024999997,1.5,0.0,1.652,0.0,0.07919139548947551,1
2012-07-19 01:00:00+00:00,0.0328164,0.09473383954100002,0.03412167231,0.0,0.141,3.0124999975,3.0125,0.7125000025000001,1.5,0.0,1.641,0.0,0.07772911534339053,1
2012-07-19 01:30:00+00:00,0.0342186,0.09633760929650001,0.035579644815000006,0.0,0.167,3.7249999975,3.725,0.7125000025000001,1.5,0.0,1.667,0.0,0.08029739734863275,1
2012-07-19 02:00:00+00:00,0.0335421,0.09556386073025,0.03487623702749999,0.0,0.132,4.4374999975,4.4375,0.7125000025000001,1.5,0.0,1.6320000000000001,0.0,0.07798011035588401,1
2012-07-19 02:30:00+00:00,0.03338835,0.09538800878337499,0.03471637162124999,0.0,0.14,5.1499999975,5.15,0.7125000025000006,1.5,0.0,1.6400000000000001,0.0,0.07821816720236749,1
2012-07-19 03:00:00+00:00,0.032103,0.0939178865075,0.033379896825,0.0,0.162,5.8624999975000005,5.8625,0.7125000024999997,1.5,0.0,1.662,0.0,0.0780457636877325,1
2012-07-19 03:30:00+00:00,0.03182625,0.093601353003125,0.03309213909375,0.0,0.136,6.574999997500001,6.575,0.7125000024999997,1.5,0.0,1.6360000000000001,0.0,0.07656590675655625,1
2012-07-19 04:00:00+00:00,0.0319185,0.09370686417125001,0.0331880583375,0.0,0.142,7.287499997500001,7.2875,0.7125000024999988,1.5,0.0,1.642,0.0,0.07693333548459626,1
2012-07-19 04:30:00+00:00,0.03321615,0.09519105460287501,0.03453732236625,0.0,0.16,7.999999997500002,8.0,0.7125000024999988,1.5,0.0,1.66,0.0,0.07900857532038626,1
2012-07-19 05:00:00+00:00,0.0334068,0.32530911101700005,0.03473555546999999,0.0,0.145,7.923684208026318,7.9236842,0.07631579750000128,0.0,0.145,0.0,-0.0,0.0,1
2012-07-19 05:30:00+00:00,0.0367647,0.32914971753675004,0.0382270159425,0.0,0.145,7.847368418552634,7.8473684,0.07631580802631799,0.0,0.145,0.0,-0.0,0.0,1
2012-07-19 06:00:00+00:00,0.0343908,0.326434563477,0.03575869406999999,0.0,0.335,7.671052629078949,7.6710526,0.17631581855263345,0.0,0.335,0.0,-0.0,0.0,1
2012-07-19 06:30:00+00:00,0.0408852,0.333862549713,0.04251140882999999,0.0,2.599,6.881578944868423,6.8815789,0.7894737290789493,0.0,1.5,1.0990000000000002,0.0,0.18345747106729354,1
2012-07-19 07:00:00+00:00,0.04289625,0.336162693178125,0.04460244834374999,0.0,1.825,6.092105260657896,6.0921053,0.7894736448684228,0.0,1.5,0.32499999999999996,0.0,0.054626437641445307,1
2012-07-19 07:30:00+00:00,0.04001805,0.332870744732625,0.04160976793874999,0.0,1.342,5.385789471184212,5.3857895,0.7063157606578967,0.0,1.342,0.0,-0.0,0.0,1
2012-07-19 08:00:00+00:00,0.0460635,0.33978524328375,0.047895675712499995,0.0,0.689,5.023157892236843,5.0231579,0.3626315711842114,0.0,0.689,0.0,-0.0,0.0,1
2012-07-19 08:30:00+00:00,0.0430254,0.33631040881350005,0.044736735284999996,0.0,0.224,4.905263155394738,4.9052632,0.11789469223684268,0.0,0.224,0.0,-0.0,0.0,1
2012-07-19 09:00:00+00:00,0.0413157,0.33435493516425,0.0429590319675,0.006,0.167,4.8205263132894745,4.8205263,0.08473685539473763,0.0,0.161,0.0,-0.0,0.0,1
2012-07-19 09:30:00+00:00,0.04081755,0.33378517485637504,0.04244106805125,0.006,0.135,4.752631576447369,4.7526316,0.0678947132894745,0.0,0.129,0.0,-0.0,0.0,1
2012-07-19 10:00:00+00:00,0.0396921,0.33249793860525007,0.0412708532775,0.013,0.137,4.687368418552632,4.6873684,0.06526317644736856,0.0,0.124,1.3877787807814457e-17,0.0,2.3071679192496896e-18,1
2012-07-19 10:30:00+00:00,0.0357684,0.32801019692100003,0.03719108811,0.05,0.154,4.632631576447369,4.6326316,0.054736818552632016,0.0,0.104,0.0,-0.0,0.0,1
2012-07-19 11:00:00+00:00,0.0346737,0.14635813105925,0.0360528464175,0.106,0.14,4.614736839605263,4.6147368,0.0178947764473687,0.0,0.034,1.3877787807814457e-17,0.0,1.015563543394285e-18,1
2012-07-19 11:30:00+00:00,0.03440925,0.146055665710625,0.03577787791875,0.069,0.137,4.614736839605263,4.6147368,3.9605263069120156e-08,0.0,0.0,0.068,0.0,0.004965892634161251,1
2012-07-19 12:00:00+00:00,0.03410175,0.14570396181687498,0.03545814710625,0.088,0.148,4.614736839605263,4.6147368,3.9605263069120156e-08,0.0,0.0,0.06,0.0,0.004371118854506249,1
2012-07-19 12:30:00+00:00,0.03368355,0.145225644521375,0.03502331320125,0.156,0.271,4.614736839605263,4.6147368,3.9605263069120156e-08,0.0,0.0,0.11500000000000002,0.0,0.008350474559979065,1
2012-07-19 13:00:00+00:00,0.0344031,0.14604863163275,0.0357714833025,0.081,0.174,4.614736839605263,4.6147368,3.9605263069120156e-08,0.0,0.0,0.09299999999999999,0.0,0.006791261370922874,1
2012-07-19 13:30:00+00:00,0.03445845,0.146111938333625,0.035829034848750003,0.056,0.146,4.608973684342105,4.6089737,0.005763139605263312,0.0,0.010949995,0.07905000499999999,0.0,0.005775074727916374,1
2012-07-19 14:00:00+00:00,0.03415095,0.145760234439875,0.035509304036249995,0.269,0.167,4.657423684342105,4.6574237,0.04845001565789442,0.102,0.0,0.0,-0.0,0.0,1
2012-07-19 14:30:00+00:00,0.03388035,0.145450735013375,0.03522794092124999,0.169,0.137,4.672623684342105,4.6726237,0.015200015657894639,0.032,0.0,0.0,-0.0,0.0,1
2012-07-19 15:00:00+00:00,0.0334314,0.1449372473285,0.034761133934999994,0.2,0.132,4.704923684342106,4.7049237,0.032300015657894754,0.068,0.0,0.0,-0.0,0.0,1
2012-07-19 15:30:00+00:00,0.0339357,0.14551404171425,0.0352854924675,0.338,0.16,4.789473684342106,4.7894737,0.08455001565789466,0.178,0.0,0.0,5.551115123125783e-17,-9.793691543164007e-19,1
2012-07-19 16:00:00+00:00,0.0343293,0.14596422269825002,0.0356947479075,0.25,0.334,4.789473684342106,4.7894737,1.565789453650268e-08,0.0,0.0,0.08400000000000002,0.0,0.006130497353326502,1
2012-07-19 16:30:00+00:00,0.03479055,0.146491778538875,0.03617434412625,0.044,0.196,4.709473684342106,4.7094737,0.07999998434210553,0.0,0.152,2.7755575615628914e-17,0.0,2.032981818151855e-18,1
2012-07-19 17:00:00+00:00,0.03363435,0.145169371898375,0.03497215627125,0.0,1.516,4.709473684342106,4.7094737,1.565789453650268e-08,0.0,0.0,1.516,0.0,0.11003838389896825,1
2012-07-19 17:30:00+00:00,0.0381669,0.15035348729225,0.03968498844749999,0.0,2.072,3.920000000131579,3.92,0.7894736843421057,0.0,1.5,0.5720000000000001,0.0,0.04300109736558351,1
2012-07-19 18:00:00+00:00,0.0493845,0.16318364533625,0.05134876848749999,0.0,0.533,3.6394736843421054,3.6394737,0.2805263001315792,0.0,0.533,0.0,-0.0,0.0,1
2012-07-19 18:30:00+00:00,0.04718895,0.160672479534875,0.04906589048624999,0.0,0.173,3.548421052763158,3.5484211,0.09105258434210528,0.0,0.173,0.0,-0.0,0.0,1
2012-07-19 19:00:00+00:00,0.04605735,0.159378209205875,0.04788928109624999,0.0,0.162,3.4631578948684214,3.4631579,0.08526315276315799,0.0,0.162,0.0,-0.0,0.0,1
2012-07-19 19:30:00+00:00,0.0390525,0.15136639450625,0.04060581318749999,0.0,0.154,3.382105263289474,3.3821053,0.08105259486842131,0.0,0.154,0.0,-0.0,0.0,1
2012-07-19 20:00:00+00:00,0.0391509,0.15147893975225,0.0407081270475,0.0,0.833,2.943684210657895,2.9436842,0.43842106328947406,0.0,0.833,0.0,-0.0,0.0,1
2012-07-19 20:30:00+00:00,0.0434436,0.156388726109,0.04517156919,0.0,1.087,2.3715789475,2.3715789,0.572105310657895,0.0,1.087,0.0,-0.0,0.0,1
2012-07-19 21:00:00+00:00,0.0420783,0.15482716082075,0.0437519643825,0.0,0.918,1.888421052763158,1.8884211,0.48315784750000024,0.0,0.918,0.0,-0.0,0.0,1
2012-07-19 21:30:00+00:00,0.0376134,0.1497204202835,0.039109472985,0.0,0.714,1.5126315790789475,1.5126316,0.375789452763158,0.0,0.714,0.0,-0.0,0.0,1
2012-07-19 22:00:00+00:00,0.03324075,0.14471919091437502,0.03456290083124999,0.0,0.23,1.5126315790789475,1.5126316,2.0921052445999067e-08,0.0,0.0,0.23,0.0,0.016642706955153127,1
2012-07-19 22:30:00+00:00,0.03814845,0.150332385058625,0.03966580459875,0.0,0.195,1.4100000001315791,1.41,0.1026315790789476,0.0,0.195,0.0,-0.0,0.0,1
2012-07-19 23:00:00+00:00,0.0348459,0.14655508523975,0.0362318956725,0.0,0.332,1.235263158026316,1.2352632,0.17473680013157922,0.0,0.332,0.0,-0.0,0.0,1
2012-07-19 23:30:00+00:00,0.03560235,0.147420276818375,0.037018433471249994,0.0,0.447,1.0000000001315792,1.0,0.23526315802631603,0.0,0.447,0.0,-0.0,0.0,1
2012-07-20 00:00:00+00:00,0.0339357,0.09601404171425001,0.0352854924675,0.0,0.166,1.712500000131579,1.7125,0.7124999998684207,1.5,0.0,1.666,0.0,0.07997969674797026,1
2012-07-20 00:30:00+00:00,0.03405255,0.09614768919387501,0.03540699017625,0.0,0.141,2.425000000131579,2.425,0.23540129986842095,1.5,0.0,1.641,0.0,0.07888917898357445,1
2012-07-20 01:00:00+00:00,0.03422475,0.096344643374375,0.035586039431249994,0.0,0.171,3.012499997631579,3.0125,1.3157919198647505e-10,1.2368421,0.0,1.4078421,0.0,0.0678190225259656,1
2012-07-20 01:30:00+00:00,0.034194,0.09630947298500002,0.03555406635,0.0,0.139,3.724999997631579,3.725,0.7125000023684209,1.5,0.0,1.639,0.0,0.07892561311120752,1
2012-07-20 02:00:00+00:00,0.03325305,0.09523325907012499,0.03457569006375,0.0,0.142,4.437499997631579,4.4375,0.7125000023684209,1.5,0.0,1.642,0.0,0.07818650569657261,1
2012-07-20 02:30:00+00:00,0.0319431,0.09373500048275,0.0332136368025,0.0,0.155,5.1499999976315785,5.15,0.7125000023684214,1.5,0.0,1.655,0.0,0.07756571289947563,1
2012-07-20 03:00:00+00:00,0.03204765,0.093854579806625,0.03332234527874999,0.0,0.154,5.862499997631579,5.8625,0.7125000023684214,1.5,0.0,1.654,0.0,0.07761773750007887,1
2012-07-20 03:30:00+00:00,0.0312543,0.09294718376075,0.0324974397825,0.0,0.141,6.574999997631579,6.575,0.7125000023684214,1.5,0.0,1.641,0.0,0.07626316427569536,1
2012-07-20 04:00:00+00:00,0.03138345,0.093094899396125,0.03263172672375,0.0,0.159,7.2874999976315795,7.2875,0.7125000023684205,1.5,0.0,1.659,0.0,0.07722221904908569,1
2012-07-20 04:30:00+00:00,0.0323367,0.09418518146675,0.0336228922425,0.0,0.149,7.99999999763158,8.0,0.7125000023684205,1.5,0.0,1.649,0.0,0.07765568211933538,1
2012-07-20 05:00:00+00:00,0.03283485,0.32465494177462506,0.034140856158749996,0.0,0.14,7.926315787105264,7.9263158,0.07368419763157963,0.0,0.14,0.0,-0.0,0.0,1
2012-07-20 05:30:00+00:00,0.03225675,0.323993738454375,0.03353976223125,0.0,0.136,7.854736839736844,7.8547368,0.07157898710526389,0.0,0.136,0.0,-0.0,0.0,1
2012-07-20 06:00:00+00:00,0.0346983,0.32678626737075006,0.0360784248825,0.0,0.161,7.76999999763158,7.77,0.08473683973684398,0.0,0.161,0.0,-0.0,0.0,1
2012-07-20 06:30:00+00:00,0.0381423,0.33072535098075007,0.03965940998249999,0.0,0.141,7.695789471315791,7.6957895,0.07421049763158027,0.0,0.141,0.0,-0.0,0.0,1
2012-07-20 07:00:00+00:00,0.04455675,0.33806189420437505,0.046328994731249996,0.0,0.141,7.621578945000002,7.6215789,0.07421057131579101,0.0,0.141,0.0,-0.0,0.0,1
2012-07-20 07:30:00+00:00,0.0421029,0.33525529713225005,0.043777542847499996,0.0,0.162,7.5363157871052655,7.5363158,0.08526314500000254,0.0,0.162,0.0,-0.0,0.0,1
2012-07-20 08:00:00+00:00,0.0507375,0.34513114246875,0.05275558406249999,0.006,1.656,6.746842102894739,6.7468421,0.7894736871052652,0.0,1.5,0.1499999999999999,0.0,0.025884835685156232,1
2012-07-20 08:30:00+00:00,0.04978425,0.3440408603981251,0.05176441854375,0.0,0.441,6.514736839736845,6.5147368,0.2321053028947393,0.0,0.441,0.0,-0.0,0.0,1
2012-07-20 09:00:00+00:00,0.0410697,0.33407357204925,0.0427032473175,0.0,0.155,6.433157892368423,6.4331579,0.08157893973684427,0.0,0.155,0.0,-0.0,0.0,1
2012-07-20 09:30:00+00:00,0.0396429,0.33244166598225006,0.041219696347499994,0.006,0.153,6.355789471315791,6.3557895,0.07736839236842297,0.0,0.147,0.0,-0.0,0.0,1
2012-07-20 10:00:00+00:00,0.03971055,0.33251904083887507,0.04129003712625,0.013,0.139,6.289473681842107,6.2894737,0.06631577131579114,0.0,0.126,0.0,-0.0,0.0,1
2012-07-20 10:30:00+00:00,0.03832065,0.330929339239125,0.039844853853749994,0.05,0.137,6.243684208157897,6.2436842,0.04578948184210763,0.0,0.087,1.3877787807814457e-17,0.0,2.2962835746704115e-18,1
2012-07-20 11:00:00+00:00,0.03707835,0.149108455508375,0.03855314137125,0.019,0.157,6.1710526292105286,6.1710526,0.07263160815789682,0.0,0.138,0.0,-0.0,0.0,1
2012-07-20 11:30:00+00:00,0.0348582,0.1465691533955,0.036244684905,0.069,0.478,5.955789471315792,5.9557895,0.2152631292105287,0.0,0.409,0.0,-0.0,0.0,1
2012-07-20 12:00:00+00:00,0.03449535,0.146154142800875,0.03586740254625,0.119,0.663,5.669473681842108,5.6694737,0.2863157713157918,0.0,0.544,0.0,-0.0,0.0,1
2012-07-20 12:30:00+00:00,0.03444615,0.146097870177875,0.03581624561625,0.281,0.179,5.717923681842108,5.7179237,0.04845001815789196,0.102,0.0,0.0,5.551115123125783e-17,-9.941005134697644e-19,1
2012-07-20 13:00:00+00:00,0.03376965,0.145324121611625,0.03511283782875,0.388,0.135,5.838098681842108,5.8380987,0.12017501815789178,0.253,0.0,0.0,-0.0,0.0,1
2012-07-20 13:30:00+00:00,0.03413865,0.145746166284125,0.03549651480375,0.481,0.134,6.002923681842107,6.0029237,0.16482501815789252,0.347,0.0,0.0,-0.0,0.0,1
2012-07-20 14:00:00+00:00,0.03326535,0.144747327225875,0.034588479296249995,0.444,0.145,6.1449486818421075,6.1449487,0.14202501815789237,0.299,0.0,0.0,5.551115123125783e-17,-9.600231525366819e-19,1
2012-07-20 14:30:00+00:00,0.0337758,0.1453311556895,0.035119232445,0.419,0.147,6.2741486818421075,6.2741487,0.12920001815789206,0.272,0.0,5.551115123125783e-17,0.0,4.0337498810466555e-18,1
2012-07-20 15:00:00+00:00,0.0338373,0.14540149646824999,0.0351831786075,0.425,0.136,6.411423681842107,6.4114237,0.13727501815789278,0.289,0.0,0.0,-0.0,0.0,1
2012-07-20 15:30:00+00:00,0.03375735,0.145310053455875,0.03510004859625,0.3,0.267,6.427098681842107,6.4270987,0.01567501815789285,0.033,0.0,5.551115123125783e-17,0.0,4.033164176405618e-18,1
2012-07-20 16:00:00+00:00,0.0343416,0.14597829085400002,0.035707537139999995,0.269,0.276,6.423414471315791,6.4234145,0.0036841818421073924,0.0,0.007,6.071532165918825e-18,0.0,4.431559442229575e-19,1
2012-07-20 16:30:00+00:00,0.0360144,0.14789156003599999,0.03744687275999999,0.075,0.185,6.365519734473685,6.3655197,0.057894771315790905,0.0,0.11,0.0,-0.0,0.0,1
2012-07-20 17:00:00+00:00,0.0369615,0.14897480802875,0.038431643662499994,0.0,0.168,6.277098681842107,6.2770987,0.08842103447368554,0.0,0.168,0.0,-0.0,0.0,1
2012-07-20 17:30:00+00:00,0.0392739,0.15161962130974999,0.0408360193725,0.0,0.517,6.004993418684212,6.0049934,0.2721052818421068,0.0,0.517,0.0,-0.0,0.0,1
2012-07-20 18:00:00+00:00,0.04533165,0.158548188016625,0.047134716378750004,0.0,1.399,5.268677629210528,5.2686776,0.7363158186842123,0.0,1.399,0.0,-0.0,0.0,1
2012-07-20 18:30:00+00:00,0.0476994,0.16125630799850002,0.049596643635,0.0,0.329,5.095519734473687,5.0955197,0.17315792921052875,0.0,0.329,0.0,-0.0,0.0,1
2012-07-20 19:00:00+00:00,0.0468384,0.160271537096,0.048701397359999996,0.0,0.326,4.923940787105265,4.9239408,0.1715789344736871,0.0,0.326,0.0,-0.0,0.0,1
2012-07-20 19:30:00+00:00,0.0394215,0.15178843917874998,0.040989490162499996,0.0,0.39,4.718677629210529,4.7186776,0.20526318710526503,0.0,0.39,0.0,-0.0,0.0,1
2012-07-20 20:00:00+00:00,0.0399996,0.152449642499,0.04159058409,0.0,0.382,4.517624997631581,4.517625,0.2010526292105288,0.0,0.382,0.0,-0.0,0.0,1
2012-07-20 20:30:00+00:00,0.0476256,0.161171899064,0.049519908239999993,0.0,0.87,4.059730260789476,4.0597303,0.4578946976315814,0.0,0.87,0.0,-0.0,0.0,1
2012-07-20 21:00:00+00:00,0.05068215,0.164667835767875,0.05269803251625,0.0,0.852,3.6113092081578975,3.6113092,0.4484210607894763,0.0,0.852,0.0,-0.0,0.0,1
2012-07-20 21:30:00+00:00,0.04137105,0.154018241865125,0.04301658351375,0.0,0.557,3.318151313421055,3.3181513,0.29315790815789766,0.0,0.557,0.0,-0.0,0.0,1
2012-07-20 22:00:00+00:00,0.03951375,0.151893950346875,0.041085409406249995,0.0,0.233,3.1955197344736868,3.1955197,0.122631613421055,0.0,0.233,0.0,-0.0,0.0,1
2012-07-20 22:30:00+00:00,0.05103885,0.165075812284625,0.05306892025874999,0.0,0.257,3.06025657657895,3.0602566,0.13526313447368654,0.0,0.257,0.0,-0.0,0.0,1
2012-07-20 23:00:00+00:00,0.0418323,0.15454579770575003,0.0434961797325,0.0,0.384,2.858151313421055,2.8581513,0.20210527657894994,0.0,0.384,0.0,-0.0,0.0,1
2012-07-20 23:30:00+00:00,0.0454485,0.15868183549625,0.0472562140875,0.0,0.154,2.7770986818421077,2.7770987,0.08105261342105541,0.0,0.154,0.0,-0.0,0.0,1
2012-07-21 00:00:00+00:00,0.04404015,0.10757103166287499,0.045791846966249994,0.0,0.735,2.7770986818421077,2.7770987,1.815789207881835e-08,0.0,0.0,0.735,0.0,0.039532354136106555,1
2012-07-21 00:30:00+00:00,0.04097745,0.10406806088112501,0.04260732807374999,0.0,0.624,2.7770986818421077,2.7770987,1.815789207881835e-08,0.0,0.0,0.624,0.0,0.032469234994911,1
2012-07-21 01:00:00+00:00,0.03978435,0.102703449773375,0.041366772521250005,0.0,0.646,3.4895986818421076,3.4895987,0.7125000181578924,1.5,0.0,2.146,0.0,0.11020080160683138,1
2012-07-21 01:30:00+00:00,0.0404793,0.10349830057325,0.042089364157499996,0.0,0.172,3.7249999988421076,3.725,0.23540131815789245,0.49558172,0.0,0.66758172,0.0,0.034546786756883614,1
2012-07-21 02:00:00+00:00,0.03814845,0.10083238505862502,0.03966580459875,0.0,0.138,4.4374999988421076,4.4375,0.7125000011578924,1.5,0.0,1.638,0.0,0.08258172336301388,1
2012-07-21 02:30:00+00:00,0.03590985,0.098271980712125,0.037338164283749996,0.0,0.144,5.149999998842107,5.15,0.7125000011578928,1.5,0.0,1.644,0.0,0.08077956814536676,1
2012-07-21 03:00:00+00:00,0.0346122,0.09678779028050001,0.035988900255,0.0,0.16,5.862499998842107,5.8625,0.7125000011578928,1.5,0.0,1.66,0.0,0.08033386593281501,1
2012-07-21 03:30:00+00:00,0.0339603,0.09604217802575002,0.0353110709325,0.0,0.151,6.574999998842108,6.575,0.7125000011578928,1.5,0.0,1.651,0.0,0.07928281796025664,1
2012-07-21 04:00:00+00:00,0.0331977,0.09516995236925002,0.0345181385175,0.0,0.142,7.287499998842108,7.2875,0.7125000011578919,1.5,0.0,1.642,0.0,0.07813453089515426,1
2012-07-21 04:30:00+00:00,0.03337605,0.09537394062762501,0.034703582388749994,0.0,0.167,7.999999998842108,8.0,0.7125000011578919,1.5,0.0,1.667,0.0,0.07949417951312544,1
2012-07-21 05:00:00+00:00,0.03379425,0.32575225792312507,0.03513841629375,0.0,0.143,7.9247368409473715,7.9247368,0.07526319884210864,0.0,0.143,0.0,-0.0,0.0,1
2012-07-21 05:30:00+00:00,0.0343416,0.326378290854,0.035707537139999995,0.0,0.142,7.849999998842108,7.85,0.07473684094737187,0.0,0.142,0.0,-0.0,0.0,1
2012-07-21 06:00:00+00:00,0.0339849,0.32597031433725,0.035336649397499996,0.0,0.156,7.767894735684213,7.7678947,0.08210529884210782,0.0,0.156,0.0,-0.0,0.0,1
2012-07-21 06:30:00+00:00,0.03434775,0.326385324931875,0.035713931756250004,0.0,0.152,7.687894735684213,7.6878947,0.08000003568421299,0.0,0.152,0.0,-0.0,0.0,1
2012-07-21 07:00:00+00:00,0.0346737,0.32675813105925006,0.0360528464175,0.0,0.14,7.6142105251578975,7.6142105,0.07368423568421267,0.0,0.14,0.0,-0.0,0.0,1
2012-07-21 07:30:00+00:00,0.03615585,0.32845334382712504,0.03759394893375,0.0,0.154,7.5331578935789505,7.5331579,0.08105262515789757,0.0,0.154,0.0,-0.0,0.0,1
2012-07-21 08:00:00+00:00,0.03556545,0.32777807235112505,0.03698006577375,0.0,0.225,7.414736840947372,7.4147368,0.11842109357895048,0.0,0.225,0.0,-0.0,0.0,1
2012-07-21 08:30:00+00:00,0.0397659,0.33258234753975,0.0413475886725,0.013,0.297,7.265263156736846,7.2652632,0.14947364094737203,0.0,0.284,0.0,-0.0,0.0,1
2012-07-21 09:00:00+00:00,0.0436527,0.33702788475675,0.0453889861425,0.006,0.583,6.96157894621053,6.9615789,0.3036842567368456,0.0,0.577,0.0,-0.0,0.0,1
2012-07-21 09:30:00+00:00,0.04400325,0.33742882719562506,0.045753479268749994,0.006,0.7,6.596315788315793,6.5963158,0.3652631462105296,0.0,0.694,0.0,-0.0,0.0,1
2012-07-21 10:00:00+00:00,0.04229355,0.33547335354637503,0.04397577595125,0.025,0.165,6.522631577789477,6.5226316,0.07368418831579238,0.0,0.14,0.0,-0.0,0.0,1
2012-07-21 10:30:00+00:00,0.0402333,0.33311693745825005,0.041833579507499996,0.069,0.162,6.473684209368424,6.4736842,0.04894737778947711,0.0,0.093,0.0,-0.0,0.0,1
2012-07-21 11:00:00+00:00,0.0390771,0.15139453081775,0.040631391652499994,0.1,0.188,6.473684209368424,6.4736842,9.368424258582309e-09,0.0,0.0,0.088,0.0,0.006661359355981,1
2012-07-21 11:30:00+00:00,0.03629115,0.14820809354037498,0.03773463049125,0.1,0.164,6.473684209368424,6.4736842,9.368424258582309e-09,0.0,0.0,0.064,0.0,0.004742658993291999,1
2012-07-21 12:00:00+00:00,0.03830835,0.15051527108337498,0.03983206462124999,0.081,1.507,6.473684209368424,6.4736842,9.368424258582309e-09,0.0,0.0,1.426,0.0,0.10731738828244636,1
2012-07-21 12:30:00+00:00,0.0378471,0.14998771524274998,0.03935246840249999,0.125,0.763,6.473684209368424,6.4736842,9.368424258582309e-09,0.0,0.0,0.638,0.0,0.04784608116243724,1
2012-07-21 13:00:00+00:00,0.0346614,0.14634406290350002,0.036040057185,0.219,0.39,6.473684209368424,6.4736842,9.368424258582309e-09,0.0,0.0,0.171,0.0,0.012512417378249253,1
2012-07-21 13:30:00+00:00,0.0348951,0.14661135786274998,0.0362830526025,0.444,0.494,6.473684209368424,6.4736842,9.368424258582309e-09,0.0,0.0,0.04999999999999999,0.0,0.003665283946568749,1
2012-07-21 14:00:00+00:00,0.0346737,0.14635813105925,0.0360528464175,0.05,0.353,6.473684209368424,6.4736842,9.368424258582309e-09,0.0,0.0,0.303,0.0,0.022173256855476373,1
2012-07-21 14:30:00+00:00,0.0344154,0.1460626997885,0.035784272534999995,0.006,0.294,6.473684209368424,6.4736842,9.368424258582309e-09,0.0,0.0,0.288,0.0,0.021033028769544,1
2012-07-21 15:00:00+00:00,0.03444615,0.146097870177875,0.03581624561625,0.044,0.522,6.473684209368424,6.4736842,9.368424258582309e-09,0.0,0.0,0.47800000000000004,0.0,0.03491739097251213,1
2012-07-21 15:30:00+00:00,0.0347352,0.146428471838,0.03611679258,0.0,0.581,6.473684209368424,6.4736842,9.368424258582309e-09,0.0,0.0,0.581,0.0,0.042537471068939,1
2012-07-21 16:00:00+00:00,0.0377733,0.14990330630825,0.0392757330075,0.019,0.375,6.473684209368424,6.4736842,9.368424258582309e-09,0.0,0.0,0.356,0.0,0.026682788522868497,1
2012-07-21 16:30:00+00:00,0.0390279,0.15133825819475002,0.0405802347225,0.0,1.404,6.473684209368424,6.4736842,9.368424258582309e-09,0.0,0.0,1.404,0.0,0.10623945725271451,1
2012-07-21 17:00:00+00:00,0.0407868,0.15335000446699998,0.04240909496999999,0.0,1.052,5.919999998842108,5.92,0.5536842093684244,0.0,1.052,0.0,-0.0,0.0,1
2012-07-21 17:30:00+00:00,0.0440955,0.15713433836375,0.04584939851249999,0.0,2.277,5.130526314631582,5.1305263,0.7894736988421087,0.0,1.5,0.7770000000000001,0.0,0.06104669045431688,1
2012-07-21 18:00:00+00:00,0.05033775,0.164273927406875,0.05233993400625,0.0,1.852,4.341052630421055,4.3410526,0.7894737146315816,0.0,1.5,0.3520000000000001,0.0,0.028912211223610006,1
2012-07-21 18:30:00+00:00,0.0507006,0.1646889380015,0.05271721636499999,0.0,1.172,3.7242105251578974,3.7242105,0.6168421304210554,0.0,1.172,0.0,-0.0,0.0,1
2012-07-21 19:00:00+00:00,0.0454977,0.15873810811925002,0.0473073710175,0.0,0.777,3.3152631567368447,3.3152632,0.40894732515789745,0.0,0.777,0.0,-0.0,0.0,1
2012-07-21 19:30:00+00:00,0.0404178,0.1529279597945,0.042025417994999995,0.0,0.763,2.9136842093684234,2.9136842,0.40157895673684463,0.0,0.763,0.0,-0.0,0.0,1
2012-07-21 20:00:00+00:00,0.0397044,0.152112006761,0.041283642509999996,0.0,0.969,2.403684209368423,2.4036842,0.5100000093684236,0.0,0.969,0.0,-0.0,0.0,1
2012-07-21 20:30:00+00:00,0.03958755,0.15197835928137501,0.041162144801249995,0.0,1.04,2.0368421041052653,2.0368421,0.3668421093684233,0.0,0.697,0.3430000000000001,0.0,0.02606428861675582,1
2012-07-21 21:00:00+00:00,0.0396183,0.15201352967075002,0.0411941178825,0.0,0.726,1.6547368409473706,1.6547368,0.38210530410526533,0.0,0.726,0.0,-0.0,0.0,1
2012-07-21 21:30:00+00:00,0.04233045,0.15511555801362498,0.04401414364875,0.0,0.486,1.39894736726316,1.3989474,0.25578944094737066,0.0,0.486,0.0,-0.0,0.0,1
2012-07-21 22:00:00+00:00,0.0389541,0.15125384926024998,0.04050349932749999,0.0,0.228,1.39894736726316,1.3989474,3.2736839905567194e-08,0.0,0.0,0.228,0.0,0.017242938815668497,1
2012-07-21 22:30:00+00:00,0.0410451,0.15364543573775,0.042677668852499996,0.0,0.263,1.260526314631581,1.2605263,0.13842106726316006,0.0,0.263,0.0,-0.0,0.0,1
2012-07-21 23:00:00+00:00,0.0407622,0.1533218681555,0.042383516504999996,0.0,0.245,1.1315789462105283,1.1315789,0.128947414631581,0.0,0.245,0.0,-0.0,0.0,1
2012-07-21 23:30:00+00:00,0.04180155,0.15451062731637502,0.043464206651250004,0.0,0.25,1.0,1.0,0.13157894621052835,0.0,0.25,0.0,-0.0,0.0,1
2012-07-22 00:00:00+00:00,0.04090365,0.10398365194662501,0.04253059267874999,0.0,0.197,1.0,1.0,0.0,0.0,0.0,0.197,0.0,0.010242389716742564,1
2012-07-22 00:30:00+00:00,0.0393231,0.10217589393275002,0.0408871763025,0.0,0.911,1.7125,1.7125,0.7124999999999999,1.5,0.0,2.411,0.0,0.12317304013593015,1
2012-07-22 01:00:00+00:00,0.03894795,0.10174681518237501,0.04049710471125,0.0,0.802,2.425,2.425,0.7124999999999999,1.5,0.0,2.302,0.0,0.11711058427491364,1
2012-07-22 01:30:00+00:00,0.0395076,0.10238691626900001,0.04107901479,0.0,0.294,3.0986789624999997,3.0986789,0.6736789000000001,1.4182715,0.0,1.7122715,0.0,0.08765709935014752,1
2012-07-22 02:00:00+00:00,0.0382653,0.10096603253825003,0.0397873023075,0.0,0.162,3.8111789624999997,3.8111789,0.7124999375000001,1.5,0.0,1.662,0.0,0.08390277303928577,1
2012-07-22 02:30:00+00:00,0.0359898,0.09836342372450002,0.037421294295000004,0.0,0.153,4.5236789625,4.5236789,0.7124999375000005,1.5,0.0,1.653,0.0,0.08129736970829927,1
2012-07-22 03:00:00+00:00,0.03567,0.097997651675,0.03708877425,0.0,0.133,5.2361789625,5.2361789,0.7124999374999996,1.5,0.0,1.633,0.0,0.08001508259263751,1
2012-07-22 03:30:00+00:00,0.0342432,0.09636574560800001,0.035605223279999994,0.0,0.156,5.948678962500001,5.948679,0.7124999374999996,1.5,0.0,1.656,0.0,0.079790837363424,1
2012-07-22 04:00:00+00:00,0.0342432,0.09636574560800001,0.035605223279999994,0.0,0.163,6.661178962500001,6.661179,0.712500037499999,1.5,0.0,1.663,0.0,0.08012811747305201,1
2012-07-22 04:30:00+00:00,0.03444615,0.09659787017787502,0.03581624561625,0.0,0.14,7.373678962500001,7.373679,0.712500037499999,1.5,0.0,1.6400000000000001,0.0,0.07921025354585752,1
2012-07-22 05:00:00+00:00,0.03444615,0.32649787017787507,0.03581624561625,0.0,0.138,7.301047383552633,7.3010474,0.07263156250000158,0.0,0.138,0.0,-0.0,0.0,1
2012-07-22 05:30:00+00:00,0.0343416,0.326378290854,0.035707537139999995,0.0,0.18,7.20631054144737,7.2063105,0.09473688355263299,0.0,0.18,0.0,-0.0,0.0,1
2012-07-22 06:00:00+00:00,0.0340464,0.326040655116,0.03540059556,0.0,0.146,7.1294684361842116,7.1294684,0.07684214144736945,0.0,0.146,0.0,-0.0,0.0,1
2012-07-22 06:30:00+00:00,0.0345876,0.32665965396900004,0.03596332179,0.0,0.141,7.0552579098684225,7.0552579,0.07421053618421158,0.0,0.141,0.0,-0.0,0.0,1
2012-07-22 07:00:00+00:00,0.0345753,0.32664558581325004,0.0359505325575,0.0,0.168,6.966836857236844,6.9668369,0.08842100986842283,0.0,0.168,0.0,-0.0,0.0,1
2012-07-22 07:30:00+00:00,0.0342555,0.32627981376375004,0.035618012512500005,0.0,0.15,6.887889488815792,6.8878895,0.07894735723684398,0.0,0.15,0.0,-0.0,0.0,1
2012-07-22 08:00:00+00:00,0.03447075,0.3265260064893751,0.03584182408125,0.0,0.153,6.807363173026318,6.8073632,0.0805262888157916,0.0,0.153,0.0,-0.0,0.0,1
2012-07-22 08:30:00+00:00,0.0387081,0.33137248614525,0.0402477146775,0.006,0.196,6.707363173026319,6.7073632,0.09999997302631858,0.0,0.19,0.0,-0.0,0.0,1
2012-07-22 09:00:00+00:00,0.0407622,0.33372186815550003,0.042383516504999996,0.056,0.456,6.496836857236845,6.4968369,0.21052627302631866,0.0,0.4,0.0,-0.0,0.0,1
2012-07-22 09:30:00+00:00,0.04335135,0.33668321494087505,0.04507564994625,0.044,0.745,6.127889488815793,6.1278895,0.3689473572368449,0.0,0.701,0.0,-0.0,0.0,1
2012-07-22 10:00:00+00:00,0.0427548,0.33600090938700006,0.04445537217,0.069,0.928,5.675784225657898,5.6757842,0.45210528881579304,0.0,0.859,0.0,-0.0,0.0,1
2012-07-22 10:30:00+00:00,0.042189,0.33535377422250007,0.043867067475,0.056,0.689,5.342626330921056,5.3426263,0.3331579256578978,0.0,0.633,0.0,1.1102230246251565e-16,-2.4351114166765164e-18,1
2012-07-22 11:00:00+00:00,0.03940305,0.151767336945125,0.040970306313749996,0.106,0.683,5.03894212039474,5.0389421,0.3036842309210561,0.0,0.577,1.1102230246251565e-16,0.0,8.424779593126098e-18,1
2012-07-22 11:30:00+00:00,0.0390525,0.15136639450625,0.04060581318749999,0.138,0.702,4.742100015131582,4.7421,0.2968421203947402,0.0,0.564,0.0,-0.0,0.0,1
2012-07-22 12:00:00+00:00,0.03795165,0.15010729456662503,0.039461176878750004,0.144,0.276,4.672626330921056,4.6726263,0.06947371513158185,0.0,0.132,2.7755575615628914e-17,0.0,2.083157182400722e-18,1
2012-07-22 12:30:00+00:00,0.03741045,0.14948829571362499,0.03889845064874999,0.213,0.145,4.704926330921056,4.7049263,0.03229996907894428,0.068,0.0,0.0,-0.0,0.0,1
2012-07-22 13:00:00+00:00,0.0355224,0.147328833806,0.03693530346,0.138,0.149,4.699136857236846,4.6991369,0.005789430921056216,0.0,0.011,0.0,1.734723475976807e-17,-3.2036269002194697e-19,1
2012-07-22 13:30:00+00:00,0.0343416,0.14597829085400002,0.035707537139999995,0.1,0.154,4.670715804605267,4.6707158,0.02842105723684618,0.0,0.054,0.0,6.938893903907228e-18,-1.2388540589214346e-19,1
2012-07-22 14:00:00+00:00,0.03444615,0.146097870177875,0.03581624561625,0.131,0.137,4.6675579098684254,4.6675579,0.0031579046052669923,0.0,0.006,5.204170427930421e-18,0.0,3.8015910778165747e-19,1
2012-07-22 14:30:00+00:00,0.0342432,0.145865745608,0.035605223279999994,0.2,0.141,4.695582909868426,4.6955829,0.028024990131574334,0.059,0.0,0.0,2.7755575615628914e-17,-4.941217335296954e-19,1
2012-07-22 15:00:00+00:00,0.0344646,0.1461189724115,0.03583542946499999,0.206,0.169,4.713157909868426,4.7131579,0.01757499013157382,0.037,0.0,2.7755575615628914e-17,0.0,2.0278080938226915e-18,1
2012-07-22 15:30:00+00:00,0.03463065,0.146308892514125,0.03600808410375,0.081,0.144,4.680000015131584,4.68,0.03315790986842604,0.0,0.063,0.0,1.3877787807814457e-17,-2.4985627527888963e-19,1
2012-07-22 16:00:00+00:00,0.03618045,0.14808148013862502,0.03761952739875,0.025,0.144,4.617368436184215,4.6173684,0.06263161513158355,0.0,0.119,0.0,-0.0,0.0,1
2012-07-22 16:30:00+00:00,0.03727515,0.149333546000375,0.03875776909125,0.006,0.163,4.5347368572368465,4.5347369,0.08263153618421448,0.0,0.157,0.0,-0.0,0.0,1
2012-07-22 17:00:00+00:00,0.04019025,0.152667698913125,0.041788817193749994,0.0,0.236,4.410526330921057,4.4105263,0.1242105572368466,0.0,0.236,0.0,-0.0,0.0,1
2012-07-22 17:30:00+00:00,0.04504875,0.158224620434375,0.04684056403125,0.0,0.293,4.256315804605268,4.2563158,0.1542105309210564,0.0,0.293,0.0,-0.0,0.0,1
2012-07-22 18:00:00+00:00,0.0552147,0.16985195116175,0.057410864692499994,0.0,0.27,4.114210541447373,4.1142105,0.14210530460526716,0.0,0.27,0.0,-0.0,0.0,1
2012-07-22 18:30:00+00:00,0.059532,0.17478987383,0.0618998853,0.0,0.36,3.9247368572368466,3.9247369,0.189473641447373,0.0,0.36,0.0,-0.0,0.0,1
2012-07-22 19:00:00+00:00,0.05362185,0.168030124992125,0.05575465908374999,0.0,1.103,3.344210541447373,3.3442105,0.5805263572368466,0.0,1.103,0.0,-0.0,0.0,1
2012-07-22 19:30:00+00:00,0.0438126,0.1568107707815,0.045555246165,0.0,1.03,2.802105278289478,2.8021053,0.542105241447373,0.0,1.03,0.0,-0.0,0.0,1
2012-07-22 20:00:00+00:00,0.0455961,0.15885065336525,0.0474096848775,0.0,0.232,2.6800000151315833,2.68,0.12210527828947804,0.0,0.232,0.0,-0.0,0.0,1
2012-07-22 20:30:00+00:00,0.049938,0.163816712345,0.051924283950000004,0.0,0.241,2.553157909868425,2.5531579,0.12684211513158328,0.0,0.241,0.0,-0.0,0.0,1
2012-07-22 21:00:00+00:00,0.0460389,0.15935710697225,0.04787009724749999,0.0,0.224,2.43526317302632,2.4352632,0.1178947098684251,0.0,0.224,0.0,-0.0,0.0,1
2012-07-22 21:30:00+00:00,0.0422628,0.15503818315700002,0.04394380287000001,0.0,0.343,2.2547368572368462,2.2547369,0.18052627302631974,0.0,0.343,0.0,-0.0,0.0,1
2012-07-22 22:00:00+00:00,0.03838215,0.150599680017875,0.03990880001624999,0.0,0.25,2.123157909868425,2.1231579,0.13157895723684643,0.0,0.25,0.0,-0.0,0.0,1
2012-07-22 22:30:00+00:00,0.03865275,0.15090917944437499,0.04019016313125,0.0,0.649,1.7815789625000038,1.781579,0.341578909868425,0.0,0.649,0.0,-0.0,0.0,1
2012-07-22 23:00:00+00:00,0.0369,0.14890446725,0.038367697500000006,0.0,0.804,1.3584210677631616,1.3584211,0.42315786250000387,0.0,0.804,0.0,-0.0,0.0,1
2012-07-22 23:30:00+00:00,0.03555315,0.147364004195375,0.03696727654124999,0.0,0.681,1.0000000151315827,1.0,0.3584210677631616,0.0,0.681,0.0,-0.0,0.0,1
2012-07-23 00:00:00+00:00,0.0345015,0.09666117687874999,0.03587379716249999,0.0,0.32,1.7125000151315826,1.7125,0.7124999848684173,1.5,0.0,1.82,0.0,0.0879616709596625,1
2012-07-23 00:30:00+00:00,0.0342432,0.09636574560800001,0.035605223279999994,0.0,0.152,2.4250000151315825,2.425,0.7124999848684173,1.5,0.0,1.652,0.0,0.079598105872208,1
2012-07-23 01:00:00+00:00,0.0338988,0.095971837247,0.03524712477,0.0,0.144,3.1375000151315824,3.1375,0.7124999848684177,1.5,0.0,1.644,0.0,0.07888885021703398,1
2012-07-23 01:30:00+00:00,0.0353748,0.09766001593700001,0.03678183266999999,0.0,0.175,3.7250000126315825,3.725,0.5874999848684177,1.2368421,0.0,1.4118421,0.0,0.06894026099326378,1
2012-07-23 02:00:00+00:00,0.03406485,0.09616175734962502,0.03541977940875,0.0,0.137,4.437500012631583,4.4375,0.7124999873684175,1.5,0.0,1.637,0.0,0.07870839839066808,1
2012-07-23 02:30:00+00:00,0.03413865,0.09624616628412502,0.03549651480375,0.0,0.149,5.150000012631583,5.15,0.7124999873684175,1.5,0.0,1.649,0.0,0.07935496410126108,1
2012-07-23 03:00:00+00:00,0.0329763,0.09491672556575002,0.0342879323325,0.0,0.173,5.862500012631584,5.8625,0.7124999873684166,1.5,0.0,1.673,0.0,0.07939784093574989,1
2012-07-23 03:30:00+00:00,0.03310545,0.09506444120112499,0.03442221927375,0.0,0.148,6.575000012631584,6.575,0.7124999873684166,1.5,0.0,1.648,0.0,0.07833309954972699,1
2012-07-23 04:00:00+00:00,0.03314235,0.09510664566837501,0.03446058697125,0.0,0.136,7.287500012631584,7.2875,0.7124999873684157,1.5,0.0,1.6360000000000001,0.0,0.07779723615673076,1
2012-07-23 04:30:00+00:00,0.0337881,0.09584522384525002,0.0351320216775,0.0,0.169,8.0,8.0,0.7124999873684157,1.5,0.0,1.669,0.0,0.07998283929886114,1
2012-07-23 05:00:00+00:00,0.0341079,0.32611099589475007,0.0354645417225,0.0,0.135,7.928947368421053,7.9289474,0.0710525999999998,0.0,0.135,0.0,-0.0,0.0,1
2012-07-23 05:30:00+00:00,0.0359529,0.32822121925725,0.037382926597500005,0.0,0.141,7.854736842105264,7.8547368,0.07421056842105234,0.0,0.141,0.0,-0.0,0.0,1
2012-07-23 06:00:00+00:00,0.03689385,0.32929743317212506,0.03836130288375,0.0,0.168,7.766315789473685,7.7663158,0.08842104210526358,0.0,0.168,0.0,-0.0,0.0,1
2012-07-23 06:30:00+00:00,0.0450795,0.33865979082375003,0.046872537112499994,0.0,0.539,7.48263157894737,7.4826316,0.2836841894736848,0.0,0.539,0.0,-0.0,0.0,1
2012-07-23 07:00:00+00:00,0.0590031,0.3545849431327501,0.0613499483025,0.0,1.379,6.756842105263159,6.7568421,0.7257894789473696,0.0,1.379,0.0,-0.0,0.0,1
2012-07-23 07:30:00+00:00,0.0505407,0.34490605197675006,0.052550956342499996,0.0,0.681,6.39842105263158,6.3984211,0.3584210052631587,0.0,0.681,0.0,-0.0,0.0,1
2012-07-23 08:00:00+00:00,0.06026385,0.356026929097125,0.06266084463374999,0.013,0.18,6.310526315789475,6.3105263,0.08789475263157964,0.0,0.167,0.0,2.7755575615628914e-17,-8.695939056856115e-19,1
2012-07-23 08:30:00+00:00,0.05822205,0.35369161524262505,0.060537832038749996,0.019,0.15,6.2415789473684224,6.2415789,0.0689474157894745,0.0,0.131,0.0,-0.0,0.0,1
2012-07-23 09:00:00+00:00,0.05273625,0.34741721777812506,0.05483383434374999,0.019,0.179,6.157368421052633,6.1573684,0.08421054736842226,0.0,0.16,0.0,-0.0,0.0,1
2012-07-23 09:30:00+00:00,0.0538371,0.34867631771775004,0.055978470652499994,0.063,0.145,6.114210526315791,6.1142105,0.043157921052632275,0.0,0.082,0.0,1.3877787807814457e-17,-3.884286687606819e-19,1
2012-07-23 10:00:00+00:00,0.04546695,0.33910293772987504,0.04727539793624999,0.069,0.136,6.078947368421054,6.0789474,0.035263126315791204,0.0,0.067,0.0,-0.0,0.0,1
2012-07-23 10:30:00+00:00,0.04547925,0.33911700588562504,0.047288187168749996,0.1,0.156,6.049473684210527,6.0494737,0.029473668421053922,0.0,0.056,0.0,6.938893903907228e-18,-1.6406385683603168e-19,1
2012-07-23 11:00:00+00:00,0.0443661,0.15744383779025,0.046130761627499996,0.113,0.141,6.034736842105264,6.0347368,0.014736884210527101,0.0,0.028,0.0,1.734723475976807e-17,-4.001205757995715e-19,1
2012-07-23 11:30:00+00:00,0.04340055,0.156339487563875,0.04512680687625,0.15,0.136,6.041386842105264,6.0413868,0.0066499578947354365,0.014,0.0,2.7755575615628914e-17,0.0,2.1696462343939044e-18,1
2012-07-23 12:00:00+00:00,0.0401349,0.15260439221225,0.0417312656475,0.106,0.153,6.016650000000001,6.01665,0.024736842105263612,0.0,0.047,0.0,-0.0,0.0,1
2012-07-23 12:30:00+00:00,0.03950145,0.151879882191125,0.04107262017375,0.113,0.152,5.996123684210527,5.9961237,0.020526300000001108,0.0,0.039,0.0,6.938893903907228e-18,-1.4249927687056545e-19,1
2012-07-23 13:00:00+00:00,0.0377979,0.14993144261975,0.0393013114725,0.219,0.143,6.0322236842105275,6.0322237,0.03610001578947308,0.076,0.0,0.0,2.7755575615628914e-17,-5.45415261184179e-19,1
2012-07-23 13:30:00+00:00,0.03760725,0.149713386205625,0.039103078368749995,0.388,0.151,6.144798684210527,6.1447987,0.11257501578947249,0.237,0.0,0.0,-0.0,0.0,1
2012-07-23 14:00:00+00:00,0.03856665,0.150810702354125,0.040100638503749994,0.269,0.153,6.1998986842105275,6.1998987,0.05510001578947321,0.116,0.0,0.0,-0.0,0.0,1
2012-07-23 14:30:00+00:00,0.03702915,0.149052182885375,0.03850198444125,0.088,0.137,6.1998986842105275,6.1998987,1.5789472840310737e-08,0.0,0.0,0.049000000000000016,0.0,0.0036517784806916888,1
2012-07-23 15:00:00+00:00,0.0354486,0.1472444248715,0.03685856806499999,0.263,0.561,6.1998986842105275,6.1998987,1.5789472840310737e-08,0.0,0.0,0.29800000000000004,0.0,0.021939419305853504,1
2012-07-23 15:30:00+00:00,0.0343416,0.14597829085400002,0.035707537139999995,0.325,0.558,6.1998986842105275,6.1998987,1.5789472840310737e-08,0.0,0.0,0.23300000000000004,0.0,0.017006470884491004,1
2012-07-23 16:00:00+00:00,0.0371337,0.14917176220925002,0.038610692917499995,0.188,0.292,6.1998986842105275,6.1998987,1.5789472840310737e-08,0.0,0.0,0.10399999999999998,0.0,0.007756931634880999,1
2012-07-23 16:30:00+00:00,0.04073145,0.15328669776612502,0.04235154342375,0.044,0.2,6.117793421052633,6.1177934,0.08210528421052743,0.0,0.156,2.7755575615628914e-17,0.0,2.1272802653588694e-18,1
2012-07-23 17:00:00+00:00,0.05256405,0.166820263597625,0.05465478508875,0.0,0.259,5.981477631578948,5.9814776,0.13631582105263274,0.0,0.259,0.0,-0.0,0.0,1
2012-07-23 17:30:00+00:00,0.0541938,0.16868429423450002,0.05634935839499999,0.0,0.932,5.4909513157894745,5.4909513,0.4905263315789483,0.0,0.932,0.0,-0.0,0.0,1
2012-07-23 18:00:00+00:00,0.15277215,0.281433528492875,0.15884866226624997,0.0,1.912,4.701477631578948,4.7014776,0.7894737157894749,0.0,1.5,0.4119999999999999,0.0,0.05797530686953224,1
2012-07-23 18:30:00+00:00,0.1793709,0.31185591530225004,0.1865053775475,0.0,1.442,3.9120039473684214,3.9120039,0.7894737315789477,0.0,1.5,0.0,0.05800000000000005,-0.005408655948877504,1
2012-07-23 19:00:00+00:00,0.16905735,0.30005976670587503,0.17578160609625,0.0,0.601,3.122530263157895,3.1225303,0.7894736473684212,0.0,1.5,0.0,0.899,-0.07901383194026437,1
2012-07-23 19:30:00+00:00,0.1021884,0.22357823797100002,0.10625294361,0.0,0.543,2.8367407894736845,2.8367408,0.285789463157895,0.0,0.543,0.0,-0.0,0.0,1
2012-07-23 20:00:00+00:00,0.0748947,0.19236100036175,0.07787363669249998,0.0,0.691,2.473056578947369,2.4730566,0.3636841894736844,0.0,0.691,0.0,-0.0,0.0,1
2012-07-23 20:30:00+00:00,0.06224415,0.17789190217287498,0.06471991106625,0.0,0.312,2.3088460526315795,2.3088461,0.16421047894736907,0.0,0.312,0.0,-0.0,0.0,1
2012-07-23 21:00:00+00:00,0.0587448,0.173889511862,0.061081374419999994,0.0,0.461,2.066214473684211,2.0662145,0.24263155263157943,0.0,0.461,0.0,-0.0,0.0,1
2012-07-23 21:30:00+00:00,0.04490115,0.158055802565375,0.04668709324125,0.0,0.269,1.92463552631579,1.9246355,0.14157897368421102,0.0,0.269,0.0,-0.0,0.0,1
2012-07-23 22:00:00+00:00,0.038499,0.1507333274975,0.040030297725,0.0,0.24,1.8794736842105269,1.8794737,0.04516182631579002,0.0,0.0858075,0.1541925,0.0,0.011620974300079136,1
2012-07-23 22:30:00+00:00,0.05167845,0.16580735638362498,0.05373396034874999,0.0,0.246,1.7500000000000004,1.75,0.12947368421052685,0.0,0.246,0.0,-0.0,0.0,1
2012-07-23 23:00:00+00:00,0.04092825,0.153511788258125,0.042556171143749995,0.0,0.746,1.357368421052632,1.3573684,0.3926316000000005,0.0,0.746,0.0,-0.0,0.0,1
2012-07-23 23:30:00+00:00,0.04037475,0.152878721249375,0.04198065568125,0.0,0.679,1.0000000000000004,1.0,0.357368421052632,0.0,0.679,0.0,-0.0,0.0,1
2012-07-24 00:00:00+00:00,0.03860355,0.10135290682137499,0.040139006201249994,0.0,0.331,1.7125000000000004,1.7125,0.7124999999999995,1.5,0.0,1.831,0.0,0.0927885861949688,1
2012-07-24 00:30:00+00:00,0.03898485,0.10178901964962503,0.04053547240875,0.0,0.173,2.2999999975000005,2.3,0.5874999999999995,1.2368421,0.0,1.4098421,0.0,0.07175322260988432,1
2012-07-24 01:00:00+00:00,0.0371091,0.09964362589775001,0.03858511445249999,0.0,0.141,3.0124999975000004,3.0125,0.7125000024999997,1.5,0.0,1.641,0.0,0.08175759504910389,1
2012-07-24 01:30:00+00:00,0.0377241,0.10034703368525001,0.039224576077500004,0.0,0.15,3.7249999975000003,3.725,0.7125000024999997,1.5,0.0,1.65,0.0,0.08278630279033125,1
2012-07-24 02:00:00+00:00,0.0342801,0.09640795007524999,0.03564359097749999,0.0,0.173,4.4374999975,4.4375,0.7125000024999997,1.5,0.0,1.673,0.0,0.08064525023794662,1
2012-07-24 02:30:00+00:00,0.0343908,0.09653456347700001,0.03575869406999999,0.0,0.15,5.1499999975,5.15,0.7125000025000006,1.5,0.0,1.65,0.0,0.07964101486852501,1
2012-07-24 03:00:00+00:00,0.03384345,0.09590853054612498,0.03518957322374999,0.0,0.142,5.8624999975000005,5.8625,0.7125000024999997,1.5,0.0,1.642,0.0,0.0787409035783686,1
2012-07-24 03:30:00+00:00,0.0326196,0.094508749049,0.033917044589999994,0.0,0.17,6.574999997500001,6.575,0.7125000024999997,1.5,0.0,1.67,0.0,0.078914805455915,1
2012-07-24 04:00:00+00:00,0.0322014,0.09403043175350001,0.033482210685,0.0,0.137,7.287499997500001,7.2875,0.7125000024999988,1.5,0.0,1.637,0.0,0.07696390839023975,1
2012-07-24 04:30:00+00:00,0.0339234,0.09599997355850001,0.035272703235,0.0,0.143,7.999999997500002,8.0,0.7125000024999988,1.5,0.0,1.643,0.0,0.07886397827830777,1
2012-07-24 05:00:00+00:00,0.0343416,0.326378290854,0.035707537139999995,0.0,0.163,7.914210523815791,7.9142105,0.08578949750000131,0.0,0.163,0.0,-0.0,0.0,1
2012-07-24 05:30:00+00:00,0.03567,0.32789765167500007,0.03708877425,0.0,0.143,7.8389473659210545,7.8389474,0.07526312381579103,0.0,0.143,0.0,-0.0,0.0,1
2012-07-24 06:00:00+00:00,0.03683235,0.32922709239337505,0.038297356721249995,0.0,0.38,7.638947365921054,7.6389474,0.1999999659210543,0.0,0.38,0.0,-0.0,0.0,1
2012-07-24 06:30:00+00:00,0.0418938,0.33501613848450007,0.043560125895,0.0,0.893,7.1689473659210545,7.1689474,0.46999996592105386,0.0,0.893,0.0,-0.0,0.0,1
2012-07-24 07:00:00+00:00,0.0567399,0.35199640247475006,0.0589967295225,0.0,1.975,6.379473681710528,6.3794737,0.7894736659210544,0.0,1.5,0.4750000000000001,0.0,0.08359914558775315,1
2012-07-24 07:30:00+00:00,0.04920615,0.34337965707787504,0.05116332461624999,0.0,0.947,5.881052629078949,5.8810526,0.4984210817105277,0.0,0.947,0.0,-0.0,0.0,1
2012-07-24 08:00:00+00:00,0.06111255,0.35699763184387506,0.06354330167625,0.0,0.568,5.5821052606578965,5.5821053,0.29894732907894905,0.0,0.568,0.0,-0.0,0.0,1
2012-07-24 08:30:00+00:00,0.0608973,0.35675143911825,0.0633194901075,0.013,0.295,5.4336842080263175,5.4336842,0.1484210606578964,0.0,0.282,0.0,-0.0,0.0,1
2012-07-24 09:00:00+00:00,0.0558297,0.35095535894925006,0.0580503263175,0.031,0.25,5.3184210501315805,5.3184211,0.11526310802631734,0.0,0.219,0.0,-0.0,0.0,1
2012-07-24 09:30:00+00:00,0.05989485,0.35560488442462507,0.06227716765874999,0.069,0.264,5.215789471184212,5.2157895,0.10263155013158087,0.0,0.195,0.0,-0.0,0.0,1
2012-07-24 10:00:00+00:00,0.04843125,0.3424933632656251,0.05035760296875,0.113,0.244,5.146842102763159,5.1468421,0.0689473711842119,0.0,0.131,0.0,-0.0,0.0,1
2012-07-24 10:30:00+00:00,0.04841895,0.342479295109875,0.05034481373625,0.025,0.238,5.034736839605264,5.0347368,0.11210530276315911,0.0,0.213,0.0,-0.0,0.0,1
2012-07-24 11:00:00+00:00,0.0448458,0.1579924958645,0.046629541695,0.044,0.263,5.034736839605264,5.0347368,3.9605263957298575e-08,0.0,0.0,0.21900000000000003,0.0,0.017300178297162752,1
2012-07-24 11:30:00+00:00,0.04341285,0.156353555719625,0.04513959610875,0.088,0.257,5.034736839605264,5.0347368,3.9605263957298575e-08,0.0,0.0,0.169,0.0,0.013211875458308313,1
2012-07-24 12:00:00+00:00,0.0467769,0.16020119631725,0.048637451197499994,0.144,0.247,5.034736839605264,5.0347368,3.9605263957298575e-08,0.0,0.0,0.10300000000000001,0.0,0.008250361610338375,1
2012-07-24 12:30:00+00:00,0.04420005,0.157253917687625,0.04595810698875,0.081,0.258,5.034736839605264,5.0347368,3.9605263957298575e-08,0.0,0.0,0.177,0.0,0.013916971715354812,1
2012-07-24 13:00:00+00:00,0.0420537,0.15479902450925,0.0437263859175,0.106,0.257,5.034736839605264,5.0347368,3.9605263957298575e-08,0.0,0.0,0.15100000000000002,0.0,0.011687326350448378,1
2012-07-24 13:30:00+00:00,0.03975975,0.15217531346187502,0.04134119405625,0.106,0.24,5.034736839605264,5.0347368,3.9605263957298575e-08,0.0,0.0,0.134,0.0,0.010195746001945626,1
2012-07-24 14:00:00+00:00,0.0399504,0.152393369876,0.041539427159999996,0.125,0.249,5.034736839605264,5.0347368,3.9605263957298575e-08,0.0,0.0,0.124,0.0,0.009448388932312,1
2012-07-24 14:30:00+00:00,0.03963675,0.152034631904375,0.04121330173125,0.106,0.258,5.034736839605264,5.0347368,3.9605263957298575e-08,0.0,0.0,0.15200000000000002,0.0,0.011554632024732501,1
2012-07-24 15:00:00+00:00,0.03921855,0.15155631460887498,0.04077846782624999,0.031,0.242,5.034736839605264,5.0347368,3.9605263957298575e-08,0.0,0.0,0.211,0.0,0.015989191191236308,1
2012-07-24 15:30:00+00:00,0.03832065,0.15052933923912498,0.039844853853749994,0.006,0.245,5.034736839605264,5.0347368,3.9605263957298575e-08,0.0,0.0,0.239,0.0,0.017988256039075435,1
2012-07-24 16:00:00+00:00,0.04282245,0.155678284243625,0.04452571294874999,0.0,0.412,5.034736839605264,5.0347368,3.9605263957298575e-08,0.0,0.0,0.412,0.0,0.03206972655418675,1
2012-07-24 16:30:00+00:00,0.04619265,0.159532958919125,0.04802996265375,0.0,0.332,5.034736839605264,5.0347368,3.9605263957298575e-08,0.0,0.0,0.332,0.0,0.02648247118057475,1
2012-07-24 17:00:00+00:00,0.05923065,0.17444520401412503,0.06158654910375,0.0,0.32,4.8663157869736855,4.8663158,0.16842103960526433,0.0,0.32,0.0,-0.0,0.0,1
2012-07-24 17:30:00+00:00,0.06388005,0.179762966887625,0.06642087898874999,0.0,1.336,4.1631578922368435,4.1631579,0.7031578869736856,0.0,1.336,0.0,-0.0,0.0,1
2012-07-24 18:00:00+00:00,0.14461725,0.272106341230625,0.15036940111875,0.0,2.647,3.373684208026317,3.3736842,0.7894736922368435,0.0,1.5,1.1469999999999998,0.0,0.1560529866957634,1
2012-07-24 18:30:00+00:00,0.08916885,0.208687095109625,0.09271554100875,0.0,2.231,2.5842105238157904,2.5842105,0.7894737080263168,0.0,1.5,0.7309999999999999,0.0,0.07627513326256792,1
2012-07-24 19:00:00+00:00,0.08916885,0.208687095109625,0.09271554100875,0.0,2.899,1.794736839605264,1.7947368,0.7894737238157905,0.0,1.5,1.399,0.0,0.14597662302918268,1
2012-07-24 19:30:00+00:00,0.0704667,0.18729646429175,0.0732695129925,0.0,0.843,1.3510526290789482,1.3510526,0.44368423960526404,0.0,0.843,0.0,-0.0,0.0,1
2012-07-24 20:00:00+00:00,0.0515862,0.1657018452155,0.05363804110499999,0.0,0.432,1.1863157869736851,1.1863158,0.16473682907894815,0.0,0.313,0.119,0.0,0.009859259790322249,1
2012-07-24 20:30:00+00:00,0.05164155,0.165765151916375,0.05369559265124999,0.0,0.354,1.0,1.0,0.18631578697368512,0.0,0.354,0.0,-0.0,0.0,1
2012-07-24 21:00:00+00:00,0.0505653,0.16453418828825,0.0525765348075,0.0,0.223,1.0,1.0,0.0,0.0,0.0,0.223,0.0,0.018345561994139874,1
2012-07-24 21:30:00+00:00,0.04417545,0.157225781376125,0.045932528523749995,0.0,0.231,1.0,1.0,0.0,0.0,0.0,0.231,0.0,0.01815957774894244,1
2012-07-24 22:00:00+00:00,0.03567615,0.14750468575287498,0.03709516886624999,0.0,0.681,1.0,1.0,0.0,0.0,0.0,0.681,0.0,0.050225345498853935,1
2012-07-24 22:30:00+00:00,0.04900935,0.162754566585875,0.050958696896249996,0.0,0.688,1.0,1.0,0.0,0.0,0.0,0.688,0.0,0.055987570905541,1
2012-07-24 23:00:00+00:00,0.04035015,0.152850584937875,0.04195507721625,0.0,0.684,1.0,1.0,0.0,0.0,0.0,0.684,0.0,0.05227490004875326,1
2012-07-24 23:30:00+00:00,0.03929235,0.151640723543375,0.04085520322124999,0.0,0.322,1.0,1.0,0.0,0.0,0.0,0.322,0.0,0.024414156490483375,1
2012-07-25 00:00:00+00:00,0.03525795,0.09752636845737502,0.03666033496125,0.0,0.147,1.7125,1.7125,0.7124999999999999,1.5,0.0,1.647,0.0,0.08031296442464833,1
2012-07-25 00:30:00+00:00,0.0334929,0.09550758810725002,0.034825080097499996,0.0,0.16,2.425,2.425,0.7124999999999999,1.5,0.0,1.66,0.0,0.07927129812901751,1
2012-07-25 01:00:00+00:00,0.0365187,0.09896835442175002,0.0379712312925,0.0,0.166,3.1374999999999997,3.1375,0.7125000000000004,1.5,0.0,1.666,0.0,0.08244063923331776,1
2012-07-25 01:30:00+00:00,0.0371091,0.09964362589775001,0.03858511445249999,0.0,0.136,3.7249999975,3.725,0.5875000000000004,1.2368421,0.0,1.3728421000000002,0.0,0.06839748231454076,1
2012-07-25 02:00:00+00:00,0.03381885,0.09588039423462501,0.03516399475874999,0.0,0.152,4.4374999975,4.4375,0.7125000025000001,1.5,0.0,1.652,0.0,0.07919720563780025,1
2012-07-25 02:30:00+00:00,0.0325581,0.09443840827025,0.03385309842749999,0.0,0.173,5.1499999975,5.15,0.7125000025000006,1.5,0.0,1.673,0.0,0.07899772851806414,1
2012-07-25 03:00:00+00:00,0.0321522,0.09397415913049999,0.033431053754999995,0.0,0.141,5.8624999975000005,5.8625,0.7125000024999997,1.5,0.0,1.641,0.0,0.07710579756657523,1
2012-07-25 03:30:00+00:00,0.03226905,0.094107806610125,0.03355255146375,0.0,0.134,6.574999997500001,6.575,0.7125000024999997,1.5,0.0,1.634,0.0,0.07688607800047212,1
2012-07-25 04:00:00+00:00,0.03228135,0.094121874765875,0.033565340696249994,0.0,0.177,7.287499997500001,7.2875,0.7125000024999988,1.5,0.0,1.677,0.0,0.07892119199118619,1
2012-07-25 04:30:00+00:00,0.032349,0.09419924962250001,0.033635681475000005,0.0,0.156,7.999999997500002,8.0,0.7125000024999988,1.5,0.0,1.656,0.0,0.07799697868743,1
2012-07-25 05:00:00+00:00,0.0324105,0.32416959040125004,0.0336996276375,0.0,0.251,7.867894734342107,7.8678947,0.13210529750000166,0.0,0.251,0.0,-0.0,0.0,1
2012-07-25 05:30:00+00:00,0.03349905,0.325414622185125,0.03483147471375,0.0,0.209,7.7578947343421065,7.7578947,0.11000003434210726,0.0,0.209,0.0,-0.0,0.0,1
2012-07-25 06:00:00+00:00,0.03595905,0.328228253335125,0.03738932121374999,0.0,0.453,7.519473681710528,7.5194737,0.2384210343421067,0.0,0.453,0.0,-0.0,0.0,1
2012-07-25 06:30:00+00:00,0.0416601,0.33474884352525,0.04331713047749999,0.0,2.05,6.729999997500001,6.73,0.7894736817105272,0.0,1.5,0.5499999999999998,0.0,0.09205593196944371,1
2012-07-25 07:00:00+00:00,0.0406515,0.33359525475375,0.0422684134125,0.0,1.223,6.086315786973685,6.0863158,0.6436841975000007,0.0,1.223,0.0,-0.0,0.0,1
2012-07-25 07:30:00+00:00,0.04009185,0.332955153667125,0.04168650333374999,0.0,0.728,5.7031578922368436,5.7031579,0.38315788697368536,0.0,0.728,0.0,-0.0,0.0,1
2012-07-25 08:00:00+00:00,0.0489663,0.34310532804075,0.050913934582499994,0.0,0.465,5.45842105013158,5.4584211,0.24473679223684375,0.0,0.465,0.0,-0.0,0.0,1
2012-07-25 08:30:00+00:00,0.04742265,0.341339774494125,0.049308885903749995,0.006,0.156,5.379473681710528,5.3794737,0.07894735013158005,0.0,0.15,0.0,-0.0,0.0,1
2012-07-25 09:00:00+00:00,0.04392945,0.337344418261125,0.045676743873749995,0.006,0.142,5.307894734342107,5.3078947,0.07157898171052768,0.0,0.136,0.0,2.7755575615628914e-17,-6.338921592317914e-19,1
2012-07-25 09:30:00+00:00,0.0431976,0.336507362994,0.044915784539999996,0.0,0.15,5.228947365921055,5.2289474,0.07894733434210721,0.0,0.15,0.0,-0.0,0.0,1
2012-07-25 10:00:00+00:00,0.0397044,0.332512006761,0.041283642509999996,0.013,0.156,5.153684208026318,5.1536842,0.0752631659210552,0.0,0.143,0.0,-0.0,0.0,1
2012-07-25 10:30:00+00:00,0.0396183,0.33241352967075005,0.0411941178825,0.019,0.147,5.086315786973686,5.0863158,0.06736840802631772,0.0,0.128,0.0,-0.0,0.0,1
2012-07-25 11:00:00+00:00,0.03929235,0.151640723543375,0.04085520322124999,0.013,0.134,5.02263157644737,5.0226316,0.06368418697368572,0.0,0.121,1.3877787807814457e-17,0.0,1.052218892179206e-18,1
2012-07-25 11:30:00+00:00,0.0385851,0.15083180458774997,0.040119822352499994,0.019,0.147,4.955263155394738,4.9552632,0.06736837644737026,0.0,0.128,0.0,-0.0,0.0,1
2012-07-25 12:00:00+00:00,0.0350919,0.14683644835475002,0.0364876803225,0.094,0.15,4.955263155394738,4.9552632,4.460526170646517e-08,0.0,0.0,0.055999999999999994,0.0,0.004111420553933,1
2012-07-25 12:30:00+00:00,0.0346122,0.14628779028049999,0.035988900255,0.438,0.142,5.095863155394738,5.0958632,0.14060004460526176,0.296,0.0,0.0,5.551115123125783e-17,-9.988926423509791e-19,1
2012-07-25 13:00:00+00:00,0.03444,0.14609083609999998,0.035809851,0.519,0.14,5.275888155394738,5.2758882,0.18002504460526136,0.379,0.0,0.0,-0.0,0.0,1
2012-07-25 13:30:00+00:00,0.0343416,0.14597829085400002,0.035707537139999995,0.506,0.164,5.438338155394738,5.4383382,0.16245004460526147,0.342,0.0,0.0,-0.0,0.0,1
2012-07-25 14:00:00+00:00,0.03383115,0.145394462390375,0.035176783991249995,0.488,0.136,5.605538155394738,5.6055382,0.16720004460526194,0.352,0.0,0.0,-0.0,0.0,1
2012-07-25 14:30:00+00:00,0.03383115,0.145394462390375,0.035176783991249995,0.463,0.194,5.733313155394738,5.7333132,0.12777504460526234,0.269,0.0,0.0,-0.0,0.0,1
2012-07-25 15:00:00+00:00,0.0343416,0.14597829085400002,0.035707537139999995,0.425,0.698,5.733313155394738,5.7333132,4.460526259464359e-08,0.0,0.0,0.27299999999999996,0.0,0.019926036701571,1
2012-07-25 15:30:00+00:00,0.03444615,0.146097870177875,0.03581624561625,0.369,0.319,5.757063155394738,5.7570632,0.02375004460526231,0.05,0.0,0.0,-0.0,0.0,1
2012-07-25 16:00:00+00:00,0.03469215,0.14637923329287497,0.03607203026624999,0.294,0.356,5.757063155394738,5.7570632,4.460526259464359e-08,0.0,0.0,0.062,0.0,0.004537756232079124,1
2012-07-25 16:30:00+00:00,0.03437235,0.146013461243375,0.03573951022125,0.088,0.243,5.757063155394738,5.7570632,4.460526259464359e-08,0.0,0.0,0.155,0.0,0.011316043246361563,1
2012-07-25 17:00:00+00:00,0.03736125,0.149432023090625,0.038847293718749995,0.0,0.651,5.414431576447369,5.4144316,0.3426315553947372,0.0,0.651,0.0,-0.0,0.0,1
2012-07-25 17:30:00+00:00,0.03736125,0.149432023090625,0.038847293718749995,0.0,2.726,5.346315786973685,5.3463158,0.06811577644736921,0.0,0.12942,2.59658,0.0,0.19400610125832754,1
2012-07-25 18:00:00+00:00,0.0452886,0.1584989494715,0.047089954064999995,0.0,2.056,4.5568421027631585,4.5568421,0.7894736869736851,0.0,1.5,0.556,0.0,0.044062707953077006,1
2012-07-25 18:30:00+00:00,0.0454977,0.15873810811925002,0.0473073710175,0.0,2.071,3.767368418552632,3.7673684,0.7894737027631584,0.0,1.5,0.5710000000000002,0.0,0.045319729868045895,1
2012-07-25 19:00:00+00:00,0.0441324,0.157176542831,0.04588776620999999,0.0,1.401,3.0299999975,3.03,0.7373684185526321,0.0,1.401,0.0,-0.0,0.0,1
2012-07-25 19:30:00+00:00,0.03971055,0.152119040838875,0.04129003712625,0.0,1.3,2.3457894711842107,2.3457895,0.6842104975000001,0.0,1.3,0.0,-0.0,0.0,1
2012-07-25 20:00:00+00:00,0.04014105,0.152611426290125,0.04173766026374999,0.0,1.105,1.7642105238157897,1.7642105,0.5815789711842108,0.0,1.105,0.0,-0.0,0.0,1
2012-07-25 20:30:00+00:00,0.0413526,0.1539971396315,0.042997399665000005,0.0,0.679,1.4068421027631581,1.4068421,0.3573684238157897,0.0,0.679,0.0,-0.0,0.0,1
2012-07-25 21:00:00+00:00,0.0407499,0.15330779999975,0.04237072727249999,0.0,0.358,1.218421050131579,1.2184211,0.1884210027631581,0.0,0.358,0.0,-0.0,0.0,1
2012-07-25 21:30:00+00:00,0.0360267,0.14790562819175002,0.037459661992500004,0.0,0.289,1.218421050131579,1.2184211,4.9868420948229186e-08,0.0,0.0,0.289,0.0,0.021372363273707874,1
2012-07-25 22:00:00+00:00,0.03423705,0.145858711530125,0.03559882866375,0.0,0.185,1.218421050131579,1.2184211,4.9868420948229186e-08,0.0,0.0,0.185,0.0,0.013491930816536563,1
2012-07-25 22:30:00+00:00,0.03801315,0.150177635345375,0.03952512304125,0.0,0.415,1.0,1.0,0.2184210501315791,0.0,0.415,0.0,-0.0,0.0,1
2012-07-25 23:00:00+00:00,0.0337512,0.14530301937800003,0.03509365398,0.0,0.218,1.0,1.0,0.0,0.0,0.0,0.218,0.0,0.015838029112202,1
2012-07-25 23:30:00+00:00,0.0345384,0.146203381346,0.03591216485999999,0.0,0.226,1.0,1.0,0.0,0.0,0.0,0.226,0.0,0.016520982092098,1
2012-07-26 00:00:00+00:00,0.0336774,0.0957186104435,0.035016918585,0.0,0.241,1.7125,1.7125,0.7124999999999999,1.5,0.0,1.741,0.0,0.08332305039106676,1
2012-07-26 00:30:00+00:00,0.0339603,0.09604217802575002,0.0353110709325,0.0,0.109,2.425,2.425,0.7124999999999999,1.5,0.0,1.609,0.0,0.07726593222171589,1
2012-07-26 01:00:00+00:00,0.03451995,0.09668227911237502,0.03589298101125,0.0,0.111,2.8851315785,2.8851316,0.4601316,0.96869806,0.0,1.0796980600000001,0.0,0.052193834597004926,1
2012-07-26 01:30:00+00:00,0.03390495,0.09597887132487501,0.03525351938625,0.0,0.103,3.5976315784999997,3.5976316,0.7125000215000004,1.5,0.0,1.603,0.0,0.07692706536688732,1
2012-07-26 02:00:00+00:00,0.03255195,0.09443137419237502,0.033846703811250003,0.0,0.11,4.3101315785,4.3101316,0.7125000215000004,1.5,0.0,1.61,0.0,0.0760172562248619,1
2012-07-26 02:30:00+00:00,0.03132195,0.093024558617375,0.032567780561249995,0.0,0.102,5.0226315785,5.0226316,0.7125000215000004,1.5,0.0,1.602,0.0,0.07451267145251739,1
2012-07-26 03:00:00+00:00,0.030504,0.09208902626,0.0317172966,0.0,0.105,5.735131578500001,5.7351316,0.7125000214999995,1.5,0.0,1.605,0.0,0.07390144357365,1
2012-07-26 03:30:00+00:00,0.0296061,0.09106205089025,0.030783682627499996,0.0,0.094,6.447631578500001,6.4476316,0.7125000214999995,1.5,0.0,1.594,0.0,0.07257645455952925,1
2012-07-26 04:00:00+00:00,0.0262851,0.08726364883775001,0.027330589852499997,0.0,0.1,7.1601315785000015,7.1601316,0.7125000214999986,1.5,0.0,1.6,0.0,0.06981091907020001,1
2012-07-26 04:30:00+00:00,0.02763195,0.08880411189237501,0.02873101081125,0.0,0.093,7.872631578500002,7.8726316,0.7125000214999986,1.5,0.0,1.593,0.0,0.07073247512227669,1
2012-07-26 05:00:00+00:00,0.03023955,0.321686560911375,0.03144232810124999,0.0,0.098,7.821052631131581,7.8210526,0.05157897850000204,0.0,0.098,0.0,-0.0,0.0,1
2012-07-26 05:30:00+00:00,0.0331854,0.3250558842135,0.034505349284999993,0.0,0.098,7.7694736837631595,7.7694737,0.05157893113158085,0.0,0.098,0.0,-0.0,0.0,1
2012-07-26 06:00:00+00:00,0.0336528,0.32559047413200004,0.03499134011999999,0.0,0.104,7.7147368416578965,7.7147368,0.05473688376315966,0.0,0.104,0.0,-0.0,0.0,1
2012-07-26 06:30:00+00:00,0.03750885,0.33000084095962506,0.03900076450875,0.0,0.105,7.65947368376316,7.6594737,0.05526314165789614,0.0,0.105,0.0,-0.0,0.0,1
2012-07-26 07:00:00+00:00,0.04011645,0.332983289978625,0.041712081798749995,0.0,0.108,7.602631578500002,7.6026316,0.05684208376316047,0.0,0.108,0.0,-0.0,0.0,1
2012-07-26 07:30:00+00:00,0.0389295,0.33162571294875004,0.040477920862499996,0.0,0.107,7.546315789026318,7.5463158,0.05631577850000191,0.0,0.107,0.0,-0.0,0.0,1
2012-07-26 08:00:00+00:00,0.04278555,0.336036079776375,0.04448734525124999,0.006,1.312,6.858947367973686,6.8589474,0.687368389026318,0.0,1.306,0.0,-0.0,0.0,1
2012-07-26 08:30:00+00:00,0.04170315,0.33479808207037504,0.04336189279125,0.013,0.211,6.754736841657897,6.7547368,0.104210567973686,0.0,0.198,0.0,2.7755575615628914e-17,-6.017671471021669e-19,1
2012-07-26 09:00:00+00:00,0.03966135,0.332462768215875,0.041238880196249994,0.006,0.102,6.704210525868423,6.7042105,0.05052634165789627,0.0,0.096,0.0,1.3877787807814457e-17,-2.861522143977196e-19,1
2012-07-26 09:30:00+00:00,0.0396183,0.33241352967075005,0.0411941178825,0.063,0.095,6.6873684206052655,6.6873684,0.01684212586842282,0.0,0.032,0.0,-0.0,0.0,1
2012-07-26 10:00:00+00:00,0.03958755,0.33237835928137505,0.041162144801249995,0.081,0.102,6.676315789026318,6.6763158,0.01105262060526524,0.0,0.021,0.0,1.0408340855860843e-17,-2.1421481672485515e-19,1
2012-07-26 10:30:00+00:00,0.03956295,0.33235022296987504,0.04113656633625,0.075,0.318,6.548421052184213,6.5484211,0.12789468902631818,0.0,0.243,0.0,-0.0,0.0,1
2012-07-26 11:00:00+00:00,0.03674625,0.14872861530312498,0.03820783209375,0.1,0.392,6.394736841657897,6.3947368,0.15368425218421233,0.0,0.292,5.551115123125783e-17,0.0,4.128048328253669e-18,1
2012-07-26 11:30:00+00:00,0.03440925,0.146055665710625,0.03577787791875,0.1,0.461,6.204736841657897,6.2047368,0.19000004165789708,0.0,0.361,0.0,-0.0,0.0,1
2012-07-26 12:00:00+00:00,0.03442155,0.146069733866375,0.035790667151250004,0.0,0.116,6.143684210078949,6.1436842,0.0610526416578967,0.0,0.116,0.0,-0.0,0.0,1
2012-07-26 12:30:00+00:00,0.0344646,0.1461189724115,0.03583542946499999,0.0,0.092,6.09526315744737,6.0952632,0.0484210100789495,0.0,0.092,0.0,-0.0,0.0,1
2012-07-26 13:00:00+00:00,0.0343416,0.14597829085400002,0.035707537139999995,0.044,0.483,5.8642105258684225,5.8642105,0.23105265744736947,0.0,0.439,0.0,-0.0,0.0,1
2012-07-26 13:30:00+00:00,0.03412635,0.145732098128375,0.03548372557125,0.006,0.682,5.508421052184212,5.5084211,0.3557894258684229,0.0,0.676,0.0,-0.0,0.0,1
2012-07-26 14:00:00+00:00,0.0338988,0.14547183724700002,0.03524712477,0.006,0.662,5.163157894289475,5.1631579,0.345263152184212,0.0,0.656,0.0,-0.0,0.0,1
2012-07-26 14:30:00+00:00,0.0337389,0.14528895122225002,0.0350808647475,0.0,0.694,4.797894736394738,4.7978947,0.36526319428947573,0.0,0.694,0.0,-0.0,0.0,1
2012-07-26 15:00:00+00:00,0.033825,0.1453874283125,0.035170389375,0.006,0.505,4.53526315744737,4.5352632,0.26263153639473824,0.0,0.499,0.0,-0.0,0.0,1
2012-07-26 15:30:00+00:00,0.0339849,0.14557031433724998,0.035336649397499996,0.019,0.178,4.451578946921055,4.4515789,0.08368425744736996,0.0,0.159,0.0,-0.0,0.0,1
2012-07-26 16:00:00+00:00,0.03418785,0.145802438907125,0.035547671733749994,0.119,0.174,4.4226315785000025,4.4226316,0.02894734692105505,0.0,0.055,0.0,6.938893903907228e-18,-1.2333076134570657e-19,1
2012-07-26 16:30:00+00:00,0.0365187,0.14846835442175,0.0379712312925,0.1,0.201,4.36947368376316,4.3694737,0.0531578785000022,0.0,0.101,0.0,-0.0,0.0,1
2012-07-26 17:00:00+00:00,0.0378225,0.14995957893125,0.0393268899375,0.0,0.507,4.102631578500002,4.1026316,0.26684208376316043,0.0,0.507,0.0,-0.0,0.0,1
2012-07-26 17:30:00+00:00,0.03880035,0.15107799731337498,0.04034363392125,0.0,0.763,3.701052631131581,3.7010526,0.4015789785000021,0.0,0.763,0.0,-0.0,0.0,1
2012-07-26 18:00:00+00:00,0.0475272,0.161059353818,0.04941759438,0.0,0.935,3.2089473679736864,3.2089474,0.492105231131581,0.0,0.935,0.0,-0.0,0.0,1
2012-07-26 18:30:00+00:00,0.0481545,0.16177682976125002,0.0500698452375,0.0,0.871,2.7505263153421073,2.7505263,0.4584210679736862,0.0,0.871,0.0,-0.0,0.0,1
2012-07-26 19:00:00+00:00,0.0477978,0.16136885324449998,0.049698957494999994,0.0,0.743,2.35947368376316,2.3594737,0.3910526153421072,0.0,0.743,0.0,-0.0,0.0,1
2012-07-26 19:30:00+00:00,0.04213365,0.154890467521625,0.04380951592875,0.0,0.331,2.18526315744737,2.1852632,0.17421048376315973,0.0,0.331,0.0,-0.0,0.0,1
2012-07-26 20:00:00+00:00,0.0396675,0.15206980229375,0.041245274812499996,0.0,0.369,1.9910526311315808,1.9910526,0.19421055744737026,0.0,0.369,0.0,-0.0,0.0,1
2012-07-26 20:30:00+00:00,0.04620495,0.159547027074875,0.04804275188625,0.0,0.439,1.7599999995526334,1.76,0.2310526311315808,0.0,0.439,0.0,-0.0,0.0,1
2012-07-26 21:00:00+00:00,0.04458135,0.157690030515875,0.04635457319624999,0.0,0.236,1.6357894732368439,1.6357895,0.12421049955263341,0.0,0.236,0.0,-0.0,0.0,1
2012-07-26 21:30:00+00:00,0.03966135,0.152062768215875,0.041238880196249994,0.0,0.204,1.5284210521842123,1.5284211,0.10736837323684378,0.0,0.204,0.0,-0.0,0.0,1
2012-07-26 22:00:00+00:00,0.03634035,0.14826436616337502,0.03778578742125,0.0,0.201,1.4226315785000017,1.4226316,0.10578945218421221,0.0,0.201,0.0,-0.0,0.0,1
2012-07-26 22:30:00+00:00,0.04311765,0.156015919981625,0.044832654528749995,0.0,0.273,1.2789473679736858,1.2789474,0.1436841785000016,0.0,0.273,0.0,-0.0,0.0,1
2012-07-26 23:00:00+00:00,0.03659865,0.14855979743412498,0.03805436130375,0.0,0.287,1.1278947363947385,1.1278947,0.15105266797368588,0.0,0.287,0.0,-0.0,0.0,1
2012-07-26 23:30:00+00:00,0.0362973,0.14821512761825,0.03774102510749999,0.0,0.243,1.0,1.0,0.12789473639473847,0.0,0.243,0.0,-0.0,0.0,1
2012-07-27 00:00:00+00:00,0.0342555,0.09637981376375002,0.035618012512500005,0.0,0.207,1.7125,1.7125,0.7124999999999999,1.5,0.0,1.707,0.0,0.08226017104736064,1
2012-07-27 00:30:00+00:00,0.0339234,0.09599997355850001,0.035272703235,0.0,0.149,2.425,2.425,0.7124999999999999,1.5,0.0,1.649,0.0,0.07915197819898326,1
2012-07-27 01:00:00+00:00,0.03822225,0.10091679399312502,0.03974253999375,0.0,0.14,3.1374999999999997,3.1375,0.7125000000000004,1.5,0.0,1.6400000000000001,0.0,0.08275177107436252,1
2012-07-27 01:30:00+00:00,0.03846825,0.10119815710812499,0.03999832464375,0.0,0.153,3.7249999975,3.725,0.5875000000000004,1.2368421,0.0,1.3898421,0.0,0.07032472959564319,1
2012-07-27 02:00:00+00:00,0.03443385,0.09658380202212502,0.03580345638375,0.0,0.163,4.4374999975,4.4375,0.7125000025000001,1.5,0.0,1.663,0.0,0.08030943138139696,1
2012-07-27 02:30:00+00:00,0.03321,0.09518402052500002,0.03453092775,0.0,0.147,5.1499999975,5.15,0.7125000025000006,1.5,0.0,1.647,0.0,0.07838404090233753,1
2012-07-27 03:00:00+00:00,0.032349,0.09419924962250001,0.033635681475000005,0.0,0.151,5.8624999975000005,5.8625,0.7125000024999997,1.5,0.0,1.651,0.0,0.07776148056337376,1
2012-07-27 03:30:00+00:00,0.03140805,0.09312303570762501,0.03265730518875,0.0,0.152,6.574999997500001,6.575,0.7125000024999997,1.5,0.0,1.652,0.0,0.07691962749449825,1
2012-07-27 04:00:00+00:00,0.031734,0.09349584183500001,0.032996219849999994,0.0,0.139,7.287499997500001,7.2875,0.7125000024999988,1.5,0.0,1.639,0.0,0.07661984238378251,1
2012-07-27 04:30:00+00:00,0.0318324,0.09360838708100001,0.033098533709999996,0.0,0.14,7.999999997500002,8.0,0.7125000024999988,1.5,0.0,1.6400000000000001,0.0,0.07675887740642001,1
2012-07-27 05:00:00+00:00,0.03279795,0.324612737307375,0.03410248846125,0.0,0.166,7.91263157644737,7.9126316,0.08736839750000147,0.0,0.166,0.0,-0.0,0.0,1
2012-07-27 05:30:00+00:00,0.0343908,0.326434563477,0.03575869406999999,0.0,0.144,7.83684210276316,7.8368421,0.07578947644736989,0.0,0.144,0.0,-0.0,0.0,1
2012-07-27 06:00:00+00:00,0.03678315,0.32917081977037504,0.03824619979125,0.0,0.139,7.7636842080263175,7.7636842,0.07315790276315948,0.0,0.139,0.0,-0.0,0.0,1
2012-07-27 06:30:00+00:00,0.03937845,0.33213920063362506,0.04094472784875,0.0,0.163,7.677894734342107,7.6778947,0.08578950802631713,0.0,0.163,0.0,-0.0,0.0,1
2012-07-27 07:00:00+00:00,0.04959975,0.343829838061875,0.05157258005625,0.0,0.138,7.605263155394739,7.6052632,0.07263153434210778,0.0,0.138,0.0,-0.0,0.0,1
2012-07-27 07:30:00+00:00,0.0414756,0.334537821189,0.043125291989999995,0.0,0.145,7.528947365921055,7.5289474,0.0763157553947389,0.0,0.145,0.0,-0.0,0.0,1
2012-07-27 08:00:00+00:00,0.0498765,0.34414637156625005,0.051860337787499995,0.006,0.493,7.27263157644737,7.2726316,0.25631576592105443,0.0,0.487,0.0,-0.0,0.0,1
2012-07-27 08:30:00+00:00,0.0499872,0.344272984968,0.05197544088,0.0,0.907,6.795263155394739,6.7952632,0.4773683764473704,0.0,0.907,0.0,-0.0,0.0,1
2012-07-27 09:00:00+00:00,0.0388557,0.33154130401425,0.040401185467499996,0.006,0.172,6.707894734342108,6.7078947,0.08736845539473936,0.0,0.166,0.0,2.7755575615628914e-17,-5.606790791021221e-19,1
2012-07-27 09:30:00+00:00,0.03950145,0.33227988219112503,0.04107262017375,0.006,0.489,6.453684208026318,6.4536842,0.25421053434210794,0.0,0.483,0.0,-0.0,0.0,1
2012-07-27 10:00:00+00:00,0.0373797,0.32985312532425004,0.0388664775675,0.013,0.662,6.112105260657897,6.1121053,0.3415789080263183,0.0,0.649,0.0,-0.0,0.0,1
2012-07-27 10:30:00+00:00,0.0342924,0.32632201823100004,0.03565638021,0.013,0.131,6.049999997500002,6.05,0.0621052606578969,0.0,0.118,1.3877787807814457e-17,0.0,2.2643138630137896e-18,1
2012-07-27 11:00:00+00:00,0.03443385,0.146083802022125,0.03580345638375,0.019,0.146,5.983157892236845,5.9831579,0.06684209750000214,0.0,0.127,0.0,-0.0,0.0,1
2012-07-27 11:30:00+00:00,0.03447075,0.14612600648937502,0.03584182408125,0.019,0.147,5.915789471184213,5.9157895,0.06736839223684488,0.0,0.128,0.0,-0.0,0.0,1
2012-07-27 12:00:00+00:00,0.0343662,0.1460064271655,0.035733115605,0.131,0.547,5.69684210276316,5.6968421,0.21894737118421315,0.0,0.416,5.551115123125783e-17,0.0,4.052492429559851e-18,1
2012-07-27 12:30:00+00:00,0.0344646,0.1461189724115,0.03583542946499999,0.463,2.089,4.907368418552633,4.9073684,0.7894737027631598,0.0,1.5,0.1259999999999999,0.0,0.009205495261924492,1
2012-07-27 13:00:00+00:00,0.0339603,0.14554217802575,0.0353110709325,0.525,1.198,4.820782892236844,4.8207829,0.08658551855263319,0.0,0.1645125,0.5084875,0.0,0.037003189124434274,1
2012-07-27 13:30:00+00:00,0.03378195,0.14533818976737498,0.03512562706124999,0.369,1.1,4.820782892236844,4.8207829,7.763156339990473e-09,0.0,0.0,0.7310000000000001,0.0,0.05312110835997556,1
2012-07-27 14:00:00+00:00,0.0330009,0.14444486187724997,0.034313510797499995,0.494,0.309,4.908657892236844,4.9086579,0.08787500776315582,0.185,0.0,0.0,-0.0,0.0,1
2012-07-27 14:30:00+00:00,0.03276105,0.144170532840125,0.03406412076375,0.419,0.199,5.013157892236844,5.0131579,0.10450000776315616,0.22,0.0,5.551115123125783e-17,0.0,4.0015361257896006e-18,1
2012-07-27 15:00:00+00:00,0.0325335,0.14391027195875,0.0338275199625,0.256,1.001,5.013157892236844,5.0131579,7.763156339990473e-09,0.0,0.0,0.7449999999999999,0.0,0.05360657630463437,1
2012-07-27 15:30:00+00:00,0.03390495,0.145478871324875,0.03525351938625,0.363,0.722,5.013157892236844,5.0131579,7.763156339990473e-09,0.0,0.0,0.359,0.0,0.026113457402815062,1
2012-07-27 16:00:00+00:00,0.03396645,0.145549212103625,0.035317465548749996,0.313,0.454,4.938947365921055,4.9389474,0.07421049223684406,0.0,0.141,2.7755575615628914e-17,0.0,2.0199010811686875e-18,1
2012-07-27 16:30:00+00:00,0.0350181,0.14675203942025,0.0364109449275,0.088,0.621,4.658421050131581,4.6584211,0.280526265921055,0.0,0.533,0.0,-0.0,0.0,1
2012-07-27 17:00:00+00:00,0.0331977,0.14466995236925,0.0345181385175,0.0,1.854,4.658421050131581,4.6584211,4.986841872778314e-08,0.0,0.0,1.854,0.0,0.13410904584629477,1
2012-07-27 17:30:00+00:00,0.03408945,0.145689893661125,0.03544535787375,0.0,1.616,3.8689473659210547,3.8689474,0.7894736501315811,0.0,1.5,0.1160000000000001,0.0,0.008450013832345258,1
2012-07-27 18:00:00+00:00,0.03893565,0.15123274702662498,0.04048431547875,0.0,1.268,3.201578944868423,3.2015789,0.6673684659210548,0.0,1.268,0.0,-0.0,0.0,1
2012-07-27 18:30:00+00:00,0.0387819,0.15105689507975,0.0403244500725,0.0,0.341,3.022105260657897,3.0221053,0.17947364486842288,0.0,0.341,0.0,-0.0,0.0,1
2012-07-27 19:00:00+00:00,0.03929235,0.151640723543375,0.04085520322124999,0.0,1.067,2.460526313289476,2.4605263,0.5615789606578967,0.0,1.067,0.0,-0.0,0.0,1
2012-07-27 19:30:00+00:00,0.03571305,0.147546890220125,0.03713353656375,0.0,0.288,2.308947365921055,2.3089474,0.15157891328947581,0.0,0.288,0.0,-0.0,0.0,1
2012-07-27 20:00:00+00:00,0.0341448,0.145753200362,0.035502909420000006,0.0,0.534,2.027894734342108,2.0278947,0.28105266592105504,0.0,0.534,0.0,-0.0,0.0,1
2012-07-27 20:30:00+00:00,0.0420537,0.15479902450925,0.0437263859175,0.0,0.342,1.847894734342108,1.8478947,0.18000003434210798,0.0,0.342,0.0,-0.0,0.0,1
2012-07-27 21:00:00+00:00,0.03867735,0.15093731575587502,0.04021574159624999,0.0,0.27,1.7057894711842132,1.7057895,0.14210523434210787,0.0,0.27,0.0,-0.0,0.0,1
2012-07-27 21:30:00+00:00,0.03670935,0.148686410835875,0.03816946439625,0.0,0.259,1.569473681710529,1.5694737,0.13631577118421312,0.0,0.259,0.0,-0.0,0.0,1
2012-07-27 22:00:00+00:00,0.03388035,0.145450735013375,0.03522794092124999,0.0,0.274,1.569473681710529,1.5694737,1.828947104876022e-08,0.0,0.0,0.274,0.0,0.019926750696832377,1
2012-07-27 22:30:00+00:00,0.04082985,0.153399243012125,0.04245385728375,0.0,0.416,1.3505263132894765,1.3505263,0.21894738171052897,0.0,0.416,0.0,-0.0,0.0,1
2012-07-27 23:00:00+00:00,0.03603285,0.14791266226962502,0.03746605660874999,0.0,0.334,1.174736839605266,1.1747368,0.17578951328947645,0.0,0.334,0.0,-0.0,0.0,1
2012-07-27 23:30:00+00:00,0.0399504,0.152393369876,0.041539427159999996,0.0,0.332,1.0,1.0,0.17473683960526598,0.0,0.332,0.0,-0.0,0.0,1
2012-07-28 00:00:00+00:00,0.03801315,0.100677635345375,0.03952512304125,0.0,0.876,1.0,1.0,0.0,0.0,0.0,0.876,0.0,0.04409680428127425,1
2012-07-28 00:30:00+00:00,0.03745965,0.10004456833662499,0.03894960757874999,0.0,1.577,1.0,1.0,0.0,0.0,0.0,1.577,0.0,0.0788851421334288,1
2012-07-28 01:00:00+00:00,0.0363711,0.09879953655275002,0.0378177605025,0.0,1.295,1.0,1.0,0.0,0.0,0.0,1.295,0.0,0.06397269991790563,1
2012-07-28 01:30:00+00:00,0.0353379,0.09761781146975,0.036743464972499994,0.0,0.737,1.07965921,1.0796592,0.07965920000000004,0.1677036,0.0,0.9047035999999999,0.0,0.044157592730402054,1
2012-07-28 02:00:00+00:00,0.03336375,0.09535987247187501,0.03469079315625,0.0,0.381,1.79215921,1.7921592,0.71249999,1.5,0.0,1.881,0.0,0.08968596005979845,1
2012-07-28 02:30:00+00:00,0.03380655,0.095866326078875,0.03515120552624999,0.0,0.154,2.50465921,2.5046592,0.71249999,1.5,0.0,1.654,0.0,0.07928145166722962,1
2012-07-28 03:00:00+00:00,0.0342186,0.09633760929650001,0.035579644815000006,0.0,0.165,3.2171592099999997,3.2171592,0.7124999900000004,1.5,0.0,1.665,0.0,0.08020105973933626,1
2012-07-28 03:30:00+00:00,0.03411405,0.096218029972625,0.035470936338749995,0.0,0.141,3.9296592099999996,3.9296592,0.7124999900000004,1.5,0.0,1.641,0.0,0.07894689359253881,1
2012-07-28 04:00:00+00:00,0.0326934,0.0945931579835,0.03399377998499999,0.0,0.155,4.642159209999999,4.6421592,0.7124999900000004,1.5,0.0,1.655,0.0,0.07827583823134625,1
2012-07-28 04:30:00+00:00,0.03085455,0.092489968698875,0.03208178972625,0.0,0.159,5.3546592099999994,5.3546592,0.7124999900000013,1.5,0.0,1.659,0.0,0.07672042903571683,1
2012-07-28 05:00:00+00:00,0.0314634,0.32308634240850004,0.032714856735000006,0.0,0.139,5.281501315263157,5.2815013,0.07315790999999905,0.0,0.139,0.0,-0.0,0.0,1
2012-07-28 05:30:00+00:00,0.03207225,0.32378271611812504,0.033347923743749994,0.0,0.137,5.209396052105262,5.2093961,0.07210521526315716,0.0,0.137,0.0,-0.0,0.0,1
2012-07-28 06:00:00+00:00,0.03209685,0.32381085242962504,0.033373502208749996,0.0,0.163,5.123606578421052,5.1236066,0.08578945210526268,0.0,0.163,0.0,-0.0,0.0,1
2012-07-28 06:30:00+00:00,0.03385575,0.325822598701875,0.03520236245624999,0.0,0.146,5.046764473157894,5.0467645,0.07684207842105195,0.0,0.146,0.0,-0.0,0.0,1
2012-07-28 07:00:00+00:00,0.0340341,0.32602658696025005,0.0353878063275,0.0,0.16,4.962553946842104,4.9625539,0.08421057315789415,0.0,0.16,0.0,-0.0,0.0,1
2012-07-28 07:30:00+00:00,0.0335544,0.325477928886,0.03488902625999999,0.0,0.21,4.85202763105263,4.8520276,0.1105263468421036,0.0,0.21,0.0,-0.0,0.0,1
2012-07-28 08:00:00+00:00,0.0350919,0.32723644835475,0.0364876803225,0.0,1.839,4.062553946842104,4.0625539,0.7894737310526301,0.0,1.5,0.33899999999999997,0.0,0.055466577996130126,1
2012-07-28 08:30:00+00:00,0.0360759,0.32836190081475,0.037510818922499994,0.0,2.058,3.273080262631577,3.2730803,0.7894736468421035,0.0,1.5,0.5579999999999998,0.0,0.09161297032731522,1
2012-07-28 09:00:00+00:00,0.03802545,0.33059170350112504,0.03953791227375,0.006,0.906,2.799396052105261,2.7993961,0.4736841626315771,0.0,0.9,0.0,-0.0,0.0,1
2012-07-28 09:30:00+00:00,0.03870195,0.331365452067375,0.040241320061249995,0.0,1.081,2.230448683684209,2.2304487,0.568947352105261,0.0,1.081,0.0,-0.0,0.0,1
2012-07-28 10:00:00+00:00,0.03634035,0.328664366163375,0.03778578742125,0.013,0.6,1.9215013152631562,1.9215013,0.3089473836842087,0.0,0.587,0.0,-0.0,0.0,1
2012-07-28 10:30:00+00:00,0.03688155,0.32928336501637506,0.03834851365125,0.019,0.157,1.8488697363157878,1.8488697,0.07263161526315609,0.0,0.138,0.0,-0.0,0.0,1
2012-07-28 11:00:00+00:00,0.0352641,0.14703340253525,0.036666729577499994,0.013,0.161,1.7709749994736825,1.770975,0.0778947363157878,0.0,0.148,0.0,-0.0,0.0,1
2012-07-28 11:30:00+00:00,0.034563,0.1462315176575,0.035937743325,0.019,0.144,1.705185525789472,1.7051855,0.06578949947368251,0.0,0.125,0.0,1.3877787807814457e-17,-2.493681880780252e-19,1
2012-07-28 12:00:00+00:00,0.0342309,0.14585167745225,0.0355924340475,0.163,0.148,1.712310525789472,1.7123105,0.007124974210528157,0.015,0.0,0.0,2.7755575615628914e-17,-4.939442472748357e-19,1
2012-07-28 12:30:00+00:00,0.03373275,0.145281917144375,0.03507447013125,0.475,0.162,1.8609855257894719,1.8609855,0.148674974210528,0.313,0.0,0.0,-0.0,0.0,1
2012-07-28 13:00:00+00:00,0.03217065,0.143495261364125,0.033450237603749995,0.531,0.14,2.046710525789472,2.0467105,0.18572497421052825,0.391,0.0,0.0,-0.0,0.0,1
2012-07-28 13:30:00+00:00,0.0320907,0.14340381835175,0.0333671075925,0.494,0.139,2.215335525789472,2.2153355,0.16862497421052813,0.355,0.0,0.0,-0.0,0.0,1
2012-07-28 14:00:00+00:00,0.03169095,0.142946603289875,0.03295145753625,0.5,0.163,2.375410525789472,2.3754105,0.16007497421052808,0.337,0.0,0.0,-0.0,0.0,1
2012-07-28 14:30:00+00:00,0.03110055,0.142271331813875,0.03233757437625,0.475,0.136,2.536435525789472,2.5364355,0.16102497421052808,0.339,0.0,5.551115123125783e-17,0.0,3.948822708096239e-18,1
2012-07-28 15:00:00+00:00,0.03204765,0.14335457980662497,0.03332234527874999,0.425,0.134,2.6746605257894718,2.6746605,0.13822497421052793,0.291,0.0,0.0,-0.0,0.0,1
2012-07-28 15:30:00+00:00,0.0327795,0.14419163507375,0.0340833046125,0.375,0.161,2.7763105257894716,2.7763105,0.10164997421052835,0.214,0.0,0.0,-0.0,0.0,1
2012-07-28 16:00:00+00:00,0.0335667,0.14509199704175,0.034901815492499995,0.3,0.136,2.8542105257894717,2.8542105,0.07789997421052863,0.164,0.0,5.551115123125783e-17,0.0,4.0271118951148986e-18,1
2012-07-28 16:30:00+00:00,0.03417555,0.145788370751375,0.03553488250125,0.063,0.143,2.812105262631577,2.8121053,0.042105225789471845,0.0,0.08,0.0,1.3877787807814457e-17,-2.4657277956398325e-19,1
2012-07-28 17:00:00+00:00,0.0352149,0.14697712991225,0.0366155726475,0.0,0.17,2.7226315784210504,2.7226316,0.08947366263157663,0.0,0.17,0.0,-0.0,0.0,1
2012-07-28 17:30:00+00:00,0.0359283,0.14779308294575,0.0373573481325,0.0,0.153,2.642105262631577,2.6421053,0.08052627842105053,0.0,0.153,0.0,-0.0,0.0,1
2012-07-28 18:00:00+00:00,0.04289625,0.155762693178125,0.04460244834374999,0.0,0.162,2.55684210473684,2.5568421,0.08526316263157696,0.0,0.162,0.0,-0.0,0.0,1
2012-07-28 18:30:00+00:00,0.04833285,0.161980818019625,0.05025528910874999,0.0,0.17,2.4673684205263138,2.4673684,0.08947370473684035,0.0,0.17,0.0,-0.0,0.0,1
2012-07-28 19:00:00+00:00,0.04327755,0.156198806006375,0.04499891455125,0.0,0.22,2.3515789468421033,2.3515789,0.11578952052631397,0.0,0.22,0.0,-0.0,0.0,1
2012-07-28 19:30:00+00:00,0.03909555,0.15141563305137498,0.04065057550125,0.0,0.219,2.2363157889473664,2.2363158,0.11526314684210348,0.0,0.219,0.0,-0.0,0.0,1
2012-07-28 20:00:00+00:00,0.038745,0.1510146906125,0.040286082375,0.0,0.45,1.9994736836842084,1.9994737,0.23684208894736636,0.0,0.45,0.0,-0.0,0.0,1
2012-07-28 20:30:00+00:00,0.04130955,0.15394790108637502,0.042952637351249996,0.0,0.452,1.761578946842103,1.7615789,0.23789478368420847,0.0,0.452,0.0,-0.0,0.0,1
2012-07-28 21:00:00+00:00,0.0401964,0.15267473299099998,0.041795211809999996,0.0,0.308,1.5994736836842083,1.5994737,0.16210524684210292,0.0,0.308,0.0,-0.0,0.0,1
2012-07-28 21:30:00+00:00,0.03635265,0.14827843431912502,0.03779857665375,0.0,0.345,1.4178947363157872,1.4178947,0.18157898368420833,0.0,0.345,0.0,-0.0,0.0,1
2012-07-28 22:00:00+00:00,0.03533175,0.147110777391875,0.03673707035625,0.0,0.264,1.2789473678947345,1.2789474,0.13894733631578715,0.0,0.264,0.0,-0.0,0.0,1
2012-07-28 22:30:00+00:00,0.03881265,0.15109206546912501,0.040356423153749994,0.0,0.189,1.1794736836842081,1.1794737,0.09947366789473455,0.0,0.189,0.0,-0.0,0.0,1
2012-07-28 23:00:00+00:00,0.0366786,0.14865124044650002,0.038137491315,0.0,0.177,1.086315788947366,1.0863158,0.09315788368420819,0.0,0.177,0.0,-0.0,0.0,1
2012-07-28 23:30:00+00:00,0.0375396,0.14963601134899998,0.03903273759,0.0,0.164,1.0,1.0,0.08631578894736602,0.0,0.164,0.0,-0.0,0.0,1
2012-07-29 00:00:00+00:00,0.03634035,0.09876436616337503,0.03778578742125,0.0,0.143,1.5874999975000001,1.5875,0.5874999999999999,1.2368421,0.0,1.3798421,0.0,0.06813961520602017,1
2012-07-29 00:30:00+00:00,0.03504885,0.09728720980962502,0.03644291800875,0.0,0.136,2.2999999975,2.3,0.7125000024999997,1.5,0.0,1.6360000000000001,0.0,0.07958093762427328,1
2012-07-29 01:00:00+00:00,0.0351411,0.09739272097775001,0.036538837252500005,0.0,0.627,3.0124999975,3.0125,0.7125000025000001,1.5,0.0,2.127,0.0,0.10357715875983713,1
2012-07-29 01:30:00+00:00,0.03469215,0.096879233292875,0.03607203026624999,0.0,0.589,3.7249999975,3.725,0.7125000025000001,1.5,0.0,2.089,0.0,0.10119035917440793,1
2012-07-29 02:00:00+00:00,0.03370815,0.095753780832875,0.03504889166625,0.0,0.139,4.4374999975,4.4375,0.7125000025000001,1.5,0.0,1.639,0.0,0.07847022339254106,1
2012-07-29 02:30:00+00:00,0.0342432,0.09636574560800001,0.035605223279999994,0.0,0.159,5.1499999975,5.15,0.7125000025000006,1.5,0.0,1.659,0.0,0.07993538598183601,1
2012-07-29 03:00:00+00:00,0.033825,0.0958874283125,0.035170389375,0.0,0.138,5.8624999975000005,5.8625,0.7125000024999997,1.5,0.0,1.638,0.0,0.07853180378793749,1
2012-07-29 03:30:00+00:00,0.0324597,0.09432586302425003,0.033750784567500004,0.0,0.13,6.574999997500001,6.575,0.7125000024999997,1.5,0.0,1.63,0.0,0.07687557836476377,1
2012-07-29 04:00:00+00:00,0.03161715,0.093362194355375,0.03287472214124999,0.0,0.168,7.287499997500001,7.2875,0.7125000024999988,1.5,0.0,1.668,0.0,0.07786407009238275,1
2012-07-29 04:30:00+00:00,0.0321399,0.09396009097475001,0.0334182645225,0.0,0.137,7.999999997500002,8.0,0.7125000024999988,1.5,0.0,1.637,0.0,0.07690633446283289,1
2012-07-29 05:00:00+00:00,0.03321615,0.3250910546028751,0.03453732236625,0.0,0.142,7.925263155394738,7.9252632,0.07473679750000173,0.0,0.142,0.0,-0.0,0.0,1
2012-07-29 05:30:00+00:00,0.0314142,0.32303006978550003,0.032663699805,0.0,0.167,7.837368418552633,7.8373684,0.08789475539473823,0.0,0.167,0.0,-0.0,0.0,1
2012-07-29 06:00:00+00:00,0.03121125,0.32279794521562505,0.032452677468749996,0.0,0.136,7.765789471184212,7.7657895,0.07157891855263276,0.0,0.136,0.0,-0.0,0.0,1
2012-07-29 06:30:00+00:00,0.0321153,0.32383195466325004,0.033392686057499996,0.0,0.139,7.69263157644737,7.6926316,0.07315787118421202,0.0,0.139,0.0,-0.0,0.0,1
2012-07-29 07:00:00+00:00,0.03311775,0.324978509356875,0.034435008506249996,0.0,0.159,7.608947365921055,7.6089474,0.08368417644737036,0.0,0.159,0.0,-0.0,0.0,1
2012-07-29 07:30:00+00:00,0.03274875,0.32455646468437505,0.03405133153125,0.0,0.144,7.5331578922368445,7.5331579,0.07578946592105495,0.0,0.144,0.0,-0.0,0.0,1
2012-07-29 08:00:00+00:00,0.0345138,0.32657524503450003,0.035886586394999996,0.006,0.134,7.4657894711842125,7.4657895,0.06736839223684488,0.0,0.128,0.0,-0.0,0.0,1
2012-07-29 08:30:00+00:00,0.0341694,0.3261813366735001,0.035528487885,0.0,0.171,7.375789471184213,7.3757895,0.08999997118421277,0.0,0.171,0.0,-0.0,0.0,1
2012-07-29 09:00:00+00:00,0.03605745,0.328340798581125,0.037491635073749995,0.006,0.299,7.2215789448684236,7.2215789,0.15421057118421277,0.0,0.293,0.0,-0.0,0.0,1
2012-07-29 09:30:00+00:00,0.03813615,0.330718316902875,0.03965301536625,0.0,0.203,7.114736839605266,7.1147368,0.10684214486842336,0.0,0.203,0.0,-0.0,0.0,1
2012-07-29 10:00:00+00:00,0.0379332,0.33048619233300003,0.03944199303,0.013,0.175,7.029473681710529,7.0294737,0.08526313960526632,0.0,0.162,0.0,2.7755575615628914e-17,-5.473676099876367e-19,1
2012-07-29 10:30:00+00:00,0.03769335,0.33021186329587504,0.03919260299625,0.019,0.19,6.939473681710529,6.9394737,0.08999998171052948,0.0,0.171,0.0,-0.0,0.0,1
2012-07-29 11:00:00+00:00,0.03813615,0.150318316902875,0.03965301536625,0.006,0.58,6.939473681710529,6.9394737,1.8289470382626405e-08,0.0,0.0,0.574,0.0,0.04314135695112512,1
2012-07-29 11:30:00+00:00,0.0374535,0.14953753425875002,0.0389432129625,0.013,0.515,6.939473681710529,6.9394737,1.8289470382626405e-08,0.0,0.0,0.502,0.0,0.03753392109894626,1
2012-07-29 12:00:00+00:00,0.0359898,0.1478634237245,0.037421294295000004,0.119,0.334,6.939473681710529,6.9394737,1.8289470382626405e-08,0.0,0.0,0.21500000000000002,0.0,0.01589531805038375,1
2012-07-29 12:30:00+00:00,0.0350796,0.146822380199,0.03647489109,0.431,0.267,7.017373681710529,7.0173737,0.07790001828947091,0.164,0.0,5.551115123125783e-17,0.0,4.075139675679962e-18,1
2012-07-29 13:00:00+00:00,0.0352518,0.14701933437950002,0.036653940345,0.219,0.387,7.017373681710529,7.0173737,1.8289471270804825e-08,0.0,0.0,0.168,0.0,0.012349624087878002,1
2012-07-29 13:30:00+00:00,0.03449535,0.146154142800875,0.03586740254625,0.231,0.565,7.017373681710529,7.0173737,1.8289471270804825e-08,0.0,0.0,0.33399999999999996,0.0,0.02440774184774612,1
2012-07-29 14:00:00+00:00,0.0344769,0.14613304056725002,0.035848218697499996,0.238,0.43,7.017373681710529,7.0173737,1.8289471270804825e-08,0.0,0.0,0.192,0.0,0.014028771894456001,1
2012-07-29 14:30:00+00:00,0.03444,0.14609083609999998,0.035809851,0.156,0.231,7.729873681710529,7.7298737,0.7125000182894707,1.5,0.0,1.5750000000000002,0.0,0.11504653342875,1
2012-07-29 15:00:00+00:00,0.03445845,0.146111938333625,0.035829034848750003,0.275,0.783,8.0,8.0,0.27012631828947065,0.56868699,0.0,1.0766869900000002,0.0,0.07865841154374818,1
2012-07-29 15:30:00+00:00,0.0346737,0.14635813105925,0.0360528464175,0.25,0.809,8.0,8.0,0.0,0.0,0.0,0.559,0.0,0.04090709763106038,1
2012-07-29 16:00:00+00:00,0.03685695,0.148855228704875,0.03832293518625,0.181,0.451,8.0,8.0,0.0,0.0,0.0,0.27,0.0,0.020095455875158125,1
2012-07-29 16:30:00+00:00,0.04052235,0.153047539118375,0.04213412647125,0.031,0.303,8.0,8.0,0.0,0.0,0.0,0.272,0.0,0.020814465320099,1
2012-07-29 17:00:00+00:00,0.0446736,0.157795541684,0.04645049244,0.0,0.291,8.0,8.0,0.0,0.0,0.0,0.291,0.0,0.022959251315021998,1
2012-07-29 17:30:00+00:00,0.04028865,0.152780244159125,0.041891131053749996,0.0,1.735,8.0,8.0,0.0,0.0,0.0,1.735,0.0,0.13253686180804095,1
2012-07-29 18:00:00+00:00,0.06819735,0.18470088955587502,0.07090989959625,0.0,2.222,7.2105263157894735,7.2105263,0.7894737000000003,0.0,1.5,0.722,0.0,0.06667702112967087,1
2012-07-29 18:30:00+00:00,0.0773916,0.195216835979,0.08046985088999999,0.0,1.188,6.585263157894737,6.5852632,0.6252631157894735,0.0,1.188,0.0,-0.0,0.0,1
2012-07-29 19:00:00+00:00,0.07482705,0.192283625505125,0.07780329591375,0.0,1.187,5.9605263157894735,5.9605263,0.624736857894737,0.0,1.187,0.0,-0.0,0.0,1
2012-07-29 19:30:00+00:00,0.06155535,0.177104085450875,0.06400371404625,0.0,1.385,5.231578947368421,5.2315789,0.7289474157894738,0.0,1.385,0.0,-0.0,0.0,1
2012-07-29 20:00:00+00:00,0.05044845,0.164400540808625,0.05245503709875,0.0,1.407,4.491052631578947,4.4910526,0.7405263473684212,0.0,1.407,0.0,-0.0,0.0,1
2012-07-29 20:30:00+00:00,0.05602035,0.170773415363375,0.05824855942124999,0.0,0.902,4.016315789473684,4.0163158,0.4747368315789471,0.0,0.902,0.0,-0.0,0.0,1
2012-07-29 21:00:00+00:00,0.04338825,0.15632541940812503,0.045114017643750004,0.0,0.609,3.6957894736842105,3.6957895,0.23776318947368447,0.0,0.609,0.0,-0.0,0.0,1
2012-07-29 21:30:00+00:00,0.0393231,0.15167589393275002,0.0408871763025,0.0,0.292,3.542105263157895,3.5421053,0.15368417368421072,0.0,0.292,0.0,-0.0,0.0,1
2012-07-29 22:00:00+00:00,0.03642645,0.148362843253625,0.03787531204875,0.0,0.41,3.3263157894736843,3.3263158,0.2157894631578947,0.0,0.41,0.0,-0.0,0.0,1
2012-07-29 22:30:00+00:00,0.03573765,0.14757502653162502,0.037159115028749995,0.0,0.355,3.1394736842105266,3.1394737,0.18684208947368441,0.0,0.355,0.0,-0.0,0.0,1
2012-07-29 23:00:00+00:00,0.0353625,0.14714594778125,0.036769043437499996,0.0,0.312,2.9752631578947373,2.9752632,0.16421048421052653,0.0,0.312,0.0,-0.0,0.0,1
2012-07-29 23:30:00+00:00,0.0356577,0.14748358351925,0.0370759850175,0.0,0.231,2.8536842105263163,2.8536842,0.12157895789473727,0.0,0.231,0.0,-0.0,0.0,1
2012-07-30 00:00:00+00:00,0.0341817,0.09629540482925002,0.035541277117500006,0.0,0.53,2.8536842105263163,2.8536842,0.12157898947368384,0.0,0.0,0.53,0.0,0.025518282279751257,1
