Timestamp,Price_SMP,Buy_Rate_USD_kWh,Sell_Rate_USD_kWh,Solar_Gen,Consumption,SoC_kWh,SoC_Planned,SoC_Deviation,Charge_kW,Discharge_kW,Buy_kW,Sell_kW,Step_Cost_USD,Reoptimized
2012-06-30 00:30:00+00:00,0.019557,0.0795683676425,0.020334879675,0.0,0.551,4.71,4.71,0.0,0.0,0.551,0.0,-0.0,0.0,1
2012-06-30 01:00:00+00:00,0.0191019,0.07904784587975,0.0198616780725,0.0,0.366,4.517368421052631,4.5173684,0.19155109999999986,0.0,0.366,0.0,-0.0,0.0,1
2012-06-30 01:30:00+00:00,0.0182901,0.07811934760025001,0.0190175887275,0.0,0.341,4.4375,4.4375,0.07986842105263126,0.0,0.15175,0.18925000000000003,0.0,0.007392043266673658,1
2012-06-30 02:00:00+00:00,0.01545495,0.074876637699875,0.01606967063625,0.0,0.218,4.4375,4.4375,0.0,0.0,0.0,0.218,0.0,0.008161553509286375,1
2012-06-30 02:30:00+00:00,0.0112791,0.07010049882275,0.011727726202499998,0.0,0.106,5.15,5.15,0.7125000000000004,1.5,0.0,1.606,0.0,0.056290700554668255,1
2012-06-30 03:00:00+00:00,0.0105534,0.0692704776335,0.010973161484999997,0.0,0.156,5.862500000000001,5.8625,0.7124999999999995,1.5,0.0,1.656,0.0,0.057355955480538,1
2012-06-30 03:30:00+00:00,0.01114995,0.069952783187375,0.01159343926125,0.0,0.128,6.575000000000001,6.575,0.7124999999999995,1.5,0.0,1.6280000000000001,0.0,0.05694156551452325,1
2012-06-30 04:00:00+00:00,0.01064565,0.06937598880162502,0.011069080728749998,0.0,0.139,7.287500000000001,7.2875,0.7124999999999986,1.5,0.0,1.639,0.0,0.0568536228229317,1
2012-06-30 04:30:00+00:00,0.0095325,0.06810282070625,0.009911655187499998,0.0,0.139,8.0,8.0,0.7124999999999986,1.5,0.0,1.639,0.0,0.05581026156877188,1
2012-06-30 05:00:00+00:00,0.0081918,0.29646939172950004,0.008517628845,0.0,0.118,7.937894736842106,7.9378947,0.0791826999999996,0.0,0.118,0.0,-0.0,0.0,1
2012-06-30 05:30:00+00:00,0.0119925,0.30081645185625006,0.012469501687499999,0.0,0.144,7.862105263157895,7.8621053,0.08439383684210533,0.0,0.144,0.0,-0.0,0.0,1
2012-06-30 06:00:00+00:00,0.01367145,0.3027367551161251,0.01421523192375,0.0,0.092,7.813684210526316,7.8136842,0.09405346315789487,0.0,0.092,0.0,-0.0,0.0,1
2012-06-30 06:30:00+00:00,0.01389285,0.302989981919625,0.01444543810875,0.0,0.145,7.737368421052632,7.7373684,0.10769131052631575,0.0,0.145,0.0,-0.0,0.0,1
2012-06-30 07:00:00+00:00,0.0148953,0.30413653661325,0.015487760557499999,0.0,0.103,7.683157894736842,7.6831579,0.12256412105263159,0.0,0.103,0.0,-0.0,0.0,1
2012-06-30 07:30:00+00:00,0.0171954,0.30676728173850004,0.017879347034999996,0.0,0.279,7.536315789473685,7.5363158,0.1323747947368421,0.0,0.279,0.0,-0.0,0.0,1
2012-06-30 08:00:00+00:00,0.018204,0.30792087051,0.0189280641,0.013,0.621,7.2163157894736845,7.2163158,0.13903088947368492,0.0,0.608,0.0,-0.0,0.0,1
2012-06-30 08:30:00+00:00,0.0197415,0.30967938997875005,0.0205267181625,0.031,0.597,6.9184210526315795,6.9184211,0.14136418947368412,0.0,0.566,0.0,-0.0,0.0,1
2012-06-30 09:00:00+00:00,0.0208485,0.31094552399625003,0.021677749087499996,0.088,0.639,6.628421052631579,6.6284211,0.13849475263157984,0.0,0.551,0.0,-0.0,0.0,1
2012-06-30 09:30:00+00:00,0.0212544,0.31140977313600005,0.022099793759999996,0.206,0.62,6.4105263157894745,6.4105263,0.12989615263157983,0.0,0.414,5.551115123125783e-17,0.0,8.643357505722095e-18,1
2012-06-30 10:00:00+00:00,0.0207747,0.31086111506175,0.021601013692499997,0.3,0.903,6.0931578947368426,6.0931579,0.11546521578947466,0.0,0.603,0.0,-0.0,0.0,1
2012-06-30 10:30:00+00:00,0.0196431,0.30956684473275003,0.0204244043025,0.369,0.699,5.919473684210526,5.9194737,0.09559309473684241,0.0,0.33,0.0,5.551115123125783e-17,-5.668910980222153e-19,1
2012-06-30 11:00:00+00:00,0.0194463,0.12894175424075,0.020219776582499998,0.419,0.816,5.7105263157894735,5.7105263,0.07122308421052637,0.0,0.397,0.0,5.551115123125783e-17,-5.612115378667015e-19,1
2012-06-30 11:30:00+00:00,0.02021505,0.129821013975125,0.02101910361375,0.463,0.425,5.728576315789473,5.7285763,0.04387461578947338,0.038,0.0,0.0,5.551115123125783e-17,-5.833973197241771e-19,1
2012-06-30 12:00:00+00:00,0.0196677,0.12919498104425,0.0204499827675,0.488,0.178,5.875826315789473,5.8758263,0.015606015789472849,0.31,0.0,0.0,-0.0,0.0,1
2012-06-30 12:30:00+00:00,0.0190404,0.12847750510099998,0.019797731909999998,0.513,0.286,5.983651315789473,5.9836513,0.010018184210527359,0.227,0.0,0.0,-0.0,0.0,1
2012-06-30 13:00:00+00:00,0.0184746,0.12783036993650002,0.019209427214999998,0.525,0.145,6.164151315789473,6.1641513,0.030269684210527004,0.38,0.0,0.0,-0.0,0.0,1
2012-06-30 13:30:00+00:00,0.01866525,0.128048426350625,0.01940766031875,0.531,0.162,6.339426315789473,6.3394263,0.04427368421052691,0.369,0.0,0.0,-0.0,0.0,1
2012-06-30 14:00:00+00:00,0.0198645,0.12942007153625001,0.0206546104875,0.525,0.153,6.5161263157894735,6.5161263,0.049962684210527186,0.372,0.0,0.0,-0.0,0.0,1
2012-06-30 14:30:00+00:00,0.0195201,0.12902616317525,0.020296511977499997,0.463,0.186,6.647701315789473,6.6477013,0.04587738421052645,0.277,0.0,0.0,-0.0,0.0,1
2012-06-30 15:00:00+00:00,0.0200367,0.12961702571675,0.0208336597425,0.194,0.249,6.618753947368421,6.6187539,0.031393084210527,0.0,0.055,0.0,6.938893903907228e-18,-7.228127729165534e-20,1
2012-06-30 15:30:00+00:00,0.0200121,0.12958888940525,0.0208080812775,0.206,0.144,6.648203947368421,6.6482039,0.006849152631579258,0.062,0.0,0.0,-0.0,0.0,1
2012-06-30 16:00:00+00:00,0.0202212,0.129828048053,0.021025498230000002,0.194,0.199,6.645572368421052,6.6455724,0.029303247368420493,0.0,0.005,4.336808689942018e-18,0.0,2.815197034972301e-19,1
2012-06-30 16:30:00+00:00,0.02293335,0.13293007639587498,0.02384552399625,0.069,0.137,6.609782894736842,6.6097829,0.07351316842105238,0.0,0.068,0.0,-0.0,0.0,1
2012-06-30 17:00:00+00:00,0.02726295,0.137882067219875,0.02834733383625,0.006,0.204,6.505572368421053,6.5055724,0.12200529473684174,0.0,0.198,0.0,2.7755575615628914e-17,-3.9339828389675644e-19,1
2012-06-30 17:30:00+00:00,0.02936625,0.140287721853125,0.030534292593749998,0.0,0.226,6.386625,6.386625,0.17144726842105307,0.0,0.226,0.0,-0.0,0.0,1
2012-06-30 18:00:00+00:00,0.0328164,0.144233839541,0.03412167231,0.0,0.286,6.236098684210527,6.2360987,0.21859620000000035,0.0,0.286,0.0,-0.0,0.0,1
2012-06-30 18:30:00+00:00,0.0324105,0.14376959040124998,0.0336996276375,0.0,0.257,6.10083552631579,6.1008355,0.26064728421052674,0.0,0.257,0.0,-0.0,0.0,1
2012-06-30 19:00:00+00:00,0.0291879,0.14008373359475002,0.030348848722499995,0.0,0.628,5.7703092105263165,5.7703092,0.2949669263157899,0.0,0.628,0.0,-0.0,0.0,1
2012-06-30 19:30:00+00:00,0.0254979,0.13586328686975,0.0265120789725,0.0,1.783,4.98083552631579,4.9808355,0.3174136105263168,0.0,1.5,0.2829999999999999,0.0,0.01922465509206962,1
2012-06-30 20:00:00+00:00,0.0254241,0.13577887793525,0.0264353435775,0.0,1.645,4.191361842105263,4.1913618,0.33485712631579023,0.0,1.5,0.14500000000000002,0.0,0.009843968650305627,1
2012-06-30 20:30:00+00:00,0.0259284,0.136355672321,0.02695970211,0.0,1.503,3.401888157894737,3.4018882,0.3459190421052636,0.0,1.5,0.0029999999999998916,0.0,0.0002045335084814926,1
2012-06-30 21:00:00+00:00,0.0259284,0.136355672321,0.02695970211,0.0,0.448,3.1660986842105263,3.1660987,0.3485547578947368,0.0,0.448,0.0,-0.0,0.0,1
2012-06-30 21:30:00+00:00,0.02373285,0.133844506519625,0.02467682410875,0.0,0.44,2.9345197368421054,2.9345197,0.3422137842105264,0.0,0.44,0.0,-0.0,0.0,1
2012-06-30 22:00:00+00:00,0.0270354,0.13762180633850002,0.028110733035,0.0,0.41,2.718730263157895,2.7187303,0.3299495368421055,0.0,0.41,0.0,-0.0,0.0,1
2012-06-30 22:30:00+00:00,0.0303318,0.1413920720795,0.031538247345,0.0,0.449,2.482414473684211,2.4824145,0.3127806631578949,0.0,0.449,0.0,-0.0,0.0,1
2012-06-30 23:00:00+00:00,0.02718915,0.137797658285375,0.028270598441249996,0.0,0.631,2.150309210526316,2.1503092,0.29161397368421094,0.0,0.631,0.0,-0.0,0.0,1
2012-06-30 23:30:00+00:00,0.02936625,0.140287721853125,0.030534292593749998,0.0,0.693,1.785572368421053,1.7855724,0.26663801052631597,0.0,0.693,0.0,-0.0,0.0,1
2012-07-01 00:00:00+00:00,0.03199845,0.093798307183625,0.03327118834875,0.0,0.471,2.498072368421053,2.4980724,0.7125000315789469,1.5,0.0,1.971,0.0,0.09243823172946244,1
2012-07-01 00:30:00+00:00,0.0350796,0.09732238019900001,0.03647489109,0.0,0.439,2.498072368421053,2.4980724,3.15789470128891e-08,0.0,0.0,0.439,0.0,0.021362262453680503,1
2012-07-01 01:00:00+00:00,0.03301935,0.09496596411087499,0.034332694646249995,0.0,0.415,2.6897597156710527,2.6897597,0.19168733157894735,0.40355231,0.0,0.8185523100000001,0.0,0.038867304647166916,1
2012-07-01 01:30:00+00:00,0.0319431,0.09373500048275,0.0332136368025,0.0,0.213,3.4022597156710526,3.4022597,0.7124999843289475,1.5,0.0,1.713,0.0,0.08028402791347539,1
2012-07-01 02:00:00+00:00,0.03205995,0.093868647962375,0.03333513451124999,0.0,0.158,4.1147597156710525,4.1147597,0.712499984328947,1.5,0.0,1.658,0.0,0.07781710916080888,1
2012-07-01 02:30:00+00:00,0.0291756,0.09056966543900001,0.030336059489999997,0.0,0.105,4.827259715671053,4.8272597,0.7124999843289475,1.5,0.0,1.605,0.0,0.07268215651479751,1
2012-07-01 03:00:00+00:00,0.02827155,0.089535655991375,0.029396050901249995,0.0,0.161,5.539759715671053,5.5397597,0.7124999843289475,1.5,0.0,1.661,0.0,0.07435936230083694,1
2012-07-01 03:30:00+00:00,0.02577465,0.086679820374125,0.026799836703749996,0.0,0.127,6.2522597156710535,6.2522597,0.7124999843289466,1.5,0.0,1.627,0.0,0.07051403387435069,1
2012-07-01 04:00:00+00:00,0.0211683,0.08141129604575001,0.0220102691325,0.0,0.135,6.964759715671054,6.9647597,0.7124999843289466,1.5,0.0,1.635,0.0,0.06655373451740064,1
2012-07-01 04:30:00+00:00,0.02878815,0.090126518532875,0.029933198666249994,0.0,0.14,7.677259715671054,7.6772597,0.7124999843289457,1.5,0.0,1.6400000000000001,0.0,0.0739037451969575,1
2012-07-01 05:00:00+00:00,0.03078075,0.322305559764375,0.03200505433125,0.0,0.119,7.614628136723685,7.6146281,0.06821071567105452,0.0,0.119,0.0,-0.0,0.0,1
2012-07-01 05:30:00+00:00,0.03236745,0.32412035185612503,0.03365486532375,0.0,0.146,7.537786031460527,7.537786,0.07364963672368585,0.0,0.146,0.0,-0.0,0.0,1
2012-07-01 06:00:00+00:00,0.03164175,0.323290330666875,0.03290030060625,0.006,0.101,7.487786031460527,7.487786,0.0835538314605273,0.0,0.095,0.0,-0.0,0.0,1
2012-07-01 06:30:00+00:00,0.0311559,0.32273463851475004,0.0323951259225,0.0,0.132,7.418312347250001,7.4183123,0.09745233146052712,0.0,0.132,0.0,-0.0,0.0,1
2012-07-01 07:00:00+00:00,0.03225675,0.323993738454375,0.03353976223125,0.0,0.127,7.351470241986844,7.3514702,0.11260284725000158,0.0,0.127,0.0,-0.0,0.0,1
2012-07-01 07:30:00+00:00,0.0322875,0.3240289088437501,0.033571735312499996,0.0,0.243,7.223575505144739,7.2235755,0.1227124419868435,0.0,0.243,0.0,-0.0,0.0,1
2012-07-01 08:00:00+00:00,0.0338496,0.325815564624,0.03519596784,0.013,0.642,6.892522873565792,6.8925229,0.12968480514473857,0.0,0.629,0.0,-0.0,0.0,1
2012-07-01 08:30:00+00:00,0.033948,0.32592810987000004,0.035298281699999996,0.031,0.591,6.5977860314605286,6.597786,0.1323501735657917,0.0,0.56,0.0,1.1102230246251565e-16,-1.9594482536522404e-18,1
2012-07-01 09:00:00+00:00,0.03614355,0.328439275671375,0.03758115970125,0.056,0.637,6.291996557776318,6.2919966,0.12982713146052838,0.0,0.581,0.0,-0.0,0.0,1
2012-07-01 09:30:00+00:00,0.03720135,0.329649137065875,0.03868103369625,0.094,0.677,5.98515445251316,5.9851545,0.12158775777631803,0.0,0.583,1.1102230246251565e-16,0.0,1.8299203100917428e-17,1
2012-07-01 10:00:00+00:00,0.037146,0.32958583036500005,0.03862348214999999,0.156,0.867,5.61094392619737,5.6109439,0.10752695251315991,0.0,0.711,0.0,-0.0,0.0,1
2012-07-01 10:30:00+00:00,0.0373059,0.32976871638975,0.0387897421725,0.338,0.845,5.344101820934212,5.3441018,0.08803402619737,0.0,0.507,0.0,1.1102230246251565e-16,-2.153263243959147e-18,1
2012-07-01 11:00:00+00:00,0.0351903,0.14694899360074998,0.036589994182499995,0.419,0.86,5.111996557776318,5.1119966,0.0640508209342121,0.0,0.441,0.0,-0.0,0.0,1
2012-07-01 11:30:00+00:00,0.0360759,0.14796190081475,0.037510818922499994,0.331,0.586,4.9777860314605284,4.977786,0.0370946577763176,0.0,0.255,0.0,5.551115123125783e-17,-1.0411343710076125e-18,1
2012-07-01 12:00:00+00:00,0.036285,0.1482010594625,0.037728235874999995,0.075,0.506,4.77560687882895,4.7756069,0.009222231460528363,0.0,0.38414039,0.046859609999999996,0.0,0.0034723219239997795,1
2012-07-01 12:30:00+00:00,0.0356577,0.14748358351925,0.0370759850175,0.113,0.876,4.77560687882895,4.7756069,0.01542032117105041,0.0,0.0,0.763,0.0,0.05626498711259388,1
2012-07-01 13:00:00+00:00,0.0360882,0.14797596897049997,0.03752360815499999,0.413,0.628,4.77560687882895,4.7756069,0.03531262117104994,0.0,0.0,0.21500000000000002,0.0,0.01590741666432875,1
2012-07-01 13:30:00+00:00,0.03589755,0.14775791255637502,0.03732537505125,0.55,0.694,4.77560687882895,4.7756069,0.04895922117105034,0.0,0.0,0.1439999999999999,0.0,0.010638569704058994,1
2012-07-01 14:00:00+00:00,0.0355224,0.147328833806,0.03693530346,0.438,0.279,4.85113187882895,4.8511319,0.05429412117105059,0.159,0.0,5.551115123125783e-17,0.0,4.0891965870648586e-18,1
2012-07-01 14:30:00+00:00,0.0350427,0.14678017573175,0.0364365233925,0.463,0.253,4.95088187882895,4.9508819,0.0498593211710503,0.21,0.0,0.0,5.551115123125783e-17,-1.0113166801911656e-18,1
2012-07-01 15:00:00+00:00,0.0361866,0.1480885142165,0.03762592201499999,0.438,0.116,5.10383187882895,5.1038319,0.03503042117104993,0.322,0.0,0.0,-0.0,0.0,1
2012-07-01 15:30:00+00:00,0.0343047,0.14593608638674999,0.035669169442499996,0.425,0.24,5.19170687882895,5.1917069,0.010147121171049989,0.185,0.0,0.0,-0.0,0.0,1
2012-07-01 16:00:00+00:00,0.03511035,0.146857550588375,0.03650686417124999,0.319,0.23,5.23398187882895,5.2339819,0.02602007882895041,0.089,0.0,0.0,-0.0,0.0,1
2012-07-01 16:30:00+00:00,0.0376134,0.1497204202835,0.039109472985,0.231,0.216,5.24110687882895,5.2411069,0.07059717882895011,0.015,0.0,0.0,2.7755575615628914e-17,-5.427529673612818e-19,1
2012-07-01 17:00:00+00:00,0.04039935,0.152906857560875,0.042006234146249995,0.0,0.358,5.052685826197371,5.0526858,0.11945407882895065,0.0,0.358,0.0,-0.0,0.0,1
2012-07-01 17:30:00+00:00,0.04091595,0.153497720102375,0.04254338191124999,0.0,0.271,4.910054247250002,4.9100542,0.16925962619737156,0.0,0.271,0.0,-0.0,0.0,1
2012-07-01 18:00:00+00:00,0.04894785,0.16268422580712502,0.050894750733749994,0.0,0.34,4.73110687882895,4.7311069,0.21677194725000248,0.0,0.34,0.0,-0.0,0.0,1
2012-07-01 18:30:00+00:00,0.04686915,0.16030670748537498,0.04873337044124999,0.0,0.439,4.500054247250002,4.5000542,0.2591865788289498,0.0,0.439,0.0,-0.0,0.0,1
2012-07-01 19:00:00+00:00,0.0437142,0.1566982255355,0.045452932305,0.006,0.365,4.31110687882895,4.3111069,0.293869647250002,0.0,0.359,0.0,-0.0,0.0,1
2012-07-01 19:30:00+00:00,0.0425457,0.15536175073925,0.04423795521749999,0.0,1.841,3.521633194618423,3.5216332,0.3166814788289498,0.0,1.5,0.34099999999999997,0.0,0.02648917850104212,1
2012-07-01 20:00:00+00:00,0.04017795,0.152653630757375,0.04177602796124999,0.0,1.772,2.7321595104078966,2.7321595,0.33448269461842317,0.0,1.5,0.272,0.0,0.020760893783003,1
2012-07-01 20:30:00+00:00,0.03956295,0.151950222969875,0.04113656633625,0.0,1.448,1.970054247250002,1.9700542,0.3458942104078968,0.0,1.448,0.0,-0.0,0.0,1
2012-07-01 21:00:00+00:00,0.0385974,0.1508458727435,0.040132611585,0.0,1.364,1.970054247250002,1.9700542,4.7250001911081085e-08,0.0,0.0,1.364,0.0,0.10287688521106701,1
2012-07-01 21:30:00+00:00,0.03905865,0.151373428584125,0.04061220780375,0.0,1.045,1.4200542472500022,1.4200542,0.34286494725000205,0.0,1.045,0.0,-0.0,0.0,1
2012-07-01 22:00:00+00:00,0.0388311,0.15111316770275,0.040375607002499994,0.0,1.02,1.31406545251316,1.3140655,0.10598874725000207,0.0,0.20137871,0.8186212900000001,0.0,0.06185222814040577,1
2012-07-01 22:30:00+00:00,0.0409467,0.15353289049175,0.0425753549925,0.0,0.94,1.0,1.0,0.3140654525131601,0.0,0.59672436,0.34327564,0.0,0.026352050622302697,1
2012-07-01 23:00:00+00:00,0.0375396,0.14963601134899998,0.03903273759,0.0,0.9,1.0,1.0,0.0,0.0,0.0,0.9,0.0,0.06733620510704999,1
2012-07-01 23:30:00+00:00,0.03880035,0.15107799731337498,0.04034363392125,0.0,1.083,1.0,1.0,0.0,0.0,0.0,1.083,0.0,0.08180873554519255,1
2012-07-02 00:00:00+00:00,0.037515,0.10010787503749999,0.039007159124999996,0.0,1.06,1.5874999975000001,1.5875,0.4623347,1.2368421,0.0,2.2968421,0.0,0.11496599096383453,1
2012-07-02 00:30:00+00:00,0.03439695,0.096541597554875,0.03576508868625,0.0,0.5,2.2999999975,2.3,0.7125000024999997,1.5,0.0,2.0,0.0,0.096541597554875,1
2012-07-02 01:00:00+00:00,0.03362205,0.09565530374262503,0.03495936703875,0.0,0.487,3.0124999975,3.0125,0.7125000025000001,1.5,0.0,1.987,0.0,0.09503354426829796,1
2012-07-02 01:30:00+00:00,0.03406485,0.09616175734962502,0.03541977940875,0.0,0.41,3.7249999975,3.725,0.7125000025000001,1.5,0.0,1.91,0.0,0.09183447826889189,1
2012-07-02 02:00:00+00:00,0.0337266,0.09577488306650002,0.035068075515,0.0,0.12,4.4374999975,4.4375,0.7125000025000001,1.5,0.0,1.62,0.0,0.07757765528386502,1
2012-07-02 02:30:00+00:00,0.03308085,0.09503630488962501,0.03439664080875,0.0,0.146,5.1499999975,5.15,0.7125000025000006,1.5,0.0,1.646,0.0,0.07821487892416139,1
2012-07-02 03:00:00+00:00,0.0331239,0.09508554343475002,0.0344414031225,0.0,0.152,5.8624999975000005,5.8625,0.7125000024999997,1.5,0.0,1.652,0.0,0.07854065887710351,1
2012-07-02 03:30:00+00:00,0.0331485,0.09511367974625,0.034466981587499994,0.0,0.127,6.574999997500001,6.575,0.7125000024999997,1.5,0.0,1.627,0.0,0.07737497847357437,1
2012-07-02 04:00:00+00:00,0.03313005,0.09509257751262501,0.034447797738749994,0.0,0.155,7.287499997500001,7.2875,0.7125000024999988,1.5,0.0,1.655,0.0,0.0786891078916972,1
2012-07-02 04:30:00+00:00,0.0331485,0.09511367974625,0.034466981587499994,0.0,0.138,7.999999997500002,8.0,0.7125000024999988,1.5,0.0,1.638,0.0,0.07789810371217874,1
2012-07-02 05:00:00+00:00,0.03326535,0.325147327225875,0.034588479296249995,0.0,0.121,7.936315786973686,7.9363158,0.07244839750000143,0.0,0.121,0.0,-0.0,0.0,1
2012-07-02 05:30:00+00:00,0.0354117,0.32760222040425,0.03682020036749999,0.0,0.157,7.853684208026317,7.8536842,0.07802478697368542,0.0,0.157,0.0,-0.0,0.0,1
2012-07-02 06:00:00+00:00,0.03721365,0.32966320522162507,0.03869382292875,0.0,0.113,7.794210523815791,7.7942105,0.08805360802631768,0.0,0.113,0.0,-0.0,0.0,1
2012-07-02 06:30:00+00:00,0.04154325,0.334615196045625,0.04319563276874999,0.0,0.124,7.728947365921054,7.7289474,0.10206392381579121,0.0,0.124,0.0,-0.0,0.0,1
2012-07-02 07:00:00+00:00,0.04940295,0.3436047475698751,0.051367952336249995,0.0,0.14,7.655263155394739,7.6552632,0.11731566592105391,0.0,0.14,0.0,-0.0,0.0,1
2012-07-02 07:30:00+00:00,0.04357275,0.33693644174437504,0.04530585613125,0.0,0.098,7.603684208026317,7.6036842,0.12752105539473835,0.0,0.098,0.0,-0.0,0.0,1
2012-07-02 08:00:00+00:00,0.05431065,0.34921794171412507,0.056470856103749995,0.013,0.136,7.538947365921055,7.5389474,0.13458070802631728,0.0,0.123,1.3877787807814457e-17,0.0,2.4231862468951722e-18,1
2012-07-02 08:30:00+00:00,0.0599625,0.35568225928125,0.0623475084375,0.025,0.127,7.485263155394739,7.4852632,0.13732476592105503,0.0,0.102,1.3877787807814457e-17,0.0,2.468041460654616e-18,1
2012-07-02 09:00:00+00:00,0.05511015,0.35013237183787504,0.05730215621625,0.088,0.311,7.367894734342107,7.3678947,0.1348716553947389,0.0,0.223,0.0,-0.0,0.0,1
2012-07-02 09:30:00+00:00,0.0512418,0.3457079368545001,0.05327994259499999,0.213,0.25,7.348421050131581,7.3484211,0.12669273434210648,0.0,0.037,6.938893903907228e-18,0.0,1.1994153477860178e-18,1
2012-07-02 10:00:00+00:00,0.0551163,0.35013940591575,0.05730855083249999,0.313,0.319,7.345263155394739,7.3452632,0.11268255013158068,0.0,0.006,5.204170427930421e-18,0.0,9.110925709599362e-19,1
2012-07-02 10:30:00+00:00,0.0485481,0.34262701074525004,0.05047910067749999,0.375,0.172,7.441688155394739,7.4416882,0.09323005539473872,0.203,0.0,0.0,-0.0,0.0,1
2012-07-02 11:00:00+00:00,0.04616805,0.15950482260762502,0.04800438418875,0.431,0.151,7.574688155394739,7.5746882,0.06927665539473882,0.28,0.0,5.551115123125783e-17,0.0,4.4271481649434126e-18,1
2012-07-02 11:30:00+00:00,0.05245335,0.16669365019587498,0.05453968199625,0.475,0.124,7.7414131553947385,7.7414132,0.042339355394738654,0.351,0.0,0.0,-0.0,0.0,1
2012-07-02 12:00:00+00:00,0.0549687,0.16957058804675,0.057155080042499994,0.388,0.124,7.819563233394739,7.8195632,0.014474355394738403,0.16452648,0.0,0.0,0.09947351999999998,-0.0028427084988546115,1
2012-07-02 12:30:00+00:00,-0.0364572,0.065001986357,-0.03790728513,0.363,0.149,7.921213233394739,7.9212132,0.010684466605261456,0.214,0.0,0.0,-0.0,0.0,1
2012-07-02 13:00:00+00:00,0.04337595,0.15631135125237502,0.04510122841125,0.488,0.106,8.0,8.0,0.03059206660526126,0.16586688,0.0,0.0,0.21613312,-0.004873934606178053,1
2012-07-02 13:30:00+00:00,0.05314215,0.167481466917875,0.055255879016249995,0.431,0.144,7.950360561578948,7.9503606,0.04963940000000022,0.0,0.094314933,0.0,0.381314933,-0.010534945902468737,1
2012-07-02 14:00:00+00:00,0.04459365,0.157704098671625,0.046367362428749996,0.219,0.132,7.991685561578947,7.9916856,0.04963943842105234,0.087,0.0,0.0,-0.0,0.0,1
2012-07-02 14:30:00+00:00,0.0519921,0.16616609435525,0.054060085777499996,0.238,0.281,7.9690539826315785,7.969054,0.008314438421052728,0.0,0.043,4.163336342344337e-17,0.0,3.459026697473153e-18,1
2012-07-02 15:00:00+00:00,0.0559281,0.17066790419525002,0.0581526401775,0.288,0.291,7.967475035263157,7.967475,0.030487717368421485,0.0,0.003,2.6020852139652106e-18,0.0,2.220462150024456e-19,1
2012-07-02 15:30:00+00:00,0.0566907,0.17154012985175,0.05894557259249999,0.331,0.283,7.990275035263157,7.990275,0.0056754647368428834,0.048,0.0,0.0,5.551115123125783e-17,-1.6360682972976767e-18,1
2012-07-02 16:00:00+00:00,0.0589047,0.17407239788675,0.0612476344425,0.281,0.273,7.994075035263157,7.994075,0.030887235263157287,0.008,0.0,0.0,-0.0,0.0,1
2012-07-02 16:30:00+00:00,0.06386775,0.179748898731875,0.06640808975625,0.256,0.458,7.887759245789473,7.8877592,0.07537083526315769,0.0,0.202,0.0,-0.0,0.0,1
2012-07-02 17:00:00+00:00,0.06529455,0.181380804798875,0.06789164072625001,0.0,0.384,7.685653982631578,7.685654,0.12413074578947292,0.0,0.384,0.0,-0.0,0.0,1
2012-07-02 17:30:00+00:00,0.10175175,0.223078818441875,0.10579892585624999,0.0,0.385,7.48302240368421,7.4830224,0.17383888263157843,0.0,0.385,0.0,-0.0,0.0,1
2012-07-02 18:00:00+00:00,0.1472556,0.275123960639,0.15311269148999998,0.0,0.502,6.693548719473683,6.6935487,0.7894737036842097,0.0,1.5,0.0,0.998,-0.07640323305350999,1
2012-07-02 18:30:00+00:00,0.14934045,0.27750851303862506,0.15528046639874998,0.0,1.035,5.904075035263157,5.904075,0.7894737194736834,0.0,1.5,0.0,0.4650000000000001,-0.03610270843770938,1
2012-07-02 19:00:00+00:00,0.14467875,0.272176682009375,0.15043334728125,0.0,1.14,5.11460135105263,5.1146014,0.7894736352631568,0.0,1.5,0.0,0.3600000000000001,-0.027078002510625004,1
2012-07-02 19:30:00+00:00,0.08417505,0.202975423875125,0.08752311261375,0.0,1.074,4.549338193157893,4.5493382,0.3209034510526303,0.0,1.074,0.0,-0.0,0.0,1
2012-07-02 20:00:00+00:00,0.07554045,0.193099578538625,0.07854507139874999,0.0,1.076,3.983022403684209,3.9830224,0.33862319315789247,0.0,1.076,0.0,-0.0,0.0,1
2012-07-02 20:30:00+00:00,0.13397775,0.259937386506875,0.13930671500624997,0.0,1.045,3.433022403684209,3.4330224,0.3499532036842088,0.0,1.045,0.0,-0.0,0.0,1
2012-07-02 21:00:00+00:00,0.07683195,0.19457673489237498,0.07988794081124999,0.0,1.002,2.9056539826315775,2.905654,0.35285080368420907,0.0,1.002,0.0,-0.0,0.0,1
2012-07-02 21:30:00+00:00,0.0691629,0.18580523978225,0.0719138543475,0.0,1.097,2.3282855615789457,2.3282856,0.3467658826315776,0.0,1.097,0.0,-0.0,0.0,1
2012-07-02 22:00:00+00:00,0.06993165,0.186684499516625,0.07271318137874999,0.0,1.01,1.7967066142105246,1.7967066,0.3347460615789457,0.0,1.01,0.0,-0.0,0.0,1
2012-07-02 22:30:00+00:00,0.13854105,0.26515667229012496,0.14405152026374998,0.0,0.988,1.2767066142105246,1.2767066,0.3178097142105245,0.0,0.988,0.0,-0.0,0.0,1
2012-07-02 23:00:00+00:00,0.0775515,0.19539972200375,0.08063611091249999,0.0,0.836,1.0,1.0,0.27670661421052456,0.0,0.52574257,0.31025742999999995,0.0,0.03031210778579896,1
2012-07-02 23:30:00+00:00,0.06964875,0.18636093193437497,0.07241902903124998,0.0,0.482,1.0,1.0,0.0,0.0,0.0,0.482,0.0,0.04491298459618437,1
2012-07-03 00:00:00+00:00,0.05408925,0.119064714910625,0.056240649918749996,0.0,0.565,1.7125,1.7125,0.7124999999999999,1.5,0.0,2.065,0.0,0.12293431814522031,1
2012-07-03 00:30:00+00:00,0.05709045,0.12249734491362502,0.059361222648749996,0.0,0.412,2.425,2.425,0.7124999999999999,1.5,0.0,1.912,0.0,0.1171074617374255,1
2012-07-03 01:00:00+00:00,0.06643845,0.133189143283625,0.06908103934874998,0.006,0.153,2.425,2.425,0.0,0.0,0.0,0.147,0.0,0.009789402031346437,1
2012-07-03 01:30:00+00:00,0.06637695,0.133118802504875,0.06901709318625,0.0,0.157,2.425,2.425,0.0,0.0,0.0,0.157,0.0,0.010449825996632689,1
2012-07-03 02:00:00+00:00,0.06015315,0.126000315695375,0.06254574154124999,0.0,0.14,2.90383135,2.9038314,0.47883140000000024,1.008066,0.0,1.148066,0.0,0.0723283392195632,1
2012-07-03 02:30:00+00:00,0.0517461,0.11638473124025,0.0538043011275,0.0,0.121,3.61633135,3.6163314,0.71250005,1.5,0.0,1.621,0.0,0.09432982467022263,1
2012-07-03 03:00:00+00:00,0.04996875,0.11435188273437501,0.051956257031249994,0.0,0.156,4.32883135,4.3288314,0.7125000500000005,1.5,0.0,1.656,0.0,0.0946833589040625,1
2012-07-03 03:30:00+00:00,0.0471213,0.11109510467825,0.048995549707499995,0.0,0.125,5.04133135,5.0413314,0.71250005,1.5,0.0,1.625,0.0,0.09026477255107812,1
2012-07-03 04:00:00+00:00,0.0444522,0.10804231488049999,0.04622028625499999,0.0,0.135,5.7538313500000005,5.7538314,0.71250005,1.5,0.0,1.635,0.0,0.08832459241480875,1
2012-07-03 04:30:00+00:00,0.03800085,0.10066356718962502,0.03951233380875,0.0,0.152,6.466331350000001,6.4663314,0.7125000499999992,1.5,0.0,1.652,0.0,0.08314810649863026,1
2012-07-03 05:00:00+00:00,0.0400857,0.33294811958925,0.0416801087175,0.0,0.116,6.405278718421053,6.4052787,0.07545875000000102,0.0,0.116,0.0,-0.0,0.0,1
2012-07-03 05:30:00+00:00,0.04244115,0.33564217141537506,0.044129246741249996,0.0,0.153,6.32475240263158,6.3247524,0.08100681842105306,0.0,0.153,0.0,-0.0,0.0,1
2012-07-03 06:00:00+00:00,0.0469614,0.34081221865350003,0.04882928968499999,0.0,0.129,6.256857665789474,6.2568577,0.09101160263158015,0.0,0.129,0.0,-0.0,0.0,1
2012-07-03 06:30:00+00:00,0.05444595,0.34937269142737504,0.056611537661249996,0.0,0.124,6.191594507894737,6.1915945,0.10500206578947413,0.0,0.124,0.0,-0.0,0.0,1
2012-07-03 07:00:00+00:00,0.05514705,0.35017457630512505,0.057340523913750004,0.0,0.151,6.112120823684211,6.1121208,0.12023990789473693,0.0,0.151,0.0,-0.0,0.0,1
2012-07-03 07:30:00+00:00,0.04983345,0.34409713302112505,0.05181557547374999,0.0,0.245,5.983173455263158,5.9831735,0.1304422236842102,0.0,0.245,0.0,-0.0,0.0,1
2012-07-03 08:00:00+00:00,0.05495025,0.349949485813125,0.057135896193749994,0.013,0.614,5.666857665789474,5.6668577,0.1375063552631577,0.0,0.601,0.0,-0.0,0.0,1
2012-07-03 08:30:00+00:00,0.0611556,0.357046870389,0.06358806399,0.025,0.627,5.350015560526316,5.3500156,0.14026186578947364,0.0,0.602,0.0,-0.0,0.0,1
2012-07-03 09:00:00+00:00,0.0548211,0.34980177017775,0.05700160925249999,0.081,0.729,5.008962928947368,5.0089629,0.13782606052631596,0.0,0.648,0.0,-0.0,0.0,1
2012-07-03 09:30:00+00:00,0.05316675,0.3479096032293751,0.05528145748125,0.213,0.802,4.698962928947369,4.6989629,0.1296694289473681,0.0,0.589,1.1102230246251565e-16,0.0,1.9312862599672747e-17,1
2012-07-03 10:00:00+00:00,0.05043,0.34477943857500004,0.05243585325,0.306,0.712,4.4852787184210525,4.4852787,0.11568552894736861,0.0,0.406,0.0,5.551115123125783e-17,-1.455387289850396e-18,1
2012-07-03 10:30:00+00:00,0.04451985,0.338019689737125,0.04629062703375,0.375,0.845,4.237910297368421,4.2379103,0.09626211842105281,0.0,0.47,0.0,-0.0,0.0,1
2012-07-03 11:00:00+00:00,0.044772,0.15790808693000002,0.0465528063,0.431,0.854,4.015278718421053,4.0152787,0.07233929736842093,0.0,0.423,0.0,-0.0,0.0,1
2012-07-03 11:30:00+00:00,0.0444522,0.1575423148805,0.04622028625499999,0.469,0.497,4.00054187631579,4.0005419,0.04543321842105286,0.0,0.028,2.42861286636753e-17,0.0,1.9130464645805353e-18,1
2012-07-03 12:00:00+00:00,0.04022715,0.152709903380375,0.04182718489125,0.506,0.264,4.11549187631579,4.1154919,2.3684210148644524e-08,0.242,0.0,0.0,-0.0,0.0,1
2012-07-03 12:30:00+00:00,0.03839445,0.150613748173625,0.03992158924874999,0.519,0.222,4.25656687631579,4.2565669,0.007839023684209856,0.297,0.0,0.0,-0.0,0.0,1
2012-07-03 13:00:00+00:00,0.03786555,0.15000881747637498,0.03937165225124999,0.544,0.225,4.40809187631579,4.4080919,0.027724123684209623,0.319,0.0,0.0,-0.0,0.0,1
2012-07-03 13:30:00+00:00,0.0387204,0.150986554301,0.040260503909999995,0.506,0.246,4.53159187631579,4.5315919,0.04137942368420955,0.26,0.0,0.0,-0.0,0.0,1
2012-07-03 14:00:00+00:00,0.0381669,0.15035348729225,0.03968498844749999,0.3,0.219,4.57006687631579,4.5700669,0.0467402236842096,0.081,0.0,0.0,-0.0,0.0,1
2012-07-03 14:30:00+00:00,0.03929235,0.151640723543375,0.04085520322124999,0.113,0.223,4.57006687631579,4.5700669,0.0423490236842099,0.0,0.0,0.11,0.0,0.008340239794885624,1
2012-07-03 15:00:00+00:00,0.0391386,0.1514648715965,0.040695337815,0.144,0.954,4.57006687631579,4.5700669,0.027580923684209502,0.0,0.0,0.8099999999999999,0.0,0.061343272996582494,1
2012-07-03 15:30:00+00:00,0.0386712,0.15093028167800002,0.040209346980000005,0.188,0.966,4.57006687631579,4.5700669,0.002773823684210086,0.0,0.0,0.778,0.0,0.05871187957274201,1
2012-07-03 16:00:00+00:00,0.04126035,0.153891628463375,0.04290148042125,0.063,0.806,4.57006687631579,4.5700669,2.3684209260466105e-08,0.0,0.0,0.7430000000000001,0.0,0.057170739974143826,1
2012-07-03 16:30:00+00:00,0.04187535,0.15459503625087498,0.043540942046249996,0.081,1.262,4.57006687631579,4.5700669,2.3684209260466105e-08,0.0,0.0,1.181,0.0,0.09128836890614168,1
2012-07-03 17:00:00+00:00,0.0499134,0.1637885760335,0.051898705484999995,0.013,0.542,4.291645823684211,4.2916458,0.12730357631579015,0.0,0.529,0.0,-0.0,0.0,1
2012-07-03 17:30:00+00:00,0.0535419,0.16793868197975,0.0556715290725,0.0,1.175,3.6732247710526327,3.6732248,0.17699482368421116,0.0,1.175,0.0,-0.0,0.0,1
2012-07-03 18:00:00+00:00,0.06712725,0.18347696000562497,0.06979723636874999,0.0,0.955,3.1705931921052644,3.1705932,0.22439557105263264,0.0,0.955,0.0,-0.0,0.0,1
2012-07-03 18:30:00+00:00,0.0740583,0.19140436577075,0.0770039688825,0.0,0.552,2.880066876315791,2.8800669,0.2667035921052645,0.0,0.552,0.0,-0.0,0.0,1
2012-07-03 19:00:00+00:00,0.06561435,0.181746576848375,0.06822416077124999,0.0,0.79,2.46427740263158,2.4642774,0.3012867763157909,0.0,0.79,0.0,-0.0,0.0,1
2012-07-03 19:30:00+00:00,0.052275,0.1664896619375,0.054354238124999996,0.0,0.77,2.059014244736843,2.0590142,0.32400970263158024,0.0,0.77,0.0,-0.0,0.0,1
2012-07-03 20:00:00+00:00,0.0460758,0.15939931143949998,0.04790846494499999,0.0,0.72,2.029688130526317,2.0296881,0.02932614473684314,0.0,0.055719617,0.6642803829999999,0.0,0.05294291782648366,1
2012-07-03 20:30:00+00:00,0.0493476,0.163141440869,0.05131040078999999,0.0,0.787,1.6154776042105274,1.6154776,0.3530283305263171,0.0,0.787,0.0,-0.0,0.0,1
2012-07-03 21:00:00+00:00,0.0465801,0.15997610582525001,0.0484328234775,0.0,0.531,1.3360039200000011,1.3360039,0.2947212042105274,0.0,0.531,0.0,-0.0,0.0,1
2012-07-03 21:30:00+00:00,0.0453132,0.15852708578299998,0.04711553253,0.0,0.552,1.3207564494736854,1.3207564,0.015247520000001069,0.0,0.028970194,0.523029806,0.0,0.04145719546141392,1
2012-07-03 22:00:00+00:00,0.043296,0.15621990824,0.0450180984,0.0,0.505,1.3207564494736854,1.3207564,4.9473685370671205e-08,0.0,0.0,0.505,0.0,0.0394455268306,1
2012-07-03 22:30:00+00:00,0.04878795,0.162501339782375,0.05072849071125,0.0,0.535,1.0391775021052643,1.0391775,0.3207564494736854,0.0,0.535,0.0,-0.0,0.0,1
2012-07-03 23:00:00+00:00,0.04317915,0.156086260760375,0.044896600691249997,0.0,0.672,1.000000000000001,1.0,0.03917750210526427,0.0,0.074437254,0.597562746,0.0,0.046635667296420866,1
2012-07-03 23:30:00+00:00,0.0406884,0.15323745922100002,0.04230678111,0.0,0.614,1.000000000000001,1.0,1.1102230246251565e-15,0.0,0.0,0.614,0.0,0.047043899980847,1
2012-07-04 00:00:00+00:00,0.03747195,0.100058636492375,0.038962396811249994,0.0,0.626,1.000000000000001,1.0,1.1102230246251565e-15,0.0,0.0,0.626,0.0,0.031318353222113376,1
2012-07-04 00:30:00+00:00,0.03650025,0.098947252188125,0.03795204744374999,0.0,0.462,1.000000000000001,1.0,1.1102230246251565e-15,0.0,0.0,0.462,0.0,0.022856815255456877,1
2012-07-04 01:00:00+00:00,0.03599595,0.09837045780237501,0.03742768891124999,0.0,0.583,1.712500000000001,1.7125,0.7124999999999988,1.5,0.0,2.083,0.0,0.10245283180117358,1
2012-07-04 01:30:00+00:00,0.0363711,0.09879953655275002,0.0378177605025,0.0,0.53,2.111068795000001,2.1110688,0.39856879999999895,0.8390922,0.0,1.3690921999999999,0.0,0.06763283742899247,1
2012-07-04 02:00:00+00:00,0.03486435,0.097076187473375,0.03625107952125,0.0,0.432,2.823568795000001,2.8235688,0.712500004999999,1.5,0.0,1.932,0.0,0.09377559709928025,1
2012-07-04 02:30:00+00:00,0.033579,0.09560606519749999,0.03491460472499999,0.0,0.304,3.5360687950000007,3.5360688,0.712500004999999,1.5,0.0,1.804,0.0,0.086236670808145,1
2012-07-04 03:00:00+00:00,0.03375735,0.09581005345587501,0.03510004859625,0.0,0.135,4.248568795000001,4.2485688,0.7125000049999994,1.5,0.0,1.635,0.0,0.07832471870017782,1
2012-07-04 03:30:00+00:00,0.03375735,0.09581005345587501,0.03510004859625,0.0,0.147,4.961068795000001,4.9610688,0.712500004999999,1.5,0.0,1.647,0.0,0.07889957902091307,1
2012-07-04 04:00:00+00:00,0.0337635,0.09581708753375,0.0351064432125,0.0,0.123,5.673568795000001,5.6735688,0.712500004999999,1.5,0.0,1.623,0.0,0.07775556653363812,1
2012-07-04 04:30:00+00:00,0.0338742,0.09594370093550002,0.035221546305,0.0,0.152,6.386068795000002,6.3860688,0.712500004999999,1.5,0.0,1.652,0.0,0.07924949697272302,1
2012-07-04 05:00:00+00:00,0.0338742,0.3258437009355001,0.035221546305,0.0,0.116,6.325016163421054,6.3250162,0.07714439500000125,0.0,0.116,0.0,-0.0,0.0,1
2012-07-04 05:30:00+00:00,0.03388035,0.325850735013375,0.03522794092124999,0.0,0.154,6.243963531842107,6.2439635,0.08253816342105402,0.0,0.154,0.0,-0.0,0.0,1
2012-07-04 06:00:00+00:00,0.03415095,0.326160234439875,0.035509304036249995,0.0,0.102,6.190279321315791,6.1902793,0.09238073184210727,0.0,0.102,0.0,-0.0,0.0,1
2012-07-04 06:30:00+00:00,0.0454485,0.33908183549625004,0.0472562140875,0.0,0.154,6.109226689736844,6.1092267,0.10620102131579134,0.0,0.154,0.0,-0.0,0.0,1
2012-07-04 07:00:00+00:00,0.048216,0.34224717054000003,0.0501337914,0.0,0.11,6.0513319528947385,6.051332,0.12126288973684396,0.0,0.11,0.0,-0.0,0.0,1
2012-07-04 07:30:00+00:00,0.0472197,0.34110764992425,0.049097863567500004,0.0,0.271,5.9087003739473705,5.9087004,0.13128875289473818,0.0,0.271,0.0,-0.0,0.0,1
2012-07-04 08:00:00+00:00,0.06583575,0.362399803651875,0.06845436695624998,0.013,0.602,5.598700373947371,5.5987004,0.13817277394737015,0.0,0.589,0.0,-0.0,0.0,1
2012-07-04 08:30:00+00:00,0.07097715,0.36828029275537505,0.07380026614124999,0.038,0.608,5.298700373947371,5.2987004,0.14074447394737089,0.0,0.57,0.0,-0.0,0.0,1
2012-07-04 09:00:00+00:00,0.05513475,0.350160508149375,0.05732773468124999,0.106,0.636,5.019753005526319,5.019753,0.13812097394737144,0.0,0.53,0.0,-0.0,0.0,1
2012-07-04 09:30:00+00:00,0.0513279,0.3458064139447501,0.053369467222499994,0.213,0.827,4.696595110789477,4.6965951,0.12977220552631863,0.0,0.614,0.0,-0.0,0.0,1
2012-07-04 10:00:00+00:00,0.05169075,0.346221424539375,0.053746749581249996,0.213,0.778,4.399226689736845,4.3992267,0.11559131078947615,0.0,0.565,1.1102230246251565e-16,0.0,1.9219149857106765e-17,1
2012-07-04 10:30:00+00:00,0.0548088,0.34978770202200005,0.05698882001999999,0.313,0.74,4.174489847631582,4.1744898,0.09596568973684505,0.0,0.427,0.0,-0.0,0.0,1
2012-07-04 11:00:00+00:00,0.0440955,0.15713433836375,0.04584939851249999,0.356,0.956,3.8587003739473715,3.8587004,0.071835247631582,0.0,0.6,0.0,-0.0,0.0,1
2012-07-04 11:30:00+00:00,0.04545465,0.158688869574125,0.04726260870374999,0.15,0.773,3.5308056371052663,3.5308056,0.04471557394737147,0.0,0.623,0.0,-0.0,0.0,1
2012-07-04 12:00:00+00:00,0.0400734,0.15253405143350002,0.041667319485,0.431,0.304,3.5911306371052665,3.5911306,3.710526641498291e-08,0.127,0.0,0.0,-0.0,0.0,1
2012-07-04 12:30:00+00:00,0.0370107,0.14903108065175,0.0384828005925,0.275,0.264,3.5963556371052663,3.5963556,0.008889562894733416,0.011,0.0,0.0,-0.0,0.0,1
2012-07-04 13:00:00+00:00,0.03663555,0.148602001901375,0.03809272900125,0.281,0.131,3.6676056371052663,3.6676056,0.028985462894733693,0.15,0.0,0.0,-0.0,0.0,1
2012-07-04 13:30:00+00:00,0.038007,0.1501706012675,0.039518728424999996,0.244,0.143,3.7155806371052664,3.7155806,0.04285836289473366,0.101,0.0,0.0,-0.0,0.0,1
2012-07-04 14:00:00+00:00,0.03902175,0.151331224116875,0.04057384010625,0.438,0.146,3.8542806371052665,3.8542806,0.04844366289473356,0.292,0.0,0.0,5.551115123125783e-17,-1.126150287085459e-18,1
2012-07-04 14:30:00+00:00,0.0379332,0.150086192333,0.03944199303,0.313,0.123,3.9445306371052666,3.9445306,0.04428346289473373,0.19,0.0,0.0,-0.0,0.0,1
2012-07-04 15:00:00+00:00,0.0390894,0.1514085989735,0.040644180885,0.294,0.264,3.9587806371052667,3.9587806,0.02975216289473348,0.03,0.0,5.551115123125783e-17,0.0,4.202432817665414e-18,1
2012-07-04 15:30:00+00:00,0.0392124,0.151549280531,0.04077207321,0.044,0.213,3.9587806371052667,3.9587806,0.005186162894733393,0.0,0.0,0.16899999999999998,0.0,0.0128059142048695,1
2012-07-04 16:00:00+00:00,0.0459405,0.15924456172625,0.0477677833875,0.025,0.507,3.705096426578951,3.7050964,0.031148737105266555,0.0,0.482,0.0,-0.0,0.0,1
2012-07-04 16:30:00+00:00,0.04490115,0.158055802565375,0.04668709324125,0.031,0.511,3.4524648476315827,3.4524648,0.07534802657895101,0.0,0.48,0.0,-0.0,0.0,1
2012-07-04 17:00:00+00:00,0.04602045,0.159336004738625,0.04785091339874999,0.013,0.378,3.260359584473688,3.2603596,0.12382494763158247,0.0,0.365,0.0,-0.0,0.0,1
2012-07-04 17:30:00+00:00,0.04818525,0.161812000150625,0.05010181831874999,0.0,0.502,2.9961490581578984,2.9961491,0.1732556844736881,0.0,0.502,0.0,-0.0,0.0,1
2012-07-04 18:00:00+00:00,0.06098955,0.176456950286375,0.06341540935125,0.0,0.577,2.692464847631583,2.6924648,0.22040435815789827,0.0,0.577,0.0,-0.0,0.0,1
2012-07-04 18:30:00+00:00,0.0607989,0.17623889387225,0.06321717624749999,0.0,1.003,2.1645701107894775,2.1645701,0.262470647631583,0.0,1.003,0.0,-0.0,0.0,1
2012-07-04 19:00:00+00:00,0.05932905,0.174557749260125,0.06168886296375,0.0,1.192,1.537201689736846,1.5372017,0.29682371078947756,0.0,1.192,0.0,-0.0,0.0,1
2012-07-04 19:30:00+00:00,0.05729955,0.172236503561375,0.05957863960124999,0.0,1.338,1.0000000055263196,1.0,0.3193312897368459,0.0,1.0206832,0.3173168000000002,0.0,0.027326768076642072,1
2012-07-04 20:00:00+00:00,0.05124795,0.165314970932375,0.05328633721125,0.0,1.313,1.0000000055263196,1.0,5.526319624138409e-09,0.0,0.0,1.313,0.0,0.10852927841710418,1
2012-07-04 20:30:00+00:00,0.05274855,0.16703128593387498,0.054846623576249996,0.0,1.466,1.0000000055263196,1.0,5.526319624138409e-09,0.0,0.0,1.466,0.0,0.12243393258953035,1
2012-07-04 21:00:00+00:00,0.04281015,0.155664216087875,0.04451292371624999,0.0,1.232,1.0000000055263196,1.0,5.526319624138409e-09,0.0,0.0,1.232,0.0,0.095889157110131,1
2012-07-04 21:30:00+00:00,0.04341285,0.156353555719625,0.04513959610875,0.0,1.334,1.0000000055263196,1.0,5.526319624138409e-09,0.0,0.0,1.334,0.0,0.10428782166498989,1
2012-07-04 22:00:00+00:00,0.040959,0.1535469586475,0.042588144225,0.0,1.153,1.0000000055263196,1.0,5.526319624138409e-09,0.0,0.0,1.153,0.0,0.08851982166028376,1
2012-07-04 22:30:00+00:00,0.04599585,0.159307868427125,0.04782533493375,0.0,0.846,1.0000000055263196,1.0,5.526319624138409e-09,0.0,0.0,0.846,0.0,0.06738722834467387,1
2012-07-04 23:00:00+00:00,0.03850515,0.150740361575375,0.04003669234125,0.0,0.538,1.0000000055263196,1.0,5.526319624138409e-09,0.0,0.0,0.538,0.0,0.04054915726377587,1
2012-07-04 23:30:00+00:00,0.0381669,0.15035348729225,0.03968498844749999,0.0,0.449,1.0000000055263196,1.0,5.526319624138409e-09,0.0,0.0,0.449,0.0,0.03375435789711013,1
2012-07-05 00:00:00+00:00,0.0353379,0.09761781146975,0.036743464972499994,0.0,0.396,1.0000000055263196,1.0,5.526319624138409e-09,0.0,0.0,0.396,0.0,0.0193283266710105,1
2012-07-05 00:30:00+00:00,0.03552855,0.097835867883875,0.03694169807625,0.0,0.537,1.0000000055263196,1.0,5.526319624138409e-09,0.0,0.0,0.537,0.0,0.026268930526820437,1
2012-07-05 01:00:00+00:00,0.0345384,0.09670338134600001,0.03591216485999999,0.0,0.604,1.7125000055263195,1.7125,0.7124999944736803,1.5,0.0,2.104,0.0,0.10173195717599201,1
2012-07-05 01:30:00+00:00,0.03459375,0.09676668804687502,0.03596971640625,0.0,0.466,2.4250000055263197,2.425,0.31590779447368056,1.5,0.0,1.966,0.0,0.09512165435007815,1
2012-07-05 02:00:00+00:00,0.0339111,0.09598590540275,0.0352599140025,0.0,0.404,3.1375000055263196,3.1375,0.7124999944736805,1.5,0.0,1.904,0.0,0.091378581943418,1
2012-07-05 02:30:00+00:00,0.03369585,0.09573971267712503,0.03503610243375,0.0,0.138,3.8500000055263195,3.85,0.7124999944736805,1.5,0.0,1.638,0.0,0.0784108246825654,1
2012-07-05 03:00:00+00:00,0.03346215,0.09547241771787501,0.03479310701625,0.0,0.121,4.562500005526319,4.5625,0.7124999944736805,1.5,0.0,1.621,0.0,0.0773803945603377,1
2012-07-05 03:30:00+00:00,0.03356055,0.095584962963875,0.03489542087625,0.0,0.158,5.275000005526319,5.275,0.7124999944736814,1.5,0.0,1.658,0.0,0.07923993429705237,1
2012-07-05 04:00:00+00:00,0.033825,0.0958874283125,0.035170389375,0.0,0.116,5.98750000552632,5.9875,0.7124999944736805,1.5,0.0,1.616,0.0,0.0774770420765,1
2012-07-05 04:30:00+00:00,0.0338004,0.09585929200100002,0.03514481091,0.0,0.142,6.70000000552632,6.7,0.7124999944736805,1.5,0.0,1.642,0.0,0.07870047873282102,1
2012-07-05 05:00:00+00:00,0.03385575,0.325822598701875,0.03520236245624999,0.0,0.14,6.6263157950000044,6.6263158,0.07047540552632015,0.0,0.14,0.0,-0.0,0.0,1
2012-07-05 05:30:00+00:00,0.0338865,0.32585776909125,0.0352343355375,0.0,0.116,6.565263163421057,6.5652632,0.07591339500000416,0.0,0.116,0.0,-0.0,0.0,1
2012-07-05 06:00:00+00:00,0.03447075,0.3265260064893751,0.03584182408125,0.0,0.159,6.481578952894742,6.481579,0.08581766342105723,0.0,0.159,0.0,-0.0,0.0,1
2012-07-05 06:30:00+00:00,0.04122345,0.334249423996125,0.04286311272375,0.0,0.11,6.423684216052636,6.4236842,0.09971725289474165,0.0,0.11,0.0,-0.0,0.0,1
2012-07-05 07:00:00+00:00,0.0492,0.34337262300000004,0.051156929999999996,0.0,0.142,6.3489473739473725,6.3489474,0.11487811605263598,0.0,0.142,0.0,-0.0,0.0,1
2012-07-05 07:30:00+00:00,0.04524555,0.338849710926375,0.04704519175125,0.0,0.263,6.210526321315793,6.2105263,0.1250276739473728,0.0,0.263,0.0,-0.0,0.0,1
2012-07-05 08:00:00+00:00,0.05340045,0.348176898188625,0.05552445289874999,0.019,0.602,5.9036842160526355,5.9036842,0.13205672131579327,0.0,0.583,0.0,-0.0,0.0,1
2012-07-05 08:30:00+00:00,0.05373255,0.348556738393875,0.05586976217624999,0.05,0.642,5.5921052686842145,5.5921053,0.1347945160526356,0.0,0.592,0.0,-0.0,0.0,1
2012-07-05 09:00:00+00:00,0.0533574,0.34812765964350006,0.055479690585,0.081,0.774,5.227368426578951,5.2273684,0.13235736868421455,0.0,0.693,1.1102230246251565e-16,0.0,1.9324967162254184e-17,1
2012-07-05 09:30:00+00:00,0.05337585,0.34814876187712507,0.055498874433750005,0.113,0.765,4.884210531842109,4.8842105,0.12421432657895082,0.0,0.652,0.0,-0.0,0.0,1
2012-07-05 10:00:00+00:00,0.05039925,0.34474426818562504,0.05240388016875,0.106,0.278,4.793684216052636,4.7936842,0.11025753184210974,0.0,0.172,5.551115123125783e-17,0.0,9.568575603680769e-18,1
2012-07-05 10:30:00+00:00,0.04915695,0.34332338445487504,0.051112167686249994,0.175,0.453,4.647368426578952,4.6473684,0.09087311605263615,0.0,0.278,0.0,-0.0,0.0,1
2012-07-05 11:00:00+00:00,0.0477732,0.161340716933,0.04967337903,0.375,0.539,4.561052637105267,4.5610526,0.06700002657895165,0.0,0.164,2.7755575615628914e-17,0.0,2.239052234356831e-18,1
2012-07-05 11:30:00+00:00,0.0425211,0.15533361442774998,0.0442123767525,0.163,0.19,4.546842110789478,4.5468421,0.040152737105267455,0.0,0.027,0.0,3.469446951953614e-18,-7.669624788129297e-20,1
2012-07-05 12:00:00+00:00,0.04063305,0.153174152520125,0.04224922956375,0.325,0.138,4.635667110789478,4.6356671,0.01238441078947794,0.187,0.0,0.0,-0.0,0.0,1
2012-07-05 12:30:00+00:00,0.04057155,0.15310381174137502,0.042185283401249996,0.531,0.136,4.8232921107894775,4.8232921,0.012479989210522291,0.395,0.0,0.0,-0.0,0.0,1
2012-07-05 13:00:00+00:00,0.03764415,0.149755590672875,0.039141446066249995,0.188,0.114,4.858442110789477,4.8584421,0.03229688921052265,0.074,0.0,0.0,-0.0,0.0,1
2012-07-05 13:30:00+00:00,0.03646335,0.148405047720875,0.03791367974624999,0.156,0.149,4.8617671107894775,4.8617671,0.04588218921052256,0.007,0.0,0.0,-0.0,0.0,1
2012-07-05 14:00:00+00:00,0.0361005,0.14799003712625,0.037536397387499996,0.263,0.103,4.937767110789477,4.9377671,0.05117278921052204,0.16,0.0,0.0,-0.0,0.0,1
2012-07-05 14:30:00+00:00,0.03651255,0.148461320343875,0.037964836676249995,0.394,0.147,5.055092110789477,5.0550921,0.04671148921052293,0.247,0.0,0.0,-0.0,0.0,1
2012-07-05 15:00:00+00:00,0.03648795,0.14843318403237502,0.03793925821124999,0.319,0.124,5.147717110789477,5.1477171,0.031872989210522285,0.195,0.0,0.0,-0.0,0.0,1
2012-07-05 15:30:00+00:00,0.03629115,0.14820809354037498,0.03773463049125,0.206,0.212,5.144559216052635,5.1445592,0.006993689210522902,0.0,0.006,5.204170427930421e-18,0.0,3.8565008879138256e-19,1
2012-07-05 16:00:00+00:00,0.0368508,0.14884819462700002,0.03831654057,0.15,0.151,5.144032900263162,5.1440329,0.02950061605263521,0.0,0.001,8.673617379884035e-19,0.0,6.455261439405545e-20,1
2012-07-05 16:30:00+00:00,0.0373797,0.14945312532425,0.0388664775675,0.069,0.097,5.129296058157899,5.1292961,0.07406350026316222,0.0,0.028,0.0,3.469446951953614e-18,-6.74225910648682e-20,1
2012-07-05 17:00:00+00:00,0.04022715,0.152709903380375,0.04182718489125,0.013,0.522,4.861401321315793,4.8614013,0.12291435815789864,0.0,0.509,0.0,-0.0,0.0,1
2012-07-05 17:30:00+00:00,0.04754565,0.161080456051625,0.04943677822875,0.0,0.697,4.494559216052635,4.4945592,0.1727306213157931,0.0,0.697,0.0,-0.0,0.0,1
2012-07-05 18:00:00+00:00,0.05485185,0.16943694056712502,0.05703358233375,0.0,1.103,3.9140329002631615,3.9140329,0.220277316052635,0.0,1.103,0.0,-0.0,0.0,1
2012-07-05 18:30:00+00:00,0.0773424,0.19516056335600002,0.08041869396000001,0.0,1.24,3.261401321315793,3.2614013,0.2627541002631615,0.0,1.24,0.0,-0.0,0.0,1
2012-07-05 19:00:00+00:00,0.08218245,0.20069638264362502,0.08545125694875,0.0,1.014,2.727717110789477,2.7277171,0.2975303213157927,0.0,1.014,0.0,-0.0,0.0,1
2012-07-05 19:30:00+00:00,0.0534312,0.16781206857800002,0.05555642598,0.0,1.165,2.1145592160526347,2.1145592,0.3204746107894767,0.0,1.165,0.0,-0.0,0.0,1
2012-07-05 20:00:00+00:00,0.05203515,0.16621533290037502,0.05410484809125,0.0,0.637,2.021858363421056,2.0218584,0.09270081605263458,0.0,0.17613162,0.46086838,0.0,0.03830169560247827,1
2012-07-05 20:30:00+00:00,0.054489,0.1690219299725,0.056656299975,0.0,0.457,1.7813320476315821,1.781332,0.3499699634210558,0.0,0.457,0.0,-0.0,0.0,1
2012-07-05 21:00:00+00:00,0.05265015,0.16691874068787502,0.054744309716249995,0.0,0.735,1.3944899423684243,1.3944899,0.3531019476315822,0.0,0.735,0.0,-0.0,0.0,1
2012-07-05 21:30:00+00:00,0.049077,0.16283194144250002,0.051029037675,0.0,1.187,1.3187864739473716,1.3187865,0.07570344236842419,0.0,0.14383659,1.04316341,0.0,0.08493016164603932,1
2012-07-05 22:00:00+00:00,0.04015335,0.152625494445875,0.041750449496249994,0.006,1.114,1.3187864739473716,1.3187865,2.6052628498973718e-08,0.0,0.0,1.108,0.0,0.08455452392301475,1
2012-07-05 22:30:00+00:00,0.0531483,0.16748850099575,0.0552622736325,0.0,1.017,1.000000000263161,1.0,0.3187864739473716,0.0,0.6056943,0.4113056999999999,0.0,0.034444487572003815,1
2012-07-05 23:00:00+00:00,0.04363425,0.156606782523125,0.04536980229374999,0.0,1.204,1.000000000263161,1.0,2.631610485082092e-10,0.0,0.0,1.204,0.0,0.09427728307892123,1
2012-07-05 23:30:00+00:00,0.04577445,0.159054641623625,0.04759512874875,0.0,1.158,1.000000000263161,1.0,2.631610485082092e-10,0.0,0.0,1.158,0.0,0.09209263750007887,1
2012-07-06 00:00:00+00:00,0.03957525,0.10246429112562502,0.04114935556875,0.0,1.149,1.000000000263161,1.0,2.631610485082092e-10,0.0,0.0,1.149,0.0,0.058865735251671575,1
2012-07-06 00:30:00+00:00,0.03648795,0.09893318403237499,0.03793925821124999,0.0,1.024,1.712500000263161,1.7125,0.7124999997368389,1.5,0.0,2.524,0.0,0.12485367824885724,1
2012-07-06 01:00:00+00:00,0.03683235,0.099327092393375,0.038297356721249995,0.0,0.569,2.425000000263161,2.425,0.7063278997368392,1.5,0.0,2.069,0.0,0.10275387708094644,1
2012-07-06 01:30:00+00:00,0.03705375,0.099580319196875,0.03852756290625,0.0,0.318,3.137500000263161,3.1375,0.7063278997368392,1.5,0.0,1.818,0.0,0.09051851014995937,1
2012-07-06 02:00:00+00:00,0.0355347,0.09784290196175002,0.0369480926925,0.0,0.147,3.8500000002631607,3.85,0.7124999997368393,1.5,0.0,1.647,0.0,0.08057362976550114,1
2012-07-06 02:30:00+00:00,0.03434775,0.096485324931875,0.035713931756250004,0.0,0.109,4.56250000026316,4.5625,0.7124999997368393,1.5,0.0,1.609,0.0,0.07762244390769345,1
2012-07-06 03:00:00+00:00,0.0338619,0.09592963277975002,0.0352087570725,0.0,0.155,5.2750000002631605,5.275,0.7124999997368402,1.5,0.0,1.655,0.0,0.07938177112524314,1
2012-07-06 03:30:00+00:00,0.0338742,0.09594370093550002,0.035221546305,0.0,0.123,5.987500000263161,5.9875,0.7124999997368393,1.5,0.0,1.623,0.0,0.07785831330915827,1
2012-07-06 04:00:00+00:00,0.03386805,0.095936666857625,0.035215151688749995,0.0,0.135,6.700000000263161,6.7,0.7124999997368393,1.5,0.0,1.635,0.0,0.07842822515610844,1
2012-07-06 04:30:00+00:00,0.0336528,0.09569047413199999,0.03499134011999999,0.0,0.14,7.412500000263162,7.4125,0.7124999997368384,1.5,0.0,1.6400000000000001,0.0,0.07846618878824,1
2012-07-06 05:00:00+00:00,0.03319155,0.325062918291375,0.034511743901249996,0.0,0.116,7.351447368684214,7.3514474,0.0795416002631617,0.0,0.116,0.0,-0.0,0.0,1
2012-07-06 05:30:00+00:00,0.0338619,0.32582963277975,0.0352087570725,0.0,0.152,7.271447368684214,7.2714474,0.08530326868421412,0.0,0.152,0.0,-0.0,0.0,1
2012-07-06 06:00:00+00:00,0.03432315,0.326357188620375,0.035688353291249995,0.0,0.2,7.166184210789477,7.1661842,0.09551496868421427,0.0,0.2,0.0,-0.0,0.0,1
2012-07-06 06:30:00+00:00,0.03536865,0.327552981859125,0.03677543805375,0.0,0.149,7.087763158157898,7.0877632,0.10970501078947681,0.0,0.149,0.0,-0.0,0.0,1
2012-07-06 07:00:00+00:00,0.03814845,0.33073238505862507,0.03966580459875,0.0,0.125,7.0219736844736875,7.0219737,0.12514015815789836,0.0,0.125,0.0,-0.0,0.0,1
2012-07-06 07:30:00+00:00,0.04169085,0.33478401391462503,0.04334910355875,0.0,0.128,6.954605263421056,6.9546053,0.13555228447368783,0.0,0.128,0.0,-0.0,0.0,1
2012-07-06 08:00:00+00:00,0.04980885,0.34406899670962504,0.05178999700874999,0.013,0.139,6.8882894739473715,6.8882895,0.14282816342105598,0.0,0.126,0.0,-0.0,0.0,1
2012-07-06 08:30:00+00:00,0.0541692,0.34905615792300004,0.05632377993,0.069,0.115,6.864078947631582,6.8640789,0.14579577394737164,0.0,0.046,0.0,-0.0,0.0,1
2012-07-06 09:00:00+00:00,0.0558789,0.35101163157225,0.058101483247499995,0.069,0.152,6.820394737105266,6.8203947,0.1435703476315826,0.0,0.083,0.0,1.3877787807814457e-17,-4.0316002791404567e-19,1
2012-07-06 09:30:00+00:00,0.0567153,0.35196826616325005,0.0589711510575,0.088,0.234,6.743552631842108,6.7435526,0.13561933710526564,0.0,0.146,2.7755575615628914e-17,0.0,4.884540912897945e-18,1
2012-07-06 10:00:00+00:00,0.05379405,0.34862707917262503,0.05593370833875,0.225,0.3,6.704078947631581,6.7040789,0.12183353184210777,0.0,0.075,0.0,1.3877787807814457e-17,-3.8811806781467727e-19,1
2012-07-06 10:30:00+00:00,0.0507744,0.34517334693600005,0.05279395175999999,0.288,0.539,6.5719736844736865,6.5719737,0.10259794763158148,0.0,0.251,5.551115123125783e-17,0.0,9.580484931381862e-18,1
2012-07-06 11:00:00+00:00,0.0436035,0.15657161213375,0.0453378292125,0.163,0.277,6.511973684473687,6.5119737,0.0788500844736868,0.0,0.114,1.3877787807814457e-17,0.0,1.086433804959805e-18,1
2012-07-06 11:30:00+00:00,0.04346205,0.156409828342625,0.04519075303875,0.094,0.22,6.445657895000003,6.4456579,0.05210328447368706,0.0,0.126,0.0,-0.0,0.0,1
2012-07-06 12:00:00+00:00,0.0408483,0.15342034524575,0.04247304113249999,0.138,0.11,6.458957895000003,6.4589579,0.024409495000003112,0.028,0.0,0.0,-0.0,0.0,1
2012-07-06 12:30:00+00:00,0.0403071,0.15280134639275,0.041910314902499995,0.138,0.16,6.447378947631582,6.4473789,0.00158480499999758,0.0,0.022,0.0,6.938893903907228e-18,-1.4540561429389474e-19,1
2012-07-06 13:00:00+00:00,0.0380931,0.15026907835775,0.03960825305249999,0.244,0.229,6.454503947631582,6.4545039,0.021384752368418525,0.015,0.0,0.0,-0.0,0.0,1
2012-07-06 13:30:00+00:00,0.044526,0.157626723815,0.04629702165,0.531,0.533,6.453451316052635,6.4534513,0.03498005236841806,0.0,0.002,1.734723475976807e-18,0.0,1.3671938912159649e-19,1
2012-07-06 14:00:00+00:00,0.04315455,0.15605812444887499,0.044871022226249994,0.544,0.189,6.622076316052635,6.6220763,0.04030808394736507,0.355,0.0,0.0,-0.0,0.0,1
2012-07-06 14:30:00+00:00,0.0376257,0.14973448843925,0.039122262217499995,0.519,0.204,6.771701316052635,6.7717013,0.035912083947365225,0.315,0.0,0.0,-0.0,0.0,1
2012-07-06 15:00:00+00:00,0.0387327,0.15100062245674997,0.04027329314249999,0.481,0.245,6.883801316052635,6.8838013,0.021166483947364867,0.236,0.0,0.0,-0.0,0.0,1
2012-07-06 15:30:00+00:00,0.03865275,0.15090917944437499,0.04019016313125,0.319,0.383,6.850117105526319,6.8501171,0.003981216052634906,0.0,0.064,0.0,-0.0,0.0,1
2012-07-06 16:00:00+00:00,0.0404793,0.15299830057324998,0.042089364157499996,0.363,0.469,6.794327631842108,6.7943276,0.041070405526319576,0.0,0.106,0.0,1.3877787807814457e-17,-2.920536323718081e-19,1
2012-07-06 16:30:00+00:00,0.0404055,0.15291389163875,0.0420126287625,0.25,0.459,6.684327631842108,6.6843276,0.08544673184210883,0.0,0.209,2.7755575615628914e-17,0.0,2.1221065410297057e-18,1
2012-07-06 17:00:00+00:00,0.0414018,0.1540534122545,0.043048556594999995,0.006,0.452,6.4495907897368445,6.4495908,0.13408773184210787,0.0,0.446,0.0,-0.0,0.0,1
2012-07-06 17:30:00+00:00,0.0453624,0.15858335840600002,0.047166689459999994,0.0,0.473,6.2006434213157915,6.2006434,0.18367328973684494,0.0,0.473,0.0,-0.0,0.0,1
2012-07-06 18:00:00+00:00,0.05326515,0.16762214847537502,0.05538377134125,0.006,0.526,5.926959210789476,5.9269592,0.23097042131579126,0.0,0.52,0.0,-0.0,0.0,1
2012-07-06 18:30:00+00:00,0.04825905,0.161896409085125,0.05017855371374999,0.0,0.67,5.574327631842107,5.5743276,0.2731804107894753,0.0,0.67,0.0,-0.0,0.0,1
2012-07-06 19:00:00+00:00,0.0486096,0.16229735152400002,0.050543046839999994,0.0,0.712,5.199590789736844,5.1995908,0.30767363184210694,0.0,0.712,0.0,-0.0,0.0,1
2012-07-06 19:30:00+00:00,0.04193685,0.154665377029625,0.04360488820874999,0.0,0.655,4.854853947631581,4.8548539,0.3303216897368433,0.0,0.655,0.0,-0.0,0.0,1
2012-07-06 20:00:00+00:00,0.0382161,0.15040975991525,0.0397361453775,0.0,0.745,4.462748684473686,4.4627487,0.3479440476315805,0.0,0.745,0.0,-0.0,0.0,1
2012-07-06 20:30:00+00:00,0.0453747,0.15859742656175,0.04717947869249999,0.0,0.786,4.049064473947371,4.0490645,0.35916198447368597,0.0,0.786,0.0,-0.0,0.0,1
2012-07-06 21:00:00+00:00,0.0452394,0.1584426768485,0.047038797135,0.0,0.633,3.715906579210529,3.7159066,0.36193747394737086,0.0,0.633,0.0,-0.0,0.0,1
2012-07-06 21:30:00+00:00,0.03977205,0.152189381617625,0.04135398328875,0.0,0.521,3.441696052894739,3.4416961,0.35572107921052876,0.0,0.521,0.0,-0.0,0.0,1
2012-07-06 22:00:00+00:00,0.0400365,0.15249184696624998,0.0416289517875,0.0,0.636,3.106959210789476,3.1069592,0.34354965289473904,0.0,0.636,0.0,-0.0,0.0,1
2012-07-06 22:30:00+00:00,0.04797,0.16156580742499999,0.049878006749999995,0.0,0.544,2.8206434213157916,2.8206434,0.3264409107894757,0.0,0.544,0.0,-0.0,0.0,1
2012-07-06 23:00:00+00:00,0.0398028,0.152224552007,0.04138595637,0.0,0.571,2.520117105526318,2.5201171,0.3053037213157914,0.0,0.571,0.0,-0.0,0.0,1
2012-07-06 23:30:00+00:00,0.0452886,0.1584989494715,0.047089954064999995,0.0,0.574,2.218011842368423,2.2180118,0.28033460552631784,0.0,0.574,0.0,-0.0,0.0,1
2012-07-07 00:00:00+00:00,0.0423366,0.10562259209150002,0.044020538265,0.0,0.369,2.218011842368423,2.2180118,4.236842299221166e-08,0.0,0.0,0.369,0.0,0.019487368240881753,1
2012-07-07 00:30:00+00:00,0.03867735,0.10143731575587499,0.04021574159624999,0.0,0.172,2.218011842368423,2.2180118,4.236842299221166e-08,0.0,0.0,0.172,0.0,0.008723609155005248,1
2012-07-07 01:00:00+00:00,0.0371091,0.09964362589775001,0.03858511445249999,0.0,0.107,2.218011842368423,2.2180118,4.236842299221166e-08,0.0,0.0,0.107,0.0,0.005330933985529625,1
2012-07-07 01:30:00+00:00,0.0364572,0.09889801364300002,0.03790728513,0.0,0.159,2.218011842368423,2.2180118,4.236842299221166e-08,0.0,0.0,0.159,0.0,0.007862392084618502,1
2012-07-07 02:00:00+00:00,0.03541785,0.09770925448212502,0.03682659498375,0.0,0.124,2.863014722368423,2.8630147,0.6450028576315767,1.3579008,0.0,1.4819008,0.0,0.07239771119223233,1
2012-07-07 02:30:00+00:00,0.03379425,0.095852257923125,0.03513841629375,0.0,0.138,3.575514722368423,3.5755147,0.7124999776315768,1.5,0.0,1.638,0.0,0.07850299923903938,1
2012-07-07 03:00:00+00:00,0.03386805,0.095936666857625,0.035215151688749995,0.0,0.141,4.288014722368423,4.2880147,0.7124999776315768,1.5,0.0,1.641,0.0,0.07871603515668131,1
2012-07-07 03:30:00+00:00,0.03383115,0.09589446239037501,0.035176783991249995,0.0,0.122,5.000514722368424,5.0005147,0.7124999776315768,1.5,0.0,1.6219999999999999,0.0,0.07777040899859412,1
2012-07-07 04:00:00+00:00,0.03384345,0.09590853054612498,0.03518957322374999,0.0,0.157,5.713014722368424,5.7130147,0.7124999776315759,1.5,0.0,1.657,0.0,0.07946021755746455,1
2012-07-07 04:30:00+00:00,0.0331116,0.09507147527900002,0.034428613889999994,0.0,0.102,6.425514722368424,6.4255147,0.7124999776315759,1.5,0.0,1.602,0.0,0.07615225169847901,1
2012-07-07 05:00:00+00:00,0.0331608,0.325027747902,0.03447977082,0.0,0.156,6.3434094592105295,6.3434095,0.08068652236842411,0.0,0.156,0.0,-0.0,0.0,1
2012-07-07 05:30:00+00:00,0.03328995,0.32517546353737503,0.03461405776125,0.0,0.118,6.281304196052635,6.2813042,0.08589765921052983,0.0,0.118,0.0,-0.0,0.0,1
2012-07-07 06:00:00+00:00,0.03182625,0.323501353003125,0.03309213909375,0.0,0.139,6.208146301315793,6.2081463,0.09555729605263519,0.0,0.139,0.0,-0.0,0.0,1
2012-07-07 06:30:00+00:00,0.03295785,0.324795623332125,0.03426874848374999,0.0,0.138,6.135514722368424,6.1355147,0.10919520131579308,0.0,0.138,0.0,-0.0,0.0,1
2012-07-07 07:00:00+00:00,0.0326688,0.32446502167200003,0.03396820151999999,0.0,0.123,6.070777880263162,6.0707779,0.12408102236842389,0.0,0.123,0.0,-0.0,0.0,1
2012-07-07 07:30:00+00:00,0.0339603,0.32594217802575004,0.0353110709325,0.006,0.15,5.994988406578951,5.9949884,0.13395288026316177,0.0,0.144,0.0,-0.0,0.0,1
2012-07-07 08:00:00+00:00,0.0345507,0.32661744950175003,0.035924954092499996,0.025,0.106,5.952356827631583,5.9523568,0.14069550657895125,0.0,0.081,0.0,1.3877787807814457e-17,-2.4927944495059526e-19,1
2012-07-07 08:30:00+00:00,0.038499,0.3311333274975,0.040030297725,0.038,0.151,5.892883143421057,5.8928831,0.14313762763158255,0.0,0.113,0.0,1.3877787807814457e-17,-2.7776598885559387e-19,1
2012-07-07 09:00:00+00:00,0.04545465,0.33908886957412504,0.04726260870374999,0.044,0.107,5.859725248684215,5.8597252,0.14039484342105624,0.0,0.063,0.0,-0.0,0.0,1
2012-07-07 09:30:00+00:00,0.04822215,0.34225420461787504,0.05014018601624999,0.069,0.173,5.804988406578952,5.8049884,0.13193514868421463,0.0,0.104,0.0,1.3877787807814457e-17,-3.479174310889315e-19,1
2012-07-07 10:00:00+00:00,0.04519635,0.338793438303375,0.04699403482125,0.094,0.628,5.523935775000004,5.5239358,0.11764950657895135,0.0,0.534,0.0,-0.0,0.0,1
2012-07-07 10:30:00+00:00,0.0423612,0.335550728403,0.044046116729999994,0.144,0.595,5.2865673539473725,5.2865674,0.09792317500000447,0.0,0.451,0.0,5.551115123125783e-17,-1.2225253234743326e-18,1
2012-07-07 11:00:00+00:00,0.03755805,0.149657113582625,0.03905192143875,0.388,0.505,5.224988406578952,5.2249884,0.0736940539473725,0.0,0.117,0.0,1.3877787807814457e-17,-2.7097713960720636e-19,1
2012-07-07 11:30:00+00:00,0.0361497,0.14804630974925,0.037587554317499994,0.238,0.479,5.0981463013157935,5.0981463,0.04647540657895188,0.0,0.241,0.0,-0.0,0.0,1
2012-07-07 12:00:00+00:00,0.03559005,0.147406208662625,0.03700564423874999,0.144,0.421,4.952356827631583,4.9523568,0.018319601315793577,0.0,0.277,0.0,-0.0,0.0,1
2012-07-07 12:30:00+00:00,0.0348336,0.146541017084,0.036219106439999996,0.138,0.445,4.8934083750000035,4.8934084,0.00748907236841756,0.0,0.11200206,0.19499793999999998,0.0,0.014287598228442402,1
2012-07-07 13:00:00+00:00,0.0351165,0.14686458466625002,0.0365132587875,0.188,0.764,4.8934083750000035,4.8934084,0.027688524999996744,0.0,0.0,0.5760000000000001,0.0,0.04229700038388001,1
2012-07-07 13:30:00+00:00,0.0346491,0.14632999474775002,0.0360272679525,0.081,1.477,4.8934083750000035,4.8934084,0.04167462499999619,0.0,0.0,1.3960000000000001,0.0,0.10213833633392952,1
2012-07-07 14:00:00+00:00,0.03389265,0.145464803169125,0.03524073015375,0.156,0.857,4.8934083750000035,4.8934084,0.04738472499999613,0.0,0.0,0.701,0.0,0.05098541351077831,1
2012-07-07 14:30:00+00:00,0.0339726,0.1455562461815,0.035323860165,0.119,0.964,4.8934083750000035,4.8934084,0.04336152499999635,0.0,0.0,0.845,0.0,0.061497514011683754,1
2012-07-07 15:00:00+00:00,0.03395415,0.14553514394787498,0.03530467631625,0.044,1.135,4.8934083750000035,4.8934084,0.02897872499999643,0.0,0.0,1.091,0.0,0.0793894210235658,1
2012-07-07 15:30:00+00:00,0.0353625,0.14714594778125,0.036769043437499996,0.063,0.591,4.8934083750000035,4.8934084,0.004570324999996878,0.0,0.0,0.528,0.0,0.038846530214250004,1
2012-07-07 16:00:00+00:00,0.0366294,0.14859496782349998,0.038086334385,0.025,0.578,4.8934083750000035,4.8934084,2.4999996739438757e-08,0.0,0.0,0.5529999999999999,0.0,0.04108650860319774,1
2012-07-07 16:30:00+00:00,0.03818535,0.15037458952587499,0.03970417229625,0.013,0.663,4.551303111842109,4.5513031,0.07567127500000304,0.0,0.65,0.0,-0.0,0.0,1
2012-07-07 17:00:00+00:00,0.04407705,0.15711323613012498,0.045830214663749994,0.0,0.553,4.260250480263162,4.2602505,0.12397641184210872,0.0,0.553,0.0,-0.0,0.0,1
2012-07-07 17:30:00+00:00,0.05060835,0.164583426833375,0.05262129712125,0.0,0.779,3.8502504802631616,3.8502505,0.1732494802631619,0.0,0.779,0.0,-0.0,0.0,1
2012-07-07 18:00:00+00:00,0.0596181,0.17488835092025,0.061989409927499996,0.0,1.313,3.1591978486842143,3.1591978,0.2202595802631615,0.0,1.313,0.0,-0.0,0.0,1
2012-07-07 18:30:00+00:00,0.06343725,0.179256513280625,0.06596046661874999,0.0,1.229,2.512355743421056,2.5123557,0.2622095486842144,0.0,1.229,0.0,-0.0,0.0,1
2012-07-07 19:00:00+00:00,0.0563463,0.17114622149074998,0.0585874740825,0.0,1.226,1.8670925855263194,1.8670926,0.29647074342105606,0.0,1.226,0.0,-0.0,0.0,1
2012-07-07 19:30:00+00:00,0.0528039,0.16709459263475,0.0549041751225,0.0,1.28,1.1934083750000035,1.1934084,0.31891738552631943,0.0,1.28,0.0,-0.0,0.0,1
2012-07-07 20:00:00+00:00,0.0481914,0.1618190342285,0.050108212935,0.0,0.903,1.000000001315793,1.0,0.19340837500000352,0.0,0.36747591,0.53552409,0.0,0.043328995524948156,1
2012-07-07 20:30:00+00:00,0.04465515,0.15777443945037498,0.04643130859124999,0.0,0.871,1.000000001315793,1.0,1.3157930300877752e-09,0.0,0.0,0.871,0.0,0.0687107683806383,1
2012-07-07 21:00:00+00:00,0.0430377,0.15592447696925002,0.0447495245175,0.0,0.938,1.000000001315793,1.0,1.3157930300877752e-09,0.0,0.0,0.938,0.0,0.07312857969857825,1
2012-07-07 21:30:00+00:00,0.0379209,0.15007212417725,0.03942920379749999,0.0,1.078,1.000000001315793,1.0,1.3157930300877752e-09,0.0,0.0,1.078,0.0,0.08088887493153775,1
2012-07-07 22:00:00+00:00,0.03721365,0.149263205221625,0.03869382292875,0.0,0.836,1.000000001315793,1.0,1.3157930300877752e-09,0.0,0.0,0.836,0.0,0.06239201978263925,1
2012-07-07 22:30:00+00:00,0.0395076,0.151886916269,0.04107901479,0.0,0.403,1.000000001315793,1.0,1.3157930300877752e-09,0.0,0.0,0.403,0.0,0.030605213628203502,1
2012-07-07 23:00:00+00:00,0.03797625,0.150135430878125,0.03948675534375,0.0,0.401,1.000000001315793,1.0,1.3157930300877752e-09,0.0,0.0,0.401,0.0,0.030102153891064066,1
2012-07-07 23:30:00+00:00,0.0375765,0.14967821581625002,0.0390711052875,0.006,0.54,1.000000001315793,1.0,1.3157930300877752e-09,0.0,0.0,0.534,0.0,0.039964083622938754,1
2012-07-08 00:00:00+00:00,0.0359037,0.09826494663425002,0.037331769667499994,0.0,0.527,1.000000001315793,1.0,1.3157930300877752e-09,0.0,0.0,0.527,0.0,0.02589281343812488,1
2012-07-08 00:30:00+00:00,0.03378195,0.095838189767375,0.03512562706124999,0.0,0.497,1.712500001315793,1.7125,0.7124999986842069,1.5,0.0,1.9969999999999999,0.0,0.09569443248272393,1
2012-07-08 01:00:00+00:00,0.0338619,0.09592963277975002,0.0352087570725,0.0,0.454,2.4250000013157926,2.425,0.7124999986842069,1.5,0.0,1.954,0.0,0.09372325122581576,1
2012-07-08 01:30:00+00:00,0.0339972,0.09608438249300001,0.03534943863,0.0,0.463,2.6896176040657926,2.6896176,0.2646175986842074,0.55708969,0.0,1.02008969,0.0,0.04900734397556291,1
2012-07-08 02:00:00+00:00,0.0341694,0.09628133667350001,0.035528487885,0.0,0.311,2.6896176040657926,2.6896176,4.065792591489981e-09,0.0,0.0,0.311,0.0,0.014971747852729252,1
2012-07-08 02:30:00+00:00,0.0336405,0.09567640597625002,0.034978550887499994,0.0,0.128,3.4021176040657926,3.4021176,0.7124999959342073,1.5,0.0,1.6280000000000001,0.0,0.07788059446466752,1
2012-07-08 03:00:00+00:00,0.0320415,0.09384754572875001,0.033315950662499996,0.0,0.132,4.114617604065792,4.1146176,0.7124999959342073,1.5,0.0,1.6320000000000001,0.0,0.07657959731466002,1
2012-07-08 03:30:00+00:00,0.03112515,0.09279946812537503,0.03236315284125,0.0,0.159,4.827117604065792,4.8271176,0.7124999959342082,1.5,0.0,1.659,0.0,0.07697715880999859,1
2012-07-08 04:00:00+00:00,0.0311559,0.09283463851475002,0.0323951259225,0.0,0.117,5.539617604065793,5.5396176,0.7124999959342073,1.5,0.0,1.617,0.0,0.07505680523917539,1
2012-07-08 04:30:00+00:00,0.03067005,0.09227894636262501,0.03188995123875,0.0,0.143,6.252117604065793,6.2521176,0.7124999959342073,1.5,0.0,1.643,0.0,0.07580715443689645,1
2012-07-08 05:00:00+00:00,0.03075615,0.322277423452875,0.031979475866249996,0.0,0.144,6.176328130381583,6.1763281,0.06971450406579294,0.0,0.144,0.0,-0.0,0.0,1
2012-07-08 05:30:00+00:00,0.03037485,0.321841310624625,0.031583009658749994,0.0,0.114,6.116328130381583,6.1163281,0.07515343038158306,0.0,0.114,0.0,-0.0,0.0,1
2012-07-08 06:00:00+00:00,0.0302211,0.32166545867775004,0.0314231442525,0.0,0.154,6.035275498802636,6.0352755,0.08505773038158271,0.0,0.154,0.0,-0.0,0.0,1
2012-07-08 06:30:00+00:00,0.0305778,0.3220734351945,0.031794031995,0.0,0.121,5.97159128827632,5.9715913,0.09895619880263595,0.0,0.121,0.0,-0.0,0.0,1
2012-07-08 07:00:00+00:00,0.03124815,0.32284014968287505,0.032491045166249996,0.0,0.139,5.898433393539478,5.8984334,0.1141197882763203,0.0,0.139,0.0,-0.0,0.0,1
2012-07-08 07:30:00+00:00,0.0334068,0.32530911101700005,0.03473555546999999,0.0,0.273,5.754749183013162,5.7547492,0.12429049353947796,0.0,0.273,0.0,-0.0,0.0,1
2012-07-08 08:00:00+00:00,0.03404025,0.32603362103812505,0.035394200943749995,0.013,0.6,5.44580181459211,5.4458018,0.1313492830131624,0.0,0.587,0.0,-0.0,0.0,1
2012-07-08 08:30:00+00:00,0.03488895,0.32700432378487504,0.036276657986249995,0.031,0.645,5.122643919855268,5.1226439,0.13412361459210942,0.0,0.614,0.0,-0.0,0.0,1
2012-07-08 09:00:00+00:00,0.03495045,0.32707466456362505,0.03634060414875,0.088,0.611,4.8473807619605305,4.8473808,0.1317273198552673,0.0,0.523,0.0,-0.0,0.0,1
2012-07-08 09:30:00+00:00,0.034686,0.326772199215,0.03606563565,0.2,0.925,4.465801814592109,4.4658018,0.1236267619605309,0.0,0.725,1.1102230246251565e-16,0.0,1.8139500968794575e-17,1
2012-07-08 10:00:00+00:00,0.03563925,0.327862481285625,0.03705680116874999,0.3,0.211,4.508076814592109,4.5080768,0.10971121459210931,0.089,0.0,0.0,-0.0,0.0,1
2012-07-08 10:30:00+00:00,0.03544245,0.3276373907936251,0.03685217344875,0.363,0.376,4.501234709328951,4.5012347,0.09036411459210925,0.0,0.013,1.214306433183765e-17,0.0,1.989260956961211e-18,1
2012-07-08 11:00:00+00:00,0.03433545,0.145971256776125,0.03570114252375,0.419,0.44,4.501234709328951,4.5012347,9.328950945075576e-09,0.0,0.0,0.02100000000000002,0.0,0.0015326981961493137,1
2012-07-08 11:30:00+00:00,0.03444615,0.146097870177875,0.03581624561625,0.456,0.573,4.501234709328951,4.5012347,9.328950945075576e-09,0.0,0.0,0.11699999999999994,0.0,0.008546725405405683,1
2012-07-08 12:00:00+00:00,0.03442155,0.146069733866375,0.035790667151250004,0.494,0.152,4.663684709328951,4.6636847,9.328950945075576e-09,0.342,0.0,0.0,-0.0,0.0,1
2012-07-08 12:30:00+00:00,0.03444615,0.146097870177875,0.03581624561625,0.519,0.177,4.826134709328951,4.8261347,0.012891190671048491,0.342,0.0,0.0,-0.0,0.0,1
2012-07-08 13:00:00+00:00,0.03381885,0.145380394234625,0.03516399475874999,0.531,0.136,5.0137597093289505,5.0137597,0.032731490671048746,0.395,0.0,0.0,-0.0,0.0,1
2012-07-08 13:30:00+00:00,0.033825,0.1453874283125,0.035170389375,0.531,0.158,5.190934709328951,5.1909347,0.04636019067104957,0.373,0.0,0.0,-0.0,0.0,1
2012-07-08 14:00:00+00:00,0.03381885,0.145380394234625,0.03516399475874999,0.406,0.16,5.307784709328951,5.3077847,0.05171619067104949,0.246,0.0,0.0,-0.0,0.0,1
2012-07-08 14:30:00+00:00,0.03375735,0.145310053455875,0.03510004859625,0.4,0.135,5.433659709328951,5.4336597,0.04734339067104898,0.265,0.0,0.0,-0.0,0.0,1
2012-07-08 15:00:00+00:00,0.03384345,0.14540853054612501,0.03518957322374999,0.419,0.174,5.55003470932895,5.5500347,0.032616090671049314,0.245,0.0,0.0,-0.0,0.0,1
2012-07-08 15:30:00+00:00,0.03444615,0.146097870177875,0.03581624561625,0.275,0.13,5.618909709328951,5.6189097,0.007868290671049216,0.145,0.0,0.0,-0.0,0.0,1
2012-07-08 16:00:00+00:00,0.0344154,0.1460626997885,0.035784272534999995,0.313,0.161,5.69110970932895,5.6911097,0.02836800932895045,0.152,0.0,0.0,-0.0,0.0,1
2012-07-08 16:30:00+00:00,0.0351165,0.14686458466625002,0.0365132587875,0.238,0.155,5.73053470932895,5.7305347,0.07275530932894991,0.083,0.0,0.0,-0.0,0.0,1
2012-07-08 17:00:00+00:00,0.04011645,0.152583289978625,0.041712081798749995,0.013,0.139,5.664218919855266,5.6642189,0.12142520932895007,0.0,0.126,0.0,-0.0,0.0,1
2012-07-08 17:30:00+00:00,0.0465309,0.15991983320225,0.0483816665475,0.0,0.254,5.53053470932895,5.5305347,0.17106181985526536,0.0,0.254,0.0,-0.0,0.0,1
2012-07-08 18:00:00+00:00,0.05857875,0.173699591759375,0.060908719781249995,0.0,0.672,5.176850498802634,5.1768505,0.2184353093289495,0.0,0.672,0.0,-0.0,0.0,1
2012-07-08 18:30:00+00:00,0.0590646,0.1742552839115,0.061413894465,0.0,0.557,4.883692604065792,4.8836926,0.26074869880263396,0.0,0.557,0.0,-0.0,0.0,1
2012-07-08 19:00:00+00:00,0.05600805,0.170759347207625,0.05823577018874999,0.0,0.489,4.6263241830131605,4.6263242,0.2953735040657923,0.0,0.489,0.0,-0.0,0.0,1
2012-07-08 19:30:00+00:00,0.051168,0.16522352792,0.05320320719999999,0.0,0.502,4.362113656697371,4.3621137,0.3181852830131602,0.0,0.502,0.0,-0.0,0.0,1
2012-07-08 20:00:00+00:00,0.04977195,0.163626792242375,0.05175162931125,0.0,0.695,3.9963241830131606,3.9963242,0.335986556697371,0.0,0.695,0.0,-0.0,0.0,1
2012-07-08 20:30:00+00:00,0.0468753,0.16031374156325,0.048739765057499995,0.0,1.214,3.357376814592108,3.3573768,0.3473979830131606,0.0,1.214,0.0,-0.0,0.0,1
2012-07-08 21:00:00+00:00,0.04126035,0.153891628463375,0.04290148042125,0.006,1.313,2.669482077750003,2.6694821,0.3503834145921081,0.0,1.307,0.0,-0.0,0.0,1
2012-07-08 21:30:00+00:00,0.0430254,0.15591040881350002,0.044736735284999996,0.0,0.5,2.4063241830131608,2.4063242,0.344393377750003,0.0,0.5,0.0,-0.0,0.0,1
2012-07-08 22:00:00+00:00,0.0392493,0.15159148499825,0.0408104409075,0.0,1.258,1.744218919855266,1.7442189,0.3324586830131606,0.0,1.258,0.0,-0.0,0.0,1
2012-07-08 22:30:00+00:00,0.0363711,0.14829953655275,0.0378177605025,0.0,0.477,1.4931662882763186,1.4931663,0.3155961198552659,0.0,0.477,0.0,-0.0,0.0,1
2012-07-08 23:00:00+00:00,0.03563925,0.147462481285625,0.03705680116874999,0.0,0.466,1.2700130461710555,1.270013,0.22315328827631853,0.0,0.42399116,0.04200884000000005,0.0,0.003097363891165411,1
2012-07-08 23:30:00+00:00,0.0360759,0.14796190081475,0.037510818922499994,0.0,0.527,1.0,1.0,0.2700130461710555,0.0,0.51302479,0.013975210000000016,0.0,0.0010338993179426523,1
2012-07-09 00:00:00+00:00,0.03561465,0.09793434497412501,0.03703122270374999,0.0,0.516,1.0,1.0,0.0,0.0,0.0,0.516,0.0,0.025267061003324254,1
2012-07-09 00:30:00+00:00,0.03374505,0.09579598530012501,0.03508725936375,0.0,0.549,1.7125,1.7125,0.7124999999999999,1.5,0.0,2.049,0.0,0.09814298693997807,1
2012-07-09 01:00:00+00:00,0.03391725,0.09599293948062503,0.03526630861875,0.0,0.503,2.425,2.425,0.7124999999999999,1.5,0.0,2.003,0.0,0.09613692888984597,1
2012-07-09 01:30:00+00:00,0.0341202,0.09622506405050002,0.035477330955000004,0.0,0.489,3.1374999999999997,3.1375,0.7125000000000004,1.5,0.0,1.9889999999999999,0.0,0.09569582619822227,1
2012-07-09 02:00:00+00:00,0.0338496,0.09591556462400001,0.03519596784,0.0,0.267,3.8499999999999996,3.85,0.7125000000000004,1.5,0.0,1.767,0.0,0.084741401345304,1
2012-07-09 02:30:00+00:00,0.03370815,0.095753780832875,0.03504889166625,0.0,0.109,4.5625,4.5625,0.7125000000000004,1.5,0.0,1.609,0.0,0.07703391668004794,1
2012-07-09 03:00:00+00:00,0.0326688,0.09456502167199998,0.03396820151999999,0.0,0.152,5.275,5.275,0.7125000000000004,1.5,0.0,1.652,0.0,0.07811070790107198,1
2012-07-09 03:30:00+00:00,0.03153105,0.093263717265125,0.032785197513749996,0.0,0.137,5.987500000000001,5.9875,0.7124999999999995,1.5,0.0,1.637,0.0,0.07633635258150481,1
2012-07-09 04:00:00+00:00,0.0311928,0.092876842982,0.032433493619999997,0.0,0.126,6.700000000000001,6.7,0.7124999999999995,1.5,0.0,1.626,0.0,0.075508873344366,1
2012-07-09 04:30:00+00:00,0.03178935,0.09355914853587502,0.03305377139625,0.0,0.148,7.412500000000001,7.4125,0.7124999999999986,1.5,0.0,1.648,0.0,0.07709273839356101,1
2012-07-09 05:00:00+00:00,0.03415095,0.326160234439875,0.035509304036249995,0.0,0.096,7.361973684210528,7.3619737,0.07395230000000108,0.0,0.096,0.0,-0.0,0.0,1
2012-07-09 05:30:00+00:00,0.0344892,0.3265471087230001,0.035861007929999994,0.0,0.14,7.2882894736842125,7.2882895,0.07952858421052778,0.0,0.14,0.0,-0.0,0.0,1
2012-07-09 06:00:00+00:00,0.03604515,0.328326730425375,0.03747884584125,0.0,0.118,7.226184210526318,7.2261842,0.08955747368421285,0.0,0.118,0.0,-0.0,0.0,1
2012-07-09 06:30:00+00:00,0.04057155,0.33350381174137506,0.042185283401249996,0.0,0.116,7.165131578947371,7.1651316,0.10356781052631803,0.0,0.116,0.0,-0.0,0.0,1
2012-07-09 07:00:00+00:00,0.0448581,0.33840656402025,0.046642330927499996,0.0,0.144,7.08934210526316,7.0893421,0.11883257894737032,0.0,0.144,0.0,-0.0,0.0,1
2012-07-09 07:30:00+00:00,0.04326525,0.33658473785062504,0.044986125318749993,0.006,0.093,7.04355263157895,7.0435526,0.12909910526316004,0.0,0.087,0.0,-0.0,0.0,1
2012-07-09 08:00:00+00:00,0.0521028,0.34669270775700006,0.05417518886999999,0.013,0.14,6.9767105263157925,6.9767105,0.1362452315789504,0.0,0.127,0.0,-0.0,0.0,1
2012-07-09 08:30:00+00:00,0.0554484,0.35051924612100005,0.05765386011,0.038,0.123,6.931973684210529,6.9319737,0.1390982263157925,0.0,0.085,0.0,1.3877787807814457e-17,-4.0005401845399915e-19,1
2012-07-09 09:00:00+00:00,0.0549933,0.34999872435825,0.057180658507499996,0.094,0.639,6.645131578947371,6.6451316,0.13677178421052893,0.0,0.545,0.0,-0.0,0.0,1
2012-07-09 09:30:00+00:00,0.0552762,0.3503222919405,0.057474810854999996,0.206,0.831,6.316184210526318,6.3161842,0.12873167894737136,0.0,0.625,0.0,-0.0,0.0,1
2012-07-09 10:00:00+00:00,0.0532221,0.34797290993025004,0.0553390090275,0.294,0.771,6.065131578947371,6.0651316,0.1148668105263182,0.0,0.477,5.551115123125783e-17,0.0,9.658188413759484e-18,1
2012-07-09 10:30:00+00:00,0.04862805,0.342718453757625,0.050562230688749994,0.375,0.448,6.026710526315792,6.0267105,0.09556017894737057,0.0,0.073,1.3877787807814457e-17,0.0,2.3780869895352954e-18,1
2012-07-09 11:00:00+00:00,0.04844355,0.162107431421375,0.050370392201249996,0.425,0.286,6.092735526315792,6.0927355,0.07174752631579207,0.139,0.0,0.0,-0.0,0.0,1
2012-07-09 11:30:00+00:00,0.0465924,0.159990173981,0.048445612709999995,0.469,0.334,6.156860526315792,6.1568605,0.04494012631579203,0.135,0.0,5.551115123125783e-17,0.0,4.440619371687271e-18,1
2012-07-09 12:00:00+00:00,0.04737345,0.160883501871125,0.04925772897374999,0.463,0.465,6.155807894736845,6.1558079,0.017187926315791913,0.0,0.002,1.734723475976807e-18,0.0,1.3954419379659955e-19,1
2012-07-09 12:30:00+00:00,0.0466908,0.160102719227,0.04854792656999999,0.481,0.559,6.114755263157898,6.1147553,0.008155305263155554,0.0,0.078,6.938893903907228e-17,0.0,5.554678912216005e-18,1
2012-07-09 13:00:00+00:00,0.0467646,0.1601871281615,0.048624661964999996,0.444,0.409,6.131380263157898,6.1313803,0.028010936842101763,0.035,0.0,0.0,5.551115123125783e-17,-1.3496054819539526e-18,1
2012-07-09 13:30:00+00:00,0.04620495,0.159547027074875,0.04804275188625,0.444,0.426,6.139930263157898,6.1399303,0.04166663684210192,0.018,0.0,0.0,-0.0,0.0,1
2012-07-09 14:00:00+00:00,0.0457437,0.15901947123425,0.047563155667499996,0.363,0.425,6.107298684210529,6.1072987,0.04706143684210229,0.0,0.062,0.0,-0.0,0.0,1
2012-07-09 14:30:00+00:00,0.0430992,0.155994817748,0.044813470679999995,0.456,0.506,6.080982894736845,6.0809829,0.04273921578947082,0.0,0.05,0.0,1.3877787807814457e-17,-3.109559185143773e-19,1
2012-07-09 15:00:00+00:00,0.0410943,0.15370170836075,0.0427288257825,0.463,0.475,6.074667105263161,6.0746671,0.028073405263154605,0.0,0.012,0.0,4.5102810375396984e-17,-9.635950634157356e-19,1
2012-07-09 15:30:00+00:00,0.0409344,0.15351882233599998,0.04256256576,0.425,0.449,6.062035526315793,6.0620355,0.003396694736839123,0.0,0.024,2.0816681711721685e-17,0.0,1.5978762306634305e-18,1
2012-07-09 16:00:00+00:00,0.04148175,0.15414485526687502,0.04313168660625,0.363,0.173,6.152285526315793,6.1522855,0.03323512631579284,0.19,0.0,0.0,-0.0,0.0,1
2012-07-09 16:30:00+00:00,0.0406515,0.15319525475375,0.0422684134125,0.25,0.867,5.827548684210529,5.8275487,0.07752882631579272,0.0,0.617,0.0,-0.0,0.0,1
2012-07-09 17:00:00+00:00,0.04199835,0.154735717808375,0.04366883437124999,0.025,1.01,5.30912763157895,5.3091276,0.12610188421052904,0.0,0.985,0.0,-0.0,0.0,1
2012-07-09 17:30:00+00:00,0.0454608,0.158695903652,0.04726900332,0.0,1.178,4.68912763157895,4.6891276,0.17564103157894984,0.0,1.178,0.0,-0.0,0.0,1
2012-07-09 18:00:00+00:00,0.08497455,0.203889853998875,0.08835441272624998,0.0,0.89,4.220706578947371,4.2207066,0.22291873157895026,0.0,0.89,0.0,-0.0,0.0,1
2012-07-09 18:30:00+00:00,0.14653605,0.27430097352762495,0.15236452138874998,0.0,1.431,3.4675486842105285,3.4675487,0.31305607894737086,0.0,1.431,0.0,-0.0,0.0,1
2012-07-09 19:00:00+00:00,0.0823731,0.20091443905775003,0.0856494900525,0.0,0.919,2.983864473684213,2.9838645,0.2996762842105287,0.0,0.919,0.0,-0.0,0.0,1
2012-07-09 19:30:00+00:00,0.05312985,0.167467398762125,0.05524308978375,0.0,0.791,2.5675486842105286,2.5675487,0.32240727368421274,0.0,0.791,0.0,-0.0,0.0,1
2012-07-09 20:00:00+00:00,0.0465924,0.159990173981,0.048445612709999995,0.0,0.862,2.1138644736842127,2.1138645,0.3401270842105286,0.0,0.862,0.0,-0.0,0.0,1
2012-07-09 20:30:00+00:00,0.0482775,0.16191751131874998,0.0501977375625,0.0,0.55,1.8243907894736864,1.8243908,0.3514569736842128,0.0,0.55,0.0,-0.0,0.0,1
2012-07-09 21:00:00+00:00,0.0465924,0.159990173981,0.048445612709999995,0.0,0.463,1.5807065789473707,1.5807066,0.3543623894736865,0.0,0.463,0.0,-0.0,0.0,1
2012-07-09 21:30:00+00:00,0.04085445,0.153427379323625,0.04247943574875,0.0,0.387,1.5807065789473707,1.5807066,2.1052629417539492e-08,0.0,0.0,0.387,0.0,0.029688197899121437,1
2012-07-09 22:00:00+00:00,0.0380685,0.15024094204625,0.03958267458749999,0.0,0.439,1.5807065789473707,1.5807066,2.1052629417539492e-08,0.0,0.0,0.439,0.0,0.03297788677915187,1
2012-07-09 22:30:00+00:00,0.05354805,0.16794571605762498,0.05567792368874999,0.0,0.485,1.3254434210526338,1.3254434,0.31934037894737055,0.0,0.485,0.0,-0.0,0.0,1
2012-07-09 23:00:00+00:00,0.0442431,0.15730315623274999,0.04600286930249999,0.0,0.39,1.2736044789473706,1.2736045,0.05183892105263377,0.0,0.09849399,0.29150601,0.0,0.022927407716907787,1
2012-07-09 23:30:00+00:00,0.04609425,0.159420413673125,0.04792764879375,0.0,0.507,1.0067623736842126,1.0067624,0.2736044789473706,0.0,0.507,0.0,-0.0,0.0,1
2012-07-10 00:00:00+00:00,0.0440955,0.10763433836375,0.04584939851249999,0.0,0.54,1.0067623736842126,1.0067624,2.6315787327035878e-08,0.0,0.0,0.54,0.0,0.0290612713582125,1
2012-07-10 00:30:00+00:00,0.04249035,0.105798444038375,0.04418040367125,0.0,0.68,1.7192623736842125,1.7192624,0.7125000263157875,1.5,0.0,2.18,0.0,0.11532030400182876,1
2012-07-10 01:00:00+00:00,0.04246575,0.105770307726875,0.04415482520625,0.0,0.605,2.4317623736842124,2.4317624,0.7125000263157877,1.5,0.0,2.105,0.0,0.11132324888253593,1
2012-07-10 01:30:00+00:00,0.04379415,0.10728966854787501,0.045536062316249994,0.0,0.149,2.7854695324342122,2.7854695,0.3537071263157876,0.74464665,0.0,0.89364665,0.0,0.04793952643870943,1
2012-07-10 02:00:00+00:00,0.04001805,0.10297074473262502,0.04160976793874999,0.0,0.165,3.497969532434212,3.4979695,0.7124999675657877,1.5,0.0,1.665,0.0,0.08572314498991034,1
2012-07-10 02:30:00+00:00,0.03590985,0.098271980712125,0.037338164283749996,0.0,0.126,4.210469532434212,4.2104695,0.7124999675657882,1.5,0.0,1.626,0.0,0.07989512031895762,1
2012-07-10 03:00:00+00:00,0.0353748,0.09766001593700001,0.03678183266999999,0.0,0.144,4.922969532434212,4.9229695,0.7124999675657877,1.5,0.0,1.644,0.0,0.080276533100214,1
2012-07-10 03:30:00+00:00,0.0349443,0.09716763048574999,0.036334209532499995,0.0,0.149,5.635469532434213,5.6354695,0.7124999675657877,1.5,0.0,1.649,0.0,0.08011471133550087,1
2012-07-10 04:00:00+00:00,0.03388035,0.095950735013375,0.03522794092124999,0.0,0.121,6.347969532434213,6.3479695,0.7124999675657868,1.5,0.0,1.621,0.0,0.07776807072834044,1
2012-07-10 04:30:00+00:00,0.03444615,0.09659787017787502,0.03581624561625,0.0,0.158,7.0604695324342135,7.0604695,0.7124999675657868,1.5,0.0,1.658,0.0,0.0800796343774584,1
2012-07-10 05:00:00+00:00,0.03495045,0.32707466456362505,0.03634060414875,0.0,0.108,7.003627427171056,7.0036274,0.07696263243421342,0.0,0.108,0.0,-0.0,0.0,1
2012-07-10 05:30:00+00:00,0.03749655,0.329986772803875,0.03898797527624999,0.0,0.153,6.923101111381582,6.9231011,0.08251062717105562,0.0,0.153,0.0,-0.0,0.0,1
2012-07-10 06:00:00+00:00,0.0397044,0.332512006761,0.041283642509999996,0.0,0.125,6.8573116376973715,6.8573116,0.09251541138158181,0.0,0.125,0.0,-0.0,0.0,1
2012-07-10 06:30:00+00:00,0.0424473,0.33564920549325,0.0441356413575,0.0,0.139,6.784153742960529,6.7841537,0.1065059376973716,0.0,0.139,0.0,-0.0,0.0,1
2012-07-10 07:00:00+00:00,0.0454977,0.33913810811925005,0.0473073710175,0.0,0.146,6.707311637697371,6.7073116,0.12175684296052935,0.0,0.146,0.0,-0.0,0.0,1
2012-07-10 07:30:00+00:00,0.0415125,0.33458002565625006,0.043163659687499994,0.006,0.108,6.653627427171055,6.6536274,0.1320203376973712,0.0,0.102,0.0,-0.0,0.0,1
2012-07-10 08:00:00+00:00,0.04995645,0.344237814578625,0.05194346779875,0.031,0.155,6.588364269276318,6.5883643,0.1391709271710555,0.0,0.124,0.0,-0.0,0.0,1
2012-07-10 08:30:00+00:00,0.05535615,0.35041373495287503,0.05755794086625,0.081,0.115,6.570469532434212,6.5704695,0.1420352692763176,0.0,0.034,0.0,-0.0,0.0,1
2012-07-10 09:00:00+00:00,0.05650005,0.351722073437625,0.05874733948875,0.113,0.312,6.46573269032895,6.4657327,0.1397261324342125,0.0,0.199,0.0,-0.0,0.0,1
2012-07-10 09:30:00+00:00,0.05739795,0.35274904880737507,0.05968095346125,0.156,0.274,6.403627427171055,6.4036274,0.1317084903289496,0.0,0.118,2.7755575615628914e-17,0.0,4.8953764487571364e-18,1
2012-07-10 10:00:00+00:00,0.0528777,0.34757900156925003,0.0549809105175,0.244,0.228,6.411227427171055,6.4112274,0.11786982717105499,0.016,0.0,0.0,-0.0,0.0,1
2012-07-10 10:30:00+00:00,0.0541815,0.34907022607875005,0.056336569162499996,0.306,0.48,6.319648479802634,6.3196485,0.09859222717105531,0.0,0.174,0.0,-0.0,0.0,1
2012-07-10 11:00:00+00:00,0.05367105,0.168086397615125,0.055805816013749995,0.181,0.475,6.1649116376973705,6.1649116,0.07481017980263438,0.0,0.294,0.0,-0.0,0.0,1
2012-07-10 11:30:00+00:00,0.0571212,0.172032515303,0.059393195729999994,0.288,0.383,6.114911637697371,6.1149116,0.04803403769737091,0.0,0.095,2.7755575615628914e-17,0.0,2.3874307434196275e-18,1
2012-07-10 12:00:00+00:00,0.05330205,0.167664352942625,0.05542213903875,0.431,0.479,6.089648479802634,6.0896485,0.020312237697370783,0.0,0.048,0.0,1.3877787807814457e-17,-3.845683427174812e-19,1
2012-07-10 12:30:00+00:00,0.05365875,0.168072329459375,0.05579302678124999,0.4,0.179,6.194623479802633,6.1946235,0.005309920197366758,0.221,0.0,0.0,-0.0,0.0,1
2012-07-10 13:00:00+00:00,0.05022705,0.164147314005125,0.05222483091375,0.281,0.165,6.2497234798026335,6.2497235,0.02514292019736697,0.116,0.0,0.0,-0.0,0.0,1
2012-07-10 13:30:00+00:00,0.0530253,0.16734781943825,0.055134381307499994,0.194,0.394,6.144460321907896,6.1444603,0.038780320197366436,0.0,0.2,0.0,-0.0,0.0,1
2012-07-10 14:00:00+00:00,0.05400315,0.168466237820375,0.05615112529125,0.25,0.507,6.00919716401316,6.0091972,0.044162278092104046,0.0,0.257,0.0,-0.0,0.0,1
2012-07-10 14:30:00+00:00,0.05324055,0.167594012163875,0.05535819287625,0.15,0.525,5.811828742960528,5.8118287,0.03983313598684024,0.0,0.375,0.0,-0.0,0.0,1
2012-07-10 15:00:00+00:00,0.0515247,0.16563150443675,0.0535740949425,0.088,0.373,5.661828742960528,5.6618287,0.025166657039472184,0.0,0.285,5.551115123125783e-17,0.0,4.597197745724591e-18,1
2012-07-10 15:30:00+00:00,0.05509785,0.16971830368212498,0.057289366983749986,0.038,0.723,5.301302427171054,5.3013024,0.0004950570394726128,0.0,0.685,0.0,1.1102230246251565e-16,-3.1801987145779745e-18,1
2012-07-10 16:00:00+00:00,0.05747175,0.17243345774187502,0.05975768885625,0.006,0.815,4.875512953486843,4.875513,0.03643932717105347,0.0,0.809,0.0,1.1102230246251565e-16,-3.317218103329744e-18,1
2012-07-10 16:30:00+00:00,0.05959965,0.17486724868662498,0.06197022607874999,0.0,0.695,4.509723479802632,4.5097235,0.08071825348684314,0.0,0.695,0.0,-0.0,0.0,1
2012-07-10 17:00:00+00:00,0.0533574,0.1677276596435,0.055479690585,0.0,0.93,4.020249795592106,4.0202498,0.12927467980263252,0.0,0.93,0.0,-0.0,0.0,1
2012-07-10 17:30:00+00:00,0.05918145,0.174388931391125,0.061535392173749995,0.0,0.368,3.82656558506579,3.8265656,0.17879699559210582,0.0,0.368,0.0,-0.0,0.0,1
2012-07-10 18:00:00+00:00,0.0989781,0.21990644932025002,0.1029149539275,0.0,0.454,3.5876182166447372,3.5876182,0.22605898506578992,0.0,0.454,0.0,-0.0,0.0,1
2012-07-10 18:30:00+00:00,0.11472825,0.23792072275812498,0.11929156614374999,0.0,0.488,3.3307761113815793,3.3307761,0.26826581664473714,0.0,0.488,0.0,-0.0,0.0,1
2012-07-10 19:00:00+00:00,0.05653695,0.171364277904875,0.05878570718625,0.0,0.679,2.9734076903289477,2.9734077,0.30279061138157903,0.0,0.679,0.0,-0.0,0.0,1
2012-07-10 19:30:00+00:00,0.04469205,0.157816643917625,0.04646967628874999,0.0,0.754,2.5765655850657896,2.5765656,0.3255134903289476,0.0,0.754,0.0,-0.0,0.0,1
2012-07-10 20:00:00+00:00,0.042189,0.1549537742225,0.043867067475,0.0,1.205,2.3106750324342107,2.310675,0.2658905850657898,0.0,0.50519205,0.6998079500000001,0.0,0.05421894154170529,1
2012-07-10 20:30:00+00:00,0.0427671,0.15561497754275,0.0444681614025,0.0,1.17,1.9561428324342107,1.9561428,0.3545322324342106,0.0,0.67361118,0.49638881999999995,0.0,0.03862276753838608,1
2012-07-10 21:00:00+00:00,0.043419,0.15636058979749998,0.045145990724999994,0.0,0.793,1.5987279692763159,1.598728,0.3574148324342108,0.0,0.67908824,0.11391176000000003,0.0,0.008905654989235635,1
2012-07-10 21:30:00+00:00,0.04191225,0.154637240718125,0.043579309743749996,0.0,0.475,1.5987279692763159,1.598728,3.0723684041333854e-08,0.0,0.0,0.475,0.0,0.03672634467055469,1
2012-07-10 22:00:00+00:00,0.03757035,0.149671181738375,0.039064710671249996,0.0,0.496,1.5987279692763159,1.598728,3.0723684041333854e-08,0.0,0.0,0.496,0.0,0.037118453071117,1
2012-07-10 22:30:00+00:00,0.0511311,0.16518132345275,0.05316483950249999,0.0,0.396,1.3903069166447368,1.3903069,0.3222870692763158,0.0,0.396,0.0,-0.0,0.0,1
2012-07-10 23:00:00+00:00,0.03969825,0.152104972683125,0.041277247893749994,0.0,0.349,1.276440864013158,1.2764409,0.11386601664473672,0.0,0.2163455,0.13265449999999998,0.0,0.010088704549396801,1
2012-07-10 23:30:00+00:00,0.04455675,0.157661894204375,0.046328994731249996,0.0,0.656,1.0000000008552632,1.0,0.2764408640131579,0.0,0.52523764,0.13076236000000008,0.0,0.010308120684117206,1
2012-07-11 00:00:00+00:00,0.037023,0.09954514880750001,0.038495589824999996,0.0,0.671,1.0000000008552632,1.0,8.552631935998534e-10,0.0,0.0,0.671,0.0,0.03339739742491626,1
2012-07-11 00:30:00+00:00,0.0363219,0.09874326392975,0.037766603572499995,0.0,0.558,1.712500000855263,1.7125,0.7124999991447367,1.5,0.0,2.058,0.0,0.10160681858371273,1
2012-07-11 01:00:00+00:00,0.03642645,0.098862843253625,0.03787531204875,0.0,0.336,2.183999051355263,2.1839991,0.47149909914473676,0.99262958,0.0,1.32862958,0.0,0.06567604895483481,1
2012-07-11 01:30:00+00:00,0.036654,0.09912310413500001,0.03811191285,0.0,0.123,2.183999051355263,2.1839991,4.864473668320102e-08,0.0,0.0,0.123,0.0,0.006096070904302501,1
2012-07-11 02:00:00+00:00,0.03508575,0.097329414276875,0.03648128570625,0.0,0.139,2.896499051355263,2.8964991,0.712500048644737,1.5,0.0,1.639,0.0,0.07976145499989906,1
2012-07-11 02:30:00+00:00,0.0342678,0.09639388191949999,0.035630801744999996,0.0,0.151,3.608999051355263,3.6089991,0.712500048644737,1.5,0.0,1.651,0.0,0.07957314952454725,1
2012-07-11 03:00:00+00:00,0.0337389,0.09578895122225002,0.0350808647475,0.0,0.112,4.3214990513552625,4.3214991,0.7125000486447366,1.5,0.0,1.612,0.0,0.07720589468513352,1
2012-07-11 03:30:00+00:00,0.03357285,0.095599031119625,0.03490821010875,0.0,0.162,5.033999051355263,5.0339991,0.7125000486447375,1.5,0.0,1.662,0.0,0.07944279486040838,1
2012-07-11 04:00:00+00:00,0.03322845,0.09520512275862501,0.034550111598749995,0.0,0.121,5.746499051355263,5.7464991,0.7125000486447375,1.5,0.0,1.621,0.0,0.07716375199586557,1
2012-07-11 04:30:00+00:00,0.0325335,0.09441027195875,0.0338275199625,0.0,0.123,6.4589990513552635,6.4589991,0.7125000486447366,1.5,0.0,1.623,0.0,0.07661393569452563,1
2012-07-11 05:00:00+00:00,0.033456,0.32536538364,0.034786712399999996,0.0,0.14,6.385314840828948,6.3853148,0.0786481513552637,0.0,0.14,0.0,-0.0,0.0,1
2012-07-11 05:30:00+00:00,0.03412635,0.32613209812837507,0.03548372557125,0.0,0.099,6.333209577671053,6.3332096,0.0840420408289484,0.0,0.099,0.0,-0.0,0.0,1
2012-07-11 06:00:00+00:00,0.0354855,0.32768662933875,0.0368969357625,0.0,0.152,6.253209577671053,6.2532096,0.09388447767105301,0.0,0.152,0.0,-0.0,0.0,1
2012-07-11 06:30:00+00:00,0.03806235,0.33063390796837505,0.03957627997125,0.0,0.109,6.195841156618422,6.1958412,0.10770487767105319,0.0,0.109,0.0,-0.0,0.0,1
2012-07-11 07:00:00+00:00,0.04124805,0.334277560307625,0.042888691188749994,0.0,0.123,6.131104314513159,6.1311043,0.12277985661842195,0.0,0.123,0.0,-0.0,0.0,1
2012-07-11 07:30:00+00:00,0.03568845,0.327918753908625,0.03710795809874999,0.006,0.258,5.998472735565791,5.9984727,0.13286681451315907,0.0,0.252,0.0,-0.0,0.0,1
2012-07-11 08:00:00+00:00,0.0405162,0.33344050504050005,0.042127731854999996,0.006,0.599,5.6863674724078965,5.6863675,0.13983733556579114,0.0,0.593,0.0,-0.0,0.0,1
2012-07-11 08:30:00+00:00,0.0424104,0.33560700102600005,0.04409727366,0.038,0.641,5.368999051355265,5.3689991,0.14251787240789682,0.0,0.603,0.0,-0.0,0.0,1
2012-07-11 09:00:00+00:00,0.0420783,0.33522716082075005,0.0437519643825,0.081,0.839,4.970051682934212,4.9700517,0.14002105135526488,0.0,0.758,0.0,-0.0,0.0,1
2012-07-11 09:30:00+00:00,0.0422259,0.33539597868975,0.0439054351725,0.206,0.713,4.703209577671054,4.7032096,0.13181118293421168,0.0,0.507,0.0,-0.0,0.0,1
2012-07-11 10:00:00+00:00,0.0397905,0.33261048385125,0.04137316713749999,0.3,0.758,4.462156946092107,4.4621569,0.11777557767105407,0.0,0.458,0.0,-0.0,0.0,1
2012-07-11 10:30:00+00:00,0.0403932,0.333299823483,0.04199983953,0.369,0.217,4.534356946092107,4.5343569,0.09829584609210684,0.152,0.0,0.0,-0.0,0.0,1
2012-07-11 11:00:00+00:00,0.0371091,0.14914362589775,0.03858511445249999,0.425,0.231,4.626506946092107,4.6265069,0.0743061460921064,0.194,0.0,5.551115123125783e-17,0.0,4.1395671861940705e-18,1
2012-07-11 11:30:00+00:00,0.036654,0.148623104135,0.03811191285,0.469,0.341,4.687306946092107,4.6873069,0.04731634609210644,0.128,0.0,5.551115123125783e-17,0.0,4.1251198050484824e-18,1
2012-07-11 12:00:00+00:00,0.0368262,0.14882005831550002,0.038290962105000007,0.513,0.221,4.826006946092107,4.8260069,0.01937474609210721,0.292,0.0,0.0,-0.0,0.0,1
2012-07-11 12:30:00+00:00,0.0359529,0.14782121925725003,0.037382926597500005,0.519,0.261,4.948556946092108,4.9485569,0.006360453907892527,0.258,0.0,0.0,-0.0,0.0,1
2012-07-11 13:00:00+00:00,0.03482745,0.146533983006125,0.03621271182375,0.538,0.21,5.104356946092108,5.1043569,0.02640435390789264,0.328,0.0,0.0,-0.0,0.0,1
2012-07-11 13:30:00+00:00,0.03444615,0.146097870177875,0.03581624561625,0.531,0.362,5.184631946092108,5.1846319,0.04025935390789215,0.169,0.0,0.0,-0.0,0.0,1
2012-07-11 14:00:00+00:00,0.03417555,0.145788370751375,0.03553488250125,0.5,0.586,5.1393687881973715,5.1393688,0.045865653907891435,0.0,0.086,0.0,2.7755575615628914e-17,-4.931455591279665e-19,1
2012-07-11 14:30:00+00:00,0.0338496,0.145415564624,0.03519596784,0.481,0.446,5.155993788197372,5.1559938,0.04176751180262883,0.035,0.0,0.0,-0.0,0.0,1
2012-07-11 15:00:00+00:00,0.0338619,0.14542963277975,0.0352087570725,0.469,0.575,5.100204314513161,5.1002043,0.027337811802627954,0.0,0.106,0.0,1.3877787807814457e-17,-2.4430982981452076e-19,1
2012-07-11 15:30:00+00:00,0.034071,0.1456687914275,0.035426174025,0.388,0.557,5.011256946092108,5.0112569,0.0029072854868390507,0.0,0.169,2.7755575615628914e-17,0.0,2.0215605776516265e-18,1
2012-07-11 16:00:00+00:00,0.03416325,0.14577430259562502,0.03552209326875,0.169,0.598,4.881920351355266,4.8819204,0.03349664609210823,0.0,0.24573953,0.18326046999999993,0.0,0.013357333603798224,1
2012-07-11 16:30:00+00:00,0.03293325,0.14436748702062502,0.03424317001874999,0.056,0.353,4.881920351355266,4.8819204,4.864473446275497e-08,0.0,0.0,0.297,0.0,0.021438571822562813,1
2012-07-11 17:00:00+00:00,0.03360975,0.145141235586875,0.03494657780625,0.013,0.469,4.881920351355266,4.8819204,4.864473446275497e-08,0.0,0.0,0.45599999999999996,0.0,0.033092201713807494,1
2012-07-11 17:30:00+00:00,0.0387819,0.15105689507975,0.0403244500725,0.0,0.48,4.6292887724078975,4.6292888,0.17505785135526608,0.0,0.48,0.0,-0.0,0.0,1
2012-07-11 18:00:00+00:00,0.0401964,0.15267473299099998,0.041795211809999996,0.0,0.76,4.229288772407897,4.2292888,0.22206777240789766,0.0,0.76,0.0,-0.0,0.0,1
2012-07-11 18:30:00+00:00,0.0384621,0.15069112303025,0.0399919300275,0.0,0.792,3.812446667144739,3.8124467,0.264032772407897,0.0,0.792,0.0,-0.0,0.0,1
2012-07-11 19:00:00+00:00,0.0383145,0.15052230516125,0.0398384592375,0.0,0.627,3.482446667144739,3.4824467,0.2983275671447392,0.0,0.627,0.0,-0.0,0.0,1
2012-07-11 19:30:00+00:00,0.035793,0.14763833323249997,0.037216666574999994,0.0,0.402,3.2708677197763176,3.2708677,0.32083516714473914,0.0,0.402,0.0,-0.0,0.0,1
2012-07-11 20:00:00+00:00,0.03487665,0.146590255629125,0.03626386875375,0.0,0.6,2.955078246092107,2.9550782,0.3383338197763175,0.0,0.6,0.0,-0.0,0.0,1
2012-07-11 20:30:00+00:00,0.0381177,0.15029721466925,0.039633831517499996,0.0,0.479,2.702972982934212,2.702973,0.3494451460921071,0.0,0.479,0.0,-0.0,0.0,1
2012-07-11 21:00:00+00:00,0.03531945,0.147096709236125,0.03672428112375,0.0,0.375,2.5056045618815808,2.5056046,0.35213698293421203,0.0,0.375,0.0,-0.0,0.0,1
2012-07-11 21:30:00+00:00,0.03493815,0.146660596407875,0.03632781491625,0.0,0.503,2.2408677197763174,2.2408677,0.3458612618815806,0.0,0.503,0.0,-0.0,0.0,1
2012-07-11 22:00:00+00:00,0.03444,0.14609083609999998,0.035809851,0.0,0.335,2.064551930302633,2.0645519,0.3336415197763174,0.0,0.335,0.0,-0.0,0.0,1
2012-07-11 22:30:00+00:00,0.0399135,0.15235116540875002,0.041501059462499996,0.0,0.42,1.8434992987236856,1.8434993,0.31649453030263297,0.0,0.42,0.0,-0.0,0.0,1
2012-07-11 23:00:00+00:00,0.03520875,0.146970095834375,0.036609178031249995,0.0,0.635,1.509288772407896,1.5092888,0.2953311987236855,0.0,0.635,0.0,-0.0,0.0,1
2012-07-11 23:30:00+00:00,0.03613125,0.14802520751562498,0.037568370468749994,0.0,0.636,1.1745519303026328,1.1745519,0.27035487240789613,0.0,0.636,0.0,-0.0,0.0,1
2012-07-12 00:00:00+00:00,0.03514725,0.097399755055625,0.03654523186874999,0.0,0.384,1.1745519303026328,1.1745519,3.030263284742318e-08,0.0,0.0,0.384,0.0,0.01870075297068,1
2012-07-12 00:30:00+00:00,0.03385575,0.095922598701875,0.03520236245624999,0.0,0.169,1.8870519303026327,1.8870519,0.7124999696973671,1.5,0.0,1.669,0.0,0.0800474086167147,1
2012-07-12 01:00:00+00:00,0.0340833,0.09618285958325001,0.0354389632575,0.0,0.149,2.2758899513026325,2.27589,3.030263284742318e-08,0.81860636,0.0,0.96760636,0.0,0.04653357332786983,1
2012-07-12 01:30:00+00:00,0.03406485,0.09616175734962502,0.03541977940875,0.0,0.161,2.9883899513026324,2.98839,0.7125000486973674,1.5,0.0,1.661,0.0,0.07986233947886358,1
2012-07-12 02:00:00+00:00,0.0325458,0.0944243401145,0.033840309194999994,0.0,0.111,3.7008899513026323,3.70089,0.7125000486973674,1.5,0.0,1.611,0.0,0.07605880596222975,1
2012-07-12 02:30:00+00:00,0.0317463,0.09350990999075001,0.03300900908249999,0.0,0.158,4.413389951302632,4.41339,0.7125000486973674,1.5,0.0,1.658,0.0,0.07751971538233175,1
2012-07-12 03:00:00+00:00,0.03055935,0.09215233296087501,0.03177484814625,0.0,0.132,5.125889951302632,5.12589,0.7125000486973683,1.5,0.0,1.6320000000000001,0.0,0.07519630369607401,1
2012-07-12 03:30:00+00:00,0.02845605,0.089746678327625,0.029587889388749997,0.0,0.137,5.8383899513026325,5.83839,0.7125000486973683,1.5,0.0,1.637,0.0,0.07345765621116107,1
2012-07-12 04:00:00+00:00,0.02682015,0.08787561361287502,0.02788692146625,0.006,0.153,6.550889951302633,6.55089,0.7125000486973674,1.5,0.0,1.647,0.0,0.07236556781020258,1
2012-07-12 04:30:00+00:00,0.0270969,0.08819214711725,0.028174679197499997,0.0,0.107,7.263389951302633,7.26339,0.7125000486973674,1.5,0.0,1.607,0.0,0.07086239020871038,1
2012-07-12 05:00:00+00:00,0.02929245,0.32060331291862504,0.03045755719875,0.0,0.161,7.17865310919737,7.1786531,0.0719792513026336,0.0,0.161,0.0,-0.0,0.0,1
2012-07-12 05:30:00+00:00,0.03046095,0.321939787714875,0.03167253428625,0.0,0.122,7.114442582881581,7.1144426,0.07741730919736955,0.0,0.122,0.0,-0.0,0.0,1
2012-07-12 06:00:00+00:00,0.0319677,0.3236631367942501,0.0332392152675,0.0,0.134,7.043916267092107,7.0439163,0.08732148288158115,0.0,0.134,0.0,-0.0,0.0,1
2012-07-12 06:30:00+00:00,0.03502425,0.327159073498125,0.036417339543749996,0.0,0.144,6.9681267934078965,6.9681268,0.10122116709210704,0.0,0.144,0.0,-0.0,0.0,1
2012-07-12 07:00:00+00:00,0.0364572,0.32879801364300004,0.03790728513,0.0,0.118,6.906021530250002,6.9060215,0.11639509340789633,0.0,0.118,0.0,-0.0,0.0,1
2012-07-12 07:30:00+00:00,0.0335667,0.32549199704175,0.034901815492499995,0.0,0.154,6.824968898671055,6.8249689,0.12660573025000232,0.0,0.154,0.0,-0.0,0.0,1
2012-07-12 08:00:00+00:00,0.0362604,0.32857292315100006,0.03770265740999999,0.013,0.114,6.7718110039342125,6.771811,0.13372129867105542,0.0,0.101,0.0,-0.0,0.0,1
2012-07-12 08:30:00+00:00,0.0450795,0.33865979082375003,0.046872537112499994,0.056,0.395,6.593389951302633,6.59339,0.13656800393421253,0.0,0.339,0.0,-0.0,0.0,1
2012-07-12 09:00:00+00:00,0.0447474,0.3382799506185001,0.046527227835,0.063,0.254,6.492863635513159,6.4928636,0.13425755130263362,0.0,0.191,0.0,-0.0,0.0,1
2012-07-12 09:30:00+00:00,0.04535625,0.338976324328125,0.04716029484374999,0.106,0.222,6.431811003934212,6.431811,0.12625343551315904,0.0,0.116,0.0,-0.0,0.0,1
2012-07-12 10:00:00+00:00,0.0457929,0.33947574385725005,0.0476143125975,0.088,0.744,6.086547846039475,6.0865478,0.1124418039342121,0.0,0.656,0.0,-0.0,0.0,1
2012-07-12 10:30:00+00:00,0.04817295,0.342197931994875,0.05008902908624999,0.106,0.582,5.836021530250002,5.8360215,0.09320324603947494,0.0,0.476,0.0,-0.0,0.0,1
2012-07-12 11:00:00+00:00,0.04900935,0.162754566585875,0.050958696896249996,0.075,1.01,5.343916267092107,5.3439163,0.0694709302500014,0.0,0.935,0.0,-0.0,0.0,1
2012-07-12 11:30:00+00:00,0.04677075,0.16019416223937502,0.04863105658125,0.044,0.508,5.099705740776317,5.0997057,0.04275346709210659,0.0,0.464,0.0,-0.0,0.0,1
2012-07-12 12:00:00+00:00,0.0453255,0.15854115393874998,0.047128321762499994,0.063,0.304,4.972863635513159,4.9728636,0.015098040776316601,0.0,0.241,0.0,-0.0,0.0,1
2012-07-12 12:30:00+00:00,0.0460758,0.15939931143949998,0.04790846494499999,0.125,0.464,4.7944425828815795,4.7944426,0.009950864486841127,0.0,0.339,0.0,-0.0,0.0,1
2012-07-12 13:00:00+00:00,0.04673385,0.160151957772125,0.04859268888375,0.113,0.446,4.619179424986843,4.6191794,0.029715717118420137,0.0,0.333,0.0,-0.0,0.0,1
2012-07-12 13:30:00+00:00,0.04584825,0.159139050558125,0.04767186414375,0.081,0.556,4.369179424986843,4.3691794,0.043283175013156594,0.0,0.475,5.551115123125783e-17,0.0,4.416995951165431e-18,1
2012-07-12 14:00:00+00:00,0.04690605,0.16034891195262502,0.04877173813874999,0.131,0.499,4.175495214460527,4.1754952,0.04859477501315723,0.0,0.368,0.0,-0.0,0.0,1
2012-07-12 14:30:00+00:00,0.04896015,0.162698293962875,0.05090753996624999,0.081,0.474,3.9686531091973696,3.9686531,0.044195585539473115,0.0,0.393,0.0,5.551115123125783e-17,-1.4129680749389026e-18,1
2012-07-12 15:00:00+00:00,0.0440832,0.157120270208,0.045836609279999996,0.044,0.362,3.801284688144738,3.8012847,0.029458690802630638,0.0,0.318,0.0,-0.0,0.0,1
2012-07-12 15:30:00+00:00,0.0434559,0.15640279426475,0.045184358422499994,0.044,0.448,3.5886531091973697,3.5886531,0.00471491185526185,0.0,0.404,0.0,-0.0,0.0,1
2012-07-12 16:00:00+00:00,0.04865265,0.16234659006912502,0.050587809153749996,0.019,0.455,3.359179424986843,3.3591794,0.03184860919736954,0.0,0.436,0.0,-0.0,0.0,1
2012-07-12 16:30:00+00:00,0.0466785,0.16008865107125,0.0485351373375,0.019,0.623,3.0412846881447377,3.0412847,0.07622162498684304,0.0,0.604,0.0,-0.0,0.0,1
2012-07-12 17:00:00+00:00,0.0426564,0.15548836414099998,0.04435305830999999,0.0,0.602,2.7244425828815797,2.7244426,0.1248853881447376,0.0,0.602,0.0,-0.0,0.0,1
2012-07-12 17:30:00+00:00,0.047478,0.161003081195,0.04936643745,0.0,0.577,2.420758372355264,2.4207584,0.1745327828815797,0.0,0.577,0.0,-0.0,0.0,1
2012-07-12 18:00:00+00:00,0.06528225,0.181366736643125,0.06787885149374999,0.0,1.153,1.813916267092106,1.8139163,0.22194067235526393,0.0,1.153,0.0,-0.0,0.0,1
2012-07-12 18:30:00+00:00,0.0595566,0.17481801014149997,0.061925463764999994,0.0,1.228,1.167600477618422,1.1676005,0.264316267092106,0.0,1.228,0.0,-0.0,0.0,1
2012-07-12 19:00:00+00:00,0.04814835,0.161769795683375,0.05006345062124999,0.0,0.727,1.0,1.0,0.1676004776184219,0.0,0.31844091,0.40855908999999996,0.0,0.0330462602569428,1
2012-07-12 19:30:00+00:00,0.0417585,0.15446138877124999,0.043419444337499995,0.0,0.604,1.0,1.0,0.0,0.0,0.0,0.604,0.0,0.04664733940891749,1
2012-07-12 20:00:00+00:00,0.03849285,0.15072629341962498,0.040023903108749995,0.0,0.394,1.0,1.0,0.0,0.0,0.0,0.394,0.0,0.029693079803666124,1
2012-07-12 20:30:00+00:00,0.04064535,0.153188220675875,0.042262018796249995,0.0,0.448,1.0,1.0,0.0,0.0,0.0,0.448,0.0,0.034314161431396005,1
2012-07-12 21:00:00+00:00,0.03972285,0.152133108994625,0.041302826358749996,0.0,0.536,1.0,1.0,0.0,0.0,0.0,0.536,0.0,0.04077167321055951,1
2012-07-12 21:30:00+00:00,0.0361374,0.1480322415935,0.037574765084999996,0.0,0.546,1.0,1.0,0.0,0.0,0.0,0.546,0.0,0.04041280195502551,1
2012-07-12 22:00:00+00:00,0.0351042,0.14685051651050002,0.036500469555000005,0.0,0.488,1.0,1.0,0.0,0.0,0.0,0.488,0.0,0.035831526028562,1
2012-07-12 22:30:00+00:00,0.0412788,0.153912730697,0.04292066427,0.0,0.403,1.0,1.0,0.0,0.0,0.0,0.403,0.0,0.031013415235445502,1
2012-07-12 23:00:00+00:00,0.03574995,0.14758909468737502,0.03717190426125,0.0,0.545,1.0,1.0,0.0,0.0,0.0,0.545,0.0,0.040218028302309694,1
2012-07-12 23:30:00+00:00,0.03543015,0.14722332263787502,0.03683938421625,0.0,0.675,1.0,1.0,0.0,0.0,0.0,0.675,0.0,0.04968787139028282,1
2012-07-13 00:00:00+00:00,0.0348582,0.09706915339550001,0.036244684905,0.0,0.662,1.06710638025,1.0671064,0.0,0.14127659,0.0,0.8032765900000001,0.0,0.038986689266862086,1
2012-07-13 00:30:00+00:00,0.03461835,0.096794824358375,0.03599529487125,0.0,0.453,1.77960638025,1.7796064,0.71250001975,1.5,0.0,1.953,0.0,0.0945201459859532,1
2012-07-13 01:00:00+00:00,0.03440925,0.096555665710625,0.03577787791875,0.0,0.49,2.49210638025,2.4921064,0.71250001975,1.5,0.0,1.99,0.0,0.09607288738207187,1
2012-07-13 01:30:00+00:00,0.034932,0.09715356233000001,0.0363214203,0.006,0.133,2.5592127605,2.5592128,0.06710641974999998,0.14127659,0.0,0.26827659000000004,0.0,0.013032013204122431,1
2012-07-13 02:00:00+00:00,0.0341694,0.09628133667350001,0.035528487885,0.0,0.144,3.2717127605,3.2717128,0.7125000395000001,1.5,0.0,1.644,0.0,0.079143258745617,1
2012-07-13 02:30:00+00:00,0.0335175,0.09553572441875,0.03485065856249999,0.0,0.123,3.9842127604999997,3.9842128,0.7125000395000001,1.5,0.0,1.623,0.0,0.07752724036581563,1
2012-07-13 03:00:00+00:00,0.03287175,0.09479714624187499,0.034179223856249996,0.0,0.118,4.6967127605,4.6967128,0.7125000395000005,1.5,0.0,1.6179999999999999,0.0,0.07669089130967686,1
2012-07-13 03:30:00+00:00,0.02996895,0.09147706148487501,0.03116096498625,0.0,0.154,5.409212760499999,5.4092128,0.7125000395000001,1.5,0.0,1.654,0.0,0.07565152984799163,1
2012-07-13 04:00:00+00:00,0.030504,0.09208902626,0.0317172966,0.0,0.099,6.1217127604999995,6.1217128,0.712500039500001,1.5,0.0,1.599,0.0,0.07362517649486999,1
2012-07-13 04:30:00+00:00,0.03149415,0.09322151279787502,0.032746829816249996,0.0,0.139,6.8342127605,6.8342128,0.712500039500001,1.5,0.0,1.639,0.0,0.07639502973785858,1
2012-07-13 05:00:00+00:00,0.0327672,0.32457756691800005,0.03407051538,0.0,0.124,6.768949602605263,6.7689496,0.08104536050000011,0.0,0.124,0.0,-0.0,0.0,1
2012-07-13 05:30:00+00:00,0.0338619,0.32582963277975,0.0352087570725,0.0,0.115,6.708423286815789,6.7084233,0.08680710260526237,0.0,0.115,0.0,-0.0,0.0,1
2012-07-13 06:00:00+00:00,0.0333822,0.32528097470550005,0.034709977004999996,0.0,0.145,6.632107497342105,6.6321075,0.0970187868157888,0.0,0.145,0.0,-0.0,0.0,1
2012-07-13 06:30:00+00:00,0.03375735,0.325710053455875,0.03510004859625,0.0,0.101,6.578949602605262,6.5789496,0.11120879734210476,0.0,0.101,0.0,-0.0,0.0,1
2012-07-13 07:00:00+00:00,0.0360513,0.32833376450325,0.03748524045749999,0.0,0.14,6.505265392078947,6.5052654,0.12665710260526186,0.0,0.14,0.0,-0.0,0.0,1
2012-07-13 07:30:00+00:00,0.0341694,0.3261813366735001,0.035528487885,0.0,0.245,6.376318023657894,6.376318,0.13713029207894678,0.0,0.245,0.0,-0.0,0.0,1
2012-07-13 08:00:00+00:00,0.03726285,0.3297194778446251,0.03874497985875,0.013,0.614,6.06000223418421,6.0600022,0.14449262365789384,0.0,0.601,0.0,-0.0,0.0,1
2012-07-13 08:30:00+00:00,0.0396183,0.33241352967075005,0.0411941178825,0.013,0.628,5.736318023657894,5.736318,0.14756923418420964,0.0,0.615,0.0,-0.0,0.0,1
2012-07-13 09:00:00+00:00,0.0389664,0.33166791741600005,0.040516288559999995,0.069,0.971,5.261581181552631,5.2615812,0.1454704236578941,0.0,0.902,0.0,1.1102230246251565e-16,-2.249105821583441e-18,1
2012-07-13 09:30:00+00:00,0.03974745,0.332561245306125,0.04132840482375,0.081,0.769,4.899475918394737,4.8994759,0.13765838155263133,0.0,0.688,1.1102230246251565e-16,0.0,1.8460857581843738e-17,1
2012-07-13 10:00:00+00:00,0.040221,0.33310286930250005,0.041820790275,0.069,0.839,4.4942127605,4.4942128,0.12401781839473713,0.0,0.77,0.0,-0.0,0.0,1
2012-07-13 10:30:00+00:00,0.0403932,0.333299823483,0.04199983953,0.238,0.252,4.4868443394473685,4.4868443,0.10492806049999981,0.0,0.014,1.214306433183765e-17,0.0,2.023640599172101e-18,1
2012-07-13 11:00:00+00:00,0.0397782,0.15219641569550002,0.041360377904999995,0.194,0.248,4.45842328681579,4.4584233,0.0813210394473689,0.0,0.054,0.0,6.938893903907228e-18,-1.4349763705415184e-19,1
2012-07-13 11:30:00+00:00,0.0386343,0.15088807721075,0.040170979282500005,0.406,0.407,4.457896971026316,4.457897,0.05470408681578931,0.0,0.001,0.0,5.4643789493269423e-17,-1.0975472678257088e-18,1
2012-07-13 12:00:00+00:00,0.03836985,0.15058561186212502,0.03989601078374999,0.475,0.186,4.595171971026316,4.595172,0.027123071026315948,0.289,0.0,0.0,-0.0,0.0,1
2012-07-13 12:30:00+00:00,0.0380193,0.15018466942325,0.039531517657499994,0.481,0.168,4.743846971026316,4.743847,0.0010462710263157149,0.313,0.0,0.0,-0.0,0.0,1
2012-07-13 13:00:00+00:00,0.0378225,0.14995957893125,0.0393268899375,0.506,0.146,4.914846971026316,4.914847,0.018803628973683928,0.36,0.0,0.0,-0.0,0.0,1
2012-07-13 13:30:00+00:00,0.03747195,0.149558636492375,0.038962396811249994,0.475,0.166,5.061621971026316,5.061622,0.03238102897368389,0.309,0.0,0.0,-0.0,0.0,1
2012-07-13 14:00:00+00:00,0.03695535,0.14896777395087502,0.03842524904625,0.5,0.272,5.169921971026316,5.169922,0.037730128973683996,0.228,0.0,0.0,-0.0,0.0,1
2012-07-13 14:30:00+00:00,0.03605745,0.147940798581125,0.037491635073749995,0.444,0.23,5.271571971026316,5.271572,0.033396128973683936,0.214,0.0,0.0,-0.0,0.0,1
2012-07-13 15:00:00+00:00,0.0361251,0.14801817343775,0.03756197585249999,0.188,0.285,5.220519339447368,5.2205193,0.01875222897368367,0.0,0.097,0.0,2.7755575615628914e-17,-5.212771305232454e-19,1
2012-07-13 15:30:00+00:00,0.03502425,0.146759073498125,0.036417339543749996,0.125,0.392,5.079993023657894,5.079993,0.00650613944736822,0.0,0.267,0.0,-0.0,0.0,1
2012-07-13 16:00:00+00:00,0.03600825,0.14788452595812498,0.03744047814375,0.3,0.229,5.113718023657894,5.113718,0.04341832365789422,0.071,0.0,0.0,-0.0,0.0,1
2012-07-13 16:30:00+00:00,0.03766875,0.149783726984375,0.03916702453125,0.206,0.387,5.018454865763157,5.0184549,0.08760482365789368,0.0,0.181,2.7755575615628914e-17,0.0,2.0786667801527687e-18,1
2012-07-13 17:00:00+00:00,0.03852975,0.15076849788687502,0.040062270806249994,0.006,0.409,4.806349602605263,4.8063496,0.13605876576315712,0.0,0.403,0.0,5.551115123125783e-17,-1.1119513866966744e-18,1
2012-07-13 17:30:00+00:00,0.039975,0.1524215061875,0.04156500562499999,0.0,0.558,4.512665392078946,4.5126654,0.1854754026052623,0.0,0.558,0.0,-0.0,0.0,1
2012-07-13 18:00:00+00:00,0.04064535,0.153188220675875,0.042262018796249995,0.0,0.755,4.115296971026314,4.115297,0.2326337920789463,0.0,0.755,0.0,-0.0,0.0,1
2012-07-13 18:30:00+00:00,0.03878805,0.15106392915762498,0.04033084468874999,0.0,0.624,3.7868759183947356,3.7868759,0.2747425710263145,0.0,0.624,0.0,-0.0,0.0,1
2012-07-13 19:00:00+00:00,0.0368139,0.14880599015975,0.038278172872499995,0.0,0.58,3.4816127604999987,3.4816128,0.3091775183947356,0.0,0.58,0.0,-0.0,0.0,1
2012-07-13 19:30:00+00:00,0.0352149,0.14697712991225,0.0366155726475,0.0,0.561,3.1863496026052616,3.1863496,0.3318255604999987,0.0,0.561,0.0,-0.0,0.0,1
2012-07-13 20:00:00+00:00,0.0363465,0.14827140024125,0.0377921820375,0.0,0.595,2.8731917078684193,2.8731917,0.3494479026052617,0.0,0.595,0.0,-0.0,0.0,1
2012-07-13 20:30:00+00:00,0.0359652,0.147835287413,0.03739571583,0.0,0.518,2.600560128921051,2.6005601,0.3606658078684193,0.0,0.518,0.0,-0.0,0.0,1
2012-07-13 21:00:00+00:00,0.03636495,0.14829250247487502,0.037811365886250003,0.0,0.485,2.345296971026314,2.345297,0.363449028921051,0.0,0.485,0.0,-0.0,0.0,1
2012-07-13 21:30:00+00:00,0.03460605,0.146280756202625,0.03598250563875,0.0,0.495,2.08477065523684,2.0847707,0.3572494710263139,0.0,0.495,0.0,-0.0,0.0,1
2012-07-13 22:00:00+00:00,0.0340218,0.1456125188045,0.035375017094999996,0.0,0.485,1.9166308920789454,1.9166309,0.16813975523684022,0.0,0.31946555,0.16553445,0.0,0.012051944106708781,1
2012-07-13 22:30:00+00:00,0.0387819,0.15105689507975,0.0403244500725,0.0,0.338,1.73873615523684,1.7387362,0.32797159207894544,0.0,0.338,0.0,-0.0,0.0,1
2012-07-13 23:00:00+00:00,0.03570075,0.14753282206437499,0.037120747331249995,0.0,0.4,1.5282098394473664,1.5282098,0.3068208552368401,0.0,0.4,0.0,-0.0,0.0,1
2012-07-13 23:30:00+00:00,0.0363957,0.14832767286425003,0.0378433389675,0.0,0.469,1.2813677341842085,1.2813677,0.28183843944736653,0.0,0.469,0.0,-0.0,0.0,1
2012-07-14 00:00:00+00:00,0.03524565,0.09751230030162501,0.03664754572875,0.0,0.549,1.2813677341842085,1.2813677,3.418420835288316e-08,0.0,0.0,0.549,0.0,0.02676712643279607,1
2012-07-14 00:30:00+00:00,0.03427395,0.096400915997375,0.03563719636125,0.0,0.524,1.2813677341842085,1.2813677,3.418420835288316e-08,0.0,0.0,0.524,0.0,0.025257039991312253,1
2012-07-14 01:00:00+00:00,0.03424935,0.096372779685875,0.035611617896249996,0.0,0.339,1.7923127416842086,1.7923127,0.5109449658157916,1.0756737,0.0,1.4146737,0.0,0.06816801840875081,1
2012-07-14 01:30:00+00:00,0.03421245,0.09633057521862502,0.035573250198749996,0.0,0.148,2.5048127416842085,2.5048127,0.7124999583157914,1.5,0.0,1.648,0.0,0.07937639398014701,1
2012-07-14 02:00:00+00:00,0.03256425,0.09444544234812502,0.03385949304375,0.0,0.116,3.2173127416842084,3.2173127,0.7124999583157914,1.5,0.0,1.616,0.0,0.07631191741728502,1
2012-07-14 02:30:00+00:00,0.03261345,0.09450171497112501,0.03391064997375,0.0,0.126,3.9298127416842084,3.9298127,0.7124999583157914,1.5,0.0,1.626,0.0,0.07682989427152463,1
2012-07-14 03:00:00+00:00,0.03209685,0.09391085242962502,0.033373502208749996,0.0,0.143,4.642312741684208,4.6423127,0.7124999583157914,1.5,0.0,1.643,0.0,0.07714776527093696,1
2012-07-14 03:30:00+00:00,0.03190005,0.093685761937625,0.03316887448875,0.0,0.104,5.354812741684208,5.3548127,0.7124999583157923,1.5,0.0,1.604,0.0,0.07513598107397525,1
2012-07-14 04:00:00+00:00,0.0313281,0.09303159269524999,0.0325741751775,0.0,0.145,6.0673127416842085,6.0673127,0.7124999583157914,1.5,0.0,1.645,0.0,0.07651848499184312,1
2012-07-14 04:30:00+00:00,0.0312174,0.09290497929350001,0.032459072085,0.0,0.121,6.779812741684209,6.7798127,0.7124999583157914,1.5,0.0,1.621,0.0,0.07529948571738176,1
2012-07-14 05:00:00+00:00,0.0310452,0.322608025113,0.03228002283,0.0,0.12,6.716654846947367,6.7166548,0.08219044168420897,0.0,0.12,0.0,-0.0,0.0,1
2012-07-14 05:30:00+00:00,0.03129735,0.32289642230587506,0.03254220209625,0.0,0.147,6.639286425894735,6.6392864,0.08740144694736696,0.0,0.147,0.0,-0.0,0.0,1
2012-07-14 06:00:00+00:00,0.0308484,0.32238293462100004,0.03207539511,0.0,0.104,6.584549583789472,6.5845496,0.0970611258947347,0.0,0.104,0.0,-0.0,0.0,1
2012-07-14 06:30:00+00:00,0.02969835,0.32106756205837506,0.030879601871249995,0.0,0.139,6.51139168905263,6.5113917,0.1106989837894723,0.0,0.139,0.0,-0.0,0.0,1
2012-07-14 07:00:00+00:00,0.0318693,0.32355059154825005,0.0331369014075,0.0,0.122,6.4471811627368405,6.4471812,0.12559798905262998,0.0,0.122,0.0,-0.0,0.0,1
2012-07-14 07:30:00+00:00,0.03356055,0.325484962963875,0.03489542087625,0.006,0.236,6.326128531157893,6.3261285,0.13553096273684062,0.0,0.23,0.0,2.7755575615628914e-17,-4.842712463849763e-19,1
2012-07-14 08:00:00+00:00,0.0344646,0.3265189724115001,0.03583542946499999,0.025,0.636,6.004549583789473,6.0045496,0.1423600311578932,0.0,0.611,0.0,-0.0,0.0,1
2012-07-14 08:30:00+00:00,0.0344646,0.3265189724115001,0.03583542946499999,0.031,0.587,5.711918004842104,5.711918,0.1449110837894727,0.0,0.556,0.0,1.1102230246251565e-16,-1.9892659444686873e-18,1
2012-07-14 09:00:00+00:00,0.03439695,0.32644159755487506,0.03576508868625,0.094,0.73,5.377181162736841,5.3771812,0.14229500484210433,0.0,0.636,0.0,-0.0,0.0,1
2012-07-14 09:30:00+00:00,0.0359283,0.32819308294575006,0.0373573481325,0.206,0.778,5.076128531157893,5.0761285,0.13397416273684115,0.0,0.572,1.1102230246251565e-16,0.0,1.8218375860454276e-17,1
2012-07-14 10:00:00+00:00,0.0372567,0.3297124437667501,0.03873858524249999,0.306,0.685,4.876654846947367,4.8766548,0.11983383115789348,0.0,0.379,5.551115123125783e-17,0.0,9.151358664381828e-18,1
2012-07-14 10:30:00+00:00,0.0358176,0.32806646954400004,0.03724224504,0.369,0.82,4.639286425894735,4.6392864,0.10025334694736632,0.0,0.451,0.0,5.551115123125783e-17,-1.0336799483035008e-18,1
2012-07-14 11:00:00+00:00,0.03442155,0.146069733866375,0.035790667151250004,0.425,0.756,4.465075899578945,4.4650759,0.07616492589473456,0.0,0.331,0.0,-0.0,0.0,1
2012-07-14 11:30:00+00:00,0.0344154,0.1460626997885,0.035784272534999995,0.469,1.066,4.150865373263156,4.1508654,0.049076199578944824,0.0,0.597,1.1102230246251565e-16,0.0,8.108108617205234e-18,1
2012-07-14 12:00:00+00:00,0.03433545,0.145971256776125,0.03570114252375,0.369,0.201,4.230665373263156,4.2306654,2.6736843850017067e-08,0.168,0.0,0.0,-0.0,0.0,1
2012-07-14 12:30:00+00:00,0.0343908,0.146034563477,0.03575869406999999,0.538,0.198,4.392165373263156,4.3921654,0.0049600267368443696,0.34,0.0,0.0,-0.0,0.0,1
2012-07-14 13:00:00+00:00,0.03439695,0.14604159755487503,0.03576508868625,0.544,0.134,4.586915373263156,4.5869154,0.025107426736844296,0.41,0.0,0.0,-0.0,0.0,1
2012-07-14 13:30:00+00:00,0.0340095,0.14559845064875,0.0353622278625,0.494,0.177,4.737490373263156,4.7374904,0.03907562673684417,0.317,0.0,0.0,-0.0,0.0,1
2012-07-14 14:00:00+00:00,0.03390495,0.145478871324875,0.03525351938625,0.538,0.131,4.930815373263155,4.9308154,0.04480672673684438,0.407,0.0,0.0,-0.0,0.0,1
2012-07-14 14:30:00+00:00,0.0339357,0.14551404171425,0.0352854924675,0.519,0.151,5.105615373263156,5.1056154,0.040845626736844665,0.368,0.0,0.0,-0.0,0.0,1
2012-07-14 15:00:00+00:00,0.03394185,0.145521075792125,0.03529188708375,0.488,0.15,5.2661653732631555,5.2661654,0.02656442673684456,0.338,0.0,0.0,-0.0,0.0,1
2012-07-14 15:30:00+00:00,0.03394185,0.145521075792125,0.03529188708375,0.444,0.125,5.417690373263156,5.4176904,0.002291526736844851,0.319,0.0,0.0,-0.0,0.0,1
2012-07-14 16:00:00+00:00,0.03404025,0.145633621038125,0.035394200943749995,0.35,0.292,5.445240373263156,5.4452404,0.0339990732631561,0.058,0.0,0.0,-0.0,0.0,1
2012-07-14 16:30:00+00:00,0.03464295,0.146322960669875,0.03602087333625,0.281,0.296,5.437345636421051,5.4373456,0.07782927326315559,0.0,0.015,0.0,4.163336342344337e-17,-7.4983505521895865e-19,1
2012-07-14 17:00:00+00:00,0.03672165,0.148700478991625,0.038182253628749996,0.038,0.337,5.279977215368419,5.2799772,0.12594753642105072,0.0,0.299,5.551115123125783e-17,0.0,4.1272673887322864e-18,1
2012-07-14 17:30:00+00:00,0.03729975,0.149361682311875,0.03878334755625,0.0,0.517,5.007871952210524,5.007872,0.17505161536841918,0.0,0.517,0.0,-0.0,0.0,1
2012-07-14 18:00:00+00:00,0.04129725,0.153933832930625,0.04293984811875,0.0,0.679,4.650503531157892,4.6505035,0.22192295221052483,0.0,0.679,0.0,-0.0,0.0,1
2012-07-14 18:30:00+00:00,0.0409836,0.153575094959,0.04261372269,0.0,0.762,4.249450899578945,4.2494509,0.26377173115789265,0.0,0.762,0.0,-0.0,0.0,1
2012-07-14 19:00:00+00:00,0.03967365,0.152076836371625,0.04125166942875,0.0,0.627,3.919450899578945,3.9194509,0.2979745995789451,0.0,0.627,0.0,-0.0,0.0,1
2012-07-14 19:30:00+00:00,0.03729975,0.149361682311875,0.03878334755625,0.0,0.384,3.7173456364210504,3.7173456,0.32042129957894483,0.0,0.384,0.0,-0.0,0.0,1
2012-07-14 20:00:00+00:00,0.03451995,0.146182279112375,0.03589298101125,0.0,0.249,3.586293004842103,3.586293,0.33786483642105036,0.0,0.249,0.0,-0.0,0.0,1
2012-07-14 20:30:00+00:00,0.0345753,0.14624558581325,0.0359505325575,0.0,0.216,3.4726087943157875,3.4726088,0.348926704842103,0.0,0.216,0.0,-0.0,0.0,1
2012-07-14 21:00:00+00:00,0.03439695,0.14604159755487503,0.03576508868625,0.0,0.236,3.348398267999998,3.3483983,0.3515777943157876,0.0,0.236,0.0,-0.0,0.0,1
2012-07-14 21:30:00+00:00,0.0343908,0.146034563477,0.03575869406999999,0.0,0.243,3.220503531157893,3.2205035,0.34527056799999833,0.0,0.243,0.0,-0.0,0.0,1
2012-07-14 22:00:00+00:00,0.0342924,0.14592201823099998,0.03565638021,0.006,0.208,3.114187741684209,3.1141877,0.3330199311578932,0.0,0.202,0.0,2.7755575615628914e-17,-4.9483167854913465e-19,1
2012-07-14 22:30:00+00:00,0.03444615,0.146097870177875,0.03581624561625,0.0,0.255,2.9799772153684194,2.9799772,0.3158419416842091,0.0,0.255,0.0,-0.0,0.0,1
2012-07-14 23:00:00+00:00,0.0343785,0.14602049532125,0.035745904837499995,0.0,0.221,2.863661425894735,2.8636614,0.29464821536841956,0.0,0.221,0.0,-0.0,0.0,1
2012-07-14 23:30:00+00:00,0.03447075,0.14612600648937502,0.03584182408125,0.0,0.226,2.7447140574736824,2.7447141,0.2696457258947351,0.0,0.226,0.0,-0.0,0.0,1
2012-07-15 00:00:00+00:00,0.03451995,0.09668227911237502,0.03589298101125,0.0,0.248,2.7447140574736824,2.7447141,4.252631757850622e-08,0.0,0.0,0.248,0.0,0.011988602609934503,1
2012-07-15 00:30:00+00:00,0.0343785,0.09652049532125001,0.035745904837499995,0.0,0.214,2.7447140574736824,2.7447141,4.252631757850622e-08,0.0,0.0,0.214,0.0,0.010327692999373752,1
2012-07-15 01:00:00+00:00,0.0342555,0.09637981376375002,0.035618012512500005,0.0,0.254,2.7447140574736824,2.7447141,0.2677859425263178,0.0,0.0,0.254,0.0,0.012240236347996251,1
2012-07-15 01:30:00+00:00,0.03381885,0.09588039423462501,0.03516399475874999,0.0,0.23,3.4572140574736823,3.4572141,0.7125000425263175,1.5,0.0,1.73,0.0,0.08293654101295063,1
2012-07-15 02:00:00+00:00,0.03326535,0.095247327225875,0.034588479296249995,0.0,0.614,4.169714057473682,4.1697141,0.7125000425263179,1.5,0.0,2.114,0.0,0.10067642487774987,1
2012-07-15 02:30:00+00:00,0.0311313,0.09280650220325001,0.032369547457499995,0.0,0.557,4.882214057473682,4.8822141,0.7125000425263179,1.5,0.0,2.057,0.0,0.09545148751604264,1
2012-07-15 03:00:00+00:00,0.03159255,0.093334058043875,0.03284914367625,0.0,0.183,5.5947140574736824,5.5947141,0.7125000425263179,1.5,0.0,1.683,0.0,0.07854060984392082,1
2012-07-15 03:30:00+00:00,0.0308361,0.09246886646525002,0.0320626058775,0.0,0.526,6.307214057473683,6.3072141,0.7125000425263179,1.5,0.0,2.026,0.0,0.09367096172929826,1
2012-07-15 04:00:00+00:00,0.0300612,0.091582572653,0.03125688423,0.0,0.118,7.019714057473683,7.0197141,0.712500042526317,1.5,0.0,1.6179999999999999,0.0,0.074090301276277,1
2012-07-15 04:30:00+00:00,0.03046095,0.09203978771487499,0.03167253428625,0.0,0.145,7.7322140574736835,7.7322141,0.712500042526317,1.5,0.0,1.645,0.0,0.07570272539548469,1
2012-07-15 05:00:00+00:00,0.02870205,0.31992804144262504,0.029843674038749997,0.0,0.098,7.680635110105262,7.6806351,0.07121835747368355,0.0,0.098,0.0,-0.0,0.0,1
2012-07-15 05:30:00+00:00,0.03016575,0.32160215197687503,0.03136559270625,0.0,0.149,7.602214057473684,7.6022141,0.07665731010526233,0.0,0.149,0.0,-0.0,0.0,1
2012-07-15 06:00:00+00:00,0.0262113,0.31707923990325004,0.027253854457499997,0.0,0.103,7.548003531157894,7.5480035,0.08656155747368377,0.0,0.103,0.0,-0.0,0.0,1
2012-07-15 06:30:00+00:00,0.027921,0.3190347135525,0.029031557774999998,0.0,0.136,7.476424583789473,7.4764246,0.10046003115789404,0.0,0.136,0.0,-0.0,0.0,1
2012-07-15 07:00:00+00:00,0.030996,0.32255175249000007,0.0322288659,0.0,0.118,7.414319320631579,7.4143193,0.11563668378947334,0.0,0.118,0.0,-0.0,0.0,1
2012-07-15 07:30:00+00:00,0.0313773,0.3229878653182501,0.032625332107499995,0.0,0.118,7.3522140574736845,7.3522141,0.12586862063157866,0.0,0.118,0.0,-0.0,0.0,1
2012-07-15 08:00:00+00:00,0.03223215,0.323965602142875,0.03351418376625,0.013,0.136,7.287477215368422,7.2874772,0.1330138574736841,0.0,0.123,1.3877787807814457e-17,0.0,2.24796294178483e-18,1
2012-07-15 08:30:00+00:00,0.03445845,0.326511938333625,0.035829034848750003,0.025,0.099,7.248529846947369,7.2485298,0.13589701536842203,0.0,0.074,1.3877787807814457e-17,0.0,2.2656316984561235e-18,1
2012-07-15 09:00:00+00:00,0.03411405,0.326118029972625,0.035470936338749995,0.088,0.142,7.22010879431579,7.2201088,0.1336274469473686,0.0,0.054,0.0,6.938893903907228e-18,-1.2306453196341686e-19,1
2012-07-15 09:30:00+00:00,0.0344646,0.3265189724115001,0.03583542946499999,0.213,0.169,7.24100879431579,7.2410088,0.12566579431578973,0.044,0.0,2.7755575615628914e-17,0.0,4.531361014352421e-18,1
2012-07-15 10:00:00+00:00,0.03451995,0.32658227911237503,0.03589298101125,0.306,0.045,7.36498379431579,7.3649838,0.11189549431578971,0.261,0.0,0.0,-0.0,0.0,1
2012-07-15 10:30:00+00:00,0.0344523,0.32650490425575,0.035822640232499994,0.375,0.295,7.40298379431579,7.4029838,0.09269429431578935,0.08,0.0,0.0,-0.0,0.0,1
2012-07-15 11:00:00+00:00,0.03443385,0.146083802022125,0.03580345638375,0.431,0.259,7.48468379431579,7.4846838,0.06899259431579008,0.172,0.0,0.0,-0.0,0.0,1
2012-07-15 11:30:00+00:00,0.03417555,0.145788370751375,0.03553488250125,0.481,0.166,7.63430879431579,7.6343088,0.04229629431578985,0.315,0.0,0.0,-0.0,0.0,1
2012-07-15 12:00:00+00:00,0.0341202,0.1457250640505,0.035477330955000004,0.513,0.14,7.7859693403157895,7.7859693,0.014649394315790154,0.31928536,0.0,0.0,0.05371463999999998,-0.0009528260302043404,1
2012-07-15 12:30:00+00:00,0.03394185,0.145521075792125,0.03529188708375,0.531,0.695,7.699653550842105,7.6996536,0.010362059684210223,0.0,0.164,0.0,8.326672684688674e-17,-1.4693199608568908e-18,1
2012-07-15 13:00:00+00:00,0.03388035,0.145450735013375,0.03522794092124999,0.55,0.204,7.864003550842105,7.8640036,0.030150349157895384,0.346,0.0,0.0,1.1102230246251565e-16,-1.9555435560453245e-18,1
2012-07-15 13:30:00+00:00,0.03360975,0.145141235586875,0.03494657780625,0.556,0.34,7.924970684342105,7.9249707,0.04376114915789575,0.12835186,0.0,0.0,0.08764813999999999,-0.001531501272041546,1
2012-07-15 14:00:00+00:00,0.0338865,0.14545776909125002,0.0352343355375,0.55,0.347,7.924970684342105,7.9249707,1.56578954246811e-08,0.0,0.0,0.0,0.20300000000000007,-0.0035762850570562514,1
2012-07-15 14:30:00+00:00,0.0332961,0.14478249761525003,0.0346204523775,0.525,0.382,7.992895684342105,7.9928957,0.04482751565789478,0.143,0.0,0.0,-0.0,0.0,1
2012-07-15 15:00:00+00:00,0.0336036,0.145134201509,0.034940183189999995,0.494,0.255,7.999999999992105,8.0,0.007104315657895377,0.014956454,0.0,0.0,0.22404354599999998,-0.003914061269888595,1
2012-07-15 15:30:00+00:00,0.0340464,0.14564065511600002,0.03540059556,0.456,0.23,7.999999999992105,8.0,7.895017972714413e-12,0.0,0.0,0.0,0.226,-0.00400026729828,1
2012-07-15 16:00:00+00:00,0.03431085,0.14594312046462501,0.03567556405875,0.394,0.247,7.999999999992105,8.0,0.030715899992104667,0.0,0.0,0.0,0.14700000000000002,-0.0026221539583181253,1
2012-07-15 16:30:00+00:00,0.0344523,0.14610490425574998,0.035822640232499994,0.275,0.265,7.999999999992105,8.0,0.07491329999210539,0.0,0.0,0.0,0.010000000000000009,-0.00017911320116250013,1
2012-07-15 17:00:00+00:00,0.03677085,0.148756751614625,0.03823341055875,0.05,0.328,7.853684210518421,7.8536842,0.12339629999210455,0.0,0.278,0.0,-0.0,0.0,1
2012-07-15 17:30:00+00:00,0.04092825,0.153511788258125,0.042556171143749995,0.0,0.386,7.650526315781579,7.6505263,0.17286401051842049,0.0,0.386,0.0,-0.0,0.0,1
2012-07-15 18:00:00+00:00,0.0563094,0.1711040170235,0.058549106385,0.0,0.56,7.355789473676316,7.3557895,0.22009871578157902,0.0,0.56,0.0,-0.0,0.0,1
2012-07-15 18:30:00+00:00,0.05283465,0.167129763024125,0.05493614820374999,0.0,0.913,6.875263157886842,6.8752632,0.26231087367631556,0.0,0.913,0.0,-0.0,0.0,1
2012-07-15 19:00:00+00:00,0.04690605,0.16034891195262502,0.04877173813874999,0.0,1.42,6.12789473683421,6.1278947,0.29687735788684133,0.0,1.42,0.0,-0.0,0.0,1
2012-07-15 19:30:00+00:00,0.0440217,0.15704992942924997,0.04577266311749999,0.0,1.459,5.359999999992104,5.36,0.3196891368342101,0.0,1.459,0.0,-0.0,0.0,1
2012-07-15 20:00:00+00:00,0.04156785,0.154243332357125,0.04322121123375,0.0,0.738,4.971578947360525,4.9715789,0.3374903999921042,0.0,0.738,0.0,-0.0,0.0,1
2012-07-15 20:30:00+00:00,0.0418815,0.15460207032875,0.0435473366625,0.0,0.462,4.728421052623683,4.7284211,0.34890184736052543,0.0,0.462,0.0,-0.0,0.0,1
2012-07-15 21:00:00+00:00,0.0406146,0.1531530502865,0.042230045715,0.0,0.468,4.482105263149999,4.4821053,0.35189505262368304,0.0,0.468,0.0,-0.0,0.0,1
2012-07-15 21:30:00+00:00,0.03806235,0.150233907968375,0.03957627997125,0.0,0.482,4.228421052623683,4.2284211,0.3459217631499998,0.0,0.482,0.0,-0.0,0.0,1
2012-07-15 22:00:00+00:00,0.0350058,0.1467379712645,0.036398155695,0.0,0.429,4.002631578939472,4.0026316,0.3339938526236832,0.0,0.429,0.0,-0.0,0.0,1
2012-07-15 22:30:00+00:00,0.0370968,0.14912955774199999,0.038572325219999995,0.006,0.401,3.7947368420973673,3.7947368,0.3171267789394725,0.0,0.395,0.0,-0.0,0.0,1
2012-07-15 23:00:00+00:00,0.0357807,0.14762426507675,0.0372038773425,0.0,0.528,3.516842105255262,3.5168421,0.2962318420973671,0.0,0.528,0.0,-0.0,0.0,1
2012-07-15 23:30:00+00:00,0.0349566,0.14668169864150002,0.036346998765,0.0,0.518,3.2442105263078935,3.2442105,0.27151690525526195,0.0,0.518,0.0,-0.0,0.0,1
2012-07-16 00:00:00+00:00,0.03432315,0.096457188620375,0.035688353291249995,0.0,0.165,3.2442105263078935,3.2442105,2.6307893641330793e-08,0.0,0.0,0.165,0.0,0.007957718061180938,1
2012-07-16 00:30:00+00:00,0.03391725,0.09599293948062503,0.03526630861875,0.0,0.15,3.7250000163078933,3.725,0.48078947369210656,1.0121884,0.0,1.1621884,0.0,0.05578094037314221,1
2012-07-16 01:00:00+00:00,0.0343293,0.09646422269825002,0.0356947479075,0.0,0.116,3.7250000163078933,3.725,1.6307893258016293e-08,0.0,0.0,0.116,0.0,0.0055949249164985015,1
2012-07-16 01:30:00+00:00,0.033948,0.09602810987000002,0.035298281699999996,0.0,0.127,3.7250000163078933,3.725,1.6307893258016293e-08,0.0,0.0,0.127,0.0,0.006097784976745001,1
2012-07-16 02:00:00+00:00,0.03330225,0.09528953169312501,0.034626846993749995,0.0,0.137,4.437500016307894,4.4375,0.7124999836921067,1.5,0.0,1.637,0.0,0.07799448169082282,1
2012-07-16 02:30:00+00:00,0.0323613,0.09421331777825001,0.0336484707075,0.0,0.104,5.150000016307894,5.15,0.7124999836921067,1.5,0.0,1.604,0.0,0.07555908085815652,1
2012-07-16 03:00:00+00:00,0.0321276,0.09394602281900001,0.03340547529,0.0,0.156,5.862500016307894,5.8625,0.7124999836921058,1.5,0.0,1.656,0.0,0.077787306894132,1
2012-07-16 03:30:00+00:00,0.0312912,0.09298938822800001,0.03253580748,0.0,0.11,6.575000016307895,6.575,0.7124999836921058,1.5,0.0,1.61,0.0,0.07485645752354002,1
2012-07-16 04:00:00+00:00,0.03089145,0.09253217316612501,0.03212015742375,0.0,0.132,7.287500016307895,7.2875,0.7124999836921049,1.5,0.0,1.6320000000000001,0.0,0.07550625330355802,1
2012-07-16 04:30:00+00:00,0.0330747,0.09502927081175,0.034390246192499994,0.0,0.128,8.0,8.0,0.7124999836921049,1.5,0.0,1.6280000000000001,0.0,0.07735382644076451,1
2012-07-16 05:00:00+00:00,0.034071,0.3260687914275,0.035426174025,0.0,0.111,7.941578947368421,7.9415789,0.07545610000000025,0.0,0.111,0.0,-0.0,0.0,1
2012-07-16 05:30:00+00:00,0.0347721,0.32687067630525,0.0361551602775,0.0,0.145,7.865263157894737,7.8652632,0.08103244736842097,0.0,0.145,0.0,-0.0,0.0,1
2012-07-16 06:00:00+00:00,0.0349935,0.32712390310875006,0.0363853664625,0.0,0.097,7.814210526315789,7.8142105,0.09106125789473651,0.0,0.097,0.0,-0.0,0.0,1
2012-07-16 06:30:00+00:00,0.03774255,0.33026813591887505,0.039243759926249996,0.0,0.138,7.741578947368421,7.7415789,0.10507162631578915,0.0,0.138,0.0,-0.0,0.0,1
2012-07-16 07:00:00+00:00,0.042804,0.33605718201,0.0445065291,0.0,0.127,7.674736842105263,7.6747368,0.12034954736842085,0.0,0.127,0.0,-0.0,0.0,1
2012-07-16 07:30:00+00:00,0.04277325,0.33602201162062506,0.04447455601874999,0.0,0.104,7.62,7.62,0.13067724210526332,0.0,0.104,0.0,-0.0,0.0,1
2012-07-16 08:00:00+00:00,0.04704135,0.34090366166587505,0.04891241969625,0.013,0.141,7.552631578947368,7.5526316,0.1379096999999998,0.0,0.128,0.0,2.7755575615628914e-17,-6.78796181711322e-19,1
2012-07-16 08:30:00+00:00,0.0483267,0.34237378394175005,0.0502488944925,0.031,0.107,7.512631578947368,7.5126316,0.1408716789473683,0.0,0.076,0.0,-0.0,0.0,1
2012-07-16 09:00:00+00:00,0.04705365,0.34091772982162505,0.04892520892875,0.088,0.461,7.316315789473684,7.3163158,0.13867187894736777,0.0,0.373,0.0,-0.0,0.0,1
2012-07-16 09:30:00+00:00,0.0467646,0.3405871281615,0.048624661964999996,0.213,0.248,7.297894736842105,7.2978947,0.1307707894736838,0.0,0.035,0.0,-0.0,0.0,1
2012-07-16 10:00:00+00:00,0.04634025,0.34010177678812503,0.04818343344374999,0.306,0.325,7.287894736842105,7.2878947,0.11705113684210477,0.0,0.019,1.734723475976807e-17,0.0,2.9499126820789223e-18,1
2012-07-16 10:30:00+00:00,0.0456576,0.3393209941440001,0.04747363104,0.375,0.21,7.3662697368421055,7.3662697,0.09789033684210491,0.165,0.0,0.0,-0.0,0.0,1
2012-07-16 11:00:00+00:00,0.0416601,0.15434884352525,0.04331713047749999,0.425,0.253,7.447969736842105,7.4479697,0.07421843684210572,0.172,0.0,0.0,-0.0,0.0,1
2012-07-16 11:30:00+00:00,0.04076835,0.153328902233375,0.04238991112125,0.469,0.138,7.605194736842106,7.6051947,0.04754093684210492,0.331,0.0,5.551115123125783e-17,0.0,4.255731939999813e-18,1
2012-07-16 12:00:00+00:00,0.03978435,0.152203449773375,0.041366772521250005,0.5,0.164,7.764794736842106,7.7647947,0.019901436842105547,0.336,0.0,0.0,-0.0,0.0,1
2012-07-16 12:30:00+00:00,0.03605745,0.147940798581125,0.037491635073749995,0.519,0.15,7.824018862592106,7.8240189,0.005626163157894659,0.12468237,0.0,0.0,0.24431763,-0.004579933713021737,1
2012-07-16 13:00:00+00:00,0.0344892,0.14614710872300002,0.035861007929999994,0.531,0.282,7.932999779842106,7.9329998,0.025429737407893782,0.22943351,0.0,0.0,0.019566489999999992,-0.00035083702652613264,1
2012-07-16 13:30:00+00:00,0.0347721,0.14647067630525,0.0361551602775,0.531,0.226,7.932999779842106,7.9329998,2.015789402065593e-08,0.0,0.0,0.0,0.30500000000000005,-0.005513661942318751,1
2012-07-16 14:00:00+00:00,0.0346245,0.14630185843625002,0.0360016894875,0.525,0.218,7.932999779842106,7.9329998,2.015789402065593e-08,0.0,0.0,0.0,0.30700000000000005,-0.005526259336331251,1
2012-07-16 14:30:00+00:00,0.0342555,0.14587981376375,0.035618012512500005,0.506,0.198,7.973223059617106,7.9732231,0.040223320157894094,0.084680589,0.0,0.0,0.22331941099999997,-0.0039770967876410655,1
2012-07-16 15:00:00+00:00,0.034194,0.14580947298500002,0.03555406635,0.488,0.146,7.9988821126421055,7.9988821,0.02565904038289446,0.054019059,0.0,0.0,0.287980941,-0.005119446741924718,1
2012-07-16 15:30:00+00:00,0.0340587,0.14565472327175,0.035413384792499995,0.444,0.265,8.0,8.0,0.0011178873578945314,0.0023534471,0.0,0.0,0.17664655289999998,-0.0031278261750582025,1
2012-07-16 16:00:00+00:00,0.034686,0.146372199215,0.03606563565,0.381,0.179,8.0,8.0,0.0355831000000002,0.0,0.0,0.0,0.202,-0.0036426292006499997,1
2012-07-16 16:30:00+00:00,0.0368262,0.14882005831550002,0.038290962105000007,0.281,0.279,8.0,8.0,0.07968689999999956,0.0,0.0,0.0,0.0020000000000000018,-3.829096210500004e-05,1
2012-07-16 17:00:00+00:00,0.0376257,0.14973448843925,0.039122262217499995,0.05,0.46,7.784210526315789,7.7842105,0.12807299999999966,0.0,0.41,5.551115123125783e-17,0.0,4.155966916143117e-18,1
2012-07-16 17:30:00+00:00,0.0412665,0.15389866254125,0.042907875037499994,0.0,0.587,7.475263157894736,7.4752632,0.17744322631578946,0.0,0.587,0.0,-0.0,0.0,1
2012-07-16 18:00:00+00:00,0.0482898,0.16193157947450001,0.050210526795,0.006,0.849,7.031578947368421,7.0315789,0.22458215789473623,0.0,0.843,0.0,-0.0,0.0,1
2012-07-16 18:30:00+00:00,0.04855425,0.162234044823125,0.050485495293749995,0.0,0.984,6.513684210526315,6.5136842,0.2667017473684208,0.0,0.984,0.0,-0.0,0.0,1
2012-07-16 19:00:00+00:00,0.047355,0.1608623996375,0.049238545125,0.0,1.037,5.967894736842105,5.9678947,0.30118011052631477,0.0,1.037,0.0,-0.0,0.0,1
2012-07-16 19:30:00+00:00,0.0408114,0.1533781407785,0.042434673434999994,0.0,1.038,5.42157894736842,5.4215789,0.3239111368421046,0.0,1.038,0.0,-0.0,0.0,1
2012-07-16 20:00:00+00:00,0.0407376,0.153293731844,0.042357938039999994,0.0,0.959,4.916842105263157,4.9168421,0.3416309473684205,0.0,0.959,0.0,-0.0,0.0,1
2012-07-16 20:30:00+00:00,0.0414387,0.15409561672175,0.043086924292499995,0.0,0.885,4.451052631578946,4.4510526,0.352960805263157,0.0,0.885,0.0,-0.0,0.0,1
2012-07-16 21:00:00+00:00,0.0408114,0.1533781407785,0.042434673434999994,0.0,0.471,4.203157894736841,4.2031579,0.3558739315789463,0.0,0.471,0.0,-0.0,0.0,1
2012-07-16 21:30:00+00:00,0.0380439,0.15021280573475002,0.039557096122499996,0.0,0.579,3.898421052631578,3.8984211,0.3498225947368412,0.0,0.579,0.0,-0.0,0.0,1
2012-07-16 22:00:00+00:00,0.03562695,0.147448413129875,0.03704401193624999,0.0,0.516,3.626842105263157,3.6268421,0.3378164526315781,0.0,0.516,0.0,-0.0,0.0,1
2012-07-16 22:30:00+00:00,0.0438864,0.156895179716,0.04563198156,0.0,0.439,3.39578947368421,3.3957895,0.3208711052631572,0.0,0.439,0.0,-0.0,0.0,1
2012-07-16 23:00:00+00:00,0.0363465,0.14827140024125,0.0377921820375,0.0,0.583,3.088947368421052,3.0889474,0.29989847368420985,0.0,0.583,0.0,-0.0,0.0,1
2012-07-16 23:30:00+00:00,0.0352641,0.14703340253525,0.036666729577499994,0.0,0.537,2.8063157894736834,2.8063158,0.27510826842105196,0.0,0.537,0.0,-0.0,0.0,1
2012-07-17 00:00:00+00:00,0.0357192,0.098053924298,0.037139931179999995,0.0,0.459,2.8063157894736834,2.8063158,1.052631670717119e-08,0.0,0.0,0.459,0.0,0.022503375626391,1
2012-07-17 00:30:00+00:00,0.03433545,0.096471256776125,0.03570114252375,0.0,0.15,2.8063157894736834,2.8063158,0.20618421052631675,0.0,0.0,0.15,0.0,0.007235344258209375,1
2012-07-17 01:00:00+00:00,0.03436005,0.09649939308762502,0.03572672098875,0.0,0.129,2.8063157894736834,2.8063158,1.052631670717119e-08,0.0,0.0,0.129,0.0,0.006224210854151814,1
2012-07-17 01:30:00+00:00,0.0342801,0.09640795007524999,0.03564359097749999,0.0,0.156,2.8063157894736834,2.8063158,1.052631670717119e-08,0.0,0.0,0.156,0.0,0.0075198201058695,1
2012-07-17 02:00:00+00:00,0.03406485,0.09616175734962502,0.03541977940875,0.0,0.108,3.0498845842236832,3.0498846,0.24356881052631651,0.51277641,0.0,0.62077641,0.0,0.029847475253395667,1
2012-07-17 02:30:00+00:00,0.03343755,0.09544428140637501,0.03476752855125,0.0,0.16,3.762384584223683,3.7623846,0.7125000157763166,1.5,0.0,1.66,0.0,0.07921875356729126,1
2012-07-17 03:00:00+00:00,0.0328779,0.09480418031975,0.0341856184725,0.0,0.124,4.474884584223683,4.4748846,0.712500015776317,1.5,0.0,1.624,0.0,0.07698099441963702,1
2012-07-17 03:30:00+00:00,0.03204765,0.093854579806625,0.03332234527874999,0.0,0.139,5.1873845842236825,5.1873846,0.7125000157763166,1.5,0.0,1.639,0.0,0.07691382815152918,1
2012-07-17 04:00:00+00:00,0.0319431,0.09373500048275,0.0332136368025,0.0,0.144,5.899884584223683,5.8998846,0.7125000157763175,1.5,0.0,1.644,0.0,0.0770501703968205,1
2012-07-17 04:30:00+00:00,0.0319062,0.09369279601550001,0.033175269105,0.0,0.095,6.612384584223683,6.6123846,0.7125000157763175,1.5,0.0,1.595,0.0,0.07472000482236126,1
2012-07-17 05:00:00+00:00,0.03293325,0.324767487020625,0.03424317001874999,0.0,0.145,6.536068794749999,6.5360688,0.07846648422368308,0.0,0.145,0.0,-0.0,0.0,1
2012-07-17 05:30:00+00:00,0.0340095,0.32599845064875,0.0353622278625,0.0,0.106,6.4802793210657885,6.4802793,0.084014494749999,0.0,0.106,0.0,-0.0,0.0,1
2012-07-17 06:00:00+00:00,0.03223215,0.323965602142875,0.03351418376625,0.0,0.125,6.414489847381578,6.4144898,0.0940192210657882,0.0,0.125,0.0,-0.0,0.0,1
2012-07-17 06:30:00+00:00,0.03589755,0.32815791255637505,0.03732537505125,0.0,0.124,6.349226689486841,6.3492267,0.10800974738157798,0.0,0.124,0.0,-0.0,0.0,1
2012-07-17 07:00:00+00:00,0.041574,0.33465036643500007,0.043227605849999996,0.0,0.106,6.29343721580263,6.2934372,0.12327378948684053,0.0,0.106,0.0,-0.0,0.0,1
2012-07-17 07:30:00+00:00,0.04426155,0.337724258466375,0.04602205315124999,0.0,0.165,6.206595110539472,6.2065951,0.13359841580262977,0.0,0.165,0.0,-0.0,0.0,1
2012-07-17 08:00:00+00:00,0.0523365,0.34696000271625005,0.0544181842875,0.013,0.278,6.067121426328946,6.0671214,0.1408354105394718,0.0,0.265,0.0,-0.0,0.0,1
2012-07-17 08:30:00+00:00,0.05092815,0.345349198882875,0.05295381716624999,0.044,0.666,5.739753005276314,5.739753,0.14380872632894537,0.0,0.622,0.0,-0.0,0.0,1
2012-07-17 09:00:00+00:00,0.04312995,0.336429988137375,0.04484544376125,0.094,0.618,5.463963531592103,5.4639635,0.14162630527631404,0.0,0.524,0.0,-0.0,0.0,1
2012-07-17 09:30:00+00:00,0.0414387,0.33449561672175004,0.043086924292499995,0.219,0.829,5.142910900013156,5.1429109,0.13374753159210329,0.0,0.61,0.0,-0.0,0.0,1
2012-07-17 10:00:00+00:00,0.04076835,0.33372890223337504,0.04238991112125,0.306,0.493,5.044489847381577,5.0444898,0.12005410001315653,0.0,0.187,0.0,-0.0,0.0,1
2012-07-17 10:30:00+00:00,0.04025175,0.333138039691875,0.041852763356249996,0.375,0.564,4.945016163171051,4.9450162,0.10092234738157657,0.0,0.189,0.0,5.551115123125783e-17,-1.1616475380574197e-18,1
2012-07-17 11:00:00+00:00,0.03562695,0.147448413129875,0.03704401193624999,0.431,0.601,4.855542478960524,4.8555425,0.07728106317105077,0.0,0.17,0.0,2.7755575615628914e-17,-5.140889372014233e-19,1
2012-07-17 11:30:00+00:00,0.03449535,0.146154142800875,0.03586740254625,0.475,0.495,4.855542478960524,4.8555425,2.1039475939232943e-08,0.0,0.0,0.020000000000000018,0.0,0.0014615414280087513,1
2012-07-17 12:00:00+00:00,0.0344769,0.14613304056725002,0.035848218697499996,0.513,0.413,4.903042478960525,4.9030425,2.1039475939232943e-08,0.1,0.0,0.0,-0.0,0.0,1
2012-07-17 12:30:00+00:00,0.03442155,0.146069733866375,0.035790667151250004,0.531,0.376,4.9766674789605245,4.9766675,0.0027808210394750787,0.155,0.0,0.0,-0.0,0.0,1
2012-07-17 13:00:00+00:00,0.0336651,0.14520454228775,0.035004129352499996,0.544,0.278,5.103017478960525,5.1030175,0.022561721039475735,0.266,0.0,0.0,-0.0,0.0,1
2012-07-17 13:30:00+00:00,0.03364665,0.14518344005412498,0.034984945503749997,0.55,0.181,5.278292478960525,5.2782925,0.03618132103947502,0.369,0.0,0.0,-0.0,0.0,1
2012-07-17 14:00:00+00:00,0.03343755,0.144944281406375,0.03476752855125,0.538,0.203,5.437417478960525,5.4374175,0.04158432103947529,0.335,0.0,0.0,-0.0,0.0,1
2012-07-17 14:30:00+00:00,0.0330501,0.14450113450025,0.0343646677275,0.525,0.202,5.590842478960526,5.5908425,0.037317221039474546,0.323,0.0,0.0,-0.0,0.0,1
2012-07-17 15:00:00+00:00,0.03287175,0.144297146241875,0.034179223856249996,0.494,0.192,5.734292478960525,5.7342925,0.022752321039474666,0.302,0.0,0.0,-0.0,0.0,1
2012-07-17 15:30:00+00:00,0.0331485,0.14461367974624997,0.034466981587499994,0.444,0.165,5.866817478960526,5.8668175,0.0019764789605254407,0.279,0.0,5.551115123125783e-17,0.0,4.013835923251385e-18,1
2012-07-17 16:00:00+00:00,0.03376965,0.145324121611625,0.03511283782875,0.381,0.195,5.955167478960526,5.9551675,0.03878717896052564,0.186,0.0,0.0,-0.0,0.0,1
2012-07-17 16:30:00+00:00,0.0342678,0.1458938819195,0.035630801744999996,0.288,0.183,6.005042478960526,6.0050425,0.0828763789605258,0.105,0.0,0.0,-0.0,0.0,1
2012-07-17 17:00:00+00:00,0.03568845,0.14751875390862498,0.03710795809874999,0.056,0.313,5.869779321065789,5.8697793,0.13124577896052614,0.0,0.257,0.0,-0.0,0.0,1
2012-07-17 17:30:00+00:00,0.0417093,0.15440511614825,0.04336828740749999,0.0,0.233,5.747147742118421,5.7471477,0.18059922106578963,0.0,0.233,0.0,-0.0,0.0,1
2012-07-17 18:00:00+00:00,0.0576747,0.17266558231174997,0.059968711192499996,0.0,0.213,5.635042478960526,5.6350425,0.22772234211842068,0.0,0.213,0.0,-0.0,0.0,1
2012-07-17 18:30:00+00:00,0.0560142,0.1707663812855,0.058242164804999996,0.0,0.545,5.348200373697368,5.3482004,0.26982797896052535,0.0,0.545,0.0,-0.0,0.0,1
2012-07-17 19:00:00+00:00,0.04940295,0.16320474756987502,0.051367952336249995,0.0,0.698,4.980831952644736,4.980832,0.3042943736973678,0.0,0.698,0.0,-0.0,0.0,1
2012-07-17 19:30:00+00:00,0.0443907,0.15747197410174998,0.04615634009249999,0.0,0.985,4.462410900013157,4.4624109,0.3270173526447362,0.0,0.985,0.0,-0.0,0.0,1
2012-07-17 20:00:00+00:00,0.0453747,0.15859742656175,0.04717947869249999,0.0,1.123,3.8713582684342094,3.8713583,0.3447243000131568,0.0,1.123,0.0,-0.0,0.0,1
2012-07-17 20:30:00+00:00,0.04322835,0.156142533383375,0.044947757621249994,0.0,0.482,3.6176740579078936,3.6176741,0.35603606843420943,0.0,0.482,0.0,-0.0,0.0,1
2012-07-17 21:00:00+00:00,0.04156785,0.154243332357125,0.04322121123375,0.0,0.457,3.37714774211842,3.3771477,0.35892635790789384,0.0,0.457,0.0,-0.0,0.0,1
2012-07-17 21:30:00+00:00,0.03694305,0.148953705795125,0.038412459813749994,0.006,0.519,3.10714774211842,3.1071477,0.35284774211841974,0.0,0.513,0.0,-0.0,0.0,1
2012-07-17 22:00:00+00:00,0.03463065,0.146308892514125,0.03600808410375,0.0,0.413,2.8897793210657885,2.8897793,0.3408065421184201,0.0,0.413,0.0,-0.0,0.0,1
2012-07-17 22:30:00+00:00,0.03715215,0.149192864442875,0.03862987676625,0.0,0.449,2.6534635315921045,2.6534635,0.32381772106578843,0.0,0.449,0.0,-0.0,0.0,1
2012-07-17 23:00:00+00:00,0.0346614,0.14634406290350002,0.036040057185,0.0,0.396,2.4450424789605254,2.4450425,0.30279363159210426,0.0,0.396,0.0,-0.0,0.0,1
2012-07-17 23:30:00+00:00,0.03543015,0.14722332263787502,0.03683938421625,0.0,0.538,2.1618845842236833,2.1618846,0.2779446789605253,0.0,0.538,0.0,-0.0,0.0,1
2012-07-18 00:00:00+00:00,0.03347445,0.09548648587362503,0.03480589624875,0.0,0.664,2.706313909223683,2.7063139,0.5557285157763165,1.146167,0.0,1.8101669999999999,0.0,0.0864232428372011,1
2012-07-18 00:30:00+00:00,0.0337143,0.09576081491075002,0.0350552862825,0.0,0.203,3.012500001723683,3.0125,9.223683150594297e-09,0.6446023,0.0,0.8476022999999999,0.0,0.040583543484113,1
2012-07-18 01:00:00+00:00,0.03404025,0.096133621038125,0.035394200943749995,0.0,0.128,3.012500001723683,3.0125,1.7236829741307247e-09,0.0,0.0,0.128,0.0,0.00615255174644,1
2012-07-18 01:30:00+00:00,0.0332469,0.09522622499225,0.0345692954475,0.0,0.137,3.556929326723683,3.5569293,0.7124999982763169,1.146167,0.0,1.283167,0.0,0.06109557472231523,1
2012-07-18 02:00:00+00:00,0.0324351,0.09429772671275001,0.0337252061025,0.0,0.101,4.269429326723683,4.2694293,0.7124999732763166,1.5,0.0,1.601,0.0,0.07548533023355639,1
2012-07-18 02:30:00+00:00,0.03215835,0.09398119320837502,0.03343744837125,0.0,0.149,4.981929326723684,4.9819293,0.7124999732763166,1.5,0.0,1.649,0.0,0.0774874938003052,1
2012-07-18 03:00:00+00:00,0.0310944,0.09276429773600002,0.03233117976,0.0,0.113,5.694429326723684,5.6944293,0.7124999732763166,1.5,0.0,1.613,0.0,0.07481440612408402,1
2012-07-18 03:30:00+00:00,0.0311559,0.09283463851475002,0.0323951259225,0.0,0.134,6.406929326723684,6.4069293,0.7124999732763158,1.5,0.0,1.634,0.0,0.07584589966655075,1
2012-07-18 04:00:00+00:00,0.0305901,0.09218750335025,0.0318068212275,0.0,0.134,7.119429326723685,7.1194293,0.7124999732763158,1.5,0.0,1.634,0.0,0.07531719023715425,1
2012-07-18 04:30:00+00:00,0.03075,0.092370389375,0.03197308124999999,0.0,0.107,7.831929326723685,7.8319293,0.7124999732763149,1.5,0.0,1.607,0.0,0.0742196078628125,1
2012-07-18 05:00:00+00:00,0.0313896,0.323001933474,0.03263812133999999,0.0,0.147,7.754560905671053,7.7545609,0.08015202672368549,0.0,0.147,0.0,-0.0,0.0,1
2012-07-18 05:30:00+00:00,0.03364665,0.325583440054125,0.034984945503749997,0.0,0.101,7.701403010934211,7.701403,0.08554580567105319,0.0,0.101,0.0,-0.0,0.0,1
2012-07-18 06:00:00+00:00,0.03060855,0.32210860558387505,0.031826005076250004,0.0,0.142,7.626666168828947,7.6266662,0.09538831093421063,0.0,0.142,0.0,-0.0,0.0,1
2012-07-18 06:30:00+00:00,0.0343539,0.32639235900975005,0.03572032637249999,0.0,0.121,7.562981958302632,7.562982,0.10920866882894753,0.0,0.121,0.0,-0.0,0.0,1
2012-07-18 07:00:00+00:00,0.0379947,0.33055653311175004,0.03950593919249999,0.0,0.115,7.502455642513158,7.5024556,0.12429675830263154,0.0,0.115,0.0,-0.0,0.0,1
2012-07-18 07:30:00+00:00,0.0374289,0.32990939794725005,0.0389176344975,0.006,0.14,7.431929326723684,7.4319293,0.13444494251315753,0.0,0.134,0.0,-0.0,0.0,1
2012-07-18 08:00:00+00:00,0.04058385,0.333517879897125,0.04219807263374999,0.025,0.159,7.36140301093421,7.361403,0.14150182672368405,0.0,0.134,0.0,-0.0,0.0,1
2012-07-18 08:30:00+00:00,0.04054695,0.333475675429875,0.04215970493624999,0.056,0.79,6.975087221460526,6.9750872,0.14429131093420988,0.0,0.734,0.0,-0.0,0.0,1
2012-07-18 09:00:00+00:00,0.0392001,0.33193521237525003,0.0407592839775,0.1,0.955,6.5250872214605256,6.5250872,0.14192122146052544,0.0,0.855,0.0,-0.0,0.0,1
2012-07-18 09:30:00+00:00,0.0391755,0.33190707606375003,0.0407337055125,0.138,0.797,6.178245116197368,6.1782451,0.13385022146052528,0.0,0.659,0.0,-0.0,0.0,1
2012-07-18 10:00:00+00:00,0.03686925,0.329269296860625,0.038335724418749995,0.294,0.773,5.926139853039473,5.9261399,0.11995991619736746,0.0,0.479,5.551115123125783e-17,0.0,9.139058866920041e-18,1
2012-07-18 10:30:00+00:00,0.034563,0.32663151765750004,0.035937743325,0.369,0.319,5.949889853039473,5.9498899,0.10062595303947308,0.05,0.0,0.0,-0.0,0.0,1
2012-07-18 11:00:00+00:00,0.0347598,0.14645660814949998,0.036142371044999996,0.431,0.324,6.000714853039472,6.0007149,0.07677695303947285,0.107,0.0,0.0,-0.0,0.0,1
2012-07-18 11:30:00+00:00,0.03437235,0.146013461243375,0.03573951022125,0.469,0.349,6.057714853039473,6.0577149,0.04991715303947242,0.12,0.0,0.0,-0.0,0.0,1
2012-07-18 12:00:00+00:00,0.03381885,0.145380394234625,0.03516399475874999,0.506,0.35,6.131814853039472,6.1318149,0.022088253039473038,0.156,0.0,0.0,-0.0,0.0,1
2012-07-18 12:30:00+00:00,0.03284715,0.144269009930375,0.03415364539125,0.525,0.5,6.143689853039472,6.1436899,0.0038313469605277817,0.025,0.0,0.0,-0.0,0.0,1
2012-07-18 13:00:00+00:00,0.03164175,0.142890330666875,0.03290030060625,0.531,0.53,6.144164853039472,6.1441649,0.023823146960527453,0.001,0.0,0.0,-0.0,0.0,1
2012-07-18 13:30:00+00:00,0.0330132,0.144458930033,0.03432630003,0.538,0.483,6.170289853039472,6.1702899,0.03766034696052767,0.055,0.0,0.0,-0.0,0.0,1
2012-07-18 14:00:00+00:00,0.0318078,0.14308025076949998,0.033072955244999994,0.531,0.541,6.165026695144736,6.1650267,0.04328774696052751,0.0,0.01,8.673617379884035e-18,0.0,6.2051167489625055e-19,1
2012-07-18 14:30:00+00:00,0.03156795,0.142805921732375,0.032823565211249996,0.506,0.368,6.230576695144736,6.2305767,0.03925160485526469,0.138,0.0,0.0,-0.0,0.0,1
2012-07-18 15:00:00+00:00,0.0314757,0.14270041056425,0.0327276459675,0.481,0.251,6.339826695144736,6.3398267,0.02492350485526451,0.23,0.0,0.0,-0.0,0.0,1
2012-07-18 15:30:00+00:00,0.03220755,0.143537465831375,0.033488605301249995,0.431,0.461,6.324037221460525,6.3240372,0.0006285048552641115,0.0,0.03,2.7755575615628914e-17,0.0,1.99198249327924e-18,1
2012-07-18 16:00:00+00:00,0.0330009,0.14444486187724997,0.034313510797499995,0.369,0.464,6.274037221460525,6.2740372,0.035844621460524806,0.0,0.095,2.7755575615628914e-17,0.0,2.004575143061543e-18,1
2012-07-18 16:30:00+00:00,0.03485205,0.146562119317625,0.036238290288749996,0.269,0.468,6.1693003793552625,6.1693004,0.07966412146052537,0.0,0.199,0.0,-0.0,0.0,1
2012-07-18 17:00:00+00:00,0.03492585,0.14664652825212499,0.036315025683749995,0.056,0.369,6.004563537249999,6.0045635,0.1277671793552626,0.0,0.313,0.0,-0.0,0.0,1
2012-07-18 17:30:00+00:00,0.0414879,0.15415188934475,0.04313808122249999,0.0,0.389,5.799826695144736,5.7998267,0.1768600372499991,0.0,0.389,0.0,-0.0,0.0,1
2012-07-18 18:00:00+00:00,0.04959975,0.163429838061875,0.05157258005625,0.0,0.461,5.557195116197367,5.5571951,0.22373119514473583,0.0,0.461,0.0,-0.0,0.0,1
2012-07-18 18:30:00+00:00,0.05277315,0.167059422245375,0.05487220204124999,0.0,0.448,5.321405642513157,5.3214056,0.26559491619736697,0.0,0.448,0.0,-0.0,0.0,1
2012-07-18 19:00:00+00:00,0.04889865,0.162627953184125,0.050843593803750003,0.0,0.588,5.011931958302631,5.011932,0.2998313425131567,0.0,0.588,0.0,-0.0,0.0,1
2012-07-18 19:30:00+00:00,0.0419922,0.1547286837305,0.043662439755,0.0,0.665,4.661931958302631,4.661932,0.3223389583026304,0.0,0.665,0.0,-0.0,0.0,1
2012-07-18 20:00:00+00:00,0.03984585,0.152273790552125,0.04143071868375,0.0,0.379,4.462458274092104,4.4624583,0.33983765830263124,0.0,0.379,0.0,-0.0,0.0,1
2012-07-18 20:30:00+00:00,0.039729,0.15214014307249998,0.041309220975,0.0,0.285,4.312458274092104,4.3124583,0.35094897409210457,0.0,0.285,0.0,-0.0,0.0,1
2012-07-18 21:00:00+00:00,0.03919395,0.151528178297375,0.040752889361249996,0.0,0.251,4.180353010934209,4.180353,0.3536485740921038,0.0,0.251,0.0,-0.0,0.0,1
2012-07-18 21:30:00+00:00,0.0363342,0.1482573320855,0.03777939280499999,0.0,0.254,4.046668800407893,4.0466688,0.34738961093420917,0.0,0.254,0.0,-0.0,0.0,1
2012-07-18 22:00:00+00:00,0.03428625,0.145914984153125,0.035649985593749996,0.0,0.271,3.904037221460525,3.9040372,0.33517670040789316,0.0,0.271,0.0,-0.0,0.0,1
2012-07-18 22:30:00+00:00,0.0449073,0.15806283664325002,0.0466934878575,0.0,0.578,3.5998266951447353,3.5998267,0.3180252214605246,0.0,0.578,0.0,-0.0,0.0,1
2012-07-18 23:00:00+00:00,0.03631575,0.148236229851875,0.03776020895625,0.0,1.404,2.8608793267236825,2.8608793,0.2968482951447351,0.0,1.404,0.0,-0.0,0.0,1
2012-07-18 23:30:00+00:00,0.03770565,0.149825931451625,0.03920539222875,0.0,1.134,2.2640372214605247,2.2640372,0.27185862672368266,0.0,1.134,0.0,-0.0,0.0,1
2012-07-19 00:00:00+00:00,0.03556545,0.09787807235112501,0.03698006577375,0.0,1.174,2.2640372214605247,2.2640372,2.1460524468608355e-08,0.0,0.0,1.174,0.0,0.05745442847011038,1
2012-07-19 00:30:00+00:00,0.0338127,0.09587336015675002,0.0351576001425,0.0,1.154,2.7258054979605246,2.7258055,0.4617682785394752,0.97214374,0.0,2.12614374,0.0,0.10192027226501973,1
2012-07-19 01:00:00+00:00,0.0328164,0.09473383954100002,0.03412167231,0.0,0.885,3.4383054979605245,3.4383055,0.7125000020394752,1.5,0.0,2.385,0.0,0.11297010365264251,1
2012-07-19 01:30:00+00:00,0.0342186,0.09633760929650001,0.035579644815000006,0.0,0.203,3.4383054979605245,3.4383055,2.039475255344314e-09,0.0,0.0,0.203,0.0,0.009778267343594752,1
2012-07-19 02:00:00+00:00,0.0335421,0.09556386073025,0.03487623702749999,0.0,0.122,4.1508054979605244,4.1508055,0.7125000020394752,1.5,0.0,1.6219999999999999,0.0,0.07750229105223275,1
2012-07-19 02:30:00+00:00,0.03338835,0.09538800878337499,0.03471637162124999,0.0,0.152,4.863305497960525,4.8633055,0.7125000020394756,1.5,0.0,1.652,0.0,0.07879049525506773,1
2012-07-19 03:00:00+00:00,0.032103,0.0939178865075,0.033379896825,0.0,0.132,5.575805497960525,5.5758055,0.7125000020394756,1.5,0.0,1.6320000000000001,0.0,0.07663699539012,1
2012-07-19 03:30:00+00:00,0.03182625,0.093601353003125,0.03309213909375,0.0,0.135,6.2883054979605255,6.2883055,0.7125000020394747,1.5,0.0,1.635,0.0,0.07651910608005469,1
2012-07-19 04:00:00+00:00,0.0319185,0.09370686417125001,0.0331880583375,0.0,0.152,7.000805497960526,7.0008055,0.7125000020394747,1.5,0.0,1.652,0.0,0.07740186980545251,1
2012-07-19 04:30:00+00:00,0.03321615,0.09519105460287501,0.03453732236625,0.0,0.11,7.713305497960526,7.7133055,0.7125000020394738,1.5,0.0,1.61,0.0,0.0766287989553144,1
2012-07-19 05:00:00+00:00,0.0334068,0.32530911101700005,0.03473555546999999,0.0,0.159,7.629621287434211,7.6296213,0.07348309796052632,0.0,0.159,0.0,-0.0,0.0,1
2012-07-19 05:30:00+00:00,0.0367647,0.32914971753675004,0.0382270159425,0.0,0.117,7.56804234006579,7.5680423,0.07892108743421122,0.0,0.117,0.0,-0.0,0.0,1
2012-07-19 06:00:00+00:00,0.0343908,0.326434563477,0.03575869406999999,0.0,0.147,7.490673919013158,7.4906739,0.08882524006579029,0.0,0.147,0.0,-0.0,0.0,1
2012-07-19 06:30:00+00:00,0.0408852,0.333862549713,0.04251140882999999,0.0,0.134,7.420147603223684,7.4201476,0.10272491901315828,0.0,0.134,0.0,-0.0,0.0,1
2012-07-19 07:00:00+00:00,0.04289625,0.336162693178125,0.04460244834374999,0.006,0.13,7.354884445328947,7.3548844,0.117912003223684,0.0,0.124,0.0,-0.0,0.0,1
2012-07-19 07:30:00+00:00,0.04001805,0.332870744732625,0.04160976793874999,0.0,0.163,7.269094971644737,7.269095,0.12818384532894722,0.0,0.163,0.0,-0.0,0.0,1
2012-07-19 08:00:00+00:00,0.0460635,0.33978524328375,0.047895675712499995,0.019,0.173,7.18804234006579,7.1880423,0.13538587164473714,0.0,0.154,0.0,-0.0,0.0,1
2012-07-19 08:30:00+00:00,0.0430254,0.33631040881350005,0.044736735284999996,0.031,0.658,6.85804234006579,6.8580423,0.13834144006578963,0.0,0.627,0.0,-0.0,0.0,1
2012-07-19 09:00:00+00:00,0.0413157,0.33435493516425,0.0429590319675,0.081,0.607,6.581200234802632,6.5812002,0.13615764006578956,0.0,0.526,0.0,-0.0,0.0,1
2012-07-19 09:30:00+00:00,0.04081755,0.33378517485637504,0.04244106805125,0.125,0.852,6.198568655855264,6.1985687,0.1282924348026322,0.0,0.727,0.0,-0.0,0.0,1
2012-07-19 10:00:00+00:00,0.0396921,0.33249793860525007,0.0412708532775,0.2,0.777,5.894884445328948,5.8948844,0.11462605585526386,0.0,0.577,0.0,-0.0,0.0,1
2012-07-19 10:30:00+00:00,0.0357684,0.32801019692100003,0.03719108811,0.144,0.492,5.711726550592106,5.7117266,0.0955333453289482,0.0,0.348,0.0,-0.0,0.0,1
2012-07-19 11:00:00+00:00,0.0346737,0.14635813105925,0.0360528464175,0.131,0.261,5.643305497960527,5.6433055,0.07194175059210561,0.0,0.13,0.0,-0.0,0.0,1
2012-07-19 11:30:00+00:00,0.03440925,0.146055665710625,0.03577787791875,0.263,0.691,5.4180423400657896,5.4180423,0.045354297960527035,0.0,0.428,0.0,5.551115123125783e-17,-9.930355959406056e-19,1
2012-07-19 12:00:00+00:00,0.03410175,0.14570396181687498,0.03545814710625,0.156,0.1,5.44464234006579,5.4446423,0.017811540065789444,0.056,0.0,0.0,-0.0,0.0,1
2012-07-19 12:30:00+00:00,0.03368355,0.145225644521375,0.03502331320125,0.113,0.148,5.426221287434211,5.4262213,0.00742175993421057,0.0,0.035,0.0,1.3877787807814457e-17,-2.430230544667872e-19,1
2012-07-19 13:00:00+00:00,0.0344031,0.14604863163275,0.0357714833025,0.119,0.104,5.433346287434211,5.4333463,0.027134512565789137,0.015,0.0,0.0,-0.0,0.0,1
2012-07-19 13:30:00+00:00,0.03445845,0.146111938333625,0.035829034848750003,0.313,0.136,5.517421287434211,5.5174213,0.04068421256578869,0.177,0.0,0.0,-0.0,0.0,1
2012-07-19 14:00:00+00:00,0.03415095,0.145760234439875,0.035509304036249995,0.281,0.118,5.594846287434211,5.5948463,0.04601681256578871,0.163,0.0,0.0,-0.0,0.0,1
2012-07-19 14:30:00+00:00,0.03388035,0.145450735013375,0.03522794092124999,0.313,0.277,5.611946287434211,5.6119463,0.04167961256578856,0.036,0.0,0.0,-0.0,0.0,1
2012-07-19 15:00:00+00:00,0.0334314,0.1449372473285,0.034761133934999994,0.506,0.281,5.718821287434211,5.7188213,0.02704441256578871,0.225,0.0,0.0,-0.0,0.0,1
2012-07-19 15:30:00+00:00,0.0339357,0.14551404171425,0.0352854924675,0.456,0.367,5.761096287434211,5.7610963,0.002436112565789017,0.089,0.0,0.0,5.551115123125783e-17,-9.793691543164007e-19,1
2012-07-19 16:00:00+00:00,0.0343293,0.14596422269825002,0.0356947479075,0.388,0.41,5.74951734006579,5.7495173,0.03419648743421089,0.0,0.022,0.0,3.469446951953614e-17,-6.1920517164214255e-19,1
2012-07-19 16:30:00+00:00,0.03479055,0.146491778538875,0.03617434412625,0.288,0.52,5.627412076907895,5.6274121,0.07837964006578968,0.0,0.232,2.7755575615628914e-17,0.0,2.032981818151855e-18,1
2012-07-19 17:00:00+00:00,0.03363435,0.145169371898375,0.03497215627125,0.063,0.567,5.362148919013158,5.3621489,0.12685657690789487,0.0,0.504,0.0,-0.0,0.0,1
2012-07-19 17:30:00+00:00,0.0381669,0.15035348729225,0.03968498844749999,0.006,0.761,4.964780497960527,4.9647805,0.17633491901315868,0.0,0.755,0.0,-0.0,0.0,1
2012-07-19 18:00:00+00:00,0.0493845,0.16318364533625,0.05134876848749999,0.0,0.655,4.620043655855264,4.6200437,0.2236040979605276,0.0,0.655,0.0,-0.0,0.0,1
2012-07-19 18:30:00+00:00,0.04718895,0.160672479534875,0.04906589048624999,0.0,0.741,4.2300436558552645,4.2300437,0.2658784558552645,0.0,0.741,0.0,-0.0,0.0,1
2012-07-19 19:00:00+00:00,0.04605735,0.159378209205875,0.04788928109624999,0.0,1.008,3.699517340065791,3.6995173,0.30053795585526455,0.0,1.008,0.0,-0.0,0.0,1
2012-07-19 19:30:00+00:00,0.0390525,0.15136639450625,0.04060581318749999,0.0,1.293,3.018991024276317,3.018991,0.3234822400657906,0.0,1.293,0.0,-0.0,0.0,1
2012-07-19 20:00:00+00:00,0.0391509,0.15147893975225,0.0407081270475,0.0,1.183,2.3963594453289487,2.3963594,0.34142192427631723,0.0,1.183,0.0,-0.0,0.0,1
2012-07-19 20:30:00+00:00,0.0434436,0.156388726109,0.04517156919,0.0,1.234,1.7468857611184223,1.7468858,0.3529776453289486,0.0,1.234,0.0,-0.0,0.0,1
2012-07-19 21:00:00+00:00,0.0420783,0.15482716082075,0.0437519643825,0.0,0.98,1.2310962874342117,1.2310963,0.3561249611184223,0.0,0.98,0.0,-0.0,0.0,1
2012-07-19 21:30:00+00:00,0.0376134,0.1497204202835,0.039109472985,0.0,1.069,1.2310962874342117,1.2310963,1.2565788187757221e-08,0.0,0.0,1.069,0.0,0.08002556464153074,1
2012-07-19 22:00:00+00:00,0.03324075,0.14471919091437502,0.03456290083124999,0.0,1.072,1.2310962874342117,1.2310963,1.2565788187757221e-08,0.0,0.0,1.072,0.0,0.07756948633010502,1
2012-07-19 22:30:00+00:00,0.03814845,0.150332385058625,0.03966580459875,0.0,0.844,1.0,1.0,0.23109628743421173,0.0,0.43908295,0.40491704999999995,0.0,0.030436072938701254,1
2012-07-19 23:00:00+00:00,0.0348459,0.14655508523975,0.0362318956725,0.0,0.518,1.0,1.0,0.0,0.0,0.0,0.518,0.0,0.03795776707709525,1
2012-07-19 23:30:00+00:00,0.03560235,0.147420276818375,0.037018433471249994,0.0,0.4,1.0,1.0,0.0,0.0,0.0,0.4,0.0,0.029484055363675002,1
2012-07-20 00:00:00+00:00,0.0339357,0.09601404171425001,0.0352854924675,0.0,0.166,1.7125,1.7125,0.7124999999999999,1.5,0.0,1.666,0.0,0.07997969674797026,1
2012-07-20 00:30:00+00:00,0.03405255,0.09614768919387501,0.03540699017625,0.0,0.197,2.425,2.425,0.7124999999999999,1.5,0.0,1.697,0.0,0.08158131428100295,1
2012-07-20 01:00:00+00:00,0.03422475,0.096344643374375,0.035586039431249994,0.0,0.123,3.0124999975,3.0125,0.3948642000000002,1.2368421,0.0,1.3598421,0.0,0.0655067510849806,1
2012-07-20 01:30:00+00:00,0.034194,0.09630947298500002,0.03555406635,0.0,0.138,3.7249999975,3.725,0.7125000025000001,1.5,0.0,1.638,0.0,0.078877458374715,1
2012-07-20 02:00:00+00:00,0.03325305,0.09523325907012499,0.03457569006375,0.0,0.152,4.4374999975,4.4375,0.7125000025000001,1.5,0.0,1.652,0.0,0.07866267199192324,1
2012-07-20 02:30:00+00:00,0.0319431,0.09373500048275,0.0332136368025,0.0,0.115,5.1499999975,5.15,0.7125000025000006,1.5,0.0,1.615,0.0,0.07569101288982064,1
2012-07-20 03:00:00+00:00,0.03204765,0.093854579806625,0.03332234527874999,0.0,0.157,5.8624999975000005,5.8625,0.7125000024999997,1.5,0.0,1.657,0.0,0.07775851936978881,1
2012-07-20 03:30:00+00:00,0.0312543,0.09294718376075,0.0324974397825,0.0,0.14,6.574999997500001,6.575,0.7125000024999997,1.5,0.0,1.6400000000000001,0.0,0.076216690683815,1
2012-07-20 04:00:00+00:00,0.03138345,0.093094899396125,0.03263172672375,0.0,0.125,7.287499997500001,7.2875,0.7125000024999988,1.5,0.0,1.625,0.0,0.07563960575935157,1
2012-07-20 04:30:00+00:00,0.0323367,0.09418518146675,0.0336228922425,0.0,0.158,7.999999997500002,8.0,0.7125000024999988,1.5,0.0,1.658,0.0,0.07807951543593575,1
2012-07-20 05:00:00+00:00,0.03283485,0.32465494177462506,0.034140856158749996,0.0,0.118,7.937894734342107,7.9378947,0.08254919750000145,0.0,0.118,0.0,-0.0,0.0,1
2012-07-20 05:30:00+00:00,0.03225675,0.323993738454375,0.03353976223125,0.0,0.141,7.863684208026318,7.8636842,0.08831093434210757,0.0,0.141,0.0,-0.0,0.0,1
2012-07-20 06:00:00+00:00,0.0346983,0.32678626737075006,0.0360784248825,0.0,0.137,7.791578944868423,7.7915789,0.09852260802631818,0.0,0.137,0.0,-0.0,0.0,1
2012-07-20 06:30:00+00:00,0.0381423,0.33072535098075007,0.03965940998249999,0.0,0.101,7.73842105013158,7.7384211,0.1127126448684228,0.0,0.101,0.0,-0.0,0.0,1
2012-07-20 07:00:00+00:00,0.04455675,0.33806189420437505,0.046328994731249996,0.0,0.142,7.663684208026317,7.6636842,0.12817405013158023,0.0,0.142,0.0,-0.0,0.0,1
2012-07-20 07:30:00+00:00,0.0421029,0.33525529713225005,0.043777542847499996,0.006,0.117,7.605263155394738,7.6052632,0.138708408026317,0.0,0.111,0.0,-0.0,0.0,1
2012-07-20 08:00:00+00:00,0.0507375,0.34513114246875,0.05275558406249999,0.013,0.113,7.55263157644737,7.5526316,0.1461572553947379,0.0,0.1,0.0,-0.0,0.0,1
2012-07-20 08:30:00+00:00,0.04978425,0.3440408603981251,0.05176441854375,0.044,0.141,7.501578944868422,7.5015789,0.14934267644736998,0.0,0.097,0.0,1.3877787807814457e-17,-3.591878082725292e-19,1
2012-07-20 09:00:00+00:00,0.0410697,0.33407357204925,0.0427032473175,0.094,0.329,7.377894734342107,7.3778947,0.14737054486842194,0.0,0.235,2.7755575615628914e-17,0.0,4.636202145098106e-18,1
2012-07-20 09:30:00+00:00,0.0396429,0.33244166598225006,0.041219696347499994,0.213,1.039,6.943157892236844,6.9431579,0.13969743434210624,0.0,0.826,0.0,-0.0,0.0,1
2012-07-20 10:00:00+00:00,0.03971055,0.33251904083887507,0.04129003712625,0.313,0.72,6.728947365921054,6.7289474,0.12620219223684348,0.0,0.407,0.0,-0.0,0.0,1
2012-07-20 10:30:00+00:00,0.03832065,0.330929339239125,0.039844853853749994,0.375,0.989,6.405789471184212,6.4057895,0.10725816592105453,0.0,0.614,0.0,-0.0,0.0,1
2012-07-20 11:00:00+00:00,0.03707835,0.149108455508375,0.03855314137125,0.425,0.606,6.3105263132894756,6.3105263,0.08379187118421161,0.0,0.181,0.0,-0.0,0.0,1
2012-07-20 11:30:00+00:00,0.0348582,0.1465691533955,0.036244684905,0.469,0.199,6.438776313289476,6.4387763,0.05730481328947512,0.27,0.0,5.551115123125783e-17,0.0,4.0681112199875136e-18,1
2012-07-20 12:00:00+00:00,0.03449535,0.146154142800875,0.03586740254625,0.438,0.278,6.514776313289476,6.5147763,0.029836613289475622,0.16,0.0,5.551115123125783e-17,0.0,4.056592362047112e-18,1
2012-07-20 12:30:00+00:00,0.03444615,0.146097870177875,0.03581624561625,0.544,0.261,6.649201313289476,6.6492013,0.0038487132894760023,0.283,0.0,0.0,-0.0,0.0,1
2012-07-20 13:00:00+00:00,0.03376965,0.145324121611625,0.03511283782875,0.563,0.305,6.771751313289476,6.7717513,0.016222486710524286,0.258,0.0,0.0,-0.0,0.0,1
2012-07-20 13:30:00+00:00,0.03413865,0.145746166284125,0.03549651480375,0.55,0.555,6.769119734342108,6.7691197,0.02978208671052407,0.0,0.005,4.336808689942018e-18,0.0,3.1603662023336386e-19,1
2012-07-20 14:00:00+00:00,0.03326535,0.144747327225875,0.034588479296249995,0.556,0.605,6.743330260657897,6.7433303,0.03515216565789192,0.0,0.049,0.0,6.938893903907228e-17,-1.2000289406708524e-18,1
2012-07-20 14:30:00+00:00,0.0337758,0.1453311556895,0.035119232445,0.531,0.459,6.7775302606578975,6.7775303,0.030880239342102378,0.072,0.0,0.0,-0.0,0.0,1
2012-07-20 15:00:00+00:00,0.0338373,0.14540149646824999,0.0351831786075,0.5,0.267,6.888205260657897,6.8882053,0.016337939342102814,0.233,0.0,0.0,-0.0,0.0,1
2012-07-20 15:30:00+00:00,0.03375735,0.145310053455875,0.03510004859625,0.45,0.224,6.9955552606578975,6.9955553,0.009031160657896997,0.226,0.0,0.0,-0.0,0.0,1
2012-07-20 16:00:00+00:00,0.0343416,0.14597829085400002,0.035707537139999995,0.394,0.213,7.081530260657898,7.0815303,0.04576626065789746,0.181,0.0,0.0,-0.0,0.0,1
2012-07-20 16:30:00+00:00,0.0360144,0.14789156003599999,0.03744687275999999,0.294,0.449,6.999951313289476,6.9999513,0.08976286065789818,0.0,0.155,2.7755575615628914e-17,0.0,2.0524076887462604e-18,1
2012-07-20 17:00:00+00:00,0.0369615,0.14897480802875,0.038431643662499994,0.081,0.459,6.801003944868424,6.8010039,0.13802991328947645,0.0,0.378,0.0,-0.0,0.0,1
2012-07-20 17:30:00+00:00,0.0392739,0.15161962130974999,0.0408360193725,0.0,0.576,6.497846050131582,6.4978461,0.18727754486842407,0.0,0.576,0.0,-0.0,0.0,1
2012-07-20 18:00:00+00:00,0.04533165,0.158548188016625,0.047134716378750004,0.0,0.569,6.198372365921055,6.1983724,0.2342971501315816,0.0,0.569,0.0,-0.0,0.0,1
2012-07-20 18:30:00+00:00,0.0476994,0.16125630799850002,0.049596643635,0.0,0.787,5.784161839605265,5.7841618,0.27630476592105513,0.0,0.787,0.0,-0.0,0.0,1
2012-07-20 19:00:00+00:00,0.0468384,0.160271537096,0.048701397359999996,0.0,1.202,5.151530260657897,5.1515303,0.31068133960526545,0.0,1.202,0.0,-0.0,0.0,1
2012-07-20 19:30:00+00:00,0.0394215,0.15178843917874998,0.040989490162499996,0.0,1.264,4.48626710276316,4.4862671,0.3333293606578973,0.0,1.264,0.0,-0.0,0.0,1
2012-07-20 20:00:00+00:00,0.0399996,0.152449642499,0.04159058409,0.0,1.049,3.9341618396052658,3.9341618,0.3509517027631608,0.0,1.049,0.0,-0.0,0.0,1
2012-07-20 20:30:00+00:00,0.0476256,0.161171899064,0.049519908239999993,0.0,1.008,3.403635523815792,3.4036355,0.3621696396052658,0.0,1.008,0.0,-0.0,0.0,1
2012-07-20 21:00:00+00:00,0.05068215,0.164667835767875,0.05269803251625,0.0,0.986,2.8846881553947394,2.8846882,0.364960523815792,0.0,0.986,0.0,-0.0,0.0,1
2012-07-20 21:30:00+00:00,0.04137105,0.154018241865125,0.04301658351375,0.0,1.012,2.352056576447371,2.3520566,0.35877775539473955,0.0,1.012,0.0,-0.0,0.0,1
2012-07-20 22:00:00+00:00,0.03951375,0.151893950346875,0.041085409406249995,0.0,1.021,1.9211824817105287,1.9211825,0.3466200764473708,0.0,0.81866078,0.20233921999999993,0.0,0.015367051717952704,1
2012-07-20 22:30:00+00:00,0.05103885,0.165075812284625,0.05306892025874999,0.0,0.858,1.4696035343421077,1.4696035,0.32950228171052864,0.0,0.858,0.0,-0.0,0.0,1
2012-07-20 23:00:00+00:00,0.0418323,0.15454579770575003,0.0434961797325,0.0,0.664,1.2833422553947393,1.2833423,0.18626123434210773,0.0,0.35389643,0.31010357000000005,0.0,0.02396260179852545,1
2012-07-20 23:30:00+00:00,0.0454485,0.15868183549625,0.0472562140875,0.0,0.252,1.150710676447371,1.1507107,0.28334225539473934,0.0,0.252,0.0,-0.0,0.0,1
2012-07-21 00:00:00+00:00,0.04404015,0.10757103166287499,0.045791846966249994,0.0,0.183,1.150710676447371,1.1507107,2.355262918030121e-08,0.0,0.0,0.183,0.0,0.009842749397153062,1
2012-07-21 00:30:00+00:00,0.04097745,0.10406806088112501,0.04260732807374999,0.0,0.144,1.150710676447371,1.1507107,2.355262918030121e-08,0.0,0.0,0.144,0.0,0.0074929003834410006,1
2012-07-21 01:00:00+00:00,0.03978435,0.102703449773375,0.041366772521250005,0.0,0.137,1.8632106764473708,1.8632107,0.7125000235526291,1.5,0.0,1.637,0.0,0.08406277363950744,1
2012-07-21 01:30:00+00:00,0.0404793,0.10349830057325,0.042089364157499996,0.0,0.16,2.296375241447371,2.2963752,0.43316452355262913,0.9119254,0.0,1.0719254,0.0,0.05547122862065062,1
2012-07-21 02:00:00+00:00,0.03814845,0.10083238505862502,0.03966580459875,0.0,0.121,3.0088752414473707,3.0088752,0.712499958552629,1.5,0.0,1.621,0.0,0.08172464809001558,1
2012-07-21 02:30:00+00:00,0.03590985,0.098271980712125,0.037338164283749996,0.0,0.168,3.7213752414473706,3.7213752,0.7124999585526295,1.5,0.0,1.668,0.0,0.08195883191391225,1
2012-07-21 03:00:00+00:00,0.0346122,0.09678779028050001,0.035988900255,0.0,0.122,4.433875241447371,4.4338752,0.7124999585526295,1.5,0.0,1.6219999999999999,0.0,0.0784948979174855,1
2012-07-21 03:30:00+00:00,0.0339603,0.09604217802575002,0.0353110709325,0.0,0.149,5.146375241447371,5.1463752,0.7124999585526286,1.5,0.0,1.649,0.0,0.07918677578223089,1
2012-07-21 04:00:00+00:00,0.0331977,0.09516995236925002,0.0345181385175,0.0,0.146,5.858875241447372,5.8588752,0.7124999585526286,1.5,0.0,1.646,0.0,0.07832487079989277,1
2012-07-21 04:30:00+00:00,0.03337605,0.09537394062762501,0.034703582388749994,0.0,0.122,6.571375241447372,6.5713752,0.7124999585526286,1.5,0.0,1.6219999999999999,0.0,0.07734826584900388,1
2012-07-21 05:00:00+00:00,0.03379425,0.32575225792312507,0.03513841629375,0.0,0.165,6.484533136184214,6.4845331,0.08369424144737181,0.0,0.165,0.0,-0.0,0.0,1
2012-07-21 05:30:00+00:00,0.0343416,0.326378290854,0.035707537139999995,0.0,0.119,6.421901557236845,6.4219016,0.08890533618421426,0.0,0.119,0.0,-0.0,0.0,1
2012-07-21 06:00:00+00:00,0.0339849,0.32597031433725,0.035336649397499996,0.0,0.143,6.346638399342108,6.3466384,0.098564957236845,0.0,0.143,0.0,-0.0,0.0,1
2012-07-21 06:30:00+00:00,0.03434775,0.326385324931875,0.035713931756250004,0.0,0.141,6.272427873026319,6.2724279,0.11220279934210797,0.0,0.141,0.0,-0.0,0.0,1
2012-07-21 07:00:00+00:00,0.0346737,0.32675813105925006,0.0360528464175,0.0,0.118,6.210322609868425,6.2103226,0.1271149730263188,0.0,0.118,0.0,-0.0,0.0,1
2012-07-21 07:30:00+00:00,0.03615585,0.32845334382712504,0.03759394893375,0.0,0.157,6.127691030921056,6.127691,0.1371090098684249,0.0,0.157,0.0,-0.0,0.0,1
2012-07-21 08:00:00+00:00,0.03556545,0.32777807235112505,0.03698006577375,0.006,0.18,6.036112083552635,6.0361121,0.14402453092105638,0.0,0.174,0.0,-0.0,0.0,1
2012-07-21 08:30:00+00:00,0.0397659,0.33258234753975,0.0413475886725,0.006,0.616,5.715059451973688,5.7150595,0.14668448355263486,0.0,0.61,0.0,-0.0,0.0,1
2012-07-21 09:00:00+00:00,0.0436527,0.33702788475675,0.0453889861425,0.031,0.616,5.407164715131582,5.4071647,0.14419505197368832,0.0,0.585,0.0,-0.0,0.0,1
2012-07-21 09:30:00+00:00,0.04400325,0.33742882719562506,0.045753479268749994,0.056,0.581,5.130848925657898,5.1308489,0.13601321513158204,0.0,0.525,0.0,1.1102230246251565e-16,-2.5398283070438007e-18,1
2012-07-21 10:00:00+00:00,0.04229355,0.33547335354637503,0.04397577595125,0.05,0.885,4.691375241447372,4.6913752,0.12201812565789805,0.0,0.835,0.0,-0.0,0.0,1
2012-07-21 10:30:00+00:00,0.0402333,0.33311693745825005,0.041833579507499996,0.081,0.624,4.405585767763162,4.4055858,0.10258344144737208,0.0,0.543,0.0,-0.0,0.0,1
2012-07-21 11:00:00+00:00,0.0390771,0.15139453081775,0.040631391652499994,0.131,0.484,4.405585767763162,4.4055858,3.223683808784017e-08,0.0,0.0,0.353,0.0,0.026721134689332876,1
2012-07-21 11:30:00+00:00,0.03629115,0.14820809354037498,0.03773463049125,0.238,0.802,4.405585767763162,4.4055858,3.223683808784017e-08,0.0,0.0,0.5640000000000001,0.0,0.041794682378385746,1
2012-07-21 12:00:00+00:00,0.03830835,0.15051527108337498,0.03983206462124999,0.113,0.473,4.405585767763162,4.4055858,3.223683808784017e-08,0.0,0.0,0.36,0.0,0.027092748795007494,1
2012-07-21 12:30:00+00:00,0.0378471,0.14998771524274998,0.03935246840249999,0.106,0.332,4.405585767763162,4.4055858,0.002430832236838043,0.0,0.0,0.22600000000000003,0.0,0.01694861182243075,1
2012-07-21 13:00:00+00:00,0.0346614,0.14634406290350002,0.036040057185,0.1,0.409,4.405585767763162,4.4055858,0.022526232236837807,0.0,0.0,0.30899999999999994,0.0,0.022610157718590748,1
2012-07-21 13:30:00+00:00,0.0348951,0.14661135786274998,0.0362830526025,0.094,0.368,4.405585767763162,4.4055858,0.03647663223683839,0.0,0.0,0.274,0.0,0.020085756027196748,1
2012-07-21 14:00:00+00:00,0.0346737,0.14635813105925,0.0360528464175,0.05,0.427,4.405585767763162,4.4055858,0.042228732236837985,0.0,0.0,0.377,0.0,0.027588507704668624,1
2012-07-21 14:30:00+00:00,0.0344154,0.1460626997885,0.035784272534999995,0.069,0.473,4.405585767763162,4.4055858,0.03832973223683833,0.0,0.0,0.40399999999999997,0.0,0.029504665357277,1
2012-07-21 15:00:00+00:00,0.03444615,0.146097870177875,0.03581624561625,0.181,0.484,4.405585767763162,4.4055858,0.02415013223683804,0.0,0.0,0.303,0.0,0.022133827331948065,1
2012-07-21 15:30:00+00:00,0.0347352,0.146428471838,0.03611679258,0.088,0.486,4.405585767763162,4.4055858,1.2732236838175481e-05,0.0,0.0,0.398,0.0,0.029139265895762004,1
2012-07-21 16:00:00+00:00,0.0377733,0.14990330630825,0.0392757330075,0.038,0.391,4.405585767763162,4.4055858,3.223683808784017e-08,0.0,0.0,0.35300000000000004,0.0,0.026457933563406127,1
2012-07-21 16:30:00+00:00,0.0390279,0.15133825819475002,0.0405802347225,0.019,0.481,4.405585767763162,4.4055858,3.223683808784017e-08,0.0,0.0,0.46199999999999997,0.0,0.034959137642987255,1
2012-07-21 17:00:00+00:00,0.0407868,0.15335000446699998,0.04240909496999999,0.05,0.473,4.182954188815794,4.1829542,0.1279186677631614,0.0,0.423,0.0,-0.0,0.0,1
2012-07-21 17:30:00+00:00,0.0440955,0.15713433836375,0.04584939851249999,0.0,0.463,3.939269978289478,3.93927,0.1768537888157935,0.0,0.463,0.0,-0.0,0.0,1
2012-07-21 18:00:00+00:00,0.05033775,0.164273927406875,0.05233993400625,0.0,0.663,3.590322609868425,3.5903226,0.22358637828947758,0.0,0.663,0.0,-0.0,0.0,1
2012-07-21 18:30:00+00:00,0.0507006,0.1646889380015,0.05271721636499999,0.0,1.158,2.9808489256578987,2.9808489,0.2653339098684251,0.0,1.158,0.0,-0.0,0.0,1
2012-07-21 19:00:00+00:00,0.0454977,0.15873810811925002,0.0473073710175,0.0,0.898,2.50821734671053,2.5082173,0.29947842565789884,0.0,0.898,0.0,-0.0,0.0,1
2012-07-21 19:30:00+00:00,0.0404178,0.1529279597945,0.042025417994999995,0.0,0.744,2.2314863625000037,2.2314864,0.2767309467105301,0.0,0.52578887,0.21821113000000003,0.0,0.016685291457676207,1
2012-07-21 20:00:00+00:00,0.0397044,0.152112006761,0.041283642509999996,0.0,0.805,2.2314863625000037,2.2314864,3.7499996441425765e-08,0.0,0.0,0.805,0.0,0.061225082721302504,1
2012-07-21 20:30:00+00:00,0.03958755,0.15197835928137501,0.041162144801249995,0.0,0.77,2.2314863625000037,2.2314864,3.7499996441425765e-08,0.0,0.0,0.77,0.0,0.05851166832332938,1
2012-07-21 21:00:00+00:00,0.0396183,0.15201352967075002,0.0411941178825,0.0,0.723,2.2314863625000037,2.2314864,3.7499996441425765e-08,0.0,0.0,0.723,0.0,0.05495289097597613,1
2012-07-21 21:30:00+00:00,0.04233045,0.15511555801362498,0.04401414364875,0.0,0.536,1.949381099342109,1.9493811,0.3467988625000036,0.0,0.536,0.0,-0.0,0.0,1
2012-07-21 22:00:00+00:00,0.0389541,0.15125384926024998,0.04050349932749999,0.0,0.535,1.8846874730263194,1.8846875,0.06469359934210894,0.0,0.12291789,0.41208211000000006,0.0,0.031164502674392882,1
2012-07-21 22:30:00+00:00,0.0410451,0.15364543573775,0.042677668852499996,0.0,0.608,1.5646874730263194,1.5646875,0.3173725730263195,0.0,0.608,0.0,-0.0,0.0,1
2012-07-21 23:00:00+00:00,0.0407622,0.1533218681555,0.042383516504999996,0.0,0.529,1.2862664203947405,1.2862664,0.29353797302631945,0.0,0.529,0.0,-0.0,0.0,1
2012-07-21 23:30:00+00:00,0.04180155,0.15451062731637502,0.043464206651250004,0.0,0.27,1.1441611572368457,1.1441612,0.2711495203947405,0.0,0.27,0.0,-0.0,0.0,1
2012-07-22 00:00:00+00:00,0.04090365,0.10398365194662501,0.04253059267874999,0.0,0.183,1.1441611572368457,1.1441612,4.276315435092215e-08,0.0,0.0,0.183,0.0,0.009514504153116188,1
2012-07-22 00:30:00+00:00,0.0393231,0.10217589393275002,0.0408871763025,0.0,0.132,1.4104781152368457,1.4104781,0.4104781427631543,0.56066728,0.0,0.69266728,0.0,0.03538694926598323,1
2012-07-22 01:00:00+00:00,0.03894795,0.10174681518237501,0.04049710471125,0.0,0.128,2.1229781152368457,2.1229781,0.7124999847631543,1.5,0.0,1.6280000000000001,0.0,0.08282190755845326,1
2012-07-22 01:30:00+00:00,0.0395076,0.10238691626900001,0.04107901479,0.0,0.152,2.1229781152368457,2.1229781,1.523684556303806e-08,0.0,0.0,0.152,0.0,0.007781405636444001,1
2012-07-22 02:00:00+00:00,0.0382653,0.10096603253825003,0.0397873023075,0.0,0.107,2.8354781152368456,2.8354781,0.7124999847631543,1.5,0.0,1.607,0.0,0.08112620714448389,1
2012-07-22 02:30:00+00:00,0.0359898,0.09836342372450002,0.037421294295000004,0.0,0.168,3.5479781152368455,3.5479781,0.7124999847631543,1.5,0.0,1.668,0.0,0.08203509538623302,1
2012-07-22 03:00:00+00:00,0.03567,0.097997651675,0.03708877425,0.0,0.123,4.260478115236845,4.2604781,0.7124999847631548,1.5,0.0,1.623,0.0,0.07952509433426251,1
2012-07-22 03:30:00+00:00,0.0342432,0.09636574560800001,0.035605223279999994,0.0,0.141,4.972978115236845,4.9729781,0.7124999847631548,1.5,0.0,1.641,0.0,0.079068094271364,1
2012-07-22 04:00:00+00:00,0.0342432,0.09636574560800001,0.035605223279999994,0.0,0.135,5.685478115236846,5.6854781,0.7124999847631548,1.5,0.0,1.635,0.0,0.07877899703454001,1
2012-07-22 04:30:00+00:00,0.03444615,0.09659787017787502,0.03581624561625,0.0,0.102,6.397978115236846,6.3979781,0.7124999847631539,1.5,0.0,1.602,0.0,0.0773748940124779,1
2012-07-22 05:00:00+00:00,0.03444615,0.32649787017787507,0.03581624561625,0.0,0.145,6.321662325763162,6.3216623,0.07272221523684586,0.0,0.145,0.0,-0.0,0.0,1
2012-07-22 05:30:00+00:00,0.0343416,0.326378290854,0.035707537139999995,0.0,0.105,6.266399167868426,6.2663992,0.07816112576316225,0.0,0.105,0.0,-0.0,0.0,1
2012-07-22 06:00:00+00:00,0.0340464,0.326040655116,0.03540059556,0.0,0.151,6.186925483657899,6.1869255,0.08806536786842578,0.0,0.151,0.0,-0.0,0.0,1
2012-07-22 06:30:00+00:00,0.0345876,0.32665965396900004,0.03596332179,0.0,0.143,6.111662325763162,6.1116623,0.10196378365789904,0.0,0.143,0.0,-0.0,0.0,1
2012-07-22 07:00:00+00:00,0.0345753,0.32664558581325004,0.0359505325575,0.0,0.127,6.044820220500005,6.0448202,0.11715362576316224,0.0,0.127,0.0,-0.0,0.0,1
2012-07-22 07:30:00+00:00,0.0342555,0.32627981376375004,0.035618012512500005,0.006,0.316,5.881662325763163,5.8816623,0.1274467205000045,0.0,0.31,0.0,-0.0,0.0,1
2012-07-22 08:00:00+00:00,0.03447075,0.3265260064893751,0.03584182408125,0.013,0.309,5.725872852078952,5.7258729,0.13467842576316258,0.0,0.296,0.0,-0.0,0.0,1
2012-07-22 08:30:00+00:00,0.0387081,0.33137248614525,0.0402477146775,0.044,0.394,5.541662325763163,5.5416623,0.137670452078952,0.0,0.35,5.551115123125783e-17,0.0,9.197434096143431e-18,1
2012-07-22 09:00:00+00:00,0.0407622,0.33372186815550003,0.042383516504999996,0.106,0.407,5.383241273131584,5.3832413,0.13552752576316252,0.0,0.301,0.0,-0.0,0.0,1
2012-07-22 09:30:00+00:00,0.04335135,0.33668321494087505,0.04507564994625,0.25,0.129,5.440716273131584,5.4407163,0.12770487313158352,0.121,0.0,0.0,-0.0,0.0,1
2012-07-22 10:00:00+00:00,0.0427548,0.33600090938700006,0.04445537217,0.231,0.26,5.425453115236848,5.4254531,0.1140797731315839,0.0,0.029,0.0,3.469446951953614e-18,-7.711777773658501e-20,1
2012-07-22 10:30:00+00:00,0.042189,0.33535377422250007,0.043867067475,0.169,0.613,5.191768904710532,5.1917689,0.09502441523684801,0.0,0.444,0.0,5.551115123125783e-17,-1.2175557083382582e-18,1
2012-07-22 11:00:00+00:00,0.03940305,0.151767336945125,0.040970306313749996,0.231,0.308,5.1512425889210585,5.1512426,0.07146340471053225,0.0,0.077,0.0,1.3877787807814457e-17,-2.842886087216917e-19,1
2012-07-22 11:30:00+00:00,0.0390525,0.15136639450625,0.04060581318749999,0.113,0.323,5.040716273131585,5.0407163,0.04489698892105842,0.0,0.21,2.7755575615628914e-17,0.0,2.1006307041916694e-18,1
2012-07-22 12:00:00+00:00,0.03795165,0.15010729456662503,0.039461176878750004,0.331,0.516,4.943347852078953,4.9433479,0.017362973131584525,0.0,0.185,0.0,-0.0,0.0,1
2012-07-22 12:30:00+00:00,0.03741045,0.14948829571362499,0.03889845064874999,0.206,0.261,4.914400483657901,4.9144005,0.007832947921047051,0.0,0.055,2.0816681711721685e-17,0.0,1.5559251357491302e-18,1
2012-07-22 13:00:00+00:00,0.0355224,0.147328833806,0.03693530346,0.263,0.204,4.942425483657901,4.9424255,0.027569116342099242,0.059,0.0,0.0,-0.0,0.0,1
2012-07-22 13:30:00+00:00,0.0343416,0.14597829085400002,0.035707537139999995,0.506,1.086,4.942425483657901,4.9424255,0.04116221634209882,0.0,0.0,0.5800000000000001,0.0,0.04233370434766001,1
2012-07-22 14:00:00+00:00,0.03444615,0.146097870177875,0.03581624561625,0.531,1.157,4.942425483657901,4.9424255,0.04656031634209867,0.0,0.0,0.626,0.0,0.04572863336567488,1
2012-07-22 14:30:00+00:00,0.0342432,0.145865745608,0.035605223279999994,0.456,0.86,4.942425483657901,4.9424255,0.0423116163420989,0.0,0.0,0.40399999999999997,0.0,0.029464880612815998,1
2012-07-22 15:00:00+00:00,0.0344646,0.1461189724115,0.03583542946499999,0.313,0.418,4.942425483657901,4.9424255,0.02778751634209886,0.0,0.0,0.10499999999999998,0.0,0.007671246051603748,1
2012-07-22 15:30:00+00:00,0.03463065,0.146308892514125,0.03600808410375,0.2,0.455,4.942425483657901,4.9424255,0.003310716342098452,0.0,0.0,0.255,0.0,0.018654383795550938,1
2012-07-22 16:00:00+00:00,0.03618045,0.14808148013862502,0.03761952739875,0.106,0.484,4.824506225763164,4.8245062,0.033063783657901524,0.0,0.22404659,0.15395341,0.0,0.011398824412594297,1
2012-07-22 16:30:00+00:00,0.03727515,0.149333546000375,0.03875776909125,0.144,0.543,4.614506225763164,4.6145062,0.07707142576316439,0.0,0.399,0.0,-0.0,0.0,1
2012-07-22 17:00:00+00:00,0.04019025,0.152667698913125,0.041788817193749994,0.013,0.519,4.34819043628948,4.3481904,0.12536742576316406,0.0,0.506,0.0,-0.0,0.0,1
2012-07-22 17:30:00+00:00,0.04504875,0.158224620434375,0.04684056403125,0.0,0.628,4.017664120500006,4.0176641,0.17466613628947947,0.0,0.628,0.0,-0.0,0.0,1
2012-07-22 18:00:00+00:00,0.0552147,0.16985195116175,0.057410864692499994,0.0,0.648,3.676611488921059,3.6766115,0.22176212050000643,0.0,0.648,0.0,-0.0,0.0,1
2012-07-22 18:30:00+00:00,0.059532,0.17478987383,0.0618998853,0.0,0.682,3.317664120500006,3.3176641,0.2638730889210592,0.0,0.682,0.0,-0.0,0.0,1
2012-07-22 19:00:00+00:00,0.05362185,0.168030124992125,0.05575465908374999,0.0,0.681,2.959243067868427,2.9592431,0.29838122050000626,0.0,0.681,0.0,-0.0,0.0,1
2012-07-22 19:30:00+00:00,0.0438126,0.1568107707815,0.045555246165,0.0,1.4,2.222400962605269,2.222401,0.3211929678684271,0.0,1.4,0.0,-0.0,0.0,1
2012-07-22 20:00:00+00:00,0.0455961,0.15885065336525,0.0474096848775,0.0,0.562,1.9266114889210586,1.9266115,0.33899416260526927,0.0,0.562,0.0,-0.0,0.0,1
2012-07-22 20:30:00+00:00,0.049938,0.163816712345,0.051924283950000004,0.006,0.623,1.6018746468157954,1.6018746,0.3504056889210585,0.0,0.617,0.0,-0.0,0.0,1
2012-07-22 21:00:00+00:00,0.0460389,0.15935710697225,0.04787009724749999,0.0,0.503,1.3371378047105322,1.3371378,0.3534065468157954,0.0,0.503,0.0,-0.0,0.0,1
2012-07-22 21:30:00+00:00,0.0422628,0.15503818315700002,0.04394380287000001,0.0,0.431,1.1102956994473743,1.1102957,0.33713780471053223,0.0,0.431,0.0,-0.0,0.0,1
2012-07-22 22:00:00+00:00,0.03838215,0.150599680017875,0.03990880001624999,0.0,0.51,1.1102956994473743,1.1102957,5.526257229604425e-10,0.0,0.0,0.51,0.0,0.038402918404558124,1
2012-07-22 22:30:00+00:00,0.03865275,0.15090917944437499,0.04019016313125,0.0,0.53,1.0,1.0,0.11029569944737427,0.0,0.20956183,0.32043817,0.0,0.02417853064867857,1
2012-07-22 23:00:00+00:00,0.0369,0.14890446725,0.038367697500000006,0.0,0.494,1.0,1.0,0.0,0.0,0.0,0.494,0.0,0.03677940341075,1
2012-07-22 23:30:00+00:00,0.03555315,0.147364004195375,0.03696727654124999,0.0,0.646,1.0,1.0,0.0,0.0,0.0,0.646,0.0,0.04759857335510612,1
2012-07-23 00:00:00+00:00,0.0345015,0.09666117687874999,0.03587379716249999,0.0,0.333,1.7125,1.7125,0.7124999999999999,1.5,0.0,1.833,0.0,0.08858996860937436,1
2012-07-23 00:30:00+00:00,0.0342432,0.09636574560800001,0.035605223279999994,0.0,0.165,2.425,2.425,0.7124999999999999,1.5,0.0,1.665,0.0,0.08022448321866002,1
2012-07-23 01:00:00+00:00,0.0338988,0.095971837247,0.03524712477,0.0,0.155,3.1374999999999997,3.1375,0.7125000000000004,1.5,0.0,1.655,0.0,0.0794166953218925,1
2012-07-23 01:30:00+00:00,0.0353748,0.09766001593700001,0.03678183266999999,0.0,0.105,3.7249999975,3.725,0.5875000000000004,1.2368421,0.0,1.3418421,0.0,0.06552216043546878,1
2012-07-23 02:00:00+00:00,0.03406485,0.09616175734962502,0.03541977940875,0.0,0.145,4.4374999975,4.4375,0.7125000025000001,1.5,0.0,1.645,0.0,0.07909304542006658,1
2012-07-23 02:30:00+00:00,0.03413865,0.09624616628412502,0.03549651480375,0.0,0.117,5.1499999975,5.15,0.7125000025000006,1.5,0.0,1.617,0.0,0.07781502544071509,1
2012-07-23 03:00:00+00:00,0.0329763,0.09491672556575002,0.0342879323325,0.0,0.119,5.8624999975000005,5.8625,0.7125000024999997,1.5,0.0,1.619,0.0,0.07683508934547464,1
2012-07-23 03:30:00+00:00,0.03310545,0.09506444120112499,0.03442221927375,0.0,0.153,6.574999997500001,6.575,0.7125000024999997,1.5,0.0,1.653,0.0,0.0785707606527298,1
2012-07-23 04:00:00+00:00,0.03314235,0.09510664566837501,0.03446058697125,0.0,0.096,7.287499997500001,7.2875,0.7125000024999988,1.5,0.0,1.596,0.0,0.07589510324336327,1
2012-07-23 04:30:00+00:00,0.0337881,0.09584522384525002,0.0351320216775,0.0,0.143,7.999999997500002,8.0,0.7125000024999988,1.5,0.0,1.643,0.0,0.07873685138887289,1
2012-07-23 05:00:00+00:00,0.0341079,0.32611099589475007,0.0354645417225,0.0,0.12,7.936842102763159,7.9368421,0.07695989750000187,0.0,0.12,0.0,-0.0,0.0,1
2012-07-23 05:30:00+00:00,0.0359529,0.32822121925725,0.037382926597500005,0.0,0.116,7.875789471184212,7.8757895,0.0825363027631596,0.0,0.116,0.0,-0.0,0.0,1
2012-07-23 06:00:00+00:00,0.03689385,0.32929743317212506,0.03836130288375,0.0,0.145,7.799473681710528,7.7994737,0.09256507118421187,0.0,0.145,0.0,-0.0,0.0,1
2012-07-23 06:30:00+00:00,0.0450795,0.33865979082375003,0.046872537112499994,0.0,0.092,7.7510526290789485,7.7510526,0.10657548171052778,0.0,0.092,0.0,-0.0,0.0,1
2012-07-23 07:00:00+00:00,0.0590031,0.3545849431327501,0.0613499483025,0.0,0.138,7.67842105013158,7.6784211,0.12186642907894818,0.0,0.138,0.0,-0.0,0.0,1
2012-07-23 07:30:00+00:00,0.0505407,0.34490605197675006,0.052550956342499996,0.0,0.114,7.61842105013158,7.6184211,0.13225535013157952,0.0,0.114,0.0,-0.0,0.0,1
2012-07-23 08:00:00+00:00,0.06026385,0.356026929097125,0.06266084463374999,0.019,0.174,7.536842102763159,7.5368421,0.13957425013157998,0.0,0.155,0.0,-0.0,0.0,1
2012-07-23 08:30:00+00:00,0.05822205,0.35369161524262505,0.060537832038749996,0.044,0.618,7.234736839605264,7.2347368,0.14264510276315878,0.0,0.574,0.0,-0.0,0.0,1
2012-07-23 09:00:00+00:00,0.05273625,0.34741721777812506,0.05483383434374999,0.106,0.578,6.986315786973686,6.9863158,0.14057203960526454,0.0,0.472,0.0,-0.0,0.0,1
2012-07-23 09:30:00+00:00,0.0538371,0.34867631771775004,0.055978470652499994,0.219,1.104,6.520526313289475,6.5205263,0.13280978697368528,0.0,0.885,1.1102230246251565e-16,0.0,1.9355423803588125e-17,1
2012-07-23 10:00:00+00:00,0.04546695,0.33910293772987504,0.04727539793624999,0.156,1.159,5.992631576447369,5.9926316,0.1192354132894744,0.0,1.003,2.220446049250313e-16,0.0,3.76479889185738e-17,1
2012-07-23 10:30:00+00:00,0.04547925,0.33911700588562504,0.047288187168749996,0.119,1.087,5.483157892236843,5.4831579,0.10022047644736887,0.0,0.968,0.0,-0.0,0.0,1
2012-07-23 11:00:00+00:00,0.0443661,0.15744383779025,0.046130761627499996,0.125,1.038,5.483157892236843,5.4831579,7.763157228168893e-09,0.0,0.0,0.913,0.0,0.07187311195124912,1
2012-07-23 11:30:00+00:00,0.04340055,0.156339487563875,0.04512680687625,0.244,0.552,5.483157892236843,5.4831579,7.763157228168893e-09,0.0,0.0,0.30800000000000005,0.0,0.024076281084836754,1
2012-07-23 12:00:00+00:00,0.0401349,0.15260439221225,0.0417312656475,0.375,0.261,5.537307892236843,5.5373079,7.763157228168893e-09,0.114,0.0,0.0,-0.0,0.0,1
2012-07-23 12:30:00+00:00,0.03950145,0.151879882191125,0.04107262017375,0.344,0.262,5.576257892236843,5.5762579,0.00309710776315697,0.082,0.0,5.551115123125783e-17,0.0,4.215513554648581e-18,1
2012-07-23 13:00:00+00:00,0.0377979,0.14993144261975,0.0393013114725,0.35,0.231,5.632782892236842,5.6327829,0.02284860776315778,0.119,0.0,0.0,-0.0,0.0,1
2012-07-23 13:30:00+00:00,0.03760725,0.149713386205625,0.039103078368749995,0.219,0.484,5.632782892236842,5.6327829,0.0364686077631573,0.0,0.0,0.265,0.0,0.019837023672245314,1
2012-07-23 14:00:00+00:00,0.03856665,0.150810702354125,0.040100638503749994,0.506,0.474,5.6479828922368425,5.6479829,0.0419055077631576,0.032,0.0,0.0,-0.0,0.0,1
2012-07-23 14:30:00+00:00,0.03702915,0.149052182885375,0.03850198444125,0.494,0.486,5.6517828922368425,5.6517829,0.03770740776315762,0.008,0.0,0.0,-0.0,0.0,1
2012-07-23 15:00:00+00:00,0.0354486,0.1472444248715,0.03685856806499999,0.238,0.362,5.6517828922368425,5.6517829,0.023244707763157457,0.0,0.0,0.124,0.0,0.009129154342033,1
2012-07-23 15:30:00+00:00,0.0343416,0.14597829085400002,0.035707537139999995,0.119,0.349,5.6517828922368425,5.6517829,7.763157228168893e-09,0.0,0.0,0.22999999999999998,0.0,0.016787503448210003,1
2012-07-23 16:00:00+00:00,0.0371337,0.14917176220925002,0.038610692917499995,0.231,0.352,5.6517828922368425,5.6517829,7.763157228168893e-09,0.0,0.0,0.12099999999999997,0.0,0.009024891613659623,1
2012-07-23 16:30:00+00:00,0.04073145,0.15328669776612502,0.04235154342375,0.094,0.423,5.6517828922368425,5.6517829,7.763157228168893e-09,0.0,0.0,0.32899999999999996,0.0,0.025215661782527564,1
2012-07-23 17:00:00+00:00,0.05256405,0.166820263597625,0.05465478508875,0.0,0.416,5.43283552381579,5.4328355,0.13004409223684288,0.0,0.416,0.0,-0.0,0.0,1
2012-07-23 17:30:00+00:00,0.0541938,0.16868429423450002,0.05634935839499999,0.0,1.435,4.677572365921053,4.6775724,0.17924542381578945,0.0,1.435,0.0,-0.0,0.0,1
2012-07-23 18:00:00+00:00,0.15277215,0.281433528492875,0.15884866226624997,0.0,1.166,4.0638881553947375,4.0638882,0.3958234659210529,0.0,1.166,0.0,-0.0,0.0,1
2012-07-23 18:30:00+00:00,0.1793709,0.31185591530225004,0.1865053775475,0.0,2.046,3.274414471184211,3.2744145,0.7894736553947377,0.0,1.5,0.5459999999999998,0.0,0.08513666487751423,1
2012-07-23 19:00:00+00:00,0.16905735,0.30005976670587503,0.17578160609625,0.006,1.648,2.4849407869736844,2.4849408,0.789473671184211,0.0,1.5,0.1419999999999999,0.0,0.02130424343611711,1
2012-07-23 19:30:00+00:00,0.1021884,0.22357823797100002,0.10625294361,0.0,1.134,1.8880986817105265,1.8880987,0.32541488697368415,0.0,1.134,0.0,-0.0,0.0,1
2012-07-23 20:00:00+00:00,0.0748947,0.19236100036175,0.07787363669249998,0.0,1.124,1.2965197343421053,1.2965197,0.3431346817105265,0.0,1.124,0.0,-0.0,0.0,1
2012-07-23 20:30:00+00:00,0.06224415,0.17789190217287498,0.06471991106625,0.0,0.822,1.0,1.0,0.2965197343421053,0.0,0.5633875,0.2586124999999999,0.0,0.023002534775341307,1
2012-07-23 21:00:00+00:00,0.0587448,0.173889511862,0.061081374419999994,0.0,0.597,1.0,1.0,0.0,0.0,0.0,0.597,0.0,0.051906019290806994,1
2012-07-23 21:30:00+00:00,0.04490115,0.158055802565375,0.04668709324125,0.0,0.574,1.0,1.0,0.0,0.0,0.0,0.574,0.0,0.04536201533626262,1
2012-07-23 22:00:00+00:00,0.038499,0.1507333274975,0.040030297725,0.0,0.615,1.0,1.0,0.0,0.0,0.0,0.615,0.0,0.046350498205481254,1
2012-07-23 22:30:00+00:00,0.05167845,0.16580735638362498,0.05373396034874999,0.0,0.496,1.0,1.0,0.0,0.0,0.0,0.496,0.0,0.041120224383139,1
2012-07-23 23:00:00+00:00,0.04092825,0.153511788258125,0.042556171143749995,0.0,0.567,1.0,1.0,0.0,0.0,0.0,0.567,0.0,0.043520591971178434,1
2012-07-23 23:30:00+00:00,0.04037475,0.152878721249375,0.04198065568125,0.0,0.539,1.0,1.0,0.0,0.0,0.0,0.539,0.0,0.041200815376706564,1
2012-07-24 00:00:00+00:00,0.03860355,0.10135290682137499,0.040139006201249994,0.0,0.595,1.5456489825,1.545649,0.2662004,1.1487347,0.0,1.7437347,0.0,0.08836629028514914,1
2012-07-24 00:30:00+00:00,0.03898485,0.10178901964962503,0.04053547240875,0.0,0.587,1.5456489825,1.545649,1.7500000115688863e-08,0.0,0.0,0.587,0.0,0.029875077267164943,1
2012-07-24 01:00:00+00:00,0.0371091,0.09964362589775001,0.03858511445249999,0.0,0.549,2.2581489825,2.258149,0.7125000175,1.5,0.0,2.049,0.0,0.10208489473224489,1
2012-07-24 01:30:00+00:00,0.0377241,0.10034703368525001,0.039224576077500004,0.0,0.231,2.9706489824999998,2.970649,0.7125000175,1.5,0.0,1.731,0.0,0.08685035765458389,1
2012-07-24 02:00:00+00:00,0.0342801,0.09640795007524999,0.03564359097749999,0.0,0.122,3.6831489824999997,3.683149,0.7125000175,1.5,0.0,1.6219999999999999,0.0,0.07818684751102774,1
2012-07-24 02:30:00+00:00,0.0343908,0.09653456347700001,0.03575869406999999,0.0,0.155,4.395648982499999,4.395649,0.7125000175,1.5,0.0,1.655,0.0,0.07988235127721752,1
2012-07-24 03:00:00+00:00,0.03384345,0.09590853054612498,0.03518957322374999,0.0,0.115,5.1081489824999995,5.108149,0.7125000175000009,1.5,0.0,1.615,0.0,0.07744613841599593,1
2012-07-24 03:30:00+00:00,0.0326196,0.094508749049,0.033917044589999994,0.0,0.134,5.8206489825,5.820649,0.7125000175000009,1.5,0.0,1.634,0.0,0.077213647973033,1
2012-07-24 04:00:00+00:00,0.0322014,0.09403043175350001,0.033482210685,0.0,0.147,6.5331489825,6.533149,0.7125000175,1.5,0.0,1.647,0.0,0.07743406054900726,1
2012-07-24 04:30:00+00:00,0.0339234,0.09599997355850001,0.035272703235,0.0,0.103,7.245648982500001,7.245649,0.7125000175,1.5,0.0,1.603,0.0,0.07694397880713776,1
2012-07-24 05:00:00+00:00,0.0343416,0.326378290854,0.035707537139999995,0.0,0.15,7.166701614078948,7.1667016,0.0799702825000006,0.0,0.15,0.0,-0.0,0.0,1
2012-07-24 05:30:00+00:00,0.03567,0.32789765167500007,0.03708877425,0.0,0.118,7.104596350921054,7.1045964,0.08551831407894817,0.0,0.118,0.0,-0.0,0.0,1
2012-07-24 06:00:00+00:00,0.03683235,0.32922709239337505,0.038297356721249995,0.0,0.127,7.037754245657896,7.0377542,0.09552305092105406,0.0,0.127,0.0,-0.0,0.0,1
2012-07-24 06:30:00+00:00,0.0418938,0.33501613848450007,0.043560125895,0.0,0.153,6.957227929868423,6.9572279,0.1095135456578964,0.0,0.153,0.0,-0.0,0.0,1
2012-07-24 07:00:00+00:00,0.0567399,0.35199640247475006,0.0589967295225,0.0,0.106,6.901438456184212,6.9014385,0.12479072986842255,0.0,0.106,0.0,-0.0,0.0,1
2012-07-24 07:30:00+00:00,0.04920615,0.34337965707787504,0.05116332461624999,0.0,0.137,6.829333193026317,6.8293332,0.13517655618421198,0.0,0.137,0.0,-0.0,0.0,1
2012-07-24 08:00:00+00:00,0.06111255,0.35699763184387506,0.06354330167625,0.006,0.33,6.658806877236843,6.6588069,0.1424999930263171,0.0,0.324,0.0,-0.0,0.0,1
2012-07-24 08:30:00+00:00,0.0608973,0.35675143911825,0.0633194901075,0.031,0.785,6.261964771973686,6.2619648,0.14558217723684308,0.0,0.754,0.0,-0.0,0.0,1
2012-07-24 09:00:00+00:00,0.0558297,0.35095535894925006,0.0580503263175,0.056,0.726,5.909333193026317,5.9093332,0.14352637197368612,0.0,0.67,0.0,1.1102230246251565e-16,-3.2224404432346086e-18,1
2012-07-24 09:30:00+00:00,0.05989485,0.35560488442462507,0.06227716765874999,0.075,0.731,5.56407003513158,5.56407,0.13578649302631707,0.0,0.656,0.0,-0.0,0.0,1
2012-07-24 10:00:00+00:00,0.04843125,0.3424933632656251,0.05035760296875,0.088,0.353,5.424596350921054,5.4245964,0.12223833513158056,0.0,0.265,0.0,-0.0,0.0,1
2012-07-24 10:30:00+00:00,0.04841895,0.342479295109875,0.05034481373625,0.138,0.349,5.313543719342107,5.3135437,0.10325245092105462,0.0,0.211,0.0,2.7755575615628914e-17,-6.9867464225562e-19,1
2012-07-24 11:00:00+00:00,0.0448458,0.1579924958645,0.046629541695,0.094,0.316,5.196701614078949,5.1967016,0.07975191934210724,0.0,0.222,0.0,-0.0,0.0,1
2012-07-24 11:30:00+00:00,0.04341285,0.156353555719625,0.04513959610875,0.094,0.373,5.049859508815791,5.0498595,0.0532356140789485,0.0,0.279,0.0,-0.0,0.0,1
2012-07-24 12:00:00+00:00,0.0467769,0.16020119631725,0.048637451197499994,0.05,0.385,4.8735437193421065,4.8735437,0.025739408815790732,0.0,0.335,0.0,-0.0,0.0,1
2012-07-24 12:30:00+00:00,0.04420005,0.157253917687625,0.04595810698875,0.088,0.592,4.608280561447369,4.6082806,0.00025168065789316074,0.0,0.504,0.0,-0.0,0.0,1
2012-07-24 13:00:00+00:00,0.0420537,0.15479902450925,0.0437263859175,0.063,0.735,4.254596350921053,4.2545964,0.01998063855263066,0.0,0.672,0.0,1.1102230246251565e-16,-2.427302021462685e-18,1
2012-07-24 13:30:00+00:00,0.03975975,0.15217531346187502,0.04134119405625,0.069,0.615,4.254596350921053,4.2545964,0.033582349078946194,0.0,0.0,0.546,0.0,0.041543860575091886,1
2012-07-24 14:00:00+00:00,0.0399504,0.152393369876,0.041539427159999996,0.081,0.525,4.254596350921053,4.2545964,0.039006349078946734,0.0,0.0,0.444,0.0,0.033831328112472,1
2012-07-24 14:30:00+00:00,0.03963675,0.152034631904375,0.04121330173125,0.125,0.356,4.254596350921053,4.2545964,0.03480134907894694,0.0,0.0,0.23099999999999998,0.0,0.01755999998495531,1
2012-07-24 15:00:00+00:00,0.03921855,0.15155631460887498,0.04077846782624999,0.088,0.209,4.254596350921053,4.2545964,0.020338049078946874,0.0,0.0,0.121,0.0,0.009169157033836936,1
2012-07-24 15:30:00+00:00,0.03832065,0.15052933923912498,0.039844853853749994,0.063,0.23,4.254596350921053,4.2545964,4.9078946240399546e-08,0.0,0.0,0.167,0.0,0.012569199826466936,1
2012-07-24 16:00:00+00:00,0.04282245,0.155678284243625,0.04452571294874999,0.038,0.414,4.254596350921053,4.2545964,4.9078946240399546e-08,0.0,0.0,0.376,0.0,0.029267517437801503,1
2012-07-24 16:30:00+00:00,0.04619265,0.159532958919125,0.04802996265375,0.013,0.501,3.9977542456578954,3.9977542,0.08503445092105366,0.0,0.488,0.0,-0.0,0.0,1
2012-07-24 17:00:00+00:00,0.05923065,0.17444520401412503,0.06158654910375,0.0,0.561,3.7024910877631587,3.7024911,0.13321694565789555,0.0,0.561,0.0,-0.0,0.0,1
2012-07-24 17:30:00+00:00,0.06388005,0.179762966887625,0.06642087898874999,0.0,0.606,3.3835437193421063,3.3835437,0.18240128776315867,0.0,0.606,0.0,-0.0,0.0,1
2012-07-24 18:00:00+00:00,0.14461725,0.272106341230625,0.15036940111875,0.0,0.376,3.185648982500001,3.185649,0.2293857193421065,0.0,0.376,0.0,-0.0,0.0,1
2012-07-24 18:30:00+00:00,0.08916885,0.208687095109625,0.09271554100875,0.0,0.487,2.929333193026317,2.9293332,0.27139018250000113,0.0,0.487,0.0,-0.0,0.0,1
2012-07-24 19:00:00+00:00,0.08916885,0.208687095109625,0.09271554100875,0.0,0.57,2.629333193026317,2.6293332,0.3057982930263168,0.0,0.57,0.0,-0.0,0.0,1
2012-07-24 19:30:00+00:00,0.0704667,0.18729646429175,0.0732695129925,0.0,0.829,2.193017403552633,2.1930174,0.328521193026317,0.0,0.829,0.0,-0.0,0.0,1
2012-07-24 20:00:00+00:00,0.0515862,0.1657018452155,0.05363804110499999,0.0,1.577,1.4035437193421065,1.4035437,0.3462281035526329,0.0,1.5,0.07699999999999996,0.0,0.006379521040796746,1
2012-07-24 20:30:00+00:00,0.05164155,0.165765151916375,0.05369559265124999,0.0,1.195,1.0,1.0,0.35753981934210644,0.0,0.76673307,0.42826693000000005,0.0,0.03549586635610477,1
2012-07-24 21:00:00+00:00,0.0505653,0.16453418828825,0.0525765348075,0.0,0.858,1.0,1.0,0.0,0.0,0.0,0.858,0.0,0.07058516677565925,1
2012-07-24 21:30:00+00:00,0.04417545,0.157225781376125,0.045932528523749995,0.0,0.803,1.0,1.0,0.0,0.0,0.0,0.803,0.0,0.06312615122251419,1
2012-07-24 22:00:00+00:00,0.03567615,0.14750468575287498,0.03709516886624999,0.0,0.653,1.0,1.0,0.0,0.0,0.0,0.653,0.0,0.04816027989831368,1
2012-07-24 22:30:00+00:00,0.04900935,0.162754566585875,0.050958696896249996,0.0,0.536,1.0,1.0,0.0,0.0,0.0,0.536,0.0,0.0436182238450145,1
2012-07-24 23:00:00+00:00,0.04035015,0.152850584937875,0.04195507721625,0.0,0.674,1.0,1.0,0.0,0.0,0.0,0.674,0.0,0.051510647124063884,1
2012-07-24 23:30:00+00:00,0.03929235,0.151640723543375,0.04085520322124999,0.0,0.601,1.0,1.0,0.0,0.0,0.0,0.601,0.0,0.045568037424784186,1
2012-07-25 00:00:00+00:00,0.03525795,0.09752636845737502,0.03666033496125,0.0,0.296,1.6175378575,1.6175378,0.3441753000000001,1.3000797,0.0,1.5960797,0.0,0.07782992845476829,1
2012-07-25 00:30:00+00:00,0.0334929,0.09550758810725002,0.034825080097499996,0.0,0.137,2.3300378575,2.3300379,0.7124999425,1.5,0.0,1.637,0.0,0.07817296086578414,1
2012-07-25 01:00:00+00:00,0.0365187,0.09896835442175002,0.0379712312925,0.0,0.137,2.3300378575,2.3300379,4.25000004078413e-08,0.0,0.0,0.137,0.0,0.006779332277889877,1
2012-07-25 01:30:00+00:00,0.0371091,0.09964362589775001,0.03858511445249999,0.0,0.131,2.3300378575,2.3300379,4.25000004078413e-08,0.0,0.0,0.131,0.0,0.006526657496302626,1
2012-07-25 02:00:00+00:00,0.03381885,0.09588039423462501,0.03516399475874999,0.0,0.111,3.0425378574999997,3.0425379,0.7125000425000003,1.5,0.0,1.611,0.0,0.07723165755599044,1
2012-07-25 02:30:00+00:00,0.0325581,0.09443840827025,0.03385309842749999,0.0,0.15,3.7550378574999996,3.7550379,0.7125000425000003,1.5,0.0,1.65,0.0,0.07791168682295625,1
2012-07-25 03:00:00+00:00,0.0321522,0.09397415913049999,0.033431053754999995,0.0,0.1,4.4675378575,4.4675379,0.7125000425000003,1.5,0.0,1.6,0.0,0.0751793273044,1
2012-07-25 03:30:00+00:00,0.03226905,0.094107806610125,0.03355255146375,0.0,0.15,5.1800378575,5.1800379,0.7125000425000003,1.5,0.0,1.65,0.0,0.07763894045335312,1
2012-07-25 04:00:00+00:00,0.03228135,0.094121874765875,0.033565340696249994,0.0,0.121,5.892537857500001,5.8925379,0.7125000424999994,1.5,0.0,1.621,0.0,0.07628577949774168,1
2012-07-25 04:30:00+00:00,0.032349,0.09419924962250001,0.033635681475000005,0.0,0.12,6.605037857500001,6.6050379,0.7125000424999994,1.5,0.0,1.62,0.0,0.076301392194225,1
2012-07-25 05:00:00+00:00,0.0324105,0.32416959040125004,0.0336996276375,0.0,0.142,6.530301015394738,6.530301,0.08165585750000126,0.0,0.142,0.0,-0.0,0.0,1
2012-07-25 05:30:00+00:00,0.03349905,0.325414622185125,0.03483147471375,0.0,0.096,6.479774699605264,6.4797747,0.0870497153947376,0.0,0.096,0.0,-0.0,0.0,1
2012-07-25 06:00:00+00:00,0.03595905,0.328228253335125,0.03738932121374999,0.0,0.438,6.24924838381579,6.2492484,0.0968921996052643,0.0,0.438,0.0,-0.0,0.0,1
2012-07-25 06:30:00+00:00,0.0416601,0.33474884352525,0.04331713047749999,0.0,0.288,6.09766943644737,6.0976694,0.11071248381579046,0.0,0.288,0.0,-0.0,0.0,1
2012-07-25 07:00:00+00:00,0.0406515,0.33359525475375,0.0422684134125,0.0,0.219,5.982406278552633,5.9824063,0.1258137364473697,0.0,0.219,0.0,-0.0,0.0,1
2012-07-25 07:30:00+00:00,0.04009185,0.332955153667125,0.04168650333374999,0.006,0.416,5.766616804868422,5.7666168,0.13602297855263235,0.0,0.41,0.0,-0.0,0.0,1
2012-07-25 08:00:00+00:00,0.0489663,0.34310532804075,0.050913934582499994,0.025,0.461,5.537143120657896,5.5371431,0.14316640486842136,0.0,0.436,0.0,-0.0,0.0,1
2012-07-25 08:30:00+00:00,0.04742265,0.341339774494125,0.049308885903749995,0.056,0.949,5.067143120657896,5.0671431,0.146064720657896,0.0,0.893,0.0,1.1102230246251565e-16,-2.7371930224479033e-18,1
2012-07-25 09:00:00+00:00,0.04392945,0.337344418261125,0.045676743873749995,0.125,0.867,4.676616804868422,4.6766168,0.14382132065789577,0.0,0.742,0.0,-0.0,0.0,1
2012-07-25 09:30:00+00:00,0.0431976,0.336507362994,0.044915784539999996,0.231,0.707,4.426090489078948,4.4260905,0.13588930486842177,0.0,0.476,0.0,-0.0,0.0,1
2012-07-25 10:00:00+00:00,0.0397044,0.332512006761,0.041283642509999996,0.325,0.247,4.463140489078948,4.4631405,0.12214418907894853,0.078,0.0,0.0,-0.0,0.0,1
2012-07-25 10:30:00+00:00,0.0396183,0.33241352967075005,0.0411941178825,0.381,0.564,4.366824699605264,4.3668247,0.10295608907894849,0.0,0.183,0.0,5.551115123125783e-17,-1.14336645380686e-18,1
2012-07-25 11:00:00+00:00,0.03929235,0.151640723543375,0.04085520322124999,0.438,0.467,4.351561541710527,4.3515615,0.07924789960526368,0.0,0.029,2.42861286636753e-17,0.0,1.8413830613136106e-18,1
2012-07-25 11:30:00+00:00,0.0385851,0.15083180458774997,0.040119822352499994,0.475,0.455,4.361061541710527,4.3610615,0.05251784171052698,0.02,0.0,5.551115123125783e-17,0.0,4.1864235574770585e-18,1
2012-07-25 12:00:00+00:00,0.0350919,0.14683644835475002,0.0364876803225,0.506,0.316,4.451311541710528,4.4513115,0.02480184171052713,0.19,0.0,0.0,-0.0,0.0,1
2012-07-25 12:30:00+00:00,0.0346122,0.14628779028049999,0.035988900255,0.538,0.342,4.544411541710527,4.5444115,0.0013021582894721107,0.196,0.0,0.0,-0.0,0.0,1
2012-07-25 13:00:00+00:00,0.03444,0.14609083609999998,0.035809851,0.55,0.275,4.6750365417105275,4.6750365,0.021241958289472507,0.275,0.0,0.0,-0.0,0.0,1
2012-07-25 13:30:00+00:00,0.0343416,0.14597829085400002,0.035707537139999995,0.55,0.238,4.823236541710528,4.8232365,0.035061358289472544,0.312,0.0,0.0,-0.0,0.0,1
2012-07-25 14:00:00+00:00,0.03383115,0.145394462390375,0.035176783991249995,0.538,0.373,4.901611541710528,4.9016115,0.04070975828947265,0.165,0.0,0.0,-0.0,0.0,1
2012-07-25 14:30:00+00:00,0.03383115,0.145394462390375,0.035176783991249995,0.525,0.281,5.017511541710528,5.0175115,0.03673575828947229,0.244,0.0,0.0,-0.0,0.0,1
2012-07-25 15:00:00+00:00,0.0343416,0.14597829085400002,0.035707537139999995,0.488,0.326,5.094461541710528,5.0944615,0.02250915828947253,0.162,0.0,0.0,-0.0,0.0,1
2012-07-25 15:30:00+00:00,0.03444615,0.146097870177875,0.03581624561625,0.444,0.272,5.176161541710528,5.1761615,0.001828541710527709,0.172,0.0,0.0,-0.0,0.0,1
2012-07-25 16:00:00+00:00,0.03469215,0.14637923329287497,0.03607203026624999,0.381,0.246,5.240286541710527,5.2402865,0.03819254171052755,0.135,0.0,0.0,-0.0,0.0,1
2012-07-25 16:30:00+00:00,0.03437235,0.146013461243375,0.03573951022125,0.294,0.287,5.243611541710528,5.2436115,0.08182224171052699,0.007,0.0,0.0,-0.0,0.0,1
2012-07-25 17:00:00+00:00,0.03736125,0.149432023090625,0.038847293718749995,0.088,0.283,5.140979962763159,5.14098,0.12973824171052772,0.0,0.195,0.0,2.7755575615628914e-17,-5.391144991366558e-19,1
2012-07-25 17:30:00+00:00,0.03736125,0.149432023090625,0.038847293718749995,0.0,0.359,4.952032594342106,4.9520326,0.1786621627631586,0.0,0.359,0.0,-0.0,0.0,1
2012-07-25 18:00:00+00:00,0.0452886,0.1584989494715,0.047089954064999995,0.0,0.562,4.656243120657896,4.6562431,0.22539449434210646,0.0,0.562,0.0,-0.0,0.0,1
2012-07-25 18:30:00+00:00,0.0454977,0.15873810811925002,0.0473073710175,0.0,0.695,4.290453646973686,4.2904536,0.2671571206578962,0.0,0.695,0.0,-0.0,0.0,1
2012-07-25 19:00:00+00:00,0.0441324,0.157176542831,0.04588776620999999,0.0,0.738,3.902032594342107,3.9020326,0.3013352469736854,0.0,0.738,0.0,-0.0,0.0,1
2012-07-25 19:30:00+00:00,0.03971055,0.152119040838875,0.04129003712625,0.0,1.146,3.298874699605265,3.2988747,0.3238427943421067,0.0,1.146,0.0,-0.0,0.0,1
2012-07-25 20:00:00+00:00,0.04014105,0.152611426290125,0.04173766026374999,0.0,0.757,2.900453646973686,2.9004536,0.3413413996052648,0.0,0.757,0.0,-0.0,0.0,1
2012-07-25 20:30:00+00:00,0.0413526,0.1539971396315,0.042997399665000005,0.0,0.465,2.6557168048684225,2.6557168,0.352452746973686,0.0,0.465,0.0,-0.0,0.0,1
2012-07-25 21:00:00+00:00,0.0407499,0.15330779999975,0.04237072727249999,0.0,0.603,2.338348383815791,2.3383484,0.35516010486842253,0.0,0.603,0.0,-0.0,0.0,1
2012-07-25 21:30:00+00:00,0.0360267,0.14790562819175002,0.037459661992500004,0.0,0.448,2.1025589101315805,2.1025589,0.348917983815791,0.0,0.448,0.0,-0.0,0.0,1
2012-07-25 22:00:00+00:00,0.03423705,0.145858711530125,0.03559882866375,0.0,0.613,1.779927331184212,1.7799273,0.3367119101315805,0.0,0.613,0.0,-0.0,0.0,1
2012-07-25 22:30:00+00:00,0.03801315,0.150177635345375,0.03952512304125,0.0,0.661,1.4320325943421068,1.4320326,0.31955583118421216,0.0,0.661,0.0,-0.0,0.0,1
2012-07-25 23:00:00+00:00,0.0337512,0.14530301937800003,0.03509365398,0.0,0.533,1.2733625048684227,1.2733625,0.15867009434210688,0.0,0.30147317,0.23152683000000002,0.0,0.01682077373300846,1
2012-07-25 23:30:00+00:00,0.0345384,0.146203381346,0.03591216485999999,0.0,0.539,1.0,1.0,0.27336250486842273,0.0,0.51938876,0.01961124000000003,0.0,0.0014336148001939668,1
2012-07-26 00:00:00+00:00,0.0336774,0.0957186104435,0.035016918585,0.0,0.273,1.7125,1.7125,0.7124999999999999,1.5,0.0,1.7730000000000001,0.0,0.08485454815816275,1
2012-07-26 00:30:00+00:00,0.0339603,0.09604217802575002,0.0353110709325,0.0,0.177,2.2471985224999997,2.2471985,0.0,1.1256811,0.0,1.3026811,0.0,0.06255616505848993,1
2012-07-26 01:00:00+00:00,0.03451995,0.09668227911237502,0.03589298101125,0.0,0.12,2.2471985224999997,2.2471985,2.2499999641212298e-08,0.0,0.0,0.12,0.0,0.005800936746742501,1
2012-07-26 01:30:00+00:00,0.03390495,0.09597887132487501,0.03525351938625,0.0,0.128,2.9596985224999997,2.9596985,0.7124999775000003,1.5,0.0,1.6280000000000001,0.0,0.07812680125844826,1
2012-07-26 02:00:00+00:00,0.03255195,0.09443137419237502,0.033846703811250003,0.0,0.132,3.6721985224999996,3.6721985,0.7124999775000003,1.5,0.0,1.6320000000000001,0.0,0.07705600134097802,1
2012-07-26 02:30:00+00:00,0.03132195,0.093024558617375,0.032567780561249995,0.0,0.109,4.384698522499999,4.3846985,0.7124999775000003,1.5,0.0,1.609,0.0,0.07483825740767819,1
2012-07-26 03:00:00+00:00,0.030504,0.09208902626,0.0317172966,0.0,0.148,5.097198522499999,5.0971985,0.7124999775000012,1.5,0.0,1.648,0.0,0.07588135763824,1
2012-07-26 03:30:00+00:00,0.0296061,0.09106205089025,0.030783682627499996,0.0,0.124,5.8096985225,5.8096985,0.7124999775000003,1.5,0.0,1.624,0.0,0.07394238532288301,1
2012-07-26 04:00:00+00:00,0.0262851,0.08726364883775001,0.027330589852499997,0.0,0.124,6.5221985225,6.5221985,0.7124999775000003,1.5,0.0,1.624,0.0,0.07085808285625302,1
2012-07-26 04:30:00+00:00,0.02763195,0.08880411189237501,0.02873101081125,0.0,0.133,7.2346985225000005,7.2346985,0.7124999775000003,1.5,0.0,1.633,0.0,0.0725085573601242,1
2012-07-26 05:00:00+00:00,0.03023955,0.321686560911375,0.03144232810124999,0.0,0.102,7.1810143119736844,7.1810143,0.07498692250000083,0.0,0.102,0.0,-0.0,0.0,1
2012-07-26 05:30:00+00:00,0.0331854,0.3250558842135,0.034505349284999993,0.0,0.147,7.103645890921053,7.1036459,0.08042491197368484,0.0,0.147,0.0,-0.0,0.0,1
2012-07-26 06:00:00+00:00,0.0336528,0.32559047413200004,0.03499134011999999,0.0,0.099,7.051540627763158,7.0515406,0.09032909092105257,0.0,0.099,0.0,-0.0,0.0,1
2012-07-26 06:30:00+00:00,0.03750885,0.33000084095962506,0.03900076450875,0.0,0.137,6.979435364605263,6.9794354,0.10422882776315845,0.0,0.137,0.0,-0.0,0.0,1
2012-07-26 07:00:00+00:00,0.04011645,0.332983289978625,0.041712081798749995,0.0,0.119,6.916803785657894,6.9168038,0.11942896460526331,0.0,0.119,0.0,-0.0,0.0,1
2012-07-26 07:30:00+00:00,0.0389295,0.33162571294875004,0.040477920862499996,0.006,0.116,6.8589090488157884,6.858909,0.12976188565789393,0.0,0.11,0.0,-0.0,0.0,1
2012-07-26 08:00:00+00:00,0.04278555,0.336036079776375,0.04448734525124999,0.019,0.135,6.797856417236841,6.7978564,0.13705034881578815,0.0,0.116,0.0,-0.0,0.0,1
2012-07-26 08:30:00+00:00,0.04170315,0.33479808207037504,0.04336189279125,0.063,0.097,6.779961680394735,6.7799617,0.14011481723684138,0.0,0.034,0.0,-0.0,0.0,1
2012-07-26 09:00:00+00:00,0.03966135,0.332462768215875,0.041238880196249994,0.075,0.439,6.5883827330263145,6.5883827,0.13805778039473537,0.0,0.364,0.0,-0.0,0.0,1
2012-07-26 09:30:00+00:00,0.0396183,0.33241352967075005,0.0411941178825,0.106,0.4,6.433645890921051,6.4336459,0.13033143302631434,0.0,0.294,5.551115123125783e-17,0.0,9.226328858434608e-18,1
2012-07-26 10:00:00+00:00,0.03958755,0.33237835928137505,0.041162144801249995,0.1,0.404,6.273645890921051,6.2736459,0.11681029092105089,0.0,0.304,5.551115123125783e-17,0.0,9.22535268403288e-18,1
2012-07-26 10:30:00+00:00,0.03956295,0.33235022296987504,0.04113656633625,0.119,0.335,6.159961680394735,6.1599617,0.09786339092105045,0.0,0.216,2.7755575615628914e-17,0.0,4.612285872255748e-18,1
2012-07-26 11:00:00+00:00,0.03674625,0.14872861530312498,0.03820783209375,0.144,0.399,6.025751154078946,6.0257512,0.07441268039473492,0.0,0.255,0.0,-0.0,0.0,1
2012-07-26 11:30:00+00:00,0.03440925,0.146055665710625,0.03577787791875,0.169,0.415,5.896277469868419,5.8962775,0.047955054078945736,0.0,0.246,0.0,2.7755575615628914e-17,-4.965177979703028e-19,1
2012-07-26 12:00:00+00:00,0.03442155,0.146069733866375,0.035790667151250004,0.163,0.396,5.773645890921051,5.7736459,0.02052506986841962,0.0,0.233,0.0,-0.0,0.0,1
2012-07-26 12:30:00+00:00,0.0344646,0.1461189724115,0.03583542946499999,0.169,0.787,5.448382733026314,5.4483827,0.004892609078948951,0.0,0.618,0.0,-0.0,0.0,1
2012-07-26 13:00:00+00:00,0.0343416,0.14597829085400002,0.035707537139999995,0.138,0.23,5.399961680394735,5.3999617,0.024553366973686153,0.0,0.092,0.0,-0.0,0.0,1
2012-07-26 13:30:00+00:00,0.03412635,0.145732098128375,0.03548372557125,0.063,0.401,5.22206694355263,5.2220669,0.03808521960526523,0.0,0.338,0.0,-0.0,0.0,1
2012-07-26 14:00:00+00:00,0.0338988,0.14547183724700002,0.03524712477,0.05,0.554,5.130886948815788,5.1308869,0.04343885644737,0.0,0.17324199,0.33075801,0.0,0.0240579876994308,1
2012-07-26 14:30:00+00:00,0.0337389,0.14528895122225002,0.0350808647475,0.088,0.325,5.130886948815788,5.1308869,0.039163751184212,0.0,0.0,0.23700000000000002,0.0,0.01721674071983663,1
2012-07-26 15:00:00+00:00,0.033825,0.1453874283125,0.035170389375,0.25,0.362,5.130886948815788,5.1308869,0.024630051184211688,0.0,0.0,0.11199999999999999,0.0,0.0081416959855,1
2012-07-26 15:30:00+00:00,0.0339849,0.14557031433724998,0.035336649397499996,0.388,0.535,5.130886948815788,5.1308869,0.0001573511842121178,0.0,0.0,0.14700000000000002,0.0,0.010699418103787875,1
2012-07-26 16:00:00+00:00,0.03418785,0.145802438907125,0.035547671733749994,0.356,0.549,5.130886948815788,5.1308869,4.8815787856426596e-08,0.0,0.0,0.19300000000000006,0.0,0.014069935354537566,1
2012-07-26 16:30:00+00:00,0.0365187,0.14846835442175,0.0379712312925,0.219,0.45,5.0093080014473665,5.009308,0.08053774881578768,0.0,0.231,0.0,-0.0,0.0,1
2012-07-26 17:00:00+00:00,0.0378225,0.14995957893125,0.0393268899375,0.056,0.429,4.8129922119736825,4.8129922,0.12882770144736622,0.0,0.373,0.0,-0.0,0.0,1
2012-07-26 17:30:00+00:00,0.03880035,0.15107799731337498,0.04034363392125,0.0,0.513,4.542992211973683,4.5429922,0.17813711197368232,0.0,0.513,0.0,-0.0,0.0,1
2012-07-26 18:00:00+00:00,0.0475272,0.161059353818,0.04941759438,0.0,0.716,4.166150106710525,4.1661501,0.22526741197368327,0.0,0.716,0.0,-0.0,0.0,1
2012-07-26 18:30:00+00:00,0.0481545,0.16177682976125002,0.0500698452375,0.0,0.737,3.7782553698684196,3.7782554,0.2674407067105249,0.0,0.737,0.0,-0.0,0.0,1
2012-07-26 19:00:00+00:00,0.0477978,0.16136885324449998,0.049698957494999994,0.0,0.472,3.5298343172368405,3.5298343,0.3020417698684197,0.0,0.472,0.0,-0.0,0.0,1
2012-07-26 19:30:00+00:00,0.04213365,0.154890467521625,0.04380951592875,0.0,0.935,3.037729054078946,3.0377291,0.3249860172368404,0.0,0.935,0.0,-0.0,0.0,1
2012-07-26 20:00:00+00:00,0.0396675,0.15206980229375,0.041245274812499996,0.0,1.053,2.4835185277631564,2.4835185,0.3429257540789461,0.0,1.053,0.0,-0.0,0.0,1
2012-07-26 20:30:00+00:00,0.04620495,0.159547027074875,0.04804275188625,0.0,0.984,1.9656237909210512,1.9656238,0.3544814277631563,0.0,0.984,0.0,-0.0,0.0,1
2012-07-26 21:00:00+00:00,0.04458135,0.157690030515875,0.04635457319624999,0.0,1.037,1.4198343172368406,1.4198343,0.35763659092105127,0.0,1.037,0.0,-0.0,0.0,1
2012-07-26 21:30:00+00:00,0.03966135,0.152062768215875,0.041238880196249994,0.0,0.922,1.3233784435526301,1.3233784,0.09645591723684066,0.0,0.18326616,0.7387338400000001,0.0,0.05616695634257165,1
2012-07-26 22:00:00+00:00,0.03634035,0.14826436616337502,0.03778578742125,0.0,1.188,1.3233784435526301,1.3233784,4.3552630168974815e-08,0.0,0.0,1.188,0.0,0.08806903350104475,1
2012-07-26 22:30:00+00:00,0.04311765,0.156015919981625,0.044832654528749995,0.0,1.191,1.000000001447367,1.0,0.3233784435526301,0.0,0.61441904,0.57658096,0.0,0.04497790445914426,1
2012-07-26 23:00:00+00:00,0.03659865,0.14855979743412498,0.03805436130375,0.0,1.144,1.000000001447367,1.0,1.447366893003732e-09,0.0,0.0,1.144,0.0,0.08497620413231947,1
2012-07-26 23:30:00+00:00,0.0362973,0.14821512761825,0.03774102510749999,0.0,0.601,1.000000001447367,1.0,1.447366893003732e-09,0.0,0.0,0.601,0.0,0.044538645849284124,1
2012-07-27 00:00:00+00:00,0.0342555,0.09637981376375002,0.035618012512500005,0.0,0.15,1.7125000014473668,1.7125,0.712499998552633,1.5,0.0,1.65,0.0,0.07951334635509376,1
2012-07-27 00:30:00+00:00,0.0339234,0.09599997355850001,0.035272703235,0.006,0.144,2.4250000014473665,2.425,0.712499998552633,1.5,0.0,1.638,0.0,0.07862397834441151,1
2012-07-27 01:00:00+00:00,0.03822225,0.10091679399312502,0.03974253999375,0.0,0.147,2.6390057224473664,2.6390057,0.2140056985526333,0.45053836,0.0,0.59753836,0.0,0.03015082778955489,1
2012-07-27 01:30:00+00:00,0.03846825,0.10119815710812499,0.03999832464375,0.0,0.12,2.6390057224473664,2.6390057,2.244736663215008e-08,0.0,0.0,0.12,0.0,0.006071889426487499,1
2012-07-27 02:00:00+00:00,0.03443385,0.09658380202212502,0.03580345638375,0.0,0.16,3.3515057224473663,3.3515057,0.7124999775526337,1.5,0.0,1.66,0.0,0.08016455567836377,1
2012-07-27 02:30:00+00:00,0.03321,0.09518402052500002,0.03453092775,0.0,0.115,4.064005722447366,4.0640057,0.7124999775526337,1.5,0.0,1.615,0.0,0.07686109657393751,1
2012-07-27 03:00:00+00:00,0.032349,0.09419924962250001,0.033635681475000005,0.0,0.147,4.776505722447366,4.7765057,0.7124999775526346,1.5,0.0,1.647,0.0,0.07757308206412876,1
2012-07-27 03:30:00+00:00,0.03140805,0.09312303570762501,0.03265730518875,0.0,0.147,5.4890057224473665,5.4890057,0.7124999775526337,1.5,0.0,1.647,0.0,0.0766868199052292,1
2012-07-27 04:00:00+00:00,0.031734,0.09349584183500001,0.032996219849999994,0.0,0.125,6.201505722447367,6.2015057,0.7124999775526337,1.5,0.0,1.625,0.0,0.0759653714909375,1
2012-07-27 04:30:00+00:00,0.0318324,0.09360838708100001,0.033098533709999996,0.0,0.16,6.914005722447367,6.9140057,0.7124999775526328,1.5,0.0,1.66,0.0,0.07769496127723001,1
2012-07-27 05:00:00+00:00,0.03279795,0.324612737307375,0.03410248846125,0.0,0.108,6.857163617184209,6.8571636,0.08405302244736745,0.0,0.108,0.0,-0.0,0.0,1
2012-07-27 05:30:00+00:00,0.0343908,0.326434563477,0.03575869406999999,0.0,0.146,6.780321511921051,6.7803215,0.0898148171842097,0.0,0.146,0.0,-0.0,0.0,1
2012-07-27 06:00:00+00:00,0.03678315,0.32917081977037504,0.03824619979125,0.0,0.114,6.7203215119210515,6.7203215,0.10002641192105077,0.0,0.114,0.0,-0.0,0.0,1
2012-07-27 06:30:00+00:00,0.03937845,0.33213920063362506,0.04094472784875,0.0,0.12,6.657163617184209,6.6571636,0.1142165119210512,0.0,0.12,0.0,-0.0,0.0,1
2012-07-27 07:00:00+00:00,0.04959975,0.343829838061875,0.05157258005625,0.0,0.134,6.5866373013947355,6.5866373,0.12969101718420895,0.0,0.134,0.0,-0.0,0.0,1
2012-07-27 07:30:00+00:00,0.0414756,0.334537821189,0.043125291989999995,0.0,0.098,6.535058354026314,6.5350584,0.1402865013947352,0.0,0.098,0.0,-0.0,0.0,1
2012-07-27 08:00:00+00:00,0.0498765,0.34414637156625005,0.051860337787499995,0.019,0.208,6.435584669815788,6.4355847,0.1478217540263147,0.0,0.189,0.0,-0.0,0.0,1
2012-07-27 08:30:00+00:00,0.0499872,0.344272984968,0.05197544088,0.044,0.589,6.14874256455263,6.1487426,0.15111606981578785,0.0,0.545,0.0,1.1102230246251565e-16,-2.8852165590009805e-18,1
2012-07-27 09:00:00+00:00,0.0388557,0.33154130401425,0.040401185467499996,0.119,0.615,5.887689932973682,5.8876899,0.14927066455263027,0.0,0.496,0.0,-0.0,0.0,1
2012-07-27 09:30:00+00:00,0.03950145,0.33227988219112503,0.04107262017375,0.238,0.882,5.548742564552629,5.5487426,0.14173643297368255,0.0,0.644,0.0,-0.0,0.0,1
2012-07-27 10:00:00+00:00,0.0373797,0.32985312532425004,0.0388664775675,0.319,0.756,5.318742564552629,5.3187426,0.12838646455262914,0.0,0.437,0.0,-0.0,0.0,1
2012-07-27 10:30:00+00:00,0.0342924,0.32632201823100004,0.03565638021,0.381,0.725,5.137689932973681,5.1376899,0.10958826455262916,0.0,0.344,0.0,-0.0,0.0,1
2012-07-27 11:00:00+00:00,0.03443385,0.146083802022125,0.03580345638375,0.438,0.382,5.1642899329736816,5.1642899,0.08626273297368137,0.056,0.0,0.0,-0.0,0.0,1
2012-07-27 11:30:00+00:00,0.03447075,0.14612600648937502,0.03584182408125,0.488,0.101,5.348114932973681,5.3481149,0.05990563297368112,0.387,0.0,0.0,-0.0,0.0,1
2012-07-27 12:00:00+00:00,0.0343662,0.1460064271655,0.035733115605,0.519,0.101,5.546664932973681,5.5466649,0.03255013297368148,0.418,0.0,0.0,-0.0,0.0,1
2012-07-27 12:30:00+00:00,0.0344646,0.1461189724115,0.03583542946499999,0.55,0.05,5.784164932973681,5.7841649,0.006651032973681303,0.5,0.0,0.0,-0.0,0.0,1
2012-07-27 13:00:00+00:00,0.0339603,0.14554217802575,0.0353110709325,0.563,0.101,6.003614932973681,6.0036149,0.01364126702631907,0.462,0.0,1.1102230246251565e-16,0.0,8.079213854914058e-18,1
2012-07-27 13:30:00+00:00,0.03378195,0.14533818976737498,0.03512562706124999,0.4,0.072,6.159414932973681,6.1594149,0.027183067026318675,0.328,0.0,0.0,-0.0,0.0,1
2012-07-27 14:00:00+00:00,0.0330009,0.14444486187724997,0.034313510797499995,0.481,0.079,6.350364932973681,6.3503649,0.032574167026318435,0.402,0.0,5.551115123125783e-17,0.0,4.009150286123086e-18,1
2012-07-27 14:30:00+00:00,0.03276105,0.144170532840125,0.03406412076375,0.206,0.092,6.404514932973681,6.4045149,0.028364267026319112,0.114,0.0,2.7755575615628914e-17,0.0,2.0007680628948003e-18,1
2012-07-27 15:00:00+00:00,0.0325335,0.14391027195875,0.0338275199625,0.094,0.058,6.421614932973681,6.4216149,0.013923567026318473,0.036,0.0,0.0,-0.0,0.0,1
2012-07-27 15:30:00+00:00,0.03390495,0.145478871324875,0.03525351938625,0.338,0.103,6.533239932973681,6.5332399,0.011556132973681521,0.235,0.0,0.0,5.551115123125783e-17,-9.784817230421017e-19,1
2012-07-27 16:00:00+00:00,0.03396645,0.145549212103625,0.035317465548749996,0.269,0.06,6.632514932973681,6.6325149,0.048114132973681834,0.209,0.0,0.0,-0.0,0.0,1
2012-07-27 16:30:00+00:00,0.0350181,0.14675203942025,0.0364109449275,0.175,0.088,6.673839932973681,6.6738399,0.09192093297368142,0.087,0.0,0.0,-0.0,0.0,1
2012-07-27 17:00:00+00:00,0.0331977,0.14466995236925,0.0345181385175,0.119,0.081,6.69188993297368,6.6918899,0.1400010329736805,0.038,0.0,0.0,-0.0,0.0,1
2012-07-27 17:30:00+00:00,0.03408945,0.145689893661125,0.03544535787375,0.0,0.067,6.656626775078943,6.6566268,0.18907973297368041,0.0,0.067,0.0,-0.0,0.0,1
2012-07-27 18:00:00+00:00,0.03893565,0.15123274702662498,0.04048431547875,0.0,0.1,6.603995196131575,6.6039952,0.23596057507894308,0.0,0.1,0.0,-0.0,0.0,1
2012-07-27 18:30:00+00:00,0.0387819,0.15105689507975,0.0403244500725,0.0,0.051,6.577153090868418,6.5771531,0.27786699613157495,0.0,0.051,0.0,-0.0,0.0,1
2012-07-27 19:00:00+00:00,0.03929235,0.151640723543375,0.04085520322124999,0.0,0.095,6.527153090868418,6.5271531,0.31218519086841745,0.0,0.095,0.0,-0.0,0.0,1
2012-07-27 19:30:00+00:00,0.03571305,0.147546890220125,0.03713353656375,0.0,0.072,6.489258354026313,6.4892584,0.3348331908684177,0.0,0.072,0.0,-0.0,0.0,1
2012-07-27 20:00:00+00:00,0.0341448,0.145753200362,0.035502909420000006,0.0,0.181,6.393995196131576,6.3939952,0.3524555540263128,0.0,0.181,0.0,-0.0,0.0,1
2012-07-27 20:30:00+00:00,0.0420537,0.15479902450925,0.0437263859175,0.0,0.108,6.337153090868418,6.3371531,0.3636734961315762,0.0,0.108,0.0,-0.0,0.0,1
2012-07-27 21:00:00+00:00,0.03867735,0.15093731575587502,0.04021574159624999,0.0,0.071,6.299784669815787,6.2997847,0.3664720908684185,0.0,0.071,0.0,-0.0,0.0,1
2012-07-27 21:30:00+00:00,0.03670935,0.148686410835875,0.03816946439625,0.0,0.094,6.25031098560526,6.250311,0.3603061698157868,0.0,0.094,0.0,-0.0,0.0,1
2012-07-27 22:00:00+00:00,0.03388035,0.145450735013375,0.03522794092124999,0.0,0.066,6.215574143499997,6.2155741,0.34815528560526054,0.0,0.066,0.0,-0.0,0.0,1
2012-07-27 22:30:00+00:00,0.04082985,0.153399243012125,0.04245385728375,0.0,0.097,6.164521511921049,6.1645215,0.3310329434999968,0.0,0.097,0.0,-0.0,0.0,1
2012-07-27 23:00:00+00:00,0.03603285,0.14791266226962502,0.03746605660874999,0.0,0.053,6.136626775078944,6.1366268,0.3098550119210488,0.0,0.053,0.0,-0.0,0.0,1
2012-07-27 23:30:00+00:00,0.0399504,0.152393369876,0.041539427159999996,0.0,0.103,6.082416248763154,6.0824162,0.2848460750789439,0.0,0.103,0.0,-0.0,0.0,1
2012-07-28 00:00:00+00:00,0.03801315,0.100677635345375,0.03952512304125,0.0,0.05,6.082416248763154,6.0824162,4.8763154403275166e-08,0.0,0.0,0.05,0.0,0.002516940883634375,1
2012-07-28 00:30:00+00:00,0.03745965,0.10004456833662499,0.03894960757874999,0.0,0.101,6.082416248763154,6.0824162,4.8763154403275166e-08,0.0,0.0,0.101,0.0,0.0050522507009995625,1
2012-07-28 01:00:00+00:00,0.0363711,0.09879953655275002,0.0378177605025,0.006,0.063,6.082416248763154,6.0824162,4.8763154403275166e-08,0.0,0.0,0.057,0.0,0.0028157867917533758,1
2012-07-28 01:30:00+00:00,0.0353379,0.09761781146975,0.036743464972499994,0.0,0.087,6.082416248763154,6.0824162,4.8763154403275166e-08,0.0,0.0,0.087,0.0,0.004246374798934124,1
2012-07-28 02:00:00+00:00,0.03336375,0.09535987247187501,0.03469079315625,0.0,0.076,6.574999988763154,6.575,0.49258375123684583,1.0370184,0.0,1.1130184,0.0,0.05306864634142519,1
2012-07-28 02:30:00+00:00,0.03380655,0.095866326078875,0.03515120552624999,0.0,0.072,6.574999988763154,6.575,1.1236846120254995e-08,0.0,0.0,0.072,0.0,0.0034511877388395,1
2012-07-28 03:00:00+00:00,0.0342186,0.09633760929650001,0.035579644815000006,0.0,0.09,6.574999988763154,6.575,1.1236846120254995e-08,0.0,0.0,0.09,0.0,0.0043351924183425,1
2012-07-28 03:30:00+00:00,0.03411405,0.096218029972625,0.035470936338749995,0.0,0.063,6.574999988763154,6.575,1.1236846120254995e-08,0.0,0.0,0.063,0.0,0.0030308679441376878,1
2012-07-28 04:00:00+00:00,0.0326934,0.0945931579835,0.03399377998499999,0.0,0.107,7.2874999887631535,7.2875,0.7125000112368456,1.5,0.0,1.607,0.0,0.07600560243974225,1
2012-07-28 04:30:00+00:00,0.03085455,0.092489968698875,0.03208178972625,0.0,0.048,7.999999988763154,8.0,0.7125000112368465,1.5,0.0,1.548,0.0,0.07158723577292926,1
2012-07-28 05:00:00+00:00,0.0314634,0.32308634240850004,0.032714856735000006,0.0,0.1,7.947368409815786,7.9473684,0.08519808876315427,0.0,0.1,0.0,-0.0,0.0,1
2012-07-28 05:30:00+00:00,0.03207225,0.32378271611812504,0.033347923743749994,0.0,0.054,7.918947357184207,7.9189474,0.09040910981578598,0.0,0.054,0.0,-0.0,0.0,1
2012-07-28 06:00:00+00:00,0.03209685,0.32381085242962504,0.033373502208749996,0.0,0.092,7.8705263045526275,7.8705263,0.10006875718420716,0.0,0.092,0.0,-0.0,0.0,1
2012-07-28 06:30:00+00:00,0.03385575,0.325822598701875,0.03520236245624999,0.0,0.068,7.834736830868417,7.8347368,0.11370670455262744,0.0,0.068,0.0,-0.0,0.0,1
2012-07-28 07:00:00+00:00,0.0340341,0.32602658696025005,0.0353878063275,0.0,0.081,7.792105251921049,7.7921053,0.1286319308684174,0.0,0.081,0.0,-0.0,0.0,1
2012-07-28 07:30:00+00:00,0.0335544,0.325477928886,0.03488902625999999,0.0,0.078,7.751052620342102,7.7510526,0.13868715192104908,0.0,0.078,0.0,-0.0,0.0,1
2012-07-28 08:00:00+00:00,0.0350919,0.32723644835475,0.0364876803225,0.019,0.065,7.7268420940263125,7.7268421,0.14568912034210157,0.0,0.046,0.0,-0.0,0.0,1
2012-07-28 08:30:00+00:00,0.0360759,0.32836190081475,0.037510818922499994,0.025,0.089,7.693157883499997,7.6931579,0.14845789402631215,0.0,0.064,0.0,-0.0,0.0,1
2012-07-28 09:00:00+00:00,0.03802545,0.33059170350112504,0.03953791227375,0.119,0.054,7.724032883499997,7.7240329,0.14609518349999728,0.065,0.0,0.0,-0.0,0.0,1
2012-07-28 09:30:00+00:00,0.03870195,0.331365452067375,0.040241320061249995,0.231,0.096,7.788157883499997,7.7881579,0.13805228349999688,0.135,0.0,0.0,-0.0,0.0,1
2012-07-28 10:00:00+00:00,0.03634035,0.328664366163375,0.03778578742125,0.319,0.047,7.917357883499997,7.9173579,0.12420238349999657,0.272,0.0,0.0,-0.0,0.0,1
2012-07-28 10:30:00+00:00,0.03688155,0.32928336501637506,0.03834851365125,0.388,0.098,7.999999998499996,8.0,0.1049134834999963,0.1739834,0.0,0.0,0.11601660000000003,-0.002224532084435806,1
2012-07-28 11:00:00+00:00,0.0352641,0.14703340253525,0.036666729577499994,0.45,0.052,7.999999998499996,8.0,0.08110659849999635,0.0,0.0,0.0,0.398,-0.007296679185922499,1
2012-07-28 11:30:00+00:00,0.034563,0.1462315176575,0.035937743325,0.494,0.091,7.990755391657891,7.9907554,0.0542777984999967,0.0,0.017564753,0.0,0.420564753,-0.007557074072428012,1
2012-07-28 12:00:00+00:00,0.0342309,0.14585167745225,0.0355924340475,0.525,0.065,7.990755391657891,7.9907554,0.026460291657890878,0.0,0.0,0.0,0.46,-0.008186259830925,1
2012-07-28 12:30:00+00:00,0.03373275,0.145281917144375,0.03507447013125,0.525,0.081,7.990755391657891,7.9907554,0.00010889165789063071,0.0,0.0,0.0,0.444,-0.007786532369137501,1
2012-07-28 13:00:00+00:00,0.03217065,0.143495261364125,0.033450237603749995,0.431,0.078,7.990755391657891,7.9907554,8.342109225623062e-09,0.0,0.0,0.0,0.353,-0.0059039669370618735,1
2012-07-28 13:30:00+00:00,0.0320907,0.14340381835175,0.0333671075925,0.188,0.069,7.990755391657891,7.9907554,8.342109225623062e-09,0.0,0.0,0.0,0.119,-0.00198534290175375,1
2012-07-28 14:00:00+00:00,0.03169095,0.142946603289875,0.03295145753625,0.313,0.091,7.990755391657891,7.9907554,8.342109225623062e-09,0.0,0.0,0.0,0.222,-0.00365761178652375,1
2012-07-28 14:30:00+00:00,0.03110055,0.142271331813875,0.03233757437625,0.406,0.056,7.999999999832891,8.0,0.00924460834210894,0.019462333,0.0,0.0,0.33053766700000003,-0.005344393195382328,1
2012-07-28 15:00:00+00:00,0.03204765,0.14335457980662497,0.03332234527874999,0.5,0.098,7.999999999832891,8.0,1.6710899330973916e-10,0.0,0.0,0.0,0.402,-0.006697791401028749,1
2012-07-28 15:30:00+00:00,0.0327795,0.14419163507375,0.0340833046125,0.181,0.047,7.999999999832891,8.0,0.0025108998328908783,0.0,0.0,0.0,0.134,-0.0022835814090375,1
2012-07-28 16:00:00+00:00,0.0335667,0.14509199704175,0.034901815492499995,0.225,0.098,7.999999999832891,8.0,0.038694899832891316,0.0,0.0,0.0,0.127,-0.0022162652837737495,1
2012-07-28 16:30:00+00:00,0.03417555,0.145788370751375,0.03553488250125,0.306,0.057,7.999999999832891,8.0,0.08214539983289093,0.0,0.0,0.0,0.249,-0.004424092871405625,1
2012-07-28 17:00:00+00:00,0.0352149,0.14697712991225,0.0366155726475,0.1,0.09,7.999999999832891,8.0,0.12988979983289095,0.0,0.0,0.0,0.010000000000000009,-0.00018307786323750014,1
2012-07-28 17:30:00+00:00,0.0359283,0.14779308294575,0.0373573481325,0.0,0.07,7.963157894569733,7.9631579,0.17865599983289115,0.0,0.07,0.0,-0.0,0.0,1
2012-07-28 18:00:00+00:00,0.04289625,0.155762693178125,0.04460244834374999,0.0,0.075,7.923684210359206,7.9236842,0.2252497945697325,0.0,0.075,0.0,-0.0,0.0,1
2012-07-28 18:30:00+00:00,0.04833285,0.161980818019625,0.05025528910874999,0.0,0.085,7.878947368253943,7.8789474,0.26689611035920624,0.0,0.085,0.0,-0.0,0.0,1
2012-07-28 19:00:00+00:00,0.04327755,0.156198806006375,0.04499891455125,0.0,0.06,7.847368420885522,7.8473684,0.3009822682539429,0.0,0.06,0.0,-0.0,0.0,1
2012-07-28 19:30:00+00:00,0.03909555,0.15141563305137498,0.04065057550125,0.0,0.098,7.795789473517101,7.7957895,0.32342892088552233,0.0,0.098,0.0,-0.0,0.0,1
2012-07-28 20:00:00+00:00,0.038745,0.1510146906125,0.040286082375,0.0,0.048,7.770526315622364,7.7705263,0.34087247351710115,0.0,0.048,0.0,-0.0,0.0,1
2012-07-28 20:30:00+00:00,0.04130955,0.15394790108637502,0.042952637351249996,0.0,0.099,7.718421052464469,7.7184211,0.35193431562236377,0.0,0.099,0.0,-0.0,0.0,1
2012-07-28 21:00:00+00:00,0.0401964,0.15267473299099998,0.041795211809999996,0.0,0.064,7.684736841938154,7.6847368,0.35460095246446954,0.0,0.064,0.0,-0.0,0.0,1
2012-07-28 21:30:00+00:00,0.03635265,0.14827843431912502,0.03779857665375,0.0,0.088,7.638421052464469,7.6384211,0.34832724193815423,0.0,0.088,0.0,-0.0,0.0,1
2012-07-28 22:00:00+00:00,0.03533175,0.147110777391875,0.03673707035625,0.0,0.072,7.600526315622364,7.6005263,0.3360903524644696,0.0,0.072,0.0,-0.0,0.0,1
2012-07-28 22:30:00+00:00,0.03881265,0.15109206546912501,0.040356423153749994,0.0,0.075,7.561052631411838,7.5610526,0.3189033156223644,0.0,0.075,0.0,-0.0,0.0,1
2012-07-28 23:00:00+00:00,0.0366786,0.14865124044650002,0.038137491315,0.0,0.085,7.516315789306574,7.5163158,0.2976824314118378,0.0,0.085,0.0,-0.0,0.0,1
2012-07-28 23:30:00+00:00,0.0375396,0.14963601134899998,0.03903273759,0.0,0.061,7.484210526148679,7.4842105,0.27265338930657457,0.0,0.061,0.0,-0.0,0.0,1
2012-07-29 00:00:00+00:00,0.03634035,0.09876436616337503,0.03778578742125,0.0,0.098,7.484210526148679,7.4842105,2.6148679665993768e-08,0.0,0.0,0.098,0.0,0.004839453942005377,1
2012-07-29 00:30:00+00:00,0.03504885,0.09728720980962502,0.03644291800875,0.0,0.048,7.484210526148679,7.4842105,2.6148679665993768e-08,0.0,0.0,0.048,0.0,0.0023348930354310004,1
2012-07-29 01:00:00+00:00,0.0351411,0.09739272097775001,0.036538837252500005,0.0,0.099,7.484210526148679,7.4842105,2.6148679665993768e-08,0.0,0.0,0.099,0.0,0.004820939688398625,1
2012-07-29 01:30:00+00:00,0.03469215,0.096879233292875,0.03607203026624999,0.0,0.052,7.484210526148679,7.4842105,2.6148679665993768e-08,0.0,0.0,0.052,0.0,0.0025188600656147497,1
2012-07-29 02:00:00+00:00,0.03370815,0.095753780832875,0.03504889166625,0.0,0.105,7.484210526148679,7.4842105,2.6148679665993768e-08,0.0,0.0,0.105,0.0,0.005027073493725938,1
2012-07-29 02:30:00+00:00,0.0342432,0.09636574560800001,0.035605223279999994,0.0,0.064,7.484210526148679,7.4842105,2.6148679665993768e-08,0.0,0.0,0.064,0.0,0.0030837038594560004,1
2012-07-29 03:00:00+00:00,0.033825,0.0958874283125,0.035170389375,0.0,0.084,7.484210526148679,7.4842105,2.6148679665993768e-08,0.0,0.0,0.084,0.0,0.0040272719891250005,1
2012-07-29 03:30:00+00:00,0.0324597,0.09432586302425003,0.033750784567500004,0.0,0.078,7.484210526148679,7.4842105,2.6148679665993768e-08,0.0,0.0,0.078,0.0,0.003678708657945751,1
2012-07-29 04:00:00+00:00,0.03161715,0.093362194355375,0.03287472214124999,0.0,0.072,8.0,8.0,0.5157894738513207,1.0858726,0.0,1.1578726000000001,0.0,0.0540507633599817,1
2012-07-29 04:30:00+00:00,0.0321399,0.09396009097475001,0.0334182645225,0.0,0.085,8.0,8.0,0.0,0.0,0.0,0.085,0.0,0.003993303866426876,1
2012-07-29 05:00:00+00:00,0.03321615,0.3250910546028751,0.03453732236625,0.0,0.068,7.96421052631579,7.9642105,0.07422600000000035,0.0,0.068,0.0,-0.0,0.0,1
2012-07-29 05:30:00+00:00,0.0314142,0.32303006978550003,0.032663699805,0.0,0.096,7.913684210526316,7.9136842,0.07966492631578959,0.0,0.096,0.0,-0.0,0.0,1
2012-07-29 06:00:00+00:00,0.03121125,0.32279794521562505,0.032452677468749996,0.0,0.05,7.887368421052632,7.8873684,0.08956921052631639,0.0,0.05,0.0,-0.0,0.0,1
2012-07-29 06:30:00+00:00,0.0321153,0.32383195466325004,0.033392686057499996,0.0,0.097,7.836315789473685,7.8363158,0.10346762105263263,0.0,0.097,0.0,-0.0,0.0,1
2012-07-29 07:00:00+00:00,0.03311775,0.324978509356875,0.034435008506249996,0.006,0.048,7.81421052631579,7.8142105,0.1186705894736848,0.0,0.042,0.0,-0.0,0.0,1
2012-07-29 07:30:00+00:00,0.03274875,0.32455646468437505,0.03405133153125,0.0,0.096,7.763684210526317,7.7636842,0.12902482631579026,0.0,0.096,0.0,-0.0,0.0,1
2012-07-29 08:00:00+00:00,0.0345138,0.32657524503450003,0.035886586394999996,0.019,0.05,7.747368421052633,7.7473684,0.13634291052631653,0.0,0.031,3.469446951953614e-18,0.0,5.665177442342254e-19,1
2012-07-29 08:30:00+00:00,0.0341694,0.3261813366735001,0.035528487885,0.031,0.092,7.7152631578947375,7.7152632,0.13944392105263237,0.0,0.061,0.0,-0.0,0.0,1
2012-07-29 09:00:00+00:00,0.03605745,0.328340798581125,0.037491635073749995,0.125,0.06,7.7461381578947375,7.7461382,0.13742765789473754,0.065,0.0,0.0,-0.0,0.0,1
2012-07-29 09:30:00+00:00,0.03813615,0.330718316902875,0.03965301536625,0.231,0.084,7.815963157894737,7.8159632,0.12974385789473786,0.147,0.0,0.0,2.7755575615628914e-17,-5.502961331928236e-19,1
2012-07-29 10:00:00+00:00,0.0379332,0.33048619233300003,0.03944199303,0.325,0.068,7.938038157894737,7.9380382,0.11626405789473715,0.257,0.0,0.0,-0.0,0.0,1
2012-07-29 10:30:00+00:00,0.03769335,0.33021186329587504,0.03919260299625,0.375,0.074,7.962470540994737,7.9624705,0.0973544578947374,0.051436596,0.0,0.0,0.249563404,-0.004890519707682374,1
2012-07-29 11:00:00+00:00,0.03813615,0.150318316902875,0.03965301536625,0.319,0.078,7.962470540994737,7.9624705,0.07393434099473684,0.0,0.0,0.0,0.241,-0.0047781883516331254,1
2012-07-29 11:30:00+00:00,0.0374535,0.14953753425875002,0.0389432129625,0.369,0.066,7.962470540994737,7.9624705,0.04749784099473686,0.0,0.0,0.0,0.303,-0.00589989676381875,1
2012-07-29 12:00:00+00:00,0.0359898,0.1478634237245,0.037421294295000004,0.206,0.086,7.962470540994737,7.9624705,0.020076540994736547,0.0,0.0,0.0,0.12,-0.0022452776577000003,1
2012-07-29 12:30:00+00:00,0.0350796,0.146822380199,0.03647489109,0.094,0.058,7.962470540994737,7.9624705,4.099473649432639e-08,0.0,0.0,0.0,0.036,-0.00065654803962,1
2012-07-29 13:00:00+00:00,0.0352518,0.14701933437950002,0.036653940345,0.156,0.095,7.962470540994737,7.9624705,4.099473649432639e-08,0.0,0.0,0.0,0.061,-0.0011179451805225,1
2012-07-29 13:30:00+00:00,0.03449535,0.146154142800875,0.03586740254625,0.081,0.048,7.962470540994737,7.9624705,4.099473649432639e-08,0.0,0.0,0.0,0.033,-0.000591812142013125,1
2012-07-29 14:00:00+00:00,0.0344769,0.14613304056725002,0.035848218697499996,0.15,0.098,7.962470540994737,7.9624705,4.099473649432639e-08,0.0,0.0,0.0,0.05199999999999999,-0.0009320536861349997,1
2012-07-29 14:30:00+00:00,0.03444,0.14609083609999998,0.035809851,0.163,0.048,7.999999999819737,8.0,0.03752945900526328,0.079009387,0.0,0.0,0.035990613000000005,-0.0006444092444643316,1
2012-07-29 15:00:00+00:00,0.03445845,0.146111938333625,0.035829034848750003,0.431,0.098,7.999999999819737,8.0,1.8026291570549802e-10,0.0,0.0,0.0,0.33299999999999996,-0.005965534302316875,1
2012-07-29 15:30:00+00:00,0.0346737,0.14635813105925,0.0360528464175,0.463,0.051,7.999999999819737,8.0,1.8026291570549802e-10,0.0,0.0,0.0,0.41200000000000003,-0.007426886362005,1
2012-07-29 16:00:00+00:00,0.03685695,0.148855228704875,0.03832293518625,0.231,0.093,7.999999999819737,8.0,1.8026291570549802e-10,0.0,0.0,0.0,0.138,-0.00264428252785125,1
2012-07-29 16:30:00+00:00,0.04052235,0.153047539118375,0.04213412647125,0.119,0.061,7.999999999819737,8.0,1.8026291570549802e-10,0.0,0.0,0.0,0.057999999999999996,-0.0012218896676662499,1
2012-07-29 17:00:00+00:00,0.0446736,0.157795541684,0.04645049244,0.106,0.082,7.999999999819737,8.0,1.8026291570549802e-10,0.0,0.0,0.0,0.023999999999999994,-0.0005574059092799998,1
2012-07-29 17:30:00+00:00,0.04028865,0.152780244159125,0.041891131053749996,0.0,0.072,7.999999999819737,8.0,1.8026291570549802e-10,0.0,0.0,0.072,0.0,0.0055000887897285,1
2012-07-29 18:00:00+00:00,0.06819735,0.18470088955587502,0.07090989959625,0.0,0.072,7.962105262977632,7.9621053,0.22342549981973736,0.0,0.072,0.0,-0.0,0.0,1
2012-07-29 18:30:00+00:00,0.0773916,0.195216835979,0.08046985088999999,0.0,0.083,7.918421052451316,7.9184211,0.26543526297763176,0.0,0.083,0.0,-0.0,0.0,1
2012-07-29 19:00:00+00:00,0.07482705,0.192283625505125,0.07780329591375,0.0,0.061,7.886315789293421,7.8863158,0.2998850524513159,0.0,0.061,0.0,-0.0,0.0,1
2012-07-29 19:30:00+00:00,0.06155535,0.177104085450875,0.06400371404625,0.0,0.093,7.837368420872368,7.8373684,0.3226967892934205,0.0,0.093,0.0,-0.0,0.0,1
2012-07-29 20:00:00+00:00,0.05044845,0.164400540808625,0.05245503709875,0.0,0.05,7.811052631398684,7.8110526,0.340498020872368,0.0,0.05,0.0,-0.0,0.0,1
2012-07-29 20:30:00+00:00,0.05602035,0.170773415363375,0.05824855942124999,0.0,0.105,7.755789473503947,7.7557895,0.3519095313986833,0.0,0.105,0.0,-0.0,0.0,1
2012-07-29 21:00:00+00:00,0.04338825,0.15632541940812503,0.045114017643750004,0.0,0.048,7.73052631560921,7.7305263,0.35491807350394744,0.0,0.048,0.0,-0.0,0.0,1
2012-07-29 21:30:00+00:00,0.0393231,0.15167589393275002,0.0408871763025,0.0,0.105,7.675263157714474,7.6752632,0.34897841560920995,0.0,0.105,0.0,-0.0,0.0,1
2012-07-29 22:00:00+00:00,0.03642645,0.148362843253625,0.03787531204875,0.0,0.054,7.646842105082895,7.6468421,0.33706435771447385,0.0,0.054,0.0,-0.0,0.0,1
2012-07-29 22:30:00+00:00,0.03573765,0.14757502653162502,0.037159115028749995,0.0,0.091,7.59894736824079,7.5989474,0.3201881050828943,0.0,0.091,0.0,-0.0,0.0,1
2012-07-29 23:00:00+00:00,0.0353625,0.14714594778125,0.036769043437499996,0.0,0.062,7.566315789293421,7.5663158,0.2992659682407899,0.0,0.062,0.0,-0.0,0.0,1
2012-07-29 23:30:00+00:00,0.0356577,0.14748358351925,0.0370759850175,0.0,0.089,7.519473684030263,7.5194737,0.2745245892934216,0.0,0.089,0.0,-0.0,0.0,1
2012-07-30 00:00:00+00:00,0.0341817,0.09629540482925002,0.035541277117500006,0.0,0.072,7.519473684030263,7.5194737,0.04684211596973675,0.0,0.0,0.072,0.0,0.0034666345738530004,1
