Timestamp,Price_SMP,Buy_Rate_USD_kWh,Sell_Rate_USD_kWh,Solar_Gen,Consumption,SoC_kWh,SoC_Planned,SoC_Deviation,Charge_kW,Discharge_kW,Buy_kW,Sell_kW,Step_Cost_USD,Reoptimized
2012-06-30 00:30:00+00:00,0.019557,0.0795683676425,0.020334879675,0.0,0.551,4.71,4.71,0.0,0.0,0.551,0.0,-0.0,0.0,1
2012-06-30 01:00:00+00:00,0.0191019,0.07904784587975,0.0198616780725,0.0,0.366,4.517368421052631,4.5173684,0.19263160000000035,0.0,0.366,0.0,-0.0,0.0,1
2012-06-30 01:30:00+00:00,0.0182901,0.07811934760025001,0.0190175887275,0.0,0.341,4.4375,4.4375,0.07986842105263126,0.0,0.15175,0.18925000000000003,0.0,0.007392043266673658,1
2012-06-30 02:00:00+00:00,0.01545495,0.074876637699875,0.01606967063625,0.0,0.218,4.4375,4.4375,0.0,0.0,0.0,0.218,0.0,0.008161553509286375,1
2012-06-30 02:30:00+00:00,0.0112791,0.07010049882275,0.011727726202499998,0.0,0.106,5.15,5.15,0.7125000000000004,1.5,0.0,1.606,0.0,0.056290700554668255,1
2012-06-30 03:00:00+00:00,0.0105534,0.0692704776335,0.010973161484999997,0.0,0.156,5.862500000000001,5.8625,0.7124999999999995,1.5,0.0,1.656,0.0,0.057355955480538,1
2012-06-30 03:30:00+00:00,0.01114995,0.069952783187375,0.01159343926125,0.0,0.128,6.575000000000001,6.575,0.7124999999999995,1.5,0.0,1.6280000000000001,0.0,0.05694156551452325,1
2012-06-30 04:00:00+00:00,0.01064565,0.06937598880162502,0.011069080728749998,0.0,0.139,7.287500000000001,7.2875,0.7124999999999986,1.5,0.0,1.639,0.0,0.0568536228229317,1
2012-06-30 04:30:00+00:00,0.0095325,0.06810282070625,0.009911655187499998,0.0,0.139,8.0,8.0,0.7124999999999986,1.5,0.0,1.639,0.0,0.05581026156877188,1
2012-06-30 05:00:00+00:00,0.0081918,0.29646939172950004,0.008517628845,0.0,0.118,7.937894736842106,7.9378947,0.06210529999999981,0.0,0.118,0.0,-0.0,0.0,1
2012-06-30 05:30:00+00:00,0.0119925,0.30081645185625006,0.012469501687499999,0.0,0.144,7.862105263157895,7.8621053,0.07578943684210593,0.0,0.144,0.0,-0.0,0.0,1
2012-06-30 06:00:00+00:00,0.01367145,0.3027367551161251,0.01421523192375,0.0,0.092,7.813684210526316,7.8136842,0.04842106315789518,0.0,0.092,0.0,-0.0,0.0,1
2012-06-30 06:30:00+00:00,0.01389285,0.302989981919625,0.01444543810875,0.0,0.145,7.737368421052632,7.7373684,0.07631581052631553,0.0,0.145,0.0,-0.0,0.0,1
2012-06-30 07:00:00+00:00,0.0148953,0.30413653661325,0.015487760557499999,0.0,0.103,7.683157894736842,7.6831579,0.05421052105263158,0.0,0.103,0.0,-0.0,0.0,1
2012-06-30 07:30:00+00:00,0.0171954,0.30676728173850004,0.017879347034999996,0.0,0.279,7.536315789473685,7.5363158,0.14684209473684273,0.0,0.279,0.0,-0.0,0.0,1
2012-06-30 08:00:00+00:00,0.018204,0.30792087051,0.0189280641,0.013,0.621,7.2163157894736845,7.2163158,0.31999998947368447,0.0,0.608,0.0,-0.0,0.0,1
2012-06-30 08:30:00+00:00,0.0197415,0.30967938997875005,0.0205267181625,0.031,0.597,6.9184210526315795,6.9184211,0.2978946894736847,0.0,0.566,0.0,-0.0,0.0,1
2012-06-30 09:00:00+00:00,0.0208485,0.31094552399625003,0.021677749087499996,0.088,0.639,6.628421052631579,6.6284211,0.28999995263157974,0.0,0.551,0.0,-0.0,0.0,1
2012-06-30 09:30:00+00:00,0.0212544,0.31140977313600005,0.022099793759999996,0.206,0.62,6.4105263157894745,6.4105263,0.21789475263157954,0.0,0.414,5.551115123125783e-17,0.0,8.643357505722095e-18,1
2012-06-30 10:00:00+00:00,0.0207747,0.31086111506175,0.021601013692499997,0.3,0.903,6.0931578947368426,6.0931579,0.31736841578947494,0.0,0.603,0.0,-0.0,0.0,1
2012-06-30 10:30:00+00:00,0.0196431,0.30956684473275003,0.0204244043025,0.369,0.699,5.919473684210526,5.9194737,0.17368419473684238,0.0,0.33,0.0,5.551115123125783e-17,-5.668910980222153e-19,1
2012-06-30 11:00:00+00:00,0.0194463,0.12894175424075,0.020219776582499998,0.419,0.816,5.7105263157894735,5.7105263,0.20894738421052672,0.0,0.397,0.0,5.551115123125783e-17,-5.612115378667015e-19,1
2012-06-30 11:30:00+00:00,0.02021505,0.129821013975125,0.02101910361375,0.463,0.425,5.728576315789473,5.7285763,0.018049984210526837,0.038,0.0,0.0,5.551115123125783e-17,-5.833973197241771e-19,1
2012-06-30 12:00:00+00:00,0.0196677,0.12919498104425,0.0204499827675,0.488,0.178,5.875826315789473,5.8758263,0.14724998421052682,0.31,0.0,0.0,-0.0,0.0,1
2012-06-30 12:30:00+00:00,0.0190404,0.12847750510099998,0.019797731909999998,0.513,0.286,5.983651315789473,5.9836513,0.10782498421052722,0.227,0.0,0.0,-0.0,0.0,1
2012-06-30 13:00:00+00:00,0.0184746,0.12783036993650002,0.019209427214999998,0.525,0.145,6.164151315789473,6.1641513,0.1804999842105275,0.38,0.0,0.0,-0.0,0.0,1
2012-06-30 13:30:00+00:00,0.01866525,0.128048426350625,0.01940766031875,0.531,0.162,6.339426315789473,6.3394263,0.17527498421052723,0.369,0.0,0.0,-0.0,0.0,1
2012-06-30 14:00:00+00:00,0.0198645,0.12942007153625001,0.0206546104875,0.525,0.153,6.5161263157894735,6.5161263,0.17669998421052657,0.372,0.0,0.0,-0.0,0.0,1
2012-06-30 14:30:00+00:00,0.0195201,0.12902616317525,0.020296511977499997,0.463,0.186,6.647701315789473,6.6477013,0.13157498421052605,0.277,0.0,0.0,-0.0,0.0,1
2012-06-30 15:00:00+00:00,0.0200367,0.12961702571675,0.0208336597425,0.194,0.249,6.618753947368421,6.6187539,0.028947415789473574,0.0,0.055,0.0,6.938893903907228e-18,-7.228127729165534e-20,1
2012-06-30 15:30:00+00:00,0.0200121,0.12958888940525,0.0208080812775,0.206,0.144,6.648203947368421,6.6482039,0.029449952631579457,0.062,0.0,0.0,-0.0,0.0,1
2012-06-30 16:00:00+00:00,0.0202212,0.129828048053,0.021025498230000002,0.194,0.199,6.645572368421052,6.6455724,0.0026315473684208612,0.0,0.005,4.336808689942018e-18,0.0,2.815197034972301e-19,1
2012-06-30 16:30:00+00:00,0.02293335,0.13293007639587498,0.02384552399625,0.069,0.137,6.609782894736842,6.6097829,0.03578946842105246,0.0,0.068,0.0,-0.0,0.0,1
2012-06-30 17:00:00+00:00,0.02726295,0.137882067219875,0.02834733383625,0.006,0.204,6.505572368421053,6.5055724,0.10421049473684185,0.0,0.198,0.0,2.7755575615628914e-17,-3.9339828389675644e-19,1
2012-06-30 17:30:00+00:00,0.02936625,0.140287721853125,0.030534292593749998,0.0,0.226,6.386625,6.386625,0.11894736842105225,0.0,0.226,0.0,-0.0,0.0,1
2012-06-30 18:00:00+00:00,0.0328164,0.144233839541,0.03412167231,0.0,0.286,6.236098684210527,6.2360987,0.1505263000000001,0.0,0.286,0.0,-0.0,0.0,1
2012-06-30 18:30:00+00:00,0.0324105,0.14376959040124998,0.0336996276375,0.0,0.257,6.10083552631579,6.1008355,0.13526318421052697,0.0,0.257,0.0,-0.0,0.0,1
2012-06-30 19:00:00+00:00,0.0291879,0.14008373359475002,0.030348848722499995,0.0,0.628,5.7703092105263165,5.7703092,0.33052632631579026,0.0,0.628,0.0,-0.0,0.0,1
2012-06-30 19:30:00+00:00,0.0254979,0.13586328686975,0.0265120789725,0.0,1.783,4.98083552631579,4.9808355,0.7894737105263161,0.0,1.5,0.2829999999999999,0.0,0.01922465509206962,1
2012-06-30 20:00:00+00:00,0.0254241,0.13577887793525,0.0264353435775,0.0,1.645,4.191361842105263,4.1913618,0.7894737263157898,0.0,1.5,0.14500000000000002,0.0,0.009843968650305627,1
2012-06-30 20:30:00+00:00,0.0259284,0.136355672321,0.02695970211,0.0,1.503,3.401888157894737,3.4018882,0.7894736421052633,0.0,1.5,0.0029999999999998916,0.0,0.0002045335084814926,1
2012-06-30 21:00:00+00:00,0.0259284,0.136355672321,0.02695970211,0.0,0.448,3.1660986842105263,3.1660987,0.23578945789473682,0.0,0.448,0.0,-0.0,0.0,1
2012-06-30 21:30:00+00:00,0.02373285,0.133844506519625,0.02467682410875,0.0,0.44,2.9345197368421054,2.9345197,0.23157898421052625,0.0,0.44,0.0,-0.0,0.0,1
2012-06-30 22:00:00+00:00,0.0270354,0.13762180633850002,0.028110733035,0.0,0.41,2.718730263157895,2.7187303,0.2157894368421056,0.0,0.41,0.0,-0.0,0.0,1
2012-06-30 22:30:00+00:00,0.0303318,0.1413920720795,0.031538247345,0.0,0.449,2.482414473684211,2.4824145,0.23631576315789493,0.0,0.449,0.0,-0.0,0.0,1
2012-06-30 23:00:00+00:00,0.02718915,0.137797658285375,0.028270598441249996,0.0,0.631,2.150309210526316,2.1503092,0.3321052736842107,0.0,0.631,0.0,-0.0,0.0,1
2012-06-30 23:30:00+00:00,0.02936625,0.140287721853125,0.030534292593749998,0.0,0.693,1.785572368421053,1.7855724,0.364736810526316,0.0,0.693,0.0,-0.0,0.0,1
2012-07-01 00:00:00+00:00,0.03199845,0.093798307183625,0.03327118834875,0.0,0.471,2.498072368421053,2.4980724,0.7125000315789469,1.5,0.0,1.971,0.0,0.09243823172946244,1
2012-07-01 00:30:00+00:00,0.0350796,0.09732238019900001,0.03647489109,0.0,0.439,2.498072368421053,2.4980724,3.15789470128891e-08,0.0,0.0,0.439,0.0,0.021362262453680503,1
2012-07-01 01:00:00+00:00,0.03301935,0.09496596411087499,0.034332694646249995,0.0,0.415,3.012499980921053,3.0125,0.5144276315789473,1.0830055,0.0,1.4980055,0.0,0.07112976827544668,1
2012-07-01 01:30:00+00:00,0.0319431,0.09373500048275,0.0332136368025,0.0,0.213,3.7249999809210528,3.725,0.7125000190789472,1.5,0.0,1.713,0.0,0.08028402791347539,1
2012-07-01 02:00:00+00:00,0.03205995,0.093868647962375,0.03333513451124999,0.0,0.158,4.437499980921053,4.4375,0.7125000190789472,1.5,0.0,1.658,0.0,0.07781710916080888,1
2012-07-01 02:30:00+00:00,0.0291756,0.09056966543900001,0.030336059489999997,0.0,0.105,5.149999980921052,5.15,0.7125000190789477,1.5,0.0,1.605,0.0,0.07268215651479751,1
2012-07-01 03:00:00+00:00,0.02827155,0.089535655991375,0.029396050901249995,0.0,0.161,5.8624999809210525,5.8625,0.7125000190789477,1.5,0.0,1.661,0.0,0.07435936230083694,1
2012-07-01 03:30:00+00:00,0.02577465,0.086679820374125,0.026799836703749996,0.0,0.127,6.574999980921053,6.575,0.7125000190789477,1.5,0.0,1.627,0.0,0.07051403387435069,1
2012-07-01 04:00:00+00:00,0.0211683,0.08141129604575001,0.0220102691325,0.0,0.135,7.287499980921053,7.2875,0.7125000190789468,1.5,0.0,1.635,0.0,0.06655373451740064,1
2012-07-01 04:30:00+00:00,0.02878815,0.090126518532875,0.029933198666249994,0.0,0.14,7.999999980921054,8.0,0.7125000190789468,1.5,0.0,1.6400000000000001,0.0,0.0739037451969575,1
2012-07-01 05:00:00+00:00,0.03078075,0.322305559764375,0.03200505433125,0.0,0.119,7.937368401973685,7.9373684,0.06263158092105314,0.0,0.119,0.0,-0.0,0.0,1
2012-07-01 05:30:00+00:00,0.03236745,0.32412035185612503,0.03365486532375,0.0,0.146,7.8605262967105265,7.8605263,0.07684210197368468,0.0,0.146,0.0,-0.0,0.0,1
2012-07-01 06:00:00+00:00,0.03164175,0.323290330666875,0.03290030060625,0.006,0.101,7.810526296710527,7.8105263,0.04999999671052624,0.0,0.095,0.0,-0.0,0.0,1
2012-07-01 06:30:00+00:00,0.0311559,0.32273463851475004,0.0323951259225,0.0,0.132,7.741052612500001,7.7410526,0.06947369671052694,0.0,0.132,0.0,-0.0,0.0,1
2012-07-01 07:00:00+00:00,0.03225675,0.323993738454375,0.03353976223125,0.0,0.127,7.674210507236843,7.6742105,0.06684211250000072,0.0,0.127,0.0,-0.0,0.0,1
2012-07-01 07:30:00+00:00,0.0322875,0.3240289088437501,0.033571735312499996,0.0,0.243,7.546315770394738,7.5463158,0.12789470723684282,0.0,0.243,0.0,-0.0,0.0,1
2012-07-01 08:00:00+00:00,0.0338496,0.325815564624,0.03519596784,0.013,0.642,7.215263138815791,7.2152631,0.3310526703947385,0.0,0.629,0.0,-0.0,0.0,1
2012-07-01 08:30:00+00:00,0.033948,0.32592810987000004,0.035298281699999996,0.031,0.591,6.920526296710528,6.9205263,0.2947368388157914,0.0,0.56,0.0,1.1102230246251565e-16,-1.9594482536522404e-18,1
2012-07-01 09:00:00+00:00,0.03614355,0.328439275671375,0.03758115970125,0.056,0.637,6.614736823026317,6.6147368,0.3057894967105277,0.0,0.581,0.0,-0.0,0.0,1
2012-07-01 09:30:00+00:00,0.03720135,0.329649137065875,0.03868103369625,0.094,0.677,6.307894717763159,6.3078947,0.30684212302631675,0.0,0.583,1.1102230246251565e-16,0.0,1.8299203100917428e-17,1
2012-07-01 10:00:00+00:00,0.037146,0.32958583036500005,0.03862348214999999,0.156,0.867,5.9336841914473695,5.9336842,0.37421051776315917,0.0,0.711,0.0,-0.0,0.0,1
2012-07-01 10:30:00+00:00,0.0373059,0.32976871638975,0.0387897421725,0.338,0.845,5.666842086184212,5.6668421,0.26684209144736926,0.0,0.507,0.0,1.1102230246251565e-16,-2.153263243959147e-18,1
2012-07-01 11:00:00+00:00,0.0351903,0.14694899360074998,0.036589994182499995,0.419,0.86,5.666842086184212,5.6668421,1.381578851322729e-08,0.0,0.0,0.441,0.0,0.03240225308896537,1
2012-07-01 11:30:00+00:00,0.0360759,0.14796190081475,0.037510818922499994,0.331,0.586,5.666842086184212,5.6668421,1.381578851322729e-08,0.0,0.0,0.25499999999999995,0.0,0.01886514235388062,1
2012-07-01 12:00:00+00:00,0.036285,0.1482010594625,0.037728235874999995,0.075,0.506,5.666842086184212,5.6668421,1.381578851322729e-08,0.0,0.0,0.431,0.0,0.031937328314168754,1
2012-07-01 12:30:00+00:00,0.0356577,0.14748358351925,0.0370759850175,0.113,0.876,5.666842086184212,5.6668421,1.381578851322729e-08,0.0,0.0,0.763,0.0,0.05626498711259388,1
2012-07-01 13:00:00+00:00,0.0360882,0.14797596897049997,0.03752360815499999,0.413,0.628,5.666842086184212,5.6668421,1.381578851322729e-08,0.0,0.0,0.21500000000000002,0.0,0.01590741666432875,1
2012-07-01 13:30:00+00:00,0.03589755,0.14775791255637502,0.03732537505125,0.55,0.694,5.666842086184212,5.6668421,1.381578851322729e-08,0.0,0.0,0.1439999999999999,0.0,0.010638569704058994,1
2012-07-01 14:00:00+00:00,0.0355224,0.147328833806,0.03693530346,0.438,0.279,5.7423670861842115,5.7423671,0.07552501381578836,0.159,0.0,5.551115123125783e-17,0.0,4.0891965870648586e-18,1
2012-07-01 14:30:00+00:00,0.0350427,0.14678017573175,0.0364365233925,0.463,0.253,5.842117086184212,5.8421171,0.09975001381578874,0.21,0.0,0.0,5.551115123125783e-17,-1.0113166801911656e-18,1
2012-07-01 15:00:00+00:00,0.0361866,0.1480885142165,0.03762592201499999,0.438,0.116,5.9950670861842115,5.9950671,0.1529500138157882,0.322,0.0,0.0,-0.0,0.0,1
2012-07-01 15:30:00+00:00,0.0343047,0.14593608638674999,0.035669169442499996,0.425,0.24,6.082942086184212,6.0829421,0.08787501381578888,0.185,0.0,0.0,-0.0,0.0,1
2012-07-01 16:00:00+00:00,0.03511035,0.146857550588375,0.03650686417124999,0.319,0.23,6.125217086184212,6.1252171,0.042275013815788576,0.089,0.0,0.0,-0.0,0.0,1
2012-07-01 16:30:00+00:00,0.0376134,0.1497204202835,0.039109472985,0.231,0.216,6.132342086184212,6.1323421,0.007125013815787895,0.015,0.0,0.0,2.7755575615628914e-17,-5.427529673612818e-19,1
2012-07-01 17:00:00+00:00,0.04039935,0.152906857560875,0.042006234146249995,0.0,0.358,5.943921033552633,5.943921,0.1884210861842126,0.0,0.358,0.0,-0.0,0.0,1
2012-07-01 17:30:00+00:00,0.04091595,0.153497720102375,0.04254338191124999,0.0,0.271,5.801289454605264,5.8012895,0.14263153355263292,0.0,0.271,0.0,-0.0,0.0,1
2012-07-01 18:00:00+00:00,0.04894785,0.16268422580712502,0.050894750733749994,0.0,0.34,5.6223420861842115,5.6223421,0.17894735460526423,0.0,0.34,0.0,-0.0,0.0,1
2012-07-01 18:30:00+00:00,0.04686915,0.16030670748537498,0.04873337044124999,0.0,0.439,5.391289454605264,5.3912895,0.23105258618421143,0.0,0.439,0.0,-0.0,0.0,1
2012-07-01 19:00:00+00:00,0.0437142,0.1566982255355,0.045452932305,0.006,0.365,5.202342086184212,5.2023421,0.18894735460526402,0.0,0.359,0.0,-0.0,0.0,1
2012-07-01 19:30:00+00:00,0.0425457,0.15536175073925,0.04423795521749999,0.0,1.841,4.412868401973685,4.4128684,0.7894736861842118,0.0,1.5,0.34099999999999997,0.0,0.02648917850104212,1
2012-07-01 20:00:00+00:00,0.04017795,0.152653630757375,0.04177602796124999,0.0,1.772,3.6233947177631585,3.6233947,0.789473701973685,0.0,1.5,0.272,0.0,0.020760893783003,1
2012-07-01 20:30:00+00:00,0.03956295,0.151950222969875,0.04113656633625,0.0,1.448,2.861289454605264,2.8612895,0.7621052177631586,0.0,1.448,0.0,-0.0,0.0,1
2012-07-01 21:00:00+00:00,0.0385974,0.1508458727435,0.040132611585,0.0,1.364,2.861289454605264,2.8612895,4.53947359702056e-08,0.0,0.0,1.364,0.0,0.10287688521106701,1
2012-07-01 21:30:00+00:00,0.03905865,0.151373428584125,0.04061220780375,0.0,1.045,2.311289454605264,2.3112895,0.5499999546052639,0.0,1.045,0.0,-0.0,0.0,1
2012-07-01 22:00:00+00:00,0.0388311,0.15111316770275,0.040375607002499994,0.0,1.02,1.7744473493421062,1.7744473,0.536842154605264,0.0,1.02,0.0,-0.0,0.0,1
2012-07-01 22:30:00+00:00,0.0409467,0.15353289049175,0.0425753549925,0.0,0.94,1.279710507236843,1.2797105,0.49473684934210627,0.0,0.94,0.0,-0.0,0.0,1
2012-07-01 23:00:00+00:00,0.0375396,0.14963601134899998,0.03903273759,0.0,0.9,1.279710507236843,1.2797105,7.236843124758252e-09,0.0,0.0,0.9,0.0,0.06733620510704999,1
2012-07-01 23:30:00+00:00,0.03880035,0.15107799731337498,0.04034363392125,0.0,1.083,1.0000000019736852,1.0,0.2797105072368431,0.0,0.53144996,0.55155004,0.0,0.04166353773065593,1
2012-07-02 00:00:00+00:00,0.037515,0.10010787503749999,0.039007159124999996,0.0,1.06,1.0000000019736852,1.0,1.9736852152618667e-09,0.0,0.0,1.06,0.0,0.053057173769874996,1
2012-07-02 00:30:00+00:00,0.03439695,0.096541597554875,0.03576508868625,0.0,0.5,1.3591973674736852,1.3591974,0.3591973980263148,0.75620498,0.0,1.2562049800000001,0.0,0.0606380178127949,1
2012-07-02 01:00:00+00:00,0.03362205,0.09565530374262503,0.03495936703875,0.0,0.487,2.071697367473685,2.0716974,0.7125000325263149,1.5,0.0,1.987,0.0,0.09503354426829796,1
2012-07-02 01:30:00+00:00,0.03406485,0.09616175734962502,0.03541977940875,0.0,0.41,2.784197367473685,2.7841974,0.7125000325263149,1.5,0.0,1.91,0.0,0.09183447826889189,1
2012-07-02 02:00:00+00:00,0.0337266,0.09577488306650002,0.035068075515,0.0,0.12,3.496697367473685,3.4966974,0.7125000325263149,1.5,0.0,1.62,0.0,0.07757765528386502,1
2012-07-02 02:30:00+00:00,0.03308085,0.09503630488962501,0.03439664080875,0.0,0.146,4.209197367473685,4.2091974,0.7125000325263149,1.5,0.0,1.646,0.0,0.07821487892416139,1
2012-07-02 03:00:00+00:00,0.0331239,0.09508554343475002,0.0344414031225,0.0,0.152,4.921697367473685,4.9216974,0.7125000325263153,1.5,0.0,1.652,0.0,0.07854065887710351,1
2012-07-02 03:30:00+00:00,0.0331485,0.09511367974625,0.034466981587499994,0.0,0.127,5.634197367473686,5.6341974,0.7125000325263144,1.5,0.0,1.627,0.0,0.07737497847357437,1
2012-07-02 04:00:00+00:00,0.03313005,0.09509257751262501,0.034447797738749994,0.0,0.155,6.346697367473686,6.3466974,0.7125000325263144,1.5,0.0,1.655,0.0,0.0786891078916972,1
2012-07-02 04:30:00+00:00,0.0331485,0.09511367974625,0.034466981587499994,0.0,0.138,7.059197367473686,7.0591974,0.7125000325263144,1.5,0.0,1.638,0.0,0.07789810371217874,1
2012-07-02 05:00:00+00:00,0.03326535,0.325147327225875,0.034588479296249995,0.0,0.121,6.9955131569473705,6.9955132,0.06368416747368588,0.0,0.121,0.0,-0.0,0.0,1
2012-07-02 05:30:00+00:00,0.0354117,0.32760222040425,0.03682020036749999,0.0,0.157,6.912881578000002,6.9128816,0.08263155694737012,0.0,0.157,0.0,-0.0,0.0,1
2012-07-02 06:00:00+00:00,0.03721365,0.32966320522162507,0.03869382292875,0.0,0.113,6.853407893789476,6.8534079,0.05947367800000247,0.0,0.113,0.0,-0.0,0.0,1
2012-07-02 06:30:00+00:00,0.04154325,0.334615196045625,0.04319563276874999,0.0,0.124,6.788144735894739,6.7881447,0.06526319378947587,0.0,0.124,0.0,-0.0,0.0,1
2012-07-02 07:00:00+00:00,0.04940295,0.3436047475698751,0.051367952336249995,0.0,0.14,6.714460525368423,6.7144605,0.07368423589473849,0.0,0.14,0.0,-0.0,0.0,1
2012-07-02 07:30:00+00:00,0.04357275,0.33693644174437504,0.04530585613125,0.0,0.098,6.662881578000002,6.6628816,0.0515789253684229,0.0,0.098,0.0,-0.0,0.0,1
2012-07-02 08:00:00+00:00,0.05431065,0.34921794171412507,0.056470856103749995,0.013,0.136,6.598144735894739,6.5981447,0.06473687800000238,0.0,0.123,1.3877787807814457e-17,0.0,2.4231862468951722e-18,1
2012-07-02 08:30:00+00:00,0.0599625,0.35568225928125,0.0623475084375,0.025,0.127,6.544460525368423,6.5444605,0.05368423589473981,0.0,0.102,1.3877787807814457e-17,0.0,2.468041460654616e-18,1
2012-07-02 09:00:00+00:00,0.05511015,0.35013237183787504,0.05730215621625,0.088,0.311,6.427092104315792,6.4270921,0.11736842536842307,0.0,0.223,0.0,-0.0,0.0,1
2012-07-02 09:30:00+00:00,0.0512418,0.3457079368545001,0.05327994259499999,0.213,0.25,6.4076184201052655,6.4076184,0.019473704315791984,0.0,0.037,6.938893903907228e-18,0.0,1.1994153477860178e-18,1
2012-07-02 10:00:00+00:00,0.0551163,0.35013940591575,0.05730855083249999,0.313,0.319,6.404460525368424,6.4044605,0.0031579201052656103,0.0,0.006,5.204170427930421e-18,0.0,9.110925709599362e-19,1
2012-07-02 10:30:00+00:00,0.0485481,0.34262701074525004,0.05047910067749999,0.375,0.172,6.500885525368424,6.5008855,0.09642497463157618,0.203,0.0,0.0,-0.0,0.0,1
2012-07-02 11:00:00+00:00,0.04616805,0.15950482260762502,0.04800438418875,0.431,0.151,6.633885525368424,6.6338855,0.1329999746315762,0.28,0.0,5.551115123125783e-17,0.0,4.4271481649434126e-18,1
2012-07-02 11:30:00+00:00,0.05245335,0.16669365019587498,0.05453968199625,0.475,0.124,6.800610525368423,6.8006105,0.16672497463157665,0.351,0.0,0.0,-0.0,0.0,1
2012-07-02 12:00:00+00:00,0.0549687,0.16957058804675,0.057155080042499994,0.388,0.124,6.926010525368423,6.9260105,0.12539997463157704,0.264,0.0,0.0,-0.0,0.0,1
2012-07-02 12:30:00+00:00,-0.0364572,0.065001986357,-0.03790728513,0.363,0.149,7.638510525368423,7.6385105,0.7124999746315765,1.5,0.0,1.286,0.0,0.041796277227551,1
2012-07-02 13:00:00+00:00,0.04337595,0.15631135125237502,0.04510122841125,0.488,0.106,7.819960525368423,7.8199605,0.18144997463157697,0.382,0.0,0.0,-0.0,0.0,1
2012-07-02 13:30:00+00:00,0.05314215,0.167481466917875,0.055255879016249995,0.431,0.144,7.956285525368423,7.9562855,0.13632497463157733,0.287,0.0,0.0,5.551115123125783e-17,-1.5336587282435697e-18,1
2012-07-02 14:00:00+00:00,0.04459365,0.157704098671625,0.046367362428749996,0.219,0.132,7.997610525368422,7.9976105,0.04132497463157758,0.087,0.0,0.0,-0.0,0.0,1
2012-07-02 14:30:00+00:00,0.0519921,0.16616609435525,0.054060085777499996,0.238,0.281,7.974978946421054,7.9749789,0.022631625368422448,0.0,0.043,4.163336342344337e-17,0.0,3.459026697473153e-18,1
2012-07-02 15:00:00+00:00,0.0559281,0.17066790419525002,0.0581526401775,0.288,0.291,7.973399999052632,7.9734,0.0015789464210538284,0.0,0.003,2.6020852139652106e-18,0.0,2.220462150024456e-19,1
2012-07-02 15:30:00+00:00,0.0566907,0.17154012985175,0.05894557259249999,0.331,0.283,7.9961999990526325,7.9962,0.02280000094736767,0.048,0.0,0.0,5.551115123125783e-17,-1.6360682972976767e-18,1
2012-07-02 16:00:00+00:00,0.0589047,0.17407239788675,0.0612476344425,0.281,0.273,8.0,8.0,0.0038000009473675433,0.008000002,0.0,1.9999999989472883e-09,0.0,1.7407239779512597e-10,1
2012-07-02 16:30:00+00:00,0.06386775,0.179748898731875,0.06640808975625,0.256,0.458,7.893684210526316,7.8936842,0.10631579999999996,0.0,0.202,0.0,-0.0,0.0,1
2012-07-02 17:00:00+00:00,0.06529455,0.181380804798875,0.06789164072625001,0.0,0.384,7.691578947368421,7.6915789,0.2021053105263162,0.0,0.384,0.0,-0.0,0.0,1
2012-07-02 17:30:00+00:00,0.10175175,0.223078818441875,0.10579892585624999,0.0,0.385,7.488947368421052,7.4889474,0.20263154736842104,0.0,0.385,0.0,-0.0,0.0,1
2012-07-02 18:00:00+00:00,0.1472556,0.275123960639,0.15311269148999998,0.0,0.502,6.921052631578947,6.9210526,0.567894768421052,0.0,1.079,0.0,0.577,-0.044173011494864994,1
2012-07-02 18:30:00+00:00,0.14934045,0.27750851303862506,0.15528046639874998,0.0,1.035,6.13157894736842,6.1315789,0.7894737315789468,0.0,1.5,0.0,0.4650000000000001,-0.03610270843770938,1
2012-07-02 19:00:00+00:00,0.14467875,0.272176682009375,0.15043334728125,0.0,1.14,5.531578947368421,5.5315789,0.6000000473684199,0.0,1.14,0.0,-0.0,0.0,1
2012-07-02 19:30:00+00:00,0.08417505,0.202975423875125,0.08752311261375,0.0,1.074,4.966315789473684,4.9663158,0.5652631473684204,0.0,1.074,0.0,-0.0,0.0,1
2012-07-02 20:00:00+00:00,0.07554045,0.193099578538625,0.07854507139874999,0.0,1.076,4.3999999999999995,4.4,0.5663157894736832,0.0,1.076,0.0,-0.0,0.0,1
2012-07-02 20:30:00+00:00,0.13397775,0.259937386506875,0.13930671500624997,0.0,1.045,3.8499999999999996,3.85,0.5499999999999994,0.0,1.045,0.0,-0.0,0.0,1
2012-07-02 21:00:00+00:00,0.07683195,0.19457673489237498,0.07988794081124999,0.0,1.002,3.322631578947368,3.3226316,0.5273683999999998,0.0,1.002,0.0,-0.0,0.0,1
2012-07-02 21:30:00+00:00,0.0691629,0.18580523978225,0.0719138543475,0.0,1.097,2.7452631578947364,2.7452632,0.577368378947368,0.0,1.097,0.0,-0.0,0.0,1
2012-07-02 22:00:00+00:00,0.06993165,0.186684499516625,0.07271318137874999,0.0,1.01,2.2136842105263153,2.2136842,0.5315789578947365,0.0,1.01,0.0,-0.0,0.0,1
2012-07-02 22:30:00+00:00,0.13854105,0.26515667229012496,0.14405152026374998,0.0,0.988,1.6936842105263152,1.6936842,0.5200000105263152,0.0,0.988,0.0,-0.0,0.0,1
2012-07-02 23:00:00+00:00,0.0775515,0.19539972200375,0.08063611091249999,0.0,0.836,1.2536842105263153,1.2536842,0.4400000105263153,0.0,0.836,0.0,-0.0,0.0,1
2012-07-02 23:30:00+00:00,0.06964875,0.18636093193437497,0.07241902903124998,0.0,0.482,1.0,1.0,0.2536842105263153,0.0,0.482,0.0,-0.0,0.0,1
2012-07-03 00:00:00+00:00,0.05408925,0.119064714910625,0.056240649918749996,0.0,0.565,1.7125,1.7125,0.7124999999999999,1.5,0.0,2.065,0.0,0.12293431814522031,1
2012-07-03 00:30:00+00:00,0.05709045,0.12249734491362502,0.059361222648749996,0.0,0.412,2.425,2.425,0.7124999999999999,1.5,0.0,1.912,0.0,0.1171074617374255,1
2012-07-03 01:00:00+00:00,0.06643845,0.133189143283625,0.06908103934874998,0.006,0.153,3.0124999975,3.0125,0.5875000000000004,1.2368421,0.0,1.3838421,0.0,0.09215637186940626,1
2012-07-03 01:30:00+00:00,0.06637695,0.133118802504875,0.06901709318625,0.0,0.157,3.7249999975,3.725,0.7125000025000001,1.5,0.0,1.657,0.0,0.11028892787528895,1
2012-07-03 02:00:00+00:00,0.06015315,0.126000315695375,0.06254574154124999,0.0,0.14,4.4374999975,4.4375,0.7125000025000001,1.5,0.0,1.6400000000000001,0.0,0.10332025887020752,1
2012-07-03 02:30:00+00:00,0.0517461,0.11638473124025,0.0538043011275,0.0,0.121,5.1499999975,5.15,0.7125000025000006,1.5,0.0,1.621,0.0,0.09432982467022263,1
2012-07-03 03:00:00+00:00,0.04996875,0.11435188273437501,0.051956257031249994,0.0,0.156,5.8624999975000005,5.8625,0.7125000024999997,1.5,0.0,1.656,0.0,0.0946833589040625,1
2012-07-03 03:30:00+00:00,0.0471213,0.11109510467825,0.048995549707499995,0.0,0.125,6.574999997500001,6.575,0.7125000024999997,1.5,0.0,1.625,0.0,0.09026477255107812,1
2012-07-03 04:00:00+00:00,0.0444522,0.10804231488049999,0.04622028625499999,0.0,0.135,7.287499997500001,7.2875,0.7125000024999988,1.5,0.0,1.635,0.0,0.08832459241480875,1
2012-07-03 04:30:00+00:00,0.03800085,0.10066356718962502,0.03951233380875,0.0,0.152,7.999999997500002,8.0,0.7125000024999988,1.5,0.0,1.652,0.0,0.08314810649863026,1
2012-07-03 05:00:00+00:00,0.0400857,0.33294811958925,0.0416801087175,0.0,0.116,7.938947365921054,7.9389474,0.06105259750000158,0.0,0.116,0.0,-0.0,0.0,1
2012-07-03 05:30:00+00:00,0.04244115,0.33564217141537506,0.044129246741249996,0.0,0.153,7.8584210501315805,7.8584211,0.08052626592105394,0.0,0.153,0.0,-0.0,0.0,1
2012-07-03 06:00:00+00:00,0.0469614,0.34081221865350003,0.04882928968499999,0.0,0.129,7.790526313289475,7.7905263,0.06789475013158075,0.0,0.129,0.0,-0.0,0.0,1
2012-07-03 06:30:00+00:00,0.05444595,0.34937269142737504,0.056611537661249996,0.0,0.124,7.725263155394738,7.7252632,0.06526311328947543,0.0,0.124,0.0,-0.0,0.0,1
2012-07-03 07:00:00+00:00,0.05514705,0.35017457630512505,0.057340523913750004,0.0,0.151,7.645789471184211,7.6457895,0.07947365539473772,0.0,0.151,0.0,-0.0,0.0,1
2012-07-03 07:30:00+00:00,0.04983345,0.34409713302112505,0.05181557547374999,0.0,0.245,7.5168421027631585,7.5168421,0.1289473711842115,0.0,0.245,0.0,-0.0,0.0,1
2012-07-03 08:00:00+00:00,0.05495025,0.349949485813125,0.057135896193749994,0.013,0.614,7.200526313289474,7.2005263,0.3163158027631585,0.0,0.601,0.0,-0.0,0.0,1
2012-07-03 08:30:00+00:00,0.0611556,0.357046870389,0.06358806399,0.025,0.627,6.883684208026317,6.8836842,0.3168421132894741,0.0,0.602,0.0,-0.0,0.0,1
2012-07-03 09:00:00+00:00,0.0548211,0.34980177017775,0.05700160925249999,0.081,0.729,6.542631576447369,6.5426316,0.34105260802631676,0.0,0.648,0.0,-0.0,0.0,1
2012-07-03 09:30:00+00:00,0.05316675,0.3479096032293751,0.05528145748125,0.213,0.802,6.232631576447369,6.2326316,0.30999997644736865,0.0,0.589,1.1102230246251565e-16,0.0,1.9312862599672747e-17,1
2012-07-03 10:00:00+00:00,0.05043,0.34477943857500004,0.05243585325,0.306,0.712,6.018947365921053,6.0189474,0.21368417644736937,0.0,0.406,0.0,5.551115123125783e-17,-1.455387289850396e-18,1
2012-07-03 10:30:00+00:00,0.04451985,0.338019689737125,0.04629062703375,0.375,0.845,5.771578944868422,5.7715789,0.24736846592105355,0.0,0.47,0.0,-0.0,0.0,1
2012-07-03 11:00:00+00:00,0.044772,0.15790808693000002,0.0465528063,0.431,0.854,5.5489473659210535,5.5489474,0.2226315448684213,0.0,0.423,0.0,-0.0,0.0,1
2012-07-03 11:30:00+00:00,0.0444522,0.1575423148805,0.04622028625499999,0.469,0.497,5.534210523815791,5.5342105,0.014736865921053166,0.0,0.028,2.42861286636753e-17,0.0,1.9130464645805353e-18,1
2012-07-03 12:00:00+00:00,0.04022715,0.152709903380375,0.04182718489125,0.506,0.264,5.649160523815791,5.6491605,0.11494997618420921,0.242,0.0,0.0,-0.0,0.0,1
2012-07-03 12:30:00+00:00,0.03839445,0.150613748173625,0.03992158924874999,0.519,0.222,5.790235523815791,5.7902355,0.14107497618420872,0.297,0.0,0.0,-0.0,0.0,1
2012-07-03 13:00:00+00:00,0.03786555,0.15000881747637498,0.03937165225124999,0.544,0.225,5.941760523815791,5.9417605,0.15152497618420924,0.319,0.0,0.0,-0.0,0.0,1
2012-07-03 13:30:00+00:00,0.0387204,0.150986554301,0.040260503909999995,0.506,0.246,6.065260523815791,6.0652605,0.12349997618420883,0.26,0.0,0.0,-0.0,0.0,1
2012-07-03 14:00:00+00:00,0.0381669,0.15035348729225,0.03968498844749999,0.3,0.219,6.103735523815791,6.1037355,0.03847497618420892,0.081,0.0,0.0,-0.0,0.0,1
2012-07-03 14:30:00+00:00,0.03929235,0.151640723543375,0.04085520322124999,0.113,0.223,6.103735523815791,6.1037355,2.381579111698784e-08,0.0,0.0,0.11,0.0,0.008340239794885624,1
2012-07-03 15:00:00+00:00,0.0391386,0.1514648715965,0.040695337815,0.144,0.954,6.103735523815791,6.1037355,2.381579111698784e-08,0.0,0.0,0.8099999999999999,0.0,0.061343272996582494,1
2012-07-03 15:30:00+00:00,0.0386712,0.15093028167800002,0.040209346980000005,0.188,0.966,6.103735523815791,6.1037355,2.381579111698784e-08,0.0,0.0,0.778,0.0,0.05871187957274201,1
2012-07-03 16:00:00+00:00,0.04126035,0.153891628463375,0.04290148042125,0.063,0.806,6.103735523815791,6.1037355,2.381579111698784e-08,0.0,0.0,0.7430000000000001,0.0,0.057170739974143826,1
2012-07-03 16:30:00+00:00,0.04187535,0.15459503625087498,0.043540942046249996,0.081,1.262,5.775263155394739,5.7752632,0.3284723238157907,0.0,0.6240975,0.5569025000000001,0.0,0.04304718108785146,1
2012-07-03 17:00:00+00:00,0.0499134,0.1637885760335,0.051898705484999995,0.013,0.542,5.49684210276316,5.4968421,0.2784210553947384,0.0,0.529,0.0,-0.0,0.0,1
2012-07-03 17:30:00+00:00,0.0535419,0.16793868197975,0.0556715290725,0.0,1.175,4.878421050131581,4.8784211,0.61842100276316,0.0,1.175,0.0,-0.0,0.0,1
2012-07-03 18:00:00+00:00,0.06712725,0.18347696000562497,0.06979723636874999,0.0,0.955,4.375789471184213,4.3757895,0.5026315501315812,0.0,0.955,0.0,-0.0,0.0,1
2012-07-03 18:30:00+00:00,0.0740583,0.19140436577075,0.0770039688825,0.0,0.552,4.085263155394739,4.0852632,0.2905262711842127,0.0,0.552,0.0,-0.0,0.0,1
2012-07-03 19:00:00+00:00,0.06561435,0.181746576848375,0.06822416077124999,0.0,0.79,3.6694736817105285,3.6694737,0.415789455394739,0.0,0.79,0.0,-0.0,0.0,1
2012-07-03 19:30:00+00:00,0.052275,0.1664896619375,0.054354238124999996,0.0,0.77,3.2642105238157915,3.2642105,0.40526318171052855,0.0,0.77,0.0,-0.0,0.0,1
2012-07-03 20:00:00+00:00,0.0460758,0.15939931143949998,0.04790846494499999,0.0,0.72,2.885263155394739,2.8852632,0.37894732381579166,0.0,0.72,0.0,-0.0,0.0,1
2012-07-03 20:30:00+00:00,0.0493476,0.163141440869,0.05131040078999999,0.0,0.787,2.4710526290789496,2.4710526,0.41421055539473883,0.0,0.787,0.0,-0.0,0.0,1
2012-07-03 21:00:00+00:00,0.0465801,0.15997610582525001,0.0484328234775,0.0,0.531,2.1915789448684233,2.1915789,0.2794737290789495,0.0,0.531,0.0,-0.0,0.0,1
2012-07-03 21:30:00+00:00,0.0453132,0.15852708578299998,0.04711553253,0.0,0.552,1.9010526290789496,1.9010526,0.2905263448684232,0.0,0.552,0.0,-0.0,0.0,1
2012-07-03 22:00:00+00:00,0.043296,0.15621990824,0.0450180984,0.0,0.505,1.635263155394739,1.6352632,0.26578942907894954,0.0,0.505,0.0,-0.0,0.0,1
2012-07-03 22:30:00+00:00,0.04878795,0.162501339782375,0.05072849071125,0.0,0.535,1.3536842080263178,1.3536842,0.281578955394739,0.0,0.535,0.0,-0.0,0.0,1
2012-07-03 23:00:00+00:00,0.04317915,0.156086260760375,0.044896600691249997,0.0,0.672,1.0,1.0,0.35368420802631784,0.0,0.672,0.0,-0.0,0.0,1
2012-07-03 23:30:00+00:00,0.0406884,0.15323745922100002,0.04230678111,0.0,0.614,1.0,1.0,0.0,0.0,0.0,0.614,0.0,0.047043899980847,1
2012-07-04 00:00:00+00:00,0.03747195,0.100058636492375,0.038962396811249994,0.0,0.626,1.5874999975000001,1.5875,0.5874999999999999,1.2368421,0.0,1.8628421,0.0,0.09319672026329623,1
2012-07-04 00:30:00+00:00,0.03650025,0.098947252188125,0.03795204744374999,0.0,0.462,2.2999999975,2.3,0.7125000024999997,1.5,0.0,1.962,0.0,0.09706725439655063,1
2012-07-04 01:00:00+00:00,0.03599595,0.09837045780237501,0.03742768891124999,0.0,0.583,3.0124999975,3.0125,0.7125000025000001,1.5,0.0,2.083,0.0,0.10245283180117358,1
2012-07-04 01:30:00+00:00,0.0363711,0.09879953655275002,0.0378177605025,0.0,0.53,3.7249999975,3.725,0.7125000025000001,1.5,0.0,2.0300000000000002,0.0,0.10028152960104128,1
2012-07-04 02:00:00+00:00,0.03486435,0.097076187473375,0.03625107952125,0.0,0.432,4.4374999975,4.4375,0.7125000025000001,1.5,0.0,1.932,0.0,0.09377559709928025,1
2012-07-04 02:30:00+00:00,0.033579,0.09560606519749999,0.03491460472499999,0.0,0.304,5.1499999975,5.15,0.7125000025000006,1.5,0.0,1.804,0.0,0.086236670808145,1
2012-07-04 03:00:00+00:00,0.03375735,0.09581005345587501,0.03510004859625,0.0,0.135,5.8624999975000005,5.8625,0.7125000024999997,1.5,0.0,1.635,0.0,0.07832471870017782,1
2012-07-04 03:30:00+00:00,0.03375735,0.09581005345587501,0.03510004859625,0.0,0.147,6.574999997500001,6.575,0.7125000024999997,1.5,0.0,1.647,0.0,0.07889957902091307,1
2012-07-04 04:00:00+00:00,0.0337635,0.09581708753375,0.0351064432125,0.0,0.123,7.287499997500001,7.2875,0.7125000024999988,1.5,0.0,1.623,0.0,0.07775556653363812,1
2012-07-04 04:30:00+00:00,0.0338742,0.09594370093550002,0.035221546305,0.0,0.152,7.999999997500002,8.0,0.7125000024999988,1.5,0.0,1.652,0.0,0.07924949697272302,1
2012-07-04 05:00:00+00:00,0.0338742,0.3258437009355001,0.035221546305,0.0,0.116,7.938947365921054,7.9389474,0.06105259750000158,0.0,0.116,0.0,-0.0,0.0,1
2012-07-04 05:30:00+00:00,0.03388035,0.325850735013375,0.03522794092124999,0.0,0.154,7.857894734342107,7.8578947,0.08105266592105398,0.0,0.154,0.0,-0.0,0.0,1
2012-07-04 06:00:00+00:00,0.03415095,0.326160234439875,0.035509304036249995,0.0,0.102,7.804210523815791,7.8042105,0.05368423434210712,0.0,0.102,0.0,-0.0,0.0,1
2012-07-04 06:30:00+00:00,0.0454485,0.33908183549625004,0.0472562140875,0.0,0.154,7.723157892236844,7.7231579,0.0810526238157907,0.0,0.154,0.0,-0.0,0.0,1
2012-07-04 07:00:00+00:00,0.048216,0.34224717054000003,0.0501337914,0.0,0.11,7.665263155394738,7.6652632,0.05789469223684396,0.0,0.11,0.0,-0.0,0.0,1
2012-07-04 07:30:00+00:00,0.0472197,0.34110764992425,0.049097863567500004,0.0,0.271,7.52263157644737,7.5226316,0.14263155539473793,0.0,0.271,0.0,-0.0,0.0,1
2012-07-04 08:00:00+00:00,0.06583575,0.362399803651875,0.06845436695624998,0.013,0.602,7.212631576447371,7.2126316,0.30999997644737043,0.0,0.589,0.0,-0.0,0.0,1
2012-07-04 08:30:00+00:00,0.07097715,0.36828029275537505,0.07380026614124999,0.038,0.608,6.912631576447371,6.9126316,0.29999997644737064,0.0,0.57,0.0,-0.0,0.0,1
2012-07-04 09:00:00+00:00,0.05513475,0.350160508149375,0.05732773468124999,0.106,0.636,6.6336842080263185,6.6336842,0.27894737644737067,0.0,0.53,0.0,-0.0,0.0,1
2012-07-04 09:30:00+00:00,0.0513279,0.3458064139447501,0.053369467222499994,0.213,0.827,6.310526313289476,6.3105263,0.3231579080263183,0.0,0.614,0.0,-0.0,0.0,1
2012-07-04 10:00:00+00:00,0.05169075,0.346221424539375,0.053746749581249996,0.213,0.778,6.013157892236845,6.0131579,0.29736841328947605,0.0,0.565,1.1102230246251565e-16,0.0,1.9219149857106765e-17,1
2012-07-04 10:30:00+00:00,0.0548088,0.34978770202200005,0.05698882001999999,0.313,0.74,5.788421050131582,5.7884211,0.22473679223684506,0.0,0.427,0.0,-0.0,0.0,1
2012-07-04 11:00:00+00:00,0.0440955,0.15713433836375,0.04584939851249999,0.356,0.956,5.788421050131582,5.7884211,4.986841783960472e-08,0.0,0.0,0.6,0.0,0.047140301509124995,1
2012-07-04 11:30:00+00:00,0.04545465,0.158688869574125,0.04726260870374999,0.15,0.773,5.460526313289477,5.4605263,0.3278947501315823,0.0,0.623,0.0,-0.0,0.0,1
2012-07-04 12:00:00+00:00,0.0400734,0.15253405143350002,0.041667319485,0.431,0.304,5.5208513132894765,5.5208513,0.060324986710523554,0.127,0.0,0.0,-0.0,0.0,1
2012-07-04 12:30:00+00:00,0.0370107,0.14903108065175,0.0384828005925,0.275,0.264,5.526076313289477,5.5260763,0.005224986710523183,0.011,0.0,0.0,-0.0,0.0,1
2012-07-04 13:00:00+00:00,0.03663555,0.148602001901375,0.03809272900125,0.281,0.131,5.597326313289477,5.5973263,0.07124998671052296,0.15,0.0,0.0,-0.0,0.0,1
2012-07-04 13:30:00+00:00,0.038007,0.1501706012675,0.039518728424999996,0.244,0.143,5.645301313289477,5.6453013,0.04797498671052303,0.101,0.0,0.0,-0.0,0.0,1
2012-07-04 14:00:00+00:00,0.03902175,0.151331224116875,0.04057384010625,0.438,0.146,5.784001313289477,5.7840013,0.13869998671052297,0.292,0.0,0.0,5.551115123125783e-17,-1.126150287085459e-18,1
2012-07-04 14:30:00+00:00,0.0379332,0.150086192333,0.03944199303,0.313,0.123,5.874251313289477,5.8742513,0.09024998671052309,0.19,0.0,0.0,-0.0,0.0,1
2012-07-04 15:00:00+00:00,0.0390894,0.1514085989735,0.040644180885,0.294,0.264,5.888501313289477,5.8885013,0.014249986710522577,0.03,0.0,5.551115123125783e-17,0.0,4.202432817665414e-18,1
2012-07-04 15:30:00+00:00,0.0392124,0.151549280531,0.04077207321,0.044,0.213,5.888501313289477,5.8885013,1.3289477074351908e-08,0.0,0.0,0.16899999999999998,0.0,0.0128059142048695,1
2012-07-04 16:00:00+00:00,0.0459405,0.15924456172625,0.0477677833875,0.025,0.507,5.634817102763161,5.6348171,0.25368421328947655,0.0,0.482,0.0,-0.0,0.0,1
2012-07-04 16:30:00+00:00,0.04490115,0.158055802565375,0.04668709324125,0.031,0.511,5.527368418552634,5.5273684,0.10744870276316032,0.0,0.2041525,0.2758475,0.0,0.021799648999076143,1
2012-07-04 17:00:00+00:00,0.04602045,0.159336004738625,0.04785091339874999,0.013,0.378,5.33526315539474,5.3352632,0.1921052185526344,0.0,0.365,0.0,-0.0,0.0,1
2012-07-04 17:30:00+00:00,0.04818525,0.161812000150625,0.05010181831874999,0.0,0.502,5.071052629078951,5.0710526,0.26421055539474025,0.0,0.502,0.0,-0.0,0.0,1
2012-07-04 18:00:00+00:00,0.06098955,0.176456950286375,0.06341540935125,0.0,0.577,4.767368418552635,4.7673684,0.303684229078951,0.0,0.577,0.0,-0.0,0.0,1
2012-07-04 18:30:00+00:00,0.0607989,0.17623889387225,0.06321717624749999,0.0,1.003,4.239473681710529,4.2394737,0.527894718552635,0.0,1.003,0.0,-0.0,0.0,1
2012-07-04 19:00:00+00:00,0.05932905,0.174557749260125,0.06168886296375,0.0,1.192,3.6121052606578976,3.6121053,0.6273683817105291,0.0,1.192,0.0,-0.0,0.0,1
2012-07-04 19:30:00+00:00,0.05729955,0.172236503561375,0.05957863960124999,0.0,1.338,2.907894734342108,2.9078947,0.7042105606578977,0.0,1.338,0.0,-0.0,0.0,1
2012-07-04 20:00:00+00:00,0.05124795,0.165314970932375,0.05328633721125,0.0,1.313,2.216842102763161,2.2168421,0.6910526343421082,0.0,1.313,0.0,-0.0,0.0,1
2012-07-04 20:30:00+00:00,0.05274855,0.16703128593387498,0.054846623576249996,0.0,1.466,1.44526315539474,1.4452632,0.7715789027631608,0.0,1.466,0.0,-0.0,0.0,1
2012-07-04 21:00:00+00:00,0.04281015,0.155664216087875,0.04451292371624999,0.0,1.232,1.44526315539474,1.4452632,4.460526015215294e-08,0.0,0.0,1.232,0.0,0.095889157110131,1
2012-07-04 21:30:00+00:00,0.04341285,0.156353555719625,0.04513959610875,0.0,1.334,1.44526315539474,1.4452632,4.460526015215294e-08,0.0,0.0,1.334,0.0,0.10428782166498989,1
2012-07-04 22:00:00+00:00,0.040959,0.1535469586475,0.042588144225,0.0,1.153,1.44526315539474,1.4452632,4.460526015215294e-08,0.0,0.0,1.153,0.0,0.08851982166028376,1
2012-07-04 22:30:00+00:00,0.04599585,0.159307868427125,0.04782533493375,0.0,0.846,1.0,1.0,0.44526315539473993,0.0,0.846,0.0,-0.0,0.0,1
2012-07-04 23:00:00+00:00,0.03850515,0.150740361575375,0.04003669234125,0.0,0.538,1.0,1.0,0.0,0.0,0.0,0.538,0.0,0.04054915726377587,1
2012-07-04 23:30:00+00:00,0.0381669,0.15035348729225,0.03968498844749999,0.0,0.449,1.0,1.0,0.0,0.0,0.0,0.449,0.0,0.03375435789711013,1
2012-07-05 00:00:00+00:00,0.0353379,0.09761781146975,0.036743464972499994,0.0,0.396,1.7125,1.7125,0.7124999999999999,1.5,0.0,1.896,0.0,0.092541685273323,1
2012-07-05 00:30:00+00:00,0.03552855,0.097835867883875,0.03694169807625,0.0,0.537,2.2999999975,2.3,0.5874999999999999,1.2368421,0.0,1.7738421,0.0,0.08677269067122768,1
2012-07-05 01:00:00+00:00,0.0345384,0.09670338134600001,0.03591216485999999,0.0,0.604,3.0124999975,3.0125,0.7125000025000001,1.5,0.0,2.104,0.0,0.10173195717599201,1
2012-07-05 01:30:00+00:00,0.03459375,0.09676668804687502,0.03596971640625,0.0,0.466,3.7249999975,3.725,0.7125000025000001,1.5,0.0,1.966,0.0,0.09512165435007815,1
2012-07-05 02:00:00+00:00,0.0339111,0.09598590540275,0.0352599140025,0.0,0.404,4.4374999975,4.4375,0.7125000025000001,1.5,0.0,1.904,0.0,0.091378581943418,1
2012-07-05 02:30:00+00:00,0.03369585,0.09573971267712503,0.03503610243375,0.0,0.138,5.1499999975,5.15,0.7125000025000006,1.5,0.0,1.638,0.0,0.0784108246825654,1
2012-07-05 03:00:00+00:00,0.03346215,0.09547241771787501,0.03479310701625,0.0,0.121,5.8624999975000005,5.8625,0.7125000024999997,1.5,0.0,1.621,0.0,0.0773803945603377,1
2012-07-05 03:30:00+00:00,0.03356055,0.095584962963875,0.03489542087625,0.0,0.158,6.574999997500001,6.575,0.7125000024999997,1.5,0.0,1.658,0.0,0.07923993429705237,1
2012-07-05 04:00:00+00:00,0.033825,0.0958874283125,0.035170389375,0.0,0.116,7.287499997500001,7.2875,0.7125000024999988,1.5,0.0,1.616,0.0,0.0774770420765,1
2012-07-05 04:30:00+00:00,0.0338004,0.09585929200100002,0.03514481091,0.0,0.142,7.999999997500002,8.0,0.7125000024999988,1.5,0.0,1.642,0.0,0.07870047873282102,1
2012-07-05 05:00:00+00:00,0.03385575,0.325822598701875,0.03520236245624999,0.0,0.14,7.926315786973686,7.9263158,0.07368419750000132,0.0,0.14,0.0,-0.0,0.0,1
2012-07-05 05:30:00+00:00,0.0338865,0.32585776909125,0.0352343355375,0.0,0.116,7.8652631553947385,7.8652632,0.06105258697368576,0.0,0.116,0.0,-0.0,0.0,1
2012-07-05 06:00:00+00:00,0.03447075,0.3265260064893751,0.03584182408125,0.0,0.159,7.781578944868423,7.7815789,0.08368425539473812,0.0,0.159,0.0,-0.0,0.0,1
2012-07-05 06:30:00+00:00,0.04122345,0.334249423996125,0.04286311272375,0.0,0.11,7.7236842080263175,7.7236842,0.057894744868423054,0.0,0.11,0.0,-0.0,0.0,1
2012-07-05 07:00:00+00:00,0.0492,0.34337262300000004,0.051156929999999996,0.0,0.142,7.648947365921054,7.6489474,0.07473680802631755,0.0,0.142,0.0,-0.0,0.0,1
2012-07-05 07:30:00+00:00,0.04524555,0.338849710926375,0.04704519175125,0.0,0.263,7.510526313289475,7.5105263,0.13842106592105363,0.0,0.263,0.0,-0.0,0.0,1
2012-07-05 08:00:00+00:00,0.05340045,0.348176898188625,0.05552445289874999,0.019,0.602,7.203684208026317,7.2036842,0.3068421132894752,0.0,0.583,0.0,-0.0,0.0,1
2012-07-05 08:30:00+00:00,0.05373255,0.348556738393875,0.05586976217624999,0.05,0.642,6.892105260657896,6.8921053,0.31157890802631716,0.0,0.592,0.0,-0.0,0.0,1
2012-07-05 09:00:00+00:00,0.0533574,0.34812765964350006,0.055479690585,0.081,0.774,6.527368418552633,6.5273684,0.3647368606578958,0.0,0.693,1.1102230246251565e-16,0.0,1.9324967162254184e-17,1
2012-07-05 09:30:00+00:00,0.05337585,0.34814876187712507,0.055498874433750005,0.113,0.765,6.184210523815791,6.1842105,0.3431579185526328,0.0,0.652,0.0,-0.0,0.0,1
2012-07-05 10:00:00+00:00,0.05039925,0.34474426818562504,0.05240388016875,0.106,0.278,6.093684208026318,6.0936842,0.09052632381579073,0.0,0.172,5.551115123125783e-17,0.0,9.568575603680769e-18,1
2012-07-05 10:30:00+00:00,0.04915695,0.34332338445487504,0.051112167686249994,0.175,0.453,5.947368418552633,5.9473684,0.14631580802631738,0.0,0.278,0.0,-0.0,0.0,1
2012-07-05 11:00:00+00:00,0.0477732,0.161340716933,0.04967337903,0.375,0.539,5.861052629078949,5.8610526,0.0863158185526336,0.0,0.164,2.7755575615628914e-17,0.0,2.239052234356831e-18,1
2012-07-05 11:30:00+00:00,0.0425211,0.15533361442774998,0.0442123767525,0.163,0.19,5.861052629078949,5.8610526,2.9078949026484224e-08,0.0,0.0,0.026999999999999996,0.0,0.0020970037947746246,1
2012-07-05 12:00:00+00:00,0.04063305,0.153174152520125,0.04224922956375,0.325,0.138,5.949877629078949,5.9498776,0.0888249709210509,0.187,0.0,0.0,-0.0,0.0,1
2012-07-05 12:30:00+00:00,0.04057155,0.15310381174137502,0.042185283401249996,0.531,0.136,6.1375026290789485,6.1375026,0.18762497092105157,0.395,0.0,0.0,-0.0,0.0,1
2012-07-05 13:00:00+00:00,0.03764415,0.149755590672875,0.039141446066249995,0.188,0.114,6.172652629078948,6.1726526,0.035149970921051654,0.074,0.0,0.0,-0.0,0.0,1
2012-07-05 13:30:00+00:00,0.03646335,0.148405047720875,0.03791367974624999,0.156,0.149,6.1759776290789485,6.1759776,0.003324970921052106,0.007,0.0,0.0,-0.0,0.0,1
2012-07-05 14:00:00+00:00,0.0361005,0.14799003712625,0.037536397387499996,0.263,0.103,6.251977629078948,6.2519776,0.07599997092105149,0.16,0.0,0.0,-0.0,0.0,1
2012-07-05 14:30:00+00:00,0.03651255,0.148461320343875,0.037964836676249995,0.394,0.147,6.369302629078948,6.3693026,0.11732497092105199,0.247,0.0,0.0,-0.0,0.0,1
2012-07-05 15:00:00+00:00,0.03648795,0.14843318403237502,0.03793925821124999,0.319,0.124,6.461927629078948,6.4619276,0.09262497092105182,0.195,0.0,0.0,-0.0,0.0,1
2012-07-05 15:30:00+00:00,0.03629115,0.14820809354037498,0.03773463049125,0.206,0.212,6.461927629078948,6.4619276,2.9078948138305805e-08,0.0,0.0,0.006000000000000005,0.0,0.0004446242806211253,1
2012-07-05 16:00:00+00:00,0.0368508,0.14884819462700002,0.03831654057,0.15,0.151,6.461927629078948,6.4619276,2.9078948138305805e-08,0.0,0.0,0.0010000000000000009,0.0,7.442409731350008e-05,1
2012-07-05 16:30:00+00:00,0.0373797,0.14945312532425,0.0388664775675,0.069,0.097,6.461927629078948,6.4619276,2.9078948138305805e-08,0.0,0.0,0.027999999999999997,0.0,0.0020923437545395,1
2012-07-05 17:00:00+00:00,0.04022715,0.152709903380375,0.04182718489125,0.013,0.522,6.461927629078948,6.4619276,2.9078948138305805e-08,0.0,0.0,0.509,0.0,0.03886467041030543,1
2012-07-05 17:30:00+00:00,0.04754565,0.161080456051625,0.04943677822875,0.0,0.697,6.09508552381579,6.0950855,0.36684212907894853,0.0,0.697,0.0,-0.0,0.0,1
2012-07-05 18:00:00+00:00,0.05485185,0.16943694056712502,0.05703358233375,0.0,1.103,5.514559208026316,5.5145592,0.5805263238157901,0.0,1.103,0.0,-0.0,0.0,1
2012-07-05 18:30:00+00:00,0.0773424,0.19516056335600002,0.08041869396000001,0.0,1.24,4.861927629078948,4.8619276,0.6526316080263168,0.0,1.24,0.0,-0.0,0.0,1
2012-07-05 19:00:00+00:00,0.08218245,0.20069638264362502,0.08545125694875,0.0,1.014,4.328243418552632,4.3282434,0.5336842290789479,0.0,1.014,0.0,-0.0,0.0,1
2012-07-05 19:30:00+00:00,0.0534312,0.16781206857800002,0.05555642598,0.0,1.165,3.71508552381579,3.7150855,0.6131579185526324,0.0,1.165,0.0,-0.0,0.0,1
2012-07-05 20:00:00+00:00,0.05203515,0.16621533290037502,0.05410484809125,0.0,0.637,3.3798223659210533,3.3798224,0.33526312381578993,0.0,0.637,0.0,-0.0,0.0,1
2012-07-05 20:30:00+00:00,0.054489,0.1690219299725,0.056656299975,0.0,0.457,3.1392960501315796,3.1392961,0.2405262659210532,0.0,0.457,0.0,-0.0,0.0,1
2012-07-05 21:00:00+00:00,0.05265015,0.16691874068787502,0.054744309716249995,0.0,0.735,2.7524539448684218,2.7524539,0.38684215013157974,0.0,0.735,0.0,-0.0,0.0,1
2012-07-05 21:30:00+00:00,0.049077,0.16283194144250002,0.051029037675,0.0,1.187,2.1277171027631585,2.1277171,0.6247368448684218,0.0,1.187,0.0,-0.0,0.0,1
2012-07-05 22:00:00+00:00,0.04015335,0.152625494445875,0.041750449496249994,0.006,1.114,2.1277171027631585,2.1277171,2.7631585908238776e-09,0.0,0.0,1.108,0.0,0.08455452392301475,1
2012-07-05 22:30:00+00:00,0.0531483,0.16748850099575,0.0552622736325,0.0,1.017,1.5924539448684216,1.5924539,0.5352632027631585,0.0,1.017,0.0,-0.0,0.0,1
2012-07-05 23:00:00+00:00,0.04363425,0.156606782523125,0.04536980229374999,0.0,1.204,1.5924539448684216,1.5924539,4.4868421644750356e-08,0.0,0.0,1.204,0.0,0.09427728307892123,1
2012-07-05 23:30:00+00:00,0.04577445,0.159054641623625,0.04759512874875,0.0,1.158,1.0,1.0,0.5924539448684216,0.0,1.1256625,0.03233749999999991,0.0,0.0025717147367519794,1
2012-07-06 00:00:00+00:00,0.03957525,0.10246429112562502,0.04114935556875,0.0,1.149,1.0,1.0,0.0,0.0,0.0,1.149,0.0,0.058865735251671575,1
2012-07-06 00:30:00+00:00,0.03648795,0.09893318403237499,0.03793925821124999,0.0,1.024,1.7125,1.7125,0.7124999999999999,1.5,0.0,2.524,0.0,0.12485367824885724,1
2012-07-06 01:00:00+00:00,0.03683235,0.099327092393375,0.038297356721249995,0.0,0.569,2.425,2.425,0.20698820000000007,1.5,0.0,2.069,0.0,0.10275387708094644,1
2012-07-06 01:30:00+00:00,0.03705375,0.099580319196875,0.03852756290625,0.0,0.318,3.1374999999999997,3.1375,0.20698820000000007,1.5,0.0,1.818,0.0,0.09051851014995937,1
2012-07-06 02:00:00+00:00,0.0355347,0.09784290196175002,0.0369480926925,0.0,0.147,3.8499999999999996,3.85,0.7125000000000004,1.5,0.0,1.647,0.0,0.08057362976550114,1
2012-07-06 02:30:00+00:00,0.03434775,0.096485324931875,0.035713931756250004,0.0,0.109,4.5625,4.5625,0.7125000000000004,1.5,0.0,1.609,0.0,0.07762244390769345,1
2012-07-06 03:00:00+00:00,0.0338619,0.09592963277975002,0.0352087570725,0.0,0.155,5.275,5.275,0.7125000000000004,1.5,0.0,1.655,0.0,0.07938177112524314,1
2012-07-06 03:30:00+00:00,0.0338742,0.09594370093550002,0.035221546305,0.0,0.123,5.987500000000001,5.9875,0.7124999999999995,1.5,0.0,1.623,0.0,0.07785831330915827,1
2012-07-06 04:00:00+00:00,0.03386805,0.095936666857625,0.035215151688749995,0.0,0.135,6.700000000000001,6.7,0.7124999999999995,1.5,0.0,1.635,0.0,0.07842822515610844,1
2012-07-06 04:30:00+00:00,0.0336528,0.09569047413199999,0.03499134011999999,0.0,0.14,7.412500000000001,7.4125,0.7124999999999986,1.5,0.0,1.6400000000000001,0.0,0.07846618878824,1
2012-07-06 05:00:00+00:00,0.03319155,0.325062918291375,0.034511743901249996,0.0,0.116,7.351447368421054,7.3514474,0.06105260000000179,0.0,0.116,0.0,-0.0,0.0,1
2012-07-06 05:30:00+00:00,0.0338619,0.32582963277975,0.0352087570725,0.0,0.152,7.271447368421054,7.2714474,0.07999996842105439,0.0,0.152,0.0,-0.0,0.0,1
2012-07-06 06:00:00+00:00,0.03432315,0.326357188620375,0.035688353291249995,0.0,0.2,7.166184210526317,7.1661842,0.10526316842105388,0.0,0.2,0.0,-0.0,0.0,1
2012-07-06 06:30:00+00:00,0.03536865,0.327552981859125,0.03677543805375,0.0,0.149,7.087763157894738,7.0877632,0.07842101052631634,0.0,0.149,0.0,-0.0,0.0,1
2012-07-06 07:00:00+00:00,0.03814845,0.33073238505862507,0.03966580459875,0.0,0.125,7.021973684210527,7.0219737,0.06578945789473778,0.0,0.125,0.0,-0.0,0.0,1
2012-07-06 07:30:00+00:00,0.04169085,0.33478401391462503,0.04334910355875,0.0,0.128,6.954605263157895,6.9546053,0.06736838421052749,0.0,0.128,0.0,-0.0,0.0,1
2012-07-06 08:00:00+00:00,0.04980885,0.34406899670962504,0.05178999700874999,0.013,0.139,6.888289473684211,6.8882895,0.06631576315789545,0.0,0.126,0.0,-0.0,0.0,1
2012-07-06 08:30:00+00:00,0.0541692,0.34905615792300004,0.05632377993,0.069,0.115,6.864078947368422,6.8640789,0.02421057368421131,0.0,0.046,0.0,-0.0,0.0,1
2012-07-06 09:00:00+00:00,0.0558789,0.35101163157225,0.058101483247499995,0.069,0.152,6.820394736842106,6.8203947,0.04368424736842247,0.0,0.083,0.0,1.3877787807814457e-17,-4.0316002791404567e-19,1
2012-07-06 09:30:00+00:00,0.0567153,0.35196826616325005,0.0589711510575,0.088,0.234,6.743552631578948,6.7435526,0.07684213684210572,0.0,0.146,2.7755575615628914e-17,0.0,4.884540912897945e-18,1
2012-07-06 10:00:00+00:00,0.05379405,0.34862707917262503,0.05593370833875,0.225,0.3,6.704078947368421,6.7040789,0.039473731578947735,0.0,0.075,0.0,1.3877787807814457e-17,-3.8811806781467727e-19,1
2012-07-06 10:30:00+00:00,0.0507744,0.34517334693600005,0.05279395175999999,0.288,0.539,6.571973684210526,6.5719737,0.132105247368421,0.0,0.251,5.551115123125783e-17,0.0,9.580484931381862e-18,1
2012-07-06 11:00:00+00:00,0.0436035,0.15657161213375,0.0453378292125,0.163,0.277,6.511973684210527,6.5119737,0.05999998421052588,0.0,0.114,1.3877787807814457e-17,0.0,1.086433804959805e-18,1
2012-07-06 11:30:00+00:00,0.04346205,0.156409828342625,0.04519075303875,0.094,0.22,6.445657894736843,6.4456579,0.06631578421052708,0.0,0.126,0.0,-0.0,0.0,1
2012-07-06 12:00:00+00:00,0.0408483,0.15342034524575,0.04247304113249999,0.138,0.11,6.458957894736843,6.4589579,0.01330000526315711,0.028,0.0,0.0,-0.0,0.0,1
2012-07-06 12:30:00+00:00,0.0403071,0.15280134639275,0.041910314902499995,0.138,0.16,6.4473789473684215,6.4473789,0.011578994736842319,0.0,0.022,0.0,6.938893903907228e-18,-1.4540561429389474e-19,1
2012-07-06 13:00:00+00:00,0.0380931,0.15026907835775,0.03960825305249999,0.244,0.229,6.454503947368422,6.4545039,0.007124952631578196,0.015,0.0,0.0,-0.0,0.0,1
2012-07-06 13:30:00+00:00,0.044526,0.157626723815,0.04629702165,0.531,0.533,6.453451315789475,6.4534513,0.0010526473684215887,0.0,0.002,1.734723475976807e-18,0.0,1.3671938912159649e-19,1
2012-07-06 14:00:00+00:00,0.04315455,0.15605812444887499,0.044871022226249994,0.544,0.189,6.622076315789474,6.6220763,0.16862498421052496,0.355,0.0,0.0,-0.0,0.0,1
2012-07-06 14:30:00+00:00,0.0376257,0.14973448843925,0.039122262217499995,0.519,0.204,6.771701315789475,6.7717013,0.14962498421052572,0.315,0.0,0.0,-0.0,0.0,1
2012-07-06 15:00:00+00:00,0.0387327,0.15100062245674997,0.04027329314249999,0.481,0.245,6.883801315789475,6.8838013,0.11209998421052525,0.236,0.0,0.0,-0.0,0.0,1
2012-07-06 15:30:00+00:00,0.03865275,0.15090917944437499,0.04019016313125,0.319,0.383,6.850117105263159,6.8501171,0.03368421578947434,0.0,0.064,0.0,-0.0,0.0,1
2012-07-06 16:00:00+00:00,0.0404793,0.15299830057324998,0.042089364157499996,0.363,0.469,6.794327631578948,6.7943276,0.05578950526315918,0.0,0.106,0.0,1.3877787807814457e-17,-2.920536323718081e-19,1
2012-07-06 16:30:00+00:00,0.0404055,0.15291389163875,0.0420126287625,0.25,0.459,6.684327631578948,6.6843276,0.11000003157894866,0.0,0.209,2.7755575615628914e-17,0.0,2.1221065410297057e-18,1
2012-07-06 17:00:00+00:00,0.0414018,0.1540534122545,0.043048556594999995,0.006,0.452,6.449590789473684,6.4495908,0.23473683157894776,0.0,0.446,0.0,-0.0,0.0,1
2012-07-06 17:30:00+00:00,0.0453624,0.15858335840600002,0.047166689459999994,0.0,0.473,6.200643421052631,6.2006434,0.24894738947368467,0.0,0.473,0.0,-0.0,0.0,1
2012-07-06 18:00:00+00:00,0.05326515,0.16762214847537502,0.05538377134125,0.006,0.526,5.926959210526316,5.9269592,0.27368422105263157,0.0,0.52,0.0,-0.0,0.0,1
2012-07-06 18:30:00+00:00,0.04825905,0.161896409085125,0.05017855371374999,0.0,0.67,5.574327631578947,5.5743276,0.3526316105263154,0.0,0.67,0.0,-0.0,0.0,1
2012-07-06 19:00:00+00:00,0.0486096,0.16229735152400002,0.050543046839999994,0.0,0.712,5.1995907894736835,5.1995908,0.37473683157894655,0.0,0.712,0.0,-0.0,0.0,1
2012-07-06 19:30:00+00:00,0.04193685,0.154665377029625,0.04360488820874999,0.0,0.655,4.8548539473684205,4.8548539,0.3447368894736833,0.0,0.655,0.0,-0.0,0.0,1
2012-07-06 20:00:00+00:00,0.0382161,0.15040975991525,0.0397361453775,0.0,0.745,4.462748684210526,4.4627487,0.3921052473684208,0.0,0.745,0.0,-0.0,0.0,1
2012-07-06 20:30:00+00:00,0.0453747,0.15859742656175,0.04717947869249999,0.0,0.786,4.0490644736842105,4.0490645,0.4136841842105259,0.0,0.786,0.0,-0.0,0.0,1
2012-07-06 21:00:00+00:00,0.0452394,0.1584426768485,0.047038797135,0.0,0.633,3.7159065789473686,3.7159066,0.3331578736842107,0.0,0.633,0.0,-0.0,0.0,1
2012-07-06 21:30:00+00:00,0.03977205,0.152189381617625,0.04135398328875,0.0,0.521,3.441696052631579,3.4416961,0.2742104789473685,0.0,0.521,0.0,-0.0,0.0,1
2012-07-06 22:00:00+00:00,0.0400365,0.15249184696624998,0.0416289517875,0.0,0.636,3.1069592105263157,3.1069592,0.33473685263157904,0.0,0.636,0.0,-0.0,0.0,1
2012-07-06 22:30:00+00:00,0.04797,0.16156580742499999,0.049878006749999995,0.0,0.544,2.8206434210526314,2.8206434,0.28631581052631594,0.0,0.544,0.0,-0.0,0.0,1
2012-07-06 23:00:00+00:00,0.0398028,0.152224552007,0.04138595637,0.0,0.571,2.5201171052631577,2.5201171,0.3005263210526312,0.0,0.571,0.0,-0.0,0.0,1
2012-07-06 23:30:00+00:00,0.0452886,0.1584989494715,0.047089954064999995,0.0,0.574,2.218011842105263,2.2180118,0.3021053052631575,0.0,0.574,0.0,-0.0,0.0,1
2012-07-07 00:00:00+00:00,0.0423366,0.10562259209150002,0.044020538265,0.0,0.369,2.218011842105263,2.2180118,4.2105262831881873e-08,0.0,0.0,0.369,0.0,0.019487368240881753,1
2012-07-07 00:30:00+00:00,0.03867735,0.10143731575587499,0.04021574159624999,0.0,0.172,2.3000000008552632,2.3,0.08198815789473679,0.17260665,0.0,0.34460665,0.0,0.017477986783812148,1
2012-07-07 01:00:00+00:00,0.0371091,0.09964362589775001,0.03858511445249999,0.0,0.107,3.012500000855263,3.0125,0.7124999991447369,1.5,0.0,1.607,0.0,0.08006365340884214,1
2012-07-07 01:30:00+00:00,0.0364572,0.09889801364300002,0.03790728513,0.0,0.159,3.725000000855263,3.725,0.7124999991447369,1.5,0.0,1.659,0.0,0.08203590231686853,1
2012-07-07 02:00:00+00:00,0.03541785,0.09770925448212502,0.03682659498375,0.0,0.124,4.4375000008552625,4.4375,0.7124999991447369,1.5,0.0,1.624,0.0,0.07933991463948552,1
2012-07-07 02:30:00+00:00,0.03379425,0.095852257923125,0.03513841629375,0.0,0.138,5.150000000855263,5.15,0.7124999991447378,1.5,0.0,1.638,0.0,0.07850299923903938,1
2012-07-07 03:00:00+00:00,0.03386805,0.095936666857625,0.035215151688749995,0.0,0.141,5.862500000855263,5.8625,0.7124999991447369,1.5,0.0,1.641,0.0,0.07871603515668131,1
2012-07-07 03:30:00+00:00,0.03383115,0.09589446239037501,0.035176783991249995,0.0,0.122,6.575000000855264,6.575,0.7124999991447369,1.5,0.0,1.6219999999999999,0.0,0.07777040899859412,1
2012-07-07 04:00:00+00:00,0.03384345,0.09590853054612498,0.03518957322374999,0.0,0.157,7.287500000855264,7.2875,0.712499999144736,1.5,0.0,1.657,0.0,0.07946021755746455,1
2012-07-07 04:30:00+00:00,0.0331116,0.09507147527900002,0.034428613889999994,0.0,0.102,8.0,8.0,0.712499999144736,1.5,0.0,1.602,0.0,0.07615225169847901,1
2012-07-07 05:00:00+00:00,0.0331608,0.325027747902,0.03447977082,0.0,0.156,7.917894736842105,7.9178947,0.08210530000000027,0.0,0.156,0.0,-0.0,0.0,1
2012-07-07 05:30:00+00:00,0.03328995,0.32517546353737503,0.03461405776125,0.0,0.118,7.855789473684211,7.8557895,0.062105236842104894,0.0,0.118,0.0,-0.0,0.0,1
2012-07-07 06:00:00+00:00,0.03182625,0.323501353003125,0.03309213909375,0.0,0.139,7.782631578947369,7.7826316,0.07315787368421045,0.0,0.139,0.0,-0.0,0.0,1
2012-07-07 06:30:00+00:00,0.03295785,0.324795623332125,0.03426874848374999,0.0,0.138,7.71,7.71,0.0726315789473686,0.0,0.138,0.0,-0.0,0.0,1
2012-07-07 07:00:00+00:00,0.0326688,0.32446502167200003,0.03396820151999999,0.0,0.123,7.645263157894737,7.6452632,0.06473680000000037,0.0,0.123,0.0,-0.0,0.0,1
2012-07-07 07:30:00+00:00,0.0339603,0.32594217802575004,0.0353110709325,0.006,0.15,7.569473684210527,7.5694737,0.07578945789473757,0.0,0.144,0.0,-0.0,0.0,1
2012-07-07 08:00:00+00:00,0.0345507,0.32661744950175003,0.035924954092499996,0.025,0.106,7.5268421052631584,7.5268421,0.04263158421052715,0.0,0.081,0.0,1.3877787807814457e-17,-2.4927944495059526e-19,1
2012-07-07 08:30:00+00:00,0.038499,0.3311333274975,0.040030297725,0.038,0.151,7.467368421052632,7.4673684,0.05947370526315865,0.0,0.113,0.0,1.3877787807814457e-17,-2.7776598885559387e-19,1
2012-07-07 09:00:00+00:00,0.04545465,0.33908886957412504,0.04726260870374999,0.044,0.107,7.43421052631579,7.4342105,0.03315792105263249,0.0,0.063,0.0,-0.0,0.0,1
2012-07-07 09:30:00+00:00,0.04822215,0.34225420461787504,0.05014018601624999,0.069,0.173,7.379473684210527,7.3794737,0.05473682631579013,0.0,0.104,0.0,1.3877787807814457e-17,-3.479174310889315e-19,1
2012-07-07 10:00:00+00:00,0.04519635,0.338793438303375,0.04699403482125,0.094,0.628,7.09842105263158,7.0984211,0.2810525842105269,0.0,0.534,0.0,-0.0,0.0,1
2012-07-07 10:30:00+00:00,0.0423612,0.335550728403,0.044046116729999994,0.144,0.595,6.861052631578948,6.8610526,0.23736845263158024,0.0,0.451,0.0,5.551115123125783e-17,-1.2225253234743326e-18,1
2012-07-07 11:00:00+00:00,0.03755805,0.149657113582625,0.03905192143875,0.388,0.505,6.861052631578948,6.8610526,3.157894834515673e-08,0.0,0.0,0.11699999999999999,0.0,0.008754941144583563,1
2012-07-07 11:30:00+00:00,0.0361497,0.14804630974925,0.037587554317499994,0.238,0.479,6.861052631578948,6.8610526,3.157894834515673e-08,0.0,0.0,0.241,0.0,0.017839580324784627,1
2012-07-07 12:00:00+00:00,0.03559005,0.147406208662625,0.03700564423874999,0.144,0.421,6.861052631578948,6.8610526,3.157894834515673e-08,0.0,0.0,0.277,0.0,0.020415759899773563,1
2012-07-07 12:30:00+00:00,0.0348336,0.146541017084,0.036219106439999996,0.138,0.445,6.861052631578948,6.8610526,3.157894834515673e-08,0.0,0.0,0.307,0.0,0.022494046122393998,1
2012-07-07 13:00:00+00:00,0.0351165,0.14686458466625002,0.0365132587875,0.188,0.764,6.861052631578948,6.8610526,3.157894834515673e-08,0.0,0.0,0.5760000000000001,0.0,0.04229700038388001,1
2012-07-07 13:30:00+00:00,0.0346491,0.14632999474775002,0.0360272679525,0.081,1.477,6.861052631578948,6.8610526,3.157894834515673e-08,0.0,0.0,1.3960000000000001,0.0,0.10213833633392952,1
2012-07-07 14:00:00+00:00,0.03389265,0.145464803169125,0.03524073015375,0.156,0.857,6.861052631578948,6.8610526,3.157894834515673e-08,0.0,0.0,0.701,0.0,0.05098541351077831,1
2012-07-07 14:30:00+00:00,0.0339726,0.1455562461815,0.035323860165,0.119,0.964,6.861052631578948,6.8610526,3.157894834515673e-08,0.0,0.0,0.845,0.0,0.061497514011683754,1
2012-07-07 15:00:00+00:00,0.03395415,0.14553514394787498,0.03530467631625,0.044,1.135,6.861052631578948,6.8610526,3.157894834515673e-08,0.0,0.0,1.091,0.0,0.0793894210235658,1
2012-07-07 15:30:00+00:00,0.0353625,0.14714594778125,0.036769043437499996,0.063,0.591,6.861052631578948,6.8610526,3.157894834515673e-08,0.0,0.0,0.528,0.0,0.038846530214250004,1
2012-07-07 16:00:00+00:00,0.0366294,0.14859496782349998,0.038086334385,0.025,0.578,6.861052631578948,6.8610526,3.157894834515673e-08,0.0,0.0,0.5529999999999999,0.0,0.04108650860319774,1
2012-07-07 16:30:00+00:00,0.03818535,0.15037458952587499,0.03970417229625,0.013,0.663,6.5189473684210535,6.5189474,0.3421052315789481,0.0,0.65,0.0,-0.0,0.0,1
2012-07-07 17:00:00+00:00,0.04407705,0.15711323613012498,0.045830214663749994,0.0,0.553,6.2278947368421065,6.2278947,0.29105266842105326,0.0,0.553,0.0,-0.0,0.0,1
2012-07-07 17:30:00+00:00,0.05060835,0.164583426833375,0.05262129712125,0.0,0.779,5.817894736842106,5.8178947,0.4100000368421064,0.0,0.779,0.0,-0.0,0.0,1
2012-07-07 18:00:00+00:00,0.0596181,0.17488835092025,0.061989409927499996,0.0,1.313,5.126842105263159,5.1268421,0.6910526368421062,0.0,1.313,0.0,-0.0,0.0,1
2012-07-07 18:30:00+00:00,0.06343725,0.179256513280625,0.06596046661874999,0.0,1.229,4.480000000000001,4.48,0.6468421052631586,0.0,1.229,0.0,-0.0,0.0,1
2012-07-07 19:00:00+00:00,0.0563463,0.17114622149074998,0.0585874740825,0.0,1.226,3.8347368421052646,3.8347368,0.6452632000000014,0.0,1.226,0.0,-0.0,0.0,1
2012-07-07 19:30:00+00:00,0.0528039,0.16709459263475,0.0549041751225,0.0,1.28,3.161052631578949,3.1610526,0.6736842421052645,0.0,1.28,0.0,-0.0,0.0,1
2012-07-07 20:00:00+00:00,0.0481914,0.1618190342285,0.050108212935,0.0,0.903,2.685789473684212,2.6857895,0.47526313157894906,0.0,0.903,0.0,-0.0,0.0,1
2012-07-07 20:30:00+00:00,0.04465515,0.15777443945037498,0.04643130859124999,0.0,0.871,2.227368421052633,2.2273684,0.45842107368421203,0.0,0.871,0.0,-0.0,0.0,1
2012-07-07 21:00:00+00:00,0.0430377,0.15592447696925002,0.0447495245175,0.0,0.938,1.7336842105263173,1.7336842,0.4936842210526331,0.0,0.938,0.0,-0.0,0.0,1
2012-07-07 21:30:00+00:00,0.0379209,0.15007212417725,0.03942920379749999,0.0,1.078,1.4231578947368435,1.4231579,0.3105263105263172,0.0,0.59,0.4880000000000001,0.0,0.03661759829924901,1
2012-07-07 22:00:00+00:00,0.03721365,0.149263205221625,0.03869382292875,0.0,0.836,1.4231578947368435,1.4231579,5.263156577228756e-09,0.0,0.0,0.836,0.0,0.06239201978263925,1
2012-07-07 22:30:00+00:00,0.0395076,0.151886916269,0.04107901479,0.0,0.403,1.2110526315789487,1.2110526,0.21210529473684359,0.0,0.403,0.0,-0.0,0.0,1
2012-07-07 23:00:00+00:00,0.03797625,0.150135430878125,0.03948675534375,0.0,0.401,1.0000000000000013,1.0,0.2110526315789487,0.0,0.401,0.0,-0.0,0.0,1
2012-07-07 23:30:00+00:00,0.0375765,0.14967821581625002,0.0390711052875,0.006,0.54,1.0000000000000013,1.0,1.3322676295501878e-15,0.0,0.0,0.534,0.0,0.039964083622938754,1
2012-07-08 00:00:00+00:00,0.0359037,0.09826494663425002,0.037331769667499994,0.0,0.527,1.0000000000000013,1.0,1.3322676295501878e-15,0.0,0.0,0.527,0.0,0.02589281343812488,1
2012-07-08 00:30:00+00:00,0.03378195,0.095838189767375,0.03512562706124999,0.0,0.497,1.7125000000000012,1.7125,0.7124999999999986,1.5,0.0,1.9969999999999999,0.0,0.09569443248272393,1
2012-07-08 01:00:00+00:00,0.0338619,0.09592963277975002,0.0352087570725,0.0,0.454,2.425000000000001,2.425,0.7124999999999986,1.5,0.0,1.954,0.0,0.09372325122581576,1
2012-07-08 01:30:00+00:00,0.0339972,0.09608438249300001,0.03534943863,0.0,0.463,2.791714473250001,2.7917145,0.3667144999999987,0.77203047,0.0,1.23503047,0.0,0.059333570034994794,1
2012-07-08 02:00:00+00:00,0.0341694,0.09628133667350001,0.035528487885,0.0,0.311,2.791714473250001,2.7917145,2.6749998660591245e-08,0.0,0.0,0.311,0.0,0.014971747852729252,1
2012-07-08 02:30:00+00:00,0.0336405,0.09567640597625002,0.034978550887499994,0.0,0.128,3.504214473250001,3.5042145,0.7125000267499986,1.5,0.0,1.6280000000000001,0.0,0.07788059446466752,1
2012-07-08 03:00:00+00:00,0.0320415,0.09384754572875001,0.033315950662499996,0.0,0.132,4.216714473250001,4.2167145,0.712500026749999,1.5,0.0,1.6320000000000001,0.0,0.07657959731466002,1
2012-07-08 03:30:00+00:00,0.03112515,0.09279946812537503,0.03236315284125,0.0,0.159,4.929214473250001,4.9292145,0.712500026749999,1.5,0.0,1.659,0.0,0.07697715880999859,1
2012-07-08 04:00:00+00:00,0.0311559,0.09283463851475002,0.0323951259225,0.0,0.117,5.641714473250001,5.6417145,0.712500026749999,1.5,0.0,1.617,0.0,0.07505680523917539,1
2012-07-08 04:30:00+00:00,0.03067005,0.09227894636262501,0.03188995123875,0.0,0.143,6.354214473250002,6.3542145,0.712500026749999,1.5,0.0,1.643,0.0,0.07580715443689645,1
2012-07-08 05:00:00+00:00,0.03075615,0.322277423452875,0.031979475866249996,0.0,0.144,6.278424999565791,6.278425,0.0757894732500013,0.0,0.144,0.0,-0.0,0.0,1
2012-07-08 05:30:00+00:00,0.03037485,0.321841310624625,0.031583009658749994,0.0,0.114,6.218424999565792,6.218425,0.059999999565791384,0.0,0.114,0.0,-0.0,0.0,1
2012-07-08 06:00:00+00:00,0.0302211,0.32166545867775004,0.0314231442525,0.0,0.154,6.137372367986845,6.1373724,0.08105259956579136,0.0,0.154,0.0,-0.0,0.0,1
2012-07-08 06:30:00+00:00,0.0305778,0.3220734351945,0.031794031995,0.0,0.121,6.073688157460529,6.0736882,0.06368416798684429,0.0,0.121,0.0,-0.0,0.0,1
2012-07-08 07:00:00+00:00,0.03124815,0.32284014968287505,0.032491045166249996,0.0,0.139,6.000530262723687,6.0005303,0.0731578574605285,0.0,0.139,0.0,-0.0,0.0,1
2012-07-08 07:30:00+00:00,0.0334068,0.32530911101700005,0.03473555546999999,0.0,0.273,5.856846052197371,5.8568461,0.14368416272368645,0.0,0.273,0.0,-0.0,0.0,1
2012-07-08 08:00:00+00:00,0.03404025,0.32603362103812505,0.035394200943749995,0.013,0.6,5.547898683776318,5.5478987,0.3089473521973707,0.0,0.587,0.0,-0.0,0.0,1
2012-07-08 08:30:00+00:00,0.03488895,0.32700432378487504,0.036276657986249995,0.031,0.645,5.224740789039476,5.2247408,0.32315788377631804,0.0,0.614,0.0,-0.0,0.0,1
2012-07-08 09:00:00+00:00,0.03495045,0.32707466456362505,0.03634060414875,0.088,0.611,4.949477631144739,4.9494776,0.27526318903947633,0.0,0.523,0.0,-0.0,0.0,1
2012-07-08 09:30:00+00:00,0.034686,0.326772199215,0.03606563565,0.2,0.925,4.567898683776318,4.5678987,0.3815789311447393,0.0,0.725,1.1102230246251565e-16,0.0,1.8139500968794575e-17,1
2012-07-08 10:00:00+00:00,0.03563925,0.327862481285625,0.03705680116874999,0.3,0.211,4.610173683776318,4.6101737,0.042275016223682016,0.089,0.0,0.0,-0.0,0.0,1
2012-07-08 10:30:00+00:00,0.03544245,0.3276373907936251,0.03685217344875,0.363,0.376,4.60333157851316,4.6033316,0.00684208377631812,0.0,0.013,1.214306433183765e-17,0.0,1.989260956961211e-18,1
2012-07-08 11:00:00+00:00,0.03433545,0.145971256776125,0.03570114252375,0.419,0.44,4.592278946934212,4.5922789,0.01105267851315972,0.0,0.021,1.734723475976807e-17,0.0,1.266098829736913e-18,1
2012-07-08 11:30:00+00:00,0.03444615,0.146097870177875,0.03581624561625,0.456,0.573,4.530699999565791,4.5307,0.06157894693421184,0.0,0.117,0.0,6.938893903907228e-17,-1.2426256418372055e-18,1
2012-07-08 12:00:00+00:00,0.03442155,0.146069733866375,0.035790667151250004,0.494,0.152,4.693149999565791,4.69315,0.16245000043420887,0.342,0.0,0.0,-0.0,0.0,1
2012-07-08 12:30:00+00:00,0.03444615,0.146097870177875,0.03581624561625,0.519,0.177,4.855599999565791,4.8556,0.16245000043420887,0.342,0.0,0.0,-0.0,0.0,1
2012-07-08 13:00:00+00:00,0.03381885,0.145380394234625,0.03516399475874999,0.531,0.136,5.0432249995657905,5.043225,0.18762500043420882,0.395,0.0,0.0,-0.0,0.0,1
2012-07-08 13:30:00+00:00,0.033825,0.1453874283125,0.035170389375,0.531,0.158,5.220399999565791,5.2204,0.1771750004342092,0.373,0.0,0.0,-0.0,0.0,1
2012-07-08 14:00:00+00:00,0.03381885,0.145380394234625,0.03516399475874999,0.406,0.16,5.337249999565791,5.33725,0.11685000043420946,0.246,0.0,0.0,-0.0,0.0,1
2012-07-08 14:30:00+00:00,0.03375735,0.145310053455875,0.03510004859625,0.4,0.135,5.463124999565791,5.463125,0.12587500043420885,0.265,0.0,0.0,-0.0,0.0,1
2012-07-08 15:00:00+00:00,0.03384345,0.14540853054612501,0.03518957322374999,0.419,0.174,5.57949999956579,5.5795,0.11637500043420967,0.245,0.0,0.0,-0.0,0.0,1
2012-07-08 15:30:00+00:00,0.03444615,0.146097870177875,0.03581624561625,0.275,0.13,5.648374999565791,5.648375,0.06887500043420935,0.145,0.0,0.0,-0.0,0.0,1
2012-07-08 16:00:00+00:00,0.0344154,0.1460626997885,0.035784272534999995,0.313,0.161,5.72057499956579,5.720575,0.0722000004342096,0.152,0.0,0.0,-0.0,0.0,1
2012-07-08 16:30:00+00:00,0.0351165,0.14686458466625002,0.0365132587875,0.238,0.155,5.75999999956579,5.76,0.0394250004342096,0.083,0.0,0.0,-0.0,0.0,1
2012-07-08 17:00:00+00:00,0.04011645,0.152583289978625,0.041712081798749995,0.013,0.139,5.693684210092106,5.6936842,0.06631579956578992,0.0,0.126,0.0,-0.0,0.0,1
2012-07-08 17:30:00+00:00,0.0465309,0.15991983320225,0.0483816665475,0.0,0.254,5.55999999956579,5.56,0.13368421009210607,0.0,0.254,0.0,-0.0,0.0,1
2012-07-08 18:00:00+00:00,0.05857875,0.173699591759375,0.060908719781249995,0.0,0.672,5.206315789039474,5.2063158,0.35368419956579,0.0,0.672,0.0,-0.0,0.0,1
2012-07-08 18:30:00+00:00,0.0590646,0.1742552839115,0.061413894465,0.0,0.557,4.913157894302632,4.9131579,0.29315788903947393,0.0,0.557,0.0,-0.0,0.0,1
2012-07-08 19:00:00+00:00,0.05600805,0.170759347207625,0.05823577018874999,0.0,0.489,4.6557894732500005,4.6557895,0.2573683943026319,0.0,0.489,0.0,-0.0,0.0,1
2012-07-08 19:30:00+00:00,0.051168,0.16522352792,0.05320320719999999,0.0,0.502,4.391578946934211,4.3915789,0.26421057325000064,0.0,0.502,0.0,-0.0,0.0,1
2012-07-08 20:00:00+00:00,0.04977195,0.163626792242375,0.05175162931125,0.0,0.695,4.025789473250001,4.0257895,0.3657894469342109,0.0,0.695,0.0,-0.0,0.0,1
2012-07-08 20:30:00+00:00,0.0468753,0.16031374156325,0.048739765057499995,0.0,1.214,3.386842104828948,3.3868421,0.6389473732500006,0.0,1.214,0.0,-0.0,0.0,1
2012-07-08 21:00:00+00:00,0.04126035,0.153891628463375,0.04290148042125,0.006,1.313,2.6989473679868428,2.6989474,0.6878947048289477,0.0,1.307,0.0,-0.0,0.0,1
2012-07-08 21:30:00+00:00,0.0430254,0.15591040881350002,0.044736735284999996,0.0,0.5,2.4357894732500007,2.4357895,0.26315786798684293,0.0,0.5,0.0,-0.0,0.0,1
2012-07-08 22:00:00+00:00,0.0392493,0.15159148499825,0.0408104409075,0.0,1.258,1.773684210092106,1.7736842,0.6621052732500008,0.0,1.258,0.0,-0.0,0.0,1
2012-07-08 22:30:00+00:00,0.0363711,0.14829953655275,0.0378177605025,0.0,0.477,1.5226315785131586,1.5226316,0.251052610092106,0.0,0.477,0.0,-0.0,0.0,1
2012-07-08 23:00:00+00:00,0.03563925,0.147462481285625,0.03705680116874999,0.0,0.466,1.2773684206184217,1.2773684,0.2452631785131585,0.0,0.466,0.0,-0.0,0.0,1
2012-07-08 23:30:00+00:00,0.0360759,0.14796190081475,0.037510818922499994,0.0,0.527,1.0,1.0,0.2773684206184217,0.0,0.527,0.0,-0.0,0.0,1
2012-07-09 00:00:00+00:00,0.03561465,0.09793434497412501,0.03703122270374999,0.0,0.516,1.5874999975000001,1.5875,0.5874999999999999,1.2368421,0.0,1.7528421,0.0,0.08583172145328487,1
2012-07-09 00:30:00+00:00,0.03374505,0.09579598530012501,0.03508725936375,0.0,0.549,2.2999999975,2.3,0.7125000024999997,1.5,0.0,2.049,0.0,0.09814298693997807,1
2012-07-09 01:00:00+00:00,0.03391725,0.09599293948062503,0.03526630861875,0.0,0.503,3.0124999975,3.0125,0.7125000025000001,1.5,0.0,2.003,0.0,0.09613692888984597,1
2012-07-09 01:30:00+00:00,0.0341202,0.09622506405050002,0.035477330955000004,0.0,0.489,3.7249999975,3.725,0.7125000025000001,1.5,0.0,1.9889999999999999,0.0,0.09569582619822227,1
2012-07-09 02:00:00+00:00,0.0338496,0.09591556462400001,0.03519596784,0.0,0.267,4.4374999975,4.4375,0.7125000025000001,1.5,0.0,1.767,0.0,0.084741401345304,1
2012-07-09 02:30:00+00:00,0.03370815,0.095753780832875,0.03504889166625,0.0,0.109,5.1499999975,5.15,0.7125000025000006,1.5,0.0,1.609,0.0,0.07703391668004794,1
2012-07-09 03:00:00+00:00,0.0326688,0.09456502167199998,0.03396820151999999,0.0,0.152,5.8624999975000005,5.8625,0.7125000024999997,1.5,0.0,1.652,0.0,0.07811070790107198,1
2012-07-09 03:30:00+00:00,0.03153105,0.093263717265125,0.032785197513749996,0.0,0.137,6.574999997500001,6.575,0.7125000024999997,1.5,0.0,1.637,0.0,0.07633635258150481,1
2012-07-09 04:00:00+00:00,0.0311928,0.092876842982,0.032433493619999997,0.0,0.126,7.287499997500001,7.2875,0.7125000024999988,1.5,0.0,1.626,0.0,0.075508873344366,1
2012-07-09 04:30:00+00:00,0.03178935,0.09355914853587502,0.03305377139625,0.0,0.148,7.999999997500002,8.0,0.7125000024999988,1.5,0.0,1.648,0.0,0.07709273839356101,1
2012-07-09 05:00:00+00:00,0.03415095,0.326160234439875,0.035509304036249995,0.0,0.096,7.949473681710528,7.9494737,0.05052629750000115,0.0,0.096,0.0,-0.0,0.0,1
2012-07-09 05:30:00+00:00,0.0344892,0.3265471087230001,0.035861007929999994,0.0,0.14,7.875789471184213,7.8757895,0.07368418171052848,0.0,0.14,0.0,-0.0,0.0,1
2012-07-09 06:00:00+00:00,0.03604515,0.328326730425375,0.03747884584125,0.0,0.118,7.813684208026318,7.8136842,0.06210527118421272,0.0,0.118,0.0,-0.0,0.0,1
2012-07-09 06:30:00+00:00,0.04057155,0.33350381174137506,0.042185283401249996,0.0,0.116,7.752631576447371,7.7526316,0.06105260802631829,0.0,0.116,0.0,-0.0,0.0,1
2012-07-09 07:00:00+00:00,0.0448581,0.33840656402025,0.046642330927499996,0.0,0.144,7.67684210276316,7.6768421,0.07578947644737077,0.0,0.144,0.0,-0.0,0.0,1
2012-07-09 07:30:00+00:00,0.04326525,0.33658473785062504,0.044986125318749993,0.006,0.093,7.63105262907895,7.6310526,0.04578950276316007,0.0,0.087,0.0,-0.0,0.0,1
2012-07-09 08:00:00+00:00,0.0521028,0.34669270775700006,0.05417518886999999,0.013,0.14,7.564210523815793,7.5642105,0.06684212907895049,0.0,0.127,0.0,-0.0,0.0,1
2012-07-09 08:30:00+00:00,0.0554484,0.35051924612100005,0.05765386011,0.038,0.123,7.519473681710529,7.5194737,0.0447368238157928,0.0,0.085,0.0,1.3877787807814457e-17,-4.0005401845399915e-19,1
2012-07-09 09:00:00+00:00,0.0549933,0.34999872435825,0.057180658507499996,0.094,0.639,7.232631576447371,7.2326316,0.28684208171052905,0.0,0.545,0.0,-0.0,0.0,1
2012-07-09 09:30:00+00:00,0.0552762,0.3503222919405,0.057474810854999996,0.206,0.831,6.903684208026318,6.9036842,0.3289473764473714,0.0,0.625,0.0,-0.0,0.0,1
2012-07-09 10:00:00+00:00,0.0532221,0.34797290993025004,0.0553390090275,0.294,0.771,6.652631576447371,6.6526316,0.2510526080263178,0.0,0.477,5.551115123125783e-17,0.0,9.658188413759484e-18,1
2012-07-09 10:30:00+00:00,0.04862805,0.342718453757625,0.050562230688749994,0.375,0.448,6.614210523815792,6.6142105,0.038421076447370694,0.0,0.073,1.3877787807814457e-17,0.0,2.3780869895352954e-18,1
2012-07-09 11:00:00+00:00,0.04844355,0.162107431421375,0.050370392201249996,0.425,0.286,6.680235523815792,6.6802355,0.06602497618420777,0.139,0.0,0.0,-0.0,0.0,1
2012-07-09 11:30:00+00:00,0.0465924,0.159990173981,0.048445612709999995,0.469,0.334,6.744360523815792,6.7443605,0.06412497618420776,0.135,0.0,5.551115123125783e-17,0.0,4.440619371687271e-18,1
2012-07-09 12:00:00+00:00,0.04737345,0.160883501871125,0.04925772897374999,0.463,0.465,6.743307892236845,6.7433079,0.0010526238157924084,0.0,0.002,1.734723475976807e-18,0.0,1.3954419379659955e-19,1
2012-07-09 12:30:00+00:00,0.0466908,0.160102719227,0.04854792656999999,0.481,0.559,6.702255260657898,6.7022553,0.04105259223684499,0.0,0.078,6.938893903907228e-17,0.0,5.554678912216005e-18,1
2012-07-09 13:00:00+00:00,0.0467646,0.1601871281615,0.048624661964999996,0.444,0.409,6.718880260657898,6.7188803,0.016625039342102355,0.035,0.0,0.0,5.551115123125783e-17,-1.3496054819539526e-18,1
2012-07-09 13:30:00+00:00,0.04620495,0.159547027074875,0.04804275188625,0.444,0.426,6.727430260657898,6.7274303,0.008550039342101634,0.018,0.0,0.0,-0.0,0.0,1
2012-07-09 14:00:00+00:00,0.0457437,0.15901947123425,0.047563155667499996,0.363,0.425,6.694798681710529,6.6947987,0.032631560657898184,0.0,0.062,0.0,-0.0,0.0,1
2012-07-09 14:30:00+00:00,0.0430992,0.155994817748,0.044813470679999995,0.456,0.506,6.668482892236845,6.6684829,0.026315781710529507,0.0,0.05,0.0,1.3877787807814457e-17,-3.109559185143773e-19,1
2012-07-09 15:00:00+00:00,0.0410943,0.15370170836075,0.0427288257825,0.463,0.475,6.662167102763161,6.6621671,0.006315792236845752,0.0,0.012,0.0,4.5102810375396984e-17,-9.635950634157356e-19,1
2012-07-09 15:30:00+00:00,0.0409344,0.15351882233599998,0.04256256576,0.425,0.449,6.649535523815793,6.6495355,0.012631602763160998,0.0,0.024,2.0816681711721685e-17,0.0,1.5978762306634305e-18,1
2012-07-09 16:00:00+00:00,0.04148175,0.15414485526687502,0.04313168660625,0.363,0.173,6.739785523815793,6.7397855,0.09024997618420727,0.19,0.0,0.0,-0.0,0.0,1
2012-07-09 16:30:00+00:00,0.0406515,0.15319525475375,0.0422684134125,0.25,0.867,6.415048681710529,6.4150487,0.32473682381579305,0.0,0.617,0.0,-0.0,0.0,1
2012-07-09 17:00:00+00:00,0.04199835,0.154735717808375,0.04366883437124999,0.025,1.01,5.89662762907895,5.8966276,0.518421081710529,0.0,0.985,0.0,-0.0,0.0,1
2012-07-09 17:30:00+00:00,0.0454608,0.158695903652,0.04726900332,0.0,1.178,5.27662762907895,5.2766276,0.62000002907895,0.0,1.178,0.0,-0.0,0.0,1
2012-07-09 18:00:00+00:00,0.08497455,0.203889853998875,0.08835441272624998,0.0,0.89,4.808206576447371,4.8082066,0.4684210290789501,0.0,0.89,0.0,-0.0,0.0,1
2012-07-09 18:30:00+00:00,0.14653605,0.27430097352762495,0.15236452138874998,0.0,1.431,4.018732892236844,4.0187329,0.7894736764473711,0.0,1.5,0.0,0.06899999999999995,-0.005256575987911871,1
2012-07-09 19:00:00+00:00,0.0823731,0.20091443905775003,0.0856494900525,0.0,0.919,3.5350486817105287,3.5350487,0.48368419223684445,0.0,0.919,0.0,-0.0,0.0,1
2012-07-09 19:30:00+00:00,0.05312985,0.167467398762125,0.05524308978375,0.0,0.791,3.1187328922368445,3.1187329,0.41631578171052874,0.0,0.791,0.0,-0.0,0.0,1
2012-07-09 20:00:00+00:00,0.0465924,0.159990173981,0.048445612709999995,0.0,0.862,2.6650486817105286,2.6650487,0.45368419223684464,0.0,0.862,0.0,-0.0,0.0,1
2012-07-09 20:30:00+00:00,0.0482775,0.16191751131874998,0.0501977375625,0.0,0.55,2.375574997500002,2.375575,0.28947368171052856,0.0,0.55,0.0,-0.0,0.0,1
2012-07-09 21:00:00+00:00,0.0465924,0.159990173981,0.048445612709999995,0.0,0.463,2.131890786973686,2.1318908,0.24368419750000214,0.0,0.463,0.0,-0.0,0.0,1
2012-07-09 21:30:00+00:00,0.04085445,0.153427379323625,0.04247943574875,0.0,0.387,1.9282065764473701,1.9282066,0.20368418697368607,0.0,0.387,0.0,-0.0,0.0,1
2012-07-09 22:00:00+00:00,0.0380685,0.15024094204625,0.03958267458749999,0.0,0.439,1.7273684185526332,1.7273684,0.20083817644737012,0.0,0.3815925,0.0574075,0.0,0.004312478440260048,1
2012-07-09 22:30:00+00:00,0.05354805,0.16794571605762498,0.05567792368874999,0.0,0.485,1.4721052606578964,1.4721053,0.2552631185526333,0.0,0.485,0.0,-0.0,0.0,1
2012-07-09 23:00:00+00:00,0.0442431,0.15730315623274999,0.04600286930249999,0.0,0.39,1.2668421027631596,1.2668421,0.2052631606578963,0.0,0.39,0.0,-0.0,0.0,1
2012-07-09 23:30:00+00:00,0.04609425,0.159420413673125,0.04792764879375,0.0,0.507,1.0,1.0,0.26684210276315956,0.0,0.507,0.0,-0.0,0.0,1
2012-07-10 00:00:00+00:00,0.0440955,0.10763433836375,0.04584939851249999,0.0,0.54,1.5874999975000001,1.5875,0.5874999999999999,1.2368421,0.0,1.7768421,0.0,0.09562461190517806,1
2012-07-10 00:30:00+00:00,0.04249035,0.105798444038375,0.04418040367125,0.0,0.68,2.2999999975,2.3,0.7125000024999997,1.5,0.0,2.18,0.0,0.11532030400182876,1
2012-07-10 01:00:00+00:00,0.04246575,0.105770307726875,0.04415482520625,0.0,0.605,3.0124999975,3.0125,0.7125000025000001,1.5,0.0,2.105,0.0,0.11132324888253593,1
2012-07-10 01:30:00+00:00,0.04379415,0.10728966854787501,0.045536062316249994,0.0,0.149,3.7249999975,3.725,0.7125000025000001,1.5,0.0,1.649,0.0,0.08846033171772295,1
2012-07-10 02:00:00+00:00,0.04001805,0.10297074473262502,0.04160976793874999,0.0,0.165,4.4374999975,4.4375,0.7125000025000001,1.5,0.0,1.665,0.0,0.08572314498991034,1
2012-07-10 02:30:00+00:00,0.03590985,0.098271980712125,0.037338164283749996,0.0,0.126,5.1499999975,5.15,0.7125000025000006,1.5,0.0,1.626,0.0,0.07989512031895762,1
2012-07-10 03:00:00+00:00,0.0353748,0.09766001593700001,0.03678183266999999,0.0,0.144,5.8624999975000005,5.8625,0.7125000024999997,1.5,0.0,1.644,0.0,0.080276533100214,1
2012-07-10 03:30:00+00:00,0.0349443,0.09716763048574999,0.036334209532499995,0.0,0.149,6.574999997500001,6.575,0.7125000024999997,1.5,0.0,1.649,0.0,0.08011471133550087,1
2012-07-10 04:00:00+00:00,0.03388035,0.095950735013375,0.03522794092124999,0.0,0.121,7.287499997500001,7.2875,0.7125000024999988,1.5,0.0,1.621,0.0,0.07776807072834044,1
2012-07-10 04:30:00+00:00,0.03444615,0.09659787017787502,0.03581624561625,0.0,0.158,7.999999997500002,8.0,0.7125000024999988,1.5,0.0,1.658,0.0,0.0800796343774584,1
2012-07-10 05:00:00+00:00,0.03495045,0.32707466456362505,0.03634060414875,0.0,0.108,7.943157892236844,7.9431579,0.056842097500001465,0.0,0.108,0.0,-0.0,0.0,1
2012-07-10 05:30:00+00:00,0.03749655,0.329986772803875,0.03898797527624999,0.0,0.153,7.86263157644737,7.8626316,0.08052629223684349,0.0,0.153,0.0,-0.0,0.0,1
2012-07-10 06:00:00+00:00,0.0397044,0.332512006761,0.041283642509999996,0.0,0.125,7.79684210276316,7.7968421,0.0657894764473701,0.0,0.125,0.0,-0.0,0.0,1
2012-07-10 06:30:00+00:00,0.0424473,0.33564920549325,0.0441356413575,0.0,0.139,7.7236842080263175,7.7236842,0.07315790276315948,0.0,0.139,0.0,-0.0,0.0,1
2012-07-10 07:00:00+00:00,0.0454977,0.33913810811925005,0.0473073710175,0.0,0.146,7.646842102763159,7.6468421,0.07684210802631775,0.0,0.146,0.0,-0.0,0.0,1
2012-07-10 07:30:00+00:00,0.0415125,0.33458002565625006,0.043163659687499994,0.006,0.108,7.593157892236843,7.5931579,0.05368420276315966,0.0,0.102,0.0,-0.0,0.0,1
2012-07-10 08:00:00+00:00,0.04995645,0.344237814578625,0.05194346779875,0.031,0.155,7.527894734342106,7.5278947,0.06526319223684318,0.0,0.124,0.0,-0.0,0.0,1
2012-07-10 08:30:00+00:00,0.05535615,0.35041373495287503,0.05755794086625,0.081,0.115,7.5099999975000005,7.51,0.01789473434210631,0.0,0.034,0.0,-0.0,0.0,1
2012-07-10 09:00:00+00:00,0.05650005,0.351722073437625,0.05874733948875,0.113,0.312,7.405263155394738,7.4052632,0.1047367975000002,0.0,0.199,0.0,-0.0,0.0,1
2012-07-10 09:30:00+00:00,0.05739795,0.35274904880737507,0.05968095346125,0.156,0.274,7.343157892236843,7.3431579,0.0621052553947381,0.0,0.118,2.7755575615628914e-17,0.0,4.8953764487571364e-18,1
2012-07-10 10:00:00+00:00,0.0528777,0.34757900156925003,0.0549809105175,0.244,0.228,7.350757892236843,7.3507579,0.007600007763156391,0.016,0.0,0.0,-0.0,0.0,1
2012-07-10 10:30:00+00:00,0.0541815,0.34907022607875005,0.056336569162499996,0.306,0.48,7.259178944868422,7.2591789,0.09157899223684307,0.0,0.174,0.0,-0.0,0.0,1
2012-07-10 11:00:00+00:00,0.05367105,0.168086397615125,0.055805816013749995,0.181,0.475,7.104442102763159,7.1044421,0.1547368448684221,0.0,0.294,0.0,-0.0,0.0,1
2012-07-10 11:30:00+00:00,0.0571212,0.172032515303,0.059393195729999994,0.288,0.383,7.054442102763159,7.0544421,0.05000000276315841,0.0,0.095,2.7755575615628914e-17,0.0,2.3874307434196275e-18,1
2012-07-10 12:00:00+00:00,0.05330205,0.167664352942625,0.05542213903875,0.431,0.479,7.029178944868422,7.0291789,0.025263202763158965,0.0,0.048,0.0,1.3877787807814457e-17,-3.845683427174812e-19,1
2012-07-10 12:30:00+00:00,0.05365875,0.168072329459375,0.05579302678124999,0.4,0.179,7.134153944868421,7.1341539,0.10497495513157862,0.221,0.0,0.0,-0.0,0.0,1
2012-07-10 13:00:00+00:00,0.05022705,0.164147314005125,0.05222483091375,0.281,0.165,7.189253944868422,7.1892539,0.055099955131578504,0.116,0.0,0.0,-0.0,0.0,1
2012-07-10 13:30:00+00:00,0.0530253,0.16734781943825,0.055134381307499994,0.194,0.394,7.0839907869736845,7.0839908,0.10526314486842203,0.0,0.2,0.0,-0.0,0.0,1
2012-07-10 14:00:00+00:00,0.05400315,0.168466237820375,0.05615112529125,0.25,0.507,6.948727629078948,6.9487276,0.13526318697368467,0.0,0.257,0.0,-0.0,0.0,1
2012-07-10 14:30:00+00:00,0.05324055,0.167594012163875,0.05535819287625,0.15,0.525,6.751359208026316,6.7513592,0.19736842907894836,0.0,0.375,0.0,-0.0,0.0,1
2012-07-10 15:00:00+00:00,0.0515247,0.16563150443675,0.0535740949425,0.088,0.373,6.601359208026316,6.6013592,0.15000000802631597,0.0,0.285,5.551115123125783e-17,0.0,4.597197745724591e-18,1
2012-07-10 15:30:00+00:00,0.05509785,0.16971830368212498,0.057289366983749986,0.038,0.723,6.240832892236842,6.2408329,0.3605263080263157,0.0,0.685,0.0,1.1102230246251565e-16,-3.1801987145779745e-18,1
2012-07-10 16:00:00+00:00,0.05747175,0.17243345774187502,0.05975768885625,0.006,0.815,5.815043418552631,5.8150434,0.4257894922368415,0.0,0.809,0.0,1.1102230246251565e-16,-3.317218103329744e-18,1
2012-07-10 16:30:00+00:00,0.05959965,0.17486724868662498,0.06197022607874999,0.0,0.695,5.4492539448684205,5.4492539,0.36578951855263053,0.0,0.695,0.0,-0.0,0.0,1
2012-07-10 17:00:00+00:00,0.0533574,0.1677276596435,0.055479690585,0.0,0.93,4.959780260657894,4.9597803,0.48947364486842027,0.0,0.93,0.0,-0.0,0.0,1
2012-07-10 17:30:00+00:00,0.05918145,0.174388931391125,0.061535392173749995,0.0,0.368,4.766096050131578,4.7660961,0.1936841606578934,0.0,0.368,0.0,-0.0,0.0,1
2012-07-10 18:00:00+00:00,0.0989781,0.21990644932025002,0.1029149539275,0.0,0.454,4.527148681710526,4.5271487,0.23894735013157842,0.0,0.454,0.0,-0.0,0.0,1
2012-07-10 18:30:00+00:00,0.11472825,0.23792072275812498,0.11929156614374999,0.0,0.488,4.270306576447368,4.2703066,0.25684208171052614,0.0,0.488,0.0,-0.0,0.0,1
2012-07-10 19:00:00+00:00,0.05653695,0.171364277904875,0.05878570718625,0.0,0.679,3.912938155394736,3.9129382,0.35736837644736763,0.0,0.679,0.0,-0.0,0.0,1
2012-07-10 19:30:00+00:00,0.04469205,0.157816643917625,0.04646967628874999,0.0,0.754,3.516096050131578,3.5160961,0.39684205539473627,0.0,0.754,0.0,-0.0,0.0,1
2012-07-10 20:00:00+00:00,0.042189,0.1549537742225,0.043867067475,0.0,1.205,2.8818855238157886,2.8818855,0.634210550131578,0.0,1.205,0.0,-0.0,0.0,1
2012-07-10 20:30:00+00:00,0.0427671,0.15561497754275,0.0444681614025,0.0,1.17,2.266096050131578,2.2660961,0.6157894238157886,0.0,1.17,0.0,-0.0,0.0,1
2012-07-10 21:00:00+00:00,0.043419,0.15636058979749998,0.045145990724999994,0.0,0.793,1.8487276290789465,1.8487276,0.4173684501315782,0.0,0.793,0.0,-0.0,0.0,1
2012-07-10 21:30:00+00:00,0.04191225,0.154637240718125,0.043579309743749996,0.0,0.475,1.5987276290789465,1.5987276,0.2500000290789466,0.0,0.475,0.0,-0.0,0.0,1
2012-07-10 22:00:00+00:00,0.03757035,0.149671181738375,0.039064710671249996,0.0,0.496,1.5987276290789465,1.5987276,2.907894658399357e-08,0.0,0.0,0.496,0.0,0.037118453071117,1
2012-07-10 22:30:00+00:00,0.0511311,0.16518132345275,0.05316483950249999,0.0,0.396,1.3903065764473674,1.3903066,0.20842102907894655,0.0,0.396,0.0,-0.0,0.0,1
2012-07-10 23:00:00+00:00,0.03969825,0.152104972683125,0.041277247893749994,0.0,0.349,1.3452631580263148,1.3452632,0.045043376447367445,0.0,0.085582495,0.263417505,0.0,0.020033556201140973,1
2012-07-10 23:30:00+00:00,0.04455675,0.157661894204375,0.046328994731249996,0.0,0.656,1.0000000001315779,1.0,0.3452631580263148,0.0,0.656,0.0,-0.0,0.0,1
2012-07-11 00:00:00+00:00,0.037023,0.09954514880750001,0.038495589824999996,0.0,0.671,1.0000000001315779,1.0,1.315778597188455e-10,0.0,0.0,0.671,0.0,0.03339739742491626,1
2012-07-11 00:30:00+00:00,0.0363219,0.09874326392975,0.037766603572499995,0.0,0.558,1.7125000001315778,1.7125,0.712499999868422,1.5,0.0,2.058,0.0,0.10160681858371273,1
2012-07-11 01:00:00+00:00,0.03642645,0.098862843253625,0.03787531204875,0.0,0.336,2.4250000001315777,2.425,0.712499999868422,1.5,0.0,1.836,0.0,0.09075609010682775,1
2012-07-11 01:30:00+00:00,0.036654,0.09912310413500001,0.03811191285,0.0,0.123,2.5022157911315777,2.5022158,0.07721579986842242,0.16255956,0.0,0.28555956,0.0,0.014152775001312392,1
2012-07-11 02:00:00+00:00,0.03508575,0.097329414276875,0.03648128570625,0.0,0.139,3.2147157911315776,3.2147158,0.7125000088684224,1.5,0.0,1.639,0.0,0.07976145499989906,1
2012-07-11 02:30:00+00:00,0.0342678,0.09639388191949999,0.035630801744999996,0.0,0.151,3.9272157911315775,3.9272158,0.7125000088684224,1.5,0.0,1.651,0.0,0.07957314952454725,1
2012-07-11 03:00:00+00:00,0.0337389,0.09578895122225002,0.0350808647475,0.0,0.112,4.639715791131577,4.6397158,0.7125000088684228,1.5,0.0,1.612,0.0,0.07720589468513352,1
2012-07-11 03:30:00+00:00,0.03357285,0.095599031119625,0.03490821010875,0.0,0.162,5.352215791131577,5.3522158,0.7125000088684228,1.5,0.0,1.662,0.0,0.07944279486040838,1
2012-07-11 04:00:00+00:00,0.03322845,0.09520512275862501,0.034550111598749995,0.0,0.121,6.064715791131578,6.0647158,0.7125000088684228,1.5,0.0,1.621,0.0,0.07716375199586557,1
2012-07-11 04:30:00+00:00,0.0325335,0.09441027195875,0.0338275199625,0.0,0.123,6.777215791131578,6.7772158,0.7125000088684219,1.5,0.0,1.623,0.0,0.07661393569452563,1
2012-07-11 05:00:00+00:00,0.033456,0.32536538364,0.034786712399999996,0.0,0.14,6.703531580605262,6.7035316,0.0736841911315782,0.0,0.14,0.0,-0.0,0.0,1
2012-07-11 05:30:00+00:00,0.03412635,0.32613209812837507,0.03548372557125,0.0,0.099,6.651426317447368,6.6514263,0.05210528060526265,0.0,0.099,0.0,-0.0,0.0,1
2012-07-11 06:00:00+00:00,0.0354855,0.32768662933875,0.0368969357625,0.0,0.152,6.571426317447368,6.5714263,0.08000001744736807,0.0,0.152,0.0,-0.0,0.0,1
2012-07-11 06:30:00+00:00,0.03806235,0.33063390796837505,0.03957627997125,0.0,0.109,6.514057896394736,6.5140579,0.05736841744736765,0.0,0.109,0.0,-0.0,0.0,1
2012-07-11 07:00:00+00:00,0.04124805,0.334277560307625,0.042888691188749994,0.0,0.123,6.449321054289474,6.4493211,0.06473679639473673,0.0,0.123,0.0,-0.0,0.0,1
2012-07-11 07:30:00+00:00,0.03568845,0.327918753908625,0.03710795809874999,0.006,0.258,6.3166894753421055,6.3166895,0.13263155428947382,0.0,0.252,0.0,-0.0,0.0,1
2012-07-11 08:00:00+00:00,0.0405162,0.33344050504050005,0.042127731854999996,0.006,0.599,6.004584212184211,6.0045842,0.3121052753421054,0.0,0.593,0.0,-0.0,0.0,1
2012-07-11 08:30:00+00:00,0.0424104,0.33560700102600005,0.04409727366,0.038,0.641,5.687215791131579,5.6872158,0.3173684121842113,0.0,0.603,0.0,-0.0,0.0,1
2012-07-11 09:00:00+00:00,0.0420783,0.33522716082075005,0.0437519643825,0.081,0.839,5.2882684227105266,5.2882684,0.3989473911315793,0.0,0.758,0.0,-0.0,0.0,1
2012-07-11 09:30:00+00:00,0.0422259,0.33539597868975,0.0439054351725,0.206,0.713,5.021426317447369,5.0214263,0.26684212271052665,0.0,0.507,0.0,-0.0,0.0,1
2012-07-11 10:00:00+00:00,0.0397905,0.33261048385125,0.04137316713749999,0.3,0.758,4.780373685868422,4.7803737,0.2410526174473686,0.0,0.458,0.0,-0.0,0.0,1
2012-07-11 10:30:00+00:00,0.0403932,0.333299823483,0.04199983953,0.369,0.217,4.852573685868421,4.8525737,0.07220001413157817,0.152,0.0,0.0,-0.0,0.0,1
2012-07-11 11:00:00+00:00,0.0371091,0.14914362589775,0.03858511445249999,0.425,0.231,4.944723685868421,4.9447237,0.09215001413157875,0.194,0.0,5.551115123125783e-17,0.0,4.1395671861940705e-18,1
2012-07-11 11:30:00+00:00,0.036654,0.148623104135,0.03811191285,0.469,0.341,5.005523685868422,5.0055237,0.06080001413157898,0.128,0.0,5.551115123125783e-17,0.0,4.1251198050484824e-18,1
2012-07-11 12:00:00+00:00,0.0368262,0.14882005831550002,0.038290962105000007,0.513,0.221,5.144223685868422,5.1442237,0.13870001413157862,0.292,0.0,0.0,-0.0,0.0,1
2012-07-11 12:30:00+00:00,0.0359529,0.14782121925725003,0.037382926597500005,0.519,0.261,5.266773685868422,5.2667737,0.12255001413157807,0.258,0.0,0.0,-0.0,0.0,1
2012-07-11 13:00:00+00:00,0.03482745,0.146533983006125,0.03621271182375,0.538,0.21,5.422573685868422,5.4225737,0.15580001413157785,0.328,0.0,0.0,-0.0,0.0,1
2012-07-11 13:30:00+00:00,0.03444615,0.146097870177875,0.03581624561625,0.531,0.362,5.502848685868423,5.5028487,0.080275014131578,0.169,0.0,0.0,-0.0,0.0,1
2012-07-11 14:00:00+00:00,0.03417555,0.145788370751375,0.03553488250125,0.5,0.586,5.457585527973686,5.4575855,0.04526318586842226,0.0,0.086,0.0,2.7755575615628914e-17,-4.931455591279665e-19,1
2012-07-11 14:30:00+00:00,0.0338496,0.145415564624,0.03519596784,0.481,0.446,5.474210527973686,5.4742105,0.016624972026313856,0.035,0.0,0.0,-0.0,0.0,1
2012-07-11 15:00:00+00:00,0.0338619,0.14542963277975,0.0352087570725,0.469,0.575,5.4184210542894755,5.4184211,0.05578942797368658,0.0,0.106,0.0,1.3877787807814457e-17,-2.4430982981452076e-19,1
2012-07-11 15:30:00+00:00,0.034071,0.1456687914275,0.035426174025,0.388,0.557,5.329473685868423,5.3294737,0.0889473542894752,0.0,0.169,2.7755575615628914e-17,0.0,2.0215605776516265e-18,1
2012-07-11 16:00:00+00:00,0.03416325,0.14577430259562502,0.03552209326875,0.169,0.598,5.103684212184212,5.1036842,0.22578948586842262,0.0,0.429,0.0,5.551115123125783e-17,-9.859361457462134e-19,1
2012-07-11 16:30:00+00:00,0.03293325,0.14436748702062502,0.03424317001874999,0.056,0.353,4.947368422710528,4.9473684,0.15631581218421164,0.0,0.297,0.0,-0.0,0.0,1
2012-07-11 17:00:00+00:00,0.03360975,0.145141235586875,0.03494657780625,0.013,0.469,4.707368422710528,4.7073684,0.2400000227105279,0.0,0.456,0.0,5.551115123125783e-17,-9.69962382808831e-19,1
2012-07-11 17:30:00+00:00,0.0387819,0.15105689507975,0.0403244500725,0.0,0.48,4.454736843763159,4.4547368,0.25263162271052764,0.0,0.48,0.0,-0.0,0.0,1
2012-07-11 18:00:00+00:00,0.0401964,0.15267473299099998,0.041795211809999996,0.0,0.76,4.054736843763159,4.0547368,0.4000000437631597,0.0,0.76,0.0,-0.0,0.0,1
2012-07-11 18:30:00+00:00,0.0384621,0.15069112303025,0.0399919300275,0.0,0.792,3.637894738500001,3.6378947,0.4168421437631591,0.0,0.792,0.0,-0.0,0.0,1
2012-07-11 19:00:00+00:00,0.0383145,0.15052230516125,0.0398384592375,0.0,0.627,3.307894738500001,3.3078947,0.33000003850000104,0.0,0.627,0.0,-0.0,0.0,1
2012-07-11 19:30:00+00:00,0.035793,0.14763833323249997,0.037216666574999994,0.0,0.402,3.0963157911315795,3.0963158,0.21157893850000065,0.0,0.402,0.0,-0.0,0.0,1
2012-07-11 20:00:00+00:00,0.03487665,0.146590255629125,0.03626386875375,0.0,0.6,2.780526317447369,2.7805263,0.3157894911315795,0.0,0.6,0.0,-0.0,0.0,1
2012-07-11 20:30:00+00:00,0.0381177,0.15029721466925,0.039633831517499996,0.0,0.479,2.528421054289474,2.5284211,0.2521052174473688,0.0,0.479,0.0,-0.0,0.0,1
2012-07-11 21:00:00+00:00,0.03531945,0.147096709236125,0.03672428112375,0.0,0.375,2.3310526332368426,2.3310526,0.19736845428947403,0.0,0.375,0.0,-0.0,0.0,1
2012-07-11 21:30:00+00:00,0.03493815,0.146660596407875,0.03632781491625,0.0,0.503,2.0663157911315793,2.0663158,0.2647368332368427,0.0,0.503,0.0,-0.0,0.0,1
2012-07-11 22:00:00+00:00,0.03444,0.14609083609999998,0.035809851,0.0,0.335,1.890000001657895,1.89,0.17631579113157936,0.0,0.335,0.0,-0.0,0.0,1
2012-07-11 22:30:00+00:00,0.0399135,0.15235116540875002,0.041501059462499996,0.0,0.42,1.6689473700789477,1.6689474,0.2210526016578951,0.0,0.42,0.0,-0.0,0.0,1
2012-07-11 23:00:00+00:00,0.03520875,0.146970095834375,0.036609178031249995,0.0,0.635,1.3347368437631582,1.3347368,0.3342105700789477,0.0,0.635,0.0,-0.0,0.0,1
2012-07-11 23:30:00+00:00,0.03613125,0.14802520751562498,0.037568370468749994,0.0,0.636,1.000000001657895,1.0,0.33473684376315815,0.0,0.636,0.0,-0.0,0.0,1
2012-07-12 00:00:00+00:00,0.03514725,0.097399755055625,0.03654523186874999,0.0,0.384,1.5874999991578949,1.5875,0.587499998342105,1.2368421,0.0,1.6208421,0.0,0.07893481176192242,1
2012-07-12 00:30:00+00:00,0.03385575,0.095922598701875,0.03520236245624999,0.0,0.169,2.2999999991578948,2.3,0.712500000842105,1.5,0.0,1.669,0.0,0.0800474086167147,1
2012-07-12 01:00:00+00:00,0.0340833,0.09618285958325001,0.0354389632575,0.0,0.149,3.0124999991578947,3.0125,0.7125000008421054,1.5,0.0,1.649,0.0,0.07930276772638964,1
2012-07-12 01:30:00+00:00,0.03406485,0.09616175734962502,0.03541977940875,0.0,0.161,3.7249999991578946,3.725,0.7125000008421054,1.5,0.0,1.661,0.0,0.07986233947886358,1
2012-07-12 02:00:00+00:00,0.0325458,0.0944243401145,0.033840309194999994,0.0,0.111,4.437499999157895,4.4375,0.7125000008421054,1.5,0.0,1.611,0.0,0.07605880596222975,1
2012-07-12 02:30:00+00:00,0.0317463,0.09350990999075001,0.03300900908249999,0.0,0.158,5.149999999157895,5.15,0.7125000008421054,1.5,0.0,1.658,0.0,0.07751971538233175,1
2012-07-12 03:00:00+00:00,0.03055935,0.09215233296087501,0.03177484814625,0.0,0.132,5.862499999157896,5.8625,0.7125000008421045,1.5,0.0,1.6320000000000001,0.0,0.07519630369607401,1
2012-07-12 03:30:00+00:00,0.02845605,0.089746678327625,0.029587889388749997,0.0,0.137,6.574999999157896,6.575,0.7125000008421045,1.5,0.0,1.637,0.0,0.07345765621116107,1
2012-07-12 04:00:00+00:00,0.02682015,0.08787561361287502,0.02788692146625,0.006,0.153,7.287499999157896,7.2875,0.7125000008421036,1.5,0.0,1.647,0.0,0.07236556781020258,1
2012-07-12 04:30:00+00:00,0.0270969,0.08819214711725,0.028174679197499997,0.0,0.107,7.999999999157897,8.0,0.7125000008421036,1.5,0.0,1.607,0.0,0.07086239020871038,1
2012-07-12 05:00:00+00:00,0.02929245,0.32060331291862504,0.03045755719875,0.0,0.161,7.9152631570526335,7.9152632,0.08473679915789667,0.0,0.161,0.0,-0.0,0.0,1
2012-07-12 05:30:00+00:00,0.03046095,0.321939787714875,0.03167253428625,0.0,0.122,7.851052630736844,7.8510526,0.06421055705263345,0.0,0.122,0.0,-0.0,0.0,1
2012-07-12 06:00:00+00:00,0.0319677,0.3236631367942501,0.0332392152675,0.0,0.134,7.7805263149473705,7.7805263,0.07052633073684422,0.0,0.134,0.0,-0.0,0.0,1
2012-07-12 06:30:00+00:00,0.03502425,0.327159073498125,0.036417339543749996,0.0,0.144,7.70473684126316,7.7047368,0.0757895149473704,0.0,0.144,0.0,-0.0,0.0,1
2012-07-12 07:00:00+00:00,0.0364572,0.32879801364300004,0.03790728513,0.0,0.118,7.642631578105266,7.6426316,0.062105241263160416,0.0,0.118,0.0,-0.0,0.0,1
2012-07-12 07:30:00+00:00,0.0335667,0.32549199704175,0.034901815492499995,0.0,0.154,7.561578946526319,7.5615789,0.08105267810526584,0.0,0.154,0.0,-0.0,0.0,1
2012-07-12 08:00:00+00:00,0.0362604,0.32857292315100006,0.03770265740999999,0.013,0.114,7.508421051789476,7.5084211,0.05315784652631894,0.0,0.101,0.0,-0.0,0.0,1
2012-07-12 08:30:00+00:00,0.0450795,0.33865979082375003,0.046872537112499994,0.056,0.395,7.329999999157897,7.33,0.17842105178947598,0.0,0.339,0.0,-0.0,0.0,1
2012-07-12 09:00:00+00:00,0.0447474,0.3382799506185001,0.046527227835,0.063,0.254,7.229473683368423,7.2294737,0.10052629915789701,0.0,0.191,0.0,-0.0,0.0,1
2012-07-12 09:30:00+00:00,0.04535625,0.338976324328125,0.04716029484374999,0.106,0.222,7.168421051789475,7.1684211,0.06105258336842301,0.0,0.116,0.0,-0.0,0.0,1
2012-07-12 10:00:00+00:00,0.0457929,0.33947574385725005,0.0476143125975,0.088,0.744,6.823157893894739,6.8231579,0.3452631517894753,0.0,0.656,0.0,-0.0,0.0,1
2012-07-12 10:30:00+00:00,0.04817295,0.342197931994875,0.05008902908624999,0.106,0.582,6.572631578105265,6.5726316,0.25052629389473857,0.0,0.476,0.0,-0.0,0.0,1
2012-07-12 11:00:00+00:00,0.04900935,0.162754566585875,0.050958696896249996,0.075,1.01,6.08052631494737,6.0805263,0.4921052781052655,0.0,0.935,0.0,-0.0,0.0,1
2012-07-12 11:30:00+00:00,0.04677075,0.16019416223937502,0.04863105658125,0.044,0.508,5.83631578863158,5.8363158,0.2442105149473699,0.0,0.464,0.0,-0.0,0.0,1
2012-07-12 12:00:00+00:00,0.0453255,0.15854115393874998,0.047128321762499994,0.063,0.304,5.709473683368422,5.7094737,0.1268420886315802,0.0,0.241,0.0,-0.0,0.0,1
2012-07-12 12:30:00+00:00,0.0460758,0.15939931143949998,0.04790846494499999,0.125,0.464,5.531052630736843,5.5310526,0.17842108336842255,0.0,0.339,0.0,-0.0,0.0,1
2012-07-12 13:00:00+00:00,0.04673385,0.160151957772125,0.04859268888375,0.113,0.446,5.3557894728421065,5.3557895,0.17526313073684285,0.0,0.333,0.0,-0.0,0.0,1
2012-07-12 13:30:00+00:00,0.04584825,0.159139050558125,0.04767186414375,0.081,0.556,5.1057894728421065,5.1057895,0.2499999728421063,0.0,0.475,5.551115123125783e-17,0.0,4.416995951165431e-18,1
2012-07-12 14:00:00+00:00,0.04690605,0.16034891195262502,0.04877173813874999,0.131,0.499,4.912105262315791,4.9121053,0.19368417284210615,0.0,0.368,0.0,-0.0,0.0,1
2012-07-12 14:30:00+00:00,0.04896015,0.162698293962875,0.05090753996624999,0.081,0.474,4.705263157052633,4.7052632,0.20684206231579072,0.0,0.393,0.0,5.551115123125783e-17,-1.4129680749389026e-18,1
2012-07-12 15:00:00+00:00,0.0440832,0.157120270208,0.045836609279999996,0.044,0.362,4.537894736000001,4.5378947,0.1673684570526328,0.0,0.318,0.0,-0.0,0.0,1
2012-07-12 15:30:00+00:00,0.0434559,0.15640279426475,0.045184358422499994,0.044,0.448,4.325263157052633,4.3252632,0.21263153600000084,0.0,0.404,0.0,-0.0,0.0,1
2012-07-12 16:00:00+00:00,0.04865265,0.16234659006912502,0.050587809153749996,0.019,0.455,4.095789472842107,4.0957895,0.22947365705263234,0.0,0.436,0.0,-0.0,0.0,1
2012-07-12 16:30:00+00:00,0.0466785,0.16008865107125,0.0485351373375,0.019,0.623,3.7778947360000013,3.7778947,0.31789477284210665,0.0,0.604,0.0,-0.0,0.0,1
2012-07-12 17:00:00+00:00,0.0426564,0.15548836414099998,0.04435305830999999,0.0,0.602,3.461052630736843,3.4610526,0.31684213600000133,0.0,0.602,0.0,-0.0,0.0,1
2012-07-12 17:30:00+00:00,0.047478,0.161003081195,0.04936643745,0.0,0.577,3.1573684202105277,3.1573684,0.30368423073684303,0.0,0.577,0.0,-0.0,0.0,1
2012-07-12 18:00:00+00:00,0.06528225,0.181366736643125,0.06787885149374999,0.0,1.153,2.5505263149473696,2.5505263,0.6068421202105276,0.0,1.153,0.0,-0.0,0.0,1
2012-07-12 18:30:00+00:00,0.0595566,0.17481801014149997,0.061925463764999994,0.0,1.228,1.9042105254736854,1.9042105,0.6463158149473696,0.0,1.228,0.0,-0.0,0.0,1
2012-07-12 19:00:00+00:00,0.04814835,0.161769795683375,0.05006345062124999,0.0,0.727,1.521578946526317,1.5215789,0.38263162547368545,0.0,0.727,0.0,-0.0,0.0,1
2012-07-12 19:30:00+00:00,0.0417585,0.15446138877124999,0.043419444337499995,0.0,0.604,1.2036842096842117,1.2036842,0.3178947465263169,0.0,0.604,0.0,-0.0,0.0,1
2012-07-12 20:00:00+00:00,0.03849285,0.15072629341962498,0.040023903108749995,0.0,0.394,1.2036842096842117,1.2036842,9.68421165481459e-09,0.0,0.0,0.394,0.0,0.029693079803666124,1
2012-07-12 20:30:00+00:00,0.04064535,0.153188220675875,0.042262018796249995,0.0,0.448,1.2036842096842117,1.2036842,9.68421165481459e-09,0.0,0.0,0.448,0.0,0.034314161431396005,1
2012-07-12 21:00:00+00:00,0.03972285,0.152133108994625,0.041302826358749996,0.0,0.536,1.2036842096842117,1.2036842,9.68421165481459e-09,0.0,0.0,0.536,0.0,0.04077167321055951,1
2012-07-12 21:30:00+00:00,0.0361374,0.1480322415935,0.037574765084999996,0.0,0.546,1.2036842096842117,1.2036842,9.68421165481459e-09,0.0,0.0,0.546,0.0,0.04041280195502551,1
2012-07-12 22:00:00+00:00,0.0351042,0.14685051651050002,0.036500469555000005,0.0,0.488,1.2036842096842117,1.2036842,9.68421165481459e-09,0.0,0.0,0.488,0.0,0.035831526028562,1
2012-07-12 22:30:00+00:00,0.0412788,0.153912730697,0.04292066427,0.0,0.403,1.0,1.0,0.20368420968421175,0.0,0.387,0.016000000000000014,0.0,0.0012313018455760011,1
2012-07-12 23:00:00+00:00,0.03574995,0.14758909468737502,0.03717190426125,0.0,0.545,1.0,1.0,0.0,0.0,0.0,0.545,0.0,0.040218028302309694,1
2012-07-12 23:30:00+00:00,0.03543015,0.14722332263787502,0.03683938421625,0.0,0.675,1.0,1.0,0.0,0.0,0.0,0.675,0.0,0.04968787139028282,1
2012-07-13 00:00:00+00:00,0.0348582,0.09706915339550001,0.036244684905,0.0,0.662,1.0,1.0,0.0,0.0,0.0,0.662,0.0,0.03212988977391051,1
2012-07-13 00:30:00+00:00,0.03461835,0.096794824358375,0.03599529487125,0.0,0.453,1.6524684075,1.6524684,0.6524684000000001,1.3736177,0.0,1.8266177000000001,0.0,0.08840356972069946,1
2012-07-13 01:00:00+00:00,0.03440925,0.096555665710625,0.03577787791875,0.0,0.49,2.3649684075,2.3649684,0.7124999925,1.5,0.0,1.99,0.0,0.09607288738207187,1
2012-07-13 01:30:00+00:00,0.034932,0.09715356233000001,0.0363214203,0.006,0.133,2.3649684075,2.3649684,7.500000176463573e-09,0.0,0.0,0.127,0.0,0.006169251207955001,1
2012-07-13 02:00:00+00:00,0.0341694,0.09628133667350001,0.035528487885,0.0,0.144,3.0774684075,3.0774684,0.7124999924999997,1.5,0.0,1.644,0.0,0.079143258745617,1
2012-07-13 02:30:00+00:00,0.0335175,0.09553572441875,0.03485065856249999,0.0,0.123,3.7899684075,3.7899684,0.7124999924999997,1.5,0.0,1.623,0.0,0.07752724036581563,1
2012-07-13 03:00:00+00:00,0.03287175,0.09479714624187499,0.034179223856249996,0.0,0.118,4.5024684075,4.5024684,0.7124999924999997,1.5,0.0,1.6179999999999999,0.0,0.07669089130967686,1
2012-07-13 03:30:00+00:00,0.02996895,0.09147706148487501,0.03116096498625,0.0,0.154,5.214968407500001,5.2149684,0.7124999924999997,1.5,0.0,1.654,0.0,0.07565152984799163,1
2012-07-13 04:00:00+00:00,0.030504,0.09208902626,0.0317172966,0.0,0.099,5.927468407500001,5.9274684,0.7124999924999997,1.5,0.0,1.599,0.0,0.07362517649486999,1
2012-07-13 04:30:00+00:00,0.03149415,0.09322151279787502,0.032746829816249996,0.0,0.139,6.639968407500001,6.6399684,0.7124999924999988,1.5,0.0,1.639,0.0,0.07639502973785858,1
2012-07-13 05:00:00+00:00,0.0327672,0.32457756691800005,0.03407051538,0.0,0.124,6.574705249605264,6.5747052,0.06526320750000103,0.0,0.124,0.0,-0.0,0.0,1
2012-07-13 05:30:00+00:00,0.0338619,0.32582963277975,0.0352087570725,0.0,0.115,6.51417893381579,6.5141789,0.06052634960526415,0.0,0.115,0.0,-0.0,0.0,1
2012-07-13 06:00:00+00:00,0.0333822,0.32528097470550005,0.034709977004999996,0.0,0.145,6.437863144342106,6.4378631,0.07631583381578988,0.0,0.145,0.0,-0.0,0.0,1
2012-07-13 06:30:00+00:00,0.03375735,0.325710053455875,0.03510004859625,0.0,0.101,6.384705249605264,6.3847052,0.05315794434210641,0.0,0.101,0.0,-0.0,0.0,1
2012-07-13 07:00:00+00:00,0.0360513,0.32833376450325,0.03748524045749999,0.0,0.14,6.311021039078948,6.311021,0.07368424960526365,0.0,0.14,0.0,-0.0,0.0,1
2012-07-13 07:30:00+00:00,0.0341694,0.3261813366735001,0.035528487885,0.0,0.245,6.182073670657895,6.1820737,0.12894733907894818,0.0,0.245,0.0,-0.0,0.0,1
2012-07-13 08:00:00+00:00,0.03726285,0.3297194778446251,0.03874497985875,0.013,0.614,5.865757881184211,5.8657579,0.3163157706578952,0.0,0.601,0.0,-0.0,0.0,1
2012-07-13 08:30:00+00:00,0.0396183,0.33241352967075005,0.0411941178825,0.013,0.628,5.542073670657896,5.5420737,0.32368418118421083,0.0,0.615,0.0,-0.0,0.0,1
2012-07-13 09:00:00+00:00,0.0389664,0.33166791741600005,0.040516288559999995,0.069,0.971,5.067336828552633,5.0673368,0.47473687065789605,0.0,0.902,0.0,1.1102230246251565e-16,-2.249105821583441e-18,1
2012-07-13 09:30:00+00:00,0.03974745,0.332561245306125,0.04132840482375,0.081,0.769,4.7052315653947385,4.7052316,0.3621052285526325,0.0,0.688,1.1102230246251565e-16,0.0,1.8460857581843738e-17,1
2012-07-13 10:00:00+00:00,0.040221,0.33310286930250005,0.041820790275,0.069,0.839,4.2999684075000015,4.2999684,0.4052631653947385,0.0,0.77,0.0,-0.0,0.0,1
2012-07-13 10:30:00+00:00,0.0403932,0.333299823483,0.04199983953,0.238,0.252,4.29259998644737,4.2926,0.007368407500001339,0.0,0.014,1.214306433183765e-17,0.0,2.023640599172101e-18,1
2012-07-13 11:00:00+00:00,0.0397782,0.15219641569550002,0.041360377904999995,0.194,0.248,4.264178933815791,4.2641789,0.02842108644736996,0.0,0.054,0.0,6.938893903907228e-18,-1.4349763705415184e-19,1
2012-07-13 11:30:00+00:00,0.0386343,0.15088807721075,0.040170979282500005,0.406,0.407,4.263652618026318,4.2636526,0.0005263338157908137,0.0,0.001,0.0,5.4643789493269423e-17,-1.0975472678257088e-18,1
2012-07-13 12:00:00+00:00,0.03836985,0.15058561186212502,0.03989601078374999,0.475,0.186,4.4009276180263175,4.4009276,0.13727498197368249,0.289,0.0,0.0,-0.0,0.0,1
2012-07-13 12:30:00+00:00,0.0380193,0.15018466942325,0.039531517657499994,0.481,0.168,4.549602618026317,4.5496026,0.14867498197368256,0.313,0.0,0.0,-0.0,0.0,1
2012-07-13 13:00:00+00:00,0.0378225,0.14995957893125,0.0393268899375,0.506,0.146,4.720602618026318,4.7206026,0.17099998197368294,0.36,0.0,0.0,-0.0,0.0,1
2012-07-13 13:30:00+00:00,0.03747195,0.149558636492375,0.038962396811249994,0.475,0.166,4.8673776180263175,4.8673776,0.14677498197368255,0.309,0.0,0.0,-0.0,0.0,1
2012-07-13 14:00:00+00:00,0.03695535,0.14896777395087502,0.03842524904625,0.5,0.272,4.975677618026317,4.9756776,0.10829998197368251,0.228,0.0,0.0,-0.0,0.0,1
2012-07-13 14:30:00+00:00,0.03605745,0.147940798581125,0.037491635073749995,0.444,0.23,5.077327618026318,5.0773276,0.10164998197368291,0.214,0.0,0.0,-0.0,0.0,1
2012-07-13 15:00:00+00:00,0.0361251,0.14801817343775,0.03756197585249999,0.188,0.285,5.02627498644737,5.026275,0.05105261802631755,0.0,0.097,0.0,2.7755575615628914e-17,-5.212771305232454e-19,1
2012-07-13 15:30:00+00:00,0.03502425,0.146759073498125,0.036417339543749996,0.125,0.392,4.885748670657896,4.8857487,0.1405262864473702,0.0,0.267,0.0,-0.0,0.0,1
2012-07-13 16:00:00+00:00,0.03600825,0.14788452595812498,0.03744047814375,0.3,0.229,4.919473670657895,4.9194737,0.03372502934210431,0.071,0.0,0.0,-0.0,0.0,1
2012-07-13 16:30:00+00:00,0.03766875,0.149783726984375,0.03916702453125,0.206,0.387,4.824210512763159,4.8242105,0.09526317065789502,0.0,0.181,2.7755575615628914e-17,0.0,2.0786667801527687e-18,1
2012-07-13 17:00:00+00:00,0.03852975,0.15076849788687502,0.040062270806249994,0.006,0.409,4.612105249605264,4.6121052,0.2121053127631587,0.0,0.403,0.0,5.551115123125783e-17,-1.1119513866966744e-18,1
2012-07-13 17:30:00+00:00,0.039975,0.1524215061875,0.04156500562499999,0.0,0.558,4.318421039078948,4.318421,0.2936842496052643,0.0,0.558,0.0,-0.0,0.0,1
2012-07-13 18:00:00+00:00,0.04064535,0.153188220675875,0.042262018796249995,0.0,0.755,3.9210526180263163,3.9210526,0.39736843907894803,0.0,0.755,0.0,-0.0,0.0,1
2012-07-13 18:30:00+00:00,0.03878805,0.15106392915762498,0.04033084468874999,0.0,0.624,3.592631565394737,3.5926316,0.3284210180263165,0.0,0.624,0.0,-0.0,0.0,1
2012-07-13 19:00:00+00:00,0.0368139,0.14880599015975,0.038278172872499995,0.0,0.58,3.2873684075000003,3.2873684,0.3052631653947371,0.0,0.58,0.0,-0.0,0.0,1
2012-07-13 19:30:00+00:00,0.0352149,0.14697712991225,0.0366155726475,0.0,0.561,2.992105249605263,2.9921052,0.2952632075000001,0.0,0.561,0.0,-0.0,0.0,1
2012-07-13 20:00:00+00:00,0.0363465,0.14827140024125,0.0377921820375,0.0,0.595,2.678947354868421,2.6789474,0.31315784960526294,0.0,0.595,0.0,-0.0,0.0,1
2012-07-13 20:30:00+00:00,0.0359652,0.147835287413,0.03739571583,0.0,0.518,2.4063157759210525,2.4063158,0.27263155486842106,0.0,0.518,0.0,-0.0,0.0,1
2012-07-13 21:00:00+00:00,0.03636495,0.14829250247487502,0.037811365886250003,0.0,0.485,2.1510526180263154,2.1510526,0.25526317592105263,0.0,0.485,0.0,-0.0,0.0,1
2012-07-13 21:30:00+00:00,0.03460605,0.146280756202625,0.03598250563875,0.0,0.495,1.8905263022368417,1.8905263,0.2605263180263153,0.0,0.495,0.0,-0.0,0.0,1
2012-07-13 22:00:00+00:00,0.0340218,0.1456125188045,0.035375017094999996,0.0,0.485,1.6352631443421048,1.6352631,0.25526320223684174,0.0,0.485,0.0,-0.0,0.0,1
2012-07-13 22:30:00+00:00,0.0387819,0.15105689507975,0.0403244500725,0.0,0.338,1.4573684074999995,1.4573684,0.17789474434210484,0.0,0.338,0.0,-0.0,0.0,1
2012-07-13 23:00:00+00:00,0.03570075,0.14753282206437499,0.037120747331249995,0.0,0.4,1.2468420917105258,1.2468421,0.21052630749999945,0.0,0.4,0.0,-0.0,0.0,1
2012-07-13 23:30:00+00:00,0.0363957,0.14832767286425003,0.0378433389675,0.0,0.469,1.0000000022368416,1.0,0.2468421017105259,0.0,0.46899997,2.9999999984209325e-08,0.0,2.2249150917926535e-09,1
2012-07-14 00:00:00+00:00,0.03524565,0.09751230030162501,0.03664754572875,0.0,0.549,1.0000000022368416,1.0,2.2368416008333725e-09,0.0,0.0,0.549,0.0,0.02676712643279607,1
2012-07-14 00:30:00+00:00,0.03427395,0.096400915997375,0.03563719636125,0.0,0.524,1.0000000022368416,1.0,2.2368416008333725e-09,0.0,0.0,0.524,0.0,0.025257039991312253,1
2012-07-14 01:00:00+00:00,0.03424935,0.096372779685875,0.035611617896249996,0.0,0.339,1.0000000022368416,1.0,2.2368416008333725e-09,0.0,0.0,0.339,0.0,0.016335186156755815,1
2012-07-14 01:30:00+00:00,0.03421245,0.09633057521862502,0.035573250198749996,0.0,0.148,1.0000000022368416,1.0,2.2368416008333725e-09,0.0,0.0,0.148,0.0,0.007128462566178251,1
2012-07-14 02:00:00+00:00,0.03256425,0.09444544234812502,0.03385949304375,0.0,0.116,1.7125000022368415,1.7125,0.7124999977631583,1.5,0.0,1.616,0.0,0.07631191741728502,1
2012-07-14 02:30:00+00:00,0.03261345,0.09450171497112501,0.03391064997375,0.0,0.126,2.4250000022368416,2.425,0.47259869776315866,1.5,0.0,1.626,0.0,0.07682989427152463,1
2012-07-14 03:00:00+00:00,0.03209685,0.09391085242962502,0.033373502208749996,0.0,0.143,3.1375000022368416,3.1375,0.7124999977631585,1.5,0.0,1.643,0.0,0.07714776527093696,1
2012-07-14 03:30:00+00:00,0.03190005,0.093685761937625,0.03316887448875,0.0,0.104,3.8500000022368415,3.85,0.7124999977631585,1.5,0.0,1.604,0.0,0.07513598107397525,1
2012-07-14 04:00:00+00:00,0.0313281,0.09303159269524999,0.0325741751775,0.0,0.145,4.562500002236842,4.5625,0.7124999977631585,1.5,0.0,1.645,0.0,0.07651848499184312,1
2012-07-14 04:30:00+00:00,0.0312174,0.09290497929350001,0.032459072085,0.0,0.121,5.275000002236842,5.275,0.7124999977631585,1.5,0.0,1.621,0.0,0.07529948571738176,1
2012-07-14 05:00:00+00:00,0.0310452,0.322608025113,0.03228002283,0.0,0.12,5.2118421075,5.2118421,0.06315790223684203,0.0,0.12,0.0,-0.0,0.0,1
2012-07-14 05:30:00+00:00,0.03129735,0.32289642230587506,0.03254220209625,0.0,0.147,5.134473686447368,5.1344737,0.07736840749999985,0.0,0.147,0.0,-0.0,0.0,1
2012-07-14 06:00:00+00:00,0.0308484,0.32238293462100004,0.03207539511,0.0,0.104,5.079736844342105,5.0797368,0.05473688644736807,0.0,0.104,0.0,-0.0,0.0,1
2012-07-14 06:30:00+00:00,0.02969835,0.32106756205837506,0.030879601871249995,0.0,0.139,5.006578949605263,5.0065789,0.0731579443421051,0.0,0.139,0.0,-0.0,0.0,1
2012-07-14 07:00:00+00:00,0.0318693,0.32355059154825005,0.0331369014075,0.0,0.122,4.942368423289474,4.9423684,0.06421054960526273,0.0,0.122,0.0,-0.0,0.0,1
2012-07-14 07:30:00+00:00,0.03356055,0.325484962963875,0.03489542087625,0.006,0.236,4.821315791710527,4.8213158,0.12105262328947397,0.0,0.23,0.0,2.7755575615628914e-17,-4.842712463849763e-19,1
2012-07-14 08:00:00+00:00,0.0344646,0.3265189724115001,0.03583542946499999,0.025,0.636,4.499736844342106,4.4997368,0.32157899171052673,0.0,0.611,0.0,-0.0,0.0,1
2012-07-14 08:30:00+00:00,0.0344646,0.3265189724115001,0.03583542946499999,0.031,0.587,4.207105265394738,4.2071053,0.2926315443421057,0.0,0.556,0.0,1.1102230246251565e-16,-1.9892659444686873e-18,1
2012-07-14 09:00:00+00:00,0.03439695,0.32644159755487506,0.03576508868625,0.094,0.73,3.8723684232894744,3.8723684,0.33473686539473757,0.0,0.636,0.0,-0.0,0.0,1
2012-07-14 09:30:00+00:00,0.0359283,0.32819308294575006,0.0373573481325,0.206,0.778,3.571315791710527,3.5713158,0.3010526232894746,0.0,0.572,1.1102230246251565e-16,0.0,1.8218375860454276e-17,1
2012-07-14 10:00:00+00:00,0.0372567,0.3297124437667501,0.03873858524249999,0.306,0.685,3.371842107500001,3.3718421,0.1994736917105273,0.0,0.379,5.551115123125783e-17,0.0,9.151358664381828e-18,1
2012-07-14 10:30:00+00:00,0.0358176,0.32806646954400004,0.03724224504,0.369,0.82,3.1344736864473695,3.1344737,0.23736840750000088,0.0,0.451,0.0,5.551115123125783e-17,-1.0336799483035008e-18,1
2012-07-14 11:00:00+00:00,0.03442155,0.146069733866375,0.035790667151250004,0.425,0.756,2.96026316013158,2.9602632,0.17421048644736947,0.0,0.331,0.0,-0.0,0.0,1
2012-07-14 11:30:00+00:00,0.0344154,0.1460626997885,0.035784272534999995,0.469,1.066,2.64605263381579,2.6460526,0.3142105601315799,0.0,0.597,1.1102230246251565e-16,0.0,8.108108617205234e-18,1
2012-07-14 12:00:00+00:00,0.03433545,0.145971256776125,0.03570114252375,0.369,0.201,2.7258526338157902,2.7258526,0.07979996618420993,0.168,0.0,0.0,-0.0,0.0,1
2012-07-14 12:30:00+00:00,0.0343908,0.146034563477,0.03575869406999999,0.538,0.198,2.8873526338157904,2.8873526,0.1614999661842096,0.34,0.0,0.0,-0.0,0.0,1
2012-07-14 13:00:00+00:00,0.03439695,0.14604159755487503,0.03576508868625,0.544,0.134,3.0821026338157904,3.0821026,0.19474996618420937,0.41,0.0,0.0,-0.0,0.0,1
2012-07-14 13:30:00+00:00,0.0340095,0.14559845064875,0.0353622278625,0.494,0.177,3.2326776338157903,3.2326776,0.15057496618420974,0.317,0.0,0.0,-0.0,0.0,1
2012-07-14 14:00:00+00:00,0.03390495,0.145478871324875,0.03525351938625,0.538,0.131,3.4260026338157905,3.4260026,0.19332496618420958,0.407,0.0,0.0,-0.0,0.0,1
2012-07-14 14:30:00+00:00,0.0339357,0.14551404171425,0.0352854924675,0.519,0.151,3.6008026338157904,3.6008026,0.17479996618420968,0.368,0.0,0.0,-0.0,0.0,1
2012-07-14 15:00:00+00:00,0.03394185,0.145521075792125,0.03529188708375,0.488,0.15,3.7613526338157905,3.7613526,0.16054996618420958,0.338,0.0,0.0,-0.0,0.0,1
2012-07-14 15:30:00+00:00,0.03394185,0.145521075792125,0.03529188708375,0.444,0.125,3.9128776338157905,3.9128776,0.1515249661842093,0.319,0.0,0.0,-0.0,0.0,1
2012-07-14 16:00:00+00:00,0.03404025,0.145633621038125,0.035394200943749995,0.35,0.292,3.9404276338157906,3.9404276,0.027549966184209573,0.058,0.0,0.0,-0.0,0.0,1
2012-07-14 16:30:00+00:00,0.03464295,0.146322960669875,0.03602087333625,0.281,0.296,3.9325328969736852,3.9325329,0.007894733815790644,0.0,0.015,0.0,4.163336342344337e-17,-7.4983505521895865e-19,1
2012-07-14 17:00:00+00:00,0.03672165,0.148700478991625,0.038182253628749996,0.038,0.337,3.775164475921054,3.7751645,0.15736839697368543,0.0,0.299,5.551115123125783e-17,0.0,4.1272673887322864e-18,1
2012-07-14 17:30:00+00:00,0.03729975,0.149361682311875,0.03878334755625,0.0,0.517,3.503059212763159,3.5030592,0.2721052759210538,0.0,0.517,0.0,-0.0,0.0,1
2012-07-14 18:00:00+00:00,0.04129725,0.153933832930625,0.04293984811875,0.0,0.679,3.1456907917105275,3.1456908,0.3573684127631589,0.0,0.679,0.0,-0.0,0.0,1
2012-07-14 18:30:00+00:00,0.0409836,0.153575094959,0.04261372269,0.0,0.762,2.74463816013158,2.7446382,0.40105259171052765,0.0,0.762,0.0,-0.0,0.0,1
2012-07-14 19:00:00+00:00,0.03967365,0.152076836371625,0.04125166942875,0.0,0.627,2.41463816013158,2.4146382,0.32999996013157995,0.0,0.627,0.0,-0.0,0.0,1
2012-07-14 19:30:00+00:00,0.03729975,0.149361682311875,0.03878334755625,0.0,0.384,2.2125328969736855,2.2125329,0.20210526013158026,0.0,0.384,0.0,-0.0,0.0,1
2012-07-14 20:00:00+00:00,0.03451995,0.146182279112375,0.03589298101125,0.0,0.249,2.081480265394738,2.0814803,0.13105259697368554,0.0,0.249,0.0,-0.0,0.0,1
2012-07-14 20:30:00+00:00,0.0345753,0.14624558581325,0.0359505325575,0.0,0.216,1.9677960548684224,1.9677961,0.11368416539473825,0.0,0.216,0.0,-0.0,0.0,1
2012-07-14 21:00:00+00:00,0.03439695,0.14604159755487503,0.03576508868625,0.0,0.236,1.8435855285526328,1.8435855,0.12421055486842225,0.0,0.236,0.0,-0.0,0.0,1
2012-07-14 21:30:00+00:00,0.0343908,0.146034563477,0.03575869406999999,0.0,0.243,1.7156907917105275,1.7156908,0.12789472855263284,0.0,0.243,0.0,-0.0,0.0,1
2012-07-14 22:00:00+00:00,0.0342924,0.14592201823099998,0.03565638021,0.006,0.208,1.6093750022368434,1.609375,0.10631579171052752,0.0,0.202,0.0,2.7755575615628914e-17,-4.9483167854913465e-19,1
2012-07-14 22:30:00+00:00,0.03444615,0.146097870177875,0.03581624561625,0.0,0.255,1.4751644759210538,1.4751645,0.1342105022368434,0.0,0.255,0.0,-0.0,0.0,1
2012-07-14 23:00:00+00:00,0.0343785,0.14602049532125,0.035745904837499995,0.0,0.221,1.3588486864473697,1.3588487,0.1163157759210538,0.0,0.221,0.0,-0.0,0.0,1
2012-07-14 23:30:00+00:00,0.03447075,0.14612600648937502,0.03584182408125,0.0,0.226,1.239901318026317,1.2399013,0.11894738644736957,0.0,0.226,0.0,-0.0,0.0,1
2012-07-15 00:00:00+00:00,0.03451995,0.09668227911237502,0.03589298101125,0.0,0.248,1.239901318026317,1.2399013,1.8026316883634763e-08,0.0,0.0,0.248,0.0,0.011988602609934503,1
2012-07-15 00:30:00+00:00,0.0343785,0.09652049532125001,0.035745904837499995,0.0,0.214,1.239901318026317,1.2399013,1.8026316883634763e-08,0.0,0.0,0.214,0.0,0.010327692999373752,1
2012-07-15 01:00:00+00:00,0.0342555,0.09637981376375002,0.035618012512500005,0.0,0.254,1.239901318026317,1.2399013,1.8026316883634763e-08,0.0,0.0,0.254,0.0,0.012240236347996251,1
2012-07-15 01:30:00+00:00,0.03381885,0.09588039423462501,0.03516399475874999,0.0,0.23,1.239901318026317,1.2399013,1.8026316883634763e-08,0.0,0.0,0.23,0.0,0.011026245336981877,1
2012-07-15 02:00:00+00:00,0.03326535,0.095247327225875,0.034588479296249995,0.0,0.614,1.713486844026317,1.7134868,0.4735854819736831,0.99702216,0.0,1.61102216,0.0,0.07672277742082799,1
2012-07-15 02:30:00+00:00,0.0311313,0.09280650220325001,0.032369547457499995,0.0,0.557,2.425986844026317,2.4259868,0.7124999559736831,1.5,0.0,2.057,0.0,0.09545148751604264,1
2012-07-15 03:00:00+00:00,0.03159255,0.093334058043875,0.03284914367625,0.0,0.183,3.1384868440263167,3.1384868,0.7124999559736831,1.5,0.0,1.683,0.0,0.07854060984392082,1
2012-07-15 03:30:00+00:00,0.0308361,0.09246886646525002,0.0320626058775,0.0,0.526,3.8509868440263166,3.8509868,0.7124999559736831,1.5,0.0,2.026,0.0,0.09367096172929826,1
2012-07-15 04:00:00+00:00,0.0300612,0.091582572653,0.03125688423,0.0,0.118,4.5634868440263165,4.5634868,0.7124999559736831,1.5,0.0,1.6179999999999999,0.0,0.074090301276277,1
2012-07-15 04:30:00+00:00,0.03046095,0.09203978771487499,0.03167253428625,0.0,0.145,5.275986844026317,5.2759868,0.7124999559736835,1.5,0.0,1.645,0.0,0.07570272539548469,1
2012-07-15 05:00:00+00:00,0.02870205,0.31992804144262504,0.029843674038749997,0.0,0.098,5.224407896657896,5.2244079,0.0515789440263168,0.0,0.098,0.0,-0.0,0.0,1
2012-07-15 05:30:00+00:00,0.03016575,0.32160215197687503,0.03136559270625,0.0,0.149,5.145986844026317,5.1459868,0.07842109665789554,0.0,0.149,0.0,-0.0,0.0,1
2012-07-15 06:00:00+00:00,0.0262113,0.31707923990325004,0.027253854457499997,0.0,0.103,5.0917763177105275,5.0917763,0.054210544026316754,0.0,0.103,0.0,-0.0,0.0,1
2012-07-15 06:30:00+00:00,0.027921,0.3190347135525,0.029031557774999998,0.0,0.136,5.020197370342107,5.0201974,0.07157891771052771,0.0,0.136,0.0,-0.0,0.0,1
2012-07-15 07:00:00+00:00,0.030996,0.32255175249000007,0.0322288659,0.0,0.118,4.958092107184212,4.9580921,0.06210527034210678,0.0,0.118,0.0,-0.0,0.0,1
2012-07-15 07:30:00+00:00,0.0313773,0.3229878653182501,0.032625332107499995,0.0,0.118,4.895986844026318,4.8959868,0.062105307184212144,0.0,0.118,0.0,-0.0,0.0,1
2012-07-15 08:00:00+00:00,0.03223215,0.323965602142875,0.03351418376625,0.013,0.136,4.831250001921055,4.83125,0.06473684402631807,0.0,0.123,1.3877787807814457e-17,0.0,2.24796294178483e-18,1
2012-07-15 08:30:00+00:00,0.03445845,0.326511938333625,0.035829034848750003,0.025,0.099,4.792302633500002,4.7923026,0.03894740192105495,0.0,0.074,1.3877787807814457e-17,0.0,2.2656316984561235e-18,1
2012-07-15 09:00:00+00:00,0.03411405,0.326118029972625,0.035470936338749995,0.088,0.142,4.763881580868423,4.7638816,0.02842103350000169,0.0,0.054,0.0,6.938893903907228e-18,-1.2306453196341686e-19,1
2012-07-15 09:30:00+00:00,0.0344646,0.3265189724115001,0.03583542946499999,0.213,0.169,4.784781580868423,4.7847816,0.020900019131576464,0.044,0.0,2.7755575615628914e-17,0.0,4.531361014352421e-18,1
2012-07-15 10:00:00+00:00,0.03451995,0.32658227911237503,0.03589298101125,0.306,0.045,4.908756580868423,4.9087566,0.12397501913157694,0.261,0.0,0.0,-0.0,0.0,1
2012-07-15 10:30:00+00:00,0.0344523,0.32650490425575,0.035822640232499994,0.375,0.295,4.946756580868423,4.9467566,0.03800001913157658,0.08,0.0,0.0,-0.0,0.0,1
2012-07-15 11:00:00+00:00,0.03443385,0.146083802022125,0.03580345638375,0.431,0.259,5.028456580868423,5.0284566,0.08170001913157687,0.172,0.0,0.0,-0.0,0.0,1
2012-07-15 11:30:00+00:00,0.03417555,0.145788370751375,0.03553488250125,0.481,0.166,5.178081580868423,5.1780816,0.14962501913157666,0.315,0.0,0.0,-0.0,0.0,1
2012-07-15 12:00:00+00:00,0.0341202,0.1457250640505,0.035477330955000004,0.513,0.14,5.355256580868423,5.3552566,0.1771750191315764,0.373,0.0,0.0,-0.0,0.0,1
2012-07-15 12:30:00+00:00,0.03394185,0.145521075792125,0.03529188708375,0.531,0.695,5.268940791394739,5.2689408,0.08631578086842318,0.0,0.164,0.0,8.326672684688674e-17,-1.4693199608568908e-18,1
2012-07-15 13:00:00+00:00,0.03388035,0.145450735013375,0.03522794092124999,0.55,0.204,5.433290791394739,5.4332908,0.16435000860526117,0.346,0.0,0.0,1.1102230246251565e-16,-1.9555435560453245e-18,1
2012-07-15 13:30:00+00:00,0.03360975,0.145141235586875,0.03494657780625,0.556,0.34,5.535890791394738,5.5358908,0.1026000086052612,0.216,0.0,0.0,-0.0,0.0,1
2012-07-15 14:00:00+00:00,0.0338865,0.14545776909125002,0.0352343355375,0.55,0.347,5.632315791394738,5.6323158,0.09642500860526138,0.203,0.0,0.0,-0.0,0.0,1
2012-07-15 14:30:00+00:00,0.0332961,0.14478249761525003,0.0346204523775,0.525,0.382,5.700240791394738,5.7002408,0.06792500860526207,0.143,0.0,0.0,-0.0,0.0,1
2012-07-15 15:00:00+00:00,0.0336036,0.145134201509,0.034940183189999995,0.494,0.255,5.813765791394738,5.8137658,0.11352500860526149,0.239,0.0,0.0,-0.0,0.0,1
2012-07-15 15:30:00+00:00,0.0340464,0.14564065511600002,0.03540059556,0.456,0.23,5.9211157913947385,5.9211158,0.10735000860526167,0.226,0.0,0.0,-0.0,0.0,1
2012-07-15 16:00:00+00:00,0.03431085,0.14594312046462501,0.03567556405875,0.394,0.247,5.990940791394738,5.9909408,0.0698250086052612,0.147,0.0,0.0,-0.0,0.0,1
2012-07-15 16:30:00+00:00,0.0344523,0.14610490425574998,0.035822640232499994,0.275,0.265,5.995690791394738,5.9956908,0.004750008605261868,0.01,0.0,0.0,-0.0,0.0,1
2012-07-15 17:00:00+00:00,0.03677085,0.148756751614625,0.03823341055875,0.05,0.328,5.849375001921054,5.849375,0.14631579139473772,0.0,0.278,0.0,-0.0,0.0,1
2012-07-15 17:30:00+00:00,0.04092825,0.153511788258125,0.042556171143749995,0.0,0.386,5.646217107184212,5.6462171,0.20315790192105343,0.0,0.386,0.0,-0.0,0.0,1
2012-07-15 18:00:00+00:00,0.0563094,0.1711040170235,0.058549106385,0.0,0.56,5.351480265078949,5.3514803,0.29473680718421136,0.0,0.56,0.0,-0.0,0.0,1
2012-07-15 18:30:00+00:00,0.05283465,0.167129763024125,0.05493614820374999,0.0,0.913,4.870953949289475,4.8709539,0.48052636507894864,0.0,0.913,0.0,-0.0,0.0,1
2012-07-15 19:00:00+00:00,0.04690605,0.16034891195262502,0.04877173813874999,0.0,1.42,4.123585528236843,4.1235855,0.7473684492894748,0.0,1.42,0.0,-0.0,0.0,1
2012-07-15 19:30:00+00:00,0.0440217,0.15704992942924997,0.04577266311749999,0.0,1.459,3.355690791394738,3.3556908,0.7678947282368429,0.0,1.459,0.0,-0.0,0.0,1
2012-07-15 20:00:00+00:00,0.04156785,0.154243332357125,0.04322121123375,0.0,0.738,2.967269738763159,2.9672697,0.3884210913947377,0.0,0.738,0.0,-0.0,0.0,1
2012-07-15 20:30:00+00:00,0.0418815,0.15460207032875,0.0435473366625,0.0,0.462,2.724111844026317,2.7241118,0.24315793876315883,0.0,0.462,0.0,-0.0,0.0,1
2012-07-15 21:00:00+00:00,0.0406146,0.1531530502865,0.042230045715,0.0,0.468,2.4777960545526327,2.4777961,0.24631574402631706,0.0,0.468,0.0,-0.0,0.0,1
2012-07-15 21:30:00+00:00,0.03806235,0.150233907968375,0.03957627997125,0.0,0.482,2.224111844026317,2.2241118,0.25368425455263255,0.0,0.482,0.0,-0.0,0.0,1
2012-07-15 22:00:00+00:00,0.0350058,0.1467379712645,0.036398155695,0.0,0.429,1.9983223703421065,1.9983224,0.22578944402631707,0.0,0.429,0.0,-0.0,0.0,1
2012-07-15 22:30:00+00:00,0.0370968,0.14912955774199999,0.038572325219999995,0.006,0.401,1.7904276335000011,1.7904276,0.20789477034210657,0.0,0.395,0.0,-0.0,0.0,1
2012-07-15 23:00:00+00:00,0.0357807,0.14762426507675,0.0372038773425,0.0,0.528,1.5125328966578957,1.5125329,0.27789473350000105,0.0,0.528,0.0,-0.0,0.0,1
2012-07-15 23:30:00+00:00,0.0349566,0.14668169864150002,0.036346998765,0.0,0.518,1.2399013177105274,1.2399013,0.2726315966578956,0.0,0.518,0.0,-0.0,0.0,1
2012-07-16 00:00:00+00:00,0.03432315,0.096457188620375,0.035688353291249995,0.0,0.165,1.2399013177105274,1.2399013,1.7710527266956433e-08,0.0,0.0,0.165,0.0,0.007957718061180938,1
2012-07-16 00:30:00+00:00,0.03391725,0.09599293948062503,0.03526630861875,0.0,0.15,1.3188657927105274,1.3188658,0.07896448228947262,0.166241,0.0,0.316241,0.0,0.01517845158714617,1
2012-07-16 01:00:00+00:00,0.0343293,0.09646422269825002,0.0356947479075,0.0,0.116,1.3188657927105274,1.3188658,7.289472581106793e-09,0.0,0.0,0.116,0.0,0.0055949249164985015,1
2012-07-16 01:30:00+00:00,0.033948,0.09602810987000002,0.035298281699999996,0.0,0.127,1.3978302677105274,1.3978303,0.07896450728947269,0.166241,0.0,0.293241,0.0,0.014079689483194336,1
2012-07-16 02:00:00+00:00,0.03330225,0.09528953169312501,0.034626846993749995,0.0,0.137,2.1103302677105273,2.1103303,0.7125000322894728,1.5,0.0,1.637,0.0,0.07799448169082282,1
2012-07-16 02:30:00+00:00,0.0323613,0.09421331777825001,0.0336484707075,0.0,0.104,2.8228302677105273,2.8228303,0.7125000322894728,1.5,0.0,1.604,0.0,0.07555908085815652,1
2012-07-16 03:00:00+00:00,0.0321276,0.09394602281900001,0.03340547529,0.0,0.156,3.535330267710527,3.5353303,0.7125000322894728,1.5,0.0,1.656,0.0,0.077787306894132,1
2012-07-16 03:30:00+00:00,0.0312912,0.09298938822800001,0.03253580748,0.0,0.11,4.247830267710527,4.2478303,0.7125000322894732,1.5,0.0,1.61,0.0,0.07485645752354002,1
2012-07-16 04:00:00+00:00,0.03089145,0.09253217316612501,0.03212015742375,0.0,0.132,4.9603302677105265,4.9603303,0.7125000322894728,1.5,0.0,1.6320000000000001,0.0,0.07550625330355802,1
2012-07-16 04:30:00+00:00,0.0330747,0.09502927081175,0.034390246192499994,0.0,0.128,5.672830267710527,5.6728303,0.7125000322894737,1.5,0.0,1.6280000000000001,0.0,0.07735382644076451,1
2012-07-16 05:00:00+00:00,0.034071,0.3260687914275,0.035426174025,0.0,0.111,5.614409215078948,5.6144092,0.05842106771052702,0.0,0.111,0.0,-0.0,0.0,1
2012-07-16 05:30:00+00:00,0.0347721,0.32687067630525,0.0361551602775,0.0,0.145,5.538093425605264,5.5380934,0.07631581507894758,0.0,0.145,0.0,-0.0,0.0,1
2012-07-16 06:00:00+00:00,0.0349935,0.32712390310875006,0.0363853664625,0.0,0.097,5.487040794026316,5.4870408,0.05105262560526391,0.0,0.097,0.0,-0.0,0.0,1
2012-07-16 06:30:00+00:00,0.03774255,0.33026813591887505,0.039243759926249996,0.0,0.138,5.414409215078948,5.4144092,0.07263159402631647,0.0,0.138,0.0,-0.0,0.0,1
2012-07-16 07:00:00+00:00,0.042804,0.33605718201,0.0445065291,0.0,0.127,5.34756710981579,5.3475671,0.06684211507894755,0.0,0.127,0.0,-0.0,0.0,1
2012-07-16 07:30:00+00:00,0.04277325,0.33602201162062506,0.04447455601874999,0.0,0.104,5.292830267710527,5.2928303,0.054736809815789655,0.0,0.104,0.0,-0.0,0.0,1
2012-07-16 08:00:00+00:00,0.04704135,0.34090366166587505,0.04891241969625,0.013,0.141,5.225461846657895,5.2254618,0.06736846771052729,0.0,0.128,0.0,2.7755575615628914e-17,-6.78796181711322e-19,1
2012-07-16 08:30:00+00:00,0.0483267,0.34237378394175005,0.0502488944925,0.031,0.107,5.185461846657895,5.1854618,0.04000004665789536,0.0,0.076,0.0,-0.0,0.0,1
2012-07-16 09:00:00+00:00,0.04705365,0.34091772982162505,0.04892520892875,0.088,0.461,4.989146057184211,4.9891461,0.19631574665789486,0.0,0.373,0.0,-0.0,0.0,1
2012-07-16 09:30:00+00:00,0.0467646,0.3405871281615,0.048624661964999996,0.213,0.248,4.970725004552632,4.970725,0.018421057184211165,0.0,0.035,0.0,-0.0,0.0,1
2012-07-16 10:00:00+00:00,0.04634025,0.34010177678812503,0.04818343344374999,0.306,0.325,4.960725004552632,4.960725,0.010000004552631836,0.0,0.019,1.734723475976807e-17,0.0,2.9499126820789223e-18,1
2012-07-16 10:30:00+00:00,0.0456576,0.3393209941440001,0.04747363104,0.375,0.21,5.039100004552632,5.0391,0.07837499544736826,0.165,0.0,0.0,-0.0,0.0,1
2012-07-16 11:00:00+00:00,0.0416601,0.15434884352525,0.04331713047749999,0.425,0.253,5.120800004552632,5.1208,0.08169999544736761,0.172,0.0,0.0,-0.0,0.0,1
2012-07-16 11:30:00+00:00,0.04076835,0.153328902233375,0.04238991112125,0.469,0.138,5.2780250045526325,5.278025,0.15722499544736834,0.331,0.0,5.551115123125783e-17,0.0,4.255731939999813e-18,1
2012-07-16 12:00:00+00:00,0.03978435,0.152203449773375,0.041366772521250005,0.5,0.164,5.437625004552633,5.437625,0.15959999544736725,0.336,0.0,0.0,-0.0,0.0,1
2012-07-16 12:30:00+00:00,0.03605745,0.147940798581125,0.037491635073749995,0.519,0.15,5.612900004552633,5.6129,0.17527499544736713,0.369,0.0,0.0,-0.0,0.0,1
2012-07-16 13:00:00+00:00,0.0344892,0.14614710872300002,0.035861007929999994,0.531,0.282,5.731175004552632,5.731175,0.11827499544736764,0.249,0.0,0.0,1.1102230246251565e-16,-1.990685834507566e-18,1
2012-07-16 13:30:00+00:00,0.0347721,0.14647067630525,0.0361551602775,0.531,0.226,5.876050004552632,5.87605,0.14487499544736782,0.305,0.0,0.0,-0.0,0.0,1
2012-07-16 14:00:00+00:00,0.0346245,0.14630185843625002,0.0360016894875,0.525,0.218,6.021875004552633,6.021875,0.14582499544736738,0.307,0.0,0.0,-0.0,0.0,1
2012-07-16 14:30:00+00:00,0.0342555,0.14587981376375,0.035618012512500005,0.506,0.198,6.168175004552633,6.168175,0.14629999544736716,0.308,0.0,0.0,-0.0,0.0,1
2012-07-16 15:00:00+00:00,0.034194,0.14580947298500002,0.03555406635,0.488,0.146,6.330625004552632,6.330625,0.1624499954473677,0.342,0.0,0.0,-0.0,0.0,1
2012-07-16 15:30:00+00:00,0.0340587,0.14565472327175,0.035413384792499995,0.444,0.265,6.415650004552632,6.41565,0.08502499544736786,0.179,0.0,0.0,-0.0,0.0,1
2012-07-16 16:00:00+00:00,0.034686,0.146372199215,0.03606563565,0.381,0.179,6.5116000045526325,6.5116,0.09594999544736726,0.202,0.0,0.0,-0.0,0.0,1
2012-07-16 16:30:00+00:00,0.0368262,0.14882005831550002,0.038290962105000007,0.281,0.279,6.512550004552632,6.51255,0.0009499954473675132,0.002,0.0,0.0,-0.0,0.0,1
2012-07-16 17:00:00+00:00,0.0376257,0.14973448843925,0.039122262217499995,0.05,0.46,6.296760530868422,6.2967605,0.21578950455263168,0.0,0.41,5.551115123125783e-17,0.0,4.155966916143117e-18,1
2012-07-16 17:30:00+00:00,0.0412665,0.15389866254125,0.042907875037499994,0.0,0.587,5.987813162447369,5.9878132,0.3089473308684223,0.0,0.587,0.0,-0.0,0.0,1
2012-07-16 18:00:00+00:00,0.0482898,0.16193157947450001,0.050210526795,0.006,0.849,5.544128951921054,5.544129,0.4436841624473695,0.0,0.843,0.0,-0.0,0.0,1
2012-07-16 18:30:00+00:00,0.04855425,0.162234044823125,0.050485495293749995,0.0,0.984,5.026234215078948,5.0262342,0.5178947519210535,0.0,0.984,0.0,-0.0,0.0,1
2012-07-16 19:00:00+00:00,0.047355,0.1608623996375,0.049238545125,0.0,1.037,4.480444741394738,4.4804447,0.5457895150789485,0.0,1.037,0.0,-0.0,0.0,1
2012-07-16 19:30:00+00:00,0.0408114,0.1533781407785,0.042434673434999994,0.0,1.038,3.934128951921054,3.934129,0.5463157413947379,0.0,1.038,0.0,-0.0,0.0,1
2012-07-16 20:00:00+00:00,0.0407376,0.153293731844,0.042357938039999994,0.0,0.959,3.4293921098157907,3.4293921,0.504736851921054,0.0,0.959,0.0,-0.0,0.0,1
2012-07-16 20:30:00+00:00,0.0414387,0.15409561672175,0.043086924292499995,0.0,0.885,2.96360263613158,2.9636026,0.4657895098157905,0.0,0.885,0.0,-0.0,0.0,1
2012-07-16 21:00:00+00:00,0.0408114,0.1533781407785,0.042434673434999994,0.0,0.471,2.715707899289475,2.7157079,0.2478947361315802,0.0,0.471,0.0,-0.0,0.0,1
2012-07-16 21:30:00+00:00,0.0380439,0.15021280573475002,0.039557096122499996,0.0,0.579,2.410971057184212,2.4109711,0.30473679928947517,0.0,0.579,0.0,-0.0,0.0,1
2012-07-16 22:00:00+00:00,0.03562695,0.147448413129875,0.03704401193624999,0.0,0.516,2.139392109815791,2.1393921,0.2715789571842122,0.0,0.516,0.0,-0.0,0.0,1
2012-07-16 22:30:00+00:00,0.0438864,0.156895179716,0.04563198156,0.0,0.439,1.9083394782368437,1.9083395,0.231052609815791,0.0,0.439,0.0,-0.0,0.0,1
2012-07-16 23:00:00+00:00,0.0363465,0.14827140024125,0.0377921820375,0.0,0.583,1.6014973729736859,1.6014974,0.30684207823684373,0.0,0.583,0.0,-0.0,0.0,1
2012-07-16 23:30:00+00:00,0.0352641,0.14703340253525,0.036666729577499994,0.0,0.537,1.3188657940263173,1.3188658,0.2826315729736859,0.0,0.537,0.0,-0.0,0.0,1
2012-07-17 00:00:00+00:00,0.0357192,0.098053924298,0.037139931179999995,0.0,0.459,1.3188657940263173,1.3188658,5.973682659643487e-09,0.0,0.0,0.459,0.0,0.022503375626391,1
2012-07-17 00:30:00+00:00,0.03433545,0.096471256776125,0.03570114252375,0.0,0.15,1.3188657940263173,1.3188658,5.973682659643487e-09,0.0,0.0,0.15,0.0,0.007235344258209375,1
2012-07-17 01:00:00+00:00,0.03436005,0.09649939308762502,0.03572672098875,0.0,0.129,1.3188657940263173,1.3188658,5.973682659643487e-09,0.0,0.0,0.129,0.0,0.006224210854151814,1
2012-07-17 01:30:00+00:00,0.0342801,0.09640795007524999,0.03564359097749999,0.0,0.156,1.3188657940263173,1.3188658,5.973682659643487e-09,0.0,0.0,0.156,0.0,0.0075198201058695,1
2012-07-17 02:00:00+00:00,0.03406485,0.09616175734962502,0.03541977940875,0.0,0.108,1.8985262965263172,1.8985263,0.5796605059736828,1.2203379,0.0,1.3283379000000002,0.0,0.06386765340905524,1
2012-07-17 02:30:00+00:00,0.03343755,0.09544428140637501,0.03476752855125,0.0,0.16,2.611026296526317,2.6110263,0.7125000034736826,1.5,0.0,1.66,0.0,0.07921875356729126,1
2012-07-17 03:00:00+00:00,0.0328779,0.09480418031975,0.0341856184725,0.0,0.124,3.323526296526317,3.3235263,0.712500003473683,1.5,0.0,1.624,0.0,0.07698099441963702,1
2012-07-17 03:30:00+00:00,0.03204765,0.093854579806625,0.03332234527874999,0.0,0.139,4.036026296526317,4.0360263,0.7125000034736826,1.5,0.0,1.639,0.0,0.07691382815152918,1
2012-07-17 04:00:00+00:00,0.0319431,0.09373500048275,0.0332136368025,0.0,0.144,4.748526296526316,4.7485263,0.712500003473683,1.5,0.0,1.644,0.0,0.0770501703968205,1
2012-07-17 04:30:00+00:00,0.0319062,0.09369279601550001,0.033175269105,0.0,0.095,5.461026296526317,5.4610263,0.7125000034736839,1.5,0.0,1.595,0.0,0.07472000482236126,1
2012-07-17 05:00:00+00:00,0.03293325,0.324767487020625,0.03424317001874999,0.0,0.145,5.384710507052633,5.3847105,0.07631579652631704,0.0,0.145,0.0,-0.0,0.0,1
2012-07-17 05:30:00+00:00,0.0340095,0.32599845064875,0.0353622278625,0.0,0.106,5.328921033368422,5.328921,0.055789507052632636,0.0,0.106,0.0,-0.0,0.0,1
2012-07-17 06:00:00+00:00,0.03223215,0.323965602142875,0.03351418376625,0.0,0.125,5.263131559684211,5.2631316,0.06578943336842169,0.0,0.125,0.0,-0.0,0.0,1
2012-07-17 06:30:00+00:00,0.03589755,0.32815791255637505,0.03732537505125,0.0,0.124,5.197868401789474,5.1978684,0.06526315968421148,0.0,0.124,0.0,-0.0,0.0,1
2012-07-17 07:00:00+00:00,0.041574,0.33465036643500007,0.043227605849999996,0.0,0.106,5.1420789281052635,5.1420789,0.05578950178947473,0.0,0.106,0.0,-0.0,0.0,1
2012-07-17 07:30:00+00:00,0.04426155,0.337724258466375,0.04602205315124999,0.0,0.165,5.055236822842105,5.0552368,0.08684212810526315,0.0,0.165,0.0,-0.0,0.0,1
2012-07-17 08:00:00+00:00,0.0523365,0.34696000271625005,0.0544181842875,0.013,0.278,4.915763138631579,4.9157631,0.13947372284210502,0.0,0.265,0.0,-0.0,0.0,1
2012-07-17 08:30:00+00:00,0.05092815,0.345349198882875,0.05295381716624999,0.044,0.666,4.5883947175789475,4.5883947,0.32736843863157894,0.0,0.622,0.0,-0.0,0.0,1
2012-07-17 09:00:00+00:00,0.04312995,0.336429988137375,0.04484544376125,0.094,0.618,4.312605243894737,4.3126052,0.2757895175789473,0.0,0.524,0.0,-0.0,0.0,1
2012-07-17 09:30:00+00:00,0.0414387,0.33449561672175004,0.043086924292499995,0.219,0.829,3.9915526123157896,3.9915526,0.321052643894737,0.0,0.61,0.0,-0.0,0.0,1
2012-07-17 10:00:00+00:00,0.04076835,0.33372890223337504,0.04238991112125,0.306,0.493,3.893131559684211,3.8931316,0.09842101231578981,0.0,0.187,0.0,-0.0,0.0,1
2012-07-17 10:30:00+00:00,0.04025175,0.333138039691875,0.041852763356249996,0.375,0.564,3.7936578754736847,3.7936579,0.09947365968421096,0.0,0.189,0.0,5.551115123125783e-17,-1.1616475380574197e-18,1
2012-07-17 11:00:00+00:00,0.03562695,0.147448413129875,0.03704401193624999,0.431,0.601,3.7041841912631583,3.7041842,0.0894736754736849,0.0,0.17,0.0,2.7755575615628914e-17,-5.140889372014233e-19,1
2012-07-17 11:30:00+00:00,0.03449535,0.146154142800875,0.03586740254625,0.475,0.495,3.6936578754736846,3.6936579,0.010526291263158516,0.0,0.02,1.734723475976807e-17,0.0,1.2676851131397226e-18,1
2012-07-17 12:00:00+00:00,0.0344769,0.14613304056725002,0.035848218697499996,0.513,0.413,3.7411578754736845,3.7411579,0.04750002452631552,0.1,0.0,0.0,-0.0,0.0,1
2012-07-17 12:30:00+00:00,0.03442155,0.146069733866375,0.035790667151250004,0.531,0.376,3.8147828754736843,3.8147829,0.07362502452631547,0.155,0.0,0.0,-0.0,0.0,1
2012-07-17 13:00:00+00:00,0.0336651,0.14520454228775,0.035004129352499996,0.544,0.278,3.9411328754736843,3.9411329,0.1263500245263156,0.266,0.0,0.0,-0.0,0.0,1
2012-07-17 13:30:00+00:00,0.03364665,0.14518344005412498,0.034984945503749997,0.55,0.181,4.116407875473684,4.1164079,0.17527502452631527,0.369,0.0,0.0,-0.0,0.0,1
2012-07-17 14:00:00+00:00,0.03343755,0.144944281406375,0.03476752855125,0.538,0.203,4.275532875473685,4.2755329,0.1591250245263156,0.335,0.0,0.0,-0.0,0.0,1
2012-07-17 14:30:00+00:00,0.0330501,0.14450113450025,0.0343646677275,0.525,0.202,4.428957875473685,4.4289579,0.15342502452631557,0.323,0.0,0.0,-0.0,0.0,1
2012-07-17 15:00:00+00:00,0.03287175,0.144297146241875,0.034179223856249996,0.494,0.192,4.572407875473685,4.5724079,0.14345002452631483,0.302,0.0,0.0,-0.0,0.0,1
2012-07-17 15:30:00+00:00,0.0331485,0.14461367974624997,0.034466981587499994,0.444,0.165,4.704932875473685,4.7049329,0.13252502452631543,0.279,0.0,5.551115123125783e-17,0.0,4.013835923251385e-18,1
2012-07-17 16:00:00+00:00,0.03376965,0.145324121611625,0.03511283782875,0.381,0.195,4.793282875473685,4.7932829,0.08835002452631535,0.186,0.0,0.0,-0.0,0.0,1
2012-07-17 16:30:00+00:00,0.0342678,0.1458938819195,0.035630801744999996,0.288,0.183,4.843157875473685,4.8431579,0.049875024526314427,0.105,0.0,0.0,-0.0,0.0,1
2012-07-17 17:00:00+00:00,0.03568845,0.14751875390862498,0.03710795809874999,0.056,0.313,4.707894717578949,4.7078947,0.1352631754736855,0.0,0.257,0.0,-0.0,0.0,1
2012-07-17 17:30:00+00:00,0.0417093,0.15440511614825,0.04336828740749999,0.0,0.233,4.58526313863158,4.5852631,0.12263161757894903,0.0,0.233,0.0,-0.0,0.0,1
2012-07-17 18:00:00+00:00,0.0576747,0.17266558231174997,0.059968711192499996,0.0,0.213,4.473157875473685,4.4731579,0.11210523863157995,0.0,0.213,0.0,-0.0,0.0,1
2012-07-17 18:30:00+00:00,0.0560142,0.1707663812855,0.058242164804999996,0.0,0.545,4.186315770210527,4.1863158,0.2868420754736851,0.0,0.545,0.0,-0.0,0.0,1
2012-07-17 19:00:00+00:00,0.04940295,0.16320474756987502,0.051367952336249995,0.0,0.698,3.818947349157895,3.8189473,0.3673684702105269,0.0,0.698,0.0,-0.0,0.0,1
2012-07-17 19:30:00+00:00,0.0443907,0.15747197410174998,0.04615634009249999,0.0,0.985,3.300526296526316,3.3005263,0.5184210491578951,0.0,0.985,0.0,-0.0,0.0,1
2012-07-17 20:00:00+00:00,0.0453747,0.15859742656175,0.04717947869249999,0.0,1.123,2.7094736649473687,2.7094737,0.5910525965263158,0.0,1.123,0.0,-0.0,0.0,1
2012-07-17 20:30:00+00:00,0.04322835,0.156142533383375,0.044947757621249994,0.0,0.482,2.455789454421053,2.4557895,0.2536841649473689,0.0,0.482,0.0,-0.0,0.0,1
2012-07-17 21:00:00+00:00,0.04156785,0.154243332357125,0.04322121123375,0.0,0.457,2.2152631386315793,2.2152631,0.24052635442105297,0.0,0.457,0.0,-0.0,0.0,1
2012-07-17 21:30:00+00:00,0.03694305,0.148953705795125,0.038412459813749994,0.006,0.519,1.9452631386315793,1.9452631,0.2700000386315793,0.0,0.513,0.0,-0.0,0.0,1
2012-07-17 22:00:00+00:00,0.03463065,0.146308892514125,0.03600808410375,0.0,0.413,1.7278947175789476,1.7278947,0.21736843863157929,0.0,0.413,0.0,-0.0,0.0,1
2012-07-17 22:30:00+00:00,0.03715215,0.149192864442875,0.03862987676625,0.0,0.449,1.4915789281052634,1.4915789,0.2363158175789477,0.0,0.449,0.0,-0.0,0.0,1
2012-07-17 23:00:00+00:00,0.0346614,0.14634406290350002,0.036040057185,0.0,0.396,1.2831578754736843,1.2831579,0.20842102810526342,0.0,0.396,0.0,-0.0,0.0,1
2012-07-17 23:30:00+00:00,0.03543015,0.14722332263787502,0.03683938421625,0.0,0.538,1.0000000017894737,1.0,0.2831578954736843,0.0,0.53799996,3.9999999978945766e-08,0.0,2.9444664512076634e-09,1
2012-07-18 00:00:00+00:00,0.03347445,0.09548648587362503,0.03480589624875,0.0,0.664,1.5803920992894738,1.5803921,0.26670789821052643,1.2218781,0.0,1.8858781000000002,0.0,0.09003793627751441,1
2012-07-18 00:30:00+00:00,0.0337143,0.09576081491075002,0.0350552862825,0.0,0.203,2.1607841967894736,2.1607842,7.105263044593357e-10,1.2218781,0.0,1.4248781000000001,0.0,0.06822374400224059,1
2012-07-18 01:00:00+00:00,0.03404025,0.096133621038125,0.035394200943749995,0.0,0.128,2.1607841967894736,2.1607842,3.2105265113102632e-09,0.0,0.0,0.128,0.0,0.00615255174644,1
2012-07-18 01:30:00+00:00,0.0332469,0.09522622499225,0.0345692954475,0.0,0.137,2.7411762942894735,2.7411763,0.7125000032105264,1.2218781,0.0,1.3588781,0.0,0.06470041584382061,1
2012-07-18 02:00:00+00:00,0.0324351,0.09429772671275001,0.0337252061025,0.0,0.101,3.4536762942894734,3.4536763,0.7125000057105266,1.5,0.0,1.601,0.0,0.07548533023355639,1
2012-07-18 02:30:00+00:00,0.03215835,0.09398119320837502,0.03343744837125,0.0,0.149,4.166176294289473,4.1661763,0.7125000057105266,1.5,0.0,1.649,0.0,0.0774874938003052,1
2012-07-18 03:00:00+00:00,0.0310944,0.09276429773600002,0.03233117976,0.0,0.113,4.878676294289473,4.8786763,0.7125000057105275,1.5,0.0,1.613,0.0,0.07481440612408402,1
2012-07-18 03:30:00+00:00,0.0311559,0.09283463851475002,0.0323951259225,0.0,0.134,5.591176294289474,5.5911763,0.7125000057105266,1.5,0.0,1.634,0.0,0.07584589966655075,1
2012-07-18 04:00:00+00:00,0.0305901,0.09218750335025,0.0318068212275,0.0,0.134,6.303676294289474,6.3036763,0.7125000057105266,1.5,0.0,1.634,0.0,0.07531719023715425,1
2012-07-18 04:30:00+00:00,0.03075,0.092370389375,0.03197308124999999,0.0,0.107,7.016176294289474,7.0161763,0.7125000057105257,1.5,0.0,1.607,0.0,0.0742196078628125,1
2012-07-18 05:00:00+00:00,0.0313896,0.323001933474,0.03263812133999999,0.0,0.147,6.938807873236843,6.9388079,0.07736839428947473,0.0,0.147,0.0,-0.0,0.0,1
2012-07-18 05:30:00+00:00,0.03364665,0.325583440054125,0.034984945503749997,0.0,0.101,6.8856499785,6.88565,0.05315787323684251,0.0,0.101,0.0,-0.0,0.0,1
2012-07-18 06:00:00+00:00,0.03060855,0.32210860558387505,0.031826005076250004,0.0,0.142,6.810913136394737,6.8109131,0.07473687850000044,0.0,0.142,0.0,-0.0,0.0,1
2012-07-18 06:30:00+00:00,0.0343539,0.32639235900975005,0.03572032637249999,0.0,0.121,6.747228925868421,6.7472289,0.06368423639473697,0.0,0.121,0.0,-0.0,0.0,1
2012-07-18 07:00:00+00:00,0.0379947,0.33055653311175004,0.03950593919249999,0.0,0.115,6.686702610078947,6.6867026,0.06052632586842055,0.0,0.115,0.0,-0.0,0.0,1
2012-07-18 07:30:00+00:00,0.0374289,0.32990939794725005,0.0389176344975,0.006,0.14,6.616176294289473,6.6161763,0.07052631007894661,0.0,0.134,0.0,-0.0,0.0,1
2012-07-18 08:00:00+00:00,0.04058385,0.333517879897125,0.04219807263374999,0.025,0.159,6.545649978499999,6.54565,0.07052629428947288,0.0,0.134,0.0,-0.0,0.0,1
2012-07-18 08:30:00+00:00,0.04054695,0.333475675429875,0.04215970493624999,0.056,0.79,6.159334189026315,6.1593342,0.3863157784999993,0.0,0.734,0.0,-0.0,0.0,1
2012-07-18 09:00:00+00:00,0.0392001,0.33193521237525003,0.0407592839775,0.1,0.955,5.709334189026315,5.7093342,0.4499999890263151,0.0,0.855,0.0,-0.0,0.0,1
2012-07-18 09:30:00+00:00,0.0391755,0.33190707606375003,0.0407337055125,0.138,0.797,5.362492083763157,5.3624921,0.34684208902631486,0.0,0.659,0.0,-0.0,0.0,1
2012-07-18 10:00:00+00:00,0.03686925,0.329269296860625,0.038335724418749995,0.294,0.773,5.110386820605262,5.1103868,0.2521052837631572,0.0,0.479,5.551115123125783e-17,0.0,9.139058866920041e-18,1
2012-07-18 10:30:00+00:00,0.034563,0.32663151765750004,0.035937743325,0.369,0.319,5.134136820605262,5.1341368,0.02374997939473822,0.05,0.0,0.0,-0.0,0.0,1
2012-07-18 11:00:00+00:00,0.0347598,0.14645660814949998,0.036142371044999996,0.431,0.324,5.1849618206052615,5.1849618,0.05082497939473818,0.107,0.0,0.0,-0.0,0.0,1
2012-07-18 11:30:00+00:00,0.03437235,0.146013461243375,0.03573951022125,0.469,0.349,5.241961820605262,5.2419618,0.05699997939473889,0.12,0.0,0.0,-0.0,0.0,1
2012-07-18 12:00:00+00:00,0.03381885,0.145380394234625,0.03516399475874999,0.506,0.35,5.3160618206052614,5.3160618,0.07409997939473811,0.156,0.0,0.0,-0.0,0.0,1
2012-07-18 12:30:00+00:00,0.03284715,0.144269009930375,0.03415364539125,0.525,0.5,5.327936820605261,5.3279368,0.01187497939473836,0.025,0.0,0.0,-0.0,0.0,1
2012-07-18 13:00:00+00:00,0.03164175,0.142890330666875,0.03290030060625,0.531,0.53,5.328411820605261,5.3284118,0.0004749793947382841,0.001,0.0,0.0,-0.0,0.0,1
2012-07-18 13:30:00+00:00,0.0330132,0.144458930033,0.03432630003,0.538,0.483,5.3545368206052615,5.3545368,0.0261249793947389,0.055,0.0,0.0,-0.0,0.0,1
2012-07-18 14:00:00+00:00,0.0318078,0.14308025076949998,0.033072955244999994,0.531,0.541,5.349273662710525,5.3492737,0.005263120605261129,0.0,0.01,8.673617379884035e-18,0.0,6.2051167489625055e-19,1
2012-07-18 14:30:00+00:00,0.03156795,0.142805921732375,0.032823565211249996,0.506,0.368,5.414823662710525,5.4148237,0.0655500372894755,0.138,0.0,0.0,-0.0,0.0,1
2012-07-18 15:00:00+00:00,0.0314757,0.14270041056425,0.0327276459675,0.481,0.251,5.524073662710525,5.5240737,0.10925003728947491,0.23,0.0,0.0,-0.0,0.0,1
2012-07-18 15:30:00+00:00,0.03220755,0.143537465831375,0.033488605301249995,0.431,0.461,5.508284189026314,5.5082842,0.015789462710524838,0.0,0.03,2.7755575615628914e-17,0.0,1.99198249327924e-18,1
2012-07-18 16:00:00+00:00,0.0330009,0.14444486187724997,0.034313510797499995,0.369,0.464,5.4582841890263145,5.4582842,0.04999998902631475,0.0,0.095,2.7755575615628914e-17,0.0,2.004575143061543e-18,1
2012-07-18 16:30:00+00:00,0.03485205,0.146562119317625,0.036238290288749996,0.269,0.468,5.353547346921052,5.3535473,0.10473688902631473,0.0,0.199,0.0,-0.0,0.0,1
2012-07-18 17:00:00+00:00,0.03492585,0.14664652825212499,0.036315025683749995,0.056,0.369,5.188810504815788,5.1888105,0.16473684692105195,0.0,0.313,0.0,-0.0,0.0,1
2012-07-18 17:30:00+00:00,0.0414879,0.15415188934475,0.04313808122249999,0.0,0.389,4.984073662710525,4.9840737,0.2047368048157887,0.0,0.389,0.0,-0.0,0.0,1
2012-07-18 18:00:00+00:00,0.04959975,0.163429838061875,0.05157258005625,0.0,0.461,4.741442083763157,4.7414421,0.24263156271052466,0.0,0.461,0.0,-0.0,0.0,1
2012-07-18 18:30:00+00:00,0.05277315,0.167059422245375,0.05487220204124999,0.0,0.448,4.505652610078946,4.5056526,0.23578948376315623,0.0,0.448,0.0,-0.0,0.0,1
2012-07-18 19:00:00+00:00,0.04889865,0.162627953184125,0.050843593803750003,0.0,0.588,4.19617892586842,4.1961789,0.3094737100789464,0.0,0.588,0.0,-0.0,0.0,1
2012-07-18 19:30:00+00:00,0.0419922,0.1547286837305,0.043662439755,0.0,0.665,3.84617892586842,3.8461789,0.35000002586841994,0.0,0.665,0.0,-0.0,0.0,1
2012-07-18 20:00:00+00:00,0.03984585,0.152273790552125,0.04143071868375,0.0,0.379,3.6467052416578936,3.6467052,0.19947372586841983,0.0,0.379,0.0,-0.0,0.0,1
2012-07-18 20:30:00+00:00,0.039729,0.15214014307249998,0.041309220975,0.0,0.285,3.4967052416578936,3.4967052,0.1500000416578935,0.0,0.285,0.0,-0.0,0.0,1
2012-07-18 21:00:00+00:00,0.03919395,0.151528178297375,0.040752889361249996,0.0,0.251,3.364599978499999,3.3646,0.13210524165789383,0.0,0.251,0.0,-0.0,0.0,1
2012-07-18 21:30:00+00:00,0.0363342,0.1482573320855,0.03777939280499999,0.0,0.254,3.2309157679736833,3.2309158,0.13368417849999892,0.0,0.254,0.0,-0.0,0.0,1
2012-07-18 22:00:00+00:00,0.03428625,0.145914984153125,0.035649985593749996,0.0,0.271,3.088284189026315,3.0882842,0.14263156797368337,0.0,0.271,0.0,-0.0,0.0,1
2012-07-18 22:30:00+00:00,0.0449073,0.15806283664325002,0.0466934878575,0.0,0.578,2.7840736627105254,2.7840737,0.30421048902631487,0.0,0.578,0.0,-0.0,0.0,1
2012-07-18 23:00:00+00:00,0.03631575,0.148236229851875,0.03776020895625,0.0,1.404,2.0451262942894726,2.0451263,0.7389473627105252,0.0,1.404,0.0,-0.0,0.0,1
2012-07-18 23:30:00+00:00,0.03770565,0.149825931451625,0.03920539222875,0.0,1.134,1.4482841890263147,1.4482842,0.5968420942894725,0.0,1.134,0.0,-0.0,0.0,1
2012-07-19 00:00:00+00:00,0.03556545,0.09787807235112501,0.03698006577375,0.0,1.174,1.5875000010263147,1.5875,0.13921581097368518,0.29308592,0.0,1.46708592,0.0,0.0717977709115384,1
2012-07-19 00:30:00+00:00,0.0338127,0.09587336015675002,0.0351576001425,0.0,1.154,2.300000001026315,2.3,0.7124999989736851,1.5,0.0,2.654,0.0,0.12722394892800729,1
2012-07-19 01:00:00+00:00,0.0328164,0.09473383954100002,0.03412167231,0.0,0.885,3.0125000010263148,3.0125,0.7124999989736853,1.5,0.0,2.385,0.0,0.11297010365264251,1
2012-07-19 01:30:00+00:00,0.0342186,0.09633760929650001,0.035579644815000006,0.0,0.203,3.7250000010263147,3.725,0.7124999989736853,1.5,0.0,1.703,0.0,0.08203147431596976,1
2012-07-19 02:00:00+00:00,0.0335421,0.09556386073025,0.03487623702749999,0.0,0.122,4.437500001026315,4.4375,0.7124999989736853,1.5,0.0,1.6219999999999999,0.0,0.07750229105223275,1
2012-07-19 02:30:00+00:00,0.03338835,0.09538800878337499,0.03471637162124999,0.0,0.152,5.150000001026315,5.15,0.7124999989736853,1.5,0.0,1.652,0.0,0.07879049525506773,1
2012-07-19 03:00:00+00:00,0.032103,0.0939178865075,0.033379896825,0.0,0.132,5.862500001026316,5.8625,0.7124999989736844,1.5,0.0,1.6320000000000001,0.0,0.07663699539012,1
2012-07-19 03:30:00+00:00,0.03182625,0.093601353003125,0.03309213909375,0.0,0.135,6.575000001026316,6.575,0.7124999989736844,1.5,0.0,1.635,0.0,0.07651910608005469,1
2012-07-19 04:00:00+00:00,0.0319185,0.09370686417125001,0.0331880583375,0.0,0.152,7.2875000010263165,7.2875,0.7124999989736835,1.5,0.0,1.652,0.0,0.07740186980545251,1
2012-07-19 04:30:00+00:00,0.03321615,0.09519105460287501,0.03453732236625,0.0,0.11,8.0,8.0,0.7124999989736835,1.5,0.0,1.61,0.0,0.0766287989553144,1
2012-07-19 05:00:00+00:00,0.0334068,0.32530911101700005,0.03473555546999999,0.0,0.159,7.916315789473685,7.9163158,0.08368420000000043,0.0,0.159,0.0,-0.0,0.0,1
2012-07-19 05:30:00+00:00,0.0367647,0.32914971753675004,0.0382270159425,0.0,0.117,7.854736842105264,7.8547368,0.06157898947368423,0.0,0.117,0.0,-0.0,0.0,1
2012-07-19 06:00:00+00:00,0.0343908,0.326434563477,0.03575869406999999,0.0,0.147,7.777368421052632,7.7773684,0.07736844210526339,0.0,0.147,0.0,-0.0,0.0,1
2012-07-19 06:30:00+00:00,0.0408852,0.333862549713,0.04251140882999999,0.0,0.134,7.706842105263158,7.7068421,0.07052632105263168,0.0,0.134,0.0,-0.0,0.0,1
2012-07-19 07:00:00+00:00,0.04289625,0.336162693178125,0.04460244834374999,0.006,0.13,7.641578947368421,7.6415789,0.06526320526315832,0.0,0.124,0.0,-0.0,0.0,1
2012-07-19 07:30:00+00:00,0.04001805,0.332870744732625,0.04160976793874999,0.0,0.163,7.555789473684211,7.5557895,0.08578944736842065,0.0,0.163,0.0,-0.0,0.0,1
2012-07-19 08:00:00+00:00,0.0460635,0.33978524328375,0.047895675712499995,0.019,0.173,7.474736842105264,7.4747368,0.08105267368421121,0.0,0.154,0.0,-0.0,0.0,1
2012-07-19 08:30:00+00:00,0.0430254,0.33631040881350005,0.044736735284999996,0.031,0.658,7.144736842105264,7.1447368,0.33000004210526335,0.0,0.627,0.0,-0.0,0.0,1
2012-07-19 09:00:00+00:00,0.0413157,0.33435493516425,0.0429590319675,0.081,0.607,6.867894736842106,6.8678947,0.2768421421052638,0.0,0.526,0.0,-0.0,0.0,1
2012-07-19 09:30:00+00:00,0.04081755,0.33378517485637504,0.04244106805125,0.125,0.852,6.485263157894738,6.4852632,0.3826315368421058,0.0,0.727,0.0,-0.0,0.0,1
2012-07-19 10:00:00+00:00,0.0396921,0.33249793860525007,0.0412708532775,0.2,0.777,6.181578947368422,6.1815789,0.3036842578947381,0.0,0.577,0.0,-0.0,0.0,1
2012-07-19 10:30:00+00:00,0.0357684,0.32801019692100003,0.03719108811,0.144,0.492,5.9984210526315795,5.9984211,0.1831578473684221,0.0,0.348,0.0,-0.0,0.0,1
2012-07-19 11:00:00+00:00,0.0346737,0.14635813105925,0.0360528464175,0.131,0.261,5.9984210526315795,5.9984211,4.736842029728905e-08,0.0,0.0,0.13,0.0,0.00951327851885125,1
2012-07-19 11:30:00+00:00,0.03440925,0.146055665710625,0.03577787791875,0.263,0.691,5.9984210526315795,5.9984211,4.736842029728905e-08,0.0,0.0,0.42799999999999994,0.0,0.031255912462073744,1
2012-07-19 12:00:00+00:00,0.03410175,0.14570396181687498,0.03545814710625,0.156,0.1,6.02502105263158,6.0250211,0.026600047368420476,0.056,0.0,0.0,-0.0,0.0,1
2012-07-19 12:30:00+00:00,0.03368355,0.145225644521375,0.03502331320125,0.113,0.148,6.02502105263158,6.0250211,4.736842029728905e-08,0.0,0.0,0.03499999999999999,0.0,0.002541448779124062,1
2012-07-19 13:00:00+00:00,0.0344031,0.14604863163275,0.0357714833025,0.119,0.104,6.03214605263158,6.0321461,0.007125047368420567,0.015,0.0,0.0,-0.0,0.0,1
2012-07-19 13:30:00+00:00,0.03445845,0.146111938333625,0.035829034848750003,0.313,0.136,6.11622105263158,6.1162211,0.08407504736841975,0.177,0.0,0.0,-0.0,0.0,1
2012-07-19 14:00:00+00:00,0.03415095,0.145760234439875,0.035509304036249995,0.281,0.118,6.19364605263158,6.1936461,0.07742504736841926,0.163,0.0,0.0,-0.0,0.0,1
2012-07-19 14:30:00+00:00,0.03388035,0.145450735013375,0.03522794092124999,0.313,0.277,6.21074605263158,6.2107461,0.017100047368419524,0.036,0.0,0.0,-0.0,0.0,1
2012-07-19 15:00:00+00:00,0.0334314,0.1449372473285,0.034761133934999994,0.506,0.281,6.31762105263158,6.3176211,0.1068750473684199,0.225,0.0,0.0,-0.0,0.0,1
2012-07-19 15:30:00+00:00,0.0339357,0.14551404171425,0.0352854924675,0.456,0.367,6.35989605263158,6.3598961,0.04227504736842036,0.089,0.0,0.0,5.551115123125783e-17,-9.793691543164007e-19,1
2012-07-19 16:00:00+00:00,0.0343293,0.14596422269825002,0.0356947479075,0.388,0.41,6.35989605263158,6.3598961,4.736842029728905e-08,0.0,0.0,0.021999999999999964,0.0,0.0016056064496807476,1
2012-07-19 16:30:00+00:00,0.03479055,0.146491778538875,0.03617434412625,0.288,0.52,6.35989605263158,6.3598961,4.736842029728905e-08,0.0,0.0,0.23200000000000004,0.0,0.0169930463105095,1
2012-07-19 17:00:00+00:00,0.03363435,0.145169371898375,0.03497215627125,0.063,0.567,6.35989605263158,6.3598961,4.736842029728905e-08,0.0,0.0,0.504,0.0,0.0365826817183905,1
2012-07-19 17:30:00+00:00,0.0381669,0.15035348729225,0.03968498844749999,0.006,0.761,5.962527631578949,5.9625276,0.3973684526315804,0.0,0.755,0.0,-0.0,0.0,1
2012-07-19 18:00:00+00:00,0.0493845,0.16318364533625,0.05134876848749999,0.0,0.655,5.617790789473686,5.6177908,0.34473683157894897,0.0,0.655,0.0,-0.0,0.0,1
2012-07-19 18:30:00+00:00,0.04718895,0.160672479534875,0.04906589048624999,0.0,0.741,5.227790789473686,5.2277908,0.38999998947368564,0.0,0.741,0.0,-0.0,0.0,1
2012-07-19 19:00:00+00:00,0.04605735,0.159378209205875,0.04788928109624999,0.0,1.008,4.697264473684212,4.6972645,0.530526289473686,0.0,1.008,0.0,-0.0,0.0,1
2012-07-19 19:30:00+00:00,0.0390525,0.15136639450625,0.04060581318749999,0.0,1.293,4.016738157894739,4.0167382,0.6805262736842126,0.0,1.293,0.0,-0.0,0.0,1
2012-07-19 20:00:00+00:00,0.0391509,0.15147893975225,0.0407081270475,0.0,1.183,3.394106578947371,3.3941066,0.622631557894739,0.0,1.183,0.0,-0.0,0.0,1
2012-07-19 20:30:00+00:00,0.0434436,0.156388726109,0.04517156919,0.0,1.234,2.7446328947368444,2.7446329,0.6494736789473707,0.0,1.234,0.0,-0.0,0.0,1
2012-07-19 21:00:00+00:00,0.0420783,0.15482716082075,0.0437519643825,0.0,0.98,2.228843421052634,2.2288434,0.5157894947368442,0.0,0.98,0.0,-0.0,0.0,1
2012-07-19 21:30:00+00:00,0.0376134,0.1497204202835,0.039109472985,0.0,1.069,1.6662118421052656,1.6662118,0.5626316210526341,0.0,1.069,0.0,-0.0,0.0,1
2012-07-19 22:00:00+00:00,0.03324075,0.14471919091437502,0.03456290083124999,0.0,1.072,1.6662118421052656,1.6662118,4.210526571846174e-08,0.0,0.0,1.072,0.0,0.07756948633010502,1
2012-07-19 22:30:00+00:00,0.03814845,0.150332385058625,0.03966580459875,0.0,0.844,1.222001315789476,1.2220013,0.44421054210526556,0.0,0.844,0.0,-0.0,0.0,1
2012-07-19 23:00:00+00:00,0.0348459,0.14655508523975,0.0362318956725,0.0,0.518,1.2105263157894761,1.2105263,0.011475015789476073,0.0,0.0218025,0.4961975,0.0,0.03636013345412543,1
2012-07-19 23:30:00+00:00,0.03560235,0.147420276818375,0.037018433471249994,0.0,0.4,1.0000000000000024,1.0,0.21052631578947612,0.0,0.4,0.0,-0.0,0.0,1
2012-07-20 00:00:00+00:00,0.0339357,0.09601404171425001,0.0352854924675,0.0,0.166,1.7125000000000024,1.7125,0.7124999999999975,1.5,0.0,1.666,0.0,0.07997969674797026,1
2012-07-20 00:30:00+00:00,0.03405255,0.09614768919387501,0.03540699017625,0.0,0.197,2.4250000000000025,2.425,0.7124999999999975,1.5,0.0,1.697,0.0,0.08158131428100295,1
2012-07-20 01:00:00+00:00,0.03422475,0.096344643374375,0.035586039431249994,0.0,0.123,3.0124999975000026,3.0125,0.5874999999999977,1.2368421,0.0,1.3598421,0.0,0.0655067510849806,1
2012-07-20 01:30:00+00:00,0.034194,0.09630947298500002,0.03555406635,0.0,0.138,3.7249999975000025,3.725,0.7125000024999975,1.5,0.0,1.638,0.0,0.078877458374715,1
2012-07-20 02:00:00+00:00,0.03325305,0.09523325907012499,0.03457569006375,0.0,0.152,4.4374999975000025,4.4375,0.7125000024999975,1.5,0.0,1.652,0.0,0.07866267199192324,1
2012-07-20 02:30:00+00:00,0.0319431,0.09373500048275,0.0332136368025,0.0,0.115,5.149999997500002,5.15,0.7125000024999979,1.5,0.0,1.615,0.0,0.07569101288982064,1
2012-07-20 03:00:00+00:00,0.03204765,0.093854579806625,0.03332234527874999,0.0,0.157,5.862499997500002,5.8625,0.7125000024999979,1.5,0.0,1.657,0.0,0.07775851936978881,1
2012-07-20 03:30:00+00:00,0.0312543,0.09294718376075,0.0324974397825,0.0,0.14,6.574999997500003,6.575,0.7125000024999979,1.5,0.0,1.6400000000000001,0.0,0.076216690683815,1
2012-07-20 04:00:00+00:00,0.03138345,0.093094899396125,0.03263172672375,0.0,0.125,7.287499997500003,7.2875,0.712500002499997,1.5,0.0,1.625,0.0,0.07563960575935157,1
2012-07-20 04:30:00+00:00,0.0323367,0.09418518146675,0.0336228922425,0.0,0.158,7.999999997500003,8.0,0.712500002499997,1.5,0.0,1.658,0.0,0.07807951543593575,1
2012-07-20 05:00:00+00:00,0.03283485,0.32465494177462506,0.034140856158749996,0.0,0.118,7.937894734342109,7.9378947,0.062105297500003154,0.0,0.118,0.0,-0.0,0.0,1
2012-07-20 05:30:00+00:00,0.03225675,0.323993738454375,0.03353976223125,0.0,0.141,7.86368420802632,7.8636842,0.07421053434210911,0.0,0.141,0.0,-0.0,0.0,1
2012-07-20 06:00:00+00:00,0.0346983,0.32678626737075006,0.0360784248825,0.0,0.137,7.791578944868425,7.7915789,0.07210530802631965,0.0,0.137,0.0,-0.0,0.0,1
2012-07-20 06:30:00+00:00,0.0381423,0.33072535098075007,0.03965940998249999,0.0,0.101,7.738421050131582,7.7384211,0.053157844868424675,0.0,0.101,0.0,-0.0,0.0,1
2012-07-20 07:00:00+00:00,0.04455675,0.33806189420437505,0.046328994731249996,0.0,0.142,7.663684208026319,7.6636842,0.0747368501315826,0.0,0.142,0.0,-0.0,0.0,1
2012-07-20 07:30:00+00:00,0.0421029,0.33525529713225005,0.043777542847499996,0.006,0.117,7.60526315539474,7.6052632,0.05842100802631922,0.0,0.111,0.0,-0.0,0.0,1
2012-07-20 08:00:00+00:00,0.0507375,0.34513114246875,0.05275558406249999,0.013,0.113,7.5526315764473715,7.5526316,0.05263155539473985,0.0,0.1,0.0,-0.0,0.0,1
2012-07-20 08:30:00+00:00,0.04978425,0.3440408603981251,0.05176441854375,0.044,0.141,7.501578944868424,7.5015789,0.051052676447371326,0.0,0.097,0.0,1.3877787807814457e-17,-3.591878082725292e-19,1
2012-07-20 09:00:00+00:00,0.0410697,0.33407357204925,0.0427032473175,0.094,0.329,7.377894734342108,7.3778947,0.12368424486842411,0.0,0.235,2.7755575615628914e-17,0.0,4.636202145098106e-18,1
2012-07-20 09:30:00+00:00,0.0396429,0.33244166598225006,0.041219696347499994,0.213,1.039,6.9431578922368455,6.9431579,0.4347368343421083,0.0,0.826,0.0,-0.0,0.0,1
2012-07-20 10:00:00+00:00,0.03971055,0.33251904083887507,0.04129003712625,0.313,0.72,6.728947365921056,6.7289474,0.21421049223684552,0.0,0.407,0.0,-0.0,0.0,1
2012-07-20 10:30:00+00:00,0.03832065,0.330929339239125,0.039844853853749994,0.375,0.989,6.405789471184214,6.4057895,0.3231578659210559,0.0,0.614,0.0,-0.0,0.0,1
2012-07-20 11:00:00+00:00,0.03707835,0.149108455508375,0.03855314137125,0.425,0.606,6.310526313289477,6.3105263,0.09526317118421357,0.0,0.181,0.0,-0.0,0.0,1
2012-07-20 11:30:00+00:00,0.0348582,0.1465691533955,0.036244684905,0.469,0.199,6.438776313289478,6.4387763,0.12824998671052246,0.27,0.0,5.551115123125783e-17,0.0,4.0681112199875136e-18,1
2012-07-20 12:00:00+00:00,0.03449535,0.146154142800875,0.03586740254625,0.438,0.278,6.514776313289477,6.5147763,0.07599998671052255,0.16,0.0,5.551115123125783e-17,0.0,4.056592362047112e-18,1
2012-07-20 12:30:00+00:00,0.03444615,0.146097870177875,0.03581624561625,0.544,0.261,6.649201313289478,6.6492013,0.13442498671052228,0.283,0.0,0.0,-0.0,0.0,1
2012-07-20 13:00:00+00:00,0.03376965,0.145324121611625,0.03511283782875,0.563,0.305,6.771751313289478,6.7717513,0.12254998671052242,0.258,0.0,0.0,-0.0,0.0,1
2012-07-20 13:30:00+00:00,0.03413865,0.145746166284125,0.03549651480375,0.55,0.555,6.771751313289478,6.7717513,1.3289477962530327e-08,0.0,0.0,0.0050000000000000044,0.0,0.00036436541571031287,1
2012-07-20 14:00:00+00:00,0.03326535,0.144747327225875,0.034588479296249995,0.556,0.605,6.771751313289478,6.7717513,1.3289477962530327e-08,0.0,0.0,0.04899999999999993,0.0,0.0035463095170339327,1
2012-07-20 14:30:00+00:00,0.0337758,0.1453311556895,0.035119232445,0.531,0.459,6.805951313289478,6.8059513,0.03419998671052227,0.072,0.0,0.0,-0.0,0.0,1
2012-07-20 15:00:00+00:00,0.0338373,0.14540149646824999,0.0351831786075,0.5,0.267,6.916626313289478,6.9166263,0.11067498671052167,0.233,0.0,0.0,-0.0,0.0,1
2012-07-20 15:30:00+00:00,0.03375735,0.145310053455875,0.03510004859625,0.45,0.224,7.023976313289478,7.0239763,0.10734998671052232,0.226,0.0,0.0,-0.0,0.0,1
2012-07-20 16:00:00+00:00,0.0343416,0.14597829085400002,0.035707537139999995,0.394,0.213,7.1099513132894785,7.1099513,0.0859749867105215,0.181,0.0,0.0,-0.0,0.0,1
2012-07-20 16:30:00+00:00,0.0360144,0.14789156003599999,0.03744687275999999,0.294,0.449,7.1099513132894785,7.1099513,1.3289478850708747e-08,0.0,0.0,0.15500000000000003,0.0,0.01146159590279,1
2012-07-20 17:00:00+00:00,0.0369615,0.14897480802875,0.038431643662499994,0.081,0.459,6.919999997500005,6.92,0.18995131328947856,0.0,0.3609075,0.01709250000000001,0.0,0.0012731759531157054,1
2012-07-20 17:30:00+00:00,0.0392739,0.15161962130974999,0.0408360193725,0.0,0.576,6.616842102763163,6.6168421,0.30315789750000466,0.0,0.576,0.0,-0.0,0.0,1
2012-07-20 18:00:00+00:00,0.04533165,0.158548188016625,0.047134716378750004,0.0,0.569,6.317368418552637,6.3173684,0.2994737027631631,0.0,0.569,0.0,-0.0,0.0,1
2012-07-20 18:30:00+00:00,0.0476994,0.16125630799850002,0.049596643635,0.0,0.787,5.903157892236847,5.9031579,0.414210518552637,0.0,0.787,0.0,-0.0,0.0,1
2012-07-20 19:00:00+00:00,0.0468384,0.160271537096,0.048701397359999996,0.0,1.202,5.270526313289479,5.2705263,0.6326315922368471,0.0,1.202,0.0,-0.0,0.0,1
2012-07-20 19:30:00+00:00,0.0394215,0.15178843917874998,0.040989490162499996,0.0,1.264,4.605263155394742,4.6052632,0.6652631132894795,0.0,1.264,0.0,-0.0,0.0,1
2012-07-20 20:00:00+00:00,0.0399996,0.152449642499,0.04159058409,0.0,1.049,4.053157892236848,4.0531579,0.5521052553947419,0.0,1.049,0.0,-0.0,0.0,1
2012-07-20 20:30:00+00:00,0.0476256,0.161171899064,0.049519908239999993,0.0,1.008,3.522631576447374,3.5226316,0.5305262922368477,0.0,1.008,0.0,-0.0,0.0,1
2012-07-20 21:00:00+00:00,0.05068215,0.164667835767875,0.05269803251625,0.0,0.986,3.0036842080263213,3.0036842,0.518947376447374,0.0,0.986,0.0,-0.0,0.0,1
2012-07-20 21:30:00+00:00,0.04137105,0.154018241865125,0.04301658351375,0.0,1.012,2.4710526290789527,2.4710526,0.5326316080263211,0.0,1.012,0.0,-0.0,0.0,1
2012-07-20 22:00:00+00:00,0.03951375,0.151893950346875,0.041085409406249995,0.0,1.021,1.933684208026321,1.9336842,0.5373684290789527,0.0,1.021,0.0,-0.0,0.0,1
2012-07-20 22:30:00+00:00,0.05103885,0.165075812284625,0.05306892025874999,0.0,0.858,1.4821052606579,1.4821053,0.45157890802632106,0.0,0.858,0.0,-0.0,0.0,1
2012-07-20 23:00:00+00:00,0.0418323,0.15454579770575003,0.0434961797325,0.0,0.664,1.1326315764473736,1.1326316,0.34947366065789987,0.0,0.664,0.0,-0.0,0.0,1
2012-07-20 23:30:00+00:00,0.0454485,0.15868183549625,0.0472562140875,0.0,0.252,1.0,1.0,0.13263157644737356,0.0,0.252,0.0,-0.0,0.0,1
2012-07-21 00:00:00+00:00,0.04404015,0.10757103166287499,0.045791846966249994,0.0,0.183,1.5874999975000001,1.5875,0.5874999999999999,1.2368421,0.0,1.4198421,0.0,0.07636693974769146,1
2012-07-21 00:30:00+00:00,0.04097745,0.10406806088112501,0.04260732807374999,0.0,0.144,2.2999999975,2.3,0.7125000024999997,1.5,0.0,1.644,0.0,0.08554394604428475,1
2012-07-21 01:00:00+00:00,0.03978435,0.102703449773375,0.041366772521250005,0.0,0.137,3.0124999975,3.0125,0.7125000025000001,1.5,0.0,1.637,0.0,0.08406277363950744,1
2012-07-21 01:30:00+00:00,0.0404793,0.10349830057325,0.042089364157499996,0.0,0.16,3.7249999975,3.725,0.7125000025000001,1.5,0.0,1.66,0.0,0.0859035894757975,1
2012-07-21 02:00:00+00:00,0.03814845,0.10083238505862502,0.03966580459875,0.0,0.121,4.4374999975,4.4375,0.7125000025000001,1.5,0.0,1.621,0.0,0.08172464809001558,1
2012-07-21 02:30:00+00:00,0.03590985,0.098271980712125,0.037338164283749996,0.0,0.168,5.1499999975,5.15,0.7125000025000006,1.5,0.0,1.668,0.0,0.08195883191391225,1
2012-07-21 03:00:00+00:00,0.0346122,0.09678779028050001,0.035988900255,0.0,0.122,5.8624999975000005,5.8625,0.7125000024999997,1.5,0.0,1.6219999999999999,0.0,0.0784948979174855,1
2012-07-21 03:30:00+00:00,0.0339603,0.09604217802575002,0.0353110709325,0.0,0.149,6.574999997500001,6.575,0.7125000024999997,1.5,0.0,1.649,0.0,0.07918677578223089,1
2012-07-21 04:00:00+00:00,0.0331977,0.09516995236925002,0.0345181385175,0.0,0.146,7.287499997500001,7.2875,0.7125000024999988,1.5,0.0,1.646,0.0,0.07832487079989277,1
2012-07-21 04:30:00+00:00,0.03337605,0.09537394062762501,0.034703582388749994,0.0,0.122,7.999999997500002,8.0,0.7125000024999988,1.5,0.0,1.6219999999999999,0.0,0.07734826584900388,1
2012-07-21 05:00:00+00:00,0.03379425,0.32575225792312507,0.03513841629375,0.0,0.165,7.9131578922368435,7.9131579,0.08684209750000171,0.0,0.165,0.0,-0.0,0.0,1
2012-07-21 05:30:00+00:00,0.0343416,0.326378290854,0.035707537139999995,0.0,0.119,7.850526313289475,7.8505263,0.06263159223684323,0.0,0.119,0.0,-0.0,0.0,1
2012-07-21 06:00:00+00:00,0.0339849,0.32597031433725,0.035336649397499996,0.0,0.143,7.775263155394738,7.7752632,0.07526311328947433,0.0,0.143,0.0,-0.0,0.0,1
2012-07-21 06:30:00+00:00,0.03434775,0.326385324931875,0.035713931756250004,0.0,0.141,7.701052629078949,7.7010526,0.07421055539473809,0.0,0.141,0.0,-0.0,0.0,1
2012-07-21 07:00:00+00:00,0.0346737,0.32675813105925006,0.0360528464175,0.0,0.118,7.638947365921054,7.6389474,0.062105229078948554,0.0,0.118,0.0,-0.0,0.0,1
2012-07-21 07:30:00+00:00,0.03615585,0.32845334382712504,0.03759394893375,0.0,0.157,7.556315786973686,7.5563158,0.08263156592105414,0.0,0.157,0.0,-0.0,0.0,1
2012-07-21 08:00:00+00:00,0.03556545,0.32777807235112505,0.03698006577375,0.006,0.18,7.464736839605265,7.4647368,0.09157898697368605,0.0,0.174,0.0,-0.0,0.0,1
2012-07-21 08:30:00+00:00,0.0397659,0.33258234753975,0.0413475886725,0.006,0.616,7.143684208026317,7.1436842,0.32105263960526464,0.0,0.61,0.0,-0.0,0.0,1
2012-07-21 09:00:00+00:00,0.0436527,0.33702788475675,0.0453889861425,0.031,0.616,6.835789471184212,6.8357895,0.3078947080263177,0.0,0.585,0.0,-0.0,0.0,1
2012-07-21 09:30:00+00:00,0.04400325,0.33742882719562506,0.045753479268749994,0.056,0.581,6.559473681710528,6.5594737,0.2763157711842119,0.0,0.525,0.0,1.1102230246251565e-16,-2.5398283070438007e-18,1
2012-07-21 10:00:00+00:00,0.04229355,0.33547335354637503,0.04397577595125,0.05,0.885,6.119999997500002,6.12,0.4394736817105276,0.0,0.835,0.0,-0.0,0.0,1
2012-07-21 10:30:00+00:00,0.0402333,0.33311693745825005,0.041833579507499996,0.081,0.624,5.834210523815791,5.8342105,0.2857894975000015,0.0,0.543,0.0,-0.0,0.0,1
2012-07-21 11:00:00+00:00,0.0390771,0.15139453081775,0.040631391652499994,0.131,0.484,5.648421050131581,5.6484211,0.1857894238157911,0.0,0.353,0.0,-0.0,0.0,1
2012-07-21 11:30:00+00:00,0.03629115,0.14820809354037498,0.03773463049125,0.238,0.802,5.648421050131581,5.6484211,4.986841961596156e-08,0.0,0.0,0.5640000000000001,0.0,0.041794682378385746,1
2012-07-21 12:00:00+00:00,0.03830835,0.15051527108337498,0.03983206462124999,0.113,0.473,5.648421050131581,5.6484211,4.986841961596156e-08,0.0,0.0,0.36,0.0,0.027092748795007494,1
2012-07-21 12:30:00+00:00,0.0378471,0.14998771524274998,0.03935246840249999,0.106,0.332,5.648421050131581,5.6484211,4.986841961596156e-08,0.0,0.0,0.22600000000000003,0.0,0.01694861182243075,1
2012-07-21 13:00:00+00:00,0.0346614,0.14634406290350002,0.036040057185,0.1,0.409,5.648421050131581,5.6484211,4.986841961596156e-08,0.0,0.0,0.30899999999999994,0.0,0.022610157718590748,1
2012-07-21 13:30:00+00:00,0.0348951,0.14661135786274998,0.0362830526025,0.094,0.368,5.648421050131581,5.6484211,4.986841961596156e-08,0.0,0.0,0.274,0.0,0.020085756027196748,1
2012-07-21 14:00:00+00:00,0.0346737,0.14635813105925,0.0360528464175,0.05,0.427,5.648421050131581,5.6484211,4.986841961596156e-08,0.0,0.0,0.377,0.0,0.027588507704668624,1
2012-07-21 14:30:00+00:00,0.0344154,0.1460626997885,0.035784272534999995,0.069,0.473,5.648421050131581,5.6484211,4.986841961596156e-08,0.0,0.0,0.40399999999999997,0.0,0.029504665357277,1
2012-07-21 15:00:00+00:00,0.03444615,0.146097870177875,0.03581624561625,0.181,0.484,5.648421050131581,5.6484211,4.986841961596156e-08,0.0,0.0,0.303,0.0,0.022133827331948065,1
2012-07-21 15:30:00+00:00,0.0347352,0.146428471838,0.03611679258,0.088,0.486,5.648421050131581,5.6484211,4.986841961596156e-08,0.0,0.0,0.398,0.0,0.029139265895762004,1
2012-07-21 16:00:00+00:00,0.0377733,0.14990330630825,0.0392757330075,0.038,0.391,5.648421050131581,5.6484211,4.986841961596156e-08,0.0,0.0,0.35300000000000004,0.0,0.026457933563406127,1
2012-07-21 16:30:00+00:00,0.0390279,0.15133825819475002,0.0405802347225,0.019,0.481,5.521052629078949,5.5210526,0.1273684501315806,0.0,0.242,0.21999999999999997,0.0,0.0166472084014225,1
2012-07-21 17:00:00+00:00,0.0407868,0.15335000446699998,0.04240909496999999,0.05,0.473,5.298421050131581,5.2984211,0.22263152907894934,0.0,0.423,0.0,-0.0,0.0,1
2012-07-21 17:30:00+00:00,0.0440955,0.15713433836375,0.04584939851249999,0.0,0.463,5.054736839605265,5.0547368,0.24368425013158124,0.0,0.463,0.0,-0.0,0.0,1
2012-07-21 18:00:00+00:00,0.05033775,0.164273927406875,0.05233993400625,0.0,0.663,4.705789471184213,4.7057895,0.3489473396052656,0.0,0.663,0.0,-0.0,0.0,1
2012-07-21 18:30:00+00:00,0.0507006,0.1646889380015,0.05271721636499999,0.0,1.158,4.096315786973687,4.0963158,0.6094736711842126,0.0,1.158,0.0,-0.0,0.0,1
2012-07-21 19:00:00+00:00,0.0454977,0.15873810811925002,0.0473073710175,0.0,0.898,3.6236842080263183,3.6236842,0.4726315869736868,0.0,0.898,0.0,-0.0,0.0,1
2012-07-21 19:30:00+00:00,0.0404178,0.1529279597945,0.042025417994999995,0.0,0.744,3.2321052606578973,3.2321053,0.3915789080263181,0.0,0.744,0.0,-0.0,0.0,1
2012-07-21 20:00:00+00:00,0.0397044,0.152112006761,0.041283642509999996,0.0,0.805,2.8084210501315816,2.8084211,0.4236841606578974,0.0,0.805,0.0,-0.0,0.0,1
2012-07-21 20:30:00+00:00,0.03958755,0.15197835928137501,0.041162144801249995,0.0,0.77,2.4031578922368446,2.4031579,0.40526315013158154,0.0,0.77,0.0,-0.0,0.0,1
2012-07-21 21:00:00+00:00,0.0396183,0.15201352967075002,0.0411941178825,0.0,0.723,2.022631576447371,2.0226316,0.38052629223684464,0.0,0.723,0.0,-0.0,0.0,1
2012-07-21 21:30:00+00:00,0.04233045,0.15511555801362498,0.04401414364875,0.0,0.536,1.7405263132894762,1.7405263,0.2821052764473708,0.0,0.536,0.0,-0.0,0.0,1
2012-07-21 22:00:00+00:00,0.0389541,0.15125384926024998,0.04050349932749999,0.0,0.535,1.7405263132894762,1.7405263,1.3289476186173488e-08,0.0,0.0,0.535,0.0,0.040460404677116875,1
2012-07-21 22:30:00+00:00,0.0410451,0.15364543573775,0.042677668852499996,0.0,0.608,1.420526313289476,1.4205263,0.32000001328947625,0.0,0.608,0.0,-0.0,0.0,1
2012-07-21 23:00:00+00:00,0.0407622,0.1533218681555,0.042383516504999996,0.0,0.529,1.1421052606578972,1.1421053,0.278421013289476,0.0,0.529,0.0,-0.0,0.0,1
2012-07-21 23:30:00+00:00,0.04180155,0.15451062731637502,0.043464206651250004,0.0,0.27,1.0,1.0,0.1421052606578972,0.0,0.27,0.0,-0.0,0.0,1
2012-07-22 00:00:00+00:00,0.04090365,0.10398365194662501,0.04253059267874999,0.0,0.183,1.5874999975000001,1.5875,0.5874999999999999,1.2368421,0.0,1.4198421,0.0,0.07382018337278258,1
2012-07-22 00:30:00+00:00,0.0393231,0.10217589393275002,0.0408871763025,0.0,0.132,2.2999999975,2.3,0.7125000024999997,1.5,0.0,1.6320000000000001,0.0,0.08337552944912402,1
2012-07-22 01:00:00+00:00,0.03894795,0.10174681518237501,0.04049710471125,0.0,0.128,3.0124999975,3.0125,0.7125000025000001,1.5,0.0,1.6280000000000001,0.0,0.08282190755845326,1
2012-07-22 01:30:00+00:00,0.0395076,0.10238691626900001,0.04107901479,0.0,0.152,3.7249999975,3.725,0.7125000025000001,1.5,0.0,1.652,0.0,0.084571592838194,1
2012-07-22 02:00:00+00:00,0.0382653,0.10096603253825003,0.0397873023075,0.0,0.107,4.4374999975,4.4375,0.7125000025000001,1.5,0.0,1.607,0.0,0.08112620714448389,1
2012-07-22 02:30:00+00:00,0.0359898,0.09836342372450002,0.037421294295000004,0.0,0.168,5.1499999975,5.15,0.7125000025000006,1.5,0.0,1.668,0.0,0.08203509538623302,1
2012-07-22 03:00:00+00:00,0.03567,0.097997651675,0.03708877425,0.0,0.123,5.8624999975000005,5.8625,0.7125000024999997,1.5,0.0,1.623,0.0,0.07952509433426251,1
2012-07-22 03:30:00+00:00,0.0342432,0.09636574560800001,0.035605223279999994,0.0,0.141,6.574999997500001,6.575,0.7125000024999997,1.5,0.0,1.641,0.0,0.079068094271364,1
2012-07-22 04:00:00+00:00,0.0342432,0.09636574560800001,0.035605223279999994,0.0,0.135,7.287499997500001,7.2875,0.7125000024999988,1.5,0.0,1.635,0.0,0.07877899703454001,1
2012-07-22 04:30:00+00:00,0.03444615,0.09659787017787502,0.03581624561625,0.0,0.102,7.999999997500002,8.0,0.7125000024999988,1.5,0.0,1.602,0.0,0.0773748940124779,1
2012-07-22 05:00:00+00:00,0.03444615,0.32649787017787507,0.03581624561625,0.0,0.145,7.923684208026318,7.9236842,0.07631579750000128,0.0,0.145,0.0,-0.0,0.0,1
2012-07-22 05:30:00+00:00,0.0343416,0.326378290854,0.035707537139999995,0.0,0.105,7.868421050131581,7.8684211,0.05526310802631773,0.0,0.105,0.0,-0.0,0.0,1
2012-07-22 06:00:00+00:00,0.0340464,0.326040655116,0.03540059556,0.0,0.151,7.788947365921055,7.7889474,0.07947365013158159,0.0,0.151,0.0,-0.0,0.0,1
2012-07-22 06:30:00+00:00,0.0345876,0.32665965396900004,0.03596332179,0.0,0.143,7.713684208026318,7.7136842,0.07526316592105431,0.0,0.143,0.0,-0.0,0.0,1
2012-07-22 07:00:00+00:00,0.0345753,0.32664558581325004,0.0359505325575,0.0,0.127,7.64684210276316,7.6468421,0.06684210802631796,0.0,0.127,0.0,-0.0,0.0,1
2012-07-22 07:30:00+00:00,0.0342555,0.32627981376375004,0.035618012512500005,0.006,0.316,7.483684208026318,7.4836842,0.16315790276316022,0.0,0.31,0.0,-0.0,0.0,1
2012-07-22 08:00:00+00:00,0.03447075,0.3265260064893751,0.03584182408125,0.013,0.309,7.327894734342108,7.3278947,0.1557895080263183,0.0,0.296,0.0,-0.0,0.0,1
2012-07-22 08:30:00+00:00,0.0387081,0.33137248614525,0.0402477146775,0.044,0.394,7.143684208026318,7.1436842,0.18421053434210766,0.0,0.35,5.551115123125783e-17,0.0,9.197434096143431e-18,1
2012-07-22 09:00:00+00:00,0.0407622,0.33372186815550003,0.042383516504999996,0.106,0.407,6.9852631553947395,6.9852632,0.15842100802631798,0.0,0.301,0.0,-0.0,0.0,1
2012-07-22 09:30:00+00:00,0.04335135,0.33668321494087505,0.04507564994625,0.25,0.129,7.04273815539474,7.0427382,0.057475044605260095,0.121,0.0,0.0,-0.0,0.0,1
2012-07-22 10:00:00+00:00,0.0427548,0.33600090938700006,0.04445537217,0.231,0.26,7.027474997500003,7.027475,0.015263155394739769,0.0,0.029,0.0,3.469446951953614e-18,-7.711777773658501e-20,1
2012-07-22 10:30:00+00:00,0.042189,0.33535377422250007,0.043867067475,0.169,0.613,6.7937907869736875,6.7937908,0.23368419750000324,0.0,0.444,0.0,5.551115123125783e-17,-1.2175557083382582e-18,1
2012-07-22 11:00:00+00:00,0.03940305,0.151767336945125,0.040970306313749996,0.231,0.308,6.753264471184214,6.7532645,0.04052628697368732,0.0,0.077,0.0,1.3877787807814457e-17,-2.842886087216917e-19,1
2012-07-22 11:30:00+00:00,0.0390525,0.15136639450625,0.04060581318749999,0.113,0.323,6.64273815539474,6.6427382,0.11052627118421388,0.0,0.21,2.7755575615628914e-17,0.0,2.1006307041916694e-18,1
2012-07-22 12:00:00+00:00,0.03795165,0.15010729456662503,0.039461176878750004,0.331,0.516,6.545369734342109,6.5453697,0.09736845539474004,0.0,0.185,0.0,-0.0,0.0,1
2012-07-22 12:30:00+00:00,0.03741045,0.14948829571362499,0.03889845064874999,0.206,0.261,6.5164223659210565,6.5164224,0.028947334342109166,0.0,0.055,2.0816681711721685e-17,0.0,1.5559251357491302e-18,1
2012-07-22 13:00:00+00:00,0.0355224,0.147328833806,0.03693530346,0.263,0.204,6.544447365921057,6.5444474,0.028025034078943634,0.059,0.0,0.0,-0.0,0.0,1
2012-07-22 13:30:00+00:00,0.0343416,0.14597829085400002,0.035707537139999995,0.506,1.086,6.544447365921057,6.5444474,3.407894322293714e-08,0.0,0.0,0.5800000000000001,0.0,0.04233370434766001,1
2012-07-22 14:00:00+00:00,0.03444615,0.146097870177875,0.03581624561625,0.531,1.157,6.249999997500004,6.25,0.2944473659210569,0.0,0.55945,0.06655,0.0,0.004861406630168791,1
2012-07-22 14:30:00+00:00,0.0342432,0.145865745608,0.035605223279999994,0.456,0.86,6.249999997500004,6.25,2.499995765958829e-09,0.0,0.0,0.40399999999999997,0.0,0.029464880612815998,1
2012-07-22 15:00:00+00:00,0.0344646,0.1461189724115,0.03583542946499999,0.313,0.418,6.194736839605268,6.1947368,0.05526319750000397,0.0,0.105,0.0,1.3877787807814457e-17,-2.486582430585859e-19,1
2012-07-22 15:30:00+00:00,0.03463065,0.146308892514125,0.03600808410375,0.2,0.455,6.060526313289478,6.0605263,0.13421053960526752,0.0,0.255,0.0,-0.0,0.0,1
2012-07-22 16:00:00+00:00,0.03618045,0.14808148013862502,0.03761952739875,0.106,0.484,5.861578944868426,5.8615789,0.19894741328947863,0.0,0.378,0.0,-0.0,0.0,1
2012-07-22 16:30:00+00:00,0.03727515,0.149333546000375,0.03875776909125,0.144,0.543,5.651578944868426,5.6515789,0.21000004486842627,0.0,0.399,0.0,-0.0,0.0,1
2012-07-22 17:00:00+00:00,0.04019025,0.152667698913125,0.041788817193749994,0.013,0.519,5.385263155394742,5.3852632,0.26631574486842613,0.0,0.506,0.0,-0.0,0.0,1
2012-07-22 17:30:00+00:00,0.04504875,0.158224620434375,0.04684056403125,0.0,0.628,5.054736839605268,5.0547368,0.33052635539474196,0.0,0.628,0.0,-0.0,0.0,1
2012-07-22 18:00:00+00:00,0.0552147,0.16985195116175,0.057410864692499994,0.0,0.648,4.71368420802632,4.7136842,0.34105263960526777,0.0,0.648,0.0,-0.0,0.0,1
2012-07-22 18:30:00+00:00,0.059532,0.17478987383,0.0618998853,0.0,0.682,4.354736839605268,4.3547368,0.35894740802631997,0.0,0.682,0.0,-0.0,0.0,1
2012-07-22 19:00:00+00:00,0.05362185,0.168030124992125,0.05575465908374999,0.0,0.681,3.996315786973689,3.9963158,0.35842103960526783,0.0,0.681,0.0,-0.0,0.0,1
2012-07-22 19:30:00+00:00,0.0438126,0.1568107707815,0.045555246165,0.0,1.4,3.259473681710531,3.2594737,0.7368420869736889,0.0,1.4,0.0,-0.0,0.0,1
2012-07-22 20:00:00+00:00,0.0455961,0.15885065336525,0.0474096848775,0.0,0.562,2.9636842080263204,2.9636842,0.2957894817105311,0.0,0.562,0.0,-0.0,0.0,1
2012-07-22 20:30:00+00:00,0.049938,0.163816712345,0.051924283950000004,0.006,0.623,2.6389473659210574,2.6389474,0.3247368080263202,0.0,0.617,0.0,-0.0,0.0,1
2012-07-22 21:00:00+00:00,0.0460389,0.15935710697225,0.04787009724749999,0.0,0.503,2.374210523815794,2.3742105,0.2647368659210576,0.0,0.503,0.0,-0.0,0.0,1
2012-07-22 21:30:00+00:00,0.0422628,0.15503818315700002,0.04394380287000001,0.0,0.431,2.1473684185526363,2.1473684,0.22684212381579405,0.0,0.431,0.0,-0.0,0.0,1
2012-07-22 22:00:00+00:00,0.03838215,0.150599680017875,0.03990880001624999,0.0,0.51,1.8789473659210574,1.8789474,0.26842101855263634,0.0,0.51,0.0,-0.0,0.0,1
2012-07-22 22:30:00+00:00,0.03865275,0.15090917944437499,0.04019016313125,0.0,0.53,1.5999999975000048,1.6,0.2789473659210573,0.0,0.53,0.0,-0.0,0.0,1
2012-07-22 23:00:00+00:00,0.0369,0.14890446725,0.038367697500000006,0.0,0.494,1.3399999975000048,1.34,0.2599999975000047,0.0,0.494,0.0,-0.0,0.0,1
2012-07-22 23:30:00+00:00,0.03555315,0.147364004195375,0.03696727654124999,0.0,0.646,1.0,1.0,0.33999999750000476,0.0,0.646,0.0,-0.0,0.0,1
2012-07-23 00:00:00+00:00,0.0345015,0.09666117687874999,0.03587379716249999,0.0,0.333,1.7125,1.7125,0.7124999999999999,1.5,0.0,1.833,0.0,0.08858996860937436,1
2012-07-23 00:30:00+00:00,0.0342432,0.09636574560800001,0.035605223279999994,0.0,0.165,2.425,2.425,0.7124999999999999,1.5,0.0,1.665,0.0,0.08022448321866002,1
2012-07-23 01:00:00+00:00,0.0338988,0.095971837247,0.03524712477,0.0,0.155,3.1374999999999997,3.1375,0.7125000000000004,1.5,0.0,1.655,0.0,0.0794166953218925,1
2012-07-23 01:30:00+00:00,0.0353748,0.09766001593700001,0.03678183266999999,0.0,0.105,3.7249999975,3.725,0.5875000000000004,1.2368421,0.0,1.3418421,0.0,0.06552216043546878,1
2012-07-23 02:00:00+00:00,0.03406485,0.09616175734962502,0.03541977940875,0.0,0.145,4.4374999975,4.4375,0.7125000025000001,1.5,0.0,1.645,0.0,0.07909304542006658,1
2012-07-23 02:30:00+00:00,0.03413865,0.09624616628412502,0.03549651480375,0.0,0.117,5.1499999975,5.15,0.7125000025000006,1.5,0.0,1.617,0.0,0.07781502544071509,1
2012-07-23 03:00:00+00:00,0.0329763,0.09491672556575002,0.0342879323325,0.0,0.119,5.8624999975000005,5.8625,0.7125000024999997,1.5,0.0,1.619,0.0,0.07683508934547464,1
2012-07-23 03:30:00+00:00,0.03310545,0.09506444120112499,0.03442221927375,0.0,0.153,6.574999997500001,6.575,0.7125000024999997,1.5,0.0,1.653,0.0,0.0785707606527298,1
2012-07-23 04:00:00+00:00,0.03314235,0.09510664566837501,0.03446058697125,0.0,0.096,7.287499997500001,7.2875,0.7125000024999988,1.5,0.0,1.596,0.0,0.07589510324336327,1
2012-07-23 04:30:00+00:00,0.0337881,0.09584522384525002,0.0351320216775,0.0,0.143,7.999999997500002,8.0,0.7125000024999988,1.5,0.0,1.643,0.0,0.07873685138887289,1
2012-07-23 05:00:00+00:00,0.0341079,0.32611099589475007,0.0354645417225,0.0,0.12,7.936842102763159,7.9368421,0.06315789750000178,0.0,0.12,0.0,-0.0,0.0,1
2012-07-23 05:30:00+00:00,0.0359529,0.32822121925725,0.037382926597500005,0.0,0.116,7.875789471184212,7.8757895,0.06105260276315949,0.0,0.116,0.0,-0.0,0.0,1
2012-07-23 06:00:00+00:00,0.03689385,0.32929743317212506,0.03836130288375,0.0,0.145,7.799473681710528,7.7994737,0.07631577118421173,0.0,0.145,0.0,-0.0,0.0,1
2012-07-23 06:30:00+00:00,0.0450795,0.33865979082375003,0.046872537112499994,0.0,0.092,7.7510526290789485,7.7510526,0.0484210817105275,0.0,0.092,0.0,-0.0,0.0,1
2012-07-23 07:00:00+00:00,0.0590031,0.3545849431327501,0.0613499483025,0.0,0.138,7.67842105013158,7.6784211,0.0726315290789481,0.0,0.138,0.0,-0.0,0.0,1
2012-07-23 07:30:00+00:00,0.0505407,0.34490605197675006,0.052550956342499996,0.0,0.114,7.61842105013158,7.6184211,0.05999995013157999,0.0,0.114,0.0,-0.0,0.0,1
2012-07-23 08:00:00+00:00,0.06026385,0.356026929097125,0.06266084463374999,0.019,0.174,7.536842102763159,7.5368421,0.08157895013158001,0.0,0.155,0.0,-0.0,0.0,1
2012-07-23 08:30:00+00:00,0.05822205,0.35369161524262505,0.060537832038749996,0.044,0.618,7.234736839605264,7.2347368,0.3021053027631586,0.0,0.574,0.0,-0.0,0.0,1
2012-07-23 09:00:00+00:00,0.05273625,0.34741721777812506,0.05483383434374999,0.106,0.578,6.986315786973686,6.9863158,0.2484210396052644,0.0,0.472,0.0,-0.0,0.0,1
2012-07-23 09:30:00+00:00,0.0538371,0.34867631771775004,0.055978470652499994,0.219,1.104,6.520526313289475,6.5205263,0.4657894869736854,0.0,0.885,1.1102230246251565e-16,0.0,1.9355423803588125e-17,1
2012-07-23 10:00:00+00:00,0.04546695,0.33910293772987504,0.04727539793624999,0.156,1.159,5.992631576447369,5.9926316,0.5278947132894745,0.0,1.003,2.220446049250313e-16,0.0,3.76479889185738e-17,1
2012-07-23 10:30:00+00:00,0.04547925,0.33911700588562504,0.047288187168749996,0.119,1.087,5.483157892236843,5.4831579,0.5094736764473691,0.0,0.968,0.0,-0.0,0.0,1
2012-07-23 11:00:00+00:00,0.0443661,0.15744383779025,0.046130761627499996,0.125,1.038,5.483157892236843,5.4831579,7.763157228168893e-09,0.0,0.0,0.913,0.0,0.07187311195124912,1
2012-07-23 11:30:00+00:00,0.04340055,0.156339487563875,0.04512680687625,0.244,0.552,5.483157892236843,5.4831579,7.763157228168893e-09,0.0,0.0,0.30800000000000005,0.0,0.024076281084836754,1
2012-07-23 12:00:00+00:00,0.0401349,0.15260439221225,0.0417312656475,0.375,0.261,5.537307892236843,5.5373079,0.05415000776315715,0.114,0.0,0.0,-0.0,0.0,1
2012-07-23 12:30:00+00:00,0.03950145,0.151879882191125,0.04107262017375,0.344,0.262,5.576257892236843,5.5762579,0.038950007763157046,0.082,0.0,5.551115123125783e-17,0.0,4.215513554648581e-18,1
2012-07-23 13:00:00+00:00,0.0377979,0.14993144261975,0.0393013114725,0.35,0.231,5.632782892236842,5.6327829,0.05652500776315694,0.119,0.0,0.0,-0.0,0.0,1
2012-07-23 13:30:00+00:00,0.03760725,0.149713386205625,0.039103078368749995,0.219,0.484,5.632782892236842,5.6327829,7.763157228168893e-09,0.0,0.0,0.265,0.0,0.019837023672245314,1
2012-07-23 14:00:00+00:00,0.03856665,0.150810702354125,0.040100638503749994,0.506,0.474,5.6479828922368425,5.6479829,0.01520000776315733,0.032,0.0,0.0,-0.0,0.0,1
2012-07-23 14:30:00+00:00,0.03702915,0.149052182885375,0.03850198444125,0.494,0.486,5.6517828922368425,5.6517829,0.0038000077631572537,0.008,0.0,0.0,-0.0,0.0,1
2012-07-23 15:00:00+00:00,0.0354486,0.1472444248715,0.03685856806499999,0.238,0.362,5.6517828922368425,5.6517829,7.763157228168893e-09,0.0,0.0,0.124,0.0,0.009129154342033,1
2012-07-23 15:30:00+00:00,0.0343416,0.14597829085400002,0.035707537139999995,0.119,0.349,6.363157902236843,6.3631579,0.7113750077631575,1.4976316,0.0,1.7276316,0.0,0.12609835409668071,1
2012-07-23 16:00:00+00:00,0.0371337,0.14917176220925002,0.038610692917499995,0.231,0.352,6.363157902236843,6.3631579,2.236842711056397e-09,0.0,0.0,0.12099999999999997,0.0,0.009024891613659623,1
2012-07-23 16:30:00+00:00,0.04073145,0.15328669776612502,0.04235154342375,0.094,0.423,6.363157902236843,6.3631579,2.236842711056397e-09,0.0,0.0,0.32899999999999996,0.0,0.025215661782527564,1
2012-07-23 17:00:00+00:00,0.05256405,0.166820263597625,0.05465478508875,0.0,0.416,6.14421053381579,6.1442105,0.21894740223684295,0.0,0.416,0.0,-0.0,0.0,1
2012-07-23 17:30:00+00:00,0.0541938,0.16868429423450002,0.05634935839499999,0.0,1.435,5.388947375921053,5.3889474,0.7552631338157898,0.0,1.435,0.0,-0.0,0.0,1
2012-07-23 18:00:00+00:00,0.15277215,0.281433528492875,0.15884866226624997,0.0,1.166,4.775263165394738,4.7752632,0.613684175921053,0.0,1.166,0.0,-0.0,0.0,1
2012-07-23 18:30:00+00:00,0.1793709,0.31185591530225004,0.1865053775475,0.0,2.046,3.985789481184211,3.9857895,0.7894736653947376,0.0,1.5,0.5459999999999998,0.0,0.08513666487751423,1
2012-07-23 19:00:00+00:00,0.16905735,0.30005976670587503,0.17578160609625,0.006,1.648,3.1963157969736846,3.1963158,0.7894736811842114,0.0,1.5,0.1419999999999999,0.0,0.02130424343611711,1
2012-07-23 19:30:00+00:00,0.1021884,0.22357823797100002,0.10625294361,0.0,1.134,2.599473691710527,2.5994737,0.5968420969736847,0.0,1.134,0.0,-0.0,0.0,1
2012-07-23 20:00:00+00:00,0.0748947,0.19236100036175,0.07787363669249998,0.0,1.124,2.0078947443421056,2.0078947,0.5915789917105267,0.0,1.124,0.0,-0.0,0.0,1
2012-07-23 20:30:00+00:00,0.06224415,0.17789190217287498,0.06471991106625,0.0,0.822,1.575263165394737,1.5752632,0.4326315443421056,0.0,0.822,0.0,-0.0,0.0,1
2012-07-23 21:00:00+00:00,0.0587448,0.173889511862,0.061081374419999994,0.0,0.597,1.2610526390789476,1.2610526,0.31421056539473713,0.0,0.597,0.0,-0.0,0.0,1
2012-07-23 21:30:00+00:00,0.04490115,0.158055802565375,0.04668709324125,0.0,0.574,1.2610526315789028,1.2610526,3.9078947633441885e-08,0.0,1.4250085e-08,0.573999985749915,0.0,0.04536201421010831,1
2012-07-23 22:00:00+00:00,0.038499,0.1507333274975,0.040030297725,0.0,0.615,1.2610526315789028,1.2610526,3.157890282601272e-08,0.0,0.0,0.615,0.0,0.046350498205481254,1
2012-07-23 22:30:00+00:00,0.05167845,0.16580735638362498,0.05373396034874999,0.0,0.496,1.0,1.0,0.2610526315789028,0.0,0.496,0.0,-0.0,0.0,1
2012-07-23 23:00:00+00:00,0.04092825,0.153511788258125,0.042556171143749995,0.0,0.567,1.0,1.0,0.0,0.0,0.0,0.567,0.0,0.043520591971178434,1
2012-07-23 23:30:00+00:00,0.04037475,0.152878721249375,0.04198065568125,0.0,0.539,1.0,1.0,0.0,0.0,0.0,0.539,0.0,0.041200815376706564,1
2012-07-24 00:00:00+00:00,0.03860355,0.10135290682137499,0.040139006201249994,0.0,0.595,1.7125,1.7125,0.7124999999999999,1.5,0.0,2.0949999999999998,0.0,0.10616716989539028,1
2012-07-24 00:30:00+00:00,0.03898485,0.10178901964962503,0.04053547240875,0.0,0.587,2.2999999975,2.3,0.5874999999999999,1.2368421,0.0,1.8238421,0.0,0.09282354967735669,1
2012-07-24 01:00:00+00:00,0.0371091,0.09964362589775001,0.03858511445249999,0.0,0.549,3.0124999975,3.0125,0.7125000025000001,1.5,0.0,2.049,0.0,0.10208489473224489,1
2012-07-24 01:30:00+00:00,0.0377241,0.10034703368525001,0.039224576077500004,0.0,0.231,3.7249999975,3.725,0.7125000025000001,1.5,0.0,1.731,0.0,0.08685035765458389,1
2012-07-24 02:00:00+00:00,0.0342801,0.09640795007524999,0.03564359097749999,0.0,0.122,4.4374999975,4.4375,0.7125000025000001,1.5,0.0,1.6219999999999999,0.0,0.07818684751102774,1
2012-07-24 02:30:00+00:00,0.0343908,0.09653456347700001,0.03575869406999999,0.0,0.155,5.1499999975,5.15,0.7125000025000006,1.5,0.0,1.655,0.0,0.07988235127721752,1
2012-07-24 03:00:00+00:00,0.03384345,0.09590853054612498,0.03518957322374999,0.0,0.115,5.8624999975000005,5.8625,0.7125000024999997,1.5,0.0,1.615,0.0,0.07744613841599593,1
2012-07-24 03:30:00+00:00,0.0326196,0.094508749049,0.033917044589999994,0.0,0.134,6.574999997500001,6.575,0.7125000024999997,1.5,0.0,1.634,0.0,0.077213647973033,1
2012-07-24 04:00:00+00:00,0.0322014,0.09403043175350001,0.033482210685,0.0,0.147,7.287499997500001,7.2875,0.7125000024999988,1.5,0.0,1.647,0.0,0.07743406054900726,1
2012-07-24 04:30:00+00:00,0.0339234,0.09599997355850001,0.035272703235,0.0,0.103,7.999999997500002,8.0,0.7125000024999988,1.5,0.0,1.603,0.0,0.07694397880713776,1
2012-07-24 05:00:00+00:00,0.0343416,0.326378290854,0.035707537139999995,0.0,0.15,7.921052629078949,7.9210526,0.07894739750000124,0.0,0.15,0.0,-0.0,0.0,1
2012-07-24 05:30:00+00:00,0.03567,0.32789765167500007,0.03708877425,0.0,0.118,7.858947365921055,7.8589474,0.06210522907894944,0.0,0.118,0.0,-0.0,0.0,1
2012-07-24 06:00:00+00:00,0.03683235,0.32922709239337505,0.038297356721249995,0.0,0.127,7.792105260657897,7.7921053,0.06684206592105468,0.0,0.127,0.0,-0.0,0.0,1
2012-07-24 06:30:00+00:00,0.0418938,0.33501613848450007,0.043560125895,0.0,0.153,7.711578944868424,7.7115789,0.0805263606578972,0.0,0.153,0.0,-0.0,0.0,1
2012-07-24 07:00:00+00:00,0.0567399,0.35199640247475006,0.0589967295225,0.0,0.106,7.655789471184213,7.6557895,0.05578944486842374,0.0,0.106,0.0,-0.0,0.0,1
2012-07-24 07:30:00+00:00,0.04920615,0.34337965707787504,0.05116332461624999,0.0,0.137,7.583684208026318,7.5836842,0.0721052711842125,0.0,0.137,0.0,-0.0,0.0,1
2012-07-24 08:00:00+00:00,0.06111255,0.35699763184387506,0.06354330167625,0.006,0.33,7.413157892236844,7.4131579,0.17052630802631796,0.0,0.324,0.0,-0.0,0.0,1
2012-07-24 08:30:00+00:00,0.0608973,0.35675143911825,0.0633194901075,0.031,0.785,7.016315786973687,7.0163158,0.3968420922368443,0.0,0.754,0.0,-0.0,0.0,1
2012-07-24 09:00:00+00:00,0.0558297,0.35095535894925006,0.0580503263175,0.056,0.726,6.663684208026318,6.6636842,0.35263158697368713,0.0,0.67,0.0,1.1102230246251565e-16,-3.2224404432346086e-18,1
2012-07-24 09:30:00+00:00,0.05989485,0.35560488442462507,0.06227716765874999,0.075,0.731,6.318421050131581,6.3184211,0.34526310802631777,0.0,0.656,0.0,-0.0,0.0,1
2012-07-24 10:00:00+00:00,0.04843125,0.3424933632656251,0.05035760296875,0.088,0.353,6.178947365921055,6.1789474,0.1394736501315812,0.0,0.265,0.0,-0.0,0.0,1
2012-07-24 10:30:00+00:00,0.04841895,0.342479295109875,0.05034481373625,0.138,0.349,6.067894734342108,6.0678947,0.11105266592105512,0.0,0.211,0.0,2.7755575615628914e-17,-6.9867464225562e-19,1
2012-07-24 11:00:00+00:00,0.0448458,0.1579924958645,0.046629541695,0.094,0.316,5.95105262907895,5.9510526,0.11684213434210822,0.0,0.222,0.0,-0.0,0.0,1
2012-07-24 11:30:00+00:00,0.04341285,0.156353555719625,0.04513959610875,0.094,0.373,5.95105262907895,5.9510526,2.9078949914662644e-08,0.0,0.0,0.279,0.0,0.02181132102288769,1
2012-07-24 12:00:00+00:00,0.0467769,0.16020119631725,0.048637451197499994,0.05,0.385,5.774736839605265,5.7747368,0.17631582907894927,0.0,0.335,0.0,-0.0,0.0,1
2012-07-24 12:30:00+00:00,0.04420005,0.157253917687625,0.04595810698875,0.088,0.592,5.509473681710528,5.5094737,0.26526313960526515,0.0,0.504,0.0,-0.0,0.0,1
2012-07-24 13:00:00+00:00,0.0420537,0.15479902450925,0.0437263859175,0.063,0.735,5.509473681710528,5.5094737,1.8289472158983244e-08,0.0,0.0,0.6719999999999999,0.0,0.052012472235108,1
2012-07-24 13:30:00+00:00,0.03975975,0.15217531346187502,0.04134119405625,0.069,0.615,5.509473681710528,5.5094737,1.8289472158983244e-08,0.0,0.0,0.546,0.0,0.041543860575091886,1
2012-07-24 14:00:00+00:00,0.0399504,0.152393369876,0.041539427159999996,0.081,0.525,5.509473681710528,5.5094737,1.8289472158983244e-08,0.0,0.0,0.444,0.0,0.033831328112472,1
2012-07-24 14:30:00+00:00,0.03963675,0.152034631904375,0.04121330173125,0.125,0.356,5.509473681710528,5.5094737,1.8289472158983244e-08,0.0,0.0,0.23099999999999998,0.0,0.01755999998495531,1
2012-07-24 15:00:00+00:00,0.03921855,0.15155631460887498,0.04077846782624999,0.088,0.209,5.509473681710528,5.5094737,1.8289472158983244e-08,0.0,0.0,0.121,0.0,0.009169157033836936,1
2012-07-24 15:30:00+00:00,0.03832065,0.15052933923912498,0.039844853853749994,0.063,0.23,5.509473681710528,5.5094737,1.8289472158983244e-08,0.0,0.0,0.167,0.0,0.012569199826466936,1
2012-07-24 16:00:00+00:00,0.04282245,0.155678284243625,0.04452571294874999,0.038,0.414,5.509473681710528,5.5094737,1.8289472158983244e-08,0.0,0.0,0.376,0.0,0.029267517437801503,1
2012-07-24 16:30:00+00:00,0.04619265,0.159532958919125,0.04802996265375,0.013,0.501,5.25263157644737,5.2526316,0.2568420817105279,0.0,0.488,0.0,-0.0,0.0,1
2012-07-24 17:00:00+00:00,0.05923065,0.17444520401412503,0.06158654910375,0.0,0.561,4.957368418552633,4.9573684,0.2952631764473699,0.0,0.561,0.0,-0.0,0.0,1
2012-07-24 17:30:00+00:00,0.06388005,0.179762966887625,0.06642087898874999,0.0,0.606,4.638421050131581,4.6384211,0.3189473185526328,0.0,0.606,0.0,-0.0,0.0,1
2012-07-24 18:00:00+00:00,0.14461725,0.272106341230625,0.15036940111875,0.0,0.376,4.4405263132894754,4.4405263,0.19789475013158064,0.0,0.376,0.0,-0.0,0.0,1
2012-07-24 18:30:00+00:00,0.08916885,0.208687095109625,0.09271554100875,0.0,0.487,4.184210523815791,4.1842105,0.2563158132894756,0.0,0.487,0.0,-0.0,0.0,1
2012-07-24 19:00:00+00:00,0.08916885,0.208687095109625,0.09271554100875,0.0,0.57,3.884210523815791,3.8842105,0.30000002381579094,0.0,0.57,0.0,-0.0,0.0,1
2012-07-24 19:30:00+00:00,0.0704667,0.18729646429175,0.0732695129925,0.0,0.829,3.447894734342107,3.4478947,0.43631582381579115,0.0,0.829,0.0,-0.0,0.0,1
2012-07-24 20:00:00+00:00,0.0515862,0.1657018452155,0.05363804110499999,0.0,1.577,2.6584210501315804,2.6584211,0.7894736343421069,0.0,1.5,0.07699999999999996,0.0,0.006379521040796746,1
2012-07-24 20:30:00+00:00,0.05164155,0.165765151916375,0.05369559265124999,0.0,1.195,2.0294736817105274,2.0294737,0.6289473501315803,0.0,1.195,0.0,-0.0,0.0,1
2012-07-24 21:00:00+00:00,0.0505653,0.16453418828825,0.0525765348075,0.0,0.858,1.5778947343421064,1.5778947,0.45157898171052735,0.0,0.858,0.0,-0.0,0.0,1
2012-07-24 21:30:00+00:00,0.04417545,0.157225781376125,0.045932528523749995,0.0,0.803,1.2821052606578958,1.2821053,0.29578943434210636,0.0,0.562,0.241,0.0,0.018945706655823062,1
2012-07-24 22:00:00+00:00,0.03567615,0.14750468575287498,0.03709516886624999,0.0,0.653,1.2821052606578958,1.2821053,3.9342104241057996e-08,0.0,0.0,0.653,0.0,0.04816027989831368,1
2012-07-24 22:30:00+00:00,0.04900935,0.162754566585875,0.050958696896249996,0.0,0.536,1.0,1.0,0.28210526065789576,0.0,0.536,0.0,-0.0,0.0,1
2012-07-24 23:00:00+00:00,0.04035015,0.152850584937875,0.04195507721625,0.0,0.674,1.0,1.0,0.0,0.0,0.0,0.674,0.0,0.051510647124063884,1
2012-07-24 23:30:00+00:00,0.03929235,0.151640723543375,0.04085520322124999,0.0,0.601,1.0,1.0,0.0,0.0,0.0,0.601,0.0,0.045568037424784186,1
2012-07-25 00:00:00+00:00,0.03525795,0.09752636845737502,0.03666033496125,0.0,0.296,1.7125,1.7125,0.4660316,1.5,0.0,1.796,0.0,0.08757867887472276,1
2012-07-25 00:30:00+00:00,0.0334929,0.09550758810725002,0.034825080097499996,0.0,0.137,2.425,2.425,0.7124999999999999,1.5,0.0,1.637,0.0,0.07817296086578414,1
2012-07-25 01:00:00+00:00,0.0365187,0.09896835442175002,0.0379712312925,0.0,0.137,2.4622157892499996,2.4622158,0.03721580000000024,0.07834903,0.0,0.21534903,0.0,0.010656369562710039,1
2012-07-25 01:30:00+00:00,0.0371091,0.09964362589775001,0.03858511445249999,0.0,0.131,2.4622157892499996,2.4622158,1.0750000445369778e-08,0.0,0.0,0.131,0.0,0.006526657496302626,1
2012-07-25 02:00:00+00:00,0.03381885,0.09588039423462501,0.03516399475874999,0.0,0.111,3.1747157892499995,3.1747158,0.7125000107500004,1.5,0.0,1.611,0.0,0.07723165755599044,1
2012-07-25 02:30:00+00:00,0.0325581,0.09443840827025,0.03385309842749999,0.0,0.15,3.8872157892499994,3.8872158,0.7125000107500004,1.5,0.0,1.65,0.0,0.07791168682295625,1
2012-07-25 03:00:00+00:00,0.0321522,0.09397415913049999,0.033431053754999995,0.0,0.1,4.599715789249999,4.5997158,0.7125000107500008,1.5,0.0,1.6,0.0,0.0751793273044,1
2012-07-25 03:30:00+00:00,0.03226905,0.094107806610125,0.03355255146375,0.0,0.15,5.312215789249999,5.3122158,0.7125000107500004,1.5,0.0,1.65,0.0,0.07763894045335312,1
2012-07-25 04:00:00+00:00,0.03228135,0.094121874765875,0.033565340696249994,0.0,0.121,6.024715789249999,6.0247158,0.7125000107500012,1.5,0.0,1.621,0.0,0.07628577949774168,1
2012-07-25 04:30:00+00:00,0.032349,0.09419924962250001,0.033635681475000005,0.0,0.12,6.7372157892499995,6.7372158,0.7125000107500012,1.5,0.0,1.62,0.0,0.076301392194225,1
2012-07-25 05:00:00+00:00,0.0324105,0.32416959040125004,0.0336996276375,0.0,0.142,6.662478947144736,6.6624789,0.07473688924999955,0.0,0.142,0.0,-0.0,0.0,1
2012-07-25 05:30:00+00:00,0.03349905,0.325414622185125,0.03483147471375,0.0,0.096,6.611952631355263,6.6119526,0.050526347144735695,0.0,0.096,0.0,-0.0,0.0,1
2012-07-25 06:00:00+00:00,0.03595905,0.328228253335125,0.03738932121374999,0.0,0.438,6.381426315565789,6.3814263,0.23052633135526257,0.0,0.438,0.0,-0.0,0.0,1
2012-07-25 06:30:00+00:00,0.0416601,0.33474884352525,0.04331713047749999,0.0,0.288,6.229847368197368,6.2298474,0.15157891556578917,0.0,0.288,0.0,-0.0,0.0,1
2012-07-25 07:00:00+00:00,0.0406515,0.33359525475375,0.0422684134125,0.0,0.219,6.114584210302631,6.1145842,0.1152631681973677,0.0,0.219,0.0,-0.0,0.0,1
2012-07-25 07:30:00+00:00,0.04009185,0.332955153667125,0.04168650333374999,0.006,0.416,5.89879473661842,5.8987947,0.21578951030263127,0.0,0.41,0.0,-0.0,0.0,1
2012-07-25 08:00:00+00:00,0.0489663,0.34310532804075,0.050913934582499994,0.025,0.461,5.669321052407894,5.6693211,0.2294736366184198,0.0,0.436,0.0,-0.0,0.0,1
2012-07-25 08:30:00+00:00,0.04742265,0.341339774494125,0.049308885903749995,0.056,0.949,5.199321052407894,5.1993211,0.4699999524078944,0.0,0.893,0.0,1.1102230246251565e-16,-2.7371930224479033e-18,1
2012-07-25 09:00:00+00:00,0.04392945,0.337344418261125,0.045676743873749995,0.125,0.867,4.80879473661842,4.8087947,0.39052635240789435,0.0,0.742,0.0,-0.0,0.0,1
2012-07-25 09:30:00+00:00,0.0431976,0.336507362994,0.044915784539999996,0.231,0.707,4.558268420828947,4.5582684,0.25052633661842005,0.0,0.476,0.0,-0.0,0.0,1
2012-07-25 10:00:00+00:00,0.0397044,0.332512006761,0.041283642509999996,0.325,0.247,4.595318420828947,4.5953184,0.03704997917105324,0.078,0.0,0.0,-0.0,0.0,1
2012-07-25 10:30:00+00:00,0.0396183,0.33241352967075005,0.0411941178825,0.381,0.564,4.499002631355262,4.4990026,0.09631582082894674,0.0,0.183,0.0,5.551115123125783e-17,-1.14336645380686e-18,1
2012-07-25 11:00:00+00:00,0.03929235,0.151640723543375,0.04085520322124999,0.438,0.467,4.483739473460526,4.4837395,0.015263131355261805,0.0,0.029,2.42861286636753e-17,0.0,1.8413830613136106e-18,1
2012-07-25 11:30:00+00:00,0.0385851,0.15083180458774997,0.040119822352499994,0.475,0.455,4.493239473460526,4.4932395,0.009500026539473794,0.02,0.0,5.551115123125783e-17,0.0,4.1864235574770585e-18,1
2012-07-25 12:00:00+00:00,0.0350919,0.14683644835475002,0.0364876803225,0.506,0.316,4.583489473460526,4.5834895,0.0902500265394739,0.19,0.0,0.0,-0.0,0.0,1
2012-07-25 12:30:00+00:00,0.0346122,0.14628779028049999,0.035988900255,0.538,0.342,4.676589473460526,4.6765895,0.09310002653947436,0.196,0.0,0.0,-0.0,0.0,1
2012-07-25 13:00:00+00:00,0.03444,0.14609083609999998,0.035809851,0.55,0.275,4.807214473460526,4.8072145,0.13062502653947394,0.275,0.0,0.0,-0.0,0.0,1
2012-07-25 13:30:00+00:00,0.0343416,0.14597829085400002,0.035707537139999995,0.55,0.238,4.955414473460526,4.9554145,0.14820002653947384,0.312,0.0,0.0,-0.0,0.0,1
2012-07-25 14:00:00+00:00,0.03383115,0.145394462390375,0.035176783991249995,0.538,0.373,5.033789473460526,5.0337895,0.07837502653947404,0.165,0.0,0.0,-0.0,0.0,1
2012-07-25 14:30:00+00:00,0.03383115,0.145394462390375,0.035176783991249995,0.525,0.281,5.149689473460526,5.1496895,0.11590002653947362,0.244,0.0,0.0,-0.0,0.0,1
2012-07-25 15:00:00+00:00,0.0343416,0.14597829085400002,0.035707537139999995,0.488,0.326,5.226639473460526,5.2266395,0.0769500265394738,0.162,0.0,0.0,-0.0,0.0,1
2012-07-25 15:30:00+00:00,0.03444615,0.146097870177875,0.03581624561625,0.444,0.272,5.308339473460526,5.3083395,0.08170002653947339,0.172,0.0,0.0,-0.0,0.0,1
2012-07-25 16:00:00+00:00,0.03469215,0.14637923329287497,0.03607203026624999,0.381,0.246,5.372464473460526,5.3724645,0.06412502653947438,0.135,0.0,0.0,-0.0,0.0,1
2012-07-25 16:30:00+00:00,0.03437235,0.146013461243375,0.03573951022125,0.294,0.287,5.375789473460526,5.3757895,0.003325026539473974,0.007,0.0,0.0,-0.0,0.0,1
2012-07-25 17:00:00+00:00,0.03736125,0.149432023090625,0.038847293718749995,0.088,0.283,5.273157894513157,5.2731579,0.10263157346052587,0.0,0.195,0.0,2.7755575615628914e-17,-5.391144991366558e-19,1
2012-07-25 17:30:00+00:00,0.03736125,0.149432023090625,0.038847293718749995,0.0,0.359,5.084210526092105,5.0842105,0.188947394513157,0.0,0.359,0.0,-0.0,0.0,1
2012-07-25 18:00:00+00:00,0.0452886,0.1584989494715,0.047089954064999995,0.0,0.562,4.7884210524078945,4.7884211,0.2957894260921048,0.0,0.562,0.0,-0.0,0.0,1
2012-07-25 18:30:00+00:00,0.0454977,0.15873810811925002,0.0473073710175,0.0,0.695,4.422631578723684,4.4226316,0.3657894524078946,0.0,0.695,0.0,-0.0,0.0,1
2012-07-25 19:00:00+00:00,0.0441324,0.157176542831,0.04588776620999999,0.0,0.738,4.034210526092105,4.0342105,0.3884210787236837,0.0,0.738,0.0,-0.0,0.0,1
2012-07-25 19:30:00+00:00,0.03971055,0.152119040838875,0.04129003712625,0.0,1.146,3.4310526313552625,3.4310526,0.6031579260921047,0.0,1.146,0.0,-0.0,0.0,1
2012-07-25 20:00:00+00:00,0.04014105,0.152611426290125,0.04173766026374999,0.0,0.757,3.0326315787236835,3.0326316,0.3984210313552623,0.0,0.757,0.0,-0.0,0.0,1
2012-07-25 20:30:00+00:00,0.0413526,0.1539971396315,0.042997399665000005,0.0,0.465,2.78789473661842,2.7878947,0.24473687872368366,0.0,0.465,0.0,-0.0,0.0,1
2012-07-25 21:00:00+00:00,0.0407499,0.15330779999975,0.04237072727249999,0.0,0.603,2.4705263155657886,2.4705263,0.3173684366184202,0.0,0.603,0.0,-0.0,0.0,1
2012-07-25 21:30:00+00:00,0.0360267,0.14790562819175002,0.037459661992500004,0.0,0.448,2.234736841881578,2.2347368,0.23578951556578875,0.0,0.448,0.0,-0.0,0.0,1
2012-07-25 22:00:00+00:00,0.03423705,0.145858711530125,0.03559882866375,0.0,0.613,1.9121052629342097,1.9121053,0.32263154188157817,0.0,0.613,0.0,-0.0,0.0,1
2012-07-25 22:30:00+00:00,0.03801315,0.150177635345375,0.03952512304125,0.0,0.661,1.5642105260921044,1.5642105,0.34789476293420973,0.0,0.661,0.0,-0.0,0.0,1
2012-07-25 23:00:00+00:00,0.0337512,0.14530301937800003,0.03509365398,0.0,0.533,1.2836842103026307,1.2836842,0.2805263260921045,0.0,0.533,0.0,-0.0,0.0,1
2012-07-25 23:30:00+00:00,0.0345384,0.146203381346,0.03591216485999999,0.0,0.539,1.0,1.0,0.2836842103026307,0.0,0.539,0.0,-0.0,0.0,1
2012-07-26 00:00:00+00:00,0.0336774,0.0957186104435,0.035016918585,0.0,0.273,1.7125,1.7125,0.7124999999999999,1.5,0.0,1.7730000000000001,0.0,0.08485454815816275,1
2012-07-26 00:30:00+00:00,0.0339603,0.09604217802575002,0.0353110709325,0.0,0.177,2.425,2.425,0.7124999999999999,1.5,0.0,1.677,0.0,0.0805313662745914,1
2012-07-26 01:00:00+00:00,0.03451995,0.09668227911237502,0.03589298101125,0.0,0.12,3.0124999975,3.0125,0.5875000000000004,1.2368421,0.0,1.3568421000000002,0.0,0.06559129331181054,1
2012-07-26 01:30:00+00:00,0.03390495,0.09597887132487501,0.03525351938625,0.0,0.128,3.7249999975,3.725,0.7125000025000001,1.5,0.0,1.6280000000000001,0.0,0.07812680125844826,1
2012-07-26 02:00:00+00:00,0.03255195,0.09443137419237502,0.033846703811250003,0.0,0.132,4.4374999975,4.4375,0.7125000025000001,1.5,0.0,1.6320000000000001,0.0,0.07705600134097802,1
2012-07-26 02:30:00+00:00,0.03132195,0.093024558617375,0.032567780561249995,0.0,0.109,5.1499999975,5.15,0.7125000025000006,1.5,0.0,1.609,0.0,0.07483825740767819,1
2012-07-26 03:00:00+00:00,0.030504,0.09208902626,0.0317172966,0.0,0.148,5.8624999975000005,5.8625,0.7125000024999997,1.5,0.0,1.648,0.0,0.07588135763824,1
2012-07-26 03:30:00+00:00,0.0296061,0.09106205089025,0.030783682627499996,0.0,0.124,6.574999997500001,6.575,0.7125000024999997,1.5,0.0,1.624,0.0,0.07394238532288301,1
2012-07-26 04:00:00+00:00,0.0262851,0.08726364883775001,0.027330589852499997,0.0,0.124,7.287499997500001,7.2875,0.7125000024999988,1.5,0.0,1.624,0.0,0.07085808285625302,1
2012-07-26 04:30:00+00:00,0.02763195,0.08880411189237501,0.02873101081125,0.0,0.133,7.999999997500002,8.0,0.7125000024999988,1.5,0.0,1.633,0.0,0.0725085573601242,1
2012-07-26 05:00:00+00:00,0.03023955,0.321686560911375,0.03144232810124999,0.0,0.102,7.946315786973686,7.9463158,0.05368419750000175,0.0,0.102,0.0,-0.0,0.0,1
2012-07-26 05:30:00+00:00,0.0331854,0.3250558842135,0.034505349284999993,0.0,0.147,7.868947365921054,7.8689474,0.07736838697368587,0.0,0.147,0.0,-0.0,0.0,1
2012-07-26 06:00:00+00:00,0.0336528,0.32559047413200004,0.03499134011999999,0.0,0.099,7.816842102763159,7.8168421,0.052105265921054134,0.0,0.099,0.0,-0.0,0.0,1
2012-07-26 06:30:00+00:00,0.03750885,0.33000084095962506,0.03900076450875,0.0,0.137,7.744736839605264,7.7447368,0.07210530276315907,0.0,0.137,0.0,-0.0,0.0,1
2012-07-26 07:00:00+00:00,0.04011645,0.332983289978625,0.041712081798749995,0.0,0.119,7.682105260657895,7.6821053,0.06263153960526413,0.0,0.119,0.0,-0.0,0.0,1
2012-07-26 07:30:00+00:00,0.0389295,0.33162571294875004,0.040477920862499996,0.006,0.116,7.62421052381579,7.6242105,0.057894760657895006,0.0,0.11,0.0,-0.0,0.0,1
2012-07-26 08:00:00+00:00,0.04278555,0.336036079776375,0.04448734525124999,0.019,0.135,7.563157892236842,7.5631579,0.06105262381578935,0.0,0.116,0.0,-0.0,0.0,1
2012-07-26 08:30:00+00:00,0.04170315,0.33479808207037504,0.04336189279125,0.063,0.097,7.5452631553947365,7.5452632,0.017894692236842147,0.0,0.034,0.0,-0.0,0.0,1
2012-07-26 09:00:00+00:00,0.03966135,0.332462768215875,0.041238880196249994,0.075,0.439,7.353684208026316,7.3536842,0.19157895539473646,0.0,0.364,0.0,-0.0,0.0,1
2012-07-26 09:30:00+00:00,0.0396183,0.33241352967075005,0.0411941178825,0.106,0.4,7.198947365921052,7.1989474,0.15473680802631584,0.0,0.294,5.551115123125783e-17,0.0,9.226328858434608e-18,1
2012-07-26 10:00:00+00:00,0.03958755,0.33237835928137505,0.041162144801249995,0.1,0.404,7.038947365921052,7.0389474,0.15999996592105248,0.0,0.304,5.551115123125783e-17,0.0,9.22535268403288e-18,1
2012-07-26 10:30:00+00:00,0.03956295,0.33235022296987504,0.04113656633625,0.119,0.335,6.925263155394736,6.9252632,0.11368416592105213,0.0,0.216,2.7755575615628914e-17,0.0,4.612285872255748e-18,1
2012-07-26 11:00:00+00:00,0.03674625,0.14872861530312498,0.03820783209375,0.144,0.399,6.791052629078947,6.7910526,0.13421055539473592,0.0,0.255,0.0,-0.0,0.0,1
2012-07-26 11:30:00+00:00,0.03440925,0.146055665710625,0.03577787791875,0.169,0.415,6.791052629078947,6.7910526,2.9078946361948965e-08,0.0,0.0,0.24599999999999997,0.0,0.017964846882406873,1
2012-07-26 12:00:00+00:00,0.03442155,0.146069733866375,0.035790667151250004,0.163,0.396,6.791052629078947,6.7910526,2.9078946361948965e-08,0.0,0.0,0.233,0.0,0.01701712399543269,1
2012-07-26 12:30:00+00:00,0.0344646,0.1461189724115,0.03583542946499999,0.169,0.787,6.791052629078947,6.7910526,2.9078946361948965e-08,0.0,0.0,0.618,0.0,0.0451507624751535,1
2012-07-26 13:00:00+00:00,0.0343416,0.14597829085400002,0.035707537139999995,0.138,0.23,6.791052629078947,6.7910526,2.9078946361948965e-08,0.0,0.0,0.092,0.0,0.006715001379284001,1
2012-07-26 13:30:00+00:00,0.03412635,0.145732098128375,0.03548372557125,0.063,0.401,6.791052629078947,6.7910526,2.9078946361948965e-08,0.0,0.0,0.338,0.0,0.024628724583695378,1
2012-07-26 14:00:00+00:00,0.0338988,0.14547183724700002,0.03524712477,0.05,0.554,6.791052629078947,6.7910526,2.9078946361948965e-08,0.0,0.0,0.504,0.0,0.036658902986244,1
2012-07-26 14:30:00+00:00,0.0337389,0.14528895122225002,0.0350808647475,0.088,0.325,6.791052629078947,6.7910526,2.9078946361948965e-08,0.0,0.0,0.23700000000000002,0.0,0.01721674071983663,1
2012-07-26 15:00:00+00:00,0.033825,0.1453874283125,0.035170389375,0.25,0.362,6.791052629078947,6.7910526,2.9078946361948965e-08,0.0,0.0,0.11199999999999999,0.0,0.0081416959855,1
2012-07-26 15:30:00+00:00,0.0339849,0.14557031433724998,0.035336649397499996,0.388,0.535,6.791052629078947,6.7910526,2.9078946361948965e-08,0.0,0.0,0.14700000000000002,0.0,0.010699418103787875,1
2012-07-26 16:00:00+00:00,0.03418785,0.145802438907125,0.035547671733749994,0.356,0.549,6.791052629078947,6.7910526,2.9078946361948965e-08,0.0,0.0,0.19300000000000006,0.0,0.014069935354537566,1
2012-07-26 16:30:00+00:00,0.0365187,0.14846835442175,0.0379712312925,0.219,0.45,6.669473681710525,6.6694737,0.12157892907894663,0.0,0.231,0.0,-0.0,0.0,1
2012-07-26 17:00:00+00:00,0.0378225,0.14995957893125,0.0393268899375,0.056,0.429,6.473157892236841,6.4731579,0.196315781710525,0.0,0.373,0.0,-0.0,0.0,1
2012-07-26 17:30:00+00:00,0.03880035,0.15107799731337498,0.04034363392125,0.0,0.513,6.203157892236842,6.2031579,0.26999999223684146,0.0,0.513,0.0,-0.0,0.0,1
2012-07-26 18:00:00+00:00,0.0475272,0.161059353818,0.04941759438,0.0,0.716,5.826315786973684,5.8263158,0.37684209223684206,0.0,0.716,0.0,-0.0,0.0,1
2012-07-26 18:30:00+00:00,0.0481545,0.16177682976125002,0.0500698452375,0.0,0.737,5.438421050131579,5.4384211,0.38789468697368346,0.0,0.737,0.0,-0.0,0.0,1
2012-07-26 19:00:00+00:00,0.0477978,0.16136885324449998,0.049698957494999994,0.0,0.472,5.1899999975,5.19,0.24842105013157845,0.0,0.472,0.0,-0.0,0.0,1
2012-07-26 19:30:00+00:00,0.04213365,0.154890467521625,0.04380951592875,0.0,0.935,4.697894734342105,4.6978947,0.4921052975000002,0.0,0.935,0.0,-0.0,0.0,1
2012-07-26 20:00:00+00:00,0.0396675,0.15206980229375,0.041245274812499996,0.0,1.053,4.143684208026316,4.1436842,0.5542105343421051,0.0,1.053,0.0,-0.0,0.0,1
2012-07-26 20:30:00+00:00,0.04620495,0.159547027074875,0.04804275188625,0.0,0.984,3.6257894711842105,3.6257895,0.5178947080263154,0.0,0.984,0.0,-0.0,0.0,1
2012-07-26 21:00:00+00:00,0.04458135,0.157690030515875,0.04635457319624999,0.0,1.037,3.0799999975,3.08,0.5457894711842104,0.0,1.037,0.0,-0.0,0.0,1
2012-07-26 21:30:00+00:00,0.03966135,0.152062768215875,0.041238880196249994,0.0,0.922,2.594736839605263,2.5947368,0.4852631974999997,0.0,0.922,0.0,-0.0,0.0,1
2012-07-26 22:00:00+00:00,0.03634035,0.14826436616337502,0.03778578742125,0.0,1.188,2.2289473659210524,2.2289474,0.3657894396052628,0.0,0.695,0.493,0.0,0.03654716625927194,1
2012-07-26 22:30:00+00:00,0.04311765,0.156015919981625,0.044832654528749995,0.0,1.191,1.6021052606578943,1.6021053,0.6268420659210523,0.0,1.191,0.0,-0.0,0.0,1
2012-07-26 23:00:00+00:00,0.03659865,0.14855979743412498,0.03805436130375,0.0,1.144,1.0,1.0,0.6021052606578943,0.0,1.144,0.0,-0.0,0.0,1
2012-07-26 23:30:00+00:00,0.0362973,0.14821512761825,0.03774102510749999,0.0,0.601,1.0,1.0,0.0,0.0,0.0,0.601,0.0,0.044538645849284124,1
2012-07-27 00:00:00+00:00,0.0342555,0.09637981376375002,0.035618012512500005,0.0,0.15,1.0,1.0,0.0,0.0,0.0,0.15,0.0,0.007228486032281251,1
2012-07-27 00:30:00+00:00,0.0339234,0.09599997355850001,0.035272703235,0.006,0.144,1.0,1.0,0.0,0.0,0.0,0.13799999999999998,0.0,0.0066239981755365,1
2012-07-27 01:00:00+00:00,0.03822225,0.10091679399312502,0.03974253999375,0.0,0.147,1.0,1.0,0.0,0.0,0.0,0.147,0.0,0.007417384358494689,1
2012-07-27 01:30:00+00:00,0.03846825,0.10119815710812499,0.03999832464375,0.0,0.12,1.0,1.0,0.0,0.0,0.0,0.12,0.0,0.006071889426487499,1
2012-07-27 02:00:00+00:00,0.03443385,0.09658380202212502,0.03580345638375,0.0,0.16,1.0,1.0,0.0,0.0,0.0,0.16,0.0,0.007726704161770002,1
2012-07-27 02:30:00+00:00,0.03321,0.09518402052500002,0.03453092775,0.0,0.115,1.0,1.0,0.0,0.0,0.0,0.115,0.0,0.0054730811801875015,1
2012-07-27 03:00:00+00:00,0.032349,0.09419924962250001,0.033635681475000005,0.0,0.147,1.0,1.0,0.0,0.0,0.0,0.147,0.0,0.00692364484725375,1
2012-07-27 03:30:00+00:00,0.03140805,0.09312303570762501,0.03265730518875,0.0,0.147,1.7125,1.7125,0.7124999999999999,1.5,0.0,1.647,0.0,0.0766868199052292,1
2012-07-27 04:00:00+00:00,0.031734,0.09349584183500001,0.032996219849999994,0.0,0.125,2.425,2.425,0.7124999999999999,1.5,0.0,1.625,0.0,0.0759653714909375,1
2012-07-27 04:30:00+00:00,0.0318324,0.09360838708100001,0.033098533709999996,0.0,0.16,3.1374999999999997,3.1375,0.35131580000000007,1.5,0.0,1.66,0.0,0.07769496127723001,1
2012-07-27 05:00:00+00:00,0.03279795,0.324612737307375,0.03410248846125,0.0,0.108,3.080657894736842,3.0806579,0.056842099999999895,0.0,0.108,0.0,-0.0,0.0,1
2012-07-27 05:30:00+00:00,0.0343908,0.326434563477,0.03575869406999999,0.0,0.146,3.003815789473684,3.0038158,0.076842094736842,0.0,0.146,0.0,-0.0,0.0,1
2012-07-27 06:00:00+00:00,0.03678315,0.32917081977037504,0.03824619979125,0.0,0.114,2.943815789473684,2.9438158,0.059999989473684234,0.0,0.114,0.0,-0.0,0.0,1
2012-07-27 06:30:00+00:00,0.03937845,0.33213920063362506,0.04094472784875,0.0,0.12,2.8806578947368418,2.8806579,0.06315788947368395,0.0,0.12,0.0,-0.0,0.0,1
2012-07-27 07:00:00+00:00,0.04959975,0.343829838061875,0.05157258005625,0.0,0.134,2.810131578947368,2.8101316,0.07052629473684169,0.0,0.134,0.0,-0.0,0.0,1
2012-07-27 07:30:00+00:00,0.0414756,0.334537821189,0.043125291989999995,0.0,0.098,2.758552631578947,2.7585526,0.05157897894736818,0.0,0.098,0.0,-0.0,0.0,1
2012-07-27 08:00:00+00:00,0.0498765,0.34414637156625005,0.051860337787499995,0.019,0.208,2.6590789473684207,2.6590789,0.0994737315789469,0.0,0.189,0.0,-0.0,0.0,1
2012-07-27 08:30:00+00:00,0.0499872,0.344272984968,0.05197544088,0.044,0.589,2.372236842105263,2.3722368,0.2868421473684206,0.0,0.545,0.0,1.1102230246251565e-16,-2.8852165590009805e-18,1
2012-07-27 09:00:00+00:00,0.0388557,0.33154130401425,0.040401185467499996,0.119,0.615,2.1111842105263157,2.1111842,0.261052642105263,0.0,0.496,0.0,-0.0,0.0,1
2012-07-27 09:30:00+00:00,0.03950145,0.33227988219112503,0.04107262017375,0.238,0.882,1.772236842105263,1.7722368,0.3389474105263157,0.0,0.644,0.0,-0.0,0.0,1
2012-07-27 10:00:00+00:00,0.0373797,0.32985312532425004,0.0388664775675,0.319,0.756,1.542236842105263,1.5422368,0.23000004210526304,0.0,0.437,0.0,-0.0,0.0,1
2012-07-27 10:30:00+00:00,0.0342924,0.32632201823100004,0.03565638021,0.381,0.725,1.3611842105263157,1.3611842,0.18105264210526295,0.0,0.344,0.0,-0.0,0.0,1
2012-07-27 11:00:00+00:00,0.03443385,0.146083802022125,0.03580345638375,0.438,0.382,1.3877842105263156,1.3877842,0.02659998947368436,0.056,0.0,0.0,-0.0,0.0,1
2012-07-27 11:30:00+00:00,0.03447075,0.14612600648937502,0.03584182408125,0.488,0.101,1.5716092105263155,1.5716092,0.1838249894736843,0.387,0.0,0.0,-0.0,0.0,1
2012-07-27 12:00:00+00:00,0.0343662,0.1460064271655,0.035733115605,0.519,0.101,1.7701592105263155,1.7701592,0.1985499894736844,0.418,0.0,0.0,-0.0,0.0,1
2012-07-27 12:30:00+00:00,0.0344646,0.1461189724115,0.03583542946499999,0.55,0.05,2.0076592105263154,2.0076592,0.23749998947368445,0.5,0.0,0.0,-0.0,0.0,1
2012-07-27 13:00:00+00:00,0.0339603,0.14554217802575,0.0353110709325,0.563,0.101,2.2271092105263155,2.2271092,0.21944998947368477,0.462,0.0,1.1102230246251565e-16,0.0,8.079213854914058e-18,1
2012-07-27 13:30:00+00:00,0.03378195,0.14533818976737498,0.03512562706124999,0.4,0.072,2.3829092105263157,2.3829092,0.15579998947368434,0.328,0.0,0.0,-0.0,0.0,1
2012-07-27 14:00:00+00:00,0.0330009,0.14444486187724997,0.034313510797499995,0.481,0.079,2.5738592105263156,2.5738592,0.19094998947368413,0.402,0.0,5.551115123125783e-17,0.0,4.009150286123086e-18,1
2012-07-27 14:30:00+00:00,0.03276105,0.144170532840125,0.03406412076375,0.206,0.092,2.6280092105263155,2.6280092,0.054149989473684546,0.114,0.0,2.7755575615628914e-17,0.0,2.0007680628948003e-18,1
2012-07-27 15:00:00+00:00,0.0325335,0.14391027195875,0.0338275199625,0.094,0.058,2.6451092105263156,2.6451092,0.017099989473684296,0.036,0.0,0.0,-0.0,0.0,1
2012-07-27 15:30:00+00:00,0.03390495,0.145478871324875,0.03525351938625,0.338,0.103,2.7567342105263157,2.7567342,0.11162498947368427,0.235,0.0,0.0,5.551115123125783e-17,-9.784817230421017e-19,1
2012-07-27 16:00:00+00:00,0.03396645,0.145549212103625,0.035317465548749996,0.269,0.06,2.8560092105263157,2.8560092,0.09927498947368418,0.209,0.0,0.0,-0.0,0.0,1
2012-07-27 16:30:00+00:00,0.0350181,0.14675203942025,0.0364109449275,0.175,0.088,2.897334210526316,2.8973342,0.04132498947368424,0.087,0.0,0.0,-0.0,0.0,1
2012-07-27 17:00:00+00:00,0.0331977,0.14466995236925,0.0345181385175,0.119,0.081,2.915384210526316,2.9153842,0.018049989473684303,0.038,0.0,0.0,-0.0,0.0,1
2012-07-27 17:30:00+00:00,0.03408945,0.145689893661125,0.03544535787375,0.0,0.067,2.880121052631579,2.8801211,0.0352631105263157,0.0,0.067,0.0,-0.0,0.0,1
2012-07-27 18:00:00+00:00,0.03893565,0.15123274702662498,0.04048431547875,0.0,0.1,2.8274894736842104,2.8274895,0.05263155263157904,0.0,0.1,0.0,-0.0,0.0,1
2012-07-27 18:30:00+00:00,0.0387819,0.15105689507975,0.0403244500725,0.0,0.051,2.8006473684210524,2.8006474,0.026842073684210543,0.0,0.051,0.0,-0.0,0.0,1
2012-07-27 19:00:00+00:00,0.03929235,0.151640723543375,0.04085520322124999,0.0,0.095,2.7506473684210526,2.7506474,0.049999968421052365,0.0,0.095,0.0,-0.0,0.0,1
2012-07-27 19:30:00+00:00,0.03571305,0.147546890220125,0.03713353656375,0.0,0.072,2.7127526315789474,2.7127526,0.03789476842105266,0.0,0.072,0.0,-0.0,0.0,1
2012-07-27 20:00:00+00:00,0.0341448,0.145753200362,0.035502909420000006,0.0,0.181,2.6174894736842105,2.6174895,0.09526313157894739,0.0,0.181,0.0,-0.0,0.0,1
2012-07-27 20:30:00+00:00,0.0420537,0.15479902450925,0.0437263859175,0.0,0.108,2.5606473684210527,2.5606474,0.05684207368421035,0.0,0.108,0.0,-0.0,0.0,1
2012-07-27 21:00:00+00:00,0.03867735,0.15093731575587502,0.04021574159624999,0.0,0.071,2.523278947368421,2.5232789,0.03736846842105246,0.0,0.071,0.0,-0.0,0.0,1
2012-07-27 21:30:00+00:00,0.03670935,0.148686410835875,0.03816946439625,0.0,0.094,2.4738052631578946,2.4738053,0.04947364736842097,0.0,0.094,0.0,-0.0,0.0,1
2012-07-27 22:00:00+00:00,0.03388035,0.145450735013375,0.03522794092124999,0.0,0.066,2.4390684210526317,2.4390684,0.03473686315789459,0.0,0.066,0.0,-0.0,0.0,1
2012-07-27 22:30:00+00:00,0.04082985,0.153399243012125,0.04245385728375,0.0,0.097,2.3880157894736844,2.3880158,0.051052621052631864,0.0,0.097,0.0,-0.0,0.0,1
2012-07-27 23:00:00+00:00,0.03603285,0.14791266226962502,0.03746605660874999,0.0,0.053,2.360121052631579,2.3601211,0.02789468947368423,0.0,0.053,0.0,-0.0,0.0,1
2012-07-27 23:30:00+00:00,0.0399504,0.152393369876,0.041539427159999996,0.0,0.103,2.3059105263157895,2.3059105,0.054210552631579034,0.0,0.103,0.0,-0.0,0.0,1
2012-07-28 00:00:00+00:00,0.03801315,0.100677635345375,0.03952512304125,0.0,0.05,2.2795947368421055,2.2795947,0.026315826315789437,0.0,0.05,0.0,-0.0,0.0,1
2012-07-28 00:30:00+00:00,0.03745965,0.10004456833662499,0.03894960757874999,0.0,0.101,2.2264368421052634,2.2264368,0.05315793684210535,0.0,0.101,0.0,-0.0,0.0,1
2012-07-28 01:00:00+00:00,0.0363711,0.09879953655275002,0.0378177605025,0.006,0.063,2.1964368421052636,2.1964368,0.030000042105263525,0.0,0.057,0.0,-0.0,0.0,1
2012-07-28 01:30:00+00:00,0.0353379,0.09761781146975,0.036743464972499994,0.0,0.087,2.150647368421053,2.1506474,0.04578944210526359,0.0,0.087,0.0,-0.0,0.0,1
2012-07-28 02:00:00+00:00,0.03336375,0.09535987247187501,0.03469079315625,0.0,0.076,2.110647368421053,2.1106474,0.03999996842105302,0.0,0.076,0.0,-0.0,0.0,1
2012-07-28 02:30:00+00:00,0.03380655,0.095866326078875,0.03515120552624999,0.0,0.072,2.0727526315789477,2.0727526,0.037894768421053104,0.0,0.072,0.0,-0.0,0.0,1
2012-07-28 03:00:00+00:00,0.0342186,0.09633760929650001,0.035579644815000006,0.0,0.09,2.0253842105263162,2.0253842,0.04736843157894777,0.0,0.09,0.0,-0.0,0.0,1
2012-07-28 03:30:00+00:00,0.03411405,0.096218029972625,0.035470936338749995,0.0,0.063,1.9922263157894742,1.9922263,0.033157910526316225,0.0,0.063,0.0,-0.0,0.0,1
2012-07-28 04:00:00+00:00,0.0326934,0.0945931579835,0.03399377998499999,0.0,0.107,1.9359105263157899,1.9359105,0.05631581578947409,0.0,0.107,0.0,-0.0,0.0,1
2012-07-28 04:30:00+00:00,0.03085455,0.092489968698875,0.03208178972625,0.0,0.048,1.910647368421053,1.9106474,0.025263126315789863,0.0,0.048,0.0,-0.0,0.0,1
2012-07-28 05:00:00+00:00,0.0314634,0.32308634240850004,0.032714856735000006,0.0,0.1,1.8580157894736846,1.8580158,0.05263156842105299,0.0,0.1,0.0,-0.0,0.0,1
2012-07-28 05:30:00+00:00,0.03207225,0.32378271611812504,0.033347923743749994,0.0,0.054,1.8295947368421057,1.8295947,0.028421089473684713,0.0,0.054,0.0,-0.0,0.0,1
2012-07-28 06:00:00+00:00,0.03209685,0.32381085242962504,0.033373502208749996,0.0,0.092,1.7811736842105268,1.7811737,0.048421036842105636,0.0,0.092,0.0,-0.0,0.0,1
2012-07-28 06:30:00+00:00,0.03385575,0.325822598701875,0.03520236245624999,0.0,0.068,1.7453842105263162,1.7453842,0.035789484210526856,0.0,0.068,0.0,-0.0,0.0,1
2012-07-28 07:00:00+00:00,0.0340341,0.32602658696025005,0.0353878063275,0.0,0.081,1.7027526315789479,1.7027526,0.042631610526316255,0.0,0.081,0.0,-0.0,0.0,1
2012-07-28 07:30:00+00:00,0.0335544,0.325477928886,0.03488902625999999,0.0,0.078,1.6617000000000004,1.6617,0.041052631578947896,0.0,0.078,0.0,-0.0,0.0,1
2012-07-28 08:00:00+00:00,0.0350919,0.32723644835475,0.0364876803225,0.019,0.065,1.637489473684211,1.6374895,0.024210500000000357,0.0,0.046,0.0,-0.0,0.0,1
2012-07-28 08:30:00+00:00,0.0360759,0.32836190081475,0.037510818922499994,0.025,0.089,1.6038052631578952,1.6038053,0.03368417368421084,0.0,0.064,0.0,-0.0,0.0,1
2012-07-28 09:00:00+00:00,0.03802545,0.33059170350112504,0.03953791227375,0.119,0.054,1.6346802631578952,1.6346803,0.030875036842104908,0.065,0.0,0.0,-0.0,0.0,1
2012-07-28 09:30:00+00:00,0.03870195,0.331365452067375,0.040241320061249995,0.231,0.096,1.6988052631578952,1.6988053,0.06412503684210491,0.135,0.0,0.0,-0.0,0.0,1
2012-07-28 10:00:00+00:00,0.03634035,0.328664366163375,0.03778578742125,0.319,0.047,1.8280052631578951,1.8280053,0.1292000368421049,0.272,0.0,0.0,-0.0,0.0,1
2012-07-28 10:30:00+00:00,0.03688155,0.32928336501637506,0.03834851365125,0.388,0.098,1.9657552631578952,1.9657553,0.13775003684210496,0.29,0.0,0.0,-0.0,0.0,1
2012-07-28 11:00:00+00:00,0.0352641,0.14703340253525,0.036666729577499994,0.45,0.052,2.154805263157895,2.1548053,0.18905003684210486,0.398,0.0,0.0,-0.0,0.0,1
2012-07-28 11:30:00+00:00,0.034563,0.1462315176575,0.035937743325,0.494,0.091,2.3462302631578953,2.3462303,0.1914250368421051,0.403,0.0,0.0,-0.0,0.0,1
2012-07-28 12:00:00+00:00,0.0342309,0.14585167745225,0.0355924340475,0.525,0.065,2.5647302631578954,2.5647303,0.21850003684210462,0.46,0.0,0.0,-0.0,0.0,1
2012-07-28 12:30:00+00:00,0.03373275,0.145281917144375,0.03507447013125,0.525,0.081,2.7756302631578955,2.7756303,0.21090003684210457,0.444,0.0,0.0,-0.0,0.0,1
2012-07-28 13:00:00+00:00,0.03217065,0.143495261364125,0.033450237603749995,0.431,0.078,2.9433052631578955,2.9433053,0.1676750368421045,0.353,0.0,0.0,-0.0,0.0,1
2012-07-28 13:30:00+00:00,0.0320907,0.14340381835175,0.0333671075925,0.188,0.069,2.9998302631578957,2.9998303,0.05652503684210464,0.119,0.0,0.0,-0.0,0.0,1
2012-07-28 14:00:00+00:00,0.03169095,0.142946603289875,0.03295145753625,0.313,0.091,3.1052802631578955,3.1052803,0.1054500368421043,0.222,0.0,0.0,-0.0,0.0,1
2012-07-28 14:30:00+00:00,0.03110055,0.142271331813875,0.03233757437625,0.406,0.056,3.2715302631578953,3.2715303,0.16625003684210427,0.35,0.0,0.0,5.551115123125783e-17,-8.975479908260308e-19,1
2012-07-28 15:00:00+00:00,0.03204765,0.14335457980662497,0.03332234527874999,0.5,0.098,3.4624802631578953,3.4624803,0.19095003684210488,0.402,0.0,0.0,-0.0,0.0,1
2012-07-28 15:30:00+00:00,0.0327795,0.14419163507375,0.0340833046125,0.181,0.047,3.5261302631578952,3.5261303,0.0636500368421049,0.134,0.0,0.0,-0.0,0.0,1
2012-07-28 16:00:00+00:00,0.0335667,0.14509199704175,0.034901815492499995,0.225,0.098,3.5864552631578954,3.5864553,0.06032503684210466,0.127,0.0,0.0,-0.0,0.0,1
2012-07-28 16:30:00+00:00,0.03417555,0.145788370751375,0.03553488250125,0.306,0.057,3.7047302631578956,3.7047303,0.11827503684210461,0.249,0.0,0.0,-0.0,0.0,1
2012-07-28 17:00:00+00:00,0.0352149,0.14697712991225,0.0366155726475,0.1,0.09,3.7094802631578956,3.7094803,0.00475003684210451,0.01,0.0,0.0,1.3877787807814457e-17,-2.5407157383181e-19,1
2012-07-28 17:30:00+00:00,0.0359283,0.14779308294575,0.0373573481325,0.0,0.07,3.672638157894738,3.6726382,0.0368420631578954,0.0,0.07,0.0,-0.0,0.0,1
2012-07-28 18:00:00+00:00,0.04289625,0.155762693178125,0.04460244834374999,0.0,0.075,3.6331644736842117,3.6331645,0.03947365789473789,0.0,0.075,0.0,-0.0,0.0,1
2012-07-28 18:30:00+00:00,0.04833285,0.161980818019625,0.05025528910874999,0.0,0.085,3.5884276315789485,3.5884276,0.09919997368421152,0.0,0.085,0.0,-0.0,0.0,1
2012-07-28 19:00:00+00:00,0.04327755,0.156198806006375,0.04499891455125,0.0,0.06,3.5568486842105274,3.5568487,0.03157893157894831,0.0,0.06,0.0,-0.0,0.0,1
2012-07-28 19:30:00+00:00,0.03909555,0.15141563305137498,0.04065057550125,0.0,0.098,3.505269736842106,3.5052697,0.05157898421052742,0.0,0.098,0.0,-0.0,0.0,1
2012-07-28 20:00:00+00:00,0.038745,0.1510146906125,0.040286082375,0.0,0.048,3.4800065789473695,3.4800066,0.02526313684210635,0.0,0.048,0.0,-0.0,0.0,1
2012-07-28 20:30:00+00:00,0.04130955,0.15394790108637502,0.042952637351249996,0.0,0.099,3.427901315789475,3.4279013,0.052105278947369715,0.0,0.099,0.0,-0.0,0.0,1
2012-07-28 21:00:00+00:00,0.0401964,0.15267473299099998,0.041795211809999996,0.0,0.064,3.394217105263159,3.3942171,0.03368421578947478,0.0,0.064,0.0,-0.0,0.0,1
2012-07-28 21:30:00+00:00,0.03635265,0.14827843431912502,0.03779857665375,0.0,0.088,3.347901315789475,3.3479013,0.046315805263158705,0.0,0.088,0.0,-0.0,0.0,1
2012-07-28 22:00:00+00:00,0.03533175,0.147110777391875,0.03673707035625,0.0,0.072,3.3100065789473696,3.3100066,0.0378947157894749,0.0,0.072,0.0,-0.0,0.0,1
2012-07-28 22:30:00+00:00,0.03881265,0.15109206546912501,0.040356423153749994,0.0,0.075,3.2705328947368435,3.2705329,0.03947367894736953,0.0,0.075,0.0,-0.0,0.0,1
2012-07-28 23:00:00+00:00,0.0366786,0.14865124044650002,0.038137491315,0.0,0.085,3.2257960526315803,3.2257961,0.04473679473684333,0.0,0.085,0.0,-0.0,0.0,1
2012-07-28 23:30:00+00:00,0.0375396,0.14963601134899998,0.03903273759,0.0,0.061,3.1936907894736857,3.1936908,0.03210525263158015,0.0,0.061,0.0,-0.0,0.0,1
2012-07-29 00:00:00+00:00,0.03634035,0.09876436616337503,0.03778578742125,0.0,0.098,3.1421118421052645,3.1421118,0.05157898947368578,0.0,0.098,0.0,-0.0,0.0,1
2012-07-29 00:30:00+00:00,0.03504885,0.09728720980962502,0.03644291800875,0.0,0.048,3.116848684210528,3.1168487,0.025263142105264702,0.0,0.048,0.0,-0.0,0.0,1
2012-07-29 01:00:00+00:00,0.0351411,0.09739272097775001,0.036538837252500005,0.0,0.099,3.064743421052633,3.0647434,0.05210528421052807,0.0,0.099,0.0,-0.0,0.0,1
2012-07-29 01:30:00+00:00,0.03469215,0.096879233292875,0.03607203026624999,0.0,0.052,3.0373750000000017,3.037375,0.027368421052633263,0.0,0.052,0.0,-0.0,0.0,1
2012-07-29 02:00:00+00:00,0.03370815,0.095753780832875,0.03504889166625,0.0,0.105,2.982111842105265,2.9821118,0.05526320000000151,0.0,0.105,0.0,-0.0,0.0,1
2012-07-29 02:30:00+00:00,0.0342432,0.09636574560800001,0.035605223279999994,0.0,0.064,2.948427631578949,2.9484276,0.03368424210526477,0.0,0.064,0.0,-0.0,0.0,1
2012-07-29 03:00:00+00:00,0.033825,0.0958874283125,0.035170389375,0.0,0.084,2.904217105263159,2.9042171,0.04421053157894894,0.0,0.084,0.0,-0.0,0.0,1
2012-07-29 03:30:00+00:00,0.0324597,0.09432586302425003,0.033750784567500004,0.0,0.078,2.8631644736842117,2.8631645,0.041052605263159236,0.0,0.078,0.0,-0.0,0.0,1
2012-07-29 04:00:00+00:00,0.03161715,0.093362194355375,0.03287472214124999,0.0,0.072,2.8252697368421065,2.8252697,0.03789477368421146,0.0,0.072,0.0,-0.0,0.0,1
2012-07-29 04:30:00+00:00,0.0321399,0.09396009097475001,0.0334182645225,0.0,0.085,2.7805328947368433,2.7805329,0.04473683684210661,0.0,0.085,0.0,-0.0,0.0,1
2012-07-29 05:00:00+00:00,0.03321615,0.3250910546028751,0.03453732236625,0.0,0.068,2.744743421052633,2.7447434,0.03578949473684334,0.0,0.068,0.0,-0.0,0.0,1
2012-07-29 05:30:00+00:00,0.0314142,0.32303006978550003,0.032663699805,0.0,0.096,2.694217105263159,2.6942171,0.050526321052632994,0.0,0.096,0.0,-0.0,0.0,1
2012-07-29 06:00:00+00:00,0.03121125,0.32279794521562505,0.032452677468749996,0.0,0.05,2.667901315789475,2.6679013,0.02631580526315913,0.0,0.05,0.0,-0.0,0.0,1
2012-07-29 06:30:00+00:00,0.0321153,0.32383195466325004,0.033392686057499996,0.0,0.097,2.616848684210528,2.6168487,0.051052615789475286,0.0,0.097,0.0,-0.0,0.0,1
2012-07-29 07:00:00+00:00,0.03311775,0.324978509356875,0.034435008506249996,0.006,0.048,2.594743421052633,2.5947434,0.02210528421052782,0.0,0.042,0.0,-0.0,0.0,1
2012-07-29 07:30:00+00:00,0.03274875,0.32455646468437505,0.03405133153125,0.0,0.096,2.5442171052631593,2.5442171,0.050526321052632994,0.0,0.096,0.0,-0.0,0.0,1
2012-07-29 08:00:00+00:00,0.0345138,0.32657524503450003,0.035886586394999996,0.019,0.05,2.527901315789475,2.5279013,0.016315805263159344,0.0,0.031,3.469446951953614e-18,0.0,5.665177442342254e-19,1
2012-07-29 08:30:00+00:00,0.0341694,0.3261813366735001,0.035528487885,0.031,0.092,2.4957960526315803,2.4957961,0.032105215789474784,0.0,0.061,0.0,-0.0,0.0,1
2012-07-29 09:00:00+00:00,0.03605745,0.328340798581125,0.037491635073749995,0.125,0.06,2.5266710526315803,2.5266711,0.03087504736841984,0.065,0.0,0.0,-0.0,0.0,1
2012-07-29 09:30:00+00:00,0.03813615,0.330718316902875,0.03965301536625,0.231,0.084,2.59649605263158,2.5964961,0.06982504736841966,0.147,0.0,0.0,2.7755575615628914e-17,-5.502961331928236e-19,1
2012-07-29 10:00:00+00:00,0.0379332,0.33048619233300003,0.03944199303,0.325,0.068,2.7185710526315803,2.7185711,0.12207504736842001,0.257,0.0,0.0,-0.0,0.0,1
2012-07-29 10:30:00+00:00,0.03769335,0.33021186329587504,0.03919260299625,0.375,0.074,2.86154605263158,2.8615461,0.1429750473684197,0.301,0.0,0.0,-0.0,0.0,1
2012-07-29 11:00:00+00:00,0.03813615,0.150318316902875,0.03965301536625,0.319,0.078,2.9760210526315802,2.9760211,0.11447504736841996,0.241,0.0,0.0,-0.0,0.0,1
2012-07-29 11:30:00+00:00,0.0374535,0.14953753425875002,0.0389432129625,0.369,0.066,3.11994605263158,3.1199461,0.1439250473684197,0.303,0.0,0.0,-0.0,0.0,1
2012-07-29 12:00:00+00:00,0.0359898,0.1478634237245,0.037421294295000004,0.206,0.086,3.17694605263158,3.1769461,0.05700004736841979,0.12,0.0,0.0,-0.0,0.0,1
2012-07-29 12:30:00+00:00,0.0350796,0.146822380199,0.03647489109,0.094,0.058,3.19404605263158,3.1940461,0.01710004736841997,0.036,0.0,0.0,-0.0,0.0,1
2012-07-29 13:00:00+00:00,0.0352518,0.14701933437950002,0.036653940345,0.156,0.095,3.22302105263158,3.2230211,0.028975047368419826,0.061,0.0,0.0,-0.0,0.0,1
2012-07-29 13:30:00+00:00,0.03449535,0.146154142800875,0.03586740254625,0.081,0.048,3.23869605263158,3.2386961,0.015675047368419737,0.033,0.0,0.0,-0.0,0.0,1
2012-07-29 14:00:00+00:00,0.0344769,0.14613304056725002,0.035848218697499996,0.15,0.098,3.26339605263158,3.2633961,0.02470004736842002,0.052,0.0,0.0,-0.0,0.0,1
2012-07-29 14:30:00+00:00,0.03444,0.14609083609999998,0.035809851,0.163,0.048,3.3180210526315803,3.3180211,0.05462504736842,0.115,0.0,0.0,-0.0,0.0,1
2012-07-29 15:00:00+00:00,0.03445845,0.146111938333625,0.035829034848750003,0.431,0.098,3.4761960526315803,3.4761961,0.1581750473684198,0.333,0.0,5.551115123125783e-17,0.0,4.055420952765038e-18,1
2012-07-29 15:30:00+00:00,0.0346737,0.14635813105925,0.0360528464175,0.463,0.051,3.6718960526315803,3.6718961,0.19570004736841984,0.412,0.0,0.0,5.551115123125783e-17,-1.0006675048995772e-18,1
2012-07-29 16:00:00+00:00,0.03685695,0.148855228704875,0.03832293518625,0.231,0.093,3.7374460526315803,3.7374461,0.06555004736841985,0.138,0.0,0.0,-0.0,0.0,1
2012-07-29 16:30:00+00:00,0.04052235,0.153047539118375,0.04213412647125,0.119,0.061,3.7649960526315804,3.7649961,0.027550047368419595,0.058,0.0,0.0,-0.0,0.0,1
2012-07-29 17:00:00+00:00,0.0446736,0.157795541684,0.04645049244,0.106,0.082,3.7763960526315805,3.7763961,0.011400047368419486,0.024,0.0,1.3877787807814457e-17,0.0,1.0949265222548466e-18,1
2012-07-29 17:30:00+00:00,0.04028865,0.152780244159125,0.041891131053749996,0.0,0.072,3.7385013157894753,3.7385013,0.03789475263158071,0.0,0.072,0.0,-0.0,0.0,1
2012-07-29 18:00:00+00:00,0.06819735,0.18470088955587502,0.07090989959625,0.0,0.072,3.70060657894737,3.7006066,0.03789471578947534,0.0,0.072,0.0,-0.0,0.0,1
2012-07-29 18:30:00+00:00,0.0773916,0.195216835979,0.08046985088999999,0.0,0.083,3.6569223684210543,3.6569224,0.04368417894737009,0.0,0.083,0.0,-0.0,0.0,1
2012-07-29 19:00:00+00:00,0.07482705,0.192283625505125,0.07780329591375,0.0,0.061,3.6248171052631597,3.6248171,0.03210526842105432,0.0,0.061,0.0,-0.0,0.0,1
2012-07-29 19:30:00+00:00,0.06155535,0.177104085450875,0.06400371404625,0.0,0.093,3.575869736842107,3.5758697,0.04894740526315955,0.0,0.093,0.0,-0.0,0.0,1
2012-07-29 20:00:00+00:00,0.05044845,0.164400540808625,0.05245503709875,0.0,0.05,3.549553947368423,3.5495539,0.026315836842107032,0.0,0.05,0.0,-0.0,0.0,1
2012-07-29 20:30:00+00:00,0.05602035,0.170773415363375,0.05824855942124999,0.0,0.105,3.494290789473686,3.4942908,0.05526314736842286,0.0,0.105,0.0,-0.0,0.0,1
2012-07-29 21:00:00+00:00,0.04338825,0.15632541940812503,0.045114017643750004,0.0,0.048,3.4690276315789492,3.4690276,0.025263189473685888,0.0,0.048,0.0,-0.0,0.0,1
2012-07-29 21:30:00+00:00,0.0393231,0.15167589393275002,0.0408871763025,0.0,0.105,3.4137644736842123,3.4137645,0.05526313157894913,0.0,0.105,0.0,-0.0,0.0,1
2012-07-29 22:00:00+00:00,0.03642645,0.148362843253625,0.03787531204875,0.0,0.054,3.3853434210526334,3.3853434,0.028421073684212317,0.0,0.054,0.0,-0.0,0.0,1
2012-07-29 22:30:00+00:00,0.03573765,0.14757502653162502,0.037159115028749995,0.0,0.091,3.337448684210528,3.3374487,0.04789472105263348,0.0,0.091,0.0,-0.0,0.0,1
2012-07-29 23:00:00+00:00,0.0353625,0.14714594778125,0.036769043437499996,0.0,0.062,3.3048171052631594,3.3048171,0.03263158421052781,0.0,0.062,0.0,-0.0,0.0,1
2012-07-29 23:30:00+00:00,0.0356577,0.14748358351925,0.0370759850175,0.0,0.089,3.2579750000000014,3.257975,0.04684210526315935,0.0,0.089,0.0,-0.0,0.0,1
2012-07-30 00:00:00+00:00,0.0341817,0.09629540482925002,0.035541277117500006,0.0,0.072,3.2579750000000014,3.257975,0.046842099999998776,0.0,0.0,0.072,0.0,0.0034666345738530004,1
