arm,dataset,cost_no_battery,cost_oracle,cost_prophet,buy_no_battery,buy_oracle,buy_prophet,sell_no_battery,sell_oracle,sell_prophet,gross_oracle,energy_oracle,power_oracle,fixed_oracle,termadj_oracle,peakkw_oracle,efc_oracle,gross_prophet,energy_prophet,power_prophet,fixed_prophet,termadj_prophet,peakkw_prophet,efc_prophet,cost_milp_full,gross_milp_full,energy_milp_full,power_milp_full,fixed_milp_full,termadj_milp_full,peakkw_milp_full,efc_milp_full,efc_no_battery,fixed_no_battery,cost_self_consumption,efc_self_consumption,fixed_self_consumption,cost_fixed_schedule,efc_fixed_schedule,fixed_fixed_schedule,cost_delayed_pv_charge,efc_delayed_pv_charge,fixed_delayed_pv_charge,cost_price_threshold,efc_price_threshold,fixed_price_threshold,cost_price_rank_daily,efc_price_rank_daily,fixed_price_rank_daily,cost_tariff_arbitrage,efc_tariff_arbitrage,fixed_tariff_arbitrage,cost_price_oracle,efc_price_oracle,fixed_price_oracle,total_delayed_pv_charge,total_fixed_schedule,total_milp_full,total_no_battery,total_oracle,total_price_oracle,total_price_rank_daily,total_price_threshold,total_prophet,total_self_consumption,total_tariff_arbitrage,full_period_bound_is_exact,gen_mae,gen_rmse,gen_nmae,gen_skill_vs_naive,gen_mae_first_month,gen_mae_last_month,con_mae,con_rmse,con_nmae,con_skill_vs_naive,con_mae_first_month,con_mae_last_month,runtime_s,cycle_cost_reporting_eur_per_efc,run_status,cost_peak_shaving,efc_peak_shaving,fixed_peak_shaving,cost_self_consumption_peak_shaving,efc_self_consumption_peak_shaving,fixed_self_consumption_peak_shaving,total_peak_shaving,total_self_consumption_peak_shaving
AU_H24_pvnaive,Ausgrid 1,561.1516884645584,230.384108779565,402.5558231911351,4017.9990000000003,2084.1166856024934,3237.937289468249,3862.8379999999997,1664.813926191136,2816.9142737004504,229.94116203638984,229.94116203638984,0.0,705.3016666664521,0.44294674317516886,4.952,259.5255739473684,401.9246856461944,401.9246856461944,0.0,705.3016666664521,0.6311375449406883,5.12,262.11801048359274,230.1655502409305,230.76669224952536,230.76669224952536,0.0,705.3016666664521,-0.601142008594872,4.952,259.2684802631579,0.0,705.3016666664521,277.04276377973434,200.65038574999986,705.3016666664521,390.8398571756141,77.4884999999999,705.3016666664521,290.02282978525056,190.1223361742029,705.3016666664521,258.8428735802742,238.51257550000005,705.3016666664521,256.29309769355746,239.82498275000006,705.3016666664521,413.0786120321565,169.93293387078106,705.3016666664521,256.59813997498793,238.5494375000002,705.3016666664521,369.24046985783514,423.12673217561405,338.19408368391294,561.1516884645584,338.5197645909685,355.99373893332137,356.22017383939084,358.22311337194094,511.7716608926321,360.64709117556765,483.88400114498194,True,0.26013561643835614,0.5886205594554939,0.4449404741565894,0.0,0.15888055555555555,0.16864027777777776,0.4411655081941924,0.5977996759183118,0.7323889303504804,-0.1022459428209237,0.7002926082811354,0.5142092047243848,88.13064350000059,0.4166666666666667,cached,,,,,,,,
AU_H24_pvnaive,Ausgrid 104,2374.0614155183684,2023.7235095268652,2156.3953742650924,12190.554,12080.280895740998,12917.979509201483,382.53499999999997,7.008066447368471,833.8882462446462,2022.9219868487387,2022.9219868487387,0.0,705.3016666664521,0.801522678126496,12.198,262.3550131578947,2155.593851586966,2155.593851586966,0.0,705.3016666664521,0.801522678126496,12.198,272.8960510861482,2023.500356015548,2024.101498024143,2024.101498024143,0.0,705.3016666664521,-0.601142008594872,12.198,262.0356218421053,0.0,705.3016666664521,2284.4928299292633,34.90378374999993,705.3016666664521,2065.4005818492983,181.73668999999992,705.3016666664521,2284.4928299292633,34.90378374999993,705.3016666664521,2040.2394114142774,241.02293099999983,705.3016666664521,2036.8383576551253,243.52136074999984,705.3016666664521,2085.3458498974414,261.35865407106155,705.3016666664521,2040.608344631247,238.58956724999976,705.3016666664521,2299.03607315843,2141.1242026826317,2132.6818651164253,2374.0614155183684,2133.038098342655,2140.020664318747,2138.3055913009584,2140.6656326642774,2270.1020622176543,2299.03607315843,2194.245289093717,True,0.0906587899543379,0.2028092626877862,0.38416413917872366,0.0,0.07855277777777776,0.07845694444444444,1.2231796807515634,1.8089353565694213,0.7722400595319993,-0.327015952271718,0.9467490767036093,0.7840368972809517,105.47810887500236,0.4166666666666667,cached,,,,,,,,
AU_H24_pvnaive,Ausgrid 113,926.2892819864417,606.5300499013098,726.4877498288309,4569.722,4084.060459473684,4786.825595703888,768.287,25.86971505540175,724.4203174058642,605.7285272231833,605.7285272231833,0.0,705.3016666664521,0.801522678126496,4.53,254.07482789473684,725.6862271507044,725.6862271507044,0.0,705.3016666664521,0.801522678126496,4.431999999999999,258.181296803203,606.1300391641574,606.7311811727523,606.7311811727523,0.0,705.3016666664521,-0.601142008594872,4.53,253.57566500000007,0.0,705.3016666664521,781.9695498234653,69.38438150000005,705.3016666664521,674.6300532051115,136.60740174999984,705.3016666664521,781.990339264094,69.36596428543727,705.3016666664521,629.2510297944914,234.0007427500002,705.3016666664521,626.7882036234598,236.84130900000036,705.3016666664521,696.2153474401974,228.3057170614813,705.3016666664521,629.8286597836986,231.79487350000028,705.3016666664521,810.8928243830262,731.5498039342781,711.7865662474908,926.2892819864417,712.3945615241169,726.4098570753654,725.47208237346,726.7513392736581,834.0632901634989,810.8797087817986,791.342729549148,True,0.09658116438356165,0.22277371394662068,0.4147300691567272,0.0,0.10434583333333335,0.09544027777777778,0.31167273781893506,0.44933695159103254,0.46739393894105047,0.07052046595837458,0.37560888170978995,0.3888861479156169,89.74198750000505,0.4166666666666667,cached,,,,,,,,
AU_H24_pvnaive,Ausgrid 127,791.6653515731557,506.25562723052786,613.0533662299116,3740.375,3716.5261809764543,4408.516867313987,285.355,10.033920000000064,699.8022911877688,505.71691962001864,505.71691962001864,0.0,705.3016666664521,0.5387076105092296,5.4700000000000015,247.64718815789473,612.327264036068,612.327264036068,0.0,705.3016666664521,0.7261021938436263,5.470000000000001,250.72493344699532,505.93684995007084,506.5379919586657,506.5379919586657,0.0,705.3016666664521,-0.601142008594872,5.469999999999999,247.38095789473692,0.0,705.3016666664521,741.3693648111266,26.133288749999974,705.3016666664521,550.0049086061778,140.28338724999983,705.3016666664521,741.3693648111266,26.133288749999974,705.3016666664521,517.6527594600716,232.8108227500003,705.3016666664521,513.7842882908308,235.80950875000045,705.3016666664521,582.3014371245891,202.7520993528812,705.3016666664521,517.2276478128388,230.9297440000004,705.3016666664521,752.2582351236266,608.4563199603443,609.0122490728779,791.6653515731557,609.4419556296507,613.4483744795056,612.0382502699977,614.6572689392384,717.522088499493,752.2582351236266,666.781478521623,True,0.07109303652968038,0.1568701561496353,0.40121852147487874,0.0,0.06355972222222223,0.06722916666666667,0.27335405617507574,0.438463167437699,0.4782248888743982,0.21225066186006358,0.29041897808373307,0.28635005710279515,107.87080895800318,0.4166666666666667,cached,,,,,,,,
AU_H24_pvnaive,Ausgrid 128,816.7668594428737,578.3764216430907,688.3205826853642,4365.071,4450.315371918283,5205.481526628434,187.64,15.782890000000059,781.3220237545838,577.7896226718939,577.7896226718939,0.0,705.3016666664521,0.5867989711968193,5.288,253.3662239473684,687.6956394514651,687.6956394514651,0.0,705.3016666664521,0.6249432338991014,5.288,243.44494076889595,578.112731583221,578.7138735918159,578.7138735918159,0.0,705.3016666664521,-0.601142008594872,5.288,253.0148044736843,0.0,705.3016666664521,792.1352127818886,17.31451,705.3016666664521,635.3771383409562,105.30253199999974,705.3016666664521,792.1352127818886,17.31451,705.3016666664521,590.5166627848397,237.48764249999894,705.3016666664521,587.1412235156843,239.78454924999892,705.3016666664521,653.1145267836488,186.19554029895644,705.3016666664521,589.869243125355,234.91729324999886,705.3016666664521,799.3495919485553,679.2531933409562,683.5355667805895,816.7668594428737,683.9456816211608,687.7514486461878,687.0514523698505,689.4698471598392,789.7559746724042,799.3495919485553,730.6960019082139,True,0.084699200913242,0.19400600717997835,0.42004692066173527,0.0,0.06436805555555555,0.0627375,0.32499874038370086,0.4459085310423622,0.4789832805689037,-0.6060021761843786,0.2753409123518385,0.3566206669924405,107.49695016699843,0.4166666666666667,cached,,,,,,,,
AU_H24_pvnaive,Ausgrid 137,1066.2853092328644,716.270724499063,819.5869323789415,5156.477,4830.665304362881,5549.103720947433,603.538,7.989451516620551,729.9219075463136,715.495778625527,715.495778625527,0.0,705.3016666664521,0.7749458735359859,6.271999999999999,266.5936865789473,818.785409700815,818.785409700815,0.0,705.3016666664521,0.801522678126496,6.271999999999999,263.3186386985268,716.038183570867,716.6393255794618,716.6393255794618,0.0,705.3016666664521,-0.601142008594872,6.271999999999999,266.2773839473685,0.0,705.3016666664521,967.7207396350461,54.69844450000013,705.3016666664521,775.4728302624233,160.8102147500003,705.3016666664521,967.7210346695731,54.697927159300455,705.3016666664521,738.2341542343925,238.77969275000024,705.3016666664521,730.3374936654594,241.46010100000026,705.3016666664521,795.1859250777486,230.63621448400835,705.3016666664521,737.4210304608963,237.1912377500002,705.3016666664521,990.511837652615,842.4770864082567,826.9870935489372,1066.2853092328644,827.3514272402911,836.2507128567297,830.9458690821261,837.7256928802259,929.3030318366609,990.5117581767129,891.2843477794188,True,0.12221027397260273,0.27785833255102593,0.40088432844623534,0.0,0.07316388888888889,0.08018611111111111,0.4061999424514299,0.5750053746385867,0.4926062230564005,-0.001933155079515636,0.5925842314575029,0.4597734738258214,89.44740354199894,0.4166666666666667,cached,,,,,,,,
AU_H24_pvnaive,Ausgrid 138,1018.2596998267276,754.2830407586785,879.028508990974,5965.689,5469.844996682826,6217.218903434368,2546.1800000000003,1831.1072156855957,2559.106894033374,753.631016824914,753.631016824914,0.0,705.3016666664521,0.6520239337644655,6.926,216.78219421052637,878.7999236959989,878.7999236959989,0.0,705.3016666664521,0.22858529497507807,6.926000000000001,233.59795111283393,753.1232779470213,753.7244199556161,753.7244199556161,0.0,705.3016666664521,-0.601142008594872,6.926,217.51825578947373,0.0,705.3016666664521,923.5271233376359,63.37994450000033,705.3016666664521,817.7574960376048,110.08063374999915,705.3016666664521,928.1554955575534,60.29639404779025,705.3016666664521,778.2951052543509,169.32143100000096,705.3016666664521,772.7669007282137,172.4341582500009,705.3016666664521,825.6566256900225,169.6876749083459,705.3016666664521,780.3797892446033,168.9338092500008,705.3016666664521,953.278993077466,863.6244267667712,843.7558845259687,1018.2596998267276,844.6089550130645,850.7688764321036,844.6144666657141,848.8457015043513,976.3609886213216,949.9354335459693,896.3598235684999,True,0.17791860730593606,0.4630930799363466,0.38462442058951496,0.0,0.0,0.16955694444444444,0.6677767500371513,1.0742948466421849,0.7829187099789828,-0.08329070898800417,0.4660022505979051,0.22903741335546995,106.3039187079994,0.4166666666666667,cached,,,,,,,,
AU_H24_pvnaive,Ausgrid 142,562.6454473426467,238.96017741908364,365.39869503930913,3082.336,1660.3505143767318,2617.443488492158,2034.358,373.7620256094183,1322.1840397255633,238.2221437741456,238.2221437741456,0.0,705.3016666664521,0.7380336449380553,4.948,236.08571105263158,364.67978026299676,364.67978026299676,0.0,705.3016666664521,0.7189147763123472,4.948,244.44125016119997,238.4112632299877,239.01240523858257,239.01240523858257,0.0,705.3016666664521,-0.601142008594872,4.948,235.89468394736846,0.0,705.3016666664521,301.8342439244919,151.8776704999996,705.3016666664521,338.651701012535,105.46643749999987,705.3016666664521,304.99194933522455,149.5351125507343,705.3016666664521,267.97433067267787,215.7768089999999,705.3016666664521,263.95433775833106,217.79610249999982,705.3016666664521,372.8496685937326,186.97795737325225,705.3016666664521,264.9850766914316,215.97158799999983,705.3016666664521,367.29824623136386,382.5960499708683,336.70071487472455,562.6454473426467,337.32922369101345,354.9732383580982,354.70271379999764,357.8813344226778,467.2492159398091,365.11660663282504,450.7571508325877,True,0.1505166666666667,0.33329972250638173,0.43432428248144644,0.0,0.13086666666666666,0.11827083333333334,0.29258683783447537,0.4516744282580489,0.627618451161031,0.0953477695079753,0.5283015098668837,0.43544410328374566,105.45181174999743,0.4166666666666667,cached,,,,,,,,
AU_H24_pvnaive,Ausgrid 148,1176.2005779492165,867.7531263616737,1020.8573444738797,6218.915000000001,5520.20167163435,6508.645867708592,988.8919999999999,28.03420592105271,1020.4528215992535,867.3662862059674,867.3662862059674,0.0,705.3016666664521,0.386840155706314,6.364,257.3063134210526,1020.0558217957532,1020.0558217957532,0.0,705.3016666664521,0.801522678126496,6.572,255.45286543986785,867.510430751501,868.1115727600958,868.1115727600958,0.0,705.3016666664521,-0.601142008594872,6.364,256.95076,0.0,705.3016666664521,1013.4940142949636,89.24803975000019,705.3016666664521,945.9080410606925,123.7863277500001,705.3016666664521,1013.5040334314587,89.23087962976828,705.3016666664521,894.8743601097226,236.58345700000018,705.3016666664521,889.4760525857345,239.1432822500003,705.3016666664521,962.1721146014846,225.16641929925277,705.3016666664521,891.3063513380512,236.6203455000002,705.3016666664521,1050.6835666105287,997.4856776231926,974.5732474181676,1176.2005779492165,974.9640902871123,989.8981619630513,989.119086856568,993.4508005263893,1127.296038407158,1050.6806975241302,1055.9914559761733,True,0.09762899543378996,0.21556932161161366,0.43062875534427697,0.0,0.08122361111111111,0.07650833333333333,0.5834251503352126,0.8273526816045437,0.7082574698229278,-0.22670981883950425,0.9235194043558526,0.6801778422935707,106.06909270799952,0.4166666666666667,cached,,,,,,,,
AU_H24_pvnaive,Ausgrid 156,1068.7508545960864,791.5916498176264,921.0007091566156,5853.852,5436.410333663435,6424.1490900793415,712.1859999999999,38.9977802146815,1018.7170205304317,790.8139618928232,790.8139618928232,0.0,705.3016666664521,0.7776879248032608,9.962842105263158,252.97546368421052,920.1991864784891,920.1991864784891,0.0,705.3016666664521,0.801522678126496,9.962842105263158,260.905401098937,791.271862124617,791.8730041332118,791.8730041332118,0.0,705.3016666664521,-0.601142008594872,9.96284210526316,252.48557736842113,0.0,705.3016666664521,962.4849187712547,62.57139699999982,705.3016666664521,865.8503263069716,106.63390000000027,705.3016666664521,962.5182112089097,62.54185734831549,705.3016666664521,810.7842712004717,236.63634575000324,705.3016666664521,804.7855423333197,239.2115512500033,705.3016666664521,878.2240498577387,220.39418506161465,705.3016666664521,807.946264273304,235.5671230000033,705.3016666664521,988.5773184373745,910.2811179736384,896.4741860281258,1068.7508545960864,896.9980930193808,906.0992321899721,904.457022020821,909.3827485963064,1029.7112929478394,988.5563341879213,970.0549603000782,True,0.09040194063926942,0.21120070363190524,0.3786926817511693,0.0,0.07436111111111111,0.07308194444444445,0.5719560277795311,0.8396244597441361,0.6927180569227832,-0.662693218207661,0.7183640056823426,0.5813060046978109,107.57790474999638,0.4166666666666667,cached,,,,,,,,
AU_H24_pvnaive,Ausgrid 158,1095.9702999644144,724.4283544174318,834.3514658518513,6029.782,4782.865846080333,5269.70716451411,2108.627,596.863192333795,1085.812387372433,723.6268317393053,723.6268317393053,0.0,705.3016666664521,0.801522678126496,5.576,261.95925236842106,833.5601516263586,833.5601516263586,0.0,705.3016666664521,0.7913142254927635,5.576,259.855719560249,724.1518454836889,724.7529874922838,724.7529874922838,0.0,705.3016666664521,-0.601142008594872,5.576,261.58666026315797,0.0,705.3016666664521,832.0613105340775,137.93174725,705.3016666664521,806.0716025907407,145.71354775000003,705.3016666664521,837.8029888802372,133.63619600802792,705.3016666664521,749.1886118150986,239.39656250000021,705.3016666664521,747.0691572427932,241.65295500000016,705.3016666664521,817.2303428530325,271.87618318839884,705.3016666664521,747.9681949325851,238.12641225000024,705.3016666664521,893.4847372169155,866.7855808199074,833.1462872600048,1095.9702999644144,833.578042904274,847.1875333700852,847.7578884927932,848.9371795234321,942.6246823352884,889.5328718882441,930.5120858481987,True,0.1362995433789954,0.36491033676956663,0.3894162168262022,0.0,0.1669763888888889,0.18259583333333332,0.35096684215654195,0.5008975991389493,0.44001188699222205,-0.6375232420838362,0.25010557443935294,0.4067895845066738,88.94432374999451,0.4166666666666667,cached,,,,,,,,
AU_H24_pvnaive,Ausgrid 168,471.40158449078547,230.85846452841776,352.62198901687975,2330.559,1783.8608175069255,2626.520233820831,782.124,23.414871114958512,871.6291852872075,230.1048222839583,230.1048222839583,0.0,705.3016666664521,0.7536422444594661,4.45,210.24420552631577,351.9353757563658,351.9353757563658,0.0,705.3016666664521,0.6866132605139654,4.45,204.5053809896296,230.22373220474765,230.82487421334253,230.82487421334253,0.0,705.3016666664521,-0.601142008594872,4.450000000000001,210.00289552631585,0.0,705.3016666664521,336.7056810591582,70.96669100000008,705.3016666664521,298.3513265963633,90.01687074999998,705.3016666664521,336.7056810591582,70.96669100000008,705.3016666664521,254.04362283809988,196.84861400000136,705.3016666664521,250.0331742707017,198.60780475000124,705.3016666664521,333.88449674753235,138.77656871874896,705.3016666664521,249.9900416321365,197.16216275000136,705.3016666664521,366.2751356424916,335.85835607552997,317.7249386740459,471.40158449078547,318.4602168310493,332.1409427779704,332.7864262498689,336.06387867143377,437.83256442922544,366.2751356424916,391.70806704701107,True,0.07734052511415526,0.1713404798804477,0.41282260953917627,0.0,0.06526527777777778,0.0734375,0.2223173481234736,0.3250753146293306,0.610581373665971,-0.0786043493989328,0.29143885497497785,0.25678031166199217,104.84538150001026,0.4166666666666667,cached,,,,,,,,
AU_H24_pvnaive,Ausgrid 172,718.0561547833407,461.15567897647895,581.0268099628388,3466.299,3268.9113477008314,4105.726897786646,467.297,42.632226738227196,873.093801738582,460.35415629835245,460.35415629835245,0.0,705.3016666664521,0.801522678126496,5.592,225.35206657894736,580.2769873130252,580.2769873130252,0.0,705.3016666664521,0.7498226498136218,5.592,231.29139500178758,460.2947618955527,460.8959039041476,460.8959039041476,0.0,705.3016666664521,-0.601142008594872,5.591999999999999,225.39901236842107,0.0,705.3016666664521,647.9551749937156,40.30952950000021,705.3016666664521,515.2324201163101,113.28433624999998,705.3016666664521,647.941983074421,40.30952950000021,705.3016666664521,481.8849724623568,205.9240697500024,705.3016666664521,477.40752538242003,208.09056225000217,705.3016666664521,539.2170137670378,172.56256802730678,705.3016666664521,480.14402935816247,205.1912462500024,705.3016666664521,664.7376203660878,562.4342268871434,554.2110170490615,718.0561547833407,555.0523733843737,565.6403819623301,564.1119263199209,567.6866681915245,677.3982245469169,664.7508122853823,611.1180837784156,True,0.0659002283105023,0.1567959191878813,0.4383710396244483,0.0,0.061547222222222225,0.05029444444444445,0.31242991342573534,0.4619820890791877,0.6341416040417708,-0.10003767760176241,0.44612335100208644,0.4288495193582569,107.4338832909998,0.4166666666666667,cached,,,,,,,,
AU_H24_pvnaive,Ausgrid 179,732.4252124352136,482.6529083090712,593.793819207598,3448.159,3295.559910020776,4115.366104744062,403.714,18.73163000000005,835.282759733388,482.22725758158197,482.22725758158197,0.0,705.3016666664521,0.42565072748928096,5.7620000000000005,228.49720131578948,593.0560841226161,593.0560841226161,0.0,705.3016666664521,0.737735084981817,5.7620000000000005,233.18832244039453,482.13622630948095,482.7373683180758,482.7373683180758,0.0,705.3016666664521,-0.601142008594872,5.7620000000000005,228.81665289473685,0.0,705.3016666664521,660.4187156089893,36.81518850000009,705.3016666664521,536.5872235701399,112.27625075,705.3016666664521,660.4187156089893,36.81518850000009,705.3016666664521,497.4641666405215,212.08914825000056,705.3016666664521,494.1383272130153,213.36428250000085,705.3016666664521,562.5778767280159,166.66031821808542,705.3016666664521,496.56622676968163,210.83122375000045,705.3016666664521,675.7583774839893,583.3689947159733,577.4764983489547,732.4252124352136,577.8600755239835,584.4125699988485,583.0401115880156,585.8346450780217,690.955620224429,675.7583774839893,632.0196759855514,True,0.0665607305936073,0.14737419989442027,0.44070725157346313,0.0,0.0531888888888889,0.046038888888888886,0.3310780834877045,0.5037280548121171,0.6640540273210723,-0.10205794336517804,0.6740484434036963,0.5963645115305581,106.45942837500479,0.4166666666666667,cached,,,,,,,,
AU_H24_pvnaive,Ausgrid 180,610.4112181154017,368.5378415063361,487.8156804276376,3270.559,2607.0043970013853,3496.6741347767534,1022.7570000000001,143.7747238781164,1025.0552231618312,367.75867709238895,367.75867709238895,0.0,705.3016666664521,0.7791644139471781,6.069999999999999,213.6975897368421,487.1441898491523,487.1441898491523,0.0,705.3016666664521,0.6714905784852295,6.069999999999999,221.34746233663617,365.945295176386,366.5464371849809,366.5464371849809,0.0,705.3016666664521,-0.601142008594872,6.069999999999999,212.80912526315788,0.0,705.3016666664521,477.0818651795464,84.98097475000002,705.3016666664521,453.9511097389062,82.26750749999998,705.3016666664521,477.86744366884665,84.49004990288313,705.3016666664521,401.1866197574341,191.208795750001,705.3016666664521,398.6509159732836,191.76779075000107,705.3016666664521,467.99554918690905,167.80624260562251,705.3016666664521,398.895676297442,189.86055925000105,705.3016666664521,513.0716311283813,488.2292378639062,454.61576403603516,610.4112181154017,457.578503896687,478.0042426516091,478.55416211911734,480.8569513199345,580.0437897345694,512.4906046587131,537.9148169392518,True,0.08772294520547945,0.20839019698851777,0.43797900649912824,0.0,0.051319444444444445,0.051533333333333334,0.3478377416878635,0.5315210629705134,0.7613183314246235,-0.1757573368376495,0.7751238466446456,0.4448144565936968,105.86944916700304,0.4166666666666667,cached,,,,,,,,
AU_H24_pvnaive,Ausgrid 204,687.9388453519954,385.17684906840555,490.13114844118655,3410.782,2782.148892756233,3505.493717882391,906.307,18.89249584487543,745.3940735471126,384.66556197056906,384.66556197056906,0.0,705.3016666664521,0.511287097836481,5.826,254.63540157894735,489.4154088335226,489.4154088335226,0.0,705.3016666664521,0.7157396076639552,5.5840000000000005,252.5550579395771,384.9604363637509,385.56157837234576,385.56157837234576,0.0,705.3016666664521,-0.601142008594872,5.825999999999999,254.2828744736843,0.0,705.3016666664521,522.2217258259034,82.17420675000008,705.3016666664521,457.3394493725116,117.91960000000013,705.3016666664521,522.2217258259034,82.17420675000008,705.3016666664521,404.77109130575235,239.83541324999933,705.3016666664521,400.07884621208603,242.5181527499996,705.3016666664521,493.63479490433184,192.22832555181728,705.3016666664521,402.61755051713925,238.53465949999963,705.3016666664521,556.4609786384034,506.4726160391783,490.91163406111934,687.9388453519954,491.2749330596336,502.00699197547243,501.1280765245859,504.70251349325207,595.362422582677,556.4609786384034,573.7299305509224,True,0.11534303652968038,0.2532088914198392,0.4362945716484203,0.0,0.1004611111111111,0.10059444444444444,0.2194836587394678,0.386150461943238,0.3988664005639707,0.054969029154048776,0.20985879967434565,0.2222312870014075,88.92476554200402,0.4166666666666667,cached,,,,,,,,
AU_H24_pvnaive,Ausgrid 21,1636.307974369511,1307.6226801210169,1428.235480313641,8193.731,8146.254707396122,8983.518325056008,321.28099999999995,9.130953947368482,844.2148536787489,1306.8458359042959,1306.8458359042959,0.0,705.3016666664521,0.7768442167210223,7.899999999999999,261.66965315789474,1427.4339576355144,1427.4339576355144,0.0,705.3016666664521,0.801522678126496,7.899999999999999,263.9136387778417,1307.3934532516787,1307.9945952602736,1307.9945952602736,0.0,705.3016666664521,-0.601142008594872,7.899999999999999,261.3535084210527,0.0,705.3016666664521,1572.7217036780032,29.375610249999973,705.3016666664521,1353.6777128682643,167.72080375000007,705.3016666664521,1572.7217036780032,29.375610249999973,705.3016666664521,1324.6590180639373,240.3229255000008,705.3016666664521,1321.6367652337588,243.00667175000072,705.3016666664521,1365.1920809971352,266.91662787775954,705.3016666664521,1325.7338397656324,237.51758000000078,705.3016666664521,1584.96154128217,1423.561381097431,1416.2907484271173,1636.307974369511,1416.6517022701396,1424.6994980989662,1422.8895451295923,1424.7935703556043,1538.199496471075,1584.96154128217,1476.4073426128684,True,0.08179817351598173,0.19564628179423363,0.5099742006654449,0.0,0.06612916666666667,0.06309444444444444,0.6933723693453272,0.9461894803983318,0.6546942159105006,-0.02959424470388128,0.6033696826849098,1.0328144355352655,108.73574979200203,0.4166666666666667,cached,,,,,,,,
AU_H24_pvnaive,Ausgrid 223,673.556349807724,416.87994794306843,561.1494923564704,3304.7740000000003,2855.8390823614964,3922.675567979304,723.391,65.04313837257624,1092.6524670680583,416.10183816422403,416.10183816422403,0.0,705.3016666664521,0.7781097788443802,6.716,207.8319494736842,560.4093872017321,560.4093872017321,0.0,705.3016666664521,0.7401051547383595,6.716,245.8682397068788,414.38233290916344,414.9834749177583,414.9834749177583,0.0,705.3016666664521,-0.601142008594872,6.716,206.87186631578953,0.0,705.3016666664521,557.356983394381,64.5855217499998,705.3016666664521,479.5018500191543,105.62070149999984,705.3016666664521,557.5569452290799,64.39202813806244,705.3016666664521,445.3605019030209,188.148345500001,705.3016666664521,442.23184219950474,189.4088860000009,705.3016666664521,503.10037418201415,157.3975519922538,705.3016666664521,442.6670107354735,187.08425800000083,705.3016666664521,584.3869569532726,523.5104756441542,500.5789438740758,673.556349807724,503.4765935571035,520.6187849021405,521.1522113661717,523.7556458613547,663.5945922343366,584.2676174568809,568.6826875121199,True,0.06120593607305936,0.13847599234748603,0.409650742035647,0.0,0.037562500000000006,0.04199166666666667,0.3736769904459165,0.5939819898857646,0.8414471787050918,-0.12263534026752221,0.6712649005796805,0.45653922873188213,107.18533091599238,0.4166666666666667,cached,,,,,,,,
AU_H24_pvnaive,Ausgrid 240,563.7713099670804,372.9286877341218,506.78800962251125,3184.9710000000005,2695.1521229085874,3657.2783937885088,821.888,128.79785277008313,1108.1361288817657,372.586142252733,372.586142252733,0.0,705.3016666664521,0.34254548138879726,3.076,199.72701894736844,506.3822929765113,506.3822929765113,0.0,705.3016666664521,0.40571664599996965,3.076,183.26392365728702,370.7258945028819,371.32703651147676,371.32703651147676,0.0,705.3016666664521,-0.601142008594872,3.0759999999999987,199.17042868421058,0.0,705.3016666664521,459.30152689187713,67.97477850000001,705.3016666664521,455.02508038728126,54.59796874999993,705.3016666664521,459.7070468498854,67.72060919179093,705.3016666664521,398.9763169152561,183.17275049999967,705.3016666664521,394.213249104069,184.51688874999974,705.3016666664521,463.1621515166215,133.51809937533784,705.3016666664521,395.03980731903584,182.6157502499997,705.3016666664521,487.92396734646496,477.77423403311457,453.71357312130294,563.7713099670804,456.14827896219197,471.1297032565357,471.0952860832356,475.29829629025596,583.1479778130475,487.6243512668771,518.7946929230122,True,0.061999315068493155,0.14311268191892498,0.40130755947600094,0.0,0.04243333333333333,0.03393472222222222,0.34028557051604824,0.4777784842405006,0.8020843574450691,-1.1817679840563797,0.600745245640354,0.43765832981450503,87.86881395900855,0.4166666666666667,cached,,,,,,,,
AU_H24_pvnaive,Ausgrid 247,585.6875936635045,392.3338633456457,518.2176590147455,3099.6980000000003,2885.5830959833797,3827.249404511518,455.286,21.646035318559612,952.9918300348465,391.96938145411866,391.96938145411866,0.0,705.3016666664521,0.36448189152699606,5.526,215.67085263157895,517.5623572533548,517.5623572533548,0.0,705.3016666664521,0.6553017613907877,5.526,227.14272175512116,391.6496633691702,392.25080537776506,392.25080537776506,0.0,705.3016666664521,-0.601142008594872,5.526,215.2571260526316,0.0,705.3016666664521,513.7636371175895,41.46956149999998,705.3016666664521,462.4832132362314,67.74190000000023,705.3016666664521,513.7636371175895,41.46956149999998,705.3016666664521,410.55238675186,202.37342199999978,705.3016666664521,407.6855168666396,204.11990849999967,705.3016666664521,476.54204284757316,141.86263170010847,705.3016666664521,409.0670181193224,202.09365324999965,705.3016666664521,531.0426210759229,490.70900490289813,481.3401325577667,585.6875936635045,482.19671860880356,493.27270697348894,492.73547874163944,494.8746459185266,612.860459746046,531.0426210759229,535.6514727226183,True,0.05957431506849316,0.13802566021110832,0.46231019114430566,0.0,0.030659722222222227,0.03442777777777778,0.3167813705285906,0.4602639136206781,0.7354425185299268,-0.09680646313549102,0.4800647109001793,0.48314197708936796,88.20058241600054,0.4166666666666667,cached,,,,,,,,
AU_H24_pvnaive,Ausgrid 249,1172.8472353629602,809.8666869854021,903.2667121980396,5669.514999999999,5364.082670997231,6016.128523697334,591.292,15.159975069252104,663.50039197961,809.1303407566286,809.1303407566286,0.0,705.3016666664521,0.7363462287735784,4.91,267.34390210526317,902.4651895199131,902.4651895199131,0.0,705.3016666664521,0.801522678126496,5.215999999999999,271.27166680188424,809.6378958326138,810.2390378412086,810.2390378412086,0.0,705.3016666664521,-0.601142008594872,4.91,266.9846297368422,0.0,705.3016666664521,1061.7807277161464,53.74410299999996,705.3016666664521,856.2646647658667,174.2965437499998,705.3016666664521,1061.7807277161464,53.74410299999996,705.3016666664521,827.5416575562086,239.7872787499992,705.3016666664521,821.240507620445,242.17057074999911,705.3016666664521,874.1113248398536,252.6725816805304,705.3016666664521,825.9293917382637,237.96843524999912,705.3016666664521,1084.1741039661465,928.8882246617,920.8814915562981,1172.8472353629602,921.2599795292617,925.0829064257633,922.1449120996112,927.4530237020416,1016.2965733654914,1084.1741039661465,979.3915672067413,True,0.08682340182648403,0.20675060362779263,0.37797875073737297,0.0,0.057612500000000004,0.060909722222222226,0.38253414165205846,0.5383692668521257,0.4726084582230131,-0.16488662979261193,0.4615680359723974,0.4833456317418819,108.63498204200005,0.4166666666666667,cached,,,,,,,,
AU_H24_pvnaive,Ausgrid 261,496.71648869267403,314.34724398520206,435.43291713376016,2636.215,2330.917932783934,3276.5501808360978,530.0060000000001,25.690079785318616,951.7393943610572,314.014401146759,314.014401146759,0.0,705.3016666664521,0.3328428384430554,4.921534626038781,195.53639657894738,434.7426924103104,434.7426924103104,0.0,705.3016666664521,0.6902247234497696,4.778,216.35727374163199,313.49560155030304,314.0967435588979,314.0967435588979,0.0,705.3016666664521,-0.601142008594872,4.921534626038781,195.7431463157895,0.0,705.3016666664521,416.457540356312,48.21304150000012,705.3016666664521,382.7732879066695,62.05418600000006,705.3016666664521,416.457540356312,48.21304150000012,705.3016666664521,335.3041310870932,183.4269987499999,705.3016666664521,333.897963395459,183.97628449999988,705.3016666664521,399.6169391548919,123.97670872044719,705.3016666664521,334.65806836741484,182.44773824999987,705.3016666664521,436.5463076479787,408.6291987400029,395.0552458485487,496.71648869267403,395.82074255976346,410.6779593049148,410.5547486037923,411.7320472329265,525.5817811927735,436.5463076479787,451.27390112174487,True,0.06943139269406393,0.1522148738074541,0.42335389943953644,0.0,0.05272361111111111,0.05581111111111111,0.27801331236800964,0.45368861958550516,0.6874064824558584,-0.1525149442144722,0.4219985224478972,0.3692415154211128,106.42934362500091,0.4166666666666667,cached,,,,,,,,
AU_H24_pvnaive,Ausgrid 27,988.0321373269044,691.2070429948906,801.0144675426546,4741.581,4500.245907001386,5328.6559419884625,554.73,74.05675583102497,877.0144456830083,690.4285113620051,690.4285113620051,0.0,705.3016666664521,0.7785316328854993,6.5920000000000005,236.99189763157892,800.2129448645281,800.2129448645281,0.0,705.3016666664521,0.801522678126496,6.5920000000000005,261.9035605027502,690.5608973319175,691.1620393405124,691.1620393405124,0.0,705.3016666664521,-0.601142008594872,6.592,236.61996131578954,0.0,705.3016666664521,894.9700545660112,45.817664250000014,705.3016666664521,744.2149561505784,134.69423224999974,705.3016666664521,894.9931866769198,45.8022146591163,705.3016666664521,709.5340890647994,214.71272025000286,705.3016666664521,705.4584594649615,217.98293450000284,705.3016666664521,761.2070384116535,216.5666480697975,705.3016666664521,708.2409242081525,213.63005800000283,705.3016666664521,914.0774427848849,800.3375529214115,789.1525478801632,988.0321373269044,789.9536670080485,797.2534483748203,796.284682173296,798.9977225023007,910.1409510854672,914.0607480035112,851.4431417740691,True,0.069912100456621,0.1549054093463132,0.40842035626328344,0.0,0.05866944444444445,0.05844027777777778,0.39117025684857254,0.5626317970685518,0.6026089537056212,-0.1357889630632152,0.5504054082982139,0.5979458929548044,107.88181820898899,0.4166666666666667,cached,,,,,,,,
AU_H24_pvnaive,Ausgrid 29,760.9455774228431,443.4559170775904,563.0843964419681,3680.29,2953.558176024931,3797.0771664340896,1039.942,70.71485888504161,903.7918761530805,442.67865100682826,442.67865100682826,0.0,705.3016666664521,0.7772660707621416,4.566,240.06194868421053,562.2955208458374,562.2955208458374,0.0,705.3016666664521,0.7888755961307766,4.566,250.29270498172622,442.48836043929816,443.08950244789304,443.08950244789304,0.0,705.3016666664521,-0.601142008594872,4.566,239.5187873684211,0.0,705.3016666664521,597.4197134888756,90.3545420000003,705.3016666664521,516.5249578847286,129.90818600000003,705.3016666664521,598.2644124359892,89.80538471097027,705.3016666664521,472.30777222697856,216.1171524999992,705.3016666664521,467.1484386518233,217.7259119999992,705.3016666664521,544.4311018352385,200.44165496565282,705.3016666664521,470.0943730779205,214.75042024999925,705.3016666664521,635.6833227322269,570.6533687180619,542.2878551761403,760.9455774228431,543.4817290293448,559.5737148487535,557.8675686518229,562.3565857686449,667.3730235176874,635.067439322209,627.9484580709271,True,0.10619566210045664,0.25651049450257263,0.44642380686388,0.0,0.035145833333333334,0.04117916666666667,0.33662094915285734,0.48444751150716586,0.6241923503781881,-0.06871152053632401,0.6427642570046475,0.43993818498658216,106.86366745899431,0.4166666666666667,cached,,,,,,,,
AU_H24_pvnaive,Ausgrid 290,909.5216123696301,638.0510023920949,754.3422497496721,4534.246,4524.126652160665,5270.25794208954,274.671,10.605337500000049,753.2408742047221,637.6006732032001,637.6006732032001,0.0,705.3016666664521,0.45032918889475504,9.386,249.62749552631576,753.6331456966769,753.6331456966769,0.0,705.3016666664521,0.7091040529951559,9.386,254.29357278202133,637.8408145749612,638.441956583556,638.441956583556,0.0,705.3016666664521,-0.601142008594872,9.386,249.40910842105274,0.0,705.3016666664521,858.9133713809513,25.169057750000007,705.3016666664521,686.4194707981576,134.0846907500002,705.3016666664521,858.9133713809513,25.169057750000007,705.3016666664521,652.0291796395699,233.66473175000115,705.3016666664521,648.8548348700257,236.46747725000083,705.3016666664521,712.970934264438,197.3052080602717,705.3016666664521,650.576200707643,232.03601600000107,705.3016666664521,869.4004787767847,742.288091943991,741.7612764170665,909.5216123696301,742.0624588613931,747.2578740409767,747.3829503908594,749.3894845354037,860.2979050755143,869.4004787767847,795.1814376228846,True,0.06464874429223745,0.14364186264176732,0.4323162139095891,0.0,0.037880555555555556,0.03361805555555556,0.3746286309533978,0.6166716889168476,0.589230260323011,0.05365710816831171,0.31756489268348287,0.4379817406511955,105.92789895900933,0.4166666666666667,cached,,,,,,,,
AU_H24_pvnaive,Ausgrid 5,693.2340040055082,449.0610924161802,560.8406696265007,3203.059,3034.4543565512467,3730.8151663779554,493.563,114.46414898199446,802.9351893168102,448.2705379431228,448.2705379431228,0.0,705.3016666664521,0.7905544730573971,5.896000000000001,208.94608078947368,560.1136698245816,560.1136698245816,0.0,705.3016666664521,0.7269998019190465,5.896000000000001,216.3241047558795,447.5460468446358,448.14718885323066,448.14718885323066,0.0,705.3016666664521,-0.601142008594872,5.896000000000002,209.01342973684214,0.0,705.3016666664521,622.7630045733109,37.59595399999919,705.3016666664521,499.34791340012384,108.3978994999998,705.3016666664521,622.759109748307,37.59541240191485,705.3016666664521,463.50778369615045,189.8841952500053,705.3016666664521,461.38788971469205,190.87549975000542,705.3016666664521,521.9716955901952,163.32189022844892,705.3016666664521,463.17918741364355,188.31242650000542,705.3016666664521,638.4238649157714,544.5137048584571,534.6349759016533,693.2340040055082,536.1219594117943,541.6426984553125,540.919347943861,542.6261983836526,650.9757132747839,638.4279854066439,590.0224831853823,True,0.05862796803652967,0.1305434172601374,0.40629415329311375,0.0,0.04412222222222222,0.05050555555555556,0.3175822471555441,0.514922947697454,0.7001333527993215,-0.15626670956538358,0.22591365500657443,0.567043674586579,87.76940562500386,0.4166666666666667,cached,,,,,,,,
AU_H24_pvnaive,Ausgrid 65,1028.4638662270468,704.5880597930882,832.7641487441789,4949.204,4438.833068427978,5323.139670576897,790.739,24.85924055401667,906.7115283936016,704.1816034244698,704.1816034244698,0.0,705.3016666664521,0.4064563686183574,7.02,250.9363302631579,831.9626260660524,831.9626260660524,0.0,705.3016666664521,0.801522678126496,7.300656851215699,255.25126674269723,704.0262853129799,704.6274273215747,704.6274273215747,0.0,705.3016666664521,-0.601142008594872,7.02,250.78874684210533,0.0,705.3016666664521,893.7376826082135,71.74419474999988,705.3016666664521,767.5512421888121,137.48929175000006,705.3016666664521,893.822176497856,71.69521807801831,705.3016666664521,726.27581857273,230.04108399999956,705.3016666664521,721.8850181151615,232.5222377499993,705.3016666664521,793.4252019178128,211.959765081563,705.3016666664521,724.752791049715,228.50842774999956,705.3016666664521,923.6951840303636,824.8384470846455,808.5215964971904,1028.4638662270468,809.144864069404,819.9646359455481,818.7692838443279,822.1262702393965,939.1188432203028,923.6310970873801,881.7417707017975,True,0.10972111872146119,0.24245009607496135,0.42520999332427606,0.0,0.10641805555555554,0.09510555555555555,0.41237207755474187,0.6431886652119221,0.5627728701205439,-0.06341346936635195,0.7606151664215816,0.751653052404559,109.61457766700187,0.4166666666666667,cached,,,,,,,,
AU_H24_pvnaive,Ausgrid 66,421.3794680075512,184.05434441937277,306.2969335110554,2171.043,1525.4351439681443,2262.480065478794,1009.2339999999999,158.9504479570639,903.3769129245239,183.3920335748156,183.3920335748156,0.0,705.3016666664521,0.6623108445571573,3.5500000000000003,202.65235157894736,305.8286683644673,305.8286683644673,0.0,705.3016666664521,0.46826514658804164,3.5735115329876592,194.51528202434133,182.4910425678118,183.09218457640668,183.09218457640668,0.0,705.3016666664521,-0.601142008594872,3.5499999999999994,202.51697815789475,0.0,705.3016666664521,276.66198142500747,80.03942649999928,705.3016666664521,259.5383817616244,87.3371000000001,705.3016666664521,276.9919263029922,79.8552013605791,705.3016666664521,214.4869367281427,187.01038750000856,705.3016666664521,213.58526486427274,187.1515102500087,705.3016666664521,291.71669177853715,140.56625511933578,705.3016666664521,212.82935009466098,186.26682425000848,705.3016666664521,310.2649268699002,295.92884009495776,266.87311680026795,421.3794680075512,268.49282424393414,290.4405268654979,291.5650608017764,292.4079315198129,387.34496768786425,310.0117424666738,350.28596474492707,True,0.07944417808219179,0.19011900562902664,0.3870138421216245,0.0,0.05101527777777778,0.05054305555555556,0.20693777544179143,0.30947691027934565,0.6124206466688332,-0.1558182321054462,0.16095183382205017,0.26665102776284433,105.67898045798938,0.4166666666666667,cached,,,,,,,,
AU_H24_pvnaive,Ausgrid 67,801.956361678157,407.075898688549,541.9708995961425,4470.205,2788.0464837049867,3593.395455200136,2399.488,456.9112741343491,1261.5962889306368,406.2743760104225,406.2743760104225,0.0,705.3016666664521,0.801522678126496,3.826,257.6433836842105,541.2460714679979,541.2460714679979,0.0,705.3016666664521,0.7248281281446195,3.774,257.91689485528565,406.7766038209163,407.3777458295112,407.3777458295112,0.0,705.3016666664521,-0.601142008594872,3.826,257.1539821052632,0.0,705.3016666664521,476.64754541455443,177.70860800000028,705.3016666664521,502.41994341967415,141.81140000000025,705.3016666664521,483.793404047809,172.44892512572935,705.3016666664521,434.72760683894114,238.6361937499999,705.3016666664521,430.5232026254064,241.12322299999983,705.3016666664521,533.2267956994114,236.82156364861072,705.3016666664521,431.97366418524115,238.86144424999992,705.3016666664521,555.6471228501963,561.5080267530076,513.924096364776,801.956361678157,514.42730855697,531.4992659560744,530.9912122087396,534.1593542347745,649.4362724525116,550.6927987478879,631.9024472196659,True,0.21530205479452055,0.46619094947227685,0.4070226308558791,0.0,0.1879875,0.20674722222222222,0.286621795830487,0.3970806891353592,0.3744969491999403,0.14324592081527698,0.2802343838243035,0.2921953249824256,89.34128620800038,0.4166666666666667,cached,,,,,,,,
AU_H24_pvnaive,Ausgrid 81,363.59569486715895,182.58050988635938,332.8010737097655,2470.9849999999997,1455.3336699445988,2707.619555589383,1453.213,241.33508943213303,1471.576235147183,182.1000181335246,182.1000181335246,0.0,705.3016666664521,0.4804917528347784,3.712,193.53461421052629,332.4158195966924,332.4158195966924,0.0,705.3016666664521,0.38525411307309776,3.7119999999999997,214.5503982498006,180.04402522382918,180.64516723242406,180.64516723242406,0.0,705.3016666664521,-0.601142008594872,3.712,193.84081157894738,0.0,705.3016666664521,217.10767056905019,113.83088499999812,705.3016666664521,298.2387141681192,32.21870000000034,705.3016666664521,217.92704641117706,113.39322346315605,705.3016666664521,221.1171591318573,170.280169999998,705.3016666664521,218.80619950358127,171.540199749998,705.3016666664521,308.1032802140727,68.38487144015491,705.3016666664521,219.16313096993065,169.8195864999979,705.3016666664521,265.17422285415876,311.66317250145266,260.8110300483906,363.59569486715895,263.2199324740787,289.92129201159645,290.2812827327471,292.0672299651898,422.1970729805157,264.53720598571607,336.59697664747057,True,0.1042615296803653,0.2389886047416216,0.4697706930232701,0.0,0.07569166666666666,0.07316805555555556,0.33778468679976026,0.5156546680722263,0.9989925166108257,-1.5748830956841249,0.24148890767877637,0.1551041135279704,106.29123016601079,0.4166666666666667,cached,,,,,,,,
SI_H24_pvnaive,Ausgrid 1,246.6468635951979,135.8969173896438,210.61307626894316,4017.9990000000003,2064.810874889197,3401.363444191723,3862.8379999999997,1670.4129874584487,3008.221531506805,135.55394303220038,117.23891624430046,18.315026787999997,105.5737892034041,0.34297435744340304,5.646,237.00517236842106,210.27010191149975,197.30862167879968,12.961480232300003,139.6017473189957,0.34297435744340304,5.335999999999999,235.7814021032529,125.63061681561771,125.88784758370026,118.16700576800017,7.7208418158,81.15154885808465,-0.2572307680825523,3.934,238.7273515143367,0.0,138.35726363029914,138.02348883004333,200.65038574999986,122.7857135741009,219.85269368196404,54.285699999999984,117.15892651669868,144.14785214464374,190.1223361742029,123.25689174360663,149.8318239404432,203.21798258000018,122.73816660150332,140.32041863374354,218.7404712055003,122.12907804599813,226.1252973309298,171.66521681630132,119.13976701271018,143.5066402068437,209.72526447359155,122.9057296394872,346.6223839608349,359.6306618653294,306.25189547134266,385.0041272254971,340.22286174655665,353.7978967103274,353.5913596820335,357.24414995027996,448.45707446429424,344.4135297999775,416.7922380170989,True,0.26013561643835614,0.5886205594554939,0.4449404741565894,0.0,0.15888055555555555,0.16864027777777776,0.4411655081941924,0.5977996759183118,0.7323889303504804,-0.1022459428209237,0.7002926082811354,0.5142092047243848,89.84861600000295,0.4166666666666667,cached,227.76638319733723,31.52679549124999,99.66995291252896,169.3369138623775,150.63285571606428,107.97542815540504,340.57250089788704,340.076031899476
SI_H24_pvnaive,Ausgrid 104,1020.516493422599,991.9148527683418,1034.7899859169393,12190.554,11983.61040403047,12795.575899410489,382.53499999999997,11.230000000000034,821.5732149641692,991.5718784108984,941.805912551799,49.765965859099985,234.4781670265127,0.34297435744340304,12.39684210526316,164.0495731578947,1034.4470115594959,988.4548289574974,45.99218260149998,240.3558630448165,0.34297435744340304,12.39684210526316,165.63025664000475,982.9425647870036,983.1966929909973,943.1351434458977,40.061549545199995,198.6898135172504,-0.2541282039938374,11.16,171.4399780481922,0.0,251.94389472518054,999.4519916746403,34.90378374999993,249.18401565206287,1007.882043000944,135.41043049254975,226.41705312402212,999.4519916746403,34.90378374999993,249.18401565206287,1000.91743033974,64.15393945000002,249.38038212314908,1000.6447499292409,56.3003259499999,249.3554984191984,1004.3039681248387,225.78010648775586,224.1891261075272,999.7415940534388,59.92476749999993,249.37726757364274,1263.1792505558699,1290.7201088301954,1253.0657024910006,1272.4603881477794,1294.747008610644,1274.0875147520815,1273.4587174942726,1277.0286205670557,1344.158455895091,1263.1792505558699,1322.5681386022643,True,0.0906587899543379,0.2028092626877862,0.38416413917872366,0.0,0.07855277777777776,0.07845694444444444,1.2231796807515634,1.8089353565694213,0.7722400595319993,-0.327015952271718,0.9467490767036093,0.7840368972809517,108.64970762499433,0.4166666666666667,cached,1002.9116605578548,46.452339222001314,228.46786937178067,993.0303574597771,71.65328019151804,229.9968769925394,1250.734671272136,1252.882767865449
SI_H24_pvnaive,Ausgrid 113,377.08062869440147,327.51493496184474,371.3521606615445,4569.722,4000.55287900277,4744.734864330763,768.287,30.329387541551313,777.982089044935,327.17196060440136,310.60213606870053,16.5698245358,112.86179739750959,0.34297435744340304,4.79,168.36314552631578,371.0091863041011,356.1341845334014,14.875001770400003,119.798671098593,0.34297435744340304,4.79,164.98142207337136,323.53448267851905,323.7917134466016,311.25086108590057,12.540852361199999,84.87506234940624,-0.2572307680825523,4.316,175.39949905322686,0.0,141.14071361440222,338.6624458303453,69.38438150000005,134.04217046079438,347.16013804174565,94.77375429999996,122.89642552548423,338.67243833674524,69.36596428543727,134.04217046079438,340.31376937214515,94.04448390000024,133.65346025502146,339.7610993720451,89.8600343500001,134.3982155867968,349.88994400434404,221.2727158335968,106.91962525209253,338.3010695750447,91.46311669999992,134.72779244249418,501.61709391647184,509.5456278588965,481.4926696334365,518.2213423088037,510.5280429953192,511.13849397587217,511.6009959380086,513.1524312521667,559.8930909573755,501.61477524947304,549.0065341871019,True,0.09658116438356165,0.22277371394662068,0.4147300691567272,0.0,0.10434583333333335,0.09544027777777778,0.31167273781893506,0.44933695159103254,0.46739393894105047,0.07052046595837458,0.37560888170978995,0.3888861479156169,91.65129520899791,0.4166666666666667,cached,359.25630907817197,27.472865956376715,102.85722315692236,331.7225586500831,86.56573865200666,98.04418516571674,473.56055971691796,465.8358015874693
SI_H24_pvnaive,Ausgrid 127,319.5697555875013,292.20763093474363,330.02373013904287,3740.375,3604.249523704986,4205.598378078317,285.355,17.703602500000027,625.7401739356884,291.86465657730025,277.0671572192002,14.797499357999998,130.83985140098548,0.34297435744340304,4.912000000000001,132.0560257894737,329.6807557815995,312.6032297999004,17.0775259817,136.741602924105,0.34297435744340304,4.912000000000001,125.53978865179256,292.3224600209558,292.5472095379013,277.74594194490066,14.801267592900004,96.42843319318436,-0.22474951694548975,3.412000000000001,142.00195542417876,0.0,151.3490531818993,304.73280811554497,26.133288749999974,150.81810539632227,300.0976090931086,101.7690752387999,145.91544956867574,304.73280811554497,26.133288749999974,150.81810539632227,303.1813583035442,56.58283125000003,148.78650075853176,305.2995607674447,48.01039415000004,150.95232347631682,306.8792438744176,189.43392618007266,123.41117096939111,304.2622735592439,51.52668350000003,149.0148365889205,466.4397838243672,488.4168400112843,447.9183746408813,470.9188087694006,478.0708264146765,474.7465616064978,476.2562151395948,475.544038749576,519.0735783347282,466.4397838243672,509.221217418839,True,0.07109303652968038,0.1568701561496353,0.40121852147487874,0.0,0.06355972222222223,0.06722916666666667,0.27335405617507574,0.438463167437699,0.4782248888743982,0.21225066186006358,0.29041897808373307,0.28635005710279515,111.02097825000237,0.4166666666666667,cached,307.3960408580881,36.57485742955303,107.61362341080323,299.1038755248333,41.95949962771379,115.40240080241108,430.2491881978717,431.98940117212516
SI_H24_pvnaive,Ausgrid 128,371.2478020108007,350.74760289404435,381.4417724928426,4365.071,4329.098970117729,4839.753710151892,187.64,17.125000000000007,536.1436620285638,350.40462853660097,333.34953843720024,17.0550900992,114.7483138871837,0.34297435744340304,5.216,134.99571447368422,381.0987981353992,365.3280150225997,15.770783113099993,122.18415197088825,0.34297435744340304,5.216,126.84625201760136,347.7086952384594,347.67212337590075,334.3230607408,13.349062634800003,71.24486660311379,0.036571862558645384,4.488,150.544283381515,0.0,123.68431318709432,361.7557640220426,17.31451,123.44294518229341,356.15867453667886,73.08520000000011,142.48047408000667,361.7557640220426,17.31451,123.44294518229341,361.9500644121422,48.211095449999924,123.04163941270792,362.6916997313426,39.13695999999999,123.79778622878486,357.0272068343435,190.34246082770264,114.36131178611669,361.273184295142,43.10757399999999,123.91853364639215,492.4130883710027,529.0913152833523,481.68034658387114,494.932115197895,521.7441311452632,503.15320710820083,502.79655262679415,505.0796602623501,556.4785294710648,492.4130883710027,550.6978772986696,True,0.084699200913242,0.19400600717997835,0.42004692066173527,0.0,0.06436805555555555,0.0627375,0.32499874038370086,0.4459085310423622,0.4789832805689037,-0.6060021761843786,0.2753409123518385,0.3566206669924405,111.13647150000907,0.4166666666666667,cached,361.2771100879516,20.38830843205823,95.08537397219676,356.99768453040843,27.21966741783428,98.16145202940505,464.85761257350595,466.50066465057773
SI_H24_pvnaive,Ausgrid 137,439.9702491086008,396.7618695769442,442.1204000290445,5156.477,4745.786449009695,5514.01049606919,603.538,14.95755401662053,797.7449653333632,396.4188952195008,378.9669077025003,17.4519875167,151.01932966449994,0.34297435744340304,5.37,177.23117973684208,441.7774256716011,425.05595879230106,16.7214668793,153.20955248008585,0.34297435744340304,5.06,163.0412350759337,393.2918700671094,393.40872368710063,380.5629552880006,12.845768398999999,105.39859772400293,-0.11685361999121385,3.2719999999999994,182.53834876522305,0.0,159.14586104229056,409.27575021854307,54.69844450000013,158.6275826237644,413.89780356074374,120.69194319999988,164.97518862128405,409.2760573539431,54.697927159300455,158.6275826237644,410.9317485362439,82.16587289999974,157.97257383458347,410.3844985247437,76.16942275000007,158.6582534717646,416.657336247644,222.2883984127863,148.51307102389063,409.7442142999433,78.79145737499985,158.4890297789739,590.6944429607494,629.1613018486944,574.7481131099553,599.1161101508914,621.6275241317951,601.0630179851671,600.780011475675,603.1401027458272,663.263800457436,590.6943513839742,657.7905732768622,True,0.12221027397260273,0.27785833255102593,0.40088432844623534,0.0,0.07316388888888889,0.08018611111111111,0.4061999424514299,0.5750053746385867,0.4926062230564005,-0.001933155079515636,0.5925842314575029,0.4597734738258214,92.2255285840074,0.4166666666666667,cached,428.52579629266927,22.413119474587184,124.08951632040151,405.36840447124433,59.570072074436084,134.02280885880342,561.9541123941488,564.2120766943962
SI_H24_pvnaive,Ausgrid 138,460.2859668538997,406.32816652779917,448.5977235795929,5965.689,5419.106894106648,6203.8952541677345,2546.1800000000003,1822.682980602493,2592.127369695088,406.07531432379966,378.11872242229947,27.9565919015,132.40386371712898,0.25285220399953223,7.176,175.25573486842103,448.52666278369963,425.9505437728003,22.5761190104,151.9651265747952,0.07106079589326117,7.176,188.13774104591943,403.8135054403955,404.05719774700003,378.8926898012998,25.16450794549999,106.93161990912661,-0.24369230660452354,6.086,180.98755113511706,0.0,151.09980228671617,423.7919577839947,63.37994450000033,147.63280075390438,443.2822737180591,78.22248284999986,139.17106215218112,425.75897014719635,60.29639404779025,148.0068007218904,427.42233284709454,78.20007820000026,147.5955214619027,426.38345089809513,76.60355976800034,148.15867394980697,435.6165180198958,153.32399934846472,131.86581930412547,425.7268865393954,73.46344345000034,147.74170893717402,598.8892683889993,615.0460370577401,586.1566049891542,611.3857691406158,611.7552531067703,604.0783635807362,606.4602747512356,607.6012202256641,678.9535755901879,597.8330687462326,631.3673370525482,True,0.17791860730593606,0.4630930799363466,0.38462442058951496,0.0,0.0,0.16955694444444444,0.6677767500371513,1.0742948466421849,0.7829187099789828,-0.08329070898800417,0.4660022505979051,0.22903741335546995,108.68872033398657,0.4166666666666667,cached,453.9595010645172,14.330098669060684,139.17410054877848,430.8784087773943,50.028739650413954,131.79796180991337,599.1044760587376,583.5216787749802
SI_H24_pvnaive,Ausgrid 142,228.0583538538994,138.5528113660438,202.4329763374436,3082.336,1630.8906166066486,2844.2566663938296,2034.358,382.00798489612185,1592.2600679339466,138.2098370086004,116.42458032790033,21.785256680400003,110.94185149071221,0.34297435744340304,4.948,199.65579499999998,202.09000198000018,186.5071486146002,15.582853365700002,126.76532804131055,0.34297435744340304,4.948,202.6899164480911,131.99690530902365,132.20608356450018,116.47141140500028,15.7346721594,99.52747176747214,-0.20917825547653454,3.708,201.07968269736844,0.0,156.67054134779843,146.38108769284327,151.8776704999996,127.25265807012063,190.4631416707691,74.00730000000003,112.52355240900928,147.77430345634306,149.5351125507343,127.338128698928,157.52859131574294,156.8385513499995,131.36351153411871,149.10435600814333,168.1733187742491,127.11364431970973,205.70898012694337,188.62193278307683,107.2637135271734,150.57351471764284,162.56500129999935,126.94995304550565,337.41872905141037,333.8230690797784,315.3075782003993,384.7288952016978,332.68457744008936,345.25888497148156,346.2902164837902,354.24149924569474,413.65243623212547,336.91610847129704,391.56516564706544,True,0.1505166666666667,0.33329972250638173,0.43432428248144644,0.0,0.13086666666666666,0.11827083333333334,0.29258683783447537,0.4516744282580489,0.627618451161031,0.0953477695079753,0.5283015098668837,0.43544410328374566,110.47581899999932,0.4166666666666667,cached,210.16736052422917,31.279605687050037,111.13190860080691,163.88850632988058,115.1049149441347,112.40473153299,334.3324381613069,324.25361908959337
SI_H24_pvnaive,Ausgrid 148,513.7954667500998,453.04666244084325,517.8114855465435,6218.915000000001,5433.789361052632,6539.264871638123,988.8919999999999,26.722054390581768,1124.3286848682085,452.70368808339987,426.4162184939005,26.2874695896,182.93203803911248,0.34297435744340304,6.418000000000001,176.40727315789474,517.4685111891001,491.1854882623005,26.283022927,195.87289636718864,0.34297435744340304,6.572,184.07438710914744,450.3577961308175,450.61502689890006,427.0994783738002,23.515548524999996,151.42466192653225,-0.2572307680825523,5.072,179.9382834868421,0.0,207.4358223007178,462.5951414970425,89.24803975000019,202.46381132361307,480.2690996875968,91.03721804999998,197.63190443459624,462.60522311254243,89.23087962976828,202.46381132361307,463.5229774905428,113.6516285000002,200.83491479428778,464.1297721810428,110.24253825000048,202.4782493875971,482.13637434554005,213.07470211407608,183.90040369645206,461.8206341817426,111.30743935000037,201.34283764228817,702.2485676152256,715.833178309693,676.756742843534,721.2312890508176,709.4817309624119,709.5415715531976,712.5424125061402,711.712737493164,790.3820432092103,702.2456360498223,754.8179039228571,True,0.09762899543378996,0.21556932161161366,0.43062875534427697,0.0,0.08122361111111111,0.07650833333333333,0.5834251503352126,0.8273526816045437,0.7082574698229278,-0.22670981883950425,0.9235194043558526,0.6801778422935707,108.92096783299348,0.4166666666666667,cached,493.1090836439189,28.67578034956307,176.65158458954846,455.46317385898027,91.11078351486017,176.8266768919707,681.7089100457854,670.2526772154761
SI_H24_pvnaive,Ausgrid 156,497.1830118554981,448.69352495944145,506.92431661074244,5853.852,5350.6941533241,6378.0678050616225,712.1859999999999,45.2498592520776,1076.4344527798467,448.35055060199807,418.80754186789704,29.543008734199994,179.03647015581925,0.34297435744340304,8.326,163.48141473684208,506.58134225329906,478.79966017379957,27.781682079299994,189.9400472571633,0.34297435744340304,8.326,159.76818940275606,448.3400165996625,448.5949909574987,419.5229018516977,29.072089105899998,144.82153340551534,-0.2549743578362142,7.225999999999999,170.31687814035087,0.0,202.29800510963892,462.2863889992415,62.57139699999982,198.56439670640162,471.03026824685884,72.7479000000002,193.1264380898099,462.3039779981415,62.54185734831549,198.56439670640162,463.3054193256412,89.8482972422501,199.12450908409306,463.6160670975416,83.77348625000027,198.65172422474626,461.56365451094257,228.20636850248943,178.67524954898525,462.1129481132414,85.82432025000011,198.98952953257697,686.9274819330078,694.4683313366688,664.1269158969907,699.481016965137,695.8472512556116,696.8626110833184,697.1734105931213,699.8667189273385,763.4344427857208,686.9222011223097,735.3248909359651,True,0.09040194063926942,0.21120070363190524,0.3786926817511693,0.0,0.07436111111111111,0.07308194444444445,0.5719560277795311,0.8396244597441361,0.6927180569227832,-0.662693218207661,0.7183640056823426,0.5813060046978109,110.27712941699428,0.4166666666666667,cached,478.60072326059225,35.17521210525549,166.43118701128304,455.0196569071874,85.19738175478041,175.12669934992,659.6882486490651,665.6452653215993
SI_H24_pvnaive,Ausgrid 158,461.39391510509813,371.6538008593436,413.09205874534445,6029.782,4748.450115907202,5436.09347886549,2108.627,598.1350727839335,1304.0655094211254,371.31082650190024,355.3527747066007,15.958051795,116.45181630141006,0.34297435744340304,5.1579999999999995,227.1867086842105,412.74908438790106,399.7497839247017,12.999300462899999,124.57695853769336,0.34297435744340304,5.1579999999999995,209.3685343304067,367.0873160894884,367.1576249302002,356.5628235874002,10.5948013427,84.24934850249741,-0.0703088407117991,3.776,240.21953885341014,0.0,140.94967013439648,381.9495652405434,137.93174725,127.63637295679581,428.5823661717764,87.45689999999996,128.9895165026135,384.4754034300436,133.63619600802792,127.84843040769306,385.7599579107428,161.02903517189998,127.60658786700479,382.0099228280431,159.00635611432514,127.8059899567697,423.21105894704334,256.08681209035024,115.2323203275052,383.0855836070424,159.28116024999997,126.58250026659755,568.0055821744149,594.0122576743898,551.4281391142401,602.3435852394946,582.7667457791747,576.0352339778066,576.0685611657816,580.4619770993726,624.9059065873739,567.0574995515059,645.1462176455278,True,0.1362995433789954,0.36491033676956663,0.3894162168262022,0.0,0.1669763888888889,0.18259583333333332,0.35096684215654195,0.5008975991389493,0.44001188699222205,-0.6375232420838362,0.25010557443935294,0.4067895845066738,90.54543083299359,0.4166666666666667,cached,442.87154237124696,35.918874574840615,100.35649503850203,403.5439245908323,121.77997390561953,99.53554834730912,558.194235149266,553.8211287321495
SI_H24_pvnaive,Ausgrid 168,188.16745764100057,143.30742539374296,187.56495428214387,2330.559,1703.3716186842107,2500.665262806625,782.124,25.63552000000004,821.7061146688984,142.96445103629955,128.39089284239986,14.573558194199997,93.81170424220774,0.34297435744340304,3.03,129.88825,187.22197992470046,175.49561605940045,11.726363865399996,107.53038970099196,0.34297435744340304,3.0530892220968937,131.07993921111793,137.67803168642328,137.73687529019998,128.63785385149998,9.099021439000003,61.680468549909165,-0.05884360377669789,2.183307,134.1897883871595,0.0,118.17423750151079,148.1850847610434,70.96669100000008,112.99234670729676,163.11177951405065,63.64393110000007,108.05992874250626,148.1850847610434,70.96669100000008,112.99234670729676,151.37330071884367,90.68732048399988,112.29560003369882,148.56460217534365,91.67773258775006,113.17832801352222,175.05844359260524,142.42802716540731,94.8709850801927,148.72543791344364,91.5848707017499,112.25506141478036,290.7468860516735,297.6900128815569,255.27091206431558,306.34169514251136,291.2392338026174,299.1408621206198,299.9419854337617,301.45528428754244,349.7119853211016,290.7468860516735,329.27443999171766,True,0.07734052511415526,0.1713404798804477,0.41282260953917627,0.0,0.06526527777777778,0.0734375,0.2223173481234736,0.3250753146293306,0.610581373665971,-0.0786043493989328,0.29143885497497785,0.25678031166199217,110.00384695899265,0.4166666666666667,cached,172.84956230307822,24.766018285120655,83.49375830161064,146.04646825202752,75.78305130024906,93.69323959879463,266.6624948901558,271.31597922592596
SI_H24_pvnaive,Ausgrid 172,300.17501360780165,272.56763721524425,309.2498977626436,3466.299,3180.921131426593,3872.46280492068,467.297,43.37564610110805,734.4252352057301,272.22466285780087,247.9352642769009,24.2893985808,126.107315894003,0.34297435744340304,4.8,138.89365236842104,308.90692340520025,290.1296998299003,18.777223575500003,134.36007817217623,0.34297435744340304,4.447588833399548,139.37311920943833,264.0314043988427,264.1999407345007,248.56172133240048,15.638219402200004,91.11585524158751,-0.1685363356579502,3.386,142.71783861355303,0.0,147.702777866415,277.45767784744487,40.30952950000021,144.97955076238958,284.9763619457158,81.31371747200004,142.60005599318723,277.4498751675449,40.30952950000021,144.97955076238958,279.92626860734396,64.04717185000001,144.31192505040227,279.2247967162443,60.2045678000002,145.09342039918778,283.9228003959426,171.47530466609695,120.4462135219966,277.681261538544,63.83164895,144.7598528586904,439.22506322160126,461.4571335522363,414.61302572941065,447.8777914742167,456.547308262756,449.03763479306775,449.40345369876553,450.9245152619129,501.68210893875255,439.2328659015012,475.81705752881294,True,0.0659002283105023,0.1567959191878813,0.4383710396244483,0.0,0.061547222222222225,0.05029444444444445,0.31242991342573534,0.4619820890791877,0.6341416040417708,-0.10003767760176241,0.44612335100208644,0.4288495193582569,110.63083945900144,0.4166666666666667,cached,287.83385382348143,30.44041795379219,110.00581065569162,271.9336440794547,50.50652356589333,123.08254434851904,410.5231719599198,416.060573247096
SI_H24_pvnaive,Ausgrid 179,295.29957393520016,266.707268324043,308.7312887437422,3448.159,3194.701008788088,3954.834109955392,403.714,21.285000000000025,773.0648396127433,266.36429396659963,250.70812738389938,15.6561665825,134.24420752437612,0.34297435744340304,4.938,129.5666239473684,308.3883143862988,294.79334345009875,13.594970935900001,138.86055028540858,0.34297435744340304,4.938,137.70569930822157,261.8946455027166,262.15187627079916,251.18589271919953,10.9659835513,99.67650728860377,-0.2572307680825523,3.4379999999999997,140.1153562526825,0.0,154.90836900410895,273.2850040899443,36.81518850000009,153.49198355898756,276.0325200419442,85.5055405,139.74227958521502,273.2850040899443,36.81518850000009,153.49198355898756,274.26405143654375,64.51449390000003,152.86918121559657,273.9566587951439,58.594156050000265,153.5042131477905,278.0898684032107,164.9947508918403,131.2414554101227,273.25735318314383,61.33173800000012,152.83972660606517,442.1166495239319,451.40210816882586,419.95255122993814,450.2079429393091,454.93756915982266,451.6519706225424,451.87510363043447,454.0142717771404,504.96921374090977,442.1166495239319,478.0791366849336,True,0.0665607305936073,0.14737419989442027,0.44070725157346313,0.0,0.0531888888888889,0.046038888888888886,0.3310780834877045,0.5037280548121171,0.6640540273210723,-0.10205794336517804,0.6740484434036963,0.5963645115305581,111.69089108299522,0.4166666666666667,cached,285.1030826984185,26.34769287725491,119.5165507523492,270.2540073357813,49.23598778264037,128.5576128625049,415.59783881629056,419.3266151077197
SI_H24_pvnaive,Ausgrid 180,276.9561230724001,221.7479420946431,274.6711982449424,3270.559,2557.564244619114,3479.3905685119194,1022.7570000000001,146.33985228531856,1059.0205648758163,221.40496773719968,200.8757722641,20.529195473099996,128.58419665281252,0.34297435744340304,5.066,163.13463868421053,274.328223887499,254.89403900909943,19.4341848785,142.04390378202427,0.34297435744340304,5.106588615739612,172.04574713261323,213.48034940567211,213.60287496409956,199.34873105019983,14.254143913900005,96.93041698158535,-0.12252555842743384,3.876,171.2034955065881,0.0,147.96227807619422,230.27142932074358,84.98097475000002,144.60524068900008,256.24347682938077,55.2548000000002,148.18517009407466,230.70205321144365,84.49004990288313,144.6070986058005,233.3959373125442,99.93980614999985,143.58808911305482,231.82990411744325,101.58390159999996,143.96492208329096,250.0204389704433,174.34621634370086,129.64041181261445,231.44340993564413,101.451536269125,145.8225150672325,410.51333927677877,427.45148025678884,381.74555618166914,424.9184011485943,418.30490486587667,419.53739844834536,418.1214518674009,418.6256123214323,488.40082999888887,410.2854094889103,452.3051075929331,True,0.08772294520547945,0.20839019698851777,0.43797900649912824,0.0,0.051319444444444445,0.051533333333333334,0.3478377416878635,0.5315210629705134,0.7613183314246235,-0.1757573368376495,0.7751238466446456,0.4448144565936968,109.17668195800798,0.4166666666666667,cached,256.90950949540036,37.77026888481206,105.14533475908316,228.34064356588848,88.2057134349554,109.694169536184,377.79245628982187,374.7871936999706
SI_H24_pvnaive,Ausgrid 204,286.6508889974005,228.08187515394258,273.88546548374234,3410.782,2683.5842865027703,3495.2724783167873,906.307,24.20397506925213,837.0678585342262,227.73890079649917,203.2821583921993,24.456742404100005,107.91903136510624,0.34297435744340304,5.12,154.83594447368418,273.54249112629896,251.9943224365986,21.548168689999997,122.30952770449643,0.34297435744340304,5.400725035956104,153.6903987624954,228.35221681396075,228.58019322319953,204.20834195519976,24.371851268,82.34609381631633,-0.2279764092387779,4.14,155.93347615814986,0.0,138.1382468375377,239.1536048700422,82.17420675000008,126.25365811879965,245.39947982817145,89.2871000000001,122.40924727290559,239.1536048700422,82.17420675000008,126.25365811879965,243.55389747094262,105.97481244999994,127.89632587701051,240.15720101374242,103.30560600200003,127.06977614596413,257.77921791158485,188.68886850820812,102.60093613242044,241.40730712354244,103.45977129999986,127.48126118110852,399.6465158013419,405.0116854344104,375.67059236283956,424.7891358349382,400.51588338308386,411.9968063463176,410.27097966053987,415.60639520211976,460.2326593392785,399.6465158013419,439.00051592242534,True,0.11534303652968038,0.2532088914198392,0.4362945716484203,0.0,0.1004611111111111,0.10059444444444444,0.2194836587394678,0.386150461943238,0.3988664005639707,0.054969029154048776,0.20985879967434565,0.2222312870014075,91.54421637499763,0.4166666666666667,cached,270.61320229124124,20.627404262644745,97.02991365011464,237.4954326804265,84.97814557973555,107.04358290642153,376.23786771745785,379.9465762450712
SI_H24_pvnaive,Ausgrid 21,693.3793528941004,668.2707718465462,704.7990546707445,8193.731,8053.885286385041,8709.20212347373,321.28099999999995,15.581630000000013,678.9973818790857,667.9277974891028,634.0962682453003,33.8315292438,216.16177530051792,0.34297435744340304,7.41,165.50356263157894,704.4560803133011,673.7303319103015,30.72574840329999,222.85604446001312,0.34297435744340304,7.6269284277366385,157.61231232298712,662.3347498012182,662.5919805693007,634.7677962809989,27.8241842884,190.57855690152783,-0.2572307680825523,6.946,168.70304931578949,0.0,248.81251839118735,676.4301397562431,29.375610249999973,245.06292714164843,683.1669534399576,126.3474183999999,225.30184476327878,676.4301397562431,29.375610249999973,245.06292714164843,678.8189446739432,60.07151039999987,242.71302021194882,677.6496462775436,51.07152974999992,245.06292714164843,673.2924980662455,230.31683985217313,217.4573179614834,676.8431183741425,55.089342252749965,244.66931574212987,933.7329045020581,961.1135558699029,923.2062439176583,942.1918712852878,953.392364910222,944.4663267215849,943.992377481692,946.5617608858919,993.3268959320022,933.7329045020581,986.7151659661342,True,0.08179817351598173,0.19564628179423363,0.5099742006654449,0.0,0.06612916666666667,0.06309444444444444,0.6933723693453272,0.9461894803983318,0.6546942159105006,-0.02959424470388128,0.6033696826849098,1.0328144355352655,108.67090250000183,0.4166666666666667,cached,677.9651240268756,29.74083993684141,209.9225970970305,666.2033626344711,39.765316981395515,214.52710612902663,900.2797377642567,897.2993508390791
SI_H24_pvnaive,Ausgrid 223,288.77947014919874,241.6971024409436,295.43637410814426,3304.7740000000003,2799.1912393074795,3714.198683848255,723.391,64.20197979224378,964.1290046494689,241.3541280835002,222.53018428730064,18.8239437962,179.70425054378623,0.34297435744340304,6.864,153.57020157894735,295.0933997507009,276.55833596100086,18.5350637899,190.14146604524018,0.34297435744340304,6.864,168.26394383471444,237.65501536021748,237.91224612830004,221.29728751710024,16.61495861099999,155.31661169239968,-0.2572307680825523,6.06,160.0960083416487,0.0,210.59999369926388,252.53812984984316,64.5855217499998,207.77136789769432,269.06128989025495,73.41409474999988,208.42134491684985,252.54874473634305,64.39202813806244,207.92303691050634,254.96669081814318,86.3643555999997,203.92220538909922,253.1014855683433,84.95995329999963,206.167083241645,263.00072248307356,167.01824668140725,186.41922171110676,253.51829439964317,86.1789839698747,206.2699553508746,487.3017933710421,508.07184095293803,459.6782971949708,499.3794638484626,485.3889369759579,495.69615973796556,494.6685493516548,494.874044373909,555.6878167511821,487.2201318100374,519.0108803114333,True,0.06120593607305936,0.13847599234748603,0.409650742035647,0.0,0.037562500000000006,0.04199166666666667,0.3736769904459165,0.5939819898857646,0.8414471787050918,-0.12263534026752221,0.6712649005796805,0.45653922873188213,111.52438008300669,0.4166666666666667,cached,268.2431813810576,27.468526180625013,166.91895561748217,246.4424744633787,68.85491539811116,172.97459128463504,446.60735624046686,448.10661383056004
SI_H24_pvnaive,Ausgrid 240,251.50553360560048,215.42328290964306,266.5145176635419,3184.9710000000005,2621.931742998615,3565.5115704080936,821.888,133.39829878116345,1075.1256144132074,215.08030855219965,198.1120937833992,16.968214768599996,77.13780047709723,0.34297435744340304,4.226,126.13633026315787,266.1715433060985,253.07349784939788,13.098045457000001,88.79869282779113,0.34297435744340304,3.862,127.94134173860758,202.27703382541696,202.53426459349953,198.15067234899942,4.3835922446,44.82542236169129,-0.2572307680825523,2.4959999999999996,135.48035215118472,0.0,90.53373555820862,213.9950076738436,67.97477850000001,86.90877370860079,234.5050814778352,35.58928065000002,87.9399541209914,214.15323257634364,67.72060919179093,87.21112846379619,218.40682590024383,80.616445631875,87.77381353541301,217.2221716794431,82.73514347200009,87.40238529268314,237.0661630459215,128.41044938776855,80.17665765162295,216.47929277804334,79.97188489299984,87.24998671669228,329.58128153671936,337.2739025363266,303.55260291676854,342.0392691638091,345.1178876630561,337.05089820015223,339.097533418793,339.7708251156048,408.6221028824195,329.2266057574444,370.7471746091147,True,0.061999315068493155,0.14311268191892498,0.40130755947600094,0.0,0.04243333333333333,0.03393472222222222,0.34028557051604824,0.4777784842405006,0.8020843574450691,-1.1817679840563797,0.600745245640354,0.43765832981450503,90.39461033300904,0.4166666666666667,cached,233.3924274005671,27.441341131231383,73.53307898250482,212.8790885968707,71.33230239941167,74.7191221015912,318.359398521085,317.3200033648834
SI_H24_pvnaive,Ausgrid 247,268.97245300130004,240.88435800514281,281.0851951376447,3099.6980000000003,2783.9294220498614,3492.1766826453913,455.286,25.13710136426595,724.4412419061116,240.5413836476994,212.23117818519972,28.310205462299994,92.65407803418982,0.34297435744340304,3.832,115.35005605263159,280.7422207802013,255.4578221186002,25.28439866140001,107.1503423344098,0.34297435744340304,4.056839151330544,124.06386533570851,231.73056329621645,231.987794064299,212.93446660749896,19.0533274568,62.031872803004084,-0.2572307680825523,3.088,123.40627178596235,0.0,114.44104248903142,245.6683876449436,41.46956149999998,112.56830953860499,250.8105746525173,46.42639999999997,109.7055355476906,245.6683876449436,41.46956149999998,112.56830953860499,247.6127064206436,65.55819025675002,112.01544716261354,246.31332720194368,61.65512450625005,112.96905673541333,249.67869962051753,143.83562935333921,93.35589249011169,246.67442238884357,61.97481650012494,111.44244708429859,375.5156811418819,379.86044353354123,345.1817160100382,383.41349549033146,381.6009593945958,383.9397096815275,384.9720191482945,386.94406619023636,439.92881469526634,375.5156811418819,402.9661043411872,True,0.05957431506849316,0.13802566021110832,0.46231019114430566,0.0,0.030659722222222227,0.03442777777777778,0.3167813705285906,0.4602639136206781,0.7354425185299268,-0.09680646313549102,0.4800647109001793,0.48314197708936796,91.91980604101263,0.4166666666666667,cached,249.7957464758341,25.504451943715097,88.46968401980732,236.82143931800167,50.96912383609977,95.93205358700186,348.8922854721894,353.9906278367118
SI_H24_pvnaive,Ausgrid 249,473.0111880555016,431.27347318484414,471.54874561944314,5669.514999999999,5277.317656980609,5978.543534068878,591.292,19.691797500000042,722.4469820321522,430.93049882740075,414.7322812370006,16.1982175901,155.01449980430468,0.34297435744340304,5.454,178.7053502631579,471.20577126199976,456.24857301239945,14.957198249500001,156.90987350591402,0.34297435744340304,5.454,177.21525583065608,426.40101000951785,426.6582407776004,416.0824234915999,10.575817286000003,116.07674308917883,-0.2572307680825523,3.96,187.4117595368685,0.0,171.06254662172006,442.86462817884365,53.74410299999996,169.860700522512,445.75238006804454,134.21695827000013,165.37412767291397,442.86462817884365,53.74410299999996,169.860700522512,444.1184755808426,82.70231394999975,169.04184405778688,444.00922119034294,75.47009379999994,169.94953827449496,446.0581413985468,230.35479236797755,156.29057838300741,443.29981949164267,78.24479745,169.1133452541121,635.1187049513555,667.0502403534585,620.5659862390586,644.0737346772216,660.748535598798,645.0151636832547,645.4046318815045,647.619617117796,702.2983090547972,635.1187049513555,698.3298832682116,True,0.08682340182648403,0.20675060362779263,0.37797875073737297,0.0,0.057612500000000004,0.060909722222222226,0.38253414165205846,0.5383692668521257,0.4726084582230131,-0.16488662979261193,0.4615680359723974,0.4833456317418819,111.00377316700178,0.4166666666666667,cached,456.4659232253284,37.451687051797414,125.10328897529324,441.25056826291814,64.43901195396134,135.66021496890625,597.1740818055372,603.760371545975
SI_H24_pvnaive,Ausgrid 261,222.14233999299992,194.803219282743,232.90914668774374,2636.215,2234.504988968144,2946.606746953953,530.0060000000001,25.714189196675928,727.3477108999011,194.46024492529958,170.86821042229917,23.59203450280001,106.4411809113201,0.34297435744340304,6.1,103.85406131578948,232.56617233030033,213.8951779017,18.670994428300006,124.9436007798306,0.34297435744340304,6.1,114.05388128343475,184.99669230841707,185.25392307649963,171.17454360859963,14.079379467900003,75.27654944979649,-0.2572307680825523,3.976,108.57578909419503,0.0,129.28602469619182,195.0841503820433,48.21304150000012,126.34327575952072,204.38638322382116,40.912963750000095,125.13828728510188,195.0841503820433,48.21304150000012,126.34327575952072,196.4500067459434,74.26055874999975,126.3429314942955,195.72499420454344,69.58176864999986,126.28696952950644,213.86038784297978,125.0067111273004,103.80168143750603,195.86182088494363,69.6943577,126.35833681612274,341.51619343323074,346.5717387380897,305.51315388079485,351.42836468919177,344.51692574230873,351.2594734093997,351.00436733821647,353.73483771940545,405.37519800233883,341.51619343323074,369.748198916861,True,0.06943139269406393,0.1522148738074541,0.42335389943953644,0.0,0.05272361111111111,0.05581111111111111,0.27801331236800964,0.45368861958550516,0.6874064824558584,-0.1525149442144722,0.4219985224478972,0.3692415154211128,110.5626482499938,0.4166666666666667,cached,207.52016158142646,23.603208707386393,96.62208736130007,188.3899162249803,59.86861334465631,103.85256048131257,313.9769192374709,317.18773226656634
SI_H24_pvnaive,Ausgrid 27,400.13778691979877,365.28427555814244,410.0391179902425,4741.581,4414.162345554016,5195.537853263859,554.73,75.41432882963991,850.0601284028337,364.94130120069906,345.0056319361996,19.935669264700003,144.27619222663014,0.34297435744340304,5.486,151.90478552631575,409.69614363279914,390.62618003709963,19.069963596,146.89319710408105,0.34297435744340304,5.486,158.46193704407625,358.93834159098594,359.1804988616999,345.3241113221004,13.8563875396,116.07906322690658,-0.24215727071393942,3.87,153.78666807752194,0.0,171.47281408289504,374.3850484641433,45.817664250000014,165.05547663808113,383.0850639803428,96.27602190999971,139.80132085180358,374.3976776713432,45.8022146591163,165.05547663808113,375.5508646356433,71.44733374999922,164.5260136124867,375.73733367234286,65.72258949999937,165.1863317564912,383.0869279777158,198.7944044655846,136.4787656790813,374.78585210974336,67.82776174999928,165.08229736286933,558.5374104173895,563.0013939613129,539.0951831835266,571.6106010026938,572.8541284207374,568.1297168684457,568.3080777205005,569.846600643963,622.958122196022,558.5312185397245,602.3966955174574,True,0.069912100456621,0.1549054093463132,0.40842035626328344,0.0,0.05866944444444445,0.05844027777777778,0.39117025684857254,0.5626317970685518,0.6026089537056212,-0.1357889630632152,0.5504054082982139,0.5979458929548044,109.89870720800536,0.4166666666666667,cached,383.3760193969362,26.6930560965413,128.4040196956027,368.80894761567924,60.504744701296104,128.31141260669727,522.9021457994311,522.3306705145833
SI_H24_pvnaive,Ausgrid 29,304.9851725481985,244.5122688279432,296.64374708964186,3680.29,2907.4191373822714,3796.1433557000973,1039.942,79.24625572022161,963.4083313746959,244.16929447049978,230.11597746180013,14.053317008499993,126.75469627721866,0.34297435744340304,4.26,186.91142315789472,296.3007727321985,284.38905948379846,11.911713248500002,137.1790402200178,0.34297435744340304,4.566,191.35658780423734,238.20068242772817,238.3913368638002,229.96794251200066,8.423394351700003,96.11344727090001,-0.19065443607204088,3.1419999999999995,191.17382939240414,0.0,150.67325627579697,253.16756583944266,90.3545420000003,146.14042307098268,273.2042950824056,98.52181904000014,145.19921073751328,253.5797182639427,89.80538471097027,146.14042307098268,259.19761560074255,108.3636028500003,144.60619776514184,254.1613032453422,109.27351258837521,145.21337941369464,276.9310155039538,204.826935522664,122.19297886600955,255.79562655444218,108.07623833312516,146.76663727408828,437.13905163116306,459.4542637532523,413.96989194546325,455.65842882399545,449.14672475428466,447.59402980066596,444.9053129041931,448.9553145533845,513.5546988947585,436.9557147437588,484.46855083774005,True,0.10619566210045664,0.25651049450257263,0.44642380686388,0.0,0.035145833333333334,0.04117916666666667,0.33662094915285734,0.48444751150716586,0.6241923503781881,-0.06871152053632401,0.6427642570046475,0.43993818498658216,109.12218258299981,0.4166666666666667,cached,286.3129427148726,30.154922892058096,114.84541872080827,256.73227585569936,91.45606023317816,123.42258173751947,413.72291264070503,418.26154935704307
SI_H24_pvnaive,Ausgrid 290,396.39215088399874,372.1884884804431,406.27692653424384,4534.246,4414.0058998337945,4967.231043748554,274.671,16.975000000000026,583.5586877233652,371.8455141229997,340.4489504245993,31.396563698300007,167.03389520160485,0.34297435744340304,7.886,137.8339536842105,405.93395217680046,373.9218954272,32.012056749500005,174.26971244438846,0.34297435744340304,7.886,124.8179366399277,369.38114201391704,369.6383727819996,341.04053150749974,28.597841274499995,129.77104439649523,-0.2572307680825523,6.386,144.14827047368422,0.0,187.64574419951342,382.49793214384033,25.169057750000007,186.6251581434727,383.1827803934595,97.01773624999987,175.33230142381225,382.49793214384033,25.169057750000007,186.6251581434727,383.60747477144105,54.864656923499965,185.6584643849874,383.32939236444076,46.92678270624996,186.54789327308615,376.7433444401363,186.29359964137208,168.56886787440052,382.55163118524126,49.993936823499986,185.04368942478823,579.6101976831463,598.939138588105,559.2139657744474,584.0378950835121,596.6531977171356,588.4261276198212,589.4301117651311,592.1262128745534,632.5541125786021,579.6101976831463,622.9345454984418,True,0.06464874429223745,0.14364186264176732,0.4323162139095891,0.0,0.037880555555555556,0.03361805555555556,0.3746286309533978,0.6166716889168476,0.589230260323011,0.05365710816831171,0.31756489268348287,0.4379817406511955,111.06585120799718,0.4166666666666667,cached,380.38869017731633,33.07643880132911,145.76291351733474,372.5610138262774,35.86795228457029,156.62346525101927,539.9334531952048,544.1294591958676
SI_H24_pvnaive,Ausgrid 5,283.05642111709966,251.3636226305431,286.51460573964397,3203.059,2945.4920939404433,3557.3643673843617,493.563,109.70647046398894,726.2259071529897,251.02064827309968,225.73365839189978,25.2869898814,119.91519463772724,0.34297435744340304,5.902,126.95399210526314,286.1716313822006,262.4495689630998,23.72206241889999,136.95998491898507,0.34297435744340304,5.54,122.42598689210585,250.22563561081674,250.4828663788993,225.78974400499962,24.6931223738,103.13048791159021,-0.2572307680825523,5.058,131.7496737827915,0.0,159.5088671769127,264.45546730134265,37.59595399999919,152.14502558010798,262.60485429644314,79.34138684999994,130.0722151876086,264.45313278554255,37.59541240191485,152.14502558010798,265.701528794843,62.47346194999924,149.96113394492835,265.62211731714245,57.01006679124923,151.85891147130067,269.1123034454429,152.1174102103075,118.8243190580052,264.7397255794425,58.66592388099936,152.5142762409203,432.26291353311507,425.7359806715517,408.2518209319034,442.56528829401236,424.17631397879666,441.69813677077923,441.2352232847969,441.69327188560436,474.4854185303398,432.26547371478364,451.3188767577429,True,0.05862796803652967,0.1305434172601374,0.40629415329311375,0.0,0.04412222222222222,0.05050555555555556,0.3175822471555441,0.514922947697454,0.7001333527993215,-0.15626670956538358,0.22591365500657443,0.567043674586579,91.28454620800039,0.4166666666666667,cached,266.9308424022795,25.17710635229126,115.45697808708074,254.64350149142123,46.27643319883872,118.42478095430084,392.87828146948164,392.3501296119049
SI_H24_pvnaive,Ausgrid 65,422.85387594019807,375.98166205824367,427.97683969054174,4949.204,4353.21374533241,5284.518788464584,790.739,31.39290849722996,958.1258187734904,375.6386877008003,343.5494212410998,32.089266459799994,177.77318925459696,0.34297435744340304,8.11,163.0697897368421,427.63386533309836,398.082555758999,29.551309574199998,183.57531724636647,0.34297435744340304,8.11,167.52468841696236,369.69621780041706,369.9534485684996,344.0528444388996,25.900604129599998,149.60543971251937,-0.2572307680825523,6.704000000000001,166.66804912264413,0.0,205.16139562292923,382.11006962824456,71.74419474999988,199.66529513972418,397.94997664127953,97.79221915000011,183.95083373958687,382.1378004965446,71.69521807801831,199.66529513972418,385.0416601781444,94.00257869962492,199.9915690005151,383.679878175644,92.38100349999996,199.3508522565056,407.4153732699817,195.21106547843652,175.10207496568017,383.1025986163445,92.86413045837483,199.27778372554118,611.6761031687764,622.6475683600331,588.7466779807048,628.0152715631273,621.7005970365249,621.0737700328752,621.5228152238162,624.2009703035033,681.3541104439759,611.6687792471354,663.8553921850105,True,0.10972111872146119,0.24245009607496135,0.42520999332427606,0.0,0.10641805555555554,0.09510555555555555,0.41237207755474187,0.6431886652119221,0.5627728701205439,-0.06341346936635195,0.7606151664215816,0.751653052404559,110.9826810839877,0.4166666666666667,cached,405.0671685651163,26.21244807464895,169.18501268100246,374.2188928112807,77.9709300769016,177.848663869759,585.1740346105559,584.5554442130821
SI_H24_pvnaive,Ausgrid 66,173.13925950230106,122.1112637662434,160.65354416294272,2171.043,1463.8214533864266,2170.605476378775,1009.2339999999999,160.9392001108035,881.1712776209089,121.76828940879999,104.9190212551,16.849268153399994,83.81469147150547,0.34297435744340304,3.0878116343490323,141.35855447368422,160.3105698054993,147.6021503657991,12.708419439899993,99.26946141920008,0.34297435744340304,3.5735115329876592,128.255321866639,116.08335148409434,116.32229607789954,104.31211506099987,12.010181016400002,61.46596252379175,-0.23894459380520314,2.6260000000000003,144.11208285184415,0.0,115.98299299061354,129.53267869664364,80.03942649999928,101.00671598768133,142.66763528738338,63.35599999999997,89.83626736667522,129.71636633934364,79.8552013605791,101.00671598768133,132.81055803784352,95.64978269250011,97.21032299069647,131.85799131864383,96.43128713650115,101.76437524207766,151.16695744338182,146.37615689736234,71.85305438849456,131.19697779264357,96.85311891791861,100.46170199378307,263.9960828939329,258.9022359873919,237.5960151961545,289.1222524929146,264.8253529351173,272.0141460022261,273.80206953426364,269.874957150415,313.36272302657574,263.8891557259914,284.01007720577735,True,0.07944417808219179,0.19011900562902664,0.3870138421216245,0.0,0.05101527777777778,0.05054305555555556,0.20693777544179143,0.30947691027934565,0.6124206466688332,-0.1558182321054462,0.16095183382205017,0.26665102776284433,108.51715670900012,0.4166666666666667,cached,149.04044080006275,31.77715236571881,74.82204206168797,126.32950199773514,81.41510339731596,72.28507760190001,237.10296301413356,232.53753934851682
SI_H24_pvnaive,Ausgrid 67,320.8568661751,212.508124017944,279.2809731594437,4470.205,2762.98484297784,3854.1090180638785,2399.488,463.58957517313024,1557.894016226895,212.1651496605006,199.39321853030066,12.771931130000002,89.36480475619132,0.34297435744340304,3.302,226.71728657894738,278.9379988020003,266.70858361800066,12.229415184000002,113.693719115195,0.34297435744340304,3.5046751095065867,223.6185658924449,207.9773430177369,208.1302707709004,200.08914110910044,8.0411296617,69.20236477949749,-0.1529277531635208,2.956,229.3551225853772,0.0,126.4584220682776,219.46634726904384,177.70860800000028,107.28827339708624,268.09729637229145,100.77640000000001,95.28597852288779,222.61672209044355,172.44892512572935,107.34205947550268,229.93731381854343,189.80131715000022,107.63473964830668,221.15548169384383,197.42681464900014,107.63334677949945,292.9993533329438,231.11040123679058,88.99681356639861,225.00726076294373,191.05984889500013,106.92069451390284,401.8125003683334,405.3734415618459,372.7443422078082,447.3152882433776,396.33846484869673,411.5362256497633,411.05000124376,416.6559356126835,486.14909472982407,400.7998739994635,478.29216741467184,True,0.21530205479452055,0.46619094947227685,0.4070226308558791,0.0,0.1879875,0.20674722222222222,0.286621795830487,0.3970806891353592,0.3744969491999403,0.14324592081527698,0.2802343838243035,0.2921953249824256,90.86980745900655,0.4166666666666667,cached,297.1136636061416,37.00167431504743,83.48519576090662,252.79001182293086,136.47405343227575,77.64798102581311,396.01622366498464,387.3021817788589
SI_H24_pvnaive,Ausgrid 81,176.62934630629977,110.70703726883161,171.50936866556526,2470.9849999999997,1400.4139463088645,2468.187167665691,1453.213,239.62870531855955,1316.0578924009728,110.6032775974999,93.33543880469998,17.2678387931,51.76446393920108,0.10375967133171358,4.232,140.5268734210526,171.40962808539962,156.4599629814996,14.949665104200001,91.05272284100532,0.09974058016562999,5.732,132.04712394978878,101.14660075541775,101.4038315235003,92.01863017440031,9.385201349099999,41.48641360300597,-0.2572307680825523,4.232,144.13189693421344,0.0,75.57806331260679,115.27350224545029,113.83088499999812,68.33215948540581,160.97386915865576,22.413299999999793,71.21032417300454,115.60774302241555,113.39322346315605,68.39071875580866,120.95105964392509,115.01185939999826,68.16968275169911,119.83158332518867,121.0979311033232,69.14579096819972,161.50607937983233,68.01761364215668,55.10206981579253,121.52458261441646,116.93967378999844,68.88345653980409,231.24563822120592,241.52306833166023,202.687971414346,252.20740961890655,221.0243651334713,239.13290323338657,239.43484558643974,237.0423504789568,317.58172648564926,231.03519714752198,244.94882154652348,True,0.1042615296803653,0.2389886047416216,0.4697706930232701,0.0,0.07569166666666666,0.07316805555555556,0.33778468679976026,0.5156546680722263,0.9989925166108257,-1.5748830956841249,0.24148890767877637,0.1551041135279704,109.93983091699192,0.4166666666666667,cached,127.6407718742723,82.9765008674235,53.75704834849129,116.15594656247126,107.26177042395378,56.18314563519578,215.9713622508567,217.03149654098112
AU_H24_pvmedian14,Ausgrid 1,561.1516884645584,230.384108779565,406.59957478324236,4017.9990000000003,2084.1166856024934,3210.040996003311,3862.8379999999997,1664.813926191136,2788.5482831153213,229.94116203638984,229.94116203638984,0.0,705.3016666664521,0.44294674317516886,4.952,259.5255739473684,405.96843723830165,405.96843723830165,0.0,705.3016666664521,0.6311375449406883,5.12,262.57566408788125,230.1655502409305,230.76669224952536,230.76669224952536,0.0,705.3016666664521,-0.601142008594872,4.952,259.2684802631579,0.0,705.3016666664521,277.04276377973434,200.65038574999986,705.3016666664521,390.8398571756141,77.4884999999999,705.3016666664521,290.02282978525056,190.1223361742029,705.3016666664521,258.8428735802742,238.51257550000005,705.3016666664521,256.29309769355746,239.82498275000006,705.3016666664521,413.0786120321565,169.93293387078106,705.3016666664521,256.59813997498793,238.5494375000002,705.3016666664521,369.24046985783514,423.12673217561405,338.19408368391294,561.1516884645584,338.5197645909685,355.99373893332137,356.22017383939084,358.22311337194094,516.0061014865262,360.64709117556765,483.88400114498194,True,0.2264420091324201,0.493288456438733,0.3873103433194241,0.12952323779131703,0.12564652777777777,0.15075694444444446,0.4411655081941924,0.5977996759183118,0.7323889303504804,-0.1022459428209237,0.7002926082811354,0.5142092047243848,77.76355795799464,0.4166666666666667,cached,,,,,,,,
AU_H24_pvmedian14,Ausgrid 104,2374.0614155183684,2023.7235095268652,2154.6098690516365,12190.554,12080.280895740998,12907.449397423628,382.53499999999997,7.008066447368471,823.7742837932608,2022.9219868487387,2022.9219868487387,0.0,705.3016666664521,0.801522678126496,12.198,262.3550131578947,2153.80834637351,2153.80834637351,0.0,705.3016666664521,0.801522678126496,12.198,272.4905722552304,2023.500356015548,2024.101498024143,2024.101498024143,0.0,705.3016666664521,-0.601142008594872,12.198,262.0356218421053,0.0,705.3016666664521,2284.4928299292633,34.90378374999993,705.3016666664521,2065.4005818492983,181.73668999999992,705.3016666664521,2284.4928299292633,34.90378374999993,705.3016666664521,2040.2394114142774,241.02293099999983,705.3016666664521,2036.8383576551253,243.52136074999984,705.3016666664521,2085.3458498974414,261.35865407106155,705.3016666664521,2040.608344631247,238.58956724999976,705.3016666664521,2299.03607315843,2141.1242026826317,2132.6818651164253,2374.0614155183684,2133.038098342655,2140.020664318747,2138.3055913009584,2140.6656326642774,2268.1476074913157,2299.03607315843,2194.245289093717,True,0.08320331050228312,0.18004090574012904,0.35257174921514856,0.0822366971344961,0.07276041666666667,0.07363819444444444,1.2231796807515634,1.8089353565694213,0.7722400595319993,-0.327015952271718,0.9467490767036093,0.7840368972809517,107.00461745800567,0.4166666666666667,cached,,,,,,,,
AU_H24_pvmedian14,Ausgrid 113,926.2892819864417,606.5300499013098,727.3931538909035,4569.722,4084.060459473684,4765.537497405285,768.287,25.86971505540175,703.516837089695,605.7285272231833,605.7285272231833,0.0,705.3016666664521,0.801522678126496,4.53,254.07482789473684,726.591631212777,726.591631212777,0.0,705.3016666664521,0.801522678126496,4.431999999999999,257.80654082031805,606.1300391641574,606.7311811727523,606.7311811727523,0.0,705.3016666664521,-0.601142008594872,4.53,253.57566500000007,0.0,705.3016666664521,781.9695498234653,69.38438150000005,705.3016666664521,674.6300532051115,136.60740174999984,705.3016666664521,781.990339264094,69.36596428543727,705.3016666664521,629.2510297944914,234.0007427500002,705.3016666664521,626.7882036234598,236.84130900000036,705.3016666664521,696.2153474401974,228.3057170614813,705.3016666664521,629.8286597836986,231.79487350000028,705.3016666664521,810.8928243830262,731.5498039342781,711.7865662474908,926.2892819864417,712.3945615241169,726.4098570753654,725.47208237346,726.7513392736581,834.8125458993693,810.8797087817986,791.342729549148,True,0.08545816210045662,0.19330903361500967,0.3669666824182698,0.11516740716576201,0.08791458333333332,0.08864236111111112,0.31167273781893506,0.44933695159103254,0.46739393894105047,0.07052046595837458,0.37560888170978995,0.3888861479156169,78.77381991699804,0.4166666666666667,cached,,,,,,,,
AU_H24_pvmedian14,Ausgrid 127,791.6653515731557,506.25562723052786,611.4904161825797,3740.375,3716.5261809764543,4379.844631198351,285.355,10.033920000000064,671.9715253944474,505.71691962001864,505.71691962001864,0.0,705.3016666664521,0.5387076105092296,5.4700000000000015,247.64718815789473,610.764313988736,610.764313988736,0.0,705.3016666664521,0.7261021938436263,5.470000000000001,249.90503928679072,505.93684995007084,506.5379919586657,506.5379919586657,0.0,705.3016666664521,-0.601142008594872,5.469999999999999,247.38095789473692,0.0,705.3016666664521,741.3693648111266,26.133288749999974,705.3016666664521,550.0049086061778,140.28338724999983,705.3016666664521,741.3693648111266,26.133288749999974,705.3016666664521,517.6527594600716,232.8108227500003,705.3016666664521,513.7842882908308,235.80950875000045,705.3016666664521,582.3014371245891,202.7520993528812,705.3016666664521,517.2276478128388,230.9297440000004,705.3016666664521,752.2582351236266,608.4563199603443,609.0122490728779,791.6653515731557,609.4419556296507,613.4483744795056,612.0382502699977,614.6572689392384,715.6175158854091,752.2582351236266,666.781478521623,True,0.062295262557077624,0.13653876985499752,0.35156766904456804,0.1237501505359081,0.05382569444444445,0.06184166666666666,0.27335405617507574,0.438463167437699,0.4782248888743982,0.21225066186006358,0.29041897808373307,0.28635005710279515,107.8497258330026,0.4166666666666667,cached,,,,,,,,
AU_H24_pvmedian14,Ausgrid 128,816.7668594428737,578.3764216430907,686.8114172273165,4365.071,4450.315371918283,5189.629692964929,187.64,15.782890000000059,766.0072131695638,577.7896226718939,577.7896226718939,0.0,705.3016666664521,0.5867989711968193,5.288,253.3662239473684,686.1858412123557,686.1858412123557,0.0,705.3016666664521,0.6255760149607803,5.288,242.92476848459623,578.112731583221,578.7138735918159,578.7138735918159,0.0,705.3016666664521,-0.601142008594872,5.288,253.0148044736843,0.0,705.3016666664521,792.1352127818886,17.31451,705.3016666664521,635.3771383409562,105.30253199999974,705.3016666664521,792.1352127818886,17.31451,705.3016666664521,590.5166627848397,237.48764249999894,705.3016666664521,587.1412235156843,239.78454924999892,705.3016666664521,653.1145267836488,186.19554029895644,705.3016666664521,589.869243125355,234.91729324999886,705.3016666664521,799.3495919485553,679.2531933409562,683.5355667805895,816.7668594428737,683.9456816211608,687.7514486461878,687.0514523698505,689.4698471598392,788.030070762565,799.3495919485553,730.6960019082139,True,0.07235462328767124,0.16089505659018807,0.35882672303788643,0.1457460931445551,0.05035277777777779,0.0616423611111111,0.32499874038370086,0.4459085310423622,0.4789832805689037,-0.6060021761843786,0.2753409123518385,0.3566206669924405,107.79819541699544,0.4166666666666667,cached,,,,,,,,
AU_H24_pvmedian14,Ausgrid 137,1066.2853092328644,716.270724499063,819.1895700828411,5156.477,4830.665304362881,5538.214443409238,603.538,7.989451516620551,720.1573880417822,715.495778625527,715.495778625527,0.0,705.3016666664521,0.7749458735359859,6.271999999999999,266.5936865789473,818.3880474047146,818.3880474047146,0.0,705.3016666664521,0.801522678126496,6.271999999999999,262.22272061444374,716.038183570867,716.6393255794618,716.6393255794618,0.0,705.3016666664521,-0.601142008594872,6.271999999999999,266.2773839473685,0.0,705.3016666664521,967.7207396350461,54.69844450000013,705.3016666664521,775.4728302624233,160.8102147500003,705.3016666664521,967.7210346695731,54.697927159300455,705.3016666664521,738.2341542343925,238.77969275000024,705.3016666664521,730.3374936654594,241.46010100000026,705.3016666664521,795.1859250777486,230.63621448400835,705.3016666664521,737.4210304608963,237.1912377500002,705.3016666664521,990.511837652615,842.4770864082567,826.9870935489372,1066.2853092328644,827.3514272402911,836.2507128567297,830.9458690821261,837.7256928802259,928.449037005526,990.5117581767129,891.2843477794188,True,0.10877534246575343,0.2411799111521915,0.35681394614718365,0.1099329137406333,0.06633958333333333,0.07638611111111111,0.4061999424514299,0.5750053746385867,0.4926062230564005,-0.001933155079515636,0.5925842314575029,0.4597734738258214,89.3988953329972,0.4166666666666667,cached,,,,,,,,
AU_H24_pvmedian14,Ausgrid 138,1018.2596998267276,754.2830407586785,876.0510859556189,5965.689,5469.844996682826,6211.685017609882,2546.1800000000003,1831.1072156855957,2554.973544569058,753.631016824914,753.631016824914,0.0,705.3016666664521,0.6520239337644655,6.926,216.78219421052637,875.259374565944,875.259374565944,0.0,705.3016666664521,0.791711389674932,6.926000000000001,234.9751518963666,753.1232779470213,753.7244199556161,753.7244199556161,0.0,705.3016666664521,-0.601142008594872,6.926,217.51825578947373,0.0,705.3016666664521,923.5271233376359,63.37994450000033,705.3016666664521,817.7574960376048,110.08063374999915,705.3016666664521,928.1554955575534,60.29639404779025,705.3016666664521,778.2951052543509,169.32143100000096,705.3016666664521,772.7669007282137,172.4341582500009,705.3016666664521,825.6566256900225,169.6876749083459,705.3016666664521,780.3797892446033,168.9338092500008,705.3016666664521,953.278993077466,863.6244267667712,843.7558845259687,1018.2596998267276,844.6089550130645,850.7688764321036,844.6144666657141,848.8457015043513,973.9573992457716,949.9354335459693,896.3598235684999,True,0.17266894977168948,0.44901309956890445,0.37327571166031903,0.02950595001690659,0.0,0.15412777777777775,0.6677767500371513,1.0742948466421849,0.7829187099789828,-0.08329070898800417,0.4660022505979051,0.22903741335546995,106.91317958298896,0.4166666666666667,cached,,,,,,,,
AU_H24_pvmedian14,Ausgrid 142,562.6454473426467,238.96017741908364,363.34757419148673,3082.336,1660.3505143767318,2566.516497097071,2034.358,373.7620256094183,1270.972710821111,238.2221437741456,238.2221437741456,0.0,705.3016666664521,0.7380336449380553,4.948,236.08571105263158,362.62865941517435,362.62865941517435,0.0,705.3016666664521,0.7189147763123472,4.948,244.71829696519654,238.4112632299877,239.01240523858257,239.01240523858257,0.0,705.3016666664521,-0.601142008594872,4.948,235.89468394736846,0.0,705.3016666664521,301.8342439244919,151.8776704999996,705.3016666664521,338.651701012535,105.46643749999987,705.3016666664521,304.99194933522455,149.5351125507343,705.3016666664521,267.97433067267787,215.7768089999999,705.3016666664521,263.95433775833106,217.79610249999982,705.3016666664521,372.8496685937326,186.97795737325225,705.3016666664521,264.9850766914316,215.97158799999983,705.3016666664521,367.29824623136386,382.5960499708683,336.70071487472455,562.6454473426467,337.32922369101345,354.9732383580982,354.70271379999764,357.8813344226778,465.31353126031865,365.11660663282504,450.7571508325877,True,0.13141472602739726,0.2813985153287482,0.3792045615502946,0.12690913944814142,0.10764652777777778,0.1135347222222222,0.29258683783447537,0.4516744282580489,0.627618451161031,0.0953477695079753,0.5283015098668837,0.43544410328374566,107.38290616701124,0.4166666666666667,cached,,,,,,,,
AU_H24_pvmedian14,Ausgrid 148,1176.2005779492165,867.7531263616737,1018.4218572665279,6218.915000000001,5520.20167163435,6486.0877156388515,988.8919999999999,28.03420592105271,997.2951762187886,867.3662862059674,867.3662862059674,0.0,705.3016666664521,0.386840155706314,6.364,257.3063134210526,1017.6203345884014,1017.6203345884014,0.0,705.3016666664521,0.801522678126496,6.572,256.036987127241,867.510430751501,868.1115727600958,868.1115727600958,0.0,705.3016666664521,-0.601142008594872,6.364,256.95076,0.0,705.3016666664521,1013.4940142949636,89.24803975000019,705.3016666664521,945.9080410606925,123.7863277500001,705.3016666664521,1013.5040334314587,89.23087962976828,705.3016666664521,894.8743601097226,236.58345700000018,705.3016666664521,889.4760525857345,239.1432822500003,705.3016666664521,962.1721146014846,225.16641929925277,705.3016666664521,891.3063513380512,236.6203455000002,705.3016666664521,1050.6835666105287,997.4856776231926,974.5732474181676,1176.2005779492165,974.9640902871123,989.8981619630513,989.119086856568,993.4508005263893,1125.1039352362118,1050.6806975241302,1055.9914559761733,True,0.08720662100456622,0.18532181161009484,0.3846570221696544,0.10675490803643461,0.07553888888888889,0.08130416666666666,0.5834251503352126,0.8273526816045437,0.7082574698229278,-0.22670981883950425,0.9235194043558526,0.6801778422935707,105.87630429099954,0.4166666666666667,cached,,,,,,,,
AU_H24_pvmedian14,Ausgrid 156,1068.7508545960864,791.5916498176264,919.3804079881663,5853.852,5436.410333663435,6402.351554975161,712.1859999999999,38.9977802146815,996.5050331984369,790.8139618928232,790.8139618928232,0.0,705.3016666664521,0.7776879248032608,9.962842105263158,252.97546368421052,918.5788853100398,918.5788853100398,0.0,705.3016666664521,0.801522678126496,9.962842105263158,261.3092263465519,791.271862124617,791.8730041332118,791.8730041332118,0.0,705.3016666664521,-0.601142008594872,9.96284210526316,252.48557736842113,0.0,705.3016666664521,962.4849187712547,62.57139699999982,705.3016666664521,865.8503263069716,106.63390000000027,705.3016666664521,962.5182112089097,62.54185734831549,705.3016666664521,810.7842712004717,236.63634575000324,705.3016666664521,804.7855423333197,239.2115512500033,705.3016666664521,878.2240498577387,220.39418506161465,705.3016666664521,807.946264273304,235.5671230000033,705.3016666664521,988.5773184373745,910.2811179736384,896.4741860281258,1068.7508545960864,896.9980930193808,906.0992321899721,904.457022020821,909.3827485963064,1028.2592522992295,988.5563341879213,970.0549603000782,True,0.07857648401826485,0.18199417453921443,0.3291559810003553,0.13080976511545972,0.06052777777777778,0.06649930555555557,0.5719560277795311,0.8396244597441361,0.6927180569227832,-0.662693218207661,0.7183640056823426,0.5813060046978109,106.80179037500056,0.4166666666666667,cached,,,,,,,,
AU_H24_pvmedian14,Ausgrid 158,1095.9702999644144,724.4283544174318,834.5741572463746,6029.782,4782.865846080333,5231.05246153431,2108.627,596.863192333795,1047.6880027084035,723.6268317393053,723.6268317393053,0.0,705.3016666664521,0.801522678126496,5.576,261.95925236842106,833.7828430208818,833.7828430208818,0.0,705.3016666664521,0.7913142254927635,5.576,259.3389991500108,724.1518454836889,724.7529874922838,724.7529874922838,0.0,705.3016666664521,-0.601142008594872,5.576,261.58666026315797,0.0,705.3016666664521,832.0613105340775,137.93174725,705.3016666664521,806.0716025907407,145.71354775000003,705.3016666664521,837.8029888802372,133.63619600802792,705.3016666664521,749.1886118150986,239.39656250000021,705.3016666664521,747.0691572427932,241.65295500000016,705.3016666664521,817.2303428530325,271.87618318839884,705.3016666664521,747.9681949325851,238.12641225000024,705.3016666664521,893.4847372169155,866.7855808199074,833.1462872600048,1095.9702999644144,833.578042904274,847.1875333700852,847.7578884927932,848.9371795234321,942.6320735588791,889.5328718882441,930.5120858481987,True,0.14343984018264838,0.3767723236970964,0.4098164859640316,-0.05238679915308753,0.14624166666666666,0.1671388888888889,0.35096684215654195,0.5008975991389493,0.44001188699222205,-0.6375232420838362,0.25010557443935294,0.4067895845066738,77.93314558299608,0.4166666666666667,cached,,,,,,,,
AU_H24_pvmedian14,Ausgrid 168,471.40158449078547,230.85846452841776,349.9447025340121,2330.559,1783.8608175069255,2576.79264772085,782.124,23.414871114958512,824.6435390383003,230.1048222839583,230.1048222839583,0.0,705.3016666664521,0.7536422444594661,4.45,210.24420552631577,349.2580892734981,349.2580892734981,0.0,705.3016666664521,0.6866132605139652,4.45,201.83374728858294,230.22373220474765,230.82487421334253,230.82487421334253,0.0,705.3016666664521,-0.601142008594872,4.450000000000001,210.00289552631585,0.0,705.3016666664521,336.7056810591582,70.96669100000008,705.3016666664521,298.3513265963633,90.01687074999998,705.3016666664521,336.7056810591582,70.96669100000008,705.3016666664521,254.04362283809988,196.84861400000136,705.3016666664521,250.0331742707017,198.60780475000124,705.3016666664521,333.88449674753235,138.77656871874896,705.3016666664521,249.9900416321365,197.16216275000136,705.3016666664521,366.2751356424916,335.85835607552997,317.7249386740459,471.40158449078547,318.4602168310493,332.1409427779704,332.7864262498689,336.06387867143377,434.04209723758834,366.2751356424916,391.70806704701107,True,0.06757043378995432,0.14744373549590467,0.3606725292295392,0.12632563988646572,0.05954513888888889,0.06929722222222222,0.2223173481234736,0.3250753146293306,0.610581373665971,-0.0786043493989328,0.29143885497497785,0.25678031166199217,106.44815729200491,0.4166666666666667,cached,,,,,,,,
AU_H24_pvmedian14,Ausgrid 172,718.0561547833407,461.15567897647895,579.7236257273457,3466.299,3268.9113477008314,4093.227738795038,467.297,42.632226738227196,860.2237235564502,460.35415629835245,460.35415629835245,0.0,705.3016666664521,0.801522678126496,5.592,225.35206657894736,578.9738030775321,578.9738030775321,0.0,705.3016666664521,0.7498226498136218,5.592,231.65280344383626,460.2947618955527,460.8959039041476,460.8959039041476,0.0,705.3016666664521,-0.601142008594872,5.591999999999999,225.39901236842107,0.0,705.3016666664521,647.9551749937156,40.30952950000021,705.3016666664521,515.2324201163101,113.28433624999998,705.3016666664521,647.941983074421,40.30952950000021,705.3016666664521,481.8849724623568,205.9240697500024,705.3016666664521,477.40752538242003,208.09056225000217,705.3016666664521,539.2170137670378,172.56256802730678,705.3016666664521,480.14402935816247,205.1912462500024,705.3016666664521,664.7376203660878,562.4342268871434,554.2110170490615,718.0561547833407,555.0523733843737,565.6403819623301,564.1119263199209,567.6866681915245,676.2456271622775,664.7508122853823,611.1180837784156,True,0.058369292237442916,0.1341584062518504,0.3882749419275276,0.11427784495033688,0.04869375,0.04640347222222223,0.31242991342573534,0.4619820890791877,0.6341416040417708,-0.10003767760176241,0.44612335100208644,0.4288495193582569,107.56794129199989,0.4166666666666667,cached,,,,,,,,
AU_H24_pvmedian14,Ausgrid 179,732.4252124352136,482.6529083090712,591.2383437744054,3448.159,3295.559910020776,4077.3789293419095,403.714,18.73163000000005,799.7158545623877,482.22725758158197,482.22725758158197,0.0,705.3016666664521,0.42565072748928096,5.7620000000000005,228.49720131578948,590.5006086894235,590.5006086894235,0.0,705.3016666664521,0.737735084981817,5.7620000000000005,230.830110420298,482.13622630948095,482.7373683180758,482.7373683180758,0.0,705.3016666664521,-0.601142008594872,5.7620000000000005,228.81665289473685,0.0,705.3016666664521,660.4187156089893,36.81518850000009,705.3016666664521,536.5872235701399,112.27625075,705.3016666664521,660.4187156089893,36.81518850000009,705.3016666664521,497.4641666405215,212.08914825000056,705.3016666664521,494.1383272130153,213.36428250000085,705.3016666664521,562.5778767280159,166.66031821808542,705.3016666664521,496.56622676968163,210.83122375000045,705.3016666664521,675.7583774839893,583.3689947159733,577.4764983489547,732.4252124352136,577.8600755239835,584.4125699988485,583.0401115880156,585.8346450780217,687.4175564495296,675.7583774839893,632.0196759855514,True,0.05909041095890412,0.12750666962589352,0.3912452939713705,0.11223313758849662,0.04184305555555556,0.04047986111111111,0.3310780834877045,0.5037280548121171,0.6640540273210723,-0.10205794336517804,0.6740484434036963,0.5963645115305581,106.47044487499807,0.4166666666666667,cached,,,,,,,,
AU_H24_pvmedian14,Ausgrid 180,610.4112181154017,368.5378415063361,484.601746731873,3270.559,2607.0043970013853,3447.296950607245,1022.7570000000001,143.7747238781164,976.2266858531434,367.75867709238895,367.75867709238895,0.0,705.3016666664521,0.7791644139471781,6.069999999999999,213.6975897368421,483.93025615338775,483.93025615338775,0.0,705.3016666664521,0.6714905784852295,6.069999999999999,220.8128833440416,365.945295176386,366.5464371849809,366.5464371849809,0.0,705.3016666664521,-0.601142008594872,6.069999999999999,212.80912526315788,0.0,705.3016666664521,477.0818651795464,84.98097475000002,705.3016666664521,453.9511097389062,82.26750749999998,705.3016666664521,477.86744366884665,84.49004990288313,705.3016666664521,401.1866197574341,191.208795750001,705.3016666664521,398.6509159732836,191.76779075000107,705.3016666664521,467.99554918690905,167.80624260562251,705.3016666664521,398.895676297442,189.86055925000105,705.3016666664521,513.0716311283813,488.2292378639062,454.61576403603516,610.4112181154017,457.578503896687,478.0042426516091,478.55416211911734,480.8569513199345,576.6071147918904,512.4906046587131,537.9148169392518,True,0.07598127853881279,0.17560954054547723,0.37935576386557635,0.13384943516389414,0.03795347222222223,0.043788888888888884,0.3478377416878635,0.5315210629705134,0.7613183314246235,-0.1757573368376495,0.7751238466446456,0.4448144565936968,106.57464245898882,0.4166666666666667,cached,,,,,,,,
AU_H24_pvmedian14,Ausgrid 204,687.9388453519954,385.17684906840555,486.5586504515616,3410.782,2782.148892756233,3467.508585554068,906.307,18.89249584487543,708.0889440437466,384.66556197056906,384.66556197056906,0.0,705.3016666664521,0.511287097836481,5.826,254.63540157894735,485.84291084389764,485.84291084389764,0.0,705.3016666664521,0.7157396076639552,5.5840000000000005,251.89249108449047,384.9604363637509,385.56157837234576,385.56157837234576,0.0,705.3016666664521,-0.601142008594872,5.825999999999999,254.2828744736843,0.0,705.3016666664521,522.2217258259034,82.17420675000008,705.3016666664521,457.3394493725116,117.91960000000013,705.3016666664521,522.2217258259034,82.17420675000008,705.3016666664521,404.77109130575235,239.83541324999933,705.3016666664521,400.07884621208603,242.5181527499996,705.3016666664521,493.63479490433184,192.22832555181728,705.3016666664521,402.61755051713925,238.53465949999963,705.3016666664521,556.4609786384034,506.4726160391783,490.91163406111934,687.9388453519954,491.2749330596336,502.00699197547243,501.1280765245859,504.70251349325207,591.5138550700993,556.4609786384034,573.7299305509224,True,0.09844857305936072,0.21177517438619042,0.3723898668237274,0.14647146441278514,0.0741798611111111,0.09496111111111111,0.2194836587394678,0.386150461943238,0.3988664005639707,0.054969029154048776,0.20985879967434565,0.2222312870014075,88.12500937501318,0.4166666666666667,cached,,,,,,,,
AU_H24_pvmedian14,Ausgrid 21,1636.307974369511,1307.6226801210169,1425.6964802391208,8193.731,8146.254707396122,8974.90498761534,321.28099999999995,9.130953947368482,835.6450066110509,1306.8458359042959,1306.8458359042959,0.0,705.3016666664521,0.7768442167210223,7.899999999999999,261.66965315789474,1424.8949575609943,1424.8949575609943,0.0,705.3016666664521,0.801522678126496,7.899999999999999,263.8712635426408,1307.3934532516787,1307.9945952602736,1307.9945952602736,0.0,705.3016666664521,-0.601142008594872,7.899999999999999,261.3535084210527,0.0,705.3016666664521,1572.7217036780032,29.375610249999973,705.3016666664521,1353.6777128682643,167.72080375000007,705.3016666664521,1572.7217036780032,29.375610249999973,705.3016666664521,1324.6590180639373,240.3229255000008,705.3016666664521,1321.6367652337588,243.00667175000072,705.3016666664521,1365.1920809971352,266.91662787775954,705.3016666664521,1325.7338397656324,237.51758000000078,705.3016666664521,1584.96154128217,1423.561381097431,1416.2907484271173,1636.307974369511,1416.6517022701396,1424.6994980989662,1422.8895451295923,1424.7935703556043,1535.6428400485545,1584.96154128217,1476.4073426128684,True,0.07479737442922375,0.1717878074808767,0.466327420244471,0.08558625193984515,0.05521875,0.05746111111111111,0.6933723693453272,0.9461894803983318,0.6546942159105006,-0.02959424470388128,0.6033696826849098,1.0328144355352655,105.79985595800099,0.4166666666666667,cached,,,,,,,,
AU_H24_pvmedian14,Ausgrid 223,673.556349807724,416.87994794306843,559.8108852070112,3304.7740000000003,2855.8390823614964,3894.9543053903008,723.391,65.04313837257624,1065.8701642008832,416.10183816422403,416.10183816422403,0.0,705.3016666664521,0.7781097788443802,6.716,207.8319494736842,559.0707800522729,559.0707800522729,0.0,705.3016666664521,0.7401051547383595,6.716,244.9533558753538,414.38233290916344,414.9834749177583,414.9834749177583,0.0,705.3016666664521,-0.601142008594872,6.716,206.87186631578953,0.0,705.3016666664521,557.356983394381,64.5855217499998,705.3016666664521,479.5018500191543,105.62070149999984,705.3016666664521,557.5569452290799,64.39202813806244,705.3016666664521,445.3605019030209,188.148345500001,705.3016666664521,442.23184219950474,189.4088860000009,705.3016666664521,503.10037418201415,157.3975519922538,705.3016666664521,442.6670107354735,187.08425800000083,705.3016666664521,584.3869569532726,523.5104756441542,500.5789438740758,673.556349807724,503.4765935571035,520.6187849021405,521.1522113661717,523.7556458613547,661.8747834884086,584.2676174568809,568.6826875121199,True,0.054450399543379,0.120205398557909,0.3644360009535219,0.11037387814176258,0.033628472222222226,0.03510833333333333,0.3736769904459165,0.5939819898857646,0.8414471787050918,-0.12263534026752221,0.6712649005796805,0.45653922873188213,107.27222237500246,0.4166666666666667,cached,,,,,,,,
AU_H24_pvmedian14,Ausgrid 240,563.7713099670804,372.9286877341218,505.1826544371528,3184.9710000000005,2695.1521229085874,3624.585958412318,821.888,128.79785277008313,1077.7209473994085,372.586142252733,372.586142252733,0.0,705.3016666664521,0.34254548138879726,3.076,199.72701894736844,504.7859021895266,504.7859021895266,0.0,705.3016666664521,0.3967522476261862,3.076,181.00141379042128,370.7258945028819,371.32703651147676,371.32703651147676,0.0,705.3016666664521,-0.601142008594872,3.0759999999999987,199.17042868421058,0.0,705.3016666664521,459.30152689187713,67.97477850000001,705.3016666664521,455.02508038728126,54.59796874999993,705.3016666664521,459.7070468498854,67.72060919179093,705.3016666664521,398.9763169152561,183.17275049999967,705.3016666664521,394.213249104069,184.51688874999974,705.3016666664521,463.1621515166215,133.51809937533784,705.3016666664521,395.03980731903584,182.6157502499997,705.3016666664521,487.92396734646496,477.77423403311457,453.71357312130294,563.7713099670804,456.14827896219197,471.1297032565357,471.0952860832356,475.29829629025596,580.5999101831617,487.6243512668771,518.7946929230122,True,0.05733333333333333,0.12699695147888987,0.37110571384870705,0.0752586013249521,0.041959722222222225,0.03806319444444445,0.34028557051604824,0.4777784842405006,0.8020843574450691,-1.1817679840563797,0.600745245640354,0.43765832981450503,74.6444477079931,0.4166666666666667,cached,,,,,,,,
AU_H24_pvmedian14,Ausgrid 247,585.6875936635045,392.3338633456457,515.6670062448708,3099.6980000000003,2885.5830959833797,3809.6297436741597,455.286,21.646035318559612,934.8454244251825,391.96938145411866,391.96938145411866,0.0,705.3016666664521,0.36448189152699606,5.526,215.67085263157895,515.01170448348,515.01170448348,0.0,705.3016666664521,0.6553017613907877,5.526,227.65596025121323,391.6496633691702,392.25080537776506,392.25080537776506,0.0,705.3016666664521,-0.601142008594872,5.526,215.2571260526316,0.0,705.3016666664521,513.7636371175895,41.46956149999998,705.3016666664521,462.4832132362314,67.74190000000023,705.3016666664521,513.7636371175895,41.46956149999998,705.3016666664521,410.55238675186,202.37342199999978,705.3016666664521,407.6855168666396,204.11990849999967,705.3016666664521,476.54204284757316,141.86263170010847,705.3016666664521,409.0670181193224,202.09365324999965,705.3016666664521,531.0426210759229,490.70900490289813,481.3401325577667,585.6875936635045,482.19671860880356,493.27270697348894,492.73547874163944,494.8746459185266,610.523656349543,531.0426210759229,535.6514727226183,True,0.05221210045662101,0.11578261446687663,0.40517773665369455,0.12358034840027521,0.02314027777777778,0.03158541666666667,0.3167813705285906,0.4602639136206781,0.7354425185299268,-0.09680646313549102,0.4800647109001793,0.48314197708936796,88.07946399999491,0.4166666666666667,cached,,,,,,,,
AU_H24_pvmedian14,Ausgrid 249,1172.8472353629602,809.8666869854021,901.8383932110179,5669.514999999999,5364.082670997231,6007.270426885701,591.292,15.159975069252104,654.8510726565612,809.1303407566286,809.1303407566286,0.0,705.3016666664521,0.7363462287735784,4.91,267.34390210526317,901.0368705328914,901.0368705328914,0.0,705.3016666664521,0.801522678126496,5.216,271.06824258223935,809.6378958326138,810.2390378412086,810.2390378412086,0.0,705.3016666664521,-0.601142008594872,4.91,266.9846297368422,0.0,705.3016666664521,1061.7807277161464,53.74410299999996,705.3016666664521,856.2646647658667,174.2965437499998,705.3016666664521,1061.7807277161464,53.74410299999996,705.3016666664521,827.5416575562086,239.7872787499992,705.3016666664521,821.240507620445,242.17057074999911,705.3016666664521,874.1113248398536,252.6725816805304,705.3016666664521,825.9293917382637,237.96843524999912,705.3016666664521,1084.1741039661465,928.8882246617,920.8814915562981,1172.8472353629602,921.2599795292617,925.0829064257633,922.1449120996112,927.4530237020416,1014.7834942869509,1084.1741039661465,979.3915672067413,True,0.07919389269406393,0.18332344768905787,0.3447642916175292,0.087873879298897,0.053290972222222226,0.05420694444444444,0.38253414165205846,0.5383692668521257,0.4726084582230131,-0.16488662979261193,0.4615680359723974,0.4833456317418819,108.40734320800402,0.4166666666666667,cached,,,,,,,,
AU_H24_pvmedian14,Ausgrid 261,496.71648869267403,314.34724398520206,432.3053232303572,2636.215,2330.917932783934,3250.192432046907,530.0060000000001,25.690079785318616,926.4185903442038,314.014401146759,314.014401146759,0.0,705.3016666664521,0.3328428384430554,4.921534626038781,195.53639657894738,431.61509850690743,431.61509850690743,0.0,705.3016666664521,0.6902247234497696,4.778,215.34691729679002,313.49560155030304,314.0967435588979,314.0967435588979,0.0,705.3016666664521,-0.601142008594872,4.921534626038781,195.7431463157895,0.0,705.3016666664521,416.457540356312,48.21304150000012,705.3016666664521,382.7732879066695,62.05418600000006,705.3016666664521,416.457540356312,48.21304150000012,705.3016666664521,335.3041310870932,183.4269987499999,705.3016666664521,333.897963395459,183.97628449999988,705.3016666664521,399.6169391548919,123.97670872044719,705.3016666664521,334.65806836741484,182.44773824999987,705.3016666664521,436.5463076479787,408.6291987400029,395.0552458485487,496.71648869267403,395.82074255976346,410.6779593049148,410.5547486037923,411.7320472329265,522.033205437353,436.5463076479787,451.27390112174487,True,0.06201849315068494,0.131316111420958,0.37815417340679963,0.10676581954855069,0.048650000000000006,0.05375624999999999,0.27801331236800964,0.45368861958550516,0.6874064824558584,-0.1525149442144722,0.4219985224478972,0.3692415154211128,107.23371033399599,0.4166666666666667,cached,,,,,,,,
AU_H24_pvmedian14,Ausgrid 27,988.0321373269044,691.2070429948906,800.4892037414568,4741.581,4500.245907001386,5311.5332405967365,554.73,74.05675583102497,859.8633443610742,690.4285113620051,690.4285113620051,0.0,705.3016666664521,0.7785316328854993,6.5920000000000005,236.99189763157892,799.6876810633303,799.6876810633303,0.0,705.3016666664521,0.801522678126496,6.5920000000000005,261.9312322296195,690.5608973319175,691.1620393405124,691.1620393405124,0.0,705.3016666664521,-0.601142008594872,6.592,236.61996131578954,0.0,705.3016666664521,894.9700545660112,45.817664250000014,705.3016666664521,744.2149561505784,134.69423224999974,705.3016666664521,894.9931866769198,45.8022146591163,705.3016666664521,709.5340890647994,214.71272025000286,705.3016666664521,705.4584594649615,217.98293450000284,705.3016666664521,761.2070384116535,216.5666480697975,705.3016666664521,708.2409242081525,213.63005800000283,705.3016666664521,914.0774427848849,800.3375529214115,789.1525478801632,988.0321373269044,789.9536670080485,797.2534483748203,796.284682173296,798.9977225023007,909.627217170465,914.0607480035112,851.4431417740691,True,0.0618050799086758,0.13399711733592592,0.3610598535920758,0.11596019136880942,0.044302777777777774,0.05234652777777777,0.39117025684857254,0.5626317970685518,0.6026089537056212,-0.1357889630632152,0.5504054082982139,0.5979458929548044,107.0853351669939,0.4166666666666667,cached,,,,,,,,
AU_H24_pvmedian14,Ausgrid 29,760.9455774228431,443.4559170775904,559.4001340682421,3680.29,2953.558176024931,3738.2462117652535,1039.942,70.71485888504161,847.6359535467777,442.67865100682826,442.67865100682826,0.0,705.3016666664521,0.7772660707621416,4.566,240.06194868421053,558.6099929099879,558.6099929099879,0.0,705.3016666664521,0.7901411582541344,4.566,247.69242542821877,442.48836043929816,443.08950244789304,443.08950244789304,0.0,705.3016666664521,-0.601142008594872,4.566,239.5187873684211,0.0,705.3016666664521,597.4197134888756,90.3545420000003,705.3016666664521,516.5249578847286,129.90818600000003,705.3016666664521,598.2644124359892,89.80538471097027,705.3016666664521,472.30777222697856,216.1171524999992,705.3016666664521,467.1484386518233,217.7259119999992,705.3016666664521,544.4311018352385,200.44165496565282,705.3016666664521,470.0943730779205,214.75042024999925,705.3016666664521,635.6833227322269,570.6533687180619,542.2878551761403,760.9455774228431,543.4817290293448,559.5737148487535,557.8675686518229,562.3565857686449,662.60531133,635.067439322209,627.9484580709271,True,0.09631027397260275,0.2215546347165492,0.40486775350843357,0.09308655299406421,0.02918125,0.033471527777777774,0.33662094915285734,0.48444751150716586,0.6241923503781881,-0.06871152053632401,0.6427642570046475,0.43993818498658216,105.2220759579941,0.4166666666666667,cached,,,,,,,,
AU_H24_pvmedian14,Ausgrid 290,909.5216123696301,638.0510023920949,753.507955315772,4534.246,4524.126652160665,5260.661622594801,274.671,10.605337500000049,743.5956591174398,637.6006732032001,637.6006732032001,0.0,705.3016666664521,0.45032918889475504,9.386,249.62749552631576,752.801909704575,752.801909704575,0.0,705.3016666664521,0.7060456111970421,9.386,254.32632327839983,637.8408145749612,638.441956583556,638.441956583556,0.0,705.3016666664521,-0.601142008594872,9.386,249.40910842105274,0.0,705.3016666664521,858.9133713809513,25.169057750000007,705.3016666664521,686.4194707981576,134.0846907500002,705.3016666664521,858.9133713809513,25.169057750000007,705.3016666664521,652.0291796395699,233.66473175000115,705.3016666664521,648.8548348700257,236.46747725000083,705.3016666664521,712.970934264438,197.3052080602717,705.3016666664521,650.576200707643,232.03601600000107,705.3016666664521,869.4004787767847,742.288091943991,741.7612764170665,909.5216123696301,742.0624588613931,747.2578740409767,747.3829503908594,749.3894845354037,859.477256681772,869.4004787767847,795.1814376228846,True,0.05849332191780821,0.12410959285572082,0.3911539465668784,0.09521333232095486,0.03710694444444444,0.03270208333333333,0.3746286309533978,0.6166716889168476,0.589230260323011,0.05365710816831171,0.31756489268348287,0.4379817406511955,106.24993550000363,0.4166666666666667,cached,,,,,,,,
AU_H24_pvmedian14,Ausgrid 5,693.2340040055082,449.0610924161802,558.5385767334163,3203.059,3034.4543565512467,3698.7756474631556,493.563,114.46414898199446,772.6093694752153,448.2705379431228,448.2705379431228,0.0,705.3016666664521,0.7905544730573971,5.896000000000001,208.94608078947368,557.8115769314973,557.8115769314973,0.0,705.3016666664521,0.7269998019190465,5.896000000000001,214.65434668455163,447.5460468446358,448.14718885323066,448.14718885323066,0.0,705.3016666664521,-0.601142008594872,5.896000000000002,209.01342973684214,0.0,705.3016666664521,622.7630045733109,37.59595399999919,705.3016666664521,499.34791340012384,108.3978994999998,705.3016666664521,622.759109748307,37.59541240191485,705.3016666664521,463.50778369615045,189.8841952500053,705.3016666664521,461.38788971469205,190.87549975000542,705.3016666664521,521.9716955901952,163.32189022844892,705.3016666664521,463.17918741364355,188.31242650000542,705.3016666664521,638.4238649157714,544.5137048584571,534.6349759016533,693.2340040055082,536.1219594117943,541.6426984553125,540.919347943861,542.6261983836526,647.9778878519795,638.4279854066439,590.0224831853823,True,0.05216786529680365,0.11345164796925886,0.3615253840397069,0.11018807159922184,0.03999791666666667,0.044825694444444446,0.3175822471555441,0.514922947697454,0.7001333527993215,-0.15626670956538358,0.22591365500657443,0.567043674586579,76.32406987500144,0.4166666666666667,cached,,,,,,,,
AU_H24_pvmedian14,Ausgrid 65,1028.4638662270468,704.5880597930882,831.1307204065006,4949.204,4438.833068427978,5287.849589058202,790.739,24.85924055401667,872.4801016069965,704.1816034244698,704.1816034244698,0.0,705.3016666664521,0.4064563686183574,7.02,250.9363302631579,830.3291977283741,830.3291977283741,0.0,705.3016666664521,0.801522678126496,7.666656851215699,254.21975700373787,704.0262853129799,704.6274273215747,704.6274273215747,0.0,705.3016666664521,-0.601142008594872,7.02,250.78874684210533,0.0,705.3016666664521,893.7376826082135,71.74419474999988,705.3016666664521,767.5512421888121,137.48929175000006,705.3016666664521,893.822176497856,71.69521807801831,705.3016666664521,726.27581857273,230.04108399999956,705.3016666664521,721.8850181151615,232.5222377499993,705.3016666664521,793.4252019178128,211.959765081563,705.3016666664521,724.752791049715,228.50842774999956,705.3016666664521,923.6951840303636,824.8384470846455,808.5215964971904,1028.4638662270468,809.144864069404,819.9646359455481,818.7692838443279,822.1262702393965,937.055619158058,923.6310970873801,881.7417707017975,True,0.09709223744292238,0.2101674253767641,0.3762683986092905,0.11509982240154315,0.08135486111111112,0.08944583333333335,0.41237207755474187,0.6431886652119221,0.5627728701205439,-0.06341346936635195,0.7606151664215816,0.751653052404559,107.49089033300697,0.4166666666666667,cached,,,,,,,,
AU_H24_pvmedian14,Ausgrid 66,421.3794680075512,184.05434441937277,303.9759179809901,2171.043,1525.4351439681443,2230.0677528568103,1009.2339999999999,158.9504479570639,871.0174394970243,183.3920335748156,183.3920335748156,0.0,705.3016666664521,0.6623108445571573,3.5500000000000003,202.65235157894736,303.5160899152245,303.5160899152245,0.0,705.3016666664521,0.45982806576565743,3.488,194.42271805886602,182.4910425678118,183.09218457640668,183.09218457640668,0.0,705.3016666664521,-0.601142008594872,3.5499999999999994,202.51697815789475,0.0,705.3016666664521,276.66198142500747,80.03942649999928,705.3016666664521,259.5383817616244,87.3371000000001,705.3016666664521,276.9919263029922,79.8552013605791,705.3016666664521,214.4869367281427,187.01038750000856,705.3016666664521,213.58526486427274,187.1515102500087,705.3016666664521,291.71669177853715,140.56625511933578,705.3016666664521,212.82935009466098,186.26682425000848,705.3016666664521,310.2649268699002,295.92884009495776,266.87311680026795,421.3794680075512,268.49282424393414,290.4405268654979,291.5650608017764,292.4079315198129,384.98538383885096,310.0117424666738,350.28596474492707,True,0.06923898401826484,0.16380922035561973,0.33729904287993534,0.12845741891078288,0.03901597222222222,0.045469444444444444,0.20693777544179143,0.30947691027934565,0.6124206466688332,-0.1558182321054462,0.16095183382205017,0.26665102776284433,105.01881087500078,0.4166666666666667,cached,,,,,,,,
AU_H24_pvmedian14,Ausgrid 67,801.956361678157,407.075898688549,537.8556681120023,4470.205,2788.0464837049867,3503.3545404075276,2399.488,456.9112741343491,1172.067035036788,406.2743760104225,406.2743760104225,0.0,705.3016666664521,0.801522678126496,3.826,257.6433836842105,537.1308399838576,537.1308399838576,0.0,705.3016666664521,0.7248281281446195,3.8259999999999996,257.4183534667502,406.7766038209163,407.3777458295112,407.3777458295112,0.0,705.3016666664521,-0.601142008594872,3.826,257.1539821052632,0.0,705.3016666664521,476.64754541455443,177.70860800000028,705.3016666664521,502.41994341967415,141.81140000000025,705.3016666664521,483.793404047809,172.44892512572935,705.3016666664521,434.72760683894114,238.6361937499999,705.3016666664521,430.5232026254064,241.12322299999983,705.3016666664521,533.2267956994114,236.82156364861072,705.3016666664521,431.97366418524115,238.86144424999992,705.3016666664521,555.6471228501963,561.5080267530076,513.924096364776,801.956361678157,514.42730855697,531.4992659560744,530.9912122087396,534.1593542347745,645.1133153898148,550.6927987478879,631.9024472196659,True,0.19129063926940637,0.40435067274892894,0.36162970821548446,0.11152432125197387,0.17513333333333334,0.19366388888888889,0.286621795830487,0.3970806891353592,0.3744969491999403,0.14324592081527698,0.2802343838243035,0.2921953249824256,74.91644849999284,0.4166666666666667,cached,,,,,,,,
AU_H24_pvmedian14,Ausgrid 81,363.59569486715895,182.58050988635938,329.826672083666,2470.9849999999997,1455.3336699445988,2667.0764406411445,1453.213,241.33508943213303,1427.5533872413857,182.1000181335246,182.1000181335246,0.0,705.3016666664521,0.4804917528347784,3.712,193.53461421052629,329.969546436552,329.969546436552,0.0,705.3016666664521,-0.14287435288601208,3.7119999999999997,215.36948260951308,180.04402522382918,180.64516723242406,180.64516723242406,0.0,705.3016666664521,-0.601142008594872,3.712,193.84081157894738,0.0,705.3016666664521,217.10767056905019,113.83088499999812,705.3016666664521,298.2387141681192,32.21870000000034,705.3016666664521,217.92704641117706,113.39322346315605,705.3016666664521,221.1171591318573,170.280169999998,705.3016666664521,218.80619950358127,171.540199749998,705.3016666664521,308.1032802140727,68.38487144015491,705.3016666664521,219.16313096993065,169.8195864999979,705.3016666664521,265.17422285415876,311.66317250145266,260.8110300483906,363.59569486715895,263.2199324740787,289.92129201159645,290.2812827327471,292.0672299651898,419.56395650429647,264.53720598571607,336.59697664747057,True,0.09331689497716897,0.20535019370527635,0.42045750296007733,0.10497289591615733,0.0582888888888889,0.0654,0.33778468679976026,0.5156546680722263,0.9989925166108257,-1.5748830956841249,0.24148890767877637,0.1551041135279704,106.29263154100045,0.4166666666666667,cached,,,,,,,,
SI_H24_pvmedian14,Ausgrid 1,246.6468635951979,135.8969173896438,207.55143235074414,4017.9990000000003,2064.810874889197,3281.39031649326,3862.8379999999997,1670.4129874584487,2864.9215633585127,135.55394303220038,117.23891624430046,18.315026787999997,105.5737892034041,0.34297435744340304,5.646,237.00517236842106,207.20845799330073,192.18858389840014,15.019874094599995,143.2089738416808,0.34297435744340304,5.12,258.5101184389845,125.63061681561771,125.88784758370026,118.16700576800017,7.7208418158,81.15154885808465,-0.2572307680825523,3.934,238.7273515143367,0.0,138.35726363029914,138.02348883004333,200.65038574999986,122.7857135741009,219.85269368196404,54.285699999999984,117.15892651669868,144.14785214464374,190.1223361742029,123.25689174360663,149.8318239404432,203.21798258000018,122.73816660150332,140.32041863374354,218.7404712055003,122.12907804599813,226.1252973309298,171.66521681630132,119.13976701271018,143.5066402068437,209.72526447359155,122.9057296394872,346.6223839608349,359.6306618653294,306.25189547134266,385.0041272254971,340.22286174655665,353.7978967103274,353.5913596820335,357.24414995027996,458.4729555420018,344.4135297999775,416.7922380170989,True,0.2264420091324201,0.493288456438733,0.3873103433194241,0.12952323779131703,0.12564652777777777,0.15075694444444446,0.4411655081941924,0.5977996759183118,0.7323889303504804,-0.1022459428209237,0.7002926082811354,0.5142092047243848,108.89393199999176,0.4166666666666667,cached,227.76638319733723,31.52679549124999,99.66995291252896,169.3369138623775,150.63285571606428,107.97542815540504,340.57250089788704,340.076031899476
SI_H24_pvmedian14,Ausgrid 104,1020.516493422599,991.9148527683418,1034.8534701711424,12190.554,11983.61040403047,12775.444163186141,382.53499999999997,11.230000000000034,802.582988477915,991.5718784108984,941.805912551799,49.765965859099985,234.4781670265127,0.34297435744340304,12.39684210526316,164.0495731578947,1034.510495813699,987.3274643401003,47.18303147349998,238.73189511101444,0.34297435744340293,12.39684210526316,164.5180163823733,982.9425647870036,983.1966929909973,943.1351434458977,40.061549545199995,198.6898135172504,-0.2541282039938374,11.16,171.4399780481922,0.0,251.94389472518054,999.4519916746403,34.90378374999993,249.18401565206287,1007.882043000944,135.41043049254975,226.41705312402212,999.4519916746403,34.90378374999993,249.18401565206287,1000.91743033974,64.15393945000002,249.38038212314908,1000.6447499292409,56.3003259499999,249.3554984191984,1004.3039681248387,225.78010648775586,224.1891261075272,999.7415940534388,59.92476749999993,249.37726757364274,1263.1792505558699,1290.7201088301954,1253.0657024910006,1272.4603881477794,1294.747008610644,1274.0875147520815,1273.4587174942726,1277.0286205670557,1342.1345387748122,1263.1792505558699,1322.5681386022643,True,0.08320331050228312,0.18004090574012904,0.35257174921514856,0.0822366971344961,0.07276041666666667,0.07363819444444444,1.2231796807515634,1.8089353565694213,0.7722400595319993,-0.327015952271718,0.9467490767036093,0.7840368972809517,108.66520895800204,0.4166666666666667,cached,1002.9116605578548,46.452339222001314,228.46786937178067,993.0303574597771,71.65328019151804,229.9968769925394,1250.734671272136,1252.882767865449
SI_H24_pvmedian14,Ausgrid 113,377.08062869440147,327.51493496184474,369.9660155388432,4569.722,4000.55287900277,4675.246011246233,768.287,30.329387541551313,708.5355577879602,327.17196060440136,310.60213606870053,16.5698245358,112.86179739750959,0.34297435744340304,4.79,168.36314552631578,369.6230411813998,352.6705028734998,16.9525383077,120.591654147578,0.34297435744340304,4.79,164.94018542088156,323.53448267851905,323.7917134466016,311.25086108590057,12.540852361199999,84.87506234940624,-0.2572307680825523,4.316,175.39949905322686,0.0,141.14071361440222,338.6624458303453,69.38438150000005,134.04217046079438,347.16013804174565,94.77375429999996,122.89642552548423,338.67243833674524,69.36596428543727,134.04217046079438,340.31376937214515,94.04448390000024,133.65346025502146,339.7610993720451,89.8600343500001,134.3982155867968,349.88994400434404,221.2727158335968,106.91962525209253,338.3010695750447,91.46311669999992,134.72779244249418,501.61709391647184,509.5456278588965,481.4926696334365,518.2213423088037,510.5280429953192,511.13849397587217,511.6009959380086,513.1524312521667,559.2827469451219,501.61477524947304,549.0065341871019,True,0.08545816210045662,0.19330903361500967,0.3669666824182698,0.11516740716576201,0.08791458333333332,0.08864236111111112,0.31167273781893506,0.44933695159103254,0.46739393894105047,0.07052046595837458,0.37560888170978995,0.3888861479156169,112.28170791600132,0.4166666666666667,cached,359.25630907817197,27.472865956376715,102.85722315692236,331.7225586500831,86.56573865200666,98.04418516571674,473.56055971691796,465.8358015874693
SI_H24_pvmedian14,Ausgrid 127,319.5697555875013,292.20763093474363,327.8863651810435,3740.375,3604.249523704986,4167.076633283677,285.355,17.703602500000027,591.9775676483405,291.86465657730025,277.0671572192002,14.797499357999998,130.83985140098548,0.34297435744340304,4.912000000000001,132.0560257894737,327.54339082360013,310.68760620140085,16.8557846224,136.81231900429333,0.34297435744340304,4.652058584277785,120.90267933699542,292.3224600209558,292.5472095379013,277.74594194490066,14.801267592900004,96.42843319318436,-0.22474951694548975,3.412000000000001,142.00195542417876,0.0,151.3490531818993,304.73280811554497,26.133288749999974,150.81810539632227,300.0976090931086,101.7690752387999,145.91544956867574,304.73280811554497,26.133288749999974,150.81810539632227,303.1813583035442,56.58283125000003,148.78650075853176,305.2995607674447,48.01039415000004,150.95232347631682,306.8792438744176,189.43392618007266,123.41117096939111,304.2622735592439,51.52668350000003,149.0148365889205,466.4397838243672,488.4168400112843,447.9183746408813,470.9188087694006,478.0708264146765,474.7465616064978,476.2562151395948,475.544038749576,515.0748005757516,466.4397838243672,509.221217418839,True,0.062295262557077624,0.13653876985499752,0.35156766904456804,0.1237501505359081,0.05382569444444445,0.06184166666666666,0.27335405617507574,0.438463167437699,0.4782248888743982,0.21225066186006358,0.29041897808373307,0.28635005710279515,111.93759679199138,0.4166666666666667,cached,307.3960408580881,36.57485742955303,107.61362341080323,299.1038755248333,41.95949962771379,115.40240080241108,430.2491881978717,431.98940117212516
SI_H24_pvmedian14,Ausgrid 128,371.2478020108007,350.74760289404435,379.80594274154384,4365.071,4329.098970117729,4820.086111787154,187.64,17.125000000000007,522.5777245181641,350.40462853660097,333.34953843720024,17.0550900992,114.7483138871837,0.34297435744340304,5.216,134.99571447368422,379.46296838410046,364.33242963760085,15.130538746399996,121.76479554547697,0.34297435744340304,5.216,120.9010440056827,347.7086952384594,347.67212337590075,334.3230607408,13.349062634800003,71.24486660311379,0.036571862558645384,4.488,150.544283381515,0.0,123.68431318709432,361.7557640220426,17.31451,123.44294518229341,356.15867453667886,73.08520000000011,142.48047408000667,361.7557640220426,17.31451,123.44294518229341,361.9500644121422,48.211095449999924,123.04163941270792,362.6916997313426,39.13695999999999,123.79778622878486,357.0272068343435,190.34246082770264,114.36131178611669,361.273184295142,43.10757399999999,123.91853364639215,492.4130883710027,529.0913152833523,481.68034658387114,494.932115197895,521.7441311452632,503.15320710820083,502.79655262679415,505.0796602623501,551.9461732893886,492.4130883710027,550.6978772986696,True,0.07235462328767124,0.16089505659018807,0.35882672303788643,0.1457460931445551,0.05035277777777779,0.0616423611111111,0.32499874038370086,0.4459085310423622,0.4789832805689037,-0.6060021761843786,0.2753409123518385,0.3566206669924405,111.3998865839967,0.4166666666666667,cached,361.2771100879516,20.38830843205823,95.08537397219676,356.99768453040843,27.21966741783428,98.16145202940505,464.85761257350595,466.50066465057773
SI_H24_pvmedian14,Ausgrid 137,439.9702491086008,396.7618695769442,440.5971324953456,5156.477,4745.786449009695,5475.313812745356,603.538,14.95755401662053,764.043143456015,396.4188952195008,378.9669077025003,17.4519875167,151.01932966449994,0.34297435744340304,5.37,177.23117973684208,440.2541581379022,423.2025795731026,17.051578564199993,153.34397355771125,0.34297435744340304,5.06,158.1744469998705,393.2918700671094,393.40872368710063,380.5629552880006,12.845768398999999,105.39859772400293,-0.11685361999121385,3.2719999999999994,182.53834876522305,0.0,159.14586104229056,409.27575021854307,54.69844450000013,158.6275826237644,413.89780356074374,120.69194319999988,164.97518862128405,409.2760573539431,54.697927159300455,158.6275826237644,410.9317485362439,82.16587289999974,157.97257383458347,410.3844985247437,76.16942275000007,158.6582534717646,416.657336247644,222.2883984127863,148.51307102389063,409.7442142999433,78.79145737499985,158.4890297789739,590.6944429607494,629.1613018486944,574.7481131099553,599.1161101508914,621.6275241317951,601.0630179851671,600.780011475675,603.1401027458272,659.8471256363362,590.6943513839742,657.7905732768622,True,0.10877534246575343,0.2411799111521915,0.35681394614718365,0.1099329137406333,0.06633958333333333,0.07638611111111111,0.4061999424514299,0.5750053746385867,0.4926062230564005,-0.001933155079515636,0.5925842314575029,0.4597734738258214,92.45411987499392,0.4166666666666667,cached,428.52579629266927,22.413119474587184,124.08951632040151,405.36840447124433,59.570072074436084,134.02280885880342,561.9541123941488,564.2120766943962
SI_H24_pvmedian14,Ausgrid 138,460.2859668538997,406.32816652779917,448.345561199297,5965.689,5419.106894106648,6190.226189176587,2546.1800000000003,1822.682980602493,2576.5785057600206,406.07531432379966,378.11872242229947,27.9565919015,132.40386371712898,0.25285220399953223,7.176,175.25573486842103,448.0067851264988,425.6722743068994,22.334510820000006,151.45474029828293,0.33877607279819183,7.176,193.01556200606427,403.8135054403955,404.05719774700003,378.8926898012998,25.16450794549999,106.93161990912661,-0.24369230660452354,6.086,180.98755113511706,0.0,151.09980228671617,423.7919577839947,63.37994450000033,147.63280075390438,443.2822737180591,78.22248284999986,139.17106215218112,425.75897014719635,60.29639404779025,148.0068007218904,427.42233284709454,78.20007820000026,147.5955214619027,426.38345089809513,76.60355976800034,148.15867394980697,435.6165180198958,153.32399934846472,131.86581930412547,425.7268865393954,73.46344345000034,147.74170893717402,598.8892683889993,615.0460370577401,586.1566049891542,611.3857691406158,611.7552531067703,604.0783635807362,606.4602747512356,607.6012202256641,680.22345233344,597.8330687462326,631.3673370525482,True,0.17266894977168948,0.44901309956890445,0.37327571166031903,0.02950595001690659,0.0,0.15412777777777775,0.6677767500371513,1.0742948466421849,0.7829187099789828,-0.08329070898800417,0.4660022505979051,0.22903741335546995,109.90566079199198,0.4166666666666667,cached,453.9595010645172,14.330098669060684,139.17410054877848,430.8784087773943,50.028739650413954,131.79796180991337,599.1044760587376,583.5216787749802
SI_H24_pvmedian14,Ausgrid 142,228.0583538538994,138.5528113660438,193.91996369374428,3082.336,1630.8906166066486,2702.9074901017707,2034.358,382.00798489612185,1440.4729487308493,138.2098370086004,116.42458032790033,21.785256680400003,110.94185149071221,0.34297435744340304,4.948,199.65579499999998,193.57698933630087,179.42202959890008,14.1549597375,123.81736331062284,0.34297435744340304,4.948,212.86021979730768,131.99690530902365,132.20608356450018,116.47141140500028,15.7346721594,99.52747176747214,-0.20917825547653454,3.708,201.07968269736844,0.0,156.67054134779843,146.38108769284327,151.8776704999996,127.25265807012063,190.4631416707691,74.00730000000003,112.52355240900928,147.77430345634306,149.5351125507343,127.338128698928,157.52859131574294,156.8385513499995,131.36351153411871,149.10435600814333,168.1733187742491,127.11364431970973,205.70898012694337,188.62193278307683,107.2637135271734,150.57351471764284,162.56500129999935,126.94995304550565,337.41872905141037,333.8230690797784,315.3075782003993,384.7288952016978,332.68457744008936,345.25888497148156,346.2902164837902,354.24149924569474,406.4290852532453,336.91610847129704,391.56516564706544,True,0.13141472602739726,0.2813985153287482,0.3792045615502946,0.12690913944814142,0.10764652777777778,0.1135347222222222,0.29258683783447537,0.4516744282580489,0.627618451161031,0.0953477695079753,0.5283015098668837,0.43544410328374566,110.5266229169938,0.4166666666666667,cached,210.16736052422917,31.279605687050037,111.13190860080691,163.88850632988058,115.1049149441347,112.40473153299,334.3324381613069,324.25361908959337
SI_H24_pvmedian14,Ausgrid 148,513.7954667500998,453.04666244084325,514.6643015438447,6218.915000000001,5433.789361052632,6473.59198946443,988.8919999999999,26.722054390581768,1055.2117848130752,452.70368808339987,426.4162184939005,26.2874695896,182.93203803911248,0.34297435744340304,6.418000000000001,176.40727315789474,514.3213271864013,487.9405748540016,26.380752332100002,194.56864501172726,0.34297435744340304,6.572,187.4300968397813,450.3577961308175,450.61502689890006,427.0994783738002,23.515548524999996,151.42466192653225,-0.2572307680825523,5.072,179.9382834868421,0.0,207.4358223007178,462.5951414970425,89.24803975000019,202.46381132361307,480.2690996875968,91.03721804999998,197.63190443459624,462.60522311254243,89.23087962976828,202.46381132361307,463.5229774905428,113.6516285000002,200.83491479428778,464.1297721810428,110.24253825000048,202.4782493875971,482.13637434554005,213.07470211407608,183.90040369645206,461.8206341817426,111.30743935000037,201.34283764228817,702.2485676152256,715.833178309693,676.756742843534,721.2312890508176,709.4817309624119,709.5415715531976,712.5424125061402,711.712737493164,787.3288202388142,702.2456360498223,754.8179039228571,True,0.08720662100456622,0.18532181161009484,0.3846570221696544,0.10675490803643461,0.07553888888888889,0.08130416666666666,0.5834251503352126,0.8273526816045437,0.7082574698229278,-0.22670981883950425,0.9235194043558526,0.6801778422935707,110.21986712499347,0.4166666666666667,cached,493.1090836439189,28.67578034956307,176.65158458954846,455.46317385898027,91.11078351486017,176.8266768919707,681.7089100457854,670.2526772154761
SI_H24_pvmedian14,Ausgrid 156,497.1830118554981,448.69352495944145,503.7612919046411,5853.852,5350.6941533241,6335.010542328311,712.1859999999999,45.2498592520776,1034.054398496583,448.35055060199807,418.80754186789704,29.543008734199994,179.03647015581925,0.34297435744340304,8.326,163.48141473684208,503.4183175471977,476.74331807409857,26.674999472999996,188.585477388775,0.34297435744340304,8.326,159.10834527194035,448.3400165996625,448.5949909574987,419.5229018516977,29.072089105899998,144.82153340551534,-0.2549743578362142,7.225999999999999,170.31687814035087,0.0,202.29800510963892,462.2863889992415,62.57139699999982,198.56439670640162,471.03026824685884,72.7479000000002,193.1264380898099,462.3039779981415,62.54185734831549,198.56439670640162,463.3054193256412,89.8482972422501,199.12450908409306,463.6160670975416,83.77348625000027,198.65172422474626,461.56365451094257,228.20636850248943,178.67524954898525,462.1129481132414,85.82432025000011,198.98952953257697,686.9274819330078,694.4683313366688,664.1269158969907,699.481016965137,695.8472512556116,696.8626110833184,697.1734105931213,699.8667189273385,758.6419131567245,686.9222011223097,735.3248909359651,True,0.07857648401826485,0.18199417453921443,0.3291559810003553,0.13080976511545972,0.06052777777777778,0.06649930555555557,0.5719560277795311,0.8396244597441361,0.6927180569227832,-0.662693218207661,0.7183640056823426,0.5813060046978109,108.77354754199041,0.4166666666666667,cached,478.60072326059225,35.17521210525549,166.43118701128304,455.0196569071874,85.19738175478041,175.12669934992,659.6882486490651,665.6452653215993
SI_H24_pvmedian14,Ausgrid 158,461.39391510509813,371.6538008593436,405.79872278564505,6029.782,4748.450115907202,5279.938832755247,2108.627,598.1350727839335,1134.8081027771427,371.31082650190024,355.3527747066007,15.958051795,116.45181630141006,0.34297435744340304,5.1579999999999995,227.1867086842105,405.4557484282017,392.22566895900144,13.2300794692,122.83645848769322,0.34297435744340304,4.746,222.13532664533204,367.0873160894884,367.1576249302002,356.5628235874002,10.5948013427,84.24934850249741,-0.0703088407117991,3.776,240.21953885341014,0.0,140.94967013439648,381.9495652405434,137.93174725,127.63637295679581,428.5823661717764,87.45689999999996,128.9895165026135,384.4754034300436,133.63619600802792,127.84843040769306,385.7599579107428,161.02903517189998,127.60658786700479,382.0099228280431,159.00635611432514,127.8059899567697,423.21105894704334,256.08681209035024,115.2323203275052,383.0855836070424,159.28116024999997,126.58250026659755,568.0055821744149,594.0122576743898,551.4281391142401,602.3435852394946,582.7667457791747,576.0352339778066,576.0685611657816,580.4619770993726,621.19156737556,567.0574995515059,645.1462176455278,True,0.14343984018264838,0.3767723236970964,0.4098164859640316,-0.05238679915308753,0.14624166666666666,0.1671388888888889,0.35096684215654195,0.5008975991389493,0.44001188699222205,-0.6375232420838362,0.25010557443935294,0.4067895845066738,109.8763171669998,0.4166666666666667,cached,442.87154237124696,35.918874574840615,100.35649503850203,403.5439245908323,121.77997390561953,99.53554834730912,558.194235149266,553.8211287321495
SI_H24_pvmedian14,Ausgrid 168,188.16745764100057,143.30742539374296,183.3648346882438,2330.559,1703.3716186842107,2407.785148582743,782.124,25.63552000000004,729.6558234495637,142.96445103629955,128.39089284239986,14.573558194199997,93.81170424220774,0.34297435744340304,3.03,129.88825,183.0218603308004,170.9639008211002,12.05795951,110.14914323270492,0.34297435744340304,3.106,130.271393719508,137.67803168642328,137.73687529019998,128.63785385149998,9.099021439000003,61.680468549909165,-0.05884360377669789,2.183307,134.1897883871595,0.0,118.17423750151079,148.1850847610434,70.96669100000008,112.99234670729676,163.11177951405065,63.64393110000007,108.05992874250626,148.1850847610434,70.96669100000008,112.99234670729676,151.37330071884367,90.68732048399988,112.29560003369882,148.56460217534365,91.67773258775006,113.17832801352222,175.05844359260524,142.42802716540731,94.8709850801927,148.72543791344364,91.5848707017499,112.25506141478036,290.7468860516735,297.6900128815569,255.27091206431558,306.34169514251136,291.2392338026174,299.1408621206198,299.9419854337617,301.45528428754244,347.79372530407704,290.7468860516735,329.27443999171766,True,0.06757043378995432,0.14744373549590467,0.3606725292295392,0.12632563988646572,0.05954513888888889,0.06929722222222222,0.2223173481234736,0.3250753146293306,0.610581373665971,-0.0786043493989328,0.29143885497497785,0.25678031166199217,109.52505683300842,0.4166666666666667,cached,172.84956230307822,24.766018285120655,83.49375830161064,146.04646825202752,75.78305130024906,93.69323959879463,266.6624948901558,271.31597922592596
SI_H24_pvmedian14,Ausgrid 172,300.17501360780165,272.56763721524425,308.0118144269443,3466.299,3180.921131426593,3843.0589453217503,467.297,43.37564610110805,706.8561710730099,272.22466285780087,247.9352642769009,24.2893985808,126.107315894003,0.34297435744340304,4.8,138.89365236842104,307.6688400695009,288.6967537497013,18.9720863201,134.1867754136113,0.34297435744340304,4.441588833399548,137.58536978082375,264.0314043988427,264.1999407345007,248.56172133240048,15.638219402200004,91.11585524158751,-0.1685363356579502,3.386,142.71783861355303,0.0,147.702777866415,277.45767784744487,40.30952950000021,144.97955076238958,284.9763619457158,81.31371747200004,142.60005599318723,277.4498751675449,40.30952950000021,144.97955076238958,279.92626860734396,64.04717185000001,144.31192505040227,279.2247967162443,60.2045678000002,145.09342039918778,283.9228003959426,171.47530466609695,120.4462135219966,277.681261538544,63.83164895,144.7598528586904,439.22506322160126,461.4571335522363,414.61302572941065,447.8777914742167,456.547308262756,449.03763479306775,449.40345369876553,450.9245152619129,499.5258272492322,439.2328659015012,475.81705752881294,True,0.058369292237442916,0.1341584062518504,0.3882749419275276,0.11427784495033688,0.04869375,0.04640347222222223,0.31242991342573534,0.4619820890791877,0.6341416040417708,-0.10003767760176241,0.44612335100208644,0.4288495193582569,111.31708108300518,0.4166666666666667,cached,287.83385382348143,30.44041795379219,110.00581065569162,271.9336440794547,50.50652356589333,123.08254434851904,410.5231719599198,416.060573247096
SI_H24_pvmedian14,Ausgrid 179,295.29957393520016,266.707268324043,306.2162938553424,3448.159,3194.701008788088,3911.3088494346052,403.714,21.285000000000025,731.0740477439758,266.36429396659963,250.70812738389938,15.6561665825,134.24420752437612,0.34297435744340304,4.938,129.5666239473684,305.87331949789905,292.52444438379933,13.348875113800002,138.1420887679053,0.34297435744340304,4.938,136.21057600625454,261.8946455027166,262.15187627079916,251.18589271919953,10.9659835513,99.67650728860377,-0.2572307680825523,3.4379999999999997,140.1153562526825,0.0,154.90836900410895,273.2850040899443,36.81518850000009,153.49198355898756,276.0325200419442,85.5055405,139.74227958521502,273.2850040899443,36.81518850000009,153.49198355898756,274.26405143654375,64.51449390000003,152.86918121559657,273.9566587951439,58.594156050000265,153.5042131477905,278.0898684032107,164.9947508918403,131.2414554101227,273.25735318314383,61.33173800000012,152.83972660606517,442.1166495239319,451.40210816882586,419.95255122993814,450.2079429393091,454.93756915982266,451.6519706225424,451.87510363043447,454.0142717771404,501.11278929252046,442.1166495239319,478.0791366849336,True,0.05909041095890412,0.12750666962589352,0.3912452939713705,0.11223313758849662,0.04184305555555556,0.04047986111111111,0.3310780834877045,0.5037280548121171,0.6640540273210723,-0.10205794336517804,0.6740484434036963,0.5963645115305581,111.05630137499247,0.4166666666666667,cached,285.1030826984185,26.34769287725491,119.5165507523492,270.2540073357813,49.23598778264037,128.5576128625049,415.59783881629056,419.3266151077197
SI_H24_pvmedian14,Ausgrid 180,276.9561230724001,221.7479420946431,271.61270218774285,3270.559,2557.564244619114,3404.34192041499,1022.7570000000001,146.33985228531856,977.7010263061632,221.40496773719968,200.8757722641,20.529195473099996,128.58419665281252,0.34297435744340304,5.066,163.13463868421053,271.2697278302995,251.46584830850028,19.80387952220001,141.0066179322414,0.34297435744340304,5.112588615739612,178.155845541934,213.48034940567211,213.60287496409956,199.34873105019983,14.254143913900005,96.93041698158535,-0.12252555842743384,3.876,171.2034955065881,0.0,147.96227807619422,230.27142932074358,84.98097475000002,144.60524068900008,256.24347682938077,55.2548000000002,148.18517009407466,230.70205321144365,84.49004990288313,144.6070986058005,233.3959373125442,99.93980614999985,143.58808911305482,231.82990411744325,101.58390159999996,143.96492208329096,250.0204389704433,174.34621634370086,129.64041181261445,231.44340993564413,101.451536269125,145.8225150672325,410.51333927677877,427.45148025678884,381.74555618166914,424.9184011485943,418.30490486587667,419.53739844834536,418.1214518674009,418.6256123214323,486.85092242912344,410.2854094889103,452.3051075929331,True,0.07598127853881279,0.17560954054547723,0.37935576386557635,0.13384943516389414,0.03795347222222223,0.043788888888888884,0.3478377416878635,0.5315210629705134,0.7613183314246235,-0.1757573368376495,0.7751238466446456,0.4448144565936968,108.8351109590003,0.4166666666666667,cached,256.90950949540036,37.77026888481206,105.14533475908316,228.34064356588848,88.2057134349554,109.694169536184,377.79245628982187,374.7871936999706
SI_H24_pvmedian14,Ausgrid 204,286.6508889974005,228.08187515394258,268.5973615540417,3410.782,2683.5842865027703,3390.931299677246,906.307,24.20397506925213,734.3102906908488,227.73890079649917,203.2821583921993,24.456742404100005,107.91903136510624,0.34297435744340304,5.12,154.83594447368418,268.2543871965983,246.4774648450984,21.7769223515,122.66526967690561,0.34297435744340304,5.377585847894053,152.14739337136143,228.35221681396075,228.58019322319953,204.20834195519976,24.371851268,82.34609381631633,-0.2279764092387779,4.14,155.93347615814986,0.0,138.1382468375377,239.1536048700422,82.17420675000008,126.25365811879965,245.39947982817145,89.2871000000001,122.40924727290559,239.1536048700422,82.17420675000008,126.25365811879965,243.55389747094262,105.97481244999994,127.89632587701051,240.15720101374242,103.30560600200003,127.06977614596413,257.77921791158485,188.68886850820812,102.60093613242044,241.40730712354244,103.45977129999986,127.48126118110852,399.6465158013419,405.0116854344104,375.67059236283956,424.7891358349382,400.51588338308386,411.9968063463176,410.27097966053987,415.60639520211976,454.6573784690146,399.6465158013419,439.00051592242534,True,0.09844857305936072,0.21177517438619042,0.3723898668237274,0.14647146441278514,0.0741798611111111,0.09496111111111111,0.2194836587394678,0.386150461943238,0.3988664005639707,0.054969029154048776,0.20985879967434565,0.2222312870014075,110.91830616700463,0.4166666666666667,cached,270.61320229124124,20.627404262644745,97.02991365011464,237.4954326804265,84.97814557973555,107.04358290642153,376.23786771745785,379.9465762450712
SI_H24_pvmedian14,Ausgrid 21,693.3793528941004,668.2707718465462,704.3122820239444,8193.731,8053.885286385041,8700.44945431723,321.28099999999995,15.581630000000013,670.5136816195377,667.9277974891028,634.0962682453003,33.8315292438,216.16177530051792,0.34297435744340304,7.41,165.50356263157894,703.969307666501,673.1534459028009,30.815861763599997,222.70783351123023,0.34297435744340304,7.6269284277366385,157.35024006441785,662.3347498012182,662.5919805693007,634.7677962809989,27.8241842884,190.57855690152783,-0.2572307680825523,6.946,168.70304931578949,0.0,248.81251839118735,676.4301397562431,29.375610249999973,245.06292714164843,683.1669534399576,126.3474183999999,225.30184476327878,676.4301397562431,29.375610249999973,245.06292714164843,678.8189446739432,60.07151039999987,242.71302021194882,677.6496462775436,51.07152974999992,245.06292714164843,673.2924980662455,230.31683985217313,217.4573179614834,676.8431183741425,55.089342252749965,244.66931574212987,933.7329045020581,961.1135558699029,923.2062439176583,942.1918712852878,953.392364910222,944.4663267215849,943.992377481692,946.5617608858919,992.5827155620153,933.7329045020581,986.7151659661342,True,0.07479737442922375,0.1717878074808767,0.466327420244471,0.08558625193984515,0.05521875,0.05746111111111111,0.6933723693453272,0.9461894803983318,0.6546942159105006,-0.02959424470388128,0.6033696826849098,1.0328144355352655,108.13231641700258,0.4166666666666667,cached,677.9651240268756,29.74083993684141,209.9225970970305,666.2033626344711,39.765316981395515,214.52710612902663,900.2797377642567,897.2993508390791
SI_H24_pvmedian14,Ausgrid 223,288.77947014919874,241.6971024409436,295.2323624587417,3304.7740000000003,2799.1912393074795,3687.356803330511,723.391,64.20197979224378,933.8002143621472,241.3541280835002,222.53018428730064,18.8239437962,179.70425054378623,0.34297435744340304,6.864,153.57020157894735,294.8893881012983,275.5542447992986,19.335143302100008,189.9631577772467,0.34297435744340304,6.864,171.6614456614823,237.65501536021748,237.91224612830004,221.29728751710024,16.61495861099999,155.31661169239968,-0.2572307680825523,6.06,160.0960083416487,0.0,210.59999369926388,252.53812984984316,64.5855217499998,207.77136789769432,269.06128989025495,73.41409474999988,208.42134491684985,252.54874473634305,64.39202813806244,207.92303691050634,254.96669081814318,86.3643555999997,203.92220538909922,253.1014855683433,84.95995329999963,206.167083241645,263.00072248307356,167.01824668140725,186.41922171110676,253.51829439964317,86.1789839698747,206.2699553508746,487.3017933710421,508.07184095293803,459.6782971949708,499.3794638484626,485.3889369759579,495.69615973796556,494.6685493516548,494.874044373909,556.7211225949393,487.2201318100374,519.0108803114333,True,0.054450399543379,0.120205398557909,0.3644360009535219,0.11037387814176258,0.033628472222222226,0.03510833333333333,0.3736769904459165,0.5939819898857646,0.8414471787050918,-0.12263534026752221,0.6712649005796805,0.45653922873188213,110.53661579199252,0.4166666666666667,cached,268.2431813810576,27.468526180625013,166.91895561748217,246.4424744633787,68.85491539811116,172.97459128463504,446.60735624046686,448.10661383056004
SI_H24_pvmedian14,Ausgrid 240,251.50553360560048,215.42328290964306,264.19318752704316,3184.9710000000005,2621.931742998615,3511.114214594707,821.888,133.39829878116345,1019.9427964949678,215.08030855219965,198.1120937833992,16.968214768599996,77.13780047709723,0.34297435744340304,4.226,126.13633026315787,263.8502131695998,250.5851687254996,13.265044444300004,88.25691974552817,0.34297435744340304,3.862,128.7066637894893,202.27703382541696,202.53426459349953,198.15067234899942,4.3835922446,44.82542236169129,-0.2572307680825523,2.4959999999999996,135.48035215118472,0.0,90.53373555820862,213.9950076738436,67.97477850000001,86.90877370860079,234.5050814778352,35.58928065000002,87.9399541209914,214.15323257634364,67.72060919179093,87.21112846379619,218.40682590024383,80.616445631875,87.77381353541301,217.2221716794431,82.73514347200009,87.40238529268314,237.0661630459215,128.41044938776855,80.17665765162295,216.47929277804334,79.97188489299984,87.24998671669228,329.58128153671936,337.2739025363266,303.55260291676854,342.0392691638091,345.1178876630561,337.05089820015223,339.097533418793,339.7708251156048,406.07788385152526,329.2266057574444,370.7471746091147,True,0.05733333333333333,0.12699695147888987,0.37110571384870705,0.0752586013249521,0.041959722222222225,0.03806319444444445,0.34028557051604824,0.4777784842405006,0.8020843574450691,-1.1817679840563797,0.600745245640354,0.43765832981450503,91.9166342089884,0.4166666666666667,cached,233.3924274005671,27.441341131231383,73.53307898250482,212.8790885968707,71.33230239941167,74.7191221015912,318.359398521085,317.3200033648834
SI_H24_pvmedian14,Ausgrid 247,268.97245300130004,240.88435800514281,278.94701276154365,3099.6980000000003,2783.9294220498614,3450.666998007478,455.286,25.13710136426595,684.4870374934346,240.5413836476994,212.23117818519972,28.310205462299994,92.65407803418982,0.34297435744340304,3.832,115.35005605263159,278.60403840410027,253.24276588120028,25.361272522599997,106.22389836480231,0.34297435744340304,3.9878391513305442,122.54826921881155,231.73056329621645,231.987794064299,212.93446660749896,19.0533274568,62.031872803004084,-0.2572307680825523,3.088,123.40627178596235,0.0,114.44104248903142,245.6683876449436,41.46956149999998,112.56830953860499,250.8105746525173,46.42639999999997,109.7055355476906,245.6683876449436,41.46956149999998,112.56830953860499,247.6127064206436,65.55819025675002,112.01544716261354,246.31332720194368,61.65512450625005,112.96905673541333,249.67869962051753,143.83562935333921,93.35589249011169,246.67442238884357,61.97481650012494,111.44244708429859,375.5156811418819,379.86044353354123,345.1817160100382,383.41349549033146,381.6009593945958,383.9397096815275,384.9720191482945,386.94406619023636,436.23268996751744,375.5156811418819,402.9661043411872,True,0.05221210045662101,0.11578261446687663,0.40517773665369455,0.12358034840027521,0.02314027777777778,0.03158541666666667,0.3167813705285906,0.4602639136206781,0.7354425185299268,-0.09680646313549102,0.4800647109001793,0.48314197708936796,91.82311825000215,0.4166666666666667,cached,249.7957464758341,25.504451943715097,88.46968401980732,236.82143931800167,50.96912383609977,95.93205358700186,348.8922854721894,353.9906278367118
SI_H24_pvmedian14,Ausgrid 249,473.0111880555016,431.27347318484414,469.78226548654095,5669.514999999999,5277.317656980609,5941.093507919924,591.292,19.691797500000042,683.7519685966321,430.93049882740075,414.7322812370006,16.1982175901,155.01449980430468,0.34297435744340304,5.454,178.7053502631579,469.43929112909757,454.2676735221977,15.171617606899998,157.38841338690585,0.34297435744340304,5.454,178.42832036628505,426.40101000951785,426.6582407776004,416.0824234915999,10.575817286000003,116.07674308917883,-0.2572307680825523,3.96,187.4117595368685,0.0,171.06254662172006,442.86462817884365,53.74410299999996,169.860700522512,445.75238006804454,134.21695827000013,165.37412767291397,442.86462817884365,53.74410299999996,169.860700522512,444.1184755808426,82.70231394999975,169.04184405778688,444.00922119034294,75.47009379999994,169.94953827449496,446.0581413985468,230.35479236797755,156.29057838300741,443.29981949164267,78.24479745,169.1133452541121,635.1187049513555,667.0502403534585,620.5659862390586,644.0737346772216,660.748535598798,645.0151636832547,645.4046318815045,647.619617117796,701.515812359399,635.1187049513555,698.3298832682116,True,0.07919389269406393,0.18332344768905787,0.3447642916175292,0.087873879298897,0.053290972222222226,0.05420694444444444,0.38253414165205846,0.5383692668521257,0.4726084582230131,-0.16488662979261193,0.4615680359723974,0.4833456317418819,111.14945387499756,0.4166666666666667,cached,456.4659232253284,37.451687051797414,125.10328897529324,441.25056826291814,64.43901195396134,135.66021496890625,597.1740818055372,603.760371545975
SI_H24_pvmedian14,Ausgrid 261,222.14233999299992,194.803219282743,230.53386536674378,2636.215,2234.504988968144,2899.2188295017195,530.0060000000001,25.714189196675928,683.2973589503573,194.46024492529958,170.86821042229917,23.59203450280001,106.4411809113201,0.34297435744340304,6.1,103.85406131578948,230.19089100930037,211.68158139660014,18.5093096124,124.7161572417904,0.34297435744340304,6.1,110.8018943833788,184.99669230841707,185.25392307649963,171.17454360859963,14.079379467900003,75.27654944979649,-0.2572307680825523,3.976,108.57578909419503,0.0,129.28602469619182,195.0841503820433,48.21304150000012,126.34327575952072,204.38638322382116,40.912963750000095,125.13828728510188,195.0841503820433,48.21304150000012,126.34327575952072,196.4500067459434,74.26055874999975,126.3429314942955,195.72499420454344,69.58176864999986,126.28696952950644,213.86038784297978,125.0067111273004,103.80168143750603,195.86182088494363,69.6943577,126.35833681612274,341.51619343323074,346.5717387380897,305.51315388079485,351.42836468919177,344.51692574230873,351.2594734093997,351.00436733821647,353.73483771940545,401.41747860160865,341.51619343323074,369.748198916861,True,0.06201849315068494,0.131316111420958,0.37815417340679963,0.10676581954855069,0.048650000000000006,0.05375624999999999,0.27801331236800964,0.45368861958550516,0.6874064824558584,-0.1525149442144722,0.4219985224478972,0.3692415154211128,110.11227837500337,0.4166666666666667,cached,207.52016158142646,23.603208707386393,96.62208736130007,188.3899162249803,59.86861334465631,103.85256048131257,313.9769192374709,317.18773226656634
SI_H24_pvmedian14,Ausgrid 27,400.13778691979877,365.28427555814244,407.77339096604237,4741.581,4414.162345554016,5147.845557037534,554.73,75.41432882963991,802.6290011450554,364.94130120069906,345.0056319361996,19.935669264700003,144.27619222663014,0.34297435744340304,5.486,151.90478552631575,407.430416608599,388.27969335569935,19.1507232524,146.29449348669735,0.34297435744340304,5.486,158.20746471574816,358.93834159098594,359.1804988616999,345.3241113221004,13.8563875396,116.07906322690658,-0.24215727071393942,3.87,153.78666807752194,0.0,171.47281408289504,374.3850484641433,45.817664250000014,165.05547663808113,383.0850639803428,96.27602190999971,139.80132085180358,374.3976776713432,45.8022146591163,165.05547663808113,375.5508646356433,71.44733374999922,164.5260136124867,375.73733367234286,65.72258949999937,165.1863317564912,383.0869279777158,198.7944044655846,136.4787656790813,374.78585210974336,67.82776174999928,165.08229736286933,558.5374104173895,563.0013939613129,539.0951831835266,571.6106010026938,572.8541284207374,568.1297168684457,568.3080777205005,569.846600643963,619.9876614176347,558.5312185397245,602.3966955174574,True,0.0618050799086758,0.13399711733592592,0.3610598535920758,0.11596019136880942,0.044302777777777774,0.05234652777777777,0.39117025684857254,0.5626317970685518,0.6026089537056212,-0.1357889630632152,0.5504054082982139,0.5979458929548044,109.98375087500608,0.4166666666666667,cached,383.3760193969362,26.6930560965413,128.4040196956027,368.80894761567924,60.504744701296104,128.31141260669727,522.9021457994311,522.3306705145833
SI_H24_pvmedian14,Ausgrid 29,304.9851725481985,244.5122688279432,294.52754096704194,3680.29,2907.4191373822714,3714.5830797001436,1039.942,79.24625572022161,875.8451237354165,244.16929447049978,230.11597746180013,14.053317008499993,126.75469627721866,0.34297435744340304,4.26,186.91142315789472,294.18456660959856,280.5934701814991,13.5910964276,138.365499006792,0.34297435744340304,4.566,197.2055981194771,238.20068242772817,238.3913368638002,229.96794251200066,8.423394351700003,96.11344727090001,-0.19065443607204088,3.1419999999999995,191.17382939240414,0.0,150.67325627579697,253.16756583944266,90.3545420000003,146.14042307098268,273.2042950824056,98.52181904000014,145.19921073751328,253.5797182639427,89.80538471097027,146.14042307098268,259.19761560074255,108.3636028500003,144.60619776514184,254.1613032453422,109.27351258837521,145.21337941369464,276.9310155039538,204.826935522664,122.19297886600955,255.79562655444218,108.07623833312516,146.76663727408828,437.13905163116306,459.4542637532523,413.96989194546325,455.65842882399545,449.14672475428466,447.59402980066596,444.9053129041931,448.9553145533845,515.0620391902828,436.9557147437588,484.46855083774005,True,0.09631027397260275,0.2215546347165492,0.40486775350843357,0.09308655299406421,0.02918125,0.033471527777777774,0.33662094915285734,0.48444751150716586,0.6241923503781881,-0.06871152053632401,0.6427642570046475,0.43993818498658216,110.41905154100095,0.4166666666666667,cached,286.3129427148726,30.154922892058096,114.84541872080827,256.73227585569936,91.45606023317816,123.42258173751947,413.72291264070503,418.26154935704307
SI_H24_pvmedian14,Ausgrid 290,396.39215088399874,372.1884884804431,405.35187613084366,4534.246,4414.0058998337945,4942.765532468651,274.671,16.975000000000026,561.7566283970008,371.8455141229997,340.4489504245993,31.396563698300007,167.03389520160485,0.34297435744340304,7.886,137.8339536842105,405.0089017734003,372.66804916929976,32.3408526041,173.8386098692192,0.34297435744340304,7.5530060691373,122.22277832622335,369.38114201391704,369.6383727819996,341.04053150749974,28.597841274499995,129.77104439649523,-0.2572307680825523,6.386,144.14827047368422,0.0,187.64574419951342,382.49793214384033,25.169057750000007,186.6251581434727,383.1827803934595,97.01773624999987,175.33230142381225,382.49793214384033,25.169057750000007,186.6251581434727,383.60747477144105,54.864656923499965,185.6584643849874,383.32939236444076,46.92678270624996,186.54789327308615,376.7433444401363,186.29359964137208,168.56886787440052,382.55163118524126,49.993936823499986,185.04368942478823,579.6101976831463,598.939138588105,559.2139657744474,584.0378950835121,596.6531977171356,588.4261276198212,589.4301117651311,592.1262128745534,630.1166436359892,579.6101976831463,622.9345454984418,True,0.05849332191780821,0.12410959285572082,0.3911539465668784,0.09521333232095486,0.03710694444444444,0.03270208333333333,0.3746286309533978,0.6166716889168476,0.589230260323011,0.05365710816831171,0.31756489268348287,0.4379817406511955,110.66353979200358,0.4166666666666667,cached,380.38869017731633,33.07643880132911,145.76291351733474,372.5610138262774,35.86795228457029,156.62346525101927,539.9334531952048,544.1294591958676
SI_H24_pvmedian14,Ausgrid 5,283.05642111709966,251.3636226305431,284.69352048464407,3203.059,2945.4920939404433,3513.3453289283593,493.563,109.70647046398894,682.9575565994342,251.02064827309968,225.73365839189978,25.2869898814,119.91519463772724,0.34297435744340304,5.902,126.95399210526314,284.3505461272007,260.2445643557,24.105981771399996,136.48066484041172,0.34297435744340304,5.54,121.69454739741441,250.22563561081674,250.4828663788993,225.78974400499962,24.6931223738,103.13048791159021,-0.2572307680825523,5.058,131.7496737827915,0.0,159.5088671769127,264.45546730134265,37.59595399999919,152.14502558010798,262.60485429644314,79.34138684999994,130.0722151876086,264.45313278554255,37.59541240191485,152.14502558010798,265.701528794843,62.47346194999924,149.96113394492835,265.62211731714245,57.01006679124923,151.85891147130067,269.1123034454429,152.1174102103075,118.8243190580052,264.7397255794425,58.66592388099936,152.5142762409203,432.26291353311507,425.7359806715517,408.2518209319034,442.56528829401236,424.17631397879666,441.69813677077923,441.2352232847969,441.69327188560436,471.88024674064513,432.26547371478364,451.3188767577429,True,0.05216786529680365,0.11345164796925886,0.3615253840397069,0.11018807159922184,0.03999791666666667,0.044825694444444446,0.3175822471555441,0.514922947697454,0.7001333527993215,-0.15626670956538358,0.22591365500657443,0.567043674586579,110.22996091700043,0.4166666666666667,cached,266.9308424022795,25.17710635229126,115.45697808708074,254.64350149142123,46.27643319883872,118.42478095430084,392.87828146948164,392.3501296119049
SI_H24_pvmedian14,Ausgrid 65,422.85387594019807,375.98166205824367,423.19658099864114,4949.204,4353.21374533241,5210.6668310157565,790.739,31.39290849722996,885.8381558620224,375.6386877008003,343.5494212410998,32.089266459799994,177.77318925459696,0.34297435744340304,8.11,163.0697897368421,422.85360664119776,394.67295738989833,28.180649251200002,182.04133677514483,0.34297435744340293,8.084,166.00050399594545,369.69621780041706,369.9534485684996,344.0528444388996,25.900604129599998,149.60543971251937,-0.2572307680825523,6.704000000000001,166.66804912264413,0.0,205.16139562292923,382.11006962824456,71.74419474999988,199.66529513972418,397.94997664127953,97.79221915000011,183.95083373958687,382.1378004965446,71.69521807801831,199.66529513972418,385.0416601781444,94.00257869962492,199.9915690005151,383.679878175644,92.38100349999996,199.3508522565056,407.4153732699817,195.21106547843652,175.10207496568017,383.1025986163445,92.86413045837483,199.27778372554118,611.6761031687764,622.6475683600331,588.7466779807048,628.0152715631273,621.7005970365249,621.0737700328752,621.5228152238162,624.2009703035033,674.4047944387632,611.6687792471354,663.8553921850105,True,0.09709223744292238,0.2101674253767641,0.3762683986092905,0.11509982240154315,0.08135486111111112,0.08944583333333335,0.41237207755474187,0.6431886652119221,0.5627728701205439,-0.06341346936635195,0.7606151664215816,0.751653052404559,112.31760412499716,0.4166666666666667,cached,405.0671685651163,26.21244807464895,169.18501268100246,374.2188928112807,77.9709300769016,177.848663869759,585.1740346105559,584.5554442130821
SI_H24_pvmedian14,Ausgrid 66,173.13925950230106,122.1112637662434,157.5401870911428,2171.043,1463.8214533864266,2109.6107549907633,1009.2339999999999,160.9392001108035,817.4811160529234,121.76828940879999,104.9190212551,16.849268153399994,83.81469147150547,0.34297435744340304,3.0878116343490323,141.35855447368422,157.1972127336994,144.4058930723989,12.791319661399998,99.398381349696,0.34297435744340304,3.462511532987659,130.88164819584398,116.08335148409434,116.32229607789954,104.31211506099987,12.010181016400002,61.46596252379175,-0.23894459380520314,2.6260000000000003,144.11208285184415,0.0,115.98299299061354,129.53267869664364,80.03942649999928,101.00671598768133,142.66763528738338,63.35599999999997,89.83626736667522,129.71636633934364,79.8552013605791,101.00671598768133,132.81055803784352,95.64978269250011,97.21032299069647,131.85799131864383,96.43128713650115,101.76437524207766,151.16695744338182,146.37615689736234,71.85305438849456,131.19697779264357,96.85311891791861,100.46170199378307,263.9960828939329,258.9022359873919,237.5960151961545,289.1222524929146,264.8253529351173,272.0141460022261,273.80206953426364,269.874957150415,311.47258852244045,263.8891557259914,284.01007720577735,True,0.06923898401826484,0.16380922035561973,0.33729904287993534,0.12845741891078288,0.03901597222222222,0.045469444444444444,0.20693777544179143,0.30947691027934565,0.6124206466688332,-0.1558182321054462,0.16095183382205017,0.26665102776284433,110.15629454200098,0.4166666666666667,cached,149.04044080006275,31.77715236571881,74.82204206168797,126.32950199773514,81.41510339731596,72.28507760190001,237.10296301413356,232.53753934851682
SI_H24_pvmedian14,Ausgrid 67,320.8568661751,212.508124017944,268.74832967924294,4470.205,2762.98484297784,3594.5426163248885,2399.488,463.58957517313024,1280.014023423493,212.1651496605006,199.39321853030066,12.771931130000002,89.36480475619132,0.34297435744340304,3.302,226.71728657894738,268.40535532179956,254.6628086674995,13.742546654199998,115.77733568999342,0.34297435744340304,3.3608244941171797,241.46257769879517,207.9773430177369,208.1302707709004,200.08914110910044,8.0411296617,69.20236477949749,-0.1529277531635208,2.956,229.3551225853772,0.0,126.4584220682776,219.46634726904384,177.70860800000028,107.28827339708624,268.09729637229145,100.77640000000001,95.28597852288779,222.61672209044355,172.44892512572935,107.34205947550268,229.93731381854343,189.80131715000022,107.63473964830668,221.15548169384383,197.42681464900014,107.63334677949945,292.9993533329438,231.11040123679058,88.99681356639861,225.00726076294373,191.05984889500013,106.92069451390284,401.8125003683334,405.3734415618459,372.7443422078082,447.3152882433776,396.33846484869673,411.5362256497633,411.05000124376,416.6559356126835,485.1350727437344,400.7998739994635,478.29216741467184,True,0.19129063926940637,0.40435067274892894,0.36162970821548446,0.11152432125197387,0.17513333333333334,0.19366388888888889,0.286621795830487,0.3970806891353592,0.3744969491999403,0.14324592081527698,0.2802343838243035,0.2921953249824256,111.18109708299744,0.4166666666666667,cached,297.1136636061416,37.00167431504743,83.48519576090662,252.79001182293086,136.47405343227575,77.64798102581311,396.01622366498464,387.3021817788589
SI_H24_pvmedian14,Ausgrid 81,176.62934630629977,110.70703726883161,168.75111430531464,2470.9849999999997,1400.4139463088645,2410.0785982469306,1453.213,239.62870531855955,1250.8152460774165,110.6032775974999,93.33543880469998,17.2678387931,51.76446393920108,0.10375967133171358,4.232,140.5268734210526,168.7098038180007,154.20174436070056,14.508059458000002,89.98621384249446,0.04131048731395951,4.232,138.33342381922208,101.14660075541775,101.4038315235003,92.01863017440031,9.385201349099999,41.48641360300597,-0.2572307680825523,4.232,144.13189693421344,0.0,75.57806331260679,115.27350224545029,113.83088499999812,68.33215948540581,160.97386915865576,22.413299999999793,71.21032417300454,115.60774302241555,113.39322346315605,68.39071875580866,120.95105964392509,115.01185939999826,68.16968275169911,119.83158332518867,121.0979311033232,69.14579096819972,161.50607937983233,68.01761364215668,55.10206981579253,121.52458261441646,116.93967378999844,68.88345653980409,231.24563822120592,241.52306833166023,202.687971414346,252.20740961890655,221.0243651334713,239.13290323338657,239.43484558643974,237.0423504789568,316.37625473915165,231.03519714752198,244.94882154652348,True,0.09331689497716897,0.20535019370527635,0.42045750296007733,0.10497289591615733,0.0582888888888889,0.0654,0.33778468679976026,0.5156546680722263,0.9989925166108257,-1.5748830956841249,0.24148890767877637,0.1551041135279704,109.59774470799312,0.4166666666666667,cached,127.6407718742723,82.9765008674235,53.75704834849129,116.15594656247126,107.26177042395378,56.18314563519578,215.9713622508567,217.03149654098112
