Running LocalModel for 30 users: [138, 127, 65, 148, 223, 179, 261, 142, 128, 168, 249, 81, 104, 172, 29, 27, 156, 180, 21, 290, 66, 240, 113, 67, 5, 158, 1, 204, 247, 137]

[1/30]
============================================================
USER 138  (cluster 0)
============================================================
  [setup] imports...
Using Apple Silicon MPS Acceleration

Tensor created on device: mps:0
  [setup] data loading...
  [setup] preprocessing...
Detected step: 30.0 min | KorakovNaDan=48 | BatMaxPolnjenje=3.000 | BatMaxPraznjenje=3.000
Using Scaler: RobustScaler
                           Energy_Consumption  ...  SMP_OutlierFlag
Timestamp_UTC                                  ...                 
2010-07-01 00:30:00+00:00            0.029333  ...              0.0
2010-07-01 01:00:00+00:00           -0.010667  ...              0.0
2010-07-01 01:30:00+00:00           -0.085333  ...              0.0
2010-07-01 02:00:00+00:00           -0.098667  ...              0.0
2010-07-01 02:30:00+00:00           -0.104000  ...              0.0

[5 rows x 4 columns]
Notebook DQN now uses HouseholdEnvironment directly
  [setup] DQN class & Learning_DQN...
  [baselines] test env + MILP function...
  [baselines] SARSA agents + random DQN eval...
cena po optimizaciji 1839.0068356602596
Random eval: epsilon = 1.0
Episode: 1
Steps per episode: 17535
Epsilon 1.0000
Final price: 2897.49 EUR
  [baselines] no-battery agent...
  [baselines] MILP benchmark (this may take several minutes)...
Building MILP Model...
Solving over 17535 steps... (This may take a moment)

--- MILP Optimization Complete ---
Total Electricity Cost (Inc GST & Fixed): $1054.5482
Total RL Equivalent Reward: -217.9017
    No-battery cost: 1505.52 EUR | MILP cost: 1054.55 EUR
  [BASIC] training (100 episodes)...
Reset requested: removed old DQN checkpoint.
Episode: 100
Steps per episode: 336
Epsilon 1.0000
Epsilon 0.9942
Epsilon 0.9808
Epsilon 0.9674
Epsilon 0.9540
Epsilon 0.9406
Epsilon 0.9272
Epsilon 0.9138
Epsilon 0.9004
Epsilon 0.8870
Epsilon 0.8736
Epsilon 0.8602
Epsilon 0.8468
Epsilon 0.8334
Epsilon 0.8200
Epsilon 0.8066
Epsilon 0.7932
Epsilon 0.7798
Epsilon 0.7664
Epsilon 0.7530
Epsilon 0.7396
Epsilon 0.7262
Epsilon 0.7128
Epsilon 0.6994
Epsilon 0.6860
Epsilon 0.6726
Epsilon 0.6592
Epsilon 0.6458
Epsilon 0.6324
Epsilon 0.6190
Epsilon 0.6056
Epsilon 0.5922
Epsilon 0.5788
Epsilon 0.5654
Epsilon 0.5520
Epsilon 0.5386
Epsilon 0.5252
Epsilon 0.5118
Epsilon 0.4984
Epsilon 0.4850
Epsilon 0.4716
Epsilon 0.4582
Epsilon 0.4448
Epsilon 0.4314
Epsilon 0.4180
Epsilon 0.4046
Epsilon 0.3912
Epsilon 0.3778
Epsilon 0.3644
Epsilon 0.3510
Epsilon 0.3376
Epsilon 0.3242
Epsilon 0.3108
Epsilon 0.2974
Epsilon 0.2840
Epsilon 0.2706
Epsilon 0.2572
Epsilon 0.2438
Epsilon 0.2304
Epsilon 0.2170
Epsilon 0.2036
Epsilon 0.1902
Epsilon 0.1768
Epsilon 0.1634
Epsilon 0.1500
Epsilon 0.1366
Epsilon 0.1232
Epsilon 0.1098
Epsilon 0.0964
Epsilon 0.0830
Epsilon 0.0696
Epsilon 0.0562
Epsilon 0.0428
Epsilon 0.0294
Epsilon 0.0160
Epsilon 0.0100
Epsilon 0.0100
Epsilon 0.0100
Epsilon 0.0100
Epsilon 0.0100
Epsilon 0.0100
Epsilon 0.0100
Epsilon 0.0100
Epsilon 0.0100
Epsilon 0.0100
Epsilon 0.0100
Epsilon 0.0100
Epsilon 0.0100
Epsilon 0.0100
Epsilon 0.0100
Epsilon 0.0100
Epsilon 0.0100
Epsilon 0.0100
Epsilon 0.0100
Epsilon 0.0100
Epsilon 0.0100
Epsilon 0.0100
Epsilon 0.0100
Epsilon 0.0100
Epsilon 0.0100
  [BASIC] evaluation...
Deterministic eval: epsilon = 0.0 (greedy)
Episode: 1
Steps per episode: 17535
Epsilon 0.0000
Final price: 1407.74 EUR
    DQN cost: 1407.74 EUR  (improvement: 6.5%  fraction of theoretical: 21.7%)
    Saved user_138_basic_price_comparison.pdf / .png
  [EXTENDED] convergence training (40 x 10 episodes with eval)...
Reset requested: removed old DQN checkpoint.
Episode: 10
Steps per episode: 336
Epsilon 1.0000
Epsilon 0.9942
Epsilon 0.9808
Epsilon 0.9674
Epsilon 0.9540
Epsilon 0.9406
Epsilon 0.9272
Epsilon 0.9138
Epsilon 0.9004
Epsilon 0.8870
Episode: 10
Steps per episode: 336
Epsilon 1.0000
Epsilon 0.9866
Epsilon 0.9732
Epsilon 0.9598
Epsilon 0.9464
Epsilon 0.9330
Epsilon 0.9196
Epsilon 0.9062
Epsilon 0.8928
Epsilon 0.8794
Iter 00 | Reward(mean±std): -16.16 ± 12.21 | Price(mean±std): 26.05 ± 8.64
Episode: 10
Steps per episode: 336
Epsilon 1.0000
Epsilon 0.9866
Epsilon 0.9732
Epsilon 0.9598
Epsilon 0.9464
Epsilon 0.9330
Epsilon 0.9196
Epsilon 0.9062
Epsilon 0.8928
Epsilon 0.8794
Iter 01 | Reward(mean±std): -9.40 ± 5.88 | Price(mean±std): 27.22 ± 9.12
Episode: 10
Steps per episode: 336
Epsilon 1.0000
Epsilon 0.9866
Epsilon 0.9732
Epsilon 0.9598
Epsilon 0.9464
Epsilon 0.9330
Epsilon 0.9196
Epsilon 0.9062
Epsilon 0.8928
Epsilon 0.8794
Iter 02 | Reward(mean±std): -7.94 ± 5.26 | Price(mean±std): 25.89 ± 8.81
Episode: 10
Steps per episode: 336
Epsilon 1.0000
Epsilon 0.9866
Epsilon 0.9732
Epsilon 0.9598
Epsilon 0.9464
Epsilon 0.9330
Epsilon 0.9196
Epsilon 0.9062
Epsilon 0.8928
Epsilon 0.8794
Iter 03 | Reward(mean±std): -13.34 ± 7.31 | Price(mean±std): 25.72 ± 8.89
Episode: 10
Steps per episode: 336
Epsilon 1.0000
Epsilon 0.9866
Epsilon 0.9732
Epsilon 0.9598
Epsilon 0.9464
Epsilon 0.9330
Epsilon 0.9196
Epsilon 0.9062
Epsilon 0.8928
Epsilon 0.8794
Iter 04 | Reward(mean±std): -28.43 ± 31.09 | Price(mean±std): 26.88 ± 9.07
Episode: 10
Steps per episode: 336
Epsilon 1.0000
Epsilon 0.9866
Epsilon 0.9732
Epsilon 0.9598
Epsilon 0.9464
Epsilon 0.9330
Epsilon 0.9196
Epsilon 0.9062
Epsilon 0.8928
Epsilon 0.8794
Iter 05 | Reward(mean±std): -8.14 ± 5.70 | Price(mean±std): 26.52 ± 9.12
Episode: 10
Steps per episode: 336
Epsilon 1.0000
Epsilon 0.9866
Epsilon 0.9732
Epsilon 0.9598
Epsilon 0.9464
Epsilon 0.9330
Epsilon 0.9196
Epsilon 0.9062
Epsilon 0.8928
Epsilon 0.8794
Iter 06 | Reward(mean±std): -7.61 ± 5.56 | Price(mean±std): 25.67 ± 8.89
Episode: 10
Steps per episode: 336
Epsilon 1.0000
Epsilon 0.9866
Epsilon 0.9732
Epsilon 0.9598
Epsilon 0.9464
Epsilon 0.9330
Epsilon 0.9196
Epsilon 0.9062
Epsilon 0.8928
Epsilon 0.8794
Iter 07 | Reward(mean±std): -9.09 ± 5.86 | Price(mean±std): 28.03 ± 9.38
Episode: 10
Steps per episode: 336
Epsilon 1.0000
Epsilon 0.9866
Epsilon 0.9732
Epsilon 0.9598
Epsilon 0.9464
Epsilon 0.9330
Epsilon 0.9196
Epsilon 0.9062
Epsilon 0.8928
Epsilon 0.8794
Iter 08 | Reward(mean±std): -91.50 ± 54.77 | Price(mean±std): 26.69 ± 9.16
Episode: 10
Steps per episode: 336
Epsilon 1.0000
Epsilon 0.9866
Epsilon 0.9732
Epsilon 0.9598
Epsilon 0.9464
Epsilon 0.9330
Epsilon 0.9196
Epsilon 0.9062
Epsilon 0.8928
Epsilon 0.8794
Iter 09 | Reward(mean±std): -10.76 ± 6.74 | Price(mean±std): 30.50 ± 10.62
Episode: 10
Steps per episode: 336
Epsilon 1.0000
Epsilon 0.9866
Epsilon 0.9732
Epsilon 0.9598
Epsilon 0.9464
Epsilon 0.9330
Epsilon 0.9196
Epsilon 0.9062
Epsilon 0.8928
Epsilon 0.8794
Iter 10 | Reward(mean±std): -10.51 ± 7.44 | Price(mean±std): 30.01 ± 11.69
Episode: 10
Steps per episode: 336
Epsilon 1.0000
Epsilon 0.9866
Epsilon 0.9732
Epsilon 0.9598
Epsilon 0.9464
Epsilon 0.9330
Epsilon 0.9196
Epsilon 0.9062
Epsilon 0.8928
Epsilon 0.8794
Iter 11 | Reward(mean±std): -8.12 ± 5.61 | Price(mean±std): 26.48 ± 8.98
Episode: 10
Steps per episode: 336
Epsilon 1.0000
Epsilon 0.9866
Epsilon 0.9732
Epsilon 0.9598
Epsilon 0.9464
Epsilon 0.9330
Epsilon 0.9196
Epsilon 0.9062
Epsilon 0.8928
Epsilon 0.8794
Iter 12 | Reward(mean±std): -7.65 ± 5.81 | Price(mean±std): 25.72 ± 9.30
Episode: 10
Steps per episode: 336
Epsilon 1.0000
Epsilon 0.9866
Epsilon 0.9732
Epsilon 0.9598
Epsilon 0.9464
Epsilon 0.9330
Epsilon 0.9196
Epsilon 0.9062
Epsilon 0.8928
Epsilon 0.8794
Iter 13 | Reward(mean±std): -8.20 ± 5.87 | Price(mean±std): 26.60 ± 9.38
Episode: 10
Steps per episode: 336
Epsilon 1.0000
Epsilon 0.9866
Epsilon 0.9732
Epsilon 0.9598
Epsilon 0.9464
Epsilon 0.9330
Epsilon 0.9196
Epsilon 0.9062
Epsilon 0.8928
Epsilon 0.8794
Iter 14 | Reward(mean±std): -7.22 ± 5.50 | Price(mean±std): 25.04 ± 8.80
Episode: 10
Steps per episode: 336
Epsilon 1.0000
Epsilon 0.9866
Epsilon 0.9732
Epsilon 0.9598
Epsilon 0.9464
Epsilon 0.9330
Epsilon 0.9196
Epsilon 0.9062
Epsilon 0.8928
Epsilon 0.8794
Iter 15 | Reward(mean±std): -9.57 ± 7.72 | Price(mean±std): 26.00 ± 8.91
Episode: 10
Steps per episode: 336
Epsilon 1.0000
Epsilon 0.9866
Epsilon 0.9732
Epsilon 0.9598
Epsilon 0.9464
Epsilon 0.9330
Epsilon 0.9196
Epsilon 0.9062
Epsilon 0.8928
Epsilon 0.8794
Iter 16 | Reward(mean±std): -8.16 ± 5.91 | Price(mean±std): 26.55 ± 9.46
Episode: 10
Steps per episode: 336
Epsilon 1.0000
Epsilon 0.9866
Epsilon 0.9732
Epsilon 0.9598
Epsilon 0.9464
Epsilon 0.9330
Epsilon 0.9196
Epsilon 0.9062
Epsilon 0.8928
Epsilon 0.8794
Iter 17 | Reward(mean±std): -7.71 ± 5.63 | Price(mean±std): 25.42 ± 8.55
Episode: 10
Steps per episode: 336
Epsilon 1.0000
Epsilon 0.9866
Epsilon 0.9732
Epsilon 0.9598
Epsilon 0.9464
Epsilon 0.9330
Epsilon 0.9196
Epsilon 0.9062
Epsilon 0.8928
Epsilon 0.8794
Iter 18 | Reward(mean±std): -8.53 ± 7.48 | Price(mean±std): 24.73 ± 8.38
Episode: 10
Steps per episode: 336
Epsilon 1.0000
Epsilon 0.9866
Epsilon 0.9732
Epsilon 0.9598
Epsilon 0.9464
Epsilon 0.9330
Epsilon 0.9196
Epsilon 0.9062
Epsilon 0.8928
Epsilon 0.8794
Iter 19 | Reward(mean±std): -11.64 ± 4.89 | Price(mean±std): 24.21 ± 8.26
Episode: 10
Steps per episode: 336
Epsilon 1.0000
Epsilon 0.9866
Epsilon 0.9732
Epsilon 0.9598
Epsilon 0.9464
Epsilon 0.9330
Epsilon 0.9196
Epsilon 0.9062
Epsilon 0.8928
Epsilon 0.8794
Iter 20 | Reward(mean±std): -7.78 ± 4.62 | Price(mean±std): 24.74 ± 8.46
Episode: 10
Steps per episode: 336
Epsilon 1.0000
Epsilon 0.9866
Epsilon 0.9732
Epsilon 0.9598
Epsilon 0.9464
Epsilon 0.9330
Epsilon 0.9196
Epsilon 0.9062
Epsilon 0.8928
Epsilon 0.8794
Iter 21 | Reward(mean±std): -6.65 ± 4.97 | Price(mean±std): 24.13 ± 7.96
Episode: 10
Steps per episode: 336
Epsilon 1.0000
Epsilon 0.9866
Epsilon 0.9732
Epsilon 0.9598
Epsilon 0.9464
Epsilon 0.9330
Epsilon 0.9196
Epsilon 0.9062
Epsilon 0.8928
Epsilon 0.8794
Iter 22 | Reward(mean±std): -8.24 ± 5.92 | Price(mean±std): 26.27 ± 9.06
Episode: 10
Steps per episode: 336
Epsilon 1.0000
Epsilon 0.9866
Epsilon 0.9732
Epsilon 0.9598
Epsilon 0.9464
Epsilon 0.9330
Epsilon 0.9196
Epsilon 0.9062
Epsilon 0.8928
Epsilon 0.8794
Iter 23 | Reward(mean±std): -6.93 ± 4.43 | Price(mean±std): 24.57 ± 7.08
Episode: 10
Steps per episode: 336
Epsilon 1.0000
Epsilon 0.9866
Epsilon 0.9732
Epsilon 0.9598
Epsilon 0.9464
Epsilon 0.9330
Epsilon 0.9196
Epsilon 0.9062
Epsilon 0.8928
Epsilon 0.8794
Iter 24 | Reward(mean±std): -7.33 ± 5.47 | Price(mean±std): 25.02 ± 9.00
Episode: 10
Steps per episode: 336
Epsilon 1.0000
Epsilon 0.9866
Epsilon 0.9732
Epsilon 0.9598
Epsilon 0.9464
Epsilon 0.9330
Epsilon 0.9196
Epsilon 0.9062
Epsilon 0.8928
Epsilon 0.8794
Iter 25 | Reward(mean±std): -6.58 ± 4.76 | Price(mean±std): 24.01 ± 7.62
Episode: 10
Steps per episode: 336
Epsilon 1.0000
Epsilon 0.9866
Epsilon 0.9732
Epsilon 0.9598
Epsilon 0.9464
Epsilon 0.9330
Epsilon 0.9196
Epsilon 0.9062
Epsilon 0.8928
Epsilon 0.8794
Iter 26 | Reward(mean±std): -8.90 ± 6.95 | Price(mean±std): 27.72 ± 11.12
Episode: 10
Steps per episode: 336
Epsilon 1.0000
Epsilon 0.9866
Epsilon 0.9732
Epsilon 0.9598
Epsilon 0.9464
Epsilon 0.9330
Epsilon 0.9196
Epsilon 0.9062
Epsilon 0.8928
Epsilon 0.8794
Iter 27 | Reward(mean±std): -8.58 ± 6.39 | Price(mean±std): 26.82 ± 10.69
Episode: 10
Steps per episode: 336
Epsilon 1.0000
Epsilon 0.9866
Epsilon 0.9732
Epsilon 0.9598
Epsilon 0.9464
Epsilon 0.9330
Epsilon 0.9196
Epsilon 0.9062
Epsilon 0.8928
Epsilon 0.8794
Iter 28 | Reward(mean±std): -8.22 ± 5.77 | Price(mean±std): 26.64 ± 9.23
Episode: 10
Steps per episode: 336
Epsilon 1.0000
Epsilon 0.9866
Epsilon 0.9732
Epsilon 0.9598
Epsilon 0.9464
Epsilon 0.9330
Epsilon 0.9196
Epsilon 0.9062
Epsilon 0.8928
Epsilon 0.8794
Iter 29 | Reward(mean±std): -9.09 ± 4.66 | Price(mean±std): 26.62 ± 9.24
Episode: 10
Steps per episode: 336
Epsilon 1.0000
Epsilon 0.9866
Epsilon 0.9732
Epsilon 0.9598
Epsilon 0.9464
Epsilon 0.9330
Epsilon 0.9196
Epsilon 0.9062
Epsilon 0.8928
Epsilon 0.8794
Iter 30 | Reward(mean±std): -7.77 ± 5.50 | Price(mean±std): 25.92 ± 8.81
Episode: 10
Steps per episode: 336
Epsilon 1.0000
Epsilon 0.9866
Epsilon 0.9732
Epsilon 0.9598
Epsilon 0.9464
Epsilon 0.9330
Epsilon 0.9196
Epsilon 0.9062
Epsilon 0.8928
Epsilon 0.8794
Iter 31 | Reward(mean±std): -9.36 ± 2.83 | Price(mean±std): 24.95 ± 8.32
Episode: 10
Steps per episode: 336
Epsilon 1.0000
Epsilon 0.9866
Epsilon 0.9732
Epsilon 0.9598
Epsilon 0.9464
Epsilon 0.9330
Epsilon 0.9196
Epsilon 0.9062
Epsilon 0.8928
Epsilon 0.8794
Iter 32 | Reward(mean±std): -7.47 ± 5.23 | Price(mean±std): 25.44 ± 8.37
Episode: 10
Steps per episode: 336
Epsilon 1.0000
Epsilon 0.9866
Epsilon 0.9732
Epsilon 0.9598
Epsilon 0.9464
Epsilon 0.9330
Epsilon 0.9196
Epsilon 0.9062
Epsilon 0.8928
Epsilon 0.8794
Iter 33 | Reward(mean±std): -6.95 ± 5.11 | Price(mean±std): 24.61 ± 8.18
Episode: 10
Steps per episode: 336
Epsilon 1.0000
Epsilon 0.9866
Epsilon 0.9732
Epsilon 0.9598
Epsilon 0.9464
Epsilon 0.9330
Epsilon 0.9196
Epsilon 0.9062
Epsilon 0.8928
Epsilon 0.8794
Iter 34 | Reward(mean±std): -7.34 ± 5.24 | Price(mean±std): 25.23 ± 8.38
Episode: 10
Steps per episode: 336
Epsilon 1.0000
Epsilon 0.9866
Epsilon 0.9732
Epsilon 0.9598
Epsilon 0.9464
Epsilon 0.9330
Epsilon 0.9196
Epsilon 0.9062
Epsilon 0.8928
Epsilon 0.8794
Iter 35 | Reward(mean±std): -8.27 ± 5.84 | Price(mean±std): 26.61 ± 9.25
Episode: 10
Steps per episode: 336
Epsilon 1.0000
Epsilon 0.9866
Epsilon 0.9732
Epsilon 0.9598
Epsilon 0.9464
Epsilon 0.9330
Epsilon 0.9196
Epsilon 0.9062
Epsilon 0.8928
Epsilon 0.8794
Iter 36 | Reward(mean±std): -8.15 ± 5.67 | Price(mean±std): 26.52 ± 9.08
Episode: 10
Steps per episode: 336
Epsilon 1.0000
Epsilon 0.9866
Epsilon 0.9732
Epsilon 0.9598
Epsilon 0.9464
Epsilon 0.9330
Epsilon 0.9196
Epsilon 0.9062
Epsilon 0.8928
Epsilon 0.8794
Iter 37 | Reward(mean±std): -6.93 ± 4.72 | Price(mean±std): 24.58 ± 7.55
Episode: 10
Steps per episode: 336
Epsilon 1.0000
Epsilon 0.9866
Epsilon 0.9732
Epsilon 0.9598
Epsilon 0.9464
Epsilon 0.9330
Epsilon 0.9196
Epsilon 0.9062
Epsilon 0.8928
Epsilon 0.8794
Iter 38 | Reward(mean±std): -13.41 ± 5.12 | Price(mean±std): 28.73 ± 12.71
Episode: 10
Steps per episode: 336
Epsilon 1.0000
Epsilon 0.9866
Epsilon 0.9732
Epsilon 0.9598
Epsilon 0.9464
Epsilon 0.9330
Epsilon 0.9196
Epsilon 0.9062
Epsilon 0.8928
Epsilon 0.8794
Iter 39 | Reward(mean±std): -20.13 ± 13.79 | Price(mean±std): 24.79 ± 8.67

Best mean price over checkpoints: 24.01
Last raw mean reward: -20.13
Last smoothed mean reward (window=5): -11.38
  [EXTENDED] final evaluation with best weights...
Deterministic eval: epsilon = 0.0 (greedy)
Episode: 1
Steps per episode: 17535
Epsilon 0.0000
Final price: 1335.21 EUR
    DQN cost: 1335.21 EUR  (improvement: 11.3%  fraction of theoretical: 37.8%)
    Saved user_138_extended_price_comparison.pdf / .png
  [done] user 138 written to CSV.

[2/30]
============================================================
USER 127  (cluster 1)
============================================================
  [setup] imports...
Using Apple Silicon MPS Acceleration

Tensor created on device: mps:0
  [setup] data loading...
  [setup] preprocessing...
Detected step: 30.0 min | KorakovNaDan=48 | BatMaxPolnjenje=3.000 | BatMaxPraznjenje=3.000
Using Scaler: RobustScaler
                           Energy_Consumption  ...  SMP_OutlierFlag
Timestamp_UTC                                  ...                 
2010-07-01 00:30:00+00:00            0.186916  ...              0.0
2010-07-01 01:00:00+00:00            0.165109  ...              0.0
2010-07-01 01:30:00+00:00            0.006231  ...              0.0
2010-07-01 02:00:00+00:00            0.168224  ...              0.0
2010-07-01 02:30:00+00:00            0.190031  ...              0.0

[5 rows x 4 columns]
Notebook DQN now uses HouseholdEnvironment directly
  [setup] DQN class & Learning_DQN...
  [baselines] test env + MILP function...
  [baselines] SARSA agents + random DQN eval...
cena po optimizaciji 1424.7569336270221
Random eval: epsilon = 1.0
Episode: 1
Steps per episode: 17535
Epsilon 1.0000
Final price: 2737.93 EUR
  [baselines] no-battery agent...
  [baselines] MILP benchmark (this may take several minutes)...
Building MILP Model...
Solving over 17535 steps... (This may take a moment)

--- MILP Optimization Complete ---
Total Electricity Cost (Inc GST & Fixed): $923.9416
Total RL Equivalent Reward: -136.2725
    No-battery cost: 1195.04 EUR | MILP cost: 923.94 EUR
  [BASIC] training (100 episodes)...
Reset requested: removed old DQN checkpoint.
Episode: 100
Steps per episode: 336
Epsilon 1.0000
Epsilon 0.9942
Epsilon 0.9808
Epsilon 0.9674
Epsilon 0.9540
Epsilon 0.9406
Epsilon 0.9272
Epsilon 0.9138
Epsilon 0.9004
Epsilon 0.8870
Epsilon 0.8736
Epsilon 0.8602
Epsilon 0.8468
Epsilon 0.8334
Epsilon 0.8200
Epsilon 0.8066
Epsilon 0.7932
Epsilon 0.7798
Epsilon 0.7664
Epsilon 0.7530
Epsilon 0.7396
Epsilon 0.7262
Epsilon 0.7128
Epsilon 0.6994
Epsilon 0.6860
Epsilon 0.6726
Epsilon 0.6592
Epsilon 0.6458
Epsilon 0.6324
Epsilon 0.6190
Epsilon 0.6056
Epsilon 0.5922
Epsilon 0.5788
Epsilon 0.5654
Epsilon 0.5520
Epsilon 0.5386
Epsilon 0.5252
Epsilon 0.5118
Epsilon 0.4984
Epsilon 0.4850
Epsilon 0.4716
Epsilon 0.4582
Epsilon 0.4448
Epsilon 0.4314
Epsilon 0.4180
Epsilon 0.4046
Epsilon 0.3912
Epsilon 0.3778
Epsilon 0.3644
Epsilon 0.3510
Epsilon 0.3376
Epsilon 0.3242
Epsilon 0.3108
Epsilon 0.2974
Epsilon 0.2840
Epsilon 0.2706
Epsilon 0.2572
Epsilon 0.2438
Epsilon 0.2304
Epsilon 0.2170
Epsilon 0.2036
Epsilon 0.1902
Epsilon 0.1768
Epsilon 0.1634
Epsilon 0.1500
Epsilon 0.1366
Epsilon 0.1232
Epsilon 0.1098
Epsilon 0.0964
Epsilon 0.0830
Epsilon 0.0696
Epsilon 0.0562
Epsilon 0.0428
Epsilon 0.0294
Epsilon 0.0160
Epsilon 0.0100
Epsilon 0.0100
Epsilon 0.0100
Epsilon 0.0100
Epsilon 0.0100
Epsilon 0.0100
Epsilon 0.0100
Epsilon 0.0100
Epsilon 0.0100
Epsilon 0.0100
Epsilon 0.0100
Epsilon 0.0100
Epsilon 0.0100
Epsilon 0.0100
Epsilon 0.0100
Epsilon 0.0100
Epsilon 0.0100
Epsilon 0.0100
Epsilon 0.0100
Epsilon 0.0100
Epsilon 0.0100
Epsilon 0.0100
Epsilon 0.0100
Epsilon 0.0100
Epsilon 0.0100
  [BASIC] evaluation...
Deterministic eval: epsilon = 0.0 (greedy)
Episode: 1
Steps per episode: 17535
Epsilon 0.0000
Final price: 1163.98 EUR
    DQN cost: 1163.98 EUR  (improvement: 2.6%  fraction of theoretical: 11.5%)
    Saved user_127_basic_price_comparison.pdf / .png
  [EXTENDED] convergence training (40 x 10 episodes with eval)...
Reset requested: removed old DQN checkpoint.
Episode: 10
Steps per episode: 336
Epsilon 1.0000
Epsilon 0.9942
Epsilon 0.9808
Epsilon 0.9674
Epsilon 0.9540
Epsilon 0.9406
Epsilon 0.9272
Epsilon 0.9138
Epsilon 0.9004
Epsilon 0.8870
Episode: 10
Steps per episode: 336
Epsilon 1.0000
Epsilon 0.9866
Epsilon 0.9732
Epsilon 0.9598
Epsilon 0.9464
Epsilon 0.9330
Epsilon 0.9196
Epsilon 0.9062
Epsilon 0.8928
Epsilon 0.8794
Iter 00 | Reward(mean±std): -119.89 ± 30.87 | Price(mean±std): 21.62 ± 1.10
Episode: 10
Steps per episode: 336
Epsilon 1.0000
Epsilon 0.9866
Epsilon 0.9732
Epsilon 0.9598
Epsilon 0.9464
Epsilon 0.9330
Epsilon 0.9196
Epsilon 0.9062
Epsilon 0.8928
Epsilon 0.8794
Iter 01 | Reward(mean±std): -82.68 ± 43.16 | Price(mean±std): 21.48 ± 1.10
Episode: 10
Steps per episode: 336
Epsilon 1.0000
Epsilon 0.9866
Epsilon 0.9732
Epsilon 0.9598
Epsilon 0.9464
Epsilon 0.9330
Epsilon 0.9196
Epsilon 0.9062
Epsilon 0.8928
Epsilon 0.8794
Iter 02 | Reward(mean±std): -24.49 ± 35.71 | Price(mean±std): 21.56 ± 1.09
Episode: 10
Steps per episode: 336
Epsilon 1.0000
Epsilon 0.9866
Epsilon 0.9732
Epsilon 0.9598
Epsilon 0.9464
Epsilon 0.9330
Epsilon 0.9196
Epsilon 0.9062
Epsilon 0.8928
Epsilon 0.8794
Iter 03 | Reward(mean±std): -28.22 ± 28.29 | Price(mean±std): 21.44 ± 1.07
Episode: 10
Steps per episode: 336
Epsilon 1.0000
Epsilon 0.9866
Epsilon 0.9732
Epsilon 0.9598
Epsilon 0.9464
Epsilon 0.9330
Epsilon 0.9196
Epsilon 0.9062
Epsilon 0.8928
Epsilon 0.8794
Iter 04 | Reward(mean±std): -5.39 ± 2.00 | Price(mean±std): 21.12 ± 1.40
Episode: 10
Steps per episode: 336
Epsilon 1.0000
Epsilon 0.9866
Epsilon 0.9732
Epsilon 0.9598
Epsilon 0.9464
Epsilon 0.9330
Epsilon 0.9196
Epsilon 0.9062
Epsilon 0.8928
Epsilon 0.8794
Iter 05 | Reward(mean±std): -28.54 ± 22.35 | Price(mean±std): 21.45 ± 1.05
Episode: 10
Steps per episode: 336
Epsilon 1.0000
Epsilon 0.9866
Epsilon 0.9732
Epsilon 0.9598
Epsilon 0.9464
Epsilon 0.9330
Epsilon 0.9196
Epsilon 0.9062
Epsilon 0.8928
Epsilon 0.8794
Iter 06 | Reward(mean±std): -14.69 ± 16.78 | Price(mean±std): 21.39 ± 1.08
Episode: 10
Steps per episode: 336
Epsilon 1.0000
Epsilon 0.9866
Epsilon 0.9732
Epsilon 0.9598
Epsilon 0.9464
Epsilon 0.9330
Epsilon 0.9196
Epsilon 0.9062
Epsilon 0.8928
Epsilon 0.8794
Iter 07 | Reward(mean±std): -5.07 ± 0.65 | Price(mean±std): 21.60 ± 1.04
Episode: 10
Steps per episode: 336
Epsilon 1.0000
Epsilon 0.9866
Epsilon 0.9732
Epsilon 0.9598
Epsilon 0.9464
Epsilon 0.9330
Epsilon 0.9196
Epsilon 0.9062
Epsilon 0.8928
Epsilon 0.8794
Iter 08 | Reward(mean±std): -4.32 ± 0.85 | Price(mean±std): 20.40 ± 1.36
Episode: 10
Steps per episode: 336
Epsilon 1.0000
Epsilon 0.9866
Epsilon 0.9732
Epsilon 0.9598
Epsilon 0.9464
Epsilon 0.9330
Epsilon 0.9196
Epsilon 0.9062
Epsilon 0.8928
Epsilon 0.8794
Iter 09 | Reward(mean±std): -4.86 ± 0.76 | Price(mean±std): 21.26 ± 1.22
Episode: 10
Steps per episode: 336
Epsilon 1.0000
Epsilon 0.9866
Epsilon 0.9732
Epsilon 0.9598
Epsilon 0.9464
Epsilon 0.9330
Epsilon 0.9196
Epsilon 0.9062
Epsilon 0.8928
Epsilon 0.8794
Iter 10 | Reward(mean±std): -4.87 ± 0.63 | Price(mean±std): 21.28 ± 1.01
Episode: 10
Steps per episode: 336
Epsilon 1.0000
Epsilon 0.9866
Epsilon 0.9732
Epsilon 0.9598
Epsilon 0.9464
Epsilon 0.9330
Epsilon 0.9196
Epsilon 0.9062
Epsilon 0.8928
Epsilon 0.8794
Iter 11 | Reward(mean±std): -4.98 ± 0.71 | Price(mean±std): 21.45 ± 1.13
Episode: 10
Steps per episode: 336
Epsilon 1.0000
Epsilon 0.9866
Epsilon 0.9732
Epsilon 0.9598
Epsilon 0.9464
Epsilon 0.9330
Epsilon 0.9196
Epsilon 0.9062
Epsilon 0.8928
Epsilon 0.8794
Iter 12 | Reward(mean±std): -4.08 ± 1.03 | Price(mean±std): 20.01 ± 1.66
Episode: 10
Steps per episode: 336
Epsilon 1.0000
Epsilon 0.9866
Epsilon 0.9732
Epsilon 0.9598
Epsilon 0.9464
Epsilon 0.9330
Epsilon 0.9196
Epsilon 0.9062
Epsilon 0.8928
Epsilon 0.8794
Iter 13 | Reward(mean±std): -4.78 ± 0.76 | Price(mean±std): 21.14 ± 1.21
Episode: 10
Steps per episode: 336
Epsilon 1.0000
Epsilon 0.9866
Epsilon 0.9732
Epsilon 0.9598
Epsilon 0.9464
Epsilon 0.9330
Epsilon 0.9196
Epsilon 0.9062
Epsilon 0.8928
Epsilon 0.8794
Iter 14 | Reward(mean±std): -4.59 ± 0.85 | Price(mean±std): 20.82 ± 1.36
Episode: 10
Steps per episode: 336
Epsilon 1.0000
Epsilon 0.9866
Epsilon 0.9732
Epsilon 0.9598
Epsilon 0.9464
Epsilon 0.9330
Epsilon 0.9196
Epsilon 0.9062
Epsilon 0.8928
Epsilon 0.8794
Iter 15 | Reward(mean±std): -5.27 ± 0.67 | Price(mean±std): 21.92 ± 1.07
Episode: 10
Steps per episode: 336
Epsilon 1.0000
Epsilon 0.9866
Epsilon 0.9732
Epsilon 0.9598
Epsilon 0.9464
Epsilon 0.9330
Epsilon 0.9196
Epsilon 0.9062
Epsilon 0.8928
Epsilon 0.8794
Iter 16 | Reward(mean±std): -4.33 ± 0.69 | Price(mean±std): 20.42 ± 1.11
Episode: 10
Steps per episode: 336
Epsilon 1.0000
Epsilon 0.9866
Epsilon 0.9732
Epsilon 0.9598
Epsilon 0.9464
Epsilon 0.9330
Epsilon 0.9196
Epsilon 0.9062
Epsilon 0.8928
Epsilon 0.8794
Iter 17 | Reward(mean±std): -4.44 ± 0.78 | Price(mean±std): 20.59 ± 1.25
Episode: 10
Steps per episode: 336
Epsilon 1.0000
Epsilon 0.9866
Epsilon 0.9732
Epsilon 0.9598
Epsilon 0.9464
Epsilon 0.9330
Epsilon 0.9196
Epsilon 0.9062
Epsilon 0.8928
Epsilon 0.8794
Iter 18 | Reward(mean±std): -4.71 ± 0.82 | Price(mean±std): 21.03 ± 1.31
Episode: 10
Steps per episode: 336
Epsilon 1.0000
Epsilon 0.9866
Epsilon 0.9732
Epsilon 0.9598
Epsilon 0.9464
Epsilon 0.9330
Epsilon 0.9196
Epsilon 0.9062
Epsilon 0.8928
Epsilon 0.8794
Iter 19 | Reward(mean±std): -5.00 ± 0.69 | Price(mean±std): 21.48 ± 1.11
Episode: 10
Steps per episode: 336
Epsilon 1.0000
Epsilon 0.9866
Epsilon 0.9732
Epsilon 0.9598
Epsilon 0.9464
Epsilon 0.9330
Epsilon 0.9196
Epsilon 0.9062
Epsilon 0.8928
Epsilon 0.8794
Iter 20 | Reward(mean±std): -4.22 ± 0.58 | Price(mean±std): 20.24 ± 0.93
Episode: 10
Steps per episode: 336
Epsilon 1.0000
Epsilon 0.9866
Epsilon 0.9732
Epsilon 0.9598
Epsilon 0.9464
Epsilon 0.9330
Epsilon 0.9196
Epsilon 0.9062
Epsilon 0.8928
Epsilon 0.8794
Iter 21 | Reward(mean±std): -4.63 ± 0.72 | Price(mean±std): 20.60 ± 1.11
Episode: 10
Steps per episode: 336
Epsilon 1.0000
Epsilon 0.9866
Epsilon 0.9732
Epsilon 0.9598
Epsilon 0.9464
Epsilon 0.9330
Epsilon 0.9196
Epsilon 0.9062
Epsilon 0.8928
Epsilon 0.8794
Iter 22 | Reward(mean±std): -3.60 ± 0.67 | Price(mean±std): 19.24 ± 1.07
Episode: 10
Steps per episode: 336
Epsilon 1.0000
Epsilon 0.9866
Epsilon 0.9732
Epsilon 0.9598
Epsilon 0.9464
Epsilon 0.9330
Epsilon 0.9196
Epsilon 0.9062
Epsilon 0.8928
Epsilon 0.8794
Iter 23 | Reward(mean±std): -4.62 ± 0.71 | Price(mean±std): 20.88 ± 1.13
Episode: 10
Steps per episode: 336
Epsilon 1.0000
Epsilon 0.9866
Epsilon 0.9732
Epsilon 0.9598
Epsilon 0.9464
Epsilon 0.9330
Epsilon 0.9196
Epsilon 0.9062
Epsilon 0.8928
Epsilon 0.8794
Iter 24 | Reward(mean±std): -4.27 ± 0.65 | Price(mean±std): 20.32 ± 1.05
Episode: 10
Steps per episode: 336
Epsilon 1.0000
Epsilon 0.9866
Epsilon 0.9732
Epsilon 0.9598
Epsilon 0.9464
Epsilon 0.9330
Epsilon 0.9196
Epsilon 0.9062
Epsilon 0.8928
Epsilon 0.8794
Iter 25 | Reward(mean±std): -3.69 ± 0.67 | Price(mean±std): 19.40 ± 1.07
Episode: 10
Steps per episode: 336
Epsilon 1.0000
Epsilon 0.9866
Epsilon 0.9732
Epsilon 0.9598
Epsilon 0.9464
Epsilon 0.9330
Epsilon 0.9196
Epsilon 0.9062
Epsilon 0.8928
Epsilon 0.8794
Iter 26 | Reward(mean±std): -3.88 ± 0.67 | Price(mean±std): 19.70 ± 1.08
Episode: 10
Steps per episode: 336
Epsilon 1.0000
Epsilon 0.9866
Epsilon 0.9732
Epsilon 0.9598
Epsilon 0.9464
Epsilon 0.9330
Epsilon 0.9196
Epsilon 0.9062
Epsilon 0.8928
Epsilon 0.8794
Iter 27 | Reward(mean±std): -4.48 ± 0.60 | Price(mean±std): 20.66 ± 0.96
Episode: 10
Steps per episode: 336
Epsilon 1.0000
Epsilon 0.9866
Epsilon 0.9732
Epsilon 0.9598
Epsilon 0.9464
Epsilon 0.9330
Epsilon 0.9196
Epsilon 0.9062
Epsilon 0.8928
Epsilon 0.8794
Iter 28 | Reward(mean±std): -3.46 ± 0.73 | Price(mean±std): 19.02 ± 1.17
Episode: 10
Steps per episode: 336
Epsilon 1.0000
Epsilon 0.9866
Epsilon 0.9732
Epsilon 0.9598
Epsilon 0.9464
Epsilon 0.9330
Epsilon 0.9196
Epsilon 0.9062
Epsilon 0.8928
Epsilon 0.8794
Iter 29 | Reward(mean±std): -4.32 ± 0.67 | Price(mean±std): 20.39 ± 1.07
Episode: 10
Steps per episode: 336
Epsilon 1.0000
Epsilon 0.9866
Epsilon 0.9732
Epsilon 0.9598
Epsilon 0.9464
Epsilon 0.9330
Epsilon 0.9196
Epsilon 0.9062
Epsilon 0.8928
Epsilon 0.8794
Iter 30 | Reward(mean±std): -4.11 ± 0.82 | Price(mean±std): 20.06 ± 1.31
Episode: 10
Steps per episode: 336
Epsilon 1.0000
Epsilon 0.9866
Epsilon 0.9732
Epsilon 0.9598
Epsilon 0.9464
Epsilon 0.9330
Epsilon 0.9196
Epsilon 0.9062
Epsilon 0.8928
Epsilon 0.8794
Iter 31 | Reward(mean±std): -3.82 ± 0.60 | Price(mean±std): 19.60 ± 0.95
Episode: 10
Steps per episode: 336
Epsilon 1.0000
Epsilon 0.9866
Epsilon 0.9732
Epsilon 0.9598
Epsilon 0.9464
Epsilon 0.9330
Epsilon 0.9196
Epsilon 0.9062
Epsilon 0.8928
Epsilon 0.8794
Iter 32 | Reward(mean±std): -3.79 ± 0.60 | Price(mean±std): 19.55 ± 0.95
Episode: 10
Steps per episode: 336
Epsilon 1.0000
Epsilon 0.9866
Epsilon 0.9732
Epsilon 0.9598
Epsilon 0.9464
Epsilon 0.9330
Epsilon 0.9196
Epsilon 0.9062
Epsilon 0.8928
Epsilon 0.8794
Iter 33 | Reward(mean±std): -3.97 ± 0.61 | Price(mean±std): 19.83 ± 0.98
Episode: 10
Steps per episode: 336
Epsilon 1.0000
Epsilon 0.9866
Epsilon 0.9732
Epsilon 0.9598
Epsilon 0.9464
Epsilon 0.9330
Epsilon 0.9196
Epsilon 0.9062
Epsilon 0.8928
Epsilon 0.8794
Iter 34 | Reward(mean±std): -4.32 ± 0.72 | Price(mean±std): 20.39 ± 1.16
Episode: 10
Steps per episode: 336
Epsilon 1.0000
Epsilon 0.9866
Epsilon 0.9732
Epsilon 0.9598
Epsilon 0.9464
Epsilon 0.9330
Epsilon 0.9196
Epsilon 0.9062
Epsilon 0.8928
Epsilon 0.8794
Iter 35 | Reward(mean±std): -3.35 ± 0.59 | Price(mean±std): 18.85 ± 0.95
Episode: 10
Steps per episode: 336
Epsilon 1.0000
Epsilon 0.9866
Epsilon 0.9732
Epsilon 0.9598
Epsilon 0.9464
Epsilon 0.9330
Epsilon 0.9196
Epsilon 0.9062
Epsilon 0.8928
Epsilon 0.8794
Iter 36 | Reward(mean±std): -3.52 ± 0.65 | Price(mean±std): 19.12 ± 1.04
Episode: 10
Steps per episode: 336
Epsilon 1.0000
Epsilon 0.9866
Epsilon 0.9732
Epsilon 0.9598
Epsilon 0.9464
Epsilon 0.9330
Epsilon 0.9196
Epsilon 0.9062
Epsilon 0.8928
Epsilon 0.8794
Iter 37 | Reward(mean±std): -3.53 ± 0.61 | Price(mean±std): 19.14 ± 0.97
Episode: 10
Steps per episode: 336
Epsilon 1.0000
Epsilon 0.9866
Epsilon 0.9732
Epsilon 0.9598
Epsilon 0.9464
Epsilon 0.9330
Epsilon 0.9196
Epsilon 0.9062
Epsilon 0.8928
Epsilon 0.8794
Iter 38 | Reward(mean±std): -4.20 ± 0.72 | Price(mean±std): 20.21 ± 1.16
Episode: 10
Steps per episode: 336
Epsilon 1.0000
Epsilon 0.9866
Epsilon 0.9732
Epsilon 0.9598
Epsilon 0.9464
Epsilon 0.9330
Epsilon 0.9196
Epsilon 0.9062
Epsilon 0.8928
Epsilon 0.8794
Iter 39 | Reward(mean±std): -3.60 ± 0.69 | Price(mean±std): 19.25 ± 1.10

Best mean price over checkpoints: 18.85
Last raw mean reward: -3.60
Last smoothed mean reward (window=5): -3.64
  [EXTENDED] final evaluation with best weights...
Deterministic eval: epsilon = 0.0 (greedy)
Episode: 1
Steps per episode: 17535
Epsilon 0.0000
Final price: 1011.68 EUR
    DQN cost: 1011.68 EUR  (improvement: 15.3%  fraction of theoretical: 67.6%)
    Saved user_127_extended_price_comparison.pdf / .png
  [done] user 127 written to CSV.

[3/30]
============================================================
USER 65  (cluster 2)
============================================================
  [setup] imports...
Using Apple Silicon MPS Acceleration

Tensor created on device: mps:0
  [setup] data loading...
  [setup] preprocessing...
Detected step: 30.0 min | KorakovNaDan=48 | BatMaxPolnjenje=3.000 | BatMaxPraznjenje=3.000
Using Scaler: RobustScaler
                           Energy_Consumption  ...  SMP_OutlierFlag
Timestamp_UTC                                  ...                 
2010-07-01 00:30:00+00:00            0.017766  ...              0.0
2010-07-01 01:00:00+00:00            0.096447  ...              0.0
2010-07-01 01:30:00+00:00           -0.109137  ...              0.0
2010-07-01 02:00:00+00:00           -0.088832  ...              0.0
2010-07-01 02:30:00+00:00           -0.027919  ...              0.0

[5 rows x 4 columns]
Notebook DQN now uses HouseholdEnvironment directly
  [setup] DQN class & Learning_DQN...
  [baselines] test env + MILP function...
  [baselines] SARSA agents + random DQN eval...
cena po optimizaciji 1642.389028057884
Random eval: epsilon = 1.0
Episode: 1
Steps per episode: 17535
Epsilon 1.0000
Final price: 2845.95 EUR
  [baselines] no-battery agent...
  [baselines] MILP benchmark (this may take several minutes)...
Building MILP Model...
Solving over 17535 steps... (This may take a moment)

--- MILP Optimization Complete ---
Total Electricity Cost (Inc GST & Fixed): $986.1582
Total RL Equivalent Reward: -175.1579
    No-battery cost: 1367.03 EUR | MILP cost: 986.16 EUR
  [BASIC] training (100 episodes)...
Reset requested: removed old DQN checkpoint.
Episode: 100
Steps per episode: 336
Epsilon 1.0000
Epsilon 0.9942
Epsilon 0.9808
Epsilon 0.9674
Epsilon 0.9540
Epsilon 0.9406
Epsilon 0.9272
Epsilon 0.9138
Epsilon 0.9004
Epsilon 0.8870
Epsilon 0.8736
Epsilon 0.8602
Epsilon 0.8468
Epsilon 0.8334
Epsilon 0.8200
Epsilon 0.8066
Epsilon 0.7932
Epsilon 0.7798
Epsilon 0.7664
Epsilon 0.7530
Epsilon 0.7396
Epsilon 0.7262
Epsilon 0.7128
Epsilon 0.6994
Epsilon 0.6860
Epsilon 0.6726
Epsilon 0.6592
Epsilon 0.6458
Epsilon 0.6324
Epsilon 0.6190
Epsilon 0.6056
Epsilon 0.5922
Epsilon 0.5788
Epsilon 0.5654
Epsilon 0.5520
Epsilon 0.5386
Epsilon 0.5252
Epsilon 0.5118
Epsilon 0.4984
Epsilon 0.4850
Epsilon 0.4716
Epsilon 0.4582
Epsilon 0.4448
Epsilon 0.4314
Epsilon 0.4180
Epsilon 0.4046
Epsilon 0.3912
Epsilon 0.3778
Epsilon 0.3644
Epsilon 0.3510
Epsilon 0.3376
Epsilon 0.3242
Epsilon 0.3108
Epsilon 0.2974
Epsilon 0.2840
Epsilon 0.2706
Epsilon 0.2572
Epsilon 0.2438
Epsilon 0.2304
Epsilon 0.2170
Epsilon 0.2036
Epsilon 0.1902
Epsilon 0.1768
Epsilon 0.1634
Epsilon 0.1500
Epsilon 0.1366
Epsilon 0.1232
Epsilon 0.1098
Epsilon 0.0964
Epsilon 0.0830
Epsilon 0.0696
Epsilon 0.0562
Epsilon 0.0428
Epsilon 0.0294
Epsilon 0.0160
Epsilon 0.0100
Epsilon 0.0100
Epsilon 0.0100
Epsilon 0.0100
Epsilon 0.0100
Epsilon 0.0100
Epsilon 0.0100
Epsilon 0.0100
Epsilon 0.0100
Epsilon 0.0100
Epsilon 0.0100
Epsilon 0.0100
Epsilon 0.0100
Epsilon 0.0100
Epsilon 0.0100
Epsilon 0.0100
Epsilon 0.0100
Epsilon 0.0100
Epsilon 0.0100
Epsilon 0.0100
Epsilon 0.0100
Epsilon 0.0100
Epsilon 0.0100
Epsilon 0.0100
Epsilon 0.0100
  [BASIC] evaluation...
Deterministic eval: epsilon = 0.0 (greedy)
Episode: 1
Steps per episode: 17535
Epsilon 0.0000
Final price: 1315.36 EUR
    DQN cost: 1315.36 EUR  (improvement: 3.8%  fraction of theoretical: 13.6%)
    Saved user_65_basic_price_comparison.pdf / .png
  [EXTENDED] convergence training (40 x 10 episodes with eval)...
Reset requested: removed old DQN checkpoint.
Episode: 10
Steps per episode: 336
Epsilon 1.0000
Epsilon 0.9942
Epsilon 0.9808
Epsilon 0.9674
Epsilon 0.9540
Epsilon 0.9406
Epsilon 0.9272
Epsilon 0.9138
Epsilon 0.9004
Epsilon 0.8870
Episode: 10
Steps per episode: 336
Epsilon 1.0000
Epsilon 0.9866
Epsilon 0.9732
Epsilon 0.9598
Epsilon 0.9464
Epsilon 0.9330
Epsilon 0.9196
Epsilon 0.9062
Epsilon 0.8928
Epsilon 0.8794
Iter 00 | Reward(mean±std): -6.16 ± 3.94 | Price(mean±std): 23.34 ± 6.31
Episode: 10
Steps per episode: 336
Epsilon 1.0000
Epsilon 0.9866
Epsilon 0.9732
Epsilon 0.9598
Epsilon 0.9464
Epsilon 0.9330
Epsilon 0.9196
Epsilon 0.9062
Epsilon 0.8928
Epsilon 0.8794
Iter 01 | Reward(mean±std): -6.80 ± 3.85 | Price(mean±std): 24.37 ± 6.15
Episode: 10
Steps per episode: 336
Epsilon 1.0000
Epsilon 0.9866
Epsilon 0.9732
Epsilon 0.9598
Epsilon 0.9464
Epsilon 0.9330
Epsilon 0.9196
Epsilon 0.9062
Epsilon 0.8928
Epsilon 0.8794
Iter 02 | Reward(mean±std): -6.48 ± 4.44 | Price(mean±std): 23.45 ± 6.79
Episode: 10
Steps per episode: 336
Epsilon 1.0000
Epsilon 0.9866
Epsilon 0.9732
Epsilon 0.9598
Epsilon 0.9464
Epsilon 0.9330
Epsilon 0.9196
Epsilon 0.9062
Epsilon 0.8928
Epsilon 0.8794
Iter 03 | Reward(mean±std): -6.32 ± 4.16 | Price(mean±std): 23.60 ± 6.66
Episode: 10
Steps per episode: 336
Epsilon 1.0000
Epsilon 0.9866
Epsilon 0.9732
Epsilon 0.9598
Epsilon 0.9464
Epsilon 0.9330
Epsilon 0.9196
Epsilon 0.9062
Epsilon 0.8928
Epsilon 0.8794
Iter 04 | Reward(mean±std): -13.58 ± 8.74 | Price(mean±std): 23.22 ± 6.42
Episode: 10
Steps per episode: 336
Epsilon 1.0000
Epsilon 0.9866
Epsilon 0.9732
Epsilon 0.9598
Epsilon 0.9464
Epsilon 0.9330
Epsilon 0.9196
Epsilon 0.9062
Epsilon 0.8928
Epsilon 0.8794
Iter 05 | Reward(mean±std): -6.89 ± 4.94 | Price(mean±std): 24.41 ± 7.88
Episode: 10
Steps per episode: 336
Epsilon 1.0000
Epsilon 0.9866
Epsilon 0.9732
Epsilon 0.9598
Epsilon 0.9464
Epsilon 0.9330
Epsilon 0.9196
Epsilon 0.9062
Epsilon 0.8928
Epsilon 0.8794
Iter 06 | Reward(mean±std): -5.06 ± 3.98 | Price(mean±std): 21.57 ± 6.36
Episode: 10
Steps per episode: 336
Epsilon 1.0000
Epsilon 0.9866
Epsilon 0.9732
Epsilon 0.9598
Epsilon 0.9464
Epsilon 0.9330
Epsilon 0.9196
Epsilon 0.9062
Epsilon 0.8928
Epsilon 0.8794
Iter 07 | Reward(mean±std): -5.25 ± 4.26 | Price(mean±std): 21.88 ± 6.81
Episode: 10
Steps per episode: 336
Epsilon 1.0000
Epsilon 0.9866
Epsilon 0.9732
Epsilon 0.9598
Epsilon 0.9464
Epsilon 0.9330
Epsilon 0.9196
Epsilon 0.9062
Epsilon 0.8928
Epsilon 0.8794
Iter 08 | Reward(mean±std): -6.49 ± 4.91 | Price(mean±std): 23.27 ± 6.41
Episode: 10
Steps per episode: 336
Epsilon 1.0000
Epsilon 0.9866
Epsilon 0.9732
Epsilon 0.9598
Epsilon 0.9464
Epsilon 0.9330
Epsilon 0.9196
Epsilon 0.9062
Epsilon 0.8928
Epsilon 0.8794
Iter 09 | Reward(mean±std): -6.58 ± 5.25 | Price(mean±std): 24.02 ± 8.39
Episode: 10
Steps per episode: 336
Epsilon 1.0000
Epsilon 0.9866
Epsilon 0.9732
Epsilon 0.9598
Epsilon 0.9464
Epsilon 0.9330
Epsilon 0.9196
Epsilon 0.9062
Epsilon 0.8928
Epsilon 0.8794
Iter 10 | Reward(mean±std): -11.58 ± 5.36 | Price(mean±std): 21.52 ± 3.62
Episode: 10
Steps per episode: 336
Epsilon 1.0000
Epsilon 0.9866
Epsilon 0.9732
Epsilon 0.9598
Epsilon 0.9464
Epsilon 0.9330
Epsilon 0.9196
Epsilon 0.9062
Epsilon 0.8928
Epsilon 0.8794
Iter 11 | Reward(mean±std): -5.53 ± 4.58 | Price(mean±std): 22.34 ± 7.32
Episode: 10
Steps per episode: 336
Epsilon 1.0000
Epsilon 0.9866
Epsilon 0.9732
Epsilon 0.9598
Epsilon 0.9464
Epsilon 0.9330
Epsilon 0.9196
Epsilon 0.9062
Epsilon 0.8928
Epsilon 0.8794
Iter 12 | Reward(mean±std): -5.36 ± 4.08 | Price(mean±std): 21.96 ± 6.28
Episode: 10
Steps per episode: 336
Epsilon 1.0000
Epsilon 0.9866
Epsilon 0.9732
Epsilon 0.9598
Epsilon 0.9464
Epsilon 0.9330
Epsilon 0.9196
Epsilon 0.9062
Epsilon 0.8928
Epsilon 0.8794
Iter 13 | Reward(mean±std): -4.60 ± 2.59 | Price(mean±std): 20.85 ± 4.14
Episode: 10
Steps per episode: 336
Epsilon 1.0000
Epsilon 0.9866
Epsilon 0.9732
Epsilon 0.9598
Epsilon 0.9464
Epsilon 0.9330
Epsilon 0.9196
Epsilon 0.9062
Epsilon 0.8928
Epsilon 0.8794
Iter 14 | Reward(mean±std): -5.39 ± 4.51 | Price(mean±std): 21.90 ± 6.72
Episode: 10
Steps per episode: 336
Epsilon 1.0000
Epsilon 0.9866
Epsilon 0.9732
Epsilon 0.9598
Epsilon 0.9464
Epsilon 0.9330
Epsilon 0.9196
Epsilon 0.9062
Epsilon 0.8928
Epsilon 0.8794
Iter 15 | Reward(mean±std): -4.98 ± 3.32 | Price(mean±std): 21.45 ± 5.32
Episode: 10
Steps per episode: 336
Epsilon 1.0000
Epsilon 0.9866
Epsilon 0.9732
Epsilon 0.9598
Epsilon 0.9464
Epsilon 0.9330
Epsilon 0.9196
Epsilon 0.9062
Epsilon 0.8928
Epsilon 0.8794
Iter 16 | Reward(mean±std): -4.49 ± 2.40 | Price(mean±std): 20.67 ± 3.84
Episode: 10
Steps per episode: 336
Epsilon 1.0000
Epsilon 0.9866
Epsilon 0.9732
Epsilon 0.9598
Epsilon 0.9464
Epsilon 0.9330
Epsilon 0.9196
Epsilon 0.9062
Epsilon 0.8928
Epsilon 0.8794
Iter 17 | Reward(mean±std): -5.20 ± 3.61 | Price(mean±std): 21.81 ± 5.78
Episode: 10
Steps per episode: 336
Epsilon 1.0000
Epsilon 0.9866
Epsilon 0.9732
Epsilon 0.9598
Epsilon 0.9464
Epsilon 0.9330
Epsilon 0.9196
Epsilon 0.9062
Epsilon 0.8928
Epsilon 0.8794
Iter 18 | Reward(mean±std): -4.99 ± 2.57 | Price(mean±std): 21.48 ± 4.11
Episode: 10
Steps per episode: 336
Epsilon 1.0000
Epsilon 0.9866
Epsilon 0.9732
Epsilon 0.9598
Epsilon 0.9464
Epsilon 0.9330
Epsilon 0.9196
Epsilon 0.9062
Epsilon 0.8928
Epsilon 0.8794
Iter 19 | Reward(mean±std): -5.64 ± 3.55 | Price(mean±std): 22.51 ± 5.68
Episode: 10
Steps per episode: 336
Epsilon 1.0000
Epsilon 0.9866
Epsilon 0.9732
Epsilon 0.9598
Epsilon 0.9464
Epsilon 0.9330
Epsilon 0.9196
Epsilon 0.9062
Epsilon 0.8928
Epsilon 0.8794
Iter 20 | Reward(mean±std): -5.04 ± 2.48 | Price(mean±std): 21.55 ± 3.97
Episode: 10
Steps per episode: 336
Epsilon 1.0000
Epsilon 0.9866
Epsilon 0.9732
Epsilon 0.9598
Epsilon 0.9464
Epsilon 0.9330
Epsilon 0.9196
Epsilon 0.9062
Epsilon 0.8928
Epsilon 0.8794
Iter 21 | Reward(mean±std): -4.74 ± 2.46 | Price(mean±std): 21.07 ± 3.93
Episode: 10
Steps per episode: 336
Epsilon 1.0000
Epsilon 0.9866
Epsilon 0.9732
Epsilon 0.9598
Epsilon 0.9464
Epsilon 0.9330
Epsilon 0.9196
Epsilon 0.9062
Epsilon 0.8928
Epsilon 0.8794
Iter 22 | Reward(mean±std): -5.13 ± 3.58 | Price(mean±std): 21.70 ± 5.73
Episode: 10
Steps per episode: 336
Epsilon 1.0000
Epsilon 0.9866
Epsilon 0.9732
Epsilon 0.9598
Epsilon 0.9464
Epsilon 0.9330
Epsilon 0.9196
Epsilon 0.9062
Epsilon 0.8928
Epsilon 0.8794
Iter 23 | Reward(mean±std): -4.73 ± 2.29 | Price(mean±std): 21.06 ± 3.66
Episode: 10
Steps per episode: 336
Epsilon 1.0000
Epsilon 0.9866
Epsilon 0.9732
Epsilon 0.9598
Epsilon 0.9464
Epsilon 0.9330
Epsilon 0.9196
Epsilon 0.9062
Epsilon 0.8928
Epsilon 0.8794
Iter 24 | Reward(mean±std): -4.69 ± 2.62 | Price(mean±std): 20.98 ± 4.19
Episode: 10
Steps per episode: 336
Epsilon 1.0000
Epsilon 0.9866
Epsilon 0.9732
Epsilon 0.9598
Epsilon 0.9464
Epsilon 0.9330
Epsilon 0.9196
Epsilon 0.9062
Epsilon 0.8928
Epsilon 0.8794
Iter 25 | Reward(mean±std): -4.72 ± 2.30 | Price(mean±std): 21.04 ± 3.68
Episode: 10
Steps per episode: 336
Epsilon 1.0000
Epsilon 0.9866
Epsilon 0.9732
Epsilon 0.9598
Epsilon 0.9464
Epsilon 0.9330
Epsilon 0.9196
Epsilon 0.9062
Epsilon 0.8928
Epsilon 0.8794
Iter 26 | Reward(mean±std): -4.48 ± 2.11 | Price(mean±std): 20.65 ± 3.38
Episode: 10
Steps per episode: 336
Epsilon 1.0000
Epsilon 0.9866
Epsilon 0.9732
Epsilon 0.9598
Epsilon 0.9464
Epsilon 0.9330
Epsilon 0.9196
Epsilon 0.9062
Epsilon 0.8928
Epsilon 0.8794
Iter 27 | Reward(mean±std): -4.79 ± 2.53 | Price(mean±std): 21.15 ± 4.06
Episode: 10
Steps per episode: 336
Epsilon 1.0000
Epsilon 0.9866
Epsilon 0.9732
Epsilon 0.9598
Epsilon 0.9464
Epsilon 0.9330
Epsilon 0.9196
Epsilon 0.9062
Epsilon 0.8928
Epsilon 0.8794
Iter 28 | Reward(mean±std): -5.28 ± 2.77 | Price(mean±std): 21.94 ± 4.44
Episode: 10
Steps per episode: 336
Epsilon 1.0000
Epsilon 0.9866
Epsilon 0.9732
Epsilon 0.9598
Epsilon 0.9464
Epsilon 0.9330
Epsilon 0.9196
Epsilon 0.9062
Epsilon 0.8928
Epsilon 0.8794
Iter 29 | Reward(mean±std): -5.03 ± 2.58 | Price(mean±std): 21.53 ± 4.12
Episode: 10
Steps per episode: 336
Epsilon 1.0000
Epsilon 0.9866
Epsilon 0.9732
Epsilon 0.9598
Epsilon 0.9464
Epsilon 0.9330
Epsilon 0.9196
Epsilon 0.9062
Epsilon 0.8928
Epsilon 0.8794
Iter 30 | Reward(mean±std): -5.10 ± 3.60 | Price(mean±std): 21.65 ± 5.77
Episode: 10
Steps per episode: 336
Epsilon 1.0000
Epsilon 0.9866
Epsilon 0.9732
Epsilon 0.9598
Epsilon 0.9464
Epsilon 0.9330
Epsilon 0.9196
Epsilon 0.9062
Epsilon 0.8928
Epsilon 0.8794
Iter 31 | Reward(mean±std): -4.37 ± 2.29 | Price(mean±std): 20.48 ± 3.67
Episode: 10
Steps per episode: 336
Epsilon 1.0000
Epsilon 0.9866
Epsilon 0.9732
Epsilon 0.9598
Epsilon 0.9464
Epsilon 0.9330
Epsilon 0.9196
Epsilon 0.9062
Epsilon 0.8928
Epsilon 0.8794
Iter 32 | Reward(mean±std): -5.23 ± 3.51 | Price(mean±std): 21.85 ± 5.61
Episode: 10
Steps per episode: 336
Epsilon 1.0000
Epsilon 0.9866
Epsilon 0.9732
Epsilon 0.9598
Epsilon 0.9464
Epsilon 0.9330
Epsilon 0.9196
Epsilon 0.9062
Epsilon 0.8928
Epsilon 0.8794
Iter 33 | Reward(mean±std): -4.42 ± 3.22 | Price(mean±std): 20.56 ± 5.15
Episode: 10
Steps per episode: 336
Epsilon 1.0000
Epsilon 0.9866
Epsilon 0.9732
Epsilon 0.9598
Epsilon 0.9464
Epsilon 0.9330
Epsilon 0.9196
Epsilon 0.9062
Epsilon 0.8928
Epsilon 0.8794
Iter 34 | Reward(mean±std): -4.74 ± 3.20 | Price(mean±std): 21.07 ± 5.12
Episode: 10
Steps per episode: 336
Epsilon 1.0000
Epsilon 0.9866
Epsilon 0.9732
Epsilon 0.9598
Epsilon 0.9464
Epsilon 0.9330
Epsilon 0.9196
Epsilon 0.9062
Epsilon 0.8928
Epsilon 0.8794
Iter 35 | Reward(mean±std): -4.93 ± 3.39 | Price(mean±std): 21.38 ± 5.43
Episode: 10
Steps per episode: 336
Epsilon 1.0000
Epsilon 0.9866
Epsilon 0.9732
Epsilon 0.9598
Epsilon 0.9464
Epsilon 0.9330
Epsilon 0.9196
Epsilon 0.9062
Epsilon 0.8928
Epsilon 0.8794
Iter 36 | Reward(mean±std): -5.04 ± 2.51 | Price(mean±std): 21.55 ± 4.02
Episode: 10
Steps per episode: 336
Epsilon 1.0000
Epsilon 0.9866
Epsilon 0.9732
Epsilon 0.9598
Epsilon 0.9464
Epsilon 0.9330
Epsilon 0.9196
Epsilon 0.9062
Epsilon 0.8928
Epsilon 0.8794
Iter 37 | Reward(mean±std): -5.34 ± 3.65 | Price(mean±std): 22.04 ± 5.84
Episode: 10
Steps per episode: 336
Epsilon 1.0000
Epsilon 0.9866
Epsilon 0.9732
Epsilon 0.9598
Epsilon 0.9464
Epsilon 0.9330
Epsilon 0.9196
Epsilon 0.9062
Epsilon 0.8928
Epsilon 0.8794
Iter 38 | Reward(mean±std): -5.45 ± 3.75 | Price(mean±std): 21.61 ± 5.74
Episode: 10
Steps per episode: 336
Epsilon 1.0000
Epsilon 0.9866
Epsilon 0.9732
Epsilon 0.9598
Epsilon 0.9464
Epsilon 0.9330
Epsilon 0.9196
Epsilon 0.9062
Epsilon 0.8928
Epsilon 0.8794
Iter 39 | Reward(mean±std): -5.18 ± 3.74 | Price(mean±std): 21.77 ± 5.99

Best mean price over checkpoints: 20.48
Last raw mean reward: -5.18
Last smoothed mean reward (window=5): -5.19
  [EXTENDED] final evaluation with best weights...
Deterministic eval: epsilon = 0.0 (greedy)
Episode: 1
Steps per episode: 17535
Epsilon 0.0000
Final price: 1094.19 EUR
    DQN cost: 1094.19 EUR  (improvement: 20.0%  fraction of theoretical: 71.6%)
    Saved user_65_extended_price_comparison.pdf / .png
  [done] user 65 written to CSV.

[4/30]
============================================================
USER 148  (cluster 3)
============================================================
  [setup] imports...
Using Apple Silicon MPS Acceleration

Tensor created on device: mps:0
  [setup] data loading...
  [setup] preprocessing...
Detected step: 30.0 min | KorakovNaDan=48 | BatMaxPolnjenje=3.000 | BatMaxPraznjenje=3.000
Using Scaler: RobustScaler
                           Energy_Consumption  ...  SMP_OutlierFlag
Timestamp_UTC                                  ...                 
2010-07-01 00:30:00+00:00            0.827586  ...              0.0
2010-07-01 01:00:00+00:00            0.980296  ...              0.0
2010-07-01 01:30:00+00:00            0.766010  ...              0.0
2010-07-01 02:00:00+00:00            0.891626  ...              0.0
2010-07-01 02:30:00+00:00            0.935961  ...              0.0

[5 rows x 4 columns]
Notebook DQN now uses HouseholdEnvironment directly
  [setup] DQN class & Learning_DQN...
  [baselines] test env + MILP function...
  [baselines] SARSA agents + random DQN eval...
cena po optimizaciji 1950.1558354295448
Random eval: epsilon = 1.0
Episode: 1
Steps per episode: 17535
Epsilon 1.0000
Final price: 2997.72 EUR
  [baselines] no-battery agent...
  [baselines] MILP benchmark (this may take several minutes)...
Building MILP Model...
Solving over 17535 steps... (This may take a moment)

--- MILP Optimization Complete ---
Total Electricity Cost (Inc GST & Fixed): $1057.8154
Total RL Equivalent Reward: -219.9437
    No-battery cost: 1614.66 EUR | MILP cost: 1057.82 EUR
  [BASIC] training (100 episodes)...
Reset requested: removed old DQN checkpoint.
Episode: 100
Steps per episode: 336
Epsilon 1.0000
Epsilon 0.9942
Epsilon 0.9808
Epsilon 0.9674
Epsilon 0.9540
Epsilon 0.9406
Epsilon 0.9272
Epsilon 0.9138
Epsilon 0.9004
Epsilon 0.8870
Epsilon 0.8736
Epsilon 0.8602
Epsilon 0.8468
Epsilon 0.8334
Epsilon 0.8200
Epsilon 0.8066
Epsilon 0.7932
Epsilon 0.7798
Epsilon 0.7664
Epsilon 0.7530
Epsilon 0.7396
Epsilon 0.7262
Epsilon 0.7128
Epsilon 0.6994
Epsilon 0.6860
Epsilon 0.6726
Epsilon 0.6592
Epsilon 0.6458
Epsilon 0.6324
Epsilon 0.6190
Epsilon 0.6056
Epsilon 0.5922
Epsilon 0.5788
Epsilon 0.5654
Epsilon 0.5520
Epsilon 0.5386
Epsilon 0.5252
Epsilon 0.5118
Epsilon 0.4984
Epsilon 0.4850
Epsilon 0.4716
Epsilon 0.4582
Epsilon 0.4448
Epsilon 0.4314
Epsilon 0.4180
Epsilon 0.4046
Epsilon 0.3912
Epsilon 0.3778
Epsilon 0.3644
Epsilon 0.3510
Epsilon 0.3376
Epsilon 0.3242
Epsilon 0.3108
Epsilon 0.2974
Epsilon 0.2840
Epsilon 0.2706
Epsilon 0.2572
Epsilon 0.2438
Epsilon 0.2304
Epsilon 0.2170
Epsilon 0.2036
Epsilon 0.1902
Epsilon 0.1768
Epsilon 0.1634
Epsilon 0.1500
Epsilon 0.1366
Epsilon 0.1232
Epsilon 0.1098
Epsilon 0.0964
Epsilon 0.0830
Epsilon 0.0696
Epsilon 0.0562
Epsilon 0.0428
Epsilon 0.0294
Epsilon 0.0160
Epsilon 0.0100
Epsilon 0.0100
Epsilon 0.0100
Epsilon 0.0100
Epsilon 0.0100
Epsilon 0.0100
Epsilon 0.0100
Epsilon 0.0100
Epsilon 0.0100
Epsilon 0.0100
Epsilon 0.0100
Epsilon 0.0100
Epsilon 0.0100
Epsilon 0.0100
Epsilon 0.0100
Epsilon 0.0100
Epsilon 0.0100
Epsilon 0.0100
Epsilon 0.0100
Epsilon 0.0100
Epsilon 0.0100
Epsilon 0.0100
Epsilon 0.0100
Epsilon 0.0100
Epsilon 0.0100
  [BASIC] evaluation...
Deterministic eval: epsilon = 0.0 (greedy)
Episode: 1
Steps per episode: 17535
Epsilon 0.0000
Final price: 1553.99 EUR
    DQN cost: 1553.99 EUR  (improvement: 3.8%  fraction of theoretical: 10.9%)
    Saved user_148_basic_price_comparison.pdf / .png
  [EXTENDED] convergence training (40 x 10 episodes with eval)...
Reset requested: removed old DQN checkpoint.
Episode: 10
Steps per episode: 336
Epsilon 1.0000
Epsilon 0.9942
Epsilon 0.9808
Epsilon 0.9674
Epsilon 0.9540
Epsilon 0.9406
Epsilon 0.9272
Epsilon 0.9138
Epsilon 0.9004
Epsilon 0.8870
Episode: 10
Steps per episode: 336
Epsilon 1.0000
Epsilon 0.9866
Epsilon 0.9732
Epsilon 0.9598
Epsilon 0.9464
Epsilon 0.9330
Epsilon 0.9196
Epsilon 0.9062
Epsilon 0.8928
Epsilon 0.8794
Iter 00 | Reward(mean±std): -16.84 ± 15.39 | Price(mean±std): 28.53 ± 7.83
Episode: 10
Steps per episode: 336
Epsilon 1.0000
Epsilon 0.9866
Epsilon 0.9732
Epsilon 0.9598
Epsilon 0.9464
Epsilon 0.9330
Epsilon 0.9196
Epsilon 0.9062
Epsilon 0.8928
Epsilon 0.8794
Iter 01 | Reward(mean±std): -9.65 ± 5.59 | Price(mean±std): 28.73 ± 8.51
Episode: 10
Steps per episode: 336
Epsilon 1.0000
Epsilon 0.9866
Epsilon 0.9732
Epsilon 0.9598
Epsilon 0.9464
Epsilon 0.9330
Epsilon 0.9196
Epsilon 0.9062
Epsilon 0.8928
Epsilon 0.8794
Iter 02 | Reward(mean±std): -15.15 ± 10.94 | Price(mean±std): 28.02 ± 7.91
Episode: 10
Steps per episode: 336
Epsilon 1.0000
Epsilon 0.9866
Epsilon 0.9732
Epsilon 0.9598
Epsilon 0.9464
Epsilon 0.9330
Epsilon 0.9196
Epsilon 0.9062
Epsilon 0.8928
Epsilon 0.8794
Iter 03 | Reward(mean±std): -9.65 ± 4.64 | Price(mean±std): 28.92 ± 7.43
Episode: 10
Steps per episode: 336
Epsilon 1.0000
Epsilon 0.9866
Epsilon 0.9732
Epsilon 0.9598
Epsilon 0.9464
Epsilon 0.9330
Epsilon 0.9196
Epsilon 0.9062
Epsilon 0.8928
Epsilon 0.8794
Iter 04 | Reward(mean±std): -10.18 ± 6.42 | Price(mean±std): 28.57 ± 7.42
Episode: 10
Steps per episode: 336
Epsilon 1.0000
Epsilon 0.9866
Epsilon 0.9732
Epsilon 0.9598
Epsilon 0.9464
Epsilon 0.9330
Epsilon 0.9196
Epsilon 0.9062
Epsilon 0.8928
Epsilon 0.8794
Iter 05 | Reward(mean±std): -10.28 ± 5.18 | Price(mean±std): 29.64 ± 7.61
Episode: 10
Steps per episode: 336
Epsilon 1.0000
Epsilon 0.9866
Epsilon 0.9732
Epsilon 0.9598
Epsilon 0.9464
Epsilon 0.9330
Epsilon 0.9196
Epsilon 0.9062
Epsilon 0.8928
Epsilon 0.8794
Iter 06 | Reward(mean±std): -10.71 ± 5.73 | Price(mean±std): 30.62 ± 9.17
Episode: 10
Steps per episode: 336
Epsilon 1.0000
Epsilon 0.9866
Epsilon 0.9732
Epsilon 0.9598
Epsilon 0.9464
Epsilon 0.9330
Epsilon 0.9196
Epsilon 0.9062
Epsilon 0.8928
Epsilon 0.8794
Iter 07 | Reward(mean±std): -8.85 ± 5.05 | Price(mean±std): 27.64 ± 8.08
Episode: 10
Steps per episode: 336
Epsilon 1.0000
Epsilon 0.9866
Epsilon 0.9732
Epsilon 0.9598
Epsilon 0.9464
Epsilon 0.9330
Epsilon 0.9196
Epsilon 0.9062
Epsilon 0.8928
Epsilon 0.8794
Iter 08 | Reward(mean±std): -9.84 ± 4.80 | Price(mean±std): 29.23 ± 7.68
Episode: 10
Steps per episode: 336
Epsilon 1.0000
Epsilon 0.9866
Epsilon 0.9732
Epsilon 0.9598
Epsilon 0.9464
Epsilon 0.9330
Epsilon 0.9196
Epsilon 0.9062
Epsilon 0.8928
Epsilon 0.8794
Iter 09 | Reward(mean±std): -16.46 ± 6.16 | Price(mean±std): 29.92 ± 7.62
Episode: 10
Steps per episode: 336
Epsilon 1.0000
Epsilon 0.9866
Epsilon 0.9732
Epsilon 0.9598
Epsilon 0.9464
Epsilon 0.9330
Epsilon 0.9196
Epsilon 0.9062
Epsilon 0.8928
Epsilon 0.8794
Iter 10 | Reward(mean±std): -19.89 ± 9.74 | Price(mean±std): 29.41 ± 7.08
Episode: 10
Steps per episode: 336
Epsilon 1.0000
Epsilon 0.9866
Epsilon 0.9732
Epsilon 0.9598
Epsilon 0.9464
Epsilon 0.9330
Epsilon 0.9196
Epsilon 0.9062
Epsilon 0.8928
Epsilon 0.8794
Iter 11 | Reward(mean±std): -15.05 ± 3.81 | Price(mean±std): 35.07 ± 7.00
Episode: 10
Steps per episode: 336
Epsilon 1.0000
Epsilon 0.9866
Epsilon 0.9732
Epsilon 0.9598
Epsilon 0.9464
Epsilon 0.9330
Epsilon 0.9196
Epsilon 0.9062
Epsilon 0.8928
Epsilon 0.8794
Iter 12 | Reward(mean±std): -10.62 ± 6.90 | Price(mean±std): 29.07 ± 7.99
Episode: 10
Steps per episode: 336
Epsilon 1.0000
Epsilon 0.9866
Epsilon 0.9732
Epsilon 0.9598
Epsilon 0.9464
Epsilon 0.9330
Epsilon 0.9196
Epsilon 0.9062
Epsilon 0.8928
Epsilon 0.8794
Iter 13 | Reward(mean±std): -16.84 ± 8.32 | Price(mean±std): 37.52 ± 8.40
Episode: 10
Steps per episode: 336
Epsilon 1.0000
Epsilon 0.9866
Epsilon 0.9732
Epsilon 0.9598
Epsilon 0.9464
Epsilon 0.9330
Epsilon 0.9196
Epsilon 0.9062
Epsilon 0.8928
Epsilon 0.8794
Iter 14 | Reward(mean±std): -7.62 ± 5.09 | Price(mean±std): 25.68 ± 8.15
Episode: 10
Steps per episode: 336
Epsilon 1.0000
Epsilon 0.9866
Epsilon 0.9732
Epsilon 0.9598
Epsilon 0.9464
Epsilon 0.9330
Epsilon 0.9196
Epsilon 0.9062
Epsilon 0.8928
Epsilon 0.8794
Iter 15 | Reward(mean±std): -9.42 ± 5.15 | Price(mean±std): 28.36 ± 8.38
Episode: 10
Steps per episode: 336
Epsilon 1.0000
Epsilon 0.9866
Epsilon 0.9732
Epsilon 0.9598
Epsilon 0.9464
Epsilon 0.9330
Epsilon 0.9196
Epsilon 0.9062
Epsilon 0.8928
Epsilon 0.8794
Iter 16 | Reward(mean±std): -28.00 ± 8.22 | Price(mean±std): 43.79 ± 7.74
Episode: 10
Steps per episode: 336
Epsilon 1.0000
Epsilon 0.9866
Epsilon 0.9732
Epsilon 0.9598
Epsilon 0.9464
Epsilon 0.9330
Epsilon 0.9196
Epsilon 0.9062
Epsilon 0.8928
Epsilon 0.8794
Iter 17 | Reward(mean±std): -28.03 ± 1.44 | Price(mean±std): 49.53 ± 4.61
Episode: 10
Steps per episode: 336
Epsilon 1.0000
Epsilon 0.9866
Epsilon 0.9732
Epsilon 0.9598
Epsilon 0.9464
Epsilon 0.9330
Epsilon 0.9196
Epsilon 0.9062
Epsilon 0.8928
Epsilon 0.8794
Iter 18 | Reward(mean±std): -19.86 ± 16.81 | Price(mean±std): 29.86 ± 8.79
Episode: 10
Steps per episode: 336
Epsilon 1.0000
Epsilon 0.9866
Epsilon 0.9732
Epsilon 0.9598
Epsilon 0.9464
Epsilon 0.9330
Epsilon 0.9196
Epsilon 0.9062
Epsilon 0.8928
Epsilon 0.8794
Iter 19 | Reward(mean±std): -10.40 ± 4.59 | Price(mean±std): 30.13 ± 7.34
Episode: 10
Steps per episode: 336
Epsilon 1.0000
Epsilon 0.9866
Epsilon 0.9732
Epsilon 0.9598
Epsilon 0.9464
Epsilon 0.9330
Epsilon 0.9196
Epsilon 0.9062
Epsilon 0.8928
Epsilon 0.8794
Iter 20 | Reward(mean±std): -9.05 ± 5.16 | Price(mean±std): 27.87 ± 8.05
Episode: 10
Steps per episode: 336
Epsilon 1.0000
Epsilon 0.9866
Epsilon 0.9732
Epsilon 0.9598
Epsilon 0.9464
Epsilon 0.9330
Epsilon 0.9196
Epsilon 0.9062
Epsilon 0.8928
Epsilon 0.8794
Iter 21 | Reward(mean±std): -8.56 ± 4.76 | Price(mean±std): 26.18 ± 5.24
Episode: 10
Steps per episode: 336
Epsilon 1.0000
Epsilon 0.9866
Epsilon 0.9732
Epsilon 0.9598
Epsilon 0.9464
Epsilon 0.9330
Epsilon 0.9196
Epsilon 0.9062
Epsilon 0.8928
Epsilon 0.8794
Iter 22 | Reward(mean±std): -20.95 ± 4.65 | Price(mean±std): 27.70 ± 6.10
Episode: 10
Steps per episode: 336
Epsilon 1.0000
Epsilon 0.9866
Epsilon 0.9732
Epsilon 0.9598
Epsilon 0.9464
Epsilon 0.9330
Epsilon 0.9196
Epsilon 0.9062
Epsilon 0.8928
Epsilon 0.8794
Iter 23 | Reward(mean±std): -8.25 ± 4.55 | Price(mean±std): 26.69 ± 7.28
Episode: 10
Steps per episode: 336
Epsilon 1.0000
Epsilon 0.9866
Epsilon 0.9732
Epsilon 0.9598
Epsilon 0.9464
Epsilon 0.9330
Epsilon 0.9196
Epsilon 0.9062
Epsilon 0.8928
Epsilon 0.8794
Iter 24 | Reward(mean±std): -7.55 ± 3.96 | Price(mean±std): 25.56 ± 6.33
Episode: 10
Steps per episode: 336
Epsilon 1.0000
Epsilon 0.9866
Epsilon 0.9732
Epsilon 0.9598
Epsilon 0.9464
Epsilon 0.9330
Epsilon 0.9196
Epsilon 0.9062
Epsilon 0.8928
Epsilon 0.8794
Iter 25 | Reward(mean±std): -15.26 ± 6.74 | Price(mean±std): 27.00 ± 6.50
Episode: 10
Steps per episode: 336
Epsilon 1.0000
Epsilon 0.9866
Epsilon 0.9732
Epsilon 0.9598
Epsilon 0.9464
Epsilon 0.9330
Epsilon 0.9196
Epsilon 0.9062
Epsilon 0.8928
Epsilon 0.8794
Iter 26 | Reward(mean±std): -8.61 ± 4.99 | Price(mean±std): 27.26 ± 7.98
Episode: 10
Steps per episode: 336
Epsilon 1.0000
Epsilon 0.9866
Epsilon 0.9732
Epsilon 0.9598
Epsilon 0.9464
Epsilon 0.9330
Epsilon 0.9196
Epsilon 0.9062
Epsilon 0.8928
Epsilon 0.8794
Iter 27 | Reward(mean±std): -7.32 ± 5.32 | Price(mean±std): 25.20 ± 8.51
Episode: 10
Steps per episode: 336
Epsilon 1.0000
Epsilon 0.9866
Epsilon 0.9732
Epsilon 0.9598
Epsilon 0.9464
Epsilon 0.9330
Epsilon 0.9196
Epsilon 0.9062
Epsilon 0.8928
Epsilon 0.8794
Iter 28 | Reward(mean±std): -8.71 ± 5.28 | Price(mean±std): 27.42 ± 8.45
Episode: 10
Steps per episode: 336
Epsilon 1.0000
Epsilon 0.9866
Epsilon 0.9732
Epsilon 0.9598
Epsilon 0.9464
Epsilon 0.9330
Epsilon 0.9196
Epsilon 0.9062
Epsilon 0.8928
Epsilon 0.8794
Iter 29 | Reward(mean±std): -27.64 ± 7.20 | Price(mean±std): 29.61 ± 6.42
Episode: 10
Steps per episode: 336
Epsilon 1.0000
Epsilon 0.9866
Epsilon 0.9732
Epsilon 0.9598
Epsilon 0.9464
Epsilon 0.9330
Epsilon 0.9196
Epsilon 0.9062
Epsilon 0.8928
Epsilon 0.8794
Iter 30 | Reward(mean±std): -8.08 ± 5.78 | Price(mean±std): 26.41 ± 9.25
Episode: 10
Steps per episode: 336
Epsilon 1.0000
Epsilon 0.9866
Epsilon 0.9732
Epsilon 0.9598
Epsilon 0.9464
Epsilon 0.9330
Epsilon 0.9196
Epsilon 0.9062
Epsilon 0.8928
Epsilon 0.8794
Iter 31 | Reward(mean±std): -7.71 ± 4.30 | Price(mean±std): 25.02 ± 6.41
Episode: 10
Steps per episode: 336
Epsilon 1.0000
Epsilon 0.9866
Epsilon 0.9732
Epsilon 0.9598
Epsilon 0.9464
Epsilon 0.9330
Epsilon 0.9196
Epsilon 0.9062
Epsilon 0.8928
Epsilon 0.8794
Iter 32 | Reward(mean±std): -8.68 ± 6.24 | Price(mean±std): 26.88 ± 8.88
Episode: 10
Steps per episode: 336
Epsilon 1.0000
Epsilon 0.9866
Epsilon 0.9732
Epsilon 0.9598
Epsilon 0.9464
Epsilon 0.9330
Epsilon 0.9196
Epsilon 0.9062
Epsilon 0.8928
Epsilon 0.8794
Iter 33 | Reward(mean±std): -8.05 ± 5.30 | Price(mean±std): 26.07 ± 8.66
Episode: 10
Steps per episode: 336
Epsilon 1.0000
Epsilon 0.9866
Epsilon 0.9732
Epsilon 0.9598
Epsilon 0.9464
Epsilon 0.9330
Epsilon 0.9196
Epsilon 0.9062
Epsilon 0.8928
Epsilon 0.8794
Iter 34 | Reward(mean±std): -9.52 ± 4.49 | Price(mean±std): 28.42 ± 7.41
Episode: 10
Steps per episode: 336
Epsilon 1.0000
Epsilon 0.9866
Epsilon 0.9732
Epsilon 0.9598
Epsilon 0.9464
Epsilon 0.9330
Epsilon 0.9196
Epsilon 0.9062
Epsilon 0.8928
Epsilon 0.8794
Iter 35 | Reward(mean±std): -10.40 ± 3.60 | Price(mean±std): 30.13 ± 5.75
Episode: 10
Steps per episode: 336
Epsilon 1.0000
Epsilon 0.9866
Epsilon 0.9732
Epsilon 0.9598
Epsilon 0.9464
Epsilon 0.9330
Epsilon 0.9196
Epsilon 0.9062
Epsilon 0.8928
Epsilon 0.8794
Iter 36 | Reward(mean±std): -9.02 ± 4.65 | Price(mean±std): 27.32 ± 7.48
Episode: 10
Steps per episode: 336
Epsilon 1.0000
Epsilon 0.9866
Epsilon 0.9732
Epsilon 0.9598
Epsilon 0.9464
Epsilon 0.9330
Epsilon 0.9196
Epsilon 0.9062
Epsilon 0.8928
Epsilon 0.8794
Iter 37 | Reward(mean±std): -10.51 ± 6.80 | Price(mean±std): 26.70 ± 8.10
Episode: 10
Steps per episode: 336
Epsilon 1.0000
Epsilon 0.9866
Epsilon 0.9732
Epsilon 0.9598
Epsilon 0.9464
Epsilon 0.9330
Epsilon 0.9196
Epsilon 0.9062
Epsilon 0.8928
Epsilon 0.8794
Iter 38 | Reward(mean±std): -14.87 ± 7.17 | Price(mean±std): 35.99 ± 8.99
Episode: 10
Steps per episode: 336
Epsilon 1.0000
Epsilon 0.9866
Epsilon 0.9732
Epsilon 0.9598
Epsilon 0.9464
Epsilon 0.9330
Epsilon 0.9196
Epsilon 0.9062
Epsilon 0.8928
Epsilon 0.8794
Iter 39 | Reward(mean±std): -8.93 ± 4.71 | Price(mean±std): 27.08 ± 7.80

Best mean price over checkpoints: 25.02
Last raw mean reward: -8.93
Last smoothed mean reward (window=5): -10.75
  [EXTENDED] final evaluation with best weights...
Deterministic eval: epsilon = 0.0 (greedy)
Episode: 1
Steps per episode: 17535
Epsilon 0.0000
Final price: 1340.39 EUR
    DQN cost: 1340.39 EUR  (improvement: 17.0%  fraction of theoretical: 49.3%)
    Saved user_148_extended_price_comparison.pdf / .png
  [done] user 148 written to CSV.

[5/30]
============================================================
USER 223  (cluster 4)
============================================================
  [setup] imports...
Using Apple Silicon MPS Acceleration

Tensor created on device: mps:0
  [setup] data loading...
  [setup] preprocessing...
Detected step: 30.0 min | KorakovNaDan=48 | BatMaxPolnjenje=3.000 | BatMaxPraznjenje=3.000
Using Scaler: RobustScaler
                           Energy_Consumption  ...  SMP_OutlierFlag
Timestamp_UTC                                  ...                 
2010-07-01 00:30:00+00:00            0.082474  ...              0.0
2010-07-01 01:00:00+00:00           -0.097938  ...              0.0
2010-07-01 01:30:00+00:00            0.041237  ...              0.0
2010-07-01 02:00:00+00:00            0.051546  ...              0.0
2010-07-01 02:30:00+00:00           -0.097938  ...              0.0

[5 rows x 4 columns]
Notebook DQN now uses HouseholdEnvironment directly
  [setup] DQN class & Learning_DQN...
  [baselines] test env + MILP function...
  [baselines] SARSA agents + random DQN eval...
cena po optimizaciji 1663.724993168925
Random eval: epsilon = 1.0
Episode: 1
Steps per episode: 17535
Epsilon 1.0000
Final price: 2797.77 EUR
  [baselines] no-battery agent...
  [baselines] MILP benchmark (this may take several minutes)...
Building MILP Model...
Solving over 17535 steps... (This may take a moment)

--- MILP Optimization Complete ---
Total Electricity Cost (Inc GST & Fixed): $874.7628
Total RL Equivalent Reward: -105.5358
    No-battery cost: 1324.48 EUR | MILP cost: 874.76 EUR
  [BASIC] training (100 episodes)...
Reset requested: removed old DQN checkpoint.
Episode: 100
Steps per episode: 336
Epsilon 1.0000
Epsilon 0.9942
Epsilon 0.9808
Epsilon 0.9674
Epsilon 0.9540
Epsilon 0.9406
Epsilon 0.9272
Epsilon 0.9138
Epsilon 0.9004
Epsilon 0.8870
Epsilon 0.8736
Epsilon 0.8602
Epsilon 0.8468
Epsilon 0.8334
Epsilon 0.8200
Epsilon 0.8066
Epsilon 0.7932
Epsilon 0.7798
Epsilon 0.7664
Epsilon 0.7530
Epsilon 0.7396
Epsilon 0.7262
Epsilon 0.7128
Epsilon 0.6994
Epsilon 0.6860
Epsilon 0.6726
Epsilon 0.6592
Epsilon 0.6458
Epsilon 0.6324
Epsilon 0.6190
Epsilon 0.6056
Epsilon 0.5922
Epsilon 0.5788
Epsilon 0.5654
Epsilon 0.5520
Epsilon 0.5386
Epsilon 0.5252
Epsilon 0.5118
Epsilon 0.4984
Epsilon 0.4850
Epsilon 0.4716
Epsilon 0.4582
Epsilon 0.4448
Epsilon 0.4314
Epsilon 0.4180
Epsilon 0.4046
Epsilon 0.3912
Epsilon 0.3778
Epsilon 0.3644
Epsilon 0.3510
Epsilon 0.3376
Epsilon 0.3242
Epsilon 0.3108
Epsilon 0.2974
Epsilon 0.2840
Epsilon 0.2706
Epsilon 0.2572
Epsilon 0.2438
Epsilon 0.2304
Epsilon 0.2170
Epsilon 0.2036
Epsilon 0.1902
Epsilon 0.1768
Epsilon 0.1634
Epsilon 0.1500
Epsilon 0.1366
Epsilon 0.1232
Epsilon 0.1098
Epsilon 0.0964
Epsilon 0.0830
Epsilon 0.0696
Epsilon 0.0562
Epsilon 0.0428
Epsilon 0.0294
Epsilon 0.0160
Epsilon 0.0100
Epsilon 0.0100
Epsilon 0.0100
Epsilon 0.0100
Epsilon 0.0100
Epsilon 0.0100
Epsilon 0.0100
Epsilon 0.0100
Epsilon 0.0100
Epsilon 0.0100
Epsilon 0.0100
Epsilon 0.0100
Epsilon 0.0100
Epsilon 0.0100
Epsilon 0.0100
Epsilon 0.0100
Epsilon 0.0100
Epsilon 0.0100
Epsilon 0.0100
Epsilon 0.0100
Epsilon 0.0100
Epsilon 0.0100
Epsilon 0.0100
Epsilon 0.0100
Epsilon 0.0100
  [BASIC] evaluation...
Deterministic eval: epsilon = 0.0 (greedy)
Episode: 1
Steps per episode: 17535
Epsilon 0.0000
Final price: 1263.96 EUR
    DQN cost: 1263.96 EUR  (improvement: 4.6%  fraction of theoretical: 13.5%)
    Saved user_223_basic_price_comparison.pdf / .png
  [EXTENDED] convergence training (40 x 10 episodes with eval)...
Reset requested: removed old DQN checkpoint.
Episode: 10
Steps per episode: 336
Epsilon 1.0000
Epsilon 0.9942
Epsilon 0.9808
Epsilon 0.9674
Epsilon 0.9540
Epsilon 0.9406
Epsilon 0.9272
Epsilon 0.9138
Epsilon 0.9004
Epsilon 0.8870
Episode: 10
Steps per episode: 336
Epsilon 1.0000
Epsilon 0.9866
Epsilon 0.9732
Epsilon 0.9598
Epsilon 0.9464
Epsilon 0.9330
Epsilon 0.9196
Epsilon 0.9062
Epsilon 0.8928
Epsilon 0.8794
Iter 00 | Reward(mean±std): -24.66 ± 36.25 | Price(mean±std): 23.45 ± 8.43
Episode: 10
Steps per episode: 336
Epsilon 1.0000
Epsilon 0.9866
Epsilon 0.9732
Epsilon 0.9598
Epsilon 0.9464
Epsilon 0.9330
Epsilon 0.9196
Epsilon 0.9062
Epsilon 0.8928
Epsilon 0.8794
Iter 01 | Reward(mean±std): -75.17 ± 35.91 | Price(mean±std): 24.06 ± 8.78
Episode: 10
Steps per episode: 336
Epsilon 1.0000
Epsilon 0.9866
Epsilon 0.9732
Epsilon 0.9598
Epsilon 0.9464
Epsilon 0.9330
Epsilon 0.9196
Epsilon 0.9062
Epsilon 0.8928
Epsilon 0.8794
Iter 02 | Reward(mean±std): -64.39 ± 40.16 | Price(mean±std): 23.61 ± 8.64
Episode: 10
Steps per episode: 336
Epsilon 1.0000
Epsilon 0.9866
Epsilon 0.9732
Epsilon 0.9598
Epsilon 0.9464
Epsilon 0.9330
Epsilon 0.9196
Epsilon 0.9062
Epsilon 0.8928
Epsilon 0.8794
Iter 03 | Reward(mean±std): -8.71 ± 11.37 | Price(mean±std): 22.93 ± 8.68
Episode: 10
Steps per episode: 336
Epsilon 1.0000
Epsilon 0.9866
Epsilon 0.9732
Epsilon 0.9598
Epsilon 0.9464
Epsilon 0.9330
Epsilon 0.9196
Epsilon 0.9062
Epsilon 0.8928
Epsilon 0.8794
Iter 04 | Reward(mean±std): -8.31 ± 11.98 | Price(mean±std): 21.28 ± 7.90
Episode: 10
Steps per episode: 336
Epsilon 1.0000
Epsilon 0.9866
Epsilon 0.9732
Epsilon 0.9598
Epsilon 0.9464
Epsilon 0.9330
Epsilon 0.9196
Epsilon 0.9062
Epsilon 0.8928
Epsilon 0.8794
Iter 05 | Reward(mean±std): -5.57 ± 6.06 | Price(mean±std): 21.40 ± 7.60
Episode: 10
Steps per episode: 336
Epsilon 1.0000
Epsilon 0.9866
Epsilon 0.9732
Epsilon 0.9598
Epsilon 0.9464
Epsilon 0.9330
Epsilon 0.9196
Epsilon 0.9062
Epsilon 0.8928
Epsilon 0.8794
Iter 06 | Reward(mean±std): -5.94 ± 5.82 | Price(mean±std): 22.99 ± 9.31
Episode: 10
Steps per episode: 336
Epsilon 1.0000
Epsilon 0.9866
Epsilon 0.9732
Epsilon 0.9598
Epsilon 0.9464
Epsilon 0.9330
Epsilon 0.9196
Epsilon 0.9062
Epsilon 0.8928
Epsilon 0.8794
Iter 07 | Reward(mean±std): -5.30 ± 6.02 | Price(mean±std): 21.07 ± 8.03
Episode: 10
Steps per episode: 336
Epsilon 1.0000
Epsilon 0.9866
Epsilon 0.9732
Epsilon 0.9598
Epsilon 0.9464
Epsilon 0.9330
Epsilon 0.9196
Epsilon 0.9062
Epsilon 0.8928
Epsilon 0.8794
Iter 08 | Reward(mean±std): -10.66 ± 15.28 | Price(mean±std): 22.94 ± 8.39
Episode: 10
Steps per episode: 336
Epsilon 1.0000
Epsilon 0.9866
Epsilon 0.9732
Epsilon 0.9598
Epsilon 0.9464
Epsilon 0.9330
Epsilon 0.9196
Epsilon 0.9062
Epsilon 0.8928
Epsilon 0.8794
Iter 09 | Reward(mean±std): -6.51 ± 7.89 | Price(mean±std): 21.70 ± 7.85
Episode: 10
Steps per episode: 336
Epsilon 1.0000
Epsilon 0.9866
Epsilon 0.9732
Epsilon 0.9598
Epsilon 0.9464
Epsilon 0.9330
Epsilon 0.9196
Epsilon 0.9062
Epsilon 0.8928
Epsilon 0.8794
Iter 10 | Reward(mean±std): -6.22 ± 5.71 | Price(mean±std): 23.43 ± 9.14
Episode: 10
Steps per episode: 336
Epsilon 1.0000
Epsilon 0.9866
Epsilon 0.9732
Epsilon 0.9598
Epsilon 0.9464
Epsilon 0.9330
Epsilon 0.9196
Epsilon 0.9062
Epsilon 0.8928
Epsilon 0.8794
Iter 11 | Reward(mean±std): -4.97 ± 4.50 | Price(mean±std): 21.44 ± 7.20
Episode: 10
Steps per episode: 336
Epsilon 1.0000
Epsilon 0.9866
Epsilon 0.9732
Epsilon 0.9598
Epsilon 0.9464
Epsilon 0.9330
Epsilon 0.9196
Epsilon 0.9062
Epsilon 0.8928
Epsilon 0.8794
Iter 12 | Reward(mean±std): -4.92 ± 4.88 | Price(mean±std): 21.36 ± 7.80
Episode: 10
Steps per episode: 336
Epsilon 1.0000
Epsilon 0.9866
Epsilon 0.9732
Epsilon 0.9598
Epsilon 0.9464
Epsilon 0.9330
Epsilon 0.9196
Epsilon 0.9062
Epsilon 0.8928
Epsilon 0.8794
Iter 13 | Reward(mean±std): -6.40 ± 6.30 | Price(mean±std): 23.73 ± 10.08
Episode: 10
Steps per episode: 336
Epsilon 1.0000
Epsilon 0.9866
Epsilon 0.9732
Epsilon 0.9598
Epsilon 0.9464
Epsilon 0.9330
Epsilon 0.9196
Epsilon 0.9062
Epsilon 0.8928
Epsilon 0.8794
Iter 14 | Reward(mean±std): -5.56 ± 5.99 | Price(mean±std): 22.39 ± 9.59
Episode: 10
Steps per episode: 336
Epsilon 1.0000
Epsilon 0.9866
Epsilon 0.9732
Epsilon 0.9598
Epsilon 0.9464
Epsilon 0.9330
Epsilon 0.9196
Epsilon 0.9062
Epsilon 0.8928
Epsilon 0.8794
Iter 15 | Reward(mean±std): -17.01 ± 19.34 | Price(mean±std): 24.40 ± 8.94
Episode: 10
Steps per episode: 336
Epsilon 1.0000
Epsilon 0.9866
Epsilon 0.9732
Epsilon 0.9598
Epsilon 0.9464
Epsilon 0.9330
Epsilon 0.9196
Epsilon 0.9062
Epsilon 0.8928
Epsilon 0.8794
Iter 16 | Reward(mean±std): -6.53 ± 6.49 | Price(mean±std): 23.54 ± 9.56
Episode: 10
Steps per episode: 336
Epsilon 1.0000
Epsilon 0.9866
Epsilon 0.9732
Epsilon 0.9598
Epsilon 0.9464
Epsilon 0.9330
Epsilon 0.9196
Epsilon 0.9062
Epsilon 0.8928
Epsilon 0.8794
Iter 17 | Reward(mean±std): -5.69 ± 6.32 | Price(mean±std): 22.39 ± 9.70
Episode: 10
Steps per episode: 336
Epsilon 1.0000
Epsilon 0.9866
Epsilon 0.9732
Epsilon 0.9598
Epsilon 0.9464
Epsilon 0.9330
Epsilon 0.9196
Epsilon 0.9062
Epsilon 0.8928
Epsilon 0.8794
Iter 18 | Reward(mean±std): -5.80 ± 6.96 | Price(mean±std): 22.77 ± 11.14
Episode: 10
Steps per episode: 336
Epsilon 1.0000
Epsilon 0.9866
Epsilon 0.9732
Epsilon 0.9598
Epsilon 0.9464
Epsilon 0.9330
Epsilon 0.9196
Epsilon 0.9062
Epsilon 0.8928
Epsilon 0.8794
Iter 19 | Reward(mean±std): -6.62 ± 6.23 | Price(mean±std): 23.88 ± 9.55
Episode: 10
Steps per episode: 336
Epsilon 1.0000
Epsilon 0.9866
Epsilon 0.9732
Epsilon 0.9598
Epsilon 0.9464
Epsilon 0.9330
Epsilon 0.9196
Epsilon 0.9062
Epsilon 0.8928
Epsilon 0.8794
Iter 20 | Reward(mean±std): -5.87 ± 5.46 | Price(mean±std): 22.89 ± 8.73
Episode: 10
Steps per episode: 336
Epsilon 1.0000
Epsilon 0.9866
Epsilon 0.9732
Epsilon 0.9598
Epsilon 0.9464
Epsilon 0.9330
Epsilon 0.9196
Epsilon 0.9062
Epsilon 0.8928
Epsilon 0.8794
Iter 21 | Reward(mean±std): -4.90 ± 4.28 | Price(mean±std): 20.53 ± 7.10
Episode: 10
Steps per episode: 336
Epsilon 1.0000
Epsilon 0.9866
Epsilon 0.9732
Epsilon 0.9598
Epsilon 0.9464
Epsilon 0.9330
Epsilon 0.9196
Epsilon 0.9062
Epsilon 0.8928
Epsilon 0.8794
Iter 22 | Reward(mean±std): -7.12 ± 6.85 | Price(mean±std): 24.37 ± 9.81
Episode: 10
Steps per episode: 336
Epsilon 1.0000
Epsilon 0.9866
Epsilon 0.9732
Epsilon 0.9598
Epsilon 0.9464
Epsilon 0.9330
Epsilon 0.9196
Epsilon 0.9062
Epsilon 0.8928
Epsilon 0.8794
Iter 23 | Reward(mean±std): -6.59 ± 7.55 | Price(mean±std): 22.33 ± 8.24
Episode: 10
Steps per episode: 336
Epsilon 1.0000
Epsilon 0.9866
Epsilon 0.9732
Epsilon 0.9598
Epsilon 0.9464
Epsilon 0.9330
Epsilon 0.9196
Epsilon 0.9062
Epsilon 0.8928
Epsilon 0.8794
Iter 24 | Reward(mean±std): -5.31 ± 5.56 | Price(mean±std): 21.98 ± 8.90
Episode: 10
Steps per episode: 336
Epsilon 1.0000
Epsilon 0.9866
Epsilon 0.9732
Epsilon 0.9598
Epsilon 0.9464
Epsilon 0.9330
Epsilon 0.9196
Epsilon 0.9062
Epsilon 0.8928
Epsilon 0.8794
Iter 25 | Reward(mean±std): -5.27 ± 5.36 | Price(mean±std): 21.91 ± 8.57
Episode: 10
Steps per episode: 336
Epsilon 1.0000
Epsilon 0.9866
Epsilon 0.9732
Epsilon 0.9598
Epsilon 0.9464
Epsilon 0.9330
Epsilon 0.9196
Epsilon 0.9062
Epsilon 0.8928
Epsilon 0.8794
Iter 26 | Reward(mean±std): -6.46 ± 5.76 | Price(mean±std): 23.82 ± 9.21
Episode: 10
Steps per episode: 336
Epsilon 1.0000
Epsilon 0.9866
Epsilon 0.9732
Epsilon 0.9598
Epsilon 0.9464
Epsilon 0.9330
Epsilon 0.9196
Epsilon 0.9062
Epsilon 0.8928
Epsilon 0.8794
Iter 27 | Reward(mean±std): -4.74 ± 4.22 | Price(mean±std): 21.07 ± 6.75
Episode: 10
Steps per episode: 336
Epsilon 1.0000
Epsilon 0.9866
Epsilon 0.9732
Epsilon 0.9598
Epsilon 0.9464
Epsilon 0.9330
Epsilon 0.9196
Epsilon 0.9062
Epsilon 0.8928
Epsilon 0.8794
Iter 28 | Reward(mean±std): -5.19 ± 5.37 | Price(mean±std): 21.80 ± 8.59
Episode: 10
Steps per episode: 336
Epsilon 1.0000
Epsilon 0.9866
Epsilon 0.9732
Epsilon 0.9598
Epsilon 0.9464
Epsilon 0.9330
Epsilon 0.9196
Epsilon 0.9062
Epsilon 0.8928
Epsilon 0.8794
Iter 29 | Reward(mean±std): -5.46 ± 6.34 | Price(mean±std): 22.03 ± 9.71
Episode: 10
Steps per episode: 336
Epsilon 1.0000
Epsilon 0.9866
Epsilon 0.9732
Epsilon 0.9598
Epsilon 0.9464
Epsilon 0.9330
Epsilon 0.9196
Epsilon 0.9062
Epsilon 0.8928
Epsilon 0.8794
Iter 30 | Reward(mean±std): -6.10 ± 5.60 | Price(mean±std): 23.25 ± 8.95
Episode: 10
Steps per episode: 336
Epsilon 1.0000
Epsilon 0.9866
Epsilon 0.9732
Epsilon 0.9598
Epsilon 0.9464
Epsilon 0.9330
Epsilon 0.9196
Epsilon 0.9062
Epsilon 0.8928
Epsilon 0.8794
Iter 31 | Reward(mean±std): -6.78 ± 6.07 | Price(mean±std): 24.03 ± 9.58
Episode: 10
Steps per episode: 336
Epsilon 1.0000
Epsilon 0.9866
Epsilon 0.9732
Epsilon 0.9598
Epsilon 0.9464
Epsilon 0.9330
Epsilon 0.9196
Epsilon 0.9062
Epsilon 0.8928
Epsilon 0.8794
Iter 32 | Reward(mean±std): -6.01 ± 5.77 | Price(mean±std): 23.10 ± 9.23
Episode: 10
Steps per episode: 336
Epsilon 1.0000
Epsilon 0.9866
Epsilon 0.9732
Epsilon 0.9598
Epsilon 0.9464
Epsilon 0.9330
Epsilon 0.9196
Epsilon 0.9062
Epsilon 0.8928
Epsilon 0.8794
Iter 33 | Reward(mean±std): -5.06 ± 5.81 | Price(mean±std): 21.58 ± 9.29
Episode: 10
Steps per episode: 336
Epsilon 1.0000
Epsilon 0.9866
Epsilon 0.9732
Epsilon 0.9598
Epsilon 0.9464
Epsilon 0.9330
Epsilon 0.9196
Epsilon 0.9062
Epsilon 0.8928
Epsilon 0.8794
Iter 34 | Reward(mean±std): -4.68 ± 4.76 | Price(mean±std): 20.97 ± 7.61
Episode: 10
Steps per episode: 336
Epsilon 1.0000
Epsilon 0.9866
Epsilon 0.9732
Epsilon 0.9598
Epsilon 0.9464
Epsilon 0.9330
Epsilon 0.9196
Epsilon 0.9062
Epsilon 0.8928
Epsilon 0.8794
Iter 35 | Reward(mean±std): -10.55 ± 5.69 | Price(mean±std): 23.96 ± 8.34
Episode: 10
Steps per episode: 336
Epsilon 1.0000
Epsilon 0.9866
Epsilon 0.9732
Epsilon 0.9598
Epsilon 0.9464
Epsilon 0.9330
Epsilon 0.9196
Epsilon 0.9062
Epsilon 0.8928
Epsilon 0.8794
Iter 36 | Reward(mean±std): -6.24 ± 5.66 | Price(mean±std): 23.47 ± 9.05
Episode: 10
Steps per episode: 336
Epsilon 1.0000
Epsilon 0.9866
Epsilon 0.9732
Epsilon 0.9598
Epsilon 0.9464
Epsilon 0.9330
Epsilon 0.9196
Epsilon 0.9062
Epsilon 0.8928
Epsilon 0.8794
Iter 37 | Reward(mean±std): -5.34 ± 5.12 | Price(mean±std): 22.03 ± 8.19
Episode: 10
Steps per episode: 336
Epsilon 1.0000
Epsilon 0.9866
Epsilon 0.9732
Epsilon 0.9598
Epsilon 0.9464
Epsilon 0.9330
Epsilon 0.9196
Epsilon 0.9062
Epsilon 0.8928
Epsilon 0.8794
Iter 38 | Reward(mean±std): -4.91 ± 5.26 | Price(mean±std): 21.35 ± 8.42
Episode: 10
Steps per episode: 336
Epsilon 1.0000
Epsilon 0.9866
Epsilon 0.9732
Epsilon 0.9598
Epsilon 0.9464
Epsilon 0.9330
Epsilon 0.9196
Epsilon 0.9062
Epsilon 0.8928
Epsilon 0.8794
Iter 39 | Reward(mean±std): -5.19 ± 6.34 | Price(mean±std): 21.78 ± 10.15

Best mean price over checkpoints: 20.53
Last raw mean reward: -5.19
Last smoothed mean reward (window=5): -6.44
  [EXTENDED] final evaluation with best weights...
Deterministic eval: epsilon = 0.0 (greedy)
Episode: 1
Steps per episode: 17535
Epsilon 0.0000
Final price: 1018.43 EUR
    DQN cost: 1018.43 EUR  (improvement: 23.1%  fraction of theoretical: 68.1%)
    Saved user_223_extended_price_comparison.pdf / .png
  [done] user 223 written to CSV.

[6/30]
============================================================
USER 179  (cluster 5)
============================================================
  [setup] imports...
Using Apple Silicon MPS Acceleration

Tensor created on device: mps:0
  [setup] data loading...
  [setup] preprocessing...
Detected step: 30.0 min | KorakovNaDan=48 | BatMaxPolnjenje=3.000 | BatMaxPraznjenje=3.000
Using Scaler: RobustScaler
                           Energy_Consumption  ...  SMP_OutlierFlag
Timestamp_UTC                                  ...                 
2010-07-01 00:30:00+00:00            0.000000  ...              0.0
2010-07-01 01:00:00+00:00           -0.092233  ...              0.0
2010-07-01 01:30:00+00:00           -0.033981  ...              0.0
2010-07-01 02:00:00+00:00           -0.033981  ...              0.0
2010-07-01 02:30:00+00:00            0.000000  ...              0.0

[5 rows x 4 columns]
Notebook DQN now uses HouseholdEnvironment directly
  [setup] DQN class & Learning_DQN...
  [baselines] test env + MILP function...
  [baselines] SARSA agents + random DQN eval...
cena po optimizaciji 1433.2610524965094
Random eval: epsilon = 1.0
Episode: 1
Steps per episode: 17535
Epsilon 1.0000
Final price: 2730.19 EUR
  [baselines] no-battery agent...
  [baselines] MILP benchmark (this may take several minutes)...
Building MILP Model...
Solving over 17535 steps... (This may take a moment)

--- MILP Optimization Complete ---
Total Electricity Cost (Inc GST & Fixed): $900.7814
Total RL Equivalent Reward: -121.7975
    No-battery cost: 1183.54 EUR | MILP cost: 900.78 EUR
  [BASIC] training (100 episodes)...
Reset requested: removed old DQN checkpoint.
Episode: 100
Steps per episode: 336
Epsilon 1.0000
Epsilon 0.9942
Epsilon 0.9808
Epsilon 0.9674
Epsilon 0.9540
Epsilon 0.9406
Epsilon 0.9272
Epsilon 0.9138
Epsilon 0.9004
Epsilon 0.8870
Epsilon 0.8736
Epsilon 0.8602
Epsilon 0.8468
Epsilon 0.8334
Epsilon 0.8200
Epsilon 0.8066
Epsilon 0.7932
Epsilon 0.7798
Epsilon 0.7664
Epsilon 0.7530
Epsilon 0.7396
Epsilon 0.7262
Epsilon 0.7128
Epsilon 0.6994
Epsilon 0.6860
Epsilon 0.6726
Epsilon 0.6592
Epsilon 0.6458
Epsilon 0.6324
Epsilon 0.6190
Epsilon 0.6056
Epsilon 0.5922
Epsilon 0.5788
Epsilon 0.5654
Epsilon 0.5520
Epsilon 0.5386
Epsilon 0.5252
Epsilon 0.5118
Epsilon 0.4984
Epsilon 0.4850
Epsilon 0.4716
Epsilon 0.4582
Epsilon 0.4448
Epsilon 0.4314
Epsilon 0.4180
Epsilon 0.4046
Epsilon 0.3912
Epsilon 0.3778
Epsilon 0.3644
Epsilon 0.3510
Epsilon 0.3376
Epsilon 0.3242
Epsilon 0.3108
Epsilon 0.2974
Epsilon 0.2840
Epsilon 0.2706
Epsilon 0.2572
Epsilon 0.2438
Epsilon 0.2304
Epsilon 0.2170
Epsilon 0.2036
Epsilon 0.1902
Epsilon 0.1768
Epsilon 0.1634
Epsilon 0.1500
Epsilon 0.1366
Epsilon 0.1232
Epsilon 0.1098
Epsilon 0.0964
Epsilon 0.0830
Epsilon 0.0696
Epsilon 0.0562
Epsilon 0.0428
Epsilon 0.0294
Epsilon 0.0160
Epsilon 0.0100
Epsilon 0.0100
Epsilon 0.0100
Epsilon 0.0100
Epsilon 0.0100
Epsilon 0.0100
Epsilon 0.0100
Epsilon 0.0100
Epsilon 0.0100
Epsilon 0.0100
Epsilon 0.0100
Epsilon 0.0100
Epsilon 0.0100
Epsilon 0.0100
Epsilon 0.0100
Epsilon 0.0100
Epsilon 0.0100
Epsilon 0.0100
Epsilon 0.0100
Epsilon 0.0100
Epsilon 0.0100
Epsilon 0.0100
Epsilon 0.0100
Epsilon 0.0100
Epsilon 0.0100
  [BASIC] evaluation...
Deterministic eval: epsilon = 0.0 (greedy)
Episode: 1
Steps per episode: 17535
Epsilon 0.0000
Final price: 1166.12 EUR
    DQN cost: 1166.12 EUR  (improvement: 1.5%  fraction of theoretical: 6.2%)
    Saved user_179_basic_price_comparison.pdf / .png
  [EXTENDED] convergence training (40 x 10 episodes with eval)...
Reset requested: removed old DQN checkpoint.
Episode: 10
Steps per episode: 336
Epsilon 1.0000
Epsilon 0.9942
Epsilon 0.9808
Epsilon 0.9674
Epsilon 0.9540
Epsilon 0.9406
Epsilon 0.9272
Epsilon 0.9138
Epsilon 0.9004
Epsilon 0.8870
Episode: 10
Steps per episode: 336
Epsilon 1.0000
Epsilon 0.9866
Epsilon 0.9732
Epsilon 0.9598
Epsilon 0.9464
Epsilon 0.9330
Epsilon 0.9196
Epsilon 0.9062
Epsilon 0.8928
Epsilon 0.8794
Iter 00 | Reward(mean±std): -5.12 ± 4.08 | Price(mean±std): 20.47 ± 4.97
Episode: 10
Steps per episode: 336
Epsilon 1.0000
Epsilon 0.9866
Epsilon 0.9732
Epsilon 0.9598
Epsilon 0.9464
Epsilon 0.9330
Epsilon 0.9196
Epsilon 0.9062
Epsilon 0.8928
Epsilon 0.8794
Iter 01 | Reward(mean±std): -4.57 ± 3.16 | Price(mean±std): 20.80 ± 5.06
Episode: 10
Steps per episode: 336
Epsilon 1.0000
Epsilon 0.9866
Epsilon 0.9732
Epsilon 0.9598
Epsilon 0.9464
Epsilon 0.9330
Epsilon 0.9196
Epsilon 0.9062
Epsilon 0.8928
Epsilon 0.8794
Iter 02 | Reward(mean±std): -4.52 ± 3.94 | Price(mean±std): 20.72 ± 6.31
Episode: 10
Steps per episode: 336
Epsilon 1.0000
Epsilon 0.9866
Epsilon 0.9732
Epsilon 0.9598
Epsilon 0.9464
Epsilon 0.9330
Epsilon 0.9196
Epsilon 0.9062
Epsilon 0.8928
Epsilon 0.8794
Iter 03 | Reward(mean±std): -4.38 ± 3.75 | Price(mean±std): 20.39 ± 5.75
Episode: 10
Steps per episode: 336
Epsilon 1.0000
Epsilon 0.9866
Epsilon 0.9732
Epsilon 0.9598
Epsilon 0.9464
Epsilon 0.9330
Epsilon 0.9196
Epsilon 0.9062
Epsilon 0.8928
Epsilon 0.8794
Iter 04 | Reward(mean±std): -4.93 ± 4.11 | Price(mean±std): 21.08 ± 5.80
Episode: 10
Steps per episode: 336
Epsilon 1.0000
Epsilon 0.9866
Epsilon 0.9732
Epsilon 0.9598
Epsilon 0.9464
Epsilon 0.9330
Epsilon 0.9196
Epsilon 0.9062
Epsilon 0.8928
Epsilon 0.8794
Iter 05 | Reward(mean±std): -4.81 ± 3.82 | Price(mean±std): 21.19 ± 6.12
Episode: 10
Steps per episode: 336
Epsilon 1.0000
Epsilon 0.9866
Epsilon 0.9732
Epsilon 0.9598
Epsilon 0.9464
Epsilon 0.9330
Epsilon 0.9196
Epsilon 0.9062
Epsilon 0.8928
Epsilon 0.8794
Iter 06 | Reward(mean±std): -4.02 ± 3.86 | Price(mean±std): 19.92 ± 6.18
Episode: 10
Steps per episode: 336
Epsilon 1.0000
Epsilon 0.9866
Epsilon 0.9732
Epsilon 0.9598
Epsilon 0.9464
Epsilon 0.9330
Epsilon 0.9196
Epsilon 0.9062
Epsilon 0.8928
Epsilon 0.8794
Iter 07 | Reward(mean±std): -4.86 ± 5.10 | Price(mean±std): 20.26 ± 5.59
Episode: 10
Steps per episode: 336
Epsilon 1.0000
Epsilon 0.9866
Epsilon 0.9732
Epsilon 0.9598
Epsilon 0.9464
Epsilon 0.9330
Epsilon 0.9196
Epsilon 0.9062
Epsilon 0.8928
Epsilon 0.8794
Iter 08 | Reward(mean±std): -4.72 ± 3.72 | Price(mean±std): 21.04 ± 5.95
Episode: 10
Steps per episode: 336
Epsilon 1.0000
Epsilon 0.9866
Epsilon 0.9732
Epsilon 0.9598
Epsilon 0.9464
Epsilon 0.9330
Epsilon 0.9196
Epsilon 0.9062
Epsilon 0.8928
Epsilon 0.8794
Iter 09 | Reward(mean±std): -4.77 ± 3.63 | Price(mean±std): 21.12 ± 5.80
Episode: 10
Steps per episode: 336
Epsilon 1.0000
Epsilon 0.9866
Epsilon 0.9732
Epsilon 0.9598
Epsilon 0.9464
Epsilon 0.9330
Epsilon 0.9196
Epsilon 0.9062
Epsilon 0.8928
Epsilon 0.8794
Iter 10 | Reward(mean±std): -3.70 ± 3.65 | Price(mean±std): 19.40 ± 5.84
Episode: 10
Steps per episode: 336
Epsilon 1.0000
Epsilon 0.9866
Epsilon 0.9732
Epsilon 0.9598
Epsilon 0.9464
Epsilon 0.9330
Epsilon 0.9196
Epsilon 0.9062
Epsilon 0.8928
Epsilon 0.8794
Iter 11 | Reward(mean±std): -4.22 ± 3.39 | Price(mean±std): 20.24 ± 5.42
Episode: 10
Steps per episode: 336
Epsilon 1.0000
Epsilon 0.9866
Epsilon 0.9732
Epsilon 0.9598
Epsilon 0.9464
Epsilon 0.9330
Epsilon 0.9196
Epsilon 0.9062
Epsilon 0.8928
Epsilon 0.8794
Iter 12 | Reward(mean±std): -4.98 ± 3.34 | Price(mean±std): 21.46 ± 5.35
Episode: 10
Steps per episode: 336
Epsilon 1.0000
Epsilon 0.9866
Epsilon 0.9732
Epsilon 0.9598
Epsilon 0.9464
Epsilon 0.9330
Epsilon 0.9196
Epsilon 0.9062
Epsilon 0.8928
Epsilon 0.8794
Iter 13 | Reward(mean±std): -4.47 ± 3.69 | Price(mean±std): 20.64 ± 5.90
Episode: 10
Steps per episode: 336
Epsilon 1.0000
Epsilon 0.9866
Epsilon 0.9732
Epsilon 0.9598
Epsilon 0.9464
Epsilon 0.9330
Epsilon 0.9196
Epsilon 0.9062
Epsilon 0.8928
Epsilon 0.8794
Iter 14 | Reward(mean±std): -3.94 ± 3.83 | Price(mean±std): 19.78 ± 6.13
Episode: 10
Steps per episode: 336
Epsilon 1.0000
Epsilon 0.9866
Epsilon 0.9732
Epsilon 0.9598
Epsilon 0.9464
Epsilon 0.9330
Epsilon 0.9196
Epsilon 0.9062
Epsilon 0.8928
Epsilon 0.8794
Iter 15 | Reward(mean±std): -4.37 ± 3.69 | Price(mean±std): 20.48 ± 5.90
Episode: 10
Steps per episode: 336
Epsilon 1.0000
Epsilon 0.9866
Epsilon 0.9732
Epsilon 0.9598
Epsilon 0.9464
Epsilon 0.9330
Epsilon 0.9196
Epsilon 0.9062
Epsilon 0.8928
Epsilon 0.8794
Iter 16 | Reward(mean±std): -4.86 ± 3.82 | Price(mean±std): 21.27 ± 6.12
Episode: 10
Steps per episode: 336
Epsilon 1.0000
Epsilon 0.9866
Epsilon 0.9732
Epsilon 0.9598
Epsilon 0.9464
Epsilon 0.9330
Epsilon 0.9196
Epsilon 0.9062
Epsilon 0.8928
Epsilon 0.8794
Iter 17 | Reward(mean±std): -5.21 ± 4.05 | Price(mean±std): 21.82 ± 6.49
Episode: 10
Steps per episode: 336
Epsilon 1.0000
Epsilon 0.9866
Epsilon 0.9732
Epsilon 0.9598
Epsilon 0.9464
Epsilon 0.9330
Epsilon 0.9196
Epsilon 0.9062
Epsilon 0.8928
Epsilon 0.8794
Iter 18 | Reward(mean±std): -4.88 ± 3.91 | Price(mean±std): 21.29 ± 6.26
Episode: 10
Steps per episode: 336
Epsilon 1.0000
Epsilon 0.9866
Epsilon 0.9732
Epsilon 0.9598
Epsilon 0.9464
Epsilon 0.9330
Epsilon 0.9196
Epsilon 0.9062
Epsilon 0.8928
Epsilon 0.8794
Iter 19 | Reward(mean±std): -4.65 ± 3.79 | Price(mean±std): 20.72 ± 6.15
Episode: 10
Steps per episode: 336
Epsilon 1.0000
Epsilon 0.9866
Epsilon 0.9732
Epsilon 0.9598
Epsilon 0.9464
Epsilon 0.9330
Epsilon 0.9196
Epsilon 0.9062
Epsilon 0.8928
Epsilon 0.8794
Iter 20 | Reward(mean±std): -4.80 ± 3.89 | Price(mean±std): 21.07 ± 5.97
Episode: 10
Steps per episode: 336
Epsilon 1.0000
Epsilon 0.9866
Epsilon 0.9732
Epsilon 0.9598
Epsilon 0.9464
Epsilon 0.9330
Epsilon 0.9196
Epsilon 0.9062
Epsilon 0.8928
Epsilon 0.8794
Iter 21 | Reward(mean±std): -4.88 ± 3.70 | Price(mean±std): 21.29 ± 5.91
Episode: 10
Steps per episode: 336
Epsilon 1.0000
Epsilon 0.9866
Epsilon 0.9732
Epsilon 0.9598
Epsilon 0.9464
Epsilon 0.9330
Epsilon 0.9196
Epsilon 0.9062
Epsilon 0.8928
Epsilon 0.8794
Iter 22 | Reward(mean±std): -3.95 ± 3.42 | Price(mean±std): 19.80 ± 5.48
Episode: 10
Steps per episode: 336
Epsilon 1.0000
Epsilon 0.9866
Epsilon 0.9732
Epsilon 0.9598
Epsilon 0.9464
Epsilon 0.9330
Epsilon 0.9196
Epsilon 0.9062
Epsilon 0.8928
Epsilon 0.8794
Iter 23 | Reward(mean±std): -4.91 ± 3.82 | Price(mean±std): 21.35 ± 6.11
Episode: 10
Steps per episode: 336
Epsilon 1.0000
Epsilon 0.9866
Epsilon 0.9732
Epsilon 0.9598
Epsilon 0.9464
Epsilon 0.9330
Epsilon 0.9196
Epsilon 0.9062
Epsilon 0.8928
Epsilon 0.8794
Iter 24 | Reward(mean±std): -4.68 ± 3.72 | Price(mean±std): 20.97 ± 5.96
Episode: 10
Steps per episode: 336
Epsilon 1.0000
Epsilon 0.9866
Epsilon 0.9732
Epsilon 0.9598
Epsilon 0.9464
Epsilon 0.9330
Epsilon 0.9196
Epsilon 0.9062
Epsilon 0.8928
Epsilon 0.8794
Iter 25 | Reward(mean±std): -4.59 ± 3.61 | Price(mean±std): 20.73 ± 5.52
Episode: 10
Steps per episode: 336
Epsilon 1.0000
Epsilon 0.9866
Epsilon 0.9732
Epsilon 0.9598
Epsilon 0.9464
Epsilon 0.9330
Epsilon 0.9196
Epsilon 0.9062
Epsilon 0.8928
Epsilon 0.8794
Iter 26 | Reward(mean±std): -8.95 ± 7.87 | Price(mean±std): 21.80 ± 5.96
Episode: 10
Steps per episode: 336
Epsilon 1.0000
Epsilon 0.9866
Epsilon 0.9732
Epsilon 0.9598
Epsilon 0.9464
Epsilon 0.9330
Epsilon 0.9196
Epsilon 0.9062
Epsilon 0.8928
Epsilon 0.8794
Iter 27 | Reward(mean±std): -4.44 ± 3.98 | Price(mean±std): 20.39 ± 5.87
Episode: 10
Steps per episode: 336
Epsilon 1.0000
Epsilon 0.9866
Epsilon 0.9732
Epsilon 0.9598
Epsilon 0.9464
Epsilon 0.9330
Epsilon 0.9196
Epsilon 0.9062
Epsilon 0.8928
Epsilon 0.8794
Iter 28 | Reward(mean±std): -5.02 ± 3.85 | Price(mean±std): 21.52 ± 6.17
Episode: 10
Steps per episode: 336
Epsilon 1.0000
Epsilon 0.9866
Epsilon 0.9732
Epsilon 0.9598
Epsilon 0.9464
Epsilon 0.9330
Epsilon 0.9196
Epsilon 0.9062
Epsilon 0.8928
Epsilon 0.8794
Iter 29 | Reward(mean±std): -4.50 ± 3.61 | Price(mean±std): 20.68 ± 5.78
Episode: 10
Steps per episode: 336
Epsilon 1.0000
Epsilon 0.9866
Epsilon 0.9732
Epsilon 0.9598
Epsilon 0.9464
Epsilon 0.9330
Epsilon 0.9196
Epsilon 0.9062
Epsilon 0.8928
Epsilon 0.8794
Iter 30 | Reward(mean±std): -4.32 ± 3.39 | Price(mean±std): 20.40 ± 5.42
Episode: 10
Steps per episode: 336
Epsilon 1.0000
Epsilon 0.9866
Epsilon 0.9732
Epsilon 0.9598
Epsilon 0.9464
Epsilon 0.9330
Epsilon 0.9196
Epsilon 0.9062
Epsilon 0.8928
Epsilon 0.8794
Iter 31 | Reward(mean±std): -4.34 ± 3.80 | Price(mean±std): 20.43 ± 6.08
Episode: 10
Steps per episode: 336
Epsilon 1.0000
Epsilon 0.9866
Epsilon 0.9732
Epsilon 0.9598
Epsilon 0.9464
Epsilon 0.9330
Epsilon 0.9196
Epsilon 0.9062
Epsilon 0.8928
Epsilon 0.8794
Iter 32 | Reward(mean±std): -4.69 ± 3.61 | Price(mean±std): 20.98 ± 5.78
Episode: 10
Steps per episode: 336
Epsilon 1.0000
Epsilon 0.9866
Epsilon 0.9732
Epsilon 0.9598
Epsilon 0.9464
Epsilon 0.9330
Epsilon 0.9196
Epsilon 0.9062
Epsilon 0.8928
Epsilon 0.8794
Iter 33 | Reward(mean±std): -4.67 ± 3.40 | Price(mean±std): 20.95 ± 5.44
Episode: 10
Steps per episode: 336
Epsilon 1.0000
Epsilon 0.9866
Epsilon 0.9732
Epsilon 0.9598
Epsilon 0.9464
Epsilon 0.9330
Epsilon 0.9196
Epsilon 0.9062
Epsilon 0.8928
Epsilon 0.8794
Iter 34 | Reward(mean±std): -4.85 ± 3.90 | Price(mean±std): 21.25 ± 6.25
Episode: 10
Steps per episode: 336
Epsilon 1.0000
Epsilon 0.9866
Epsilon 0.9732
Epsilon 0.9598
Epsilon 0.9464
Epsilon 0.9330
Epsilon 0.9196
Epsilon 0.9062
Epsilon 0.8928
Epsilon 0.8794
Iter 35 | Reward(mean±std): -3.93 ± 3.41 | Price(mean±std): 19.77 ± 5.45
Episode: 10
Steps per episode: 336
Epsilon 1.0000
Epsilon 0.9866
Epsilon 0.9732
Epsilon 0.9598
Epsilon 0.9464
Epsilon 0.9330
Epsilon 0.9196
Epsilon 0.9062
Epsilon 0.8928
Epsilon 0.8794
Iter 36 | Reward(mean±std): -4.33 ± 4.55 | Price(mean±std): 20.02 ± 6.26
Episode: 10
Steps per episode: 336
Epsilon 1.0000
Epsilon 0.9866
Epsilon 0.9732
Epsilon 0.9598
Epsilon 0.9464
Epsilon 0.9330
Epsilon 0.9196
Epsilon 0.9062
Epsilon 0.8928
Epsilon 0.8794
Iter 37 | Reward(mean±std): -4.35 ± 3.76 | Price(mean±std): 20.45 ± 6.02
Episode: 10
Steps per episode: 336
Epsilon 1.0000
Epsilon 0.9866
Epsilon 0.9732
Epsilon 0.9598
Epsilon 0.9464
Epsilon 0.9330
Epsilon 0.9196
Epsilon 0.9062
Epsilon 0.8928
Epsilon 0.8794
Iter 38 | Reward(mean±std): -3.76 ± 3.36 | Price(mean±std): 19.50 ± 5.37
Episode: 10
Steps per episode: 336
Epsilon 1.0000
Epsilon 0.9866
Epsilon 0.9732
Epsilon 0.9598
Epsilon 0.9464
Epsilon 0.9330
Epsilon 0.9196
Epsilon 0.9062
Epsilon 0.8928
Epsilon 0.8794
Iter 39 | Reward(mean±std): -4.46 ± 3.64 | Price(mean±std): 20.61 ± 5.83

Best mean price over checkpoints: 19.40
Last raw mean reward: -4.46
Last smoothed mean reward (window=5): -4.16
  [EXTENDED] final evaluation with best weights...
Deterministic eval: epsilon = 0.0 (greedy)
Episode: 1
Steps per episode: 17535
Epsilon 0.0000
Final price: 1047.34 EUR
    DQN cost: 1047.34 EUR  (improvement: 11.5%  fraction of theoretical: 48.2%)
    Saved user_179_extended_price_comparison.pdf / .png
  [done] user 179 written to CSV.

[7/30]
============================================================
USER 261  (cluster 6)
============================================================
  [setup] imports...
Using Apple Silicon MPS Acceleration

Tensor created on device: mps:0
  [setup] data loading...
  [setup] preprocessing...
Detected step: 30.0 min | KorakovNaDan=48 | BatMaxPolnjenje=3.000 | BatMaxPraznjenje=3.000
Using Scaler: RobustScaler
                           Energy_Consumption  ...  SMP_OutlierFlag
Timestamp_UTC                                  ...                 
2010-07-01 00:30:00+00:00           -0.064378  ...              0.0
2010-07-01 01:00:00+00:00           -0.081545  ...              0.0
2010-07-01 01:30:00+00:00           -0.128755  ...              0.0
2010-07-01 02:00:00+00:00           -0.064378  ...              0.0
2010-07-01 02:30:00+00:00           -0.167382  ...              0.0

[5 rows x 4 columns]
Notebook DQN now uses HouseholdEnvironment directly
  [setup] DQN class & Learning_DQN...
  [baselines] test env + MILP function...
  [baselines] SARSA agents + random DQN eval...
cena po optimizaciji 1237.501913401271
Random eval: epsilon = 1.0
Episode: 1
Steps per episode: 17535
Epsilon 1.0000
Final price: 2628.33 EUR
  [baselines] no-battery agent...
  [baselines] MILP benchmark (this may take several minutes)...
Building MILP Model...
Solving over 17535 steps... (This may take a moment)

--- MILP Optimization Complete ---
Total Electricity Cost (Inc GST & Fixed): $839.5517
Total RL Equivalent Reward: -83.5289
    No-battery cost: 1044.96 EUR | MILP cost: 839.55 EUR
  [BASIC] training (100 episodes)...
Reset requested: removed old DQN checkpoint.
Episode: 100
Steps per episode: 336
Epsilon 1.0000
Epsilon 0.9942
Epsilon 0.9808
Epsilon 0.9674
Epsilon 0.9540
Epsilon 0.9406
Epsilon 0.9272
Epsilon 0.9138
Epsilon 0.9004
Epsilon 0.8870
Epsilon 0.8736
Epsilon 0.8602
Epsilon 0.8468
Epsilon 0.8334
Epsilon 0.8200
Epsilon 0.8066
Epsilon 0.7932
Epsilon 0.7798
Epsilon 0.7664
Epsilon 0.7530
Epsilon 0.7396
Epsilon 0.7262
Epsilon 0.7128
Epsilon 0.6994
Epsilon 0.6860
Epsilon 0.6726
Epsilon 0.6592
Epsilon 0.6458
Epsilon 0.6324
Epsilon 0.6190
Epsilon 0.6056
Epsilon 0.5922
Epsilon 0.5788
Epsilon 0.5654
Epsilon 0.5520
Epsilon 0.5386
Epsilon 0.5252
Epsilon 0.5118
Epsilon 0.4984
Epsilon 0.4850
Epsilon 0.4716
Epsilon 0.4582
Epsilon 0.4448
Epsilon 0.4314
Epsilon 0.4180
Epsilon 0.4046
Epsilon 0.3912
Epsilon 0.3778
Epsilon 0.3644
Epsilon 0.3510
Epsilon 0.3376
Epsilon 0.3242
Epsilon 0.3108
Epsilon 0.2974
Epsilon 0.2840
Epsilon 0.2706
Epsilon 0.2572
Epsilon 0.2438
Epsilon 0.2304
Epsilon 0.2170
Epsilon 0.2036
Epsilon 0.1902
Epsilon 0.1768
Epsilon 0.1634
Epsilon 0.1500
Epsilon 0.1366
Epsilon 0.1232
Epsilon 0.1098
Epsilon 0.0964
Epsilon 0.0830
Epsilon 0.0696
Epsilon 0.0562
Epsilon 0.0428
Epsilon 0.0294
Epsilon 0.0160
Epsilon 0.0100
Epsilon 0.0100
Epsilon 0.0100
Epsilon 0.0100
Epsilon 0.0100
Epsilon 0.0100
Epsilon 0.0100
Epsilon 0.0100
Epsilon 0.0100
Epsilon 0.0100
Epsilon 0.0100
Epsilon 0.0100
Epsilon 0.0100
Epsilon 0.0100
Epsilon 0.0100
Epsilon 0.0100
Epsilon 0.0100
Epsilon 0.0100
Epsilon 0.0100
Epsilon 0.0100
Epsilon 0.0100
Epsilon 0.0100
Epsilon 0.0100
Epsilon 0.0100
Epsilon 0.0100
  [BASIC] evaluation...
Deterministic eval: epsilon = 0.0 (greedy)
Episode: 1
Steps per episode: 17535
Epsilon 0.0000
Final price: 991.04 EUR
    DQN cost: 991.04 EUR  (improvement: 5.2%  fraction of theoretical: 26.2%)
    Saved user_261_basic_price_comparison.pdf / .png
  [EXTENDED] convergence training (40 x 10 episodes with eval)...
Reset requested: removed old DQN checkpoint.
Episode: 10
Steps per episode: 336
Epsilon 1.0000
Epsilon 0.9942
Epsilon 0.9808
Epsilon 0.9674
Epsilon 0.9540
Epsilon 0.9406
Epsilon 0.9272
Epsilon 0.9138
Epsilon 0.9004
Epsilon 0.8870
Episode: 10
Steps per episode: 336
Epsilon 1.0000
Epsilon 0.9866
Epsilon 0.9732
Epsilon 0.9598
Epsilon 0.9464
Epsilon 0.9330
Epsilon 0.9196
Epsilon 0.9062
Epsilon 0.8928
Epsilon 0.8794
Iter 00 | Reward(mean±std): -3.18 ± 2.52 | Price(mean±std): 18.58 ± 4.04
Episode: 10
Steps per episode: 336
Epsilon 1.0000
Epsilon 0.9866
Epsilon 0.9732
Epsilon 0.9598
Epsilon 0.9464
Epsilon 0.9330
Epsilon 0.9196
Epsilon 0.9062
Epsilon 0.8928
Epsilon 0.8794
Iter 01 | Reward(mean±std): -5.43 ± 7.43 | Price(mean±std): 18.78 ± 4.16
Episode: 10
Steps per episode: 336
Epsilon 1.0000
Epsilon 0.9866
Epsilon 0.9732
Epsilon 0.9598
Epsilon 0.9464
Epsilon 0.9330
Epsilon 0.9196
Epsilon 0.9062
Epsilon 0.8928
Epsilon 0.8794
Iter 02 | Reward(mean±std): -3.32 ± 2.45 | Price(mean±std): 18.80 ± 3.91
Episode: 10
Steps per episode: 336
Epsilon 1.0000
Epsilon 0.9866
Epsilon 0.9732
Epsilon 0.9598
Epsilon 0.9464
Epsilon 0.9330
Epsilon 0.9196
Epsilon 0.9062
Epsilon 0.8928
Epsilon 0.8794
Iter 03 | Reward(mean±std): -3.11 ± 2.63 | Price(mean±std): 18.45 ± 4.21
Episode: 10
Steps per episode: 336
Epsilon 1.0000
Epsilon 0.9866
Epsilon 0.9732
Epsilon 0.9598
Epsilon 0.9464
Epsilon 0.9330
Epsilon 0.9196
Epsilon 0.9062
Epsilon 0.8928
Epsilon 0.8794
Iter 04 | Reward(mean±std): -3.42 ± 2.30 | Price(mean±std): 18.95 ± 3.68
Episode: 10
Steps per episode: 336
Epsilon 1.0000
Epsilon 0.9866
Epsilon 0.9732
Epsilon 0.9598
Epsilon 0.9464
Epsilon 0.9330
Epsilon 0.9196
Epsilon 0.9062
Epsilon 0.8928
Epsilon 0.8794
Iter 05 | Reward(mean±std): -3.10 ± 2.38 | Price(mean±std): 18.45 ± 3.80
Episode: 10
Steps per episode: 336
Epsilon 1.0000
Epsilon 0.9866
Epsilon 0.9732
Epsilon 0.9598
Epsilon 0.9464
Epsilon 0.9330
Epsilon 0.9196
Epsilon 0.9062
Epsilon 0.8928
Epsilon 0.8794
Iter 06 | Reward(mean±std): -2.87 ± 2.51 | Price(mean±std): 18.08 ± 4.01
Episode: 10
Steps per episode: 336
Epsilon 1.0000
Epsilon 0.9866
Epsilon 0.9732
Epsilon 0.9598
Epsilon 0.9464
Epsilon 0.9330
Epsilon 0.9196
Epsilon 0.9062
Epsilon 0.8928
Epsilon 0.8794
Iter 07 | Reward(mean±std): -2.38 ± 1.66 | Price(mean±std): 17.29 ± 2.66
Episode: 10
Steps per episode: 336
Epsilon 1.0000
Epsilon 0.9866
Epsilon 0.9732
Epsilon 0.9598
Epsilon 0.9464
Epsilon 0.9330
Epsilon 0.9196
Epsilon 0.9062
Epsilon 0.8928
Epsilon 0.8794
Iter 08 | Reward(mean±std): -13.78 ± 22.54 | Price(mean±std): 18.34 ± 3.69
Episode: 10
Steps per episode: 336
Epsilon 1.0000
Epsilon 0.9866
Epsilon 0.9732
Epsilon 0.9598
Epsilon 0.9464
Epsilon 0.9330
Epsilon 0.9196
Epsilon 0.9062
Epsilon 0.8928
Epsilon 0.8794
Iter 09 | Reward(mean±std): -3.24 ± 2.32 | Price(mean±std): 18.67 ± 3.71
Episode: 10
Steps per episode: 336
Epsilon 1.0000
Epsilon 0.9866
Epsilon 0.9732
Epsilon 0.9598
Epsilon 0.9464
Epsilon 0.9330
Epsilon 0.9196
Epsilon 0.9062
Epsilon 0.8928
Epsilon 0.8794
Iter 10 | Reward(mean±std): -5.54 ± 8.20 | Price(mean±std): 18.75 ± 3.69
Episode: 10
Steps per episode: 336
Epsilon 1.0000
Epsilon 0.9866
Epsilon 0.9732
Epsilon 0.9598
Epsilon 0.9464
Epsilon 0.9330
Epsilon 0.9196
Epsilon 0.9062
Epsilon 0.8928
Epsilon 0.8794
Iter 11 | Reward(mean±std): -3.29 ± 2.36 | Price(mean±std): 18.75 ± 3.77
Episode: 10
Steps per episode: 336
Epsilon 1.0000
Epsilon 0.9866
Epsilon 0.9732
Epsilon 0.9598
Epsilon 0.9464
Epsilon 0.9330
Epsilon 0.9196
Epsilon 0.9062
Epsilon 0.8928
Epsilon 0.8794
Iter 12 | Reward(mean±std): -2.71 ± 2.21 | Price(mean±std): 17.83 ± 3.53
Episode: 10
Steps per episode: 336
Epsilon 1.0000
Epsilon 0.9866
Epsilon 0.9732
Epsilon 0.9598
Epsilon 0.9464
Epsilon 0.9330
Epsilon 0.9196
Epsilon 0.9062
Epsilon 0.8928
Epsilon 0.8794
Iter 13 | Reward(mean±std): -3.13 ± 2.57 | Price(mean±std): 18.50 ± 4.11
Episode: 10
Steps per episode: 336
Epsilon 1.0000
Epsilon 0.9866
Epsilon 0.9732
Epsilon 0.9598
Epsilon 0.9464
Epsilon 0.9330
Epsilon 0.9196
Epsilon 0.9062
Epsilon 0.8928
Epsilon 0.8794
Iter 14 | Reward(mean±std): -3.31 ± 2.28 | Price(mean±std): 18.78 ± 3.65
Episode: 10
Steps per episode: 336
Epsilon 1.0000
Epsilon 0.9866
Epsilon 0.9732
Epsilon 0.9598
Epsilon 0.9464
Epsilon 0.9330
Epsilon 0.9196
Epsilon 0.9062
Epsilon 0.8928
Epsilon 0.8794
Iter 15 | Reward(mean±std): -3.63 ± 2.08 | Price(mean±std): 19.30 ± 3.33
Episode: 10
Steps per episode: 336
Epsilon 1.0000
Epsilon 0.9866
Epsilon 0.9732
Epsilon 0.9598
Epsilon 0.9464
Epsilon 0.9330
Epsilon 0.9196
Epsilon 0.9062
Epsilon 0.8928
Epsilon 0.8794
Iter 16 | Reward(mean±std): -3.87 ± 2.23 | Price(mean±std): 19.67 ± 3.56
Episode: 10
Steps per episode: 336
Epsilon 1.0000
Epsilon 0.9866
Epsilon 0.9732
Epsilon 0.9598
Epsilon 0.9464
Epsilon 0.9330
Epsilon 0.9196
Epsilon 0.9062
Epsilon 0.8928
Epsilon 0.8794
Iter 17 | Reward(mean±std): -2.88 ± 2.17 | Price(mean±std): 18.10 ± 3.47
Episode: 10
Steps per episode: 336
Epsilon 1.0000
Epsilon 0.9866
Epsilon 0.9732
Epsilon 0.9598
Epsilon 0.9464
Epsilon 0.9330
Epsilon 0.9196
Epsilon 0.9062
Epsilon 0.8928
Epsilon 0.8794
Iter 18 | Reward(mean±std): -2.82 ± 2.34 | Price(mean±std): 18.00 ± 3.74
Episode: 10
Steps per episode: 336
Epsilon 1.0000
Epsilon 0.9866
Epsilon 0.9732
Epsilon 0.9598
Epsilon 0.9464
Epsilon 0.9330
Epsilon 0.9196
Epsilon 0.9062
Epsilon 0.8928
Epsilon 0.8794
Iter 19 | Reward(mean±std): -24.25 ± 31.05 | Price(mean±std): 18.49 ± 3.68
Episode: 10
Steps per episode: 336
Epsilon 1.0000
Epsilon 0.9866
Epsilon 0.9732
Epsilon 0.9598
Epsilon 0.9464
Epsilon 0.9330
Epsilon 0.9196
Epsilon 0.9062
Epsilon 0.8928
Epsilon 0.8794
Iter 20 | Reward(mean±std): -2.74 ± 2.39 | Price(mean±std): 17.67 ± 3.31
Episode: 10
Steps per episode: 336
Epsilon 1.0000
Epsilon 0.9866
Epsilon 0.9732
Epsilon 0.9598
Epsilon 0.9464
Epsilon 0.9330
Epsilon 0.9196
Epsilon 0.9062
Epsilon 0.8928
Epsilon 0.8794
Iter 21 | Reward(mean±std): -2.85 ± 2.24 | Price(mean±std): 18.04 ± 3.58
Episode: 10
Steps per episode: 336
Epsilon 1.0000
Epsilon 0.9866
Epsilon 0.9732
Epsilon 0.9598
Epsilon 0.9464
Epsilon 0.9330
Epsilon 0.9196
Epsilon 0.9062
Epsilon 0.8928
Epsilon 0.8794
Iter 22 | Reward(mean±std): -3.37 ± 2.28 | Price(mean±std): 18.88 ± 3.64
Episode: 10
Steps per episode: 336
Epsilon 1.0000
Epsilon 0.9866
Epsilon 0.9732
Epsilon 0.9598
Epsilon 0.9464
Epsilon 0.9330
Epsilon 0.9196
Epsilon 0.9062
Epsilon 0.8928
Epsilon 0.8794
Iter 23 | Reward(mean±std): -2.79 ± 1.97 | Price(mean±std): 17.95 ± 3.15
Episode: 10
Steps per episode: 336
Epsilon 1.0000
Epsilon 0.9866
Epsilon 0.9732
Epsilon 0.9598
Epsilon 0.9464
Epsilon 0.9330
Epsilon 0.9196
Epsilon 0.9062
Epsilon 0.8928
Epsilon 0.8794
Iter 24 | Reward(mean±std): -3.27 ± 2.26 | Price(mean±std): 18.71 ± 3.61
Episode: 10
Steps per episode: 336
Epsilon 1.0000
Epsilon 0.9866
Epsilon 0.9732
Epsilon 0.9598
Epsilon 0.9464
Epsilon 0.9330
Epsilon 0.9196
Epsilon 0.9062
Epsilon 0.8928
Epsilon 0.8794
Iter 25 | Reward(mean±std): -2.94 ± 2.36 | Price(mean±std): 18.20 ± 3.77
Episode: 10
Steps per episode: 336
Epsilon 1.0000
Epsilon 0.9866
Epsilon 0.9732
Epsilon 0.9598
Epsilon 0.9464
Epsilon 0.9330
Epsilon 0.9196
Epsilon 0.9062
Epsilon 0.8928
Epsilon 0.8794
Iter 26 | Reward(mean±std): -3.06 ± 2.37 | Price(mean±std): 18.39 ± 3.80
Episode: 10
Steps per episode: 336
Epsilon 1.0000
Epsilon 0.9866
Epsilon 0.9732
Epsilon 0.9598
Epsilon 0.9464
Epsilon 0.9330
Epsilon 0.9196
Epsilon 0.9062
Epsilon 0.8928
Epsilon 0.8794
Iter 27 | Reward(mean±std): -2.80 ± 2.40 | Price(mean±std): 17.96 ± 3.84
Episode: 10
Steps per episode: 336
Epsilon 1.0000
Epsilon 0.9866
Epsilon 0.9732
Epsilon 0.9598
Epsilon 0.9464
Epsilon 0.9330
Epsilon 0.9196
Epsilon 0.9062
Epsilon 0.8928
Epsilon 0.8794
Iter 28 | Reward(mean±std): -2.70 ± 2.12 | Price(mean±std): 17.80 ± 3.39
Episode: 10
Steps per episode: 336
Epsilon 1.0000
Epsilon 0.9866
Epsilon 0.9732
Epsilon 0.9598
Epsilon 0.9464
Epsilon 0.9330
Epsilon 0.9196
Epsilon 0.9062
Epsilon 0.8928
Epsilon 0.8794
Iter 29 | Reward(mean±std): -3.23 ± 2.33 | Price(mean±std): 18.66 ± 3.73
Episode: 10
Steps per episode: 336
Epsilon 1.0000
Epsilon 0.9866
Epsilon 0.9732
Epsilon 0.9598
Epsilon 0.9464
Epsilon 0.9330
Epsilon 0.9196
Epsilon 0.9062
Epsilon 0.8928
Epsilon 0.8794
Iter 30 | Reward(mean±std): -2.80 ± 2.47 | Price(mean±std): 17.96 ± 3.96
Episode: 10
Steps per episode: 336
Epsilon 1.0000
Epsilon 0.9866
Epsilon 0.9732
Epsilon 0.9598
Epsilon 0.9464
Epsilon 0.9330
Epsilon 0.9196
Epsilon 0.9062
Epsilon 0.8928
Epsilon 0.8794
Iter 31 | Reward(mean±std): -3.96 ± 2.74 | Price(mean±std): 19.12 ± 4.06
Episode: 10
Steps per episode: 336
Epsilon 1.0000
Epsilon 0.9866
Epsilon 0.9732
Epsilon 0.9598
Epsilon 0.9464
Epsilon 0.9330
Epsilon 0.9196
Epsilon 0.9062
Epsilon 0.8928
Epsilon 0.8794
Iter 32 | Reward(mean±std): -2.64 ± 2.58 | Price(mean±std): 17.71 ± 4.13
Episode: 10
Steps per episode: 336
Epsilon 1.0000
Epsilon 0.9866
Epsilon 0.9732
Epsilon 0.9598
Epsilon 0.9464
Epsilon 0.9330
Epsilon 0.9196
Epsilon 0.9062
Epsilon 0.8928
Epsilon 0.8794
Iter 33 | Reward(mean±std): -2.89 ± 2.36 | Price(mean±std): 18.11 ± 3.78
Episode: 10
Steps per episode: 336
Epsilon 1.0000
Epsilon 0.9866
Epsilon 0.9732
Epsilon 0.9598
Epsilon 0.9464
Epsilon 0.9330
Epsilon 0.9196
Epsilon 0.9062
Epsilon 0.8928
Epsilon 0.8794
Iter 34 | Reward(mean±std): -2.59 ± 2.29 | Price(mean±std): 17.64 ± 3.66
Episode: 10
Steps per episode: 336
Epsilon 1.0000
Epsilon 0.9866
Epsilon 0.9732
Epsilon 0.9598
Epsilon 0.9464
Epsilon 0.9330
Epsilon 0.9196
Epsilon 0.9062
Epsilon 0.8928
Epsilon 0.8794
Iter 35 | Reward(mean±std): -2.71 ± 2.24 | Price(mean±std): 17.83 ± 3.59
Episode: 10
Steps per episode: 336
Epsilon 1.0000
Epsilon 0.9866
Epsilon 0.9732
Epsilon 0.9598
Epsilon 0.9464
Epsilon 0.9330
Epsilon 0.9196
Epsilon 0.9062
Epsilon 0.8928
Epsilon 0.8794
Iter 36 | Reward(mean±std): -3.37 ± 2.30 | Price(mean±std): 18.88 ± 3.68
Episode: 10
Steps per episode: 336
Epsilon 1.0000
Epsilon 0.9866
Epsilon 0.9732
Epsilon 0.9598
Epsilon 0.9464
Epsilon 0.9330
Epsilon 0.9196
Epsilon 0.9062
Epsilon 0.8928
Epsilon 0.8794
Iter 37 | Reward(mean±std): -3.08 ± 2.49 | Price(mean±std): 18.41 ± 3.98
Episode: 10
Steps per episode: 336
Epsilon 1.0000
Epsilon 0.9866
Epsilon 0.9732
Epsilon 0.9598
Epsilon 0.9464
Epsilon 0.9330
Epsilon 0.9196
Epsilon 0.9062
Epsilon 0.8928
Epsilon 0.8794
Iter 38 | Reward(mean±std): -2.97 ± 2.36 | Price(mean±std): 18.24 ± 3.77
Episode: 10
Steps per episode: 336
Epsilon 1.0000
Epsilon 0.9866
Epsilon 0.9732
Epsilon 0.9598
Epsilon 0.9464
Epsilon 0.9330
Epsilon 0.9196
Epsilon 0.9062
Epsilon 0.8928
Epsilon 0.8794
Iter 39 | Reward(mean±std): -2.64 ± 2.22 | Price(mean±std): 17.71 ± 3.56

Best mean price over checkpoints: 17.29
Last raw mean reward: -2.64
Last smoothed mean reward (window=5): -2.95
  [EXTENDED] final evaluation with best weights...
Deterministic eval: epsilon = 0.0 (greedy)
Episode: 1
Steps per episode: 17535
Epsilon 0.0000
Final price: 924.99 EUR
    DQN cost: 924.99 EUR  (improvement: 11.5%  fraction of theoretical: 58.4%)
    Saved user_261_extended_price_comparison.pdf / .png
  [done] user 261 written to CSV.

[8/30]
============================================================
USER 142  (cluster 7)
============================================================
  [setup] imports...
Using Apple Silicon MPS Acceleration

Tensor created on device: mps:0
  [setup] data loading...
  [setup] preprocessing...
Detected step: 30.0 min | KorakovNaDan=48 | BatMaxPolnjenje=3.000 | BatMaxPraznjenje=3.000
Using Scaler: RobustScaler
                           Energy_Consumption  ...  SMP_OutlierFlag
Timestamp_UTC                                  ...                 
2010-07-01 00:30:00+00:00           -0.022305  ...              0.0
2010-07-01 01:00:00+00:00           -0.074349  ...              0.0
2010-07-01 01:30:00+00:00           -0.148699  ...              0.0
2010-07-01 02:00:00+00:00           -0.029740  ...              0.0
2010-07-01 02:30:00+00:00           -0.048327  ...              0.0

[5 rows x 4 columns]
Notebook DQN now uses HouseholdEnvironment directly
  [setup] DQN class & Learning_DQN...
  [baselines] test env + MILP function...
  [baselines] SARSA agents + random DQN eval...
cena po optimizaciji 1326.339001015252
Random eval: epsilon = 1.0
Episode: 1
Steps per episode: 17535
Epsilon 1.0000
Final price: 2578.63 EUR
  [baselines] no-battery agent...
  [baselines] MILP benchmark (this may take several minutes)...
Building MILP Model...
Solving over 17535 steps... (This may take a moment)

--- MILP Optimization Complete ---
Total Electricity Cost (Inc GST & Fixed): $791.8187
Total RL Equivalent Reward: -53.6958
    No-battery cost: 1071.22 EUR | MILP cost: 791.82 EUR
  [BASIC] training (100 episodes)...
Reset requested: removed old DQN checkpoint.
Episode: 100
Steps per episode: 336
Epsilon 1.0000
Epsilon 0.9942
Epsilon 0.9808
Epsilon 0.9674
Epsilon 0.9540
Epsilon 0.9406
Epsilon 0.9272
Epsilon 0.9138
Epsilon 0.9004
Epsilon 0.8870
Epsilon 0.8736
Epsilon 0.8602
Epsilon 0.8468
Epsilon 0.8334
Epsilon 0.8200
Epsilon 0.8066
Epsilon 0.7932
Epsilon 0.7798
Epsilon 0.7664
Epsilon 0.7530
Epsilon 0.7396
Epsilon 0.7262
Epsilon 0.7128
Epsilon 0.6994
Epsilon 0.6860
Epsilon 0.6726
Epsilon 0.6592
Epsilon 0.6458
Epsilon 0.6324
Epsilon 0.6190
Epsilon 0.6056
Epsilon 0.5922
Epsilon 0.5788
Epsilon 0.5654
Epsilon 0.5520
Epsilon 0.5386
Epsilon 0.5252
Epsilon 0.5118
Epsilon 0.4984
Epsilon 0.4850
Epsilon 0.4716
Epsilon 0.4582
Epsilon 0.4448
Epsilon 0.4314
Epsilon 0.4180
Epsilon 0.4046
Epsilon 0.3912
Epsilon 0.3778
Epsilon 0.3644
Epsilon 0.3510
Epsilon 0.3376
Epsilon 0.3242
Epsilon 0.3108
Epsilon 0.2974
Epsilon 0.2840
Epsilon 0.2706
Epsilon 0.2572
Epsilon 0.2438
Epsilon 0.2304
Epsilon 0.2170
Epsilon 0.2036
Epsilon 0.1902
Epsilon 0.1768
Epsilon 0.1634
Epsilon 0.1500
Epsilon 0.1366
Epsilon 0.1232
Epsilon 0.1098
Epsilon 0.0964
Epsilon 0.0830
Epsilon 0.0696
Epsilon 0.0562
Epsilon 0.0428
Epsilon 0.0294
Epsilon 0.0160
Epsilon 0.0100
Epsilon 0.0100
Epsilon 0.0100
Epsilon 0.0100
Epsilon 0.0100
Epsilon 0.0100
Epsilon 0.0100
Epsilon 0.0100
Epsilon 0.0100
Epsilon 0.0100
Epsilon 0.0100
Epsilon 0.0100
Epsilon 0.0100
Epsilon 0.0100
Epsilon 0.0100
Epsilon 0.0100
Epsilon 0.0100
Epsilon 0.0100
Epsilon 0.0100
Epsilon 0.0100
Epsilon 0.0100
Epsilon 0.0100
Epsilon 0.0100
Epsilon 0.0100
Epsilon 0.0100
  [BASIC] evaluation...
Deterministic eval: epsilon = 0.0 (greedy)
Episode: 1
Steps per episode: 17535
Epsilon 0.0000
Final price: 926.75 EUR
    DQN cost: 926.75 EUR  (improvement: 13.5%  fraction of theoretical: 51.7%)
    Saved user_142_basic_price_comparison.pdf / .png
  [EXTENDED] convergence training (40 x 10 episodes with eval)...
Reset requested: removed old DQN checkpoint.
Episode: 10
Steps per episode: 336
Epsilon 1.0000
Epsilon 0.9942
Epsilon 0.9808
Epsilon 0.9674
Epsilon 0.9540
Epsilon 0.9406
Epsilon 0.9272
Epsilon 0.9138
Epsilon 0.9004
Epsilon 0.8870
Episode: 10
Steps per episode: 336
Epsilon 1.0000
Epsilon 0.9866
Epsilon 0.9732
Epsilon 0.9598
Epsilon 0.9464
Epsilon 0.9330
Epsilon 0.9196
Epsilon 0.9062
Epsilon 0.8928
Epsilon 0.8794
Iter 00 | Reward(mean±std): -3.30 ± 1.37 | Price(mean±std): 18.77 ± 2.19
Episode: 10
Steps per episode: 336
Epsilon 1.0000
Epsilon 0.9866
Epsilon 0.9732
Epsilon 0.9598
Epsilon 0.9464
Epsilon 0.9330
Epsilon 0.9196
Epsilon 0.9062
Epsilon 0.8928
Epsilon 0.8794
Iter 01 | Reward(mean±std): -3.05 ± 1.94 | Price(mean±std): 18.37 ± 3.10
Episode: 10
Steps per episode: 336
Epsilon 1.0000
Epsilon 0.9866
Epsilon 0.9732
Epsilon 0.9598
Epsilon 0.9464
Epsilon 0.9330
Epsilon 0.9196
Epsilon 0.9062
Epsilon 0.8928
Epsilon 0.8794
Iter 02 | Reward(mean±std): -8.72 ± 13.92 | Price(mean±std): 19.14 ± 2.55
Episode: 10
Steps per episode: 336
Epsilon 1.0000
Epsilon 0.9866
Epsilon 0.9732
Epsilon 0.9598
Epsilon 0.9464
Epsilon 0.9330
Epsilon 0.9196
Epsilon 0.9062
Epsilon 0.8928
Epsilon 0.8794
Iter 03 | Reward(mean±std): -14.87 ± 27.45 | Price(mean±std): 17.97 ± 2.80
Episode: 10
Steps per episode: 336
Epsilon 1.0000
Epsilon 0.9866
Epsilon 0.9732
Epsilon 0.9598
Epsilon 0.9464
Epsilon 0.9330
Epsilon 0.9196
Epsilon 0.9062
Epsilon 0.8928
Epsilon 0.8794
Iter 04 | Reward(mean±std): -2.06 ± 1.41 | Price(mean±std): 16.78 ± 2.26
Episode: 10
Steps per episode: 336
Epsilon 1.0000
Epsilon 0.9866
Epsilon 0.9732
Epsilon 0.9598
Epsilon 0.9464
Epsilon 0.9330
Epsilon 0.9196
Epsilon 0.9062
Epsilon 0.8928
Epsilon 0.8794
Iter 05 | Reward(mean±std): -18.47 ± 16.52 | Price(mean±std): 18.44 ± 1.95
Episode: 10
Steps per episode: 336
Epsilon 1.0000
Epsilon 0.9866
Epsilon 0.9732
Epsilon 0.9598
Epsilon 0.9464
Epsilon 0.9330
Epsilon 0.9196
Epsilon 0.9062
Epsilon 0.8928
Epsilon 0.8794
Iter 06 | Reward(mean±std): -4.54 ± 4.36 | Price(mean±std): 18.45 ± 2.18
Episode: 10
Steps per episode: 336
Epsilon 1.0000
Epsilon 0.9866
Epsilon 0.9732
Epsilon 0.9598
Epsilon 0.9464
Epsilon 0.9330
Epsilon 0.9196
Epsilon 0.9062
Epsilon 0.8928
Epsilon 0.8794
Iter 07 | Reward(mean±std): -1.98 ± 1.45 | Price(mean±std): 16.65 ± 2.33
Episode: 10
Steps per episode: 336
Epsilon 1.0000
Epsilon 0.9866
Epsilon 0.9732
Epsilon 0.9598
Epsilon 0.9464
Epsilon 0.9330
Epsilon 0.9196
Epsilon 0.9062
Epsilon 0.8928
Epsilon 0.8794
Iter 08 | Reward(mean±std): -2.41 ± 1.42 | Price(mean±std): 17.34 ± 2.27
Episode: 10
Steps per episode: 336
Epsilon 1.0000
Epsilon 0.9866
Epsilon 0.9732
Epsilon 0.9598
Epsilon 0.9464
Epsilon 0.9330
Epsilon 0.9196
Epsilon 0.9062
Epsilon 0.8928
Epsilon 0.8794
Iter 09 | Reward(mean±std): -3.61 ± 1.18 | Price(mean±std): 19.15 ± 1.66
Episode: 10
Steps per episode: 336
Epsilon 1.0000
Epsilon 0.9866
Epsilon 0.9732
Epsilon 0.9598
Epsilon 0.9464
Epsilon 0.9330
Epsilon 0.9196
Epsilon 0.9062
Epsilon 0.8928
Epsilon 0.8794
Iter 10 | Reward(mean±std): -14.63 ± 15.24 | Price(mean±std): 19.70 ± 1.83
Episode: 10
Steps per episode: 336
Epsilon 1.0000
Epsilon 0.9866
Epsilon 0.9732
Epsilon 0.9598
Epsilon 0.9464
Epsilon 0.9330
Epsilon 0.9196
Epsilon 0.9062
Epsilon 0.8928
Epsilon 0.8794
Iter 11 | Reward(mean±std): -3.18 ± 1.23 | Price(mean±std): 18.48 ± 1.73
Episode: 10
Steps per episode: 336
Epsilon 1.0000
Epsilon 0.9866
Epsilon 0.9732
Epsilon 0.9598
Epsilon 0.9464
Epsilon 0.9330
Epsilon 0.9196
Epsilon 0.9062
Epsilon 0.8928
Epsilon 0.8794
Iter 12 | Reward(mean±std): -2.54 ± 1.49 | Price(mean±std): 17.55 ± 2.38
Episode: 10
Steps per episode: 336
Epsilon 1.0000
Epsilon 0.9866
Epsilon 0.9732
Epsilon 0.9598
Epsilon 0.9464
Epsilon 0.9330
Epsilon 0.9196
Epsilon 0.9062
Epsilon 0.8928
Epsilon 0.8794
Iter 13 | Reward(mean±std): -2.16 ± 1.35 | Price(mean±std): 16.95 ± 2.16
Episode: 10
Steps per episode: 336
Epsilon 1.0000
Epsilon 0.9866
Epsilon 0.9732
Epsilon 0.9598
Epsilon 0.9464
Epsilon 0.9330
Epsilon 0.9196
Epsilon 0.9062
Epsilon 0.8928
Epsilon 0.8794
Iter 14 | Reward(mean±std): -2.74 ± 1.35 | Price(mean±std): 17.88 ± 2.15
Episode: 10
Steps per episode: 336
Epsilon 1.0000
Epsilon 0.9866
Epsilon 0.9732
Epsilon 0.9598
Epsilon 0.9464
Epsilon 0.9330
Epsilon 0.9196
Epsilon 0.9062
Epsilon 0.8928
Epsilon 0.8794
Iter 15 | Reward(mean±std): -2.04 ± 1.33 | Price(mean±std): 16.74 ± 2.13
Episode: 10
Steps per episode: 336
Epsilon 1.0000
Epsilon 0.9866
Epsilon 0.9732
Epsilon 0.9598
Epsilon 0.9464
Epsilon 0.9330
Epsilon 0.9196
Epsilon 0.9062
Epsilon 0.8928
Epsilon 0.8794
Iter 16 | Reward(mean±std): -3.57 ± 1.05 | Price(mean±std): 19.20 ± 1.68
Episode: 10
Steps per episode: 336
Epsilon 1.0000
Epsilon 0.9866
Epsilon 0.9732
Epsilon 0.9598
Epsilon 0.9464
Epsilon 0.9330
Epsilon 0.9196
Epsilon 0.9062
Epsilon 0.8928
Epsilon 0.8794
Iter 17 | Reward(mean±std): -2.42 ± 1.19 | Price(mean±std): 17.35 ± 1.91
Episode: 10
Steps per episode: 336
Epsilon 1.0000
Epsilon 0.9866
Epsilon 0.9732
Epsilon 0.9598
Epsilon 0.9464
Epsilon 0.9330
Epsilon 0.9196
Epsilon 0.9062
Epsilon 0.8928
Epsilon 0.8794
Iter 18 | Reward(mean±std): -2.60 ± 1.29 | Price(mean±std): 17.65 ± 2.06
Episode: 10
Steps per episode: 336
Epsilon 1.0000
Epsilon 0.9866
Epsilon 0.9732
Epsilon 0.9598
Epsilon 0.9464
Epsilon 0.9330
Epsilon 0.9196
Epsilon 0.9062
Epsilon 0.8928
Epsilon 0.8794
Iter 19 | Reward(mean±std): -3.77 ± 1.06 | Price(mean±std): 19.53 ± 1.69
Episode: 10
Steps per episode: 336
Epsilon 1.0000
Epsilon 0.9866
Epsilon 0.9732
Epsilon 0.9598
Epsilon 0.9464
Epsilon 0.9330
Epsilon 0.9196
Epsilon 0.9062
Epsilon 0.8928
Epsilon 0.8794
Iter 20 | Reward(mean±std): -2.64 ± 1.88 | Price(mean±std): 17.40 ± 2.49
Episode: 10
Steps per episode: 336
Epsilon 1.0000
Epsilon 0.9866
Epsilon 0.9732
Epsilon 0.9598
Epsilon 0.9464
Epsilon 0.9330
Epsilon 0.9196
Epsilon 0.9062
Epsilon 0.8928
Epsilon 0.8794
Iter 21 | Reward(mean±std): -3.32 ± 1.09 | Price(mean±std): 18.80 ± 1.75
Episode: 10
Steps per episode: 336
Epsilon 1.0000
Epsilon 0.9866
Epsilon 0.9732
Epsilon 0.9598
Epsilon 0.9464
Epsilon 0.9330
Epsilon 0.9196
Epsilon 0.9062
Epsilon 0.8928
Epsilon 0.8794
Iter 22 | Reward(mean±std): -3.31 ± 0.88 | Price(mean±std): 18.79 ± 1.41
Episode: 10
Steps per episode: 336
Epsilon 1.0000
Epsilon 0.9866
Epsilon 0.9732
Epsilon 0.9598
Epsilon 0.9464
Epsilon 0.9330
Epsilon 0.9196
Epsilon 0.9062
Epsilon 0.8928
Epsilon 0.8794
Iter 23 | Reward(mean±std): -2.12 ± 1.51 | Price(mean±std): 16.88 ± 2.41
Episode: 10
Steps per episode: 336
Epsilon 1.0000
Epsilon 0.9866
Epsilon 0.9732
Epsilon 0.9598
Epsilon 0.9464
Epsilon 0.9330
Epsilon 0.9196
Epsilon 0.9062
Epsilon 0.8928
Epsilon 0.8794
Iter 24 | Reward(mean±std): -3.63 ± 1.14 | Price(mean±std): 19.29 ± 1.83
Episode: 10
Steps per episode: 336
Epsilon 1.0000
Epsilon 0.9866
Epsilon 0.9732
Epsilon 0.9598
Epsilon 0.9464
Epsilon 0.9330
Epsilon 0.9196
Epsilon 0.9062
Epsilon 0.8928
Epsilon 0.8794
Iter 25 | Reward(mean±std): -5.60 ± 6.73 | Price(mean±std): 18.75 ± 2.07
Episode: 10
Steps per episode: 336
Epsilon 1.0000
Epsilon 0.9866
Epsilon 0.9732
Epsilon 0.9598
Epsilon 0.9464
Epsilon 0.9330
Epsilon 0.9196
Epsilon 0.9062
Epsilon 0.8928
Epsilon 0.8794
Iter 26 | Reward(mean±std): -4.98 ± 5.03 | Price(mean±std): 19.05 ± 1.88
Episode: 10
Steps per episode: 336
Epsilon 1.0000
Epsilon 0.9866
Epsilon 0.9732
Epsilon 0.9598
Epsilon 0.9464
Epsilon 0.9330
Epsilon 0.9196
Epsilon 0.9062
Epsilon 0.8928
Epsilon 0.8794
Iter 27 | Reward(mean±std): -2.25 ± 1.46 | Price(mean±std): 17.08 ± 2.33
Episode: 10
Steps per episode: 336
Epsilon 1.0000
Epsilon 0.9866
Epsilon 0.9732
Epsilon 0.9598
Epsilon 0.9464
Epsilon 0.9330
Epsilon 0.9196
Epsilon 0.9062
Epsilon 0.8928
Epsilon 0.8794
Iter 28 | Reward(mean±std): -2.57 ± 1.52 | Price(mean±std): 17.60 ± 2.43
Episode: 10
Steps per episode: 336
Epsilon 1.0000
Epsilon 0.9866
Epsilon 0.9732
Epsilon 0.9598
Epsilon 0.9464
Epsilon 0.9330
Epsilon 0.9196
Epsilon 0.9062
Epsilon 0.8928
Epsilon 0.8794
Iter 29 | Reward(mean±std): -2.05 ± 1.60 | Price(mean±std): 16.76 ± 2.56
Episode: 10
Steps per episode: 336
Epsilon 1.0000
Epsilon 0.9866
Epsilon 0.9732
Epsilon 0.9598
Epsilon 0.9464
Epsilon 0.9330
Epsilon 0.9196
Epsilon 0.9062
Epsilon 0.8928
Epsilon 0.8794
Iter 30 | Reward(mean±std): -1.84 ± 1.38 | Price(mean±std): 16.42 ± 2.22
Episode: 10
Steps per episode: 336
Epsilon 1.0000
Epsilon 0.9866
Epsilon 0.9732
Epsilon 0.9598
Epsilon 0.9464
Epsilon 0.9330
Epsilon 0.9196
Epsilon 0.9062
Epsilon 0.8928
Epsilon 0.8794
Iter 31 | Reward(mean±std): -2.71 ± 2.25 | Price(mean±std): 16.53 ± 2.47
Episode: 10
Steps per episode: 336
Epsilon 1.0000
Epsilon 0.9866
Epsilon 0.9732
Epsilon 0.9598
Epsilon 0.9464
Epsilon 0.9330
Epsilon 0.9196
Epsilon 0.9062
Epsilon 0.8928
Epsilon 0.8794
Iter 32 | Reward(mean±std): -2.54 ± 1.43 | Price(mean±std): 17.55 ± 2.29
Episode: 10
Steps per episode: 336
Epsilon 1.0000
Epsilon 0.9866
Epsilon 0.9732
Epsilon 0.9598
Epsilon 0.9464
Epsilon 0.9330
Epsilon 0.9196
Epsilon 0.9062
Epsilon 0.8928
Epsilon 0.8794
Iter 33 | Reward(mean±std): -2.12 ± 1.48 | Price(mean±std): 16.88 ± 2.36
Episode: 10
Steps per episode: 336
Epsilon 1.0000
Epsilon 0.9866
Epsilon 0.9732
Epsilon 0.9598
Epsilon 0.9464
Epsilon 0.9330
Epsilon 0.9196
Epsilon 0.9062
Epsilon 0.8928
Epsilon 0.8794
Iter 34 | Reward(mean±std): -3.23 ± 1.30 | Price(mean±std): 18.66 ± 2.08
Episode: 10
Steps per episode: 336
Epsilon 1.0000
Epsilon 0.9866
Epsilon 0.9732
Epsilon 0.9598
Epsilon 0.9464
Epsilon 0.9330
Epsilon 0.9196
Epsilon 0.9062
Epsilon 0.8928
Epsilon 0.8794
Iter 35 | Reward(mean±std): -3.16 ± 2.08 | Price(mean±std): 17.24 ± 1.95
Episode: 10
Steps per episode: 336
Epsilon 1.0000
Epsilon 0.9866
Epsilon 0.9732
Epsilon 0.9598
Epsilon 0.9464
Epsilon 0.9330
Epsilon 0.9196
Epsilon 0.9062
Epsilon 0.8928
Epsilon 0.8794
Iter 36 | Reward(mean±std): -4.07 ± 1.82 | Price(mean±std): 18.69 ± 2.00
Episode: 10
Steps per episode: 336
Epsilon 1.0000
Epsilon 0.9866
Epsilon 0.9732
Epsilon 0.9598
Epsilon 0.9464
Epsilon 0.9330
Epsilon 0.9196
Epsilon 0.9062
Epsilon 0.8928
Epsilon 0.8794
Iter 37 | Reward(mean±std): -2.22 ± 1.28 | Price(mean±std): 16.74 ± 2.08
Episode: 10
Steps per episode: 336
Epsilon 1.0000
Epsilon 0.9866
Epsilon 0.9732
Epsilon 0.9598
Epsilon 0.9464
Epsilon 0.9330
Epsilon 0.9196
Epsilon 0.9062
Epsilon 0.8928
Epsilon 0.8794
Iter 38 | Reward(mean±std): -2.71 ± 1.73 | Price(mean±std): 17.63 ± 2.28
Episode: 10
Steps per episode: 336
Epsilon 1.0000
Epsilon 0.9866
Epsilon 0.9732
Epsilon 0.9598
Epsilon 0.9464
Epsilon 0.9330
Epsilon 0.9196
Epsilon 0.9062
Epsilon 0.8928
Epsilon 0.8794
Iter 39 | Reward(mean±std): -2.62 ± 1.34 | Price(mean±std): 17.67 ± 2.14

Best mean price over checkpoints: 16.42
Last raw mean reward: -2.62
Last smoothed mean reward (window=5): -2.96
  [EXTENDED] final evaluation with best weights...
Deterministic eval: epsilon = 0.0 (greedy)
Episode: 1
Steps per episode: 17535
Epsilon 0.0000
Final price: 885.78 EUR
    DQN cost: 885.78 EUR  (improvement: 17.3%  fraction of theoretical: 66.4%)
    Saved user_142_extended_price_comparison.pdf / .png
  [done] user 142 written to CSV.

[9/30]
============================================================
USER 128  (cluster 8)
============================================================
  [setup] imports...
Using Apple Silicon MPS Acceleration

Tensor created on device: mps:0
  [setup] data loading...
  [setup] preprocessing...
Detected step: 30.0 min | KorakovNaDan=48 | BatMaxPolnjenje=3.000 | BatMaxPraznjenje=3.000
Using Scaler: RobustScaler
                           Energy_Consumption  ...  SMP_OutlierFlag
Timestamp_UTC                                  ...                 
2010-07-01 00:30:00+00:00           -0.022364  ...              0.0
2010-07-01 01:00:00+00:00            0.044728  ...              0.0
2010-07-01 01:30:00+00:00           -0.060703  ...              0.0
2010-07-01 02:00:00+00:00            0.054313  ...              0.0
2010-07-01 02:30:00+00:00           -0.038339  ...              0.0

[5 rows x 4 columns]
Notebook DQN now uses HouseholdEnvironment directly
  [setup] DQN class & Learning_DQN...
  [baselines] test env + MILP function...
  [baselines] SARSA agents + random DQN eval...
cena po optimizaciji 1552.3351171002932
Random eval: epsilon = 1.0
Episode: 1
Steps per episode: 17535
Epsilon 1.0000
Final price: 2819.99 EUR
  [baselines] no-battery agent...
  [baselines] MILP benchmark (this may take several minutes)...
Building MILP Model...
Solving over 17535 steps... (This may take a moment)

--- MILP Optimization Complete ---
Total Electricity Cost (Inc GST & Fixed): $967.8008
Total RL Equivalent Reward: -163.6845
    No-battery cost: 1306.38 EUR | MILP cost: 967.80 EUR
  [BASIC] training (100 episodes)...
Reset requested: removed old DQN checkpoint.
Episode: 100
Steps per episode: 336
Epsilon 1.0000
Epsilon 0.9942
Epsilon 0.9808
Epsilon 0.9674
Epsilon 0.9540
Epsilon 0.9406
Epsilon 0.9272
Epsilon 0.9138
Epsilon 0.9004
Epsilon 0.8870
Epsilon 0.8736
Epsilon 0.8602
Epsilon 0.8468
Epsilon 0.8334
Epsilon 0.8200
Epsilon 0.8066
Epsilon 0.7932
Epsilon 0.7798
Epsilon 0.7664
Epsilon 0.7530
Epsilon 0.7396
Epsilon 0.7262
Epsilon 0.7128
Epsilon 0.6994
Epsilon 0.6860
Epsilon 0.6726
Epsilon 0.6592
Epsilon 0.6458
Epsilon 0.6324
Epsilon 0.6190
Epsilon 0.6056
Epsilon 0.5922
Epsilon 0.5788
Epsilon 0.5654
Epsilon 0.5520
Epsilon 0.5386
Epsilon 0.5252
Epsilon 0.5118
Epsilon 0.4984
Epsilon 0.4850
Epsilon 0.4716
Epsilon 0.4582
Epsilon 0.4448
Epsilon 0.4314
Epsilon 0.4180
Epsilon 0.4046
Epsilon 0.3912
Epsilon 0.3778
Epsilon 0.3644
Epsilon 0.3510
Epsilon 0.3376
Epsilon 0.3242
Epsilon 0.3108
Epsilon 0.2974
Epsilon 0.2840
Epsilon 0.2706
Epsilon 0.2572
Epsilon 0.2438
Epsilon 0.2304
Epsilon 0.2170
Epsilon 0.2036
Epsilon 0.1902
Epsilon 0.1768
Epsilon 0.1634
Epsilon 0.1500
Epsilon 0.1366
Epsilon 0.1232
Epsilon 0.1098
Epsilon 0.0964
Epsilon 0.0830
Epsilon 0.0696
Epsilon 0.0562
Epsilon 0.0428
Epsilon 0.0294
Epsilon 0.0160
Epsilon 0.0100
Epsilon 0.0100
Epsilon 0.0100
Epsilon 0.0100
Epsilon 0.0100
Epsilon 0.0100
Epsilon 0.0100
Epsilon 0.0100
Epsilon 0.0100
Epsilon 0.0100
Epsilon 0.0100
Epsilon 0.0100
Epsilon 0.0100
Epsilon 0.0100
Epsilon 0.0100
Epsilon 0.0100
Epsilon 0.0100
Epsilon 0.0100
Epsilon 0.0100
Epsilon 0.0100
Epsilon 0.0100
Epsilon 0.0100
Epsilon 0.0100
Epsilon 0.0100
Epsilon 0.0100
  [BASIC] evaluation...
Deterministic eval: epsilon = 0.0 (greedy)
Episode: 1
Steps per episode: 17535
Epsilon 0.0000
Final price: 1235.89 EUR
    DQN cost: 1235.89 EUR  (improvement: 5.4%  fraction of theoretical: 20.8%)
    Saved user_128_basic_price_comparison.pdf / .png
  [EXTENDED] convergence training (40 x 10 episodes with eval)...
Reset requested: removed old DQN checkpoint.
Episode: 10
Steps per episode: 336
Epsilon 1.0000
Epsilon 0.9942
Epsilon 0.9808
Epsilon 0.9674
Epsilon 0.9540
Epsilon 0.9406
Epsilon 0.9272
Epsilon 0.9138
Epsilon 0.9004
Epsilon 0.8870
Episode: 10
Steps per episode: 336
Epsilon 1.0000
Epsilon 0.9866
Epsilon 0.9732
Epsilon 0.9598
Epsilon 0.9464
Epsilon 0.9330
Epsilon 0.9196
Epsilon 0.9062
Epsilon 0.8928
Epsilon 0.8794
Iter 00 | Reward(mean±std): -8.12 ± 3.97 | Price(mean±std): 24.07 ± 3.79
Episode: 10
Steps per episode: 336
Epsilon 1.0000
Epsilon 0.9866
Epsilon 0.9732
Epsilon 0.9598
Epsilon 0.9464
Epsilon 0.9330
Epsilon 0.9196
Epsilon 0.9062
Epsilon 0.8928
Epsilon 0.8794
Iter 01 | Reward(mean±std): -7.39 ± 4.26 | Price(mean±std): 24.12 ± 4.35
Episode: 10
Steps per episode: 336
Epsilon 1.0000
Epsilon 0.9866
Epsilon 0.9732
Epsilon 0.9598
Epsilon 0.9464
Epsilon 0.9330
Epsilon 0.9196
Epsilon 0.9062
Epsilon 0.8928
Epsilon 0.8794
Iter 02 | Reward(mean±std): -6.29 ± 3.34 | Price(mean±std): 23.15 ± 4.50
Episode: 10
Steps per episode: 336
Epsilon 1.0000
Epsilon 0.9866
Epsilon 0.9732
Epsilon 0.9598
Epsilon 0.9464
Epsilon 0.9330
Epsilon 0.9196
Epsilon 0.9062
Epsilon 0.8928
Epsilon 0.8794
Iter 03 | Reward(mean±std): -6.79 ± 2.61 | Price(mean±std): 24.06 ± 3.69
Episode: 10
Steps per episode: 336
Epsilon 1.0000
Epsilon 0.9866
Epsilon 0.9732
Epsilon 0.9598
Epsilon 0.9464
Epsilon 0.9330
Epsilon 0.9196
Epsilon 0.9062
Epsilon 0.8928
Epsilon 0.8794
Iter 04 | Reward(mean±std): -5.35 ± 2.06 | Price(mean±std): 22.05 ± 3.29
Episode: 10
Epsilon 1.0000
Epsilon
Epsilon 1.0000
Epsilon 0.9866
Epsilon 0.9732
Epsilon 0.9598
Epsilon 0.9464
Epsilon 0.9330
Epsilon 0.9196
Epsilon 0.9062
Epsilon 0.8928
Epsilon 0.8794
Iter 05 | Reward(mean±std): -6.49 ± 2.54 | Price(mean±std): 23.17 ± 3.53
Episode: 10
Steps per episode: 336
Epsilon 1.0000
Epsilon 0.9866
Epsilon 0.9732
Epsilon 0.9598
Epsilon 0.9464
Epsilon 0.9330
Epsilon 0.9196
Epsilon 0.9062
Epsilon 0.8928
Epsilon 0.8794
Iter 06 | Reward(mean±std): -5.91 ± 2.03 | Price(mean±std): 22.94 ± 3.25
Episode: 10
Steps per episode: 336
Epsilon 1.0000
Epsilon 0.9866
Epsilon 0.9732
Epsilon 0.9598
Epsilon 0.9464
Epsilon 0.9330
Epsilon 0.9196
Epsilon 0.9062
Epsilon 0.8928
Epsilon 0.8794
Iter 07 | Reward(mean±std): -6.30 ± 2.13 | Price(mean±std): 23.57 ± 3.40
Episode: 10
Steps per episode: 336
Epsilon 1.0000
Epsilon 0.9866
Epsilon 0.9732
Epsilon 0.9598
Epsilon 0.9464
Epsilon 0.9330
Epsilon 0.9196
Epsilon 0.9062
Epsilon 0.8928
Epsilon 0.8794
Iter 08 | Reward(mean±std): -5.35 ± 1.65 | Price(mean±std): 22.05 ± 2.63
Episode: 10
Steps per episode: 336
Epsilon 1.0000
Epsilon 0.9866
Epsilon 0.9732
Epsilon 0.9598
Epsilon 0.9464
Epsilon 0.9330
Epsilon 0.9196
Epsilon 0.9062
Epsilon 0.8928
Epsilon 0.8794
Iter 09 | Reward(mean±std): -4.03 ± 0.98 | Price(mean±std): 19.93 ± 1.57
Episode: 10
Steps per episode: 336
Epsilon 1.0000
Epsilon 0.9866
Epsilon 0.9732
Epsilon 0.9598
Epsilon 0.9464
Epsilon 0.9330
Epsilon 0.9196
Epsilon 0.9062
Epsilon 0.8928
Epsilon 0.8794
Iter 10 | Reward(mean±std): -5.06 ± 1.62 | Price(mean±std): 21.58 ± 2.59
Episode: 10
Steps per episode: 336
Epsilon 1.0000
Epsilon 0.9866
Epsilon 0.9732
Epsilon 0.9598
Epsilon 0.9464
Epsilon 0.9330
Epsilon 0.9196
Epsilon 0.9062
Epsilon 0.8928
Epsilon 0.8794
Iter 11 | Reward(mean±std): -5.81 ± 2.24 | Price(mean±std): 22.78 ± 3.59
Episode: 10
Steps per episode: 336
Epsilon 1.0000
Epsilon 0.9866
Epsilon 0.9732
Epsilon 0.9598
Epsilon 0.9464
Epsilon 0.9330
Epsilon 0.9196
Epsilon 0.9062
Epsilon 0.8928
Epsilon 0.8794
Iter 12 | Reward(mean±std): -5.80 ± 2.04 | Price(mean±std): 22.76 ± 3.26
Episode: 10
Steps per episode: 336
Epsilon 1.0000
Epsilon 0.9866
Epsilon 0.9732
Epsilon 0.9598
Epsilon 0.9464
Epsilon 0.9330
Epsilon 0.9196
Epsilon 0.9062
Epsilon 0.8928
Epsilon 0.8794
Iter 13 | Reward(mean±std): -6.19 ± 2.44 | Price(mean±std): 23.39 ± 3.90
Episode: 10
Steps per episode: 336
Epsilon 1.0000
Epsilon 0.9866
Epsilon 0.9732
Epsilon 0.9598
Epsilon 0.9464
Epsilon 0.9330
Epsilon 0.9196
Epsilon 0.9062
Epsilon 0.8928
Epsilon 0.8794
Iter 14 | Reward(mean±std): -6.14 ± 2.15 | Price(mean±std): 23.31 ± 3.44
Episode: 10
Steps per episode: 336
Epsilon 1.0000
Epsilon 0.9866
Epsilon 0.9732
Epsilon 0.9598
Epsilon 0.9464
Epsilon 0.9330
Epsilon 0.9196
Epsilon 0.9062
Epsilon 0.8928
Epsilon 0.8794
Iter 15 | Reward(mean±std): -6.33 ± 2.20 | Price(mean±std): 23.62 ± 3.52
Episode: 10
Steps per episode: 336
Epsilon 1.0000
Epsilon 0.9866
Epsilon 0.9732
Epsilon 0.9598
Epsilon 0.9464
Epsilon 0.9330
Epsilon 0.9196
Epsilon 0.9062
Epsilon 0.8928
Epsilon 0.8794
Iter 16 | Reward(mean±std): -5.42 ± 1.94 | Price(mean±std): 22.16 ± 3.11
Episode: 10
Steps per episode: 336
Epsilon 1.0000
Epsilon 0.9866
Epsilon 0.9732
Epsilon 0.9598
Epsilon 0.9464
Epsilon 0.9330
Epsilon 0.9196
Epsilon 0.9062
Epsilon 0.8928
Epsilon 0.8794
Iter 17 | Reward(mean±std): -6.19 ± 2.37 | Price(mean±std): 22.89 ± 3.32
Episode: 10
Steps per episode: 336
Epsilon 1.0000
Epsilon 0.9866
Epsilon 0.9732
Epsilon 0.9598
Epsilon 0.9464
Epsilon 0.9330
Epsilon 0.9196
Epsilon 0.9062
Epsilon 0.8928
Epsilon 0.8794
Iter 18 | Reward(mean±std): -5.86 ± 1.97 | Price(mean±std): 22.86 ± 3.15
Episode: 10
Steps per episode: 336
Epsilon 1.0000
Epsilon 0.9866
Epsilon 0.9732
Epsilon 0.9598
Epsilon 0.9464
Epsilon 0.9330
Epsilon 0.9196
Epsilon 0.9062
Epsilon 0.8928
Epsilon 0.8794
Iter 19 | Reward(mean±std): -5.56 ± 2.25 | Price(mean±std): 22.39 ± 3.60
Episode: 10
Steps per episode: 336
Epsilon 1.0000
Epsilon 0.9866
Epsilon 0.9732
Epsilon 0.9598
Epsilon 0.9464
Epsilon 0.9330
Epsilon 0.9196
Epsilon 0.9062
Epsilon 0.8928
Epsilon 0.8794
Iter 20 | Reward(mean±std): -6.43 ± 2.20 | Price(mean±std): 23.78 ± 3.52
Episode: 10
Steps per episode: 336
Epsilon 1.0000
Epsilon 0.9866
Epsilon 0.9732
Epsilon 0.9598
Epsilon 0.9464
Epsilon 0.9330
Epsilon 0.9196
Epsilon 0.9062
Epsilon 0.8928
Epsilon 0.8794
Iter 21 | Reward(mean±std): -5.10 ± 2.16 | Price(mean±std): 21.64 ± 3.46
Episode: 10
Steps per episode: 336
Epsilon 1.0000
Epsilon 0.9866
Epsilon 0.9732
Epsilon 0.9598
Epsilon 0.9464
Epsilon 0.9330
Epsilon 0.9196
Epsilon 0.9062
Epsilon 0.8928
Epsilon 0.8794
Iter 22 | Reward(mean±std): -7.09 ± 1.80 | Price(mean±std): 23.74 ± 3.51
Episode: 10
Steps per episode: 336
Epsilon 1.0000
Epsilon 0.9866
Epsilon 0.9732
Epsilon 0.9598
Epsilon 0.9464
Epsilon 0.9330
Epsilon 0.9196
Epsilon 0.9062
Epsilon 0.8928
Epsilon 0.8794
Iter 23 | Reward(mean±std): -5.78 ± 2.25 | Price(mean±std): 22.73 ± 3.60
Episode: 10
Steps per episode: 336
Epsilon 1.0000
Epsilon 0.9866
Epsilon 0.9732
Epsilon 0.9598
Epsilon 0.9464
Epsilon 0.9330
Epsilon 0.9196
Epsilon 0.9062
Epsilon 0.8928
Epsilon 0.8794
Iter 24 | Reward(mean±std): -5.26 ± 1.72 | Price(mean±std): 21.90 ± 2.76
Episode: 10
Steps per episode: 336
Epsilon 1.0000
Epsilon 0.9866
Epsilon 0.9732
Epsilon 0.9598
Epsilon 0.9464
Epsilon 0.9330
Epsilon 0.9196
Epsilon 0.9062
Epsilon 0.8928
Epsilon 0.8794
Iter 25 | Reward(mean±std): -5.45 ± 2.07 | Price(mean±std): 22.20 ± 3.31
Episode: 10
Steps per episode: 336
Epsilon 1.0000
Epsilon 0.9866
Epsilon 0.9732
Epsilon 0.9598
Epsilon 0.9464
Epsilon 0.9330
Epsilon 0.9196
Epsilon 0.9062
Epsilon 0.8928
Epsilon 0.8794
Iter 26 | Reward(mean±std): -6.02 ± 2.45 | Price(mean±std): 23.12 ± 3.92
Episode: 10
Steps per episode: 336
Epsilon 1.0000
Epsilon 0.9866
Epsilon 0.9732
Epsilon 0.9598
Epsilon 0.9464
Epsilon 0.9330
Epsilon 0.9196
Epsilon 0.9062
Epsilon 0.8928
Epsilon 0.8794
Iter 27 | Reward(mean±std): -5.42 ± 2.33 | Price(mean±std): 22.16 ± 3.73
Episode: 10
Steps per episode: 336
Epsilon 1.0000
Epsilon 0.9866
Epsilon 0.9732
Epsilon 0.9598
Epsilon 0.9464
Epsilon 0.9330
Epsilon 0.9196
Epsilon 0.9062
Epsilon 0.8928
Epsilon 0.8794
Iter 28 | Reward(mean±std): -4.97 ± 2.23 | Price(mean±std): 21.44 ± 3.57
Episode: 10
Steps per episode: 336
Epsilon 1.0000
Epsilon 0.9866
Epsilon 0.9732
Epsilon 0.9598
Epsilon 0.9464
Epsilon 0.9330
Epsilon 0.9196
Epsilon 0.9062
Epsilon 0.8928
Epsilon 0.8794
Iter 29 | Reward(mean±std): -4.37 ± 1.47 | Price(mean±std): 20.48 ± 2.35
Episode: 10
Steps per episode: 336
Epsilon 1.0000
Epsilon 0.9866
Epsilon 0.9732
Epsilon 0.9598
Epsilon 0.9464
Epsilon 0.9330
Epsilon 0.9196
Epsilon 0.9062
Epsilon 0.8928
Epsilon 0.8794
Iter 30 | Reward(mean±std): -4.96 ± 1.93 | Price(mean±std): 21.42 ± 3.08
Episode: 10
Steps per episode: 336
Epsilon 1.0000
Epsilon 0.9866
Epsilon 0.9732
Epsilon 0.9598
Epsilon 0.9464
Epsilon 0.9330
Epsilon 0.9196
Epsilon 0.9062
Epsilon 0.8928
Epsilon 0.8794
Iter 31 | Reward(mean±std): -5.44 ± 2.32 | Price(mean±std): 22.19 ± 3.71
Episode: 10
Steps per episode: 336
Epsilon 1.0000
Epsilon 0.9866
Epsilon 0.9732
Epsilon 0.9598
Epsilon 0.9464
Epsilon 0.9330
Epsilon 0.9196
Epsilon 0.9062
Epsilon 0.8928
Epsilon 0.8794
Iter 32 | Reward(mean±std): -6.10 ± 2.15 | Price(mean±std): 23.24 ± 3.45
Episode: 10
Steps per episode: 336
Epsilon 1.0000
Epsilon 0.9866
Epsilon 0.9732
Epsilon 0.9598
Epsilon 0.9464
Epsilon 0.9330
Epsilon 0.9196
Epsilon 0.9062
Epsilon 0.8928
Epsilon 0.8794
Iter 33 | Reward(mean±std): -5.45 ± 2.26 | Price(mean±std): 22.20 ± 3.62
Episode: 10
Steps per episode: 336
Epsilon 1.0000
Epsilon 0.9866
Epsilon 0.9732
Epsilon 0.9598
Epsilon 0.9464
Epsilon 0.9330
Epsilon 0.9196
Epsilon 0.9062
Epsilon 0.8928
Epsilon 0.8794
Iter 34 | Reward(mean±std): -5.86 ± 2.21 | Price(mean±std): 22.86 ± 3.54
Episode: 10
Steps per episode: 336
Epsilon 1.0000
Epsilon 0.9866
Epsilon 0.9732
Epsilon 0.9598
Epsilon 0.9464
Epsilon 0.9330
Epsilon 0.9196
Epsilon 0.9062
Epsilon 0.8928
Epsilon 0.8794
Iter 35 | Reward(mean±std): -5.34 ± 2.14 | Price(mean±std): 22.03 ± 3.42
Episode: 10
Steps per episode: 336
Epsilon 1.0000
Epsilon 0.9866
Epsilon 0.9732
Epsilon 0.9598
Epsilon 0.9464
Epsilon 0.9330
Epsilon 0.9196
Epsilon 0.9062
Epsilon 0.8928
Epsilon 0.8794
Iter 36 | Reward(mean±std): -5.52 ± 2.70 | Price(mean±std): 22.32 ± 4.32
Episode: 10
Steps per episode: 336
Epsilon 1.0000
Epsilon 0.9866
Epsilon 0.9732
Epsilon 0.9598
Epsilon 0.9464
Epsilon 0.9330
Epsilon 0.9196
Epsilon 0.9062
Epsilon 0.8928
Epsilon 0.8794
Iter 37 | Reward(mean±std): -5.47 ± 2.24 | Price(mean±std): 22.24 ± 3.59
Episode: 10
Steps per episode: 336
Epsilon 1.0000
Epsilon 0.9866
Epsilon 0.9732
Epsilon 0.9598
Epsilon 0.9464
Epsilon 0.9330
Epsilon 0.9196
Epsilon 0.9062
Epsilon 0.8928
Epsilon 0.8794
Iter 38 | Reward(mean±std): -5.29 ± 2.06 | Price(mean±std): 21.95 ± 3.29
Episode: 10
Steps per episode: 336
Epsilon 1.0000
Epsilon 0.9866
Epsilon 0.9732
Epsilon 0.9598
Epsilon 0.9464
Epsilon 0.9330
Epsilon 0.9196
Epsilon 0.9062
Epsilon 0.8928
Epsilon 0.8794
Iter 39 | Reward(mean±std): -5.14 ± 2.33 | Price(mean±std): 21.72 ± 3.73

Best mean price over checkpoints: 19.93
Last raw mean reward: -5.14
Last smoothed mean reward (window=5): -5.35
  [EXTENDED] final evaluation with best weights...
Deterministic eval: epsilon = 0.0 (greedy)
Episode: 1
Steps per episode: 17535
Epsilon 0.0000
Final price: 1043.91 EUR
    DQN cost: 1043.91 EUR  (improvement: 20.1%  fraction of theoretical: 77.5%)
    Saved user_128_extended_price_comparison.pdf / .png
  [done] user 128 written to CSV.

[10/30]
============================================================
USER 168  (cluster 9)
============================================================
  [setup] imports...
Using Apple Silicon MPS Acceleration

Tensor created on device: mps:0
  [setup] data loading...
  [setup] preprocessing...
Detected step: 30.0 min | KorakovNaDan=48 | BatMaxPolnjenje=3.000 | BatMaxPraznjenje=3.000
Using Scaler: RobustScaler
                           Energy_Consumption  ...  SMP_OutlierFlag
Timestamp_UTC                                  ...                 
2010-07-01 00:30:00+00:00            0.723087  ...              0.0
2010-07-01 01:00:00+00:00            0.603927  ...              0.0
2010-07-01 01:30:00+00:00            0.663507  ...              0.0
2010-07-01 02:00:00+00:00            0.617468  ...              0.0
2010-07-01 02:30:00+00:00            0.739336  ...              0.0

[5 rows x 4 columns]
Notebook DQN now uses HouseholdEnvironment directly
  [setup] DQN class & Learning_DQN...
  [baselines] test env + MILP function...
  [baselines] SARSA agents + random DQN eval...
cena po optimizaciji 1245.719485701469
Random eval: epsilon = 1.0
Episode: 1
Steps per episode: 17535
Epsilon 1.0000
Final price: 2600.85 EUR
  [baselines] no-battery agent...
  [baselines] MILP benchmark (this may take several minutes)...
Building MILP Model...
Solving over 17535 steps... (This may take a moment)

--- MILP Optimization Complete ---
Total Electricity Cost (Inc GST & Fixed): $806.5362
Total RL Equivalent Reward: -62.8942
    No-battery cost: 1030.31 EUR | MILP cost: 806.54 EUR
  [BASIC] training (100 episodes)...
Reset requested: removed old DQN checkpoint.
Episode: 100
Steps per episode: 336
Epsilon 1.0000
Epsilon 0.9942
Epsilon 0.9808
Epsilon 0.9674
Epsilon 0.9540
Epsilon 0.9406
Epsilon 0.9272
Epsilon 0.9138
Epsilon 0.9004
Epsilon 0.8870
Epsilon 0.8736
Epsilon 0.8602
Epsilon 0.8468
Epsilon 0.8334
Epsilon 0.8200
Epsilon 0.8066
Epsilon 0.7932
Epsilon 0.7798
Epsilon 0.7664
Epsilon 0.7530
Epsilon 0.7396
Epsilon 0.7262
Epsilon 0.7128
Epsilon 0.6994
Epsilon 0.6860
Epsilon 0.6726
Epsilon 0.6592
Epsilon 0.6458
Epsilon 0.6324
Epsilon 0.6190
Epsilon 0.6056
Epsilon 0.5922
Epsilon 0.5788
Epsilon 0.5654
Epsilon 0.5520
Epsilon 0.5386
Epsilon 0.5252
Epsilon 0.5118
Epsilon 0.4984
Epsilon 0.4850
Epsilon 0.4716
Epsilon 0.4582
Epsilon 0.4448
Epsilon 0.4314
Epsilon 0.4180
Epsilon 0.4046
Epsilon 0.3912
Epsilon 0.3778
Epsilon 0.3644
Epsilon 0.3510
Epsilon 0.3376
Epsilon 0.3242
Epsilon 0.3108
Epsilon 0.2974
Epsilon 0.2840
Epsilon 0.2706
Epsilon 0.2572
Epsilon 0.2438
Epsilon 0.2304
Epsilon 0.2170
Epsilon 0.2036
Epsilon 0.1902
Epsilon 0.1768
Epsilon 0.1634
Epsilon 0.1500
Epsilon 0.1366
Epsilon 0.1232
Epsilon 0.1098
Epsilon 0.0964
Epsilon 0.0830
Epsilon 0.0696
Epsilon 0.0562
Epsilon 0.0428
Epsilon 0.0294
Epsilon 0.0160
Epsilon 0.0100
Epsilon 0.0100
Epsilon 0.0100
Epsilon 0.0100
Epsilon 0.0100
Epsilon 0.0100
Epsilon 0.0100
Epsilon 0.0100
Epsilon 0.0100
Epsilon 0.0100
Epsilon 0.0100
Epsilon 0.0100
Epsilon 0.0100
Epsilon 0.0100
Epsilon 0.0100
Epsilon 0.0100
Epsilon 0.0100
Epsilon 0.0100
Epsilon 0.0100
Epsilon 0.0100
Epsilon 0.0100
Epsilon 0.0100
Epsilon 0.0100
Epsilon 0.0100
Epsilon 0.0100
  [BASIC] evaluation...
Deterministic eval: epsilon = 0.0 (greedy)
Episode: 1
Steps per episode: 17535
Epsilon 0.0000
Final price: 981.03 EUR
    DQN cost: 981.03 EUR  (improvement: 4.8%  fraction of theoretical: 22.0%)
    Saved user_168_basic_price_comparison.pdf / .png
  [EXTENDED] convergence training (40 x 10 episodes with eval)...
Reset requested: removed old DQN checkpoint.
Episode: 10
Steps per episode: 336
Epsilon 1.0000
Epsilon 0.9942
Epsilon 0.9808
Epsilon 0.9674
Epsilon 0.9540
Epsilon 0.9406
Epsilon 0.9272
Epsilon 0.9138
Epsilon 0.9004
Epsilon 0.8870
Episode: 10
Steps per episode: 336
Epsilon 1.0000
Epsilon 0.9866
Epsilon 0.9732
Epsilon 0.9598
Epsilon 0.9464
Epsilon 0.9330
Epsilon 0.9196
Epsilon 0.9062
Epsilon 0.8928
Epsilon 0.8794
Iter 00 | Reward(mean±std): -6.75 ± 8.44 | Price(mean±std): 19.29 ± 2.48
Episode: 10
Steps per episode: 336
Epsilon 1.0000
Epsilon 0.9866
Epsilon 0.9732
Epsilon 0.9598
Epsilon 0.9464
Epsilon 0.9330
Epsilon 0.9196
Epsilon 0.9062
Epsilon 0.8928
Epsilon 0.8794
Iter 01 | Reward(mean±std): -3.41 ± 1.64 | Price(mean±std): 18.94 ± 2.62
Episode: 10
Steps per episode: 336
Epsilon 1.0000
Epsilon 0.9866
Epsilon 0.9732
Epsilon 0.9598
Epsilon 0.9464
Epsilon 0.9330
Epsilon 0.9196
Epsilon 0.9062
Epsilon 0.8928
Epsilon 0.8794
Iter 02 | Reward(mean±std): -2.83 ± 2.05 | Price(mean±std): 18.02 ± 3.27
Episode: 10
Steps per episode: 336
Epsilon 1.0000
Epsilon 0.9866
Epsilon 0.9732
Epsilon 0.9598
Epsilon 0.9464
Epsilon 0.9330
Epsilon 0.9196
Epsilon 0.9062
Epsilon 0.8928
Epsilon 0.8794
Iter 03 | Reward(mean±std): -2.94 ± 3.64 | Price(mean±std): 16.89 ± 2.47
Episode: 10
Steps per episode: 336
Epsilon 1.0000
Epsilon 0.9866
Epsilon 0.9732
Epsilon 0.9598
Epsilon 0.9464
Epsilon 0.9330
Epsilon 0.9196
Epsilon 0.9062
Epsilon 0.8928
Epsilon 0.8794
Iter 04 | Reward(mean±std): -3.00 ± 2.30 | Price(mean±std): 17.68 ± 2.15
Episode: 10
Steps per episode: 336
Epsilon 1.0000
Epsilon 0.9866
Epsilon 0.9732
Epsilon 0.9598
Epsilon 0.9464
Epsilon 0.9330
Epsilon 0.9196
Epsilon 0.9062
Epsilon 0.8928
Epsilon 0.8794
Iter 05 | Reward(mean±std): -2.94 ± 1.50 | Price(mean±std): 18.20 ± 2.40
Episode: 10
Steps per episode: 336
Epsilon 1.0000
Epsilon 0.9866
Epsilon 0.9732
Epsilon 0.9598
Epsilon 0.9464
Epsilon 0.9330
Epsilon 0.9196
Epsilon 0.9062
Epsilon 0.8928
Epsilon 0.8794
Iter 06 | Reward(mean±std): -2.83 ± 1.56 | Price(mean±std): 18.02 ± 2.50
Episode: 10
Steps per episode: 336
Epsilon 1.0000
Epsilon 0.9866
Epsilon 0.9732
Epsilon 0.9598
Epsilon 0.9464
Epsilon 0.9330
Epsilon 0.9196
Epsilon 0.9062
Epsilon 0.8928
Epsilon 0.8794
Iter 07 | Reward(mean±std): -3.00 ± 1.29 | Price(mean±std): 18.28 ± 2.07
Episode: 10
Steps per episode: 336
Epsilon 1.0000
Epsilon 0.9866
Epsilon 0.9732
Epsilon 0.9598
Epsilon 0.9464
Epsilon 0.9330
Epsilon 0.9196
Epsilon 0.9062
Epsilon 0.8928
Epsilon 0.8794
Iter 08 | Reward(mean±std): -2.47 ± 1.61 | Price(mean±std): 17.34 ± 2.33
Episode: 10
Steps per episode: 336
Epsilon 1.0000
Epsilon 0.9866
Epsilon 0.9732
Epsilon 0.9598
Epsilon 0.9464
Epsilon 0.9330
Epsilon 0.9196
Epsilon 0.9062
Epsilon 0.8928
Epsilon 0.8794
Iter 09 | Reward(mean±std): -2.60 ± 1.29 | Price(mean±std): 17.65 ± 2.07
Episode: 10
Steps per episode: 336
Epsilon 1.0000
Epsilon 0.9866
Epsilon 0.9732
Epsilon 0.9598
Epsilon 0.9464
Epsilon 0.9330
Epsilon 0.9196
Epsilon 0.9062
Epsilon 0.8928
Epsilon 0.8794
Iter 10 | Reward(mean±std): -2.29 ± 1.06 | Price(mean±std): 17.16 ± 1.69
Episode: 10
Steps per episode: 336
Epsilon 1.0000
Epsilon 0.9866
Epsilon 0.9732
Epsilon 0.9598
Epsilon 0.9464
Epsilon 0.9330
Epsilon 0.9196
Epsilon 0.9062
Epsilon 0.8928
Epsilon 0.8794
Iter 11 | Reward(mean±std): -3.49 ± 2.56 | Price(mean±std): 18.37 ± 2.30
Episode: 10
Steps per episode: 336
Epsilon 1.0000
Epsilon 0.9866
Epsilon 0.9732
Epsilon 0.9598
Epsilon 0.9464
Epsilon 0.9330
Epsilon 0.9196
Epsilon 0.9062
Epsilon 0.8928
Epsilon 0.8794
Iter 12 | Reward(mean±std): -3.34 ± 3.37 | Price(mean±std): 17.74 ± 2.61
Episode: 10
Steps per episode: 336
Epsilon 1.0000
Epsilon 0.9866
Epsilon 0.9732
Epsilon 0.9598
Epsilon 0.9464
Epsilon 0.9330
Epsilon 0.9196
Epsilon 0.9062
Epsilon 0.8928
Epsilon 0.8794
Iter 13 | Reward(mean±std): -2.05 ± 1.31 | Price(mean±std): 16.77 ± 2.10
Episode: 10
Steps per episode: 336
Epsilon 1.0000
Epsilon 0.9866
Epsilon 0.9732
Epsilon 0.9598
Epsilon 0.9464
Epsilon 0.9330
Epsilon 0.9196
Epsilon 0.9062
Epsilon 0.8928
Epsilon 0.8794
Iter 14 | Reward(mean±std): -2.48 ± 1.68 | Price(mean±std): 17.45 ± 2.69
Episode: 10
Steps per episode: 336
Epsilon 1.0000
Epsilon 0.9866
Epsilon 0.9732
Epsilon 0.9598
Epsilon 0.9464
Epsilon 0.9330
Epsilon 0.9196
Epsilon 0.9062
Epsilon 0.8928
Epsilon 0.8794
Iter 15 | Reward(mean±std): -2.53 ± 1.69 | Price(mean±std): 17.54 ± 2.70
Episode: 10
Steps per episode: 336
Epsilon 1.0000
Epsilon 0.9866
Epsilon 0.9732
Epsilon 0.9598
Epsilon 0.9464
Epsilon 0.9330
Epsilon 0.9196
Epsilon 0.9062
Epsilon 0.8928
Epsilon 0.8794
Iter 16 | Reward(mean±std): -2.45 ± 1.65 | Price(mean±std): 17.40 ± 2.64
Episode: 10
Steps per episode: 336
Epsilon 1.0000
Epsilon 0.9866
Epsilon 0.9732
Epsilon 0.9598
Epsilon 0.9464
Epsilon 0.9330
Epsilon 0.9196
Epsilon 0.9062
Epsilon 0.8928
Epsilon 0.8794
Iter 17 | Reward(mean±std): -2.23 ± 1.40 | Price(mean±std): 17.05 ± 2.24
Episode: 10
Steps per episode: 336
Epsilon 1.0000
Epsilon 0.9866
Epsilon 0.9732
Epsilon 0.9598
Epsilon 0.9464
Epsilon 0.9330
Epsilon 0.9196
Epsilon 0.9062
Epsilon 0.8928
Epsilon 0.8794
Iter 18 | Reward(mean±std): -2.54 ± 1.64 | Price(mean±std): 17.56 ± 2.62
Episode: 10
Steps per episode: 336
Epsilon 1.0000
Epsilon 0.9866
Epsilon 0.9732
Epsilon 0.9598
Epsilon 0.9464
Epsilon 0.9330
Epsilon 0.9196
Epsilon 0.9062
Epsilon 0.8928
Epsilon 0.8794
Iter 19 | Reward(mean±std): -2.18 ± 1.60 | Price(mean±std): 16.98 ± 2.56
Episode: 10
Steps per episode: 336
Epsilon 1.0000
Epsilon 0.9866
Epsilon 0.9732
Epsilon 0.9598
Epsilon 0.9464
Epsilon 0.9330
Epsilon 0.9196
Epsilon 0.9062
Epsilon 0.8928
Epsilon 0.8794
Iter 20 | Reward(mean±std): -3.34 ± 3.01 | Price(mean±std): 17.73 ± 2.59
Episode: 10
Steps per episode: 336
Epsilon 1.0000
Epsilon 0.9866
Epsilon 0.9732
Epsilon 0.9598
Epsilon 0.9464
Epsilon 0.9330
Epsilon 0.9196
Epsilon 0.9062
Epsilon 0.8928
Epsilon 0.8794
Iter 21 | Reward(mean±std): -2.48 ± 1.69 | Price(mean±std): 17.45 ± 2.71
Episode: 10
Steps per episode: 336
Epsilon 1.0000
Epsilon 0.9866
Epsilon 0.9732
Epsilon 0.9598
Epsilon 0.9464
Epsilon 0.9330
Epsilon 0.9196
Epsilon 0.9062
Epsilon 0.8928
Epsilon 0.8794
Iter 22 | Reward(mean±std): -3.01 ± 2.39 | Price(mean±std): 18.11 ± 3.32
Episode: 10
Steps per episode: 336
Epsilon 1.0000
Epsilon 0.9866
Epsilon 0.9732
Epsilon 0.9598
Epsilon 0.9464
Epsilon 0.9330
Epsilon 0.9196
Epsilon 0.9062
Epsilon 0.8928
Epsilon 0.8794
Iter 23 | Reward(mean±std): -2.80 ± 1.60 | Price(mean±std): 17.97 ± 2.57
Episode: 10
Steps per episode: 336
Epsilon 1.0000
Epsilon 0.9866
Epsilon 0.9732
Epsilon 0.9598
Epsilon 0.9464
Epsilon 0.9330
Epsilon 0.9196
Epsilon 0.9062
Epsilon 0.8928
Epsilon 0.8794
Iter 24 | Reward(mean±std): -2.06 ± 1.58 | Price(mean±std): 16.78 ± 2.54
Episode: 10
Steps per episode: 336
Epsilon 1.0000
Epsilon 0.9866
Epsilon 0.9732
Epsilon 0.9598
Epsilon 0.9464
Epsilon 0.9330
Epsilon 0.9196
Epsilon 0.9062
Epsilon 0.8928
Epsilon 0.8794
Iter 25 | Reward(mean±std): -2.29 ± 1.74 | Price(mean±std): 17.15 ± 2.78
Episode: 10
Steps per episode: 336
Epsilon 1.0000
Epsilon 0.9866
Epsilon 0.9732
Epsilon 0.9598
Epsilon 0.9464
Epsilon 0.9330
Epsilon 0.9196
Epsilon 0.9062
Epsilon 0.8928
Epsilon 0.8794
Iter 26 | Reward(mean±std): -1.98 ± 1.64 | Price(mean±std): 16.66 ± 2.62
Episode: 10
Steps per episode: 336
Epsilon 1.0000
Epsilon 0.9866
Epsilon 0.9732
Epsilon 0.9598
Epsilon 0.9464
Epsilon 0.9330
Epsilon 0.9196
Epsilon 0.9062
Epsilon 0.8928
Epsilon 0.8794
Iter 27 | Reward(mean±std): -2.86 ± 1.50 | Price(mean±std): 18.06 ± 2.41
Episode: 10
Steps per episode: 336
Epsilon 1.0000
Epsilon 0.9866
Epsilon 0.9732
Epsilon 0.9598
Epsilon 0.9464
Epsilon 0.9330
Epsilon 0.9196
Epsilon 0.9062
Epsilon 0.8928
Epsilon 0.8794
Iter 28 | Reward(mean±std): -2.22 ± 1.73 | Price(mean±std): 17.03 ± 2.77
Episode: 10
Steps per episode: 336
Epsilon 1.0000
Epsilon 0.9866
Epsilon 0.9732
Epsilon 0.9598
Epsilon 0.9464
Epsilon 0.9330
Epsilon 0.9196
Epsilon 0.9062
Epsilon 0.8928
Epsilon 0.8794
Iter 29 | Reward(mean±std): -2.18 ± 1.41 | Price(mean±std): 16.97 ± 2.26
Episode: 10
Steps per episode: 336
Epsilon 1.0000
Epsilon 0.9866
Epsilon 0.9732
Epsilon 0.9598
Epsilon 0.9464
Epsilon 0.9330
Epsilon 0.9196
Epsilon 0.9062
Epsilon 0.8928
Epsilon 0.8794
Iter 30 | Reward(mean±std): -1.95 ± 1.72 | Price(mean±std): 16.60 ± 2.75
Episode: 10
Steps per episode: 336
Epsilon 1.0000
Epsilon 0.9866
Epsilon 0.9732
Epsilon 0.9598
Epsilon 0.9464
Epsilon 0.9330
Epsilon 0.9196
Epsilon 0.9062
Epsilon 0.8928
Epsilon 0.8794
Iter 31 | Reward(mean±std): -3.04 ± 1.43 | Price(mean±std): 18.36 ± 2.28
Episode: 10
Steps per episode: 336
Epsilon 1.0000
Epsilon 0.9866
Epsilon 0.9732
Epsilon 0.9598
Epsilon 0.9464
Epsilon 0.9330
Epsilon 0.9196
Epsilon 0.9062
Epsilon 0.8928
Epsilon 0.8794
Iter 32 | Reward(mean±std): -2.52 ± 1.67 | Price(mean±std): 17.53 ± 2.67
Episode: 10
Steps per episode: 336
Epsilon 1.0000
Epsilon 0.9866
Epsilon 0.9732
Epsilon 0.9598
Epsilon 0.9464
Epsilon 0.9330
Epsilon 0.9196
Epsilon 0.9062
Epsilon 0.8928
Epsilon 0.8794
Iter 33 | Reward(mean±std): -2.18 ± 1.45 | Price(mean±std): 16.98 ± 2.33
Episode: 10
Steps per episode: 336
Epsilon 1.0000
Epsilon 0.9866
Epsilon 0.9732
Epsilon 0.9598
Epsilon 0.9464
Epsilon 0.9330
Epsilon 0.9196
Epsilon 0.9062
Epsilon 0.8928
Epsilon 0.8794
Iter 34 | Reward(mean±std): -2.10 ± 1.62 | Price(mean±std): 16.85 ± 2.59
Episode: 10
Steps per episode: 336
Epsilon 1.0000
Epsilon 0.9866
Epsilon 0.9732
Epsilon 0.9598
Epsilon 0.9464
Epsilon 0.9330
Epsilon 0.9196
Epsilon 0.9062
Epsilon 0.8928
Epsilon 0.8794
Iter 35 | Reward(mean±std): -2.05 ± 1.31 | Price(mean±std): 16.77 ± 2.10
Episode: 10
Steps per episode: 336
Epsilon 1.0000
Epsilon 0.9866
Epsilon 0.9732
Epsilon 0.9598
Epsilon 0.9464
Epsilon 0.9330
Epsilon 0.9196
Epsilon 0.9062
Epsilon 0.8928
Epsilon 0.8794
Iter 36 | Reward(mean±std): -3.13 ± 2.05 | Price(mean±std): 18.09 ± 2.26
Episode: 10
Steps per episode: 336
Epsilon 1.0000
Epsilon 0.9866
Epsilon 0.9732
Epsilon 0.9598
Epsilon 0.9464
Epsilon 0.9330
Epsilon 0.9196
Epsilon 0.9062
Epsilon 0.8928
Epsilon 0.8794
Iter 37 | Reward(mean±std): -2.21 ± 1.56 | Price(mean±std): 17.02 ± 2.49
Episode: 10
Steps per episode: 336
Epsilon 1.0000
Epsilon 0.9866
Epsilon 0.9732
Epsilon 0.9598
Epsilon 0.9464
Epsilon 0.9330
Epsilon 0.9196
Epsilon 0.9062
Epsilon 0.8928
Epsilon 0.8794
Iter 38 | Reward(mean±std): -2.29 ± 1.32 | Price(mean±std): 17.15 ± 2.12
Episode: 10
Steps per episode: 336
Epsilon 1.0000
Epsilon 0.9866
Epsilon 0.9732
Epsilon 0.9598
Epsilon 0.9464
Epsilon 0.9330
Epsilon 0.9196
Epsilon 0.9062
Epsilon 0.8928
Epsilon 0.8794
Iter 39 | Reward(mean±std): -2.16 ± 1.13 | Price(mean±std): 16.94 ± 1.81

Best mean price over checkpoints: 16.60
Last raw mean reward: -2.16
Last smoothed mean reward (window=5): -2.37
  [EXTENDED] final evaluation with best weights...
Deterministic eval: epsilon = 0.0 (greedy)
Episode: 1
Steps per episode: 17535
Epsilon 0.0000
Final price: 876.65 EUR
    DQN cost: 876.65 EUR  (improvement: 14.9%  fraction of theoretical: 68.7%)
    Saved user_168_extended_price_comparison.pdf / .png
  [done] user 168 written to CSV.

[11/30]
============================================================
USER 249  (cluster 10)
============================================================
  [setup] imports...
Using Apple Silicon MPS Acceleration

Tensor created on device: mps:0
  [setup] data loading...
  [setup] preprocessing...
Detected step: 30.0 min | KorakovNaDan=48 | BatMaxPolnjenje=3.000 | BatMaxPraznjenje=3.000
Using Scaler: RobustScaler
                           Energy_Consumption  ...  SMP_OutlierFlag
Timestamp_UTC                                  ...                 
2010-07-01 00:30:00+00:00           -0.194631  ...              0.0
2010-07-01 01:00:00+00:00           -0.149888  ...              0.0
2010-07-01 01:30:00+00:00           -0.004474  ...              0.0
2010-07-01 02:00:00+00:00            0.002237  ...              0.0
2010-07-01 02:30:00+00:00            0.026846  ...              0.0

[5 rows x 4 columns]
Notebook DQN now uses HouseholdEnvironment directly
  [setup] DQN class & Learning_DQN...
  [baselines] test env + MILP function...
  [baselines] SARSA agents + random DQN eval...
cena po optimizaciji 1981.7132821374394
Random eval: epsilon = 1.0
Episode: 1
Steps per episode: 17535
Epsilon 1.0000
Final price: 3022.41 EUR
  [baselines] no-battery agent...
  [baselines] MILP benchmark (this may take several minutes)...
Building MILP Model...
Solving over 17535 steps... (This may take a moment)

--- MILP Optimization Complete ---
Total Electricity Cost (Inc GST & Fixed): $1032.4464
Total RL Equivalent Reward: -204.0880
    No-battery cost: 1633.21 EUR | MILP cost: 1032.45 EUR
  [BASIC] training (100 episodes)...
Reset requested: removed old DQN checkpoint.
Episode: 100
Steps per episode: 336
Epsilon 1.0000
Epsilon 0.9942
Epsilon 0.9808
Epsilon 0.9674
Epsilon 0.9540
Epsilon 0.9406
Epsilon 0.9272
Epsilon 0.9138
Epsilon 0.9004
Epsilon 0.8870
Epsilon 0.8736
Epsilon 0.8602
Epsilon 0.8468
Epsilon 0.8334
Epsilon 0.8200
Epsilon 0.8066
Epsilon 0.7932
Epsilon 0.7798
Epsilon 0.7664
Epsilon 0.7530
Epsilon 0.7396
Epsilon 0.7262
Epsilon 0.7128
Epsilon 0.6994
Epsilon 0.6860
Epsilon 0.6726
Epsilon 0.6592
Epsilon 0.6458
Epsilon 0.6324
Epsilon 0.6190
Epsilon 0.6056
Epsilon 0.5922
Epsilon 0.5788
Epsilon 0.5654
Epsilon 0.5520
Epsilon 0.5386
Epsilon 0.5252
Epsilon 0.5118
Epsilon 0.4984
Epsilon 0.4850
Epsilon 0.4716
Epsilon 0.4582
Epsilon 0.4448
Epsilon 0.4314
Epsilon 0.4180
Epsilon 0.4046
Epsilon 0.3912
Epsilon 0.3778
Epsilon 0.3644
Epsilon 0.3510
Epsilon 0.3376
Epsilon 0.3242
Epsilon 0.3108
Epsilon 0.2974
Epsilon 0.2840
Epsilon 0.2706
Epsilon 0.2572
Epsilon 0.2438
Epsilon 0.2304
Epsilon 0.2170
Epsilon 0.2036
Epsilon 0.1902
Epsilon 0.1768
Epsilon 0.1634
Epsilon 0.1500
Epsilon 0.1366
Epsilon 0.1232
Epsilon 0.1098
Epsilon 0.0964
Epsilon 0.0830
Epsilon 0.0696
Epsilon 0.0562
Epsilon 0.0428
Epsilon 0.0294
Epsilon 0.0160
Epsilon 0.0100
Epsilon 0.0100
Epsilon 0.0100
Epsilon 0.0100
Epsilon 0.0100
Epsilon 0.0100
Epsilon 0.0100
Epsilon 0.0100
Epsilon 0.0100
Epsilon 0.0100
Epsilon 0.0100
Epsilon 0.0100
Epsilon 0.0100
Epsilon 0.0100
Epsilon 0.0100
Epsilon 0.0100
Epsilon 0.0100
Epsilon 0.0100
Epsilon 0.0100
Epsilon 0.0100
Epsilon 0.0100
Epsilon 0.0100
Epsilon 0.0100
Epsilon 0.0100
Epsilon 0.0100
  [BASIC] evaluation...
Deterministic eval: epsilon = 0.0 (greedy)
Episode: 1
Steps per episode: 17535
Epsilon 0.0000
Final price: 1602.52 EUR
    DQN cost: 1602.52 EUR  (improvement: 1.9%  fraction of theoretical: 5.1%)
    Saved user_249_basic_price_comparison.pdf / .png
  [EXTENDED] convergence training (40 x 10 episodes with eval)...
Reset requested: removed old DQN checkpoint.
Episode: 10
Steps per episode: 336
Epsilon 1.0000
Epsilon 0.9942
Epsilon 0.9808
Epsilon 0.9674
Epsilon 0.9540
Epsilon 0.9406
Epsilon 0.9272
Epsilon 0.9138
Epsilon 0.9004
Epsilon 0.8870
Episode: 10
Steps per episode: 336
Epsilon 1.0000
Epsilon 0.9866
Epsilon 0.9732
Epsilon 0.9598
Epsilon 0.9464
Epsilon 0.9330
Epsilon 0.9196
Epsilon 0.9062
Epsilon 0.8928
Epsilon 0.8794
Iter 00 | Reward(mean±std): -11.00 ± 5.43 | Price(mean±std): 31.08 ± 8.69
Episode: 10
Steps per episode: 336
Epsilon 1.0000
Epsilon 0.9866
Epsilon 0.9732
Epsilon 0.9598
Epsilon 0.9464
Epsilon 0.9330
Epsilon 0.9196
Epsilon 0.9062
Epsilon 0.8928
Epsilon 0.8794
Iter 01 | Reward(mean±std): -10.20 ± 6.82 | Price(mean±std): 28.41 ± 8.28
Episode: 10
Steps per episode: 336
Epsilon 1.0000
Epsilon 0.9866
Epsilon 0.9732
Epsilon 0.9598
Epsilon 0.9464
Epsilon 0.9330
Epsilon 0.9196
Epsilon 0.9062
Epsilon 0.8928
Epsilon 0.8794
Iter 02 | Reward(mean±std): -16.70 ± 9.63 | Price(mean±std): 28.50 ± 7.57
Episode: 10
Steps per episode: 336
Epsilon 1.0000
Epsilon 0.9866
Epsilon 0.9732
Epsilon 0.9598
Epsilon 0.9464
Epsilon 0.9330
Epsilon 0.9196
Epsilon 0.9062
Epsilon 0.8928
Epsilon 0.8794
Iter 03 | Reward(mean±std): -8.62 ± 4.85 | Price(mean±std): 27.28 ± 7.75
Episode: 10
Steps per episode: 336
Epsilon 1.0000
Epsilon 0.9866
Epsilon 0.9732
Epsilon 0.9598
Epsilon 0.9464
Epsilon 0.9330
Epsilon 0.9196
Epsilon 0.9062
Epsilon 0.8928
Epsilon 0.8794
Iter 04 | Reward(mean±std): -12.32 ± 12.18 | Price(mean±std): 27.80 ± 7.36
Episode: 10
Steps per episode: 336
Epsilon 1.0000
Epsilon 0.9866
Epsilon 0.9732
Epsilon 0.9598
Epsilon 0.9464
Epsilon 0.9330
Epsilon 0.9196
Epsilon 0.9062
Epsilon 0.8928
Epsilon 0.8794
Iter 05 | Reward(mean±std): -8.38 ± 4.91 | Price(mean±std): 26.90 ± 7.86
Episode: 10
Steps per episode: 336
Epsilon 1.0000
Epsilon 0.9866
Epsilon 0.9732
Epsilon 0.9598
Epsilon 0.9464
Epsilon 0.9330
Epsilon 0.9196
Epsilon 0.9062
Epsilon 0.8928
Epsilon 0.8794
Iter 06 | Reward(mean±std): -12.91 ± 4.39 | Price(mean±std): 30.05 ± 7.85
Episode: 10
Steps per episode: 336
Epsilon 1.0000
Epsilon 0.9866
Epsilon 0.9732
Epsilon 0.9598
Epsilon 0.9464
Epsilon 0.9330
Epsilon 0.9196
Epsilon 0.9062
Epsilon 0.8928
Epsilon 0.8794
Iter 07 | Reward(mean±std): -8.65 ± 4.88 | Price(mean±std): 27.32 ± 7.80
Episode: 10
Steps per episode: 336
Epsilon 1.0000
Epsilon 0.9866
Epsilon 0.9732
Epsilon 0.9598
Epsilon 0.9464
Epsilon 0.9330
Epsilon 0.9196
Epsilon 0.9062
Epsilon 0.8928
Epsilon 0.8794
Iter 08 | Reward(mean±std): -7.30 ± 4.45 | Price(mean±std): 25.17 ± 7.11
Episode: 10
Steps per episode: 336
Epsilon 1.0000
Epsilon 0.9866
Epsilon 0.9732
Epsilon 0.9598
Epsilon 0.9464
Epsilon 0.9330
Epsilon 0.9196
Epsilon 0.9062
Epsilon 0.8928
Epsilon 0.8794
Iter 09 | Reward(mean±std): -10.54 ± 10.99 | Price(mean±std): 25.86 ± 7.71
Episode: 10
Steps per episode: 336
Epsilon 1.0000
Epsilon 0.9866
Epsilon 0.9732
Epsilon 0.9598
Epsilon 0.9464
Epsilon 0.9330
Epsilon 0.9196
Epsilon 0.9062
Epsilon 0.8928
Epsilon 0.8794
Iter 10 | Reward(mean±std): -9.04 ± 4.70 | Price(mean±std): 27.95 ± 7.52
Episode: 10
Steps per episode: 336
Epsilon 1.0000
Epsilon 0.9866
Epsilon 0.9732
Epsilon 0.9598
Epsilon 0.9464
Epsilon 0.9330
Epsilon 0.9196
Epsilon 0.9062
Epsilon 0.8928
Epsilon 0.8794
Iter 11 | Reward(mean±std): -10.83 ± 6.32 | Price(mean±std): 26.91 ± 8.35
Episode: 10
Steps per episode: 336
Epsilon 1.0000
Epsilon 0.9866
Epsilon 0.9732
Epsilon 0.9598
Epsilon 0.9464
Epsilon 0.9330
Epsilon 0.9196
Epsilon 0.9062
Epsilon 0.8928
Epsilon 0.8794
Iter 12 | Reward(mean±std): -9.59 ± 5.01 | Price(mean±std): 28.83 ± 8.01
Episode: 10
Steps per episode: 336
Epsilon 1.0000
Epsilon 0.9866
Epsilon 0.9732
Epsilon 0.9598
Epsilon 0.9464
Epsilon 0.9330
Epsilon 0.9196
Epsilon 0.9062
Epsilon 0.8928
Epsilon 0.8794
Iter 13 | Reward(mean±std): -7.56 ± 4.48 | Price(mean±std): 25.58 ± 7.16
Episode: 10
Steps per episode: 336
Epsilon 1.0000
Epsilon 0.9866
Epsilon 0.9732
Epsilon 0.9598
Epsilon 0.9464
Epsilon 0.9330
Epsilon 0.9196
Epsilon 0.9062
Epsilon 0.8928
Epsilon 0.8794
Iter 14 | Reward(mean±std): -7.84 ± 5.04 | Price(mean±std): 26.03 ± 8.06
Episode: 10
Steps per episode: 336
Epsilon 1.0000
Epsilon 0.9866
Epsilon 0.9732
Epsilon 0.9598
Epsilon 0.9464
Epsilon 0.9330
Epsilon 0.9196
Epsilon 0.9062
Epsilon 0.8928
Epsilon 0.8794
Iter 15 | Reward(mean±std): -7.62 ± 5.12 | Price(mean±std): 25.68 ± 8.20
Episode: 10
Steps per episode: 336
Epsilon 1.0000
Epsilon 0.9866
Epsilon 0.9732
Epsilon 0.9598
Epsilon 0.9464
Epsilon 0.9330
Epsilon 0.9196
Epsilon 0.9062
Epsilon 0.8928
Epsilon 0.8794
Iter 16 | Reward(mean±std): -6.42 ± 4.41 | Price(mean±std): 23.76 ± 7.05
Episode: 10
Steps per episode: 336
Epsilon 1.0000
Epsilon 0.9866
Epsilon 0.9732
Epsilon 0.9598
Epsilon 0.9464
Epsilon 0.9330
Epsilon 0.9196
Epsilon 0.9062
Epsilon 0.8928
Epsilon 0.8794
Iter 17 | Reward(mean±std): -9.83 ± 5.07 | Price(mean±std): 29.22 ± 8.11
Episode: 10
Steps per episode: 336
Epsilon 1.0000
Epsilon 0.9866
Epsilon 0.9732
Epsilon 0.9598
Epsilon 0.9464
Epsilon 0.9330
Epsilon 0.9196
Epsilon 0.9062
Epsilon 0.8928
Epsilon 0.8794
Iter 18 | Reward(mean±std): -8.30 ± 4.60 | Price(mean±std): 26.77 ± 7.36
Episode: 10
Steps per episode: 336
Epsilon 1.0000
Epsilon 0.9866
Epsilon 0.9732
Epsilon 0.9598
Epsilon 0.9464
Epsilon 0.9330
Epsilon 0.9196
Epsilon 0.9062
Epsilon 0.8928
Epsilon 0.8794
Iter 19 | Reward(mean±std): -6.85 ± 4.57 | Price(mean±std): 24.45 ± 7.31
Episode: 10
Steps per episode: 336
Epsilon 1.0000
Epsilon 0.9866
Epsilon 0.9732
Epsilon 0.9598
Epsilon 0.9464
Epsilon 0.9330
Epsilon 0.9196
Epsilon 0.9062
Epsilon 0.8928
Epsilon 0.8794
Iter 20 | Reward(mean±std): -9.22 ± 4.91 | Price(mean±std): 28.13 ± 7.78
Episode: 10
Steps per episode: 336
Epsilon 1.0000
Epsilon 0.9866
Epsilon 0.9732
Epsilon 0.9598
Epsilon 0.9464
Epsilon 0.9330
Epsilon 0.9196
Epsilon 0.9062
Epsilon 0.8928
Epsilon 0.8794
Iter 21 | Reward(mean±std): -8.57 ± 4.72 | Price(mean±std): 27.10 ± 7.35
Episode: 10
Steps per episode: 336
Epsilon 1.0000
Epsilon 0.9866
Epsilon 0.9732
Epsilon 0.9598
Epsilon 0.9464
Epsilon 0.9330
Epsilon 0.9196
Epsilon 0.9062
Epsilon 0.8928
Epsilon 0.8794
Iter 22 | Reward(mean±std): -8.90 ± 4.64 | Price(mean±std): 27.62 ± 7.33
Episode: 10
Steps per episode: 336
Epsilon 1.0000
Epsilon 0.9866
Epsilon 0.9732
Epsilon 0.9598
Epsilon 0.9464
Epsilon 0.9330
Epsilon 0.9196
Epsilon 0.9062
Epsilon 0.8928
Epsilon 0.8794
Iter 23 | Reward(mean±std): -7.50 ± 4.73 | Price(mean±std): 25.48 ± 7.57
Episode: 10
Steps per episode: 336
Epsilon 1.0000
Epsilon 0.9866
Epsilon 0.9732
Epsilon 0.9598
Epsilon 0.9464
Epsilon 0.9330
Epsilon 0.9196
Epsilon 0.9062
Epsilon 0.8928
Epsilon 0.8794
Iter 24 | Reward(mean±std): -7.44 ± 4.70 | Price(mean±std): 25.38 ± 7.52
Episode: 10
Steps per episode: 336
Epsilon 1.0000
Epsilon 0.9866
Epsilon 0.9732
Epsilon 0.9598
Epsilon 0.9464
Epsilon 0.9330
Epsilon 0.9196
Epsilon 0.9062
Epsilon 0.8928
Epsilon 0.8794
Iter 25 | Reward(mean±std): -5.59 ± 3.50 | Price(mean±std): 22.43 ± 5.59
Episode: 10
Steps per episode: 336
Epsilon 1.0000
Epsilon 0.9866
Epsilon 0.9732
Epsilon 0.9598
Epsilon 0.9464
Epsilon 0.9330
Epsilon 0.9196
Epsilon 0.9062
Epsilon 0.8928
Epsilon 0.8794
Iter 26 | Reward(mean±std): -7.89 ± 4.94 | Price(mean±std): 26.10 ± 7.91
Episode: 10
Steps per episode: 336
Epsilon 1.0000
Epsilon 0.9866
Epsilon 0.9732
Epsilon 0.9598
Epsilon 0.9464
Epsilon 0.9330
Epsilon 0.9196
Epsilon 0.9062
Epsilon 0.8928
Epsilon 0.8794
Iter 27 | Reward(mean±std): -8.12 ± 5.40 | Price(mean±std): 26.48 ± 8.63
Episode: 10
Steps per episode: 336
Epsilon 1.0000
Epsilon 0.9866
Epsilon 0.9732
Epsilon 0.9598
Epsilon 0.9464
Epsilon 0.9330
Epsilon 0.9196
Epsilon 0.9062
Epsilon 0.8928
Epsilon 0.8794
Iter 28 | Reward(mean±std): -5.52 ± 3.67 | Price(mean±std): 22.32 ± 5.87
Episode: 10
Steps per episode: 336
Epsilon 1.0000
Epsilon 0.9866
Epsilon 0.9732
Epsilon 0.9598
Epsilon 0.9464
Epsilon 0.9330
Epsilon 0.9196
Epsilon 0.9062
Epsilon 0.8928
Epsilon 0.8794
Iter 29 | Reward(mean±std): -12.17 ± 11.78 | Price(mean±std): 24.95 ± 8.33
Episode: 10
Steps per episode: 336
Epsilon 1.0000
Epsilon 0.9866
Epsilon 0.9732
Epsilon 0.9598
Epsilon 0.9464
Epsilon 0.9330
Epsilon 0.9196
Epsilon 0.9062
Epsilon 0.8928
Epsilon 0.8794
Iter 30 | Reward(mean±std): -5.26 ± 2.96 | Price(mean±std): 21.91 ± 4.74
Episode: 10
Steps per episode: 336
Epsilon 1.0000
Epsilon 0.9866
Epsilon 0.9732
Epsilon 0.9598
Epsilon 0.9464
Epsilon 0.9330
Epsilon 0.9196
Epsilon 0.9062
Epsilon 0.8928
Epsilon 0.8794
Iter 31 | Reward(mean±std): -9.85 ± 5.93 | Price(mean±std): 25.25 ± 7.17
Episode: 10
Steps per episode: 336
Epsilon 1.0000
Epsilon 0.9866
Epsilon 0.9732
Epsilon 0.9598
Epsilon 0.9464
Epsilon 0.9330
Epsilon 0.9196
Epsilon 0.9062
Epsilon 0.8928
Epsilon 0.8794
Iter 32 | Reward(mean±std): -5.46 ± 3.52 | Price(mean±std): 22.22 ± 5.64
Episode: 10
Steps per episode: 336
Epsilon 1.0000
Epsilon 0.9866
Epsilon 0.9732
Epsilon 0.9598
Epsilon 0.9464
Epsilon 0.9330
Epsilon 0.9196
Epsilon 0.9062
Epsilon 0.8928
Epsilon 0.8794
Iter 33 | Reward(mean±std): -5.23 ± 2.97 | Price(mean±std): 21.85 ± 4.75
Episode: 10
Steps per episode: 336
Epsilon 1.0000
Epsilon 0.9866
Epsilon 0.9732
Epsilon 0.9598
Epsilon 0.9464
Epsilon 0.9330
Epsilon 0.9196
Epsilon 0.9062
Epsilon 0.8928
Epsilon 0.8794
Iter 34 | Reward(mean±std): -5.51 ± 4.33 | Price(mean±std): 22.30 ± 6.93
Episode: 10
Steps per episode: 336
Epsilon 1.0000
Epsilon 0.9866
Epsilon 0.9732
Epsilon 0.9598
Epsilon 0.9464
Epsilon 0.9330
Epsilon 0.9196
Epsilon 0.9062
Epsilon 0.8928
Epsilon 0.8794
Iter 35 | Reward(mean±std): -5.12 ± 2.44 | Price(mean±std): 21.69 ± 3.91
Episode: 10
Steps per episode: 336
Epsilon 1.0000
Epsilon 0.9866
Epsilon 0.9732
Epsilon 0.9598
Epsilon 0.9464
Epsilon 0.9330
Epsilon 0.9196
Epsilon 0.9062
Epsilon 0.8928
Epsilon 0.8794
Iter 36 | Reward(mean±std): -9.38 ± 7.65 | Price(mean±std): 26.29 ± 8.42
Episode: 10
Steps per episode: 336
Epsilon 1.0000
Epsilon 0.9866
Epsilon 0.9732
Epsilon 0.9598
Epsilon 0.9464
Epsilon 0.9330
Epsilon 0.9196
Epsilon 0.9062
Epsilon 0.8928
Epsilon 0.8794
Iter 37 | Reward(mean±std): -5.56 ± 2.65 | Price(mean±std): 22.38 ± 4.24
Episode: 10
Steps per episode: 336
Epsilon 1.0000
Epsilon 0.9866
Epsilon 0.9732
Epsilon 0.9598
Epsilon 0.9464
Epsilon 0.9330
Epsilon 0.9196
Epsilon 0.9062
Epsilon 0.8928
Epsilon 0.8794
Iter 38 | Reward(mean±std): -5.50 ± 3.57 | Price(mean±std): 22.29 ± 5.72
Episode: 10
Steps per episode: 336
Epsilon 1.0000
Epsilon 0.9866
Epsilon 0.9732
Epsilon 0.9598
Epsilon 0.9464
Epsilon 0.9330
Epsilon 0.9196
Epsilon 0.9062
Epsilon 0.8928
Epsilon 0.8794
Iter 39 | Reward(mean±std): -6.68 ± 4.71 | Price(mean±std): 24.17 ± 7.53

Best mean price over checkpoints: 21.69
Last raw mean reward: -6.68
Last smoothed mean reward (window=5): -6.45
  [EXTENDED] final evaluation with best weights...
Deterministic eval: epsilon = 0.0 (greedy)
Episode: 1
Steps per episode: 17535
Epsilon 0.0000
Final price: 1134.46 EUR
    DQN cost: 1134.46 EUR  (improvement: 30.5%  fraction of theoretical: 83.0%)
    Saved user_249_extended_price_comparison.pdf / .png
  [done] user 249 written to CSV.

[12/30]
============================================================
USER 81  (cluster 11)
============================================================
  [setup] imports...
Using Apple Silicon MPS Acceleration

Tensor created on device: mps:0
  [setup] data loading...
  [setup] preprocessing...
Detected step: 30.0 min | KorakovNaDan=48 | BatMaxPolnjenje=3.000 | BatMaxPraznjenje=3.000
Using Scaler: RobustScaler
                           Energy_Consumption  ...  SMP_OutlierFlag
Timestamp_UTC                                  ...                 
2010-07-01 00:30:00+00:00           -0.027778  ...              0.0
2010-07-01 01:00:00+00:00           -0.055556  ...              0.0
2010-07-01 01:30:00+00:00           -0.048611  ...              0.0
2010-07-01 02:00:00+00:00            0.055556  ...              0.0
2010-07-01 02:30:00+00:00            0.069444  ...              0.0

[5 rows x 4 columns]
Notebook DQN now uses HouseholdEnvironment directly
  [setup] DQN class & Learning_DQN...
  [baselines] test env + MILP function...
  [baselines] SARSA agents + random DQN eval...
cena po optimizaciji 1192.7950685878911
Random eval: epsilon = 1.0
Episode: 1
Steps per episode: 17535
Epsilon 1.0000
Final price: 2554.88 EUR
  [baselines] no-battery agent...
  [baselines] MILP benchmark (this may take several minutes)...
Building MILP Model...
Solving over 17535 steps... (This may take a moment)

--- MILP Optimization Complete ---
Total Electricity Cost (Inc GST & Fixed): $779.3884
Total RL Equivalent Reward: -45.9268
    No-battery cost: 975.25 EUR | MILP cost: 779.39 EUR
  [BASIC] training (100 episodes)...
Reset requested: removed old DQN checkpoint.
Episode: 100
Steps per episode: 336
Epsilon 1.0000
Epsilon 0.9942
Epsilon 0.9808
Epsilon 0.9674
Epsilon 0.9540
Epsilon 0.9406
Epsilon 0.9272
Epsilon 0.9138
Epsilon 0.9004
Epsilon 0.8870
Epsilon 0.8736
Epsilon 0.8602
Epsilon 0.8468
Epsilon 0.8334
Epsilon 0.8200
Epsilon 0.8066
Epsilon 0.7932
Epsilon 0.7798
Epsilon 0.7664
Epsilon 0.7530
Epsilon 0.7396
Epsilon 0.7262
Epsilon 0.7128
Epsilon 0.6994
Epsilon 0.6860
Epsilon 0.6726
Epsilon 0.6592
Epsilon 0.6458
Epsilon 0.6324
Epsilon 0.6190
Epsilon 0.6056
Epsilon 0.5922
Epsilon 0.5788
Epsilon 0.5654
Epsilon 0.5520
Epsilon 0.5386
Epsilon 0.5252
Epsilon 0.5118
Epsilon 0.4984
Epsilon 0.4850
Epsilon 0.4716
Epsilon 0.4582
Epsilon 0.4448
Epsilon 0.4314
Epsilon 0.4180
Epsilon 0.4046
Epsilon 0.3912
Epsilon 0.3778
Epsilon 0.3644
Epsilon 0.3510
Epsilon 0.3376
Epsilon 0.3242
Epsilon 0.3108
Epsilon 0.2974
Epsilon 0.2840
Epsilon 0.2706
Epsilon 0.2572
Epsilon 0.2438
Epsilon 0.2304
Epsilon 0.2170
Epsilon 0.2036
Epsilon 0.1902
Epsilon 0.1768
Epsilon 0.1634
Epsilon 0.1500
Epsilon 0.1366
Epsilon 0.1232
Epsilon 0.1098
Epsilon 0.0964
Epsilon 0.0830
Epsilon 0.0696
Epsilon 0.0562
Epsilon 0.0428
Epsilon 0.0294
Epsilon 0.0160
Epsilon 0.0100
Epsilon 0.0100
Epsilon 0.0100
Epsilon 0.0100
Epsilon 0.0100
Epsilon 0.0100
Epsilon 0.0100
Epsilon 0.0100
Epsilon 0.0100
Epsilon 0.0100
Epsilon 0.0100
Epsilon 0.0100
Epsilon 0.0100
Epsilon 0.0100
Epsilon 0.0100
Epsilon 0.0100
Epsilon 0.0100
Epsilon 0.0100
Epsilon 0.0100
Epsilon 0.0100
Epsilon 0.0100
Epsilon 0.0100
Epsilon 0.0100
Epsilon 0.0100
Epsilon 0.0100
  [BASIC] evaluation...
Deterministic eval: epsilon = 0.0 (greedy)
Episode: 1
Steps per episode: 17535
Epsilon 0.0000
Final price: 969.40 EUR
    DQN cost: 969.40 EUR  (improvement: 0.6%  fraction of theoretical: 3.0%)
    Saved user_81_basic_price_comparison.pdf / .png
  [EXTENDED] convergence training (40 x 10 episodes with eval)...
Reset requested: removed old DQN checkpoint.
Episode: 10
Steps per episode: 336
Epsilon 1.0000
Epsilon 0.9942
Epsilon 0.9808
Epsilon 0.9674
Epsilon 0.9540
Epsilon 0.9406
Epsilon 0.9272
Epsilon 0.9138
Epsilon 0.9004
Epsilon 0.8870
Episode: 10
Steps per episode: 336
Epsilon 1.0000
Epsilon 0.9866
Epsilon 0.9732
Epsilon 0.9598
Epsilon 0.9464
Epsilon 0.9330
Epsilon 0.9196
Epsilon 0.9062
Epsilon 0.8928
Epsilon 0.8794
Iter 00 | Reward(mean±std): -9.20 ± 5.25 | Price(mean±std): 19.31 ± 3.86
Episode: 10
Steps per episode: 336
Epsilon 1.0000
Epsilon 0.9866
Epsilon 0.9732
Epsilon 0.9598
Epsilon 0.9464
Epsilon 0.9330
Epsilon 0.9196
Epsilon 0.9062
Epsilon 0.8928
Epsilon 0.8794
Iter 01 | Reward(mean±std): -2.80 ± 1.83 | Price(mean±std): 17.97 ± 2.94
Episode: 10
Steps per episode: 336
Epsilon 1.0000
Epsilon 0.9866
Epsilon 0.9732
Epsilon 0.9598
Epsilon 0.9464
Epsilon 0.9330
Epsilon 0.9196
Epsilon 0.9062
Epsilon 0.8928
Epsilon 0.8794
Iter 02 | Reward(mean±std): -2.65 ± 1.65 | Price(mean±std): 17.73 ± 2.64
Episode: 10
Steps per episode: 336
Epsilon 1.0000
Epsilon 0.9866
Epsilon 0.9732
Epsilon 0.9598
Epsilon 0.9464
Epsilon 0.9330
Epsilon 0.9196
Epsilon 0.9062
Epsilon 0.8928
Epsilon 0.8794
Iter 03 | Reward(mean±std): -3.52 ± 2.55 | Price(mean±std): 19.11 ± 4.08
Episode: 10
Steps per episode: 336
Epsilon 1.0000
Epsilon 0.9866
Epsilon 0.9732
Epsilon 0.9598
Epsilon 0.9464
Epsilon 0.9330
Epsilon 0.9196
Epsilon 0.9062
Epsilon 0.8928
Epsilon 0.8794
Iter 04 | Reward(mean±std): -3.20 ± 2.49 | Price(mean±std): 18.61 ± 3.98
Episode: 10
Steps per episode: 336
Epsilon 1.0000
Epsilon 0.9866
Epsilon 0.9732
Epsilon 0.9598
Epsilon 0.9464
Epsilon 0.9330
Epsilon 0.9196
Epsilon 0.9062
Epsilon 0.8928
Epsilon 0.8794
Iter 05 | Reward(mean±std): -3.11 ± 2.48 | Price(mean±std): 18.46 ± 3.97
Episode: 10
Steps per episode: 336
Epsilon 1.0000
Epsilon 0.9866
Epsilon 0.9732
Epsilon 0.9598
Epsilon 0.9464
Epsilon 0.9330
Epsilon 0.9196
Epsilon 0.9062
Epsilon 0.8928
Epsilon 0.8794
Iter 06 | Reward(mean±std): -3.03 ± 2.28 | Price(mean±std): 18.33 ± 3.65
Episode: 10
Steps per episode: 336
Epsilon 1.0000
Epsilon 0.9866
Epsilon 0.9732
Epsilon 0.9598
Epsilon 0.9464
Epsilon 0.9330
Epsilon 0.9196
Epsilon 0.9062
Epsilon 0.8928
Epsilon 0.8794
Iter 07 | Reward(mean±std): -2.60 ± 2.02 | Price(mean±std): 17.65 ± 3.23
Episode: 10
Steps per episode: 336
Epsilon 1.0000
Epsilon 0.9866
Epsilon 0.9732
Epsilon 0.9598
Epsilon 0.9464
Epsilon 0.9330
Epsilon 0.9196
Epsilon 0.9062
Epsilon 0.8928
Epsilon 0.8794
Iter 08 | Reward(mean±std): -2.98 ± 2.45 | Price(mean±std): 18.25 ± 3.92
Episode: 10
Steps per episode: 336
Epsilon 1.0000
Epsilon 0.9866
Epsilon 0.9732
Epsilon 0.9598
Epsilon 0.9464
Epsilon 0.9330
Epsilon 0.9196
Epsilon 0.9062
Epsilon 0.8928
Epsilon 0.8794
Iter 09 | Reward(mean±std): -3.04 ± 2.10 | Price(mean±std): 18.25 ± 3.45
Episode: 10
Steps per episode: 336
Epsilon 1.0000
Epsilon 0.9866
Epsilon 0.9732
Epsilon 0.9598
Epsilon 0.9464
Epsilon 0.9330
Epsilon 0.9196
Epsilon 0.9062
Epsilon 0.8928
Epsilon 0.8794
Iter 10 | Reward(mean±std): -2.63 ± 2.31 | Price(mean±std): 17.70 ± 3.69
Episode: 10
Steps per episode: 336
Epsilon 1.0000
Epsilon 0.9866
Epsilon 0.9732
Epsilon 0.9598
Epsilon 0.9464
Epsilon 0.9330
Epsilon 0.9196
Epsilon 0.9062
Epsilon 0.8928
Epsilon 0.8794
Iter 11 | Reward(mean±std): -2.99 ± 2.33 | Price(mean±std): 18.27 ± 3.73
Episode: 10
Steps per episode: 336
Epsilon 1.0000
Epsilon 0.9866
Epsilon 0.9732
Epsilon 0.9598
Epsilon 0.9464
Epsilon 0.9330
Epsilon 0.9196
Epsilon 0.9062
Epsilon 0.8928
Epsilon 0.8794
Iter 12 | Reward(mean±std): -2.87 ± 2.34 | Price(mean±std): 18.08 ± 3.75
Episode: 10
Steps per episode: 336
Epsilon 1.0000
Epsilon 0.9866
Epsilon 0.9732
Epsilon 0.9598
Epsilon 0.9464
Epsilon 0.9330
Epsilon 0.9196
Epsilon 0.9062
Epsilon 0.8928
Epsilon 0.8794
Iter 13 | Reward(mean±std): -2.30 ± 1.87 | Price(mean±std): 17.17 ± 3.00
Episode: 10
Steps per episode: 336
Epsilon 1.0000
Epsilon 0.9866
Epsilon 0.9732
Epsilon 0.9598
Epsilon 0.9464
Epsilon 0.9330
Epsilon 0.9196
Epsilon 0.9062
Epsilon 0.8928
Epsilon 0.8794
Iter 14 | Reward(mean±std): -2.96 ± 2.40 | Price(mean±std): 18.22 ± 3.84
Episode: 10
Steps per episode: 336
Epsilon 1.0000
Epsilon 0.9866
Epsilon 0.9732
Epsilon 0.9598
Epsilon 0.9464
Epsilon 0.9330
Epsilon 0.9196
Epsilon 0.9062
Epsilon 0.8928
Epsilon 0.8794
Iter 15 | Reward(mean±std): -2.98 ± 2.29 | Price(mean±std): 18.26 ± 3.67
Episode: 10
Steps per episode: 336
Epsilon 1.0000
Epsilon 0.9866
Epsilon 0.9732
Epsilon 0.9598
Epsilon 0.9464
Epsilon 0.9330
Epsilon 0.9196
Epsilon 0.9062
Epsilon 0.8928
Epsilon 0.8794
Iter 16 | Reward(mean±std): -3.06 ± 2.21 | Price(mean±std): 18.38 ± 3.54
Episode: 10
Steps per episode: 336
Epsilon 1.0000
Epsilon 0.9866
Epsilon 0.9732
Epsilon 0.9598
Epsilon 0.9464
Epsilon 0.9330
Epsilon 0.9196
Epsilon 0.9062
Epsilon 0.8928
Epsilon 0.8794
Iter 17 | Reward(mean±std): -3.19 ± 2.47 | Price(mean±std): 18.58 ± 3.96
Episode: 10
Steps per episode: 336
Epsilon 1.0000
Epsilon 0.9866
Epsilon 0.9732
Epsilon 0.9598
Epsilon 0.9464
Epsilon 0.9330
Epsilon 0.9196
Epsilon 0.9062
Epsilon 0.8928
Epsilon 0.8794
Iter 18 | Reward(mean±std): -2.89 ± 2.17 | Price(mean±std): 17.80 ± 3.74
Episode: 10
Steps per episode: 336
Epsilon 1.0000
Epsilon 0.9866
Epsilon 0.9732
Epsilon 0.9598
Epsilon 0.9464
Epsilon 0.9330
Epsilon 0.9196
Epsilon 0.9062
Epsilon 0.8928
Epsilon 0.8794
Iter 19 | Reward(mean±std): -3.00 ± 2.46 | Price(mean±std): 18.28 ± 3.94
Episode: 10
Steps per episode: 336
Epsilon 1.0000
Epsilon 0.9866
Epsilon 0.9732
Epsilon 0.9598
Epsilon 0.9464
Epsilon 0.9330
Epsilon 0.9196
Epsilon 0.9062
Epsilon 0.8928
Epsilon 0.8794
Iter 20 | Reward(mean±std): -2.33 ± 1.84 | Price(mean±std): 17.22 ± 2.94
Episode: 10
Steps per episode: 336
Epsilon 1.0000
Epsilon 0.9866
Epsilon 0.9732
Epsilon 0.9598
Epsilon 0.9464
Epsilon 0.9330
Epsilon 0.9196
Epsilon 0.9062
Epsilon 0.8928
Epsilon 0.8794
Iter 21 | Reward(mean±std): -3.36 ± 2.41 | Price(mean±std): 18.77 ± 3.96
Episode: 10
Steps per episode: 336
Epsilon 1.0000
Epsilon 0.9866
Epsilon 0.9732
Epsilon 0.9598
Epsilon 0.9464
Epsilon 0.9330
Epsilon 0.9196
Epsilon 0.9062
Epsilon 0.8928
Epsilon 0.8794
Iter 22 | Reward(mean±std): -2.96 ± 2.41 | Price(mean±std): 18.22 ± 3.86
Episode: 10
Steps per episode: 336
Epsilon 1.0000
Epsilon 0.9866
Epsilon 0.9732
Epsilon 0.9598
Epsilon 0.9464
Epsilon 0.9330
Epsilon 0.9196
Epsilon 0.9062
Epsilon 0.8928
Epsilon 0.8794
Iter 23 | Reward(mean±std): -2.80 ± 2.01 | Price(mean±std): 17.97 ± 3.21
Episode: 10
Steps per episode: 336
Epsilon 1.0000
Epsilon 0.9866
Epsilon 0.9732
Epsilon 0.9598
Epsilon 0.9464
Epsilon 0.9330
Epsilon 0.9196
Epsilon 0.9062
Epsilon 0.8928
Epsilon 0.8794
Iter 24 | Reward(mean±std): -2.53 ± 2.01 | Price(mean±std): 17.34 ± 3.10
Episode: 10
Steps per episode: 336
Epsilon 1.0000
Epsilon 0.9866
Epsilon 0.9732
Epsilon 0.9598
Epsilon 0.9464
Epsilon 0.9330
Epsilon 0.9196
Epsilon 0.9062
Epsilon 0.8928
Epsilon 0.8794
Iter 25 | Reward(mean±std): -3.18 ± 2.38 | Price(mean±std): 18.58 ± 3.80
Episode: 10
Steps per episode: 336
Epsilon 1.0000
Epsilon 0.9866
Epsilon 0.9732
Epsilon 0.9598
Epsilon 0.9464
Epsilon 0.9330
Epsilon 0.9196
Epsilon 0.9062
Epsilon 0.8928
Epsilon 0.8794
Iter 26 | Reward(mean±std): -3.15 ± 2.21 | Price(mean±std): 18.53 ± 3.54
Episode: 10
Steps per episode: 336
Epsilon 1.0000
Epsilon 0.9866
Epsilon 0.9732
Epsilon 0.9598
Epsilon 0.9464
Epsilon 0.9330
Epsilon 0.9196
Epsilon 0.9062
Epsilon 0.8928
Epsilon 0.8794
Iter 27 | Reward(mean±std): -3.01 ± 2.67 | Price(mean±std): 18.30 ± 4.27
Episode: 10
Steps per episode: 336
Epsilon 1.0000
Epsilon 0.9866
Epsilon 0.9732
Epsilon 0.9598
Epsilon 0.9464
Epsilon 0.9330
Epsilon 0.9196
Epsilon 0.9062
Epsilon 0.8928
Epsilon 0.8794
Iter 28 | Reward(mean±std): -3.03 ± 2.17 | Price(mean±std): 18.34 ± 3.47
Episode: 10
Steps per episode: 336
Epsilon 1.0000
Epsilon 0.9866
Epsilon 0.9732
Epsilon 0.9598
Epsilon 0.9464
Epsilon 0.9330
Epsilon 0.9196
Epsilon 0.9062
Epsilon 0.8928
Epsilon 0.8794
Iter 29 | Reward(mean±std): -3.19 ± 2.37 | Price(mean±std): 18.59 ± 3.79
Episode: 10
Steps per episode: 336
Epsilon 1.0000
Epsilon 0.9866
Epsilon 0.9732
Epsilon 0.9598
Epsilon 0.9464
Epsilon 0.9330
Epsilon 0.9196
Epsilon 0.9062
Epsilon 0.8928
Epsilon 0.8794
Iter 30 | Reward(mean±std): -3.11 ± 2.45 | Price(mean±std): 18.47 ± 3.92
Episode: 10
Steps per episode: 336
Epsilon 1.0000
Epsilon 0.9866
Epsilon 0.9732
Epsilon 0.9598
Epsilon 0.9464
Epsilon 0.9330
Epsilon 0.9196
Epsilon 0.9062
Epsilon 0.8928
Epsilon 0.8794
Iter 31 | Reward(mean±std): -3.30 ± 2.51 | Price(mean±std): 18.76 ± 4.02
Episode: 10
Steps per episode: 336
Epsilon 1.0000
Epsilon 0.9866
Epsilon 0.9732
Epsilon 0.9598
Epsilon 0.9464
Epsilon 0.9330
Epsilon 0.9196
Epsilon 0.9062
Epsilon 0.8928
Epsilon 0.8794
Iter 32 | Reward(mean±std): -3.19 ± 2.38 | Price(mean±std): 18.59 ± 3.82
Episode: 10
Steps per episode: 336
Epsilon 1.0000
Epsilon 0.9866
Epsilon 0.9732
Epsilon 0.9598
Epsilon 0.9464
Epsilon 0.9330
Epsilon 0.9196
Epsilon 0.9062
Epsilon 0.8928
Epsilon 0.8794
Iter 33 | Reward(mean±std): -1.96 ± 1.62 | Price(mean±std): 16.62 ± 2.60
Episode: 10
Steps per episode: 336
Epsilon 1.0000
Epsilon 0.9866
Epsilon 0.9732
Epsilon 0.9598
Epsilon 0.9464
Epsilon 0.9330
Epsilon 0.9196
Epsilon 0.9062
Epsilon 0.8928
Epsilon 0.8794
Iter 34 | Reward(mean±std): -2.11 ± 1.49 | Price(mean±std): 16.86 ± 2.39
Episode: 10
Steps per episode: 336
Epsilon 1.0000
Epsilon 0.9866
Epsilon 0.9732
Epsilon 0.9598
Epsilon 0.9464
Epsilon 0.9330
Epsilon 0.9196
Epsilon 0.9062
Epsilon 0.8928
Epsilon 0.8794
Iter 35 | Reward(mean±std): -3.17 ± 2.34 | Price(mean±std): 18.56 ± 3.75
Episode: 10
Steps per episode: 336
Epsilon 1.0000
Epsilon 0.9866
Epsilon 0.9732
Epsilon 0.9598
Epsilon 0.9464
Epsilon 0.9330
Epsilon 0.9196
Epsilon 0.9062
Epsilon 0.8928
Epsilon 0.8794
Iter 36 | Reward(mean±std): -3.03 ± 2.36 | Price(mean±std): 18.33 ± 3.78
Episode: 10
Steps per episode: 336
Epsilon 1.0000
Epsilon 0.9866
Epsilon 0.9732
Epsilon 0.9598
Epsilon 0.9464
Epsilon 0.9330
Epsilon 0.9196
Epsilon 0.9062
Epsilon 0.8928
Epsilon 0.8794
Iter 37 | Reward(mean±std): -3.24 ± 2.53 | Price(mean±std): 18.67 ± 4.04
Episode: 10
Steps per episode: 336
Epsilon 1.0000
Epsilon 0.9866
Epsilon 0.9732
Epsilon 0.9598
Epsilon 0.9464
Epsilon 0.9330
Epsilon 0.9196
Epsilon 0.9062
Epsilon 0.8928
Epsilon 0.8794
Iter 38 | Reward(mean±std): -3.11 ± 2.00 | Price(mean±std): 17.56 ± 3.05
Episode: 10
Steps per episode: 336
Epsilon 1.0000
Epsilon 0.9866
Epsilon 0.9732
Epsilon 0.9598
Epsilon 0.9464
Epsilon 0.9330
Epsilon 0.9196
Epsilon 0.9062
Epsilon 0.8928
Epsilon 0.8794
Iter 39 | Reward(mean±std): -3.23 ± 2.50 | Price(mean±std): 18.65 ± 4.00

Best mean price over checkpoints: 16.62
Last raw mean reward: -3.23
Last smoothed mean reward (window=5): -3.16
  [EXTENDED] final evaluation with best weights...
Deterministic eval: epsilon = 0.0 (greedy)
Episode: 1
Steps per episode: 17535
Epsilon 0.0000
Final price: 848.83 EUR
    DQN cost: 848.83 EUR  (improvement: 13.0%  fraction of theoretical: 64.5%)
    Saved user_81_extended_price_comparison.pdf / .png
  [done] user 81 written to CSV.

[13/30]
============================================================
USER 104  (cluster 12)
============================================================
  [setup] imports...
Using Apple Silicon MPS Acceleration

Tensor created on device: mps:0
  [setup] data loading...
  [setup] preprocessing...
Detected step: 30.0 min | KorakovNaDan=48 | BatMaxPolnjenje=3.000 | BatMaxPraznjenje=3.000
Using Scaler: RobustScaler
                           Energy_Consumption  ...  SMP_OutlierFlag
Timestamp_UTC                                  ...                 
2010-07-01 00:30:00+00:00            5.133772  ...              0.0
2010-07-01 01:00:00+00:00            4.228070  ...              0.0
2010-07-01 01:30:00+00:00           -0.243421  ...              0.0
2010-07-01 02:00:00+00:00           -0.267544  ...              0.0
2010-07-01 02:30:00+00:00           -0.280702  ...              0.0

[5 rows x 4 columns]
Notebook DQN now uses HouseholdEnvironment directly
  [setup] DQN class & Learning_DQN...
  [baselines] test env + MILP function...
  [baselines] SARSA agents + random DQN eval...
cena po optimizaciji 2440.8972076567325
Random eval: epsilon = 1.0
Episode: 1
Steps per episode: 17535
Epsilon 1.0000
Final price: 3465.54 EUR
  [baselines] no-battery agent...
  [baselines] MILP benchmark (this may take several minutes)...
Building MILP Model...
Solving over 17535 steps... (This may take a moment)

--- MILP Optimization Complete ---
Total Electricity Cost (Inc GST & Fixed): $1554.2316
Total RL Equivalent Reward: -530.2038
    No-battery cost: 2116.76 EUR | MILP cost: 1554.23 EUR
  [BASIC] training (100 episodes)...
Reset requested: removed old DQN checkpoint.
Episode: 100
Steps per episode: 336
Epsilon 1.0000
Epsilon 0.9942
Epsilon 0.9808
Epsilon 0.9674
Epsilon 0.9540
Epsilon 0.9406
Epsilon 0.9272
Epsilon 0.9138
Epsilon 0.9004
Epsilon 0.8870
Epsilon 0.8736
Epsilon 0.8602
Epsilon 0.8468
Epsilon 0.8334
Epsilon 0.8200
Epsilon 0.8066
Epsilon 0.7932
Epsilon 0.7798
Epsilon 0.7664
Epsilon 0.7530
Epsilon 0.7396
Epsilon 0.7262
Epsilon 0.7128
Epsilon 0.6994
Epsilon 0.6860
Epsilon 0.6726
Epsilon 0.6592
Epsilon 0.6458
Epsilon 0.6324
Epsilon 0.6190
Epsilon 0.6056
Epsilon 0.5922
Epsilon 0.5788
Epsilon 0.5654
Epsilon 0.5520
Epsilon 0.5386
Epsilon 0.5252
Epsilon 0.5118
Epsilon 0.4984
Epsilon 0.4850
Epsilon 0.4716
Epsilon 0.4582
Epsilon 0.4448
Epsilon 0.4314
Epsilon 0.4180
Epsilon 0.4046
Epsilon 0.3912
Epsilon 0.3778
Epsilon 0.3644
Epsilon 0.3510
Epsilon 0.3376
Epsilon 0.3242
Epsilon 0.3108
Epsilon 0.2974
Epsilon 0.2840
Epsilon 0.2706
Epsilon 0.2572
Epsilon 0.2438
Epsilon 0.2304
Epsilon 0.2170
Epsilon 0.2036
Epsilon 0.1902
Epsilon 0.1768
Epsilon 0.1634
Epsilon 0.1500
Epsilon 0.1366
Epsilon 0.1232
Epsilon 0.1098
Epsilon 0.0964
Epsilon 0.0830
Epsilon 0.0696
Epsilon 0.0562
Epsilon 0.0428
Epsilon 0.0294
Epsilon 0.0160
Epsilon 0.0100
Epsilon 0.0100
Epsilon 0.0100
Epsilon 0.0100
Epsilon 0.0100
Epsilon 0.0100
Epsilon 0.0100
Epsilon 0.0100
Epsilon 0.0100
Epsilon 0.0100
Epsilon 0.0100
Epsilon 0.0100
Epsilon 0.0100
Epsilon 0.0100
Epsilon 0.0100
Epsilon 0.0100
Epsilon 0.0100
Epsilon 0.0100
Epsilon 0.0100
Epsilon 0.0100
Epsilon 0.0100
Epsilon 0.0100
Epsilon 0.0100
Epsilon 0.0100
Epsilon 0.0100
  [BASIC] evaluation...
Deterministic eval: epsilon = 0.0 (greedy)
Episode: 1
Steps per episode: 17535
Epsilon 0.0000
Final price: 2085.35 EUR
    DQN cost: 2085.35 EUR  (improvement: 1.5%  fraction of theoretical: 5.6%)
    Saved user_104_basic_price_comparison.pdf / .png
  [EXTENDED] convergence training (40 x 10 episodes with eval)...
Reset requested: removed old DQN checkpoint.
Episode: 10
Steps per episode: 336
Epsilon 1.0000
Epsilon 0.9942
Epsilon 0.9808
Epsilon 0.9674
Epsilon 0.9540
Epsilon 0.9406
Epsilon 0.9272
Epsilon 0.9138
Epsilon 0.9004
Epsilon 0.8870
Episode: 10
Steps per episode: 336
Epsilon 1.0000
Epsilon 0.9866
Epsilon 0.9732
Epsilon 0.9598
Epsilon 0.9464
Epsilon 0.9330
Epsilon 0.9196
Epsilon 0.9062
Epsilon 0.8928
Epsilon 0.8794
Iter 00 | Reward(mean±std): -15.96 ± 8.05 | Price(mean±std): 39.02 ± 12.88
Episode: 10
Steps per episode: 336
Epsilon 1.0000
Epsilon 0.9866
Epsilon 0.9732
Epsilon 0.9598
Epsilon 0.9464
Epsilon 0.9330
Epsilon 0.9196
Epsilon 0.9062
Epsilon 0.8928
Epsilon 0.8794
Iter 01 | Reward(mean±std): -18.12 ± 9.67 | Price(mean±std): 39.17 ± 12.84
Episode: 10
Steps per episode: 336
Epsilon 1.0000
Epsilon 0.9866
Epsilon 0.9732
Epsilon 0.9598
Epsilon 0.9464
Epsilon 0.9330
Epsilon 0.9196
Epsilon 0.9062
Epsilon 0.8928
Epsilon 0.8794
Iter 02 | Reward(mean±std): -15.80 ± 8.14 | Price(mean±std): 38.76 ± 13.02
Episode: 10
Steps per episode: 336
Epsilon 1.0000
Epsilon 0.9866
Epsilon 0.9732
Epsilon 0.9598
Epsilon 0.9464
Epsilon 0.9330
Epsilon 0.9196
Epsilon 0.9062
Epsilon 0.8928
Epsilon 0.8794
Iter 03 | Reward(mean±std): -18.06 ± 7.99 | Price(mean±std): 42.38 ± 12.79
Episode: 10
Steps per episode: 336
Epsilon 1.0000
Epsilon 0.9866
Epsilon 0.9732
Epsilon 0.9598
Epsilon 0.9464
Epsilon 0.9330
Epsilon 0.9196
Epsilon 0.9062
Epsilon 0.8928
Epsilon 0.8794
Iter 04 | Reward(mean±std): -16.28 ± 8.19 | Price(mean±std): 39.54 ± 13.10
Episode: 10
Steps per episode: 336
Epsilon 1.0000
Epsilon 0.9866
Epsilon 0.9732
Epsilon 0.9598
Epsilon 0.9464
Epsilon 0.9330
Epsilon 0.9196
Epsilon 0.9062
Epsilon 0.8928
Epsilon 0.8794
Iter 05 | Reward(mean±std): -16.29 ± 8.21 | Price(mean±std): 39.54 ± 13.13
Episode: 10
Steps per episode: 336
Epsilon 1.0000
Epsilon 0.9866
Epsilon 0.9732
Epsilon 0.9598
Epsilon 0.9464
Epsilon 0.9330
Epsilon 0.9196
Epsilon 0.9062
Epsilon 0.8928
Epsilon 0.8794
Iter 06 | Reward(mean±std): -16.40 ± 8.15 | Price(mean±std): 39.73 ± 13.04
Episode: 10
Steps per episode: 336
Epsilon 1.0000
Epsilon 0.9866
Epsilon 0.9732
Epsilon 0.9598
Epsilon 0.9464
Epsilon 0.9330
Epsilon 0.9196
Epsilon 0.9062
Epsilon 0.8928
Epsilon 0.8794
Iter 07 | Reward(mean±std): -15.85 ± 8.11 | Price(mean±std): 38.84 ± 12.98
Episode: 10
Steps per episode: 336
Epsilon 1.0000
Epsilon 0.9866
Epsilon 0.9732
Epsilon 0.9598
Epsilon 0.9464
Epsilon 0.9330
Epsilon 0.9196
Epsilon 0.9062
Epsilon 0.8928
Epsilon 0.8794
Iter 08 | Reward(mean±std): -16.15 ± 8.26 | Price(mean±std): 39.33 ± 13.21
Episode: 10
Steps per episode: 336
Epsilon 1.0000
Epsilon 0.9866
Epsilon 0.9732
Epsilon 0.9598
Epsilon 0.9464
Epsilon 0.9330
Epsilon 0.9196
Epsilon 0.9062
Epsilon 0.8928
Epsilon 0.8794
Iter 09 | Reward(mean±std): -15.59 ± 8.03 | Price(mean±std): 38.42 ± 12.85
Episode: 10
Steps per episode: 336
Epsilon 1.0000
Epsilon 0.9866
Epsilon 0.9732
Epsilon 0.9598
Epsilon 0.9464
Epsilon 0.9330
Epsilon 0.9196
Epsilon 0.9062
Epsilon 0.8928
Epsilon 0.8794
Iter 10 | Reward(mean±std): -15.22 ± 8.06 | Price(mean±std): 37.84 ± 12.89
Episode: 10
Steps per episode: 336
Epsilon 1.0000
Epsilon 0.9866
Epsilon 0.9732
Epsilon 0.9598
Epsilon 0.9464
Epsilon 0.9330
Epsilon 0.9196
Epsilon 0.9062
Epsilon 0.8928
Epsilon 0.8794
Iter 11 | Reward(mean±std): -15.33 ± 8.30 | Price(mean±std): 37.01 ± 13.38
Episode: 10
Steps per episode: 336
Epsilon 1.0000
Epsilon 0.9866
Epsilon 0.9732
Epsilon 0.9598
Epsilon 0.9464
Epsilon 0.9330
Epsilon 0.9196
Epsilon 0.9062
Epsilon 0.8928
Epsilon 0.8794
Iter 12 | Reward(mean±std): -14.93 ± 8.09 | Price(mean±std): 37.37 ± 12.95
Episode: 10
Steps per episode: 336
Epsilon 1.0000
Epsilon 0.9866
Epsilon 0.9732
Epsilon 0.9598
Epsilon 0.9464
Epsilon 0.9330
Epsilon 0.9196
Epsilon 0.9062
Epsilon 0.8928
Epsilon 0.8794
Iter 13 | Reward(mean±std): -15.90 ± 8.32 | Price(mean±std): 38.93 ± 13.31
Episode: 10
Steps per episode: 336
Epsilon 1.0000
Epsilon 0.9866
Epsilon 0.9732
Epsilon 0.9598
Epsilon 0.9464
Epsilon 0.9330
Epsilon 0.9196
Epsilon 0.9062
Epsilon 0.8928
Epsilon 0.8794
Iter 14 | Reward(mean±std): -14.92 ± 8.55 | Price(mean±std): 37.36 ± 13.67
Episode: 10
Steps per episode: 336
Epsilon 1.0000
Epsilon 0.9866
Epsilon 0.9732
Epsilon 0.9598
Epsilon 0.9464
Epsilon 0.9330
Epsilon 0.9196
Epsilon 0.9062
Epsilon 0.8928
Epsilon 0.8794
Iter 15 | Reward(mean±std): -15.11 ± 8.26 | Price(mean±std): 37.66 ± 13.21
Episode: 10
Steps per episode: 336
Epsilon 1.0000
Epsilon 0.9866
Epsilon 0.9732
Epsilon 0.9598
Epsilon 0.9464
Epsilon 0.9330
Epsilon 0.9196
Epsilon 0.9062
Epsilon 0.8928
Epsilon 0.8794
Iter 16 | Reward(mean±std): -15.79 ± 8.13 | Price(mean±std): 37.64 ± 12.85
Episode: 10
Steps per episode: 336
Epsilon 1.0000
Epsilon 0.9866
Epsilon 0.9732
Epsilon 0.9598
Epsilon 0.9464
Epsilon 0.9330
Epsilon 0.9196
Epsilon 0.9062
Epsilon 0.8928
Epsilon 0.8794
Iter 17 | Reward(mean±std): -14.57 ± 8.20 | Price(mean±std): 35.70 ± 12.70
Episode: 10
Steps per episode: 336
Epsilon 1.0000
Epsilon 0.9866
Epsilon 0.9732
Epsilon 0.9598
Epsilon 0.9464
Epsilon 0.9330
Epsilon 0.9196
Epsilon 0.9062
Epsilon 0.8928
Epsilon 0.8794
Iter 18 | Reward(mean±std): -15.25 ± 8.49 | Price(mean±std): 37.88 ± 13.58
Episode: 10
Steps per episode: 336
Epsilon 1.0000
Epsilon 0.9866
Epsilon 0.9732
Epsilon 0.9598
Epsilon 0.9464
Epsilon 0.9330
Epsilon 0.9196
Epsilon 0.9062
Epsilon 0.8928
Epsilon 0.8794
Iter 19 | Reward(mean±std): -14.50 ± 8.26 | Price(mean±std): 36.69 ± 13.22
Episode: 10
Steps per episode: 336
Epsilon 1.0000
Epsilon 0.9866
Epsilon 0.9732
Epsilon 0.9598
Epsilon 0.9464
Epsilon 0.9330
Epsilon 0.9196
Epsilon 0.9062
Epsilon 0.8928
Epsilon 0.8794
Iter 20 | Reward(mean±std): -15.54 ± 8.24 | Price(mean±std): 38.36 ± 13.18
Episode: 10
Steps per episode: 336
Epsilon 1.0000
Epsilon 0.9866
Epsilon 0.9732
Epsilon 0.9598
Epsilon 0.9464
Epsilon 0.9330
Epsilon 0.9196
Epsilon 0.9062
Epsilon 0.8928
Epsilon 0.8794
Iter 21 | Reward(mean±std): -15.03 ± 8.68 | Price(mean±std): 37.53 ± 13.89
Episode: 10
Steps per episode: 336
Epsilon 1.0000
Epsilon 0.9866
Epsilon 0.9732
Epsilon 0.9598
Epsilon 0.9464
Epsilon 0.9330
Epsilon 0.9196
Epsilon 0.9062
Epsilon 0.8928
Epsilon 0.8794
Iter 22 | Reward(mean±std): -14.64 ± 8.21 | Price(mean±std): 36.91 ± 13.13
Episode: 10
Steps per episode: 336
Epsilon 1.0000
Epsilon 0.9866
Epsilon 0.9732
Epsilon 0.9598
Epsilon 0.9464
Epsilon 0.9330
Epsilon 0.9196
Epsilon 0.9062
Epsilon 0.8928
Epsilon 0.8794
Iter 23 | Reward(mean±std): -14.82 ± 8.56 | Price(mean±std): 37.20 ± 13.70
Episode: 10
Steps per episode: 336
Epsilon 1.0000
Epsilon 0.9866
Epsilon 0.9732
Epsilon 0.9598
Epsilon 0.9464
Epsilon 0.9330
Epsilon 0.9196
Epsilon 0.9062
Epsilon 0.8928
Epsilon 0.8794
Iter 24 | Reward(mean±std): -16.22 ± 8.34 | Price(mean±std): 39.44 ± 13.34
Episode: 10
Steps per episode: 336
Epsilon 1.0000
Epsilon 0.9866
Epsilon 0.9732
Epsilon 0.9598
Epsilon 0.9464
Epsilon 0.9330
Epsilon 0.9196
Epsilon 0.9062
Epsilon 0.8928
Epsilon 0.8794
Iter 25 | Reward(mean±std): -14.57 ± 8.14 | Price(mean±std): 36.79 ± 13.03
Episode: 10
Steps per episode: 336
Epsilon 1.0000
Epsilon 0.9866
Epsilon 0.9732
Epsilon 0.9598
Epsilon 0.9464
Epsilon 0.9330
Epsilon 0.9196
Epsilon 0.9062
Epsilon 0.8928
Epsilon 0.8794
Iter 26 | Reward(mean±std): -15.75 ± 8.02 | Price(mean±std): 37.89 ± 13.20
Episode: 10
Steps per episode: 336
Epsilon 1.0000
Epsilon 0.9866
Epsilon 0.9732
Epsilon 0.9598
Epsilon 0.9464
Epsilon 0.9330
Epsilon 0.9196
Epsilon 0.9062
Epsilon 0.8928
Epsilon 0.8794
Iter 27 | Reward(mean±std): -15.56 ± 8.12 | Price(mean±std): 38.38 ± 12.99
Episode: 10
Steps per episode: 336
Epsilon 1.0000
Epsilon 0.9866
Epsilon 0.9732
Epsilon 0.9598
Epsilon 0.9464
Epsilon 0.9330
Epsilon 0.9196
Epsilon 0.9062
Epsilon 0.8928
Epsilon 0.8794
Iter 28 | Reward(mean±std): -16.05 ± 8.42 | Price(mean±std): 39.07 ± 13.50
Episode: 10
Steps per episode: 336
Epsilon 1.0000
Epsilon 0.9866
Epsilon 0.9732
Epsilon 0.9598
Epsilon 0.9464
Epsilon 0.9330
Epsilon 0.9196
Epsilon 0.9062
Epsilon 0.8928
Epsilon 0.8794
Iter 29 | Reward(mean±std): -14.28 ± 8.00 | Price(mean±std): 36.33 ± 12.80
Episode: 10
Steps per episode: 336
Epsilon 1.0000
Epsilon 0.9866
Epsilon 0.9732
Epsilon 0.9598
Epsilon 0.9464
Epsilon 0.9330
Epsilon 0.9196
Epsilon 0.9062
Epsilon 0.8928
Epsilon 0.8794
Iter 30 | Reward(mean±std): -18.43 ± 7.15 | Price(mean±std): 36.68 ± 12.22
Episode: 10
Steps per episode: 336
Epsilon 1.0000
Epsilon 0.9866
Epsilon 0.9732
Epsilon 0.9598
Epsilon 0.9464
Epsilon 0.9330
Epsilon 0.9196
Epsilon 0.9062
Epsilon 0.8928
Epsilon 0.8794
Iter 31 | Reward(mean±std): -15.85 ± 8.59 | Price(mean±std): 38.84 ± 13.74
Episode: 10
Steps per episode: 336
Epsilon 1.0000
Epsilon 0.9866
Epsilon 0.9732
Epsilon 0.9598
Epsilon 0.9464
Epsilon 0.9330
Epsilon 0.9196
Epsilon 0.9062
Epsilon 0.8928
Epsilon 0.8794
Iter 32 | Reward(mean±std): -15.10 ± 8.24 | Price(mean±std): 37.64 ± 13.19
Episode: 10
Steps per episode: 336
Epsilon 1.0000
Epsilon 0.9866
Epsilon 0.9732
Epsilon 0.9598
Epsilon 0.9464
Epsilon 0.9330
Epsilon 0.9196
Epsilon 0.9062
Epsilon 0.8928
Epsilon 0.8794
Iter 33 | Reward(mean±std): -16.72 ± 8.43 | Price(mean±std): 40.23 ± 13.49
Episode: 10
Steps per episode: 336
Epsilon 1.0000
Epsilon 0.9866
Epsilon 0.9732
Epsilon 0.9598
Epsilon 0.9464
Epsilon 0.9330
Epsilon 0.9196
Epsilon 0.9062
Epsilon 0.8928
Epsilon 0.8794
Iter 34 | Reward(mean±std): -15.37 ± 7.91 | Price(mean±std): 36.48 ± 12.15
Episode: 10
Steps per episode: 336
Epsilon 1.0000
Epsilon 0.9866
Epsilon 0.9732
Epsilon 0.9598
Epsilon 0.9464
Epsilon 0.9330
Epsilon 0.9196
Epsilon 0.9062
Epsilon 0.8928
Epsilon 0.8794
Iter 35 | Reward(mean±std): -15.32 ± 8.12 | Price(mean±std): 37.99 ± 13.00
Episode: 10
Steps per episode: 336
Epsilon 1.0000
Epsilon 0.9866
Epsilon 0.9732
Epsilon 0.9598
Epsilon 0.9464
Epsilon 0.9330
Epsilon 0.9196
Epsilon 0.9062
Epsilon 0.8928
Epsilon 0.8794
Iter 36 | Reward(mean±std): -20.29 ± 13.47 | Price(mean±std): 41.05 ± 14.12
Episode: 10
Steps per episode: 336
Epsilon 1.0000
Epsilon 0.9866
Epsilon 0.9732
Epsilon 0.9598
Epsilon 0.9464
Epsilon 0.9330
Epsilon 0.9196
Epsilon 0.9062
Epsilon 0.8928
Epsilon 0.8794
Iter 37 | Reward(mean±std): -18.45 ± 10.58 | Price(mean±std): 38.50 ± 14.14
Episode: 10
Steps per episode: 336
Epsilon 1.0000
Epsilon 0.9866
Epsilon 0.9732
Epsilon 0.9598
Epsilon 0.9464
Epsilon 0.9330
Epsilon 0.9196
Epsilon 0.9062
Epsilon 0.8928
Epsilon 0.8794
Iter 38 | Reward(mean±std): -15.55 ± 8.16 | Price(mean±std): 38.37 ± 13.05
Episode: 10
Steps per episode: 336
Epsilon 1.0000
Epsilon 0.9866
Epsilon 0.9732
Epsilon 0.9598
Epsilon 0.9464
Epsilon 0.9330
Epsilon 0.9196
Epsilon 0.9062
Epsilon 0.8928
Epsilon 0.8794
Iter 39 | Reward(mean±std): -15.27 ± 8.19 | Price(mean±std): 37.92 ± 13.11

Best mean price over checkpoints: 35.70
Last raw mean reward: -15.27
Last smoothed mean reward (window=5): -16.98
  [EXTENDED] final evaluation with best weights...
Deterministic eval: epsilon = 0.0 (greedy)
Episode: 1
Steps per episode: 17535
Epsilon 0.0000
Final price: 1862.36 EUR
    DQN cost: 1862.36 EUR  (improvement: 12.0%  fraction of theoretical: 45.2%)
    Saved user_104_extended_price_comparison.pdf / .png
  [done] user 104 written to CSV.

[14/30]
============================================================
USER 172  (cluster 13)
============================================================
  [setup] imports...
Using Apple Silicon MPS Acceleration

Tensor created on device: mps:0
  [setup] data loading...
  [setup] preprocessing...
Detected step: 30.0 min | KorakovNaDan=48 | BatMaxPolnjenje=3.000 | BatMaxPraznjenje=3.000
Using Scaler: RobustScaler
                           Energy_Consumption  ...  SMP_OutlierFlag
Timestamp_UTC                                  ...                 
2010-07-01 00:30:00+00:00            0.107884  ...              0.0
2010-07-01 01:00:00+00:00            0.004149  ...              0.0
2010-07-01 01:30:00+00:00           -0.012448  ...              0.0
2010-07-01 02:00:00+00:00           -0.016598  ...              0.0
2010-07-01 02:30:00+00:00           -0.087137  ...              0.0

[5 rows x 4 columns]
Notebook DQN now uses HouseholdEnvironment directly
  [setup] DQN class & Learning_DQN...
  [baselines] test env + MILP function...
  [baselines] SARSA agents + random DQN eval...
cena po optimizaciji 1446.3602741490326
Random eval: epsilon = 1.0
Episode: 1
Steps per episode: 17535
Epsilon 1.0000
Final price: 2726.78 EUR
  [baselines] no-battery agent...
  [baselines] MILP benchmark (this may take several minutes)...
Building MILP Model...
Solving over 17535 steps... (This may take a moment)

--- MILP Optimization Complete ---
Total Electricity Cost (Inc GST & Fixed): $898.0787
Total RL Equivalent Reward: -120.1082
    No-battery cost: 1187.68 EUR | MILP cost: 898.08 EUR
  [BASIC] training (100 episodes)...
Reset requested: removed old DQN checkpoint.
Episode: 100
Steps per episode: 336
Epsilon 1.0000
Epsilon 0.9942
Epsilon 0.9808
Epsilon 0.9674
Epsilon 0.9540
Epsilon 0.9406
Epsilon 0.9272
Epsilon 0.9138
Epsilon 0.9004
Epsilon 0.8870
Epsilon 0.8736
Epsilon 0.8602
Epsilon 0.8468
Epsilon 0.8334
Epsilon 0.8200
Epsilon 0.8066
Epsilon 0.7932
Epsilon 0.7798
Epsilon 0.7664
Epsilon 0.7530
Epsilon 0.7396
Epsilon 0.7262
Epsilon 0.7128
Epsilon 0.6994
Epsilon 0.6860
Epsilon 0.6726
Epsilon 0.6592
Epsilon 0.6458
Epsilon 0.6324
Epsilon 0.6190
Epsilon 0.6056
Epsilon 0.5922
Epsilon 0.5788
Epsilon 0.5654
Epsilon 0.5520
Epsilon 0.5386
Epsilon 0.5252
Epsilon 0.5118
Epsilon 0.4984
Epsilon 0.4850
Epsilon 0.4716
Epsilon 0.4582
Epsilon 0.4448
Epsilon 0.4314
Epsilon 0.4180
Epsilon 0.4046
Epsilon 0.3912
Epsilon 0.3778
Epsilon 0.3644
Epsilon 0.3510
Epsilon 0.3376
Epsilon 0.3242
Epsilon 0.3108
Epsilon 0.2974
Epsilon 0.2840
Epsilon 0.2706
Epsilon 0.2572
Epsilon 0.2438
Epsilon 0.2304
Epsilon 0.2170
Epsilon 0.2036
Epsilon 0.1902
Epsilon 0.1768
Epsilon 0.1634
Epsilon 0.1500
Epsilon 0.1366
Epsilon 0.1232
Epsilon 0.1098
Epsilon 0.0964
Epsilon 0.0830
Epsilon 0.0696
Epsilon 0.0562
Epsilon 0.0428
Epsilon 0.0294
Epsilon 0.0160
Epsilon 0.0100
Epsilon 0.0100
Epsilon 0.0100
Epsilon 0.0100
Epsilon 0.0100
Epsilon 0.0100
Epsilon 0.0100
Epsilon 0.0100
Epsilon 0.0100
Epsilon 0.0100
Epsilon 0.0100
Epsilon 0.0100
Epsilon 0.0100
Epsilon 0.0100
Epsilon 0.0100
Epsilon 0.0100
Epsilon 0.0100
Epsilon 0.0100
Epsilon 0.0100
Epsilon 0.0100
Epsilon 0.0100
Epsilon 0.0100
Epsilon 0.0100
Epsilon 0.0100
Epsilon 0.0100
  [BASIC] evaluation...
Deterministic eval: epsilon = 0.0 (greedy)
Episode: 1
Steps per episode: 17535
Epsilon 0.0000
Final price: 1151.40 EUR
    DQN cost: 1151.40 EUR  (improvement: 3.1%  fraction of theoretical: 12.5%)
    Saved user_172_basic_price_comparison.pdf / .png
  [EXTENDED] convergence training (40 x 10 episodes with eval)...
Reset requested: removed old DQN checkpoint.
Episode: 10
Steps per episode: 336
Epsilon 1.0000
Epsilon 0.9942
Epsilon 0.9808
Epsilon 0.9674
Epsilon 0.9540
Epsilon 0.9406
Epsilon 0.9272
Epsilon 0.9138
Epsilon 0.9004
Epsilon 0.8870
Episode: 10
Steps per episode: 336
Epsilon 1.0000
Epsilon 0.9866
Epsilon 0.9732
Epsilon 0.9598
Epsilon 0.9464
Epsilon 0.9330
Epsilon 0.9196
Epsilon 0.9062
Epsilon 0.8928
Epsilon 0.8794
Iter 00 | Reward(mean±std): -6.10 ± 3.69 | Price(mean±std): 23.25 ± 5.90
Episode: 10
Steps per episode: 336
Epsilon 1.0000
Epsilon 0.9866
Epsilon 0.9732
Epsilon 0.9598
Epsilon 0.9464
Epsilon 0.9330
Epsilon 0.9196
Epsilon 0.9062
Epsilon 0.8928
Epsilon 0.8794
Iter 01 | Reward(mean±std): -5.49 ± 3.95 | Price(mean±std): 22.07 ± 5.85
Episode: 10
Steps per episode: 336
Epsilon 1.0000
Epsilon 0.9866
Epsilon 0.9732
Epsilon 0.9598
Epsilon 0.9464
Epsilon 0.9330
Epsilon 0.9196
Epsilon 0.9062
Epsilon 0.8928
Epsilon 0.8794
Iter 02 | Reward(mean±std): -6.59 ± 5.36 | Price(mean±std): 22.92 ± 5.92
Episode: 10
Steps per episode: 336
Epsilon 1.0000
Epsilon 0.9866
Epsilon 0.9732
Epsilon 0.9598
Epsilon 0.9464
Epsilon 0.9330
Epsilon 0.9196
Epsilon 0.9062
Epsilon 0.8928
Epsilon 0.8794
Iter 03 | Reward(mean±std): -5.84 ± 3.72 | Price(mean±std): 22.83 ± 5.96
Episode: 10
Steps per episode: 336
Epsilon 1.0000
Epsilon 0.9866
Epsilon 0.9732
Epsilon 0.9598
Epsilon 0.9464
Epsilon 0.9330
Epsilon 0.9196
Epsilon 0.9062
Epsilon 0.8928
Epsilon 0.8794
Iter 04 | Reward(mean±std): -5.50 ± 3.93 | Price(mean±std): 22.28 ± 6.29
Episode: 10
Steps per episode: 336
Epsilon 1.0000
Epsilon 0.9866
Epsilon 0.9732
Epsilon 0.9598
Epsilon 0.9464
Epsilon 0.9330
Epsilon 0.9196
Epsilon 0.9062
Epsilon 0.8928
Epsilon 0.8794
Iter 05 | Reward(mean±std): -5.96 ± 3.75 | Price(mean±std): 23.02 ± 6.00
Episode: 10
Steps per episode: 336
Epsilon 1.0000
Epsilon 0.9866
Epsilon 0.9732
Epsilon 0.9598
Epsilon 0.9464
Epsilon 0.9330
Epsilon 0.9196
Epsilon 0.9062
Epsilon 0.8928
Epsilon 0.8794
Iter 06 | Reward(mean±std): -5.27 ± 3.59 | Price(mean±std): 21.93 ± 5.74
Episode: 10
Steps per episode: 336
Epsilon 1.0000
Epsilon 0.9866
Epsilon 0.9732
Epsilon 0.9598
Epsilon 0.9464
Epsilon 0.9330
Epsilon 0.9196
Epsilon 0.9062
Epsilon 0.8928
Epsilon 0.8794
Iter 07 | Reward(mean±std): -5.98 ± 3.75 | Price(mean±std): 23.05 ± 6.00
Episode: 10
Steps per episode: 336
Epsilon 1.0000
Epsilon 0.9866
Epsilon 0.9732
Epsilon 0.9598
Epsilon 0.9464
Epsilon 0.9330
Epsilon 0.9196
Epsilon 0.9062
Epsilon 0.8928
Epsilon 0.8794
Iter 08 | Reward(mean±std): -6.21 ± 3.72 | Price(mean±std): 23.42 ± 5.96
Episode: 10
Steps per episode: 336
Epsilon 1.0000
Epsilon 0.9866
Epsilon 0.9732
Epsilon 0.9598
Epsilon 0.9464
Epsilon 0.9330
Epsilon 0.9196
Epsilon 0.9062
Epsilon 0.8928
Epsilon 0.8794
Iter 09 | Reward(mean±std): -6.60 ± 3.58 | Price(mean±std): 24.04 ± 5.73
Episode: 10
Steps per episode: 336
Epsilon 1.0000
Epsilon 0.9866
Epsilon 0.9732
Epsilon 0.9598
Epsilon 0.9464
Epsilon 0.9330
Epsilon 0.9196
Epsilon 0.9062
Epsilon 0.8928
Epsilon 0.8794
Iter 10 | Reward(mean±std): -5.11 ± 3.73 | Price(mean±std): 21.66 ± 5.96
Episode: 10
Steps per episode: 336
Epsilon 1.0000
Epsilon 0.9866
Epsilon 0.9732
Epsilon 0.9598
Epsilon 0.9464
Epsilon 0.9330
Epsilon 0.9196
Epsilon 0.9062
Epsilon 0.8928
Epsilon 0.8794
Iter 11 | Reward(mean±std): -6.36 ± 3.66 | Price(mean±std): 23.66 ± 5.86
Episode: 10
Steps per episode: 336
Epsilon 1.0000
Epsilon 0.9866
Epsilon 0.9732
Epsilon 0.9598
Epsilon 0.9464
Epsilon 0.9330
Epsilon 0.9196
Epsilon 0.9062
Epsilon 0.8928
Epsilon 0.8794
Iter 12 | Reward(mean±std): -6.42 ± 4.18 | Price(mean±std): 23.56 ± 6.21
Episode: 10
Steps per episode: 336
Epsilon 1.0000
Epsilon 0.9866
Epsilon 0.9732
Epsilon 0.9598
Epsilon 0.9464
Epsilon 0.9330
Epsilon 0.9196
Epsilon 0.9062
Epsilon 0.8928
Epsilon 0.8794
Iter 13 | Reward(mean±std): -5.63 ± 3.71 | Price(mean±std): 22.49 ± 5.94
Episode: 10
Steps per episode: 336
Epsilon 1.0000
Epsilon 0.9866
Epsilon 0.9732
Epsilon 0.9598
Epsilon 0.9464
Epsilon 0.9330
Epsilon 0.9196
Epsilon 0.9062
Epsilon 0.8928
Epsilon 0.8794
Iter 14 | Reward(mean±std): -5.55 ± 3.91 | Price(mean±std): 22.37 ± 6.26
Episode: 10
Steps per episode: 336
Epsilon 1.0000
Epsilon 0.9866
Epsilon 0.9732
Epsilon 0.9598
Epsilon 0.9464
Epsilon 0.9330
Epsilon 0.9196
Epsilon 0.9062
Epsilon 0.8928
Epsilon 0.8794
Iter 15 | Reward(mean±std): -5.54 ± 4.13 | Price(mean±std): 22.34 ± 6.60
Episode: 10
Steps per episode: 336
Epsilon 1.0000
Epsilon 0.9866
Epsilon 0.9732
Epsilon 0.9598
Epsilon 0.9464
Epsilon 0.9330
Epsilon 0.9196
Epsilon 0.9062
Epsilon 0.8928
Epsilon 0.8794
Iter 16 | Reward(mean±std): -5.49 ± 3.90 | Price(mean±std): 22.27 ± 6.23
Episode: 10
Steps per episode: 336
Epsilon 1.0000
Epsilon 0.9866
Epsilon 0.9732
Epsilon 0.9598
Epsilon 0.9464
Epsilon 0.9330
Epsilon 0.9196
Epsilon 0.9062
Epsilon 0.8928
Epsilon 0.8794
Iter 17 | Reward(mean±std): -5.27 ± 3.82 | Price(mean±std): 21.92 ± 6.11
Episode: 10
Steps per episode: 336
Epsilon 1.0000
Epsilon 0.9866
Epsilon 0.9732
Epsilon 0.9598
Epsilon 0.9464
Epsilon 0.9330
Epsilon 0.9196
Epsilon 0.9062
Epsilon 0.8928
Epsilon 0.8794
Iter 18 | Reward(mean±std): -5.72 ± 3.83 | Price(mean±std): 22.65 ± 6.13
Episode: 10
Steps per episode: 336
Epsilon 1.0000
Epsilon 0.9866
Epsilon 0.9732
Epsilon 0.9598
Epsilon 0.9464
Epsilon 0.9330
Epsilon 0.9196
Epsilon 0.9062
Epsilon 0.8928
Epsilon 0.8794
Iter 19 | Reward(mean±std): -6.23 ± 3.76 | Price(mean±std): 23.45 ± 6.02
Episode: 10
Steps per episode: 336
Epsilon 1.0000
Epsilon 0.9866
Epsilon 0.9732
Epsilon 0.9598
Epsilon 0.9464
Epsilon 0.9330
Epsilon 0.9196
Epsilon 0.9062
Epsilon 0.8928
Epsilon 0.8794
Iter 20 | Reward(mean±std): -5.83 ± 3.59 | Price(mean±std): 22.81 ± 5.74
Episode: 10
Steps per episode: 336
Epsilon 1.0000
Epsilon 0.9866
Epsilon 0.9732
Epsilon 0.9598
Epsilon 0.9464
Epsilon 0.9330
Epsilon 0.9196
Epsilon 0.9062
Epsilon 0.8928
Epsilon 0.8794
Iter 21 | Reward(mean±std): -5.29 ± 3.89 | Price(mean±std): 21.95 ± 6.22
Episode: 10
Steps per episode: 336
Epsilon 1.0000
Epsilon 0.9866
Epsilon 0.9732
Epsilon 0.9598
Epsilon 0.9464
Epsilon 0.9330
Epsilon 0.9196
Epsilon 0.9062
Epsilon 0.8928
Epsilon 0.8794
Iter 22 | Reward(mean±std): -6.11 ± 4.68 | Price(mean±std): 22.66 ± 6.07
Episode: 10
Steps per episode: 336
Epsilon 1.0000
Epsilon 0.9866
Epsilon 0.9732
Epsilon 0.9598
Epsilon 0.9464
Epsilon 0.9330
Epsilon 0.9196
Epsilon 0.9062
Epsilon 0.8928
Epsilon 0.8794
Iter 23 | Reward(mean±std): -5.63 ± 3.83 | Price(mean±std): 22.50 ± 6.13
Episode: 10
Steps per episode: 336
Epsilon 1.0000
Epsilon 0.9866
Epsilon 0.9732
Epsilon 0.9598
Epsilon 0.9464
Epsilon 0.9330
Epsilon 0.9196
Epsilon 0.9062
Epsilon 0.8928
Epsilon 0.8794
Iter 24 | Reward(mean±std): -6.22 ± 3.90 | Price(mean±std): 23.44 ± 6.23
Episode: 10
Steps per episode: 336
Epsilon 1.0000
Epsilon 0.9866
Epsilon 0.9732
Epsilon 0.9598
Epsilon 0.9464
Epsilon 0.9330
Epsilon 0.9196
Epsilon 0.9062
Epsilon 0.8928
Epsilon 0.8794
Iter 25 | Reward(mean±std): -4.60 ± 3.38 | Price(mean±std): 20.85 ± 5.41
Episode: 10
Steps per episode: 336
Epsilon 1.0000
Epsilon 0.9866
Epsilon 0.9732
Epsilon 0.9598
Epsilon 0.9464
Epsilon 0.9330
Epsilon 0.9196
Epsilon 0.9062
Epsilon 0.8928
Epsilon 0.8794
Iter 26 | Reward(mean±std): -5.09 ± 3.76 | Price(mean±std): 21.63 ± 6.01
Episode: 10
Steps per episode: 336
Epsilon 1.0000
Epsilon 0.9866
Epsilon 0.9732
Epsilon 0.9598
Epsilon 0.9464
Epsilon 0.9330
Epsilon 0.9196
Epsilon 0.9062
Epsilon 0.8928
Epsilon 0.8794
Iter 27 | Reward(mean±std): -5.47 ± 4.10 | Price(mean±std): 22.24 ± 6.56
Episode: 10
Steps per episode: 336
Epsilon 1.0000
Epsilon 0.9866
Epsilon 0.9732
Epsilon 0.9598
Epsilon 0.9464
Epsilon 0.9330
Epsilon 0.9196
Epsilon 0.9062
Epsilon 0.8928
Epsilon 0.8794
Iter 28 | Reward(mean±std): -5.98 ± 3.78 | Price(mean±std): 23.05 ± 6.05
Episode: 10
Steps per episode: 336
Epsilon 1.0000
Epsilon 0.9866
Epsilon 0.9732
Epsilon 0.9598
Epsilon 0.9464
Epsilon 0.9330
Epsilon 0.9196
Epsilon 0.9062
Epsilon 0.8928
Epsilon 0.8794
Iter 29 | Reward(mean±std): -5.80 ± 3.88 | Price(mean±std): 22.76 ± 6.20
Episode: 10
Steps per episode: 336
Epsilon 1.0000
Epsilon 0.9866
Epsilon 0.9732
Epsilon 0.9598
Epsilon 0.9464
Epsilon 0.9330
Epsilon 0.9196
Epsilon 0.9062
Epsilon 0.8928
Epsilon 0.8794
Iter 30 | Reward(mean±std): -5.55 ± 4.09 | Price(mean±std): 22.37 ± 6.54
Episode: 10
Steps per episode: 336
Epsilon 1.0000
Epsilon 0.9866
Epsilon 0.9732
Epsilon 0.9598
Epsilon 0.9464
Epsilon 0.9330
Epsilon 0.9196
Epsilon 0.9062
Epsilon 0.8928
Epsilon 0.8794
Iter 31 | Reward(mean±std): -5.05 ± 3.95 | Price(mean±std): 21.57 ± 6.31
Episode: 10
Steps per episode: 336
Epsilon 1.0000
Epsilon 0.9866
Epsilon 0.9732
Epsilon 0.9598
Epsilon 0.9464
Epsilon 0.9330
Epsilon 0.9196
Epsilon 0.9062
Epsilon 0.8928
Epsilon 0.8794
Iter 32 | Reward(mean±std): -4.41 ± 3.72 | Price(mean±std): 20.54 ± 5.95
Episode: 10
Steps per episode: 336
Epsilon 1.0000
Epsilon 0.9866
Epsilon 0.9732
Epsilon 0.9598
Epsilon 0.9464
Epsilon 0.9330
Epsilon 0.9196
Epsilon 0.9062
Epsilon 0.8928
Epsilon 0.8794
Iter 33 | Reward(mean±std): -6.10 ± 3.78 | Price(mean±std): 23.25 ± 6.05
Episode: 10
Steps per episode: 336
Epsilon 1.0000
Epsilon 0.9866
Epsilon 0.9732
Epsilon 0.9598
Epsilon 0.9464
Epsilon 0.9330
Epsilon 0.9196
Epsilon 0.9062
Epsilon 0.8928
Epsilon 0.8794
Iter 34 | Reward(mean±std): -5.61 ± 3.44 | Price(mean±std): 22.46 ± 5.51
Episode: 10
Steps per episode: 336
Epsilon 1.0000
Epsilon 0.9866
Epsilon 0.9732
Epsilon 0.9598
Epsilon 0.9464
Epsilon 0.9330
Epsilon 0.9196
Epsilon 0.9062
Epsilon 0.8928
Epsilon 0.8794
Iter 35 | Reward(mean±std): -5.73 ± 3.76 | Price(mean±std): 22.66 ± 6.01
Episode: 10
Steps per episode: 336
Epsilon 1.0000
Epsilon 0.9866
Epsilon 0.9732
Epsilon 0.9598
Epsilon 0.9464
Epsilon 0.9330
Epsilon 0.9196
Epsilon 0.9062
Epsilon 0.8928
Epsilon 0.8794
Iter 36 | Reward(mean±std): -4.65 ± 3.28 | Price(mean±std): 20.93 ± 5.25
Episode: 10
Steps per episode: 336
Epsilon 1.0000
Epsilon 0.9866
Epsilon 0.9732
Epsilon 0.9598
Epsilon 0.9464
Epsilon 0.9330
Epsilon 0.9196
Epsilon 0.9062
Epsilon 0.8928
Epsilon 0.8794
Iter 37 | Reward(mean±std): -5.19 ± 3.94 | Price(mean±std): 21.79 ± 6.30
Episode: 10
Steps per episode: 336
Epsilon 1.0000
Epsilon 0.9866
Epsilon 0.9732
Epsilon 0.9598
Epsilon 0.9464
Epsilon 0.9330
Epsilon 0.9196
Epsilon 0.9062
Epsilon 0.8928
Epsilon 0.8794
Iter 38 | Reward(mean±std): -5.74 ± 3.74 | Price(mean±std): 22.67 ± 5.99
Episode: 10
Steps per episode: 336
Epsilon 1.0000
Epsilon 0.9866
Epsilon 0.9732
Epsilon 0.9598
Epsilon 0.9464
Epsilon 0.9330
Epsilon 0.9196
Epsilon 0.9062
Epsilon 0.8928
Epsilon 0.8794
Iter 39 | Reward(mean±std): -5.80 ± 3.62 | Price(mean±std): 22.77 ± 5.80

Best mean price over checkpoints: 20.54
Last raw mean reward: -5.80
Last smoothed mean reward (window=5): -5.42
  [EXTENDED] final evaluation with best weights...
Deterministic eval: epsilon = 0.0 (greedy)
Episode: 1
Steps per episode: 17535
Epsilon 0.0000
Final price: 1020.15 EUR
    DQN cost: 1020.15 EUR  (improvement: 14.1%  fraction of theoretical: 57.8%)
    Saved user_172_extended_price_comparison.pdf / .png
  [done] user 172 written to CSV.

[15/30]
============================================================
USER 29  (cluster 14)
============================================================
  [setup] imports...
Using Apple Silicon MPS Acceleration

Tensor created on device: mps:0
  [setup] data loading...
  [setup] preprocessing...
Detected step: 30.0 min | KorakovNaDan=48 | BatMaxPolnjenje=3.000 | BatMaxPraznjenje=3.000
Using Scaler: RobustScaler
                           Energy_Consumption  ...  SMP_OutlierFlag
Timestamp_UTC                                  ...                 
2010-07-01 00:30:00+00:00            0.088983  ...              0.0
2010-07-01 01:00:00+00:00           -0.105932  ...              0.0
2010-07-01 01:30:00+00:00           -0.021186  ...              0.0
2010-07-01 02:00:00+00:00            0.122881  ...              0.0
2010-07-01 02:30:00+00:00           -0.029661  ...              0.0

[5 rows x 4 columns]
Notebook DQN now uses HouseholdEnvironment directly
  [setup] DQN class & Learning_DQN...
  [baselines] test env + MILP function...
  [baselines] SARSA agents + random DQN eval...
cena po optimizaciji 1572.5198840959447
Random eval: epsilon = 1.0
Episode: 1
Steps per episode: 17535
Epsilon 1.0000
Final price: 2751.49 EUR
  [baselines] no-battery agent...
  [baselines] MILP benchmark (this may take several minutes)...
Building MILP Model...
Solving over 17535 steps... (This may take a moment)

--- MILP Optimization Complete ---
Total Electricity Cost (Inc GST & Fixed): $880.6402
Total RL Equivalent Reward: -109.2092
    No-battery cost: 1265.11 EUR | MILP cost: 880.64 EUR
  [BASIC] training (100 episodes)...
Reset requested: removed old DQN checkpoint.
Episode: 100
Steps per episode: 336
Epsilon 1.0000
Epsilon 0.9942
Epsilon 0.9808
Epsilon 0.9674
Epsilon 0.9540
Epsilon 0.9406
Epsilon 0.9272
Epsilon 0.9138
Epsilon 0.9004
Epsilon 0.8870
Epsilon 0.8736
Epsilon 0.8602
Epsilon 0.8468
Epsilon 0.8334
Epsilon 0.8200
Epsilon 0.8066
Epsilon 0.7932
Epsilon 0.7798
Epsilon 0.7664
Epsilon 0.7530
Epsilon 0.7396
Epsilon 0.7262
Epsilon 0.7128
Epsilon 0.6994
Epsilon 0.6860
Epsilon 0.6726
Epsilon 0.6592
Epsilon 0.6458
Epsilon 0.6324
Epsilon 0.6190
Epsilon 0.6056
Epsilon 0.5922
Epsilon 0.5788
Epsilon 0.5654
Epsilon 0.5520
Epsilon 0.5386
Epsilon 0.5252
Epsilon 0.5118
Epsilon 0.4984
Epsilon 0.4850
Epsilon 0.4716
Epsilon 0.4582
Epsilon 0.4448
Epsilon 0.4314
Epsilon 0.4180
Epsilon 0.4046
Epsilon 0.3912
Epsilon 0.3778
Epsilon 0.3644
Epsilon 0.3510
Epsilon 0.3376
Epsilon 0.3242
Epsilon 0.3108
Epsilon 0.2974
Epsilon 0.2840
Epsilon 0.2706
Epsilon 0.2572
Epsilon 0.2438
Epsilon 0.2304
Epsilon 0.2170
Epsilon 0.2036
Epsilon 0.1902
Epsilon 0.1768
Epsilon 0.1634
Epsilon 0.1500
Epsilon 0.1366
Epsilon 0.1232
Epsilon 0.1098
Epsilon 0.0964
Epsilon 0.0830
Epsilon 0.0696
Epsilon 0.0562
Epsilon 0.0428
Epsilon 0.0294
Epsilon 0.0160
Epsilon 0.0100
Epsilon 0.0100
Epsilon 0.0100
Epsilon 0.0100
Epsilon 0.0100
Epsilon 0.0100
Epsilon 0.0100
Epsilon 0.0100
Epsilon 0.0100
Epsilon 0.0100
Epsilon 0.0100
Epsilon 0.0100
Epsilon 0.0100
Epsilon 0.0100
Epsilon 0.0100
Epsilon 0.0100
Epsilon 0.0100
Epsilon 0.0100
Epsilon 0.0100
Epsilon 0.0100
Epsilon 0.0100
Epsilon 0.0100
Epsilon 0.0100
Epsilon 0.0100
Epsilon 0.0100
  [BASIC] evaluation...
Deterministic eval: epsilon = 0.0 (greedy)
Episode: 1
Steps per episode: 17535
Epsilon 0.0000
Final price: 1304.09 EUR
    DQN cost: 1304.09 EUR  (improvement: -3.1%  fraction of theoretical: -10.1%)
    Saved user_29_basic_price_comparison.pdf / .png
  [EXTENDED] convergence training (40 x 10 episodes with eval)...
Reset requested: removed old DQN checkpoint.
Episode: 10
Steps per episode: 336
Epsilon 1.0000
Epsilon 0.9942
Epsilon 0.9808
Epsilon 0.9674
Epsilon 0.9540
Epsilon 0.9406
Epsilon 0.9272
Epsilon 0.9138
Epsilon 0.9004
Epsilon 0.8870
Episode: 10
Steps per episode: 336
Epsilon 1.0000
Epsilon 0.9866
Epsilon 0.9732
Epsilon 0.9598
Epsilon 0.9464
Epsilon 0.9330
Epsilon 0.9196
Epsilon 0.9062
Epsilon 0.8928
Epsilon 0.8794
Iter 00 | Reward(mean±std): -128.67 ± 27.68 | Price(mean±std): 22.36 ± 6.59
Episode: 10
Steps per episode: 336
Epsilon 1.0000
Epsilon 0.9866
Epsilon 0.9732
Epsilon 0.9598
Epsilon 0.9464
Epsilon 0.9330
Epsilon 0.9196
Epsilon 0.9062
Epsilon 0.8928
Epsilon 0.8794
Iter 01 | Reward(mean±std): -17.37 ± 31.75 | Price(mean±std): 20.78 ± 6.60
Episode: 10
Steps per episode: 336
Epsilon 1.0000
Epsilon 0.9866
Epsilon 0.9732
Epsilon 0.9598
Epsilon 0.9464
Epsilon 0.9330
Epsilon 0.9196
Epsilon 0.9062
Epsilon 0.8928
Epsilon 0.8794
Iter 02 | Reward(mean±std): -19.06 ± 27.12 | Price(mean±std): 20.79 ± 6.85
Episode: 10
Steps per episode: 336
Epsilon 1.0000
Epsilon 0.9866
Epsilon 0.9732
Epsilon 0.9598
Epsilon 0.9464
Epsilon 0.9330
Epsilon 0.9196
Epsilon 0.9062
Epsilon 0.8928
Epsilon 0.8794
Iter 03 | Reward(mean±std): -23.40 ± 28.55 | Price(mean±std): 21.12 ± 6.68
Episode: 10
Steps per episode: 336
Epsilon 1.0000
Epsilon 0.9866
Epsilon 0.9732
Epsilon 0.9598
Epsilon 0.9464
Epsilon 0.9330
Epsilon 0.9196
Epsilon 0.9062
Epsilon 0.8928
Epsilon 0.8794
Iter 04 | Reward(mean±std): -4.08 ± 4.08 | Price(mean±std): 20.02 ± 6.52
Episode: 10
Steps per episode: 336
Epsilon 1.0000
Epsilon 0.9866
Epsilon 0.9732
Epsilon 0.9598
Epsilon 0.9464
Epsilon 0.9330
Epsilon 0.9196
Epsilon 0.9062
Epsilon 0.8928
Epsilon 0.8794
Iter 05 | Reward(mean±std): -5.80 ± 5.49 | Price(mean±std): 21.77 ± 6.59
Episode: 10
Steps per episode: 336
Epsilon 1.0000
Epsilon 0.9866
Epsilon 0.9732
Epsilon 0.9598
Epsilon 0.9464
Epsilon 0.9330
Epsilon 0.9196
Epsilon 0.9062
Epsilon 0.8928
Epsilon 0.8794
Iter 06 | Reward(mean±std): -4.90 ± 3.69 | Price(mean±std): 21.32 ± 5.90
Episode: 10
Steps per episode: 336
Epsilon 1.0000
Epsilon 0.9866
Epsilon 0.9732
Epsilon 0.9598
Epsilon 0.9464
Epsilon 0.9330
Epsilon 0.9196
Epsilon 0.9062
Epsilon 0.8928
Epsilon 0.8794
Iter 07 | Reward(mean±std): -4.92 ± 4.12 | Price(mean±std): 21.36 ± 6.59
Episode: 10
Steps per episode: 336
Epsilon 1.0000
Epsilon 0.9866
Epsilon 0.9732
Epsilon 0.9598
Epsilon 0.9464
Epsilon 0.9330
Epsilon 0.9196
Epsilon 0.9062
Epsilon 0.8928
Epsilon 0.8794
Iter 08 | Reward(mean±std): -5.38 ± 4.19 | Price(mean±std): 22.09 ± 6.70
Episode: 10
Steps per episode: 336
Epsilon 1.0000
Epsilon 0.9866
Epsilon 0.9732
Epsilon 0.9598
Epsilon 0.9464
Epsilon 0.9330
Epsilon 0.9196
Epsilon 0.9062
Epsilon 0.8928
Epsilon 0.8794
Iter 09 | Reward(mean±std): -4.87 ± 3.79 | Price(mean±std): 21.28 ± 6.06
Episode: 10
Steps per episode: 336
Epsilon 1.0000
Epsilon 0.9866
Epsilon 0.9732
Epsilon 0.9598
Epsilon 0.9464
Epsilon 0.9330
Epsilon 0.9196
Epsilon 0.9062
Epsilon 0.8928
Epsilon 0.8794
Iter 10 | Reward(mean±std): -5.32 ± 4.28 | Price(mean±std): 22.00 ± 6.85
Episode: 10
Steps per episode: 336
Epsilon 1.0000
Epsilon 0.9866
Epsilon 0.9732
Epsilon 0.9598
Epsilon 0.9464
Epsilon 0.9330
Epsilon 0.9196
Epsilon 0.9062
Epsilon 0.8928
Epsilon 0.8794
Iter 11 | Reward(mean±std): -4.98 ± 4.42 | Price(mean±std): 21.45 ± 7.06
Episode: 10
Steps per episode: 336
Epsilon 1.0000
Epsilon 0.9866
Epsilon 0.9732
Epsilon 0.9598
Epsilon 0.9464
Epsilon 0.9330
Epsilon 0.9196
Epsilon 0.9062
Epsilon 0.8928
Epsilon 0.8794
Iter 12 | Reward(mean±std): -5.13 ± 4.20 | Price(mean±std): 21.70 ± 6.72
Episode: 10
Steps per episode: 336
Epsilon 1.0000
Epsilon 0.9866
Epsilon 0.9732
Epsilon 0.9598
Epsilon 0.9464
Epsilon 0.9330
Epsilon 0.9196
Epsilon 0.9062
Epsilon 0.8928
Epsilon 0.8794
Iter 13 | Reward(mean±std): -5.30 ± 4.07 | Price(mean±std): 21.96 ± 6.51
Episode: 10
Steps per episode: 336
Epsilon 1.0000
Epsilon 0.9866
Epsilon 0.9732
Epsilon 0.9598
Epsilon 0.9464
Epsilon 0.9330
Epsilon 0.9196
Epsilon 0.9062
Epsilon 0.8928
Epsilon 0.8794
Iter 14 | Reward(mean±std): -5.28 ± 4.23 | Price(mean±std): 21.94 ± 6.77
Episode: 10
Steps per episode: 336
Epsilon 1.0000
Epsilon 0.9866
Epsilon 0.9732
Epsilon 0.9598
Epsilon 0.9464
Epsilon 0.9330
Epsilon 0.9196
Epsilon 0.9062
Epsilon 0.8928
Epsilon 0.8794
Iter 15 | Reward(mean±std): -5.24 ± 4.18 | Price(mean±std): 21.87 ± 6.69
Episode: 10
Steps per episode: 336
Epsilon 1.0000
Epsilon 0.9866
Epsilon 0.9732
Epsilon 0.9598
Epsilon 0.9464
Epsilon 0.9330
Epsilon 0.9196
Epsilon 0.9062
Epsilon 0.8928
Epsilon 0.8794
Iter 16 | Reward(mean±std): -4.93 ± 4.41 | Price(mean±std): 21.37 ± 7.05
Episode: 10
Steps per episode: 336
Epsilon 1.0000
Epsilon 0.9866
Epsilon 0.9732
Epsilon 0.9598
Epsilon 0.9464
Epsilon 0.9330
Epsilon 0.9196
Epsilon 0.9062
Epsilon 0.8928
Epsilon 0.8794
Iter 17 | Reward(mean±std): -5.14 ± 4.21 | Price(mean±std): 21.72 ± 6.74
Episode: 10
Steps per episode: 336
Epsilon 1.0000
Epsilon 0.9866
Epsilon 0.9732
Epsilon 0.9598
Epsilon 0.9464
Epsilon 0.9330
Epsilon 0.9196
Epsilon 0.9062
Epsilon 0.8928
Epsilon 0.8794
Iter 18 | Reward(mean±std): -5.42 ± 4.63 | Price(mean±std): 21.86 ± 6.79
Episode: 10
Steps per episode: 336
Epsilon 1.0000
Epsilon 0.9866
Epsilon 0.9732
Epsilon 0.9598
Epsilon 0.9464
Epsilon 0.9330
Epsilon 0.9196
Epsilon 0.9062
Epsilon 0.8928
Epsilon 0.8794
Iter 19 | Reward(mean±std): -5.48 ± 4.19 | Price(mean±std): 22.25 ± 6.70
Episode: 10
Steps per episode: 336
Epsilon 1.0000
Epsilon 0.9866
Epsilon 0.9732
Epsilon 0.9598
Epsilon 0.9464
Epsilon 0.9330
Epsilon 0.9196
Epsilon 0.9062
Epsilon 0.8928
Epsilon 0.8794
Iter 20 | Reward(mean±std): -5.44 ± 4.21 | Price(mean±std): 22.19 ± 6.73
Episode: 10
Steps per episode: 336
Epsilon 1.0000
Epsilon 0.9866
Epsilon 0.9732
Epsilon 0.9598
Epsilon 0.9464
Epsilon 0.9330
Epsilon 0.9196
Epsilon 0.9062
Epsilon 0.8928
Epsilon 0.8794
Iter 21 | Reward(mean±std): -5.09 ± 4.32 | Price(mean±std): 21.62 ± 6.92
Episode: 10
Steps per episode: 336
Epsilon 1.0000
Epsilon 0.9866
Epsilon 0.9732
Epsilon 0.9598
Epsilon 0.9464
Epsilon 0.9330
Epsilon 0.9196
Epsilon 0.9062
Epsilon 0.8928
Epsilon 0.8794
Iter 22 | Reward(mean±std): -5.24 ± 4.24 | Price(mean±std): 21.88 ± 6.78
Episode: 10
Steps per episode: 336
Epsilon 1.0000
Epsilon 0.9866
Epsilon 0.9732
Epsilon 0.9598
Epsilon 0.9464
Epsilon 0.9330
Epsilon 0.9196
Epsilon 0.9062
Epsilon 0.8928
Epsilon 0.8794
Iter 23 | Reward(mean±std): -4.35 ± 3.89 | Price(mean±std): 20.44 ± 6.22
Episode: 10
Steps per episode: 336
Epsilon 1.0000
Epsilon 0.9866
Epsilon 0.9732
Epsilon 0.9598
Epsilon 0.9464
Epsilon 0.9330
Epsilon 0.9196
Epsilon 0.9062
Epsilon 0.8928
Epsilon 0.8794
Iter 24 | Reward(mean±std): -5.04 ± 3.89 | Price(mean±std): 21.55 ± 6.23
Episode: 10
Steps per episode: 336
Epsilon 1.0000
Epsilon 0.9866
Epsilon 0.9732
Epsilon 0.9598
Epsilon 0.9464
Epsilon 0.9330
Epsilon 0.9196
Epsilon 0.9062
Epsilon 0.8928
Epsilon 0.8794
Iter 25 | Reward(mean±std): -4.90 ± 4.39 | Price(mean±std): 21.32 ± 7.03
Episode: 10
Steps per episode: 336
Epsilon 1.0000
Epsilon 0.9866
Epsilon 0.9732
Epsilon 0.9598
Epsilon 0.9464
Epsilon 0.9330
Epsilon 0.9196
Epsilon 0.9062
Epsilon 0.8928
Epsilon 0.8794
Iter 26 | Reward(mean±std): -5.36 ± 4.15 | Price(mean±std): 22.06 ± 6.64
Episode: 10
Steps per episode: 336
Epsilon 1.0000
Epsilon 0.9866
Epsilon 0.9732
Epsilon 0.9598
Epsilon 0.9464
Epsilon 0.9330
Epsilon 0.9196
Epsilon 0.9062
Epsilon 0.8928
Epsilon 0.8794
Iter 27 | Reward(mean±std): -4.67 ± 4.02 | Price(mean±std): 20.97 ± 6.43
Episode: 10
Steps per episode: 336
Epsilon 1.0000
Epsilon 0.9866
Epsilon 0.9732
Epsilon 0.9598
Epsilon 0.9464
Epsilon 0.9330
Epsilon 0.9196
Epsilon 0.9062
Epsilon 0.8928
Epsilon 0.8794
Iter 28 | Reward(mean±std): -4.89 ± 3.85 | Price(mean±std): 21.30 ± 6.15
Episode: 10
Steps per episode: 336
Epsilon 1.0000
Epsilon 0.9866
Epsilon 0.9732
Epsilon 0.9598
Epsilon 0.9464
Epsilon 0.9330
Epsilon 0.9196
Epsilon 0.9062
Epsilon 0.8928
Epsilon 0.8794
Iter 29 | Reward(mean±std): -4.79 ± 4.50 | Price(mean±std): 21.16 ± 7.19
Episode: 10
Steps per episode: 336
Epsilon 1.0000
Epsilon 0.9866
Epsilon 0.9732
Epsilon 0.9598
Epsilon 0.9464
Epsilon 0.9330
Epsilon 0.9196
Epsilon 0.9062
Epsilon 0.8928
Epsilon 0.8794
Iter 30 | Reward(mean±std): -5.30 ± 4.26 | Price(mean±std): 21.96 ± 6.82
Episode: 10
Steps per episode: 336
Epsilon 1.0000
Epsilon 0.9866
Epsilon 0.9732
Epsilon 0.9598
Epsilon 0.9464
Epsilon 0.9330
Epsilon 0.9196
Epsilon 0.9062
Epsilon 0.8928
Epsilon 0.8794
Iter 31 | Reward(mean±std): -4.54 ± 3.97 | Price(mean±std): 20.75 ± 6.36
Episode: 10
Steps per episode: 336
Epsilon 1.0000
Epsilon 0.9866
Epsilon 0.9732
Epsilon 0.9598
Epsilon 0.9464
Epsilon 0.9330
Epsilon 0.9196
Epsilon 0.9062
Epsilon 0.8928
Epsilon 0.8794
Iter 32 | Reward(mean±std): -4.56 ± 3.67 | Price(mean±std): 20.78 ± 5.86
Episode: 10
Steps per episode: 336
Epsilon 1.0000
Epsilon 0.9866
Epsilon 0.9732
Epsilon 0.9598
Epsilon 0.9464
Epsilon 0.9330
Epsilon 0.9196
Epsilon 0.9062
Epsilon 0.8928
Epsilon 0.8794
Iter 33 | Reward(mean±std): -4.91 ± 4.47 | Price(mean±std): 21.34 ± 7.15
Episode: 10
Steps per episode: 336
Epsilon 1.0000
Epsilon 0.9866
Epsilon 0.9732
Epsilon 0.9598
Epsilon 0.9464
Epsilon 0.9330
Epsilon 0.9196
Epsilon 0.9062
Epsilon 0.8928
Epsilon 0.8794
Iter 34 | Reward(mean±std): -5.33 ± 4.12 | Price(mean±std): 22.02 ± 6.59
Episode: 10
Steps per episode: 336
Epsilon 1.0000
Epsilon 0.9866
Epsilon 0.9732
Epsilon 0.9598
Epsilon 0.9464
Epsilon 0.9330
Epsilon 0.9196
Epsilon 0.9062
Epsilon 0.8928
Epsilon 0.8794
Iter 35 | Reward(mean±std): -4.46 ± 3.99 | Price(mean±std): 20.62 ± 6.39
Episode: 10
Steps per episode: 336
Epsilon 1.0000
Epsilon 0.9866
Epsilon 0.9732
Epsilon 0.9598
Epsilon 0.9464
Epsilon 0.9330
Epsilon 0.9196
Epsilon 0.9062
Epsilon 0.8928
Epsilon 0.8794
Iter 36 | Reward(mean±std): -5.43 ± 4.18 | Price(mean±std): 22.18 ± 6.69
Episode: 10
Steps per episode: 336
Epsilon 1.0000
Epsilon 0.9866
Epsilon 0.9732
Epsilon 0.9598
Epsilon 0.9464
Epsilon 0.9330
Epsilon 0.9196
Epsilon 0.9062
Epsilon 0.8928
Epsilon 0.8794
Iter 37 | Reward(mean±std): -4.61 ± 4.53 | Price(mean±std): 20.66 ± 6.83
Episode: 10
Steps per episode: 336
Epsilon 1.0000
Epsilon 0.9866
Epsilon 0.9732
Epsilon 0.9598
Epsilon 0.9464
Epsilon 0.9330
Epsilon 0.9196
Epsilon 0.9062
Epsilon 0.8928
Epsilon 0.8794
Iter 38 | Reward(mean±std): -3.70 ± 3.37 | Price(mean±std): 19.41 ± 5.39
Episode: 10
Steps per episode: 336
Epsilon 1.0000
Epsilon 0.9866
Epsilon 0.9732
Epsilon 0.9598
Epsilon 0.9464
Epsilon 0.9330
Epsilon 0.9196
Epsilon 0.9062
Epsilon 0.8928
Epsilon 0.8794
Iter 39 | Reward(mean±std): -4.81 ± 3.59 | Price(mean±std): 21.18 ± 5.74

Best mean price over checkpoints: 19.41
Last raw mean reward: -4.81
Last smoothed mean reward (window=5): -4.60
  [EXTENDED] final evaluation with best weights...
Deterministic eval: epsilon = 0.0 (greedy)
Episode: 1
Steps per episode: 17535
Epsilon 0.0000
Final price: 1063.59 EUR
    DQN cost: 1063.59 EUR  (improvement: 15.9%  fraction of theoretical: 52.4%)
    Saved user_29_extended_price_comparison.pdf / .png
  [done] user 29 written to CSV.

[16/30]
============================================================
USER 27  (cluster 15)
============================================================
  [setup] imports...
Using Apple Silicon MPS Acceleration

Tensor created on device: mps:0
  [setup] data loading...
  [setup] preprocessing...
Detected step: 30.0 min | KorakovNaDan=48 | BatMaxPolnjenje=3.000 | BatMaxPraznjenje=3.000
Using Scaler: RobustScaler
                           Energy_Consumption  ...  SMP_OutlierFlag
Timestamp_UTC                                  ...                 
2010-07-01 00:30:00+00:00            0.450980  ...              0.0
2010-07-01 01:00:00+00:00            0.467320  ...              0.0
2010-07-01 01:30:00+00:00            0.411765  ...              0.0
2010-07-01 02:00:00+00:00            0.483660  ...              0.0
2010-07-01 02:30:00+00:00            0.464052  ...              0.0

[5 rows x 4 columns]
Notebook DQN now uses HouseholdEnvironment directly
  [setup] DQN class & Learning_DQN...
  [baselines] test env + MILP function...
  [baselines] SARSA agents + random DQN eval...
cena po optimizaciji 1626.6724398731697
Random eval: epsilon = 1.0
Episode: 1
Steps per episode: 17535
Epsilon 1.0000
Final price: 2825.84 EUR
  [baselines] no-battery agent...
  [baselines] MILP benchmark (this may take several minutes)...
Building MILP Model...
Solving over 17535 steps... (This may take a moment)

--- MILP Optimization Complete ---
Total Electricity Cost (Inc GST & Fixed): $979.6964
Total RL Equivalent Reward: -171.1193
    No-battery cost: 1323.00 EUR | MILP cost: 979.70 EUR
  [BASIC] training (100 episodes)...
Reset requested: removed old DQN checkpoint.
Episode: 100
Steps per episode: 336
Epsilon 1.0000
Epsilon 0.9942
Epsilon 0.9808
Epsilon 0.9674
Epsilon 0.9540
Epsilon 0.9406
Epsilon 0.9272
Epsilon 0.9138
Epsilon 0.9004
Epsilon 0.8870
Epsilon 0.8736
Epsilon 0.8602
Epsilon 0.8468
Epsilon 0.8334
Epsilon 0.8200
Epsilon 0.8066
Epsilon 0.7932
Epsilon 0.7798
Epsilon 0.7664
Epsilon 0.7530
Epsilon 0.7396
Epsilon 0.7262
Epsilon 0.7128
Epsilon 0.6994
Epsilon 0.6860
Epsilon 0.6726
Epsilon 0.6592
Epsilon 0.6458
Epsilon 0.6324
Epsilon 0.6190
Epsilon 0.6056
Epsilon 0.5922
Epsilon 0.5788
Epsilon 0.5654
Epsilon 0.5520
Epsilon 0.5386
Epsilon 0.5252
Epsilon 0.5118
Epsilon 0.4984
Epsilon 0.4850
Epsilon 0.4716
Epsilon 0.4582
Epsilon 0.4448
Epsilon 0.4314
Epsilon 0.4180
Epsilon 0.4046
Epsilon 0.3912
Epsilon 0.3778
Epsilon 0.3644
Epsilon 0.3510
Epsilon 0.3376
Epsilon 0.3242
Epsilon 0.3108
Epsilon 0.2974
Epsilon 0.2840
Epsilon 0.2706
Epsilon 0.2572
Epsilon 0.2438
Epsilon 0.2304
Epsilon 0.2170
Epsilon 0.2036
Epsilon 0.1902
Epsilon 0.1768
Epsilon 0.1634
Epsilon 0.1500
Epsilon 0.1366
Epsilon 0.1232
Epsilon 0.1098
Epsilon 0.0964
Epsilon 0.0830
Epsilon 0.0696
Epsilon 0.0562
Epsilon 0.0428
Epsilon 0.0294
Epsilon 0.0160
Epsilon 0.0100
Epsilon 0.0100
Epsilon 0.0100
Epsilon 0.0100
Epsilon 0.0100
Epsilon 0.0100
Epsilon 0.0100
Epsilon 0.0100
Epsilon 0.0100
Epsilon 0.0100
Epsilon 0.0100
Epsilon 0.0100
Epsilon 0.0100
Epsilon 0.0100
Epsilon 0.0100
Epsilon 0.0100
Epsilon 0.0100
Epsilon 0.0100
Epsilon 0.0100
Epsilon 0.0100
Epsilon 0.0100
Epsilon 0.0100
Epsilon 0.0100
Epsilon 0.0100
Epsilon 0.0100
  [BASIC] evaluation...
Deterministic eval: epsilon = 0.0 (greedy)
Episode: 1
Steps per episode: 17535
Epsilon 0.0000
Final price: 1350.12 EUR
    DQN cost: 1350.12 EUR  (improvement: -2.1%  fraction of theoretical: -7.9%)
    Saved user_27_basic_price_comparison.pdf / .png
  [EXTENDED] convergence training (40 x 10 episodes with eval)...
Reset requested: removed old DQN checkpoint.
Episode: 10
Steps per episode: 336
Epsilon 1.0000
Epsilon 0.9942
Epsilon 0.9808
Epsilon 0.9674
Epsilon 0.9540
Epsilon 0.9406
Epsilon 0.9272
Epsilon 0.9138
Epsilon 0.9004
Epsilon 0.8870
Episode: 10
Steps per episode: 336
Epsilon 1.0000
Epsilon 0.9866
Epsilon 0.9732
Epsilon 0.9598
Epsilon 0.9464
Epsilon 0.9330
Epsilon 0.9196
Epsilon 0.9062
Epsilon 0.8928
Epsilon 0.8794
Iter 00 | Reward(mean±std): -8.01 ± 6.86 | Price(mean±std): 22.41 ± 4.66
Episode: 10
Steps per episode: 336
Epsilon 1.0000
Epsilon 0.9866
Epsilon 0.9732
Epsilon 0.9598
Epsilon 0.9464
Epsilon 0.9330
Epsilon 0.9196
Epsilon 0.9062
Epsilon 0.8928
Epsilon 0.8794
Iter 01 | Reward(mean±std): -6.95 ± 5.62 | Price(mean±std): 22.40 ± 4.78
Episode: 10
Steps per episode: 336
Epsilon 1.0000
Epsilon 0.9866
Epsilon 0.9732
Epsilon 0.9598
Epsilon 0.9464
Epsilon 0.9330
Epsilon 0.9196
Epsilon 0.9062
Epsilon 0.8928
Epsilon 0.8794
Iter 02 | Reward(mean±std): -5.75 ± 3.22 | Price(mean±std): 22.48 ± 4.90
Episode: 10
Steps per episode: 336
Epsilon 1.0000
Epsilon 0.9866
Epsilon 0.9732
Epsilon 0.9598
Epsilon 0.9464
Epsilon 0.9330
Epsilon 0.9196
Epsilon 0.9062
Epsilon 0.8928
Epsilon 0.8794
Iter 03 | Reward(mean±std): -5.66 ± 3.08 | Price(mean±std): 22.45 ± 4.82
Episode: 10
Steps per episode: 336
Epsilon 1.0000
Epsilon 0.9866
Epsilon 0.9732
Epsilon 0.9598
Epsilon 0.9464
Epsilon 0.9330
Epsilon 0.9196
Epsilon 0.9062
Epsilon 0.8928
Epsilon 0.8794
Iter 04 | Reward(mean±std): -5.83 ± 3.35 | Price(mean±std): 22.61 ± 5.10
Episode: 10
Steps per episode: 336
Epsilon 1.0000
Epsilon 0.9866
Epsilon 0.9732
Epsilon 0.9598
Epsilon 0.9464
Epsilon 0.9330
Epsilon 0.9196
Epsilon 0.9062
Epsilon 0.8928
Epsilon 0.8794
Iter 05 | Reward(mean±std): -7.75 ± 8.70 | Price(mean±std): 21.38 ± 4.86
Episode: 10
Steps per episode: 336
Epsilon 1.0000
Epsilon 0.9866
Epsilon 0.9732
Epsilon 0.9598
Epsilon 0.9464
Epsilon 0.9330
Epsilon 0.9196
Epsilon 0.9062
Epsilon 0.8928
Epsilon 0.8794
Iter 06 | Reward(mean±std): -4.73 ± 2.66 | Price(mean±std): 21.05 ± 4.25
Episode: 10
Steps per episode: 336
Epsilon 1.0000
Epsilon 0.9866
Epsilon 0.9732
Epsilon 0.9598
Epsilon 0.9464
Epsilon 0.9330
Epsilon 0.9196
Epsilon 0.9062
Epsilon 0.8928
Epsilon 0.8794
Iter 07 | Reward(mean±std): -5.27 ± 3.41 | Price(mean±std): 21.93 ± 5.45
Episode: 10
Steps per episode: 336
Epsilon 1.0000
Epsilon 0.9866
Epsilon 0.9732
Epsilon 0.9598
Epsilon 0.9464
Epsilon 0.9330
Epsilon 0.9196
Epsilon 0.9062
Epsilon 0.8928
Epsilon 0.8794
Iter 08 | Reward(mean±std): -4.96 ± 3.26 | Price(mean±std): 21.43 ± 5.22
Episode: 10
Steps per episode: 336
Epsilon 1.0000
Epsilon 0.9866
Epsilon 0.9732
Epsilon 0.9598
Epsilon 0.9464
Epsilon 0.9330
Epsilon 0.9196
Epsilon 0.9062
Epsilon 0.8928
Epsilon 0.8794
Iter 09 | Reward(mean±std): -5.04 ± 2.98 | Price(mean±std): 21.55 ± 4.77
Episode: 10
Steps per episode: 336
Epsilon 1.0000
Epsilon 0.9866
Epsilon 0.9732
Epsilon 0.9598
Epsilon 0.9464
Epsilon 0.9330
Epsilon 0.9196
Epsilon 0.9062
Epsilon 0.8928
Epsilon 0.8794
Iter 10 | Reward(mean±std): -5.27 ± 3.13 | Price(mean±std): 21.91 ± 5.00
Episode: 10
Steps per episode: 336
Epsilon 1.0000
Epsilon 0.9866
Epsilon 0.9732
Epsilon 0.9598
Epsilon 0.9464
Epsilon 0.9330
Epsilon 0.9196
Epsilon 0.9062
Epsilon 0.8928
Epsilon 0.8794
Iter 11 | Reward(mean±std): -4.95 ± 3.09 | Price(mean±std): 21.41 ± 4.95
Episode: 10
Steps per episode: 336
Epsilon 1.0000
Epsilon 0.9866
Epsilon 0.9732
Epsilon 0.9598
Epsilon 0.9464
Epsilon 0.9330
Epsilon 0.9196
Epsilon 0.9062
Epsilon 0.8928
Epsilon 0.8794
Iter 12 | Reward(mean±std): -5.21 ± 3.09 | Price(mean±std): 21.82 ± 4.94
Episode: 10
Steps per episode: 336
Epsilon 1.0000
Epsilon 0.9866
Epsilon 0.9732
Epsilon 0.9598
Epsilon 0.9464
Epsilon 0.9330
Epsilon 0.9196
Epsilon 0.9062
Epsilon 0.8928
Epsilon 0.8794
Iter 13 | Reward(mean±std): -4.76 ± 2.77 | Price(mean±std): 21.10 ± 4.43
Episode: 10
Steps per episode: 336
Epsilon 1.0000
Epsilon 0.9866
Epsilon 0.9732
Epsilon 0.9598
Epsilon 0.9464
Epsilon 0.9330
Epsilon 0.9196
Epsilon 0.9062
Epsilon 0.8928
Epsilon 0.8794
Iter 14 | Reward(mean±std): -5.24 ± 3.20 | Price(mean±std): 21.87 ± 5.12
Episode: 10
Steps per episode: 336
Epsilon 1.0000
Epsilon 0.9866
Epsilon 0.9732
Epsilon 0.9598
Epsilon 0.9464
Epsilon 0.9330
Epsilon 0.9196
Epsilon 0.9062
Epsilon 0.8928
Epsilon 0.8794
Iter 15 | Reward(mean±std): -5.33 ± 3.15 | Price(mean±std): 22.01 ± 5.04
Episode: 10
Steps per episode: 336
Epsilon 1.0000
Epsilon 0.9866
Epsilon 0.9732
Epsilon 0.9598
Epsilon 0.9464
Epsilon 0.9330
Epsilon 0.9196
Epsilon 0.9062
Epsilon 0.8928
Epsilon 0.8794
Iter 16 | Reward(mean±std): -12.06 ± 9.56 | Price(mean±std): 20.68 ± 4.79
Episode: 10
Steps per episode: 336
Epsilon 1.0000
Epsilon 0.9866
Epsilon 0.9732
Epsilon 0.9598
Epsilon 0.9464
Epsilon 0.9330
Epsilon 0.9196
Epsilon 0.9062
Epsilon 0.8928
Epsilon 0.8794
Iter 17 | Reward(mean±std): -5.52 ± 3.27 | Price(mean±std): 22.32 ± 5.23
Episode: 10
Steps per episode: 336
Epsilon 1.0000
Epsilon 0.9866
Epsilon 0.9732
Epsilon 0.9598
Epsilon 0.9464
Epsilon 0.9330
Epsilon 0.9196
Epsilon 0.9062
Epsilon 0.8928
Epsilon 0.8794
Iter 18 | Reward(mean±std): -6.44 ± 3.92 | Price(mean±std): 23.79 ± 6.27
Episode: 10
Steps per episode: 336
Epsilon 1.0000
Epsilon 0.9866
Epsilon 0.9732
Epsilon 0.9598
Epsilon 0.9464
Epsilon 0.9330
Epsilon 0.9196
Epsilon 0.9062
Epsilon 0.8928
Epsilon 0.8794
Iter 19 | Reward(mean±std): -5.18 ± 3.66 | Price(mean±std): 21.78 ± 5.86
Episode: 10
Steps per episode: 336
Epsilon 1.0000
Epsilon 0.9866
Epsilon 0.9732
Epsilon 0.9598
Epsilon 0.9464
Epsilon 0.9330
Epsilon 0.9196
Epsilon 0.9062
Epsilon 0.8928
Epsilon 0.8794
Iter 20 | Reward(mean±std): -4.88 ± 3.24 | Price(mean±std): 21.30 ± 5.18
Episode: 10
Steps per episode: 336
Epsilon 1.0000
Epsilon 0.9866
Epsilon 0.9732
Epsilon 0.9598
Epsilon 0.9464
Epsilon 0.9330
Epsilon 0.9196
Epsilon 0.9062
Epsilon 0.8928
Epsilon 0.8794
Iter 21 | Reward(mean±std): -5.32 ± 3.29 | Price(mean±std): 22.01 ± 5.26
Episode: 10
Steps per episode: 336
Epsilon 1.0000
Epsilon 0.9866
Epsilon 0.9732
Epsilon 0.9598
Epsilon 0.9464
Epsilon 0.9330
Epsilon 0.9196
Epsilon 0.9062
Epsilon 0.8928
Epsilon 0.8794
Iter 22 | Reward(mean±std): -6.16 ± 4.57 | Price(mean±std): 22.24 ± 5.33
Episode: 10
Steps per episode: 336
Epsilon 1.0000
Epsilon 0.9866
Epsilon 0.9732
Epsilon 0.9598
Epsilon 0.9464
Epsilon 0.9330
Epsilon 0.9196
Epsilon 0.9062
Epsilon 0.8928
Epsilon 0.8794
Iter 23 | Reward(mean±std): -7.14 ± 4.76 | Price(mean±std): 20.91 ± 4.98
Episode: 10
Steps per episode: 336
Epsilon 1.0000
Epsilon 0.9866
Epsilon 0.9732
Epsilon 0.9598
Epsilon 0.9464
Epsilon 0.9330
Epsilon 0.9196
Epsilon 0.9062
Epsilon 0.8928
Epsilon 0.8794
Iter 24 | Reward(mean±std): -5.34 ± 3.03 | Price(mean±std): 22.02 ± 4.85
Episode: 10
Steps per episode: 336
Epsilon 1.0000
Epsilon 0.9866
Epsilon 0.9732
Epsilon 0.9598
Epsilon 0.9464
Epsilon 0.9330
Epsilon 0.9196
Epsilon 0.9062
Epsilon 0.8928
Epsilon 0.8794
Iter 25 | Reward(mean±std): -4.91 ± 2.98 | Price(mean±std): 21.34 ± 4.77
Episode: 10
Steps per episode: 336
Epsilon 1.0000
Epsilon 0.9866
Epsilon 0.9732
Epsilon 0.9598
Epsilon 0.9464
Epsilon 0.9330
Epsilon 0.9196
Epsilon 0.9062
Epsilon 0.8928
Epsilon 0.8794
Iter 26 | Reward(mean±std): -4.62 ± 2.97 | Price(mean±std): 20.87 ± 4.75
Episode: 10
Steps per episode: 336
Epsilon 1.0000
Epsilon 0.9866
Epsilon 0.9732
Epsilon 0.9598
Epsilon 0.9464
Epsilon 0.9330
Epsilon 0.9196
Epsilon 0.9062
Epsilon 0.8928
Epsilon 0.8794
Iter 27 | Reward(mean±std): -4.25 ± 2.78 | Price(mean±std): 20.29 ± 4.45
Episode: 10
Steps per episode: 336
Epsilon 1.0000
Epsilon 0.9866
Epsilon 0.9732
Epsilon 0.9598
Epsilon 0.9464
Epsilon 0.9330
Epsilon 0.9196
Epsilon 0.9062
Epsilon 0.8928
Epsilon 0.8794
Iter 28 | Reward(mean±std): -5.18 ± 3.30 | Price(mean±std): 21.78 ± 5.28
Episode: 10
Steps per episode: 336
Epsilon 1.0000
Epsilon 0.9866
Epsilon 0.9732
Epsilon 0.9598
Epsilon 0.9464
Epsilon 0.9330
Epsilon 0.9196
Epsilon 0.9062
Epsilon 0.8928
Epsilon 0.8794
Iter 29 | Reward(mean±std): -4.88 ± 3.12 | Price(mean±std): 21.30 ± 4.99
Episode: 10
Steps per episode: 336
Epsilon 1.0000
Epsilon 0.9866
Epsilon 0.9732
Epsilon 0.9598
Epsilon 0.9464
Epsilon 0.9330
Epsilon 0.9196
Epsilon 0.9062
Epsilon 0.8928
Epsilon 0.8794
Iter 30 | Reward(mean±std): -4.24 ± 2.83 | Price(mean±std): 20.26 ± 4.52
Episode: 10
Steps per episode: 336
Epsilon 1.0000
Epsilon 0.9866
Epsilon 0.9732
Epsilon 0.9598
Epsilon 0.9464
Epsilon 0.9330
Epsilon 0.9196
Epsilon 0.9062
Epsilon 0.8928
Epsilon 0.8794
Iter 31 | Reward(mean±std): -4.42 ± 3.05 | Price(mean±std): 20.55 ± 4.88
Episode: 10
Steps per episode: 336
Epsilon 1.0000
Epsilon 0.9866
Epsilon 0.9732
Epsilon 0.9598
Epsilon 0.9464
Epsilon 0.9330
Epsilon 0.9196
Epsilon 0.9062
Epsilon 0.8928
Epsilon 0.8794
Iter 32 | Reward(mean±std): -4.06 ± 2.21 | Price(mean±std): 19.78 ± 3.38
Episode: 10
Steps per episode: 336
Epsilon 1.0000
Epsilon 0.9866
Epsilon 0.9732
Epsilon 0.9598
Epsilon 0.9464
Epsilon 0.9330
Epsilon 0.9196
Epsilon 0.9062
Epsilon 0.8928
Epsilon 0.8794
Iter 33 | Reward(mean±std): -4.54 ± 2.92 | Price(mean±std): 20.75 ± 4.68
Episode: 10
Steps per episode: 336
Epsilon 1.0000
Epsilon 0.9866
Epsilon 0.9732
Epsilon 0.9598
Epsilon 0.9464
Epsilon 0.9330
Epsilon 0.9196
Epsilon 0.9062
Epsilon 0.8928
Epsilon 0.8794
Iter 34 | Reward(mean±std): -5.14 ± 3.16 | Price(mean±std): 21.70 ± 5.06
Episode: 10
Steps per episode: 336
Epsilon 1.0000
Epsilon 0.9866
Epsilon 0.9732
Epsilon 0.9598
Epsilon 0.9464
Epsilon 0.9330
Epsilon 0.9196
Epsilon 0.9062
Epsilon 0.8928
Epsilon 0.8794
Iter 35 | Reward(mean±std): -5.78 ± 3.24 | Price(mean±std): 22.74 ± 5.19
Episode: 10
Steps per episode: 336
Epsilon 1.0000
Epsilon 0.9866
Epsilon 0.9732
Epsilon 0.9598
Epsilon 0.9464
Epsilon 0.9330
Epsilon 0.9196
Epsilon 0.9062
Epsilon 0.8928
Epsilon 0.8794
Iter 36 | Reward(mean±std): -4.77 ± 2.88 | Price(mean±std): 21.12 ± 4.61
Episode: 10
Steps per episode: 336
Epsilon 1.0000
Epsilon 0.9866
Epsilon 0.9732
Epsilon 0.9598
Epsilon 0.9464
Epsilon 0.9330
Epsilon 0.9196
Epsilon 0.9062
Epsilon 0.8928
Epsilon 0.8794
Iter 37 | Reward(mean±std): -3.73 ± 1.95 | Price(mean±std): 19.45 ± 3.12
Episode: 10
Steps per episode: 336
Epsilon 1.0000
Epsilon 0.9866
Epsilon 0.9732
Epsilon 0.9598
Epsilon 0.9464
Epsilon 0.9330
Epsilon 0.9196
Epsilon 0.9062
Epsilon 0.8928
Epsilon 0.8794
Iter 38 | Reward(mean±std): -5.09 ± 3.17 | Price(mean±std): 21.63 ± 5.08
Episode: 10
Steps per episode: 336
Epsilon 1.0000
Epsilon 0.9866
Epsilon 0.9732
Epsilon 0.9598
Epsilon 0.9464
Epsilon 0.9330
Epsilon 0.9196
Epsilon 0.9062
Epsilon 0.8928
Epsilon 0.8794
Iter 39 | Reward(mean±std): -5.39 ± 3.09 | Price(mean±std): 22.11 ± 4.94

Best mean price over checkpoints: 19.45
Last raw mean reward: -5.39
Last smoothed mean reward (window=5): -4.95
  [EXTENDED] final evaluation with best weights...
Deterministic eval: epsilon = 0.0 (greedy)
Episode: 1
Steps per episode: 17535
Epsilon 0.0000
Final price: 1073.33 EUR
    DQN cost: 1073.33 EUR  (improvement: 18.9%  fraction of theoretical: 72.7%)
    Saved user_27_extended_price_comparison.pdf / .png
  [done] user 27 written to CSV.

[17/30]
============================================================
USER 156  (cluster 16)
============================================================
  [setup] imports...
Using Apple Silicon MPS Acceleration

Tensor created on device: mps:0
  [setup] data loading...
  [setup] preprocessing...
Detected step: 30.0 min | KorakovNaDan=48 | BatMaxPolnjenje=3.000 | BatMaxPraznjenje=3.000
Using Scaler: RobustScaler
                           Energy_Consumption  ...  SMP_OutlierFlag
Timestamp_UTC                                  ...                 
2010-07-01 00:30:00+00:00            0.104683  ...              0.0
2010-07-01 01:00:00+00:00            0.068871  ...              0.0
2010-07-01 01:30:00+00:00           -0.239669  ...              0.0
2010-07-01 02:00:00+00:00           -0.033058  ...              0.0
2010-07-01 02:30:00+00:00           -0.170799  ...              0.0

[5 rows x 4 columns]
Notebook DQN now uses HouseholdEnvironment directly
  [setup] DQN class & Learning_DQN...
  [baselines] test env + MILP function...
  [baselines] SARSA agents + random DQN eval...
cena po optimizaciji 1768.4596225778596
Random eval: epsilon = 1.0
Episode: 1
Steps per episode: 17535
Epsilon 1.0000
Final price: 2902.82 EUR
  [baselines] no-battery agent...
  [baselines] MILP benchmark (this may take several minutes)...
Building MILP Model...
Solving over 17535 steps... (This may take a moment)

--- MILP Optimization Complete ---
Total Electricity Cost (Inc GST & Fixed): $1034.9394
Total RL Equivalent Reward: -205.6462
    No-battery cost: 1448.55 EUR | MILP cost: 1034.94 EUR
  [BASIC] training (100 episodes)...
Reset requested: removed old DQN checkpoint.
Episode: 100
Steps per episode: 336
Epsilon 1.0000
Epsilon 0.9942
Epsilon 0.9808
Epsilon 0.9674
Epsilon 0.9540
Epsilon 0.9406
Epsilon 0.9272
Epsilon 0.9138
Epsilon 0.9004
Epsilon 0.8870
Epsilon 0.8736
Epsilon 0.8602
Epsilon 0.8468
Epsilon 0.8334
Epsilon 0.8200
Epsilon 0.8066
Epsilon 0.7932
Epsilon 0.7798
Epsilon 0.7664
Epsilon 0.7530
Epsilon 0.7396
Epsilon 0.7262
Epsilon 0.7128
Epsilon 0.6994
Epsilon 0.6860
Epsilon 0.6726
Epsilon 0.6592
Epsilon 0.6458
Epsilon 0.6324
Epsilon 0.6190
Epsilon 0.6056
Epsilon 0.5922
Epsilon 0.5788
Epsilon 0.5654
Epsilon 0.5520
Epsilon 0.5386
Epsilon 0.5252
Epsilon 0.5118
Epsilon 0.4984
Epsilon 0.4850
Epsilon 0.4716
Epsilon 0.4582
Epsilon 0.4448
Epsilon 0.4314
Epsilon 0.4180
Epsilon 0.4046
Epsilon 0.3912
Epsilon 0.3778
Epsilon 0.3644
Epsilon 0.3510
Epsilon 0.3376
Epsilon 0.3242
Epsilon 0.3108
Epsilon 0.2974
Epsilon 0.2840
Epsilon 0.2706
Epsilon 0.2572
Epsilon 0.2438
Epsilon 0.2304
Epsilon 0.2170
Epsilon 0.2036
Epsilon 0.1902
Epsilon 0.1768
Epsilon 0.1634
Epsilon 0.1500
Epsilon 0.1366
Epsilon 0.1232
Epsilon 0.1098
Epsilon 0.0964
Epsilon 0.0830
Epsilon 0.0696
Epsilon 0.0562
Epsilon 0.0428
Epsilon 0.0294
Epsilon 0.0160
Epsilon 0.0100
Epsilon 0.0100
Epsilon 0.0100
Epsilon 0.0100
Epsilon 0.0100
Epsilon 0.0100
Epsilon 0.0100
Epsilon 0.0100
Epsilon 0.0100
Epsilon 0.0100
Epsilon 0.0100
Epsilon 0.0100
Epsilon 0.0100
Epsilon 0.0100
Epsilon 0.0100
Epsilon 0.0100
Epsilon 0.0100
Epsilon 0.0100
Epsilon 0.0100
Epsilon 0.0100
Epsilon 0.0100
Epsilon 0.0100
Epsilon 0.0100
Epsilon 0.0100
Epsilon 0.0100
  [BASIC] evaluation...
Deterministic eval: epsilon = 0.0 (greedy)
Episode: 1
Steps per episode: 17535
Epsilon 0.0000
Final price: 1353.95 EUR
    DQN cost: 1353.95 EUR  (improvement: 6.5%  fraction of theoretical: 22.9%)
    Saved user_156_basic_price_comparison.pdf / .png
  [EXTENDED] convergence training (40 x 10 episodes with eval)...
Reset requested: removed old DQN checkpoint.
Episode: 10
Steps per episode: 336
Epsilon 1.0000
Epsilon 0.9942
Epsilon 0.9808
Epsilon 0.9674
Epsilon 0.9540
Epsilon 0.9406
Epsilon 0.9272
Epsilon 0.9138
Epsilon 0.9004
Epsilon 0.8870
Episode: 10
Steps per episode: 336
Epsilon 1.0000
Epsilon 0.9866
Epsilon 0.9732
Epsilon 0.9598
Epsilon 0.9464
Epsilon 0.9330
Epsilon 0.9196
Epsilon 0.9062
Epsilon 0.8928
Epsilon 0.8794
Iter 00 | Reward(mean±std): -13.09 ± 5.49 | Price(mean±std): 24.93 ± 3.91
Episode: 10
Steps per episode: 336
Epsilon 1.0000
Epsilon 0.9866
Epsilon 0.9732
Epsilon 0.9598
Epsilon 0.9464
Epsilon 0.9330
Epsilon 0.9196
Epsilon 0.9062
Epsilon 0.8928
Epsilon 0.8794
Iter 01 | Reward(mean±std): -8.18 ± 2.56 | Price(mean±std): 26.58 ± 4.10
Episode: 10
Steps per episode: 336
Epsilon 1.0000
Epsilon 0.9866
Epsilon 0.9732
Epsilon 0.9598
Epsilon 0.9464
Epsilon 0.9330
Epsilon 0.9196
Epsilon 0.9062
Epsilon 0.8928
Epsilon 0.8794
Iter 02 | Reward(mean±std): -8.16 ± 2.72 | Price(mean±std): 26.55 ± 4.36
Episode: 10
Steps per episode: 336
Epsilon 1.0000
Epsilon 0.9866
Epsilon 0.9732
Epsilon 0.9598
Epsilon 0.9464
Epsilon 0.9330
Epsilon 0.9196
Epsilon 0.9062
Epsilon 0.8928
Epsilon 0.8794
Iter 03 | Reward(mean±std): -7.87 ± 2.54 | Price(mean±std): 26.07 ± 4.06
Episode: 10
Steps per episode: 336
Epsilon 1.0000
Epsilon 0.9866
Epsilon 0.9732
Epsilon 0.9598
Epsilon 0.9464
Epsilon 0.9330
Epsilon 0.9196
Epsilon 0.9062
Epsilon 0.8928
Epsilon 0.8794
Iter 04 | Reward(mean±std): -9.31 ± 5.93 | Price(mean±std): 26.38 ± 4.83
Episode: 10
Steps per episode: 336
Epsilon 1.0000
Epsilon 0.9866
Epsilon 0.9732
Epsilon 0.9598
Epsilon 0.9464
Epsilon 0.9330
Epsilon 0.9196
Epsilon 0.9062
Epsilon 0.8928
Epsilon 0.8794
Iter 05 | Reward(mean±std): -6.76 ± 2.64 | Price(mean±std): 24.30 ± 4.22
Episode: 10
Steps per episode: 336
Epsilon 1.0000
Epsilon 0.9866
Epsilon 0.9732
Epsilon 0.9598
Epsilon 0.9464
Epsilon 0.9330
Epsilon 0.9196
Epsilon 0.9062
Epsilon 0.8928
Epsilon 0.8794
Iter 06 | Reward(mean±std): -7.60 ± 2.39 | Price(mean±std): 25.64 ± 3.82
Episode: 10
Steps per episode: 336
Epsilon 1.0000
Epsilon 0.9866
Epsilon 0.9732
Epsilon 0.9598
Epsilon 0.9464
Epsilon 0.9330
Epsilon 0.9196
Epsilon 0.9062
Epsilon 0.8928
Epsilon 0.8794
Iter 07 | Reward(mean±std): -6.68 ± 2.53 | Price(mean±std): 24.18 ± 4.05
Episode: 10
Steps per episode: 336
Epsilon 1.0000
Epsilon 0.9866
Epsilon 0.9732
Epsilon 0.9598
Epsilon 0.9464
Epsilon 0.9330
Epsilon 0.9196
Epsilon 0.9062
Epsilon 0.8928
Epsilon 0.8794
Iter 08 | Reward(mean±std): -7.54 ± 2.45 | Price(mean±std): 25.55 ± 3.92
Episode: 10
Steps per episode: 336
Epsilon 1.0000
Epsilon 0.9866
Epsilon 0.9732
Epsilon 0.9598
Epsilon 0.9464
Epsilon 0.9330
Epsilon 0.9196
Epsilon 0.9062
Epsilon 0.8928
Epsilon 0.8794
Iter 09 | Reward(mean±std): -6.99 ± 2.42 | Price(mean±std): 24.67 ± 3.87
Episode: 10
Steps per episode: 336
Epsilon 1.0000
Epsilon 0.9866
Epsilon 0.9732
Epsilon 0.9598
Epsilon 0.9464
Epsilon 0.9330
Epsilon 0.9196
Epsilon 0.9062
Epsilon 0.8928
Epsilon 0.8794
Iter 10 | Reward(mean±std): -6.62 ± 2.26 | Price(mean±std): 24.08 ± 3.62
Episode: 10
Steps per episode: 336
Epsilon 1.0000
Epsilon 0.9866
Epsilon 0.9732
Epsilon 0.9598
Epsilon 0.9464
Epsilon 0.9330
Epsilon 0.9196
Epsilon 0.9062
Epsilon 0.8928
Epsilon 0.8794
Iter 11 | Reward(mean±std): -7.38 ± 1.88 | Price(mean±std): 25.30 ± 3.00
Episode: 10
Steps per episode: 336
Epsilon 1.0000
Epsilon 0.9866
Epsilon 0.9732
Epsilon 0.9598
Epsilon 0.9464
Epsilon 0.9330
Epsilon 0.9196
Epsilon 0.9062
Epsilon 0.8928
Epsilon 0.8794
Iter 12 | Reward(mean±std): -7.72 ± 2.71 | Price(mean±std): 25.84 ± 4.34
Episode: 10
Steps per episode: 336
Epsilon 1.0000
Epsilon 0.9866
Epsilon 0.9732
Epsilon 0.9598
Epsilon 0.9464
Epsilon 0.9330
Epsilon 0.9196
Epsilon 0.9062
Epsilon 0.8928
Epsilon 0.8794
Iter 13 | Reward(mean±std): -7.14 ± 2.45 | Price(mean±std): 24.91 ± 3.92
Episode: 10
Steps per episode: 336
Epsilon 1.0000
Epsilon 0.9866
Epsilon 0.9732
Epsilon 0.9598
Epsilon 0.9464
Epsilon 0.9330
Epsilon 0.9196
Epsilon 0.9062
Epsilon 0.8928
Epsilon 0.8794
Iter 14 | Reward(mean±std): -6.58 ± 2.61 | Price(mean±std): 24.02 ± 4.18
Episode: 10
Steps per episode: 336
Epsilon 1.0000
Epsilon 0.9866
Epsilon 0.9732
Epsilon 0.9598
Epsilon 0.9464
Epsilon 0.9330
Epsilon 0.9196
Epsilon 0.9062
Epsilon 0.8928
Epsilon 0.8794
Iter 15 | Reward(mean±std): -7.28 ± 2.61 | Price(mean±std): 25.14 ± 4.17
Episode: 10
Steps per episode: 336
Epsilon 1.0000
Epsilon 0.9866
Epsilon 0.9732
Epsilon 0.9598
Epsilon 0.9464
Epsilon 0.9330
Epsilon 0.9196
Epsilon 0.9062
Epsilon 0.8928
Epsilon 0.8794
Iter 16 | Reward(mean±std): -7.85 ± 2.58 | Price(mean±std): 25.94 ± 3.94
Episode: 10
Steps per episode: 336
Epsilon 1.0000
Epsilon 0.9866
Epsilon 0.9732
Epsilon 0.9598
Epsilon 0.9464
Epsilon 0.9330
Epsilon 0.9196
Epsilon 0.9062
Epsilon 0.8928
Epsilon 0.8794
Iter 17 | Reward(mean±std): -7.04 ± 4.24 | Price(mean±std): 23.55 ± 4.06
Episode: 10
Steps per episode: 336
Epsilon 1.0000
Epsilon 0.9866
Epsilon 0.9732
Epsilon 0.9598
Epsilon 0.9464
Epsilon 0.9330
Epsilon 0.9196
Epsilon 0.9062
Epsilon 0.8928
Epsilon 0.8794
Iter 18 | Reward(mean±std): -7.41 ± 2.46 | Price(mean±std): 25.34 ± 3.94
Episode: 10
Steps per episode: 336
Epsilon 1.0000
Epsilon 0.9866
Epsilon 0.9732
Epsilon 0.9598
Epsilon 0.9464
Epsilon 0.9330
Epsilon 0.9196
Epsilon 0.9062
Epsilon 0.8928
Epsilon 0.8794
Iter 19 | Reward(mean±std): -7.42 ± 2.58 | Price(mean±std): 25.35 ± 4.13
Episode: 10
Steps per episode: 336
Epsilon 1.0000
Epsilon 0.9866
Epsilon 0.9732
Epsilon 0.9598
Epsilon 0.9464
Epsilon 0.9330
Epsilon 0.9196
Epsilon 0.9062
Epsilon 0.8928
Epsilon 0.8794
Iter 20 | Reward(mean±std): -6.97 ± 2.87 | Price(mean±std): 24.64 ± 4.60
Episode: 10
Steps per episode: 336
Epsilon 1.0000
Epsilon 0.9866
Epsilon 0.9732
Epsilon 0.9598
Epsilon 0.9464
Epsilon 0.9330
Epsilon 0.9196
Epsilon 0.9062
Epsilon 0.8928
Epsilon 0.8794
Iter 21 | Reward(mean±std): -7.33 ± 2.51 | Price(mean±std): 25.12 ± 3.82
Episode: 10
Steps per episode: 336
Epsilon 1.0000
Epsilon 0.9866
Epsilon 0.9732
Epsilon 0.9598
Epsilon 0.9464
Epsilon 0.9330
Epsilon 0.9196
Epsilon 0.9062
Epsilon 0.8928
Epsilon 0.8794
Iter 22 | Reward(mean±std): -5.63 ± 2.32 | Price(mean±std): 22.50 ± 3.71
Episode: 10
Steps per episode: 336
Epsilon 1.0000
Epsilon 0.9866
Epsilon 0.9732
Epsilon 0.9598
Epsilon 0.9464
Epsilon 0.9330
Epsilon 0.9196
Epsilon 0.9062
Epsilon 0.8928
Epsilon 0.8794
Iter 23 | Reward(mean±std): -6.53 ± 2.48 | Price(mean±std): 23.93 ± 3.97
Episode: 10
Steps per episode: 336
Epsilon 1.0000
Epsilon 0.9866
Epsilon 0.9732
Epsilon 0.9598
Epsilon 0.9464
Epsilon 0.9330
Epsilon 0.9196
Epsilon 0.9062
Epsilon 0.8928
Epsilon 0.8794
Iter 24 | Reward(mean±std): -8.04 ± 2.94 | Price(mean±std): 26.35 ± 4.70
Episode: 10
Steps per episode: 336
Epsilon 1.0000
Epsilon 0.9866
Epsilon 0.9732
Epsilon 0.9598
Epsilon 0.9464
Epsilon 0.9330
Epsilon 0.9196
Epsilon 0.9062
Epsilon 0.8928
Epsilon 0.8794
Iter 25 | Reward(mean±std): -7.02 ± 2.31 | Price(mean±std): 24.71 ± 3.69
Episode: 10
Steps per episode: 336
Epsilon 1.0000
Epsilon 0.9866
Epsilon 0.9732
Epsilon 0.9598
Epsilon 0.9464
Epsilon 0.9330
Epsilon 0.9196
Epsilon 0.9062
Epsilon 0.8928
Epsilon 0.8794
Iter 26 | Reward(mean±std): -7.81 ± 3.31 | Price(mean±std): 25.19 ± 4.11
Episode: 10
Steps per episode: 336
Epsilon 1.0000
Epsilon 0.9866
Epsilon 0.9732
Epsilon 0.9598
Epsilon 0.9464
Epsilon 0.9330
Epsilon 0.9196
Epsilon 0.9062
Epsilon 0.8928
Epsilon 0.8794
Iter 27 | Reward(mean±std): -6.71 ± 2.63 | Price(mean±std): 24.23 ± 4.20
Episode: 10
Steps per episode: 336
Epsilon 1.0000
Epsilon 0.9866
Epsilon 0.9732
Epsilon 0.9598
Epsilon 0.9464
Epsilon 0.9330
Epsilon 0.9196
Epsilon 0.9062
Epsilon 0.8928
Epsilon 0.8794
Iter 28 | Reward(mean±std): -7.65 ± 2.50 | Price(mean±std): 25.72 ± 4.00
Episode: 10
Steps per episode: 336
Epsilon 1.0000
Epsilon 0.9866
Epsilon 0.9732
Epsilon 0.9598
Epsilon 0.9464
Epsilon 0.9330
Epsilon 0.9196
Epsilon 0.9062
Epsilon 0.8928
Epsilon 0.8794
Iter 29 | Reward(mean±std): -7.25 ± 2.46 | Price(mean±std): 25.09 ± 3.94
Episode: 10
Steps per episode: 336
Epsilon 1.0000
Epsilon 0.9866
Epsilon 0.9732
Epsilon 0.9598
Epsilon 0.9464
Epsilon 0.9330
Epsilon 0.9196
Epsilon 0.9062
Epsilon 0.8928
Epsilon 0.8794
Iter 30 | Reward(mean±std): -7.47 ± 2.27 | Price(mean±std): 25.43 ± 3.63
Episode: 10
Steps per episode: 336
Epsilon 1.0000
Epsilon 0.9866
Epsilon 0.9732
Epsilon 0.9598
Epsilon 0.9464
Epsilon 0.9330
Epsilon 0.9196
Epsilon 0.9062
Epsilon 0.8928
Epsilon 0.8794
Iter 31 | Reward(mean±std): -6.07 ± 2.83 | Price(mean±std): 23.20 ± 4.53
Episode: 10
Steps per episode: 336
Epsilon 1.0000
Epsilon 0.9866
Epsilon 0.9732
Epsilon 0.9598
Epsilon 0.9464
Epsilon 0.9330
Epsilon 0.9196
Epsilon 0.9062
Epsilon 0.8928
Epsilon 0.8794
Iter 32 | Reward(mean±std): -6.96 ± 2.50 | Price(mean±std): 24.63 ± 3.99
Episode: 10
Steps per episode: 336
Epsilon 1.0000
Epsilon 0.9866
Epsilon 0.9732
Epsilon 0.9598
Epsilon 0.9464
Epsilon 0.9330
Epsilon 0.9196
Epsilon 0.9062
Epsilon 0.8928
Epsilon 0.8794
Iter 33 | Reward(mean±std): -6.62 ± 2.66 | Price(mean±std): 24.08 ± 4.25
Episode: 10
Steps per episode: 336
Epsilon 1.0000
Epsilon 0.9866
Epsilon 0.9732
Epsilon 0.9598
Epsilon 0.9464
Epsilon 0.9330
Epsilon 0.9196
Epsilon 0.9062
Epsilon 0.8928
Epsilon 0.8794
Iter 34 | Reward(mean±std): -7.29 ± 2.67 | Price(mean±std): 25.16 ± 4.28
Episode: 10
Steps per episode: 336
Epsilon 1.0000
Epsilon 0.9866
Epsilon 0.9732
Epsilon 0.9598
Epsilon 0.9464
Epsilon 0.9330
Epsilon 0.9196
Epsilon 0.9062
Epsilon 0.8928
Epsilon 0.8794
Iter 35 | Reward(mean±std): -6.50 ± 2.46 | Price(mean±std): 23.89 ± 3.94
Episode: 10
Steps per episode: 336
Epsilon 1.0000
Epsilon 0.9866
Epsilon 0.9732
Epsilon 0.9598
Epsilon 0.9464
Epsilon 0.9330
Epsilon 0.9196
Epsilon 0.9062
Epsilon 0.8928
Epsilon 0.8794
Iter 36 | Reward(mean±std): -5.38 ± 1.94 | Price(mean±std): 22.09 ± 3.11
Episode: 10
Steps per episode: 336
Epsilon 1.0000
Epsilon 0.9866
Epsilon 0.9732
Epsilon 0.9598
Epsilon 0.9464
Epsilon 0.9330
Epsilon 0.9196
Epsilon 0.9062
Epsilon 0.8928
Epsilon 0.8794
Iter 37 | Reward(mean±std): -7.24 ± 3.09 | Price(mean±std): 25.06 ± 4.94
Episode: 10
Steps per episode: 336
Epsilon 1.0000
Epsilon 0.9866
Epsilon 0.9732
Epsilon 0.9598
Epsilon 0.9464
Epsilon 0.9330
Epsilon 0.9196
Epsilon 0.9062
Epsilon 0.8928
Epsilon 0.8794
Iter 38 | Reward(mean±std): -6.00 ± 2.24 | Price(mean±std): 23.09 ± 3.59
Episode: 10
Steps per episode: 336
Epsilon 1.0000
Epsilon 0.9866
Epsilon 0.9732
Epsilon 0.9598
Epsilon 0.9464
Epsilon 0.9330
Epsilon 0.9196
Epsilon 0.9062
Epsilon 0.8928
Epsilon 0.8794
Iter 39 | Reward(mean±std): -6.27 ± 2.37 | Price(mean±std): 23.52 ± 3.79

Best mean price over checkpoints: 22.09
Last raw mean reward: -6.27
Last smoothed mean reward (window=5): -6.28
  [EXTENDED] final evaluation with best weights...
Deterministic eval: epsilon = 0.0 (greedy)
Episode: 1
Steps per episode: 17535
Epsilon 0.0000
Final price: 1219.67 EUR
    DQN cost: 1219.67 EUR  (improvement: 15.8%  fraction of theoretical: 55.3%)
    Saved user_156_extended_price_comparison.pdf / .png
  [done] user 156 written to CSV.

[18/30]
============================================================
USER 180  (cluster 17)
============================================================
  [setup] imports...
Using Apple Silicon MPS Acceleration

Tensor created on device: mps:0
  [setup] data loading...
  [setup] preprocessing...
Detected step: 30.0 min | KorakovNaDan=48 | BatMaxPolnjenje=3.000 | BatMaxPraznjenje=3.000
Using Scaler: RobustScaler
                           Energy_Consumption  ...  SMP_OutlierFlag
Timestamp_UTC                                  ...                 
2010-07-01 00:30:00+00:00            0.273408  ...              0.0
2010-07-01 01:00:00+00:00            0.258427  ...              0.0
2010-07-01 01:30:00+00:00            0.337079  ...              0.0
2010-07-01 02:00:00+00:00            0.232210  ...              0.0
2010-07-01 02:30:00+00:00            0.097378  ...              0.0

[5 rows x 4 columns]
Notebook DQN now uses HouseholdEnvironment directly
  [setup] DQN class & Learning_DQN...
  [baselines] test env + MILP function...
  [baselines] SARSA agents + random DQN eval...
cena po optimizaciji 1564.6486815366147
Random eval: epsilon = 1.0
Episode: 1
Steps per episode: 17535
Epsilon 1.0000
Final price: 2737.22 EUR
  [baselines] no-battery agent...
  [baselines] MILP benchmark (this may take several minutes)...
Building MILP Model...
Solving over 17535 steps... (This may take a moment)

--- MILP Optimization Complete ---
Total Electricity Cost (Inc GST & Fixed): $859.2336
Total RL Equivalent Reward: -95.8301
    No-battery cost: 1249.21 EUR | MILP cost: 859.23 EUR
  [BASIC] training (100 episodes)...
Reset requested: removed old DQN checkpoint.
Episode: 100
Steps per episode: 336
Epsilon 1.0000
Epsilon 0.9942
Epsilon 0.9808
Epsilon 0.9674
Epsilon 0.9540
Epsilon 0.9406
Epsilon 0.9272
Epsilon 0.9138
Epsilon 0.9004
Epsilon 0.8870
Epsilon 0.8736
Epsilon 0.8602
Epsilon 0.8468
Epsilon 0.8334
Epsilon 0.8200
Epsilon 0.8066
Epsilon 0.7932
Epsilon 0.7798
Epsilon 0.7664
Epsilon 0.7530
Epsilon 0.7396
Epsilon 0.7262
Epsilon 0.7128
Epsilon 0.6994
Epsilon 0.6860
Epsilon 0.6726
Epsilon 0.6592
Epsilon 0.6458
Epsilon 0.6324
Epsilon 0.6190
Epsilon 0.6056
Epsilon 0.5922
Epsilon 0.5788
Epsilon 0.5654
Epsilon 0.5520
Epsilon 0.5386
Epsilon 0.5252
Epsilon 0.5118
Epsilon 0.4984
Epsilon 0.4850
Epsilon 0.4716
Epsilon 0.4582
Epsilon 0.4448
Epsilon 0.4314
Epsilon 0.4180
Epsilon 0.4046
Epsilon 0.3912
Epsilon 0.3778
Epsilon 0.3644
Epsilon 0.3510
Epsilon 0.3376
Epsilon 0.3242
Epsilon 0.3108
Epsilon 0.2974
Epsilon 0.2840
Epsilon 0.2706
Epsilon 0.2572
Epsilon 0.2438
Epsilon 0.2304
Epsilon 0.2170
Epsilon 0.2036
Epsilon 0.1902
Epsilon 0.1768
Epsilon 0.1634
Epsilon 0.1500
Epsilon 0.1366
Epsilon 0.1232
Epsilon 0.1098
Epsilon 0.0964
Epsilon 0.0830
Epsilon 0.0696
Epsilon 0.0562
Epsilon 0.0428
Epsilon 0.0294
Epsilon 0.0160
Epsilon 0.0100
Epsilon 0.0100
Epsilon 0.0100
Epsilon 0.0100
Epsilon 0.0100
Epsilon 0.0100
Epsilon 0.0100
Epsilon 0.0100
Epsilon 0.0100
Epsilon 0.0100
Epsilon 0.0100
Epsilon 0.0100
Epsilon 0.0100
Epsilon 0.0100
Epsilon 0.0100
Epsilon 0.0100
Epsilon 0.0100
Epsilon 0.0100
Epsilon 0.0100
Epsilon 0.0100
Epsilon 0.0100
Epsilon 0.0100
Epsilon 0.0100
Epsilon 0.0100
Epsilon 0.0100
  [BASIC] evaluation...
Deterministic eval: epsilon = 0.0 (greedy)
Episode: 1
Steps per episode: 17535
Epsilon 0.0000
Final price: 1136.78 EUR
    DQN cost: 1136.78 EUR  (improvement: 9.0%  fraction of theoretical: 28.8%)
    Saved user_180_basic_price_comparison.pdf / .png
  [EXTENDED] convergence training (40 x 10 episodes with eval)...
Reset requested: removed old DQN checkpoint.
Episode: 10
Steps per episode: 336
Epsilon 1.0000
Epsilon 0.9942
Epsilon 0.9808
Epsilon 0.9674
Epsilon 0.9540
Epsilon 0.9406
Epsilon 0.9272
Epsilon 0.9138
Epsilon 0.9004
Epsilon 0.8870
Episode: 10
Steps per episode: 336
Epsilon 1.0000
Epsilon 0.9866
Epsilon 0.9732
Epsilon 0.9598
Epsilon 0.9464
Epsilon 0.9330
Epsilon 0.9196
Epsilon 0.9062
Epsilon 0.8928
Epsilon 0.8794
Iter 00 | Reward(mean±std): -9.58 ± 10.64 | Price(mean±std): 23.72 ± 9.48
Episode: 10
Steps per episode: 336
Epsilon 1.0000
Epsilon 0.9866
Epsilon 0.9732
Epsilon 0.9598
Epsilon 0.9464
Epsilon 0.9330
Epsilon 0.9196
Epsilon 0.9062
Epsilon 0.8928
Epsilon 0.8794
Iter 01 | Reward(mean±std): -75.84 ± 31.17 | Price(mean±std): 23.43 ± 9.49
Episode: 10
Steps per episode: 336
Epsilon 1.0000
Epsilon 0.9866
Epsilon 0.9732
Epsilon 0.9598
Epsilon 0.9464
Epsilon 0.9330
Epsilon 0.9196
Epsilon 0.9062
Epsilon 0.8928
Epsilon 0.8794
Iter 02 | Reward(mean±std): -21.09 ± 18.59 | Price(mean±std): 23.04 ± 9.74
Episode: 10
Steps per episode: 336
Epsilon 1.0000
Epsilon 0.9866
Epsilon 0.9732
Epsilon 0.9598
Epsilon 0.9464
Epsilon 0.9330
Epsilon 0.9196
Epsilon 0.9062
Epsilon 0.8928
Epsilon 0.8794
Iter 03 | Reward(mean±std): -62.20 ± 15.16 | Price(mean±std): 24.91 ± 9.24
Episode: 10
Steps per episode: 336
Epsilon 1.0000
Epsilon 0.9866
Epsilon 0.9732
Epsilon 0.9598
Epsilon 0.9464
Epsilon 0.9330
Epsilon 0.9196
Epsilon 0.9062
Epsilon 0.8928
Epsilon 0.8794
Iter 04 | Reward(mean±std): -5.32 ± 5.98 | Price(mean±std): 21.89 ± 9.38
Episode: 10
Steps per episode: 336
Epsilon 1.0000
Epsilon 0.9866
Epsilon 0.9732
Epsilon 0.9598
Epsilon 0.9464
Epsilon 0.9330
Epsilon 0.9196
Epsilon 0.9062
Epsilon 0.8928
Epsilon 0.8794
Iter 05 | Reward(mean±std): -5.50 ± 6.87 | Price(mean±std): 21.49 ± 9.31
Episode: 10
Steps per episode: 336
Epsilon 1.0000
Epsilon 0.9866
Epsilon 0.9732
Epsilon 0.9598
Epsilon 0.9464
Epsilon 0.9330
Epsilon 0.9196
Epsilon 0.9062
Epsilon 0.8928
Epsilon 0.8794
Iter 06 | Reward(mean±std): -5.56 ± 5.42 | Price(mean±std): 22.38 ± 8.67
Episode: 10
Steps per episode: 336
Epsilon 1.0000
Epsilon 0.9866
Epsilon 0.9732
Epsilon 0.9598
Epsilon 0.9464
Epsilon 0.9330
Epsilon 0.9196
Epsilon 0.9062
Epsilon 0.8928
Epsilon 0.8794
Iter 07 | Reward(mean±std): -5.66 ± 5.95 | Price(mean±std): 22.54 ± 9.52
Episode: 10
Steps per episode: 336
Epsilon 1.0000
Epsilon 0.9866
Epsilon 0.9732
Epsilon 0.9598
Epsilon 0.9464
Epsilon 0.9330
Epsilon 0.9196
Epsilon 0.9062
Epsilon 0.8928
Epsilon 0.8794
Iter 08 | Reward(mean±std): -6.49 ± 6.94 | Price(mean±std): 23.18 ± 9.66
Episode: 10
Steps per episode: 336
Epsilon 1.0000
Epsilon 0.9866
Epsilon 0.9732
Epsilon 0.9598
Epsilon 0.9464
Epsilon 0.9330
Epsilon 0.9196
Epsilon 0.9062
Epsilon 0.8928
Epsilon 0.8794
Iter 09 | Reward(mean±std): -6.10 ± 6.07 | Price(mean±std): 23.14 ± 9.51
Episode: 10
Steps per episode: 336
Epsilon 1.0000
Epsilon 0.9866
Epsilon 0.9732
Epsilon 0.9598
Epsilon 0.9464
Epsilon 0.9330
Epsilon 0.9196
Epsilon 0.9062
Epsilon 0.8928
Epsilon 0.8794
Iter 10 | Reward(mean±std): -7.19 ± 9.28 | Price(mean±std): 22.58 ± 9.61
Episode: 10
Steps per episode: 336
Epsilon 1.0000
Epsilon 0.9866
Epsilon 0.9732
Epsilon 0.9598
Epsilon 0.9464
Epsilon 0.9330
Epsilon 0.9196
Epsilon 0.9062
Epsilon 0.8928
Epsilon 0.8794
Iter 11 | Reward(mean±std): -6.17 ± 6.26 | Price(mean±std): 23.06 ± 9.42
Episode: 10
Steps per episode: 336
Epsilon 1.0000
Epsilon 0.9866
Epsilon 0.9732
Epsilon 0.9598
Epsilon 0.9464
Epsilon 0.9330
Epsilon 0.9196
Epsilon 0.9062
Epsilon 0.8928
Epsilon 0.8794
Iter 12 | Reward(mean±std): -8.85 ± 13.21 | Price(mean±std): 21.95 ± 9.52
Episode: 10
Steps per episode: 336
Epsilon 1.0000
Epsilon 0.9866
Epsilon 0.9732
Epsilon 0.9598
Epsilon 0.9464
Epsilon 0.9330
Epsilon 0.9196
Epsilon 0.9062
Epsilon 0.8928
Epsilon 0.8794
Iter 13 | Reward(mean±std): -12.02 ± 16.02 | Price(mean±std): 23.71 ± 9.74
Episode: 10
Steps per episode: 336
Epsilon 1.0000
Epsilon 0.9866
Epsilon 0.9732
Epsilon 0.9598
Epsilon 0.9464
Epsilon 0.9330
Epsilon 0.9196
Epsilon 0.9062
Epsilon 0.8928
Epsilon 0.8794
Iter 14 | Reward(mean±std): -12.63 ± 17.22 | Price(mean±std): 24.29 ± 9.50
Episode: 10
Steps per episode: 336
Epsilon 1.0000
Epsilon 0.9866
Epsilon 0.9732
Epsilon 0.9598
Epsilon 0.9464
Epsilon 0.9330
Epsilon 0.9196
Epsilon 0.9062
Epsilon 0.8928
Epsilon 0.8794
Iter 15 | Reward(mean±std): -11.23 ± 15.30 | Price(mean±std): 23.26 ± 9.64
Episode: 10
Steps per episode: 336
Epsilon 1.0000
Epsilon 0.9866
Epsilon 0.9732
Epsilon 0.9598
Epsilon 0.9464
Epsilon 0.9330
Epsilon 0.9196
Epsilon 0.9062
Epsilon 0.8928
Epsilon 0.8794
Iter 16 | Reward(mean±std): -6.09 ± 7.21 | Price(mean±std): 22.23 ± 9.57
Episode: 10
Steps per episode: 336
Epsilon 1.0000
Epsilon 0.9866
Epsilon 0.9732
Epsilon 0.9598
Epsilon 0.9464
Epsilon 0.9330
Epsilon 0.9196
Epsilon 0.9062
Epsilon 0.8928
Epsilon 0.8794
Iter 17 | Reward(mean±std): -9.41 ± 15.14 | Price(mean±std): 22.24 ± 9.33
Episode: 10
Steps per episode: 336
Epsilon 1.0000
Epsilon 0.9866
Epsilon 0.9732
Epsilon 0.9598
Epsilon 0.9464
Epsilon 0.9330
Epsilon 0.9196
Epsilon 0.9062
Epsilon 0.8928
Epsilon 0.8794
Iter 18 | Reward(mean±std): -25.00 ± 17.54 | Price(mean±std): 24.49 ± 9.07
Episode: 10
Steps per episode: 336
Epsilon 1.0000
Epsilon 0.9866
Epsilon 0.9732
Epsilon 0.9598
Epsilon 0.9464
Epsilon 0.9330
Epsilon 0.9196
Epsilon 0.9062
Epsilon 0.8928
Epsilon 0.8794
Iter 19 | Reward(mean±std): -31.00 ± 17.37 | Price(mean±std): 24.28 ± 9.04
Episode: 10
Steps per episode: 336
Epsilon 1.0000
Epsilon 0.9866
Epsilon 0.9732
Epsilon 0.9598
Epsilon 0.9464
Epsilon 0.9330
Epsilon 0.9196
Epsilon 0.9062
Epsilon 0.8928
Epsilon 0.8794
Iter 20 | Reward(mean±std): -7.13 ± 8.27 | Price(mean±std): 22.90 ± 9.40
Episode: 10
Steps per episode: 336
Epsilon 1.0000
Epsilon 0.9866
Epsilon 0.9732
Epsilon 0.9598
Epsilon 0.9464
Epsilon 0.9330
Epsilon 0.9196
Epsilon 0.9062
Epsilon 0.8928
Epsilon 0.8794
Iter 21 | Reward(mean±std): -20.06 ± 13.35 | Price(mean±std): 23.38 ± 9.30
Episode: 10
Steps per episode: 336
Epsilon 1.0000
Epsilon 0.9866
Epsilon 0.9732
Epsilon 0.9598
Epsilon 0.9464
Epsilon 0.9330
Epsilon 0.9196
Epsilon 0.9062
Epsilon 0.8928
Epsilon 0.8794
Iter 22 | Reward(mean±std): -23.30 ± 8.35 | Price(mean±std): 24.27 ± 8.76
Episode: 10
Steps per episode: 336
Epsilon 1.0000
Epsilon 0.9866
Epsilon 0.9732
Epsilon 0.9598
Epsilon 0.9464
Epsilon 0.9330
Epsilon 0.9196
Epsilon 0.9062
Epsilon 0.8928
Epsilon 0.8794
Iter 23 | Reward(mean±std): -6.66 ± 5.37 | Price(mean±std): 23.14 ± 9.00
Episode: 10
Steps per episode: 336
Epsilon 1.0000
Epsilon 0.9866
Epsilon 0.9732
Epsilon 0.9598
Epsilon 0.9464
Epsilon 0.9330
Epsilon 0.9196
Epsilon 0.9062
Epsilon 0.8928
Epsilon 0.8794
Iter 24 | Reward(mean±std): -5.37 ± 6.13 | Price(mean±std): 21.97 ± 9.67
Episode: 10
Steps per episode: 336
Epsilon 1.0000
Epsilon 0.9866
Epsilon 0.9732
Epsilon 0.9598
Epsilon 0.9464
Epsilon 0.9330
Epsilon 0.9196
Epsilon 0.9062
Epsilon 0.8928
Epsilon 0.8794
Iter 25 | Reward(mean±std): -16.38 ± 21.71 | Price(mean±std): 23.29 ± 9.56
Episode: 10
Steps per episode: 336
Epsilon 1.0000
Epsilon 0.9866
Epsilon 0.9732
Epsilon 0.9598
Epsilon 0.9464
Epsilon 0.9330
Epsilon 0.9196
Epsilon 0.9062
Epsilon 0.8928
Epsilon 0.8794
Iter 26 | Reward(mean±std): -17.89 ± 26.41 | Price(mean±std): 23.31 ± 9.47
Episode: 10
Steps per episode: 336
Epsilon 1.0000
Epsilon 0.9866
Epsilon 0.9732
Epsilon 0.9598
Epsilon 0.9464
Epsilon 0.9330
Epsilon 0.9196
Epsilon 0.9062
Epsilon 0.8928
Epsilon 0.8794
Iter 27 | Reward(mean±std): -13.15 ± 15.74 | Price(mean±std): 22.33 ± 9.69
Episode: 10
Steps per episode: 336
Epsilon 1.0000
Epsilon 0.9866
Epsilon 0.9732
Epsilon 0.9598
Epsilon 0.9464
Epsilon 0.9330
Epsilon 0.9196
Epsilon 0.9062
Epsilon 0.8928
Epsilon 0.8794
Iter 28 | Reward(mean±std): -4.97 ± 5.31 | Price(mean±std): 21.34 ± 8.29
Episode: 10
Steps per episode: 336
Epsilon 1.0000
Epsilon 0.9866
Epsilon 0.9732
Epsilon 0.9598
Epsilon 0.9464
Epsilon 0.9330
Epsilon 0.9196
Epsilon 0.9062
Epsilon 0.8928
Epsilon 0.8794
Iter 29 | Reward(mean±std): -5.08 ± 6.14 | Price(mean±std): 21.42 ± 9.42
Episode: 10
Steps per episode: 336
Epsilon 1.0000
Epsilon 0.9866
Epsilon 0.9732
Epsilon 0.9598
Epsilon 0.9464
Epsilon 0.9330
Epsilon 0.9196
Epsilon 0.9062
Epsilon 0.8928
Epsilon 0.8794
Iter 30 | Reward(mean±std): -5.95 ± 7.28 | Price(mean±std): 21.90 ± 9.31
Episode: 10
Steps per episode: 336
Epsilon 1.0000
Epsilon 0.9866
Epsilon 0.9732
Epsilon 0.9598
Epsilon 0.9464
Epsilon 0.9330
Epsilon 0.9196
Epsilon 0.9062
Epsilon 0.8928
Epsilon 0.8794
Iter 31 | Reward(mean±std): -5.39 ± 6.18 | Price(mean±std): 22.01 ± 9.90
Episode: 10
Steps per episode: 336
Epsilon 1.0000
Epsilon 0.9866
Epsilon 0.9732
Epsilon 0.9598
Epsilon 0.9464
Epsilon 0.9330
Epsilon 0.9196
Epsilon 0.9062
Epsilon 0.8928
Epsilon 0.8794
Iter 32 | Reward(mean±std): -13.18 ± 15.89 | Price(mean±std): 23.48 ± 9.32
Episode: 10
Steps per episode: 336
Epsilon 1.0000
Epsilon 0.9866
Epsilon 0.9732
Epsilon 0.9598
Epsilon 0.9464
Epsilon 0.9330
Epsilon 0.9196
Epsilon 0.9062
Epsilon 0.8928
Epsilon 0.8794
Iter 33 | Reward(mean±std): -5.70 ± 5.86 | Price(mean±std): 22.51 ± 9.42
Episode: 10
Steps per episode: 336
Epsilon 1.0000
Epsilon 0.9866
Epsilon 0.9732
Epsilon 0.9598
Epsilon 0.9464
Epsilon 0.9330
Epsilon 0.9196
Epsilon 0.9062
Epsilon 0.8928
Epsilon 0.8794
Iter 34 | Reward(mean±std): -4.93 ± 5.46 | Price(mean±std): 21.37 ± 8.73
Episode: 10
Steps per episode: 336
Epsilon 1.0000
Epsilon 0.9866
Epsilon 0.9732
Epsilon 0.9598
Epsilon 0.9464
Epsilon 0.9330
Epsilon 0.9196
Epsilon 0.9062
Epsilon 0.8928
Epsilon 0.8794
Iter 35 | Reward(mean±std): -5.19 ± 6.25 | Price(mean±std): 21.39 ± 9.28
Episode: 10
Steps per episode: 336
Epsilon 1.0000
Epsilon 0.9866
Epsilon 0.9732
Epsilon 0.9598
Epsilon 0.9464
Epsilon 0.9330
Epsilon 0.9196
Epsilon 0.9062
Epsilon 0.8928
Epsilon 0.8794
Iter 36 | Reward(mean±std): -4.92 ± 5.52 | Price(mean±std): 21.36 ± 8.82
Episode: 10
Steps per episode: 336
Epsilon 1.0000
Epsilon 0.9866
Epsilon 0.9732
Epsilon 0.9598
Epsilon 0.9464
Epsilon 0.9330
Epsilon 0.9196
Epsilon 0.9062
Epsilon 0.8928
Epsilon 0.8794
Iter 37 | Reward(mean±std): -5.15 ± 5.70 | Price(mean±std): 21.73 ± 9.13
Episode: 10
Steps per episode: 336
Epsilon 1.0000
Epsilon 0.9866
Epsilon 0.9732
Epsilon 0.9598
Epsilon 0.9464
Epsilon 0.9330
Epsilon 0.9196
Epsilon 0.9062
Epsilon 0.8928
Epsilon 0.8794
Iter 38 | Reward(mean±std): -5.51 ± 5.57 | Price(mean±std): 22.30 ± 8.91
Episode: 10
Steps per episode: 336
Epsilon 1.0000
Epsilon 0.9866
Epsilon 0.9732
Epsilon 0.9598
Epsilon 0.9464
Epsilon 0.9330
Epsilon 0.9196
Epsilon 0.9062
Epsilon 0.8928
Epsilon 0.8794
Iter 39 | Reward(mean±std): -7.71 ± 9.30 | Price(mean±std): 24.43 ± 12.70

Best mean price over checkpoints: 21.34
Last raw mean reward: -7.71
Last smoothed mean reward (window=5): -5.70
  [EXTENDED] final evaluation with best weights...
Deterministic eval: epsilon = 0.0 (greedy)
Episode: 1
Steps per episode: 17535
Epsilon 0.0000
Final price: 1105.99 EUR
    DQN cost: 1105.99 EUR  (improvement: 11.5%  fraction of theoretical: 36.7%)
    Saved user_180_extended_price_comparison.pdf / .png
  [done] user 180 written to CSV.

[19/30]
============================================================
USER 21  (cluster 18)
============================================================
  [setup] imports...
Using Apple Silicon MPS Acceleration

Tensor created on device: mps:0
  [setup] data loading...
  [setup] preprocessing...
Detected step: 30.0 min | KorakovNaDan=48 | BatMaxPolnjenje=3.000 | BatMaxPraznjenje=3.000
Using Scaler: RobustScaler
                           Energy_Consumption  ...  SMP_OutlierFlag
Timestamp_UTC                                  ...                 
2010-07-01 00:30:00+00:00            1.446985  ...              0.0
2010-07-01 01:00:00+00:00            1.014553  ...              0.0
2010-07-01 01:30:00+00:00            0.883576  ...              0.0
2010-07-01 02:00:00+00:00            0.889813  ...              0.0
2010-07-01 02:30:00+00:00            0.941788  ...              0.0

[5 rows x 4 columns]
Notebook DQN now uses HouseholdEnvironment directly
  [setup] DQN class & Learning_DQN...
  [baselines] test env + MILP function...
  [baselines] SARSA agents + random DQN eval...
cena po optimizaciji 2281.525737429118
Random eval: epsilon = 1.0
Episode: 1
Steps per episode: 17535
Epsilon 1.0000
Final price: 3220.26 EUR
  [baselines] no-battery agent...
  [baselines] MILP benchmark (this may take several minutes)...
Building MILP Model...
Solving over 17535 steps... (This may take a moment)

--- MILP Optimization Complete ---
Total Electricity Cost (Inc GST & Fixed): $1231.5303
Total RL Equivalent Reward: -328.5155
    No-battery cost: 1882.85 EUR | MILP cost: 1231.53 EUR
  [BASIC] training (100 episodes)...
Reset requested: removed old DQN checkpoint.
Episode: 100
Steps per episode: 336
Epsilon 1.0000
Epsilon 0.9942
Epsilon 0.9808
Epsilon 0.9674
Epsilon 0.9540
Epsilon 0.9406
Epsilon 0.9272
Epsilon 0.9138
Epsilon 0.9004
Epsilon 0.8870
Epsilon 0.8736
Epsilon 0.8602
Epsilon 0.8468
Epsilon 0.8334
Epsilon 0.8200
Epsilon 0.8066
Epsilon 0.7932
Epsilon 0.7798
Epsilon 0.7664
Epsilon 0.7530
Epsilon 0.7396
Epsilon 0.7262
Epsilon 0.7128
Epsilon 0.6994
Epsilon 0.6860
Epsilon 0.6726
Epsilon 0.6592
Epsilon 0.6458
Epsilon 0.6324
Epsilon 0.6190
Epsilon 0.6056
Epsilon 0.5922
Epsilon 0.5788
Epsilon 0.5654
Epsilon 0.5520
Epsilon 0.5386
Epsilon 0.5252
Epsilon 0.5118
Epsilon 0.4984
Epsilon 0.4850
Epsilon 0.4716
Epsilon 0.4582
Epsilon 0.4448
Epsilon 0.4314
Epsilon 0.4180
Epsilon 0.4046
Epsilon 0.3912
Epsilon 0.3778
Epsilon 0.3644
Epsilon 0.3510
Epsilon 0.3376
Epsilon 0.3242
Epsilon 0.3108
Epsilon 0.2974
Epsilon 0.2840
Epsilon 0.2706
Epsilon 0.2572
Epsilon 0.2438
Epsilon 0.2304
Epsilon 0.2170
Epsilon 0.2036
Epsilon 0.1902
Epsilon 0.1768
Epsilon 0.1634
Epsilon 0.1500
Epsilon 0.1366
Epsilon 0.1232
Epsilon 0.1098
Epsilon 0.0964
Epsilon 0.0830
Epsilon 0.0696
Epsilon 0.0562
Epsilon 0.0428
Epsilon 0.0294
Epsilon 0.0160
Epsilon 0.0100
Epsilon 0.0100
Epsilon 0.0100
Epsilon 0.0100
Epsilon 0.0100
Epsilon 0.0100
Epsilon 0.0100
Epsilon 0.0100
Epsilon 0.0100
Epsilon 0.0100
Epsilon 0.0100
Epsilon 0.0100
Epsilon 0.0100
Epsilon 0.0100
Epsilon 0.0100
Epsilon 0.0100
Epsilon 0.0100
Epsilon 0.0100
Epsilon 0.0100
Epsilon 0.0100
Epsilon 0.0100
Epsilon 0.0100
Epsilon 0.0100
Epsilon 0.0100
Epsilon 0.0100
  [BASIC] evaluation...
Deterministic eval: epsilon = 0.0 (greedy)
Episode: 1
Steps per episode: 17535
Epsilon 0.0000
Final price: 1673.53 EUR
    DQN cost: 1673.53 EUR  (improvement: 11.1%  fraction of theoretical: 32.1%)
    Saved user_21_basic_price_comparison.pdf / .png
  [EXTENDED] convergence training (40 x 10 episodes with eval)...
Reset requested: removed old DQN checkpoint.
Episode: 10
Steps per episode: 336
Epsilon 1.0000
Epsilon 0.9942
Epsilon 0.9808
Epsilon 0.9674
Epsilon 0.9540
Epsilon 0.9406
Epsilon 0.9272
Epsilon 0.9138
Epsilon 0.9004
Epsilon 0.8870
Episode: 10
Steps per episode: 336
Epsilon 1.0000
Epsilon 0.9866
Epsilon 0.9732
Epsilon 0.9598
Epsilon 0.9464
Epsilon 0.9330
Epsilon 0.9196
Epsilon 0.9062
Epsilon 0.8928
Epsilon 0.8794
Iter 00 | Reward(mean±std): -18.22 ± 8.42 | Price(mean±std): 38.04 ± 5.76
Episode: 10
Steps per episode: 336
Epsilon 1.0000
Epsilon 0.9866
Epsilon 0.9732
Epsilon 0.9598
Epsilon 0.9464
Epsilon 0.9330
Epsilon 0.9196
Epsilon 0.9062
Epsilon 0.8928
Epsilon 0.8794
Iter 01 | Reward(mean±std): -59.01 ± 20.01 | Price(mean±std): 33.20 ± 6.88
Episode: 10
Steps per episode: 336
Epsilon 1.0000
Epsilon 0.9866
Epsilon 0.9732
Epsilon 0.9598
Epsilon 0.9464
Epsilon 0.9330
Epsilon 0.9196
Epsilon 0.9062
Epsilon 0.8928
Epsilon 0.8794
Iter 02 | Reward(mean±std): -13.21 ± 2.65 | Price(mean±std): 34.12 ± 4.67
Episode: 10
Steps per episode: 336
Epsilon 1.0000
Epsilon 0.9866
Epsilon 0.9732
Epsilon 0.9598
Epsilon 0.9464
Epsilon 0.9330
Epsilon 0.9196
Epsilon 0.9062
Epsilon 0.8928
Epsilon 0.8794
Iter 03 | Reward(mean±std): -13.29 ± 4.24 | Price(mean±std): 34.75 ± 6.79
Episode: 10
Steps per episode: 336
Epsilon 1.0000
Epsilon 0.9866
Epsilon 0.9732
Epsilon 0.9598
Epsilon 0.9464
Epsilon 0.9330
Epsilon 0.9196
Epsilon 0.9062
Epsilon 0.8928
Epsilon 0.8794
Iter 04 | Reward(mean±std): -12.65 ± 3.85 | Price(mean±std): 33.72 ± 6.17
Episode: 10
Steps per episode: 336
Epsilon 1.0000
Epsilon 0.9866
Epsilon 0.9732
Epsilon 0.9598
Epsilon 0.9464
Epsilon 0.9330
Epsilon 0.9196
Epsilon 0.9062
Epsilon 0.8928
Epsilon 0.8794
Iter 05 | Reward(mean±std): -13.95 ± 3.90 | Price(mean±std): 32.51 ± 4.89
Episode: 10
Steps per episode: 336
Epsilon 1.0000
Epsilon 0.9866
Epsilon 0.9732
Epsilon 0.9598
Epsilon 0.9464
Epsilon 0.9330
Epsilon 0.9196
Epsilon 0.9062
Epsilon 0.8928
Epsilon 0.8794
Iter 06 | Reward(mean±std): -19.48 ± 15.69 | Price(mean±std): 31.05 ± 5.53
Episode: 10
Steps per episode: 336
Epsilon 1.0000
Epsilon 0.9866
Epsilon 0.9732
Epsilon 0.9598
Epsilon 0.9464
Epsilon 0.9330
Epsilon 0.9196
Epsilon 0.9062
Epsilon 0.8928
Epsilon 0.8794
Iter 07 | Reward(mean±std): -13.13 ± 4.21 | Price(mean±std): 34.50 ± 6.73
Episode: 10
Steps per episode: 336
Epsilon 1.0000
Epsilon 0.9866
Epsilon 0.9732
Epsilon 0.9598
Epsilon 0.9464
Epsilon 0.9330
Epsilon 0.9196
Epsilon 0.9062
Epsilon 0.8928
Epsilon 0.8794
Iter 08 | Reward(mean±std): -13.44 ± 4.18 | Price(mean±std): 34.99 ± 6.69
Episode: 10
Steps per episode: 336
Epsilon 1.0000
Epsilon 0.9866
Epsilon 0.9732
Epsilon 0.9598
Epsilon 0.9464
Epsilon 0.9330
Epsilon 0.9196
Epsilon 0.9062
Epsilon 0.8928
Epsilon 0.8794
Iter 09 | Reward(mean±std): -13.34 ± 4.19 | Price(mean±std): 34.84 ± 6.70
Episode: 10
Steps per episode: 336
Epsilon 1.0000
Epsilon 0.9866
Epsilon 0.9732
Epsilon 0.9598
Epsilon 0.9464
Epsilon 0.9330
Epsilon 0.9196
Epsilon 0.9062
Epsilon 0.8928
Epsilon 0.8794
Iter 10 | Reward(mean±std): -10.72 ± 3.50 | Price(mean±std): 30.63 ± 5.60
Episode: 10
Steps per episode: 336
Epsilon 1.0000
Epsilon 0.9866
Epsilon 0.9732
Epsilon 0.9598
Epsilon 0.9464
Epsilon 0.9330
Epsilon 0.9196
Epsilon 0.9062
Epsilon 0.8928
Epsilon 0.8794
Iter 11 | Reward(mean±std): -11.07 ± 3.62 | Price(mean±std): 31.20 ± 5.79
Episode: 10
Steps per episode: 336
Epsilon 1.0000
Epsilon 0.9866
Epsilon 0.9732
Epsilon 0.9598
Epsilon 0.9464
Epsilon 0.9330
Epsilon 0.9196
Epsilon 0.9062
Epsilon 0.8928
Epsilon 0.8794
Iter 12 | Reward(mean±std): -13.09 ± 4.16 | Price(mean±std): 34.42 ± 6.65
Episode: 10
Steps per episode: 336
Epsilon 1.0000
Epsilon 0.9866
Epsilon 0.9732
Epsilon 0.9598
Epsilon 0.9464
Epsilon 0.9330
Epsilon 0.9196
Epsilon 0.9062
Epsilon 0.8928
Epsilon 0.8794
Iter 13 | Reward(mean±std): -12.86 ± 4.28 | Price(mean±std): 34.06 ± 6.85
Episode: 10
Steps per episode: 336
Epsilon 1.0000
Epsilon 0.9866
Epsilon 0.9732
Epsilon 0.9598
Epsilon 0.9464
Epsilon 0.9330
Epsilon 0.9196
Epsilon 0.9062
Epsilon 0.8928
Epsilon 0.8794
Iter 14 | Reward(mean±std): -10.72 ± 3.46 | Price(mean±std): 30.63 ± 5.54
Episode: 10
Steps per episode: 336
Epsilon 1.0000
Epsilon 0.9866
Epsilon 0.9732
Epsilon 0.9598
Epsilon 0.9464
Epsilon 0.9330
Epsilon 0.9196
Epsilon 0.9062
Epsilon 0.8928
Epsilon 0.8794
Iter 15 | Reward(mean±std): -12.06 ± 4.15 | Price(mean±std): 32.78 ± 6.65
Episode: 10
Steps per episode: 336
Epsilon 1.0000
Epsilon 0.9866
Epsilon 0.9732
Epsilon 0.9598
Epsilon 0.9464
Epsilon 0.9330
Epsilon 0.9196
Epsilon 0.9062
Epsilon 0.8928
Epsilon 0.8794
Iter 16 | Reward(mean±std): -11.49 ± 4.07 | Price(mean±std): 31.88 ± 6.52
Episode: 10
Steps per episode: 336
Epsilon 1.0000
Epsilon 0.9866
Epsilon 0.9732
Epsilon 0.9598
Epsilon 0.9464
Epsilon 0.9330
Epsilon 0.9196
Epsilon 0.9062
Epsilon 0.8928
Epsilon 0.8794
Iter 17 | Reward(mean±std): -9.77 ± 3.63 | Price(mean±std): 29.12 ± 5.82
Episode: 10
Steps per episode: 336
Epsilon 1.0000
Epsilon 0.9866
Epsilon 0.9732
Epsilon 0.9598
Epsilon 0.9464
Epsilon 0.9330
Epsilon 0.9196
Epsilon 0.9062
Epsilon 0.8928
Epsilon 0.8794
Iter 18 | Reward(mean±std): -12.16 ± 4.73 | Price(mean±std): 32.94 ± 7.57
Episode: 10
Steps per episode: 336
Epsilon 1.0000
Epsilon 0.9866
Epsilon 0.9732
Epsilon 0.9598
Epsilon 0.9464
Epsilon 0.9330
Epsilon 0.9196
Epsilon 0.9062
Epsilon 0.8928
Epsilon 0.8794
Iter 19 | Reward(mean±std): -9.94 ± 3.48 | Price(mean±std): 29.39 ± 5.57
Episode: 10
Steps per episode: 336
Epsilon 1.0000
Epsilon 0.9866
Epsilon 0.9732
Epsilon 0.9598
Epsilon 0.9464
Epsilon 0.9330
Epsilon 0.9196
Epsilon 0.9062
Epsilon 0.8928
Epsilon 0.8794
Iter 20 | Reward(mean±std): -12.39 ± 4.13 | Price(mean±std): 33.30 ± 6.61
Episode: 10
Steps per episode: 336
Epsilon 1.0000
Epsilon 0.9866
Epsilon 0.9732
Epsilon 0.9598
Epsilon 0.9464
Epsilon 0.9330
Epsilon 0.9196
Epsilon 0.9062
Epsilon 0.8928
Epsilon 0.8794
Iter 21 | Reward(mean±std): -11.39 ± 4.08 | Price(mean±std): 31.71 ± 6.52
Episode: 10
Steps per episode: 336
Epsilon 1.0000
Epsilon 0.9866
Epsilon 0.9732
Epsilon 0.9598
Epsilon 0.9464
Epsilon 0.9330
Epsilon 0.9196
Epsilon 0.9062
Epsilon 0.8928
Epsilon 0.8794
Iter 22 | Reward(mean±std): -10.51 ± 3.40 | Price(mean±std): 30.30 ± 5.44
Episode: 10
Steps per episode: 336
Epsilon 1.0000
Epsilon 0.9866
Epsilon 0.9732
Epsilon 0.9598
Epsilon 0.9464
Epsilon 0.9330
Epsilon 0.9196
Epsilon 0.9062
Epsilon 0.8928
Epsilon 0.8794
Iter 23 | Reward(mean±std): -14.48 ± 4.47 | Price(mean±std): 33.16 ± 6.73
Episode: 10
Steps per episode: 336
Epsilon 1.0000
Epsilon 0.9866
Epsilon 0.9732
Epsilon 0.9598
Epsilon 0.9464
Epsilon 0.9330
Epsilon 0.9196
Epsilon 0.9062
Epsilon 0.8928
Epsilon 0.8794
Iter 24 | Reward(mean±std): -40.58 ± 24.55 | Price(mean±std): 34.21 ± 6.77
Episode: 10
Steps per episode: 336
Epsilon 1.0000
Epsilon 0.9866
Epsilon 0.9732
Epsilon 0.9598
Epsilon 0.9464
Epsilon 0.9330
Epsilon 0.9196
Epsilon 0.9062
Epsilon 0.8928
Epsilon 0.8794
Iter 25 | Reward(mean±std): -12.85 ± 4.19 | Price(mean±std): 34.04 ± 6.70
Episode: 10
Steps per episode: 336
Epsilon 1.0000
Epsilon 0.9866
Epsilon 0.9732
Epsilon 0.9598
Epsilon 0.9464
Epsilon 0.9330
Epsilon 0.9196
Epsilon 0.9062
Epsilon 0.8928
Epsilon 0.8794
Iter 26 | Reward(mean±std): -10.31 ± 3.91 | Price(mean±std): 29.99 ± 6.26
Episode: 10
Steps per episode: 336
Epsilon 1.0000
Epsilon 0.9866
Epsilon 0.9732
Epsilon 0.9598
Epsilon 0.9464
Epsilon 0.9330
Epsilon 0.9196
Epsilon 0.9062
Epsilon 0.8928
Epsilon 0.8794
Iter 27 | Reward(mean±std): -10.06 ± 3.66 | Price(mean±std): 29.58 ± 5.86
Episode: 10
Steps per episode: 336
Epsilon 1.0000
Epsilon 0.9866
Epsilon 0.9732
Epsilon 0.9598
Epsilon 0.9464
Epsilon 0.9330
Epsilon 0.9196
Epsilon 0.9062
Epsilon 0.8928
Epsilon 0.8794
Iter 28 | Reward(mean±std): -8.20 ± 2.69 | Price(mean±std): 26.60 ± 4.30
Episode: 10
Steps per episode: 336
Epsilon 1.0000
Epsilon 0.9866
Epsilon 0.9732
Epsilon 0.9598
Epsilon 0.9464
Epsilon 0.9330
Epsilon 0.9196
Epsilon 0.9062
Epsilon 0.8928
Epsilon 0.8794
Iter 29 | Reward(mean±std): -9.86 ± 3.47 | Price(mean±std): 29.26 ± 5.56
Episode: 10
Steps per episode: 336
Epsilon 1.0000
Epsilon 0.9866
Epsilon 0.9732
Epsilon 0.9598
Epsilon 0.9464
Epsilon 0.9330
Epsilon 0.9196
Epsilon 0.9062
Epsilon 0.8928
Epsilon 0.8794
Iter 30 | Reward(mean±std): -9.52 ± 3.06 | Price(mean±std): 28.72 ± 4.89
Episode: 10
Steps per episode: 336
Epsilon 1.0000
Epsilon 0.9866
Epsilon 0.9732
Epsilon 0.9598
Epsilon 0.9464
Epsilon 0.9330
Epsilon 0.9196
Epsilon 0.9062
Epsilon 0.8928
Epsilon 0.8794
Iter 31 | Reward(mean±std): -10.15 ± 3.40 | Price(mean±std): 29.73 ± 5.44
Episode: 10
Steps per episode: 336
Epsilon 1.0000
Epsilon 0.9866
Epsilon 0.9732
Epsilon 0.9598
Epsilon 0.9464
Epsilon 0.9330
Epsilon 0.9196
Epsilon 0.9062
Epsilon 0.8928
Epsilon 0.8794
Iter 32 | Reward(mean±std): -9.98 ± 3.66 | Price(mean±std): 29.46 ± 5.86
Episode: 10
Steps per episode: 336
Epsilon 1.0000
Epsilon 0.9866
Epsilon 0.9732
Epsilon 0.9598
Epsilon 0.9464
Epsilon 0.9330
Epsilon 0.9196
Epsilon 0.9062
Epsilon 0.8928
Epsilon 0.8794
Iter 33 | Reward(mean±std): -11.35 ± 3.96 | Price(mean±std): 31.65 ± 6.34
Episode: 10
Steps per episode: 336
Epsilon 1.0000
Epsilon 0.9866
Epsilon 0.9732
Epsilon 0.9598
Epsilon 0.9464
Epsilon 0.9330
Epsilon 0.9196
Epsilon 0.9062
Epsilon 0.8928
Epsilon 0.8794
Iter 34 | Reward(mean±std): -12.57 ± 4.19 | Price(mean±std): 33.60 ± 6.71
Episode: 10
Steps per episode: 336
Epsilon 1.0000
Epsilon 0.9866
Epsilon 0.9732
Epsilon 0.9598
Epsilon 0.9464
Epsilon 0.9330
Epsilon 0.9196
Epsilon 0.9062
Epsilon 0.8928
Epsilon 0.8794
Iter 35 | Reward(mean±std): -12.53 ± 3.79 | Price(mean±std): 32.73 ± 7.05
Episode: 10
Steps per episode: 336
Epsilon 1.0000
Epsilon 0.9866
Epsilon 0.9732
Epsilon 0.9598
Epsilon 0.9464
Epsilon 0.9330
Epsilon 0.9196
Epsilon 0.9062
Epsilon 0.8928
Epsilon 0.8794
Iter 36 | Reward(mean±std): -11.02 ± 3.94 | Price(mean±std): 31.12 ± 6.31
Episode: 10
Steps per episode: 336
Epsilon 1.0000
Epsilon 0.9866
Epsilon 0.9732
Epsilon 0.9598
Epsilon 0.9464
Epsilon 0.9330
Epsilon 0.9196
Epsilon 0.9062
Epsilon 0.8928
Epsilon 0.8794
Iter 37 | Reward(mean±std): -11.34 ± 4.13 | Price(mean±std): 31.63 ± 6.61
Episode: 10
Steps per episode: 336
Epsilon 1.0000
Epsilon 0.9866
Epsilon 0.9732
Epsilon 0.9598
Epsilon 0.9464
Epsilon 0.9330
Epsilon 0.9196
Epsilon 0.9062
Epsilon 0.8928
Epsilon 0.8794
Iter 38 | Reward(mean±std): -12.21 ± 3.97 | Price(mean±std): 33.02 ± 6.34
Episode: 10
Steps per episode: 336
Epsilon 1.0000
Epsilon 0.9866
Epsilon 0.9732
Epsilon 0.9598
Epsilon 0.9464
Epsilon 0.9330
Epsilon 0.9196
Epsilon 0.9062
Epsilon 0.8928
Epsilon 0.8794
Iter 39 | Reward(mean±std): -11.98 ± 3.68 | Price(mean±std): 32.65 ± 5.89

Best mean price over checkpoints: 26.60
Last raw mean reward: -11.98
Last smoothed mean reward (window=5): -11.82
  [EXTENDED] final evaluation with best weights...
Deterministic eval: epsilon = 0.0 (greedy)
Episode: 1
Steps per episode: 17535
Epsilon 0.0000
Final price: 1440.04 EUR
    DQN cost: 1440.04 EUR  (improvement: 23.5%  fraction of theoretical: 68.0%)
    Saved user_21_extended_price_comparison.pdf / .png
  [done] user 21 written to CSV.

[20/30]
============================================================
USER 290  (cluster 19)
============================================================
  [setup] imports...
Using Apple Silicon MPS Acceleration

Tensor created on device: mps:0
  [setup] data loading...
  [setup] preprocessing...
Detected step: 30.0 min | KorakovNaDan=48 | BatMaxPolnjenje=3.000 | BatMaxPraznjenje=3.000
Using Scaler: RobustScaler
                           Energy_Consumption  ...  SMP_OutlierFlag
Timestamp_UTC                                  ...                 
2010-07-01 00:30:00+00:00           -0.124555  ...              0.0
2010-07-01 01:00:00+00:00           -0.142349  ...              0.0
2010-07-01 01:30:00+00:00           -0.181495  ...              0.0
2010-07-01 02:00:00+00:00           -0.167260  ...              0.0
2010-07-01 02:30:00+00:00           -0.252669  ...              0.0

[5 rows x 4 columns]
Notebook DQN now uses HouseholdEnvironment directly
  [setup] DQN class & Learning_DQN...
  [baselines] test env + MILP function...
  [baselines] SARSA agents + random DQN eval...
cena po optimizaciji 1713.0122620981138
Random eval: epsilon = 1.0
Episode: 1
Steps per episode: 17535
Epsilon 1.0000
Final price: 2886.50 EUR
  [baselines] no-battery agent...
  [baselines] MILP benchmark (this may take several minutes)...
Building MILP Model...
Solving over 17535 steps... (This may take a moment)

--- MILP Optimization Complete ---
Total Electricity Cost (Inc GST & Fixed): $977.1381
Total RL Equivalent Reward: -169.5204
    No-battery cost: 1418.85 EUR | MILP cost: 977.14 EUR
  [BASIC] training (100 episodes)...
Reset requested: removed old DQN checkpoint.
Episode: 100
Steps per episode: 336
Epsilon 1.0000
Epsilon 0.9942
Epsilon 0.9808
Epsilon 0.9674
Epsilon 0.9540
Epsilon 0.9406
Epsilon 0.9272
Epsilon 0.9138
Epsilon 0.9004
Epsilon 0.8870
Epsilon 0.8736
Epsilon 0.8602
Epsilon 0.8468
Epsilon 0.8334
Epsilon 0.8200
Epsilon 0.8066
Epsilon 0.7932
Epsilon 0.7798
Epsilon 0.7664
Epsilon 0.7530
Epsilon 0.7396
Epsilon 0.7262
Epsilon 0.7128
Epsilon 0.6994
Epsilon 0.6860
Epsilon 0.6726
Epsilon 0.6592
Epsilon 0.6458
Epsilon 0.6324
Epsilon 0.6190
Epsilon 0.6056
Epsilon 0.5922
Epsilon 0.5788
Epsilon 0.5654
Epsilon 0.5520
Epsilon 0.5386
Epsilon 0.5252
Epsilon 0.5118
Epsilon 0.4984
Epsilon 0.4850
Epsilon 0.4716
Epsilon 0.4582
Epsilon 0.4448
Epsilon 0.4314
Epsilon 0.4180
Epsilon 0.4046
Epsilon 0.3912
Epsilon 0.3778
Epsilon 0.3644
Epsilon 0.3510
Epsilon 0.3376
Epsilon 0.3242
Epsilon 0.3108
Epsilon 0.2974
Epsilon 0.2840
Epsilon 0.2706
Epsilon 0.2572
Epsilon 0.2438
Epsilon 0.2304
Epsilon 0.2170
Epsilon 0.2036
Epsilon 0.1902
Epsilon 0.1768
Epsilon 0.1634
Epsilon 0.1500
Epsilon 0.1366
Epsilon 0.1232
Epsilon 0.1098
Epsilon 0.0964
Epsilon 0.0830
Epsilon 0.0696
Epsilon 0.0562
Epsilon 0.0428
Epsilon 0.0294
Epsilon 0.0160
Epsilon 0.0100
Epsilon 0.0100
Epsilon 0.0100
Epsilon 0.0100
Epsilon 0.0100
Epsilon 0.0100
Epsilon 0.0100
Epsilon 0.0100
Epsilon 0.0100
Epsilon 0.0100
Epsilon 0.0100
Epsilon 0.0100
Epsilon 0.0100
Epsilon 0.0100
Epsilon 0.0100
Epsilon 0.0100
Epsilon 0.0100
Epsilon 0.0100
Epsilon 0.0100
Epsilon 0.0100
Epsilon 0.0100
Epsilon 0.0100
Epsilon 0.0100
Epsilon 0.0100
Epsilon 0.0100
  [BASIC] evaluation...
Deterministic eval: epsilon = 0.0 (greedy)
Episode: 1
Steps per episode: 17535
Epsilon 0.0000
Final price: 1305.68 EUR
    DQN cost: 1305.68 EUR  (improvement: 8.0%  fraction of theoretical: 25.6%)
    Saved user_290_basic_price_comparison.pdf / .png
  [EXTENDED] convergence training (40 x 10 episodes with eval)...
Reset requested: removed old DQN checkpoint.
Episode: 10
Steps per episode: 336
Epsilon 1.0000
Epsilon 0.9942
Epsilon 0.9808
Epsilon 0.9674
Epsilon 0.9540
Epsilon 0.9406
Epsilon 0.9272
Epsilon 0.9138
Epsilon 0.9004
Epsilon 0.8870
Episode: 10
Steps per episode: 336
Epsilon 1.0000
Epsilon 0.9866
Epsilon 0.9732
Epsilon 0.9598
Epsilon 0.9464
Epsilon 0.9330
Epsilon 0.9196
Epsilon 0.9062
Epsilon 0.8928
Epsilon 0.8794
Iter 00 | Reward(mean±std): -8.10 ± 2.09 | Price(mean±std): 26.45 ± 3.34
Episode: 10
Steps per episode: 336
Epsilon 1.0000
Epsilon 0.9866
Epsilon 0.9732
Epsilon 0.9598
Epsilon 0.9464
Epsilon 0.9330
Epsilon 0.9196
Epsilon 0.9062
Epsilon 0.8928
Epsilon 0.8794
Iter 01 | Reward(mean±std): -7.29 ± 2.14 | Price(mean±std): 25.15 ± 3.42
Episode: 10
Steps per episode: 336
Epsilon 1.0000
Epsilon 0.9866
Epsilon 0.9732
Epsilon 0.9598
Epsilon 0.9464
Epsilon 0.9330
Epsilon 0.9196
Epsilon 0.9062
Epsilon 0.8928
Epsilon 0.8794
Iter 02 | Reward(mean±std): -7.71 ± 2.16 | Price(mean±std): 25.72 ± 3.43
Episode: 10
Steps per episode: 336
Epsilon 1.0000
Epsilon 0.9866
Epsilon 0.9732
Epsilon 0.9598
Epsilon 0.9464
Epsilon 0.9330
Epsilon 0.9196
Epsilon 0.9062
Epsilon 0.8928
Epsilon 0.8794
Iter 03 | Reward(mean±std): -35.53 ± 26.57 | Price(mean±std): 25.24 ± 3.46
Episode: 10
Steps per episode: 336
Epsilon 1.0000
Epsilon 0.9866
Epsilon 0.9732
Epsilon 0.9598
Epsilon 0.9464
Epsilon 0.9330
Epsilon 0.9196
Epsilon 0.9062
Epsilon 0.8928
Epsilon 0.8794
Iter 04 | Reward(mean±std): -7.48 ± 2.19 | Price(mean±std): 25.26 ± 3.44
Episode: 10
Steps per episode: 336
Epsilon 1.0000
Epsilon 0.9866
Epsilon 0.9732
Epsilon 0.9598
Epsilon 0.9464
Epsilon 0.9330
Epsilon 0.9196
Epsilon 0.9062
Epsilon 0.8928
Epsilon 0.8794
Iter 05 | Reward(mean±std): -7.77 ± 2.23 | Price(mean±std): 25.92 ± 3.57
Episode: 10
Steps per episode: 336
Epsilon 1.0000
Epsilon 0.9866
Epsilon 0.9732
Epsilon 0.9598
Epsilon 0.9464
Epsilon 0.9330
Epsilon 0.9196
Epsilon 0.9062
Epsilon 0.8928
Epsilon 0.8794
Iter 06 | Reward(mean±std): -7.94 ± 2.61 | Price(mean±std): 25.10 ± 3.42
Episode: 10
Steps per episode: 336
Epsilon 1.0000
Epsilon 0.9866
Epsilon 0.9732
Epsilon 0.9598
Epsilon 0.9464
Epsilon 0.9330
Epsilon 0.9196
Epsilon 0.9062
Epsilon 0.8928
Epsilon 0.8794
Iter 07 | Reward(mean±std): -7.44 ± 2.17 | Price(mean±std): 25.39 ± 3.48
Episode: 10
Steps per episode: 336
Epsilon 1.0000
Epsilon 0.9866
Epsilon 0.9732
Epsilon 0.9598
Epsilon 0.9464
Epsilon 0.9330
Epsilon 0.9196
Epsilon 0.9062
Epsilon 0.8928
Epsilon 0.8794
Iter 08 | Reward(mean±std): -6.92 ± 2.03 | Price(mean±std): 24.56 ± 3.25
Episode: 10
Steps per episode: 336
Epsilon 1.0000
Epsilon 0.9866
Epsilon 0.9732
Epsilon 0.9598
Epsilon 0.9464
Epsilon 0.9330
Epsilon 0.9196
Epsilon 0.9062
Epsilon 0.8928
Epsilon 0.8794
Iter 09 | Reward(mean±std): -6.94 ± 2.01 | Price(mean±std): 24.59 ± 3.22
Episode: 10
Steps per episode: 336
Epsilon 1.0000
Epsilon 0.9866
Epsilon 0.9732
Epsilon 0.9598
Epsilon 0.9464
Epsilon 0.9330
Epsilon 0.9196
Epsilon 0.9062
Epsilon 0.8928
Epsilon 0.8794
Iter 10 | Reward(mean±std): -6.64 ± 2.19 | Price(mean±std): 24.11 ± 3.51
Episode: 10
Steps per episode: 336
Epsilon 1.0000
Epsilon 0.9866
Epsilon 0.9732
Epsilon 0.9598
Epsilon 0.9464
Epsilon 0.9330
Epsilon 0.9196
Epsilon 0.9062
Epsilon 0.8928
Epsilon 0.8794
Iter 11 | Reward(mean±std): -7.34 ± 2.27 | Price(mean±std): 25.03 ± 3.55
Episode: 10
Steps per episode: 336
Epsilon 1.0000
Epsilon 0.9866
Epsilon 0.9732
Epsilon 0.9598
Epsilon 0.9464
Epsilon 0.9330
Epsilon 0.9196
Epsilon 0.9062
Epsilon 0.8928
Epsilon 0.8794
Iter 12 | Reward(mean±std): -6.45 ± 2.38 | Price(mean±std): 23.80 ± 3.80
Episode: 10
Steps per episode: 336
Epsilon 1.0000
Epsilon 0.9866
Epsilon 0.9732
Epsilon 0.9598
Epsilon 0.9464
Epsilon 0.9330
Epsilon 0.9196
Epsilon 0.9062
Epsilon 0.8928
Epsilon 0.8794
Iter 13 | Reward(mean±std): -7.19 ± 2.22 | Price(mean±std): 25.00 ± 3.55
Episode: 10
Steps per episode: 336
Epsilon 1.0000
Epsilon 0.9866
Epsilon 0.9732
Epsilon 0.9598
Epsilon 0.9464
Epsilon 0.9330
Epsilon 0.9196
Epsilon 0.9062
Epsilon 0.8928
Epsilon 0.8794
Iter 14 | Reward(mean±std): -6.89 ± 2.21 | Price(mean±std): 24.50 ± 3.53
Episode: 10
Steps per episode: 336
Epsilon 1.0000
Epsilon 0.9866
Epsilon 0.9732
Epsilon 0.9598
Epsilon 0.9464
Epsilon 0.9330
Epsilon 0.9196
Epsilon 0.9062
Epsilon 0.8928
Epsilon 0.8794
Iter 15 | Reward(mean±std): -6.68 ± 2.26 | Price(mean±std): 24.17 ± 3.62
Episode: 10
Steps per episode: 336
Epsilon 1.0000
Epsilon 0.9866
Epsilon 0.9732
Epsilon 0.9598
Epsilon 0.9464
Epsilon 0.9330
Epsilon 0.9196
Epsilon 0.9062
Epsilon 0.8928
Epsilon 0.8794
Iter 16 | Reward(mean±std): -6.96 ± 2.31 | Price(mean±std): 24.61 ± 3.70
Episode: 10
Steps per episode: 336
Epsilon 1.0000
Epsilon 0.9866
Epsilon 0.9732
Epsilon 0.9598
Epsilon 0.9464
Epsilon 0.9330
Epsilon 0.9196
Epsilon 0.9062
Epsilon 0.8928
Epsilon 0.8794
Iter 17 | Reward(mean±std): -6.69 ± 2.07 | Price(mean±std): 24.20 ± 3.32
Episode: 10
Steps per episode: 336
Epsilon 1.0000
Epsilon 0.9866
Epsilon 0.9732
Epsilon 0.9598
Epsilon 0.9464
Epsilon 0.9330
Epsilon 0.9196
Epsilon 0.9062
Epsilon 0.8928
Epsilon 0.8794
Iter 18 | Reward(mean±std): -7.17 ± 2.15 | Price(mean±std): 24.96 ± 3.45
Episode: 10
Steps per episode: 336
Epsilon 1.0000
Epsilon 0.9866
Epsilon 0.9732
Epsilon 0.9598
Epsilon 0.9464
Epsilon 0.9330
Epsilon 0.9196
Epsilon 0.9062
Epsilon 0.8928
Epsilon 0.8794
Iter 19 | Reward(mean±std): -7.02 ± 2.35 | Price(mean±std): 24.72 ± 3.76
Episode: 10
Steps per episode: 336
Epsilon 1.0000
Epsilon 0.9866
Epsilon 0.9732
Epsilon 0.9598
Epsilon 0.9464
Epsilon 0.9330
Epsilon 0.9196
Epsilon 0.9062
Epsilon 0.8928
Epsilon 0.8794
Iter 20 | Reward(mean±std): -7.35 ± 2.15 | Price(mean±std): 25.24 ± 3.44
Episode: 10
Steps per episode: 336
Epsilon 1.0000
Epsilon 0.9866
Epsilon 0.9732
Epsilon 0.9598
Epsilon 0.9464
Epsilon 0.9330
Epsilon 0.9196
Epsilon 0.9062
Epsilon 0.8928
Epsilon 0.8794
Iter 21 | Reward(mean±std): -7.16 ± 2.10 | Price(mean±std): 24.95 ± 3.37
Episode: 10
Steps per episode: 336
Epsilon 1.0000
Epsilon 0.9866
Epsilon 0.9732
Epsilon 0.9598
Epsilon 0.9464
Epsilon 0.9330
Epsilon 0.9196
Epsilon 0.9062
Epsilon 0.8928
Epsilon 0.8794
Iter 22 | Reward(mean±std): -7.05 ± 2.38 | Price(mean±std): 24.77 ± 3.81
Episode: 10
Steps per episode: 336
Epsilon 1.0000
Epsilon 0.9866
Epsilon 0.9732
Epsilon 0.9598
Epsilon 0.9464
Epsilon 0.9330
Epsilon 0.9196
Epsilon 0.9062
Epsilon 0.8928
Epsilon 0.8794
Iter 23 | Reward(mean±std): -6.48 ± 2.31 | Price(mean±std): 23.86 ± 3.69
Episode: 10
Steps per episode: 336
Epsilon 1.0000
Epsilon 0.9866
Epsilon 0.9732
Epsilon 0.9598
Epsilon 0.9464
Epsilon 0.9330
Epsilon 0.9196
Epsilon 0.9062
Epsilon 0.8928
Epsilon 0.8794
Iter 24 | Reward(mean±std): -7.21 ± 2.22 | Price(mean±std): 25.02 ± 3.56
Episode: 10
Steps per episode: 336
Epsilon 1.0000
Epsilon 0.9866
Epsilon 0.9732
Epsilon 0.9598
Epsilon 0.9464
Epsilon 0.9330
Epsilon 0.9196
Epsilon 0.9062
Epsilon 0.8928
Epsilon 0.8794
Iter 25 | Reward(mean±std): -6.46 ± 2.17 | Price(mean±std): 23.82 ± 3.48
Episode: 10
Steps per episode: 336
Epsilon 1.0000
Epsilon 0.9866
Epsilon 0.9732
Epsilon 0.9598
Epsilon 0.9464
Epsilon 0.9330
Epsilon 0.9196
Epsilon 0.9062
Epsilon 0.8928
Epsilon 0.8794
Iter 26 | Reward(mean±std): -6.77 ± 2.26 | Price(mean±std): 24.33 ± 3.61
Episode: 10
Steps per episode: 336
Epsilon 1.0000
Epsilon 0.9866
Epsilon 0.9732
Epsilon 0.9598
Epsilon 0.9464
Epsilon 0.9330
Epsilon 0.9196
Epsilon 0.9062
Epsilon 0.8928
Epsilon 0.8794
Iter 27 | Reward(mean±std): -7.00 ± 2.33 | Price(mean±std): 24.69 ± 3.73
Episode: 10
Steps per episode: 336
Epsilon 1.0000
Epsilon 0.9866
Epsilon 0.9732
Epsilon 0.9598
Epsilon 0.9464
Epsilon 0.9330
Epsilon 0.9196
Epsilon 0.9062
Epsilon 0.8928
Epsilon 0.8794
Iter 28 | Reward(mean±std): -5.05 ± 1.87 | Price(mean±std): 21.57 ± 2.99
Episode: 10
Steps per episode: 336
Epsilon 1.0000
Epsilon 0.9866
Epsilon 0.9732
Epsilon 0.9598
Epsilon 0.9464
Epsilon 0.9330
Epsilon 0.9196
Epsilon 0.9062
Epsilon 0.8928
Epsilon 0.8794
Iter 29 | Reward(mean±std): -6.41 ± 1.87 | Price(mean±std): 23.74 ± 2.99
Episode: 10
Steps per episode: 336
Epsilon 1.0000
Epsilon 0.9866
Epsilon 0.9732
Epsilon 0.9598
Epsilon 0.9464
Epsilon 0.9330
Epsilon 0.9196
Epsilon 0.9062
Epsilon 0.8928
Epsilon 0.8794
Iter 30 | Reward(mean±std): -6.74 ± 2.11 | Price(mean±std): 24.27 ± 3.38
Episode: 10
Steps per episode: 336
Epsilon 1.0000
Epsilon 0.9866
Epsilon 0.9732
Epsilon 0.9598
Epsilon 0.9464
Epsilon 0.9330
Epsilon 0.9196
Epsilon 0.9062
Epsilon 0.8928
Epsilon 0.8794
Iter 31 | Reward(mean±std): -5.81 ± 2.05 | Price(mean±std): 22.78 ± 3.28
Episode: 10
Steps per episode: 336
Epsilon 1.0000
Epsilon 0.9866
Epsilon 0.9732
Epsilon 0.9598
Epsilon 0.9464
Epsilon 0.9330
Epsilon 0.9196
Epsilon 0.9062
Epsilon 0.8928
Epsilon 0.8794
Iter 32 | Reward(mean±std): -6.11 ± 2.00 | Price(mean±std): 23.26 ± 3.20
Episode: 10
Steps per episode: 336
Epsilon 1.0000
Epsilon 0.9866
Epsilon 0.9732
Epsilon 0.9598
Epsilon 0.9464
Epsilon 0.9330
Epsilon 0.9196
Epsilon 0.9062
Epsilon 0.8928
Epsilon 0.8794
Iter 33 | Reward(mean±std): -6.78 ± 1.88 | Price(mean±std): 24.33 ± 3.01
Episode: 10
Steps per episode: 336
Epsilon 1.0000
Epsilon 0.9866
Epsilon 0.9732
Epsilon 0.9598
Epsilon 0.9464
Epsilon 0.9330
Epsilon 0.9196
Epsilon 0.9062
Epsilon 0.8928
Epsilon 0.8794
Iter 34 | Reward(mean±std): -6.65 ± 2.10 | Price(mean±std): 24.13 ± 3.35
Episode: 10
Steps per episode: 336
Epsilon 1.0000
Epsilon 0.9866
Epsilon 0.9732
Epsilon 0.9598
Epsilon 0.9464
Epsilon 0.9330
Epsilon 0.9196
Epsilon 0.9062
Epsilon 0.8928
Epsilon 0.8794
Iter 35 | Reward(mean±std): -7.11 ± 2.39 | Price(mean±std): 24.86 ± 3.82
Episode: 10
Steps per episode: 336
Epsilon 1.0000
Epsilon 0.9866
Epsilon 0.9732
Epsilon 0.9598
Epsilon 0.9464
Epsilon 0.9330
Epsilon 0.9196
Epsilon 0.9062
Epsilon 0.8928
Epsilon 0.8794
Iter 36 | Reward(mean±std): -5.89 ± 2.30 | Price(mean±std): 22.92 ± 3.68
Episode: 10
Steps per episode: 336
Epsilon 1.0000
Epsilon 0.9866
Epsilon 0.9732
Epsilon 0.9598
Epsilon 0.9464
Epsilon 0.9330
Epsilon 0.9196
Epsilon 0.9062
Epsilon 0.8928
Epsilon 0.8794
Iter 37 | Reward(mean±std): -6.97 ± 2.36 | Price(mean±std): 24.64 ± 3.78
Episode: 10
Steps per episode: 336
Epsilon 1.0000
Epsilon 0.9866
Epsilon 0.9732
Epsilon 0.9598
Epsilon 0.9464
Epsilon 0.9330
Epsilon 0.9196
Epsilon 0.9062
Epsilon 0.8928
Epsilon 0.8794
Iter 38 | Reward(mean±std): -7.19 ± 2.23 | Price(mean±std): 24.99 ± 3.57
Episode: 10
Steps per episode: 336
Epsilon 1.0000
Epsilon 0.9866
Epsilon 0.9732
Epsilon 0.9598
Epsilon 0.9464
Epsilon 0.9330
Epsilon 0.9196
Epsilon 0.9062
Epsilon 0.8928
Epsilon 0.8794
Iter 39 | Reward(mean±std): -6.70 ± 2.26 | Price(mean±std): 24.21 ± 3.62

Best mean price over checkpoints: 21.57
Last raw mean reward: -6.70
Last smoothed mean reward (window=5): -6.77
  [EXTENDED] final evaluation with best weights...
Deterministic eval: epsilon = 0.0 (greedy)
Episode: 1
Steps per episode: 17535
Epsilon 0.0000
Final price: 1200.84 EUR
    DQN cost: 1200.84 EUR  (improvement: 15.4%  fraction of theoretical: 49.4%)
    Saved user_290_extended_price_comparison.pdf / .png
  [done] user 290 written to CSV.

[21/30]
============================================================
USER 66  (cluster 20)
============================================================
  [setup] imports...
Using Apple Silicon MPS Acceleration

Tensor created on device: mps:0
  [setup] data loading...
  [setup] preprocessing...
Detected step: 30.0 min | KorakovNaDan=48 | BatMaxPolnjenje=3.000 | BatMaxPraznjenje=3.000
Using Scaler: RobustScaler
                           Energy_Consumption  ...  SMP_OutlierFlag
Timestamp_UTC                                  ...                 
2010-07-01 00:30:00+00:00           -0.068571  ...              0.0
2010-07-01 01:00:00+00:00            0.000000  ...              0.0
2010-07-01 01:30:00+00:00           -0.068571  ...              0.0
2010-07-01 02:00:00+00:00            0.000000  ...              0.0
2010-07-01 02:30:00+00:00           -0.068571  ...              0.0

[5 rows x 4 columns]
Notebook DQN now uses HouseholdEnvironment directly
  [setup] DQN class & Learning_DQN...
  [baselines] test env + MILP function...
  [baselines] SARSA agents + random DQN eval...
cena po optimizaciji 1194.7509179149088
Random eval: epsilon = 1.0
Episode: 1
Steps per episode: 17535
Epsilon 1.0000
Final price: 2571.96 EUR
  [baselines] no-battery agent...
  [baselines] MILP benchmark (this may take several minutes)...
Building MILP Model...
Solving over 17535 steps... (This may take a moment)

--- MILP Optimization Complete ---
Total Electricity Cost (Inc GST & Fixed): $789.5803
Total RL Equivalent Reward: -52.2967
    No-battery cost: 1000.19 EUR | MILP cost: 789.58 EUR
  [BASIC] training (100 episodes)...
Reset requested: removed old DQN checkpoint.
Episode: 100
Steps per episode: 336
Epsilon 1.0000
Epsilon 0.9942
Epsilon 0.9808
Epsilon 0.9674
Epsilon 0.9540
Epsilon 0.9406
Epsilon 0.9272
Epsilon 0.9138
Epsilon 0.9004
Epsilon 0.8870
Epsilon 0.8736
Epsilon 0.8602
Epsilon 0.8468
Epsilon 0.8334
Epsilon 0.8200
Epsilon 0.8066
Epsilon 0.7932
Epsilon 0.7798
Epsilon 0.7664
Epsilon 0.7530
Epsilon 0.7396
Epsilon 0.7262
Epsilon 0.7128
Epsilon 0.6994
Epsilon 0.6860
Epsilon 0.6726
Epsilon 0.6592
Epsilon 0.6458
Epsilon 0.6324
Epsilon 0.6190
Epsilon 0.6056
Epsilon 0.5922
Epsilon 0.5788
Epsilon 0.5654
Epsilon 0.5520
Epsilon 0.5386
Epsilon 0.5252
Epsilon 0.5118
Epsilon 0.4984
Epsilon 0.4850
Epsilon 0.4716
Epsilon 0.4582
Epsilon 0.4448
Epsilon 0.4314
Epsilon 0.4180
Epsilon 0.4046
Epsilon 0.3912
Epsilon 0.3778
Epsilon 0.3644
Epsilon 0.3510
Epsilon 0.3376
Epsilon 0.3242
Epsilon 0.3108
Epsilon 0.2974
Epsilon 0.2840
Epsilon 0.2706
Epsilon 0.2572
Epsilon 0.2438
Epsilon 0.2304
Epsilon 0.2170
Epsilon 0.2036
Epsilon 0.1902
Epsilon 0.1768
Epsilon 0.1634
Epsilon 0.1500
Epsilon 0.1366
Epsilon 0.1232
Epsilon 0.1098
Epsilon 0.0964
Epsilon 0.0830
Epsilon 0.0696
Epsilon 0.0562
Epsilon 0.0428
Epsilon 0.0294
Epsilon 0.0160
Epsilon 0.0100
Epsilon 0.0100
Epsilon 0.0100
Epsilon 0.0100
Epsilon 0.0100
Epsilon 0.0100
Epsilon 0.0100
Epsilon 0.0100
Epsilon 0.0100
Epsilon 0.0100
Epsilon 0.0100
Epsilon 0.0100
Epsilon 0.0100
Epsilon 0.0100
Epsilon 0.0100
Epsilon 0.0100
Epsilon 0.0100
Epsilon 0.0100
Epsilon 0.0100
Epsilon 0.0100
Epsilon 0.0100
Epsilon 0.0100
Epsilon 0.0100
Epsilon 0.0100
Epsilon 0.0100
  [BASIC] evaluation...
Deterministic eval: epsilon = 0.0 (greedy)
Episode: 1
Steps per episode: 17535
Epsilon 0.0000
Final price: 943.88 EUR
    DQN cost: 943.88 EUR  (improvement: 5.6%  fraction of theoretical: 26.7%)
    Saved user_66_basic_price_comparison.pdf / .png
  [EXTENDED] convergence training (40 x 10 episodes with eval)...
Reset requested: removed old DQN checkpoint.
Episode: 10
Steps per episode: 336
Epsilon 1.0000
Epsilon 0.9942
Epsilon 0.9808
Epsilon 0.9674
Epsilon 0.9540
Epsilon 0.9406
Epsilon 0.9272
Epsilon 0.9138
Epsilon 0.9004
Epsilon 0.8870
Episode: 10
Steps per episode: 336
Epsilon 1.0000
Epsilon 0.9866
Epsilon 0.9732
Epsilon 0.9598
Epsilon 0.9464
Epsilon 0.9330
Epsilon 0.9196
Epsilon 0.9062
Epsilon 0.8928
Epsilon 0.8794
Iter 00 | Reward(mean±std): -12.05 ± 17.45 | Price(mean±std): 18.36 ± 1.84
Episode: 10
Steps per episode: 336
Epsilon 1.0000
Epsilon 0.9866
Epsilon 0.9732
Epsilon 0.9598
Epsilon 0.9464
Epsilon 0.9330
Epsilon 0.9196
Epsilon 0.9062
Epsilon 0.8928
Epsilon 0.8794
Iter 01 | Reward(mean±std): -3.73 ± 1.62 | Price(mean±std): 19.06 ± 1.97
Episode: 10
Steps per episode: 336
Epsilon 1.0000
Epsilon 0.9866
Epsilon 0.9732
Epsilon 0.9598
Epsilon 0.9464
Epsilon 0.9330
Epsilon 0.9196
Epsilon 0.9062
Epsilon 0.8928
Epsilon 0.8794
Iter 02 | Reward(mean±std): -7.77 ± 9.46 | Price(mean±std): 18.63 ± 1.74
Episode: 10
Steps per episode: 336
Epsilon 1.0000
Epsilon 0.9866
Epsilon 0.9732
Epsilon 0.9598
Epsilon 0.9464
Epsilon 0.9330
Epsilon 0.9196
Epsilon 0.9062
Epsilon 0.8928
Epsilon 0.8794
Iter 03 | Reward(mean±std): -2.61 ± 1.06 | Price(mean±std): 17.66 ± 1.69
Episode: 10
Steps per episode: 336
Epsilon 1.0000
Epsilon 0.9866
Epsilon 0.9732
Epsilon 0.9598
Epsilon 0.9464
Epsilon 0.9330
Epsilon 0.9196
Epsilon 0.9062
Epsilon 0.8928
Epsilon 0.8794
Iter 04 | Reward(mean±std): -6.98 ± 9.76 | Price(mean±std): 17.85 ± 1.91
Episode: 10
Steps per episode: 336
Epsilon 1.0000
Epsilon 0.9866
Epsilon 0.9732
Epsilon 0.9598
Epsilon 0.9464
Epsilon 0.9330
Epsilon 0.9196
Epsilon 0.9062
Epsilon 0.8928
Epsilon 0.8794
Iter 05 | Reward(mean±std): -2.13 ± 1.16 | Price(mean±std): 16.89 ± 1.85
Episode: 10
Steps per episode: 336
Epsilon 1.0000
Epsilon 0.9866
Epsilon 0.9732
Epsilon 0.9598
Epsilon 0.9464
Epsilon 0.9330
Epsilon 0.9196
Epsilon 0.9062
Epsilon 0.8928
Epsilon 0.8794
Iter 06 | Reward(mean±std): -2.72 ± 1.15 | Price(mean±std): 17.83 ± 1.84
Episode: 10
Steps per episode: 336
Epsilon 1.0000
Epsilon 0.9866
Epsilon 0.9732
Epsilon 0.9598
Epsilon 0.9464
Epsilon 0.9330
Epsilon 0.9196
Epsilon 0.9062
Epsilon 0.8928
Epsilon 0.8794
Iter 07 | Reward(mean±std): -2.65 ± 1.07 | Price(mean±std): 17.72 ± 1.71
Episode: 10
Steps per episode: 336
Epsilon 1.0000
Epsilon 0.9866
Epsilon 0.9732
Epsilon 0.9598
Epsilon 0.9464
Epsilon 0.9330
Epsilon 0.9196
Epsilon 0.9062
Epsilon 0.8928
Epsilon 0.8794
Iter 08 | Reward(mean±std): -6.64 ± 8.25 | Price(mean±std): 18.41 ± 1.80
Episode: 10
Steps per episode: 336
Epsilon 1.0000
Epsilon 0.9866
Epsilon 0.9732
Epsilon 0.9598
Epsilon 0.9464
Epsilon 0.9330
Epsilon 0.9196
Epsilon 0.9062
Epsilon 0.8928
Epsilon 0.8794
Iter 09 | Reward(mean±std): -2.34 ± 1.12 | Price(mean±std): 17.22 ± 1.79
Episode: 10
Steps per episode: 336
Epsilon 1.0000
Epsilon 0.9866
Epsilon 0.9732
Epsilon 0.9598
Epsilon 0.9464
Epsilon 0.9330
Epsilon 0.9196
Epsilon 0.9062
Epsilon 0.8928
Epsilon 0.8794
Iter 10 | Reward(mean±std): -3.84 ± 2.26 | Price(mean±std): 17.93 ± 2.01
Episode: 10
Steps per episode: 336
Epsilon 1.0000
Epsilon 0.9866
Epsilon 0.9732
Epsilon 0.9598
Epsilon 0.9464
Epsilon 0.9330
Epsilon 0.9196
Epsilon 0.9062
Epsilon 0.8928
Epsilon 0.8794
Iter 11 | Reward(mean±std): -2.53 ± 1.24 | Price(mean±std): 17.44 ± 1.83
Episode: 10
Steps per episode: 336
Epsilon 1.0000
Epsilon 0.9866
Epsilon 0.9732
Epsilon 0.9598
Epsilon 0.9464
Epsilon 0.9330
Epsilon 0.9196
Epsilon 0.9062
Epsilon 0.8928
Epsilon 0.8794
Iter 12 | Reward(mean±std): -2.60 ± 1.78 | Price(mean±std): 16.85 ± 2.16
Episode: 10
Steps per episode: 336
Epsilon 1.0000
Epsilon 0.9866
Epsilon 0.9732
Epsilon 0.9598
Epsilon 0.9464
Epsilon 0.9330
Epsilon 0.9196
Epsilon 0.9062
Epsilon 0.8928
Epsilon 0.8794
Iter 13 | Reward(mean±std): -2.41 ± 1.20 | Price(mean±std): 17.34 ± 1.92
Episode: 10
Steps per episode: 336
Epsilon 1.0000
Epsilon 0.9866
Epsilon 0.9732
Epsilon 0.9598
Epsilon 0.9464
Epsilon 0.9330
Epsilon 0.9196
Epsilon 0.9062
Epsilon 0.8928
Epsilon 0.8794
Iter 14 | Reward(mean±std): -1.98 ± 1.14 | Price(mean±std): 16.66 ± 1.83
Episode: 10
Steps per episode: 336
Epsilon 1.0000
Epsilon 0.9866
Epsilon 0.9732
Epsilon 0.9598
Epsilon 0.9464
Epsilon 0.9330
Epsilon 0.9196
Epsilon 0.9062
Epsilon 0.8928
Epsilon 0.8794
Iter 15 | Reward(mean±std): -2.34 ± 1.09 | Price(mean±std): 17.23 ± 1.75
Episode: 10
Steps per episode: 336
Epsilon 1.0000
Epsilon 0.9866
Epsilon 0.9732
Epsilon 0.9598
Epsilon 0.9464
Epsilon 0.9330
Epsilon 0.9196
Epsilon 0.9062
Epsilon 0.8928
Epsilon 0.8794
Iter 16 | Reward(mean±std): -2.87 ± 1.22 | Price(mean±std): 17.98 ± 1.90
Episode: 10
Steps per episode: 336
Epsilon 1.0000
Epsilon 0.9866
Epsilon 0.9732
Epsilon 0.9598
Epsilon 0.9464
Epsilon 0.9330
Epsilon 0.9196
Epsilon 0.9062
Epsilon 0.8928
Epsilon 0.8794
Iter 17 | Reward(mean±std): -2.94 ± 1.30 | Price(mean±std): 18.20 ± 2.08
Episode: 10
Steps per episode: 336
Epsilon 1.0000
Epsilon 0.9866
Epsilon 0.9732
Epsilon 0.9598
Epsilon 0.9464
Epsilon 0.9330
Epsilon 0.9196
Epsilon 0.9062
Epsilon 0.8928
Epsilon 0.8794
Iter 18 | Reward(mean±std): -2.14 ± 1.11 | Price(mean±std): 16.90 ± 1.77
Episode: 10
Steps per episode: 336
Epsilon 1.0000
Epsilon 0.9866
Epsilon 0.9732
Epsilon 0.9598
Epsilon 0.9464
Epsilon 0.9330
Epsilon 0.9196
Epsilon 0.9062
Epsilon 0.8928
Epsilon 0.8794
Iter 19 | Reward(mean±std): -2.63 ± 1.14 | Price(mean±std): 17.69 ± 1.82
Episode: 10
Steps per episode: 336
Epsilon 1.0000
Epsilon 0.9866
Epsilon 0.9732
Epsilon 0.9598
Epsilon 0.9464
Epsilon 0.9330
Epsilon 0.9196
Epsilon 0.9062
Epsilon 0.8928
Epsilon 0.8794
Iter 20 | Reward(mean±std): -2.65 ± 1.13 | Price(mean±std): 17.72 ± 1.81
Episode: 10
Steps per episode: 336
Epsilon 1.0000
Epsilon 0.9866
Epsilon 0.9732
Epsilon 0.9598
Epsilon 0.9464
Epsilon 0.9330
Epsilon 0.9196
Epsilon 0.9062
Epsilon 0.8928
Epsilon 0.8794
Iter 21 | Reward(mean±std): -2.83 ± 1.05 | Price(mean±std): 18.02 ± 1.69
Episode: 10
Steps per episode: 336
Epsilon 1.0000
Epsilon 0.9866
Epsilon 0.9732
Epsilon 0.9598
Epsilon 0.9464
Epsilon 0.9330
Epsilon 0.9196
Epsilon 0.9062
Epsilon 0.8928
Epsilon 0.8794
Iter 22 | Reward(mean±std): -2.03 ± 0.86 | Price(mean±std): 16.73 ± 1.38
Episode: 10
Steps per episode: 336
Epsilon 1.0000
Epsilon 0.9866
Epsilon 0.9732
Epsilon 0.9598
Epsilon 0.9464
Epsilon 0.9330
Epsilon 0.9196
Epsilon 0.9062
Epsilon 0.8928
Epsilon 0.8794
Iter 23 | Reward(mean±std): -2.25 ± 0.92 | Price(mean±std): 17.09 ± 1.47
Episode: 10
Steps per episode: 336
Epsilon 1.0000
Epsilon 0.9866
Epsilon 0.9732
Epsilon 0.9598
Epsilon 0.9464
Epsilon 0.9330
Epsilon 0.9196
Epsilon 0.9062
Epsilon 0.8928
Epsilon 0.8794
Iter 24 | Reward(mean±std): -1.76 ± 1.07 | Price(mean±std): 16.30 ± 1.72
Episode: 10
Steps per episode: 336
Epsilon 1.0000
Epsilon 0.9866
Epsilon 0.9732
Epsilon 0.9598
Epsilon 0.9464
Epsilon 0.9330
Epsilon 0.9196
Epsilon 0.9062
Epsilon 0.8928
Epsilon 0.8794
Iter 25 | Reward(mean±std): -4.06 ± 1.33 | Price(mean±std): 18.28 ± 2.09
Episode: 10
Steps per episode: 336
Epsilon 1.0000
Epsilon 0.9866
Epsilon 0.9732
Epsilon 0.9598
Epsilon 0.9464
Epsilon 0.9330
Epsilon 0.9196
Epsilon 0.9062
Epsilon 0.8928
Epsilon 0.8794
Iter 26 | Reward(mean±std): -2.28 ± 1.12 | Price(mean±std): 17.14 ± 1.79
Episode: 10
Steps per episode: 336
Epsilon 1.0000
Epsilon 0.9866
Epsilon 0.9732
Epsilon 0.9598
Epsilon 0.9464
Epsilon 0.9330
Epsilon 0.9196
Epsilon 0.9062
Epsilon 0.8928
Epsilon 0.8794
Iter 27 | Reward(mean±std): -2.01 ± 1.24 | Price(mean±std): 16.69 ± 1.98
Episode: 10
Steps per episode: 336
Epsilon 1.0000
Epsilon 0.9866
Epsilon 0.9732
Epsilon 0.9598
Epsilon 0.9464
Epsilon 0.9330
Epsilon 0.9196
Epsilon 0.9062
Epsilon 0.8928
Epsilon 0.8794
Iter 28 | Reward(mean±std): -2.01 ± 0.97 | Price(mean±std): 16.71 ± 1.55
Episode: 10
Steps per episode: 336
Epsilon 1.0000
Epsilon 0.9866
Epsilon 0.9732
Epsilon 0.9598
Epsilon 0.9464
Epsilon 0.9330
Epsilon 0.9196
Epsilon 0.9062
Epsilon 0.8928
Epsilon 0.8794
Iter 29 | Reward(mean±std): -1.61 ± 1.00 | Price(mean±std): 16.06 ± 1.60
Episode: 10
Steps per episode: 336
Epsilon 1.0000
Epsilon 0.9866
Epsilon 0.9732
Epsilon 0.9598
Epsilon 0.9464
Epsilon 0.9330
Epsilon 0.9196
Epsilon 0.9062
Epsilon 0.8928
Epsilon 0.8794
Iter 30 | Reward(mean±std): -2.76 ± 1.06 | Price(mean±std): 17.90 ± 1.70
Episode: 10
Steps per episode: 336
Epsilon 1.0000
Epsilon 0.9866
Epsilon 0.9732
Epsilon 0.9598
Epsilon 0.9464
Epsilon 0.9330
Epsilon 0.9196
Epsilon 0.9062
Epsilon 0.8928
Epsilon 0.8794
Iter 31 | Reward(mean±std): -1.94 ± 1.21 | Price(mean±std): 16.59 ± 1.94
Episode: 10
Steps per episode: 336
Epsilon 1.0000
Epsilon 0.9866
Epsilon 0.9732
Epsilon 0.9598
Epsilon 0.9464
Epsilon 0.9330
Epsilon 0.9196
Epsilon 0.9062
Epsilon 0.8928
Epsilon 0.8794
Iter 32 | Reward(mean±std): -2.36 ± 1.14 | Price(mean±std): 17.26 ± 1.83
Episode: 10
Steps per episode: 336
Epsilon 1.0000
Epsilon 0.9866
Epsilon 0.9732
Epsilon 0.9598
Epsilon 0.9464
Epsilon 0.9330
Epsilon 0.9196
Epsilon 0.9062
Epsilon 0.8928
Epsilon 0.8794
Iter 33 | Reward(mean±std): -1.98 ± 0.88 | Price(mean±std): 16.66 ± 1.41
Episode: 10
Steps per episode: 336
Epsilon 1.0000
Epsilon 0.9866
Epsilon 0.9732
Epsilon 0.9598
Epsilon 0.9464
Epsilon 0.9330
Epsilon 0.9196
Epsilon 0.9062
Epsilon 0.8928
Epsilon 0.8794
Iter 34 | Reward(mean±std): -2.21 ± 1.16 | Price(mean±std): 17.02 ± 1.86
Episode: 10
Steps per episode: 336
Epsilon 1.0000
Epsilon 0.9866
Epsilon 0.9732
Epsilon 0.9598
Epsilon 0.9464
Epsilon 0.9330
Epsilon 0.9196
Epsilon 0.9062
Epsilon 0.8928
Epsilon 0.8794
Iter 35 | Reward(mean±std): -1.95 ± 1.14 | Price(mean±std): 16.61 ± 1.82
Episode: 10
Steps per episode: 336
Epsilon 1.0000
Epsilon 0.9866
Epsilon 0.9732
Epsilon 0.9598
Epsilon 0.9464
Epsilon 0.9330
Epsilon 0.9196
Epsilon 0.9062
Epsilon 0.8928
Epsilon 0.8794
Iter 36 | Reward(mean±std): -2.95 ± 1.15 | Price(mean±std): 18.20 ± 1.83
Episode: 10
Steps per episode: 336
Epsilon 1.0000
Epsilon 0.9866
Epsilon 0.9732
Epsilon 0.9598
Epsilon 0.9464
Epsilon 0.9330
Epsilon 0.9196
Epsilon 0.9062
Epsilon 0.8928
Epsilon 0.8794
Iter 37 | Reward(mean±std): -2.46 ± 1.18 | Price(mean±std): 17.43 ± 1.88
Episode: 10
Steps per episode: 336
Epsilon 1.0000
Epsilon 0.9866
Epsilon 0.9732
Epsilon 0.9598
Epsilon 0.9464
Epsilon 0.9330
Epsilon 0.9196
Epsilon 0.9062
Epsilon 0.8928
Epsilon 0.8794
Iter 38 | Reward(mean±std): -3.07 ± 1.25 | Price(mean±std): 18.29 ± 1.95
Episode: 10
Steps per episode: 336
Epsilon 1.0000
Epsilon 0.9866
Epsilon 0.9732
Epsilon 0.9598
Epsilon 0.9464
Epsilon 0.9330
Epsilon 0.9196
Epsilon 0.9062
Epsilon 0.8928
Epsilon 0.8794
Iter 39 | Reward(mean±std): -3.02 ± 1.31 | Price(mean±std): 18.33 ± 2.10

Best mean price over checkpoints: 16.06
Last raw mean reward: -3.02
Last smoothed mean reward (window=5): -2.69
  [EXTENDED] final evaluation with best weights...
Deterministic eval: epsilon = 0.0 (greedy)
Episode: 1
Steps per episode: 17535
Epsilon 0.0000
Final price: 860.57 EUR
    DQN cost: 860.57 EUR  (improvement: 14.0%  fraction of theoretical: 66.3%)
    Saved user_66_extended_price_comparison.pdf / .png
  [done] user 66 written to CSV.

[22/30]
============================================================
USER 240  (cluster 21)
============================================================
  [setup] imports...
Using Apple Silicon MPS Acceleration

Tensor created on device: mps:0
  [setup] data loading...
  [setup] preprocessing...
Detected step: 30.0 min | KorakovNaDan=48 | BatMaxPolnjenje=3.000 | BatMaxPraznjenje=3.000
Using Scaler: RobustScaler
                           Energy_Consumption  ...  SMP_OutlierFlag
Timestamp_UTC                                  ...                 
2010-07-01 00:30:00+00:00            2.438095  ...              0.0
2010-07-01 01:00:00+00:00            2.142857  ...              0.0
2010-07-01 01:30:00+00:00            2.114286  ...              0.0
2010-07-01 02:00:00+00:00            5.133333  ...              0.0
2010-07-01 02:30:00+00:00            2.404762  ...              0.0

[5 rows x 4 columns]
Notebook DQN now uses HouseholdEnvironment directly
  [setup] DQN class & Learning_DQN...
  [baselines] test env + MILP function...
  [baselines] SARSA agents + random DQN eval...
cena po optimizaciji 1368.71891681718
Random eval: epsilon = 1.0
Episode: 1
Steps per episode: 17535
Epsilon 1.0000
Final price: 2667.05 EUR
  [baselines] no-battery agent...
  [baselines] MILP benchmark (this may take several minutes)...
Building MILP Model...
Solving over 17535 steps... (This may take a moment)

--- MILP Optimization Complete ---
Total Electricity Cost (Inc GST & Fixed): $855.3995
Total RL Equivalent Reward: -93.4337
    No-battery cost: 1116.41 EUR | MILP cost: 855.40 EUR
  [BASIC] training (100 episodes)...
Reset requested: removed old DQN checkpoint.
Episode: 100
Steps per episode: 336
Epsilon 1.0000
Epsilon 0.9942
Epsilon 0.9808
Epsilon 0.9674
Epsilon 0.9540
Epsilon 0.9406
Epsilon 0.9272
Epsilon 0.9138
Epsilon 0.9004
Epsilon 0.8870
Epsilon 0.8736
Epsilon 0.8602
Epsilon 0.8468
Epsilon 0.8334
Epsilon 0.8200
Epsilon 0.8066
Epsilon 0.7932
Epsilon 0.7798
Epsilon 0.7664
Epsilon 0.7530
Epsilon 0.7396
Epsilon 0.7262
Epsilon 0.7128
Epsilon 0.6994
Epsilon 0.6860
Epsilon 0.6726
Epsilon 0.6592
Epsilon 0.6458
Epsilon 0.6324
Epsilon 0.6190
Epsilon 0.6056
Epsilon 0.5922
Epsilon 0.5788
Epsilon 0.5654
Epsilon 0.5520
Epsilon 0.5386
Epsilon 0.5252
Epsilon 0.5118
Epsilon 0.4984
Epsilon 0.4850
Epsilon 0.4716
Epsilon 0.4582
Epsilon 0.4448
Epsilon 0.4314
Epsilon 0.4180
Epsilon 0.4046
Epsilon 0.3912
Epsilon 0.3778
Epsilon 0.3644
Epsilon 0.3510
Epsilon 0.3376
Epsilon 0.3242
Epsilon 0.3108
Epsilon 0.2974
Epsilon 0.2840
Epsilon 0.2706
Epsilon 0.2572
Epsilon 0.2438
Epsilon 0.2304
Epsilon 0.2170
Epsilon 0.2036
Epsilon 0.1902
Epsilon 0.1768
Epsilon 0.1634
Epsilon 0.1500
Epsilon 0.1366
Epsilon 0.1232
Epsilon 0.1098
Epsilon 0.0964
Epsilon 0.0830
Epsilon 0.0696
Epsilon 0.0562
Epsilon 0.0428
Epsilon 0.0294
Epsilon 0.0160
Epsilon 0.0100
Epsilon 0.0100
Epsilon 0.0100
Epsilon 0.0100
Epsilon 0.0100
Epsilon 0.0100
Epsilon 0.0100
Epsilon 0.0100
Epsilon 0.0100
Epsilon 0.0100
Epsilon 0.0100
Epsilon 0.0100
Epsilon 0.0100
Epsilon 0.0100
Epsilon 0.0100
Epsilon 0.0100
Epsilon 0.0100
Epsilon 0.0100
Epsilon 0.0100
Epsilon 0.0100
Epsilon 0.0100
Epsilon 0.0100
Epsilon 0.0100
Epsilon 0.0100
Epsilon 0.0100
  [BASIC] evaluation...
Deterministic eval: epsilon = 0.0 (greedy)
Episode: 1
Steps per episode: 17535
Epsilon 0.0000
Final price: 1060.19 EUR
    DQN cost: 1060.19 EUR  (improvement: 5.0%  fraction of theoretical: 21.5%)
    Saved user_240_basic_price_comparison.pdf / .png
  [EXTENDED] convergence training (40 x 10 episodes with eval)...
Reset requested: removed old DQN checkpoint.
Episode: 10
Steps per episode: 336
Epsilon 1.0000
Epsilon 0.9942
Epsilon 0.9808
Epsilon 0.9674
Epsilon 0.9540
Epsilon 0.9406
Epsilon 0.9272
Epsilon 0.9138
Epsilon 0.9004
Epsilon 0.8870
Episode: 10
Steps per episode: 336
Epsilon 1.0000
Epsilon 0.9866
Epsilon 0.9732
Epsilon 0.9598
Epsilon 0.9464
Epsilon 0.9330
Epsilon 0.9196
Epsilon 0.9062
Epsilon 0.8928
Epsilon 0.8794
Iter 00 | Reward(mean±std): -4.59 ± 4.10 | Price(mean±std): 20.82 ± 6.56
Episode: 10
Steps per episode: 336
Epsilon 1.0000
Epsilon 0.9866
Epsilon 0.9732
Epsilon 0.9598
Epsilon 0.9464
Epsilon 0.9330
Epsilon 0.9196
Epsilon 0.9062
Epsilon 0.8928
Epsilon 0.8794
Iter 01 | Reward(mean±std): -3.19 ± 3.34 | Price(mean±std): 18.58 ± 5.35
Episode: 10
Steps per episode: 336
Epsilon 1.0000
Epsilon 0.9866
Epsilon 0.9732
Epsilon 0.9598
Epsilon 0.9464
Epsilon 0.9330
Epsilon 0.9196
Epsilon 0.9062
Epsilon 0.8928
Epsilon 0.8794
Iter 02 | Reward(mean±std): -3.40 ± 3.63 | Price(mean±std): 18.92 ± 5.81
Episode: 10
Steps per episode: 336
Epsilon 1.0000
Epsilon 0.9866
Epsilon 0.9732
Epsilon 0.9598
Epsilon 0.9464
Epsilon 0.9330
Epsilon 0.9196
Epsilon 0.9062
Epsilon 0.8928
Epsilon 0.8794
Iter 03 | Reward(mean±std): -4.36 ± 4.00 | Price(mean±std): 20.47 ± 6.40
Episode: 10
Steps per episode: 336
Epsilon 1.0000
Epsilon 0.9866
Epsilon 0.9732
Epsilon 0.9598
Epsilon 0.9464
Epsilon 0.9330
Epsilon 0.9196
Epsilon 0.9062
Epsilon 0.8928
Epsilon 0.8794
Iter 04 | Reward(mean±std): -3.97 ± 3.35 | Price(mean±std): 19.85 ± 5.36
Episode: 10
Steps per episode: 336
Epsilon 1.0000
Epsilon 0.9866
Epsilon 0.9732
Epsilon 0.9598
Epsilon 0.9464
Epsilon 0.9330
Epsilon 0.9196
Epsilon 0.9062
Epsilon 0.8928
Epsilon 0.8794
Iter 05 | Reward(mean±std): -8.00 ± 11.06 | Price(mean±std): 19.48 ± 5.73
Episode: 10
Steps per episode: 336
Epsilon 1.0000
Epsilon 0.9866
Epsilon 0.9732
Epsilon 0.9598
Epsilon 0.9464
Epsilon 0.9330
Epsilon 0.9196
Epsilon 0.9062
Epsilon 0.8928
Epsilon 0.8794
Iter 06 | Reward(mean±std): -3.81 ± 3.92 | Price(mean±std): 19.58 ± 6.27
Episode: 10
Steps per episode: 336
Epsilon 1.0000
Epsilon 0.9866
Epsilon 0.9732
Epsilon 0.9598
Epsilon 0.9464
Epsilon 0.9330
Epsilon 0.9196
Epsilon 0.9062
Epsilon 0.8928
Epsilon 0.8794
Iter 07 | Reward(mean±std): -5.06 ± 4.87 | Price(mean±std): 21.58 ± 7.79
Episode: 10
Steps per episode: 336
Epsilon 1.0000
Epsilon 0.9866
Epsilon 0.9732
Epsilon 0.9598
Epsilon 0.9464
Epsilon 0.9330
Epsilon 0.9196
Epsilon 0.9062
Epsilon 0.8928
Epsilon 0.8794
Iter 08 | Reward(mean±std): -3.78 ± 3.95 | Price(mean±std): 19.54 ± 6.32
Episode: 10
Steps per episode: 336
Epsilon 1.0000
Epsilon 0.9866
Epsilon 0.9732
Epsilon 0.9598
Epsilon 0.9464
Epsilon 0.9330
Epsilon 0.9196
Epsilon 0.9062
Epsilon 0.8928
Epsilon 0.8794
Iter 09 | Reward(mean±std): -3.64 ± 3.75 | Price(mean±std): 19.30 ± 6.00
Episode: 10
Steps per episode: 336
Epsilon 1.0000
Epsilon 0.9866
Epsilon 0.9732
Epsilon 0.9598
Epsilon 0.9464
Epsilon 0.9330
Epsilon 0.9196
Epsilon 0.9062
Epsilon 0.8928
Epsilon 0.8794
Iter 10 | Reward(mean±std): -3.18 ± 3.05 | Price(mean±std): 18.57 ± 4.88
Episode: 10
Steps per episode: 336
Epsilon 1.0000
Epsilon 0.9866
Epsilon 0.9732
Epsilon 0.9598
Epsilon 0.9464
Epsilon 0.9330
Epsilon 0.9196
Epsilon 0.9062
Epsilon 0.8928
Epsilon 0.8794
Iter 11 | Reward(mean±std): -3.14 ± 3.02 | Price(mean±std): 18.51 ± 4.83
Episode: 10
Steps per episode: 336
Epsilon 1.0000
Epsilon 0.9866
Epsilon 0.9732
Epsilon 0.9598
Epsilon 0.9464
Epsilon 0.9330
Epsilon 0.9196
Epsilon 0.9062
Epsilon 0.8928
Epsilon 0.8794
Iter 12 | Reward(mean±std): -3.20 ± 3.06 | Price(mean±std): 18.61 ± 4.89
Episode: 10
Steps per episode: 336
Epsilon 1.0000
Epsilon 0.9866
Epsilon 0.9732
Epsilon 0.9598
Epsilon 0.9464
Epsilon 0.9330
Epsilon 0.9196
Epsilon 0.9062
Epsilon 0.8928
Epsilon 0.8794
Iter 13 | Reward(mean±std): -3.21 ± 2.93 | Price(mean±std): 18.62 ± 4.68
Episode: 10
Steps per episode: 336
Epsilon 1.0000
Epsilon 0.9866
Epsilon 0.9732
Epsilon 0.9598
Epsilon 0.9464
Epsilon 0.9330
Epsilon 0.9196
Epsilon 0.9062
Epsilon 0.8928
Epsilon 0.8794
Iter 14 | Reward(mean±std): -3.03 ± 3.40 | Price(mean±std): 18.34 ± 5.44
Episode: 10
Steps per episode: 336
Epsilon 1.0000
Epsilon 0.9866
Epsilon 0.9732
Epsilon 0.9598
Epsilon 0.9464
Epsilon 0.9330
Epsilon 0.9196
Epsilon 0.9062
Epsilon 0.8928
Epsilon 0.8794
Iter 15 | Reward(mean±std): -3.57 ± 3.73 | Price(mean±std): 19.19 ± 5.97
Episode: 10
Steps per episode: 336
Epsilon 1.0000
Epsilon 0.9866
Epsilon 0.9732
Epsilon 0.9598
Epsilon 0.9464
Epsilon 0.9330
Epsilon 0.9196
Epsilon 0.9062
Epsilon 0.8928
Epsilon 0.8794
Iter 16 | Reward(mean±std): -4.14 ± 3.56 | Price(mean±std): 19.82 ± 5.91
Episode: 10
Steps per episode: 336
Epsilon 1.0000
Epsilon 0.9866
Epsilon 0.9732
Epsilon 0.9598
Epsilon 0.9464
Epsilon 0.9330
Epsilon 0.9196
Epsilon 0.9062
Epsilon 0.8928
Epsilon 0.8794
Iter 17 | Reward(mean±std): -3.59 ± 3.64 | Price(mean±std): 19.14 ± 5.59
Episode: 10
Steps per episode: 336
Epsilon 1.0000
Epsilon 0.9866
Epsilon 0.9732
Epsilon 0.9598
Epsilon 0.9464
Epsilon 0.9330
Epsilon 0.9196
Epsilon 0.9062
Epsilon 0.8928
Epsilon 0.8794
Iter 18 | Reward(mean±std): -2.77 ± 3.46 | Price(mean±std): 17.93 ± 5.53
Episode: 10
Steps per episode: 336
Epsilon 1.0000
Epsilon 0.9866
Epsilon 0.9732
Epsilon 0.9598
Epsilon 0.9464
Epsilon 0.9330
Epsilon 0.9196
Epsilon 0.9062
Epsilon 0.8928
Epsilon 0.8794
Iter 19 | Reward(mean±std): -6.22 ± 3.49 | Price(mean±std): 19.04 ± 5.31
Episode: 10
Steps per episode: 336
Epsilon 1.0000
Epsilon 0.9866
Epsilon 0.9732
Epsilon 0.9598
Epsilon 0.9464
Epsilon 0.9330
Epsilon 0.9196
Epsilon 0.9062
Epsilon 0.8928
Epsilon 0.8794
Iter 20 | Reward(mean±std): -3.64 ± 3.81 | Price(mean±std): 19.31 ± 6.10
Episode: 10
Steps per episode: 336
Epsilon 1.0000
Epsilon 0.9866
Epsilon 0.9732
Epsilon 0.9598
Epsilon 0.9464
Epsilon 0.9330
Epsilon 0.9196
Epsilon 0.9062
Epsilon 0.8928
Epsilon 0.8794
Iter 21 | Reward(mean±std): -4.85 ± 5.27 | Price(mean±std): 18.35 ± 5.58
Episode: 10
Steps per episode: 336
Epsilon 1.0000
Epsilon 0.9866
Epsilon 0.9732
Epsilon 0.9598
Epsilon 0.9464
Epsilon 0.9330
Epsilon 0.9196
Epsilon 0.9062
Epsilon 0.8928
Epsilon 0.8794
Iter 22 | Reward(mean±std): -3.79 ± 3.24 | Price(mean±std): 18.65 ± 5.35
Episode: 10
Steps per episode: 336
Epsilon 1.0000
Epsilon 0.9866
Epsilon 0.9732
Epsilon 0.9598
Epsilon 0.9464
Epsilon 0.9330
Epsilon 0.9196
Epsilon 0.9062
Epsilon 0.8928
Epsilon 0.8794
Iter 23 | Reward(mean±std): -3.46 ± 3.57 | Price(mean±std): 19.03 ± 5.71
Episode: 10
Steps per episode: 336
Epsilon 1.0000
Epsilon 0.9866
Epsilon 0.9732
Epsilon 0.9598
Epsilon 0.9464
Epsilon 0.9330
Epsilon 0.9196
Epsilon 0.9062
Epsilon 0.8928
Epsilon 0.8794
Iter 24 | Reward(mean±std): -4.02 ± 3.65 | Price(mean±std): 19.91 ± 5.83
Episode: 10
Steps per episode: 336
Epsilon 1.0000
Epsilon 0.9866
Epsilon 0.9732
Epsilon 0.9598
Epsilon 0.9464
Epsilon 0.9330
Epsilon 0.9196
Epsilon 0.9062
Epsilon 0.8928
Epsilon 0.8794
Iter 25 | Reward(mean±std): -3.33 ± 3.67 | Price(mean±std): 18.82 ± 5.88
Episode: 10
Steps per episode: 336
Epsilon 1.0000
Epsilon 0.9866
Epsilon 0.9732
Epsilon 0.9598
Epsilon 0.9464
Epsilon 0.9330
Epsilon 0.9196
Epsilon 0.9062
Epsilon 0.8928
Epsilon 0.8794
Iter 26 | Reward(mean±std): -19.70 ± 11.07 | Price(mean±std): 19.91 ± 5.45
Episode: 10
Steps per episode: 336
Epsilon 1.0000
Epsilon 0.9866
Epsilon 0.9732
Epsilon 0.9598
Epsilon 0.9464
Epsilon 0.9330
Epsilon 0.9196
Epsilon 0.9062
Epsilon 0.8928
Epsilon 0.8794
Iter 27 | Reward(mean±std): -20.33 ± 11.23 | Price(mean±std): 19.81 ± 5.36
Episode: 10
Steps per episode: 336
Epsilon 1.0000
Epsilon 0.9866
Epsilon 0.9732
Epsilon 0.9598
Epsilon 0.9464
Epsilon 0.9330
Epsilon 0.9196
Epsilon 0.9062
Epsilon 0.8928
Epsilon 0.8794
Iter 28 | Reward(mean±std): -3.45 ± 3.83 | Price(mean±std): 19.00 ± 6.13
Episode: 10
Steps per episode: 336
Epsilon 1.0000
Epsilon 0.9866
Epsilon 0.9732
Epsilon 0.9598
Epsilon 0.9464
Epsilon 0.9330
Epsilon 0.9196
Epsilon 0.9062
Epsilon 0.8928
Epsilon 0.8794
Iter 29 | Reward(mean±std): -28.21 ± 16.39 | Price(mean±std): 20.83 ± 5.98
Episode: 10
Steps per episode: 336
Epsilon 1.0000
Epsilon 0.9866
Epsilon 0.9732
Epsilon 0.9598
Epsilon 0.9464
Epsilon 0.9330
Epsilon 0.9196
Epsilon 0.9062
Epsilon 0.8928
Epsilon 0.8794
Iter 30 | Reward(mean±std): -3.72 ± 3.96 | Price(mean±std): 19.44 ± 6.34
Episode: 10
Steps per episode: 336
Epsilon 1.0000
Epsilon 0.9866
Epsilon 0.9732
Epsilon 0.9598
Epsilon 0.9464
Epsilon 0.9330
Epsilon 0.9196
Epsilon 0.9062
Epsilon 0.8928
Epsilon 0.8794
Iter 31 | Reward(mean±std): -4.18 ± 3.00 | Price(mean±std): 19.37 ± 5.17
Episode: 10
Steps per episode: 336
Epsilon 1.0000
Epsilon 0.9866
Epsilon 0.9732
Epsilon 0.9598
Epsilon 0.9464
Epsilon 0.9330
Epsilon 0.9196
Epsilon 0.9062
Epsilon 0.8928
Epsilon 0.8794
Iter 32 | Reward(mean±std): -2.74 ± 3.46 | Price(mean±std): 17.88 ± 5.54
Episode: 10
Steps per episode: 336
Epsilon 1.0000
Epsilon 0.9866
Epsilon 0.9732
Epsilon 0.9598
Epsilon 0.9464
Epsilon 0.9330
Epsilon 0.9196
Epsilon 0.9062
Epsilon 0.8928
Epsilon 0.8794
Iter 33 | Reward(mean±std): -3.53 ± 3.41 | Price(mean±std): 19.14 ± 5.46
Episode: 10
Steps per episode: 336
Epsilon 1.0000
Epsilon 0.9866
Epsilon 0.9732
Epsilon 0.9598
Epsilon 0.9464
Epsilon 0.9330
Epsilon 0.9196
Epsilon 0.9062
Epsilon 0.8928
Epsilon 0.8794
Iter 34 | Reward(mean±std): -5.28 ± 3.43 | Price(mean±std): 19.23 ± 6.10
Episode: 10
Steps per episode: 336
Epsilon 1.0000
Epsilon 0.9866
Epsilon 0.9732
Epsilon 0.9598
Epsilon 0.9464
Epsilon 0.9330
Epsilon 0.9196
Epsilon 0.9062
Epsilon 0.8928
Epsilon 0.8794
Iter 35 | Reward(mean±std): -4.24 ± 3.87 | Price(mean±std): 20.27 ± 6.19
Episode: 10
Steps per episode: 336
Epsilon 1.0000
Epsilon 0.9866
Epsilon 0.9732
Epsilon 0.9598
Epsilon 0.9464
Epsilon 0.9330
Epsilon 0.9196
Epsilon 0.9062
Epsilon 0.8928
Epsilon 0.8794
Iter 36 | Reward(mean±std): -4.39 ± 3.86 | Price(mean±std): 19.30 ± 6.01
Episode: 10
Steps per episode: 336
Epsilon 1.0000
Epsilon 0.9866
Epsilon 0.9732
Epsilon 0.9598
Epsilon 0.9464
Epsilon 0.9330
Epsilon 0.9196
Epsilon 0.9062
Epsilon 0.8928
Epsilon 0.8794
Iter 37 | Reward(mean±std): -4.04 ± 4.08 | Price(mean±std): 19.95 ± 6.52
Episode: 10
Steps per episode: 336
Epsilon 1.0000
Epsilon 0.9866
Epsilon 0.9732
Epsilon 0.9598
Epsilon 0.9464
Epsilon 0.9330
Epsilon 0.9196
Epsilon 0.9062
Epsilon 0.8928
Epsilon 0.8794
Iter 38 | Reward(mean±std): -3.04 ± 3.62 | Price(mean±std): 18.35 ± 5.79
Episode: 10
Steps per episode: 336
Epsilon 1.0000
Epsilon 0.9866
Epsilon 0.9732
Epsilon 0.9598
Epsilon 0.9464
Epsilon 0.9330
Epsilon 0.9196
Epsilon 0.9062
Epsilon 0.8928
Epsilon 0.8794
Iter 39 | Reward(mean±std): -14.65 ± 6.77 | Price(mean±std): 19.02 ± 5.32

Best mean price over checkpoints: 17.88
Last raw mean reward: -14.65
Last smoothed mean reward (window=5): -6.07
  [EXTENDED] final evaluation with best weights...
Deterministic eval: epsilon = 0.0 (greedy)
Episode: 1
Steps per episode: 17535
Epsilon 0.0000
Final price: 944.19 EUR
    DQN cost: 944.19 EUR  (improvement: 15.4%  fraction of theoretical: 66.0%)
    Saved user_240_extended_price_comparison.pdf / .png
  [done] user 240 written to CSV.

[23/30]
============================================================
USER 113  (cluster 22)
============================================================
  [setup] imports...
Using Apple Silicon MPS Acceleration

Tensor created on device: mps:0
  [setup] data loading...
  [setup] preprocessing...
Detected step: 30.0 min | KorakovNaDan=48 | BatMaxPolnjenje=3.000 | BatMaxPraznjenje=3.000
Using Scaler: RobustScaler
                           Energy_Consumption  ...  SMP_OutlierFlag
Timestamp_UTC                                  ...                 
2010-07-01 00:30:00+00:00            0.759887  ...              0.0
2010-07-01 01:00:00+00:00           -0.073446  ...              0.0
2010-07-01 01:30:00+00:00           -0.002825  ...              0.0
2010-07-01 02:00:00+00:00           -0.067797  ...              0.0
2010-07-01 02:30:00+00:00           -0.073446  ...              0.0

[5 rows x 4 columns]
Notebook DQN now uses HouseholdEnvironment directly
  [setup] DQN class & Learning_DQN...
  [baselines] test env + MILP function...
  [baselines] SARSA agents + random DQN eval...
cena po optimizaciji 1598.6468148058916
Random eval: epsilon = 1.0
Episode: 1
Steps per episode: 17535
Epsilon 1.0000
Final price: 2801.31 EUR
  [baselines] no-battery agent...
  [baselines] MILP benchmark (this may take several minutes)...
Building MILP Model...
Solving over 17535 steps... (This may take a moment)

--- MILP Optimization Complete ---
Total Electricity Cost (Inc GST & Fixed): $947.8355
Total RL Equivalent Reward: -151.2062
    No-battery cost: 1311.09 EUR | MILP cost: 947.84 EUR
  [BASIC] training (100 episodes)...
Reset requested: removed old DQN checkpoint.
Episode: 100
Steps per episode: 336
Epsilon 1.0000
Epsilon 0.9942
Epsilon 0.9808
Epsilon 0.9674
Epsilon 0.9540
Epsilon 0.9406
Epsilon 0.9272
Epsilon 0.9138
Epsilon 0.9004
Epsilon 0.8870
Epsilon 0.8736
Epsilon 0.8602
Epsilon 0.8468
Epsilon 0.8334
Epsilon 0.8200
Epsilon 0.8066
Epsilon 0.7932
Epsilon 0.7798
Epsilon 0.7664
Epsilon 0.7530
Epsilon 0.7396
Epsilon 0.7262
Epsilon 0.7128
Epsilon 0.6994
Epsilon 0.6860
Epsilon 0.6726
Epsilon 0.6592
Epsilon 0.6458
Epsilon 0.6324
Epsilon 0.6190
Epsilon 0.6056
Epsilon 0.5922
Epsilon 0.5788
Epsilon 0.5654
Epsilon 0.5520
Epsilon 0.5386
Epsilon 0.5252
Epsilon 0.5118
Epsilon 0.4984
Epsilon 0.4850
Epsilon 0.4716
Epsilon 0.4582
Epsilon 0.4448
Epsilon 0.4314
Epsilon 0.4180
Epsilon 0.4046
Epsilon 0.3912
Epsilon 0.3778
Epsilon 0.3644
Epsilon 0.3510
Epsilon 0.3376
Epsilon 0.3242
Epsilon 0.3108
Epsilon 0.2974
Epsilon 0.2840
Epsilon 0.2706
Epsilon 0.2572
Epsilon 0.2438
Epsilon 0.2304
Epsilon 0.2170
Epsilon 0.2036
Epsilon 0.1902
Epsilon 0.1768
Epsilon 0.1634
Epsilon 0.1500
Epsilon 0.1366
Epsilon 0.1232
Epsilon 0.1098
Epsilon 0.0964
Epsilon 0.0830
Epsilon 0.0696
Epsilon 0.0562
Epsilon 0.0428
Epsilon 0.0294
Epsilon 0.0160
Epsilon 0.0100
Epsilon 0.0100
Epsilon 0.0100
Epsilon 0.0100
Epsilon 0.0100
Epsilon 0.0100
Epsilon 0.0100
Epsilon 0.0100
Epsilon 0.0100
Epsilon 0.0100
Epsilon 0.0100
Epsilon 0.0100
Epsilon 0.0100
Epsilon 0.0100
Epsilon 0.0100
Epsilon 0.0100
Epsilon 0.0100
Epsilon 0.0100
Epsilon 0.0100
Epsilon 0.0100
Epsilon 0.0100
Epsilon 0.0100
Epsilon 0.0100
Epsilon 0.0100
Epsilon 0.0100
  [BASIC] evaluation...
Deterministic eval: epsilon = 0.0 (greedy)
Episode: 1
Steps per episode: 17535
Epsilon 0.0000
Final price: 1263.86 EUR
    DQN cost: 1263.86 EUR  (improvement: 3.6%  fraction of theoretical: 13.0%)
    Saved user_113_basic_price_comparison.pdf / .png
  [EXTENDED] convergence training (40 x 10 episodes with eval)...
Reset requested: removed old DQN checkpoint.
Episode: 10
Steps per episode: 336
Epsilon 1.0000
Epsilon 0.9942
Epsilon 0.9808
Epsilon 0.9674
Epsilon 0.9540
Epsilon 0.9406
Epsilon 0.9272
Epsilon 0.9138
Epsilon 0.9004
Epsilon 0.8870
Episode: 10
Steps per episode: 336
Epsilon 1.0000
Epsilon 0.9866
Epsilon 0.9732
Epsilon 0.9598
Epsilon 0.9464
Epsilon 0.9330
Epsilon 0.9196
Epsilon 0.9062
Epsilon 0.8928
Epsilon 0.8794
Iter 00 | Reward(mean±std): -8.96 ± 7.99 | Price(mean±std): 23.03 ± 3.44
Episode: 10
Steps per episode: 336
Epsilon 1.0000
Epsilon 0.9866
Epsilon 0.9732
Epsilon 0.9598
Epsilon 0.9464
Epsilon 0.9330
Epsilon 0.9196
Epsilon 0.9062
Epsilon 0.8928
Epsilon 0.8794
Iter 01 | Reward(mean±std): -5.98 ± 2.12 | Price(mean±std): 23.06 ± 3.40
Episode: 10
Steps per episode: 336
Epsilon 1.0000
Epsilon 0.9866
Epsilon 0.9732
Epsilon 0.9598
Epsilon 0.9464
Epsilon 0.9330
Epsilon 0.9196
Epsilon 0.9062
Epsilon 0.8928
Epsilon 0.8794
Iter 02 | Reward(mean±std): -6.03 ± 2.14 | Price(mean±std): 23.14 ± 3.43
Episode: 10
Steps per episode: 336
Epsilon 1.0000
Epsilon 0.9866
Epsilon 0.9732
Epsilon 0.9598
Epsilon 0.9464
Epsilon 0.9330
Epsilon 0.9196
Epsilon 0.9062
Epsilon 0.8928
Epsilon 0.8794
Iter 03 | Reward(mean±std): -5.08 ± 2.53 | Price(mean±std): 21.62 ± 4.05
Episode: 10
Steps per episode: 336
Epsilon 1.0000
Epsilon 0.9866
Epsilon 0.9732
Epsilon 0.9598
Epsilon 0.9464
Epsilon 0.9330
Epsilon 0.9196
Epsilon 0.9062
Epsilon 0.8928
Epsilon 0.8794
Iter 04 | Reward(mean±std): -4.90 ± 1.91 | Price(mean±std): 21.33 ± 3.06
Episode: 10
Steps per episode: 336
Epsilon 1.0000
Epsilon 0.9866
Epsilon 0.9732
Epsilon 0.9598
Epsilon 0.9464
Epsilon 0.9330
Epsilon 0.9196
Epsilon 0.9062
Epsilon 0.8928
Epsilon 0.8794
Iter 05 | Reward(mean±std): -4.45 ± 1.81 | Price(mean±std): 20.61 ± 2.90
Episode: 10
Steps per episode: 336
Epsilon 1.0000
Epsilon 0.9866
Epsilon 0.9732
Epsilon 0.9598
Epsilon 0.9464
Epsilon 0.9330
Epsilon 0.9196
Epsilon 0.9062
Epsilon 0.8928
Epsilon 0.8794
Iter 06 | Reward(mean±std): -5.20 ± 2.36 | Price(mean±std): 21.81 ± 3.77
Episode: 10
Steps per episode: 336
Epsilon 1.0000
Epsilon 0.9866
Epsilon 0.9732
Epsilon 0.9598
Epsilon 0.9464
Epsilon 0.9330
Epsilon 0.9196
Epsilon 0.9062
Epsilon 0.8928
Epsilon 0.8794
Iter 07 | Reward(mean±std): -5.12 ± 2.33 | Price(mean±std): 21.68 ± 3.73
Episode: 10
Steps per episode: 336
Epsilon 1.0000
Epsilon 0.9866
Epsilon 0.9732
Epsilon 0.9598
Epsilon 0.9464
Epsilon 0.9330
Epsilon 0.9196
Epsilon 0.9062
Epsilon 0.8928
Epsilon 0.8794
Iter 08 | Reward(mean±std): -6.13 ± 2.51 | Price(mean±std): 23.29 ± 4.02
Episode: 10
Steps per episode: 336
Epsilon 1.0000
Epsilon 0.9866
Epsilon 0.9732
Epsilon 0.9598
Epsilon 0.9464
Epsilon 0.9330
Epsilon 0.9196
Epsilon 0.9062
Epsilon 0.8928
Epsilon 0.8794
Iter 09 | Reward(mean±std): -5.19 ± 2.25 | Price(mean±std): 21.79 ± 3.60
Episode: 10
Steps per episode: 336
Epsilon 1.0000
Epsilon 0.9866
Epsilon 0.9732
Epsilon 0.9598
Epsilon 0.9464
Epsilon 0.9330
Epsilon 0.9196
Epsilon 0.9062
Epsilon 0.8928
Epsilon 0.8794
Iter 10 | Reward(mean±std): -5.26 ± 2.38 | Price(mean±std): 21.90 ± 3.81
Episode: 10
Steps per episode: 336
Epsilon 1.0000
Epsilon 0.9866
Epsilon 0.9732
Epsilon 0.9598
Epsilon 0.9464
Epsilon 0.9330
Epsilon 0.9196
Epsilon 0.9062
Epsilon 0.8928
Epsilon 0.8794
Iter 11 | Reward(mean±std): -6.17 ± 2.22 | Price(mean±std): 23.36 ± 3.54
Episode: 10
Steps per episode: 336
Epsilon 1.0000
Epsilon 0.9866
Epsilon 0.9732
Epsilon 0.9598
Epsilon 0.9464
Epsilon 0.9330
Epsilon 0.9196
Epsilon 0.9062
Epsilon 0.8928
Epsilon 0.8794
Iter 12 | Reward(mean±std): -5.65 ± 2.50 | Price(mean±std): 22.53 ± 4.00
Episode: 10
Steps per episode: 336
Epsilon 1.0000
Epsilon 0.9866
Epsilon 0.9732
Epsilon 0.9598
Epsilon 0.9464
Epsilon 0.9330
Epsilon 0.9196
Epsilon 0.9062
Epsilon 0.8928
Epsilon 0.8794
Iter 13 | Reward(mean±std): -4.59 ± 2.24 | Price(mean±std): 20.83 ± 3.58
Episode: 10
Steps per episode: 336
Epsilon 1.0000
Epsilon 0.9866
Epsilon 0.9732
Epsilon 0.9598
Epsilon 0.9464
Epsilon 0.9330
Epsilon 0.9196
Epsilon 0.9062
Epsilon 0.8928
Epsilon 0.8794
Iter 14 | Reward(mean±std): -5.33 ± 2.67 | Price(mean±std): 22.01 ± 4.28
Episode: 10
Steps per episode: 336
Epsilon 1.0000
Epsilon 0.9866
Epsilon 0.9732
Epsilon 0.9598
Epsilon 0.9464
Epsilon 0.9330
Epsilon 0.9196
Epsilon 0.9062
Epsilon 0.8928
Epsilon 0.8794
Iter 15 | Reward(mean±std): -5.87 ± 2.30 | Price(mean±std): 22.88 ± 3.68
Episode: 10
Steps per episode: 336
Epsilon 1.0000
Epsilon 0.9866
Epsilon 0.9732
Epsilon 0.9598
Epsilon 0.9464
Epsilon 0.9330
Epsilon 0.9196
Epsilon 0.9062
Epsilon 0.8928
Epsilon 0.8794
Iter 16 | Reward(mean±std): -5.24 ± 2.18 | Price(mean±std): 21.88 ± 3.49
Episode: 10
Steps per episode: 336
Epsilon 1.0000
Epsilon 0.9866
Epsilon 0.9732
Epsilon 0.9598
Epsilon 0.9464
Epsilon 0.9330
Epsilon 0.9196
Epsilon 0.9062
Epsilon 0.8928
Epsilon 0.8794
Iter 17 | Reward(mean±std): -4.83 ± 2.59 | Price(mean±std): 21.21 ± 4.14
Episode: 10
Steps per episode: 336
Epsilon 1.0000
Epsilon 0.9866
Epsilon 0.9732
Epsilon 0.9598
Epsilon 0.9464
Epsilon 0.9330
Epsilon 0.9196
Epsilon 0.9062
Epsilon 0.8928
Epsilon 0.8794
Iter 18 | Reward(mean±std): -4.34 ± 2.51 | Price(mean±std): 20.43 ± 4.01
Episode: 10
Steps per episode: 336
Epsilon 1.0000
Epsilon 0.9866
Epsilon 0.9732
Epsilon 0.9598
Epsilon 0.9464
Epsilon 0.9330
Epsilon 0.9196
Epsilon 0.9062
Epsilon 0.8928
Epsilon 0.8794
Iter 19 | Reward(mean±std): -5.13 ± 2.46 | Price(mean±std): 21.69 ± 3.94
Episode: 10
Steps per episode: 336
Epsilon 1.0000
Epsilon 0.9866
Epsilon 0.9732
Epsilon 0.9598
Epsilon 0.9464
Epsilon 0.9330
Epsilon 0.9196
Epsilon 0.9062
Epsilon 0.8928
Epsilon 0.8794
Iter 20 | Reward(mean±std): -4.24 ± 2.24 | Price(mean±std): 20.28 ± 3.58
Episode: 10
Steps per episode: 336
Epsilon 1.0000
Epsilon 0.9866
Epsilon 0.9732
Epsilon 0.9598
Epsilon 0.9464
Epsilon 0.9330
Epsilon 0.9196
Epsilon 0.9062
Epsilon 0.8928
Epsilon 0.8794
Iter 21 | Reward(mean±std): -4.34 ± 2.25 | Price(mean±std): 20.43 ± 3.60
Episode: 10
Steps per episode: 336
Epsilon 1.0000
Epsilon 0.9866
Epsilon 0.9732
Epsilon 0.9598
Epsilon 0.9464
Epsilon 0.9330
Epsilon 0.9196
Epsilon 0.9062
Epsilon 0.8928
Epsilon 0.8794
Iter 22 | Reward(mean±std): -4.93 ± 2.24 | Price(mean±std): 21.37 ± 3.58
Episode: 10
Steps per episode: 336
Epsilon 1.0000
Epsilon 0.9866
Epsilon 0.9732
Epsilon 0.9598
Epsilon 0.9464
Epsilon 0.9330
Epsilon 0.9196
Epsilon 0.9062
Epsilon 0.8928
Epsilon 0.8794
Iter 23 | Reward(mean±std): -7.06 ± 4.85 | Price(mean±std): 21.38 ± 3.23
Episode: 10
Steps per episode: 336
Epsilon 1.0000
Epsilon 0.9866
Epsilon 0.9732
Epsilon 0.9598
Epsilon 0.9464
Epsilon 0.9330
Epsilon 0.9196
Epsilon 0.9062
Epsilon 0.8928
Epsilon 0.8794
Iter 24 | Reward(mean±std): -4.40 ± 2.27 | Price(mean±std): 20.53 ± 3.63
Episode: 10
Steps per episode: 336
Epsilon 1.0000
Epsilon 0.9866
Epsilon 0.9732
Epsilon 0.9598
Epsilon 0.9464
Epsilon 0.9330
Epsilon 0.9196
Epsilon 0.9062
Epsilon 0.8928
Epsilon 0.8794
Iter 25 | Reward(mean±std): -5.23 ± 2.20 | Price(mean±std): 21.86 ± 3.51
Episode: 10
Steps per episode: 336
Epsilon 1.0000
Epsilon 0.9866
Epsilon 0.9732
Epsilon 0.9598
Epsilon 0.9464
Epsilon 0.9330
Epsilon 0.9196
Epsilon 0.9062
Epsilon 0.8928
Epsilon 0.8794
Iter 26 | Reward(mean±std): -4.68 ± 2.17 | Price(mean±std): 20.98 ± 3.48
Episode: 10
Steps per episode: 336
Epsilon 1.0000
Epsilon 0.9866
Epsilon 0.9732
Epsilon 0.9598
Epsilon 0.9464
Epsilon 0.9330
Epsilon 0.9196
Epsilon 0.9062
Epsilon 0.8928
Epsilon 0.8794
Iter 27 | Reward(mean±std): -4.90 ± 2.37 | Price(mean±std): 21.33 ± 3.80
Episode: 10
Steps per episode: 336
Epsilon 1.0000
Epsilon 0.9866
Epsilon 0.9732
Epsilon 0.9598
Epsilon 0.9464
Epsilon 0.9330
Epsilon 0.9196
Epsilon 0.9062
Epsilon 0.8928
Epsilon 0.8794
Iter 28 | Reward(mean±std): -4.12 ± 2.25 | Price(mean±std): 20.08 ± 3.60
Episode: 10
Steps per episode: 336
Epsilon 1.0000
Epsilon 0.9866
Epsilon 0.9732
Epsilon 0.9598
Epsilon 0.9464
Epsilon 0.9330
Epsilon 0.9196
Epsilon 0.9062
Epsilon 0.8928
Epsilon 0.8794
Iter 29 | Reward(mean±std): -4.35 ± 2.28 | Price(mean±std): 20.45 ± 3.64
Episode: 10
Steps per episode: 336
Epsilon 1.0000
Epsilon 0.9866
Epsilon 0.9732
Epsilon 0.9598
Epsilon 0.9464
Epsilon 0.9330
Epsilon 0.9196
Epsilon 0.9062
Epsilon 0.8928
Epsilon 0.8794
Iter 30 | Reward(mean±std): -4.20 ± 2.08 | Price(mean±std): 20.20 ± 3.32
Episode: 10
Steps per episode: 336
Epsilon 1.0000
Epsilon 0.9866
Epsilon 0.9732
Epsilon 0.9598
Epsilon 0.9464
Epsilon 0.9330
Epsilon 0.9196
Epsilon 0.9062
Epsilon 0.8928
Epsilon 0.8794
Iter 31 | Reward(mean±std): -4.18 ± 2.22 | Price(mean±std): 20.17 ± 3.55
Episode: 10
Steps per episode: 336
Epsilon 1.0000
Epsilon 0.9866
Epsilon 0.9732
Epsilon 0.9598
Epsilon 0.9464
Epsilon 0.9330
Epsilon 0.9196
Epsilon 0.9062
Epsilon 0.8928
Epsilon 0.8794
Iter 32 | Reward(mean±std): -3.73 ± 2.00 | Price(mean±std): 19.46 ± 3.20
Episode: 10
Steps per episode: 336
Epsilon 1.0000
Epsilon 0.9866
Epsilon 0.9732
Epsilon 0.9598
Epsilon 0.9464
Epsilon 0.9330
Epsilon 0.9196
Epsilon 0.9062
Epsilon 0.8928
Epsilon 0.8794
Iter 33 | Reward(mean±std): -3.88 ± 2.14 | Price(mean±std): 19.69 ± 3.42
Episode: 10
Steps per episode: 336
Epsilon 1.0000
Epsilon 0.9866
Epsilon 0.9732
Epsilon 0.9598
Epsilon 0.9464
Epsilon 0.9330
Epsilon 0.9196
Epsilon 0.9062
Epsilon 0.8928
Epsilon 0.8794
Iter 34 | Reward(mean±std): -5.31 ± 2.53 | Price(mean±std): 21.99 ± 4.05
Episode: 10
Steps per episode: 336
Epsilon 1.0000
Epsilon 0.9866
Epsilon 0.9732
Epsilon 0.9598
Epsilon 0.9464
Epsilon 0.9330
Epsilon 0.9196
Epsilon 0.9062
Epsilon 0.8928
Epsilon 0.8794
Iter 35 | Reward(mean±std): -4.87 ± 2.34 | Price(mean±std): 21.27 ± 3.75
Episode: 10
Steps per episode: 336
Epsilon 1.0000
Epsilon 0.9866
Epsilon 0.9732
Epsilon 0.9598
Epsilon 0.9464
Epsilon 0.9330
Epsilon 0.9196
Epsilon 0.9062
Epsilon 0.8928
Epsilon 0.8794
Iter 36 | Reward(mean±std): -4.94 ± 2.59 | Price(mean±std): 21.39 ± 4.14
Episode: 10
Steps per episode: 336
Epsilon 1.0000
Epsilon 0.9866
Epsilon 0.9732
Epsilon 0.9598
Epsilon 0.9464
Epsilon 0.9330
Epsilon 0.9196
Epsilon 0.9062
Epsilon 0.8928
Epsilon 0.8794
Iter 37 | Reward(mean±std): -5.37 ± 2.12 | Price(mean±std): 22.08 ± 3.39
Episode: 10
Steps per episode: 336
Epsilon 1.0000
Epsilon 0.9866
Epsilon 0.9732
Epsilon 0.9598
Epsilon 0.9464
Epsilon 0.9330
Epsilon 0.9196
Epsilon 0.9062
Epsilon 0.8928
Epsilon 0.8794
Iter 38 | Reward(mean±std): -5.68 ± 2.31 | Price(mean±std): 22.58 ± 3.69
Episode: 10
Steps per episode: 336
Epsilon 1.0000
Epsilon 0.9866
Epsilon 0.9732
Epsilon 0.9598
Epsilon 0.9464
Epsilon 0.9330
Epsilon 0.9196
Epsilon 0.9062
Epsilon 0.8928
Epsilon 0.8794
Iter 39 | Reward(mean±std): -4.93 ± 2.57 | Price(mean±std): 21.38 ± 4.11

Best mean price over checkpoints: 19.46
Last raw mean reward: -4.93
Last smoothed mean reward (window=5): -5.16
  [EXTENDED] final evaluation with best weights...
Deterministic eval: epsilon = 0.0 (greedy)
Episode: 1
Steps per episode: 17535
Epsilon 0.0000
Final price: 1055.75 EUR
    DQN cost: 1055.75 EUR  (improvement: 19.5%  fraction of theoretical: 70.3%)
    Saved user_113_extended_price_comparison.pdf / .png
  [done] user 113 written to CSV.

[24/30]
============================================================
USER 67  (cluster 23)
============================================================
  [setup] imports...
Using Apple Silicon MPS Acceleration

Tensor created on device: mps:0
  [setup] data loading...
  [setup] preprocessing...
Detected step: 30.0 min | KorakovNaDan=48 | BatMaxPolnjenje=3.000 | BatMaxPraznjenje=3.000
Using Scaler: RobustScaler
                           Energy_Consumption  ...  SMP_OutlierFlag
Timestamp_UTC                                  ...                 
2010-07-01 00:30:00+00:00            0.744681  ...              0.0
2010-07-01 01:00:00+00:00           -0.122931  ...              0.0
2010-07-01 01:30:00+00:00           -0.049645  ...              0.0
2010-07-01 02:00:00+00:00           -0.052009  ...              0.0
2010-07-01 02:30:00+00:00           -0.231678  ...              0.0

[5 rows x 4 columns]
Notebook DQN now uses HouseholdEnvironment directly
  [setup] DQN class & Learning_DQN...
  [baselines] test env + MILP function...
  [baselines] SARSA agents + random DQN eval...
cena po optimizaciji 1559.1987127488019
Random eval: epsilon = 1.0
Episode: 1
Steps per episode: 17535
Epsilon 1.0000
Final price: 2697.37 EUR
  [baselines] no-battery agent...
  [baselines] MILP benchmark (this may take several minutes)...
Building MILP Model...
Solving over 17535 steps... (This may take a moment)

--- MILP Optimization Complete ---
Total Electricity Cost (Inc GST & Fixed): $849.9207
Total RL Equivalent Reward: -90.0095
    No-battery cost: 1265.49 EUR | MILP cost: 849.92 EUR
  [BASIC] training (100 episodes)...
Reset requested: removed old DQN checkpoint.
Episode: 100
Steps per episode: 336
Epsilon 1.0000
Epsilon 0.9942
Epsilon 0.9808
Epsilon 0.9674
Epsilon 0.9540
Epsilon 0.9406
Epsilon 0.9272
Epsilon 0.9138
Epsilon 0.9004
Epsilon 0.8870
Epsilon 0.8736
Epsilon 0.8602
Epsilon 0.8468
Epsilon 0.8334
Epsilon 0.8200
Epsilon 0.8066
Epsilon 0.7932
Epsilon 0.7798
Epsilon 0.7664
Epsilon 0.7530
Epsilon 0.7396
Epsilon 0.7262
Epsilon 0.7128
Epsilon 0.6994
Epsilon 0.6860
Epsilon 0.6726
Epsilon 0.6592
Epsilon 0.6458
Epsilon 0.6324
Epsilon 0.6190
Epsilon 0.6056
Epsilon 0.5922
Epsilon 0.5788
Epsilon 0.5654
Epsilon 0.5520
Epsilon 0.5386
Epsilon 0.5252
Epsilon 0.5118
Epsilon 0.4984
Epsilon 0.4850
Epsilon 0.4716
Epsilon 0.4582
Epsilon 0.4448
Epsilon 0.4314
Epsilon 0.4180
Epsilon 0.4046
Epsilon 0.3912
Epsilon 0.3778
Epsilon 0.3644
Epsilon 0.3510
Epsilon 0.3376
Epsilon 0.3242
Epsilon 0.3108
Epsilon 0.2974
Epsilon 0.2840
Epsilon 0.2706
Epsilon 0.2572
Epsilon 0.2438
Epsilon 0.2304
Epsilon 0.2170
Epsilon 0.2036
Epsilon 0.1902
Epsilon 0.1768
Epsilon 0.1634
Epsilon 0.1500
Epsilon 0.1366
Epsilon 0.1232
Epsilon 0.1098
Epsilon 0.0964
Epsilon 0.0830
Epsilon 0.0696
Epsilon 0.0562
Epsilon 0.0428
Epsilon 0.0294
Epsilon 0.0160
Epsilon 0.0100
Epsilon 0.0100
Epsilon 0.0100
Epsilon 0.0100
Epsilon 0.0100
Epsilon 0.0100
Epsilon 0.0100
Epsilon 0.0100
Epsilon 0.0100
Epsilon 0.0100
Epsilon 0.0100
Epsilon 0.0100
Epsilon 0.0100
Epsilon 0.0100
Epsilon 0.0100
Epsilon 0.0100
Epsilon 0.0100
Epsilon 0.0100
Epsilon 0.0100
Epsilon 0.0100
Epsilon 0.0100
Epsilon 0.0100
Epsilon 0.0100
Epsilon 0.0100
Epsilon 0.0100
  [BASIC] evaluation...
Deterministic eval: epsilon = 0.0 (greedy)
Episode: 1
Steps per episode: 17535
Epsilon 0.0000
Final price: 1235.58 EUR
    DQN cost: 1235.58 EUR  (improvement: 2.4%  fraction of theoretical: 7.2%)
    Saved user_67_basic_price_comparison.pdf / .png
  [EXTENDED] convergence training (40 x 10 episodes with eval)...
Reset requested: removed old DQN checkpoint.
Episode: 10
Steps per episode: 336
Epsilon 1.0000
Epsilon 0.9942
Epsilon 0.9808
Epsilon 0.9674
Epsilon 0.9540
Epsilon 0.9406
Epsilon 0.9272
Epsilon 0.9138
Epsilon 0.9004
Epsilon 0.8870
Episode: 10
Steps per episode: 336
Epsilon 1.0000
Epsilon 0.9866
Epsilon 0.9732
Epsilon 0.9598
Epsilon 0.9464
Epsilon 0.9330
Epsilon 0.9196
Epsilon 0.9062
Epsilon 0.8928
Epsilon 0.8794
Iter 00 | Reward(mean±std): -6.60 ± 2.64 | Price(mean±std): 24.04 ± 4.22
Episode: 10
Steps per episode: 336
Epsilon 1.0000
Epsilon 0.9866
Epsilon 0.9732
Epsilon 0.9598
Epsilon 0.9464
Epsilon 0.9330
Epsilon 0.9196
Epsilon 0.9062
Epsilon 0.8928
Epsilon 0.8794
Iter 01 | Reward(mean±std): -39.05 ± 6.41 | Price(mean±std): 24.06 ± 1.82
Episode: 10
Steps per episode: 336
Epsilon 1.0000
Epsilon 0.9866
Epsilon 0.9732
Epsilon 0.9598
Epsilon 0.9464
Epsilon 0.9330
Epsilon 0.9196
Epsilon 0.9062
Epsilon 0.8928
Epsilon 0.8794
Iter 02 | Reward(mean±std): -10.04 ± 9.30 | Price(mean±std): 23.36 ± 1.74
Episode: 10
Steps per episode: 336
Epsilon 1.0000
Epsilon 0.9866
Epsilon 0.9732
Epsilon 0.9598
Epsilon 0.9464
Epsilon 0.9330
Epsilon 0.9196
Epsilon 0.9062
Epsilon 0.8928
Epsilon 0.8794
Iter 03 | Reward(mean±std): -6.99 ± 3.42 | Price(mean±std): 22.88 ± 1.97
Episode: 10
Steps per episode: 336
Epsilon 1.0000
Epsilon 0.9866
Epsilon 0.9732
Epsilon 0.9598
Epsilon 0.9464
Epsilon 0.9330
Epsilon 0.9196
Epsilon 0.9062
Epsilon 0.8928
Epsilon 0.8794
Iter 04 | Reward(mean±std): -4.08 ± 0.60 | Price(mean±std): 20.02 ± 0.96
Episode: 10
Steps per episode: 336
Epsilon 1.0000
Epsilon 0.9866
Epsilon 0.9732
Epsilon 0.9598
Epsilon 0.9464
Epsilon 0.9330
Epsilon 0.9196
Epsilon 0.9062
Epsilon 0.8928
Epsilon 0.8794
Iter 05 | Reward(mean±std): -4.79 ± 1.14 | Price(mean±std): 21.15 ± 1.83
Episode: 10
Steps per episode: 336
Epsilon 1.0000
Epsilon 0.9866
Epsilon 0.9732
Epsilon 0.9598
Epsilon 0.9464
Epsilon 0.9330
Epsilon 0.9196
Epsilon 0.9062
Epsilon 0.8928
Epsilon 0.8794
Iter 06 | Reward(mean±std): -4.60 ± 1.34 | Price(mean±std): 20.85 ± 2.14
Episode: 10
Steps per episode: 336
Epsilon 1.0000
Epsilon 0.9866
Epsilon 0.9732
Epsilon 0.9598
Epsilon 0.9464
Epsilon 0.9330
Epsilon 0.9196
Epsilon 0.9062
Epsilon 0.8928
Epsilon 0.8794
Iter 07 | Reward(mean±std): -4.98 ± 1.25 | Price(mean±std): 21.45 ± 2.01
Episode: 10
Steps per episode: 336
Epsilon 1.0000
Epsilon 0.9866
Epsilon 0.9732
Epsilon 0.9598
Epsilon 0.9464
Epsilon 0.9330
Epsilon 0.9196
Epsilon 0.9062
Epsilon 0.8928
Epsilon 0.8794
Iter 08 | Reward(mean±std): -4.44 ± 1.13 | Price(mean±std): 20.59 ± 1.81
Episode: 10
Steps per episode: 336
Epsilon 1.0000
Epsilon 0.9866
Epsilon 0.9732
Epsilon 0.9598
Epsilon 0.9464
Epsilon 0.9330
Epsilon 0.9196
Epsilon 0.9062
Epsilon 0.8928
Epsilon 0.8794
Iter 09 | Reward(mean±std): -4.51 ± 1.21 | Price(mean±std): 20.71 ± 1.94
Episode: 10
Steps per episode: 336
Epsilon 1.0000
Epsilon 0.9866
Epsilon 0.9732
Epsilon 0.9598
Epsilon 0.9464
Epsilon 0.9330
Epsilon 0.9196
Epsilon 0.9062
Epsilon 0.8928
Epsilon 0.8794
Iter 10 | Reward(mean±std): -4.47 ± 1.31 | Price(mean±std): 20.64 ± 2.10
Episode: 10
Steps per episode: 336
Epsilon 1.0000
Epsilon 0.9866
Epsilon 0.9732
Epsilon 0.9598
Epsilon 0.9464
Epsilon 0.9330
Epsilon 0.9196
Epsilon 0.9062
Epsilon 0.8928
Epsilon 0.8794
Iter 11 | Reward(mean±std): -4.82 ± 1.40 | Price(mean±std): 21.19 ± 2.25
Episode: 10
Steps per episode: 336
Epsilon 1.0000
Epsilon 0.9866
Epsilon 0.9732
Epsilon 0.9598
Epsilon 0.9464
Epsilon 0.9330
Epsilon 0.9196
Epsilon 0.9062
Epsilon 0.8928
Epsilon 0.8794
Iter 12 | Reward(mean±std): -4.34 ± 1.01 | Price(mean±std): 20.44 ± 1.61
Episode: 10
Steps per episode: 336
Epsilon 1.0000
Epsilon 0.9866
Epsilon 0.9732
Epsilon 0.9598
Epsilon 0.9464
Epsilon 0.9330
Epsilon 0.9196
Epsilon 0.9062
Epsilon 0.8928
Epsilon 0.8794
Iter 13 | Reward(mean±std): -4.11 ± 0.74 | Price(mean±std): 20.06 ± 1.18
Episode: 10
Steps per episode: 336
Epsilon 1.0000
Epsilon 0.9866
Epsilon 0.9732
Epsilon 0.9598
Epsilon 0.9464
Epsilon 0.9330
Epsilon 0.9196
Epsilon 0.9062
Epsilon 0.8928
Epsilon 0.8794
Iter 14 | Reward(mean±std): -11.85 ± 7.21 | Price(mean±std): 22.65 ± 2.42
Episode: 10
Steps per episode: 336
Epsilon 1.0000
Epsilon 0.9866
Epsilon 0.9732
Epsilon 0.9598
Epsilon 0.9464
Epsilon 0.9330
Epsilon 0.9196
Epsilon 0.9062
Epsilon 0.8928
Epsilon 0.8794
Iter 15 | Reward(mean±std): -3.43 ± 1.04 | Price(mean±std): 18.98 ± 1.66
Episode: 10
Steps per episode: 336
Epsilon 1.0000
Epsilon 0.9866
Epsilon 0.9732
Epsilon 0.9598
Epsilon 0.9464
Epsilon 0.9330
Epsilon 0.9196
Epsilon 0.9062
Epsilon 0.8928
Epsilon 0.8794
Iter 16 | Reward(mean±std): -5.45 ± 1.35 | Price(mean±std): 22.21 ± 2.17
Episode: 10
Steps per episode: 336
Epsilon 1.0000
Epsilon 0.9866
Epsilon 0.9732
Epsilon 0.9598
Epsilon 0.9464
Epsilon 0.9330
Epsilon 0.9196
Epsilon 0.9062
Epsilon 0.8928
Epsilon 0.8794
Iter 17 | Reward(mean±std): -3.80 ± 0.99 | Price(mean±std): 19.56 ± 1.58
Episode: 10
Steps per episode: 336
Epsilon 1.0000
Epsilon 0.9866
Epsilon 0.9732
Epsilon 0.9598
Epsilon 0.9464
Epsilon 0.9330
Epsilon 0.9196
Epsilon 0.9062
Epsilon 0.8928
Epsilon 0.8794
Iter 18 | Reward(mean±std): -5.47 ± 1.13 | Price(mean±std): 22.23 ± 1.80
Episode: 10
Steps per episode: 336
Epsilon 1.0000
Epsilon 0.9866
Epsilon 0.9732
Epsilon 0.9598
Epsilon 0.9464
Epsilon 0.9330
Epsilon 0.9196
Epsilon 0.9062
Epsilon 0.8928
Epsilon 0.8794
Iter 19 | Reward(mean±std): -4.48 ± 1.52 | Price(mean±std): 20.65 ± 2.44
Episode: 10
Steps per episode: 336
Epsilon 1.0000
Epsilon 0.9866
Epsilon 0.9732
Epsilon 0.9598
Epsilon 0.9464
Epsilon 0.9330
Epsilon 0.9196
Epsilon 0.9062
Epsilon 0.8928
Epsilon 0.8794
Iter 20 | Reward(mean±std): -3.72 ± 1.15 | Price(mean±std): 19.45 ± 1.84
Episode: 10
Steps per episode: 336
Epsilon 1.0000
Epsilon 0.9866
Epsilon 0.9732
Epsilon 0.9598
Epsilon 0.9464
Epsilon 0.9330
Epsilon 0.9196
Epsilon 0.9062
Epsilon 0.8928
Epsilon 0.8794
Iter 21 | Reward(mean±std): -4.21 ± 1.39 | Price(mean±std): 20.22 ± 2.23
Episode: 10
Steps per episode: 336
Epsilon 1.0000
Epsilon 0.9866
Epsilon 0.9732
Epsilon 0.9598
Epsilon 0.9464
Epsilon 0.9330
Epsilon 0.9196
Epsilon 0.9062
Epsilon 0.8928
Epsilon 0.8794
Iter 22 | Reward(mean±std): -4.03 ± 1.27 | Price(mean±std): 19.93 ± 2.04
Episode: 10
Steps per episode: 336
Epsilon 1.0000
Epsilon 0.9866
Epsilon 0.9732
Epsilon 0.9598
Epsilon 0.9464
Epsilon 0.9330
Epsilon 0.9196
Epsilon 0.9062
Epsilon 0.8928
Epsilon 0.8794
Iter 23 | Reward(mean±std): -4.84 ± 1.00 | Price(mean±std): 21.23 ± 1.60
Episode: 10
Steps per episode: 336
Epsilon 1.0000
Epsilon 0.9866
Epsilon 0.9732
Epsilon 0.9598
Epsilon 0.9464
Epsilon 0.9330
Epsilon 0.9196
Epsilon 0.9062
Epsilon 0.8928
Epsilon 0.8794
Iter 24 | Reward(mean±std): -5.47 ± 1.17 | Price(mean±std): 22.24 ± 1.87
Episode: 10
Steps per episode: 336
Epsilon 1.0000
Epsilon 0.9866
Epsilon 0.9732
Epsilon 0.9598
Epsilon 0.9464
Epsilon 0.9330
Epsilon 0.9196
Epsilon 0.9062
Epsilon 0.8928
Epsilon 0.8794
Iter 25 | Reward(mean±std): -5.72 ± 1.03 | Price(mean±std): 22.64 ± 1.64
Episode: 10
Steps per episode: 336
Epsilon 1.0000
Epsilon 0.9866
Epsilon 0.9732
Epsilon 0.9598
Epsilon 0.9464
Epsilon 0.9330
Epsilon 0.9196
Epsilon 0.9062
Epsilon 0.8928
Epsilon 0.8794
Iter 26 | Reward(mean±std): -4.47 ± 1.33 | Price(mean±std): 20.63 ± 2.12
Episode: 10
Steps per episode: 336
Epsilon 1.0000
Epsilon 0.9866
Epsilon 0.9732
Epsilon 0.9598
Epsilon 0.9464
Epsilon 0.9330
Epsilon 0.9196
Epsilon 0.9062
Epsilon 0.8928
Epsilon 0.8794
Iter 27 | Reward(mean±std): -5.09 ± 1.12 | Price(mean±std): 21.62 ± 1.79
Episode: 10
Steps per episode: 336
Epsilon 1.0000
Epsilon 0.9866
Epsilon 0.9732
Epsilon 0.9598
Epsilon 0.9464
Epsilon 0.9330
Epsilon 0.9196
Epsilon 0.9062
Epsilon 0.8928
Epsilon 0.8794
Iter 28 | Reward(mean±std): -5.74 ± 1.04 | Price(mean±std): 22.66 ± 1.66
Episode: 10
Steps per episode: 336
Epsilon 1.0000
Epsilon 0.9866
Epsilon 0.9732
Epsilon 0.9598
Epsilon 0.9464
Epsilon 0.9330
Epsilon 0.9196
Epsilon 0.9062
Epsilon 0.8928
Epsilon 0.8794
Iter 29 | Reward(mean±std): -23.93 ± 8.02 | Price(mean±std): 21.48 ± 1.93
Episode: 10
Steps per episode: 336
Epsilon 1.0000
Epsilon 0.9866
Epsilon 0.9732
Epsilon 0.9598
Epsilon 0.9464
Epsilon 0.9330
Epsilon 0.9196
Epsilon 0.9062
Epsilon 0.8928
Epsilon 0.8794
Iter 30 | Reward(mean±std): -3.62 ± 2.12 | Price(mean±std): 18.88 ± 2.73
Episode: 10
Steps per episode: 336
Epsilon 1.0000
Epsilon 0.9866
Epsilon 0.9732
Epsilon 0.9598
Epsilon 0.9464
Epsilon 0.9330
Epsilon 0.9196
Epsilon 0.9062
Epsilon 0.8928
Epsilon 0.8794
Iter 31 | Reward(mean±std): -3.73 ± 1.70 | Price(mean±std): 19.15 ± 2.19
Episode: 10
Steps per episode: 336
Epsilon 1.0000
Epsilon 0.9866
Epsilon 0.9732
Epsilon 0.9598
Epsilon 0.9464
Epsilon 0.9330
Epsilon 0.9196
Epsilon 0.9062
Epsilon 0.8928
Epsilon 0.8794
Iter 32 | Reward(mean±std): -6.33 ± 6.36 | Price(mean±std): 20.11 ± 2.33
Episode: 10
Steps per episode: 336
Epsilon 1.0000
Epsilon 0.9866
Epsilon 0.9732
Epsilon 0.9598
Epsilon 0.9464
Epsilon 0.9330
Epsilon 0.9196
Epsilon 0.9062
Epsilon 0.8928
Epsilon 0.8794
Iter 33 | Reward(mean±std): -6.41 ± 2.77 | Price(mean±std): 20.25 ± 1.83
Episode: 10
Steps per episode: 336
Epsilon 1.0000
Epsilon 0.9866
Epsilon 0.9732
Epsilon 0.9598
Epsilon 0.9464
Epsilon 0.9330
Epsilon 0.9196
Epsilon 0.9062
Epsilon 0.8928
Epsilon 0.8794
Iter 34 | Reward(mean±std): -5.36 ± 2.81 | Price(mean±std): 19.46 ± 1.48
Episode: 10
Steps per episode: 336
Epsilon 1.0000
Epsilon 0.9866
Epsilon 0.9732
Epsilon 0.9598
Epsilon 0.9464
Epsilon 0.9330
Epsilon 0.9196
Epsilon 0.9062
Epsilon 0.8928
Epsilon 0.8794
Iter 35 | Reward(mean±std): -7.26 ± 2.42 | Price(mean±std): 20.51 ± 2.39
Episode: 10
Steps per episode: 336
Epsilon 1.0000
Epsilon 0.9866
Epsilon 0.9732
Epsilon 0.9598
Epsilon 0.9464
Epsilon 0.9330
Epsilon 0.9196
Epsilon 0.9062
Epsilon 0.8928
Epsilon 0.8794
Iter 36 | Reward(mean±std): -10.61 ± 4.68 | Price(mean±std): 21.77 ± 2.56
Episode: 10
Steps per episode: 336
Epsilon 1.0000
Epsilon 0.9866
Epsilon 0.9732
Epsilon 0.9598
Epsilon 0.9464
Epsilon 0.9330
Epsilon 0.9196
Epsilon 0.9062
Epsilon 0.8928
Epsilon 0.8794
Iter 37 | Reward(mean±std): -5.63 ± 1.05 | Price(mean±std): 22.50 ± 1.68
Episode: 10
Steps per episode: 336
Epsilon 1.0000
Epsilon 0.9866
Epsilon 0.9732
Epsilon 0.9598
Epsilon 0.9464
Epsilon 0.9330
Epsilon 0.9196
Epsilon 0.9062
Epsilon 0.8928
Epsilon 0.8794
Iter 38 | Reward(mean±std): -3.51 ± 0.51 | Price(mean±std): 19.10 ± 0.82
Episode: 10
Steps per episode: 336
Epsilon 1.0000
Epsilon 0.9866
Epsilon 0.9732
Epsilon 0.9598
Epsilon 0.9464
Epsilon 0.9330
Epsilon 0.9196
Epsilon 0.9062
Epsilon 0.8928
Epsilon 0.8794
Iter 39 | Reward(mean±std): -4.43 ± 1.30 | Price(mean±std): 20.58 ± 2.07

Best mean price over checkpoints: 18.88
Last raw mean reward: -4.43
Last smoothed mean reward (window=5): -6.29
  [EXTENDED] final evaluation with best weights...
Deterministic eval: epsilon = 0.0 (greedy)
Episode: 1
Steps per episode: 17535
Epsilon 0.0000
Final price: 995.76 EUR
    DQN cost: 995.76 EUR  (improvement: 21.3%  fraction of theoretical: 64.9%)
    Saved user_67_extended_price_comparison.pdf / .png
  [done] user 67 written to CSV.

[25/30]
============================================================
USER 5  (cluster 24)
============================================================
  [setup] imports...
Using Apple Silicon MPS Acceleration

Tensor created on device: mps:0
  [setup] data loading...
  [setup] preprocessing...
Detected step: 30.0 min | KorakovNaDan=48 | BatMaxPolnjenje=3.000 | BatMaxPraznjenje=3.000
Using Scaler: RobustScaler
                           Energy_Consumption  ...  SMP_OutlierFlag
Timestamp_UTC                                  ...                 
2010-07-01 00:30:00+00:00               -0.47  ...              0.0
2010-07-01 01:00:00+00:00               -0.47  ...              0.0
2010-07-01 01:30:00+00:00               -0.47  ...              0.0
2010-07-01 02:00:00+00:00               -0.47  ...              0.0
2010-07-01 02:30:00+00:00               -0.47  ...              0.0

[5 rows x 4 columns]
Notebook DQN now uses HouseholdEnvironment directly
  [setup] DQN class & Learning_DQN...
  [baselines] test env + MILP function...
  [baselines] SARSA agents + random DQN eval...
cena po optimizaciji 1383.612516078319
Random eval: epsilon = 1.0
Episode: 1
Steps per episode: 17535
Epsilon 1.0000
Final price: 2681.52 EUR
  [baselines] no-battery agent...
  [baselines] MILP benchmark (this may take several minutes)...
Building MILP Model...
Solving over 17535 steps... (This may take a moment)

--- MILP Optimization Complete ---
Total Electricity Cost (Inc GST & Fixed): $888.1070
Total RL Equivalent Reward: -113.8759
    No-battery cost: 1119.50 EUR | MILP cost: 888.11 EUR
  [BASIC] training (100 episodes)...
Reset requested: removed old DQN checkpoint.
Episode: 100
Steps per episode: 336
Epsilon 1.0000
Epsilon 0.9942
Epsilon 0.9808
Epsilon 0.9674
Epsilon 0.9540
Epsilon 0.9406
Epsilon 0.9272
Epsilon 0.9138
Epsilon 0.9004
Epsilon 0.8870
Epsilon 0.8736
Epsilon 0.8602
Epsilon 0.8468
Epsilon 0.8334
Epsilon 0.8200
Epsilon 0.8066
Epsilon 0.7932
Epsilon 0.7798
Epsilon 0.7664
Epsilon 0.7530
Epsilon 0.7396
Epsilon 0.7262
Epsilon 0.7128
Epsilon 0.6994
Epsilon 0.6860
Epsilon 0.6726
Epsilon 0.6592
Epsilon 0.6458
Epsilon 0.6324
Epsilon 0.6190
Epsilon 0.6056
Epsilon 0.5922
Epsilon 0.5788
Epsilon 0.5654
Epsilon 0.5520
Epsilon 0.5386
Epsilon 0.5252
Epsilon 0.5118
Epsilon 0.4984
Epsilon 0.4850
Epsilon 0.4716
Epsilon 0.4582
Epsilon 0.4448
Epsilon 0.4314
Epsilon 0.4180
Epsilon 0.4046
Epsilon 0.3912
Epsilon 0.3778
Epsilon 0.3644
Epsilon 0.3510
Epsilon 0.3376
Epsilon 0.3242
Epsilon 0.3108
Epsilon 0.2974
Epsilon 0.2840
Epsilon 0.2706
Epsilon 0.2572
Epsilon 0.2438
Epsilon 0.2304
Epsilon 0.2170
Epsilon 0.2036
Epsilon 0.1902
Epsilon 0.1768
Epsilon 0.1634
Epsilon 0.1500
Epsilon 0.1366
Epsilon 0.1232
Epsilon 0.1098
Epsilon 0.0964
Epsilon 0.0830
Epsilon 0.0696
Epsilon 0.0562
Epsilon 0.0428
Epsilon 0.0294
Epsilon 0.0160
Epsilon 0.0100
Epsilon 0.0100
Epsilon 0.0100
Epsilon 0.0100
Epsilon 0.0100
Epsilon 0.0100
Epsilon 0.0100
Epsilon 0.0100
Epsilon 0.0100
Epsilon 0.0100
Epsilon 0.0100
Epsilon 0.0100
Epsilon 0.0100
Epsilon 0.0100
Epsilon 0.0100
Epsilon 0.0100
Epsilon 0.0100
Epsilon 0.0100
Epsilon 0.0100
Epsilon 0.0100
Epsilon 0.0100
Epsilon 0.0100
Epsilon 0.0100
Epsilon 0.0100
Epsilon 0.0100
  [BASIC] evaluation...
Deterministic eval: epsilon = 0.0 (greedy)
Episode: 1
Steps per episode: 17535
Epsilon 0.0000
Final price: 1062.98 EUR
    DQN cost: 1062.98 EUR  (improvement: 5.0%  fraction of theoretical: 24.4%)
    Saved user_5_basic_price_comparison.pdf / .png
  [EXTENDED] convergence training (40 x 10 episodes with eval)...
Reset requested: removed old DQN checkpoint.
Episode: 10
Steps per episode: 336
Epsilon 1.0000
Epsilon 0.9942
Epsilon 0.9808
Epsilon 0.9674
Epsilon 0.9540
Epsilon 0.9406
Epsilon 0.9272
Epsilon 0.9138
Epsilon 0.9004
Epsilon 0.8870
Episode: 10
Steps per episode: 336
Epsilon 1.0000
Epsilon 0.9866
Epsilon 0.9732
Epsilon 0.9598
Epsilon 0.9464
Epsilon 0.9330
Epsilon 0.9196
Epsilon 0.9062
Epsilon 0.8928
Epsilon 0.8794
Iter 00 | Reward(mean±std): -3.28 ± 2.67 | Price(mean±std): 18.43 ± 4.11
Episode: 10
Steps per episode: 336
Epsilon 1.0000
Epsilon 0.9866
Epsilon 0.9732
Epsilon 0.9598
Epsilon 0.9464
Epsilon 0.9330
Epsilon 0.9196
Epsilon 0.9062
Epsilon 0.8928
Epsilon 0.8794
Iter 01 | Reward(mean±std): -2.96 ± 2.41 | Price(mean±std): 18.23 ± 3.85
Episode: 10
Steps per episode: 336
Epsilon 1.0000
Epsilon 0.9866
Epsilon 0.9732
Epsilon 0.9598
Epsilon 0.9464
Epsilon 0.9330
Epsilon 0.9196
Epsilon 0.9062
Epsilon 0.8928
Epsilon 0.8794
Iter 02 | Reward(mean±std): -2.94 ± 2.32 | Price(mean±std): 18.09 ± 3.72
Episode: 10
Steps per episode: 336
Epsilon 1.0000
Epsilon 0.9866
Epsilon 0.9732
Epsilon 0.9598
Epsilon 0.9464
Epsilon 0.9330
Epsilon 0.9196
Epsilon 0.9062
Epsilon 0.8928
Epsilon 0.8794
Iter 03 | Reward(mean±std): -3.24 ± 2.52 | Price(mean±std): 18.27 ± 3.80
Episode: 10
Steps per episode: 336
Epsilon 1.0000
Epsilon 0.9866
Epsilon 0.9732
Epsilon 0.9598
Epsilon 0.9464
Epsilon 0.9330
Epsilon 0.9196
Epsilon 0.9062
Epsilon 0.8928
Epsilon 0.8794
Iter 04 | Reward(mean±std): -3.03 ± 2.71 | Price(mean±std): 18.34 ± 4.34
Episode: 10
Steps per episode: 336
Epsilon 1.0000
Epsilon 0.9866
Epsilon 0.9732
Epsilon 0.9598
Epsilon 0.9464
Epsilon 0.9330
Epsilon 0.9196
Epsilon 0.9062
Epsilon 0.8928
Epsilon 0.8794
Iter 05 | Reward(mean±std): -3.46 ± 2.90 | Price(mean±std): 19.02 ± 4.64
Episode: 10
Steps per episode: 336
Epsilon 1.0000
Epsilon 0.9866
Epsilon 0.9732
Epsilon 0.9598
Epsilon 0.9464
Epsilon 0.9330
Epsilon 0.9196
Epsilon 0.9062
Epsilon 0.8928
Epsilon 0.8794
Iter 06 | Reward(mean±std): -3.57 ± 3.66 | Price(mean±std): 18.30 ± 4.21
Episode: 10
Steps per episode: 336
Epsilon 1.0000
Epsilon 0.9866
Epsilon 0.9732
Epsilon 0.9598
Epsilon 0.9464
Epsilon 0.9330
Epsilon 0.9196
Epsilon 0.9062
Epsilon 0.8928
Epsilon 0.8794
Iter 07 | Reward(mean±std): -3.05 ± 2.59 | Price(mean±std): 18.37 ± 4.14
Episode: 10
Steps per episode: 336
Epsilon 1.0000
Epsilon 0.9866
Epsilon 0.9732
Epsilon 0.9598
Epsilon 0.9464
Epsilon 0.9330
Epsilon 0.9196
Epsilon 0.9062
Epsilon 0.8928
Epsilon 0.8794
Iter 08 | Reward(mean±std): -3.02 ± 2.46 | Price(mean±std): 18.02 ± 3.83
Episode: 10
Steps per episode: 336
Epsilon 1.0000
Epsilon 0.9866
Epsilon 0.9732
Epsilon 0.9598
Epsilon 0.9464
Epsilon 0.9330
Epsilon 0.9196
Epsilon 0.9062
Epsilon 0.8928
Epsilon 0.8794
Iter 09 | Reward(mean±std): -5.03 ± 4.36 | Price(mean±std): 19.04 ± 4.57
Episode: 10
Steps per episode: 336
Epsilon 1.0000
Epsilon 0.9866
Epsilon 0.9732
Epsilon 0.9598
Epsilon 0.9464
Epsilon 0.9330
Epsilon 0.9196
Epsilon 0.9062
Epsilon 0.8928
Epsilon 0.8794
Iter 10 | Reward(mean±std): -2.92 ± 2.46 | Price(mean±std): 18.16 ± 3.93
Episode: 10
Steps per episode: 336
Epsilon 1.0000
Epsilon 0.9866
Epsilon 0.9732
Epsilon 0.9598
Epsilon 0.9464
Epsilon 0.9330
Epsilon 0.9196
Epsilon 0.9062
Epsilon 0.8928
Epsilon 0.8794
Iter 11 | Reward(mean±std): -3.44 ± 2.97 | Price(mean±std): 18.89 ± 4.75
Episode: 10
Steps per episode: 336
Epsilon 1.0000
Epsilon 0.9866
Epsilon 0.9732
Epsilon 0.9598
Epsilon 0.9464
Epsilon 0.9330
Epsilon 0.9196
Epsilon 0.9062
Epsilon 0.8928
Epsilon 0.8794
Iter 12 | Reward(mean±std): -3.48 ± 2.80 | Price(mean±std): 19.05 ± 4.48
Episode: 10
Steps per episode: 336
Epsilon 1.0000
Epsilon 0.9866
Epsilon 0.9732
Epsilon 0.9598
Epsilon 0.9464
Epsilon 0.9330
Epsilon 0.9196
Epsilon 0.9062
Epsilon 0.8928
Epsilon 0.8794
Iter 13 | Reward(mean±std): -3.04 ± 2.57 | Price(mean±std): 18.35 ± 4.11
Episode: 10
Steps per episode: 336
Epsilon 1.0000
Epsilon 0.9866
Epsilon 0.9732
Epsilon 0.9598
Epsilon 0.9464
Epsilon 0.9330
Epsilon 0.9196
Epsilon 0.9062
Epsilon 0.8928
Epsilon 0.8794
Iter 14 | Reward(mean±std): -3.03 ± 2.70 | Price(mean±std): 18.34 ± 4.31
Episode: 10
Steps per episode: 336
Epsilon 1.0000
Epsilon 0.9866
Epsilon 0.9732
Epsilon 0.9598
Epsilon 0.9464
Epsilon 0.9330
Epsilon 0.9196
Epsilon 0.9062
Epsilon 0.8928
Epsilon 0.8794
Iter 15 | Reward(mean±std): -2.68 ± 2.31 | Price(mean±std): 17.77 ± 3.69
Episode: 10
Steps per episode: 336
Epsilon 1.0000
Epsilon 0.9866
Epsilon 0.9732
Epsilon 0.9598
Epsilon 0.9464
Epsilon 0.9330
Epsilon 0.9196
Epsilon 0.9062
Epsilon 0.8928
Epsilon 0.8794
Iter 16 | Reward(mean±std): -3.24 ± 2.76 | Price(mean±std): 18.66 ± 4.41
Episode: 10
Steps per episode: 336
Epsilon 1.0000
Epsilon 0.9866
Epsilon 0.9732
Epsilon 0.9598
Epsilon 0.9464
Epsilon 0.9330
Epsilon 0.9196
Epsilon 0.9062
Epsilon 0.8928
Epsilon 0.8794
Iter 17 | Reward(mean±std): -3.44 ± 2.84 | Price(mean±std): 18.89 ± 4.52
Episode: 10
Steps per episode: 336
Epsilon 1.0000
Epsilon 0.9866
Epsilon 0.9732
Epsilon 0.9598
Epsilon 0.9464
Epsilon 0.9330
Epsilon 0.9196
Epsilon 0.9062
Epsilon 0.8928
Epsilon 0.8794
Iter 18 | Reward(mean±std): -3.12 ± 2.57 | Price(mean±std): 18.48 ± 4.11
Episode: 10
Steps per episode: 336
Epsilon 1.0000
Epsilon 0.9866
Epsilon 0.9732
Epsilon 0.9598
Epsilon 0.9464
Epsilon 0.9330
Epsilon 0.9196
Epsilon 0.9062
Epsilon 0.8928
Epsilon 0.8794
Iter 19 | Reward(mean±std): -3.42 ± 2.91 | Price(mean±std): 18.96 ± 4.65
Episode: 10
Steps per episode: 336
Epsilon 1.0000
Epsilon 0.9866
Epsilon 0.9732
Epsilon 0.9598
Epsilon 0.9464
Epsilon 0.9330
Epsilon 0.9196
Epsilon 0.9062
Epsilon 0.8928
Epsilon 0.8794
Iter 20 | Reward(mean±std): -2.92 ± 2.48 | Price(mean±std): 18.15 ± 3.96
Episode: 10
Steps per episode: 336
Epsilon 1.0000
Epsilon 0.9866
Epsilon 0.9732
Epsilon 0.9598
Epsilon 0.9464
Epsilon 0.9330
Epsilon 0.9196
Epsilon 0.9062
Epsilon 0.8928
Epsilon 0.8794
Iter 21 | Reward(mean±std): -2.79 ± 2.30 | Price(mean±std): 17.95 ± 3.68
Episode: 10
Steps per episode: 336
Epsilon 1.0000
Epsilon 0.9866
Epsilon 0.9732
Epsilon 0.9598
Epsilon 0.9464
Epsilon 0.9330
Epsilon 0.9196
Epsilon 0.9062
Epsilon 0.8928
Epsilon 0.8794
Iter 22 | Reward(mean±std): -3.28 ± 2.68 | Price(mean±std): 18.54 ± 4.21
Episode: 10
Steps per episode: 336
Epsilon 1.0000
Epsilon 0.9866
Epsilon 0.9732
Epsilon 0.9598
Epsilon 0.9464
Epsilon 0.9330
Epsilon 0.9196
Epsilon 0.9062
Epsilon 0.8928
Epsilon 0.8794
Iter 23 | Reward(mean±std): -3.08 ± 2.53 | Price(mean±std): 18.41 ± 4.05
Episode: 10
Steps per episode: 336
Epsilon 1.0000
Epsilon 0.9866
Epsilon 0.9732
Epsilon 0.9598
Epsilon 0.9464
Epsilon 0.9330
Epsilon 0.9196
Epsilon 0.9062
Epsilon 0.8928
Epsilon 0.8794
Iter 24 | Reward(mean±std): -3.30 ± 2.85 | Price(mean±std): 18.77 ± 4.55
Episode: 10
Steps per episode: 336
Epsilon 1.0000
Epsilon 0.9866
Epsilon 0.9732
Epsilon 0.9598
Epsilon 0.9464
Epsilon 0.9330
Epsilon 0.9196
Epsilon 0.9062
Epsilon 0.8928
Epsilon 0.8794
Iter 25 | Reward(mean±std): -3.39 ± 2.93 | Price(mean±std): 18.91 ± 4.69
Episode: 10
Steps per episode: 336
Epsilon 1.0000
Epsilon 0.9866
Epsilon 0.9732
Epsilon 0.9598
Epsilon 0.9464
Epsilon 0.9330
Epsilon 0.9196
Epsilon 0.9062
Epsilon 0.8928
Epsilon 0.8794
Iter 26 | Reward(mean±std): -2.89 ± 2.37 | Price(mean±std): 18.11 ± 3.80
Episode: 10
Steps per episode: 336
Epsilon 1.0000
Epsilon 0.9866
Epsilon 0.9732
Epsilon 0.9598
Epsilon 0.9464
Epsilon 0.9330
Epsilon 0.9196
Epsilon 0.9062
Epsilon 0.8928
Epsilon 0.8794
Iter 27 | Reward(mean±std): -3.26 ± 2.81 | Price(mean±std): 18.69 ± 4.49
Episode: 10
Steps per episode: 336
Epsilon 1.0000
Epsilon 0.9866
Epsilon 0.9732
Epsilon 0.9598
Epsilon 0.9464
Epsilon 0.9330
Epsilon 0.9196
Epsilon 0.9062
Epsilon 0.8928
Epsilon 0.8794
Iter 28 | Reward(mean±std): -2.47 ± 2.11 | Price(mean±std): 17.44 ± 3.37
Episode: 10
Steps per episode: 336
Epsilon 1.0000
Epsilon 0.9866
Epsilon 0.9732
Epsilon 0.9598
Epsilon 0.9464
Epsilon 0.9330
Epsilon 0.9196
Epsilon 0.9062
Epsilon 0.8928
Epsilon 0.8794
Iter 29 | Reward(mean±std): -2.84 ± 2.18 | Price(mean±std): 18.03 ± 3.49
Episode: 10
Steps per episode: 336
Epsilon 1.0000
Epsilon 0.9866
Epsilon 0.9732
Epsilon 0.9598
Epsilon 0.9464
Epsilon 0.9330
Epsilon 0.9196
Epsilon 0.9062
Epsilon 0.8928
Epsilon 0.8794
Iter 30 | Reward(mean±std): -6.26 ± 6.88 | Price(mean±std): 18.50 ± 3.92
Episode: 10
Steps per episode: 336
Epsilon 1.0000
Epsilon 0.9866
Epsilon 0.9732
Epsilon 0.9598
Epsilon 0.9464
Epsilon 0.9330
Epsilon 0.9196
Epsilon 0.9062
Epsilon 0.8928
Epsilon 0.8794
Iter 31 | Reward(mean±std): -2.85 ± 2.46 | Price(mean±std): 18.05 ± 3.93
Episode: 10
Steps per episode: 336
Epsilon 1.0000
Epsilon 0.9866
Epsilon 0.9732
Epsilon 0.9598
Epsilon 0.9464
Epsilon 0.9330
Epsilon 0.9196
Epsilon 0.9062
Epsilon 0.8928
Epsilon 0.8794
Iter 32 | Reward(mean±std): -3.26 ± 2.64 | Price(mean±std): 18.71 ± 4.23
Episode: 10
Steps per episode: 336
Epsilon 1.0000
Epsilon 0.9866
Epsilon 0.9732
Epsilon 0.9598
Epsilon 0.9464
Epsilon 0.9330
Epsilon 0.9196
Epsilon 0.9062
Epsilon 0.8928
Epsilon 0.8794
Iter 33 | Reward(mean±std): -3.39 ± 2.72 | Price(mean±std): 18.91 ± 4.35
Episode: 10
Steps per episode: 336
Epsilon 1.0000
Epsilon 0.9866
Epsilon 0.9732
Epsilon 0.9598
Epsilon 0.9464
Epsilon 0.9330
Epsilon 0.9196
Epsilon 0.9062
Epsilon 0.8928
Epsilon 0.8794
Iter 34 | Reward(mean±std): -3.21 ± 2.69 | Price(mean±std): 18.62 ± 4.30
Episode: 10
Steps per episode: 336
Epsilon 1.0000
Epsilon 0.9866
Epsilon 0.9732
Epsilon 0.9598
Epsilon 0.9464
Epsilon 0.9330
Epsilon 0.9196
Epsilon 0.9062
Epsilon 0.8928
Epsilon 0.8794
Iter 35 | Reward(mean±std): -3.03 ± 2.71 | Price(mean±std): 18.33 ± 4.33
Episode: 10
Steps per episode: 336
Epsilon 1.0000
Epsilon 0.9866
Epsilon 0.9732
Epsilon 0.9598
Epsilon 0.9464
Epsilon 0.9330
Epsilon 0.9196
Epsilon 0.9062
Epsilon 0.8928
Epsilon 0.8794
Iter 36 | Reward(mean±std): -3.55 ± 2.88 | Price(mean±std): 19.17 ± 4.60
Episode: 10
Steps per episode: 336
Epsilon 1.0000
Epsilon 0.9866
Epsilon 0.9732
Epsilon 0.9598
Epsilon 0.9464
Epsilon 0.9330
Epsilon 0.9196
Epsilon 0.9062
Epsilon 0.8928
Epsilon 0.8794
Iter 37 | Reward(mean±std): -2.96 ± 2.59 | Price(mean±std): 18.22 ± 4.15
Episode: 10
Steps per episode: 336
Epsilon 1.0000
Epsilon 0.9866
Epsilon 0.9732
Epsilon 0.9598
Epsilon 0.9464
Epsilon 0.9330
Epsilon 0.9196
Epsilon 0.9062
Epsilon 0.8928
Epsilon 0.8794
Iter 38 | Reward(mean±std): -3.54 ± 2.97 | Price(mean±std): 19.15 ± 4.76
Episode: 10
Steps per episode: 336
Epsilon 1.0000
Epsilon 0.9866
Epsilon 0.9732
Epsilon 0.9598
Epsilon 0.9464
Epsilon 0.9330
Epsilon 0.9196
Epsilon 0.9062
Epsilon 0.8928
Epsilon 0.8794
Iter 39 | Reward(mean±std): -3.44 ± 2.98 | Price(mean±std): 18.99 ± 4.76

Best mean price over checkpoints: 17.44
Last raw mean reward: -3.44
Last smoothed mean reward (window=5): -3.30
  [EXTENDED] final evaluation with best weights...
Deterministic eval: epsilon = 0.0 (greedy)
Episode: 1
Steps per episode: 17535
Epsilon 0.0000
Final price: 969.75 EUR
    DQN cost: 969.75 EUR  (improvement: 13.4%  fraction of theoretical: 64.7%)
    Saved user_5_extended_price_comparison.pdf / .png
  [done] user 5 written to CSV.

[26/30]
============================================================
USER 158  (cluster 25)
============================================================
  [setup] imports...
Using Apple Silicon MPS Acceleration

Tensor created on device: mps:0
  [setup] data loading...
  [setup] preprocessing...
Detected step: 30.0 min | KorakovNaDan=48 | BatMaxPolnjenje=3.000 | BatMaxPraznjenje=3.000
Using Scaler: RobustScaler
                           Energy_Consumption  ...  SMP_OutlierFlag
Timestamp_UTC                                  ...                 
2010-07-01 00:30:00+00:00            0.058923  ...              0.0
2010-07-01 01:00:00+00:00            0.043771  ...              0.0
2010-07-01 01:30:00+00:00            0.050505  ...              0.0
2010-07-01 02:00:00+00:00            0.063973  ...              0.0
2010-07-01 02:30:00+00:00            0.037037  ...              0.0

[5 rows x 4 columns]
Notebook DQN now uses HouseholdEnvironment directly
  [setup] DQN class & Learning_DQN...
  [baselines] test env + MILP function...
  [baselines] SARSA agents + random DQN eval...
cena po optimizaciji 1995.4795149143788
Random eval: epsilon = 1.0
Episode: 1
Steps per episode: 17535
Epsilon 1.0000
Final price: 2951.21 EUR
  [baselines] no-battery agent...
  [baselines] MILP benchmark (this may take several minutes)...
Building MILP Model...
Solving over 17535 steps... (This may take a moment)

--- MILP Optimization Complete ---
Total Electricity Cost (Inc GST & Fixed): $973.3705
Total RL Equivalent Reward: -167.1656
    No-battery cost: 1622.22 EUR | MILP cost: 973.37 EUR
  [BASIC] training (100 episodes)...
Reset requested: removed old DQN checkpoint.
Episode: 100
Steps per episode: 336
Epsilon 1.0000
Epsilon 0.9942
Epsilon 0.9808
Epsilon 0.9674
Epsilon 0.9540
Epsilon 0.9406
Epsilon 0.9272
Epsilon 0.9138
Epsilon 0.9004
Epsilon 0.8870
Epsilon 0.8736
Epsilon 0.8602
Epsilon 0.8468
Epsilon 0.8334
Epsilon 0.8200
Epsilon 0.8066
Epsilon 0.7932
Epsilon 0.7798
Epsilon 0.7664
Epsilon 0.7530
Epsilon 0.7396
Epsilon 0.7262
Epsilon 0.7128
Epsilon 0.6994
Epsilon 0.6860
Epsilon 0.6726
Epsilon 0.6592
Epsilon 0.6458
Epsilon 0.6324
Epsilon 0.6190
Epsilon 0.6056
Epsilon 0.5922
Epsilon 0.5788
Epsilon 0.5654
Epsilon 0.5520
Epsilon 0.5386
Epsilon 0.5252
Epsilon 0.5118
Epsilon 0.4984
Epsilon 0.4850
Epsilon 0.4716
Epsilon 0.4582
Epsilon 0.4448
Epsilon 0.4314
Epsilon 0.4180
Epsilon 0.4046
Epsilon 0.3912
Epsilon 0.3778
Epsilon 0.3644
Epsilon 0.3510
Epsilon 0.3376
Epsilon 0.3242
Epsilon 0.3108
Epsilon 0.2974
Epsilon 0.2840
Epsilon 0.2706
Epsilon 0.2572
Epsilon 0.2438
Epsilon 0.2304
Epsilon 0.2170
Epsilon 0.2036
Epsilon 0.1902
Epsilon 0.1768
Epsilon 0.1634
Epsilon 0.1500
Epsilon 0.1366
Epsilon 0.1232
Epsilon 0.1098
Epsilon 0.0964
Epsilon 0.0830
Epsilon 0.0696
Epsilon 0.0562
Epsilon 0.0428
Epsilon 0.0294
Epsilon 0.0160
Epsilon 0.0100
Epsilon 0.0100
Epsilon 0.0100
Epsilon 0.0100
Epsilon 0.0100
Epsilon 0.0100
Epsilon 0.0100
Epsilon 0.0100
Epsilon 0.0100
Epsilon 0.0100
Epsilon 0.0100
Epsilon 0.0100
Epsilon 0.0100
Epsilon 0.0100
Epsilon 0.0100
Epsilon 0.0100
Epsilon 0.0100
Epsilon 0.0100
Epsilon 0.0100
Epsilon 0.0100
Epsilon 0.0100
Epsilon 0.0100
Epsilon 0.0100
Epsilon 0.0100
Epsilon 0.0100
  [BASIC] evaluation...
Deterministic eval: epsilon = 0.0 (greedy)
Episode: 1
Steps per episode: 17535
Epsilon 0.0000
Final price: 1586.89 EUR
    DQN cost: 1586.89 EUR  (improvement: 2.2%  fraction of theoretical: 5.4%)
    Saved user_158_basic_price_comparison.pdf / .png
  [EXTENDED] convergence training (40 x 10 episodes with eval)...
Reset requested: removed old DQN checkpoint.
Episode: 10
Steps per episode: 336
Epsilon 1.0000
Epsilon 0.9942
Epsilon 0.9808
Epsilon 0.9674
Epsilon 0.9540
Epsilon 0.9406
Epsilon 0.9272
Epsilon 0.9138
Epsilon 0.9004
Epsilon 0.8870
Episode: 10
Steps per episode: 336
Epsilon 1.0000
Epsilon 0.9866
Epsilon 0.9732
Epsilon 0.9598
Epsilon 0.9464
Epsilon 0.9330
Epsilon 0.9196
Epsilon 0.9062
Epsilon 0.8928
Epsilon 0.8794
Iter 00 | Reward(mean±std): -19.42 ± 11.38 | Price(mean±std): 28.66 ± 4.65
Episode: 10
Steps per episode: 336
Epsilon 1.0000
Epsilon 0.9866
Epsilon 0.9732
Epsilon 0.9598
Epsilon 0.9464
Epsilon 0.9330
Epsilon 0.9196
Epsilon 0.9062
Epsilon 0.8928
Epsilon 0.8794
Iter 01 | Reward(mean±std): -9.81 ± 4.86 | Price(mean±std): 25.48 ± 4.53
Episode: 10
Steps per episode: 336
Epsilon 1.0000
Epsilon 0.9866
Epsilon 0.9732
Epsilon 0.9598
Epsilon 0.9464
Epsilon 0.9330
Epsilon 0.9196
Epsilon 0.9062
Epsilon 0.8928
Epsilon 0.8794
Iter 02 | Reward(mean±std): -6.38 ± 4.31 | Price(mean±std): 23.00 ± 6.30
Episode: 10
Steps per episode: 336
Epsilon 1.0000
Epsilon 0.9866
Epsilon 0.9732
Epsilon 0.9598
Epsilon 0.9464
Epsilon 0.9330
Epsilon 0.9196
Epsilon 0.9062
Epsilon 0.8928
Epsilon 0.8794
Iter 03 | Reward(mean±std): -5.63 ± 2.41 | Price(mean±std): 22.50 ± 3.85
Episode: 10
Steps per episode: 336
Epsilon 1.0000
Epsilon 0.9866
Epsilon 0.9732
Epsilon 0.9598
Epsilon 0.9464
Epsilon 0.9330
Epsilon 0.9196
Epsilon 0.9062
Epsilon 0.8928
Epsilon 0.8794
Iter 04 | Reward(mean±std): -5.89 ± 3.44 | Price(mean±std): 22.31 ± 5.26
Episode: 10
Steps per episode: 336
Epsilon 1.0000
Epsilon 0.9866
Epsilon 0.9732
Epsilon 0.9598
Epsilon 0.9464
Epsilon 0.9330
Epsilon 0.9196
Epsilon 0.9062
Epsilon 0.8928
Epsilon 0.8794
Iter 05 | Reward(mean±std): -5.92 ± 3.58 | Price(mean±std): 22.95 ± 5.72
Episode: 10
Steps per episode: 336
Epsilon 1.0000
Epsilon 0.9866
Epsilon 0.9732
Epsilon 0.9598
Epsilon 0.9464
Epsilon 0.9330
Epsilon 0.9196
Epsilon 0.9062
Epsilon 0.8928
Epsilon 0.8794
Iter 06 | Reward(mean±std): -7.54 ± 6.12 | Price(mean±std): 21.54 ± 5.21
Episode: 10
Steps per episode: 336
Epsilon 1.0000
Epsilon 0.9866
Epsilon 0.9732
Epsilon 0.9598
Epsilon 0.9464
Epsilon 0.9330
Epsilon 0.9196
Epsilon 0.9062
Epsilon 0.8928
Epsilon 0.8794
Iter 07 | Reward(mean±std): -5.09 ± 2.12 | Price(mean±std): 21.53 ± 3.43
Episode: 10
Steps per episode: 336
Epsilon 1.0000
Epsilon 0.9866
Epsilon 0.9732
Epsilon 0.9598
Epsilon 0.9464
Epsilon 0.9330
Epsilon 0.9196
Epsilon 0.9062
Epsilon 0.8928
Epsilon 0.8794
Iter 08 | Reward(mean±std): -6.04 ± 3.12 | Price(mean±std): 22.95 ± 4.88
Episode: 10
Steps per episode: 336
Epsilon 1.0000
Epsilon 0.9866
Epsilon 0.9732
Epsilon 0.9598
Epsilon 0.9464
Epsilon 0.9330
Epsilon 0.9196
Epsilon 0.9062
Epsilon 0.8928
Epsilon 0.8794
Iter 09 | Reward(mean±std): -4.42 ± 2.83 | Price(mean±std): 20.55 ± 4.52
Episode: 10
Steps per episode: 336
Epsilon 1.0000
Epsilon 0.9866
Epsilon 0.9732
Epsilon 0.9598
Epsilon 0.9464
Epsilon 0.9330
Epsilon 0.9196
Epsilon 0.9062
Epsilon 0.8928
Epsilon 0.8794
Iter 10 | Reward(mean±std): -5.32 ± 2.30 | Price(mean±std): 22.00 ± 3.68
Episode: 10
Steps per episode: 336
Epsilon 1.0000
Epsilon 0.9866
Epsilon 0.9732
Epsilon 0.9598
Epsilon 0.9464
Epsilon 0.9330
Epsilon 0.9196
Epsilon 0.9062
Epsilon 0.8928
Epsilon 0.8794
Iter 11 | Reward(mean±std): -4.60 ± 3.03 | Price(mean±std): 20.85 ± 4.85
Episode: 10
Steps per episode: 336
Epsilon 1.0000
Epsilon 0.9866
Epsilon 0.9732
Epsilon 0.9598
Epsilon 0.9464
Epsilon 0.9330
Epsilon 0.9196
Epsilon 0.9062
Epsilon 0.8928
Epsilon 0.8794
Iter 12 | Reward(mean±std): -22.15 ± 17.73 | Price(mean±std): 24.63 ± 5.14
Episode: 10
Steps per episode: 336
Epsilon 1.0000
Epsilon 0.9866
Epsilon 0.9732
Epsilon 0.9598
Epsilon 0.9464
Epsilon 0.9330
Epsilon 0.9196
Epsilon 0.9062
Epsilon 0.8928
Epsilon 0.8794
Iter 13 | Reward(mean±std): -6.03 ± 3.45 | Price(mean±std): 22.84 ± 5.23
Episode: 10
Steps per episode: 336
Epsilon 1.0000
Epsilon 0.9866
Epsilon 0.9732
Epsilon 0.9598
Epsilon 0.9464
Epsilon 0.9330
Epsilon 0.9196
Epsilon 0.9062
Epsilon 0.8928
Epsilon 0.8794
Iter 14 | Reward(mean±std): -6.97 ± 3.57 | Price(mean±std): 24.14 ± 5.25
Episode: 10
Steps per episode: 336
Epsilon 1.0000
Epsilon 0.9866
Epsilon 0.9732
Epsilon 0.9598
Epsilon 0.9464
Epsilon 0.9330
Epsilon 0.9196
Epsilon 0.9062
Epsilon 0.8928
Epsilon 0.8794
Iter 15 | Reward(mean±std): -12.42 ± 14.70 | Price(mean±std): 21.25 ± 5.41
Episode: 10
Steps per episode: 336
Epsilon 1.0000
Epsilon 0.9866
Epsilon 0.9732
Epsilon 0.9598
Epsilon 0.9464
Epsilon 0.9330
Epsilon 0.9196
Epsilon 0.9062
Epsilon 0.8928
Epsilon 0.8794
Iter 16 | Reward(mean±std): -10.07 ± 10.11 | Price(mean±std): 21.80 ± 3.18
Episode: 10
Steps per episode: 336
Epsilon 1.0000
Epsilon 0.9866
Epsilon 0.9732
Epsilon 0.9598
Epsilon 0.9464
Epsilon 0.9330
Epsilon 0.9196
Epsilon 0.9062
Epsilon 0.8928
Epsilon 0.8794
Iter 17 | Reward(mean±std): -6.83 ± 2.85 | Price(mean±std): 24.41 ± 4.56
Episode: 10
Steps per episode: 336
Epsilon 1.0000
Epsilon 0.9866
Epsilon 0.9732
Epsilon 0.9598
Epsilon 0.9464
Epsilon 0.9330
Epsilon 0.9196
Epsilon 0.9062
Epsilon 0.8928
Epsilon 0.8794
Iter 18 | Reward(mean±std): -60.14 ± 20.23 | Price(mean±std): 27.31 ± 4.15
Episode: 10
Steps per episode: 336
Epsilon 1.0000
Epsilon 0.9866
Epsilon 0.9732
Epsilon 0.9598
Epsilon 0.9464
Epsilon 0.9330
Epsilon 0.9196
Epsilon 0.9062
Epsilon 0.8928
Epsilon 0.8794
Iter 19 | Reward(mean±std): -10.50 ± 7.08 | Price(mean±std): 24.29 ± 4.40
Episode: 10
Steps per episode: 336
Epsilon 1.0000
Epsilon 0.9866
Epsilon 0.9732
Epsilon 0.9598
Epsilon 0.9464
Epsilon 0.9330
Epsilon 0.9196
Epsilon 0.9062
Epsilon 0.8928
Epsilon 0.8794
Iter 20 | Reward(mean±std): -6.63 ± 3.88 | Price(mean±std): 23.99 ± 6.21
Episode: 10
Steps per episode: 336
Epsilon 1.0000
Epsilon 0.9866
Epsilon 0.9732
Epsilon 0.9598
Epsilon 0.9464
Epsilon 0.9330
Epsilon 0.9196
Epsilon 0.9062
Epsilon 0.8928
Epsilon 0.8794
Iter 21 | Reward(mean±std): -5.48 ± 3.36 | Price(mean±std): 21.85 ± 5.42
Episode: 10
Steps per episode: 336
Epsilon 1.0000
Epsilon 0.9866
Epsilon 0.9732
Epsilon 0.9598
Epsilon 0.9464
Epsilon 0.9330
Epsilon 0.9196
Epsilon 0.9062
Epsilon 0.8928
Epsilon 0.8794
Iter 22 | Reward(mean±std): -46.10 ± 20.19 | Price(mean±std): 24.04 ± 5.51
Episode: 10
Steps per episode: 336
Epsilon 1.0000
Epsilon 0.9866
Epsilon 0.9732
Epsilon 0.9598
Epsilon 0.9464
Epsilon 0.9330
Epsilon 0.9196
Epsilon 0.9062
Epsilon 0.8928
Epsilon 0.8794
Iter 23 | Reward(mean±std): -4.50 ± 2.66 | Price(mean±std): 20.69 ± 4.26
Episode: 10
Steps per episode: 336
Epsilon 1.0000
Epsilon 0.9866
Epsilon 0.9732
Epsilon 0.9598
Epsilon 0.9464
Epsilon 0.9330
Epsilon 0.9196
Epsilon 0.9062
Epsilon 0.8928
Epsilon 0.8794
Iter 24 | Reward(mean±std): -4.43 ± 2.45 | Price(mean±std): 20.57 ± 3.93
Episode: 10
Steps per episode: 336
Epsilon 1.0000
Epsilon 0.9866
Epsilon 0.9732
Epsilon 0.9598
Epsilon 0.9464
Epsilon 0.9330
Epsilon 0.9196
Epsilon 0.9062
Epsilon 0.8928
Epsilon 0.8794
Iter 25 | Reward(mean±std): -4.41 ± 2.71 | Price(mean±std): 20.25 ± 3.73
Episode: 10
Steps per episode: 336
Epsilon 1.0000
Epsilon 0.9866
Epsilon 0.9732
Epsilon 0.9598
Epsilon 0.9464
Epsilon 0.9330
Epsilon 0.9196
Epsilon 0.9062
Epsilon 0.8928
Epsilon 0.8794
Iter 26 | Reward(mean±std): -5.26 ± 3.70 | Price(mean±std): 21.50 ± 5.14
Episode: 10
Steps per episode: 336
Epsilon 1.0000
Epsilon 0.9866
Epsilon 0.9732
Epsilon 0.9598
Epsilon 0.9464
Epsilon 0.9330
Epsilon 0.9196
Epsilon 0.9062
Epsilon 0.8928
Epsilon 0.8794
Iter 27 | Reward(mean±std): -12.81 ± 14.79 | Price(mean±std): 22.28 ± 6.55
Episode: 10
Steps per episode: 336
Epsilon 1.0000
Epsilon 0.9866
Epsilon 0.9732
Epsilon 0.9598
Epsilon 0.9464
Epsilon 0.9330
Epsilon 0.9196
Epsilon 0.9062
Epsilon 0.8928
Epsilon 0.8794
Iter 28 | Reward(mean±std): -4.77 ± 3.21 | Price(mean±std): 21.11 ± 5.13
Episode: 10
Steps per episode: 336
Epsilon 1.0000
Epsilon 0.9866
Epsilon 0.9732
Epsilon 0.9598
Epsilon 0.9464
Epsilon 0.9330
Epsilon 0.9196
Epsilon 0.9062
Epsilon 0.8928
Epsilon 0.8794
Iter 29 | Reward(mean±std): -5.47 ± 3.57 | Price(mean±std): 21.33 ± 3.72
Episode: 10
Steps per episode: 336
Epsilon 1.0000
Epsilon 0.9866
Epsilon 0.9732
Epsilon 0.9598
Epsilon 0.9464
Epsilon 0.9330
Epsilon 0.9196
Epsilon 0.9062
Epsilon 0.8928
Epsilon 0.8794
Iter 30 | Reward(mean±std): -7.54 ± 5.56 | Price(mean±std): 22.65 ± 4.84
Episode: 10
Steps per episode: 336
Epsilon 1.0000
Epsilon 0.9866
Epsilon 0.9732
Epsilon 0.9598
Epsilon 0.9464
Epsilon 0.9330
Epsilon 0.9196
Epsilon 0.9062
Epsilon 0.8928
Epsilon 0.8794
Iter 31 | Reward(mean±std): -3.97 ± 2.32 | Price(mean±std): 19.84 ± 3.72
Episode: 10
Steps per episode: 336
Epsilon 1.0000
Epsilon 0.9866
Epsilon 0.9732
Epsilon 0.9598
Epsilon 0.9464
Epsilon 0.9330
Epsilon 0.9196
Epsilon 0.9062
Epsilon 0.8928
Epsilon 0.8794
Iter 32 | Reward(mean±std): -3.86 ± 2.30 | Price(mean±std): 19.67 ± 3.68
Episode: 10
Steps per episode: 336
Epsilon 1.0000
Epsilon 0.9866
Epsilon 0.9732
Epsilon 0.9598
Epsilon 0.9464
Epsilon 0.9330
Epsilon 0.9196
Epsilon 0.9062
Epsilon 0.8928
Epsilon 0.8794
Iter 33 | Reward(mean±std): -4.26 ± 2.44 | Price(mean±std): 20.10 ± 4.08
Episode: 10
Steps per episode: 336
Epsilon 1.0000
Epsilon 0.9866
Epsilon 0.9732
Epsilon 0.9598
Epsilon 0.9464
Epsilon 0.9330
Epsilon 0.9196
Epsilon 0.9062
Epsilon 0.8928
Epsilon 0.8794
Iter 34 | Reward(mean±std): -5.50 ± 1.90 | Price(mean±std): 22.29 ± 3.05
Episode: 10
Steps per episode: 336
Epsilon 1.0000
Epsilon 0.9866
Epsilon 0.9732
Epsilon 0.9598
Epsilon 0.9464
Epsilon 0.9330
Epsilon 0.9196
Epsilon 0.9062
Epsilon 0.8928
Epsilon 0.8794
Iter 35 | Reward(mean±std): -4.65 ± 1.98 | Price(mean±std): 20.52 ± 3.39
Episode: 10
Steps per episode: 336
Epsilon 1.0000
Epsilon 0.9866
Epsilon 0.9732
Epsilon 0.9598
Epsilon 0.9464
Epsilon 0.9330
Epsilon 0.9196
Epsilon 0.9062
Epsilon 0.8928
Epsilon 0.8794
Iter 36 | Reward(mean±std): -5.49 ± 3.18 | Price(mean±std): 22.28 ± 5.08
Episode: 10
Steps per episode: 336
Epsilon 1.0000
Epsilon 0.9866
Epsilon 0.9732
Epsilon 0.9598
Epsilon 0.9464
Epsilon 0.9330
Epsilon 0.9196
Epsilon 0.9062
Epsilon 0.8928
Epsilon 0.8794
Iter 37 | Reward(mean±std): -4.68 ± 3.26 | Price(mean±std): 20.97 ± 5.22
Episode: 10
Steps per episode: 336
Epsilon 1.0000
Epsilon 0.9866
Epsilon 0.9732
Epsilon 0.9598
Epsilon 0.9464
Epsilon 0.9330
Epsilon 0.9196
Epsilon 0.9062
Epsilon 0.8928
Epsilon 0.8794
Iter 38 | Reward(mean±std): -6.18 ± 2.65 | Price(mean±std): 23.28 ± 4.18
Episode: 10
Steps per episode: 336
Epsilon 1.0000
Epsilon 0.9866
Epsilon 0.9732
Epsilon 0.9598
Epsilon 0.9464
Epsilon 0.9330
Epsilon 0.9196
Epsilon 0.9062
Epsilon 0.8928
Epsilon 0.8794
Iter 39 | Reward(mean±std): -4.01 ± 2.72 | Price(mean±std): 19.90 ± 4.35

Best mean price over checkpoints: 19.67
Last raw mean reward: -4.01
Last smoothed mean reward (window=5): -5.00
  [EXTENDED] final evaluation with best weights...
Deterministic eval: epsilon = 0.0 (greedy)
Episode: 1
Steps per episode: 17535
Epsilon 0.0000
Final price: 1107.30 EUR
    DQN cost: 1107.30 EUR  (improvement: 31.7%  fraction of theoretical: 79.4%)
    Saved user_158_extended_price_comparison.pdf / .png
  [done] user 158 written to CSV.

[27/30]
============================================================
USER 1  (cluster 26)
============================================================
  [setup] imports...
Using Apple Silicon MPS Acceleration

Tensor created on device: mps:0
  [setup] data loading...
  [setup] preprocessing...
Detected step: 30.0 min | KorakovNaDan=48 | BatMaxPolnjenje=3.000 | BatMaxPraznjenje=3.000
Using Scaler: RobustScaler
                           Energy_Consumption  ...  SMP_OutlierFlag
Timestamp_UTC                                  ...                 
2010-07-01 00:30:00+00:00            0.374118  ...              0.0
2010-07-01 01:00:00+00:00            0.769412  ...              0.0
2010-07-01 01:30:00+00:00           -0.143529  ...              0.0
2010-07-01 02:00:00+00:00           -0.054118  ...              0.0
2010-07-01 02:30:00+00:00            0.510588  ...              0.0

[5 rows x 4 columns]
Notebook DQN now uses HouseholdEnvironment directly
  [setup] DQN class & Learning_DQN...
  [baselines] test env + MILP function...
  [baselines] SARSA agents + random DQN eval...
cena po optimizaciji 1575.7973613448962
Random eval: epsilon = 1.0
Episode: 1
Steps per episode: 17535
Epsilon 1.0000
Final price: 2637.09 EUR
  [baselines] no-battery agent...
  [baselines] MILP benchmark (this may take several minutes)...
Building MILP Model...
Solving over 17535 steps... (This may take a moment)

--- MILP Optimization Complete ---
Total Electricity Cost (Inc GST & Fixed): $776.4640
Total RL Equivalent Reward: -44.0991
    No-battery cost: 1265.68 EUR | MILP cost: 776.46 EUR
  [BASIC] training (100 episodes)...
Reset requested: removed old DQN checkpoint.
Episode: 100
Steps per episode: 336
Epsilon 1.0000
Epsilon 0.9942
Epsilon 0.9808
Epsilon 0.9674
Epsilon 0.9540
Epsilon 0.9406
Epsilon 0.9272
Epsilon 0.9138
Epsilon 0.9004
Epsilon 0.8870
Epsilon 0.8736
Epsilon 0.8602
Epsilon 0.8468
Epsilon 0.8334
Epsilon 0.8200
Epsilon 0.8066
Epsilon 0.7932
Epsilon 0.7798
Epsilon 0.7664
Epsilon 0.7530
Epsilon 0.7396
Epsilon 0.7262
Epsilon 0.7128
Epsilon 0.6994
Epsilon 0.6860
Epsilon 0.6726
Epsilon 0.6592
Epsilon 0.6458
Epsilon 0.6324
Epsilon 0.6190
Epsilon 0.6056
Epsilon 0.5922
Epsilon 0.5788
Epsilon 0.5654
Epsilon 0.5520
Epsilon 0.5386
Epsilon 0.5252
Epsilon 0.5118
Epsilon 0.4984
Epsilon 0.4850
Epsilon 0.4716
Epsilon 0.4582
Epsilon 0.4448
Epsilon 0.4314
Epsilon 0.4180
Epsilon 0.4046
Epsilon 0.3912
Epsilon 0.3778
Epsilon 0.3644
Epsilon 0.3510
Epsilon 0.3376
Epsilon 0.3242
Epsilon 0.3108
Epsilon 0.2974
Epsilon 0.2840
Epsilon 0.2706
Epsilon 0.2572
Epsilon 0.2438
Epsilon 0.2304
Epsilon 0.2170
Epsilon 0.2036
Epsilon 0.1902
Epsilon 0.1768
Epsilon 0.1634
Epsilon 0.1500
Epsilon 0.1366
Epsilon 0.1232
Epsilon 0.1098
Epsilon 0.0964
Epsilon 0.0830
Epsilon 0.0696
Epsilon 0.0562
Epsilon 0.0428
Epsilon 0.0294
Epsilon 0.0160
Epsilon 0.0100
Epsilon 0.0100
Epsilon 0.0100
Epsilon 0.0100
Epsilon 0.0100
Epsilon 0.0100
Epsilon 0.0100
Epsilon 0.0100
Epsilon 0.0100
Epsilon 0.0100
Epsilon 0.0100
Epsilon 0.0100
Epsilon 0.0100
Epsilon 0.0100
Epsilon 0.0100
Epsilon 0.0100
Epsilon 0.0100
Epsilon 0.0100
Epsilon 0.0100
Epsilon 0.0100
Epsilon 0.0100
Epsilon 0.0100
Epsilon 0.0100
Epsilon 0.0100
Epsilon 0.0100
  [BASIC] evaluation...
Deterministic eval: epsilon = 0.0 (greedy)
Episode: 1
Steps per episode: 17535
Epsilon 0.0000
Final price: 1033.75 EUR
    DQN cost: 1033.75 EUR  (improvement: 18.3%  fraction of theoretical: 47.4%)
    Saved user_1_basic_price_comparison.pdf / .png
  [EXTENDED] convergence training (40 x 10 episodes with eval)...
Reset requested: removed old DQN checkpoint.
Episode: 10
Steps per episode: 336
Epsilon 1.0000
Epsilon 0.9942
Epsilon 0.9808
Epsilon 0.9674
Epsilon 0.9540
Epsilon 0.9406
Epsilon 0.9272
Epsilon 0.9138
Epsilon 0.9004
Epsilon 0.8870
Episode: 10
Steps per episode: 336
Epsilon 1.0000
Epsilon 0.9866
Epsilon 0.9732
Epsilon 0.9598
Epsilon 0.9464
Epsilon 0.9330
Epsilon 0.9196
Epsilon 0.9062
Epsilon 0.8928
Epsilon 0.8794
Iter 00 | Reward(mean±std): -71.89 ± 16.49 | Price(mean±std): 21.91 ± 2.32
Episode: 10
Steps per episode: 336
Epsilon 1.0000
Epsilon 0.9866
Epsilon 0.9732
Epsilon 0.9598
Epsilon 0.9464
Epsilon 0.9330
Epsilon 0.9196
Epsilon 0.9062
Epsilon 0.8928
Epsilon 0.8794
Iter 01 | Reward(mean±std): -4.34 ± 4.57 | Price(mean±std): 18.53 ± 3.15
Episode: 10
Steps per episode: 336
Epsilon 1.0000
Epsilon 0.9866
Epsilon 0.9732
Epsilon 0.9598
Epsilon 0.9464
Epsilon 0.9330
Epsilon 0.9196
Epsilon 0.9062
Epsilon 0.8928
Epsilon 0.8794
Iter 02 | Reward(mean±std): -8.34 ± 8.14 | Price(mean±std): 21.03 ± 2.54
Episode: 10
Steps per episode: 336
Epsilon 1.0000
Epsilon 0.9866
Epsilon 0.9732
Epsilon 0.9598
Epsilon 0.9464
Epsilon 0.9330
Epsilon 0.9196
Epsilon 0.9062
Epsilon 0.8928
Epsilon 0.8794
Iter 03 | Reward(mean±std): -23.09 ± 33.48 | Price(mean±std): 22.03 ± 2.61
Episode: 10
Steps per episode: 336
Epsilon 1.0000
Epsilon 0.9866
Epsilon 0.9732
Epsilon 0.9598
Epsilon 0.9464
Epsilon 0.9330
Epsilon 0.9196
Epsilon 0.9062
Epsilon 0.8928
Epsilon 0.8794
Iter 04 | Reward(mean±std): -3.78 ± 1.85 | Price(mean±std): 19.54 ± 2.96
Episode: 10
Steps per episode: 336
Epsilon 1.0000
Epsilon 0.9866
Epsilon 0.9732
Epsilon 0.9598
Epsilon 0.9464
Epsilon 0.9330
Epsilon 0.9196
Epsilon 0.9062
Epsilon 0.8928
Epsilon 0.8794
Iter 05 | Reward(mean±std): -11.28 ± 10.03 | Price(mean±std): 19.43 ± 2.89
Episode: 10
Steps per episode: 336
Epsilon 1.0000
Epsilon 0.9866
Epsilon 0.9732
Epsilon 0.9598
Epsilon 0.9464
Epsilon 0.9330
Epsilon 0.9196
Epsilon 0.9062
Epsilon 0.8928
Epsilon 0.8794
Iter 06 | Reward(mean±std): -1.90 ± 1.99 | Price(mean±std): 16.33 ± 3.19
Episode: 10
Steps per episode: 336
Epsilon 1.0000
Epsilon 0.9866
Epsilon 0.9732
Epsilon 0.9598
Epsilon 0.9464
Epsilon 0.9330
Epsilon 0.9196
Epsilon 0.9062
Epsilon 0.8928
Epsilon 0.8794
Iter 07 | Reward(mean±std): -6.89 ± 3.18 | Price(mean±std): 16.92 ± 3.48
Episode: 10
Steps per episode: 336
Epsilon 1.0000
Epsilon 0.9866
Epsilon 0.9732
Epsilon 0.9598
Epsilon 0.9464
Epsilon 0.9330
Epsilon 0.9196
Epsilon 0.9062
Epsilon 0.8928
Epsilon 0.8794
Iter 08 | Reward(mean±std): -42.00 ± 34.01 | Price(mean±std): 19.39 ± 3.73
Episode: 10
Steps per episode: 336
Epsilon 1.0000
Epsilon 0.9866
Epsilon 0.9732
Epsilon 0.9598
Epsilon 0.9464
Epsilon 0.9330
Epsilon 0.9196
Epsilon 0.9062
Epsilon 0.8928
Epsilon 0.8794
Iter 09 | Reward(mean±std): -2.41 ± 2.05 | Price(mean±std): 17.35 ± 3.29
Episode: 10
Steps per episode: 336
Epsilon 1.0000
Epsilon 0.9866
Epsilon 0.9732
Epsilon 0.9598
Epsilon 0.9464
Epsilon 0.9330
Epsilon 0.9196
Epsilon 0.9062
Epsilon 0.8928
Epsilon 0.8794
Iter 10 | Reward(mean±std): -4.64 ± 1.63 | Price(mean±std): 20.82 ± 2.39
Episode: 10
Steps per episode: 336
Epsilon 1.0000
Epsilon 0.9866
Epsilon 0.9732
Epsilon 0.9598
Epsilon 0.9464
Epsilon 0.9330
Epsilon 0.9196
Epsilon 0.9062
Epsilon 0.8928
Epsilon 0.8794
Iter 11 | Reward(mean±std): -3.84 ± 6.42 | Price(mean±std): 16.74 ± 3.27
Episode: 10
Steps per episode: 336
Epsilon 1.0000
Epsilon 0.9866
Epsilon 0.9732
Epsilon 0.9598
Epsilon 0.9464
Epsilon 0.9330
Epsilon 0.9196
Epsilon 0.9062
Epsilon 0.8928
Epsilon 0.8794
Iter 12 | Reward(mean±std): -5.67 ± 3.55 | Price(mean±std): 20.46 ± 2.53
Episode: 10
Steps per episode: 336
Epsilon 1.0000
Epsilon 0.9866
Epsilon 0.9732
Epsilon 0.9598
Epsilon 0.9464
Epsilon 0.9330
Epsilon 0.9196
Epsilon 0.9062
Epsilon 0.8928
Epsilon 0.8794
Iter 13 | Reward(mean±std): -3.56 ± 2.15 | Price(mean±std): 19.08 ± 3.26
Episode: 10
Steps per episode: 336
Epsilon 1.0000
Epsilon 0.9866
Epsilon 0.9732
Epsilon 0.9598
Epsilon 0.9464
Epsilon 0.9330
Epsilon 0.9196
Epsilon 0.9062
Epsilon 0.8928
Epsilon 0.8794
Iter 14 | Reward(mean±std): -4.47 ± 1.78 | Price(mean±std): 20.54 ± 2.89
Episode: 10
Steps per episode: 336
Epsilon 1.0000
Epsilon 0.9866
Epsilon 0.9732
Epsilon 0.9598
Epsilon 0.9464
Epsilon 0.9330
Epsilon 0.9196
Epsilon 0.9062
Epsilon 0.8928
Epsilon 0.8794
Iter 15 | Reward(mean±std): -4.79 ± 1.73 | Price(mean±std): 21.15 ± 2.78
Episode: 10
Steps per episode: 336
Epsilon 1.0000
Epsilon 0.9866
Epsilon 0.9732
Epsilon 0.9598
Epsilon 0.9464
Epsilon 0.9330
Epsilon 0.9196
Epsilon 0.9062
Epsilon 0.8928
Epsilon 0.8794
Iter 16 | Reward(mean±std): -3.19 ± 2.38 | Price(mean±std): 18.59 ± 3.81
Episode: 10
Steps per episode: 336
Epsilon 1.0000
Epsilon 0.9866
Epsilon 0.9732
Epsilon 0.9598
Epsilon 0.9464
Epsilon 0.9330
Epsilon 0.9196
Epsilon 0.9062
Epsilon 0.8928
Epsilon 0.8794
Iter 17 | Reward(mean±std): -10.17 ± 8.29 | Price(mean±std): 21.75 ± 2.44
Episode: 10
Steps per episode: 336
Epsilon 1.0000
Epsilon 0.9866
Epsilon 0.9732
Epsilon 0.9598
Epsilon 0.9464
Epsilon 0.9330
Epsilon 0.9196
Epsilon 0.9062
Epsilon 0.8928
Epsilon 0.8794
Iter 18 | Reward(mean±std): -5.06 ± 1.58 | Price(mean±std): 21.59 ± 2.53
Episode: 10
Steps per episode: 336
Epsilon 1.0000
Epsilon 0.9866
Epsilon 0.9732
Epsilon 0.9598
Epsilon 0.9464
Epsilon 0.9330
Epsilon 0.9196
Epsilon 0.9062
Epsilon 0.8928
Epsilon 0.8794
Iter 19 | Reward(mean±std): -4.09 ± 2.17 | Price(mean±std): 20.03 ± 3.47
Episode: 10
Steps per episode: 336
Epsilon 1.0000
Epsilon 0.9866
Epsilon 0.9732
Epsilon 0.9598
Epsilon 0.9464
Epsilon 0.9330
Epsilon 0.9196
Epsilon 0.9062
Epsilon 0.8928
Epsilon 0.8794
Iter 20 | Reward(mean±std): -5.44 ± 2.87 | Price(mean±std): 21.29 ± 3.11
Episode: 10
Steps per episode: 336
Epsilon 1.0000
Epsilon 0.9866
Epsilon 0.9732
Epsilon 0.9598
Epsilon 0.9464
Epsilon 0.9330
Epsilon 0.9196
Epsilon 0.9062
Epsilon 0.8928
Epsilon 0.8794
Iter 21 | Reward(mean±std): -2.62 ± 2.01 | Price(mean±std): 17.68 ± 3.22
Episode: 10
Steps per episode: 336
Epsilon 1.0000
Epsilon 0.9866
Epsilon 0.9732
Epsilon 0.9598
Epsilon 0.9464
Epsilon 0.9330
Epsilon 0.9196
Epsilon 0.9062
Epsilon 0.8928
Epsilon 0.8794
Iter 22 | Reward(mean±std): -4.50 ± 1.99 | Price(mean±std): 20.58 ± 3.00
Episode: 10
Steps per episode: 336
Epsilon 1.0000
Epsilon 0.9866
Epsilon 0.9732
Epsilon 0.9598
Epsilon 0.9464
Epsilon 0.9330
Epsilon 0.9196
Epsilon 0.9062
Epsilon 0.8928
Epsilon 0.8794
Iter 23 | Reward(mean±std): -7.09 ± 4.74 | Price(mean±std): 22.53 ± 2.32
Episode: 10
Steps per episode: 336
Epsilon 1.0000
Epsilon 0.9866
Epsilon 0.9732
Epsilon 0.9598
Epsilon 0.9464
Epsilon 0.9330
Epsilon 0.9196
Epsilon 0.9062
Epsilon 0.8928
Epsilon 0.8794
Iter 24 | Reward(mean±std): -4.92 ± 1.43 | Price(mean±std): 21.36 ± 2.28
Episode: 10
Steps per episode: 336
Epsilon 1.0000
Epsilon 0.9866
Epsilon 0.9732
Epsilon 0.9598
Epsilon 0.9464
Epsilon 0.9330
Epsilon 0.9196
Epsilon 0.9062
Epsilon 0.8928
Epsilon 0.8794
Iter 25 | Reward(mean±std): -4.67 ± 1.92 | Price(mean±std): 20.95 ± 3.08
Episode: 10
Steps per episode: 336
Epsilon 1.0000
Epsilon 0.9866
Epsilon 0.9732
Epsilon 0.9598
Epsilon 0.9464
Epsilon 0.9330
Epsilon 0.9196
Epsilon 0.9062
Epsilon 0.8928
Epsilon 0.8794
Iter 26 | Reward(mean±std): -4.49 ± 1.80 | Price(mean±std): 20.67 ± 2.87
Episode: 10
Steps per episode: 336
Epsilon 1.0000
Epsilon 0.9866
Epsilon 0.9732
Epsilon 0.9598
Epsilon 0.9464
Epsilon 0.9330
Epsilon 0.9196
Epsilon 0.9062
Epsilon 0.8928
Epsilon 0.8794
Iter 27 | Reward(mean±std): -3.68 ± 1.85 | Price(mean±std): 19.37 ± 2.95
Episode: 10
Steps per episode: 336
Epsilon 1.0000
Epsilon 0.9866
Epsilon 0.9732
Epsilon 0.9598
Epsilon 0.9464
Epsilon 0.9330
Epsilon 0.9196
Epsilon 0.9062
Epsilon 0.8928
Epsilon 0.8794
Iter 28 | Reward(mean±std): -4.31 ± 2.09 | Price(mean±std): 20.38 ± 3.34
Episode: 10
Steps per episode: 336
Epsilon 1.0000
Epsilon 0.9866
Epsilon 0.9732
Epsilon 0.9598
Epsilon 0.9464
Epsilon 0.9330
Epsilon 0.9196
Epsilon 0.9062
Epsilon 0.8928
Epsilon 0.8794
Iter 29 | Reward(mean±std): -1.77 ± 2.05 | Price(mean±std): 16.32 ± 3.29
Episode: 10
Steps per episode: 336
Epsilon 1.0000
Epsilon 0.9866
Epsilon 0.9732
Epsilon 0.9598
Epsilon 0.9464
Epsilon 0.9330
Epsilon 0.9196
Epsilon 0.9062
Epsilon 0.8928
Epsilon 0.8794
Iter 30 | Reward(mean±std): -2.30 ± 2.49 | Price(mean±std): 17.06 ± 3.77
Episode: 10
Steps per episode: 336
Epsilon 1.0000
Epsilon 0.9866
Epsilon 0.9732
Epsilon 0.9598
Epsilon 0.9464
Epsilon 0.9330
Epsilon 0.9196
Epsilon 0.9062
Epsilon 0.8928
Epsilon 0.8794
Iter 31 | Reward(mean±std): -2.18 ± 2.35 | Price(mean±std): 16.97 ± 3.77
Episode: 10
Steps per episode: 336
Epsilon 1.0000
Epsilon 0.9866
Epsilon 0.9732
Epsilon 0.9598
Epsilon 0.9464
Epsilon 0.9330
Epsilon 0.9196
Epsilon 0.9062
Epsilon 0.8928
Epsilon 0.8794
Iter 32 | Reward(mean±std): -79.07 ± 25.96 | Price(mean±std): 21.00 ± 2.38
Episode: 10
Steps per episode: 336
Epsilon 1.0000
Epsilon 0.9866
Epsilon 0.9732
Epsilon 0.9598
Epsilon 0.9464
Epsilon 0.9330
Epsilon 0.9196
Epsilon 0.9062
Epsilon 0.8928
Epsilon 0.8794
Iter 33 | Reward(mean±std): -3.86 ± 1.76 | Price(mean±std): 19.67 ± 2.81
Episode: 10
Steps per episode: 336
Epsilon 1.0000
Epsilon 0.9866
Epsilon 0.9732
Epsilon 0.9598
Epsilon 0.9464
Epsilon 0.9330
Epsilon 0.9196
Epsilon 0.9062
Epsilon 0.8928
Epsilon 0.8794
Iter 34 | Reward(mean±std): -2.06 ± 1.80 | Price(mean±std): 16.78 ± 2.88
Episode: 10
Steps per episode: 336
Epsilon 1.0000
Epsilon 0.9866
Epsilon 0.9732
Epsilon 0.9598
Epsilon 0.9464
Epsilon 0.9330
Epsilon 0.9196
Epsilon 0.9062
Epsilon 0.8928
Epsilon 0.8794
Iter 35 | Reward(mean±std): -4.84 ± 1.66 | Price(mean±std): 21.22 ± 2.66
Episode: 10
Steps per episode: 336
Epsilon 1.0000
Epsilon 0.9866
Epsilon 0.9732
Epsilon 0.9598
Epsilon 0.9464
Epsilon 0.9330
Epsilon 0.9196
Epsilon 0.9062
Epsilon 0.8928
Epsilon 0.8794
Iter 36 | Reward(mean±std): -4.88 ± 1.72 | Price(mean±std): 21.30 ± 2.75
Episode: 10
Steps per episode: 336
Epsilon 1.0000
Epsilon 0.9866
Epsilon 0.9732
Epsilon 0.9598
Epsilon 0.9464
Epsilon 0.9330
Epsilon 0.9196
Epsilon 0.9062
Epsilon 0.8928
Epsilon 0.8794
Iter 37 | Reward(mean±std): -3.89 ± 1.65 | Price(mean±std): 19.72 ± 2.64
Episode: 10
Steps per episode: 336
Epsilon 1.0000
Epsilon 0.9866
Epsilon 0.9732
Epsilon 0.9598
Epsilon 0.9464
Epsilon 0.9330
Epsilon 0.9196
Epsilon 0.9062
Epsilon 0.8928
Epsilon 0.8794
Iter 38 | Reward(mean±std): -4.55 ± 1.68 | Price(mean±std): 20.77 ± 2.69
Episode: 10
Steps per episode: 336
Epsilon 1.0000
Epsilon 0.9866
Epsilon 0.9732
Epsilon 0.9598
Epsilon 0.9464
Epsilon 0.9330
Epsilon 0.9196
Epsilon 0.9062
Epsilon 0.8928
Epsilon 0.8794
Iter 39 | Reward(mean±std): -1.61 ± 2.00 | Price(mean±std): 16.05 ± 3.19

Best mean price over checkpoints: 16.05
Last raw mean reward: -1.61
Last smoothed mean reward (window=5): -3.95
  [EXTENDED] final evaluation with best weights...
Deterministic eval: epsilon = 0.0 (greedy)
Episode: 1
Steps per episode: 17535
Epsilon 0.0000
Final price: 858.75 EUR
    DQN cost: 858.75 EUR  (improvement: 32.2%  fraction of theoretical: 83.2%)
    Saved user_1_extended_price_comparison.pdf / .png
  [done] user 1 written to CSV.

[28/30]
============================================================
USER 204  (cluster 27)
============================================================
  [setup] imports...
Using Apple Silicon MPS Acceleration

Tensor created on device: mps:0
  [setup] data loading...
  [setup] preprocessing...
Detected step: 30.0 min | KorakovNaDan=48 | BatMaxPolnjenje=3.000 | BatMaxPraznjenje=3.000
Using Scaler: RobustScaler
                           Energy_Consumption  ...  SMP_OutlierFlag
Timestamp_UTC                                  ...                 
2010-07-01 00:30:00+00:00            0.084337  ...              0.0
2010-07-01 01:00:00+00:00            0.081325  ...              0.0
2010-07-01 01:30:00+00:00            0.090361  ...              0.0
2010-07-01 02:00:00+00:00            0.240964  ...              0.0
2010-07-01 02:30:00+00:00            0.105422  ...              0.0

[5 rows x 4 columns]
Notebook DQN now uses HouseholdEnvironment directly
  [setup] DQN class & Learning_DQN...
  [baselines] test env + MILP function...
  [baselines] SARSA agents + random DQN eval...
cena po optimizaciji 1396.2643431206388
Random eval: epsilon = 1.0
Episode: 1
Steps per episode: 17535
Epsilon 1.0000
Final price: 2692.63 EUR
  [baselines] no-battery agent...
  [baselines] MILP benchmark (this may take several minutes)...
Building MILP Model...
Solving over 17535 steps... (This may take a moment)

--- MILP Optimization Complete ---
Total Electricity Cost (Inc GST & Fixed): $867.8162
Total RL Equivalent Reward: -101.1942
    No-battery cost: 1167.46 EUR | MILP cost: 867.82 EUR
  [BASIC] training (100 episodes)...
Reset requested: removed old DQN checkpoint.
Episode: 100
Steps per episode: 336
Epsilon 1.0000
Epsilon 0.9942
Epsilon 0.9808
Epsilon 0.9674
Epsilon 0.9540
Epsilon 0.9406
Epsilon 0.9272
Epsilon 0.9138
Epsilon 0.9004
Epsilon 0.8870
Epsilon 0.8736
Epsilon 0.8602
Epsilon 0.8468
Epsilon 0.8334
Epsilon 0.8200
Epsilon 0.8066
Epsilon 0.7932
Epsilon 0.7798
Epsilon 0.7664
Epsilon 0.7530
Epsilon 0.7396
Epsilon 0.7262
Epsilon 0.7128
Epsilon 0.6994
Epsilon 0.6860
Epsilon 0.6726
Epsilon 0.6592
Epsilon 0.6458
Epsilon 0.6324
Epsilon 0.6190
Epsilon 0.6056
Epsilon 0.5922
Epsilon 0.5788
Epsilon 0.5654
Epsilon 0.5520
Epsilon 0.5386
Epsilon 0.5252
Epsilon 0.5118
Epsilon 0.4984
Epsilon 0.4850
Epsilon 0.4716
Epsilon 0.4582
Epsilon 0.4448
Epsilon 0.4314
Epsilon 0.4180
Epsilon 0.4046
Epsilon 0.3912
Epsilon 0.3778
Epsilon 0.3644
Epsilon 0.3510
Epsilon 0.3376
Epsilon 0.3242
Epsilon 0.3108
Epsilon 0.2974
Epsilon 0.2840
Epsilon 0.2706
Epsilon 0.2572
Epsilon 0.2438
Epsilon 0.2304
Epsilon 0.2170
Epsilon 0.2036
Epsilon 0.1902
Epsilon 0.1768
Epsilon 0.1634
Epsilon 0.1500
Epsilon 0.1366
Epsilon 0.1232
Epsilon 0.1098
Epsilon 0.0964
Epsilon 0.0830
Epsilon 0.0696
Epsilon 0.0562
Epsilon 0.0428
Epsilon 0.0294
Epsilon 0.0160
Epsilon 0.0100
Epsilon 0.0100
Epsilon 0.0100
Epsilon 0.0100
Epsilon 0.0100
Epsilon 0.0100
Epsilon 0.0100
Epsilon 0.0100
Epsilon 0.0100
Epsilon 0.0100
Epsilon 0.0100
Epsilon 0.0100
Epsilon 0.0100
Epsilon 0.0100
Epsilon 0.0100
Epsilon 0.0100
Epsilon 0.0100
Epsilon 0.0100
Epsilon 0.0100
Epsilon 0.0100
Epsilon 0.0100
Epsilon 0.0100
Epsilon 0.0100
Epsilon 0.0100
Epsilon 0.0100
  [BASIC] evaluation...
Deterministic eval: epsilon = 0.0 (greedy)
Episode: 1
Steps per episode: 17535
Epsilon 0.0000
Final price: 1096.92 EUR
    DQN cost: 1096.92 EUR  (improvement: 6.0%  fraction of theoretical: 23.5%)
    Saved user_204_basic_price_comparison.pdf / .png
  [EXTENDED] convergence training (40 x 10 episodes with eval)...
Reset requested: removed old DQN checkpoint.
Episode: 10
Steps per episode: 336
Epsilon 1.0000
Epsilon 0.9942
Epsilon 0.9808
Epsilon 0.9674
Epsilon 0.9540
Epsilon 0.9406
Epsilon 0.9272
Epsilon 0.9138
Epsilon 0.9004
Epsilon 0.8870
Episode: 10
Steps per episode: 336
Epsilon 1.0000
Epsilon 0.9866
Epsilon 0.9732
Epsilon 0.9598
Epsilon 0.9464
Epsilon 0.9330
Epsilon 0.9196
Epsilon 0.9062
Epsilon 0.8928
Epsilon 0.8794
Iter 00 | Reward(mean±std): -3.69 ± 0.90 | Price(mean±std): 19.39 ± 1.45
Episode: 10
Steps per episode: 336
Epsilon 1.0000
Epsilon 0.9866
Epsilon 0.9732
Epsilon 0.9598
Epsilon 0.9464
Epsilon 0.9330
Epsilon 0.9196
Epsilon 0.9062
Epsilon 0.8928
Epsilon 0.8794
Iter 01 | Reward(mean±std): -4.21 ± 0.95 | Price(mean±std): 20.23 ± 1.52
Episode: 10
Steps per episode: 336
Epsilon 1.0000
Epsilon 0.9866
Epsilon 0.9732
Epsilon 0.9598
Epsilon 0.9464
Epsilon 0.9330
Epsilon 0.9196
Epsilon 0.9062
Epsilon 0.8928
Epsilon 0.8794
Iter 02 | Reward(mean±std): -3.61 ± 0.71 | Price(mean±std): 19.26 ± 1.14
Episode: 10
Steps per episode: 336
Epsilon 1.0000
Epsilon 0.9866
Epsilon 0.9732
Epsilon 0.9598
Epsilon 0.9464
Epsilon 0.9330
Epsilon 0.9196
Epsilon 0.9062
Epsilon 0.8928
Epsilon 0.8794
Iter 03 | Reward(mean±std): -3.47 ± 0.81 | Price(mean±std): 19.04 ± 1.29
Episode: 10
Steps per episode: 336
Epsilon 1.0000
Epsilon 0.9866
Epsilon 0.9732
Epsilon 0.9598
Epsilon 0.9464
Epsilon 0.9330
Epsilon 0.9196
Epsilon 0.9062
Epsilon 0.8928
Epsilon 0.8794
Iter 04 | Reward(mean±std): -3.78 ± 0.67 | Price(mean±std): 19.53 ± 1.08
Episode: 10
Steps per episode: 336
Epsilon 1.0000
Epsilon 0.9866
Epsilon 0.9732
Epsilon 0.9598
Epsilon 0.9464
Epsilon 0.9330
Epsilon 0.9196
Epsilon 0.9062
Epsilon 0.8928
Epsilon 0.8794
Iter 05 | Reward(mean±std): -4.88 ± 2.93 | Price(mean±std): 19.49 ± 1.04
Episode: 10
Steps per episode: 336
Epsilon 1.0000
Epsilon 0.9866
Epsilon 0.9732
Epsilon 0.9598
Epsilon 0.9464
Epsilon 0.9330
Epsilon 0.9196
Epsilon 0.9062
Epsilon 0.8928
Epsilon 0.8794
Iter 06 | Reward(mean±std): -2.73 ± 0.84 | Price(mean±std): 17.85 ± 1.35
Episode: 10
Steps per episode: 336
Epsilon 1.0000
Epsilon 0.9866
Epsilon 0.9732
Epsilon 0.9598
Epsilon 0.9464
Epsilon 0.9330
Epsilon 0.9196
Epsilon 0.9062
Epsilon 0.8928
Epsilon 0.8794
Iter 07 | Reward(mean±std): -3.20 ± 0.65 | Price(mean±std): 18.61 ± 1.04
Episode: 10
Steps per episode: 336
Epsilon 1.0000
Epsilon 0.9866
Epsilon 0.9732
Epsilon 0.9598
Epsilon 0.9464
Epsilon 0.9330
Epsilon 0.9196
Epsilon 0.9062
Epsilon 0.8928
Epsilon 0.8794
Iter 08 | Reward(mean±std): -3.77 ± 0.81 | Price(mean±std): 19.52 ± 1.30
Episode: 10
Steps per episode: 336
Epsilon 1.0000
Epsilon 0.9866
Epsilon 0.9732
Epsilon 0.9598
Epsilon 0.9464
Epsilon 0.9330
Epsilon 0.9196
Epsilon 0.9062
Epsilon 0.8928
Epsilon 0.8794
Iter 09 | Reward(mean±std): -3.77 ± 0.78 | Price(mean±std): 19.53 ± 1.25
Episode: 10
Steps per episode: 336
Epsilon 1.0000
Epsilon 0.9866
Epsilon 0.9732
Epsilon 0.9598
Epsilon 0.9464
Epsilon 0.9330
Epsilon 0.9196
Epsilon 0.9062
Epsilon 0.8928
Epsilon 0.8794
Iter 10 | Reward(mean±std): -3.74 ± 1.33 | Price(mean±std): 19.47 ± 2.13
Episode: 10
Steps per episode: 336
Epsilon 1.0000
Epsilon 0.9866
Epsilon 0.9732
Epsilon 0.9598
Epsilon 0.9464
Epsilon 0.9330
Epsilon 0.9196
Epsilon 0.9062
Epsilon 0.8928
Epsilon 0.8794
Iter 11 | Reward(mean±std): -3.09 ± 1.01 | Price(mean±std): 18.43 ± 1.62
Episode: 10
Steps per episode: 336
Epsilon 1.0000
Epsilon 0.9866
Epsilon 0.9732
Epsilon 0.9598
Epsilon 0.9464
Epsilon 0.9330
Epsilon 0.9196
Epsilon 0.9062
Epsilon 0.8928
Epsilon 0.8794
Iter 12 | Reward(mean±std): -3.99 ± 0.80 | Price(mean±std): 19.88 ± 1.29
Episode: 10
Steps per episode: 336
Epsilon 1.0000
Epsilon 0.9866
Epsilon 0.9732
Epsilon 0.9598
Epsilon 0.9464
Epsilon 0.9330
Epsilon 0.9196
Epsilon 0.9062
Epsilon 0.8928
Epsilon 0.8794
Iter 13 | Reward(mean±std): -3.93 ± 0.50 | Price(mean±std): 19.77 ± 0.79
Episode: 10
Steps per episode: 336
Epsilon 1.0000
Epsilon 0.9866
Epsilon 0.9732
Epsilon 0.9598
Epsilon 0.9464
Epsilon 0.9330
Epsilon 0.9196
Epsilon 0.9062
Epsilon 0.8928
Epsilon 0.8794
Iter 14 | Reward(mean±std): -3.83 ± 1.00 | Price(mean±std): 19.62 ± 1.60
Episode: 10
Steps per episode: 336
Epsilon 1.0000
Epsilon 0.9866
Epsilon 0.9732
Epsilon 0.9598
Epsilon 0.9464
Epsilon 0.9330
Epsilon 0.9196
Epsilon 0.9062
Epsilon 0.8928
Epsilon 0.8794
Iter 15 | Reward(mean±std): -3.98 ± 0.70 | Price(mean±std): 19.85 ± 1.12
Episode: 10
Steps per episode: 336
Epsilon 1.0000
Epsilon 0.9866
Epsilon 0.9732
Epsilon 0.9598
Epsilon 0.9464
Epsilon 0.9330
Epsilon 0.9196
Epsilon 0.9062
Epsilon 0.8928
Epsilon 0.8794
Iter 16 | Reward(mean±std): -2.94 ± 0.84 | Price(mean±std): 18.20 ± 1.35
Episode: 10
Steps per episode: 336
Epsilon 1.0000
Epsilon 0.9866
Epsilon 0.9732
Epsilon 0.9598
Epsilon 0.9464
Epsilon 0.9330
Epsilon 0.9196
Epsilon 0.9062
Epsilon 0.8928
Epsilon 0.8794
Iter 17 | Reward(mean±std): -2.69 ± 1.00 | Price(mean±std): 17.79 ± 1.61
Episode: 10
Steps per episode: 336
Epsilon 1.0000
Epsilon 0.9866
Epsilon 0.9732
Epsilon 0.9598
Epsilon 0.9464
Epsilon 0.9330
Epsilon 0.9196
Epsilon 0.9062
Epsilon 0.8928
Epsilon 0.8794
Iter 18 | Reward(mean±std): -2.69 ± 0.69 | Price(mean±std): 17.78 ± 1.10
Episode: 10
Steps per episode: 336
Epsilon 1.0000
Epsilon 0.9866
Epsilon 0.9732
Epsilon 0.9598
Epsilon 0.9464
Epsilon 0.9330
Epsilon 0.9196
Epsilon 0.9062
Epsilon 0.8928
Epsilon 0.8794
Iter 19 | Reward(mean±std): -2.71 ± 0.63 | Price(mean±std): 17.83 ± 1.01
Episode: 10
Steps per episode: 336
Epsilon 1.0000
Epsilon 0.9866
Epsilon 0.9732
Epsilon 0.9598
Epsilon 0.9464
Epsilon 0.9330
Epsilon 0.9196
Epsilon 0.9062
Epsilon 0.8928
Epsilon 0.8794
Iter 20 | Reward(mean±std): -3.45 ± 0.80 | Price(mean±std): 19.01 ± 1.27
Episode: 10
Steps per episode: 336
Epsilon 1.0000
Epsilon 0.9866
Epsilon 0.9732
Epsilon 0.9598
Epsilon 0.9464
Epsilon 0.9330
Epsilon 0.9196
Epsilon 0.9062
Epsilon 0.8928
Epsilon 0.8794
Iter 21 | Reward(mean±std): -2.75 ± 0.82 | Price(mean±std): 17.89 ± 1.32
Episode: 10
Steps per episode: 336
Epsilon 1.0000
Epsilon 0.9866
Epsilon 0.9732
Epsilon 0.9598
Epsilon 0.9464
Epsilon 0.9330
Epsilon 0.9196
Epsilon 0.9062
Epsilon 0.8928
Epsilon 0.8794
Iter 22 | Reward(mean±std): -2.61 ± 0.97 | Price(mean±std): 17.66 ± 1.55
Episode: 10
Steps per episode: 336
Epsilon 1.0000
Epsilon 0.9866
Epsilon 0.9732
Epsilon 0.9598
Epsilon 0.9464
Epsilon 0.9330
Epsilon 0.9196
Epsilon 0.9062
Epsilon 0.8928
Epsilon 0.8794
Iter 23 | Reward(mean±std): -2.71 ± 0.83 | Price(mean±std): 17.82 ± 1.33
Episode: 10
Steps per episode: 336
Epsilon 1.0000
Epsilon 0.9866
Epsilon 0.9732
Epsilon 0.9598
Epsilon 0.9464
Epsilon 0.9330
Epsilon 0.9196
Epsilon 0.9062
Epsilon 0.8928
Epsilon 0.8794
Iter 24 | Reward(mean±std): -3.46 ± 0.51 | Price(mean±std): 19.02 ± 0.82
Episode: 10
Steps per episode: 336
Epsilon 1.0000
Epsilon 0.9866
Epsilon 0.9732
Epsilon 0.9598
Epsilon 0.9464
Epsilon 0.9330
Epsilon 0.9196
Epsilon 0.9062
Epsilon 0.8928
Epsilon 0.8794
Iter 25 | Reward(mean±std): -4.45 ± 1.36 | Price(mean±std): 20.60 ± 2.17
Episode: 10
Steps per episode: 336
Epsilon 1.0000
Epsilon 0.9866
Epsilon 0.9732
Epsilon 0.9598
Epsilon 0.9464
Epsilon 0.9330
Epsilon 0.9196
Epsilon 0.9062
Epsilon 0.8928
Epsilon 0.8794
Iter 26 | Reward(mean±std): -2.49 ± 0.47 | Price(mean±std): 17.47 ± 0.75
Episode: 10
Steps per episode: 336
Epsilon 1.0000
Epsilon 0.9866
Epsilon 0.9732
Epsilon 0.9598
Epsilon 0.9464
Epsilon 0.9330
Epsilon 0.9196
Epsilon 0.9062
Epsilon 0.8928
Epsilon 0.8794
Iter 27 | Reward(mean±std): -2.88 ± 0.79 | Price(mean±std): 18.10 ± 1.26
Episode: 10
Steps per episode: 336
Epsilon 1.0000
Epsilon 0.9866
Epsilon 0.9732
Epsilon 0.9598
Epsilon 0.9464
Epsilon 0.9330
Epsilon 0.9196
Epsilon 0.9062
Epsilon 0.8928
Epsilon 0.8794
Iter 28 | Reward(mean±std): -3.35 ± 0.47 | Price(mean±std): 18.85 ± 0.76
Episode: 10
Steps per episode: 336
Epsilon 1.0000
Epsilon 0.9866
Epsilon 0.9732
Epsilon 0.9598
Epsilon 0.9464
Epsilon 0.9330
Epsilon 0.9196
Epsilon 0.9062
Epsilon 0.8928
Epsilon 0.8794
Iter 29 | Reward(mean±std): -4.11 ± 0.64 | Price(mean±std): 20.06 ± 1.03
Episode: 10
Steps per episode: 336
Epsilon 1.0000
Epsilon 0.9866
Epsilon 0.9732
Epsilon 0.9598
Epsilon 0.9464
Epsilon 0.9330
Epsilon 0.9196
Epsilon 0.9062
Epsilon 0.8928
Epsilon 0.8794
Iter 30 | Reward(mean±std): -4.17 ± 0.72 | Price(mean±std): 20.17 ± 1.15
Episode: 10
Steps per episode: 336
Epsilon 1.0000
Epsilon 0.9866
Epsilon 0.9732
Epsilon 0.9598
Epsilon 0.9464
Epsilon 0.9330
Epsilon 0.9196
Epsilon 0.9062
Epsilon 0.8928
Epsilon 0.8794
Iter 31 | Reward(mean±std): -3.75 ± 0.72 | Price(mean±std): 19.48 ± 1.16
Episode: 10
Steps per episode: 336
Epsilon 1.0000
Epsilon 0.9866
Epsilon 0.9732
Epsilon 0.9598
Epsilon 0.9464
Epsilon 0.9330
Epsilon 0.9196
Epsilon 0.9062
Epsilon 0.8928
Epsilon 0.8794
Iter 32 | Reward(mean±std): -3.62 ± 0.77 | Price(mean±std): 19.27 ± 1.23
Episode: 10
Steps per episode: 336
Epsilon 1.0000
Epsilon 0.9866
Epsilon 0.9732
Epsilon 0.9598
Epsilon 0.9464
Epsilon 0.9330
Epsilon 0.9196
Epsilon 0.9062
Epsilon 0.8928
Epsilon 0.8794
Iter 33 | Reward(mean±std): -13.73 ± 5.36 | Price(mean±std): 19.65 ± 1.13
Episode: 10
Steps per episode: 336
Epsilon 1.0000
Epsilon 0.9866
Epsilon 0.9732
Epsilon 0.9598
Epsilon 0.9464
Epsilon 0.9330
Epsilon 0.9196
Epsilon 0.9062
Epsilon 0.8928
Epsilon 0.8794
Iter 34 | Reward(mean±std): -3.05 ± 0.73 | Price(mean±std): 18.36 ± 1.17
Episode: 10
Steps per episode: 336
Epsilon 1.0000
Epsilon 0.9866
Epsilon 0.9732
Epsilon 0.9598
Epsilon 0.9464
Epsilon 0.9330
Epsilon 0.9196
Epsilon 0.9062
Epsilon 0.8928
Epsilon 0.8794
Iter 35 | Reward(mean±std): -4.01 ± 0.82 | Price(mean±std): 19.90 ± 1.31
Episode: 10
Steps per episode: 336
Epsilon 1.0000
Epsilon 0.9866
Epsilon 0.9732
Epsilon 0.9598
Epsilon 0.9464
Epsilon 0.9330
Epsilon 0.9196
Epsilon 0.9062
Epsilon 0.8928
Epsilon 0.8794
Iter 36 | Reward(mean±std): -3.01 ± 0.97 | Price(mean±std): 18.30 ± 1.56
Episode: 10
Steps per episode: 336
Epsilon 1.0000
Epsilon 0.9866
Epsilon 0.9732
Epsilon 0.9598
Epsilon 0.9464
Epsilon 0.9330
Epsilon 0.9196
Epsilon 0.9062
Epsilon 0.8928
Epsilon 0.8794
Iter 37 | Reward(mean±std): -3.27 ± 0.58 | Price(mean±std): 18.72 ± 0.92
Episode: 10
Steps per episode: 336
Epsilon 1.0000
Epsilon 0.9866
Epsilon 0.9732
Epsilon 0.9598
Epsilon 0.9464
Epsilon 0.9330
Epsilon 0.9196
Epsilon 0.9062
Epsilon 0.8928
Epsilon 0.8794
Iter 38 | Reward(mean±std): -3.99 ± 0.88 | Price(mean±std): 19.87 ± 1.40
Episode: 10
Steps per episode: 336
Epsilon 1.0000
Epsilon 0.9866
Epsilon 0.9732
Epsilon 0.9598
Epsilon 0.9464
Epsilon 0.9330
Epsilon 0.9196
Epsilon 0.9062
Epsilon 0.8928
Epsilon 0.8794
Iter 39 | Reward(mean±std): -3.31 ± 1.16 | Price(mean±std): 18.79 ± 1.85

Best mean price over checkpoints: 17.47
Last raw mean reward: -3.31
Last smoothed mean reward (window=5): -3.52
  [EXTENDED] final evaluation with best weights...
Deterministic eval: epsilon = 0.0 (greedy)
Episode: 1
Steps per episode: 17535
Epsilon 0.0000
Final price: 974.51 EUR
    DQN cost: 974.51 EUR  (improvement: 16.5%  fraction of theoretical: 64.4%)
    Saved user_204_extended_price_comparison.pdf / .png
  [done] user 204 written to CSV.

[29/30]
============================================================
USER 247  (cluster 28)
============================================================
  [setup] imports...
Using Apple Silicon MPS Acceleration

Tensor created on device: mps:0
  [setup] data loading...
  [setup] preprocessing...
Detected step: 30.0 min | KorakovNaDan=48 | BatMaxPolnjenje=3.000 | BatMaxPraznjenje=3.000
Using Scaler: RobustScaler
                           Energy_Consumption  ...  SMP_OutlierFlag
Timestamp_UTC                                  ...                 
2010-07-01 00:30:00+00:00            0.377358  ...              0.0
2010-07-01 01:00:00+00:00            0.650943  ...              0.0
2010-07-01 01:30:00+00:00            0.589623  ...              0.0
2010-07-01 02:00:00+00:00            0.207547  ...              0.0
2010-07-01 02:30:00+00:00            0.132075  ...              0.0

[5 rows x 4 columns]
Notebook DQN now uses HouseholdEnvironment directly
  [setup] DQN class & Learning_DQN...
  [baselines] test env + MILP function...
  [baselines] SARSA agents + random DQN eval...
cena po optimizaciji 1411.7096568513196
Random eval: epsilon = 1.0
Episode: 1
Steps per episode: 17535
Epsilon 1.0000
Final price: 2703.81 EUR
  [baselines] no-battery agent...
  [baselines] MILP benchmark (this may take several minutes)...
Building MILP Model...
Solving over 17535 steps... (This may take a moment)

--- MILP Optimization Complete ---
Total Electricity Cost (Inc GST & Fixed): $871.4260
Total RL Equivalent Reward: -103.4503
    No-battery cost: 1154.82 EUR | MILP cost: 871.43 EUR
  [BASIC] training (100 episodes)...
Reset requested: removed old DQN checkpoint.
Episode: 100
Steps per episode: 336
Epsilon 1.0000
Epsilon 0.9942
Epsilon 0.9808
Epsilon 0.9674
Epsilon 0.9540
Epsilon 0.9406
Epsilon 0.9272
Epsilon 0.9138
Epsilon 0.9004
Epsilon 0.8870
Epsilon 0.8736
Epsilon 0.8602
Epsilon 0.8468
Epsilon 0.8334
Epsilon 0.8200
Epsilon 0.8066
Epsilon 0.7932
Epsilon 0.7798
Epsilon 0.7664
Epsilon 0.7530
Epsilon 0.7396
Epsilon 0.7262
Epsilon 0.7128
Epsilon 0.6994
Epsilon 0.6860
Epsilon 0.6726
Epsilon 0.6592
Epsilon 0.6458
Epsilon 0.6324
Epsilon 0.6190
Epsilon 0.6056
Epsilon 0.5922
Epsilon 0.5788
Epsilon 0.5654
Epsilon 0.5520
Epsilon 0.5386
Epsilon 0.5252
Epsilon 0.5118
Epsilon 0.4984
Epsilon 0.4850
Epsilon 0.4716
Epsilon 0.4582
Epsilon 0.4448
Epsilon 0.4314
Epsilon 0.4180
Epsilon 0.4046
Epsilon 0.3912
Epsilon 0.3778
Epsilon 0.3644
Epsilon 0.3510
Epsilon 0.3376
Epsilon 0.3242
Epsilon 0.3108
Epsilon 0.2974
Epsilon 0.2840
Epsilon 0.2706
Epsilon 0.2572
Epsilon 0.2438
Epsilon 0.2304
Epsilon 0.2170
Epsilon 0.2036
Epsilon 0.1902
Epsilon 0.1768
Epsilon 0.1634
Epsilon 0.1500
Epsilon 0.1366
Epsilon 0.1232
Epsilon 0.1098
Epsilon 0.0964
Epsilon 0.0830
Epsilon 0.0696
Epsilon 0.0562
Epsilon 0.0428
Epsilon 0.0294
Epsilon 0.0160
Epsilon 0.0100
Epsilon 0.0100
Epsilon 0.0100
Epsilon 0.0100
Epsilon 0.0100
Epsilon 0.0100
Epsilon 0.0100
Epsilon 0.0100
Epsilon 0.0100
Epsilon 0.0100
Epsilon 0.0100
Epsilon 0.0100
Epsilon 0.0100
Epsilon 0.0100
Epsilon 0.0100
Epsilon 0.0100
Epsilon 0.0100
Epsilon 0.0100
Epsilon 0.0100
Epsilon 0.0100
Epsilon 0.0100
Epsilon 0.0100
Epsilon 0.0100
Epsilon 0.0100
Epsilon 0.0100
  [BASIC] evaluation...
Deterministic eval: epsilon = 0.0 (greedy)
Episode: 1
Steps per episode: 17535
Epsilon 0.0000
Final price: 1128.27 EUR
    DQN cost: 1128.27 EUR  (improvement: 2.3%  fraction of theoretical: 9.4%)
    Saved user_247_basic_price_comparison.pdf / .png
  [EXTENDED] convergence training (40 x 10 episodes with eval)...
Reset requested: removed old DQN checkpoint.
Episode: 10
Steps per episode: 336
Epsilon 1.0000
Epsilon 0.9942
Epsilon 0.9808
Epsilon 0.9674
Epsilon 0.9540
Epsilon 0.9406
Epsilon 0.9272
Epsilon 0.9138
Epsilon 0.9004
Epsilon 0.8870
Episode: 10
Steps per episode: 336
Epsilon 1.0000
Epsilon 0.9866
Epsilon 0.9732
Epsilon 0.9598
Epsilon 0.9464
Epsilon 0.9330
Epsilon 0.9196
Epsilon 0.9062
Epsilon 0.8928
Epsilon 0.8794
Iter 00 | Reward(mean±std): -4.82 ± 2.34 | Price(mean±std): 21.19 ± 3.74
Episode: 10
Steps per episode: 336
Epsilon 1.0000
Epsilon 0.9866
Epsilon 0.9732
Epsilon 0.9598
Epsilon 0.9464
Epsilon 0.9330
Epsilon 0.9196
Epsilon 0.9062
Epsilon 0.8928
Epsilon 0.8794
Iter 01 | Reward(mean±std): -4.36 ± 2.49 | Price(mean±std): 20.47 ± 3.99
Episode: 10
Steps per episode: 336
Epsilon 1.0000
Epsilon 0.9866
Epsilon 0.9732
Epsilon 0.9598
Epsilon 0.9464
Epsilon 0.9330
Epsilon 0.9196
Epsilon 0.9062
Epsilon 0.8928
Epsilon 0.8794
Iter 02 | Reward(mean±std): -4.78 ± 2.59 | Price(mean±std): 21.13 ± 4.14
Episode: 10
Steps per episode: 336
Epsilon 1.0000
Epsilon 0.9866
Epsilon 0.9732
Epsilon 0.9598
Epsilon 0.9464
Epsilon 0.9330
Epsilon 0.9196
Epsilon 0.9062
Epsilon 0.8928
Epsilon 0.8794
Iter 03 | Reward(mean±std): -5.24 ± 2.51 | Price(mean±std): 21.86 ± 4.02
Episode: 10
Steps per episode: 336
Epsilon 1.0000
Epsilon 0.9866
Epsilon 0.9732
Epsilon 0.9598
Epsilon 0.9464
Epsilon 0.9330
Epsilon 0.9196
Epsilon 0.9062
Epsilon 0.8928
Epsilon 0.8794
Iter 04 | Reward(mean±std): -5.50 ± 3.78 | Price(mean±std): 21.38 ± 4.14
Episode: 10
Steps per episode: 336
Epsilon 1.0000
Epsilon 0.9866
Epsilon 0.9732
Epsilon 0.9598
Epsilon 0.9464
Epsilon 0.9330
Epsilon 0.9196
Epsilon 0.9062
Epsilon 0.8928
Epsilon 0.8794
Iter 05 | Reward(mean±std): -5.21 ± 2.55 | Price(mean±std): 21.82 ± 4.08
Episode: 10
Steps per episode: 336
Epsilon 1.0000
Epsilon 0.9866
Epsilon 0.9732
Epsilon 0.9598
Epsilon 0.9464
Epsilon 0.9330
Epsilon 0.9196
Epsilon 0.9062
Epsilon 0.8928
Epsilon 0.8794
Iter 06 | Reward(mean±std): -4.89 ± 3.74 | Price(mean±std): 20.31 ± 4.23
Episode: 10
Steps per episode: 336
Epsilon 1.0000
Epsilon 0.9866
Epsilon 0.9732
Epsilon 0.9598
Epsilon 0.9464
Epsilon 0.9330
Epsilon 0.9196
Epsilon 0.9062
Epsilon 0.8928
Epsilon 0.8794
Iter 07 | Reward(mean±std): -4.66 ± 2.47 | Price(mean±std): 20.95 ± 3.95
Episode: 10
Steps per episode: 336
Epsilon 1.0000
Epsilon 0.9866
Epsilon 0.9732
Epsilon 0.9598
Epsilon 0.9464
Epsilon 0.9330
Epsilon 0.9196
Epsilon 0.9062
Epsilon 0.8928
Epsilon 0.8794
Iter 08 | Reward(mean±std): -14.56 ± 22.98 | Price(mean±std): 20.28 ± 4.13
Episode: 10
Steps per episode: 336
Epsilon 1.0000
Epsilon 0.9866
Epsilon 0.9732
Epsilon 0.9598
Epsilon 0.9464
Epsilon 0.9330
Epsilon 0.9196
Epsilon 0.9062
Epsilon 0.8928
Epsilon 0.8794
Iter 09 | Reward(mean±std): -4.73 ± 2.51 | Price(mean±std): 21.05 ± 4.02
Episode: 10
Steps per episode: 336
Epsilon 1.0000
Epsilon 0.9866
Epsilon 0.9732
Epsilon 0.9598
Epsilon 0.9464
Epsilon 0.9330
Epsilon 0.9196
Epsilon 0.9062
Epsilon 0.8928
Epsilon 0.8794
Iter 10 | Reward(mean±std): -4.03 ± 2.53 | Price(mean±std): 19.93 ± 4.04
Episode: 10
Steps per episode: 336
Epsilon 1.0000
Epsilon 0.9866
Epsilon 0.9732
Epsilon 0.9598
Epsilon 0.9464
Epsilon 0.9330
Epsilon 0.9196
Epsilon 0.9062
Epsilon 0.8928
Epsilon 0.8794
Iter 11 | Reward(mean±std): -4.72 ± 2.71 | Price(mean±std): 20.94 ± 4.14
Episode: 10
Steps per episode: 336
Epsilon 1.0000
Epsilon 0.9866
Epsilon 0.9732
Epsilon 0.9598
Epsilon 0.9464
Epsilon 0.9330
Epsilon 0.9196
Epsilon 0.9062
Epsilon 0.8928
Epsilon 0.8794
Iter 12 | Reward(mean±std): -3.84 ± 2.40 | Price(mean±std): 19.64 ± 3.84
Episode: 10
Steps per episode: 336
Epsilon 1.0000
Epsilon 0.9866
Epsilon 0.9732
Epsilon 0.9598
Epsilon 0.9464
Epsilon 0.9330
Epsilon 0.9196
Epsilon 0.9062
Epsilon 0.8928
Epsilon 0.8794
Iter 13 | Reward(mean±std): -7.63 ± 6.90 | Price(mean±std): 24.30 ± 8.37
Episode: 10
Steps per episode: 336
Epsilon 1.0000
Epsilon 0.9866
Epsilon 0.9732
Epsilon 0.9598
Epsilon 0.9464
Epsilon 0.9330
Epsilon 0.9196
Epsilon 0.9062
Epsilon 0.8928
Epsilon 0.8794
Iter 14 | Reward(mean±std): -6.72 ± 8.10 | Price(mean±std): 20.93 ± 4.92
Episode: 10
Steps per episode: 336
Epsilon 1.0000
Epsilon 0.9866
Epsilon 0.9732
Epsilon 0.9598
Epsilon 0.9464
Epsilon 0.9330
Epsilon 0.9196
Epsilon 0.9062
Epsilon 0.8928
Epsilon 0.8794
Iter 15 | Reward(mean±std): -4.75 ± 2.59 | Price(mean±std): 21.08 ± 4.15
Episode: 10
Steps per episode: 336
Epsilon 1.0000
Epsilon 0.9866
Epsilon 0.9732
Epsilon 0.9598
Epsilon 0.9464
Epsilon 0.9330
Epsilon 0.9196
Epsilon 0.9062
Epsilon 0.8928
Epsilon 0.8794
Iter 16 | Reward(mean±std): -4.39 ± 2.19 | Price(mean±std): 20.51 ± 3.51
Episode: 10
Steps per episode: 336
Epsilon 1.0000
Epsilon 0.9866
Epsilon 0.9732
Epsilon 0.9598
Epsilon 0.9464
Epsilon 0.9330
Epsilon 0.9196
Epsilon 0.9062
Epsilon 0.8928
Epsilon 0.8794
Iter 17 | Reward(mean±std): -4.69 ± 2.48 | Price(mean±std): 20.98 ± 3.97
Episode: 10
Steps per episode: 336
Epsilon 1.0000
Epsilon 0.9866
Epsilon 0.9732
Epsilon 0.9598
Epsilon 0.9464
Epsilon 0.9330
Epsilon 0.9196
Epsilon 0.9062
Epsilon 0.8928
Epsilon 0.8794
Iter 18 | Reward(mean±std): -3.83 ± 2.38 | Price(mean±std): 19.61 ± 3.81
Episode: 10
Steps per episode: 336
Epsilon 1.0000
Epsilon 0.9866
Epsilon 0.9732
Epsilon 0.9598
Epsilon 0.9464
Epsilon 0.9330
Epsilon 0.9196
Epsilon 0.9062
Epsilon 0.8928
Epsilon 0.8794
Iter 19 | Reward(mean±std): -4.44 ± 2.62 | Price(mean±std): 20.58 ± 4.19
Episode: 10
Steps per episode: 336
Epsilon 1.0000
Epsilon 0.9866
Epsilon 0.9732
Epsilon 0.9598
Epsilon 0.9464
Epsilon 0.9330
Epsilon 0.9196
Epsilon 0.9062
Epsilon 0.8928
Epsilon 0.8794
Iter 20 | Reward(mean±std): -3.84 ± 2.20 | Price(mean±std): 19.64 ± 3.53
Episode: 10
Steps per episode: 336
Epsilon 1.0000
Epsilon 0.9866
Epsilon 0.9732
Epsilon 0.9598
Epsilon 0.9464
Epsilon 0.9330
Epsilon 0.9196
Epsilon 0.9062
Epsilon 0.8928
Epsilon 0.8794
Iter 21 | Reward(mean±std): -4.96 ± 2.73 | Price(mean±std): 21.33 ± 4.17
Episode: 10
Steps per episode: 336
Epsilon 1.0000
Epsilon 0.9866
Epsilon 0.9732
Epsilon 0.9598
Epsilon 0.9464
Epsilon 0.9330
Epsilon 0.9196
Epsilon 0.9062
Epsilon 0.8928
Epsilon 0.8794
Iter 22 | Reward(mean±std): -4.03 ± 2.67 | Price(mean±std): 19.93 ± 4.27
Episode: 10
Steps per episode: 336
Epsilon 1.0000
Epsilon 0.9866
Epsilon 0.9732
Epsilon 0.9598
Epsilon 0.9464
Epsilon 0.9330
Epsilon 0.9196
Epsilon 0.9062
Epsilon 0.8928
Epsilon 0.8794
Iter 23 | Reward(mean±std): -4.78 ± 2.70 | Price(mean±std): 21.14 ± 4.32
Episode: 10
Steps per episode: 336
Epsilon 1.0000
Epsilon 0.9866
Epsilon 0.9732
Epsilon 0.9598
Epsilon 0.9464
Epsilon 0.9330
Epsilon 0.9196
Epsilon 0.9062
Epsilon 0.8928
Epsilon 0.8794
Iter 24 | Reward(mean±std): -4.03 ± 2.36 | Price(mean±std): 19.93 ± 3.78
Episode: 10
Steps per episode: 336
Epsilon 1.0000
Epsilon 0.9866
Epsilon 0.9732
Epsilon 0.9598
Epsilon 0.9464
Epsilon 0.9330
Epsilon 0.9196
Epsilon 0.9062
Epsilon 0.8928
Epsilon 0.8794
Iter 25 | Reward(mean±std): -4.42 ± 2.51 | Price(mean±std): 20.55 ± 4.02
Episode: 10
Steps per episode: 336
Epsilon 1.0000
Epsilon 0.9866
Epsilon 0.9732
Epsilon 0.9598
Epsilon 0.9464
Epsilon 0.9330
Epsilon 0.9196
Epsilon 0.9062
Epsilon 0.8928
Epsilon 0.8794
Iter 26 | Reward(mean±std): -3.43 ± 1.89 | Price(mean±std): 18.98 ± 3.02
Episode: 10
Steps per episode: 336
Epsilon 1.0000
Epsilon 0.9866
Epsilon 0.9732
Epsilon 0.9598
Epsilon 0.9464
Epsilon 0.9330
Epsilon 0.9196
Epsilon 0.9062
Epsilon 0.8928
Epsilon 0.8794
Iter 27 | Reward(mean±std): -4.16 ± 2.91 | Price(mean±std): 20.05 ± 4.44
Episode: 10
Steps per episode: 336
Epsilon 1.0000
Epsilon 0.9866
Epsilon 0.9732
Epsilon 0.9598
Epsilon 0.9464
Epsilon 0.9330
Epsilon 0.9196
Epsilon 0.9062
Epsilon 0.8928
Epsilon 0.8794
Iter 28 | Reward(mean±std): -6.69 ± 8.29 | Price(mean±std): 20.40 ± 4.03
Episode: 10
Steps per episode: 336
Epsilon 1.0000
Epsilon 0.9866
Epsilon 0.9732
Epsilon 0.9598
Epsilon 0.9464
Epsilon 0.9330
Epsilon 0.9196
Epsilon 0.9062
Epsilon 0.8928
Epsilon 0.8794
Iter 29 | Reward(mean±std): -5.63 ± 2.74 | Price(mean±std): 22.49 ± 4.38
Episode: 10
Steps per episode: 336
Epsilon 1.0000
Epsilon 0.9866
Epsilon 0.9732
Epsilon 0.9598
Epsilon 0.9464
Epsilon 0.9330
Epsilon 0.9196
Epsilon 0.9062
Epsilon 0.8928
Epsilon 0.8794
Iter 30 | Reward(mean±std): -4.29 ± 2.68 | Price(mean±std): 20.35 ± 4.29
Episode: 10
Steps per episode: 336
Epsilon 1.0000
Epsilon 0.9866
Epsilon 0.9732
Epsilon 0.9598
Epsilon 0.9464
Epsilon 0.9330
Epsilon 0.9196
Epsilon 0.9062
Epsilon 0.8928
Epsilon 0.8794
Iter 31 | Reward(mean±std): -5.71 ± 2.73 | Price(mean±std): 22.43 ± 4.26
Episode: 10
Steps per episode: 336
Epsilon 1.0000
Epsilon 0.9866
Epsilon 0.9732
Epsilon 0.9598
Epsilon 0.9464
Epsilon 0.9330
Epsilon 0.9196
Epsilon 0.9062
Epsilon 0.8928
Epsilon 0.8794
Iter 32 | Reward(mean±std): -3.85 ± 2.22 | Price(mean±std): 19.64 ± 3.56
Episode: 10
Steps per episode: 336
Epsilon 1.0000
Epsilon 0.9866
Epsilon 0.9732
Epsilon 0.9598
Epsilon 0.9464
Epsilon 0.9330
Epsilon 0.9196
Epsilon 0.9062
Epsilon 0.8928
Epsilon 0.8794
Iter 33 | Reward(mean±std): -3.80 ± 2.49 | Price(mean±std): 19.57 ± 3.99
Episode: 10
Steps per episode: 336
Epsilon 1.0000
Epsilon 0.9866
Epsilon 0.9732
Epsilon 0.9598
Epsilon 0.9464
Epsilon 0.9330
Epsilon 0.9196
Epsilon 0.9062
Epsilon 0.8928
Epsilon 0.8794
Iter 34 | Reward(mean±std): -4.14 ± 2.44 | Price(mean±std): 20.11 ± 3.90
Episode: 10
Steps per episode: 336
Epsilon 1.0000
Epsilon 0.9866
Epsilon 0.9732
Epsilon 0.9598
Epsilon 0.9464
Epsilon 0.9330
Epsilon 0.9196
Epsilon 0.9062
Epsilon 0.8928
Epsilon 0.8794
Iter 35 | Reward(mean±std): -3.55 ± 2.25 | Price(mean±std): 19.17 ± 3.59
Episode: 10
Steps per episode: 336
Epsilon 1.0000
Epsilon 0.9866
Epsilon 0.9732
Epsilon 0.9598
Epsilon 0.9464
Epsilon 0.9330
Epsilon 0.9196
Epsilon 0.9062
Epsilon 0.8928
Epsilon 0.8794
Iter 36 | Reward(mean±std): -3.11 ± 1.75 | Price(mean±std): 18.46 ± 2.80
Episode: 10
Steps per episode: 336
Epsilon 1.0000
Epsilon 0.9866
Epsilon 0.9732
Epsilon 0.9598
Epsilon 0.9464
Epsilon 0.9330
Epsilon 0.9196
Epsilon 0.9062
Epsilon 0.8928
Epsilon 0.8794
Iter 37 | Reward(mean±std): -3.75 ± 2.43 | Price(mean±std): 19.48 ± 3.89
Episode: 10
Steps per episode: 336
Epsilon 1.0000
Epsilon 0.9866
Epsilon 0.9732
Epsilon 0.9598
Epsilon 0.9464
Epsilon 0.9330
Epsilon 0.9196
Epsilon 0.9062
Epsilon 0.8928
Epsilon 0.8794
Iter 38 | Reward(mean±std): -3.99 ± 2.54 | Price(mean±std): 19.86 ± 4.06
Episode: 10
Steps per episode: 336
Epsilon 1.0000
Epsilon 0.9866
Epsilon 0.9732
Epsilon 0.9598
Epsilon 0.9464
Epsilon 0.9330
Epsilon 0.9196
Epsilon 0.9062
Epsilon 0.8928
Epsilon 0.8794
Iter 39 | Reward(mean±std): -3.75 ± 2.35 | Price(mean±std): 19.48 ± 3.75

Best mean price over checkpoints: 18.46
Last raw mean reward: -3.75
Last smoothed mean reward (window=5): -3.63
  [EXTENDED] final evaluation with best weights...
Deterministic eval: epsilon = 0.0 (greedy)
Episode: 1
Steps per episode: 17535
Epsilon 0.0000
Final price: 995.61 EUR
    DQN cost: 995.61 EUR  (improvement: 13.8%  fraction of theoretical: 56.2%)
    Saved user_247_extended_price_comparison.pdf / .png
  [done] user 247 written to CSV.

[30/30]
============================================================
USER 137  (cluster 29)
============================================================
  [setup] imports...
Using Apple Silicon MPS Acceleration

Tensor created on device: mps:0
  [setup] data loading...
  [setup] preprocessing...
Detected step: 30.0 min | KorakovNaDan=48 | BatMaxPolnjenje=3.000 | BatMaxPraznjenje=3.000
Using Scaler: RobustScaler
                           Energy_Consumption  ...  SMP_OutlierFlag
Timestamp_UTC                                  ...                 
2010-07-01 00:30:00+00:00           -0.097113  ...              0.0
2010-07-01 01:00:00+00:00           -0.165354  ...              0.0
2010-07-01 01:30:00+00:00           -0.020997  ...              0.0
2010-07-01 02:00:00+00:00           -0.196850  ...              0.0
2010-07-01 02:30:00+00:00           -0.049869  ...              0.0

[5 rows x 4 columns]
Notebook DQN now uses HouseholdEnvironment directly
  [setup] DQN class & Learning_DQN...
  [baselines] test env + MILP function...
  [baselines] SARSA agents + random DQN eval...
cena po optimizaciji 1772.6278816220336
Random eval: epsilon = 1.0
Episode: 1
Steps per episode: 17535
Epsilon 1.0000
Final price: 2902.26 EUR
  [baselines] no-battery agent...
  [baselines] MILP benchmark (this may take several minutes)...
Building MILP Model...
Solving over 17535 steps... (This may take a moment)

--- MILP Optimization Complete ---
Total Electricity Cost (Inc GST & Fixed): $1014.1635
Total RL Equivalent Reward: -192.6613
    No-battery cost: 1464.75 EUR | MILP cost: 1014.16 EUR
  [BASIC] training (100 episodes)...
Reset requested: removed old DQN checkpoint.
Episode: 100
Steps per episode: 336
Epsilon 1.0000
Epsilon 0.9942
Epsilon 0.9808
Epsilon 0.9674
Epsilon 0.9540
Epsilon 0.9406
Epsilon 0.9272
Epsilon 0.9138
Epsilon 0.9004
Epsilon 0.8870
Epsilon 0.8736
Epsilon 0.8602
Epsilon 0.8468
Epsilon 0.8334
Epsilon 0.8200
Epsilon 0.8066
Epsilon 0.7932
Epsilon 0.7798
Epsilon 0.7664
Epsilon 0.7530
Epsilon 0.7396
Epsilon 0.7262
Epsilon 0.7128
Epsilon 0.6994
Epsilon 0.6860
Epsilon 0.6726
Epsilon 0.6592
Epsilon 0.6458
Epsilon 0.6324
Epsilon 0.6190
Epsilon 0.6056
Epsilon 0.5922
Epsilon 0.5788
Epsilon 0.5654
Epsilon 0.5520
Epsilon 0.5386
Epsilon 0.5252
Epsilon 0.5118
Epsilon 0.4984
Epsilon 0.4850
Epsilon 0.4716
Epsilon 0.4582
Epsilon 0.4448
Epsilon 0.4314
Epsilon 0.4180
Epsilon 0.4046
Epsilon 0.3912
Epsilon 0.3778
Epsilon 0.3644
Epsilon 0.3510
Epsilon 0.3376
Epsilon 0.3242
Epsilon 0.3108
Epsilon 0.2974
Epsilon 0.2840
Epsilon 0.2706
Epsilon 0.2572
Epsilon 0.2438
Epsilon 0.2304
Epsilon 0.2170
Epsilon 0.2036
Epsilon 0.1902
Epsilon 0.1768
Epsilon 0.1634
Epsilon 0.1500
Epsilon 0.1366
Epsilon 0.1232
Epsilon 0.1098
Epsilon 0.0964
Epsilon 0.0830
Epsilon 0.0696
Epsilon 0.0562
Epsilon 0.0428
Epsilon 0.0294
Epsilon 0.0160
Epsilon 0.0100
Epsilon 0.0100
Epsilon 0.0100
Epsilon 0.0100
Epsilon 0.0100
Epsilon 0.0100
Epsilon 0.0100
Epsilon 0.0100
Epsilon 0.0100
Epsilon 0.0100
Epsilon 0.0100
Epsilon 0.0100
Epsilon 0.0100
Epsilon 0.0100
Epsilon 0.0100
Epsilon 0.0100
Epsilon 0.0100
Epsilon 0.0100
Epsilon 0.0100
Epsilon 0.0100
Epsilon 0.0100
Epsilon 0.0100
Epsilon 0.0100
Epsilon 0.0100
Epsilon 0.0100
  [BASIC] evaluation...
Deterministic eval: epsilon = 0.0 (greedy)
Episode: 1
Steps per episode: 17535
Epsilon 0.0000
Final price: 1413.78 EUR
    DQN cost: 1413.78 EUR  (improvement: 3.5%  fraction of theoretical: 11.3%)
    Saved user_137_basic_price_comparison.pdf / .png
  [EXTENDED] convergence training (40 x 10 episodes with eval)...
Reset requested: removed old DQN checkpoint.
Episode: 10
Steps per episode: 336
Epsilon 1.0000
Epsilon 0.9942
Epsilon 0.9808
Epsilon 0.9674
Epsilon 0.9540
Epsilon 0.9406
Epsilon 0.9272
Epsilon 0.9138
Epsilon 0.9004
Epsilon 0.8870
Episode: 10
Steps per episode: 336
Epsilon 1.0000
Epsilon 0.9866
Epsilon 0.9732
Epsilon 0.9598
Epsilon 0.9464
Epsilon 0.9330
Epsilon 0.9196
Epsilon 0.9062
Epsilon 0.8928
Epsilon 0.8794
Iter 00 | Reward(mean±std): -108.05 ± 34.95 | Price(mean±std): 27.27 ± 8.03
Episode: 10
Steps per episode: 336
Epsilon 1.0000
Epsilon 0.9866
Epsilon 0.9732
Epsilon 0.9598
Epsilon 0.9464
Epsilon 0.9330
Epsilon 0.9196
Epsilon 0.9062
Epsilon 0.8928
Epsilon 0.8794
Iter 01 | Reward(mean±std): -8.17 ± 5.08 | Price(mean±std): 26.56 ± 8.13
Episode: 10
Steps per episode: 336
Epsilon 1.0000
Epsilon 0.9866
Epsilon 0.9732
Epsilon 0.9598
Epsilon 0.9464
Epsilon 0.9330
Epsilon 0.9196
Epsilon 0.9062
Epsilon 0.8928
Epsilon 0.8794
Iter 02 | Reward(mean±std): -12.26 ± 8.80 | Price(mean±std): 25.80 ± 6.69
Episode: 10
Steps per episode: 336
Epsilon 1.0000
Epsilon 0.9866
Epsilon 0.9732
Epsilon 0.9598
Epsilon 0.9464
Epsilon 0.9330
Epsilon 0.9196
Epsilon 0.9062
Epsilon 0.8928
Epsilon 0.8794
Iter 03 | Reward(mean±std): -13.58 ± 5.99 | Price(mean±std): 26.52 ± 6.69
Episode: 10
Steps per episode: 336
Epsilon 1.0000
Epsilon 0.9866
Epsilon 0.9732
Epsilon 0.9598
Epsilon 0.9464
Epsilon 0.9330
Epsilon 0.9196
Epsilon 0.9062
Epsilon 0.8928
Epsilon 0.8794
Iter 04 | Reward(mean±std): -8.08 ± 3.93 | Price(mean±std): 26.41 ± 6.28
Episode: 10
Steps per episode: 336
Epsilon 1.0000
Epsilon 0.9866
Epsilon 0.9732
Epsilon 0.9598
Epsilon 0.9464
Epsilon 0.9330
Epsilon 0.9196
Epsilon 0.9062
Epsilon 0.8928
Epsilon 0.8794
Iter 05 | Reward(mean±std): -6.96 ± 4.44 | Price(mean±std): 24.62 ± 7.11
Episode: 10
Steps per episode: 336
Epsilon 1.0000
Epsilon 0.9866
Epsilon 0.9732
Epsilon 0.9598
Epsilon 0.9464
Epsilon 0.9330
Epsilon 0.9196
Epsilon 0.9062
Epsilon 0.8928
Epsilon 0.8794
Iter 06 | Reward(mean±std): -7.21 ± 4.74 | Price(mean±std): 25.02 ± 7.58
Episode: 10
Steps per episode: 336
Epsilon 1.0000
Epsilon 0.9866
Epsilon 0.9732
Epsilon 0.9598
Epsilon 0.9464
Epsilon 0.9330
Epsilon 0.9196
Epsilon 0.9062
Epsilon 0.8928
Epsilon 0.8794
Iter 07 | Reward(mean±std): -7.83 ± 4.62 | Price(mean±std): 26.02 ± 7.39
Episode: 10
Steps per episode: 336
Epsilon 1.0000
Epsilon 0.9866
Epsilon 0.9732
Epsilon 0.9598
Epsilon 0.9464
Epsilon 0.9330
Epsilon 0.9196
Epsilon 0.9062
Epsilon 0.8928
Epsilon 0.8794
Iter 08 | Reward(mean±std): -8.19 ± 5.63 | Price(mean±std): 26.59 ± 9.01
Episode: 10
Steps per episode: 336
Epsilon 1.0000
Epsilon 0.9866
Epsilon 0.9732
Epsilon 0.9598
Epsilon 0.9464
Epsilon 0.9330
Epsilon 0.9196
Epsilon 0.9062
Epsilon 0.8928
Epsilon 0.8794
Iter 09 | Reward(mean±std): -8.48 ± 5.39 | Price(mean±std): 27.05 ± 8.62
Episode: 10
Steps per episode: 336
Epsilon 1.0000
Epsilon 0.9866
Epsilon 0.9732
Epsilon 0.9598
Epsilon 0.9464
Epsilon 0.9330
Epsilon 0.9196
Epsilon 0.9062
Epsilon 0.8928
Epsilon 0.8794
Iter 10 | Reward(mean±std): -6.63 ± 3.34 | Price(mean±std): 24.10 ± 5.35
Episode: 10
Steps per episode: 336
Epsilon 1.0000
Epsilon 0.9866
Epsilon 0.9732
Epsilon 0.9598
Epsilon 0.9464
Epsilon 0.9330
Epsilon 0.9196
Epsilon 0.9062
Epsilon 0.8928
Epsilon 0.8794
Iter 11 | Reward(mean±std): -7.02 ± 3.99 | Price(mean±std): 24.72 ± 6.38
Episode: 10
Steps per episode: 336
Epsilon 1.0000
Epsilon 0.9866
Epsilon 0.9732
Epsilon 0.9598
Epsilon 0.9464
Epsilon 0.9330
Epsilon 0.9196
Epsilon 0.9062
Epsilon 0.8928
Epsilon 0.8794
Iter 12 | Reward(mean±std): -8.31 ± 4.85 | Price(mean±std): 26.79 ± 7.76
Episode: 10
Steps per episode: 336
Epsilon 1.0000
Epsilon 0.9866
Epsilon 0.9732
Epsilon 0.9598
Epsilon 0.9464
Epsilon 0.9330
Epsilon 0.9196
Epsilon 0.9062
Epsilon 0.8928
Epsilon 0.8794
Iter 13 | Reward(mean±std): -8.09 ± 5.52 | Price(mean±std): 26.23 ± 8.35
Episode: 10
Steps per episode: 336
Epsilon 1.0000
Epsilon 0.9866
Epsilon 0.9732
Epsilon 0.9598
Epsilon 0.9464
Epsilon 0.9330
Epsilon 0.9196
Epsilon 0.9062
Epsilon 0.8928
Epsilon 0.8794
Iter 14 | Reward(mean±std): -7.50 ± 5.03 | Price(mean±std): 25.49 ± 8.04
Episode: 10
Steps per episode: 336
Epsilon 1.0000
Epsilon 0.9866
Epsilon 0.9732
Epsilon 0.9598
Epsilon 0.9464
Epsilon 0.9330
Epsilon 0.9196
Epsilon 0.9062
Epsilon 0.8928
Epsilon 0.8794
Iter 15 | Reward(mean±std): -7.36 ± 4.51 | Price(mean±std): 25.27 ± 7.22
Episode: 10
Steps per episode: 336
Epsilon 1.0000
Epsilon 0.9866
Epsilon 0.9732
Epsilon 0.9598
Epsilon 0.9464
Epsilon 0.9330
Epsilon 0.9196
Epsilon 0.9062
Epsilon 0.8928
Epsilon 0.8794
Iter 16 | Reward(mean±std): -6.86 ± 3.47 | Price(mean±std): 24.46 ± 5.54
Episode: 10
Steps per episode: 336
Epsilon 1.0000
Epsilon 0.9866
Epsilon 0.9732
Epsilon 0.9598
Epsilon 0.9464
Epsilon 0.9330
Epsilon 0.9196
Epsilon 0.9062
Epsilon 0.8928
Epsilon 0.8794
Iter 17 | Reward(mean±std): -6.25 ± 3.10 | Price(mean±std): 23.49 ± 4.95
Episode: 10
Steps per episode: 336
Epsilon 1.0000
Epsilon 0.9866
Epsilon 0.9732
Epsilon 0.9598
Epsilon 0.9464
Epsilon 0.9330
Epsilon 0.9196
Epsilon 0.9062
Epsilon 0.8928
Epsilon 0.8794
Iter 18 | Reward(mean±std): -7.99 ± 4.85 | Price(mean±std): 26.26 ± 7.76
Episode: 10
Steps per episode: 336
Epsilon 1.0000
Epsilon 0.9866
Epsilon 0.9732
Epsilon 0.9598
Epsilon 0.9464
Epsilon 0.9330
Epsilon 0.9196
Epsilon 0.9062
Epsilon 0.8928
Epsilon 0.8794
Iter 19 | Reward(mean±std): -7.72 ± 5.32 | Price(mean±std): 25.84 ± 8.52
Episode: 10
Steps per episode: 336
Epsilon 1.0000
Epsilon 0.9866
Epsilon 0.9732
Epsilon 0.9598
Epsilon 0.9464
Epsilon 0.9330
Epsilon 0.9196
Epsilon 0.9062
Epsilon 0.8928
Epsilon 0.8794
Iter 20 | Reward(mean±std): -6.19 ± 3.68 | Price(mean±std): 23.38 ± 5.89
Episode: 10
Steps per episode: 336
Epsilon 1.0000
Epsilon 0.9866
Epsilon 0.9732
Epsilon 0.9598
Epsilon 0.9464
Epsilon 0.9330
Epsilon 0.9196
Epsilon 0.9062
Epsilon 0.8928
Epsilon 0.8794
Iter 21 | Reward(mean±std): -7.20 ± 3.97 | Price(mean±std): 25.01 ± 6.35
Episode: 10
Steps per episode: 336
Epsilon 1.0000
Epsilon 0.9866
Epsilon 0.9732
Epsilon 0.9598
Epsilon 0.9464
Epsilon 0.9330
Epsilon 0.9196
Epsilon 0.9062
Epsilon 0.8928
Epsilon 0.8794
Iter 22 | Reward(mean±std): -7.56 ± 5.04 | Price(mean±std): 25.19 ± 7.13
Episode: 10
Steps per episode: 336
Epsilon 1.0000
Epsilon 0.9866
Epsilon 0.9732
Epsilon 0.9598
Epsilon 0.9464
Epsilon 0.9330
Epsilon 0.9196
Epsilon 0.9062
Epsilon 0.8928
Epsilon 0.8794
Iter 23 | Reward(mean±std): -6.73 ± 3.86 | Price(mean±std): 24.26 ± 6.17
Episode: 10
Steps per episode: 336
Epsilon 1.0000
Epsilon 0.9866
Epsilon 0.9732
Epsilon 0.9598
Epsilon 0.9464
Epsilon 0.9330
Epsilon 0.9196
Epsilon 0.9062
Epsilon 0.8928
Epsilon 0.8794
Iter 24 | Reward(mean±std): -7.27 ± 4.58 | Price(mean±std): 25.13 ± 7.33
Episode: 10
Steps per episode: 336
Epsilon 1.0000
Epsilon 0.9866
Epsilon 0.9732
Epsilon 0.9598
Epsilon 0.9464
Epsilon 0.9330
Epsilon 0.9196
Epsilon 0.9062
Epsilon 0.8928
Epsilon 0.8794
Iter 25 | Reward(mean±std): -6.57 ± 4.52 | Price(mean±std): 24.00 ± 7.23
Episode: 10
Steps per episode: 336
Epsilon 1.0000
Epsilon 0.9866
Epsilon 0.9732
Epsilon 0.9598
Epsilon 0.9464
Epsilon 0.9330
Epsilon 0.9196
Epsilon 0.9062
Epsilon 0.8928
Epsilon 0.8794
Iter 26 | Reward(mean±std): -6.48 ± 3.59 | Price(mean±std): 23.86 ± 5.75
Episode: 10
Steps per episode: 336
Epsilon 1.0000
Epsilon 0.9866
Epsilon 0.9732
Epsilon 0.9598
Epsilon 0.9464
Epsilon 0.9330
Epsilon 0.9196
Epsilon 0.9062
Epsilon 0.8928
Epsilon 0.8794
Iter 27 | Reward(mean±std): -14.41 ± 17.45 | Price(mean±std): 25.34 ± 7.77
Episode: 10
Steps per episode: 336
Epsilon 1.0000
Epsilon 0.9866
Epsilon 0.9732
Epsilon 0.9598
Epsilon 0.9464
Epsilon 0.9330
Epsilon 0.9196
Epsilon 0.9062
Epsilon 0.8928
Epsilon 0.8794
Iter 28 | Reward(mean±std): -8.21 ± 4.98 | Price(mean±std): 26.63 ± 7.97
Episode: 10
Steps per episode: 336
Epsilon 1.0000
Epsilon 0.9866
Epsilon 0.9732
Epsilon 0.9598
Epsilon 0.9464
Epsilon 0.9330
Epsilon 0.9196
Epsilon 0.9062
Epsilon 0.8928
Epsilon 0.8794
Iter 29 | Reward(mean±std): -8.66 ± 5.25 | Price(mean±std): 27.34 ± 8.39
Episode: 10
Steps per episode: 336
Epsilon 1.0000
Epsilon 0.9866
Epsilon 0.9732
Epsilon 0.9598
Epsilon 0.9464
Epsilon 0.9330
Epsilon 0.9196
Epsilon 0.9062
Epsilon 0.8928
Epsilon 0.8794
Iter 30 | Reward(mean±std): -7.77 ± 4.88 | Price(mean±std): 25.91 ± 7.81
Episode: 10
Steps per episode: 336
Epsilon 1.0000
Epsilon 0.9866
Epsilon 0.9732
Epsilon 0.9598
Epsilon 0.9464
Epsilon 0.9330
Epsilon 0.9196
Epsilon 0.9062
Epsilon 0.8928
Epsilon 0.8794
Iter 31 | Reward(mean±std): -6.58 ± 4.48 | Price(mean±std): 23.81 ± 6.67
Episode: 10
Steps per episode: 336
Epsilon 1.0000
Epsilon 0.9866
Epsilon 0.9732
Epsilon 0.9598
Epsilon 0.9464
Epsilon 0.9330
Epsilon 0.9196
Epsilon 0.9062
Epsilon 0.8928
Epsilon 0.8794
Iter 32 | Reward(mean±std): -6.84 ± 4.45 | Price(mean±std): 24.43 ± 7.12
Episode: 10
Steps per episode: 336
Epsilon 1.0000
Epsilon 0.9866
Epsilon 0.9732
Epsilon 0.9598
Epsilon 0.9464
Epsilon 0.9330
Epsilon 0.9196
Epsilon 0.9062
Epsilon 0.8928
Epsilon 0.8794
Iter 33 | Reward(mean±std): -6.30 ± 3.73 | Price(mean±std): 23.46 ± 5.75
Episode: 10
Steps per episode: 336
Epsilon 1.0000
Epsilon 0.9866
Epsilon 0.9732
Epsilon 0.9598
Epsilon 0.9464
Epsilon 0.9330
Epsilon 0.9196
Epsilon 0.9062
Epsilon 0.8928
Epsilon 0.8794
Iter 34 | Reward(mean±std): -5.99 ± 3.52 | Price(mean±std): 23.07 ± 5.63
Episode: 10
Steps per episode: 336
Epsilon 1.0000
Epsilon 0.9866
Epsilon 0.9732
Epsilon 0.9598
Epsilon 0.9464
Epsilon 0.9330
Epsilon 0.9196
Epsilon 0.9062
Epsilon 0.8928
Epsilon 0.8794
Iter 35 | Reward(mean±std): -13.45 ± 9.17 | Price(mean±std): 27.20 ± 8.07
Episode: 10
Steps per episode: 336
Epsilon 1.0000
Epsilon 0.9866
Epsilon 0.9732
Epsilon 0.9598
Epsilon 0.9464
Epsilon 0.9330
Epsilon 0.9196
Epsilon 0.9062
Epsilon 0.8928
Epsilon 0.8794
Iter 36 | Reward(mean±std): -7.05 ± 4.79 | Price(mean±std): 24.27 ± 6.45
Episode: 10
Steps per episode: 336
Epsilon 1.0000
Epsilon 0.9866
Epsilon 0.9732
Epsilon 0.9598
Epsilon 0.9464
Epsilon 0.9330
Epsilon 0.9196
Epsilon 0.9062
Epsilon 0.8928
Epsilon 0.8794
Iter 37 | Reward(mean±std): -7.06 ± 4.91 | Price(mean±std): 24.78 ± 7.86
Episode: 10
Steps per episode: 336
Epsilon 1.0000
Epsilon 0.9866
Epsilon 0.9732
Epsilon 0.9598
Epsilon 0.9464
Epsilon 0.9330
Epsilon 0.9196
Epsilon 0.9062
Epsilon 0.8928
Epsilon 0.8794
Iter 38 | Reward(mean±std): -7.78 ± 6.06 | Price(mean±std): 24.93 ± 7.82
Episode: 10
Steps per episode: 336
Epsilon 1.0000
Epsilon 0.9866
Epsilon 0.9732
Epsilon 0.9598
Epsilon 0.9464
Epsilon 0.9330
Epsilon 0.9196
Epsilon 0.9062
Epsilon 0.8928
Epsilon 0.8794
Iter 39 | Reward(mean±std): -6.61 ± 3.30 | Price(mean±std): 23.27 ± 5.65

Best mean price over checkpoints: 23.07
Last raw mean reward: -6.61
Last smoothed mean reward (window=5): -8.39
  [EXTENDED] final evaluation with best weights...
Deterministic eval: epsilon = 0.0 (greedy)
Episode: 1
Steps per episode: 17535
Epsilon 0.0000
Final price: 1217.74 EUR
    DQN cost: 1217.74 EUR  (improvement: 16.9%  fraction of theoretical: 54.8%)
    Saved user_137_extended_price_comparison.pdf / .png
  [done] user 137 written to CSV.

============================================================
Batch complete. Results in: /Users/summerscholl/Documents/ERK-2026/Andraz/Local model resoults
 user_id  cluster_id  no_battery_cost   milp_cost  basic_dqn_cost  basic_dqn_reward  basic_dqn_improvement_pct  basic_milp_improvement_pct  basic_dqn_gap_vs_milp_pct  basic_dqn_fraction_theoretical_pct  extended_dqn_cost  extended_dqn_reward  extended_dqn_improvement_pct  extended_dqn_gap_vs_milp_pct  extended_dqn_fraction_theoretical_pct
     138           0      1505.524605 1054.548207     1328.024719       -559.349660                  11.789903                   29.954768                  25.933050                           39.359019        1336.934833          -397.918481                     11.198075                     26.777972                              37.383280
     138           0      1505.524605 1054.548207     1407.735148      -1094.168678                   6.495374                   29.954768                  33.491778                           21.683941        1335.212467          -393.842002                     11.312478                     26.614645                              37.765200
     127           1      1195.039381  923.941559     1188.759241       -301.808736                   0.525517                   22.685263                  28.661735                            2.316559        1053.744093          -217.924269                     11.823484                     14.048782                              52.119669
     127           1      1195.039381  923.941559     1163.981400       -287.322585                   2.598909                   22.685263                  25.979981                           11.456374        1011.681698          -191.135272                     15.343234                      9.496287                              67.635248
      65           2      1367.034051  986.158163     1294.791768       -368.079066                   5.284600                   27.861478                  31.296562                           18.967408        1140.334156          -271.543058                     16.583339                     15.634003                              59.520674
      65           2      1367.034051  986.158163     1315.363711       -468.436530                   3.779741                   27.861478                  33.382632                           13.566188        1094.193101          -242.704899                     19.958607                     10.955133                              71.635133
     148           3      1614.656240 1057.815375     1530.356547       -635.307052                   5.220907                   34.486651                  44.671422                           15.138920        1261.184118          -544.074285                     21.891478                     19.225353                              63.478122
     148           3      1614.656240 1057.815375     1553.994587      -1139.080827                   3.756939                   34.486651                  46.906031                           10.893894        1340.387606          -427.576464                     16.986194                     26.712812                              49.254401
     223           4      1324.484143  874.762840     1286.053056       -362.617371                   2.901589                   33.954450                  47.017340                            8.545534         993.750630          -179.928354                     24.970742                     13.602291                              73.541883
     223           4      1324.484143  874.762840     1263.957317       -348.807534                   4.569842                   33.954450                  44.491428                           13.458741        1018.431584          -204.353950                     23.107303                     16.423736                              68.053827
     179           5      1183.536504  900.781441     1044.506753       -230.650931                  11.746976                   23.890692                  15.955625                           49.169677        1006.404791          -187.837205                     14.966308                     11.725747                              62.644931
     179           5      1183.536504  900.781441     1166.120975       -326.659820                   1.471482                   23.890692                  29.456594                            6.159228        1047.340609          -213.422091                     11.507536                     16.270225                              48.167447
     261           6      1044.962701  839.551718     1037.171476      -4400.066383                   0.745598                   19.657255                  23.538724                            3.792993         906.948575          -125.677070                     13.207565                      8.027719                              67.189263
     261           6      1044.962701  839.551718      991.044503       -178.237025                   5.159820                   19.657255                  18.044485                           26.248936         924.994675          -136.955883                     11.480604                     10.177212                              58.403900
     142           7      1071.219380  791.818726      931.785516       -141.200158                  13.016369                   26.082487                  17.676620                           49.904630         876.041376          -106.860070                     18.220171                     10.636607                              69.855958
     142           7      1071.219380  791.818726      926.749094       -138.052394                  13.486527                   26.082487                  17.040563                           51.707211         885.777096          -112.444896                     17.311326                     11.866147                              66.371457
     128           8      1306.376888  967.800755     1275.091571       -360.766442                   2.394816                   25.917186                  31.751455                            9.240261        1017.007584          -194.463951                     22.150522                      5.084397                              85.466539
     128           8      1306.376888  967.800755     1235.889202       -570.264962                   5.395662                   25.917186                  27.700789                           20.818858        1043.908368          -211.276941                     20.091332                      7.863975                              77.521270
     168           9      1030.313675  806.536184      984.383942       -186.074174                   4.457840                   21.719356                  22.050810                           20.524733         887.336869          -113.419754                     13.877017                     10.018234                              63.892398
     168           9      1030.313675  806.536184      981.027034       -171.976107                   4.783654                   21.719356                  21.634597                           22.024843         876.646793          -106.738456                     14.914573                      8.692804                              68.669499
     249          10      1633.205087 1032.446353     1233.626953       -348.851056                  24.465888                   36.784035                  19.485816                           66.512247        1136.347617          -269.051471                     30.422234                     10.063599                              82.704993
     249          10      1633.205087 1032.446353     1602.522140       -594.410548                   1.878695                   36.784035                  55.216020                            5.107366        1134.457960          -267.870436                     30.537936                      9.880572                              83.019538
      81          11       975.252749  779.388422      975.821011      -1671.222343                  -0.058268                   20.083443                  25.203427                           -0.290130         827.075873          -135.756631                     15.193690                      6.118573                              75.652815
      81          11       975.252749  779.388422      969.403834       -463.711607                   0.599733                   20.083443                  24.380066                            2.986207         848.831587           -89.353952                     12.962913                      8.909956                              64.545272
     104          12      2116.761776 1554.231587     1891.156000       -759.306711                  10.658062                   26.575035                  21.677877                           40.105541        1805.518055          -687.282995                     14.703767                     16.167891                              55.329248
     104          12      2116.761776 1554.231587     2085.346522       -862.175787                   1.484119                   26.575035                  34.172188                            5.584634        1862.359272          -741.808755                     12.018476                     19.825082                              45.224685
     172          13      1187.675492  898.078664     1174.709846       -293.527864                   1.091683                   24.383498                  30.802556                            4.477137        1017.523274          -194.786257                     14.326491                     13.300016                              58.754863
     172          13      1187.675492  898.078664     1151.395007       -278.456090                   3.054747                   24.383498                  28.206476                           12.527929        1020.150631          -196.428355                     14.105272                     13.592570                              57.847616
      29          14      1265.113246  880.640177     1413.775669      -2750.444004                 -11.750918                   30.390407                  60.539538                          -38.666538         990.841415          -178.110095                     21.679627                     12.513764                              71.337072
      29          14      1265.113246  880.640177     1304.091910      -2384.891654                  -3.081042                   30.390407                  48.084535                          -10.138204        1063.585944          -223.575425                     15.929586                     20.774179                              52.416494
      27          15      1323.001087  979.696443     1294.233853      -6864.730369                   2.174392                   25.948931                  32.105599                            8.379506        1124.408318          -262.089409                     15.010779                     14.771093                              57.847388
      27          15      1323.001087  979.696443     1350.124100      -1658.161773                  -2.050113                   25.948931                  37.810452                           -7.900567        1073.327458          -229.663872                     18.871763                      9.557146                              72.726552
     156          16      1448.546399 1034.939443     1369.710252       -420.403118                   5.442432                   28.553242                  32.346898                           19.060643        1129.041025          -264.484851                     22.056965                      9.092472                              77.248549
     156          16      1448.546399 1034.939443     1353.953349       -407.055053                   6.530205                   28.553242                  30.824403                           22.870275        1219.669992          -321.127955                     15.800419                     17.849407                              55.336692
     180          17      1249.214555  859.233642     1223.826414      -2250.725719                   2.032328                   31.218089                  42.432320                            6.510098         989.977010          -181.569842                     20.752043                     15.216277                              66.474419
     180          17      1249.214555  859.233642     1136.778994       -347.821082                   9.000500                   31.218089                  32.301500                           28.831042        1105.990878          -250.578509                     11.465098                     28.718293                              36.725817
      21          18      1882.847718 1231.530338     1731.914847       -641.280990                   8.016202                   34.592143                  40.631115                           23.173475        1409.863392          -439.998830                     25.120689                     14.480606                              72.619638
      21          18      1882.847718 1231.530338     1673.531762       -604.791562                  11.116988                   34.592143                  35.890421                           32.137321        1440.035115          -458.856157                     23.518238                     16.930543                              67.987224
     290          19      1418.849502  977.138094     1316.275819      -1118.506598                   7.229356                   31.131660                  34.707246                           23.221878        1052.659588          -219.246453                     25.808933                      7.728846                              82.902526
     290          19      1418.849502  977.138094     1305.683649       -395.386491                   7.975888                   31.131660                  33.623247                           25.619862        1200.838325          -309.858164                     15.365349                     22.893410                              49.356021
      66          20      1000.186961  789.580259      960.690185       -159.265576                   3.948939                   21.056733                  21.670999                           18.753808         863.791500           -98.703898                     13.636997                      9.398822                              64.763115
      66          20      1000.186961  789.580259      943.875002       -148.756087                   5.630143                   21.056733                  19.541363                           26.737971         860.569020           -96.689848                     13.959184                      8.990696                              66.293209
     240          21      1116.405738  855.399519     1046.188094       -355.201769                   6.289617                   23.379154                  22.304031                           26.902671         954.966803          -155.688463                     14.460597                     11.639857                              61.852524
     240          21      1116.405738  855.399519     1060.185575       -260.950195                   5.035818                   23.379154                  23.940399                           21.539779         944.192112          -168.454281                     15.425720                     10.380248                              65.980660
     113          22      1311.089511  947.835454     1113.702486       -255.398264                  15.055191                   27.706274                  17.499560                           54.338560        1125.981378          -263.072572                     14.118650                     18.795026                              50.958311
     113          22      1311.089511  947.835454     1263.859695       -482.246520                   3.602333                   27.706274                  33.341678                           13.001869        1055.752174          -218.679320                     19.475202                     11.385597                              70.291668
      67          23      1265.488636  849.920711     1040.418503       -272.595775                  17.785235                   32.838535                  22.413596                           54.159650        1011.833979          -191.230447                     20.044009                     19.050397                              61.038074
      67          23      1265.488636  849.920711     1235.575015      -2342.568595                   2.363800                   32.838535                  45.375327                            7.198251         995.755936          -183.181671                     21.314510                     17.158686                              64.907007
       5          24      1119.503154  888.107038     1082.283594       -235.261457                   3.324650                   20.669537                  21.864094                           16.084782        1053.644055          -217.361745                      5.882886                     18.639309                              28.461627
       5          24      1119.503154  888.107038     1062.975515       -269.693907                   5.049351                   20.669537                  19.690023                           24.428949         969.750888          -164.928516                     13.376672                      9.193019                              64.716845
     158          25      1622.216865  973.370498     1247.013958       -338.217934                  23.129023                   39.997511                  28.112981                           57.826155        1150.834992          -278.106081                     29.057883                     18.231957                              72.649227
     158          25      1622.216865  973.370498     1586.891796      -3658.641583                   2.177580                   39.997511                  63.030603                            5.444289        1107.303255          -250.898745                     31.741355                     13.759689                              79.358325
       1          26      1265.677376  776.464021     1165.412462       -852.716999                   7.921838                   38.652295                  50.092268                           20.495130         901.063656          -121.998996                     28.807793                     16.047058                              74.530615
       1          26      1265.677376  776.464021     1033.753384       -558.430076                  18.324100                   38.652295                  33.136032                           47.407535         858.751690           -95.554017                     32.150822                     10.597744                              83.179595
     204          27      1167.455474  867.816188     1054.494110       -383.393029                   9.675861                   25.666014                  21.511228                           37.699117         958.607808          -157.964090                     17.889133                     10.462080                              69.699694
     204          27      1167.455474  867.816188     1096.924676       -251.912133                   6.041412                   25.666014                  26.400578                           23.538568         974.514670          -167.905879                     16.526609                     12.295055                              64.391024
     247          28      1154.815006  871.425984     1111.893084       -254.267388                   3.716779                   24.539777                  27.594667                           15.145937        1023.089029          -198.264854                     11.406673                     17.404008                              46.482385
     247          28      1154.815006  871.425984     1128.268112       -282.501780                   2.298801                   24.539777                  29.473774                            9.367651         995.608608          -181.089591                     13.786312                     14.250507                              56.179451
     137          29      1464.746899 1014.163528     1444.440354      -1553.109432                   1.386352                   30.761859                  42.426770                            4.506723        1102.793328          -248.080041                     24.710998                      8.739202                              80.329989
     137          29      1464.746899 1014.163528     1413.781385      -3193.447576                   3.479476                   30.761859                  39.403690                           11.311007        1217.735042          -320.918612                     16.863791                     20.072849                              54.820456
